-- --------------------------------------------------------
-- Host:                         s41.hekko.net.pl
-- Server version:               5.5.44-37.3 - Source distribution
-- Server OS:                    Linux
-- HeidiSQL Version:             9.1.0.4867
-- --------------------------------------------------------

/*!40101 SET @OLD_CHARACTER_SET_CLIENT=@@CHARACTER_SET_CLIENT */;
/*!40101 SET NAMES utf8mb4 */;
/*!40014 SET @OLD_FOREIGN_KEY_CHECKS=@@FOREIGN_KEY_CHECKS, FOREIGN_KEY_CHECKS=0 */;
/*!40101 SET @OLD_SQL_MODE=@@SQL_MODE, SQL_MODE='NO_AUTO_VALUE_ON_ZERO' */;

-- Dumping structure for table switkrze_rally.car_car
DROP TABLE IF EXISTS `car_car`;
CREATE TABLE IF NOT EXISTS `car_car` (
  `id` int(11) NOT NULL AUTO_INCREMENT,
  `model_id` bigint(20) DEFAULT NULL,
  `name` varchar(255) DEFAULT NULL,
  `team_id` bigint(20) DEFAULT NULL,
  `mileage` bigint(20) DEFAULT NULL,
  `value` bigint(20) DEFAULT NULL,
  `upkeep` bigint(20) DEFAULT NULL,
  `last_season_value_id` bigint(20) DEFAULT NULL,
  `on_market` tinyint(1) NOT NULL DEFAULT '0',
  `created_at` datetime NOT NULL,
  `updated_at` datetime NOT NULL,
  `deleted_at` datetime DEFAULT NULL,
  `last_name_change` datetime DEFAULT NULL,
  PRIMARY KEY (`id`)
) ENGINE=MyISAM AUTO_INCREMENT=45 DEFAULT CHARSET=utf8;

-- Dumping data for table switkrze_rally.car_car: 42 rows
DELETE FROM `car_car`;
/*!40000 ALTER TABLE `car_car` DISABLE KEYS */;
INSERT INTO `car_car` (`id`, `model_id`, `name`, `team_id`, `mileage`, `value`, `upkeep`, `last_season_value_id`, `on_market`, `created_at`, `updated_at`, `deleted_at`, `last_name_change`) VALUES
	(2, 19, 'No name', 2, 0, 165000, 24750, 0, 0, '2015-08-25 17:14:14', '2015-08-28 18:00:58', NULL, '2015-08-28 18:00:58'),
	(3, 6, 'CC 01', 3, 468, 123000, 18450, 0, 0, '2015-08-25 18:57:06', '2015-09-01 11:00:01', NULL, '2015-08-30 11:25:23'),
	(4, 16, 'Toyota Celica GT-Four ST205 #2733', 4, 468, 115000, 17250, 0, 0, '2015-08-25 19:07:54', '2015-09-01 11:00:01', NULL, NULL),
	(5, 24, 'Seal no 1', 5, 237, 133000, 19950, 0, 0, '2015-08-26 06:44:07', '2015-09-01 11:00:01', NULL, '2015-08-27 11:00:27'),
	(6, 16, 'GTFour ST205', 6, 0, 115000, 17250, 0, 0, '2015-08-26 08:37:46', '2015-08-28 00:31:00', NULL, '2015-08-28 00:31:00'),
	(7, 6, 'Mitsubishi', 7, 237, 123000, 18450, 0, 0, '2015-08-26 10:22:59', '2015-09-01 11:00:01', NULL, '2015-08-26 10:38:38'),
	(8, 16, 'Toyota Celica GT-Four ST205 #24097', 8, 0, 115000, 17250, 0, 0, '2015-08-26 11:14:47', '2015-08-26 11:14:47', NULL, NULL),
	(9, 6, 'Mitsubishi Lancer Evo IX GT340 #14033', 9, 322, 123000, 18450, 0, 0, '2015-08-26 11:18:45', '2015-08-31 12:30:01', NULL, NULL),
	(10, 43, 'Dacia Sandero #23813', 2, 0, 23900, 3585, 0, 0, '2015-08-26 16:32:29', '2015-08-26 16:32:29', NULL, NULL),
	(11, 11, 'NO NAMe', 10, 231, 183000, 27450, 0, 0, '2015-08-26 16:46:19', '2015-08-31 12:30:01', NULL, '2015-08-27 11:23:52'),
	(12, 16, 'OCENZUROWANO', 11, 0, 115000, 17250, 0, 0, '2015-08-26 20:17:15', '2015-08-26 20:19:19', NULL, '2015-08-26 20:19:19'),
	(13, 16, 'Toyota Celica GT-Four ST205 #19044', 12, 0, 115000, 17250, 0, 0, '2015-08-26 23:51:56', '2015-08-26 23:51:56', NULL, NULL),
	(14, 11, 'WRX STI 28 ', 13, 0, 183000, 27450, 0, 0, '2015-08-27 00:38:41', '2015-08-28 00:51:31', NULL, '2015-08-28 00:51:31'),
	(15, 24, 'Volkswagen Polo R WRC #12759', 14, 0, 133000, 19950, 0, 0, '2015-08-27 01:07:04', '2015-08-27 01:07:04', NULL, NULL),
	(16, 19, 'Ford Focus WRC #21940', 15, 377, 165000, 24750, 0, 0, '2015-08-27 10:39:47', '2015-09-01 11:00:01', NULL, NULL),
	(17, 6, 'Mitsubishi Lancer Evo IX GT340 #9624', 16, 0, 123000, 18450, 0, 0, '2015-08-27 10:55:05', '2015-08-27 10:55:05', NULL, NULL),
	(18, 43, 'NO NAMe', 9, 0, 23900, 3585, 0, 0, '2015-08-27 11:22:23', '2015-08-31 02:20:01', NULL, '2015-08-27 11:24:53'),
	(19, 15, 'Seal no 2', 5, 91, 127000, 19050, 0, 0, '2015-08-27 14:44:48', '2015-08-30 12:45:00', NULL, '2015-08-29 10:51:55'),
	(20, 43, 'Dacia Sandero #4426', 17, 0, 23900, 3585, 0, 0, '2015-08-27 14:50:12', '2015-08-27 14:50:12', NULL, NULL),
	(21, 7, 'Ford Fiesta R5 #5768', 19, 0, 83000, 12450, 0, 0, '2015-08-28 10:16:57', '2015-08-28 10:16:57', NULL, NULL),
	(22, 24, 'Seal no 3', 5, 146, 133000, 19950, 0, 0, '2015-08-28 10:33:41', '2015-09-01 11:00:01', NULL, '2015-08-30 17:03:45'),
	(23, 21, 'CC 02', 3, 377, 119700, 17955, 0, 0, '2015-08-28 10:33:45', '2015-09-01 11:00:01', NULL, '2015-08-30 11:25:40'),
	(24, 17, 'Proton Satria Neo Sport #21473', 2, 0, 30500, 4575, 0, 0, '2015-08-28 10:33:48', '2015-08-28 17:47:41', '2015-08-28 17:47:41', NULL),
	(25, 43, 'Dacia Sandero #18377', 2, 0, 23900, 3585, 0, 0, '2015-08-28 10:33:50', '2015-08-28 10:33:50', NULL, NULL),
	(41, 28, 'Peugeot 207 #13492', 36, 0, 85100, 12765, 0, 0, '2015-08-30 09:59:45', '2015-08-30 09:59:45', NULL, NULL),
	(26, 23, 'Mini Cooper S #5224', 20, 0, 79300, 11895, 0, 1, '2015-08-29 20:48:39', '2015-08-31 10:46:17', NULL, NULL),
	(27, 28, 'Peugeot 207 #15513', 21, 0, 85100, 12765, 0, 0, '2015-08-29 20:48:39', '2015-08-29 20:48:39', NULL, NULL),
	(28, 12, 'Citroen Xsara VTS #23980', 22, 0, 72100, 10815, 0, 0, '2015-08-29 20:48:39', '2015-08-29 20:48:39', NULL, NULL),
	(29, 23, 'Mini Cooper S #21102', 23, 0, 79300, 11895, 0, 0, '2015-08-29 20:48:39', '2015-08-29 20:48:39', NULL, NULL),
	(30, 27, 'Ford Escort V Cosworth #24027', 24, 0, 97000, 14550, 0, 0, '2015-08-29 20:48:39', '2015-08-29 20:48:39', NULL, NULL),
	(31, 27, 'Ford Escort V Cosworth #19376', 25, 0, 97000, 14550, 0, 0, '2015-08-29 20:48:39', '2015-08-29 20:48:39', NULL, NULL),
	(32, 13, 'Mazda 323 GTR #24784', 26, 0, 74300, 11145, 0, 0, '2015-08-29 20:48:39', '2015-08-29 20:48:39', NULL, NULL),
	(33, 28, 'Peugeot 207 #14895', 27, 0, 85100, 12765, 0, 0, '2015-08-29 20:48:39', '2015-08-29 20:48:39', NULL, NULL),
	(34, 12, 'Citroen Xsara VTS #7398', 28, 0, 72100, 10815, 0, 0, '2015-08-29 20:48:39', '2015-08-29 20:48:39', NULL, NULL),
	(35, 27, 'Ford Escort V Cosworth #8336', 29, 0, 97000, 14550, 0, 0, '2015-08-29 20:48:39', '2015-08-29 20:48:39', NULL, NULL),
	(36, 13, 'Mazda 323 GTR #21322', 30, 0, 74300, 11145, 0, 0, '2015-08-29 20:48:39', '2015-08-29 20:48:39', NULL, NULL),
	(37, 18, 'Ford Focus RS #14754', 31, 0, 87200, 13080, 0, 0, '2015-08-29 20:48:39', '2015-08-29 20:48:39', NULL, NULL),
	(38, 13, 'Mazda 323 GTR #24929', 32, 0, 74300, 11145, 0, 0, '2015-08-29 20:48:39', '2015-08-29 20:48:39', NULL, NULL),
	(39, 23, 'Mini Cooper S #3466', 33, 0, 79300, 11895, 0, 0, '2015-08-29 20:48:39', '2015-08-29 20:48:39', NULL, NULL),
	(40, 13, 'Mazda 323 GTR #23611', 34, 0, 74300, 11145, 0, 0, '2015-08-29 20:48:39', '2015-08-29 20:48:39', NULL, NULL),
	(42, 24, 'Volkswagen Polo R WRC #4581', 23, 0, 133000, 19950, 0, 0, '2015-08-31 10:49:53', '2015-08-31 10:49:53', NULL, NULL),
	(43, 13, 'Mazda 323 GTR #20064', 37, 0, 74300, 11145, 0, 0, '2015-08-31 14:27:42', '2015-08-31 14:27:42', NULL, NULL),
	(44, 28, 'Peugeot 207 #6375', 38, 0, 85100, 12765, 0, 0, '2015-09-01 10:26:57', '2015-09-01 10:26:57', NULL, NULL);
/*!40000 ALTER TABLE `car_car` ENABLE KEYS */;


-- Dumping structure for table switkrze_rally.car_car_models
DROP TABLE IF EXISTS `car_car_models`;
CREATE TABLE IF NOT EXISTS `car_car_models` (
  `id` int(11) NOT NULL AUTO_INCREMENT,
  `name` varchar(255) DEFAULT NULL,
  `capacity` bigint(20) DEFAULT NULL,
  `horsepower` bigint(20) DEFAULT NULL,
  `max_speed` bigint(20) DEFAULT NULL,
  `acceleration` float(10,2) DEFAULT NULL,
  `wheel_drive` enum('front','rear','4x4') DEFAULT NULL,
  `league` bigint(20) DEFAULT NULL,
  `price` bigint(20) DEFAULT NULL,
  `unique` bigint(20) DEFAULT NULL,
  `real_value` bigint(20) DEFAULT NULL,
  `on_market` tinyint(1) NOT NULL DEFAULT '0',
  `photo` varchar(255) DEFAULT NULL,
  `created_at` datetime NOT NULL,
  `updated_at` datetime NOT NULL,
  PRIMARY KEY (`id`)
) ENGINE=MyISAM AUTO_INCREMENT=44 DEFAULT CHARSET=utf8;

-- Dumping data for table switkrze_rally.car_car_models: 33 rows
DELETE FROM `car_car_models`;
/*!40000 ALTER TABLE `car_car_models` DISABLE KEYS */;
INSERT INTO `car_car_models` (`id`, `name`, `capacity`, `horsepower`, `max_speed`, `acceleration`, `wheel_drive`, `league`, `price`, `unique`, `real_value`, `on_market`, `photo`, `created_at`, `updated_at`) VALUES
	(11, 'Subaru Impreza WRX STI 2008', 2457, 297, 243, 4.80, '', 1, 183000, 1, 12787, 0, 'subaru_wrx_sti_2008.jpg', '2015-08-06 17:21:15', '2015-08-13 10:22:54'),
	(19, 'Ford Focus WRC', 1991, 300, 230, 4.20, '', 1, 165000, 1, 13353, 0, 'ford_focus_wrc.jpg', '2015-08-07 11:21:11', '2015-08-13 10:22:54'),
	(24, 'Volkswagen Polo R WRC', 1666, 315, 200, 3.90, '', 1, 133000, 0, 14026, 1, 'volkswagen_polo_r.jpg', '2015-08-07 12:25:29', '2015-08-13 10:22:54'),
	(15, 'Honda Civic Turbo Type R', 1998, 306, 268, 5.70, '', 1, 127000, 0, 14094, 0, 'honca_civic_type_r.jpg', '2015-08-06 18:06:58', '2015-08-13 10:22:54'),
	(6, 'Mitsubishi Lancer Evo IX GT340', 1997, 305, 250, 5.20, '', 1, 123000, 0, 14113, 0, 'mitsubishi_lancer_evo_ix.jpg', '2015-08-06 12:30:11', '2015-08-13 10:22:54'),
	(21, 'Skoda Octavia WRC', 1998, 300, 230, 4.80, '', 1, 119700, 0, 14361, 1, 'skoda_octavia_wrc.png', '2015-08-07 12:15:00', '2015-08-13 10:22:54'),
	(16, 'Toyota Celica GT-Four ST205', 1998, 239, 246, 5.90, '', 1, 115000, 0, 17379, 0, 'toyota_celica_gt_four.jpg', '2015-08-07 10:48:25', '2015-08-13 10:22:54'),
	(27, 'Ford Escort V Cosworth', 1993, 224, 232, 6.10, '', 2, 97000, 0, 18558, 0, 'ford_escort_rs_crossworth.png', '2015-08-07 12:55:56', '2015-08-13 10:22:54'),
	(18, 'Ford Focus RS', 1988, 215, 232, 6.70, '', 2, 87200, 0, 19400, 0, 'ford_focus_rs_I.jpg', '2015-08-07 11:01:11', '2015-08-13 10:22:54'),
	(28, 'Peugeot 207', 1998, 280, 199, 11.10, '', 2, 85100, 0, 20123, 1, 'peugeot_207.JPG', '2015-08-07 13:02:23', '2015-08-13 10:22:54'),
	(7, 'Ford Fiesta R5', 1597, 280, 180, 8.10, '', 2, 83000, 0, 20680, 0, 'ford_fiesta_r5.jpg', '2015-08-06 12:31:14', '2015-08-13 10:22:54'),
	(23, 'Mini Cooper S', 1598, 208, 210, 6.80, '', 2, 79300, 0, 21497, 0, 'mini_cooper_s.png', '2015-08-07 12:22:33', '2015-08-13 10:22:54'),
	(13, 'Mazda 323 GTR', 1840, 182, 221, 7.00, '', 2, 74300, 0, 21554, 0, 'mazda323_gtr.jpg', '2015-08-06 17:46:53', '2015-08-13 10:22:54'),
	(12, 'Citroen Xsara VTS', 1998, 167, 220, 8.00, '', 2, 72100, 0, 22298, 1, 'citroen_xsara_vts.jpg', '2015-08-06 17:30:34', '2015-08-13 10:22:54'),
	(22, 'Skoda Fabia IRC', 1398, 177, 223, 7.30, '', 3, 56500, 0, 23100, 1, 'skoda_fabia.png', '2015-08-07 12:17:42', '2015-08-13 10:22:54'),
	(1, 'BMW 318is', 1895, 138, 212, 9.70, '', 3, 53000, 0, 24626, 0, 'bmw318is.png', '2015-08-07 13:17:40', '2015-08-13 10:22:54'),
	(20, 'Hyundai Accent ', 1600, 137, 194, 8.20, '', 3, 50100, 0, 25393, 0, 'hyundai_accent.jpg', '2015-08-07 12:05:37', '2015-08-13 10:22:54'),
	(10, 'Suzuki Swift Sport', 1568, 136, 195, 8.70, '', 3, 49500, 0, 25728, 0, 'suzuki_swift.JPG', '2015-08-06 15:21:31', '2015-08-13 10:22:54'),
	(26, 'Ford Puma', 1679, 125, 203, 9.20, '', 3, 46100, 0, 25778, 0, 'ford_puma.jpg', '2015-08-07 12:40:24', '2015-08-13 10:22:54'),
	(14, 'FSO Polonez', 1600, 130, 180, 8.10, '', 3, 44500, 0, 26028, 0, 'fso_polonez.JPG', '2015-08-06 17:54:15', '2015-08-13 10:22:54'),
	(3, 'Triumph TR7', 1998, 105, 175, 9.80, '', 3, 41000, 0, 26711, 1, 'triumph_tr7.jpg', '2015-08-07 13:09:20', '2015-08-13 10:22:54'),
	(4, 'Alfa Romeo Junior', 1300, 136, 197, 10.30, '', 4, 36500, 0, 27026, 0, 'alfa_romeo_junior.png', '2015-08-07 13:06:34', '2015-08-13 10:22:54'),
	(5, 'Renault Clio III', 1598, 110, 190, 10.20, '', 4, 34100, 0, 27313, 0, 'renault_clio_3.jpg', '2015-08-06 17:17:50', '2015-08-13 10:22:54'),
	(2, 'Nissan Micra Sport', 1598, 108, 183, 9.80, '', 4, 33150, 0, 27465, 0, 'nissan_micra.jpg', '2015-08-07 13:13:40', '2015-08-13 10:22:54'),
	(42, 'Opel Viva GT', 1975, 104, 162, 10.70, '', 4, 33100, 0, 27513, 1, 'opel_viva.jpg', '2015-08-07 15:48:26', '2015-08-13 10:22:54'),
	(39, 'Ford Cortina MKIII', 1993, 98, 165, 11.10, '', 4, 31000, 0, 27700, 0, 'ford_cortina_mk3.png', '2015-08-07 15:44:10', '2015-08-13 10:22:54'),
	(17, 'Proton Satria Neo Sport', 1589, 111, 189, 11.50, '', 4, 30500, 0, 27716, 1, 'pro_satria_neo.png', '2015-08-07 10:56:18', '2015-08-13 10:22:54'),
	(40, 'Mazda 2 Sport', 1498, 102, 188, 10.40, '', 5, 24500, 0, 28004, 0, 'mazda2_sport.png', '2015-08-07 15:46:14', '2015-08-13 10:22:54'),
	(43, 'Dacia Sandero', 1598, 104, 180, 11.40, '', 5, 23900, 0, 28196, 1, 'dacia_sandero.png', '2015-08-07 16:09:41', '2015-08-13 10:22:54'),
	(8, 'Peugeot 208 VTi', 1199, 120, 178, 12.20, '', 5, 17000, 0, 28993, 0, 'peugot208_vti.jpg', '2015-08-06 12:39:23', '2015-08-13 10:22:54'),
	(41, 'Talbot Samba Rally', 1219, 90, 175, 10.80, '', 5, 13000, 0, 29736, 0, 'talbot_samba.png', '2015-08-07 15:47:54', '2015-08-13 10:22:54'),
	(25, 'Suzuki Ignis', 1300, 92, 159, 10.70, '', 5, 11500, 0, 29910, 0, 'suzuki_ignis.jpg', '2015-08-07 12:35:17', '2015-08-13 10:22:54'),
	(9, 'Fiat Cinquecento Sport', 1109, 54, 150, 13.80, '', 6, 5500, 1, 32803, 0, 'cinquecento.jpg', '2015-08-06 12:50:19', '2015-08-13 10:22:54');
/*!40000 ALTER TABLE `car_car_models` ENABLE KEYS */;


-- Dumping structure for table switkrze_rally.forum_category
DROP TABLE IF EXISTS `forum_category`;
CREATE TABLE IF NOT EXISTS `forum_category` (
  `id` int(11) NOT NULL AUTO_INCREMENT,
  `name` varchar(255) DEFAULT NULL,
  `slug` varchar(255) DEFAULT NULL,
  `description` text,
  `active` tinyint(1) DEFAULT '0',
  `created_at` datetime NOT NULL,
  `updated_at` datetime NOT NULL,
  `deleted_at` datetime DEFAULT NULL,
  PRIMARY KEY (`id`)
) ENGINE=MyISAM AUTO_INCREMENT=6 DEFAULT CHARSET=utf8;

-- Dumping data for table switkrze_rally.forum_category: 5 rows
DELETE FROM `forum_category`;
/*!40000 ALTER TABLE `forum_category` DISABLE KEYS */;
INSERT INTO `forum_category` (`id`, `name`, `slug`, `description`, `active`, `created_at`, `updated_at`, `deleted_at`) VALUES
	(1, 'Ogólne', 'ogolne', 'O grze', 1, '0000-00-00 00:00:00', '0000-00-00 00:00:00', NULL),
	(2, 'Rajdy towarzyskie', 'rajdy-towarzyskie', 'Tutaj możecie pogadać o rajdach towarzyskich', 1, '0000-00-00 00:00:00', '0000-00-00 00:00:00', NULL),
	(3, 'Pytania', 'pytania', 'Tutaj możecie pytać o wszystko', 1, '0000-00-00 00:00:00', '0000-00-00 00:00:00', NULL),
	(5, 'Off topic', 'off-topic', 'Wszystko co nie zwiazane z gra', 1, '0000-00-00 00:00:00', '0000-00-00 00:00:00', NULL),
	(4, 'Sugestie', 'sugestie', 'Masz pomysł co ulepszyć w grze? Podziel się nim z nami', 1, '0000-00-00 00:00:00', '0000-00-00 00:00:00', NULL);
/*!40000 ALTER TABLE `forum_category` ENABLE KEYS */;


-- Dumping structure for table switkrze_rally.forum_favourite
DROP TABLE IF EXISTS `forum_favourite`;
CREATE TABLE IF NOT EXISTS `forum_favourite` (
  `id` int(11) NOT NULL AUTO_INCREMENT,
  `user_id` bigint(20) DEFAULT NULL,
  `category_id` bigint(20) DEFAULT NULL,
  `created_at` datetime NOT NULL,
  `updated_at` datetime NOT NULL,
  PRIMARY KEY (`id`),
  KEY `category_id_idx` (`category_id`),
  KEY `forum_favourite_user_id_user_user_id` (`user_id`)
) ENGINE=MyISAM DEFAULT CHARSET=utf8;

-- Dumping data for table switkrze_rally.forum_favourite: 0 rows
DELETE FROM `forum_favourite`;
/*!40000 ALTER TABLE `forum_favourite` DISABLE KEYS */;
/*!40000 ALTER TABLE `forum_favourite` ENABLE KEYS */;


-- Dumping structure for table switkrze_rally.forum_post
DROP TABLE IF EXISTS `forum_post`;
CREATE TABLE IF NOT EXISTS `forum_post` (
  `id` int(11) NOT NULL AUTO_INCREMENT,
  `user_id` int(11) DEFAULT NULL,
  `category_id` int(11) DEFAULT NULL,
  `title` varchar(255) DEFAULT NULL,
  `content` text,
  `active` tinyint(1) NOT NULL DEFAULT '1',
  `thread_id` int(11) DEFAULT NULL,
  `moderator_notes` text,
  `moderator_date` datetime DEFAULT NULL,
  `moderator_name` varchar(255) DEFAULT NULL,
  `created_at` datetime NOT NULL,
  `updated_at` datetime NOT NULL,
  `deleted_at` datetime DEFAULT NULL,
  PRIMARY KEY (`id`),
  KEY `forum_post_user_id_user_user_id` (`user_id`),
  KEY `forum_post_thread_id_forum_thread_id` (`thread_id`),
  KEY `forum_post_category_id_forum_category_id` (`category_id`)
) ENGINE=MyISAM AUTO_INCREMENT=9 DEFAULT CHARSET=utf8;

-- Dumping data for table switkrze_rally.forum_post: 6 rows
DELETE FROM `forum_post`;
/*!40000 ALTER TABLE `forum_post` DISABLE KEYS */;
INSERT INTO `forum_post` (`id`, `user_id`, `category_id`, `title`, `content`, `active`, `thread_id`, `moderator_notes`, `moderator_date`, `moderator_name`, `created_at`, `updated_at`, `deleted_at`) VALUES
	(3, 3, 1, NULL, 'And reply test', 1, 7, NULL, NULL, NULL, '2015-08-30 15:02:39', '2015-08-30 15:02:39', NULL),
	(4, 3, 1, NULL, '[color=&quot;blue&quot;] bbcode test?', 1, 7, NULL, NULL, NULL, '2015-08-30 15:03:15', '2015-08-30 15:03:15', NULL),
	(5, 3, 1, NULL, '&lt;span style=&quot;color: blue&quot;&gt;How about html test?&lt;/span&gt;', 1, 7, NULL, NULL, NULL, '2015-08-30 15:04:03', '2015-08-30 15:04:03', NULL),
	(6, 3, 1, NULL, 'How about extra long message?\r\nWWWWWWWWWWWWWWWWWWWWWWWWWWWWWWWWWWWWWWWWWWWWWWWWWWWWWWWWWWWWWWWWWWWWWWWWWWWWWWWWWWWWWWWWWWWWWWWWWWWWWWWWWWWWWWWWWWWWWWWWWWWWWWWWWWWWWWWWWWWWWWWWWWWWWWWWWWWWWWWWWWWWWWWWWWWWWWWWWWWWWWWWWWWWWWWWWWWWWWWWWWWWWWWWWWWWWWWWWWWWWWWWWWWWWWWWWWWWWWWWWWWWWWWWWWWWWWWWWWWWWWWWWWWWWWWWWWWWWWWWWWWWWWWWWWWWWWWWWWWWWWWWWWWWWWWWWWWWWWWWWWWWWWWWWWWWWWWWWWWWWWWWWWWWWWWWWWWWWWWWWWWWWWWWWWWWWWWWWWWWWWWWWWWWWWWWWWWWWWWWWWWWWWWWWWWWWWWWWWWWWWWWWWWWWWWWWWWWWWWWWWWWWWWWWWWWWWWWWWWWWWWWWWWWWWWWWWWWWWWWWWWWWWWWWWWW\r\nWWWWWWWWWWWWWWWWWWWWWWWWWWWWWWWWWWWWWWWWWWWWWWWWWWWWWWWWWWWWWWWWWWWWWWWWWWWWWWWWWWWWWWWWWWWWWWWWWWWWWWWWWWWWWWWWWWWWWWWWWWWWWWWWWWWWWWWWWWWWWWWWWWWWWWWWWWWWWWWWWWWWWWWWWWWWWWWWWWWWWWWWWWWWWWWWWWWWWWWWWWWWWWWWWWWWWWWWWWWWWWWWWWWWWWWWWWWWWWWWWWWWWWWWWWWWWWWWWWWWWWWWWWWWWWWWWWWWWWWWWWWWWWWWWWWWWWWWWWWWWWWWWWWWWWWWWWWWWWWWWWWWWWWWWWWWWWWWWWWWWWWWWWWWWWWWWWWWWWWWWWWWWWWWWWWWWWWWWWWWWWWWWWWWWWWWWWWWWWWWWWWWWWWWWWWWWWWWWWWWWWWWWWWWWWWWWWWWWWWWWWWWWWWWWWWWWWWWWWWWWWWWWWWWWWWWWWWWWWWWWWWWWWWWWWWW\r\n\r\n\r\nWWWWWWWWWWWWWWWWWWWWWWWWWWWWWWWWWWWWWWWWWWWWWWWWWWWWWWWWWWWWWWWWWWWWWWWWWWWWWWWWWWWWWWWWWWWWWWWWWWWWWWWWWWWWWWWWWWWWWWWWWWWWWWWWWWWWWWWWWWWWWWWWWWWWWWWWWWWWWWWWWWWWWWWWWWWWWWWWWWWWWWWWWWWWWWWWWWWWWWWWWWWWWWWWWWWWWWWWWWWWWWWWWWWWWWWWWWWWWWWWWWWWWWWWWWWWWWWWWWWWWWWWWWWWWWWWWWWWWWWWWWWWWWWWWWWWWWWWWWWWWWWWWWWWWWWWWWWWWWWWWWWWWWWWWWWWWWWWWWWWWWWWWWWWWWWWWWWWWWWWWWWWWWWWWWWWWWWWWWWWWWWWWWWWWWWWWWWWWWWWWWWWWWWWWWWWWWWWWWWWWWWWWWWWWWWWWWWWWWWWWWWWWWWWWWWWWWWWWWWWWWWWWWWWWWWWWWWWWWWWWWWWWWWWWWWW\r\nWWWWWWWWWWWWWWWWWWWWWWWWWWWWWWWWWWWWWWWWWWWWWWWWWWWWWWWWWWWWWWWWWWWWWWWWWWWWWWWWWWWWWWWWWWWWWWWWWWWWWWWWWWWWWWWWWWWWWWWWWWWWWWWWWWWWWWWWWWWWWWWWWWWWWWWWWWWWWWWWWWWWWWWWWWWWWWWWWWWWWWWWWWWWWWWWWWWWWWWWWWWWWWWWWWWWWWWWWWWWWWWWWWWWWWWWWWWWWWWWWWWWWWWWWWWWWWWWWWWWWWWWWWWWWWWWWWWWWWWWWWWWWWWWWWWWWWWWWWWWWWWWWWWWWWWWWWWWWWWWWWWWWWWWWWWWWWWWWWWWWWWWWWWWWWWWWWWWWWWWWWWWWWWWWWWWWWWWWWWWWWWWWWWWWWWWWWWWWWWWWWWWWWWWWWWWWWWWWWWWWWWWWWWWWWWWWWWWWWWWWWWWWWWWWWWWWWWWWWWWWWWWWWWWWWWWWWWWWWWWWWWWWWWWWWWW', 1, 7, NULL, NULL, NULL, '2015-08-30 15:07:32', '2015-08-30 15:07:32', NULL),
	(7, 3, 1, NULL, 'Gotcha. \r\nHow about difficult symbols?\r\n ① ② ③ ④ ⑤ ⑥ ⑦ ⑧ ⑨ ⑩ ⑪ ⑫ ⑬ ⑭ ⑮ ⑯ ⑰ ⑱ ⑲ ⑳ ⑴ ⑵ ⑶ ⑷ ⑸ ⑹ ⑺ ⑻ ⑼ ⑽ ⑾ ⑿ ⒀ ⒁ ⒂ ⒃ ⒄ ⒅ ⒆ ⒇ ⒈ ⒉ ⒊ ⒋ ⒌ ⒍ ⒎ ⒏ ⒐ ⒑ ⒒ ⒓ ⒔ ⒕ ⒖ ⒗ ⒘ ⒙ ⒚ ⒛ ⒜ ⒝ ⒞ ⒟ ⒠ ⒡ ⒢ ⒣ ⒤ ⒥ ⒦ ⒧ ⒨ ⒩ ⒪ ⒫ ⒬ ⒭ ⒮ ⒯ ⒰ ⒱ ⒲ ⒳ ⒴ ⒵ Ⓐ Ⓑ Ⓒ Ⓓ Ⓔ Ⓕ Ⓖ Ⓗ Ⓘ Ⓙ Ⓚ Ⓛ Ⓜ Ⓝ Ⓞ Ⓟ Ⓠ Ⓡ Ⓢ Ⓣ Ⓤ Ⓥ Ⓦ Ⓧ Ⓨ Ⓩ ⓐ ⓑ ⓒ ⓓ ⓔ ⓕ ⓖ ⓗ ⓘ ⓿ ─ ━ │ ┃ ┄ ┅ ┆ ┇ ┈ ┉ ┊ ┋ ┌ ┍ ⓙ ⓚ ⓛ ⓜ ⓝ ⓞ ⓟ ⓠ ⓡ ⓢ ⓣ ⓤ ⓥ ⓦ ⓧ ⓨ ⓩ ⓪ ⓫ ⓬ ⓭ ⓮ ⓯ ⓰ ⓱ ⓲ ⓳ ⓴ ┎ ┏ ┐ ┑ ┒ ┓ └ ┕ ┖ ┗ ┘ ┙ ┚ ┛ ├ ┝ ┞ ┟ ┠ ┡ ┢ ┣ ┤ ┥ ┦ ┧ ┨ ┩ ┪ ┫ ┬ ┭ ┮ ┯ ┰ ┱ ┲ ┳ ┴ ┵ ┶ ┷ ┸ ┹ ┺ ┻ ┼ ┽ ┾ ┿ ╀ ╁ ╂ ╃ ╄ ╅ ╆ ╇ ╈ ╉ ╊ ╋ ╌ ╍ ╎ ╏ ═ ║ ╒ ╓ ╔ ╕ ╖ ╗ ╘ ╙ ╚ ╛ ╜ ╝ ╞ ╟ ╠ ╡ ╢ ╣ ╤ ╥ ╦ ╧ ╨ ╩ ╪ ╫ ╬ ╭ ╮ ╯ ╰ ╱ ╲ ╳ ╴ ╵ ╶ ╷ ╸ ╹ ╺ ╻ ╼ ╽ ╾ ╿ ▀ ▁ ▂ ▃ ▄ ▅ ▆ ▇ █ ▉ ▊ ▋ ▌ ▍ ▎ ▏ ▐ ░ ▒ ▓ ▔ ▕ ▖ ▗ ▘ ▙ ▚ ▛ ▜ ▝ ▞ ▟ ■ □ ▢ ▣ ▤ ▥ ▦ ▧ ▨ ▩ ▪ ▫ ▬ ▭ ▮ ▯ ▰ ▱ ▲ △ ▴ ▵ ▶ ▷ ▸ ▹ ► ▻ ▼ ▽ ▾ ▿ ◀ ◁ ◂ ◃ ◄ ◅ ◆ ◇ ◈ ◉ ◊ ○ ◌ ◍ ◎ ● ◐ ◑ ◒ ◓ ◔ ◕ ◖ ◗ ◘ ◙ ◚ ◛ ◜ ◝ ◞ ◟ ◠ ◡ ◢ ◣ ◤ ◥ ◦ ◧ ◨ ◩ ◪ ◫ ◬ ◭ ◮ ◯ ◰ ◱ ◲ ◳ ◴ ◵ ◶ ◷ ◸ ◹ ◺ ◻ ◼ ◽ ◾ ◿ ☀ ☁ ☂ ☃ ☄ ★ ☆ ☇ ☈ ☉ ☊ ☋ ☌ ☍ ☎ ☏ ☐ ☑ ☒ ☓ ☔ ☕ ☖ ☗ ☘ ☙ ☚ ☛ ☜ ☝ ☞ ☟ ☠ ☡ ☢ ☣ ☤ ☥ ☦ ☧ ☨ ☩ ☪ ☫ ☬ ☭ ☮ ☯ ☰ ☱ ☲ ☳ ☴ ☵ ☶ ☷ ⚠ ⚡ ⚢ ⚣ ⚤ ⚥ ⚦ ⚧ ⚨ ⚩ ⚪ ⚫ ♮ ♯ ♰ ♱ ♲ ♳ ♴ ♵ ♶ ♷ ♸ ♹ ♺ ♻ ♼ ♽ ♾ ♿ ⚀ ⚁ ⚂ ⚃ ⚄ ⚅ ⚆ ⚇ ⚈ ⚉ ⚊ ⚋ ⚌ ⚍ ⚎ ⚏ ⚐ ⚑ ⚒ ⚓ ⚔ ⚕ ⚖ ⚗ ⚘ ⚙ ⚚ ⚛ ⚜ ⚬ ⚭ ⚮ ⚯ ⚰ ⚱ ⚲ ⚳ ⚴ ⚵ ⚶ ⚷ ⚸ ✁ ✂ ✃ ✄ ✆ ✇ ✈ ✉ ✌ ✍ ✎ ✏ ✐ ✑ ✒ ✓ ✔ ✕ ✖ ✗ ✘ ✙ ✚ ✛ ✜ ✝ ✞ ✟ ✠ ✡ ✢ ✣ ✤ ✥ ✦ ✧ ✩ ✪ ✫ ✬ ✭ ✮ ✯ ✰ ✱ ✲ ✳ ✴ ✵ ✶ ✷ ✸ ✹ ✺ ✻ ✼ ✽ ✾ ✿ ❀ ❁ ❂ ❃ ❄ ❅ ❆ ❇ ❈ ❉ ❊ ❋ ❍ ❏ ❐ ❑ ❒ ❖ ❡ ❢ ❣ ❤ ❥ ❦ ❧ ❨ ❩ ❪ ❫ ❬ ❭ ❮ ❯ ❰ ❱ ❲ ❳ ❴ ❵ ❶ ❷ ❸ ❹ ❺ ❻ ❼ ❽ ❾ ❿ ➀ ➁ ➂ ➃ ➄ ➅ ➆ ➇ ➈ ❘ ❙ ❚ ❛ ❜ ❝ ❞ ➱ ➲ ➳ ➴ ➵ ➶ ➷ ➸ ➘ ➙ ➚ ➛ ➜ ➝ ➞ ➟ ➠ ➡ ➢ ➣ ➤ ➥ ➦ ➧ ➨ ➩ ➪ ➫ ➬ ➭ ➮ ➯ ➉ ➊ ➋ ➌ ➍ ➎ ➏ ➐ ➑ ➒ ➓ ➔ ➹ ➺ ➻ ➼ ➽ ➾ ➿ ⟅ ⟆ ⟠ ⟡ ⟦ ⟧ ⟨ ⟩ ⟪ ⟫ ⟰ ⟱ ⟲ ⟳ ⟴ ⟵ ൠ ൡ ᐁ ᐂ ᐃ ᐄ ᐅ ອ ຮ ຯ ະ ັ າ ຳ ິ ີ ຶ ື ຸ ູ ᐆ ᐇ ᐈ ᐉ ᐊ ᐋ ᐌ ᐍ ᐎ ᐏ ᐐ ᐑ ᐒ ᐓ ᐔ ᐕ ᐖ ᐗ ᐘ ᐙ ᐚ ᐛ ᐜ ᐝ ᐞ ᐟ ᐠ ᐡ ᐢ ᐣ ᐤ ᐥ ᐦ ᐧ ᐨ ᐩ ᐪ ᐫ ᐬ ᐭ ᐮ ᐯ ᐰ ᐱ ᐲ ᐳ ᐴ ᐵ ᐶ ᐷ ᐸ ᐹ ᐺ ᐻ ᐼ ᐽ ᐾ ᐿ ᑀ ᑁ ᑂ ᑃ ᑄ ᑅ ᑆ ᑇ ᑈ ᑉ ᑊ ᑋ ᑌ ᑍ ᑎ ᑏ ᑐ ᑑ ᑒ ᑓ ᑔ ᑕ ᑖ ᑗ ᑘ ᑙ ᑚ ᑛ ᑜ ᑝ ᑞ ᑟ ᑠ ᑡ ᑢ ᑣ ᑤ ᑥ ᑦ ᑧ ᑨ ᑩ ᑪ ᑫ ᑬ ᑭ ᑮ ᑯ ᑰ ᑱ ᑲ ᑳ ᑴ ᑵ ᑶ ᑷ ᑸ ᑹ ᑺ ᑻ ᑼ ᑽ ᑾ ᑿ ᒀ ᒁ ᒂ ᒃ ᒄ ᒅ ᒆ ᒇ ᒈ ᒉ ᒊ ᒋ ᒌ ᒍ ᒎ ᒏ ᒐ ᒑ ᒒ ᒓ ᒔ ᒕ ᒖ ᒗ ᒘ ᒙ ᒚ ᒛ ᒜ ᒝ ᒞ ᒟ ᒠ ᒡ ᒢ ᒣ ᒤ ᒥ ᒦ ᒧ ᒨ ᒩ ᒪ ᒫ ᒬ ᒭ ᒮ ᒯ ᒰ ᒱ ᒲ ᒳ ᒴ ᒵ ᒶ ᒷ ᒸ ᒹ ᒺ ᓀ ᓁ ᓂ ᓃ ᓄ ᓅ ᓆ ᓇ ᓈ ᓉ ᓊ ᓋ ᓌ ᓍ ᓎ ᓏ ᓐ ᓑ ᓒ ᓓ ᓔ ᓕ ᓖ ᓗ ᓘ ᓙ ᓚ ᓛ ᓜ ᓝ ᓞ ᓟ ᓠ ᓡ ᓢ ᓣ ᓤ ᓥ ᓦ ᓧ ᓨ ᓩ ᓶ ᓷ ᓸ ᓹ ᓺ ᓻ ᓼ ᓽ ᓾ ᓿ ᔀ ᔁ ᔂ ᔃ ᔄ ᔅ ᔆ ᔇ ᔐ ᔑ ᔒ ᔓ ᔔ ᔕ ᔖ ᔗ ᔘ ᔙ ᔚ ᔛ ᔜ ᔝ ᔞ ᔟ ᔠ ᔡ ᔢ ᔣ ᔤ ᔥ ᔦ ᔧ ᔨ ᔩ ᔪ ᔫ ᔬ ᔭ ᔮ ᔯ ᔰ ᔱ ᔲ ᔳ ᔴ ᔵ ᔶ ᔷ ᔸ ᔹ ᔺ ᔻ ᔼ ᔽ ᔾ ᕒ ᕓ ᕔ ᕕ ᕖ ᕗ ᕘ ᕙ ᕚ ᕛ ᕜ ᕝ ᕞ ᕟ ᕠ ᕡ ᕢ ᕣ ᕤ ᕥ ᕦ ᕧ ᕨ ᕩ ᕪ ᕀ ᕁ ᕂ ᕃ ᕄ ᕅ ᕆ ᕇ ᕈ ᕉ ᕊ ᕋ ᕌ ᕍ ᕎ ᕏ ᕐ ᖊ ᖋ ᖌ ᖍ ᖎ ᖏ ᖐ ᖑ ᖒ ᖓ ᖔ ᖕ ᖖ ᕴ ᕵ ᕶ ᕷ ᕸ ᕹ ᕺ ᕻ ᕼ ᕽ ᕾ ᕿ ᖀ ᖁ ᖂ ᖃ ᖄ ᖅ   ᚁ ᚂ ᚃ ᚄ ᚅ ᚆ ᚇ ᚈ ᚉ ᚊ ᚋ ᚌ ᚍ ᚎ ᚏ ᚐ ᚑ ᚒ ᚓ ᚔ ᙮ ᗡ ᗞ ᖤ ᖥ ᖦ ᖧ ᖨ ᖩ ᖪ ᖫ ᖬ ᖭ ᖮ ᖯ ᖠ ᖡ ᖢ ᖣ ᚕ ᚖ ᚗ ᚘ ᚙ ᚚ ᚛ ᚜ ᴀ ᴁ ᴂ ᴃ ᴄ ᴅ ᴆ ᴇ ᴈ ᴉ ᴊ ᴋ ᴌ ᴍ ᴎ ᴏ ᴐ ᴑ ᴒ ᴓ ᴔ ᴕ ᴖ ᴗ ᴘ ᴙ ᴚ ᴛ ᴜ ᴝ ᴞ ᴟ ᴠ ᴡ ᴢ ᴣ ᴤ ᴥ ᴦ ᴧ ᴨ ᴩ ᴪ ᴫ ᴬ ᴭ ᴮ ᴯ ᴰ ᴱ ᴲ ᴳ ᴴ ᴵ ᴶ ᴷ ᴸ ᴹ ᴺ ᴻ ᴼ ᴽ ᴾ ᴿ ᵀ ᵁ ᵂ ᵃ ᵄ ᵅ ᵆ ᵇ ᵈ ᵉ ᵊ ᵋ ᵌ ᵍ ᵎ ᵏ ᵐ ᵑ ᵒ ᵓ ᵔ ᵕ ᵖ ᵗ ᵘ ᵙ ᵚ ᵛ ᵜ ᵝ ᵞ ᵟ ᵠ ᵡ ᵢ ᵣ ᵤ ᵥ ᵦ ᵧ ᵨ ᵩ ᵪ ᵫ ᵬ ᵭ ᵮ ᵯ ᵰ ᵱ ᵲ ᵳ ᵴ ᵵ ᵶ ᵷ ᵸ ᵹ ᵺ ᵻ ᵼ ᵽ ᵾ ᵿ ᶀ ᶁ ᶂ ᶃ ᶄ ᶅ ᶆ ᶇ ᶈ ᶉ ᶊ ᶋ ᶌ ᶍ ᶎ ᶏ ᶐ ᶑ ᶒ ᶓ ᶔ ᶕ ᶖ ᶗ ᶘ ᶙ ᶚ ᶛ ᶜ ᶝ ᶞ ᶟ ᶠ ᶡ ᶢ ᶣ ᶤ ᶥ ᶦ ᶧ ᶨ ᶩ ᶪ ᶫ ᶬ ᶭ ᶮ ᶯ ᶰ ᶱ ᶲ ᶳ ᶴ ᶵ ᶶ ᶷ ᶸ ᶹ ᶺ ᶻ ᶼ ᶽ ᶾ ᶿ ῲ ῳ ῴ ῶ ῷ Ὸ Ό Ὼ Ώ ῼ ⁕ ⁖ ⁗ ⁘ ⁙ ⁚ ⁛ ⁜ • ‣ ‑ ‒ – — ― ‖ ‗ ‘ ’ ‚ ‛ “ ” „ ‟ † ‡ ‰ ′ ″ ‴ ‵ ‶ ‷ ‸ ‹ › ※ ‼ ‽ ‾ ‿ ⁀ ⁁ ⁂ ⁃ ⁄ ⁅ ⁆ ⁐ ⁑ ₰ ₱ ₲ ₳ ₴ ₵ ⃑ ⃒ ⃓ ⃔ ⃕ ⃖ ⃗ ⃘ ⃙ ⃚ ⃛ ⃜ ⃝ ⃞ ⃟ ⃠ ⃡ ⃢ ⃣ ⃤ ⃥ ⃦ ⃧ ⃨ ⃩ ⃪ ⁰ ⁱ ⁴ ⁵ ⁶ ⁷ ⁸ ⁹ ⁺ ⁻ ⁼ ⁽ ⁾ ⁿ ₀ ₁ ₂ ₃ ₄ ₅ ₆ ₇ ₈ ₉ ₊ ₋ ₌ ₍ ₎ ₐ ₑ ₒ ₓ ₔ ℀ ℁ ℂ ℃ ℄ ℅ ℆ ℇ ℈ ℉ ℊ ℋ ℌ ℍ ℎ ℏ ℐ ℑ ℒ ℓ ℔ ℕ № ℗ ℘ ℙ ℚ ℛ ℜ ℝ ℞ ℟ ℠ ℡ ™ ℣ ℤ ℥ Ω ℧ ℨ ℩ K Å ℬ ℭ ℮ ℯ ℰ ℱ Ⅎ ℳ ℴ ⅓ ⅔ ⅕ ⅖ ⅗ ⅘ ⅙ ⅚ ⅛ ⅜ ⅝ ⅞ ⅟ Ⅰ Ⅱ Ⅲ Ⅳ Ⅴ Ⅵ Ⅶ Ⅷ Ⅸ Ⅹ Ⅺ Ⅻ Ⅼ ℵ ℶ ℷ ℸ ℹ ℺ ℻ ℼ ℽ ℾ ℿ ⅀ ⅁ ⅂ ⅃ ⅄ ⅅ ⅆ ⅇ ⅈ ⅉ ⅊ ⅋ ⅍ ⅎ Ⅽ Ⅾ Ⅿ ⅰ ⅱ ⅲ ⅳ ⅴ ⅵ ⅶ ⅷ ⅸ ⅹ ⅺ ⅻ ⅼ ⅽ ⅾ ⅿ ↀ ↁ ↂ Ↄ ↄ ← ↑ → ↓ ↔ ↕ ↖ ↗ ↘ ↙ ↚ ↛ ↜ ↝ ↞ ↟ ↠ ↡ ↢ ↣ ↤ ↥ ↦ ↧ ↨ ↩ ↪ ↫ ↬ ↭ ↮ ↯ ↰ ↱ ↲ ↳ ↴ ↵ ↶ ↷ ↸ ↹ ↺ ↻ ↼ ↽ ↾ ↿ ⇀ ⇁ ⇂ ⇃ ⇄ ⇅ ⇆ ⇇ ⇈ ⇉ ⇊ ⇋ ⇌ ⇍ ⇎ ⇏ ⇐ ⇑ ⇒ ⇓ ⇔ ⇕ ⇖ ⇗ ⇘ ⇙ ⇚ ⇛ ⇜ ⇝ ⇞ ⇟ ⇠ ⇡ ⇢ ⇣ ⇤ ⇥ ⇦ ⇧ ⇨ ⇩ ⇪ ⇫ ⇬ ⇭ ⇮ ⇯ ⇰ ⇱ ⇲ ⇳ ⇴ ⇵ ⇶ ⇷ ⇸ ⇹ ⇺ ⇻ ⇼ ⇽ ⇾ ⇿ ∀ ∁ ∂ ∃ ∄ ∅ ∆ ∇ ∈ ∉ ∊ ∋ ∌ ∍ ∎ ∏ ∐ ∑ − ∓ ∔ ∕ ∖ ∗ ∘ ∙ √ ∛ ∜ ∝ ∞ ∟ ∠ ∡ ∢ ∣ ∤ ∥ ∦ ∧ ∨ ∩ ∪ ∫ ∬ ∭ ∮ ∯ ∰ ∱ ∲ ∳ ∴ ∵ ∶ ∷ ∸ ∹ ∺ ∻ ∼ ∽ ∾ ∿ ≀ ≁ ≂ ≃ ≄ ≅ ≆ ≇ ≈ ≉ ≊ ≋ ≌ ≍ ≎ ≏ ≐ ≑ ≒ ≓ ≔ ≕ ≖ ≗ ≘ ≙ ≚ ≛ ≜ ≝ ≞ ≟ ≠ ≡ ≢ ≣ ≤ ≥ ≦ ≧ ≨ ≩ ≪ ≫ ≬ ≭ ≮ ≯ ≰ ≱ ≲ ≳ ≴ ≵ ≶ ≷ ≸ ≹ ≺ ≻ ≼ ≽ ≾ ≿ ⊀ ⊁ ⊂ ⊃ ⊄ ⊅ ⊆ ⊇ ⊈ ⊉ ⊊ ⊋ ⊌ ⊍ ⊎ ⊏ ⊐ ⊑ ⊒ ⊓ ⊔ ⊕ ⊖ ⊗ ⊘ ⊙ ⊚ ⊛ ⊜ ⊝ ⊞ ⊟ ⊠ ⊡ ⊢ ⊣ ⊤ ⊥ ⊦ ⊧ ⊨ ⊩ ⊪ ⊫ ⊬ ⊭ ⊮ ⊯ ⊰ ⊱ ⊲ ⊳ ⊴ ⊵ ⊶ ⊷ ⊸ ⊹ ⊺ ⊻ ⊼ ⊽ ⊾ ⊿ ⋀ ⋁ ⋂ ⋃ ⋄ ⋅ ⋆ ⋇ ⋈ ⋉ ⋊ ⋋ ⋌ ⋍ ⋎ ⋏ ⋐ ⋑ ⋒ ⋓ ⋔ ⋕ ⋖ ⋗ ⋘ ⋙ ⋚ ⋛ ⋜ ⋝ ⋞ ⋟ ⋠ ⋡ ⋢ ⋣ ⋤ ⋥ ⋦ ⋧ ⋨ ⋩ ⋪ ⋫ ⋬ ⋭ ⋮ ⋯ ⋰ ⋱ ⋲ ⋳ ⋴ ⋵ ⋶ ⋷ ⋸ ⋹ ⋺ ⋻ ⋼ ⋽ ⋾ ⋿ ⌀ ⌁ ⌂ ⌃ ⌄ ⌅ ⌆ ⌇ ⌈ ⌉ ⌊ ⌋ ⌌ ⌍ ⌎ ⌏ ⌐ ⌑ ⌒ ⌓ ⌔ ⌕ ⌖ ⌗ ⌘ ⌙ ⌚ ⌛ ⌜ ⌝ ⌞ ⌟ ⌠ ⌡ ⌢ ⌣ ⌤ ⌥ ⌦ ⌧ ⏎ ⏏ ⏚ ⏛ ⏜ ⏝ ⍪ ⍫ ⍬ ⍭ ⍮ ⍯ ⍰ ⍱ ⍲ ⍳ ⍴ ⍵ ⍶ ⍷ ⍸ ⍹ ⍺ ⍽ ⎀ ⎁ ⎂ ⎃ ⎇ ⎈ ⎉ ⎊ ⎋ ⎔ ⎕ ⎛ ⎜ ⎝ ⎞ ⎟ ⎠ ⎡ ⎢ ⎣ ⎤ ⎥ ⎦ ⎧ ⎨ ⎩ ⎪ ⎫ ⎬ ⎭ ⎮ ⎯ ⎰ ⎱ ⎲ ⎳ ⎴ ⎵ ⎶ ⎷ ␀ ␁ ␂ ␃ ␄ ␅ ␆ ␇ ␈ ␉ ␊ ␋ ␌ ␍ ␎ ␏ ␐ ␑ ␒ ␓ ⏞ ⏟ ⏠ ⏣ ⏥ ⑀ ⑁ ⑂ ⑃ ⑄ ⑅ ⑆ ⑇ ⑈ ⑉ ␔ ␕ ␖ ␗ ␘ ␙ ␚ ␛ ␜ ␝ ␞ ␟ ␠ ␡ ␢ ␣ ␤ ⟶ ⟷ ⟸ ⟹ ⟺ ⟻ ⟼ ⟽ ⟾ ⟿ ⠀ ⠁ ⠂ ⠃ ⠄ ⠅ ⠆ ⠇ ⠈ ⠉ ⠊ ⠋ ⠌ ⠍ ⠎ ⠏ ⠐ ⠑ ⠒ ⠓ ⠔ ⠕ ⠖ ⠗ ⠘ ⠙ ⠚ ⠛ ⠜ ⠝ ⠞ ⠟ ⠠ ⠡ ⠢ ⠣ ⠤ ⠥ ⠦ ⠧ ⠨ ⠩ ⠪ ⠫ ⠬ ⠭ ⠮ ⠯ ⠰ ⠱ ⠲ ⠳ ⠴ ⠵ ⠶ ⠷ ⠸ ⠹ ⠺ ⠻ ⠼ ⠽ ⠾ ⠿ ⡀ ⡁ ⡂ ⡃ ⡄ ⡅ ⡆ ⡇ ⡈ ⡉ ⡊ ⡋ ⡌ ⡍ ⡎ ⡏ ⡐ ⡑ ⡒ ⡓ ⡔ ⡕ ⡖ ⡗ ⡘ ⡙ ⡚ ⡛ ⡜ ⡝ ⡞ ⡟ ⡠ ⡡ ⡢ ⡣ ⡤ ⡥ ⡦ ⡧ ⡨ ⡩ ⡪ ⡫ ⡬ ⡭ ⡮ ⡯ ⡰ ⡱ ⡲ ⡳ ⡴ ⡵ ⡶ ⡷ ⡸ ⡹ ⡺ ⡻ ⡼ ⡽ ⡾ ⡿ ⢀ ⢁ ⢂ ⢃ ⢄ ⢅ ⢆ ⢇ ⢈ ⢉ ⢊ ⢋ ⢌ ⢍ ⢎ ⢏ ⢐ ⢑ ⢒ ⢓ ⢔ ⢕ ⢖ ⢗ ⢘ ⢙ ⢚ ⢛ ⢜ ⢝ ⢞ ⢟ ⢠ ⢡ ⢢ ⢣ ⢤ ⢥ ⢦ ⢧ ⢨ ⢩ ⢪ ⢫ ⢬ ⢭ ⢮ ⢯ ⢰ ⢱ ⢲ ⢳ ⢴ ⢵ ⢶ ⢷ ⢸ ⢹ ⢺ ⢻ ⢼ ⢽ ⢾ ⢿ ⣀ ⣁ ⣂ ⣃ ⣄ ⣅ ⣆ ⣇ ⣈ ⣉ ⣊ ⣋ ⣌ ⣍ ⣎ ⣏ ⣐ ⣑ ⣒ ⣓ ⣔ ⣕ ⣖ ⣗ ⣘ ⣙ ⣚ ⣛ ⣜ ⣝ ⣞ ⣟ ⣠ ⣡ ⣢ ⣣ ⣤ ⣥ ⣦ ⣧ ⣨ ⣩ ⣪ ⣫ ⣬ ⣭ ⣮ ⣯ ⣰ ⣱ ⣲ ⣳ ⣴ ⣵ ⣶ ⣷ ⣸ ⣹ ⣺ ⣻ ⣼ ⣽ ⣾ ⣿ ⤀ ⤁ ⤂ ⤃ ⤄ ⤅ ⤆ ⤇ ⤈ ⤉ ⤊ ⤋ ⤌ ⤍ ⤎ ⤏ ⤐ ⤑ ⤒ ⤓ ⤔ ⤕ ⤖ ⤗ ⤘ ⤙ ⤚ ⤛ ⤜ ⤝ ⤞ ⤟ ⤠ ⤡ ⦃ ⦄ ⧎ ⧏ ⧐ ⥚ ⥛ ⥜ ⥝ ⥞ ⥟ ⥠ ⥡ ⥢ ⥣ ⥤ ⥥ ⥦ ⥧ ⥨ ⥩ ⥪ ⥫ ⥬ ⥭ ⥮ ⥯ ⥰ ⥱ ⥲ ⥳ ⥴ ⥵ ⥶ ⥷ ⥸ ⥹ ⥺ ⥻ ⥼ ⥽ ⥾ ⥿ ⧑ ⧒ ⧓ ⧔ ⧕ ⧫ ⧺ ⧻ ⧼ ⧽ ⨀ ⨁ ⨂ ⨃ ⨄ ⨅ ⨆ ⨇ ⨈ ⨉ ⨌ ⨍ ⨎ ⨏ ⨐ ⨑ ⨒ ⨓ ⨔ ⨕ ⨖ ⨗ ⨘ ⨙ ⨚ ⨛ ⨜ ⨯ ⪮ ⪯ ⪰ ⪱ ⪲ ⪳ ⪴ ⪵ ⪶ ⪷ ⪸ ⪹ ⪺ ⩽ ⩾ ⩿ ⪀ ⪁ ⪂ ⪃ ⪄ ⪅ ⪆ ⪇ ⪈ ⪉ ⬀ ⬁ ⪊ ⪋ ⪌ ⪍ ⪎ ⪏ ⪐ ⪑ ⪒ ⪓ ⪔ ⪕ ⪖ ⪗ ⪘ ⪙ ⪚ ⪛ ⪜ ⪝ ⪞ ⪟ ⪠ ⭓ ⭔ ⬂ ⬃ ⬄ ⬅ ⬆ ⬇ ⬈ ⬉ ⬊ ⬋ ⬌ ⬍ ⬎ ⬏ ⬐ ⬑ ⬒ ⬓ ⬔ ⬕ ⬖ ⬗ ⬘ ⬙ ⬚ ⬟ ⬠ ⬡ ⬢ ⬣ ⬤ ⫹ ⫺ Ⱳ ⱳ ⱴ Ⱶ ⱶ ⱷ ⱹ ⱺ ⱻ ⱼ ⱽ Ⱡ ⱡ Ɫ Ᵽ Ɽ ⱥ ⱦ Ⱨ ⱨ Ⱪ ⱪ Ⱬ ⱬ Ɑ Ɱ Ɐ ⱱ ⴀ ⴁ ⴂ ⴃ ⴄ ⴅ ⴆ ⴇ ⴈ ⴉ ⴊ ⴋ ⴌ ⴍ ⴎ ⴏ ⴐ ⴑ ⴒ ⴓ ⴔ ⴕ ⴖ ⴗ ⴘ ⴙ ⴚ ⴛ ⴜ ⴝ ⴞ ⴟ ⴠ ⴡ ⴢ ⴣ ⴤ ⴥ ⴰ ⴱ ⴲ ⴳ ⴴ ⴵ ⴶ ⴷ ⴸ ⴹ ⴺ ⴻ ⴼ ⴽ ⴾ ⴿ ⵀ ⵁ ⵂ ⵃ ⵄ ⵅ ⵆ ⵇ ⵈ ⵉ ⵊ ⵋ ⵌ ⵍ ⵎ ⵏ ⵐ ⵑ ⵒ ⵓ ⵔ ⵕ ⵖ ⵗ ⵘ ⵙ ⵚ ⵛ ⵜ ⵝ ⵞ ⵟ ⵠ ⵡ ⵢ ⵣ ⵤ ⵥ ⸢ ⸣ ⸤ ⸥ ⸮ ⸘ ⼂ ⼃ ⼄ ⼅ ⼆ ⼇ ⼈ ⼉ ⼊ ⼋ ⼌ ⼍ ⼎ ⼏ ⼐ ⼑ ⼒ ⼓ ⼔ ⼕ ⼖ ⼗ ⼘ ⼙ ⼚ ⼛ ⼜ ⼝ ⼞ ⼟ ⼭ ⼮ ⼯ ⼰ ⼱ ⼲ ⼺ ⿰ ⿱ ⿲ ⿳ ⿴ ⿵ ⿶ ⿷ ⿸ ⿹ ⿺ ⿻ 〄 々 〆 〇 〉 《 》 「 」 『 』 【 】 〒 〓 〔 〕 〖 〗 〘 〙 〚 〛 〜 〝 〞 〟 〠 〡 〢 〣 〤 〶 〷 〸 〹 〺 〻 〼 〽 〾 〿 ㄛ ㄜ ㄝ ㄞ ㄟ ㄠ ㄡ ㄢ ㄣ ㄤ ㄥ ㄦ ㄧ ㄨ ㄩ ㄪ ㄫ ㄬ ㄅ ㄆ ㄇ ㄈ ㄉ ㄊ ㄋ ㄌ ㄍ ㄎ ㄏ ㄐ ㄑ ㄒ ㄓ ㄔ ㄕ ㄖ ㄗ ㄘ ㄙ ㄚ ㅉ ㅊ ㅋ ㅌ ㅍ ㅎ ㅏ ㅐ ㅑ ㅒ ㅓ ㅔ ㅕ ㅖ ㅗ ㅘ ㅙ ㅚ ㅛ ㅜ ㅝ ㅞ ㅟ ㅠ ㅡ ㅢ ㇀ ㇁ ㇂ ㇃ ㇄ ㇅ ㇆ ㇇ ㇈ ㇉ ㇊ ㇋ ㇌ ㇍ ㇎ ㇏ ㅾ ㅿ ㆀ ㆁ ㆅ ㆆ ㉠ ㉡ ㉢ ㉣ ㉤ ㉥ ㉦ ㉧ ㉨ ㉩ ㉪ ㉫ ㉬ ㉑ ㉒ ㉓ ㉔ ㉕ ㉖ ㉗ ㉘ ㉙ ㉚ ㉛ ㉜ ㉝ ㉞ ㉟ ㊱ ㊲ ㊳ ㊴ ㊵ ㊶ ㊷ ㊸ ㊹ ㊺ ㊻ ㊼ ㊽ ㊾ ㊿ ㊛ ㊜ ㊝ ㊞ ㊟ ㊠ ㊡ ㊢ ㊣ ㊤ ㊥ ㊦ ㊧ ㊨ ㊩ ㊪ ㊫ ㊬ ㊭ ㊮ ㊯ ㊰ ㉭ ㉮ ㉯ ㉰ ㉱ ㉲ ㉳ ㉴ ㉵ ㉶ ㉷ ㉸ ㉹ ㉺ ㉻ ㉿ ㊀ ㊁ ㊂ ㊃ ㊄ ㊅ ㊆ ㊇ ㊈ ㊉ ㊊ ㊋ ㊌ ㊍ ㊎ ㊏ ㊐ ㊑ ㊒ ㊓ ㊔ ㊕ ㊖ ㊗ ㊘ ㊙ ㊚ ㋶ ㋷ ㋸ ㋹ ㋺ ㋻ ㋼ ㋽ ㋾ ㋐ ㋑ ㋒ ㋓ ㋔ ㋕ ㋖ ㋗ ㋘ ㋙ ㋚ ㋛ ㋜ ㋝ ㋞ ㋟ ㋠ ㋡ ㋢ ㋣ ㋤ ㋥ ㋦ ㋧ ㋨ ㋩ ㋪ ㋫ ㋬ ㋭ ㋮ ㋯ ㋰ ㋱ ㋲ ㋳ ㋴ ㋵ ㎀ ㎁ ㎂ ㎃ ㎄ ㎅ ㎆ ㎇ ㎈ ㎉ ㎊ ㎋ ㎌ ㎍ ㎎ ㎏ ㎐ ㎑ ㎒ ㎓ ㎔ ㎕ ㎖ ㎗ ㎘ ㎙ ㎚ ㎛ ㎜ ㎝ ㎞ ㎟ ㎠ ㎡ ㎢ ㎣ ㎤ ㎥ ㎦ ㎧ ㎨ ㎩ ㎪ ㎫ ㎭ ㎮ ㎯ ㎰ ㎱ ㎲ ㎳ ㎴ ㎵ ㎶ ㎷ ㎸ ㎹ ㎺ ㎻ ㎼ ㎽ ㎾ ㎿ ㏀ ㏁ ㏂ ㏃ ㏄ ㏅ ㏆ ㏇ ㏈ ㏉ ㏊ ㏋ ㏌ ㏍ ㏎ ㏏ ㏐ ㏑ ㏒ ㏓ ㏔ ㏕ ㏖ ㏗ 龱 ䷧ ䷨ ䷩ ䷪ ䷫ ䷬ ䷭ ䷮ ䷯ ䷰ ䷱ ䷲ ䷳ ䷴ ䷵ ䷶ ䷷ ䷸ ䷹ ䷺ ䷻ ䷼ ䷽ ䷾ ䷿ ䷀ ䷁ ䷂ ䷃ ䷄ ䷅ ䷆ ䷇ ䷈ ䷉ ䷊ ䷋ ䷌ ䷍ ䷎ ䷏ ䷐ ䷑ ䷒ ䷓ ䷔ ䷕ ䷖ ䷗ ䷘ ䷙ ䷚ ䷛ ䷜ ䷝ ䷞ ䷟ ䷠ ䷡ ䷢ ䷣ ䷤ ䷥ ䷦ ꀀ ꀁ ꀂ ꀃ ꀄ ꀅ ꀆ ꀇ ꀈ ꀉ ꀊ ꀋ ꀌ ꀍ ꀎ ꀏ ꀐ ꀑ ꀒ ꀓ ꀔ ꀕ ꀖ ꀗ ꀘ ꀙ ꀚ ꀛ ꀜ ꀝ ꀞ ꀟ ꀠ ꀡ ꀢ ꀣ ꀤ ꀥ ꀦ ꀧ ꀨ ꀩ ꀪ ꀫ ꀬ ꀭ ꀮ ꀯ ꀰ ꀱ ꀲ ꀳ ꀴ ꀵ ꀶ ꀷ ꀸ ꀹ ꀺ ꀻ ꀼ ꀽ ꀾ ꀿ ꁀ ꁁ ꁂ ꁃ ꁄ ꁅ ꁆ ꁇ ꁈ ꁉ ꁊ ꁋ ꁌ ꁍ ꁎ ꁏ ꁐ ꁑ ꁒ ꁓ ꁔ ꁕ ꁖ ꁗ ꁘ ꁙ ꁚ ꁛ ꁜ ꁝ ꁞ ꁟ ꁠ ꁡ ꁢ ꁣ ꁤ ꁥ ꁦ ꁧ ꁨ ꁩ ꁪ ꁫ ꁬ ꁭ ꁮ ꁯ ꁰ ꁱ ꁲ ꁳ ꁴ ꁵ ꁶ ꁷ ꁸ ꁹ ꁺ ꁻ ꁼ ꁽ ꁾ ꁿ ꂀ ꂁ ꂂ ꂃ ꂄ ꂅ ꂆ ꂇ ꂈ ꂉ ꂊ ꂋ ꂌ ꂍ ꂎ ꂏ ꂐ ꂑ ꂒ ꂓ ꂔ ꂕ ꂖ ꂗ ꂘ ꂙ ꂚ ꂛ ꂜ ꂝ ꂞ ꂟ ꂠ ꂡ ꂢ ꂣ ꂤ ꂥ ꂦ ꂧ ꂨ ꂩ ꂪ ꂫ ꂬ ꂭ ꂮ ꂯ ꂰ ꂱ ꂲ ꂳ ꂴ ꂵ ꂶ ꂷ ꂸ ꂹ ꂺ ꂻ ꂼ ꂽ ꂾ ꂿ ꃀ ꃁ ꃂ ꃃ ꃄ ꃅ ꃆ ꃇ ꃈ ꃉ ꃊ ꃋ ꃌ ꃍ ꃎ ꃏ ꃐ ꃑ ꃒ ꃓ ꃔ ꃕ ꃖ ꃗ ꃘ ꃙ ꃚ ꃛ ꃜ ꃝ ꃞ ꃟ ꃠ ꃡ ꃢ ꃣ ꃤ ꃥ ꃦ ꃧ ꃨ ꃩ ꃪ ꃫ ꃬ ꃭ ꃮ ꃯ ꃰ ꃱ ꃲ ꃳ ꃴ ꃵ ꃶ ꃷ ꃸ ꃹ ꃺ ꃻ ꃼ ꃽ ꃾ ꃿ ꄀ ꄁ ꄂ ꄃ ꄄ ꄅ ꄆ ꄇ ꄈ ꄉ ꄊ ꄋ ꄌ ꄍ ꄎ ꄏ ꄐ ꄑ ꄒ ꄓ ꄔ ꄕ ꄖ ꄗ ꄘ ꄙ ꄚ ꄛ ꄜ ꄝ ꄞ ꄟ ꄠ ꄡ ꄢ ꄣ ꄤ ꄥ ꄦ ꄧ ꄨ ꄩ ꄪ ꄫ ꄬ ꄭ ꄮ ꄯ ꄰ ꄱ ꄲ ꄳ ꄴ ꄵ ꄶ ꄷ ꄸ ꄹ ꄺ ꄻ ꄼ ꄽ ꄾ ꄿ ꅀ ꅁ ꅂ ꅃ ꅄ ꅅ ꅆ ꅇ ꅈ ꅉ ꅊ ꅋ ꅌ ꅍ ꅎ ꅏ ꅐ ꅑ ꅒ ꅓ ꅔ ꅕ ꅖ ꅗ ꅘ ꅙ ꅚ ꅛ ꅜ ꅝ ꅞ ꅟ ꅠ ꅡ ꅢ ꅣ ꅤ ꅥ ꅦ ꅧ ꅨ ꅩ ꅪ ꅫ ꅬ ꅭ ꅮ ꅯ ꅰ ꅱ ꅲ ꅳ ꅴ ꅵ ꅶ ꅷ ꅸ ꅹ ꅺ ꅻ ꅼ ꅽ ꅾ ꅿ ꆀ ꆁ ꆂ ꆃ ꆄ ꆅ ꆆ ꆇ ꆈ ꆉ ꆊ ꆋ ꆌ ꆍ ꆎ ꆏ ꆐ ꆑ ꆒ ꆓ ꆔ ꆕ ꆖ ꆗ ꆘ ꆙ ꆚ ꆛ ꆜ ꆝ ꆞ ꆟ ꆠ ꆡ ꆢ ꆣ ꆤ ꆥ ꆦ ꆧ ꆨ ꆩ ꆪ ꆫ ꆬ ꆭ ꆮ ꆯ ꆰ ꆱ ꆲ ꆳ ꆴ ꆵ ꆶ ꆷ ꆸ ꆹ ꆺ ꆻ ꆼ ꆽ ꆾ ꆿ ꇀ ꇁ ꇂ ꇃ ꇄ ꇅ ꇆ ꇇ ꇈ ꇉ ꇊ ꇋ ꇌ ꇍ ꇎ ꇏ ꇐ ꇑ ꇒ ꇓ ꇔ ꇕ ꇖ ꇗ ꇘ ꇙ ꇚ ꇛ ꇜ ꇝ ꇞ ꇟ ꇠ ꇡ ꇢ ꇣ ꇤ ꇥ ꇦ ꇧ ꇨ ꇩ ꇪ ꇫ ꇬ ꇭ ꇮ ꇯ ꇰ ꇱ ꇲ ꇳ ꇴ ꇵ ꇶ ꇷ ꇸ ꇹ ꇺ ꇻ ꇼ ꇽ ꇾ ꇿ ꈀ ꈁ ꈂ ꈃ ꈄ ꈅ ꈆ ꈇ ꈈ ꈉ ꈊ ꈋ ꈌ ꈍ ꈎ ꈏ ꈐ ꈑ ꈒ ꈓ ꈔ ꈕ ꈖ ꈗ ꈘ ꈙ ꈚ ꈛ ꈜ ꈝ ꈞ ꈟ ꈠ ꈡ ꈢ ꈣ ꈤ ꈥ ꈦ ꈧ ꈨ ꈩ ꈪ ꈫ ꈬ ꈭ ꈮ ꈯ ꈰ ꈱ ꈲ ꈳ ꈴ ꈵ ꈶ ꈷ ꈸ ꈹ ꈺ ꈻ ꈼ ꈽ ꈾ ꈿ ꉀ ꉁ ꉂ ꉃ ꉄ ꉅ ꉆ ꉇ ꉈ ꉉ ꉊ ꉋ ꉌ ꉍ ꉎ ꉏ ꉐ ꉑ ꉒ ꉓ ꉔ ꉕ ꉖ ꉗ ꉘ ꉙ ꉚ ꉛ ꉜ ꉝ ꉞ ꉟ ꉠ ꉡ ꉢ ꉣ ꉤ ꉥ ꉦ ꉧ ꉨ ꉩ ꉪ ꉫ ꉬ ꉭ ꉮ ꉯ ꉰ ꉱ ꉲ ꉳ ꉴ ꉵ ꉶ ꉷ ꉸ ꉹ ꉺ ꉻ ꉼ ꉽ ꉾ ꉿ ꊀ ꊁ ꊂ ꊃ ꊄ ꊅ ꊆ ꊇ ꊈ ꊉ ꊊ ꊋ ꊌ ꊍ ꊎ ꊏ ꊐ ꊑ ꊒ ꊓ ꊔ ꊕ ꊖ ꊗ ꊘ ꊙ ꊚ ꊛ ꊜ ꊝ ꊞ ꊟ ꊠ ꊡ ꊢ ꊣ ꊤ ꊥ ꊦ ꊧ ꊨ ꊩ ꊪ ꊫ ꊬ ꊭ ꊮ ꊯ ꊰ ꊱ ꊲ ꊳ ꊴ ꊵ ꊶ ꊷ ꊸ ꊹ ꊺ ꊻ ꊼ ꊽ ꊾ ꊿ ꋀ ꋁ ꋂ ꋃ ꋄ ꋅ ꋆ ꋇ ꋈ ꋉ ꋊ ꋋ ꋌ ꋍ ꋎ ꋏ ꋐ ꋑ ꋒ ꋓ ꋔ ꋕ ꋖ ꋗ ꋘ ꋙ ꋚ ꋛ ꋜ ꋝ ꋞ ꋟ ꋠ ꋡ ꋢ ꋣ ꋤ ꋥ ꋦ ꋧ ꋨ ꋩ ꋪ ꋫ ꋬ ꋭ ꋮ ꋯ ꋰ ꋱ ꋲ ꋳ ꋴ ꋵ ꋶ ꋷ ꋸ ꋹ ꋺ ꋻ ꋼ ꋽ ꋾ ꋿ ꌀ ꌁ ꌂ ꌃ ꌄ ꌅ ꌆ ꌇ ꌈ ꌉ ꌊ ꌋ ꌌ ꌍ ꌎ ꌏ ꌐ ꌑ ꌒ ꌓ ꌔ ꌕ ꌖ ꌗ ꌘ ꌙ ꌚ ꌛ ꌜ ꌝ ꌞ ꌟ ꌠ ꌡ ꌢ ꌣ ꌤ ꌥ ꌦ ꌧ ꌨ ꌩ ꌪ ꌫ ꌬ ꌭ ꌮ ꌯ ꌰ ꌱ ꌲ ꌳ ꌴ ꌵ ꌶ ꌷ ꌸ ꌹ ꌺ ꌻ ꌼ ꌽ ꌾ ꌿ ꍀ ꍁ ꍂ ꍃ ꍄ ꍅ ꍆ ꍇ ꍈ ꍉ ꍊ ꍋ ꍌ ꍍ ꍎ ꍏ ꍐ ꍑ ꍒ ꍓ ꍔ ꍕ ꍖ ꍗ ꍘ ꍙ ꍚ ꍛ ꍜ ꍝ ꍞ ꍟ ꍠ ꍡ ꍢ ꍣ ꍤ ꍥ ꍦ ꍧ ꍨ ꍩ ꍪ ꍫ ꍬ ꍭ ꍮ ꍯ ꍰ ꍱ ꍲ ꍳ ꍴ ꍵ ꍶ ꍷ ꍸ ꍹ ꍺ ꍻ ꍼ ꍽ ꍾ ꍿ ꎀ ꎁ ꎂ ꎃ ꎄ ꎅ ꎆ ꎇ ꎈ ꎉ ꎊ ꎋ ꎌ ꎍ ꎎ ꎏ ꎐ ꎑ ꎒ ꎓ ꎔ ꎕ ꎖ ꎗ ꎘ ꎙ ꎚ ꎛ ꎜ ꎝ ꎞ ꎟ ꎠ ꎡ ꎢ ꎣ ꎤ ꎥ ꎦ ꎧ ꎨ ꎩ ꎪ ꎫ ꎬ ꎭ ꎮ ꎯ ꎰ ꎱ ꎲ ꎳ ꎴ ꎵ ꎶ ꎷ ꎸ ꎹ ꎺ ꎻ ꎼ ꎽ ꎾ ꎿ ꏀ ꏁ ꏂ ꏃ ꏄ ꏅ ꏆ ꏇ ꏈ ꏉ ꏊ ꏋ ꏌ ꏍ ꏎ ꏏ ꏐ ꏑ ꏒ ꏓ ꏔ ꏕ ꏖ ꏗ ꏘ ꏙ ꏚ ꏛ ꏜ ꏝ ꏞ ꏟ ꏠ ꏡ ꏢ ꏣ ꏤ ꏥ ꏦ ꏧ ꏨ ꏩ ꏪ ꏫ ꏬ ꏭ ꏮ ꏯ ꏰ ꏱ ꏲ ꏳ ꏴ ꏵ ꏶ ꏷ ꏸ ꏹ ꏺ ꏻ ꏼ ꏽ ꏾ ꏿ ꐀ ꐁ ꐂ ꐃ ꐄ ꐅ ꐆ ꐇ ꐈ ꐉ ꐊ ꐋ ꐌ ꐍ ꐎ ꐏ ꐐ ꐑ ꐒ ꐓ ꐔ ꒑ ꒒ ꒓ ꒔ ꒕ ꒖ ꒗ ꒘ ꒙ ꒚ ꒛ ꒜ ꒝ ꒞ ꒟ ꑛ ꑜ ꑝ ꑞ ꑟ ꑠ ꑡ ꑢ ꑣ ꑤ ꑥ ꑦ ꑧ ꑨ ꑩ ꑪ ꑫ ꑬ ꑭ ꑮ ꑯ ꑰ ꑱ ꑲ ꑳ ꑴ ꑵ ꑶ ꑷ ꑸ ꑹ ꑺ ꑻ ꑼ ꑽ ꑾ ꑿ ꒀ ꒁ ꒂ ꒃ ꒄ ꒅ ꒆ ꒇ ꒈ ꒉ ꒊ ꒋ ꒌ ꒠ ꒡ ꒢ ꒣ ꒤ ꒥ ꒦ ꒧ ꒨ ꒩ ꒪ ꒫ ꒬ ꒭ ꒮ ꒯ ꒰ ꒱ ꒲ ꒳ ꒴ ꒵ ꒶ ꒷ ꒸ ꒹ ꒺ ꒻ ꒼ ꒽ ꒾ ꒿ ꓀ ꓁ ꓂ ꓃ ꓄ ꓅ Ꙣ ꙣ Ꙥ ꙥ Ꙧ ꙧ Ꙩ ꙩ Ꙫ ꙫ Ꙭ ꙭ ꙮ Ꙅ ꙅ Ꙇ ꙇ Ꙍ ꙍ Ꙑ ꙑ Ꙕ ꟻ ꟼ ꟽ ꟾ ꟿ Ꝏ ꝏ ꜠ ꜡ ꜰ ꜱ Ꜳ ꜳ Ꜵ ꜵ Ꜷ ꜷ Ꜹ ꜹ Ꜻ ꜻ Ꜽ ꜽ Ꜿ ꜿ Ꝇ ꝇ Ꝉ ꝉ Ꝋ ꝋ ︷ ︸ ︹ ︺ ︻ ︼ ︽ ︾ ︿ ﹀ ﹁ ﹂ ﹃ ﹄ ﹅ ﹆ ﹇ ﹈ ﹉ ﹊ ﹋ ﹌ ︗ ︘ ︙ ︠ ︡ ︢ ︣ ︵ ︶ ', 1, 7, NULL, NULL, NULL, '2015-08-30 15:16:53', '2015-08-30 15:16:53', NULL),
	(8, 3, 1, NULL, '#7ec95f', 1, 7, NULL, NULL, NULL, '2015-08-30 22:04:19', '2015-08-30 22:04:19', NULL);
/*!40000 ALTER TABLE `forum_post` ENABLE KEYS */;


-- Dumping structure for table switkrze_rally.forum_thread
DROP TABLE IF EXISTS `forum_thread`;
CREATE TABLE IF NOT EXISTS `forum_thread` (
  `id` int(11) NOT NULL AUTO_INCREMENT,
  `user_id` int(11) DEFAULT NULL,
  `category_id` int(11) DEFAULT NULL,
  `title` varchar(255) DEFAULT NULL,
  `content` text,
  `pinned` tinyint(1) DEFAULT '0',
  `active` tinyint(1) NOT NULL DEFAULT '1',
  `moderator_notes` text,
  `moderator_date` datetime DEFAULT NULL,
  `moderator_name` varchar(255) DEFAULT NULL,
  `created_at` datetime NOT NULL,
  `updated_at` datetime NOT NULL,
  `deleted_at` datetime DEFAULT NULL,
  PRIMARY KEY (`id`),
  KEY `forum_thread_user_id_user_user_id` (`user_id`),
  KEY `forum_thread_category_id_forum_category_id` (`category_id`)
) ENGINE=MyISAM AUTO_INCREMENT=10 DEFAULT CHARSET=utf8;

-- Dumping data for table switkrze_rally.forum_thread: 2 rows
DELETE FROM `forum_thread`;
/*!40000 ALTER TABLE `forum_thread` DISABLE KEYS */;
INSERT INTO `forum_thread` (`id`, `user_id`, `category_id`, `title`, `content`, `pinned`, `active`, `moderator_notes`, `moderator_date`, `moderator_name`, `created_at`, `updated_at`, `deleted_at`) VALUES
	(9, 36, 2, 'kgjjkghk', 'hgjkghghjk', 0, 1, NULL, NULL, NULL, '2015-09-01 10:07:27', '2015-09-01 10:07:27', NULL),
	(8, 3, 2, 'test2', 'test2', 0, 1, NULL, NULL, NULL, '2015-08-29 20:56:58', '2015-08-29 20:56:58', NULL),
	(7, 3, 1, 'Testing', 'Random forum post test', 0, 1, NULL, NULL, NULL, '2015-08-29 15:36:54', '2015-08-29 15:36:54', NULL);
/*!40000 ALTER TABLE `forum_thread` ENABLE KEYS */;


-- Dumping structure for table switkrze_rally.league_league
DROP TABLE IF EXISTS `league_league`;
CREATE TABLE IF NOT EXISTS `league_league` (
  `league_name` varchar(255) NOT NULL DEFAULT '0.00',
  `league_level` bigint(20) DEFAULT NULL,
  `created_at` datetime NOT NULL,
  `updated_at` datetime NOT NULL,
  `deleted_at` datetime DEFAULT NULL,
  PRIMARY KEY (`league_name`)
) ENGINE=MyISAM DEFAULT CHARSET=utf8;

-- Dumping data for table switkrze_rally.league_league: 57 rows
DELETE FROM `league_league`;
/*!40000 ALTER TABLE `league_league` DISABLE KEYS */;
INSERT INTO `league_league` (`league_name`, `league_level`, `created_at`, `updated_at`, `deleted_at`) VALUES
	('1.0', 1, '0000-00-00 00:00:00', '0000-00-00 00:00:00', NULL),
	('2.1', 2, '0000-00-00 00:00:00', '0000-00-00 00:00:00', NULL),
	('2.2', 2, '0000-00-00 00:00:00', '0000-00-00 00:00:00', NULL),
	('3.1', 3, '0000-00-00 00:00:00', '0000-00-00 00:00:00', NULL),
	('3.2', 3, '0000-00-00 00:00:00', '0000-00-00 00:00:00', NULL),
	('3.3', 3, '0000-00-00 00:00:00', '0000-00-00 00:00:00', NULL),
	('3.4', 3, '0000-00-00 00:00:00', '0000-00-00 00:00:00', NULL),
	('4.1', 4, '0000-00-00 00:00:00', '0000-00-00 00:00:00', NULL),
	('4.2', 4, '0000-00-00 00:00:00', '0000-00-00 00:00:00', NULL),
	('4.3', 4, '0000-00-00 00:00:00', '0000-00-00 00:00:00', NULL),
	('4.4', 4, '0000-00-00 00:00:00', '0000-00-00 00:00:00', NULL),
	('4.5', 4, '0000-00-00 00:00:00', '0000-00-00 00:00:00', NULL),
	('4.6', 4, '0000-00-00 00:00:00', '0000-00-00 00:00:00', NULL),
	('4.7', 4, '0000-00-00 00:00:00', '0000-00-00 00:00:00', NULL),
	('4.8', 4, '0000-00-00 00:00:00', '0000-00-00 00:00:00', NULL),
	('5.9', 5, '0000-00-00 00:00:00', '0000-00-00 00:00:00', NULL),
	('5.10', 5, '0000-00-00 00:00:00', '0000-00-00 00:00:00', NULL),
	('5.11', 5, '0000-00-00 00:00:00', '0000-00-00 00:00:00', NULL),
	('5.13', 5, '0000-00-00 00:00:00', '0000-00-00 00:00:00', NULL),
	('5.14', 5, '0000-00-00 00:00:00', '0000-00-00 00:00:00', NULL),
	('5.15', 5, '0000-00-00 00:00:00', '0000-00-00 00:00:00', NULL),
	('5.16', 5, '0000-00-00 00:00:00', '0000-00-00 00:00:00', NULL),
	('5.12', 5, '0000-00-00 00:00:00', '0000-00-00 00:00:00', NULL),
	('5.1', 5, '0000-00-00 00:00:00', '0000-00-00 00:00:00', NULL),
	('5.2', 5, '0000-00-00 00:00:00', '0000-00-00 00:00:00', NULL),
	('5.3', 5, '0000-00-00 00:00:00', '0000-00-00 00:00:00', NULL),
	('5.4', 5, '0000-00-00 00:00:00', '0000-00-00 00:00:00', NULL),
	('5.5', 5, '0000-00-00 00:00:00', '0000-00-00 00:00:00', NULL),
	('5.6', 5, '0000-00-00 00:00:00', '0000-00-00 00:00:00', NULL),
	('5.7', 5, '0000-00-00 00:00:00', '0000-00-00 00:00:00', NULL),
	('5.8', 5, '0000-00-00 00:00:00', '0000-00-00 00:00:00', NULL),
	('1', 1, '2015-08-04 16:26:23', '2015-08-04 16:26:23', NULL),
	('2.3', 2, '0000-00-00 00:00:00', '0000-00-00 00:00:00', NULL),
	('3.5', 3, '0000-00-00 00:00:00', '0000-00-00 00:00:00', NULL),
	('3.6', 3, '0000-00-00 00:00:00', '0000-00-00 00:00:00', NULL),
	('3.7', 3, '0000-00-00 00:00:00', '0000-00-00 00:00:00', NULL),
	('3.8', 3, '0000-00-00 00:00:00', '0000-00-00 00:00:00', NULL),
	('3.9', 3, '0000-00-00 00:00:00', '0000-00-00 00:00:00', NULL),
	('4.9', 4, '0000-00-00 00:00:00', '0000-00-00 00:00:00', NULL),
	('4.10', 4, '0000-00-00 00:00:00', '0000-00-00 00:00:00', NULL),
	('4.11', 4, '0000-00-00 00:00:00', '0000-00-00 00:00:00', NULL),
	('4.12', 4, '0000-00-00 00:00:00', '0000-00-00 00:00:00', NULL),
	('4.13', 4, '0000-00-00 00:00:00', '0000-00-00 00:00:00', NULL),
	('4.14', 4, '0000-00-00 00:00:00', '0000-00-00 00:00:00', NULL),
	('4.15', 4, '0000-00-00 00:00:00', '0000-00-00 00:00:00', NULL),
	('4.16', 4, '0000-00-00 00:00:00', '0000-00-00 00:00:00', NULL),
	('4.17', 4, '0000-00-00 00:00:00', '0000-00-00 00:00:00', NULL),
	('4.18', 4, '0000-00-00 00:00:00', '0000-00-00 00:00:00', NULL),
	('4.19', 4, '0000-00-00 00:00:00', '0000-00-00 00:00:00', NULL),
	('4.20', 4, '0000-00-00 00:00:00', '0000-00-00 00:00:00', NULL),
	('4.21', 4, '0000-00-00 00:00:00', '0000-00-00 00:00:00', NULL),
	('4.22', 4, '0000-00-00 00:00:00', '0000-00-00 00:00:00', NULL),
	('4.23', 4, '0000-00-00 00:00:00', '0000-00-00 00:00:00', NULL),
	('4.24', 4, '0000-00-00 00:00:00', '0000-00-00 00:00:00', NULL),
	('4.25', 4, '0000-00-00 00:00:00', '0000-00-00 00:00:00', NULL),
	('4.26', 4, '0000-00-00 00:00:00', '0000-00-00 00:00:00', NULL),
	('4.27', 4, '0000-00-00 00:00:00', '0000-00-00 00:00:00', NULL);
/*!40000 ALTER TABLE `league_league` ENABLE KEYS */;


-- Dumping structure for table switkrze_rally.league_season
DROP TABLE IF EXISTS `league_season`;
CREATE TABLE IF NOT EXISTS `league_season` (
  `id` int(11) NOT NULL AUTO_INCREMENT,
  `league_name` varchar(255) DEFAULT NULL,
  `team_id` bigint(20) DEFAULT NULL,
  `points` bigint(20) DEFAULT '0',
  `season` bigint(20) DEFAULT NULL,
  `created_at` datetime NOT NULL,
  `updated_at` datetime NOT NULL,
  `deleted_at` datetime DEFAULT NULL,
  PRIMARY KEY (`id`),
  KEY `league_name_idx` (`league_name`),
  KEY `league_season_team_id_team_team_id` (`team_id`)
) ENGINE=MyISAM AUTO_INCREMENT=37 DEFAULT CHARSET=utf8;

-- Dumping data for table switkrze_rally.league_season: 34 rows
DELETE FROM `league_season`;
/*!40000 ALTER TABLE `league_season` DISABLE KEYS */;
INSERT INTO `league_season` (`id`, `league_name`, `team_id`, `points`, `season`, `created_at`, `updated_at`, `deleted_at`) VALUES
	(8, '1.0', 8, 0, 1, '2015-08-26 11:14:47', '2015-08-26 11:14:47', NULL),
	(2, '1.0', 2, 0, 1, '2015-08-25 17:14:14', '2015-08-25 17:14:14', NULL),
	(3, '1.0', 3, 14, 1, '2015-08-25 18:57:06', '2015-08-30 12:45:00', NULL),
	(4, '1.0', 4, 6, 1, '2015-08-25 19:07:54', '2015-08-30 12:45:00', NULL),
	(5, '1.0', 5, 15, 1, '2015-08-26 06:44:07', '2015-08-30 12:45:00', NULL),
	(6, '1.0', 6, 0, 1, '2015-08-26 08:37:46', '2015-08-26 08:37:46', NULL),
	(7, '1.0', 7, 20, 1, '2015-08-26 10:22:59', '2015-08-30 12:45:00', NULL),
	(9, '1.0', 9, 7, 1, '2015-08-26 11:18:45', '2015-08-30 12:45:00', NULL),
	(10, '1.0', 10, 0, 1, '2015-08-26 16:46:19', '2015-08-26 16:46:19', NULL),
	(11, '1.0', 11, 0, 1, '2015-08-26 20:17:15', '2015-08-26 20:17:15', NULL),
	(12, '1.0', 12, 0, 1, '2015-08-26 23:51:56', '2015-08-26 23:51:56', NULL),
	(13, '1.0', 13, 0, 1, '2015-08-27 00:38:41', '2015-08-27 00:38:41', NULL),
	(14, '1.0', 14, 0, 1, '2015-08-27 01:07:04', '2015-08-27 01:07:04', NULL),
	(15, '1.0', 15, 0, 1, '2015-08-27 10:39:47', '2015-08-27 10:39:47', NULL),
	(16, '1.0', 16, 0, 1, '2015-08-27 10:55:05', '2015-08-27 10:55:05', NULL),
	(17, '1.0', 17, 0, 1, '2015-08-27 14:44:48', '2015-08-27 14:44:48', NULL),
	(20, '2.1', 20, 0, 1, '2015-08-29 20:48:39', '2015-08-29 20:48:39', NULL),
	(19, '2.1', 19, 0, 1, '2015-08-28 10:16:57', '2015-08-28 10:16:57', NULL),
	(21, '2.1', 21, 0, 1, '2015-08-29 20:48:39', '2015-08-29 20:48:39', NULL),
	(22, '2.1', 22, 0, 1, '2015-08-29 20:48:39', '2015-08-29 20:48:39', NULL),
	(23, '2.1', 23, 0, 1, '2015-08-29 20:48:39', '2015-08-29 20:48:39', NULL),
	(24, '2.1', 24, 0, 1, '2015-08-29 20:48:39', '2015-08-29 20:48:39', NULL),
	(25, '2.1', 25, 0, 1, '2015-08-29 20:48:39', '2015-08-29 20:48:39', NULL),
	(26, '2.1', 26, 0, 1, '2015-08-29 20:48:39', '2015-08-29 20:48:39', NULL),
	(27, '2.1', 27, 0, 1, '2015-08-29 20:48:39', '2015-08-29 20:48:39', NULL),
	(28, '2.1', 28, 0, 1, '2015-08-29 20:48:39', '2015-08-29 20:48:39', NULL),
	(29, '2.1', 29, 0, 1, '2015-08-29 20:48:39', '2015-08-29 20:48:39', NULL),
	(30, '2.1', 30, 0, 1, '2015-08-29 20:48:39', '2015-08-29 20:48:39', NULL),
	(31, '2.1', 31, 0, 1, '2015-08-29 20:48:39', '2015-08-29 20:48:39', NULL),
	(32, '2.1', 32, 0, 1, '2015-08-29 20:48:39', '2015-08-29 20:48:39', NULL),
	(33, '2.1', 33, 0, 1, '2015-08-29 20:48:39', '2015-08-29 20:48:39', NULL),
	(34, '2.1', 34, 0, 1, '2015-08-29 20:48:39', '2015-08-29 20:48:39', NULL),
	(35, '2.2', 35, 0, 1, '2015-08-30 09:19:23', '2015-08-30 09:19:23', NULL),
	(36, '2.2', 36, 0, 1, '2015-08-30 09:59:45', '2015-08-30 09:59:45', NULL);
/*!40000 ALTER TABLE `league_season` ENABLE KEYS */;


-- Dumping structure for table switkrze_rally.league_season_info
DROP TABLE IF EXISTS `league_season_info`;
CREATE TABLE IF NOT EXISTS `league_season_info` (
  `id` int(11) NOT NULL AUTO_INCREMENT,
  `season` bigint(20) DEFAULT NULL,
  `season_start` datetime DEFAULT NULL,
  `season_finish` datetime DEFAULT NULL,
  `created_at` datetime NOT NULL,
  `updated_at` datetime NOT NULL,
  `deleted_at` datetime DEFAULT NULL,
  PRIMARY KEY (`id`)
) ENGINE=MyISAM AUTO_INCREMENT=4 DEFAULT CHARSET=utf8;

-- Dumping data for table switkrze_rally.league_season_info: 2 rows
DELETE FROM `league_season_info`;
/*!40000 ALTER TABLE `league_season_info` DISABLE KEYS */;
INSERT INTO `league_season_info` (`id`, `season`, `season_start`, `season_finish`, `created_at`, `updated_at`, `deleted_at`) VALUES
	(2, 1, '2015-08-27 09:48:30', '2015-11-19 09:48:33', '0000-00-00 00:00:00', '0000-00-00 00:00:00', NULL),
	(3, 2, '2015-11-19 09:48:40', '2016-01-05 09:48:33', '0000-00-00 00:00:00', '0000-00-00 00:00:00', NULL);
/*!40000 ALTER TABLE `league_season_info` ENABLE KEYS */;


-- Dumping structure for table switkrze_rally.market_bid
DROP TABLE IF EXISTS `market_bid`;
CREATE TABLE IF NOT EXISTS `market_bid` (
  `id` int(11) NOT NULL AUTO_INCREMENT,
  `offer_id` int(11) DEFAULT NULL,
  `value` bigint(20) DEFAULT NULL,
  `team_id` bigint(20) DEFAULT NULL,
  `active` tinyint(1) NOT NULL DEFAULT '1',
  `user_ip` varchar(50) DEFAULT NULL,
  `created_at` datetime NOT NULL,
  `updated_at` datetime NOT NULL,
  `deleted_at` datetime DEFAULT NULL,
  PRIMARY KEY (`id`),
  KEY `market_bid_team_id_team_team_id` (`team_id`),
  KEY `market_bid_offer_id_market_offer_id` (`offer_id`)
) ENGINE=MyISAM AUTO_INCREMENT=37 DEFAULT CHARSET=utf8;

-- Dumping data for table switkrze_rally.market_bid: 28 rows
DELETE FROM `market_bid`;
/*!40000 ALTER TABLE `market_bid` DISABLE KEYS */;
INSERT INTO `market_bid` (`id`, `offer_id`, `value`, `team_id`, `active`, `user_ip`, `created_at`, `updated_at`, `deleted_at`) VALUES
	(8, 3, 55, 7, 1, '85.232.234.195', '2015-08-28 12:22:53', '2015-08-28 12:22:53', NULL),
	(7, 2, 50, 5, 1, '178.37.106.142', '2015-08-28 11:40:18', '2015-08-28 11:40:18', NULL),
	(6, 3, 50, 5, 1, '178.37.106.142', '2015-08-28 11:39:42', '2015-08-28 11:39:42', NULL),
	(9, 3, 60, 4, 1, '130.255.153.104', '2015-08-28 15:53:05', '2015-08-28 15:53:05', NULL),
	(10, 3, 100, 5, 1, '178.37.111.154', '2015-08-28 16:24:05', '2015-08-28 16:24:05', NULL),
	(11, 3, 110, 15, 1, '89.64.27.143', '2015-08-28 20:15:11', '2015-08-28 20:15:11', NULL),
	(12, 1, 10, 15, 1, '89.64.27.143', '2015-08-28 20:15:51', '2015-08-28 20:15:51', NULL),
	(13, 2, 55, 15, 1, '89.64.27.143', '2015-08-28 20:21:18', '2015-08-28 20:21:18', NULL),
	(14, 3, 5000, 3, 1, '83.26.232.64', '2015-08-28 20:47:56', '2015-08-28 20:47:56', NULL),
	(15, 3, 5001, 5, 1, '89.73.144.8', '2015-08-28 21:12:08', '2015-08-28 21:12:08', NULL),
	(16, 2, 60, 5, 1, '89.73.144.8', '2015-08-28 21:12:39', '2015-08-28 21:12:39', NULL),
	(17, 2, 2500, 3, 1, '83.26.232.64', '2015-08-28 21:37:53', '2015-08-28 21:37:53', NULL),
	(18, 1, 1000, 3, 1, '83.26.232.64', '2015-08-28 21:38:04', '2015-08-28 21:38:04', NULL),
	(19, 3, 7500, 3, 1, '83.26.232.64', '2015-08-28 21:38:35', '2015-08-28 21:38:35', NULL),
	(20, 3, 7501, 9, 1, '83.20.99.20', '2015-08-28 22:04:57', '2015-08-28 22:04:57', NULL),
	(21, 3, 8000, 3, 1, '83.26.232.64', '2015-08-28 22:21:35', '2015-08-28 22:21:35', NULL),
	(22, 3, 8001, 5, 1, '89.73.144.8', '2015-08-29 09:33:43', '2015-08-29 09:33:43', NULL),
	(23, 2, 2750, 5, 1, '89.73.144.8', '2015-08-29 09:34:17', '2015-08-29 09:34:17', NULL),
	(24, 3, 9000, 3, 1, '83.26.232.64', '2015-08-29 15:31:47', '2015-08-29 15:31:47', NULL),
	(25, 3, 9001, 9, 1, '79.184.8.111', '2015-08-29 19:38:31', '2015-08-29 19:38:31', NULL),
	(27, 3, 9002, 5, 1, '89.73.144.8', '2015-08-29 22:03:21', '2015-08-29 22:03:21', NULL),
	(28, 3, 9003, 3, 1, '83.5.242.236', '2015-08-29 22:37:20', '2015-08-29 22:37:20', NULL),
	(29, 4, 10000, 23, 1, '188.191.200.105', '2015-08-31 10:47:07', '2015-08-31 10:47:07', NULL),
	(30, 8, 23000, 23, 1, '188.191.200.105', '2015-08-31 10:47:37', '2015-08-31 10:47:37', NULL),
	(31, 6, 10800, 23, 1, '188.191.200.105', '2015-08-31 10:48:38', '2015-08-31 10:48:38', NULL),
	(32, 10, 2, 3, 1, '83.27.8.106', '2015-08-31 11:30:47', '2015-08-31 11:30:47', NULL),
	(33, 7, 1, 3, 1, '83.27.8.106', '2015-08-31 11:30:57', '2015-08-31 11:30:57', NULL),
	(34, 9, 1, 3, 1, '83.27.8.106', '2015-08-31 11:31:10', '2015-08-31 11:31:10', NULL),
	(35, 12, 10, 23, 1, '188.191.200.105', '2015-09-01 09:38:12', '2015-09-01 09:38:12', NULL),
	(36, 7, 2, 33, 1, '188.191.200.105', '2015-09-01 09:59:56', '2015-09-01 09:59:56', NULL);
/*!40000 ALTER TABLE `market_bid` ENABLE KEYS */;


-- Dumping structure for table switkrze_rally.market_car_bid
DROP TABLE IF EXISTS `market_car_bid`;
CREATE TABLE IF NOT EXISTS `market_car_bid` (
  `id` int(11) NOT NULL AUTO_INCREMENT,
  `offer_id` int(11) DEFAULT NULL,
  `value` bigint(20) DEFAULT NULL,
  `team_id` bigint(20) DEFAULT NULL,
  `active` tinyint(1) NOT NULL DEFAULT '1',
  `user_ip` varchar(255) DEFAULT NULL,
  `created_at` datetime NOT NULL,
  `updated_at` datetime NOT NULL,
  `deleted_at` datetime DEFAULT NULL,
  PRIMARY KEY (`id`),
  KEY `offer_id_idx` (`offer_id`),
  KEY `market_car_bid_team_id_team_team_id` (`team_id`)
) ENGINE=MyISAM AUTO_INCREMENT=23 DEFAULT CHARSET=utf8;

-- Dumping data for table switkrze_rally.market_car_bid: 22 rows
DELETE FROM `market_car_bid`;
/*!40000 ALTER TABLE `market_car_bid` DISABLE KEYS */;
INSERT INTO `market_car_bid` (`id`, `offer_id`, `value`, `team_id`, `active`, `user_ip`, `created_at`, `updated_at`, `deleted_at`) VALUES
	(1, 1, 20000, 9, 1, '83.25.84.220', '2015-08-27 14:35:16', '2015-08-27 14:35:16', NULL),
	(2, 2, 0, 9, 1, '83.25.84.220', '2015-08-27 14:48:12', '2015-08-27 14:48:12', NULL),
	(3, 2, 1000, 3, 1, '83.7.89.37', '2015-08-27 16:06:48', '2015-08-27 16:06:48', NULL),
	(4, 2, 1100, 5, 1, '178.37.106.142', '2015-08-27 19:54:14', '2015-08-27 19:54:14', NULL),
	(5, 2, 1111, 3, 1, '83.7.14.249', '2015-08-27 21:12:51', '2015-08-27 21:12:51', NULL),
	(6, 2, 1112, 5, 1, '178.37.106.142', '2015-08-28 09:05:49', '2015-08-28 09:05:49', NULL),
	(7, 2, 3000, 3, 1, '83.7.14.249', '2015-08-28 09:53:53', '2015-08-28 09:53:53', NULL),
	(8, 2, 3001, 5, 1, '178.37.106.142', '2015-08-28 11:40:38', '2015-08-28 11:40:38', NULL),
	(9, 3, 50, 5, 1, '178.37.106.142', '2015-08-28 11:41:03', '2015-08-28 11:41:03', NULL),
	(10, 3, 55, 7, 1, '85.232.234.195', '2015-08-28 12:23:40', '2015-08-28 12:23:40', NULL),
	(11, 3, 60, 4, 1, '130.255.153.104', '2015-08-28 15:50:07', '2015-08-28 15:50:07', NULL),
	(12, 4, 100, 4, 1, '130.255.153.104', '2015-08-28 15:50:32', '2015-08-28 15:50:32', NULL),
	(13, 3, 300, 5, 1, '178.37.111.154', '2015-08-28 16:25:30', '2015-08-28 16:25:30', NULL),
	(14, 3, 310, 6, 1, '83.233.36.20', '2015-08-28 17:34:42', '2015-08-28 17:34:42', NULL),
	(15, 3, 341, 7, 1, '83.6.163.53', '2015-08-28 18:14:58', '2015-08-28 18:14:58', NULL),
	(16, 4, 110, 15, 1, '89.64.27.143', '2015-08-28 20:19:46', '2015-08-28 20:19:46', NULL),
	(17, 3, 1000, 5, 1, '89.73.144.8', '2015-08-28 21:12:59', '2015-08-28 21:12:59', NULL),
	(18, 4, 111, 9, 1, '83.20.99.20', '2015-08-28 22:04:02', '2015-08-28 22:04:02', NULL),
	(19, 4, 122, 3, 1, '83.26.232.64', '2015-08-28 22:21:56', '2015-08-28 22:21:56', NULL),
	(20, 3, 1100, 3, 1, '83.26.232.64', '2015-08-28 22:22:15', '2015-08-28 22:22:15', NULL),
	(21, 3, 1200, 5, 1, '89.73.144.8', '2015-08-29 09:33:16', '2015-08-29 09:33:16', NULL),
	(22, 5, 100, 4, 1, '83.26.129.80', '2015-08-31 14:24:22', '2015-08-31 14:24:22', NULL);
/*!40000 ALTER TABLE `market_car_bid` ENABLE KEYS */;


-- Dumping structure for table switkrze_rally.market_car_dealer
DROP TABLE IF EXISTS `market_car_dealer`;
CREATE TABLE IF NOT EXISTS `market_car_dealer` (
  `id` int(11) NOT NULL AUTO_INCREMENT,
  `team_id` int(11) DEFAULT NULL,
  `car_id` int(11) DEFAULT NULL,
  `created_at` datetime NOT NULL,
  `updated_at` datetime NOT NULL,
  `deleted_at` datetime DEFAULT NULL,
  PRIMARY KEY (`id`)
) ENGINE=MyISAM DEFAULT CHARSET=utf8;

-- Dumping data for table switkrze_rally.market_car_dealer: 0 rows
DELETE FROM `market_car_dealer`;
/*!40000 ALTER TABLE `market_car_dealer` DISABLE KEYS */;
/*!40000 ALTER TABLE `market_car_dealer` ENABLE KEYS */;


-- Dumping structure for table switkrze_rally.market_car_duplicate
DROP TABLE IF EXISTS `market_car_duplicate`;
CREATE TABLE IF NOT EXISTS `market_car_duplicate` (
  `id` int(11) NOT NULL AUTO_INCREMENT,
  `offer_id` int(11) DEFAULT NULL,
  `bid_id` int(11) DEFAULT NULL,
  `solved` tinyint(1) DEFAULT '0',
  `created_at` datetime NOT NULL,
  `updated_at` datetime NOT NULL,
  `deleted_at` datetime DEFAULT NULL,
  PRIMARY KEY (`id`),
  KEY `market_car_duplicate_offer_id_market_car_offer_id` (`offer_id`),
  KEY `market_car_duplicate_bid_id_market_car_bid_id` (`bid_id`)
) ENGINE=MyISAM DEFAULT CHARSET=utf8;

-- Dumping data for table switkrze_rally.market_car_duplicate: 0 rows
DELETE FROM `market_car_duplicate`;
/*!40000 ALTER TABLE `market_car_duplicate` DISABLE KEYS */;
/*!40000 ALTER TABLE `market_car_duplicate` ENABLE KEYS */;


-- Dumping structure for table switkrze_rally.market_car_offer
DROP TABLE IF EXISTS `market_car_offer`;
CREATE TABLE IF NOT EXISTS `market_car_offer` (
  `id` int(11) NOT NULL AUTO_INCREMENT,
  `car_id` int(11) DEFAULT NULL,
  `team_id` int(11) DEFAULT NULL,
  `start_date` datetime DEFAULT NULL,
  `finish_date` datetime DEFAULT NULL,
  `asking_price` bigint(20) DEFAULT NULL,
  `highest_bid` bigint(20) DEFAULT NULL,
  `active` tinyint(1) NOT NULL DEFAULT '1',
  `car_moved` tinyint(1) NOT NULL DEFAULT '0',
  `canceled` tinyint(1) NOT NULL DEFAULT '0',
  `user_ip` varchar(255) DEFAULT NULL,
  `created_at` datetime NOT NULL,
  `updated_at` datetime NOT NULL,
  `deleted_at` datetime DEFAULT NULL,
  PRIMARY KEY (`id`),
  KEY `market_car_offer_car_id_car_car_id` (`car_id`)
) ENGINE=MyISAM AUTO_INCREMENT=6 DEFAULT CHARSET=utf8;

-- Dumping data for table switkrze_rally.market_car_offer: 5 rows
DELETE FROM `market_car_offer`;
/*!40000 ALTER TABLE `market_car_offer` DISABLE KEYS */;
INSERT INTO `market_car_offer` (`id`, `car_id`, `team_id`, `start_date`, `finish_date`, `asking_price`, `highest_bid`, `active`, `car_moved`, `canceled`, `user_ip`, `created_at`, `updated_at`, `deleted_at`) VALUES
	(1, 18, 10, '2015-08-27 11:36:17', '2015-08-30 11:36:17', 20000, 20000, 1, 1, 0, NULL, '2015-08-27 11:36:17', '2015-08-31 02:20:01', NULL),
	(2, 19, 17, '2015-08-27 14:46:03', '2015-08-28 14:46:03', 0, 3001, 1, 1, 0, NULL, '2015-08-27 14:46:03', '2015-08-29 02:20:01', NULL),
	(3, 22, 2, '2015-08-28 10:33:59', '2015-08-29 10:33:59', 1, 1200, 1, 1, 0, NULL, '2015-08-28 10:33:59', '2015-08-30 02:20:01', NULL),
	(4, 23, 2, '2015-08-28 10:35:12', '2015-08-29 10:35:12', 1, 122, 1, 1, 0, NULL, '2015-08-28 10:35:12', '2015-08-30 02:20:01', NULL),
	(5, 26, 20, '2015-08-31 10:46:17', '2015-09-03 10:46:17', 100, 100, 1, 0, 0, NULL, '2015-08-31 10:46:17', '2015-08-31 14:24:22', NULL);
/*!40000 ALTER TABLE `market_car_offer` ENABLE KEYS */;


-- Dumping structure for table switkrze_rally.market_offer
DROP TABLE IF EXISTS `market_offer`;
CREATE TABLE IF NOT EXISTS `market_offer` (
  `id` int(11) NOT NULL AUTO_INCREMENT,
  `people_id` int(11) DEFAULT NULL,
  `team_id` int(11) DEFAULT NULL,
  `start_date` datetime DEFAULT NULL,
  `finish_date` datetime DEFAULT NULL,
  `asking_price` bigint(20) DEFAULT NULL,
  `highest_bid` bigint(20) DEFAULT NULL,
  `active` tinyint(1) NOT NULL DEFAULT '1',
  `player_moved` tinyint(1) NOT NULL DEFAULT '0',
  `canceled` tinyint(1) NOT NULL DEFAULT '0',
  `user_ip` varchar(50) DEFAULT NULL,
  `created_at` datetime NOT NULL,
  `updated_at` datetime NOT NULL,
  `deleted_at` datetime DEFAULT NULL,
  PRIMARY KEY (`id`),
  KEY `market_offer_people_id_people_people_id` (`people_id`)
) ENGINE=MyISAM AUTO_INCREMENT=14 DEFAULT CHARSET=utf8;

-- Dumping data for table switkrze_rally.market_offer: 10 rows
DELETE FROM `market_offer`;
/*!40000 ALTER TABLE `market_offer` DISABLE KEYS */;
INSERT INTO `market_offer` (`id`, `people_id`, `team_id`, `start_date`, `finish_date`, `asking_price`, `highest_bid`, `active`, `player_moved`, `canceled`, `user_ip`, `created_at`, `updated_at`, `deleted_at`) VALUES
	(1, 42, 2, '2015-08-28 10:33:16', '2015-08-29 10:33:16', 1, 1000, 1, 1, 0, '213.120.103.175', '2015-08-28 10:33:16', '2015-08-30 02:20:01', NULL),
	(2, 43, 2, '2015-08-28 10:33:24', '2015-08-29 10:33:24', 2, 2750, 1, 1, 0, '213.120.103.175', '2015-08-28 10:33:24', '2015-08-30 02:20:01', NULL),
	(3, 44, 2, '2015-08-28 10:33:35', '2015-08-30 10:33:35', 5, 9003, 1, 1, 0, '213.120.103.175', '2015-08-28 10:33:35', '2015-08-31 02:20:01', NULL),
	(4, 46, 5, '2015-08-28 16:27:57', '2015-08-31 16:27:57', 10000, 10000, 1, 1, 0, '178.37.111.154', '2015-08-28 16:27:58', '2015-09-01 02:20:01', NULL),
	(6, 49, 3, '2015-08-30 14:43:30', '2015-09-02 14:43:30', 10500, 10800, 1, 0, 0, '83.27.8.106', '2015-08-30 14:43:30', '2015-08-31 10:48:38', NULL),
	(7, 20, 10, '2015-08-31 10:10:16', '2015-09-03 10:10:16', 1, 2, 1, 0, 0, '188.191.200.105', '2015-08-31 10:10:16', '2015-09-01 09:59:56', NULL),
	(8, 54, 20, '2015-08-31 10:41:51', '2015-09-03 10:41:51', 23000, 23000, 1, 0, 0, '188.191.200.105', '2015-08-31 10:41:51', '2015-08-31 10:47:37', NULL),
	(9, 55, 20, '2015-08-31 10:44:41', '2015-09-03 10:44:41', 1, 1, 1, 0, 0, '188.191.200.105', '2015-08-31 10:44:41', '2015-08-31 11:31:10', NULL),
	(10, 19, 10, '2015-08-31 11:06:11', '2015-09-03 11:06:11', 1, 2, 1, 0, 0, '188.191.200.105', '2015-08-31 11:06:11', '2015-08-31 11:30:47', NULL),
	(11, 42, 3, '2015-08-31 11:30:00', '2015-09-03 11:30:00', 10000, 0, 1, 0, 0, '83.27.8.106', '2015-08-31 11:30:00', '2015-08-31 11:30:00', NULL),
	(12, 82, 34, '2015-09-01 09:37:22', '2015-09-04 09:37:22', 1, 10, 1, 0, 0, '188.191.200.105', '2015-09-01 09:37:22', '2015-09-01 09:38:12', NULL),
	(13, 81, 33, '2015-09-01 10:06:33', '2015-09-04 10:06:33', 100, 0, 1, 0, 0, '188.191.200.105', '2015-09-01 10:06:33', '2015-09-01 10:06:33', NULL);
/*!40000 ALTER TABLE `market_offer` ENABLE KEYS */;


-- Dumping structure for table switkrze_rally.market_people_duplicate
DROP TABLE IF EXISTS `market_people_duplicate`;
CREATE TABLE IF NOT EXISTS `market_people_duplicate` (
  `id` int(11) NOT NULL AUTO_INCREMENT,
  `offer_id` int(11) DEFAULT NULL,
  `bid_id` int(11) DEFAULT NULL,
  `solved` tinyint(1) DEFAULT '0',
  `created_at` datetime NOT NULL,
  `updated_at` datetime NOT NULL,
  `deleted_at` datetime DEFAULT NULL,
  PRIMARY KEY (`id`),
  KEY `market_people_duplicate_offer_id_market_offer_id` (`offer_id`),
  KEY `market_people_duplicate_bid_id_market_bid_id` (`bid_id`)
) ENGINE=MyISAM AUTO_INCREMENT=14 DEFAULT CHARSET=utf8;

-- Dumping data for table switkrze_rally.market_people_duplicate: 12 rows
DELETE FROM `market_people_duplicate`;
/*!40000 ALTER TABLE `market_people_duplicate` DISABLE KEYS */;
INSERT INTO `market_people_duplicate` (`id`, `offer_id`, `bid_id`, `solved`, `created_at`, `updated_at`, `deleted_at`) VALUES
	(1, 3, 15, 0, '2015-08-28 21:12:08', '2015-08-28 21:12:08', NULL),
	(2, 2, 16, 0, '2015-08-28 21:12:39', '2015-08-28 21:12:39', NULL),
	(3, 3, 22, 0, '2015-08-29 09:33:43', '2015-08-29 09:33:43', NULL),
	(4, 2, 23, 0, '2015-08-29 09:34:17', '2015-08-29 09:34:17', NULL),
	(5, 3, 24, 0, '2015-08-29 15:31:47', '2015-08-29 15:31:47', NULL),
	(6, 3, 27, 0, '2015-08-29 22:03:21', '2015-08-29 22:03:21', NULL),
	(7, 4, 29, 0, '2015-08-31 10:47:07', '2015-08-31 10:47:07', NULL),
	(8, 8, 30, 0, '2015-08-31 10:47:37', '2015-08-31 10:47:37', NULL),
	(9, 6, 31, 0, '2015-08-31 10:48:38', '2015-08-31 10:48:38', NULL),
	(10, 10, 32, 0, '2015-08-31 11:30:47', '2015-08-31 11:30:47', NULL),
	(11, 7, 33, 0, '2015-08-31 11:30:57', '2015-08-31 11:30:57', NULL),
	(12, 9, 34, 0, '2015-08-31 11:31:10', '2015-08-31 11:31:10', NULL),
	(13, 7, 36, 0, '2015-09-01 09:59:56', '2015-09-01 09:59:56', NULL);
/*!40000 ALTER TABLE `market_people_duplicate` ENABLE KEYS */;


-- Dumping structure for table switkrze_rally.news_news
DROP TABLE IF EXISTS `news_news`;
CREATE TABLE IF NOT EXISTS `news_news` (
  `id` int(11) NOT NULL AUTO_INCREMENT,
  `title` varchar(255) DEFAULT NULL,
  `slug` varchar(255) DEFAULT NULL,
  `content` text,
  `publish_date` datetime DEFAULT NULL,
  `visible` tinyint(1) DEFAULT '1',
  `created_at` datetime NOT NULL,
  `updated_at` datetime NOT NULL,
  `deleted_at` datetime DEFAULT NULL,
  PRIMARY KEY (`id`)
) ENGINE=MyISAM AUTO_INCREMENT=5 DEFAULT CHARSET=utf8;

-- Dumping data for table switkrze_rally.news_news: 4 rows
DELETE FROM `news_news`;
/*!40000 ALTER TABLE `news_news` DISABLE KEYS */;
INSERT INTO `news_news` (`id`, `title`, `slug`, `content`, `publish_date`, `visible`, `created_at`, `updated_at`, `deleted_at`) VALUES
	(1, 'Pierrwszy post\\', 'pierw', 'Lorem ipsum dolor sit amet, consectetur adipiscing elit. Fusce lorem tortor, auctor quis lobortis eleifend, ultricies vel orci. Suspendisse quis sagittis tellus. Morbi blandit lectus vitae velit vulputate, id molestie velit feugiat. Vivamus et nibh placerat, congue mi sodales, euismod urna. Proin posuere odio erat, ac commodo neque gravida ut. Vivamus viverra feugiat mauris vitae malesuada. Ut pulvinar, mauris a lacinia malesuada, felis risus blandit enim, at blandit lectus tortor vitae mauris. Sed volutpat nibh in commodo pretium. Donec rhoncus sed odio iaculis euismod.', '2015-06-19 12:29:33', 1, '0000-00-00 00:00:00', '0000-00-00 00:00:00', NULL),
	(2, 'Drugi enws', 'drugi-news', 'Lorem ipsum dolor sit amet, consectetur adipiscing elit. Fusce lorem tortor, auctor quis lobortis eleifend, ultricies vel orci. Suspendisse quis sagittis tellus. Morbi blandit lectus vitae velit vulputate, id molestie velit feugiat. Vivamus et nibh placerat, congue mi sodales, euismod urna. Proin posuere odio erat, ac commodo neque gravida ut. Vivamus viverra feugiat mauris vitae malesuada. Ut pulvinar, mauris a lacinia malesuada, felis risus blandit enim, at blandit lectus tortor vitae mauris. Sed volutpat nibh in commodo pretium. Donec rhoncus sed odio iaculis euismod.', '2015-06-19 15:34:32', 1, '0000-00-00 00:00:00', '0000-00-00 00:00:00', NULL),
	(3, 'Trzeci', 'trzeci', 'Lorem ipsum dolor sit amet, consectetur adipiscing elit. Fusce lorem tortor, auctor quis lobortis eleifend, ultricies vel orci. Suspendisse quis sagittis tellus. Morbi blandit lectus vitae velit vulputate, id molestie velit feugiat. Vivamus et nibh placerat, congue mi sodales, euismod urna. Proin posuere odio erat, ac commodo neque gravida ut. Vivamus viverra feugiat mauris vitae malesuada. Ut pulvinar, mauris a lacinia malesuada, felis risus blandit enim, at blandit lectus tortor vitae mauris. Sed volutpat nibh in commodo pretium. Donec rhoncus sed odio iaculis euismod.', '2015-06-19 15:34:35', 1, '0000-00-00 00:00:00', '0000-00-00 00:00:00', NULL),
	(4, 'Czwarty', 'czwarty-news', 'Lorem ipsum dolor sit amet, consectetur adipiscing elit. Fusce lorem tortor, auctor quis lobortis eleifend, ultricies vel orci. Suspendisse quis sagittis tellus. Morbi blandit lectus vitae velit vulputate, id molestie velit feugiat. Vivamus et nibh placerat, congue mi sodales, euismod urna. Proin posuere odio erat, ac commodo neque gravida ut. Vivamus viverra feugiat mauris vitae malesuada. Ut pulvinar, mauris a lacinia malesuada, felis risus blandit enim, at blandit lectus tortor vitae mauris. Sed volutpat nibh in commodo pretium. Donec rhoncus sed odio iaculis euismod.', '2015-06-19 15:34:37', 1, '0000-00-00 00:00:00', '0000-00-00 00:00:00', NULL);
/*!40000 ALTER TABLE `news_news` ENABLE KEYS */;


-- Dumping structure for table switkrze_rally.people_people
DROP TABLE IF EXISTS `people_people`;
CREATE TABLE IF NOT EXISTS `people_people` (
  `id` int(11) NOT NULL AUTO_INCREMENT,
  `first_name` varchar(255) DEFAULT NULL,
  `last_name` varchar(255) DEFAULT NULL,
  `job` varchar(255) DEFAULT NULL,
  `team_id` int(11) DEFAULT NULL,
  `value` bigint(20) DEFAULT NULL,
  `salary` bigint(20) DEFAULT NULL,
  `age` bigint(20) DEFAULT NULL,
  `composure` bigint(20) DEFAULT NULL,
  `speed` bigint(20) DEFAULT NULL,
  `regularity` bigint(20) DEFAULT NULL,
  `reflex` bigint(20) DEFAULT NULL,
  `on_gravel` bigint(20) DEFAULT NULL,
  `on_tarmac` bigint(20) DEFAULT NULL,
  `on_snow` bigint(20) DEFAULT NULL,
  `in_rain` bigint(20) DEFAULT NULL,
  `form` bigint(20) DEFAULT NULL,
  `dictate_rhytm` bigint(20) DEFAULT NULL,
  `diction` bigint(20) DEFAULT NULL,
  `route_description` bigint(20) DEFAULT NULL,
  `intelligence` bigint(20) unsigned DEFAULT NULL,
  `talent` bigint(20) DEFAULT NULL,
  `experience` bigint(20) DEFAULT NULL,
  `active_training_skill` varchar(255) DEFAULT NULL,
  `on_market` tinyint(1) NOT NULL DEFAULT '0',
  `created_at` datetime NOT NULL,
  `updated_at` datetime NOT NULL,
  `deleted_at` datetime DEFAULT NULL,
  PRIMARY KEY (`id`),
  KEY `people_people_team_id_team_team_id` (`team_id`)
) ENGINE=MyISAM AUTO_INCREMENT=93 DEFAULT CHARSET=utf8;

-- Dumping data for table switkrze_rally.people_people: 88 rows
DELETE FROM `people_people`;
/*!40000 ALTER TABLE `people_people` DISABLE KEYS */;
INSERT INTO `people_people` (`id`, `first_name`, `last_name`, `job`, `team_id`, `value`, `salary`, `age`, `composure`, `speed`, `regularity`, `reflex`, `on_gravel`, `on_tarmac`, `on_snow`, `in_rain`, `form`, `dictate_rhytm`, `diction`, `route_description`, `intelligence`, `talent`, `experience`, `active_training_skill`, `on_market`, `created_at`, `updated_at`, `deleted_at`) VALUES
	(1, 'Tom', 'Smith', 'driver', 2, 268742, 1881, 19, 4, 9, 6, 5, 4, 6, 4, 5, 3, NULL, NULL, NULL, NULL, 5, NULL, 'composure', 0, '2015-08-24 17:38:26', '2015-08-29 21:17:31', NULL),
	(2, 'Kevin', 'Ripper', 'pilot', 2, 144878, 1014, 20, 4, NULL, NULL, NULL, NULL, NULL, NULL, NULL, 3, 8, 4, 7, NULL, 5, NULL, 'composure', 0, '2015-08-24 17:38:26', '2015-08-29 21:17:45', NULL),
	(3, 'Bubba', 'Evans', 'driver', 2, 270165, 1891, 20, 6, 6, 6, 6, 4, 9, 4, 6, 3, NULL, NULL, NULL, NULL, 4, NULL, 'composure', 0, '2015-08-25 17:14:14', '2015-08-28 02:15:02', NULL),
	(4, 'Kevin', 'Ripper', 'pilot', 2, 139441, 976, 18, 4, NULL, NULL, NULL, NULL, NULL, NULL, NULL, 3, 8, 6, 6, NULL, 5, NULL, 'route_description', 0, '2015-08-25 17:14:14', '2015-08-28 02:15:02', NULL),
	(5, 'Jean', 'Ripper', 'driver', 3, 274090, 1919, 19, 6, 4, 7, 4, 5, 5, 7, 9, 3, NULL, NULL, NULL, NULL, 4, NULL, 'regularity', 0, '2015-08-25 18:57:06', '2015-08-31 11:37:59', NULL),
	(6, 'Jan', 'Curry', 'pilot', 3, 113904, 797, 19, 9, NULL, NULL, NULL, NULL, NULL, NULL, NULL, 3, 5, 4, 4, NULL, 9, NULL, 'dictate_rhytm', 0, '2015-08-25 18:57:06', '2015-09-01 02:15:02', NULL),
	(7, 'Seb', 'Smith', 'driver', 4, 262062, 1834, 20, 9, 5, 5, 8, 4, 4, 6, 5, 3, NULL, NULL, NULL, NULL, 4, NULL, 'composure', 0, '2015-08-25 19:07:54', '2015-08-29 21:17:57', NULL),
	(8, 'Jean', 'Evans', 'pilot', 4, 130773, 915, 21, 7, NULL, NULL, NULL, NULL, NULL, NULL, NULL, 3, 4, 7, 5, NULL, 6, NULL, 'route_description', 0, '2015-08-25 19:07:54', '2015-08-28 02:15:01', NULL),
	(9, 'Andrew', 'Nowak', 'driver', 5, 253907, 1777, 20, 4, 7, 4, 5, 5, 8, 5, 5, 3, NULL, NULL, NULL, NULL, 8, NULL, 'composure', 0, '2015-08-26 06:44:07', '2015-08-26 07:45:18', NULL),
	(10, 'Jack', 'Kowalski', 'pilot', 5, 148531, 1040, 18, 4, NULL, NULL, NULL, NULL, NULL, NULL, NULL, 3, 5, 8, 7, NULL, 4, NULL, 'composure', 0, '2015-08-26 06:44:07', '2015-08-26 07:45:23', NULL),
	(11, 'Jack', 'Simpson', 'driver', 6, 257541, 1803, 18, 7, 8, 5, 4, 7, 5, 5, 5, 3, NULL, NULL, NULL, NULL, 5, NULL, 'speed', 0, '2015-08-26 08:37:46', '2015-08-28 02:15:01', NULL),
	(12, 'James', 'Ripper', 'pilot', 6, 135919, 951, 18, 5, NULL, NULL, NULL, NULL, NULL, NULL, NULL, 3, 8, 8, 5, NULL, 4, NULL, 'diction', 0, '2015-08-26 08:37:46', '2015-08-28 02:15:01', NULL),
	(13, 'Kevin', 'Evans', 'driver', 7, 265087, 1856, 19, 9, 9, 4, 5, 5, 5, 4, 6, 3, NULL, NULL, NULL, NULL, 4, NULL, 'speed', 0, '2015-08-26 10:22:59', '2015-08-28 02:15:02', NULL),
	(14, 'James', 'Simpson', 'pilot', 7, 126655, 887, 21, 6, NULL, NULL, NULL, NULL, NULL, NULL, NULL, 3, 5, 6, 8, NULL, 6, NULL, 'composure', 0, '2015-08-26 10:22:59', '2015-08-28 02:15:02', NULL),
	(15, 'Jan', 'Exum', 'driver', 8, 282182, 1975, 19, 6, 4, 4, 5, 8, 5, 8, 4, 3, NULL, NULL, NULL, NULL, 4, NULL, 'composure', 0, '2015-08-26 11:14:47', '2015-08-26 11:24:34', NULL),
	(16, 'Jack', 'Ripper', 'pilot', 8, 115621, 809, 18, 6, NULL, NULL, NULL, NULL, NULL, NULL, NULL, 3, 5, 9, 4, NULL, 7, NULL, 'dictate_rhytm', 0, '2015-08-26 11:14:47', '2015-08-26 11:24:45', NULL),
	(17, 'Antoine', 'Evans', 'driver', 9, 276898, 1938, 18, 4, 4, 6, 6, 9, 7, 5, 4, 3, NULL, NULL, NULL, NULL, 4, NULL, 'on_tarmac', 0, '2015-08-26 11:18:45', '2015-08-26 11:20:32', NULL),
	(18, 'Steph', 'Smith', 'pilot', 9, 151543, 1061, 21, 4, NULL, NULL, NULL, NULL, NULL, NULL, NULL, 3, 4, 8, 5, NULL, 5, NULL, 'route_description', 0, '2015-08-26 11:18:45', '2015-08-28 02:15:02', NULL),
	(19, 'Jean', 'Ripper', 'driver', 10, 249972, 1750, 19, 9, 4, 7, 8, 4, 6, 4, 4, 3, NULL, NULL, NULL, NULL, 5, NULL, 'speed', 1, '2015-08-26 16:46:19', '2015-08-31 11:06:11', NULL),
	(20, 'Kevin', 'Kowalski', 'pilot', 10, 143422, 1004, 18, 4, NULL, NULL, NULL, NULL, NULL, NULL, NULL, 3, 9, 6, 7, NULL, 4, NULL, 'composure', 1, '2015-08-26 16:46:19', '2015-08-31 10:10:16', NULL),
	(21, 'Marc', 'Evans', 'driver', 11, 262012, 1834, 20, 8, 7, 4, 4, 4, 6, 6, 5, 3, NULL, NULL, NULL, NULL, 6, NULL, NULL, 0, '2015-08-26 20:17:15', '2015-08-26 20:17:15', NULL),
	(22, 'Jack', 'Curry', 'pilot', 11, 120571, 844, 21, 8, NULL, NULL, NULL, NULL, NULL, NULL, NULL, 3, 8, 4, 4, NULL, 7, NULL, NULL, 0, '2015-08-26 20:17:15', '2015-08-26 20:17:15', NULL),
	(23, 'Jan', 'Nowak', 'driver', 12, 263576, 1845, 21, 6, 4, 4, 7, 6, 4, 8, 5, 3, NULL, NULL, NULL, NULL, 5, NULL, 'composure', 0, '2015-08-26 23:51:56', '2015-08-28 02:15:02', NULL),
	(24, 'Jean', 'Ripper', 'pilot', 12, 124374, 871, 19, 7, NULL, NULL, NULL, NULL, NULL, NULL, NULL, 3, 4, 5, 8, NULL, 7, NULL, 'route_description', 0, '2015-08-26 23:51:56', '2015-08-28 02:15:02', NULL),
	(25, 'Jean', 'Kowalski', 'driver', 13, 257681, 1804, 21, 7, 4, 8, 4, 4, 6, 6, 4, 3, NULL, NULL, NULL, NULL, 6, NULL, NULL, 0, '2015-08-27 00:38:41', '2015-08-27 00:38:41', NULL),
	(26, 'Tom', 'Exum', 'pilot', 13, 153123, 1072, 19, 4, NULL, NULL, NULL, NULL, NULL, NULL, NULL, 3, 4, 8, 7, NULL, 4, NULL, NULL, 0, '2015-08-27 00:38:41', '2015-08-27 00:38:41', NULL),
	(27, 'Jan', 'House', 'driver', 14, 250404, 1753, 18, 7, 4, 4, 7, 4, 6, 4, 9, 3, NULL, NULL, NULL, NULL, 6, NULL, NULL, 0, '2015-08-27 01:07:04', '2015-08-27 01:07:04', NULL),
	(28, 'Seb', 'Smith', 'pilot', 14, 132193, 925, 18, 7, NULL, NULL, NULL, NULL, NULL, NULL, NULL, 3, 4, 4, 7, NULL, 7, NULL, NULL, 0, '2015-08-27 01:07:04', '2015-08-27 01:07:04', NULL),
	(29, 'Antoine', 'Curry', 'driver', 15, 272151, 1905, 19, 4, 6, 4, 5, 7, 6, 4, 5, 3, NULL, NULL, NULL, NULL, 6, NULL, 'regularity', 0, '2015-08-27 10:39:47', '2015-08-30 02:15:02', NULL),
	(30, 'Andrew', 'Simpson', 'pilot', 15, 145005, 1015, 20, 4, NULL, NULL, NULL, NULL, NULL, NULL, NULL, 3, 7, 8, 5, NULL, 4, NULL, 'route_description', 0, '2015-08-27 10:39:47', '2015-08-30 02:15:02', NULL),
	(31, 'Antoine', 'Thompson', 'driver', 16, 279040, 1953, 21, 5, 4, 4, 7, 5, 9, 7, 4, 3, NULL, NULL, NULL, NULL, 4, NULL, 'on_snow', 0, '2015-08-27 10:55:05', '2015-08-30 02:15:02', NULL),
	(32, 'Steph', 'House', 'pilot', 16, 146854, 1028, 19, 4, NULL, NULL, NULL, NULL, NULL, NULL, NULL, 3, 9, 5, 6, NULL, 4, NULL, 'route_description', 0, '2015-08-27 10:55:05', '2015-08-30 02:15:02', NULL),
	(33, 'Jean', 'Kowalski', 'driver', 9, 199417, 1396, 18, 4, 4, 4, 4, 4, 4, 5, 4, 3, NULL, NULL, NULL, NULL, 4, NULL, 'speed', 0, '2015-08-27 13:51:09', '2015-08-31 02:15:02', NULL),
	(34, 'Bubba', 'Exum', 'pilot', 9, 109715, 768, 18, 4, NULL, NULL, NULL, NULL, NULL, NULL, NULL, 3, 4, 4, 4, NULL, 5, NULL, 'dictate_rhytm', 0, '2015-08-27 13:51:51', '2015-08-29 19:47:28', NULL),
	(35, 'Bubba', 'Exum', 'driver', 17, 278365, 1949, 19, 5, 4, 4, 7, 4, 5, 5, 8, 3, NULL, NULL, NULL, NULL, 4, NULL, 'on_gravel', 0, '2015-08-27 14:44:48', '2015-08-29 02:15:01', NULL),
	(36, 'John', 'Kowalski', 'pilot', 17, 121141, 848, 20, 4, NULL, NULL, NULL, NULL, NULL, NULL, NULL, 3, 6, 8, 6, NULL, 7, NULL, 'dictate_rhytm', 0, '2015-08-27 14:44:48', '2015-08-29 02:15:01', NULL),
	(37, 'Andrew', 'House', 'driver', 19, 240153, 1681, 21, 4, 4, 4, 6, 5, 6, 7, 4, 3, NULL, NULL, NULL, NULL, 4, NULL, NULL, 0, '2015-08-28 10:16:57', '2015-08-28 10:16:57', NULL),
	(38, 'Antoine', 'Smith', 'pilot', 19, 121691, 852, 21, 5, NULL, NULL, NULL, NULL, NULL, NULL, NULL, 3, 4, 5, 4, NULL, 6, NULL, NULL, 0, '2015-08-28 10:16:57', '2015-08-28 10:16:57', NULL),
	(39, 'Marc', 'Thompson', 'pilot', 2, 66880, 468, 18, 2, NULL, NULL, NULL, NULL, NULL, NULL, NULL, 3, 2, 4, 2, NULL, 5, NULL, NULL, 0, '2015-08-28 10:32:41', '2015-08-28 10:32:41', NULL),
	(40, 'Andrew', 'Smith', 'pilot', 2, 131842, 923, 19, 7, NULL, NULL, NULL, NULL, NULL, NULL, NULL, 3, 7, 6, 7, NULL, 4, NULL, NULL, 0, '2015-08-28 10:32:46', '2015-08-28 10:32:46', NULL),
	(41, 'Jean', 'Nowak', 'pilot', 2, 62191, 435, 19, 2, NULL, NULL, NULL, NULL, NULL, NULL, NULL, 3, 2, 5, 2, NULL, 5, NULL, NULL, 0, '2015-08-28 10:32:50', '2015-08-28 10:32:50', NULL),
	(42, 'Jan', 'House', 'driver', 3, 138543, 970, 19, 2, 2, 4, 2, 4, 2, 2, 2, 3, NULL, NULL, NULL, NULL, 2, NULL, 'on_gravel', 1, '2015-08-28 10:32:56', '2015-08-31 11:30:00', NULL),
	(43, 'James', 'Simpson', 'driver', 5, 127365, 892, 21, 2, 3, 4, 4, 2, 2, 2, 4, 3, NULL, NULL, NULL, NULL, 2, NULL, NULL, 0, '2015-08-28 10:33:01', '2015-08-30 02:20:01', NULL),
	(44, 'Jan', 'House', 'driver', 3, 238244, 1668, 21, 4, 6, 4, 7, 4, 5, 4, 5, 3, NULL, NULL, NULL, NULL, 4, NULL, NULL, 0, '2015-08-28 10:33:06', '2015-08-31 02:20:01', NULL),
	(45, 'Bubba', 'Ripper', 'driver', 4, 132433, 927, 19, 2, 2, 5, 4, 2, 2, 3, 2, 3, NULL, NULL, NULL, NULL, 2, NULL, 'speed', 0, '2015-08-28 15:52:44', '2015-08-29 17:28:18', NULL),
	(46, 'Jan', 'Exum', 'pilot', 23, 95443, 668, 20, 3, NULL, NULL, NULL, NULL, NULL, NULL, NULL, 3, 3, 6, 3, NULL, 3, NULL, NULL, 0, '2015-08-28 16:27:24', '2015-09-01 02:20:01', NULL),
	(47, 'Andrew', 'Thompson', 'pilot', 5, 101882, 713, 20, 3, NULL, NULL, NULL, NULL, NULL, NULL, NULL, 3, 3, 4, 4, NULL, 3, NULL, 'dictate_rhytm', 0, '2015-08-28 16:28:30', '2015-08-29 10:50:37', NULL),
	(48, 'Andrew', 'Thompson', 'pilot', 7, 106990, 749, 19, 4, NULL, NULL, NULL, NULL, NULL, NULL, NULL, 3, 4, 4, 7, NULL, 4, NULL, 'composure', 0, '2015-08-28 18:17:45', '2015-08-31 09:34:37', NULL),
	(49, 'Kevin', 'House', 'pilot', 3, 71816, 503, 18, 3, NULL, NULL, NULL, NULL, NULL, NULL, NULL, 3, 2, 6, 4, NULL, 2, NULL, 'composure', 1, '2015-08-28 20:57:40', '2015-08-30 14:43:30', NULL),
	(50, 'Jean', 'Nowak', 'driver', 5, 170657, 1195, 18, 3, 5, 3, 3, 3, 3, 4, 3, 3, NULL, NULL, NULL, NULL, 3, NULL, 'composure', 0, '2015-08-29 10:49:05', '2015-08-29 10:50:31', NULL),
	(51, 'Jan', 'Curry', 'driver', 4, 164585, 1152, 20, 3, 3, 6, 3, 3, 3, 3, 3, 3, NULL, NULL, NULL, NULL, 3, NULL, NULL, 0, '2015-08-29 17:28:28', '2015-08-29 17:28:28', NULL),
	(52, 'Seb', 'House', 'pilot', 4, 78183, 547, 19, 2, NULL, NULL, NULL, NULL, NULL, NULL, NULL, 3, 2, 5, 2, NULL, 3, NULL, NULL, 0, '2015-08-29 17:28:36', '2015-08-29 17:28:36', NULL),
	(53, 'John', 'Thompson', 'pilot', 6, 86157, 603, 19, 5, NULL, NULL, NULL, NULL, NULL, NULL, NULL, 3, 6, 3, 3, NULL, 3, NULL, NULL, 0, '2015-08-29 18:24:19', '2015-08-29 18:24:19', NULL),
	(54, 'Marc', 'Smith', 'driver', 20, 239498, 1676, 19, 4, 6, 4, 4, 4, 5, 4, 8, 3, NULL, NULL, NULL, NULL, 4, NULL, NULL, 1, '2015-08-29 20:48:39', '2015-08-31 10:41:51', NULL),
	(55, 'Kevin', 'Curry', 'pilot', 20, 118654, 831, 21, 4, NULL, NULL, NULL, NULL, NULL, NULL, NULL, 3, 4, 7, 4, NULL, 6, NULL, NULL, 1, '2015-08-29 20:48:39', '2015-08-31 10:44:41', NULL),
	(56, 'Marc', 'Kowalski', 'driver', 21, 238081, 1667, 18, 4, 4, 4, 6, 4, 6, 8, 4, 3, NULL, NULL, NULL, NULL, 4, NULL, NULL, 0, '2015-08-29 20:48:39', '2015-08-29 20:48:39', NULL),
	(57, 'Jack', 'Nowak', 'pilot', 21, 125736, 880, 18, 4, NULL, NULL, NULL, NULL, NULL, NULL, NULL, 3, 4, 6, 6, NULL, 5, NULL, NULL, 0, '2015-08-29 20:48:39', '2015-08-29 20:48:39', NULL),
	(58, 'Steph', 'Simpson', 'driver', 22, 242736, 1699, 19, 6, 4, 4, 4, 7, 4, 4, 5, 3, NULL, NULL, NULL, NULL, 4, NULL, NULL, 0, '2015-08-29 20:48:39', '2015-08-29 20:48:39', NULL),
	(59, 'Marc', 'Thompson', 'pilot', 22, 127992, 896, 21, 6, NULL, NULL, NULL, NULL, NULL, NULL, NULL, 3, 4, 5, 6, NULL, 4, NULL, NULL, 0, '2015-08-29 20:48:39', '2015-08-29 20:48:39', NULL),
	(60, 'Bubba', 'Simpson', 'driver', 23, 224322, 1570, 21, 6, 4, 4, 4, 4, 4, 6, 7, 3, NULL, NULL, NULL, NULL, 5, NULL, 'composure', 0, '2015-08-29 20:48:39', '2015-08-31 11:09:22', NULL),
	(61, 'Kevin', 'Curry', 'pilot', 23, 138749, 971, 19, 4, NULL, NULL, NULL, NULL, NULL, NULL, NULL, 3, 4, 4, 7, NULL, 4, NULL, NULL, 0, '2015-08-29 20:48:39', '2015-08-29 20:48:39', NULL),
	(62, 'Jan', 'Exum', 'driver', 24, 244090, 1709, 18, 4, 6, 4, 4, 4, 4, 6, 5, 3, NULL, NULL, NULL, NULL, 4, NULL, NULL, 0, '2015-08-29 20:48:39', '2015-08-29 20:48:39', NULL),
	(63, 'Kevin', 'House', 'pilot', 24, 120472, 843, 21, 6, NULL, NULL, NULL, NULL, NULL, NULL, NULL, 3, 6, 4, 5, NULL, 5, NULL, NULL, 0, '2015-08-29 20:48:39', '2015-08-29 20:48:39', NULL),
	(64, 'Seb', 'Thompson', 'driver', 25, 232394, 1627, 18, 5, 5, 4, 5, 4, 4, 4, 6, 3, NULL, NULL, NULL, NULL, 5, NULL, NULL, 0, '2015-08-29 20:48:39', '2015-08-29 20:48:39', NULL),
	(65, 'Jack', 'Smith', 'pilot', 25, 104998, 735, 18, 6, NULL, NULL, NULL, NULL, NULL, NULL, NULL, 3, 5, 4, 5, NULL, 7, NULL, NULL, 0, '2015-08-29 20:48:39', '2015-08-29 20:48:39', NULL),
	(66, 'Jack', 'Thompson', 'driver', 26, 222359, 1557, 19, 4, 4, 4, 5, 5, 5, 4, 4, 3, NULL, NULL, NULL, NULL, 7, NULL, NULL, 0, '2015-08-29 20:48:39', '2015-08-29 20:48:39', NULL),
	(67, 'Andrew', 'Simpson', 'pilot', 26, 125172, 876, 21, 6, NULL, NULL, NULL, NULL, NULL, NULL, NULL, 3, 4, 6, 5, NULL, 4, NULL, NULL, 0, '2015-08-29 20:48:39', '2015-08-29 20:48:39', NULL),
	(68, 'Andrew', 'Simpson', 'driver', 27, 224522, 1572, 19, 6, 4, 8, 6, 4, 4, 4, 4, 3, NULL, NULL, NULL, NULL, 4, NULL, NULL, 0, '2015-08-29 20:48:39', '2015-08-29 20:48:39', NULL),
	(69, 'Bubba', 'Curry', 'pilot', 27, 136826, 958, 21, 4, NULL, NULL, NULL, NULL, NULL, NULL, NULL, 3, 5, 4, 6, NULL, 4, NULL, NULL, 0, '2015-08-29 20:48:39', '2015-08-29 20:48:39', NULL),
	(70, 'Tom', 'Thompson', 'driver', 28, 239353, 1675, 21, 5, 4, 5, 5, 5, 6, 5, 4, 3, NULL, NULL, NULL, NULL, 4, NULL, NULL, 0, '2015-08-29 20:48:39', '2015-08-29 20:48:39', NULL),
	(71, 'Antoine', 'Nowak', 'pilot', 28, 121215, 849, 19, 4, NULL, NULL, NULL, NULL, NULL, NULL, NULL, 3, 7, 4, 4, NULL, 6, NULL, NULL, 0, '2015-08-29 20:48:39', '2015-08-29 20:48:39', NULL),
	(72, 'Jean', 'Evans', 'driver', 29, 230588, 1614, 18, 4, 6, 4, 5, 5, 4, 4, 7, 3, NULL, NULL, NULL, NULL, 5, NULL, NULL, 0, '2015-08-29 20:48:39', '2015-08-29 20:48:39', NULL),
	(73, 'Bubba', 'Kowalski', 'pilot', 29, 127554, 893, 21, 4, NULL, NULL, NULL, NULL, NULL, NULL, NULL, 3, 6, 6, 5, NULL, 4, NULL, NULL, 0, '2015-08-29 20:48:39', '2015-08-29 20:48:39', NULL),
	(74, 'Antoine', 'Curry', 'driver', 30, 222350, 1556, 18, 4, 4, 4, 6, 8, 4, 4, 4, 3, NULL, NULL, NULL, NULL, 6, NULL, NULL, 0, '2015-08-29 20:48:39', '2015-08-29 20:48:39', NULL),
	(75, 'Andrew', 'Thompson', 'pilot', 30, 121627, 851, 20, 4, NULL, NULL, NULL, NULL, NULL, NULL, NULL, 3, 6, 6, 6, NULL, 4, NULL, NULL, 0, '2015-08-29 20:48:39', '2015-08-29 20:48:39', NULL),
	(76, 'Kevin', 'Simpson', 'driver', 31, 233003, 1631, 20, 5, 6, 7, 4, 4, 4, 4, 6, 3, NULL, NULL, NULL, NULL, 4, NULL, NULL, 0, '2015-08-29 20:48:39', '2015-08-29 20:48:39', NULL),
	(77, 'Jean', 'Exum', 'pilot', 31, 115954, 812, 18, 8, NULL, NULL, NULL, NULL, NULL, NULL, NULL, 3, 4, 5, 4, NULL, 5, NULL, NULL, 0, '2015-08-29 20:48:39', '2015-08-29 20:48:39', NULL),
	(78, 'Marc', 'Exum', 'driver', 32, 228409, 1599, 18, 4, 4, 6, 4, 4, 7, 4, 6, 3, NULL, NULL, NULL, NULL, 5, NULL, NULL, 0, '2015-08-29 20:48:39', '2015-08-29 20:48:39', NULL),
	(79, 'Andrew', 'Smith', 'pilot', 32, 105679, 740, 21, 4, NULL, NULL, NULL, NULL, NULL, NULL, NULL, 3, 4, 7, 5, NULL, 7, NULL, NULL, 0, '2015-08-29 20:48:39', '2015-08-29 20:48:39', NULL),
	(80, 'Tom', 'Thompson', 'driver', 33, 232014, 1624, 21, 6, 5, 6, 4, 4, 5, 5, 5, 3, NULL, NULL, NULL, NULL, 4, NULL, 'composure', 0, '2015-08-29 20:48:39', '2015-09-01 10:03:33', NULL),
	(81, 'James', 'Evans', 'pilot', 33, 111274, 779, 20, 7, NULL, NULL, NULL, NULL, NULL, NULL, NULL, 3, 5, 4, 5, NULL, 6, NULL, NULL, 1, '2015-08-29 20:48:39', '2015-09-01 10:06:33', NULL),
	(82, 'Antoine', 'Simpson', 'driver', 34, 233525, 1635, 18, 4, 4, 4, 6, 4, 8, 5, 4, 3, NULL, NULL, NULL, NULL, 5, NULL, NULL, 1, '2015-08-29 20:48:39', '2015-09-01 09:37:22', NULL),
	(83, 'Jack', 'Ripper', 'pilot', 34, 103418, 724, 18, 5, NULL, NULL, NULL, NULL, NULL, NULL, NULL, 3, 4, 5, 5, NULL, 8, NULL, NULL, 0, '2015-08-29 20:48:39', '2015-08-29 20:48:39', NULL),
	(84, 'Andrew', 'Kowalski', 'pilot', 3, 61023, 427, 21, 2, NULL, NULL, NULL, NULL, NULL, NULL, NULL, 3, 5, 3, 2, NULL, 5, NULL, 'composure', 0, '2015-08-29 21:07:06', '2015-08-30 19:33:34', NULL),
	(85, 'Antoine', 'Smith', 'driver', 36, 233088, 1632, 19, 4, 5, 6, 5, 4, 4, 6, 4, 3, NULL, NULL, NULL, NULL, 5, NULL, NULL, 0, '2015-08-30 09:59:45', '2015-08-30 09:59:45', NULL),
	(86, 'Jan', 'House', 'pilot', 36, 119640, 837, 19, 7, NULL, NULL, NULL, NULL, NULL, NULL, NULL, 3, 4, 5, 4, NULL, 5, NULL, NULL, 0, '2015-08-30 09:59:45', '2015-08-30 09:59:45', NULL),
	(87, 'John', 'Exum', 'driver', 37, 233789, 1637, 21, 4, 4, 4, 8, 4, 5, 4, 7, 3, NULL, NULL, NULL, NULL, 4, NULL, NULL, 0, '2015-08-31 14:27:42', '2015-08-31 14:27:42', NULL),
	(88, 'Jack', 'Thompson', 'pilot', 37, 132904, 930, 21, 4, NULL, NULL, NULL, NULL, NULL, NULL, NULL, 3, 4, 4, 6, NULL, 5, NULL, NULL, 0, '2015-08-31 14:27:42', '2015-08-31 14:27:42', NULL),
	(89, 'Seb', 'Evans', 'driver', 23, 222703, 1559, 19, 5, 4, 4, 4, 5, 5, 5, 4, 3, NULL, NULL, NULL, NULL, 7, NULL, NULL, 0, '2015-09-01 09:56:01', '2015-09-01 09:56:01', NULL),
	(90, 'John', 'Evans', 'pilot', 33, 144581, 1012, 18, 6, NULL, NULL, NULL, NULL, NULL, NULL, NULL, 3, 9, 4, 4, NULL, 5, NULL, NULL, 0, '2015-09-01 10:04:18', '2015-09-01 10:04:18', NULL),
	(91, 'Bubba', 'Evans', 'driver', 38, 226912, 1588, 20, 5, 4, 6, 4, 4, 7, 5, 4, 3, NULL, NULL, NULL, NULL, 5, NULL, NULL, 0, '2015-09-01 10:26:57', '2015-09-01 10:26:57', NULL),
	(92, 'Steph', 'Ripper', 'pilot', 38, 108423, 759, 21, 4, NULL, NULL, NULL, NULL, NULL, NULL, NULL, 3, 7, 6, 4, NULL, 6, NULL, NULL, 0, '2015-09-01 10:26:57', '2015-09-01 10:26:57', NULL);
/*!40000 ALTER TABLE `people_people` ENABLE KEYS */;


-- Dumping structure for table switkrze_rally.people_training
DROP TABLE IF EXISTS `people_training`;
CREATE TABLE IF NOT EXISTS `people_training` (
  `id` int(11) NOT NULL AUTO_INCREMENT,
  `people_id` int(11) DEFAULT NULL,
  `skill_name` varchar(255) DEFAULT NULL,
  `current_skill_level` bigint(20) DEFAULT NULL,
  `training_factor` decimal(10,2) DEFAULT NULL,
  `max_available_km_passed_today` decimal(10,2) DEFAULT NULL,
  `km_passed_today` decimal(10,2) DEFAULT NULL,
  `km_for_next_star` decimal(10,2) DEFAULT NULL,
  `skill_promotion` tinyint(1) DEFAULT '0',
  `training_date` datetime DEFAULT NULL,
  `created_at` datetime NOT NULL,
  `updated_at` datetime NOT NULL,
  `deleted_at` datetime DEFAULT NULL,
  PRIMARY KEY (`id`),
  KEY `people_training_people_id_people_people_id` (`people_id`)
) ENGINE=MyISAM AUTO_INCREMENT=79 DEFAULT CHARSET=utf8;

-- Dumping data for table switkrze_rally.people_training: 66 rows
DELETE FROM `people_training`;
/*!40000 ALTER TABLE `people_training` DISABLE KEYS */;
INSERT INTO `people_training` (`id`, `people_id`, `skill_name`, `current_skill_level`, `training_factor`, `max_available_km_passed_today`, `km_passed_today`, `km_for_next_star`, `skill_promotion`, `training_date`, `created_at`, `updated_at`, `deleted_at`) VALUES
	(1, 5, 'speed', 4, NULL, 708.86, 272.91, 272.91, 0, '2015-08-28 02:15:01', '2015-08-28 02:15:01', '2015-08-28 02:15:01', NULL),
	(2, 6, 'dictate_rhytm', 4, NULL, 708.86, 666.33, 666.33, 0, '2015-08-28 02:15:01', '2015-08-28 02:15:01', '2015-08-28 02:15:01', NULL),
	(3, 7, 'reflex', 8, NULL, 0.00, 0.00, 0.00, 0, '2015-08-28 02:15:01', '2015-08-28 02:15:01', '2015-08-28 02:15:01', NULL),
	(4, 8, 'route_description', 5, NULL, 708.86, 492.66, 492.66, 0, '2015-08-28 02:15:01', '2015-08-28 02:15:01', '2015-08-28 02:15:01', NULL),
	(5, 9, 'composure', 4, NULL, 708.86, 595.44, 595.44, 0, '2015-08-28 02:15:01', '2015-08-28 02:15:01', '2015-08-28 02:15:01', NULL),
	(6, 10, 'composure', 4, NULL, 708.86, 492.66, 492.66, 0, '2015-08-28 02:15:01', '2015-08-28 02:15:01', '2015-08-28 02:15:01', NULL),
	(7, 1, 'on_snow', 4, NULL, 708.86, 0.00, 0.00, 0, '2015-08-28 02:15:01', '2015-08-28 02:15:01', '2015-08-28 02:15:01', NULL),
	(8, 2, 'diction', 4, NULL, 708.86, 637.97, 637.97, 0, '2015-08-28 02:15:01', '2015-08-28 02:15:01', '2015-08-28 02:15:01', NULL),
	(9, 11, 'speed', 8, NULL, 0.00, 0.00, 0.00, 0, '2015-08-28 02:15:01', '2015-08-28 02:15:01', '2015-08-28 02:15:01', NULL),
	(10, 12, 'diction', 8, NULL, 0.00, 0.00, 0.00, 0, '2015-08-28 02:15:01', '2015-08-28 02:15:01', '2015-08-28 02:15:01', NULL),
	(11, 13, 'speed', 9, NULL, 0.00, 0.00, 0.00, 0, '2015-08-28 02:15:02', '2015-08-28 02:15:02', '2015-08-28 02:15:02', NULL),
	(12, 14, 'composure', 6, NULL, 708.86, 297.72, 297.72, 0, '2015-08-28 02:15:02', '2015-08-28 02:15:02', '2015-08-28 02:15:02', NULL),
	(13, 15, 'composure', 6, NULL, 708.86, 343.80, 343.80, 0, '2015-08-28 02:15:02', '2015-08-28 02:15:02', '2015-08-28 02:15:02', NULL),
	(14, 16, 'dictate_rhytm', 5, NULL, 708.86, 630.89, 630.89, 0, '2015-08-28 02:15:02', '2015-08-28 02:15:02', '2015-08-28 02:15:02', NULL),
	(15, 17, 'on_tarmac', 7, NULL, 0.00, 0.00, 0.00, 0, '2015-08-28 02:15:02', '2015-08-28 02:15:02', '2015-08-28 02:15:02', NULL),
	(16, 18, 'route_description', 5, NULL, 708.86, 276.46, 276.46, 0, '2015-08-28 02:15:02', '2015-08-28 02:15:02', '2015-08-28 02:15:02', NULL),
	(17, 3, 'composure', 6, NULL, 708.86, 347.34, 347.34, 0, '2015-08-28 02:15:02', '2015-08-28 02:15:02', '2015-08-28 02:15:02', NULL),
	(18, 4, 'route_description', 6, NULL, 708.86, 453.67, 453.67, 0, '2015-08-28 02:15:02', '2015-08-28 02:15:02', '2015-08-28 02:15:02', NULL),
	(19, 23, 'composure', 6, NULL, 708.86, 336.71, 336.71, 0, '2015-08-28 02:15:02', '2015-08-28 02:15:02', '2015-08-28 02:15:02', NULL),
	(20, 24, 'route_description', 8, NULL, 0.00, 0.00, 0.00, 0, '2015-08-28 02:15:02', '2015-08-28 02:15:02', '2015-08-28 02:15:02', NULL),
	(21, 13, 'speed', 9, NULL, 0.00, 0.00, 0.00, 0, '2015-08-29 02:15:01', '2015-08-29 02:15:01', '2015-08-29 02:15:01', NULL),
	(22, 14, 'composure', 6, NULL, 599.34, 251.72, 549.44, 0, '2015-08-29 02:15:01', '2015-08-29 02:15:01', '2015-08-29 02:15:01', NULL),
	(23, 9, 'composure', 4, NULL, 599.34, 503.45, 1098.89, 0, '2015-08-29 02:15:01', '2015-08-29 02:15:01', '2015-08-29 02:15:01', NULL),
	(24, 10, 'composure', 4, NULL, 599.34, 416.54, 909.20, 0, '2015-08-29 02:15:01', '2015-08-29 02:15:01', '2015-08-29 02:15:01', NULL),
	(25, 5, 'speed', 4, NULL, 599.34, 230.75, 503.66, 0, '2015-08-29 02:15:01', '2015-08-29 02:15:01', '2015-08-29 02:15:01', NULL),
	(26, 6, 'dictate_rhytm', 4, NULL, 599.34, 563.38, 1229.71, 0, '2015-08-29 02:15:01', '2015-08-29 02:15:01', '2015-08-29 02:15:01', NULL),
	(27, 17, 'on_tarmac', 7, NULL, 0.00, 0.00, 0.00, 0, '2015-08-29 02:15:01', '2015-08-29 02:15:01', '2015-08-29 02:15:01', NULL),
	(28, 18, 'route_description', 5, NULL, 599.34, 233.74, 510.20, 0, '2015-08-29 02:15:01', '2015-08-29 02:15:01', '2015-08-29 02:15:01', NULL),
	(29, 7, 'reflex', 8, NULL, 0.00, 0.00, 0.00, 0, '2015-08-29 02:15:01', '2015-08-29 02:15:01', '2015-08-29 02:15:01', NULL),
	(30, 8, 'route_description', 5, NULL, 599.34, 416.54, 909.20, 0, '2015-08-29 02:15:01', '2015-08-29 02:15:01', '2015-08-29 02:15:01', NULL),
	(31, 35, 'on_gravel', 4, NULL, 599.34, 139.35, 139.35, 0, '2015-08-29 02:15:01', '2015-08-29 02:15:01', '2015-08-29 02:15:01', NULL),
	(32, 36, 'dictate_rhytm', 6, NULL, 599.34, 281.69, 281.69, 0, '2015-08-29 02:15:01', '2015-08-29 02:15:01', '2015-08-29 02:15:01', NULL),
	(33, 13, 'speed', 9, NULL, 0.00, 0.00, 0.00, 0, '2015-08-30 02:15:01', '2015-08-30 02:15:01', '2015-08-30 02:15:01', NULL),
	(34, 14, 'composure', 6, NULL, 410.54, 172.43, 721.87, 0, '2015-08-30 02:15:01', '2015-08-30 02:15:01', '2015-08-30 02:15:01', NULL),
	(35, 9, 'composure', 4, NULL, 410.54, 344.85, 1443.74, 0, '2015-08-30 02:15:01', '2015-08-30 02:15:01', '2015-08-30 02:15:01', NULL),
	(36, 10, 'composure', 4, NULL, 410.54, 285.33, 1194.53, 0, '2015-08-30 02:15:01', '2015-08-30 02:15:01', '2015-08-30 02:15:01', NULL),
	(37, 17, 'on_tarmac', 7, NULL, 0.00, 0.00, 0.00, 0, '2015-08-30 02:15:01', '2015-08-30 02:15:01', '2015-08-30 02:15:01', NULL),
	(38, 18, 'route_description', 5, NULL, 410.54, 160.11, 670.31, 0, '2015-08-30 02:15:01', '2015-08-30 02:15:01', '2015-08-30 02:15:01', NULL),
	(39, 5, 'speed', 4, NULL, 410.54, 158.06, 661.72, 0, '2015-08-30 02:15:01', '2015-08-30 02:15:01', '2015-08-30 02:15:01', NULL),
	(40, 6, 'dictate_rhytm', 4, NULL, 410.54, 385.91, 1615.62, 0, '2015-08-30 02:15:01', '2015-08-30 02:15:01', '2015-08-30 02:15:01', NULL),
	(41, 19, 'on_gravel', 4, NULL, 410.54, 0.00, 0.00, 0, '2015-08-30 02:15:01', '2015-08-30 02:15:01', '2015-08-30 02:15:01', NULL),
	(42, 20, 'composure', 4, NULL, 410.54, 158.06, 158.06, 0, '2015-08-30 02:15:02', '2015-08-30 02:15:02', '2015-08-30 02:15:02', NULL),
	(43, 31, 'on_snow', 7, NULL, 0.00, 0.00, 0.00, 0, '2015-08-30 02:15:02', '2015-08-30 02:15:02', '2015-08-30 02:15:02', NULL),
	(44, 32, 'route_description', 6, NULL, 410.54, 102.64, 102.64, 0, '2015-08-30 02:15:02', '2015-08-30 02:15:02', '2015-08-30 02:15:02', NULL),
	(45, 1, 'composure', 4, NULL, 410.54, 102.64, 102.64, 0, '2015-08-30 02:15:02', '2015-08-30 02:15:02', '2015-08-30 02:15:02', NULL),
	(46, 2, 'composure', 4, NULL, 410.54, 260.69, 260.69, 0, '2015-08-30 02:15:02', '2015-08-30 02:15:02', '2015-08-30 02:15:02', NULL),
	(47, 3, 'composure', 6, NULL, 410.54, 201.16, 548.50, 0, '2015-08-30 02:15:02', '2015-08-30 02:15:02', '2015-08-30 02:15:02', NULL),
	(48, 4, 'route_description', 6, NULL, 410.54, 262.75, 716.42, 0, '2015-08-30 02:15:02', '2015-08-30 02:15:02', '2015-08-30 02:15:02', NULL),
	(49, 11, 'speed', 8, NULL, 0.00, 0.00, 0.00, 0, '2015-08-30 02:15:02', '2015-08-30 02:15:02', '2015-08-30 02:15:02', NULL),
	(50, 12, 'diction', 8, NULL, 0.00, 0.00, 0.00, 0, '2015-08-30 02:15:02', '2015-08-30 02:15:02', '2015-08-30 02:15:02', NULL),
	(51, 7, 'composure', 9, NULL, 0.00, 0.00, 0.00, 0, '2015-08-30 02:15:02', '2015-08-30 02:15:02', '2015-08-30 02:15:02', NULL),
	(52, 8, 'route_description', 5, NULL, 410.54, 285.33, 1194.53, 0, '2015-08-30 02:15:02', '2015-08-30 02:15:02', '2015-08-30 02:15:02', NULL),
	(53, 29, 'regularity', 4, NULL, 410.54, 275.06, 275.06, 0, '2015-08-30 02:15:02', '2015-08-30 02:15:02', '2015-08-30 02:15:02', NULL),
	(54, 30, 'route_description', 5, NULL, 410.54, 240.17, 240.17, 0, '2015-08-30 02:15:02', '2015-08-30 02:15:02', '2015-08-30 02:15:02', NULL),
	(55, 13, 'speed', 9, NULL, 0.00, 0.00, 0.00, 0, '2015-08-31 02:15:01', '2015-08-31 02:15:01', '2015-08-31 02:15:01', NULL),
	(56, 14, 'composure', 6, NULL, 686.26, 288.23, 1010.10, 0, '2015-08-31 02:15:01', '2015-08-31 02:15:01', '2015-08-31 02:15:01', NULL),
	(57, 5, 'composure', 6, NULL, 686.26, 171.57, 171.57, 0, '2015-08-31 02:15:02', '2015-08-31 02:15:02', '2015-08-31 02:15:02', NULL),
	(58, 6, 'dictate_rhytm', 4, NULL, 686.26, 645.08, 2260.70, 0, '2015-08-31 02:15:02', '2015-08-31 02:15:02', '2015-08-31 02:15:02', NULL),
	(59, 9, 'composure', 4, NULL, 686.26, 576.46, 2020.20, 0, '2015-08-31 02:15:02', '2015-08-31 02:15:02', '2015-08-31 02:15:02', NULL),
	(60, 10, 'composure', 4, NULL, 686.26, 476.95, 1671.48, 0, '2015-08-31 02:15:02', '2015-08-31 02:15:02', '2015-08-31 02:15:02', NULL),
	(61, 50, 'composure', 3, NULL, 686.26, 171.57, 171.57, 0, '2015-08-31 02:15:02', '2015-08-31 02:15:02', '2015-08-31 02:15:02', NULL),
	(62, 47, 'dictate_rhytm', 3, NULL, 686.26, 346.56, 346.56, 0, '2015-08-31 02:15:02', '2015-08-31 02:15:02', '2015-08-31 02:15:02', NULL),
	(63, 7, 'composure', 9, NULL, 0.00, 0.00, 0.00, 0, '2015-08-31 02:15:02', '2015-08-31 02:15:02', '2015-08-31 02:15:02', NULL),
	(64, 8, 'route_description', 5, NULL, 686.26, 476.95, 1671.48, 0, '2015-08-31 02:15:02', '2015-08-31 02:15:02', '2015-08-31 02:15:02', NULL),
	(65, 33, 'speed', 4, NULL, 686.26, 171.57, 171.57, 0, '2015-08-31 02:15:02', '2015-08-31 02:15:02', '2015-08-31 02:15:02', NULL),
	(66, 18, 'route_description', 5, NULL, 686.26, 267.64, 937.95, 0, '2015-08-31 02:15:02', '2015-08-31 02:15:02', '2015-08-31 02:15:02', NULL),
	(67, 19, 'speed', 4, NULL, 461.10, 170.61, 170.61, 0, '2015-09-01 02:15:01', '2015-09-01 02:15:01', '2015-09-01 02:15:01', NULL),
	(68, 20, 'composure', 4, NULL, 461.10, 177.52, 335.58, 0, '2015-09-01 02:15:02', '2015-09-01 02:15:02', '2015-09-01 02:15:02', NULL),
	(69, 29, 'regularity', 4, NULL, 461.10, 308.94, 584.00, 0, '2015-09-01 02:15:02', '2015-09-01 02:15:02', '2015-09-01 02:15:02', NULL),
	(70, 30, 'route_description', 5, NULL, 461.10, 269.74, 509.91, 0, '2015-09-01 02:15:02', '2015-09-01 02:15:02', '2015-09-01 02:15:02', NULL),
	(71, 7, 'composure', 9, NULL, 0.00, 0.00, 0.00, 0, '2015-09-01 02:15:02', '2015-09-01 02:15:02', '2015-09-01 02:15:02', NULL),
	(72, 8, 'route_description', 5, NULL, 461.10, 320.46, 1991.94, 0, '2015-09-01 02:15:02', '2015-09-01 02:15:02', '2015-09-01 02:15:02', NULL),
	(73, 17, 'on_tarmac', 7, NULL, 0.00, 0.00, 0.00, 0, '2015-09-01 02:15:02', '2015-09-01 02:15:02', '2015-09-01 02:15:02', NULL),
	(74, 18, 'route_description', 5, NULL, 461.10, 179.83, 1117.78, 0, '2015-09-01 02:15:02', '2015-09-01 02:15:02', '2015-09-01 02:15:02', NULL),
	(75, 5, 'regularity', 7, NULL, 0.00, 0.00, 0.00, 0, '2015-09-01 02:15:02', '2015-09-01 02:15:02', '2015-09-01 02:15:02', NULL),
	(76, 6, 'dictate_rhytm', 4, NULL, 461.10, 433.43, 244.13, 1, '2015-09-01 02:15:02', '2015-09-01 02:15:02', '2015-09-01 02:15:02', NULL),
	(77, 42, 'on_gravel', 4, NULL, 461.10, 228.24, 228.24, 0, '2015-09-01 02:15:02', '2015-09-01 02:15:02', '2015-09-01 02:15:02', NULL),
	(78, 84, 'composure', 2, NULL, 461.10, 394.24, 394.24, 0, '2015-09-01 02:15:02', '2015-09-01 02:15:02', '2015-09-01 02:15:02', NULL);
/*!40000 ALTER TABLE `people_training` ENABLE KEYS */;


-- Dumping structure for table switkrze_rally.people_training_factor
DROP TABLE IF EXISTS `people_training_factor`;
CREATE TABLE IF NOT EXISTS `people_training_factor` (
  `people_id` int(11) NOT NULL AUTO_INCREMENT,
  `composure` decimal(10,2) DEFAULT NULL,
  `speed` decimal(10,2) DEFAULT NULL,
  `regularity` decimal(10,2) DEFAULT NULL,
  `reflex` decimal(10,2) DEFAULT NULL,
  `on_gravel` decimal(10,2) DEFAULT NULL,
  `on_tarmac` decimal(10,2) DEFAULT NULL,
  `on_snow` decimal(10,2) DEFAULT NULL,
  `in_rain` decimal(10,2) DEFAULT NULL,
  `dictate_rhytm` decimal(10,2) DEFAULT NULL,
  `diction` decimal(10,2) DEFAULT NULL,
  `route_description` decimal(10,2) DEFAULT NULL,
  `intelligence` decimal(10,2) DEFAULT NULL,
  `composure_max` bigint(20) DEFAULT NULL,
  `speed_max` bigint(20) DEFAULT NULL,
  `regularity_max` bigint(20) DEFAULT NULL,
  `reflex_max` bigint(20) DEFAULT NULL,
  `on_gravel_max` bigint(20) DEFAULT NULL,
  `on_tarmac_max` bigint(20) DEFAULT NULL,
  `on_snow_max` bigint(20) DEFAULT NULL,
  `in_rain_max` bigint(20) DEFAULT NULL,
  `dictate_rhytm_max` bigint(20) DEFAULT NULL,
  `diction_max` bigint(20) DEFAULT NULL,
  `route_description_max` bigint(20) DEFAULT NULL,
  `intelligence_max` bigint(20) DEFAULT NULL,
  `last_season_value_id` bigint(20) NOT NULL DEFAULT '0',
  `created_at` datetime DEFAULT NULL,
  `updated_at` datetime DEFAULT NULL,
  `deleted_at` datetime DEFAULT NULL,
  PRIMARY KEY (`people_id`)
) ENGINE=MyISAM AUTO_INCREMENT=93 DEFAULT CHARSET=utf8 COMMENT='insert into people_training_factor values \r\n(42,\r\nFORMAT((RAND() * (1.5))+0.5,2),\r\nFORMAT((RAND() * (1.5))+0.5,2),\r\nFORMAT((RAND() * (1.5))+0.5,2),\r\nFORMAT((RAND() * (1.5))+0.5,2),\r\nFORMAT((RAND() * (1.5))+0.5,2),\r\nFORMAT((RAND() * (1.5))+0.5,2),\r\nFORMAT((RAND() * (1.5))+0.5,2),\r\nFORMAT((RAND() * (1.5))+0.5,2),\r\nFORMAT((RAND() * (1.5))+0.5,2),\r\nFORMAT((RAND() * (1.5))+0.5,2),\r\nFORMAT((RAND() * (1.5))+0.5,2),\r\nFORMAT((RAND() * (1.5))+0.5,2),\r\nFLOOR((RAND() * (4))+6),\r\nFLOOR((RAND() * (4))+6),\r\nFLOOR((RAND() * (4))+6),\r\nFLOOR((RAND() * (4))+6),\r\nFLOOR((RAND() * (4))+6),\r\nFLOOR((RAND() * (4))+6),\r\nFLOOR((RAND() * (4))+6),\r\nFLOOR((RAND() * (4))+6),\r\nFLOOR((RAND() * (4))+6),\r\nFLOOR((RAND() * (4))+6),\r\nFLOOR((RAND() * (4))+6),\r\nFLOOR((RAND() * (4))+6),\r\nNOW(),\r\nNOW(),\r\nnull\r\n\r\n);';

-- Dumping data for table switkrze_rally.people_training_factor: 88 rows
DELETE FROM `people_training_factor`;
/*!40000 ALTER TABLE `people_training_factor` DISABLE KEYS */;
INSERT INTO `people_training_factor` (`people_id`, `composure`, `speed`, `regularity`, `reflex`, `on_gravel`, `on_tarmac`, `on_snow`, `in_rain`, `dictate_rhytm`, `diction`, `route_description`, `intelligence`, `composure_max`, `speed_max`, `regularity_max`, `reflex_max`, `on_gravel_max`, `on_tarmac_max`, `on_snow_max`, `in_rain_max`, `dictate_rhytm_max`, `diction_max`, `route_description_max`, `intelligence_max`, `last_season_value_id`, `created_at`, `updated_at`, `deleted_at`) VALUES
	(1, 0.50, 1.07, 0.86, 1.50, 0.50, 0.62, 0.50, 0.99, NULL, NULL, NULL, NULL, 8, 8, 8, 7, 8, 8, 7, 8, NULL, NULL, NULL, NULL, 0, '2015-08-24 17:38:26', '2015-08-24 17:38:26', NULL),
	(2, 1.27, NULL, NULL, NULL, NULL, NULL, NULL, NULL, 0.72, 1.80, 0.95, NULL, 7, NULL, NULL, NULL, NULL, NULL, NULL, NULL, 7, 8, 8, NULL, 0, '2015-08-24 17:38:26', '2015-08-24 17:38:26', NULL),
	(3, 0.98, 0.71, 0.94, 0.96, 0.50, 0.50, 0.50, 0.79, NULL, NULL, NULL, NULL, 7, 7, 7, 7, 8, 7, 8, 7, NULL, NULL, NULL, NULL, 0, '2015-08-25 17:14:14', '2015-08-25 17:14:14', NULL),
	(4, 0.74, NULL, NULL, NULL, NULL, NULL, NULL, NULL, 0.87, 1.94, 1.28, NULL, 7, NULL, NULL, NULL, NULL, NULL, NULL, NULL, 8, 8, 7, NULL, 0, '2015-08-25 17:14:14', '2015-08-25 17:14:14', NULL),
	(5, 0.50, 0.77, 1.06, 0.67, 0.50, 0.50, 1.38, 0.50, NULL, NULL, NULL, NULL, 7, 8, 7, 7, 7, 7, 8, 7, NULL, NULL, NULL, NULL, 0, '2015-08-25 18:57:06', '2015-08-25 18:57:06', NULL),
	(6, 1.67, NULL, NULL, NULL, NULL, NULL, NULL, NULL, 1.88, 1.65, 1.82, NULL, 9, NULL, NULL, NULL, NULL, NULL, NULL, NULL, 10, 9, 9, NULL, 0, '2015-08-25 18:57:06', '2015-08-25 18:57:06', NULL),
	(7, 0.50, 0.50, 1.11, 0.79, 0.50, 0.86, 0.57, 1.04, NULL, NULL, NULL, NULL, 7, 7, 7, 7, 7, 8, 7, 8, NULL, NULL, NULL, NULL, 0, '2015-08-25 19:07:54', '2015-08-25 19:07:54', NULL),
	(8, 1.52, NULL, NULL, NULL, NULL, NULL, NULL, NULL, 0.72, 1.67, 1.39, NULL, 9, NULL, NULL, NULL, NULL, NULL, NULL, NULL, 8, 8, 8, NULL, 0, '2015-08-25 19:07:54', '2015-08-25 19:07:54', NULL),
	(9, 1.68, 0.78, 1.17, 0.81, 1.76, 0.92, 0.52, 1.20, NULL, NULL, NULL, NULL, 9, 9, 9, 9, 10, 9, 9, 9, NULL, NULL, NULL, NULL, 0, '2015-08-26 06:44:07', '2015-08-26 06:44:07', NULL),
	(10, 1.39, NULL, NULL, NULL, NULL, NULL, NULL, NULL, 0.86, 0.90, 1.11, NULL, 7, NULL, NULL, NULL, NULL, NULL, NULL, NULL, 8, 7, 7, NULL, 0, '2015-08-26 06:44:07', '2015-08-26 06:44:07', NULL),
	(11, 0.58, 0.50, 0.55, 1.41, 1.16, 0.94, 0.50, 0.90, NULL, NULL, NULL, NULL, 8, 8, 8, 8, 7, 8, 8, 7, NULL, NULL, NULL, NULL, 0, '2015-08-26 08:37:46', '2015-08-26 08:37:46', NULL),
	(12, 0.50, NULL, NULL, NULL, NULL, NULL, NULL, NULL, 1.19, 1.08, 1.45, NULL, 7, NULL, NULL, NULL, NULL, NULL, NULL, NULL, 7, 7, 8, NULL, 0, '2015-08-26 08:37:46', '2015-08-26 08:37:46', NULL),
	(13, 0.50, 0.50, 0.50, 0.50, 1.69, 0.87, 0.50, 0.83, NULL, NULL, NULL, NULL, 7, 8, 7, 8, 7, 7, 7, 7, NULL, NULL, NULL, NULL, 0, '2015-08-26 10:22:59', '2015-08-26 10:22:59', NULL),
	(14, 0.84, NULL, NULL, NULL, NULL, NULL, NULL, NULL, 1.71, 1.78, 1.01, NULL, 9, NULL, NULL, NULL, NULL, NULL, NULL, NULL, 8, 8, 8, NULL, 0, '2015-08-26 10:22:59', '2015-08-26 10:22:59', NULL),
	(15, 0.97, 0.50, 0.95, 0.50, 0.50, 0.50, 0.69, 1.23, NULL, NULL, NULL, NULL, 7, 7, 8, 7, 7, 8, 7, 7, NULL, NULL, NULL, NULL, 0, '2015-08-26 11:14:47', '2015-08-26 11:14:47', NULL),
	(16, 1.66, NULL, NULL, NULL, NULL, NULL, NULL, NULL, 1.78, 0.57, 1.69, NULL, 9, NULL, NULL, NULL, NULL, NULL, NULL, NULL, 8, 8, 8, NULL, 0, '2015-08-26 11:14:47', '2015-08-26 11:14:47', NULL),
	(17, 0.93, 1.22, 0.50, 0.80, 0.82, 0.50, 0.50, 0.55, NULL, NULL, NULL, NULL, 8, 7, 7, 7, 8, 7, 7, 7, NULL, NULL, NULL, NULL, 0, '2015-08-26 11:18:45', '2015-08-26 11:18:45', NULL),
	(18, 1.73, NULL, NULL, NULL, NULL, NULL, NULL, NULL, 1.42, 0.95, 0.78, NULL, 7, NULL, NULL, NULL, NULL, NULL, NULL, NULL, 8, 8, 7, NULL, 0, '2015-08-26 11:18:45', '2015-08-26 11:18:45', NULL),
	(19, 0.50, 0.74, 0.50, 0.50, 0.94, 1.72, 0.50, 1.15, NULL, NULL, NULL, NULL, 8, 7, 7, 8, 8, 8, 8, 8, NULL, NULL, NULL, NULL, 0, '2015-08-26 16:46:19', '2015-08-26 16:46:19', NULL),
	(20, 0.77, NULL, NULL, NULL, NULL, NULL, NULL, NULL, 0.50, 1.30, 1.69, NULL, 7, NULL, NULL, NULL, NULL, NULL, NULL, NULL, 7, 7, 8, NULL, 0, '2015-08-26 16:46:19', '2015-08-26 16:46:19', NULL),
	(21, 1.67, 1.45, 0.94, 0.50, 1.17, 0.50, 0.50, 0.53, NULL, NULL, NULL, NULL, 8, 9, 8, 8, 8, 8, 8, 8, NULL, NULL, NULL, NULL, 0, '2015-08-26 20:17:15', '2015-08-26 20:17:15', NULL),
	(22, 1.85, NULL, NULL, NULL, NULL, NULL, NULL, NULL, 1.12, 1.76, 1.03, NULL, 8, NULL, NULL, NULL, NULL, NULL, NULL, NULL, 8, 8, 9, NULL, 0, '2015-08-26 20:17:15', '2015-08-26 20:17:15', NULL),
	(23, 0.95, 0.95, 1.47, 0.81, 0.50, 0.66, 0.50, 0.70, NULL, NULL, NULL, NULL, 8, 8, 8, 8, 8, 7, 8, 7, NULL, NULL, NULL, NULL, 0, '2015-08-26 23:51:56', '2015-08-26 23:51:56', NULL),
	(24, 1.18, NULL, NULL, NULL, NULL, NULL, NULL, NULL, 2.00, 1.07, 1.55, NULL, 8, NULL, NULL, NULL, NULL, NULL, NULL, NULL, 8, 9, 8, NULL, 0, '2015-08-26 23:51:56', '2015-08-26 23:51:56', NULL),
	(25, 0.50, 1.02, 1.03, 1.31, 0.50, 1.05, 0.50, 1.38, NULL, NULL, NULL, NULL, 8, 8, 8, 8, 9, 8, 8, 8, NULL, NULL, NULL, NULL, 0, '2015-08-27 00:38:41', '2015-08-27 00:38:41', NULL),
	(26, 1.25, NULL, NULL, NULL, NULL, NULL, NULL, NULL, 1.25, 1.27, 0.52, NULL, 8, NULL, NULL, NULL, NULL, NULL, NULL, NULL, 7, 7, 7, NULL, 0, '2015-08-27 00:38:41', '2015-08-27 00:38:41', NULL),
	(27, 0.50, 1.00, 1.45, 0.76, 0.96, 1.06, 0.93, 0.60, NULL, NULL, NULL, NULL, 8, 8, 9, 8, 8, 8, 8, 8, NULL, NULL, NULL, NULL, 0, '2015-08-27 01:07:04', '2015-08-27 01:07:04', NULL),
	(28, 1.78, NULL, NULL, NULL, NULL, NULL, NULL, NULL, 1.86, 1.19, 0.90, NULL, 8, NULL, NULL, NULL, NULL, NULL, NULL, NULL, 8, 8, 9, NULL, 0, '2015-08-27 01:07:04', '2015-08-27 01:07:04', NULL),
	(29, 0.73, 1.28, 1.34, 0.66, 0.62, 0.64, 0.57, 1.53, NULL, NULL, NULL, NULL, 8, 8, 9, 8, 8, 8, 8, 8, NULL, NULL, NULL, NULL, 0, '2015-08-27 10:39:47', '2015-08-27 10:39:47', NULL),
	(30, 0.76, NULL, NULL, NULL, NULL, NULL, NULL, NULL, 1.47, 0.87, 1.17, NULL, 7, NULL, NULL, NULL, NULL, NULL, NULL, NULL, 7, 7, 8, NULL, 0, '2015-08-27 10:39:47', '2015-08-27 10:39:47', NULL),
	(31, 1.20, 0.50, 0.50, 0.69, 0.59, 0.87, 0.89, 0.63, NULL, NULL, NULL, NULL, 7, 7, 8, 7, 7, 7, 7, 8, NULL, NULL, NULL, NULL, 0, '2015-08-27 10:55:05', '2015-08-27 10:55:05', NULL),
	(32, 1.10, NULL, NULL, NULL, NULL, NULL, NULL, NULL, 1.43, 1.18, 0.50, NULL, 8, NULL, NULL, NULL, NULL, NULL, NULL, NULL, 7, 7, 7, NULL, 0, '2015-08-27 10:55:05', '2015-08-27 10:55:05', NULL),
	(33, 0.61, 0.50, 1.58, 0.94, 0.73, 0.50, 0.50, 0.50, NULL, NULL, NULL, NULL, 8, 7, 7, 7, 8, 7, 7, 7, NULL, NULL, NULL, NULL, 0, '2015-08-27 13:51:09', '2015-08-27 13:51:09', NULL),
	(34, 1.47, NULL, NULL, NULL, NULL, NULL, NULL, NULL, 1.28, 0.68, 1.30, NULL, 7, NULL, NULL, NULL, NULL, NULL, NULL, NULL, 7, 8, 8, NULL, 0, '2015-08-27 13:51:51', '2015-08-27 13:51:51', NULL),
	(35, 0.50, 1.29, 0.50, 0.61, 0.50, 1.18, 0.50, 0.82, NULL, NULL, NULL, NULL, 7, 7, 8, 7, 7, 7, 7, 8, NULL, NULL, NULL, NULL, 0, '2015-08-27 14:44:48', '2015-08-27 14:44:48', NULL),
	(36, 2.00, NULL, NULL, NULL, NULL, NULL, NULL, NULL, 0.94, 1.65, 1.17, NULL, 8, NULL, NULL, NULL, NULL, NULL, NULL, NULL, 8, 8, 9, NULL, 0, '2015-08-27 14:44:48', '2015-08-27 14:44:48', NULL),
	(37, 0.50, 1.01, 1.18, 0.96, 0.50, 0.50, 0.71, 0.50, NULL, NULL, NULL, NULL, 7, 7, 7, 7, 7, 8, 8, 7, NULL, NULL, NULL, NULL, 0, '2015-08-28 10:16:57', '2015-08-28 10:16:57', NULL),
	(38, 1.37, NULL, NULL, NULL, NULL, NULL, NULL, NULL, 0.69, 1.39, 1.82, NULL, 8, NULL, NULL, NULL, NULL, NULL, NULL, NULL, 8, 9, 8, NULL, 0, '2015-08-28 10:16:57', '2015-08-28 10:16:57', NULL),
	(39, 1.60, NULL, NULL, NULL, NULL, NULL, NULL, NULL, 0.94, 1.01, 1.21, NULL, 7, NULL, NULL, NULL, NULL, NULL, NULL, NULL, 7, 8, 8, NULL, 0, '2015-08-28 10:32:41', '2015-08-28 10:32:41', NULL),
	(40, 1.86, NULL, NULL, NULL, NULL, NULL, NULL, NULL, 0.78, 1.14, 0.61, NULL, 7, NULL, NULL, NULL, NULL, NULL, NULL, NULL, 8, 7, 7, NULL, 0, '2015-08-28 10:32:46', '2015-08-28 10:32:46', NULL),
	(41, 1.19, NULL, NULL, NULL, NULL, NULL, NULL, NULL, 1.19, 1.06, 1.28, NULL, 7, NULL, NULL, NULL, NULL, NULL, NULL, NULL, 8, 8, 7, NULL, 0, '2015-08-28 10:32:50', '2015-08-28 10:32:50', NULL),
	(42, 0.50, 0.50, 0.50, 0.50, 0.99, 0.50, 0.50, 0.50, NULL, NULL, NULL, NULL, 6, 7, 6, 7, 6, 7, 7, 7, NULL, NULL, NULL, NULL, 0, '2015-08-28 10:32:56', '2015-08-28 10:32:56', NULL),
	(43, 0.50, 0.50, 0.50, 0.50, 0.67, 0.78, 0.50, 0.50, NULL, NULL, NULL, NULL, 7, 6, 7, 6, 7, 6, 7, 7, NULL, NULL, NULL, NULL, 0, '2015-08-28 10:33:01', '2015-08-28 10:33:01', NULL),
	(44, 0.61, 1.30, 0.65, 0.64, 0.94, 0.50, 0.68, 0.50, NULL, NULL, NULL, NULL, 7, 7, 8, 7, 7, 7, 8, 7, NULL, NULL, NULL, NULL, 0, '2015-08-28 10:33:06', '2015-08-28 10:33:06', NULL),
	(45, 0.50, 0.50, 0.50, 0.83, 0.59, 0.50, 0.50, 0.50, NULL, NULL, NULL, NULL, 6, 7, 7, 7, 6, 6, 7, 7, NULL, NULL, NULL, NULL, 0, '2015-08-28 15:52:44', '2015-08-28 15:52:44', NULL),
	(46, 0.51, NULL, NULL, NULL, NULL, NULL, NULL, NULL, 1.40, 1.30, 0.50, NULL, 7, NULL, NULL, NULL, NULL, NULL, NULL, NULL, 6, 7, 6, NULL, 0, '2015-08-28 16:27:24', '2015-08-28 16:27:24', NULL),
	(47, 0.73, NULL, NULL, NULL, NULL, NULL, NULL, NULL, 1.01, 0.77, 1.26, NULL, 7, NULL, NULL, NULL, NULL, NULL, NULL, NULL, 6, 6, 7, NULL, 0, '2015-08-28 16:28:30', '2015-08-28 16:28:30', NULL),
	(48, 1.34, NULL, NULL, NULL, NULL, NULL, NULL, NULL, 0.50, 1.26, 1.16, NULL, 8, NULL, NULL, NULL, NULL, NULL, NULL, NULL, 7, 7, 7, NULL, 0, '2015-08-28 18:17:45', '2015-08-28 18:17:45', NULL),
	(49, 0.67, NULL, NULL, NULL, NULL, NULL, NULL, NULL, 0.62, 1.01, 0.93, NULL, 7, NULL, NULL, NULL, NULL, NULL, NULL, NULL, 7, 7, 7, NULL, 0, '2015-08-28 20:57:40', '2015-08-28 20:57:40', NULL),
	(50, 0.50, 0.91, 0.95, 0.50, 0.63, 0.50, 0.50, 0.64, NULL, NULL, NULL, NULL, 7, 7, 7, 7, 7, 7, 7, 7, NULL, NULL, NULL, NULL, 0, '2015-08-29 10:49:05', '2015-08-29 10:49:05', NULL),
	(51, 0.75, 0.50, 0.50, 0.50, 0.54, 0.50, 1.39, 0.50, NULL, NULL, NULL, NULL, 7, 7, 7, 7, 7, 7, 7, 7, NULL, NULL, NULL, NULL, 0, '2015-08-29 17:28:28', '2015-08-29 17:28:28', NULL),
	(52, 0.50, NULL, NULL, NULL, NULL, NULL, NULL, NULL, 0.83, 1.39, 0.99, NULL, 6, NULL, NULL, NULL, NULL, NULL, NULL, NULL, 7, 6, 7, NULL, 0, '2015-08-29 17:28:36', '2015-08-29 17:28:36', NULL),
	(53, 0.50, NULL, NULL, NULL, NULL, NULL, NULL, NULL, 0.73, 0.69, 1.88, NULL, 6, NULL, NULL, NULL, NULL, NULL, NULL, NULL, 7, 7, 6, NULL, 0, '2015-08-29 18:24:19', '2015-08-29 18:24:19', NULL),
	(54, 0.50, 0.82, 0.50, 0.94, 0.86, 0.53, 0.50, 1.19, NULL, NULL, NULL, NULL, 8, 7, 7, 8, 7, 7, 7, 7, NULL, NULL, NULL, NULL, 0, '2015-08-29 20:48:39', '2015-08-29 20:48:39', NULL),
	(55, 1.65, NULL, NULL, NULL, NULL, NULL, NULL, NULL, 0.71, 1.48, 1.44, NULL, 8, NULL, NULL, NULL, NULL, NULL, NULL, NULL, 8, 9, 8, NULL, 0, '2015-08-29 20:48:39', '2015-08-29 20:48:39', NULL),
	(56, 1.11, 0.50, 1.15, 0.91, 0.50, 0.65, 0.50, 0.50, NULL, NULL, NULL, NULL, 7, 7, 7, 8, 8, 7, 7, 7, NULL, NULL, NULL, NULL, 0, '2015-08-29 20:48:39', '2015-08-29 20:48:39', NULL),
	(57, 0.83, NULL, NULL, NULL, NULL, NULL, NULL, NULL, 1.32, 1.94, 0.79, NULL, 8, NULL, NULL, NULL, NULL, NULL, NULL, NULL, 7, 7, 8, NULL, 0, '2015-08-29 20:48:39', '2015-08-29 20:48:39', NULL),
	(58, 0.50, 0.50, 0.97, 0.50, 1.42, 0.69, 0.64, 0.65, NULL, NULL, NULL, NULL, 7, 8, 7, 7, 7, 8, 7, 7, NULL, NULL, NULL, NULL, 0, '2015-08-29 20:48:39', '2015-08-29 20:48:39', NULL),
	(59, 1.19, NULL, NULL, NULL, NULL, NULL, NULL, NULL, 0.52, 0.93, 1.61, NULL, 7, NULL, NULL, NULL, NULL, NULL, NULL, NULL, 7, 7, 8, NULL, 0, '2015-08-29 20:48:39', '2015-08-29 20:48:39', NULL),
	(60, 0.99, 1.21, 0.50, 0.91, 0.50, 1.17, 0.74, 0.50, NULL, NULL, NULL, NULL, 7, 8, 7, 8, 8, 8, 8, 8, NULL, NULL, NULL, NULL, 0, '2015-08-29 20:48:39', '2015-08-29 20:48:39', NULL),
	(61, 0.50, NULL, NULL, NULL, NULL, NULL, NULL, NULL, 1.27, 1.18, 1.27, NULL, 7, NULL, NULL, NULL, NULL, NULL, NULL, NULL, 7, 7, 8, NULL, 0, '2015-08-29 20:48:39', '2015-08-29 20:48:39', NULL),
	(62, 0.82, 0.92, 0.50, 0.81, 0.50, 1.34, 0.50, 0.50, NULL, NULL, NULL, NULL, 7, 7, 7, 7, 7, 8, 8, 7, NULL, NULL, NULL, NULL, 0, '2015-08-29 20:48:39', '2015-08-29 20:48:39', NULL),
	(63, 1.16, NULL, NULL, NULL, NULL, NULL, NULL, NULL, 1.28, 1.27, 1.15, NULL, 8, NULL, NULL, NULL, NULL, NULL, NULL, NULL, 7, 7, 8, NULL, 0, '2015-08-29 20:48:39', '2015-08-29 20:48:39', NULL),
	(64, 0.92, 1.08, 0.54, 1.01, 1.05, 0.87, 0.50, 0.56, NULL, NULL, NULL, NULL, 7, 8, 7, 8, 8, 8, 8, 8, NULL, NULL, NULL, NULL, 0, '2015-08-29 20:48:39', '2015-08-29 20:48:39', NULL),
	(65, 1.46, NULL, NULL, NULL, NULL, NULL, NULL, NULL, 0.91, 1.39, 2.00, NULL, 8, NULL, NULL, NULL, NULL, NULL, NULL, NULL, 8, 9, 8, NULL, 0, '2015-08-29 20:48:39', '2015-08-29 20:48:39', NULL),
	(66, 1.38, 1.56, 0.76, 1.40, 0.73, 1.16, 0.50, 0.66, NULL, NULL, NULL, NULL, 9, 8, 9, 9, 8, 9, 8, 9, NULL, NULL, NULL, NULL, 0, '2015-08-29 20:48:39', '2015-08-29 20:48:39', NULL),
	(67, 0.85, NULL, NULL, NULL, NULL, NULL, NULL, NULL, 0.91, 0.56, 1.88, NULL, 7, NULL, NULL, NULL, NULL, NULL, NULL, NULL, 7, 7, 8, NULL, 0, '2015-08-29 20:48:39', '2015-08-29 20:48:39', NULL),
	(68, 1.33, 0.50, 1.15, 0.50, 0.51, 0.58, 0.50, 0.82, NULL, NULL, NULL, NULL, 7, 7, 8, 7, 7, 7, 8, 7, NULL, NULL, NULL, NULL, 0, '2015-08-29 20:48:39', '2015-08-29 20:48:39', NULL),
	(69, 0.83, NULL, NULL, NULL, NULL, NULL, NULL, NULL, 1.01, 1.30, 1.15, NULL, 7, NULL, NULL, NULL, NULL, NULL, NULL, NULL, 7, 7, 8, NULL, 0, '2015-08-29 20:48:39', '2015-08-29 20:48:39', NULL),
	(70, 0.87, 0.57, 0.50, 1.10, 0.89, 0.50, 0.96, 0.50, NULL, NULL, NULL, NULL, 7, 7, 7, 7, 7, 8, 8, 7, NULL, NULL, NULL, NULL, 0, '2015-08-29 20:48:39', '2015-08-29 20:48:39', NULL),
	(71, 2.00, NULL, NULL, NULL, NULL, NULL, NULL, NULL, 0.87, 0.67, 1.84, NULL, 8, NULL, NULL, NULL, NULL, NULL, NULL, NULL, 8, 8, 9, NULL, 0, '2015-08-29 20:48:39', '2015-08-29 20:48:39', NULL),
	(72, 0.92, 0.50, 0.89, 1.78, 0.64, 0.50, 0.50, 0.87, NULL, NULL, NULL, NULL, 8, 7, 7, 8, 8, 8, 8, 8, NULL, NULL, NULL, NULL, 0, '2015-08-29 20:48:39', '2015-08-29 20:48:39', NULL),
	(73, 1.60, NULL, NULL, NULL, NULL, NULL, NULL, NULL, 1.04, 1.09, 0.50, NULL, 7, NULL, NULL, NULL, NULL, NULL, NULL, NULL, 7, 8, 7, NULL, 0, '2015-08-29 20:48:39', '2015-08-29 20:48:39', NULL),
	(74, 1.62, 0.52, 1.01, 0.50, 0.54, 0.50, 1.56, 1.04, NULL, NULL, NULL, NULL, 8, 9, 8, 8, 8, 8, 8, 8, NULL, NULL, NULL, NULL, 0, '2015-08-29 20:48:39', '2015-08-29 20:48:39', NULL),
	(75, 0.85, NULL, NULL, NULL, NULL, NULL, NULL, NULL, 0.91, 1.70, 0.84, NULL, 7, NULL, NULL, NULL, NULL, NULL, NULL, NULL, 7, 7, 8, NULL, 0, '2015-08-29 20:48:39', '2015-08-29 20:48:39', NULL),
	(76, 0.62, 0.74, 0.83, 0.50, 1.04, 0.68, 0.50, 0.90, NULL, NULL, NULL, NULL, 8, 7, 7, 7, 7, 7, 7, 8, NULL, NULL, NULL, NULL, 0, '2015-08-29 20:48:39', '2015-08-29 20:48:39', NULL),
	(77, 1.38, NULL, NULL, NULL, NULL, NULL, NULL, NULL, 1.13, 0.84, 1.36, NULL, 7, NULL, NULL, NULL, NULL, NULL, NULL, NULL, 7, 8, 8, NULL, 0, '2015-08-29 20:48:39', '2015-08-29 20:48:39', NULL),
	(78, 1.06, 0.63, 0.78, 1.32, 0.64, 0.80, 0.83, 0.53, NULL, NULL, NULL, NULL, 7, 8, 8, 8, 8, 8, 8, 7, NULL, NULL, NULL, NULL, 0, '2015-08-29 20:48:39', '2015-08-29 20:48:39', NULL),
	(79, 1.24, NULL, NULL, NULL, NULL, NULL, NULL, NULL, 2.00, 1.08, 1.39, NULL, 9, NULL, NULL, NULL, NULL, NULL, NULL, NULL, 8, 8, 8, NULL, 0, '2015-08-29 20:48:39', '2015-08-29 20:48:39', NULL),
	(80, 0.60, 0.75, 0.50, 0.50, 0.50, 1.28, 0.50, 1.20, NULL, NULL, NULL, NULL, 8, 7, 7, 7, 7, 7, 7, 8, NULL, NULL, NULL, NULL, 0, '2015-08-29 20:48:39', '2015-08-29 20:48:39', NULL),
	(81, 1.70, NULL, NULL, NULL, NULL, NULL, NULL, NULL, 1.38, 1.38, 0.91, NULL, 8, NULL, NULL, NULL, NULL, NULL, NULL, NULL, 8, 8, 9, NULL, 0, '2015-08-29 20:48:39', '2015-08-29 20:48:39', NULL),
	(82, 0.50, 0.61, 0.52, 1.57, 1.17, 0.50, 1.18, 0.52, NULL, NULL, NULL, NULL, 8, 8, 8, 8, 8, 8, 7, 7, NULL, NULL, NULL, NULL, 0, '2015-08-29 20:48:39', '2015-08-29 20:48:39', NULL),
	(83, 1.44, NULL, NULL, NULL, NULL, NULL, NULL, NULL, 1.62, 1.25, 2.00, NULL, 8, NULL, NULL, NULL, NULL, NULL, NULL, NULL, 9, 9, 9, NULL, 0, '2015-08-29 20:48:39', '2015-08-29 20:48:39', NULL),
	(84, 1.71, NULL, NULL, NULL, NULL, NULL, NULL, NULL, 0.70, 0.85, 1.51, NULL, 8, NULL, NULL, NULL, NULL, NULL, NULL, NULL, 8, 7, 7, NULL, 0, '2015-08-29 21:07:06', '2015-08-29 21:07:06', NULL),
	(85, 0.87, 1.14, 0.83, 0.66, 0.91, 1.06, 0.54, 0.50, NULL, NULL, NULL, NULL, 8, 7, 8, 7, 8, 8, 8, 8, NULL, NULL, NULL, NULL, 0, '2015-08-30 09:59:45', '2015-08-30 09:59:45', NULL),
	(86, 0.64, NULL, NULL, NULL, NULL, NULL, NULL, NULL, 1.25, 1.70, 1.25, NULL, 7, NULL, NULL, NULL, NULL, NULL, NULL, NULL, 8, 8, 7, NULL, 0, '2015-08-30 09:59:45', '2015-08-30 09:59:45', NULL),
	(87, 1.10, 0.89, 0.80, 0.86, 0.50, 0.70, 0.55, 0.50, NULL, NULL, NULL, NULL, 8, 7, 8, 7, 7, 7, 7, 7, NULL, NULL, NULL, NULL, 0, '2015-08-31 14:27:42', '2015-08-31 14:27:42', NULL),
	(88, 1.36, NULL, NULL, NULL, NULL, NULL, NULL, NULL, 1.26, 1.46, 0.68, NULL, 7, NULL, NULL, NULL, NULL, NULL, NULL, NULL, 7, 8, 8, NULL, 0, '2015-08-31 14:27:42', '2015-08-31 14:27:42', NULL),
	(89, 0.50, 1.79, 1.58, 1.01, 1.56, 0.59, 0.50, 0.67, NULL, NULL, NULL, NULL, 8, 8, 9, 9, 9, 8, 9, 9, NULL, NULL, NULL, NULL, 0, '2015-09-01 09:56:01', '2015-09-01 09:56:01', NULL),
	(90, 1.05, NULL, NULL, NULL, NULL, NULL, NULL, NULL, 1.02, 1.33, 1.37, NULL, 8, NULL, NULL, NULL, NULL, NULL, NULL, NULL, 7, 8, 7, NULL, 0, '2015-09-01 10:04:18', '2015-09-01 10:04:18', NULL),
	(91, 0.99, 1.47, 0.78, 0.70, 0.50, 0.50, 1.07, 0.50, NULL, NULL, NULL, NULL, 8, 8, 8, 7, 8, 8, 8, 7, NULL, NULL, NULL, NULL, 0, '2015-09-01 10:26:57', '2015-09-01 10:26:57', NULL),
	(92, 1.28, NULL, NULL, NULL, NULL, NULL, NULL, NULL, 1.61, 0.79, 1.58, NULL, 8, NULL, NULL, NULL, NULL, NULL, NULL, NULL, 8, 9, 8, NULL, 0, '2015-09-01 10:26:57', '2015-09-01 10:26:57', NULL);
/*!40000 ALTER TABLE `people_training_factor` ENABLE KEYS */;


-- Dumping structure for table switkrze_rally.rally_accident
DROP TABLE IF EXISTS `rally_accident`;
CREATE TABLE IF NOT EXISTS `rally_accident` (
  `id` int(11) NOT NULL AUTO_INCREMENT,
  `name` varchar(255) DEFAULT NULL,
  `damage` decimal(18,2) DEFAULT NULL,
  `created_at` datetime NOT NULL,
  `updated_at` datetime NOT NULL,
  PRIMARY KEY (`id`)
) ENGINE=MyISAM DEFAULT CHARSET=utf8;

-- Dumping data for table switkrze_rally.rally_accident: 0 rows
DELETE FROM `rally_accident`;
/*!40000 ALTER TABLE `rally_accident` DISABLE KEYS */;
/*!40000 ALTER TABLE `rally_accident` ENABLE KEYS */;


-- Dumping structure for table switkrze_rally.rally_award
DROP TABLE IF EXISTS `rally_award`;
CREATE TABLE IF NOT EXISTS `rally_award` (
  `id` int(11) NOT NULL AUTO_INCREMENT,
  `rally_id` int(11) DEFAULT NULL,
  `team_id` int(11) DEFAULT NULL,
  `type` varchar(255) DEFAULT NULL,
  `created_at` datetime NOT NULL,
  `updated_at` datetime NOT NULL,
  PRIMARY KEY (`id`),
  KEY `rally_id_idx` (`rally_id`)
) ENGINE=MyISAM AUTO_INCREMENT=6 DEFAULT CHARSET=utf8;

-- Dumping data for table switkrze_rally.rally_award: 5 rows
DELETE FROM `rally_award`;
/*!40000 ALTER TABLE `rally_award` DISABLE KEYS */;
INSERT INTO `rally_award` (`id`, `rally_id`, `team_id`, `type`, `created_at`, `updated_at`) VALUES
	(1, 1, 7, 'normal', '2015-08-27 13:30:02', '2015-08-27 13:30:02'),
	(2, 13, 7, 'normal', '2015-08-28 13:45:02', '2015-08-28 13:45:02'),
	(3, 32, 7, 'normal', '2015-08-29 13:30:01', '2015-08-29 13:30:01'),
	(4, 80, 7, 'normal', '2015-08-30 12:45:00', '2015-08-30 12:45:00'),
	(5, 56, 10, 'normal', '2015-08-31 12:30:01', '2015-08-31 12:30:01');
/*!40000 ALTER TABLE `rally_award` ENABLE KEYS */;


-- Dumping structure for table switkrze_rally.rally_big_awards
DROP TABLE IF EXISTS `rally_big_awards`;
CREATE TABLE IF NOT EXISTS `rally_big_awards` (
  `id` int(11) NOT NULL AUTO_INCREMENT,
  `rally_id` int(11) DEFAULT NULL,
  `award_type` varchar(255) DEFAULT NULL,
  `car_model_id` int(11) DEFAULT NULL,
  `premium` bigint(20) DEFAULT NULL,
  `created_at` datetime NOT NULL,
  `updated_at` datetime NOT NULL,
  `deleted_at` datetime DEFAULT NULL,
  PRIMARY KEY (`id`),
  KEY `rally_big_awards_car_model_id_car_car_models_id` (`car_model_id`)
) ENGINE=MyISAM AUTO_INCREMENT=4 DEFAULT CHARSET=utf8;

-- Dumping data for table switkrze_rally.rally_big_awards: 3 rows
DELETE FROM `rally_big_awards`;
/*!40000 ALTER TABLE `rally_big_awards` DISABLE KEYS */;
INSERT INTO `rally_big_awards` (`id`, `rally_id`, `award_type`, `car_model_id`, `premium`, `created_at`, `updated_at`, `deleted_at`) VALUES
	(1, 44, 'car', 11, NULL, '0000-00-00 00:00:00', '0000-00-00 00:00:00', NULL),
	(2, 44, 'premium', NULL, 300, '0000-00-00 00:00:00', '0000-00-00 00:00:00', NULL),
	(3, 44, 'premium', NULL, 150, '0000-00-00 00:00:00', '0000-00-00 00:00:00', NULL);
/*!40000 ALTER TABLE `rally_big_awards` ENABLE KEYS */;


-- Dumping structure for table switkrze_rally.rally_crew
DROP TABLE IF EXISTS `rally_crew`;
CREATE TABLE IF NOT EXISTS `rally_crew` (
  `id` int(11) NOT NULL AUTO_INCREMENT,
  `rally_id` int(11) DEFAULT NULL,
  `team_id` int(11) DEFAULT NULL,
  `driver_id` int(11) DEFAULT NULL,
  `pilot_id` int(11) DEFAULT NULL,
  `car_id` int(11) DEFAULT NULL,
  `risk` varchar(255) DEFAULT NULL,
  `in_race` tinyint(1) NOT NULL DEFAULT '1',
  `training_done` tinyint(1) NOT NULL DEFAULT '0',
  `km_passed` double(10,2) DEFAULT '0.00',
  `created_at` datetime NOT NULL,
  `updated_at` datetime NOT NULL,
  PRIMARY KEY (`id`),
  KEY `rally_id_idx` (`rally_id`),
  KEY `rally_crew_team_id_team_team_id` (`team_id`),
  KEY `rally_crew_pilot_id_people_people_id` (`pilot_id`),
  KEY `rally_crew_driver_id_people_people_id` (`driver_id`),
  KEY `rally_crew_car_id_car_car_id` (`car_id`)
) ENGINE=MyISAM AUTO_INCREMENT=72 DEFAULT CHARSET=utf8;

-- Dumping data for table switkrze_rally.rally_crew: 66 rows
DELETE FROM `rally_crew`;
/*!40000 ALTER TABLE `rally_crew` DISABLE KEYS */;
INSERT INTO `rally_crew` (`id`, `rally_id`, `team_id`, `driver_id`, `pilot_id`, `car_id`, `risk`, `in_race`, `training_done`, `km_passed`, `created_at`, `updated_at`) VALUES
	(1, 1, 3, 5, 6, 3, 'normal', 1, 1, 354.43, '2015-08-25 19:05:01', '2015-08-28 02:15:01'),
	(2, 1, 4, 7, 8, 4, 'small', 1, 1, 354.43, '2015-08-25 19:10:34', '2015-08-28 02:15:01'),
	(3, 1, 5, 9, 10, 5, 'normal', 1, 1, 354.43, '2015-08-26 07:46:00', '2015-08-28 02:15:01'),
	(4, 1, 2, 1, 2, 2, 'big', 1, 1, 354.43, '2015-08-26 07:56:56', '2015-08-28 02:15:01'),
	(5, 1, 6, 11, 12, 6, 'normal', 1, 1, 354.43, '2015-08-26 08:51:12', '2015-08-28 02:15:02'),
	(6, 83, 5, 9, 10, 5, 'normal', 1, 0, 0.00, '2015-08-26 09:04:08', '2015-08-26 09:04:08'),
	(7, 16, 5, 9, 10, 5, 'very-big', 1, 0, 0.00, '2015-08-26 09:05:38', '2015-08-26 09:05:38'),
	(8, 82, 5, 9, 10, 5, 'very-small', 1, 0, 0.00, '2015-08-26 09:06:01', '2015-08-26 09:06:01'),
	(9, 81, 5, 9, 10, 5, 'small', 1, 0, 0.00, '2015-08-26 09:06:20', '2015-08-26 09:06:20'),
	(10, 1, 7, 13, 14, 7, 'big', 1, 1, 354.43, '2015-08-26 10:42:19', '2015-08-28 02:15:02'),
	(11, 1, 8, 15, 16, 8, 'big', 1, 1, 354.43, '2015-08-26 11:16:07', '2015-08-28 02:15:02'),
	(12, 1, 9, 17, 18, 9, 'normal', 1, 1, 354.43, '2015-08-26 11:21:11', '2015-08-28 02:15:02'),
	(13, 80, 7, 13, 14, 7, 'big', 1, 1, 343.13, '2015-08-26 12:12:47', '2015-08-31 02:15:02'),
	(14, 81, 7, 13, 14, 7, 'big', 1, 0, 0.00, '2015-08-26 12:13:07', '2015-08-26 12:13:07'),
	(15, 82, 7, 13, 14, 7, 'very-big', 1, 0, 0.00, '2015-08-26 12:13:16', '2015-08-26 12:13:16'),
	(16, 83, 7, 13, 14, 7, 'big', 1, 0, 0.00, '2015-08-26 12:13:28', '2015-08-26 12:13:28'),
	(17, 1, 2, 3, 4, 10, 'very-big', 1, 1, 354.43, '2015-08-26 16:32:52', '2015-08-28 02:15:02'),
	(18, 1, 12, 23, 24, 13, 'normal', 1, 1, 354.43, '2015-08-27 00:05:30', '2015-08-28 02:15:02'),
	(19, 13, 7, 13, 14, 7, 'big', 1, 1, 299.67, '2015-08-27 09:09:50', '2015-08-29 02:15:01'),
	(20, 32, 7, 13, 14, 7, 'very-big', 1, 1, 205.27, '2015-08-27 10:56:32', '2015-08-30 02:15:01'),
	(21, 13, 5, 9, 10, 5, 'big', 1, 1, 299.67, '2015-08-27 10:56:52', '2015-08-29 02:15:01'),
	(22, 32, 5, 9, 10, 5, 'very-small', 1, 1, 205.27, '2015-08-27 10:57:11', '2015-08-30 02:15:01'),
	(23, 13, 3, 5, 6, 3, 'big', 1, 1, 299.67, '2015-08-27 13:41:39', '2015-08-29 02:15:01'),
	(24, 13, 9, 17, 18, 9, 'big', 1, 1, 299.67, '2015-08-27 13:56:07', '2015-08-29 02:15:01'),
	(25, 13, 4, 7, 8, 4, 'very-big', 1, 1, 299.67, '2015-08-27 14:19:20', '2015-08-29 02:15:01'),
	(26, 32, 9, 17, 18, 9, 'big', 1, 1, 205.27, '2015-08-27 14:49:10', '2015-08-30 02:15:01'),
	(27, 13, 17, 35, 36, 20, 'very-big', 1, 1, 299.67, '2015-08-27 14:50:44', '2015-08-29 02:15:01'),
	(28, 32, 3, 5, 6, 3, 'big', 1, 1, 205.27, '2015-08-27 15:58:58', '2015-08-30 02:15:01'),
	(29, 80, 3, 5, 6, 3, 'very-big', 1, 1, 343.13, '2015-08-27 15:59:18', '2015-08-31 02:15:02'),
	(30, 32, 10, 19, 20, 11, 'normal', 1, 1, 205.27, '2015-08-28 09:28:14', '2015-08-30 02:15:02'),
	(31, 56, 10, 19, 20, 11, 'normal', 1, 1, 230.55, '2015-08-28 09:31:59', '2015-09-01 02:15:02'),
	(32, 32, 16, 31, 32, 17, 'normal', 1, 1, 205.27, '2015-08-28 09:46:15', '2015-08-30 02:15:02'),
	(33, 32, 2, 1, 2, 2, 'very-big', 1, 1, 205.27, '2015-08-28 09:54:34', '2015-08-30 02:15:02'),
	(34, 32, 2, 3, 4, 10, 'very-big', 1, 1, 205.27, '2015-08-28 09:54:41', '2015-08-30 02:15:02'),
	(35, 32, 6, 11, 12, 6, 'small', 1, 1, 205.27, '2015-08-28 11:22:12', '2015-08-30 02:15:02'),
	(36, 80, 5, 9, 10, 5, 'normal', 1, 1, 343.13, '2015-08-28 11:38:49', '2015-08-31 02:15:02'),
	(37, 32, 4, 7, 8, 4, 'very-big', 1, 1, 205.27, '2015-08-28 15:47:49', '2015-08-30 02:15:02'),
	(38, 32, 15, 29, 30, 16, 'small', 1, 1, 205.27, '2015-08-28 19:28:59', '2015-08-30 02:15:02'),
	(39, 56, 15, 29, 30, 16, 'small', 1, 1, 230.55, '2015-08-28 20:18:02', '2015-09-01 02:15:02'),
	(40, 80, 5, 50, 47, 19, 'big', 1, 1, 343.13, '2015-08-29 10:50:02', '2015-08-31 02:15:02'),
	(41, 80, 4, 7, 8, 4, 'normal', 1, 1, 343.13, '2015-08-29 17:29:27', '2015-08-31 02:15:02'),
	(42, 56, 4, 7, 8, 4, 'very-big', 1, 1, 230.55, '2015-08-29 17:29:41', '2015-09-01 02:15:02'),
	(43, 68, 4, 51, 52, 4, 'very-small', 1, 0, 146.94, '2015-08-29 17:29:53', '2015-09-01 11:00:01'),
	(44, 80, 9, 33, 18, 9, 'big', 1, 1, 343.13, '2015-08-29 19:43:55', '2015-08-31 02:15:02'),
	(45, 56, 9, 17, 18, 9, 'big', 1, 1, 230.55, '2015-08-29 19:51:13', '2015-09-01 02:15:02'),
	(46, 56, 3, 5, 6, 3, 'normal', 1, 1, 230.55, '2015-08-30 10:55:04', '2015-09-01 02:15:02'),
	(47, 56, 3, 42, 84, 23, 'normal', 1, 1, 230.55, '2015-08-30 10:57:29', '2015-09-01 02:15:02'),
	(48, 68, 15, 29, 30, 16, 'very-small', 1, 0, 146.94, '2015-08-30 23:08:36', '2015-09-01 11:00:01'),
	(49, 2, 15, 29, 30, 16, 'very-small', 1, 0, 0.00, '2015-08-30 23:09:10', '2015-08-30 23:09:10'),
	(50, 68, 7, 13, 14, 7, 'big', 1, 0, 146.94, '2015-08-31 09:34:48', '2015-09-01 11:00:01'),
	(51, 44, 7, 13, 14, 7, 'big', 1, 0, 0.00, '2015-08-31 09:57:34', '2015-08-31 09:57:34'),
	(52, 68, 5, 9, 10, 5, 'very-big', 1, 0, 146.94, '2015-08-31 10:51:02', '2015-09-01 11:00:01'),
	(53, 68, 5, 43, 47, 22, 'very-big', 1, 0, 146.94, '2015-08-31 10:51:11', '2015-09-01 11:00:01'),
	(54, 68, 3, 5, 6, 3, 'very-big', 1, 0, 146.94, '2015-08-31 11:32:58', '2015-09-01 11:00:01'),
	(55, 68, 3, 44, 84, 23, 'very-big', 1, 0, 146.94, '2015-08-31 11:33:13', '2015-09-01 11:00:01'),
	(56, 2, 3, 5, 6, 3, 'big', 1, 0, 0.00, '2015-08-31 11:33:30', '2015-08-31 11:33:30'),
	(57, 2, 3, 44, 84, 23, 'big', 1, 0, 0.00, '2015-08-31 11:33:44', '2015-08-31 11:33:44'),
	(58, 14, 3, 5, 6, 3, 'normal', 1, 0, 0.00, '2015-08-31 11:34:19', '2015-08-31 11:34:19'),
	(59, 14, 3, 44, 84, 23, 'normal', 1, 0, 0.00, '2015-08-31 11:34:36', '2015-08-31 11:34:36'),
	(60, 33, 3, 5, 6, 3, 'very-small', 1, 0, 0.00, '2015-08-31 11:34:51', '2015-08-31 11:34:51'),
	(61, 33, 3, 44, 84, 23, 'very-small', 1, 0, 0.00, '2015-08-31 11:35:00', '2015-08-31 11:35:00'),
	(62, 81, 3, 5, 6, 3, 'very-big', 1, 0, 0.00, '2015-08-31 11:35:17', '2015-08-31 11:35:17'),
	(63, 81, 3, 44, 84, 23, 'very-big', 1, 0, 0.00, '2015-08-31 11:35:28', '2015-08-31 11:35:28'),
	(64, 44, 4, 51, 8, 4, 'very-big', 1, 0, 0.00, '2015-08-31 14:23:25', '2015-08-31 14:23:25'),
	(65, 2, 4, 7, 8, 4, 'very-big', 1, 0, 0.00, '2015-08-31 14:23:38', '2015-08-31 14:23:38'),
	(66, 14, 4, 45, 52, 4, 'very-big', 1, 0, 0.00, '2015-08-31 14:23:53', '2015-08-31 14:23:53'),
	(67, 44, 5, 9, 10, 22, 'very-big', 1, 0, 0.00, '2015-08-31 16:46:33', '2015-08-31 16:46:33'),
	(68, 44, 5, 43, 47, 5, 'very-big', 1, 0, 0.00, '2015-08-31 16:46:41', '2015-08-31 16:46:41'),
	(69, 2, 23, 60, 46, 29, 'normal', 1, 0, 0.00, '2015-09-01 09:56:41', '2015-09-01 09:56:41'),
	(70, 2, 23, 89, 61, 42, 'normal', 1, 0, 0.00, '2015-09-01 09:57:07', '2015-09-01 09:57:07'),
	(71, 116, 23, 60, 46, 42, 'normal', 1, 0, 0.00, '2015-09-01 10:14:09', '2015-09-01 10:14:09');
/*!40000 ALTER TABLE `rally_crew` ENABLE KEYS */;


-- Dumping structure for table switkrze_rally.rally_data_rally
DROP TABLE IF EXISTS `rally_data_rally`;
CREATE TABLE IF NOT EXISTS `rally_data_rally` (
  `id` int(11) NOT NULL AUTO_INCREMENT,
  `name` varchar(255) DEFAULT NULL,
  `slug` varchar(255) DEFAULT NULL,
  `description` text,
  `day` int(11) DEFAULT NULL,
  `week` int(11) DEFAULT NULL,
  `league_rally` tinyint(1) DEFAULT '0',
  `big_awards` tinyint(1) DEFAULT '0',
  `created_at` datetime NOT NULL,
  `updated_at` datetime NOT NULL,
  `deleted_at` datetime DEFAULT NULL,
  PRIMARY KEY (`id`)
) ENGINE=MyISAM AUTO_INCREMENT=80 DEFAULT CHARSET=utf8;

-- Dumping data for table switkrze_rally.rally_data_rally: 72 rows
DELETE FROM `rally_data_rally`;
/*!40000 ALTER TABLE `rally_data_rally` DISABLE KEYS */;
INSERT INTO `rally_data_rally` (`id`, `name`, `slug`, `description`, `day`, `week`, `league_rally`, `big_awards`, `created_at`, `updated_at`, `deleted_at`) VALUES
	(1, 'Rally Monte Carlo', 'rally-monte-carlo', '', 1, 1, 0, 0, '2015-08-08 12:50:19', '2015-08-13 10:37:28', NULL),
	(2, 'Rally Sweden', 'rally-sweden', '', 1, 2, 0, 0, '2015-08-08 12:56:21', '2015-08-13 10:37:28', NULL),
	(3, 'Rally Guanajuato Mexico', 'rally-guanajuato-mexico', '', 1, 3, 0, 0, '2015-08-08 13:01:41', '2015-08-13 10:37:28', NULL),
	(4, 'XION RALLY ARGENTINA', 'xion-rally-argentina', '', 1, 4, 0, 0, '2015-08-08 13:05:32', '2015-08-13 10:37:28', NULL),
	(5, 'Rally de Portugal', 'rally-de-portugal', '', 1, 5, 0, 0, '2015-08-08 13:09:53', '2015-08-13 10:37:28', NULL),
	(6, 'RALLY ITALIA SARDEGNA', 'rally-italia-sardegna', '', 1, 6, 0, 0, '2015-08-08 14:53:32', '2015-08-13 10:37:28', NULL),
	(7, 'Rally Poland', 'rally-poland', '', 1, 7, 0, 0, '2015-08-08 14:58:53', '2015-08-13 10:37:28', NULL),
	(8, 'Rally Finland', 'rally-finland', '', 1, 8, 0, 0, '2015-08-08 17:48:37', '2015-08-13 10:37:28', NULL),
	(9, 'Rally Deutschland', 'rally-deutschland', '', 1, 9, 0, 0, '2015-08-08 18:05:59', '2015-08-13 10:37:28', NULL),
	(10, 'Rally Australia', 'rally-australia', '', 1, 10, 0, 0, '2015-08-08 18:15:39', '2015-08-13 10:37:28', NULL),
	(11, 'Tour de Corse', 'tour-de-corse', '', 1, 11, 0, 0, '2015-08-09 09:08:15', '2015-08-13 10:37:28', NULL),
	(12, 'Rally Catalunya', 'rally-catalunya', '', 1, 12, 0, 0, '2015-08-09 09:29:15', '2015-08-13 10:37:43', NULL),
	(13, 'Wales Rally', 'wales-rally', '', 2, 1, 0, 0, '2015-08-09 09:33:26', '2015-08-13 10:37:43', NULL),
	(14, 'Janner Rally', 'janner-rally', '', 2, 2, 0, 0, '2015-08-09 14:43:27', '2015-08-13 10:37:43', NULL),
	(15, 'Rally Liepāja', 'rally-liepaja', '', 2, 3, 0, 0, '2015-08-09 14:47:06', '2015-08-13 10:37:43', NULL),
	(16, 'Rally Ireland', 'rally-ireland', '', 2, 4, 0, 0, '2015-08-09 18:29:55', '2015-08-13 10:37:43', NULL),
	(17, 'Rally Azores', 'rally-azores', '', 2, 5, 0, 0, '2015-08-09 18:37:22', '2015-08-13 10:37:43', NULL),
	(18, 'Ypres Rally', 'ypres-rally', '', 2, 6, 0, 0, '2015-08-10 10:35:26', '2015-08-13 10:37:43', NULL),
	(26, 'Rally Estonia', 'rally-estonia', '', 2, 7, 0, 0, '2015-08-10 10:51:22', '2015-08-13 10:37:43', NULL),
	(27, 'Rally Zlin', 'rally-zlin', '', 2, 8, 0, 0, '2015-08-10 10:54:48', '2015-08-13 10:37:43', NULL),
	(28, 'Cyprus Rally', 'cyprus-rally', '', 2, 9, 0, 0, '2015-08-10 10:57:37', '2015-08-13 10:37:43', NULL),
	(29, 'Acropolis Rally', 'acropolis-rally', '', 2, 10, 0, 0, '2015-08-10 11:00:38', '2015-08-13 10:37:43', NULL),
	(30, 'Rallye du Valais', 'rallye-du-valais', '', 2, 11, 0, 0, '2015-08-10 11:04:16', '2015-08-13 10:37:43', NULL),
	(31, 'Rajd Arlamow', 'rajd-arlamow', '', 2, 12, 0, 0, '2015-08-10 11:11:05', '2015-08-13 10:37:43', NULL),
	(32, 'Rajd Dolnoslaski', 'rajd-dolnoslaski', '', 3, 1, 0, 0, '2015-08-10 11:14:37', '2015-08-13 10:37:43', NULL),
	(33, 'Rajd Karkonoski', 'rajd-karkonoski', '', 3, 2, 0, 0, '2015-08-10 11:21:17', '2015-08-13 10:37:43', NULL),
	(34, 'Rajd Baltic Cup', 'rajd-baltic-cup', '', 3, 3, 0, 0, '2015-08-10 11:25:24', '2015-08-13 10:37:43', NULL),
	(35, 'Rajd Rzeszowski', 'rajd-rzeszowski', '', 3, 4, 0, 0, '2015-08-10 11:27:51', '2015-08-13 10:37:43', NULL),
	(36, 'Rajd Swidnicki', 'rajd-swidnicki', '', 3, 5, 0, 0, '2015-08-10 11:35:54', '2015-08-13 10:37:43', NULL),
	(37, 'Cochrane Winter Rally', 'cochrane-winter-rally', '', 3, 6, 0, 0, '2015-08-10 11:58:56', '2015-08-13 10:37:43', NULL),
	(38, 'Rally Russia', 'rally-russia', '', 3, 7, 0, 0, '2015-08-10 12:01:22', '2015-08-13 10:37:43', NULL),
	(39, 'Ostersund Winter Rally', 'ostersund-winter-rally', '', 3, 8, 0, 0, '2015-08-10 12:04:32', '2015-08-13 10:37:43', NULL),
	(40, 'Aurskog Holand Rally', 'aurskog-holand-rally', '', 3, 9, 0, 0, '2015-08-10 12:14:12', '2015-08-13 10:37:43', NULL),
	(41, 'Rally Elverum', 'rally-elverum', '', 3, 10, 0, 0, '2015-08-10 12:16:39', '2015-08-13 10:37:43', NULL),
	(42, 'Rally Hadeland', 'rally-hadeland', '', 3, 11, 0, 0, '2015-08-10 12:19:14', '2015-08-13 10:37:43', NULL),
	(43, 'Rally Hedemarken', 'rally-hedemarken', '', 3, 12, 0, 0, '2015-08-10 12:45:01', '2015-08-13 10:37:43', NULL),
	(44, 'Mountain Rally Norway', 'mountain-rally-norway', '', 4, 1, 0, 0, '2015-08-10 12:56:06', '2015-08-13 10:37:43', NULL),
	(45, 'Rally Norway', 'rally-norway', '', 4, 2, 0, 0, '2015-08-10 13:00:49', '2015-08-13 10:37:43', NULL),
	(46, 'Numedalsrally', 'numedalsrally', '', 4, 3, 0, 0, '2015-08-10 13:05:04', '2015-08-13 10:37:43', NULL),
	(47, 'Sigdalsrally', 'sigdalsrally', '', 4, 4, 0, 0, '2015-08-10 13:16:42', '2015-08-13 10:37:43', NULL),
	(48, 'Rally Sokndal', 'rally-sokndal', '', 4, 5, 0, 0, '2015-08-10 13:18:36', '2015-08-13 10:37:43', NULL),
	(49, 'Rally Sorland', 'rally-sorland', '', 4, 6, 0, 0, '2015-08-10 15:12:06', '2015-08-13 10:37:43', NULL),
	(50, 'Rally Telemark', 'rally-telemark', '', 4, 7, 0, 0, '2015-08-10 15:21:49', '2015-08-13 10:37:43', NULL),
	(51, 'Arctic Lapland Rally', 'arctic-lapland-rally', '', 4, 8, 0, 0, '2015-08-10 15:24:01', '2015-08-13 10:37:43', NULL),
	(52, 'Wechselland Rallye', 'wechselland-rallye', '', 4, 9, 0, 0, '2015-08-10 15:30:10', '2015-08-13 10:37:43', NULL),
	(53, 'Rally Barbados 2014', 'rally-barbados-2014', '', 4, 10, 0, 0, '2015-08-10 15:36:15', '2015-08-13 10:37:43', NULL),
	(54, 'TAC Rally', 'tac-rally', '', 4, 11, 0, 0, '2015-08-10 15:38:49', '2015-08-13 10:37:43', NULL),
	(55, 'Rallye de Wallonie', 'rallye-de-wallonie', '', 4, 12, 0, 0, '2015-08-10 15:41:57', '2015-08-13 10:37:43', NULL),
	(56, 'Rally de Curitiba', 'rally-de-curitiba', '', 5, 1, 0, 0, '2015-08-10 15:44:46', '2015-08-13 10:37:43', NULL),
	(57, 'Rally Bulgaria', 'rally-bulgaria', '', 5, 2, 0, 0, '2015-08-10 15:48:24', '2015-08-13 10:37:43', NULL),
	(58, 'Rally Croatia', 'rally-croatia', '', 5, 3, 0, 0, '2015-08-10 15:50:44', '2015-08-13 10:37:43', NULL),
	(59, 'Rally Agropa', 'rally-agropa', '', 5, 4, 0, 0, '2015-08-10 15:54:30', '2015-08-13 10:37:43', NULL),
	(60, 'Rally Bohemia', 'rally-bohemia', '', 5, 5, 0, 0, '2015-08-10 16:20:57', '2015-08-13 10:37:43', NULL),
	(61, 'Rallye Lyon - Charbonnieres', 'rallye-lyon-charbonnieres', '', 5, 6, 0, 0, '2015-08-10 16:27:13', '2015-08-13 10:37:43', NULL),
	(62, 'Rallye du Touquet', 'rallye-du-touquet', '', 5, 7, 0, 0, '2015-08-10 16:29:02', '2015-08-13 10:37:43', NULL),
	(63, 'Rallye Erzgebirge', 'rallye-erzgebirge', '', 5, 8, 0, 0, '2015-08-10 16:31:41', '2015-08-13 10:37:43', NULL),
	(64, 'Rally Jamaica', 'rally-jamaica', '', 5, 9, 0, 0, '2015-08-10 16:38:22', '2015-08-13 10:37:43', NULL),
	(65, 'Hellendoorn Rally', 'hellendoorn-rally', '', 5, 10, 0, 0, '2015-08-10 16:41:16', '2015-08-13 10:37:43', NULL),
	(66, 'Rallye de Luxembourg', 'rallye-de-luxembourg', '', 5, 11, 0, 0, '2015-08-10 16:47:23', '2015-08-13 10:37:43', NULL),
	(67, 'Qatar Rally', 'qatar-rally', '', 5, 12, 0, 0, '2015-08-10 16:50:08', '2015-08-13 10:37:43', NULL),
	(68, 'Rally Presov', 'rally-presov', '', 6, 1, 0, 0, '2015-08-10 16:52:25', '2015-08-13 10:37:43', NULL),
	(69, 'Rally of Scotland', 'rally-of-scotland', '', 6, 2, 0, 0, '2015-08-10 16:54:38', '2015-08-13 10:37:43', NULL),
	(70, 'Olympus Rally', 'olympus-rally', '', 6, 3, 0, 0, '2015-08-10 17:20:46', '2015-08-13 10:37:43', NULL),
	(71, 'Rally Tasmania', 'rally-tasmania', '', 6, 4, 0, 0, '2015-08-10 17:24:18', '2015-08-13 10:37:43', NULL),
	(72, 'Danboring Rally', 'danboring-rally', '', 6, 5, 0, 0, '2015-08-10 17:28:34', '2015-08-13 10:37:43', NULL),
	(73, 'Rally Japan', 'rally-japan', '', 6, 6, 0, 0, '2015-08-10 17:30:34', '2015-08-13 10:37:43', NULL),
	(74, 'Rajd Krzeszowic', 'rajd-krzeszowic', '', 6, 7, 0, 0, '2015-08-10 17:47:57', '2015-08-13 10:37:43', NULL),
	(75, 'Rajd Bochni', 'rajd-bochni', '', 6, 8, 0, 0, '2015-08-11 11:03:43', '2015-08-13 10:37:43', NULL),
	(76, 'Rajd Krakowski', 'rajd-krakowski', '', 6, 9, 0, 0, '2015-08-11 11:13:27', '2015-08-13 10:37:43', NULL),
	(77, 'Rajd Baltycki', 'rajd-baltycki', '', 6, 10, 0, 0, '2015-08-11 11:24:13', '2015-08-13 10:37:43', NULL),
	(78, 'Rally of the Tall Pines', 'rally-of-the-tall-pines', '', 6, 11, 0, 0, '2015-08-11 11:38:04', '2015-08-13 10:37:43', NULL),
	(79, 'Sibiu Rally Romania', 'sibiu-rally-romania', '', 6, 12, 0, 0, '2015-08-11 11:57:54', '2015-08-13 10:37:43', NULL);
/*!40000 ALTER TABLE `rally_data_rally` ENABLE KEYS */;


-- Dumping structure for table switkrze_rally.rally_data_stage
DROP TABLE IF EXISTS `rally_data_stage`;
CREATE TABLE IF NOT EXISTS `rally_data_stage` (
  `id` int(11) NOT NULL AUTO_INCREMENT,
  `rally_id` int(11) DEFAULT NULL,
  `name` varchar(255) DEFAULT NULL,
  `length` decimal(18,2) DEFAULT NULL,
  `min_time` time DEFAULT NULL,
  `created_at` datetime NOT NULL,
  `updated_at` datetime NOT NULL,
  PRIMARY KEY (`id`),
  KEY `rally_id_idx` (`rally_id`)
) ENGINE=MyISAM AUTO_INCREMENT=1336 DEFAULT CHARSET=utf8;

-- Dumping data for table switkrze_rally.rally_data_stage: 1,114 rows
DELETE FROM `rally_data_stage`;
/*!40000 ALTER TABLE `rally_data_stage` DISABLE KEYS */;
INSERT INTO `rally_data_stage` (`id`, `rally_id`, `name`, `length`, `min_time`, `created_at`, `updated_at`) VALUES
	(1, 1, 'ENTREVAUX - ROUAINE', 21.55, '00:12:25', '2015-08-08 12:50:19', '2015-08-27 12:21:26'),
	(2, 1, 'NORANTE - DIGNE-LES-BAINS', 19.68, '00:12:36', '2015-08-08 12:50:19', '2015-08-27 12:21:26'),
	(3, 1, 'LA SALLE EN BEAUMONT', 15.60, '00:10:44', '2015-08-08 12:50:19', '2015-08-27 12:21:26'),
	(4, 1, 'ASPRES LES CORPS', 25.28, '00:14:40', '2015-08-08 12:50:19', '2015-08-27 12:21:26'),
	(5, 1, 'LES COSTES', 25.72, '00:16:44', '2015-08-08 12:50:19', '2015-08-27 12:21:26'),
	(6, 1, 'LA SALLE EN BEAUMONT', 15.72, '00:09:31', '2015-08-08 12:50:19', '2015-08-27 12:21:26'),
	(7, 1, 'ASPRES LES CORPS - CHAUFFAYER 2', 25.94, '00:14:45', '2015-08-08 12:50:20', '2015-08-27 12:21:26'),
	(8, 1, 'LES COSTES - ST JULIEN EN CHAMPSAUR 2', 25.16, '00:14:57', '2015-08-08 12:50:20', '2015-08-27 12:21:26'),
	(9, 1, 'PRUNIERES - EMBRUN 1', 19.24, '00:11:18', '2015-08-08 12:50:20', '2015-08-27 12:21:26'),
	(10, 1, 'LARDIER ET VALENCA - FAYE', 51.38, '00:31:08', '2015-08-08 12:50:20', '2015-08-27 12:21:26'),
	(11, 1, 'PRUNIERES - EMBRUN 2', 19.84, '00:12:45', '2015-08-08 12:50:20', '2015-08-27 12:21:26'),
	(12, 1, 'SISTERON - THOARD', 36.17, '00:21:29', '2015-08-08 12:50:20', '2015-08-27 12:21:26'),
	(13, 1, 'COL ST JEAN - ST LAURENT 1', 10.77, '00:07:20', '2015-08-08 12:50:20', '2015-08-27 12:21:26'),
	(14, 1, 'LA BOLLENE VESUBIE - SOSPEL', 31.55, '00:18:56', '2015-08-08 12:50:20', '2015-08-27 12:21:26'),
	(15, 1, ' COL ST JEAN - ST LAURENT 2', 10.83, '00:07:08', '2015-08-08 12:50:20', '2015-08-27 12:21:26'),
	(18, 2, 'SUPER SPECIAL STAGE KARLSTAD', 1.94, '00:01:18', '2015-08-08 12:56:21', '2015-08-27 12:21:26'),
	(19, 2, 'TORSBY 1', 14.80, '00:08:36', '2015-08-08 12:56:21', '2015-08-27 12:21:26'),
	(20, 2, 'ROJDEN 1', 18.74, '00:12:08', '2015-08-08 12:56:21', '2015-08-27 12:21:26'),
	(21, 2, 'FINNSKOGEN 1', 20.99, '00:13:38', '2015-08-08 12:56:22', '2015-08-27 12:21:26'),
	(22, 2, 'KIRKENAER 1', 7.89, '00:05:14', '2015-08-08 12:56:22', '2015-08-27 12:21:26'),
	(23, 2, 'KIRKENAER 2', 7.21, '00:04:11', '2015-08-08 12:56:22', '2015-08-27 12:21:26'),
	(24, 2, 'FINNSKOGEN 2', 20.94, '00:12:06', '2015-08-08 12:56:22', '2015-08-27 12:21:26'),
	(25, 2, 'TORSBY 2', 14.80, '00:08:22', '2015-08-08 12:56:22', '2015-08-27 12:21:26'),
	(26, 2, 'SUPER SPECIAL STAGE KARLSTAD 2', 1.94, '00:01:18', '2015-08-08 12:56:22', '2015-08-27 12:21:26'),
	(27, 2, 'FREDRIKSBERG 1', 18.20, '00:10:57', '2015-08-08 12:56:22', '2015-08-27 12:21:26'),
	(28, 2, 'RAMMEN 1', 22.65, '00:13:32', '2015-08-08 12:56:22', '2015-08-27 12:21:26'),
	(29, 2, 'HAGFORS SPRINT 1', 1.83, '00:01:11', '2015-08-08 12:56:22', '2015-08-27 12:21:26'),
	(30, 2, 'VARGASEN 1', 24.42, '00:15:38', '2015-08-08 12:56:22', '2015-08-27 12:21:26'),
	(31, 2, 'RAMMEN 2', 22.63, '00:13:35', '2015-08-08 12:56:22', '2015-08-27 12:21:26'),
	(32, 2, 'HAGFORS SPRINT 2', 1.76, '00:01:08', '2015-08-08 12:56:22', '2015-08-27 12:21:26'),
	(33, 2, 'VARGASEN 2', 24.22, '00:14:07', '2015-08-08 12:56:22', '2015-08-27 12:21:26'),
	(35, 3, 'STREET STAGE GUANAJUATO', 1.85, '00:01:14', '2015-08-08 13:01:41', '2015-08-27 12:21:26'),
	(36, 3, 'SUPER SPECIAL 1', 4.92, '00:02:57', '2015-08-08 13:01:41', '2015-08-27 12:21:26'),
	(37, 3, 'LOS MEXICANOS 1', 9.77, '00:05:39', '2015-08-08 13:01:41', '2015-08-27 12:21:26'),
	(38, 3, 'EL CHOCOLATE 1', 44.12, '00:24:57', '2015-08-08 13:01:41', '2015-08-27 12:21:26'),
	(39, 3, 'LAS MINAS 1', 15.34, '00:09:55', '2015-08-08 13:01:41', '2015-08-27 12:21:26'),
	(40, 3, 'STREET STAGE LEON 1', 1.91, '00:01:16', '2015-08-08 13:01:41', '2015-08-27 12:21:26'),
	(41, 3, 'LOS MEXICANOS 2', 9.68, '00:06:24', '2015-08-08 13:01:41', '2015-08-27 12:21:26'),
	(42, 3, 'EL CHOCOLATE 2', 44.17, '00:26:09', '2015-08-08 13:01:41', '2015-08-27 12:21:26'),
	(43, 3, 'LAS MINAS 2', 15.43, '00:10:17', '2015-08-08 13:01:41', '2015-08-27 12:21:26'),
	(44, 3, 'SUPER SPECIAL 2', 4.92, '00:03:15', '2015-08-08 13:01:42', '2015-08-27 12:21:26'),
	(45, 3, 'IBARRILLA 1', 30.89, '00:18:10', '2015-08-08 13:01:42', '2015-08-27 12:21:26'),
	(46, 3, 'OTATES 1', 42.44, '00:24:18', '2015-08-08 13:01:42', '2015-08-27 12:21:26'),
	(47, 3, 'EL BRINCO 1', 8.42, '00:05:36', '2015-08-08 13:01:42', '2015-08-27 12:21:26'),
	(48, 3, 'STREET STAGE LEON 2', 1.91, '00:01:06', '2015-08-08 13:01:42', '2015-08-27 12:21:26'),
	(49, 3, 'IBARRILLA 2', 30.48, '00:18:10', '2015-08-08 13:01:42', '2015-08-27 12:21:26'),
	(50, 3, 'OTATES 2', 42.59, '00:26:20', '2015-08-08 13:01:42', '2015-08-27 12:21:26'),
	(51, 3, 'EL BRINCO 2', 8.96, '00:05:19', '2015-08-08 13:01:42', '2015-08-27 12:21:26'),
	(52, 4, 'SUPER ESPECIAL MERLO', 2.89, '00:01:44', '2015-08-08 13:05:33', '2015-08-27 12:21:26'),
	(53, 4, 'AGUA DE ORO - ASCOCHINGA', 51.78, '00:33:45', '2015-08-08 13:05:33', '2015-08-27 12:21:26'),
	(54, 4, 'VILLA BUSTOS - TANTI', 19.68, '00:11:31', '2015-08-08 13:05:33', '2015-08-27 12:21:26'),
	(55, 4, 'AGUA DE ORO - ASCOCHINGA II', 51.78, '00:33:45', '2015-08-08 13:05:33', '2015-08-27 12:24:53'),
	(56, 4, 'VILLA BUSTOS - TANTI II', 19.68, '00:11:31', '2015-08-08 13:05:33', '2015-08-27 12:24:53'),
	(57, 4, 'SUPER ESPECIAL FERNET BRANCA', 6.84, '00:04:34', '2015-08-08 13:05:33', '2015-08-27 12:21:26'),
	(58, 4, 'FERNET BRANCA', 23.35, '00:14:28', '2015-08-08 13:05:33', '2015-08-27 12:21:26'),
	(59, 4, 'SAN MARCOS', 42.41, '00:24:06', '2015-08-08 13:05:33', '2015-08-27 12:21:26'),
	(60, 4, 'FERNET BRANCA II', 23.35, '00:14:28', '2015-08-08 13:05:33', '2015-08-27 12:24:53'),
	(61, 4, 'SAN MARCOS II', 42.41, '00:24:06', '2015-08-08 13:05:33', '2015-08-27 12:24:53'),
	(62, 4, 'EL CONDOR', 16.60, '00:10:07', '2015-08-08 13:05:33', '2015-08-27 12:21:26'),
	(63, 4, 'POWER STAGE EL CONDOR', 16.17, '00:10:48', '2015-08-08 13:05:33', '2015-08-27 12:21:26'),
	(71, 5, 'CAMINHA', 18.40, '00:12:09', '2015-08-08 13:09:54', '2015-08-27 12:21:26'),
	(70, 5, 'PONTE DE LIMA 1', 27.64, '00:18:27', '2015-08-08 13:09:54', '2015-08-27 12:21:26'),
	(69, 5, 'LOUSADA', 3.14, '00:01:55', '2015-08-08 13:09:53', '2015-08-27 12:21:26'),
	(72, 5, 'VIANA DO CASTELO', 18.36, '00:12:22', '2015-08-08 13:09:54', '2015-08-27 12:21:26'),
	(73, 5, 'PONTE DE LIMA 2', 27.72, '00:18:39', '2015-08-08 13:09:54', '2015-08-27 12:21:26'),
	(74, 5, 'CAMINHA 2', 18.40, '00:12:09', '2015-08-08 13:09:54', '2015-08-27 12:24:53'),
	(75, 5, 'VIANA DO CASTELO 2', 18.36, '00:12:22', '2015-08-08 13:09:54', '2015-08-27 12:24:53'),
	(76, 5, 'BAIAO', 18.28, '00:10:17', '2015-08-08 13:09:54', '2015-08-27 12:21:26'),
	(77, 5, 'MARAO', 26.53, '00:16:05', '2015-08-08 13:09:54', '2015-08-27 12:21:26'),
	(78, 5, 'FRIDAO', 37.53, '00:24:40', '2015-08-08 13:09:54', '2015-08-27 12:21:26'),
	(79, 5, 'BAIAO 2', 18.28, '00:10:17', '2015-08-08 13:09:54', '2015-08-27 12:24:53'),
	(80, 5, 'MARAO 2', 26.53, '00:16:05', '2015-08-08 13:09:54', '2015-08-27 12:24:53'),
	(81, 5, 'FRIDAO 2', 37.53, '00:24:40', '2015-08-08 13:09:54', '2015-08-27 12:24:53'),
	(82, 5, 'FAFE 1', 11.39, '00:06:49', '2015-08-08 13:09:54', '2015-08-27 12:21:26'),
	(83, 5, 'VIEIRA DO MINHO', 32.38, '00:19:17', '2015-08-08 13:09:54', '2015-08-27 12:21:26'),
	(84, 5, 'FAFE 2', 11.56, '00:07:04', '2015-08-08 13:09:55', '2015-08-27 12:21:26'),
	(85, 6, 'CITTA\' DI GAGLIARI', 2.29, '00:01:32', '2015-08-08 14:53:32', '2015-08-27 12:21:26'),
	(86, 6, 'GRIGHINE SUD', 26.31, '00:18:06', '2015-08-08 14:53:33', '2015-08-27 12:21:26'),
	(87, 6, 'GRIGHINE NORD', 18.68, '00:11:03', '2015-08-08 14:53:33', '2015-08-27 12:21:26'),
	(88, 6, 'MONTIFERRU', 14.86, '00:10:12', '2015-08-08 14:53:33', '2015-08-27 12:21:26'),
	(89, 6, 'SAGAMA', 2.41, '00:01:24', '2015-08-08 14:53:33', '2015-08-27 12:21:26'),
	(90, 6, 'SAGAMA 2', 2.41, '00:01:24', '2015-08-08 14:53:33', '2015-08-27 12:24:54'),
	(91, 6, 'SINIS - MONT\' E PRAMA', 14.70, '00:08:43', '2015-08-08 14:53:33', '2015-08-27 12:21:26'),
	(92, 6, 'GRIGHINE SUD 2', 26.31, '00:18:06', '2015-08-08 14:53:33', '2015-08-27 12:24:54'),
	(93, 6, 'GRIGHINE NORD 2', 18.68, '00:11:03', '2015-08-08 14:53:33', '2015-08-27 12:24:54'),
	(94, 6, 'MONTIFERRU 2', 14.86, '00:10:12', '2015-08-08 14:53:33', '2015-08-27 12:24:54'),
	(95, 6, 'ITTIRI ARENA', 1.98, '00:01:16', '2015-08-08 14:53:33', '2015-08-27 12:21:26'),
	(96, 6, 'MONTI DI ALA\' 1', 22.96, '00:14:46', '2015-08-08 14:53:33', '2015-08-27 12:21:26'),
	(97, 6, 'COILUNA - LOELLE', 36.43, '00:24:20', '2015-08-08 14:53:33', '2015-08-27 12:21:26'),
	(98, 6, 'MONTE LERNO', 42.55, '00:29:11', '2015-08-08 14:53:33', '2015-08-27 12:21:26'),
	(99, 6, 'OZIERI - ARDARA', 7.70, '00:04:36', '2015-08-08 14:53:33', '2015-08-27 12:21:26'),
	(100, 6, 'ITTIRI ARENA 2', 1.98, '00:01:16', '2015-08-08 14:53:34', '2015-08-27 12:24:54'),
	(101, 6, 'MONTI DI ALA\' 2', 22.50, '00:15:03', '2015-08-08 14:53:34', '2015-08-27 12:21:26'),
	(102, 7, 'MIKOLAJKI ARENA', 2.40, '00:01:29', '2015-08-08 14:58:53', '2015-08-27 12:21:26'),
	(103, 7, 'GORKLO', 13.40, '00:09:04', '2015-08-08 14:58:53', '2015-08-27 12:21:26'),
	(104, 7, 'GOLDAP', 14.65, '00:08:22', '2015-08-08 14:58:53', '2015-08-27 12:21:26'),
	(105, 7, 'BABKI', 14.87, '00:09:18', '2015-08-08 14:58:54', '2015-08-27 12:21:26'),
	(106, 7, 'STANCZYKI', 39.62, '00:24:49', '2015-08-08 14:58:54', '2015-08-27 12:21:26'),
	(107, 7, 'BABKI 2', 14.87, '00:09:18', '2015-08-08 14:58:54', '2015-08-27 12:24:54'),
	(108, 7, 'STANCZYKI 2', 39.62, '00:24:49', '2015-08-08 14:58:54', '2015-08-27 12:24:54'),
	(109, 7, 'GOLDAP 2', 14.65, '00:08:22', '2015-08-08 14:58:54', '2015-08-27 12:24:54'),
	(110, 7, 'MIKOLAJKI ARENA 2', 2.40, '00:01:29', '2015-08-08 14:58:54', '2015-08-27 12:24:54'),
	(111, 7, 'MAZURY', 17.52, '00:11:18', '2015-08-08 14:58:54', '2015-08-27 12:21:26'),
	(112, 7, 'WIELICZKI', 12.62, '00:08:24', '2015-08-08 14:58:54', '2015-08-27 12:21:26'),
	(113, 7, 'SWIETAJNO', 21.59, '00:13:26', '2015-08-08 14:58:54', '2015-08-27 12:21:26'),
	(114, 7, 'PAPROTKI', 23.68, '00:14:49', '2015-08-08 14:58:54', '2015-08-27 12:21:26'),
	(115, 7, 'MAZURY 2', 17.52, '00:11:18', '2015-08-08 14:58:54', '2015-08-27 12:24:54'),
	(116, 7, 'WIELICZKI 2', 12.62, '00:08:24', '2015-08-08 14:58:54', '2015-08-27 12:24:54'),
	(117, 7, 'SWIETAJNO 2', 21.59, '00:13:26', '2015-08-08 14:58:54', '2015-08-27 12:24:54'),
	(118, 7, 'MIKOLAJKI ARENA 3', 2.40, '00:01:29', '2015-08-08 14:58:55', '2015-08-27 12:24:54'),
	(119, 8, 'HARJU', 2.21, '00:01:31', '2015-08-08 17:48:37', '2015-08-27 12:21:26'),
	(120, 8, 'PIHLAJAKOSKI', 14.65, '00:08:41', '2015-08-08 17:48:38', '2015-08-27 12:21:26'),
	(121, 8, 'PAIJALA', 23.28, '00:13:49', '2015-08-08 17:48:38', '2015-08-27 12:21:26'),
	(122, 8, 'OUNINPOHJA', 34.51, '00:23:02', '2015-08-08 17:48:38', '2015-08-27 12:21:26'),
	(123, 8, 'HIMOS', 5.16, '00:03:06', '2015-08-08 17:48:38', '2015-08-27 12:21:26'),
	(124, 8, 'PIHLAJAKOSKI 2', 14.65, '00:08:41', '2015-08-08 17:48:38', '2015-08-27 12:24:54'),
	(125, 8, 'PAIJALA 2', 23.28, '00:13:49', '2015-08-08 17:48:38', '2015-08-27 12:24:54'),
	(126, 8, 'OUNINPOHJA 2', 34.51, '00:23:02', '2015-08-08 17:48:38', '2015-08-27 12:24:54'),
	(127, 8, 'HIMOS 2', 5.16, '00:03:06', '2015-08-08 17:48:38', '2015-08-27 12:24:54'),
	(128, 8, 'HARJU 2', 2.21, '00:01:31', '2015-08-08 17:48:38', '2015-08-27 12:24:54'),
	(129, 8, 'MOKKIPERA', 13.60, '00:09:10', '2015-08-08 17:48:38', '2015-08-27 12:21:26'),
	(130, 8, 'JUKOJARVI', 21.78, '00:12:43', '2015-08-08 17:48:38', '2015-08-27 12:21:26'),
	(131, 8, 'SURKEE', 14.25, '00:08:31', '2015-08-08 17:48:38', '2015-08-27 12:21:26'),
	(132, 8, 'HORKKA', 15.22, '00:08:47', '2015-08-08 17:48:38', '2015-08-27 12:21:26'),
	(133, 8, 'MOKKIPERA 2', 13.60, '00:09:10', '2015-08-08 17:48:38', '2015-08-27 12:24:54'),
	(134, 8, 'JUKOJARVI 2', 21.78, '00:12:43', '2015-08-08 17:48:38', '2015-08-27 12:24:54'),
	(135, 8, 'SURKEE 2', 14.25, '00:08:31', '2015-08-08 17:48:39', '2015-08-27 12:24:55'),
	(136, 9, 'Sauertal', 14.84, '00:10:08', '2015-08-08 18:06:00', '2015-08-27 12:21:26'),
	(137, 9, 'Waxweiler', 16.45, '00:09:25', '2015-08-08 18:06:00', '2015-08-27 12:21:26'),
	(138, 9, 'Moselland', 23.37, '00:15:18', '2015-08-08 18:06:00', '2015-08-27 12:21:26'),
	(139, 9, 'Sauertal 2', 14.84, '00:10:08', '2015-08-08 18:06:00', '2015-08-27 12:24:55'),
	(140, 9, 'Waxweiler 2', 16.45, '00:09:25', '2015-08-08 18:06:00', '2015-08-27 12:24:55'),
	(141, 9, 'Moselland 2', 23.37, '00:15:18', '2015-08-08 18:06:00', '2015-08-27 12:24:55'),
	(142, 9, 'Mittelmosel 2', 13.80, '00:08:57', '2015-08-08 18:06:00', '2015-08-27 12:21:26'),
	(143, 9, 'Grafschaft', 18.76, '00:10:56', '2015-08-08 18:06:00', '2015-08-27 12:21:26'),
	(144, 9, 'Bosenberg', 17.55, '00:11:49', '2015-08-08 18:06:00', '2015-08-27 12:21:26'),
	(145, 9, 'Arena Panzerplatte', 2.48, '00:01:26', '2015-08-08 18:06:00', '2015-08-27 12:21:26'),
	(146, 9, 'Arena Panzerplatte 2', 2.48, '00:01:26', '2015-08-08 18:06:01', '2015-08-27 12:24:55'),
	(147, 9, 'Panzerplatte Lang', 45.37, '00:27:48', '2015-08-08 18:06:01', '2015-08-27 12:21:26'),
	(148, 9, 'Grafschaft 2', 18.76, '00:10:56', '2015-08-08 18:06:01', '2015-08-27 12:24:55'),
	(149, 9, 'Arena Panzerplatte 3', 2.48, '00:01:26', '2015-08-08 18:06:01', '2015-08-27 12:24:55'),
	(150, 9, 'Panzerplatte Lang 2', 45.37, '00:27:48', '2015-08-08 18:06:01', '2015-08-27 12:24:55'),
	(151, 9, 'Bosenberg 2', 17.55, '00:11:49', '2015-08-08 18:06:01', '2015-08-27 12:24:55'),
	(152, 9, 'Stei & Wein', 19.32, '00:11:51', '2015-08-08 18:06:01', '2015-08-27 12:21:26'),
	(153, 10, 'Hydes Creek', 10.48, '00:06:24', '2015-08-08 18:15:39', '2015-08-27 12:21:26'),
	(154, 10, 'Bellingen', 10.21, '00:06:09', '2015-08-08 18:15:39', '2015-08-27 12:21:26'),
	(155, 10, 'Newry', 24.86, '00:14:13', '2015-08-08 18:15:39', '2015-08-27 12:21:26'),
	(156, 10, 'Hydes Creek 2', 10.48, '00:06:24', '2015-08-08 18:15:40', '2015-08-27 12:24:55'),
	(157, 10, 'Bellingen 2', 10.21, '00:06:09', '2015-08-08 18:15:40', '2015-08-27 12:24:55'),
	(158, 10, 'Newry 2', 24.86, '00:14:13', '2015-08-08 18:15:40', '2015-08-27 12:24:55'),
	(159, 10, 'Super Special Stage ', 1.55, '00:00:59', '2015-08-08 18:15:40', '2015-08-27 12:21:26'),
	(160, 10, 'Super Special Stage 2', 1.81, '00:01:02', '2015-08-08 18:15:40', '2015-08-27 12:21:26'),
	(161, 10, 'Nambucca', 48.21, '00:30:16', '2015-08-08 18:15:40', '2015-08-27 12:21:26'),
	(162, 10, 'Valla', 8.90, '00:05:54', '2015-08-08 18:15:40', '2015-08-27 12:21:26'),
	(163, 10, 'Nambucca 2', 48.21, '00:30:16', '2015-08-08 18:15:40', '2015-08-27 12:24:55'),
	(164, 10, 'Valla 2', 8.90, '00:05:54', '2015-08-08 18:15:40', '2015-08-27 12:24:55'),
	(165, 10, 'Super Special Stage 3', 1.81, '00:01:03', '2015-08-08 18:15:40', '2015-08-27 12:21:26'),
	(166, 10, 'Super Special Stage 4', 1.50, '00:00:59', '2015-08-08 18:15:40', '2015-08-27 12:21:26'),
	(167, 10, 'Shipmans', 24.14, '00:15:05', '2015-08-08 18:15:40', '2015-08-27 12:21:26'),
	(168, 10, 'Bucca', 10.90, '00:07:30', '2015-08-08 18:15:40', '2015-08-27 12:21:26'),
	(169, 10, 'Wedding Bells', 9.37, '00:05:36', '2015-08-08 18:15:40', '2015-08-27 12:21:26'),
	(170, 11, 'Plage du LIamone', 19.91, '00:11:27', '2015-08-09 09:08:16', '2015-08-27 12:21:26'),
	(171, 11, 'Casamozza', 23.66, '00:16:16', '2015-08-09 09:08:16', '2015-08-27 12:21:26'),
	(172, 11, 'Francardo', 16.34, '00:09:58', '2015-08-09 09:08:16', '2015-08-27 12:21:26'),
	(173, 11, 'Plage du Liamone 2', 19.91, '00:11:27', '2015-08-09 09:08:16', '2015-08-27 12:24:55'),
	(174, 11, 'Casamozza 2', 23.66, '00:16:16', '2015-08-09 09:08:16', '2015-08-27 12:24:55'),
	(175, 11, 'Francardo 2', 16.34, '00:09:58', '2015-08-09 09:08:16', '2015-08-27 12:24:55'),
	(176, 11, 'Casamozza 3', 23.66, '00:16:16', '2015-08-09 09:08:16', '2015-08-27 12:24:55'),
	(177, 11, 'Francardo 3', 16.34, '00:09:58', '2015-08-09 09:08:16', '2015-08-27 12:24:55'),
	(178, 11, 'Muracciole', 28.92, '00:18:25', '2015-08-09 09:08:16', '2015-08-27 12:21:26'),
	(179, 11, 'Sotta', 26.28, '00:16:59', '2015-08-09 09:08:16', '2015-08-27 12:21:26'),
	(180, 11, 'Muracciole', 28.46, '00:18:02', '2015-08-09 09:08:16', '2015-08-27 12:21:26'),
	(181, 11, 'Zerubia', 31.43, '00:18:53', '2015-08-09 09:08:16', '2015-08-27 12:21:26'),
	(182, 11, 'Bisinao', 16.74, '00:11:31', '2015-08-09 09:08:16', '2015-08-27 12:21:26'),
	(183, 11, 'Zerubia 2', 31.43, '00:18:53', '2015-08-09 09:08:16', '2015-08-27 12:24:55'),
	(184, 11, 'Bisinao 2', 16.74, '00:11:31', '2015-08-09 09:08:17', '2015-08-27 12:24:55'),
	(185, 12, 'Barcelona', 3.11, '00:01:49', '2015-08-09 09:29:16', '2015-08-27 12:21:26'),
	(186, 12, 'Mora d\'Ebre', 9.69, '00:06:00', '2015-08-09 09:29:16', '2015-08-27 12:21:26'),
	(187, 12, 'Caseres', 12.10, '00:07:43', '2015-08-09 09:29:16', '2015-08-27 12:21:26'),
	(188, 12, 'Bot', 6.21, '00:04:05', '2015-08-09 09:29:16', '2015-08-27 12:21:26'),
	(189, 12, 'Terra Alta', 35.41, '00:20:36', '2015-08-09 09:29:16', '2015-08-27 12:21:26'),
	(190, 12, 'Mora d\'Ebre 2', 9.69, '00:06:00', '2015-08-09 09:29:16', '2015-08-27 12:24:56'),
	(191, 12, 'Caseres 2', 12.10, '00:07:43', '2015-08-09 09:29:16', '2015-08-27 12:24:56'),
	(192, 12, 'Bot 2', 6.21, '00:04:05', '2015-08-09 09:29:16', '2015-08-27 12:24:56'),
	(193, 12, 'Terra Alta 2', 35.41, '00:20:36', '2015-08-09 09:29:16', '2015-08-27 12:24:56'),
	(194, 12, 'Porrera', 7.91, '00:04:45', '2015-08-09 09:29:16', '2015-08-27 12:21:26'),
	(195, 12, 'La Figuera', 26.35, '00:17:34', '2015-08-09 09:29:16', '2015-08-27 12:21:26'),
	(196, 12, 'Poboleda', 10.73, '00:06:50', '2015-08-09 09:29:16', '2015-08-27 12:21:26'),
	(197, 12, 'Capafonts', 19.13, '00:11:39', '2015-08-09 09:29:17', '2015-08-27 12:21:26'),
	(198, 12, 'La Figuera 2', 26.35, '00:17:34', '2015-08-09 09:29:17', '2015-08-27 12:24:56'),
	(199, 12, 'Poboleda 2', 10.73, '00:06:50', '2015-08-09 09:29:17', '2015-08-27 12:24:56'),
	(200, 12, 'Capafonts 2', 19.13, '00:11:39', '2015-08-09 09:29:17', '2015-08-27 12:24:56'),
	(201, 12, 'Salou', 2.62, '00:01:32', '2015-08-09 09:29:17', '2015-08-27 12:21:26'),
	(202, 13, 'Hafren', 32.44, '00:20:26', '2015-08-09 09:33:26', '2015-08-27 12:21:26'),
	(203, 13, 'Sweet Lamb', 2.97, '00:02:00', '2015-08-09 09:33:26', '2015-08-27 12:21:26'),
	(204, 13, 'Myherin', 31.73, '00:21:28', '2015-08-09 09:33:26', '2015-08-27 12:21:26'),
	(205, 13, 'Harfen 2', 32.60, '00:18:42', '2015-08-09 09:33:26', '2015-08-27 12:21:26'),
	(206, 13, 'Sweet Lamb 2', 2.97, '00:02:00', '2015-08-09 09:33:27', '2015-08-27 12:24:56'),
	(207, 13, 'Myherin 2', 31.73, '00:21:28', '2015-08-09 09:33:27', '2015-08-27 12:24:56'),
	(208, 13, 'Gartheiniog', 11.97, '00:07:37', '2015-08-09 09:33:27', '2015-08-27 12:21:26'),
	(209, 13, 'Dyfi', 25.37, '00:16:48', '2015-08-09 09:33:27', '2015-08-27 12:21:26'),
	(210, 13, 'Gartheiniog 2', 11.97, '00:07:37', '2015-08-09 09:33:27', '2015-08-27 12:24:56'),
	(211, 13, 'Dyfi 2', 25.37, '00:16:48', '2015-08-09 09:33:27', '2015-08-27 12:24:56'),
	(212, 13, 'Dyfnant', 19.89, '00:13:38', '2015-08-09 09:33:27', '2015-08-27 12:21:26'),
	(213, 13, 'Aberhirnant', 13.70, '00:08:15', '2015-08-09 09:33:27', '2015-08-27 12:21:26'),
	(214, 13, 'Chirk Castle', 2.28, '00:01:26', '2015-08-09 09:33:27', '2015-08-27 12:21:26'),
	(215, 13, 'Dynant 2', 19.83, '00:11:12', '2015-08-09 09:33:27', '2015-08-27 12:21:26'),
	(216, 13, 'Aberhirnant 2', 13.70, '00:08:15', '2015-08-09 09:33:27', '2015-08-27 12:24:56'),
	(217, 13, 'Brenig', 10.99, '00:06:44', '2015-08-09 09:33:27', '2015-08-27 12:21:26'),
	(218, 13, 'ALwen', 10.16, '00:05:45', '2015-08-09 09:33:27', '2015-08-27 12:21:26'),
	(219, 14, 'Pierbach', 18.57, '00:10:59', '2015-08-09 14:43:28', '2015-08-27 12:21:26'),
	(220, 14, 'Liebenau', 10.10, '00:05:48', '2015-08-09 14:43:28', '2015-08-27 12:21:26'),
	(221, 14, 'St. Oswald', 8.20, '00:04:44', '2015-08-09 14:43:28', '2015-08-27 12:21:26'),
	(222, 14, 'Pierbach 2', 18.57, '00:10:59', '2015-08-09 14:43:28', '2015-08-27 12:24:56'),
	(223, 14, 'Liebenau 2', 10.10, '00:05:48', '2015-08-09 14:43:28', '2015-08-27 12:24:56'),
	(224, 14, 'St. Ostwald', 8.22, '00:05:30', '2015-08-09 14:43:28', '2015-08-27 12:21:26'),
	(225, 14, 'Pregarten', 8.44, '00:05:09', '2015-08-09 14:43:28', '2015-08-27 12:21:26'),
	(226, 14, 'Schonau', 22.80, '00:14:11', '2015-08-09 14:43:28', '2015-08-27 12:21:26'),
	(227, 14, 'Pregarten 2', 8.44, '00:05:09', '2015-08-09 14:43:28', '2015-08-27 12:24:56'),
	(228, 14, 'Schonau', 22.81, '00:13:08', '2015-08-09 14:43:28', '2015-08-27 12:21:26'),
	(229, 14, 'Gutau', 8.68, '00:04:56', '2015-08-09 14:43:28', '2015-08-27 12:21:26'),
	(230, 14, 'Unterweissenbach 2', 12.31, '00:08:00', '2015-08-09 14:43:29', '2015-08-27 12:24:57'),
	(231, 14, 'Arena Konigswiesen', 7.33, '00:04:28', '2015-08-09 14:43:29', '2015-08-27 12:21:26'),
	(232, 14, 'Gutau 2', 8.68, '00:04:56', '2015-08-09 14:43:29', '2015-08-27 12:24:56'),
	(233, 14, 'Unterweissenbach', 12.31, '00:08:00', '2015-08-09 14:43:29', '2015-08-27 12:21:26'),
	(234, 14, 'Arena Konigswiesen', 7.76, '00:04:44', '2015-08-09 14:43:29', '2015-08-27 12:21:26'),
	(235, 14, 'Bad Zell', 21.71, '00:13:15', '2015-08-09 14:43:29', '2015-08-27 12:21:26'),
	(236, 15, 'Basi', 16.11, '00:09:22', '2015-08-09 14:47:07', '2015-08-27 12:21:26'),
	(237, 15, 'Kuldiga', 36.11, '00:23:38', '2015-08-09 14:47:07', '2015-08-27 12:21:26'),
	(238, 15, 'Ecorent', 7.80, '00:04:25', '2015-08-09 14:47:07', '2015-08-27 12:21:26'),
	(239, 15, 'Kuldiga 2', 36.11, '00:23:38', '2015-08-09 14:47:07', '2015-08-27 12:24:57'),
	(240, 15, 'Basi 2', 16.11, '00:09:22', '2015-08-09 14:47:07', '2015-08-27 12:24:57'),
	(241, 15, 'Podnieki', 11.37, '00:07:44', '2015-08-09 14:47:07', '2015-08-27 12:21:26'),
	(242, 15, 'Tebra', 12.70, '00:07:46', '2015-08-09 14:47:07', '2015-08-27 12:21:26'),
	(243, 15, 'Vecpils', 22.64, '00:12:54', '2015-08-09 14:47:07', '2015-08-27 12:21:26'),
	(244, 15, 'Podnieki 2', 11.37, '00:07:44', '2015-08-09 14:47:07', '2015-08-27 12:24:57'),
	(245, 15, 'Tebra 2', 12.70, '00:07:46', '2015-08-09 14:47:07', '2015-08-27 12:24:57'),
	(246, 15, 'Vecpils 2', 22.64, '00:12:54', '2015-08-09 14:47:07', '2015-08-27 12:24:57'),
	(247, 15, 'Liepaja special', 1.81, '00:01:07', '2015-08-09 14:47:07', '2015-08-27 12:21:26'),
	(248, 16, 'Bucks Head', 14.47, '00:09:37', '2015-08-09 18:29:55', '2015-08-27 12:21:26'),
	(249, 16, 'Hamilton\'s Folly', 16.40, '00:11:07', '2015-08-09 18:29:55', '2015-08-27 12:21:26'),
	(250, 16, 'Lough Henney', 10.42, '00:06:26', '2015-08-09 18:29:55', '2015-08-27 12:21:26'),
	(251, 16, 'Bucks Head 2', 14.47, '00:09:37', '2015-08-09 18:29:55', '2015-08-27 12:24:57'),
	(252, 16, 'Hamilton\'s Folly 2', 16.40, '00:11:07', '2015-08-09 18:29:56', '2015-08-27 12:24:57'),
	(253, 16, 'Lough Henry 2', 10.33, '00:06:04', '2015-08-09 18:29:56', '2015-08-27 12:21:26'),
	(254, 16, 'Newtownards TT', 1.63, '00:01:07', '2015-08-09 18:29:56', '2015-08-27 12:21:26'),
	(255, 16, 'Newtownards TT 2', 1.63, '00:01:07', '2015-08-09 18:29:56', '2015-08-27 12:21:26'),
	(256, 16, 'Bulls Brook', 13.21, '00:09:00', '2015-08-09 18:29:56', '2015-08-27 12:21:26'),
	(257, 16, 'McGaffins Corner', 26.16, '00:16:33', '2015-08-09 18:29:56', '2015-08-27 12:21:26'),
	(258, 16, 'Banbridge', 8.58, '00:05:18', '2015-08-09 18:29:56', '2015-08-27 12:21:26'),
	(259, 16, 'Gregoriough', 14.91, '00:08:36', '2015-08-09 18:29:56', '2015-08-27 12:21:26'),
	(260, 16, 'Lisburn', 1.78, '00:01:04', '2015-08-09 18:29:56', '2015-08-27 12:21:26'),
	(261, 16, 'Lisburn 2', 1.78, '00:01:04', '2015-08-09 18:29:56', '2015-08-27 12:24:57'),
	(262, 16, 'Bulls Brook 2', 13.21, '00:09:00', '2015-08-09 18:29:56', '2015-08-27 12:24:57'),
	(263, 16, 'McGaffins Corner 2', 26.16, '00:16:33', '2015-08-09 18:29:56', '2015-08-27 12:24:57'),
	(264, 16, 'Banbridge 2', 8.58, '00:05:18', '2015-08-09 18:29:56', '2015-08-27 12:24:57'),
	(265, 17, 'Grupo Marques', 3.34, '00:01:52', '2015-08-09 18:37:22', '2015-08-27 12:21:26'),
	(266, 17, 'Solucoes', 7.96, '00:04:28', '2015-08-09 18:37:23', '2015-08-27 12:21:26'),
	(267, 17, 'Vila Franca', 12.79, '00:08:44', '2015-08-09 18:37:23', '2015-08-27 12:21:26'),
	(268, 17, 'Lagoa Meo', 6.28, '00:04:15', '2015-08-09 18:37:23', '2015-08-27 12:21:26'),
	(269, 17, 'Pico da Pedra Golfe', 7.86, '00:05:23', '2015-08-09 18:37:23', '2015-08-27 12:21:26'),
	(270, 17, 'Feteiras', 7.88, '00:05:21', '2015-08-09 18:37:23', '2015-08-27 12:21:26'),
	(271, 17, 'Sete Cidades', 28.57, '00:16:38', '2015-08-09 18:37:23', '2015-08-27 12:21:26'),
	(272, 17, 'Lagoa Meo 2', 6.28, '00:04:15', '2015-08-09 18:37:23', '2015-08-27 12:24:57'),
	(273, 17, 'Pico da Pedra Golfe 2', 7.86, '00:05:23', '2015-08-09 18:37:23', '2015-08-27 12:24:57'),
	(274, 17, 'Feteiras 2', 7.88, '00:05:21', '2015-08-09 18:37:23', '2015-08-27 12:24:57'),
	(275, 17, 'Sete Cidades 2', 28.57, '00:16:38', '2015-08-09 18:37:23', '2015-08-27 12:24:57'),
	(276, 17, 'Graminhais', 20.84, '00:11:52', '2015-08-09 18:37:23', '2015-08-27 12:21:26'),
	(277, 17, 'Tronqueira', 21.68, '00:13:16', '2015-08-09 18:37:23', '2015-08-27 12:21:26'),
	(278, 17, 'Grupo Marques 2', 3.34, '00:01:52', '2015-08-09 18:37:23', '2015-08-27 12:24:57'),
	(279, 17, 'Vila Franca 2', 12.79, '00:08:44', '2015-08-09 18:37:23', '2015-08-27 12:24:57'),
	(280, 17, 'Graminhais 2', 20.84, '00:11:52', '2015-08-09 18:37:24', '2015-08-27 12:24:57'),
	(281, 17, 'Tronqueira 2', 21.68, '00:13:16', '2015-08-09 18:37:24', '2015-08-27 12:24:57'),
	(282, 18, 'Langemark', 12.57, '00:08:12', '2015-08-10 10:35:26', '2015-08-27 12:21:26'),
	(283, 18, 'Dikkebus', 14.73, '00:08:58', '2015-08-10 10:35:26', '2015-08-27 12:21:26'),
	(284, 18, 'Wijtschate', 13.43, '00:08:52', '2015-08-10 10:35:27', '2015-08-27 12:21:26'),
	(285, 18, 'Mesen', 7.80, '00:05:11', '2015-08-10 10:35:27', '2015-08-27 12:21:26'),
	(286, 18, 'Dikkebus 2', 14.73, '00:08:58', '2015-08-10 10:35:27', '2015-08-27 12:24:58'),
	(287, 18, 'Wijtschate 2', 13.43, '00:08:52', '2015-08-10 10:35:27', '2015-08-27 12:24:58'),
	(288, 18, 'Mesen 2', 7.80, '00:05:11', '2015-08-10 10:35:27', '2015-08-27 12:24:58'),
	(289, 18, 'Reninge', 14.22, '00:08:57', '2015-08-10 10:35:27', '2015-08-27 12:21:26'),
	(290, 18, 'Watou', 14.25, '00:08:02', '2015-08-10 10:35:27', '2015-08-27 12:21:26'),
	(291, 18, 'Westouter-Boeschepe', 19.34, '00:12:51', '2015-08-10 10:35:27', '2015-08-27 12:21:26'),
	(292, 18, 'Kemmelberg', 13.64, '00:08:42', '2015-08-10 10:35:27', '2015-08-27 12:21:26'),
	(293, 18, 'Hollebeket', 23.99, '00:15:52', '2015-08-10 10:35:27', '2015-08-27 12:21:26'),
	(294, 18, 'Reninge 2', 14.22, '00:08:57', '2015-08-10 10:35:27', '2015-08-27 12:24:58'),
	(295, 18, 'Watou 2', 14.25, '00:08:02', '2015-08-10 10:35:27', '2015-08-27 12:24:58'),
	(296, 18, 'Westouter-Boeschepe 2', 19.34, '00:12:51', '2015-08-10 10:35:27', '2015-08-27 12:24:58'),
	(297, 18, 'Kemmelberg 2', 13.64, '00:08:42', '2015-08-10 10:35:27', '2015-08-27 12:24:58'),
	(298, 18, 'Hollebeke 2', 23.15, '00:15:30', '2015-08-10 10:35:27', '2015-08-27 12:21:26'),
	(418, 26, 'Tartu City', 1.31, '00:00:48', '2015-08-10 10:51:22', '2015-08-27 12:21:26'),
	(419, 26, 'Arula', 8.33, '00:05:40', '2015-08-10 10:51:22', '2015-08-27 12:21:26'),
	(420, 26, 'Urvaste', 14.14, '00:09:36', '2015-08-10 10:51:22', '2015-08-27 12:21:26'),
	(421, 26, 'Raiga', 9.84, '00:05:56', '2015-08-10 10:51:22', '2015-08-27 12:21:26'),
	(422, 26, 'Ristimae', 34.69, '00:20:54', '2015-08-10 10:51:22', '2015-08-27 12:21:26'),
	(423, 26, 'Ristimae 2', 34.69, '00:20:54', '2015-08-10 10:51:22', '2015-08-27 12:24:58'),
	(424, 26, 'Raiga 2', 9.84, '00:05:56', '2015-08-10 10:51:22', '2015-08-27 12:24:58'),
	(425, 26, 'Elva', 1.94, '00:01:13', '2015-08-10 10:51:23', '2015-08-27 12:21:27'),
	(426, 26, 'Vissi', 13.41, '00:08:17', '2015-08-10 10:51:23', '2015-08-27 12:21:27'),
	(427, 26, 'Sulaoja', 7.19, '00:04:11', '2015-08-10 10:51:23', '2015-08-27 12:21:27'),
	(428, 26, 'Alakula', 11.72, '00:06:46', '2015-08-10 10:51:23', '2015-08-27 12:21:27'),
	(429, 26, 'Vissi 2', 13.41, '00:08:17', '2015-08-10 10:51:23', '2015-08-27 12:24:58'),
	(430, 26, 'Sulaoja 2', 7.19, '00:04:11', '2015-08-10 10:51:23', '2015-08-27 12:24:58'),
	(431, 26, 'Alakula 2', 11.72, '00:06:46', '2015-08-10 10:51:23', '2015-08-27 12:24:58'),
	(432, 26, 'Arula 2', 8.33, '00:05:40', '2015-08-10 10:51:23', '2015-08-27 12:24:58'),
	(433, 26, 'Urwaste 2', 14.60, '00:09:11', '2015-08-10 10:51:23', '2015-08-27 12:21:27'),
	(435, 27, 'Super Stage Zlin', 9.42, '00:06:29', '2015-08-10 10:54:48', '2015-08-27 12:21:27'),
	(436, 27, 'Slusovice', 16.88, '00:10:54', '2015-08-10 10:54:48', '2015-08-27 12:21:27'),
	(437, 27, 'Pindula', 18.70, '00:10:54', '2015-08-10 10:54:48', '2015-08-27 12:21:27'),
	(438, 27, 'Majak', 13.56, '00:08:04', '2015-08-10 10:54:49', '2015-08-27 12:21:27'),
	(439, 27, 'Kudlovice', 17.43, '00:10:42', '2015-08-10 10:54:49', '2015-08-27 12:21:27'),
	(440, 27, 'Slusovice 2', 16.88, '00:10:54', '2015-08-10 10:54:49', '2015-08-27 12:24:58'),
	(441, 27, 'Pindula 2', 18.70, '00:10:54', '2015-08-10 10:54:49', '2015-08-27 12:24:58'),
	(442, 27, 'Majak 2', 13.56, '00:08:04', '2015-08-10 10:54:49', '2015-08-27 12:24:58'),
	(443, 27, 'Kudlovice 2', 17.43, '00:10:42', '2015-08-10 10:54:49', '2015-08-27 12:24:58'),
	(444, 27, 'Semetin', 11.38, '00:07:15', '2015-08-10 10:54:49', '2015-08-27 12:21:27'),
	(445, 27, 'Trojak', 23.76, '00:13:45', '2015-08-10 10:54:49', '2015-08-27 12:21:27'),
	(446, 27, 'Zlutava', 8.12, '00:05:30', '2015-08-10 10:54:49', '2015-08-27 12:21:27'),
	(447, 27, 'Semestin 2', 11.89, '00:07:32', '2015-08-10 10:54:49', '2015-08-27 12:21:27'),
	(448, 27, 'Trojak 2', 23.76, '00:13:45', '2015-08-10 10:54:49', '2015-08-27 12:24:58'),
	(449, 27, 'Zlutava 2', 8.12, '00:05:30', '2015-08-10 10:54:49', '2015-08-27 12:24:58'),
	(452, 28, 'Asfalistiki', 5.13, '00:03:02', '2015-08-10 10:57:37', '2015-08-27 12:21:27'),
	(453, 28, 'Kotsiatis', 15.16, '00:10:11', '2015-08-10 10:57:37', '2015-08-27 12:21:27'),
	(454, 28, 'Lythrodontas', 21.28, '00:13:38', '2015-08-10 10:57:37', '2015-08-27 12:21:27'),
	(455, 28, 'Lefkara', 17.67, '00:10:44', '2015-08-10 10:57:37', '2015-08-27 12:21:27'),
	(456, 28, 'Klavdia', 11.69, '00:07:48', '2015-08-10 10:57:37', '2015-08-27 12:21:27'),
	(457, 28, 'Tseri', 14.25, '00:09:26', '2015-08-10 10:57:37', '2015-08-27 12:21:27'),
	(458, 28, 'Asinou', 11.46, '00:07:44', '2015-08-10 10:57:37', '2015-08-27 12:21:27'),
	(459, 28, 'Xerarkaka', 21.61, '00:14:51', '2015-08-10 10:57:37', '2015-08-27 12:21:27'),
	(460, 28, 'Tseri 2', 14.25, '00:09:26', '2015-08-10 10:57:37', '2015-08-27 12:24:59'),
	(461, 28, 'Asinou 2', 11.46, '00:07:44', '2015-08-10 10:57:37', '2015-08-27 12:24:59'),
	(462, 28, 'Xerarkaka 2', 21.61, '00:14:51', '2015-08-10 10:57:37', '2015-08-27 12:24:59'),
	(463, 28, 'Kotsiatis 2', 15.16, '00:10:11', '2015-08-10 10:57:38', '2015-08-27 12:24:58'),
	(464, 28, 'Lythrodontas 2', 21.28, '00:13:38', '2015-08-10 10:57:38', '2015-08-27 12:24:58'),
	(465, 28, 'Lefkara 2', 17.67, '00:10:44', '2015-08-10 10:57:38', '2015-08-27 12:24:59'),
	(466, 28, 'Klavdia 2', 11.69, '00:07:48', '2015-08-10 10:57:38', '2015-08-27 12:24:59'),
	(469, 29, 'Aghios Ioannis', 21.66, '00:13:46', '2015-08-10 11:00:38', '2015-08-27 12:21:27'),
	(470, 29, 'Aghionori', 23.52, '00:13:36', '2015-08-10 11:00:38', '2015-08-27 12:21:27'),
	(471, 29, 'Psari', 17.44, '00:09:57', '2015-08-10 11:00:38', '2015-08-27 12:21:27'),
	(472, 29, 'Aghios Ioannis 2', 21.66, '00:13:46', '2015-08-10 11:00:38', '2015-08-27 12:24:59'),
	(473, 29, 'Aghionori 2', 23.52, '00:13:36', '2015-08-10 11:00:38', '2015-08-27 12:24:59'),
	(474, 29, 'Psari 2', 17.44, '00:09:57', '2015-08-10 11:00:38', '2015-08-27 12:24:59'),
	(475, 29, 'Klenia', 18.16, '00:11:19', '2015-08-10 11:00:39', '2015-08-27 12:21:27'),
	(476, 29, 'Nea Kineta', 22.39, '00:14:25', '2015-08-10 11:00:39', '2015-08-27 12:21:27'),
	(477, 29, 'Loutraki', 16.45, '00:09:36', '2015-08-10 11:00:39', '2015-08-27 12:21:27'),
	(478, 29, 'Klenia 2', 18.16, '00:11:19', '2015-08-10 11:00:39', '2015-08-27 12:24:59'),
	(479, 29, 'Nea Kineta 2', 22.39, '00:14:25', '2015-08-10 11:00:39', '2015-08-27 12:24:59'),
	(480, 29, 'Loutraki 2', 16.45, '00:09:36', '2015-08-10 11:00:39', '2015-08-27 12:24:59'),
	(481, 29, 'Klenia 3', 18.16, '00:11:19', '2015-08-10 11:00:39', '2015-08-27 12:24:59'),
	(482, 29, 'Nea Kineta 3', 22.39, '00:14:25', '2015-08-10 11:00:39', '2015-08-27 12:24:59'),
	(483, 29, 'Loutraki 3', 16.45, '00:09:36', '2015-08-10 11:00:39', '2015-08-27 12:24:59'),
	(486, 30, 'Leukerbad', 8.76, '00:05:16', '2015-08-10 11:04:16', '2015-08-27 12:21:27'),
	(487, 30, 'Crans - Montana', 11.66, '00:07:21', '2015-08-10 11:04:17', '2015-08-27 12:21:27'),
	(488, 30, 'Anzere', 12.89, '00:07:33', '2015-08-10 11:04:17', '2015-08-27 12:21:27'),
	(489, 30, 'Sierre - Anniviers', 14.36, '00:08:44', '2015-08-10 11:04:17', '2015-08-27 12:21:27'),
	(490, 30, 'Veysonnaz', 13.11, '00:07:42', '2015-08-10 11:04:17', '2015-08-27 12:21:27'),
	(491, 30, 'Nendaz', 12.63, '00:07:12', '2015-08-10 11:04:17', '2015-08-27 12:21:27'),
	(492, 30, 'Caserne', 6.43, '00:04:07', '2015-08-10 11:04:17', '2015-08-27 12:21:27'),
	(493, 30, 'Sierre - Anniviers 2', 14.36, '00:08:44', '2015-08-10 11:04:17', '2015-08-27 12:24:59'),
	(494, 30, 'Veysonnaz 2', 13.11, '00:07:42', '2015-08-10 11:04:17', '2015-08-27 12:24:59'),
	(495, 30, 'Nendaz 2', 12.63, '00:07:12', '2015-08-10 11:04:17', '2015-08-27 12:24:59'),
	(496, 30, 'Caserne 2', 6.43, '00:04:07', '2015-08-10 11:04:17', '2015-08-27 12:24:59'),
	(497, 30, 'Champex - Lac', 16.63, '00:09:26', '2015-08-10 11:04:17', '2015-08-27 12:21:27'),
	(498, 30, 'Bruson', 10.35, '00:06:35', '2015-08-10 11:04:17', '2015-08-27 12:21:27'),
	(499, 30, 'Verbier', 15.92, '00:10:14', '2015-08-10 11:04:17', '2015-08-27 12:21:27'),
	(500, 30, 'Les Cols', 32.86, '00:21:21', '2015-08-10 11:04:17', '2015-08-27 12:21:27'),
	(501, 30, 'Champex - Lac 2', 16.63, '00:09:26', '2015-08-10 11:04:18', '2015-08-27 12:24:59'),
	(502, 30, 'Bruson 2', 10.35, '00:06:35', '2015-08-10 11:04:18', '2015-08-27 12:24:59'),
	(503, 31, 'Jodlowka', 18.52, '00:10:49', '2015-08-10 11:11:05', '2015-08-27 12:21:27'),
	(504, 31, 'Hucisko', 12.33, '00:07:37', '2015-08-10 11:11:05', '2015-08-27 12:21:27'),
	(505, 31, 'Jodlowka 2', 18.52, '00:10:49', '2015-08-10 11:11:05', '2015-08-27 12:24:59'),
	(506, 31, 'Hucisko 2', 12.33, '00:07:37', '2015-08-10 11:11:05', '2015-08-27 12:24:59'),
	(507, 31, 'Przemysl', 9.62, '00:05:54', '2015-08-10 11:11:05', '2015-08-27 12:21:27'),
	(508, 31, 'Przemysl 2', 9.62, '00:05:54', '2015-08-10 11:11:05', '2015-08-27 12:24:59'),
	(509, 31, 'Leszczawka', 9.23, '00:05:35', '2015-08-10 11:11:05', '2015-08-27 12:21:27'),
	(510, 31, 'Huta Brzuska', 8.82, '00:05:53', '2015-08-10 11:11:05', '2015-08-27 12:21:27'),
	(511, 31, 'Bircza', 15.63, '00:10:29', '2015-08-10 11:11:05', '2015-08-27 12:21:27'),
	(512, 31, 'Leszczawka 2', 9.23, '00:05:35', '2015-08-10 11:11:06', '2015-08-27 12:25:00'),
	(513, 31, 'Huta Brzuska 2', 8.82, '00:05:53', '2015-08-10 11:11:06', '2015-08-27 12:25:00'),
	(514, 31, 'Bircza 2', 15.63, '00:10:29', '2015-08-10 11:11:06', '2015-08-27 12:25:00'),
	(515, 31, 'Leszczawka 3', 9.23, '00:05:35', '2015-08-10 11:11:06', '2015-08-27 12:25:00'),
	(516, 31, 'Huta Brzuska 3', 8.82, '00:05:53', '2015-08-10 11:11:06', '2015-08-27 12:25:00'),
	(517, 31, 'Bircza 3', 15.63, '00:10:29', '2015-08-10 11:11:06', '2015-08-27 12:25:00'),
	(520, 32, 'Klodzko', 2.94, '00:01:39', '2015-08-10 11:14:37', '2015-08-27 12:21:27'),
	(521, 32, 'Klodzko 2', 2.94, '00:01:39', '2015-08-10 11:14:38', '2015-08-27 12:25:00'),
	(522, 32, 'Domaszkow', 23.65, '00:16:17', '2015-08-10 11:14:38', '2015-08-27 12:21:27'),
	(523, 32, 'Wilkanow', 17.89, '00:11:18', '2015-08-10 11:14:38', '2015-08-27 12:21:27'),
	(524, 32, 'Domaszkow 2', 23.65, '00:16:17', '2015-08-10 11:14:38', '2015-08-27 12:25:00'),
	(525, 32, 'Wilkanow 2', 17.89, '00:11:18', '2015-08-10 11:14:38', '2015-08-27 12:25:00'),
	(526, 32, 'Staropolanka', 14.96, '00:08:29', '2015-08-10 11:14:38', '2015-08-27 12:21:27'),
	(527, 32, 'BGK', 14.38, '00:09:32', '2015-08-10 11:14:38', '2015-08-27 12:21:27'),
	(528, 32, 'Radkowska Perla', 9.43, '00:06:24', '2015-08-10 11:14:38', '2015-08-27 12:21:27'),
	(529, 32, 'Staropolanka 2', 14.96, '00:08:29', '2015-08-10 11:14:38', '2015-08-27 12:25:00'),
	(530, 32, 'BGK 2', 14.38, '00:09:32', '2015-08-10 11:14:38', '2015-08-27 12:25:00'),
	(531, 32, 'Radkowska Perla 2', 9.43, '00:06:24', '2015-08-10 11:14:38', '2015-08-27 12:25:00'),
	(532, 32, 'Staropolanka 3', 14.96, '00:08:29', '2015-08-10 11:14:38', '2015-08-27 12:25:00'),
	(533, 32, 'BGK 3', 14.38, '00:09:32', '2015-08-10 11:14:38', '2015-08-27 12:25:00'),
	(534, 32, 'Radkowska Perla 3', 9.43, '00:06:24', '2015-08-10 11:14:38', '2015-08-27 12:25:00'),
	(537, 33, 'Zabobrze', 2.38, '00:01:30', '2015-08-10 11:21:17', '2015-08-27 12:21:27'),
	(538, 33, 'Zabobrze 2', 2.38, '00:01:30', '2015-08-10 11:21:17', '2015-08-27 12:25:00'),
	(539, 33, 'Karpniki', 14.72, '00:08:29', '2015-08-10 11:21:17', '2015-08-27 12:21:27'),
	(540, 33, 'Gajowka', 12.93, '00:08:11', '2015-08-10 11:21:17', '2015-08-27 12:21:27'),
	(541, 33, 'Lubomierz', 12.60, '00:07:14', '2015-08-10 11:21:17', '2015-08-27 12:21:27'),
	(542, 33, 'Karpniki 2', 14.72, '00:08:29', '2015-08-10 11:21:17', '2015-08-27 12:25:00'),
	(543, 33, 'Gajowka 2', 12.93, '00:08:11', '2015-08-10 11:21:17', '2015-08-27 12:25:00'),
	(544, 33, 'Lubomierz 2', 12.60, '00:07:14', '2015-08-10 11:21:17', '2015-08-27 12:25:00'),
	(545, 33, 'Karpacz', 19.63, '00:12:44', '2015-08-10 11:21:17', '2015-08-27 12:21:27'),
	(546, 33, 'Czernica', 27.24, '00:16:25', '2015-08-10 11:21:18', '2015-08-27 12:21:27'),
	(547, 33, 'Karpacz 2', 19.63, '00:12:44', '2015-08-10 11:21:18', '2015-08-27 12:25:00'),
	(548, 33, 'Czernica 2', 27.24, '00:16:25', '2015-08-10 11:21:18', '2015-08-27 12:25:00'),
	(549, 33, 'Karpacz 3', 19.63, '00:12:44', '2015-08-10 11:21:18', '2015-08-27 12:25:00'),
	(550, 33, 'Czernica 3', 27.24, '00:16:25', '2015-08-10 11:21:18', '2015-08-27 12:25:00'),
	(554, 34, 'Lebno', 14.27, '00:09:25', '2015-08-10 11:25:24', '2015-08-27 12:21:27'),
	(555, 34, 'Ketrzyno', 8.89, '00:05:00', '2015-08-10 11:25:24', '2015-08-27 12:21:27'),
	(556, 34, 'Linia', 14.89, '00:08:54', '2015-08-10 11:25:24', '2015-08-27 12:21:27'),
	(557, 34, 'Lebno 2', 14.27, '00:09:25', '2015-08-10 11:25:24', '2015-08-27 12:25:00'),
	(558, 34, 'Ketrzyno 2', 8.89, '00:05:00', '2015-08-10 11:25:24', '2015-08-27 12:25:00'),
	(559, 34, 'Linia 2', 14.89, '00:08:54', '2015-08-10 11:25:24', '2015-08-27 12:25:00'),
	(560, 34, 'Lebno 3', 14.27, '00:09:25', '2015-08-10 11:25:24', '2015-08-27 12:25:00'),
	(561, 34, 'Ketrzyno 3', 8.89, '00:05:00', '2015-08-10 11:25:25', '2015-08-27 12:25:00'),
	(562, 34, 'Linia 3', 14.89, '00:08:54', '2015-08-10 11:25:25', '2015-08-27 12:25:00'),
	(563, 34, 'Przodkowo', 11.47, '00:06:35', '2015-08-10 11:25:25', '2015-08-27 12:21:27'),
	(564, 34, 'Kartuzy', 12.96, '00:07:34', '2015-08-10 11:25:25', '2015-08-27 12:21:27'),
	(565, 34, 'Szemud', 13.25, '00:08:10', '2015-08-10 11:25:25', '2015-08-27 12:21:27'),
	(566, 34, 'Przodkowo 2', 11.47, '00:06:35', '2015-08-10 11:25:25', '2015-08-27 12:25:00'),
	(567, 34, 'Kartuzy 2', 12.96, '00:07:34', '2015-08-10 11:25:25', '2015-08-27 12:25:00'),
	(568, 34, 'Szemud 2', 13.25, '00:08:10', '2015-08-10 11:25:25', '2015-08-27 12:25:00'),
	(571, 35, 'Blizianka', 11.97, '00:07:09', '2015-08-10 11:27:51', '2015-08-27 12:21:27'),
	(572, 35, 'Lubenia', 25.67, '00:17:35', '2015-08-10 11:27:51', '2015-08-27 12:21:27'),
	(573, 35, 'Blizianka 2', 11.97, '00:07:09', '2015-08-10 11:27:51', '2015-08-27 12:25:01'),
	(574, 35, 'Lubenia 2', 25.67, '00:17:35', '2015-08-10 11:27:51', '2015-08-27 12:25:01'),
	(575, 35, 'Nowy Swiat', 4.44, '00:02:29', '2015-08-10 11:27:51', '2015-08-27 12:21:27'),
	(576, 35, 'Blizianka 3', 11.97, '00:07:09', '2015-08-10 11:27:51', '2015-08-27 12:25:01'),
	(577, 35, 'Lubenia 3', 25.67, '00:17:35', '2015-08-10 11:27:51', '2015-08-27 12:25:01'),
	(578, 35, 'Husow', 12.74, '00:08:26', '2015-08-10 11:27:51', '2015-08-27 12:21:27'),
	(579, 35, 'Widaczow', 10.65, '00:06:52', '2015-08-10 11:27:51', '2015-08-27 12:21:27'),
	(580, 35, 'Izdebki', 15.99, '00:09:18', '2015-08-10 11:27:51', '2015-08-27 12:21:27'),
	(581, 35, 'Husow 2', 12.74, '00:08:26', '2015-08-10 11:27:52', '2015-08-27 12:25:01'),
	(582, 35, 'Widaczow 2', 10.65, '00:06:52', '2015-08-10 11:27:52', '2015-08-27 12:25:01'),
	(583, 35, 'Izdebki 2', 15.99, '00:09:18', '2015-08-10 11:27:52', '2015-08-27 12:25:01'),
	(584, 35, 'Husow 3', 12.74, '00:08:26', '2015-08-10 11:27:52', '2015-08-27 12:25:01'),
	(585, 35, 'Widaczow 3', 10.65, '00:06:52', '2015-08-10 11:27:52', '2015-08-27 12:25:01'),
	(586, 35, 'Izdebki 3', 15.99, '00:09:18', '2015-08-10 11:27:52', '2015-08-27 12:25:01'),
	(588, 36, 'Rosciszow', 8.94, '00:05:58', '2015-08-10 11:35:54', '2015-08-27 12:21:27'),
	(589, 36, 'Swierki', 8.49, '00:05:07', '2015-08-10 11:35:55', '2015-08-27 12:21:27'),
	(590, 36, 'Milkow', 12.32, '00:08:26', '2015-08-10 11:35:55', '2015-08-27 12:21:27'),
	(591, 36, 'Rosciszow 2', 8.94, '00:05:58', '2015-08-10 11:35:55', '2015-08-27 12:25:01'),
	(592, 36, 'Swierki 2', 8.49, '00:05:07', '2015-08-10 11:35:55', '2015-08-27 12:25:01'),
	(593, 36, 'Milkow 2', 12.32, '00:08:26', '2015-08-10 11:35:55', '2015-08-27 12:25:01'),
	(594, 36, 'Rosciszow 3', 8.94, '00:05:58', '2015-08-10 11:35:55', '2015-08-27 12:25:01'),
	(595, 36, 'Swierki 3', 8.49, '00:05:07', '2015-08-10 11:35:55', '2015-08-27 12:25:01'),
	(596, 36, 'Milkow 3', 12.32, '00:08:26', '2015-08-10 11:35:55', '2015-08-27 12:25:01'),
	(597, 36, 'Michalkowa', 14.73, '00:10:06', '2015-08-10 11:35:55', '2015-08-27 12:21:27'),
	(598, 36, 'Woliborz', 8.77, '00:05:22', '2015-08-10 11:35:55', '2015-08-27 12:21:27'),
	(599, 36, 'Milkow Reverse', 12.97, '00:08:24', '2015-08-10 11:35:55', '2015-08-27 12:21:27'),
	(600, 36, 'Michalkowa 2', 14.73, '00:10:06', '2015-08-10 11:35:55', '2015-08-27 12:25:01'),
	(601, 36, 'Woliborz 2', 8.77, '00:05:22', '2015-08-10 11:35:55', '2015-08-27 12:25:01'),
	(602, 36, 'Milkow Reverse 2', 12.97, '00:08:24', '2015-08-10 11:35:56', '2015-08-27 12:25:01'),
	(605, 37, 'Hunter Southern', 6.78, '00:04:35', '2015-08-10 11:58:58', '2015-08-27 12:21:27'),
	(606, 37, 'Hunter Southern 2', 6.78, '00:04:35', '2015-08-10 11:58:58', '2015-08-27 12:25:01'),
	(607, 37, 'Harold', 6.61, '00:03:46', '2015-08-10 11:58:58', '2015-08-27 12:21:27'),
	(608, 37, 'Harold 2', 6.61, '00:03:46', '2015-08-10 11:58:58', '2015-08-27 12:21:27'),
	(609, 37, 'Hunter Southern 3', 6.78, '00:04:35', '2015-08-10 11:58:58', '2015-08-27 12:25:01'),
	(610, 37, 'Harold 3', 6.61, '00:03:46', '2015-08-10 11:58:58', '2015-08-27 12:21:27'),
	(611, 37, 'Harold 4', 6.61, '00:03:46', '2015-08-10 11:58:58', '2015-08-27 12:25:01'),
	(612, 37, 'Hunter Northern', 8.89, '00:05:31', '2015-08-10 11:58:58', '2015-08-27 12:21:27'),
	(613, 37, 'Hunter Northern Reverse', 8.31, '00:05:14', '2015-08-10 11:58:58', '2015-08-27 12:21:27'),
	(614, 37, 'Hunter Southern Reverse', 6.54, '00:04:21', '2015-08-10 11:58:58', '2015-08-27 12:21:27'),
	(615, 37, 'Hunter Southern 4', 6.78, '00:04:35', '2015-08-10 11:58:58', '2015-08-27 12:25:01'),
	(616, 37, 'Hunter Northern 2', 8.89, '00:05:31', '2015-08-10 11:58:58', '2015-08-27 12:25:01'),
	(617, 37, 'Hunter Northern Reverse 2', 8.31, '00:05:14', '2015-08-10 11:58:58', '2015-08-27 12:25:01'),
	(618, 37, 'Hunter Southern Reverse 2', 6.54, '00:04:21', '2015-08-10 11:58:59', '2015-08-27 12:25:01'),
	(622, 38, 'Kabardinka', 13.46, '00:08:37', '2015-08-10 12:01:23', '2015-08-27 12:21:27'),
	(623, 38, 'Glebovskiy', 25.40, '00:15:56', '2015-08-10 12:01:23', '2015-08-27 12:21:27'),
	(624, 38, 'Markoth', 9.43, '00:06:05', '2015-08-10 12:01:23', '2015-08-27 12:21:27'),
	(625, 38, 'Golubaya Buhta', 12.13, '00:07:03', '2015-08-10 12:01:23', '2015-08-27 12:21:27'),
	(626, 38, 'Kabardinka 2', 13.46, '00:08:37', '2015-08-10 12:01:23', '2015-08-27 12:25:02'),
	(627, 38, 'Glebovskiy 2', 25.40, '00:15:56', '2015-08-10 12:01:23', '2015-08-27 12:25:02'),
	(628, 38, 'Markoth 2', 9.43, '00:06:05', '2015-08-10 12:01:23', '2015-08-27 12:25:02'),
	(629, 38, 'Golubaya Buhta 2', 12.13, '00:07:03', '2015-08-10 12:01:23', '2015-08-27 12:25:02'),
	(630, 38, 'Gorniy', 9.11, '00:05:30', '2015-08-10 12:01:23', '2015-08-27 12:21:27'),
	(631, 38, 'Semigorskiy', 13.13, '00:08:21', '2015-08-10 12:01:23', '2015-08-27 12:21:27'),
	(632, 38, 'Natukhaevskiy', 12.90, '00:08:20', '2015-08-10 12:01:23', '2015-08-27 12:21:27'),
	(633, 38, 'Fort Raevskogo', 10.10, '00:06:37', '2015-08-10 12:01:23', '2015-08-27 12:21:27'),
	(634, 38, 'Gorniy 2', 9.11, '00:05:30', '2015-08-10 12:01:23', '2015-08-27 12:25:02'),
	(635, 38, 'Semigorskiy 2', 13.13, '00:08:21', '2015-08-10 12:01:24', '2015-08-27 12:25:02'),
	(636, 38, 'Natukhaevskiy 2', 12.90, '00:08:20', '2015-08-10 12:01:24', '2015-08-27 12:25:02'),
	(637, 38, 'Fort Raevskogo 2', 10.10, '00:06:37', '2015-08-10 12:01:24', '2015-08-27 12:25:02'),
	(639, 39, 'Lillsjohogen', 33.85, '00:20:05', '2015-08-10 12:04:32', '2015-08-27 12:21:27'),
	(640, 39, 'Campus', 2.75, '00:01:36', '2015-08-10 12:04:32', '2015-08-27 12:21:27'),
	(641, 39, 'Lillsjohogen 2', 33.85, '00:20:05', '2015-08-10 12:04:32', '2015-08-27 12:25:02'),
	(642, 39, 'Campus 2', 2.75, '00:01:36', '2015-08-10 12:04:32', '2015-08-27 12:25:02'),
	(643, 39, 'Vaster-Kalen', 7.88, '00:04:37', '2015-08-10 12:04:33', '2015-08-27 12:21:27'),
	(644, 39, 'Glosa', 5.37, '00:03:12', '2015-08-10 12:04:33', '2015-08-27 12:21:27'),
	(645, 39, 'Gallsaberget', 29.22, '00:18:56', '2015-08-10 12:04:33', '2015-08-27 12:21:27'),
	(646, 39, 'Bolesbodarna', 12.13, '00:07:38', '2015-08-10 12:04:33', '2015-08-27 12:21:27'),
	(647, 39, 'Sjoarsjon', 12.65, '00:07:15', '2015-08-10 12:04:33', '2015-08-27 12:21:27'),
	(648, 39, 'Husas', 21.25, '00:12:46', '2015-08-10 12:04:33', '2015-08-27 12:21:27'),
	(649, 39, 'Vaster-Kalen 2', 7.88, '00:04:37', '2015-08-10 12:04:33', '2015-08-27 12:25:02'),
	(650, 39, 'Glosa 2', 5.37, '00:03:12', '2015-08-10 12:04:33', '2015-08-27 12:25:02'),
	(651, 39, 'Gallsaberget 2', 29.22, '00:18:56', '2015-08-10 12:04:34', '2015-08-27 12:25:02'),
	(652, 39, 'Bolesbodarna 2', 12.13, '00:07:38', '2015-08-10 12:04:34', '2015-08-27 12:25:02'),
	(653, 39, 'Sjoarsjon', 12.26, '00:07:07', '2015-08-10 12:04:34', '2015-08-27 12:21:27'),
	(654, 39, 'Husas', 21.54, '00:12:37', '2015-08-10 12:04:34', '2015-08-27 12:21:27'),
	(656, 40, 'Fjeldsdalen Vest', 3.19, '00:02:00', '2015-08-10 12:14:12', '2015-08-27 12:21:27'),
	(657, 40, 'Naddum', 6.18, '00:03:53', '2015-08-10 12:14:12', '2015-08-27 12:21:27'),
	(658, 40, 'Hellesjovannet', 4.42, '00:02:38', '2015-08-10 12:14:12', '2015-08-27 12:21:27'),
	(659, 40, 'Fjeldsdalen Vest 2', 3.19, '00:02:00', '2015-08-10 12:14:13', '2015-08-27 12:25:02'),
	(660, 40, 'Naddum 2', 6.18, '00:03:53', '2015-08-10 12:14:13', '2015-08-27 12:25:02'),
	(661, 40, 'Hellesjovannet 2', 4.42, '00:02:38', '2015-08-10 12:14:13', '2015-08-27 12:25:02'),
	(662, 40, 'Bjorkelangen Torg', 0.33, '00:00:11', '2015-08-10 12:14:13', '2015-08-27 12:21:27'),
	(663, 40, 'Oisjoen Nord', 13.54, '00:08:33', '2015-08-10 12:14:13', '2015-08-27 12:21:27'),
	(664, 40, 'Romsjoen Nord', 13.14, '00:08:19', '2015-08-10 12:14:13', '2015-08-27 12:21:27'),
	(665, 40, 'Kjolen Syd', 13.33, '00:08:49', '2015-08-10 12:14:13', '2015-08-27 12:21:27'),
	(666, 40, 'Bjorkelangen Torg 2', 0.33, '00:00:11', '2015-08-10 12:14:13', '2015-08-27 12:25:02'),
	(667, 40, 'Romsjoen Nord 2', 13.14, '00:08:19', '2015-08-10 12:14:13', '2015-08-27 12:25:02'),
	(668, 40, 'Kjolen Syd 2', 13.33, '00:08:49', '2015-08-10 12:14:13', '2015-08-27 12:25:02'),
	(669, 40, 'Oisjoen Nord 2', 13.54, '00:08:33', '2015-08-10 12:14:13', '2015-08-27 12:25:02'),
	(673, 41, 'Arstadveien', 3.20, '00:01:54', '2015-08-10 12:16:40', '2015-08-27 12:21:27'),
	(674, 41, 'Stavasen', 17.82, '00:10:45', '2015-08-10 12:16:40', '2015-08-27 12:21:27'),
	(675, 41, 'Arstadveien 2', 3.20, '00:01:54', '2015-08-10 12:16:40', '2015-08-27 12:25:02'),
	(676, 41, 'Stavasen 2', 17.82, '00:10:45', '2015-08-10 12:16:40', '2015-08-27 12:21:27'),
	(677, 41, 'Starmoen', 3.77, '00:02:16', '2015-08-10 12:16:40', '2015-08-27 12:21:27'),
	(678, 41, 'Rolsasen', 28.60, '00:16:35', '2015-08-10 12:16:40', '2015-08-27 12:21:27'),
	(679, 41, 'Agasen', 19.58, '00:13:23', '2015-08-10 12:16:40', '2015-08-27 12:21:27'),
	(680, 41, 'Starmoen 2', 3.77, '00:02:16', '2015-08-10 12:16:40', '2015-08-27 12:25:02'),
	(681, 41, 'Rolsasen 2', 28.60, '00:16:35', '2015-08-10 12:16:40', '2015-08-27 12:25:03'),
	(682, 41, 'Agasen 2', 19.58, '00:13:23', '2015-08-10 12:16:40', '2015-08-27 12:25:03'),
	(683, 41, 'Terningen', 2.40, '00:01:35', '2015-08-10 12:16:40', '2015-08-27 12:21:27'),
	(684, 41, 'Terningen 2', 2.40, '00:01:35', '2015-08-10 12:16:41', '2015-08-27 12:25:03'),
	(685, 41, 'Starmoen Reverse', 3.47, '00:02:07', '2015-08-10 12:16:41', '2015-08-27 12:21:27'),
	(686, 41, 'Rolsasen Reverse', 28.87, '00:16:54', '2015-08-10 12:16:41', '2015-08-27 12:21:27'),
	(687, 41, 'Agasen Reverse', 19.48, '00:11:03', '2015-08-10 12:16:41', '2015-08-27 12:21:27'),
	(690, 42, 'Lovbrotte', 5.36, '00:03:11', '2015-08-10 12:19:14', '2015-08-27 12:21:27'),
	(691, 42, 'Astjern', 6.22, '00:03:43', '2015-08-10 12:19:14', '2015-08-27 12:21:27'),
	(692, 42, 'Helgedalen', 6.41, '00:04:21', '2015-08-10 12:19:14', '2015-08-27 12:21:27'),
	(693, 42, 'Lovbrotte Reverse', 5.24, '00:02:59', '2015-08-10 12:19:14', '2015-08-27 12:21:27'),
	(694, 42, 'Astjern Reverse', 6.75, '00:04:32', '2015-08-10 12:19:14', '2015-08-27 12:21:27'),
	(695, 42, 'Helgedalen Reverse', 6.76, '00:03:47', '2015-08-10 12:19:14', '2015-08-27 12:21:27'),
	(696, 42, 'Super Special Stage', 1.86, '00:01:13', '2015-08-10 12:19:15', '2015-08-27 12:21:27'),
	(697, 42, 'Super Special Stage 2', 1.86, '00:01:13', '2015-08-10 12:19:15', '2015-08-27 12:25:03'),
	(698, 42, 'Lovbrotte 2', 5.36, '00:03:11', '2015-08-10 12:19:15', '2015-08-27 12:25:03'),
	(699, 42, 'Astjern 2', 6.22, '00:03:43', '2015-08-10 12:19:15', '2015-08-27 12:25:03'),
	(700, 42, 'Helgedalen 2', 6.41, '00:04:21', '2015-08-10 12:19:15', '2015-08-27 12:25:03'),
	(701, 42, 'Lovbrotte Reverse 2', 5.24, '00:02:59', '2015-08-10 12:19:15', '2015-08-27 12:25:03'),
	(702, 42, 'Astjern Reverse 2', 6.75, '00:04:32', '2015-08-10 12:19:15', '2015-08-27 12:25:03'),
	(703, 42, 'Helgedalen Reverse 2', 6.76, '00:03:47', '2015-08-10 12:19:15', '2015-08-27 12:25:03'),
	(707, 43, 'Ringsaker', 8.33, '00:04:54', '2015-08-10 12:45:01', '2015-08-27 12:21:27'),
	(708, 43, 'Mauset', 5.28, '00:03:05', '2015-08-10 12:45:01', '2015-08-27 12:21:27'),
	(709, 43, 'Vangsasen', 7.10, '00:04:42', '2015-08-10 12:45:01', '2015-08-27 12:21:27'),
	(710, 43, 'Vennkvern', 1.32, '00:00:46', '2015-08-10 12:45:01', '2015-08-27 12:21:27'),
	(711, 43, 'Stange', 4.19, '00:02:38', '2015-08-10 12:45:01', '2015-08-27 12:21:27'),
	(712, 43, 'Ekeberg', 10.96, '00:06:38', '2015-08-10 12:45:02', '2015-08-27 12:21:27'),
	(713, 43, 'Brenna', 14.99, '00:09:12', '2015-08-10 12:45:02', '2015-08-27 12:21:27'),
	(714, 43, 'Vennkvern 2', 1.32, '00:00:46', '2015-08-10 12:45:02', '2015-08-27 12:25:03'),
	(715, 43, 'Ringsaker 2', 8.33, '00:04:54', '2015-08-10 12:45:02', '2015-08-27 12:25:03'),
	(716, 43, 'Mauset 2', 5.28, '00:03:05', '2015-08-10 12:45:02', '2015-08-27 12:25:03'),
	(717, 43, 'Vangsasen 2', 7.10, '00:04:42', '2015-08-10 12:45:02', '2015-08-27 12:25:03'),
	(718, 43, 'Stange 2', 4.19, '00:02:38', '2015-08-10 12:45:02', '2015-08-27 12:25:03'),
	(719, 43, 'Ekeberg 2', 10.96, '00:06:38', '2015-08-10 12:45:02', '2015-08-27 12:25:03'),
	(720, 43, 'Brenna 2', 14.99, '00:09:12', '2015-08-10 12:45:02', '2015-08-27 12:25:03'),
	(724, 44, 'Gjesthusvegen', 3.43, '00:02:08', '2015-08-10 12:56:06', '2015-08-27 12:21:27'),
	(725, 44, 'Gronli', 11.16, '00:07:06', '2015-08-10 12:56:06', '2015-08-27 12:21:27'),
	(726, 44, 'Lauvset', 16.42, '00:09:39', '2015-08-10 12:56:06', '2015-08-27 12:21:27'),
	(727, 44, 'Ridalen', 26.38, '00:17:18', '2015-08-10 12:56:06', '2015-08-27 12:21:27'),
	(728, 44, 'Oset', 16.27, '00:10:13', '2015-08-10 12:56:06', '2015-08-27 12:21:27'),
	(729, 44, 'Gronli Reverse', 11.51, '00:06:32', '2015-08-10 12:56:06', '2015-08-27 12:21:27'),
	(730, 44, 'Gjesthusvegen 2', 3.43, '00:02:08', '2015-08-10 12:56:06', '2015-08-27 12:25:03'),
	(731, 44, 'Gronli 2', 11.16, '00:07:06', '2015-08-10 12:56:06', '2015-08-27 12:25:03'),
	(732, 44, 'Fjellstue', 9.30, '00:06:00', '2015-08-10 12:56:06', '2015-08-27 12:21:27'),
	(733, 44, 'Oset 2', 16.27, '00:10:13', '2015-08-10 12:56:07', '2015-08-27 12:25:04'),
	(734, 44, 'Fjellstue 2', 9.30, '00:06:00', '2015-08-10 12:56:07', '2015-08-27 12:25:04'),
	(735, 44, 'Fjellstue Reverse', 9.22, '00:05:11', '2015-08-10 12:56:07', '2015-08-27 12:21:27'),
	(736, 44, 'Gronli Reverse 2', 11.51, '00:06:32', '2015-08-10 12:56:07', '2015-08-27 12:25:04'),
	(737, 44, 'Lauvset 2', 16.42, '00:09:39', '2015-08-10 12:56:07', '2015-08-27 12:25:03'),
	(741, 45, 'Oslo', 1.57, '00:01:00', '2015-08-10 13:00:49', '2015-08-27 12:21:27'),
	(742, 45, 'Opaker', 14.32, '00:08:49', '2015-08-10 13:00:49', '2015-08-27 12:21:27'),
	(743, 45, 'Kirkenaer', 8.40, '00:05:31', '2015-08-10 13:00:49', '2015-08-27 12:21:27'),
	(744, 45, 'Finnskogen', 20.35, '00:13:37', '2015-08-10 13:00:49', '2015-08-27 12:21:27'),
	(745, 45, 'Kongsvinger', 13.27, '00:07:35', '2015-08-10 13:00:49', '2015-08-27 12:21:27'),
	(746, 45, 'Opaker 2', 14.32, '00:08:49', '2015-08-10 13:00:49', '2015-08-27 12:25:04'),
	(747, 45, 'Finnskogen 2', 20.35, '00:13:37', '2015-08-10 13:00:49', '2015-08-27 12:25:04'),
	(748, 45, 'Kongsvinger 2', 13.27, '00:07:35', '2015-08-10 13:00:49', '2015-08-27 12:25:04'),
	(749, 45, 'Kirkenaer 2', 8.40, '00:05:31', '2015-08-10 13:00:49', '2015-08-27 12:25:04'),
	(750, 45, 'Mountain', 24.18, '00:15:37', '2015-08-10 13:00:49', '2015-08-27 12:21:27'),
	(751, 45, 'Lillehammer', 6.49, '00:03:41', '2015-08-10 13:00:50', '2015-08-27 12:21:27'),
	(752, 45, 'Ringsaker', 27.31, '00:17:50', '2015-08-10 13:00:50', '2015-08-27 12:21:27'),
	(753, 45, 'Hamar', 1.10, '00:00:41', '2015-08-10 13:00:50', '2015-08-27 12:21:27'),
	(754, 45, 'Mountain 2', 24.18, '00:15:37', '2015-08-10 13:00:50', '2015-08-27 12:25:04'),
	(755, 45, 'Lillehammer 2', 6.49, '00:03:41', '2015-08-10 13:00:50', '2015-08-27 12:25:04'),
	(756, 45, 'Ringsaker 2 ', 27.31, '00:17:50', '2015-08-10 13:00:50', '2015-08-27 12:25:04'),
	(757, 45, 'Hamar 2', 1.10, '00:00:41', '2015-08-10 13:00:50', '2015-08-27 12:25:04'),
	(758, 46, 'Dokkeberg', 6.91, '00:04:13', '2015-08-10 13:05:04', '2015-08-27 12:21:27'),
	(759, 46, 'Smadol', 23.35, '00:14:05', '2015-08-10 13:05:04', '2015-08-27 12:21:27'),
	(760, 46, 'Lesteberg', 9.18, '00:05:27', '2015-08-10 13:05:04', '2015-08-27 12:21:27'),
	(761, 46, 'Dokkeberg Reverse', 6.76, '00:03:52', '2015-08-10 13:05:04', '2015-08-27 12:21:27'),
	(762, 46, 'Bjerkeflata Nord', 9.63, '00:06:24', '2015-08-10 13:05:04', '2015-08-27 12:21:27'),
	(763, 46, 'Smadol Reverse', 23.96, '00:14:43', '2015-08-10 13:05:04', '2015-08-27 12:21:27'),
	(764, 46, 'Lesteberg Reverse', 9.24, '00:05:45', '2015-08-10 13:05:05', '2015-08-27 12:21:27'),
	(765, 46, 'Bjerkeflata Nord Reverse', 9.72, '00:06:19', '2015-08-10 13:05:05', '2015-08-27 12:21:27'),
	(766, 46, 'Dokkeberg 2', 6.91, '00:04:13', '2015-08-10 13:05:05', '2015-08-27 12:25:04'),
	(767, 46, 'Smadol 2', 23.35, '00:14:05', '2015-08-10 13:05:05', '2015-08-27 12:25:04'),
	(768, 46, 'Lesteberg 2', 9.18, '00:05:27', '2015-08-10 13:05:05', '2015-08-27 12:25:04'),
	(769, 46, 'Bjerkeflata Nord 2', 9.63, '00:06:24', '2015-08-10 13:05:05', '2015-08-27 12:25:04'),
	(770, 46, 'Dokkeberg 3', 6.91, '00:04:13', '2015-08-10 13:05:05', '2015-08-27 12:25:04'),
	(771, 46, 'Smadol 3', 23.35, '00:14:05', '2015-08-10 13:05:05', '2015-08-27 12:25:04'),
	(772, 46, 'Lesteberg 3', 9.18, '00:05:27', '2015-08-10 13:05:05', '2015-08-27 12:25:04'),
	(775, 47, 'Korsboen', 13.86, '00:09:09', '2015-08-10 13:16:42', '2015-08-27 12:21:27'),
	(776, 47, 'Malmveien', 6.46, '00:04:11', '2015-08-10 13:16:42', '2015-08-27 12:21:27'),
	(777, 47, 'Letmolia', 16.27, '00:09:30', '2015-08-10 13:16:42', '2015-08-27 12:21:27'),
	(778, 47, 'Krodsherad', 13.55, '00:08:02', '2015-08-10 13:16:42', '2015-08-27 12:21:27'),
	(779, 47, 'Bjoreskogen', 11.10, '00:06:44', '2015-08-10 13:16:42', '2015-08-27 12:21:27'),
	(780, 47, 'Nevra', 16.76, '00:10:56', '2015-08-10 13:16:42', '2015-08-27 12:21:27'),
	(781, 47, 'Nysaetra', 14.59, '00:09:29', '2015-08-10 13:16:42', '2015-08-27 12:21:27'),
	(782, 47, 'Malmveien 2', 6.46, '00:04:11', '2015-08-10 13:16:42', '2015-08-27 12:25:05'),
	(783, 47, 'Letmolia 2', 16.27, '00:09:30', '2015-08-10 13:16:42', '2015-08-27 12:25:05'),
	(784, 47, 'Krodsherad 2', 13.55, '00:08:02', '2015-08-10 13:16:42', '2015-08-27 12:25:05'),
	(785, 47, 'Bjoreskogen 2', 11.10, '00:06:44', '2015-08-10 13:16:43', '2015-08-27 12:25:05'),
	(786, 47, 'Korsboen 2', 13.86, '00:09:09', '2015-08-10 13:16:43', '2015-08-27 12:25:05'),
	(787, 47, 'Nevra 2', 16.76, '00:10:56', '2015-08-10 13:16:43', '2015-08-27 12:25:05'),
	(788, 47, 'Nysaetra 2', 14.59, '00:09:29', '2015-08-10 13:16:43', '2015-08-27 12:25:05'),
	(792, 48, 'Glubo', 5.79, '00:03:39', '2015-08-10 13:18:36', '2015-08-27 12:21:27'),
	(793, 48, 'Hetlandsheio', 9.82, '00:05:47', '2015-08-10 13:18:36', '2015-08-27 12:21:27'),
	(794, 48, 'Glubo 2', 5.79, '00:03:39', '2015-08-10 13:18:36', '2015-08-27 12:25:05'),
	(795, 48, 'Moi', 2.77, '00:01:46', '2015-08-10 13:18:36', '2015-08-27 12:21:27'),
	(796, 48, 'Jossingfjord', 19.16, '00:13:08', '2015-08-10 13:18:36', '2015-08-27 12:21:27'),
	(797, 48, 'Moi 2', 2.77, '00:01:46', '2015-08-10 13:18:36', '2015-08-27 12:25:05'),
	(798, 48, 'Rossland', 3.98, '00:02:35', '2015-08-10 13:18:36', '2015-08-27 12:21:27'),
	(799, 48, 'Nesvag', 9.30, '00:05:27', '2015-08-10 13:18:37', '2015-08-27 12:21:27'),
	(800, 48, 'Kjelland', 3.65, '00:02:10', '2015-08-10 13:18:37', '2015-08-27 12:21:27'),
	(801, 48, 'Rossland 2', 3.98, '00:02:35', '2015-08-10 13:18:37', '2015-08-27 12:25:05'),
	(802, 48, 'Nesvag 2', 9.30, '00:05:27', '2015-08-10 13:18:37', '2015-08-27 12:25:05'),
	(803, 48, 'Kjelland 2', 3.65, '00:02:10', '2015-08-10 13:18:37', '2015-08-27 12:25:05'),
	(804, 48, 'Jossingfjord 2', 19.16, '00:13:08', '2015-08-10 13:18:37', '2015-08-27 12:25:05'),
	(805, 48, 'Hetlandsheio', 9.18, '00:05:37', '2015-08-10 13:18:37', '2015-08-27 12:21:27'),
	(822, 49, 'Hoye 2', 9.92, '00:06:03', '2015-08-10 15:12:08', '2015-08-27 12:25:05'),
	(821, 49, 'Steinsland 2', 11.72, '00:06:50', '2015-08-10 15:12:08', '2015-08-27 12:25:05'),
	(820, 49, 'Gumpens 2', 19.16, '00:11:15', '2015-08-10 15:12:08', '2015-08-27 12:25:05'),
	(819, 49, 'Solas 2', 31.22, '00:20:04', '2015-08-10 15:12:08', '2015-08-27 12:25:05'),
	(818, 49, 'Jabekk 2', 4.18, '00:02:36', '2015-08-10 15:12:07', '2015-08-27 12:25:05'),
	(817, 49, 'Lindland', 25.94, '00:17:53', '2015-08-10 15:12:07', '2015-08-27 12:21:27'),
	(816, 49, 'Hoye', 9.92, '00:06:03', '2015-08-10 15:12:07', '2015-08-27 12:21:27'),
	(815, 49, 'Jabekk', 4.18, '00:02:36', '2015-08-10 15:12:07', '2015-08-27 12:21:27'),
	(814, 49, 'Steinsland', 11.72, '00:06:50', '2015-08-10 15:12:07', '2015-08-27 12:21:27'),
	(813, 49, 'Gumpens', 19.16, '00:11:15', '2015-08-10 15:12:07', '2015-08-27 12:21:27'),
	(812, 49, 'Solas', 31.22, '00:20:04', '2015-08-10 15:12:07', '2015-08-27 12:21:27'),
	(811, 49, 'Arstol', 17.91, '00:12:15', '2015-08-10 15:12:07', '2015-08-27 12:21:27'),
	(810, 49, 'Tranehoyda', 12.31, '00:07:32', '2015-08-10 15:12:07', '2015-08-27 12:21:27'),
	(809, 49, 'Skoieheia', 3.52, '00:02:04', '2015-08-10 15:12:07', '2015-08-27 12:21:27'),
	(840, 50, 'Arlifoss 3', 8.95, '00:05:36', '2015-08-10 15:21:50', '2015-08-27 12:21:27'),
	(839, 50, 'Liangrenna 3', 5.75, '00:03:17', '2015-08-10 15:21:50', '2015-08-27 12:25:06'),
	(838, 50, 'Klevarsida 3', 6.22, '00:03:48', '2015-08-10 15:21:50', '2015-08-27 12:25:06'),
	(837, 50, 'Darstul 3', 7.71, '00:04:23', '2015-08-10 15:21:50', '2015-08-27 12:25:06'),
	(836, 50, 'Elgsjo 3', 6.57, '00:03:59', '2015-08-10 15:21:50', '2015-08-27 12:25:06'),
	(835, 50, 'Arlifoss 2', 8.69, '00:05:35', '2015-08-10 15:21:50', '2015-08-27 12:21:27'),
	(834, 50, 'Liangrenna 2', 5.75, '00:03:17', '2015-08-10 15:21:50', '2015-08-27 12:25:06'),
	(833, 50, 'Arlifoss ', 8.97, '00:05:44', '2015-08-10 15:21:50', '2015-08-27 12:21:27'),
	(832, 50, 'Liangrenna', 5.75, '00:03:17', '2015-08-10 15:21:50', '2015-08-27 12:21:27'),
	(831, 50, 'Klevarsida 2', 6.22, '00:03:48', '2015-08-10 15:21:50', '2015-08-27 12:25:06'),
	(830, 50, 'Darstul 2', 7.71, '00:04:23', '2015-08-10 15:21:50', '2015-08-27 12:25:06'),
	(829, 50, 'Elgsjo 2', 6.57, '00:03:59', '2015-08-10 15:21:50', '2015-08-27 12:25:06'),
	(828, 50, 'Klevarsida', 6.22, '00:03:48', '2015-08-10 15:21:50', '2015-08-27 12:21:27'),
	(827, 50, 'Darstul', 7.71, '00:04:23', '2015-08-10 15:21:49', '2015-08-27 12:21:27'),
	(826, 50, 'Elgsjo', 6.57, '00:03:59', '2015-08-10 15:21:49', '2015-08-27 12:21:27'),
	(856, 51, 'Ristilampi', 49.26, '00:29:41', '2015-08-10 15:24:02', '2015-08-27 12:21:27'),
	(855, 51, 'Heinunkierto 2', 23.37, '00:14:49', '2015-08-10 15:24:02', '2015-08-27 12:25:06'),
	(854, 51, 'Sarriojarvi 2', 36.22, '00:22:09', '2015-08-10 15:24:02', '2015-08-27 12:25:06'),
	(853, 51, 'Hanhikoski 2', 32.86, '00:19:40', '2015-08-10 15:24:02', '2015-08-27 12:25:06'),
	(852, 51, 'Ristilampi', 49.63, '00:33:49', '2015-08-10 15:24:02', '2015-08-27 12:21:27'),
	(851, 51, 'Heinunkierto', 23.37, '00:14:49', '2015-08-10 15:24:02', '2015-08-27 12:21:27'),
	(850, 51, 'Mantyvaara 3', 3.63, '00:02:28', '2015-08-10 15:24:02', '2015-08-27 12:25:06'),
	(849, 51, 'Sarriojarvi', 36.22, '00:22:09', '2015-08-10 15:24:02', '2015-08-27 12:21:27'),
	(848, 51, 'Hanhikoski', 32.86, '00:19:40', '2015-08-10 15:24:02', '2015-08-27 12:21:27'),
	(847, 51, 'Mantyvaara 2', 3.63, '00:02:28', '2015-08-10 15:24:02', '2015-08-27 12:21:27'),
	(846, 51, 'Jyrhamajarvi', 29.14, '00:17:10', '2015-08-10 15:24:02', '2015-08-27 12:21:27'),
	(845, 51, 'Siikakama', 38.32, '00:21:47', '2015-08-10 15:24:02', '2015-08-27 12:21:27'),
	(844, 51, 'Aittajarvi', 24.79, '00:16:41', '2015-08-10 15:24:01', '2015-08-27 12:21:27'),
	(843, 51, 'Mantyvaara', 3.63, '00:02:28', '2015-08-10 15:24:01', '2015-08-27 12:21:27'),
	(875, 52, 'Dechantskirchen 3', 9.61, '00:05:54', '2015-08-10 15:30:11', '2015-08-27 12:25:07'),
	(874, 52, 'Sinnersdorf 3', 8.34, '00:04:42', '2015-08-10 15:30:11', '2015-08-27 12:25:07'),
	(873, 52, 'Rohrbach 3', 6.68, '00:03:49', '2015-08-10 15:30:11', '2015-08-27 12:25:07'),
	(872, 52, 'Pinggau 3', 12.57, '00:07:31', '2015-08-10 15:30:11', '2015-08-27 12:25:07'),
	(871, 52, 'Pinggau Lang 2', 32.58, '00:20:02', '2015-08-10 15:30:11', '2015-08-27 12:25:07'),
	(870, 52, 'Haideggendorf 2', 8.78, '00:05:15', '2015-08-10 15:30:11', '2015-08-27 12:25:07'),
	(869, 52, 'Pinggau Lang', 32.58, '00:20:02', '2015-08-10 15:30:11', '2015-08-27 12:21:27'),
	(868, 52, 'Haideggendorf', 8.78, '00:05:15', '2015-08-10 15:30:10', '2015-08-27 12:21:27'),
	(867, 52, 'Dechantskirchen 2', 9.61, '00:05:54', '2015-08-10 15:30:10', '2015-08-27 12:25:07'),
	(866, 52, 'Sinnersdorf 2', 8.34, '00:04:42', '2015-08-10 15:30:10', '2015-08-27 12:25:07'),
	(865, 52, 'Dechantskirchen', 9.61, '00:05:54', '2015-08-10 15:30:10', '2015-08-27 12:21:27'),
	(864, 52, 'Sinnersdorf', 8.34, '00:04:42', '2015-08-10 15:30:10', '2015-08-27 12:21:27'),
	(863, 52, 'Rohrbach 2', 6.68, '00:03:49', '2015-08-10 15:30:10', '2015-08-27 12:25:07'),
	(862, 52, 'Pinggau 2', 12.57, '00:07:31', '2015-08-10 15:30:10', '2015-08-27 12:25:07'),
	(861, 52, 'Rohrbach', 6.68, '00:03:49', '2015-08-10 15:30:10', '2015-08-27 12:21:27'),
	(860, 52, 'Pinggau', 12.57, '00:07:31', '2015-08-10 15:30:10', '2015-08-27 12:21:27'),
	(893, 53, 'Kendal 3', 6.84, '00:04:36', '2015-08-10 15:36:16', '2015-08-27 12:25:07'),
	(892, 53, 'Bushy Park 2', 1.59, '00:00:53', '2015-08-10 15:36:16', '2015-08-27 12:25:07'),
	(891, 53, 'Malvern 2', 6.26, '00:03:47', '2015-08-10 15:36:16', '2015-08-27 12:25:07'),
	(890, 53, 'Kendal 2', 6.84, '00:04:36', '2015-08-10 15:36:16', '2015-08-27 12:25:07'),
	(889, 53, 'Bushy Park', 5.28, '00:02:58', '2015-08-10 15:36:16', '2015-08-27 12:21:27'),
	(888, 53, 'Malvern', 6.26, '00:03:47', '2015-08-10 15:36:16', '2015-08-27 12:21:27'),
	(887, 53, 'Kendal', 6.84, '00:04:36', '2015-08-10 15:36:16', '2015-08-27 12:21:27'),
	(886, 53, 'Spring Vale 3', 5.70, '00:03:52', '2015-08-10 15:36:16', '2015-08-27 12:21:27'),
	(885, 53, 'Canefield 3', 6.87, '00:04:01', '2015-08-10 15:36:16', '2015-08-27 12:25:07'),
	(884, 53, 'Sailor Gully 3', 4.94, '00:03:14', '2015-08-10 15:36:15', '2015-08-27 12:25:07'),
	(883, 53, 'Spring Vale 2', 5.21, '00:03:08', '2015-08-10 15:36:15', '2015-08-27 12:21:27'),
	(882, 53, 'Canefield 2', 6.87, '00:04:01', '2015-08-10 15:36:15', '2015-08-27 12:25:07'),
	(881, 53, 'Sailor Gully 2', 4.94, '00:03:14', '2015-08-10 15:36:15', '2015-08-27 12:25:07'),
	(880, 53, 'Spring Vale ', 4.71, '00:03:06', '2015-08-10 15:36:15', '2015-08-27 12:21:27'),
	(879, 53, 'Canefield', 6.87, '00:04:01', '2015-08-10 15:36:15', '2015-08-27 12:21:27'),
	(878, 53, 'Sailor Gully', 4.94, '00:03:14', '2015-08-10 15:36:15', '2015-08-27 12:21:27'),
	(877, 53, 'Bushy Park', 1.59, '00:00:53', '2015-08-10 15:36:15', '2015-08-27 12:21:27'),
	(898, 54, 'Schuiferskapelle 2', 15.43, '00:09:45', '2015-08-10 15:38:49', '2015-08-27 12:25:07'),
	(897, 54, 'Poelberg', 7.41, '00:05:00', '2015-08-10 15:38:49', '2015-08-27 12:21:27'),
	(896, 54, 'Oosthoek', 8.97, '00:06:00', '2015-08-10 15:38:49', '2015-08-27 12:21:27'),
	(895, 54, 'Ondank', 9.75, '00:05:59', '2015-08-10 15:38:49', '2015-08-27 12:21:27'),
	(894, 54, 'Schuiferskapelle', 15.43, '00:09:45', '2015-08-10 15:38:49', '2015-08-27 12:21:27'),
	(899, 54, 'Ondank 2', 9.75, '00:05:59', '2015-08-10 15:38:49', '2015-08-27 12:25:07'),
	(900, 54, 'Oosthoek 2', 8.97, '00:06:00', '2015-08-10 15:38:50', '2015-08-27 12:25:07'),
	(901, 54, 'Poelberg 2', 7.41, '00:05:00', '2015-08-10 15:38:50', '2015-08-27 12:25:07'),
	(902, 54, 'Schuiferskapelle 3', 15.43, '00:09:45', '2015-08-10 15:38:50', '2015-08-27 12:25:07'),
	(903, 54, 'Ondank 3', 9.75, '00:05:59', '2015-08-10 15:38:50', '2015-08-27 12:25:07'),
	(904, 54, 'Oosthoek 3', 8.97, '00:06:00', '2015-08-10 15:38:50', '2015-08-27 12:25:07'),
	(905, 54, 'Poelberg 3', 7.41, '00:05:00', '2015-08-10 15:38:50', '2015-08-27 12:25:07'),
	(906, 54, 'Schuiferskapelle 4', 15.43, '00:09:45', '2015-08-10 15:38:50', '2015-08-27 12:25:07'),
	(907, 54, 'Ondank 4', 9.75, '00:05:59', '2015-08-10 15:38:50', '2015-08-27 12:25:07'),
	(908, 54, 'Oosthoek 4', 8.97, '00:06:00', '2015-08-10 15:38:50', '2015-08-27 12:25:07'),
	(909, 54, 'Poelberg 4', 7.41, '00:05:00', '2015-08-10 15:38:50', '2015-08-27 12:25:07'),
	(911, 55, 'Citadelle', 4.88, '00:03:19', '2015-08-10 15:41:57', '2015-08-27 12:21:27'),
	(912, 55, 'Malonne', 14.49, '00:09:19', '2015-08-10 15:41:57', '2015-08-27 12:21:27'),
	(913, 55, 'Bois de Villers', 9.90, '00:06:28', '2015-08-10 15:41:57', '2015-08-27 12:21:27'),
	(914, 55, 'Crupet', 11.84, '00:08:09', '2015-08-10 15:41:57', '2015-08-27 12:21:27'),
	(915, 55, 'Natoye', 10.34, '00:06:21', '2015-08-10 15:41:57', '2015-08-27 12:21:27'),
	(916, 55, 'Malonne 2', 14.49, '00:09:19', '2015-08-10 15:41:57', '2015-08-27 12:25:08'),
	(917, 55, 'Bois de Villers 2', 9.90, '00:06:28', '2015-08-10 15:41:58', '2015-08-27 12:25:08'),
	(918, 55, 'Crupet 2', 11.84, '00:08:09', '2015-08-10 15:41:58', '2015-08-27 12:25:08'),
	(919, 55, 'Natoye 2', 10.34, '00:06:21', '2015-08-10 15:41:58', '2015-08-27 12:25:08'),
	(920, 55, 'Malonne 3', 14.49, '00:09:19', '2015-08-10 15:41:58', '2015-08-27 12:25:08'),
	(921, 55, 'Bois de Villers 3', 9.90, '00:06:28', '2015-08-10 15:41:58', '2015-08-27 12:25:08'),
	(922, 55, 'Crupet 3', 11.84, '00:08:09', '2015-08-10 15:41:58', '2015-08-27 12:25:08'),
	(923, 55, 'Natoye 3', 10.34, '00:06:21', '2015-08-10 15:41:58', '2015-08-27 12:25:08'),
	(924, 55, 'Naninne', 7.38, '00:05:02', '2015-08-10 15:41:58', '2015-08-27 12:21:27'),
	(925, 55, 'Loyers', 5.22, '00:03:09', '2015-08-10 15:41:58', '2015-08-27 12:21:27'),
	(926, 55, 'Wartet', 8.94, '00:05:05', '2015-08-10 15:41:58', '2015-08-27 12:21:27'),
	(927, 55, 'Vedrin', 5.33, '00:03:04', '2015-08-10 15:41:58', '2015-08-27 12:21:27'),
	(928, 56, 'Campo Magro', 18.42, '00:11:07', '2015-08-10 15:44:48', '2015-08-27 12:21:27'),
	(929, 56, 'Ouro Fino', 12.80, '00:08:11', '2015-08-10 15:44:48', '2015-08-27 12:21:27'),
	(930, 56, 'Curtiba', 12.57, '00:08:21', '2015-08-10 15:44:48', '2015-08-27 12:21:27'),
	(931, 56, 'Campo Magro 2', 18.42, '00:11:07', '2015-08-10 15:44:48', '2015-08-27 12:25:08'),
	(932, 56, 'Curtiba 2', 12.57, '00:08:21', '2015-08-10 15:44:48', '2015-08-27 12:25:08'),
	(933, 56, 'Campo Magro 3', 18.42, '00:11:07', '2015-08-10 15:44:48', '2015-08-27 12:25:08'),
	(934, 56, 'Ouro Fino 2', 12.80, '00:08:11', '2015-08-10 15:44:48', '2015-08-27 12:25:08'),
	(935, 56, 'Bocaiuva', 28.68, '00:16:14', '2015-08-10 15:44:48', '2015-08-27 12:21:27'),
	(936, 56, 'Rio Pesqueiro', 15.89, '00:10:39', '2015-08-10 15:44:48', '2015-08-27 12:21:27'),
	(937, 56, 'Quatro Barras', 12.97, '00:07:40', '2015-08-10 15:44:48', '2015-08-27 12:21:27'),
	(938, 56, 'Nobre', 10.86, '00:06:58', '2015-08-10 15:44:48', '2015-08-27 12:21:27'),
	(939, 56, 'Rio Pesqueiro 2', 15.89, '00:10:39', '2015-08-10 15:44:48', '2015-08-27 12:25:08'),
	(940, 56, 'Quatro Barras 2', 12.97, '00:07:40', '2015-08-10 15:44:48', '2015-08-27 12:25:08'),
	(941, 56, 'Campina', 23.95, '00:16:16', '2015-08-10 15:44:48', '2015-08-27 12:21:27'),
	(942, 56, 'Prime Pinhais', 3.34, '00:02:01', '2015-08-10 15:44:49', '2015-08-27 12:21:27'),
	(945, 57, 'Beli Iskar', 6.87, '00:04:35', '2015-08-10 15:48:24', '2015-08-27 12:21:27'),
	(946, 57, 'Borovetz - Raduil', 9.21, '00:05:56', '2015-08-10 15:48:24', '2015-08-27 12:21:27'),
	(947, 57, 'Muhovo', 29.68, '00:18:49', '2015-08-10 15:48:24', '2015-08-27 12:21:27'),
	(948, 57, 'Slavovitza', 17.84, '00:10:24', '2015-08-10 15:48:24', '2015-08-27 12:21:27'),
	(949, 57, 'Beli Iskar 2', 6.87, '00:04:35', '2015-08-10 15:48:24', '2015-08-27 12:25:09'),
	(950, 57, 'Borovetz - Raduil 2', 9.21, '00:05:56', '2015-08-10 15:48:24', '2015-08-27 12:25:09'),
	(951, 57, 'Muhovo 2', 29.68, '00:18:49', '2015-08-10 15:48:24', '2015-08-27 12:25:09'),
	(952, 57, 'Slavovitza 2', 17.84, '00:10:24', '2015-08-10 15:48:24', '2015-08-27 12:25:09'),
	(953, 57, 'Trayanovi Vrata', 18.65, '00:10:31', '2015-08-10 15:48:24', '2015-08-27 12:21:27'),
	(954, 57, 'Lubnitza', 30.84, '00:20:51', '2015-08-10 15:48:25', '2015-08-27 12:21:27'),
	(955, 57, 'Raduil - Borovetz', 9.61, '00:05:56', '2015-08-10 15:48:25', '2015-08-27 12:21:27'),
	(956, 57, 'Borovetz - Beli Iskar', 6.27, '00:03:48', '2015-08-10 15:48:25', '2015-08-27 12:21:27'),
	(957, 57, 'Trayanovi Vrata 2', 18.65, '00:10:31', '2015-08-10 15:48:25', '2015-08-27 12:25:09'),
	(958, 57, 'Lubnitza 2', 30.84, '00:20:51', '2015-08-10 15:48:25', '2015-08-27 12:25:09'),
	(962, 58, 'Porec', 1.30, '00:00:48', '2015-08-10 15:50:44', '2015-08-27 12:21:27'),
	(963, 58, 'Boljun', 14.73, '00:08:16', '2015-08-10 15:50:44', '2015-08-27 12:21:27'),
	(964, 58, 'Ucka', 13.70, '00:08:58', '2015-08-10 15:50:44', '2015-08-27 12:21:27'),
	(965, 58, 'Brest', 29.76, '00:17:08', '2015-08-10 15:50:45', '2015-08-27 12:21:27'),
	(966, 58, 'Boljun 2', 14.73, '00:08:16', '2015-08-10 15:50:45', '2015-08-27 12:25:09'),
	(967, 58, 'Ucka 2', 13.70, '00:08:58', '2015-08-10 15:50:45', '2015-08-27 12:25:09'),
	(968, 58, 'Brest 2', 29.76, '00:17:08', '2015-08-10 15:50:45', '2015-08-27 12:25:09'),
	(969, 58, 'Butoniga', 14.49, '00:09:54', '2015-08-10 15:50:45', '2015-08-27 12:21:27'),
	(970, 58, 'Buzet', 14.36, '00:08:10', '2015-08-10 15:50:45', '2015-08-27 12:21:27'),
	(971, 58, 'Salteria', 29.84, '00:20:13', '2015-08-10 15:50:45', '2015-08-27 12:21:27'),
	(972, 58, 'Butoniga 2', 14.49, '00:09:54', '2015-08-10 15:50:45', '2015-08-27 12:25:09'),
	(973, 58, 'Buzet 2', 14.36, '00:08:10', '2015-08-10 15:50:45', '2015-08-27 12:25:09'),
	(974, 58, 'Salteria 2', 29.84, '00:20:13', '2015-08-10 15:50:45', '2015-08-27 12:25:09'),
	(975, 58, 'Porec 2', 1.30, '00:00:48', '2015-08-10 15:50:45', '2015-08-27 12:25:09'),
	(976, 58, 'Porec 3', 1.30, '00:00:48', '2015-08-10 15:50:45', '2015-08-27 12:25:09'),
	(979, 59, 'Horazdovice - Komusin', 5.16, '00:02:53', '2015-08-10 15:54:30', '2015-08-27 12:21:27'),
	(980, 59, 'Cecelovice', 16.97, '00:11:04', '2015-08-10 15:54:30', '2015-08-27 12:21:27'),
	(981, 59, 'Doubravice - Chrastovice', 11.29, '00:06:23', '2015-08-10 15:54:30', '2015-08-27 12:21:27'),
	(982, 59, 'Strazovice - Nehodiv', 7.74, '00:04:32', '2015-08-10 15:54:31', '2015-08-27 12:21:27'),
	(983, 59, 'Horazdovice - Komusin 2', 5.16, '00:02:53', '2015-08-10 15:54:31', '2015-08-27 12:25:09'),
	(984, 59, 'Cecelovice 2', 16.97, '00:11:04', '2015-08-10 15:54:31', '2015-08-27 12:25:09'),
	(985, 59, 'Doubravice - Chrastovice 2', 11.29, '00:06:23', '2015-08-10 15:54:31', '2015-08-27 12:25:09'),
	(986, 59, 'Strazovice - Nehodiv 2', 7.74, '00:04:32', '2015-08-10 15:54:31', '2015-08-27 12:25:09'),
	(987, 59, 'Horazdovice - Komusin 3', 5.16, '00:02:53', '2015-08-10 15:54:31', '2015-08-27 12:25:09'),
	(988, 59, 'Cecelovice 3', 16.97, '00:11:04', '2015-08-10 15:54:31', '2015-08-27 12:25:09'),
	(989, 59, 'Doubravice - Chrastovice 3', 11.29, '00:06:23', '2015-08-10 15:54:31', '2015-08-27 12:25:09'),
	(990, 59, 'Strazovice - Nehodiv 3', 7.74, '00:04:32', '2015-08-10 15:54:31', '2015-08-27 12:25:09'),
	(991, 59, 'Nehodiv - Cecelovice', 12.31, '00:08:03', '2015-08-10 15:54:31', '2015-08-27 12:21:27'),
	(992, 59, 'Cecelovice - Doubravice', 7.70, '00:05:12', '2015-08-10 15:54:31', '2015-08-27 12:21:27'),
	(996, 60, 'Bondy', 2.69, '00:01:42', '2015-08-10 16:20:57', '2015-08-27 12:21:27'),
	(997, 60, 'Sychrov', 19.32, '00:13:02', '2015-08-10 16:20:57', '2015-08-27 12:21:27'),
	(998, 60, 'Sumburk', 16.41, '00:11:14', '2015-08-10 16:20:57', '2015-08-27 12:21:27'),
	(999, 60, 'Bzi', 5.27, '00:03:03', '2015-08-10 16:20:57', '2015-08-27 12:21:27'),
	(1000, 60, 'Sychrov 2', 19.32, '00:13:02', '2015-08-10 16:20:57', '2015-08-27 12:25:10'),
	(1001, 60, 'Sumburk 2', 16.41, '00:11:14', '2015-08-10 16:20:58', '2015-08-27 12:25:10'),
	(1002, 60, 'Bzi 2', 5.27, '00:03:03', '2015-08-10 16:20:58', '2015-08-27 12:25:10'),
	(1003, 60, 'Lobec', 11.14, '00:06:42', '2015-08-10 16:20:58', '2015-08-27 12:21:27'),
	(1004, 60, 'Vinec', 15.34, '00:08:56', '2015-08-10 16:20:58', '2015-08-27 12:21:27'),
	(1005, 60, 'Staromestska', 5.62, '00:03:38', '2015-08-10 16:20:58', '2015-08-27 12:21:27'),
	(1006, 60, 'Lobec 2', 11.14, '00:06:42', '2015-08-10 16:20:58', '2015-08-27 12:25:10'),
	(1007, 60, 'Vinec 2', 15.34, '00:08:56', '2015-08-10 16:20:58', '2015-08-27 12:25:10'),
	(1008, 60, 'Staromestska 2', 5.62, '00:03:38', '2015-08-10 16:20:58', '2015-08-27 12:25:10'),
	(1009, 60, 'Lobec 3', 11.14, '00:06:42', '2015-08-10 16:20:58', '2015-08-27 12:25:10'),
	(1010, 60, 'Vinec 3', 15.34, '00:08:56', '2015-08-10 16:20:58', '2015-08-27 12:25:10'),
	(1013, 61, 'Marchampt', 12.25, '00:08:11', '2015-08-10 16:27:13', '2015-08-27 12:21:27'),
	(1014, 61, 'Lamure sur Azergues', 14.80, '00:09:59', '2015-08-10 16:27:13', '2015-08-27 12:21:27'),
	(1015, 61, 'Bibost', 13.87, '00:08:48', '2015-08-10 16:27:13', '2015-08-27 12:21:27'),
	(1016, 61, 'Rontalon', 14.97, '00:10:08', '2015-08-10 16:27:13', '2015-08-27 12:21:27'),
	(1017, 61, 'Lyon - Gerland', 1.88, '00:01:17', '2015-08-10 16:27:13', '2015-08-27 12:21:27'),
	(1018, 61, 'Marchampt - Claveisoles', 25.59, '00:17:11', '2015-08-10 16:27:13', '2015-08-27 12:21:27'),
	(1019, 61, 'Lamure sur Azergues 2', 14.80, '00:09:59', '2015-08-10 16:27:13', '2015-08-27 12:25:10'),
	(1020, 61, 'Les Noirs', 18.66, '00:12:17', '2015-08-10 16:27:13', '2015-08-27 12:21:27'),
	(1021, 61, 'Les Sauvages', 12.80, '00:07:17', '2015-08-10 16:27:13', '2015-08-27 12:21:27'),
	(1022, 61, 'Marchampt - Claveisoles', 25.94, '00:16:44', '2015-08-10 16:27:14', '2015-08-27 12:21:27'),
	(1023, 61, 'Lamure sur Azergues 3', 14.80, '00:09:59', '2015-08-10 16:27:14', '2015-08-27 12:25:10'),
	(1024, 61, 'Les Noirs 2', 18.66, '00:12:17', '2015-08-10 16:27:14', '2015-08-27 12:25:10'),
	(1025, 61, 'Les Sauvages 2', 12.80, '00:07:17', '2015-08-10 16:27:14', '2015-08-27 12:25:10'),
	(1026, 61, 'Les Noirs 3', 18.66, '00:12:17', '2015-08-10 16:27:14', '2015-08-27 12:25:10'),
	(1027, 61, 'Les Sauvages 3', 12.80, '00:07:17', '2015-08-10 16:27:14', '2015-08-27 12:25:10'),
	(1030, 62, 'Camiers', 12.11, '00:07:17', '2015-08-10 16:29:02', '2015-08-27 12:21:27'),
	(1031, 62, 'La Calotterie', 12.68, '00:07:25', '2015-08-10 16:29:02', '2015-08-27 12:21:27'),
	(1032, 62, 'Airon', 15.54, '00:09:19', '2015-08-10 16:29:02', '2015-08-27 12:21:27'),
	(1033, 62, 'Le Touquet', 2.26, '00:01:32', '2015-08-10 16:29:02', '2015-08-27 12:21:27'),
	(1034, 62, 'Camiers 2', 12.11, '00:07:17', '2015-08-10 16:29:02', '2015-08-27 12:25:10'),
	(1035, 62, 'La Calotterie 2', 12.68, '00:07:25', '2015-08-10 16:29:02', '2015-08-27 12:25:10'),
	(1036, 62, 'Airon 2', 15.54, '00:09:19', '2015-08-10 16:29:03', '2015-08-27 12:25:10'),
	(1037, 62, 'Le Touquet 2', 2.26, '00:01:32', '2015-08-10 16:29:03', '2015-08-27 12:25:10'),
	(1038, 62, 'Bourthes', 27.65, '00:16:23', '2015-08-10 16:29:03', '2015-08-27 12:21:27'),
	(1039, 62, 'Bourthes 2', 27.65, '00:16:23', '2015-08-10 16:29:03', '2015-08-27 12:25:11'),
	(1040, 62, 'Hucqueliers', 30.28, '00:19:02', '2015-08-10 16:29:03', '2015-08-27 12:21:27'),
	(1041, 62, 'Le Touquet 3', 2.26, '00:01:32', '2015-08-10 16:29:03', '2015-08-27 12:25:10'),
	(1042, 62, 'Hucqueliers 2', 30.28, '00:19:02', '2015-08-10 16:29:03', '2015-08-27 12:25:11'),
	(1043, 62, 'Bourthes 3', 27.65, '00:16:23', '2015-08-10 16:29:03', '2015-08-27 12:25:11'),
	(1044, 62, 'Hucqueliers 3', 30.28, '00:19:02', '2015-08-10 16:29:03', '2015-08-27 12:25:11'),
	(1047, 63, 'Stollberg', 4.72, '00:03:11', '2015-08-10 16:31:41', '2015-08-27 12:21:27'),
	(1048, 63, 'Grunhain', 14.25, '00:08:24', '2015-08-10 16:31:41', '2015-08-27 12:21:27'),
	(1049, 63, 'Gelenau', 7.17, '00:04:37', '2015-08-10 16:31:41', '2015-08-27 12:21:27'),
	(1050, 63, 'Mildenau', 7.82, '00:05:12', '2015-08-10 16:31:41', '2015-08-27 12:21:27'),
	(1051, 63, 'Grunhain 2', 14.25, '00:08:24', '2015-08-10 16:31:41', '2015-08-27 12:25:11'),
	(1052, 63, 'Gelenau 2', 7.17, '00:04:37', '2015-08-10 16:31:42', '2015-08-27 12:25:11'),
	(1053, 63, 'Mildenau 2', 7.82, '00:05:12', '2015-08-10 16:31:42', '2015-08-27 12:25:11'),
	(1054, 63, 'Gelenau 3', 7.17, '00:04:37', '2015-08-10 16:31:42', '2015-08-27 12:25:11'),
	(1055, 63, 'Jahnsdorf', 8.15, '00:05:09', '2015-08-10 16:31:42', '2015-08-27 12:21:27'),
	(1056, 63, 'Oberdorf', 11.50, '00:07:23', '2015-08-10 16:31:42', '2015-08-27 12:21:27'),
	(1057, 63, 'Jahnsdorf 2', 8.45, '00:04:48', '2015-08-10 16:31:42', '2015-08-27 12:25:11'),
	(1058, 63, 'Oberdorf 2', 11.68, '00:07:14', '2015-08-10 16:31:42', '2015-08-27 12:25:11'),
	(1059, 63, 'Jahnsdorf', 8.45, '00:04:48', '2015-08-10 16:31:42', '2015-08-27 12:21:27'),
	(1060, 63, 'Oberdorf', 11.68, '00:07:14', '2015-08-10 16:31:42', '2015-08-27 12:21:27'),
	(1064, 64, 'Lydford', 8.66, '00:04:57', '2015-08-10 16:38:22', '2015-08-27 12:21:27'),
	(1065, 64, 'Reynolds', 8.86, '00:05:53', '2015-08-10 16:38:22', '2015-08-27 12:21:27'),
	(1066, 64, 'Lydford 2', 8.66, '00:04:57', '2015-08-10 16:38:22', '2015-08-27 12:25:11'),
	(1067, 64, 'Reynolds 2', 8.86, '00:05:53', '2015-08-10 16:38:22', '2015-08-27 12:25:11'),
	(1068, 64, 'Lydford 3', 8.66, '00:04:57', '2015-08-10 16:38:22', '2015-08-27 12:25:11'),
	(1069, 64, 'Reynolds 3', 8.86, '00:05:53', '2015-08-10 16:38:22', '2015-08-27 12:25:11'),
	(1070, 64, 'Haddon Pen', 8.99, '00:05:24', '2015-08-10 16:38:22', '2015-08-27 12:21:27'),
	(1071, 64, 'Reynolds 4', 8.86, '00:05:53', '2015-08-10 16:38:22', '2015-08-27 12:25:11'),
	(1072, 64, 'Haddon Pen 2', 8.99, '00:05:24', '2015-08-10 16:38:22', '2015-08-27 12:25:11'),
	(1073, 64, 'Haddon Pen 3', 8.99, '00:05:24', '2015-08-10 16:38:22', '2015-08-27 12:25:11'),
	(1074, 64, 'New Works', 5.27, '00:03:16', '2015-08-10 16:38:22', '2015-08-27 12:21:27'),
	(1075, 64, 'Bybrook', 7.20, '00:04:50', '2015-08-10 16:38:23', '2015-08-27 12:21:27'),
	(1076, 64, 'New Works 2', 5.27, '00:03:16', '2015-08-10 16:38:23', '2015-08-27 12:25:11'),
	(1077, 64, 'Bybrook 2', 7.20, '00:04:50', '2015-08-10 16:38:23', '2015-08-27 12:25:11'),
	(1078, 64, 'New Works 3', 5.27, '00:03:16', '2015-08-10 16:38:23', '2015-08-27 12:25:11'),
	(1079, 64, 'Bybrook 3', 7.20, '00:04:50', '2015-08-10 16:38:23', '2015-08-27 12:25:11'),
	(1080, 64, 'Wakefield', 5.73, '00:03:14', '2015-08-10 16:38:23', '2015-08-27 12:21:27'),
	(1081, 65, 'Schutte Informatisering', 10.22, '00:05:45', '2015-08-10 16:41:16', '2015-08-27 12:21:27'),
	(1082, 65, 'Eurol Lubricants', 6.51, '00:03:54', '2015-08-10 16:41:16', '2015-08-27 12:21:27'),
	(1083, 65, 'Teunis Automotive', 6.12, '00:03:41', '2015-08-10 16:41:16', '2015-08-27 12:21:27'),
	(1084, 65, 'Schutte Informatisering 2', 10.22, '00:05:45', '2015-08-10 16:41:16', '2015-08-27 12:25:12'),
	(1085, 65, 'Eurol Lubricants 2', 6.51, '00:03:54', '2015-08-10 16:41:16', '2015-08-27 12:25:12'),
	(1086, 65, 'Teunis Automotive 2', 6.12, '00:03:41', '2015-08-10 16:41:17', '2015-08-27 12:25:12'),
	(1087, 65, 'Hegeman Bouw', 13.89, '00:09:00', '2015-08-10 16:41:17', '2015-08-27 12:21:27'),
	(1088, 65, 'Reggesign Reclame', 10.36, '00:06:45', '2015-08-10 16:41:17', '2015-08-27 12:21:27'),
	(1089, 65, 'Hegeman Bouw 2', 13.89, '00:09:00', '2015-08-10 16:41:17', '2015-08-27 12:25:12'),
	(1090, 65, 'Reggesign Reclame 2', 10.36, '00:06:45', '2015-08-10 16:41:17', '2015-08-27 12:25:12'),
	(1091, 65, 'Ten Brinke', 12.67, '00:08:09', '2015-08-10 16:41:17', '2015-08-27 12:21:27'),
	(1092, 65, 'Tijhof', 8.48, '00:05:32', '2015-08-10 16:41:17', '2015-08-27 12:21:27'),
	(1093, 65, 'Wolves Berging', 11.59, '00:07:51', '2015-08-10 16:41:17', '2015-08-27 12:21:27'),
	(1094, 65, 'Ten Brinke 2', 12.67, '00:08:09', '2015-08-10 16:41:17', '2015-08-27 12:25:12'),
	(1095, 65, 'Tijhof 2', 8.48, '00:05:32', '2015-08-10 16:41:17', '2015-08-27 12:25:12'),
	(1096, 65, 'Wolves Berging 2', 11.59, '00:07:51', '2015-08-10 16:41:17', '2015-08-27 12:25:12'),
	(1098, 66, 'Tenten - Huelmes', 12.56, '00:07:57', '2015-08-10 16:47:23', '2015-08-27 12:21:27'),
	(1099, 66, 'Petten - Rouscht', 5.25, '00:02:59', '2015-08-10 16:47:23', '2015-08-27 12:21:27'),
	(1100, 66, 'Platen - Horass', 6.74, '00:04:20', '2015-08-10 16:47:23', '2015-08-27 12:21:27'),
	(1101, 66, 'Tenten - Huelmes 2', 12.56, '00:07:57', '2015-08-10 16:47:23', '2015-08-27 12:25:12'),
	(1102, 66, 'Petten - Rouscht 2', 5.25, '00:02:59', '2015-08-10 16:47:23', '2015-08-27 12:25:12'),
	(1103, 66, 'Platen - Horass 2', 6.74, '00:04:20', '2015-08-10 16:47:23', '2015-08-27 12:25:12'),
	(1104, 66, 'Tenten - Huelmes 3', 12.56, '00:07:57', '2015-08-10 16:47:24', '2015-08-27 12:25:12'),
	(1105, 66, 'Petten - Rouscht 3', 5.25, '00:02:59', '2015-08-10 16:47:24', '2015-08-27 12:25:12'),
	(1106, 66, 'Platen - Horass 3', 6.74, '00:04:20', '2015-08-10 16:47:24', '2015-08-27 12:25:12'),
	(1107, 66, 'Reiden - Noojhem', 20.19, '00:13:24', '2015-08-10 16:47:24', '2015-08-27 12:21:27'),
	(1108, 66, 'Horass - Platen', 10.99, '00:07:12', '2015-08-10 16:47:24', '2015-08-27 12:21:27'),
	(1109, 66, 'Reiden - Noojhem 2', 20.19, '00:13:24', '2015-08-10 16:47:24', '2015-08-27 12:25:12'),
	(1110, 66, 'Horass - Platen 2', 10.99, '00:07:12', '2015-08-10 16:47:24', '2015-08-27 12:25:12'),
	(1111, 66, 'Reiden - Noojhem 3', 20.19, '00:13:24', '2015-08-10 16:47:24', '2015-08-27 12:25:12'),
	(1112, 66, 'Horass - Platen 3', 10.99, '00:07:12', '2015-08-10 16:47:24', '2015-08-27 12:25:12'),
	(1115, 67, 'Nabat Lusail', 19.33, '00:10:50', '2015-08-10 16:50:08', '2015-08-27 12:21:27'),
	(1116, 67, 'Umm Al Hal', 12.99, '00:08:11', '2015-08-10 16:50:08', '2015-08-27 12:21:27'),
	(1117, 67, 'Al Waker', 10.19, '00:06:53', '2015-08-10 16:50:08', '2015-08-27 12:21:27'),
	(1118, 67, 'QMMF', 28.31, '00:17:17', '2015-08-10 16:50:08', '2015-08-27 12:21:27'),
	(1119, 67, 'Nabat Lusail 2', 19.33, '00:10:50', '2015-08-10 16:50:08', '2015-08-27 12:25:12'),
	(1120, 67, 'Umm Al Hal 2', 12.99, '00:08:11', '2015-08-10 16:50:08', '2015-08-27 12:25:12'),
	(1121, 67, 'Al Waker 2', 10.19, '00:06:53', '2015-08-10 16:50:08', '2015-08-27 12:25:12'),
	(1122, 67, 'QMMF 2', 28.31, '00:17:17', '2015-08-10 16:50:08', '2015-08-27 12:25:12'),
	(1123, 67, 'Al Wakrah', 25.83, '00:17:05', '2015-08-10 16:50:08', '2015-08-27 12:21:27'),
	(1124, 67, 'QMMF 3', 28.31, '00:17:17', '2015-08-10 16:50:08', '2015-08-27 12:25:12'),
	(1125, 67, 'Al Negian', 7.90, '00:05:18', '2015-08-10 16:50:09', '2015-08-27 12:21:27'),
	(1126, 67, 'Al Wakrah 2', 25.83, '00:17:05', '2015-08-10 16:50:09', '2015-08-27 12:25:13'),
	(1127, 67, 'QMMF 4', 28.31, '00:17:17', '2015-08-10 16:50:09', '2015-08-27 12:25:12'),
	(1128, 67, 'Al Negian 2', 7.90, '00:05:18', '2015-08-10 16:50:09', '2015-08-27 12:25:13'),
	(1129, 67, 'Al Wakrah 3', 25.83, '00:17:05', '2015-08-10 16:50:09', '2015-08-27 12:25:13'),
	(1130, 67, 'Al Negian 3', 7.90, '00:05:18', '2015-08-10 16:50:09', '2015-08-27 12:25:13'),
	(1132, 68, 'Salgovik', 10.76, '00:07:01', '2015-08-10 16:52:25', '2015-08-27 12:21:27'),
	(1133, 68, 'Zlata Baoa 3', 24.32, '00:15:21', '2015-08-10 16:52:25', '2015-08-27 12:25:13'),
	(1134, 68, 'Lubotice', 6.32, '00:03:38', '2015-08-10 16:52:25', '2015-08-27 12:21:27'),
	(1135, 68, 'Salgovik 2', 10.16, '00:06:56', '2015-08-10 16:52:25', '2015-08-27 12:25:13'),
	(1136, 68, 'Zlata Baoa 2', 24.32, '00:15:21', '2015-08-10 16:52:25', '2015-08-27 12:25:13'),
	(1137, 68, 'Lubotice 2', 6.51, '00:04:25', '2015-08-10 16:52:25', '2015-08-27 12:25:13'),
	(1138, 68, 'Obisovce', 23.31, '00:14:27', '2015-08-10 16:52:26', '2015-08-27 12:21:27'),
	(1139, 68, 'Vitaz', 17.93, '00:11:24', '2015-08-10 16:52:26', '2015-08-27 12:21:27'),
	(1140, 68, 'Obisovce 2', 23.31, '00:14:27', '2015-08-10 16:52:26', '2015-08-27 12:25:13'),
	(1141, 68, 'Vitaz 2', 17.93, '00:11:24', '2015-08-10 16:52:26', '2015-08-27 12:25:13'),
	(1142, 68, 'Obisovce 3', 23.31, '00:14:27', '2015-08-10 16:52:26', '2015-08-27 12:25:13'),
	(1143, 68, 'Vitaz 3', 17.93, '00:11:24', '2015-08-10 16:52:26', '2015-08-27 12:25:13'),
	(1144, 68, 'Salgovik', 10.16, '00:06:56', '2015-08-10 16:52:26', '2015-08-27 12:21:27'),
	(1145, 68, 'Zlata Baoa', 24.32, '00:15:21', '2015-08-10 16:52:26', '2015-08-27 12:21:27'),
	(1146, 68, 'Lubotice', 6.51, '00:04:25', '2015-08-10 16:52:26', '2015-08-27 12:21:27'),
	(1149, 69, 'Carron Valley', 8.49, '00:05:03', '2015-08-10 16:54:39', '2015-08-27 12:21:27'),
	(1150, 69, 'Carron Valley 2', 8.49, '00:05:03', '2015-08-10 16:54:39', '2015-08-27 12:25:13'),
	(1151, 69, 'Craigvinean', 16.29, '00:09:52', '2015-08-10 16:54:39', '2015-08-27 12:21:27'),
	(1152, 69, 'Drummond Hill', 13.65, '00:08:07', '2015-08-10 16:54:39', '2015-08-27 12:21:27'),
	(1153, 69, 'Errochty', 17.85, '00:11:05', '2015-08-10 16:54:39', '2015-08-27 12:21:27'),
	(1154, 69, 'Craigvinean 2', 16.29, '00:09:52', '2015-08-10 16:54:39', '2015-08-27 12:25:13'),
	(1155, 69, 'Drummond Hill 2', 13.65, '00:08:07', '2015-08-10 16:54:39', '2015-08-27 12:25:13'),
	(1156, 69, 'Errochty 2', 17.85, '00:11:05', '2015-08-10 16:54:39', '2015-08-27 12:25:13'),
	(1157, 69, 'Carron Valley 3', 8.49, '00:05:03', '2015-08-10 16:54:39', '2015-08-27 12:25:13'),
	(1158, 69, 'Loch Chon', 9.29, '00:05:14', '2015-08-10 16:54:39', '2015-08-27 12:21:27'),
	(1159, 69, 'High Corrie', 25.62, '00:16:47', '2015-08-10 16:54:39', '2015-08-27 12:21:27'),
	(1160, 69, 'Loch Chon 2', 9.29, '00:05:14', '2015-08-10 16:54:39', '2015-08-27 12:25:13'),
	(1161, 69, 'High Corrie 2', 25.62, '00:16:47', '2015-08-10 16:54:39', '2015-08-27 12:25:13'),
	(1162, 69, 'Scone Palace', 2.60, '00:01:38', '2015-08-10 16:54:39', '2015-08-27 12:21:27'),
	(1163, 69, 'Scone Palace 2', 2.60, '00:01:38', '2015-08-10 16:54:40', '2015-08-27 12:25:14'),
	(1166, 70, 'Palix', 9.48, '00:05:36', '2015-08-10 17:20:46', '2015-08-27 12:21:27'),
	(1167, 70, 'Palix 2', 9.48, '00:05:36', '2015-08-10 17:20:46', '2015-08-27 12:25:14'),
	(1168, 70, 'Smith Creek', 10.19, '00:06:01', '2015-08-10 17:20:46', '2015-08-27 12:21:27'),
	(1169, 70, 'Brooklyn', 11.97, '00:08:10', '2015-08-10 17:20:46', '2015-08-27 12:21:27'),
	(1170, 70, 'Brooklyn 2', 11.97, '00:08:10', '2015-08-10 17:20:46', '2015-08-27 12:25:14'),
	(1171, 70, 'Smith Creek 2', 10.19, '00:06:01', '2015-08-10 17:20:46', '2015-08-27 12:25:14'),
	(1172, 70, 'Pico', 15.36, '00:08:53', '2015-08-10 17:20:46', '2015-08-27 12:21:27'),
	(1173, 70, 'Pico 2', 15.36, '00:08:53', '2015-08-10 17:20:46', '2015-08-27 12:25:14'),
	(1174, 70, 'Wreck Creek', 6.71, '00:03:57', '2015-08-10 17:20:46', '2015-08-27 12:21:27'),
	(1175, 70, 'Wreck Creek 2', 6.71, '00:03:57', '2015-08-10 17:20:46', '2015-08-27 12:25:14'),
	(1176, 70, 'Taholah', 18.20, '00:11:46', '2015-08-10 17:20:47', '2015-08-27 12:21:27'),
	(1177, 70, 'Black Bear Highway', 7.22, '00:04:26', '2015-08-10 17:20:47', '2015-08-27 12:21:27'),
	(1178, 70, 'Taholah 2', 18.20, '00:11:46', '2015-08-10 17:20:47', '2015-08-27 12:25:14'),
	(1179, 70, 'Black Bear Highway 2', 7.22, '00:04:26', '2015-08-10 17:20:47', '2015-08-27 12:21:27'),
	(1183, 71, 'Guide Valley', 4.11, '00:02:43', '2015-08-10 17:24:19', '2015-08-27 12:21:27'),
	(1184, 71, 'Tewkesbury', 4.71, '00:02:48', '2015-08-10 17:24:19', '2015-08-27 12:21:27'),
	(1185, 71, 'Hellyer Leslie', 19.20, '00:11:15', '2015-08-10 17:24:19', '2015-08-27 12:21:27'),
	(1186, 71, 'Hellyer Leslie 2', 19.20, '00:11:15', '2015-08-10 17:24:19', '2015-08-27 12:25:14'),
	(1187, 71, 'Savage River', 24.99, '00:16:33', '2015-08-10 17:24:19', '2015-08-27 12:21:27'),
	(1188, 71, 'Savage River 2', 24.99, '00:16:33', '2015-08-10 17:24:19', '2015-08-27 12:25:14'),
	(1189, 71, 'Hellyer Leslie 3', 19.20, '00:11:15', '2015-08-10 17:24:19', '2015-08-27 12:25:14'),
	(1190, 71, 'Yolla North', 5.83, '00:03:31', '2015-08-10 17:24:19', '2015-08-27 12:21:27'),
	(1191, 71, 'Oldina North', 7.53, '00:04:22', '2015-08-10 17:24:19', '2015-08-27 12:21:27'),
	(1192, 71, 'Yolla North 2', 5.83, '00:03:31', '2015-08-10 17:24:19', '2015-08-27 12:25:14'),
	(1193, 71, 'Oldina North 2', 7.53, '00:04:22', '2015-08-10 17:24:19', '2015-08-27 12:25:14'),
	(1194, 71, 'Paloona Dam', 5.15, '00:03:07', '2015-08-10 17:24:19', '2015-08-27 12:21:27'),
	(1195, 71, 'Mt. Roland', 7.53, '00:04:38', '2015-08-10 17:24:19', '2015-08-27 12:21:27'),
	(1196, 71, 'King Solomon', 15.80, '00:09:39', '2015-08-10 17:24:19', '2015-08-27 12:21:27'),
	(1197, 71, 'Gog Range', 7.31, '00:04:34', '2015-08-10 17:24:20', '2015-08-27 12:21:27'),
	(1198, 71, 'Mt. Roland 2', 7.53, '00:04:38', '2015-08-10 17:24:20', '2015-08-27 12:25:14'),
	(1199, 71, 'King Solomon 2', 15.80, '00:09:39', '2015-08-10 17:24:20', '2015-08-27 12:25:14'),
	(1200, 72, 'Lysgard', 14.36, '00:09:27', '2015-08-10 17:28:35', '2015-08-27 12:21:27'),
	(1201, 72, 'Kjellerup', 2.56, '00:01:28', '2015-08-10 17:28:36', '2015-08-27 12:21:27'),
	(1202, 72, 'Sjorslev', 20.85, '00:11:52', '2015-08-10 17:28:36', '2015-08-27 12:21:27'),
	(1203, 72, 'Demstrup', 6.41, '00:03:43', '2015-08-10 17:28:36', '2015-08-27 12:21:27'),
	(1204, 72, 'Lysgard 2', 14.36, '00:09:27', '2015-08-10 17:28:37', '2015-08-27 12:25:14'),
	(1205, 72, 'Kjellerup 2', 2.56, '00:01:28', '2015-08-10 17:28:37', '2015-08-27 12:25:14'),
	(1206, 72, 'Sjorslev 2', 20.85, '00:11:52', '2015-08-10 17:28:37', '2015-08-27 12:25:15'),
	(1207, 72, 'Demstrup 2', 6.41, '00:03:43', '2015-08-10 17:28:38', '2015-08-27 12:25:15'),
	(1208, 72, 'Hindberg', 7.38, '00:04:19', '2015-08-10 17:28:38', '2015-08-27 12:21:27'),
	(1209, 72, 'Frederiksdal', 8.99, '00:05:39', '2015-08-10 17:28:39', '2015-08-27 12:21:27'),
	(1210, 72, 'Hinge', 6.51, '00:03:44', '2015-08-10 17:28:39', '2015-08-27 12:21:27'),
	(1211, 72, 'Hindberg 2', 7.38, '00:04:19', '2015-08-10 17:28:39', '2015-08-27 12:25:15'),
	(1212, 72, 'Frederiksdal 2', 8.99, '00:05:39', '2015-08-10 17:28:39', '2015-08-27 12:25:15'),
	(1213, 72, 'Hinge 2', 6.51, '00:03:44', '2015-08-10 17:28:39', '2015-08-27 12:25:15'),
	(1214, 72, 'Kjellerup 3', 2.56, '00:01:28', '2015-08-10 17:28:39', '2015-08-27 12:25:14'),
	(1217, 73, 'Saporro', 1.85, '00:01:06', '2015-08-10 17:30:34', '2015-08-27 12:21:27'),
	(1218, 73, 'Saporro 2', 1.85, '00:01:06', '2015-08-10 17:30:34', '2015-08-27 12:21:27'),
	(1219, 73, 'Iwanke', 26.67, '00:16:48', '2015-08-10 17:30:34', '2015-08-27 12:21:27'),
	(1220, 73, 'Kamauycep', 33.69, '00:22:37', '2015-08-10 17:30:34', '2015-08-27 12:21:27'),
	(1221, 73, 'Kina', 9.25, '00:06:08', '2015-08-10 17:30:34', '2015-08-27 12:21:27'),
	(1222, 73, 'Iwanke 2', 26.67, '00:16:48', '2015-08-10 17:30:34', '2015-08-27 12:25:15'),
	(1223, 73, 'Kamuycep 2', 33.34, '00:20:41', '2015-08-10 17:30:35', '2015-08-27 12:21:27'),
	(1224, 73, 'Kina 2', 9.25, '00:06:08', '2015-08-10 17:30:35', '2015-08-27 12:25:15'),
	(1225, 73, 'Saporro 3', 1.85, '00:01:06', '2015-08-10 17:30:35', '2015-08-27 12:25:15'),
	(1226, 73, 'Saporro 4', 1.85, '00:01:06', '2015-08-10 17:30:35', '2015-08-27 12:25:15'),
	(1227, 73, 'Nikara', 17.30, '00:09:52', '2015-08-10 17:30:35', '2015-08-27 12:21:27'),
	(1228, 73, 'Sikot', 27.28, '00:16:48', '2015-08-10 17:30:35', '2015-08-27 12:21:27'),
	(1229, 73, 'Koyka', 3.66, '00:02:04', '2015-08-10 17:30:35', '2015-08-27 12:21:27'),
	(1230, 73, 'Nikara 2', 17.30, '00:09:52', '2015-08-10 17:30:35', '2015-08-27 12:25:15'),
	(1231, 73, 'Sikot 2', 27.28, '00:16:48', '2015-08-10 17:30:35', '2015-08-27 12:25:15'),
	(1232, 73, 'Koyka 2', 3.66, '00:02:04', '2015-08-10 17:30:35', '2015-08-27 12:25:15'),
	(1233, 73, 'Saporro 5', 1.85, '00:01:06', '2015-08-10 17:30:35', '2015-08-27 12:25:15'),
	(1234, 74, 'Krzeszowice Rynek', 1.35, '00:00:49', '2015-08-10 17:47:58', '2015-08-27 12:21:27'),
	(1235, 74, 'Krzeszowice - Zalas', 7.53, '00:04:41', '2015-08-10 17:47:58', '2015-08-27 12:21:27'),
	(1236, 74, 'Sanka - Tenczynek', 6.84, '00:04:22', '2015-08-10 17:47:58', '2015-08-27 12:21:27'),
	(1237, 74, 'Tenczynek - Paczoltowice Golf', 10.51, '00:06:43', '2015-08-10 17:47:58', '2015-08-27 12:21:27'),
	(1238, 74, 'Paczoltowice Golf - Nowa Gora', 11.94, '00:08:02', '2015-08-10 17:47:58', '2015-08-27 12:21:27'),
	(1239, 74, 'Nowa Gora - Trzebinia Chechlo', 15.75, '00:09:35', '2015-08-10 17:47:58', '2015-08-27 12:21:27'),
	(1240, 74, 'Trzebinia Chechlo - Rudno', 17.63, '00:11:35', '2015-08-10 17:47:58', '2015-08-27 12:21:27'),
	(1241, 74, 'Rudno Zamek', 1.88, '00:01:06', '2015-08-10 17:47:58', '2015-08-27 12:21:27'),
	(1242, 74, 'Rudno - Krzeszowice', 9.46, '00:06:09', '2015-08-10 17:47:58', '2015-08-27 12:21:27'),
	(1243, 74, 'Krzeszowice - Rudawa', 8.26, '00:04:53', '2015-08-10 17:47:58', '2015-08-27 12:21:27'),
	(1244, 74, 'Rudawa - Siedlec', 4.36, '00:02:57', '2015-08-10 17:47:58', '2015-08-27 12:21:27'),
	(1245, 74, 'Siedlec - Krzeszowice', 4.46, '00:02:35', '2015-08-10 17:47:58', '2015-08-27 12:21:27'),
	(1246, 74, 'Krzeszowice Rynek 2', 1.35, '00:00:49', '2015-08-10 17:47:59', '2015-08-27 12:25:15'),
	(1247, 74, 'Krzeszowice - Czerna', 3.59, '00:02:21', '2015-08-10 17:47:59', '2015-08-27 12:21:27'),
	(1248, 74, 'Czerna - Filipowice', 7.33, '00:04:49', '2015-08-10 17:47:59', '2015-08-27 12:21:27'),
	(1249, 74, 'Krzeszowice Rynek 3', 1.35, '00:00:49', '2015-08-10 17:47:59', '2015-08-27 12:25:15'),
	(1251, 75, 'Bochnia Rynek', 1.70, '00:01:02', '2015-08-11 11:03:43', '2015-08-27 12:21:27'),
	(1252, 75, 'Bo-Glass', 5.14, '00:03:16', '2015-08-11 11:03:43', '2015-08-27 12:21:27'),
	(1253, 75, 'Lapanow', 8.40, '00:05:21', '2015-08-11 11:03:43', '2015-08-27 12:21:27'),
	(1254, 75, 'Lapanow - Laskowa', 23.30, '00:15:18', '2015-08-11 11:03:44', '2015-08-27 12:21:27'),
	(1255, 75, 'Laskowa - Krosna', 7.24, '00:04:26', '2015-08-11 11:03:44', '2015-08-27 12:21:27'),
	(1256, 75, 'Krosna - Bilsko', 11.47, '00:06:29', '2015-08-11 11:03:44', '2015-08-27 12:21:27'),
	(1257, 75, 'Bilsko - Iwkowa', 11.89, '00:07:16', '2015-08-11 11:03:44', '2015-08-27 12:21:27'),
	(1258, 75, 'Iwkowa - Lipnica Murowana', 13.94, '00:09:02', '2015-08-11 11:03:44', '2015-08-27 12:21:27'),
	(1259, 75, 'Lipnica Murowana - Nowy Wisnicz', 8.85, '00:05:46', '2015-08-11 11:03:44', '2015-08-27 12:21:27'),
	(1260, 75, 'Nowy Wisnicz - Bochnia', 7.86, '00:04:47', '2015-08-11 11:03:44', '2015-08-27 12:21:27'),
	(1261, 75, 'Bochnia Rynek 2', 1.70, '00:01:02', '2015-08-11 11:03:44', '2015-08-27 12:25:16'),
	(1262, 75, 'Rzezawa - Nowe Brzesko', 25.68, '00:14:49', '2015-08-11 11:03:44', '2015-08-27 12:21:27'),
	(1263, 75, 'Nowe Brzesko - Niepolomice', 20.37, '00:14:00', '2015-08-11 11:03:44', '2015-08-27 12:21:27'),
	(1264, 75, 'Niepolomice - Bochnia', 20.17, '00:12:33', '2015-08-11 11:03:44', '2015-08-27 12:21:27'),
	(1265, 75, 'Bochnia Rynek 3', 1.70, '00:01:02', '2015-08-11 11:03:44', '2015-08-27 12:25:16'),
	(1268, 76, 'Krakow Rynek', 2.85, '00:01:53', '2015-08-11 11:13:27', '2015-08-27 12:21:27'),
	(1269, 76, 'Kazimierz - Ruczaj', 5.69, '00:03:11', '2015-08-11 11:13:27', '2015-08-27 12:21:27'),
	(1270, 76, 'Ruczaj - Skawina', 9.39, '00:06:28', '2015-08-11 11:13:27', '2015-08-27 12:21:27'),
	(1271, 76, 'Skawina - Liszki', 14.27, '00:09:40', '2015-08-11 11:13:28', '2015-08-27 12:21:27'),
	(1272, 76, 'Liszki - Brzoskwinia', 10.50, '00:05:59', '2015-08-11 11:13:28', '2015-08-27 12:21:27'),
	(1273, 76, 'Brzoskwinia - Zabierzow', 10.53, '00:07:03', '2015-08-11 11:13:28', '2015-08-27 12:21:27'),
	(1274, 76, 'Zabierzow - Skala', 21.37, '00:12:11', '2015-08-11 11:13:28', '2015-08-27 12:21:27'),
	(1275, 76, 'Skala - Miechow', 28.10, '00:19:00', '2015-08-11 11:13:28', '2015-08-27 12:21:27'),
	(1276, 76, 'Miechow - Slomniki', 15.97, '00:09:40', '2015-08-11 11:13:28', '2015-08-27 12:21:27'),
	(1277, 76, 'Slomniki - Proszowice', 17.88, '00:11:34', '2015-08-11 11:13:28', '2015-08-27 12:21:27'),
	(1278, 76, 'Proszowice - Nowa Huta', 24.31, '00:15:18', '2015-08-11 11:13:28', '2015-08-27 12:21:27'),
	(1279, 76, 'Nowa Huta - Plaszow', 17.54, '00:11:49', '2015-08-11 11:13:28', '2015-08-27 12:21:27'),
	(1280, 76, 'Plaszow - Wieliczka', 10.43, '00:06:45', '2015-08-11 11:13:28', '2015-08-27 12:21:27'),
	(1281, 76, 'Wieliczka - Rybitwy', 10.48, '00:06:14', '2015-08-11 11:13:28', '2015-08-27 12:21:27'),
	(1282, 76, 'Rybitwy - Wawel', 7.85, '00:05:14', '2015-08-11 11:13:28', '2015-08-27 12:21:27'),
	(1283, 76, 'Krakow Rynek 2', 2.85, '00:01:53', '2015-08-11 11:13:28', '2015-08-27 12:25:16'),
	(1285, 77, 'Gdansk - Gdynia', 34.19, '00:20:35', '2015-08-11 11:24:14', '2015-08-27 12:21:27'),
	(1286, 77, 'Gdynia - Puck', 32.30, '00:19:19', '2015-08-11 11:24:14', '2015-08-27 12:21:27'),
	(1287, 77, 'Gdynia - Wladyslawowo', 14.39, '00:08:25', '2015-08-11 11:24:14', '2015-08-27 12:21:27'),
	(1288, 77, 'Wladyslawowo - Hel', 34.45, '00:22:20', '2015-08-11 11:24:14', '2015-08-27 12:21:27'),
	(1289, 77, 'Debki - Leba', 40.23, '00:27:03', '2015-08-11 11:24:14', '2015-08-27 12:21:27'),
	(1290, 77, 'Leba - Lebork', 29.90, '00:18:13', '2015-08-11 11:24:14', '2015-08-27 12:21:27'),
	(1291, 77, 'Lebork - Damno', 32.48, '00:18:19', '2015-08-11 11:24:14', '2015-08-27 12:21:27'),
	(1292, 77, 'Damno - Slupsk', 22.97, '00:14:50', '2015-08-11 11:24:14', '2015-08-27 12:21:27'),
	(1293, 77, 'Slupsk - Ustka', 18.97, '00:12:45', '2015-08-11 11:24:14', '2015-08-27 12:21:27'),
	(1294, 77, 'Ustka - Jaroslawiec', 28.54, '00:16:40', '2015-08-11 11:24:14', '2015-08-27 12:21:27'),
	(1295, 77, 'Jaroslawiec - Darlowo', 17.41, '00:11:36', '2015-08-11 11:24:14', '2015-08-27 12:21:27'),
	(1296, 77, 'Darlowo - Lazy', 27.65, '00:16:06', '2015-08-11 11:24:14', '2015-08-27 12:21:27'),
	(1297, 77, 'Lazy - Mielno', 9.59, '00:06:14', '2015-08-11 11:24:14', '2015-08-27 12:21:27'),
	(1298, 77, 'Mielno - Gaski', 10.66, '00:06:27', '2015-08-11 11:24:14', '2015-08-27 12:21:27'),
	(1299, 77, 'Gaski - Ustronie', 12.83, '00:07:12', '2015-08-11 11:24:15', '2015-08-27 12:21:27'),
	(1300, 77, 'Ustronie - Kolobrzeg', 13.68, '00:08:52', '2015-08-11 11:24:15', '2015-08-27 12:21:27'),
	(1301, 77, 'Kolobrzeg Rynek 1', 1.40, '00:00:47', '2015-08-11 11:24:15', '2015-08-27 12:21:27'),
	(1302, 78, 'Upper Old Hastings', 11.46, '00:07:06', '2015-08-11 11:38:06', '2015-08-27 12:21:27'),
	(1303, 78, 'Peanut 101', 15.14, '00:08:58', '2015-08-11 11:38:07', '2015-08-27 12:21:27'),
	(1304, 78, 'Upper Old Hastings 2', 11.46, '00:07:06', '2015-08-11 11:38:07', '2015-08-27 12:25:17'),
	(1305, 78, 'Old Detlor', 12.38, '00:07:56', '2015-08-11 11:38:07', '2015-08-27 12:21:27'),
	(1306, 78, 'Iron Bridge', 7.45, '00:04:21', '2015-08-11 11:38:07', '2015-08-27 12:21:27'),
	(1307, 78, 'Mayo Lake 101', 30.78, '00:20:55', '2015-08-11 11:38:07', '2015-08-27 12:21:27'),
	(1308, 78, 'Iron Bridge 2', 7.45, '00:04:21', '2015-08-11 11:38:07', '2015-08-27 12:25:17'),
	(1309, 78, 'Egan Creek', 27.95, '00:16:05', '2015-08-11 11:38:07', '2015-08-27 12:21:27'),
	(1310, 78, 'Lower Old Hastings', 14.73, '00:10:09', '2015-08-11 11:38:07', '2015-08-27 12:21:27'),
	(1311, 78, 'Middle Old Hastings', 7.25, '00:04:37', '2015-08-11 11:38:07', '2015-08-27 12:21:27'),
	(1312, 78, 'Golton', 2.17, '00:01:20', '2015-08-11 11:38:07', '2015-08-27 12:21:27'),
	(1313, 78, 'Golton 2', 2.17, '00:01:20', '2015-08-11 11:38:07', '2015-08-27 12:25:17'),
	(1314, 78, 'Egan 101', 31.93, '00:20:02', '2015-08-11 11:38:07', '2015-08-27 12:21:27'),
	(1315, 78, 'Lower Old Hastings 2', 14.73, '00:10:09', '2015-08-11 11:38:07', '2015-08-27 12:25:17'),
	(1316, 78, 'Middle Old Hastings', 7.22, '00:04:44', '2015-08-11 11:38:08', '2015-08-27 12:21:27'),
	(1319, 79, 'Transfagarasan Cascada', 9.59, '00:06:32', '2015-08-11 11:57:54', '2015-08-27 12:21:27'),
	(1320, 79, 'Transfagarasan Lac', 6.24, '00:04:01', '2015-08-11 11:57:54', '2015-08-27 12:21:27'),
	(1321, 79, 'Transfagarasan Lac 2', 6.24, '00:04:01', '2015-08-11 11:57:54', '2015-08-27 12:21:27'),
	(1322, 79, 'Transfagarasan Cascada 2', 9.59, '00:06:32', '2015-08-11 11:57:54', '2015-08-27 12:25:18'),
	(1323, 79, 'Baraj', 17.95, '00:11:02', '2015-08-11 11:57:55', '2015-08-27 12:21:27'),
	(1324, 79, 'Ilielaita', 9.99, '00:06:26', '2015-08-11 11:57:55', '2015-08-27 12:21:27'),
	(1325, 79, 'Fata Padurii', 14.38, '00:08:33', '2015-08-11 11:57:55', '2015-08-27 12:21:27'),
	(1326, 79, 'Baraj 2', 17.95, '00:11:02', '2015-08-11 11:57:55', '2015-08-27 12:25:18'),
	(1327, 79, 'Ilielaita 2', 9.99, '00:06:26', '2015-08-11 11:57:55', '2015-08-27 12:25:18'),
	(1328, 79, 'Fata Padurii 2', 14.38, '00:08:33', '2015-08-11 11:57:55', '2015-08-27 12:25:18'),
	(1329, 79, 'Paltinis', 9.75, '00:06:07', '2015-08-11 11:57:55', '2015-08-27 12:21:27'),
	(1330, 79, 'Paltinis Ski Resort', 15.89, '00:10:51', '2015-08-11 11:57:55', '2015-08-27 12:21:27'),
	(1331, 79, 'Sadu', 8.39, '00:05:10', '2015-08-11 11:57:55', '2015-08-27 12:21:27'),
	(1332, 79, 'Muncel', 29.39, '00:17:29', '2015-08-11 11:57:55', '2015-08-27 12:21:27'),
	(1333, 79, 'Paltinis Ski Resort 2', 15.89, '00:10:51', '2015-08-11 11:57:55', '2015-08-27 12:25:18'),
	(1334, 79, 'Muzeu', 3.52, '00:02:11', '2015-08-11 11:57:55', '2015-08-27 12:21:27'),
	(1335, 79, 'Sadu 2', 8.39, '00:05:10', '2015-08-11 11:57:55', '2015-08-27 12:25:18');
/*!40000 ALTER TABLE `rally_data_stage` ENABLE KEYS */;


-- Dumping structure for table switkrze_rally.rally_data_surface
DROP TABLE IF EXISTS `rally_data_surface`;
CREATE TABLE IF NOT EXISTS `rally_data_surface` (
  `id` int(11) NOT NULL AUTO_INCREMENT,
  `rally_id` int(11) DEFAULT NULL,
  `surface` varchar(255) DEFAULT NULL,
  `percentage` float(8,2) DEFAULT NULL,
  `created_at` datetime NOT NULL,
  `updated_at` datetime NOT NULL,
  PRIMARY KEY (`id`),
  KEY `rally_id_idx` (`rally_id`)
) ENGINE=MyISAM AUTO_INCREMENT=158 DEFAULT CHARSET=utf8;

-- Dumping data for table switkrze_rally.rally_data_surface: 143 rows
DELETE FROM `rally_data_surface`;
/*!40000 ALTER TABLE `rally_data_surface` DISABLE KEYS */;
INSERT INTO `rally_data_surface` (`id`, `rally_id`, `surface`, `percentage`, `created_at`, `updated_at`) VALUES
	(1, 1, 'tarmac', 95.00, '2015-08-08 12:50:19', '2015-08-08 12:50:19'),
	(2, 1, 'gravel', 5.00, '2015-08-08 12:50:19', '2015-08-08 12:50:19'),
	(3, 2, 'snow', 100.00, '2015-08-08 12:56:21', '2015-08-08 12:56:21'),
	(4, 3, 'gravel', 100.00, '2015-08-08 13:01:41', '2015-08-08 13:01:41'),
	(5, 4, 'gravel', 100.00, '2015-08-08 13:05:32', '2015-08-08 13:05:32'),
	(6, 4, 'rain', 20.00, '2015-08-08 13:05:32', '2015-08-08 13:05:32'),
	(7, 5, 'gravel', 95.00, '2015-08-08 13:09:53', '2015-08-08 13:09:53'),
	(8, 5, 'tarmac', 5.00, '2015-08-08 13:09:53', '2015-08-08 13:09:53'),
	(9, 5, 'rain', 15.00, '2015-08-08 13:09:53', '2015-08-08 13:09:53'),
	(10, 6, 'gravel', 93.00, '2015-08-08 14:53:32', '2015-08-08 14:53:32'),
	(11, 6, 'tarmac', 7.00, '2015-08-08 14:53:32', '2015-08-08 14:53:32'),
	(12, 6, 'rain', 20.00, '2015-08-08 14:53:32', '2015-08-08 14:53:32'),
	(13, 7, 'gravel', 63.00, '2015-08-08 14:58:53', '2015-08-08 14:58:53'),
	(14, 7, 'tarmac', 37.00, '2015-08-08 14:58:53', '2015-08-08 14:58:53'),
	(15, 7, 'rain', 31.00, '2015-08-08 14:58:53', '2015-08-08 14:58:53'),
	(16, 8, 'gravel', 79.00, '2015-08-08 17:48:37', '2015-08-08 17:48:37'),
	(17, 8, 'tarmac', 21.00, '2015-08-08 17:48:37', '2015-08-08 17:48:37'),
	(18, 8, 'rain', 7.00, '2015-08-08 17:48:37', '2015-08-08 17:48:37'),
	(19, 9, 'tarmac', 93.00, '2015-08-08 18:06:00', '2015-08-08 18:06:00'),
	(20, 9, 'gravel', 7.00, '2015-08-08 18:06:00', '2015-08-08 18:06:00'),
	(21, 9, 'rain', 5.00, '2015-08-08 18:06:00', '2015-08-08 18:06:00'),
	(22, 10, 'gravel', 100.00, '2015-08-08 18:15:39', '2015-08-08 18:15:39'),
	(23, 11, 'tarmac', 100.00, '2015-08-09 09:08:16', '2015-08-09 09:08:16'),
	(24, 11, 'rain', 5.00, '2015-08-09 09:08:16', '2015-08-09 09:08:16'),
	(25, 12, 'tarmac', 61.00, '2015-08-09 09:29:16', '2015-08-09 09:29:16'),
	(26, 12, 'gravel', 39.00, '2015-08-09 09:29:16', '2015-08-09 09:29:16'),
	(27, 12, 'rain', 11.00, '2015-08-09 09:29:16', '2015-08-09 09:29:16'),
	(28, 13, 'gravel', 93.00, '2015-08-09 09:33:26', '2015-08-09 09:33:26'),
	(29, 13, 'tarmac', 7.00, '2015-08-09 09:33:26', '2015-08-09 09:33:26'),
	(30, 13, 'rain', 56.00, '2015-08-09 09:33:26', '2015-08-09 09:33:26'),
	(31, 14, 'tarmac', 58.00, '2015-08-09 14:43:28', '2015-08-09 14:43:28'),
	(32, 14, 'snow', 42.00, '2015-08-09 14:43:28', '2015-08-09 14:43:28'),
	(33, 14, 'rain', 5.00, '2015-08-09 14:43:28', '2015-08-09 14:43:28'),
	(34, 15, 'gravel', 63.00, '2015-08-09 14:47:06', '2015-08-09 14:47:06'),
	(35, 15, 'snow', 37.00, '2015-08-09 14:47:06', '2015-08-09 14:47:06'),
	(36, 15, 'rain', 11.00, '2015-08-09 14:47:06', '2015-08-09 14:47:06'),
	(37, 16, 'tarmac', 100.00, '2015-08-09 18:29:55', '2015-08-09 18:29:55'),
	(38, 16, 'rain', 35.00, '2015-08-09 18:29:55', '2015-08-09 18:29:55'),
	(39, 17, 'gravel', 88.00, '2015-08-09 18:37:22', '2015-08-09 18:37:22'),
	(40, 17, 'tarmac', 12.00, '2015-08-09 18:37:22', '2015-08-09 18:37:22'),
	(41, 17, 'rain', 3.00, '2015-08-09 18:37:22', '2015-08-09 18:37:22'),
	(42, 18, 'tarmac', 100.00, '2015-08-10 10:35:26', '2015-08-10 10:35:26'),
	(43, 18, 'rain', 15.00, '2015-08-10 10:35:26', '2015-08-10 10:35:26'),
	(58, 26, 'gravel', 100.00, '2015-08-10 10:51:22', '2015-08-10 10:51:22'),
	(59, 26, 'rain', 15.00, '2015-08-10 10:51:22', '2015-08-10 10:51:22'),
	(60, 27, 'tarmac', 100.00, '2015-08-10 10:54:48', '2015-08-10 10:54:48'),
	(61, 27, 'rain', 11.00, '2015-08-10 10:54:48', '2015-08-10 10:54:48'),
	(62, 28, 'gravel', 100.00, '2015-08-10 10:57:37', '2015-08-10 10:57:37'),
	(63, 29, 'gravel', 100.00, '2015-08-10 11:00:38', '2015-08-10 11:00:38'),
	(64, 30, 'tarmac', 100.00, '2015-08-10 11:04:16', '2015-08-10 11:04:16'),
	(65, 30, 'rain', 15.00, '2015-08-10 11:04:16', '2015-08-10 11:04:16'),
	(66, 31, 'snow', 100.00, '2015-08-10 11:11:05', '2015-08-10 11:11:05'),
	(67, 31, 'rain', 5.00, '2015-08-10 11:11:05', '2015-08-10 11:11:05'),
	(68, 32, 'tarmac', 100.00, '2015-08-10 11:14:37', '2015-08-10 11:14:37'),
	(69, 33, 'tarmac', 100.00, '2015-08-10 11:21:17', '2015-08-10 11:21:17'),
	(70, 33, 'rain', 15.00, '2015-08-10 11:21:17', '2015-08-10 11:21:17'),
	(71, 34, 'gravel', 85.00, '2015-08-10 11:25:24', '2015-08-10 11:25:24'),
	(72, 34, 'tarmac', 15.00, '2015-08-10 11:25:24', '2015-08-10 11:25:24'),
	(73, 34, 'rain', 15.00, '2015-08-10 11:25:24', '2015-08-10 11:25:24'),
	(74, 35, 'tarmac', 100.00, '2015-08-10 11:27:51', '2015-08-10 11:27:51'),
	(75, 36, 'tarmac', 100.00, '2015-08-10 11:35:54', '2015-08-10 11:35:54'),
	(76, 36, 'rain', 11.00, '2015-08-10 11:35:54', '2015-08-10 11:35:54'),
	(77, 37, 'snow', 100.00, '2015-08-10 11:58:58', '2015-08-10 11:58:58'),
	(78, 38, 'snow', 85.00, '2015-08-10 12:01:22', '2015-08-10 12:01:22'),
	(79, 38, 'gravel', 15.00, '2015-08-10 12:01:23', '2015-08-10 12:01:23'),
	(80, 38, 'rain', 10.00, '2015-08-10 12:01:23', '2015-08-10 12:01:23'),
	(81, 39, 'snow', 100.00, '2015-08-10 12:04:32', '2015-08-10 12:04:32'),
	(82, 39, 'rain', 11.00, '2015-08-10 12:04:32', '2015-08-10 12:04:32'),
	(83, 40, 'snow', 100.00, '2015-08-10 12:14:12', '2015-08-10 12:14:12'),
	(84, 41, 'snow', 69.00, '2015-08-10 12:16:39', '2015-08-10 12:16:39'),
	(85, 41, 'gravel', 31.00, '2015-08-10 12:16:39', '2015-08-10 12:16:39'),
	(86, 41, 'rain', 5.00, '2015-08-10 12:16:40', '2015-08-10 12:16:40'),
	(87, 42, 'gravel', 61.00, '2015-08-10 12:19:14', '2015-08-10 12:19:14'),
	(88, 42, 'snow', 39.00, '2015-08-10 12:19:14', '2015-08-10 12:19:14'),
	(89, 43, 'snow', 89.00, '2015-08-10 12:45:01', '2015-08-10 12:45:01'),
	(90, 43, 'gravel', 11.00, '2015-08-10 12:45:01', '2015-08-10 12:45:01'),
	(91, 43, 'rain', 15.00, '2015-08-10 12:45:01', '2015-08-10 12:45:01'),
	(92, 44, 'snow', 78.00, '2015-08-10 12:56:06', '2015-08-10 12:56:06'),
	(93, 44, 'gravel', 22.00, '2015-08-10 12:56:06', '2015-08-10 12:56:06'),
	(94, 44, 'rain', 11.00, '2015-08-10 12:56:06', '2015-08-10 12:56:06'),
	(95, 45, 'snow', 100.00, '2015-08-10 13:00:49', '2015-08-10 13:00:49'),
	(96, 46, 'snow', 89.00, '2015-08-10 13:05:04', '2015-08-10 13:05:04'),
	(97, 46, 'gravel', 11.00, '2015-08-10 13:05:04', '2015-08-10 13:05:04'),
	(98, 47, 'snow', 100.00, '2015-08-10 13:16:42', '2015-08-10 13:16:42'),
	(99, 47, 'rain', 33.00, '2015-08-10 13:16:42', '2015-08-10 13:16:42'),
	(100, 48, 'snow', 91.00, '2015-08-10 13:18:36', '2015-08-10 13:18:36'),
	(101, 48, 'gravel', 9.00, '2015-08-10 13:18:36', '2015-08-10 13:18:36'),
	(102, 48, 'rain', 3.00, '2015-08-10 13:18:36', '2015-08-10 13:18:36'),
	(104, 49, 'gravel', 21.00, '2015-08-10 15:12:07', '2015-08-10 15:12:07'),
	(103, 49, 'snow', 79.00, '2015-08-10 15:12:07', '2015-08-10 15:12:07'),
	(106, 50, 'rain', 45.00, '2015-08-10 15:21:49', '2015-08-10 15:21:49'),
	(105, 50, 'snow', 100.00, '2015-08-10 15:21:49', '2015-08-10 15:21:49'),
	(108, 51, 'snow', 11.00, '2015-08-10 15:24:01', '2015-08-10 15:24:01'),
	(107, 51, 'snow', 100.00, '2015-08-10 15:24:01', '2015-08-10 15:24:01'),
	(110, 52, 'gravel', 2.00, '2015-08-10 15:30:10', '2015-08-10 15:30:10'),
	(109, 52, 'tarmac', 98.00, '2015-08-10 15:30:10', '2015-08-10 15:30:10'),
	(112, 53, 'gravel', 42.00, '2015-08-10 15:36:15', '2015-08-10 15:36:15'),
	(111, 53, 'tarmac', 58.00, '2015-08-10 15:36:15', '2015-08-10 15:36:15'),
	(113, 54, 'tarmac', 100.00, '2015-08-10 15:38:49', '2015-08-10 15:38:49'),
	(115, 55, 'gravel', 49.00, '2015-08-10 15:41:57', '2015-08-10 15:41:57'),
	(114, 55, 'tarmac', 51.00, '2015-08-10 15:41:57', '2015-08-10 15:41:57'),
	(116, 56, 'gravel', 100.00, '2015-08-10 15:44:48', '2015-08-10 15:44:48'),
	(117, 57, 'tarmac', 100.00, '2015-08-10 15:48:24', '2015-08-10 15:48:24'),
	(118, 57, 'rain', 28.00, '2015-08-10 15:48:24', '2015-08-10 15:48:24'),
	(119, 58, 'tarmac', 100.00, '2015-08-10 15:50:44', '2015-08-10 15:50:44'),
	(120, 59, 'gravel', 75.00, '2015-08-10 15:54:30', '2015-08-10 15:54:30'),
	(121, 59, 'tarmac', 25.00, '2015-08-10 15:54:30', '2015-08-10 15:54:30'),
	(122, 60, 'tarmac', 100.00, '2015-08-10 16:20:57', '2015-08-10 16:20:57'),
	(123, 60, 'rain', 11.00, '2015-08-10 16:20:57', '2015-08-10 16:20:57'),
	(124, 61, 'tarmac', 100.00, '2015-08-10 16:27:13', '2015-08-10 16:27:13'),
	(125, 62, 'tarmac', 100.00, '2015-08-10 16:29:02', '2015-08-10 16:29:02'),
	(126, 63, 'tarmac', 87.00, '2015-08-10 16:31:41', '2015-08-10 16:31:41'),
	(127, 63, 'gravel', 13.00, '2015-08-10 16:31:41', '2015-08-10 16:31:41'),
	(128, 63, 'rain', 17.00, '2015-08-10 16:31:41', '2015-08-10 16:31:41'),
	(129, 64, 'gravel', 100.00, '2015-08-10 16:38:22', '2015-08-10 16:38:22'),
	(130, 65, 'tarmac', 87.00, '2015-08-10 16:41:16', '2015-08-10 16:41:16'),
	(131, 65, 'gravel', 13.00, '2015-08-10 16:41:16', '2015-08-10 16:41:16'),
	(132, 65, 'rain', 5.00, '2015-08-10 16:41:16', '2015-08-10 16:41:16'),
	(133, 66, 'tarmac', 100.00, '2015-08-10 16:47:23', '2015-08-10 16:47:23'),
	(134, 67, 'gravel', 100.00, '2015-08-10 16:50:08', '2015-08-10 16:50:08'),
	(135, 68, 'gravel', 73.00, '2015-08-10 16:52:25', '2015-08-10 16:52:25'),
	(136, 68, 'tarmac', 27.00, '2015-08-10 16:52:25', '2015-08-10 16:52:25'),
	(137, 68, 'rain', 11.00, '2015-08-10 16:52:25', '2015-08-10 16:52:25'),
	(138, 69, 'tarmac', 100.00, '2015-08-10 16:54:38', '2015-08-10 16:54:38'),
	(139, 69, 'rain', 73.00, '2015-08-10 16:54:38', '2015-08-10 16:54:38'),
	(140, 70, 'gravel', 100.00, '2015-08-10 17:20:46', '2015-08-10 17:20:46'),
	(141, 71, 'gravel', 100.00, '2015-08-10 17:24:19', '2015-08-10 17:24:19'),
	(142, 72, 'tarmac', 61.00, '2015-08-10 17:28:34', '2015-08-10 17:28:34'),
	(143, 72, 'gravel', 39.00, '2015-08-10 17:28:35', '2015-08-10 17:28:35'),
	(144, 72, 'rain', 18.00, '2015-08-10 17:28:35', '2015-08-10 17:28:35'),
	(145, 73, 'tarmac', 100.00, '2015-08-10 17:30:34', '2015-08-10 17:30:34'),
	(146, 74, 'tarmac', 67.00, '2015-08-10 17:47:58', '2015-08-10 17:47:58'),
	(147, 74, 'gravel', 33.00, '2015-08-10 17:47:58', '2015-08-10 17:47:58'),
	(148, 75, 'tarmac', 100.00, '2015-08-11 11:03:43', '2015-08-11 11:03:43'),
	(149, 75, 'rain', 5.00, '2015-08-11 11:03:43', '2015-08-11 11:03:43'),
	(150, 76, 'tarmac', 73.00, '2015-08-11 11:13:27', '2015-08-11 11:13:27'),
	(151, 76, 'gravel', 27.00, '2015-08-11 11:13:27', '2015-08-11 11:13:27'),
	(152, 76, 'rain', 21.00, '2015-08-11 11:13:27', '2015-08-11 11:13:27'),
	(153, 77, 'gravel', 73.00, '2015-08-11 11:24:13', '2015-08-11 11:24:13'),
	(154, 77, 'tarmac', 27.00, '2015-08-11 11:24:13', '2015-08-11 11:24:13'),
	(155, 77, 'rain', 11.00, '2015-08-11 11:24:13', '2015-08-11 11:24:13'),
	(156, 78, 'gravel', 100.00, '2015-08-11 11:38:06', '2015-08-11 11:38:06'),
	(157, 79, 'gravel', 100.00, '2015-08-11 11:57:54', '2015-08-11 11:57:54');
/*!40000 ALTER TABLE `rally_data_surface` ENABLE KEYS */;


-- Dumping structure for table switkrze_rally.rally_friendly
DROP TABLE IF EXISTS `rally_friendly`;
CREATE TABLE IF NOT EXISTS `rally_friendly` (
  `id` int(11) NOT NULL AUTO_INCREMENT,
  `rally_id` int(11) DEFAULT NULL,
  `user_id` int(11) DEFAULT NULL,
  `invite_only` tinyint(1) DEFAULT '0',
  `from_gold_member` tinyint(1) DEFAULT '0',
  `description` text NOT NULL,
  `start_friendly_date` datetime DEFAULT NULL,
  `created_at` datetime NOT NULL,
  `updated_at` datetime NOT NULL,
  `deleted_at` datetime DEFAULT NULL,
  PRIMARY KEY (`id`),
  KEY `rally_id_idx` (`rally_id`),
  KEY `rally_friendly_user_id_user_user_id` (`user_id`)
) ENGINE=MyISAM AUTO_INCREMENT=2 DEFAULT CHARSET=utf8;

-- Dumping data for table switkrze_rally.rally_friendly: 0 rows
DELETE FROM `rally_friendly`;
/*!40000 ALTER TABLE `rally_friendly` DISABLE KEYS */;
INSERT INTO `rally_friendly` (`id`, `rally_id`, `user_id`, `invite_only`, `from_gold_member`, `description`, `start_friendly_date`, `created_at`, `updated_at`, `deleted_at`) VALUES
	(1, 116, 26, 0, 0, 'Rajd wokół Rzeszowa', NULL, '2015-09-01 10:14:09', '2015-09-01 10:14:09', NULL);
/*!40000 ALTER TABLE `rally_friendly` ENABLE KEYS */;


-- Dumping structure for table switkrze_rally.rally_friendly_invitations
DROP TABLE IF EXISTS `rally_friendly_invitations`;
CREATE TABLE IF NOT EXISTS `rally_friendly_invitations` (
  `id` int(11) NOT NULL AUTO_INCREMENT,
  `friendly_id` int(11) DEFAULT NULL,
  `user_id` int(11) DEFAULT NULL,
  `created_at` datetime NOT NULL,
  `updated_at` datetime NOT NULL,
  `deleted_at` datetime DEFAULT NULL,
  PRIMARY KEY (`id`),
  KEY `friendly_id_idx` (`friendly_id`),
  KEY `rally_friendly_invitations_user_id_user_user_id` (`user_id`)
) ENGINE=MyISAM DEFAULT CHARSET=utf8;

-- Dumping data for table switkrze_rally.rally_friendly_invitations: 0 rows
DELETE FROM `rally_friendly_invitations`;
/*!40000 ALTER TABLE `rally_friendly_invitations` DISABLE KEYS */;
/*!40000 ALTER TABLE `rally_friendly_invitations` ENABLE KEYS */;


-- Dumping structure for table switkrze_rally.rally_friendly_participants
DROP TABLE IF EXISTS `rally_friendly_participants`;
CREATE TABLE IF NOT EXISTS `rally_friendly_participants` (
  `id` int(11) NOT NULL AUTO_INCREMENT,
  `friendly_id` int(11) DEFAULT NULL,
  `crew_id` int(11) DEFAULT NULL,
  `user_id` int(11) DEFAULT NULL,
  `from_gold_member` tinyint(1) DEFAULT '0',
  `created_at` datetime NOT NULL,
  `updated_at` datetime NOT NULL,
  `deleted_at` datetime DEFAULT NULL,
  PRIMARY KEY (`id`),
  UNIQUE KEY `friendly_id_user_id` (`friendly_id`,`user_id`,`crew_id`),
  KEY `rally_friendly_participants_friendly_id_rally_friendly_id` (`friendly_id`),
  KEY `rally_friendly_participants_user_id_user_user_id` (`user_id`),
  KEY `rally_friendly_participants_crew_id_rally_crew_id` (`crew_id`)
) ENGINE=MyISAM AUTO_INCREMENT=2 DEFAULT CHARSET=utf8;

-- Dumping data for table switkrze_rally.rally_friendly_participants: 0 rows
DELETE FROM `rally_friendly_participants`;
/*!40000 ALTER TABLE `rally_friendly_participants` DISABLE KEYS */;
INSERT INTO `rally_friendly_participants` (`id`, `friendly_id`, `crew_id`, `user_id`, `from_gold_member`, `created_at`, `updated_at`, `deleted_at`) VALUES
	(1, 1, 71, 26, 0, '2015-09-01 10:14:09', '2015-09-01 10:14:09', NULL);
/*!40000 ALTER TABLE `rally_friendly_participants` ENABLE KEYS */;


-- Dumping structure for table switkrze_rally.rally_rally
DROP TABLE IF EXISTS `rally_rally`;
CREATE TABLE IF NOT EXISTS `rally_rally` (
  `id` int(11) NOT NULL AUTO_INCREMENT,
  `name` varchar(255) DEFAULT NULL,
  `description` text,
  `slug` varchar(255) DEFAULT NULL,
  `date` datetime DEFAULT NULL,
  `active` tinyint(1) DEFAULT '1',
  `league_rally` tinyint(1) NOT NULL DEFAULT '0',
  `surface` varchar(255) DEFAULT NULL,
  `league` varchar(50) NOT NULL DEFAULT '5.00',
  `big_awards` tinyint(1) NOT NULL DEFAULT '0',
  `finished` tinyint(1) NOT NULL DEFAULT '0',
  `friendly` tinyint(1) NOT NULL DEFAULT '0',
  `created_at` datetime NOT NULL,
  `updated_at` datetime NOT NULL,
  `deleted_at` datetime DEFAULT NULL,
  PRIMARY KEY (`id`)
) ENGINE=MyISAM AUTO_INCREMENT=117 DEFAULT CHARSET=utf8;

-- Dumping data for table switkrze_rally.rally_rally: 108 rows
DELETE FROM `rally_rally`;
/*!40000 ALTER TABLE `rally_rally` DISABLE KEYS */;
INSERT INTO `rally_rally` (`id`, `name`, `description`, `slug`, `date`, `active`, `league_rally`, `surface`, `league`, `big_awards`, `finished`, `friendly`, `created_at`, `updated_at`, `deleted_at`) VALUES
	(1, 'Rally Monte Carlo', '', 'rally-monte-carlo', '2015-08-27 09:00:00', 1, 0, NULL, '1', 0, 1, 0, '2015-08-08 12:50:19', '2015-08-27 13:30:02', NULL),
	(2, 'Rally Sweden', '', 'rally-sweden', '2015-09-03 09:00:00', 1, 0, NULL, '1', 0, 0, 0, '2015-08-08 12:56:21', '2015-08-13 10:37:28', NULL),
	(3, 'Rally Guanajuato Mexico', '', 'rally-guanajuato-mexico', '2015-09-10 09:00:00', 1, 0, NULL, '1', 0, 0, 0, '2015-08-08 13:01:41', '2015-08-13 10:37:28', NULL),
	(4, 'XION RALLY ARGENTINA', '', 'xion-rally-argentina', '2015-09-17 09:00:00', 1, 0, NULL, '1', 0, 0, 0, '2015-08-08 13:05:32', '2015-08-13 10:37:28', NULL),
	(5, 'Rally de Portugal', '', 'rally-de-portugal', '2015-09-24 09:00:00', 1, 0, NULL, '1', 0, 0, 0, '2015-08-08 13:09:53', '2015-08-13 10:37:28', NULL),
	(6, 'RALLY ITALIA SARDEGNA', '', 'rally-italia-sardegna', '2015-10-01 09:00:00', 1, 0, NULL, '1', 0, 0, 0, '2015-08-08 14:53:32', '2015-08-13 10:37:28', NULL),
	(7, 'Rally Poland', '', 'rally-poland', '2015-10-08 09:00:00', 1, 0, NULL, '1', 0, 0, 0, '2015-08-08 14:58:53', '2015-08-13 10:37:28', NULL),
	(8, 'Rally Finland', '', 'rally-finland', '2015-10-15 09:00:00', 1, 0, NULL, '1', 0, 0, 0, '2015-08-08 17:48:37', '2015-08-13 10:37:28', NULL),
	(9, 'Rally Deutschland', '', 'rally-deutschland', '2015-10-22 09:00:00', 1, 0, NULL, '1', 0, 0, 0, '2015-08-08 18:05:59', '2015-08-13 10:37:28', NULL),
	(10, 'Rally Australia', '', 'rally-australia', '2015-10-29 09:00:00', 1, 0, NULL, '1', 0, 0, 0, '2015-08-08 18:15:39', '2015-08-13 10:37:28', NULL),
	(11, 'Tour de Corse', '', 'tour-de-corse', '2015-11-05 09:00:00', 1, 0, NULL, '1', 0, 0, 0, '2015-08-09 09:08:15', '2015-08-13 10:37:28', NULL),
	(12, 'Rally Catalunya', '', 'rally-catalunya', '2015-11-12 09:00:00', 1, 0, NULL, '1', 0, 0, 0, '2015-08-09 09:29:15', '2015-08-13 10:37:43', NULL),
	(13, 'Wales Rally', '', 'wales-rally', '2015-08-28 09:00:00', 1, 0, NULL, '1', 0, 1, 0, '2015-08-09 09:33:26', '2015-08-28 13:45:02', NULL),
	(14, 'Janner Rally', '', 'janner-rally', '2015-09-04 09:00:00', 1, 0, NULL, '1', 0, 0, 0, '2015-08-09 14:43:27', '2015-08-13 10:37:43', NULL),
	(15, 'Rally Liepāja', '', 'rally-liepaja', '2015-09-11 09:00:00', 1, 0, NULL, '1', 0, 0, 0, '2015-08-09 14:47:06', '2015-08-13 10:37:43', NULL),
	(16, 'Rally Ireland', '', 'rally-ireland', '2015-09-18 09:00:00', 1, 0, NULL, '1', 0, 0, 0, '2015-08-09 18:29:55', '2015-08-13 10:37:43', NULL),
	(17, 'Rally Azores', '', 'rally-azores', '2015-09-25 09:00:00', 1, 0, NULL, '1', 0, 0, 0, '2015-08-09 18:37:22', '2015-08-13 10:37:43', NULL),
	(18, 'Ypres Rally', '', 'ypres-rally', '2015-10-02 09:00:00', 1, 0, NULL, '1', 0, 0, 0, '2015-08-10 10:35:26', '2015-08-13 10:37:43', NULL),
	(26, 'Rally Estonia', '', 'rally-estonia', '2015-10-09 09:00:00', 1, 0, NULL, '1', 0, 0, 0, '2015-08-10 10:51:22', '2015-08-13 10:37:43', NULL),
	(27, 'Rally Zlin', '', 'rally-zlin', '2015-10-16 09:00:00', 1, 0, NULL, '1', 0, 0, 0, '2015-08-10 10:54:48', '2015-08-13 10:37:43', NULL),
	(28, 'Cyprus Rally', '', 'cyprus-rally', '2015-10-23 09:00:00', 1, 0, NULL, '1', 0, 0, 0, '2015-08-10 10:57:37', '2015-08-13 10:37:43', NULL),
	(29, 'Acropolis Rally', '', 'acropolis-rally', '2015-10-30 09:00:00', 1, 0, NULL, '1', 0, 0, 0, '2015-08-10 11:00:38', '2015-08-13 10:37:43', NULL),
	(30, 'Rallye du Valais', '', 'rallye-du-valais', '2015-11-06 09:00:00', 1, 0, NULL, '1', 0, 0, 0, '2015-08-10 11:04:16', '2015-08-13 10:37:43', NULL),
	(31, 'Rajd Arlamow', '', 'rajd-arlamow', '2015-11-13 09:00:00', 1, 0, NULL, '1', 0, 0, 0, '2015-08-10 11:11:05', '2015-08-13 10:37:43', NULL),
	(32, 'Rajd Dolnoslaski', '', 'rajd-dolnoslaski', '2015-08-29 09:00:00', 1, 0, NULL, '1', 0, 1, 0, '2015-08-10 11:14:37', '2015-08-29 13:30:01', NULL),
	(33, 'Rajd Karkonoski', '', 'rajd-karkonoski', '2015-09-05 09:00:00', 1, 0, NULL, '1', 0, 0, 0, '2015-08-10 11:21:17', '2015-08-13 10:37:43', NULL),
	(34, 'Rajd Baltic Cup', '', 'rajd-baltic-cup', '2015-09-12 09:00:00', 1, 0, NULL, '1', 0, 0, 0, '2015-08-10 11:25:24', '2015-08-13 10:37:43', NULL),
	(35, 'Rajd Rzeszowski', '', 'rajd-rzeszowski', '2015-09-19 09:00:00', 1, 0, NULL, '1', 0, 0, 0, '2015-08-10 11:27:51', '2015-08-13 10:37:43', NULL),
	(36, 'Rajd Swidnicki', '', 'rajd-swidnicki', '2015-09-26 09:00:00', 1, 0, NULL, '1', 0, 0, 0, '2015-08-10 11:35:54', '2015-08-13 10:37:43', NULL),
	(37, 'Cochrane Winter Rally', '', 'cochrane-winter-rally', '2015-10-03 09:00:00', 1, 0, NULL, '1', 0, 0, 0, '2015-08-10 11:58:56', '2015-08-13 10:37:43', NULL),
	(38, 'Rally Russia', '', 'rally-russia', '2015-10-10 09:00:00', 1, 0, NULL, '1', 0, 0, 0, '2015-08-10 12:01:22', '2015-08-13 10:37:43', NULL),
	(39, 'Ostersund Winter Rally', '', 'ostersund-winter-rally', '2015-10-17 09:00:00', 1, 0, NULL, '1', 0, 0, 0, '2015-08-10 12:04:32', '2015-08-13 10:37:43', NULL),
	(40, 'Aurskog Holand Rally', '', 'aurskog-holand-rally', '2015-10-24 09:00:00', 1, 0, NULL, '1', 0, 0, 0, '2015-08-10 12:14:12', '2015-08-13 10:37:43', NULL),
	(41, 'Rally Elverum', '', 'rally-elverum', '2015-10-31 09:00:00', 1, 0, NULL, '1', 0, 0, 0, '2015-08-10 12:16:39', '2015-08-13 10:37:43', NULL),
	(42, 'Rally Hadeland', '', 'rally-hadeland', '2015-11-07 09:00:00', 1, 0, NULL, '1', 0, 0, 0, '2015-08-10 12:19:14', '2015-08-13 10:37:43', NULL),
	(43, 'Rally Hedemarken', '', 'rally-hedemarken', '2015-11-14 09:00:00', 1, 0, NULL, '1', 0, 0, 0, '2015-08-10 12:45:01', '2015-08-13 10:37:43', NULL),
	(44, 'Mountain Rally Norway', '', 'mountain-rally-norway', '2015-09-02 09:00:00', 1, 0, NULL, '1', 1, 0, 0, '2015-08-10 12:56:06', '2015-08-25 17:25:31', NULL),
	(45, 'Rally Norway', '', 'rally-norway', '2015-09-09 09:00:00', 1, 0, NULL, '1', 0, 0, 0, '2015-08-10 13:00:49', '2015-08-25 17:26:13', NULL),
	(46, 'Numedalsrally', '', 'numedalsrally', '2015-09-16 09:00:00', 1, 0, NULL, '1', 0, 0, 0, '2015-08-10 13:05:04', '2015-08-25 17:27:15', NULL),
	(47, 'Sigdalsrally', '', 'sigdalsrally', '2015-09-20 09:00:00', 1, 0, NULL, '1', 0, 0, 0, '2015-08-10 13:16:42', '2015-08-13 10:37:43', NULL),
	(48, 'Rally Sokndal', '', 'rally-sokndal', '2015-09-27 09:00:00', 1, 0, NULL, '1', 0, 0, 0, '2015-08-10 13:18:36', '2015-08-13 10:37:43', NULL),
	(49, 'Rally Sorland', '', 'rally-sorland', '2015-10-04 09:00:00', 1, 0, NULL, '1', 0, 0, 0, '2015-08-10 15:12:06', '2015-08-13 10:37:43', NULL),
	(50, 'Rally Telemark', '', 'rally-telemark', '2015-10-11 09:00:00', 1, 0, NULL, '1', 0, 0, 0, '2015-08-10 15:21:49', '2015-08-13 10:37:43', NULL),
	(51, 'Arctic Lapland Rally', '', 'arctic-lapland-rally', '2015-10-18 09:00:00', 1, 0, NULL, '1', 0, 0, 0, '2015-08-10 15:24:01', '2015-08-13 10:37:43', NULL),
	(52, 'Wechselland Rallye', '', 'wechselland-rallye', '2015-10-25 09:00:00', 1, 0, NULL, '1', 0, 0, 0, '2015-08-10 15:30:10', '2015-08-13 10:37:43', NULL),
	(53, 'Rally Barbados 2014', '', 'rally-barbados-2014', '2015-11-01 09:00:00', 1, 0, NULL, '1', 0, 0, 0, '2015-08-10 15:36:15', '2015-08-13 10:37:43', NULL),
	(54, 'TAC Rally', '', 'tac-rally', '2015-11-08 09:00:00', 1, 0, NULL, '1', 0, 0, 0, '2015-08-10 15:38:49', '2015-08-13 10:37:43', NULL),
	(55, 'Rallye de Wallonie', '', 'rallye-de-wallonie', '2015-11-15 09:00:00', 1, 0, NULL, '1', 0, 0, 0, '2015-08-10 15:41:57', '2015-08-13 10:37:43', NULL),
	(56, 'Rally de Curitiba', '', 'rally-de-curitiba', '2015-08-31 09:00:00', 1, 0, NULL, '1', 0, 1, 0, '2015-08-10 15:44:46', '2015-08-31 12:30:01', NULL),
	(57, 'Rally Bulgaria', '', 'rally-bulgaria', '2015-09-07 09:00:00', 1, 0, NULL, '1', 0, 0, 0, '2015-08-10 15:48:24', '2015-08-13 10:37:43', NULL),
	(58, 'Rally Croatia', '', 'rally-croatia', '2015-09-14 09:00:00', 1, 0, NULL, '1', 0, 0, 0, '2015-08-10 15:50:44', '2015-08-13 10:37:43', NULL),
	(59, 'Rally Agropa', '', 'rally-agropa', '2015-09-21 09:00:00', 1, 0, NULL, '1', 0, 0, 0, '2015-08-10 15:54:30', '2015-08-13 10:37:43', NULL),
	(60, 'Rally Bohemia', '', 'rally-bohemia', '2015-09-28 09:00:00', 1, 0, NULL, '1', 0, 0, 0, '2015-08-10 16:20:57', '2015-08-13 10:37:43', NULL),
	(61, 'Rallye Lyon - Charbonnieres', '', 'rallye-lyon-charbonnieres', '2015-10-05 09:00:00', 1, 0, NULL, '1', 0, 0, 0, '2015-08-10 16:27:13', '2015-08-13 10:37:43', NULL),
	(62, 'Rallye du Touquet', '', 'rallye-du-touquet', '2015-10-12 09:00:00', 1, 0, NULL, '1', 0, 0, 0, '2015-08-10 16:29:02', '2015-08-13 10:37:43', NULL),
	(63, 'Rallye Erzgebirge', '', 'rallye-erzgebirge', '2015-10-19 09:00:00', 1, 0, NULL, '1', 0, 0, 0, '2015-08-10 16:31:41', '2015-08-13 10:37:43', NULL),
	(64, 'Rally Jamaica', '', 'rally-jamaica', '2015-10-26 09:00:00', 1, 0, NULL, '1', 0, 0, 0, '2015-08-10 16:38:22', '2015-08-13 10:37:43', NULL),
	(65, 'Hellendoorn Rally', '', 'hellendoorn-rally', '2015-11-02 09:00:00', 1, 0, NULL, '1', 0, 0, 0, '2015-08-10 16:41:16', '2015-08-13 10:37:43', NULL),
	(66, 'Rallye de Luxembourg', '', 'rallye-de-luxembourg', '2015-11-09 09:00:00', 1, 0, NULL, '1', 0, 0, 0, '2015-08-10 16:47:23', '2015-08-13 10:37:43', NULL),
	(67, 'Qatar Rally', '', 'qatar-rally', '2015-11-16 09:00:00', 1, 0, NULL, '1', 0, 0, 0, '2015-08-10 16:50:08', '2015-08-13 10:37:43', NULL),
	(68, 'Rally Presov', '', 'rally-presov', '2015-09-01 09:00:00', 1, 0, NULL, '1', 0, 0, 0, '2015-08-10 16:52:25', '2015-08-13 10:37:43', NULL),
	(69, 'Rally of Scotland', '', 'rally-of-scotland', '2015-09-08 09:00:00', 1, 0, NULL, '1', 0, 0, 0, '2015-08-10 16:54:38', '2015-08-13 10:37:43', NULL),
	(70, 'Olympus Rally', '', 'olympus-rally', '2015-09-15 09:00:00', 1, 0, NULL, '1', 0, 0, 0, '2015-08-10 17:20:46', '2015-08-13 10:37:43', NULL),
	(71, 'Rally Tasmania', '', 'rally-tasmania', '2015-09-22 09:00:00', 1, 0, NULL, '1', 0, 0, 0, '2015-08-10 17:24:18', '2015-08-13 10:37:43', NULL),
	(72, 'Danboring Rally', '', 'danboring-rally', '2015-09-29 09:00:00', 1, 0, NULL, '1', 0, 0, 0, '2015-08-10 17:28:34', '2015-08-13 10:37:43', NULL),
	(73, 'Rally Japan', '', 'rally-japan', '2015-10-06 09:00:00', 1, 0, NULL, '1', 0, 0, 0, '2015-08-10 17:30:34', '2015-08-13 10:37:43', NULL),
	(74, 'Rajd Krzeszowic', '', 'rajd-krzeszowic', '2015-10-13 09:00:00', 1, 0, NULL, '1', 0, 0, 0, '2015-08-10 17:47:57', '2015-08-13 10:37:43', NULL),
	(75, 'Rajd Bochni', '', 'rajd-bochni', '2015-10-20 09:00:00', 1, 0, NULL, '1', 0, 0, 0, '2015-08-11 11:03:43', '2015-08-13 10:37:43', NULL),
	(76, 'Rajd Krakowski', '', 'rajd-krakowski', '2015-10-27 09:00:00', 1, 0, NULL, '1', 0, 0, 0, '2015-08-11 11:13:27', '2015-08-13 10:37:43', NULL),
	(77, 'Rajd Baltycki', '', 'rajd-baltycki', '2015-11-03 09:00:00', 1, 0, NULL, '1', 0, 0, 0, '2015-08-11 11:24:13', '2015-08-13 10:37:43', NULL),
	(78, 'Rally of the Tall Pines', '', 'rally-of-the-tall-pines', '2015-11-10 09:00:00', 1, 0, NULL, '1', 0, 0, 0, '2015-08-11 11:38:04', '2015-08-13 10:37:43', NULL),
	(79, 'Sibiu Rally Romania', '', 'sibiu-rally-romania', '2015-11-17 09:00:00', 1, 0, NULL, '1', 0, 0, 0, '2015-08-11 11:57:54', '2015-08-13 10:37:43', NULL),
	(80, 'League 1.0 Rally - #1', NULL, 'league-10-rally-1', '2015-08-30 08:30:00', 1, 1, NULL, '1.0', 0, 1, 0, '2015-08-25 17:13:01', '2015-08-30 12:45:00', NULL),
	(81, 'League 1.0 Rally - #2', NULL, 'league-10-rally-2', '2015-09-06 14:45:00', 1, 1, NULL, '1.0', 0, 0, 0, '2015-08-25 17:13:01', '2015-08-25 17:13:01', NULL),
	(82, 'League 1.0 Rally - #3', NULL, 'league-10-rally-3', '2015-09-13 12:00:00', 1, 1, NULL, '1.0', 0, 0, 0, '2015-08-25 17:13:01', '2015-08-25 17:13:01', NULL),
	(83, 'League 1.0 Rally - #4', NULL, 'league-10-rally-4', '2015-09-20 14:15:00', 1, 1, NULL, '1.0', 0, 0, 0, '2015-08-25 17:13:01', '2015-08-25 17:13:01', NULL),
	(84, 'League 1.0 Rally - #5', NULL, 'league-10-rally-5', '2015-09-27 11:15:00', 1, 1, NULL, '1.0', 0, 0, 0, '2015-08-25 17:13:01', '2015-08-25 17:13:01', NULL),
	(85, 'League 1.0 Rally - #6', NULL, 'league-10-rally-6', '2015-10-04 08:00:00', 1, 1, NULL, '1.0', 0, 0, 0, '2015-08-25 17:13:01', '2015-08-25 17:13:01', NULL),
	(86, 'League 1.0 Rally - #7', NULL, 'league-10-rally-7', '2015-10-11 11:30:00', 1, 1, NULL, '1.0', 0, 0, 0, '2015-08-25 17:13:01', '2015-08-25 17:13:01', NULL),
	(87, 'League 1.0 Rally - #8', NULL, 'league-10-rally-8', '2015-10-18 12:45:00', 1, 1, NULL, '1.0', 0, 0, 0, '2015-08-25 17:13:01', '2015-08-25 17:13:01', NULL),
	(88, 'League 1.0 Rally - #9', NULL, 'league-10-rally-9', '2015-10-25 11:15:00', 1, 1, NULL, '1.0', 0, 0, 0, '2015-08-25 17:13:01', '2015-08-25 17:13:01', NULL),
	(89, 'League 1.0 Rally - #10', NULL, 'league-10-rally-10', '2015-11-01 13:15:00', 1, 1, NULL, '1.0', 0, 0, 0, '2015-08-25 17:13:01', '2015-08-25 17:13:01', NULL),
	(90, 'League 1.0 Rally - #11', NULL, 'league-10-rally-11', '2015-11-08 13:00:00', 1, 1, NULL, '1.0', 0, 0, 0, '2015-08-25 17:13:01', '2015-08-25 17:13:01', NULL),
	(91, 'League 1.0 Rally - #12', NULL, 'league-10-rally-12', '2015-11-15 09:30:00', 1, 1, NULL, '1.0', 0, 0, 0, '2015-08-25 17:13:01', '2015-08-25 17:13:01', NULL),
	(92, 'League 2.1 Rally - #1', NULL, 'league-21-rally-1', '2015-08-30 09:30:00', 1, 1, NULL, '2.1', 0, 1, 0, '2015-08-28 10:13:05', '2015-08-30 13:45:00', NULL),
	(93, 'League 2.1 Rally - #2', NULL, 'league-21-rally-2', '2015-09-06 11:45:00', 1, 1, NULL, '2.1', 0, 0, 0, '2015-08-28 10:13:05', '2015-08-28 10:13:05', NULL),
	(94, 'League 2.1 Rally - #3', NULL, 'league-21-rally-3', '2015-09-13 12:30:00', 1, 1, NULL, '2.1', 0, 0, 0, '2015-08-28 10:13:05', '2015-08-28 10:13:05', NULL),
	(95, 'League 2.1 Rally - #4', NULL, 'league-21-rally-4', '2015-09-20 13:30:00', 1, 1, NULL, '2.1', 0, 0, 0, '2015-08-28 10:13:05', '2015-08-28 10:13:05', NULL),
	(96, 'League 2.1 Rally - #5', NULL, 'league-21-rally-5', '2015-09-27 10:15:00', 1, 1, NULL, '2.1', 0, 0, 0, '2015-08-28 10:13:05', '2015-08-28 10:13:05', NULL),
	(97, 'League 2.1 Rally - #6', NULL, 'league-21-rally-6', '2015-10-04 10:45:00', 1, 1, NULL, '2.1', 0, 0, 0, '2015-08-28 10:13:05', '2015-08-28 10:13:05', NULL),
	(98, 'League 2.1 Rally - #7', NULL, 'league-21-rally-7', '2015-10-11 10:00:00', 1, 1, NULL, '2.1', 0, 0, 0, '2015-08-28 10:13:05', '2015-08-28 10:13:05', NULL),
	(99, 'League 2.1 Rally - #8', NULL, 'league-21-rally-8', '2015-10-18 13:30:00', 1, 1, NULL, '2.1', 0, 0, 0, '2015-08-28 10:13:05', '2015-08-28 10:13:05', NULL),
	(100, 'League 2.1 Rally - #9', NULL, 'league-21-rally-9', '2015-10-25 13:30:00', 1, 1, NULL, '2.1', 0, 0, 0, '2015-08-28 10:13:05', '2015-08-28 10:13:05', NULL),
	(101, 'League 2.1 Rally - #10', NULL, 'league-21-rally-10', '2015-11-01 12:45:00', 1, 1, NULL, '2.1', 0, 0, 0, '2015-08-28 10:13:05', '2015-08-28 10:13:05', NULL),
	(102, 'League 2.1 Rally - #11', NULL, 'league-21-rally-11', '2015-11-08 08:15:00', 1, 1, NULL, '2.1', 0, 0, 0, '2015-08-28 10:13:05', '2015-08-28 10:13:05', NULL),
	(103, 'League 2.1 Rally - #12', NULL, 'league-21-rally-12', '2015-11-15 14:45:00', 1, 1, NULL, '2.1', 0, 0, 0, '2015-08-28 10:13:05', '2015-08-28 10:13:05', NULL),
	(104, 'League 2.2 Rally - #1', NULL, 'league-22-rally-1', '2015-08-30 14:15:00', 1, 1, NULL, '2.2', 0, 1, 0, '2015-08-30 09:19:23', '2015-08-30 18:30:01', NULL),
	(105, 'League 2.2 Rally - #2', NULL, 'league-22-rally-2', '2015-09-06 10:30:00', 1, 1, NULL, '2.2', 0, 0, 0, '2015-08-30 09:19:23', '2015-08-30 09:19:23', NULL),
	(106, 'League 2.2 Rally - #3', NULL, 'league-22-rally-3', '2015-09-13 10:00:00', 1, 1, NULL, '2.2', 0, 0, 0, '2015-08-30 09:19:23', '2015-08-30 09:19:23', NULL),
	(107, 'League 2.2 Rally - #4', NULL, 'league-22-rally-4', '2015-09-20 11:00:00', 1, 1, NULL, '2.2', 0, 0, 0, '2015-08-30 09:19:23', '2015-08-30 09:19:23', NULL),
	(108, 'League 2.2 Rally - #5', NULL, 'league-22-rally-5', '2015-09-27 08:45:00', 1, 1, NULL, '2.2', 0, 0, 0, '2015-08-30 09:19:23', '2015-08-30 09:19:23', NULL),
	(109, 'League 2.2 Rally - #6', NULL, 'league-22-rally-6', '2015-10-04 08:30:00', 1, 1, NULL, '2.2', 0, 0, 0, '2015-08-30 09:19:23', '2015-08-30 09:19:23', NULL),
	(110, 'League 2.2 Rally - #7', NULL, 'league-22-rally-7', '2015-10-11 09:45:00', 1, 1, NULL, '2.2', 0, 0, 0, '2015-08-30 09:19:23', '2015-08-30 09:19:23', NULL),
	(111, 'League 2.2 Rally - #8', NULL, 'league-22-rally-8', '2015-10-18 14:30:00', 1, 1, NULL, '2.2', 0, 0, 0, '2015-08-30 09:19:23', '2015-08-30 09:19:23', NULL),
	(112, 'League 2.2 Rally - #9', NULL, 'league-22-rally-9', '2015-10-25 09:15:00', 1, 1, NULL, '2.2', 0, 0, 0, '2015-08-30 09:19:23', '2015-08-30 09:19:23', NULL),
	(113, 'League 2.2 Rally - #10', NULL, 'league-22-rally-10', '2015-11-01 11:30:00', 1, 1, NULL, '2.2', 0, 0, 0, '2015-08-30 09:19:23', '2015-08-30 09:19:23', NULL),
	(114, 'League 2.2 Rally - #11', NULL, 'league-22-rally-11', '2015-11-08 10:45:00', 1, 1, NULL, '2.2', 0, 0, 0, '2015-08-30 09:19:23', '2015-08-30 09:19:23', NULL),
	(115, 'League 2.2 Rally - #12', NULL, 'league-22-rally-12', '2015-11-15 10:45:00', 1, 1, NULL, '2.2', 0, 0, 0, '2015-08-30 09:19:23', '2015-08-30 09:19:23', NULL),
	(116, 'Rajd Rzeszów', NULL, 'rajd-rzeszow', '2015-09-02 14:00:00', 1, 0, NULL, '3', 0, 0, 1, '2015-09-01 10:14:09', '2015-09-01 10:14:09', NULL);
/*!40000 ALTER TABLE `rally_rally` ENABLE KEYS */;


-- Dumping structure for table switkrze_rally.rally_result
DROP TABLE IF EXISTS `rally_result`;
CREATE TABLE IF NOT EXISTS `rally_result` (
  `id` int(11) NOT NULL AUTO_INCREMENT,
  `rally_id` int(11) DEFAULT NULL,
  `crew_id` int(11) DEFAULT NULL,
  `total_time` time DEFAULT NULL,
  `out_of_race` tinyint(1) DEFAULT '0',
  `stage_out_id` int(11) DEFAULT NULL,
  `stage_out_number` int(11) DEFAULT NULL,
  `position` int(11) DEFAULT NULL,
  `created_at` datetime NOT NULL,
  `updated_at` datetime NOT NULL,
  PRIMARY KEY (`id`),
  KEY `rally_id_idx` (`rally_id`),
  KEY `crew_id_idx` (`crew_id`)
) ENGINE=MyISAM AUTO_INCREMENT=532 DEFAULT CHARSET=utf8;

-- Dumping data for table switkrze_rally.rally_result: 39 rows
DELETE FROM `rally_result`;
/*!40000 ALTER TABLE `rally_result` DISABLE KEYS */;
INSERT INTO `rally_result` (`id`, `rally_id`, `crew_id`, `total_time`, `out_of_race`, `stage_out_id`, `stage_out_number`, `position`, `created_at`, `updated_at`) VALUES
	(6, 1, 10, '02:49:37', 0, NULL, NULL, 1, '2015-08-27 13:30:02', '2015-08-27 13:30:02'),
	(4, 1, 4, '02:58:57', 0, NULL, NULL, 2, '2015-08-27 13:30:02', '2015-08-27 13:30:02'),
	(3, 1, 3, '03:02:14', 0, NULL, NULL, 3, '2015-08-27 13:30:02', '2015-08-27 13:30:02'),
	(8, 1, 12, '03:11:13', 0, NULL, NULL, 4, '2015-08-27 13:30:02', '2015-08-27 13:30:02'),
	(1, 1, 1, '03:14:41', 0, NULL, NULL, 5, '2015-08-27 13:30:02', '2015-08-27 13:30:02'),
	(5, 1, 5, '03:19:03', 0, NULL, NULL, 6, '2015-08-27 13:30:02', '2015-08-27 13:30:02'),
	(7, 1, 11, '03:20:12', 0, NULL, NULL, 7, '2015-08-27 13:30:02', '2015-08-27 13:30:02'),
	(10, 1, 18, '03:24:19', 0, NULL, NULL, 8, '2015-08-27 13:30:02', '2015-08-27 13:30:02'),
	(2, 1, 2, '03:41:44', 0, NULL, NULL, 9, '2015-08-27 13:30:02', '2015-08-27 13:30:02'),
	(9, 1, 17, '03:56:49', 0, NULL, NULL, 10, '2015-08-27 13:30:02', '2015-08-27 13:30:02'),
	(151, 13, 19, '03:11:03', 0, NULL, NULL, 1, '2015-08-28 13:45:02', '2015-08-28 13:45:02'),
	(152, 13, 21, '03:14:12', 0, NULL, NULL, 2, '2015-08-28 13:45:02', '2015-08-28 13:45:02'),
	(154, 13, 24, '03:23:36', 0, NULL, NULL, 3, '2015-08-28 13:45:02', '2015-08-28 13:45:02'),
	(153, 13, 23, '03:27:32', 0, NULL, NULL, 4, '2015-08-28 13:45:02', '2015-08-28 13:45:02'),
	(155, 13, 25, '03:30:53', 0, NULL, NULL, 5, '2015-08-28 13:45:02', '2015-08-28 13:45:02'),
	(156, 13, 27, '04:28:03', 0, NULL, NULL, 6, '2015-08-28 13:45:02', '2015-08-28 13:45:02'),
	(253, 32, 20, '02:06:15', 0, NULL, NULL, 1, '2015-08-29 13:30:01', '2015-08-29 13:30:01'),
	(259, 32, 33, '02:08:56', 0, NULL, NULL, 2, '2015-08-29 13:30:01', '2015-08-29 13:30:01'),
	(257, 32, 30, '02:16:40', 0, NULL, NULL, 3, '2015-08-29 13:30:01', '2015-08-29 13:30:01'),
	(255, 32, 26, '02:20:16', 0, NULL, NULL, 4, '2015-08-29 13:30:01', '2015-08-29 13:30:01'),
	(256, 32, 28, '02:23:06', 0, NULL, NULL, 5, '2015-08-29 13:30:01', '2015-08-29 13:30:01'),
	(258, 32, 32, '02:23:52', 0, NULL, NULL, 6, '2015-08-29 13:30:01', '2015-08-29 13:30:01'),
	(262, 32, 37, '02:28:14', 0, NULL, NULL, 7, '2015-08-29 13:30:01', '2015-08-29 13:30:01'),
	(263, 32, 38, '02:30:19', 0, NULL, NULL, 8, '2015-08-29 13:30:01', '2015-08-29 13:30:01'),
	(254, 32, 22, '02:34:18', 0, NULL, NULL, 9, '2015-08-29 13:30:01', '2015-08-29 13:30:01'),
	(261, 32, 35, '02:38:54', 0, NULL, NULL, 10, '2015-08-29 13:30:01', '2015-08-29 13:30:01'),
	(260, 32, 34, '03:02:14', 0, NULL, NULL, 11, '2015-08-29 13:30:01', '2015-08-29 13:30:01'),
	(418, 80, 13, '07:05:26', 0, NULL, NULL, 1, '2015-08-30 12:45:00', '2015-08-30 12:45:00'),
	(419, 80, 29, '07:16:49', 0, NULL, NULL, 2, '2015-08-30 12:45:00', '2015-08-30 12:45:00'),
	(420, 80, 36, '07:28:30', 0, NULL, NULL, 3, '2015-08-30 12:45:00', '2015-08-30 12:45:00'),
	(423, 80, 44, '08:06:39', 0, NULL, NULL, 4, '2015-08-30 12:45:00', '2015-08-30 12:45:00'),
	(422, 80, 41, '08:40:22', 0, NULL, NULL, 5, '2015-08-30 12:45:00', '2015-08-30 12:45:00'),
	(421, 80, 40, '08:58:43', 0, NULL, NULL, 6, '2015-08-30 12:45:00', '2015-08-30 12:45:00'),
	(526, 56, 31, '02:29:57', 0, NULL, NULL, 1, '2015-08-31 12:30:01', '2015-08-31 12:30:01'),
	(529, 56, 45, '02:37:21', 0, NULL, NULL, 2, '2015-08-31 12:30:01', '2015-08-31 12:30:01'),
	(528, 56, 42, '02:40:03', 0, NULL, NULL, 3, '2015-08-31 12:30:01', '2015-08-31 12:30:01'),
	(530, 56, 46, '02:44:41', 0, NULL, NULL, 4, '2015-08-31 12:30:01', '2015-08-31 12:30:01'),
	(527, 56, 39, '02:44:58', 0, NULL, NULL, 5, '2015-08-31 12:30:01', '2015-08-31 12:30:01'),
	(531, 56, 47, '03:31:09', 0, NULL, NULL, 6, '2015-08-31 12:30:01', '2015-08-31 12:30:01');
/*!40000 ALTER TABLE `rally_result` ENABLE KEYS */;


-- Dumping structure for table switkrze_rally.rally_stage
DROP TABLE IF EXISTS `rally_stage`;
CREATE TABLE IF NOT EXISTS `rally_stage` (
  `id` int(11) NOT NULL AUTO_INCREMENT,
  `rally_id` int(11) DEFAULT NULL,
  `name` varchar(255) DEFAULT NULL,
  `length` decimal(18,2) DEFAULT NULL,
  `date` datetime DEFAULT NULL,
  `min_time` time DEFAULT NULL,
  `created_at` datetime NOT NULL,
  `updated_at` datetime NOT NULL,
  `finished` tinyint(1) DEFAULT '1',
  PRIMARY KEY (`id`),
  KEY `rally_id_idx` (`rally_id`)
) ENGINE=MyISAM AUTO_INCREMENT=2002 DEFAULT CHARSET=utf8;

-- Dumping data for table switkrze_rally.rally_stage: 1,762 rows
DELETE FROM `rally_stage`;
/*!40000 ALTER TABLE `rally_stage` DISABLE KEYS */;
INSERT INTO `rally_stage` (`id`, `rally_id`, `name`, `length`, `date`, `min_time`, `created_at`, `updated_at`, `finished`) VALUES
	(1, 1, 'ENTREVAUX - ROUAINE', 21.55, '2015-08-27 09:00:00', '00:12:25', '2015-08-08 12:50:19', '2015-08-27 12:26:40', 1),
	(2, 1, 'NORANTE - DIGNE-LES-BAINS', 19.68, '2015-08-27 09:15:00', '00:12:36', '2015-08-08 12:50:19', '2015-08-27 12:26:40', 1),
	(3, 1, 'LA SALLE EN BEAUMONT', 15.60, '2015-08-27 09:30:00', '00:09:31', '2015-08-08 12:50:19', '2015-08-27 12:26:40', 1),
	(4, 1, 'ASPRES LES CORPS', 25.28, '2015-08-27 09:45:00', '00:14:40', '2015-08-08 12:50:19', '2015-08-27 12:26:40', 1),
	(5, 1, 'LES COSTES', 25.72, '2015-08-27 10:00:00', '00:16:44', '2015-08-08 12:50:19', '2015-08-27 12:26:40', 1),
	(6, 1, 'LA SALLE EN BEAUMONT', 15.72, '2015-08-27 10:15:00', '00:09:29', '2015-08-08 12:50:19', '2015-08-27 10:15:01', 1),
	(7, 1, 'ASPRES LES CORPS - CHAUFFAYER 2', 25.94, '2015-08-27 10:30:00', '00:14:45', '2015-08-08 12:50:20', '2015-08-27 12:26:40', 1),
	(8, 1, 'LES COSTES - ST JULIEN EN CHAMPSAUR 2', 25.16, '2015-08-27 10:45:00', '00:14:57', '2015-08-08 12:50:20', '2015-08-27 12:26:40', 1),
	(9, 1, 'PRUNIERES - EMBRUN 1', 19.24, '2015-08-27 11:00:00', '00:11:18', '2015-08-08 12:50:20', '2015-08-27 12:26:40', 1),
	(10, 1, 'LARDIER ET VALENCA - FAYE', 51.38, '2015-08-27 11:15:00', '00:31:08', '2015-08-08 12:50:20', '2015-08-27 12:26:40', 1),
	(11, 1, 'PRUNIERES - EMBRUN 2', 19.84, '2015-08-27 11:30:00', '00:12:45', '2015-08-08 12:50:20', '2015-08-27 12:26:40', 1),
	(12, 1, 'SISTERON - THOARD', 36.17, '2015-08-27 11:45:00', '00:21:29', '2015-08-08 12:50:20', '2015-08-27 12:26:40', 1),
	(13, 1, 'COL ST JEAN - ST LAURENT 1', 10.77, '2015-08-27 12:00:00', '00:07:20', '2015-08-08 12:50:20', '2015-08-27 12:26:40', 1),
	(14, 1, 'LA BOLLENE VESUBIE - SOSPEL', 31.55, '2015-08-27 12:15:00', '00:18:56', '2015-08-08 12:50:20', '2015-08-27 12:26:40', 1),
	(15, 1, ' COL ST JEAN - ST LAURENT 2', 10.83, '2015-08-27 12:30:00', '00:07:08', '2015-08-08 12:50:20', '2015-08-27 12:26:40', 1),
	(18, 2, 'SUPER SPECIAL STAGE KARLSTAD', 1.94, '2015-09-03 09:00:00', '00:01:18', '2015-08-08 12:56:21', '2015-08-27 12:26:40', 0),
	(19, 2, 'TORSBY 1', 14.80, '2015-09-03 09:15:00', '00:08:36', '2015-08-08 12:56:21', '2015-08-27 12:26:40', 0),
	(20, 2, 'ROJDEN 1', 18.74, '2015-09-03 09:30:00', '00:12:08', '2015-08-08 12:56:21', '2015-08-27 12:26:40', 0),
	(21, 2, 'FINNSKOGEN 1', 20.99, '2015-09-03 09:45:00', '00:13:38', '2015-08-08 12:56:22', '2015-08-27 12:26:40', 0),
	(22, 2, 'KIRKENAER 1', 7.89, '2015-09-03 10:00:00', '00:05:14', '2015-08-08 12:56:22', '2015-08-27 12:26:40', 0),
	(23, 2, 'KIRKENAER 2', 7.21, '2015-09-03 10:15:00', '00:04:11', '2015-08-08 12:56:22', '2015-08-27 12:26:40', 0),
	(24, 2, 'FINNSKOGEN 2', 20.94, '2015-09-03 10:30:00', '00:12:06', '2015-08-08 12:56:22', '2015-08-27 12:26:40', 0),
	(25, 2, 'TORSBY 2', 14.80, '2015-09-03 10:45:00', '00:08:22', '2015-08-08 12:56:22', '2015-08-27 12:26:40', 0),
	(26, 2, 'SUPER SPECIAL STAGE KARLSTAD 2', 1.94, '2015-09-03 11:00:00', '00:01:18', '2015-08-08 12:56:22', '2015-08-27 12:26:40', 0),
	(27, 2, 'FREDRIKSBERG 1', 18.20, '2015-09-03 11:15:00', '00:10:57', '2015-08-08 12:56:22', '2015-08-27 12:26:40', 0),
	(28, 2, 'RAMMEN 1', 22.65, '2015-09-03 11:30:00', '00:13:32', '2015-08-08 12:56:22', '2015-08-27 12:26:40', 0),
	(29, 2, 'HAGFORS SPRINT 1', 1.83, '2015-09-03 11:45:00', '00:01:11', '2015-08-08 12:56:22', '2015-08-27 12:26:40', 0),
	(30, 2, 'VARGASEN 1', 24.42, '2015-09-03 12:00:00', '00:15:38', '2015-08-08 12:56:22', '2015-08-27 12:26:40', 0),
	(31, 2, 'RAMMEN 2', 22.63, '2015-09-03 12:15:00', '00:13:35', '2015-08-08 12:56:22', '2015-08-27 12:26:40', 0),
	(32, 2, 'HAGFORS SPRINT 2', 1.76, '2015-09-03 12:30:00', '00:01:08', '2015-08-08 12:56:22', '2015-08-27 12:26:40', 0),
	(33, 2, 'VARGASEN 2', 24.22, '2015-09-03 12:45:00', '00:14:07', '2015-08-08 12:56:22', '2015-08-27 12:26:40', 0),
	(35, 3, 'STREET STAGE GUANAJUATO', 1.85, '2015-09-10 09:00:00', '00:01:14', '2015-08-08 13:01:41', '2015-08-27 12:26:40', 0),
	(36, 3, 'SUPER SPECIAL 1', 4.92, '2015-09-10 09:15:00', '00:02:57', '2015-08-08 13:01:41', '2015-08-27 12:26:40', 0),
	(37, 3, 'LOS MEXICANOS 1', 9.77, '2015-09-10 09:30:00', '00:05:39', '2015-08-08 13:01:41', '2015-08-27 12:26:40', 0),
	(38, 3, 'EL CHOCOLATE 1', 44.12, '2015-09-10 09:45:00', '00:24:57', '2015-08-08 13:01:41', '2015-08-27 12:26:40', 0),
	(39, 3, 'LAS MINAS 1', 15.34, '2015-09-10 10:00:00', '00:09:55', '2015-08-08 13:01:41', '2015-08-27 12:26:40', 0),
	(40, 3, 'STREET STAGE LEON 1', 1.91, '2015-09-10 10:15:00', '00:01:16', '2015-08-08 13:01:41', '2015-08-27 12:26:40', 0),
	(41, 3, 'LOS MEXICANOS 2', 9.68, '2015-09-10 10:30:00', '00:06:24', '2015-08-08 13:01:41', '2015-08-27 12:26:40', 0),
	(42, 3, 'EL CHOCOLATE 2', 44.17, '2015-09-10 10:45:00', '00:26:09', '2015-08-08 13:01:41', '2015-08-27 12:26:40', 0),
	(43, 3, 'LAS MINAS 2', 15.43, '2015-09-10 11:00:00', '00:10:17', '2015-08-08 13:01:41', '2015-08-27 12:26:40', 0),
	(44, 3, 'SUPER SPECIAL 2', 4.92, '2015-09-10 11:15:00', '00:03:15', '2015-08-08 13:01:42', '2015-08-27 12:26:40', 0),
	(45, 3, 'IBARRILLA 1', 30.89, '2015-09-10 11:30:00', '00:18:10', '2015-08-08 13:01:42', '2015-08-27 12:26:40', 0),
	(46, 3, 'OTATES 1', 42.44, '2015-09-10 11:45:00', '00:24:18', '2015-08-08 13:01:42', '2015-08-27 12:26:40', 0),
	(47, 3, 'EL BRINCO 1', 8.42, '2015-09-10 12:00:00', '00:05:36', '2015-08-08 13:01:42', '2015-08-27 12:26:40', 0),
	(48, 3, 'STREET STAGE LEON 2', 1.91, '2015-09-10 12:15:00', '00:01:06', '2015-08-08 13:01:42', '2015-08-27 12:26:40', 0),
	(49, 3, 'IBARRILLA 2', 30.48, '2015-09-10 12:30:00', '00:18:10', '2015-08-08 13:01:42', '2015-08-27 12:26:40', 0),
	(50, 3, 'OTATES 2', 42.59, '2015-09-10 12:45:00', '00:26:20', '2015-08-08 13:01:42', '2015-08-27 12:26:40', 0),
	(51, 3, 'EL BRINCO 2', 8.96, '2015-09-10 13:00:00', '00:05:19', '2015-08-08 13:01:42', '2015-08-27 12:26:40', 0),
	(52, 4, 'SUPER ESPECIAL MERLO', 2.89, '2015-09-17 09:00:00', '00:01:44', '2015-08-08 13:05:33', '2015-08-27 12:26:40', 0),
	(53, 4, 'AGUA DE ORO - ASCOCHINGA', 51.78, '2015-09-17 09:15:00', '00:33:45', '2015-08-08 13:05:33', '2015-08-27 12:26:40', 0),
	(54, 4, 'VILLA BUSTOS - TANTI', 19.68, '2015-09-17 09:30:00', '00:11:31', '2015-08-08 13:05:33', '2015-08-27 12:26:40', 0),
	(55, 4, 'AGUA DE ORO - ASCOCHINGA II', 51.78, '2015-09-17 09:45:00', '00:33:45', '2015-08-08 13:05:33', '2015-08-27 12:26:40', 0),
	(56, 4, 'VILLA BUSTOS - TANTI II', 19.68, '2015-09-17 10:00:00', '00:11:31', '2015-08-08 13:05:33', '2015-08-27 12:26:40', 0),
	(57, 4, 'SUPER ESPECIAL FERNET BRANCA', 6.84, '2015-09-17 10:15:00', '00:04:34', '2015-08-08 13:05:33', '2015-08-27 12:26:40', 0),
	(58, 4, 'FERNET BRANCA', 23.35, '2015-09-17 10:30:00', '00:14:28', '2015-08-08 13:05:33', '2015-08-27 12:26:40', 0),
	(59, 4, 'SAN MARCOS', 42.41, '2015-09-17 10:45:00', '00:24:06', '2015-08-08 13:05:33', '2015-08-27 12:26:40', 0),
	(60, 4, 'FERNET BRANCA II', 23.35, '2015-09-17 11:00:00', '00:14:28', '2015-08-08 13:05:33', '2015-08-27 12:26:40', 0),
	(61, 4, 'SAN MARCOS II', 42.41, '2015-09-17 11:15:00', '00:24:06', '2015-08-08 13:05:33', '2015-08-27 12:26:40', 0),
	(62, 4, 'EL CONDOR', 16.60, '2015-09-17 11:30:00', '00:10:07', '2015-08-08 13:05:33', '2015-08-27 12:26:40', 0),
	(63, 4, 'POWER STAGE EL CONDOR', 16.17, '2015-09-17 11:45:00', '00:10:48', '2015-08-08 13:05:33', '2015-08-27 12:26:40', 0),
	(71, 5, 'CAMINHA', 18.40, '2015-09-24 09:00:00', '00:12:09', '2015-08-08 13:09:54', '2015-08-27 12:26:40', 0),
	(70, 5, 'PONTE DE LIMA 1', 27.64, '2015-09-24 09:15:00', '00:18:27', '2015-08-08 13:09:54', '2015-08-27 12:26:40', 0),
	(69, 5, 'LOUSADA', 3.14, '2015-09-24 09:30:00', '00:01:55', '2015-08-08 13:09:53', '2015-08-27 12:26:40', 0),
	(72, 5, 'VIANA DO CASTELO', 18.36, '2015-09-24 09:45:00', '00:12:22', '2015-08-08 13:09:54', '2015-08-27 12:26:40', 0),
	(73, 5, 'PONTE DE LIMA 2', 27.72, '2015-09-24 10:00:00', '00:18:39', '2015-08-08 13:09:54', '2015-08-27 12:26:40', 0),
	(74, 5, 'CAMINHA 2', 18.40, '2015-09-24 10:15:00', '00:12:09', '2015-08-08 13:09:54', '2015-08-27 12:26:40', 0),
	(75, 5, 'VIANA DO CASTELO 2', 18.36, '2015-09-24 10:30:00', '00:12:22', '2015-08-08 13:09:54', '2015-08-27 12:26:40', 0),
	(76, 5, 'BAIAO', 18.28, '2015-09-24 10:45:00', '00:10:17', '2015-08-08 13:09:54', '2015-08-27 12:26:40', 0),
	(77, 5, 'MARAO', 26.53, '2015-09-24 11:00:00', '00:16:05', '2015-08-08 13:09:54', '2015-08-27 12:26:40', 0),
	(78, 5, 'FRIDAO', 37.53, '2015-09-24 11:15:00', '00:24:40', '2015-08-08 13:09:54', '2015-08-27 12:26:40', 0),
	(79, 5, 'BAIAO 2', 18.28, '2015-09-24 11:30:00', '00:10:17', '2015-08-08 13:09:54', '2015-08-27 12:26:40', 0),
	(80, 5, 'MARAO 2', 26.53, '2015-09-24 11:45:00', '00:16:05', '2015-08-08 13:09:54', '2015-08-27 12:26:40', 0),
	(81, 5, 'FRIDAO 2', 37.53, '2015-09-24 12:00:00', '00:24:40', '2015-08-08 13:09:54', '2015-08-27 12:26:40', 0),
	(82, 5, 'FAFE 1', 11.39, '2015-09-24 12:15:00', '00:06:49', '2015-08-08 13:09:54', '2015-08-27 12:26:40', 0),
	(83, 5, 'VIEIRA DO MINHO', 32.38, '2015-09-24 12:30:00', '00:19:17', '2015-08-08 13:09:54', '2015-08-27 12:26:40', 0),
	(84, 5, 'FAFE 2', 11.56, '2015-09-24 12:45:00', '00:07:04', '2015-08-08 13:09:55', '2015-08-27 12:26:40', 0),
	(85, 6, 'CITTA\' DI GAGLIARI', 2.29, '2015-10-01 09:00:00', '00:01:32', '2015-08-08 14:53:32', '2015-08-27 12:26:40', 0),
	(86, 6, 'GRIGHINE SUD', 26.31, '2015-10-01 09:15:00', '00:18:06', '2015-08-08 14:53:33', '2015-08-27 12:26:40', 0),
	(87, 6, 'GRIGHINE NORD', 18.68, '2015-10-01 09:30:00', '00:11:03', '2015-08-08 14:53:33', '2015-08-27 12:26:40', 0),
	(88, 6, 'MONTIFERRU', 14.86, '2015-10-01 09:45:00', '00:10:12', '2015-08-08 14:53:33', '2015-08-27 12:26:40', 0),
	(89, 6, 'SAGAMA', 2.41, '2015-10-01 10:00:00', '00:01:24', '2015-08-08 14:53:33', '2015-08-27 12:26:40', 0),
	(90, 6, 'SAGAMA 2', 2.41, '2015-10-01 10:15:00', '00:01:24', '2015-08-08 14:53:33', '2015-08-27 12:26:40', 0),
	(91, 6, 'SINIS - MONT\' E PRAMA', 14.70, '2015-10-01 10:30:00', '00:08:43', '2015-08-08 14:53:33', '2015-08-27 12:26:40', 0),
	(92, 6, 'GRIGHINE SUD 2', 26.31, '2015-10-01 10:45:00', '00:18:06', '2015-08-08 14:53:33', '2015-08-27 12:26:40', 0),
	(93, 6, 'GRIGHINE NORD 2', 18.68, '2015-10-01 11:00:00', '00:11:03', '2015-08-08 14:53:33', '2015-08-27 12:26:40', 0),
	(94, 6, 'MONTIFERRU 2', 14.86, '2015-10-01 11:15:00', '00:10:12', '2015-08-08 14:53:33', '2015-08-27 12:26:40', 0),
	(95, 6, 'ITTIRI ARENA', 1.98, '2015-10-01 11:30:00', '00:01:16', '2015-08-08 14:53:33', '2015-08-27 12:26:40', 0),
	(96, 6, 'MONTI DI ALA\' 1', 22.96, '2015-10-01 11:45:00', '00:14:46', '2015-08-08 14:53:33', '2015-08-27 12:26:40', 0),
	(97, 6, 'COILUNA - LOELLE', 36.43, '2015-10-01 12:00:00', '00:24:20', '2015-08-08 14:53:33', '2015-08-27 12:26:40', 0),
	(98, 6, 'MONTE LERNO', 42.55, '2015-10-01 12:15:00', '00:29:11', '2015-08-08 14:53:33', '2015-08-27 12:26:40', 0),
	(99, 6, 'OZIERI - ARDARA', 7.70, '2015-10-01 12:30:00', '00:04:36', '2015-08-08 14:53:33', '2015-08-27 12:26:40', 0),
	(100, 6, 'ITTIRI ARENA 2', 1.98, '2015-10-01 12:45:00', '00:01:16', '2015-08-08 14:53:34', '2015-08-27 12:26:40', 0),
	(101, 6, 'MONTI DI ALA\' 2', 22.50, '2015-10-01 13:00:00', '00:15:03', '2015-08-08 14:53:34', '2015-08-27 12:26:40', 0),
	(102, 7, 'MIKOLAJKI ARENA', 2.40, '2015-10-08 09:00:00', '00:01:29', '2015-08-08 14:58:53', '2015-08-27 12:26:40', 0),
	(103, 7, 'GORKLO', 13.40, '2015-10-08 09:15:00', '00:09:04', '2015-08-08 14:58:53', '2015-08-27 12:26:40', 0),
	(104, 7, 'GOLDAP', 14.65, '2015-10-08 09:30:00', '00:08:22', '2015-08-08 14:58:53', '2015-08-27 12:26:40', 0),
	(105, 7, 'BABKI', 14.87, '2015-10-08 09:45:00', '00:09:18', '2015-08-08 14:58:54', '2015-08-27 12:26:40', 0),
	(106, 7, 'STANCZYKI', 39.62, '2015-10-08 10:00:00', '00:24:49', '2015-08-08 14:58:54', '2015-08-27 12:26:40', 0),
	(107, 7, 'BABKI 2', 14.87, '2015-10-08 10:15:00', '00:09:18', '2015-08-08 14:58:54', '2015-08-27 12:26:40', 0),
	(108, 7, 'STANCZYKI 2', 39.62, '2015-10-08 10:30:00', '00:24:49', '2015-08-08 14:58:54', '2015-08-27 12:26:40', 0),
	(109, 7, 'GOLDAP 2', 14.65, '2015-10-08 10:45:00', '00:08:22', '2015-08-08 14:58:54', '2015-08-27 12:26:40', 0),
	(110, 7, 'MIKOLAJKI ARENA 2', 2.40, '2015-10-08 11:00:00', '00:01:29', '2015-08-08 14:58:54', '2015-08-27 12:26:40', 0),
	(111, 7, 'MAZURY', 17.52, '2015-10-08 11:15:00', '00:11:18', '2015-08-08 14:58:54', '2015-08-27 12:26:40', 0),
	(112, 7, 'WIELICZKI', 12.62, '2015-10-08 11:30:00', '00:08:24', '2015-08-08 14:58:54', '2015-08-27 12:26:40', 0),
	(113, 7, 'SWIETAJNO', 21.59, '2015-10-08 11:45:00', '00:13:26', '2015-08-08 14:58:54', '2015-08-27 12:26:40', 0),
	(114, 7, 'PAPROTKI', 23.68, '2015-10-08 12:00:00', '00:14:49', '2015-08-08 14:58:54', '2015-08-27 12:26:40', 0),
	(115, 7, 'MAZURY 2', 17.52, '2015-10-08 12:15:00', '00:11:18', '2015-08-08 14:58:54', '2015-08-27 12:26:40', 0),
	(116, 7, 'WIELICZKI 2', 12.62, '2015-10-08 12:30:00', '00:08:24', '2015-08-08 14:58:54', '2015-08-27 12:26:40', 0),
	(117, 7, 'SWIETAJNO 2', 21.59, '2015-10-08 12:45:00', '00:13:26', '2015-08-08 14:58:54', '2015-08-27 12:26:40', 0),
	(118, 7, 'MIKOLAJKI ARENA 3', 2.40, '2015-10-08 13:00:00', '00:01:29', '2015-08-08 14:58:55', '2015-08-27 12:26:40', 0),
	(119, 8, 'HARJU', 2.21, '2015-10-15 09:00:00', '00:01:31', '2015-08-08 17:48:37', '2015-08-27 12:26:40', 0),
	(120, 8, 'PIHLAJAKOSKI', 14.65, '2015-10-15 09:15:00', '00:08:41', '2015-08-08 17:48:38', '2015-08-27 12:26:40', 0),
	(121, 8, 'PAIJALA', 23.28, '2015-10-15 09:30:00', '00:13:49', '2015-08-08 17:48:38', '2015-08-27 12:26:40', 0),
	(122, 8, 'OUNINPOHJA', 34.51, '2015-10-15 09:45:00', '00:23:02', '2015-08-08 17:48:38', '2015-08-27 12:26:40', 0),
	(123, 8, 'HIMOS', 5.16, '2015-10-15 10:00:00', '00:03:06', '2015-08-08 17:48:38', '2015-08-27 12:26:40', 0),
	(124, 8, 'PIHLAJAKOSKI 2', 14.65, '2015-10-15 10:15:00', '00:08:41', '2015-08-08 17:48:38', '2015-08-27 12:26:40', 0),
	(125, 8, 'PAIJALA 2', 23.28, '2015-10-15 10:30:00', '00:13:49', '2015-08-08 17:48:38', '2015-08-27 12:26:40', 0),
	(126, 8, 'OUNINPOHJA 2', 34.51, '2015-10-15 10:45:00', '00:23:02', '2015-08-08 17:48:38', '2015-08-27 12:26:40', 0),
	(127, 8, 'HIMOS 2', 5.16, '2015-10-15 11:00:00', '00:03:06', '2015-08-08 17:48:38', '2015-08-27 12:26:40', 0),
	(128, 8, 'HARJU 2', 2.21, '2015-10-15 11:15:00', '00:01:31', '2015-08-08 17:48:38', '2015-08-27 12:26:40', 0),
	(129, 8, 'MOKKIPERA', 13.60, '2015-10-15 11:30:00', '00:09:10', '2015-08-08 17:48:38', '2015-08-27 12:26:40', 0),
	(130, 8, 'JUKOJARVI', 21.78, '2015-10-15 11:45:00', '00:12:43', '2015-08-08 17:48:38', '2015-08-27 12:26:40', 0),
	(131, 8, 'SURKEE', 14.25, '2015-10-15 12:00:00', '00:08:31', '2015-08-08 17:48:38', '2015-08-27 12:26:40', 0),
	(132, 8, 'HORKKA', 15.22, '2015-10-15 12:15:00', '00:08:47', '2015-08-08 17:48:38', '2015-08-27 12:26:40', 0),
	(133, 8, 'MOKKIPERA 2', 13.60, '2015-10-15 12:30:00', '00:09:10', '2015-08-08 17:48:38', '2015-08-27 12:26:40', 0),
	(134, 8, 'JUKOJARVI 2', 21.78, '2015-10-15 12:45:00', '00:12:43', '2015-08-08 17:48:38', '2015-08-27 12:26:40', 0),
	(135, 8, 'SURKEE 2', 14.25, '2015-10-15 13:00:00', '00:08:31', '2015-08-08 17:48:39', '2015-08-27 12:26:40', 0),
	(136, 9, 'Sauertal', 14.84, '2015-10-22 09:00:00', '00:10:08', '2015-08-08 18:06:00', '2015-08-27 12:26:40', 0),
	(137, 9, 'Waxweiler', 16.45, '2015-10-22 09:15:00', '00:09:25', '2015-08-08 18:06:00', '2015-08-27 12:26:40', 0),
	(138, 9, 'Moselland', 23.37, '2015-10-22 09:30:00', '00:15:18', '2015-08-08 18:06:00', '2015-08-27 12:26:40', 0),
	(139, 9, 'Sauertal 2', 14.84, '2015-10-22 09:45:00', '00:10:08', '2015-08-08 18:06:00', '2015-08-27 12:26:40', 0),
	(140, 9, 'Waxweiler 2', 16.45, '2015-10-22 10:00:00', '00:09:25', '2015-08-08 18:06:00', '2015-08-27 12:26:40', 0),
	(141, 9, 'Moselland 2', 23.37, '2015-10-22 10:15:00', '00:15:18', '2015-08-08 18:06:00', '2015-08-27 12:26:40', 0),
	(142, 9, 'Mittelmosel 2', 13.80, '2015-10-22 10:30:00', '00:08:57', '2015-08-08 18:06:00', '2015-08-27 12:26:40', 0),
	(143, 9, 'Grafschaft', 18.76, '2015-10-22 10:45:00', '00:10:56', '2015-08-08 18:06:00', '2015-08-27 12:26:40', 0),
	(144, 9, 'Bosenberg', 17.55, '2015-10-22 11:00:00', '00:11:49', '2015-08-08 18:06:00', '2015-08-27 12:26:40', 0),
	(145, 9, 'Arena Panzerplatte', 2.48, '2015-10-22 11:15:00', '00:01:26', '2015-08-08 18:06:00', '2015-08-27 12:26:40', 0),
	(146, 9, 'Arena Panzerplatte 2', 2.48, '2015-10-22 11:30:00', '00:01:26', '2015-08-08 18:06:01', '2015-08-27 12:26:40', 0),
	(147, 9, 'Panzerplatte Lang', 45.37, '2015-10-22 11:45:00', '00:27:48', '2015-08-08 18:06:01', '2015-08-27 12:26:40', 0),
	(148, 9, 'Grafschaft 2', 18.76, '2015-10-22 12:00:00', '00:10:56', '2015-08-08 18:06:01', '2015-08-27 12:26:40', 0),
	(149, 9, 'Arena Panzerplatte 3', 2.48, '2015-10-22 12:15:00', '00:01:26', '2015-08-08 18:06:01', '2015-08-27 12:26:40', 0),
	(150, 9, 'Panzerplatte Lang 2', 45.37, '2015-10-22 12:30:00', '00:27:48', '2015-08-08 18:06:01', '2015-08-27 12:26:40', 0),
	(151, 9, 'Bosenberg 2', 17.55, '2015-10-22 12:45:00', '00:11:49', '2015-08-08 18:06:01', '2015-08-27 12:26:40', 0),
	(152, 9, 'Stei & Wein', 19.32, '2015-10-22 13:00:00', '00:11:51', '2015-08-08 18:06:01', '2015-08-27 12:26:40', 0),
	(153, 10, 'Hydes Creek', 10.48, '2015-10-29 09:00:00', '00:06:24', '2015-08-08 18:15:39', '2015-08-27 12:26:40', 0),
	(154, 10, 'Bellingen', 10.21, '2015-10-29 09:15:00', '00:06:09', '2015-08-08 18:15:39', '2015-08-27 12:26:40', 0),
	(155, 10, 'Newry', 24.86, '2015-10-29 09:30:00', '00:14:13', '2015-08-08 18:15:39', '2015-08-27 12:26:40', 0),
	(156, 10, 'Hydes Creek 2', 10.48, '2015-10-29 09:45:00', '00:06:24', '2015-08-08 18:15:40', '2015-08-27 12:26:40', 0),
	(157, 10, 'Bellingen 2', 10.21, '2015-10-29 10:00:00', '00:06:09', '2015-08-08 18:15:40', '2015-08-27 12:26:40', 0),
	(158, 10, 'Newry 2', 24.86, '2015-10-29 10:15:00', '00:14:13', '2015-08-08 18:15:40', '2015-08-27 12:26:40', 0),
	(159, 10, 'Super Special Stage ', 1.55, '2015-10-29 10:30:00', '00:00:59', '2015-08-08 18:15:40', '2015-08-27 12:26:40', 0),
	(160, 10, 'Super Special Stage 2', 1.81, '2015-10-29 10:45:00', '00:01:02', '2015-08-08 18:15:40', '2015-08-27 12:26:40', 0),
	(161, 10, 'Nambucca', 48.21, '2015-10-29 11:00:00', '00:30:16', '2015-08-08 18:15:40', '2015-08-27 12:26:40', 0),
	(162, 10, 'Valla', 8.90, '2015-10-29 11:15:00', '00:05:54', '2015-08-08 18:15:40', '2015-08-27 12:26:40', 0),
	(163, 10, 'Nambucca 2', 48.21, '2015-10-29 11:30:00', '00:30:16', '2015-08-08 18:15:40', '2015-08-27 12:26:40', 0),
	(164, 10, 'Valla 2', 8.90, '2015-10-29 11:45:00', '00:05:54', '2015-08-08 18:15:40', '2015-08-27 12:26:40', 0),
	(165, 10, 'Super Special Stage 3', 1.81, '2015-10-29 12:00:00', '00:01:03', '2015-08-08 18:15:40', '2015-08-27 12:26:40', 0),
	(166, 10, 'Super Special Stage 4', 1.50, '2015-10-29 12:15:00', '00:00:59', '2015-08-08 18:15:40', '2015-08-27 12:26:40', 0),
	(167, 10, 'Shipmans', 24.14, '2015-10-29 12:30:00', '00:15:05', '2015-08-08 18:15:40', '2015-08-27 12:26:40', 0),
	(168, 10, 'Bucca', 10.90, '2015-10-29 12:45:00', '00:07:30', '2015-08-08 18:15:40', '2015-08-27 12:26:40', 0),
	(169, 10, 'Wedding Bells', 9.37, '2015-10-29 13:00:00', '00:05:36', '2015-08-08 18:15:40', '2015-08-27 12:26:40', 0),
	(170, 11, 'Plage du LIamone', 19.91, '2015-11-05 09:00:00', '00:11:27', '2015-08-09 09:08:16', '2015-08-27 12:26:40', 0),
	(171, 11, 'Casamozza', 23.66, '2015-11-05 09:15:00', '00:16:16', '2015-08-09 09:08:16', '2015-08-27 12:26:40', 0),
	(172, 11, 'Francardo', 16.34, '2015-11-05 09:30:00', '00:09:58', '2015-08-09 09:08:16', '2015-08-27 12:26:40', 0),
	(173, 11, 'Plage du Liamone 2', 19.91, '2015-11-05 09:45:00', '00:11:27', '2015-08-09 09:08:16', '2015-08-27 12:26:40', 0),
	(174, 11, 'Casamozza 2', 23.66, '2015-11-05 10:00:00', '00:16:16', '2015-08-09 09:08:16', '2015-08-27 12:26:40', 0),
	(175, 11, 'Francardo 2', 16.34, '2015-11-05 10:15:00', '00:09:58', '2015-08-09 09:08:16', '2015-08-27 12:26:40', 0),
	(176, 11, 'Casamozza 3', 23.66, '2015-11-05 10:30:00', '00:16:16', '2015-08-09 09:08:16', '2015-08-27 12:26:40', 0),
	(177, 11, 'Francardo 3', 16.34, '2015-11-05 10:45:00', '00:09:58', '2015-08-09 09:08:16', '2015-08-27 12:26:40', 0),
	(178, 11, 'Muracciole', 28.92, '2015-11-05 11:00:00', '00:18:02', '2015-08-09 09:08:16', '2015-08-27 12:26:40', 0),
	(179, 11, 'Sotta', 26.28, '2015-11-05 11:15:00', '00:16:59', '2015-08-09 09:08:16', '2015-08-27 12:26:40', 0),
	(180, 11, 'Muracciole', 28.46, '2015-11-05 11:30:00', '00:19:17', '2015-08-09 09:08:16', '2015-08-12 15:56:58', 0),
	(181, 11, 'Zerubia', 31.43, '2015-11-05 11:45:00', '00:18:53', '2015-08-09 09:08:16', '2015-08-27 12:26:40', 0),
	(182, 11, 'Bisinao', 16.74, '2015-11-05 12:00:00', '00:11:31', '2015-08-09 09:08:16', '2015-08-27 12:26:40', 0),
	(183, 11, 'Zerubia 2', 31.43, '2015-11-05 12:15:00', '00:18:53', '2015-08-09 09:08:16', '2015-08-27 12:26:40', 0),
	(184, 11, 'Bisinao 2', 16.74, '2015-11-05 12:30:00', '00:11:31', '2015-08-09 09:08:17', '2015-08-27 12:26:40', 0),
	(185, 12, 'Barcelona', 3.11, '2015-11-12 09:00:00', '00:01:49', '2015-08-09 09:29:16', '2015-08-27 12:26:41', 0),
	(186, 12, 'Mora d\'Ebre', 9.69, '2015-11-12 09:15:00', '00:06:00', '2015-08-09 09:29:16', '2015-08-27 12:26:41', 0),
	(187, 12, 'Caseres', 12.10, '2015-11-12 09:30:00', '00:07:43', '2015-08-09 09:29:16', '2015-08-27 12:26:41', 0),
	(188, 12, 'Bot', 6.21, '2015-11-12 09:45:00', '00:04:05', '2015-08-09 09:29:16', '2015-08-27 12:26:41', 0),
	(189, 12, 'Terra Alta', 35.41, '2015-11-12 10:00:00', '00:20:36', '2015-08-09 09:29:16', '2015-08-27 12:26:41', 0),
	(190, 12, 'Mora d\'Ebre 2', 9.69, '2015-11-12 10:15:00', '00:06:00', '2015-08-09 09:29:16', '2015-08-27 12:26:41', 0),
	(191, 12, 'Caseres 2', 12.10, '2015-11-12 10:30:00', '00:07:43', '2015-08-09 09:29:16', '2015-08-27 12:26:41', 0),
	(192, 12, 'Bot 2', 6.21, '2015-11-12 10:45:00', '00:04:05', '2015-08-09 09:29:16', '2015-08-27 12:26:41', 0),
	(193, 12, 'Terra Alta 2', 35.41, '2015-11-12 11:00:00', '00:20:36', '2015-08-09 09:29:16', '2015-08-27 12:26:41', 0),
	(194, 12, 'Porrera', 7.91, '2015-11-12 11:15:00', '00:04:45', '2015-08-09 09:29:16', '2015-08-27 12:26:41', 0),
	(195, 12, 'La Figuera', 26.35, '2015-11-12 11:30:00', '00:17:34', '2015-08-09 09:29:16', '2015-08-27 12:26:41', 0),
	(196, 12, 'Poboleda', 10.73, '2015-11-12 11:45:00', '00:06:50', '2015-08-09 09:29:16', '2015-08-27 12:26:41', 0),
	(197, 12, 'Capafonts', 19.13, '2015-11-12 12:00:00', '00:11:39', '2015-08-09 09:29:17', '2015-08-27 12:26:41', 0),
	(198, 12, 'La Figuera 2', 26.35, '2015-11-12 12:15:00', '00:17:34', '2015-08-09 09:29:17', '2015-08-27 12:26:41', 0),
	(199, 12, 'Poboleda 2', 10.73, '2015-11-12 12:30:00', '00:06:50', '2015-08-09 09:29:17', '2015-08-27 12:26:41', 0),
	(200, 12, 'Capafonts 2', 19.13, '2015-11-12 12:45:00', '00:11:39', '2015-08-09 09:29:17', '2015-08-27 12:26:41', 0),
	(201, 12, 'Salou', 2.62, '2015-11-12 13:00:00', '00:01:32', '2015-08-09 09:29:17', '2015-08-27 12:26:41', 0),
	(202, 13, 'Hafren', 32.44, '2015-08-28 09:00:00', '00:20:26', '2015-08-09 09:33:26', '2015-08-28 09:00:00', 1),
	(203, 13, 'Sweet Lamb', 2.97, '2015-08-28 09:15:00', '00:02:00', '2015-08-09 09:33:26', '2015-08-28 09:15:01', 1),
	(204, 13, 'Myherin', 31.73, '2015-08-28 09:30:00', '00:21:28', '2015-08-09 09:33:26', '2015-08-28 09:30:00', 1),
	(205, 13, 'Harfen 2', 32.60, '2015-08-28 09:45:00', '00:18:42', '2015-08-09 09:33:26', '2015-08-28 09:45:01', 1),
	(206, 13, 'Sweet Lamb 2', 2.97, '2015-08-28 10:00:00', '00:02:00', '2015-08-09 09:33:27', '2015-08-28 10:00:01', 1),
	(207, 13, 'Myherin 2', 31.73, '2015-08-28 10:15:00', '00:21:28', '2015-08-09 09:33:27', '2015-08-28 10:15:00', 1),
	(208, 13, 'Gartheiniog', 11.97, '2015-08-28 10:30:00', '00:07:37', '2015-08-09 09:33:27', '2015-08-28 10:30:01', 1),
	(209, 13, 'Dyfi', 25.37, '2015-08-28 10:45:00', '00:16:48', '2015-08-09 09:33:27', '2015-08-28 10:45:00', 1),
	(210, 13, 'Gartheiniog 2', 11.97, '2015-08-28 11:00:00', '00:07:37', '2015-08-09 09:33:27', '2015-08-28 11:00:01', 1),
	(211, 13, 'Dyfi 2', 25.37, '2015-08-28 11:15:00', '00:16:48', '2015-08-09 09:33:27', '2015-08-28 11:15:01', 1),
	(212, 13, 'Dyfnant', 19.89, '2015-08-28 11:30:00', '00:13:38', '2015-08-09 09:33:27', '2015-08-28 11:30:01', 1),
	(213, 13, 'Aberhirnant', 13.70, '2015-08-28 11:45:00', '00:08:15', '2015-08-09 09:33:27', '2015-08-28 11:45:01', 1),
	(214, 13, 'Chirk Castle', 2.28, '2015-08-28 12:00:00', '00:01:26', '2015-08-09 09:33:27', '2015-08-28 12:00:01', 1),
	(215, 13, 'Dynant 2', 19.83, '2015-08-28 12:15:00', '00:11:12', '2015-08-09 09:33:27', '2015-08-28 12:15:00', 1),
	(216, 13, 'Aberhirnant 2', 13.70, '2015-08-28 12:30:00', '00:08:15', '2015-08-09 09:33:27', '2015-08-28 12:30:01', 1),
	(217, 13, 'Brenig', 10.99, '2015-08-28 12:45:00', '00:06:44', '2015-08-09 09:33:27', '2015-08-28 12:45:01', 1),
	(218, 13, 'ALwen', 10.16, '2015-08-28 13:00:00', '00:05:45', '2015-08-09 09:33:27', '2015-08-28 13:00:01', 1),
	(219, 14, 'Pierbach', 18.57, '2015-09-04 09:00:00', '00:10:59', '2015-08-09 14:43:28', '2015-08-27 12:26:41', 0),
	(220, 14, 'Liebenau', 10.10, '2015-09-04 09:15:00', '00:05:48', '2015-08-09 14:43:28', '2015-08-27 12:26:41', 0),
	(221, 14, 'St. Oswald', 8.20, '2015-09-04 09:30:00', '00:04:44', '2015-08-09 14:43:28', '2015-08-27 12:26:41', 0),
	(222, 14, 'Pierbach 2', 18.57, '2015-09-04 09:45:00', '00:10:59', '2015-08-09 14:43:28', '2015-08-27 12:26:41', 0),
	(223, 14, 'Liebenau 2', 10.10, '2015-09-04 10:00:00', '00:05:48', '2015-08-09 14:43:28', '2015-08-27 12:26:41', 0),
	(224, 14, 'St. Ostwald', 8.22, '2015-09-04 10:15:00', '00:05:30', '2015-08-09 14:43:28', '2015-08-27 12:26:41', 0),
	(225, 14, 'Pregarten', 8.44, '2015-09-04 10:30:00', '00:05:09', '2015-08-09 14:43:28', '2015-08-27 12:26:41', 0),
	(226, 14, 'Schonau', 22.80, '2015-09-04 10:45:00', '00:13:08', '2015-08-09 14:43:28', '2015-08-27 12:26:41', 0),
	(227, 14, 'Pregarten 2', 8.44, '2015-09-04 11:00:00', '00:05:09', '2015-08-09 14:43:28', '2015-08-27 12:26:41', 0),
	(228, 14, 'Schonau', 22.81, '2015-09-04 11:15:00', '00:15:18', '2015-08-09 14:43:28', '2015-08-12 15:56:58', 0),
	(229, 14, 'Gutau', 8.68, '2015-09-04 11:30:00', '00:04:56', '2015-08-09 14:43:28', '2015-08-27 12:26:41', 0),
	(230, 14, 'Unterweissenbach 2', 12.31, '2015-09-04 11:45:00', '00:08:00', '2015-08-09 14:43:29', '2015-08-27 12:26:41', 0),
	(231, 14, 'Arena Konigswiesen', 7.33, '2015-09-04 12:00:00', '00:04:44', '2015-08-09 14:43:29', '2015-08-27 12:26:41', 0),
	(232, 14, 'Gutau 2', 8.68, '2015-09-04 12:15:00', '00:04:56', '2015-08-09 14:43:29', '2015-08-27 12:26:41', 0),
	(233, 14, 'Unterweissenbach', 12.31, '2015-09-04 12:30:00', '00:08:00', '2015-08-09 14:43:29', '2015-08-27 12:26:41', 0),
	(234, 14, 'Arena Konigswiesen', 7.76, '2015-09-04 12:45:00', '00:00:00', '2015-08-09 14:43:29', '2015-08-12 15:56:58', 0),
	(235, 14, 'Bad Zell', 21.71, '2015-09-04 13:00:00', '00:13:15', '2015-08-09 14:43:29', '2015-08-27 12:26:41', 0),
	(236, 15, 'Basi', 16.11, '2015-09-11 09:00:00', '00:09:22', '2015-08-09 14:47:07', '2015-08-27 12:26:41', 0),
	(237, 15, 'Kuldiga', 36.11, '2015-09-11 09:15:00', '00:23:38', '2015-08-09 14:47:07', '2015-08-27 12:26:41', 0),
	(238, 15, 'Ecorent', 7.80, '2015-09-11 09:30:00', '00:04:25', '2015-08-09 14:47:07', '2015-08-27 12:26:41', 0),
	(239, 15, 'Kuldiga 2', 36.11, '2015-09-11 09:45:00', '00:23:38', '2015-08-09 14:47:07', '2015-08-27 12:26:41', 0),
	(240, 15, 'Basi 2', 16.11, '2015-09-11 10:00:00', '00:09:22', '2015-08-09 14:47:07', '2015-08-27 12:26:41', 0),
	(241, 15, 'Podnieki', 11.37, '2015-09-11 10:15:00', '00:07:44', '2015-08-09 14:47:07', '2015-08-27 12:26:41', 0),
	(242, 15, 'Tebra', 12.70, '2015-09-11 10:30:00', '00:07:46', '2015-08-09 14:47:07', '2015-08-27 12:26:41', 0),
	(243, 15, 'Vecpils', 22.64, '2015-09-11 10:45:00', '00:12:54', '2015-08-09 14:47:07', '2015-08-27 12:26:41', 0),
	(244, 15, 'Podnieki 2', 11.37, '2015-09-11 11:00:00', '00:07:44', '2015-08-09 14:47:07', '2015-08-27 12:26:41', 0),
	(245, 15, 'Tebra 2', 12.70, '2015-09-11 11:15:00', '00:07:46', '2015-08-09 14:47:07', '2015-08-27 12:26:41', 0),
	(246, 15, 'Vecpils 2', 22.64, '2015-09-11 11:30:00', '00:12:54', '2015-08-09 14:47:07', '2015-08-27 12:26:41', 0),
	(247, 15, 'Liepaja special', 1.81, '2015-09-11 11:45:00', '00:01:07', '2015-08-09 14:47:07', '2015-08-27 12:26:41', 0),
	(248, 16, 'Bucks Head', 14.47, '2015-09-18 09:00:00', '00:09:37', '2015-08-09 18:29:55', '2015-08-27 12:26:41', 0),
	(249, 16, 'Hamilton\'s Folly', 16.40, '2015-09-18 09:15:00', '00:11:07', '2015-08-09 18:29:55', '2015-08-27 12:26:41', 0),
	(250, 16, 'Lough Henney', 10.42, '2015-09-18 09:30:00', '00:06:26', '2015-08-09 18:29:55', '2015-08-27 12:26:41', 0),
	(251, 16, 'Bucks Head 2', 14.47, '2015-09-18 09:45:00', '00:09:37', '2015-08-09 18:29:55', '2015-08-27 12:26:41', 0),
	(252, 16, 'Hamilton\'s Folly 2', 16.40, '2015-09-18 10:00:00', '00:11:07', '2015-08-09 18:29:56', '2015-08-27 12:26:41', 0),
	(253, 16, 'Lough Henry 2', 10.33, '2015-09-18 10:15:00', '00:06:04', '2015-08-09 18:29:56', '2015-08-27 12:26:41', 0),
	(254, 16, 'Newtownards TT', 1.63, '2015-09-18 10:30:00', '00:01:07', '2015-08-09 18:29:56', '2015-08-27 12:26:41', 0),
	(255, 16, 'Newtownards TT 2', 1.63, '2015-09-18 10:45:00', '00:01:07', '2015-08-09 18:29:56', '2015-08-27 12:26:41', 0),
	(256, 16, 'Bulls Brook', 13.21, '2015-09-18 11:00:00', '00:09:00', '2015-08-09 18:29:56', '2015-08-27 12:26:41', 0),
	(257, 16, 'McGaffins Corner', 26.16, '2015-09-18 11:15:00', '00:16:33', '2015-08-09 18:29:56', '2015-08-27 12:26:41', 0),
	(258, 16, 'Banbridge', 8.58, '2015-09-18 11:30:00', '00:05:18', '2015-08-09 18:29:56', '2015-08-27 12:26:41', 0),
	(259, 16, 'Gregoriough', 14.91, '2015-09-18 11:45:00', '00:08:36', '2015-08-09 18:29:56', '2015-08-27 12:26:41', 0),
	(260, 16, 'Lisburn', 1.78, '2015-09-18 12:00:00', '00:01:04', '2015-08-09 18:29:56', '2015-08-27 12:26:41', 0),
	(261, 16, 'Lisburn 2', 1.78, '2015-09-18 12:15:00', '00:01:04', '2015-08-09 18:29:56', '2015-08-27 12:26:41', 0),
	(262, 16, 'Bulls Brook 2', 13.21, '2015-09-18 12:30:00', '00:09:00', '2015-08-09 18:29:56', '2015-08-27 12:26:41', 0),
	(263, 16, 'McGaffins Corner 2', 26.16, '2015-09-18 12:45:00', '00:16:33', '2015-08-09 18:29:56', '2015-08-27 12:26:41', 0),
	(264, 16, 'Banbridge 2', 8.58, '2015-09-18 13:00:00', '00:05:18', '2015-08-09 18:29:56', '2015-08-27 12:26:41', 0),
	(265, 17, 'Grupo Marques', 3.34, '2015-09-25 09:00:00', '00:01:52', '2015-08-09 18:37:22', '2015-08-27 12:26:41', 0),
	(266, 17, 'Solucoes', 7.96, '2015-09-25 09:15:00', '00:04:28', '2015-08-09 18:37:23', '2015-08-27 12:26:41', 0),
	(267, 17, 'Vila Franca', 12.79, '2015-09-25 09:30:00', '00:08:44', '2015-08-09 18:37:23', '2015-08-27 12:26:41', 0),
	(268, 17, 'Lagoa Meo', 6.28, '2015-09-25 09:45:00', '00:04:15', '2015-08-09 18:37:23', '2015-08-27 12:26:41', 0),
	(269, 17, 'Pico da Pedra Golfe', 7.86, '2015-09-25 10:00:00', '00:05:23', '2015-08-09 18:37:23', '2015-08-27 12:26:41', 0),
	(270, 17, 'Feteiras', 7.88, '2015-09-25 10:15:00', '00:05:21', '2015-08-09 18:37:23', '2015-08-27 12:26:41', 0),
	(271, 17, 'Sete Cidades', 28.57, '2015-09-25 10:30:00', '00:16:38', '2015-08-09 18:37:23', '2015-08-27 12:26:41', 0),
	(272, 17, 'Lagoa Meo 2', 6.28, '2015-09-25 10:45:00', '00:04:15', '2015-08-09 18:37:23', '2015-08-27 12:26:41', 0),
	(273, 17, 'Pico da Pedra Golfe 2', 7.86, '2015-09-25 11:00:00', '00:05:23', '2015-08-09 18:37:23', '2015-08-27 12:26:41', 0),
	(274, 17, 'Feteiras 2', 7.88, '2015-09-25 11:15:00', '00:05:21', '2015-08-09 18:37:23', '2015-08-27 12:26:41', 0),
	(275, 17, 'Sete Cidades 2', 28.57, '2015-09-25 11:30:00', '00:16:38', '2015-08-09 18:37:23', '2015-08-27 12:26:41', 0),
	(276, 17, 'Graminhais', 20.84, '2015-09-25 11:45:00', '00:11:52', '2015-08-09 18:37:23', '2015-08-27 12:26:41', 0),
	(277, 17, 'Tronqueira', 21.68, '2015-09-25 12:00:00', '00:13:16', '2015-08-09 18:37:23', '2015-08-27 12:26:41', 0),
	(278, 17, 'Grupo Marques 2', 3.34, '2015-09-25 12:15:00', '00:01:52', '2015-08-09 18:37:23', '2015-08-27 12:26:41', 0),
	(279, 17, 'Vila Franca 2', 12.79, '2015-09-25 12:30:00', '00:08:44', '2015-08-09 18:37:23', '2015-08-27 12:26:41', 0),
	(280, 17, 'Graminhais 2', 20.84, '2015-09-25 12:45:00', '00:11:52', '2015-08-09 18:37:24', '2015-08-27 12:26:41', 0),
	(281, 17, 'Tronqueira 2', 21.68, '2015-09-25 13:00:00', '00:13:16', '2015-08-09 18:37:24', '2015-08-27 12:26:41', 0),
	(282, 18, 'Langemark', 12.57, '2015-10-02 09:00:00', '00:08:12', '2015-08-10 10:35:26', '2015-08-27 12:26:41', 0),
	(283, 18, 'Dikkebus', 14.73, '2015-10-02 09:15:00', '00:08:58', '2015-08-10 10:35:26', '2015-08-27 12:26:41', 0),
	(284, 18, 'Wijtschate', 13.43, '2015-10-02 09:30:00', '00:08:52', '2015-08-10 10:35:27', '2015-08-27 12:26:41', 0),
	(285, 18, 'Mesen', 7.80, '2015-10-02 09:45:00', '00:05:11', '2015-08-10 10:35:27', '2015-08-27 12:26:41', 0),
	(286, 18, 'Dikkebus 2', 14.73, '2015-10-02 10:00:00', '00:08:58', '2015-08-10 10:35:27', '2015-08-27 12:26:41', 0),
	(287, 18, 'Wijtschate 2', 13.43, '2015-10-02 10:15:00', '00:08:52', '2015-08-10 10:35:27', '2015-08-27 12:26:41', 0),
	(288, 18, 'Mesen 2', 7.80, '2015-10-02 10:30:00', '00:05:11', '2015-08-10 10:35:27', '2015-08-27 12:26:41', 0),
	(289, 18, 'Reninge', 14.22, '2015-10-02 10:45:00', '00:08:57', '2015-08-10 10:35:27', '2015-08-27 12:26:41', 0),
	(290, 18, 'Watou', 14.25, '2015-10-02 11:00:00', '00:08:02', '2015-08-10 10:35:27', '2015-08-27 12:26:41', 0),
	(291, 18, 'Westouter-Boeschepe', 19.34, '2015-10-02 11:15:00', '00:12:51', '2015-08-10 10:35:27', '2015-08-27 12:26:41', 0),
	(292, 18, 'Kemmelberg', 13.64, '2015-10-02 11:30:00', '00:08:42', '2015-08-10 10:35:27', '2015-08-27 12:26:41', 0),
	(293, 18, 'Hollebeket', 23.99, '2015-10-02 11:45:00', '00:15:52', '2015-08-10 10:35:27', '2015-08-27 12:26:41', 0),
	(294, 18, 'Reninge 2', 14.22, '2015-10-02 12:00:00', '00:08:57', '2015-08-10 10:35:27', '2015-08-27 12:26:41', 0),
	(295, 18, 'Watou 2', 14.25, '2015-10-02 12:15:00', '00:08:02', '2015-08-10 10:35:27', '2015-08-27 12:26:41', 0),
	(296, 18, 'Westouter-Boeschepe 2', 19.34, '2015-10-02 12:30:00', '00:12:51', '2015-08-10 10:35:27', '2015-08-27 12:26:41', 0),
	(297, 18, 'Kemmelberg 2', 13.64, '2015-10-02 12:45:00', '00:08:42', '2015-08-10 10:35:27', '2015-08-27 12:26:41', 0),
	(298, 18, 'Hollebeke 2', 23.15, '2015-10-02 13:00:00', '00:15:30', '2015-08-10 10:35:27', '2015-08-27 12:26:41', 0),
	(418, 26, 'Tartu City', 1.31, '2015-10-09 09:00:00', '00:00:48', '2015-08-10 10:51:22', '2015-08-27 12:26:41', 0),
	(419, 26, 'Arula', 8.33, '2015-10-09 09:15:00', '00:05:40', '2015-08-10 10:51:22', '2015-08-27 12:26:41', 0),
	(420, 26, 'Urvaste', 14.14, '2015-10-09 09:30:00', '00:09:36', '2015-08-10 10:51:22', '2015-08-27 12:26:41', 0),
	(421, 26, 'Raiga', 9.84, '2015-10-09 09:45:00', '00:05:56', '2015-08-10 10:51:22', '2015-08-27 12:26:41', 0),
	(422, 26, 'Ristimae', 34.69, '2015-10-09 10:00:00', '00:20:54', '2015-08-10 10:51:22', '2015-08-27 12:26:41', 0),
	(423, 26, 'Ristimae 2', 34.69, '2015-10-09 10:15:00', '00:20:54', '2015-08-10 10:51:22', '2015-08-27 12:26:41', 0),
	(424, 26, 'Raiga 2', 9.84, '2015-10-09 10:30:00', '00:05:56', '2015-08-10 10:51:22', '2015-08-27 12:26:41', 0),
	(425, 26, 'Elva', 1.94, '2015-10-09 10:45:00', '00:01:13', '2015-08-10 10:51:23', '2015-08-27 12:26:41', 0),
	(426, 26, 'Vissi', 13.41, '2015-10-09 11:00:00', '00:08:17', '2015-08-10 10:51:23', '2015-08-27 12:26:41', 0),
	(427, 26, 'Sulaoja', 7.19, '2015-10-09 11:15:00', '00:04:11', '2015-08-10 10:51:23', '2015-08-27 12:26:41', 0),
	(428, 26, 'Alakula', 11.72, '2015-10-09 11:30:00', '00:06:46', '2015-08-10 10:51:23', '2015-08-27 12:26:41', 0),
	(429, 26, 'Vissi 2', 13.41, '2015-10-09 11:45:00', '00:08:17', '2015-08-10 10:51:23', '2015-08-27 12:26:41', 0),
	(430, 26, 'Sulaoja 2', 7.19, '2015-10-09 12:00:00', '00:04:11', '2015-08-10 10:51:23', '2015-08-27 12:26:41', 0),
	(431, 26, 'Alakula 2', 11.72, '2015-10-09 12:15:00', '00:06:46', '2015-08-10 10:51:23', '2015-08-27 12:26:41', 0),
	(432, 26, 'Arula 2', 8.33, '2015-10-09 12:30:00', '00:05:40', '2015-08-10 10:51:23', '2015-08-27 12:26:41', 0),
	(433, 26, 'Urwaste 2', 14.60, '2015-10-09 12:45:00', '00:09:11', '2015-08-10 10:51:23', '2015-08-27 12:26:41', 0),
	(435, 27, 'Super Stage Zlin', 9.42, '2015-10-16 09:00:00', '00:06:29', '2015-08-10 10:54:48', '2015-08-27 12:26:41', 0),
	(436, 27, 'Slusovice', 16.88, '2015-10-16 09:15:00', '00:10:54', '2015-08-10 10:54:48', '2015-08-27 12:26:41', 0),
	(437, 27, 'Pindula', 18.70, '2015-10-16 09:30:00', '00:10:54', '2015-08-10 10:54:48', '2015-08-27 12:26:41', 0),
	(438, 27, 'Majak', 13.56, '2015-10-16 09:45:00', '00:08:04', '2015-08-10 10:54:49', '2015-08-27 12:26:41', 0),
	(439, 27, 'Kudlovice', 17.43, '2015-10-16 10:00:00', '00:10:42', '2015-08-10 10:54:49', '2015-08-27 12:26:41', 0),
	(440, 27, 'Slusovice 2', 16.88, '2015-10-16 10:15:00', '00:10:54', '2015-08-10 10:54:49', '2015-08-27 12:26:41', 0),
	(441, 27, 'Pindula 2', 18.70, '2015-10-16 10:30:00', '00:10:54', '2015-08-10 10:54:49', '2015-08-27 12:26:41', 0),
	(442, 27, 'Majak 2', 13.56, '2015-10-16 10:45:00', '00:08:04', '2015-08-10 10:54:49', '2015-08-27 12:26:41', 0),
	(443, 27, 'Kudlovice 2', 17.43, '2015-10-16 11:00:00', '00:10:42', '2015-08-10 10:54:49', '2015-08-27 12:26:41', 0),
	(444, 27, 'Semetin', 11.38, '2015-10-16 11:15:00', '00:07:15', '2015-08-10 10:54:49', '2015-08-27 12:26:41', 0),
	(445, 27, 'Trojak', 23.76, '2015-10-16 11:30:00', '00:13:45', '2015-08-10 10:54:49', '2015-08-27 12:26:41', 0),
	(446, 27, 'Zlutava', 8.12, '2015-10-16 11:45:00', '00:05:30', '2015-08-10 10:54:49', '2015-08-27 12:26:41', 0),
	(447, 27, 'Semestin 2', 11.89, '2015-10-16 12:00:00', '00:07:32', '2015-08-10 10:54:49', '2015-08-27 12:26:41', 0),
	(448, 27, 'Trojak 2', 23.76, '2015-10-16 12:15:00', '00:13:45', '2015-08-10 10:54:49', '2015-08-27 12:26:41', 0),
	(449, 27, 'Zlutava 2', 8.12, '2015-10-16 12:30:00', '00:05:30', '2015-08-10 10:54:49', '2015-08-27 12:26:41', 0),
	(452, 28, 'Asfalistiki', 5.13, '2015-10-23 09:00:00', '00:03:02', '2015-08-10 10:57:37', '2015-08-27 12:26:41', 0),
	(453, 28, 'Kotsiatis', 15.16, '2015-10-23 09:15:00', '00:10:11', '2015-08-10 10:57:37', '2015-08-27 12:26:41', 0),
	(454, 28, 'Lythrodontas', 21.28, '2015-10-23 09:30:00', '00:13:38', '2015-08-10 10:57:37', '2015-08-27 12:26:41', 0),
	(455, 28, 'Lefkara', 17.67, '2015-10-23 09:45:00', '00:10:44', '2015-08-10 10:57:37', '2015-08-27 12:26:41', 0),
	(456, 28, 'Klavdia', 11.69, '2015-10-23 10:00:00', '00:07:48', '2015-08-10 10:57:37', '2015-08-27 12:26:41', 0),
	(457, 28, 'Tseri', 14.25, '2015-10-23 10:15:00', '00:09:26', '2015-08-10 10:57:37', '2015-08-27 12:26:41', 0),
	(458, 28, 'Asinou', 11.46, '2015-10-23 10:30:00', '00:07:44', '2015-08-10 10:57:37', '2015-08-27 12:26:41', 0),
	(459, 28, 'Xerarkaka', 21.61, '2015-10-23 10:45:00', '00:14:51', '2015-08-10 10:57:37', '2015-08-27 12:26:41', 0),
	(460, 28, 'Tseri 2', 14.25, '2015-10-23 11:00:00', '00:09:26', '2015-08-10 10:57:37', '2015-08-27 12:26:41', 0),
	(461, 28, 'Asinou 2', 11.46, '2015-10-23 11:15:00', '00:07:44', '2015-08-10 10:57:37', '2015-08-27 12:26:41', 0),
	(462, 28, 'Xerarkaka 2', 21.61, '2015-10-23 11:30:00', '00:14:51', '2015-08-10 10:57:37', '2015-08-27 12:26:41', 0),
	(463, 28, 'Kotsiatis 2', 15.16, '2015-10-23 11:45:00', '00:10:11', '2015-08-10 10:57:38', '2015-08-27 12:26:41', 0),
	(464, 28, 'Lythrodontas 2', 21.28, '2015-10-23 12:00:00', '00:13:38', '2015-08-10 10:57:38', '2015-08-27 12:26:41', 0),
	(465, 28, 'Lefkara 2', 17.67, '2015-10-23 12:15:00', '00:10:44', '2015-08-10 10:57:38', '2015-08-27 12:26:41', 0),
	(466, 28, 'Klavdia 2', 11.69, '2015-10-23 12:30:00', '00:07:48', '2015-08-10 10:57:38', '2015-08-27 12:26:41', 0),
	(469, 29, 'Aghios Ioannis', 21.66, '2015-10-30 09:00:00', '00:13:46', '2015-08-10 11:00:38', '2015-08-27 12:26:41', 0),
	(470, 29, 'Aghionori', 23.52, '2015-10-30 09:15:00', '00:13:36', '2015-08-10 11:00:38', '2015-08-27 12:26:41', 0),
	(471, 29, 'Psari', 17.44, '2015-10-30 09:30:00', '00:09:57', '2015-08-10 11:00:38', '2015-08-27 12:26:41', 0),
	(472, 29, 'Aghios Ioannis 2', 21.66, '2015-10-30 09:45:00', '00:13:46', '2015-08-10 11:00:38', '2015-08-27 12:26:41', 0),
	(473, 29, 'Aghionori 2', 23.52, '2015-10-30 10:00:00', '00:13:36', '2015-08-10 11:00:38', '2015-08-27 12:26:41', 0),
	(474, 29, 'Psari 2', 17.44, '2015-10-30 10:15:00', '00:09:57', '2015-08-10 11:00:38', '2015-08-27 12:26:41', 0),
	(475, 29, 'Klenia', 18.16, '2015-10-30 10:30:00', '00:11:19', '2015-08-10 11:00:39', '2015-08-27 12:26:41', 0),
	(476, 29, 'Nea Kineta', 22.39, '2015-10-30 10:45:00', '00:14:25', '2015-08-10 11:00:39', '2015-08-27 12:26:41', 0),
	(477, 29, 'Loutraki', 16.45, '2015-10-30 11:00:00', '00:09:36', '2015-08-10 11:00:39', '2015-08-27 12:26:41', 0),
	(478, 29, 'Klenia 2', 18.16, '2015-10-30 11:15:00', '00:11:19', '2015-08-10 11:00:39', '2015-08-27 12:26:41', 0),
	(479, 29, 'Nea Kineta 2', 22.39, '2015-10-30 11:30:00', '00:14:25', '2015-08-10 11:00:39', '2015-08-27 12:26:41', 0),
	(480, 29, 'Loutraki 2', 16.45, '2015-10-30 11:45:00', '00:09:36', '2015-08-10 11:00:39', '2015-08-27 12:26:41', 0),
	(481, 29, 'Klenia 3', 18.16, '2015-10-30 12:00:00', '00:11:19', '2015-08-10 11:00:39', '2015-08-27 12:26:41', 0),
	(482, 29, 'Nea Kineta 3', 22.39, '2015-10-30 12:15:00', '00:14:25', '2015-08-10 11:00:39', '2015-08-27 12:26:41', 0),
	(483, 29, 'Loutraki 3', 16.45, '2015-10-30 12:30:00', '00:09:36', '2015-08-10 11:00:39', '2015-08-27 12:26:41', 0),
	(486, 30, 'Leukerbad', 8.76, '2015-11-06 09:00:00', '00:05:16', '2015-08-10 11:04:16', '2015-08-27 12:26:41', 0),
	(487, 30, 'Crans - Montana', 11.66, '2015-11-06 09:15:00', '00:07:21', '2015-08-10 11:04:17', '2015-08-27 12:26:41', 0),
	(488, 30, 'Anzere', 12.89, '2015-11-06 09:30:00', '00:07:33', '2015-08-10 11:04:17', '2015-08-27 12:26:41', 0),
	(489, 30, 'Sierre - Anniviers', 14.36, '2015-11-06 09:45:00', '00:08:44', '2015-08-10 11:04:17', '2015-08-27 12:26:41', 0),
	(490, 30, 'Veysonnaz', 13.11, '2015-11-06 10:00:00', '00:07:42', '2015-08-10 11:04:17', '2015-08-27 12:26:41', 0),
	(491, 30, 'Nendaz', 12.63, '2015-11-06 10:15:00', '00:07:12', '2015-08-10 11:04:17', '2015-08-27 12:26:41', 0),
	(492, 30, 'Caserne', 6.43, '2015-11-06 10:30:00', '00:04:07', '2015-08-10 11:04:17', '2015-08-27 12:26:41', 0),
	(493, 30, 'Sierre - Anniviers 2', 14.36, '2015-11-06 10:45:00', '00:08:44', '2015-08-10 11:04:17', '2015-08-27 12:26:41', 0),
	(494, 30, 'Veysonnaz 2', 13.11, '2015-11-06 11:00:00', '00:07:42', '2015-08-10 11:04:17', '2015-08-27 12:26:41', 0),
	(495, 30, 'Nendaz 2', 12.63, '2015-11-06 11:15:00', '00:07:12', '2015-08-10 11:04:17', '2015-08-27 12:26:41', 0),
	(496, 30, 'Caserne 2', 6.43, '2015-11-06 11:30:00', '00:04:07', '2015-08-10 11:04:17', '2015-08-27 12:26:42', 0),
	(497, 30, 'Champex - Lac', 16.63, '2015-11-06 11:45:00', '00:09:26', '2015-08-10 11:04:17', '2015-08-27 12:26:42', 0),
	(498, 30, 'Bruson', 10.35, '2015-11-06 12:00:00', '00:06:35', '2015-08-10 11:04:17', '2015-08-27 12:26:42', 0),
	(499, 30, 'Verbier', 15.92, '2015-11-06 12:15:00', '00:10:14', '2015-08-10 11:04:17', '2015-08-27 12:26:42', 0),
	(500, 30, 'Les Cols', 32.86, '2015-11-06 12:30:00', '00:21:21', '2015-08-10 11:04:17', '2015-08-27 12:26:42', 0),
	(501, 30, 'Champex - Lac 2', 16.63, '2015-11-06 12:45:00', '00:09:26', '2015-08-10 11:04:18', '2015-08-27 12:26:42', 0),
	(502, 30, 'Bruson 2', 10.35, '2015-11-06 13:00:00', '00:06:35', '2015-08-10 11:04:18', '2015-08-27 12:26:42', 0),
	(503, 31, 'Jodlowka', 18.52, '2015-11-13 09:00:00', '00:10:49', '2015-08-10 11:11:05', '2015-08-27 12:26:42', 0),
	(504, 31, 'Hucisko', 12.33, '2015-11-13 09:15:00', '00:07:37', '2015-08-10 11:11:05', '2015-08-27 12:26:42', 0),
	(505, 31, 'Jodlowka 2', 18.52, '2015-11-13 09:30:00', '00:10:49', '2015-08-10 11:11:05', '2015-08-27 12:26:42', 0),
	(506, 31, 'Hucisko 2', 12.33, '2015-11-13 09:45:00', '00:07:37', '2015-08-10 11:11:05', '2015-08-27 12:26:42', 0),
	(507, 31, 'Przemysl', 9.62, '2015-11-13 10:00:00', '00:05:54', '2015-08-10 11:11:05', '2015-08-27 12:26:42', 0),
	(508, 31, 'Przemysl 2', 9.62, '2015-11-13 10:15:00', '00:05:54', '2015-08-10 11:11:05', '2015-08-27 12:26:42', 0),
	(509, 31, 'Leszczawka', 9.23, '2015-11-13 10:30:00', '00:05:35', '2015-08-10 11:11:05', '2015-08-27 12:26:42', 0),
	(510, 31, 'Huta Brzuska', 8.82, '2015-11-13 10:45:00', '00:05:53', '2015-08-10 11:11:05', '2015-08-27 12:26:42', 0),
	(511, 31, 'Bircza', 15.63, '2015-11-13 11:00:00', '00:10:29', '2015-08-10 11:11:05', '2015-08-27 12:26:42', 0),
	(512, 31, 'Leszczawka 2', 9.23, '2015-11-13 11:15:00', '00:05:35', '2015-08-10 11:11:06', '2015-08-27 12:26:42', 0),
	(513, 31, 'Huta Brzuska 2', 8.82, '2015-11-13 11:30:00', '00:05:53', '2015-08-10 11:11:06', '2015-08-27 12:26:42', 0),
	(514, 31, 'Bircza 2', 15.63, '2015-11-13 11:45:00', '00:10:29', '2015-08-10 11:11:06', '2015-08-27 12:26:42', 0),
	(515, 31, 'Leszczawka 3', 9.23, '2015-11-13 12:00:00', '00:05:35', '2015-08-10 11:11:06', '2015-08-27 12:26:42', 0),
	(516, 31, 'Huta Brzuska 3', 8.82, '2015-11-13 12:15:00', '00:05:53', '2015-08-10 11:11:06', '2015-08-27 12:26:42', 0),
	(517, 31, 'Bircza 3', 15.63, '2015-11-13 12:30:00', '00:10:29', '2015-08-10 11:11:06', '2015-08-27 12:26:42', 0),
	(520, 32, 'Klodzko', 2.94, '2015-08-29 09:00:00', '00:01:39', '2015-08-10 11:14:37', '2015-08-29 09:00:01', 1),
	(521, 32, 'Klodzko 2', 2.94, '2015-08-29 09:15:00', '00:01:39', '2015-08-10 11:14:38', '2015-08-29 09:15:01', 1),
	(522, 32, 'Domaszkow', 23.65, '2015-08-29 09:30:00', '00:16:17', '2015-08-10 11:14:38', '2015-08-29 09:30:01', 1),
	(523, 32, 'Wilkanow', 17.89, '2015-08-29 09:45:00', '00:11:18', '2015-08-10 11:14:38', '2015-08-29 09:45:01', 1),
	(524, 32, 'Domaszkow 2', 23.65, '2015-08-29 10:00:00', '00:16:17', '2015-08-10 11:14:38', '2015-08-29 10:00:01', 1),
	(525, 32, 'Wilkanow 2', 17.89, '2015-08-29 10:15:00', '00:11:18', '2015-08-10 11:14:38', '2015-08-29 10:15:01', 1),
	(526, 32, 'Staropolanka', 14.96, '2015-08-29 10:30:00', '00:08:29', '2015-08-10 11:14:38', '2015-08-29 10:30:01', 1),
	(527, 32, 'BGK', 14.38, '2015-08-29 10:45:00', '00:09:32', '2015-08-10 11:14:38', '2015-08-29 10:45:01', 1),
	(528, 32, 'Radkowska Perla', 9.43, '2015-08-29 11:00:00', '00:06:24', '2015-08-10 11:14:38', '2015-08-29 11:00:01', 1),
	(529, 32, 'Staropolanka 2', 14.96, '2015-08-29 11:15:00', '00:08:29', '2015-08-10 11:14:38', '2015-08-29 11:15:01', 1),
	(530, 32, 'BGK 2', 14.38, '2015-08-29 11:30:00', '00:09:32', '2015-08-10 11:14:38', '2015-08-29 11:30:01', 1),
	(531, 32, 'Radkowska Perla 2', 9.43, '2015-08-29 11:45:00', '00:06:24', '2015-08-10 11:14:38', '2015-08-29 11:45:01', 1),
	(532, 32, 'Staropolanka 3', 14.96, '2015-08-29 12:00:00', '00:08:29', '2015-08-10 11:14:38', '2015-08-29 12:00:01', 1),
	(533, 32, 'BGK 3', 14.38, '2015-08-29 12:15:00', '00:09:32', '2015-08-10 11:14:38', '2015-08-29 12:15:01', 1),
	(534, 32, 'Radkowska Perla 3', 9.43, '2015-08-29 12:30:00', '00:06:24', '2015-08-10 11:14:38', '2015-08-29 12:30:01', 1),
	(537, 33, 'Zabobrze', 2.38, '2015-09-05 09:00:00', '00:01:30', '2015-08-10 11:21:17', '2015-08-27 12:26:42', 0),
	(538, 33, 'Zabobrze 2', 2.38, '2015-09-05 09:15:00', '00:01:30', '2015-08-10 11:21:17', '2015-08-27 12:26:42', 0),
	(539, 33, 'Karpniki', 14.72, '2015-09-05 09:30:00', '00:08:29', '2015-08-10 11:21:17', '2015-08-27 12:26:42', 0),
	(540, 33, 'Gajowka', 12.93, '2015-09-05 09:45:00', '00:08:11', '2015-08-10 11:21:17', '2015-08-27 12:26:42', 0),
	(541, 33, 'Lubomierz', 12.60, '2015-09-05 10:00:00', '00:07:14', '2015-08-10 11:21:17', '2015-08-27 12:26:42', 0),
	(542, 33, 'Karpniki 2', 14.72, '2015-09-05 10:15:00', '00:08:29', '2015-08-10 11:21:17', '2015-08-27 12:26:42', 0),
	(543, 33, 'Gajowka 2', 12.93, '2015-09-05 10:30:00', '00:08:11', '2015-08-10 11:21:17', '2015-08-27 12:26:42', 0),
	(544, 33, 'Lubomierz 2', 12.60, '2015-09-05 10:45:00', '00:07:14', '2015-08-10 11:21:17', '2015-08-27 12:26:42', 0),
	(545, 33, 'Karpacz', 19.63, '2015-09-05 11:00:00', '00:12:44', '2015-08-10 11:21:17', '2015-08-27 12:26:42', 0),
	(546, 33, 'Czernica', 27.24, '2015-09-05 11:15:00', '00:16:25', '2015-08-10 11:21:18', '2015-08-27 12:26:42', 0),
	(547, 33, 'Karpacz 2', 19.63, '2015-09-05 11:30:00', '00:12:44', '2015-08-10 11:21:18', '2015-08-27 12:26:42', 0),
	(548, 33, 'Czernica 2', 27.24, '2015-09-05 11:45:00', '00:16:25', '2015-08-10 11:21:18', '2015-08-27 12:26:42', 0),
	(549, 33, 'Karpacz 3', 19.63, '2015-09-05 12:00:00', '00:12:44', '2015-08-10 11:21:18', '2015-08-27 12:26:42', 0),
	(550, 33, 'Czernica 3', 27.24, '2015-09-05 12:15:00', '00:16:25', '2015-08-10 11:21:18', '2015-08-27 12:26:42', 0),
	(554, 34, 'Lebno', 14.27, '2015-09-12 09:00:00', '00:09:25', '2015-08-10 11:25:24', '2015-08-27 12:26:42', 0),
	(555, 34, 'Ketrzyno', 8.89, '2015-09-12 09:15:00', '00:05:00', '2015-08-10 11:25:24', '2015-08-27 12:26:42', 0),
	(556, 34, 'Linia', 14.89, '2015-09-12 09:30:00', '00:08:54', '2015-08-10 11:25:24', '2015-08-27 12:26:42', 0),
	(557, 34, 'Lebno 2', 14.27, '2015-09-12 09:45:00', '00:09:25', '2015-08-10 11:25:24', '2015-08-27 12:26:42', 0),
	(558, 34, 'Ketrzyno 2', 8.89, '2015-09-12 10:00:00', '00:05:00', '2015-08-10 11:25:24', '2015-08-27 12:26:42', 0),
	(559, 34, 'Linia 2', 14.89, '2015-09-12 10:15:00', '00:08:54', '2015-08-10 11:25:24', '2015-08-27 12:26:42', 0),
	(560, 34, 'Lebno 3', 14.27, '2015-09-12 10:30:00', '00:09:25', '2015-08-10 11:25:24', '2015-08-27 12:26:42', 0),
	(561, 34, 'Ketrzyno 3', 8.89, '2015-09-12 10:45:00', '00:05:00', '2015-08-10 11:25:25', '2015-08-27 12:26:42', 0),
	(562, 34, 'Linia 3', 14.89, '2015-09-12 11:00:00', '00:08:54', '2015-08-10 11:25:25', '2015-08-27 12:26:42', 0),
	(563, 34, 'Przodkowo', 11.47, '2015-09-12 11:15:00', '00:06:35', '2015-08-10 11:25:25', '2015-08-27 12:26:42', 0),
	(564, 34, 'Kartuzy', 12.96, '2015-09-12 11:30:00', '00:07:34', '2015-08-10 11:25:25', '2015-08-27 12:26:42', 0),
	(565, 34, 'Szemud', 13.25, '2015-09-12 11:45:00', '00:08:10', '2015-08-10 11:25:25', '2015-08-27 12:26:42', 0),
	(566, 34, 'Przodkowo 2', 11.47, '2015-09-12 12:00:00', '00:06:35', '2015-08-10 11:25:25', '2015-08-27 12:26:42', 0),
	(567, 34, 'Kartuzy 2', 12.96, '2015-09-12 12:15:00', '00:07:34', '2015-08-10 11:25:25', '2015-08-27 12:26:42', 0),
	(568, 34, 'Szemud 2', 13.25, '2015-09-12 12:30:00', '00:08:10', '2015-08-10 11:25:25', '2015-08-27 12:26:42', 0),
	(571, 35, 'Blizianka', 11.97, '2015-09-19 09:00:00', '00:07:09', '2015-08-10 11:27:51', '2015-08-27 12:26:42', 0),
	(572, 35, 'Lubenia', 25.67, '2015-09-19 09:15:00', '00:17:35', '2015-08-10 11:27:51', '2015-08-27 12:26:42', 0),
	(573, 35, 'Blizianka 2', 11.97, '2015-09-19 09:30:00', '00:07:09', '2015-08-10 11:27:51', '2015-08-27 12:26:42', 0),
	(574, 35, 'Lubenia 2', 25.67, '2015-09-19 09:45:00', '00:17:35', '2015-08-10 11:27:51', '2015-08-27 12:26:42', 0),
	(575, 35, 'Nowy Swiat', 4.44, '2015-09-19 10:00:00', '00:02:29', '2015-08-10 11:27:51', '2015-08-27 12:26:42', 0),
	(576, 35, 'Blizianka 3', 11.97, '2015-09-19 10:15:00', '00:07:09', '2015-08-10 11:27:51', '2015-08-27 12:26:42', 0),
	(577, 35, 'Lubenia 3', 25.67, '2015-09-19 10:30:00', '00:17:35', '2015-08-10 11:27:51', '2015-08-27 12:26:42', 0),
	(578, 35, 'Husow', 12.74, '2015-09-19 10:45:00', '00:08:26', '2015-08-10 11:27:51', '2015-08-27 12:26:42', 0),
	(579, 35, 'Widaczow', 10.65, '2015-09-19 11:00:00', '00:06:52', '2015-08-10 11:27:51', '2015-08-27 12:26:42', 0),
	(580, 35, 'Izdebki', 15.99, '2015-09-19 11:15:00', '00:09:18', '2015-08-10 11:27:51', '2015-08-27 12:26:42', 0),
	(581, 35, 'Husow 2', 12.74, '2015-09-19 11:30:00', '00:08:26', '2015-08-10 11:27:52', '2015-08-27 12:26:42', 0),
	(582, 35, 'Widaczow 2', 10.65, '2015-09-19 11:45:00', '00:06:52', '2015-08-10 11:27:52', '2015-08-27 12:26:42', 0),
	(583, 35, 'Izdebki 2', 15.99, '2015-09-19 12:00:00', '00:09:18', '2015-08-10 11:27:52', '2015-08-27 12:26:42', 0),
	(584, 35, 'Husow 3', 12.74, '2015-09-19 12:15:00', '00:08:26', '2015-08-10 11:27:52', '2015-08-27 12:26:42', 0),
	(585, 35, 'Widaczow 3', 10.65, '2015-09-19 12:30:00', '00:06:52', '2015-08-10 11:27:52', '2015-08-27 12:26:42', 0),
	(586, 35, 'Izdebki 3', 15.99, '2015-09-19 12:45:00', '00:09:18', '2015-08-10 11:27:52', '2015-08-27 12:26:42', 0),
	(588, 36, 'Rosciszow', 8.94, '2015-09-26 09:00:00', '00:05:58', '2015-08-10 11:35:54', '2015-08-27 12:26:42', 0),
	(589, 36, 'Swierki', 8.49, '2015-09-26 09:15:00', '00:05:07', '2015-08-10 11:35:55', '2015-08-27 12:26:42', 0),
	(590, 36, 'Milkow', 12.32, '2015-09-26 09:30:00', '00:08:26', '2015-08-10 11:35:55', '2015-08-27 12:26:42', 0),
	(591, 36, 'Rosciszow 2', 8.94, '2015-09-26 09:45:00', '00:05:58', '2015-08-10 11:35:55', '2015-08-27 12:26:42', 0),
	(592, 36, 'Swierki 2', 8.49, '2015-09-26 10:00:00', '00:05:07', '2015-08-10 11:35:55', '2015-08-27 12:26:42', 0),
	(593, 36, 'Milkow 2', 12.32, '2015-09-26 10:15:00', '00:08:26', '2015-08-10 11:35:55', '2015-08-27 12:26:42', 0),
	(594, 36, 'Rosciszow 3', 8.94, '2015-09-26 10:30:00', '00:05:58', '2015-08-10 11:35:55', '2015-08-27 12:26:42', 0),
	(595, 36, 'Swierki 3', 8.49, '2015-09-26 10:45:00', '00:05:07', '2015-08-10 11:35:55', '2015-08-27 12:26:42', 0),
	(596, 36, 'Milkow 3', 12.32, '2015-09-26 11:00:00', '00:08:26', '2015-08-10 11:35:55', '2015-08-27 12:26:42', 0),
	(597, 36, 'Michalkowa', 14.73, '2015-09-26 11:15:00', '00:10:06', '2015-08-10 11:35:55', '2015-08-27 12:26:42', 0),
	(598, 36, 'Woliborz', 8.77, '2015-09-26 11:30:00', '00:05:22', '2015-08-10 11:35:55', '2015-08-27 12:26:42', 0),
	(599, 36, 'Milkow Reverse', 12.97, '2015-09-26 11:45:00', '00:08:24', '2015-08-10 11:35:55', '2015-08-27 12:26:42', 0),
	(600, 36, 'Michalkowa 2', 14.73, '2015-09-26 12:00:00', '00:10:06', '2015-08-10 11:35:55', '2015-08-27 12:26:42', 0),
	(601, 36, 'Woliborz 2', 8.77, '2015-09-26 12:15:00', '00:05:22', '2015-08-10 11:35:55', '2015-08-27 12:26:42', 0),
	(602, 36, 'Milkow Reverse 2', 12.97, '2015-09-26 12:30:00', '00:08:24', '2015-08-10 11:35:56', '2015-08-27 12:26:42', 0),
	(605, 37, 'Hunter Southern', 6.78, '2015-10-03 09:00:00', '00:04:35', '2015-08-10 11:58:58', '2015-08-27 12:26:42', 0),
	(606, 37, 'Hunter Southern 2', 6.78, '2015-10-03 09:15:00', '00:04:35', '2015-08-10 11:58:58', '2015-08-27 12:26:42', 0),
	(607, 37, 'Harold', 6.61, '2015-10-03 09:30:00', '00:03:46', '2015-08-10 11:58:58', '2015-08-27 12:26:42', 0),
	(608, 37, 'Harold 2', 6.61, '2015-10-03 09:45:00', '00:03:46', '2015-08-10 11:58:58', '2015-08-27 12:26:42', 0),
	(609, 37, 'Hunter Southern 3', 6.78, '2015-10-03 10:00:00', '00:04:35', '2015-08-10 11:58:58', '2015-08-27 12:26:42', 0),
	(610, 37, 'Harold 3', 6.61, '2015-10-03 10:15:00', '00:03:46', '2015-08-10 11:58:58', '2015-08-27 12:26:42', 0),
	(611, 37, 'Harold 4', 6.61, '2015-10-03 10:30:00', '00:03:46', '2015-08-10 11:58:58', '2015-08-27 12:26:42', 0),
	(612, 37, 'Hunter Northern', 8.89, '2015-10-03 10:45:00', '00:05:31', '2015-08-10 11:58:58', '2015-08-27 12:26:42', 0),
	(613, 37, 'Hunter Northern Reverse', 8.31, '2015-10-03 11:00:00', '00:05:14', '2015-08-10 11:58:58', '2015-08-27 12:26:42', 0),
	(614, 37, 'Hunter Southern Reverse', 6.54, '2015-10-03 11:15:00', '00:04:21', '2015-08-10 11:58:58', '2015-08-27 12:26:42', 0),
	(615, 37, 'Hunter Southern 4', 6.78, '2015-10-03 11:30:00', '00:04:35', '2015-08-10 11:58:58', '2015-08-27 12:26:42', 0),
	(616, 37, 'Hunter Northern 2', 8.89, '2015-10-03 11:45:00', '00:05:31', '2015-08-10 11:58:58', '2015-08-27 12:26:42', 0),
	(617, 37, 'Hunter Northern Reverse 2', 8.31, '2015-10-03 12:00:00', '00:05:14', '2015-08-10 11:58:58', '2015-08-27 12:26:42', 0),
	(618, 37, 'Hunter Southern Reverse 2', 6.54, '2015-10-03 12:15:00', '00:04:21', '2015-08-10 11:58:59', '2015-08-27 12:26:42', 0),
	(622, 38, 'Kabardinka', 13.46, '2015-10-10 09:00:00', '00:08:37', '2015-08-10 12:01:23', '2015-08-27 12:26:42', 0),
	(623, 38, 'Glebovskiy', 25.40, '2015-10-10 09:15:00', '00:15:56', '2015-08-10 12:01:23', '2015-08-27 12:26:42', 0),
	(624, 38, 'Markoth', 9.43, '2015-10-10 09:30:00', '00:06:05', '2015-08-10 12:01:23', '2015-08-27 12:26:42', 0),
	(625, 38, 'Golubaya Buhta', 12.13, '2015-10-10 09:45:00', '00:07:03', '2015-08-10 12:01:23', '2015-08-27 12:26:42', 0),
	(626, 38, 'Kabardinka 2', 13.46, '2015-10-10 10:00:00', '00:08:37', '2015-08-10 12:01:23', '2015-08-27 12:26:42', 0),
	(627, 38, 'Glebovskiy 2', 25.40, '2015-10-10 10:15:00', '00:15:56', '2015-08-10 12:01:23', '2015-08-27 12:26:42', 0),
	(628, 38, 'Markoth 2', 9.43, '2015-10-10 10:30:00', '00:06:05', '2015-08-10 12:01:23', '2015-08-27 12:26:42', 0),
	(629, 38, 'Golubaya Buhta 2', 12.13, '2015-10-10 10:45:00', '00:07:03', '2015-08-10 12:01:23', '2015-08-27 12:26:42', 0),
	(630, 38, 'Gorniy', 9.11, '2015-10-10 11:00:00', '00:05:30', '2015-08-10 12:01:23', '2015-08-27 12:26:42', 0),
	(631, 38, 'Semigorskiy', 13.13, '2015-10-10 11:15:00', '00:08:21', '2015-08-10 12:01:23', '2015-08-27 12:26:42', 0),
	(632, 38, 'Natukhaevskiy', 12.90, '2015-10-10 11:30:00', '00:08:20', '2015-08-10 12:01:23', '2015-08-27 12:26:42', 0),
	(633, 38, 'Fort Raevskogo', 10.10, '2015-10-10 11:45:00', '00:06:37', '2015-08-10 12:01:23', '2015-08-27 12:26:42', 0),
	(634, 38, 'Gorniy 2', 9.11, '2015-10-10 12:00:00', '00:05:30', '2015-08-10 12:01:23', '2015-08-27 12:26:42', 0),
	(635, 38, 'Semigorskiy 2', 13.13, '2015-10-10 12:15:00', '00:08:21', '2015-08-10 12:01:24', '2015-08-27 12:26:42', 0),
	(636, 38, 'Natukhaevskiy 2', 12.90, '2015-10-10 12:30:00', '00:08:20', '2015-08-10 12:01:24', '2015-08-27 12:26:42', 0),
	(637, 38, 'Fort Raevskogo 2', 10.10, '2015-10-10 12:45:00', '00:06:37', '2015-08-10 12:01:24', '2015-08-12 15:56:58', 0),
	(639, 39, 'Lillsjohogen', 33.85, '2015-10-17 09:00:00', '00:20:05', '2015-08-10 12:04:32', '2015-08-27 12:26:42', 0),
	(640, 39, 'Campus', 2.75, '2015-10-17 09:15:00', '00:01:36', '2015-08-10 12:04:32', '2015-08-27 12:26:42', 0),
	(641, 39, 'Lillsjohogen 2', 33.85, '2015-10-17 09:30:00', '00:20:05', '2015-08-10 12:04:32', '2015-08-27 12:26:42', 0),
	(642, 39, 'Campus 2', 2.75, '2015-10-17 09:45:00', '00:01:36', '2015-08-10 12:04:32', '2015-08-27 12:26:42', 0),
	(643, 39, 'Vaster-Kalen', 7.88, '2015-10-17 10:00:00', '00:04:37', '2015-08-10 12:04:33', '2015-08-27 12:26:42', 0),
	(644, 39, 'Glosa', 5.37, '2015-10-17 10:15:00', '00:03:12', '2015-08-10 12:04:33', '2015-08-27 12:26:42', 0),
	(645, 39, 'Gallsaberget', 29.22, '2015-10-17 10:30:00', '00:18:56', '2015-08-10 12:04:33', '2015-08-27 12:26:42', 0),
	(646, 39, 'Bolesbodarna', 12.13, '2015-10-17 10:45:00', '00:07:38', '2015-08-10 12:04:33', '2015-08-27 12:26:42', 0),
	(647, 39, 'Sjoarsjon', 12.65, '2015-10-17 11:00:00', '00:07:07', '2015-08-10 12:04:33', '2015-08-27 12:26:42', 0),
	(648, 39, 'Husas', 21.25, '2015-10-17 11:15:00', '00:12:37', '2015-08-10 12:04:33', '2015-08-27 12:26:42', 0),
	(649, 39, 'Vaster-Kalen 2', 7.88, '2015-10-17 11:30:00', '00:04:37', '2015-08-10 12:04:33', '2015-08-27 12:26:42', 0),
	(650, 39, 'Glosa 2', 5.37, '2015-10-17 11:45:00', '00:03:12', '2015-08-10 12:04:33', '2015-08-27 12:26:42', 0),
	(651, 39, 'Gallsaberget 2', 29.22, '2015-10-17 12:00:00', '00:18:56', '2015-08-10 12:04:34', '2015-08-27 12:26:42', 0),
	(652, 39, 'Bolesbodarna 2', 12.13, '2015-10-17 12:15:00', '00:07:38', '2015-08-10 12:04:34', '2015-08-27 12:26:42', 0),
	(653, 39, 'Sjoarsjon', 12.26, '2015-10-17 12:30:00', '00:07:38', '2015-08-10 12:04:34', '2015-08-12 15:56:58', 0),
	(654, 39, 'Husas', 21.54, '2015-10-17 12:45:00', '00:12:12', '2015-08-10 12:04:34', '2015-08-12 15:56:58', 0),
	(656, 40, 'Fjeldsdalen Vest', 3.19, '2015-10-24 09:00:00', '00:02:00', '2015-08-10 12:14:12', '2015-08-27 12:26:42', 0),
	(657, 40, 'Naddum', 6.18, '2015-10-24 09:15:00', '00:03:53', '2015-08-10 12:14:12', '2015-08-27 12:26:42', 0),
	(658, 40, 'Hellesjovannet', 4.42, '2015-10-24 09:30:00', '00:02:38', '2015-08-10 12:14:12', '2015-08-27 12:26:42', 0),
	(659, 40, 'Fjeldsdalen Vest 2', 3.19, '2015-10-24 09:45:00', '00:02:00', '2015-08-10 12:14:13', '2015-08-27 12:26:42', 0),
	(660, 40, 'Naddum 2', 6.18, '2015-10-24 10:00:00', '00:03:53', '2015-08-10 12:14:13', '2015-08-27 12:26:42', 0),
	(661, 40, 'Hellesjovannet 2', 4.42, '2015-10-24 10:15:00', '00:02:38', '2015-08-10 12:14:13', '2015-08-27 12:26:42', 0),
	(662, 40, 'Bjorkelangen Torg', 0.33, '2015-10-24 10:30:00', '00:00:11', '2015-08-10 12:14:13', '2015-08-27 12:26:42', 0),
	(663, 40, 'Oisjoen Nord', 13.54, '2015-10-24 10:45:00', '00:08:33', '2015-08-10 12:14:13', '2015-08-27 12:26:42', 0),
	(664, 40, 'Romsjoen Nord', 13.14, '2015-10-24 11:00:00', '00:08:19', '2015-08-10 12:14:13', '2015-08-27 12:26:42', 0),
	(665, 40, 'Kjolen Syd', 13.33, '2015-10-24 11:15:00', '00:08:49', '2015-08-10 12:14:13', '2015-08-27 12:26:42', 0),
	(666, 40, 'Bjorkelangen Torg 2', 0.33, '2015-10-24 11:30:00', '00:00:11', '2015-08-10 12:14:13', '2015-08-27 12:26:42', 0),
	(667, 40, 'Romsjoen Nord 2', 13.14, '2015-10-24 11:45:00', '00:08:19', '2015-08-10 12:14:13', '2015-08-27 12:26:42', 0),
	(668, 40, 'Kjolen Syd 2', 13.33, '2015-10-24 12:00:00', '00:08:49', '2015-08-10 12:14:13', '2015-08-27 12:26:42', 0),
	(669, 40, 'Oisjoen Nord 2', 13.54, '2015-10-24 12:15:00', '00:08:33', '2015-08-10 12:14:13', '2015-08-27 12:26:42', 0),
	(673, 41, 'Arstadveien', 3.20, '2015-10-31 09:00:00', '00:01:54', '2015-08-10 12:16:40', '2015-08-27 12:26:42', 0),
	(674, 41, 'Stavasen', 17.82, '2015-10-31 09:15:00', '00:10:45', '2015-08-10 12:16:40', '2015-08-27 12:26:42', 0),
	(675, 41, 'Arstadveien 2', 3.20, '2015-10-31 09:30:00', '00:01:54', '2015-08-10 12:16:40', '2015-08-27 12:26:42', 0),
	(676, 41, 'Stavasen 2', 17.82, '2015-10-31 09:45:00', '00:10:45', '2015-08-10 12:16:40', '2015-08-27 12:26:42', 0),
	(677, 41, 'Starmoen', 3.77, '2015-10-31 10:00:00', '00:02:16', '2015-08-10 12:16:40', '2015-08-27 12:26:42', 0),
	(678, 41, 'Rolsasen', 28.60, '2015-10-31 10:15:00', '00:16:35', '2015-08-10 12:16:40', '2015-08-27 12:26:42', 0),
	(679, 41, 'Agasen', 19.58, '2015-10-31 10:30:00', '00:13:23', '2015-08-10 12:16:40', '2015-08-27 12:26:42', 0),
	(680, 41, 'Starmoen 2', 3.77, '2015-10-31 10:45:00', '00:02:16', '2015-08-10 12:16:40', '2015-08-27 12:26:42', 0),
	(681, 41, 'Rolsasen 2', 28.60, '2015-10-31 11:00:00', '00:16:35', '2015-08-10 12:16:40', '2015-08-27 12:26:42', 0),
	(682, 41, 'Agasen 2', 19.58, '2015-10-31 11:15:00', '00:13:23', '2015-08-10 12:16:40', '2015-08-27 12:26:42', 0),
	(683, 41, 'Terningen', 2.40, '2015-10-31 11:30:00', '00:01:35', '2015-08-10 12:16:40', '2015-08-27 12:26:42', 0),
	(684, 41, 'Terningen 2', 2.40, '2015-10-31 11:45:00', '00:01:35', '2015-08-10 12:16:41', '2015-08-27 12:26:42', 0),
	(685, 41, 'Starmoen Reverse', 3.47, '2015-10-31 12:00:00', '00:02:07', '2015-08-10 12:16:41', '2015-08-27 12:26:42', 0),
	(686, 41, 'Rolsasen Reverse', 28.87, '2015-10-31 12:15:00', '00:16:54', '2015-08-10 12:16:41', '2015-08-27 12:26:42', 0),
	(687, 41, 'Agasen Reverse', 19.48, '2015-10-31 12:30:00', '00:11:03', '2015-08-10 12:16:41', '2015-08-27 12:26:42', 0),
	(690, 42, 'Lovbrotte', 5.36, '2015-11-07 09:00:00', '00:03:11', '2015-08-10 12:19:14', '2015-08-27 12:26:42', 0),
	(691, 42, 'Astjern', 6.22, '2015-11-07 09:15:00', '00:03:43', '2015-08-10 12:19:14', '2015-08-27 12:26:42', 0),
	(692, 42, 'Helgedalen', 6.41, '2015-11-07 09:30:00', '00:04:21', '2015-08-10 12:19:14', '2015-08-27 12:26:42', 0),
	(693, 42, 'Lovbrotte Reverse', 5.24, '2015-11-07 09:45:00', '00:02:59', '2015-08-10 12:19:14', '2015-08-27 12:26:42', 0),
	(694, 42, 'Astjern Reverse', 6.75, '2015-11-07 10:00:00', '00:04:32', '2015-08-10 12:19:14', '2015-08-27 12:26:42', 0),
	(695, 42, 'Helgedalen Reverse', 6.76, '2015-11-07 10:15:00', '00:03:47', '2015-08-10 12:19:14', '2015-08-27 12:26:42', 0),
	(696, 42, 'Super Special Stage', 1.86, '2015-11-07 10:30:00', '00:01:13', '2015-08-10 12:19:15', '2015-08-27 12:26:42', 0),
	(697, 42, 'Super Special Stage 2', 1.86, '2015-11-07 10:45:00', '00:01:13', '2015-08-10 12:19:15', '2015-08-27 12:26:42', 0),
	(698, 42, 'Lovbrotte 2', 5.36, '2015-11-07 11:00:00', '00:03:11', '2015-08-10 12:19:15', '2015-08-27 12:26:42', 0),
	(699, 42, 'Astjern 2', 6.22, '2015-11-07 11:15:00', '00:03:43', '2015-08-10 12:19:15', '2015-08-27 12:26:42', 0),
	(700, 42, 'Helgedalen 2', 6.41, '2015-11-07 11:30:00', '00:04:21', '2015-08-10 12:19:15', '2015-08-27 12:26:42', 0),
	(701, 42, 'Lovbrotte Reverse 2', 5.24, '2015-11-07 11:45:00', '00:02:59', '2015-08-10 12:19:15', '2015-08-27 12:26:42', 0),
	(702, 42, 'Astjern Reverse 2', 6.75, '2015-11-07 12:00:00', '00:04:32', '2015-08-10 12:19:15', '2015-08-27 12:26:43', 0),
	(703, 42, 'Helgedalen Reverse 2', 6.76, '2015-11-07 12:15:00', '00:03:47', '2015-08-10 12:19:15', '2015-08-27 12:26:43', 0),
	(707, 43, 'Ringsaker', 8.33, '2015-11-14 09:00:00', '00:04:54', '2015-08-10 12:45:01', '2015-08-27 12:26:43', 0),
	(708, 43, 'Mauset', 5.28, '2015-11-14 09:15:00', '00:03:05', '2015-08-10 12:45:01', '2015-08-27 12:26:43', 0),
	(709, 43, 'Vangsasen', 7.10, '2015-11-14 09:30:00', '00:04:42', '2015-08-10 12:45:01', '2015-08-27 12:26:43', 0),
	(710, 43, 'Vennkvern', 1.32, '2015-11-14 09:45:00', '00:00:46', '2015-08-10 12:45:01', '2015-08-27 12:26:43', 0),
	(711, 43, 'Stange', 4.19, '2015-11-14 10:00:00', '00:02:38', '2015-08-10 12:45:01', '2015-08-27 12:26:43', 0),
	(712, 43, 'Ekeberg', 10.96, '2015-11-14 10:15:00', '00:06:38', '2015-08-10 12:45:02', '2015-08-27 12:26:43', 0),
	(713, 43, 'Brenna', 14.99, '2015-11-14 10:30:00', '00:09:12', '2015-08-10 12:45:02', '2015-08-27 12:26:43', 0),
	(714, 43, 'Vennkvern 2', 1.32, '2015-11-14 10:45:00', '00:00:46', '2015-08-10 12:45:02', '2015-08-27 12:26:43', 0),
	(715, 43, 'Ringsaker 2', 8.33, '2015-11-14 11:00:00', '00:04:54', '2015-08-10 12:45:02', '2015-08-27 12:26:43', 0),
	(716, 43, 'Mauset 2', 5.28, '2015-11-14 11:15:00', '00:03:05', '2015-08-10 12:45:02', '2015-08-27 12:26:43', 0),
	(717, 43, 'Vangsasen 2', 7.10, '2015-11-14 11:30:00', '00:04:42', '2015-08-10 12:45:02', '2015-08-27 12:26:43', 0),
	(718, 43, 'Stange 2', 4.19, '2015-11-14 11:45:00', '00:02:38', '2015-08-10 12:45:02', '2015-08-27 12:26:43', 0),
	(719, 43, 'Ekeberg 2', 10.96, '2015-11-14 12:00:00', '00:06:38', '2015-08-10 12:45:02', '2015-08-27 12:26:43', 0),
	(720, 43, 'Brenna 2', 14.99, '2015-11-14 12:15:00', '00:09:12', '2015-08-10 12:45:02', '2015-08-27 12:26:43', 0),
	(724, 44, 'Gjesthusvegen', 3.43, '2015-08-30 09:00:00', '00:02:08', '2015-08-10 12:56:06', '2015-08-30 09:00:01', 1),
	(725, 44, 'Gronli', 11.16, '2015-08-30 09:15:00', '00:07:06', '2015-08-10 12:56:06', '2015-08-30 09:15:02', 1),
	(726, 44, 'Lauvset', 16.42, '2015-08-30 09:30:00', '00:09:39', '2015-08-10 12:56:06', '2015-08-30 09:30:00', 1),
	(727, 44, 'Ridalen', 26.38, '2015-08-30 09:45:00', '00:17:18', '2015-08-10 12:56:06', '2015-08-30 09:45:00', 1),
	(728, 44, 'Oset', 16.27, '2015-08-30 10:00:00', '00:10:13', '2015-08-10 12:56:06', '2015-08-30 10:00:01', 1),
	(729, 44, 'Gronli Reverse', 11.51, '2015-08-30 10:15:00', '00:06:32', '2015-08-10 12:56:06', '2015-08-30 10:15:00', 1),
	(730, 44, 'Gjesthusvegen 2', 3.43, '2015-08-30 10:30:00', '00:02:08', '2015-08-10 12:56:06', '2015-08-30 10:30:02', 1),
	(731, 44, 'Gronli 2', 11.16, '2015-08-30 10:45:00', '00:07:06', '2015-08-10 12:56:06', '2015-08-30 10:45:00', 1),
	(732, 44, 'Fjellstue', 9.30, '2015-08-30 11:00:00', '00:06:00', '2015-08-10 12:56:06', '2015-08-30 11:00:00', 1),
	(733, 44, 'Oset 2', 16.27, '2015-08-30 11:15:00', '00:10:13', '2015-08-10 12:56:07', '2015-08-30 11:15:01', 1),
	(734, 44, 'Fjellstue 2', 9.30, '2015-08-30 11:30:00', '00:06:00', '2015-08-10 12:56:07', '2015-08-30 11:30:00', 1),
	(735, 44, 'Fjellstue Reverse', 9.22, '2015-08-30 11:45:00', '00:05:11', '2015-08-10 12:56:07', '2015-08-30 11:45:00', 1),
	(736, 44, 'Gronli Reverse 2', 11.51, '2015-08-30 12:00:00', '00:06:32', '2015-08-10 12:56:07', '2015-08-30 12:00:00', 1),
	(737, 44, 'Lauvset 2', 16.42, '2015-08-30 12:15:00', '00:09:39', '2015-08-10 12:56:07', '2015-08-30 12:15:00', 1),
	(741, 45, 'Oslo', 1.57, '2015-09-09 09:00:00', '00:01:00', '2015-08-10 13:00:49', '2015-08-25 17:27:41', 0),
	(742, 45, 'Opaker', 14.32, '2015-09-09 09:15:00', '00:08:49', '2015-08-10 13:00:49', '2015-08-27 12:26:43', 0),
	(743, 45, 'Kirkenaer', 8.40, '2015-09-09 09:30:00', '00:05:31', '2015-08-10 13:00:49', '2015-08-27 12:26:43', 0),
	(744, 45, 'Finnskogen', 20.35, '2015-09-09 09:45:00', '00:13:37', '2015-08-10 13:00:49', '2015-08-27 12:26:43', 0),
	(745, 45, 'Kongsvinger', 13.27, '2015-09-09 10:00:00', '00:07:35', '2015-08-10 13:00:49', '2015-08-27 12:26:43', 0),
	(746, 45, 'Opaker 2', 14.32, '2015-09-09 10:15:00', '00:08:49', '2015-08-10 13:00:49', '2015-08-27 12:26:43', 0),
	(747, 45, 'Finnskogen 2', 20.35, '2015-09-09 10:30:00', '00:13:37', '2015-08-10 13:00:49', '2015-08-27 12:26:43', 0),
	(748, 45, 'Kongsvinger 2', 13.27, '2015-09-09 10:45:00', '00:07:35', '2015-08-10 13:00:49', '2015-08-27 12:26:43', 0),
	(749, 45, 'Kirkenaer 2', 8.40, '2015-09-09 11:00:00', '00:05:31', '2015-08-10 13:00:49', '2015-08-27 12:26:43', 0),
	(750, 45, 'Mountain', 24.18, '2015-09-09 11:15:00', '00:15:37', '2015-08-10 13:00:49', '2015-08-27 12:26:43', 0),
	(751, 45, 'Lillehammer', 6.49, '2015-09-09 11:30:00', '00:03:41', '2015-08-10 13:00:50', '2015-08-27 12:26:43', 0),
	(752, 45, 'Ringsaker', 27.31, '2015-09-09 11:45:00', '00:17:50', '2015-08-10 13:00:50', '2015-08-27 12:26:43', 0),
	(753, 45, 'Hamar', 1.10, '2015-09-09 12:00:00', '00:00:41', '2015-08-10 13:00:50', '2015-08-27 12:26:43', 0),
	(754, 45, 'Mountain 2', 24.18, '2015-09-09 12:15:00', '00:15:37', '2015-08-10 13:00:50', '2015-08-27 12:26:43', 0),
	(755, 45, 'Lillehammer 2', 6.49, '2015-09-09 12:30:00', '00:03:41', '2015-08-10 13:00:50', '2015-08-27 12:26:43', 0),
	(756, 45, 'Ringsaker 2 ', 27.31, '2015-09-09 12:45:00', '00:17:50', '2015-08-10 13:00:50', '2015-08-27 12:26:43', 0),
	(757, 45, 'Hamar 2', 1.10, '2015-09-09 13:00:00', '00:00:41', '2015-08-10 13:00:50', '2015-08-27 12:26:43', 0),
	(758, 46, 'Dokkeberg', 6.91, '2015-09-16 09:00:00', '00:04:13', '2015-08-10 13:05:04', '2015-08-27 12:26:43', 0),
	(759, 46, 'Smadol', 23.35, '2015-09-16 09:15:00', '00:14:05', '2015-08-10 13:05:04', '2015-08-27 12:26:43', 0),
	(760, 46, 'Lesteberg', 9.18, '2015-09-16 09:30:00', '00:05:27', '2015-08-10 13:05:04', '2015-08-27 12:26:43', 0),
	(761, 46, 'Dokkeberg Reverse', 6.76, '2015-09-16 09:45:00', '00:03:52', '2015-08-10 13:05:04', '2015-08-27 12:26:43', 0),
	(762, 46, 'Bjerkeflata Nord', 9.63, '2015-09-16 10:00:00', '00:06:24', '2015-08-10 13:05:04', '2015-08-27 12:26:43', 0),
	(763, 46, 'Smadol Reverse', 23.96, '2015-09-16 10:15:00', '00:14:43', '2015-08-10 13:05:04', '2015-08-27 12:26:43', 0),
	(764, 46, 'Lesteberg Reverse', 9.24, '2015-09-16 10:30:00', '00:05:45', '2015-08-10 13:05:05', '2015-08-27 12:26:43', 0),
	(765, 46, 'Bjerkeflata Nord Reverse', 9.72, '2015-09-16 10:45:00', '00:06:19', '2015-08-10 13:05:05', '2015-08-27 12:26:43', 0),
	(766, 46, 'Dokkeberg 2', 6.91, '2015-09-16 11:00:00', '00:04:13', '2015-08-10 13:05:05', '2015-08-27 12:26:43', 0),
	(767, 46, 'Smadol 2', 23.35, '2015-09-16 11:15:00', '00:14:05', '2015-08-10 13:05:05', '2015-08-27 12:26:43', 0),
	(768, 46, 'Lesteberg 2', 9.18, '2015-09-16 11:30:00', '00:05:27', '2015-08-10 13:05:05', '2015-08-27 12:26:43', 0),
	(769, 46, 'Bjerkeflata Nord 2', 9.63, '2015-09-16 11:45:00', '00:06:24', '2015-08-10 13:05:05', '2015-08-27 12:26:43', 0),
	(770, 46, 'Dokkeberg 3', 6.91, '2015-09-16 12:00:00', '00:04:13', '2015-08-10 13:05:05', '2015-08-27 12:26:43', 0),
	(771, 46, 'Smadol 3', 23.35, '2015-09-16 12:15:00', '00:14:05', '2015-08-10 13:05:05', '2015-08-27 12:26:43', 0),
	(772, 46, 'Lesteberg 3', 9.18, '2015-09-16 12:30:00', '00:05:27', '2015-08-10 13:05:05', '2015-08-27 12:26:43', 0),
	(775, 47, 'Korsboen', 13.86, '2015-09-20 09:00:00', '00:09:09', '2015-08-10 13:16:42', '2015-08-27 12:26:43', 0),
	(776, 47, 'Malmveien', 6.46, '2015-09-20 09:15:00', '00:04:11', '2015-08-10 13:16:42', '2015-08-27 12:26:43', 0),
	(777, 47, 'Letmolia', 16.27, '2015-09-20 09:30:00', '00:09:30', '2015-08-10 13:16:42', '2015-08-27 12:26:43', 0),
	(778, 47, 'Krodsherad', 13.55, '2015-09-20 09:45:00', '00:08:02', '2015-08-10 13:16:42', '2015-08-27 12:26:43', 0),
	(779, 47, 'Bjoreskogen', 11.10, '2015-09-20 10:00:00', '00:06:44', '2015-08-10 13:16:42', '2015-08-27 12:26:43', 0),
	(780, 47, 'Nevra', 16.76, '2015-09-20 10:15:00', '00:10:56', '2015-08-10 13:16:42', '2015-08-27 12:26:43', 0),
	(781, 47, 'Nysaetra', 14.59, '2015-09-20 10:30:00', '00:09:29', '2015-08-10 13:16:42', '2015-08-27 12:26:43', 0),
	(782, 47, 'Malmveien 2', 6.46, '2015-09-20 10:45:00', '00:04:11', '2015-08-10 13:16:42', '2015-08-27 12:26:43', 0),
	(783, 47, 'Letmolia 2', 16.27, '2015-09-20 11:00:00', '00:09:30', '2015-08-10 13:16:42', '2015-08-27 12:26:43', 0),
	(784, 47, 'Krodsherad 2', 13.55, '2015-09-20 11:15:00', '00:08:02', '2015-08-10 13:16:42', '2015-08-27 12:26:43', 0),
	(785, 47, 'Bjoreskogen 2', 11.10, '2015-09-20 11:30:00', '00:06:44', '2015-08-10 13:16:43', '2015-08-27 12:26:43', 0),
	(786, 47, 'Korsboen 2', 13.86, '2015-09-20 11:45:00', '00:09:09', '2015-08-10 13:16:43', '2015-08-27 12:26:43', 0),
	(787, 47, 'Nevra 2', 16.76, '2015-09-20 12:00:00', '00:10:56', '2015-08-10 13:16:43', '2015-08-27 12:26:43', 0),
	(788, 47, 'Nysaetra 2', 14.59, '2015-09-20 12:15:00', '00:09:29', '2015-08-10 13:16:43', '2015-08-27 12:26:43', 0),
	(792, 48, 'Glubo', 5.79, '2015-09-27 09:00:00', '00:03:39', '2015-08-10 13:18:36', '2015-08-27 12:26:43', 0),
	(793, 48, 'Hetlandsheio', 9.82, '2015-09-27 09:15:00', '00:05:37', '2015-08-10 13:18:36', '2015-08-27 12:26:43', 0),
	(794, 48, 'Glubo 2', 5.79, '2015-09-27 09:30:00', '00:03:39', '2015-08-10 13:18:36', '2015-08-27 12:26:43', 0),
	(795, 48, 'Moi', 2.77, '2015-09-27 09:45:00', '00:01:46', '2015-08-10 13:18:36', '2015-08-27 12:26:43', 0),
	(796, 48, 'Jossingfjord', 19.16, '2015-09-27 10:00:00', '00:13:08', '2015-08-10 13:18:36', '2015-08-27 12:26:43', 0),
	(797, 48, 'Moi 2', 2.77, '2015-09-27 10:15:00', '00:01:46', '2015-08-10 13:18:36', '2015-08-27 12:26:43', 0),
	(798, 48, 'Rossland', 3.98, '2015-09-27 10:30:00', '00:02:35', '2015-08-10 13:18:36', '2015-08-27 12:26:43', 0),
	(799, 48, 'Nesvag', 9.30, '2015-09-27 10:45:00', '00:05:27', '2015-08-10 13:18:37', '2015-08-27 12:26:43', 0),
	(800, 48, 'Kjelland', 3.65, '2015-09-27 11:00:00', '00:02:10', '2015-08-10 13:18:37', '2015-08-27 12:26:43', 0),
	(801, 48, 'Rossland 2', 3.98, '2015-09-27 11:15:00', '00:02:35', '2015-08-10 13:18:37', '2015-08-27 12:26:43', 0),
	(802, 48, 'Nesvag 2', 9.30, '2015-09-27 11:30:00', '00:05:27', '2015-08-10 13:18:37', '2015-08-27 12:26:43', 0),
	(803, 48, 'Kjelland 2', 3.65, '2015-09-27 11:45:00', '00:02:10', '2015-08-10 13:18:37', '2015-08-27 12:26:43', 0),
	(804, 48, 'Jossingfjord 2', 19.16, '2015-09-27 12:00:00', '00:13:08', '2015-08-10 13:18:37', '2015-08-27 12:26:43', 0),
	(805, 48, 'Hetlandsheio', 9.18, '2015-09-27 12:15:00', '00:05:52', '2015-08-10 13:18:37', '2015-08-12 15:56:58', 0),
	(822, 49, 'Hoye 2', 9.92, '2015-10-04 09:00:00', '00:06:03', '2015-08-10 15:12:08', '2015-08-27 12:26:43', 0),
	(821, 49, 'Steinsland 2', 11.72, '2015-10-04 09:15:00', '00:06:50', '2015-08-10 15:12:08', '2015-08-27 12:26:43', 0),
	(820, 49, 'Gumpens 2', 19.16, '2015-10-04 09:30:00', '00:11:15', '2015-08-10 15:12:08', '2015-08-27 12:26:43', 0),
	(819, 49, 'Solas 2', 31.22, '2015-10-04 09:45:00', '00:20:04', '2015-08-10 15:12:08', '2015-08-27 12:26:43', 0),
	(818, 49, 'Jabekk 2', 4.18, '2015-10-04 10:00:00', '00:02:36', '2015-08-10 15:12:07', '2015-08-27 12:26:43', 0),
	(817, 49, 'Lindland', 25.94, '2015-10-04 10:15:00', '00:17:53', '2015-08-10 15:12:07', '2015-08-27 12:26:43', 0),
	(816, 49, 'Hoye', 9.92, '2015-10-04 10:30:00', '00:06:03', '2015-08-10 15:12:07', '2015-08-27 12:26:43', 0),
	(815, 49, 'Jabekk', 4.18, '2015-10-04 10:45:00', '00:02:36', '2015-08-10 15:12:07', '2015-08-27 12:26:43', 0),
	(814, 49, 'Steinsland', 11.72, '2015-10-04 11:00:00', '00:06:50', '2015-08-10 15:12:07', '2015-08-27 12:26:43', 0),
	(813, 49, 'Gumpens', 19.16, '2015-10-04 11:15:00', '00:11:15', '2015-08-10 15:12:07', '2015-08-27 12:26:43', 0),
	(812, 49, 'Solas', 31.22, '2015-10-04 11:30:00', '00:20:04', '2015-08-10 15:12:07', '2015-08-27 12:26:43', 0),
	(811, 49, 'Arstol', 17.91, '2015-10-04 11:45:00', '00:12:15', '2015-08-10 15:12:07', '2015-08-27 12:26:43', 0),
	(810, 49, 'Tranehoyda', 12.31, '2015-10-04 12:00:00', '00:07:32', '2015-08-10 15:12:07', '2015-08-27 12:26:43', 0),
	(809, 49, 'Skoieheia', 3.52, '2015-10-04 12:15:00', '00:02:04', '2015-08-10 15:12:07', '2015-08-27 12:26:43', 0),
	(840, 50, 'Arlifoss 3', 8.95, '2015-10-11 09:00:00', '00:05:36', '2015-08-10 15:21:50', '2015-08-27 12:26:43', 0),
	(839, 50, 'Liangrenna 3', 5.75, '2015-10-11 09:15:00', '00:03:17', '2015-08-10 15:21:50', '2015-08-27 12:26:43', 0),
	(838, 50, 'Klevarsida 3', 6.22, '2015-10-11 09:30:00', '00:03:48', '2015-08-10 15:21:50', '2015-08-27 12:26:43', 0),
	(837, 50, 'Darstul 3', 7.71, '2015-10-11 09:45:00', '00:04:23', '2015-08-10 15:21:50', '2015-08-27 12:26:43', 0),
	(836, 50, 'Elgsjo 3', 6.57, '2015-10-11 10:00:00', '00:03:59', '2015-08-10 15:21:50', '2015-08-27 12:26:43', 0),
	(835, 50, 'Arlifoss 2', 8.69, '2015-10-11 10:15:00', '00:05:35', '2015-08-10 15:21:50', '2015-08-27 12:26:43', 0),
	(834, 50, 'Liangrenna 2', 5.75, '2015-10-11 10:30:00', '00:03:17', '2015-08-10 15:21:50', '2015-08-27 12:26:43', 0),
	(833, 50, 'Arlifoss ', 8.97, '2015-10-11 10:45:00', '00:05:44', '2015-08-10 15:21:50', '2015-08-27 12:26:43', 0),
	(832, 50, 'Liangrenna', 5.75, '2015-10-11 11:00:00', '00:03:17', '2015-08-10 15:21:50', '2015-08-27 12:26:43', 0),
	(831, 50, 'Klevarsida 2', 6.22, '2015-10-11 11:15:00', '00:03:48', '2015-08-10 15:21:50', '2015-08-27 12:26:43', 0),
	(830, 50, 'Darstul 2', 7.71, '2015-10-11 11:30:00', '00:04:23', '2015-08-10 15:21:50', '2015-08-27 12:26:43', 0),
	(829, 50, 'Elgsjo 2', 6.57, '2015-10-11 11:45:00', '00:03:59', '2015-08-10 15:21:50', '2015-08-27 12:26:43', 0),
	(828, 50, 'Klevarsida', 6.22, '2015-10-11 12:00:00', '00:03:48', '2015-08-10 15:21:50', '2015-08-27 12:26:43', 0),
	(827, 50, 'Darstul', 7.71, '2015-10-11 12:15:00', '00:04:23', '2015-08-10 15:21:49', '2015-08-27 12:26:43', 0),
	(826, 50, 'Elgsjo', 6.57, '2015-10-11 12:30:00', '00:03:59', '2015-08-10 15:21:49', '2015-08-27 12:26:43', 0),
	(856, 51, 'Ristilampi', 49.26, '2015-10-18 09:00:00', '00:33:49', '2015-08-10 15:24:02', '2015-08-27 12:26:43', 0),
	(855, 51, 'Heinunkierto 2', 23.37, '2015-10-18 09:15:00', '00:14:49', '2015-08-10 15:24:02', '2015-08-27 12:26:43', 0),
	(854, 51, 'Sarriojarvi 2', 36.22, '2015-10-18 09:30:00', '00:22:09', '2015-08-10 15:24:02', '2015-08-27 12:26:43', 0),
	(853, 51, 'Hanhikoski 2', 32.86, '2015-10-18 09:45:00', '00:19:40', '2015-08-10 15:24:02', '2015-08-27 12:26:43', 0),
	(852, 51, 'Ristilampi', 49.63, '2015-10-18 10:00:00', '00:33:21', '2015-08-10 15:24:02', '2015-08-12 15:56:58', 0),
	(851, 51, 'Heinunkierto', 23.37, '2015-10-18 10:15:00', '00:14:49', '2015-08-10 15:24:02', '2015-08-27 12:26:43', 0),
	(850, 51, 'Mantyvaara 3', 3.63, '2015-10-18 10:30:00', '00:02:28', '2015-08-10 15:24:02', '2015-08-27 12:26:43', 0),
	(849, 51, 'Sarriojarvi', 36.22, '2015-10-18 10:45:00', '00:22:09', '2015-08-10 15:24:02', '2015-08-27 12:26:43', 0),
	(848, 51, 'Hanhikoski', 32.86, '2015-10-18 11:00:00', '00:19:40', '2015-08-10 15:24:02', '2015-08-27 12:26:43', 0),
	(847, 51, 'Mantyvaara 2', 3.63, '2015-10-18 11:15:00', '00:02:28', '2015-08-10 15:24:02', '2015-08-27 12:26:43', 0),
	(846, 51, 'Jyrhamajarvi', 29.14, '2015-10-18 11:30:00', '00:17:10', '2015-08-10 15:24:02', '2015-08-27 12:26:43', 0),
	(845, 51, 'Siikakama', 38.32, '2015-10-18 11:45:00', '00:21:47', '2015-08-10 15:24:02', '2015-08-27 12:26:43', 0),
	(844, 51, 'Aittajarvi', 24.79, '2015-10-18 12:00:00', '00:16:41', '2015-08-10 15:24:01', '2015-08-27 12:26:43', 0),
	(843, 51, 'Mantyvaara', 3.63, '2015-10-18 12:15:00', '00:02:28', '2015-08-10 15:24:01', '2015-08-27 12:26:43', 0),
	(875, 52, 'Dechantskirchen 3', 9.61, '2015-10-25 09:00:00', '00:05:54', '2015-08-10 15:30:11', '2015-08-27 12:26:43', 0),
	(874, 52, 'Sinnersdorf 3', 8.34, '2015-10-25 09:15:00', '00:04:42', '2015-08-10 15:30:11', '2015-08-27 12:26:43', 0),
	(873, 52, 'Rohrbach 3', 6.68, '2015-10-25 09:30:00', '00:03:49', '2015-08-10 15:30:11', '2015-08-27 12:26:43', 0),
	(872, 52, 'Pinggau 3', 12.57, '2015-10-25 09:45:00', '00:07:31', '2015-08-10 15:30:11', '2015-08-27 12:26:43', 0),
	(871, 52, 'Pinggau Lang 2', 32.58, '2015-10-25 10:00:00', '00:20:02', '2015-08-10 15:30:11', '2015-08-27 12:26:43', 0),
	(870, 52, 'Haideggendorf 2', 8.78, '2015-10-25 10:15:00', '00:05:15', '2015-08-10 15:30:11', '2015-08-27 12:26:43', 0),
	(869, 52, 'Pinggau Lang', 32.58, '2015-10-25 10:30:00', '00:20:02', '2015-08-10 15:30:11', '2015-08-27 12:26:43', 0),
	(868, 52, 'Haideggendorf', 8.78, '2015-10-25 10:45:00', '00:05:15', '2015-08-10 15:30:10', '2015-08-27 12:26:43', 0),
	(867, 52, 'Dechantskirchen 2', 9.61, '2015-10-25 11:00:00', '00:05:54', '2015-08-10 15:30:10', '2015-08-27 12:26:43', 0),
	(866, 52, 'Sinnersdorf 2', 8.34, '2015-10-25 11:15:00', '00:04:42', '2015-08-10 15:30:10', '2015-08-27 12:26:43', 0),
	(865, 52, 'Dechantskirchen', 9.61, '2015-10-25 11:30:00', '00:05:54', '2015-08-10 15:30:10', '2015-08-27 12:26:43', 0),
	(864, 52, 'Sinnersdorf', 8.34, '2015-10-25 11:45:00', '00:04:42', '2015-08-10 15:30:10', '2015-08-27 12:26:43', 0),
	(863, 52, 'Rohrbach 2', 6.68, '2015-10-25 12:00:00', '00:03:49', '2015-08-10 15:30:10', '2015-08-27 12:26:43', 0),
	(862, 52, 'Pinggau 2', 12.57, '2015-10-25 12:15:00', '00:07:31', '2015-08-10 15:30:10', '2015-08-27 12:26:43', 0),
	(861, 52, 'Rohrbach', 6.68, '2015-10-25 12:30:00', '00:03:49', '2015-08-10 15:30:10', '2015-08-27 12:26:43', 0),
	(860, 52, 'Pinggau', 12.57, '2015-10-25 12:45:00', '00:07:31', '2015-08-10 15:30:10', '2015-08-27 12:26:43', 0),
	(893, 53, 'Kendal 3', 6.84, '2015-11-01 09:00:00', '00:04:36', '2015-08-10 15:36:16', '2015-08-27 12:26:43', 0),
	(892, 53, 'Bushy Park 2', 1.59, '2015-11-01 09:15:00', '00:00:53', '2015-08-10 15:36:16', '2015-08-27 12:26:43', 0),
	(891, 53, 'Malvern 2', 6.26, '2015-11-01 09:30:00', '00:03:47', '2015-08-10 15:36:16', '2015-08-27 12:26:43', 0),
	(890, 53, 'Kendal 2', 6.84, '2015-11-01 09:45:00', '00:04:36', '2015-08-10 15:36:16', '2015-08-27 12:26:43', 0),
	(889, 53, 'Bushy Park', 5.28, '2015-11-01 10:00:00', '00:00:53', '2015-08-10 15:36:16', '2015-08-27 12:26:43', 0),
	(888, 53, 'Malvern', 6.26, '2015-11-01 10:15:00', '00:03:47', '2015-08-10 15:36:16', '2015-08-27 12:26:43', 0),
	(887, 53, 'Kendal', 6.84, '2015-11-01 10:30:00', '00:04:36', '2015-08-10 15:36:16', '2015-08-27 12:26:43', 0),
	(886, 53, 'Spring Vale 3', 5.70, '2015-11-01 10:45:00', '00:03:52', '2015-08-10 15:36:16', '2015-08-27 12:26:43', 0),
	(885, 53, 'Canefield 3', 6.87, '2015-11-01 11:00:00', '00:04:01', '2015-08-10 15:36:16', '2015-08-27 12:26:43', 0),
	(884, 53, 'Sailor Gully 3', 4.94, '2015-11-01 11:15:00', '00:03:14', '2015-08-10 15:36:15', '2015-08-27 12:26:43', 0),
	(883, 53, 'Spring Vale 2', 5.21, '2015-11-01 11:30:00', '00:03:08', '2015-08-10 15:36:15', '2015-08-27 12:26:43', 0),
	(882, 53, 'Canefield 2', 6.87, '2015-11-01 11:45:00', '00:04:01', '2015-08-10 15:36:15', '2015-08-27 12:26:43', 0),
	(881, 53, 'Sailor Gully 2', 4.94, '2015-11-01 12:00:00', '00:03:14', '2015-08-10 15:36:15', '2015-08-27 12:26:43', 0),
	(880, 53, 'Spring Vale ', 4.71, '2015-11-01 12:15:00', '00:03:06', '2015-08-10 15:36:15', '2015-08-27 12:26:43', 0),
	(879, 53, 'Canefield', 6.87, '2015-11-01 12:30:00', '00:04:01', '2015-08-10 15:36:15', '2015-08-27 12:26:43', 0),
	(878, 53, 'Sailor Gully', 4.94, '2015-11-01 12:45:00', '00:03:14', '2015-08-10 15:36:15', '2015-08-27 12:26:43', 0),
	(877, 53, 'Bushy Park', 1.59, '2015-11-01 13:00:00', '00:01:01', '2015-08-10 15:36:15', '2015-08-12 15:56:59', 0),
	(898, 54, 'Schuiferskapelle 2', 15.43, '2015-11-08 09:00:00', '00:09:45', '2015-08-10 15:38:49', '2015-08-27 12:26:43', 0),
	(897, 54, 'Poelberg', 7.41, '2015-11-08 09:15:00', '00:05:00', '2015-08-10 15:38:49', '2015-08-27 12:26:43', 0),
	(896, 54, 'Oosthoek', 8.97, '2015-11-08 09:30:00', '00:06:00', '2015-08-10 15:38:49', '2015-08-27 12:26:43', 0),
	(895, 54, 'Ondank', 9.75, '2015-11-08 09:45:00', '00:05:59', '2015-08-10 15:38:49', '2015-08-27 12:26:43', 0),
	(894, 54, 'Schuiferskapelle', 15.43, '2015-11-08 10:00:00', '00:09:45', '2015-08-10 15:38:49', '2015-08-27 12:26:43', 0),
	(899, 54, 'Ondank 2', 9.75, '2015-11-08 10:15:00', '00:05:59', '2015-08-10 15:38:49', '2015-08-27 12:26:43', 0),
	(900, 54, 'Oosthoek 2', 8.97, '2015-11-08 10:30:00', '00:06:00', '2015-08-10 15:38:50', '2015-08-27 12:26:43', 0),
	(901, 54, 'Poelberg 2', 7.41, '2015-11-08 10:45:00', '00:05:00', '2015-08-10 15:38:50', '2015-08-27 12:26:43', 0),
	(902, 54, 'Schuiferskapelle 3', 15.43, '2015-11-08 11:00:00', '00:09:45', '2015-08-10 15:38:50', '2015-08-27 12:26:43', 0),
	(903, 54, 'Ondank 3', 9.75, '2015-11-08 11:15:00', '00:05:59', '2015-08-10 15:38:50', '2015-08-27 12:26:43', 0),
	(904, 54, 'Oosthoek 3', 8.97, '2015-11-08 11:30:00', '00:06:00', '2015-08-10 15:38:50', '2015-08-27 12:26:43', 0),
	(905, 54, 'Poelberg 3', 7.41, '2015-11-08 11:45:00', '00:05:00', '2015-08-10 15:38:50', '2015-08-27 12:26:43', 0),
	(906, 54, 'Schuiferskapelle 4', 15.43, '2015-11-08 12:00:00', '00:09:45', '2015-08-10 15:38:50', '2015-08-27 12:26:43', 0),
	(907, 54, 'Ondank 4', 9.75, '2015-11-08 12:15:00', '00:05:59', '2015-08-10 15:38:50', '2015-08-27 12:26:43', 0),
	(908, 54, 'Oosthoek 4', 8.97, '2015-11-08 12:30:00', '00:06:00', '2015-08-10 15:38:50', '2015-08-27 12:26:43', 0),
	(909, 54, 'Poelberg 4', 7.41, '2015-11-08 12:45:00', '00:05:00', '2015-08-10 15:38:50', '2015-08-27 12:26:44', 0),
	(911, 55, 'Citadelle', 4.88, '2015-11-15 09:00:00', '00:03:19', '2015-08-10 15:41:57', '2015-08-27 12:26:44', 0),
	(912, 55, 'Malonne', 14.49, '2015-11-15 09:15:00', '00:09:19', '2015-08-10 15:41:57', '2015-08-27 12:26:44', 0),
	(913, 55, 'Bois de Villers', 9.90, '2015-11-15 09:30:00', '00:06:28', '2015-08-10 15:41:57', '2015-08-27 12:26:44', 0),
	(914, 55, 'Crupet', 11.84, '2015-11-15 09:45:00', '00:08:09', '2015-08-10 15:41:57', '2015-08-27 12:26:44', 0),
	(915, 55, 'Natoye', 10.34, '2015-11-15 10:00:00', '00:06:21', '2015-08-10 15:41:57', '2015-08-27 12:26:44', 0),
	(916, 55, 'Malonne 2', 14.49, '2015-11-15 10:15:00', '00:09:19', '2015-08-10 15:41:57', '2015-08-27 12:26:44', 0),
	(917, 55, 'Bois de Villers 2', 9.90, '2015-11-15 10:30:00', '00:06:28', '2015-08-10 15:41:58', '2015-08-27 12:26:44', 0),
	(918, 55, 'Crupet 2', 11.84, '2015-11-15 10:45:00', '00:08:09', '2015-08-10 15:41:58', '2015-08-27 12:26:44', 0),
	(919, 55, 'Natoye 2', 10.34, '2015-11-15 11:00:00', '00:06:21', '2015-08-10 15:41:58', '2015-08-27 12:26:44', 0),
	(920, 55, 'Malonne 3', 14.49, '2015-11-15 11:15:00', '00:09:19', '2015-08-10 15:41:58', '2015-08-27 12:26:44', 0),
	(921, 55, 'Bois de Villers 3', 9.90, '2015-11-15 11:30:00', '00:06:28', '2015-08-10 15:41:58', '2015-08-27 12:26:44', 0),
	(922, 55, 'Crupet 3', 11.84, '2015-11-15 11:45:00', '00:08:09', '2015-08-10 15:41:58', '2015-08-27 12:26:44', 0),
	(923, 55, 'Natoye 3', 10.34, '2015-11-15 12:00:00', '00:06:21', '2015-08-10 15:41:58', '2015-08-27 12:26:44', 0),
	(924, 55, 'Naninne', 7.38, '2015-11-15 12:15:00', '00:05:02', '2015-08-10 15:41:58', '2015-08-27 12:26:44', 0),
	(925, 55, 'Loyers', 5.22, '2015-11-15 12:30:00', '00:03:09', '2015-08-10 15:41:58', '2015-08-27 12:26:44', 0),
	(926, 55, 'Wartet', 8.94, '2015-11-15 12:45:00', '00:05:05', '2015-08-10 15:41:58', '2015-08-27 12:26:44', 0),
	(927, 55, 'Vedrin', 5.33, '2015-11-15 13:00:00', '00:03:04', '2015-08-10 15:41:58', '2015-08-27 12:26:44', 0),
	(928, 56, 'Campo Magro', 18.42, '2015-08-31 09:00:00', '00:11:07', '2015-08-10 15:44:48', '2015-08-31 09:00:00', 1),
	(929, 56, 'Ouro Fino', 12.80, '2015-08-31 09:15:00', '00:08:11', '2015-08-10 15:44:48', '2015-08-31 09:15:01', 1),
	(930, 56, 'Curtiba', 12.57, '2015-08-31 09:30:00', '00:08:21', '2015-08-10 15:44:48', '2015-08-31 09:30:00', 1),
	(931, 56, 'Campo Magro 2', 18.42, '2015-08-31 09:45:00', '00:11:07', '2015-08-10 15:44:48', '2015-08-31 09:45:00', 1),
	(932, 56, 'Curtiba 2', 12.57, '2015-08-31 10:00:00', '00:08:21', '2015-08-10 15:44:48', '2015-08-31 10:00:00', 1),
	(933, 56, 'Campo Magro 3', 18.42, '2015-08-31 10:15:00', '00:11:07', '2015-08-10 15:44:48', '2015-08-31 10:15:01', 1),
	(934, 56, 'Ouro Fino 2', 12.80, '2015-08-31 10:30:00', '00:08:11', '2015-08-10 15:44:48', '2015-08-31 10:30:01', 1),
	(935, 56, 'Bocaiuva', 28.68, '2015-08-31 10:45:00', '00:16:14', '2015-08-10 15:44:48', '2015-08-31 10:45:01', 1),
	(936, 56, 'Rio Pesqueiro', 15.89, '2015-08-31 11:00:00', '00:10:39', '2015-08-10 15:44:48', '2015-08-31 11:00:00', 1),
	(937, 56, 'Quatro Barras', 12.97, '2015-08-31 11:15:00', '00:07:40', '2015-08-10 15:44:48', '2015-08-31 11:15:00', 1),
	(938, 56, 'Nobre', 10.86, '2015-08-31 11:30:00', '00:06:58', '2015-08-10 15:44:48', '2015-08-31 11:30:01', 1),
	(939, 56, 'Rio Pesqueiro 2', 15.89, '2015-08-31 11:45:00', '00:10:39', '2015-08-10 15:44:48', '2015-08-31 11:45:00', 1),
	(940, 56, 'Quatro Barras 2', 12.97, '2015-08-31 12:00:00', '00:07:40', '2015-08-10 15:44:48', '2015-08-31 12:00:00', 1),
	(941, 56, 'Campina', 23.95, '2015-08-31 12:15:00', '00:16:16', '2015-08-10 15:44:48', '2015-08-31 12:15:01', 1),
	(942, 56, 'Prime Pinhais', 3.34, '2015-08-31 12:30:00', '00:02:01', '2015-08-10 15:44:49', '2015-08-31 12:30:01', 1),
	(945, 57, 'Beli Iskar', 6.87, '2015-09-07 09:00:00', '00:04:35', '2015-08-10 15:48:24', '2015-08-27 12:26:44', 0),
	(946, 57, 'Borovetz - Raduil', 9.21, '2015-09-07 09:15:00', '00:05:56', '2015-08-10 15:48:24', '2015-08-27 12:26:44', 0),
	(947, 57, 'Muhovo', 29.68, '2015-09-07 09:30:00', '00:18:49', '2015-08-10 15:48:24', '2015-08-27 12:26:44', 0),
	(948, 57, 'Slavovitza', 17.84, '2015-09-07 09:45:00', '00:10:24', '2015-08-10 15:48:24', '2015-08-27 12:26:44', 0),
	(949, 57, 'Beli Iskar 2', 6.87, '2015-09-07 10:00:00', '00:04:35', '2015-08-10 15:48:24', '2015-08-27 12:26:44', 0),
	(950, 57, 'Borovetz - Raduil 2', 9.21, '2015-09-07 10:15:00', '00:05:56', '2015-08-10 15:48:24', '2015-08-27 12:26:44', 0),
	(951, 57, 'Muhovo 2', 29.68, '2015-09-07 10:30:00', '00:18:49', '2015-08-10 15:48:24', '2015-08-27 12:26:44', 0),
	(952, 57, 'Slavovitza 2', 17.84, '2015-09-07 10:45:00', '00:10:24', '2015-08-10 15:48:24', '2015-08-27 12:26:44', 0),
	(953, 57, 'Trayanovi Vrata', 18.65, '2015-09-07 11:00:00', '00:10:31', '2015-08-10 15:48:24', '2015-08-27 12:26:44', 0),
	(954, 57, 'Lubnitza', 30.84, '2015-09-07 11:15:00', '00:20:51', '2015-08-10 15:48:25', '2015-08-27 12:26:44', 0),
	(955, 57, 'Raduil - Borovetz', 9.61, '2015-09-07 11:30:00', '00:05:56', '2015-08-10 15:48:25', '2015-08-27 12:26:44', 0),
	(956, 57, 'Borovetz - Beli Iskar', 6.27, '2015-09-07 11:45:00', '00:03:48', '2015-08-10 15:48:25', '2015-08-27 12:26:44', 0),
	(957, 57, 'Trayanovi Vrata 2', 18.65, '2015-09-07 12:00:00', '00:10:31', '2015-08-10 15:48:25', '2015-08-27 12:26:44', 0),
	(958, 57, 'Lubnitza 2', 30.84, '2015-09-07 12:15:00', '00:20:51', '2015-08-10 15:48:25', '2015-08-27 12:26:44', 0),
	(962, 58, 'Porec', 1.30, '2015-09-14 09:00:00', '00:00:48', '2015-08-10 15:50:44', '2015-08-27 12:26:44', 0),
	(963, 58, 'Boljun', 14.73, '2015-09-14 09:15:00', '00:08:16', '2015-08-10 15:50:44', '2015-08-27 12:26:44', 0),
	(964, 58, 'Ucka', 13.70, '2015-09-14 09:30:00', '00:08:58', '2015-08-10 15:50:44', '2015-08-27 12:26:44', 0),
	(965, 58, 'Brest', 29.76, '2015-09-14 09:45:00', '00:17:08', '2015-08-10 15:50:45', '2015-08-27 12:26:44', 0),
	(966, 58, 'Boljun 2', 14.73, '2015-09-14 10:00:00', '00:08:16', '2015-08-10 15:50:45', '2015-08-27 12:26:44', 0),
	(967, 58, 'Ucka 2', 13.70, '2015-09-14 10:15:00', '00:08:58', '2015-08-10 15:50:45', '2015-08-27 12:26:44', 0),
	(968, 58, 'Brest 2', 29.76, '2015-09-14 10:30:00', '00:17:08', '2015-08-10 15:50:45', '2015-08-27 12:26:44', 0),
	(969, 58, 'Butoniga', 14.49, '2015-09-14 10:45:00', '00:09:54', '2015-08-10 15:50:45', '2015-08-27 12:26:44', 0),
	(970, 58, 'Buzet', 14.36, '2015-09-14 11:00:00', '00:08:10', '2015-08-10 15:50:45', '2015-08-27 12:26:44', 0),
	(971, 58, 'Salteria', 29.84, '2015-09-14 11:15:00', '00:20:13', '2015-08-10 15:50:45', '2015-08-27 12:26:44', 0),
	(972, 58, 'Butoniga 2', 14.49, '2015-09-14 11:30:00', '00:09:54', '2015-08-10 15:50:45', '2015-08-27 12:26:44', 0),
	(973, 58, 'Buzet 2', 14.36, '2015-09-14 11:45:00', '00:08:10', '2015-08-10 15:50:45', '2015-08-27 12:26:44', 0),
	(974, 58, 'Salteria 2', 29.84, '2015-09-14 12:00:00', '00:20:13', '2015-08-10 15:50:45', '2015-08-27 12:26:44', 0),
	(975, 58, 'Porec 2', 1.30, '2015-09-14 12:15:00', '00:00:48', '2015-08-10 15:50:45', '2015-08-27 12:26:44', 0),
	(976, 58, 'Porec 3', 1.30, '2015-09-14 12:30:00', '00:00:48', '2015-08-10 15:50:45', '2015-08-27 12:26:44', 0),
	(979, 59, 'Horazdovice - Komusin', 5.16, '2015-09-21 09:00:00', '00:02:53', '2015-08-10 15:54:30', '2015-08-27 12:26:44', 0),
	(980, 59, 'Cecelovice', 16.97, '2015-09-21 09:15:00', '00:11:04', '2015-08-10 15:54:30', '2015-08-27 12:26:44', 0),
	(981, 59, 'Doubravice - Chrastovice', 11.29, '2015-09-21 09:30:00', '00:06:23', '2015-08-10 15:54:30', '2015-08-27 12:26:44', 0),
	(982, 59, 'Strazovice - Nehodiv', 7.74, '2015-09-21 09:45:00', '00:04:32', '2015-08-10 15:54:31', '2015-08-27 12:26:44', 0),
	(983, 59, 'Horazdovice - Komusin 2', 5.16, '2015-09-21 10:00:00', '00:02:53', '2015-08-10 15:54:31', '2015-08-27 12:26:44', 0),
	(984, 59, 'Cecelovice 2', 16.97, '2015-09-21 10:15:00', '00:11:04', '2015-08-10 15:54:31', '2015-08-12 15:56:59', 0),
	(985, 59, 'Doubravice - Chrastovice 2', 11.29, '2015-09-21 10:30:00', '00:06:23', '2015-08-10 15:54:31', '2015-08-27 12:26:44', 0),
	(986, 59, 'Strazovice - Nehodiv 2', 7.74, '2015-09-21 10:45:00', '00:04:32', '2015-08-10 15:54:31', '2015-08-27 12:26:44', 0),
	(987, 59, 'Horazdovice - Komusin 3', 5.16, '2015-09-21 11:00:00', '00:02:53', '2015-08-10 15:54:31', '2015-08-27 12:26:44', 0),
	(988, 59, 'Cecelovice 3', 16.97, '2015-09-21 11:15:00', '00:11:04', '2015-08-10 15:54:31', '2015-08-27 12:26:44', 0),
	(989, 59, 'Doubravice - Chrastovice 3', 11.29, '2015-09-21 11:30:00', '00:06:23', '2015-08-10 15:54:31', '2015-08-27 12:26:44', 0),
	(990, 59, 'Strazovice - Nehodiv 3', 7.74, '2015-09-21 11:45:00', '00:04:32', '2015-08-10 15:54:31', '2015-08-27 12:26:44', 0),
	(991, 59, 'Nehodiv - Cecelovice', 12.31, '2015-09-21 12:00:00', '00:08:03', '2015-08-10 15:54:31', '2015-08-27 12:26:44', 0),
	(992, 59, 'Cecelovice - Doubravice', 7.70, '2015-09-21 12:15:00', '00:05:12', '2015-08-10 15:54:31', '2015-08-27 12:26:44', 0),
	(996, 60, 'Bondy', 2.69, '2015-09-28 09:00:00', '00:01:42', '2015-08-10 16:20:57', '2015-08-27 12:26:44', 0),
	(997, 60, 'Sychrov', 19.32, '2015-09-28 09:15:00', '00:13:02', '2015-08-10 16:20:57', '2015-08-27 12:26:44', 0),
	(998, 60, 'Sumburk', 16.41, '2015-09-28 09:30:00', '00:11:14', '2015-08-10 16:20:57', '2015-08-27 12:26:44', 0),
	(999, 60, 'Bzi', 5.27, '2015-09-28 09:45:00', '00:03:03', '2015-08-10 16:20:57', '2015-08-27 12:26:44', 0),
	(1000, 60, 'Sychrov 2', 19.32, '2015-09-28 10:00:00', '00:13:02', '2015-08-10 16:20:57', '2015-08-27 12:26:44', 0),
	(1001, 60, 'Sumburk 2', 16.41, '2015-09-28 10:15:00', '00:11:14', '2015-08-10 16:20:58', '2015-08-27 12:26:44', 0),
	(1002, 60, 'Bzi 2', 5.27, '2015-09-28 10:30:00', '00:03:03', '2015-08-10 16:20:58', '2015-08-27 12:26:44', 0),
	(1003, 60, 'Lobec', 11.14, '2015-09-28 10:45:00', '00:06:42', '2015-08-10 16:20:58', '2015-08-27 12:26:44', 0),
	(1004, 60, 'Vinec', 15.34, '2015-09-28 11:00:00', '00:08:56', '2015-08-10 16:20:58', '2015-08-27 12:26:44', 0),
	(1005, 60, 'Staromestska', 5.62, '2015-09-28 11:15:00', '00:03:38', '2015-08-10 16:20:58', '2015-08-27 12:26:44', 0),
	(1006, 60, 'Lobec 2', 11.14, '2015-09-28 11:30:00', '00:06:42', '2015-08-10 16:20:58', '2015-08-27 12:26:44', 0),
	(1007, 60, 'Vinec 2', 15.34, '2015-09-28 11:45:00', '00:08:56', '2015-08-10 16:20:58', '2015-08-27 12:26:44', 0),
	(1008, 60, 'Staromestska 2', 5.62, '2015-09-28 12:00:00', '00:03:38', '2015-08-10 16:20:58', '2015-08-27 12:26:44', 0),
	(1009, 60, 'Lobec 3', 11.14, '2015-09-28 12:15:00', '00:06:42', '2015-08-10 16:20:58', '2015-08-27 12:26:44', 0),
	(1010, 60, 'Vinec 3', 15.34, '2015-09-28 12:30:00', '00:08:56', '2015-08-10 16:20:58', '2015-08-27 12:26:44', 0),
	(1013, 61, 'Marchampt', 12.25, '2015-10-05 09:00:00', '00:08:11', '2015-08-10 16:27:13', '2015-08-27 12:26:44', 0),
	(1014, 61, 'Lamure sur Azergues', 14.80, '2015-10-05 09:15:00', '00:09:59', '2015-08-10 16:27:13', '2015-08-27 12:26:44', 0),
	(1015, 61, 'Bibost', 13.87, '2015-10-05 09:30:00', '00:08:48', '2015-08-10 16:27:13', '2015-08-27 12:26:44', 0),
	(1016, 61, 'Rontalon', 14.97, '2015-10-05 09:45:00', '00:10:08', '2015-08-10 16:27:13', '2015-08-27 12:26:44', 0),
	(1017, 61, 'Lyon - Gerland', 1.88, '2015-10-05 10:00:00', '00:01:17', '2015-08-10 16:27:13', '2015-08-27 12:26:44', 0),
	(1018, 61, 'Marchampt - Claveisoles', 25.59, '2015-10-05 10:15:00', '00:16:44', '2015-08-10 16:27:13', '2015-08-27 12:26:44', 0),
	(1019, 61, 'Lamure sur Azergues 2', 14.80, '2015-10-05 10:30:00', '00:09:59', '2015-08-10 16:27:13', '2015-08-27 12:26:44', 0),
	(1020, 61, 'Les Noirs', 18.66, '2015-10-05 10:45:00', '00:12:17', '2015-08-10 16:27:13', '2015-08-27 12:26:44', 0),
	(1021, 61, 'Les Sauvages', 12.80, '2015-10-05 11:00:00', '00:07:17', '2015-08-10 16:27:13', '2015-08-27 12:26:44', 0),
	(1022, 61, 'Marchampt - Claveisoles', 25.94, '2015-10-05 11:15:00', '00:15:46', '2015-08-10 16:27:14', '2015-08-12 15:56:59', 0),
	(1023, 61, 'Lamure sur Azergues 3', 14.80, '2015-10-05 11:30:00', '00:09:59', '2015-08-10 16:27:14', '2015-08-27 12:26:44', 0),
	(1024, 61, 'Les Noirs 2', 18.66, '2015-10-05 11:45:00', '00:12:17', '2015-08-10 16:27:14', '2015-08-27 12:26:44', 0),
	(1025, 61, 'Les Sauvages 2', 12.80, '2015-10-05 12:00:00', '00:07:17', '2015-08-10 16:27:14', '2015-08-27 12:26:44', 0),
	(1026, 61, 'Les Noirs 3', 18.66, '2015-10-05 12:15:00', '00:12:17', '2015-08-10 16:27:14', '2015-08-27 12:26:44', 0),
	(1027, 61, 'Les Sauvages 3', 12.80, '2015-10-05 12:30:00', '00:07:17', '2015-08-10 16:27:14', '2015-08-27 12:26:44', 0),
	(1030, 62, 'Camiers', 12.11, '2015-10-12 09:00:00', '00:07:17', '2015-08-10 16:29:02', '2015-08-27 12:26:44', 0),
	(1031, 62, 'La Calotterie', 12.68, '2015-10-12 09:15:00', '00:07:25', '2015-08-10 16:29:02', '2015-08-27 12:26:44', 0),
	(1032, 62, 'Airon', 15.54, '2015-10-12 09:30:00', '00:09:19', '2015-08-10 16:29:02', '2015-08-27 12:26:44', 0),
	(1033, 62, 'Le Touquet', 2.26, '2015-10-12 09:45:00', '00:01:32', '2015-08-10 16:29:02', '2015-08-27 12:26:44', 0),
	(1034, 62, 'Camiers 2', 12.11, '2015-10-12 10:00:00', '00:07:17', '2015-08-10 16:29:02', '2015-08-27 12:26:44', 0),
	(1035, 62, 'La Calotterie 2', 12.68, '2015-10-12 10:15:00', '00:07:25', '2015-08-10 16:29:02', '2015-08-27 12:26:44', 0),
	(1036, 62, 'Airon 2', 15.54, '2015-10-12 10:30:00', '00:09:19', '2015-08-10 16:29:03', '2015-08-27 12:26:44', 0),
	(1037, 62, 'Le Touquet 2', 2.26, '2015-10-12 10:45:00', '00:01:32', '2015-08-10 16:29:03', '2015-08-27 12:26:44', 0),
	(1038, 62, 'Bourthes', 27.65, '2015-10-12 11:00:00', '00:16:23', '2015-08-10 16:29:03', '2015-08-27 12:26:44', 0),
	(1039, 62, 'Bourthes 2', 27.65, '2015-10-12 11:15:00', '00:16:23', '2015-08-10 16:29:03', '2015-08-27 12:26:44', 0),
	(1040, 62, 'Hucqueliers', 30.28, '2015-10-12 11:30:00', '00:19:02', '2015-08-10 16:29:03', '2015-08-27 12:26:44', 0),
	(1041, 62, 'Le Touquet 3', 2.26, '2015-10-12 11:45:00', '00:01:32', '2015-08-10 16:29:03', '2015-08-27 12:26:44', 0),
	(1042, 62, 'Hucqueliers 2', 30.28, '2015-10-12 12:00:00', '00:19:02', '2015-08-10 16:29:03', '2015-08-27 12:26:44', 0),
	(1043, 62, 'Bourthes 3', 27.65, '2015-10-12 12:15:00', '00:16:23', '2015-08-10 16:29:03', '2015-08-27 12:26:44', 0),
	(1044, 62, 'Hucqueliers 3', 30.28, '2015-10-12 12:30:00', '00:19:02', '2015-08-10 16:29:03', '2015-08-27 12:26:44', 0),
	(1047, 63, 'Stollberg', 4.72, '2015-10-19 09:00:00', '00:03:11', '2015-08-10 16:31:41', '2015-08-27 12:26:44', 0),
	(1048, 63, 'Grunhain', 14.25, '2015-10-19 09:15:00', '00:08:24', '2015-08-10 16:31:41', '2015-08-27 12:26:44', 0),
	(1049, 63, 'Gelenau', 7.17, '2015-10-19 09:30:00', '00:04:37', '2015-08-10 16:31:41', '2015-08-27 12:26:44', 0),
	(1050, 63, 'Mildenau', 7.82, '2015-10-19 09:45:00', '00:05:12', '2015-08-10 16:31:41', '2015-08-27 12:26:44', 0),
	(1051, 63, 'Grunhain 2', 14.25, '2015-10-19 10:00:00', '00:08:24', '2015-08-10 16:31:41', '2015-08-27 12:26:44', 0),
	(1052, 63, 'Gelenau 2', 7.17, '2015-10-19 10:15:00', '00:04:37', '2015-08-10 16:31:42', '2015-08-27 12:26:44', 0),
	(1053, 63, 'Mildenau 2', 7.82, '2015-10-19 10:30:00', '00:05:12', '2015-08-10 16:31:42', '2015-08-27 12:26:44', 0),
	(1054, 63, 'Gelenau 3', 7.17, '2015-10-19 10:45:00', '00:04:37', '2015-08-10 16:31:42', '2015-08-27 12:26:44', 0),
	(1055, 63, 'Jahnsdorf', 8.15, '2015-10-19 11:00:00', '00:04:48', '2015-08-10 16:31:42', '2015-08-27 12:26:44', 0),
	(1056, 63, 'Oberdorf', 11.50, '2015-10-19 11:15:00', '00:07:14', '2015-08-10 16:31:42', '2015-08-27 12:26:44', 0),
	(1057, 63, 'Jahnsdorf 2', 8.45, '2015-10-19 11:30:00', '00:04:48', '2015-08-10 16:31:42', '2015-08-27 12:26:44', 0),
	(1058, 63, 'Oberdorf 2', 11.68, '2015-10-19 11:45:00', '00:07:14', '2015-08-10 16:31:42', '2015-08-27 12:26:44', 0),
	(1059, 63, 'Jahnsdorf', 8.45, '2015-10-19 12:00:00', '00:05:54', '2015-08-10 16:31:42', '2015-08-12 15:56:59', 0),
	(1060, 63, 'Oberdorf', 11.68, '2015-10-19 12:15:00', '00:06:08', '2015-08-10 16:31:42', '2015-08-12 15:56:59', 0),
	(1064, 64, 'Lydford', 8.66, '2015-10-26 09:00:00', '00:04:57', '2015-08-10 16:38:22', '2015-08-27 12:26:44', 0),
	(1065, 64, 'Reynolds', 8.86, '2015-10-26 09:15:00', '00:05:53', '2015-08-10 16:38:22', '2015-08-27 12:26:44', 0),
	(1066, 64, 'Lydford 2', 8.66, '2015-10-26 09:30:00', '00:04:57', '2015-08-10 16:38:22', '2015-08-27 12:26:44', 0),
	(1067, 64, 'Reynolds 2', 8.86, '2015-10-26 09:45:00', '00:05:53', '2015-08-10 16:38:22', '2015-08-27 12:26:44', 0),
	(1068, 64, 'Lydford 3', 8.66, '2015-10-26 10:00:00', '00:04:57', '2015-08-10 16:38:22', '2015-08-27 12:26:44', 0),
	(1069, 64, 'Reynolds 3', 8.86, '2015-10-26 10:15:00', '00:05:53', '2015-08-10 16:38:22', '2015-08-27 12:26:44', 0),
	(1070, 64, 'Haddon Pen', 8.99, '2015-10-26 10:30:00', '00:05:24', '2015-08-10 16:38:22', '2015-08-27 12:26:44', 0),
	(1071, 64, 'Reynolds 4', 8.86, '2015-10-26 10:45:00', '00:05:53', '2015-08-10 16:38:22', '2015-08-27 12:26:44', 0),
	(1072, 64, 'Haddon Pen 2', 8.99, '2015-10-26 11:00:00', '00:05:24', '2015-08-10 16:38:22', '2015-08-27 12:26:44', 0),
	(1073, 64, 'Haddon Pen 3', 8.99, '2015-10-26 11:15:00', '00:05:24', '2015-08-10 16:38:22', '2015-08-27 12:26:44', 0),
	(1074, 64, 'New Works', 5.27, '2015-10-26 11:30:00', '00:03:16', '2015-08-10 16:38:22', '2015-08-27 12:26:44', 0),
	(1075, 64, 'Bybrook', 7.20, '2015-10-26 11:45:00', '00:04:50', '2015-08-10 16:38:23', '2015-08-27 12:26:44', 0),
	(1076, 64, 'New Works 2', 5.27, '2015-10-26 12:00:00', '00:03:16', '2015-08-10 16:38:23', '2015-08-27 12:26:44', 0),
	(1077, 64, 'Bybrook 2', 7.20, '2015-10-26 12:15:00', '00:04:50', '2015-08-10 16:38:23', '2015-08-27 12:26:44', 0),
	(1078, 64, 'New Works 3', 5.27, '2015-10-26 12:30:00', '00:03:16', '2015-08-10 16:38:23', '2015-08-27 12:26:44', 0),
	(1079, 64, 'Bybrook 3', 7.20, '2015-10-26 12:45:00', '00:04:50', '2015-08-10 16:38:23', '2015-08-27 12:26:44', 0),
	(1080, 64, 'Wakefield', 5.73, '2015-10-26 13:00:00', '00:03:14', '2015-08-10 16:38:23', '2015-08-27 12:26:44', 0),
	(1081, 65, 'Schutte Informatisering', 10.22, '2015-11-02 09:00:00', '00:05:45', '2015-08-10 16:41:16', '2015-08-27 12:26:44', 0),
	(1082, 65, 'Eurol Lubricants', 6.51, '2015-11-02 09:15:00', '00:03:54', '2015-08-10 16:41:16', '2015-08-27 12:26:44', 0),
	(1083, 65, 'Teunis Automotive', 6.12, '2015-11-02 09:30:00', '00:03:41', '2015-08-10 16:41:16', '2015-08-27 12:26:44', 0),
	(1084, 65, 'Schutte Informatisering 2', 10.22, '2015-11-02 09:45:00', '00:05:45', '2015-08-10 16:41:16', '2015-08-27 12:26:44', 0),
	(1085, 65, 'Eurol Lubricants 2', 6.51, '2015-11-02 10:00:00', '00:03:54', '2015-08-10 16:41:16', '2015-08-27 12:26:44', 0),
	(1086, 65, 'Teunis Automotive 2', 6.12, '2015-11-02 10:15:00', '00:03:41', '2015-08-10 16:41:17', '2015-08-27 12:26:44', 0),
	(1087, 65, 'Hegeman Bouw', 13.89, '2015-11-02 10:30:00', '00:09:00', '2015-08-10 16:41:17', '2015-08-27 12:26:44', 0),
	(1088, 65, 'Reggesign Reclame', 10.36, '2015-11-02 10:45:00', '00:06:45', '2015-08-10 16:41:17', '2015-08-27 12:26:44', 0),
	(1089, 65, 'Hegeman Bouw 2', 13.89, '2015-11-02 11:00:00', '00:09:00', '2015-08-10 16:41:17', '2015-08-27 12:26:44', 0),
	(1090, 65, 'Reggesign Reclame 2', 10.36, '2015-11-02 11:15:00', '00:06:45', '2015-08-10 16:41:17', '2015-08-27 12:26:44', 0),
	(1091, 65, 'Ten Brinke', 12.67, '2015-11-02 11:30:00', '00:08:09', '2015-08-10 16:41:17', '2015-08-27 12:26:44', 0),
	(1092, 65, 'Tijhof', 8.48, '2015-11-02 11:45:00', '00:05:32', '2015-08-10 16:41:17', '2015-08-27 12:26:44', 0),
	(1093, 65, 'Wolves Berging', 11.59, '2015-11-02 12:00:00', '00:07:51', '2015-08-10 16:41:17', '2015-08-27 12:26:44', 0),
	(1094, 65, 'Ten Brinke 2', 12.67, '2015-11-02 12:15:00', '00:08:09', '2015-08-10 16:41:17', '2015-08-27 12:26:44', 0),
	(1095, 65, 'Tijhof 2', 8.48, '2015-11-02 12:30:00', '00:05:32', '2015-08-10 16:41:17', '2015-08-27 12:26:44', 0),
	(1096, 65, 'Wolves Berging 2', 11.59, '2015-11-02 12:45:00', '00:07:51', '2015-08-10 16:41:17', '2015-08-27 12:26:44', 0),
	(1098, 66, 'Tenten - Huelmes', 12.56, '2015-11-09 09:00:00', '00:07:57', '2015-08-10 16:47:23', '2015-08-27 12:26:44', 0),
	(1099, 66, 'Petten - Rouscht', 5.25, '2015-11-09 09:15:00', '00:02:59', '2015-08-10 16:47:23', '2015-08-27 12:26:44', 0),
	(1100, 66, 'Platen - Horass', 6.74, '2015-11-09 09:30:00', '00:04:20', '2015-08-10 16:47:23', '2015-08-27 12:26:44', 0),
	(1101, 66, 'Tenten - Huelmes 2', 12.56, '2015-11-09 09:45:00', '00:07:57', '2015-08-10 16:47:23', '2015-08-27 12:26:44', 0),
	(1102, 66, 'Petten - Rouscht 2', 5.25, '2015-11-09 10:00:00', '00:02:59', '2015-08-10 16:47:23', '2015-08-27 12:26:44', 0),
	(1103, 66, 'Platen - Horass 2', 6.74, '2015-11-09 10:15:00', '00:04:20', '2015-08-10 16:47:23', '2015-08-27 12:26:44', 0),
	(1104, 66, 'Tenten - Huelmes 3', 12.56, '2015-11-09 10:30:00', '00:07:57', '2015-08-10 16:47:24', '2015-08-27 12:26:44', 0),
	(1105, 66, 'Petten - Rouscht 3', 5.25, '2015-11-09 10:45:00', '00:02:59', '2015-08-10 16:47:24', '2015-08-27 12:26:44', 0),
	(1106, 66, 'Platen - Horass 3', 6.74, '2015-11-09 11:00:00', '00:04:20', '2015-08-10 16:47:24', '2015-08-27 12:26:44', 0),
	(1107, 66, 'Reiden - Noojhem', 20.19, '2015-11-09 11:15:00', '00:13:24', '2015-08-10 16:47:24', '2015-08-27 12:26:44', 0),
	(1108, 66, 'Horass - Platen', 10.99, '2015-11-09 11:30:00', '00:07:12', '2015-08-10 16:47:24', '2015-08-27 12:26:44', 0),
	(1109, 66, 'Reiden - Noojhem 2', 20.19, '2015-11-09 11:45:00', '00:13:24', '2015-08-10 16:47:24', '2015-08-27 12:26:44', 0),
	(1110, 66, 'Horass - Platen 2', 10.99, '2015-11-09 12:00:00', '00:07:12', '2015-08-10 16:47:24', '2015-08-27 12:26:44', 0),
	(1111, 66, 'Reiden - Noojhem 3', 20.19, '2015-11-09 12:15:00', '00:13:24', '2015-08-10 16:47:24', '2015-08-27 12:26:44', 0),
	(1112, 66, 'Horass - Platen 3', 10.99, '2015-11-09 12:30:00', '00:07:12', '2015-08-10 16:47:24', '2015-08-27 12:26:44', 0),
	(1115, 67, 'Nabat Lusail', 19.33, '2015-11-16 09:00:00', '00:10:50', '2015-08-10 16:50:08', '2015-08-27 12:26:44', 0),
	(1116, 67, 'Umm Al Hal', 12.99, '2015-11-16 09:15:00', '00:08:11', '2015-08-10 16:50:08', '2015-08-27 12:26:45', 0),
	(1117, 67, 'Al Waker', 10.19, '2015-11-16 09:30:00', '00:06:53', '2015-08-10 16:50:08', '2015-08-27 12:26:45', 0),
	(1118, 67, 'QMMF', 28.31, '2015-11-16 09:45:00', '00:17:17', '2015-08-10 16:50:08', '2015-08-27 12:26:45', 0),
	(1119, 67, 'Nabat Lusail 2', 19.33, '2015-11-16 10:00:00', '00:10:50', '2015-08-10 16:50:08', '2015-08-27 12:26:45', 0),
	(1120, 67, 'Umm Al Hal 2', 12.99, '2015-11-16 10:15:00', '00:08:11', '2015-08-10 16:50:08', '2015-08-27 12:26:45', 0),
	(1121, 67, 'Al Waker 2', 10.19, '2015-11-16 10:30:00', '00:06:53', '2015-08-10 16:50:08', '2015-08-27 12:26:45', 0),
	(1122, 67, 'QMMF 2', 28.31, '2015-11-16 10:45:00', '00:17:17', '2015-08-10 16:50:08', '2015-08-27 12:26:45', 0),
	(1123, 67, 'Al Wakrah', 25.83, '2015-11-16 11:00:00', '00:17:05', '2015-08-10 16:50:08', '2015-08-27 12:26:45', 0),
	(1124, 67, 'QMMF 3', 28.31, '2015-11-16 11:15:00', '00:17:17', '2015-08-10 16:50:08', '2015-08-27 12:26:45', 0),
	(1125, 67, 'Al Negian', 7.90, '2015-11-16 11:30:00', '00:05:18', '2015-08-10 16:50:09', '2015-08-27 12:26:45', 0),
	(1126, 67, 'Al Wakrah 2', 25.83, '2015-11-16 11:45:00', '00:17:05', '2015-08-10 16:50:09', '2015-08-27 12:26:45', 0),
	(1127, 67, 'QMMF 4', 28.31, '2015-11-16 12:00:00', '00:17:17', '2015-08-10 16:50:09', '2015-08-27 12:26:45', 0),
	(1128, 67, 'Al Negian 2', 7.90, '2015-11-16 12:15:00', '00:05:18', '2015-08-10 16:50:09', '2015-08-27 12:26:45', 0),
	(1129, 67, 'Al Wakrah 3', 25.83, '2015-11-16 12:30:00', '00:17:05', '2015-08-10 16:50:09', '2015-08-27 12:26:45', 0),
	(1130, 67, 'Al Negian 3', 7.90, '2015-11-16 12:45:00', '00:05:18', '2015-08-10 16:50:09', '2015-08-27 12:26:45', 0),
	(1132, 68, 'Salgovik', 10.76, '2015-09-01 09:00:00', '00:06:56', '2015-08-10 16:52:25', '2015-09-01 09:00:01', 1),
	(1133, 68, 'Zlata Baoa 3', 24.32, '2015-09-01 09:15:00', '00:15:21', '2015-08-10 16:52:25', '2015-09-01 09:15:00', 1),
	(1134, 68, 'Lubotice', 6.32, '2015-09-01 09:30:00', '00:04:25', '2015-08-10 16:52:25', '2015-09-01 09:30:01', 1),
	(1135, 68, 'Salgovik 2', 10.16, '2015-09-01 09:45:00', '00:06:56', '2015-08-10 16:52:25', '2015-09-01 09:45:01', 1),
	(1136, 68, 'Zlata Baoa 2', 24.32, '2015-09-01 10:00:00', '00:15:21', '2015-08-10 16:52:25', '2015-09-01 10:00:00', 1),
	(1137, 68, 'Lubotice 2', 6.51, '2015-09-01 10:15:00', '00:04:25', '2015-08-10 16:52:25', '2015-09-01 10:15:01', 1),
	(1138, 68, 'Obisovce', 23.31, '2015-09-01 10:30:00', '00:14:27', '2015-08-10 16:52:26', '2015-09-01 10:30:02', 1),
	(1139, 68, 'Vitaz', 17.93, '2015-09-01 10:45:00', '00:11:24', '2015-08-10 16:52:26', '2015-09-01 10:45:01', 1),
	(1140, 68, 'Obisovce 2', 23.31, '2015-09-01 11:00:00', '00:14:27', '2015-08-10 16:52:26', '2015-09-01 11:00:01', 1),
	(1141, 68, 'Vitaz 2', 17.93, '2015-09-01 11:15:00', '00:11:24', '2015-08-10 16:52:26', '2015-08-27 12:26:45', 0),
	(1142, 68, 'Obisovce 3', 23.31, '2015-09-01 11:30:00', '00:14:27', '2015-08-10 16:52:26', '2015-08-27 12:26:45', 0),
	(1143, 68, 'Vitaz 3', 17.93, '2015-09-01 11:45:00', '00:11:24', '2015-08-10 16:52:26', '2015-08-27 12:26:45', 0),
	(1144, 68, 'Salgovik', 10.16, '2015-09-01 12:00:00', '00:00:00', '2015-08-10 16:52:26', '2015-08-12 15:56:59', 0),
	(1145, 68, 'Zlata Baoa', 24.32, '2015-09-01 12:15:00', '00:15:21', '2015-08-10 16:52:26', '2015-08-27 12:26:45', 0),
	(1146, 68, 'Lubotice', 6.51, '2015-09-01 12:30:00', '00:00:00', '2015-08-10 16:52:26', '2015-08-12 15:56:59', 0),
	(1149, 69, 'Carron Valley', 8.49, '2015-09-08 09:00:00', '00:05:03', '2015-08-10 16:54:39', '2015-08-27 12:26:45', 0),
	(1150, 69, 'Carron Valley 2', 8.49, '2015-09-08 09:15:00', '00:05:03', '2015-08-10 16:54:39', '2015-08-27 12:26:45', 0),
	(1151, 69, 'Craigvinean', 16.29, '2015-09-08 09:30:00', '00:09:52', '2015-08-10 16:54:39', '2015-08-27 12:26:45', 0),
	(1152, 69, 'Drummond Hill', 13.65, '2015-09-08 09:45:00', '00:08:07', '2015-08-10 16:54:39', '2015-08-27 12:26:45', 0),
	(1153, 69, 'Errochty', 17.85, '2015-09-08 10:00:00', '00:11:05', '2015-08-10 16:54:39', '2015-08-27 12:26:45', 0),
	(1154, 69, 'Craigvinean 2', 16.29, '2015-09-08 10:15:00', '00:09:52', '2015-08-10 16:54:39', '2015-08-27 12:26:45', 0),
	(1155, 69, 'Drummond Hill 2', 13.65, '2015-09-08 10:30:00', '00:08:07', '2015-08-10 16:54:39', '2015-08-27 12:26:45', 0),
	(1156, 69, 'Errochty 2', 17.85, '2015-09-08 10:45:00', '00:11:05', '2015-08-10 16:54:39', '2015-08-27 12:26:45', 0),
	(1157, 69, 'Carron Valley 3', 8.49, '2015-09-08 11:00:00', '00:05:03', '2015-08-10 16:54:39', '2015-08-27 12:26:45', 0),
	(1158, 69, 'Loch Chon', 9.29, '2015-09-08 11:15:00', '00:05:14', '2015-08-10 16:54:39', '2015-08-27 12:26:45', 0),
	(1159, 69, 'High Corrie', 25.62, '2015-09-08 11:30:00', '00:16:47', '2015-08-10 16:54:39', '2015-08-27 12:26:45', 0),
	(1160, 69, 'Loch Chon 2', 9.29, '2015-09-08 11:45:00', '00:05:14', '2015-08-10 16:54:39', '2015-08-27 12:26:45', 0),
	(1161, 69, 'High Corrie 2', 25.62, '2015-09-08 12:00:00', '00:16:47', '2015-08-10 16:54:39', '2015-08-27 12:26:45', 0),
	(1162, 69, 'Scone Palace', 2.60, '2015-09-08 12:15:00', '00:01:38', '2015-08-10 16:54:39', '2015-08-27 12:26:45', 0),
	(1163, 69, 'Scone Palace 2', 2.60, '2015-09-08 12:30:00', '00:01:38', '2015-08-10 16:54:40', '2015-08-27 12:26:45', 0),
	(1166, 70, 'Palix', 9.48, '2015-09-15 09:00:00', '00:05:36', '2015-08-10 17:20:46', '2015-08-27 12:26:45', 0),
	(1167, 70, 'Palix 2', 9.48, '2015-09-15 09:15:00', '00:05:36', '2015-08-10 17:20:46', '2015-08-27 12:26:45', 0),
	(1168, 70, 'Smith Creek', 10.19, '2015-09-15 09:30:00', '00:06:01', '2015-08-10 17:20:46', '2015-08-27 12:26:45', 0),
	(1169, 70, 'Brooklyn', 11.97, '2015-09-15 09:45:00', '00:08:10', '2015-08-10 17:20:46', '2015-08-27 12:26:45', 0),
	(1170, 70, 'Brooklyn 2', 11.97, '2015-09-15 10:00:00', '00:08:10', '2015-08-10 17:20:46', '2015-08-27 12:26:45', 0),
	(1171, 70, 'Smith Creek 2', 10.19, '2015-09-15 10:15:00', '00:06:01', '2015-08-10 17:20:46', '2015-08-27 12:26:45', 0),
	(1172, 70, 'Pico', 15.36, '2015-09-15 10:30:00', '00:08:53', '2015-08-10 17:20:46', '2015-08-27 12:26:45', 0),
	(1173, 70, 'Pico 2', 15.36, '2015-09-15 10:45:00', '00:08:53', '2015-08-10 17:20:46', '2015-08-27 12:26:45', 0),
	(1174, 70, 'Wreck Creek', 6.71, '2015-09-15 11:00:00', '00:03:57', '2015-08-10 17:20:46', '2015-08-27 12:26:45', 0),
	(1175, 70, 'Wreck Creek 2', 6.71, '2015-09-15 11:15:00', '00:03:57', '2015-08-10 17:20:46', '2015-08-27 12:26:45', 0),
	(1176, 70, 'Taholah', 18.20, '2015-09-15 11:30:00', '00:11:46', '2015-08-10 17:20:47', '2015-08-27 12:26:45', 0),
	(1177, 70, 'Black Bear Highway', 7.22, '2015-09-15 11:45:00', '00:04:26', '2015-08-10 17:20:47', '2015-08-27 12:26:45', 0),
	(1178, 70, 'Taholah 2', 18.20, '2015-09-15 12:00:00', '00:11:46', '2015-08-10 17:20:47', '2015-08-27 12:26:45', 0),
	(1179, 70, 'Black Bear Highway 2', 7.22, '2015-09-15 12:15:00', '00:04:26', '2015-08-10 17:20:47', '2015-08-27 12:26:45', 0),
	(1183, 71, 'Guide Valley', 4.11, '2015-09-22 09:00:00', '00:02:43', '2015-08-10 17:24:19', '2015-08-27 12:26:45', 0),
	(1184, 71, 'Tewkesbury', 4.71, '2015-09-22 09:15:00', '00:02:48', '2015-08-10 17:24:19', '2015-08-27 12:26:45', 0),
	(1185, 71, 'Hellyer Leslie', 19.20, '2015-09-22 09:30:00', '00:11:15', '2015-08-10 17:24:19', '2015-08-27 12:26:45', 0),
	(1186, 71, 'Hellyer Leslie 2', 19.20, '2015-09-22 09:45:00', '00:11:15', '2015-08-10 17:24:19', '2015-08-27 12:26:45', 0),
	(1187, 71, 'Savage River', 24.99, '2015-09-22 10:00:00', '00:16:33', '2015-08-10 17:24:19', '2015-08-27 12:26:45', 0),
	(1188, 71, 'Savage River 2', 24.99, '2015-09-22 10:15:00', '00:16:33', '2015-08-10 17:24:19', '2015-08-27 12:26:45', 0),
	(1189, 71, 'Hellyer Leslie 3', 19.20, '2015-09-22 10:30:00', '00:11:15', '2015-08-10 17:24:19', '2015-08-27 12:26:45', 0),
	(1190, 71, 'Yolla North', 5.83, '2015-09-22 10:45:00', '00:03:31', '2015-08-10 17:24:19', '2015-08-27 12:26:45', 0),
	(1191, 71, 'Oldina North', 7.53, '2015-09-22 11:00:00', '00:04:22', '2015-08-10 17:24:19', '2015-08-27 12:26:45', 0),
	(1192, 71, 'Yolla North 2', 5.83, '2015-09-22 11:15:00', '00:03:31', '2015-08-10 17:24:19', '2015-08-27 12:26:45', 0),
	(1193, 71, 'Oldina North 2', 7.53, '2015-09-22 11:30:00', '00:04:22', '2015-08-10 17:24:19', '2015-08-27 12:26:45', 0),
	(1194, 71, 'Paloona Dam', 5.15, '2015-09-22 11:45:00', '00:03:07', '2015-08-10 17:24:19', '2015-08-27 12:26:45', 0),
	(1195, 71, 'Mt. Roland', 7.53, '2015-09-22 12:00:00', '00:04:38', '2015-08-10 17:24:19', '2015-08-27 12:26:45', 0),
	(1196, 71, 'King Solomon', 15.80, '2015-09-22 12:15:00', '00:09:39', '2015-08-10 17:24:19', '2015-08-27 12:26:45', 0),
	(1197, 71, 'Gog Range', 7.31, '2015-09-22 12:30:00', '00:04:34', '2015-08-10 17:24:20', '2015-08-27 12:26:45', 0),
	(1198, 71, 'Mt. Roland 2', 7.53, '2015-09-22 12:45:00', '00:04:38', '2015-08-10 17:24:20', '2015-08-27 12:26:45', 0),
	(1199, 71, 'King Solomon 2', 15.80, '2015-09-22 13:00:00', '00:09:39', '2015-08-10 17:24:20', '2015-08-27 12:26:45', 0),
	(1200, 72, 'Lysgard', 14.36, '2015-09-29 09:00:00', '00:09:27', '2015-08-10 17:28:35', '2015-08-27 12:26:45', 0),
	(1201, 72, 'Kjellerup', 2.56, '2015-09-29 09:15:00', '00:01:28', '2015-08-10 17:28:36', '2015-08-27 12:26:45', 0),
	(1202, 72, 'Sjorslev', 20.85, '2015-09-29 09:30:00', '00:11:52', '2015-08-10 17:28:36', '2015-08-27 12:26:45', 0),
	(1203, 72, 'Demstrup', 6.41, '2015-09-29 09:45:00', '00:03:43', '2015-08-10 17:28:36', '2015-08-27 12:26:45', 0),
	(1204, 72, 'Lysgard 2', 14.36, '2015-09-29 10:00:00', '00:09:27', '2015-08-10 17:28:37', '2015-08-27 12:26:45', 0),
	(1205, 72, 'Kjellerup 2', 2.56, '2015-09-29 10:15:00', '00:01:28', '2015-08-10 17:28:37', '2015-08-27 12:26:45', 0),
	(1206, 72, 'Sjorslev 2', 20.85, '2015-09-29 10:30:00', '00:11:52', '2015-08-10 17:28:37', '2015-08-27 12:26:45', 0),
	(1207, 72, 'Demstrup 2', 6.41, '2015-09-29 10:45:00', '00:03:43', '2015-08-10 17:28:38', '2015-08-27 12:26:45', 0),
	(1208, 72, 'Hindberg', 7.38, '2015-09-29 11:00:00', '00:04:19', '2015-08-10 17:28:38', '2015-08-27 12:26:45', 0),
	(1209, 72, 'Frederiksdal', 8.99, '2015-09-29 11:15:00', '00:05:39', '2015-08-10 17:28:39', '2015-08-27 12:26:45', 0),
	(1210, 72, 'Hinge', 6.51, '2015-09-29 11:30:00', '00:03:44', '2015-08-10 17:28:39', '2015-08-27 12:26:45', 0),
	(1211, 72, 'Hindberg 2', 7.38, '2015-09-29 11:45:00', '00:04:19', '2015-08-10 17:28:39', '2015-08-27 12:26:45', 0),
	(1212, 72, 'Frederiksdal 2', 8.99, '2015-09-29 12:00:00', '00:05:39', '2015-08-10 17:28:39', '2015-08-27 12:26:45', 0),
	(1213, 72, 'Hinge 2', 6.51, '2015-09-29 12:15:00', '00:03:44', '2015-08-10 17:28:39', '2015-08-27 12:26:45', 0),
	(1214, 72, 'Kjellerup 3', 2.56, '2015-09-29 12:30:00', '00:01:28', '2015-08-10 17:28:39', '2015-08-27 12:26:45', 0),
	(1217, 73, 'Saporro', 1.85, '2015-10-06 09:00:00', '00:01:06', '2015-08-10 17:30:34', '2015-08-27 12:26:45', 0),
	(1218, 73, 'Saporro 2', 1.85, '2015-10-06 09:15:00', '00:01:06', '2015-08-10 17:30:34', '2015-08-27 12:26:45', 0),
	(1219, 73, 'Iwanke', 26.67, '2015-10-06 09:30:00', '00:16:48', '2015-08-10 17:30:34', '2015-08-27 12:26:45', 0),
	(1220, 73, 'Kamauycep', 33.69, '2015-10-06 09:45:00', '00:22:37', '2015-08-10 17:30:34', '2015-08-27 12:26:45', 0),
	(1221, 73, 'Kina', 9.25, '2015-10-06 10:00:00', '00:06:08', '2015-08-10 17:30:34', '2015-08-27 12:26:45', 0),
	(1222, 73, 'Iwanke 2', 26.67, '2015-10-06 10:15:00', '00:16:48', '2015-08-10 17:30:34', '2015-08-27 12:26:45', 0),
	(1223, 73, 'Kamuycep 2', 33.34, '2015-10-06 10:30:00', '00:20:41', '2015-08-10 17:30:35', '2015-08-27 12:26:45', 0),
	(1224, 73, 'Kina 2', 9.25, '2015-10-06 10:45:00', '00:06:08', '2015-08-10 17:30:35', '2015-08-27 12:26:45', 0),
	(1225, 73, 'Saporro 3', 1.85, '2015-10-06 11:00:00', '00:01:06', '2015-08-10 17:30:35', '2015-08-27 12:26:45', 0),
	(1226, 73, 'Saporro 4', 1.85, '2015-10-06 11:15:00', '00:01:06', '2015-08-10 17:30:35', '2015-08-27 12:26:45', 0),
	(1227, 73, 'Nikara', 17.30, '2015-10-06 11:30:00', '00:09:52', '2015-08-10 17:30:35', '2015-08-27 12:26:45', 0),
	(1228, 73, 'Sikot', 27.28, '2015-10-06 11:45:00', '00:16:48', '2015-08-10 17:30:35', '2015-08-27 12:26:45', 0),
	(1229, 73, 'Koyka', 3.66, '2015-10-06 12:00:00', '00:02:04', '2015-08-10 17:30:35', '2015-08-27 12:26:45', 0),
	(1230, 73, 'Nikara 2', 17.30, '2015-10-06 12:15:00', '00:09:52', '2015-08-10 17:30:35', '2015-08-27 12:26:45', 0),
	(1231, 73, 'Sikot 2', 27.28, '2015-10-06 12:30:00', '00:16:48', '2015-08-10 17:30:35', '2015-08-27 12:26:45', 0),
	(1232, 73, 'Koyka 2', 3.66, '2015-10-06 12:45:00', '00:02:04', '2015-08-10 17:30:35', '2015-08-27 12:26:45', 0),
	(1233, 73, 'Saporro 5', 1.85, '2015-10-06 13:00:00', '00:01:06', '2015-08-10 17:30:35', '2015-08-12 15:56:59', 0),
	(1234, 74, 'Krzeszowice Rynek', 1.35, '2015-10-13 09:00:00', '00:00:49', '2015-08-10 17:47:58', '2015-08-27 12:26:45', 0),
	(1235, 74, 'Krzeszowice - Zalas', 7.53, '2015-10-13 09:15:00', '00:04:41', '2015-08-10 17:47:58', '2015-08-27 12:26:45', 0),
	(1236, 74, 'Sanka - Tenczynek', 6.84, '2015-10-13 09:30:00', '00:04:22', '2015-08-10 17:47:58', '2015-08-27 12:26:45', 0),
	(1237, 74, 'Tenczynek - Paczoltowice Golf', 10.51, '2015-10-13 09:45:00', '00:06:43', '2015-08-10 17:47:58', '2015-08-27 12:26:45', 0),
	(1238, 74, 'Paczoltowice Golf - Nowa Gora', 11.94, '2015-10-13 10:00:00', '00:08:02', '2015-08-10 17:47:58', '2015-08-27 12:26:45', 0),
	(1239, 74, 'Nowa Gora - Trzebinia Chechlo', 15.75, '2015-10-13 10:15:00', '00:09:35', '2015-08-10 17:47:58', '2015-08-27 12:26:45', 0),
	(1240, 74, 'Trzebinia Chechlo - Rudno', 17.63, '2015-10-13 10:30:00', '00:11:35', '2015-08-10 17:47:58', '2015-08-27 12:26:45', 0),
	(1241, 74, 'Rudno Zamek', 1.88, '2015-10-13 10:45:00', '00:01:06', '2015-08-10 17:47:58', '2015-08-27 12:26:45', 0),
	(1242, 74, 'Rudno - Krzeszowice', 9.46, '2015-10-13 11:00:00', '00:06:09', '2015-08-10 17:47:58', '2015-08-27 12:26:45', 0),
	(1243, 74, 'Krzeszowice - Rudawa', 8.26, '2015-10-13 11:15:00', '00:04:53', '2015-08-10 17:47:58', '2015-08-27 12:26:45', 0),
	(1244, 74, 'Rudawa - Siedlec', 4.36, '2015-10-13 11:30:00', '00:02:57', '2015-08-10 17:47:58', '2015-08-27 12:26:45', 0),
	(1245, 74, 'Siedlec - Krzeszowice', 4.46, '2015-10-13 11:45:00', '00:02:35', '2015-08-10 17:47:58', '2015-08-27 12:26:45', 0),
	(1246, 74, 'Krzeszowice Rynek 2', 1.35, '2015-10-13 12:00:00', '00:00:49', '2015-08-10 17:47:59', '2015-08-27 12:26:45', 0),
	(1247, 74, 'Krzeszowice - Czerna', 3.59, '2015-10-13 12:15:00', '00:02:21', '2015-08-10 17:47:59', '2015-08-27 12:26:45', 0),
	(1248, 74, 'Czerna - Filipowice', 7.33, '2015-10-13 12:30:00', '00:04:49', '2015-08-10 17:47:59', '2015-08-27 12:26:45', 0),
	(1249, 74, 'Krzeszowice Rynek 3', 1.35, '2015-10-13 12:45:00', '00:00:49', '2015-08-10 17:47:59', '2015-08-27 12:26:45', 0),
	(1251, 75, 'Bochnia Rynek', 1.70, '2015-10-20 09:00:00', '00:01:02', '2015-08-11 11:03:43', '2015-08-12 15:56:59', 0),
	(1252, 75, 'Bo-Glass', 5.14, '2015-10-20 09:15:00', '00:03:16', '2015-08-11 11:03:43', '2015-08-27 12:26:45', 0),
	(1253, 75, 'Lapanow', 8.40, '2015-10-20 09:30:00', '00:05:21', '2015-08-11 11:03:43', '2015-08-27 12:26:45', 0),
	(1254, 75, 'Lapanow - Laskowa', 23.30, '2015-10-20 09:45:00', '00:15:18', '2015-08-11 11:03:44', '2015-08-27 12:26:45', 0),
	(1255, 75, 'Laskowa - Krosna', 7.24, '2015-10-20 10:00:00', '00:04:26', '2015-08-11 11:03:44', '2015-08-27 12:26:45', 0),
	(1256, 75, 'Krosna - Bilsko', 11.47, '2015-10-20 10:15:00', '00:06:29', '2015-08-11 11:03:44', '2015-08-27 12:26:45', 0),
	(1257, 75, 'Bilsko - Iwkowa', 11.89, '2015-10-20 10:30:00', '00:07:16', '2015-08-11 11:03:44', '2015-08-27 12:26:45', 0),
	(1258, 75, 'Iwkowa - Lipnica Murowana', 13.94, '2015-10-20 10:45:00', '00:09:02', '2015-08-11 11:03:44', '2015-08-27 12:26:45', 0),
	(1259, 75, 'Lipnica Murowana - Nowy Wisnicz', 8.85, '2015-10-20 11:00:00', '00:05:46', '2015-08-11 11:03:44', '2015-08-27 12:26:45', 0),
	(1260, 75, 'Nowy Wisnicz - Bochnia', 7.86, '2015-10-20 11:15:00', '00:04:47', '2015-08-11 11:03:44', '2015-08-27 12:26:45', 0),
	(1261, 75, 'Bochnia Rynek 2', 1.70, '2015-10-20 11:30:00', '00:01:02', '2015-08-11 11:03:44', '2015-08-27 12:26:45', 0),
	(1262, 75, 'Rzezawa - Nowe Brzesko', 25.68, '2015-10-20 11:45:00', '00:14:49', '2015-08-11 11:03:44', '2015-08-27 12:26:45', 0),
	(1263, 75, 'Nowe Brzesko - Niepolomice', 20.37, '2015-10-20 12:00:00', '00:14:00', '2015-08-11 11:03:44', '2015-08-27 12:26:45', 0),
	(1264, 75, 'Niepolomice - Bochnia', 20.17, '2015-10-20 12:15:00', '00:12:33', '2015-08-11 11:03:44', '2015-08-27 12:26:45', 0),
	(1265, 75, 'Bochnia Rynek 3', 1.70, '2015-10-20 12:30:00', '00:01:02', '2015-08-11 11:03:44', '2015-08-27 12:26:45', 0),
	(1268, 76, 'Krakow Rynek', 2.85, '2015-10-27 09:00:00', '00:01:53', '2015-08-11 11:13:27', '2015-08-27 12:26:45', 0),
	(1269, 76, 'Kazimierz - Ruczaj', 5.69, '2015-10-27 09:15:00', '00:03:11', '2015-08-11 11:13:27', '2015-08-27 12:26:45', 0),
	(1270, 76, 'Ruczaj - Skawina', 9.39, '2015-10-27 09:30:00', '00:06:28', '2015-08-11 11:13:27', '2015-08-27 12:26:45', 0),
	(1271, 76, 'Skawina - Liszki', 14.27, '2015-10-27 09:45:00', '00:09:40', '2015-08-11 11:13:28', '2015-08-27 12:26:45', 0),
	(1272, 76, 'Liszki - Brzoskwinia', 10.50, '2015-10-27 10:00:00', '00:05:59', '2015-08-11 11:13:28', '2015-08-27 12:26:45', 0),
	(1273, 76, 'Brzoskwinia - Zabierzow', 10.53, '2015-10-27 10:15:00', '00:07:03', '2015-08-11 11:13:28', '2015-08-27 12:26:45', 0),
	(1274, 76, 'Zabierzow - Skala', 21.37, '2015-10-27 10:30:00', '00:12:11', '2015-08-11 11:13:28', '2015-08-27 12:26:45', 0),
	(1275, 76, 'Skala - Miechow', 28.10, '2015-10-27 10:45:00', '00:19:00', '2015-08-11 11:13:28', '2015-08-27 12:26:45', 0),
	(1276, 76, 'Miechow - Slomniki', 15.97, '2015-10-27 11:00:00', '00:09:40', '2015-08-11 11:13:28', '2015-08-27 12:26:45', 0),
	(1277, 76, 'Slomniki - Proszowice', 17.88, '2015-10-27 11:15:00', '00:11:34', '2015-08-11 11:13:28', '2015-08-27 12:26:45', 0),
	(1278, 76, 'Proszowice - Nowa Huta', 24.31, '2015-10-27 11:30:00', '00:15:18', '2015-08-11 11:13:28', '2015-08-27 12:26:45', 0),
	(1279, 76, 'Nowa Huta - Plaszow', 17.54, '2015-10-27 11:45:00', '00:11:49', '2015-08-11 11:13:28', '2015-08-27 12:26:45', 0),
	(1280, 76, 'Plaszow - Wieliczka', 10.43, '2015-10-27 12:00:00', '00:06:45', '2015-08-11 11:13:28', '2015-08-27 12:26:45', 0),
	(1281, 76, 'Wieliczka - Rybitwy', 10.48, '2015-10-27 12:15:00', '00:06:14', '2015-08-11 11:13:28', '2015-08-27 12:26:45', 0),
	(1282, 76, 'Rybitwy - Wawel', 7.85, '2015-10-27 12:30:00', '00:05:14', '2015-08-11 11:13:28', '2015-08-27 12:26:45', 0),
	(1283, 76, 'Krakow Rynek 2', 2.85, '2015-10-27 12:45:00', '00:01:53', '2015-08-11 11:13:28', '2015-08-27 12:26:45', 0),
	(1285, 77, 'Gdansk - Gdynia', 34.19, '2015-11-03 09:00:00', '00:20:35', '2015-08-11 11:24:14', '2015-08-27 12:26:45', 0),
	(1286, 77, 'Gdynia - Puck', 32.30, '2015-11-03 09:15:00', '00:19:19', '2015-08-11 11:24:14', '2015-08-27 12:26:45', 0),
	(1287, 77, 'Gdynia - Wladyslawowo', 14.39, '2015-11-03 09:30:00', '00:08:25', '2015-08-11 11:24:14', '2015-08-27 12:26:45', 0),
	(1288, 77, 'Wladyslawowo - Hel', 34.45, '2015-11-03 09:45:00', '00:22:20', '2015-08-11 11:24:14', '2015-08-27 12:26:45', 0),
	(1289, 77, 'Debki - Leba', 40.23, '2015-11-03 10:00:00', '00:27:03', '2015-08-11 11:24:14', '2015-08-27 12:26:45', 0),
	(1290, 77, 'Leba - Lebork', 29.90, '2015-11-03 10:15:00', '00:18:13', '2015-08-11 11:24:14', '2015-08-27 12:26:45', 0),
	(1291, 77, 'Lebork - Damno', 32.48, '2015-11-03 10:30:00', '00:18:19', '2015-08-11 11:24:14', '2015-08-27 12:26:45', 0),
	(1292, 77, 'Damno - Slupsk', 22.97, '2015-11-03 10:45:00', '00:14:50', '2015-08-11 11:24:14', '2015-08-27 12:26:45', 0),
	(1293, 77, 'Slupsk - Ustka', 18.97, '2015-11-03 11:00:00', '00:12:45', '2015-08-11 11:24:14', '2015-08-27 12:26:45', 0),
	(1294, 77, 'Ustka - Jaroslawiec', 28.54, '2015-11-03 11:15:00', '00:16:40', '2015-08-11 11:24:14', '2015-08-27 12:26:45', 0),
	(1295, 77, 'Jaroslawiec - Darlowo', 17.41, '2015-11-03 11:30:00', '00:11:36', '2015-08-11 11:24:14', '2015-08-27 12:26:45', 0),
	(1296, 77, 'Darlowo - Lazy', 27.65, '2015-11-03 11:45:00', '00:16:06', '2015-08-11 11:24:14', '2015-08-27 12:26:45', 0),
	(1297, 77, 'Lazy - Mielno', 9.59, '2015-11-03 12:00:00', '00:06:14', '2015-08-11 11:24:14', '2015-08-27 12:26:45', 0),
	(1298, 77, 'Mielno - Gaski', 10.66, '2015-11-03 12:15:00', '00:06:27', '2015-08-11 11:24:14', '2015-08-27 12:26:45', 0),
	(1299, 77, 'Gaski - Ustronie', 12.83, '2015-11-03 12:30:00', '00:07:12', '2015-08-11 11:24:15', '2015-08-27 12:26:45', 0),
	(1300, 77, 'Ustronie - Kolobrzeg', 13.68, '2015-11-03 12:45:00', '00:08:52', '2015-08-11 11:24:15', '2015-08-27 12:26:45', 0),
	(1301, 77, 'Kolobrzeg Rynek 1', 1.40, '2015-11-03 13:00:00', '00:00:47', '2015-08-11 11:24:15', '2015-08-27 12:26:46', 0),
	(1302, 78, 'Upper Old Hastings', 11.46, '2015-11-10 09:00:00', '00:07:06', '2015-08-11 11:38:06', '2015-08-27 12:26:46', 0),
	(1303, 78, 'Peanut 101', 15.14, '2015-11-10 09:15:00', '00:08:58', '2015-08-11 11:38:07', '2015-08-27 12:26:46', 0),
	(1304, 78, 'Upper Old Hastings 2', 11.46, '2015-11-10 09:30:00', '00:07:06', '2015-08-11 11:38:07', '2015-08-27 12:26:46', 0),
	(1305, 78, 'Old Detlor', 12.38, '2015-11-10 09:45:00', '00:07:56', '2015-08-11 11:38:07', '2015-08-27 12:26:46', 0),
	(1306, 78, 'Iron Bridge', 7.45, '2015-11-10 10:00:00', '00:04:21', '2015-08-11 11:38:07', '2015-08-27 12:26:46', 0),
	(1307, 78, 'Mayo Lake 101', 30.78, '2015-11-10 10:15:00', '00:20:55', '2015-08-11 11:38:07', '2015-08-27 12:26:46', 0),
	(1308, 78, 'Iron Bridge 2', 7.45, '2015-11-10 10:30:00', '00:04:21', '2015-08-11 11:38:07', '2015-08-27 12:26:46', 0),
	(1309, 78, 'Egan Creek', 27.95, '2015-11-10 10:45:00', '00:16:05', '2015-08-11 11:38:07', '2015-08-27 12:26:46', 0),
	(1310, 78, 'Lower Old Hastings', 14.73, '2015-11-10 11:00:00', '00:10:09', '2015-08-11 11:38:07', '2015-08-27 12:26:46', 0),
	(1311, 78, 'Middle Old Hastings', 7.25, '2015-11-10 11:15:00', '00:04:44', '2015-08-11 11:38:07', '2015-08-27 12:26:46', 0),
	(1312, 78, 'Golton', 2.17, '2015-11-10 11:30:00', '00:01:20', '2015-08-11 11:38:07', '2015-08-27 12:26:46', 0),
	(1313, 78, 'Golton 2', 2.17, '2015-11-10 11:45:00', '00:01:20', '2015-08-11 11:38:07', '2015-08-27 12:26:46', 0),
	(1314, 78, 'Egan 101', 31.93, '2015-11-10 12:00:00', '00:20:02', '2015-08-11 11:38:07', '2015-08-27 12:26:46', 0),
	(1315, 78, 'Lower Old Hastings 2', 14.73, '2015-11-10 12:15:00', '00:10:09', '2015-08-11 11:38:07', '2015-08-27 12:26:46', 0),
	(1316, 78, 'Middle Old Hastings', 7.22, '2015-11-10 12:30:00', '00:04:16', '2015-08-11 11:38:08', '2015-08-12 15:56:59', 0),
	(1319, 79, 'Transfagarasan Cascada', 9.59, '2015-11-17 09:00:00', '00:06:32', '2015-08-11 11:57:54', '2015-08-27 12:26:46', 0),
	(1320, 79, 'Transfagarasan Lac', 6.24, '2015-11-17 09:15:00', '00:04:01', '2015-08-11 11:57:54', '2015-08-27 12:26:46', 0),
	(1321, 79, 'Transfagarasan Lac 2', 6.24, '2015-11-17 09:30:00', '00:04:01', '2015-08-11 11:57:54', '2015-08-27 12:26:46', 0),
	(1322, 79, 'Transfagarasan Cascada 2', 9.59, '2015-11-17 09:45:00', '00:06:32', '2015-08-11 11:57:54', '2015-08-27 12:26:46', 0),
	(1323, 79, 'Baraj', 17.95, '2015-11-17 10:00:00', '00:11:02', '2015-08-11 11:57:55', '2015-08-27 12:26:46', 0),
	(1324, 79, 'Ilielaita', 9.99, '2015-11-17 10:15:00', '00:06:26', '2015-08-11 11:57:55', '2015-08-27 12:26:46', 0),
	(1325, 79, 'Fata Padurii', 14.38, '2015-11-17 10:30:00', '00:08:33', '2015-08-11 11:57:55', '2015-08-27 12:26:46', 0),
	(1326, 79, 'Baraj 2', 17.95, '2015-11-17 10:45:00', '00:11:02', '2015-08-11 11:57:55', '2015-08-27 12:26:46', 0),
	(1327, 79, 'Ilielaita 2', 9.99, '2015-11-17 11:00:00', '00:06:26', '2015-08-11 11:57:55', '2015-08-27 12:26:46', 0),
	(1328, 79, 'Fata Padurii 2', 14.38, '2015-11-17 11:15:00', '00:08:33', '2015-08-11 11:57:55', '2015-08-27 12:26:46', 0),
	(1329, 79, 'Paltinis', 9.75, '2015-11-17 11:30:00', '00:06:07', '2015-08-11 11:57:55', '2015-08-27 12:26:46', 0),
	(1330, 79, 'Paltinis Ski Resort', 15.89, '2015-11-17 11:45:00', '00:10:51', '2015-08-11 11:57:55', '2015-08-27 12:26:46', 0),
	(1331, 79, 'Sadu', 8.39, '2015-11-17 12:00:00', '00:05:10', '2015-08-11 11:57:55', '2015-08-27 12:26:46', 0),
	(1332, 79, 'Muncel', 29.39, '2015-11-17 12:15:00', '00:17:29', '2015-08-11 11:57:55', '2015-08-27 12:26:46', 0),
	(1333, 79, 'Paltinis Ski Resort 2', 15.89, '2015-11-17 12:30:00', '00:10:51', '2015-08-11 11:57:55', '2015-08-27 12:26:46', 0),
	(1334, 79, 'Muzeu', 3.52, '2015-11-17 12:45:00', '00:02:11', '2015-08-11 11:57:55', '2015-08-27 12:26:46', 0),
	(1335, 79, 'Sadu 2', 8.39, '2015-11-17 13:00:00', '00:05:10', '2015-08-11 11:57:55', '2015-08-27 12:26:46', 0),
	(1336, 80, 'Stage 0', 24.12, '2015-08-30 08:30:00', '17:27:43', '2015-08-25 17:13:01', '2015-08-30 08:30:01', 1),
	(1337, 80, 'Stage 1', 27.27, '2015-08-30 08:45:00', '17:28:25', '2015-08-25 17:13:01', '2015-08-30 08:45:00', 1),
	(1338, 80, 'Stage 2', 25.70, '2015-08-30 09:00:00', '17:28:43', '2015-08-25 17:13:01', '2015-08-30 09:00:01', 1),
	(1339, 80, 'Stage 3', 19.28, '2015-08-30 09:15:00', '17:23:28', '2015-08-25 17:13:01', '2015-08-30 09:15:02', 1),
	(1340, 80, 'Stage 4', 23.70, '2015-08-30 09:30:00', '17:26:24', '2015-08-25 17:13:01', '2015-08-30 09:30:00', 1),
	(1341, 80, 'Stage 5', 28.54, '2015-08-30 09:45:00', '17:28:08', '2015-08-25 17:13:01', '2015-08-30 09:45:00', 1),
	(1342, 80, 'Stage 6', 29.59, '2015-08-30 10:00:00', '17:28:41', '2015-08-25 17:13:01', '2015-08-30 10:00:01', 1),
	(1343, 80, 'Stage 7', 29.83, '2015-08-30 10:15:00', '17:28:32', '2015-08-25 17:13:01', '2015-08-30 10:15:00', 1),
	(1344, 80, 'Stage 8', 8.81, '2015-08-30 10:30:00', '17:17:41', '2015-08-25 17:13:01', '2015-08-30 10:30:02', 1),
	(1345, 80, 'Stage 9', 2.26, '2015-08-30 10:45:00', '17:14:01', '2015-08-25 17:13:01', '2015-08-30 10:45:01', 1),
	(1346, 80, 'Stage 10', 18.70, '2015-08-30 11:00:00', '17:22:36', '2015-08-25 17:13:01', '2015-08-30 11:00:00', 1),
	(1347, 80, 'Stage 11', 14.52, '2015-08-30 11:15:00', '17:21:32', '2015-08-25 17:13:01', '2015-08-30 11:15:01', 1),
	(1348, 80, 'Stage 12', 12.15, '2015-08-30 11:30:00', '17:19:55', '2015-08-25 17:13:01', '2015-08-30 11:30:00', 1),
	(1349, 80, 'Stage 13', 3.67, '2015-08-30 11:45:00', '17:14:21', '2015-08-25 17:13:01', '2015-08-30 11:45:00', 1),
	(1350, 80, 'Stage 14', 29.41, '2015-08-30 12:00:00', '17:30:03', '2015-08-25 17:13:01', '2015-08-30 12:00:00', 1),
	(1351, 80, 'Stage 15', 24.88, '2015-08-30 12:15:00', '17:25:31', '2015-08-25 17:13:01', '2015-08-30 12:15:00', 1),
	(1352, 80, 'Stage 16', 17.19, '2015-08-30 12:30:00', '17:21:37', '2015-08-25 17:13:01', '2015-08-30 12:30:00', 1),
	(1353, 80, 'Stage 17', 3.51, '2015-08-30 12:45:00', '17:14:37', '2015-08-25 17:13:01', '2015-08-30 12:45:00', 1),
	(1354, 81, 'Stage 0', 17.64, '2015-09-06 14:45:00', '17:23:35', '2015-08-25 17:13:01', '2015-08-25 17:13:01', 0),
	(1355, 81, 'Stage 1', 17.80, '2015-09-06 15:00:00', '17:23:54', '2015-08-25 17:13:01', '2015-08-25 17:13:01', 0),
	(1356, 81, 'Stage 2', 26.49, '2015-09-06 15:15:00', '17:26:21', '2015-08-25 17:13:01', '2015-08-25 17:13:01', 0),
	(1357, 81, 'Stage 3', 7.60, '2015-09-06 15:30:00', '17:16:12', '2015-08-25 17:13:01', '2015-08-25 17:13:01', 0),
	(1358, 81, 'Stage 4', 17.71, '2015-09-06 15:45:00', '17:23:40', '2015-08-25 17:13:01', '2015-08-25 17:13:01', 0),
	(1359, 81, 'Stage 5', 8.97, '2015-09-06 16:00:00', '17:17:53', '2015-08-25 17:13:01', '2015-08-25 17:13:01', 0),
	(1360, 81, 'Stage 6', 10.01, '2015-09-06 16:15:00', '17:18:40', '2015-08-25 17:13:01', '2015-08-25 17:13:01', 0),
	(1361, 81, 'Stage 7', 13.53, '2015-09-06 16:30:00', '17:20:19', '2015-08-25 17:13:01', '2015-08-25 17:13:01', 0),
	(1362, 81, 'Stage 8', 4.14, '2015-09-06 16:45:00', '17:15:01', '2015-08-25 17:13:01', '2015-08-25 17:13:01', 0),
	(1363, 81, 'Stage 9', 17.17, '2015-09-06 17:00:00', '17:22:53', '2015-08-25 17:13:01', '2015-08-25 17:13:01', 0),
	(1364, 81, 'Stage 10', 19.33, '2015-09-06 17:15:00', '17:24:54', '2015-08-25 17:13:01', '2015-08-25 17:13:01', 0),
	(1365, 81, 'Stage 11', 22.55, '2015-09-06 17:30:00', '17:25:17', '2015-08-25 17:13:01', '2015-08-25 17:13:01', 0),
	(1366, 81, 'Stage 12', 2.02, '2015-09-06 17:45:00', '17:14:01', '2015-08-25 17:13:01', '2015-08-25 17:13:01', 0),
	(1367, 81, 'Stage 13', 12.48, '2015-09-06 18:00:00', '17:19:11', '2015-08-25 17:13:01', '2015-08-25 17:13:01', 0),
	(1368, 81, 'Stage 14', 17.87, '2015-09-06 18:15:00', '17:23:10', '2015-08-25 17:13:01', '2015-08-25 17:13:01', 0),
	(1369, 81, 'Stage 15', 27.07, '2015-09-06 18:30:00', '17:27:39', '2015-08-25 17:13:01', '2015-08-25 17:13:01', 0),
	(1370, 81, 'Stage 16', 27.93, '2015-09-06 18:45:00', '17:28:41', '2015-08-25 17:13:01', '2015-08-25 17:13:01', 0),
	(1371, 81, 'Stage 17', 3.05, '2015-09-06 19:00:00', '17:14:01', '2015-08-25 17:13:01', '2015-08-25 17:13:01', 0),
	(1372, 82, 'Stage 0', 12.68, '2015-09-13 12:00:00', '17:19:59', '2015-08-25 17:13:01', '2015-08-25 17:13:01', 0),
	(1373, 82, 'Stage 1', 9.36, '2015-09-13 12:15:00', '17:17:10', '2015-08-25 17:13:01', '2015-08-25 17:13:01', 0),
	(1374, 82, 'Stage 2', 27.44, '2015-09-13 12:30:00', '17:27:20', '2015-08-25 17:13:01', '2015-08-25 17:13:01', 0),
	(1375, 82, 'Stage 3', 21.18, '2015-09-13 12:45:00', '17:24:41', '2015-08-25 17:13:01', '2015-08-25 17:13:01', 0),
	(1376, 82, 'Stage 4', 5.82, '2015-09-13 13:00:00', '17:16:01', '2015-08-25 17:13:01', '2015-08-25 17:13:01', 0),
	(1377, 82, 'Stage 5', 9.87, '2015-09-13 13:15:00', '17:19:01', '2015-08-25 17:13:01', '2015-08-25 17:13:01', 0),
	(1378, 82, 'Stage 6', 20.17, '2015-09-13 13:30:00', '17:24:01', '2015-08-25 17:13:01', '2015-08-25 17:13:01', 0),
	(1379, 82, 'Stage 7', 26.87, '2015-09-13 13:45:00', '17:28:57', '2015-08-25 17:13:01', '2015-08-25 17:13:01', 0),
	(1380, 82, 'Stage 8', 17.21, '2015-09-13 14:00:00', '17:22:07', '2015-08-25 17:13:01', '2015-08-25 17:13:01', 0),
	(1381, 82, 'Stage 9', 4.26, '2015-09-13 14:15:00', '17:15:01', '2015-08-25 17:13:01', '2015-08-25 17:13:01', 0),
	(1382, 82, 'Stage 10', 4.90, '2015-09-13 14:30:00', '17:15:34', '2015-08-25 17:13:01', '2015-08-25 17:13:01', 0),
	(1383, 82, 'Stage 11', 25.18, '2015-09-13 14:45:00', '17:27:20', '2015-08-25 17:13:01', '2015-08-25 17:13:01', 0),
	(1384, 82, 'Stage 12', 22.70, '2015-09-13 15:00:00', '17:27:00', '2015-08-25 17:13:01', '2015-08-25 17:13:01', 0),
	(1385, 82, 'Stage 13', 3.25, '2015-09-13 15:15:00', '17:14:14', '2015-08-25 17:13:01', '2015-08-25 17:13:01', 0),
	(1386, 82, 'Stage 14', 19.34, '2015-09-13 15:30:00', '17:24:28', '2015-08-25 17:13:01', '2015-08-25 17:13:01', 0),
	(1387, 82, 'Stage 15', 6.75, '2015-09-13 15:45:00', '17:16:25', '2015-08-25 17:13:01', '2015-08-25 17:13:01', 0),
	(1388, 82, 'Stage 16', 25.25, '2015-09-13 16:00:00', '17:27:24', '2015-08-25 17:13:01', '2015-08-25 17:13:01', 0),
	(1389, 82, 'Stage 17', 6.98, '2015-09-13 16:15:00', '17:16:47', '2015-08-25 17:13:01', '2015-08-25 17:13:01', 0),
	(1390, 83, 'Stage 0', 6.75, '2015-09-20 14:15:00', '17:16:46', '2015-08-25 17:13:01', '2015-08-25 17:13:01', 0),
	(1391, 83, 'Stage 1', 22.23, '2015-09-20 14:30:00', '17:25:10', '2015-08-25 17:13:01', '2015-08-25 17:13:01', 0),
	(1392, 83, 'Stage 2', 11.66, '2015-09-20 14:45:00', '17:19:02', '2015-08-25 17:13:01', '2015-08-25 17:13:01', 0),
	(1393, 83, 'Stage 3', 6.76, '2015-09-20 15:00:00', '17:16:07', '2015-08-25 17:13:01', '2015-08-25 17:13:01', 0),
	(1394, 83, 'Stage 4', 11.80, '2015-09-20 15:15:00', '17:19:54', '2015-08-25 17:13:01', '2015-08-25 17:13:01', 0),
	(1395, 83, 'Stage 5', 9.50, '2015-09-20 15:30:00', '17:17:58', '2015-08-25 17:13:01', '2015-08-25 17:13:01', 0),
	(1396, 83, 'Stage 6', 25.79, '2015-09-20 15:45:00', '17:28:33', '2015-08-25 17:13:01', '2015-08-25 17:13:01', 0),
	(1397, 83, 'Stage 7', 21.69, '2015-09-20 16:00:00', '17:25:26', '2015-08-25 17:13:01', '2015-08-25 17:13:01', 0),
	(1398, 83, 'Stage 8', 21.92, '2015-09-20 16:15:00', '17:25:32', '2015-08-25 17:13:01', '2015-08-25 17:13:01', 0),
	(1399, 83, 'Stage 9', 19.94, '2015-09-20 16:30:00', '17:23:07', '2015-08-25 17:13:01', '2015-08-25 17:13:01', 0),
	(1400, 83, 'Stage 10', 25.20, '2015-09-20 16:45:00', '17:27:43', '2015-08-25 17:13:01', '2015-08-25 17:13:01', 0),
	(1401, 83, 'Stage 11', 12.36, '2015-09-20 17:00:00', '17:19:43', '2015-08-25 17:13:01', '2015-08-25 17:13:01', 0),
	(1402, 83, 'Stage 12', 20.84, '2015-09-20 17:15:00', '17:23:54', '2015-08-25 17:13:01', '2015-08-25 17:13:01', 0),
	(1403, 83, 'Stage 13', 27.80, '2015-09-20 17:30:00', '17:29:16', '2015-08-25 17:13:01', '2015-08-25 17:13:01', 0),
	(1404, 83, 'Stage 14', 5.79, '2015-09-20 17:45:00', '17:16:01', '2015-08-25 17:13:01', '2015-08-25 17:13:01', 0),
	(1405, 83, 'Stage 15', 4.09, '2015-09-20 18:00:00', '17:15:01', '2015-08-25 17:13:01', '2015-08-25 17:13:01', 0),
	(1406, 83, 'Stage 16', 10.06, '2015-09-20 18:15:00', '17:18:21', '2015-08-25 17:13:01', '2015-08-25 17:13:01', 0),
	(1407, 83, 'Stage 17', 8.16, '2015-09-20 18:30:00', '17:18:01', '2015-08-25 17:13:01', '2015-08-25 17:13:01', 0),
	(1408, 84, 'Stage 0', 12.95, '2015-09-27 11:15:00', '17:19:08', '2015-08-25 17:13:01', '2015-08-25 17:13:01', 0),
	(1409, 84, 'Stage 1', 26.37, '2015-09-27 11:30:00', '17:26:07', '2015-08-25 17:13:01', '2015-08-25 17:13:01', 0),
	(1410, 84, 'Stage 2', 13.33, '2015-09-27 11:45:00', '17:20:17', '2015-08-25 17:13:01', '2015-08-25 17:13:01', 0),
	(1411, 84, 'Stage 3', 7.47, '2015-09-27 12:00:00', '17:16:31', '2015-08-25 17:13:01', '2015-08-25 17:13:01', 0),
	(1412, 84, 'Stage 4', 9.06, '2015-09-27 12:15:00', '17:17:54', '2015-08-25 17:13:01', '2015-08-25 17:13:01', 0),
	(1413, 84, 'Stage 5', 25.98, '2015-09-27 12:30:00', '17:28:37', '2015-08-25 17:13:01', '2015-08-25 17:13:01', 0),
	(1414, 84, 'Stage 6', 14.71, '2015-09-27 12:45:00', '17:20:48', '2015-08-25 17:13:01', '2015-08-25 17:13:01', 0),
	(1415, 84, 'Stage 7', 27.05, '2015-09-27 13:00:00', '17:28:12', '2015-08-25 17:13:01', '2015-08-25 17:13:01', 0),
	(1416, 84, 'Stage 8', 14.17, '2015-09-27 13:15:00', '17:20:58', '2015-08-25 17:13:01', '2015-08-25 17:13:01', 0),
	(1417, 84, 'Stage 9', 15.73, '2015-09-27 13:30:00', '17:21:08', '2015-08-25 17:13:01', '2015-08-25 17:13:01', 0),
	(1418, 84, 'Stage 10', 4.52, '2015-09-27 13:45:00', '17:15:01', '2015-08-25 17:13:01', '2015-08-25 17:13:01', 0),
	(1419, 84, 'Stage 11', 22.79, '2015-09-27 14:00:00', '17:24:30', '2015-08-25 17:13:01', '2015-08-25 17:13:01', 0),
	(1420, 84, 'Stage 12', 9.91, '2015-09-27 14:15:00', '17:18:19', '2015-08-25 17:13:01', '2015-08-25 17:13:01', 0),
	(1421, 84, 'Stage 13', 17.13, '2015-09-27 14:30:00', '17:22:54', '2015-08-25 17:13:01', '2015-08-25 17:13:01', 0),
	(1422, 84, 'Stage 14', 9.34, '2015-09-27 14:45:00', '17:17:12', '2015-08-25 17:13:01', '2015-08-25 17:13:01', 0),
	(1423, 84, 'Stage 15', 8.33, '2015-09-27 15:00:00', '17:17:17', '2015-08-25 17:13:01', '2015-08-25 17:13:01', 0),
	(1424, 84, 'Stage 16', 19.44, '2015-09-27 15:15:00', '17:24:32', '2015-08-25 17:13:01', '2015-08-25 17:13:01', 0),
	(1425, 84, 'Stage 17', 29.54, '2015-09-27 15:30:00', '17:28:03', '2015-08-25 17:13:01', '2015-08-25 17:13:01', 0),
	(1426, 85, 'Stage 0', 16.89, '2015-10-04 08:00:00', '17:22:12', '2015-08-25 17:13:01', '2015-08-25 17:13:01', 0),
	(1427, 85, 'Stage 1', 5.41, '2015-10-04 08:15:00', '17:15:45', '2015-08-25 17:13:01', '2015-08-25 17:13:01', 0),
	(1428, 85, 'Stage 2', 3.79, '2015-10-04 08:30:00', '17:14:58', '2015-08-25 17:13:01', '2015-08-25 17:13:01', 0),
	(1429, 85, 'Stage 3', 18.23, '2015-10-04 08:45:00', '17:22:58', '2015-08-25 17:13:01', '2015-08-25 17:13:01', 0),
	(1430, 85, 'Stage 4', 6.73, '2015-10-04 09:00:00', '17:16:40', '2015-08-25 17:13:01', '2015-08-25 17:13:01', 0),
	(1431, 85, 'Stage 5', 14.69, '2015-10-04 09:15:00', '17:21:40', '2015-08-25 17:13:01', '2015-08-25 17:13:01', 0),
	(1432, 85, 'Stage 6', 14.54, '2015-10-04 09:30:00', '17:20:39', '2015-08-25 17:13:01', '2015-08-25 17:13:01', 0),
	(1433, 85, 'Stage 7', 26.51, '2015-10-04 09:45:00', '17:27:36', '2015-08-25 17:13:01', '2015-08-25 17:13:01', 0),
	(1434, 85, 'Stage 8', 7.91, '2015-10-04 10:00:00', '17:17:01', '2015-08-25 17:13:01', '2015-08-25 17:13:01', 0),
	(1435, 85, 'Stage 9', 25.23, '2015-10-04 10:15:00', '17:26:05', '2015-08-25 17:13:01', '2015-08-25 17:13:01', 0),
	(1436, 85, 'Stage 10', 20.09, '2015-10-04 10:30:00', '17:23:12', '2015-08-25 17:13:01', '2015-08-25 17:13:01', 0),
	(1437, 85, 'Stage 11', 13.43, '2015-10-04 10:45:00', '17:20:10', '2015-08-25 17:13:01', '2015-08-25 17:13:01', 0),
	(1438, 85, 'Stage 12', 22.03, '2015-10-04 11:00:00', '17:25:28', '2015-08-25 17:13:01', '2015-08-25 17:13:01', 0),
	(1439, 85, 'Stage 13', 15.04, '2015-10-04 11:15:00', '17:21:42', '2015-08-25 17:13:01', '2015-08-25 17:13:01', 0),
	(1440, 85, 'Stage 14', 3.13, '2015-10-04 11:30:00', '17:14:01', '2015-08-25 17:13:01', '2015-08-25 17:13:01', 0),
	(1441, 85, 'Stage 15', 11.03, '2015-10-04 11:45:00', '17:18:27', '2015-08-25 17:13:01', '2015-08-25 17:13:01', 0),
	(1442, 85, 'Stage 16', 19.34, '2015-10-04 12:00:00', '17:24:36', '2015-08-25 17:13:01', '2015-08-25 17:13:01', 0),
	(1443, 85, 'Stage 17', 11.24, '2015-10-04 12:15:00', '17:19:59', '2015-08-25 17:13:01', '2015-08-25 17:13:01', 0),
	(1444, 86, 'Stage 0', 9.46, '2015-10-11 11:30:00', '17:17:11', '2015-08-25 17:13:01', '2015-08-25 17:13:01', 0),
	(1445, 86, 'Stage 1', 9.47, '2015-10-11 11:45:00', '17:17:14', '2015-08-25 17:13:01', '2015-08-25 17:13:01', 0),
	(1446, 86, 'Stage 2', 28.48, '2015-10-11 12:00:00', '17:28:40', '2015-08-25 17:13:01', '2015-08-25 17:13:01', 0),
	(1447, 86, 'Stage 3', 26.24, '2015-10-11 12:15:00', '17:27:55', '2015-08-25 17:13:01', '2015-08-25 17:13:01', 0),
	(1448, 86, 'Stage 4', 12.44, '2015-10-11 12:30:00', '17:19:46', '2015-08-25 17:13:01', '2015-08-25 17:13:01', 0),
	(1449, 86, 'Stage 5', 25.98, '2015-10-11 12:45:00', '17:26:11', '2015-08-25 17:13:01', '2015-08-25 17:13:01', 0),
	(1450, 86, 'Stage 6', 3.06, '2015-10-11 13:00:00', '17:14:01', '2015-08-25 17:13:01', '2015-08-25 17:13:01', 0),
	(1451, 86, 'Stage 7', 21.53, '2015-10-11 13:15:00', '17:25:55', '2015-08-25 17:13:01', '2015-08-25 17:13:01', 0),
	(1452, 86, 'Stage 8', 27.80, '2015-10-11 13:30:00', '17:28:55', '2015-08-25 17:13:01', '2015-08-25 17:13:01', 0),
	(1453, 86, 'Stage 9', 7.88, '2015-10-11 13:45:00', '17:17:01', '2015-08-25 17:13:01', '2015-08-25 17:13:01', 0),
	(1454, 86, 'Stage 10', 27.69, '2015-10-11 14:00:00', '17:27:43', '2015-08-25 17:13:01', '2015-08-25 17:13:01', 0),
	(1455, 86, 'Stage 11', 16.22, '2015-10-11 14:15:00', '17:21:50', '2015-08-25 17:13:01', '2015-08-25 17:13:01', 0),
	(1456, 86, 'Stage 12', 11.75, '2015-10-11 14:30:00', '17:19:09', '2015-08-25 17:13:01', '2015-08-25 17:13:01', 0),
	(1457, 86, 'Stage 13', 19.67, '2015-10-11 14:45:00', '17:24:06', '2015-08-25 17:13:01', '2015-08-25 17:13:01', 0),
	(1458, 86, 'Stage 14', 25.27, '2015-10-11 15:00:00', '17:26:42', '2015-08-25 17:13:01', '2015-08-25 17:13:01', 0),
	(1459, 86, 'Stage 15', 22.07, '2015-10-11 15:15:00', '17:25:17', '2015-08-25 17:13:01', '2015-08-25 17:13:01', 0),
	(1460, 86, 'Stage 16', 25.10, '2015-10-11 15:30:00', '17:26:28', '2015-08-25 17:13:01', '2015-08-25 17:13:01', 0),
	(1461, 86, 'Stage 17', 28.79, '2015-10-11 15:45:00', '17:28:56', '2015-08-25 17:13:01', '2015-08-25 17:13:01', 0),
	(1462, 87, 'Stage 0', 2.97, '2015-10-18 12:45:00', '17:14:01', '2015-08-25 17:13:01', '2015-08-25 17:13:01', 0),
	(1463, 87, 'Stage 1', 29.44, '2015-10-18 13:00:00', '17:30:52', '2015-08-25 17:13:01', '2015-08-25 17:13:01', 0),
	(1464, 87, 'Stage 2', 29.93, '2015-10-18 13:15:00', '17:31:01', '2015-08-25 17:13:01', '2015-08-25 17:13:01', 0),
	(1465, 87, 'Stage 3', 23.87, '2015-10-18 13:30:00', '17:27:11', '2015-08-25 17:13:01', '2015-08-25 17:13:01', 0),
	(1466, 87, 'Stage 4', 27.88, '2015-10-18 13:45:00', '17:27:08', '2015-08-25 17:13:01', '2015-08-25 17:13:01', 0),
	(1467, 87, 'Stage 5', 13.48, '2015-10-18 14:00:00', '17:20:11', '2015-08-25 17:13:01', '2015-08-25 17:13:01', 0),
	(1468, 87, 'Stage 6', 22.52, '2015-10-18 14:15:00', '17:24:12', '2015-08-25 17:13:01', '2015-08-25 17:13:01', 0),
	(1469, 87, 'Stage 7', 26.31, '2015-10-18 14:30:00', '17:27:10', '2015-08-25 17:13:01', '2015-08-25 17:13:01', 0),
	(1470, 87, 'Stage 8', 19.17, '2015-10-18 14:45:00', '17:23:01', '2015-08-25 17:13:01', '2015-08-25 17:13:01', 0),
	(1471, 87, 'Stage 9', 22.06, '2015-10-18 15:00:00', '17:24:37', '2015-08-25 17:13:01', '2015-08-25 17:13:01', 0),
	(1472, 87, 'Stage 10', 23.83, '2015-10-18 15:15:00', '17:25:39', '2015-08-25 17:13:01', '2015-08-25 17:13:01', 0),
	(1473, 87, 'Stage 11', 28.73, '2015-10-18 15:30:00', '17:30:20', '2015-08-25 17:13:01', '2015-08-25 17:13:01', 0),
	(1474, 87, 'Stage 12', 23.52, '2015-10-18 15:45:00', '17:26:43', '2015-08-25 17:13:01', '2015-08-25 17:13:01', 0),
	(1475, 87, 'Stage 13', 13.54, '2015-10-18 16:00:00', '17:20:45', '2015-08-25 17:13:01', '2015-08-25 17:13:01', 0),
	(1476, 87, 'Stage 14', 20.31, '2015-10-18 16:15:00', '17:23:49', '2015-08-25 17:13:01', '2015-08-25 17:13:01', 0),
	(1477, 87, 'Stage 15', 26.27, '2015-10-18 16:30:00', '17:28:53', '2015-08-25 17:13:01', '2015-08-25 17:13:01', 0),
	(1478, 87, 'Stage 16', 9.74, '2015-10-18 16:45:00', '17:18:33', '2015-08-25 17:13:01', '2015-08-25 17:13:01', 0),
	(1479, 87, 'Stage 17', 19.61, '2015-10-18 17:00:00', '17:23:04', '2015-08-25 17:13:01', '2015-08-25 17:13:01', 0),
	(1480, 88, 'Stage 0', 26.39, '2015-10-25 11:15:00', '17:27:28', '2015-08-25 17:13:01', '2015-08-25 17:13:01', 0),
	(1481, 88, 'Stage 1', 24.43, '2015-10-25 11:30:00', '17:25:16', '2015-08-25 17:13:01', '2015-08-25 17:13:01', 0),
	(1482, 88, 'Stage 2', 23.56, '2015-10-25 11:45:00', '17:26:04', '2015-08-25 17:13:01', '2015-08-25 17:13:01', 0),
	(1483, 88, 'Stage 3', 28.85, '2015-10-25 12:00:00', '17:28:51', '2015-08-25 17:13:01', '2015-08-25 17:13:01', 0),
	(1484, 88, 'Stage 4', 10.94, '2015-10-25 12:15:00', '17:18:02', '2015-08-25 17:13:01', '2015-08-25 17:13:01', 0),
	(1485, 88, 'Stage 5', 23.84, '2015-10-25 12:30:00', '17:27:34', '2015-08-25 17:13:01', '2015-08-25 17:13:01', 0),
	(1486, 88, 'Stage 6', 17.67, '2015-10-25 12:45:00', '17:22:37', '2015-08-25 17:13:01', '2015-08-25 17:13:01', 0),
	(1487, 88, 'Stage 7', 20.73, '2015-10-25 13:00:00', '17:25:34', '2015-08-25 17:13:01', '2015-08-25 17:13:01', 0),
	(1488, 88, 'Stage 8', 7.69, '2015-10-25 13:15:00', '17:17:01', '2015-08-25 17:13:01', '2015-08-25 17:13:01', 0),
	(1489, 88, 'Stage 9', 28.48, '2015-10-25 13:30:00', '17:28:13', '2015-08-25 17:13:01', '2015-08-25 17:13:01', 0),
	(1490, 88, 'Stage 10', 10.64, '2015-10-25 13:45:00', '17:18:39', '2015-08-25 17:13:01', '2015-08-25 17:13:01', 0),
	(1491, 88, 'Stage 11', 25.87, '2015-10-25 14:00:00', '17:26:53', '2015-08-25 17:13:01', '2015-08-25 17:13:01', 0),
	(1492, 88, 'Stage 12', 13.02, '2015-10-25 14:15:00', '17:20:03', '2015-08-25 17:13:01', '2015-08-25 17:13:01', 0),
	(1493, 88, 'Stage 13', 23.61, '2015-10-25 14:30:00', '17:26:03', '2015-08-25 17:13:01', '2015-08-25 17:13:01', 0),
	(1494, 88, 'Stage 14', 13.21, '2015-10-25 14:45:00', '17:20:17', '2015-08-25 17:13:01', '2015-08-25 17:13:01', 0),
	(1495, 88, 'Stage 15', 29.72, '2015-10-25 15:00:00', '17:28:45', '2015-08-25 17:13:01', '2015-08-25 17:13:01', 0),
	(1496, 88, 'Stage 16', 7.79, '2015-10-25 15:15:00', '17:17:01', '2015-08-25 17:13:01', '2015-08-25 17:13:01', 0),
	(1497, 88, 'Stage 17', 24.96, '2015-10-25 15:30:00', '17:26:21', '2015-08-25 17:13:01', '2015-08-25 17:13:01', 0),
	(1498, 89, 'Stage 0', 14.01, '2015-11-01 13:15:00', '17:20:37', '2015-08-25 17:13:01', '2015-08-25 17:13:01', 0),
	(1499, 89, 'Stage 1', 23.41, '2015-11-01 13:30:00', '17:25:11', '2015-08-25 17:13:01', '2015-08-25 17:13:01', 0),
	(1500, 89, 'Stage 2', 5.01, '2015-11-01 13:45:00', '17:15:42', '2015-08-25 17:13:01', '2015-08-25 17:13:01', 0),
	(1501, 89, 'Stage 3', 17.73, '2015-11-01 14:00:00', '17:23:44', '2015-08-25 17:13:01', '2015-08-25 17:13:01', 0),
	(1502, 89, 'Stage 4', 3.11, '2015-11-01 14:15:00', '17:14:01', '2015-08-25 17:13:01', '2015-08-25 17:13:01', 0),
	(1503, 89, 'Stage 5', 26.28, '2015-11-01 14:30:00', '17:28:27', '2015-08-25 17:13:01', '2015-08-25 17:13:01', 0),
	(1504, 89, 'Stage 6', 4.41, '2015-11-01 14:45:00', '17:15:01', '2015-08-25 17:13:01', '2015-08-25 17:13:01', 0),
	(1505, 89, 'Stage 7', 20.13, '2015-11-01 15:00:00', '17:23:16', '2015-08-25 17:13:01', '2015-08-25 17:13:01', 0),
	(1506, 89, 'Stage 8', 29.31, '2015-11-01 15:15:00', '17:29:33', '2015-08-25 17:13:01', '2015-08-25 17:13:01', 0),
	(1507, 89, 'Stage 9', 2.73, '2015-11-01 15:30:00', '17:14:01', '2015-08-25 17:13:01', '2015-08-25 17:13:01', 0),
	(1508, 89, 'Stage 10', 25.63, '2015-11-01 15:45:00', '17:26:41', '2015-08-25 17:13:01', '2015-08-25 17:13:01', 0),
	(1509, 89, 'Stage 11', 3.61, '2015-11-01 16:00:00', '17:14:22', '2015-08-25 17:13:01', '2015-08-25 17:13:01', 0),
	(1510, 89, 'Stage 12', 8.81, '2015-11-01 16:15:00', '17:17:26', '2015-08-25 17:13:01', '2015-08-25 17:13:01', 0),
	(1511, 89, 'Stage 13', 18.00, '2015-11-01 16:30:00', '17:23:19', '2015-08-25 17:13:01', '2015-08-25 17:13:01', 0),
	(1512, 89, 'Stage 14', 28.11, '2015-11-01 16:45:00', '17:29:55', '2015-08-25 17:13:01', '2015-08-25 17:13:01', 0),
	(1513, 89, 'Stage 15', 13.53, '2015-11-01 17:00:00', '17:21:01', '2015-08-25 17:13:01', '2015-08-25 17:13:01', 0),
	(1514, 89, 'Stage 16', 15.55, '2015-11-01 17:15:00', '17:21:46', '2015-08-25 17:13:01', '2015-08-25 17:13:01', 0),
	(1515, 89, 'Stage 17', 14.82, '2015-11-01 17:30:00', '17:21:10', '2015-08-25 17:13:01', '2015-08-25 17:13:01', 0),
	(1516, 90, 'Stage 0', 25.81, '2015-11-08 13:00:00', '17:26:59', '2015-08-25 17:13:01', '2015-08-25 17:13:01', 0),
	(1517, 90, 'Stage 1', 11.28, '2015-11-08 13:15:00', '17:19:28', '2015-08-25 17:13:01', '2015-08-25 17:13:01', 0),
	(1518, 90, 'Stage 2', 20.57, '2015-11-08 13:30:00', '17:24:28', '2015-08-25 17:13:01', '2015-08-25 17:13:01', 0),
	(1519, 90, 'Stage 3', 13.78, '2015-11-08 13:45:00', '17:20:09', '2015-08-25 17:13:01', '2015-08-25 17:13:01', 0),
	(1520, 90, 'Stage 4', 9.11, '2015-11-08 14:00:00', '17:17:45', '2015-08-25 17:13:01', '2015-08-25 17:13:01', 0),
	(1521, 90, 'Stage 5', 5.11, '2015-11-08 14:15:00', '17:15:11', '2015-08-25 17:13:01', '2015-08-25 17:13:01', 0),
	(1522, 90, 'Stage 6', 3.95, '2015-11-08 14:30:00', '17:15:01', '2015-08-25 17:13:01', '2015-08-25 17:13:01', 0),
	(1523, 90, 'Stage 7', 24.78, '2015-11-08 14:45:00', '17:26:40', '2015-08-25 17:13:01', '2015-08-25 17:13:01', 0),
	(1524, 90, 'Stage 8', 10.23, '2015-11-08 15:00:00', '17:18:15', '2015-08-25 17:13:01', '2015-08-25 17:13:01', 0),
	(1525, 90, 'Stage 9', 19.87, '2015-11-08 15:15:00', '17:24:31', '2015-08-25 17:13:01', '2015-08-25 17:13:01', 0),
	(1526, 90, 'Stage 10', 3.53, '2015-11-08 15:30:00', '17:14:15', '2015-08-25 17:13:01', '2015-08-25 17:13:01', 0),
	(1527, 90, 'Stage 11', 23.98, '2015-11-08 15:45:00', '17:25:57', '2015-08-25 17:13:01', '2015-08-25 17:13:01', 0),
	(1528, 90, 'Stage 12', 17.27, '2015-11-08 16:00:00', '17:22:41', '2015-08-25 17:13:01', '2015-08-25 17:13:01', 0),
	(1529, 90, 'Stage 13', 25.33, '2015-11-08 16:15:00', '17:26:25', '2015-08-25 17:13:01', '2015-08-25 17:13:01', 0),
	(1530, 90, 'Stage 14', 14.62, '2015-11-08 16:30:00', '17:20:59', '2015-08-25 17:13:01', '2015-08-25 17:13:01', 0),
	(1531, 90, 'Stage 15', 4.93, '2015-11-08 16:45:00', '17:15:04', '2015-08-25 17:13:01', '2015-08-25 17:13:01', 0),
	(1532, 90, 'Stage 16', 15.57, '2015-11-08 17:00:00', '17:21:21', '2015-08-25 17:13:01', '2015-08-25 17:13:01', 0),
	(1533, 90, 'Stage 17', 25.24, '2015-11-08 17:15:00', '17:26:25', '2015-08-25 17:13:01', '2015-08-25 17:13:01', 0),
	(1534, 91, 'Stage 0', 11.56, '2015-11-15 09:30:00', '17:19:36', '2015-08-25 17:13:01', '2015-08-25 17:13:01', 0),
	(1535, 91, 'Stage 1', 8.65, '2015-11-15 09:45:00', '17:17:51', '2015-08-25 17:13:01', '2015-08-25 17:13:01', 0),
	(1536, 91, 'Stage 2', 20.04, '2015-11-15 10:00:00', '17:23:43', '2015-08-25 17:13:01', '2015-08-25 17:13:01', 0),
	(1537, 91, 'Stage 3', 24.74, '2015-11-15 10:15:00', '17:25:41', '2015-08-25 17:13:01', '2015-08-25 17:13:01', 0),
	(1538, 91, 'Stage 4', 8.40, '2015-11-15 10:30:00', '17:17:21', '2015-08-25 17:13:01', '2015-08-25 17:13:01', 0),
	(1539, 91, 'Stage 5', 28.81, '2015-11-15 10:45:00', '17:30:49', '2015-08-25 17:13:01', '2015-08-25 17:13:01', 0),
	(1540, 91, 'Stage 6', 29.90, '2015-11-15 11:00:00', '17:30:03', '2015-08-25 17:13:01', '2015-08-25 17:13:01', 0),
	(1541, 91, 'Stage 7', 26.89, '2015-11-15 11:15:00', '17:28:27', '2015-08-25 17:13:01', '2015-08-25 17:13:01', 0),
	(1542, 91, 'Stage 8', 22.20, '2015-11-15 11:30:00', '17:26:25', '2015-08-25 17:13:01', '2015-08-25 17:13:01', 0),
	(1543, 91, 'Stage 9', 11.96, '2015-11-15 11:45:00', '17:19:02', '2015-08-25 17:13:01', '2015-08-25 17:13:01', 0),
	(1544, 91, 'Stage 10', 20.64, '2015-11-15 12:00:00', '17:25:07', '2015-08-25 17:13:01', '2015-08-25 17:13:01', 0),
	(1545, 91, 'Stage 11', 25.74, '2015-11-15 12:15:00', '17:28:43', '2015-08-25 17:13:01', '2015-08-25 17:13:01', 0),
	(1546, 91, 'Stage 12', 11.43, '2015-11-15 12:30:00', '17:18:37', '2015-08-25 17:13:01', '2015-08-25 17:13:01', 0),
	(1547, 91, 'Stage 13', 10.06, '2015-11-15 12:45:00', '17:18:17', '2015-08-25 17:13:01', '2015-08-25 17:13:01', 0),
	(1548, 91, 'Stage 14', 3.48, '2015-11-15 13:00:00', '17:14:12', '2015-08-25 17:13:01', '2015-08-25 17:13:01', 0),
	(1549, 91, 'Stage 15', 4.63, '2015-11-15 13:15:00', '17:15:01', '2015-08-25 17:13:01', '2015-08-25 17:13:01', 0),
	(1550, 91, 'Stage 16', 21.23, '2015-11-15 13:30:00', '17:24:41', '2015-08-25 17:13:01', '2015-08-25 17:13:01', 0),
	(1551, 91, 'Stage 17', 23.22, '2015-11-15 13:45:00', '17:25:48', '2015-08-25 17:13:01', '2015-08-25 17:13:01', 0),
	(1552, 92, 'Stage 0', 5.72, '2015-08-30 09:30:00', '10:15:28', '2015-08-28 10:13:05', '2015-08-30 09:30:00', 1),
	(1553, 92, 'Stage 1', 23.67, '2015-08-30 09:45:00', '10:25:58', '2015-08-28 10:13:05', '2015-08-30 09:45:00', 1),
	(1554, 92, 'Stage 2', 5.74, '2015-08-30 10:00:00', '10:15:27', '2015-08-28 10:13:05', '2015-08-30 10:00:01', 1),
	(1555, 92, 'Stage 3', 19.07, '2015-08-30 10:15:00', '10:24:59', '2015-08-28 10:13:05', '2015-08-30 10:15:00', 1),
	(1556, 92, 'Stage 4', 23.05, '2015-08-30 10:30:00', '10:26:01', '2015-08-28 10:13:05', '2015-08-30 10:30:02', 1),
	(1557, 92, 'Stage 5', 23.77, '2015-08-30 10:45:00', '10:27:45', '2015-08-28 10:13:05', '2015-08-30 10:45:01', 1),
	(1558, 92, 'Stage 6', 20.89, '2015-08-30 11:00:00', '10:24:37', '2015-08-28 10:13:05', '2015-08-30 11:00:00', 1),
	(1559, 92, 'Stage 7', 11.48, '2015-08-30 11:15:00', '10:19:50', '2015-08-28 10:13:05', '2015-08-30 11:15:01', 1),
	(1560, 92, 'Stage 8', 24.58, '2015-08-30 11:30:00', '10:26:46', '2015-08-28 10:13:05', '2015-08-30 11:30:00', 1),
	(1561, 92, 'Stage 9', 12.77, '2015-08-30 11:45:00', '10:20:38', '2015-08-28 10:13:05', '2015-08-30 11:45:00', 1),
	(1562, 92, 'Stage 10', 17.01, '2015-08-30 12:00:00', '10:21:13', '2015-08-28 10:13:05', '2015-08-30 12:00:00', 1),
	(1563, 92, 'Stage 11', 17.79, '2015-08-30 12:15:00', '10:23:35', '2015-08-28 10:13:05', '2015-08-30 12:15:00', 1),
	(1564, 92, 'Stage 12', 18.35, '2015-08-30 12:30:00', '10:23:50', '2015-08-28 10:13:05', '2015-08-30 12:30:00', 1),
	(1565, 92, 'Stage 13', 3.67, '2015-08-30 12:45:00', '10:14:17', '2015-08-28 10:13:05', '2015-08-30 12:45:00', 1),
	(1566, 92, 'Stage 14', 18.12, '2015-08-30 13:00:00', '10:22:47', '2015-08-28 10:13:05', '2015-08-30 13:00:00', 1),
	(1567, 92, 'Stage 15', 27.30, '2015-08-30 13:15:00', '10:28:07', '2015-08-28 10:13:05', '2015-08-30 13:15:00', 1),
	(1568, 92, 'Stage 16', 9.05, '2015-08-30 13:30:00', '10:17:55', '2015-08-28 10:13:05', '2015-08-30 13:30:01', 1),
	(1569, 92, 'Stage 17', 2.19, '2015-08-30 13:45:00', '10:14:05', '2015-08-28 10:13:05', '2015-08-30 13:45:00', 1),
	(1570, 93, 'Stage 0', 20.83, '2015-09-06 11:45:00', '10:23:52', '2015-08-28 10:13:05', '2015-08-28 10:13:05', 0),
	(1571, 93, 'Stage 1', 28.33, '2015-09-06 12:00:00', '10:29:26', '2015-08-28 10:13:05', '2015-08-28 10:13:05', 0),
	(1572, 93, 'Stage 2', 26.16, '2015-09-06 12:15:00', '10:28:25', '2015-08-28 10:13:05', '2015-08-28 10:13:05', 0),
	(1573, 93, 'Stage 3', 6.52, '2015-09-06 12:30:00', '10:17:03', '2015-08-28 10:13:05', '2015-08-28 10:13:05', 0),
	(1574, 93, 'Stage 4', 19.59, '2015-09-06 12:45:00', '10:23:45', '2015-08-28 10:13:05', '2015-08-28 10:13:05', 0),
	(1575, 93, 'Stage 5', 2.10, '2015-09-06 13:00:00', '10:14:05', '2015-08-28 10:13:05', '2015-08-28 10:13:05', 0),
	(1576, 93, 'Stage 6', 22.30, '2015-09-06 13:15:00', '10:25:15', '2015-08-28 10:13:05', '2015-08-28 10:13:05', 0),
	(1577, 93, 'Stage 7', 13.59, '2015-09-06 13:30:00', '10:20:05', '2015-08-28 10:13:05', '2015-08-28 10:13:05', 0),
	(1578, 93, 'Stage 8', 6.67, '2015-09-06 13:45:00', '10:16:59', '2015-08-28 10:13:05', '2015-08-28 10:13:05', 0),
	(1579, 93, 'Stage 9', 24.78, '2015-09-06 14:00:00', '10:25:35', '2015-08-28 10:13:05', '2015-08-28 10:13:05', 0),
	(1580, 93, 'Stage 10', 10.68, '2015-09-06 14:15:00', '10:18:42', '2015-08-28 10:13:05', '2015-08-28 10:13:05', 0),
	(1581, 93, 'Stage 11', 12.43, '2015-09-06 14:30:00', '10:19:36', '2015-08-28 10:13:05', '2015-08-28 10:13:05', 0),
	(1582, 93, 'Stage 12', 3.94, '2015-09-06 14:45:00', '10:15:05', '2015-08-28 10:13:05', '2015-08-28 10:13:05', 0),
	(1583, 93, 'Stage 13', 6.41, '2015-09-06 15:00:00', '10:16:57', '2015-08-28 10:13:05', '2015-08-28 10:13:05', 0),
	(1584, 93, 'Stage 14', 13.11, '2015-09-06 15:15:00', '10:20:22', '2015-08-28 10:13:05', '2015-08-28 10:13:05', 0),
	(1585, 93, 'Stage 15', 16.17, '2015-09-06 15:30:00', '10:22:57', '2015-08-28 10:13:05', '2015-08-28 10:13:05', 0),
	(1586, 93, 'Stage 16', 23.43, '2015-09-06 15:45:00', '10:25:11', '2015-08-28 10:13:05', '2015-08-28 10:13:05', 0),
	(1587, 93, 'Stage 17', 9.82, '2015-09-06 16:00:00', '10:18:10', '2015-08-28 10:13:05', '2015-08-28 10:13:05', 0),
	(1588, 94, 'Stage 0', 7.18, '2015-09-13 12:30:00', '10:16:51', '2015-08-28 10:13:05', '2015-08-28 10:13:05', 0),
	(1589, 94, 'Stage 1', 27.79, '2015-09-13 12:45:00', '10:29:18', '2015-08-28 10:13:05', '2015-08-28 10:13:05', 0),
	(1590, 94, 'Stage 2', 29.16, '2015-09-13 13:00:00', '10:30:14', '2015-08-28 10:13:05', '2015-08-28 10:13:05', 0),
	(1591, 94, 'Stage 3', 15.17, '2015-09-13 13:15:00', '10:20:08', '2015-08-28 10:13:05', '2015-08-28 10:13:05', 0),
	(1592, 94, 'Stage 4', 26.95, '2015-09-13 13:30:00', '10:29:47', '2015-08-28 10:13:05', '2015-08-28 10:13:05', 0),
	(1593, 94, 'Stage 5', 26.55, '2015-09-13 13:45:00', '10:27:42', '2015-08-28 10:13:05', '2015-08-28 10:13:05', 0),
	(1594, 94, 'Stage 6', 8.25, '2015-09-13 14:00:00', '10:17:08', '2015-08-28 10:13:05', '2015-08-28 10:13:05', 0),
	(1595, 94, 'Stage 7', 19.47, '2015-09-13 14:15:00', '10:23:15', '2015-08-28 10:13:05', '2015-08-28 10:13:05', 0),
	(1596, 94, 'Stage 8', 19.07, '2015-09-13 14:30:00', '10:23:03', '2015-08-28 10:13:05', '2015-08-28 10:13:05', 0),
	(1597, 94, 'Stage 9', 22.67, '2015-09-13 14:45:00', '10:26:25', '2015-08-28 10:13:05', '2015-08-28 10:13:05', 0),
	(1598, 94, 'Stage 10', 9.73, '2015-09-13 15:00:00', '10:18:36', '2015-08-28 10:13:05', '2015-08-28 10:13:05', 0),
	(1599, 94, 'Stage 11', 8.81, '2015-09-13 15:15:00', '10:17:28', '2015-08-28 10:13:05', '2015-08-28 10:13:05', 0),
	(1600, 94, 'Stage 12', 24.85, '2015-09-13 15:30:00', '10:26:43', '2015-08-28 10:13:05', '2015-08-28 10:13:05', 0),
	(1601, 94, 'Stage 13', 3.49, '2015-09-13 15:45:00', '10:14:18', '2015-08-28 10:13:05', '2015-08-28 10:13:05', 0),
	(1602, 94, 'Stage 14', 8.83, '2015-09-13 16:00:00', '10:17:55', '2015-08-28 10:13:05', '2015-08-28 10:13:05', 0),
	(1603, 94, 'Stage 15', 18.20, '2015-09-13 16:15:00', '10:22:51', '2015-08-28 10:13:05', '2015-08-28 10:13:05', 0),
	(1604, 94, 'Stage 16', 8.15, '2015-09-13 16:30:00', '10:17:35', '2015-08-28 10:13:05', '2015-08-28 10:13:05', 0),
	(1605, 94, 'Stage 17', 29.34, '2015-09-13 16:45:00', '10:29:28', '2015-08-28 10:13:05', '2015-08-28 10:13:05', 0),
	(1606, 95, 'Stage 0', 11.99, '2015-09-20 13:30:00', '10:19:47', '2015-08-28 10:13:05', '2015-08-28 10:13:05', 0),
	(1607, 95, 'Stage 1', 28.49, '2015-09-20 13:45:00', '10:29:37', '2015-08-28 10:13:05', '2015-08-28 10:13:05', 0),
	(1608, 95, 'Stage 2', 3.57, '2015-09-20 14:00:00', '10:14:36', '2015-08-28 10:13:05', '2015-08-28 10:13:05', 0),
	(1609, 95, 'Stage 3', 2.15, '2015-09-20 14:15:00', '10:14:05', '2015-08-28 10:13:05', '2015-08-28 10:13:05', 0),
	(1610, 95, 'Stage 4', 26.05, '2015-09-20 14:30:00', '10:28:11', '2015-08-28 10:13:05', '2015-08-28 10:13:05', 0),
	(1611, 95, 'Stage 5', 17.17, '2015-09-20 14:45:00', '10:22:04', '2015-08-28 10:13:05', '2015-08-28 10:13:05', 0),
	(1612, 95, 'Stage 6', 9.51, '2015-09-20 15:00:00', '10:19:01', '2015-08-28 10:13:05', '2015-08-28 10:13:05', 0),
	(1613, 95, 'Stage 7', 4.04, '2015-09-20 15:15:00', '10:15:05', '2015-08-28 10:13:05', '2015-08-28 10:13:05', 0),
	(1614, 95, 'Stage 8', 12.28, '2015-09-20 15:30:00', '10:19:19', '2015-08-28 10:13:05', '2015-08-28 10:13:05', 0),
	(1615, 95, 'Stage 9', 14.96, '2015-09-20 15:45:00', '10:21:29', '2015-08-28 10:13:05', '2015-08-28 10:13:05', 0),
	(1616, 95, 'Stage 10', 26.61, '2015-09-20 16:00:00', '10:26:20', '2015-08-28 10:13:05', '2015-08-28 10:13:05', 0),
	(1617, 95, 'Stage 11', 24.79, '2015-09-20 16:15:00', '10:26:24', '2015-08-28 10:13:05', '2015-08-28 10:13:05', 0),
	(1618, 95, 'Stage 12', 14.97, '2015-09-20 16:30:00', '10:21:40', '2015-08-28 10:13:05', '2015-08-28 10:13:05', 0),
	(1619, 95, 'Stage 13', 26.46, '2015-09-20 16:45:00', '10:27:43', '2015-08-28 10:13:05', '2015-08-28 10:13:05', 0),
	(1620, 95, 'Stage 14', 2.11, '2015-09-20 17:00:00', '10:14:05', '2015-08-28 10:13:05', '2015-08-28 10:13:05', 0),
	(1621, 95, 'Stage 15', 11.50, '2015-09-20 17:15:00', '10:20:05', '2015-08-28 10:13:05', '2015-08-28 10:13:05', 0),
	(1622, 95, 'Stage 16', 4.03, '2015-09-20 17:30:00', '10:15:05', '2015-08-28 10:13:05', '2015-08-28 10:13:05', 0),
	(1623, 95, 'Stage 17', 11.28, '2015-09-20 17:45:00', '10:19:37', '2015-08-28 10:13:05', '2015-08-28 10:13:05', 0),
	(1624, 96, 'Stage 0', 9.99, '2015-09-27 10:15:00', '10:18:14', '2015-08-28 10:13:05', '2015-08-28 10:13:05', 0),
	(1625, 96, 'Stage 1', 23.72, '2015-09-27 10:30:00', '10:26:53', '2015-08-28 10:13:05', '2015-08-28 10:13:05', 0),
	(1626, 96, 'Stage 2', 16.29, '2015-09-27 10:45:00', '10:21:30', '2015-08-28 10:13:05', '2015-08-28 10:13:05', 0),
	(1627, 96, 'Stage 3', 25.28, '2015-09-27 11:00:00', '10:27:16', '2015-08-28 10:13:05', '2015-08-28 10:13:05', 0),
	(1628, 96, 'Stage 4', 15.88, '2015-09-27 11:15:00', '10:21:45', '2015-08-28 10:13:05', '2015-08-28 10:13:05', 0),
	(1629, 96, 'Stage 5', 7.26, '2015-09-27 11:30:00', '10:16:17', '2015-08-28 10:13:05', '2015-08-28 10:13:05', 0),
	(1630, 96, 'Stage 6', 6.01, '2015-09-27 11:45:00', '10:16:05', '2015-08-28 10:13:05', '2015-08-28 10:13:05', 0),
	(1631, 96, 'Stage 7', 26.01, '2015-09-27 12:00:00', '10:26:31', '2015-08-28 10:13:05', '2015-08-28 10:13:05', 0),
	(1632, 96, 'Stage 8', 12.41, '2015-09-27 12:15:00', '10:19:42', '2015-08-28 10:13:05', '2015-08-28 10:13:05', 0),
	(1633, 96, 'Stage 9', 21.21, '2015-09-27 12:30:00', '10:25:39', '2015-08-28 10:13:05', '2015-08-28 10:13:05', 0),
	(1634, 96, 'Stage 10', 27.87, '2015-09-27 12:45:00', '10:27:44', '2015-08-28 10:13:05', '2015-08-28 10:13:05', 0),
	(1635, 96, 'Stage 11', 11.33, '2015-09-27 13:00:00', '10:19:13', '2015-08-28 10:13:05', '2015-08-28 10:13:05', 0),
	(1636, 96, 'Stage 12', 8.77, '2015-09-27 13:15:00', '10:18:03', '2015-08-28 10:13:05', '2015-08-28 10:13:05', 0),
	(1637, 96, 'Stage 13', 26.62, '2015-09-27 13:30:00', '10:27:56', '2015-08-28 10:13:05', '2015-08-28 10:13:05', 0),
	(1638, 96, 'Stage 14', 28.92, '2015-09-27 13:45:00', '10:28:21', '2015-08-28 10:13:05', '2015-08-28 10:13:05', 0),
	(1639, 96, 'Stage 15', 3.11, '2015-09-27 14:00:00', '10:14:05', '2015-08-28 10:13:05', '2015-08-28 10:13:05', 0),
	(1640, 96, 'Stage 16', 6.14, '2015-09-27 14:15:00', '10:16:05', '2015-08-28 10:13:05', '2015-08-28 10:13:05', 0),
	(1641, 96, 'Stage 17', 10.77, '2015-09-27 14:30:00', '10:18:35', '2015-08-28 10:13:05', '2015-08-28 10:13:05', 0),
	(1642, 97, 'Stage 0', 4.15, '2015-10-04 10:45:00', '10:15:05', '2015-08-28 10:13:05', '2015-08-28 10:13:05', 0),
	(1643, 97, 'Stage 1', 17.79, '2015-10-04 11:00:00', '10:22:26', '2015-08-28 10:13:05', '2015-08-28 10:13:05', 0),
	(1644, 97, 'Stage 2', 24.68, '2015-10-04 11:15:00', '10:25:31', '2015-08-28 10:13:05', '2015-08-28 10:13:05', 0),
	(1645, 97, 'Stage 3', 7.98, '2015-10-04 11:30:00', '10:17:18', '2015-08-28 10:13:05', '2015-08-28 10:13:05', 0),
	(1646, 97, 'Stage 4', 5.56, '2015-10-04 11:45:00', '10:15:27', '2015-08-28 10:13:05', '2015-08-28 10:13:05', 0),
	(1647, 97, 'Stage 5', 7.06, '2015-10-04 12:00:00', '10:16:35', '2015-08-28 10:13:05', '2015-08-28 10:13:05', 0),
	(1648, 97, 'Stage 6', 13.02, '2015-10-04 12:15:00', '10:20:32', '2015-08-28 10:13:05', '2015-08-28 10:13:05', 0),
	(1649, 97, 'Stage 7', 26.06, '2015-10-04 12:30:00', '10:28:57', '2015-08-28 10:13:05', '2015-08-28 10:13:05', 0),
	(1650, 97, 'Stage 8', 10.59, '2015-10-04 12:45:00', '10:18:55', '2015-08-28 10:13:05', '2015-08-28 10:13:05', 0),
	(1651, 97, 'Stage 9', 19.60, '2015-10-04 13:00:00', '10:23:05', '2015-08-28 10:13:05', '2015-08-28 10:13:05', 0),
	(1652, 97, 'Stage 10', 29.58, '2015-10-04 13:15:00', '10:29:32', '2015-08-28 10:13:05', '2015-08-28 10:13:05', 0),
	(1653, 97, 'Stage 11', 27.84, '2015-10-04 13:30:00', '10:28:34', '2015-08-28 10:13:05', '2015-08-28 10:13:05', 0),
	(1654, 97, 'Stage 12', 3.45, '2015-10-04 13:45:00', '10:14:50', '2015-08-28 10:13:05', '2015-08-28 10:13:05', 0),
	(1655, 97, 'Stage 13', 8.54, '2015-10-04 14:00:00', '10:17:18', '2015-08-28 10:13:05', '2015-08-28 10:13:05', 0),
	(1656, 97, 'Stage 14', 25.41, '2015-10-04 14:15:00', '10:27:52', '2015-08-28 10:13:05', '2015-08-28 10:13:05', 0),
	(1657, 97, 'Stage 15', 21.59, '2015-10-04 14:30:00', '10:25:22', '2015-08-28 10:13:05', '2015-08-28 10:13:05', 0),
	(1658, 97, 'Stage 16', 19.36, '2015-10-04 14:45:00', '10:24:27', '2015-08-28 10:13:05', '2015-08-28 10:13:05', 0),
	(1659, 97, 'Stage 17', 25.85, '2015-10-04 15:00:00', '10:27:44', '2015-08-28 10:13:05', '2015-08-28 10:13:05', 0),
	(1660, 98, 'Stage 0', 29.57, '2015-10-11 10:00:00', '10:28:12', '2015-08-28 10:13:05', '2015-08-28 10:13:05', 0),
	(1661, 98, 'Stage 1', 11.24, '2015-10-11 10:15:00', '10:18:06', '2015-08-28 10:13:05', '2015-08-28 10:13:05', 0),
	(1662, 98, 'Stage 2', 13.09, '2015-10-11 10:30:00', '10:20:53', '2015-08-28 10:13:05', '2015-08-28 10:13:05', 0),
	(1663, 98, 'Stage 3', 4.24, '2015-10-11 10:45:00', '10:15:05', '2015-08-28 10:13:05', '2015-08-28 10:13:05', 0),
	(1664, 98, 'Stage 4', 9.03, '2015-10-11 11:00:00', '10:17:40', '2015-08-28 10:13:05', '2015-08-28 10:13:05', 0),
	(1665, 98, 'Stage 5', 16.01, '2015-10-11 11:15:00', '10:22:36', '2015-08-28 10:13:05', '2015-08-28 10:13:05', 0),
	(1666, 98, 'Stage 6', 6.44, '2015-10-11 11:30:00', '10:16:59', '2015-08-28 10:13:05', '2015-08-28 10:13:05', 0),
	(1667, 98, 'Stage 7', 23.53, '2015-10-11 11:45:00', '10:26:09', '2015-08-28 10:13:05', '2015-08-28 10:13:05', 0),
	(1668, 98, 'Stage 8', 17.44, '2015-10-11 12:00:00', '10:23:34', '2015-08-28 10:13:05', '2015-08-28 10:13:05', 0),
	(1669, 98, 'Stage 9', 4.80, '2015-10-11 12:15:00', '10:15:48', '2015-08-28 10:13:05', '2015-08-28 10:13:05', 0),
	(1670, 98, 'Stage 10', 16.41, '2015-10-11 12:30:00', '10:21:16', '2015-08-28 10:13:05', '2015-08-28 10:13:05', 0),
	(1671, 98, 'Stage 11', 7.51, '2015-10-11 12:45:00', '10:16:44', '2015-08-28 10:13:05', '2015-08-28 10:13:05', 0),
	(1672, 98, 'Stage 12', 7.43, '2015-10-11 13:00:00', '10:16:21', '2015-08-28 10:13:05', '2015-08-28 10:13:05', 0),
	(1673, 98, 'Stage 13', 2.24, '2015-10-11 13:15:00', '10:14:05', '2015-08-28 10:13:05', '2015-08-28 10:13:05', 0),
	(1674, 98, 'Stage 14', 21.49, '2015-10-11 13:30:00', '10:25:39', '2015-08-28 10:13:05', '2015-08-28 10:13:05', 0),
	(1675, 98, 'Stage 15', 22.15, '2015-10-11 13:45:00', '10:24:32', '2015-08-28 10:13:05', '2015-08-28 10:13:05', 0),
	(1676, 98, 'Stage 16', 8.57, '2015-10-11 14:00:00', '10:17:40', '2015-08-28 10:13:05', '2015-08-28 10:13:05', 0),
	(1677, 98, 'Stage 17', 22.44, '2015-10-11 14:15:00', '10:26:21', '2015-08-28 10:13:05', '2015-08-28 10:13:05', 0),
	(1678, 99, 'Stage 0', 3.34, '2015-10-18 13:30:00', '10:14:07', '2015-08-28 10:13:05', '2015-08-28 10:13:05', 0),
	(1679, 99, 'Stage 1', 19.70, '2015-10-18 13:45:00', '10:24:47', '2015-08-28 10:13:05', '2015-08-28 10:13:05', 0),
	(1680, 99, 'Stage 2', 7.22, '2015-10-18 14:00:00', '10:17:00', '2015-08-28 10:13:05', '2015-08-28 10:13:05', 0),
	(1681, 99, 'Stage 3', 7.78, '2015-10-18 14:15:00', '10:17:05', '2015-08-28 10:13:05', '2015-08-28 10:13:05', 0),
	(1682, 99, 'Stage 4', 28.89, '2015-10-18 14:30:00', '10:30:26', '2015-08-28 10:13:05', '2015-08-28 10:13:05', 0),
	(1683, 99, 'Stage 5', 23.38, '2015-10-18 14:45:00', '10:25:08', '2015-08-28 10:13:05', '2015-08-28 10:13:05', 0),
	(1684, 99, 'Stage 6', 26.62, '2015-10-18 15:00:00', '10:27:27', '2015-08-28 10:13:05', '2015-08-28 10:13:05', 0),
	(1685, 99, 'Stage 7', 18.78, '2015-10-18 15:15:00', '10:22:17', '2015-08-28 10:13:05', '2015-08-28 10:13:05', 0),
	(1686, 99, 'Stage 8', 29.58, '2015-10-18 15:30:00', '10:31:05', '2015-08-28 10:13:05', '2015-08-28 10:13:05', 0),
	(1687, 99, 'Stage 9', 28.47, '2015-10-18 15:45:00', '10:27:08', '2015-08-28 10:13:05', '2015-08-28 10:13:05', 0),
	(1688, 99, 'Stage 10', 27.52, '2015-10-18 16:00:00', '10:27:08', '2015-08-28 10:13:05', '2015-08-28 10:13:05', 0),
	(1689, 99, 'Stage 11', 16.88, '2015-10-18 16:15:00', '10:22:43', '2015-08-28 10:13:05', '2015-08-28 10:13:05', 0),
	(1690, 99, 'Stage 12', 5.36, '2015-10-18 16:30:00', '10:15:16', '2015-08-28 10:13:05', '2015-08-28 10:13:05', 0),
	(1691, 99, 'Stage 13', 12.54, '2015-10-18 16:45:00', '10:19:06', '2015-08-28 10:13:05', '2015-08-28 10:13:05', 0),
	(1692, 99, 'Stage 14', 25.50, '2015-10-18 17:00:00', '10:27:55', '2015-08-28 10:13:05', '2015-08-28 10:13:05', 0),
	(1693, 99, 'Stage 15', 16.82, '2015-10-18 17:15:00', '10:21:09', '2015-08-28 10:13:05', '2015-08-28 10:13:05', 0),
	(1694, 99, 'Stage 16', 5.49, '2015-10-18 17:30:00', '10:15:06', '2015-08-28 10:13:05', '2015-08-28 10:13:05', 0),
	(1695, 99, 'Stage 17', 3.00, '2015-10-18 17:45:00', '10:14:05', '2015-08-28 10:13:05', '2015-08-28 10:13:05', 0),
	(1696, 100, 'Stage 0', 26.86, '2015-10-25 13:30:00', '10:27:10', '2015-08-28 10:13:05', '2015-08-28 10:13:05', 0),
	(1697, 100, 'Stage 1', 21.28, '2015-10-25 13:45:00', '10:24:14', '2015-08-28 10:13:05', '2015-08-28 10:13:05', 0),
	(1698, 100, 'Stage 2', 4.20, '2015-10-25 14:00:00', '10:15:05', '2015-08-28 10:13:05', '2015-08-28 10:13:05', 0),
	(1699, 100, 'Stage 3', 3.58, '2015-10-25 14:15:00', '10:14:32', '2015-08-28 10:13:05', '2015-08-28 10:13:05', 0),
	(1700, 100, 'Stage 4', 2.37, '2015-10-25 14:30:00', '10:14:05', '2015-08-28 10:13:05', '2015-08-28 10:13:05', 0),
	(1701, 100, 'Stage 5', 10.67, '2015-10-25 14:45:00', '10:18:28', '2015-08-28 10:13:05', '2015-08-28 10:13:05', 0),
	(1702, 100, 'Stage 6', 28.94, '2015-10-25 15:00:00', '10:28:43', '2015-08-28 10:13:05', '2015-08-28 10:13:05', 0),
	(1703, 100, 'Stage 7', 21.04, '2015-10-25 15:15:00', '10:23:48', '2015-08-28 10:13:05', '2015-08-28 10:13:05', 0),
	(1704, 100, 'Stage 8', 18.09, '2015-10-25 15:30:00', '10:22:34', '2015-08-28 10:13:05', '2015-08-28 10:13:05', 0),
	(1705, 100, 'Stage 9', 27.53, '2015-10-25 15:45:00', '10:27:15', '2015-08-28 10:13:05', '2015-08-28 10:13:05', 0),
	(1706, 100, 'Stage 10', 4.93, '2015-10-25 16:00:00', '10:15:45', '2015-08-28 10:13:05', '2015-08-28 10:13:05', 0),
	(1707, 100, 'Stage 11', 13.43, '2015-10-25 16:15:00', '10:20:26', '2015-08-28 10:13:05', '2015-08-28 10:13:05', 0),
	(1708, 100, 'Stage 12', 20.26, '2015-10-25 16:30:00', '10:24:32', '2015-08-28 10:13:05', '2015-08-28 10:13:05', 0),
	(1709, 100, 'Stage 13', 20.11, '2015-10-25 16:45:00', '10:24:22', '2015-08-28 10:13:05', '2015-08-28 10:13:05', 0),
	(1710, 100, 'Stage 14', 15.45, '2015-10-25 17:00:00', '10:21:20', '2015-08-28 10:13:05', '2015-08-28 10:13:05', 0),
	(1711, 100, 'Stage 15', 2.52, '2015-10-25 17:15:00', '10:14:05', '2015-08-28 10:13:05', '2015-08-28 10:13:05', 0),
	(1712, 100, 'Stage 16', 24.83, '2015-10-25 17:30:00', '10:25:34', '2015-08-28 10:13:05', '2015-08-28 10:13:05', 0),
	(1713, 100, 'Stage 17', 28.34, '2015-10-25 17:45:00', '10:29:10', '2015-08-28 10:13:05', '2015-08-28 10:13:05', 0),
	(1714, 101, 'Stage 0', 7.55, '2015-11-01 12:45:00', '10:16:18', '2015-08-28 10:13:05', '2015-08-28 10:13:05', 0),
	(1715, 101, 'Stage 1', 29.25, '2015-11-01 13:00:00', '10:30:56', '2015-08-28 10:13:05', '2015-08-28 10:13:05', 0),
	(1716, 101, 'Stage 2', 9.35, '2015-11-01 13:15:00', '10:18:01', '2015-08-28 10:13:05', '2015-08-28 10:13:05', 0),
	(1717, 101, 'Stage 3', 3.35, '2015-11-01 13:30:00', '10:14:35', '2015-08-28 10:13:05', '2015-08-28 10:13:05', 0),
	(1718, 101, 'Stage 4', 17.47, '2015-11-01 13:45:00', '10:22:33', '2015-08-28 10:13:05', '2015-08-28 10:13:05', 0),
	(1719, 101, 'Stage 5', 18.97, '2015-11-01 14:00:00', '10:22:34', '2015-08-28 10:13:05', '2015-08-28 10:13:05', 0),
	(1720, 101, 'Stage 6', 11.48, '2015-11-01 14:15:00', '10:18:26', '2015-08-28 10:13:05', '2015-08-28 10:13:05', 0),
	(1721, 101, 'Stage 7', 18.70, '2015-11-01 14:30:00', '10:23:09', '2015-08-28 10:13:05', '2015-08-28 10:13:05', 0),
	(1722, 101, 'Stage 8', 17.74, '2015-11-01 14:45:00', '10:22:53', '2015-08-28 10:13:05', '2015-08-28 10:13:05', 0),
	(1723, 101, 'Stage 9', 14.97, '2015-11-01 15:00:00', '10:22:02', '2015-08-28 10:13:05', '2015-08-28 10:13:05', 0),
	(1724, 101, 'Stage 10', 13.00, '2015-11-01 15:15:00', '10:19:59', '2015-08-28 10:13:05', '2015-08-28 10:13:05', 0),
	(1725, 101, 'Stage 11', 5.49, '2015-11-01 15:30:00', '10:15:09', '2015-08-28 10:13:05', '2015-08-28 10:13:05', 0),
	(1726, 101, 'Stage 12', 17.50, '2015-11-01 15:45:00', '10:22:05', '2015-08-28 10:13:05', '2015-08-28 10:13:05', 0),
	(1727, 101, 'Stage 13', 6.30, '2015-11-01 16:00:00', '10:16:05', '2015-08-28 10:13:05', '2015-08-28 10:13:05', 0),
	(1728, 101, 'Stage 14', 10.66, '2015-11-01 16:15:00', '10:19:04', '2015-08-28 10:13:05', '2015-08-28 10:13:05', 0),
	(1729, 101, 'Stage 15', 28.50, '2015-11-01 16:30:00', '10:28:33', '2015-08-28 10:13:05', '2015-08-28 10:13:05', 0),
	(1730, 101, 'Stage 16', 28.93, '2015-11-01 16:45:00', '10:30:19', '2015-08-28 10:13:05', '2015-08-28 10:13:05', 0),
	(1731, 101, 'Stage 17', 25.19, '2015-11-01 17:00:00', '10:27:07', '2015-08-28 10:13:05', '2015-08-28 10:13:05', 0),
	(1732, 102, 'Stage 0', 20.43, '2015-11-08 08:15:00', '10:23:37', '2015-08-28 10:13:05', '2015-08-28 10:13:05', 0),
	(1733, 102, 'Stage 1', 13.82, '2015-11-08 08:30:00', '10:20:25', '2015-08-28 10:13:05', '2015-08-28 10:13:05', 0),
	(1734, 102, 'Stage 2', 10.82, '2015-11-08 08:45:00', '10:18:32', '2015-08-28 10:13:05', '2015-08-28 10:13:05', 0),
	(1735, 102, 'Stage 3', 16.85, '2015-11-08 09:00:00', '10:21:20', '2015-08-28 10:13:05', '2015-08-28 10:13:05', 0),
	(1736, 102, 'Stage 4', 27.08, '2015-11-08 09:15:00', '10:29:16', '2015-08-28 10:13:05', '2015-08-28 10:13:05', 0),
	(1737, 102, 'Stage 5', 9.15, '2015-11-08 09:30:00', '10:17:26', '2015-08-28 10:13:05', '2015-08-28 10:13:05', 0),
	(1738, 102, 'Stage 6', 15.58, '2015-11-08 09:45:00', '10:21:26', '2015-08-28 10:13:05', '2015-08-28 10:13:05', 0),
	(1739, 102, 'Stage 7', 4.41, '2015-11-08 10:00:00', '10:15:05', '2015-08-28 10:13:05', '2015-08-28 10:13:05', 0),
	(1740, 102, 'Stage 8', 21.15, '2015-11-08 10:15:00', '10:25:23', '2015-08-28 10:13:05', '2015-08-28 10:13:05', 0),
	(1741, 102, 'Stage 9', 11.81, '2015-11-08 10:30:00', '10:19:17', '2015-08-28 10:13:05', '2015-08-28 10:13:05', 0),
	(1742, 102, 'Stage 10', 25.01, '2015-11-08 10:45:00', '10:27:49', '2015-08-28 10:13:05', '2015-08-28 10:13:05', 0),
	(1743, 102, 'Stage 11', 28.56, '2015-11-08 11:00:00', '10:29:53', '2015-08-28 10:13:05', '2015-08-28 10:13:05', 0),
	(1744, 102, 'Stage 12', 7.03, '2015-11-08 11:15:00', '10:16:37', '2015-08-28 10:13:05', '2015-08-28 10:13:05', 0),
	(1745, 102, 'Stage 13', 21.69, '2015-11-08 11:30:00', '10:25:25', '2015-08-28 10:13:05', '2015-08-28 10:13:05', 0),
	(1746, 102, 'Stage 14', 7.82, '2015-11-08 11:45:00', '10:17:05', '2015-08-28 10:13:05', '2015-08-28 10:13:05', 0),
	(1747, 102, 'Stage 15', 8.84, '2015-11-08 12:00:00', '10:17:41', '2015-08-28 10:13:05', '2015-08-28 10:13:05', 0),
	(1748, 102, 'Stage 16', 7.88, '2015-11-08 12:15:00', '10:17:05', '2015-08-28 10:13:05', '2015-08-28 10:13:05', 0),
	(1749, 102, 'Stage 17', 27.96, '2015-11-08 12:30:00', '10:28:31', '2015-08-28 10:13:05', '2015-08-28 10:13:05', 0),
	(1750, 103, 'Stage 0', 20.54, '2015-11-15 14:45:00', '10:24:13', '2015-08-28 10:13:05', '2015-08-28 10:13:05', 0),
	(1751, 103, 'Stage 1', 15.80, '2015-11-15 15:00:00', '10:21:08', '2015-08-28 10:13:05', '2015-08-28 10:13:05', 0),
	(1752, 103, 'Stage 2', 14.33, '2015-11-15 15:15:00', '10:21:40', '2015-08-28 10:13:05', '2015-08-28 10:13:05', 0),
	(1753, 103, 'Stage 3', 5.94, '2015-11-15 15:30:00', '10:16:05', '2015-08-28 10:13:05', '2015-08-28 10:13:05', 0),
	(1754, 103, 'Stage 4', 19.49, '2015-11-15 15:45:00', '10:24:41', '2015-08-28 10:13:05', '2015-08-28 10:13:05', 0),
	(1755, 103, 'Stage 5', 18.12, '2015-11-15 16:00:00', '10:23:47', '2015-08-28 10:13:05', '2015-08-28 10:13:05', 0),
	(1756, 103, 'Stage 6', 19.08, '2015-11-15 16:15:00', '10:24:07', '2015-08-28 10:13:05', '2015-08-28 10:13:05', 0),
	(1757, 103, 'Stage 7', 15.66, '2015-11-15 16:30:00', '10:22:02', '2015-08-28 10:13:05', '2015-08-28 10:13:05', 0),
	(1758, 103, 'Stage 8', 12.78, '2015-11-15 16:45:00', '10:20:39', '2015-08-28 10:13:05', '2015-08-28 10:13:05', 0),
	(1759, 103, 'Stage 9', 4.78, '2015-11-15 17:00:00', '10:15:21', '2015-08-28 10:13:05', '2015-08-28 10:13:05', 0),
	(1760, 103, 'Stage 10', 12.06, '2015-11-15 17:15:00', '10:19:20', '2015-08-28 10:13:05', '2015-08-28 10:13:05', 0),
	(1761, 103, 'Stage 11', 18.88, '2015-11-15 17:30:00', '10:23:19', '2015-08-28 10:13:05', '2015-08-28 10:13:05', 0),
	(1762, 103, 'Stage 12', 14.18, '2015-11-15 17:45:00', '10:20:14', '2015-08-28 10:13:05', '2015-08-28 10:13:05', 0),
	(1763, 103, 'Stage 13', 20.61, '2015-11-15 18:00:00', '10:25:48', '2015-08-28 10:13:05', '2015-08-28 10:13:05', 0),
	(1764, 103, 'Stage 14', 26.96, '2015-11-15 18:15:00', '10:27:55', '2015-08-28 10:13:05', '2015-08-28 10:13:05', 0),
	(1765, 103, 'Stage 15', 13.84, '2015-11-15 18:30:00', '10:20:32', '2015-08-28 10:13:05', '2015-08-28 10:13:05', 0),
	(1766, 103, 'Stage 16', 25.47, '2015-11-15 18:45:00', '10:26:17', '2015-08-28 10:13:05', '2015-08-28 10:13:05', 0),
	(1767, 103, 'Stage 17', 3.67, '2015-11-15 19:00:00', '10:14:40', '2015-08-28 10:13:05', '2015-08-28 10:13:05', 0),
	(1768, 104, 'Stage 0', 10.83, '2015-08-30 14:15:00', '09:24:29', '2015-08-30 09:19:23', '2015-08-30 14:15:00', 1),
	(1769, 104, 'Stage 1', 25.57, '2015-08-30 14:30:00', '09:34:27', '2015-08-30 09:19:23', '2015-08-30 14:30:00', 1),
	(1770, 104, 'Stage 2', 10.89, '2015-08-30 14:45:00', '09:25:06', '2015-08-30 09:19:23', '2015-08-30 14:45:01', 1),
	(1771, 104, 'Stage 3', 19.18, '2015-08-30 15:00:00', '09:29:34', '2015-08-30 09:19:23', '2015-08-30 15:00:01', 1),
	(1772, 104, 'Stage 4', 5.13, '2015-08-30 15:15:00', '09:22:06', '2015-08-30 09:19:23', '2015-08-30 15:15:01', 1),
	(1773, 104, 'Stage 5', 7.51, '2015-08-30 15:30:00', '09:22:38', '2015-08-30 09:19:23', '2015-08-30 15:30:00', 1),
	(1774, 104, 'Stage 6', 27.89, '2015-08-30 15:45:00', '09:36:11', '2015-08-30 09:19:23', '2015-08-30 15:45:00', 1),
	(1775, 104, 'Stage 7', 21.19, '2015-08-30 16:00:00', '09:31:44', '2015-08-30 09:19:23', '2015-08-30 16:00:00', 1),
	(1776, 104, 'Stage 8', 25.20, '2015-08-30 16:15:00', '09:33:39', '2015-08-30 09:19:23', '2015-08-30 16:15:00', 1),
	(1777, 104, 'Stage 9', 24.83, '2015-08-30 16:30:00', '09:32:52', '2015-08-30 09:19:23', '2015-08-30 16:30:01', 1),
	(1778, 104, 'Stage 10', 25.79, '2015-08-30 16:45:00', '09:33:25', '2015-08-30 09:19:23', '2015-08-30 16:45:00', 1),
	(1779, 104, 'Stage 11', 3.10, '2015-08-30 17:00:00', '09:20:23', '2015-08-30 09:19:23', '2015-08-30 17:00:01', 1),
	(1780, 104, 'Stage 12', 23.59, '2015-08-30 17:15:00', '09:31:37', '2015-08-30 09:19:23', '2015-08-30 17:15:00', 1),
	(1781, 104, 'Stage 13', 18.20, '2015-08-30 17:30:00', '09:28:37', '2015-08-30 09:19:23', '2015-08-30 17:30:00', 1),
	(1782, 104, 'Stage 14', 28.80, '2015-08-30 17:45:00', '09:34:27', '2015-08-30 09:19:23', '2015-08-30 17:45:00', 1),
	(1783, 104, 'Stage 15', 10.45, '2015-08-30 18:00:00', '09:24:44', '2015-08-30 09:19:23', '2015-08-30 18:00:00', 1),
	(1784, 104, 'Stage 16', 25.39, '2015-08-30 18:15:00', '09:34:51', '2015-08-30 09:19:23', '2015-08-30 18:15:00', 1),
	(1785, 104, 'Stage 17', 18.46, '2015-08-30 18:30:00', '09:29:20', '2015-08-30 09:19:23', '2015-08-30 18:30:01', 1),
	(1786, 105, 'Stage 0', 15.45, '2015-09-06 10:30:00', '09:27:31', '2015-08-30 09:19:23', '2015-08-30 09:19:23', 0),
	(1787, 105, 'Stage 1', 3.79, '2015-09-06 10:45:00', '09:20:57', '2015-08-30 09:19:23', '2015-08-30 09:19:23', 0),
	(1788, 105, 'Stage 2', 13.11, '2015-09-06 11:00:00', '09:26:36', '2015-08-30 09:19:23', '2015-08-30 09:19:23', 0),
	(1789, 105, 'Stage 3', 17.53, '2015-09-06 11:15:00', '09:29:38', '2015-08-30 09:19:23', '2015-08-30 09:19:23', 0),
	(1790, 105, 'Stage 4', 29.35, '2015-09-06 11:30:00', '09:36:40', '2015-08-30 09:19:23', '2015-08-30 09:19:23', 0),
	(1791, 105, 'Stage 5', 23.68, '2015-09-06 11:45:00', '09:31:33', '2015-08-30 09:19:23', '2015-08-30 09:19:23', 0),
	(1792, 105, 'Stage 6', 23.63, '2015-09-06 12:00:00', '09:31:34', '2015-08-30 09:19:23', '2015-08-30 09:19:23', 0),
	(1793, 105, 'Stage 7', 28.53, '2015-09-06 12:15:00', '09:35:06', '2015-08-30 09:19:23', '2015-08-30 09:19:23', 0),
	(1794, 105, 'Stage 8', 9.17, '2015-09-06 12:30:00', '09:24:20', '2015-08-30 09:19:23', '2015-08-30 09:19:23', 0),
	(1795, 105, 'Stage 9', 18.45, '2015-09-06 12:45:00', '09:29:06', '2015-08-30 09:19:23', '2015-08-30 09:19:23', 0),
	(1796, 105, 'Stage 10', 23.51, '2015-09-06 13:00:00', '09:32:51', '2015-08-30 09:19:23', '2015-08-30 09:19:23', 0),
	(1797, 105, 'Stage 11', 25.64, '2015-09-06 13:15:00', '09:35:19', '2015-08-30 09:19:23', '2015-08-30 09:19:23', 0),
	(1798, 105, 'Stage 12', 23.94, '2015-09-06 13:30:00', '09:31:33', '2015-08-30 09:19:23', '2015-08-30 09:19:23', 0),
	(1799, 105, 'Stage 13', 16.07, '2015-09-06 13:45:00', '09:28:35', '2015-08-30 09:19:23', '2015-08-30 09:19:23', 0),
	(1800, 105, 'Stage 14', 28.53, '2015-09-06 14:00:00', '09:35:20', '2015-08-30 09:19:23', '2015-08-30 09:19:23', 0),
	(1801, 105, 'Stage 15', 7.55, '2015-09-06 14:15:00', '09:23:13', '2015-08-30 09:19:23', '2015-08-30 09:19:23', 0),
	(1802, 105, 'Stage 16', 18.02, '2015-09-06 14:30:00', '09:29:51', '2015-08-30 09:19:23', '2015-08-30 09:19:23', 0),
	(1803, 105, 'Stage 17', 29.40, '2015-09-06 14:45:00', '09:34:49', '2015-08-30 09:19:23', '2015-08-30 09:19:23', 0),
	(1804, 106, 'Stage 0', 8.90, '2015-09-13 10:00:00', '09:23:26', '2015-08-30 09:19:23', '2015-08-30 09:19:23', 0),
	(1805, 106, 'Stage 1', 15.83, '2015-09-13 10:15:00', '09:27:31', '2015-08-30 09:19:23', '2015-08-30 09:19:23', 0),
	(1806, 106, 'Stage 2', 25.67, '2015-09-13 10:30:00', '09:33:10', '2015-08-30 09:19:23', '2015-08-30 09:19:23', 0),
	(1807, 106, 'Stage 3', 26.98, '2015-09-13 10:45:00', '09:35:07', '2015-08-30 09:19:23', '2015-08-30 09:19:23', 0),
	(1808, 106, 'Stage 4', 27.56, '2015-09-13 11:00:00', '09:33:24', '2015-08-30 09:19:23', '2015-08-30 09:19:23', 0),
	(1809, 106, 'Stage 5', 12.62, '2015-09-13 11:15:00', '09:25:32', '2015-08-30 09:19:23', '2015-08-30 09:19:23', 0),
	(1810, 106, 'Stage 6', 18.21, '2015-09-13 11:30:00', '09:30:14', '2015-08-30 09:19:23', '2015-08-30 09:19:23', 0),
	(1811, 106, 'Stage 7', 8.48, '2015-09-13 11:45:00', '09:23:46', '2015-08-30 09:19:23', '2015-08-30 09:19:23', 0),
	(1812, 106, 'Stage 8', 20.94, '2015-09-13 12:00:00', '09:31:56', '2015-08-30 09:19:23', '2015-08-30 09:19:23', 0),
	(1813, 106, 'Stage 9', 29.14, '2015-09-13 12:15:00', '09:35:40', '2015-08-30 09:19:23', '2015-08-30 09:19:23', 0),
	(1814, 106, 'Stage 10', 28.13, '2015-09-13 12:30:00', '09:35:31', '2015-08-30 09:19:23', '2015-08-30 09:19:23', 0),
	(1815, 106, 'Stage 11', 7.47, '2015-09-13 12:45:00', '09:23:10', '2015-08-30 09:19:23', '2015-08-30 09:19:23', 0),
	(1816, 106, 'Stage 12', 10.88, '2015-09-13 13:00:00', '09:24:56', '2015-08-30 09:19:23', '2015-08-30 09:19:23', 0),
	(1817, 106, 'Stage 13', 5.17, '2015-09-13 13:15:00', '09:21:30', '2015-08-30 09:19:23', '2015-08-30 09:19:23', 0),
	(1818, 106, 'Stage 14', 27.80, '2015-09-13 13:30:00', '09:34:15', '2015-08-30 09:19:23', '2015-08-30 09:19:23', 0),
	(1819, 106, 'Stage 15', 6.17, '2015-09-13 13:45:00', '09:22:23', '2015-08-30 09:19:23', '2015-08-30 09:19:23', 0),
	(1820, 106, 'Stage 16', 5.57, '2015-09-13 14:00:00', '09:22:22', '2015-08-30 09:19:23', '2015-08-30 09:19:23', 0),
	(1821, 106, 'Stage 17', 25.45, '2015-09-13 14:15:00', '09:35:15', '2015-08-30 09:19:23', '2015-08-30 09:19:23', 0),
	(1822, 107, 'Stage 0', 16.22, '2015-09-20 11:00:00', '09:29:04', '2015-08-30 09:19:23', '2015-08-30 09:19:23', 0),
	(1823, 107, 'Stage 1', 18.88, '2015-09-20 11:15:00', '09:30:23', '2015-08-30 09:19:23', '2015-08-30 09:19:23', 0),
	(1824, 107, 'Stage 2', 20.22, '2015-09-20 11:30:00', '09:30:46', '2015-08-30 09:19:23', '2015-08-30 09:19:23', 0),
	(1825, 107, 'Stage 3', 10.91, '2015-09-20 11:45:00', '09:24:35', '2015-08-30 09:19:23', '2015-08-30 09:19:23', 0),
	(1826, 107, 'Stage 4', 7.62, '2015-09-20 12:00:00', '09:22:41', '2015-08-30 09:19:23', '2015-08-30 09:19:23', 0),
	(1827, 107, 'Stage 5', 23.75, '2015-09-20 12:15:00', '09:32:34', '2015-08-30 09:19:23', '2015-08-30 09:19:23', 0),
	(1828, 107, 'Stage 6', 14.63, '2015-09-20 12:30:00', '09:27:14', '2015-08-30 09:19:23', '2015-08-30 09:19:23', 0),
	(1829, 107, 'Stage 7', 20.36, '2015-09-20 12:45:00', '09:29:58', '2015-08-30 09:19:23', '2015-08-30 09:19:23', 0),
	(1830, 107, 'Stage 8', 23.92, '2015-09-20 13:00:00', '09:33:19', '2015-08-30 09:19:23', '2015-08-30 09:19:23', 0),
	(1831, 107, 'Stage 9', 14.65, '2015-09-20 13:15:00', '09:27:42', '2015-08-30 09:19:23', '2015-08-30 09:19:23', 0),
	(1832, 107, 'Stage 10', 4.19, '2015-09-20 13:30:00', '09:21:23', '2015-08-30 09:19:23', '2015-08-30 09:19:23', 0),
	(1833, 107, 'Stage 11', 24.17, '2015-09-20 13:45:00', '09:33:07', '2015-08-30 09:19:23', '2015-08-30 09:19:23', 0),
	(1834, 107, 'Stage 12', 9.99, '2015-09-20 14:00:00', '09:24:40', '2015-08-30 09:19:23', '2015-08-30 09:19:23', 0),
	(1835, 107, 'Stage 13', 27.79, '2015-09-20 14:15:00', '09:36:03', '2015-08-30 09:19:23', '2015-08-30 09:19:23', 0),
	(1836, 107, 'Stage 14', 23.56, '2015-09-20 14:30:00', '09:32:03', '2015-08-30 09:19:23', '2015-08-30 09:19:23', 0),
	(1837, 107, 'Stage 15', 8.86, '2015-09-20 14:45:00', '09:24:04', '2015-08-30 09:19:23', '2015-08-30 09:19:23', 0),
	(1838, 107, 'Stage 16', 21.94, '2015-09-20 15:00:00', '09:31:00', '2015-08-30 09:19:23', '2015-08-30 09:19:23', 0),
	(1839, 107, 'Stage 17', 11.35, '2015-09-20 15:15:00', '09:25:09', '2015-08-30 09:19:23', '2015-08-30 09:19:23', 0),
	(1840, 108, 'Stage 0', 17.20, '2015-09-27 08:45:00', '09:28:51', '2015-08-30 09:19:23', '2015-08-30 09:19:23', 0),
	(1841, 108, 'Stage 1', 8.71, '2015-09-27 09:00:00', '09:23:51', '2015-08-30 09:19:23', '2015-08-30 09:19:23', 0),
	(1842, 108, 'Stage 2', 14.97, '2015-09-27 09:15:00', '09:26:42', '2015-08-30 09:19:23', '2015-08-30 09:19:23', 0),
	(1843, 108, 'Stage 3', 4.64, '2015-09-27 09:30:00', '09:21:23', '2015-08-30 09:19:23', '2015-08-30 09:19:23', 0),
	(1844, 108, 'Stage 4', 20.51, '2015-09-27 09:45:00', '09:30:58', '2015-08-30 09:19:23', '2015-08-30 09:19:23', 0),
	(1845, 108, 'Stage 5', 17.00, '2015-09-27 10:00:00', '09:27:53', '2015-08-30 09:19:23', '2015-08-30 09:19:23', 0),
	(1846, 108, 'Stage 6', 3.05, '2015-09-27 10:15:00', '09:20:23', '2015-08-30 09:19:23', '2015-08-30 09:19:23', 0),
	(1847, 108, 'Stage 7', 2.68, '2015-09-27 10:30:00', '09:20:23', '2015-08-30 09:19:23', '2015-08-30 09:19:23', 0),
	(1848, 108, 'Stage 8', 13.68, '2015-09-27 10:45:00', '09:26:46', '2015-08-30 09:19:23', '2015-08-30 09:19:23', 0),
	(1849, 108, 'Stage 9', 13.26, '2015-09-27 11:00:00', '09:26:44', '2015-08-30 09:19:23', '2015-08-30 09:19:23', 0),
	(1850, 108, 'Stage 10', 12.89, '2015-09-27 11:15:00', '09:27:05', '2015-08-30 09:19:23', '2015-08-30 09:19:23', 0),
	(1851, 108, 'Stage 11', 29.97, '2015-09-27 11:30:00', '09:36:59', '2015-08-30 09:19:23', '2015-08-30 09:19:23', 0),
	(1852, 108, 'Stage 12', 14.78, '2015-09-27 11:45:00', '09:27:55', '2015-08-30 09:19:23', '2015-08-30 09:19:23', 0),
	(1853, 108, 'Stage 13', 23.32, '2015-09-27 12:00:00', '09:32:49', '2015-08-30 09:19:23', '2015-08-30 09:19:23', 0),
	(1854, 108, 'Stage 14', 22.68, '2015-09-27 12:15:00', '09:31:21', '2015-08-30 09:19:23', '2015-08-30 09:19:23', 0),
	(1855, 108, 'Stage 15', 11.20, '2015-09-27 12:30:00', '09:25:57', '2015-08-30 09:19:23', '2015-08-30 09:19:23', 0),
	(1856, 108, 'Stage 16', 16.63, '2015-09-27 12:45:00', '09:29:08', '2015-08-30 09:19:23', '2015-08-30 09:19:23', 0),
	(1857, 108, 'Stage 17', 5.25, '2015-09-27 13:00:00', '09:21:40', '2015-08-30 09:19:23', '2015-08-30 09:19:23', 0),
	(1858, 109, 'Stage 0', 19.14, '2015-10-04 08:30:00', '09:31:22', '2015-08-30 09:19:23', '2015-08-30 09:19:23', 0),
	(1859, 109, 'Stage 1', 28.53, '2015-10-04 08:45:00', '09:34:32', '2015-08-30 09:19:23', '2015-08-30 09:19:23', 0),
	(1860, 109, 'Stage 2', 7.23, '2015-10-04 09:00:00', '09:22:31', '2015-08-30 09:19:23', '2015-08-30 09:19:23', 0),
	(1861, 109, 'Stage 3', 22.86, '2015-10-04 09:15:00', '09:32:49', '2015-08-30 09:19:23', '2015-08-30 09:19:23', 0),
	(1862, 109, 'Stage 4', 17.37, '2015-10-04 09:30:00', '09:28:56', '2015-08-30 09:19:23', '2015-08-30 09:19:23', 0),
	(1863, 109, 'Stage 5', 17.18, '2015-10-04 09:45:00', '09:27:46', '2015-08-30 09:19:23', '2015-08-30 09:19:23', 0),
	(1864, 109, 'Stage 6', 14.53, '2015-10-04 10:00:00', '09:26:47', '2015-08-30 09:19:23', '2015-08-30 09:19:23', 0),
	(1865, 109, 'Stage 7', 20.49, '2015-10-04 10:15:00', '09:29:49', '2015-08-30 09:19:23', '2015-08-30 09:19:23', 0),
	(1866, 109, 'Stage 8', 2.09, '2015-10-04 10:30:00', '09:20:23', '2015-08-30 09:19:23', '2015-08-30 09:19:23', 0),
	(1867, 109, 'Stage 9', 6.07, '2015-10-04 10:45:00', '09:22:23', '2015-08-30 09:19:23', '2015-08-30 09:19:23', 0),
	(1868, 109, 'Stage 10', 4.00, '2015-10-04 11:00:00', '09:21:23', '2015-08-30 09:19:23', '2015-08-30 09:19:23', 0),
	(1869, 109, 'Stage 11', 7.48, '2015-10-04 11:15:00', '09:22:24', '2015-08-30 09:19:23', '2015-08-30 09:19:23', 0),
	(1870, 109, 'Stage 12', 7.80, '2015-10-04 11:30:00', '09:23:23', '2015-08-30 09:19:23', '2015-08-30 09:19:23', 0),
	(1871, 109, 'Stage 13', 27.26, '2015-10-04 11:45:00', '09:35:40', '2015-08-30 09:19:23', '2015-08-30 09:19:23', 0),
	(1872, 109, 'Stage 14', 25.90, '2015-10-04 12:00:00', '09:32:53', '2015-08-30 09:19:23', '2015-08-30 09:19:23', 0),
	(1873, 109, 'Stage 15', 8.96, '2015-10-04 12:15:00', '09:23:49', '2015-08-30 09:19:23', '2015-08-30 09:19:23', 0),
	(1874, 109, 'Stage 16', 4.40, '2015-10-04 12:30:00', '09:21:23', '2015-08-30 09:19:23', '2015-08-30 09:19:23', 0),
	(1875, 109, 'Stage 17', 3.72, '2015-10-04 12:45:00', '09:20:47', '2015-08-30 09:19:23', '2015-08-30 09:19:23', 0),
	(1876, 110, 'Stage 0', 18.72, '2015-10-11 09:45:00', '09:29:17', '2015-08-30 09:19:23', '2015-08-30 09:19:23', 0),
	(1877, 110, 'Stage 1', 21.78, '2015-10-11 10:00:00', '09:31:28', '2015-08-30 09:19:23', '2015-08-30 09:19:23', 0),
	(1878, 110, 'Stage 2', 25.53, '2015-10-11 10:15:00', '09:32:41', '2015-08-30 09:19:23', '2015-08-30 09:19:23', 0),
	(1879, 110, 'Stage 3', 5.14, '2015-10-11 10:30:00', '09:21:44', '2015-08-30 09:19:23', '2015-08-30 09:19:23', 0),
	(1880, 110, 'Stage 4', 12.93, '2015-10-11 10:45:00', '09:25:48', '2015-08-30 09:19:23', '2015-08-30 09:19:23', 0),
	(1881, 110, 'Stage 5', 24.48, '2015-10-11 11:00:00', '09:33:47', '2015-08-30 09:19:23', '2015-08-30 09:19:23', 0),
	(1882, 110, 'Stage 6', 14.65, '2015-10-11 11:15:00', '09:28:00', '2015-08-30 09:19:23', '2015-08-30 09:19:23', 0),
	(1883, 110, 'Stage 7', 18.68, '2015-10-11 11:30:00', '09:28:28', '2015-08-30 09:19:23', '2015-08-30 09:19:23', 0),
	(1884, 110, 'Stage 8', 5.48, '2015-10-11 11:45:00', '09:22:12', '2015-08-30 09:19:23', '2015-08-30 09:19:23', 0),
	(1885, 110, 'Stage 9', 28.48, '2015-10-11 12:00:00', '09:34:14', '2015-08-30 09:19:23', '2015-08-30 09:19:23', 0),
	(1886, 110, 'Stage 10', 11.88, '2015-10-11 12:15:00', '09:26:10', '2015-08-30 09:19:23', '2015-08-30 09:19:23', 0),
	(1887, 110, 'Stage 11', 21.66, '2015-10-11 12:30:00', '09:32:18', '2015-08-30 09:19:23', '2015-08-30 09:19:23', 0),
	(1888, 110, 'Stage 12', 9.02, '2015-10-11 12:45:00', '09:23:26', '2015-08-30 09:19:23', '2015-08-30 09:19:23', 0),
	(1889, 110, 'Stage 13', 26.23, '2015-10-11 13:00:00', '09:32:36', '2015-08-30 09:19:23', '2015-08-30 09:19:23', 0),
	(1890, 110, 'Stage 14', 13.62, '2015-10-11 13:15:00', '09:26:59', '2015-08-30 09:19:23', '2015-08-30 09:19:23', 0),
	(1891, 110, 'Stage 15', 9.28, '2015-10-11 13:30:00', '09:24:07', '2015-08-30 09:19:23', '2015-08-30 09:19:23', 0),
	(1892, 110, 'Stage 16', 24.76, '2015-10-11 13:45:00', '09:33:55', '2015-08-30 09:19:23', '2015-08-30 09:19:23', 0),
	(1893, 110, 'Stage 17', 23.50, '2015-10-11 14:00:00', '09:32:26', '2015-08-30 09:19:23', '2015-08-30 09:19:23', 0),
	(1894, 111, 'Stage 0', 23.46, '2015-10-18 14:30:00', '09:32:54', '2015-08-30 09:19:23', '2015-08-30 09:19:23', 0),
	(1895, 111, 'Stage 1', 25.94, '2015-10-18 14:45:00', '09:33:11', '2015-08-30 09:19:23', '2015-08-30 09:19:23', 0),
	(1896, 111, 'Stage 2', 15.68, '2015-10-18 15:00:00', '09:27:29', '2015-08-30 09:19:23', '2015-08-30 09:19:23', 0),
	(1897, 111, 'Stage 3', 10.07, '2015-10-18 15:15:00', '09:25:22', '2015-08-30 09:19:23', '2015-08-30 09:19:23', 0),
	(1898, 111, 'Stage 4', 29.19, '2015-10-18 15:30:00', '09:35:03', '2015-08-30 09:19:23', '2015-08-30 09:19:23', 0),
	(1899, 111, 'Stage 5', 6.86, '2015-10-18 15:45:00', '09:22:52', '2015-08-30 09:19:23', '2015-08-30 09:19:23', 0),
	(1900, 111, 'Stage 6', 16.54, '2015-10-18 16:00:00', '09:28:45', '2015-08-30 09:19:23', '2015-08-30 09:19:23', 0),
	(1901, 111, 'Stage 7', 24.19, '2015-10-18 16:15:00', '09:32:20', '2015-08-30 09:19:23', '2015-08-30 09:19:23', 0),
	(1902, 111, 'Stage 8', 10.00, '2015-10-18 16:30:00', '09:24:51', '2015-08-30 09:19:23', '2015-08-30 09:19:23', 0),
	(1903, 111, 'Stage 9', 9.27, '2015-10-18 16:45:00', '09:24:14', '2015-08-30 09:19:23', '2015-08-30 09:19:23', 0),
	(1904, 111, 'Stage 10', 25.71, '2015-10-18 17:00:00', '09:34:33', '2015-08-30 09:19:23', '2015-08-30 09:19:23', 0),
	(1905, 111, 'Stage 11', 13.70, '2015-10-18 17:15:00', '09:26:48', '2015-08-30 09:19:23', '2015-08-30 09:19:23', 0),
	(1906, 111, 'Stage 12', 14.27, '2015-10-18 17:30:00', '09:26:39', '2015-08-30 09:19:23', '2015-08-30 09:19:23', 0),
	(1907, 111, 'Stage 13', 16.31, '2015-10-18 17:45:00', '09:28:00', '2015-08-30 09:19:23', '2015-08-30 09:19:23', 0),
	(1908, 111, 'Stage 14', 21.99, '2015-10-18 18:00:00', '09:32:02', '2015-08-30 09:19:23', '2015-08-30 09:19:23', 0),
	(1909, 111, 'Stage 15', 12.43, '2015-10-18 18:15:00', '09:25:30', '2015-08-30 09:19:23', '2015-08-30 09:19:23', 0),
	(1910, 111, 'Stage 16', 3.21, '2015-10-18 18:30:00', '09:20:23', '2015-08-30 09:19:23', '2015-08-30 09:19:23', 0),
	(1911, 111, 'Stage 17', 5.58, '2015-10-18 18:45:00', '09:21:59', '2015-08-30 09:19:23', '2015-08-30 09:19:23', 0),
	(1912, 112, 'Stage 0', 9.26, '2015-10-25 09:15:00', '09:24:06', '2015-08-30 09:19:23', '2015-08-30 09:19:23', 0),
	(1913, 112, 'Stage 1', 19.31, '2015-10-25 09:30:00', '09:30:35', '2015-08-30 09:19:23', '2015-08-30 09:19:23', 0),
	(1914, 112, 'Stage 2', 16.70, '2015-10-25 09:45:00', '09:28:25', '2015-08-30 09:19:23', '2015-08-30 09:19:23', 0),
	(1915, 112, 'Stage 3', 21.47, '2015-10-25 10:00:00', '09:32:06', '2015-08-30 09:19:23', '2015-08-30 09:19:23', 0),
	(1916, 112, 'Stage 4', 17.56, '2015-10-25 10:15:00', '09:29:22', '2015-08-30 09:19:23', '2015-08-30 09:19:23', 0),
	(1917, 112, 'Stage 5', 28.16, '2015-10-25 10:30:00', '09:34:35', '2015-08-30 09:19:23', '2015-08-30 09:19:23', 0),
	(1918, 112, 'Stage 6', 9.44, '2015-10-25 10:45:00', '09:23:45', '2015-08-30 09:19:23', '2015-08-30 09:19:23', 0),
	(1919, 112, 'Stage 7', 3.67, '2015-10-25 11:00:00', '09:20:39', '2015-08-30 09:19:23', '2015-08-30 09:19:23', 0),
	(1920, 112, 'Stage 8', 23.38, '2015-10-25 11:15:00', '09:32:12', '2015-08-30 09:19:23', '2015-08-30 09:19:23', 0),
	(1921, 112, 'Stage 9', 26.37, '2015-10-25 11:30:00', '09:33:49', '2015-08-30 09:19:23', '2015-08-30 09:19:23', 0),
	(1922, 112, 'Stage 10', 16.70, '2015-10-25 11:45:00', '09:27:38', '2015-08-30 09:19:23', '2015-08-30 09:19:23', 0),
	(1923, 112, 'Stage 11', 13.40, '2015-10-25 12:00:00', '09:25:30', '2015-08-30 09:19:23', '2015-08-30 09:19:23', 0),
	(1924, 112, 'Stage 12', 14.12, '2015-10-25 12:15:00', '09:26:30', '2015-08-30 09:19:23', '2015-08-30 09:19:23', 0),
	(1925, 112, 'Stage 13', 4.01, '2015-10-25 12:30:00', '09:21:23', '2015-08-30 09:19:23', '2015-08-30 09:19:23', 0),
	(1926, 112, 'Stage 14', 28.46, '2015-10-25 12:45:00', '09:34:17', '2015-08-30 09:19:23', '2015-08-30 09:19:23', 0),
	(1927, 112, 'Stage 15', 11.94, '2015-10-25 13:00:00', '09:25:42', '2015-08-30 09:19:23', '2015-08-30 09:19:23', 0),
	(1928, 112, 'Stage 16', 19.82, '2015-10-25 13:15:00', '09:31:11', '2015-08-30 09:19:23', '2015-08-30 09:19:23', 0),
	(1929, 112, 'Stage 17', 24.39, '2015-10-25 13:30:00', '09:32:57', '2015-08-30 09:19:23', '2015-08-30 09:19:23', 0),
	(1930, 113, 'Stage 0', 9.65, '2015-11-01 11:30:00', '09:24:50', '2015-08-30 09:19:23', '2015-08-30 09:19:23', 0),
	(1931, 113, 'Stage 1', 4.40, '2015-11-01 11:45:00', '09:21:23', '2015-08-30 09:19:23', '2015-08-30 09:19:23', 0),
	(1932, 113, 'Stage 2', 13.98, '2015-11-01 12:00:00', '09:26:37', '2015-08-30 09:19:23', '2015-08-30 09:19:23', 0),
	(1933, 113, 'Stage 3', 18.46, '2015-11-01 12:15:00', '09:28:50', '2015-08-30 09:19:23', '2015-08-30 09:19:23', 0),
	(1934, 113, 'Stage 4', 26.71, '2015-11-01 12:30:00', '09:34:47', '2015-08-30 09:19:23', '2015-08-30 09:19:23', 0),
	(1935, 113, 'Stage 5', 28.04, '2015-11-01 12:45:00', '09:35:03', '2015-08-30 09:19:23', '2015-08-30 09:19:23', 0),
	(1936, 113, 'Stage 6', 28.50, '2015-11-01 13:00:00', '09:37:02', '2015-08-30 09:19:23', '2015-08-30 09:19:23', 0),
	(1937, 113, 'Stage 7', 22.35, '2015-11-01 13:15:00', '09:31:50', '2015-08-30 09:19:23', '2015-08-30 09:19:23', 0),
	(1938, 113, 'Stage 8', 10.71, '2015-11-01 13:30:00', '09:25:21', '2015-08-30 09:19:23', '2015-08-30 09:19:23', 0),
	(1939, 113, 'Stage 9', 7.47, '2015-11-01 13:45:00', '09:22:57', '2015-08-30 09:19:23', '2015-08-30 09:19:23', 0),
	(1940, 113, 'Stage 10', 17.01, '2015-11-01 14:00:00', '09:28:28', '2015-08-30 09:19:23', '2015-08-30 09:19:23', 0),
	(1941, 113, 'Stage 11', 23.57, '2015-11-01 14:15:00', '09:31:35', '2015-08-30 09:19:23', '2015-08-30 09:19:23', 0),
	(1942, 113, 'Stage 12', 21.94, '2015-11-01 14:30:00', '09:31:17', '2015-08-30 09:19:23', '2015-08-30 09:19:23', 0),
	(1943, 113, 'Stage 13', 21.71, '2015-11-01 14:45:00', '09:31:00', '2015-08-30 09:19:23', '2015-08-30 09:19:23', 0),
	(1944, 113, 'Stage 14', 11.39, '2015-11-01 15:00:00', '09:24:39', '2015-08-30 09:19:23', '2015-08-30 09:19:23', 0),
	(1945, 113, 'Stage 15', 4.96, '2015-11-01 15:15:00', '09:21:29', '2015-08-30 09:19:23', '2015-08-30 09:19:23', 0),
	(1946, 113, 'Stage 16', 2.65, '2015-11-01 15:30:00', '09:20:23', '2015-08-30 09:19:23', '2015-08-30 09:19:23', 0),
	(1947, 113, 'Stage 17', 26.69, '2015-11-01 15:45:00', '09:33:02', '2015-08-30 09:19:23', '2015-08-30 09:19:23', 0),
	(1948, 114, 'Stage 0', 18.72, '2015-11-08 10:45:00', '09:29:44', '2015-08-30 09:19:23', '2015-08-30 09:19:23', 0),
	(1949, 114, 'Stage 1', 10.74, '2015-11-08 11:00:00', '09:24:24', '2015-08-30 09:19:23', '2015-08-30 09:19:23', 0),
	(1950, 114, 'Stage 2', 19.29, '2015-11-08 11:15:00', '09:30:54', '2015-08-30 09:19:23', '2015-08-30 09:19:23', 0),
	(1951, 114, 'Stage 3', 7.28, '2015-11-08 11:30:00', '09:22:55', '2015-08-30 09:19:23', '2015-08-30 09:19:23', 0),
	(1952, 114, 'Stage 4', 14.14, '2015-11-08 11:45:00', '09:27:04', '2015-08-30 09:19:23', '2015-08-30 09:19:23', 0),
	(1953, 114, 'Stage 5', 6.82, '2015-11-08 12:00:00', '09:23:16', '2015-08-30 09:19:23', '2015-08-30 09:19:23', 0),
	(1954, 114, 'Stage 6', 23.04, '2015-11-08 12:15:00', '09:31:34', '2015-08-30 09:19:23', '2015-08-30 09:19:23', 0),
	(1955, 114, 'Stage 7', 22.25, '2015-11-08 12:30:00', '09:32:41', '2015-08-30 09:19:23', '2015-08-30 09:19:23', 0),
	(1956, 114, 'Stage 8', 14.43, '2015-11-08 12:45:00', '09:26:50', '2015-08-30 09:19:23', '2015-08-30 09:19:23', 0),
	(1957, 114, 'Stage 9', 22.66, '2015-11-08 13:00:00', '09:32:46', '2015-08-30 09:19:23', '2015-08-30 09:19:23', 0),
	(1958, 114, 'Stage 10', 7.86, '2015-11-08 13:15:00', '09:23:23', '2015-08-30 09:19:23', '2015-08-30 09:19:23', 0),
	(1959, 114, 'Stage 11', 28.04, '2015-11-08 13:30:00', '09:34:55', '2015-08-30 09:19:23', '2015-08-30 09:19:23', 0),
	(1960, 114, 'Stage 12', 26.11, '2015-11-08 13:45:00', '09:32:37', '2015-08-30 09:19:23', '2015-08-30 09:19:23', 0),
	(1961, 114, 'Stage 13', 4.26, '2015-11-08 14:00:00', '09:21:23', '2015-08-30 09:19:23', '2015-08-30 09:19:23', 0),
	(1962, 114, 'Stage 14', 20.28, '2015-11-08 14:15:00', '09:29:38', '2015-08-30 09:19:23', '2015-08-30 09:19:23', 0),
	(1963, 114, 'Stage 15', 6.59, '2015-11-08 14:30:00', '09:23:10', '2015-08-30 09:19:23', '2015-08-30 09:19:23', 0),
	(1964, 114, 'Stage 16', 6.59, '2015-11-08 14:45:00', '09:23:18', '2015-08-30 09:19:23', '2015-08-30 09:19:23', 0),
	(1965, 114, 'Stage 17', 18.57, '2015-11-08 15:00:00', '09:28:28', '2015-08-30 09:19:23', '2015-08-30 09:19:23', 0),
	(1966, 115, 'Stage 0', 23.00, '2015-11-15 10:45:00', '09:31:23', '2015-08-30 09:19:23', '2015-08-30 09:19:23', 0),
	(1967, 115, 'Stage 1', 2.65, '2015-11-15 11:00:00', '09:20:23', '2015-08-30 09:19:23', '2015-08-30 09:19:23', 0),
	(1968, 115, 'Stage 2', 18.34, '2015-11-15 11:15:00', '09:28:44', '2015-08-30 09:19:23', '2015-08-30 09:19:23', 0),
	(1969, 115, 'Stage 3', 15.55, '2015-11-15 11:30:00', '09:27:24', '2015-08-30 09:19:23', '2015-08-30 09:19:23', 0),
	(1970, 115, 'Stage 4', 12.23, '2015-11-15 11:45:00', '09:25:40', '2015-08-30 09:19:23', '2015-08-30 09:19:23', 0),
	(1971, 115, 'Stage 5', 25.21, '2015-11-15 12:00:00', '09:32:27', '2015-08-30 09:19:23', '2015-08-30 09:19:23', 0),
	(1972, 115, 'Stage 6', 29.59, '2015-11-15 12:15:00', '09:35:53', '2015-08-30 09:19:23', '2015-08-30 09:19:23', 0),
	(1973, 115, 'Stage 7', 27.76, '2015-11-15 12:30:00', '09:34:47', '2015-08-30 09:19:23', '2015-08-30 09:19:23', 0),
	(1974, 115, 'Stage 8', 8.22, '2015-11-15 12:45:00', '09:24:19', '2015-08-30 09:19:23', '2015-08-30 09:19:23', 0),
	(1975, 115, 'Stage 9', 27.02, '2015-11-15 13:00:00', '09:35:18', '2015-08-30 09:19:23', '2015-08-30 09:19:23', 0),
	(1976, 115, 'Stage 10', 24.17, '2015-11-15 13:15:00', '09:31:43', '2015-08-30 09:19:23', '2015-08-30 09:19:23', 0),
	(1977, 115, 'Stage 11', 29.35, '2015-11-15 13:30:00', '09:34:55', '2015-08-30 09:19:23', '2015-08-30 09:19:23', 0),
	(1978, 115, 'Stage 12', 8.81, '2015-11-15 13:45:00', '09:24:22', '2015-08-30 09:19:23', '2015-08-30 09:19:23', 0),
	(1979, 115, 'Stage 13', 15.35, '2015-11-15 14:00:00', '09:28:02', '2015-08-30 09:19:23', '2015-08-30 09:19:23', 0),
	(1980, 115, 'Stage 14', 29.58, '2015-11-15 14:15:00', '09:37:20', '2015-08-30 09:19:23', '2015-08-30 09:19:23', 0),
	(1981, 115, 'Stage 15', 27.90, '2015-11-15 14:30:00', '09:34:15', '2015-08-30 09:19:23', '2015-08-30 09:19:23', 0),
	(1982, 115, 'Stage 16', 7.51, '2015-11-15 14:45:00', '09:23:11', '2015-08-30 09:19:23', '2015-08-30 09:19:23', 0),
	(1983, 115, 'Stage 17', 26.67, '2015-11-15 15:00:00', '09:34:08', '2015-08-30 09:19:23', '2015-08-30 09:19:23', 0),
	(1984, 116, 'Stage 1', 26.98, '2015-09-02 14:00:00', '10:28:25', '2015-09-01 10:14:09', '2015-09-01 10:14:09', 0),
	(1985, 116, 'Stage 2', 19.03, '2015-09-02 14:15:00', '10:23:32', '2015-09-01 10:14:09', '2015-09-01 10:14:09', 0),
	(1986, 116, 'Stage 3', 29.25, '2015-09-02 14:30:00', '10:31:52', '2015-09-01 10:14:09', '2015-09-01 10:14:09', 0),
	(1987, 116, 'Stage 4', 24.75, '2015-09-02 14:45:00', '10:26:49', '2015-09-01 10:14:09', '2015-09-01 10:14:09', 0),
	(1988, 116, 'Stage 5', 20.48, '2015-09-02 15:00:00', '10:24:43', '2015-09-01 10:14:09', '2015-09-01 10:14:09', 0),
	(1989, 116, 'Stage 6', 21.91, '2015-09-02 15:15:00', '10:26:10', '2015-09-01 10:14:09', '2015-09-01 10:14:09', 0),
	(1990, 116, 'Stage 7', 18.71, '2015-09-02 15:30:00', '10:23:43', '2015-09-01 10:14:09', '2015-09-01 10:14:09', 0),
	(1991, 116, 'Stage 8', 20.88, '2015-09-02 15:45:00', '10:26:41', '2015-09-01 10:14:09', '2015-09-01 10:14:09', 0),
	(1992, 116, 'Stage 9', 11.38, '2015-09-02 16:00:00', '10:20:50', '2015-09-01 10:14:09', '2015-09-01 10:14:09', 0),
	(1993, 116, 'Stage 10', 12.23, '2015-09-02 16:15:00', '10:20:43', '2015-09-01 10:14:09', '2015-09-01 10:14:09', 0),
	(1994, 116, 'Stage 11', 20.31, '2015-09-02 16:30:00', '10:26:02', '2015-09-01 10:14:09', '2015-09-01 10:14:09', 0),
	(1995, 116, 'Stage 12', 2.37, '2015-09-02 16:45:00', '10:15:09', '2015-09-01 10:14:09', '2015-09-01 10:14:09', 0),
	(1996, 116, 'Stage 13', 13.52, '2015-09-02 17:00:00', '10:21:42', '2015-09-01 10:14:09', '2015-09-01 10:14:09', 0),
	(1997, 116, 'Stage 14', 17.51, '2015-09-02 17:15:00', '10:24:45', '2015-09-01 10:14:09', '2015-09-01 10:14:09', 0),
	(1998, 116, 'Stage 15', 10.51, '2015-09-02 17:30:00', '10:19:52', '2015-09-01 10:14:09', '2015-09-01 10:14:09', 0),
	(1999, 116, 'Stage 16', 10.28, '2015-09-02 17:45:00', '10:20:00', '2015-09-01 10:14:09', '2015-09-01 10:14:09', 0),
	(2000, 116, 'Stage 17', 4.61, '2015-09-02 18:00:00', '10:16:09', '2015-09-01 10:14:09', '2015-09-01 10:14:09', 0),
	(2001, 116, 'Stage 18', 26.38, '2015-09-02 18:15:00', '10:27:57', '2015-09-01 10:14:09', '2015-09-01 10:14:09', 0);
/*!40000 ALTER TABLE `rally_stage` ENABLE KEYS */;


-- Dumping structure for table switkrze_rally.rally_stage_result
DROP TABLE IF EXISTS `rally_stage_result`;
CREATE TABLE IF NOT EXISTS `rally_stage_result` (
  `id` int(11) NOT NULL AUTO_INCREMENT,
  `stage_id` int(11) DEFAULT NULL,
  `crew_id` varchar(255) DEFAULT NULL,
  `base_time` time DEFAULT NULL,
  `random_factor` decimal(4,2) DEFAULT NULL,
  `accident_id` int(11) DEFAULT NULL,
  `accident_random_factor` decimal(4,2) DEFAULT NULL,
  `out_of_race` tinyint(1) NOT NULL DEFAULT '0',
  `created_at` datetime NOT NULL,
  `updated_at` datetime NOT NULL,
  PRIMARY KEY (`id`),
  KEY `stage_id_idx` (`stage_id`),
  KEY `accident_id_idx` (`accident_id`),
  KEY `rally_stage_result_crew_id_rally_crew_id` (`crew_id`)
) ENGINE=MyISAM AUTO_INCREMENT=679 DEFAULT CHARSET=utf8;

-- Dumping data for table switkrze_rally.rally_stage_result: 615 rows
DELETE FROM `rally_stage_result`;
/*!40000 ALTER TABLE `rally_stage_result` DISABLE KEYS */;
INSERT INTO `rally_stage_result` (`id`, `stage_id`, `crew_id`, `base_time`, `random_factor`, `accident_id`, `accident_random_factor`, `out_of_race`, `created_at`, `updated_at`) VALUES
	(1, 1, '1', '00:15:57', NULL, NULL, NULL, 0, '2015-08-27 09:00:01', '2015-08-27 09:00:01'),
	(2, 1, '2', '00:17:27', NULL, NULL, NULL, 0, '2015-08-27 09:00:01', '2015-08-27 09:00:01'),
	(3, 1, '3', '00:14:55', NULL, NULL, NULL, 0, '2015-08-27 09:00:01', '2015-08-27 09:00:01'),
	(4, 1, '4', '00:15:29', NULL, NULL, NULL, 0, '2015-08-27 09:00:01', '2015-08-27 09:00:01'),
	(5, 1, '5', '00:15:22', NULL, NULL, NULL, 0, '2015-08-27 09:00:01', '2015-08-27 09:00:01'),
	(6, 1, '10', '00:13:54', NULL, NULL, NULL, 0, '2015-08-27 09:00:01', '2015-08-27 09:00:01'),
	(7, 1, '11', '00:16:22', NULL, NULL, NULL, 0, '2015-08-27 09:00:01', '2015-08-27 09:00:01'),
	(8, 1, '12', '00:16:00', NULL, NULL, NULL, 0, '2015-08-27 09:00:01', '2015-08-27 09:00:01'),
	(9, 1, '17', '00:18:49', NULL, NULL, NULL, 0, '2015-08-27 09:00:01', '2015-08-27 09:00:01'),
	(10, 1, '18', '00:17:40', NULL, NULL, NULL, 0, '2015-08-27 09:00:01', '2015-08-27 09:00:01'),
	(11, 2, '1', '00:15:58', NULL, NULL, NULL, 0, '2015-08-27 09:15:01', '2015-08-27 09:15:01'),
	(12, 2, '2', '00:17:51', NULL, NULL, NULL, 0, '2015-08-27 09:15:01', '2015-08-27 09:15:01'),
	(13, 2, '3', '00:14:47', NULL, NULL, NULL, 0, '2015-08-27 09:15:01', '2015-08-27 09:15:01'),
	(14, 2, '4', '00:13:25', NULL, NULL, NULL, 0, '2015-08-27 09:15:01', '2015-08-27 09:15:01'),
	(15, 2, '5', '00:17:02', NULL, NULL, NULL, 0, '2015-08-27 09:15:01', '2015-08-27 09:15:01'),
	(16, 2, '10', '00:13:03', NULL, NULL, NULL, 0, '2015-08-27 09:15:01', '2015-08-27 09:15:01'),
	(17, 2, '11', '00:16:14', NULL, NULL, NULL, 0, '2015-08-27 09:15:01', '2015-08-27 09:15:01'),
	(18, 2, '12', '00:15:02', NULL, NULL, NULL, 0, '2015-08-27 09:15:01', '2015-08-27 09:15:01'),
	(19, 2, '17', '00:18:40', NULL, NULL, NULL, 0, '2015-08-27 09:15:01', '2015-08-27 09:15:01'),
	(20, 2, '18', '00:16:18', NULL, NULL, NULL, 0, '2015-08-27 09:15:01', '2015-08-27 09:15:01'),
	(21, 3, '1', '00:00:00', NULL, NULL, NULL, 0, '2015-08-27 09:30:00', '2015-08-27 09:30:00'),
	(22, 3, '2', '00:00:00', NULL, NULL, NULL, 0, '2015-08-27 09:30:00', '2015-08-27 09:30:00'),
	(23, 3, '3', '00:00:00', NULL, NULL, NULL, 0, '2015-08-27 09:30:00', '2015-08-27 09:30:00'),
	(24, 3, '4', '00:00:00', NULL, NULL, NULL, 0, '2015-08-27 09:30:00', '2015-08-27 09:30:00'),
	(25, 3, '5', '00:00:00', NULL, NULL, NULL, 0, '2015-08-27 09:30:00', '2015-08-27 09:30:00'),
	(26, 3, '10', '00:00:00', NULL, NULL, NULL, 0, '2015-08-27 09:30:00', '2015-08-27 09:30:00'),
	(27, 3, '11', '00:00:00', NULL, NULL, NULL, 0, '2015-08-27 09:30:00', '2015-08-27 09:30:00'),
	(28, 3, '12', '00:00:00', NULL, NULL, NULL, 0, '2015-08-27 09:30:00', '2015-08-27 09:30:00'),
	(29, 3, '17', '00:00:00', NULL, NULL, NULL, 0, '2015-08-27 09:30:00', '2015-08-27 09:30:00'),
	(30, 3, '18', '00:00:00', NULL, NULL, NULL, 0, '2015-08-27 09:30:00', '2015-08-27 09:30:00'),
	(31, 4, '1', '00:19:38', NULL, NULL, NULL, 0, '2015-08-27 09:45:01', '2015-08-27 09:45:01'),
	(32, 4, '2', '00:23:07', NULL, NULL, NULL, 0, '2015-08-27 09:45:01', '2015-08-27 09:45:01'),
	(33, 4, '3', '00:18:31', NULL, NULL, NULL, 0, '2015-08-27 09:45:01', '2015-08-27 09:45:01'),
	(34, 4, '4', '00:18:35', NULL, NULL, NULL, 0, '2015-08-27 09:45:01', '2015-08-27 09:45:01'),
	(35, 4, '5', '00:19:08', NULL, NULL, NULL, 0, '2015-08-27 09:45:01', '2015-08-27 09:45:01'),
	(36, 4, '10', '00:16:17', NULL, NULL, NULL, 0, '2015-08-27 09:45:01', '2015-08-27 09:45:01'),
	(37, 4, '11', '00:19:30', NULL, NULL, NULL, 0, '2015-08-27 09:45:01', '2015-08-27 09:45:01'),
	(38, 4, '12', '00:19:11', NULL, NULL, NULL, 0, '2015-08-27 09:45:01', '2015-08-27 09:45:01'),
	(39, 4, '17', '00:22:24', NULL, NULL, NULL, 0, '2015-08-27 09:45:01', '2015-08-27 09:45:01'),
	(40, 4, '18', '00:20:02', NULL, NULL, NULL, 0, '2015-08-27 09:45:01', '2015-08-27 09:45:01'),
	(41, 5, '1', '00:00:00', NULL, NULL, NULL, 0, '2015-08-27 10:00:01', '2015-08-27 10:00:01'),
	(42, 5, '2', '00:00:00', NULL, NULL, NULL, 0, '2015-08-27 10:00:01', '2015-08-27 10:00:01'),
	(43, 5, '3', '00:00:00', NULL, NULL, NULL, 0, '2015-08-27 10:00:01', '2015-08-27 10:00:01'),
	(44, 5, '4', '00:00:00', NULL, NULL, NULL, 0, '2015-08-27 10:00:01', '2015-08-27 10:00:01'),
	(45, 5, '5', '00:00:00', NULL, NULL, NULL, 0, '2015-08-27 10:00:01', '2015-08-27 10:00:01'),
	(46, 5, '10', '00:00:00', NULL, NULL, NULL, 0, '2015-08-27 10:00:01', '2015-08-27 10:00:01'),
	(47, 5, '11', '00:00:00', NULL, NULL, NULL, 0, '2015-08-27 10:00:01', '2015-08-27 10:00:01'),
	(48, 5, '12', '00:00:00', NULL, NULL, NULL, 0, '2015-08-27 10:00:01', '2015-08-27 10:00:01'),
	(49, 5, '17', '00:00:00', NULL, NULL, NULL, 0, '2015-08-27 10:00:01', '2015-08-27 10:00:01'),
	(50, 5, '18', '00:00:00', NULL, NULL, NULL, 0, '2015-08-27 10:00:01', '2015-08-27 10:00:01'),
	(51, 6, '1', '00:10:54', NULL, NULL, NULL, 0, '2015-08-27 10:15:01', '2015-08-27 10:15:01'),
	(52, 6, '2', '00:12:33', NULL, NULL, NULL, 0, '2015-08-27 10:15:01', '2015-08-27 10:15:01'),
	(53, 6, '3', '00:10:07', NULL, NULL, NULL, 0, '2015-08-27 10:15:01', '2015-08-27 10:15:01'),
	(54, 6, '4', '00:09:52', NULL, NULL, NULL, 0, '2015-08-27 10:15:01', '2015-08-27 10:15:01'),
	(55, 6, '5', '00:10:51', NULL, NULL, NULL, 0, '2015-08-27 10:15:01', '2015-08-27 10:15:01'),
	(56, 6, '10', '00:09:39', NULL, NULL, NULL, 0, '2015-08-27 10:15:01', '2015-08-27 10:15:01'),
	(57, 6, '11', '00:11:23', NULL, NULL, NULL, 0, '2015-08-27 10:15:01', '2015-08-27 10:15:01'),
	(58, 6, '12', '00:10:30', NULL, NULL, NULL, 0, '2015-08-27 10:15:01', '2015-08-27 10:15:01'),
	(59, 6, '17', '00:13:21', NULL, NULL, NULL, 0, '2015-08-27 10:15:01', '2015-08-27 10:15:01'),
	(60, 6, '18', '00:11:31', NULL, NULL, NULL, 0, '2015-08-27 10:15:01', '2015-08-27 10:15:01'),
	(61, 7, '1', '00:18:12', NULL, NULL, NULL, 0, '2015-08-27 10:30:00', '2015-08-27 10:30:00'),
	(62, 7, '2', '00:20:32', NULL, NULL, NULL, 0, '2015-08-27 10:30:00', '2015-08-27 10:30:00'),
	(63, 7, '3', '00:17:12', NULL, NULL, NULL, 0, '2015-08-27 10:30:00', '2015-08-27 10:30:00'),
	(64, 7, '4', '00:16:53', NULL, NULL, NULL, 0, '2015-08-27 10:30:00', '2015-08-27 10:30:00'),
	(65, 7, '5', '00:18:27', NULL, NULL, NULL, 0, '2015-08-27 10:30:00', '2015-08-27 10:30:00'),
	(66, 7, '10', '00:16:40', NULL, NULL, NULL, 0, '2015-08-27 10:30:00', '2015-08-27 10:30:00'),
	(67, 7, '11', '00:18:19', NULL, NULL, NULL, 0, '2015-08-27 10:30:00', '2015-08-27 10:30:00'),
	(68, 7, '12', '00:18:16', NULL, NULL, NULL, 0, '2015-08-27 10:30:00', '2015-08-27 10:30:00'),
	(69, 7, '17', '00:22:11', NULL, NULL, NULL, 0, '2015-08-27 10:30:00', '2015-08-27 10:30:00'),
	(70, 7, '18', '00:19:02', NULL, NULL, NULL, 0, '2015-08-27 10:30:00', '2015-08-27 10:30:00'),
	(71, 8, '1', '00:16:17', NULL, NULL, NULL, 0, '2015-08-27 10:45:02', '2015-08-27 10:45:02'),
	(72, 8, '2', '00:19:22', NULL, NULL, NULL, 0, '2015-08-27 10:45:02', '2015-08-27 10:45:02'),
	(73, 8, '3', '00:15:14', NULL, NULL, NULL, 0, '2015-08-27 10:45:02', '2015-08-27 10:45:02'),
	(74, 8, '4', '00:15:07', NULL, NULL, NULL, 0, '2015-08-27 10:45:02', '2015-08-27 10:45:02'),
	(75, 8, '5', '00:16:28', NULL, NULL, NULL, 0, '2015-08-27 10:45:02', '2015-08-27 10:45:02'),
	(76, 8, '10', '00:14:21', NULL, NULL, NULL, 0, '2015-08-27 10:45:02', '2015-08-27 10:45:02'),
	(77, 8, '11', '00:16:44', NULL, NULL, NULL, 0, '2015-08-27 10:45:02', '2015-08-27 10:45:02'),
	(78, 8, '12', '00:15:14', NULL, NULL, NULL, 0, '2015-08-27 10:45:02', '2015-08-27 10:45:02'),
	(79, 8, '17', '00:21:03', NULL, NULL, NULL, 0, '2015-08-27 10:45:02', '2015-08-27 10:45:02'),
	(80, 8, '18', '00:17:40', NULL, NULL, NULL, 0, '2015-08-27 10:45:02', '2015-08-27 10:45:02'),
	(81, 9, '1', '00:13:34', NULL, NULL, NULL, 0, '2015-08-27 11:00:01', '2015-08-27 11:00:01'),
	(82, 9, '2', '00:15:01', NULL, NULL, NULL, 0, '2015-08-27 11:00:01', '2015-08-27 11:00:01'),
	(83, 9, '3', '00:11:44', NULL, NULL, NULL, 0, '2015-08-27 11:00:01', '2015-08-27 11:00:01'),
	(84, 9, '4', '00:11:54', NULL, NULL, NULL, 0, '2015-08-27 11:00:01', '2015-08-27 11:00:01'),
	(85, 9, '5', '00:14:20', NULL, NULL, NULL, 0, '2015-08-27 11:00:01', '2015-08-27 11:00:01'),
	(86, 9, '10', '00:11:06', NULL, NULL, NULL, 0, '2015-08-27 11:00:01', '2015-08-27 11:00:01'),
	(87, 9, '11', '00:13:49', NULL, NULL, NULL, 0, '2015-08-27 11:00:01', '2015-08-27 11:00:01'),
	(88, 9, '12', '00:12:15', NULL, NULL, NULL, 0, '2015-08-27 11:00:01', '2015-08-27 11:00:01'),
	(89, 9, '17', '00:16:11', NULL, NULL, NULL, 0, '2015-08-27 11:00:01', '2015-08-27 11:00:01'),
	(90, 9, '18', '00:13:25', NULL, NULL, NULL, 0, '2015-08-27 11:00:01', '2015-08-27 11:00:01'),
	(91, 10, '1', '00:38:31', NULL, NULL, NULL, 0, '2015-08-27 11:15:01', '2015-08-27 11:15:01'),
	(92, 10, '2', '00:46:06', NULL, NULL, NULL, 0, '2015-08-27 11:15:01', '2015-08-27 11:15:01'),
	(93, 10, '3', '00:37:37', NULL, NULL, NULL, 0, '2015-08-27 11:15:01', '2015-08-27 11:15:01'),
	(94, 10, '4', '00:37:10', NULL, NULL, NULL, 0, '2015-08-27 11:15:01', '2015-08-27 11:15:01'),
	(95, 10, '5', '00:40:09', NULL, NULL, NULL, 0, '2015-08-27 11:15:01', '2015-08-27 11:15:01'),
	(96, 10, '10', '00:36:16', NULL, NULL, NULL, 0, '2015-08-27 11:15:01', '2015-08-27 11:15:01'),
	(97, 10, '11', '00:41:50', NULL, NULL, NULL, 0, '2015-08-27 11:15:01', '2015-08-27 11:15:01'),
	(98, 10, '12', '00:40:10', NULL, NULL, NULL, 0, '2015-08-27 11:15:01', '2015-08-27 11:15:01'),
	(99, 10, '17', '00:49:03', NULL, NULL, NULL, 0, '2015-08-27 11:15:01', '2015-08-27 11:15:01'),
	(100, 10, '18', '00:41:25', NULL, NULL, NULL, 0, '2015-08-27 11:15:01', '2015-08-27 11:15:01'),
	(101, 11, '1', '00:14:51', NULL, NULL, NULL, 0, '2015-08-27 11:30:00', '2015-08-27 11:30:00'),
	(102, 11, '2', '00:17:15', NULL, NULL, NULL, 0, '2015-08-27 11:30:00', '2015-08-27 11:30:00'),
	(103, 11, '3', '00:14:02', NULL, NULL, NULL, 0, '2015-08-27 11:30:00', '2015-08-27 11:30:00'),
	(104, 11, '4', '00:13:52', NULL, NULL, NULL, 0, '2015-08-27 11:30:00', '2015-08-27 11:30:00'),
	(105, 11, '5', '00:16:36', NULL, NULL, NULL, 0, '2015-08-27 11:30:00', '2015-08-27 11:30:00'),
	(106, 11, '10', '00:12:37', NULL, NULL, NULL, 0, '2015-08-27 11:30:00', '2015-08-27 11:30:00'),
	(107, 11, '11', '00:15:16', NULL, NULL, NULL, 0, '2015-08-27 11:30:00', '2015-08-27 11:30:00'),
	(108, 11, '12', '00:14:19', NULL, NULL, NULL, 0, '2015-08-27 11:30:00', '2015-08-27 11:30:00'),
	(109, 11, '17', '00:18:25', NULL, NULL, NULL, 0, '2015-08-27 11:30:00', '2015-08-27 11:30:00'),
	(110, 11, '18', '00:16:02', NULL, NULL, NULL, 0, '2015-08-27 11:30:00', '2015-08-27 11:30:00'),
	(111, 12, '1', '00:00:00', NULL, NULL, NULL, 0, '2015-08-27 11:45:01', '2015-08-27 11:45:01'),
	(112, 12, '2', '00:00:00', NULL, NULL, NULL, 0, '2015-08-27 11:45:01', '2015-08-27 11:45:01'),
	(113, 12, '3', '00:00:00', NULL, NULL, NULL, 0, '2015-08-27 11:45:01', '2015-08-27 11:45:01'),
	(114, 12, '4', '00:00:00', NULL, NULL, NULL, 0, '2015-08-27 11:45:01', '2015-08-27 11:45:01'),
	(115, 12, '5', '00:00:00', NULL, NULL, NULL, 0, '2015-08-27 11:45:01', '2015-08-27 11:45:01'),
	(116, 12, '10', '00:00:00', NULL, NULL, NULL, 0, '2015-08-27 11:45:01', '2015-08-27 11:45:01'),
	(117, 12, '11', '00:00:00', NULL, NULL, NULL, 0, '2015-08-27 11:45:01', '2015-08-27 11:45:01'),
	(118, 12, '12', '00:00:00', NULL, NULL, NULL, 0, '2015-08-27 11:45:01', '2015-08-27 11:45:01'),
	(119, 12, '17', '00:00:00', NULL, NULL, NULL, 0, '2015-08-27 11:45:01', '2015-08-27 11:45:01'),
	(120, 12, '18', '00:00:00', NULL, NULL, NULL, 0, '2015-08-27 11:45:01', '2015-08-27 11:45:01'),
	(121, 13, '1', '00:00:00', NULL, NULL, NULL, 0, '2015-08-27 12:00:01', '2015-08-27 12:00:01'),
	(122, 13, '2', '00:00:00', NULL, NULL, NULL, 0, '2015-08-27 12:00:01', '2015-08-27 12:00:01'),
	(123, 13, '3', '00:00:00', NULL, NULL, NULL, 0, '2015-08-27 12:00:01', '2015-08-27 12:00:01'),
	(124, 13, '4', '00:00:00', NULL, NULL, NULL, 0, '2015-08-27 12:00:01', '2015-08-27 12:00:01'),
	(125, 13, '5', '00:00:00', NULL, NULL, NULL, 0, '2015-08-27 12:00:01', '2015-08-27 12:00:01'),
	(126, 13, '10', '00:00:00', NULL, NULL, NULL, 0, '2015-08-27 12:00:01', '2015-08-27 12:00:01'),
	(127, 13, '11', '00:00:00', NULL, NULL, NULL, 0, '2015-08-27 12:00:01', '2015-08-27 12:00:01'),
	(128, 13, '12', '00:00:00', NULL, NULL, NULL, 0, '2015-08-27 12:00:01', '2015-08-27 12:00:01'),
	(129, 13, '17', '00:00:00', NULL, NULL, NULL, 0, '2015-08-27 12:00:01', '2015-08-27 12:00:01'),
	(130, 13, '18', '00:00:00', NULL, NULL, NULL, 0, '2015-08-27 12:00:01', '2015-08-27 12:00:01'),
	(131, 14, '1', '00:23:27', NULL, NULL, NULL, 0, '2015-08-27 12:15:01', '2015-08-27 12:15:01'),
	(132, 14, '2', '00:24:32', NULL, NULL, NULL, 0, '2015-08-27 12:15:01', '2015-08-27 12:15:01'),
	(133, 14, '3', '00:20:50', NULL, NULL, NULL, 0, '2015-08-27 12:15:01', '2015-08-27 12:15:01'),
	(134, 14, '4', '00:19:57', NULL, NULL, NULL, 0, '2015-08-27 12:15:01', '2015-08-27 12:15:01'),
	(135, 14, '5', '00:22:46', NULL, NULL, NULL, 0, '2015-08-27 12:15:01', '2015-08-27 12:15:01'),
	(136, 14, '10', '00:19:13', NULL, NULL, NULL, 0, '2015-08-27 12:15:01', '2015-08-27 12:15:01'),
	(137, 14, '11', '00:23:36', NULL, NULL, NULL, 0, '2015-08-27 12:15:01', '2015-08-27 12:15:01'),
	(138, 14, '12', '00:23:08', NULL, NULL, NULL, 0, '2015-08-27 12:15:01', '2015-08-27 12:15:01'),
	(139, 14, '17', '00:27:31', NULL, NULL, NULL, 0, '2015-08-27 12:15:01', '2015-08-27 12:15:01'),
	(140, 14, '18', '00:23:43', NULL, NULL, NULL, 0, '2015-08-27 12:15:01', '2015-08-27 12:15:01'),
	(141, 15, '1', '00:07:22', NULL, NULL, NULL, 0, '2015-08-27 12:30:01', '2015-08-27 12:30:01'),
	(142, 15, '2', '00:07:58', NULL, NULL, NULL, 0, '2015-08-27 12:30:01', '2015-08-27 12:30:01'),
	(143, 15, '3', '00:07:15', NULL, NULL, NULL, 0, '2015-08-27 12:30:01', '2015-08-27 12:30:01'),
	(144, 15, '4', '00:06:43', NULL, NULL, NULL, 0, '2015-08-27 12:30:01', '2015-08-27 12:30:01'),
	(145, 15, '5', '00:07:54', NULL, NULL, NULL, 0, '2015-08-27 12:30:01', '2015-08-27 12:30:01'),
	(146, 15, '10', '00:06:31', NULL, NULL, NULL, 0, '2015-08-27 12:30:01', '2015-08-27 12:30:01'),
	(147, 15, '11', '00:07:09', NULL, NULL, NULL, 0, '2015-08-27 12:30:01', '2015-08-27 12:30:01'),
	(148, 15, '12', '00:07:08', NULL, NULL, NULL, 0, '2015-08-27 12:30:01', '2015-08-27 12:30:01'),
	(149, 15, '17', '00:09:11', NULL, NULL, NULL, 0, '2015-08-27 12:30:01', '2015-08-27 12:30:01'),
	(150, 15, '18', '00:07:31', NULL, NULL, NULL, 0, '2015-08-27 12:30:01', '2015-08-27 12:30:01'),
	(151, 202, '19', '00:19:46', NULL, NULL, NULL, 0, '2015-08-28 09:00:00', '2015-08-28 09:00:00'),
	(152, 202, '21', '00:20:19', NULL, NULL, NULL, 0, '2015-08-28 09:00:00', '2015-08-28 09:00:00'),
	(153, 202, '23', '00:21:58', NULL, NULL, NULL, 0, '2015-08-28 09:00:00', '2015-08-28 09:00:00'),
	(154, 202, '24', '00:21:58', NULL, NULL, NULL, 0, '2015-08-28 09:00:00', '2015-08-28 09:00:00'),
	(155, 202, '25', '00:21:55', NULL, NULL, NULL, 0, '2015-08-28 09:00:00', '2015-08-28 09:00:00'),
	(156, 202, '27', '00:28:18', NULL, NULL, NULL, 0, '2015-08-28 09:00:00', '2015-08-28 09:00:00'),
	(157, 203, '19', '00:01:58', NULL, NULL, NULL, 0, '2015-08-28 09:15:01', '2015-08-28 09:15:01'),
	(158, 203, '21', '00:02:12', NULL, NULL, NULL, 0, '2015-08-28 09:15:01', '2015-08-28 09:15:01'),
	(159, 203, '23', '00:02:14', NULL, NULL, NULL, 0, '2015-08-28 09:15:01', '2015-08-28 09:15:01'),
	(160, 203, '24', '00:02:07', NULL, NULL, NULL, 0, '2015-08-28 09:15:01', '2015-08-28 09:15:01'),
	(161, 203, '25', '00:02:20', NULL, NULL, NULL, 0, '2015-08-28 09:15:01', '2015-08-28 09:15:01'),
	(162, 203, '27', '00:02:49', NULL, NULL, NULL, 0, '2015-08-28 09:15:01', '2015-08-28 09:15:01'),
	(163, 204, '19', '00:21:27', NULL, NULL, NULL, 0, '2015-08-28 09:30:00', '2015-08-28 09:30:00'),
	(164, 204, '21', '00:20:50', NULL, NULL, NULL, 0, '2015-08-28 09:30:00', '2015-08-28 09:30:00'),
	(165, 204, '23', '00:24:24', NULL, NULL, NULL, 0, '2015-08-28 09:30:00', '2015-08-28 09:30:00'),
	(166, 204, '24', '00:23:08', NULL, NULL, NULL, 0, '2015-08-28 09:30:00', '2015-08-28 09:30:00'),
	(167, 204, '25', '00:22:33', NULL, NULL, NULL, 0, '2015-08-28 09:30:00', '2015-08-28 09:30:00'),
	(168, 204, '27', '00:30:33', NULL, NULL, NULL, 0, '2015-08-28 09:30:00', '2015-08-28 09:30:00'),
	(169, 205, '19', '00:19:29', NULL, NULL, NULL, 0, '2015-08-28 09:45:01', '2015-08-28 09:45:01'),
	(170, 205, '21', '00:18:51', NULL, NULL, NULL, 0, '2015-08-28 09:45:01', '2015-08-28 09:45:01'),
	(171, 205, '23', '00:20:10', NULL, NULL, NULL, 0, '2015-08-28 09:45:01', '2015-08-28 09:45:01'),
	(172, 205, '24', '00:19:55', NULL, NULL, NULL, 0, '2015-08-28 09:45:01', '2015-08-28 09:45:01'),
	(173, 205, '25', '00:20:46', NULL, NULL, NULL, 0, '2015-08-28 09:45:01', '2015-08-28 09:45:01'),
	(174, 205, '27', '00:27:37', NULL, NULL, NULL, 0, '2015-08-28 09:45:01', '2015-08-28 09:45:01'),
	(175, 206, '19', '00:02:04', NULL, NULL, NULL, 0, '2015-08-28 10:00:01', '2015-08-28 10:00:01'),
	(176, 206, '21', '00:01:59', NULL, NULL, NULL, 0, '2015-08-28 10:00:01', '2015-08-28 10:00:01'),
	(177, 206, '23', '00:02:08', NULL, NULL, NULL, 0, '2015-08-28 10:00:01', '2015-08-28 10:00:01'),
	(178, 206, '24', '00:02:10', NULL, NULL, NULL, 0, '2015-08-28 10:00:01', '2015-08-28 10:00:01'),
	(179, 206, '25', '00:02:13', NULL, NULL, NULL, 0, '2015-08-28 10:00:01', '2015-08-28 10:00:01'),
	(180, 206, '27', '00:02:47', NULL, NULL, NULL, 0, '2015-08-28 10:00:01', '2015-08-28 10:00:01'),
	(181, 207, '19', '00:20:58', NULL, NULL, NULL, 0, '2015-08-28 10:15:00', '2015-08-28 10:15:00'),
	(182, 207, '21', '00:23:18', NULL, NULL, NULL, 0, '2015-08-28 10:15:00', '2015-08-28 10:15:00'),
	(183, 207, '23', '00:23:43', NULL, NULL, NULL, 0, '2015-08-28 10:15:00', '2015-08-28 10:15:00'),
	(184, 207, '24', '00:23:30', NULL, NULL, NULL, 0, '2015-08-28 10:15:00', '2015-08-28 10:15:00'),
	(185, 207, '25', '00:23:44', NULL, NULL, NULL, 0, '2015-08-28 10:15:00', '2015-08-28 10:15:00'),
	(186, 207, '27', '00:28:46', NULL, NULL, NULL, 0, '2015-08-28 10:15:00', '2015-08-28 10:15:00'),
	(187, 208, '19', '00:07:31', NULL, NULL, NULL, 0, '2015-08-28 10:30:01', '2015-08-28 10:30:01'),
	(188, 208, '21', '00:07:58', NULL, NULL, NULL, 0, '2015-08-28 10:30:01', '2015-08-28 10:30:01'),
	(189, 208, '23', '00:07:52', NULL, NULL, NULL, 0, '2015-08-28 10:30:01', '2015-08-28 10:30:01'),
	(190, 208, '24', '00:08:13', NULL, NULL, NULL, 0, '2015-08-28 10:30:01', '2015-08-28 10:30:01'),
	(191, 208, '25', '00:08:15', NULL, NULL, NULL, 0, '2015-08-28 10:30:01', '2015-08-28 10:30:01'),
	(192, 208, '27', '00:10:44', NULL, NULL, NULL, 0, '2015-08-28 10:30:01', '2015-08-28 10:30:01'),
	(193, 209, '19', '00:16:37', NULL, NULL, NULL, 0, '2015-08-28 10:45:00', '2015-08-28 10:45:00'),
	(194, 209, '21', '00:17:20', NULL, NULL, NULL, 0, '2015-08-28 10:45:00', '2015-08-28 10:45:00'),
	(195, 209, '23', '00:19:03', NULL, NULL, NULL, 0, '2015-08-28 10:45:00', '2015-08-28 10:45:00'),
	(196, 209, '24', '00:18:01', NULL, NULL, NULL, 0, '2015-08-28 10:45:00', '2015-08-28 10:45:00'),
	(197, 209, '25', '00:18:55', NULL, NULL, NULL, 0, '2015-08-28 10:45:00', '2015-08-28 10:45:00'),
	(198, 209, '27', '00:23:42', NULL, NULL, NULL, 0, '2015-08-28 10:45:00', '2015-08-28 10:45:00'),
	(199, 210, '19', '00:07:46', NULL, NULL, NULL, 0, '2015-08-28 11:00:01', '2015-08-28 11:00:01'),
	(200, 210, '21', '00:07:46', NULL, NULL, NULL, 0, '2015-08-28 11:00:01', '2015-08-28 11:00:01'),
	(201, 210, '23', '00:08:34', NULL, NULL, NULL, 0, '2015-08-28 11:00:01', '2015-08-28 11:00:01'),
	(202, 210, '24', '00:08:05', NULL, NULL, NULL, 0, '2015-08-28 11:00:01', '2015-08-28 11:00:01'),
	(203, 210, '25', '00:08:17', NULL, NULL, NULL, 0, '2015-08-28 11:00:01', '2015-08-28 11:00:01'),
	(204, 210, '27', '00:11:13', NULL, NULL, NULL, 0, '2015-08-28 11:00:01', '2015-08-28 11:00:01'),
	(205, 211, '19', '00:17:09', NULL, NULL, NULL, 0, '2015-08-28 11:15:01', '2015-08-28 11:15:01'),
	(206, 211, '21', '00:16:40', NULL, NULL, NULL, 0, '2015-08-28 11:15:01', '2015-08-28 11:15:01'),
	(207, 211, '23', '00:17:47', NULL, NULL, NULL, 0, '2015-08-28 11:15:01', '2015-08-28 11:15:01'),
	(208, 211, '24', '00:17:42', NULL, NULL, NULL, 0, '2015-08-28 11:15:01', '2015-08-28 11:15:01'),
	(209, 211, '25', '00:19:16', NULL, NULL, NULL, 0, '2015-08-28 11:15:01', '2015-08-28 11:15:01'),
	(210, 211, '27', '00:24:26', NULL, NULL, NULL, 0, '2015-08-28 11:15:01', '2015-08-28 11:15:01'),
	(211, 212, '19', '00:14:20', NULL, NULL, NULL, 0, '2015-08-28 11:30:01', '2015-08-28 11:30:01'),
	(212, 212, '21', '00:14:12', NULL, NULL, NULL, 0, '2015-08-28 11:30:01', '2015-08-28 11:30:01'),
	(213, 212, '23', '00:14:55', NULL, NULL, NULL, 0, '2015-08-28 11:30:01', '2015-08-28 11:30:01'),
	(214, 212, '24', '00:14:12', NULL, NULL, NULL, 0, '2015-08-28 11:30:01', '2015-08-28 11:30:01'),
	(215, 212, '25', '00:15:34', NULL, NULL, NULL, 0, '2015-08-28 11:30:01', '2015-08-28 11:30:01'),
	(216, 212, '27', '00:18:20', NULL, NULL, NULL, 0, '2015-08-28 11:30:01', '2015-08-28 11:30:01'),
	(217, 213, '19', '00:08:47', NULL, NULL, NULL, 0, '2015-08-28 11:45:01', '2015-08-28 11:45:01'),
	(218, 213, '21', '00:08:32', NULL, NULL, NULL, 0, '2015-08-28 11:45:01', '2015-08-28 11:45:01'),
	(219, 213, '23', '00:08:47', NULL, NULL, NULL, 0, '2015-08-28 11:45:01', '2015-08-28 11:45:01'),
	(220, 213, '24', '00:08:42', NULL, NULL, NULL, 0, '2015-08-28 11:45:01', '2015-08-28 11:45:01'),
	(221, 213, '25', '00:09:11', NULL, NULL, NULL, 0, '2015-08-28 11:45:01', '2015-08-28 11:45:01'),
	(222, 213, '27', '00:11:26', NULL, NULL, NULL, 0, '2015-08-28 11:45:01', '2015-08-28 11:45:01'),
	(223, 214, '19', '00:01:23', NULL, NULL, NULL, 0, '2015-08-28 12:00:01', '2015-08-28 12:00:01'),
	(224, 214, '21', '00:01:30', NULL, NULL, NULL, 0, '2015-08-28 12:00:01', '2015-08-28 12:00:01'),
	(225, 214, '23', '00:01:39', NULL, NULL, NULL, 0, '2015-08-28 12:00:01', '2015-08-28 12:00:01'),
	(226, 214, '24', '00:01:37', NULL, NULL, NULL, 0, '2015-08-28 12:00:01', '2015-08-28 12:00:01'),
	(227, 214, '25', '00:01:34', NULL, NULL, NULL, 0, '2015-08-28 12:00:01', '2015-08-28 12:00:01'),
	(228, 214, '27', '00:01:56', NULL, NULL, NULL, 0, '2015-08-28 12:00:01', '2015-08-28 12:00:01'),
	(229, 215, '19', '00:11:12', NULL, NULL, NULL, 0, '2015-08-28 12:15:00', '2015-08-28 12:15:00'),
	(230, 215, '21', '00:11:54', NULL, NULL, NULL, 0, '2015-08-28 12:15:00', '2015-08-28 12:15:00'),
	(231, 215, '23', '00:11:55', NULL, NULL, NULL, 0, '2015-08-28 12:15:00', '2015-08-28 12:15:00'),
	(232, 215, '24', '00:12:18', NULL, NULL, NULL, 0, '2015-08-28 12:15:00', '2015-08-28 12:15:00'),
	(233, 215, '25', '00:12:58', NULL, NULL, NULL, 0, '2015-08-28 12:15:00', '2015-08-28 12:15:00'),
	(234, 215, '27', '00:15:31', NULL, NULL, NULL, 0, '2015-08-28 12:15:00', '2015-08-28 12:15:00'),
	(235, 216, '19', '00:08:17', NULL, NULL, NULL, 0, '2015-08-28 12:30:01', '2015-08-28 12:30:01'),
	(236, 216, '21', '00:08:44', NULL, NULL, NULL, 0, '2015-08-28 12:30:01', '2015-08-28 12:30:01'),
	(237, 216, '23', '00:08:50', NULL, NULL, NULL, 0, '2015-08-28 12:30:01', '2015-08-28 12:30:01'),
	(238, 216, '24', '00:08:42', NULL, NULL, NULL, 0, '2015-08-28 12:30:01', '2015-08-28 12:30:01'),
	(239, 216, '25', '00:09:18', NULL, NULL, NULL, 0, '2015-08-28 12:30:01', '2015-08-28 12:30:01'),
	(240, 216, '27', '00:11:37', NULL, NULL, NULL, 0, '2015-08-28 12:30:01', '2015-08-28 12:30:01'),
	(241, 217, '19', '00:06:27', NULL, NULL, NULL, 0, '2015-08-28 12:45:01', '2015-08-28 12:45:01'),
	(242, 217, '21', '00:06:32', NULL, NULL, NULL, 0, '2015-08-28 12:45:01', '2015-08-28 12:45:01'),
	(243, 217, '23', '00:07:14', NULL, NULL, NULL, 0, '2015-08-28 12:45:01', '2015-08-28 12:45:01'),
	(244, 217, '24', '00:07:02', NULL, NULL, NULL, 0, '2015-08-28 12:45:01', '2015-08-28 12:45:01'),
	(245, 217, '25', '00:07:32', NULL, NULL, NULL, 0, '2015-08-28 12:45:01', '2015-08-28 12:45:01'),
	(246, 217, '27', '00:10:05', NULL, NULL, NULL, 0, '2015-08-28 12:45:01', '2015-08-28 12:45:01'),
	(247, 218, '19', '00:05:52', NULL, NULL, NULL, 0, '2015-08-28 13:00:01', '2015-08-28 13:00:01'),
	(248, 218, '21', '00:05:35', NULL, NULL, NULL, 0, '2015-08-28 13:00:01', '2015-08-28 13:00:01'),
	(249, 218, '23', '00:06:19', NULL, NULL, NULL, 0, '2015-08-28 13:00:01', '2015-08-28 13:00:01'),
	(250, 218, '24', '00:06:14', NULL, NULL, NULL, 0, '2015-08-28 13:00:01', '2015-08-28 13:00:01'),
	(251, 218, '25', '00:06:32', NULL, NULL, NULL, 0, '2015-08-28 13:00:01', '2015-08-28 13:00:01'),
	(252, 218, '27', '00:08:13', NULL, NULL, NULL, 0, '2015-08-28 13:00:01', '2015-08-28 13:00:01'),
	(253, 520, '20', '00:01:38', NULL, NULL, NULL, 0, '2015-08-29 09:00:01', '2015-08-29 09:00:01'),
	(254, 520, '22', '00:02:01', NULL, NULL, NULL, 0, '2015-08-29 09:00:01', '2015-08-29 09:00:01'),
	(255, 520, '26', '00:01:51', NULL, NULL, NULL, 0, '2015-08-29 09:00:01', '2015-08-29 09:00:01'),
	(256, 520, '28', '00:01:47', NULL, NULL, NULL, 0, '2015-08-29 09:00:01', '2015-08-29 09:00:01'),
	(257, 520, '30', '00:01:44', NULL, NULL, NULL, 0, '2015-08-29 09:00:01', '2015-08-29 09:00:01'),
	(258, 520, '32', '00:01:43', NULL, NULL, NULL, 0, '2015-08-29 09:00:01', '2015-08-29 09:00:01'),
	(259, 520, '33', '00:01:32', NULL, NULL, NULL, 0, '2015-08-29 09:00:01', '2015-08-29 09:00:01'),
	(260, 520, '34', '00:02:18', NULL, NULL, NULL, 0, '2015-08-29 09:00:01', '2015-08-29 09:00:01'),
	(261, 520, '35', '00:01:55', NULL, NULL, NULL, 0, '2015-08-29 09:00:01', '2015-08-29 09:00:01'),
	(262, 520, '37', '00:01:50', NULL, NULL, NULL, 0, '2015-08-29 09:00:01', '2015-08-29 09:00:01'),
	(263, 520, '38', '00:01:48', NULL, NULL, NULL, 0, '2015-08-29 09:00:01', '2015-08-29 09:00:01'),
	(264, 521, '20', '00:01:38', NULL, NULL, NULL, 0, '2015-08-29 09:15:01', '2015-08-29 09:15:01'),
	(265, 521, '22', '00:01:51', NULL, NULL, NULL, 0, '2015-08-29 09:15:01', '2015-08-29 09:15:01'),
	(266, 521, '26', '00:01:48', NULL, NULL, NULL, 0, '2015-08-29 09:15:01', '2015-08-29 09:15:01'),
	(267, 521, '28', '00:01:45', NULL, NULL, NULL, 0, '2015-08-29 09:15:01', '2015-08-29 09:15:01'),
	(268, 521, '30', '00:01:47', NULL, NULL, NULL, 0, '2015-08-29 09:15:01', '2015-08-29 09:15:01'),
	(269, 521, '32', '00:01:49', NULL, NULL, NULL, 0, '2015-08-29 09:15:01', '2015-08-29 09:15:01'),
	(270, 521, '33', '00:01:36', NULL, NULL, NULL, 0, '2015-08-29 09:15:01', '2015-08-29 09:15:01'),
	(271, 521, '34', '00:02:19', NULL, NULL, NULL, 0, '2015-08-29 09:15:01', '2015-08-29 09:15:01'),
	(272, 521, '35', '00:02:05', NULL, NULL, NULL, 0, '2015-08-29 09:15:01', '2015-08-29 09:15:01'),
	(273, 521, '37', '00:01:54', NULL, NULL, NULL, 0, '2015-08-29 09:15:01', '2015-08-29 09:15:01'),
	(274, 521, '38', '00:01:51', NULL, NULL, NULL, 0, '2015-08-29 09:15:01', '2015-08-29 09:15:01'),
	(275, 522, '20', '00:15:38', NULL, NULL, NULL, 0, '2015-08-29 09:30:01', '2015-08-29 09:30:01'),
	(276, 522, '22', '00:19:15', NULL, NULL, NULL, 0, '2015-08-29 09:30:01', '2015-08-29 09:30:01'),
	(277, 522, '26', '00:17:15', NULL, NULL, NULL, 0, '2015-08-29 09:30:01', '2015-08-29 09:30:01'),
	(278, 522, '28', '00:18:11', NULL, NULL, NULL, 0, '2015-08-29 09:30:01', '2015-08-29 09:30:01'),
	(279, 522, '30', '00:17:16', NULL, NULL, NULL, 0, '2015-08-29 09:30:01', '2015-08-29 09:30:01'),
	(280, 522, '32', '00:16:24', NULL, NULL, NULL, 0, '2015-08-29 09:30:01', '2015-08-29 09:30:01'),
	(281, 522, '33', '00:16:14', NULL, NULL, NULL, 0, '2015-08-29 09:30:01', '2015-08-29 09:30:01'),
	(282, 522, '34', '00:21:36', NULL, NULL, NULL, 0, '2015-08-29 09:30:01', '2015-08-29 09:30:01'),
	(283, 522, '35', '00:18:59', NULL, NULL, NULL, 0, '2015-08-29 09:30:01', '2015-08-29 09:30:01'),
	(284, 522, '37', '00:18:32', NULL, NULL, NULL, 0, '2015-08-29 09:30:01', '2015-08-29 09:30:01'),
	(285, 522, '38', '00:18:35', NULL, NULL, NULL, 0, '2015-08-29 09:30:01', '2015-08-29 09:30:01'),
	(286, 523, '20', '00:11:23', NULL, NULL, NULL, 0, '2015-08-29 09:45:01', '2015-08-29 09:45:01'),
	(287, 523, '22', '00:13:02', NULL, NULL, NULL, 0, '2015-08-29 09:45:01', '2015-08-29 09:45:01'),
	(288, 523, '26', '00:11:42', NULL, NULL, NULL, 0, '2015-08-29 09:45:01', '2015-08-29 09:45:01'),
	(289, 523, '28', '00:12:01', NULL, NULL, NULL, 0, '2015-08-29 09:45:01', '2015-08-29 09:45:01'),
	(290, 523, '30', '00:11:56', NULL, NULL, NULL, 0, '2015-08-29 09:45:01', '2015-08-29 09:45:01'),
	(291, 523, '32', '00:12:02', NULL, NULL, NULL, 0, '2015-08-29 09:45:01', '2015-08-29 09:45:01'),
	(292, 523, '33', '00:10:50', NULL, NULL, NULL, 0, '2015-08-29 09:45:01', '2015-08-29 09:45:01'),
	(293, 523, '34', '00:15:53', NULL, NULL, NULL, 0, '2015-08-29 09:45:01', '2015-08-29 09:45:01'),
	(294, 523, '35', '00:13:51', NULL, NULL, NULL, 0, '2015-08-29 09:45:01', '2015-08-29 09:45:01'),
	(295, 523, '37', '00:13:21', NULL, NULL, NULL, 0, '2015-08-29 09:45:01', '2015-08-29 09:45:01'),
	(296, 523, '38', '00:12:39', NULL, NULL, NULL, 0, '2015-08-29 09:45:01', '2015-08-29 09:45:01'),
	(297, 524, '20', '00:15:27', NULL, NULL, NULL, 0, '2015-08-29 10:00:01', '2015-08-29 10:00:01'),
	(298, 524, '22', '00:19:17', NULL, NULL, NULL, 0, '2015-08-29 10:00:01', '2015-08-29 10:00:01'),
	(299, 524, '26', '00:17:49', NULL, NULL, NULL, 0, '2015-08-29 10:00:01', '2015-08-29 10:00:01'),
	(300, 524, '28', '00:17:49', NULL, NULL, NULL, 0, '2015-08-29 10:00:01', '2015-08-29 10:00:01'),
	(301, 524, '30', '00:16:33', NULL, NULL, NULL, 0, '2015-08-29 10:00:01', '2015-08-29 10:00:01'),
	(302, 524, '32', '00:17:58', NULL, NULL, NULL, 0, '2015-08-29 10:00:01', '2015-08-29 10:00:01'),
	(303, 524, '33', '00:16:29', NULL, NULL, NULL, 0, '2015-08-29 10:00:01', '2015-08-29 10:00:01'),
	(304, 524, '34', '00:22:34', NULL, NULL, NULL, 0, '2015-08-29 10:00:01', '2015-08-29 10:00:01'),
	(305, 524, '35', '00:20:00', NULL, NULL, NULL, 0, '2015-08-29 10:00:01', '2015-08-29 10:00:01'),
	(306, 524, '37', '00:19:04', NULL, NULL, NULL, 0, '2015-08-29 10:00:01', '2015-08-29 10:00:01'),
	(307, 524, '38', '00:18:14', NULL, NULL, NULL, 0, '2015-08-29 10:00:01', '2015-08-29 10:00:01'),
	(308, 525, '20', '00:10:36', NULL, NULL, NULL, 0, '2015-08-29 10:15:01', '2015-08-29 10:15:01'),
	(309, 525, '22', '00:13:17', NULL, NULL, NULL, 0, '2015-08-29 10:15:01', '2015-08-29 10:15:01'),
	(310, 525, '26', '00:12:17', NULL, NULL, NULL, 0, '2015-08-29 10:15:01', '2015-08-29 10:15:01'),
	(311, 525, '28', '00:12:06', NULL, NULL, NULL, 0, '2015-08-29 10:15:01', '2015-08-29 10:15:01'),
	(312, 525, '30', '00:11:19', NULL, NULL, NULL, 0, '2015-08-29 10:15:01', '2015-08-29 10:15:01'),
	(313, 525, '32', '00:12:41', NULL, NULL, NULL, 0, '2015-08-29 10:15:01', '2015-08-29 10:15:01'),
	(314, 525, '33', '00:11:20', NULL, NULL, NULL, 0, '2015-08-29 10:15:01', '2015-08-29 10:15:01'),
	(315, 525, '34', '00:15:42', NULL, NULL, NULL, 0, '2015-08-29 10:15:01', '2015-08-29 10:15:01'),
	(316, 525, '35', '00:13:47', NULL, NULL, NULL, 0, '2015-08-29 10:15:01', '2015-08-29 10:15:01'),
	(317, 525, '37', '00:11:59', NULL, NULL, NULL, 0, '2015-08-29 10:15:01', '2015-08-29 10:15:01'),
	(318, 525, '38', '00:13:20', NULL, NULL, NULL, 0, '2015-08-29 10:15:01', '2015-08-29 10:15:01'),
	(319, 526, '20', '00:07:54', NULL, NULL, NULL, 0, '2015-08-29 10:30:01', '2015-08-29 10:30:01'),
	(320, 526, '22', '00:10:15', NULL, NULL, NULL, 0, '2015-08-29 10:30:01', '2015-08-29 10:30:01'),
	(321, 526, '26', '00:09:38', NULL, NULL, NULL, 0, '2015-08-29 10:30:01', '2015-08-29 10:30:01'),
	(322, 526, '28', '00:09:26', NULL, NULL, NULL, 0, '2015-08-29 10:30:01', '2015-08-29 10:30:01'),
	(323, 526, '30', '00:08:46', NULL, NULL, NULL, 0, '2015-08-29 10:30:01', '2015-08-29 10:30:01'),
	(324, 526, '32', '00:09:30', NULL, NULL, NULL, 0, '2015-08-29 10:30:01', '2015-08-29 10:30:01'),
	(325, 526, '33', '00:08:26', NULL, NULL, NULL, 0, '2015-08-29 10:30:01', '2015-08-29 10:30:01'),
	(326, 526, '34', '00:11:44', NULL, NULL, NULL, 0, '2015-08-29 10:30:01', '2015-08-29 10:30:01'),
	(327, 526, '35', '00:10:50', NULL, NULL, NULL, 0, '2015-08-29 10:30:01', '2015-08-29 10:30:01'),
	(328, 526, '37', '00:08:57', NULL, NULL, NULL, 0, '2015-08-29 10:30:01', '2015-08-29 10:30:01'),
	(329, 526, '38', '00:09:47', NULL, NULL, NULL, 0, '2015-08-29 10:30:01', '2015-08-29 10:30:01'),
	(330, 527, '20', '00:09:28', NULL, NULL, NULL, 0, '2015-08-29 10:45:01', '2015-08-29 10:45:01'),
	(331, 527, '22', '00:11:28', NULL, NULL, NULL, 0, '2015-08-29 10:45:01', '2015-08-29 10:45:01'),
	(332, 527, '26', '00:10:10', NULL, NULL, NULL, 0, '2015-08-29 10:45:01', '2015-08-29 10:45:01'),
	(333, 527, '28', '00:10:22', NULL, NULL, NULL, 0, '2015-08-29 10:45:01', '2015-08-29 10:45:01'),
	(334, 527, '30', '00:09:50', NULL, NULL, NULL, 0, '2015-08-29 10:45:01', '2015-08-29 10:45:01'),
	(335, 527, '32', '00:10:32', NULL, NULL, NULL, 0, '2015-08-29 10:45:01', '2015-08-29 10:45:01'),
	(336, 527, '33', '00:09:21', NULL, NULL, NULL, 0, '2015-08-29 10:45:01', '2015-08-29 10:45:01'),
	(337, 527, '34', '00:13:40', NULL, NULL, NULL, 0, '2015-08-29 10:45:01', '2015-08-29 10:45:01'),
	(338, 527, '35', '00:12:02', NULL, NULL, NULL, 0, '2015-08-29 10:45:01', '2015-08-29 10:45:01'),
	(339, 527, '37', '00:10:45', NULL, NULL, NULL, 0, '2015-08-29 10:45:01', '2015-08-29 10:45:01'),
	(340, 527, '38', '00:11:05', NULL, NULL, NULL, 0, '2015-08-29 10:45:01', '2015-08-29 10:45:01'),
	(341, 528, '20', '00:06:11', NULL, NULL, NULL, 0, '2015-08-29 11:00:01', '2015-08-29 11:00:01'),
	(342, 528, '22', '00:07:53', NULL, NULL, NULL, 0, '2015-08-29 11:00:01', '2015-08-29 11:00:01'),
	(343, 528, '26', '00:07:02', NULL, NULL, NULL, 0, '2015-08-29 11:00:01', '2015-08-29 11:00:01'),
	(344, 528, '28', '00:06:58', NULL, NULL, NULL, 0, '2015-08-29 11:00:01', '2015-08-29 11:00:01'),
	(345, 528, '30', '00:06:42', NULL, NULL, NULL, 0, '2015-08-29 11:00:01', '2015-08-29 11:00:01'),
	(346, 528, '32', '00:07:16', NULL, NULL, NULL, 0, '2015-08-29 11:00:01', '2015-08-29 11:00:01'),
	(347, 528, '33', '00:06:04', NULL, NULL, NULL, 0, '2015-08-29 11:00:01', '2015-08-29 11:00:01'),
	(348, 528, '34', '00:08:53', NULL, NULL, NULL, 0, '2015-08-29 11:00:01', '2015-08-29 11:00:01'),
	(349, 528, '35', '00:07:50', NULL, NULL, NULL, 0, '2015-08-29 11:00:01', '2015-08-29 11:00:01'),
	(350, 528, '37', '00:07:20', NULL, NULL, NULL, 0, '2015-08-29 11:00:01', '2015-08-29 11:00:01'),
	(351, 528, '38', '00:07:41', NULL, NULL, NULL, 0, '2015-08-29 11:00:01', '2015-08-29 11:00:01'),
	(352, 529, '20', '00:08:23', NULL, NULL, NULL, 0, '2015-08-29 11:15:01', '2015-08-29 11:15:01'),
	(353, 529, '22', '00:10:21', NULL, NULL, NULL, 0, '2015-08-29 11:15:01', '2015-08-29 11:15:01'),
	(354, 529, '26', '00:08:50', NULL, NULL, NULL, 0, '2015-08-29 11:15:01', '2015-08-29 11:15:01'),
	(355, 529, '28', '00:08:54', NULL, NULL, NULL, 0, '2015-08-29 11:15:01', '2015-08-29 11:15:01'),
	(356, 529, '30', '00:08:47', NULL, NULL, NULL, 0, '2015-08-29 11:15:01', '2015-08-29 11:15:01'),
	(357, 529, '32', '00:09:27', NULL, NULL, NULL, 0, '2015-08-29 11:15:01', '2015-08-29 11:15:01'),
	(358, 529, '33', '00:08:09', NULL, NULL, NULL, 0, '2015-08-29 11:15:01', '2015-08-29 11:15:01'),
	(359, 529, '34', '00:12:06', NULL, NULL, NULL, 0, '2015-08-29 11:15:01', '2015-08-29 11:15:01'),
	(360, 529, '35', '00:09:54', NULL, NULL, NULL, 0, '2015-08-29 11:15:01', '2015-08-29 11:15:01'),
	(361, 529, '37', '00:09:19', NULL, NULL, NULL, 0, '2015-08-29 11:15:01', '2015-08-29 11:15:01'),
	(362, 529, '38', '00:10:03', NULL, NULL, NULL, 0, '2015-08-29 11:15:01', '2015-08-29 11:15:01'),
	(363, 530, '20', '00:09:19', NULL, NULL, NULL, 0, '2015-08-29 11:30:01', '2015-08-29 11:30:01'),
	(364, 530, '22', '00:10:28', NULL, NULL, NULL, 0, '2015-08-29 11:30:01', '2015-08-29 11:30:01'),
	(365, 530, '26', '00:09:39', NULL, NULL, NULL, 0, '2015-08-29 11:30:01', '2015-08-29 11:30:01'),
	(366, 530, '28', '00:10:30', NULL, NULL, NULL, 0, '2015-08-29 11:30:01', '2015-08-29 11:30:01'),
	(367, 530, '30', '00:10:05', NULL, NULL, NULL, 0, '2015-08-29 11:30:01', '2015-08-29 11:30:01'),
	(368, 530, '32', '00:10:46', NULL, NULL, NULL, 0, '2015-08-29 11:30:01', '2015-08-29 11:30:01'),
	(369, 530, '33', '00:09:13', NULL, NULL, NULL, 0, '2015-08-29 11:30:01', '2015-08-29 11:30:01'),
	(370, 530, '34', '00:12:47', NULL, NULL, NULL, 0, '2015-08-29 11:30:01', '2015-08-29 11:30:01'),
	(371, 530, '35', '00:10:55', NULL, NULL, NULL, 0, '2015-08-29 11:30:01', '2015-08-29 11:30:01'),
	(372, 530, '37', '00:10:57', NULL, NULL, NULL, 0, '2015-08-29 11:30:01', '2015-08-29 11:30:01'),
	(373, 530, '38', '00:10:49', NULL, NULL, NULL, 0, '2015-08-29 11:30:01', '2015-08-29 11:30:01'),
	(374, 531, '20', '00:05:59', NULL, NULL, NULL, 0, '2015-08-29 11:45:01', '2015-08-29 11:45:01'),
	(375, 531, '22', '00:07:14', NULL, NULL, NULL, 0, '2015-08-29 11:45:01', '2015-08-29 11:45:01'),
	(376, 531, '26', '00:06:45', NULL, NULL, NULL, 0, '2015-08-29 11:45:01', '2015-08-29 11:45:01'),
	(377, 531, '28', '00:06:44', NULL, NULL, NULL, 0, '2015-08-29 11:45:01', '2015-08-29 11:45:01'),
	(378, 531, '30', '00:06:26', NULL, NULL, NULL, 0, '2015-08-29 11:45:01', '2015-08-29 11:45:01'),
	(379, 531, '32', '00:07:01', NULL, NULL, NULL, 0, '2015-08-29 11:45:01', '2015-08-29 11:45:01'),
	(380, 531, '33', '00:06:20', NULL, NULL, NULL, 0, '2015-08-29 11:45:01', '2015-08-29 11:45:01'),
	(381, 531, '34', '00:08:44', NULL, NULL, NULL, 0, '2015-08-29 11:45:01', '2015-08-29 11:45:01'),
	(382, 531, '35', '00:08:05', NULL, NULL, NULL, 0, '2015-08-29 11:45:01', '2015-08-29 11:45:01'),
	(383, 531, '37', '00:07:06', NULL, NULL, NULL, 0, '2015-08-29 11:45:01', '2015-08-29 11:45:01'),
	(384, 531, '38', '00:06:53', NULL, NULL, NULL, 0, '2015-08-29 11:45:01', '2015-08-29 11:45:01'),
	(385, 532, '20', '00:07:47', NULL, NULL, NULL, 0, '2015-08-29 12:00:01', '2015-08-29 12:00:01'),
	(386, 532, '22', '00:09:44', NULL, NULL, NULL, 0, '2015-08-29 12:00:01', '2015-08-29 12:00:01'),
	(387, 532, '26', '00:08:45', NULL, NULL, NULL, 0, '2015-08-29 12:00:01', '2015-08-29 12:00:01'),
	(388, 532, '28', '00:09:22', NULL, NULL, NULL, 0, '2015-08-29 12:00:01', '2015-08-29 12:00:01'),
	(389, 532, '30', '00:08:53', NULL, NULL, NULL, 0, '2015-08-29 12:00:01', '2015-08-29 12:00:01'),
	(390, 532, '32', '00:09:17', NULL, NULL, NULL, 0, '2015-08-29 12:00:01', '2015-08-29 12:00:01'),
	(391, 532, '33', '00:08:03', NULL, NULL, NULL, 0, '2015-08-29 12:00:01', '2015-08-29 12:00:01'),
	(392, 532, '34', '00:11:26', NULL, NULL, NULL, 0, '2015-08-29 12:00:01', '2015-08-29 12:00:01'),
	(393, 532, '35', '00:09:57', NULL, NULL, NULL, 0, '2015-08-29 12:00:01', '2015-08-29 12:00:01'),
	(394, 532, '37', '00:09:11', NULL, NULL, NULL, 0, '2015-08-29 12:00:01', '2015-08-29 12:00:01'),
	(395, 532, '38', '00:09:36', NULL, NULL, NULL, 0, '2015-08-29 12:00:01', '2015-08-29 12:00:01'),
	(396, 533, '20', '00:08:54', NULL, NULL, NULL, 0, '2015-08-29 12:15:01', '2015-08-29 12:15:01'),
	(397, 533, '22', '00:10:57', NULL, NULL, NULL, 0, '2015-08-29 12:15:01', '2015-08-29 12:15:01'),
	(398, 533, '26', '00:10:13', NULL, NULL, NULL, 0, '2015-08-29 12:15:01', '2015-08-29 12:15:01'),
	(399, 533, '28', '00:10:14', NULL, NULL, NULL, 0, '2015-08-29 12:15:01', '2015-08-29 12:15:01'),
	(400, 533, '30', '00:09:44', NULL, NULL, NULL, 0, '2015-08-29 12:15:01', '2015-08-29 12:15:01'),
	(401, 533, '32', '00:10:43', NULL, NULL, NULL, 0, '2015-08-29 12:15:01', '2015-08-29 12:15:01'),
	(402, 533, '33', '00:09:21', NULL, NULL, NULL, 0, '2015-08-29 12:15:01', '2015-08-29 12:15:01'),
	(403, 533, '34', '00:14:10', NULL, NULL, NULL, 0, '2015-08-29 12:15:01', '2015-08-29 12:15:01'),
	(404, 533, '35', '00:11:04', NULL, NULL, NULL, 0, '2015-08-29 12:15:01', '2015-08-29 12:15:01'),
	(405, 533, '37', '00:10:34', NULL, NULL, NULL, 0, '2015-08-29 12:15:01', '2015-08-29 12:15:01'),
	(406, 533, '38', '00:10:49', NULL, NULL, NULL, 0, '2015-08-29 12:15:01', '2015-08-29 12:15:01'),
	(407, 534, '20', '00:06:00', NULL, NULL, NULL, 0, '2015-08-29 12:30:01', '2015-08-29 12:30:01'),
	(408, 534, '22', '00:07:15', NULL, NULL, NULL, 0, '2015-08-29 12:30:01', '2015-08-29 12:30:01'),
	(409, 534, '26', '00:06:32', NULL, NULL, NULL, 0, '2015-08-29 12:30:01', '2015-08-29 12:30:01'),
	(410, 534, '28', '00:06:57', NULL, NULL, NULL, 0, '2015-08-29 12:30:01', '2015-08-29 12:30:01'),
	(411, 534, '30', '00:06:52', NULL, NULL, NULL, 0, '2015-08-29 12:30:01', '2015-08-29 12:30:01'),
	(412, 534, '32', '00:06:43', NULL, NULL, NULL, 0, '2015-08-29 12:30:01', '2015-08-29 12:30:01'),
	(413, 534, '33', '00:05:58', NULL, NULL, NULL, 0, '2015-08-29 12:30:01', '2015-08-29 12:30:01'),
	(414, 534, '34', '00:08:22', NULL, NULL, NULL, 0, '2015-08-29 12:30:01', '2015-08-29 12:30:01'),
	(415, 534, '35', '00:07:40', NULL, NULL, NULL, 0, '2015-08-29 12:30:01', '2015-08-29 12:30:01'),
	(416, 534, '37', '00:07:25', NULL, NULL, NULL, 0, '2015-08-29 12:30:01', '2015-08-29 12:30:01'),
	(417, 534, '38', '00:07:09', NULL, NULL, NULL, 0, '2015-08-29 12:30:01', '2015-08-29 12:30:01'),
	(418, 1336, '13', '00:28:21', NULL, NULL, NULL, 0, '2015-08-30 08:30:01', '2015-08-30 08:30:01'),
	(419, 1336, '29', '00:28:14', NULL, NULL, NULL, 0, '2015-08-30 08:30:01', '2015-08-30 08:30:01'),
	(420, 1336, '36', '00:29:20', NULL, NULL, NULL, 0, '2015-08-30 08:30:01', '2015-08-30 08:30:01'),
	(421, 1336, '40', '00:34:01', NULL, NULL, NULL, 0, '2015-08-30 08:30:01', '2015-08-30 08:30:01'),
	(422, 1336, '41', '00:33:08', NULL, NULL, NULL, 0, '2015-08-30 08:30:01', '2015-08-30 08:30:01'),
	(423, 1336, '44', '00:31:20', NULL, NULL, NULL, 0, '2015-08-30 08:30:01', '2015-08-30 08:30:01'),
	(424, 1337, '13', '00:30:09', NULL, NULL, NULL, 0, '2015-08-30 08:45:00', '2015-08-30 08:45:00'),
	(425, 1337, '29', '00:28:29', NULL, NULL, NULL, 0, '2015-08-30 08:45:00', '2015-08-30 08:45:00'),
	(426, 1337, '36', '00:30:52', NULL, NULL, NULL, 0, '2015-08-30 08:45:00', '2015-08-30 08:45:00'),
	(427, 1337, '40', '00:35:53', NULL, NULL, NULL, 0, '2015-08-30 08:45:00', '2015-08-30 08:45:00'),
	(428, 1337, '41', '00:35:29', NULL, NULL, NULL, 0, '2015-08-30 08:45:00', '2015-08-30 08:45:00'),
	(429, 1337, '44', '00:31:23', NULL, NULL, NULL, 0, '2015-08-30 08:45:00', '2015-08-30 08:45:00'),
	(430, 1338, '13', '00:30:18', NULL, NULL, NULL, 0, '2015-08-30 09:00:01', '2015-08-30 09:00:01'),
	(431, 1338, '29', '00:29:38', NULL, NULL, NULL, 0, '2015-08-30 09:00:01', '2015-08-30 09:00:01'),
	(432, 1338, '36', '00:31:33', NULL, NULL, NULL, 0, '2015-08-30 09:00:01', '2015-08-30 09:00:01'),
	(433, 1338, '40', '00:36:09', NULL, NULL, NULL, 0, '2015-08-30 09:00:01', '2015-08-30 09:00:01'),
	(434, 1338, '41', '00:35:46', NULL, NULL, NULL, 0, '2015-08-30 09:00:01', '2015-08-30 09:00:01'),
	(435, 1338, '44', '00:32:56', NULL, NULL, NULL, 0, '2015-08-30 09:00:01', '2015-08-30 09:00:01'),
	(436, 1339, '13', '00:22:16', NULL, NULL, NULL, 0, '2015-08-30 09:15:02', '2015-08-30 09:15:02'),
	(437, 1339, '29', '00:24:54', NULL, NULL, NULL, 0, '2015-08-30 09:15:02', '2015-08-30 09:15:02'),
	(438, 1339, '36', '00:24:41', NULL, NULL, NULL, 0, '2015-08-30 09:15:02', '2015-08-30 09:15:02'),
	(439, 1339, '40', '00:32:15', NULL, NULL, NULL, 0, '2015-08-30 09:15:02', '2015-08-30 09:15:02'),
	(440, 1339, '41', '00:27:58', NULL, NULL, NULL, 0, '2015-08-30 09:15:02', '2015-08-30 09:15:02'),
	(441, 1339, '44', '00:27:03', NULL, NULL, NULL, 0, '2015-08-30 09:15:02', '2015-08-30 09:15:02'),
	(442, 1340, '13', '00:27:14', NULL, NULL, NULL, 0, '2015-08-30 09:30:00', '2015-08-30 09:30:00'),
	(443, 1340, '29', '00:27:35', NULL, NULL, NULL, 0, '2015-08-30 09:30:00', '2015-08-30 09:30:00'),
	(444, 1340, '36', '00:27:53', NULL, NULL, NULL, 0, '2015-08-30 09:30:00', '2015-08-30 09:30:00'),
	(445, 1340, '40', '00:35:04', NULL, NULL, NULL, 0, '2015-08-30 09:30:00', '2015-08-30 09:30:00'),
	(446, 1340, '41', '00:32:56', NULL, NULL, NULL, 0, '2015-08-30 09:30:00', '2015-08-30 09:30:00'),
	(447, 1340, '44', '00:31:00', NULL, NULL, NULL, 0, '2015-08-30 09:30:00', '2015-08-30 09:30:00'),
	(448, 1341, '13', '00:28:33', NULL, NULL, NULL, 0, '2015-08-30 09:45:00', '2015-08-30 09:45:00'),
	(449, 1341, '29', '00:30:12', NULL, NULL, NULL, 0, '2015-08-30 09:45:00', '2015-08-30 09:45:00'),
	(450, 1341, '36', '00:28:05', NULL, NULL, NULL, 0, '2015-08-30 09:45:00', '2015-08-30 09:45:00'),
	(451, 1341, '40', '00:34:59', NULL, NULL, NULL, 0, '2015-08-30 09:45:00', '2015-08-30 09:45:00'),
	(452, 1341, '41', '00:35:40', NULL, NULL, NULL, 0, '2015-08-30 09:45:00', '2015-08-30 09:45:00'),
	(453, 1341, '44', '00:31:18', NULL, NULL, NULL, 0, '2015-08-30 09:45:00', '2015-08-30 09:45:00'),
	(454, 1342, '13', '00:28:40', NULL, NULL, NULL, 0, '2015-08-30 10:00:01', '2015-08-30 10:00:01'),
	(455, 1342, '29', '00:28:41', NULL, NULL, NULL, 0, '2015-08-30 10:00:01', '2015-08-30 10:00:01'),
	(456, 1342, '36', '00:29:50', NULL, NULL, NULL, 0, '2015-08-30 10:00:01', '2015-08-30 10:00:01'),
	(457, 1342, '40', '00:36:06', NULL, NULL, NULL, 0, '2015-08-30 10:00:01', '2015-08-30 10:00:01'),
	(458, 1342, '41', '00:36:22', NULL, NULL, NULL, 0, '2015-08-30 10:00:01', '2015-08-30 10:00:01'),
	(459, 1342, '44', '00:31:44', NULL, NULL, NULL, 0, '2015-08-30 10:00:01', '2015-08-30 10:00:01'),
	(460, 1343, '13', '00:27:55', NULL, NULL, NULL, 0, '2015-08-30 10:15:00', '2015-08-30 10:15:00'),
	(461, 1343, '29', '00:29:59', NULL, NULL, NULL, 0, '2015-08-30 10:15:00', '2015-08-30 10:15:00'),
	(462, 1343, '36', '00:30:04', NULL, NULL, NULL, 0, '2015-08-30 10:15:00', '2015-08-30 10:15:00'),
	(463, 1343, '40', '00:36:36', NULL, NULL, NULL, 0, '2015-08-30 10:15:00', '2015-08-30 10:15:00'),
	(464, 1343, '41', '00:35:29', NULL, NULL, NULL, 0, '2015-08-30 10:15:00', '2015-08-30 10:15:00'),
	(465, 1343, '44', '00:31:33', NULL, NULL, NULL, 0, '2015-08-30 10:15:00', '2015-08-30 10:15:00'),
	(466, 1344, '13', '00:17:42', NULL, NULL, NULL, 0, '2015-08-30 10:30:02', '2015-08-30 10:30:02'),
	(467, 1344, '29', '00:18:36', NULL, NULL, NULL, 0, '2015-08-30 10:30:02', '2015-08-30 10:30:02'),
	(468, 1344, '36', '00:19:16', NULL, NULL, NULL, 0, '2015-08-30 10:30:02', '2015-08-30 10:30:02'),
	(469, 1344, '40', '00:23:52', NULL, NULL, NULL, 0, '2015-08-30 10:30:02', '2015-08-30 10:30:02'),
	(470, 1344, '41', '00:21:39', NULL, NULL, NULL, 0, '2015-08-30 10:30:02', '2015-08-30 10:30:02'),
	(471, 1344, '44', '00:20:41', NULL, NULL, NULL, 0, '2015-08-30 10:30:02', '2015-08-30 10:30:02'),
	(472, 1345, '13', '00:13:57', NULL, NULL, NULL, 0, '2015-08-30 10:45:00', '2015-08-30 10:45:00'),
	(473, 1345, '29', '00:14:20', NULL, NULL, NULL, 0, '2015-08-30 10:45:00', '2015-08-30 10:45:00'),
	(474, 1345, '36', '00:14:55', NULL, NULL, NULL, 0, '2015-08-30 10:45:00', '2015-08-30 10:45:00'),
	(475, 1345, '40', '00:17:25', NULL, NULL, NULL, 0, '2015-08-30 10:45:01', '2015-08-30 10:45:01'),
	(476, 1345, '41', '00:17:37', NULL, NULL, NULL, 0, '2015-08-30 10:45:01', '2015-08-30 10:45:01'),
	(477, 1345, '44', '00:16:32', NULL, NULL, NULL, 0, '2015-08-30 10:45:01', '2015-08-30 10:45:01'),
	(478, 1346, '13', '00:22:46', NULL, NULL, NULL, 0, '2015-08-30 11:00:00', '2015-08-30 11:00:00'),
	(479, 1346, '29', '00:24:09', NULL, NULL, NULL, 0, '2015-08-30 11:00:00', '2015-08-30 11:00:00'),
	(480, 1346, '36', '00:23:07', NULL, NULL, NULL, 0, '2015-08-30 11:00:00', '2015-08-30 11:00:00'),
	(481, 1346, '40', '00:29:42', NULL, NULL, NULL, 0, '2015-08-30 11:00:00', '2015-08-30 11:00:00'),
	(482, 1346, '41', '00:28:00', NULL, NULL, NULL, 0, '2015-08-30 11:00:00', '2015-08-30 11:00:00'),
	(483, 1346, '44', '00:27:27', NULL, NULL, NULL, 0, '2015-08-30 11:00:00', '2015-08-30 11:00:00'),
	(484, 1347, '13', '00:21:19', NULL, NULL, NULL, 0, '2015-08-30 11:15:01', '2015-08-30 11:15:01'),
	(485, 1347, '29', '00:22:03', NULL, NULL, NULL, 0, '2015-08-30 11:15:01', '2015-08-30 11:15:01'),
	(486, 1347, '36', '00:22:55', NULL, NULL, NULL, 0, '2015-08-30 11:15:01', '2015-08-30 11:15:01'),
	(487, 1347, '40', '00:28:25', NULL, NULL, NULL, 0, '2015-08-30 11:15:01', '2015-08-30 11:15:01'),
	(488, 1347, '41', '00:28:02', NULL, NULL, NULL, 0, '2015-08-30 11:15:01', '2015-08-30 11:15:01'),
	(489, 1347, '44', '00:25:20', NULL, NULL, NULL, 0, '2015-08-30 11:15:01', '2015-08-30 11:15:01'),
	(490, 1348, '13', '00:20:37', NULL, NULL, NULL, 0, '2015-08-30 11:30:00', '2015-08-30 11:30:00'),
	(491, 1348, '29', '00:20:25', NULL, NULL, NULL, 0, '2015-08-30 11:30:00', '2015-08-30 11:30:00'),
	(492, 1348, '36', '00:22:29', NULL, NULL, NULL, 0, '2015-08-30 11:30:00', '2015-08-30 11:30:00'),
	(493, 1348, '40', '00:24:31', NULL, NULL, NULL, 0, '2015-08-30 11:30:00', '2015-08-30 11:30:00'),
	(494, 1348, '41', '00:24:09', NULL, NULL, NULL, 0, '2015-08-30 11:30:00', '2015-08-30 11:30:00'),
	(495, 1348, '44', '00:22:28', NULL, NULL, NULL, 0, '2015-08-30 11:30:00', '2015-08-30 11:30:00'),
	(496, 1349, '13', '00:14:15', NULL, NULL, NULL, 0, '2015-08-30 11:45:00', '2015-08-30 11:45:00'),
	(497, 1349, '29', '00:15:05', NULL, NULL, NULL, 0, '2015-08-30 11:45:00', '2015-08-30 11:45:00'),
	(498, 1349, '36', '00:15:32', NULL, NULL, NULL, 0, '2015-08-30 11:45:00', '2015-08-30 11:45:00'),
	(499, 1349, '40', '00:17:40', NULL, NULL, NULL, 0, '2015-08-30 11:45:00', '2015-08-30 11:45:00'),
	(500, 1349, '41', '00:17:21', NULL, NULL, NULL, 0, '2015-08-30 11:45:00', '2015-08-30 11:45:00'),
	(501, 1349, '44', '00:17:18', NULL, NULL, NULL, 0, '2015-08-30 11:45:00', '2015-08-30 11:45:00'),
	(502, 1350, '13', '00:30:12', NULL, NULL, NULL, 0, '2015-08-30 12:00:00', '2015-08-30 12:00:00'),
	(503, 1350, '29', '00:30:57', NULL, NULL, NULL, 0, '2015-08-30 12:00:00', '2015-08-30 12:00:00'),
	(504, 1350, '36', '00:33:12', NULL, NULL, NULL, 0, '2015-08-30 12:00:00', '2015-08-30 12:00:00'),
	(505, 1350, '40', '00:37:31', NULL, NULL, NULL, 0, '2015-08-30 12:00:00', '2015-08-30 12:00:00'),
	(506, 1350, '41', '00:34:34', NULL, NULL, NULL, 0, '2015-08-30 12:00:00', '2015-08-30 12:00:00'),
	(507, 1350, '44', '00:35:57', NULL, NULL, NULL, 0, '2015-08-30 12:00:00', '2015-08-30 12:00:00'),
	(508, 1351, '13', '00:23:50', NULL, NULL, NULL, 0, '2015-08-30 12:15:00', '2015-08-30 12:15:00'),
	(509, 1351, '29', '00:25:55', NULL, NULL, NULL, 0, '2015-08-30 12:15:00', '2015-08-30 12:15:00'),
	(510, 1351, '36', '00:26:16', NULL, NULL, NULL, 0, '2015-08-30 12:15:00', '2015-08-30 12:15:00'),
	(511, 1351, '40', '00:32:41', NULL, NULL, NULL, 0, '2015-08-30 12:15:00', '2015-08-30 12:15:00'),
	(512, 1351, '41', '00:30:27', NULL, NULL, NULL, 0, '2015-08-30 12:15:00', '2015-08-30 12:15:00'),
	(513, 1351, '44', '00:29:23', NULL, NULL, NULL, 0, '2015-08-30 12:15:00', '2015-08-30 12:15:00'),
	(514, 1352, '13', '00:22:19', NULL, NULL, NULL, 0, '2015-08-30 12:30:00', '2015-08-30 12:30:00'),
	(515, 1352, '29', '00:22:29', NULL, NULL, NULL, 0, '2015-08-30 12:30:00', '2015-08-30 12:30:00'),
	(516, 1352, '36', '00:23:22', NULL, NULL, NULL, 0, '2015-08-30 12:30:00', '2015-08-30 12:30:00'),
	(517, 1352, '40', '00:27:16', NULL, NULL, NULL, 0, '2015-08-30 12:30:00', '2015-08-30 12:30:00'),
	(518, 1352, '41', '00:27:56', NULL, NULL, NULL, 0, '2015-08-30 12:30:00', '2015-08-30 12:30:00'),
	(519, 1352, '44', '00:26:22', NULL, NULL, NULL, 0, '2015-08-30 12:30:00', '2015-08-30 12:30:00'),
	(520, 1353, '13', '00:15:03', NULL, NULL, NULL, 0, '2015-08-30 12:45:00', '2015-08-30 12:45:00'),
	(521, 1353, '29', '00:15:08', NULL, NULL, NULL, 0, '2015-08-30 12:45:00', '2015-08-30 12:45:00'),
	(522, 1353, '36', '00:15:08', NULL, NULL, NULL, 0, '2015-08-30 12:45:00', '2015-08-30 12:45:00'),
	(523, 1353, '40', '00:18:37', NULL, NULL, NULL, 0, '2015-08-30 12:45:00', '2015-08-30 12:45:00'),
	(524, 1353, '41', '00:17:49', NULL, NULL, NULL, 0, '2015-08-30 12:45:00', '2015-08-30 12:45:00'),
	(525, 1353, '44', '00:16:54', NULL, NULL, NULL, 0, '2015-08-30 12:45:00', '2015-08-30 12:45:00'),
	(526, 928, '31', '00:11:33', NULL, NULL, NULL, 0, '2015-08-31 09:00:00', '2015-08-31 09:00:00'),
	(527, 928, '39', '00:13:19', NULL, NULL, NULL, 0, '2015-08-31 09:00:00', '2015-08-31 09:00:00'),
	(528, 928, '42', '00:12:03', NULL, NULL, NULL, 0, '2015-08-31 09:00:00', '2015-08-31 09:00:00'),
	(529, 928, '45', '00:12:01', NULL, NULL, NULL, 0, '2015-08-31 09:00:00', '2015-08-31 09:00:00'),
	(530, 928, '46', '00:12:16', NULL, NULL, NULL, 0, '2015-08-31 09:00:00', '2015-08-31 09:00:00'),
	(531, 928, '47', '00:16:20', NULL, NULL, NULL, 0, '2015-08-31 09:00:00', '2015-08-31 09:00:00'),
	(532, 929, '31', '00:08:25', NULL, NULL, NULL, 0, '2015-08-31 09:15:01', '2015-08-31 09:15:01'),
	(533, 929, '39', '00:09:08', NULL, NULL, NULL, 0, '2015-08-31 09:15:01', '2015-08-31 09:15:01'),
	(534, 929, '42', '00:08:46', NULL, NULL, NULL, 0, '2015-08-31 09:15:01', '2015-08-31 09:15:01'),
	(535, 929, '45', '00:08:45', NULL, NULL, NULL, 0, '2015-08-31 09:15:01', '2015-08-31 09:15:01'),
	(536, 929, '46', '00:09:21', NULL, NULL, NULL, 0, '2015-08-31 09:15:01', '2015-08-31 09:15:01'),
	(537, 929, '47', '00:12:09', NULL, NULL, NULL, 0, '2015-08-31 09:15:01', '2015-08-31 09:15:01'),
	(538, 930, '31', '00:08:47', NULL, NULL, NULL, 0, '2015-08-31 09:30:00', '2015-08-31 09:30:00'),
	(539, 930, '39', '00:09:27', NULL, NULL, NULL, 0, '2015-08-31 09:30:00', '2015-08-31 09:30:00'),
	(540, 930, '42', '00:08:56', NULL, NULL, NULL, 0, '2015-08-31 09:30:00', '2015-08-31 09:30:00'),
	(541, 930, '45', '00:09:17', NULL, NULL, NULL, 0, '2015-08-31 09:30:00', '2015-08-31 09:30:00'),
	(542, 930, '46', '00:09:13', NULL, NULL, NULL, 0, '2015-08-31 09:30:00', '2015-08-31 09:30:00'),
	(543, 930, '47', '00:12:17', NULL, NULL, NULL, 0, '2015-08-31 09:30:00', '2015-08-31 09:30:00'),
	(544, 931, '31', '00:11:33', NULL, NULL, NULL, 0, '2015-08-31 09:45:00', '2015-08-31 09:45:00'),
	(545, 931, '39', '00:13:25', NULL, NULL, NULL, 0, '2015-08-31 09:45:00', '2015-08-31 09:45:00'),
	(546, 931, '42', '00:12:40', NULL, NULL, NULL, 0, '2015-08-31 09:45:00', '2015-08-31 09:45:00'),
	(547, 931, '45', '00:11:59', NULL, NULL, NULL, 0, '2015-08-31 09:45:00', '2015-08-31 09:45:00'),
	(548, 931, '46', '00:12:01', NULL, NULL, NULL, 0, '2015-08-31 09:45:00', '2015-08-31 09:45:00'),
	(549, 931, '47', '00:16:01', NULL, NULL, NULL, 0, '2015-08-31 09:45:00', '2015-08-31 09:45:00'),
	(550, 932, '31', '00:08:24', NULL, NULL, NULL, 0, '2015-08-31 10:00:00', '2015-08-31 10:00:00'),
	(551, 932, '39', '00:09:01', NULL, NULL, NULL, 0, '2015-08-31 10:00:00', '2015-08-31 10:00:00'),
	(552, 932, '42', '00:08:53', NULL, NULL, NULL, 0, '2015-08-31 10:00:00', '2015-08-31 10:00:00'),
	(553, 932, '45', '00:08:57', NULL, NULL, NULL, 0, '2015-08-31 10:00:00', '2015-08-31 10:00:00'),
	(554, 932, '46', '00:09:30', NULL, NULL, NULL, 0, '2015-08-31 10:00:00', '2015-08-31 10:00:00'),
	(555, 932, '47', '00:11:32', NULL, NULL, NULL, 0, '2015-08-31 10:00:00', '2015-08-31 10:00:00'),
	(556, 933, '31', '00:11:04', NULL, NULL, NULL, 0, '2015-08-31 10:15:01', '2015-08-31 10:15:01'),
	(557, 933, '39', '00:12:19', NULL, NULL, NULL, 0, '2015-08-31 10:15:01', '2015-08-31 10:15:01'),
	(558, 933, '42', '00:12:15', NULL, NULL, NULL, 0, '2015-08-31 10:15:01', '2015-08-31 10:15:01'),
	(559, 933, '45', '00:12:06', NULL, NULL, NULL, 0, '2015-08-31 10:15:01', '2015-08-31 10:15:01'),
	(560, 933, '46', '00:12:17', NULL, NULL, NULL, 0, '2015-08-31 10:15:01', '2015-08-31 10:15:01'),
	(561, 933, '47', '00:15:48', NULL, NULL, NULL, 0, '2015-08-31 10:15:01', '2015-08-31 10:15:01'),
	(562, 934, '31', '00:08:34', NULL, NULL, NULL, 0, '2015-08-31 10:30:01', '2015-08-31 10:30:01'),
	(563, 934, '39', '00:08:45', NULL, NULL, NULL, 0, '2015-08-31 10:30:01', '2015-08-31 10:30:01'),
	(564, 934, '42', '00:09:30', NULL, NULL, NULL, 0, '2015-08-31 10:30:01', '2015-08-31 10:30:01'),
	(565, 934, '45', '00:09:08', NULL, NULL, NULL, 0, '2015-08-31 10:30:01', '2015-08-31 10:30:01'),
	(566, 934, '46', '00:09:34', NULL, NULL, NULL, 0, '2015-08-31 10:30:01', '2015-08-31 10:30:01'),
	(567, 934, '47', '00:11:38', NULL, NULL, NULL, 0, '2015-08-31 10:30:01', '2015-08-31 10:30:01'),
	(568, 935, '31', '00:16:48', NULL, NULL, NULL, 0, '2015-08-31 10:45:01', '2015-08-31 10:45:01'),
	(569, 935, '39', '00:18:52', NULL, NULL, NULL, 0, '2015-08-31 10:45:01', '2015-08-31 10:45:01'),
	(570, 935, '42', '00:18:12', NULL, NULL, NULL, 0, '2015-08-31 10:45:01', '2015-08-31 10:45:01'),
	(571, 935, '45', '00:17:49', NULL, NULL, NULL, 0, '2015-08-31 10:45:01', '2015-08-31 10:45:01'),
	(572, 935, '46', '00:19:41', NULL, NULL, NULL, 0, '2015-08-31 10:45:01', '2015-08-31 10:45:01'),
	(573, 935, '47', '00:23:39', NULL, NULL, NULL, 0, '2015-08-31 10:45:01', '2015-08-31 10:45:01'),
	(574, 936, '31', '00:11:20', NULL, NULL, NULL, 0, '2015-08-31 11:00:00', '2015-08-31 11:00:00'),
	(575, 936, '39', '00:12:14', NULL, NULL, NULL, 0, '2015-08-31 11:00:00', '2015-08-31 11:00:00'),
	(576, 936, '42', '00:11:57', NULL, NULL, NULL, 0, '2015-08-31 11:00:00', '2015-08-31 11:00:00'),
	(577, 936, '45', '00:11:58', NULL, NULL, NULL, 0, '2015-08-31 11:00:00', '2015-08-31 11:00:00'),
	(578, 936, '46', '00:11:41', NULL, NULL, NULL, 0, '2015-08-31 11:00:00', '2015-08-31 11:00:00'),
	(579, 936, '47', '00:15:19', NULL, NULL, NULL, 0, '2015-08-31 11:00:00', '2015-08-31 11:00:00'),
	(580, 937, '31', '00:07:57', NULL, NULL, NULL, 0, '2015-08-31 11:15:00', '2015-08-31 11:15:00'),
	(581, 937, '39', '00:08:32', NULL, NULL, NULL, 0, '2015-08-31 11:15:00', '2015-08-31 11:15:00'),
	(582, 937, '42', '00:08:28', NULL, NULL, NULL, 0, '2015-08-31 11:15:00', '2015-08-31 11:15:00'),
	(583, 937, '45', '00:08:15', NULL, NULL, NULL, 0, '2015-08-31 11:15:00', '2015-08-31 11:15:00'),
	(584, 937, '46', '00:08:58', NULL, NULL, NULL, 0, '2015-08-31 11:15:00', '2015-08-31 11:15:00'),
	(585, 937, '47', '00:10:55', NULL, NULL, NULL, 0, '2015-08-31 11:15:00', '2015-08-31 11:15:00'),
	(586, 938, '31', '00:07:03', NULL, NULL, NULL, 0, '2015-08-31 11:30:01', '2015-08-31 11:30:01'),
	(587, 938, '39', '00:08:24', NULL, NULL, NULL, 0, '2015-08-31 11:30:01', '2015-08-31 11:30:01'),
	(588, 938, '42', '00:07:35', NULL, NULL, NULL, 0, '2015-08-31 11:30:01', '2015-08-31 11:30:01'),
	(589, 938, '45', '00:07:25', NULL, NULL, NULL, 0, '2015-08-31 11:30:01', '2015-08-31 11:30:01'),
	(590, 938, '46', '00:07:37', NULL, NULL, NULL, 0, '2015-08-31 11:30:01', '2015-08-31 11:30:01'),
	(591, 938, '47', '00:10:38', NULL, NULL, NULL, 0, '2015-08-31 11:30:01', '2015-08-31 11:30:01'),
	(592, 939, '31', '00:11:00', NULL, NULL, NULL, 0, '2015-08-31 11:45:00', '2015-08-31 11:45:00'),
	(593, 939, '39', '00:11:45', NULL, NULL, NULL, 0, '2015-08-31 11:45:00', '2015-08-31 11:45:00'),
	(594, 939, '42', '00:11:42', NULL, NULL, NULL, 0, '2015-08-31 11:45:00', '2015-08-31 11:45:00'),
	(595, 939, '45', '00:11:21', NULL, NULL, NULL, 0, '2015-08-31 11:45:00', '2015-08-31 11:45:00'),
	(596, 939, '46', '00:12:37', NULL, NULL, NULL, 0, '2015-08-31 11:45:00', '2015-08-31 11:45:00'),
	(597, 939, '47', '00:15:56', NULL, NULL, NULL, 0, '2015-08-31 11:45:00', '2015-08-31 11:45:00'),
	(598, 940, '31', '00:08:20', NULL, NULL, NULL, 0, '2015-08-31 12:00:00', '2015-08-31 12:00:00'),
	(599, 940, '39', '00:08:41', NULL, NULL, NULL, 0, '2015-08-31 12:00:00', '2015-08-31 12:00:00'),
	(600, 940, '42', '00:08:42', NULL, NULL, NULL, 0, '2015-08-31 12:00:00', '2015-08-31 12:00:00'),
	(601, 940, '45', '00:08:16', NULL, NULL, NULL, 0, '2015-08-31 12:00:00', '2015-08-31 12:00:00'),
	(602, 940, '46', '00:08:42', NULL, NULL, NULL, 0, '2015-08-31 12:00:00', '2015-08-31 12:00:00'),
	(603, 940, '47', '00:11:11', NULL, NULL, NULL, 0, '2015-08-31 12:00:00', '2015-08-31 12:00:00'),
	(604, 941, '31', '00:17:06', NULL, NULL, NULL, 0, '2015-08-31 12:15:01', '2015-08-31 12:15:01'),
	(605, 941, '39', '00:18:47', NULL, NULL, NULL, 0, '2015-08-31 12:15:01', '2015-08-31 12:15:01'),
	(606, 941, '42', '00:18:05', NULL, NULL, NULL, 0, '2015-08-31 12:15:01', '2015-08-31 12:15:01'),
	(607, 941, '45', '00:17:51', NULL, NULL, NULL, 0, '2015-08-31 12:15:01', '2015-08-31 12:15:01'),
	(608, 941, '46', '00:18:48', NULL, NULL, NULL, 0, '2015-08-31 12:15:01', '2015-08-31 12:15:01'),
	(609, 941, '47', '00:24:48', NULL, NULL, NULL, 0, '2015-08-31 12:15:01', '2015-08-31 12:15:01'),
	(610, 942, '31', '00:02:03', NULL, NULL, NULL, 0, '2015-08-31 12:30:01', '2015-08-31 12:30:01'),
	(611, 942, '39', '00:02:19', NULL, NULL, NULL, 0, '2015-08-31 12:30:01', '2015-08-31 12:30:01'),
	(612, 942, '42', '00:02:19', NULL, NULL, NULL, 0, '2015-08-31 12:30:01', '2015-08-31 12:30:01'),
	(613, 942, '45', '00:02:13', NULL, NULL, NULL, 0, '2015-08-31 12:30:01', '2015-08-31 12:30:01'),
	(614, 942, '46', '00:02:25', NULL, NULL, NULL, 0, '2015-08-31 12:30:01', '2015-08-31 12:30:01'),
	(615, 942, '47', '00:02:58', NULL, NULL, NULL, 0, '2015-08-31 12:30:01', '2015-08-31 12:30:01'),
	(616, 1132, '43', '00:11:45', NULL, NULL, NULL, 0, '2015-09-01 09:00:01', '2015-09-01 09:00:01'),
	(617, 1132, '48', '00:08:02', NULL, NULL, NULL, 0, '2015-09-01 09:00:01', '2015-09-01 09:00:01'),
	(618, 1132, '50', '00:06:53', NULL, NULL, NULL, 0, '2015-09-01 09:00:01', '2015-09-01 09:00:01'),
	(619, 1132, '52', '00:06:24', NULL, NULL, NULL, 0, '2015-09-01 09:00:01', '2015-09-01 09:00:01'),
	(620, 1132, '53', '00:08:33', NULL, NULL, NULL, 0, '2015-09-01 09:00:01', '2015-09-01 09:00:01'),
	(621, 1132, '54', '00:06:55', NULL, NULL, NULL, 0, '2015-09-01 09:00:01', '2015-09-01 09:00:01'),
	(622, 1132, '55', '00:08:19', NULL, NULL, NULL, 0, '2015-09-01 09:00:01', '2015-09-01 09:00:01'),
	(623, 1133, '43', '00:24:56', NULL, NULL, NULL, 0, '2015-09-01 09:15:00', '2015-09-01 09:15:00'),
	(624, 1133, '48', '00:19:06', NULL, NULL, NULL, 0, '2015-09-01 09:15:00', '2015-09-01 09:15:00'),
	(625, 1133, '50', '00:15:07', NULL, NULL, NULL, 0, '2015-09-01 09:15:00', '2015-09-01 09:15:00'),
	(626, 1133, '52', '00:15:27', NULL, NULL, NULL, 0, '2015-09-01 09:15:00', '2015-09-01 09:15:00'),
	(627, 1133, '53', '00:18:40', NULL, NULL, NULL, 0, '2015-09-01 09:15:00', '2015-09-01 09:15:00'),
	(628, 1133, '54', '00:16:09', NULL, NULL, NULL, 0, '2015-09-01 09:15:00', '2015-09-01 09:15:00'),
	(629, 1133, '55', '00:17:40', NULL, NULL, NULL, 0, '2015-09-01 09:15:00', '2015-09-01 09:15:00'),
	(630, 1134, '43', '00:07:20', NULL, NULL, NULL, 0, '2015-09-01 09:30:01', '2015-09-01 09:30:01'),
	(631, 1134, '48', '00:05:21', NULL, NULL, NULL, 0, '2015-09-01 09:30:01', '2015-09-01 09:30:01'),
	(632, 1134, '50', '00:04:15', NULL, NULL, NULL, 0, '2015-09-01 09:30:01', '2015-09-01 09:30:01'),
	(633, 1134, '52', '00:04:06', NULL, NULL, NULL, 0, '2015-09-01 09:30:01', '2015-09-01 09:30:01'),
	(634, 1134, '53', '00:05:40', NULL, NULL, NULL, 0, '2015-09-01 09:30:01', '2015-09-01 09:30:01'),
	(635, 1134, '54', '00:04:39', NULL, NULL, NULL, 0, '2015-09-01 09:30:01', '2015-09-01 09:30:01'),
	(636, 1134, '55', '00:05:15', NULL, NULL, NULL, 0, '2015-09-01 09:30:01', '2015-09-01 09:30:01'),
	(637, 1135, '43', '00:11:15', NULL, NULL, NULL, 0, '2015-09-01 09:45:01', '2015-09-01 09:45:01'),
	(638, 1135, '48', '00:08:46', NULL, NULL, NULL, 0, '2015-09-01 09:45:01', '2015-09-01 09:45:01'),
	(639, 1135, '50', '00:06:49', NULL, NULL, NULL, 0, '2015-09-01 09:45:01', '2015-09-01 09:45:01'),
	(640, 1135, '52', '00:06:38', NULL, NULL, NULL, 0, '2015-09-01 09:45:01', '2015-09-01 09:45:01'),
	(641, 1135, '53', '00:08:16', NULL, NULL, NULL, 0, '2015-09-01 09:45:01', '2015-09-01 09:45:01'),
	(642, 1135, '54', '00:06:45', NULL, NULL, NULL, 0, '2015-09-01 09:45:01', '2015-09-01 09:45:01'),
	(643, 1135, '55', '00:07:50', NULL, NULL, NULL, 0, '2015-09-01 09:45:01', '2015-09-01 09:45:01'),
	(644, 1136, '43', '00:26:54', NULL, NULL, NULL, 0, '2015-09-01 10:00:00', '2015-09-01 10:00:00'),
	(645, 1136, '48', '00:18:24', NULL, NULL, NULL, 0, '2015-09-01 10:00:00', '2015-09-01 10:00:00'),
	(646, 1136, '50', '00:15:29', NULL, NULL, NULL, 0, '2015-09-01 10:00:00', '2015-09-01 10:00:00'),
	(647, 1136, '52', '00:15:30', NULL, NULL, NULL, 0, '2015-09-01 10:00:00', '2015-09-01 10:00:00'),
	(648, 1136, '53', '00:19:41', NULL, NULL, NULL, 0, '2015-09-01 10:00:00', '2015-09-01 10:00:00'),
	(649, 1136, '54', '00:15:57', NULL, NULL, NULL, 0, '2015-09-01 10:00:00', '2015-09-01 10:00:00'),
	(650, 1136, '55', '00:19:04', NULL, NULL, NULL, 0, '2015-09-01 10:00:00', '2015-09-01 10:00:00'),
	(651, 1137, '43', '00:07:14', NULL, NULL, NULL, 0, '2015-09-01 10:15:01', '2015-09-01 10:15:01'),
	(652, 1137, '48', '00:05:19', NULL, NULL, NULL, 0, '2015-09-01 10:15:01', '2015-09-01 10:15:01'),
	(653, 1137, '50', '00:04:28', NULL, NULL, NULL, 0, '2015-09-01 10:15:01', '2015-09-01 10:15:01'),
	(654, 1137, '52', '00:04:20', NULL, NULL, NULL, 0, '2015-09-01 10:15:01', '2015-09-01 10:15:01'),
	(655, 1137, '53', '00:05:25', NULL, NULL, NULL, 0, '2015-09-01 10:15:01', '2015-09-01 10:15:01'),
	(656, 1137, '54', '00:04:42', NULL, NULL, NULL, 0, '2015-09-01 10:15:01', '2015-09-01 10:15:01'),
	(657, 1137, '55', '00:05:26', NULL, NULL, NULL, 0, '2015-09-01 10:15:01', '2015-09-01 10:15:01'),
	(658, 1138, '43', '00:22:27', NULL, NULL, NULL, 0, '2015-09-01 10:30:01', '2015-09-01 10:30:01'),
	(659, 1138, '48', '00:16:52', NULL, NULL, NULL, 0, '2015-09-01 10:30:01', '2015-09-01 10:30:01'),
	(660, 1138, '50', '00:14:10', NULL, NULL, NULL, 0, '2015-09-01 10:30:01', '2015-09-01 10:30:01'),
	(661, 1138, '52', '00:13:21', NULL, NULL, NULL, 0, '2015-09-01 10:30:01', '2015-09-01 10:30:01'),
	(662, 1138, '53', '00:18:31', NULL, NULL, NULL, 0, '2015-09-01 10:30:02', '2015-09-01 10:30:02'),
	(663, 1138, '54', '00:14:43', NULL, NULL, NULL, 0, '2015-09-01 10:30:02', '2015-09-01 10:30:02'),
	(664, 1138, '55', '00:17:44', NULL, NULL, NULL, 0, '2015-09-01 10:30:02', '2015-09-01 10:30:02'),
	(665, 1139, '43', '00:19:22', NULL, NULL, NULL, 0, '2015-09-01 10:45:01', '2015-09-01 10:45:01'),
	(666, 1139, '48', '00:12:46', NULL, NULL, NULL, 0, '2015-09-01 10:45:01', '2015-09-01 10:45:01'),
	(667, 1139, '50', '00:11:51', NULL, NULL, NULL, 0, '2015-09-01 10:45:01', '2015-09-01 10:45:01'),
	(668, 1139, '52', '00:10:52', NULL, NULL, NULL, 0, '2015-09-01 10:45:01', '2015-09-01 10:45:01'),
	(669, 1139, '53', '00:14:21', NULL, NULL, NULL, 0, '2015-09-01 10:45:01', '2015-09-01 10:45:01'),
	(670, 1139, '54', '00:11:51', NULL, NULL, NULL, 0, '2015-09-01 10:45:01', '2015-09-01 10:45:01'),
	(671, 1139, '55', '00:13:38', NULL, NULL, NULL, 0, '2015-09-01 10:45:01', '2015-09-01 10:45:01'),
	(672, 1140, '43', '00:24:50', NULL, NULL, NULL, 0, '2015-09-01 11:00:01', '2015-09-01 11:00:01'),
	(673, 1140, '48', '00:17:31', NULL, NULL, NULL, 0, '2015-09-01 11:00:01', '2015-09-01 11:00:01'),
	(674, 1140, '50', '00:14:01', NULL, NULL, NULL, 0, '2015-09-01 11:00:01', '2015-09-01 11:00:01'),
	(675, 1140, '52', '00:14:04', NULL, NULL, NULL, 0, '2015-09-01 11:00:01', '2015-09-01 11:00:01'),
	(676, 1140, '53', '00:17:51', NULL, NULL, NULL, 0, '2015-09-01 11:00:01', '2015-09-01 11:00:01'),
	(677, 1140, '54', '00:14:48', NULL, NULL, NULL, 0, '2015-09-01 11:00:01', '2015-09-01 11:00:01'),
	(678, 1140, '55', '00:17:03', NULL, NULL, NULL, 0, '2015-09-01 11:00:01', '2015-09-01 11:00:01');
/*!40000 ALTER TABLE `rally_stage_result` ENABLE KEYS */;


-- Dumping structure for table switkrze_rally.rally_surface
DROP TABLE IF EXISTS `rally_surface`;
CREATE TABLE IF NOT EXISTS `rally_surface` (
  `id` int(11) NOT NULL AUTO_INCREMENT,
  `rally_id` int(11) DEFAULT NULL,
  `surface` varchar(255) DEFAULT NULL,
  `percentage` float(8,2) DEFAULT NULL,
  `created_at` datetime NOT NULL,
  `updated_at` datetime NOT NULL,
  PRIMARY KEY (`id`),
  KEY `rally_id_idx` (`rally_id`)
) ENGINE=MyISAM AUTO_INCREMENT=229 DEFAULT CHARSET=utf8;

-- Dumping data for table switkrze_rally.rally_surface: 212 rows
DELETE FROM `rally_surface`;
/*!40000 ALTER TABLE `rally_surface` DISABLE KEYS */;
INSERT INTO `rally_surface` (`id`, `rally_id`, `surface`, `percentage`, `created_at`, `updated_at`) VALUES
	(1, 1, 'tarmac', 95.00, '2015-08-08 12:50:19', '2015-08-08 12:50:19'),
	(2, 1, 'gravel', 5.00, '2015-08-08 12:50:19', '2015-08-08 12:50:19'),
	(3, 2, 'snow', 100.00, '2015-08-08 12:56:21', '2015-08-08 12:56:21'),
	(4, 3, 'gravel', 100.00, '2015-08-08 13:01:41', '2015-08-08 13:01:41'),
	(5, 4, 'gravel', 100.00, '2015-08-08 13:05:32', '2015-08-08 13:05:32'),
	(6, 4, 'rain', 20.00, '2015-08-08 13:05:32', '2015-08-08 13:05:32'),
	(7, 5, 'gravel', 95.00, '2015-08-08 13:09:53', '2015-08-08 13:09:53'),
	(8, 5, 'tarmac', 5.00, '2015-08-08 13:09:53', '2015-08-08 13:09:53'),
	(9, 5, 'rain', 15.00, '2015-08-08 13:09:53', '2015-08-08 13:09:53'),
	(10, 6, 'gravel', 93.00, '2015-08-08 14:53:32', '2015-08-08 14:53:32'),
	(11, 6, 'tarmac', 7.00, '2015-08-08 14:53:32', '2015-08-08 14:53:32'),
	(12, 6, 'rain', 20.00, '2015-08-08 14:53:32', '2015-08-08 14:53:32'),
	(13, 7, 'gravel', 63.00, '2015-08-08 14:58:53', '2015-08-08 14:58:53'),
	(14, 7, 'tarmac', 37.00, '2015-08-08 14:58:53', '2015-08-08 14:58:53'),
	(15, 7, 'rain', 31.00, '2015-08-08 14:58:53', '2015-08-08 14:58:53'),
	(16, 8, 'gravel', 79.00, '2015-08-08 17:48:37', '2015-08-08 17:48:37'),
	(17, 8, 'tarmac', 21.00, '2015-08-08 17:48:37', '2015-08-08 17:48:37'),
	(18, 8, 'rain', 7.00, '2015-08-08 17:48:37', '2015-08-08 17:48:37'),
	(19, 9, 'tarmac', 93.00, '2015-08-08 18:06:00', '2015-08-08 18:06:00'),
	(20, 9, 'gravel', 7.00, '2015-08-08 18:06:00', '2015-08-08 18:06:00'),
	(21, 9, 'rain', 5.00, '2015-08-08 18:06:00', '2015-08-08 18:06:00'),
	(22, 10, 'gravel', 100.00, '2015-08-08 18:15:39', '2015-08-08 18:15:39'),
	(23, 11, 'tarmac', 100.00, '2015-08-09 09:08:16', '2015-08-09 09:08:16'),
	(24, 11, 'rain', 5.00, '2015-08-09 09:08:16', '2015-08-09 09:08:16'),
	(25, 12, 'tarmac', 61.00, '2015-08-09 09:29:16', '2015-08-09 09:29:16'),
	(26, 12, 'gravel', 39.00, '2015-08-09 09:29:16', '2015-08-09 09:29:16'),
	(27, 12, 'rain', 11.00, '2015-08-09 09:29:16', '2015-08-09 09:29:16'),
	(28, 13, 'gravel', 93.00, '2015-08-09 09:33:26', '2015-08-09 09:33:26'),
	(29, 13, 'tarmac', 7.00, '2015-08-09 09:33:26', '2015-08-09 09:33:26'),
	(30, 13, 'rain', 56.00, '2015-08-09 09:33:26', '2015-08-09 09:33:26'),
	(31, 14, 'tarmac', 58.00, '2015-08-09 14:43:28', '2015-08-09 14:43:28'),
	(32, 14, 'snow', 42.00, '2015-08-09 14:43:28', '2015-08-09 14:43:28'),
	(33, 14, 'rain', 5.00, '2015-08-09 14:43:28', '2015-08-09 14:43:28'),
	(34, 15, 'gravel', 63.00, '2015-08-09 14:47:06', '2015-08-09 14:47:06'),
	(35, 15, 'snow', 37.00, '2015-08-09 14:47:06', '2015-08-09 14:47:06'),
	(36, 15, 'rain', 11.00, '2015-08-09 14:47:06', '2015-08-09 14:47:06'),
	(37, 16, 'tarmac', 100.00, '2015-08-09 18:29:55', '2015-08-09 18:29:55'),
	(38, 16, 'rain', 35.00, '2015-08-09 18:29:55', '2015-08-09 18:29:55'),
	(39, 17, 'gravel', 88.00, '2015-08-09 18:37:22', '2015-08-09 18:37:22'),
	(40, 17, 'tarmac', 12.00, '2015-08-09 18:37:22', '2015-08-09 18:37:22'),
	(41, 17, 'rain', 3.00, '2015-08-09 18:37:22', '2015-08-09 18:37:22'),
	(42, 18, 'tarmac', 100.00, '2015-08-10 10:35:26', '2015-08-10 10:35:26'),
	(43, 18, 'rain', 15.00, '2015-08-10 10:35:26', '2015-08-10 10:35:26'),
	(58, 26, 'gravel', 100.00, '2015-08-10 10:51:22', '2015-08-10 10:51:22'),
	(59, 26, 'rain', 15.00, '2015-08-10 10:51:22', '2015-08-10 10:51:22'),
	(60, 27, 'tarmac', 100.00, '2015-08-10 10:54:48', '2015-08-10 10:54:48'),
	(61, 27, 'rain', 11.00, '2015-08-10 10:54:48', '2015-08-10 10:54:48'),
	(62, 28, 'gravel', 100.00, '2015-08-10 10:57:37', '2015-08-10 10:57:37'),
	(63, 29, 'gravel', 100.00, '2015-08-10 11:00:38', '2015-08-10 11:00:38'),
	(64, 30, 'tarmac', 100.00, '2015-08-10 11:04:16', '2015-08-10 11:04:16'),
	(65, 30, 'rain', 15.00, '2015-08-10 11:04:16', '2015-08-10 11:04:16'),
	(66, 31, 'snow', 100.00, '2015-08-10 11:11:05', '2015-08-10 11:11:05'),
	(67, 31, 'rain', 5.00, '2015-08-10 11:11:05', '2015-08-10 11:11:05'),
	(68, 32, 'tarmac', 100.00, '2015-08-10 11:14:37', '2015-08-10 11:14:37'),
	(69, 33, 'tarmac', 100.00, '2015-08-10 11:21:17', '2015-08-10 11:21:17'),
	(70, 33, 'rain', 15.00, '2015-08-10 11:21:17', '2015-08-10 11:21:17'),
	(71, 34, 'gravel', 85.00, '2015-08-10 11:25:24', '2015-08-10 11:25:24'),
	(72, 34, 'tarmac', 15.00, '2015-08-10 11:25:24', '2015-08-10 11:25:24'),
	(73, 34, 'rain', 15.00, '2015-08-10 11:25:24', '2015-08-10 11:25:24'),
	(74, 35, 'tarmac', 100.00, '2015-08-10 11:27:51', '2015-08-10 11:27:51'),
	(75, 36, 'tarmac', 100.00, '2015-08-10 11:35:54', '2015-08-10 11:35:54'),
	(76, 36, 'rain', 11.00, '2015-08-10 11:35:54', '2015-08-10 11:35:54'),
	(77, 37, 'snow', 100.00, '2015-08-10 11:58:58', '2015-08-10 11:58:58'),
	(78, 38, 'snow', 85.00, '2015-08-10 12:01:22', '2015-08-10 12:01:22'),
	(79, 38, 'gravel', 15.00, '2015-08-10 12:01:23', '2015-08-10 12:01:23'),
	(80, 38, 'rain', 10.00, '2015-08-10 12:01:23', '2015-08-10 12:01:23'),
	(81, 39, 'snow', 100.00, '2015-08-10 12:04:32', '2015-08-10 12:04:32'),
	(82, 39, 'rain', 11.00, '2015-08-10 12:04:32', '2015-08-10 12:04:32'),
	(83, 40, 'snow', 100.00, '2015-08-10 12:14:12', '2015-08-10 12:14:12'),
	(84, 41, 'snow', 69.00, '2015-08-10 12:16:39', '2015-08-10 12:16:39'),
	(85, 41, 'gravel', 31.00, '2015-08-10 12:16:39', '2015-08-10 12:16:39'),
	(86, 41, 'rain', 5.00, '2015-08-10 12:16:40', '2015-08-10 12:16:40'),
	(87, 42, 'gravel', 61.00, '2015-08-10 12:19:14', '2015-08-10 12:19:14'),
	(88, 42, 'snow', 39.00, '2015-08-10 12:19:14', '2015-08-10 12:19:14'),
	(89, 43, 'snow', 89.00, '2015-08-10 12:45:01', '2015-08-10 12:45:01'),
	(90, 43, 'gravel', 11.00, '2015-08-10 12:45:01', '2015-08-10 12:45:01'),
	(91, 43, 'rain', 15.00, '2015-08-10 12:45:01', '2015-08-10 12:45:01'),
	(92, 44, 'snow', 78.00, '2015-08-10 12:56:06', '2015-08-10 12:56:06'),
	(93, 44, 'gravel', 22.00, '2015-08-10 12:56:06', '2015-08-10 12:56:06'),
	(94, 44, 'rain', 11.00, '2015-08-10 12:56:06', '2015-08-10 12:56:06'),
	(95, 45, 'snow', 100.00, '2015-08-10 13:00:49', '2015-08-10 13:00:49'),
	(96, 46, 'snow', 89.00, '2015-08-10 13:05:04', '2015-08-10 13:05:04'),
	(97, 46, 'gravel', 11.00, '2015-08-10 13:05:04', '2015-08-10 13:05:04'),
	(98, 47, 'snow', 100.00, '2015-08-10 13:16:42', '2015-08-10 13:16:42'),
	(99, 47, 'rain', 33.00, '2015-08-10 13:16:42', '2015-08-10 13:16:42'),
	(100, 48, 'snow', 91.00, '2015-08-10 13:18:36', '2015-08-10 13:18:36'),
	(101, 48, 'gravel', 9.00, '2015-08-10 13:18:36', '2015-08-10 13:18:36'),
	(102, 48, 'rain', 3.00, '2015-08-10 13:18:36', '2015-08-10 13:18:36'),
	(104, 49, 'gravel', 21.00, '2015-08-10 15:12:07', '2015-08-10 15:12:07'),
	(103, 49, 'snow', 79.00, '2015-08-10 15:12:07', '2015-08-10 15:12:07'),
	(106, 50, 'rain', 45.00, '2015-08-10 15:21:49', '2015-08-10 15:21:49'),
	(105, 50, 'snow', 100.00, '2015-08-10 15:21:49', '2015-08-10 15:21:49'),
	(108, 51, 'snow', 11.00, '2015-08-10 15:24:01', '2015-08-10 15:24:01'),
	(107, 51, 'snow', 100.00, '2015-08-10 15:24:01', '2015-08-10 15:24:01'),
	(110, 52, 'gravel', 2.00, '2015-08-10 15:30:10', '2015-08-10 15:30:10'),
	(109, 52, 'tarmac', 98.00, '2015-08-10 15:30:10', '2015-08-10 15:30:10'),
	(112, 53, 'gravel', 42.00, '2015-08-10 15:36:15', '2015-08-10 15:36:15'),
	(111, 53, 'tarmac', 58.00, '2015-08-10 15:36:15', '2015-08-10 15:36:15'),
	(113, 54, 'tarmac', 100.00, '2015-08-10 15:38:49', '2015-08-10 15:38:49'),
	(115, 55, 'gravel', 49.00, '2015-08-10 15:41:57', '2015-08-10 15:41:57'),
	(114, 55, 'tarmac', 51.00, '2015-08-10 15:41:57', '2015-08-10 15:41:57'),
	(116, 56, 'gravel', 100.00, '2015-08-10 15:44:48', '2015-08-10 15:44:48'),
	(117, 57, 'tarmac', 100.00, '2015-08-10 15:48:24', '2015-08-10 15:48:24'),
	(118, 57, 'rain', 28.00, '2015-08-10 15:48:24', '2015-08-10 15:48:24'),
	(119, 58, 'tarmac', 100.00, '2015-08-10 15:50:44', '2015-08-10 15:50:44'),
	(120, 59, 'gravel', 75.00, '2015-08-10 15:54:30', '2015-08-10 15:54:30'),
	(121, 59, 'tarmac', 25.00, '2015-08-10 15:54:30', '2015-08-10 15:54:30'),
	(122, 60, 'tarmac', 100.00, '2015-08-10 16:20:57', '2015-08-10 16:20:57'),
	(123, 60, 'rain', 11.00, '2015-08-10 16:20:57', '2015-08-10 16:20:57'),
	(124, 61, 'tarmac', 100.00, '2015-08-10 16:27:13', '2015-08-10 16:27:13'),
	(125, 62, 'tarmac', 100.00, '2015-08-10 16:29:02', '2015-08-10 16:29:02'),
	(126, 63, 'tarmac', 87.00, '2015-08-10 16:31:41', '2015-08-10 16:31:41'),
	(127, 63, 'gravel', 13.00, '2015-08-10 16:31:41', '2015-08-10 16:31:41'),
	(128, 63, 'rain', 17.00, '2015-08-10 16:31:41', '2015-08-10 16:31:41'),
	(129, 64, 'gravel', 100.00, '2015-08-10 16:38:22', '2015-08-10 16:38:22'),
	(130, 65, 'tarmac', 87.00, '2015-08-10 16:41:16', '2015-08-10 16:41:16'),
	(131, 65, 'gravel', 13.00, '2015-08-10 16:41:16', '2015-08-10 16:41:16'),
	(132, 65, 'rain', 5.00, '2015-08-10 16:41:16', '2015-08-10 16:41:16'),
	(133, 66, 'tarmac', 100.00, '2015-08-10 16:47:23', '2015-08-10 16:47:23'),
	(134, 67, 'gravel', 100.00, '2015-08-10 16:50:08', '2015-08-10 16:50:08'),
	(135, 68, 'gravel', 73.00, '2015-08-10 16:52:25', '2015-08-10 16:52:25'),
	(136, 68, 'tarmac', 27.00, '2015-08-10 16:52:25', '2015-08-10 16:52:25'),
	(137, 68, 'rain', 11.00, '2015-08-10 16:52:25', '2015-08-10 16:52:25'),
	(138, 69, 'tarmac', 100.00, '2015-08-10 16:54:38', '2015-08-10 16:54:38'),
	(139, 69, 'rain', 73.00, '2015-08-10 16:54:38', '2015-08-10 16:54:38'),
	(140, 70, 'gravel', 100.00, '2015-08-10 17:20:46', '2015-08-10 17:20:46'),
	(141, 71, 'gravel', 100.00, '2015-08-10 17:24:19', '2015-08-10 17:24:19'),
	(142, 72, 'tarmac', 61.00, '2015-08-10 17:28:34', '2015-08-10 17:28:34'),
	(143, 72, 'gravel', 39.00, '2015-08-10 17:28:35', '2015-08-10 17:28:35'),
	(144, 72, 'rain', 18.00, '2015-08-10 17:28:35', '2015-08-10 17:28:35'),
	(145, 73, 'tarmac', 100.00, '2015-08-10 17:30:34', '2015-08-10 17:30:34'),
	(146, 74, 'tarmac', 67.00, '2015-08-10 17:47:58', '2015-08-10 17:47:58'),
	(147, 74, 'gravel', 33.00, '2015-08-10 17:47:58', '2015-08-10 17:47:58'),
	(148, 75, 'tarmac', 100.00, '2015-08-11 11:03:43', '2015-08-11 11:03:43'),
	(149, 75, 'rain', 5.00, '2015-08-11 11:03:43', '2015-08-11 11:03:43'),
	(150, 76, 'tarmac', 73.00, '2015-08-11 11:13:27', '2015-08-11 11:13:27'),
	(151, 76, 'gravel', 27.00, '2015-08-11 11:13:27', '2015-08-11 11:13:27'),
	(152, 76, 'rain', 21.00, '2015-08-11 11:13:27', '2015-08-11 11:13:27'),
	(153, 77, 'gravel', 73.00, '2015-08-11 11:24:13', '2015-08-11 11:24:13'),
	(154, 77, 'tarmac', 27.00, '2015-08-11 11:24:13', '2015-08-11 11:24:13'),
	(155, 77, 'rain', 11.00, '2015-08-11 11:24:13', '2015-08-11 11:24:13'),
	(156, 78, 'gravel', 100.00, '2015-08-11 11:38:06', '2015-08-11 11:38:06'),
	(157, 79, 'gravel', 100.00, '2015-08-11 11:57:54', '2015-08-11 11:57:54'),
	(158, 80, 'tarmac', 57.97, '2015-08-25 17:13:01', '2015-08-25 17:13:01'),
	(159, 80, 'snow', 42.03, '2015-08-25 17:13:01', '2015-08-25 17:13:01'),
	(160, 81, 'tarmac', 85.18, '2015-08-25 17:13:01', '2015-08-25 17:13:01'),
	(161, 81, 'gravel', 14.82, '2015-08-25 17:13:01', '2015-08-25 17:13:01'),
	(162, 82, 'snow', 100.00, '2015-08-25 17:13:01', '2015-08-25 17:13:01'),
	(163, 82, 'rain', 56.36, '2015-08-25 17:13:01', '2015-08-25 17:13:01'),
	(164, 83, 'tarmac', 100.00, '2015-08-25 17:13:01', '2015-08-25 17:13:01'),
	(165, 84, 'gravel', 88.28, '2015-08-25 17:13:01', '2015-08-25 17:13:01'),
	(166, 84, 'snow', 11.72, '2015-08-25 17:13:01', '2015-08-25 17:13:01'),
	(167, 85, 'snow', 100.00, '2015-08-25 17:13:01', '2015-08-25 17:13:01'),
	(168, 86, 'gravel', 58.92, '2015-08-25 17:13:01', '2015-08-25 17:13:01'),
	(169, 86, 'snow', 41.08, '2015-08-25 17:13:01', '2015-08-25 17:13:01'),
	(170, 86, 'rain', 24.70, '2015-08-25 17:13:01', '2015-08-25 17:13:01'),
	(171, 87, 'tarmac', 25.46, '2015-08-25 17:13:01', '2015-08-25 17:13:01'),
	(172, 87, 'snow', 74.54, '2015-08-25 17:13:01', '2015-08-25 17:13:01'),
	(173, 88, 'tarmac', 73.88, '2015-08-25 17:13:01', '2015-08-25 17:13:01'),
	(174, 88, 'gravel', 26.12, '2015-08-25 17:13:01', '2015-08-25 17:13:01'),
	(175, 89, 'snow', 100.00, '2015-08-25 17:13:01', '2015-08-25 17:13:01'),
	(176, 90, 'gravel', 100.00, '2015-08-25 17:13:01', '2015-08-25 17:13:01'),
	(177, 90, 'rain', 19.02, '2015-08-25 17:13:01', '2015-08-25 17:13:01'),
	(178, 91, 'snow', 100.00, '2015-08-25 17:13:01', '2015-08-25 17:13:01'),
	(179, 92, 'gravel', 100.00, '2015-08-28 10:13:05', '2015-08-28 10:13:05'),
	(180, 92, 'rain', 54.22, '2015-08-28 10:13:05', '2015-08-28 10:13:05'),
	(181, 93, 'tarmac', 42.92, '2015-08-28 10:13:05', '2015-08-28 10:13:05'),
	(182, 93, 'snow', 57.08, '2015-08-28 10:13:05', '2015-08-28 10:13:05'),
	(183, 94, 'gravel', 25.66, '2015-08-28 10:13:05', '2015-08-28 10:13:05'),
	(184, 94, 'snow', 74.34, '2015-08-28 10:13:05', '2015-08-28 10:13:05'),
	(185, 95, 'snow', 100.00, '2015-08-28 10:13:05', '2015-08-28 10:13:05'),
	(186, 96, 'tarmac', 58.85, '2015-08-28 10:13:05', '2015-08-28 10:13:05'),
	(187, 96, 'snow', 41.15, '2015-08-28 10:13:05', '2015-08-28 10:13:05'),
	(188, 97, 'gravel', 100.00, '2015-08-28 10:13:05', '2015-08-28 10:13:05'),
	(189, 97, 'rain', 43.08, '2015-08-28 10:13:05', '2015-08-28 10:13:05'),
	(190, 98, 'tarmac', 20.82, '2015-08-28 10:13:05', '2015-08-28 10:13:05'),
	(191, 98, 'gravel', 79.18, '2015-08-28 10:13:05', '2015-08-28 10:13:05'),
	(192, 98, 'rain', 56.03, '2015-08-28 10:13:05', '2015-08-28 10:13:05'),
	(193, 99, 'tarmac', 76.50, '2015-08-28 10:13:05', '2015-08-28 10:13:05'),
	(194, 99, 'snow', 23.50, '2015-08-28 10:13:05', '2015-08-28 10:13:05'),
	(195, 99, 'rain', 38.09, '2015-08-28 10:13:05', '2015-08-28 10:13:05'),
	(196, 100, 'gravel', 100.00, '2015-08-28 10:13:05', '2015-08-28 10:13:05'),
	(197, 100, 'rain', 21.84, '2015-08-28 10:13:05', '2015-08-28 10:13:05'),
	(198, 101, 'gravel', 100.00, '2015-08-28 10:13:05', '2015-08-28 10:13:05'),
	(199, 101, 'rain', 40.31, '2015-08-28 10:13:05', '2015-08-28 10:13:05'),
	(200, 102, 'tarmac', 100.00, '2015-08-28 10:13:05', '2015-08-28 10:13:05'),
	(201, 102, 'rain', 18.19, '2015-08-28 10:13:05', '2015-08-28 10:13:05'),
	(202, 103, 'tarmac', 100.00, '2015-08-28 10:13:05', '2015-08-28 10:13:05'),
	(203, 104, 'gravel', 100.00, '2015-08-30 09:19:23', '2015-08-30 09:19:23'),
	(204, 104, 'rain', 24.29, '2015-08-30 09:19:23', '2015-08-30 09:19:23'),
	(205, 105, 'gravel', 62.63, '2015-08-30 09:19:23', '2015-08-30 09:19:23'),
	(206, 105, 'snow', 37.37, '2015-08-30 09:19:23', '2015-08-30 09:19:23'),
	(207, 106, 'tarmac', 77.61, '2015-08-30 09:19:23', '2015-08-30 09:19:23'),
	(208, 106, 'gravel', 22.39, '2015-08-30 09:19:23', '2015-08-30 09:19:23'),
	(209, 107, 'tarmac', 26.00, '2015-08-30 09:19:23', '2015-08-30 09:19:23'),
	(210, 107, 'gravel', 74.00, '2015-08-30 09:19:23', '2015-08-30 09:19:23'),
	(211, 108, 'tarmac', 48.09, '2015-08-30 09:19:23', '2015-08-30 09:19:23'),
	(212, 108, 'snow', 51.91, '2015-08-30 09:19:23', '2015-08-30 09:19:23'),
	(213, 109, 'snow', 100.00, '2015-08-30 09:19:23', '2015-08-30 09:19:23'),
	(214, 109, 'rain', 62.98, '2015-08-30 09:19:23', '2015-08-30 09:19:23'),
	(215, 110, 'tarmac', 33.19, '2015-08-30 09:19:23', '2015-08-30 09:19:23'),
	(216, 110, 'snow', 66.81, '2015-08-30 09:19:23', '2015-08-30 09:19:23'),
	(217, 111, 'tarmac', 79.34, '2015-08-30 09:19:23', '2015-08-30 09:19:23'),
	(218, 111, 'snow', 20.66, '2015-08-30 09:19:23', '2015-08-30 09:19:23'),
	(219, 111, 'rain', 59.89, '2015-08-30 09:19:23', '2015-08-30 09:19:23'),
	(220, 112, 'tarmac', 100.00, '2015-08-30 09:19:23', '2015-08-30 09:19:23'),
	(221, 113, 'gravel', 18.33, '2015-08-30 09:19:23', '2015-08-30 09:19:23'),
	(222, 113, 'snow', 81.67, '2015-08-30 09:19:23', '2015-08-30 09:19:23'),
	(223, 114, 'gravel', 100.00, '2015-08-30 09:19:23', '2015-08-30 09:19:23'),
	(224, 115, 'tarmac', 74.38, '2015-08-30 09:19:23', '2015-08-30 09:19:23'),
	(225, 115, 'snow', 25.62, '2015-08-30 09:19:23', '2015-08-30 09:19:23'),
	(226, 115, 'rain', 56.72, '2015-08-30 09:19:23', '2015-08-30 09:19:23'),
	(227, 116, 'gravel', 47.71, '2015-09-01 10:14:09', '2015-09-01 10:14:09'),
	(228, 116, 'snow', 52.29, '2015-09-01 10:14:09', '2015-09-01 10:14:09');
/*!40000 ALTER TABLE `rally_surface` ENABLE KEYS */;


-- Dumping structure for table switkrze_rally.team_finance
DROP TABLE IF EXISTS `team_finance`;
CREATE TABLE IF NOT EXISTS `team_finance` (
  `id` int(11) NOT NULL AUTO_INCREMENT,
  `team_id` int(11) DEFAULT NULL,
  `amount` int(11) DEFAULT NULL,
  `description` varchar(255) DEFAULT NULL,
  `save_date` datetime DEFAULT NULL,
  `income` tinyint(1) DEFAULT '0',
  `detailed_type` int(11) DEFAULT NULL,
  `created_at` datetime NOT NULL,
  `updated_at` datetime NOT NULL,
  `deleted_at` datetime DEFAULT NULL,
  PRIMARY KEY (`id`),
  KEY `team_id_idx` (`team_id`)
) ENGINE=MyISAM AUTO_INCREMENT=198 DEFAULT CHARSET=utf8;

-- Dumping data for table switkrze_rally.team_finance: 190 rows
DELETE FROM `team_finance`;
/*!40000 ALTER TABLE `team_finance` DISABLE KEYS */;
INSERT INTO `team_finance` (`id`, `team_id`, `amount`, `description`, `save_date`, `income`, `detailed_type`, `created_at`, `updated_at`, `deleted_at`) VALUES
	(1, 2, 30000, 'Initial FastRally bonus', '2015-08-25 17:14:15', 1, 8, '2015-08-25 17:14:15', '2015-08-25 17:14:15', NULL),
	(2, 3, 30000, 'Initial FastRally bonus', '2015-08-25 18:57:06', 1, 8, '2015-08-25 18:57:06', '2015-08-25 18:57:06', NULL),
	(3, 4, 30000, 'Initial FastRally bonus', '2015-08-25 19:07:54', 1, 8, '2015-08-25 19:07:54', '2015-08-25 19:07:54', NULL),
	(4, 5, 30000, 'Initial FastRally bonus', '2015-08-26 06:44:07', 1, 8, '2015-08-26 06:44:07', '2015-08-26 06:44:07', NULL),
	(5, 6, 30000, 'Initial FastRally bonus', '2015-08-26 08:37:46', 1, 8, '2015-08-26 08:37:46', '2015-08-26 08:37:46', NULL),
	(6, 7, 30000, 'Initial FastRally bonus', '2015-08-26 10:22:59', 1, 8, '2015-08-26 10:22:59', '2015-08-26 10:22:59', NULL),
	(7, 8, 30000, 'Initial FastRally bonus', '2015-08-26 11:14:47', 1, 8, '2015-08-26 11:14:47', '2015-08-26 11:14:47', NULL),
	(8, 9, 30000, 'Initial FastRally bonus', '2015-08-26 11:18:45', 1, 8, '2015-08-26 11:18:45', '2015-08-26 11:18:45', NULL),
	(9, 2, 23900, 'Car Dacia Sandero was bought', '2015-08-26 16:32:30', 0, 7, '2015-08-26 16:32:30', '2015-08-26 16:32:30', NULL),
	(10, 10, 30000, 'Initial FastRally bonus', '2015-08-26 16:46:19', 1, 8, '2015-08-26 16:46:19', '2015-08-26 16:46:19', NULL),
	(11, 11, 30000, 'Initial FastRally bonus', '2015-08-26 20:17:15', 1, 8, '2015-08-26 20:17:15', '2015-08-26 20:17:15', NULL),
	(12, 12, 30000, 'Initial FastRally bonus', '2015-08-26 23:51:56', 1, 8, '2015-08-26 23:51:56', '2015-08-26 23:51:56', NULL),
	(13, 13, 30000, 'Initial FastRally bonus', '2015-08-27 00:38:41', 1, 8, '2015-08-27 00:38:41', '2015-08-27 00:38:41', NULL),
	(14, 14, 30000, 'Initial FastRally bonus', '2015-08-27 01:07:04', 1, 8, '2015-08-27 01:07:04', '2015-08-27 01:07:04', NULL),
	(15, 15, 30000, 'Initial FastRally bonus', '2015-08-27 10:39:47', 1, 8, '2015-08-27 10:39:47', '2015-08-27 10:39:47', NULL),
	(16, 16, 30000, 'Initial FastRally bonus', '2015-08-27 10:55:05', 1, 8, '2015-08-27 10:55:05', '2015-08-27 10:55:05', NULL),
	(17, 10, 23900, 'Car Dacia Sandero was bought', '2015-08-27 11:22:23', 0, 7, '2015-08-27 11:22:23', '2015-08-27 11:22:23', NULL),
	(18, 10, 250, 'Putting car        on market', '2015-08-27 11:36:17', 0, 6, '2015-08-27 11:36:17', '2015-08-27 11:36:17', NULL),
	(19, 7, 52800, 'For 1st place in rally Rally Monte Carlo', '2015-08-27 13:30:02', 1, 1, '2015-08-27 13:30:02', '2015-08-27 13:30:02', NULL),
	(20, 2, 36800, 'For 2nd place in rally Rally Monte Carlo', '2015-08-27 13:30:02', 1, 1, '2015-08-27 13:30:02', '2015-08-27 13:30:02', NULL),
	(21, 5, 22400, 'For 3rd place in rally Rally Monte Carlo', '2015-08-27 13:30:02', 1, 1, '2015-08-27 13:30:02', '2015-08-27 13:30:02', NULL),
	(22, 9, 12800, 'For 4th place in rally Rally Monte Carlo', '2015-08-27 13:30:02', 1, 1, '2015-08-27 13:30:02', '2015-08-27 13:30:02', NULL),
	(23, 3, 11200, 'For 5th place in rally Rally Monte Carlo', '2015-08-27 13:30:02', 1, 1, '2015-08-27 13:30:02', '2015-08-27 13:30:02', NULL),
	(24, 6, 9600, 'For 6th place in rally Rally Monte Carlo', '2015-08-27 13:30:02', 1, 1, '2015-08-27 13:30:02', '2015-08-27 13:30:02', NULL),
	(25, 8, 8000, 'For 7th place in rally Rally Monte Carlo', '2015-08-27 13:30:02', 1, 1, '2015-08-27 13:30:02', '2015-08-27 13:30:02', NULL),
	(26, 12, 6400, 'For 8th place in rally Rally Monte Carlo', '2015-08-27 13:30:02', 1, 1, '2015-08-27 13:30:02', '2015-08-27 13:30:02', NULL),
	(27, 9, 10000, 'Free agent player Jean Kowalski has been acquired.', '2015-08-27 13:51:09', 0, 7, '2015-08-27 13:51:09', '2015-08-27 13:51:09', NULL),
	(28, 9, 10000, 'Free agent player Bubba Exum has been acquired.', '2015-08-27 13:51:51', 0, 7, '2015-08-27 13:51:51', '2015-08-27 13:51:51', NULL),
	(29, 17, 30000, 'Initial FastRally bonus', '2015-08-27 14:44:49', 1, 8, '2015-08-27 14:44:49', '2015-08-27 14:44:49', NULL),
	(30, 17, 150, 'Putting car Honda Civic Turbo Type R #20056 on market', '2015-08-27 14:46:03', 0, 6, '2015-08-27 14:46:03', '2015-08-27 14:46:03', NULL),
	(31, 17, 23900, 'Car Dacia Sandero was bought', '2015-08-27 14:50:12', 0, 7, '2015-08-27 14:50:12', '2015-08-27 14:50:12', NULL),
	(32, 19, 30000, 'Initial FastRally bonus', '2015-08-28 10:16:57', 1, 8, '2015-08-28 10:16:57', '2015-08-28 10:16:57', NULL),
	(33, 2, 10000, 'Free agent player Marc Thompson has been acquired.', '2015-08-28 10:32:41', 0, 7, '2015-08-28 10:32:41', '2015-08-28 10:32:41', NULL),
	(34, 2, 10000, 'Free agent player Andrew Smith has been acquired.', '2015-08-28 10:32:46', 0, 7, '2015-08-28 10:32:46', '2015-08-28 10:32:46', NULL),
	(35, 2, 10000, 'Free agent player Jean Nowak has been acquired.', '2015-08-28 10:32:50', 0, 7, '2015-08-28 10:32:50', '2015-08-28 10:32:50', NULL),
	(36, 2, 10000, 'Free agent player Jan House has been acquired.', '2015-08-28 10:32:56', 0, 7, '2015-08-28 10:32:56', '2015-08-28 10:32:56', NULL),
	(37, 2, 10000, 'Free agent player James Simpson has been acquired.', '2015-08-28 10:33:01', 0, 7, '2015-08-28 10:33:01', '2015-08-28 10:33:01', NULL),
	(38, 2, 10000, 'Free agent player Jan House has been acquired.', '2015-08-28 10:33:06', 0, 7, '2015-08-28 10:33:06', '2015-08-28 10:33:06', NULL),
	(39, 2, 150, 'Putting player Jan House on transfer list', '2015-08-28 10:33:16', 0, 6, '2015-08-28 10:33:16', '2015-08-28 10:33:16', NULL),
	(40, 2, 150, 'Putting player James Simpson on transfer list', '2015-08-28 10:33:24', 0, 6, '2015-08-28 10:33:24', '2015-08-28 10:33:24', NULL),
	(41, 2, 150, 'Putting player Jan House on transfer list', '2015-08-28 10:33:35', 0, 6, '2015-08-28 10:33:35', '2015-08-28 10:33:35', NULL),
	(42, 2, 133000, 'Car Volkswagen Polo R WRC was bought', '2015-08-28 10:33:41', 0, 7, '2015-08-28 10:33:41', '2015-08-28 10:33:41', NULL),
	(43, 2, 119700, 'Car Skoda Octavia WRC was bought', '2015-08-28 10:33:45', 0, 7, '2015-08-28 10:33:45', '2015-08-28 10:33:45', NULL),
	(44, 2, 30500, 'Car Proton Satria Neo Sport was bought', '2015-08-28 10:33:48', 0, 7, '2015-08-28 10:33:48', '2015-08-28 10:33:48', NULL),
	(45, 2, 23900, 'Car Dacia Sandero was bought', '2015-08-28 10:33:50', 0, 7, '2015-08-28 10:33:50', '2015-08-28 10:33:50', NULL),
	(46, 2, 150, 'Putting car Volkswagen Polo R WRC #23186 on market', '2015-08-28 10:33:59', 0, 6, '2015-08-28 10:33:59', '2015-08-28 10:33:59', NULL),
	(47, 2, 150, 'Putting car Skoda Octavia WRC #2610 on market', '2015-08-28 10:35:12', 0, 6, '2015-08-28 10:35:12', '2015-08-28 10:35:12', NULL),
	(48, 7, 38000, 'For 1st place in rally Wales Rally', '2015-08-28 13:45:02', 1, 1, '2015-08-28 13:45:02', '2015-08-28 13:45:02', NULL),
	(49, 5, 27360, 'For 2nd place in rally Wales Rally', '2015-08-28 13:45:02', 1, 1, '2015-08-28 13:45:02', '2015-08-28 13:45:02', NULL),
	(50, 9, 18240, 'For 3rd place in rally Wales Rally', '2015-08-28 13:45:02', 1, 1, '2015-08-28 13:45:02', '2015-08-28 13:45:02', NULL),
	(51, 4, 10000, 'Free agent player Bubba Ripper has been acquired.', '2015-08-28 15:52:44', 0, 7, '2015-08-28 15:52:44', '2015-08-28 15:52:44', NULL),
	(52, 5, 10000, 'Free agent player Jan Exum has been acquired.', '2015-08-28 16:27:24', 0, 7, '2015-08-28 16:27:24', '2015-08-28 16:27:24', NULL),
	(53, 5, 150, 'Putting player Jan Exum on transfer list', '2015-08-28 16:27:58', 0, 6, '2015-08-28 16:27:58', '2015-08-28 16:27:58', NULL),
	(54, 5, 10000, 'Free agent player Andrew Thompson has been acquired.', '2015-08-28 16:28:30', 0, 7, '2015-08-28 16:28:30', '2015-08-28 16:28:30', NULL),
	(55, 2, 1330, 'Scapped car Volkswagen Polo R WRC #23186', '2015-08-28 17:50:12', 0, 9, '2015-08-28 17:50:12', '2015-08-28 17:50:12', NULL),
	(56, 7, 10000, 'Free agent player Andrew Thompson has been acquired.', '2015-08-28 18:17:45', 0, 7, '2015-08-28 18:17:45', '2015-08-28 18:17:45', NULL),
	(57, 3, 10000, 'Free agent player Kevin House has been acquired.', '2015-08-28 20:57:40', 0, 7, '2015-08-28 20:57:40', '2015-08-28 20:57:40', NULL),
	(58, 5, 3001, 'Bought car Honda Civic Turbo Type R #20056', '2015-08-29 02:20:01', 0, 6, '2015-08-29 02:20:01', '2015-08-29 02:20:01', NULL),
	(59, 17, 3001, 'Sold car Honda Civic Turbo Type R #20056', '2015-08-29 02:20:01', 1, 3, '2015-08-29 02:20:01', '2015-08-29 02:20:01', NULL),
	(60, 5, 10000, 'Free agent player Jean Nowak has been acquired.', '2015-08-29 10:49:05', 0, 7, '2015-08-29 10:49:05', '2015-08-29 10:49:05', NULL),
	(61, 7, 53460, 'For 1st place in rally Rajd Dolnoslaski', '2015-08-29 13:30:01', 1, 1, '2015-08-29 13:30:01', '2015-08-29 13:30:01', NULL),
	(62, 2, 37260, 'For 2nd place in rally Rajd Dolnoslaski', '2015-08-29 13:30:01', 1, 1, '2015-08-29 13:30:01', '2015-08-29 13:30:01', NULL),
	(63, 10, 22680, 'For 3rd place in rally Rajd Dolnoslaski', '2015-08-29 13:30:01', 1, 1, '2015-08-29 13:30:01', '2015-08-29 13:30:01', NULL),
	(64, 9, 12960, 'For 4th place in rally Rajd Dolnoslaski', '2015-08-29 13:30:01', 1, 1, '2015-08-29 13:30:01', '2015-08-29 13:30:01', NULL),
	(65, 3, 11340, 'For 5th place in rally Rajd Dolnoslaski', '2015-08-29 13:30:01', 1, 1, '2015-08-29 13:30:01', '2015-08-29 13:30:01', NULL),
	(66, 16, 9720, 'For 6th place in rally Rajd Dolnoslaski', '2015-08-29 13:30:01', 1, 1, '2015-08-29 13:30:01', '2015-08-29 13:30:01', NULL),
	(67, 4, 8100, 'For 7th place in rally Rajd Dolnoslaski', '2015-08-29 13:30:01', 1, 1, '2015-08-29 13:30:01', '2015-08-29 13:30:01', NULL),
	(68, 15, 6480, 'For 8th place in rally Rajd Dolnoslaski', '2015-08-29 13:30:01', 1, 1, '2015-08-29 13:30:01', '2015-08-29 13:30:01', NULL),
	(69, 3, 150, 'Putting player Kevin House on transfer list', '2015-08-29 15:30:35', 0, 6, '2015-08-29 15:30:35', '2015-08-29 15:30:35', NULL),
	(70, 4, 10000, 'Free agent player Jan Curry has been acquired.', '2015-08-29 17:28:28', 0, 7, '2015-08-29 17:28:28', '2015-08-29 17:28:28', NULL),
	(71, 4, 10000, 'Free agent player Seb House has been acquired.', '2015-08-29 17:28:36', 0, 7, '2015-08-29 17:28:36', '2015-08-29 17:28:36', NULL),
	(72, 6, 10000, 'Free agent player John Thompson has been acquired.', '2015-08-29 18:24:19', 0, 7, '2015-08-29 18:24:19', '2015-08-29 18:24:19', NULL),
	(73, 20, 30000, 'Initial FastRally bonus', '2015-08-29 20:48:39', 1, 8, '2015-08-29 20:48:39', '2015-08-29 20:48:39', NULL),
	(74, 21, 30000, 'Initial FastRally bonus', '2015-08-29 20:48:39', 1, 8, '2015-08-29 20:48:39', '2015-08-29 20:48:39', NULL),
	(75, 22, 30000, 'Initial FastRally bonus', '2015-08-29 20:48:39', 1, 8, '2015-08-29 20:48:39', '2015-08-29 20:48:39', NULL),
	(76, 23, 30000, 'Initial FastRally bonus', '2015-08-29 20:48:39', 1, 8, '2015-08-29 20:48:39', '2015-08-29 20:48:39', NULL),
	(77, 24, 30000, 'Initial FastRally bonus', '2015-08-29 20:48:39', 1, 8, '2015-08-29 20:48:39', '2015-08-29 20:48:39', NULL),
	(78, 25, 30000, 'Initial FastRally bonus', '2015-08-29 20:48:39', 1, 8, '2015-08-29 20:48:39', '2015-08-29 20:48:39', NULL),
	(79, 26, 30000, 'Initial FastRally bonus', '2015-08-29 20:48:39', 1, 8, '2015-08-29 20:48:39', '2015-08-29 20:48:39', NULL),
	(80, 27, 30000, 'Initial FastRally bonus', '2015-08-29 20:48:39', 1, 8, '2015-08-29 20:48:39', '2015-08-29 20:48:39', NULL),
	(81, 28, 30000, 'Initial FastRally bonus', '2015-08-29 20:48:39', 1, 8, '2015-08-29 20:48:39', '2015-08-29 20:48:39', NULL),
	(82, 29, 30000, 'Initial FastRally bonus', '2015-08-29 20:48:39', 1, 8, '2015-08-29 20:48:39', '2015-08-29 20:48:39', NULL),
	(83, 30, 30000, 'Initial FastRally bonus', '2015-08-29 20:48:39', 1, 8, '2015-08-29 20:48:39', '2015-08-29 20:48:39', NULL),
	(84, 31, 30000, 'Initial FastRally bonus', '2015-08-29 20:48:39', 1, 8, '2015-08-29 20:48:39', '2015-08-29 20:48:39', NULL),
	(85, 32, 30000, 'Initial FastRally bonus', '2015-08-29 20:48:39', 1, 8, '2015-08-29 20:48:39', '2015-08-29 20:48:39', NULL),
	(86, 33, 30000, 'Initial FastRally bonus', '2015-08-29 20:48:39', 1, 8, '2015-08-29 20:48:39', '2015-08-29 20:48:39', NULL),
	(87, 34, 30000, 'Initial FastRally bonus', '2015-08-29 20:48:39', 1, 8, '2015-08-29 20:48:39', '2015-08-29 20:48:39', NULL),
	(88, 3, 10000, 'Free agent player Andrew Kowalski has been acquired.', '2015-08-29 21:07:06', 0, 7, '2015-08-29 21:07:06', '2015-08-29 21:07:06', NULL),
	(89, 5, 2750, 'Bought player James Simpson', '2015-08-30 02:20:01', 0, 6, '2015-08-30 02:20:01', '2015-08-30 02:20:01', NULL),
	(90, 2, 2750, 'Sold player James Simpson', '2015-08-30 02:20:01', 1, 3, '2015-08-30 02:20:01', '2015-08-30 02:20:01', NULL),
	(91, 3, 1000, 'Bought player Jan House', '2015-08-30 02:20:01', 0, 6, '2015-08-30 02:20:01', '2015-08-30 02:20:01', NULL),
	(92, 2, 1000, 'Sold player Jan House', '2015-08-30 02:20:01', 1, 3, '2015-08-30 02:20:01', '2015-08-30 02:20:01', NULL),
	(93, 5, 1200, 'Bought car Volkswagen Polo R WRC #23186', '2015-08-30 02:20:01', 0, 6, '2015-08-30 02:20:01', '2015-08-30 02:20:01', NULL),
	(94, 2, 1200, 'Sold car Volkswagen Polo R WRC #23186', '2015-08-30 02:20:01', 1, 3, '2015-08-30 02:20:01', '2015-08-30 02:20:01', NULL),
	(95, 3, 122, 'Bought car Skoda Octavia WRC #2610', '2015-08-30 02:20:01', 0, 6, '2015-08-30 02:20:01', '2015-08-30 02:20:01', NULL),
	(96, 2, 122, 'Sold car Skoda Octavia WRC #2610', '2015-08-30 02:20:01', 1, 3, '2015-08-30 02:20:01', '2015-08-30 02:20:01', NULL),
	(97, 3, 4616, 'Player salaries ', '2015-08-30 03:00:01', 0, 4, '2015-08-30 03:00:01', '2015-08-30 03:00:01', NULL),
	(98, 3, 36405, 'Cars upkeep', '2015-08-30 03:00:01', 0, 5, '2015-08-30 03:00:01', '2015-08-30 03:00:01', NULL),
	(99, 3, 5000, 'Money from ESPN received on 2015-08-30', '2015-08-30 03:00:01', 1, 2, '2015-08-30 03:00:01', '2015-08-30 03:00:01', NULL),
	(100, 2, 9256, 'Player salaries ', '2015-08-30 03:00:01', 0, 4, '2015-08-30 03:00:01', '2015-08-30 03:00:01', NULL),
	(101, 2, 31920, 'Cars upkeep', '2015-08-30 03:00:01', 0, 5, '2015-08-30 03:00:01', '2015-08-30 03:00:01', NULL),
	(102, 4, 5375, 'Player salaries ', '2015-08-30 03:00:01', 0, 4, '2015-08-30 03:00:01', '2015-08-30 03:00:01', NULL),
	(103, 4, 17250, 'Cars upkeep', '2015-08-30 03:00:01', 0, 5, '2015-08-30 03:00:01', '2015-08-30 03:00:01', NULL),
	(104, 4, 5000, 'Money from ESPN received on 2015-08-30', '2015-08-30 03:00:01', 1, 2, '2015-08-30 03:00:01', '2015-08-30 03:00:01', NULL),
	(105, 5, 6285, 'Player salaries ', '2015-08-30 03:00:01', 0, 4, '2015-08-30 03:00:01', '2015-08-30 03:00:01', NULL),
	(106, 5, 58950, 'Cars upkeep', '2015-08-30 03:00:01', 0, 5, '2015-08-30 03:00:01', '2015-08-30 03:00:01', NULL),
	(107, 5, 5000, 'Money from ESPN received on 2015-08-30', '2015-08-30 03:00:01', 1, 2, '2015-08-30 03:00:01', '2015-08-30 03:00:01', NULL),
	(108, 6, 3357, 'Player salaries ', '2015-08-30 03:00:01', 0, 4, '2015-08-30 03:00:01', '2015-08-30 03:00:01', NULL),
	(109, 6, 17250, 'Cars upkeep', '2015-08-30 03:00:02', 0, 5, '2015-08-30 03:00:02', '2015-08-30 03:00:02', NULL),
	(110, 6, 5000, 'Money from ESPN received on 2015-08-30', '2015-08-30 03:00:02', 1, 2, '2015-08-30 03:00:02', '2015-08-30 03:00:02', NULL),
	(111, 7, 3492, 'Player salaries ', '2015-08-30 03:00:02', 0, 4, '2015-08-30 03:00:02', '2015-08-30 03:00:02', NULL),
	(112, 7, 18450, 'Cars upkeep', '2015-08-30 03:00:02', 0, 5, '2015-08-30 03:00:02', '2015-08-30 03:00:02', NULL),
	(113, 7, 5000, 'Money from ESPN received on 2015-08-30', '2015-08-30 03:00:02', 1, 2, '2015-08-30 03:00:02', '2015-08-30 03:00:02', NULL),
	(114, 8, 2784, 'Player salaries ', '2015-08-30 03:00:02', 0, 4, '2015-08-30 03:00:02', '2015-08-30 03:00:02', NULL),
	(115, 8, 17250, 'Cars upkeep', '2015-08-30 03:00:02', 0, 5, '2015-08-30 03:00:02', '2015-08-30 03:00:02', NULL),
	(116, 8, 5000, 'Money from ESPN received on 2015-08-30', '2015-08-30 03:00:02', 1, 2, '2015-08-30 03:00:02', '2015-08-30 03:00:02', NULL),
	(117, 9, 5163, 'Player salaries ', '2015-08-30 03:00:02', 0, 4, '2015-08-30 03:00:02', '2015-08-30 03:00:02', NULL),
	(118, 9, 18450, 'Cars upkeep', '2015-08-30 03:00:02', 0, 5, '2015-08-30 03:00:02', '2015-08-30 03:00:02', NULL),
	(119, 9, 5000, 'Money from ESPN received on 2015-08-30', '2015-08-30 03:00:02', 1, 2, '2015-08-30 03:00:02', '2015-08-30 03:00:02', NULL),
	(120, 10, 2754, 'Player salaries ', '2015-08-30 03:00:02', 0, 4, '2015-08-30 03:00:02', '2015-08-30 03:00:02', NULL),
	(121, 10, 31035, 'Cars upkeep', '2015-08-30 03:00:02', 0, 5, '2015-08-30 03:00:02', '2015-08-30 03:00:02', NULL),
	(122, 10, 5000, 'Money from City Network received on 2015-08-30', '2015-08-30 03:00:02', 1, 2, '2015-08-30 03:00:02', '2015-08-30 03:00:02', NULL),
	(123, 11, 2678, 'Player salaries ', '2015-08-30 03:00:02', 0, 4, '2015-08-30 03:00:02', '2015-08-30 03:00:02', NULL),
	(124, 11, 17250, 'Cars upkeep', '2015-08-30 03:00:02', 0, 5, '2015-08-30 03:00:02', '2015-08-30 03:00:02', NULL),
	(125, 11, 5000, 'Money from ESPN received on 2015-08-30', '2015-08-30 03:00:02', 1, 2, '2015-08-30 03:00:02', '2015-08-30 03:00:02', NULL),
	(126, 12, 2716, 'Player salaries ', '2015-08-30 03:00:02', 0, 4, '2015-08-30 03:00:02', '2015-08-30 03:00:02', NULL),
	(127, 12, 17250, 'Cars upkeep', '2015-08-30 03:00:02', 0, 5, '2015-08-30 03:00:02', '2015-08-30 03:00:02', NULL),
	(128, 13, 2876, 'Player salaries ', '2015-08-30 03:00:02', 0, 4, '2015-08-30 03:00:02', '2015-08-30 03:00:02', NULL),
	(129, 13, 27450, 'Cars upkeep', '2015-08-30 03:00:02', 0, 5, '2015-08-30 03:00:02', '2015-08-30 03:00:02', NULL),
	(130, 14, 2678, 'Player salaries ', '2015-08-30 03:00:02', 0, 4, '2015-08-30 03:00:02', '2015-08-30 03:00:02', NULL),
	(131, 14, 19950, 'Cars upkeep', '2015-08-30 03:00:02', 0, 5, '2015-08-30 03:00:02', '2015-08-30 03:00:02', NULL),
	(132, 15, 2920, 'Player salaries ', '2015-08-30 03:00:02', 0, 4, '2015-08-30 03:00:02', '2015-08-30 03:00:02', NULL),
	(133, 15, 24750, 'Cars upkeep', '2015-08-30 03:00:02', 0, 5, '2015-08-30 03:00:02', '2015-08-30 03:00:02', NULL),
	(134, 15, 5000, 'Money from City Network received on 2015-08-30', '2015-08-30 03:00:02', 1, 2, '2015-08-30 03:00:02', '2015-08-30 03:00:02', NULL),
	(135, 16, 2981, 'Player salaries ', '2015-08-30 03:00:02', 0, 4, '2015-08-30 03:00:02', '2015-08-30 03:00:02', NULL),
	(136, 16, 18450, 'Cars upkeep', '2015-08-30 03:00:02', 0, 5, '2015-08-30 03:00:02', '2015-08-30 03:00:02', NULL),
	(137, 17, 2797, 'Player salaries ', '2015-08-30 03:00:02', 0, 4, '2015-08-30 03:00:02', '2015-08-30 03:00:02', NULL),
	(138, 17, 3585, 'Cars upkeep', '2015-08-30 03:00:02', 0, 5, '2015-08-30 03:00:02', '2015-08-30 03:00:02', NULL),
	(139, 19, 2533, 'Player salaries ', '2015-08-30 03:00:02', 0, 4, '2015-08-30 03:00:02', '2015-08-30 03:00:02', NULL),
	(140, 19, 12450, 'Cars upkeep', '2015-08-30 03:00:02', 0, 5, '2015-08-30 03:00:02', '2015-08-30 03:00:02', NULL),
	(141, 20, 2507, 'Player salaries ', '2015-08-30 03:00:02', 0, 4, '2015-08-30 03:00:02', '2015-08-30 03:00:02', NULL),
	(142, 20, 11895, 'Cars upkeep', '2015-08-30 03:00:02', 0, 5, '2015-08-30 03:00:02', '2015-08-30 03:00:02', NULL),
	(143, 21, 2547, 'Player salaries ', '2015-08-30 03:00:02', 0, 4, '2015-08-30 03:00:02', '2015-08-30 03:00:02', NULL),
	(144, 21, 12765, 'Cars upkeep', '2015-08-30 03:00:02', 0, 5, '2015-08-30 03:00:02', '2015-08-30 03:00:02', NULL),
	(145, 22, 2595, 'Player salaries ', '2015-08-30 03:00:02', 0, 4, '2015-08-30 03:00:02', '2015-08-30 03:00:02', NULL),
	(146, 22, 10815, 'Cars upkeep', '2015-08-30 03:00:02', 0, 5, '2015-08-30 03:00:02', '2015-08-30 03:00:02', NULL),
	(147, 23, 2541, 'Player salaries ', '2015-08-30 03:00:02', 0, 4, '2015-08-30 03:00:02', '2015-08-30 03:00:02', NULL),
	(148, 23, 11895, 'Cars upkeep', '2015-08-30 03:00:02', 0, 5, '2015-08-30 03:00:02', '2015-08-30 03:00:02', NULL),
	(149, 24, 2552, 'Player salaries ', '2015-08-30 03:00:02', 0, 4, '2015-08-30 03:00:02', '2015-08-30 03:00:02', NULL),
	(150, 24, 14550, 'Cars upkeep', '2015-08-30 03:00:02', 0, 5, '2015-08-30 03:00:02', '2015-08-30 03:00:02', NULL),
	(151, 25, 2362, 'Player salaries ', '2015-08-30 03:00:02', 0, 4, '2015-08-30 03:00:02', '2015-08-30 03:00:02', NULL),
	(152, 25, 14550, 'Cars upkeep', '2015-08-30 03:00:02', 0, 5, '2015-08-30 03:00:02', '2015-08-30 03:00:02', NULL),
	(153, 26, 2433, 'Player salaries ', '2015-08-30 03:00:02', 0, 4, '2015-08-30 03:00:02', '2015-08-30 03:00:02', NULL),
	(154, 26, 11145, 'Cars upkeep', '2015-08-30 03:00:02', 0, 5, '2015-08-30 03:00:02', '2015-08-30 03:00:02', NULL),
	(155, 27, 2530, 'Player salaries ', '2015-08-30 03:00:02', 0, 4, '2015-08-30 03:00:02', '2015-08-30 03:00:02', NULL),
	(156, 27, 12765, 'Cars upkeep', '2015-08-30 03:00:02', 0, 5, '2015-08-30 03:00:02', '2015-08-30 03:00:02', NULL),
	(157, 28, 2524, 'Player salaries ', '2015-08-30 03:00:02', 0, 4, '2015-08-30 03:00:02', '2015-08-30 03:00:02', NULL),
	(158, 28, 10815, 'Cars upkeep', '2015-08-30 03:00:02', 0, 5, '2015-08-30 03:00:02', '2015-08-30 03:00:02', NULL),
	(159, 29, 2507, 'Player salaries ', '2015-08-30 03:00:02', 0, 4, '2015-08-30 03:00:02', '2015-08-30 03:00:02', NULL),
	(160, 29, 14550, 'Cars upkeep', '2015-08-30 03:00:02', 0, 5, '2015-08-30 03:00:02', '2015-08-30 03:00:02', NULL),
	(161, 30, 2407, 'Player salaries ', '2015-08-30 03:00:02', 0, 4, '2015-08-30 03:00:02', '2015-08-30 03:00:02', NULL),
	(162, 30, 11145, 'Cars upkeep', '2015-08-30 03:00:02', 0, 5, '2015-08-30 03:00:02', '2015-08-30 03:00:02', NULL),
	(163, 31, 2443, 'Player salaries ', '2015-08-30 03:00:02', 0, 4, '2015-08-30 03:00:02', '2015-08-30 03:00:02', NULL),
	(164, 31, 13080, 'Cars upkeep', '2015-08-30 03:00:02', 0, 5, '2015-08-30 03:00:02', '2015-08-30 03:00:02', NULL),
	(165, 32, 2339, 'Player salaries ', '2015-08-30 03:00:02', 0, 4, '2015-08-30 03:00:02', '2015-08-30 03:00:02', NULL),
	(166, 32, 11145, 'Cars upkeep', '2015-08-30 03:00:02', 0, 5, '2015-08-30 03:00:02', '2015-08-30 03:00:02', NULL),
	(167, 33, 2403, 'Player salaries ', '2015-08-30 03:00:02', 0, 4, '2015-08-30 03:00:02', '2015-08-30 03:00:02', NULL),
	(168, 33, 11895, 'Cars upkeep', '2015-08-30 03:00:02', 0, 5, '2015-08-30 03:00:02', '2015-08-30 03:00:02', NULL),
	(169, 34, 2359, 'Player salaries ', '2015-08-30 03:00:02', 0, 4, '2015-08-30 03:00:02', '2015-08-30 03:00:02', NULL),
	(170, 34, 11145, 'Cars upkeep', '2015-08-30 03:00:02', 0, 5, '2015-08-30 03:00:02', '2015-08-30 03:00:02', NULL),
	(171, 36, 30000, 'Initial FastRally bonus', '2015-08-30 09:59:45', 1, 8, '2015-08-30 09:59:45', '2015-08-30 09:59:45', NULL),
	(172, 7, 38000, 'For 1st place in rally League 1.0 Rally - #1', '2015-08-30 12:45:00', 1, 1, '2015-08-30 12:45:00', '2015-08-30 12:45:00', NULL),
	(173, 3, 27360, 'For 2nd place in rally League 1.0 Rally - #1', '2015-08-30 12:45:00', 1, 1, '2015-08-30 12:45:00', '2015-08-30 12:45:00', NULL),
	(174, 5, 18240, 'For 3rd place in rally League 1.0 Rally - #1', '2015-08-30 12:45:00', 1, 1, '2015-08-30 12:45:00', '2015-08-30 12:45:00', NULL),
	(175, 3, 150, 'Putting player Kevin House on transfer list', '2015-08-30 14:43:30', 0, 6, '2015-08-30 14:43:30', '2015-08-30 14:43:30', NULL),
	(176, 3, 9003, 'Bought player Jan House', '2015-08-31 02:20:01', 0, 6, '2015-08-31 02:20:01', '2015-08-31 02:20:01', NULL),
	(177, 2, 9003, 'Sold player Jan House', '2015-08-31 02:20:01', 1, 3, '2015-08-31 02:20:01', '2015-08-31 02:20:01', NULL),
	(178, 9, 20000, 'Bought car       ', '2015-08-31 02:20:01', 0, 6, '2015-08-31 02:20:01', '2015-08-31 02:20:01', NULL),
	(179, 10, 20000, 'Sold car       ', '2015-08-31 02:20:01', 1, 3, '2015-08-31 02:20:01', '2015-08-31 02:20:01', NULL),
	(180, 10, 150, 'Putting player Kevin Kowalski on transfer list', '2015-08-31 10:10:16', 0, 6, '2015-08-31 10:10:16', '2015-08-31 10:10:16', NULL),
	(181, 20, 288, 'Putting player Marc Smith on transfer list', '2015-08-31 10:41:51', 0, 6, '2015-08-31 10:41:51', '2015-08-31 10:41:51', NULL),
	(182, 20, 150, 'Putting player Kevin Curry on transfer list', '2015-08-31 10:44:41', 0, 6, '2015-08-31 10:44:41', '2015-08-31 10:44:41', NULL),
	(183, 20, 150, 'Putting car Mini Cooper S #5224 on market', '2015-08-31 10:46:17', 0, 6, '2015-08-31 10:46:17', '2015-08-31 10:46:17', NULL),
	(184, 23, 133000, 'Car Volkswagen Polo R WRC was bought', '2015-08-31 10:49:53', 0, 7, '2015-08-31 10:49:53', '2015-08-31 10:49:53', NULL),
	(185, 10, 150, 'Putting player Jean Ripper on transfer list', '2015-08-31 11:06:11', 0, 6, '2015-08-31 11:06:11', '2015-08-31 11:06:11', NULL),
	(186, 3, 150, 'Putting player Jan House on transfer list', '2015-08-31 11:30:00', 0, 6, '2015-08-31 11:30:00', '2015-08-31 11:30:00', NULL),
	(187, 10, 38000, 'For 1st place in rally Rally de Curitiba', '2015-08-31 12:30:01', 1, 1, '2015-08-31 12:30:01', '2015-08-31 12:30:01', NULL),
	(188, 9, 27360, 'For 2nd place in rally Rally de Curitiba', '2015-08-31 12:30:01', 1, 1, '2015-08-31 12:30:01', '2015-08-31 12:30:01', NULL),
	(189, 4, 18240, 'For 3rd place in rally Rally de Curitiba', '2015-08-31 12:30:01', 1, 1, '2015-08-31 12:30:01', '2015-08-31 12:30:01', NULL),
	(190, 37, 30000, 'Initial FastRally bonus', '2015-08-31 14:27:42', 1, 8, '2015-08-31 14:27:42', '2015-08-31 14:27:42', NULL),
	(191, 23, 10000, 'Bought player Jan Exum', '2015-09-01 02:20:01', 0, 6, '2015-09-01 02:20:01', '2015-09-01 02:20:01', NULL),
	(192, 5, 10000, 'Sold player Jan Exum', '2015-09-01 02:20:01', 1, 3, '2015-09-01 02:20:01', '2015-09-01 02:20:01', NULL),
	(193, 34, 150, 'Putting player Antoine Simpson on transfer list', '2015-09-01 09:37:22', 0, 6, '2015-09-01 09:37:22', '2015-09-01 09:37:22', NULL),
	(194, 23, 10000, 'Free agent player Seb Evans has been acquired.', '2015-09-01 09:56:01', 0, 9, '2015-09-01 09:56:01', '2015-09-01 09:56:01', NULL),
	(195, 33, 10000, 'Free agent player John Evans has been acquired.', '2015-09-01 10:04:18', 0, 9, '2015-09-01 10:04:18', '2015-09-01 10:04:18', NULL),
	(196, 33, 150, 'Putting player James Evans on transfer list', '2015-09-01 10:06:33', 0, 6, '2015-09-01 10:06:33', '2015-09-01 10:06:33', NULL),
	(197, 38, 30000, 'Initial FastRally bonus', '2015-09-01 10:26:57', 1, 8, '2015-09-01 10:26:57', '2015-09-01 10:26:57', NULL);
/*!40000 ALTER TABLE `team_finance` ENABLE KEYS */;


-- Dumping structure for table switkrze_rally.team_sponsor_list
DROP TABLE IF EXISTS `team_sponsor_list`;
CREATE TABLE IF NOT EXISTS `team_sponsor_list` (
  `id` int(11) NOT NULL AUTO_INCREMENT,
  `name` varchar(255) DEFAULT NULL,
  `slug` varchar(255) DEFAULT NULL,
  `description` text,
  `active` tinyint(1) DEFAULT '0',
  `logo` varchar(255) DEFAULT NULL,
  `created_at` datetime NOT NULL,
  `updated_at` datetime NOT NULL,
  `deleted_at` datetime DEFAULT NULL,
  PRIMARY KEY (`id`)
) ENGINE=MyISAM AUTO_INCREMENT=4 DEFAULT CHARSET=utf8;

-- Dumping data for table switkrze_rally.team_sponsor_list: 3 rows
DELETE FROM `team_sponsor_list`;
/*!40000 ALTER TABLE `team_sponsor_list` DISABLE KEYS */;
INSERT INTO `team_sponsor_list` (`id`, `name`, `slug`, `description`, `active`, `logo`, `created_at`, `updated_at`, `deleted_at`) VALUES
	(1, 'City Network', 'city-network', 'City Network is one of Swedens leading hosting companies and offers everything from simple packages to advanced managed solutions. You can get a generous package including e-mail and lots of space for as little as 5 USD per month. City Network is the exclusive host of ManagerZone and makes sure each manager gets the best access to the site.', 1, 'sponsor_city_network.sponsor_city_network', '2015-04-03 17:46:19', '2015-04-03 18:20:03', NULL),
	(2, 'Goal.com', 'goalcom', 'Goal.com is the ultimate resource for football fans with the aim of giving life to the largest football community on the planet. It covers the whole spectrum of the football world with news, statistics, photos, videos, transfer info, polls, games, fan forums, and much more.', 0, 'sponsor_goal.sponsor_goal', '2015-04-03 18:22:37', '2015-04-03 18:22:37', NULL),
	(3, 'ESPN', 'espn', 'ESPN Inc., the Worldwide Leader in Sports, is a multinational, multimedia sports entertainment company comprised of six domestic and 19 international television networks, a recently launched interactive TV channel, the largest sports radio network, ESPN The Magazine, ESPN.com, sports-themed dining and entertainment establishments, event management, ESPN Enterprises, wireless and broadband services, and more. ESPN features the broadest portfolio of multimedia assets in sports marketing with more than 40 national and international business interests or entities.', 0, 'sponsor_espn.sponsor_espn', '2015-04-03 18:23:17', '2015-04-03 18:23:17', NULL);
/*!40000 ALTER TABLE `team_sponsor_list` ENABLE KEYS */;


-- Dumping structure for table switkrze_rally.team_team
DROP TABLE IF EXISTS `team_team`;
CREATE TABLE IF NOT EXISTS `team_team` (
  `id` int(11) NOT NULL AUTO_INCREMENT,
  `user_id` int(11) DEFAULT NULL,
  `name` varchar(255) DEFAULT NULL,
  `driver1_id` int(11) DEFAULT NULL,
  `driver2_id` int(11) DEFAULT NULL,
  `pilot1_id` int(11) DEFAULT NULL,
  `pilot2_id` int(11) DEFAULT NULL,
  `car1_id` int(11) DEFAULT NULL,
  `car2_id` int(11) DEFAULT NULL,
  `cash` int(11) NOT NULL DEFAULT '0',
  `sponsor_id` int(11) DEFAULT NULL,
  `this_week_rank` int(11) DEFAULT NULL,
  `last_week_rank` int(11) DEFAULT NULL,
  `league_name` varchar(50) DEFAULT NULL,
  `created_at` datetime NOT NULL,
  `updated_at` datetime NOT NULL,
  `deleted_at` datetime DEFAULT NULL,
  `last_name_change` datetime DEFAULT NULL,
  PRIMARY KEY (`id`),
  KEY `team_team_user_id_user_user_id` (`user_id`),
  KEY `team_team_pilot2_id_people_people_id` (`pilot2_id`),
  KEY `team_team_pilot1_id_people_people_id` (`pilot1_id`),
  KEY `team_team_driver2_id_people_people_id` (`driver2_id`),
  KEY `team_team_driver1_id_people_people_id` (`driver1_id`),
  KEY `team_team_car2_id_car_car_id` (`car2_id`),
  KEY `team_team_car1_id_car_car_id` (`car1_id`),
  KEY `team_team_sponsor_id_team_sponsor_list_id` (`sponsor_id`)
) ENGINE=MyISAM AUTO_INCREMENT=39 DEFAULT CHARSET=utf8 COMMENT='update team_team set cash = 0\r\n';

-- Dumping data for table switkrze_rally.team_team: 34 rows
DELETE FROM `team_team`;
/*!40000 ALTER TABLE `team_team` DISABLE KEYS */;
INSERT INTO `team_team` (`id`, `user_id`, `name`, `driver1_id`, `driver2_id`, `pilot1_id`, `pilot2_id`, `car1_id`, `car2_id`, `cash`, `sponsor_id`, `this_week_rank`, `last_week_rank`, `league_name`, `created_at`, `updated_at`, `deleted_at`, `last_name_change`) VALUES
	(3, 3, 'CChan 001', NULL, NULL, NULL, NULL, NULL, NULL, 13304, 3, NULL, NULL, '1.0', '2015-08-25 18:57:06', '2015-08-31 11:30:00', NULL, '2015-08-26 13:03:45'),
	(2, 2, 'kk33 Team', NULL, NULL, NULL, NULL, NULL, NULL, 3931023, NULL, NULL, NULL, '1.0', '2015-08-25 17:14:14', '2015-08-31 02:20:01', NULL, '2015-08-26 16:31:17'),
	(4, 5, 'Stonka', NULL, NULL, NULL, NULL, NULL, NULL, 8715, 3, NULL, NULL, '1.0', '2015-08-25 19:07:54', '2015-08-31 12:30:01', NULL, '2015-08-26 19:19:19'),
	(5, 6, 'Team Seals', NULL, NULL, NULL, NULL, NULL, NULL, 10664, 3, NULL, NULL, '1.0', '2015-08-26 06:44:07', '2015-09-01 02:20:01', NULL, '2015-08-27 10:59:06'),
	(6, 7, 'Team_7', NULL, NULL, NULL, NULL, NULL, NULL, 13993, 3, NULL, NULL, '1.0', '2015-08-26 08:37:46', '2015-08-30 03:00:02', NULL, NULL),
	(7, 8, 'Kekkaishi', NULL, NULL, NULL, NULL, NULL, NULL, 185318, 3, NULL, NULL, '1.0', '2015-08-26 10:22:59', '2015-08-30 12:45:00', NULL, '2015-08-26 13:09:28'),
	(8, 10, 'Team_10', NULL, NULL, NULL, NULL, NULL, NULL, 22966, 3, NULL, NULL, '1.0', '2015-08-26 11:14:47', '2015-08-30 03:00:02', NULL, NULL),
	(9, 9, 'Lemondoges', NULL, NULL, NULL, NULL, NULL, NULL, 42747, 3, NULL, NULL, '1.0', '2015-08-26 11:18:45', '2015-08-31 12:30:01', NULL, '2015-08-27 13:52:24'),
	(10, 13, 'Paweł', NULL, NULL, NULL, NULL, NULL, NULL, 57441, 1, NULL, NULL, '1.0', '2015-08-26 16:46:19', '2015-08-31 12:30:01', NULL, '2015-08-26 16:49:38'),
	(11, 15, 'Team_15', NULL, NULL, NULL, NULL, NULL, NULL, 15072, 3, NULL, NULL, '1.0', '2015-08-26 20:17:15', '2015-08-30 03:00:02', NULL, NULL),
	(12, 16, 'Team_16', NULL, NULL, NULL, NULL, NULL, NULL, 16434, NULL, NULL, NULL, '1.0', '2015-08-26 23:51:56', '2015-08-30 03:00:02', NULL, NULL),
	(13, 17, 'Team_17', NULL, NULL, NULL, NULL, NULL, NULL, -326, NULL, NULL, NULL, '1.0', '2015-08-27 00:38:41', '2015-08-30 03:00:02', NULL, NULL),
	(14, 18, 'Team_18', NULL, NULL, NULL, NULL, NULL, NULL, 7372, NULL, NULL, NULL, '1.0', '2015-08-27 01:07:04', '2015-08-30 03:00:02', NULL, NULL),
	(15, 12, 'gumisiowo', NULL, NULL, NULL, NULL, NULL, NULL, 13810, 1, NULL, NULL, '1.0', '2015-08-27 10:39:47', '2015-08-30 03:00:02', NULL, '2015-08-28 19:26:40'),
	(16, 14, 'Paweł', NULL, NULL, NULL, NULL, NULL, NULL, 18289, NULL, NULL, NULL, '1.0', '2015-08-27 10:55:05', '2015-08-30 03:00:02', NULL, '2015-08-27 10:58:18'),
	(17, 20, 'Team_20', NULL, NULL, NULL, NULL, NULL, NULL, 2569, NULL, NULL, NULL, '1.0', '2015-08-27 14:44:48', '2015-08-30 03:00:02', NULL, NULL),
	(19, 21, 'Team_21', NULL, NULL, NULL, NULL, NULL, NULL, 15017, NULL, NULL, NULL, '2.1', '2015-08-28 10:16:57', '2015-08-30 03:00:02', NULL, NULL),
	(20, 23, 'Team_23', NULL, NULL, NULL, NULL, NULL, NULL, 15010, 2, NULL, NULL, '2.1', '2015-08-29 20:48:39', '2015-08-31 10:46:17', NULL, NULL),
	(21, 24, 'Team_24', NULL, NULL, NULL, NULL, NULL, NULL, 14688, NULL, NULL, NULL, '2.1', '2015-08-29 20:48:39', '2015-08-30 03:00:02', NULL, NULL),
	(22, 25, 'Team_25', NULL, NULL, NULL, NULL, NULL, NULL, 16590, NULL, NULL, NULL, '2.1', '2015-08-29 20:48:39', '2015-08-30 03:00:02', NULL, NULL),
	(23, 26, 'Adam', NULL, NULL, NULL, NULL, NULL, NULL, 42564, 3, NULL, NULL, '2.1', '2015-08-29 20:48:39', '2015-09-01 09:56:01', NULL, '2015-09-01 09:38:48'),
	(24, 27, 'Team_27', NULL, NULL, NULL, NULL, NULL, NULL, 12898, NULL, NULL, NULL, '2.1', '2015-08-29 20:48:39', '2015-08-30 03:00:02', NULL, NULL),
	(25, 28, 'Team_28', NULL, NULL, NULL, NULL, NULL, NULL, 193088, NULL, NULL, NULL, '2.1', '2015-08-29 20:48:39', '2015-08-30 03:00:02', NULL, NULL),
	(26, 29, 'Team_29', NULL, NULL, NULL, NULL, NULL, NULL, 16422, NULL, NULL, NULL, '2.1', '2015-08-29 20:48:39', '2015-08-30 03:00:02', NULL, NULL),
	(27, 30, 'Team_30', NULL, NULL, NULL, NULL, NULL, NULL, 404705, NULL, NULL, NULL, '2.1', '2015-08-29 20:48:39', '2015-08-30 03:00:02', NULL, NULL),
	(28, 31, 'Team_31', NULL, NULL, NULL, NULL, NULL, NULL, 406661, NULL, NULL, NULL, '2.1', '2015-08-29 20:48:39', '2015-08-30 03:00:02', NULL, NULL),
	(29, 32, 'Team_32', NULL, NULL, NULL, NULL, NULL, NULL, 192943, NULL, NULL, NULL, '2.1', '2015-08-29 20:48:39', '2015-08-30 03:00:02', NULL, NULL),
	(30, 33, 'Team_33', NULL, NULL, NULL, NULL, NULL, NULL, 16448, NULL, NULL, NULL, '2.1', '2015-08-29 20:48:39', '2015-08-30 03:00:02', NULL, NULL),
	(31, 34, 'Team_34', NULL, NULL, NULL, NULL, NULL, NULL, 14477, NULL, NULL, NULL, '2.1', '2015-08-29 20:48:39', '2015-08-30 03:00:02', NULL, NULL),
	(32, 35, 'Team_35', NULL, NULL, NULL, NULL, NULL, NULL, 406516, NULL, NULL, NULL, '2.1', '2015-08-29 20:48:39', '2015-08-30 03:00:02', NULL, NULL),
	(33, 36, 'Zorro', NULL, NULL, NULL, NULL, NULL, NULL, 395552, NULL, NULL, NULL, '2.1', '2015-08-29 20:48:39', '2015-09-01 10:06:33', NULL, '2015-09-01 10:00:14'),
	(34, 37, 'Bond', NULL, NULL, NULL, NULL, NULL, NULL, 16346, NULL, NULL, NULL, '2.1', '2015-08-29 20:48:39', '2015-09-01 09:37:22', NULL, '2015-09-01 09:36:47'),
	(36, 38, 'Team_38', NULL, NULL, NULL, NULL, NULL, NULL, 30000, NULL, NULL, NULL, '2.2', '2015-08-30 09:59:45', '2015-08-30 09:59:45', NULL, NULL),
	(37, 4, 'Team_4', NULL, NULL, NULL, NULL, NULL, NULL, 30000, NULL, NULL, NULL, '2.2', '2015-08-31 14:27:42', '2015-08-31 14:27:42', NULL, NULL),
	(38, 40, 'Team_40', NULL, NULL, NULL, NULL, NULL, NULL, 30000, NULL, NULL, NULL, '2.2', '2015-09-01 10:26:57', '2015-09-01 10:26:57', NULL, NULL);
/*!40000 ALTER TABLE `team_team` ENABLE KEYS */;


-- Dumping structure for table switkrze_rally.user_board
DROP TABLE IF EXISTS `user_board`;
CREATE TABLE IF NOT EXISTS `user_board` (
  `id` int(11) NOT NULL AUTO_INCREMENT,
  `user_id` bigint(20) DEFAULT NULL,
  `writer_id` bigint(20) DEFAULT NULL,
  `message` text,
  `readed` tinyint(1) NOT NULL DEFAULT '0',
  `created_at` datetime NOT NULL,
  `updated_at` datetime NOT NULL,
  `deleted_at` datetime DEFAULT NULL,
  PRIMARY KEY (`id`)
) ENGINE=MyISAM AUTO_INCREMENT=10 DEFAULT CHARSET=utf8;

-- Dumping data for table switkrze_rally.user_board: 7 rows
DELETE FROM `user_board`;
/*!40000 ALTER TABLE `user_board` DISABLE KEYS */;
INSERT INTO `user_board` (`id`, `user_id`, `writer_id`, `message`, `readed`, `created_at`, `updated_at`, `deleted_at`) VALUES
	(1, 4, 5, 'Heyy', 0, '2015-08-25 19:16:00', '2015-08-25 19:16:00', NULL),
	(2, 5, 6, 'test', 1, '2015-08-26 09:15:03', '2015-08-31 14:35:51', NULL),
	(3, 6, 2, 'Testowa wiadomosc', 1, '2015-08-28 12:14:25', '2015-08-28 16:22:41', NULL),
	(4, 2, 6, 'testowa odpowiedź', 1, '2015-08-28 16:22:55', '2015-08-29 20:52:46', NULL),
	(5, 6, 9, 'Testowa wiadomość', 1, '2015-08-28 22:10:10', '2015-08-29 09:31:37', NULL),
	(6, 15, 3, 'Tak tylko testuje,\r\nodpisz jeśli dotarło\r\nPozdrawiam ;)', 0, '2015-08-29 15:49:42', '2015-08-29 15:49:42', NULL),
	(7, 7, 8, 'test test', 0, '2015-08-31 09:14:02', '2015-08-31 09:14:02', NULL),
	(8, 13, 14, '                  ', 0, '2015-09-01 10:38:34', '2015-09-01 10:38:34', NULL),
	(9, 14, 13, 'bgfsfsd', 1, '2015-09-01 10:41:12', '2015-09-01 10:41:19', NULL);
/*!40000 ALTER TABLE `user_board` ENABLE KEYS */;


-- Dumping structure for table switkrze_rally.user_friends
DROP TABLE IF EXISTS `user_friends`;
CREATE TABLE IF NOT EXISTS `user_friends` (
  `id` int(11) NOT NULL AUTO_INCREMENT,
  `user_id` bigint(20) DEFAULT NULL,
  `friend_id` bigint(20) DEFAULT NULL,
  `accepted` tinyint(1) DEFAULT '0',
  `created_at` datetime NOT NULL,
  `updated_at` datetime NOT NULL,
  PRIMARY KEY (`id`),
  KEY `user_friends_user_id_user_user_id` (`user_id`),
  KEY `user_friends_friend_id_user_user_id` (`friend_id`)
) ENGINE=MyISAM AUTO_INCREMENT=13 DEFAULT CHARSET=utf8;

-- Dumping data for table switkrze_rally.user_friends: 10 rows
DELETE FROM `user_friends`;
/*!40000 ALTER TABLE `user_friends` DISABLE KEYS */;
INSERT INTO `user_friends` (`id`, `user_id`, `friend_id`, `accepted`, `created_at`, `updated_at`) VALUES
	(1, 3, 5, 1, '2015-08-25 20:03:00', '2015-08-31 14:35:37'),
	(2, 6, 5, 1, '2015-08-26 11:38:24', '2015-08-31 14:35:44'),
	(3, 2, 6, 1, '2015-08-26 17:16:17', '2015-08-27 10:29:44'),
	(4, 13, 14, 1, '2015-08-27 11:14:27', '2015-09-01 10:34:05'),
	(5, 9, 0, 0, '2015-08-27 13:59:03', '2015-08-27 13:59:03'),
	(6, 9, 0, 0, '2015-08-27 14:38:42', '2015-08-27 14:38:42'),
	(7, 9, 0, 0, '2015-08-27 14:38:44', '2015-08-27 14:38:44'),
	(8, 9, 0, 0, '2015-08-27 14:38:46', '2015-08-27 14:38:46'),
	(9, 9, 0, 0, '2015-08-27 14:38:46', '2015-08-27 14:38:46'),
	(10, 7, 8, 1, '2015-08-30 21:43:22', '2015-08-31 09:13:41'),
	(11, 7, 17, 0, '2015-08-31 17:35:02', '2015-08-31 17:35:02'),
	(12, 26, 13, 1, '2015-09-01 10:31:57', '2015-09-01 10:32:14');
/*!40000 ALTER TABLE `user_friends` ENABLE KEYS */;


-- Dumping structure for table switkrze_rally.user_invite
DROP TABLE IF EXISTS `user_invite`;
CREATE TABLE IF NOT EXISTS `user_invite` (
  `id` int(11) NOT NULL AUTO_INCREMENT,
  `user_id` bigint(20) DEFAULT NULL,
  `email` varchar(255) DEFAULT NULL,
  `created_at` datetime NOT NULL,
  `updated_at` datetime NOT NULL,
  PRIMARY KEY (`id`),
  KEY `user_invite_user_id_user_user_id` (`user_id`)
) ENGINE=MyISAM AUTO_INCREMENT=2 DEFAULT CHARSET=utf8;

-- Dumping data for table switkrze_rally.user_invite: 0 rows
DELETE FROM `user_invite`;
/*!40000 ALTER TABLE `user_invite` DISABLE KEYS */;
/*!40000 ALTER TABLE `user_invite` ENABLE KEYS */;


-- Dumping structure for table switkrze_rally.user_notification
DROP TABLE IF EXISTS `user_notification`;
CREATE TABLE IF NOT EXISTS `user_notification` (
  `id` int(11) NOT NULL AUTO_INCREMENT,
  `user_id` bigint(20) DEFAULT NULL,
  `type` int(11) DEFAULT NULL,
  `readed` tinyint(1) NOT NULL DEFAULT '0',
  `link` varchar(255) DEFAULT NULL,
  `message` text,
  `created_at` datetime NOT NULL,
  `updated_at` datetime NOT NULL,
  PRIMARY KEY (`id`)
) ENGINE=MyISAM AUTO_INCREMENT=13 DEFAULT CHARSET=utf8;

-- Dumping data for table switkrze_rally.user_notification: 6 rows
DELETE FROM `user_notification`;
/*!40000 ALTER TABLE `user_notification` DISABLE KEYS */;
INSERT INTO `user_notification` (`id`, `user_id`, `type`, `readed`, `link`, `message`, `created_at`, `updated_at`) VALUES
	(11, 17, 2, 0, '11', 'You have been invited to friend list by wilk09', '2015-08-31 17:35:02', '2015-08-31 17:35:02'),
	(5, 0, 2, 0, '5', 'You have been invited to friend list by hangeyes', '2015-08-27 13:59:03', '2015-08-27 13:59:03'),
	(6, 0, 2, 0, '6', 'You have been invited to friend list by hangeyes', '2015-08-27 14:38:42', '2015-08-27 14:38:42'),
	(7, 0, 2, 0, '7', 'You have been invited to friend list by hangeyes', '2015-08-27 14:38:44', '2015-08-27 14:38:44'),
	(8, 0, 2, 0, '8', 'You have been invited to friend list by hangeyes', '2015-08-27 14:38:46', '2015-08-27 14:38:46'),
	(9, 0, 2, 0, '9', 'You have been invited to friend list by hangeyes', '2015-08-27 14:38:46', '2015-08-27 14:38:46');
/*!40000 ALTER TABLE `user_notification` ENABLE KEYS */;


-- Dumping structure for table switkrze_rally.user_premium_log
DROP TABLE IF EXISTS `user_premium_log`;
CREATE TABLE IF NOT EXISTS `user_premium_log` (
  `id` int(11) NOT NULL AUTO_INCREMENT,
  `amount` bigint(20) DEFAULT NULL,
  `user_id` bigint(20) DEFAULT NULL,
  `income` tinyint(1) DEFAULT '1',
  `description` varchar(255) DEFAULT NULL,
  `created_at` datetime NOT NULL,
  `updated_at` datetime NOT NULL,
  `deleted_at` datetime DEFAULT NULL,
  PRIMARY KEY (`id`)
) ENGINE=MyISAM AUTO_INCREMENT=34 DEFAULT CHARSET=utf8;

-- Dumping data for table switkrze_rally.user_premium_log: 24 rows
DELETE FROM `user_premium_log`;
/*!40000 ALTER TABLE `user_premium_log` DISABLE KEYS */;
INSERT INTO `user_premium_log` (`id`, `amount`, `user_id`, `income`, `description`, `created_at`, `updated_at`, `deleted_at`) VALUES
	(1, 15, 8, 0, 'Joined big rally Mountain Rally Norway', '2015-08-31 09:57:34', '2015-08-31 09:57:34', NULL),
	(2, 15, 5, 0, 'Joined big rally Mountain Rally Norway', '2015-08-31 14:23:25', '2015-08-31 14:23:25', NULL),
	(3, 40, 5, 0, '30 days gold membership', '2015-08-31 14:26:45', '2015-08-31 14:26:45', NULL),
	(4, 320, 5, 0, '360 days gold membership', '2015-08-31 14:33:56', '2015-08-31 14:33:56', NULL),
	(5, 320, 5, 0, '360 days gold membership', '2015-08-31 14:34:02', '2015-08-31 14:34:02', NULL),
	(6, 320, 5, 0, '360 days gold membership', '2015-08-31 14:34:06', '2015-08-31 14:34:06', NULL),
	(7, 320, 5, 0, '360 days gold membership', '2015-08-31 14:34:09', '2015-08-31 14:34:09', NULL),
	(8, 320, 5, 0, '360 days gold membership', '2015-08-31 14:34:13', '2015-08-31 14:34:13', NULL),
	(9, 320, 5, 0, '360 days gold membership', '2015-08-31 14:34:17', '2015-08-31 14:34:17', NULL),
	(10, 320, 5, 0, '360 days gold membership', '2015-08-31 14:34:21', '2015-08-31 14:34:21', NULL),
	(11, 320, 5, 0, '360 days gold membership', '2015-08-31 14:34:24', '2015-08-31 14:34:24', NULL),
	(12, 320, 5, 0, '360 days gold membership', '2015-08-31 14:34:35', '2015-08-31 14:34:35', NULL),
	(13, 320, 5, 0, '360 days gold membership', '2015-08-31 14:34:38', '2015-08-31 14:34:38', NULL),
	(14, 40, 5, 0, '30 days gold membership', '2015-08-31 14:38:56', '2015-08-31 14:38:56', NULL),
	(15, 40, 5, 0, '30 days gold membership', '2015-08-31 14:39:10', '2015-08-31 14:39:10', NULL),
	(16, 80, 5, 0, '90 days gold membership', '2015-08-31 14:39:23', '2015-08-31 14:39:23', NULL),
	(17, 160, 5, 0, '180 days gold membership', '2015-08-31 14:39:30', '2015-08-31 14:39:30', NULL),
	(18, 160, 5, 0, '180 days gold membership', '2015-08-31 14:39:37', '2015-08-31 14:39:37', NULL),
	(19, 160, 5, 0, '180 days gold membership', '2015-08-31 14:39:43', '2015-08-31 14:39:43', NULL),
	(20, 160, 5, 0, '180 days gold membership', '2015-08-31 14:39:51', '2015-08-31 14:39:51', NULL),
	(21, 320, 5, 0, '360 days gold membership', '2015-08-31 14:39:55', '2015-08-31 14:39:55', NULL),
	(22, 320, 5, 0, '360 days gold membership', '2015-08-31 14:39:59', '2015-08-31 14:39:59', NULL),
	(23, 320, 5, 0, '360 days gold membership', '2015-08-31 14:40:03', '2015-08-31 14:40:03', NULL),
	(24, 320, 5, 0, '360 days gold membership', '2015-08-31 14:40:10', '2015-08-31 14:40:10', NULL),
	(25, 320, 6, 0, '360 days gold membership', '2015-08-31 16:42:08', '2015-08-31 16:42:08', NULL),
	(26, 320, 6, 0, '360 days gold membership', '2015-08-31 16:42:12', '2015-08-31 16:42:12', NULL),
	(27, 320, 6, 0, '360 days gold membership', '2015-08-31 16:42:28', '2015-08-31 16:42:28', NULL),
	(28, 320, 6, 0, '360 days gold membership', '2015-08-31 16:42:31', '2015-08-31 16:42:31', NULL),
	(29, 320, 6, 0, '360 days gold membership', '2015-08-31 16:42:37', '2015-08-31 16:42:37', NULL),
	(30, 320, 6, 0, '360 days gold membership', '2015-08-31 16:42:41', '2015-08-31 16:42:41', NULL),
	(31, 5, 6, 0, 'Joined big rally Mountain Rally Norway', '2015-08-31 16:46:33', '2015-08-31 16:46:33', NULL),
	(32, 5, 6, 0, 'Joined big rally Mountain Rally Norway', '2015-08-31 16:46:41', '2015-08-31 16:46:41', NULL),
	(33, 10, 26, 0, 'Creation of friendly rally Rajd Rzeszów', '2015-09-01 10:14:09', '2015-09-01 10:14:09', NULL);
/*!40000 ALTER TABLE `user_premium_log` ENABLE KEYS */;


-- Dumping structure for table switkrze_rally.user_user
DROP TABLE IF EXISTS `user_user`;
CREATE TABLE IF NOT EXISTS `user_user` (
  `id` int(11) NOT NULL AUTO_INCREMENT,
  `first_name` varchar(255) DEFAULT NULL,
  `last_name` varchar(255) DEFAULT NULL,
  `email` varchar(255) DEFAULT NULL,
  `username` varchar(255) DEFAULT NULL,
  `salt` varchar(255) DEFAULT NULL,
  `password` varchar(255) DEFAULT NULL,
  `role` varchar(255) DEFAULT NULL,
  `token` varchar(255) DEFAULT NULL,
  `active` tinyint(1) DEFAULT '1',
  `premium` bigint(20) DEFAULT NULL,
  `referer` bigint(20) DEFAULT NULL,
  `referer_not_active` tinyint(1) NOT NULL DEFAULT '0',
  `gold_member` tinyint(1) NOT NULL DEFAULT '0',
  `gold_member_expire` datetime DEFAULT NULL,
  `referer_paid` tinyint(1) DEFAULT '0',
  `created_at` datetime NOT NULL,
  `last_active` datetime DEFAULT NULL,
  `updated_at` datetime NOT NULL,
  `deleted_at` datetime DEFAULT NULL,
  PRIMARY KEY (`id`)
) ENGINE=MyISAM AUTO_INCREMENT=41 DEFAULT CHARSET=utf8;

-- Dumping data for table switkrze_rally.user_user: 38 rows
DELETE FROM `user_user`;
/*!40000 ALTER TABLE `user_user` DISABLE KEYS */;
INSERT INTO `user_user` (`id`, `first_name`, `last_name`, `email`, `username`, `salt`, `password`, `role`, `token`, `active`, `premium`, `referer`, `referer_not_active`, `gold_member`, `gold_member_expire`, `referer_paid`, `created_at`, `last_active`, `updated_at`, `deleted_at`) VALUES
	(1, NULL, NULL, 'kardi31@o2.pl', 'kardi3', '3cd8ce9308484e3cbb0ebb34cb3f8eb9', '4194733cdc8a0ebca945ea2c4a9b9d1b', 'admin', '3cd8ce9308484e3cbb0ebb34cb3f8eb9', 1, NULL, NULL, 0, 0, NULL, 0, '0000-00-00 00:00:00', '2015-08-26 11:07:47', '2015-08-26 11:07:47', NULL),
	(2, NULL, NULL, 'kardi31@tlen.pl', 'kk33', 'bc291935ff2d20eb46a5b52835ba0e8d', 'fac6a0c4edabb76e270c8764c1f61db0', 'user', 'e0d63b63ef0aa8734ebff99f78ff719b', 1, NULL, NULL, 0, 0, NULL, 0, '2015-08-25 17:12:31', '2015-08-31 18:31:41', '2015-08-31 18:31:41', NULL),
	(3, NULL, NULL, 'curt1996@o2.pl', 'curtchan', 'e8270b44d45e1d923b69090b99baf467', '8267aa28c4102b52d079e0c9de1d5aa0', 'user', 'bd8d4c7079e5542471d65b42e66c2f5a', 1, NULL, NULL, 0, 0, NULL, 0, '2015-08-25 18:56:14', '2015-08-31 22:41:09', '2015-08-31 22:41:09', NULL),
	(4, NULL, NULL, 'pejhi@interia.pl', 'Pejhi', '62eafbb0b111cf208a179e11fafa001f', 'bb3a77045a5228b2741fcaae2e6f47e4', 'user', '813e2050c71b0f4b3fcf2727b0414f82', 1, NULL, NULL, 0, 0, NULL, 0, '2015-08-25 19:03:54', NULL, '2015-08-31 14:27:42', NULL),
	(5, NULL, NULL, 'patryk.pastuch@interia.pl', 'droyet', 'e93db57c0ca5c0d026136079b0c3af04', '0a7ead6e487df17dbc6ef1d17327b801', 'user', '6472b22c9df86fa670a40b0b169c02ea', 1, 9223372036854770527, NULL, 0, 1, '2031-12-05 14:26:45', 0, '2015-08-25 19:07:32', '2015-08-31 14:41:21', '2015-08-31 14:41:21', NULL),
	(6, NULL, NULL, 'tony.morgan@interia.pl', 'tonymorgan', '3e4ed263221f2cd2326ac453a7afe66d', '09aaf0cd18e916aa45c1512e27506500', 'user', 'f5bd8cb4e5529d198ef9a3b9a0a1330c', 1, 98070, NULL, 0, 1, '2021-07-30 16:42:08', 0, '2015-08-26 06:36:58', '2015-08-31 18:07:08', '2015-08-31 18:07:08', NULL),
	(7, NULL, NULL, 'lblaszkowski@onet.pl', 'wilk09', 'c1f05b67445681bd1b920c59ba785059', '589af082aa30baa2756d45aa266a6596', 'user', '88f557e78c0050c4c6ad5a4f6f2a8722', 1, 100, NULL, 0, 0, NULL, 0, '2015-08-26 08:29:28', '2015-08-31 17:35:27', '2015-08-31 17:35:27', NULL),
	(8, NULL, NULL, 'pkruczekt@gmail.com', 'Yoshimori', 'd9d692949b6d84ba4654699c118398b4', '22b831c5eb97fb6313f682838e019088', 'user', 'ebf5a862e0bc0e6b5b4716d772e13907', 1, 1185, NULL, 0, 0, NULL, 0, '2015-08-26 10:22:31', '2015-08-31 23:11:48', '2015-08-31 23:11:48', NULL),
	(9, NULL, NULL, 'maciej.kaczor92@gmail.com', 'hangeyes', '5ea2a8a5d9f43c5cfd44eafc0d103221', '7290e874f9ca214c0ab26a7bde6303c1', 'user', '3e3ea056b409615086b52b941d23ca79', 1, NULL, NULL, 0, 0, NULL, 0, '2015-08-26 10:59:40', '2015-08-29 19:55:18', '2015-08-29 19:55:18', NULL),
	(10, NULL, NULL, 'wesolowskimaciej@o2.pl', 'Tester', 'b71e4a7ba2376e963858e1782e7884ae', 'a149e74121c7ab756f2693d97a2fb391', 'user', 'e839822428fbd45c3cfdecad6167b507', 1, NULL, NULL, 0, 0, NULL, 0, '2015-08-26 11:13:51', '2015-08-26 11:42:52', '2015-08-26 11:42:52', NULL),
	(11, NULL, NULL, 'kaczor.m92@gmail.com', 'testy', '34756e3b501d1eeb270db8e6111a3465', 'bbccbd819ae441f6f6d62eaa9822c606', 'user', '427cf0ce5eb71520d22cbe2b01a0e0ef', 0, NULL, NULL, 0, 0, NULL, 0, '2015-08-26 11:18:00', NULL, '2015-08-26 11:18:00', NULL),
	(12, NULL, NULL, 'weronika.serafin@wp.pl', 'werka0705', '3636ecf5a0a0e3827b496604fabfed89', '7053defb8eae73481065617ee50d6415', 'user', '59d771d0481fdd73672b5513a081e701', 1, NULL, NULL, 0, 0, NULL, 0, '2015-08-26 13:11:45', '2015-08-30 23:09:15', '2015-08-30 23:09:15', NULL),
	(13, NULL, NULL, 'pawel.stepak.ps@gmail.com', 'pawel', 'c10f25c68d3a669c5c7f0f00488e1922', '14e0a59d7dc4f50eb72f50e31b7b3c02', 'user', '45b05aa07b852258808cc48ba0b282d7', 1, NULL, NULL, 0, 0, NULL, 0, '2015-08-26 14:21:13', '2015-09-01 10:41:12', '2015-09-01 10:41:12', NULL),
	(14, NULL, NULL, 'ps.mlody@gmail.com', 'pawel1', 'c8d4a0ebdcd5a2002b0939ff7d76c4ef', 'd35d99a04580864669b0a4153ae143a5', 'user', '87049999637c356e3cd28fbb5194b2a9', 1, NULL, NULL, 0, 0, NULL, 0, '2015-08-26 14:33:08', '2015-09-01 10:41:57', '2015-09-01 10:41:57', NULL),
	(15, NULL, NULL, 'DOTA2PG@GMAIL.COM', 'LOSIEKKRK26', '5c2eab8eb81d4450418e53231ee85835', 'e3467127ee4d00518394213c03906b8f', 'user', 'a064930b96344ddb6414fb2e52f5d74b', 1, NULL, NULL, 0, 0, NULL, 0, '2015-08-26 20:16:29', '2015-08-26 20:22:30', '2015-08-26 20:22:30', NULL),
	(16, NULL, NULL, 'wilk9@poczta.onet.pl', 'wilk9', 'ffdee8f8ee592bb81880f89d931e66e0', 'd2c2b0b51b883c660f3458cb67d9a55f', 'user', 'e8ad926767d978932d4df5fa4d87508a', 1, NULL, NULL, 0, 0, NULL, 0, '2015-08-26 23:51:17', '2015-08-30 21:54:25', '2015-08-30 21:54:25', NULL),
	(17, NULL, NULL, 'ebi.stanczak@onet.pl', 'wilk009', '08341f44e84a3635e1a9b2e035e76369', '0bc62c832ba02480cbe5fe231ad1bd19', 'user', 'a37870da209c7303b3445162b530fbec', 1, NULL, NULL, 0, 0, NULL, 0, '2015-08-27 00:38:20', '2015-08-30 21:57:17', '2015-08-30 21:57:17', NULL),
	(18, NULL, NULL, 'lblaszkowski9@gmail.com', 'wilk0009', '0ffbde2bfc6bbb636e148f1e8a998770', '87363c1eb49df63a3e03cfc15a9b4661', 'user', 'e9b178d744fa344d98fdabfea9244d93', 1, NULL, NULL, 0, 0, NULL, 0, '2015-08-27 01:06:20', NULL, '2015-08-27 01:07:04', NULL),
	(19, NULL, NULL, 'czarek77774@wp.pl', 'Czarcik', 'ede81a46e170ca00228f77ac63f795e0', 'c4f9980fc19881b5b0dff72d59428a90', 'user', '89c5c7aae74eb8b6df403325d9a9353c', 0, NULL, NULL, 0, 0, NULL, 0, '2015-08-27 07:05:42', NULL, '2015-08-27 07:05:42', NULL),
	(20, NULL, NULL, 'hangeyes@gmail.com', 'hangeyes2', 'c66c626dee0254849d04642e54c58943', '97753116fd3e9228202da8c9e3e47b46', 'user', '3bd0a38e68c4971303c0f66aa84295ce', 1, NULL, NULL, 0, 0, NULL, 0, '2015-08-27 14:44:08', '2015-08-27 14:51:34', '2015-08-27 14:51:34', NULL),
	(21, NULL, NULL, 'stepienp22@gmail.com', 'pawel2', '0de62887b521be66646ebe0a28cc4188', '38a6946d6338297b7416bf49102367bc', 'user', 'd6649447ecc703837e4fba2a9d51a931', 1, NULL, NULL, 0, 0, NULL, 0, '2015-08-28 10:11:51', '2015-08-28 10:22:56', '2015-08-28 10:22:56', NULL),
	(22, NULL, NULL, 'pawekim@wp.pl', 'pawekim', '1a9aef9e546ce3c3c40de511808946d0', '51f08f4da8d69cc2f9d9bc8f4aa1cdc2', 'user', '3d34820d6f33a4cff84588f1bc1a1649', 0, NULL, NULL, 0, 0, NULL, 0, '2015-08-28 21:05:27', NULL, '2015-08-28 21:05:27', NULL),
	(23, NULL, NULL, 'peop_1157475@kardimobile.pl', 'peop_1157475', 'ce9e1bd7348a1e5b8300ddf092e800dc', '08c342ac259d76bd8af7b50a9d1fdf4f', 'user', '79fcb9b47d5c6c8eb338b777e47088fe', 1, 188, NULL, 0, 0, NULL, 0, '2015-08-29 20:48:39', '2015-08-31 11:04:03', '2015-08-31 11:04:03', NULL),
	(24, NULL, NULL, 'peop_1177531@kardimobile.pl', 'peop_1177531', '2d2773b83db5da1b0456ebca4f030570', 'd3faa9efb6ff06d111120d1f876f98d7', 'user', '0651ebbbdf21333445f6cc009a6de897', 1, NULL, NULL, 0, 0, NULL, 0, '2015-08-29 20:48:39', '2015-08-31 10:29:51', '2015-08-31 10:29:51', NULL),
	(25, NULL, NULL, 'peop_1089502@kardimobile.pl', 'peop_1089502', '24ab72431f5bf5a95a5eab51560a9b48', 'cef55e946b8d701dac3367d1584fc3b3', 'user', '0830b97b387093655eb3ff405816f995', 1, NULL, NULL, 0, 0, NULL, 0, '2015-08-29 20:48:39', '2015-08-31 10:30:15', '2015-08-31 10:30:15', NULL),
	(26, NULL, NULL, 'peop_1161965@kardimobile.pl', 'peop_1161965', 'fd9443b95ed5326f6e86e17afe5b74bc', '0cfa773f7e9647e0fe3b36c21c0c234a', 'user', '9a9a5a044533961c64362bcdd5abdefd', 1, 10, NULL, 0, 0, NULL, 0, '2015-08-29 20:48:39', '2015-09-01 10:31:58', '2015-09-01 10:31:58', NULL),
	(27, NULL, NULL, 'peop_1189462@kardimobile.pl', 'peop_1189462', 'cda33d2d4fe10139de6e5db4d115f5a3', '2be19e80baec252c830dd3fb9cf653f8', 'user', '833ab10751146f2146f212c4372de0e0', 1, NULL, NULL, 0, 0, NULL, 0, '2015-08-29 20:48:39', NULL, '2015-08-29 20:48:39', NULL),
	(28, NULL, NULL, 'peop_1018933@kardimobile.pl', 'peop_1018933', '609d99dd0d6409cd6caf7b219ee1655a', '00bc033d5e6400067a7bc392c57a7b8b', 'user', '156713737eef7ca6c22d286b94e3388a', 1, NULL, NULL, 0, 0, NULL, 0, '2015-08-29 20:48:39', NULL, '2015-08-29 20:48:39', NULL),
	(29, NULL, NULL, 'peop_1172350@kardimobile.pl', 'peop_1172350', 'd2dccff7022f2f8a0855570dffb12a61', '93fd0d2f2c8cde9ac72f7e418591897c', 'user', 'a724ab875b7f51093c33fcca14dd1e33', 1, NULL, NULL, 0, 0, NULL, 0, '2015-08-29 20:48:39', NULL, '2015-08-29 20:48:39', NULL),
	(30, NULL, NULL, 'peop_1128877@kardimobile.pl', 'peop_1128877', '0d7055206cf34169f39f98945dfcb191', '2b03f054d43d1c31d156a41ff721ab73', 'user', '4346208fd7f3b45f5a5d25406c741d1f', 1, NULL, NULL, 0, 0, NULL, 0, '2015-08-29 20:48:39', '2015-08-30 10:57:44', '2015-08-30 10:57:44', NULL),
	(31, NULL, NULL, 'peop_1104585@kardimobile.pl', 'peop_1104585', '65663f7215b167ede6d082d07eb500e3', '176cf8a3c944efeb3e33abfb46df2d50', 'user', '86fb0426434be676859137fafd078c3d', 1, NULL, NULL, 0, 0, NULL, 0, '2015-08-29 20:48:39', NULL, '2015-08-29 20:48:39', NULL),
	(32, NULL, NULL, 'peop_1074885@kardimobile.pl', 'peop_1074885', '2fb7370e0520ad9026df3468bb860e93', '81cfb69335f6da9eb1c042520806690a', 'user', 'ded21195cb7fbbe126bc778b4631ad1a', 1, NULL, NULL, 0, 0, NULL, 0, '2015-08-29 20:48:39', NULL, '2015-08-29 20:48:39', NULL),
	(33, NULL, NULL, 'peop_1005864@kardimobile.pl', 'peop_1005864', 'b89c96fb8a13845eb22b069ce35f45d7', '6535b0dab88ea5606add2fdcf86a45f8', 'user', '53cb7d7f1c567da9137902f8518dd50b', 1, NULL, NULL, 0, 0, NULL, 0, '2015-08-29 20:48:39', '2015-08-30 10:25:41', '2015-08-30 10:25:41', NULL),
	(34, NULL, NULL, 'peop_1016546@kardimobile.pl', 'peop_1016546', 'a1457e77c91cfc6c7ee924a53a5e3688', '4d6c2cd9e9769e60262bd0d6712adaf7', 'user', '02137be0fd9fdbdc0a74eb830dbd25da', 1, NULL, NULL, 0, 0, NULL, 0, '2015-08-29 20:48:39', NULL, '2015-08-29 20:48:39', NULL),
	(35, NULL, NULL, 'peop_1088402@kardimobile.pl', 'peop_1088402', '4740449c835ac056c52b4da12327a5da', '262c3399bfe679638ef42109cb6ff8a4', 'user', '7c1cdecb6067c0f606145ad1d0d9555d', 1, NULL, NULL, 0, 0, NULL, 0, '2015-08-29 20:48:39', NULL, '2015-08-29 20:48:39', NULL),
	(36, NULL, NULL, 'peop_1000093@kardimobile.pl', 'peop_1000093', 'ff36c5350cd93f98a0b266b2d86934cb', '0ab8ae116f98fcd7f35c3969453fc3e3', 'user', '19eac57399e3ad3482652562b15c1149', 1, NULL, NULL, 0, 0, NULL, 0, '2015-08-29 20:48:39', '2015-09-01 10:29:58', '2015-09-01 10:29:58', NULL),
	(37, NULL, NULL, 'peop_1056436@kardimobile.pl', 'peop_1056436', '4e82ab8ee709c5c311b4ad7a3def7517', 'ba080b243e96b3a98a5ce84e9bc78430', 'user', 'b87a802a2db16c493bd0fd85f7c256de', 1, NULL, NULL, 0, 0, NULL, 0, '2015-08-29 20:48:39', '2015-09-01 09:47:51', '2015-09-01 09:47:51', NULL),
	(38, NULL, NULL, 'kaqua@vp.pl', 'useer', 'bf7e19e68ecd9d84fe5d1d57c66f05ac', '6b90d31cbafe202fb74b25f1b45a47cf', 'user', 'e13fe4af6b1d54205bdb653d694c4b79', 1, NULL, NULL, 0, 0, NULL, 0, '2015-08-30 09:18:00', '2015-08-30 13:10:42', '2015-08-30 13:10:42', NULL),
	(39, NULL, NULL, 'bartbert@interia.pl', 'bartbert', '38c11655062c720600eb01952cf0644f', '2734f7ea51c3ff7be07ba69dde04ba8d', 'user', '3f50cbaf6acf66fd8988231bca549e81', 0, NULL, NULL, 0, 0, NULL, 0, '2015-08-31 21:49:10', NULL, '2015-08-31 21:49:10', NULL),
	(40, NULL, NULL, 'adamadam235@interia.pl', '1234', 'ab93cce861bfdf53c58d9c44a1618f29', '33e50fdd0f0b8e040793e4dc90a07e51', 'user', 'd2cdd864b2ea76b02675864b58b7ae15', 1, NULL, 36, 0, 0, NULL, 0, '2015-09-01 10:26:45', '2015-09-01 10:27:16', '2015-09-01 10:27:16', NULL);
/*!40000 ALTER TABLE `user_user` ENABLE KEYS */;
/*!40101 SET SQL_MODE=IFNULL(@OLD_SQL_MODE, '') */;
/*!40014 SET FOREIGN_KEY_CHECKS=IF(@OLD_FOREIGN_KEY_CHECKS IS NULL, 1, @OLD_FOREIGN_KEY_CHECKS) */;
/*!40101 SET CHARACTER_SET_CLIENT=@OLD_CHARACTER_SET_CLIENT */;
