-- --------------------------------------------------------
-- Host:                         127.0.0.1
-- Wersja serwera:               5.6.24 - MySQL Community Server (GPL)
-- Serwer OS:                    Win32
-- HeidiSQL Wersja:              9.1.0.4867
-- --------------------------------------------------------

/*!40101 SET @OLD_CHARACTER_SET_CLIENT=@@CHARACTER_SET_CLIENT */;
/*!40101 SET NAMES utf8mb4 */;
/*!40014 SET @OLD_FOREIGN_KEY_CHECKS=@@FOREIGN_KEY_CHECKS, FOREIGN_KEY_CHECKS=0 */;
/*!40101 SET @OLD_SQL_MODE=@@SQL_MODE, SQL_MODE='NO_AUTO_VALUE_ON_ZERO' */;

-- Zrzut struktury tabela ral.car_car
DROP TABLE IF EXISTS `car_car`;
CREATE TABLE IF NOT EXISTS `car_car` (
  `id` int(11) NOT NULL AUTO_INCREMENT,
  `model_id` bigint(20) DEFAULT NULL,
  `name` varchar(255) DEFAULT NULL,
  `team_id` bigint(20) DEFAULT NULL,
  `mileage` bigint(20) DEFAULT NULL,
  `value` bigint(20) DEFAULT NULL,
  `upkeep` bigint(20) DEFAULT NULL,
  `last_season_value_id` bigint(20) DEFAULT NULL,
  `on_market` tinyint(1) NOT NULL DEFAULT '0',
  `created_at` datetime NOT NULL,
  `updated_at` datetime NOT NULL,
  `deleted_at` datetime DEFAULT NULL,
  `last_name_change` datetime DEFAULT NULL,
  PRIMARY KEY (`id`)
) ENGINE=MyISAM AUTO_INCREMENT=207 DEFAULT CHARSET=utf8;

-- Zrzucanie danych dla tabeli ral.car_car: 83 rows
DELETE FROM `car_car`;
/*!40000 ALTER TABLE `car_car` DISABLE KEYS */;
INSERT INTO `car_car` (`id`, `model_id`, `name`, `team_id`, `mileage`, `value`, `upkeep`, `last_season_value_id`, `on_market`, `created_at`, `updated_at`, `deleted_at`, `last_name_change`) VALUES
	(1, 6, 'Mitsubishi Lancer Evo IX GT340 #0', 3, 0, 123000, 18450, 0, 0, '2015-08-04 16:27:18', '2015-08-11 18:00:09', NULL, NULL),
	(2, 15, 'Honda Civic Turbo Type R #1', 2, 0, 127000, 19050, 0, 0, '2015-08-04 16:27:18', '2015-08-11 18:00:09', NULL, NULL),
	(3, 16, 'Toyota Celica GT-Four ST205 #2', 3, 0, 119700, 17955, 0, 0, '2015-08-04 16:27:18', '2015-08-11 18:00:09', NULL, NULL),
	(4, 21, 'Skoda Octavia WRC #3', 4, 0, 115000, 17250, 0, 0, '2015-08-04 16:27:18', '2015-08-11 18:00:10', NULL, NULL),
	(5, 24, 'Volkswagen Polo R WRC #4', 5, 0, 133000, 19950, 0, 0, '2015-08-04 16:27:18', '2015-08-11 18:00:10', NULL, NULL),
	(6, 6, 'Mitsubishi Lancer Evo IX GT340 #5', 13, 0, 123000, 18450, 0, 0, '2015-08-04 16:27:18', '2015-08-12 02:20:01', NULL, NULL),
	(7, 15, 'Honda Civic Turbo Type R #6', 7, 0, 127000, 19050, 0, 0, '2015-08-04 16:27:18', '2015-08-11 18:00:11', NULL, NULL),
	(8, 16, 'Toyota Celica GT-Four ST205 #7', 3, 0, 119700, 17955, 0, 0, '2015-08-04 16:27:19', '2015-08-11 18:00:11', NULL, NULL),
	(9, 21, 'Skoda Octavia WRC #8', 9, 0, 115000, 17250, 0, 0, '2015-08-04 16:27:19', '2015-08-11 18:00:11', NULL, NULL),
	(10, 24, 'Volkswagen Polo R WRC #9', 10, 0, 133000, 19950, 0, 0, '2015-08-04 16:27:19', '2015-08-11 18:00:11', NULL, NULL),
	(11, 6, 'Mitsubishi Lancer Evo IX GT340 #10', 11, 0, 123000, 18450, 0, 0, '2015-08-04 16:27:19', '2015-08-11 18:00:12', NULL, NULL),
	(12, 15, 'Honda Civic Turbo Type R #11', 12, 0, 127000, 19050, 0, 0, '2015-08-04 16:27:19', '2015-08-11 18:00:12', NULL, NULL),
	(13, 16, 'Toyota Celica GT-Four ST205 #12', 13, 0, 119700, 17955, 0, 0, '2015-08-04 16:27:19', '2015-08-11 18:00:12', NULL, NULL),
	(14, 21, 'Skoda Octavia WRC #13', 14, 0, 115000, 17250, 0, 0, '2015-08-04 16:27:19', '2015-08-11 18:00:12', NULL, NULL),
	(15, 24, 'Volkswagen Polo R WRC #14', 15, 0, 133000, 19950, 0, 0, '2015-08-04 16:27:19', '2015-08-11 18:00:13', NULL, NULL),
	(16, 6, 'Mitsubishi Lancer Evo IX GT340 #15', 16, 0, 123000, 18450, 0, 0, '2015-08-04 17:01:16', '2015-08-11 18:00:13', NULL, NULL),
	(17, 15, 'Honda Civic Turbo Type R #16', 17, 0, 127000, 19050, 0, 0, '2015-08-04 17:18:34', '2015-08-11 18:00:13', NULL, NULL),
	(18, 16, 'Toyota Celica GT-Four ST205 #17', 13, 0, 119700, 17955, 0, 0, '2015-08-05 12:20:13', '2015-08-11 18:00:14', NULL, NULL),
	(19, 21, 'Skoda Octavia WRC #18', 18, 0, 115000, 17250, 0, 0, '2015-08-05 16:00:53', '2015-08-11 18:00:14', NULL, NULL),
	(20, 17, 'Proton Satria Neo Sport #19', 1, 0, 11000, 1650, 0, 0, '2015-08-11 17:27:28', '2015-08-11 18:00:14', NULL, NULL),
	(21, 4, 'Alfa Romeo Junior #20', 6, 0, 25000, 3750, 0, 0, '2015-08-11 17:33:15', '2015-08-11 18:00:14', NULL, NULL),
	(22, 5, 'Renault Clio III #21', 8, 0, 34000, 5100, 0, 0, '2015-08-11 17:39:28', '2015-08-11 18:00:15', NULL, NULL),
	(23, 5, 'Renault Clio III #15005', 4, 0, 34100, 5115, 0, 0, '2015-08-22 13:30:06', '2015-08-22 13:30:06', NULL, NULL),
	(147, 16, 'Toyota Celica GT-Four ST205 #2587', 150, 0, 115000, 17250, 0, 0, '2015-08-23 20:22:02', '2015-08-23 20:22:02', NULL, NULL),
	(148, 21, 'Skoda Octavia WRC #13437', 151, 0, 119700, 17955, 0, 0, '2015-08-23 20:22:02', '2015-08-23 20:22:02', NULL, NULL),
	(149, 19, 'Ford Focus WRC #24798', 152, 0, 165000, 24750, 0, 0, '2015-08-23 20:22:02', '2015-08-23 20:22:02', NULL, NULL),
	(150, 16, 'Toyota Celica GT-Four ST205 #7656', 153, 0, 115000, 17250, 0, 0, '2015-08-23 20:22:02', '2015-08-23 20:22:02', NULL, NULL),
	(151, 28, 'Peugeot 207 #21270', 154, 0, 85100, 12765, 0, 0, '2015-08-23 20:22:02', '2015-08-23 20:22:02', NULL, NULL),
	(152, 28, 'Peugeot 207 #11816', 155, 0, 85100, 12765, 0, 0, '2015-08-23 20:22:02', '2015-08-23 20:22:02', NULL, NULL),
	(153, 28, 'Peugeot 207 #18403', 156, 0, 85100, 12765, 0, 0, '2015-08-23 20:22:02', '2015-08-23 20:22:02', NULL, NULL),
	(154, 13, 'Mazda 323 GTR #15925', 157, 0, 74300, 11145, 0, 0, '2015-08-23 20:22:03', '2015-08-23 20:22:03', NULL, NULL),
	(155, 7, 'Ford Fiesta R5 #16256', 158, 0, 83000, 12450, 0, 0, '2015-08-23 20:22:03', '2015-08-23 20:22:03', NULL, NULL),
	(156, 7, 'Ford Fiesta R5 #21845', 159, 0, 83000, 12450, 0, 0, '2015-08-23 20:22:03', '2015-08-23 20:22:03', NULL, NULL),
	(157, 12, 'Citroen Xsara VTS #22945', 160, 0, 72100, 10815, 0, 0, '2015-08-23 20:22:03', '2015-08-23 20:22:03', NULL, NULL),
	(158, 27, 'Ford Escort V Cosworth #18456', 161, 0, 97000, 14550, 0, 0, '2015-08-23 20:22:03', '2015-08-23 20:22:03', NULL, NULL),
	(159, 23, 'Mini Cooper S #24928', 162, 0, 79300, 11895, 0, 0, '2015-08-23 20:22:03', '2015-08-23 20:22:03', NULL, NULL),
	(160, 27, 'Ford Escort V Cosworth #18991', 163, 0, 97000, 14550, 0, 0, '2015-08-23 20:22:03', '2015-08-23 20:22:03', NULL, NULL),
	(161, 7, 'Ford Fiesta R5 #23599', 164, 0, 83000, 12450, 0, 0, '2015-08-23 20:22:03', '2015-08-23 20:22:03', NULL, NULL),
	(162, 13, 'Mazda 323 GTR #6970', 165, 0, 74300, 11145, 0, 0, '2015-08-23 20:22:03', '2015-08-23 20:22:03', NULL, NULL),
	(163, 12, 'Citroen Xsara VTS #11659', 166, 0, 72100, 10815, 0, 0, '2015-08-23 20:22:03', '2015-08-23 20:22:03', NULL, NULL),
	(164, 27, 'Ford Escort V Cosworth #14092', 167, 0, 97000, 14550, 0, 0, '2015-08-23 20:22:03', '2015-08-23 20:22:03', NULL, NULL),
	(165, 18, 'Ford Focus RS #24916', 168, 0, 87200, 13080, 0, 0, '2015-08-23 20:22:03', '2015-08-23 20:22:03', NULL, NULL),
	(166, 18, 'Ford Focus RS #15605', 169, 0, 87200, 13080, 0, 0, '2015-08-23 20:22:03', '2015-08-23 20:22:03', NULL, NULL),
	(167, 13, 'Mazda 323 GTR #8942', 170, 0, 74300, 11145, 0, 0, '2015-08-23 20:22:03', '2015-08-23 20:22:03', NULL, NULL),
	(168, 18, 'Ford Focus RS #3470', 171, 0, 87200, 13080, 0, 0, '2015-08-23 20:22:03', '2015-08-23 20:22:03', NULL, NULL),
	(169, 7, 'Ford Fiesta R5 #1659', 172, 0, 83000, 12450, 0, 0, '2015-08-23 20:22:03', '2015-08-23 20:22:03', NULL, NULL),
	(170, 13, 'Mazda 323 GTR #1320', 173, 0, 74300, 11145, 0, 0, '2015-08-23 20:22:03', '2015-08-23 20:22:03', NULL, NULL),
	(171, 13, 'Mazda 323 GTR #17915', 174, 0, 74300, 11145, 0, 0, '2015-08-23 20:22:03', '2015-08-23 20:22:03', NULL, NULL),
	(172, 12, 'Citroen Xsara VTS #4586', 175, 0, 72100, 10815, 0, 0, '2015-08-23 20:22:03', '2015-08-23 20:22:03', NULL, NULL),
	(173, 27, 'Ford Escort V Cosworth #3704', 176, 0, 97000, 14550, 0, 0, '2015-08-23 20:22:03', '2015-08-23 20:22:03', NULL, NULL),
	(174, 12, 'Citroen Xsara VTS #5674', 177, 0, 72100, 10815, 0, 0, '2015-08-23 20:22:04', '2015-08-23 20:22:04', NULL, NULL),
	(175, 28, 'Peugeot 207 #2683', 178, 0, 85100, 12765, 0, 0, '2015-08-23 20:22:04', '2015-08-23 20:22:04', NULL, NULL),
	(176, 27, 'Ford Escort V Cosworth #19118', 179, 0, 97000, 14550, 0, 0, '2015-08-23 20:22:04', '2015-08-23 20:22:04', NULL, NULL),
	(177, 18, 'Ford Focus RS #15127', 180, 0, 87200, 13080, 0, 0, '2015-08-23 20:22:04', '2015-08-23 20:22:04', NULL, NULL),
	(178, 23, 'Mini Cooper S #19827', 181, 0, 79300, 11895, 0, 0, '2015-08-23 20:22:04', '2015-08-23 20:22:04', NULL, NULL),
	(179, 18, 'Ford Focus RS #7959', 182, 0, 87200, 13080, 0, 0, '2015-08-23 20:22:04', '2015-08-23 20:22:04', NULL, NULL),
	(180, 13, 'Mazda 323 GTR #19852', 183, 0, 74300, 11145, 0, 0, '2015-08-23 20:22:04', '2015-08-23 20:22:04', NULL, NULL),
	(181, 7, 'Ford Fiesta R5 #4594', 184, 0, 83000, 12450, 0, 0, '2015-08-23 20:22:04', '2015-08-23 20:22:04', NULL, NULL),
	(182, 12, 'Citroen Xsara VTS #20609', 185, 0, 72100, 10815, 0, 0, '2015-08-23 20:22:04', '2015-08-23 20:22:04', NULL, NULL),
	(183, 23, 'Mini Cooper S #20680', 186, 0, 79300, 11895, 0, 0, '2015-08-23 20:22:04', '2015-08-23 20:22:04', NULL, NULL),
	(184, 23, 'Mini Cooper S #15706', 187, 0, 79300, 11895, 0, 0, '2015-08-23 20:22:04', '2015-08-23 20:22:04', NULL, NULL),
	(185, 27, 'Ford Escort V Cosworth #20670', 188, 0, 97000, 14550, 0, 0, '2015-08-23 20:22:04', '2015-08-23 20:22:04', NULL, NULL),
	(186, 27, 'Ford Escort V Cosworth #7289', 189, 0, 97000, 14550, 0, 0, '2015-08-23 20:22:04', '2015-08-23 20:22:04', NULL, NULL),
	(187, 28, 'Peugeot 207 #3618', 190, 0, 85100, 12765, 0, 0, '2015-08-23 20:22:04', '2015-08-23 20:22:04', NULL, NULL),
	(188, 28, 'Peugeot 207 #9528', 191, 0, 85100, 12765, 0, 0, '2015-08-23 20:22:04', '2015-08-23 20:22:04', NULL, NULL),
	(189, 7, 'Ford Fiesta R5 #13532', 192, 0, 83000, 12450, 0, 0, '2015-08-23 20:22:04', '2015-08-23 20:22:04', NULL, NULL),
	(190, 18, 'Ford Focus RS #4991', 193, 0, 87200, 13080, 0, 0, '2015-08-23 20:22:04', '2015-08-23 20:22:04', NULL, NULL),
	(191, 23, 'Mini Cooper S #14206', 194, 0, 79300, 11895, 0, 0, '2015-08-23 20:22:04', '2015-08-23 20:22:04', NULL, NULL),
	(192, 12, 'Citroen Xsara VTS #11333', 195, 0, 72100, 10815, 0, 0, '2015-08-23 20:22:04', '2015-08-23 20:22:04', NULL, NULL),
	(193, 20, 'Hyundai Accent  #23467', 196, 0, 50100, 7515, 0, 0, '2015-08-23 20:22:04', '2015-08-23 20:22:04', NULL, NULL),
	(194, 10, 'Suzuki Swift Sport #16468', 197, 0, 49500, 7425, 0, 0, '2015-08-23 20:22:04', '2015-08-23 20:22:04', NULL, NULL),
	(195, 22, 'Skoda Fabia IRC #22074', 198, 0, 56500, 8475, 0, 0, '2015-08-23 20:22:05', '2015-08-23 20:22:05', NULL, NULL),
	(196, 22, 'Skoda Fabia IRC #3603', 199, 0, 56500, 8475, 0, 0, '2015-08-23 20:22:05', '2015-08-23 20:22:05', NULL, NULL),
	(197, 3, 'Triumph TR7 #12917', 200, 0, 41000, 6150, 0, 0, '2015-08-23 20:22:05', '2015-08-23 20:22:05', NULL, NULL),
	(198, 22, 'Skoda Fabia IRC #17398', 201, 0, 56500, 8475, 0, 0, '2015-08-23 20:22:05', '2015-08-23 20:22:05', NULL, NULL),
	(199, 22, 'Skoda Fabia IRC #6142', 202, 0, 56500, 8475, 0, 0, '2015-08-23 20:22:05', '2015-08-23 20:22:05', NULL, NULL),
	(200, 1, 'BMW 318is #4212', 203, 0, 53000, 7950, 0, 0, '2015-08-23 20:22:05', '2015-08-23 20:22:05', NULL, NULL),
	(201, 10, 'Suzuki Swift Sport #5434', 204, 0, 49500, 7425, 0, 0, '2015-08-23 20:22:05', '2015-08-23 20:22:05', NULL, NULL),
	(202, 14, 'FSO Polonez #1976', 205, 0, 44500, 6675, 0, 0, '2015-08-23 20:22:05', '2015-08-23 20:22:05', NULL, NULL),
	(203, 26, 'Ford Puma #4800', 206, 0, 46100, 6915, 0, 0, '2015-08-23 20:22:05', '2015-08-23 20:22:05', NULL, NULL),
	(204, 3, 'Triumph TR7 #1426', 207, 0, 41000, 6150, 0, 0, '2015-08-23 20:22:05', '2015-08-23 20:22:05', NULL, NULL),
	(205, 10, 'Suzuki Swift Sport #1843', 208, 0, 49500, 7425, 0, 0, '2015-08-23 20:22:05', '2015-08-23 20:22:05', NULL, NULL),
	(206, 26, 'Ford Puma #6320', 209, 0, 46100, 6915, 0, 0, '2015-08-23 20:22:05', '2015-08-23 20:22:05', NULL, NULL);
/*!40000 ALTER TABLE `car_car` ENABLE KEYS */;


-- Zrzut struktury tabela ral.car_car_models
DROP TABLE IF EXISTS `car_car_models`;
CREATE TABLE IF NOT EXISTS `car_car_models` (
  `id` int(11) NOT NULL AUTO_INCREMENT,
  `name` varchar(255) DEFAULT NULL,
  `capacity` bigint(20) DEFAULT NULL,
  `horsepower` bigint(20) DEFAULT NULL,
  `max_speed` bigint(20) DEFAULT NULL,
  `acceleration` float(10,2) DEFAULT NULL,
  `wheel_drive` enum('front','rear','4x4') DEFAULT NULL,
  `league` bigint(20) DEFAULT NULL,
  `price` bigint(20) DEFAULT NULL,
  `unique` bigint(20) DEFAULT NULL,
  `real_value` bigint(20) DEFAULT NULL,
  `on_market` tinyint(1) NOT NULL DEFAULT '0',
  `photo` varchar(255) DEFAULT NULL,
  `created_at` datetime NOT NULL,
  `updated_at` datetime NOT NULL,
  PRIMARY KEY (`id`)
) ENGINE=MyISAM AUTO_INCREMENT=44 DEFAULT CHARSET=utf8;

-- Zrzucanie danych dla tabeli ral.car_car_models: 33 rows
DELETE FROM `car_car_models`;
/*!40000 ALTER TABLE `car_car_models` DISABLE KEYS */;
INSERT INTO `car_car_models` (`id`, `name`, `capacity`, `horsepower`, `max_speed`, `acceleration`, `wheel_drive`, `league`, `price`, `unique`, `real_value`, `on_market`, `photo`, `created_at`, `updated_at`) VALUES
	(11, 'Subaru Impreza WRX STI 2008', 2457, 297, 243, 4.80, '', 1, 183000, 1, 12787, 1, 'subaru_wrx_sti_2008.jpg', '2015-08-06 17:21:15', '2015-08-13 10:22:54'),
	(19, 'Ford Focus WRC', 1991, 300, 230, 4.20, '', 1, 165000, 1, 13353, 1, 'ford_focus_wrc.jpg', '2015-08-07 11:21:11', '2015-08-13 10:22:54'),
	(24, 'Volkswagen Polo R WRC', 1666, 315, 200, 3.90, '', 1, 133000, 0, 14026, 1, 'volkswagen_polo_r.jpg', '2015-08-07 12:25:29', '2015-08-13 10:22:54'),
	(15, 'Honda Civic Turbo Type R', 1998, 306, 268, 5.70, '', 1, 127000, 0, 14094, 1, 'honca_civic_type_r.jpg', '2015-08-06 18:06:58', '2015-08-13 10:22:54'),
	(6, 'Mitsubishi Lancer Evo IX GT340', 1997, 305, 250, 5.20, '', 1, 123000, 0, 14113, 1, 'mitsubishi_lancer_evo_ix.jpg', '2015-08-06 12:30:11', '2015-08-13 10:22:54'),
	(21, 'Skoda Octavia WRC', 1998, 300, 230, 4.80, '', 1, 119700, 0, 14361, 1, 'skoda_octavia_wrc.png', '2015-08-07 12:15:00', '2015-08-13 10:22:54'),
	(16, 'Toyota Celica GT-Four ST205', 1998, 239, 246, 5.90, '', 1, 115000, 0, 17379, 1, 'toyota_celica_gt_four.jpg', '2015-08-07 10:48:25', '2015-08-13 10:22:54'),
	(27, 'Ford Escort V Cosworth', 1993, 224, 232, 6.10, '', 2, 97000, 0, 18558, 1, 'ford_escort_rs_crossworth.png', '2015-08-07 12:55:56', '2015-08-13 10:22:54'),
	(18, 'Ford Focus RS', 1988, 215, 232, 6.70, '', 2, 87200, 0, 19400, 1, 'ford_focus_rs_I.jpg', '2015-08-07 11:01:11', '2015-08-13 10:22:54'),
	(28, 'Peugeot 207', 1998, 280, 199, 11.10, '', 2, 85100, 0, 20123, 1, 'peugeot_207.JPG', '2015-08-07 13:02:23', '2015-08-13 10:22:54'),
	(7, 'Ford Fiesta R5', 1597, 280, 180, 8.10, '', 2, 83000, 0, 20680, 1, 'ford_fiesta_r5.jpg', '2015-08-06 12:31:14', '2015-08-13 10:22:54'),
	(23, 'Mini Cooper S', 1598, 208, 210, 6.80, '', 2, 79300, 0, 21497, 1, 'mini_cooper_s.png', '2015-08-07 12:22:33', '2015-08-13 10:22:54'),
	(13, 'Mazda 323 GTR', 1840, 182, 221, 7.00, '', 2, 74300, 0, 21554, 1, 'mazda323_gtr.jpg', '2015-08-06 17:46:53', '2015-08-13 10:22:54'),
	(12, 'Citroen Xsara VTS', 1998, 167, 220, 8.00, '', 2, 72100, 0, 22298, 1, 'citroen_xsara_vts.jpg', '2015-08-06 17:30:34', '2015-08-13 10:22:54'),
	(22, 'Skoda Fabia IRC', 1398, 177, 223, 7.30, '', 3, 56500, 0, 23100, 1, 'skoda_fabia.png', '2015-08-07 12:17:42', '2015-08-13 10:22:54'),
	(1, 'BMW 318is', 1895, 138, 212, 9.70, '', 3, 53000, 0, 24626, 1, 'bmw318is.png', '2015-08-07 13:17:40', '2015-08-13 10:22:54'),
	(20, 'Hyundai Accent ', 1600, 137, 194, 8.20, '', 3, 50100, 0, 25393, 1, 'hyundai_accent.jpg', '2015-08-07 12:05:37', '2015-08-13 10:22:54'),
	(10, 'Suzuki Swift Sport', 1568, 136, 195, 8.70, '', 3, 49500, 0, 25728, 1, 'suzuki_swift.JPG', '2015-08-06 15:21:31', '2015-08-13 10:22:54'),
	(26, 'Ford Puma', 1679, 125, 203, 9.20, '', 3, 46100, 0, 25778, 1, 'ford_puma.jpg', '2015-08-07 12:40:24', '2015-08-13 10:22:54'),
	(14, 'FSO Polonez', 1600, 130, 180, 8.10, '', 3, 44500, 0, 26028, 1, 'fso_polonez.JPG', '2015-08-06 17:54:15', '2015-08-13 10:22:54'),
	(3, 'Triumph TR7', 1998, 105, 175, 9.80, '', 3, 41000, 0, 26711, 1, 'triumph_tr7.jpg', '2015-08-07 13:09:20', '2015-08-13 10:22:54'),
	(4, 'Alfa Romeo Junior', 1300, 136, 197, 10.30, '', 4, 36500, 0, 27026, 1, 'alfa_romeo_junior.png', '2015-08-07 13:06:34', '2015-08-13 10:22:54'),
	(5, 'Renault Clio III', 1598, 110, 190, 10.20, '', 4, 34100, 0, 27313, 1, 'renault_clio_3.jpg', '2015-08-06 17:17:50', '2015-08-13 10:22:54'),
	(2, 'Nissan Micra Sport', 1598, 108, 183, 9.80, '', 4, 33150, 0, 27465, 1, 'nissan_micra.jpg', '2015-08-07 13:13:40', '2015-08-13 10:22:54'),
	(42, 'Opel Viva GT', 1975, 104, 162, 10.70, '', 4, 33100, 0, 27513, 1, 'opel_viva.jpg', '2015-08-07 15:48:26', '2015-08-13 10:22:54'),
	(39, 'Ford Cortina MKIII', 1993, 98, 165, 11.10, '', 4, 31000, 0, 27700, 1, 'ford_cortina_mk3.png', '2015-08-07 15:44:10', '2015-08-13 10:22:54'),
	(17, 'Proton Satria Neo Sport', 1589, 111, 189, 11.50, '', 4, 30500, 0, 27716, 1, 'pro_satria_neo.png', '2015-08-07 10:56:18', '2015-08-13 10:22:54'),
	(40, 'Mazda 2 Sport', 1498, 102, 188, 10.40, '', 5, 24500, 0, 28004, 1, 'mazda2_sport.png', '2015-08-07 15:46:14', '2015-08-13 10:22:54'),
	(43, 'Dacia Sandero', 1598, 104, 180, 11.40, '', 5, 23900, 0, 28196, 1, 'dacia_sandero.png', '2015-08-07 16:09:41', '2015-08-13 10:22:54'),
	(8, 'Peugeot 208 VTi', 1199, 120, 178, 12.20, '', 5, 17000, 0, 28993, 1, 'peugot208_vti.jpg', '2015-08-06 12:39:23', '2015-08-13 10:22:54'),
	(41, 'Talbot Samba Rally', 1219, 90, 175, 10.80, '', 5, 13000, 0, 29736, 1, 'talbot_samba.png', '2015-08-07 15:47:54', '2015-08-13 10:22:54'),
	(25, 'Suzuki Ignis', 1300, 92, 159, 10.70, '', 5, 11500, 0, 29910, 1, 'suzuki_ignis.jpg', '2015-08-07 12:35:17', '2015-08-13 10:22:54'),
	(9, 'Fiat Cinquecento Sport', 1109, 54, 150, 13.80, '', 6, 5500, 1, 32803, 1, 'cinquecento.jpg', '2015-08-06 12:50:19', '2015-08-13 10:22:54');
/*!40000 ALTER TABLE `car_car_models` ENABLE KEYS */;


-- Zrzut struktury tabela ral.forum_category
DROP TABLE IF EXISTS `forum_category`;
CREATE TABLE IF NOT EXISTS `forum_category` (
  `id` int(11) NOT NULL AUTO_INCREMENT,
  `name` varchar(255) DEFAULT NULL,
  `slug` varchar(255) DEFAULT NULL,
  `description` text,
  `active` tinyint(1) DEFAULT '0',
  `created_at` datetime NOT NULL,
  `updated_at` datetime NOT NULL,
  `deleted_at` datetime DEFAULT NULL,
  PRIMARY KEY (`id`)
) ENGINE=MyISAM AUTO_INCREMENT=6 DEFAULT CHARSET=utf8;

-- Zrzucanie danych dla tabeli ral.forum_category: 5 rows
DELETE FROM `forum_category`;
/*!40000 ALTER TABLE `forum_category` DISABLE KEYS */;
INSERT INTO `forum_category` (`id`, `name`, `slug`, `description`, `active`, `created_at`, `updated_at`, `deleted_at`) VALUES
	(1, 'Ogólne', 'ogolne', 'O grze', 1, '0000-00-00 00:00:00', '0000-00-00 00:00:00', NULL),
	(2, 'Rajdy towarzyskie', 'rajdy-towarzyskie', 'Tutaj możecie pogadać o rajdach towarzyskich', 1, '0000-00-00 00:00:00', '0000-00-00 00:00:00', NULL),
	(3, 'Pytania', 'pytania', 'Tutaj możecie pytać o wszystko', 1, '0000-00-00 00:00:00', '0000-00-00 00:00:00', NULL),
	(5, 'Off topic', 'off-topic', 'Wszystko co nie zwiazane z gra', 1, '0000-00-00 00:00:00', '0000-00-00 00:00:00', NULL),
	(4, 'Sugestie', 'sugestie', 'Masz pomysł co ulepszyć w grze? Podziel się nim z nami', 1, '0000-00-00 00:00:00', '0000-00-00 00:00:00', NULL);
/*!40000 ALTER TABLE `forum_category` ENABLE KEYS */;


-- Zrzut struktury tabela ral.forum_favourite
DROP TABLE IF EXISTS `forum_favourite`;
CREATE TABLE IF NOT EXISTS `forum_favourite` (
  `id` int(11) NOT NULL AUTO_INCREMENT,
  `user_id` bigint(20) DEFAULT NULL,
  `category_id` bigint(20) DEFAULT NULL,
  `created_at` datetime NOT NULL,
  `updated_at` datetime NOT NULL,
  PRIMARY KEY (`id`),
  KEY `category_id_idx` (`category_id`),
  KEY `forum_favourite_user_id_user_user_id` (`user_id`)
) ENGINE=MyISAM DEFAULT CHARSET=utf8;

-- Zrzucanie danych dla tabeli ral.forum_favourite: 0 rows
DELETE FROM `forum_favourite`;
/*!40000 ALTER TABLE `forum_favourite` DISABLE KEYS */;
/*!40000 ALTER TABLE `forum_favourite` ENABLE KEYS */;


-- Zrzut struktury tabela ral.forum_post
DROP TABLE IF EXISTS `forum_post`;
CREATE TABLE IF NOT EXISTS `forum_post` (
  `id` int(11) NOT NULL AUTO_INCREMENT,
  `user_id` int(11) DEFAULT NULL,
  `category_id` int(11) DEFAULT NULL,
  `title` varchar(255) DEFAULT NULL,
  `content` text,
  `active` tinyint(1) NOT NULL DEFAULT '1',
  `thread_id` int(11) DEFAULT NULL,
  `moderator_notes` text,
  `moderator_date` datetime DEFAULT NULL,
  `moderator_name` varchar(255) DEFAULT NULL,
  `created_at` datetime NOT NULL,
  `updated_at` datetime NOT NULL,
  `deleted_at` datetime DEFAULT NULL,
  PRIMARY KEY (`id`),
  KEY `forum_post_user_id_user_user_id` (`user_id`),
  KEY `forum_post_thread_id_forum_thread_id` (`thread_id`),
  KEY `forum_post_category_id_forum_category_id` (`category_id`)
) ENGINE=MyISAM AUTO_INCREMENT=3 DEFAULT CHARSET=utf8;

-- Zrzucanie danych dla tabeli ral.forum_post: 2 rows
DELETE FROM `forum_post`;
/*!40000 ALTER TABLE `forum_post` DISABLE KEYS */;
INSERT INTO `forum_post` (`id`, `user_id`, `category_id`, `title`, `content`, `active`, `thread_id`, `moderator_notes`, `moderator_date`, `moderator_name`, `created_at`, `updated_at`, `deleted_at`) VALUES
	(1, 1, 1, NULL, 'THis is my response', 1, 1, NULL, NULL, NULL, '2015-08-05 12:38:49', '2015-08-05 13:04:01', NULL),
	(2, 1, 1, NULL, 'aaaa', 1, 3, NULL, NULL, NULL, '2015-08-05 13:17:05', '2015-08-05 13:17:05', NULL);
/*!40000 ALTER TABLE `forum_post` ENABLE KEYS */;


-- Zrzut struktury tabela ral.forum_thread
DROP TABLE IF EXISTS `forum_thread`;
CREATE TABLE IF NOT EXISTS `forum_thread` (
  `id` int(11) NOT NULL AUTO_INCREMENT,
  `user_id` int(11) DEFAULT NULL,
  `category_id` int(11) DEFAULT NULL,
  `title` varchar(255) DEFAULT NULL,
  `content` text,
  `pinned` tinyint(1) DEFAULT '0',
  `active` tinyint(1) NOT NULL DEFAULT '1',
  `moderator_notes` text,
  `moderator_date` datetime DEFAULT NULL,
  `moderator_name` varchar(255) DEFAULT NULL,
  `created_at` datetime NOT NULL,
  `updated_at` datetime NOT NULL,
  `deleted_at` datetime DEFAULT NULL,
  PRIMARY KEY (`id`),
  KEY `forum_thread_user_id_user_user_id` (`user_id`),
  KEY `forum_thread_category_id_forum_category_id` (`category_id`)
) ENGINE=MyISAM AUTO_INCREMENT=7 DEFAULT CHARSET=utf8;

-- Zrzucanie danych dla tabeli ral.forum_thread: 6 rows
DELETE FROM `forum_thread`;
/*!40000 ALTER TABLE `forum_thread` DISABLE KEYS */;
INSERT INTO `forum_thread` (`id`, `user_id`, `category_id`, `title`, `content`, `pinned`, `active`, `moderator_notes`, `moderator_date`, `moderator_name`, `created_at`, `updated_at`, `deleted_at`) VALUES
	(1, 2, 1, 'This is my thread', 'content', 0, 1, NULL, NULL, NULL, '2015-08-05 12:25:54', '2015-08-05 12:38:27', NULL),
	(2, 1, 1, 'cxzcz', 'dasda', 0, 1, NULL, NULL, NULL, '2015-08-05 13:05:25', '2015-08-05 13:05:25', NULL),
	(3, 1, 1, 'dsada', 'xczcxz', 0, 1, NULL, NULL, NULL, '2015-08-05 13:05:46', '2015-08-05 13:05:46', NULL),
	(4, 1, 1, 'ewqe', 'dasdas', 0, 1, NULL, NULL, NULL, '2015-08-05 13:05:49', '2015-08-05 13:05:49', NULL),
	(5, 1, 1, 'dasda', 'cxz', 0, 1, NULL, NULL, NULL, '2015-08-05 13:08:20', '2015-08-05 13:08:20', NULL),
	(6, 1, 1, 'blabla', 'blabla', 0, 1, NULL, NULL, NULL, '2015-08-05 13:11:26', '2015-08-05 13:11:26', NULL);
/*!40000 ALTER TABLE `forum_thread` ENABLE KEYS */;


-- Zrzut struktury tabela ral.league_league
DROP TABLE IF EXISTS `league_league`;
CREATE TABLE IF NOT EXISTS `league_league` (
  `league_name` varchar(255) NOT NULL DEFAULT '0.00',
  `league_level` bigint(20) DEFAULT NULL,
  `created_at` datetime NOT NULL,
  `updated_at` datetime NOT NULL,
  `deleted_at` datetime DEFAULT NULL,
  PRIMARY KEY (`league_name`)
) ENGINE=MyISAM DEFAULT CHARSET=utf8;

-- Zrzucanie danych dla tabeli ral.league_league: 57 rows
DELETE FROM `league_league`;
/*!40000 ALTER TABLE `league_league` DISABLE KEYS */;
INSERT INTO `league_league` (`league_name`, `league_level`, `created_at`, `updated_at`, `deleted_at`) VALUES
	('1.0', 1, '0000-00-00 00:00:00', '0000-00-00 00:00:00', NULL),
	('2.1', 2, '0000-00-00 00:00:00', '0000-00-00 00:00:00', NULL),
	('2.2', 2, '0000-00-00 00:00:00', '0000-00-00 00:00:00', NULL),
	('3.1', 3, '0000-00-00 00:00:00', '0000-00-00 00:00:00', NULL),
	('3.2', 3, '0000-00-00 00:00:00', '0000-00-00 00:00:00', NULL),
	('3.3', 3, '0000-00-00 00:00:00', '0000-00-00 00:00:00', NULL),
	('3.4', 3, '0000-00-00 00:00:00', '0000-00-00 00:00:00', NULL),
	('4.1', 4, '0000-00-00 00:00:00', '0000-00-00 00:00:00', NULL),
	('4.2', 4, '0000-00-00 00:00:00', '0000-00-00 00:00:00', NULL),
	('4.3', 4, '0000-00-00 00:00:00', '0000-00-00 00:00:00', NULL),
	('4.4', 4, '0000-00-00 00:00:00', '0000-00-00 00:00:00', NULL),
	('4.5', 4, '0000-00-00 00:00:00', '0000-00-00 00:00:00', NULL),
	('4.6', 4, '0000-00-00 00:00:00', '0000-00-00 00:00:00', NULL),
	('4.7', 4, '0000-00-00 00:00:00', '0000-00-00 00:00:00', NULL),
	('4.8', 4, '0000-00-00 00:00:00', '0000-00-00 00:00:00', NULL),
	('5.9', 5, '0000-00-00 00:00:00', '0000-00-00 00:00:00', NULL),
	('5.10', 5, '0000-00-00 00:00:00', '0000-00-00 00:00:00', NULL),
	('5.11', 5, '0000-00-00 00:00:00', '0000-00-00 00:00:00', NULL),
	('5.13', 5, '0000-00-00 00:00:00', '0000-00-00 00:00:00', NULL),
	('5.14', 5, '0000-00-00 00:00:00', '0000-00-00 00:00:00', NULL),
	('5.15', 5, '0000-00-00 00:00:00', '0000-00-00 00:00:00', NULL),
	('5.16', 5, '0000-00-00 00:00:00', '0000-00-00 00:00:00', NULL),
	('5.12', 5, '0000-00-00 00:00:00', '0000-00-00 00:00:00', NULL),
	('5.1', 5, '0000-00-00 00:00:00', '0000-00-00 00:00:00', NULL),
	('5.2', 5, '0000-00-00 00:00:00', '0000-00-00 00:00:00', NULL),
	('5.3', 5, '0000-00-00 00:00:00', '0000-00-00 00:00:00', NULL),
	('5.4', 5, '0000-00-00 00:00:00', '0000-00-00 00:00:00', NULL),
	('5.5', 5, '0000-00-00 00:00:00', '0000-00-00 00:00:00', NULL),
	('5.6', 5, '0000-00-00 00:00:00', '0000-00-00 00:00:00', NULL),
	('5.7', 5, '0000-00-00 00:00:00', '0000-00-00 00:00:00', NULL),
	('5.8', 5, '0000-00-00 00:00:00', '0000-00-00 00:00:00', NULL),
	('1', 1, '2015-08-04 16:26:23', '2015-08-04 16:26:23', NULL),
	('2.3', 2, '0000-00-00 00:00:00', '0000-00-00 00:00:00', NULL),
	('3.5', 3, '0000-00-00 00:00:00', '0000-00-00 00:00:00', NULL),
	('3.6', 3, '0000-00-00 00:00:00', '0000-00-00 00:00:00', NULL),
	('3.7', 3, '0000-00-00 00:00:00', '0000-00-00 00:00:00', NULL),
	('3.8', 3, '0000-00-00 00:00:00', '0000-00-00 00:00:00', NULL),
	('3.9', 3, '0000-00-00 00:00:00', '0000-00-00 00:00:00', NULL),
	('4.9', 4, '0000-00-00 00:00:00', '0000-00-00 00:00:00', NULL),
	('4.10', 4, '0000-00-00 00:00:00', '0000-00-00 00:00:00', NULL),
	('4.11', 4, '0000-00-00 00:00:00', '0000-00-00 00:00:00', NULL),
	('4.12', 4, '0000-00-00 00:00:00', '0000-00-00 00:00:00', NULL),
	('4.13', 4, '0000-00-00 00:00:00', '0000-00-00 00:00:00', NULL),
	('4.14', 4, '0000-00-00 00:00:00', '0000-00-00 00:00:00', NULL),
	('4.15', 4, '0000-00-00 00:00:00', '0000-00-00 00:00:00', NULL),
	('4.16', 4, '0000-00-00 00:00:00', '0000-00-00 00:00:00', NULL),
	('4.17', 4, '0000-00-00 00:00:00', '0000-00-00 00:00:00', NULL),
	('4.18', 4, '0000-00-00 00:00:00', '0000-00-00 00:00:00', NULL),
	('4.19', 4, '0000-00-00 00:00:00', '0000-00-00 00:00:00', NULL),
	('4.20', 4, '0000-00-00 00:00:00', '0000-00-00 00:00:00', NULL),
	('4.21', 4, '0000-00-00 00:00:00', '0000-00-00 00:00:00', NULL),
	('4.22', 4, '0000-00-00 00:00:00', '0000-00-00 00:00:00', NULL),
	('4.23', 4, '0000-00-00 00:00:00', '0000-00-00 00:00:00', NULL),
	('4.24', 4, '0000-00-00 00:00:00', '0000-00-00 00:00:00', NULL),
	('4.25', 4, '0000-00-00 00:00:00', '0000-00-00 00:00:00', NULL),
	('4.26', 4, '0000-00-00 00:00:00', '0000-00-00 00:00:00', NULL),
	('4.27', 4, '0000-00-00 00:00:00', '0000-00-00 00:00:00', NULL);
/*!40000 ALTER TABLE `league_league` ENABLE KEYS */;


-- Zrzut struktury tabela ral.league_season
DROP TABLE IF EXISTS `league_season`;
CREATE TABLE IF NOT EXISTS `league_season` (
  `id` int(11) NOT NULL AUTO_INCREMENT,
  `league_name` varchar(255) DEFAULT NULL,
  `team_id` bigint(20) DEFAULT NULL,
  `points` bigint(20) DEFAULT '0',
  `season` bigint(20) DEFAULT NULL,
  `created_at` datetime NOT NULL,
  `updated_at` datetime NOT NULL,
  `deleted_at` datetime DEFAULT NULL,
  PRIMARY KEY (`id`),
  KEY `league_name_idx` (`league_name`),
  KEY `league_season_team_id_team_team_id` (`team_id`)
) ENGINE=MyISAM AUTO_INCREMENT=231 DEFAULT CHARSET=utf8;

-- Zrzucanie danych dla tabeli ral.league_season: 78 rows
DELETE FROM `league_season`;
/*!40000 ALTER TABLE `league_season` DISABLE KEYS */;
INSERT INTO `league_season` (`id`, `league_name`, `team_id`, `points`, `season`, `created_at`, `updated_at`, `deleted_at`) VALUES
	(18, '1.0', 1, 12, 1, '2015-08-04 16:27:18', '2015-08-04 16:27:18', NULL),
	(19, '1.0', 2, 35, 1, '2015-08-04 16:27:18', '2015-08-04 16:27:18', NULL),
	(20, '1.0', 3, 28, 1, '2015-08-04 16:27:18', '2015-08-04 16:27:18', NULL),
	(21, '1.0', 4, 36, 1, '2015-08-04 16:27:18', '2015-08-04 16:27:18', NULL),
	(22, '1.0', 5, 41, 1, '2015-08-04 16:27:18', '2015-08-04 16:27:18', NULL),
	(23, '1.0', 6, 43, 1, '2015-08-04 16:27:18', '2015-08-04 16:27:18', NULL),
	(24, '1.0', 7, 37, 1, '2015-08-04 16:27:18', '2015-08-04 16:27:18', NULL),
	(25, '1.0', 8, 2, 1, '2015-08-04 16:27:19', '2015-08-04 16:27:19', NULL),
	(26, '1.0', 9, 6, 1, '2015-08-04 16:27:19', '2015-08-04 16:27:19', NULL),
	(27, '1.0', 10, 24, 1, '2015-08-04 16:27:19', '2015-08-04 16:27:19', NULL),
	(28, '1.0', 11, 47, 1, '2015-08-04 16:27:19', '2015-08-04 16:27:19', NULL),
	(29, '1.0', 12, 2, 1, '2015-08-04 16:27:19', '2015-08-04 16:27:19', NULL),
	(37, '2.1', 13, 28, 1, '0000-00-00 00:00:00', '0000-00-00 00:00:00', NULL),
	(38, '2.1', 14, 29, 1, '0000-00-00 00:00:00', '0000-00-00 00:00:00', NULL),
	(39, '2.1', 15, 4, 1, '0000-00-00 00:00:00', '0000-00-00 00:00:00', NULL),
	(40, '2.1', 16, 39, 1, '0000-00-00 00:00:00', '0000-00-00 00:00:00', NULL),
	(41, '2.1', 17, 23, 1, '0000-00-00 00:00:00', '0000-00-00 00:00:00', NULL),
	(42, '2.1', 18, 51, 1, '0000-00-00 00:00:00', '0000-00-00 00:00:00', NULL),
	(171, '1.0', 150, 23, 1, '2015-08-23 20:22:02', '2015-08-23 20:22:02', NULL),
	(172, '1.0', 151, 16, 1, '2015-08-23 20:22:02', '2015-08-23 20:22:02', NULL),
	(173, '1.0', 152, 12, 1, '2015-08-23 20:22:02', '2015-08-23 20:22:02', NULL),
	(174, '1.0', 153, 9, 1, '2015-08-23 20:22:02', '2015-08-23 20:22:02', NULL),
	(175, '2.1', 154, 10, 1, '2015-08-23 20:22:02', '2015-08-23 20:22:02', NULL),
	(176, '2.1', 155, 23, 1, '2015-08-23 20:22:02', '2015-08-23 20:22:02', NULL),
	(177, '2.1', 156, 31, 1, '2015-08-23 20:22:02', '2015-08-23 20:22:02', NULL),
	(178, '2.1', 157, 31, 1, '2015-08-23 20:22:03', '2015-08-23 20:22:03', NULL),
	(179, '2.1', 158, 7, 1, '2015-08-23 20:22:03', '2015-08-23 20:22:03', NULL),
	(180, '2.1', 159, 51, 1, '2015-08-23 20:22:03', '2015-08-23 20:22:03', NULL),
	(181, '2.1', 160, 18, 1, '2015-08-23 20:22:03', '2015-08-23 20:22:03', NULL),
	(182, '2.1', 161, 44, 1, '2015-08-23 20:22:03', '2015-08-23 20:22:03', NULL),
	(183, '2.1', 162, 2, 1, '2015-08-23 20:22:03', '2015-08-23 20:22:03', NULL),
	(184, '2.1', 163, 40, 1, '2015-08-23 20:22:03', '2015-08-23 20:22:03', NULL),
	(185, '2.2', 164, 32, 1, '2015-08-23 20:22:03', '2015-08-23 20:22:03', NULL),
	(186, '2.2', 165, 39, 1, '2015-08-23 20:22:03', '2015-08-23 20:22:03', NULL),
	(187, '2.2', 166, 46, 1, '2015-08-23 20:22:03', '2015-08-23 20:22:03', NULL),
	(188, '2.2', 167, 2, 1, '2015-08-23 20:22:03', '2015-08-23 20:22:03', NULL),
	(189, '2.2', 168, 35, 1, '2015-08-23 20:22:03', '2015-08-23 20:22:03', NULL),
	(190, '2.2', 169, 6, 1, '2015-08-23 20:22:03', '2015-08-23 20:22:03', NULL),
	(191, '2.2', 170, 33, 1, '2015-08-23 20:22:03', '2015-08-23 20:22:03', NULL),
	(192, '2.2', 171, 39, 1, '2015-08-23 20:22:03', '2015-08-23 20:22:03', NULL),
	(193, '2.2', 172, 43, 1, '2015-08-23 20:22:03', '2015-08-23 20:22:03', NULL),
	(194, '2.2', 173, 42, 1, '2015-08-23 20:22:03', '2015-08-23 20:22:03', NULL),
	(195, '2.2', 174, 26, 1, '2015-08-23 20:22:03', '2015-08-23 20:22:03', NULL),
	(196, '2.2', 175, 2, 1, '2015-08-23 20:22:03', '2015-08-23 20:22:03', NULL),
	(197, '2.2', 176, 41, 1, '2015-08-23 20:22:03', '2015-08-23 20:22:03', NULL),
	(198, '2.2', 177, 36, 1, '2015-08-23 20:22:04', '2015-08-23 20:22:04', NULL),
	(199, '2.2', 178, 2, 1, '2015-08-23 20:22:04', '2015-08-23 20:22:04', NULL),
	(200, '2.2', 179, 11, 1, '2015-08-23 20:22:04', '2015-08-23 20:22:04', NULL),
	(201, '2.3', 180, 46, 1, '2015-08-23 20:22:04', '2015-08-23 20:22:04', NULL),
	(202, '2.3', 181, 36, 1, '2015-08-23 20:22:04', '2015-08-23 20:22:04', NULL),
	(203, '2.3', 182, 40, 1, '2015-08-23 20:22:04', '2015-08-23 20:22:04', NULL),
	(204, '2.3', 183, 40, 1, '2015-08-23 20:22:04', '2015-08-23 20:22:04', NULL),
	(205, '2.3', 184, 27, 1, '2015-08-23 20:22:04', '2015-08-23 20:22:04', NULL),
	(206, '2.3', 185, 11, 1, '2015-08-23 20:22:04', '2015-08-23 20:22:04', NULL),
	(207, '2.3', 186, 27, 1, '2015-08-23 20:22:04', '2015-08-23 20:22:04', NULL),
	(208, '2.3', 187, 49, 1, '2015-08-23 20:22:04', '2015-08-23 20:22:04', NULL),
	(209, '2.3', 188, 2, 1, '2015-08-23 20:22:04', '2015-08-23 20:22:04', NULL),
	(210, '2.3', 189, 24, 1, '2015-08-23 20:22:04', '2015-08-23 20:22:04', NULL),
	(211, '2.3', 190, 6, 1, '2015-08-23 20:22:04', '2015-08-23 20:22:04', NULL),
	(212, '2.3', 191, 10, 1, '2015-08-23 20:22:04', '2015-08-23 20:22:04', NULL),
	(213, '2.3', 192, 30, 1, '2015-08-23 20:22:04', '2015-08-23 20:22:04', NULL),
	(214, '2.3', 193, 15, 1, '2015-08-23 20:22:04', '2015-08-23 20:22:04', NULL),
	(215, '2.3', 194, 37, 1, '2015-08-23 20:22:04', '2015-08-23 20:22:04', NULL),
	(216, '2.3', 195, 32, 1, '2015-08-23 20:22:04', '2015-08-23 20:22:04', NULL),
	(217, '3.1', 196, 48, 1, '2015-08-23 20:22:04', '2015-08-23 20:22:04', NULL),
	(218, '3.1', 197, 37, 1, '2015-08-23 20:22:04', '2015-08-23 20:22:04', NULL),
	(219, '3.1', 198, 41, 1, '2015-08-23 20:22:05', '2015-08-23 20:22:05', NULL),
	(220, '3.1', 199, 40, 1, '2015-08-23 20:22:05', '2015-08-23 20:22:05', NULL),
	(221, '3.1', 200, 22, 1, '2015-08-23 20:22:05', '2015-08-23 20:22:05', NULL),
	(222, '3.1', 201, 41, 1, '2015-08-23 20:22:05', '2015-08-23 20:22:05', NULL),
	(223, '3.1', 202, 32, 1, '2015-08-23 20:22:05', '2015-08-23 20:22:05', NULL),
	(224, '3.1', 203, 38, 1, '2015-08-23 20:22:05', '2015-08-23 20:22:05', NULL),
	(225, '3.1', 204, 36, 1, '2015-08-23 20:22:05', '2015-08-23 20:22:05', NULL),
	(226, '3.1', 205, 15, 1, '2015-08-23 20:22:05', '2015-08-23 20:22:05', NULL),
	(227, '3.1', 206, 17, 1, '2015-08-23 20:22:05', '2015-08-23 20:22:05', NULL),
	(228, '3.1', 207, 43, 1, '2015-08-23 20:22:05', '2015-08-23 20:22:05', NULL),
	(229, '3.1', 208, 54, 1, '2015-08-23 20:22:05', '2015-08-23 20:22:05', NULL),
	(230, '3.1', 209, 32, 1, '2015-08-23 20:22:05', '2015-08-23 20:22:05', NULL);
/*!40000 ALTER TABLE `league_season` ENABLE KEYS */;


-- Zrzut struktury tabela ral.league_season_info
DROP TABLE IF EXISTS `league_season_info`;
CREATE TABLE IF NOT EXISTS `league_season_info` (
  `id` int(11) NOT NULL AUTO_INCREMENT,
  `season` bigint(20) DEFAULT NULL,
  `season_start` datetime DEFAULT NULL,
  `season_finish` datetime DEFAULT NULL,
  `created_at` datetime NOT NULL,
  `updated_at` datetime NOT NULL,
  `deleted_at` datetime DEFAULT NULL,
  PRIMARY KEY (`id`)
) ENGINE=MyISAM AUTO_INCREMENT=2 DEFAULT CHARSET=utf8;

-- Zrzucanie danych dla tabeli ral.league_season_info: 0 rows
DELETE FROM `league_season_info`;
/*!40000 ALTER TABLE `league_season_info` DISABLE KEYS */;
/*!40000 ALTER TABLE `league_season_info` ENABLE KEYS */;


-- Zrzut struktury tabela ral.market_bid
DROP TABLE IF EXISTS `market_bid`;
CREATE TABLE IF NOT EXISTS `market_bid` (
  `id` int(11) NOT NULL AUTO_INCREMENT,
  `offer_id` int(11) DEFAULT NULL,
  `value` bigint(20) DEFAULT NULL,
  `team_id` bigint(20) DEFAULT NULL,
  `active` tinyint(1) NOT NULL DEFAULT '1',
  `user_ip` varchar(50) DEFAULT NULL,
  `created_at` datetime NOT NULL,
  `updated_at` datetime NOT NULL,
  `deleted_at` datetime DEFAULT NULL,
  PRIMARY KEY (`id`),
  KEY `market_bid_team_id_team_team_id` (`team_id`),
  KEY `market_bid_offer_id_market_offer_id` (`offer_id`)
) ENGINE=MyISAM AUTO_INCREMENT=6 DEFAULT CHARSET=utf8;

-- Zrzucanie danych dla tabeli ral.market_bid: 5 rows
DELETE FROM `market_bid`;
/*!40000 ALTER TABLE `market_bid` DISABLE KEYS */;
INSERT INTO `market_bid` (`id`, `offer_id`, `value`, `team_id`, `active`, `user_ip`, `created_at`, `updated_at`, `deleted_at`) VALUES
	(1, 2, 550, 13, 1, '::1', '2015-08-05 10:09:11', '2015-08-05 10:24:35', NULL),
	(2, 2, 605, 4, 1, '::1', '2015-08-05 10:34:13', '2015-08-05 10:34:13', NULL),
	(3, 2, 665, 2, 1, '::1', '2015-08-05 10:34:25', '2015-08-05 10:34:25', NULL),
	(4, 2, 731, 1, 1, '::1', '2015-08-05 10:34:30', '2015-08-05 10:34:30', NULL),
	(5, 2, 804, 3, 1, '::1', '2015-08-05 10:34:37', '2015-08-05 10:34:37', NULL);
/*!40000 ALTER TABLE `market_bid` ENABLE KEYS */;


-- Zrzut struktury tabela ral.market_car_bid
DROP TABLE IF EXISTS `market_car_bid`;
CREATE TABLE IF NOT EXISTS `market_car_bid` (
  `id` int(11) NOT NULL AUTO_INCREMENT,
  `offer_id` int(11) DEFAULT NULL,
  `value` bigint(20) DEFAULT NULL,
  `team_id` bigint(20) DEFAULT NULL,
  `active` tinyint(1) NOT NULL DEFAULT '1',
  `user_ip` varchar(255) DEFAULT NULL,
  `created_at` datetime NOT NULL,
  `updated_at` datetime NOT NULL,
  `deleted_at` datetime DEFAULT NULL,
  PRIMARY KEY (`id`),
  KEY `offer_id_idx` (`offer_id`),
  KEY `market_car_bid_team_id_team_team_id` (`team_id`)
) ENGINE=MyISAM AUTO_INCREMENT=15 DEFAULT CHARSET=utf8;

-- Zrzucanie danych dla tabeli ral.market_car_bid: 13 rows
DELETE FROM `market_car_bid`;
/*!40000 ALTER TABLE `market_car_bid` DISABLE KEYS */;
INSERT INTO `market_car_bid` (`id`, `offer_id`, `value`, `team_id`, `active`, `user_ip`, `created_at`, `updated_at`, `deleted_at`) VALUES
	(1, 1, 1500, 2, 1, '::1', '2015-08-05 11:04:41', '2015-08-05 11:04:41', NULL),
	(2, 1, 1650, 4, 1, '::1', '2015-08-05 11:04:56', '2015-08-05 11:04:56', NULL),
	(3, 1, 1815, 5, 1, '::1', '2015-08-05 11:05:24', '2015-08-05 11:05:24', NULL),
	(4, 1, 1996, 6, 1, '::1', '2015-08-05 11:05:30', '2015-08-05 11:05:30', NULL),
	(5, 1, 2195, 7, 1, '::1', '2015-08-05 11:05:34', '2015-08-05 11:05:34', NULL),
	(6, 1, 2414, 8, 1, '::1', '2015-08-05 11:05:40', '2015-08-05 11:05:40', NULL),
	(8, 1, 2655, 3, 1, '::1', '2015-08-05 11:14:08', '2015-08-05 11:14:08', NULL),
	(9, 3, 2, 3, 1, '::1', '2015-08-05 11:34:55', '2015-08-05 11:34:55', NULL),
	(10, 4, 1500, 2, 1, '::1', '2015-08-05 11:49:00', '2015-08-05 11:49:00', NULL),
	(11, 4, 1650, 4, 1, '::1', '2015-08-05 11:58:00', '2015-08-05 11:58:00', NULL),
	(12, 4, 1815, 7, 1, '::1', '2015-08-05 11:58:06', '2015-08-05 11:58:06', NULL),
	(13, 4, 1996, 11, 1, '::1', '2015-08-05 11:58:10', '2015-08-05 11:58:10', NULL),
	(14, 4, 2195, 13, 1, '::1', '2015-08-05 11:58:14', '2015-08-05 11:58:14', NULL);
/*!40000 ALTER TABLE `market_car_bid` ENABLE KEYS */;


-- Zrzut struktury tabela ral.market_car_dealer
DROP TABLE IF EXISTS `market_car_dealer`;
CREATE TABLE IF NOT EXISTS `market_car_dealer` (
  `id` int(11) NOT NULL AUTO_INCREMENT,
  `team_id` int(11) DEFAULT NULL,
  `car_id` int(11) DEFAULT NULL,
  `created_at` datetime NOT NULL,
  `updated_at` datetime NOT NULL,
  `deleted_at` datetime DEFAULT NULL,
  PRIMARY KEY (`id`)
) ENGINE=MyISAM DEFAULT CHARSET=utf8;

-- Zrzucanie danych dla tabeli ral.market_car_dealer: 0 rows
DELETE FROM `market_car_dealer`;
/*!40000 ALTER TABLE `market_car_dealer` DISABLE KEYS */;
/*!40000 ALTER TABLE `market_car_dealer` ENABLE KEYS */;


-- Zrzut struktury tabela ral.market_car_duplicate
DROP TABLE IF EXISTS `market_car_duplicate`;
CREATE TABLE IF NOT EXISTS `market_car_duplicate` (
  `id` int(11) NOT NULL AUTO_INCREMENT,
  `offer_id` int(11) DEFAULT NULL,
  `bid_id` int(11) DEFAULT NULL,
  `solved` tinyint(1) DEFAULT '0',
  `created_at` datetime NOT NULL,
  `updated_at` datetime NOT NULL,
  `deleted_at` datetime DEFAULT NULL,
  PRIMARY KEY (`id`),
  KEY `market_car_duplicate_offer_id_market_car_offer_id` (`offer_id`),
  KEY `market_car_duplicate_bid_id_market_car_bid_id` (`bid_id`)
) ENGINE=MyISAM AUTO_INCREMENT=15 DEFAULT CHARSET=utf8;

-- Zrzucanie danych dla tabeli ral.market_car_duplicate: 14 rows
DELETE FROM `market_car_duplicate`;
/*!40000 ALTER TABLE `market_car_duplicate` DISABLE KEYS */;
INSERT INTO `market_car_duplicate` (`id`, `offer_id`, `bid_id`, `solved`, `created_at`, `updated_at`, `deleted_at`) VALUES
	(1, 1, 1, 0, '2015-08-05 11:04:42', '2015-08-05 11:04:42', NULL),
	(2, 1, 2, 0, '2015-08-05 11:04:56', '2015-08-05 11:04:56', NULL),
	(3, 1, 3, 0, '2015-08-05 11:05:24', '2015-08-05 11:05:24', NULL),
	(4, 1, 4, 0, '2015-08-05 11:05:30', '2015-08-05 11:05:30', NULL),
	(5, 1, 5, 0, '2015-08-05 11:05:34', '2015-08-05 11:05:34', NULL),
	(6, 1, 6, 0, '2015-08-05 11:05:40', '2015-08-05 11:05:40', NULL),
	(7, 1, 7, 0, '2015-08-05 11:11:21', '2015-08-05 11:11:21', NULL),
	(8, 1, 8, 0, '2015-08-05 11:14:08', '2015-08-05 11:14:08', NULL),
	(9, 3, 9, 0, '2015-08-05 11:34:55', '2015-08-05 11:34:55', NULL),
	(10, 4, 10, 0, '2015-08-05 11:49:00', '2015-08-05 11:49:00', NULL),
	(11, 4, 11, 0, '2015-08-05 11:58:00', '2015-08-05 11:58:00', NULL),
	(12, 4, 12, 0, '2015-08-05 11:58:06', '2015-08-05 11:58:06', NULL),
	(13, 4, 13, 0, '2015-08-05 11:58:10', '2015-08-05 11:58:10', NULL),
	(14, 4, 14, 0, '2015-08-05 11:58:14', '2015-08-05 11:58:14', NULL);
/*!40000 ALTER TABLE `market_car_duplicate` ENABLE KEYS */;


-- Zrzut struktury tabela ral.market_car_offer
DROP TABLE IF EXISTS `market_car_offer`;
CREATE TABLE IF NOT EXISTS `market_car_offer` (
  `id` int(11) NOT NULL AUTO_INCREMENT,
  `car_id` int(11) DEFAULT NULL,
  `team_id` int(11) DEFAULT NULL,
  `start_date` datetime DEFAULT NULL,
  `finish_date` datetime DEFAULT NULL,
  `asking_price` bigint(20) DEFAULT NULL,
  `highest_bid` bigint(20) DEFAULT NULL,
  `active` tinyint(1) NOT NULL DEFAULT '1',
  `car_moved` tinyint(1) NOT NULL DEFAULT '0',
  `canceled` tinyint(1) NOT NULL DEFAULT '0',
  `user_ip` varchar(255) DEFAULT NULL,
  `created_at` datetime NOT NULL,
  `updated_at` datetime NOT NULL,
  `deleted_at` datetime DEFAULT NULL,
  PRIMARY KEY (`id`),
  KEY `market_car_offer_car_id_car_car_id` (`car_id`)
) ENGINE=MyISAM AUTO_INCREMENT=6 DEFAULT CHARSET=utf8;

-- Zrzucanie danych dla tabeli ral.market_car_offer: 5 rows
DELETE FROM `market_car_offer`;
/*!40000 ALTER TABLE `market_car_offer` DISABLE KEYS */;
INSERT INTO `market_car_offer` (`id`, `car_id`, `team_id`, `start_date`, `finish_date`, `asking_price`, `highest_bid`, `active`, `car_moved`, `canceled`, `user_ip`, `created_at`, `updated_at`, `deleted_at`) VALUES
	(1, 1, 1, '2015-08-05 11:04:21', '2015-08-05 10:56:08', 1500, 2655, 1, 1, 0, NULL, '2015-08-05 11:04:21', '2015-08-05 11:26:03', NULL),
	(2, 11, 11, '2015-08-05 11:14:34', '2015-08-05 10:15:25', 500, 0, 1, 1, 0, NULL, '2015-08-05 11:14:34', '2015-08-05 11:24:56', NULL),
	(3, 8, 8, '2015-08-05 11:34:48', '2015-08-05 10:40:24', 2, 2, 1, 1, 0, NULL, '2015-08-05 11:34:48', '2015-08-05 11:42:32', NULL),
	(4, 6, 6, '2015-08-05 11:45:36', '2015-08-08 11:45:36', 1500, 2195, 1, 1, 0, NULL, '2015-08-05 11:45:36', '2015-08-12 02:20:01', NULL),
	(5, 15, 15, '2015-08-05 11:53:19', '2015-08-05 10:56:14', 200, 0, 1, 1, 0, NULL, '2015-08-05 11:53:19', '2015-08-12 02:20:01', NULL);
/*!40000 ALTER TABLE `market_car_offer` ENABLE KEYS */;


-- Zrzut struktury tabela ral.market_offer
DROP TABLE IF EXISTS `market_offer`;
CREATE TABLE IF NOT EXISTS `market_offer` (
  `id` int(11) NOT NULL AUTO_INCREMENT,
  `people_id` int(11) DEFAULT NULL,
  `team_id` int(11) DEFAULT NULL,
  `start_date` datetime DEFAULT NULL,
  `finish_date` datetime DEFAULT NULL,
  `asking_price` bigint(20) DEFAULT NULL,
  `highest_bid` bigint(20) DEFAULT NULL,
  `active` tinyint(1) NOT NULL DEFAULT '1',
  `player_moved` tinyint(1) NOT NULL DEFAULT '0',
  `canceled` tinyint(1) NOT NULL DEFAULT '0',
  `user_ip` varchar(50) DEFAULT NULL,
  `created_at` datetime NOT NULL,
  `updated_at` datetime NOT NULL,
  `deleted_at` datetime DEFAULT NULL,
  PRIMARY KEY (`id`),
  KEY `market_offer_people_id_people_people_id` (`people_id`)
) ENGINE=MyISAM AUTO_INCREMENT=4 DEFAULT CHARSET=utf8;

-- Zrzucanie danych dla tabeli ral.market_offer: 3 rows
DELETE FROM `market_offer`;
/*!40000 ALTER TABLE `market_offer` DISABLE KEYS */;
INSERT INTO `market_offer` (`id`, `people_id`, `team_id`, `start_date`, `finish_date`, `asking_price`, `highest_bid`, `active`, `player_moved`, `canceled`, `user_ip`, `created_at`, `updated_at`, `deleted_at`) VALUES
	(1, 27, 14, '2015-08-05 10:08:36', '2015-08-09 10:08:36', 1500000, 0, 1, 1, 0, '::1', '2015-08-05 10:08:36', '2015-08-10 02:20:01', NULL),
	(2, 28, 14, '2015-08-05 10:08:47', '2015-08-05 09:56:15', 550, 804, 1, 1, 0, '::1', '2015-08-05 10:08:47', '2015-08-05 11:00:58', NULL),
	(3, 25, 13, '2015-08-05 10:12:49', '2015-08-05 09:21:57', 5000, 0, 1, 1, 0, '::1', '2015-08-05 10:12:49', '2015-08-05 10:56:28', NULL);
/*!40000 ALTER TABLE `market_offer` ENABLE KEYS */;


-- Zrzut struktury tabela ral.market_people_duplicate
DROP TABLE IF EXISTS `market_people_duplicate`;
CREATE TABLE IF NOT EXISTS `market_people_duplicate` (
  `id` int(11) NOT NULL AUTO_INCREMENT,
  `offer_id` int(11) DEFAULT NULL,
  `bid_id` int(11) DEFAULT NULL,
  `solved` tinyint(1) DEFAULT '0',
  `created_at` datetime NOT NULL,
  `updated_at` datetime NOT NULL,
  `deleted_at` datetime DEFAULT NULL,
  PRIMARY KEY (`id`),
  KEY `market_people_duplicate_offer_id_market_offer_id` (`offer_id`),
  KEY `market_people_duplicate_bid_id_market_bid_id` (`bid_id`)
) ENGINE=MyISAM AUTO_INCREMENT=6 DEFAULT CHARSET=utf8;

-- Zrzucanie danych dla tabeli ral.market_people_duplicate: 5 rows
DELETE FROM `market_people_duplicate`;
/*!40000 ALTER TABLE `market_people_duplicate` DISABLE KEYS */;
INSERT INTO `market_people_duplicate` (`id`, `offer_id`, `bid_id`, `solved`, `created_at`, `updated_at`, `deleted_at`) VALUES
	(1, 2, 1, 1, '2015-08-05 10:09:11', '2015-08-05 10:24:40', NULL),
	(2, 2, 2, 0, '2015-08-05 10:34:13', '2015-08-05 10:34:13', NULL),
	(3, 2, 3, 0, '2015-08-05 10:34:25', '2015-08-05 10:34:25', NULL),
	(4, 2, 4, 0, '2015-08-05 10:34:30', '2015-08-05 10:34:30', NULL),
	(5, 2, 5, 0, '2015-08-05 10:34:37', '2015-08-05 10:34:37', NULL);
/*!40000 ALTER TABLE `market_people_duplicate` ENABLE KEYS */;


-- Zrzut struktury tabela ral.news_news
DROP TABLE IF EXISTS `news_news`;
CREATE TABLE IF NOT EXISTS `news_news` (
  `id` int(11) NOT NULL AUTO_INCREMENT,
  `title` varchar(255) DEFAULT NULL,
  `slug` varchar(255) DEFAULT NULL,
  `content` text,
  `publish_date` datetime DEFAULT NULL,
  `visible` tinyint(1) DEFAULT '1',
  `created_at` datetime NOT NULL,
  `updated_at` datetime NOT NULL,
  `deleted_at` datetime DEFAULT NULL,
  PRIMARY KEY (`id`)
) ENGINE=MyISAM AUTO_INCREMENT=5 DEFAULT CHARSET=utf8;

-- Zrzucanie danych dla tabeli ral.news_news: 4 rows
DELETE FROM `news_news`;
/*!40000 ALTER TABLE `news_news` DISABLE KEYS */;
INSERT INTO `news_news` (`id`, `title`, `slug`, `content`, `publish_date`, `visible`, `created_at`, `updated_at`, `deleted_at`) VALUES
	(1, 'Pierrwszy post\\', 'pierw', 'Lorem ipsum dolor sit amet, consectetur adipiscing elit. Fusce lorem tortor, auctor quis lobortis eleifend, ultricies vel orci. Suspendisse quis sagittis tellus. Morbi blandit lectus vitae velit vulputate, id molestie velit feugiat. Vivamus et nibh placerat, congue mi sodales, euismod urna. Proin posuere odio erat, ac commodo neque gravida ut. Vivamus viverra feugiat mauris vitae malesuada. Ut pulvinar, mauris a lacinia malesuada, felis risus blandit enim, at blandit lectus tortor vitae mauris. Sed volutpat nibh in commodo pretium. Donec rhoncus sed odio iaculis euismod.', '2015-06-19 12:29:33', 1, '0000-00-00 00:00:00', '0000-00-00 00:00:00', NULL),
	(2, 'Drugi enws', 'drugi-news', 'Lorem ipsum dolor sit amet, consectetur adipiscing elit. Fusce lorem tortor, auctor quis lobortis eleifend, ultricies vel orci. Suspendisse quis sagittis tellus. Morbi blandit lectus vitae velit vulputate, id molestie velit feugiat. Vivamus et nibh placerat, congue mi sodales, euismod urna. Proin posuere odio erat, ac commodo neque gravida ut. Vivamus viverra feugiat mauris vitae malesuada. Ut pulvinar, mauris a lacinia malesuada, felis risus blandit enim, at blandit lectus tortor vitae mauris. Sed volutpat nibh in commodo pretium. Donec rhoncus sed odio iaculis euismod.', '2015-06-19 15:34:32', 1, '0000-00-00 00:00:00', '0000-00-00 00:00:00', NULL),
	(3, 'Trzeci', 'trzeci', 'Lorem ipsum dolor sit amet, consectetur adipiscing elit. Fusce lorem tortor, auctor quis lobortis eleifend, ultricies vel orci. Suspendisse quis sagittis tellus. Morbi blandit lectus vitae velit vulputate, id molestie velit feugiat. Vivamus et nibh placerat, congue mi sodales, euismod urna. Proin posuere odio erat, ac commodo neque gravida ut. Vivamus viverra feugiat mauris vitae malesuada. Ut pulvinar, mauris a lacinia malesuada, felis risus blandit enim, at blandit lectus tortor vitae mauris. Sed volutpat nibh in commodo pretium. Donec rhoncus sed odio iaculis euismod.', '2015-06-19 15:34:35', 1, '0000-00-00 00:00:00', '0000-00-00 00:00:00', NULL),
	(4, 'Czwarty', 'czwarty-news', 'Lorem ipsum dolor sit amet, consectetur adipiscing elit. Fusce lorem tortor, auctor quis lobortis eleifend, ultricies vel orci. Suspendisse quis sagittis tellus. Morbi blandit lectus vitae velit vulputate, id molestie velit feugiat. Vivamus et nibh placerat, congue mi sodales, euismod urna. Proin posuere odio erat, ac commodo neque gravida ut. Vivamus viverra feugiat mauris vitae malesuada. Ut pulvinar, mauris a lacinia malesuada, felis risus blandit enim, at blandit lectus tortor vitae mauris. Sed volutpat nibh in commodo pretium. Donec rhoncus sed odio iaculis euismod.', '2015-06-19 15:34:37', 1, '0000-00-00 00:00:00', '0000-00-00 00:00:00', NULL);
/*!40000 ALTER TABLE `news_news` ENABLE KEYS */;


-- Zrzut struktury tabela ral.people_people
DROP TABLE IF EXISTS `people_people`;
CREATE TABLE IF NOT EXISTS `people_people` (
  `id` int(11) NOT NULL AUTO_INCREMENT,
  `first_name` varchar(255) DEFAULT NULL,
  `last_name` varchar(255) DEFAULT NULL,
  `job` varchar(255) DEFAULT NULL,
  `team_id` int(11) DEFAULT NULL,
  `value` bigint(20) DEFAULT NULL,
  `salary` bigint(20) DEFAULT NULL,
  `age` bigint(20) DEFAULT NULL,
  `composure` bigint(20) DEFAULT NULL,
  `speed` bigint(20) DEFAULT NULL,
  `regularity` bigint(20) DEFAULT NULL,
  `reflex` bigint(20) DEFAULT NULL,
  `on_gravel` bigint(20) DEFAULT NULL,
  `on_tarmac` bigint(20) DEFAULT NULL,
  `on_snow` bigint(20) DEFAULT NULL,
  `in_rain` bigint(20) DEFAULT NULL,
  `form` bigint(20) DEFAULT NULL,
  `dictate_rhytm` bigint(20) DEFAULT NULL,
  `diction` bigint(20) DEFAULT NULL,
  `route_description` bigint(20) DEFAULT NULL,
  `intelligence` bigint(20) unsigned DEFAULT NULL,
  `talent` bigint(20) DEFAULT NULL,
  `experience` bigint(20) DEFAULT NULL,
  `active_training_skill` varchar(255) DEFAULT NULL,
  `on_market` tinyint(1) NOT NULL DEFAULT '0',
  `created_at` datetime NOT NULL,
  `updated_at` datetime NOT NULL,
  `deleted_at` datetime DEFAULT NULL,
  PRIMARY KEY (`id`),
  KEY `people_people_team_id_team_team_id` (`team_id`)
) ENGINE=MyISAM AUTO_INCREMENT=403 DEFAULT CHARSET=utf8;

-- Zrzucanie danych dla tabeli ral.people_people: 156 rows
DELETE FROM `people_people`;
/*!40000 ALTER TABLE `people_people` DISABLE KEYS */;
INSERT INTO `people_people` (`id`, `first_name`, `last_name`, `job`, `team_id`, `value`, `salary`, `age`, `composure`, `speed`, `regularity`, `reflex`, `on_gravel`, `on_tarmac`, `on_snow`, `in_rain`, `form`, `dictate_rhytm`, `diction`, `route_description`, `intelligence`, `talent`, `experience`, `active_training_skill`, `on_market`, `created_at`, `updated_at`, `deleted_at`) VALUES
	(1, 'Steph', 'Exum', 'driver', 1, 235576, 1649, 20, 4, 4, 4, 4, 7, 6, 4, 6, 3, NULL, NULL, NULL, NULL, 5, NULL, 'composure', 0, '2015-08-04 16:27:18', '2015-08-12 02:15:01', NULL),
	(2, 'Seb', 'Thompson', 'pilot', 1, 122367, 857, 19, 4, NULL, NULL, NULL, NULL, NULL, NULL, NULL, 3, 8, 4, 7, NULL, 4, NULL, 'diction', 0, '2015-08-04 16:27:18', '2015-08-12 02:15:01', NULL),
	(3, 'Bubba', 'Curry', 'driver', 2, 226047, 1582, 21, 4, 6, 4, 4, 5, 4, 4, 5, 3, NULL, NULL, NULL, NULL, 7, NULL, 'reflex', 0, '2015-08-04 16:27:18', '2015-08-12 02:15:01', NULL),
	(4, 'Marc', 'Smith', 'pilot', 2, 122385, 857, 21, 8, NULL, NULL, NULL, NULL, NULL, NULL, NULL, 3, 5, 4, 4, NULL, 4, NULL, 'composure', 0, '2015-08-04 16:27:18', '2015-08-12 02:15:01', NULL),
	(5, 'Jean', 'Kowalski', 'driver', 3, 227284, 1591, 18, 6, 7, 4, 4, 6, 5, 4, 4, 3, NULL, NULL, NULL, NULL, 4, NULL, 'reflex', 0, '2015-08-04 16:27:18', '2015-08-12 02:15:01', NULL),
	(6, 'Jan', 'Thompson', 'pilot', 3, 121870, 853, 21, 4, NULL, NULL, NULL, NULL, NULL, NULL, NULL, 3, 5, 7, 4, NULL, 5, NULL, 'diction', 0, '2015-08-04 16:27:18', '2015-08-12 02:15:01', NULL),
	(7, 'Marc', 'Simpson', 'driver', 4, 235483, 1648, 20, 4, 5, 5, 4, 8, 5, 4, 5, 3, NULL, NULL, NULL, NULL, 4, NULL, 'regularity', 0, '2015-08-04 16:27:18', '2015-08-12 02:15:02', NULL),
	(8, 'Kevin', 'Curry', 'pilot', 4, 116865, 818, 19, 6, NULL, NULL, NULL, NULL, NULL, NULL, NULL, 3, 5, 7, 4, NULL, 4, NULL, 'composure', 0, '2015-08-04 16:27:18', '2015-08-12 02:15:02', NULL),
	(9, 'John', 'Nowak', 'driver', 5, 229744, 1608, 18, 6, 5, 7, 4, 4, 4, 4, 6, 3, NULL, NULL, NULL, NULL, 4, NULL, 'on_snow', 0, '2015-08-04 16:27:18', '2015-08-12 02:15:02', NULL),
	(10, 'Bubba', 'Smith', 'pilot', 5, 121867, 853, 21, 5, NULL, NULL, NULL, NULL, NULL, NULL, NULL, 3, 5, 4, 4, NULL, 6, NULL, 'composure', 0, '2015-08-04 16:27:18', '2015-08-12 02:15:02', NULL),
	(11, 'James', 'Ripper', 'driver', 6, 225333, 1577, 21, 7, 6, 4, 5, 4, 5, 4, 4, 3, NULL, NULL, NULL, NULL, 5, NULL, 'in_rain', 0, '2015-08-04 16:27:18', '2015-08-12 02:15:02', NULL),
	(12, 'Steph', 'Thompson', 'pilot', 6, 119932, 840, 19, 4, NULL, NULL, NULL, NULL, NULL, NULL, NULL, 3, 6, 8, 4, NULL, 4, NULL, 'composure', 0, '2015-08-04 16:27:18', '2015-08-12 02:15:02', NULL),
	(13, 'Andrew', 'Evans', 'driver', 7, 234065, 1638, 19, 4, 7, 4, 4, 6, 7, 4, 4, 3, NULL, NULL, NULL, NULL, 4, NULL, 'speed', 0, '2015-08-04 16:27:18', '2015-08-12 02:15:02', NULL),
	(14, 'Jack', 'Nowak', 'pilot', 7, 121724, 852, 20, 4, NULL, NULL, NULL, NULL, NULL, NULL, NULL, 3, 7, 6, 6, NULL, 4, NULL, 'route_description', 0, '2015-08-04 16:27:18', '2015-08-12 02:15:02', NULL),
	(15, 'Jack', 'Kowalski', 'driver', 8, 236878, 1658, 18, 4, 6, 4, 5, 4, 4, 4, 6, 3, NULL, NULL, NULL, NULL, 5, NULL, 'speed', 0, '2015-08-04 16:27:19', '2015-08-12 02:15:02', NULL),
	(16, 'Marc', 'House', 'pilot', 8, 115587, 809, 18, 4, NULL, NULL, NULL, NULL, NULL, NULL, NULL, 3, 5, 7, 6, NULL, 5, NULL, 'diction', 0, '2015-08-04 16:27:19', '2015-08-12 02:15:02', NULL),
	(17, 'James', 'Simpson', 'driver', 9, 237214, 1660, 21, 4, 6, 5, 5, 4, 7, 4, 4, 3, NULL, NULL, NULL, NULL, 4, NULL, 'on_tarmac', 0, '2015-08-04 16:27:19', '2015-08-12 02:15:02', NULL),
	(18, 'Jean', 'Evans', 'pilot', 9, 127450, 892, 21, 6, NULL, NULL, NULL, NULL, NULL, NULL, NULL, 3, 4, 5, 5, NULL, 4, NULL, 'route_description', 0, '2015-08-04 16:27:19', '2015-08-12 02:15:02', NULL),
	(19, 'Jean', 'Thompson', 'driver', 10, 229962, 1610, 21, 4, 4, 5, 7, 6, 6, 4, 4, 3, NULL, NULL, NULL, NULL, 4, NULL, 'speed', 0, '2015-08-04 16:27:19', '2015-08-12 02:15:02', NULL),
	(20, 'Jan', 'Exum', 'pilot', 10, 128408, 899, 20, 5, NULL, NULL, NULL, NULL, NULL, NULL, NULL, 3, 8, 4, 4, NULL, 4, NULL, 'composure', 0, '2015-08-04 16:27:19', '2015-08-12 02:15:02', NULL),
	(21, 'Jack', 'Nowak', 'driver', 11, 212955, 1491, 21, 4, 5, 5, 4, 5, 4, 4, 4, 3, NULL, NULL, NULL, NULL, 8, NULL, 'regularity', 0, '2015-08-04 16:27:19', '2015-08-12 02:15:02', NULL),
	(22, 'Jack', 'Evans', 'pilot', 11, 108270, 758, 18, 6, NULL, NULL, NULL, NULL, NULL, NULL, NULL, 3, 4, 4, 6, NULL, 7, NULL, 'dictate_rhytm', 0, '2015-08-04 16:27:19', '2015-08-12 02:15:02', NULL),
	(23, 'Jan', 'Nowak', 'driver', 12, 224023, 1568, 18, 5, 6, 4, 4, 6, 4, 4, 4, 3, NULL, NULL, NULL, NULL, 6, NULL, 'on_tarmac', 0, '2015-08-04 16:27:19', '2015-08-12 02:15:02', NULL),
	(24, 'Tom', 'Curry', 'pilot', 12, 121915, 853, 21, 7, NULL, NULL, NULL, NULL, NULL, NULL, NULL, 3, 5, 4, 4, NULL, 5, NULL, 'diction', 0, '2015-08-04 16:27:19', '2015-08-12 02:15:02', NULL),
	(25, 'Andrew', 'House', 'driver', 13, 224568, 1572, 18, 6, 4, 5, 6, 4, 6, 4, 4, 3, NULL, NULL, NULL, NULL, 5, NULL, 'on_tarmac', 0, '2015-08-04 16:27:19', '2015-08-22 02:15:01', NULL),
	(26, 'Antoine', 'Exum', 'pilot', 13, 119950, 840, 19, 4, NULL, NULL, NULL, NULL, NULL, NULL, NULL, 3, 6, 7, 6, NULL, 4, NULL, 'dictate_rhytm', 0, '2015-08-04 16:27:19', '2015-08-22 02:15:01', NULL),
	(27, 'Seb', 'Exum', 'driver', 14, 235815, 1651, 19, 4, 4, 5, 4, 5, 6, 4, 8, 3, NULL, NULL, NULL, NULL, 4, NULL, NULL, 0, '2015-08-04 16:27:19', '2015-08-10 02:20:01', NULL),
	(28, 'James', 'Kowalski', 'pilot', 3, 116605, 816, 18, 5, NULL, NULL, NULL, NULL, NULL, NULL, NULL, 3, 5, 4, 4, NULL, 7, NULL, 'dictate_rhytm', 0, '2015-08-04 16:27:19', '2015-08-12 02:15:02', NULL),
	(29, 'Jack', 'Smith', 'driver', 15, 237918, 1665, 20, 6, 4, 4, 4, 4, 5, 6, 5, 3, NULL, NULL, NULL, NULL, 4, NULL, 'speed', 0, '2015-08-04 16:27:19', '2015-08-22 02:15:01', NULL),
	(30, 'Tom', 'House', 'pilot', 15, 115107, 806, 20, 6, NULL, NULL, NULL, NULL, NULL, NULL, NULL, 3, 6, 5, 4, NULL, 5, NULL, 'diction', 0, '2015-08-04 16:27:19', '2015-08-22 02:15:01', NULL),
	(31, 'Andrew', 'Simpson', 'driver', 3, 234577, 1642, 20, 6, 7, 4, 4, 7, 4, 4, 4, 3, NULL, NULL, NULL, NULL, 4, NULL, 'on_tarmac', 0, '2015-08-04 17:01:16', '2015-08-12 02:15:01', NULL),
	(32, 'Antoine', 'Thompson', 'pilot', 16, 119746, 838, 20, 6, NULL, NULL, NULL, NULL, NULL, NULL, NULL, 3, 6, 6, 4, NULL, 4, NULL, NULL, 0, '2015-08-04 17:01:16', '2015-08-04 17:01:16', NULL),
	(33, 'Jean', 'Curry', 'driver', 17, 234804, 1644, 20, 4, 7, 5, 5, 4, 4, 5, 4, 3, NULL, NULL, NULL, NULL, 4, NULL, NULL, 0, '2015-08-04 17:18:34', '2015-08-04 17:18:34', NULL),
	(34, 'Antoine', 'Curry', 'pilot', 17, 112837, 790, 20, 7, NULL, NULL, NULL, NULL, NULL, NULL, NULL, 3, 5, 4, 6, NULL, 5, NULL, NULL, 0, '2015-08-04 17:18:34', '2015-08-04 17:18:34', NULL),
	(35, 'Marc', 'Evans', 'driver', 18, 237860, 1665, 19, 5, 5, 5, 6, 4, 4, 4, 4, 3, NULL, NULL, NULL, NULL, 4, NULL, 'on_tarmac', 0, '2015-08-05 16:00:53', '2015-08-20 10:39:20', NULL),
	(36, 'John', 'Nowak', 'pilot', 18, 131721, 922, 18, 5, NULL, NULL, NULL, NULL, NULL, NULL, NULL, 3, 4, 6, 4, NULL, 4, NULL, NULL, 0, '2015-08-05 16:00:53', '2015-08-05 16:00:53', NULL),
	(283, 'Jan', 'Nowak', 'driver', 150, 248606, 1740, 21, 4, 5, 7, 6, 6, 7, 4, 4, 3, NULL, NULL, NULL, NULL, 8, NULL, NULL, 0, '2015-08-23 20:22:02', '2015-08-23 20:22:02', NULL),
	(284, 'Steph', 'Exum', 'pilot', 150, 146160, 1023, 20, 5, NULL, NULL, NULL, NULL, NULL, NULL, NULL, 3, 7, 6, 6, NULL, 4, NULL, NULL, 0, '2015-08-23 20:22:02', '2015-08-23 20:22:02', NULL),
	(285, 'Andrew', 'Nowak', 'driver', 151, 271792, 1903, 20, 4, 7, 7, 6, 4, 5, 7, 7, 3, NULL, NULL, NULL, NULL, 4, NULL, NULL, 0, '2015-08-23 20:22:02', '2015-08-23 20:22:02', NULL),
	(286, 'Antoine', 'Evans', 'pilot', 151, 137382, 962, 20, 5, NULL, NULL, NULL, NULL, NULL, NULL, NULL, 3, 4, 6, 8, NULL, 6, NULL, NULL, 0, '2015-08-23 20:22:02', '2015-08-23 20:22:02', NULL),
	(287, 'James', 'Curry', 'driver', 152, 244876, 1714, 20, 5, 6, 7, 4, 5, 6, 4, 5, 3, NULL, NULL, NULL, NULL, 8, NULL, NULL, 0, '2015-08-23 20:22:02', '2015-08-23 20:22:02', NULL),
	(288, 'Andrew', 'Exum', 'pilot', 152, 126544, 886, 21, 4, NULL, NULL, NULL, NULL, NULL, NULL, NULL, 3, 5, 9, 7, NULL, 6, NULL, NULL, 0, '2015-08-23 20:22:02', '2015-08-23 20:22:02', NULL),
	(289, 'Andrew', 'Curry', 'driver', 153, 285062, 1995, 21, 4, 5, 4, 8, 7, 4, 4, 7, 3, NULL, NULL, NULL, NULL, 4, NULL, NULL, 0, '2015-08-23 20:22:02', '2015-08-23 20:22:02', NULL),
	(290, 'Andrew', 'Kowalski', 'pilot', 153, 137387, 962, 19, 7, NULL, NULL, NULL, NULL, NULL, NULL, NULL, 3, 4, 5, 9, NULL, 5, NULL, NULL, 0, '2015-08-23 20:22:02', '2015-08-23 20:22:02', NULL),
	(291, 'Bubba', 'Exum', 'driver', 154, 216849, 1518, 18, 5, 6, 4, 5, 5, 4, 4, 5, 3, NULL, NULL, NULL, NULL, 6, NULL, NULL, 0, '2015-08-23 20:22:02', '2015-08-23 20:22:02', NULL),
	(292, 'Marc', 'House', 'pilot', 154, 123197, 862, 19, 6, NULL, NULL, NULL, NULL, NULL, NULL, NULL, 3, 5, 5, 4, NULL, 5, NULL, NULL, 0, '2015-08-23 20:22:02', '2015-08-23 20:22:02', NULL),
	(293, 'Tom', 'Exum', 'driver', 155, 233527, 1635, 20, 4, 6, 7, 4, 4, 4, 4, 5, 3, NULL, NULL, NULL, NULL, 4, NULL, NULL, 0, '2015-08-23 20:22:02', '2015-08-23 20:22:02', NULL),
	(294, 'James', 'Simpson', 'pilot', 155, 119261, 835, 18, 4, NULL, NULL, NULL, NULL, NULL, NULL, NULL, 3, 7, 4, 5, NULL, 6, NULL, NULL, 0, '2015-08-23 20:22:02', '2015-08-23 20:22:02', NULL),
	(295, 'Andrew', 'Evans', 'driver', 156, 220332, 1542, 20, 7, 4, 6, 7, 4, 4, 4, 4, 3, NULL, NULL, NULL, NULL, 4, NULL, NULL, 0, '2015-08-23 20:22:02', '2015-08-23 20:22:02', NULL),
	(296, 'Seb', 'Exum', 'pilot', 156, 117660, 824, 18, 7, NULL, NULL, NULL, NULL, NULL, NULL, NULL, 3, 5, 6, 5, NULL, 4, NULL, NULL, 0, '2015-08-23 20:22:02', '2015-08-23 20:22:02', NULL),
	(297, 'Tom', 'Exum', 'driver', 157, 232044, 1624, 19, 4, 6, 7, 6, 4, 4, 4, 5, 3, NULL, NULL, NULL, NULL, 4, NULL, NULL, 0, '2015-08-23 20:22:03', '2015-08-23 20:22:03', NULL),
	(298, 'John', 'Thompson', 'pilot', 157, 129563, 907, 20, 6, NULL, NULL, NULL, NULL, NULL, NULL, NULL, 3, 4, 4, 6, NULL, 4, NULL, NULL, 0, '2015-08-23 20:22:03', '2015-08-23 20:22:03', NULL),
	(299, 'Jean', 'House', 'driver', 158, 222882, 1560, 19, 4, 4, 4, 4, 5, 4, 6, 6, 3, NULL, NULL, NULL, NULL, 7, NULL, NULL, 0, '2015-08-23 20:22:03', '2015-08-23 20:22:03', NULL),
	(300, 'Andrew', 'Smith', 'pilot', 158, 118662, 831, 20, 4, NULL, NULL, NULL, NULL, NULL, NULL, NULL, 3, 8, 7, 4, NULL, 4, NULL, NULL, 0, '2015-08-23 20:22:03', '2015-08-23 20:22:03', NULL),
	(301, 'Steph', 'Exum', 'driver', 159, 235716, 1650, 21, 5, 5, 5, 5, 4, 6, 4, 5, 3, NULL, NULL, NULL, NULL, 4, NULL, NULL, 0, '2015-08-23 20:22:03', '2015-08-23 20:22:03', NULL),
	(302, 'Seb', 'Thompson', 'pilot', 159, 109957, 770, 18, 6, NULL, NULL, NULL, NULL, NULL, NULL, NULL, 3, 7, 4, 4, NULL, 6, NULL, NULL, 0, '2015-08-23 20:22:03', '2015-08-23 20:22:03', NULL),
	(303, 'Jean', 'Thompson', 'driver', 160, 222765, 1559, 18, 7, 4, 6, 4, 4, 6, 4, 5, 3, NULL, NULL, NULL, NULL, 4, NULL, NULL, 0, '2015-08-23 20:22:03', '2015-08-23 20:22:03', NULL),
	(304, 'Seb', 'Thompson', 'pilot', 160, 122776, 859, 21, 5, NULL, NULL, NULL, NULL, NULL, NULL, NULL, 3, 4, 6, 5, NULL, 5, NULL, NULL, 0, '2015-08-23 20:22:03', '2015-08-23 20:22:03', NULL),
	(305, 'Jean', 'Ripper', 'driver', 161, 226866, 1588, 18, 6, 5, 4, 4, 4, 5, 6, 5, 3, NULL, NULL, NULL, NULL, 5, NULL, NULL, 0, '2015-08-23 20:22:03', '2015-08-23 20:22:03', NULL),
	(306, 'Steph', 'Smith', 'pilot', 161, 121528, 851, 19, 7, NULL, NULL, NULL, NULL, NULL, NULL, NULL, 3, 7, 4, 4, NULL, 4, NULL, NULL, 0, '2015-08-23 20:22:03', '2015-08-23 20:22:03', NULL),
	(307, 'Marc', 'Evans', 'driver', 162, 236593, 1656, 19, 4, 8, 4, 4, 4, 4, 6, 6, 3, NULL, NULL, NULL, NULL, 4, NULL, NULL, 0, '2015-08-23 20:22:03', '2015-08-23 20:22:03', NULL),
	(308, 'Jean', 'Ripper', 'pilot', 162, 129238, 905, 19, 5, NULL, NULL, NULL, NULL, NULL, NULL, NULL, 3, 4, 6, 6, NULL, 4, NULL, NULL, 0, '2015-08-23 20:22:03', '2015-08-23 20:22:03', NULL),
	(309, 'Marc', 'Ripper', 'driver', 163, 224738, 1573, 19, 6, 4, 4, 7, 4, 4, 4, 4, 3, NULL, NULL, NULL, NULL, 5, NULL, NULL, 0, '2015-08-23 20:22:03', '2015-08-23 20:22:03', NULL),
	(310, 'Kevin', 'Ripper', 'pilot', 163, 113783, 796, 19, 4, NULL, NULL, NULL, NULL, NULL, NULL, NULL, 3, 5, 5, 7, NULL, 6, NULL, NULL, 0, '2015-08-23 20:22:03', '2015-08-23 20:22:03', NULL),
	(311, 'Jan', 'Simpson', 'driver', 164, 234152, 1639, 20, 4, 4, 7, 4, 4, 4, 4, 7, 3, NULL, NULL, NULL, NULL, 4, NULL, NULL, 0, '2015-08-23 20:22:03', '2015-08-23 20:22:03', NULL),
	(312, 'Antoine', 'Ripper', 'pilot', 164, 124694, 873, 18, 7, NULL, NULL, NULL, NULL, NULL, NULL, NULL, 3, 4, 5, 5, NULL, 4, NULL, NULL, 0, '2015-08-23 20:22:03', '2015-08-23 20:22:03', NULL),
	(313, 'Jean', 'Simpson', 'driver', 165, 221637, 1551, 18, 5, 5, 7, 4, 5, 4, 4, 4, 3, NULL, NULL, NULL, NULL, 6, NULL, NULL, 0, '2015-08-23 20:22:03', '2015-08-23 20:22:03', NULL),
	(314, 'Marc', 'Kowalski', 'pilot', 165, 122917, 860, 21, 6, NULL, NULL, NULL, NULL, NULL, NULL, NULL, 3, 4, 4, 7, NULL, 5, NULL, NULL, 0, '2015-08-23 20:22:03', '2015-08-23 20:22:03', NULL),
	(315, 'James', 'Simpson', 'driver', 166, 219838, 1539, 20, 6, 7, 4, 5, 4, 4, 4, 4, 3, NULL, NULL, NULL, NULL, 6, NULL, NULL, 0, '2015-08-23 20:22:03', '2015-08-23 20:22:03', NULL),
	(316, 'Marc', 'Nowak', 'pilot', 166, 102884, 720, 21, 4, NULL, NULL, NULL, NULL, NULL, NULL, NULL, 3, 7, 4, 4, NULL, 8, NULL, NULL, 0, '2015-08-23 20:22:03', '2015-08-23 20:22:03', NULL),
	(317, 'Seb', 'Evans', 'driver', 167, 239260, 1675, 18, 7, 4, 4, 4, 4, 5, 5, 5, 3, NULL, NULL, NULL, NULL, 4, NULL, NULL, 0, '2015-08-23 20:22:03', '2015-08-23 20:22:03', NULL),
	(318, 'Jan', 'Kowalski', 'pilot', 167, 116346, 814, 21, 7, NULL, NULL, NULL, NULL, NULL, NULL, NULL, 3, 4, 7, 5, NULL, 4, NULL, NULL, 0, '2015-08-23 20:22:03', '2015-08-23 20:22:03', NULL),
	(319, 'Marc', 'House', 'driver', 168, 237257, 1661, 20, 4, 4, 5, 4, 5, 5, 4, 6, 3, NULL, NULL, NULL, NULL, 5, NULL, NULL, 0, '2015-08-23 20:22:03', '2015-08-23 20:22:03', NULL),
	(320, 'Seb', 'Kowalski', 'pilot', 168, 135418, 948, 19, 5, NULL, NULL, NULL, NULL, NULL, NULL, NULL, 3, 5, 5, 4, NULL, 4, NULL, NULL, 0, '2015-08-23 20:22:03', '2015-08-23 20:22:03', NULL),
	(321, 'Kevin', 'Curry', 'driver', 169, 222029, 1554, 18, 4, 5, 6, 4, 4, 5, 6, 4, 3, NULL, NULL, NULL, NULL, 6, NULL, NULL, 0, '2015-08-23 20:22:03', '2015-08-23 20:22:03', NULL),
	(322, 'Jean', 'Nowak', 'pilot', 169, 115719, 810, 21, 6, NULL, NULL, NULL, NULL, NULL, NULL, NULL, 3, 4, 4, 4, NULL, 7, NULL, NULL, 0, '2015-08-23 20:22:03', '2015-08-23 20:22:03', NULL),
	(323, 'Jean', 'Curry', 'driver', 170, 226298, 1584, 18, 7, 5, 7, 4, 4, 5, 4, 4, 3, NULL, NULL, NULL, NULL, 4, NULL, NULL, 0, '2015-08-23 20:22:03', '2015-08-23 20:22:03', NULL),
	(324, 'Jan', 'Ripper', 'pilot', 170, 124448, 871, 19, 5, NULL, NULL, NULL, NULL, NULL, NULL, NULL, 3, 7, 4, 4, NULL, 5, NULL, NULL, 0, '2015-08-23 20:22:03', '2015-08-23 20:22:03', NULL),
	(325, 'Jack', 'Evans', 'driver', 171, 241161, 1688, 18, 4, 8, 4, 4, 4, 5, 6, 4, 3, NULL, NULL, NULL, NULL, 4, NULL, NULL, 0, '2015-08-23 20:22:03', '2015-08-23 20:22:03', NULL),
	(326, 'Jack', 'Kowalski', 'pilot', 171, 120892, 846, 20, 4, NULL, NULL, NULL, NULL, NULL, NULL, NULL, 3, 7, 5, 7, NULL, 4, NULL, NULL, 0, '2015-08-23 20:22:03', '2015-08-23 20:22:03', NULL),
	(327, 'Jean', 'Smith', 'driver', 172, 222616, 1558, 21, 4, 4, 4, 4, 7, 6, 4, 4, 3, NULL, NULL, NULL, NULL, 7, NULL, NULL, 0, '2015-08-23 20:22:03', '2015-08-23 20:22:03', NULL),
	(328, 'James', 'Kowalski', 'pilot', 172, 121316, 849, 20, 4, NULL, NULL, NULL, NULL, NULL, NULL, NULL, 3, 5, 4, 6, NULL, 6, NULL, NULL, 0, '2015-08-23 20:22:03', '2015-08-23 20:22:03', NULL),
	(329, 'Andrew', 'Simpson', 'driver', 173, 219750, 1538, 18, 4, 4, 5, 5, 6, 4, 4, 4, 3, NULL, NULL, NULL, NULL, 7, NULL, NULL, 0, '2015-08-23 20:22:03', '2015-08-23 20:22:03', NULL),
	(330, 'John', 'Smith', 'pilot', 173, 114443, 801, 18, 7, NULL, NULL, NULL, NULL, NULL, NULL, NULL, 3, 4, 8, 4, NULL, 4, NULL, NULL, 0, '2015-08-23 20:22:03', '2015-08-23 20:22:03', NULL),
	(331, 'Jan', 'Thompson', 'driver', 174, 234472, 1641, 20, 6, 4, 4, 6, 6, 5, 4, 4, 3, NULL, NULL, NULL, NULL, 4, NULL, NULL, 0, '2015-08-23 20:22:03', '2015-08-23 20:22:03', NULL),
	(332, 'Marc', 'Evans', 'pilot', 174, 117556, 823, 19, 6, NULL, NULL, NULL, NULL, NULL, NULL, NULL, 3, 8, 4, 5, NULL, 4, NULL, NULL, 0, '2015-08-23 20:22:03', '2015-08-23 20:22:03', NULL),
	(333, 'Jan', 'Ripper', 'driver', 175, 218426, 1529, 18, 4, 5, 6, 4, 4, 5, 4, 4, 3, NULL, NULL, NULL, NULL, 7, NULL, NULL, 0, '2015-08-23 20:22:03', '2015-08-23 20:22:03', NULL),
	(334, 'Steph', 'Nowak', 'pilot', 175, 117848, 825, 18, 5, NULL, NULL, NULL, NULL, NULL, NULL, NULL, 3, 4, 7, 4, NULL, 5, NULL, NULL, 0, '2015-08-23 20:22:03', '2015-08-23 20:22:03', NULL),
	(335, 'John', 'Ripper', 'driver', 176, 229993, 1610, 19, 6, 6, 6, 4, 5, 4, 5, 4, 3, NULL, NULL, NULL, NULL, 4, NULL, NULL, 0, '2015-08-23 20:22:03', '2015-08-23 20:22:03', NULL),
	(336, 'Kevin', 'Thompson', 'pilot', 176, 111817, 783, 21, 6, NULL, NULL, NULL, NULL, NULL, NULL, NULL, 3, 4, 6, 4, NULL, 6, NULL, NULL, 0, '2015-08-23 20:22:03', '2015-08-23 20:22:03', NULL),
	(337, 'Andrew', 'Simpson', 'driver', 177, 230000, 1610, 19, 4, 4, 4, 8, 4, 4, 6, 6, 3, NULL, NULL, NULL, NULL, 4, NULL, NULL, 0, '2015-08-23 20:22:04', '2015-08-23 20:22:04', NULL),
	(338, 'Jean', 'Thompson', 'pilot', 177, 110368, 773, 20, 7, NULL, NULL, NULL, NULL, NULL, NULL, NULL, 3, 4, 7, 4, NULL, 5, NULL, NULL, 0, '2015-08-23 20:22:04', '2015-08-23 20:22:04', NULL),
	(339, 'Jean', 'Smith', 'driver', 178, 219578, 1537, 20, 5, 4, 5, 4, 4, 4, 5, 4, 3, NULL, NULL, NULL, NULL, 7, NULL, NULL, 0, '2015-08-23 20:22:04', '2015-08-23 20:22:04', NULL),
	(340, 'Marc', 'Curry', 'pilot', 178, 120572, 844, 21, 8, NULL, NULL, NULL, NULL, NULL, NULL, NULL, 3, 4, 4, 7, NULL, 4, NULL, NULL, 0, '2015-08-23 20:22:04', '2015-08-23 20:22:04', NULL),
	(341, 'Jack', 'Nowak', 'driver', 179, 214857, 1504, 21, 4, 4, 6, 4, 6, 5, 4, 4, 3, NULL, NULL, NULL, NULL, 7, NULL, NULL, 0, '2015-08-23 20:22:04', '2015-08-23 20:22:04', NULL),
	(342, 'Kevin', 'Smith', 'pilot', 179, 108532, 760, 21, 5, NULL, NULL, NULL, NULL, NULL, NULL, NULL, 3, 4, 4, 7, NULL, 7, NULL, NULL, 0, '2015-08-23 20:22:04', '2015-08-23 20:22:04', NULL),
	(343, 'Bubba', 'Nowak', 'driver', 180, 245300, 1717, 21, 4, 4, 4, 4, 5, 5, 6, 7, 3, NULL, NULL, NULL, NULL, 4, NULL, NULL, 0, '2015-08-23 20:22:04', '2015-08-23 20:22:04', NULL),
	(344, 'John', 'Kowalski', 'pilot', 180, 126407, 885, 21, 7, NULL, NULL, NULL, NULL, NULL, NULL, NULL, 3, 6, 4, 4, NULL, 4, NULL, NULL, 0, '2015-08-23 20:22:04', '2015-08-23 20:22:04', NULL),
	(345, 'Jan', 'Ripper', 'driver', 181, 241720, 1692, 18, 4, 4, 5, 4, 5, 4, 7, 6, 3, NULL, NULL, NULL, NULL, 4, NULL, NULL, 0, '2015-08-23 20:22:04', '2015-08-23 20:22:04', NULL),
	(346, 'Steph', 'Exum', 'pilot', 181, 103626, 725, 20, 7, NULL, NULL, NULL, NULL, NULL, NULL, NULL, 3, 5, 4, 4, NULL, 7, NULL, NULL, 0, '2015-08-23 20:22:04', '2015-08-23 20:22:04', NULL),
	(347, 'Seb', 'Curry', 'driver', 182, 238220, 1668, 21, 4, 6, 4, 4, 5, 7, 4, 6, 3, NULL, NULL, NULL, NULL, 4, NULL, NULL, 0, '2015-08-23 20:22:04', '2015-08-23 20:22:04', NULL),
	(348, 'Jan', 'Smith', 'pilot', 182, 118171, 827, 20, 5, NULL, NULL, NULL, NULL, NULL, NULL, NULL, 3, 5, 7, 4, NULL, 5, NULL, NULL, 0, '2015-08-23 20:22:04', '2015-08-23 20:22:04', NULL),
	(349, 'Steph', 'House', 'driver', 183, 223189, 1562, 19, 7, 5, 4, 7, 4, 4, 4, 5, 3, NULL, NULL, NULL, NULL, 4, NULL, NULL, 0, '2015-08-23 20:22:04', '2015-08-23 20:22:04', NULL),
	(350, 'Jack', 'Thompson', 'pilot', 183, 122848, 860, 20, 4, NULL, NULL, NULL, NULL, NULL, NULL, NULL, 3, 5, 5, 4, NULL, 6, NULL, NULL, 0, '2015-08-23 20:22:04', '2015-08-23 20:22:04', NULL),
	(351, 'Jack', 'Nowak', 'driver', 184, 219385, 1536, 18, 4, 7, 4, 5, 4, 5, 4, 5, 3, NULL, NULL, NULL, NULL, 6, NULL, NULL, 0, '2015-08-23 20:22:04', '2015-08-23 20:22:04', NULL),
	(352, 'Bubba', 'Kowalski', 'pilot', 184, 107916, 755, 18, 4, NULL, NULL, NULL, NULL, NULL, NULL, NULL, 3, 7, 4, 5, NULL, 7, NULL, NULL, 0, '2015-08-23 20:22:04', '2015-08-23 20:22:04', NULL),
	(353, 'Jean', 'Exum', 'driver', 185, 226161, 1583, 18, 7, 5, 6, 4, 5, 4, 5, 4, 3, NULL, NULL, NULL, NULL, 4, NULL, NULL, 0, '2015-08-23 20:22:04', '2015-08-23 20:22:04', NULL),
	(354, 'Bubba', 'Simpson', 'pilot', 185, 120776, 845, 19, 4, NULL, NULL, NULL, NULL, NULL, NULL, NULL, 3, 4, 4, 5, NULL, 7, NULL, NULL, 0, '2015-08-23 20:22:04', '2015-08-23 20:22:04', NULL),
	(355, 'Jan', 'Ripper', 'driver', 186, 233380, 1634, 21, 4, 4, 4, 7, 4, 4, 7, 4, 3, NULL, NULL, NULL, NULL, 5, NULL, NULL, 0, '2015-08-23 20:22:04', '2015-08-23 20:22:04', NULL),
	(356, 'Kevin', 'Simpson', 'pilot', 186, 111585, 781, 20, 4, NULL, NULL, NULL, NULL, NULL, NULL, NULL, 3, 6, 5, 4, NULL, 7, NULL, NULL, 0, '2015-08-23 20:22:04', '2015-08-23 20:22:04', NULL),
	(357, 'Jan', 'Exum', 'driver', 187, 235114, 1646, 20, 4, 7, 4, 4, 5, 4, 4, 7, 3, NULL, NULL, NULL, NULL, 4, NULL, NULL, 0, '2015-08-23 20:22:04', '2015-08-23 20:22:04', NULL),
	(358, 'Jan', 'Evans', 'pilot', 187, 114089, 799, 20, 4, NULL, NULL, NULL, NULL, NULL, NULL, NULL, 3, 4, 6, 4, NULL, 7, NULL, NULL, 0, '2015-08-23 20:22:04', '2015-08-23 20:22:04', NULL),
	(359, 'Jean', 'Smith', 'driver', 188, 228452, 1599, 21, 6, 5, 4, 6, 6, 4, 5, 4, 3, NULL, NULL, NULL, NULL, 4, NULL, NULL, 0, '2015-08-23 20:22:04', '2015-08-23 20:22:04', NULL),
	(360, 'Marc', 'Exum', 'pilot', 188, 126953, 889, 21, 4, NULL, NULL, NULL, NULL, NULL, NULL, NULL, 3, 4, 5, 4, NULL, 6, NULL, NULL, 0, '2015-08-23 20:22:04', '2015-08-23 20:22:04', NULL),
	(361, 'James', 'Evans', 'driver', 189, 220758, 1545, 20, 4, 5, 4, 5, 7, 5, 4, 4, 3, NULL, NULL, NULL, NULL, 6, NULL, NULL, 0, '2015-08-23 20:22:04', '2015-08-23 20:22:04', NULL),
	(362, 'Bubba', 'Kowalski', 'pilot', 189, 116975, 819, 20, 5, NULL, NULL, NULL, NULL, NULL, NULL, NULL, 3, 6, 4, 4, NULL, 6, NULL, NULL, 0, '2015-08-23 20:22:04', '2015-08-23 20:22:04', NULL),
	(363, 'Kevin', 'Kowalski', 'driver', 190, 230759, 1615, 18, 4, 6, 5, 7, 4, 4, 5, 4, 3, NULL, NULL, NULL, NULL, 4, NULL, NULL, 0, '2015-08-23 20:22:04', '2015-08-23 20:22:04', NULL),
	(364, 'Kevin', 'Curry', 'pilot', 190, 119405, 836, 20, 5, NULL, NULL, NULL, NULL, NULL, NULL, NULL, 3, 4, 6, 8, NULL, 4, NULL, NULL, 0, '2015-08-23 20:22:04', '2015-08-23 20:22:04', NULL),
	(365, 'Kevin', 'Nowak', 'driver', 191, 233746, 1636, 20, 5, 7, 4, 5, 4, 6, 4, 4, 3, NULL, NULL, NULL, NULL, 4, NULL, NULL, 0, '2015-08-23 20:22:04', '2015-08-23 20:22:04', NULL),
	(366, 'Marc', 'Thompson', 'pilot', 191, 105882, 741, 18, 4, NULL, NULL, NULL, NULL, NULL, NULL, NULL, 3, 7, 4, 4, NULL, 8, NULL, NULL, 0, '2015-08-23 20:22:04', '2015-08-23 20:22:04', NULL),
	(367, 'Bubba', 'Curry', 'driver', 192, 228766, 1601, 19, 4, 4, 5, 4, 6, 4, 4, 6, 3, NULL, NULL, NULL, NULL, 6, NULL, NULL, 0, '2015-08-23 20:22:04', '2015-08-23 20:22:04', NULL),
	(368, 'Marc', 'Thompson', 'pilot', 192, 115817, 811, 18, 5, NULL, NULL, NULL, NULL, NULL, NULL, NULL, 3, 4, 6, 5, NULL, 6, NULL, NULL, 0, '2015-08-23 20:22:04', '2015-08-23 20:22:04', NULL),
	(369, 'Tom', 'Smith', 'driver', 193, 216927, 1518, 18, 7, 4, 6, 4, 4, 4, 4, 4, 3, NULL, NULL, NULL, NULL, 6, NULL, NULL, 0, '2015-08-23 20:22:04', '2015-08-23 20:22:04', NULL),
	(370, 'Bubba', 'Smith', 'pilot', 193, 118032, 826, 18, 8, NULL, NULL, NULL, NULL, NULL, NULL, NULL, 3, 4, 4, 4, NULL, 5, NULL, NULL, 0, '2015-08-23 20:22:04', '2015-08-23 20:22:04', NULL),
	(371, 'Tom', 'House', 'driver', 194, 235751, 1650, 20, 5, 5, 5, 5, 4, 7, 4, 5, 3, NULL, NULL, NULL, NULL, 4, NULL, NULL, 0, '2015-08-23 20:22:04', '2015-08-23 20:22:04', NULL),
	(372, 'Marc', 'Simpson', 'pilot', 194, 118515, 830, 18, 8, NULL, NULL, NULL, NULL, NULL, NULL, NULL, 3, 5, 4, 6, NULL, 4, NULL, NULL, 0, '2015-08-23 20:22:04', '2015-08-23 20:22:04', NULL),
	(373, 'Jack', 'Kowalski', 'driver', 195, 227656, 1594, 19, 4, 6, 5, 5, 4, 4, 4, 6, 3, NULL, NULL, NULL, NULL, 5, NULL, NULL, 0, '2015-08-23 20:22:04', '2015-08-23 20:22:04', NULL),
	(374, 'Andrew', 'Smith', 'pilot', 195, 110586, 774, 18, 4, NULL, NULL, NULL, NULL, NULL, NULL, NULL, 3, 6, 6, 5, NULL, 6, NULL, NULL, 0, '2015-08-23 20:22:04', '2015-08-23 20:22:04', NULL),
	(375, 'Andrew', 'House', 'driver', 196, 202923, 1420, 20, 4, 4, 4, 4, 4, 4, 4, 4, 3, NULL, NULL, NULL, NULL, 4, NULL, NULL, 0, '2015-08-23 20:22:04', '2015-08-23 20:22:04', NULL),
	(376, 'Bubba', 'Evans', 'pilot', 196, 105039, 735, 20, 6, NULL, NULL, NULL, NULL, NULL, NULL, NULL, 3, 4, 4, 5, NULL, 4, NULL, NULL, 0, '2015-08-23 20:22:04', '2015-08-23 20:22:04', NULL),
	(377, 'Kevin', 'Evans', 'driver', 197, 198432, 1389, 21, 4, 4, 4, 5, 4, 4, 4, 4, 3, NULL, NULL, NULL, NULL, 4, NULL, NULL, 0, '2015-08-23 20:22:04', '2015-08-23 20:22:04', NULL),
	(378, 'James', 'Ripper', 'pilot', 197, 96411, 675, 21, 5, NULL, NULL, NULL, NULL, NULL, NULL, NULL, 3, 4, 5, 4, NULL, 5, NULL, NULL, 0, '2015-08-23 20:22:04', '2015-08-23 20:22:04', NULL),
	(379, 'Bubba', 'House', 'driver', 198, 195126, 1366, 19, 4, 5, 4, 4, 4, 4, 4, 4, 3, NULL, NULL, NULL, NULL, 4, NULL, NULL, 0, '2015-08-23 20:22:05', '2015-08-23 20:22:05', NULL),
	(380, 'Bubba', 'Ripper', 'pilot', 198, 114114, 799, 21, 4, NULL, NULL, NULL, NULL, NULL, NULL, NULL, 3, 4, 4, 4, NULL, 4, NULL, NULL, 0, '2015-08-23 20:22:05', '2015-08-23 20:22:05', NULL),
	(381, 'Tom', 'Smith', 'driver', 199, 195953, 1372, 18, 4, 4, 5, 4, 4, 4, 4, 4, 3, NULL, NULL, NULL, NULL, 4, NULL, NULL, 0, '2015-08-23 20:22:05', '2015-08-23 20:22:05', NULL),
	(382, 'Andrew', 'Evans', 'pilot', 199, 109361, 766, 18, 4, NULL, NULL, NULL, NULL, NULL, NULL, NULL, 3, 4, 4, 6, NULL, 4, NULL, NULL, 0, '2015-08-23 20:22:05', '2015-08-23 20:22:05', NULL),
	(383, 'James', 'Kowalski', 'driver', 200, 191876, 1343, 18, 4, 4, 4, 4, 4, 4, 4, 4, 3, NULL, NULL, NULL, NULL, 5, NULL, NULL, 0, '2015-08-23 20:22:05', '2015-08-23 20:22:05', NULL),
	(384, 'Tom', 'Thompson', 'pilot', 200, 110461, 773, 19, 4, NULL, NULL, NULL, NULL, NULL, NULL, NULL, 3, 5, 4, 4, NULL, 4, NULL, NULL, 0, '2015-08-23 20:22:05', '2015-08-23 20:22:05', NULL),
	(385, 'Antoine', 'Ripper', 'driver', 201, 199688, 1398, 20, 4, 5, 4, 4, 4, 4, 4, 4, 3, NULL, NULL, NULL, NULL, 4, NULL, NULL, 0, '2015-08-23 20:22:05', '2015-08-23 20:22:05', NULL),
	(386, 'Jan', 'Kowalski', 'pilot', 201, 103041, 721, 21, 4, NULL, NULL, NULL, NULL, NULL, NULL, NULL, 3, 5, 6, 4, NULL, 4, NULL, NULL, 0, '2015-08-23 20:22:05', '2015-08-23 20:22:05', NULL),
	(387, 'Seb', 'Smith', 'driver', 202, 192026, 1344, 21, 4, 4, 4, 4, 4, 4, 4, 4, 3, NULL, NULL, NULL, NULL, 5, NULL, NULL, 0, '2015-08-23 20:22:05', '2015-08-23 20:22:05', NULL),
	(388, 'Kevin', 'Curry', 'pilot', 202, 103716, 726, 21, 6, NULL, NULL, NULL, NULL, NULL, NULL, NULL, 3, 4, 4, 5, NULL, 4, NULL, NULL, 0, '2015-08-23 20:22:05', '2015-08-23 20:22:05', NULL),
	(389, 'Seb', 'Thompson', 'driver', 203, 191721, 1342, 18, 4, 4, 4, 4, 4, 4, 4, 4, 3, NULL, NULL, NULL, NULL, 5, NULL, NULL, 0, '2015-08-23 20:22:05', '2015-08-23 20:22:05', NULL),
	(390, 'Seb', 'Ripper', 'pilot', 203, 102554, 718, 20, 4, NULL, NULL, NULL, NULL, NULL, NULL, NULL, 3, 6, 5, 4, NULL, 4, NULL, NULL, 0, '2015-08-23 20:22:05', '2015-08-23 20:22:05', NULL),
	(391, 'Kevin', 'Evans', 'driver', 204, 201693, 1412, 20, 4, 4, 4, 4, 4, 4, 5, 4, 3, NULL, NULL, NULL, NULL, 4, NULL, NULL, 0, '2015-08-23 20:22:05', '2015-08-23 20:22:05', NULL),
	(392, 'Jack', 'Evans', 'pilot', 204, 98949, 693, 19, 4, NULL, NULL, NULL, NULL, NULL, NULL, NULL, 3, 6, 4, 4, NULL, 5, NULL, NULL, 0, '2015-08-23 20:22:05', '2015-08-23 20:22:05', NULL),
	(393, 'Antoine', 'Curry', 'driver', 205, 198848, 1392, 20, 4, 4, 4, 4, 4, 4, 4, 4, 3, NULL, NULL, NULL, NULL, 4, NULL, NULL, 0, '2015-08-23 20:22:05', '2015-08-23 20:22:05', NULL),
	(394, 'Jan', 'Ripper', 'pilot', 205, 112856, 790, 20, 4, NULL, NULL, NULL, NULL, NULL, NULL, NULL, 3, 4, 4, 5, NULL, 4, NULL, NULL, 0, '2015-08-23 20:22:05', '2015-08-23 20:22:05', NULL),
	(395, 'Seb', 'Exum', 'driver', 206, 197339, 1381, 18, 4, 5, 4, 4, 4, 4, 4, 4, 3, NULL, NULL, NULL, NULL, 4, NULL, NULL, 0, '2015-08-23 20:22:05', '2015-08-23 20:22:05', NULL),
	(396, 'James', 'Exum', 'pilot', 206, 98196, 687, 19, 6, NULL, NULL, NULL, NULL, NULL, NULL, NULL, 3, 4, 4, 4, NULL, 5, NULL, NULL, 0, '2015-08-23 20:22:05', '2015-08-23 20:22:05', NULL),
	(397, 'Bubba', 'House', 'driver', 207, 194520, 1362, 18, 4, 4, 4, 4, 4, 4, 5, 4, 3, NULL, NULL, NULL, NULL, 4, NULL, NULL, 0, '2015-08-23 20:22:05', '2015-08-23 20:22:05', NULL),
	(398, 'Jack', 'Exum', 'pilot', 207, 98310, 688, 18, 5, NULL, NULL, NULL, NULL, NULL, NULL, NULL, 3, 4, 4, 5, NULL, 5, NULL, NULL, 0, '2015-08-23 20:22:05', '2015-08-23 20:22:05', NULL),
	(399, 'Steph', 'Nowak', 'driver', 208, 199433, 1396, 21, 4, 4, 4, 4, 5, 4, 4, 4, 3, NULL, NULL, NULL, NULL, 4, NULL, NULL, 0, '2015-08-23 20:22:05', '2015-08-23 20:22:05', NULL),
	(400, 'Andrew', 'House', 'pilot', 208, 107149, 750, 20, 4, NULL, NULL, NULL, NULL, NULL, NULL, NULL, 3, 4, 4, 4, NULL, 5, NULL, NULL, 0, '2015-08-23 20:22:05', '2015-08-23 20:22:05', NULL),
	(401, 'Steph', 'Nowak', 'driver', 209, 202887, 1420, 20, 4, 4, 4, 4, 4, 4, 4, 4, 3, NULL, NULL, NULL, NULL, 4, NULL, NULL, 0, '2015-08-23 20:22:05', '2015-08-23 20:22:05', NULL),
	(402, 'James', 'Smith', 'pilot', 209, 98754, 691, 21, 4, NULL, NULL, NULL, NULL, NULL, NULL, NULL, 3, 4, 4, 4, NULL, 6, NULL, NULL, 0, '2015-08-23 20:22:05', '2015-08-23 20:22:05', NULL);
/*!40000 ALTER TABLE `people_people` ENABLE KEYS */;


-- Zrzut struktury tabela ral.people_training
DROP TABLE IF EXISTS `people_training`;
CREATE TABLE IF NOT EXISTS `people_training` (
  `id` int(11) NOT NULL AUTO_INCREMENT,
  `people_id` int(11) DEFAULT NULL,
  `skill_name` varchar(255) DEFAULT NULL,
  `current_skill_level` bigint(20) DEFAULT NULL,
  `training_factor` decimal(10,2) DEFAULT NULL,
  `max_available_km_passed_today` decimal(10,2) DEFAULT NULL,
  `km_passed_today` decimal(10,2) DEFAULT NULL,
  `km_for_next_star` decimal(10,2) DEFAULT NULL,
  `skill_promotion` tinyint(1) DEFAULT '0',
  `training_date` datetime DEFAULT NULL,
  `created_at` datetime NOT NULL,
  `updated_at` datetime NOT NULL,
  `deleted_at` datetime DEFAULT NULL,
  PRIMARY KEY (`id`),
  KEY `people_training_people_id_people_people_id` (`people_id`)
) ENGINE=MyISAM AUTO_INCREMENT=145 DEFAULT CHARSET=utf8;

-- Zrzucanie danych dla tabeli ral.people_training: 144 rows
DELETE FROM `people_training`;
/*!40000 ALTER TABLE `people_training` DISABLE KEYS */;
INSERT INTO `people_training` (`id`, `people_id`, `skill_name`, `current_skill_level`, `training_factor`, `max_available_km_passed_today`, `km_passed_today`, `km_for_next_star`, `skill_promotion`, `training_date`, `created_at`, `updated_at`, `deleted_at`) VALUES
	(1, 1, 'composure', 4, NULL, 0.00, 0.00, 0.00, 0, '2015-08-12 02:15:01', '2015-08-12 02:15:01', '2015-08-12 02:15:01', NULL),
	(2, 2, 'diction', 4, NULL, 0.00, 0.00, 0.00, 0, '2015-08-12 02:15:01', '2015-08-12 02:15:01', '2015-08-12 02:15:01', NULL),
	(3, 3, 'reflex', 4, NULL, 0.00, 0.00, 0.00, 0, '2015-08-12 02:15:01', '2015-08-12 02:15:01', '2015-08-12 02:15:01', NULL),
	(4, 5, 'reflex', 4, NULL, 0.00, 0.00, 0.00, 0, '2015-08-12 02:15:01', '2015-08-12 02:15:01', '2015-08-12 02:15:01', NULL),
	(5, 6, 'diction', 7, NULL, 0.00, 0.00, 0.00, 0, '2015-08-12 02:15:01', '2015-08-12 02:15:01', '2015-08-12 02:15:01', NULL),
	(6, 31, 'on_tarmac', 4, NULL, 0.00, 0.00, 0.00, 0, '2015-08-12 02:15:01', '2015-08-12 02:15:02', '2015-08-12 02:15:02', NULL),
	(7, 28, 'dictate_rhytm', 5, NULL, 0.00, 0.00, 0.00, 0, '2015-08-12 02:15:02', '2015-08-12 02:15:02', '2015-08-12 02:15:02', NULL),
	(8, 7, 'regularity', 5, NULL, 0.00, 0.00, 0.00, 0, '2015-08-12 02:15:02', '2015-08-12 02:15:02', '2015-08-12 02:15:02', NULL),
	(9, 8, 'composure', 6, NULL, 0.00, 0.00, 0.00, 0, '2015-08-12 02:15:02', '2015-08-12 02:15:02', '2015-08-12 02:15:02', NULL),
	(10, 9, 'on_snow', 4, NULL, 0.00, 0.00, 0.00, 0, '2015-08-12 02:15:02', '2015-08-12 02:15:02', '2015-08-12 02:15:02', NULL),
	(11, 10, 'composure', 5, NULL, 0.00, 0.00, 0.00, 0, '2015-08-12 02:15:02', '2015-08-12 02:15:02', '2015-08-12 02:15:02', NULL),
	(12, 11, 'in_rain', 4, NULL, 0.00, 0.00, 0.00, 0, '2015-08-12 02:15:02', '2015-08-12 02:15:02', '2015-08-12 02:15:02', NULL),
	(13, 12, 'composure', 4, NULL, 0.00, 0.00, 0.00, 0, '2015-08-12 02:15:02', '2015-08-12 02:15:02', '2015-08-12 02:15:02', NULL),
	(14, 14, 'route_description', 6, NULL, 0.00, 0.00, 0.00, 0, '2015-08-12 02:15:02', '2015-08-12 02:15:02', '2015-08-12 02:15:02', NULL),
	(15, 15, 'speed', 6, NULL, 0.00, 0.00, 0.00, 0, '2015-08-12 02:15:02', '2015-08-12 02:15:02', '2015-08-12 02:15:02', NULL),
	(16, 16, 'diction', 7, NULL, 0.00, 0.00, 0.00, 0, '2015-08-12 02:15:02', '2015-08-12 02:15:02', '2015-08-12 02:15:02', NULL),
	(17, 18, 'route_description', 5, NULL, 0.00, 0.00, 0.00, 0, '2015-08-12 02:15:02', '2015-08-12 02:15:02', '2015-08-12 02:15:02', NULL),
	(18, 19, 'speed', 4, NULL, 0.00, 0.00, 0.00, 0, '2015-08-12 02:15:02', '2015-08-12 02:15:02', '2015-08-12 02:15:02', NULL),
	(19, 20, 'composure', 5, NULL, 0.00, 0.00, 0.00, 0, '2015-08-12 02:15:02', '2015-08-12 02:15:02', '2015-08-12 02:15:02', NULL),
	(20, 21, 'regularity', 5, NULL, 0.00, 0.00, 0.00, 0, '2015-08-12 02:15:02', '2015-08-12 02:15:02', '2015-08-12 02:15:02', NULL),
	(21, 22, 'dictate_rhytm', 4, NULL, 0.00, 0.00, 0.00, 0, '2015-08-12 02:15:02', '2015-08-12 02:15:02', '2015-08-12 02:15:02', NULL),
	(22, 23, 'on_tarmac', 4, NULL, 0.00, 0.00, 0.00, 0, '2015-08-12 02:15:02', '2015-08-12 02:15:02', '2015-08-12 02:15:02', NULL),
	(23, 24, 'diction', 4, NULL, 0.00, 0.00, 0.00, 0, '2015-08-12 02:15:02', '2015-08-12 02:15:02', '2015-08-12 02:15:02', NULL),
	(24, 5, 'reflex', 4, NULL, 0.00, 0.00, 0.00, 0, '2015-08-13 02:15:01', '2015-08-13 02:15:01', '2015-08-13 02:15:01', NULL),
	(25, 6, 'diction', 7, NULL, 0.00, 0.00, 0.00, 0, '2015-08-13 02:15:02', '2015-08-13 02:15:02', '2015-08-13 02:15:02', NULL),
	(26, 31, 'on_tarmac', 4, NULL, 0.00, 0.00, 0.00, 0, '2015-08-13 02:15:02', '2015-08-13 02:15:02', '2015-08-13 02:15:02', NULL),
	(27, 28, 'dictate_rhytm', 5, NULL, 0.00, 0.00, 0.00, 0, '2015-08-13 02:15:02', '2015-08-13 02:15:02', '2015-08-13 02:15:02', NULL),
	(28, 1, 'composure', 4, NULL, 0.00, 0.00, 0.00, 0, '2015-08-13 02:15:02', '2015-08-13 02:15:02', '2015-08-13 02:15:02', NULL),
	(29, 2, 'diction', 4, NULL, 0.00, 0.00, 0.00, 0, '2015-08-13 02:15:02', '2015-08-13 02:15:02', '2015-08-13 02:15:02', NULL),
	(30, 3, 'reflex', 4, NULL, 0.00, 0.00, 0.00, 0, '2015-08-13 02:15:02', '2015-08-13 02:15:02', '2015-08-13 02:15:02', NULL),
	(31, 7, 'regularity', 5, NULL, 0.00, 0.00, 0.00, 0, '2015-08-13 02:15:02', '2015-08-13 02:15:02', '2015-08-13 02:15:02', NULL),
	(32, 8, 'composure', 6, NULL, 0.00, 0.00, 0.00, 0, '2015-08-13 02:15:02', '2015-08-13 02:15:02', '2015-08-13 02:15:02', NULL),
	(33, 9, 'on_snow', 4, NULL, 0.00, 0.00, 0.00, 0, '2015-08-13 02:15:02', '2015-08-13 02:15:02', '2015-08-13 02:15:02', NULL),
	(34, 10, 'composure', 5, NULL, 0.00, 0.00, 0.00, 0, '2015-08-13 02:15:02', '2015-08-13 02:15:02', '2015-08-13 02:15:02', NULL),
	(35, 11, 'in_rain', 4, NULL, 0.00, 0.00, 0.00, 0, '2015-08-13 02:15:02', '2015-08-13 02:15:02', '2015-08-13 02:15:02', NULL),
	(36, 12, 'composure', 4, NULL, 0.00, 0.00, 0.00, 0, '2015-08-13 02:15:02', '2015-08-13 02:15:02', '2015-08-13 02:15:02', NULL),
	(37, 14, 'route_description', 6, NULL, 0.00, 0.00, 0.00, 0, '2015-08-13 02:15:02', '2015-08-13 02:15:02', '2015-08-13 02:15:02', NULL),
	(38, 15, 'speed', 6, NULL, 0.00, 0.00, 0.00, 0, '2015-08-13 02:15:02', '2015-08-13 02:15:02', '2015-08-13 02:15:02', NULL),
	(39, 16, 'diction', 7, NULL, 0.00, 0.00, 0.00, 0, '2015-08-13 02:15:02', '2015-08-13 02:15:02', '2015-08-13 02:15:02', NULL),
	(40, 18, 'route_description', 5, NULL, 0.00, 0.00, 0.00, 0, '2015-08-13 02:15:02', '2015-08-13 02:15:02', '2015-08-13 02:15:02', NULL),
	(41, 19, 'speed', 4, NULL, 0.00, 0.00, 0.00, 0, '2015-08-13 02:15:02', '2015-08-13 02:15:02', '2015-08-13 02:15:02', NULL),
	(42, 20, 'composure', 5, NULL, 0.00, 0.00, 0.00, 0, '2015-08-13 02:15:02', '2015-08-13 02:15:02', '2015-08-13 02:15:02', NULL),
	(43, 21, 'regularity', 5, NULL, 0.00, 0.00, 0.00, 0, '2015-08-13 02:15:02', '2015-08-13 02:15:02', '2015-08-13 02:15:02', NULL),
	(44, 22, 'dictate_rhytm', 4, NULL, 0.00, 0.00, 0.00, 0, '2015-08-13 02:15:02', '2015-08-13 02:15:02', '2015-08-13 02:15:02', NULL),
	(45, 23, 'on_tarmac', 4, NULL, 0.00, 0.00, 0.00, 0, '2015-08-13 02:15:02', '2015-08-13 02:15:02', '2015-08-13 02:15:02', NULL),
	(46, 24, 'diction', 4, NULL, 0.00, 0.00, 0.00, 0, '2015-08-13 02:15:02', '2015-08-13 02:15:02', '2015-08-13 02:15:02', NULL),
	(47, 5, 'reflex', 4, NULL, 461.10, 126.80, 126.80, 0, '2015-08-15 02:15:01', '2015-08-15 02:15:01', '2015-08-15 02:15:01', NULL),
	(48, 6, 'diction', 7, NULL, 461.10, 345.83, 345.83, 0, '2015-08-15 02:15:01', '2015-08-15 02:15:01', '2015-08-15 02:15:01', NULL),
	(49, 31, 'on_tarmac', 4, NULL, 461.10, 0.00, 0.00, 0, '2015-08-15 02:15:01', '2015-08-15 02:15:01', '2015-08-15 02:15:01', NULL),
	(50, 28, 'dictate_rhytm', 5, NULL, 461.10, 375.80, 375.80, 0, '2015-08-15 02:15:01', '2015-08-15 02:15:01', '2015-08-15 02:15:01', NULL),
	(51, 1, 'composure', 4, NULL, 58.84, 39.42, 39.42, 0, '2015-08-15 02:15:02', '2015-08-15 02:15:02', '2015-08-15 02:15:02', NULL),
	(52, 2, 'diction', 4, NULL, 58.84, 18.24, 18.24, 0, '2015-08-15 02:15:02', '2015-08-15 02:15:02', '2015-08-15 02:15:02', NULL),
	(53, 3, 'reflex', 4, NULL, 461.10, 184.44, 184.44, 0, '2015-08-15 02:15:02', '2015-08-15 02:15:02', '2015-08-15 02:15:02', NULL),
	(54, 4, 'composure', 8, NULL, 0.00, 0.00, 0.00, 0, '2015-08-15 02:15:02', '2015-08-15 02:15:02', '2015-08-15 02:15:02', NULL),
	(55, 7, 'regularity', 5, NULL, 461.10, 115.28, 115.28, 0, '2015-08-15 02:15:02', '2015-08-15 02:15:02', '2015-08-15 02:15:02', NULL),
	(56, 8, 'composure', 6, NULL, 461.10, 295.10, 295.10, 0, '2015-08-15 02:15:02', '2015-08-15 02:15:02', '2015-08-15 02:15:02', NULL),
	(57, 9, 'on_snow', 4, NULL, 461.10, 0.00, 0.00, 0, '2015-08-15 02:15:02', '2015-08-15 02:15:02', '2015-08-15 02:15:02', NULL),
	(58, 10, 'composure', 5, NULL, 461.10, 361.96, 361.96, 0, '2015-08-15 02:15:02', '2015-08-15 02:15:02', '2015-08-15 02:15:02', NULL),
	(59, 11, 'in_rain', 4, NULL, 157.56, 0.00, 0.00, 0, '2015-08-15 02:15:02', '2015-08-15 02:15:02', '2015-08-15 02:15:02', NULL),
	(60, 12, 'composure', 4, NULL, 157.56, 59.09, 59.09, 0, '2015-08-15 02:15:02', '2015-08-15 02:15:02', '2015-08-15 02:15:02', NULL),
	(61, 13, 'speed', 7, NULL, 0.00, 0.00, 0.00, 0, '2015-08-15 02:15:02', '2015-08-15 02:15:02', '2015-08-15 02:15:02', NULL),
	(62, 14, 'route_description', 6, NULL, 461.10, 198.27, 198.27, 0, '2015-08-15 02:15:02', '2015-08-15 02:15:02', '2015-08-15 02:15:02', NULL),
	(63, 15, 'speed', 6, NULL, 461.10, 315.85, 315.85, 0, '2015-08-15 02:15:02', '2015-08-15 02:15:02', '2015-08-15 02:15:02', NULL),
	(64, 16, 'diction', 7, NULL, 461.10, 338.91, 338.91, 0, '2015-08-15 02:15:02', '2015-08-15 02:15:02', '2015-08-15 02:15:02', NULL),
	(65, 17, 'on_tarmac', 7, NULL, 0.00, 0.00, 0.00, 0, '2015-08-15 02:15:02', '2015-08-15 02:15:02', '2015-08-15 02:15:02', NULL),
	(66, 18, 'route_description', 5, NULL, 461.10, 223.63, 223.63, 0, '2015-08-15 02:15:02', '2015-08-15 02:15:02', '2015-08-15 02:15:02', NULL),
	(67, 19, 'speed', 4, NULL, 461.10, 138.33, 138.33, 0, '2015-08-15 02:15:02', '2015-08-15 02:15:02', '2015-08-15 02:15:02', NULL),
	(68, 20, 'composure', 5, NULL, 461.10, 299.72, 299.72, 0, '2015-08-15 02:15:02', '2015-08-15 02:15:02', '2015-08-15 02:15:02', NULL),
	(69, 21, 'regularity', 5, NULL, 461.10, 278.97, 278.97, 0, '2015-08-15 02:15:02', '2015-08-15 02:15:02', '2015-08-15 02:15:02', NULL),
	(70, 22, 'dictate_rhytm', 4, NULL, 461.10, 378.10, 378.10, 0, '2015-08-15 02:15:02', '2015-08-15 02:15:02', '2015-08-15 02:15:02', NULL),
	(71, 23, 'on_tarmac', 4, NULL, 461.10, 0.00, 0.00, 0, '2015-08-15 02:15:02', '2015-08-15 02:15:02', '2015-08-15 02:15:02', NULL),
	(72, 24, 'diction', 4, NULL, 461.10, 269.74, 269.74, 0, '2015-08-15 02:15:02', '2015-08-15 02:15:02', '2015-08-15 02:15:02', NULL),
	(73, 5, 'reflex', 4, NULL, 494.20, 135.91, 262.71, 0, '2015-08-16 02:15:00', '2015-08-16 02:15:00', '2015-08-16 02:15:00', NULL),
	(74, 6, 'diction', 7, NULL, 494.20, 370.65, 716.48, 0, '2015-08-16 02:15:00', '2015-08-16 02:15:00', '2015-08-16 02:15:00', NULL),
	(75, 31, 'on_tarmac', 4, NULL, 494.20, 49.37, 49.37, 0, '2015-08-16 02:15:00', '2015-08-16 02:15:00', '2015-08-16 02:15:00', NULL),
	(76, 28, 'dictate_rhytm', 5, NULL, 494.20, 402.77, 778.57, 0, '2015-08-16 02:15:00', '2015-08-16 02:15:00', '2015-08-16 02:15:00', NULL),
	(77, 1, 'composure', 4, NULL, 494.20, 331.11, 370.53, 0, '2015-08-16 02:15:00', '2015-08-16 02:15:00', '2015-08-16 02:15:00', NULL),
	(78, 2, 'diction', 4, NULL, 494.20, 153.20, 171.44, 0, '2015-08-16 02:15:00', '2015-08-16 02:15:00', '2015-08-16 02:15:00', NULL),
	(79, 3, 'reflex', 4, NULL, 494.20, 197.68, 382.12, 0, '2015-08-16 02:15:00', '2015-08-16 02:15:00', '2015-08-16 02:15:00', NULL),
	(80, 4, 'composure', 8, NULL, 0.00, 0.00, 0.00, 0, '2015-08-16 02:15:00', '2015-08-16 02:15:00', '2015-08-16 02:15:01', NULL),
	(81, 7, 'regularity', 5, NULL, 80.16, 20.04, 135.32, 0, '2015-08-16 02:15:01', '2015-08-16 02:15:01', '2015-08-16 02:15:01', NULL),
	(82, 8, 'composure', 6, NULL, 80.16, 51.30, 346.40, 0, '2015-08-16 02:15:01', '2015-08-16 02:15:01', '2015-08-16 02:15:01', NULL),
	(83, 9, 'on_snow', 4, NULL, 494.20, 0.00, 0.00, 0, '2015-08-16 02:15:01', '2015-08-16 02:15:01', '2015-08-16 02:15:01', NULL),
	(84, 10, 'composure', 5, NULL, 494.20, 387.95, 749.91, 0, '2015-08-16 02:15:01', '2015-08-16 02:15:01', '2015-08-16 02:15:01', NULL),
	(85, 11, 'in_rain', 4, NULL, 494.20, 13.59, 13.59, 0, '2015-08-16 02:15:01', '2015-08-16 02:15:01', '2015-08-16 02:15:01', NULL),
	(86, 12, 'composure', 4, NULL, 494.20, 185.33, 244.42, 0, '2015-08-16 02:15:01', '2015-08-16 02:15:01', '2015-08-16 02:15:01', NULL),
	(87, 13, 'speed', 7, NULL, 0.00, 0.00, 0.00, 0, '2015-08-16 02:15:01', '2015-08-16 02:15:01', '2015-08-16 02:15:01', NULL),
	(88, 14, 'route_description', 6, NULL, 494.20, 212.51, 410.78, 0, '2015-08-16 02:15:01', '2015-08-16 02:15:01', '2015-08-16 02:15:01', NULL),
	(89, 15, 'speed', 6, NULL, 494.20, 338.53, 654.38, 0, '2015-08-16 02:15:01', '2015-08-16 02:15:01', '2015-08-16 02:15:01', NULL),
	(90, 16, 'diction', 7, NULL, 494.20, 363.24, 702.15, 0, '2015-08-16 02:15:01', '2015-08-16 02:15:01', '2015-08-16 02:15:01', NULL),
	(91, 17, 'on_tarmac', 7, NULL, 0.00, 0.00, 0.00, 0, '2015-08-16 02:15:01', '2015-08-16 02:15:01', '2015-08-16 02:15:01', NULL),
	(92, 18, 'route_description', 5, NULL, 494.20, 239.69, 463.32, 0, '2015-08-16 02:15:01', '2015-08-16 02:15:01', '2015-08-16 02:15:01', NULL),
	(93, 19, 'speed', 4, NULL, 494.20, 148.26, 286.59, 0, '2015-08-16 02:15:01', '2015-08-16 02:15:01', '2015-08-16 02:15:01', NULL),
	(94, 20, 'composure', 5, NULL, 494.20, 321.23, 620.95, 0, '2015-08-16 02:15:01', '2015-08-16 02:15:01', '2015-08-16 02:15:01', NULL),
	(95, 21, 'regularity', 5, NULL, 494.20, 298.99, 577.96, 0, '2015-08-16 02:15:01', '2015-08-16 02:15:01', '2015-08-16 02:15:01', NULL),
	(96, 22, 'dictate_rhytm', 4, NULL, 494.20, 405.24, 783.34, 0, '2015-08-16 02:15:01', '2015-08-16 02:15:01', '2015-08-16 02:15:01', NULL),
	(97, 23, 'on_tarmac', 4, NULL, 51.52, 10.15, 10.15, 0, '2015-08-16 02:15:01', '2015-08-16 02:15:01', '2015-08-16 02:15:01', NULL),
	(98, 24, 'diction', 4, NULL, 51.52, 30.14, 299.88, 0, '2015-08-16 02:15:01', '2015-08-16 02:15:01', '2015-08-16 02:15:01', NULL),
	(99, 29, 'speed', 4, NULL, 0.00, 0.00, 0.00, 0, '2015-08-22 02:15:01', '2015-08-22 02:15:01', '2015-08-22 02:15:01', NULL),
	(100, 30, 'diction', 5, NULL, 0.00, 0.00, 0.00, 0, '2015-08-22 02:15:01', '2015-08-22 02:15:01', '2015-08-22 02:15:01', NULL),
	(101, 25, 'on_tarmac', 6, NULL, 0.00, 0.00, 0.00, 0, '2015-08-22 02:15:01', '2015-08-22 02:15:01', '2015-08-22 02:15:01', NULL),
	(102, 26, 'dictate_rhytm', 6, NULL, 0.00, 0.00, 0.00, 0, '2015-08-22 02:15:01', '2015-08-22 02:15:01', '2015-08-22 02:15:01', NULL),
	(103, 23, 'on_tarmac', 4, NULL, 0.00, 0.00, 10.15, 0, '2015-08-22 02:15:01', '2015-08-22 02:15:01', '2015-08-22 02:15:01', NULL),
	(104, 24, 'diction', 4, NULL, 0.00, 0.00, 299.88, 0, '2015-08-22 02:15:01', '2015-08-22 02:15:01', '2015-08-22 02:15:01', NULL),
	(105, 21, 'regularity', 5, NULL, 0.00, 0.00, 577.96, 0, '2015-08-22 02:15:01', '2015-08-22 02:15:01', '2015-08-22 02:15:01', NULL),
	(106, 22, 'dictate_rhytm', 4, NULL, 0.00, 0.00, 783.34, 0, '2015-08-22 02:15:02', '2015-08-22 02:15:02', '2015-08-22 02:15:02', NULL),
	(107, 19, 'speed', 4, NULL, 0.00, 0.00, 286.59, 0, '2015-08-22 02:15:02', '2015-08-22 02:15:02', '2015-08-22 02:15:02', NULL),
	(108, 20, 'composure', 5, NULL, 0.00, 0.00, 620.95, 0, '2015-08-22 02:15:02', '2015-08-22 02:15:02', '2015-08-22 02:15:02', NULL),
	(109, 15, 'speed', 6, NULL, 0.00, 0.00, 654.38, 0, '2015-08-22 02:15:02', '2015-08-22 02:15:02', '2015-08-22 02:15:02', NULL),
	(110, 16, 'diction', 7, NULL, 0.00, 0.00, 702.15, 0, '2015-08-22 02:15:02', '2015-08-22 02:15:02', '2015-08-22 02:15:02', NULL),
	(111, 13, 'speed', 7, NULL, 0.00, 0.00, 0.00, 0, '2015-08-22 02:15:02', '2015-08-22 02:15:02', '2015-08-22 02:15:02', NULL),
	(112, 14, 'route_description', 6, NULL, 0.00, 0.00, 410.78, 0, '2015-08-22 02:15:02', '2015-08-22 02:15:02', '2015-08-22 02:15:02', NULL),
	(113, 11, 'in_rain', 4, NULL, 0.00, 0.00, 13.59, 0, '2015-08-22 02:15:02', '2015-08-22 02:15:02', '2015-08-22 02:15:02', NULL),
	(114, 12, 'composure', 4, NULL, 0.00, 0.00, 244.42, 0, '2015-08-22 02:15:02', '2015-08-22 02:15:02', '2015-08-22 02:15:02', NULL),
	(115, 7, 'regularity', 5, NULL, 0.00, 0.00, 135.32, 0, '2015-08-22 02:15:02', '2015-08-22 02:15:02', '2015-08-22 02:15:02', NULL),
	(116, 8, 'composure', 6, NULL, 0.00, 0.00, 346.40, 0, '2015-08-22 02:15:02', '2015-08-22 02:15:02', '2015-08-22 02:15:02', NULL),
	(117, 3, 'reflex', 4, NULL, 0.00, 0.00, 382.12, 0, '2015-08-22 02:15:02', '2015-08-22 02:15:02', '2015-08-22 02:15:02', NULL),
	(118, 4, 'composure', 8, NULL, 0.00, 0.00, 0.00, 0, '2015-08-22 02:15:02', '2015-08-22 02:15:02', '2015-08-22 02:15:02', NULL),
	(119, 1, 'composure', 4, NULL, 0.00, 0.00, 370.53, 0, '2015-08-22 02:15:02', '2015-08-22 02:15:02', '2015-08-22 02:15:02', NULL),
	(120, 2, 'diction', 4, NULL, 0.00, 0.00, 171.44, 0, '2015-08-22 02:15:02', '2015-08-22 02:15:02', '2015-08-22 02:15:02', NULL),
	(121, 17, 'on_tarmac', 7, NULL, 0.00, 0.00, 0.00, 0, '2015-08-22 02:15:02', '2015-08-22 02:15:02', '2015-08-22 02:15:02', NULL),
	(122, 28, 'dictate_rhytm', 5, NULL, 0.00, 0.00, 778.57, 0, '2015-08-22 02:15:02', '2015-08-22 02:15:02', '2015-08-22 02:15:02', NULL),
	(123, 5, 'reflex', 4, NULL, 0.00, 0.00, 262.71, 0, '2015-08-22 02:15:02', '2015-08-22 02:15:02', '2015-08-22 02:15:02', NULL),
	(124, 6, 'diction', 7, NULL, 0.00, 0.00, 716.48, 0, '2015-08-22 02:15:02', '2015-08-22 02:15:02', '2015-08-22 02:15:02', NULL),
	(125, 29, 'speed', 4, NULL, 392.14, 137.25, 137.25, 0, '2015-08-23 02:15:01', '2015-08-23 02:15:01', '2015-08-23 02:15:01', NULL),
	(126, 30, 'diction', 5, NULL, 392.14, 337.24, 337.24, 0, '2015-08-23 02:15:01', '2015-08-23 02:15:01', '2015-08-23 02:15:01', NULL),
	(127, 23, 'on_tarmac', 4, NULL, 392.14, 286.26, 296.41, 0, '2015-08-23 02:15:01', '2015-08-23 02:15:01', '2015-08-23 02:15:01', NULL),
	(128, 24, 'diction', 4, NULL, 392.14, 229.40, 529.28, 0, '2015-08-23 02:15:01', '2015-08-23 02:15:01', '2015-08-23 02:15:01', NULL),
	(129, 19, 'speed', 4, NULL, 392.14, 117.64, 404.23, 0, '2015-08-23 02:15:01', '2015-08-23 02:15:01', '2015-08-23 02:15:01', NULL),
	(130, 20, 'composure', 5, NULL, 392.14, 254.89, 875.84, 0, '2015-08-23 02:15:01', '2015-08-23 02:15:01', '2015-08-23 02:15:01', NULL),
	(131, 15, 'speed', 6, NULL, 392.14, 268.62, 923.00, 0, '2015-08-23 02:15:01', '2015-08-23 02:15:01', '2015-08-23 02:15:01', NULL),
	(132, 16, 'diction', 7, NULL, 392.14, 288.22, 990.37, 0, '2015-08-23 02:15:01', '2015-08-23 02:15:01', '2015-08-23 02:15:01', NULL),
	(133, 13, 'speed', 7, NULL, 0.00, 0.00, 0.00, 0, '2015-08-23 02:15:02', '2015-08-23 02:15:02', '2015-08-23 02:15:02', NULL),
	(134, 14, 'route_description', 6, NULL, 392.14, 168.62, 579.40, 0, '2015-08-23 02:15:02', '2015-08-23 02:15:02', '2015-08-23 02:15:02', NULL),
	(135, 7, 'regularity', 5, NULL, 392.14, 98.04, 233.36, 0, '2015-08-23 02:15:02', '2015-08-23 02:15:02', '2015-08-23 02:15:02', NULL),
	(136, 8, 'composure', 6, NULL, 392.14, 250.97, 597.37, 0, '2015-08-23 02:15:02', '2015-08-23 02:15:02', '2015-08-23 02:15:02', NULL),
	(137, 3, 'reflex', 4, NULL, 392.14, 156.86, 538.98, 0, '2015-08-23 02:15:02', '2015-08-23 02:15:02', '2015-08-23 02:15:02', NULL),
	(138, 4, 'composure', 8, NULL, 0.00, 0.00, 0.00, 0, '2015-08-23 02:15:02', '2015-08-23 02:15:02', '2015-08-23 02:15:02', NULL),
	(139, 1, 'composure', 4, NULL, 392.14, 262.73, 633.26, 0, '2015-08-23 02:15:02', '2015-08-23 02:15:02', '2015-08-23 02:15:02', NULL),
	(140, 2, 'diction', 4, NULL, 392.14, 121.56, 293.00, 0, '2015-08-23 02:15:02', '2015-08-23 02:15:02', '2015-08-23 02:15:02', NULL),
	(141, 17, 'on_tarmac', 7, NULL, 0.00, 0.00, 0.00, 0, '2015-08-23 02:15:02', '2015-08-23 02:15:02', '2015-08-23 02:15:02', NULL),
	(142, 28, 'dictate_rhytm', 5, NULL, 2.00, 1.63, 780.20, 0, '2015-08-23 02:15:02', '2015-08-23 02:15:02', '2015-08-23 02:15:02', NULL),
	(143, 5, 'reflex', 4, NULL, 392.14, 107.84, 370.55, 0, '2015-08-23 02:15:02', '2015-08-23 02:15:02', '2015-08-23 02:15:02', NULL),
	(144, 6, 'diction', 7, NULL, 392.14, 294.11, 1010.59, 0, '2015-08-23 02:15:02', '2015-08-23 02:15:02', '2015-08-23 02:15:02', NULL);
/*!40000 ALTER TABLE `people_training` ENABLE KEYS */;


-- Zrzut struktury tabela ral.people_training_factor
DROP TABLE IF EXISTS `people_training_factor`;
CREATE TABLE IF NOT EXISTS `people_training_factor` (
  `people_id` int(11) NOT NULL AUTO_INCREMENT,
  `composure` decimal(10,2) DEFAULT NULL,
  `speed` decimal(10,2) DEFAULT NULL,
  `regularity` decimal(10,2) DEFAULT NULL,
  `reflex` decimal(10,2) DEFAULT NULL,
  `on_gravel` decimal(10,2) DEFAULT NULL,
  `on_tarmac` decimal(10,2) DEFAULT NULL,
  `on_snow` decimal(10,2) DEFAULT NULL,
  `in_rain` decimal(10,2) DEFAULT NULL,
  `dictate_rhytm` decimal(10,2) DEFAULT NULL,
  `diction` decimal(10,2) DEFAULT NULL,
  `route_description` decimal(10,2) DEFAULT NULL,
  `intelligence` decimal(10,2) DEFAULT NULL,
  `composure_max` bigint(20) DEFAULT NULL,
  `speed_max` bigint(20) DEFAULT NULL,
  `regularity_max` bigint(20) DEFAULT NULL,
  `reflex_max` bigint(20) DEFAULT NULL,
  `on_gravel_max` bigint(20) DEFAULT NULL,
  `on_tarmac_max` bigint(20) DEFAULT NULL,
  `on_snow_max` bigint(20) DEFAULT NULL,
  `in_rain_max` bigint(20) DEFAULT NULL,
  `dictate_rhytm_max` bigint(20) DEFAULT NULL,
  `diction_max` bigint(20) DEFAULT NULL,
  `route_description_max` bigint(20) DEFAULT NULL,
  `intelligence_max` bigint(20) DEFAULT NULL,
  `last_season_value_id` bigint(20) NOT NULL DEFAULT '0',
  `created_at` datetime DEFAULT NULL,
  `updated_at` datetime DEFAULT NULL,
  `deleted_at` datetime DEFAULT NULL,
  PRIMARY KEY (`people_id`)
) ENGINE=MyISAM AUTO_INCREMENT=403 DEFAULT CHARSET=utf8 COMMENT='insert into people_training_factor values \r\n(42,\r\nFORMAT((RAND() * (1.5))+0.5,2),\r\nFORMAT((RAND() * (1.5))+0.5,2),\r\nFORMAT((RAND() * (1.5))+0.5,2),\r\nFORMAT((RAND() * (1.5))+0.5,2),\r\nFORMAT((RAND() * (1.5))+0.5,2),\r\nFORMAT((RAND() * (1.5))+0.5,2),\r\nFORMAT((RAND() * (1.5))+0.5,2),\r\nFORMAT((RAND() * (1.5))+0.5,2),\r\nFORMAT((RAND() * (1.5))+0.5,2),\r\nFORMAT((RAND() * (1.5))+0.5,2),\r\nFORMAT((RAND() * (1.5))+0.5,2),\r\nFORMAT((RAND() * (1.5))+0.5,2),\r\nFLOOR((RAND() * (4))+6),\r\nFLOOR((RAND() * (4))+6),\r\nFLOOR((RAND() * (4))+6),\r\nFLOOR((RAND() * (4))+6),\r\nFLOOR((RAND() * (4))+6),\r\nFLOOR((RAND() * (4))+6),\r\nFLOOR((RAND() * (4))+6),\r\nFLOOR((RAND() * (4))+6),\r\nFLOOR((RAND() * (4))+6),\r\nFLOOR((RAND() * (4))+6),\r\nFLOOR((RAND() * (4))+6),\r\nFLOOR((RAND() * (4))+6),\r\nNOW(),\r\nNOW(),\r\nnull\r\n\r\n);';

-- Zrzucanie danych dla tabeli ral.people_training_factor: 156 rows
DELETE FROM `people_training_factor`;
/*!40000 ALTER TABLE `people_training_factor` DISABLE KEYS */;
INSERT INTO `people_training_factor` (`people_id`, `composure`, `speed`, `regularity`, `reflex`, `on_gravel`, `on_tarmac`, `on_snow`, `in_rain`, `dictate_rhytm`, `diction`, `route_description`, `intelligence`, `composure_max`, `speed_max`, `regularity_max`, `reflex_max`, `on_gravel_max`, `on_tarmac_max`, `on_snow_max`, `in_rain_max`, `dictate_rhytm_max`, `diction_max`, `route_description_max`, `intelligence_max`, `last_season_value_id`, `created_at`, `updated_at`, `deleted_at`) VALUES
	(1, 1.34, 0.50, 1.19, 0.56, 0.50, 1.50, 0.50, 0.51, NULL, NULL, NULL, NULL, 8, 8, 8, 7, 8, 8, 7, 8, NULL, NULL, NULL, NULL, 0, '2015-08-04 16:27:18', '2015-08-04 16:27:18', NULL),
	(2, 1.63, NULL, NULL, NULL, NULL, NULL, NULL, NULL, 1.31, 0.62, 0.81, NULL, 7, NULL, NULL, NULL, NULL, NULL, NULL, NULL, 7, 8, 7, NULL, 0, '2015-08-04 16:27:18', '2015-08-04 16:27:18', NULL),
	(3, 1.15, 0.96, 0.95, 0.80, 0.90, 0.73, 1.31, 1.46, NULL, NULL, NULL, NULL, 8, 9, 8, 9, 8, 9, 9, 9, NULL, NULL, NULL, NULL, 0, '2015-08-04 16:27:18', '2015-08-04 16:27:18', NULL),
	(4, 1.31, NULL, NULL, NULL, NULL, NULL, NULL, NULL, 1.53, 0.90, 0.55, NULL, 7, NULL, NULL, NULL, NULL, NULL, NULL, NULL, 7, 8, 7, NULL, 0, '2015-08-04 16:27:18', '2015-08-04 16:27:18', NULL),
	(5, 0.97, 1.27, 0.50, 0.55, 1.05, 0.50, 0.53, 0.50, NULL, NULL, NULL, NULL, 7, 7, 7, 7, 7, 8, 8, 7, NULL, NULL, NULL, NULL, 0, '2015-08-04 16:27:18', '2015-08-04 16:27:18', NULL),
	(6, 0.69, NULL, NULL, NULL, NULL, NULL, NULL, NULL, 1.15, 1.50, 1.53, NULL, 7, NULL, NULL, NULL, NULL, NULL, NULL, NULL, 7, 8, 8, NULL, 0, '2015-08-04 16:27:18', '2015-08-04 16:27:18', NULL),
	(7, 0.50, 1.33, 0.50, 0.50, 0.85, 0.50, 0.65, 1.06, NULL, NULL, NULL, NULL, 7, 8, 7, 7, 7, 7, 7, 8, NULL, NULL, NULL, NULL, 0, '2015-08-04 16:27:18', '2015-08-04 16:27:18', NULL),
	(8, 1.28, NULL, NULL, NULL, NULL, NULL, NULL, NULL, 1.34, 0.78, 0.94, NULL, 7, NULL, NULL, NULL, NULL, NULL, NULL, NULL, 8, 7, 7, NULL, 0, '2015-08-04 16:27:18', '2015-08-04 16:27:18', NULL),
	(9, 0.50, 0.81, 0.50, 1.48, 0.66, 0.95, 0.50, 0.50, NULL, NULL, NULL, NULL, 7, 7, 8, 7, 7, 8, 7, 7, NULL, NULL, NULL, NULL, 0, '2015-08-04 16:27:18', '2015-08-04 16:27:18', NULL),
	(10, 1.57, NULL, NULL, NULL, NULL, NULL, NULL, NULL, 1.43, 1.48, 0.74, NULL, 9, NULL, NULL, NULL, NULL, NULL, NULL, NULL, 8, 8, 8, NULL, 0, '2015-08-04 16:27:18', '2015-08-04 16:27:18', NULL),
	(11, 0.50, 1.33, 0.62, 1.04, 1.35, 0.71, 0.50, 0.50, NULL, NULL, NULL, NULL, 8, 7, 8, 8, 8, 7, 8, 8, NULL, NULL, NULL, NULL, 0, '2015-08-04 16:27:18', '2015-08-04 16:27:18', NULL),
	(12, 0.75, NULL, NULL, NULL, NULL, NULL, NULL, NULL, 1.02, 1.12, 1.44, NULL, 8, NULL, NULL, NULL, NULL, NULL, NULL, NULL, 7, 7, 7, NULL, 0, '2015-08-04 16:27:18', '2015-08-04 16:27:18', NULL),
	(13, 1.15, 0.50, 0.50, 0.50, 1.48, 0.62, 0.56, 0.50, NULL, NULL, NULL, NULL, 7, 7, 8, 7, 7, 7, 7, 8, NULL, NULL, NULL, NULL, 0, '2015-08-04 16:27:18', '2015-08-04 16:27:18', NULL),
	(14, 1.24, NULL, NULL, NULL, NULL, NULL, NULL, NULL, 1.00, 1.18, 0.86, NULL, 7, NULL, NULL, NULL, NULL, NULL, NULL, NULL, 7, 7, 8, NULL, 0, '2015-08-04 16:27:18', '2015-08-04 16:27:18', NULL),
	(15, 0.50, 1.37, 1.17, 0.54, 0.60, 0.73, 1.17, 0.50, NULL, NULL, NULL, NULL, 8, 7, 8, 8, 7, 8, 8, 8, NULL, NULL, NULL, NULL, 0, '2015-08-04 16:27:19', '2015-08-04 16:27:19', NULL),
	(16, 1.60, NULL, NULL, NULL, NULL, NULL, NULL, NULL, 0.92, 1.47, 0.89, NULL, 7, NULL, NULL, NULL, NULL, NULL, NULL, NULL, 7, 8, 8, NULL, 0, '2015-08-04 16:27:19', '2015-08-04 16:27:19', NULL),
	(17, 1.22, 0.50, 0.50, 0.80, 1.27, 0.50, 0.50, 0.52, NULL, NULL, NULL, NULL, 7, 7, 7, 8, 7, 7, 8, 7, NULL, NULL, NULL, NULL, 0, '2015-08-04 16:27:19', '2015-08-04 16:27:19', NULL),
	(18, 0.53, NULL, NULL, NULL, NULL, NULL, NULL, NULL, 1.12, 1.78, 0.97, NULL, 7, NULL, NULL, NULL, NULL, NULL, NULL, NULL, 8, 7, 7, NULL, 0, '2015-08-04 16:27:19', '2015-08-04 16:27:19', NULL),
	(19, 1.04, 0.60, 0.70, 0.69, 1.01, 0.69, 0.62, 0.50, NULL, NULL, NULL, NULL, 7, 8, 7, 7, 7, 7, 8, 7, NULL, NULL, NULL, NULL, 0, '2015-08-04 16:27:19', '2015-08-04 16:27:19', NULL),
	(20, 1.30, NULL, NULL, NULL, NULL, NULL, NULL, NULL, 0.96, 0.50, 1.47, NULL, 7, NULL, NULL, NULL, NULL, NULL, NULL, NULL, 7, 7, 8, NULL, 0, '2015-08-04 16:27:19', '2015-08-04 16:27:19', NULL),
	(21, 1.41, 0.76, 1.21, 1.07, 0.72, 0.95, 1.43, 1.33, NULL, NULL, NULL, NULL, 9, 9, 9, 10, 9, 9, 9, 9, NULL, NULL, NULL, NULL, 0, '2015-08-04 16:27:19', '2015-08-04 16:27:19', NULL),
	(22, 1.64, NULL, NULL, NULL, NULL, NULL, NULL, NULL, 1.64, 1.56, 0.96, NULL, 8, NULL, NULL, NULL, NULL, NULL, NULL, NULL, 8, 9, 8, NULL, 0, '2015-08-04 16:27:19', '2015-08-04 16:27:19', NULL),
	(23, 0.51, 0.58, 0.52, 1.12, 1.22, 1.46, 1.37, 0.50, NULL, NULL, NULL, NULL, 8, 8, 8, 8, 8, 8, 8, 9, NULL, NULL, NULL, NULL, 0, '2015-08-04 16:27:19', '2015-08-04 16:27:19', NULL),
	(24, 1.40, NULL, NULL, NULL, NULL, NULL, NULL, NULL, 1.32, 1.17, 0.84, NULL, 8, NULL, NULL, NULL, NULL, NULL, NULL, NULL, 7, 7, 8, NULL, 0, '2015-08-04 16:27:19', '2015-08-04 16:27:19', NULL),
	(25, 0.58, 1.51, 0.71, 0.81, 0.67, 0.66, 0.96, 0.64, NULL, NULL, NULL, NULL, 8, 7, 8, 8, 8, 7, 8, 8, NULL, NULL, NULL, NULL, 0, '2015-08-04 16:27:19', '2015-08-04 16:27:19', NULL),
	(26, 0.50, NULL, NULL, NULL, NULL, NULL, NULL, NULL, 0.96, 1.22, 1.53, NULL, 7, NULL, NULL, NULL, NULL, NULL, NULL, NULL, 8, 7, 7, NULL, 0, '2015-08-04 16:27:19', '2015-08-04 16:27:19', NULL),
	(27, 0.50, 1.14, 0.50, 0.57, 0.50, 0.50, 1.30, 0.86, NULL, NULL, NULL, NULL, 8, 7, 7, 7, 8, 7, 7, 7, NULL, NULL, NULL, NULL, 0, '2015-08-04 16:27:19', '2015-08-04 16:27:19', NULL),
	(28, 1.71, NULL, NULL, NULL, NULL, NULL, NULL, NULL, 1.63, 1.62, 0.79, NULL, 8, NULL, NULL, NULL, NULL, NULL, NULL, NULL, 9, 8, 8, NULL, 0, '2015-08-04 16:27:19', '2015-08-04 16:27:19', NULL),
	(29, 1.29, 0.70, 0.50, 0.86, 0.50, 0.71, 0.81, 0.52, NULL, NULL, NULL, NULL, 7, 7, 7, 8, 7, 7, 8, 7, NULL, NULL, NULL, NULL, 0, '2015-08-04 16:27:19', '2015-08-04 16:27:19', NULL),
	(30, 1.64, NULL, NULL, NULL, NULL, NULL, NULL, NULL, 0.58, 1.72, 0.83, NULL, 7, NULL, NULL, NULL, NULL, NULL, NULL, NULL, 7, 8, 8, NULL, 0, '2015-08-04 16:27:19', '2015-08-04 16:27:19', NULL),
	(31, 0.82, 0.50, 0.50, 0.50, 0.68, 0.74, 0.80, 1.28, NULL, NULL, NULL, NULL, 7, 7, 7, 7, 7, 8, 7, 8, NULL, NULL, NULL, NULL, 0, '2015-08-04 17:01:16', '2015-08-04 17:01:16', NULL),
	(32, 0.91, NULL, NULL, NULL, NULL, NULL, NULL, NULL, 0.81, 1.32, 1.24, NULL, 7, NULL, NULL, NULL, NULL, NULL, NULL, NULL, 7, 8, 7, NULL, 0, '2015-08-04 17:01:16', '2015-08-04 17:01:16', NULL),
	(33, 0.50, 1.29, 0.62, 0.54, 0.79, 0.52, 0.51, 1.11, NULL, NULL, NULL, NULL, 7, 7, 8, 7, 8, 7, 7, 7, NULL, NULL, NULL, NULL, 0, '2015-08-04 17:18:34', '2015-08-04 17:18:34', NULL),
	(34, 1.16, NULL, NULL, NULL, NULL, NULL, NULL, NULL, 0.83, 1.65, 1.15, NULL, 7, NULL, NULL, NULL, NULL, NULL, NULL, NULL, 8, 7, 8, NULL, 0, '2015-08-04 17:18:34', '2015-08-04 17:18:34', NULL),
	(35, 0.89, 0.97, 0.50, 0.73, 0.56, 0.62, 0.66, 0.93, NULL, NULL, NULL, NULL, 7, 7, 7, 8, 7, 8, 7, 7, NULL, NULL, NULL, NULL, 0, '2015-08-05 16:00:53', '2015-08-05 16:00:53', NULL),
	(36, 1.31, NULL, NULL, NULL, NULL, NULL, NULL, NULL, 0.89, 1.45, 0.65, NULL, 7, NULL, NULL, NULL, NULL, NULL, NULL, NULL, 7, 7, 8, NULL, 0, '2015-08-05 16:00:53', '2015-08-05 16:00:53', NULL),
	(283, 1.51, 0.90, 1.49, 0.50, 1.65, 0.61, 0.54, 1.64, NULL, NULL, NULL, NULL, 9, 9, 9, 9, 10, 9, 9, 9, NULL, NULL, NULL, NULL, 0, '2015-08-23 20:22:02', '2015-08-23 20:22:02', NULL),
	(284, 1.38, NULL, NULL, NULL, NULL, NULL, NULL, NULL, 1.32, 0.97, 0.65, NULL, 7, NULL, NULL, NULL, NULL, NULL, NULL, NULL, 8, 7, 7, NULL, 0, '2015-08-23 20:22:02', '2015-08-23 20:22:02', NULL),
	(285, 0.74, 0.50, 1.19, 0.50, 1.09, 0.50, 0.50, 0.85, NULL, NULL, NULL, NULL, 7, 8, 7, 7, 7, 8, 7, 7, NULL, NULL, NULL, NULL, 0, '2015-08-23 20:22:02', '2015-08-23 20:22:02', NULL),
	(286, 1.31, NULL, NULL, NULL, NULL, NULL, NULL, NULL, 1.00, 1.56, 1.39, NULL, 8, NULL, NULL, NULL, NULL, NULL, NULL, NULL, 8, 8, 9, NULL, 0, '2015-08-23 20:22:02', '2015-08-23 20:22:02', NULL),
	(287, 1.56, 0.50, 1.38, 1.53, 0.81, 1.14, 1.21, 0.71, NULL, NULL, NULL, NULL, 10, 9, 9, 9, 9, 9, 9, 9, NULL, NULL, NULL, NULL, 0, '2015-08-23 20:22:02', '2015-08-23 20:22:02', NULL),
	(288, 1.52, NULL, NULL, NULL, NULL, NULL, NULL, NULL, 1.25, 1.68, 0.90, NULL, 8, NULL, NULL, NULL, NULL, NULL, NULL, NULL, 9, 8, 8, NULL, 0, '2015-08-23 20:22:02', '2015-08-23 20:22:02', NULL),
	(289, 0.50, 1.18, 0.74, 0.50, 0.50, 0.82, 0.53, 1.11, NULL, NULL, NULL, NULL, 8, 7, 7, 7, 8, 7, 7, 7, NULL, NULL, NULL, NULL, 0, '2015-08-23 20:22:02', '2015-08-23 20:22:02', NULL),
	(290, 1.62, NULL, NULL, NULL, NULL, NULL, NULL, NULL, 1.95, 0.71, 0.50, NULL, 8, NULL, NULL, NULL, NULL, NULL, NULL, NULL, 7, 8, 7, NULL, 0, '2015-08-23 20:22:02', '2015-08-23 20:22:02', NULL),
	(291, 1.56, 0.55, 0.77, 0.79, 0.50, 0.66, 1.30, 1.15, NULL, NULL, NULL, NULL, 8, 8, 8, 8, 8, 8, 9, 8, NULL, NULL, NULL, NULL, 0, '2015-08-23 20:22:02', '2015-08-23 20:22:02', NULL),
	(292, 1.55, NULL, NULL, NULL, NULL, NULL, NULL, NULL, 0.51, 1.79, 0.97, NULL, 8, NULL, NULL, NULL, NULL, NULL, NULL, NULL, 7, 7, 8, NULL, 0, '2015-08-23 20:22:02', '2015-08-23 20:22:02', NULL),
	(293, 0.51, 1.22, 0.50, 1.34, 0.50, 0.77, 0.50, 0.50, NULL, NULL, NULL, NULL, 7, 7, 7, 8, 7, 7, 8, 7, NULL, NULL, NULL, NULL, 0, '2015-08-23 20:22:02', '2015-08-23 20:22:02', NULL),
	(294, 0.90, NULL, NULL, NULL, NULL, NULL, NULL, NULL, 1.46, 1.49, 1.40, NULL, 8, NULL, NULL, NULL, NULL, NULL, NULL, NULL, 9, 8, 8, NULL, 0, '2015-08-23 20:22:02', '2015-08-23 20:22:02', NULL),
	(295, 0.50, 1.02, 1.13, 0.50, 0.52, 0.50, 1.16, 0.50, NULL, NULL, NULL, NULL, 7, 7, 7, 8, 7, 8, 7, 7, NULL, NULL, NULL, NULL, 0, '2015-08-23 20:22:02', '2015-08-23 20:22:02', NULL),
	(296, 1.33, NULL, NULL, NULL, NULL, NULL, NULL, NULL, 1.20, 0.76, 0.99, NULL, 7, NULL, NULL, NULL, NULL, NULL, NULL, NULL, 8, 7, 7, NULL, 0, '2015-08-23 20:22:03', '2015-08-23 20:22:03', NULL),
	(297, 0.64, 0.50, 0.89, 1.03, 0.50, 0.50, 1.31, 0.50, NULL, NULL, NULL, NULL, 7, 7, 7, 7, 7, 7, 8, 8, NULL, NULL, NULL, NULL, 0, '2015-08-23 20:22:03', '2015-08-23 20:22:03', NULL),
	(298, 1.09, NULL, NULL, NULL, NULL, NULL, NULL, NULL, 0.83, 0.93, 1.49, NULL, 7, NULL, NULL, NULL, NULL, NULL, NULL, NULL, 8, 7, 7, NULL, 0, '2015-08-23 20:22:03', '2015-08-23 20:22:03', NULL),
	(299, 0.50, 1.57, 0.86, 1.43, 0.66, 1.59, 0.67, 0.85, NULL, NULL, NULL, NULL, 8, 9, 8, 9, 9, 9, 9, 8, NULL, NULL, NULL, NULL, 0, '2015-08-23 20:22:03', '2015-08-23 20:22:03', NULL),
	(300, 0.84, NULL, NULL, NULL, NULL, NULL, NULL, NULL, 1.56, 0.63, 1.22, NULL, 8, NULL, NULL, NULL, NULL, NULL, NULL, NULL, 7, 7, 7, NULL, 0, '2015-08-23 20:22:03', '2015-08-23 20:22:03', NULL),
	(301, 0.82, 1.21, 0.50, 0.90, 0.50, 0.62, 0.78, 0.50, NULL, NULL, NULL, NULL, 7, 7, 8, 7, 7, 8, 7, 7, NULL, NULL, NULL, NULL, 0, '2015-08-23 20:22:03', '2015-08-23 20:22:03', NULL),
	(302, 1.35, NULL, NULL, NULL, NULL, NULL, NULL, NULL, 0.86, 1.68, 1.35, NULL, 8, NULL, NULL, NULL, NULL, NULL, NULL, NULL, 9, 8, 8, NULL, 0, '2015-08-23 20:22:03', '2015-08-23 20:22:03', NULL),
	(303, 0.50, 0.92, 0.50, 1.31, 0.50, 0.85, 0.73, 0.50, NULL, NULL, NULL, NULL, 8, 7, 7, 7, 8, 7, 7, 7, NULL, NULL, NULL, NULL, 0, '2015-08-23 20:22:03', '2015-08-23 20:22:03', NULL),
	(304, 0.56, NULL, NULL, NULL, NULL, NULL, NULL, NULL, 1.65, 1.34, 1.16, NULL, 8, NULL, NULL, NULL, NULL, NULL, NULL, NULL, 7, 8, 7, NULL, 0, '2015-08-23 20:22:03', '2015-08-23 20:22:03', NULL),
	(305, 0.97, 1.16, 1.30, 0.50, 0.50, 0.50, 1.03, 0.60, NULL, NULL, NULL, NULL, 8, 7, 8, 7, 8, 8, 8, 8, NULL, NULL, NULL, NULL, 0, '2015-08-23 20:22:03', '2015-08-23 20:22:03', NULL),
	(306, 1.01, NULL, NULL, NULL, NULL, NULL, NULL, NULL, 0.67, 1.75, 0.86, NULL, 7, NULL, NULL, NULL, NULL, NULL, NULL, NULL, 8, 7, 7, NULL, 0, '2015-08-23 20:22:03', '2015-08-23 20:22:03', NULL),
	(307, 0.50, 0.50, 0.70, 0.57, 1.44, 1.15, 0.50, 0.50, NULL, NULL, NULL, NULL, 7, 8, 8, 7, 7, 7, 7, 7, NULL, NULL, NULL, NULL, 0, '2015-08-23 20:22:03', '2015-08-23 20:22:03', NULL),
	(308, 0.50, NULL, NULL, NULL, NULL, NULL, NULL, NULL, 0.75, 1.30, 1.69, NULL, 8, NULL, NULL, NULL, NULL, NULL, NULL, NULL, 7, 7, 7, NULL, 0, '2015-08-23 20:22:03', '2015-08-23 20:22:03', NULL),
	(309, 0.56, 1.03, 0.64, 1.44, 0.50, 1.33, 0.60, 0.50, NULL, NULL, NULL, NULL, 8, 8, 8, 8, 7, 8, 8, 7, NULL, NULL, NULL, NULL, 0, '2015-08-23 20:22:03', '2015-08-23 20:22:03', NULL),
	(310, 0.85, NULL, NULL, NULL, NULL, NULL, NULL, NULL, 1.64, 1.32, 1.43, NULL, 9, NULL, NULL, NULL, NULL, NULL, NULL, NULL, 8, 8, 8, NULL, 0, '2015-08-23 20:22:03', '2015-08-23 20:22:03', NULL),
	(311, 0.73, 0.72, 0.55, 0.71, 0.50, 1.35, 0.82, 0.50, NULL, NULL, NULL, NULL, 7, 7, 7, 7, 8, 7, 7, 8, NULL, NULL, NULL, NULL, 0, '2015-08-23 20:22:03', '2015-08-23 20:22:03', NULL),
	(312, 1.48, NULL, NULL, NULL, NULL, NULL, NULL, NULL, 1.19, 0.82, 0.81, NULL, 7, NULL, NULL, NULL, NULL, NULL, NULL, NULL, 7, 8, 7, NULL, 0, '2015-08-23 20:22:03', '2015-08-23 20:22:03', NULL),
	(313, 1.55, 0.91, 1.44, 0.67, 0.92, 0.75, 0.54, 0.50, NULL, NULL, NULL, NULL, 8, 8, 8, 8, 8, 8, 9, 8, NULL, NULL, NULL, NULL, 0, '2015-08-23 20:22:03', '2015-08-23 20:22:03', NULL),
	(314, 1.33, NULL, NULL, NULL, NULL, NULL, NULL, NULL, 1.23, 1.39, 0.87, NULL, 8, NULL, NULL, NULL, NULL, NULL, NULL, NULL, 7, 7, 8, NULL, 0, '2015-08-23 20:22:03', '2015-08-23 20:22:03', NULL),
	(315, 0.88, 1.37, 0.50, 0.50, 1.04, 0.83, 1.34, 0.81, NULL, NULL, NULL, NULL, 8, 9, 8, 8, 8, 8, 8, 8, NULL, NULL, NULL, NULL, 0, '2015-08-23 20:22:03', '2015-08-23 20:22:03', NULL),
	(316, 1.39, NULL, NULL, NULL, NULL, NULL, NULL, NULL, 1.89, 1.28, 1.70, NULL, 9, NULL, NULL, NULL, NULL, NULL, NULL, NULL, 9, 8, 9, NULL, 0, '2015-08-23 20:22:03', '2015-08-23 20:22:03', NULL),
	(317, 0.60, 1.18, 0.78, 0.50, 0.97, 0.50, 0.69, 0.60, NULL, NULL, NULL, NULL, 8, 7, 7, 7, 8, 7, 7, 7, NULL, NULL, NULL, NULL, 0, '2015-08-23 20:22:03', '2015-08-23 20:22:03', NULL),
	(318, 1.32, NULL, NULL, NULL, NULL, NULL, NULL, NULL, 1.04, 1.19, 0.66, NULL, 7, NULL, NULL, NULL, NULL, NULL, NULL, NULL, 7, 8, 7, NULL, 0, '2015-08-23 20:22:03', '2015-08-23 20:22:03', NULL),
	(319, 0.98, 0.73, 1.03, 0.91, 0.54, 1.26, 0.58, 0.50, NULL, NULL, NULL, NULL, 8, 8, 7, 8, 8, 7, 8, 8, NULL, NULL, NULL, NULL, 0, '2015-08-23 20:22:03', '2015-08-23 20:22:03', NULL),
	(320, 0.50, NULL, NULL, NULL, NULL, NULL, NULL, NULL, 1.24, 1.40, 1.13, NULL, 7, NULL, NULL, NULL, NULL, NULL, NULL, NULL, 7, 7, 8, NULL, 0, '2015-08-23 20:22:03', '2015-08-23 20:22:03', NULL),
	(321, 0.50, 0.52, 1.55, 0.68, 1.52, 0.96, 0.50, 1.01, NULL, NULL, NULL, NULL, 8, 8, 9, 8, 8, 8, 8, 8, NULL, NULL, NULL, NULL, 0, '2015-08-23 20:22:03', '2015-08-23 20:22:03', NULL),
	(322, 1.54, NULL, NULL, NULL, NULL, NULL, NULL, NULL, 1.37, 1.12, 1.75, NULL, 8, NULL, NULL, NULL, NULL, NULL, NULL, NULL, 8, 9, 8, NULL, 0, '2015-08-23 20:22:03', '2015-08-23 20:22:03', NULL),
	(323, 0.70, 0.50, 0.50, 1.17, 0.50, 0.50, 1.11, 0.91, NULL, NULL, NULL, NULL, 8, 7, 8, 7, 7, 7, 7, 7, NULL, NULL, NULL, NULL, 0, '2015-08-23 20:22:03', '2015-08-23 20:22:03', NULL),
	(324, 0.75, NULL, NULL, NULL, NULL, NULL, NULL, NULL, 1.43, 1.76, 0.85, NULL, 7, NULL, NULL, NULL, NULL, NULL, NULL, NULL, 7, 8, 8, NULL, 0, '2015-08-23 20:22:03', '2015-08-23 20:22:03', NULL),
	(325, 0.50, 1.55, 0.50, 0.50, 0.50, 0.75, 0.50, 1.03, NULL, NULL, NULL, NULL, 8, 7, 8, 7, 7, 7, 7, 7, NULL, NULL, NULL, NULL, 0, '2015-08-23 20:22:03', '2015-08-23 20:22:03', NULL),
	(326, 0.76, NULL, NULL, NULL, NULL, NULL, NULL, NULL, 0.84, 0.92, 1.73, NULL, 7, NULL, NULL, NULL, NULL, NULL, NULL, NULL, 8, 7, 7, NULL, 0, '2015-08-23 20:22:03', '2015-08-23 20:22:03', NULL),
	(327, 1.92, 1.14, 0.95, 0.62, 1.47, 0.79, 0.60, 0.74, NULL, NULL, NULL, NULL, 9, 9, 8, 9, 9, 8, 9, 8, NULL, NULL, NULL, NULL, 0, '2015-08-23 20:22:03', '2015-08-23 20:22:03', NULL),
	(328, 0.92, NULL, NULL, NULL, NULL, NULL, NULL, NULL, 1.40, 1.53, 1.41, NULL, 8, NULL, NULL, NULL, NULL, NULL, NULL, NULL, 8, 8, 9, NULL, 0, '2015-08-23 20:22:03', '2015-08-23 20:22:03', NULL),
	(329, 1.11, 1.59, 1.43, 0.60, 1.61, 0.84, 0.50, 0.50, NULL, NULL, NULL, NULL, 9, 9, 8, 9, 9, 8, 9, 8, NULL, NULL, NULL, NULL, 0, '2015-08-23 20:22:03', '2015-08-23 20:22:03', NULL),
	(330, 1.37, NULL, NULL, NULL, NULL, NULL, NULL, NULL, 0.50, 1.54, 0.84, NULL, 8, NULL, NULL, NULL, NULL, NULL, NULL, NULL, 7, 7, 7, NULL, 0, '2015-08-23 20:22:03', '2015-08-23 20:22:03', NULL),
	(331, 0.63, 0.50, 0.50, 1.37, 0.50, 1.37, 0.50, 0.50, NULL, NULL, NULL, NULL, 7, 7, 7, 7, 7, 8, 7, 8, NULL, NULL, NULL, NULL, 0, '2015-08-23 20:22:03', '2015-08-23 20:22:03', NULL),
	(332, 1.87, NULL, NULL, NULL, NULL, NULL, NULL, NULL, 1.22, 0.70, 0.50, NULL, 7, NULL, NULL, NULL, NULL, NULL, NULL, NULL, 8, 7, 7, NULL, 0, '2015-08-23 20:22:03', '2015-08-23 20:22:03', NULL),
	(333, 0.63, 1.21, 0.77, 0.50, 1.77, 1.11, 0.74, 1.46, NULL, NULL, NULL, NULL, 9, 8, 9, 9, 9, 8, 9, 8, NULL, NULL, NULL, NULL, 0, '2015-08-23 20:22:03', '2015-08-23 20:22:03', NULL),
	(334, 1.27, NULL, NULL, NULL, NULL, NULL, NULL, NULL, 1.20, 1.07, 1.35, NULL, 7, NULL, NULL, NULL, NULL, NULL, NULL, NULL, 8, 8, 7, NULL, 0, '2015-08-23 20:22:03', '2015-08-23 20:22:03', NULL),
	(335, 0.50, 0.50, 0.70, 0.66, 1.35, 0.96, 0.69, 0.50, NULL, NULL, NULL, NULL, 7, 7, 7, 8, 7, 7, 8, 7, NULL, NULL, NULL, NULL, 0, '2015-08-23 20:22:03', '2015-08-23 20:22:03', NULL),
	(336, 1.27, NULL, NULL, NULL, NULL, NULL, NULL, NULL, 1.69, 1.37, 1.02, NULL, 8, NULL, NULL, NULL, NULL, NULL, NULL, NULL, 8, 9, 8, NULL, 0, '2015-08-23 20:22:03', '2015-08-23 20:22:03', NULL),
	(337, 0.50, 0.50, 1.25, 0.50, 0.81, 1.10, 0.65, 0.50, NULL, NULL, NULL, NULL, 7, 7, 8, 7, 7, 8, 7, 7, NULL, NULL, NULL, NULL, 0, '2015-08-23 20:22:04', '2015-08-23 20:22:04', NULL),
	(338, 1.05, NULL, NULL, NULL, NULL, NULL, NULL, NULL, 1.76, 1.47, 0.50, NULL, 7, NULL, NULL, NULL, NULL, NULL, NULL, NULL, 8, 8, 7, NULL, 0, '2015-08-23 20:22:04', '2015-08-23 20:22:04', NULL),
	(339, 1.16, 0.90, 0.84, 0.55, 1.73, 0.92, 0.81, 1.24, NULL, NULL, NULL, NULL, 9, 9, 8, 8, 9, 9, 8, 9, NULL, NULL, NULL, NULL, 0, '2015-08-23 20:22:04', '2015-08-23 20:22:04', NULL),
	(340, 1.31, NULL, NULL, NULL, NULL, NULL, NULL, NULL, 1.29, 0.94, 0.79, NULL, 7, NULL, NULL, NULL, NULL, NULL, NULL, NULL, 7, 8, 7, NULL, 0, '2015-08-23 20:22:04', '2015-08-23 20:22:04', NULL),
	(341, 0.53, 0.94, 0.58, 1.12, 1.36, 1.82, 0.50, 1.35, NULL, NULL, NULL, NULL, 8, 8, 9, 9, 9, 9, 9, 8, NULL, NULL, NULL, NULL, 0, '2015-08-23 20:22:04', '2015-08-23 20:22:04', NULL),
	(342, 1.18, NULL, NULL, NULL, NULL, NULL, NULL, NULL, 1.43, 1.36, 1.78, NULL, 8, NULL, NULL, NULL, NULL, NULL, NULL, NULL, 8, 9, 8, NULL, 0, '2015-08-23 20:22:04', '2015-08-23 20:22:04', NULL),
	(343, 0.50, 0.50, 0.50, 1.34, 0.83, 0.92, 0.72, 0.50, NULL, NULL, NULL, NULL, 8, 7, 7, 7, 8, 7, 7, 7, NULL, NULL, NULL, NULL, 0, '2015-08-23 20:22:04', '2015-08-23 20:22:04', NULL),
	(344, 0.79, NULL, NULL, NULL, NULL, NULL, NULL, NULL, 0.51, 1.79, 1.25, NULL, 7, NULL, NULL, NULL, NULL, NULL, NULL, NULL, 8, 7, 7, NULL, 0, '2015-08-23 20:22:04', '2015-08-23 20:22:04', NULL),
	(345, 1.09, 1.41, 0.50, 0.50, 0.87, 0.50, 0.50, 0.50, NULL, NULL, NULL, NULL, 8, 8, 7, 7, 7, 7, 7, 7, NULL, NULL, NULL, NULL, 0, '2015-08-23 20:22:04', '2015-08-23 20:22:04', NULL),
	(346, 1.50, NULL, NULL, NULL, NULL, NULL, NULL, NULL, 1.71, 1.21, 1.34, NULL, 9, NULL, NULL, NULL, NULL, NULL, NULL, NULL, 8, 8, 8, NULL, 0, '2015-08-23 20:22:04', '2015-08-23 20:22:04', NULL),
	(347, 0.50, 0.56, 0.50, 0.59, 0.50, 1.13, 0.84, 1.22, NULL, NULL, NULL, NULL, 8, 7, 8, 7, 7, 7, 7, 7, NULL, NULL, NULL, NULL, 0, '2015-08-23 20:22:04', '2015-08-23 20:22:04', NULL),
	(348, 1.65, NULL, NULL, NULL, NULL, NULL, NULL, NULL, 1.05, 1.34, 0.69, NULL, 8, NULL, NULL, NULL, NULL, NULL, NULL, NULL, 8, 7, 7, NULL, 0, '2015-08-23 20:22:04', '2015-08-23 20:22:04', NULL),
	(349, 1.34, 0.50, 0.50, 1.07, 0.50, 0.68, 0.77, 0.50, NULL, NULL, NULL, NULL, 7, 7, 7, 8, 7, 8, 7, 7, NULL, NULL, NULL, NULL, 0, '2015-08-23 20:22:04', '2015-08-23 20:22:04', NULL),
	(350, 0.51, NULL, NULL, NULL, NULL, NULL, NULL, NULL, 1.58, 1.72, 1.43, NULL, 9, NULL, NULL, NULL, NULL, NULL, NULL, NULL, 8, 8, 8, NULL, 0, '2015-08-23 20:22:04', '2015-08-23 20:22:04', NULL),
	(351, 0.62, 0.53, 1.68, 0.50, 1.19, 0.88, 1.14, 0.71, NULL, NULL, NULL, NULL, 8, 9, 8, 8, 8, 8, 8, 8, NULL, NULL, NULL, NULL, 0, '2015-08-23 20:22:04', '2015-08-23 20:22:04', NULL),
	(352, 1.66, NULL, NULL, NULL, NULL, NULL, NULL, NULL, 1.72, 0.81, 1.46, NULL, 8, NULL, NULL, NULL, NULL, NULL, NULL, NULL, 8, 8, 9, NULL, 0, '2015-08-23 20:22:04', '2015-08-23 20:22:04', NULL),
	(353, 0.50, 0.50, 1.45, 0.50, 0.55, 0.50, 1.11, 0.75, NULL, NULL, NULL, NULL, 7, 7, 7, 7, 7, 8, 7, 8, NULL, NULL, NULL, NULL, 0, '2015-08-23 20:22:04', '2015-08-23 20:22:04', NULL),
	(354, 1.92, NULL, NULL, NULL, NULL, NULL, NULL, NULL, 1.42, 1.54, 0.85, NULL, 8, NULL, NULL, NULL, NULL, NULL, NULL, NULL, 8, 8, 9, NULL, 0, '2015-08-23 20:22:04', '2015-08-23 20:22:04', NULL),
	(355, 0.50, 1.18, 0.75, 0.98, 0.57, 1.12, 0.50, 0.95, NULL, NULL, NULL, NULL, 7, 7, 8, 8, 8, 8, 8, 8, NULL, NULL, NULL, NULL, 0, '2015-08-23 20:22:04', '2015-08-23 20:22:04', NULL),
	(356, 1.83, NULL, NULL, NULL, NULL, NULL, NULL, NULL, 1.30, 1.23, 1.35, NULL, 8, NULL, NULL, NULL, NULL, NULL, NULL, NULL, 8, 8, 9, NULL, 0, '2015-08-23 20:22:04', '2015-08-23 20:22:04', NULL),
	(357, 0.50, 0.50, 0.50, 1.12, 1.24, 0.50, 0.83, 0.70, NULL, NULL, NULL, NULL, 7, 7, 7, 7, 7, 7, 8, 8, NULL, NULL, NULL, NULL, 0, '2015-08-23 20:22:04', '2015-08-23 20:22:04', NULL),
	(358, 1.64, NULL, NULL, NULL, NULL, NULL, NULL, NULL, 2.00, 0.66, 1.48, NULL, 8, NULL, NULL, NULL, NULL, NULL, NULL, NULL, 9, 8, 8, NULL, 0, '2015-08-23 20:22:04', '2015-08-23 20:22:04', NULL),
	(359, 0.92, 0.50, 0.50, 0.50, 0.78, 0.60, 1.11, 0.97, NULL, NULL, NULL, NULL, 7, 7, 8, 7, 7, 7, 7, 8, NULL, NULL, NULL, NULL, 0, '2015-08-23 20:22:04', '2015-08-23 20:22:04', NULL),
	(360, 1.70, NULL, NULL, NULL, NULL, NULL, NULL, NULL, 1.26, 1.47, 0.91, NULL, 9, NULL, NULL, NULL, NULL, NULL, NULL, NULL, 8, 8, 8, NULL, 0, '2015-08-23 20:22:04', '2015-08-23 20:22:04', NULL),
	(361, 1.49, 0.61, 0.72, 0.50, 1.08, 1.35, 1.00, 0.50, NULL, NULL, NULL, NULL, 8, 8, 8, 8, 9, 8, 8, 8, NULL, NULL, NULL, NULL, 0, '2015-08-23 20:22:04', '2015-08-23 20:22:04', NULL),
	(362, 1.67, NULL, NULL, NULL, NULL, NULL, NULL, NULL, 1.52, 1.15, 1.03, NULL, 8, NULL, NULL, NULL, NULL, NULL, NULL, NULL, 8, 8, 9, NULL, 0, '2015-08-23 20:22:04', '2015-08-23 20:22:04', NULL),
	(363, 0.97, 0.50, 0.50, 1.09, 1.04, 0.71, 0.50, 0.50, NULL, NULL, NULL, NULL, 7, 7, 7, 8, 7, 7, 7, 8, NULL, NULL, NULL, NULL, 0, '2015-08-23 20:22:04', '2015-08-23 20:22:04', NULL),
	(364, 1.48, NULL, NULL, NULL, NULL, NULL, NULL, NULL, 0.50, 1.24, 1.08, NULL, 8, NULL, NULL, NULL, NULL, NULL, NULL, NULL, 7, 7, 7, NULL, 0, '2015-08-23 20:22:04', '2015-08-23 20:22:04', NULL),
	(365, 0.81, 0.50, 0.53, 1.08, 0.52, 0.94, 0.50, 0.99, NULL, NULL, NULL, NULL, 7, 8, 7, 7, 7, 7, 7, 8, NULL, NULL, NULL, NULL, 0, '2015-08-23 20:22:04', '2015-08-23 20:22:04', NULL),
	(366, 2.00, NULL, NULL, NULL, NULL, NULL, NULL, NULL, 1.71, 0.99, 1.60, NULL, 8, NULL, NULL, NULL, NULL, NULL, NULL, NULL, 9, 9, 9, NULL, 0, '2015-08-23 20:22:04', '2015-08-23 20:22:04', NULL),
	(367, 0.50, 1.00, 1.04, 1.76, 0.50, 1.14, 0.50, 0.85, NULL, NULL, NULL, NULL, 8, 8, 8, 8, 8, 9, 8, 8, NULL, NULL, NULL, NULL, 0, '2015-08-23 20:22:04', '2015-08-23 20:22:04', NULL),
	(368, 1.40, NULL, NULL, NULL, NULL, NULL, NULL, NULL, 1.23, 1.16, 1.54, NULL, 8, NULL, NULL, NULL, NULL, NULL, NULL, NULL, 9, 8, 8, NULL, 0, '2015-08-23 20:22:04', '2015-08-23 20:22:04', NULL),
	(369, 0.92, 0.85, 1.04, 0.61, 1.59, 1.04, 0.75, 0.50, NULL, NULL, NULL, NULL, 8, 8, 8, 8, 8, 8, 9, 8, NULL, NULL, NULL, NULL, 0, '2015-08-23 20:22:04', '2015-08-23 20:22:04', NULL),
	(370, 0.50, NULL, NULL, NULL, NULL, NULL, NULL, NULL, 1.37, 1.78, 1.06, NULL, 8, NULL, NULL, NULL, NULL, NULL, NULL, NULL, 7, 7, 8, NULL, 0, '2015-08-23 20:22:04', '2015-08-23 20:22:04', NULL),
	(371, 0.50, 0.86, 0.50, 0.65, 0.50, 1.34, 1.01, 0.50, NULL, NULL, NULL, NULL, 7, 7, 8, 8, 7, 7, 7, 7, NULL, NULL, NULL, NULL, 0, '2015-08-23 20:22:04', '2015-08-23 20:22:04', NULL),
	(372, 1.58, NULL, NULL, NULL, NULL, NULL, NULL, NULL, 0.97, 0.61, 1.17, NULL, 7, NULL, NULL, NULL, NULL, NULL, NULL, NULL, 8, 7, 7, NULL, 0, '2015-08-23 20:22:04', '2015-08-23 20:22:04', NULL),
	(373, 0.66, 0.68, 1.40, 0.70, 0.50, 0.88, 1.19, 0.59, NULL, NULL, NULL, NULL, 7, 7, 8, 8, 8, 8, 8, 8, NULL, NULL, NULL, NULL, 0, '2015-08-23 20:22:04', '2015-08-23 20:22:04', NULL),
	(374, 0.94, NULL, NULL, NULL, NULL, NULL, NULL, NULL, 1.70, 1.07, 1.66, NULL, 8, NULL, NULL, NULL, NULL, NULL, NULL, NULL, 9, 8, 8, NULL, 0, '2015-08-23 20:22:04', '2015-08-23 20:22:04', NULL),
	(375, 0.50, 0.50, 0.50, 0.86, 1.31, 0.76, 0.91, 0.54, NULL, NULL, NULL, NULL, 7, 7, 7, 7, 7, 8, 7, 8, NULL, NULL, NULL, NULL, 0, '2015-08-23 20:22:04', '2015-08-23 20:22:04', NULL),
	(376, 1.59, NULL, NULL, NULL, NULL, NULL, NULL, NULL, 0.62, 0.92, 1.14, NULL, 8, NULL, NULL, NULL, NULL, NULL, NULL, NULL, 7, 7, 7, NULL, 0, '2015-08-23 20:22:04', '2015-08-23 20:22:04', NULL),
	(377, 0.73, 0.50, 0.85, 1.39, 0.50, 0.50, 0.90, 0.50, NULL, NULL, NULL, NULL, 7, 8, 7, 7, 8, 7, 7, 7, NULL, NULL, NULL, NULL, 0, '2015-08-23 20:22:04', '2015-08-23 20:22:04', NULL),
	(378, 1.21, NULL, NULL, NULL, NULL, NULL, NULL, NULL, 1.62, 0.90, 1.03, NULL, 8, NULL, NULL, NULL, NULL, NULL, NULL, NULL, 7, 7, 8, NULL, 0, '2015-08-23 20:22:05', '2015-08-23 20:22:05', NULL),
	(379, 0.96, 0.67, 0.55, 0.50, 0.71, 1.03, 0.90, 0.50, NULL, NULL, NULL, NULL, 7, 7, 7, 7, 7, 8, 7, 8, NULL, NULL, NULL, NULL, 0, '2015-08-23 20:22:05', '2015-08-23 20:22:05', NULL),
	(380, 1.09, NULL, NULL, NULL, NULL, NULL, NULL, NULL, 1.57, 1.09, 0.52, NULL, 7, NULL, NULL, NULL, NULL, NULL, NULL, NULL, 7, 7, 8, NULL, 0, '2015-08-23 20:22:05', '2015-08-23 20:22:05', NULL),
	(381, 0.64, 0.61, 0.50, 1.32, 0.50, 0.78, 0.50, 0.98, NULL, NULL, NULL, NULL, 8, 7, 7, 7, 7, 7, 7, 8, NULL, NULL, NULL, NULL, 0, '2015-08-23 20:22:05', '2015-08-23 20:22:05', NULL),
	(382, 0.84, NULL, NULL, NULL, NULL, NULL, NULL, NULL, 1.63, 0.50, 1.30, NULL, 7, NULL, NULL, NULL, NULL, NULL, NULL, NULL, 7, 7, 8, NULL, 0, '2015-08-23 20:22:05', '2015-08-23 20:22:05', NULL),
	(383, 1.09, 0.68, 0.50, 0.51, 0.83, 0.50, 1.75, 0.65, NULL, NULL, NULL, NULL, 8, 8, 7, 8, 8, 8, 7, 8, NULL, NULL, NULL, NULL, 0, '2015-08-23 20:22:05', '2015-08-23 20:22:05', NULL),
	(384, 1.29, NULL, NULL, NULL, NULL, NULL, NULL, NULL, 1.18, 0.81, 1.00, NULL, 8, NULL, NULL, NULL, NULL, NULL, NULL, NULL, 7, 7, 7, NULL, 0, '2015-08-23 20:22:05', '2015-08-23 20:22:05', NULL),
	(385, 0.75, 1.06, 0.71, 0.50, 1.14, 0.66, 0.50, 0.50, NULL, NULL, NULL, NULL, 8, 7, 7, 7, 7, 7, 7, 8, NULL, NULL, NULL, NULL, 0, '2015-08-23 20:22:05', '2015-08-23 20:22:05', NULL),
	(386, 1.66, NULL, NULL, NULL, NULL, NULL, NULL, NULL, 0.50, 1.12, 0.99, NULL, 7, NULL, NULL, NULL, NULL, NULL, NULL, NULL, 8, 7, 7, NULL, 0, '2015-08-23 20:22:05', '2015-08-23 20:22:05', NULL),
	(387, 0.74, 0.50, 0.50, 1.23, 1.42, 0.73, 0.62, 0.85, NULL, NULL, NULL, NULL, 8, 8, 8, 8, 8, 7, 8, 7, NULL, NULL, NULL, NULL, 0, '2015-08-23 20:22:05', '2015-08-23 20:22:05', NULL),
	(388, 0.52, NULL, NULL, NULL, NULL, NULL, NULL, NULL, 1.41, 1.24, 1.04, NULL, 8, NULL, NULL, NULL, NULL, NULL, NULL, NULL, 7, 7, 7, NULL, 0, '2015-08-23 20:22:05', '2015-08-23 20:22:05', NULL),
	(389, 0.78, 0.81, 0.50, 1.63, 0.97, 0.63, 0.71, 0.50, NULL, NULL, NULL, NULL, 7, 8, 8, 8, 8, 7, 8, 8, NULL, NULL, NULL, NULL, 0, '2015-08-23 20:22:05', '2015-08-23 20:22:05', NULL),
	(390, 0.88, NULL, NULL, NULL, NULL, NULL, NULL, NULL, 1.84, 1.03, 0.51, NULL, 7, NULL, NULL, NULL, NULL, NULL, NULL, NULL, 8, 7, 7, NULL, 0, '2015-08-23 20:22:05', '2015-08-23 20:22:05', NULL),
	(391, 0.95, 0.50, 0.50, 0.96, 0.50, 0.50, 0.91, 1.05, NULL, NULL, NULL, NULL, 8, 7, 7, 7, 7, 8, 7, 7, NULL, NULL, NULL, NULL, 0, '2015-08-23 20:22:05', '2015-08-23 20:22:05', NULL),
	(392, 0.50, NULL, NULL, NULL, NULL, NULL, NULL, NULL, 1.89, 0.82, 1.68, NULL, 7, NULL, NULL, NULL, NULL, NULL, NULL, NULL, 7, 8, 8, NULL, 0, '2015-08-23 20:22:05', '2015-08-23 20:22:05', NULL),
	(393, 0.50, 0.50, 0.96, 0.50, 0.50, 1.09, 1.35, 0.50, NULL, NULL, NULL, NULL, 8, 7, 7, 8, 7, 7, 7, 7, NULL, NULL, NULL, NULL, 0, '2015-08-23 20:22:05', '2015-08-23 20:22:05', NULL),
	(394, 1.31, NULL, NULL, NULL, NULL, NULL, NULL, NULL, 1.47, 0.65, 0.92, NULL, 7, NULL, NULL, NULL, NULL, NULL, NULL, NULL, 7, 7, 8, NULL, 0, '2015-08-23 20:22:05', '2015-08-23 20:22:05', NULL),
	(395, 0.50, 1.16, 1.23, 0.50, 0.50, 0.50, 0.50, 0.94, NULL, NULL, NULL, NULL, 8, 7, 7, 8, 7, 7, 7, 7, NULL, NULL, NULL, NULL, 0, '2015-08-23 20:22:05', '2015-08-23 20:22:05', NULL),
	(396, 1.32, NULL, NULL, NULL, NULL, NULL, NULL, NULL, 1.56, 1.38, 0.50, NULL, 7, NULL, NULL, NULL, NULL, NULL, NULL, NULL, 8, 7, 8, NULL, 0, '2015-08-23 20:22:05', '2015-08-23 20:22:05', NULL),
	(397, 0.50, 0.63, 0.73, 0.52, 1.06, 0.66, 0.76, 0.95, NULL, NULL, NULL, NULL, 7, 7, 8, 7, 8, 7, 7, 7, NULL, NULL, NULL, NULL, 0, '2015-08-23 20:22:05', '2015-08-23 20:22:05', NULL),
	(398, 0.50, NULL, NULL, NULL, NULL, NULL, NULL, NULL, 1.30, 1.73, 1.25, NULL, 8, NULL, NULL, NULL, NULL, NULL, NULL, NULL, 7, 7, 8, NULL, 0, '2015-08-23 20:22:05', '2015-08-23 20:22:05', NULL),
	(399, 0.78, 0.69, 0.50, 0.86, 1.21, 0.50, 0.77, 0.50, NULL, NULL, NULL, NULL, 7, 7, 8, 8, 7, 7, 7, 7, NULL, NULL, NULL, NULL, 0, '2015-08-23 20:22:05', '2015-08-23 20:22:05', NULL),
	(400, 1.80, NULL, NULL, NULL, NULL, NULL, NULL, NULL, 1.68, 0.65, 0.70, NULL, 8, NULL, NULL, NULL, NULL, NULL, NULL, NULL, 7, 7, 8, NULL, 0, '2015-08-23 20:22:05', '2015-08-23 20:22:05', NULL),
	(401, 0.92, 0.50, 0.50, 0.50, 0.55, 0.50, 1.47, 0.87, NULL, NULL, NULL, NULL, 8, 7, 7, 7, 7, 7, 8, 7, NULL, NULL, NULL, NULL, 0, '2015-08-23 20:22:05', '2015-08-23 20:22:05', NULL),
	(402, 2.00, NULL, NULL, NULL, NULL, NULL, NULL, NULL, 1.67, 0.81, 0.86, NULL, 8, NULL, NULL, NULL, NULL, NULL, NULL, NULL, 8, 8, 9, NULL, 0, '2015-08-23 20:22:05', '2015-08-23 20:22:05', NULL);
/*!40000 ALTER TABLE `people_training_factor` ENABLE KEYS */;


-- Zrzut struktury tabela ral.rally_accident
DROP TABLE IF EXISTS `rally_accident`;
CREATE TABLE IF NOT EXISTS `rally_accident` (
  `id` int(11) NOT NULL AUTO_INCREMENT,
  `name` varchar(255) DEFAULT NULL,
  `damage` decimal(18,2) DEFAULT NULL,
  `created_at` datetime NOT NULL,
  `updated_at` datetime NOT NULL,
  PRIMARY KEY (`id`)
) ENGINE=MyISAM AUTO_INCREMENT=6 DEFAULT CHARSET=utf8;

-- Zrzucanie danych dla tabeli ral.rally_accident: 5 rows
DELETE FROM `rally_accident`;
/*!40000 ALTER TABLE `rally_accident` DISABLE KEYS */;
INSERT INTO `rally_accident` (`id`, `name`, `damage`, `created_at`, `updated_at`) VALUES
	(1, 'Puncture', 5.00, '0000-00-00 00:00:00', '0000-00-00 00:00:00'),
	(2, 'Hit tree', 100.00, '0000-00-00 00:00:00', '0000-00-00 00:00:00'),
	(3, '5 gear not working', 20.00, '0000-00-00 00:00:00', '0000-00-00 00:00:00'),
	(4, 'Damaged windscreens', 15.50, '0000-00-00 00:00:00', '0000-00-00 00:00:00'),
	(5, 'Engine overheated', 100.00, '0000-00-00 00:00:00', '0000-00-00 00:00:00');
/*!40000 ALTER TABLE `rally_accident` ENABLE KEYS */;


-- Zrzut struktury tabela ral.rally_award
DROP TABLE IF EXISTS `rally_award`;
CREATE TABLE IF NOT EXISTS `rally_award` (
  `id` int(11) NOT NULL AUTO_INCREMENT,
  `rally_id` int(11) DEFAULT NULL,
  `team_id` int(11) DEFAULT NULL,
  `type` varchar(255) DEFAULT NULL,
  `created_at` datetime NOT NULL,
  `updated_at` datetime NOT NULL,
  PRIMARY KEY (`id`),
  KEY `rally_id_idx` (`rally_id`)
) ENGINE=MyISAM AUTO_INCREMENT=3 DEFAULT CHARSET=utf8;

-- Zrzucanie danych dla tabeli ral.rally_award: 2 rows
DELETE FROM `rally_award`;
/*!40000 ALTER TABLE `rally_award` DISABLE KEYS */;
INSERT INTO `rally_award` (`id`, `rally_id`, `team_id`, `type`, `created_at`, `updated_at`) VALUES
	(1, 104, 1, 'normal', '2015-08-21 13:12:54', '2015-08-21 13:12:54'),
	(2, 69, 4, 'big', '2015-08-22 13:30:06', '2015-08-22 13:30:06');
/*!40000 ALTER TABLE `rally_award` ENABLE KEYS */;


-- Zrzut struktury tabela ral.rally_big_awards
DROP TABLE IF EXISTS `rally_big_awards`;
CREATE TABLE IF NOT EXISTS `rally_big_awards` (
  `id` int(11) NOT NULL AUTO_INCREMENT,
  `rally_id` int(11) DEFAULT NULL,
  `award_type` varchar(255) DEFAULT NULL,
  `car_model_id` int(11) DEFAULT NULL,
  `premium` bigint(20) DEFAULT NULL,
  `created_at` datetime NOT NULL,
  `updated_at` datetime NOT NULL,
  `deleted_at` datetime DEFAULT NULL,
  PRIMARY KEY (`id`),
  KEY `rally_big_awards_car_model_id_car_car_models_id` (`car_model_id`)
) ENGINE=MyISAM AUTO_INCREMENT=7 DEFAULT CHARSET=utf8;

-- Zrzucanie danych dla tabeli ral.rally_big_awards: 6 rows
DELETE FROM `rally_big_awards`;
/*!40000 ALTER TABLE `rally_big_awards` DISABLE KEYS */;
INSERT INTO `rally_big_awards` (`id`, `rally_id`, `award_type`, `car_model_id`, `premium`, `created_at`, `updated_at`, `deleted_at`) VALUES
	(1, 15, 'car', 6, NULL, '0000-00-00 00:00:00', '0000-00-00 00:00:00', NULL),
	(2, 15, 'premium', NULL, 500, '0000-00-00 00:00:00', '0000-00-00 00:00:00', NULL),
	(3, 15, 'premium', NULL, 300, '0000-00-00 00:00:00', '0000-00-00 00:00:00', NULL),
	(4, 69, 'car', 5, NULL, '0000-00-00 00:00:00', '0000-00-00 00:00:00', NULL),
	(5, 69, 'premium', NULL, 1000, '0000-00-00 00:00:00', '0000-00-00 00:00:00', NULL),
	(6, 69, 'premium', NULL, 600, '0000-00-00 00:00:00', '0000-00-00 00:00:00', NULL);
/*!40000 ALTER TABLE `rally_big_awards` ENABLE KEYS */;


-- Zrzut struktury tabela ral.rally_crew
DROP TABLE IF EXISTS `rally_crew`;
CREATE TABLE IF NOT EXISTS `rally_crew` (
  `id` int(11) NOT NULL AUTO_INCREMENT,
  `rally_id` int(11) DEFAULT NULL,
  `team_id` int(11) DEFAULT NULL,
  `driver_id` int(11) DEFAULT NULL,
  `pilot_id` int(11) DEFAULT NULL,
  `car_id` int(11) DEFAULT NULL,
  `risk` varchar(255) DEFAULT NULL,
  `in_race` tinyint(1) NOT NULL DEFAULT '1',
  `training_done` tinyint(1) NOT NULL DEFAULT '0',
  `km_passed` double(10,2) DEFAULT '0.00',
  `created_at` datetime NOT NULL,
  `updated_at` datetime NOT NULL,
  PRIMARY KEY (`id`),
  KEY `rally_id_idx` (`rally_id`),
  KEY `rally_crew_team_id_team_team_id` (`team_id`),
  KEY `rally_crew_pilot_id_people_people_id` (`pilot_id`),
  KEY `rally_crew_driver_id_people_people_id` (`driver_id`),
  KEY `rally_crew_car_id_car_car_id` (`car_id`)
) ENGINE=MyISAM AUTO_INCREMENT=78 DEFAULT CHARSET=utf8;

-- Zrzucanie danych dla tabeli ral.rally_crew: 77 rows
DELETE FROM `rally_crew`;
/*!40000 ALTER TABLE `rally_crew` DISABLE KEYS */;
INSERT INTO `rally_crew` (`id`, `rally_id`, `team_id`, `driver_id`, `pilot_id`, `car_id`, `risk`, `in_race`, `training_done`, `km_passed`, `created_at`, `updated_at`) VALUES
	(1, 1, 1, 1, 2, 20, 'very-big', 1, 1, 355.48, '2015-08-11 17:28:53', '2015-08-12 12:30:00'),
	(2, 1, 2, 3, 4, 2, 'very-big', 1, 1, 355.48, '2015-08-11 17:29:03', '2015-08-12 12:30:00'),
	(3, 1, 3, 5, 6, 1, 'big', 1, 1, 355.48, '2015-08-11 17:29:15', '2015-08-12 12:30:00'),
	(4, 1, 3, 31, 28, 3, 'big', 1, 1, 355.48, '2015-08-11 17:29:20', '2015-08-12 12:30:00'),
	(5, 1, 4, 7, 8, 4, 'normal', 1, 1, 355.48, '2015-08-11 17:32:48', '2015-08-12 12:30:00'),
	(6, 1, 5, 9, 10, 5, 'normal', 1, 1, 355.48, '2015-08-11 17:32:56', '2015-08-12 12:30:00'),
	(7, 1, 6, 11, 12, 6, 'small', 1, 1, 355.48, '2015-08-11 17:35:31', '2015-08-12 12:30:00'),
	(8, 1, 6, 11, 12, 21, 'small', 1, 1, 355.48, '2015-08-11 17:38:54', '2015-08-12 12:30:00'),
	(9, 1, 7, 13, 14, 7, 'very-small', 1, 1, 355.48, '2015-08-11 17:39:14', '2015-08-12 12:30:00'),
	(10, 1, 8, 15, 16, 22, 'big', 1, 1, 355.48, '2015-08-11 17:39:38', '2015-08-12 12:30:00'),
	(11, 1, 9, 17, 18, 9, 'big', 1, 1, 355.48, '2015-08-11 17:39:46', '2015-08-12 12:30:00'),
	(12, 1, 10, 19, 20, 10, 'very-big', 1, 1, 355.48, '2015-08-11 17:39:57', '2015-08-12 12:30:00'),
	(13, 1, 11, 21, 22, 11, 'very-big', 1, 1, 355.48, '2015-08-11 17:40:07', '2015-08-12 12:30:00'),
	(14, 1, 12, 23, 24, 12, 'small', 1, 1, 355.48, '2015-08-11 17:40:16', '2015-08-12 12:30:00'),
	(15, 2, 3, 5, 6, 1, 'very-big', 1, 1, 224.96, '2015-08-12 17:09:03', '2015-08-17 12:45:01'),
	(16, 2, 3, 31, 28, 3, 'small', 1, 1, 224.96, '2015-08-12 17:09:08', '2015-08-17 12:45:01'),
	(17, 2, 1, 1, 2, 20, 'normal', 1, 1, 224.96, '2015-08-12 17:09:33', '2015-08-17 12:45:01'),
	(18, 2, 2, 3, 4, 2, 'normal', 1, 1, 224.96, '2015-08-12 17:09:40', '2015-08-17 12:45:01'),
	(19, 2, 4, 7, 8, 4, 'very-big', 1, 1, 224.96, '2015-08-12 17:09:48', '2015-08-17 12:45:01'),
	(20, 2, 5, 9, 10, 5, 'very-big', 1, 1, 224.96, '2015-08-12 17:09:55', '2015-08-17 12:45:01'),
	(21, 2, 6, 11, 12, 21, 'very-small', 1, 1, 224.96, '2015-08-12 17:10:03', '2015-08-17 12:45:01'),
	(22, 2, 7, 13, 14, 7, 'big', 1, 1, 224.96, '2015-08-12 17:10:11', '2015-08-17 12:45:01'),
	(23, 2, 8, 15, 16, 22, 'normal', 1, 1, 224.96, '2015-08-12 17:10:17', '2015-08-17 12:45:01'),
	(24, 2, 9, 17, 18, 9, 'very-small', 1, 1, 224.96, '2015-08-12 17:10:23', '2015-08-17 12:45:01'),
	(25, 2, 10, 19, 20, 10, 'very-big', 1, 1, 224.96, '2015-08-12 17:10:30', '2015-08-17 12:45:01'),
	(26, 2, 11, 21, 22, 11, 'very-big', 1, 1, 224.96, '2015-08-12 17:10:38', '2015-08-17 12:45:01'),
	(27, 2, 12, 23, 24, 12, 'big', 1, 1, 224.96, '2015-08-12 17:10:47', '2015-08-17 12:45:01'),
	(28, 56, 3, 5, 6, 1, 'normal', 1, 1, 230.55, '2015-08-13 13:47:25', '2015-08-15 02:15:01'),
	(29, 56, 3, 31, 28, 8, 'very-big', 1, 1, 230.55, '2015-08-13 13:47:31', '2015-08-15 02:15:01'),
	(30, 56, 1, 1, 2, 20, 'very-big', 0, 1, 29.42, '2015-08-13 13:47:46', '2015-08-15 02:15:02'),
	(31, 56, 2, 3, 4, 2, 'very-big', 1, 1, 230.55, '2015-08-13 13:47:54', '2015-08-15 02:15:02'),
	(32, 56, 4, 7, 8, 4, 'very-big', 1, 1, 230.55, '2015-08-13 13:48:03', '2015-08-15 02:15:02'),
	(33, 56, 5, 9, 10, 5, 'very-big', 1, 1, 230.55, '2015-08-13 13:48:11', '2015-08-15 02:15:02'),
	(34, 56, 6, 11, 12, 21, 'very-big', 0, 1, 78.78, '2015-08-13 13:48:18', '2015-08-15 02:15:02'),
	(35, 56, 7, 13, 14, 7, 'very-big', 1, 1, 230.55, '2015-08-13 13:48:25', '2015-08-15 02:15:02'),
	(36, 56, 8, 15, 16, 22, 'very-big', 1, 1, 230.55, '2015-08-13 13:48:32', '2015-08-15 02:15:02'),
	(37, 56, 9, 17, 18, 9, 'very-big', 1, 1, 230.55, '2015-08-13 13:48:40', '2015-08-15 02:15:02'),
	(38, 56, 10, 19, 20, 10, 'very-big', 1, 1, 230.55, '2015-08-13 13:48:48', '2015-08-15 02:15:02'),
	(39, 56, 11, 21, 22, 11, 'very-big', 1, 1, 230.55, '2015-08-13 13:48:55', '2015-08-15 02:15:02'),
	(40, 56, 12, 23, 24, 12, 'very-big', 1, 1, 230.55, '2015-08-13 13:49:03', '2015-08-15 02:15:02'),
	(41, 68, 3, 5, 6, 1, 'normal', 1, 1, 247.10, '2015-08-14 16:40:00', '2015-08-16 02:15:00'),
	(42, 68, 3, 31, 28, 3, 'very-big', 1, 1, 247.10, '2015-08-14 16:46:20', '2015-08-16 02:15:00'),
	(43, 68, 1, 1, 2, 20, 'small', 1, 1, 247.10, '2015-08-14 16:47:38', '2015-08-16 02:15:00'),
	(44, 68, 2, 3, 4, 2, 'big', 1, 1, 247.10, '2015-08-14 16:47:45', '2015-08-16 02:15:01'),
	(45, 68, 4, 7, 8, 4, 'very-big', 0, 1, 40.08, '2015-08-14 16:47:52', '2015-08-16 02:15:01'),
	(46, 68, 5, 9, 10, 5, 'small', 1, 1, 247.10, '2015-08-14 16:48:00', '2015-08-16 02:15:01'),
	(47, 68, 6, 11, 12, 21, 'small', 1, 1, 247.10, '2015-08-14 16:48:06', '2015-08-16 02:15:01'),
	(48, 68, 7, 13, 14, 7, 'small', 1, 1, 247.10, '2015-08-14 16:48:13', '2015-08-16 02:15:01'),
	(49, 68, 8, 15, 16, 22, 'big', 1, 1, 247.10, '2015-08-14 16:48:20', '2015-08-16 02:15:01'),
	(50, 68, 9, 17, 18, 9, 'normal', 1, 1, 247.10, '2015-08-14 16:48:26', '2015-08-16 02:15:01'),
	(51, 68, 10, 19, 20, 10, 'normal', 1, 1, 247.10, '2015-08-14 16:48:32', '2015-08-16 02:15:01'),
	(52, 68, 11, 21, 22, 11, 'very-big', 1, 1, 247.10, '2015-08-14 16:48:38', '2015-08-16 02:15:01'),
	(53, 68, 12, 23, 24, 12, 'big', 0, 1, 25.76, '2015-08-14 16:48:44', '2015-08-16 02:15:01'),
	(54, 35, 18, 35, 36, 19, 'big', 1, 0, 0.00, '2015-08-19 19:00:34', '2015-08-19 19:00:34'),
	(55, 57, 15, 29, 30, 15, 'big', 1, 1, 0.00, '2015-08-21 13:12:22', '2015-08-22 02:15:01'),
	(56, 57, 13, 25, 26, 6, 'big', 1, 1, 0.00, '2015-08-21 13:12:11', '2015-08-22 02:15:01'),
	(57, 57, 12, 23, 24, 12, 'big', 1, 1, 0.00, '2015-08-21 13:10:06', '2015-08-22 02:15:01'),
	(58, 57, 11, 21, 22, 11, 'big', 1, 1, 0.00, '2015-08-21 13:09:59', '2015-08-22 02:15:02'),
	(59, 57, 10, 19, 20, 10, 'big', 1, 1, 0.00, '2015-08-21 13:09:52', '2015-08-22 02:15:02'),
	(60, 57, 8, 15, 16, 22, 'big', 1, 1, 0.00, '2015-08-21 13:09:40', '2015-08-22 02:15:02'),
	(61, 57, 7, 13, 14, 7, 'big', 1, 1, 0.00, '2015-08-21 13:09:32', '2015-08-22 02:15:02'),
	(62, 57, 6, 11, 12, 21, 'big', 1, 1, 0.00, '2015-08-21 13:09:26', '2015-08-22 02:15:02'),
	(63, 57, 4, 7, 8, 4, 'big', 1, 1, 0.00, '2015-08-21 13:09:09', '2015-08-22 02:15:02'),
	(64, 57, 2, 3, 4, 2, 'big', 1, 1, 0.00, '2015-08-21 13:09:02', '2015-08-22 02:15:02'),
	(65, 57, 1, 1, 2, 20, 'big', 1, 1, 0.00, '2015-08-21 13:08:56', '2015-08-22 02:15:02'),
	(66, 57, 3, 17, 28, 8, 'very-big', 1, 1, 0.00, '2015-08-21 13:07:39', '2015-08-22 02:15:02'),
	(67, 57, 3, 5, 6, 3, 'small', 1, 1, 0.00, '2015-08-21 13:07:30', '2015-08-22 02:15:02'),
	(68, 69, 15, 29, 30, 15, 'big', 1, 1, 196.07, '2015-08-21 17:20:30', '2015-08-23 02:15:01'),
	(69, 69, 12, 23, 24, 12, 'very-small', 1, 1, 196.07, '2015-08-21 17:20:08', '2015-08-23 02:15:01'),
	(70, 69, 10, 19, 20, 10, 'big', 1, 1, 196.07, '2015-08-21 17:19:53', '2015-08-23 02:15:01'),
	(71, 69, 8, 15, 16, 22, 'very-big', 1, 1, 196.07, '2015-08-21 17:19:32', '2015-08-23 02:15:01'),
	(72, 69, 7, 13, 14, 7, 'very-big', 1, 1, 196.07, '2015-08-21 17:11:36', '2015-08-23 02:15:02'),
	(73, 69, 4, 7, 8, 4, 'very-big', 1, 1, 196.07, '2015-08-21 17:11:04', '2015-08-23 02:15:02'),
	(74, 69, 2, 3, 4, 2, 'very-big', 1, 1, 196.07, '2015-08-21 17:09:55', '2015-08-23 02:15:02'),
	(75, 69, 1, 1, 2, 20, 'very-big', 1, 1, 196.07, '2015-08-21 17:09:17', '2015-08-23 02:15:02'),
	(76, 69, 3, 17, 28, 3, 'very-big', 0, 1, 1.00, '2015-08-21 17:09:00', '2015-08-23 02:15:02'),
	(77, 69, 3, 5, 6, 1, 'big', 1, 1, 196.07, '2015-08-21 16:56:05', '2015-08-23 02:15:02');
/*!40000 ALTER TABLE `rally_crew` ENABLE KEYS */;


-- Zrzut struktury tabela ral.rally_data_rally
DROP TABLE IF EXISTS `rally_data_rally`;
CREATE TABLE IF NOT EXISTS `rally_data_rally` (
  `id` int(11) NOT NULL AUTO_INCREMENT,
  `name` varchar(255) DEFAULT NULL,
  `slug` varchar(255) DEFAULT NULL,
  `description` text,
  `day` int(11) DEFAULT NULL,
  `week` int(11) DEFAULT NULL,
  `league_rally` tinyint(1) DEFAULT '0',
  `big_awards` tinyint(1) DEFAULT '0',
  `created_at` datetime NOT NULL,
  `updated_at` datetime NOT NULL,
  `deleted_at` datetime DEFAULT NULL,
  PRIMARY KEY (`id`)
) ENGINE=MyISAM AUTO_INCREMENT=80 DEFAULT CHARSET=utf8;

-- Zrzucanie danych dla tabeli ral.rally_data_rally: 72 rows
DELETE FROM `rally_data_rally`;
/*!40000 ALTER TABLE `rally_data_rally` DISABLE KEYS */;
INSERT INTO `rally_data_rally` (`id`, `name`, `slug`, `description`, `day`, `week`, `league_rally`, `big_awards`, `created_at`, `updated_at`, `deleted_at`) VALUES
	(1, 'Rally Monte Carlo', 'rally-monte-carlo', '', 1, 1, 0, 0, '2015-08-08 12:50:19', '2015-08-13 10:37:28', NULL),
	(2, 'Rally Sweden', 'rally-sweden', '', 1, 2, 0, 0, '2015-08-08 12:56:21', '2015-08-13 10:37:28', NULL),
	(3, 'Rally Guanajuato Mexico', 'rally-guanajuato-mexico', '', 1, 3, 0, 0, '2015-08-08 13:01:41', '2015-08-13 10:37:28', NULL),
	(4, 'XION RALLY ARGENTINA', 'xion-rally-argentina', '', 1, 4, 0, 0, '2015-08-08 13:05:32', '2015-08-13 10:37:28', NULL),
	(5, 'Rally de Portugal', 'rally-de-portugal', '', 1, 5, 0, 0, '2015-08-08 13:09:53', '2015-08-13 10:37:28', NULL),
	(6, 'RALLY ITALIA SARDEGNA', 'rally-italia-sardegna', '', 1, 6, 0, 0, '2015-08-08 14:53:32', '2015-08-13 10:37:28', NULL),
	(7, 'Rally Poland', 'rally-poland', '', 1, 7, 0, 0, '2015-08-08 14:58:53', '2015-08-13 10:37:28', NULL),
	(8, 'Rally Finland', 'rally-finland', '', 1, 8, 0, 0, '2015-08-08 17:48:37', '2015-08-13 10:37:28', NULL),
	(9, 'Rally Deutschland', 'rally-deutschland', '', 1, 9, 0, 0, '2015-08-08 18:05:59', '2015-08-13 10:37:28', NULL),
	(10, 'Rally Australia', 'rally-australia', '', 1, 10, 0, 0, '2015-08-08 18:15:39', '2015-08-13 10:37:28', NULL),
	(11, 'Tour de Corse', 'tour-de-corse', '', 1, 11, 0, 0, '2015-08-09 09:08:15', '2015-08-13 10:37:28', NULL),
	(12, 'Rally Catalunya', 'rally-catalunya', '', 1, 12, 0, 0, '2015-08-09 09:29:15', '2015-08-13 10:37:43', NULL),
	(13, 'Wales Rally', 'wales-rally', '', 2, 1, 0, 0, '2015-08-09 09:33:26', '2015-08-13 10:37:43', NULL),
	(14, 'Janner Rally', 'janner-rally', '', 2, 2, 0, 0, '2015-08-09 14:43:27', '2015-08-13 10:37:43', NULL),
	(15, 'Rally Liepāja', 'rally-liepaja', '', 2, 3, 0, 0, '2015-08-09 14:47:06', '2015-08-13 10:37:43', NULL),
	(16, 'Rally Ireland', 'rally-ireland', '', 2, 4, 0, 0, '2015-08-09 18:29:55', '2015-08-13 10:37:43', NULL),
	(17, 'Rally Azores', 'rally-azores', '', 2, 5, 0, 0, '2015-08-09 18:37:22', '2015-08-13 10:37:43', NULL),
	(18, 'Ypres Rally', 'ypres-rally', '', 2, 6, 0, 0, '2015-08-10 10:35:26', '2015-08-13 10:37:43', NULL),
	(26, 'Rally Estonia', 'rally-estonia', '', 2, 7, 0, 0, '2015-08-10 10:51:22', '2015-08-13 10:37:43', NULL),
	(27, 'Rally Zlin', 'rally-zlin', '', 2, 8, 0, 0, '2015-08-10 10:54:48', '2015-08-13 10:37:43', NULL),
	(28, 'Cyprus Rally', 'cyprus-rally', '', 2, 9, 0, 0, '2015-08-10 10:57:37', '2015-08-13 10:37:43', NULL),
	(29, 'Acropolis Rally', 'acropolis-rally', '', 2, 10, 0, 0, '2015-08-10 11:00:38', '2015-08-13 10:37:43', NULL),
	(30, 'Rallye du Valais', 'rallye-du-valais', '', 2, 11, 0, 0, '2015-08-10 11:04:16', '2015-08-13 10:37:43', NULL),
	(31, 'Rajd Arlamow', 'rajd-arlamow', '', 2, 12, 0, 0, '2015-08-10 11:11:05', '2015-08-13 10:37:43', NULL),
	(32, 'Rajd Dolnoslaski', 'rajd-dolnoslaski', '', 3, 1, 0, 0, '2015-08-10 11:14:37', '2015-08-13 10:37:43', NULL),
	(33, 'Rajd Karkonoski', 'rajd-karkonoski', '', 3, 2, 0, 0, '2015-08-10 11:21:17', '2015-08-13 10:37:43', NULL),
	(34, 'Rajd Baltic Cup', 'rajd-baltic-cup', '', 3, 3, 0, 0, '2015-08-10 11:25:24', '2015-08-13 10:37:43', NULL),
	(35, 'Rajd Rzeszowski', 'rajd-rzeszowski', '', 3, 4, 0, 0, '2015-08-10 11:27:51', '2015-08-13 10:37:43', NULL),
	(36, 'Rajd Swidnicki', 'rajd-swidnicki', '', 3, 5, 0, 0, '2015-08-10 11:35:54', '2015-08-13 10:37:43', NULL),
	(37, 'Cochrane Winter Rally', 'cochrane-winter-rally', '', 3, 6, 0, 0, '2015-08-10 11:58:56', '2015-08-13 10:37:43', NULL),
	(38, 'Rally Russia', 'rally-russia', '', 3, 7, 0, 0, '2015-08-10 12:01:22', '2015-08-13 10:37:43', NULL),
	(39, 'Ostersund Winter Rally', 'ostersund-winter-rally', '', 3, 8, 0, 0, '2015-08-10 12:04:32', '2015-08-13 10:37:43', NULL),
	(40, 'Aurskog Holand Rally', 'aurskog-holand-rally', '', 3, 9, 0, 0, '2015-08-10 12:14:12', '2015-08-13 10:37:43', NULL),
	(41, 'Rally Elverum', 'rally-elverum', '', 3, 10, 0, 0, '2015-08-10 12:16:39', '2015-08-13 10:37:43', NULL),
	(42, 'Rally Hadeland', 'rally-hadeland', '', 3, 11, 0, 0, '2015-08-10 12:19:14', '2015-08-13 10:37:43', NULL),
	(43, 'Rally Hedemarken', 'rally-hedemarken', '', 3, 12, 0, 0, '2015-08-10 12:45:01', '2015-08-13 10:37:43', NULL),
	(44, 'Mountain Rally Norway', 'mountain-rally-norway', '', 4, 1, 0, 0, '2015-08-10 12:56:06', '2015-08-13 10:37:43', NULL),
	(45, 'Rally Norway', 'rally-norway', '', 4, 2, 0, 0, '2015-08-10 13:00:49', '2015-08-13 10:37:43', NULL),
	(46, 'Numedalsrally', 'numedalsrally', '', 4, 3, 0, 0, '2015-08-10 13:05:04', '2015-08-13 10:37:43', NULL),
	(47, 'Sigdalsrally', 'sigdalsrally', '', 4, 4, 0, 0, '2015-08-10 13:16:42', '2015-08-13 10:37:43', NULL),
	(48, 'Rally Sokndal', 'rally-sokndal', '', 4, 5, 0, 0, '2015-08-10 13:18:36', '2015-08-13 10:37:43', NULL),
	(49, 'Rally Sorland', 'rally-sorland', '', 4, 6, 0, 0, '2015-08-10 15:12:06', '2015-08-13 10:37:43', NULL),
	(50, 'Rally Telemark', 'rally-telemark', '', 4, 7, 0, 0, '2015-08-10 15:21:49', '2015-08-13 10:37:43', NULL),
	(51, 'Arctic Lapland Rally', 'arctic-lapland-rally', '', 4, 8, 0, 0, '2015-08-10 15:24:01', '2015-08-13 10:37:43', NULL),
	(52, 'Wechselland Rallye', 'wechselland-rallye', '', 4, 9, 0, 0, '2015-08-10 15:30:10', '2015-08-13 10:37:43', NULL),
	(53, 'Rally Barbados 2014', 'rally-barbados-2014', '', 4, 10, 0, 0, '2015-08-10 15:36:15', '2015-08-13 10:37:43', NULL),
	(54, 'TAC Rally', 'tac-rally', '', 4, 11, 0, 0, '2015-08-10 15:38:49', '2015-08-13 10:37:43', NULL),
	(55, 'Rallye de Wallonie', 'rallye-de-wallonie', '', 4, 12, 0, 0, '2015-08-10 15:41:57', '2015-08-13 10:37:43', NULL),
	(56, 'Rally de Curitiba', 'rally-de-curitiba', '', 5, 1, 0, 0, '2015-08-10 15:44:46', '2015-08-13 10:37:43', NULL),
	(57, 'Rally Bulgaria', 'rally-bulgaria', '', 5, 2, 0, 0, '2015-08-10 15:48:24', '2015-08-13 10:37:43', NULL),
	(58, 'Rally Croatia', 'rally-croatia', '', 5, 3, 0, 0, '2015-08-10 15:50:44', '2015-08-13 10:37:43', NULL),
	(59, 'Rally Agropa', 'rally-agropa', '', 5, 4, 0, 0, '2015-08-10 15:54:30', '2015-08-13 10:37:43', NULL),
	(60, 'Rally Bohemia', 'rally-bohemia', '', 5, 5, 0, 0, '2015-08-10 16:20:57', '2015-08-13 10:37:43', NULL),
	(61, 'Rallye Lyon - Charbonnieres', 'rallye-lyon-charbonnieres', '', 5, 6, 0, 0, '2015-08-10 16:27:13', '2015-08-13 10:37:43', NULL),
	(62, 'Rallye du Touquet', 'rallye-du-touquet', '', 5, 7, 0, 0, '2015-08-10 16:29:02', '2015-08-13 10:37:43', NULL),
	(63, 'Rallye Erzgebirge', 'rallye-erzgebirge', '', 5, 8, 0, 0, '2015-08-10 16:31:41', '2015-08-13 10:37:43', NULL),
	(64, 'Rally Jamaica', 'rally-jamaica', '', 5, 9, 0, 0, '2015-08-10 16:38:22', '2015-08-13 10:37:43', NULL),
	(65, 'Hellendoorn Rally', 'hellendoorn-rally', '', 5, 10, 0, 0, '2015-08-10 16:41:16', '2015-08-13 10:37:43', NULL),
	(66, 'Rallye de Luxembourg', 'rallye-de-luxembourg', '', 5, 11, 0, 0, '2015-08-10 16:47:23', '2015-08-13 10:37:43', NULL),
	(67, 'Qatar Rally', 'qatar-rally', '', 5, 12, 0, 0, '2015-08-10 16:50:08', '2015-08-13 10:37:43', NULL),
	(68, 'Rally Presov', 'rally-presov', '', 6, 1, 0, 0, '2015-08-10 16:52:25', '2015-08-13 10:37:43', NULL),
	(69, 'Rally of Scotland', 'rally-of-scotland', '', 6, 2, 0, 0, '2015-08-10 16:54:38', '2015-08-13 10:37:43', NULL),
	(70, 'Olympus Rally', 'olympus-rally', '', 6, 3, 0, 0, '2015-08-10 17:20:46', '2015-08-13 10:37:43', NULL),
	(71, 'Rally Tasmania', 'rally-tasmania', '', 6, 4, 0, 0, '2015-08-10 17:24:18', '2015-08-13 10:37:43', NULL),
	(72, 'Danboring Rally', 'danboring-rally', '', 6, 5, 0, 0, '2015-08-10 17:28:34', '2015-08-13 10:37:43', NULL),
	(73, 'Rally Japan', 'rally-japan', '', 6, 6, 0, 0, '2015-08-10 17:30:34', '2015-08-13 10:37:43', NULL),
	(74, 'Rajd Krzeszowic', 'rajd-krzeszowic', '', 6, 7, 0, 0, '2015-08-10 17:47:57', '2015-08-13 10:37:43', NULL),
	(75, 'Rajd Bochni', 'rajd-bochni', '', 6, 8, 0, 0, '2015-08-11 11:03:43', '2015-08-13 10:37:43', NULL),
	(76, 'Rajd Krakowski', 'rajd-krakowski', '', 6, 9, 0, 0, '2015-08-11 11:13:27', '2015-08-13 10:37:43', NULL),
	(77, 'Rajd Baltycki', 'rajd-baltycki', '', 6, 10, 0, 0, '2015-08-11 11:24:13', '2015-08-13 10:37:43', NULL),
	(78, 'Rally of the Tall Pines', 'rally-of-the-tall-pines', '', 6, 11, 0, 0, '2015-08-11 11:38:04', '2015-08-13 10:37:43', NULL),
	(79, 'Sibiu Rally Romania', 'sibiu-rally-romania', '', 6, 12, 0, 0, '2015-08-11 11:57:54', '2015-08-13 10:37:43', NULL);
/*!40000 ALTER TABLE `rally_data_rally` ENABLE KEYS */;


-- Zrzut struktury tabela ral.rally_data_stage
DROP TABLE IF EXISTS `rally_data_stage`;
CREATE TABLE IF NOT EXISTS `rally_data_stage` (
  `id` int(11) NOT NULL AUTO_INCREMENT,
  `rally_id` int(11) DEFAULT NULL,
  `name` varchar(255) DEFAULT NULL,
  `length` decimal(18,2) DEFAULT NULL,
  `min_time` time DEFAULT NULL,
  `created_at` datetime NOT NULL,
  `updated_at` datetime NOT NULL,
  PRIMARY KEY (`id`),
  KEY `rally_id_idx` (`rally_id`)
) ENGINE=MyISAM AUTO_INCREMENT=1336 DEFAULT CHARSET=utf8;

-- Zrzucanie danych dla tabeli ral.rally_data_stage: 1 114 rows
DELETE FROM `rally_data_stage`;
/*!40000 ALTER TABLE `rally_data_stage` DISABLE KEYS */;
INSERT INTO `rally_data_stage` (`id`, `rally_id`, `name`, `length`, `min_time`, `created_at`, `updated_at`) VALUES
	(1, 1, 'ENTREVAUX - ROUAINE', 21.55, '00:14:04', '2015-08-08 12:50:19', '2015-08-12 15:56:58'),
	(2, 1, 'NORANTE - DIGNE-LES-BAINS', 19.68, '00:13:42', '2015-08-08 12:50:19', '2015-08-12 15:56:58'),
	(3, 1, 'LA SALLE EN BEAUMONT', 15.60, '00:00:00', '2015-08-08 12:50:19', '2015-08-12 15:56:58'),
	(4, 1, 'ASPRES LES CORPS', 25.28, '00:17:05', '2015-08-08 12:50:19', '2015-08-12 15:56:58'),
	(5, 1, 'LES COSTES', 25.72, '00:00:00', '2015-08-08 12:50:19', '2015-08-12 15:56:58'),
	(6, 1, 'LA SALLE EN BEAUMONT', 15.72, '00:09:29', '2015-08-08 12:50:19', '2015-08-12 15:56:58'),
	(7, 1, 'ASPRES LES CORPS - CHAUFFAYER 2', 25.94, '00:16:02', '2015-08-08 12:50:20', '2015-08-12 15:56:58'),
	(8, 1, 'LES COSTES - ST JULIEN EN CHAMPSAUR 2', 25.16, '00:14:35', '2015-08-08 12:50:20', '2015-08-12 15:56:58'),
	(9, 1, 'PRUNIERES - EMBRUN 1', 19.24, '00:11:16', '2015-08-08 12:50:20', '2015-08-12 15:56:58'),
	(10, 1, 'LARDIER ET VALENCA - FAYE', 51.38, '00:35:00', '2015-08-08 12:50:20', '2015-08-12 15:56:58'),
	(11, 1, 'PRUNIERES - EMBRUN 2', 19.84, '00:13:03', '2015-08-08 12:50:20', '2015-08-12 15:56:58'),
	(12, 1, 'SISTERON - THOARD', 36.17, '00:00:00', '2015-08-08 12:50:20', '2015-08-12 15:56:58'),
	(13, 1, 'COL ST JEAN - ST LAURENT 1', 10.77, '00:00:00', '2015-08-08 12:50:20', '2015-08-12 15:56:58'),
	(14, 1, 'LA BOLLENE VESUBIE - SOSPEL', 31.55, '00:19:46', '2015-08-08 12:50:20', '2015-08-12 15:56:58'),
	(15, 1, ' COL ST JEAN - ST LAURENT 2', 10.83, '00:06:27', '2015-08-08 12:50:20', '2015-08-12 15:56:58'),
	(18, 2, 'SUPER SPECIAL STAGE KARLSTAD', 1.94, '00:01:14', '2015-08-08 12:56:21', '2015-08-12 15:56:58'),
	(19, 2, 'TORSBY 1', 14.80, '00:00:00', '2015-08-08 12:56:21', '2015-08-12 15:56:58'),
	(20, 2, 'ROJDEN 1', 18.74, '00:12:09', '2015-08-08 12:56:21', '2015-08-12 15:56:58'),
	(21, 2, 'FINNSKOGEN 1', 20.99, '00:00:00', '2015-08-08 12:56:22', '2015-08-12 15:56:58'),
	(22, 2, 'KIRKENAER 1', 7.89, '00:05:09', '2015-08-08 12:56:22', '2015-08-12 15:56:58'),
	(23, 2, 'KIRKENAER 2', 7.21, '00:04:32', '2015-08-08 12:56:22', '2015-08-12 15:56:58'),
	(24, 2, 'FINNSKOGEN 2', 20.94, '00:13:42', '2015-08-08 12:56:22', '2015-08-12 15:56:58'),
	(25, 2, 'TORSBY 2', 14.80, '00:09:42', '2015-08-08 12:56:22', '2015-08-12 15:56:58'),
	(26, 2, 'SUPER SPECIAL STAGE KARLSTAD 2', 1.94, '00:01:21', '2015-08-08 12:56:22', '2015-08-12 15:56:58'),
	(27, 2, 'FREDRIKSBERG 1', 18.20, '00:10:52', '2015-08-08 12:56:22', '2015-08-12 15:56:58'),
	(28, 2, 'RAMMEN 1', 22.65, '00:00:00', '2015-08-08 12:56:22', '2015-08-12 15:56:58'),
	(29, 2, 'HAGFORS SPRINT 1', 1.83, '00:01:17', '2015-08-08 12:56:22', '2015-08-12 15:56:58'),
	(30, 2, 'VARGASEN 1', 24.42, '00:15:29', '2015-08-08 12:56:22', '2015-08-12 15:56:58'),
	(31, 2, 'RAMMEN 2', 22.63, '00:15:24', '2015-08-08 12:56:22', '2015-08-12 15:56:58'),
	(32, 2, 'HAGFORS SPRINT 2', 1.76, '00:01:11', '2015-08-08 12:56:22', '2015-08-12 15:56:58'),
	(33, 2, 'VARGASEN 2', 24.22, '00:16:16', '2015-08-08 12:56:22', '2015-08-12 15:56:58'),
	(35, 3, 'STREET STAGE GUANAJUATO', 1.85, '00:01:09', '2015-08-08 13:01:41', '2015-08-12 15:56:58'),
	(36, 3, 'SUPER SPECIAL 1', 4.92, '00:03:14', '2015-08-08 13:01:41', '2015-08-12 15:56:58'),
	(37, 3, 'LOS MEXICANOS 1', 9.77, '00:06:02', '2015-08-08 13:01:41', '2015-08-12 15:56:58'),
	(38, 3, 'EL CHOCOLATE 1', 44.12, '00:29:41', '2015-08-08 13:01:41', '2015-08-12 15:56:58'),
	(39, 3, 'LAS MINAS 1', 15.34, '00:00:00', '2015-08-08 13:01:41', '2015-08-12 15:56:58'),
	(40, 3, 'STREET STAGE LEON 1', 1.91, '00:01:25', '2015-08-08 13:01:41', '2015-08-12 15:56:58'),
	(41, 3, 'LOS MEXICANOS 2', 9.68, '00:05:45', '2015-08-08 13:01:41', '2015-08-12 15:56:58'),
	(42, 3, 'EL CHOCOLATE 2', 44.17, '00:00:00', '2015-08-08 13:01:41', '2015-08-12 15:56:58'),
	(43, 3, 'LAS MINAS 2', 15.43, '00:10:54', '2015-08-08 13:01:41', '2015-08-12 15:56:58'),
	(44, 3, 'SUPER SPECIAL 2', 4.92, '00:00:00', '2015-08-08 13:01:42', '2015-08-12 15:56:58'),
	(45, 3, 'IBARRILLA 1', 30.89, '00:19:37', '2015-08-08 13:01:42', '2015-08-12 15:56:58'),
	(46, 3, 'OTATES 1', 42.44, '00:29:13', '2015-08-08 13:01:42', '2015-08-12 15:56:58'),
	(47, 3, 'EL BRINCO 1', 8.42, '00:05:29', '2015-08-08 13:01:42', '2015-08-12 15:56:58'),
	(48, 3, 'STREET STAGE LEON 2', 1.91, '00:01:03', '2015-08-08 13:01:42', '2015-08-12 15:56:58'),
	(49, 3, 'IBARRILLA 2', 30.48, '00:20:02', '2015-08-08 13:01:42', '2015-08-12 15:56:58'),
	(50, 3, 'OTATES 2', 42.59, '00:28:29', '2015-08-08 13:01:42', '2015-08-12 15:56:58'),
	(51, 3, 'EL BRINCO 2', 8.96, '00:00:00', '2015-08-08 13:01:42', '2015-08-12 15:56:58'),
	(52, 4, 'SUPER ESPECIAL MERLO', 2.89, '00:00:00', '2015-08-08 13:05:33', '2015-08-12 15:56:58'),
	(53, 4, 'AGUA DE ORO - ASCOCHINGA', 51.78, '00:33:11', '2015-08-08 13:05:33', '2015-08-12 15:56:58'),
	(54, 4, 'VILLA BUSTOS - TANTI', 19.68, '00:12:46', '2015-08-08 13:05:33', '2015-08-12 15:56:58'),
	(55, 4, 'AGUA DE ORO - ASCOCHINGA II', 51.78, '00:30:52', '2015-08-08 13:05:33', '2015-08-12 15:56:58'),
	(56, 4, 'VILLA BUSTOS - TANTI II', 19.68, '00:12:09', '2015-08-08 13:05:33', '2015-08-12 15:56:58'),
	(57, 4, 'SUPER ESPECIAL FERNET BRANCA', 6.84, '00:04:02', '2015-08-08 13:05:33', '2015-08-12 15:56:58'),
	(58, 4, 'FERNET BRANCA', 23.35, '00:14:38', '2015-08-08 13:05:33', '2015-08-12 15:56:58'),
	(59, 4, 'SAN MARCOS', 42.41, '00:28:52', '2015-08-08 13:05:33', '2015-08-12 15:56:58'),
	(60, 4, 'FERNET BRANCA II', 23.35, '00:15:39', '2015-08-08 13:05:33', '2015-08-12 15:56:58'),
	(61, 4, 'SAN MARCOS II', 42.41, '00:27:58', '2015-08-08 13:05:33', '2015-08-12 15:56:58'),
	(62, 4, 'EL CONDOR', 16.60, '00:09:38', '2015-08-08 13:05:33', '2015-08-12 15:56:58'),
	(63, 4, 'POWER STAGE EL CONDOR', 16.17, '00:09:32', '2015-08-08 13:05:33', '2015-08-12 15:56:58'),
	(71, 5, 'CAMINHA', 18.40, '00:12:37', '2015-08-08 13:09:54', '2015-08-12 15:56:58'),
	(70, 5, 'PONTE DE LIMA 1', 27.64, '00:18:55', '2015-08-08 13:09:54', '2015-08-12 15:56:58'),
	(69, 5, 'LOUSADA', 3.14, '00:00:00', '2015-08-08 13:09:53', '2015-08-12 15:56:58'),
	(72, 5, 'VIANA DO CASTELO', 18.36, '00:11:03', '2015-08-08 13:09:54', '2015-08-12 15:56:58'),
	(73, 5, 'PONTE DE LIMA 2', 27.72, '00:17:15', '2015-08-08 13:09:54', '2015-08-12 15:56:58'),
	(74, 5, 'CAMINHA 2', 18.40, '00:10:56', '2015-08-08 13:09:54', '2015-08-12 15:56:58'),
	(75, 5, 'VIANA DO CASTELO 2', 18.36, '00:00:00', '2015-08-08 13:09:54', '2015-08-12 15:56:58'),
	(76, 5, 'BAIAO', 18.28, '00:00:00', '2015-08-08 13:09:54', '2015-08-12 15:56:58'),
	(77, 5, 'MARAO', 26.53, '00:00:00', '2015-08-08 13:09:54', '2015-08-12 15:56:58'),
	(78, 5, 'FRIDAO', 37.53, '00:21:42', '2015-08-08 13:09:54', '2015-08-12 15:56:58'),
	(79, 5, 'BAIAO 2', 18.28, '00:12:01', '2015-08-08 13:09:54', '2015-08-12 15:56:58'),
	(80, 5, 'MARAO 2', 26.53, '00:15:57', '2015-08-08 13:09:54', '2015-08-12 15:56:58'),
	(81, 5, 'FRIDAO 2', 37.53, '00:00:00', '2015-08-08 13:09:54', '2015-08-12 15:56:58'),
	(82, 5, 'FAFE 1', 11.39, '00:00:00', '2015-08-08 13:09:54', '2015-08-12 15:56:58'),
	(83, 5, 'VIEIRA DO MINHO', 32.38, '00:00:00', '2015-08-08 13:09:54', '2015-08-12 15:56:58'),
	(84, 5, 'FAFE 2', 11.56, '00:07:11', '2015-08-08 13:09:55', '2015-08-12 15:56:58'),
	(85, 6, 'CITTA\' DI GAGLIARI', 2.29, '00:01:58', '2015-08-08 14:53:32', '2015-08-12 15:56:58'),
	(86, 6, 'GRIGHINE SUD', 26.31, '00:00:00', '2015-08-08 14:53:33', '2015-08-12 15:56:58'),
	(87, 6, 'GRIGHINE NORD', 18.68, '00:10:08', '2015-08-08 14:53:33', '2015-08-12 15:56:58'),
	(88, 6, 'MONTIFERRU', 14.86, '00:00:00', '2015-08-08 14:53:33', '2015-08-12 15:56:58'),
	(89, 6, 'SAGAMA', 2.41, '00:00:00', '2015-08-08 14:53:33', '2015-08-12 15:56:58'),
	(90, 6, 'SAGAMA 2', 2.41, '00:01:55', '2015-08-08 14:53:33', '2015-08-12 15:56:58'),
	(91, 6, 'SINIS - MONT\' E PRAMA', 14.70, '00:10:03', '2015-08-08 14:53:33', '2015-08-12 15:56:58'),
	(92, 6, 'GRIGHINE SUD 2', 26.31, '00:18:11', '2015-08-08 14:53:33', '2015-08-12 15:56:58'),
	(93, 6, 'GRIGHINE NORD 2', 18.68, '00:11:49', '2015-08-08 14:53:33', '2015-08-12 15:56:58'),
	(94, 6, 'MONTIFERRU 2', 14.86, '00:00:00', '2015-08-08 14:53:33', '2015-08-12 15:56:58'),
	(95, 6, 'ITTIRI ARENA', 1.98, '00:01:33', '2015-08-08 14:53:33', '2015-08-12 15:56:58'),
	(96, 6, 'MONTI DI ALA\' 1', 22.96, '00:13:51', '2015-08-08 14:53:33', '2015-08-12 15:56:58'),
	(97, 6, 'COILUNA - LOELLE', 36.43, '00:00:00', '2015-08-08 14:53:33', '2015-08-12 15:56:58'),
	(98, 6, 'MONTE LERNO', 42.55, '00:24:08', '2015-08-08 14:53:33', '2015-08-12 15:56:58'),
	(99, 6, 'OZIERI - ARDARA', 7.70, '00:05:21', '2015-08-08 14:53:33', '2015-08-12 15:56:58'),
	(100, 6, 'ITTIRI ARENA 2', 1.98, '00:01:29', '2015-08-08 14:53:34', '2015-08-12 15:56:58'),
	(101, 6, 'MONTI DI ALA\' 2', 22.50, '00:15:33', '2015-08-08 14:53:34', '2015-08-12 15:56:58'),
	(102, 7, 'MIKOLAJKI ARENA', 2.40, '00:01:06', '2015-08-08 14:58:53', '2015-08-12 15:56:58'),
	(103, 7, 'GORKLO', 13.40, '00:08:52', '2015-08-08 14:58:53', '2015-08-12 15:56:58'),
	(104, 7, 'GOLDAP', 14.65, '00:09:04', '2015-08-08 14:58:53', '2015-08-12 15:56:58'),
	(105, 7, 'BABKI', 14.87, '00:00:00', '2015-08-08 14:58:54', '2015-08-12 15:56:58'),
	(106, 7, 'STANCZYKI', 39.62, '00:26:19', '2015-08-08 14:58:54', '2015-08-12 15:56:58'),
	(107, 7, 'BABKI 2', 14.87, '00:00:00', '2015-08-08 14:58:54', '2015-08-12 15:56:58'),
	(108, 7, 'STANCZYKI 2', 39.62, '00:23:00', '2015-08-08 14:58:54', '2015-08-12 15:56:58'),
	(109, 7, 'GOLDAP 2', 14.65, '00:00:00', '2015-08-08 14:58:54', '2015-08-12 15:56:58'),
	(110, 7, 'MIKOLAJKI ARENA 2', 2.40, '00:01:55', '2015-08-08 14:58:54', '2015-08-12 15:56:58'),
	(111, 7, 'MAZURY', 17.52, '00:11:26', '2015-08-08 14:58:54', '2015-08-12 15:56:58'),
	(112, 7, 'WIELICZKI', 12.62, '00:07:55', '2015-08-08 14:58:54', '2015-08-12 15:56:58'),
	(113, 7, 'SWIETAJNO', 21.59, '00:00:00', '2015-08-08 14:58:54', '2015-08-12 15:56:58'),
	(114, 7, 'PAPROTKI', 23.68, '00:16:08', '2015-08-08 14:58:54', '2015-08-12 15:56:58'),
	(115, 7, 'MAZURY 2', 17.52, '00:10:16', '2015-08-08 14:58:54', '2015-08-12 15:56:58'),
	(116, 7, 'WIELICZKI 2', 12.62, '00:07:27', '2015-08-08 14:58:54', '2015-08-12 15:56:58'),
	(117, 7, 'SWIETAJNO 2', 21.59, '00:14:51', '2015-08-08 14:58:54', '2015-08-12 15:56:58'),
	(118, 7, 'MIKOLAJKI ARENA 3', 2.40, '00:00:00', '2015-08-08 14:58:55', '2015-08-12 15:56:58'),
	(119, 8, 'HARJU', 2.21, '00:01:36', '2015-08-08 17:48:37', '2015-08-12 15:56:58'),
	(120, 8, 'PIHLAJAKOSKI', 14.65, '00:09:54', '2015-08-08 17:48:38', '2015-08-12 15:56:58'),
	(121, 8, 'PAIJALA', 23.28, '00:00:00', '2015-08-08 17:48:38', '2015-08-12 15:56:58'),
	(122, 8, 'OUNINPOHJA', 34.51, '00:23:31', '2015-08-08 17:48:38', '2015-08-12 15:56:58'),
	(123, 8, 'HIMOS', 5.16, '00:00:00', '2015-08-08 17:48:38', '2015-08-12 15:56:58'),
	(124, 8, 'PIHLAJAKOSKI 2', 14.65, '00:00:00', '2015-08-08 17:48:38', '2015-08-12 15:56:58'),
	(125, 8, 'PAIJALA 2', 23.28, '00:00:00', '2015-08-08 17:48:38', '2015-08-12 15:56:58'),
	(126, 8, 'OUNINPOHJA 2', 34.51, '00:00:00', '2015-08-08 17:48:38', '2015-08-12 15:56:58'),
	(127, 8, 'HIMOS 2', 5.16, '00:03:28', '2015-08-08 17:48:38', '2015-08-12 15:56:58'),
	(128, 8, 'HARJU 2', 2.21, '00:01:38', '2015-08-08 17:48:38', '2015-08-12 15:56:58'),
	(129, 8, 'MOKKIPERA', 13.60, '00:00:00', '2015-08-08 17:48:38', '2015-08-12 15:56:58'),
	(130, 8, 'JUKOJARVI', 21.78, '00:00:00', '2015-08-08 17:48:38', '2015-08-12 15:56:58'),
	(131, 8, 'SURKEE', 14.25, '00:09:16', '2015-08-08 17:48:38', '2015-08-12 15:56:58'),
	(132, 8, 'HORKKA', 15.22, '00:00:00', '2015-08-08 17:48:38', '2015-08-12 15:56:58'),
	(133, 8, 'MOKKIPERA 2', 13.60, '00:08:57', '2015-08-08 17:48:38', '2015-08-12 15:56:58'),
	(134, 8, 'JUKOJARVI 2', 21.78, '00:00:00', '2015-08-08 17:48:38', '2015-08-12 15:56:58'),
	(135, 8, 'SURKEE 2', 14.25, '00:00:00', '2015-08-08 17:48:39', '2015-08-12 15:56:58'),
	(136, 9, 'Sauertal', 14.84, '00:00:00', '2015-08-08 18:06:00', '2015-08-12 15:56:58'),
	(137, 9, 'Waxweiler', 16.45, '00:11:03', '2015-08-08 18:06:00', '2015-08-12 15:56:58'),
	(138, 9, 'Moselland', 23.37, '00:14:38', '2015-08-08 18:06:00', '2015-08-12 15:56:58'),
	(139, 9, 'Sauertal 2', 14.84, '00:08:37', '2015-08-08 18:06:00', '2015-08-12 15:56:58'),
	(140, 9, 'Waxweiler 2', 16.45, '00:09:05', '2015-08-08 18:06:00', '2015-08-12 15:56:58'),
	(141, 9, 'Moselland 2', 23.37, '00:14:23', '2015-08-08 18:06:00', '2015-08-12 15:56:58'),
	(142, 9, 'Mittelmosel 2', 13.80, '00:08:37', '2015-08-08 18:06:00', '2015-08-12 15:56:58'),
	(143, 9, 'Grafschaft', 18.76, '00:12:08', '2015-08-08 18:06:00', '2015-08-12 15:56:58'),
	(144, 9, 'Bosenberg', 17.55, '00:11:07', '2015-08-08 18:06:00', '2015-08-12 15:56:58'),
	(145, 9, 'Arena Panzerplatte', 2.48, '00:01:57', '2015-08-08 18:06:00', '2015-08-12 15:56:58'),
	(146, 9, 'Arena Panzerplatte 2', 2.48, '00:01:45', '2015-08-08 18:06:01', '2015-08-12 15:56:58'),
	(147, 9, 'Panzerplatte Lang', 45.37, '00:00:00', '2015-08-08 18:06:01', '2015-08-12 15:56:58'),
	(148, 9, 'Grafschaft 2', 18.76, '00:11:12', '2015-08-08 18:06:01', '2015-08-12 15:56:58'),
	(149, 9, 'Arena Panzerplatte 3', 2.48, '00:01:54', '2015-08-08 18:06:01', '2015-08-12 15:56:58'),
	(150, 9, 'Panzerplatte Lang 2', 45.37, '00:00:00', '2015-08-08 18:06:01', '2015-08-12 15:56:58'),
	(151, 9, 'Bosenberg 2', 17.55, '00:00:00', '2015-08-08 18:06:01', '2015-08-12 15:56:58'),
	(152, 9, 'Stei & Wein', 19.32, '00:13:12', '2015-08-08 18:06:01', '2015-08-12 15:56:58'),
	(153, 10, 'Hydes Creek', 10.48, '00:06:37', '2015-08-08 18:15:39', '2015-08-12 15:56:58'),
	(154, 10, 'Bellingen', 10.21, '00:06:03', '2015-08-08 18:15:39', '2015-08-12 15:56:58'),
	(155, 10, 'Newry', 24.86, '00:14:56', '2015-08-08 18:15:39', '2015-08-12 15:56:58'),
	(156, 10, 'Hydes Creek 2', 10.48, '00:06:04', '2015-08-08 18:15:40', '2015-08-12 15:56:58'),
	(157, 10, 'Bellingen 2', 10.21, '00:06:56', '2015-08-08 18:15:40', '2015-08-12 15:56:58'),
	(158, 10, 'Newry 2', 24.86, '00:00:00', '2015-08-08 18:15:40', '2015-08-12 15:56:58'),
	(159, 10, 'Super Special Stage ', 1.55, '00:00:00', '2015-08-08 18:15:40', '2015-08-12 15:56:58'),
	(160, 10, 'Super Special Stage 2', 1.81, '00:01:13', '2015-08-08 18:15:40', '2015-08-12 15:56:58'),
	(161, 10, 'Nambucca', 48.21, '00:30:44', '2015-08-08 18:15:40', '2015-08-12 15:56:58'),
	(162, 10, 'Valla', 8.90, '00:05:02', '2015-08-08 18:15:40', '2015-08-12 15:56:58'),
	(163, 10, 'Nambucca 2', 48.21, '00:00:00', '2015-08-08 18:15:40', '2015-08-12 15:56:58'),
	(164, 10, 'Valla 2', 8.90, '00:05:56', '2015-08-08 18:15:40', '2015-08-12 15:56:58'),
	(165, 10, 'Super Special Stage 3', 1.81, '00:01:23', '2015-08-08 18:15:40', '2015-08-12 15:56:58'),
	(166, 10, 'Super Special Stage 4', 1.50, '00:01:00', '2015-08-08 18:15:40', '2015-08-12 15:56:58'),
	(167, 10, 'Shipmans', 24.14, '00:00:00', '2015-08-08 18:15:40', '2015-08-12 15:56:58'),
	(168, 10, 'Bucca', 10.90, '00:06:48', '2015-08-08 18:15:40', '2015-08-12 15:56:58'),
	(169, 10, 'Wedding Bells', 9.37, '00:00:00', '2015-08-08 18:15:40', '2015-08-12 15:56:58'),
	(170, 11, 'Plage du LIamone', 19.91, '00:12:48', '2015-08-09 09:08:16', '2015-08-12 15:56:58'),
	(171, 11, 'Casamozza', 23.66, '00:00:00', '2015-08-09 09:08:16', '2015-08-12 15:56:58'),
	(172, 11, 'Francardo', 16.34, '00:09:19', '2015-08-09 09:08:16', '2015-08-12 15:56:58'),
	(173, 11, 'Plage du Liamone 2', 19.91, '00:11:49', '2015-08-09 09:08:16', '2015-08-12 15:56:58'),
	(174, 11, 'Casamozza 2', 23.66, '00:00:00', '2015-08-09 09:08:16', '2015-08-12 15:56:58'),
	(175, 11, 'Francardo 2', 16.34, '00:00:00', '2015-08-09 09:08:16', '2015-08-12 15:56:58'),
	(176, 11, 'Casamozza 3', 23.66, '00:14:47', '2015-08-09 09:08:16', '2015-08-12 15:56:58'),
	(177, 11, 'Francardo 3', 16.34, '00:10:03', '2015-08-09 09:08:16', '2015-08-12 15:56:58'),
	(178, 11, 'Muracciole', 28.92, '00:18:24', '2015-08-09 09:08:16', '2015-08-12 15:56:58'),
	(179, 11, 'Sotta', 26.28, '00:15:49', '2015-08-09 09:08:16', '2015-08-12 15:56:58'),
	(180, 11, 'Muracciole', 28.46, '00:19:17', '2015-08-09 09:08:16', '2015-08-12 15:56:58'),
	(181, 11, 'Zerubia', 31.43, '00:00:00', '2015-08-09 09:08:16', '2015-08-12 15:56:58'),
	(182, 11, 'Bisinao', 16.74, '00:11:42', '2015-08-09 09:08:16', '2015-08-12 15:56:58'),
	(183, 11, 'Zerubia 2', 31.43, '00:00:00', '2015-08-09 09:08:16', '2015-08-12 15:56:58'),
	(184, 11, 'Bisinao 2', 16.74, '00:10:06', '2015-08-09 09:08:17', '2015-08-12 15:56:58'),
	(185, 12, 'Barcelona', 3.11, '00:02:09', '2015-08-09 09:29:16', '2015-08-12 15:56:58'),
	(186, 12, 'Mora d\'Ebre', 9.69, '00:00:00', '2015-08-09 09:29:16', '2015-08-12 15:56:58'),
	(187, 12, 'Caseres', 12.10, '00:08:05', '2015-08-09 09:29:16', '2015-08-12 15:56:58'),
	(188, 12, 'Bot', 6.21, '00:04:12', '2015-08-09 09:29:16', '2015-08-12 15:56:58'),
	(189, 12, 'Terra Alta', 35.41, '00:24:01', '2015-08-09 09:29:16', '2015-08-12 15:56:58'),
	(190, 12, 'Mora d\'Ebre 2', 9.69, '00:00:00', '2015-08-09 09:29:16', '2015-08-12 15:56:58'),
	(191, 12, 'Caseres 2', 12.10, '00:00:00', '2015-08-09 09:29:16', '2015-08-12 15:56:58'),
	(192, 12, 'Bot 2', 6.21, '00:03:06', '2015-08-09 09:29:16', '2015-08-12 15:56:58'),
	(193, 12, 'Terra Alta 2', 35.41, '00:23:13', '2015-08-09 09:29:16', '2015-08-12 15:56:58'),
	(194, 12, 'Porrera', 7.91, '00:00:00', '2015-08-09 09:29:16', '2015-08-12 15:56:58'),
	(195, 12, 'La Figuera', 26.35, '00:00:00', '2015-08-09 09:29:16', '2015-08-12 15:56:58'),
	(196, 12, 'Poboleda', 10.73, '00:00:00', '2015-08-09 09:29:16', '2015-08-12 15:56:58'),
	(197, 12, 'Capafonts', 19.13, '00:13:08', '2015-08-09 09:29:17', '2015-08-12 15:56:58'),
	(198, 12, 'La Figuera 2', 26.35, '00:16:51', '2015-08-09 09:29:17', '2015-08-12 15:56:58'),
	(199, 12, 'Poboleda 2', 10.73, '00:07:27', '2015-08-09 09:29:17', '2015-08-12 15:56:58'),
	(200, 12, 'Capafonts 2', 19.13, '00:12:08', '2015-08-09 09:29:17', '2015-08-12 15:56:58'),
	(201, 12, 'Salou', 2.62, '00:00:00', '2015-08-09 09:29:17', '2015-08-12 15:56:58'),
	(202, 13, 'Hafren', 32.44, '00:00:00', '2015-08-09 09:33:26', '2015-08-12 15:56:58'),
	(203, 13, 'Sweet Lamb', 2.97, '00:01:09', '2015-08-09 09:33:26', '2015-08-12 15:56:58'),
	(204, 13, 'Myherin', 31.73, '00:21:54', '2015-08-09 09:33:26', '2015-08-12 15:56:58'),
	(205, 13, 'Harfen 2', 32.60, '00:19:43', '2015-08-09 09:33:26', '2015-08-12 15:56:58'),
	(206, 13, 'Sweet Lamb 2', 2.97, '00:00:00', '2015-08-09 09:33:27', '2015-08-12 15:56:58'),
	(207, 13, 'Myherin 2', 31.73, '00:00:00', '2015-08-09 09:33:27', '2015-08-12 15:56:58'),
	(208, 13, 'Gartheiniog', 11.97, '00:00:00', '2015-08-09 09:33:27', '2015-08-12 15:56:58'),
	(209, 13, 'Dyfi', 25.37, '00:16:16', '2015-08-09 09:33:27', '2015-08-12 15:56:58'),
	(210, 13, 'Gartheiniog 2', 11.97, '00:00:00', '2015-08-09 09:33:27', '2015-08-12 15:56:58'),
	(211, 13, 'Dyfi 2', 25.37, '00:16:14', '2015-08-09 09:33:27', '2015-08-12 15:56:58'),
	(212, 13, 'Dyfnant', 19.89, '00:00:00', '2015-08-09 09:33:27', '2015-08-12 15:56:58'),
	(213, 13, 'Aberhirnant', 13.70, '00:08:42', '2015-08-09 09:33:27', '2015-08-12 15:56:58'),
	(214, 13, 'Chirk Castle', 2.28, '00:01:37', '2015-08-09 09:33:27', '2015-08-12 15:56:58'),
	(215, 13, 'Dynant 2', 19.83, '00:12:18', '2015-08-09 09:33:27', '2015-08-12 15:56:58'),
	(216, 13, 'Aberhirnant 2', 13.70, '00:00:00', '2015-08-09 09:33:27', '2015-08-12 15:56:58'),
	(217, 13, 'Brenig', 10.99, '00:06:59', '2015-08-09 09:33:27', '2015-08-12 15:56:58'),
	(218, 13, 'ALwen', 10.16, '00:00:00', '2015-08-09 09:33:27', '2015-08-12 15:56:58'),
	(219, 14, 'Pierbach', 18.57, '00:12:51', '2015-08-09 14:43:28', '2015-08-12 15:56:58'),
	(220, 14, 'Liebenau', 10.10, '00:00:00', '2015-08-09 14:43:28', '2015-08-12 15:56:58'),
	(221, 14, 'St. Oswald', 8.20, '00:00:00', '2015-08-09 14:43:28', '2015-08-12 15:56:58'),
	(222, 14, 'Pierbach 2', 18.57, '00:12:45', '2015-08-09 14:43:28', '2015-08-12 15:56:58'),
	(223, 14, 'Liebenau 2', 10.10, '00:06:25', '2015-08-09 14:43:28', '2015-08-12 15:56:58'),
	(224, 14, 'St. Ostwald', 8.22, '00:00:00', '2015-08-09 14:43:28', '2015-08-12 15:56:58'),
	(225, 14, 'Pregarten', 8.44, '00:00:00', '2015-08-09 14:43:28', '2015-08-12 15:56:58'),
	(226, 14, 'Schonau', 22.80, '00:00:00', '2015-08-09 14:43:28', '2015-08-12 15:56:58'),
	(227, 14, 'Pregarten 2', 8.44, '00:05:03', '2015-08-09 14:43:28', '2015-08-12 15:56:58'),
	(228, 14, 'Schonau', 22.81, '00:15:18', '2015-08-09 14:43:28', '2015-08-12 15:56:58'),
	(229, 14, 'Gutau', 8.68, '00:00:00', '2015-08-09 14:43:28', '2015-08-12 15:56:58'),
	(230, 14, 'Unterweissenbach 2', 12.31, '00:00:00', '2015-08-09 14:43:29', '2015-08-12 15:56:58'),
	(231, 14, 'Arena Konigswiesen', 7.33, '00:00:00', '2015-08-09 14:43:29', '2015-08-12 15:56:58'),
	(232, 14, 'Gutau 2', 8.68, '00:00:00', '2015-08-09 14:43:29', '2015-08-12 15:56:58'),
	(233, 14, 'Unterweissenbach', 12.31, '00:07:08', '2015-08-09 14:43:29', '2015-08-12 15:56:58'),
	(234, 14, 'Arena Konigswiesen', 7.76, '00:00:00', '2015-08-09 14:43:29', '2015-08-12 15:56:58'),
	(235, 14, 'Bad Zell', 21.71, '00:13:53', '2015-08-09 14:43:29', '2015-08-12 15:56:58'),
	(236, 15, 'Basi', 16.11, '00:10:05', '2015-08-09 14:47:07', '2015-08-12 15:56:58'),
	(237, 15, 'Kuldiga', 36.11, '00:23:52', '2015-08-09 14:47:07', '2015-08-12 15:56:58'),
	(238, 15, 'Ecorent', 7.80, '00:00:00', '2015-08-09 14:47:07', '2015-08-12 15:56:58'),
	(239, 15, 'Kuldiga 2', 36.11, '00:00:00', '2015-08-09 14:47:07', '2015-08-12 15:56:58'),
	(240, 15, 'Basi 2', 16.11, '00:10:21', '2015-08-09 14:47:07', '2015-08-12 15:56:58'),
	(241, 15, 'Podnieki', 11.37, '00:06:42', '2015-08-09 14:47:07', '2015-08-12 15:56:58'),
	(242, 15, 'Tebra', 12.70, '00:08:05', '2015-08-09 14:47:07', '2015-08-12 15:56:58'),
	(243, 15, 'Vecpils', 22.64, '00:14:08', '2015-08-09 14:47:07', '2015-08-12 15:56:58'),
	(244, 15, 'Podnieki 2', 11.37, '00:06:59', '2015-08-09 14:47:07', '2015-08-12 15:56:58'),
	(245, 15, 'Tebra 2', 12.70, '00:07:13', '2015-08-09 14:47:07', '2015-08-12 15:56:58'),
	(246, 15, 'Vecpils 2', 22.64, '00:13:27', '2015-08-09 14:47:07', '2015-08-12 15:56:58'),
	(247, 15, 'Liepaja special', 1.81, '00:01:18', '2015-08-09 14:47:07', '2015-08-12 15:56:58'),
	(248, 16, 'Bucks Head', 14.47, '00:00:00', '2015-08-09 18:29:55', '2015-08-12 15:56:58'),
	(249, 16, 'Hamilton\'s Folly', 16.40, '00:09:46', '2015-08-09 18:29:55', '2015-08-12 15:56:58'),
	(250, 16, 'Lough Henney', 10.42, '00:00:00', '2015-08-09 18:29:55', '2015-08-12 15:56:58'),
	(251, 16, 'Bucks Head 2', 14.47, '00:08:22', '2015-08-09 18:29:55', '2015-08-12 15:56:58'),
	(252, 16, 'Hamilton\'s Folly 2', 16.40, '00:10:31', '2015-08-09 18:29:56', '2015-08-12 15:56:58'),
	(253, 16, 'Lough Henry 2', 10.33, '00:00:00', '2015-08-09 18:29:56', '2015-08-12 15:56:58'),
	(254, 16, 'Newtownards TT', 1.63, '00:01:03', '2015-08-09 18:29:56', '2015-08-12 15:56:58'),
	(255, 16, 'Newtownards TT 2', 1.63, '00:01:01', '2015-08-09 18:29:56', '2015-08-12 15:56:58'),
	(256, 16, 'Bulls Brook', 13.21, '00:08:23', '2015-08-09 18:29:56', '2015-08-12 15:56:58'),
	(257, 16, 'McGaffins Corner', 26.16, '00:00:00', '2015-08-09 18:29:56', '2015-08-12 15:56:58'),
	(258, 16, 'Banbridge', 8.58, '00:05:58', '2015-08-09 18:29:56', '2015-08-12 15:56:58'),
	(259, 16, 'Gregoriough', 14.91, '00:09:48', '2015-08-09 18:29:56', '2015-08-12 15:56:58'),
	(260, 16, 'Lisburn', 1.78, '00:01:08', '2015-08-09 18:29:56', '2015-08-12 15:56:58'),
	(261, 16, 'Lisburn 2', 1.78, '00:01:17', '2015-08-09 18:29:56', '2015-08-12 15:56:58'),
	(262, 16, 'Bulls Brook 2', 13.21, '00:00:00', '2015-08-09 18:29:56', '2015-08-12 15:56:58'),
	(263, 16, 'McGaffins Corner 2', 26.16, '00:00:00', '2015-08-09 18:29:56', '2015-08-12 15:56:58'),
	(264, 16, 'Banbridge 2', 8.58, '00:00:00', '2015-08-09 18:29:56', '2015-08-12 15:56:58'),
	(265, 17, 'Grupo Marques', 3.34, '00:02:05', '2015-08-09 18:37:22', '2015-08-12 15:56:58'),
	(266, 17, 'Solucoes', 7.96, '00:05:04', '2015-08-09 18:37:23', '2015-08-12 15:56:58'),
	(267, 17, 'Vila Franca', 12.79, '00:08:06', '2015-08-09 18:37:23', '2015-08-12 15:56:58'),
	(268, 17, 'Lagoa Meo', 6.28, '00:04:25', '2015-08-09 18:37:23', '2015-08-12 15:56:58'),
	(269, 17, 'Pico da Pedra Golfe', 7.86, '00:05:31', '2015-08-09 18:37:23', '2015-08-12 15:56:58'),
	(270, 17, 'Feteiras', 7.88, '00:05:05', '2015-08-09 18:37:23', '2015-08-12 15:56:58'),
	(271, 17, 'Sete Cidades', 28.57, '00:00:00', '2015-08-09 18:37:23', '2015-08-12 15:56:58'),
	(272, 17, 'Lagoa Meo 2', 6.28, '00:03:08', '2015-08-09 18:37:23', '2015-08-12 15:56:58'),
	(273, 17, 'Pico da Pedra Golfe 2', 7.86, '00:05:26', '2015-08-09 18:37:23', '2015-08-12 15:56:58'),
	(274, 17, 'Feteiras 2', 7.88, '00:00:00', '2015-08-09 18:37:23', '2015-08-12 15:56:58'),
	(275, 17, 'Sete Cidades 2', 28.57, '00:18:15', '2015-08-09 18:37:23', '2015-08-12 15:56:58'),
	(276, 17, 'Graminhais', 20.84, '00:14:06', '2015-08-09 18:37:23', '2015-08-12 15:56:58'),
	(277, 17, 'Tronqueira', 21.68, '00:14:08', '2015-08-09 18:37:23', '2015-08-12 15:56:58'),
	(278, 17, 'Grupo Marques 2', 3.34, '00:00:00', '2015-08-09 18:37:23', '2015-08-12 15:56:58'),
	(279, 17, 'Vila Franca 2', 12.79, '00:00:00', '2015-08-09 18:37:23', '2015-08-12 15:56:58'),
	(280, 17, 'Graminhais 2', 20.84, '00:14:13', '2015-08-09 18:37:24', '2015-08-12 15:56:58'),
	(281, 17, 'Tronqueira 2', 21.68, '00:14:59', '2015-08-09 18:37:24', '2015-08-12 15:56:58'),
	(282, 18, 'Langemark', 12.57, '00:08:34', '2015-08-10 10:35:26', '2015-08-12 15:56:58'),
	(283, 18, 'Dikkebus', 14.73, '00:00:00', '2015-08-10 10:35:26', '2015-08-12 15:56:58'),
	(284, 18, 'Wijtschate', 13.43, '00:09:00', '2015-08-10 10:35:27', '2015-08-12 15:56:58'),
	(285, 18, 'Mesen', 7.80, '00:00:00', '2015-08-10 10:35:27', '2015-08-12 15:56:58'),
	(286, 18, 'Dikkebus 2', 14.73, '00:10:05', '2015-08-10 10:35:27', '2015-08-12 15:56:58'),
	(287, 18, 'Wijtschate 2', 13.43, '00:00:00', '2015-08-10 10:35:27', '2015-08-12 15:56:58'),
	(288, 18, 'Mesen 2', 7.80, '00:05:00', '2015-08-10 10:35:27', '2015-08-12 15:56:58'),
	(289, 18, 'Reninge', 14.22, '00:00:00', '2015-08-10 10:35:27', '2015-08-12 15:56:58'),
	(290, 18, 'Watou', 14.25, '00:09:43', '2015-08-10 10:35:27', '2015-08-12 15:56:58'),
	(291, 18, 'Westouter-Boeschepe', 19.34, '00:11:32', '2015-08-10 10:35:27', '2015-08-12 15:56:58'),
	(292, 18, 'Kemmelberg', 13.64, '00:00:00', '2015-08-10 10:35:27', '2015-08-12 15:56:58'),
	(293, 18, 'Hollebeket', 23.99, '00:00:00', '2015-08-10 10:35:27', '2015-08-12 15:56:58'),
	(294, 18, 'Reninge 2', 14.22, '00:09:08', '2015-08-10 10:35:27', '2015-08-12 15:56:58'),
	(295, 18, 'Watou 2', 14.25, '00:09:05', '2015-08-10 10:35:27', '2015-08-12 15:56:58'),
	(296, 18, 'Westouter-Boeschepe 2', 19.34, '00:13:05', '2015-08-10 10:35:27', '2015-08-12 15:56:58'),
	(297, 18, 'Kemmelberg 2', 13.64, '00:09:21', '2015-08-10 10:35:27', '2015-08-12 15:56:58'),
	(298, 18, 'Hollebeke 2', 23.15, '00:00:00', '2015-08-10 10:35:27', '2015-08-12 15:56:58'),
	(418, 26, 'Tartu City', 1.31, '00:00:00', '2015-08-10 10:51:22', '2015-08-12 15:56:58'),
	(419, 26, 'Arula', 8.33, '00:05:57', '2015-08-10 10:51:22', '2015-08-12 15:56:58'),
	(420, 26, 'Urvaste', 14.14, '00:09:09', '2015-08-10 10:51:22', '2015-08-12 15:56:58'),
	(421, 26, 'Raiga', 9.84, '00:06:25', '2015-08-10 10:51:22', '2015-08-12 15:56:58'),
	(422, 26, 'Ristimae', 34.69, '00:21:07', '2015-08-10 10:51:22', '2015-08-12 15:56:58'),
	(423, 26, 'Ristimae 2', 34.69, '00:22:07', '2015-08-10 10:51:22', '2015-08-12 15:56:58'),
	(424, 26, 'Raiga 2', 9.84, '00:05:52', '2015-08-10 10:51:22', '2015-08-12 15:56:58'),
	(425, 26, 'Elva', 1.94, '00:01:15', '2015-08-10 10:51:23', '2015-08-12 15:56:58'),
	(426, 26, 'Vissi', 13.41, '00:08:03', '2015-08-10 10:51:23', '2015-08-12 15:56:58'),
	(427, 26, 'Sulaoja', 7.19, '00:04:08', '2015-08-10 10:51:23', '2015-08-12 15:56:58'),
	(428, 26, 'Alakula', 11.72, '00:00:00', '2015-08-10 10:51:23', '2015-08-12 15:56:58'),
	(429, 26, 'Vissi 2', 13.41, '00:07:08', '2015-08-10 10:51:23', '2015-08-12 15:56:58'),
	(430, 26, 'Sulaoja 2', 7.19, '00:00:00', '2015-08-10 10:51:23', '2015-08-12 15:56:58'),
	(431, 26, 'Alakula 2', 11.72, '00:00:00', '2015-08-10 10:51:23', '2015-08-12 15:56:58'),
	(432, 26, 'Arula 2', 8.33, '00:05:24', '2015-08-10 10:51:23', '2015-08-12 15:56:58'),
	(433, 26, 'Urwaste 2', 14.60, '00:08:53', '2015-08-10 10:51:23', '2015-08-12 15:56:58'),
	(435, 27, 'Super Stage Zlin', 9.42, '00:06:18', '2015-08-10 10:54:48', '2015-08-12 15:56:58'),
	(436, 27, 'Slusovice', 16.88, '00:00:00', '2015-08-10 10:54:48', '2015-08-12 15:56:58'),
	(437, 27, 'Pindula', 18.70, '00:11:07', '2015-08-10 10:54:48', '2015-08-12 15:56:58'),
	(438, 27, 'Majak', 13.56, '00:09:16', '2015-08-10 10:54:49', '2015-08-12 15:56:58'),
	(439, 27, 'Kudlovice', 17.43, '00:10:01', '2015-08-10 10:54:49', '2015-08-12 15:56:58'),
	(440, 27, 'Slusovice 2', 16.88, '00:00:00', '2015-08-10 10:54:49', '2015-08-12 15:56:58'),
	(441, 27, 'Pindula 2', 18.70, '00:11:52', '2015-08-10 10:54:49', '2015-08-12 15:56:58'),
	(442, 27, 'Majak 2', 13.56, '00:00:00', '2015-08-10 10:54:49', '2015-08-12 15:56:58'),
	(443, 27, 'Kudlovice 2', 17.43, '00:00:00', '2015-08-10 10:54:49', '2015-08-12 15:56:58'),
	(444, 27, 'Semetin', 11.38, '00:07:03', '2015-08-10 10:54:49', '2015-08-12 15:56:58'),
	(445, 27, 'Trojak', 23.76, '00:15:00', '2015-08-10 10:54:49', '2015-08-12 15:56:58'),
	(446, 27, 'Zlutava', 8.12, '00:05:09', '2015-08-10 10:54:49', '2015-08-12 15:56:58'),
	(447, 27, 'Semestin 2', 11.89, '00:08:08', '2015-08-10 10:54:49', '2015-08-12 15:56:58'),
	(448, 27, 'Trojak 2', 23.76, '00:00:00', '2015-08-10 10:54:49', '2015-08-12 15:56:58'),
	(449, 27, 'Zlutava 2', 8.12, '00:05:11', '2015-08-10 10:54:49', '2015-08-12 15:56:58'),
	(452, 28, 'Asfalistiki', 5.13, '00:00:00', '2015-08-10 10:57:37', '2015-08-12 15:56:58'),
	(453, 28, 'Kotsiatis', 15.16, '00:09:11', '2015-08-10 10:57:37', '2015-08-12 15:56:58'),
	(454, 28, 'Lythrodontas', 21.28, '00:12:07', '2015-08-10 10:57:37', '2015-08-12 15:56:58'),
	(455, 28, 'Lefkara', 17.67, '00:00:00', '2015-08-10 10:57:37', '2015-08-12 15:56:58'),
	(456, 28, 'Klavdia', 11.69, '00:00:00', '2015-08-10 10:57:37', '2015-08-12 15:56:58'),
	(457, 28, 'Tseri', 14.25, '00:08:25', '2015-08-10 10:57:37', '2015-08-12 15:56:58'),
	(458, 28, 'Asinou', 11.46, '00:00:00', '2015-08-10 10:57:37', '2015-08-12 15:56:58'),
	(459, 28, 'Xerarkaka', 21.61, '00:14:55', '2015-08-10 10:57:37', '2015-08-12 15:56:58'),
	(460, 28, 'Tseri 2', 14.25, '00:00:00', '2015-08-10 10:57:37', '2015-08-12 15:56:58'),
	(461, 28, 'Asinou 2', 11.46, '00:06:09', '2015-08-10 10:57:37', '2015-08-12 15:56:58'),
	(462, 28, 'Xerarkaka 2', 21.61, '00:00:00', '2015-08-10 10:57:37', '2015-08-12 15:56:58'),
	(463, 28, 'Kotsiatis 2', 15.16, '00:00:00', '2015-08-10 10:57:38', '2015-08-12 15:56:58'),
	(464, 28, 'Lythrodontas 2', 21.28, '00:14:56', '2015-08-10 10:57:38', '2015-08-12 15:56:58'),
	(465, 28, 'Lefkara 2', 17.67, '00:10:42', '2015-08-10 10:57:38', '2015-08-12 15:56:58'),
	(466, 28, 'Klavdia 2', 11.69, '00:00:00', '2015-08-10 10:57:38', '2015-08-12 15:56:58'),
	(469, 29, 'Aghios Ioannis', 21.66, '00:13:05', '2015-08-10 11:00:38', '2015-08-12 15:56:58'),
	(470, 29, 'Aghionori', 23.52, '00:13:54', '2015-08-10 11:00:38', '2015-08-12 15:56:58'),
	(471, 29, 'Psari', 17.44, '00:11:01', '2015-08-10 11:00:38', '2015-08-12 15:56:58'),
	(472, 29, 'Aghios Ioannis 2', 21.66, '00:00:00', '2015-08-10 11:00:38', '2015-08-12 15:56:58'),
	(473, 29, 'Aghionori 2', 23.52, '00:14:03', '2015-08-10 11:00:38', '2015-08-12 15:56:58'),
	(474, 29, 'Psari 2', 17.44, '00:00:00', '2015-08-10 11:00:38', '2015-08-12 15:56:58'),
	(475, 29, 'Klenia', 18.16, '00:11:04', '2015-08-10 11:00:39', '2015-08-12 15:56:58'),
	(476, 29, 'Nea Kineta', 22.39, '00:15:26', '2015-08-10 11:00:39', '2015-08-12 15:56:58'),
	(477, 29, 'Loutraki', 16.45, '00:09:25', '2015-08-10 11:00:39', '2015-08-12 15:56:58'),
	(478, 29, 'Klenia 2', 18.16, '00:10:56', '2015-08-10 11:00:39', '2015-08-12 15:56:58'),
	(479, 29, 'Nea Kineta 2', 22.39, '00:13:36', '2015-08-10 11:00:39', '2015-08-12 15:56:58'),
	(480, 29, 'Loutraki 2', 16.45, '00:11:26', '2015-08-10 11:00:39', '2015-08-12 15:56:58'),
	(481, 29, 'Klenia 3', 18.16, '00:12:16', '2015-08-10 11:00:39', '2015-08-12 15:56:58'),
	(482, 29, 'Nea Kineta 3', 22.39, '00:00:00', '2015-08-10 11:00:39', '2015-08-12 15:56:58'),
	(483, 29, 'Loutraki 3', 16.45, '00:00:00', '2015-08-10 11:00:39', '2015-08-12 15:56:58'),
	(486, 30, 'Leukerbad', 8.76, '00:05:11', '2015-08-10 11:04:16', '2015-08-12 15:56:58'),
	(487, 30, 'Crans - Montana', 11.66, '00:07:16', '2015-08-10 11:04:17', '2015-08-12 15:56:58'),
	(488, 30, 'Anzere', 12.89, '00:08:08', '2015-08-10 11:04:17', '2015-08-12 15:56:58'),
	(489, 30, 'Sierre - Anniviers', 14.36, '00:00:00', '2015-08-10 11:04:17', '2015-08-12 15:56:58'),
	(490, 30, 'Veysonnaz', 13.11, '00:00:00', '2015-08-10 11:04:17', '2015-08-12 15:56:58'),
	(491, 30, 'Nendaz', 12.63, '00:08:47', '2015-08-10 11:04:17', '2015-08-12 15:56:58'),
	(492, 30, 'Caserne', 6.43, '00:00:00', '2015-08-10 11:04:17', '2015-08-12 15:56:58'),
	(493, 30, 'Sierre - Anniviers 2', 14.36, '00:08:58', '2015-08-10 11:04:17', '2015-08-12 15:56:58'),
	(494, 30, 'Veysonnaz 2', 13.11, '00:08:23', '2015-08-10 11:04:17', '2015-08-12 15:56:58'),
	(495, 30, 'Nendaz 2', 12.63, '00:07:33', '2015-08-10 11:04:17', '2015-08-12 15:56:58'),
	(496, 30, 'Caserne 2', 6.43, '00:00:00', '2015-08-10 11:04:17', '2015-08-12 15:56:58'),
	(497, 30, 'Champex - Lac', 16.63, '00:10:48', '2015-08-10 11:04:17', '2015-08-12 15:56:58'),
	(498, 30, 'Bruson', 10.35, '00:06:04', '2015-08-10 11:04:17', '2015-08-12 15:56:58'),
	(499, 30, 'Verbier', 15.92, '00:10:00', '2015-08-10 11:04:17', '2015-08-12 15:56:58'),
	(500, 30, 'Les Cols', 32.86, '00:00:00', '2015-08-10 11:04:17', '2015-08-12 15:56:58'),
	(501, 30, 'Champex - Lac 2', 16.63, '00:11:02', '2015-08-10 11:04:18', '2015-08-12 15:56:58'),
	(502, 30, 'Bruson 2', 10.35, '00:07:09', '2015-08-10 11:04:18', '2015-08-12 15:56:58'),
	(503, 31, 'Jodlowka', 18.52, '00:12:59', '2015-08-10 11:11:05', '2015-08-12 15:56:58'),
	(504, 31, 'Hucisko', 12.33, '00:08:27', '2015-08-10 11:11:05', '2015-08-12 15:56:58'),
	(505, 31, 'Jodlowka 2', 18.52, '00:11:14', '2015-08-10 11:11:05', '2015-08-12 15:56:58'),
	(506, 31, 'Hucisko 2', 12.33, '00:08:03', '2015-08-10 11:11:05', '2015-08-12 15:56:58'),
	(507, 31, 'Przemysl', 9.62, '00:00:00', '2015-08-10 11:11:05', '2015-08-12 15:56:58'),
	(508, 31, 'Przemysl 2', 9.62, '00:00:00', '2015-08-10 11:11:05', '2015-08-12 15:56:58'),
	(509, 31, 'Leszczawka', 9.23, '00:05:44', '2015-08-10 11:11:05', '2015-08-12 15:56:58'),
	(510, 31, 'Huta Brzuska', 8.82, '00:05:49', '2015-08-10 11:11:05', '2015-08-12 15:56:58'),
	(511, 31, 'Bircza', 15.63, '00:00:00', '2015-08-10 11:11:05', '2015-08-12 15:56:58'),
	(512, 31, 'Leszczawka 2', 9.23, '00:00:00', '2015-08-10 11:11:06', '2015-08-12 15:56:58'),
	(513, 31, 'Huta Brzuska 2', 8.82, '00:06:08', '2015-08-10 11:11:06', '2015-08-12 15:56:58'),
	(514, 31, 'Bircza 2', 15.63, '00:09:14', '2015-08-10 11:11:06', '2015-08-12 15:56:58'),
	(515, 31, 'Leszczawka 3', 9.23, '00:06:05', '2015-08-10 11:11:06', '2015-08-12 15:56:58'),
	(516, 31, 'Huta Brzuska 3', 8.82, '00:05:48', '2015-08-10 11:11:06', '2015-08-12 15:56:58'),
	(517, 31, 'Bircza 3', 15.63, '00:10:22', '2015-08-10 11:11:06', '2015-08-12 15:56:58'),
	(520, 32, 'Klodzko', 2.94, '00:01:09', '2015-08-10 11:14:37', '2015-08-12 15:56:58'),
	(521, 32, 'Klodzko 2', 2.94, '00:00:00', '2015-08-10 11:14:38', '2015-08-12 15:56:58'),
	(522, 32, 'Domaszkow', 23.65, '00:00:00', '2015-08-10 11:14:38', '2015-08-12 15:56:58'),
	(523, 32, 'Wilkanow', 17.89, '00:10:04', '2015-08-10 11:14:38', '2015-08-12 15:56:58'),
	(524, 32, 'Domaszkow 2', 23.65, '00:14:16', '2015-08-10 11:14:38', '2015-08-12 15:56:58'),
	(525, 32, 'Wilkanow 2', 17.89, '00:00:00', '2015-08-10 11:14:38', '2015-08-12 15:56:58'),
	(526, 32, 'Staropolanka', 14.96, '00:09:05', '2015-08-10 11:14:38', '2015-08-12 15:56:58'),
	(527, 32, 'BGK', 14.38, '00:00:00', '2015-08-10 11:14:38', '2015-08-12 15:56:58'),
	(528, 32, 'Radkowska Perla', 9.43, '00:00:00', '2015-08-10 11:14:38', '2015-08-12 15:56:58'),
	(529, 32, 'Staropolanka 2', 14.96, '00:10:24', '2015-08-10 11:14:38', '2015-08-12 15:56:58'),
	(530, 32, 'BGK 2', 14.38, '00:08:55', '2015-08-10 11:14:38', '2015-08-12 15:56:58'),
	(531, 32, 'Radkowska Perla 2', 9.43, '00:00:00', '2015-08-10 11:14:38', '2015-08-12 15:56:58'),
	(532, 32, 'Staropolanka 3', 14.96, '00:09:06', '2015-08-10 11:14:38', '2015-08-12 15:56:58'),
	(533, 32, 'BGK 3', 14.38, '00:08:03', '2015-08-10 11:14:38', '2015-08-12 15:56:58'),
	(534, 32, 'Radkowska Perla 3', 9.43, '00:05:38', '2015-08-10 11:14:38', '2015-08-12 15:56:58'),
	(537, 33, 'Zabobrze', 2.38, '00:01:49', '2015-08-10 11:21:17', '2015-08-12 15:56:58'),
	(538, 33, 'Zabobrze 2', 2.38, '00:01:39', '2015-08-10 11:21:17', '2015-08-12 15:56:58'),
	(539, 33, 'Karpniki', 14.72, '00:00:00', '2015-08-10 11:21:17', '2015-08-12 15:56:58'),
	(540, 33, 'Gajowka', 12.93, '00:00:00', '2015-08-10 11:21:17', '2015-08-12 15:56:58'),
	(541, 33, 'Lubomierz', 12.60, '00:00:00', '2015-08-10 11:21:17', '2015-08-12 15:56:58'),
	(542, 33, 'Karpniki 2', 14.72, '00:08:25', '2015-08-10 11:21:17', '2015-08-12 15:56:58'),
	(543, 33, 'Gajowka 2', 12.93, '00:08:02', '2015-08-10 11:21:17', '2015-08-12 15:56:58'),
	(544, 33, 'Lubomierz 2', 12.60, '00:08:00', '2015-08-10 11:21:17', '2015-08-12 15:56:58'),
	(545, 33, 'Karpacz', 19.63, '00:11:58', '2015-08-10 11:21:17', '2015-08-12 15:56:58'),
	(546, 33, 'Czernica', 27.24, '00:18:01', '2015-08-10 11:21:18', '2015-08-12 15:56:58'),
	(547, 33, 'Karpacz 2', 19.63, '00:11:02', '2015-08-10 11:21:18', '2015-08-12 15:56:58'),
	(548, 33, 'Czernica 2', 27.24, '00:18:48', '2015-08-10 11:21:18', '2015-08-12 15:56:58'),
	(549, 33, 'Karpacz 3', 19.63, '00:12:15', '2015-08-10 11:21:18', '2015-08-12 15:56:58'),
	(550, 33, 'Czernica 3', 27.24, '00:00:00', '2015-08-10 11:21:18', '2015-08-12 15:56:58'),
	(554, 34, 'Lebno', 14.27, '00:00:00', '2015-08-10 11:25:24', '2015-08-12 15:56:58'),
	(555, 34, 'Ketrzyno', 8.89, '00:00:00', '2015-08-10 11:25:24', '2015-08-12 15:56:58'),
	(556, 34, 'Linia', 14.89, '00:09:32', '2015-08-10 11:25:24', '2015-08-12 15:56:58'),
	(557, 34, 'Lebno 2', 14.27, '00:08:26', '2015-08-10 11:25:24', '2015-08-12 15:56:58'),
	(558, 34, 'Ketrzyno 2', 8.89, '00:00:00', '2015-08-10 11:25:24', '2015-08-12 15:56:58'),
	(559, 34, 'Linia 2', 14.89, '00:08:36', '2015-08-10 11:25:24', '2015-08-12 15:56:58'),
	(560, 34, 'Lebno 3', 14.27, '00:00:00', '2015-08-10 11:25:24', '2015-08-12 15:56:58'),
	(561, 34, 'Ketrzyno 3', 8.89, '00:00:00', '2015-08-10 11:25:25', '2015-08-12 15:56:58'),
	(562, 34, 'Linia 3', 14.89, '00:09:55', '2015-08-10 11:25:25', '2015-08-12 15:56:58'),
	(563, 34, 'Przodkowo', 11.47, '00:00:00', '2015-08-10 11:25:25', '2015-08-12 15:56:58'),
	(564, 34, 'Kartuzy', 12.96, '00:07:46', '2015-08-10 11:25:25', '2015-08-12 15:56:58'),
	(565, 34, 'Szemud', 13.25, '00:08:00', '2015-08-10 11:25:25', '2015-08-12 15:56:58'),
	(566, 34, 'Przodkowo 2', 11.47, '00:07:56', '2015-08-10 11:25:25', '2015-08-12 15:56:58'),
	(567, 34, 'Kartuzy 2', 12.96, '00:08:17', '2015-08-10 11:25:25', '2015-08-12 15:56:58'),
	(568, 34, 'Szemud 2', 13.25, '00:09:07', '2015-08-10 11:25:25', '2015-08-12 15:56:58'),
	(571, 35, 'Blizianka', 11.97, '00:00:00', '2015-08-10 11:27:51', '2015-08-12 15:56:58'),
	(572, 35, 'Lubenia', 25.67, '00:15:13', '2015-08-10 11:27:51', '2015-08-12 15:56:58'),
	(573, 35, 'Blizianka 2', 11.97, '00:00:00', '2015-08-10 11:27:51', '2015-08-12 15:56:58'),
	(574, 35, 'Lubenia 2', 25.67, '00:14:09', '2015-08-10 11:27:51', '2015-08-12 15:56:58'),
	(575, 35, 'Nowy Swiat', 4.44, '00:00:00', '2015-08-10 11:27:51', '2015-08-12 15:56:58'),
	(576, 35, 'Blizianka 3', 11.97, '00:00:00', '2015-08-10 11:27:51', '2015-08-12 15:56:58'),
	(577, 35, 'Lubenia 3', 25.67, '00:16:59', '2015-08-10 11:27:51', '2015-08-12 15:56:58'),
	(578, 35, 'Husow', 12.74, '00:00:00', '2015-08-10 11:27:51', '2015-08-12 15:56:58'),
	(579, 35, 'Widaczow', 10.65, '00:06:03', '2015-08-10 11:27:51', '2015-08-12 15:56:58'),
	(580, 35, 'Izdebki', 15.99, '00:10:13', '2015-08-10 11:27:51', '2015-08-12 15:56:58'),
	(581, 35, 'Husow 2', 12.74, '00:07:02', '2015-08-10 11:27:52', '2015-08-12 15:56:58'),
	(582, 35, 'Widaczow 2', 10.65, '00:06:11', '2015-08-10 11:27:52', '2015-08-12 15:56:58'),
	(583, 35, 'Izdebki 2', 15.99, '00:00:00', '2015-08-10 11:27:52', '2015-08-12 15:56:58'),
	(584, 35, 'Husow 3', 12.74, '00:07:39', '2015-08-10 11:27:52', '2015-08-12 15:56:58'),
	(585, 35, 'Widaczow 3', 10.65, '00:06:32', '2015-08-10 11:27:52', '2015-08-12 15:56:58'),
	(586, 35, 'Izdebki 3', 15.99, '00:09:07', '2015-08-10 11:27:52', '2015-08-12 15:56:58'),
	(588, 36, 'Rosciszow', 8.94, '00:05:01', '2015-08-10 11:35:54', '2015-08-12 15:56:58'),
	(589, 36, 'Swierki', 8.49, '00:05:59', '2015-08-10 11:35:55', '2015-08-12 15:56:58'),
	(590, 36, 'Milkow', 12.32, '00:07:16', '2015-08-10 11:35:55', '2015-08-12 15:56:58'),
	(591, 36, 'Rosciszow 2', 8.94, '00:06:01', '2015-08-10 11:35:55', '2015-08-12 15:56:58'),
	(592, 36, 'Swierki 2', 8.49, '00:05:09', '2015-08-10 11:35:55', '2015-08-12 15:56:58'),
	(593, 36, 'Milkow 2', 12.32, '00:08:39', '2015-08-10 11:35:55', '2015-08-12 15:56:58'),
	(594, 36, 'Rosciszow 3', 8.94, '00:05:12', '2015-08-10 11:35:55', '2015-08-12 15:56:58'),
	(595, 36, 'Swierki 3', 8.49, '00:05:32', '2015-08-10 11:35:55', '2015-08-12 15:56:58'),
	(596, 36, 'Milkow 3', 12.32, '00:07:48', '2015-08-10 11:35:55', '2015-08-12 15:56:58'),
	(597, 36, 'Michalkowa', 14.73, '00:08:31', '2015-08-10 11:35:55', '2015-08-12 15:56:58'),
	(598, 36, 'Woliborz', 8.77, '00:05:08', '2015-08-10 11:35:55', '2015-08-12 15:56:58'),
	(599, 36, 'Milkow Reverse', 12.97, '00:07:37', '2015-08-10 11:35:55', '2015-08-12 15:56:58'),
	(600, 36, 'Michalkowa 2', 14.73, '00:09:38', '2015-08-10 11:35:55', '2015-08-12 15:56:58'),
	(601, 36, 'Woliborz 2', 8.77, '00:00:00', '2015-08-10 11:35:55', '2015-08-12 15:56:58'),
	(602, 36, 'Milkow Reverse 2', 12.97, '00:00:00', '2015-08-10 11:35:56', '2015-08-12 15:56:58'),
	(605, 37, 'Hunter Southern', 6.78, '00:04:07', '2015-08-10 11:58:58', '2015-08-12 15:56:58'),
	(606, 37, 'Hunter Southern 2', 6.78, '00:04:08', '2015-08-10 11:58:58', '2015-08-12 15:56:58'),
	(607, 37, 'Harold', 6.61, '00:00:00', '2015-08-10 11:58:58', '2015-08-12 15:56:58'),
	(608, 37, 'Harold 2', 6.61, '00:00:00', '2015-08-10 11:58:58', '2015-08-12 15:56:58'),
	(609, 37, 'Hunter Southern 3', 6.78, '00:04:28', '2015-08-10 11:58:58', '2015-08-12 15:56:58'),
	(610, 37, 'Harold 3', 6.61, '00:04:42', '2015-08-10 11:58:58', '2015-08-12 15:56:58'),
	(611, 37, 'Harold 4', 6.61, '00:00:00', '2015-08-10 11:58:58', '2015-08-12 15:56:58'),
	(612, 37, 'Hunter Northern', 8.89, '00:00:00', '2015-08-10 11:58:58', '2015-08-12 15:56:58'),
	(613, 37, 'Hunter Northern Reverse', 8.31, '00:00:00', '2015-08-10 11:58:58', '2015-08-12 15:56:58'),
	(614, 37, 'Hunter Southern Reverse', 6.54, '00:00:00', '2015-08-10 11:58:58', '2015-08-12 15:56:58'),
	(615, 37, 'Hunter Southern 4', 6.78, '00:04:17', '2015-08-10 11:58:58', '2015-08-12 15:56:58'),
	(616, 37, 'Hunter Northern 2', 8.89, '00:00:00', '2015-08-10 11:58:58', '2015-08-12 15:56:58'),
	(617, 37, 'Hunter Northern Reverse 2', 8.31, '00:05:07', '2015-08-10 11:58:58', '2015-08-12 15:56:58'),
	(618, 37, 'Hunter Southern Reverse 2', 6.54, '00:04:22', '2015-08-10 11:58:59', '2015-08-12 15:56:58'),
	(622, 38, 'Kabardinka', 13.46, '00:07:08', '2015-08-10 12:01:23', '2015-08-12 15:56:58'),
	(623, 38, 'Glebovskiy', 25.40, '00:00:00', '2015-08-10 12:01:23', '2015-08-12 15:56:58'),
	(624, 38, 'Markoth', 9.43, '00:05:59', '2015-08-10 12:01:23', '2015-08-12 15:56:58'),
	(625, 38, 'Golubaya Buhta', 12.13, '00:00:00', '2015-08-10 12:01:23', '2015-08-12 15:56:58'),
	(626, 38, 'Kabardinka 2', 13.46, '00:00:00', '2015-08-10 12:01:23', '2015-08-12 15:56:58'),
	(627, 38, 'Glebovskiy 2', 25.40, '00:15:58', '2015-08-10 12:01:23', '2015-08-12 15:56:58'),
	(628, 38, 'Markoth 2', 9.43, '00:06:08', '2015-08-10 12:01:23', '2015-08-12 15:56:58'),
	(629, 38, 'Golubaya Buhta 2', 12.13, '00:08:17', '2015-08-10 12:01:23', '2015-08-12 15:56:58'),
	(630, 38, 'Gorniy', 9.11, '00:00:00', '2015-08-10 12:01:23', '2015-08-12 15:56:58'),
	(631, 38, 'Semigorskiy', 13.13, '00:08:58', '2015-08-10 12:01:23', '2015-08-12 15:56:58'),
	(632, 38, 'Natukhaevskiy', 12.90, '00:00:00', '2015-08-10 12:01:23', '2015-08-12 15:56:58'),
	(633, 38, 'Fort Raevskogo', 10.10, '00:06:56', '2015-08-10 12:01:23', '2015-08-12 15:56:58'),
	(634, 38, 'Gorniy 2', 9.11, '00:00:00', '2015-08-10 12:01:23', '2015-08-12 15:56:58'),
	(635, 38, 'Semigorskiy 2', 13.13, '00:08:12', '2015-08-10 12:01:24', '2015-08-12 15:56:58'),
	(636, 38, 'Natukhaevskiy 2', 12.90, '00:08:00', '2015-08-10 12:01:24', '2015-08-12 15:56:58'),
	(637, 38, 'Fort Raevskogo 2', 10.10, '00:06:37', '2015-08-10 12:01:24', '2015-08-12 15:56:58'),
	(639, 39, 'Lillsjohogen', 33.85, '00:22:11', '2015-08-10 12:04:32', '2015-08-12 15:56:58'),
	(640, 39, 'Campus', 2.75, '00:00:00', '2015-08-10 12:04:32', '2015-08-12 15:56:58'),
	(641, 39, 'Lillsjohogen 2', 33.85, '00:00:00', '2015-08-10 12:04:32', '2015-08-12 15:56:58'),
	(642, 39, 'Campus 2', 2.75, '00:00:00', '2015-08-10 12:04:32', '2015-08-12 15:56:58'),
	(643, 39, 'Vaster-Kalen', 7.88, '00:05:15', '2015-08-10 12:04:33', '2015-08-12 15:56:58'),
	(644, 39, 'Glosa', 5.37, '00:03:04', '2015-08-10 12:04:33', '2015-08-12 15:56:58'),
	(645, 39, 'Gallsaberget', 29.22, '00:00:00', '2015-08-10 12:04:33', '2015-08-12 15:56:58'),
	(646, 39, 'Bolesbodarna', 12.13, '00:00:00', '2015-08-10 12:04:33', '2015-08-12 15:56:58'),
	(647, 39, 'Sjoarsjon', 12.65, '00:08:51', '2015-08-10 12:04:33', '2015-08-12 15:56:58'),
	(648, 39, 'Husas', 21.25, '00:13:17', '2015-08-10 12:04:33', '2015-08-12 15:56:58'),
	(649, 39, 'Vaster-Kalen 2', 7.88, '00:04:51', '2015-08-10 12:04:33', '2015-08-12 15:56:58'),
	(650, 39, 'Glosa 2', 5.37, '00:03:04', '2015-08-10 12:04:33', '2015-08-12 15:56:58'),
	(651, 39, 'Gallsaberget 2', 29.22, '00:19:24', '2015-08-10 12:04:34', '2015-08-12 15:56:58'),
	(652, 39, 'Bolesbodarna 2', 12.13, '00:07:33', '2015-08-10 12:04:34', '2015-08-12 15:56:58'),
	(653, 39, 'Sjoarsjon', 12.26, '00:07:38', '2015-08-10 12:04:34', '2015-08-12 15:56:58'),
	(654, 39, 'Husas', 21.54, '00:12:12', '2015-08-10 12:04:34', '2015-08-12 15:56:58'),
	(656, 40, 'Fjeldsdalen Vest', 3.19, '00:02:03', '2015-08-10 12:14:12', '2015-08-12 15:56:58'),
	(657, 40, 'Naddum', 6.18, '00:04:11', '2015-08-10 12:14:12', '2015-08-12 15:56:58'),
	(658, 40, 'Hellesjovannet', 4.42, '00:00:00', '2015-08-10 12:14:12', '2015-08-12 15:56:58'),
	(659, 40, 'Fjeldsdalen Vest 2', 3.19, '00:02:04', '2015-08-10 12:14:13', '2015-08-12 15:56:58'),
	(660, 40, 'Naddum 2', 6.18, '00:03:51', '2015-08-10 12:14:13', '2015-08-12 15:56:58'),
	(661, 40, 'Hellesjovannet 2', 4.42, '00:00:00', '2015-08-10 12:14:13', '2015-08-12 15:56:58'),
	(662, 40, 'Bjorkelangen Torg', 0.33, '00:00:19', '2015-08-10 12:14:13', '2015-08-12 15:56:58'),
	(663, 40, 'Oisjoen Nord', 13.54, '00:08:04', '2015-08-10 12:14:13', '2015-08-12 15:56:58'),
	(664, 40, 'Romsjoen Nord', 13.14, '00:08:55', '2015-08-10 12:14:13', '2015-08-12 15:56:58'),
	(665, 40, 'Kjolen Syd', 13.33, '00:00:00', '2015-08-10 12:14:13', '2015-08-12 15:56:58'),
	(666, 40, 'Bjorkelangen Torg 2', 0.33, '00:00:02', '2015-08-10 12:14:13', '2015-08-12 15:56:58'),
	(667, 40, 'Romsjoen Nord 2', 13.14, '00:08:27', '2015-08-10 12:14:13', '2015-08-12 15:56:58'),
	(668, 40, 'Kjolen Syd 2', 13.33, '00:00:00', '2015-08-10 12:14:13', '2015-08-12 15:56:58'),
	(669, 40, 'Oisjoen Nord 2', 13.54, '00:09:06', '2015-08-10 12:14:13', '2015-08-12 15:56:58'),
	(673, 41, 'Arstadveien', 3.20, '00:00:00', '2015-08-10 12:16:40', '2015-08-12 15:56:58'),
	(674, 41, 'Stavasen', 17.82, '00:11:29', '2015-08-10 12:16:40', '2015-08-12 15:56:58'),
	(675, 41, 'Arstadveien 2', 3.20, '00:02:14', '2015-08-10 12:16:40', '2015-08-12 15:56:58'),
	(676, 41, 'Stavasen 2', 17.82, '00:10:06', '2015-08-10 12:16:40', '2015-08-12 15:56:58'),
	(677, 41, 'Starmoen', 3.77, '00:02:37', '2015-08-10 12:16:40', '2015-08-12 15:56:58'),
	(678, 41, 'Rolsasen', 28.60, '00:00:00', '2015-08-10 12:16:40', '2015-08-12 15:56:58'),
	(679, 41, 'Agasen', 19.58, '00:11:46', '2015-08-10 12:16:40', '2015-08-12 15:56:58'),
	(680, 41, 'Starmoen 2', 3.77, '00:02:36', '2015-08-10 12:16:40', '2015-08-12 15:56:58'),
	(681, 41, 'Rolsasen 2', 28.60, '00:16:09', '2015-08-10 12:16:40', '2015-08-12 15:56:58'),
	(682, 41, 'Agasen 2', 19.58, '00:00:00', '2015-08-10 12:16:40', '2015-08-12 15:56:58'),
	(683, 41, 'Terningen', 2.40, '00:01:04', '2015-08-10 12:16:40', '2015-08-12 15:56:58'),
	(684, 41, 'Terningen 2', 2.40, '00:01:43', '2015-08-10 12:16:41', '2015-08-12 15:56:58'),
	(685, 41, 'Starmoen Reverse', 3.47, '00:00:00', '2015-08-10 12:16:41', '2015-08-12 15:56:58'),
	(686, 41, 'Rolsasen Reverse', 28.87, '00:17:33', '2015-08-10 12:16:41', '2015-08-12 15:56:58'),
	(687, 41, 'Agasen Reverse', 19.48, '00:00:00', '2015-08-10 12:16:41', '2015-08-12 15:56:58'),
	(690, 42, 'Lovbrotte', 5.36, '00:03:01', '2015-08-10 12:19:14', '2015-08-12 15:56:58'),
	(691, 42, 'Astjern', 6.22, '00:04:21', '2015-08-10 12:19:14', '2015-08-12 15:56:58'),
	(692, 42, 'Helgedalen', 6.41, '00:04:26', '2015-08-10 12:19:14', '2015-08-12 15:56:58'),
	(693, 42, 'Lovbrotte Reverse', 5.24, '00:00:00', '2015-08-10 12:19:14', '2015-08-12 15:56:58'),
	(694, 42, 'Astjern Reverse', 6.75, '00:04:12', '2015-08-10 12:19:14', '2015-08-12 15:56:58'),
	(695, 42, 'Helgedalen Reverse', 6.76, '00:00:00', '2015-08-10 12:19:14', '2015-08-12 15:56:58'),
	(696, 42, 'Super Special Stage', 1.86, '00:01:26', '2015-08-10 12:19:15', '2015-08-12 15:56:58'),
	(697, 42, 'Super Special Stage 2', 1.86, '00:01:08', '2015-08-10 12:19:15', '2015-08-12 15:56:58'),
	(698, 42, 'Lovbrotte 2', 5.36, '00:03:09', '2015-08-10 12:19:15', '2015-08-12 15:56:58'),
	(699, 42, 'Astjern 2', 6.22, '00:00:00', '2015-08-10 12:19:15', '2015-08-12 15:56:58'),
	(700, 42, 'Helgedalen 2', 6.41, '00:04:36', '2015-08-10 12:19:15', '2015-08-12 15:56:58'),
	(701, 42, 'Lovbrotte Reverse 2', 5.24, '00:03:58', '2015-08-10 12:19:15', '2015-08-12 15:56:58'),
	(702, 42, 'Astjern Reverse 2', 6.75, '00:00:00', '2015-08-10 12:19:15', '2015-08-12 15:56:58'),
	(703, 42, 'Helgedalen Reverse 2', 6.76, '00:00:00', '2015-08-10 12:19:15', '2015-08-12 15:56:58'),
	(707, 43, 'Ringsaker', 8.33, '00:00:00', '2015-08-10 12:45:01', '2015-08-12 15:56:58'),
	(708, 43, 'Mauset', 5.28, '00:03:51', '2015-08-10 12:45:01', '2015-08-12 15:56:58'),
	(709, 43, 'Vangsasen', 7.10, '00:00:00', '2015-08-10 12:45:01', '2015-08-12 15:56:58'),
	(710, 43, 'Vennkvern', 1.32, '00:00:00', '2015-08-10 12:45:01', '2015-08-12 15:56:58'),
	(711, 43, 'Stange', 4.19, '00:00:00', '2015-08-10 12:45:01', '2015-08-12 15:56:58'),
	(712, 43, 'Ekeberg', 10.96, '00:00:00', '2015-08-10 12:45:02', '2015-08-12 15:56:58'),
	(713, 43, 'Brenna', 14.99, '00:00:00', '2015-08-10 12:45:02', '2015-08-12 15:56:58'),
	(714, 43, 'Vennkvern 2', 1.32, '00:00:00', '2015-08-10 12:45:02', '2015-08-12 15:56:58'),
	(715, 43, 'Ringsaker 2', 8.33, '00:00:00', '2015-08-10 12:45:02', '2015-08-12 15:56:58'),
	(716, 43, 'Mauset 2', 5.28, '00:03:04', '2015-08-10 12:45:02', '2015-08-12 15:56:58'),
	(717, 43, 'Vangsasen 2', 7.10, '00:04:51', '2015-08-10 12:45:02', '2015-08-12 15:56:58'),
	(718, 43, 'Stange 2', 4.19, '00:00:00', '2015-08-10 12:45:02', '2015-08-12 15:56:58'),
	(719, 43, 'Ekeberg 2', 10.96, '00:07:01', '2015-08-10 12:45:02', '2015-08-12 15:56:58'),
	(720, 43, 'Brenna 2', 14.99, '00:09:41', '2015-08-10 12:45:02', '2015-08-12 15:56:58'),
	(724, 44, 'Gjesthusvegen', 3.43, '00:02:32', '2015-08-10 12:56:06', '2015-08-12 15:56:58'),
	(725, 44, 'Gronli', 11.16, '00:07:44', '2015-08-10 12:56:06', '2015-08-12 15:56:58'),
	(726, 44, 'Lauvset', 16.42, '00:00:00', '2015-08-10 12:56:06', '2015-08-12 15:56:58'),
	(727, 44, 'Ridalen', 26.38, '00:17:54', '2015-08-10 12:56:06', '2015-08-12 15:56:58'),
	(728, 44, 'Oset', 16.27, '00:10:46', '2015-08-10 12:56:06', '2015-08-12 15:56:58'),
	(729, 44, 'Gronli Reverse', 11.51, '00:06:55', '2015-08-10 12:56:06', '2015-08-12 15:56:58'),
	(730, 44, 'Gjesthusvegen 2', 3.43, '00:02:23', '2015-08-10 12:56:06', '2015-08-12 15:56:58'),
	(731, 44, 'Gronli 2', 11.16, '00:06:42', '2015-08-10 12:56:06', '2015-08-12 15:56:58'),
	(732, 44, 'Fjellstue', 9.30, '00:06:00', '2015-08-10 12:56:06', '2015-08-12 15:56:58'),
	(733, 44, 'Oset 2', 16.27, '00:10:09', '2015-08-10 12:56:07', '2015-08-12 15:56:58'),
	(734, 44, 'Fjellstue 2', 9.30, '00:05:38', '2015-08-10 12:56:07', '2015-08-12 15:56:58'),
	(735, 44, 'Fjellstue Reverse', 9.22, '00:05:25', '2015-08-10 12:56:07', '2015-08-12 15:56:58'),
	(736, 44, 'Gronli Reverse 2', 11.51, '00:07:57', '2015-08-10 12:56:07', '2015-08-12 15:56:58'),
	(737, 44, 'Lauvset 2', 16.42, '00:11:01', '2015-08-10 12:56:07', '2015-08-12 15:56:58'),
	(741, 45, 'Oslo', 1.57, '00:01:00', '2015-08-10 13:00:49', '2015-08-12 15:56:58'),
	(742, 45, 'Opaker', 14.32, '00:00:00', '2015-08-10 13:00:49', '2015-08-12 15:56:58'),
	(743, 45, 'Kirkenaer', 8.40, '00:05:07', '2015-08-10 13:00:49', '2015-08-12 15:56:58'),
	(744, 45, 'Finnskogen', 20.35, '00:00:00', '2015-08-10 13:00:49', '2015-08-12 15:56:58'),
	(745, 45, 'Kongsvinger', 13.27, '00:00:00', '2015-08-10 13:00:49', '2015-08-12 15:56:58'),
	(746, 45, 'Opaker 2', 14.32, '00:00:00', '2015-08-10 13:00:49', '2015-08-12 15:56:58'),
	(747, 45, 'Finnskogen 2', 20.35, '00:00:00', '2015-08-10 13:00:49', '2015-08-12 15:56:58'),
	(748, 45, 'Kongsvinger 2', 13.27, '00:00:00', '2015-08-10 13:00:49', '2015-08-12 15:56:58'),
	(749, 45, 'Kirkenaer 2', 8.40, '00:00:00', '2015-08-10 13:00:49', '2015-08-12 15:56:58'),
	(750, 45, 'Mountain', 24.18, '00:00:00', '2015-08-10 13:00:49', '2015-08-12 15:56:58'),
	(751, 45, 'Lillehammer', 6.49, '00:04:31', '2015-08-10 13:00:50', '2015-08-12 15:56:58'),
	(752, 45, 'Ringsaker', 27.31, '00:18:01', '2015-08-10 13:00:50', '2015-08-12 15:56:58'),
	(753, 45, 'Hamar', 1.10, '00:00:00', '2015-08-10 13:00:50', '2015-08-12 15:56:58'),
	(754, 45, 'Mountain 2', 24.18, '00:15:13', '2015-08-10 13:00:50', '2015-08-12 15:56:58'),
	(755, 45, 'Lillehammer 2', 6.49, '00:00:00', '2015-08-10 13:00:50', '2015-08-12 15:56:58'),
	(756, 45, 'Ringsaker 2 ', 27.31, '00:15:09', '2015-08-10 13:00:50', '2015-08-12 15:56:58'),
	(757, 45, 'Hamar 2', 1.10, '00:00:07', '2015-08-10 13:00:50', '2015-08-12 15:56:58'),
	(758, 46, 'Dokkeberg', 6.91, '00:00:00', '2015-08-10 13:05:04', '2015-08-12 15:56:58'),
	(759, 46, 'Smadol', 23.35, '00:14:12', '2015-08-10 13:05:04', '2015-08-12 15:56:58'),
	(760, 46, 'Lesteberg', 9.18, '00:00:00', '2015-08-10 13:05:04', '2015-08-12 15:56:58'),
	(761, 46, 'Dokkeberg Reverse', 6.76, '00:04:59', '2015-08-10 13:05:04', '2015-08-12 15:56:58'),
	(762, 46, 'Bjerkeflata Nord', 9.63, '00:06:13', '2015-08-10 13:05:04', '2015-08-12 15:56:58'),
	(763, 46, 'Smadol Reverse', 23.96, '00:15:09', '2015-08-10 13:05:04', '2015-08-12 15:56:58'),
	(764, 46, 'Lesteberg Reverse', 9.24, '00:00:00', '2015-08-10 13:05:05', '2015-08-12 15:56:58'),
	(765, 46, 'Bjerkeflata Nord Reverse', 9.72, '00:06:08', '2015-08-10 13:05:05', '2015-08-12 15:56:58'),
	(766, 46, 'Dokkeberg 2', 6.91, '00:04:37', '2015-08-10 13:05:05', '2015-08-12 15:56:58'),
	(767, 46, 'Smadol 2', 23.35, '00:00:00', '2015-08-10 13:05:05', '2015-08-12 15:56:58'),
	(768, 46, 'Lesteberg 2', 9.18, '00:00:00', '2015-08-10 13:05:05', '2015-08-12 15:56:58'),
	(769, 46, 'Bjerkeflata Nord 2', 9.63, '00:06:12', '2015-08-10 13:05:05', '2015-08-12 15:56:58'),
	(770, 46, 'Dokkeberg 3', 6.91, '00:04:57', '2015-08-10 13:05:05', '2015-08-12 15:56:58'),
	(771, 46, 'Smadol 3', 23.35, '00:14:06', '2015-08-10 13:05:05', '2015-08-12 15:56:58'),
	(772, 46, 'Lesteberg 3', 9.18, '00:05:37', '2015-08-10 13:05:05', '2015-08-12 15:56:58'),
	(775, 47, 'Korsboen', 13.86, '00:00:00', '2015-08-10 13:16:42', '2015-08-12 15:56:58'),
	(776, 47, 'Malmveien', 6.46, '00:04:33', '2015-08-10 13:16:42', '2015-08-12 15:56:58'),
	(777, 47, 'Letmolia', 16.27, '00:00:00', '2015-08-10 13:16:42', '2015-08-12 15:56:58'),
	(778, 47, 'Krodsherad', 13.55, '00:00:00', '2015-08-10 13:16:42', '2015-08-12 15:56:58'),
	(779, 47, 'Bjoreskogen', 11.10, '00:07:28', '2015-08-10 13:16:42', '2015-08-12 15:56:58'),
	(780, 47, 'Nevra', 16.76, '00:09:45', '2015-08-10 13:16:42', '2015-08-12 15:56:58'),
	(781, 47, 'Nysaetra', 14.59, '00:00:00', '2015-08-10 13:16:42', '2015-08-12 15:56:58'),
	(782, 47, 'Malmveien 2', 6.46, '00:04:26', '2015-08-10 13:16:42', '2015-08-12 15:56:58'),
	(783, 47, 'Letmolia 2', 16.27, '00:10:03', '2015-08-10 13:16:42', '2015-08-12 15:56:58'),
	(784, 47, 'Krodsherad 2', 13.55, '00:00:00', '2015-08-10 13:16:42', '2015-08-12 15:56:58'),
	(785, 47, 'Bjoreskogen 2', 11.10, '00:07:04', '2015-08-10 13:16:43', '2015-08-12 15:56:58'),
	(786, 47, 'Korsboen 2', 13.86, '00:08:08', '2015-08-10 13:16:43', '2015-08-12 15:56:58'),
	(787, 47, 'Nevra 2', 16.76, '00:00:00', '2015-08-10 13:16:43', '2015-08-12 15:56:58'),
	(788, 47, 'Nysaetra 2', 14.59, '00:09:44', '2015-08-10 13:16:43', '2015-08-12 15:56:58'),
	(792, 48, 'Glubo', 5.79, '00:00:00', '2015-08-10 13:18:36', '2015-08-12 15:56:58'),
	(793, 48, 'Hetlandsheio', 9.82, '00:06:17', '2015-08-10 13:18:36', '2015-08-12 15:56:58'),
	(794, 48, 'Glubo 2', 5.79, '00:00:00', '2015-08-10 13:18:36', '2015-08-12 15:56:58'),
	(795, 48, 'Moi', 2.77, '00:00:00', '2015-08-10 13:18:36', '2015-08-12 15:56:58'),
	(796, 48, 'Jossingfjord', 19.16, '00:11:05', '2015-08-10 13:18:36', '2015-08-12 15:56:58'),
	(797, 48, 'Moi 2', 2.77, '00:00:00', '2015-08-10 13:18:36', '2015-08-12 15:56:58'),
	(798, 48, 'Rossland', 3.98, '00:00:00', '2015-08-10 13:18:36', '2015-08-12 15:56:58'),
	(799, 48, 'Nesvag', 9.30, '00:00:00', '2015-08-10 13:18:37', '2015-08-12 15:56:58'),
	(800, 48, 'Kjelland', 3.65, '00:02:23', '2015-08-10 13:18:37', '2015-08-12 15:56:58'),
	(801, 48, 'Rossland 2', 3.98, '00:00:00', '2015-08-10 13:18:37', '2015-08-12 15:56:58'),
	(802, 48, 'Nesvag 2', 9.30, '00:06:06', '2015-08-10 13:18:37', '2015-08-12 15:56:58'),
	(803, 48, 'Kjelland 2', 3.65, '00:02:52', '2015-08-10 13:18:37', '2015-08-12 15:56:58'),
	(804, 48, 'Jossingfjord 2', 19.16, '00:12:04', '2015-08-10 13:18:37', '2015-08-12 15:56:58'),
	(805, 48, 'Hetlandsheio', 9.18, '00:05:52', '2015-08-10 13:18:37', '2015-08-12 15:56:58'),
	(822, 49, 'Hoye 2', 9.92, '00:00:00', '2015-08-10 15:12:08', '2015-08-12 15:56:58'),
	(821, 49, 'Steinsland 2', 11.72, '00:00:00', '2015-08-10 15:12:08', '2015-08-12 15:56:58'),
	(820, 49, 'Gumpens 2', 19.16, '00:00:00', '2015-08-10 15:12:08', '2015-08-12 15:56:58'),
	(819, 49, 'Solas 2', 31.22, '00:20:09', '2015-08-10 15:12:08', '2015-08-12 15:56:58'),
	(818, 49, 'Jabekk 2', 4.18, '00:00:00', '2015-08-10 15:12:07', '2015-08-12 15:56:58'),
	(817, 49, 'Lindland', 25.94, '00:16:42', '2015-08-10 15:12:07', '2015-08-12 15:56:58'),
	(816, 49, 'Hoye', 9.92, '00:06:56', '2015-08-10 15:12:07', '2015-08-12 15:56:58'),
	(815, 49, 'Jabekk', 4.18, '00:02:46', '2015-08-10 15:12:07', '2015-08-12 15:56:58'),
	(814, 49, 'Steinsland', 11.72, '00:07:34', '2015-08-10 15:12:07', '2015-08-12 15:56:58'),
	(813, 49, 'Gumpens', 19.16, '00:11:57', '2015-08-10 15:12:07', '2015-08-12 15:56:58'),
	(812, 49, 'Solas', 31.22, '00:19:52', '2015-08-10 15:12:07', '2015-08-12 15:56:58'),
	(811, 49, 'Arstol', 17.91, '00:11:01', '2015-08-10 15:12:07', '2015-08-12 15:56:58'),
	(810, 49, 'Tranehoyda', 12.31, '00:00:00', '2015-08-10 15:12:07', '2015-08-12 15:56:58'),
	(809, 49, 'Skoieheia', 3.52, '00:02:25', '2015-08-10 15:12:07', '2015-08-12 15:56:58'),
	(840, 50, 'Arlifoss 3', 8.95, '00:06:07', '2015-08-10 15:21:50', '2015-08-12 15:56:58'),
	(839, 50, 'Liangrenna 3', 5.75, '00:03:47', '2015-08-10 15:21:50', '2015-08-12 15:56:58'),
	(838, 50, 'Klevarsida 3', 6.22, '00:04:01', '2015-08-10 15:21:50', '2015-08-12 15:56:58'),
	(837, 50, 'Darstul 3', 7.71, '00:00:00', '2015-08-10 15:21:50', '2015-08-12 15:56:58'),
	(836, 50, 'Elgsjo 3', 6.57, '00:04:18', '2015-08-10 15:21:50', '2015-08-12 15:56:58'),
	(835, 50, 'Arlifoss 2', 8.69, '00:04:09', '2015-08-10 15:21:50', '2015-08-12 15:56:58'),
	(834, 50, 'Liangrenna 2', 5.75, '00:00:00', '2015-08-10 15:21:50', '2015-08-12 15:56:58'),
	(833, 50, 'Arlifoss ', 8.97, '00:00:00', '2015-08-10 15:21:50', '2015-08-12 15:56:58'),
	(832, 50, 'Liangrenna', 5.75, '00:03:27', '2015-08-10 15:21:50', '2015-08-12 15:56:58'),
	(831, 50, 'Klevarsida 2', 6.22, '00:00:00', '2015-08-10 15:21:50', '2015-08-12 15:56:58'),
	(830, 50, 'Darstul 2', 7.71, '00:00:00', '2015-08-10 15:21:50', '2015-08-12 15:56:58'),
	(829, 50, 'Elgsjo 2', 6.57, '00:00:00', '2015-08-10 15:21:50', '2015-08-12 15:56:58'),
	(828, 50, 'Klevarsida', 6.22, '00:04:09', '2015-08-10 15:21:50', '2015-08-12 15:56:58'),
	(827, 50, 'Darstul', 7.71, '00:00:00', '2015-08-10 15:21:49', '2015-08-12 15:56:58'),
	(826, 50, 'Elgsjo', 6.57, '00:04:36', '2015-08-10 15:21:49', '2015-08-12 15:56:58'),
	(856, 51, 'Ristilampi', 49.26, '00:31:16', '2015-08-10 15:24:02', '2015-08-12 15:56:58'),
	(855, 51, 'Heinunkierto 2', 23.37, '00:15:02', '2015-08-10 15:24:02', '2015-08-12 15:56:58'),
	(854, 51, 'Sarriojarvi 2', 36.22, '00:00:00', '2015-08-10 15:24:02', '2015-08-12 15:56:58'),
	(853, 51, 'Hanhikoski 2', 32.86, '00:00:00', '2015-08-10 15:24:02', '2015-08-12 15:56:58'),
	(852, 51, 'Ristilampi', 49.63, '00:33:21', '2015-08-10 15:24:02', '2015-08-12 15:56:58'),
	(851, 51, 'Heinunkierto', 23.37, '00:00:00', '2015-08-10 15:24:02', '2015-08-12 15:56:58'),
	(850, 51, 'Mantyvaara 3', 3.63, '00:02:15', '2015-08-10 15:24:02', '2015-08-12 15:56:58'),
	(849, 51, 'Sarriojarvi', 36.22, '00:23:47', '2015-08-10 15:24:02', '2015-08-12 15:56:58'),
	(848, 51, 'Hanhikoski', 32.86, '00:19:12', '2015-08-10 15:24:02', '2015-08-12 15:56:58'),
	(847, 51, 'Mantyvaara 2', 3.63, '00:02:16', '2015-08-10 15:24:02', '2015-08-12 15:56:58'),
	(846, 51, 'Jyrhamajarvi', 29.14, '00:00:00', '2015-08-10 15:24:02', '2015-08-12 15:56:58'),
	(845, 51, 'Siikakama', 38.32, '00:00:00', '2015-08-10 15:24:02', '2015-08-12 15:56:58'),
	(844, 51, 'Aittajarvi', 24.79, '00:16:46', '2015-08-10 15:24:01', '2015-08-12 15:56:58'),
	(843, 51, 'Mantyvaara', 3.63, '00:02:18', '2015-08-10 15:24:01', '2015-08-12 15:56:58'),
	(875, 52, 'Dechantskirchen 3', 9.61, '00:05:47', '2015-08-10 15:30:11', '2015-08-12 15:56:58'),
	(874, 52, 'Sinnersdorf 3', 8.34, '00:00:00', '2015-08-10 15:30:11', '2015-08-12 15:56:58'),
	(873, 52, 'Rohrbach 3', 6.68, '00:04:47', '2015-08-10 15:30:11', '2015-08-12 15:56:58'),
	(872, 52, 'Pinggau 3', 12.57, '00:07:07', '2015-08-10 15:30:11', '2015-08-12 15:56:58'),
	(871, 52, 'Pinggau Lang 2', 32.58, '00:19:04', '2015-08-10 15:30:11', '2015-08-12 15:56:58'),
	(870, 52, 'Haideggendorf 2', 8.78, '00:05:25', '2015-08-10 15:30:11', '2015-08-12 15:56:58'),
	(869, 52, 'Pinggau Lang', 32.58, '00:22:43', '2015-08-10 15:30:11', '2015-08-12 15:56:58'),
	(868, 52, 'Haideggendorf', 8.78, '00:00:00', '2015-08-10 15:30:10', '2015-08-12 15:56:58'),
	(867, 52, 'Dechantskirchen 2', 9.61, '00:05:57', '2015-08-10 15:30:10', '2015-08-12 15:56:58'),
	(866, 52, 'Sinnersdorf 2', 8.34, '00:00:00', '2015-08-10 15:30:10', '2015-08-12 15:56:58'),
	(865, 52, 'Dechantskirchen', 9.61, '00:00:00', '2015-08-10 15:30:10', '2015-08-12 15:56:58'),
	(864, 52, 'Sinnersdorf', 8.34, '00:05:06', '2015-08-10 15:30:10', '2015-08-12 15:56:58'),
	(863, 52, 'Rohrbach 2', 6.68, '00:00:00', '2015-08-10 15:30:10', '2015-08-12 15:56:59'),
	(862, 52, 'Pinggau 2', 12.57, '00:07:07', '2015-08-10 15:30:10', '2015-08-12 15:56:59'),
	(861, 52, 'Rohrbach', 6.68, '00:00:00', '2015-08-10 15:30:10', '2015-08-12 15:56:59'),
	(860, 52, 'Pinggau', 12.57, '00:08:08', '2015-08-10 15:30:10', '2015-08-12 15:56:59'),
	(893, 53, 'Kendal 3', 6.84, '00:04:58', '2015-08-10 15:36:16', '2015-08-12 15:56:59'),
	(892, 53, 'Bushy Park 2', 1.59, '00:00:00', '2015-08-10 15:36:16', '2015-08-12 15:56:59'),
	(891, 53, 'Malvern 2', 6.26, '00:04:17', '2015-08-10 15:36:16', '2015-08-12 15:56:59'),
	(890, 53, 'Kendal 2', 6.84, '00:04:47', '2015-08-10 15:36:16', '2015-08-12 15:56:59'),
	(889, 53, 'Bushy Park', 5.28, '00:03:58', '2015-08-10 15:36:16', '2015-08-12 15:56:59'),
	(888, 53, 'Malvern', 6.26, '00:00:00', '2015-08-10 15:36:16', '2015-08-12 15:56:59'),
	(887, 53, 'Kendal', 6.84, '00:04:06', '2015-08-10 15:36:16', '2015-08-12 15:56:59'),
	(886, 53, 'Spring Vale 3', 5.70, '00:03:46', '2015-08-10 15:36:16', '2015-08-12 15:56:59'),
	(885, 53, 'Canefield 3', 6.87, '00:04:22', '2015-08-10 15:36:16', '2015-08-12 15:56:59'),
	(884, 53, 'Sailor Gully 3', 4.94, '00:03:17', '2015-08-10 15:36:15', '2015-08-12 15:56:59'),
	(883, 53, 'Spring Vale 2', 5.21, '00:00:00', '2015-08-10 15:36:15', '2015-08-12 15:56:59'),
	(882, 53, 'Canefield 2', 6.87, '00:00:00', '2015-08-10 15:36:15', '2015-08-12 15:56:59'),
	(881, 53, 'Sailor Gully 2', 4.94, '00:00:00', '2015-08-10 15:36:15', '2015-08-12 15:56:59'),
	(880, 53, 'Spring Vale ', 4.71, '00:00:00', '2015-08-10 15:36:15', '2015-08-12 15:56:59'),
	(879, 53, 'Canefield', 6.87, '00:04:26', '2015-08-10 15:36:15', '2015-08-12 15:56:59'),
	(878, 53, 'Sailor Gully', 4.94, '00:03:34', '2015-08-10 15:36:15', '2015-08-12 15:56:59'),
	(877, 53, 'Bushy Park', 1.59, '00:01:01', '2015-08-10 15:36:15', '2015-08-12 15:56:59'),
	(898, 54, 'Schuiferskapelle 2', 15.43, '00:10:09', '2015-08-10 15:38:49', '2015-08-12 15:56:59'),
	(897, 54, 'Poelberg', 7.41, '00:00:00', '2015-08-10 15:38:49', '2015-08-12 15:56:59'),
	(896, 54, 'Oosthoek', 8.97, '00:05:48', '2015-08-10 15:38:49', '2015-08-12 15:56:59'),
	(895, 54, 'Ondank', 9.75, '00:06:45', '2015-08-10 15:38:49', '2015-08-12 15:56:59'),
	(894, 54, 'Schuiferskapelle', 15.43, '00:00:00', '2015-08-10 15:38:49', '2015-08-12 15:56:59'),
	(899, 54, 'Ondank 2', 9.75, '00:06:06', '2015-08-10 15:38:49', '2015-08-12 15:56:59'),
	(900, 54, 'Oosthoek 2', 8.97, '00:05:59', '2015-08-10 15:38:50', '2015-08-12 15:56:59'),
	(901, 54, 'Poelberg 2', 7.41, '00:05:01', '2015-08-10 15:38:50', '2015-08-12 15:56:59'),
	(902, 54, 'Schuiferskapelle 3', 15.43, '00:00:00', '2015-08-10 15:38:50', '2015-08-12 15:56:59'),
	(903, 54, 'Ondank 3', 9.75, '00:05:58', '2015-08-10 15:38:50', '2015-08-12 15:56:59'),
	(904, 54, 'Oosthoek 3', 8.97, '00:05:16', '2015-08-10 15:38:50', '2015-08-12 15:56:59'),
	(905, 54, 'Poelberg 3', 7.41, '00:00:00', '2015-08-10 15:38:50', '2015-08-12 15:56:59'),
	(906, 54, 'Schuiferskapelle 4', 15.43, '00:09:47', '2015-08-10 15:38:50', '2015-08-12 15:56:59'),
	(907, 54, 'Ondank 4', 9.75, '00:00:00', '2015-08-10 15:38:50', '2015-08-12 15:56:59'),
	(908, 54, 'Oosthoek 4', 8.97, '00:05:51', '2015-08-10 15:38:50', '2015-08-12 15:56:59'),
	(909, 54, 'Poelberg 4', 7.41, '00:04:36', '2015-08-10 15:38:50', '2015-08-12 15:56:59'),
	(911, 55, 'Citadelle', 4.88, '00:03:02', '2015-08-10 15:41:57', '2015-08-12 15:56:59'),
	(912, 55, 'Malonne', 14.49, '00:09:37', '2015-08-10 15:41:57', '2015-08-12 15:56:59'),
	(913, 55, 'Bois de Villers', 9.90, '00:00:00', '2015-08-10 15:41:57', '2015-08-12 15:56:59'),
	(914, 55, 'Crupet', 11.84, '00:00:00', '2015-08-10 15:41:57', '2015-08-12 15:56:59'),
	(915, 55, 'Natoye', 10.34, '00:00:00', '2015-08-10 15:41:57', '2015-08-12 15:56:59'),
	(916, 55, 'Malonne 2', 14.49, '00:09:14', '2015-08-10 15:41:57', '2015-08-12 15:56:59'),
	(917, 55, 'Bois de Villers 2', 9.90, '00:06:17', '2015-08-10 15:41:58', '2015-08-12 15:56:59'),
	(918, 55, 'Crupet 2', 11.84, '00:07:13', '2015-08-10 15:41:58', '2015-08-12 15:56:59'),
	(919, 55, 'Natoye 2', 10.34, '00:00:00', '2015-08-10 15:41:58', '2015-08-12 15:56:59'),
	(920, 55, 'Malonne 3', 14.49, '00:00:00', '2015-08-10 15:41:58', '2015-08-12 15:56:59'),
	(921, 55, 'Bois de Villers 3', 9.90, '00:06:18', '2015-08-10 15:41:58', '2015-08-12 15:56:59'),
	(922, 55, 'Crupet 3', 11.84, '00:07:34', '2015-08-10 15:41:58', '2015-08-12 15:56:59'),
	(923, 55, 'Natoye 3', 10.34, '00:06:13', '2015-08-10 15:41:58', '2015-08-12 15:56:59'),
	(924, 55, 'Naninne', 7.38, '00:04:39', '2015-08-10 15:41:58', '2015-08-12 15:56:59'),
	(925, 55, 'Loyers', 5.22, '00:03:03', '2015-08-10 15:41:58', '2015-08-12 15:56:59'),
	(926, 55, 'Wartet', 8.94, '00:05:12', '2015-08-10 15:41:58', '2015-08-12 15:56:59'),
	(927, 55, 'Vedrin', 5.33, '00:03:55', '2015-08-10 15:41:58', '2015-08-12 15:56:59'),
	(928, 56, 'Campo Magro', 18.42, '00:00:00', '2015-08-10 15:44:48', '2015-08-12 15:56:59'),
	(929, 56, 'Ouro Fino', 12.80, '00:08:07', '2015-08-10 15:44:48', '2015-08-12 15:56:59'),
	(930, 56, 'Curtiba', 12.57, '00:08:06', '2015-08-10 15:44:48', '2015-08-12 15:56:59'),
	(931, 56, 'Campo Magro 2', 18.42, '00:12:28', '2015-08-10 15:44:48', '2015-08-12 15:56:59'),
	(932, 56, 'Curtiba 2', 12.57, '00:08:39', '2015-08-10 15:44:48', '2015-08-12 15:56:59'),
	(933, 56, 'Campo Magro 3', 18.42, '00:11:05', '2015-08-10 15:44:48', '2015-08-12 15:56:59'),
	(934, 56, 'Ouro Fino 2', 12.80, '00:08:56', '2015-08-10 15:44:48', '2015-08-12 15:56:59'),
	(935, 56, 'Bocaiuva', 28.68, '00:00:00', '2015-08-10 15:44:48', '2015-08-12 15:56:59'),
	(936, 56, 'Rio Pesqueiro', 15.89, '00:00:00', '2015-08-10 15:44:48', '2015-08-12 15:56:59'),
	(937, 56, 'Quatro Barras', 12.97, '00:00:00', '2015-08-10 15:44:48', '2015-08-12 15:56:59'),
	(938, 56, 'Nobre', 10.86, '00:06:26', '2015-08-10 15:44:48', '2015-08-12 15:56:59'),
	(939, 56, 'Rio Pesqueiro 2', 15.89, '00:00:00', '2015-08-10 15:44:48', '2015-08-12 15:56:59'),
	(940, 56, 'Quatro Barras 2', 12.97, '00:00:00', '2015-08-10 15:44:48', '2015-08-12 15:56:59'),
	(941, 56, 'Campina', 23.95, '00:00:00', '2015-08-10 15:44:48', '2015-08-12 15:56:59'),
	(942, 56, 'Prime Pinhais', 3.34, '00:02:23', '2015-08-10 15:44:49', '2015-08-12 15:56:59'),
	(945, 57, 'Beli Iskar', 6.87, '00:00:00', '2015-08-10 15:48:24', '2015-08-12 15:56:59'),
	(946, 57, 'Borovetz - Raduil', 9.21, '00:05:43', '2015-08-10 15:48:24', '2015-08-12 15:56:59'),
	(947, 57, 'Muhovo', 29.68, '00:18:01', '2015-08-10 15:48:24', '2015-08-12 15:56:59'),
	(948, 57, 'Slavovitza', 17.84, '00:11:38', '2015-08-10 15:48:24', '2015-08-12 15:56:59'),
	(949, 57, 'Beli Iskar 2', 6.87, '00:00:00', '2015-08-10 15:48:24', '2015-08-12 15:56:59'),
	(950, 57, 'Borovetz - Raduil 2', 9.21, '00:00:00', '2015-08-10 15:48:24', '2015-08-12 15:56:59'),
	(951, 57, 'Muhovo 2', 29.68, '00:18:59', '2015-08-10 15:48:24', '2015-08-12 15:56:59'),
	(952, 57, 'Slavovitza 2', 17.84, '00:10:02', '2015-08-10 15:48:24', '2015-08-12 15:56:59'),
	(953, 57, 'Trayanovi Vrata', 18.65, '00:12:26', '2015-08-10 15:48:24', '2015-08-12 15:56:59'),
	(954, 57, 'Lubnitza', 30.84, '00:19:31', '2015-08-10 15:48:25', '2015-08-12 15:56:59'),
	(955, 57, 'Raduil - Borovetz', 9.61, '00:00:00', '2015-08-10 15:48:25', '2015-08-12 15:56:59'),
	(956, 57, 'Borovetz - Beli Iskar', 6.27, '00:04:05', '2015-08-10 15:48:25', '2015-08-12 15:56:59'),
	(957, 57, 'Trayanovi Vrata 2', 18.65, '00:00:00', '2015-08-10 15:48:25', '2015-08-12 15:56:59'),
	(958, 57, 'Lubnitza 2', 30.84, '00:00:00', '2015-08-10 15:48:25', '2015-08-12 15:56:59'),
	(962, 58, 'Porec', 1.30, '00:00:00', '2015-08-10 15:50:44', '2015-08-12 15:56:59'),
	(963, 58, 'Boljun', 14.73, '00:09:03', '2015-08-10 15:50:44', '2015-08-12 15:56:59'),
	(964, 58, 'Ucka', 13.70, '00:00:00', '2015-08-10 15:50:44', '2015-08-12 15:56:59'),
	(965, 58, 'Brest', 29.76, '00:00:00', '2015-08-10 15:50:45', '2015-08-12 15:56:59'),
	(966, 58, 'Boljun 2', 14.73, '00:08:44', '2015-08-10 15:50:45', '2015-08-12 15:56:59'),
	(967, 58, 'Ucka 2', 13.70, '00:08:07', '2015-08-10 15:50:45', '2015-08-12 15:56:59'),
	(968, 58, 'Brest 2', 29.76, '00:19:54', '2015-08-10 15:50:45', '2015-08-12 15:56:59'),
	(969, 58, 'Butoniga', 14.49, '00:09:39', '2015-08-10 15:50:45', '2015-08-12 15:56:59'),
	(970, 58, 'Buzet', 14.36, '00:08:31', '2015-08-10 15:50:45', '2015-08-12 15:56:59'),
	(971, 58, 'Salteria', 29.84, '00:00:00', '2015-08-10 15:50:45', '2015-08-12 15:56:59'),
	(972, 58, 'Butoniga 2', 14.49, '00:09:34', '2015-08-10 15:50:45', '2015-08-12 15:56:59'),
	(973, 58, 'Buzet 2', 14.36, '00:08:35', '2015-08-10 15:50:45', '2015-08-12 15:56:59'),
	(974, 58, 'Salteria 2', 29.84, '00:18:48', '2015-08-10 15:50:45', '2015-08-12 15:56:59'),
	(975, 58, 'Porec 2', 1.30, '00:00:00', '2015-08-10 15:50:45', '2015-08-12 15:56:59'),
	(976, 58, 'Porec 3', 1.30, '00:00:00', '2015-08-10 15:50:45', '2015-08-12 15:56:59'),
	(979, 59, 'Horazdovice - Komusin', 5.16, '00:03:53', '2015-08-10 15:54:30', '2015-08-12 15:56:59'),
	(980, 59, 'Cecelovice', 16.97, '00:10:39', '2015-08-10 15:54:30', '2015-08-12 15:56:59'),
	(981, 59, 'Doubravice - Chrastovice', 11.29, '00:07:44', '2015-08-10 15:54:30', '2015-08-12 15:56:59'),
	(982, 59, 'Strazovice - Nehodiv', 7.74, '00:05:00', '2015-08-10 15:54:31', '2015-08-12 15:56:59'),
	(983, 59, 'Horazdovice - Komusin 2', 5.16, '00:03:39', '2015-08-10 15:54:31', '2015-08-12 15:56:59'),
	(984, 59, 'Cecelovice 2', 16.97, '00:11:04', '2015-08-10 15:54:31', '2015-08-12 15:56:59'),
	(985, 59, 'Doubravice - Chrastovice 2', 11.29, '00:06:49', '2015-08-10 15:54:31', '2015-08-12 15:56:59'),
	(986, 59, 'Strazovice - Nehodiv 2', 7.74, '00:04:58', '2015-08-10 15:54:31', '2015-08-12 15:56:59'),
	(987, 59, 'Horazdovice - Komusin 3', 5.16, '00:03:24', '2015-08-10 15:54:31', '2015-08-12 15:56:59'),
	(988, 59, 'Cecelovice 3', 16.97, '00:00:00', '2015-08-10 15:54:31', '2015-08-12 15:56:59'),
	(989, 59, 'Doubravice - Chrastovice 3', 11.29, '00:07:19', '2015-08-10 15:54:31', '2015-08-12 15:56:59'),
	(990, 59, 'Strazovice - Nehodiv 3', 7.74, '00:04:07', '2015-08-10 15:54:31', '2015-08-12 15:56:59'),
	(991, 59, 'Nehodiv - Cecelovice', 12.31, '00:07:35', '2015-08-10 15:54:31', '2015-08-12 15:56:59'),
	(992, 59, 'Cecelovice - Doubravice', 7.70, '00:04:49', '2015-08-10 15:54:31', '2015-08-12 15:56:59'),
	(996, 60, 'Bondy', 2.69, '00:01:06', '2015-08-10 16:20:57', '2015-08-12 15:56:59'),
	(997, 60, 'Sychrov', 19.32, '00:12:18', '2015-08-10 16:20:57', '2015-08-12 15:56:59'),
	(998, 60, 'Sumburk', 16.41, '00:00:00', '2015-08-10 16:20:57', '2015-08-12 15:56:59'),
	(999, 60, 'Bzi', 5.27, '00:03:17', '2015-08-10 16:20:57', '2015-08-12 15:56:59'),
	(1000, 60, 'Sychrov 2', 19.32, '00:12:47', '2015-08-10 16:20:57', '2015-08-12 15:56:59'),
	(1001, 60, 'Sumburk 2', 16.41, '00:00:00', '2015-08-10 16:20:58', '2015-08-12 15:56:59'),
	(1002, 60, 'Bzi 2', 5.27, '00:03:13', '2015-08-10 16:20:58', '2015-08-12 15:56:59'),
	(1003, 60, 'Lobec', 11.14, '00:00:00', '2015-08-10 16:20:58', '2015-08-12 15:56:59'),
	(1004, 60, 'Vinec', 15.34, '00:10:57', '2015-08-10 16:20:58', '2015-08-12 15:56:59'),
	(1005, 60, 'Staromestska', 5.62, '00:03:48', '2015-08-10 16:20:58', '2015-08-12 15:56:59'),
	(1006, 60, 'Lobec 2', 11.14, '00:07:47', '2015-08-10 16:20:58', '2015-08-12 15:56:59'),
	(1007, 60, 'Vinec 2', 15.34, '00:10:38', '2015-08-10 16:20:58', '2015-08-12 15:56:59'),
	(1008, 60, 'Staromestska 2', 5.62, '00:03:44', '2015-08-10 16:20:58', '2015-08-12 15:56:59'),
	(1009, 60, 'Lobec 3', 11.14, '00:00:00', '2015-08-10 16:20:58', '2015-08-12 15:56:59'),
	(1010, 60, 'Vinec 3', 15.34, '00:00:00', '2015-08-10 16:20:58', '2015-08-12 15:56:59'),
	(1013, 61, 'Marchampt', 12.25, '00:08:41', '2015-08-10 16:27:13', '2015-08-12 15:56:59'),
	(1014, 61, 'Lamure sur Azergues', 14.80, '00:08:44', '2015-08-10 16:27:13', '2015-08-12 15:56:59'),
	(1015, 61, 'Bibost', 13.87, '00:08:15', '2015-08-10 16:27:13', '2015-08-12 15:56:59'),
	(1016, 61, 'Rontalon', 14.97, '00:08:58', '2015-08-10 16:27:13', '2015-08-12 15:56:59'),
	(1017, 61, 'Lyon - Gerland', 1.88, '00:01:06', '2015-08-10 16:27:13', '2015-08-12 15:56:59'),
	(1018, 61, 'Marchampt - Claveisoles', 25.59, '00:15:31', '2015-08-10 16:27:13', '2015-08-12 15:56:59'),
	(1019, 61, 'Lamure sur Azergues 2', 14.80, '00:10:18', '2015-08-10 16:27:13', '2015-08-12 15:56:59'),
	(1020, 61, 'Les Noirs', 18.66, '00:12:26', '2015-08-10 16:27:13', '2015-08-12 15:56:59'),
	(1021, 61, 'Les Sauvages', 12.80, '00:07:56', '2015-08-10 16:27:13', '2015-08-12 15:56:59'),
	(1022, 61, 'Marchampt - Claveisoles', 25.94, '00:15:46', '2015-08-10 16:27:14', '2015-08-12 15:56:59'),
	(1023, 61, 'Lamure sur Azergues 3', 14.80, '00:09:01', '2015-08-10 16:27:14', '2015-08-12 15:56:59'),
	(1024, 61, 'Les Noirs 2', 18.66, '00:10:57', '2015-08-10 16:27:14', '2015-08-12 15:56:59'),
	(1025, 61, 'Les Sauvages 2', 12.80, '00:08:25', '2015-08-10 16:27:14', '2015-08-12 15:56:59'),
	(1026, 61, 'Les Noirs 3', 18.66, '00:00:00', '2015-08-10 16:27:14', '2015-08-12 15:56:59'),
	(1027, 61, 'Les Sauvages 3', 12.80, '00:00:00', '2015-08-10 16:27:14', '2015-08-12 15:56:59'),
	(1030, 62, 'Camiers', 12.11, '00:08:00', '2015-08-10 16:29:02', '2015-08-12 15:56:59'),
	(1031, 62, 'La Calotterie', 12.68, '00:08:26', '2015-08-10 16:29:02', '2015-08-12 15:56:59'),
	(1032, 62, 'Airon', 15.54, '00:09:41', '2015-08-10 16:29:02', '2015-08-12 15:56:59'),
	(1033, 62, 'Le Touquet', 2.26, '00:01:48', '2015-08-10 16:29:02', '2015-08-12 15:56:59'),
	(1034, 62, 'Camiers 2', 12.11, '00:07:39', '2015-08-10 16:29:02', '2015-08-12 15:56:59'),
	(1035, 62, 'La Calotterie 2', 12.68, '00:07:37', '2015-08-10 16:29:02', '2015-08-12 15:56:59'),
	(1036, 62, 'Airon 2', 15.54, '00:09:53', '2015-08-10 16:29:03', '2015-08-12 15:56:59'),
	(1037, 62, 'Le Touquet 2', 2.26, '00:01:37', '2015-08-10 16:29:03', '2015-08-12 15:56:59'),
	(1038, 62, 'Bourthes', 27.65, '00:00:00', '2015-08-10 16:29:03', '2015-08-12 15:56:59'),
	(1039, 62, 'Bourthes 2', 27.65, '00:17:58', '2015-08-10 16:29:03', '2015-08-12 15:56:59'),
	(1040, 62, 'Hucqueliers', 30.28, '00:18:43', '2015-08-10 16:29:03', '2015-08-12 15:56:59'),
	(1041, 62, 'Le Touquet 3', 2.26, '00:01:52', '2015-08-10 16:29:03', '2015-08-12 15:56:59'),
	(1042, 62, 'Hucqueliers 2', 30.28, '00:19:06', '2015-08-10 16:29:03', '2015-08-12 15:56:59'),
	(1043, 62, 'Bourthes 3', 27.65, '00:00:00', '2015-08-10 16:29:03', '2015-08-12 15:56:59'),
	(1044, 62, 'Hucqueliers 3', 30.28, '00:00:00', '2015-08-10 16:29:03', '2015-08-12 15:56:59'),
	(1047, 63, 'Stollberg', 4.72, '00:00:00', '2015-08-10 16:31:41', '2015-08-12 15:56:59'),
	(1048, 63, 'Grunhain', 14.25, '00:09:45', '2015-08-10 16:31:41', '2015-08-12 15:56:59'),
	(1049, 63, 'Gelenau', 7.17, '00:00:00', '2015-08-10 16:31:41', '2015-08-12 15:56:59'),
	(1050, 63, 'Mildenau', 7.82, '00:04:41', '2015-08-10 16:31:41', '2015-08-12 15:56:59'),
	(1051, 63, 'Grunhain 2', 14.25, '00:08:06', '2015-08-10 16:31:41', '2015-08-12 15:56:59'),
	(1052, 63, 'Gelenau 2', 7.17, '00:04:46', '2015-08-10 16:31:42', '2015-08-12 15:56:59'),
	(1053, 63, 'Mildenau 2', 7.82, '00:00:00', '2015-08-10 16:31:42', '2015-08-12 15:56:59'),
	(1054, 63, 'Gelenau 3', 7.17, '00:04:13', '2015-08-10 16:31:42', '2015-08-12 15:56:59'),
	(1055, 63, 'Jahnsdorf', 8.15, '00:05:29', '2015-08-10 16:31:42', '2015-08-12 15:56:59'),
	(1056, 63, 'Oberdorf', 11.50, '00:00:00', '2015-08-10 16:31:42', '2015-08-12 15:56:59'),
	(1057, 63, 'Jahnsdorf 2', 8.45, '00:05:42', '2015-08-10 16:31:42', '2015-08-12 15:56:59'),
	(1058, 63, 'Oberdorf 2', 11.68, '00:00:00', '2015-08-10 16:31:42', '2015-08-12 15:56:59'),
	(1059, 63, 'Jahnsdorf', 8.45, '00:05:54', '2015-08-10 16:31:42', '2015-08-12 15:56:59'),
	(1060, 63, 'Oberdorf', 11.68, '00:06:08', '2015-08-10 16:31:42', '2015-08-12 15:56:59'),
	(1064, 64, 'Lydford', 8.66, '00:04:09', '2015-08-10 16:38:22', '2015-08-12 15:56:59'),
	(1065, 64, 'Reynolds', 8.86, '00:05:34', '2015-08-10 16:38:22', '2015-08-12 15:56:59'),
	(1066, 64, 'Lydford 2', 8.66, '00:05:42', '2015-08-10 16:38:22', '2015-08-12 15:56:59'),
	(1067, 64, 'Reynolds 2', 8.86, '00:05:44', '2015-08-10 16:38:22', '2015-08-12 15:56:59'),
	(1068, 64, 'Lydford 3', 8.66, '00:00:00', '2015-08-10 16:38:22', '2015-08-12 15:56:59'),
	(1069, 64, 'Reynolds 3', 8.86, '00:05:45', '2015-08-10 16:38:22', '2015-08-12 15:56:59'),
	(1070, 64, 'Haddon Pen', 8.99, '00:05:14', '2015-08-10 16:38:22', '2015-08-12 15:56:59'),
	(1071, 64, 'Reynolds 4', 8.86, '00:00:00', '2015-08-10 16:38:22', '2015-08-12 15:56:59'),
	(1072, 64, 'Haddon Pen 2', 8.99, '00:05:55', '2015-08-10 16:38:22', '2015-08-12 15:56:59'),
	(1073, 64, 'Haddon Pen 3', 8.99, '00:05:42', '2015-08-10 16:38:22', '2015-08-12 15:56:59'),
	(1074, 64, 'New Works', 5.27, '00:03:54', '2015-08-10 16:38:22', '2015-08-12 15:56:59'),
	(1075, 64, 'Bybrook', 7.20, '00:00:00', '2015-08-10 16:38:23', '2015-08-12 15:56:59'),
	(1076, 64, 'New Works 2', 5.27, '00:00:00', '2015-08-10 16:38:23', '2015-08-12 15:56:59'),
	(1077, 64, 'Bybrook 2', 7.20, '00:04:22', '2015-08-10 16:38:23', '2015-08-12 15:56:59'),
	(1078, 64, 'New Works 3', 5.27, '00:03:28', '2015-08-10 16:38:23', '2015-08-12 15:56:59'),
	(1079, 64, 'Bybrook 3', 7.20, '00:04:15', '2015-08-10 16:38:23', '2015-08-12 15:56:59'),
	(1080, 64, 'Wakefield', 5.73, '00:00:00', '2015-08-10 16:38:23', '2015-08-12 15:56:59'),
	(1081, 65, 'Schutte Informatisering', 10.22, '00:00:00', '2015-08-10 16:41:16', '2015-08-12 15:56:59'),
	(1082, 65, 'Eurol Lubricants', 6.51, '00:04:25', '2015-08-10 16:41:16', '2015-08-12 15:56:59'),
	(1083, 65, 'Teunis Automotive', 6.12, '00:03:56', '2015-08-10 16:41:16', '2015-08-12 15:56:59'),
	(1084, 65, 'Schutte Informatisering 2', 10.22, '00:00:00', '2015-08-10 16:41:16', '2015-08-12 15:56:59'),
	(1085, 65, 'Eurol Lubricants 2', 6.51, '00:00:00', '2015-08-10 16:41:16', '2015-08-12 15:56:59'),
	(1086, 65, 'Teunis Automotive 2', 6.12, '00:00:00', '2015-08-10 16:41:17', '2015-08-12 15:56:59'),
	(1087, 65, 'Hegeman Bouw', 13.89, '00:09:14', '2015-08-10 16:41:17', '2015-08-12 15:56:59'),
	(1088, 65, 'Reggesign Reclame', 10.36, '00:06:49', '2015-08-10 16:41:17', '2015-08-12 15:56:59'),
	(1089, 65, 'Hegeman Bouw 2', 13.89, '00:08:44', '2015-08-10 16:41:17', '2015-08-12 15:56:59'),
	(1090, 65, 'Reggesign Reclame 2', 10.36, '00:06:04', '2015-08-10 16:41:17', '2015-08-12 15:56:59'),
	(1091, 65, 'Ten Brinke', 12.67, '00:08:29', '2015-08-10 16:41:17', '2015-08-12 15:56:59'),
	(1092, 65, 'Tijhof', 8.48, '00:00:00', '2015-08-10 16:41:17', '2015-08-12 15:56:59'),
	(1093, 65, 'Wolves Berging', 11.59, '00:07:54', '2015-08-10 16:41:17', '2015-08-12 15:56:59'),
	(1094, 65, 'Ten Brinke 2', 12.67, '00:08:24', '2015-08-10 16:41:17', '2015-08-12 15:56:59'),
	(1095, 65, 'Tijhof 2', 8.48, '00:05:22', '2015-08-10 16:41:17', '2015-08-12 15:56:59'),
	(1096, 65, 'Wolves Berging 2', 11.59, '00:00:00', '2015-08-10 16:41:17', '2015-08-12 15:56:59'),
	(1098, 66, 'Tenten - Huelmes', 12.56, '00:07:56', '2015-08-10 16:47:23', '2015-08-12 15:56:59'),
	(1099, 66, 'Petten - Rouscht', 5.25, '00:03:34', '2015-08-10 16:47:23', '2015-08-12 15:56:59'),
	(1100, 66, 'Platen - Horass', 6.74, '00:00:00', '2015-08-10 16:47:23', '2015-08-12 15:56:59'),
	(1101, 66, 'Tenten - Huelmes 2', 12.56, '00:08:12', '2015-08-10 16:47:23', '2015-08-12 15:56:59'),
	(1102, 66, 'Petten - Rouscht 2', 5.25, '00:00:00', '2015-08-10 16:47:23', '2015-08-12 15:56:59'),
	(1103, 66, 'Platen - Horass 2', 6.74, '00:04:54', '2015-08-10 16:47:23', '2015-08-12 15:56:59'),
	(1104, 66, 'Tenten - Huelmes 3', 12.56, '00:00:00', '2015-08-10 16:47:24', '2015-08-12 15:56:59'),
	(1105, 66, 'Petten - Rouscht 3', 5.25, '00:03:55', '2015-08-10 16:47:24', '2015-08-12 15:56:59'),
	(1106, 66, 'Platen - Horass 3', 6.74, '00:04:00', '2015-08-10 16:47:24', '2015-08-12 15:56:59'),
	(1107, 66, 'Reiden - Noojhem', 20.19, '00:00:00', '2015-08-10 16:47:24', '2015-08-12 15:56:59'),
	(1108, 66, 'Horass - Platen', 10.99, '00:07:36', '2015-08-10 16:47:24', '2015-08-12 15:56:59'),
	(1109, 66, 'Reiden - Noojhem 2', 20.19, '00:13:05', '2015-08-10 16:47:24', '2015-08-12 15:56:59'),
	(1110, 66, 'Horass - Platen 2', 10.99, '00:07:45', '2015-08-10 16:47:24', '2015-08-12 15:56:59'),
	(1111, 66, 'Reiden - Noojhem 3', 20.19, '00:00:00', '2015-08-10 16:47:24', '2015-08-12 15:56:59'),
	(1112, 66, 'Horass - Platen 3', 10.99, '00:00:00', '2015-08-10 16:47:24', '2015-08-12 15:56:59'),
	(1115, 67, 'Nabat Lusail', 19.33, '00:13:29', '2015-08-10 16:50:08', '2015-08-12 15:56:59'),
	(1116, 67, 'Umm Al Hal', 12.99, '00:00:00', '2015-08-10 16:50:08', '2015-08-12 15:56:59'),
	(1117, 67, 'Al Waker', 10.19, '00:00:00', '2015-08-10 16:50:08', '2015-08-12 15:56:59'),
	(1118, 67, 'QMMF', 28.31, '00:16:32', '2015-08-10 16:50:08', '2015-08-12 15:56:59'),
	(1119, 67, 'Nabat Lusail 2', 19.33, '00:12:26', '2015-08-10 16:50:08', '2015-08-12 15:56:59'),
	(1120, 67, 'Umm Al Hal 2', 12.99, '00:00:00', '2015-08-10 16:50:08', '2015-08-12 15:56:59'),
	(1121, 67, 'Al Waker 2', 10.19, '00:00:00', '2015-08-10 16:50:08', '2015-08-12 15:56:59'),
	(1122, 67, 'QMMF 2', 28.31, '00:19:01', '2015-08-10 16:50:08', '2015-08-12 15:56:59'),
	(1123, 67, 'Al Wakrah', 25.83, '00:17:47', '2015-08-10 16:50:08', '2015-08-12 15:56:59'),
	(1124, 67, 'QMMF 3', 28.31, '00:16:01', '2015-08-10 16:50:08', '2015-08-12 15:56:59'),
	(1125, 67, 'Al Negian', 7.90, '00:05:36', '2015-08-10 16:50:09', '2015-08-12 15:56:59'),
	(1126, 67, 'Al Wakrah 2', 25.83, '00:14:49', '2015-08-10 16:50:09', '2015-08-12 15:56:59'),
	(1127, 67, 'QMMF 4', 28.31, '00:17:55', '2015-08-10 16:50:09', '2015-08-12 15:56:59'),
	(1128, 67, 'Al Negian 2', 7.90, '00:04:06', '2015-08-10 16:50:09', '2015-08-12 15:56:59'),
	(1129, 67, 'Al Wakrah 3', 25.83, '00:15:27', '2015-08-10 16:50:09', '2015-08-12 15:56:59'),
	(1130, 67, 'Al Negian 3', 7.90, '00:05:33', '2015-08-10 16:50:09', '2015-08-12 15:56:59'),
	(1132, 68, 'Salgovik', 10.76, '00:06:42', '2015-08-10 16:52:25', '2015-08-12 15:56:59'),
	(1133, 68, 'Zlata Baoa 3', 24.32, '00:14:25', '2015-08-10 16:52:25', '2015-08-12 15:56:59'),
	(1134, 68, 'Lubotice', 6.32, '00:00:00', '2015-08-10 16:52:25', '2015-08-12 15:56:59'),
	(1135, 68, 'Salgovik 2', 10.16, '00:05:09', '2015-08-10 16:52:25', '2015-08-12 15:56:59'),
	(1136, 68, 'Zlata Baoa 2', 24.32, '00:14:45', '2015-08-10 16:52:25', '2015-08-12 15:56:59'),
	(1137, 68, 'Lubotice 2', 6.51, '00:04:48', '2015-08-10 16:52:25', '2015-08-12 15:56:59'),
	(1138, 68, 'Obisovce', 23.31, '00:13:18', '2015-08-10 16:52:26', '2015-08-12 15:56:59'),
	(1139, 68, 'Vitaz', 17.93, '00:10:43', '2015-08-10 16:52:26', '2015-08-12 15:56:59'),
	(1140, 68, 'Obisovce 2', 23.31, '00:13:53', '2015-08-10 16:52:26', '2015-08-12 15:56:59'),
	(1141, 68, 'Vitaz 2', 17.93, '00:00:00', '2015-08-10 16:52:26', '2015-08-12 15:56:59'),
	(1142, 68, 'Obisovce 3', 23.31, '00:14:18', '2015-08-10 16:52:26', '2015-08-12 15:56:59'),
	(1143, 68, 'Vitaz 3', 17.93, '00:11:45', '2015-08-10 16:52:26', '2015-08-12 15:56:59'),
	(1144, 68, 'Salgovik', 10.16, '00:00:00', '2015-08-10 16:52:26', '2015-08-12 15:56:59'),
	(1145, 68, 'Zlata Baoa', 24.32, '00:00:00', '2015-08-10 16:52:26', '2015-08-12 15:56:59'),
	(1146, 68, 'Lubotice', 6.51, '00:00:00', '2015-08-10 16:52:26', '2015-08-12 15:56:59'),
	(1149, 69, 'Carron Valley', 8.49, '00:00:00', '2015-08-10 16:54:39', '2015-08-12 15:56:59'),
	(1150, 69, 'Carron Valley 2', 8.49, '00:05:55', '2015-08-10 16:54:39', '2015-08-12 15:56:59'),
	(1151, 69, 'Craigvinean', 16.29, '00:10:47', '2015-08-10 16:54:39', '2015-08-12 15:56:59'),
	(1152, 69, 'Drummond Hill', 13.65, '00:08:46', '2015-08-10 16:54:39', '2015-08-12 15:56:59'),
	(1153, 69, 'Errochty', 17.85, '00:10:18', '2015-08-10 16:54:39', '2015-08-12 15:56:59'),
	(1154, 69, 'Craigvinean 2', 16.29, '00:00:00', '2015-08-10 16:54:39', '2015-08-12 15:56:59'),
	(1155, 69, 'Drummond Hill 2', 13.65, '00:09:02', '2015-08-10 16:54:39', '2015-08-12 15:56:59'),
	(1156, 69, 'Errochty 2', 17.85, '00:11:07', '2015-08-10 16:54:39', '2015-08-12 15:56:59'),
	(1157, 69, 'Carron Valley 3', 8.49, '00:00:00', '2015-08-10 16:54:39', '2015-08-12 15:56:59'),
	(1158, 69, 'Loch Chon', 9.29, '00:05:36', '2015-08-10 16:54:39', '2015-08-12 15:56:59'),
	(1159, 69, 'High Corrie', 25.62, '00:15:57', '2015-08-10 16:54:39', '2015-08-12 15:56:59'),
	(1160, 69, 'Loch Chon 2', 9.29, '00:05:41', '2015-08-10 16:54:39', '2015-08-12 15:56:59'),
	(1161, 69, 'High Corrie 2', 25.62, '00:16:21', '2015-08-10 16:54:39', '2015-08-12 15:56:59'),
	(1162, 69, 'Scone Palace', 2.60, '00:01:49', '2015-08-10 16:54:39', '2015-08-12 15:56:59'),
	(1163, 69, 'Scone Palace 2', 2.60, '00:00:00', '2015-08-10 16:54:40', '2015-08-12 15:56:59'),
	(1166, 70, 'Palix', 9.48, '00:05:06', '2015-08-10 17:20:46', '2015-08-12 15:56:59'),
	(1167, 70, 'Palix 2', 9.48, '00:06:44', '2015-08-10 17:20:46', '2015-08-12 15:56:59'),
	(1168, 70, 'Smith Creek', 10.19, '00:00:00', '2015-08-10 17:20:46', '2015-08-12 15:56:59'),
	(1169, 70, 'Brooklyn', 11.97, '00:08:03', '2015-08-10 17:20:46', '2015-08-12 15:56:59'),
	(1170, 70, 'Brooklyn 2', 11.97, '00:00:00', '2015-08-10 17:20:46', '2015-08-12 15:56:59'),
	(1171, 70, 'Smith Creek 2', 10.19, '00:06:00', '2015-08-10 17:20:46', '2015-08-12 15:56:59'),
	(1172, 70, 'Pico', 15.36, '00:00:00', '2015-08-10 17:20:46', '2015-08-12 15:56:59'),
	(1173, 70, 'Pico 2', 15.36, '00:00:00', '2015-08-10 17:20:46', '2015-08-12 15:56:59'),
	(1174, 70, 'Wreck Creek', 6.71, '00:00:00', '2015-08-10 17:20:46', '2015-08-12 15:56:59'),
	(1175, 70, 'Wreck Creek 2', 6.71, '00:00:00', '2015-08-10 17:20:46', '2015-08-12 15:56:59'),
	(1176, 70, 'Taholah', 18.20, '00:11:31', '2015-08-10 17:20:47', '2015-08-12 15:56:59'),
	(1177, 70, 'Black Bear Highway', 7.22, '00:04:48', '2015-08-10 17:20:47', '2015-08-12 15:56:59'),
	(1178, 70, 'Taholah 2', 18.20, '00:00:00', '2015-08-10 17:20:47', '2015-08-12 15:56:59'),
	(1179, 70, 'Black Bear Highway 2', 7.22, '00:04:06', '2015-08-10 17:20:47', '2015-08-12 15:56:59'),
	(1183, 71, 'Guide Valley', 4.11, '00:02:57', '2015-08-10 17:24:19', '2015-08-12 15:56:59'),
	(1184, 71, 'Tewkesbury', 4.71, '00:03:24', '2015-08-10 17:24:19', '2015-08-12 15:56:59'),
	(1185, 71, 'Hellyer Leslie', 19.20, '00:00:00', '2015-08-10 17:24:19', '2015-08-12 15:56:59'),
	(1186, 71, 'Hellyer Leslie 2', 19.20, '00:12:04', '2015-08-10 17:24:19', '2015-08-12 15:56:59'),
	(1187, 71, 'Savage River', 24.99, '00:15:05', '2015-08-10 17:24:19', '2015-08-12 15:56:59'),
	(1188, 71, 'Savage River 2', 24.99, '00:00:00', '2015-08-10 17:24:19', '2015-08-12 15:56:59'),
	(1189, 71, 'Hellyer Leslie 3', 19.20, '00:11:49', '2015-08-10 17:24:19', '2015-08-12 15:56:59'),
	(1190, 71, 'Yolla North', 5.83, '00:00:00', '2015-08-10 17:24:19', '2015-08-12 15:56:59'),
	(1191, 71, 'Oldina North', 7.53, '00:00:00', '2015-08-10 17:24:19', '2015-08-12 15:56:59'),
	(1192, 71, 'Yolla North 2', 5.83, '00:03:43', '2015-08-10 17:24:19', '2015-08-12 15:56:59'),
	(1193, 71, 'Oldina North 2', 7.53, '00:00:00', '2015-08-10 17:24:19', '2015-08-12 15:56:59'),
	(1194, 71, 'Paloona Dam', 5.15, '00:03:29', '2015-08-10 17:24:19', '2015-08-12 15:56:59'),
	(1195, 71, 'Mt. Roland', 7.53, '00:04:53', '2015-08-10 17:24:19', '2015-08-12 15:56:59'),
	(1196, 71, 'King Solomon', 15.80, '00:09:16', '2015-08-10 17:24:19', '2015-08-12 15:56:59'),
	(1197, 71, 'Gog Range', 7.31, '00:04:58', '2015-08-10 17:24:20', '2015-08-12 15:56:59'),
	(1198, 71, 'Mt. Roland 2', 7.53, '00:05:13', '2015-08-10 17:24:20', '2015-08-12 15:56:59'),
	(1199, 71, 'King Solomon 2', 15.80, '00:00:00', '2015-08-10 17:24:20', '2015-08-12 15:56:59'),
	(1200, 72, 'Lysgard', 14.36, '00:00:00', '2015-08-10 17:28:35', '2015-08-12 15:56:59'),
	(1201, 72, 'Kjellerup', 2.56, '00:01:44', '2015-08-10 17:28:36', '2015-08-12 15:56:59'),
	(1202, 72, 'Sjorslev', 20.85, '00:12:27', '2015-08-10 17:28:36', '2015-08-12 15:56:59'),
	(1203, 72, 'Demstrup', 6.41, '00:04:17', '2015-08-10 17:28:36', '2015-08-12 15:56:59'),
	(1204, 72, 'Lysgard 2', 14.36, '00:00:00', '2015-08-10 17:28:37', '2015-08-12 15:56:59'),
	(1205, 72, 'Kjellerup 2', 2.56, '00:01:46', '2015-08-10 17:28:37', '2015-08-12 15:56:59'),
	(1206, 72, 'Sjorslev 2', 20.85, '00:14:23', '2015-08-10 17:28:37', '2015-08-12 15:56:59'),
	(1207, 72, 'Demstrup 2', 6.41, '00:00:00', '2015-08-10 17:28:38', '2015-08-12 15:56:59'),
	(1208, 72, 'Hindberg', 7.38, '00:00:00', '2015-08-10 17:28:38', '2015-08-12 15:56:59'),
	(1209, 72, 'Frederiksdal', 8.99, '00:06:07', '2015-08-10 17:28:39', '2015-08-12 15:56:59'),
	(1210, 72, 'Hinge', 6.51, '00:00:00', '2015-08-10 17:28:39', '2015-08-12 15:56:59'),
	(1211, 72, 'Hindberg 2', 7.38, '00:00:00', '2015-08-10 17:28:39', '2015-08-12 15:56:59'),
	(1212, 72, 'Frederiksdal 2', 8.99, '00:00:00', '2015-08-10 17:28:39', '2015-08-12 15:56:59'),
	(1213, 72, 'Hinge 2', 6.51, '00:00:00', '2015-08-10 17:28:39', '2015-08-12 15:56:59'),
	(1214, 72, 'Kjellerup 3', 2.56, '00:01:58', '2015-08-10 17:28:39', '2015-08-12 15:56:59'),
	(1217, 73, 'Saporro', 1.85, '00:01:16', '2015-08-10 17:30:34', '2015-08-12 15:56:59'),
	(1218, 73, 'Saporro 2', 1.85, '00:01:21', '2015-08-10 17:30:34', '2015-08-12 15:56:59'),
	(1219, 73, 'Iwanke', 26.67, '00:17:36', '2015-08-10 17:30:34', '2015-08-12 15:56:59'),
	(1220, 73, 'Kamauycep', 33.69, '00:22:24', '2015-08-10 17:30:34', '2015-08-12 15:56:59'),
	(1221, 73, 'Kina', 9.25, '00:05:33', '2015-08-10 17:30:34', '2015-08-12 15:56:59'),
	(1222, 73, 'Iwanke 2', 26.67, '00:00:00', '2015-08-10 17:30:34', '2015-08-12 15:56:59'),
	(1223, 73, 'Kamuycep 2', 33.34, '00:00:00', '2015-08-10 17:30:35', '2015-08-12 15:56:59'),
	(1224, 73, 'Kina 2', 9.25, '00:05:42', '2015-08-10 17:30:35', '2015-08-12 15:56:59'),
	(1225, 73, 'Saporro 3', 1.85, '00:01:04', '2015-08-10 17:30:35', '2015-08-12 15:56:59'),
	(1226, 73, 'Saporro 4', 1.85, '00:01:27', '2015-08-10 17:30:35', '2015-08-12 15:56:59'),
	(1227, 73, 'Nikara', 17.30, '00:00:00', '2015-08-10 17:30:35', '2015-08-12 15:56:59'),
	(1228, 73, 'Sikot', 27.28, '00:00:00', '2015-08-10 17:30:35', '2015-08-12 15:56:59'),
	(1229, 73, 'Koyka', 3.66, '00:02:15', '2015-08-10 17:30:35', '2015-08-12 15:56:59'),
	(1230, 73, 'Nikara 2', 17.30, '00:00:00', '2015-08-10 17:30:35', '2015-08-12 15:56:59'),
	(1231, 73, 'Sikot 2', 27.28, '00:00:00', '2015-08-10 17:30:35', '2015-08-12 15:56:59'),
	(1232, 73, 'Koyka 2', 3.66, '00:02:46', '2015-08-10 17:30:35', '2015-08-12 15:56:59'),
	(1233, 73, 'Saporro 5', 1.85, '00:01:06', '2015-08-10 17:30:35', '2015-08-12 15:56:59'),
	(1234, 74, 'Krzeszowice Rynek', 1.35, '00:00:00', '2015-08-10 17:47:58', '2015-08-12 15:56:59'),
	(1235, 74, 'Krzeszowice - Zalas', 7.53, '00:05:07', '2015-08-10 17:47:58', '2015-08-12 15:56:59'),
	(1236, 74, 'Sanka - Tenczynek', 6.84, '00:04:28', '2015-08-10 17:47:58', '2015-08-12 15:56:59'),
	(1237, 74, 'Tenczynek - Paczoltowice Golf', 10.51, '00:06:01', '2015-08-10 17:47:58', '2015-08-12 15:56:59'),
	(1238, 74, 'Paczoltowice Golf - Nowa Gora', 11.94, '00:07:04', '2015-08-10 17:47:58', '2015-08-12 15:56:59'),
	(1239, 74, 'Nowa Gora - Trzebinia Chechlo', 15.75, '00:10:16', '2015-08-10 17:47:58', '2015-08-12 15:56:59'),
	(1240, 74, 'Trzebinia Chechlo - Rudno', 17.63, '00:11:06', '2015-08-10 17:47:58', '2015-08-12 15:56:59'),
	(1241, 74, 'Rudno Zamek', 1.88, '00:01:16', '2015-08-10 17:47:58', '2015-08-12 15:56:59'),
	(1242, 74, 'Rudno - Krzeszowice', 9.46, '00:06:03', '2015-08-10 17:47:58', '2015-08-12 15:56:59'),
	(1243, 74, 'Krzeszowice - Rudawa', 8.26, '00:00:00', '2015-08-10 17:47:58', '2015-08-12 15:56:59'),
	(1244, 74, 'Rudawa - Siedlec', 4.36, '00:00:00', '2015-08-10 17:47:58', '2015-08-12 15:56:59'),
	(1245, 74, 'Siedlec - Krzeszowice', 4.46, '00:00:00', '2015-08-10 17:47:58', '2015-08-12 15:56:59'),
	(1246, 74, 'Krzeszowice Rynek 2', 1.35, '00:00:00', '2015-08-10 17:47:59', '2015-08-12 15:56:59'),
	(1247, 74, 'Krzeszowice - Czerna', 3.59, '00:02:24', '2015-08-10 17:47:59', '2015-08-12 15:56:59'),
	(1248, 74, 'Czerna - Filipowice', 7.33, '00:04:42', '2015-08-10 17:47:59', '2015-08-12 15:56:59'),
	(1249, 74, 'Krzeszowice Rynek 3', 1.35, '00:00:00', '2015-08-10 17:47:59', '2015-08-12 15:56:59'),
	(1251, 75, 'Bochnia Rynek', 1.70, '00:01:02', '2015-08-11 11:03:43', '2015-08-12 15:56:59'),
	(1252, 75, 'Bo-Glass', 5.14, '00:00:00', '2015-08-11 11:03:43', '2015-08-12 15:56:59'),
	(1253, 75, 'Lapanow', 8.40, '00:05:54', '2015-08-11 11:03:43', '2015-08-12 15:56:59'),
	(1254, 75, 'Lapanow - Laskowa', 23.30, '00:13:09', '2015-08-11 11:03:44', '2015-08-12 15:56:59'),
	(1255, 75, 'Laskowa - Krosna', 7.24, '00:00:00', '2015-08-11 11:03:44', '2015-08-12 15:56:59'),
	(1256, 75, 'Krosna - Bilsko', 11.47, '00:06:49', '2015-08-11 11:03:44', '2015-08-12 15:56:59'),
	(1257, 75, 'Bilsko - Iwkowa', 11.89, '00:00:00', '2015-08-11 11:03:44', '2015-08-12 15:56:59'),
	(1258, 75, 'Iwkowa - Lipnica Murowana', 13.94, '00:08:07', '2015-08-11 11:03:44', '2015-08-12 15:56:59'),
	(1259, 75, 'Lipnica Murowana - Nowy Wisnicz', 8.85, '00:05:58', '2015-08-11 11:03:44', '2015-08-12 15:56:59'),
	(1260, 75, 'Nowy Wisnicz - Bochnia', 7.86, '00:04:42', '2015-08-11 11:03:44', '2015-08-12 15:56:59'),
	(1261, 75, 'Bochnia Rynek 2', 1.70, '00:01:04', '2015-08-11 11:03:44', '2015-08-12 15:56:59'),
	(1262, 75, 'Rzezawa - Nowe Brzesko', 25.68, '00:16:22', '2015-08-11 11:03:44', '2015-08-12 15:56:59'),
	(1263, 75, 'Nowe Brzesko - Niepolomice', 20.37, '00:12:59', '2015-08-11 11:03:44', '2015-08-12 15:56:59'),
	(1264, 75, 'Niepolomice - Bochnia', 20.17, '00:12:38', '2015-08-11 11:03:44', '2015-08-12 15:56:59'),
	(1265, 75, 'Bochnia Rynek 3', 1.70, '00:00:00', '2015-08-11 11:03:44', '2015-08-12 15:56:59'),
	(1268, 76, 'Krakow Rynek', 2.85, '00:00:00', '2015-08-11 11:13:27', '2015-08-12 15:56:59'),
	(1269, 76, 'Kazimierz - Ruczaj', 5.69, '00:00:00', '2015-08-11 11:13:27', '2015-08-12 15:56:59'),
	(1270, 76, 'Ruczaj - Skawina', 9.39, '00:06:31', '2015-08-11 11:13:27', '2015-08-12 15:56:59'),
	(1271, 76, 'Skawina - Liszki', 14.27, '00:09:18', '2015-08-11 11:13:28', '2015-08-12 15:56:59'),
	(1272, 76, 'Liszki - Brzoskwinia', 10.50, '00:06:06', '2015-08-11 11:13:28', '2015-08-12 15:56:59'),
	(1273, 76, 'Brzoskwinia - Zabierzow', 10.53, '00:06:52', '2015-08-11 11:13:28', '2015-08-12 15:56:59'),
	(1274, 76, 'Zabierzow - Skala', 21.37, '00:00:00', '2015-08-11 11:13:28', '2015-08-12 15:56:59'),
	(1275, 76, 'Skala - Miechow', 28.10, '00:16:35', '2015-08-11 11:13:28', '2015-08-12 15:56:59'),
	(1276, 76, 'Miechow - Slomniki', 15.97, '00:00:00', '2015-08-11 11:13:28', '2015-08-12 15:56:59'),
	(1277, 76, 'Slomniki - Proszowice', 17.88, '00:12:13', '2015-08-11 11:13:28', '2015-08-12 15:56:59'),
	(1278, 76, 'Proszowice - Nowa Huta', 24.31, '00:16:44', '2015-08-11 11:13:28', '2015-08-12 15:56:59'),
	(1279, 76, 'Nowa Huta - Plaszow', 17.54, '00:10:42', '2015-08-11 11:13:28', '2015-08-12 15:56:59'),
	(1280, 76, 'Plaszow - Wieliczka', 10.43, '00:00:00', '2015-08-11 11:13:28', '2015-08-12 15:56:59'),
	(1281, 76, 'Wieliczka - Rybitwy', 10.48, '00:06:32', '2015-08-11 11:13:28', '2015-08-12 15:56:59'),
	(1282, 76, 'Rybitwy - Wawel', 7.85, '00:00:00', '2015-08-11 11:13:28', '2015-08-12 15:56:59'),
	(1283, 76, 'Krakow Rynek 2', 2.85, '00:00:00', '2015-08-11 11:13:28', '2015-08-12 15:56:59'),
	(1285, 77, 'Gdansk - Gdynia', 34.19, '00:20:06', '2015-08-11 11:24:14', '2015-08-12 15:56:59'),
	(1286, 77, 'Gdynia - Puck', 32.30, '00:20:00', '2015-08-11 11:24:14', '2015-08-12 15:56:59'),
	(1287, 77, 'Gdynia - Wladyslawowo', 14.39, '00:09:31', '2015-08-11 11:24:14', '2015-08-12 15:56:59'),
	(1288, 77, 'Wladyslawowo - Hel', 34.45, '00:00:00', '2015-08-11 11:24:14', '2015-08-12 15:56:59'),
	(1289, 77, 'Debki - Leba', 40.23, '00:00:00', '2015-08-11 11:24:14', '2015-08-12 15:56:59'),
	(1290, 77, 'Leba - Lebork', 29.90, '00:19:16', '2015-08-11 11:24:14', '2015-08-12 15:56:59'),
	(1291, 77, 'Lebork - Damno', 32.48, '00:00:00', '2015-08-11 11:24:14', '2015-08-12 15:56:59'),
	(1292, 77, 'Damno - Slupsk', 22.97, '00:14:06', '2015-08-11 11:24:14', '2015-08-12 15:56:59'),
	(1293, 77, 'Slupsk - Ustka', 18.97, '00:00:00', '2015-08-11 11:24:14', '2015-08-12 15:56:59'),
	(1294, 77, 'Ustka - Jaroslawiec', 28.54, '00:18:05', '2015-08-11 11:24:14', '2015-08-12 15:56:59'),
	(1295, 77, 'Jaroslawiec - Darlowo', 17.41, '00:00:00', '2015-08-11 11:24:14', '2015-08-12 15:56:59'),
	(1296, 77, 'Darlowo - Lazy', 27.65, '00:18:49', '2015-08-11 11:24:14', '2015-08-12 15:56:59'),
	(1297, 77, 'Lazy - Mielno', 9.59, '00:06:02', '2015-08-11 11:24:14', '2015-08-12 15:56:59'),
	(1298, 77, 'Mielno - Gaski', 10.66, '00:06:14', '2015-08-11 11:24:14', '2015-08-12 15:56:59'),
	(1299, 77, 'Gaski - Ustronie', 12.83, '00:00:00', '2015-08-11 11:24:15', '2015-08-12 15:56:59'),
	(1300, 77, 'Ustronie - Kolobrzeg', 13.68, '00:08:41', '2015-08-11 11:24:15', '2015-08-12 15:56:59'),
	(1301, 77, 'Kolobrzeg Rynek 1', 1.40, '00:00:00', '2015-08-11 11:24:15', '2015-08-12 15:56:59'),
	(1302, 78, 'Upper Old Hastings', 11.46, '00:00:00', '2015-08-11 11:38:06', '2015-08-12 15:56:59'),
	(1303, 78, 'Peanut 101', 15.14, '00:09:06', '2015-08-11 11:38:07', '2015-08-12 15:56:59'),
	(1304, 78, 'Upper Old Hastings 2', 11.46, '00:07:00', '2015-08-11 11:38:07', '2015-08-12 15:56:59'),
	(1305, 78, 'Old Detlor', 12.38, '00:07:34', '2015-08-11 11:38:07', '2015-08-12 15:56:59'),
	(1306, 78, 'Iron Bridge', 7.45, '00:05:08', '2015-08-11 11:38:07', '2015-08-12 15:56:59'),
	(1307, 78, 'Mayo Lake 101', 30.78, '00:17:09', '2015-08-11 11:38:07', '2015-08-12 15:56:59'),
	(1308, 78, 'Iron Bridge 2', 7.45, '00:00:00', '2015-08-11 11:38:07', '2015-08-12 15:56:59'),
	(1309, 78, 'Egan Creek', 27.95, '00:00:00', '2015-08-11 11:38:07', '2015-08-12 15:56:59'),
	(1310, 78, 'Lower Old Hastings', 14.73, '00:00:00', '2015-08-11 11:38:07', '2015-08-12 15:56:59'),
	(1311, 78, 'Middle Old Hastings', 7.25, '00:04:01', '2015-08-11 11:38:07', '2015-08-12 15:56:59'),
	(1312, 78, 'Golton', 2.17, '00:01:25', '2015-08-11 11:38:07', '2015-08-12 15:56:59'),
	(1313, 78, 'Golton 2', 2.17, '00:01:22', '2015-08-11 11:38:07', '2015-08-12 15:56:59'),
	(1314, 78, 'Egan 101', 31.93, '00:00:00', '2015-08-11 11:38:07', '2015-08-12 15:56:59'),
	(1315, 78, 'Lower Old Hastings 2', 14.73, '00:00:00', '2015-08-11 11:38:07', '2015-08-12 15:56:59'),
	(1316, 78, 'Middle Old Hastings', 7.22, '00:04:16', '2015-08-11 11:38:08', '2015-08-12 15:56:59'),
	(1319, 79, 'Transfagarasan Cascada', 9.59, '00:06:01', '2015-08-11 11:57:54', '2015-08-12 15:56:59'),
	(1320, 79, 'Transfagarasan Lac', 6.24, '00:03:54', '2015-08-11 11:57:54', '2015-08-12 15:56:59'),
	(1321, 79, 'Transfagarasan Lac 2', 6.24, '00:00:00', '2015-08-11 11:57:54', '2015-08-12 15:56:59'),
	(1322, 79, 'Transfagarasan Cascada 2', 9.59, '00:06:03', '2015-08-11 11:57:54', '2015-08-12 15:56:59'),
	(1323, 79, 'Baraj', 17.95, '00:10:08', '2015-08-11 11:57:55', '2015-08-12 15:56:59'),
	(1324, 79, 'Ilielaita', 9.99, '00:00:00', '2015-08-11 11:57:55', '2015-08-12 15:56:59'),
	(1325, 79, 'Fata Padurii', 14.38, '00:08:37', '2015-08-11 11:57:55', '2015-08-12 15:56:59'),
	(1326, 79, 'Baraj 2', 17.95, '00:10:08', '2015-08-11 11:57:55', '2015-08-12 15:56:59'),
	(1327, 79, 'Ilielaita 2', 9.99, '00:05:07', '2015-08-11 11:57:55', '2015-08-12 15:56:59'),
	(1328, 79, 'Fata Padurii 2', 14.38, '00:00:00', '2015-08-11 11:57:55', '2015-08-12 15:56:59'),
	(1329, 79, 'Paltinis', 9.75, '00:06:05', '2015-08-11 11:57:55', '2015-08-12 15:56:59'),
	(1330, 79, 'Paltinis Ski Resort', 15.89, '00:09:12', '2015-08-11 11:57:55', '2015-08-12 15:56:59'),
	(1331, 79, 'Sadu', 8.39, '00:00:00', '2015-08-11 11:57:55', '2015-08-12 15:56:59'),
	(1332, 79, 'Muncel', 29.39, '00:00:00', '2015-08-11 11:57:55', '2015-08-12 15:56:59'),
	(1333, 79, 'Paltinis Ski Resort 2', 15.89, '00:10:12', '2015-08-11 11:57:55', '2015-08-12 15:56:59'),
	(1334, 79, 'Muzeu', 3.52, '00:02:08', '2015-08-11 11:57:55', '2015-08-12 15:56:59'),
	(1335, 79, 'Sadu 2', 8.39, '00:05:28', '2015-08-11 11:57:55', '2015-08-12 15:56:59');
/*!40000 ALTER TABLE `rally_data_stage` ENABLE KEYS */;


-- Zrzut struktury tabela ral.rally_data_surface
DROP TABLE IF EXISTS `rally_data_surface`;
CREATE TABLE IF NOT EXISTS `rally_data_surface` (
  `id` int(11) NOT NULL AUTO_INCREMENT,
  `rally_id` int(11) DEFAULT NULL,
  `surface` varchar(255) DEFAULT NULL,
  `percentage` float(8,2) DEFAULT NULL,
  `created_at` datetime NOT NULL,
  `updated_at` datetime NOT NULL,
  PRIMARY KEY (`id`),
  KEY `rally_id_idx` (`rally_id`)
) ENGINE=MyISAM AUTO_INCREMENT=158 DEFAULT CHARSET=utf8;

-- Zrzucanie danych dla tabeli ral.rally_data_surface: 143 rows
DELETE FROM `rally_data_surface`;
/*!40000 ALTER TABLE `rally_data_surface` DISABLE KEYS */;
INSERT INTO `rally_data_surface` (`id`, `rally_id`, `surface`, `percentage`, `created_at`, `updated_at`) VALUES
	(1, 1, 'tarmac', 95.00, '2015-08-08 12:50:19', '2015-08-08 12:50:19'),
	(2, 1, 'gravel', 5.00, '2015-08-08 12:50:19', '2015-08-08 12:50:19'),
	(3, 2, 'snow', 100.00, '2015-08-08 12:56:21', '2015-08-08 12:56:21'),
	(4, 3, 'gravel', 100.00, '2015-08-08 13:01:41', '2015-08-08 13:01:41'),
	(5, 4, 'gravel', 100.00, '2015-08-08 13:05:32', '2015-08-08 13:05:32'),
	(6, 4, 'rain', 20.00, '2015-08-08 13:05:32', '2015-08-08 13:05:32'),
	(7, 5, 'gravel', 95.00, '2015-08-08 13:09:53', '2015-08-08 13:09:53'),
	(8, 5, 'tarmac', 5.00, '2015-08-08 13:09:53', '2015-08-08 13:09:53'),
	(9, 5, 'rain', 15.00, '2015-08-08 13:09:53', '2015-08-08 13:09:53'),
	(10, 6, 'gravel', 93.00, '2015-08-08 14:53:32', '2015-08-08 14:53:32'),
	(11, 6, 'tarmac', 7.00, '2015-08-08 14:53:32', '2015-08-08 14:53:32'),
	(12, 6, 'rain', 20.00, '2015-08-08 14:53:32', '2015-08-08 14:53:32'),
	(13, 7, 'gravel', 63.00, '2015-08-08 14:58:53', '2015-08-08 14:58:53'),
	(14, 7, 'tarmac', 37.00, '2015-08-08 14:58:53', '2015-08-08 14:58:53'),
	(15, 7, 'rain', 31.00, '2015-08-08 14:58:53', '2015-08-08 14:58:53'),
	(16, 8, 'gravel', 79.00, '2015-08-08 17:48:37', '2015-08-08 17:48:37'),
	(17, 8, 'tarmac', 21.00, '2015-08-08 17:48:37', '2015-08-08 17:48:37'),
	(18, 8, 'rain', 7.00, '2015-08-08 17:48:37', '2015-08-08 17:48:37'),
	(19, 9, 'tarmac', 93.00, '2015-08-08 18:06:00', '2015-08-08 18:06:00'),
	(20, 9, 'gravel', 7.00, '2015-08-08 18:06:00', '2015-08-08 18:06:00'),
	(21, 9, 'rain', 5.00, '2015-08-08 18:06:00', '2015-08-08 18:06:00'),
	(22, 10, 'gravel', 100.00, '2015-08-08 18:15:39', '2015-08-08 18:15:39'),
	(23, 11, 'tarmac', 100.00, '2015-08-09 09:08:16', '2015-08-09 09:08:16'),
	(24, 11, 'rain', 5.00, '2015-08-09 09:08:16', '2015-08-09 09:08:16'),
	(25, 12, 'tarmac', 61.00, '2015-08-09 09:29:16', '2015-08-09 09:29:16'),
	(26, 12, 'gravel', 39.00, '2015-08-09 09:29:16', '2015-08-09 09:29:16'),
	(27, 12, 'rain', 11.00, '2015-08-09 09:29:16', '2015-08-09 09:29:16'),
	(28, 13, 'gravel', 93.00, '2015-08-09 09:33:26', '2015-08-09 09:33:26'),
	(29, 13, 'tarmac', 7.00, '2015-08-09 09:33:26', '2015-08-09 09:33:26'),
	(30, 13, 'rain', 56.00, '2015-08-09 09:33:26', '2015-08-09 09:33:26'),
	(31, 14, 'tarmac', 58.00, '2015-08-09 14:43:28', '2015-08-09 14:43:28'),
	(32, 14, 'snow', 42.00, '2015-08-09 14:43:28', '2015-08-09 14:43:28'),
	(33, 14, 'rain', 5.00, '2015-08-09 14:43:28', '2015-08-09 14:43:28'),
	(34, 15, 'gravel', 63.00, '2015-08-09 14:47:06', '2015-08-09 14:47:06'),
	(35, 15, 'snow', 37.00, '2015-08-09 14:47:06', '2015-08-09 14:47:06'),
	(36, 15, 'rain', 11.00, '2015-08-09 14:47:06', '2015-08-09 14:47:06'),
	(37, 16, 'tarmac', 100.00, '2015-08-09 18:29:55', '2015-08-09 18:29:55'),
	(38, 16, 'rain', 35.00, '2015-08-09 18:29:55', '2015-08-09 18:29:55'),
	(39, 17, 'gravel', 88.00, '2015-08-09 18:37:22', '2015-08-09 18:37:22'),
	(40, 17, 'tarmac', 12.00, '2015-08-09 18:37:22', '2015-08-09 18:37:22'),
	(41, 17, 'rain', 3.00, '2015-08-09 18:37:22', '2015-08-09 18:37:22'),
	(42, 18, 'tarmac', 100.00, '2015-08-10 10:35:26', '2015-08-10 10:35:26'),
	(43, 18, 'rain', 15.00, '2015-08-10 10:35:26', '2015-08-10 10:35:26'),
	(58, 26, 'gravel', 100.00, '2015-08-10 10:51:22', '2015-08-10 10:51:22'),
	(59, 26, 'rain', 15.00, '2015-08-10 10:51:22', '2015-08-10 10:51:22'),
	(60, 27, 'tarmac', 100.00, '2015-08-10 10:54:48', '2015-08-10 10:54:48'),
	(61, 27, 'rain', 11.00, '2015-08-10 10:54:48', '2015-08-10 10:54:48'),
	(62, 28, 'gravel', 100.00, '2015-08-10 10:57:37', '2015-08-10 10:57:37'),
	(63, 29, 'gravel', 100.00, '2015-08-10 11:00:38', '2015-08-10 11:00:38'),
	(64, 30, 'tarmac', 100.00, '2015-08-10 11:04:16', '2015-08-10 11:04:16'),
	(65, 30, 'rain', 15.00, '2015-08-10 11:04:16', '2015-08-10 11:04:16'),
	(66, 31, 'snow', 100.00, '2015-08-10 11:11:05', '2015-08-10 11:11:05'),
	(67, 31, 'rain', 5.00, '2015-08-10 11:11:05', '2015-08-10 11:11:05'),
	(68, 32, 'tarmac', 100.00, '2015-08-10 11:14:37', '2015-08-10 11:14:37'),
	(69, 33, 'tarmac', 100.00, '2015-08-10 11:21:17', '2015-08-10 11:21:17'),
	(70, 33, 'rain', 15.00, '2015-08-10 11:21:17', '2015-08-10 11:21:17'),
	(71, 34, 'gravel', 85.00, '2015-08-10 11:25:24', '2015-08-10 11:25:24'),
	(72, 34, 'tarmac', 15.00, '2015-08-10 11:25:24', '2015-08-10 11:25:24'),
	(73, 34, 'rain', 15.00, '2015-08-10 11:25:24', '2015-08-10 11:25:24'),
	(74, 35, 'tarmac', 100.00, '2015-08-10 11:27:51', '2015-08-10 11:27:51'),
	(75, 36, 'tarmac', 100.00, '2015-08-10 11:35:54', '2015-08-10 11:35:54'),
	(76, 36, 'rain', 11.00, '2015-08-10 11:35:54', '2015-08-10 11:35:54'),
	(77, 37, 'snow', 100.00, '2015-08-10 11:58:58', '2015-08-10 11:58:58'),
	(78, 38, 'snow', 85.00, '2015-08-10 12:01:22', '2015-08-10 12:01:22'),
	(79, 38, 'gravel', 15.00, '2015-08-10 12:01:23', '2015-08-10 12:01:23'),
	(80, 38, 'rain', 10.00, '2015-08-10 12:01:23', '2015-08-10 12:01:23'),
	(81, 39, 'snow', 100.00, '2015-08-10 12:04:32', '2015-08-10 12:04:32'),
	(82, 39, 'rain', 11.00, '2015-08-10 12:04:32', '2015-08-10 12:04:32'),
	(83, 40, 'snow', 100.00, '2015-08-10 12:14:12', '2015-08-10 12:14:12'),
	(84, 41, 'snow', 69.00, '2015-08-10 12:16:39', '2015-08-10 12:16:39'),
	(85, 41, 'gravel', 31.00, '2015-08-10 12:16:39', '2015-08-10 12:16:39'),
	(86, 41, 'rain', 5.00, '2015-08-10 12:16:40', '2015-08-10 12:16:40'),
	(87, 42, 'gravel', 61.00, '2015-08-10 12:19:14', '2015-08-10 12:19:14'),
	(88, 42, 'snow', 39.00, '2015-08-10 12:19:14', '2015-08-10 12:19:14'),
	(89, 43, 'snow', 89.00, '2015-08-10 12:45:01', '2015-08-10 12:45:01'),
	(90, 43, 'gravel', 11.00, '2015-08-10 12:45:01', '2015-08-10 12:45:01'),
	(91, 43, 'rain', 15.00, '2015-08-10 12:45:01', '2015-08-10 12:45:01'),
	(92, 44, 'snow', 78.00, '2015-08-10 12:56:06', '2015-08-10 12:56:06'),
	(93, 44, 'gravel', 22.00, '2015-08-10 12:56:06', '2015-08-10 12:56:06'),
	(94, 44, 'rain', 11.00, '2015-08-10 12:56:06', '2015-08-10 12:56:06'),
	(95, 45, 'snow', 100.00, '2015-08-10 13:00:49', '2015-08-10 13:00:49'),
	(96, 46, 'snow', 89.00, '2015-08-10 13:05:04', '2015-08-10 13:05:04'),
	(97, 46, 'gravel', 11.00, '2015-08-10 13:05:04', '2015-08-10 13:05:04'),
	(98, 47, 'snow', 100.00, '2015-08-10 13:16:42', '2015-08-10 13:16:42'),
	(99, 47, 'rain', 33.00, '2015-08-10 13:16:42', '2015-08-10 13:16:42'),
	(100, 48, 'snow', 91.00, '2015-08-10 13:18:36', '2015-08-10 13:18:36'),
	(101, 48, 'gravel', 9.00, '2015-08-10 13:18:36', '2015-08-10 13:18:36'),
	(102, 48, 'rain', 3.00, '2015-08-10 13:18:36', '2015-08-10 13:18:36'),
	(104, 49, 'gravel', 21.00, '2015-08-10 15:12:07', '2015-08-10 15:12:07'),
	(103, 49, 'snow', 79.00, '2015-08-10 15:12:07', '2015-08-10 15:12:07'),
	(106, 50, 'rain', 45.00, '2015-08-10 15:21:49', '2015-08-10 15:21:49'),
	(105, 50, 'snow', 100.00, '2015-08-10 15:21:49', '2015-08-10 15:21:49'),
	(108, 51, 'snow', 11.00, '2015-08-10 15:24:01', '2015-08-10 15:24:01'),
	(107, 51, 'snow', 100.00, '2015-08-10 15:24:01', '2015-08-10 15:24:01'),
	(110, 52, 'gravel', 2.00, '2015-08-10 15:30:10', '2015-08-10 15:30:10'),
	(109, 52, 'tarmac', 98.00, '2015-08-10 15:30:10', '2015-08-10 15:30:10'),
	(112, 53, 'gravel', 42.00, '2015-08-10 15:36:15', '2015-08-10 15:36:15'),
	(111, 53, 'tarmac', 58.00, '2015-08-10 15:36:15', '2015-08-10 15:36:15'),
	(113, 54, 'tarmac', 100.00, '2015-08-10 15:38:49', '2015-08-10 15:38:49'),
	(115, 55, 'gravel', 49.00, '2015-08-10 15:41:57', '2015-08-10 15:41:57'),
	(114, 55, 'tarmac', 51.00, '2015-08-10 15:41:57', '2015-08-10 15:41:57'),
	(116, 56, 'gravel', 100.00, '2015-08-10 15:44:48', '2015-08-10 15:44:48'),
	(117, 57, 'tarmac', 100.00, '2015-08-10 15:48:24', '2015-08-10 15:48:24'),
	(118, 57, 'rain', 28.00, '2015-08-10 15:48:24', '2015-08-10 15:48:24'),
	(119, 58, 'tarmac', 100.00, '2015-08-10 15:50:44', '2015-08-10 15:50:44'),
	(120, 59, 'gravel', 75.00, '2015-08-10 15:54:30', '2015-08-10 15:54:30'),
	(121, 59, 'tarmac', 25.00, '2015-08-10 15:54:30', '2015-08-10 15:54:30'),
	(122, 60, 'tarmac', 100.00, '2015-08-10 16:20:57', '2015-08-10 16:20:57'),
	(123, 60, 'rain', 11.00, '2015-08-10 16:20:57', '2015-08-10 16:20:57'),
	(124, 61, 'tarmac', 100.00, '2015-08-10 16:27:13', '2015-08-10 16:27:13'),
	(125, 62, 'tarmac', 100.00, '2015-08-10 16:29:02', '2015-08-10 16:29:02'),
	(126, 63, 'tarmac', 87.00, '2015-08-10 16:31:41', '2015-08-10 16:31:41'),
	(127, 63, 'gravel', 13.00, '2015-08-10 16:31:41', '2015-08-10 16:31:41'),
	(128, 63, 'rain', 17.00, '2015-08-10 16:31:41', '2015-08-10 16:31:41'),
	(129, 64, 'gravel', 100.00, '2015-08-10 16:38:22', '2015-08-10 16:38:22'),
	(130, 65, 'tarmac', 87.00, '2015-08-10 16:41:16', '2015-08-10 16:41:16'),
	(131, 65, 'gravel', 13.00, '2015-08-10 16:41:16', '2015-08-10 16:41:16'),
	(132, 65, 'rain', 5.00, '2015-08-10 16:41:16', '2015-08-10 16:41:16'),
	(133, 66, 'tarmac', 100.00, '2015-08-10 16:47:23', '2015-08-10 16:47:23'),
	(134, 67, 'gravel', 100.00, '2015-08-10 16:50:08', '2015-08-10 16:50:08'),
	(135, 68, 'gravel', 73.00, '2015-08-10 16:52:25', '2015-08-10 16:52:25'),
	(136, 68, 'tarmac', 27.00, '2015-08-10 16:52:25', '2015-08-10 16:52:25'),
	(137, 68, 'rain', 11.00, '2015-08-10 16:52:25', '2015-08-10 16:52:25'),
	(138, 69, 'tarmac', 100.00, '2015-08-10 16:54:38', '2015-08-10 16:54:38'),
	(139, 69, 'rain', 73.00, '2015-08-10 16:54:38', '2015-08-10 16:54:38'),
	(140, 70, 'gravel', 100.00, '2015-08-10 17:20:46', '2015-08-10 17:20:46'),
	(141, 71, 'gravel', 100.00, '2015-08-10 17:24:19', '2015-08-10 17:24:19'),
	(142, 72, 'tarmac', 61.00, '2015-08-10 17:28:34', '2015-08-10 17:28:34'),
	(143, 72, 'gravel', 39.00, '2015-08-10 17:28:35', '2015-08-10 17:28:35'),
	(144, 72, 'rain', 18.00, '2015-08-10 17:28:35', '2015-08-10 17:28:35'),
	(145, 73, 'tarmac', 100.00, '2015-08-10 17:30:34', '2015-08-10 17:30:34'),
	(146, 74, 'tarmac', 67.00, '2015-08-10 17:47:58', '2015-08-10 17:47:58'),
	(147, 74, 'gravel', 33.00, '2015-08-10 17:47:58', '2015-08-10 17:47:58'),
	(148, 75, 'tarmac', 100.00, '2015-08-11 11:03:43', '2015-08-11 11:03:43'),
	(149, 75, 'rain', 5.00, '2015-08-11 11:03:43', '2015-08-11 11:03:43'),
	(150, 76, 'tarmac', 73.00, '2015-08-11 11:13:27', '2015-08-11 11:13:27'),
	(151, 76, 'gravel', 27.00, '2015-08-11 11:13:27', '2015-08-11 11:13:27'),
	(152, 76, 'rain', 21.00, '2015-08-11 11:13:27', '2015-08-11 11:13:27'),
	(153, 77, 'gravel', 73.00, '2015-08-11 11:24:13', '2015-08-11 11:24:13'),
	(154, 77, 'tarmac', 27.00, '2015-08-11 11:24:13', '2015-08-11 11:24:13'),
	(155, 77, 'rain', 11.00, '2015-08-11 11:24:13', '2015-08-11 11:24:13'),
	(156, 78, 'gravel', 100.00, '2015-08-11 11:38:06', '2015-08-11 11:38:06'),
	(157, 79, 'gravel', 100.00, '2015-08-11 11:57:54', '2015-08-11 11:57:54');
/*!40000 ALTER TABLE `rally_data_surface` ENABLE KEYS */;


-- Zrzut struktury tabela ral.rally_friendly
DROP TABLE IF EXISTS `rally_friendly`;
CREATE TABLE IF NOT EXISTS `rally_friendly` (
  `id` int(11) NOT NULL AUTO_INCREMENT,
  `rally_id` int(11) DEFAULT NULL,
  `user_id` int(11) DEFAULT NULL,
  `invite_only` tinyint(1) DEFAULT '0',
  `from_gold_member` tinyint(1) DEFAULT '0',
  `description` text NOT NULL,
  `start_friendly_date` datetime DEFAULT NULL,
  `created_at` datetime NOT NULL,
  `updated_at` datetime NOT NULL,
  `deleted_at` datetime DEFAULT NULL,
  PRIMARY KEY (`id`),
  KEY `rally_id_idx` (`rally_id`),
  KEY `rally_friendly_user_id_user_user_id` (`user_id`)
) ENGINE=MyISAM DEFAULT CHARSET=utf8;

-- Zrzucanie danych dla tabeli ral.rally_friendly: 0 rows
DELETE FROM `rally_friendly`;
/*!40000 ALTER TABLE `rally_friendly` DISABLE KEYS */;
/*!40000 ALTER TABLE `rally_friendly` ENABLE KEYS */;


-- Zrzut struktury tabela ral.rally_friendly_invitations
DROP TABLE IF EXISTS `rally_friendly_invitations`;
CREATE TABLE IF NOT EXISTS `rally_friendly_invitations` (
  `id` int(11) NOT NULL AUTO_INCREMENT,
  `friendly_id` int(11) DEFAULT NULL,
  `user_id` int(11) DEFAULT NULL,
  `created_at` datetime NOT NULL,
  `updated_at` datetime NOT NULL,
  `deleted_at` datetime DEFAULT NULL,
  PRIMARY KEY (`id`),
  KEY `friendly_id_idx` (`friendly_id`),
  KEY `rally_friendly_invitations_user_id_user_user_id` (`user_id`)
) ENGINE=MyISAM DEFAULT CHARSET=utf8;

-- Zrzucanie danych dla tabeli ral.rally_friendly_invitations: 0 rows
DELETE FROM `rally_friendly_invitations`;
/*!40000 ALTER TABLE `rally_friendly_invitations` DISABLE KEYS */;
/*!40000 ALTER TABLE `rally_friendly_invitations` ENABLE KEYS */;


-- Zrzut struktury tabela ral.rally_friendly_participants
DROP TABLE IF EXISTS `rally_friendly_participants`;
CREATE TABLE IF NOT EXISTS `rally_friendly_participants` (
  `id` int(11) NOT NULL AUTO_INCREMENT,
  `friendly_id` int(11) DEFAULT NULL,
  `crew_id` int(11) DEFAULT NULL,
  `user_id` int(11) DEFAULT NULL,
  `from_gold_member` tinyint(1) DEFAULT '0',
  `created_at` datetime NOT NULL,
  `updated_at` datetime NOT NULL,
  `deleted_at` datetime DEFAULT NULL,
  PRIMARY KEY (`id`),
  UNIQUE KEY `friendly_id_user_id` (`friendly_id`,`user_id`,`crew_id`),
  KEY `rally_friendly_participants_friendly_id_rally_friendly_id` (`friendly_id`),
  KEY `rally_friendly_participants_user_id_user_user_id` (`user_id`),
  KEY `rally_friendly_participants_crew_id_rally_crew_id` (`crew_id`)
) ENGINE=MyISAM DEFAULT CHARSET=utf8;

-- Zrzucanie danych dla tabeli ral.rally_friendly_participants: 0 rows
DELETE FROM `rally_friendly_participants`;
/*!40000 ALTER TABLE `rally_friendly_participants` DISABLE KEYS */;
/*!40000 ALTER TABLE `rally_friendly_participants` ENABLE KEYS */;


-- Zrzut struktury tabela ral.rally_rally
DROP TABLE IF EXISTS `rally_rally`;
CREATE TABLE IF NOT EXISTS `rally_rally` (
  `id` int(11) NOT NULL AUTO_INCREMENT,
  `name` varchar(255) DEFAULT NULL,
  `description` text,
  `slug` varchar(255) DEFAULT NULL,
  `date` datetime DEFAULT NULL,
  `active` tinyint(1) DEFAULT '1',
  `league_rally` tinyint(1) NOT NULL DEFAULT '0',
  `surface` varchar(255) DEFAULT NULL,
  `league` float(10,2) NOT NULL DEFAULT '5.00',
  `big_awards` tinyint(1) NOT NULL DEFAULT '0',
  `finished` tinyint(1) NOT NULL DEFAULT '0',
  `friendly` tinyint(1) NOT NULL DEFAULT '0',
  `created_at` datetime NOT NULL,
  `updated_at` datetime NOT NULL,
  `deleted_at` datetime DEFAULT NULL,
  PRIMARY KEY (`id`)
) ENGINE=MyISAM AUTO_INCREMENT=106 DEFAULT CHARSET=utf8;

-- Zrzucanie danych dla tabeli ral.rally_rally: 96 rows
DELETE FROM `rally_rally`;
/*!40000 ALTER TABLE `rally_rally` DISABLE KEYS */;
INSERT INTO `rally_rally` (`id`, `name`, `description`, `slug`, `date`, `active`, `league_rally`, `surface`, `league`, `big_awards`, `finished`, `friendly`, `created_at`, `updated_at`, `deleted_at`) VALUES
	(1, 'Rally Monte Carlo', '', 'rally-monte-carlo', '2015-08-10 09:00:00', 1, 0, NULL, 1.00, 0, 1, 0, '2015-08-08 12:50:19', '2015-08-13 12:52:23', NULL),
	(2, 'Rally Sweden', '', 'rally-sweden', '2015-08-17 09:00:00', 1, 0, NULL, 1.00, 0, 1, 0, '2015-08-08 12:56:21', '2015-08-17 13:45:00', NULL),
	(3, 'Rally Guanajuato Mexico', '', 'rally-guanajuato-mexico', '2015-08-24 09:00:00', 1, 0, NULL, 1.00, 0, 0, 0, '2015-08-08 13:01:41', '2015-08-13 10:37:28', NULL),
	(4, 'XION RALLY ARGENTINA', '', 'xion-rally-argentina', '2015-08-31 09:00:00', 1, 0, NULL, 1.00, 0, 0, 0, '2015-08-08 13:05:32', '2015-08-13 10:37:28', NULL),
	(5, 'Rally de Portugal', '', 'rally-de-portugal', '2015-09-07 09:00:00', 1, 0, NULL, 1.00, 0, 0, 0, '2015-08-08 13:09:53', '2015-08-13 10:37:28', NULL),
	(6, 'RALLY ITALIA SARDEGNA', '', 'rally-italia-sardegna', '2015-09-14 09:00:00', 1, 0, NULL, 1.00, 0, 0, 0, '2015-08-08 14:53:32', '2015-08-13 10:37:28', NULL),
	(7, 'Rally Poland', '', 'rally-poland', '2015-09-21 09:00:00', 1, 0, NULL, 1.00, 0, 0, 0, '2015-08-08 14:58:53', '2015-08-13 10:37:28', NULL),
	(8, 'Rally Finland', '', 'rally-finland', '2015-09-28 09:00:00', 1, 0, NULL, 1.00, 0, 0, 0, '2015-08-08 17:48:37', '2015-08-13 10:37:28', NULL),
	(9, 'Rally Deutschland', '', 'rally-deutschland', '2015-10-05 09:00:00', 1, 0, NULL, 1.00, 0, 0, 0, '2015-08-08 18:05:59', '2015-08-13 10:37:28', NULL),
	(10, 'Rally Australia', '', 'rally-australia', '2015-10-12 09:00:00', 1, 0, NULL, 1.00, 0, 0, 0, '2015-08-08 18:15:39', '2015-08-13 10:37:28', NULL),
	(11, 'Tour de Corse', '', 'tour-de-corse', '2015-10-19 09:00:00', 1, 0, NULL, 1.00, 0, 0, 0, '2015-08-09 09:08:15', '2015-08-13 10:37:28', NULL),
	(12, 'Rally Catalunya', '', 'rally-catalunya', '2015-10-26 09:00:00', 1, 0, NULL, 1.00, 0, 0, 0, '2015-08-09 09:29:15', '2015-08-13 10:37:43', NULL),
	(13, 'Wales Rally', '', 'wales-rally', '2015-08-11 09:00:00', 1, 0, NULL, 1.00, 0, 1, 0, '2015-08-09 09:33:26', '2015-08-13 10:58:42', NULL),
	(14, 'Janner Rally', '', 'janner-rally', '2015-08-18 09:00:00', 1, 0, NULL, 1.00, 0, 1, 0, '2015-08-09 14:43:27', '2015-08-18 13:45:01', NULL),
	(15, 'Rally Liepaja', '', 'rally-liepaja', '2015-08-25 09:00:00', 1, 0, NULL, 1.00, 1, 0, 0, '2015-08-09 14:47:06', '2015-08-13 10:37:43', NULL),
	(16, 'Rally Ireland', '', 'rally-ireland', '2015-09-01 09:00:00', 1, 0, NULL, 1.00, 0, 0, 0, '2015-08-09 18:29:55', '2015-08-13 10:37:43', NULL),
	(17, 'Rally Azores', '', 'rally-azores', '2015-09-08 09:00:00', 1, 0, NULL, 1.00, 0, 0, 0, '2015-08-09 18:37:22', '2015-08-13 10:37:43', NULL),
	(18, 'Ypres Rally', '', 'ypres-rally', '2015-09-15 09:00:00', 1, 0, NULL, 1.00, 0, 0, 0, '2015-08-10 10:35:26', '2015-08-13 10:37:43', NULL),
	(26, 'Rally Estonia', '', 'rally-estonia', '2015-09-22 09:00:00', 1, 0, NULL, 1.00, 0, 0, 0, '2015-08-10 10:51:22', '2015-08-13 10:37:43', NULL),
	(27, 'Rally Zlin', '', 'rally-zlin', '2015-09-29 09:00:00', 1, 0, NULL, 1.00, 0, 0, 0, '2015-08-10 10:54:48', '2015-08-13 10:37:43', NULL),
	(28, 'Cyprus Rally', '', 'cyprus-rally', '2015-10-06 09:00:00', 1, 0, NULL, 1.00, 0, 0, 0, '2015-08-10 10:57:37', '2015-08-13 10:37:43', NULL),
	(29, 'Acropolis Rally', '', 'acropolis-rally', '2015-10-13 09:00:00', 1, 0, NULL, 1.00, 0, 0, 0, '2015-08-10 11:00:38', '2015-08-13 10:37:43', NULL),
	(30, 'Rallye du Valais', '', 'rallye-du-valais', '2015-10-20 09:00:00', 1, 0, NULL, 1.00, 0, 0, 0, '2015-08-10 11:04:16', '2015-08-13 10:37:43', NULL),
	(31, 'Rajd Arlamow', '', 'rajd-arlamow', '2015-10-27 09:00:00', 1, 0, NULL, 1.00, 0, 0, 0, '2015-08-10 11:11:05', '2015-08-13 10:37:43', NULL),
	(32, 'Rajd Dolnoslaski', '', 'rajd-dolnoslaski', '2015-08-12 09:00:00', 1, 0, NULL, 1.00, 0, 1, 0, '2015-08-10 11:14:37', '2015-08-13 10:58:42', NULL),
	(33, 'Rajd Karkonoski', '', 'rajd-karkonoski', '2015-08-19 09:00:00', 1, 0, NULL, 1.00, 0, 1, 0, '2015-08-10 11:21:17', '2015-08-19 13:30:02', NULL),
	(34, 'Rajd Baltic Cup', '', 'rajd-baltic-cup', '2015-08-26 09:00:00', 1, 0, NULL, 1.00, 0, 0, 0, '2015-08-10 11:25:24', '2015-08-13 10:37:43', NULL),
	(35, 'Rajd Rzeszowski', '', 'rajd-rzeszowski', '2015-09-02 09:00:00', 1, 0, NULL, 1.00, 0, 0, 0, '2015-08-10 11:27:51', '2015-08-13 10:37:43', NULL),
	(36, 'Rajd Swidnicki', '', 'rajd-swidnicki', '2015-09-09 09:00:00', 1, 0, NULL, 1.00, 0, 0, 0, '2015-08-10 11:35:54', '2015-08-13 10:37:43', NULL),
	(37, 'Cochrane Winter Rally', '', 'cochrane-winter-rally', '2015-09-16 09:00:00', 1, 0, NULL, 1.00, 0, 0, 0, '2015-08-10 11:58:56', '2015-08-13 10:37:43', NULL),
	(38, 'Rally Russia', '', 'rally-russia', '2015-09-23 09:00:00', 1, 0, NULL, 1.00, 0, 0, 0, '2015-08-10 12:01:22', '2015-08-13 10:37:43', NULL),
	(39, 'Ostersund Winter Rally', '', 'ostersund-winter-rally', '2015-09-30 09:00:00', 1, 0, NULL, 1.00, 0, 0, 0, '2015-08-10 12:04:32', '2015-08-13 10:37:43', NULL),
	(40, 'Aurskog Holand Rally', '', 'aurskog-holand-rally', '2015-10-07 09:00:00', 1, 0, NULL, 1.00, 0, 0, 0, '2015-08-10 12:14:12', '2015-08-13 10:37:43', NULL),
	(41, 'Rally Elverum', '', 'rally-elverum', '2015-10-14 09:00:00', 1, 0, NULL, 1.00, 0, 0, 0, '2015-08-10 12:16:39', '2015-08-13 10:37:43', NULL),
	(42, 'Rally Hadeland', '', 'rally-hadeland', '2015-10-21 09:00:00', 1, 0, NULL, 1.00, 0, 0, 0, '2015-08-10 12:19:14', '2015-08-13 10:37:43', NULL),
	(43, 'Rally Hedemarken', '', 'rally-hedemarken', '2015-10-28 09:00:00', 1, 0, NULL, 1.00, 0, 0, 0, '2015-08-10 12:45:01', '2015-08-13 10:37:43', NULL),
	(44, 'Mountain Rally Norway', '', 'mountain-rally-norway', '2015-08-13 09:00:00', 1, 0, NULL, 1.00, 0, 1, 0, '2015-08-10 12:56:06', '2015-08-13 13:45:01', NULL),
	(45, 'Rally Norway', '', 'rally-norway', '2015-08-20 09:00:00', 1, 0, NULL, 1.00, 0, 1, 0, '2015-08-10 13:00:49', '2015-08-20 13:30:02', NULL),
	(46, 'Numedalsrally', '', 'numedalsrally', '2015-08-27 09:00:00', 1, 0, NULL, 1.00, 0, 0, 0, '2015-08-10 13:05:04', '2015-08-13 10:37:43', NULL),
	(47, 'Sigdalsrally', '', 'sigdalsrally', '2015-09-03 09:00:00', 1, 0, NULL, 1.00, 0, 0, 0, '2015-08-10 13:16:42', '2015-08-13 10:37:43', NULL),
	(48, 'Rally Sokndal', '', 'rally-sokndal', '2015-09-10 09:00:00', 1, 0, NULL, 1.00, 0, 0, 0, '2015-08-10 13:18:36', '2015-08-13 10:37:43', NULL),
	(49, 'Rally Sorland', '', 'rally-sorland', '2015-09-17 09:00:00', 1, 0, NULL, 1.00, 0, 0, 0, '2015-08-10 15:12:06', '2015-08-13 10:37:43', NULL),
	(50, 'Rally Telemark', '', 'rally-telemark', '2015-09-24 09:00:00', 1, 0, NULL, 1.00, 0, 0, 0, '2015-08-10 15:21:49', '2015-08-13 10:37:43', NULL),
	(51, 'Arctic Lapland Rally', '', 'arctic-lapland-rally', '2015-10-01 09:00:00', 1, 0, NULL, 1.00, 0, 0, 0, '2015-08-10 15:24:01', '2015-08-13 10:37:43', NULL),
	(52, 'Wechselland Rallye', '', 'wechselland-rallye', '2015-10-08 09:00:00', 1, 0, NULL, 1.00, 0, 0, 0, '2015-08-10 15:30:10', '2015-08-13 10:37:43', NULL),
	(53, 'Rally Barbados 2014', '', 'rally-barbados-2014', '2015-10-15 09:00:00', 1, 0, NULL, 1.00, 0, 0, 0, '2015-08-10 15:36:15', '2015-08-13 10:37:43', NULL),
	(54, 'TAC Rally', '', 'tac-rally', '2015-10-22 09:00:00', 1, 0, NULL, 1.00, 0, 0, 0, '2015-08-10 15:38:49', '2015-08-13 10:37:43', NULL),
	(55, 'Rallye de Wallonie', '', 'rallye-de-wallonie', '2015-10-29 09:00:00', 1, 0, NULL, 1.00, 0, 0, 0, '2015-08-10 15:41:57', '2015-08-13 10:37:43', NULL),
	(56, 'Rally de Curitiba', '', 'rally-de-curitiba', '2015-08-14 09:00:00', 1, 0, NULL, 1.00, 0, 1, 0, '2015-08-10 15:44:46', '2015-08-14 13:45:01', NULL),
	(57, 'Rally Bulgaria', '', 'rally-bulgaria', '2015-08-21 09:00:00', 1, 0, NULL, 1.00, 0, 1, 0, '2015-08-10 15:48:24', '2015-08-21 13:30:01', NULL),
	(58, 'Rally Croatia', '', 'rally-croatia', '2015-08-28 09:00:00', 1, 0, NULL, 1.00, 0, 0, 0, '2015-08-10 15:50:44', '2015-08-13 10:37:43', NULL),
	(59, 'Rally Agropa', '', 'rally-agropa', '2015-09-04 09:00:00', 1, 0, NULL, 1.00, 0, 0, 0, '2015-08-10 15:54:30', '2015-08-13 10:37:43', NULL),
	(60, 'Rally Bohemia', '', 'rally-bohemia', '2015-09-11 09:00:00', 1, 0, NULL, 1.00, 0, 0, 0, '2015-08-10 16:20:57', '2015-08-13 10:37:43', NULL),
	(61, 'Rallye Lyon - Charbonnieres', '', 'rallye-lyon-charbonnieres', '2015-09-18 09:00:00', 1, 0, NULL, 1.00, 0, 0, 0, '2015-08-10 16:27:13', '2015-08-13 10:37:43', NULL),
	(62, 'Rallye du Touquet', '', 'rallye-du-touquet', '2015-09-25 09:00:00', 1, 0, NULL, 1.00, 0, 0, 0, '2015-08-10 16:29:02', '2015-08-13 10:37:43', NULL),
	(63, 'Rallye Erzgebirge', '', 'rallye-erzgebirge', '2015-10-02 09:00:00', 1, 0, NULL, 1.00, 0, 0, 0, '2015-08-10 16:31:41', '2015-08-13 10:37:43', NULL),
	(64, 'Rally Jamaica', '', 'rally-jamaica', '2015-10-09 09:00:00', 1, 0, NULL, 1.00, 0, 0, 0, '2015-08-10 16:38:22', '2015-08-13 10:37:43', NULL),
	(65, 'Hellendoorn Rally', '', 'hellendoorn-rally', '2015-10-16 09:00:00', 1, 0, NULL, 1.00, 0, 0, 0, '2015-08-10 16:41:16', '2015-08-13 10:37:43', NULL),
	(66, 'Rallye de Luxembourg', '', 'rallye-de-luxembourg', '2015-10-23 09:00:00', 1, 0, NULL, 1.00, 0, 0, 0, '2015-08-10 16:47:23', '2015-08-13 10:37:43', NULL),
	(67, 'Qatar Rally', '', 'qatar-rally', '2015-10-30 09:00:00', 1, 0, NULL, 1.00, 0, 0, 0, '2015-08-10 16:50:08', '2015-08-13 10:37:43', NULL),
	(68, 'Rally Presov', '', 'rally-presov', '2015-08-15 09:00:00', 1, 0, NULL, 1.00, 0, 1, 0, '2015-08-10 16:52:25', '2015-08-15 13:30:01', NULL),
	(69, 'Rally of Scotland', '', 'rally-of-scotland', '2015-08-22 09:00:00', 1, 0, NULL, 1.00, 1, 1, 0, '2015-08-10 16:54:38', '2015-08-22 13:30:06', NULL),
	(70, 'Olympus Rally', '', 'olympus-rally', '2015-08-29 09:00:00', 1, 0, NULL, 1.00, 0, 0, 0, '2015-08-10 17:20:46', '2015-08-13 10:37:43', NULL),
	(71, 'Rally Tasmania', '', 'rally-tasmania', '2015-09-05 09:00:00', 1, 0, NULL, 1.00, 0, 0, 0, '2015-08-10 17:24:18', '2015-08-13 10:37:43', NULL),
	(72, 'Danboring Rally', '', 'danboring-rally', '2015-09-12 09:00:00', 1, 0, NULL, 1.00, 0, 0, 0, '2015-08-10 17:28:34', '2015-08-13 10:37:43', NULL),
	(73, 'Rally Japan', '', 'rally-japan', '2015-09-19 09:00:00', 1, 0, NULL, 1.00, 0, 0, 0, '2015-08-10 17:30:34', '2015-08-13 10:37:43', NULL),
	(74, 'Rajd Krzeszowic', '', 'rajd-krzeszowic', '2015-09-26 09:00:00', 1, 0, NULL, 1.00, 0, 0, 0, '2015-08-10 17:47:57', '2015-08-13 10:37:43', NULL),
	(75, 'Rajd Bochni', '', 'rajd-bochni', '2015-10-03 09:00:00', 1, 0, NULL, 1.00, 0, 0, 0, '2015-08-11 11:03:43', '2015-08-13 10:37:43', NULL),
	(76, 'Rajd Krakowski', '', 'rajd-krakowski', '2015-10-10 09:00:00', 1, 0, NULL, 1.00, 0, 0, 0, '2015-08-11 11:13:27', '2015-08-13 10:37:43', NULL),
	(77, 'Rajd Baltycki', '', 'rajd-baltycki', '2015-10-17 09:00:00', 1, 0, NULL, 1.00, 0, 0, 0, '2015-08-11 11:24:13', '2015-08-13 10:37:43', NULL),
	(78, 'Rally of the Tall Pines', '', 'rally-of-the-tall-pines', '2015-10-24 09:00:00', 1, 0, NULL, 1.00, 0, 0, 0, '2015-08-11 11:38:04', '2015-08-13 10:37:43', NULL),
	(79, 'Sibiu Rally Romania', '', 'sibiu-rally-romania', '2015-10-31 09:00:00', 1, 0, NULL, 1.00, 0, 0, 0, '2015-08-11 11:57:54', '2015-08-13 10:37:43', NULL),
	(80, 'League 1 Rally - #1', NULL, 'league-1-rally-1', '2015-08-16 10:00:00', 1, 1, NULL, 1.00, 0, 1, 0, '2015-08-13 10:45:13', '2015-08-16 14:45:01', NULL),
	(81, 'League 1 Rally - #2', NULL, 'league-1-rally-2', '2015-08-23 13:00:00', 1, 1, NULL, 1.00, 0, 1, 0, '2015-08-13 10:45:13', '2015-08-23 17:30:01', NULL),
	(82, 'League 1 Rally - #3', NULL, 'league-1-rally-3', '2015-08-30 13:15:00', 1, 1, NULL, 1.00, 0, 0, 0, '2015-08-13 10:45:13', '2015-08-13 10:45:13', NULL),
	(83, 'League 1 Rally - #4', NULL, 'league-1-rally-4', '2015-09-06 12:45:00', 1, 1, NULL, 1.00, 0, 0, 0, '2015-08-13 10:45:13', '2015-08-13 10:45:13', NULL),
	(84, 'League 1 Rally - #5', NULL, 'league-1-rally-5', '2015-09-13 14:15:00', 1, 1, NULL, 1.00, 0, 0, 0, '2015-08-13 10:45:13', '2015-08-13 10:45:13', NULL),
	(85, 'League 1 Rally - #6', NULL, 'league-1-rally-6', '2015-09-20 10:15:00', 1, 1, NULL, 1.00, 0, 0, 0, '2015-08-13 10:45:13', '2015-08-13 10:45:13', NULL),
	(86, 'League 1 Rally - #7', NULL, 'league-1-rally-7', '2015-09-27 09:00:00', 1, 1, NULL, 1.00, 0, 0, 0, '2015-08-13 10:45:13', '2015-08-13 10:45:13', NULL),
	(87, 'League 1 Rally - #8', NULL, 'league-1-rally-8', '2015-10-04 12:45:00', 1, 1, NULL, 1.00, 0, 0, 0, '2015-08-13 10:45:13', '2015-08-13 10:45:13', NULL),
	(88, 'League 1 Rally - #9', NULL, 'league-1-rally-9', '2015-10-11 10:15:00', 1, 1, NULL, 1.00, 0, 0, 0, '2015-08-13 10:45:13', '2015-08-13 10:45:13', NULL),
	(89, 'League 1 Rally - #10', NULL, 'league-1-rally-10', '2015-10-18 10:30:00', 1, 1, NULL, 1.00, 0, 0, 0, '2015-08-13 10:45:13', '2015-08-13 10:45:13', NULL),
	(90, 'League 1 Rally - #11', NULL, 'league-1-rally-11', '2015-10-25 12:15:00', 1, 1, NULL, 1.00, 0, 0, 0, '2015-08-13 10:45:13', '2015-08-13 10:45:13', NULL),
	(91, 'League 1 Rally - #12', NULL, 'league-1-rally-12', '2015-11-01 11:30:00', 1, 1, NULL, 1.00, 0, 0, 0, '2015-08-13 10:45:13', '2015-08-13 10:45:13', NULL),
	(92, 'League 2.1 Rally - #1', NULL, 'league-21-rally-1', '2015-08-16 09:30:00', 1, 1, NULL, 2.10, 0, 1, 0, '2015-08-13 10:45:13', '2015-08-16 14:15:01', NULL),
	(93, 'League 2.1 Rally - #2', NULL, 'league-21-rally-2', '2015-08-23 14:00:00', 1, 1, NULL, 2.10, 0, 1, 0, '2015-08-13 10:45:13', '2015-08-23 18:30:01', NULL),
	(94, 'League 2.1 Rally - #3', NULL, 'league-21-rally-3', '2015-08-30 10:15:00', 1, 1, NULL, 2.10, 0, 0, 0, '2015-08-13 10:45:13', '2015-08-13 10:45:13', NULL),
	(95, 'League 2.1 Rally - #4', NULL, 'league-21-rally-4', '2015-09-06 14:45:00', 1, 1, NULL, 2.10, 0, 0, 0, '2015-08-13 10:45:13', '2015-08-13 10:45:13', NULL),
	(96, 'League 2.1 Rally - #5', NULL, 'league-21-rally-5', '2015-09-13 11:15:00', 1, 1, NULL, 2.10, 0, 0, 0, '2015-08-13 10:45:13', '2015-08-13 10:45:13', NULL),
	(97, 'League 2.1 Rally - #6', NULL, 'league-21-rally-6', '2015-09-20 14:15:00', 1, 1, NULL, 2.10, 0, 0, 0, '2015-08-13 10:45:13', '2015-08-13 10:45:13', NULL),
	(98, 'League 2.1 Rally - #7', NULL, 'league-21-rally-7', '2015-09-27 14:15:00', 1, 1, NULL, 2.10, 0, 0, 0, '2015-08-13 10:45:13', '2015-08-13 10:45:13', NULL),
	(99, 'League 2.1 Rally - #8', NULL, 'league-21-rally-8', '2015-10-04 09:45:00', 1, 1, NULL, 2.10, 0, 0, 0, '2015-08-13 10:45:13', '2015-08-13 10:45:13', NULL),
	(100, 'League 2.1 Rally - #9', NULL, 'league-21-rally-9', '2015-10-11 12:00:00', 1, 1, NULL, 2.10, 0, 0, 0, '2015-08-13 10:45:13', '2015-08-13 10:45:13', NULL),
	(101, 'League 2.1 Rally - #10', NULL, 'league-21-rally-10', '2015-10-18 09:45:00', 1, 1, NULL, 2.10, 0, 0, 0, '2015-08-13 10:45:13', '2015-08-13 10:45:13', NULL),
	(102, 'League 2.1 Rally - #11', NULL, 'league-21-rally-11', '2015-10-25 14:15:00', 1, 1, NULL, 2.10, 0, 0, 0, '2015-08-13 10:45:13', '2015-08-13 10:45:13', NULL),
	(103, 'League 2.1 Rally - #12', NULL, 'league-21-rally-12', '2015-11-01 11:45:00', 1, 1, NULL, 2.10, 0, 0, 0, '2015-08-13 10:45:13', '2015-08-13 10:45:13', NULL);
/*!40000 ALTER TABLE `rally_rally` ENABLE KEYS */;


-- Zrzut struktury tabela ral.rally_result
DROP TABLE IF EXISTS `rally_result`;
CREATE TABLE IF NOT EXISTS `rally_result` (
  `id` int(11) NOT NULL AUTO_INCREMENT,
  `rally_id` int(11) DEFAULT NULL,
  `crew_id` int(11) DEFAULT NULL,
  `total_time` time DEFAULT NULL,
  `out_of_race` tinyint(1) DEFAULT '0',
  `stage_out_id` int(11) DEFAULT NULL,
  `stage_out_number` int(11) DEFAULT NULL,
  `position` int(11) DEFAULT NULL,
  `created_at` datetime NOT NULL,
  `updated_at` datetime NOT NULL,
  PRIMARY KEY (`id`),
  KEY `rally_id_idx` (`rally_id`),
  KEY `crew_id_idx` (`crew_id`)
) ENGINE=MyISAM AUTO_INCREMENT=772 DEFAULT CHARSET=utf8;

-- Zrzucanie danych dla tabeli ral.rally_result: 63 rows
DELETE FROM `rally_result`;
/*!40000 ALTER TABLE `rally_result` DISABLE KEYS */;
INSERT INTO `rally_result` (`id`, `rally_id`, `crew_id`, `total_time`, `out_of_race`, `stage_out_id`, `stage_out_number`, `position`, `created_at`, `updated_at`) VALUES
	(1, 1, 1, '04:38:42', 0, NULL, NULL, 1, '2015-08-12 13:45:01', '2015-08-12 13:45:01'),
	(10, 1, 10, '05:49:23', 0, NULL, NULL, 2, '2015-08-12 13:45:02', '2015-08-12 13:45:02'),
	(13, 1, 13, '06:56:22', 0, NULL, NULL, 3, '2015-08-12 13:45:02', '2015-08-12 13:45:02'),
	(12, 1, 12, '06:58:46', 0, NULL, NULL, 4, '2015-08-12 13:45:02', '2015-08-12 13:45:02'),
	(2, 1, 2, '07:02:18', 0, NULL, NULL, 5, '2015-08-12 13:45:02', '2015-08-12 13:45:02'),
	(8, 1, 8, '07:38:03', 0, NULL, NULL, 6, '2015-08-12 13:45:02', '2015-08-12 13:45:02'),
	(4, 1, 4, '07:49:58', 0, NULL, NULL, 7, '2015-08-12 13:45:02', '2015-08-12 13:45:02'),
	(11, 1, 11, '08:08:33', 0, NULL, NULL, 8, '2015-08-12 13:45:02', '2015-08-12 13:45:02'),
	(3, 1, 3, '08:19:39', 0, NULL, NULL, 9, '2015-08-12 13:45:02', '2015-08-12 13:45:02'),
	(5, 1, 5, '08:58:06', 0, NULL, NULL, 10, '2015-08-12 13:45:02', '2015-08-12 13:45:02'),
	(6, 1, 6, '09:26:23', 0, NULL, NULL, 11, '2015-08-12 13:45:02', '2015-08-12 13:45:02'),
	(14, 1, 14, '10:22:35', 0, NULL, NULL, 12, '2015-08-12 13:45:02', '2015-08-12 13:45:02'),
	(7, 1, 7, '10:26:08', 0, NULL, NULL, 13, '2015-08-12 13:45:02', '2015-08-12 13:45:02'),
	(9, 1, 9, '11:28:54', 0, NULL, NULL, 14, '2015-08-12 13:45:02', '2015-08-12 13:45:02'),
	(218, 56, 35, '02:17:03', 0, NULL, NULL, 1, '2015-08-14 13:45:01', '2015-08-14 13:45:01'),
	(215, 56, 32, '02:26:12', 0, NULL, NULL, 2, '2015-08-14 13:45:01', '2015-08-14 13:45:01'),
	(221, 56, 38, '02:27:07', 0, NULL, NULL, 3, '2015-08-14 13:45:01', '2015-08-14 13:45:01'),
	(223, 56, 40, '02:30:34', 0, NULL, NULL, 4, '2015-08-14 13:45:01', '2015-08-14 13:45:01'),
	(222, 56, 39, '02:30:49', 0, NULL, NULL, 5, '2015-08-14 13:45:01', '2015-08-14 13:45:01'),
	(220, 56, 37, '02:31:58', 0, NULL, NULL, 6, '2015-08-14 13:45:01', '2015-08-14 13:45:01'),
	(214, 56, 31, '02:32:02', 0, NULL, NULL, 7, '2015-08-14 13:45:01', '2015-08-14 13:45:01'),
	(216, 56, 33, '02:32:03', 0, NULL, NULL, 8, '2015-08-14 13:45:01', '2015-08-14 13:45:01'),
	(211, 56, 28, '02:43:18', 0, NULL, NULL, 9, '2015-08-14 13:45:01', '2015-08-14 13:45:01'),
	(212, 56, 29, '02:45:50', 0, NULL, NULL, 10, '2015-08-14 13:45:01', '2015-08-14 13:45:01'),
	(219, 56, 36, '03:20:43', 0, NULL, NULL, 11, '2015-08-14 13:45:01', '2015-08-14 13:45:01'),
	(217, 56, 34, '01:23:47', 1, 928, 6, 12, '2015-08-14 13:45:01', '2015-08-14 13:45:01'),
	(213, 56, 30, '00:26:49', 1, 928, 2, 13, '2015-08-14 13:45:01', '2015-08-14 13:45:01'),
	(395, 68, 52, '02:39:52', 0, NULL, NULL, 1, '2015-08-15 13:30:01', '2015-08-15 13:30:01'),
	(391, 68, 48, '02:54:15', 0, NULL, NULL, 2, '2015-08-15 13:30:01', '2015-08-15 13:30:01'),
	(387, 68, 44, '02:55:33', 0, NULL, NULL, 3, '2015-08-15 13:30:01', '2015-08-15 13:30:01'),
	(394, 68, 51, '02:56:02', 0, NULL, NULL, 4, '2015-08-15 13:30:01', '2015-08-15 13:30:01'),
	(384, 68, 41, '02:56:15', 0, NULL, NULL, 5, '2015-08-15 13:30:01', '2015-08-15 13:30:01'),
	(385, 68, 42, '02:59:46', 0, NULL, NULL, 6, '2015-08-15 13:30:01', '2015-08-15 13:30:01'),
	(393, 68, 50, '03:02:15', 0, NULL, NULL, 7, '2015-08-15 13:30:01', '2015-08-15 13:30:01'),
	(389, 68, 46, '03:11:41', 0, NULL, NULL, 8, '2015-08-15 13:30:01', '2015-08-15 13:30:01'),
	(392, 68, 49, '03:52:29', 0, NULL, NULL, 9, '2015-08-15 13:30:01', '2015-08-15 13:30:01'),
	(386, 68, 43, '04:06:11', 0, NULL, NULL, 10, '2015-08-15 13:30:01', '2015-08-15 13:30:01'),
	(390, 68, 47, '04:15:26', 0, NULL, NULL, 11, '2015-08-15 13:30:01', '2015-08-15 13:30:01'),
	(388, 68, 45, '00:27:15', 1, 1132, 3, 12, '2015-08-15 13:30:01', '2015-08-15 13:30:01'),
	(396, 68, 53, '00:26:57', 1, 1132, 2, 13, '2015-08-15 13:30:01', '2015-08-15 13:30:01'),
	(558, 2, 19, '02:16:51', 0, NULL, NULL, 1, '2015-08-17 13:45:00', '2015-08-17 13:45:00'),
	(564, 2, 25, '02:17:40', 0, NULL, NULL, 2, '2015-08-17 13:45:00', '2015-08-17 13:45:00'),
	(554, 2, 15, '02:18:15', 0, NULL, NULL, 3, '2015-08-17 13:45:00', '2015-08-17 13:45:00'),
	(561, 2, 22, '02:21:16', 0, NULL, NULL, 4, '2015-08-17 13:45:00', '2015-08-17 13:45:00'),
	(565, 2, 26, '02:21:32', 0, NULL, NULL, 5, '2015-08-17 13:45:00', '2015-08-17 13:45:00'),
	(559, 2, 20, '02:23:31', 0, NULL, NULL, 6, '2015-08-17 13:45:00', '2015-08-17 13:45:00'),
	(566, 2, 27, '02:33:30', 0, NULL, NULL, 7, '2015-08-17 13:45:00', '2015-08-17 13:45:00'),
	(557, 2, 18, '02:37:51', 0, NULL, NULL, 8, '2015-08-17 13:45:00', '2015-08-17 13:45:00'),
	(563, 2, 24, '02:51:35', 0, NULL, NULL, 9, '2015-08-17 13:45:00', '2015-08-17 13:45:00'),
	(555, 2, 16, '03:00:20', 0, NULL, NULL, 10, '2015-08-17 13:45:00', '2015-08-17 13:45:00'),
	(556, 2, 17, '03:31:15', 0, NULL, NULL, 11, '2015-08-17 13:45:00', '2015-08-17 13:45:00'),
	(562, 2, 23, '03:32:46', 0, NULL, NULL, 12, '2015-08-17 13:45:00', '2015-08-17 13:45:00'),
	(560, 2, 21, '03:48:06', 0, NULL, NULL, 13, '2015-08-17 13:45:00', '2015-08-17 13:45:00'),
	(767, 69, 73, '02:06:27', 0, NULL, NULL, 1, '2015-08-22 13:30:06', '2015-08-22 13:30:06'),
	(766, 69, 72, '02:06:32', 0, NULL, NULL, 2, '2015-08-22 13:30:06', '2015-08-22 13:30:06'),
	(768, 69, 74, '02:13:48', 0, NULL, NULL, 3, '2015-08-22 13:30:06', '2015-08-22 13:30:06'),
	(762, 69, 68, '02:17:01', 0, NULL, NULL, 4, '2015-08-22 13:30:06', '2015-08-22 13:30:06'),
	(764, 69, 70, '02:17:59', 0, NULL, NULL, 5, '2015-08-22 13:30:06', '2015-08-22 13:30:06'),
	(771, 69, 77, '02:19:11', 0, NULL, NULL, 6, '2015-08-22 13:30:06', '2015-08-22 13:30:06'),
	(763, 69, 69, '02:40:46', 0, NULL, NULL, 7, '2015-08-22 13:30:06', '2015-08-22 13:30:06'),
	(769, 69, 75, '02:50:59', 0, NULL, NULL, 8, '2015-08-22 13:30:06', '2015-08-22 13:30:06'),
	(765, 69, 71, '02:56:46', 0, NULL, NULL, 9, '2015-08-22 13:30:06', '2015-08-22 13:30:06'),
	(770, 69, 76, '00:06:02', 1, 1149, 1, 10, '2015-08-22 13:30:06', '2015-08-22 13:30:06');
/*!40000 ALTER TABLE `rally_result` ENABLE KEYS */;


-- Zrzut struktury tabela ral.rally_stage
DROP TABLE IF EXISTS `rally_stage`;
CREATE TABLE IF NOT EXISTS `rally_stage` (
  `id` int(11) NOT NULL AUTO_INCREMENT,
  `rally_id` int(11) DEFAULT NULL,
  `name` varchar(255) DEFAULT NULL,
  `length` decimal(18,2) DEFAULT NULL,
  `date` datetime DEFAULT NULL,
  `min_time` time DEFAULT NULL,
  `created_at` datetime NOT NULL,
  `updated_at` datetime NOT NULL,
  `finished` tinyint(1) DEFAULT '1',
  PRIMARY KEY (`id`),
  KEY `rally_id_idx` (`rally_id`)
) ENGINE=MyISAM AUTO_INCREMENT=1802 DEFAULT CHARSET=utf8;

-- Zrzucanie danych dla tabeli ral.rally_stage: 1 546 rows
DELETE FROM `rally_stage`;
/*!40000 ALTER TABLE `rally_stage` DISABLE KEYS */;
INSERT INTO `rally_stage` (`id`, `rally_id`, `name`, `length`, `date`, `min_time`, `created_at`, `updated_at`, `finished`) VALUES
	(1, 1, 'ENTREVAUX - ROUAINE', 21.55, '2015-08-10 09:00:00', '00:14:00', '2015-08-08 12:50:19', '2015-08-13 12:52:22', 1),
	(2, 1, 'NORANTE - DIGNE-LES-BAINS', 19.68, '2015-08-10 09:15:00', '00:13:00', '2015-08-08 12:50:19', '2015-08-13 12:52:22', 1),
	(3, 1, 'LA SALLE EN BEAUMONT', 15.60, '2015-08-10 09:30:00', '00:09:00', '2015-08-08 12:50:19', '2015-08-13 12:52:22', 1),
	(4, 1, 'ASPRES LES CORPS', 25.28, '2015-08-10 09:45:00', '00:15:00', '2015-08-08 12:50:19', '2015-08-13 12:52:22', 1),
	(5, 1, 'LES COSTES', 25.72, '2015-08-10 10:00:00', '00:14:01', '2015-08-08 12:50:19', '2015-08-13 12:52:22', 1),
	(6, 1, 'LA SALLE EN BEAUMONT', 15.72, '2015-08-10 10:15:00', '00:10:00', '2015-08-08 12:50:19', '2015-08-13 12:52:22', 1),
	(7, 1, 'ASPRES LES CORPS - CHAUFFAYER 2', 25.94, '2015-08-10 10:30:00', '00:16:01', '2015-08-08 12:50:20', '2015-08-13 12:52:22', 1),
	(8, 1, 'LES COSTES - ST JULIEN EN CHAMPSAUR 2', 25.16, '2015-08-10 10:45:00', '00:15:01', '2015-08-08 12:50:20', '2015-08-13 12:52:22', 1),
	(9, 1, 'PRUNIERES - EMBRUN 1', 19.24, '2015-08-10 11:00:00', '00:11:01', '2015-08-08 12:50:20', '2015-08-13 12:52:22', 1),
	(10, 1, 'LARDIER ET VALENCA - FAYE', 51.38, '2015-08-10 11:15:00', '00:31:00', '2015-08-08 12:50:20', '2015-08-13 12:52:22', 1),
	(11, 1, 'PRUNIERES - EMBRUN 2', 19.84, '2015-08-10 11:30:00', '00:12:00', '2015-08-08 12:50:20', '2015-08-13 12:52:22', 1),
	(12, 1, 'SISTERON - THOARD', 36.17, '2015-08-10 11:45:00', '00:23:01', '2015-08-08 12:50:20', '2015-08-13 12:52:22', 1),
	(13, 1, 'COL ST JEAN - ST LAURENT 1', 10.77, '2015-08-10 12:00:00', '00:06:00', '2015-08-08 12:50:20', '2015-08-13 12:52:22', 1),
	(14, 1, 'LA BOLLENE VESUBIE - SOSPEL', 31.55, '2015-08-10 12:15:00', '00:21:01', '2015-08-08 12:50:20', '2015-08-13 12:52:22', 1),
	(15, 1, ' COL ST JEAN - ST LAURENT 2', 10.83, '2015-08-10 12:30:00', '00:06:01', '2015-08-08 12:50:20', '2015-08-13 12:52:22', 1),
	(18, 2, 'SUPER SPECIAL STAGE KARLSTAD', 1.94, '2015-08-17 09:00:00', '00:01:00', '2015-08-08 12:56:21', '2015-08-17 09:00:01', 1),
	(19, 2, 'TORSBY 1', 14.80, '2015-08-17 09:15:00', '00:08:01', '2015-08-08 12:56:21', '2015-08-17 09:15:00', 1),
	(20, 2, 'ROJDEN 1', 18.74, '2015-08-17 09:30:00', '00:12:00', '2015-08-08 12:56:21', '2015-08-17 09:30:01', 1),
	(21, 2, 'FINNSKOGEN 1', 20.99, '2015-08-17 09:45:00', '00:11:01', '2015-08-08 12:56:22', '2015-08-17 09:45:01', 1),
	(22, 2, 'KIRKENAER 1', 7.89, '2015-08-17 10:00:00', '00:04:00', '2015-08-08 12:56:22', '2015-08-17 10:00:01', 1),
	(23, 2, 'KIRKENAER 2', 7.21, '2015-08-17 10:15:00', '00:04:01', '2015-08-08 12:56:22', '2015-08-17 10:15:01', 1),
	(24, 2, 'FINNSKOGEN 2', 20.94, '2015-08-17 10:30:00', '00:13:01', '2015-08-08 12:56:22', '2015-08-17 10:30:01', 1),
	(25, 2, 'TORSBY 2', 14.80, '2015-08-17 10:45:00', '00:09:01', '2015-08-08 12:56:22', '2015-08-17 10:45:00', 1),
	(26, 2, 'SUPER SPECIAL STAGE KARLSTAD 2', 1.94, '2015-08-17 11:00:00', '00:01:00', '2015-08-08 12:56:22', '2015-08-17 11:00:00', 1),
	(27, 2, 'FREDRIKSBERG 1', 18.20, '2015-08-17 11:15:00', '00:11:01', '2015-08-08 12:56:22', '2015-08-17 11:15:01', 1),
	(28, 2, 'RAMMEN 1', 22.65, '2015-08-17 11:30:00', '00:12:01', '2015-08-08 12:56:22', '2015-08-17 11:30:00', 1),
	(29, 2, 'HAGFORS SPRINT 1', 1.83, '2015-08-17 11:45:00', '00:01:00', '2015-08-08 12:56:22', '2015-08-17 11:45:01', 1),
	(30, 2, 'VARGASEN 1', 24.42, '2015-08-17 12:00:00', '00:14:01', '2015-08-08 12:56:22', '2015-08-17 12:00:01', 1),
	(31, 2, 'RAMMEN 2', 22.63, '2015-08-17 12:15:00', '00:14:00', '2015-08-08 12:56:22', '2015-08-17 12:15:01', 1),
	(32, 2, 'HAGFORS SPRINT 2', 1.76, '2015-08-17 12:30:00', '00:01:00', '2015-08-08 12:56:22', '2015-08-17 12:30:00', 1),
	(33, 2, 'VARGASEN 2', 24.22, '2015-08-17 12:45:00', '00:14:01', '2015-08-08 12:56:22', '2015-08-17 12:45:01', 1),
	(35, 3, 'STREET STAGE GUANAJUATO', 1.85, '2015-08-24 09:00:00', '00:01:00', '2015-08-08 13:01:41', '2015-08-13 12:12:24', 0),
	(36, 3, 'SUPER SPECIAL 1', 4.92, '2015-08-24 09:15:00', '00:02:01', '2015-08-08 13:01:41', '2015-08-13 12:12:24', 0),
	(37, 3, 'LOS MEXICANOS 1', 9.77, '2015-08-24 09:30:00', '00:06:00', '2015-08-08 13:01:41', '2015-08-13 12:12:24', 0),
	(38, 3, 'EL CHOCOLATE 1', 44.12, '2015-08-24 09:45:00', '00:30:00', '2015-08-08 13:01:41', '2015-08-13 12:12:24', 0),
	(39, 3, 'LAS MINAS 1', 15.34, '2015-08-24 10:00:00', '00:09:00', '2015-08-08 13:01:41', '2015-08-13 12:12:24', 0),
	(40, 3, 'STREET STAGE LEON 1', 1.91, '2015-08-24 10:15:00', '00:01:00', '2015-08-08 13:01:41', '2015-08-13 12:12:24', 0),
	(41, 3, 'LOS MEXICANOS 2', 9.68, '2015-08-24 10:30:00', '00:06:00', '2015-08-08 13:01:41', '2015-08-13 12:12:24', 0),
	(42, 3, 'EL CHOCOLATE 2', 44.17, '2015-08-24 10:45:00', '00:25:01', '2015-08-08 13:01:41', '2015-08-13 12:12:24', 0),
	(43, 3, 'LAS MINAS 2', 15.43, '2015-08-24 11:00:00', '00:09:01', '2015-08-08 13:01:41', '2015-08-13 12:12:24', 0),
	(44, 3, 'SUPER SPECIAL 2', 4.92, '2015-08-24 11:15:00', '00:02:01', '2015-08-08 13:01:42', '2015-08-13 12:12:24', 0),
	(45, 3, 'IBARRILLA 1', 30.89, '2015-08-24 11:30:00', '00:19:00', '2015-08-08 13:01:42', '2015-08-13 12:12:24', 0),
	(46, 3, 'OTATES 1', 42.44, '2015-08-24 11:45:00', '00:25:00', '2015-08-08 13:01:42', '2015-08-13 12:12:24', 0),
	(47, 3, 'EL BRINCO 1', 8.42, '2015-08-24 12:00:00', '00:05:01', '2015-08-08 13:01:42', '2015-08-13 12:12:24', 0),
	(48, 3, 'STREET STAGE LEON 2', 1.91, '2015-08-24 12:15:00', '00:01:00', '2015-08-08 13:01:42', '2015-08-13 12:12:24', 0),
	(49, 3, 'IBARRILLA 2', 30.48, '2015-08-24 12:30:00', '00:20:01', '2015-08-08 13:01:42', '2015-08-13 12:12:24', 0),
	(50, 3, 'OTATES 2', 42.59, '2015-08-24 12:45:00', '00:24:01', '2015-08-08 13:01:42', '2015-08-13 12:12:24', 0),
	(51, 3, 'EL BRINCO 2', 8.96, '2015-08-24 13:00:00', '00:05:00', '2015-08-08 13:01:42', '2015-08-13 12:12:24', 0),
	(52, 4, 'SUPER ESPECIAL MERLO', 2.89, '2015-08-31 09:00:00', '00:01:01', '2015-08-08 13:05:33', '2015-08-13 12:12:24', 0),
	(53, 4, 'AGUA DE ORO - ASCOCHINGA', 51.78, '2015-08-31 09:15:00', '00:32:00', '2015-08-08 13:05:33', '2015-08-13 12:12:24', 0),
	(54, 4, 'VILLA BUSTOS - TANTI', 19.68, '2015-08-31 09:30:00', '00:11:01', '2015-08-08 13:05:33', '2015-08-13 12:12:24', 0),
	(55, 4, 'AGUA DE ORO - ASCOCHINGA II', 51.78, '2015-08-31 09:45:00', '00:30:00', '2015-08-08 13:05:33', '2015-08-13 12:12:24', 0),
	(56, 4, 'VILLA BUSTOS - TANTI II', 19.68, '2015-08-31 10:00:00', '00:13:00', '2015-08-08 13:05:33', '2015-08-13 12:12:24', 0),
	(57, 4, 'SUPER ESPECIAL FERNET BRANCA', 6.84, '2015-08-31 10:15:00', '00:04:01', '2015-08-08 13:05:33', '2015-08-13 12:12:24', 0),
	(58, 4, 'FERNET BRANCA', 23.35, '2015-08-31 10:30:00', '00:14:01', '2015-08-08 13:05:33', '2015-08-13 12:12:24', 0),
	(59, 4, 'SAN MARCOS', 42.41, '2015-08-31 10:45:00', '00:24:00', '2015-08-08 13:05:33', '2015-08-13 12:12:24', 0),
	(60, 4, 'FERNET BRANCA II', 23.35, '2015-08-31 11:00:00', '00:15:00', '2015-08-08 13:05:33', '2015-08-13 12:12:24', 0),
	(61, 4, 'SAN MARCOS II', 42.41, '2015-08-31 11:15:00', '00:26:00', '2015-08-08 13:05:33', '2015-08-13 12:12:24', 0),
	(62, 4, 'EL CONDOR', 16.60, '2015-08-31 11:30:00', '00:11:00', '2015-08-08 13:05:33', '2015-08-13 12:12:24', 0),
	(63, 4, 'POWER STAGE EL CONDOR', 16.17, '2015-08-31 11:45:00', '00:10:00', '2015-08-08 13:05:33', '2015-08-13 12:12:24', 0),
	(71, 5, 'CAMINHA', 18.40, '2015-09-07 09:00:00', '00:10:01', '2015-08-08 13:09:54', '2015-08-13 12:12:24', 0),
	(70, 5, 'PONTE DE LIMA 1', 27.64, '2015-09-07 09:15:00', '00:15:01', '2015-08-08 13:09:54', '2015-08-13 12:12:24', 0),
	(69, 5, 'LOUSADA', 3.14, '2015-09-07 09:30:00', '00:01:01', '2015-08-08 13:09:53', '2015-08-13 12:12:24', 0),
	(72, 5, 'VIANA DO CASTELO', 18.36, '2015-09-07 09:45:00', '00:11:01', '2015-08-08 13:09:54', '2015-08-13 12:12:24', 0),
	(73, 5, 'PONTE DE LIMA 2', 27.72, '2015-09-07 10:00:00', '00:17:01', '2015-08-08 13:09:54', '2015-08-13 12:12:24', 0),
	(74, 5, 'CAMINHA 2', 18.40, '2015-09-07 10:15:00', '00:11:00', '2015-08-08 13:09:54', '2015-08-13 12:12:24', 0),
	(75, 5, 'VIANA DO CASTELO 2', 18.36, '2015-09-07 10:30:00', '00:12:01', '2015-08-08 13:09:54', '2015-08-13 12:12:24', 0),
	(76, 5, 'BAIAO', 18.28, '2015-09-07 10:45:00', '00:11:00', '2015-08-08 13:09:54', '2015-08-13 12:12:24', 0),
	(77, 5, 'MARAO', 26.53, '2015-09-07 11:00:00', '00:16:01', '2015-08-08 13:09:54', '2015-08-13 12:12:24', 0),
	(78, 5, 'FRIDAO', 37.53, '2015-09-07 11:15:00', '00:24:01', '2015-08-08 13:09:54', '2015-08-13 12:12:24', 0),
	(79, 5, 'BAIAO 2', 18.28, '2015-09-07 11:30:00', '00:11:01', '2015-08-08 13:09:54', '2015-08-13 12:12:24', 0),
	(80, 5, 'MARAO 2', 26.53, '2015-09-07 11:45:00', '00:16:00', '2015-08-08 13:09:54', '2015-08-13 12:12:24', 0),
	(81, 5, 'FRIDAO 2', 37.53, '2015-09-07 12:00:00', '00:24:01', '2015-08-08 13:09:54', '2015-08-13 12:12:24', 0),
	(82, 5, 'FAFE 1', 11.39, '2015-09-07 12:15:00', '00:07:00', '2015-08-08 13:09:54', '2015-08-13 12:12:24', 0),
	(83, 5, 'VIEIRA DO MINHO', 32.38, '2015-09-07 12:30:00', '00:22:00', '2015-08-08 13:09:54', '2015-08-13 12:12:24', 0),
	(84, 5, 'FAFE 2', 11.56, '2015-09-07 12:45:00', '00:07:01', '2015-08-08 13:09:55', '2015-08-13 12:12:24', 0),
	(85, 6, 'CITTA\' DI GAGLIARI', 2.29, '2015-09-14 09:00:00', '00:01:00', '2015-08-08 14:53:32', '2015-08-13 12:12:24', 0),
	(86, 6, 'GRIGHINE SUD', 26.31, '2015-09-14 09:15:00', '00:16:00', '2015-08-08 14:53:33', '2015-08-13 12:12:24', 0),
	(87, 6, 'GRIGHINE NORD', 18.68, '2015-09-14 09:30:00', '00:10:01', '2015-08-08 14:53:33', '2015-08-13 12:12:24', 0),
	(88, 6, 'MONTIFERRU', 14.86, '2015-09-14 09:45:00', '00:08:00', '2015-08-08 14:53:33', '2015-08-13 12:12:24', 0),
	(89, 6, 'SAGAMA', 2.41, '2015-09-14 10:00:00', '00:01:00', '2015-08-08 14:53:33', '2015-08-13 12:12:24', 0),
	(90, 6, 'SAGAMA 2', 2.41, '2015-09-14 10:15:00', '00:01:01', '2015-08-08 14:53:33', '2015-08-13 12:12:24', 0),
	(91, 6, 'SINIS - MONT\' E PRAMA', 14.70, '2015-09-14 10:30:00', '00:10:00', '2015-08-08 14:53:33', '2015-08-13 12:12:24', 0),
	(92, 6, 'GRIGHINE SUD 2', 26.31, '2015-09-14 10:45:00', '00:17:00', '2015-08-08 14:53:33', '2015-08-13 12:12:24', 0),
	(93, 6, 'GRIGHINE NORD 2', 18.68, '2015-09-14 11:00:00', '00:12:01', '2015-08-08 14:53:33', '2015-08-13 12:12:24', 0),
	(94, 6, 'MONTIFERRU 2', 14.86, '2015-09-14 11:15:00', '00:08:00', '2015-08-08 14:53:33', '2015-08-13 12:12:24', 0),
	(95, 6, 'ITTIRI ARENA', 1.98, '2015-09-14 11:30:00', '00:01:00', '2015-08-08 14:53:33', '2015-08-13 12:12:24', 0),
	(96, 6, 'MONTI DI ALA\' 1', 22.96, '2015-09-14 11:45:00', '00:12:01', '2015-08-08 14:53:33', '2015-08-13 12:12:24', 0),
	(97, 6, 'COILUNA - LOELLE', 36.43, '2015-09-14 12:00:00', '00:22:01', '2015-08-08 14:53:33', '2015-08-13 12:12:24', 0),
	(98, 6, 'MONTE LERNO', 42.55, '2015-09-14 12:15:00', '00:24:01', '2015-08-08 14:53:33', '2015-08-13 12:12:24', 0),
	(99, 6, 'OZIERI - ARDARA', 7.70, '2015-09-14 12:30:00', '00:05:00', '2015-08-08 14:53:33', '2015-08-13 12:12:24', 0),
	(100, 6, 'ITTIRI ARENA 2', 1.98, '2015-09-14 12:45:00', '00:01:00', '2015-08-08 14:53:34', '2015-08-13 12:12:24', 0),
	(101, 6, 'MONTI DI ALA\' 2', 22.50, '2015-09-14 13:00:00', '00:15:00', '2015-08-08 14:53:34', '2015-08-13 12:12:24', 0),
	(102, 7, 'MIKOLAJKI ARENA', 2.40, '2015-09-21 09:00:00', '00:01:01', '2015-08-08 14:58:53', '2015-08-13 12:12:24', 0),
	(103, 7, 'GORKLO', 13.40, '2015-09-21 09:15:00', '00:08:00', '2015-08-08 14:58:53', '2015-08-13 12:12:24', 0),
	(104, 7, 'GOLDAP', 14.65, '2015-09-21 09:30:00', '00:09:00', '2015-08-08 14:58:53', '2015-08-13 12:12:24', 0),
	(105, 7, 'BABKI', 14.87, '2015-09-21 09:45:00', '00:09:01', '2015-08-08 14:58:54', '2015-08-13 12:12:24', 0),
	(106, 7, 'STANCZYKI', 39.62, '2015-09-21 10:00:00', '00:23:00', '2015-08-08 14:58:54', '2015-08-13 12:12:24', 0),
	(107, 7, 'BABKI 2', 14.87, '2015-09-21 10:15:00', '00:09:01', '2015-08-08 14:58:54', '2015-08-13 12:12:24', 0),
	(108, 7, 'STANCZYKI 2', 39.62, '2015-09-21 10:30:00', '00:24:00', '2015-08-08 14:58:54', '2015-08-13 12:12:24', 0),
	(109, 7, 'GOLDAP 2', 14.65, '2015-09-21 10:45:00', '00:09:00', '2015-08-08 14:58:54', '2015-08-13 12:12:24', 0),
	(110, 7, 'MIKOLAJKI ARENA 2', 2.40, '2015-09-21 11:00:00', '00:01:01', '2015-08-08 14:58:54', '2015-08-13 12:12:24', 0),
	(111, 7, 'MAZURY', 17.52, '2015-09-21 11:15:00', '00:12:00', '2015-08-08 14:58:54', '2015-08-13 12:12:24', 0),
	(112, 7, 'WIELICZKI', 12.62, '2015-09-21 11:30:00', '00:07:01', '2015-08-08 14:58:54', '2015-08-13 12:12:24', 0),
	(113, 7, 'SWIETAJNO', 21.59, '2015-09-21 11:45:00', '00:13:01', '2015-08-08 14:58:54', '2015-08-13 12:12:24', 0),
	(114, 7, 'PAPROTKI', 23.68, '2015-09-21 12:00:00', '00:14:00', '2015-08-08 14:58:54', '2015-08-13 12:12:24', 0),
	(115, 7, 'MAZURY 2', 17.52, '2015-09-21 12:15:00', '00:10:01', '2015-08-08 14:58:54', '2015-08-13 12:12:24', 0),
	(116, 7, 'WIELICZKI 2', 12.62, '2015-09-21 12:30:00', '00:07:00', '2015-08-08 14:58:54', '2015-08-13 12:12:24', 0),
	(117, 7, 'SWIETAJNO 2', 21.59, '2015-09-21 12:45:00', '00:14:00', '2015-08-08 14:58:54', '2015-08-13 12:12:24', 0),
	(118, 7, 'MIKOLAJKI ARENA 3', 2.40, '2015-09-21 13:00:00', '00:01:00', '2015-08-08 14:58:55', '2015-08-13 12:12:24', 0),
	(119, 8, 'HARJU', 2.21, '2015-09-28 09:00:00', '00:01:00', '2015-08-08 17:48:37', '2015-08-13 12:12:24', 0),
	(120, 8, 'PIHLAJAKOSKI', 14.65, '2015-09-28 09:15:00', '00:09:00', '2015-08-08 17:48:38', '2015-08-13 12:12:24', 0),
	(121, 8, 'PAIJALA', 23.28, '2015-09-28 09:30:00', '00:13:01', '2015-08-08 17:48:38', '2015-08-13 12:12:24', 0),
	(122, 8, 'OUNINPOHJA', 34.51, '2015-09-28 09:45:00', '00:21:01', '2015-08-08 17:48:38', '2015-08-13 12:12:24', 0),
	(123, 8, 'HIMOS', 5.16, '2015-09-28 10:00:00', '00:03:00', '2015-08-08 17:48:38', '2015-08-13 12:12:24', 0),
	(124, 8, 'PIHLAJAKOSKI 2', 14.65, '2015-09-28 10:15:00', '00:09:01', '2015-08-08 17:48:38', '2015-08-13 12:12:24', 0),
	(125, 8, 'PAIJALA 2', 23.28, '2015-09-28 10:30:00', '00:16:00', '2015-08-08 17:48:38', '2015-08-13 12:12:24', 0),
	(126, 8, 'OUNINPOHJA 2', 34.51, '2015-09-28 10:45:00', '00:19:01', '2015-08-08 17:48:38', '2015-08-13 12:12:24', 0),
	(127, 8, 'HIMOS 2', 5.16, '2015-09-28 11:00:00', '00:03:00', '2015-08-08 17:48:38', '2015-08-13 12:12:24', 0),
	(128, 8, 'HARJU 2', 2.21, '2015-09-28 11:15:00', '00:01:01', '2015-08-08 17:48:38', '2015-08-13 12:12:24', 0),
	(129, 8, 'MOKKIPERA', 13.60, '2015-09-28 11:30:00', '00:09:00', '2015-08-08 17:48:38', '2015-08-13 12:12:24', 0),
	(130, 8, 'JUKOJARVI', 21.78, '2015-09-28 11:45:00', '00:14:00', '2015-08-08 17:48:38', '2015-08-13 12:12:24', 0),
	(131, 8, 'SURKEE', 14.25, '2015-09-28 12:00:00', '00:08:01', '2015-08-08 17:48:38', '2015-08-13 12:12:24', 0),
	(132, 8, 'HORKKA', 15.22, '2015-09-28 12:15:00', '00:09:00', '2015-08-08 17:48:38', '2015-08-13 12:12:24', 0),
	(133, 8, 'MOKKIPERA 2', 13.60, '2015-09-28 12:30:00', '00:08:01', '2015-08-08 17:48:38', '2015-08-13 12:12:24', 0),
	(134, 8, 'JUKOJARVI 2', 21.78, '2015-09-28 12:45:00', '00:12:01', '2015-08-08 17:48:38', '2015-08-13 12:12:24', 0),
	(135, 8, 'SURKEE 2', 14.25, '2015-09-28 13:00:00', '00:08:01', '2015-08-08 17:48:39', '2015-08-13 12:12:24', 0),
	(136, 9, 'Sauertal', 14.84, '2015-10-05 09:00:00', '00:09:00', '2015-08-08 18:06:00', '2015-08-13 12:12:24', 0),
	(137, 9, 'Waxweiler', 16.45, '2015-10-05 09:15:00', '00:10:00', '2015-08-08 18:06:00', '2015-08-13 12:12:24', 0),
	(138, 9, 'Moselland', 23.37, '2015-10-05 09:30:00', '00:13:00', '2015-08-08 18:06:00', '2015-08-13 12:12:24', 0),
	(139, 9, 'Sauertal 2', 14.84, '2015-10-05 09:45:00', '00:08:01', '2015-08-08 18:06:00', '2015-08-13 12:12:24', 0),
	(140, 9, 'Waxweiler 2', 16.45, '2015-10-05 10:00:00', '00:10:01', '2015-08-08 18:06:00', '2015-08-13 12:12:24', 0),
	(141, 9, 'Moselland 2', 23.37, '2015-10-05 10:15:00', '00:13:00', '2015-08-08 18:06:00', '2015-08-13 12:12:24', 0),
	(142, 9, 'Mittelmosel 2', 13.80, '2015-10-05 10:30:00', '00:09:00', '2015-08-08 18:06:00', '2015-08-13 12:12:24', 0),
	(143, 9, 'Grafschaft', 18.76, '2015-10-05 10:45:00', '00:12:00', '2015-08-08 18:06:00', '2015-08-13 12:12:24', 0),
	(144, 9, 'Bosenberg', 17.55, '2015-10-05 11:00:00', '00:11:00', '2015-08-08 18:06:00', '2015-08-13 12:12:24', 0),
	(145, 9, 'Arena Panzerplatte', 2.48, '2015-10-05 11:15:00', '00:01:00', '2015-08-08 18:06:00', '2015-08-13 12:12:24', 0),
	(146, 9, 'Arena Panzerplatte 2', 2.48, '2015-10-05 11:30:00', '00:01:01', '2015-08-08 18:06:01', '2015-08-13 12:12:24', 0),
	(147, 9, 'Panzerplatte Lang', 45.37, '2015-10-05 11:45:00', '00:27:00', '2015-08-08 18:06:01', '2015-08-13 12:12:24', 0),
	(148, 9, 'Grafschaft 2', 18.76, '2015-10-05 12:00:00', '00:10:01', '2015-08-08 18:06:01', '2015-08-13 12:12:24', 0),
	(149, 9, 'Arena Panzerplatte 3', 2.48, '2015-10-05 12:15:00', '00:01:01', '2015-08-08 18:06:01', '2015-08-13 12:12:24', 0),
	(150, 9, 'Panzerplatte Lang 2', 45.37, '2015-10-05 12:30:00', '00:29:00', '2015-08-08 18:06:01', '2015-08-13 12:12:24', 0),
	(151, 9, 'Bosenberg 2', 17.55, '2015-10-05 12:45:00', '00:10:01', '2015-08-08 18:06:01', '2015-08-13 12:12:24', 0),
	(152, 9, 'Stei & Wein', 19.32, '2015-10-05 13:00:00', '00:13:00', '2015-08-08 18:06:01', '2015-08-13 12:12:24', 0),
	(153, 10, 'Hydes Creek', 10.48, '2015-10-12 09:00:00', '00:05:01', '2015-08-08 18:15:39', '2015-08-13 12:12:24', 0),
	(154, 10, 'Bellingen', 10.21, '2015-10-12 09:15:00', '00:05:01', '2015-08-08 18:15:39', '2015-08-13 12:12:24', 0),
	(155, 10, 'Newry', 24.86, '2015-10-12 09:30:00', '00:15:01', '2015-08-08 18:15:39', '2015-08-13 12:12:24', 0),
	(156, 10, 'Hydes Creek 2', 10.48, '2015-10-12 09:45:00', '00:06:00', '2015-08-08 18:15:40', '2015-08-13 12:12:24', 0),
	(157, 10, 'Bellingen 2', 10.21, '2015-10-12 10:00:00', '00:06:00', '2015-08-08 18:15:40', '2015-08-13 12:12:24', 0),
	(158, 10, 'Newry 2', 24.86, '2015-10-12 10:15:00', '00:15:01', '2015-08-08 18:15:40', '2015-08-13 12:12:24', 0),
	(159, 10, 'Super Special Stage ', 1.55, '2015-10-12 10:30:00', '00:00:01', '2015-08-08 18:15:40', '2015-08-13 12:12:24', 0),
	(160, 10, 'Super Special Stage 2', 1.81, '2015-10-12 10:45:00', '00:01:00', '2015-08-08 18:15:40', '2015-08-13 12:12:24', 0),
	(161, 10, 'Nambucca', 48.21, '2015-10-12 11:00:00', '00:30:00', '2015-08-08 18:15:40', '2015-08-13 12:12:24', 0),
	(162, 10, 'Valla', 8.90, '2015-10-12 11:15:00', '00:05:00', '2015-08-08 18:15:40', '2015-08-13 12:12:24', 0),
	(163, 10, 'Nambucca 2', 48.21, '2015-10-12 11:30:00', '00:31:01', '2015-08-08 18:15:40', '2015-08-13 12:12:24', 0),
	(164, 10, 'Valla 2', 8.90, '2015-10-12 11:45:00', '00:05:01', '2015-08-08 18:15:40', '2015-08-13 12:12:24', 0),
	(165, 10, 'Super Special Stage 3', 1.81, '2015-10-12 12:00:00', '00:01:00', '2015-08-08 18:15:40', '2015-08-13 12:12:24', 0),
	(166, 10, 'Super Special Stage 4', 1.50, '2015-10-12 12:15:00', '00:01:00', '2015-08-08 18:15:40', '2015-08-13 12:12:24', 0),
	(167, 10, 'Shipmans', 24.14, '2015-10-12 12:30:00', '00:14:01', '2015-08-08 18:15:40', '2015-08-13 12:12:24', 0),
	(168, 10, 'Bucca', 10.90, '2015-10-12 12:45:00', '00:07:00', '2015-08-08 18:15:40', '2015-08-13 12:12:24', 0),
	(169, 10, 'Wedding Bells', 9.37, '2015-10-12 13:00:00', '00:05:00', '2015-08-08 18:15:40', '2015-08-13 12:12:24', 0),
	(170, 11, 'Plage du LIamone', 19.91, '2015-10-19 09:00:00', '00:11:00', '2015-08-09 09:08:16', '2015-08-13 12:12:24', 0),
	(171, 11, 'Casamozza', 23.66, '2015-10-19 09:15:00', '00:15:01', '2015-08-09 09:08:16', '2015-08-13 12:12:24', 0),
	(172, 11, 'Francardo', 16.34, '2015-10-19 09:30:00', '00:09:00', '2015-08-09 09:08:16', '2015-08-13 12:12:24', 0),
	(173, 11, 'Plage du Liamone 2', 19.91, '2015-10-19 09:45:00', '00:12:00', '2015-08-09 09:08:16', '2015-08-13 12:12:24', 0),
	(174, 11, 'Casamozza 2', 23.66, '2015-10-19 10:00:00', '00:16:00', '2015-08-09 09:08:16', '2015-08-13 12:12:24', 0),
	(175, 11, 'Francardo 2', 16.34, '2015-10-19 10:15:00', '00:09:00', '2015-08-09 09:08:16', '2015-08-13 12:12:24', 0),
	(176, 11, 'Casamozza 3', 23.66, '2015-10-19 10:30:00', '00:14:01', '2015-08-09 09:08:16', '2015-08-13 12:12:24', 0),
	(177, 11, 'Francardo 3', 16.34, '2015-10-19 10:45:00', '00:10:01', '2015-08-09 09:08:16', '2015-08-13 12:12:24', 0),
	(178, 11, 'Muracciole', 28.92, '2015-10-19 11:00:00', '00:17:01', '2015-08-09 09:08:16', '2015-08-13 12:12:24', 0),
	(179, 11, 'Sotta', 26.28, '2015-10-19 11:15:00', '00:16:01', '2015-08-09 09:08:16', '2015-08-13 12:12:24', 0),
	(180, 11, 'Muracciole', 28.46, '2015-10-19 11:30:00', '00:16:01', '2015-08-09 09:08:16', '2015-08-13 12:12:24', 0),
	(181, 11, 'Zerubia', 31.43, '2015-10-19 11:45:00', '00:21:01', '2015-08-09 09:08:16', '2015-08-13 12:12:24', 0),
	(182, 11, 'Bisinao', 16.74, '2015-10-19 12:00:00', '00:09:01', '2015-08-09 09:08:16', '2015-08-13 12:12:24', 0),
	(183, 11, 'Zerubia 2', 31.43, '2015-10-19 12:15:00', '00:20:01', '2015-08-09 09:08:16', '2015-08-13 12:12:24', 0),
	(184, 11, 'Bisinao 2', 16.74, '2015-10-19 12:30:00', '00:11:00', '2015-08-09 09:08:17', '2015-08-13 12:12:24', 0),
	(185, 12, 'Barcelona', 3.11, '2015-10-26 09:00:00', '00:01:01', '2015-08-09 09:29:16', '2015-08-13 12:12:24', 0),
	(186, 12, 'Mora d\'Ebre', 9.69, '2015-10-26 09:15:00', '00:05:00', '2015-08-09 09:29:16', '2015-08-13 12:12:24', 0),
	(187, 12, 'Caseres', 12.10, '2015-10-26 09:30:00', '00:07:00', '2015-08-09 09:29:16', '2015-08-13 12:12:24', 0),
	(188, 12, 'Bot', 6.21, '2015-10-26 09:45:00', '00:03:01', '2015-08-09 09:29:16', '2015-08-13 12:12:24', 0),
	(189, 12, 'Terra Alta', 35.41, '2015-10-26 10:00:00', '00:23:01', '2015-08-09 09:29:16', '2015-08-13 12:12:24', 0),
	(190, 12, 'Mora d\'Ebre 2', 9.69, '2015-10-26 10:15:00', '00:05:01', '2015-08-09 09:29:16', '2015-08-13 12:12:24', 0),
	(191, 12, 'Caseres 2', 12.10, '2015-10-26 10:30:00', '00:07:01', '2015-08-09 09:29:16', '2015-08-13 12:12:24', 0),
	(192, 12, 'Bot 2', 6.21, '2015-10-26 10:45:00', '00:04:00', '2015-08-09 09:29:16', '2015-08-13 12:12:24', 0),
	(193, 12, 'Terra Alta 2', 35.41, '2015-10-26 11:00:00', '00:21:01', '2015-08-09 09:29:16', '2015-08-13 12:12:24', 0),
	(194, 12, 'Porrera', 7.91, '2015-10-26 11:15:00', '00:04:01', '2015-08-09 09:29:16', '2015-08-13 12:12:24', 0),
	(195, 12, 'La Figuera', 26.35, '2015-10-26 11:30:00', '00:15:00', '2015-08-09 09:29:16', '2015-08-13 12:12:24', 0),
	(196, 12, 'Poboleda', 10.73, '2015-10-26 11:45:00', '00:07:00', '2015-08-09 09:29:16', '2015-08-13 12:12:24', 0),
	(197, 12, 'Capafonts', 19.13, '2015-10-26 12:00:00', '00:11:01', '2015-08-09 09:29:17', '2015-08-13 12:12:24', 0),
	(198, 12, 'La Figuera 2', 26.35, '2015-10-26 12:15:00', '00:16:00', '2015-08-09 09:29:17', '2015-08-13 12:12:24', 0),
	(199, 12, 'Poboleda 2', 10.73, '2015-10-26 12:30:00', '00:06:00', '2015-08-09 09:29:17', '2015-08-13 12:12:24', 0),
	(200, 12, 'Capafonts 2', 19.13, '2015-10-26 12:45:00', '00:12:01', '2015-08-09 09:29:17', '2015-08-13 12:12:25', 0),
	(201, 12, 'Salou', 2.62, '2015-10-26 13:00:00', '00:01:01', '2015-08-09 09:29:17', '2015-08-13 12:12:25', 0),
	(202, 13, 'Hafren', 32.44, '2015-08-11 09:00:00', '00:21:00', '2015-08-09 09:33:26', '2015-08-13 12:12:25', 1),
	(203, 13, 'Sweet Lamb', 2.97, '2015-08-11 09:15:00', '00:02:00', '2015-08-09 09:33:26', '2015-08-13 12:12:25', 1),
	(204, 13, 'Myherin', 31.73, '2015-08-11 09:30:00', '00:21:01', '2015-08-09 09:33:26', '2015-08-13 12:12:25', 1),
	(205, 13, 'Harfen 2', 32.60, '2015-08-11 09:45:00', '00:19:01', '2015-08-09 09:33:26', '2015-08-13 12:12:25', 1),
	(206, 13, 'Sweet Lamb 2', 2.97, '2015-08-11 10:00:00', '00:01:01', '2015-08-09 09:33:27', '2015-08-13 12:12:25', 1),
	(207, 13, 'Myherin 2', 31.73, '2015-08-11 10:15:00', '00:19:00', '2015-08-09 09:33:27', '2015-08-13 12:12:25', 1),
	(208, 13, 'Gartheiniog', 11.97, '2015-08-11 10:30:00', '00:07:00', '2015-08-09 09:33:27', '2015-08-13 12:12:25', 1),
	(209, 13, 'Dyfi', 25.37, '2015-08-11 10:45:00', '00:16:00', '2015-08-09 09:33:27', '2015-08-13 12:12:25', 1),
	(210, 13, 'Gartheiniog 2', 11.97, '2015-08-11 11:00:00', '00:07:01', '2015-08-09 09:33:27', '2015-08-13 12:12:25', 1),
	(211, 13, 'Dyfi 2', 25.37, '2015-08-11 11:15:00', '00:17:00', '2015-08-09 09:33:27', '2015-08-13 12:12:25', 1),
	(212, 13, 'Dyfnant', 19.89, '2015-08-11 11:30:00', '00:13:01', '2015-08-09 09:33:27', '2015-08-13 12:12:25', 1),
	(213, 13, 'Aberhirnant', 13.70, '2015-08-11 11:45:00', '00:09:00', '2015-08-09 09:33:27', '2015-08-13 12:12:25', 1),
	(214, 13, 'Chirk Castle', 2.28, '2015-08-11 12:00:00', '00:01:01', '2015-08-09 09:33:27', '2015-08-13 12:12:25', 1),
	(215, 13, 'Dynant 2', 19.83, '2015-08-11 12:15:00', '00:12:00', '2015-08-09 09:33:27', '2015-08-13 12:12:25', 1),
	(216, 13, 'Aberhirnant 2', 13.70, '2015-08-11 12:30:00', '00:07:01', '2015-08-09 09:33:27', '2015-08-13 12:12:25', 1),
	(217, 13, 'Brenig', 10.99, '2015-08-11 12:45:00', '00:07:00', '2015-08-09 09:33:27', '2015-08-13 12:12:25', 1),
	(218, 13, 'ALwen', 10.16, '2015-08-11 13:00:00', '00:06:01', '2015-08-09 09:33:27', '2015-08-13 12:12:25', 1),
	(219, 14, 'Pierbach', 18.57, '2015-08-18 09:00:00', '00:11:00', '2015-08-09 14:43:28', '2015-08-18 09:00:01', 1),
	(220, 14, 'Liebenau', 10.10, '2015-08-18 09:15:00', '00:06:01', '2015-08-09 14:43:28', '2015-08-18 09:15:02', 1),
	(221, 14, 'St. Oswald', 8.20, '2015-08-18 09:30:00', '00:05:00', '2015-08-09 14:43:28', '2015-08-18 09:30:00', 1),
	(222, 14, 'Pierbach 2', 18.57, '2015-08-18 09:45:00', '00:11:00', '2015-08-09 14:43:28', '2015-08-18 09:45:00', 1),
	(223, 14, 'Liebenau 2', 10.10, '2015-08-18 10:00:00', '00:05:01', '2015-08-09 14:43:28', '2015-08-18 10:00:00', 1),
	(224, 14, 'St. Ostwald', 8.22, '2015-08-18 10:15:00', '00:05:01', '2015-08-09 14:43:28', '2015-08-18 10:15:01', 1),
	(225, 14, 'Pregarten', 8.44, '2015-08-18 10:30:00', '00:05:00', '2015-08-09 14:43:28', '2015-08-18 10:30:01', 1),
	(226, 14, 'Schonau', 22.80, '2015-08-18 10:45:00', '00:14:01', '2015-08-09 14:43:28', '2015-08-18 10:45:00', 1),
	(227, 14, 'Pregarten 2', 8.44, '2015-08-18 11:00:00', '00:05:00', '2015-08-09 14:43:28', '2015-08-18 11:00:01', 1),
	(228, 14, 'Schonau', 22.81, '2015-08-18 11:15:00', '00:14:00', '2015-08-09 14:43:28', '2015-08-18 11:15:00', 1),
	(229, 14, 'Gutau', 8.68, '2015-08-18 11:30:00', '00:05:00', '2015-08-09 14:43:28', '2015-08-18 11:30:01', 1),
	(230, 14, 'Unterweissenbach 2', 12.31, '2015-08-18 11:45:00', '00:07:01', '2015-08-09 14:43:29', '2015-08-18 11:45:00', 1),
	(231, 14, 'Arena Konigswiesen', 7.33, '2015-08-18 12:00:00', '00:04:01', '2015-08-09 14:43:29', '2015-08-18 12:00:01', 1),
	(232, 14, 'Gutau 2', 8.68, '2015-08-18 12:15:00', '00:05:01', '2015-08-09 14:43:29', '2015-08-18 12:15:01', 1),
	(233, 14, 'Unterweissenbach', 12.31, '2015-08-18 12:30:00', '00:08:00', '2015-08-09 14:43:29', '2015-08-18 12:30:01', 1),
	(234, 14, 'Arena Konigswiesen', 7.76, '2015-08-18 12:45:00', '00:04:01', '2015-08-09 14:43:29', '2015-08-18 12:45:00', 1),
	(235, 14, 'Bad Zell', 21.71, '2015-08-18 13:00:00', '00:14:00', '2015-08-09 14:43:29', '2015-08-18 13:00:01', 1),
	(236, 15, 'Basi', 16.11, '2015-08-25 09:00:00', '00:10:00', '2015-08-09 14:47:07', '2015-08-13 12:12:25', 0),
	(237, 15, 'Kuldiga', 36.11, '2015-08-25 09:15:00', '00:23:01', '2015-08-09 14:47:07', '2015-08-13 12:12:25', 0),
	(238, 15, 'Ecorent', 7.80, '2015-08-25 09:30:00', '00:04:01', '2015-08-09 14:47:07', '2015-08-13 12:12:25', 0),
	(239, 15, 'Kuldiga 2', 36.11, '2015-08-25 09:45:00', '00:23:00', '2015-08-09 14:47:07', '2015-08-13 12:12:25', 0),
	(240, 15, 'Basi 2', 16.11, '2015-08-25 10:00:00', '00:09:00', '2015-08-09 14:47:07', '2015-08-13 12:12:25', 0),
	(241, 15, 'Podnieki', 11.37, '2015-08-25 10:15:00', '00:06:01', '2015-08-09 14:47:07', '2015-08-13 12:12:25', 0),
	(242, 15, 'Tebra', 12.70, '2015-08-25 10:30:00', '00:07:01', '2015-08-09 14:47:07', '2015-08-13 12:12:25', 0),
	(243, 15, 'Vecpils', 22.64, '2015-08-25 10:45:00', '00:14:01', '2015-08-09 14:47:07', '2015-08-13 12:12:25', 0),
	(244, 15, 'Podnieki 2', 11.37, '2015-08-25 11:00:00', '00:06:00', '2015-08-09 14:47:07', '2015-08-13 12:12:25', 0),
	(245, 15, 'Tebra 2', 12.70, '2015-08-25 11:15:00', '00:08:00', '2015-08-09 14:47:07', '2015-08-13 12:12:25', 0),
	(246, 15, 'Vecpils 2', 22.64, '2015-08-25 11:30:00', '00:14:01', '2015-08-09 14:47:07', '2015-08-13 12:12:25', 0),
	(247, 15, 'Liepaja special', 1.81, '2015-08-25 11:45:00', '00:01:00', '2015-08-09 14:47:07', '2015-08-13 12:12:25', 0),
	(248, 16, 'Bucks Head', 14.47, '2015-09-01 09:00:00', '00:08:00', '2015-08-09 18:29:55', '2015-08-13 12:12:25', 0),
	(249, 16, 'Hamilton\'s Folly', 16.40, '2015-09-01 09:15:00', '00:10:00', '2015-08-09 18:29:55', '2015-08-13 12:12:25', 0),
	(250, 16, 'Lough Henney', 10.42, '2015-09-01 09:30:00', '00:06:01', '2015-08-09 18:29:55', '2015-08-13 12:12:25', 0),
	(251, 16, 'Bucks Head 2', 14.47, '2015-09-01 09:45:00', '00:09:00', '2015-08-09 18:29:55', '2015-08-13 12:12:25', 0),
	(252, 16, 'Hamilton\'s Folly 2', 16.40, '2015-09-01 10:00:00', '00:09:00', '2015-08-09 18:29:56', '2015-08-13 12:12:25', 0),
	(253, 16, 'Lough Henry 2', 10.33, '2015-09-01 10:15:00', '00:06:00', '2015-08-09 18:29:56', '2015-08-13 12:12:25', 0),
	(254, 16, 'Newtownards TT', 1.63, '2015-09-01 10:30:00', '00:01:00', '2015-08-09 18:29:56', '2015-08-13 12:12:25', 0),
	(255, 16, 'Newtownards TT 2', 1.63, '2015-09-01 10:45:00', '00:01:00', '2015-08-09 18:29:56', '2015-08-13 12:12:25', 0),
	(256, 16, 'Bulls Brook', 13.21, '2015-09-01 11:00:00', '00:07:01', '2015-08-09 18:29:56', '2015-08-13 12:12:25', 0),
	(257, 16, 'McGaffins Corner', 26.16, '2015-09-01 11:15:00', '00:15:00', '2015-08-09 18:29:56', '2015-08-13 12:12:25', 0),
	(258, 16, 'Banbridge', 8.58, '2015-09-01 11:30:00', '00:05:00', '2015-08-09 18:29:56', '2015-08-13 12:12:25', 0),
	(259, 16, 'Gregoriough', 14.91, '2015-09-01 11:45:00', '00:08:01', '2015-08-09 18:29:56', '2015-08-13 12:12:25', 0),
	(260, 16, 'Lisburn', 1.78, '2015-09-01 12:00:00', '00:01:00', '2015-08-09 18:29:56', '2015-08-13 12:12:25', 0),
	(261, 16, 'Lisburn 2', 1.78, '2015-09-01 12:15:00', '00:01:00', '2015-08-09 18:29:56', '2015-08-13 12:12:25', 0),
	(262, 16, 'Bulls Brook 2', 13.21, '2015-09-01 12:30:00', '00:08:01', '2015-08-09 18:29:56', '2015-08-13 12:12:25', 0),
	(263, 16, 'McGaffins Corner 2', 26.16, '2015-09-01 12:45:00', '00:15:01', '2015-08-09 18:29:56', '2015-08-13 12:12:25', 0),
	(264, 16, 'Banbridge 2', 8.58, '2015-09-01 13:00:00', '00:05:01', '2015-08-09 18:29:56', '2015-08-13 12:12:25', 0),
	(265, 17, 'Grupo Marques', 3.34, '2015-09-08 09:00:00', '00:02:00', '2015-08-09 18:37:22', '2015-08-13 12:12:25', 0),
	(266, 17, 'Solucoes', 7.96, '2015-09-08 09:15:00', '00:04:01', '2015-08-09 18:37:23', '2015-08-13 12:12:25', 0),
	(267, 17, 'Vila Franca', 12.79, '2015-09-08 09:30:00', '00:08:00', '2015-08-09 18:37:23', '2015-08-13 12:12:25', 0),
	(268, 17, 'Lagoa Meo', 6.28, '2015-09-08 09:45:00', '00:04:00', '2015-08-09 18:37:23', '2015-08-13 12:12:25', 0),
	(269, 17, 'Pico da Pedra Golfe', 7.86, '2015-09-08 10:00:00', '00:05:00', '2015-08-09 18:37:23', '2015-08-13 12:12:25', 0),
	(270, 17, 'Feteiras', 7.88, '2015-09-08 10:15:00', '00:05:00', '2015-08-09 18:37:23', '2015-08-13 12:12:25', 0),
	(271, 17, 'Sete Cidades', 28.57, '2015-09-08 10:30:00', '00:18:01', '2015-08-09 18:37:23', '2015-08-13 12:12:25', 0),
	(272, 17, 'Lagoa Meo 2', 6.28, '2015-09-08 10:45:00', '00:04:00', '2015-08-09 18:37:23', '2015-08-13 12:12:25', 0),
	(273, 17, 'Pico da Pedra Golfe 2', 7.86, '2015-09-08 11:00:00', '00:04:00', '2015-08-09 18:37:23', '2015-08-13 12:12:25', 0),
	(274, 17, 'Feteiras 2', 7.88, '2015-09-08 11:15:00', '00:05:00', '2015-08-09 18:37:23', '2015-08-13 12:12:25', 0),
	(275, 17, 'Sete Cidades 2', 28.57, '2015-09-08 11:30:00', '00:16:00', '2015-08-09 18:37:23', '2015-08-13 12:12:25', 0),
	(276, 17, 'Graminhais', 20.84, '2015-09-08 11:45:00', '00:12:01', '2015-08-09 18:37:23', '2015-08-13 12:12:25', 0),
	(277, 17, 'Tronqueira', 21.68, '2015-09-08 12:00:00', '00:12:01', '2015-08-09 18:37:23', '2015-08-13 12:12:25', 0),
	(278, 17, 'Grupo Marques 2', 3.34, '2015-09-08 12:15:00', '00:01:01', '2015-08-09 18:37:23', '2015-08-13 12:12:25', 0),
	(279, 17, 'Vila Franca 2', 12.79, '2015-09-08 12:30:00', '00:07:01', '2015-08-09 18:37:23', '2015-08-13 12:12:25', 0),
	(280, 17, 'Graminhais 2', 20.84, '2015-09-08 12:45:00', '00:13:00', '2015-08-09 18:37:24', '2015-08-13 12:12:25', 0),
	(281, 17, 'Tronqueira 2', 21.68, '2015-09-08 13:00:00', '00:14:01', '2015-08-09 18:37:24', '2015-08-13 12:12:25', 0),
	(282, 18, 'Langemark', 12.57, '2015-09-15 09:00:00', '00:07:00', '2015-08-10 10:35:26', '2015-08-13 12:12:25', 0),
	(283, 18, 'Dikkebus', 14.73, '2015-09-15 09:15:00', '00:08:01', '2015-08-10 10:35:26', '2015-08-13 12:12:25', 0),
	(284, 18, 'Wijtschate', 13.43, '2015-09-15 09:30:00', '00:08:00', '2015-08-10 10:35:27', '2015-08-13 12:12:25', 0),
	(285, 18, 'Mesen', 7.80, '2015-09-15 09:45:00', '00:04:01', '2015-08-10 10:35:27', '2015-08-13 12:12:25', 0),
	(286, 18, 'Dikkebus 2', 14.73, '2015-09-15 10:00:00', '00:08:01', '2015-08-10 10:35:27', '2015-08-13 12:12:25', 0),
	(287, 18, 'Wijtschate 2', 13.43, '2015-09-15 10:15:00', '00:09:00', '2015-08-10 10:35:27', '2015-08-13 12:12:25', 0),
	(288, 18, 'Mesen 2', 7.80, '2015-09-15 10:30:00', '00:05:00', '2015-08-10 10:35:27', '2015-08-13 12:12:25', 0),
	(289, 18, 'Reninge', 14.22, '2015-09-15 10:45:00', '00:09:00', '2015-08-10 10:35:27', '2015-08-13 12:12:25', 0),
	(290, 18, 'Watou', 14.25, '2015-09-15 11:00:00', '00:08:00', '2015-08-10 10:35:27', '2015-08-13 12:12:25', 0),
	(291, 18, 'Westouter-Boeschepe', 19.34, '2015-09-15 11:15:00', '00:13:00', '2015-08-10 10:35:27', '2015-08-13 12:12:25', 0),
	(292, 18, 'Kemmelberg', 13.64, '2015-09-15 11:30:00', '00:08:01', '2015-08-10 10:35:27', '2015-08-13 12:12:25', 0),
	(293, 18, 'Hollebeket', 23.99, '2015-09-15 11:45:00', '00:16:00', '2015-08-10 10:35:27', '2015-08-13 12:12:25', 0),
	(294, 18, 'Reninge 2', 14.22, '2015-09-15 12:00:00', '00:09:00', '2015-08-10 10:35:27', '2015-08-13 12:12:25', 0),
	(295, 18, 'Watou 2', 14.25, '2015-09-15 12:15:00', '00:08:00', '2015-08-10 10:35:27', '2015-08-13 12:12:25', 0),
	(296, 18, 'Westouter-Boeschepe 2', 19.34, '2015-09-15 12:30:00', '00:11:01', '2015-08-10 10:35:27', '2015-08-13 12:12:25', 0),
	(297, 18, 'Kemmelberg 2', 13.64, '2015-09-15 12:45:00', '00:08:00', '2015-08-10 10:35:27', '2015-08-13 12:12:25', 0),
	(298, 18, 'Hollebeke 2', 23.15, '2015-09-15 13:00:00', '00:14:01', '2015-08-10 10:35:27', '2015-08-13 12:12:25', 0),
	(418, 26, 'Tartu City', 1.31, '2015-09-22 09:00:00', '00:00:01', '2015-08-10 10:51:22', '2015-08-13 12:12:25', 0),
	(419, 26, 'Arula', 8.33, '2015-09-22 09:15:00', '00:04:01', '2015-08-10 10:51:22', '2015-08-13 12:12:25', 0),
	(420, 26, 'Urvaste', 14.14, '2015-09-22 09:30:00', '00:09:00', '2015-08-10 10:51:22', '2015-08-13 12:12:25', 0),
	(421, 26, 'Raiga', 9.84, '2015-09-22 09:45:00', '00:06:00', '2015-08-10 10:51:22', '2015-08-13 12:12:25', 0),
	(422, 26, 'Ristimae', 34.69, '2015-09-22 10:00:00', '00:22:00', '2015-08-10 10:51:22', '2015-08-13 12:12:25', 0),
	(423, 26, 'Ristimae 2', 34.69, '2015-09-22 10:15:00', '00:21:00', '2015-08-10 10:51:22', '2015-08-13 12:12:25', 0),
	(424, 26, 'Raiga 2', 9.84, '2015-09-22 10:30:00', '00:06:00', '2015-08-10 10:51:22', '2015-08-13 12:12:25', 0),
	(425, 26, 'Elva', 1.94, '2015-09-22 10:45:00', '00:01:00', '2015-08-10 10:51:23', '2015-08-13 12:12:25', 0),
	(426, 26, 'Vissi', 13.41, '2015-09-22 11:00:00', '00:08:00', '2015-08-10 10:51:23', '2015-08-13 12:12:25', 0),
	(427, 26, 'Sulaoja', 7.19, '2015-09-22 11:15:00', '00:04:00', '2015-08-10 10:51:23', '2015-08-13 12:12:25', 0),
	(428, 26, 'Alakula', 11.72, '2015-09-22 11:30:00', '00:06:01', '2015-08-10 10:51:23', '2015-08-13 12:12:25', 0),
	(429, 26, 'Vissi 2', 13.41, '2015-09-22 11:45:00', '00:08:01', '2015-08-10 10:51:23', '2015-08-13 12:12:25', 0),
	(430, 26, 'Sulaoja 2', 7.19, '2015-09-22 12:00:00', '00:04:00', '2015-08-10 10:51:23', '2015-08-13 12:12:25', 0),
	(431, 26, 'Alakula 2', 11.72, '2015-09-22 12:15:00', '00:07:00', '2015-08-10 10:51:23', '2015-08-13 12:12:25', 0),
	(432, 26, 'Arula 2', 8.33, '2015-09-22 12:30:00', '00:05:00', '2015-08-10 10:51:23', '2015-08-13 12:12:25', 0),
	(433, 26, 'Urwaste 2', 14.60, '2015-09-22 12:45:00', '00:09:00', '2015-08-10 10:51:23', '2015-08-13 12:12:25', 0),
	(435, 27, 'Super Stage Zlin', 9.42, '2015-09-29 09:00:00', '00:05:00', '2015-08-10 10:54:48', '2015-08-13 12:12:25', 0),
	(436, 27, 'Slusovice', 16.88, '2015-09-29 09:15:00', '00:10:00', '2015-08-10 10:54:48', '2015-08-13 12:12:25', 0),
	(437, 27, 'Pindula', 18.70, '2015-09-29 09:30:00', '00:11:01', '2015-08-10 10:54:48', '2015-08-13 12:12:25', 0),
	(438, 27, 'Majak', 13.56, '2015-09-29 09:45:00', '00:08:01', '2015-08-10 10:54:49', '2015-08-13 12:12:25', 0),
	(439, 27, 'Kudlovice', 17.43, '2015-09-29 10:00:00', '00:10:01', '2015-08-10 10:54:49', '2015-08-13 12:12:25', 0),
	(440, 27, 'Slusovice 2', 16.88, '2015-09-29 10:15:00', '00:09:00', '2015-08-10 10:54:49', '2015-08-13 12:12:25', 0),
	(441, 27, 'Pindula 2', 18.70, '2015-09-29 10:30:00', '00:10:01', '2015-08-10 10:54:49', '2015-08-13 12:12:25', 0),
	(442, 27, 'Majak 2', 13.56, '2015-09-29 10:45:00', '00:07:01', '2015-08-10 10:54:49', '2015-08-13 12:12:25', 0),
	(443, 27, 'Kudlovice 2', 17.43, '2015-09-29 11:00:00', '00:11:01', '2015-08-10 10:54:49', '2015-08-13 12:12:25', 0),
	(444, 27, 'Semetin', 11.38, '2015-09-29 11:15:00', '00:07:01', '2015-08-10 10:54:49', '2015-08-13 12:12:25', 0),
	(445, 27, 'Trojak', 23.76, '2015-09-29 11:30:00', '00:13:00', '2015-08-10 10:54:49', '2015-08-13 12:12:25', 0),
	(446, 27, 'Zlutava', 8.12, '2015-09-29 11:45:00', '00:04:01', '2015-08-10 10:54:49', '2015-08-13 12:12:25', 0),
	(447, 27, 'Semestin 2', 11.89, '2015-09-29 12:00:00', '00:08:00', '2015-08-10 10:54:49', '2015-08-13 12:12:25', 0),
	(448, 27, 'Trojak 2', 23.76, '2015-09-29 12:15:00', '00:14:01', '2015-08-10 10:54:49', '2015-08-13 12:12:25', 0),
	(449, 27, 'Zlutava 2', 8.12, '2015-09-29 12:30:00', '00:05:00', '2015-08-10 10:54:49', '2015-08-13 12:12:25', 0),
	(452, 28, 'Asfalistiki', 5.13, '2015-10-06 09:00:00', '00:03:00', '2015-08-10 10:57:37', '2015-08-13 12:12:25', 0),
	(453, 28, 'Kotsiatis', 15.16, '2015-10-06 09:15:00', '00:10:00', '2015-08-10 10:57:37', '2015-08-13 12:12:25', 0),
	(454, 28, 'Lythrodontas', 21.28, '2015-10-06 09:30:00', '00:14:00', '2015-08-10 10:57:37', '2015-08-13 12:12:25', 0),
	(455, 28, 'Lefkara', 17.67, '2015-10-06 09:45:00', '00:10:00', '2015-08-10 10:57:37', '2015-08-13 12:12:25', 0),
	(456, 28, 'Klavdia', 11.69, '2015-10-06 10:00:00', '00:07:00', '2015-08-10 10:57:37', '2015-08-13 12:12:25', 0),
	(457, 28, 'Tseri', 14.25, '2015-10-06 10:15:00', '00:09:01', '2015-08-10 10:57:37', '2015-08-13 12:12:25', 0),
	(458, 28, 'Asinou', 11.46, '2015-10-06 10:30:00', '00:07:00', '2015-08-10 10:57:37', '2015-08-13 12:12:25', 0),
	(459, 28, 'Xerarkaka', 21.61, '2015-10-06 10:45:00', '00:14:00', '2015-08-10 10:57:37', '2015-08-13 12:12:25', 0),
	(460, 28, 'Tseri 2', 14.25, '2015-10-06 11:00:00', '00:08:01', '2015-08-10 10:57:37', '2015-08-13 12:12:25', 0),
	(461, 28, 'Asinou 2', 11.46, '2015-10-06 11:15:00', '00:06:01', '2015-08-10 10:57:37', '2015-08-13 12:12:25', 0),
	(462, 28, 'Xerarkaka 2', 21.61, '2015-10-06 11:30:00', '00:14:01', '2015-08-10 10:57:37', '2015-08-13 12:12:25', 0),
	(463, 28, 'Kotsiatis 2', 15.16, '2015-10-06 11:45:00', '00:09:00', '2015-08-10 10:57:38', '2015-08-13 12:12:25', 0),
	(464, 28, 'Lythrodontas 2', 21.28, '2015-10-06 12:00:00', '00:12:00', '2015-08-10 10:57:38', '2015-08-13 12:12:25', 0),
	(465, 28, 'Lefkara 2', 17.67, '2015-10-06 12:15:00', '00:10:01', '2015-08-10 10:57:38', '2015-08-13 12:12:25', 0),
	(466, 28, 'Klavdia 2', 11.69, '2015-10-06 12:30:00', '00:06:01', '2015-08-10 10:57:38', '2015-08-13 12:12:25', 0),
	(469, 29, 'Aghios Ioannis', 21.66, '2015-10-13 09:00:00', '00:13:01', '2015-08-10 11:00:38', '2015-08-13 12:12:25', 0),
	(470, 29, 'Aghionori', 23.52, '2015-10-13 09:15:00', '00:13:01', '2015-08-10 11:00:38', '2015-08-13 12:12:25', 0),
	(471, 29, 'Psari', 17.44, '2015-10-13 09:30:00', '00:10:00', '2015-08-10 11:00:38', '2015-08-13 12:12:25', 0),
	(472, 29, 'Aghios Ioannis 2', 21.66, '2015-10-13 09:45:00', '00:13:01', '2015-08-10 11:00:38', '2015-08-13 12:12:25', 0),
	(473, 29, 'Aghionori 2', 23.52, '2015-10-13 10:00:00', '00:13:01', '2015-08-10 11:00:38', '2015-08-13 12:12:25', 0),
	(474, 29, 'Psari 2', 17.44, '2015-10-13 10:15:00', '00:11:00', '2015-08-10 11:00:38', '2015-08-13 12:12:25', 0),
	(475, 29, 'Klenia', 18.16, '2015-10-13 10:30:00', '00:10:01', '2015-08-10 11:00:39', '2015-08-13 12:12:25', 0),
	(476, 29, 'Nea Kineta', 22.39, '2015-10-13 10:45:00', '00:13:00', '2015-08-10 11:00:39', '2015-08-13 12:12:25', 0),
	(477, 29, 'Loutraki', 16.45, '2015-10-13 11:00:00', '00:09:00', '2015-08-10 11:00:39', '2015-08-13 12:12:25', 0),
	(478, 29, 'Klenia 2', 18.16, '2015-10-13 11:15:00', '00:12:00', '2015-08-10 11:00:39', '2015-08-13 12:12:25', 0),
	(479, 29, 'Nea Kineta 2', 22.39, '2015-10-13 11:30:00', '00:13:01', '2015-08-10 11:00:39', '2015-08-13 12:12:25', 0),
	(480, 29, 'Loutraki 2', 16.45, '2015-10-13 11:45:00', '00:10:01', '2015-08-10 11:00:39', '2015-08-13 12:12:25', 0),
	(481, 29, 'Klenia 3', 18.16, '2015-10-13 12:00:00', '00:10:00', '2015-08-10 11:00:39', '2015-08-13 12:12:25', 0),
	(482, 29, 'Nea Kineta 3', 22.39, '2015-10-13 12:15:00', '00:13:01', '2015-08-10 11:00:39', '2015-08-13 12:12:25', 0),
	(483, 29, 'Loutraki 3', 16.45, '2015-10-13 12:30:00', '00:10:01', '2015-08-10 11:00:39', '2015-08-13 12:12:25', 0),
	(486, 30, 'Leukerbad', 8.76, '2015-10-20 09:00:00', '00:05:01', '2015-08-10 11:04:16', '2015-08-13 12:12:25', 0),
	(487, 30, 'Crans - Montana', 11.66, '2015-10-20 09:15:00', '00:07:00', '2015-08-10 11:04:17', '2015-08-13 12:12:25', 0),
	(488, 30, 'Anzere', 12.89, '2015-10-20 09:30:00', '00:08:01', '2015-08-10 11:04:17', '2015-08-13 12:12:25', 0),
	(489, 30, 'Sierre - Anniviers', 14.36, '2015-10-20 09:45:00', '00:08:01', '2015-08-10 11:04:17', '2015-08-13 12:12:25', 0),
	(490, 30, 'Veysonnaz', 13.11, '2015-10-20 10:00:00', '00:07:01', '2015-08-10 11:04:17', '2015-08-13 12:12:25', 0),
	(491, 30, 'Nendaz', 12.63, '2015-10-20 10:15:00', '00:07:00', '2015-08-10 11:04:17', '2015-08-13 12:12:25', 0),
	(492, 30, 'Caserne', 6.43, '2015-10-20 10:30:00', '00:04:00', '2015-08-10 11:04:17', '2015-08-13 12:12:25', 0),
	(493, 30, 'Sierre - Anniviers 2', 14.36, '2015-10-20 10:45:00', '00:08:00', '2015-08-10 11:04:17', '2015-08-13 12:12:25', 0),
	(494, 30, 'Veysonnaz 2', 13.11, '2015-10-20 11:00:00', '00:08:00', '2015-08-10 11:04:17', '2015-08-13 12:12:25', 0),
	(495, 30, 'Nendaz 2', 12.63, '2015-10-20 11:15:00', '00:08:01', '2015-08-10 11:04:17', '2015-08-13 12:12:25', 0),
	(496, 30, 'Caserne 2', 6.43, '2015-10-20 11:30:00', '00:04:00', '2015-08-10 11:04:17', '2015-08-13 12:12:25', 0),
	(497, 30, 'Champex - Lac', 16.63, '2015-10-20 11:45:00', '00:09:01', '2015-08-10 11:04:17', '2015-08-13 12:12:25', 0),
	(498, 30, 'Bruson', 10.35, '2015-10-20 12:00:00', '00:06:00', '2015-08-10 11:04:17', '2015-08-13 12:12:25', 0),
	(499, 30, 'Verbier', 15.92, '2015-10-20 12:15:00', '00:09:00', '2015-08-10 11:04:17', '2015-08-13 12:12:25', 0),
	(500, 30, 'Les Cols', 32.86, '2015-10-20 12:30:00', '00:22:00', '2015-08-10 11:04:17', '2015-08-13 12:12:25', 0),
	(501, 30, 'Champex - Lac 2', 16.63, '2015-10-20 12:45:00', '00:10:01', '2015-08-10 11:04:18', '2015-08-13 12:12:25', 0),
	(502, 30, 'Bruson 2', 10.35, '2015-10-20 13:00:00', '00:06:01', '2015-08-10 11:04:18', '2015-08-13 12:12:25', 0),
	(503, 31, 'Jodlowka', 18.52, '2015-10-27 09:00:00', '00:12:00', '2015-08-10 11:11:05', '2015-08-13 12:12:25', 0),
	(504, 31, 'Hucisko', 12.33, '2015-10-27 09:15:00', '00:06:01', '2015-08-10 11:11:05', '2015-08-13 12:12:25', 0),
	(505, 31, 'Jodlowka 2', 18.52, '2015-10-27 09:30:00', '00:12:00', '2015-08-10 11:11:05', '2015-08-13 12:12:25', 0),
	(506, 31, 'Hucisko 2', 12.33, '2015-10-27 09:45:00', '00:07:00', '2015-08-10 11:11:05', '2015-08-13 12:12:25', 0),
	(507, 31, 'Przemysl', 9.62, '2015-10-27 10:00:00', '00:06:00', '2015-08-10 11:11:05', '2015-08-13 12:12:25', 0),
	(508, 31, 'Przemysl 2', 9.62, '2015-10-27 10:15:00', '00:06:01', '2015-08-10 11:11:05', '2015-08-13 12:12:25', 0),
	(509, 31, 'Leszczawka', 9.23, '2015-10-27 10:30:00', '00:05:01', '2015-08-10 11:11:05', '2015-08-13 12:12:25', 0),
	(510, 31, 'Huta Brzuska', 8.82, '2015-10-27 10:45:00', '00:06:00', '2015-08-10 11:11:05', '2015-08-13 12:12:25', 0),
	(511, 31, 'Bircza', 15.63, '2015-10-27 11:00:00', '00:10:01', '2015-08-10 11:11:05', '2015-08-13 12:12:25', 0),
	(512, 31, 'Leszczawka 2', 9.23, '2015-10-27 11:15:00', '00:06:00', '2015-08-10 11:11:06', '2015-08-13 12:12:25', 0),
	(513, 31, 'Huta Brzuska 2', 8.82, '2015-10-27 11:30:00', '00:05:01', '2015-08-10 11:11:06', '2015-08-13 12:12:25', 0),
	(514, 31, 'Bircza 2', 15.63, '2015-10-27 11:45:00', '00:09:00', '2015-08-10 11:11:06', '2015-08-13 12:12:25', 0),
	(515, 31, 'Leszczawka 3', 9.23, '2015-10-27 12:00:00', '00:05:00', '2015-08-10 11:11:06', '2015-08-13 12:12:25', 0),
	(516, 31, 'Huta Brzuska 3', 8.82, '2015-10-27 12:15:00', '00:05:01', '2015-08-10 11:11:06', '2015-08-13 12:12:25', 0),
	(517, 31, 'Bircza 3', 15.63, '2015-10-27 12:30:00', '00:10:01', '2015-08-10 11:11:06', '2015-08-13 12:12:25', 0),
	(520, 32, 'Klodzko', 2.94, '2015-08-12 09:00:00', '00:01:01', '2015-08-10 11:14:37', '2015-08-13 12:12:25', 1),
	(521, 32, 'Klodzko 2', 2.94, '2015-08-12 09:15:00', '00:01:01', '2015-08-10 11:14:38', '2015-08-13 12:12:25', 1),
	(522, 32, 'Domaszkow', 23.65, '2015-08-12 09:30:00', '00:16:00', '2015-08-10 11:14:38', '2015-08-13 12:12:25', 1),
	(523, 32, 'Wilkanow', 17.89, '2015-08-12 09:45:00', '00:10:00', '2015-08-10 11:14:38', '2015-08-13 12:12:25', 1),
	(524, 32, 'Domaszkow 2', 23.65, '2015-08-12 10:00:00', '00:13:00', '2015-08-10 11:14:38', '2015-08-13 12:12:25', 1),
	(525, 32, 'Wilkanow 2', 17.89, '2015-08-12 10:15:00', '00:11:00', '2015-08-10 11:14:38', '2015-08-13 12:12:25', 1),
	(526, 32, 'Staropolanka', 14.96, '2015-08-12 10:30:00', '00:08:01', '2015-08-10 11:14:38', '2015-08-13 12:12:25', 1),
	(527, 32, 'BGK', 14.38, '2015-08-12 10:45:00', '00:08:00', '2015-08-10 11:14:38', '2015-08-13 12:12:25', 1),
	(528, 32, 'Radkowska Perla', 9.43, '2015-08-12 11:00:00', '00:06:00', '2015-08-10 11:14:38', '2015-08-13 12:12:25', 1),
	(529, 32, 'Staropolanka 2', 14.96, '2015-08-12 11:15:00', '00:09:01', '2015-08-10 11:14:38', '2015-08-13 12:12:25', 1),
	(530, 32, 'BGK 2', 14.38, '2015-08-12 11:30:00', '00:08:00', '2015-08-10 11:14:38', '2015-08-13 12:12:25', 1),
	(531, 32, 'Radkowska Perla 2', 9.43, '2015-08-12 11:45:00', '00:06:00', '2015-08-10 11:14:38', '2015-08-13 12:12:25', 1),
	(532, 32, 'Staropolanka 3', 14.96, '2015-08-12 12:00:00', '00:08:00', '2015-08-10 11:14:38', '2015-08-13 12:12:25', 1),
	(533, 32, 'BGK 3', 14.38, '2015-08-12 12:15:00', '00:09:00', '2015-08-10 11:14:38', '2015-08-13 12:12:25', 1),
	(534, 32, 'Radkowska Perla 3', 9.43, '2015-08-12 12:30:00', '00:06:00', '2015-08-10 11:14:38', '2015-08-13 12:12:25', 1),
	(537, 33, 'Zabobrze', 2.38, '2015-08-19 09:00:00', '00:01:01', '2015-08-10 11:21:17', '2015-08-19 09:00:00', 1),
	(538, 33, 'Zabobrze 2', 2.38, '2015-08-19 09:15:00', '00:01:01', '2015-08-10 11:21:17', '2015-08-19 09:15:01', 1),
	(539, 33, 'Karpniki', 14.72, '2015-08-19 09:30:00', '00:09:01', '2015-08-10 11:21:17', '2015-08-19 09:30:01', 1),
	(540, 33, 'Gajowka', 12.93, '2015-08-19 09:45:00', '00:07:01', '2015-08-10 11:21:17', '2015-08-19 09:45:00', 1),
	(541, 33, 'Lubomierz', 12.60, '2015-08-19 10:00:00', '00:08:00', '2015-08-10 11:21:17', '2015-08-19 10:00:00', 1),
	(542, 33, 'Karpniki 2', 14.72, '2015-08-19 10:15:00', '00:09:01', '2015-08-10 11:21:17', '2015-08-19 10:15:01', 1),
	(543, 33, 'Gajowka 2', 12.93, '2015-08-19 10:30:00', '00:08:00', '2015-08-10 11:21:17', '2015-08-19 10:30:00', 1),
	(544, 33, 'Lubomierz 2', 12.60, '2015-08-19 10:45:00', '00:07:01', '2015-08-10 11:21:17', '2015-08-19 10:45:01', 1),
	(545, 33, 'Karpacz', 19.63, '2015-08-19 11:00:00', '00:13:00', '2015-08-10 11:21:17', '2015-08-19 11:00:01', 1),
	(546, 33, 'Czernica', 27.24, '2015-08-19 11:15:00', '00:15:01', '2015-08-10 11:21:18', '2015-08-19 11:15:00', 1),
	(547, 33, 'Karpacz 2', 19.63, '2015-08-19 11:30:00', '00:11:01', '2015-08-10 11:21:18', '2015-08-19 11:30:01', 1),
	(548, 33, 'Czernica 2', 27.24, '2015-08-19 11:45:00', '00:17:00', '2015-08-10 11:21:18', '2015-08-19 11:45:01', 1),
	(549, 33, 'Karpacz 3', 19.63, '2015-08-19 12:00:00', '00:11:00', '2015-08-10 11:21:18', '2015-08-19 12:00:01', 1),
	(550, 33, 'Czernica 3', 27.24, '2015-08-19 12:15:00', '00:18:00', '2015-08-10 11:21:18', '2015-08-19 12:15:01', 1),
	(554, 34, 'Lebno', 14.27, '2015-08-26 09:00:00', '00:09:00', '2015-08-10 11:25:24', '2015-08-13 12:12:25', 0),
	(555, 34, 'Ketrzyno', 8.89, '2015-08-26 09:15:00', '00:05:01', '2015-08-10 11:25:24', '2015-08-13 12:12:25', 0),
	(556, 34, 'Linia', 14.89, '2015-08-26 09:30:00', '00:08:01', '2015-08-10 11:25:24', '2015-08-13 12:12:25', 0),
	(557, 34, 'Lebno 2', 14.27, '2015-08-26 09:45:00', '00:08:00', '2015-08-10 11:25:24', '2015-08-13 12:12:25', 0),
	(558, 34, 'Ketrzyno 2', 8.89, '2015-08-26 10:00:00', '00:05:00', '2015-08-10 11:25:24', '2015-08-13 12:12:25', 0),
	(559, 34, 'Linia 2', 14.89, '2015-08-26 10:15:00', '00:08:00', '2015-08-10 11:25:24', '2015-08-13 12:12:25', 0),
	(560, 34, 'Lebno 3', 14.27, '2015-08-26 10:30:00', '00:08:01', '2015-08-10 11:25:24', '2015-08-13 12:12:25', 0),
	(561, 34, 'Ketrzyno 3', 8.89, '2015-08-26 10:45:00', '00:05:01', '2015-08-10 11:25:25', '2015-08-13 12:12:25', 0),
	(562, 34, 'Linia 3', 14.89, '2015-08-26 11:00:00', '00:10:00', '2015-08-10 11:25:25', '2015-08-13 12:12:25', 0),
	(563, 34, 'Przodkowo', 11.47, '2015-08-26 11:15:00', '00:06:00', '2015-08-10 11:25:25', '2015-08-13 12:12:25', 0),
	(564, 34, 'Kartuzy', 12.96, '2015-08-26 11:30:00', '00:08:01', '2015-08-10 11:25:25', '2015-08-13 12:12:25', 0),
	(565, 34, 'Szemud', 13.25, '2015-08-26 11:45:00', '00:08:00', '2015-08-10 11:25:25', '2015-08-13 12:12:25', 0),
	(566, 34, 'Przodkowo 2', 11.47, '2015-08-26 12:00:00', '00:07:00', '2015-08-10 11:25:25', '2015-08-13 12:12:25', 0),
	(567, 34, 'Kartuzy 2', 12.96, '2015-08-26 12:15:00', '00:07:00', '2015-08-10 11:25:25', '2015-08-13 12:12:25', 0),
	(568, 34, 'Szemud 2', 13.25, '2015-08-26 12:30:00', '00:08:00', '2015-08-10 11:25:25', '2015-08-13 12:12:25', 0),
	(571, 35, 'Blizianka', 11.97, '2015-09-02 09:00:00', '00:07:00', '2015-08-10 11:27:51', '2015-08-13 12:12:25', 0),
	(572, 35, 'Lubenia', 25.67, '2015-09-02 09:15:00', '00:16:01', '2015-08-10 11:27:51', '2015-08-13 12:12:25', 0),
	(573, 35, 'Blizianka 2', 11.97, '2015-09-02 09:30:00', '00:07:00', '2015-08-10 11:27:51', '2015-08-13 12:12:25', 0),
	(574, 35, 'Lubenia 2', 25.67, '2015-09-02 09:45:00', '00:16:01', '2015-08-10 11:27:51', '2015-08-13 12:12:25', 0),
	(575, 35, 'Nowy Swiat', 4.44, '2015-09-02 10:00:00', '00:02:01', '2015-08-10 11:27:51', '2015-08-13 12:12:25', 0),
	(576, 35, 'Blizianka 3', 11.97, '2015-09-02 10:15:00', '00:07:01', '2015-08-10 11:27:51', '2015-08-13 12:12:25', 0),
	(577, 35, 'Lubenia 3', 25.67, '2015-09-02 10:30:00', '00:17:00', '2015-08-10 11:27:51', '2015-08-13 12:12:25', 0),
	(578, 35, 'Husow', 12.74, '2015-09-02 10:45:00', '00:07:01', '2015-08-10 11:27:51', '2015-08-13 12:12:25', 0),
	(579, 35, 'Widaczow', 10.65, '2015-09-02 11:00:00', '00:06:00', '2015-08-10 11:27:51', '2015-08-13 12:12:25', 0),
	(580, 35, 'Izdebki', 15.99, '2015-09-02 11:15:00', '00:09:00', '2015-08-10 11:27:51', '2015-08-13 12:12:25', 0),
	(581, 35, 'Husow 2', 12.74, '2015-09-02 11:30:00', '00:07:01', '2015-08-10 11:27:52', '2015-08-13 12:12:25', 0),
	(582, 35, 'Widaczow 2', 10.65, '2015-09-02 11:45:00', '00:06:01', '2015-08-10 11:27:52', '2015-08-13 12:12:25', 0),
	(583, 35, 'Izdebki 2', 15.99, '2015-09-02 12:00:00', '00:09:01', '2015-08-10 11:27:52', '2015-08-13 12:12:25', 0),
	(584, 35, 'Husow 3', 12.74, '2015-09-02 12:15:00', '00:07:01', '2015-08-10 11:27:52', '2015-08-13 12:12:25', 0),
	(585, 35, 'Widaczow 3', 10.65, '2015-09-02 12:30:00', '00:06:00', '2015-08-10 11:27:52', '2015-08-13 12:12:25', 0),
	(586, 35, 'Izdebki 3', 15.99, '2015-09-02 12:45:00', '00:09:01', '2015-08-10 11:27:52', '2015-08-13 12:12:25', 0),
	(588, 36, 'Rosciszow', 8.94, '2015-09-09 09:00:00', '00:05:00', '2015-08-10 11:35:54', '2015-08-13 12:12:25', 0),
	(589, 36, 'Swierki', 8.49, '2015-09-09 09:15:00', '00:05:00', '2015-08-10 11:35:55', '2015-08-13 12:12:25', 0),
	(590, 36, 'Milkow', 12.32, '2015-09-09 09:30:00', '00:06:01', '2015-08-10 11:35:55', '2015-08-13 12:12:25', 0),
	(591, 36, 'Rosciszow 2', 8.94, '2015-09-09 09:45:00', '00:05:00', '2015-08-10 11:35:55', '2015-08-13 12:12:25', 0),
	(592, 36, 'Swierki 2', 8.49, '2015-09-09 10:00:00', '00:04:01', '2015-08-10 11:35:55', '2015-08-13 12:12:25', 0),
	(593, 36, 'Milkow 2', 12.32, '2015-09-09 10:15:00', '00:07:01', '2015-08-10 11:35:55', '2015-08-13 12:12:25', 0),
	(594, 36, 'Rosciszow 3', 8.94, '2015-09-09 10:30:00', '00:05:01', '2015-08-10 11:35:55', '2015-08-13 12:12:25', 0),
	(595, 36, 'Swierki 3', 8.49, '2015-09-09 10:45:00', '00:04:01', '2015-08-10 11:35:55', '2015-08-13 12:12:25', 0),
	(596, 36, 'Milkow 3', 12.32, '2015-09-09 11:00:00', '00:07:01', '2015-08-10 11:35:55', '2015-08-13 12:12:25', 0),
	(597, 36, 'Michalkowa', 14.73, '2015-09-09 11:15:00', '00:09:00', '2015-08-10 11:35:55', '2015-08-13 12:12:25', 0),
	(598, 36, 'Woliborz', 8.77, '2015-09-09 11:30:00', '00:05:00', '2015-08-10 11:35:55', '2015-08-13 12:12:25', 0),
	(599, 36, 'Milkow Reverse', 12.97, '2015-09-09 11:45:00', '00:08:01', '2015-08-10 11:35:55', '2015-08-13 12:12:25', 0),
	(600, 36, 'Michalkowa 2', 14.73, '2015-09-09 12:00:00', '00:09:01', '2015-08-10 11:35:55', '2015-08-13 12:12:25', 0),
	(601, 36, 'Woliborz 2', 8.77, '2015-09-09 12:15:00', '00:05:01', '2015-08-10 11:35:55', '2015-08-13 12:12:25', 0),
	(602, 36, 'Milkow Reverse 2', 12.97, '2015-09-09 12:30:00', '00:07:01', '2015-08-10 11:35:56', '2015-08-13 12:12:25', 0),
	(605, 37, 'Hunter Southern', 6.78, '2015-09-16 09:00:00', '00:04:01', '2015-08-10 11:58:58', '2015-08-13 12:12:25', 0),
	(606, 37, 'Hunter Southern 2', 6.78, '2015-09-16 09:15:00', '00:04:01', '2015-08-10 11:58:58', '2015-08-13 12:12:25', 0),
	(607, 37, 'Harold', 6.61, '2015-09-16 09:30:00', '00:03:01', '2015-08-10 11:58:58', '2015-08-13 12:12:25', 0),
	(608, 37, 'Harold 2', 6.61, '2015-09-16 09:45:00', '00:03:01', '2015-08-10 11:58:58', '2015-08-13 12:12:25', 0),
	(609, 37, 'Hunter Southern 3', 6.78, '2015-09-16 10:00:00', '00:04:01', '2015-08-10 11:58:58', '2015-08-13 12:12:25', 0),
	(610, 37, 'Harold 3', 6.61, '2015-09-16 10:15:00', '00:03:01', '2015-08-10 11:58:58', '2015-08-13 12:12:25', 0),
	(611, 37, 'Harold 4', 6.61, '2015-09-16 10:30:00', '00:03:01', '2015-08-10 11:58:58', '2015-08-13 12:12:25', 0),
	(612, 37, 'Hunter Northern', 8.89, '2015-09-16 10:45:00', '00:05:01', '2015-08-10 11:58:58', '2015-08-13 12:12:25', 0),
	(613, 37, 'Hunter Northern Reverse', 8.31, '2015-09-16 11:00:00', '00:04:01', '2015-08-10 11:58:58', '2015-08-13 12:12:25', 0),
	(614, 37, 'Hunter Southern Reverse', 6.54, '2015-09-16 11:15:00', '00:04:00', '2015-08-10 11:58:58', '2015-08-13 12:12:25', 0),
	(615, 37, 'Hunter Southern 4', 6.78, '2015-09-16 11:30:00', '00:04:01', '2015-08-10 11:58:58', '2015-08-13 12:12:25', 0),
	(616, 37, 'Hunter Northern 2', 8.89, '2015-09-16 11:45:00', '00:05:01', '2015-08-10 11:58:58', '2015-08-13 12:12:25', 0),
	(617, 37, 'Hunter Northern Reverse 2', 8.31, '2015-09-16 12:00:00', '00:04:01', '2015-08-10 11:58:58', '2015-08-13 12:12:25', 0),
	(618, 37, 'Hunter Southern Reverse 2', 6.54, '2015-09-16 12:15:00', '00:03:01', '2015-08-10 11:58:59', '2015-08-13 12:12:25', 0),
	(622, 38, 'Kabardinka', 13.46, '2015-09-23 09:00:00', '00:08:00', '2015-08-10 12:01:23', '2015-08-13 12:12:25', 0),
	(623, 38, 'Glebovskiy', 25.40, '2015-09-23 09:15:00', '00:14:01', '2015-08-10 12:01:23', '2015-08-13 12:12:25', 0),
	(624, 38, 'Markoth', 9.43, '2015-09-23 09:30:00', '00:06:00', '2015-08-10 12:01:23', '2015-08-13 12:12:25', 0),
	(625, 38, 'Golubaya Buhta', 12.13, '2015-09-23 09:45:00', '00:08:00', '2015-08-10 12:01:23', '2015-08-13 12:12:25', 0),
	(626, 38, 'Kabardinka 2', 13.46, '2015-09-23 10:00:00', '00:08:01', '2015-08-10 12:01:23', '2015-08-13 12:12:25', 0),
	(627, 38, 'Glebovskiy 2', 25.40, '2015-09-23 10:15:00', '00:15:00', '2015-08-10 12:01:23', '2015-08-13 12:12:25', 0),
	(628, 38, 'Markoth 2', 9.43, '2015-09-23 10:30:00', '00:05:01', '2015-08-10 12:01:23', '2015-08-13 12:12:25', 0),
	(629, 38, 'Golubaya Buhta 2', 12.13, '2015-09-23 10:45:00', '00:07:00', '2015-08-10 12:01:23', '2015-08-13 12:12:25', 0),
	(630, 38, 'Gorniy', 9.11, '2015-09-23 11:00:00', '00:05:00', '2015-08-10 12:01:23', '2015-08-13 12:12:25', 0),
	(631, 38, 'Semigorskiy', 13.13, '2015-09-23 11:15:00', '00:07:01', '2015-08-10 12:01:23', '2015-08-13 12:12:25', 0),
	(632, 38, 'Natukhaevskiy', 12.90, '2015-09-23 11:30:00', '00:07:01', '2015-08-10 12:01:23', '2015-08-13 12:12:25', 0),
	(633, 38, 'Fort Raevskogo', 10.10, '2015-09-23 11:45:00', '00:06:00', '2015-08-10 12:01:23', '2015-08-13 12:12:25', 0),
	(634, 38, 'Gorniy 2', 9.11, '2015-09-23 12:00:00', '00:05:00', '2015-08-10 12:01:23', '2015-08-13 12:12:25', 0),
	(635, 38, 'Semigorskiy 2', 13.13, '2015-09-23 12:15:00', '00:08:00', '2015-08-10 12:01:24', '2015-08-13 12:12:25', 0),
	(636, 38, 'Natukhaevskiy 2', 12.90, '2015-09-23 12:30:00', '00:07:01', '2015-08-10 12:01:24', '2015-08-13 12:12:25', 0),
	(637, 38, 'Fort Raevskogo 2', 10.10, '2015-09-23 12:45:00', '00:06:01', '2015-08-10 12:01:24', '2015-08-13 12:12:25', 0),
	(639, 39, 'Lillsjohogen', 33.85, '2015-09-30 09:00:00', '00:22:01', '2015-08-10 12:04:32', '2015-08-13 12:12:25', 0),
	(640, 39, 'Campus', 2.75, '2015-09-30 09:15:00', '00:01:01', '2015-08-10 12:04:32', '2015-08-13 12:12:25', 0),
	(641, 39, 'Lillsjohogen 2', 33.85, '2015-09-30 09:30:00', '00:22:00', '2015-08-10 12:04:32', '2015-08-13 12:12:25', 0),
	(642, 39, 'Campus 2', 2.75, '2015-09-30 09:45:00', '00:01:01', '2015-08-10 12:04:32', '2015-08-13 12:12:25', 0),
	(643, 39, 'Vaster-Kalen', 7.88, '2015-09-30 10:00:00', '00:04:01', '2015-08-10 12:04:33', '2015-08-13 12:12:25', 0),
	(644, 39, 'Glosa', 5.37, '2015-09-30 10:15:00', '00:03:00', '2015-08-10 12:04:33', '2015-08-13 12:12:25', 0),
	(645, 39, 'Gallsaberget', 29.22, '2015-09-30 10:30:00', '00:19:00', '2015-08-10 12:04:33', '2015-08-13 12:12:25', 0),
	(646, 39, 'Bolesbodarna', 12.13, '2015-09-30 10:45:00', '00:07:01', '2015-08-10 12:04:33', '2015-08-13 12:12:25', 0),
	(647, 39, 'Sjoarsjon', 12.65, '2015-09-30 11:00:00', '00:08:00', '2015-08-10 12:04:33', '2015-08-13 12:12:25', 0),
	(648, 39, 'Husas', 21.25, '2015-09-30 11:15:00', '00:12:00', '2015-08-10 12:04:33', '2015-08-13 12:12:25', 0),
	(649, 39, 'Vaster-Kalen 2', 7.88, '2015-09-30 11:30:00', '00:04:01', '2015-08-10 12:04:33', '2015-08-13 12:12:25', 0),
	(650, 39, 'Glosa 2', 5.37, '2015-09-30 11:45:00', '00:03:01', '2015-08-10 12:04:33', '2015-08-13 12:12:25', 0),
	(651, 39, 'Gallsaberget 2', 29.22, '2015-09-30 12:00:00', '00:19:00', '2015-08-10 12:04:34', '2015-08-13 12:12:25', 0),
	(652, 39, 'Bolesbodarna 2', 12.13, '2015-09-30 12:15:00', '00:07:00', '2015-08-10 12:04:34', '2015-08-13 12:12:25', 0),
	(653, 39, 'Sjoarsjon', 12.26, '2015-09-30 12:30:00', '00:07:01', '2015-08-10 12:04:34', '2015-08-13 12:12:25', 0),
	(654, 39, 'Husas', 21.54, '2015-09-30 12:45:00', '00:14:00', '2015-08-10 12:04:34', '2015-08-13 12:12:25', 0),
	(656, 40, 'Fjeldsdalen Vest', 3.19, '2015-10-07 09:00:00', '00:02:00', '2015-08-10 12:14:12', '2015-08-13 12:12:25', 0),
	(657, 40, 'Naddum', 6.18, '2015-10-07 09:15:00', '00:03:01', '2015-08-10 12:14:12', '2015-08-13 12:12:25', 0),
	(658, 40, 'Hellesjovannet', 4.42, '2015-10-07 09:30:00', '00:02:01', '2015-08-10 12:14:12', '2015-08-13 12:12:25', 0),
	(659, 40, 'Fjeldsdalen Vest 2', 3.19, '2015-10-07 09:45:00', '00:01:01', '2015-08-10 12:14:13', '2015-08-13 12:12:25', 0),
	(660, 40, 'Naddum 2', 6.18, '2015-10-07 10:00:00', '00:03:01', '2015-08-10 12:14:13', '2015-08-13 12:12:25', 0),
	(661, 40, 'Hellesjovannet 2', 4.42, '2015-10-07 10:15:00', '00:02:01', '2015-08-10 12:14:13', '2015-08-13 12:12:25', 0),
	(662, 40, 'Bjorkelangen Torg', 0.33, '2015-10-07 10:30:00', '00:00:00', '2015-08-10 12:14:13', '2015-08-13 12:12:25', 0),
	(663, 40, 'Oisjoen Nord', 13.54, '2015-10-07 10:45:00', '00:08:01', '2015-08-10 12:14:13', '2015-08-13 12:12:25', 0),
	(664, 40, 'Romsjoen Nord', 13.14, '2015-10-07 11:00:00', '00:08:01', '2015-08-10 12:14:13', '2015-08-13 12:12:25', 0),
	(665, 40, 'Kjolen Syd', 13.33, '2015-10-07 11:15:00', '00:07:01', '2015-08-10 12:14:13', '2015-08-13 12:12:25', 0),
	(666, 40, 'Bjorkelangen Torg 2', 0.33, '2015-10-07 11:30:00', '00:00:00', '2015-08-10 12:14:13', '2015-08-13 12:12:25', 0),
	(667, 40, 'Romsjoen Nord 2', 13.14, '2015-10-07 11:45:00', '00:07:01', '2015-08-10 12:14:13', '2015-08-13 12:12:25', 0),
	(668, 40, 'Kjolen Syd 2', 13.33, '2015-10-07 12:00:00', '00:08:00', '2015-08-10 12:14:13', '2015-08-13 12:12:25', 0),
	(669, 40, 'Oisjoen Nord 2', 13.54, '2015-10-07 12:15:00', '00:08:01', '2015-08-10 12:14:13', '2015-08-13 12:12:25', 0),
	(673, 41, 'Arstadveien', 3.20, '2015-10-14 09:00:00', '00:01:01', '2015-08-10 12:16:40', '2015-08-13 12:12:25', 0),
	(674, 41, 'Stavasen', 17.82, '2015-10-14 09:15:00', '00:10:01', '2015-08-10 12:16:40', '2015-08-13 12:12:25', 0),
	(675, 41, 'Arstadveien 2', 3.20, '2015-10-14 09:30:00', '00:01:01', '2015-08-10 12:16:40', '2015-08-13 12:12:25', 0),
	(676, 41, 'Stavasen 2', 17.82, '2015-10-14 09:45:00', '00:11:00', '2015-08-10 12:16:40', '2015-08-13 12:12:25', 0),
	(677, 41, 'Starmoen', 3.77, '2015-10-14 10:00:00', '00:02:01', '2015-08-10 12:16:40', '2015-08-13 12:12:25', 0),
	(678, 41, 'Rolsasen', 28.60, '2015-10-14 10:15:00', '00:16:01', '2015-08-10 12:16:40', '2015-08-13 12:12:25', 0),
	(679, 41, 'Agasen', 19.58, '2015-10-14 10:30:00', '00:13:00', '2015-08-10 12:16:40', '2015-08-13 12:12:25', 0),
	(680, 41, 'Starmoen 2', 3.77, '2015-10-14 10:45:00', '00:02:00', '2015-08-10 12:16:40', '2015-08-13 12:12:25', 0),
	(681, 41, 'Rolsasen 2', 28.60, '2015-10-14 11:00:00', '00:18:00', '2015-08-10 12:16:40', '2015-08-13 12:12:25', 0),
	(682, 41, 'Agasen 2', 19.58, '2015-10-14 11:15:00', '00:11:00', '2015-08-10 12:16:40', '2015-08-13 12:12:25', 0),
	(683, 41, 'Terningen', 2.40, '2015-10-14 11:30:00', '00:01:01', '2015-08-10 12:16:40', '2015-08-13 12:12:25', 0),
	(684, 41, 'Terningen 2', 2.40, '2015-10-14 11:45:00', '00:01:00', '2015-08-10 12:16:41', '2015-08-13 12:12:25', 0),
	(685, 41, 'Starmoen Reverse', 3.47, '2015-10-14 12:00:00', '00:02:00', '2015-08-10 12:16:41', '2015-08-13 12:12:25', 0),
	(686, 41, 'Rolsasen Reverse', 28.87, '2015-10-14 12:15:00', '00:18:01', '2015-08-10 12:16:41', '2015-08-13 12:12:25', 0),
	(687, 41, 'Agasen Reverse', 19.48, '2015-10-14 12:30:00', '00:12:01', '2015-08-10 12:16:41', '2015-08-13 12:12:25', 0),
	(690, 42, 'Lovbrotte', 5.36, '2015-10-21 09:00:00', '00:03:00', '2015-08-10 12:19:14', '2015-08-13 12:12:25', 0),
	(691, 42, 'Astjern', 6.22, '2015-10-21 09:15:00', '00:04:00', '2015-08-10 12:19:14', '2015-08-13 12:12:25', 0),
	(692, 42, 'Helgedalen', 6.41, '2015-10-21 09:30:00', '00:04:00', '2015-08-10 12:19:14', '2015-08-13 12:12:25', 0),
	(693, 42, 'Lovbrotte Reverse', 5.24, '2015-10-21 09:45:00', '00:03:01', '2015-08-10 12:19:14', '2015-08-13 12:12:25', 0),
	(694, 42, 'Astjern Reverse', 6.75, '2015-10-21 10:00:00', '00:04:00', '2015-08-10 12:19:14', '2015-08-13 12:12:25', 0),
	(695, 42, 'Helgedalen Reverse', 6.76, '2015-10-21 10:15:00', '00:04:00', '2015-08-10 12:19:14', '2015-08-13 12:12:25', 0),
	(696, 42, 'Super Special Stage', 1.86, '2015-10-21 10:30:00', '00:01:00', '2015-08-10 12:19:15', '2015-08-13 12:12:25', 0),
	(697, 42, 'Super Special Stage 2', 1.86, '2015-10-21 10:45:00', '00:01:00', '2015-08-10 12:19:15', '2015-08-13 12:12:25', 0),
	(698, 42, 'Lovbrotte 2', 5.36, '2015-10-21 11:00:00', '00:03:01', '2015-08-10 12:19:15', '2015-08-13 12:12:25', 0),
	(699, 42, 'Astjern 2', 6.22, '2015-10-21 11:15:00', '00:03:01', '2015-08-10 12:19:15', '2015-08-13 12:12:25', 0),
	(700, 42, 'Helgedalen 2', 6.41, '2015-10-21 11:30:00', '00:04:00', '2015-08-10 12:19:15', '2015-08-13 12:12:25', 0),
	(701, 42, 'Lovbrotte Reverse 2', 5.24, '2015-10-21 11:45:00', '00:02:01', '2015-08-10 12:19:15', '2015-08-13 12:12:25', 0),
	(702, 42, 'Astjern Reverse 2', 6.75, '2015-10-21 12:00:00', '00:03:01', '2015-08-10 12:19:15', '2015-08-13 12:12:25', 0),
	(703, 42, 'Helgedalen Reverse 2', 6.76, '2015-10-21 12:15:00', '00:03:01', '2015-08-10 12:19:15', '2015-08-13 12:12:25', 0),
	(707, 43, 'Ringsaker', 8.33, '2015-10-28 09:00:00', '00:05:00', '2015-08-10 12:45:01', '2015-08-13 12:12:25', 0),
	(708, 43, 'Mauset', 5.28, '2015-10-28 09:15:00', '00:03:01', '2015-08-10 12:45:01', '2015-08-13 12:12:25', 0),
	(709, 43, 'Vangsasen', 7.10, '2015-10-28 09:30:00', '00:04:00', '2015-08-10 12:45:01', '2015-08-13 12:12:25', 0),
	(710, 43, 'Vennkvern', 1.32, '2015-10-28 09:45:00', '00:00:01', '2015-08-10 12:45:01', '2015-08-13 12:12:25', 0),
	(711, 43, 'Stange', 4.19, '2015-10-28 10:00:00', '00:02:00', '2015-08-10 12:45:01', '2015-08-13 12:12:25', 0),
	(712, 43, 'Ekeberg', 10.96, '2015-10-28 10:15:00', '00:06:00', '2015-08-10 12:45:02', '2015-08-13 12:12:25', 0),
	(713, 43, 'Brenna', 14.99, '2015-10-28 10:30:00', '00:09:01', '2015-08-10 12:45:02', '2015-08-13 12:12:25', 0),
	(714, 43, 'Vennkvern 2', 1.32, '2015-10-28 10:45:00', '00:00:01', '2015-08-10 12:45:02', '2015-08-13 12:12:25', 0),
	(715, 43, 'Ringsaker 2', 8.33, '2015-10-28 11:00:00', '00:05:00', '2015-08-10 12:45:02', '2015-08-13 12:12:25', 0),
	(716, 43, 'Mauset 2', 5.28, '2015-10-28 11:15:00', '00:03:00', '2015-08-10 12:45:02', '2015-08-13 12:12:25', 0),
	(717, 43, 'Vangsasen 2', 7.10, '2015-10-28 11:30:00', '00:04:01', '2015-08-10 12:45:02', '2015-08-13 12:12:25', 0),
	(718, 43, 'Stange 2', 4.19, '2015-10-28 11:45:00', '00:02:01', '2015-08-10 12:45:02', '2015-08-13 12:12:25', 0),
	(719, 43, 'Ekeberg 2', 10.96, '2015-10-28 12:00:00', '00:06:01', '2015-08-10 12:45:02', '2015-08-13 12:12:25', 0),
	(720, 43, 'Brenna 2', 14.99, '2015-10-28 12:15:00', '00:10:00', '2015-08-10 12:45:02', '2015-08-13 12:12:25', 0),
	(724, 44, 'Gjesthusvegen', 3.43, '2015-08-13 09:00:00', '00:02:00', '2015-08-10 12:56:06', '2015-08-13 12:12:25', 1),
	(725, 44, 'Gronli', 11.16, '2015-08-13 09:15:00', '00:06:01', '2015-08-10 12:56:06', '2015-08-13 12:12:25', 1),
	(726, 44, 'Lauvset', 16.42, '2015-08-13 09:30:00', '00:10:00', '2015-08-10 12:56:06', '2015-08-13 12:12:25', 1),
	(727, 44, 'Ridalen', 26.38, '2015-08-13 09:45:00', '00:16:00', '2015-08-10 12:56:06', '2015-08-13 12:12:25', 1),
	(728, 44, 'Oset', 16.27, '2015-08-13 10:00:00', '00:09:00', '2015-08-10 12:56:06', '2015-08-13 12:12:25', 1),
	(729, 44, 'Gronli Reverse', 11.51, '2015-08-13 10:15:00', '00:07:01', '2015-08-10 12:56:06', '2015-08-13 12:12:25', 1),
	(730, 44, 'Gjesthusvegen 2', 3.43, '2015-08-13 10:30:00', '00:02:00', '2015-08-10 12:56:06', '2015-08-13 12:12:25', 1),
	(731, 44, 'Gronli 2', 11.16, '2015-08-13 10:45:00', '00:06:01', '2015-08-10 12:56:06', '2015-08-13 12:12:25', 1),
	(732, 44, 'Fjellstue', 9.30, '2015-08-13 11:00:00', '00:05:00', '2015-08-10 12:56:06', '2015-08-13 12:12:47', 1),
	(733, 44, 'Oset 2', 16.27, '2015-08-13 11:15:00', '00:10:00', '2015-08-10 12:56:07', '2015-08-13 12:17:54', 1),
	(734, 44, 'Fjellstue 2', 9.30, '2015-08-13 11:30:00', '00:05:01', '2015-08-10 12:56:07', '2015-08-13 12:52:22', 1),
	(735, 44, 'Fjellstue Reverse', 9.22, '2015-08-13 11:45:00', '00:05:01', '2015-08-10 12:56:07', '2015-08-13 12:52:22', 1),
	(736, 44, 'Gronli Reverse 2', 11.51, '2015-08-13 12:00:00', '00:06:01', '2015-08-10 12:56:07', '2015-08-13 13:45:01', 1),
	(737, 44, 'Lauvset 2', 16.42, '2015-08-13 12:15:00', '00:10:00', '2015-08-10 12:56:07', '2015-08-13 13:45:01', 1),
	(741, 45, 'Oslo', 1.57, '2015-08-20 09:00:00', '00:00:01', '2015-08-10 13:00:49', '2015-08-20 09:00:00', 1),
	(742, 45, 'Opaker', 14.32, '2015-08-20 09:15:00', '00:08:00', '2015-08-10 13:00:49', '2015-08-20 09:15:01', 1),
	(743, 45, 'Kirkenaer', 8.40, '2015-08-20 09:30:00', '00:05:01', '2015-08-10 13:00:49', '2015-08-20 09:30:01', 1),
	(744, 45, 'Finnskogen', 20.35, '2015-08-20 09:45:00', '00:12:01', '2015-08-10 13:00:49', '2015-08-20 09:45:00', 1),
	(745, 45, 'Kongsvinger', 13.27, '2015-08-20 10:00:00', '00:08:00', '2015-08-10 13:00:49', '2015-08-20 10:00:01', 1),
	(746, 45, 'Opaker 2', 14.32, '2015-08-20 10:15:00', '00:09:00', '2015-08-10 13:00:49', '2015-08-20 10:15:01', 1),
	(747, 45, 'Finnskogen 2', 20.35, '2015-08-20 10:30:00', '00:13:01', '2015-08-10 13:00:49', '2015-08-20 10:30:00', 1),
	(748, 45, 'Kongsvinger 2', 13.27, '2015-08-20 10:45:00', '00:07:00', '2015-08-10 13:00:49', '2015-08-20 10:45:01', 1),
	(749, 45, 'Kirkenaer 2', 8.40, '2015-08-20 11:00:00', '00:05:00', '2015-08-10 13:00:49', '2015-08-20 11:00:01', 1),
	(750, 45, 'Mountain', 24.18, '2015-08-20 11:15:00', '00:15:00', '2015-08-10 13:00:49', '2015-08-20 11:15:01', 1),
	(751, 45, 'Lillehammer', 6.49, '2015-08-20 11:30:00', '00:04:00', '2015-08-10 13:00:50', '2015-08-20 11:30:01', 1),
	(752, 45, 'Ringsaker', 27.31, '2015-08-20 11:45:00', '00:16:00', '2015-08-10 13:00:50', '2015-08-20 11:45:00', 1),
	(753, 45, 'Hamar', 1.10, '2015-08-20 12:00:00', '00:00:01', '2015-08-10 13:00:50', '2015-08-20 12:00:01', 1),
	(754, 45, 'Mountain 2', 24.18, '2015-08-20 12:15:00', '00:15:00', '2015-08-10 13:00:50', '2015-08-20 12:15:01', 1),
	(755, 45, 'Lillehammer 2', 6.49, '2015-08-20 12:30:00', '00:04:00', '2015-08-10 13:00:50', '2015-08-20 12:30:01', 1),
	(756, 45, 'Ringsaker 2 ', 27.31, '2015-08-20 12:45:00', '00:17:01', '2015-08-10 13:00:50', '2015-08-20 12:45:00', 1),
	(757, 45, 'Hamar 2', 1.10, '2015-08-20 13:00:00', '00:00:01', '2015-08-10 13:00:50', '2015-08-20 13:00:01', 1),
	(758, 46, 'Dokkeberg', 6.91, '2015-08-27 09:00:00', '00:04:01', '2015-08-10 13:05:04', '2015-08-13 12:12:25', 0),
	(759, 46, 'Smadol', 23.35, '2015-08-27 09:15:00', '00:15:00', '2015-08-10 13:05:04', '2015-08-13 12:12:25', 0),
	(760, 46, 'Lesteberg', 9.18, '2015-08-27 09:30:00', '00:05:01', '2015-08-10 13:05:04', '2015-08-13 12:12:25', 0),
	(761, 46, 'Dokkeberg Reverse', 6.76, '2015-08-27 09:45:00', '00:04:00', '2015-08-10 13:05:04', '2015-08-13 12:12:25', 0),
	(762, 46, 'Bjerkeflata Nord', 9.63, '2015-08-27 10:00:00', '00:05:01', '2015-08-10 13:05:04', '2015-08-13 12:12:25', 0),
	(763, 46, 'Smadol Reverse', 23.96, '2015-08-27 10:15:00', '00:15:00', '2015-08-10 13:05:04', '2015-08-13 12:12:25', 0),
	(764, 46, 'Lesteberg Reverse', 9.24, '2015-08-27 10:30:00', '00:05:01', '2015-08-10 13:05:05', '2015-08-13 12:12:25', 0),
	(765, 46, 'Bjerkeflata Nord Reverse', 9.72, '2015-08-27 10:45:00', '00:05:01', '2015-08-10 13:05:05', '2015-08-13 12:12:25', 0),
	(766, 46, 'Dokkeberg 2', 6.91, '2015-08-27 11:00:00', '00:04:01', '2015-08-10 13:05:05', '2015-08-13 12:12:25', 0),
	(767, 46, 'Smadol 2', 23.35, '2015-08-27 11:15:00', '00:13:00', '2015-08-10 13:05:05', '2015-08-13 12:12:25', 0),
	(768, 46, 'Lesteberg 2', 9.18, '2015-08-27 11:30:00', '00:06:00', '2015-08-10 13:05:05', '2015-08-13 12:12:25', 0),
	(769, 46, 'Bjerkeflata Nord 2', 9.63, '2015-08-27 11:45:00', '00:06:00', '2015-08-10 13:05:05', '2015-08-13 12:12:25', 0),
	(770, 46, 'Dokkeberg 3', 6.91, '2015-08-27 12:00:00', '00:04:00', '2015-08-10 13:05:05', '2015-08-13 12:12:25', 0),
	(771, 46, 'Smadol 3', 23.35, '2015-08-27 12:15:00', '00:13:00', '2015-08-10 13:05:05', '2015-08-13 12:12:25', 0),
	(772, 46, 'Lesteberg 3', 9.18, '2015-08-27 12:30:00', '00:06:00', '2015-08-10 13:05:05', '2015-08-13 12:12:25', 0),
	(775, 47, 'Korsboen', 13.86, '2015-09-03 09:00:00', '00:08:01', '2015-08-10 13:16:42', '2015-08-13 12:12:25', 0),
	(776, 47, 'Malmveien', 6.46, '2015-09-03 09:15:00', '00:03:01', '2015-08-10 13:16:42', '2015-08-13 12:12:25', 0),
	(777, 47, 'Letmolia', 16.27, '2015-09-03 09:30:00', '00:10:01', '2015-08-10 13:16:42', '2015-08-13 12:12:25', 0),
	(778, 47, 'Krodsherad', 13.55, '2015-09-03 09:45:00', '00:08:01', '2015-08-10 13:16:42', '2015-08-13 12:12:25', 0),
	(779, 47, 'Bjoreskogen', 11.10, '2015-09-03 10:00:00', '00:06:01', '2015-08-10 13:16:42', '2015-08-13 12:12:25', 0),
	(780, 47, 'Nevra', 16.76, '2015-09-03 10:15:00', '00:11:00', '2015-08-10 13:16:42', '2015-08-13 12:12:25', 0),
	(781, 47, 'Nysaetra', 14.59, '2015-09-03 10:30:00', '00:09:00', '2015-08-10 13:16:42', '2015-08-13 12:12:25', 0),
	(782, 47, 'Malmveien 2', 6.46, '2015-09-03 10:45:00', '00:03:01', '2015-08-10 13:16:42', '2015-08-13 12:12:25', 0),
	(783, 47, 'Letmolia 2', 16.27, '2015-09-03 11:00:00', '00:10:00', '2015-08-10 13:16:42', '2015-08-13 12:12:25', 0),
	(784, 47, 'Krodsherad 2', 13.55, '2015-09-03 11:15:00', '00:09:00', '2015-08-10 13:16:42', '2015-08-13 12:12:25', 0),
	(785, 47, 'Bjoreskogen 2', 11.10, '2015-09-03 11:30:00', '00:06:00', '2015-08-10 13:16:43', '2015-08-13 12:12:25', 0),
	(786, 47, 'Korsboen 2', 13.86, '2015-09-03 11:45:00', '00:08:00', '2015-08-10 13:16:43', '2015-08-13 12:12:25', 0),
	(787, 47, 'Nevra 2', 16.76, '2015-09-03 12:00:00', '00:11:00', '2015-08-10 13:16:43', '2015-08-13 12:12:25', 0),
	(788, 47, 'Nysaetra 2', 14.59, '2015-09-03 12:15:00', '00:08:01', '2015-08-10 13:16:43', '2015-08-13 12:12:25', 0),
	(792, 48, 'Glubo', 5.79, '2015-09-10 09:00:00', '00:03:00', '2015-08-10 13:18:36', '2015-08-13 12:12:25', 0),
	(793, 48, 'Hetlandsheio', 9.82, '2015-09-10 09:15:00', '00:06:00', '2015-08-10 13:18:36', '2015-08-13 12:12:25', 0),
	(794, 48, 'Glubo 2', 5.79, '2015-09-10 09:30:00', '00:03:01', '2015-08-10 13:18:36', '2015-08-13 12:12:25', 0),
	(795, 48, 'Moi', 2.77, '2015-09-10 09:45:00', '00:01:01', '2015-08-10 13:18:36', '2015-08-13 12:12:25', 0),
	(796, 48, 'Jossingfjord', 19.16, '2015-09-10 10:00:00', '00:12:00', '2015-08-10 13:18:36', '2015-08-13 12:12:25', 0),
	(797, 48, 'Moi 2', 2.77, '2015-09-10 10:15:00', '00:01:01', '2015-08-10 13:18:36', '2015-08-13 12:12:25', 0),
	(798, 48, 'Rossland', 3.98, '2015-09-10 10:30:00', '00:02:00', '2015-08-10 13:18:36', '2015-08-13 12:12:25', 0),
	(799, 48, 'Nesvag', 9.30, '2015-09-10 10:45:00', '00:05:01', '2015-08-10 13:18:37', '2015-08-13 12:12:25', 0),
	(800, 48, 'Kjelland', 3.65, '2015-09-10 11:00:00', '00:02:00', '2015-08-10 13:18:37', '2015-08-13 12:12:25', 0),
	(801, 48, 'Rossland 2', 3.98, '2015-09-10 11:15:00', '00:02:00', '2015-08-10 13:18:37', '2015-08-13 12:12:25', 0),
	(802, 48, 'Nesvag 2', 9.30, '2015-09-10 11:30:00', '00:06:00', '2015-08-10 13:18:37', '2015-08-13 12:12:25', 0),
	(803, 48, 'Kjelland 2', 3.65, '2015-09-10 11:45:00', '00:02:00', '2015-08-10 13:18:37', '2015-08-13 12:12:25', 0),
	(804, 48, 'Jossingfjord 2', 19.16, '2015-09-10 12:00:00', '00:11:00', '2015-08-10 13:18:37', '2015-08-13 12:12:25', 0),
	(805, 48, 'Hetlandsheio', 9.18, '2015-09-10 12:15:00', '00:05:00', '2015-08-10 13:18:37', '2015-08-13 12:12:25', 0),
	(822, 49, 'Hoye 2', 9.92, '2015-09-17 09:00:00', '00:05:01', '2015-08-10 15:12:08', '2015-08-13 12:12:25', 0),
	(821, 49, 'Steinsland 2', 11.72, '2015-09-17 09:15:00', '00:06:01', '2015-08-10 15:12:08', '2015-08-13 12:12:25', 0),
	(820, 49, 'Gumpens 2', 19.16, '2015-09-17 09:30:00', '00:11:01', '2015-08-10 15:12:08', '2015-08-13 12:12:25', 0),
	(819, 49, 'Solas 2', 31.22, '2015-09-17 09:45:00', '00:18:00', '2015-08-10 15:12:08', '2015-08-13 12:12:25', 0),
	(818, 49, 'Jabekk 2', 4.18, '2015-09-17 10:00:00', '00:02:00', '2015-08-10 15:12:07', '2015-08-13 12:12:25', 0),
	(817, 49, 'Lindland', 25.94, '2015-09-17 10:15:00', '00:15:00', '2015-08-10 15:12:07', '2015-08-13 12:12:25', 0),
	(816, 49, 'Hoye', 9.92, '2015-09-17 10:30:00', '00:05:01', '2015-08-10 15:12:07', '2015-08-13 12:12:25', 0),
	(815, 49, 'Jabekk', 4.18, '2015-09-17 10:45:00', '00:02:01', '2015-08-10 15:12:07', '2015-08-13 12:12:25', 0),
	(814, 49, 'Steinsland', 11.72, '2015-09-17 11:00:00', '00:07:01', '2015-08-10 15:12:07', '2015-08-13 12:12:25', 0),
	(813, 49, 'Gumpens', 19.16, '2015-09-17 11:15:00', '00:11:00', '2015-08-10 15:12:07', '2015-08-13 12:12:25', 0),
	(812, 49, 'Solas', 31.22, '2015-09-17 11:30:00', '00:19:01', '2015-08-10 15:12:07', '2015-08-13 12:12:25', 0),
	(811, 49, 'Arstol', 17.91, '2015-09-17 11:45:00', '00:12:00', '2015-08-10 15:12:07', '2015-08-13 12:12:25', 0),
	(810, 49, 'Tranehoyda', 12.31, '2015-09-17 12:00:00', '00:07:00', '2015-08-10 15:12:07', '2015-08-13 12:12:25', 0),
	(809, 49, 'Skoieheia', 3.52, '2015-09-17 12:15:00', '00:02:00', '2015-08-10 15:12:07', '2015-08-13 12:12:25', 0),
	(840, 50, 'Arlifoss 3', 8.95, '2015-09-24 09:00:00', '00:05:01', '2015-08-10 15:21:50', '2015-08-13 12:12:25', 0),
	(839, 50, 'Liangrenna 3', 5.75, '2015-09-24 09:15:00', '00:03:01', '2015-08-10 15:21:50', '2015-08-13 12:12:25', 0),
	(838, 50, 'Klevarsida 3', 6.22, '2015-09-24 09:30:00', '00:03:01', '2015-08-10 15:21:50', '2015-08-13 12:12:25', 0),
	(837, 50, 'Darstul 3', 7.71, '2015-09-24 09:45:00', '00:04:01', '2015-08-10 15:21:50', '2015-08-13 12:12:25', 0),
	(836, 50, 'Elgsjo 3', 6.57, '2015-09-24 10:00:00', '00:04:00', '2015-08-10 15:21:50', '2015-08-13 12:12:25', 0),
	(835, 50, 'Arlifoss 2', 8.69, '2015-09-24 10:15:00', '00:05:00', '2015-08-10 15:21:50', '2015-08-13 12:12:25', 0),
	(834, 50, 'Liangrenna 2', 5.75, '2015-09-24 10:30:00', '00:03:01', '2015-08-10 15:21:50', '2015-08-13 12:12:25', 0),
	(833, 50, 'Arlifoss ', 8.97, '2015-09-24 10:45:00', '00:05:01', '2015-08-10 15:21:50', '2015-08-13 12:12:25', 0),
	(832, 50, 'Liangrenna', 5.75, '2015-09-24 11:00:00', '00:03:01', '2015-08-10 15:21:50', '2015-08-13 12:12:25', 0),
	(831, 50, 'Klevarsida 2', 6.22, '2015-09-24 11:15:00', '00:03:01', '2015-08-10 15:21:50', '2015-08-13 12:12:25', 0),
	(830, 50, 'Darstul 2', 7.71, '2015-09-24 11:30:00', '00:05:00', '2015-08-10 15:21:50', '2015-08-13 12:12:25', 0),
	(829, 50, 'Elgsjo 2', 6.57, '2015-09-24 11:45:00', '00:03:01', '2015-08-10 15:21:50', '2015-08-13 12:12:25', 0),
	(828, 50, 'Klevarsida', 6.22, '2015-09-24 12:00:00', '00:04:00', '2015-08-10 15:21:50', '2015-08-13 12:12:25', 0),
	(827, 50, 'Darstul', 7.71, '2015-09-24 12:15:00', '00:05:00', '2015-08-10 15:21:49', '2015-08-13 12:12:25', 0),
	(826, 50, 'Elgsjo', 6.57, '2015-09-24 12:30:00', '00:04:00', '2015-08-10 15:21:49', '2015-08-13 12:12:25', 0),
	(856, 51, 'Ristilampi', 49.26, '2015-10-01 09:00:00', '00:29:00', '2015-08-10 15:24:02', '2015-08-13 12:12:25', 0),
	(855, 51, 'Heinunkierto 2', 23.37, '2015-10-01 09:15:00', '00:13:00', '2015-08-10 15:24:02', '2015-08-13 12:12:25', 0),
	(854, 51, 'Sarriojarvi 2', 36.22, '2015-10-01 09:30:00', '00:24:01', '2015-08-10 15:24:02', '2015-08-13 12:12:25', 0),
	(853, 51, 'Hanhikoski 2', 32.86, '2015-10-01 09:45:00', '00:20:01', '2015-08-10 15:24:02', '2015-08-13 12:12:25', 0),
	(852, 51, 'Ristilampi', 49.63, '2015-10-01 10:00:00', '00:28:01', '2015-08-10 15:24:02', '2015-08-13 12:12:25', 0),
	(851, 51, 'Heinunkierto', 23.37, '2015-10-01 10:15:00', '00:14:00', '2015-08-10 15:24:02', '2015-08-13 12:12:25', 0),
	(850, 51, 'Mantyvaara 3', 3.63, '2015-10-01 10:30:00', '00:02:00', '2015-08-10 15:24:02', '2015-08-13 12:12:25', 0),
	(849, 51, 'Sarriojarvi', 36.22, '2015-10-01 10:45:00', '00:21:00', '2015-08-10 15:24:02', '2015-08-13 12:12:25', 0),
	(848, 51, 'Hanhikoski', 32.86, '2015-10-01 11:00:00', '00:22:00', '2015-08-10 15:24:02', '2015-08-13 12:12:25', 0),
	(847, 51, 'Mantyvaara 2', 3.63, '2015-10-01 11:15:00', '00:02:00', '2015-08-10 15:24:02', '2015-08-13 12:12:25', 0),
	(846, 51, 'Jyrhamajarvi', 29.14, '2015-10-01 11:30:00', '00:19:00', '2015-08-10 15:24:02', '2015-08-13 12:12:25', 0),
	(845, 51, 'Siikakama', 38.32, '2015-10-01 11:45:00', '00:25:01', '2015-08-10 15:24:02', '2015-08-13 12:12:25', 0),
	(844, 51, 'Aittajarvi', 24.79, '2015-10-01 12:00:00', '00:16:01', '2015-08-10 15:24:01', '2015-08-13 12:12:25', 0),
	(843, 51, 'Mantyvaara', 3.63, '2015-10-01 12:15:00', '00:02:00', '2015-08-10 15:24:01', '2015-08-13 12:12:25', 0),
	(875, 52, 'Dechantskirchen 3', 9.61, '2015-10-08 09:00:00', '00:05:01', '2015-08-10 15:30:11', '2015-08-13 12:12:25', 0),
	(874, 52, 'Sinnersdorf 3', 8.34, '2015-10-08 09:15:00', '00:04:01', '2015-08-10 15:30:11', '2015-08-13 12:12:25', 0),
	(873, 52, 'Rohrbach 3', 6.68, '2015-10-08 09:30:00', '00:04:00', '2015-08-10 15:30:11', '2015-08-13 12:12:25', 0),
	(872, 52, 'Pinggau 3', 12.57, '2015-10-08 09:45:00', '00:08:00', '2015-08-10 15:30:11', '2015-08-13 12:12:25', 0),
	(871, 52, 'Pinggau Lang 2', 32.58, '2015-10-08 10:00:00', '00:18:00', '2015-08-10 15:30:11', '2015-08-13 12:12:25', 0),
	(870, 52, 'Haideggendorf 2', 8.78, '2015-10-08 10:15:00', '00:04:01', '2015-08-10 15:30:11', '2015-08-13 12:12:25', 0),
	(869, 52, 'Pinggau Lang', 32.58, '2015-10-08 10:30:00', '00:21:00', '2015-08-10 15:30:11', '2015-08-13 12:12:25', 0),
	(868, 52, 'Haideggendorf', 8.78, '2015-10-08 10:45:00', '00:05:00', '2015-08-10 15:30:10', '2015-08-13 12:12:25', 0),
	(867, 52, 'Dechantskirchen 2', 9.61, '2015-10-08 11:00:00', '00:06:01', '2015-08-10 15:30:10', '2015-08-13 12:12:25', 0),
	(866, 52, 'Sinnersdorf 2', 8.34, '2015-10-08 11:15:00', '00:05:00', '2015-08-10 15:30:10', '2015-08-13 12:12:25', 0),
	(865, 52, 'Dechantskirchen', 9.61, '2015-10-08 11:30:00', '00:06:01', '2015-08-10 15:30:10', '2015-08-13 12:12:25', 0),
	(864, 52, 'Sinnersdorf', 8.34, '2015-10-08 11:45:00', '00:05:00', '2015-08-10 15:30:10', '2015-08-13 12:12:25', 0),
	(863, 52, 'Rohrbach 2', 6.68, '2015-10-08 12:00:00', '00:04:01', '2015-08-10 15:30:10', '2015-08-13 12:12:25', 0),
	(862, 52, 'Pinggau 2', 12.57, '2015-10-08 12:15:00', '00:07:01', '2015-08-10 15:30:10', '2015-08-13 12:12:25', 0),
	(861, 52, 'Rohrbach', 6.68, '2015-10-08 12:30:00', '00:04:00', '2015-08-10 15:30:10', '2015-08-13 12:12:25', 0),
	(860, 52, 'Pinggau', 12.57, '2015-10-08 12:45:00', '00:08:00', '2015-08-10 15:30:10', '2015-08-13 12:12:25', 0),
	(893, 53, 'Kendal 3', 6.84, '2015-10-15 09:00:00', '00:04:01', '2015-08-10 15:36:16', '2015-08-13 12:12:25', 0),
	(892, 53, 'Bushy Park 2', 1.59, '2015-10-15 09:15:00', '00:00:01', '2015-08-10 15:36:16', '2015-08-13 12:12:25', 0),
	(891, 53, 'Malvern 2', 6.26, '2015-10-15 09:30:00', '00:03:01', '2015-08-10 15:36:16', '2015-08-13 12:12:25', 0),
	(890, 53, 'Kendal 2', 6.84, '2015-10-15 09:45:00', '00:04:00', '2015-08-10 15:36:16', '2015-08-13 12:12:25', 0),
	(889, 53, 'Bushy Park', 5.28, '2015-10-15 10:00:00', '00:03:01', '2015-08-10 15:36:16', '2015-08-13 12:12:25', 0),
	(888, 53, 'Malvern', 6.26, '2015-10-15 10:15:00', '00:03:01', '2015-08-10 15:36:16', '2015-08-13 12:12:25', 0),
	(887, 53, 'Kendal', 6.84, '2015-10-15 10:30:00', '00:04:00', '2015-08-10 15:36:16', '2015-08-13 12:12:25', 0),
	(886, 53, 'Spring Vale 3', 5.70, '2015-10-15 10:45:00', '00:03:01', '2015-08-10 15:36:16', '2015-08-13 12:12:25', 0),
	(885, 53, 'Canefield 3', 6.87, '2015-10-15 11:00:00', '00:04:00', '2015-08-10 15:36:16', '2015-08-13 12:12:25', 0),
	(884, 53, 'Sailor Gully 3', 4.94, '2015-10-15 11:15:00', '00:03:00', '2015-08-10 15:36:15', '2015-08-13 12:12:25', 0),
	(883, 53, 'Spring Vale 2', 5.21, '2015-10-15 11:30:00', '00:02:01', '2015-08-10 15:36:15', '2015-08-13 12:12:25', 0),
	(882, 53, 'Canefield 2', 6.87, '2015-10-15 11:45:00', '00:04:00', '2015-08-10 15:36:15', '2015-08-13 12:12:25', 0),
	(881, 53, 'Sailor Gully 2', 4.94, '2015-10-15 12:00:00', '00:02:01', '2015-08-10 15:36:15', '2015-08-13 12:12:25', 0),
	(880, 53, 'Spring Vale ', 4.71, '2015-10-15 12:15:00', '00:03:00', '2015-08-10 15:36:15', '2015-08-13 12:12:25', 0),
	(879, 53, 'Canefield', 6.87, '2015-10-15 12:30:00', '00:04:00', '2015-08-10 15:36:15', '2015-08-13 12:12:25', 0),
	(878, 53, 'Sailor Gully', 4.94, '2015-10-15 12:45:00', '00:03:00', '2015-08-10 15:36:15', '2015-08-13 12:12:25', 0),
	(877, 53, 'Bushy Park', 1.59, '2015-10-15 13:00:00', '00:01:00', '2015-08-10 15:36:15', '2015-08-13 12:12:25', 0),
	(898, 54, 'Schuiferskapelle 2', 15.43, '2015-10-22 09:00:00', '00:09:01', '2015-08-10 15:38:49', '2015-08-13 12:12:25', 0),
	(897, 54, 'Poelberg', 7.41, '2015-10-22 09:15:00', '00:04:00', '2015-08-10 15:38:49', '2015-08-13 12:12:25', 0),
	(896, 54, 'Oosthoek', 8.97, '2015-10-22 09:30:00', '00:05:01', '2015-08-10 15:38:49', '2015-08-13 12:12:25', 0),
	(895, 54, 'Ondank', 9.75, '2015-10-22 09:45:00', '00:06:00', '2015-08-10 15:38:49', '2015-08-13 12:12:25', 0),
	(894, 54, 'Schuiferskapelle', 15.43, '2015-10-22 10:00:00', '00:08:01', '2015-08-10 15:38:49', '2015-08-13 12:12:25', 0),
	(899, 54, 'Ondank 2', 9.75, '2015-10-22 10:15:00', '00:05:01', '2015-08-10 15:38:49', '2015-08-13 12:12:25', 0),
	(900, 54, 'Oosthoek 2', 8.97, '2015-10-22 10:30:00', '00:05:01', '2015-08-10 15:38:50', '2015-08-13 12:12:25', 0),
	(901, 54, 'Poelberg 2', 7.41, '2015-10-22 10:45:00', '00:04:00', '2015-08-10 15:38:50', '2015-08-13 12:12:25', 0),
	(902, 54, 'Schuiferskapelle 3', 15.43, '2015-10-22 11:00:00', '00:08:01', '2015-08-10 15:38:50', '2015-08-13 12:12:25', 0),
	(903, 54, 'Ondank 3', 9.75, '2015-10-22 11:15:00', '00:06:00', '2015-08-10 15:38:50', '2015-08-13 12:12:25', 0),
	(904, 54, 'Oosthoek 3', 8.97, '2015-10-22 11:30:00', '00:06:00', '2015-08-10 15:38:50', '2015-08-13 12:12:25', 0),
	(905, 54, 'Poelberg 3', 7.41, '2015-10-22 11:45:00', '00:04:00', '2015-08-10 15:38:50', '2015-08-13 12:12:25', 0),
	(906, 54, 'Schuiferskapelle 4', 15.43, '2015-10-22 12:00:00', '00:09:01', '2015-08-10 15:38:50', '2015-08-13 12:12:25', 0),
	(907, 54, 'Ondank 4', 9.75, '2015-10-22 12:15:00', '00:06:01', '2015-08-10 15:38:50', '2015-08-13 12:12:25', 0),
	(908, 54, 'Oosthoek 4', 8.97, '2015-10-22 12:30:00', '00:05:01', '2015-08-10 15:38:50', '2015-08-13 12:12:25', 0),
	(909, 54, 'Poelberg 4', 7.41, '2015-10-22 12:45:00', '00:04:01', '2015-08-10 15:38:50', '2015-08-13 12:12:25', 0),
	(911, 55, 'Citadelle', 4.88, '2015-10-29 09:00:00', '00:03:00', '2015-08-10 15:41:57', '2015-08-13 12:12:25', 0),
	(912, 55, 'Malonne', 14.49, '2015-10-29 09:15:00', '00:08:01', '2015-08-10 15:41:57', '2015-08-13 12:12:25', 0),
	(913, 55, 'Bois de Villers', 9.90, '2015-10-29 09:30:00', '00:06:00', '2015-08-10 15:41:57', '2015-08-13 12:12:25', 0),
	(914, 55, 'Crupet', 11.84, '2015-10-29 09:45:00', '00:07:00', '2015-08-10 15:41:57', '2015-08-13 12:12:25', 0),
	(915, 55, 'Natoye', 10.34, '2015-10-29 10:00:00', '00:06:00', '2015-08-10 15:41:57', '2015-08-13 12:12:25', 0),
	(916, 55, 'Malonne 2', 14.49, '2015-10-29 10:15:00', '00:08:00', '2015-08-10 15:41:57', '2015-08-13 12:12:25', 0),
	(917, 55, 'Bois de Villers 2', 9.90, '2015-10-29 10:30:00', '00:06:00', '2015-08-10 15:41:58', '2015-08-13 12:12:25', 0),
	(918, 55, 'Crupet 2', 11.84, '2015-10-29 10:45:00', '00:07:01', '2015-08-10 15:41:58', '2015-08-13 12:12:25', 0),
	(919, 55, 'Natoye 2', 10.34, '2015-10-29 11:00:00', '00:06:00', '2015-08-10 15:41:58', '2015-08-13 12:12:25', 0),
	(920, 55, 'Malonne 3', 14.49, '2015-10-29 11:15:00', '00:09:00', '2015-08-10 15:41:58', '2015-08-13 12:12:25', 0),
	(921, 55, 'Bois de Villers 3', 9.90, '2015-10-29 11:30:00', '00:06:01', '2015-08-10 15:41:58', '2015-08-13 12:12:25', 0),
	(922, 55, 'Crupet 3', 11.84, '2015-10-29 11:45:00', '00:06:01', '2015-08-10 15:41:58', '2015-08-13 12:12:25', 0),
	(923, 55, 'Natoye 3', 10.34, '2015-10-29 12:00:00', '00:06:01', '2015-08-10 15:41:58', '2015-08-13 12:12:25', 0),
	(924, 55, 'Naninne', 7.38, '2015-10-29 12:15:00', '00:04:01', '2015-08-10 15:41:58', '2015-08-13 12:12:25', 0),
	(925, 55, 'Loyers', 5.22, '2015-10-29 12:30:00', '00:03:01', '2015-08-10 15:41:58', '2015-08-13 12:12:25', 0),
	(926, 55, 'Wartet', 8.94, '2015-10-29 12:45:00', '00:05:00', '2015-08-10 15:41:58', '2015-08-13 12:12:25', 0),
	(927, 55, 'Vedrin', 5.33, '2015-10-29 13:00:00', '00:03:00', '2015-08-10 15:41:58', '2015-08-13 12:12:25', 0),
	(928, 56, 'Campo Magro', 18.42, '2015-08-14 09:00:00', '00:12:00', '2015-08-10 15:44:48', '2015-08-14 09:00:00', 1),
	(929, 56, 'Ouro Fino', 12.80, '2015-08-14 09:15:00', '00:07:01', '2015-08-10 15:44:48', '2015-08-14 09:15:00', 1),
	(930, 56, 'Curtiba', 12.57, '2015-08-14 09:30:00', '00:07:00', '2015-08-10 15:44:48', '2015-08-14 09:30:01', 1),
	(931, 56, 'Campo Magro 2', 18.42, '2015-08-14 09:45:00', '00:11:01', '2015-08-10 15:44:48', '2015-08-14 09:45:00', 1),
	(932, 56, 'Curtiba 2', 12.57, '2015-08-14 10:00:00', '00:08:00', '2015-08-10 15:44:48', '2015-08-14 10:00:00', 1),
	(933, 56, 'Campo Magro 3', 18.42, '2015-08-14 10:15:00', '00:12:00', '2015-08-10 15:44:48', '2015-08-14 10:15:01', 1),
	(934, 56, 'Ouro Fino 2', 12.80, '2015-08-14 10:30:00', '00:07:01', '2015-08-10 15:44:48', '2015-08-14 10:30:00', 1),
	(935, 56, 'Bocaiuva', 28.68, '2015-08-14 10:45:00', '00:17:00', '2015-08-10 15:44:48', '2015-08-14 10:45:01', 1),
	(936, 56, 'Rio Pesqueiro', 15.89, '2015-08-14 11:00:00', '00:10:00', '2015-08-10 15:44:48', '2015-08-14 11:00:01', 1),
	(937, 56, 'Quatro Barras', 12.97, '2015-08-14 11:15:00', '00:08:01', '2015-08-10 15:44:48', '2015-08-14 11:15:00', 1),
	(938, 56, 'Nobre', 10.86, '2015-08-14 11:30:00', '00:07:00', '2015-08-10 15:44:48', '2015-08-14 11:30:00', 1),
	(939, 56, 'Rio Pesqueiro 2', 15.89, '2015-08-14 11:45:00', '00:09:01', '2015-08-10 15:44:48', '2015-08-14 11:45:00', 1),
	(940, 56, 'Quatro Barras 2', 12.97, '2015-08-14 12:00:00', '00:07:00', '2015-08-10 15:44:48', '2015-08-14 12:00:01', 1),
	(941, 56, 'Campina', 23.95, '2015-08-14 12:15:00', '00:14:01', '2015-08-10 15:44:48', '2015-08-14 12:15:00', 1),
	(942, 56, 'Prime Pinhais', 3.34, '2015-08-14 12:30:00', '00:01:01', '2015-08-10 15:44:49', '2015-08-14 12:30:01', 1),
	(945, 57, 'Beli Iskar', 6.87, '2015-08-21 09:00:00', '00:04:00', '2015-08-10 15:48:24', '2015-08-21 09:00:02', 1),
	(946, 57, 'Borovetz - Raduil', 9.21, '2015-08-21 09:15:00', '00:06:00', '2015-08-10 15:48:24', '2015-08-21 09:15:01', 1),
	(947, 57, 'Muhovo', 29.68, '2015-08-21 09:30:00', '00:19:01', '2015-08-10 15:48:24', '2015-08-21 09:30:01', 1),
	(948, 57, 'Slavovitza', 17.84, '2015-08-21 09:45:00', '00:11:01', '2015-08-10 15:48:24', '2015-08-21 09:45:00', 1),
	(949, 57, 'Beli Iskar 2', 6.87, '2015-08-21 10:00:00', '00:04:00', '2015-08-10 15:48:24', '2015-08-21 10:00:00', 1),
	(950, 57, 'Borovetz - Raduil 2', 9.21, '2015-08-21 10:15:00', '00:06:00', '2015-08-10 15:48:24', '2015-08-21 10:15:02', 1),
	(951, 57, 'Muhovo 2', 29.68, '2015-08-21 10:30:00', '00:18:01', '2015-08-10 15:48:24', '2015-08-21 10:30:00', 1),
	(952, 57, 'Slavovitza 2', 17.84, '2015-08-21 10:45:00', '00:10:00', '2015-08-10 15:48:24', '2015-08-21 10:45:00', 1),
	(953, 57, 'Trayanovi Vrata', 18.65, '2015-08-21 11:00:00', '00:12:01', '2015-08-10 15:48:24', '2015-08-21 11:00:01', 1),
	(954, 57, 'Lubnitza', 30.84, '2015-08-21 11:15:00', '00:19:01', '2015-08-10 15:48:25', '2015-08-21 11:15:01', 1),
	(955, 57, 'Raduil - Borovetz', 9.61, '2015-08-21 11:30:00', '00:06:00', '2015-08-10 15:48:25', '2015-08-21 11:30:00', 1),
	(956, 57, 'Borovetz - Beli Iskar', 6.27, '2015-08-21 11:45:00', '00:03:01', '2015-08-10 15:48:25', '2015-08-21 11:45:01', 1),
	(957, 57, 'Trayanovi Vrata 2', 18.65, '2015-08-21 12:00:00', '00:12:01', '2015-08-10 15:48:25', '2015-08-21 12:00:00', 1),
	(958, 57, 'Lubnitza 2', 30.84, '2015-08-21 12:15:00', '00:17:01', '2015-08-10 15:48:25', '2015-08-21 12:15:01', 1),
	(962, 58, 'Porec', 1.30, '2015-08-28 09:00:00', '00:00:01', '2015-08-10 15:50:44', '2015-08-13 12:12:25', 0),
	(963, 58, 'Boljun', 14.73, '2015-08-28 09:15:00', '00:08:00', '2015-08-10 15:50:44', '2015-08-13 12:12:25', 0),
	(964, 58, 'Ucka', 13.70, '2015-08-28 09:30:00', '00:08:00', '2015-08-10 15:50:44', '2015-08-13 12:12:25', 0),
	(965, 58, 'Brest', 29.76, '2015-08-28 09:45:00', '00:19:01', '2015-08-10 15:50:45', '2015-08-13 12:12:25', 0),
	(966, 58, 'Boljun 2', 14.73, '2015-08-28 10:00:00', '00:08:00', '2015-08-10 15:50:45', '2015-08-13 12:12:25', 0),
	(967, 58, 'Ucka 2', 13.70, '2015-08-28 10:15:00', '00:07:01', '2015-08-10 15:50:45', '2015-08-13 12:12:25', 0),
	(968, 58, 'Brest 2', 29.76, '2015-08-28 10:30:00', '00:19:00', '2015-08-10 15:50:45', '2015-08-13 12:12:25', 0),
	(969, 58, 'Butoniga', 14.49, '2015-08-28 10:45:00', '00:08:01', '2015-08-10 15:50:45', '2015-08-13 12:12:25', 0),
	(970, 58, 'Buzet', 14.36, '2015-08-28 11:00:00', '00:08:01', '2015-08-10 15:50:45', '2015-08-13 12:12:25', 0),
	(971, 58, 'Salteria', 29.84, '2015-08-28 11:15:00', '00:19:00', '2015-08-10 15:50:45', '2015-08-13 12:12:25', 0),
	(972, 58, 'Butoniga 2', 14.49, '2015-08-28 11:30:00', '00:09:00', '2015-08-10 15:50:45', '2015-08-13 12:12:25', 0),
	(973, 58, 'Buzet 2', 14.36, '2015-08-28 11:45:00', '00:09:00', '2015-08-10 15:50:45', '2015-08-13 12:12:25', 0),
	(974, 58, 'Salteria 2', 29.84, '2015-08-28 12:00:00', '00:16:01', '2015-08-10 15:50:45', '2015-08-13 12:12:25', 0),
	(975, 58, 'Porec 2', 1.30, '2015-08-28 12:15:00', '00:00:01', '2015-08-10 15:50:45', '2015-08-13 12:12:25', 0),
	(976, 58, 'Porec 3', 1.30, '2015-08-28 12:30:00', '00:00:01', '2015-08-10 15:50:45', '2015-08-13 12:12:25', 0),
	(979, 59, 'Horazdovice - Komusin', 5.16, '2015-09-04 09:00:00', '00:03:00', '2015-08-10 15:54:30', '2015-08-13 12:12:25', 0),
	(980, 59, 'Cecelovice', 16.97, '2015-09-04 09:15:00', '00:09:01', '2015-08-10 15:54:30', '2015-08-13 12:12:25', 0),
	(981, 59, 'Doubravice - Chrastovice', 11.29, '2015-09-04 09:30:00', '00:07:00', '2015-08-10 15:54:30', '2015-08-13 12:12:25', 0),
	(982, 59, 'Strazovice - Nehodiv', 7.74, '2015-09-04 09:45:00', '00:04:01', '2015-08-10 15:54:31', '2015-08-13 12:12:25', 0),
	(983, 59, 'Horazdovice - Komusin 2', 5.16, '2015-09-04 10:00:00', '00:03:00', '2015-08-10 15:54:31', '2015-08-13 12:12:25', 0),
	(984, 59, 'Cecelovice 2', 16.97, '2015-09-04 10:15:00', '00:09:01', '2015-08-10 15:54:31', '2015-08-13 12:12:25', 0),
	(985, 59, 'Doubravice - Chrastovice 2', 11.29, '2015-09-04 10:30:00', '00:07:01', '2015-08-10 15:54:31', '2015-08-13 12:12:25', 0),
	(986, 59, 'Strazovice - Nehodiv 2', 7.74, '2015-09-04 10:45:00', '00:04:01', '2015-08-10 15:54:31', '2015-08-13 12:12:25', 0),
	(987, 59, 'Horazdovice - Komusin 3', 5.16, '2015-09-04 11:00:00', '00:03:00', '2015-08-10 15:54:31', '2015-08-13 12:12:25', 0),
	(988, 59, 'Cecelovice 3', 16.97, '2015-09-04 11:15:00', '00:10:00', '2015-08-10 15:54:31', '2015-08-13 12:12:25', 0),
	(989, 59, 'Doubravice - Chrastovice 3', 11.29, '2015-09-04 11:30:00', '00:06:00', '2015-08-10 15:54:31', '2015-08-13 12:12:25', 0),
	(990, 59, 'Strazovice - Nehodiv 3', 7.74, '2015-09-04 11:45:00', '00:04:01', '2015-08-10 15:54:31', '2015-08-13 12:12:25', 0),
	(991, 59, 'Nehodiv - Cecelovice', 12.31, '2015-09-04 12:00:00', '00:08:00', '2015-08-10 15:54:31', '2015-08-13 12:12:25', 0),
	(992, 59, 'Cecelovice - Doubravice', 7.70, '2015-09-04 12:15:00', '00:05:00', '2015-08-10 15:54:31', '2015-08-13 12:12:25', 0),
	(996, 60, 'Bondy', 2.69, '2015-09-11 09:00:00', '00:01:01', '2015-08-10 16:20:57', '2015-08-13 12:12:25', 0),
	(997, 60, 'Sychrov', 19.32, '2015-09-11 09:15:00', '00:12:01', '2015-08-10 16:20:57', '2015-08-13 12:12:25', 0),
	(998, 60, 'Sumburk', 16.41, '2015-09-11 09:30:00', '00:11:00', '2015-08-10 16:20:57', '2015-08-13 12:12:25', 0),
	(999, 60, 'Bzi', 5.27, '2015-09-11 09:45:00', '00:02:01', '2015-08-10 16:20:57', '2015-08-13 12:12:25', 0),
	(1000, 60, 'Sychrov 2', 19.32, '2015-09-11 10:00:00', '00:13:00', '2015-08-10 16:20:57', '2015-08-13 12:12:25', 0),
	(1001, 60, 'Sumburk 2', 16.41, '2015-09-11 10:15:00', '00:10:00', '2015-08-10 16:20:58', '2015-08-13 12:12:25', 0),
	(1002, 60, 'Bzi 2', 5.27, '2015-09-11 10:30:00', '00:03:00', '2015-08-10 16:20:58', '2015-08-13 12:12:25', 0),
	(1003, 60, 'Lobec', 11.14, '2015-09-11 10:45:00', '00:06:01', '2015-08-10 16:20:58', '2015-08-13 12:12:25', 0),
	(1004, 60, 'Vinec', 15.34, '2015-09-11 11:00:00', '00:08:01', '2015-08-10 16:20:58', '2015-08-13 12:12:25', 0),
	(1005, 60, 'Staromestska', 5.62, '2015-09-11 11:15:00', '00:03:00', '2015-08-10 16:20:58', '2015-08-13 12:12:25', 0),
	(1006, 60, 'Lobec 2', 11.14, '2015-09-11 11:30:00', '00:06:01', '2015-08-10 16:20:58', '2015-08-13 12:12:25', 0),
	(1007, 60, 'Vinec 2', 15.34, '2015-09-11 11:45:00', '00:08:01', '2015-08-10 16:20:58', '2015-08-13 12:12:25', 0),
	(1008, 60, 'Staromestska 2', 5.62, '2015-09-11 12:00:00', '00:03:00', '2015-08-10 16:20:58', '2015-08-13 12:12:25', 0),
	(1009, 60, 'Lobec 3', 11.14, '2015-09-11 12:15:00', '00:06:01', '2015-08-10 16:20:58', '2015-08-13 12:12:25', 0),
	(1010, 60, 'Vinec 3', 15.34, '2015-09-11 12:30:00', '00:09:00', '2015-08-10 16:20:58', '2015-08-13 12:12:25', 0),
	(1013, 61, 'Marchampt', 12.25, '2015-09-18 09:00:00', '00:07:01', '2015-08-10 16:27:13', '2015-08-13 12:12:25', 0),
	(1014, 61, 'Lamure sur Azergues', 14.80, '2015-09-18 09:15:00', '00:09:01', '2015-08-10 16:27:13', '2015-08-13 12:12:25', 0),
	(1015, 61, 'Bibost', 13.87, '2015-09-18 09:30:00', '00:09:00', '2015-08-10 16:27:13', '2015-08-13 12:12:25', 0),
	(1016, 61, 'Rontalon', 14.97, '2015-09-18 09:45:00', '00:10:00', '2015-08-10 16:27:13', '2015-08-13 12:12:25', 0),
	(1017, 61, 'Lyon - Gerland', 1.88, '2015-09-18 10:00:00', '00:01:00', '2015-08-10 16:27:13', '2015-08-13 12:12:25', 0),
	(1018, 61, 'Marchampt - Claveisoles', 25.59, '2015-09-18 10:15:00', '00:14:01', '2015-08-10 16:27:13', '2015-08-13 12:12:25', 0),
	(1019, 61, 'Lamure sur Azergues 2', 14.80, '2015-09-18 10:30:00', '00:08:01', '2015-08-10 16:27:13', '2015-08-13 12:12:25', 0),
	(1020, 61, 'Les Noirs', 18.66, '2015-09-18 10:45:00', '00:12:00', '2015-08-10 16:27:13', '2015-08-13 12:12:25', 0),
	(1021, 61, 'Les Sauvages', 12.80, '2015-09-18 11:00:00', '00:08:01', '2015-08-10 16:27:13', '2015-08-13 12:12:25', 0),
	(1022, 61, 'Marchampt - Claveisoles', 25.94, '2015-09-18 11:15:00', '00:15:01', '2015-08-10 16:27:14', '2015-08-13 12:12:25', 0),
	(1023, 61, 'Lamure sur Azergues 3', 14.80, '2015-09-18 11:30:00', '00:09:00', '2015-08-10 16:27:14', '2015-08-13 12:12:25', 0),
	(1024, 61, 'Les Noirs 2', 18.66, '2015-09-18 11:45:00', '00:12:00', '2015-08-10 16:27:14', '2015-08-13 12:12:25', 0),
	(1025, 61, 'Les Sauvages 2', 12.80, '2015-09-18 12:00:00', '00:07:00', '2015-08-10 16:27:14', '2015-08-13 12:12:25', 0),
	(1026, 61, 'Les Noirs 3', 18.66, '2015-09-18 12:15:00', '00:10:01', '2015-08-10 16:27:14', '2015-08-13 12:12:25', 0),
	(1027, 61, 'Les Sauvages 3', 12.80, '2015-09-18 12:30:00', '00:07:00', '2015-08-10 16:27:14', '2015-08-13 12:12:25', 0),
	(1030, 62, 'Camiers', 12.11, '2015-09-25 09:00:00', '00:07:00', '2015-08-10 16:29:02', '2015-08-13 12:12:25', 0),
	(1031, 62, 'La Calotterie', 12.68, '2015-09-25 09:15:00', '00:08:00', '2015-08-10 16:29:02', '2015-08-13 12:12:25', 0),
	(1032, 62, 'Airon', 15.54, '2015-09-25 09:30:00', '00:09:00', '2015-08-10 16:29:02', '2015-08-13 12:12:25', 0),
	(1033, 62, 'Le Touquet', 2.26, '2015-09-25 09:45:00', '00:01:00', '2015-08-10 16:29:02', '2015-08-13 12:12:25', 0),
	(1034, 62, 'Camiers 2', 12.11, '2015-09-25 10:00:00', '00:07:01', '2015-08-10 16:29:02', '2015-08-13 12:12:25', 0),
	(1035, 62, 'La Calotterie 2', 12.68, '2015-09-25 10:15:00', '00:08:00', '2015-08-10 16:29:02', '2015-08-13 12:12:25', 0),
	(1036, 62, 'Airon 2', 15.54, '2015-09-25 10:30:00', '00:10:00', '2015-08-10 16:29:03', '2015-08-13 12:12:25', 0),
	(1037, 62, 'Le Touquet 2', 2.26, '2015-09-25 10:45:00', '00:01:00', '2015-08-10 16:29:03', '2015-08-13 12:12:25', 0),
	(1038, 62, 'Bourthes', 27.65, '2015-09-25 11:00:00', '00:15:01', '2015-08-10 16:29:03', '2015-08-13 12:12:25', 0),
	(1039, 62, 'Bourthes 2', 27.65, '2015-09-25 11:15:00', '00:17:00', '2015-08-10 16:29:03', '2015-08-13 12:12:25', 0),
	(1040, 62, 'Hucqueliers', 30.28, '2015-09-25 11:30:00', '00:20:00', '2015-08-10 16:29:03', '2015-08-13 12:12:25', 0),
	(1041, 62, 'Le Touquet 3', 2.26, '2015-09-25 11:45:00', '00:01:00', '2015-08-10 16:29:03', '2015-08-13 12:12:25', 0),
	(1042, 62, 'Hucqueliers 2', 30.28, '2015-09-25 12:00:00', '00:17:00', '2015-08-10 16:29:03', '2015-08-13 12:12:25', 0),
	(1043, 62, 'Bourthes 3', 27.65, '2015-09-25 12:15:00', '00:18:00', '2015-08-10 16:29:03', '2015-08-13 12:12:25', 0),
	(1044, 62, 'Hucqueliers 3', 30.28, '2015-09-25 12:30:00', '00:19:01', '2015-08-10 16:29:03', '2015-08-13 12:12:25', 0),
	(1047, 63, 'Stollberg', 4.72, '2015-10-02 09:00:00', '00:02:01', '2015-08-10 16:31:41', '2015-08-13 12:12:25', 0),
	(1048, 63, 'Grunhain', 14.25, '2015-10-02 09:15:00', '00:09:00', '2015-08-10 16:31:41', '2015-08-13 12:12:25', 0),
	(1049, 63, 'Gelenau', 7.17, '2015-10-02 09:30:00', '00:04:00', '2015-08-10 16:31:41', '2015-08-13 12:12:25', 0),
	(1050, 63, 'Mildenau', 7.82, '2015-10-02 09:45:00', '00:05:00', '2015-08-10 16:31:41', '2015-08-13 12:12:25', 0),
	(1051, 63, 'Grunhain 2', 14.25, '2015-10-02 10:00:00', '00:09:00', '2015-08-10 16:31:41', '2015-08-13 12:12:25', 0),
	(1052, 63, 'Gelenau 2', 7.17, '2015-10-02 10:15:00', '00:04:01', '2015-08-10 16:31:42', '2015-08-13 12:12:25', 0),
	(1053, 63, 'Mildenau 2', 7.82, '2015-10-02 10:30:00', '00:05:00', '2015-08-10 16:31:42', '2015-08-13 12:12:25', 0),
	(1054, 63, 'Gelenau 3', 7.17, '2015-10-02 10:45:00', '00:04:00', '2015-08-10 16:31:42', '2015-08-13 12:12:25', 0),
	(1055, 63, 'Jahnsdorf', 8.15, '2015-10-02 11:00:00', '00:05:00', '2015-08-10 16:31:42', '2015-08-13 12:12:25', 0),
	(1056, 63, 'Oberdorf', 11.50, '2015-10-02 11:15:00', '00:07:01', '2015-08-10 16:31:42', '2015-08-13 12:12:25', 0),
	(1057, 63, 'Jahnsdorf 2', 8.45, '2015-10-02 11:30:00', '00:05:00', '2015-08-10 16:31:42', '2015-08-13 12:12:25', 0),
	(1058, 63, 'Oberdorf 2', 11.68, '2015-10-02 11:45:00', '00:06:01', '2015-08-10 16:31:42', '2015-08-13 12:12:25', 0),
	(1059, 63, 'Jahnsdorf', 8.45, '2015-10-02 12:00:00', '00:05:00', '2015-08-10 16:31:42', '2015-08-13 12:12:25', 0),
	(1060, 63, 'Oberdorf', 11.68, '2015-10-02 12:15:00', '00:07:00', '2015-08-10 16:31:42', '2015-08-13 12:12:25', 0),
	(1064, 64, 'Lydford', 8.66, '2015-10-09 09:00:00', '00:05:01', '2015-08-10 16:38:22', '2015-08-13 12:12:25', 0),
	(1065, 64, 'Reynolds', 8.86, '2015-10-09 09:15:00', '00:05:01', '2015-08-10 16:38:22', '2015-08-13 12:12:25', 0),
	(1066, 64, 'Lydford 2', 8.66, '2015-10-09 09:30:00', '00:05:01', '2015-08-10 16:38:22', '2015-08-13 12:12:25', 0),
	(1067, 64, 'Reynolds 2', 8.86, '2015-10-09 09:45:00', '00:05:01', '2015-08-10 16:38:22', '2015-08-13 12:12:25', 0),
	(1068, 64, 'Lydford 3', 8.66, '2015-10-09 10:00:00', '00:05:01', '2015-08-10 16:38:22', '2015-08-13 12:12:25', 0),
	(1069, 64, 'Reynolds 3', 8.86, '2015-10-09 10:15:00', '00:05:01', '2015-08-10 16:38:22', '2015-08-13 12:12:25', 0),
	(1070, 64, 'Haddon Pen', 8.99, '2015-10-09 10:30:00', '00:06:00', '2015-08-10 16:38:22', '2015-08-13 12:12:25', 0),
	(1071, 64, 'Reynolds 4', 8.86, '2015-10-09 10:45:00', '00:06:00', '2015-08-10 16:38:22', '2015-08-13 12:12:25', 0),
	(1072, 64, 'Haddon Pen 2', 8.99, '2015-10-09 11:00:00', '00:05:01', '2015-08-10 16:38:22', '2015-08-13 12:12:25', 0),
	(1073, 64, 'Haddon Pen 3', 8.99, '2015-10-09 11:15:00', '00:05:00', '2015-08-10 16:38:22', '2015-08-13 12:12:25', 0),
	(1074, 64, 'New Works', 5.27, '2015-10-09 11:30:00', '00:03:00', '2015-08-10 16:38:22', '2015-08-13 12:12:25', 0),
	(1075, 64, 'Bybrook', 7.20, '2015-10-09 11:45:00', '00:04:01', '2015-08-10 16:38:23', '2015-08-13 12:12:25', 0),
	(1076, 64, 'New Works 2', 5.27, '2015-10-09 12:00:00', '00:03:01', '2015-08-10 16:38:23', '2015-08-13 12:12:25', 0),
	(1077, 64, 'Bybrook 2', 7.20, '2015-10-09 12:15:00', '00:04:01', '2015-08-10 16:38:23', '2015-08-13 12:12:25', 0),
	(1078, 64, 'New Works 3', 5.27, '2015-10-09 12:30:00', '00:02:01', '2015-08-10 16:38:23', '2015-08-13 12:12:25', 0),
	(1079, 64, 'Bybrook 3', 7.20, '2015-10-09 12:45:00', '00:04:00', '2015-08-10 16:38:23', '2015-08-13 12:12:25', 0),
	(1080, 64, 'Wakefield', 5.73, '2015-10-09 13:00:00', '00:03:00', '2015-08-10 16:38:23', '2015-08-13 12:12:25', 0),
	(1081, 65, 'Schutte Informatisering', 10.22, '2015-10-16 09:00:00', '00:06:00', '2015-08-10 16:41:16', '2015-08-13 12:12:25', 0),
	(1082, 65, 'Eurol Lubricants', 6.51, '2015-10-16 09:15:00', '00:03:01', '2015-08-10 16:41:16', '2015-08-13 12:12:25', 0),
	(1083, 65, 'Teunis Automotive', 6.12, '2015-10-16 09:30:00', '00:04:00', '2015-08-10 16:41:16', '2015-08-13 12:12:25', 0),
	(1084, 65, 'Schutte Informatisering 2', 10.22, '2015-10-16 09:45:00', '00:06:01', '2015-08-10 16:41:16', '2015-08-13 12:12:25', 0),
	(1085, 65, 'Eurol Lubricants 2', 6.51, '2015-10-16 10:00:00', '00:03:01', '2015-08-10 16:41:16', '2015-08-13 12:12:25', 0),
	(1086, 65, 'Teunis Automotive 2', 6.12, '2015-10-16 10:15:00', '00:03:01', '2015-08-10 16:41:17', '2015-08-13 12:12:25', 0),
	(1087, 65, 'Hegeman Bouw', 13.89, '2015-10-16 10:30:00', '00:08:01', '2015-08-10 16:41:17', '2015-08-13 12:12:25', 0),
	(1088, 65, 'Reggesign Reclame', 10.36, '2015-10-16 10:45:00', '00:06:01', '2015-08-10 16:41:17', '2015-08-13 12:12:25', 0),
	(1089, 65, 'Hegeman Bouw 2', 13.89, '2015-10-16 11:00:00', '00:08:01', '2015-08-10 16:41:17', '2015-08-13 12:12:25', 0),
	(1090, 65, 'Reggesign Reclame 2', 10.36, '2015-10-16 11:15:00', '00:06:00', '2015-08-10 16:41:17', '2015-08-13 12:12:25', 0),
	(1091, 65, 'Ten Brinke', 12.67, '2015-10-16 11:30:00', '00:08:00', '2015-08-10 16:41:17', '2015-08-13 12:12:25', 0),
	(1092, 65, 'Tijhof', 8.48, '2015-10-16 11:45:00', '00:05:01', '2015-08-10 16:41:17', '2015-08-13 12:12:25', 0),
	(1093, 65, 'Wolves Berging', 11.59, '2015-10-16 12:00:00', '00:07:01', '2015-08-10 16:41:17', '2015-08-13 12:12:25', 0),
	(1094, 65, 'Ten Brinke 2', 12.67, '2015-10-16 12:15:00', '00:07:00', '2015-08-10 16:41:17', '2015-08-13 12:12:25', 0),
	(1095, 65, 'Tijhof 2', 8.48, '2015-10-16 12:30:00', '00:04:01', '2015-08-10 16:41:17', '2015-08-13 12:12:25', 0),
	(1096, 65, 'Wolves Berging 2', 11.59, '2015-10-16 12:45:00', '00:07:01', '2015-08-10 16:41:17', '2015-08-13 12:12:25', 0),
	(1098, 66, 'Tenten - Huelmes', 12.56, '2015-10-23 09:00:00', '00:08:00', '2015-08-10 16:47:23', '2015-08-13 12:12:25', 0),
	(1099, 66, 'Petten - Rouscht', 5.25, '2015-10-23 09:15:00', '00:03:01', '2015-08-10 16:47:23', '2015-08-13 12:12:25', 0),
	(1100, 66, 'Platen - Horass', 6.74, '2015-10-23 09:30:00', '00:04:00', '2015-08-10 16:47:23', '2015-08-13 12:12:25', 0),
	(1101, 66, 'Tenten - Huelmes 2', 12.56, '2015-10-23 09:45:00', '00:08:00', '2015-08-10 16:47:23', '2015-08-13 12:12:25', 0),
	(1102, 66, 'Petten - Rouscht 2', 5.25, '2015-10-23 10:00:00', '00:03:00', '2015-08-10 16:47:23', '2015-08-13 12:12:25', 0),
	(1103, 66, 'Platen - Horass 2', 6.74, '2015-10-23 10:15:00', '00:04:00', '2015-08-10 16:47:23', '2015-08-13 12:12:25', 0),
	(1104, 66, 'Tenten - Huelmes 3', 12.56, '2015-10-23 10:30:00', '00:07:01', '2015-08-10 16:47:24', '2015-08-13 12:12:25', 0),
	(1105, 66, 'Petten - Rouscht 3', 5.25, '2015-10-23 10:45:00', '00:03:00', '2015-08-10 16:47:24', '2015-08-13 12:12:25', 0),
	(1106, 66, 'Platen - Horass 3', 6.74, '2015-10-23 11:00:00', '00:03:01', '2015-08-10 16:47:24', '2015-08-13 12:12:25', 0),
	(1107, 66, 'Reiden - Noojhem', 20.19, '2015-10-23 11:15:00', '00:13:00', '2015-08-10 16:47:24', '2015-08-13 12:12:25', 0),
	(1108, 66, 'Horass - Platen', 10.99, '2015-10-23 11:30:00', '00:07:00', '2015-08-10 16:47:24', '2015-08-13 12:12:25', 0),
	(1109, 66, 'Reiden - Noojhem 2', 20.19, '2015-10-23 11:45:00', '00:12:01', '2015-08-10 16:47:24', '2015-08-13 12:12:25', 0),
	(1110, 66, 'Horass - Platen 2', 10.99, '2015-10-23 12:00:00', '00:06:01', '2015-08-10 16:47:24', '2015-08-13 12:12:25', 0),
	(1111, 66, 'Reiden - Noojhem 3', 20.19, '2015-10-23 12:15:00', '00:11:00', '2015-08-10 16:47:24', '2015-08-13 12:12:25', 0),
	(1112, 66, 'Horass - Platen 3', 10.99, '2015-10-23 12:30:00', '00:06:01', '2015-08-10 16:47:24', '2015-08-13 12:12:25', 0),
	(1115, 67, 'Nabat Lusail', 19.33, '2015-10-30 09:00:00', '00:12:01', '2015-08-10 16:50:08', '2015-08-13 12:12:25', 0),
	(1116, 67, 'Umm Al Hal', 12.99, '2015-10-30 09:15:00', '00:07:01', '2015-08-10 16:50:08', '2015-08-13 12:12:25', 0),
	(1117, 67, 'Al Waker', 10.19, '2015-10-30 09:30:00', '00:06:00', '2015-08-10 16:50:08', '2015-08-13 12:12:25', 0),
	(1118, 67, 'QMMF', 28.31, '2015-10-30 09:45:00', '00:17:01', '2015-08-10 16:50:08', '2015-08-13 12:12:25', 0),
	(1119, 67, 'Nabat Lusail 2', 19.33, '2015-10-30 10:00:00', '00:10:01', '2015-08-10 16:50:08', '2015-08-13 12:12:25', 0),
	(1120, 67, 'Umm Al Hal 2', 12.99, '2015-10-30 10:15:00', '00:07:01', '2015-08-10 16:50:08', '2015-08-13 12:12:25', 0),
	(1121, 67, 'Al Waker 2', 10.19, '2015-10-30 10:30:00', '00:06:00', '2015-08-10 16:50:08', '2015-08-13 12:12:25', 0),
	(1122, 67, 'QMMF 2', 28.31, '2015-10-30 10:45:00', '00:17:00', '2015-08-10 16:50:08', '2015-08-13 12:12:25', 0),
	(1123, 67, 'Al Wakrah', 25.83, '2015-10-30 11:00:00', '00:15:01', '2015-08-10 16:50:08', '2015-08-13 12:12:25', 0),
	(1124, 67, 'QMMF 3', 28.31, '2015-10-30 11:15:00', '00:16:00', '2015-08-10 16:50:08', '2015-08-13 12:12:25', 0),
	(1125, 67, 'Al Negian', 7.90, '2015-10-30 11:30:00', '00:04:01', '2015-08-10 16:50:09', '2015-08-13 12:12:25', 0),
	(1126, 67, 'Al Wakrah 2', 25.83, '2015-10-30 11:45:00', '00:16:00', '2015-08-10 16:50:09', '2015-08-13 12:12:25', 0),
	(1127, 67, 'QMMF 4', 28.31, '2015-10-30 12:00:00', '00:16:01', '2015-08-10 16:50:09', '2015-08-13 12:12:25', 0),
	(1128, 67, 'Al Negian 2', 7.90, '2015-10-30 12:15:00', '00:05:00', '2015-08-10 16:50:09', '2015-08-13 12:12:25', 0),
	(1129, 67, 'Al Wakrah 3', 25.83, '2015-10-30 12:30:00', '00:17:01', '2015-08-10 16:50:09', '2015-08-13 12:12:25', 0),
	(1130, 67, 'Al Negian 3', 7.90, '2015-10-30 12:45:00', '00:04:01', '2015-08-10 16:50:09', '2015-08-13 12:12:25', 0),
	(1132, 68, 'Salgovik', 10.76, '2015-08-15 09:00:00', '00:07:00', '2015-08-10 16:52:25', '2015-08-15 09:00:01', 1),
	(1133, 68, 'Zlata Baoa 3', 24.32, '2015-08-15 09:15:00', '00:16:01', '2015-08-10 16:52:25', '2015-08-15 09:15:01', 1),
	(1134, 68, 'Lubotice', 6.32, '2015-08-15 09:30:00', '00:03:01', '2015-08-10 16:52:25', '2015-08-15 09:30:01', 1),
	(1135, 68, 'Salgovik 2', 10.16, '2015-08-15 09:45:00', '00:06:01', '2015-08-10 16:52:25', '2015-08-15 09:45:01', 1),
	(1136, 68, 'Zlata Baoa 2', 24.32, '2015-08-15 10:00:00', '00:16:00', '2015-08-10 16:52:25', '2015-08-15 10:00:01', 1),
	(1137, 68, 'Lubotice 2', 6.51, '2015-08-15 10:15:00', '00:03:01', '2015-08-10 16:52:25', '2015-08-15 10:15:01', 1),
	(1138, 68, 'Obisovce', 23.31, '2015-08-15 10:30:00', '00:15:00', '2015-08-10 16:52:26', '2015-08-15 10:30:01', 1),
	(1139, 68, 'Vitaz', 17.93, '2015-08-15 10:45:00', '00:10:00', '2015-08-10 16:52:26', '2015-08-15 10:45:01', 1),
	(1140, 68, 'Obisovce 2', 23.31, '2015-08-15 11:00:00', '00:15:01', '2015-08-10 16:52:26', '2015-08-15 11:00:01', 1),
	(1141, 68, 'Vitaz 2', 17.93, '2015-08-15 11:15:00', '00:11:00', '2015-08-10 16:52:26', '2015-08-15 11:15:01', 1),
	(1142, 68, 'Obisovce 3', 23.31, '2015-08-15 11:30:00', '00:13:01', '2015-08-10 16:52:26', '2015-08-15 11:30:01', 1),
	(1143, 68, 'Vitaz 3', 17.93, '2015-08-15 11:45:00', '00:10:00', '2015-08-10 16:52:26', '2015-08-15 11:45:01', 1),
	(1144, 68, 'Salgovik', 10.16, '2015-08-15 12:00:00', '00:06:01', '2015-08-10 16:52:26', '2015-08-15 12:00:01', 1),
	(1145, 68, 'Zlata Baoa', 24.32, '2015-08-15 12:15:00', '00:14:01', '2015-08-10 16:52:26', '2015-08-15 12:15:01', 1),
	(1146, 68, 'Lubotice', 6.51, '2015-08-15 12:30:00', '00:04:00', '2015-08-10 16:52:26', '2015-08-15 12:30:02', 1),
	(1149, 69, 'Carron Valley', 8.49, '2015-08-22 09:00:00', '00:05:00', '2015-08-10 16:54:39', '2015-08-22 09:00:01', 1),
	(1150, 69, 'Carron Valley 2', 8.49, '2015-08-22 09:15:00', '00:04:01', '2015-08-10 16:54:39', '2015-08-22 09:15:01', 1),
	(1151, 69, 'Craigvinean', 16.29, '2015-08-22 09:30:00', '00:10:01', '2015-08-10 16:54:39', '2015-08-22 09:30:01', 1),
	(1152, 69, 'Drummond Hill', 13.65, '2015-08-22 09:45:00', '00:08:01', '2015-08-10 16:54:39', '2015-08-22 09:45:01', 1),
	(1153, 69, 'Errochty', 17.85, '2015-08-22 10:00:00', '00:12:00', '2015-08-10 16:54:39', '2015-08-22 10:00:01', 1),
	(1154, 69, 'Craigvinean 2', 16.29, '2015-08-22 10:15:00', '00:11:00', '2015-08-10 16:54:39', '2015-08-22 10:15:01', 1),
	(1155, 69, 'Drummond Hill 2', 13.65, '2015-08-22 10:30:00', '00:08:00', '2015-08-10 16:54:39', '2015-08-22 10:30:01', 1),
	(1156, 69, 'Errochty 2', 17.85, '2015-08-22 10:45:00', '00:11:00', '2015-08-10 16:54:39', '2015-08-22 10:45:01', 1),
	(1157, 69, 'Carron Valley 3', 8.49, '2015-08-22 11:00:00', '00:05:00', '2015-08-10 16:54:39', '2015-08-22 11:00:01', 1),
	(1158, 69, 'Loch Chon', 9.29, '2015-08-22 11:15:00', '00:06:00', '2015-08-10 16:54:39', '2015-08-22 11:15:01', 1),
	(1159, 69, 'High Corrie', 25.62, '2015-08-22 11:30:00', '00:16:01', '2015-08-10 16:54:39', '2015-08-22 11:30:01', 1),
	(1160, 69, 'Loch Chon 2', 9.29, '2015-08-22 11:45:00', '00:06:00', '2015-08-10 16:54:39', '2015-08-22 11:45:01', 1),
	(1161, 69, 'High Corrie 2', 25.62, '2015-08-22 12:00:00', '00:17:00', '2015-08-10 16:54:39', '2015-08-22 12:00:01', 1),
	(1162, 69, 'Scone Palace', 2.60, '2015-08-22 12:15:00', '00:01:01', '2015-08-10 16:54:39', '2015-08-22 12:15:01', 1),
	(1163, 69, 'Scone Palace 2', 2.60, '2015-08-22 12:30:00', '00:01:01', '2015-08-10 16:54:40', '2015-08-22 12:30:02', 1),
	(1166, 70, 'Palix', 9.48, '2015-08-29 09:00:00', '00:06:00', '2015-08-10 17:20:46', '2015-08-13 12:12:25', 0),
	(1167, 70, 'Palix 2', 9.48, '2015-08-29 09:15:00', '00:06:00', '2015-08-10 17:20:46', '2015-08-13 12:12:25', 0),
	(1168, 70, 'Smith Creek', 10.19, '2015-08-29 09:30:00', '00:07:00', '2015-08-10 17:20:46', '2015-08-13 12:12:25', 0),
	(1169, 70, 'Brooklyn', 11.97, '2015-08-29 09:45:00', '00:07:00', '2015-08-10 17:20:46', '2015-08-13 12:12:25', 0),
	(1170, 70, 'Brooklyn 2', 11.97, '2015-08-29 10:00:00', '00:07:00', '2015-08-10 17:20:46', '2015-08-13 12:12:25', 0),
	(1171, 70, 'Smith Creek 2', 10.19, '2015-08-29 10:15:00', '00:06:01', '2015-08-10 17:20:46', '2015-08-13 12:12:25', 0),
	(1172, 70, 'Pico', 15.36, '2015-08-29 10:30:00', '00:10:00', '2015-08-10 17:20:46', '2015-08-13 12:12:25', 0),
	(1173, 70, 'Pico 2', 15.36, '2015-08-29 10:45:00', '00:10:00', '2015-08-10 17:20:46', '2015-08-13 12:12:25', 0),
	(1174, 70, 'Wreck Creek', 6.71, '2015-08-29 11:00:00', '00:04:00', '2015-08-10 17:20:46', '2015-08-13 12:12:25', 0),
	(1175, 70, 'Wreck Creek 2', 6.71, '2015-08-29 11:15:00', '00:04:00', '2015-08-10 17:20:46', '2015-08-13 12:12:25', 0),
	(1176, 70, 'Taholah', 18.20, '2015-08-29 11:30:00', '00:10:01', '2015-08-10 17:20:47', '2015-08-13 12:12:25', 0),
	(1177, 70, 'Black Bear Highway', 7.22, '2015-08-29 11:45:00', '00:04:00', '2015-08-10 17:20:47', '2015-08-13 12:12:25', 0),
	(1178, 70, 'Taholah 2', 18.20, '2015-08-29 12:00:00', '00:11:00', '2015-08-10 17:20:47', '2015-08-13 12:12:25', 0),
	(1179, 70, 'Black Bear Highway 2', 7.22, '2015-08-29 12:15:00', '00:04:01', '2015-08-10 17:20:47', '2015-08-13 12:12:25', 0),
	(1183, 71, 'Guide Valley', 4.11, '2015-09-05 09:00:00', '00:02:01', '2015-08-10 17:24:19', '2015-08-13 12:12:25', 0),
	(1184, 71, 'Tewkesbury', 4.71, '2015-09-05 09:15:00', '00:02:01', '2015-08-10 17:24:19', '2015-08-13 12:12:25', 0),
	(1185, 71, 'Hellyer Leslie', 19.20, '2015-09-05 09:30:00', '00:12:00', '2015-08-10 17:24:19', '2015-08-13 12:12:25', 0),
	(1186, 71, 'Hellyer Leslie 2', 19.20, '2015-09-05 09:45:00', '00:12:00', '2015-08-10 17:24:19', '2015-08-13 12:12:25', 0),
	(1187, 71, 'Savage River', 24.99, '2015-09-05 10:00:00', '00:15:00', '2015-08-10 17:24:19', '2015-08-13 12:12:25', 0),
	(1188, 71, 'Savage River 2', 24.99, '2015-09-05 10:15:00', '00:15:01', '2015-08-10 17:24:19', '2015-08-13 12:12:25', 0),
	(1189, 71, 'Hellyer Leslie 3', 19.20, '2015-09-05 10:30:00', '00:11:01', '2015-08-10 17:24:19', '2015-08-13 12:12:25', 0),
	(1190, 71, 'Yolla North', 5.83, '2015-09-05 10:45:00', '00:03:01', '2015-08-10 17:24:19', '2015-08-13 12:12:25', 0),
	(1191, 71, 'Oldina North', 7.53, '2015-09-05 11:00:00', '00:04:01', '2015-08-10 17:24:19', '2015-08-13 12:12:25', 0),
	(1192, 71, 'Yolla North 2', 5.83, '2015-09-05 11:15:00', '00:03:01', '2015-08-10 17:24:19', '2015-08-13 12:12:25', 0),
	(1193, 71, 'Oldina North 2', 7.53, '2015-09-05 11:30:00', '00:04:01', '2015-08-10 17:24:19', '2015-08-13 12:12:25', 0),
	(1194, 71, 'Paloona Dam', 5.15, '2015-09-05 11:45:00', '00:03:00', '2015-08-10 17:24:19', '2015-08-13 12:12:25', 0),
	(1195, 71, 'Mt. Roland', 7.53, '2015-09-05 12:00:00', '00:04:00', '2015-08-10 17:24:19', '2015-08-13 12:12:25', 0),
	(1196, 71, 'King Solomon', 15.80, '2015-09-05 12:15:00', '00:10:00', '2015-08-10 17:24:19', '2015-08-13 12:12:25', 0),
	(1197, 71, 'Gog Range', 7.31, '2015-09-05 12:30:00', '00:04:01', '2015-08-10 17:24:20', '2015-08-13 12:12:25', 0),
	(1198, 71, 'Mt. Roland 2', 7.53, '2015-09-05 12:45:00', '00:04:01', '2015-08-10 17:24:20', '2015-08-13 12:12:25', 0),
	(1199, 71, 'King Solomon 2', 15.80, '2015-09-05 13:00:00', '00:10:00', '2015-08-10 17:24:20', '2015-08-13 12:12:25', 0),
	(1200, 72, 'Lysgard', 14.36, '2015-09-12 09:00:00', '00:09:00', '2015-08-10 17:28:35', '2015-08-13 12:12:25', 0),
	(1201, 72, 'Kjellerup', 2.56, '2015-09-12 09:15:00', '00:01:01', '2015-08-10 17:28:36', '2015-08-13 12:12:25', 0),
	(1202, 72, 'Sjorslev', 20.85, '2015-09-12 09:30:00', '00:14:00', '2015-08-10 17:28:36', '2015-08-13 12:12:25', 0),
	(1203, 72, 'Demstrup', 6.41, '2015-09-12 09:45:00', '00:03:01', '2015-08-10 17:28:36', '2015-08-13 12:12:25', 0),
	(1204, 72, 'Lysgard 2', 14.36, '2015-09-12 10:00:00', '00:08:00', '2015-08-10 17:28:37', '2015-08-13 12:12:25', 0),
	(1205, 72, 'Kjellerup 2', 2.56, '2015-09-12 10:15:00', '00:01:01', '2015-08-10 17:28:37', '2015-08-13 12:12:25', 0),
	(1206, 72, 'Sjorslev 2', 20.85, '2015-09-12 10:30:00', '00:11:01', '2015-08-10 17:28:37', '2015-08-13 12:12:25', 0),
	(1207, 72, 'Demstrup 2', 6.41, '2015-09-12 10:45:00', '00:04:00', '2015-08-10 17:28:38', '2015-08-13 12:12:25', 0),
	(1208, 72, 'Hindberg', 7.38, '2015-09-12 11:00:00', '00:04:01', '2015-08-10 17:28:38', '2015-08-13 12:12:25', 0),
	(1209, 72, 'Frederiksdal', 8.99, '2015-09-12 11:15:00', '00:06:00', '2015-08-10 17:28:39', '2015-08-13 12:12:25', 0),
	(1210, 72, 'Hinge', 6.51, '2015-09-12 11:30:00', '00:04:00', '2015-08-10 17:28:39', '2015-08-13 12:12:25', 0),
	(1211, 72, 'Hindberg 2', 7.38, '2015-09-12 11:45:00', '00:04:01', '2015-08-10 17:28:39', '2015-08-13 12:12:25', 0),
	(1212, 72, 'Frederiksdal 2', 8.99, '2015-09-12 12:00:00', '00:05:01', '2015-08-10 17:28:39', '2015-08-13 12:12:25', 0),
	(1213, 72, 'Hinge 2', 6.51, '2015-09-12 12:15:00', '00:03:01', '2015-08-10 17:28:39', '2015-08-13 12:12:25', 0),
	(1214, 72, 'Kjellerup 3', 2.56, '2015-09-12 12:30:00', '00:01:00', '2015-08-10 17:28:39', '2015-08-13 12:12:25', 0),
	(1217, 73, 'Saporro', 1.85, '2015-09-19 09:00:00', '00:01:00', '2015-08-10 17:30:34', '2015-08-13 12:12:25', 0),
	(1218, 73, 'Saporro 2', 1.85, '2015-09-19 09:15:00', '00:01:00', '2015-08-10 17:30:34', '2015-08-13 12:12:25', 0),
	(1219, 73, 'Iwanke', 26.67, '2015-09-19 09:30:00', '00:16:01', '2015-08-10 17:30:34', '2015-08-13 12:12:25', 0),
	(1220, 73, 'Kamauycep', 33.69, '2015-09-19 09:45:00', '00:19:01', '2015-08-10 17:30:34', '2015-08-13 12:12:25', 0),
	(1221, 73, 'Kina', 9.25, '2015-09-19 10:00:00', '00:06:00', '2015-08-10 17:30:34', '2015-08-13 12:12:25', 0),
	(1222, 73, 'Iwanke 2', 26.67, '2015-09-19 10:15:00', '00:17:01', '2015-08-10 17:30:34', '2015-08-13 12:12:25', 0),
	(1223, 73, 'Kamuycep 2', 33.34, '2015-09-19 10:30:00', '00:21:00', '2015-08-10 17:30:35', '2015-08-13 12:12:25', 0),
	(1224, 73, 'Kina 2', 9.25, '2015-09-19 10:45:00', '00:05:00', '2015-08-10 17:30:35', '2015-08-13 12:12:25', 0),
	(1225, 73, 'Saporro 3', 1.85, '2015-09-19 11:00:00', '00:01:00', '2015-08-10 17:30:35', '2015-08-13 12:12:25', 0),
	(1226, 73, 'Saporro 4', 1.85, '2015-09-19 11:15:00', '00:01:00', '2015-08-10 17:30:35', '2015-08-13 12:12:25', 0),
	(1227, 73, 'Nikara', 17.30, '2015-09-19 11:30:00', '00:11:01', '2015-08-10 17:30:35', '2015-08-13 12:12:25', 0),
	(1228, 73, 'Sikot', 27.28, '2015-09-19 11:45:00', '00:16:00', '2015-08-10 17:30:35', '2015-08-13 12:12:25', 0),
	(1229, 73, 'Koyka', 3.66, '2015-09-19 12:00:00', '00:02:00', '2015-08-10 17:30:35', '2015-08-13 12:12:25', 0),
	(1230, 73, 'Nikara 2', 17.30, '2015-09-19 12:15:00', '00:10:01', '2015-08-10 17:30:35', '2015-08-13 12:12:25', 0),
	(1231, 73, 'Sikot 2', 27.28, '2015-09-19 12:30:00', '00:16:00', '2015-08-10 17:30:35', '2015-08-13 12:12:25', 0),
	(1232, 73, 'Koyka 2', 3.66, '2015-09-19 12:45:00', '00:02:00', '2015-08-10 17:30:35', '2015-08-13 12:12:26', 0),
	(1233, 73, 'Saporro 5', 1.85, '2015-09-19 13:00:00', '00:01:00', '2015-08-10 17:30:35', '2015-08-13 12:12:26', 0),
	(1234, 74, 'Krzeszowice Rynek', 1.35, '2015-09-26 09:00:00', '00:00:01', '2015-08-10 17:47:58', '2015-08-13 12:12:26', 0),
	(1235, 74, 'Krzeszowice - Zalas', 7.53, '2015-09-26 09:15:00', '00:04:00', '2015-08-10 17:47:58', '2015-08-13 12:12:26', 0),
	(1236, 74, 'Sanka - Tenczynek', 6.84, '2015-09-26 09:30:00', '00:04:00', '2015-08-10 17:47:58', '2015-08-13 12:12:26', 0),
	(1237, 74, 'Tenczynek - Paczoltowice Golf', 10.51, '2015-09-26 09:45:00', '00:07:00', '2015-08-10 17:47:58', '2015-08-13 12:12:26', 0),
	(1238, 74, 'Paczoltowice Golf - Nowa Gora', 11.94, '2015-09-26 10:00:00', '00:06:01', '2015-08-10 17:47:58', '2015-08-13 12:12:26', 0),
	(1239, 74, 'Nowa Gora - Trzebinia Chechlo', 15.75, '2015-09-26 10:15:00', '00:09:00', '2015-08-10 17:47:58', '2015-08-13 12:12:26', 0),
	(1240, 74, 'Trzebinia Chechlo - Rudno', 17.63, '2015-09-26 10:30:00', '00:11:01', '2015-08-10 17:47:58', '2015-08-13 12:12:26', 0),
	(1241, 74, 'Rudno Zamek', 1.88, '2015-09-26 10:45:00', '00:01:00', '2015-08-10 17:47:58', '2015-08-13 12:12:26', 0),
	(1242, 74, 'Rudno - Krzeszowice', 9.46, '2015-09-26 11:00:00', '00:06:00', '2015-08-10 17:47:58', '2015-08-13 12:12:26', 0),
	(1243, 74, 'Krzeszowice - Rudawa', 8.26, '2015-09-26 11:15:00', '00:05:01', '2015-08-10 17:47:58', '2015-08-13 12:12:26', 0),
	(1244, 74, 'Rudawa - Siedlec', 4.36, '2015-09-26 11:30:00', '00:02:01', '2015-08-10 17:47:58', '2015-08-13 12:12:26', 0),
	(1245, 74, 'Siedlec - Krzeszowice', 4.46, '2015-09-26 11:45:00', '00:02:01', '2015-08-10 17:47:58', '2015-08-13 12:12:26', 0),
	(1246, 74, 'Krzeszowice Rynek 2', 1.35, '2015-09-26 12:00:00', '00:00:01', '2015-08-10 17:47:59', '2015-08-13 12:12:26', 0),
	(1247, 74, 'Krzeszowice - Czerna', 3.59, '2015-09-26 12:15:00', '00:02:00', '2015-08-10 17:47:59', '2015-08-13 12:12:26', 0),
	(1248, 74, 'Czerna - Filipowice', 7.33, '2015-09-26 12:30:00', '00:04:01', '2015-08-10 17:47:59', '2015-08-13 12:12:26', 0),
	(1249, 74, 'Krzeszowice Rynek 3', 1.35, '2015-09-26 12:45:00', '00:00:01', '2015-08-10 17:47:59', '2015-08-13 12:12:26', 0),
	(1251, 75, 'Bochnia Rynek', 1.70, '2015-10-03 09:00:00', '00:01:00', '2015-08-11 11:03:43', '2015-08-13 12:12:26', 0),
	(1252, 75, 'Bo-Glass', 5.14, '2015-10-03 09:15:00', '00:02:01', '2015-08-11 11:03:43', '2015-08-13 12:12:26', 0),
	(1253, 75, 'Lapanow', 8.40, '2015-10-03 09:30:00', '00:05:00', '2015-08-11 11:03:43', '2015-08-13 12:12:26', 0),
	(1254, 75, 'Lapanow - Laskowa', 23.30, '2015-10-03 09:45:00', '00:15:00', '2015-08-11 11:03:44', '2015-08-13 12:12:26', 0),
	(1255, 75, 'Laskowa - Krosna', 7.24, '2015-10-03 10:00:00', '00:04:00', '2015-08-11 11:03:44', '2015-08-13 12:12:26', 0),
	(1256, 75, 'Krosna - Bilsko', 11.47, '2015-10-03 10:15:00', '00:07:00', '2015-08-11 11:03:44', '2015-08-13 12:12:26', 0),
	(1257, 75, 'Bilsko - Iwkowa', 11.89, '2015-10-03 10:30:00', '00:07:01', '2015-08-11 11:03:44', '2015-08-13 12:12:26', 0),
	(1258, 75, 'Iwkowa - Lipnica Murowana', 13.94, '2015-10-03 10:45:00', '00:09:01', '2015-08-11 11:03:44', '2015-08-13 12:12:26', 0),
	(1259, 75, 'Lipnica Murowana - Nowy Wisnicz', 8.85, '2015-10-03 11:00:00', '00:05:00', '2015-08-11 11:03:44', '2015-08-13 12:12:26', 0),
	(1260, 75, 'Nowy Wisnicz - Bochnia', 7.86, '2015-10-03 11:15:00', '00:04:00', '2015-08-11 11:03:44', '2015-08-13 12:12:26', 0),
	(1261, 75, 'Bochnia Rynek 2', 1.70, '2015-10-03 11:30:00', '00:01:00', '2015-08-11 11:03:44', '2015-08-13 12:12:26', 0),
	(1262, 75, 'Rzezawa - Nowe Brzesko', 25.68, '2015-10-03 11:45:00', '00:17:00', '2015-08-11 11:03:44', '2015-08-13 12:12:26', 0),
	(1263, 75, 'Nowe Brzesko - Niepolomice', 20.37, '2015-10-03 12:00:00', '00:11:01', '2015-08-11 11:03:44', '2015-08-13 12:12:26', 0),
	(1264, 75, 'Niepolomice - Bochnia', 20.17, '2015-10-03 12:15:00', '00:12:00', '2015-08-11 11:03:44', '2015-08-13 12:12:26', 0),
	(1265, 75, 'Bochnia Rynek 3', 1.70, '2015-10-03 12:30:00', '00:01:00', '2015-08-11 11:03:44', '2015-08-13 12:12:26', 0),
	(1268, 76, 'Krakow Rynek', 2.85, '2015-10-10 09:00:00', '00:01:01', '2015-08-11 11:13:27', '2015-08-13 12:12:26', 0),
	(1269, 76, 'Kazimierz - Ruczaj', 5.69, '2015-10-10 09:15:00', '00:03:00', '2015-08-11 11:13:27', '2015-08-13 12:12:26', 0),
	(1270, 76, 'Ruczaj - Skawina', 9.39, '2015-10-10 09:30:00', '00:05:00', '2015-08-11 11:13:27', '2015-08-13 12:12:26', 0),
	(1271, 76, 'Skawina - Liszki', 14.27, '2015-10-10 09:45:00', '00:09:00', '2015-08-11 11:13:28', '2015-08-13 12:12:26', 0),
	(1272, 76, 'Liszki - Brzoskwinia', 10.50, '2015-10-10 10:00:00', '00:07:00', '2015-08-11 11:13:28', '2015-08-13 12:12:26', 0),
	(1273, 76, 'Brzoskwinia - Zabierzow', 10.53, '2015-10-10 10:15:00', '00:07:00', '2015-08-11 11:13:28', '2015-08-13 12:12:26', 0),
	(1274, 76, 'Zabierzow - Skala', 21.37, '2015-10-10 10:30:00', '00:12:00', '2015-08-11 11:13:28', '2015-08-13 12:12:26', 0),
	(1275, 76, 'Skala - Miechow', 28.10, '2015-10-10 10:45:00', '00:18:01', '2015-08-11 11:13:28', '2015-08-13 12:12:26', 0),
	(1276, 76, 'Miechow - Slomniki', 15.97, '2015-10-10 11:00:00', '00:10:00', '2015-08-11 11:13:28', '2015-08-13 12:12:26', 0),
	(1277, 76, 'Slomniki - Proszowice', 17.88, '2015-10-10 11:15:00', '00:10:01', '2015-08-11 11:13:28', '2015-08-13 12:12:26', 0),
	(1278, 76, 'Proszowice - Nowa Huta', 24.31, '2015-10-10 11:30:00', '00:16:01', '2015-08-11 11:13:28', '2015-08-13 12:12:26', 0),
	(1279, 76, 'Nowa Huta - Plaszow', 17.54, '2015-10-10 11:45:00', '00:10:00', '2015-08-11 11:13:28', '2015-08-13 12:12:26', 0),
	(1280, 76, 'Plaszow - Wieliczka', 10.43, '2015-10-10 12:00:00', '00:06:01', '2015-08-11 11:13:28', '2015-08-13 12:12:26', 0),
	(1281, 76, 'Wieliczka - Rybitwy', 10.48, '2015-10-10 12:15:00', '00:07:00', '2015-08-11 11:13:28', '2015-08-13 12:12:26', 0),
	(1282, 76, 'Rybitwy - Wawel', 7.85, '2015-10-10 12:30:00', '00:05:00', '2015-08-11 11:13:28', '2015-08-13 12:12:26', 0),
	(1283, 76, 'Krakow Rynek 2', 2.85, '2015-10-10 12:45:00', '00:01:01', '2015-08-11 11:13:28', '2015-08-13 12:12:26', 0),
	(1285, 77, 'Gdansk - Gdynia', 34.19, '2015-10-17 09:00:00', '00:20:01', '2015-08-11 11:24:14', '2015-08-13 12:12:26', 0),
	(1286, 77, 'Gdynia - Puck', 32.30, '2015-10-17 09:15:00', '00:21:00', '2015-08-11 11:24:14', '2015-08-13 12:12:26', 0),
	(1287, 77, 'Gdynia - Wladyslawowo', 14.39, '2015-10-17 09:30:00', '00:08:01', '2015-08-11 11:24:14', '2015-08-13 12:12:26', 0),
	(1288, 77, 'Wladyslawowo - Hel', 34.45, '2015-10-17 09:45:00', '00:20:00', '2015-08-11 11:24:14', '2015-08-13 12:12:26', 0),
	(1289, 77, 'Debki - Leba', 40.23, '2015-10-17 10:00:00', '00:27:01', '2015-08-11 11:24:14', '2015-08-13 12:12:26', 0),
	(1290, 77, 'Leba - Lebork', 29.90, '2015-10-17 10:15:00', '00:19:01', '2015-08-11 11:24:14', '2015-08-13 12:12:26', 0),
	(1291, 77, 'Lebork - Damno', 32.48, '2015-10-17 10:30:00', '00:20:01', '2015-08-11 11:24:14', '2015-08-13 12:12:26', 0),
	(1292, 77, 'Damno - Slupsk', 22.97, '2015-10-17 10:45:00', '00:13:01', '2015-08-11 11:24:14', '2015-08-13 12:12:26', 0),
	(1293, 77, 'Slupsk - Ustka', 18.97, '2015-10-17 11:00:00', '00:11:00', '2015-08-11 11:24:14', '2015-08-13 12:12:26', 0),
	(1294, 77, 'Ustka - Jaroslawiec', 28.54, '2015-10-17 11:15:00', '00:18:00', '2015-08-11 11:24:14', '2015-08-13 12:12:26', 0),
	(1295, 77, 'Jaroslawiec - Darlowo', 17.41, '2015-10-17 11:30:00', '00:11:00', '2015-08-11 11:24:14', '2015-08-13 12:12:26', 0),
	(1296, 77, 'Darlowo - Lazy', 27.65, '2015-10-17 11:45:00', '00:17:00', '2015-08-11 11:24:14', '2015-08-13 12:12:26', 0),
	(1297, 77, 'Lazy - Mielno', 9.59, '2015-10-17 12:00:00', '00:05:01', '2015-08-11 11:24:14', '2015-08-13 12:12:26', 0),
	(1298, 77, 'Mielno - Gaski', 10.66, '2015-10-17 12:15:00', '00:07:00', '2015-08-11 11:24:14', '2015-08-13 12:12:26', 0),
	(1299, 77, 'Gaski - Ustronie', 12.83, '2015-10-17 12:30:00', '00:07:00', '2015-08-11 11:24:15', '2015-08-13 12:12:26', 0),
	(1300, 77, 'Ustronie - Kolobrzeg', 13.68, '2015-10-17 12:45:00', '00:07:01', '2015-08-11 11:24:15', '2015-08-13 12:12:26', 0),
	(1301, 77, 'Kolobrzeg Rynek 1', 1.40, '2015-10-17 13:00:00', '00:00:01', '2015-08-11 11:24:15', '2015-08-13 12:12:26', 0),
	(1302, 78, 'Upper Old Hastings', 11.46, '2015-10-24 09:00:00', '00:07:00', '2015-08-11 11:38:06', '2015-08-13 12:12:26', 0),
	(1303, 78, 'Peanut 101', 15.14, '2015-10-24 09:15:00', '00:10:00', '2015-08-11 11:38:07', '2015-08-13 12:12:26', 0),
	(1304, 78, 'Upper Old Hastings 2', 11.46, '2015-10-24 09:30:00', '00:07:00', '2015-08-11 11:38:07', '2015-08-13 12:12:26', 0),
	(1305, 78, 'Old Detlor', 12.38, '2015-10-24 09:45:00', '00:07:01', '2015-08-11 11:38:07', '2015-08-13 12:12:26', 0),
	(1306, 78, 'Iron Bridge', 7.45, '2015-10-24 10:00:00', '00:04:01', '2015-08-11 11:38:07', '2015-08-13 12:12:26', 0),
	(1307, 78, 'Mayo Lake 101', 30.78, '2015-10-24 10:15:00', '00:19:01', '2015-08-11 11:38:07', '2015-08-13 12:12:26', 0),
	(1308, 78, 'Iron Bridge 2', 7.45, '2015-10-24 10:30:00', '00:04:00', '2015-08-11 11:38:07', '2015-08-13 12:12:26', 0),
	(1309, 78, 'Egan Creek', 27.95, '2015-10-24 10:45:00', '00:18:01', '2015-08-11 11:38:07', '2015-08-13 12:12:26', 0),
	(1310, 78, 'Lower Old Hastings', 14.73, '2015-10-24 11:00:00', '00:08:00', '2015-08-11 11:38:07', '2015-08-13 12:12:26', 0),
	(1311, 78, 'Middle Old Hastings', 7.25, '2015-10-24 11:15:00', '00:04:01', '2015-08-11 11:38:07', '2015-08-13 12:12:26', 0),
	(1312, 78, 'Golton', 2.17, '2015-10-24 11:30:00', '00:01:00', '2015-08-11 11:38:07', '2015-08-13 12:12:26', 0),
	(1313, 78, 'Golton 2', 2.17, '2015-10-24 11:45:00', '00:01:01', '2015-08-11 11:38:07', '2015-08-13 12:12:26', 0),
	(1314, 78, 'Egan 101', 31.93, '2015-10-24 12:00:00', '00:21:00', '2015-08-11 11:38:07', '2015-08-13 12:12:26', 0),
	(1315, 78, 'Lower Old Hastings 2', 14.73, '2015-10-24 12:15:00', '00:08:01', '2015-08-11 11:38:07', '2015-08-13 12:12:26', 0),
	(1316, 78, 'Middle Old Hastings', 7.22, '2015-10-24 12:30:00', '00:04:00', '2015-08-11 11:38:08', '2015-08-13 12:12:26', 0),
	(1319, 79, 'Transfagarasan Cascada', 9.59, '2015-10-31 09:00:00', '00:06:00', '2015-08-11 11:57:54', '2015-08-13 12:12:26', 0),
	(1320, 79, 'Transfagarasan Lac', 6.24, '2015-10-31 09:15:00', '00:03:01', '2015-08-11 11:57:54', '2015-08-13 12:12:26', 0),
	(1321, 79, 'Transfagarasan Lac 2', 6.24, '2015-10-31 09:30:00', '00:03:01', '2015-08-11 11:57:54', '2015-08-13 12:12:26', 0),
	(1322, 79, 'Transfagarasan Cascada 2', 9.59, '2015-10-31 09:45:00', '00:06:01', '2015-08-11 11:57:54', '2015-08-13 12:12:26', 0),
	(1323, 79, 'Baraj', 17.95, '2015-10-31 10:00:00', '00:11:01', '2015-08-11 11:57:55', '2015-08-13 12:12:26', 0),
	(1324, 79, 'Ilielaita', 9.99, '2015-10-31 10:15:00', '00:05:01', '2015-08-11 11:57:55', '2015-08-13 12:12:26', 0),
	(1325, 79, 'Fata Padurii', 14.38, '2015-10-31 10:30:00', '00:08:00', '2015-08-11 11:57:55', '2015-08-13 12:12:26', 0),
	(1326, 79, 'Baraj 2', 17.95, '2015-10-31 10:45:00', '00:10:00', '2015-08-11 11:57:55', '2015-08-13 12:12:26', 0),
	(1327, 79, 'Ilielaita 2', 9.99, '2015-10-31 11:00:00', '00:05:01', '2015-08-11 11:57:55', '2015-08-13 12:12:26', 0),
	(1328, 79, 'Fata Padurii 2', 14.38, '2015-10-31 11:15:00', '00:08:00', '2015-08-11 11:57:55', '2015-08-13 12:12:26', 0),
	(1329, 79, 'Paltinis', 9.75, '2015-10-31 11:30:00', '00:06:01', '2015-08-11 11:57:55', '2015-08-13 12:12:26', 0),
	(1330, 79, 'Paltinis Ski Resort', 15.89, '2015-10-31 11:45:00', '00:09:01', '2015-08-11 11:57:55', '2015-08-13 12:12:26', 0),
	(1331, 79, 'Sadu', 8.39, '2015-10-31 12:00:00', '00:05:00', '2015-08-11 11:57:55', '2015-08-13 12:12:26', 0),
	(1332, 79, 'Muncel', 29.39, '2015-10-31 12:15:00', '00:18:00', '2015-08-11 11:57:55', '2015-08-13 12:12:26', 0),
	(1333, 79, 'Paltinis Ski Resort 2', 15.89, '2015-10-31 12:30:00', '00:09:01', '2015-08-11 11:57:55', '2015-08-13 12:12:26', 0),
	(1334, 79, 'Muzeu', 3.52, '2015-10-31 12:45:00', '00:02:00', '2015-08-11 11:57:55', '2015-08-13 12:12:26', 0),
	(1335, 79, 'Sadu 2', 8.39, '2015-10-31 13:00:00', '00:05:00', '2015-08-11 11:57:55', '2015-08-13 12:12:26', 0),
	(1336, 80, 'Stage 0', 29.20, '2015-08-16 10:00:00', '00:17:00', '2015-08-13 10:45:13', '2015-08-16 10:00:01', 1),
	(1337, 80, 'Stage 1', 11.81, '2015-08-16 10:15:00', '00:06:01', '2015-08-13 10:45:13', '2015-08-16 10:15:00', 1),
	(1338, 80, 'Stage 2', 2.79, '2015-08-16 10:30:00', '00:01:01', '2015-08-13 10:45:13', '2015-08-16 10:30:01', 1),
	(1339, 80, 'Stage 3', 23.14, '2015-08-16 10:45:00', '00:14:01', '2015-08-13 10:45:13', '2015-08-16 10:45:01', 1),
	(1340, 80, 'Stage 4', 27.12, '2015-08-16 11:00:00', '00:18:00', '2015-08-13 10:45:13', '2015-08-16 11:00:00', 1),
	(1341, 80, 'Stage 5', 28.64, '2015-08-16 11:15:00', '00:19:00', '2015-08-13 10:45:13', '2015-08-16 11:15:00', 1),
	(1342, 80, 'Stage 6', 15.53, '2015-08-16 11:30:00', '00:09:01', '2015-08-13 10:45:13', '2015-08-16 11:30:00', 1),
	(1343, 80, 'Stage 7', 22.18, '2015-08-16 11:45:00', '00:14:01', '2015-08-13 10:45:13', '2015-08-16 11:45:00', 1),
	(1344, 80, 'Stage 8', 24.15, '2015-08-16 12:00:00', '00:13:01', '2015-08-13 10:45:13', '2015-08-16 12:00:01', 1),
	(1345, 80, 'Stage 9', 19.83, '2015-08-16 12:15:00', '00:11:00', '2015-08-13 10:45:13', '2015-08-16 12:15:00', 1),
	(1346, 80, 'Stage 10', 10.46, '2015-08-16 12:30:00', '00:06:00', '2015-08-13 10:45:13', '2015-08-16 12:30:01', 1),
	(1347, 80, 'Stage 11', 25.01, '2015-08-16 12:45:00', '00:16:00', '2015-08-13 10:45:13', '2015-08-16 12:45:01', 1),
	(1348, 80, 'Stage 12', 29.28, '2015-08-16 13:00:00', '00:17:00', '2015-08-13 10:45:13', '2015-08-16 13:00:01', 1),
	(1349, 80, 'Stage 13', 22.14, '2015-08-16 13:15:00', '00:15:00', '2015-08-13 10:45:13', '2015-08-16 13:15:00', 1),
	(1350, 80, 'Stage 14', 21.46, '2015-08-16 13:30:00', '00:14:01', '2015-08-13 10:45:13', '2015-08-16 13:30:00', 1),
	(1351, 80, 'Stage 15', 23.47, '2015-08-16 13:45:00', '00:14:01', '2015-08-13 10:45:13', '2015-08-16 13:45:01', 1),
	(1352, 80, 'Stage 16', 23.89, '2015-08-16 14:00:00', '00:14:01', '2015-08-13 10:45:13', '2015-08-16 14:00:00', 1),
	(1353, 80, 'Stage 17', 14.31, '2015-08-16 14:15:00', '00:09:00', '2015-08-13 10:45:13', '2015-08-16 14:15:01', 1),
	(1354, 81, 'Stage 0', 22.52, '2015-08-23 13:00:00', '00:13:01', '2015-08-13 10:45:13', '2015-08-23 13:00:00', 1),
	(1355, 81, 'Stage 1', 19.33, '2015-08-23 13:15:00', '00:12:01', '2015-08-13 10:45:13', '2015-08-23 13:15:01', 1),
	(1356, 81, 'Stage 2', 26.39, '2015-08-23 13:30:00', '00:16:00', '2015-08-13 10:45:13', '2015-08-23 13:30:01', 1),
	(1357, 81, 'Stage 3', 22.05, '2015-08-23 13:45:00', '00:12:00', '2015-08-13 10:45:13', '2015-08-23 13:45:01', 1),
	(1358, 81, 'Stage 4', 11.00, '2015-08-23 14:00:00', '00:07:00', '2015-08-13 10:45:13', '2015-08-23 14:00:01', 1),
	(1359, 81, 'Stage 5', 14.43, '2015-08-23 14:15:00', '00:08:01', '2015-08-13 10:45:13', '2015-08-23 14:15:00', 1),
	(1360, 81, 'Stage 6', 14.76, '2015-08-23 14:30:00', '00:09:00', '2015-08-13 10:45:13', '2015-08-23 14:30:01', 1),
	(1361, 81, 'Stage 7', 18.67, '2015-08-23 14:45:00', '00:12:01', '2015-08-13 10:45:13', '2015-08-23 14:45:01', 1),
	(1362, 81, 'Stage 8', 7.51, '2015-08-23 15:00:00', '00:04:01', '2015-08-13 10:45:13', '2015-08-23 15:00:00', 1),
	(1363, 81, 'Stage 9', 12.82, '2015-08-23 15:15:00', '00:07:00', '2015-08-13 10:45:13', '2015-08-23 15:15:01', 1),
	(1364, 81, 'Stage 10', 15.78, '2015-08-23 15:30:00', '00:10:00', '2015-08-13 10:45:13', '2015-08-23 15:30:02', 1),
	(1365, 81, 'Stage 11', 17.33, '2015-08-23 15:45:00', '00:09:01', '2015-08-13 10:45:13', '2015-08-23 15:45:00', 1),
	(1366, 81, 'Stage 12', 7.73, '2015-08-23 16:00:00', '00:04:01', '2015-08-13 10:45:13', '2015-08-23 16:00:00', 1),
	(1367, 81, 'Stage 13', 15.34, '2015-08-23 16:15:00', '00:08:01', '2015-08-13 10:45:13', '2015-08-23 16:15:00', 1),
	(1368, 81, 'Stage 14', 15.22, '2015-08-23 16:30:00', '00:09:01', '2015-08-13 10:45:13', '2015-08-23 16:30:01', 1),
	(1369, 81, 'Stage 15', 2.24, '2015-08-23 16:45:00', '00:01:00', '2015-08-13 10:45:13', '2015-08-23 16:45:00', 1),
	(1370, 81, 'Stage 16', 8.65, '2015-08-23 17:00:00', '00:05:00', '2015-08-13 10:45:13', '2015-08-23 17:00:01', 1),
	(1371, 81, 'Stage 17', 2.96, '2015-08-23 17:15:00', '00:01:01', '2015-08-13 10:45:13', '2015-08-23 17:15:01', 1),
	(1372, 82, 'Stage 0', 12.74, '2015-08-30 13:15:00', '00:08:00', '2015-08-13 10:45:13', '2015-08-13 12:12:26', 0),
	(1373, 82, 'Stage 1', 20.80, '2015-08-30 13:30:00', '00:11:01', '2015-08-13 10:45:13', '2015-08-13 12:12:26', 0),
	(1374, 82, 'Stage 2', 27.29, '2015-08-30 13:45:00', '00:17:00', '2015-08-13 10:45:13', '2015-08-13 12:12:26', 0),
	(1375, 82, 'Stage 3', 23.26, '2015-08-30 14:00:00', '00:13:00', '2015-08-13 10:45:13', '2015-08-13 12:12:26', 0),
	(1376, 82, 'Stage 4', 21.00, '2015-08-30 14:15:00', '00:12:01', '2015-08-13 10:45:13', '2015-08-13 12:12:26', 0),
	(1377, 82, 'Stage 5', 5.73, '2015-08-30 14:30:00', '00:03:01', '2015-08-13 10:45:13', '2015-08-13 12:12:26', 0),
	(1378, 82, 'Stage 6', 29.68, '2015-08-30 14:45:00', '00:20:00', '2015-08-13 10:45:13', '2015-08-13 12:12:26', 0),
	(1379, 82, 'Stage 7', 15.06, '2015-08-30 15:00:00', '00:08:01', '2015-08-13 10:45:13', '2015-08-13 12:12:26', 0),
	(1380, 82, 'Stage 8', 14.74, '2015-08-30 15:15:00', '00:09:00', '2015-08-13 10:45:13', '2015-08-13 12:12:26', 0),
	(1381, 82, 'Stage 9', 19.32, '2015-08-30 15:30:00', '00:11:01', '2015-08-13 10:45:13', '2015-08-13 12:12:26', 0),
	(1382, 82, 'Stage 10', 3.27, '2015-08-30 15:45:00', '00:01:01', '2015-08-13 10:45:13', '2015-08-13 12:12:26', 0),
	(1383, 82, 'Stage 11', 6.07, '2015-08-30 16:00:00', '00:04:00', '2015-08-13 10:45:13', '2015-08-13 12:12:26', 0),
	(1384, 82, 'Stage 12', 18.04, '2015-08-30 16:15:00', '00:10:00', '2015-08-13 10:45:13', '2015-08-13 12:12:26', 0),
	(1385, 82, 'Stage 13', 4.62, '2015-08-30 16:30:00', '00:02:01', '2015-08-13 10:45:13', '2015-08-13 12:12:26', 0),
	(1386, 82, 'Stage 14', 24.24, '2015-08-30 16:45:00', '00:13:01', '2015-08-13 10:45:13', '2015-08-13 12:12:26', 0),
	(1387, 82, 'Stage 15', 16.59, '2015-08-30 17:00:00', '00:09:01', '2015-08-13 10:45:13', '2015-08-13 12:12:26', 0),
	(1388, 82, 'Stage 16', 16.41, '2015-08-30 17:15:00', '00:10:00', '2015-08-13 10:45:13', '2015-08-13 12:12:26', 0),
	(1389, 82, 'Stage 17', 28.79, '2015-08-30 17:30:00', '00:18:00', '2015-08-13 10:45:13', '2015-08-13 12:12:26', 0),
	(1390, 83, 'Stage 0', 24.00, '2015-09-06 12:45:00', '00:15:00', '2015-08-13 10:45:13', '2015-08-13 12:12:26', 0),
	(1391, 83, 'Stage 1', 16.86, '2015-09-06 13:00:00', '00:09:01', '2015-08-13 10:45:13', '2015-08-13 12:12:26', 0),
	(1392, 83, 'Stage 2', 27.20, '2015-09-06 13:15:00', '00:17:00', '2015-08-13 10:45:13', '2015-08-13 12:12:26', 0),
	(1393, 83, 'Stage 3', 6.32, '2015-09-06 13:30:00', '00:03:01', '2015-08-13 10:45:13', '2015-08-13 12:12:26', 0),
	(1394, 83, 'Stage 4', 3.37, '2015-09-06 13:45:00', '00:02:00', '2015-08-13 10:45:13', '2015-08-13 12:12:26', 0),
	(1395, 83, 'Stage 5', 28.70, '2015-09-06 14:00:00', '00:19:01', '2015-08-13 10:45:13', '2015-08-13 12:12:26', 0),
	(1396, 83, 'Stage 6', 24.86, '2015-09-06 14:15:00', '00:17:00', '2015-08-13 10:45:13', '2015-08-13 12:12:26', 0),
	(1397, 83, 'Stage 7', 24.73, '2015-09-06 14:30:00', '00:14:01', '2015-08-13 10:45:13', '2015-08-13 12:12:26', 0),
	(1398, 83, 'Stage 8', 29.23, '2015-09-06 14:45:00', '00:18:01', '2015-08-13 10:45:13', '2015-08-13 12:12:26', 0),
	(1399, 83, 'Stage 9', 26.48, '2015-09-06 15:00:00', '00:15:00', '2015-08-13 10:45:13', '2015-08-13 12:12:26', 0),
	(1400, 83, 'Stage 10', 21.68, '2015-09-06 15:15:00', '00:14:00', '2015-08-13 10:45:13', '2015-08-13 12:12:26', 0),
	(1401, 83, 'Stage 11', 12.07, '2015-09-06 15:30:00', '00:07:01', '2015-08-13 10:45:13', '2015-08-13 12:12:26', 0),
	(1402, 83, 'Stage 12', 19.05, '2015-09-06 15:45:00', '00:10:01', '2015-08-13 10:45:13', '2015-08-13 12:12:26', 0),
	(1403, 83, 'Stage 13', 23.35, '2015-09-06 16:00:00', '00:15:00', '2015-08-13 10:45:13', '2015-08-13 12:12:26', 0),
	(1404, 83, 'Stage 14', 5.77, '2015-09-06 16:15:00', '00:03:01', '2015-08-13 10:45:13', '2015-08-13 12:12:26', 0),
	(1405, 83, 'Stage 15', 2.57, '2015-09-06 16:30:00', '00:01:01', '2015-08-13 10:45:13', '2015-08-13 12:12:26', 0),
	(1406, 83, 'Stage 16', 11.59, '2015-09-06 16:45:00', '00:06:01', '2015-08-13 10:45:13', '2015-08-13 12:12:26', 0),
	(1407, 83, 'Stage 17', 3.22, '2015-09-06 17:00:00', '00:02:00', '2015-08-13 10:45:13', '2015-08-13 12:12:26', 0),
	(1408, 84, 'Stage 0', 15.75, '2015-09-13 14:15:00', '00:10:01', '2015-08-13 10:45:13', '2015-08-13 12:12:26', 0),
	(1409, 84, 'Stage 1', 4.36, '2015-09-13 14:30:00', '00:02:01', '2015-08-13 10:45:13', '2015-08-13 12:12:26', 0),
	(1410, 84, 'Stage 2', 28.20, '2015-09-13 14:45:00', '00:17:01', '2015-08-13 10:45:13', '2015-08-13 12:12:26', 0),
	(1411, 84, 'Stage 3', 13.40, '2015-09-13 15:00:00', '00:09:00', '2015-08-13 10:45:13', '2015-08-13 12:12:26', 0),
	(1412, 84, 'Stage 4', 19.25, '2015-09-13 15:15:00', '00:12:01', '2015-08-13 10:45:13', '2015-08-13 12:12:26', 0),
	(1413, 84, 'Stage 5', 2.64, '2015-09-13 15:30:00', '00:01:01', '2015-08-13 10:45:13', '2015-08-13 12:12:26', 0),
	(1414, 84, 'Stage 6', 2.86, '2015-09-13 15:45:00', '00:01:01', '2015-08-13 10:45:13', '2015-08-13 12:12:26', 0),
	(1415, 84, 'Stage 7', 18.30, '2015-09-13 16:00:00', '00:12:00', '2015-08-13 10:45:13', '2015-08-13 12:12:26', 0),
	(1416, 84, 'Stage 8', 3.97, '2015-09-13 16:15:00', '00:02:01', '2015-08-13 10:45:13', '2015-08-13 12:12:26', 0),
	(1417, 84, 'Stage 9', 21.71, '2015-09-13 16:30:00', '00:14:00', '2015-08-13 10:45:13', '2015-08-13 12:12:26', 0),
	(1418, 84, 'Stage 10', 17.19, '2015-09-13 16:45:00', '00:09:01', '2015-08-13 10:45:13', '2015-08-13 12:12:26', 0),
	(1419, 84, 'Stage 11', 21.05, '2015-09-13 17:00:00', '00:12:00', '2015-08-13 10:45:13', '2015-08-13 12:12:26', 0),
	(1420, 84, 'Stage 12', 19.52, '2015-09-13 17:15:00', '00:11:01', '2015-08-13 10:45:13', '2015-08-13 12:12:26', 0),
	(1421, 84, 'Stage 13', 2.16, '2015-09-13 17:30:00', '00:01:00', '2015-08-13 10:45:13', '2015-08-13 12:12:26', 0),
	(1422, 84, 'Stage 14', 18.63, '2015-09-13 17:45:00', '00:11:01', '2015-08-13 10:45:13', '2015-08-13 12:12:26', 0),
	(1423, 84, 'Stage 15', 9.80, '2015-09-13 18:00:00', '00:05:01', '2015-08-13 10:45:13', '2015-08-13 12:12:26', 0),
	(1424, 84, 'Stage 16', 3.89, '2015-09-13 18:15:00', '00:02:00', '2015-08-13 10:45:13', '2015-08-13 12:12:26', 0),
	(1425, 84, 'Stage 17', 12.59, '2015-09-13 18:30:00', '00:07:00', '2015-08-13 10:45:13', '2015-08-13 12:12:26', 0),
	(1426, 85, 'Stage 0', 29.05, '2015-09-20 10:15:00', '00:17:01', '2015-08-13 10:45:13', '2015-08-13 12:12:26', 0),
	(1427, 85, 'Stage 1', 25.21, '2015-09-20 10:30:00', '00:17:00', '2015-08-13 10:45:13', '2015-08-13 12:12:26', 0),
	(1428, 85, 'Stage 2', 16.25, '2015-09-20 10:45:00', '00:09:00', '2015-08-13 10:45:13', '2015-08-13 12:12:26', 0),
	(1429, 85, 'Stage 3', 15.78, '2015-09-20 11:00:00', '00:09:01', '2015-08-13 10:45:13', '2015-08-13 12:12:26', 0),
	(1430, 85, 'Stage 4', 19.71, '2015-09-20 11:15:00', '00:13:00', '2015-08-13 10:45:13', '2015-08-13 12:12:26', 0),
	(1431, 85, 'Stage 5', 9.82, '2015-09-20 11:30:00', '00:06:00', '2015-08-13 10:45:13', '2015-08-13 12:12:26', 0),
	(1432, 85, 'Stage 6', 24.69, '2015-09-20 11:45:00', '00:14:01', '2015-08-13 10:45:13', '2015-08-13 12:12:26', 0),
	(1433, 85, 'Stage 7', 3.50, '2015-09-20 12:00:00', '00:02:00', '2015-08-13 10:45:13', '2015-08-13 12:12:26', 0),
	(1434, 85, 'Stage 8', 18.95, '2015-09-20 12:15:00', '00:11:00', '2015-08-13 10:45:13', '2015-08-13 12:12:26', 0),
	(1435, 85, 'Stage 9', 6.44, '2015-09-20 12:30:00', '00:03:01', '2015-08-13 10:45:13', '2015-08-13 12:12:26', 0),
	(1436, 85, 'Stage 10', 5.17, '2015-09-20 12:45:00', '00:03:00', '2015-08-13 10:45:13', '2015-08-13 12:12:26', 0),
	(1437, 85, 'Stage 11', 4.80, '2015-09-20 13:00:00', '00:03:00', '2015-08-13 10:45:13', '2015-08-13 12:12:26', 0),
	(1438, 85, 'Stage 12', 19.21, '2015-09-20 13:15:00', '00:12:01', '2015-08-13 10:45:13', '2015-08-13 12:12:26', 0),
	(1439, 85, 'Stage 13', 9.01, '2015-09-20 13:30:00', '00:05:00', '2015-08-13 10:45:13', '2015-08-13 12:12:26', 0),
	(1440, 85, 'Stage 14', 17.65, '2015-09-20 13:45:00', '00:09:01', '2015-08-13 10:45:13', '2015-08-13 12:12:26', 0),
	(1441, 85, 'Stage 15', 28.23, '2015-09-20 14:00:00', '00:17:00', '2015-08-13 10:45:13', '2015-08-13 12:12:26', 0),
	(1442, 85, 'Stage 16', 14.57, '2015-09-20 14:15:00', '00:09:00', '2015-08-13 10:45:13', '2015-08-13 12:12:26', 0),
	(1443, 85, 'Stage 17', 25.81, '2015-09-20 14:30:00', '00:16:01', '2015-08-13 10:45:13', '2015-08-13 12:12:26', 0),
	(1444, 86, 'Stage 0', 9.40, '2015-09-27 09:00:00', '00:06:00', '2015-08-13 10:45:13', '2015-08-13 12:12:26', 0),
	(1445, 86, 'Stage 1', 14.19, '2015-09-27 09:15:00', '00:08:01', '2015-08-13 10:45:13', '2015-08-13 12:12:26', 0),
	(1446, 86, 'Stage 2', 24.08, '2015-09-27 09:30:00', '00:13:01', '2015-08-13 10:45:13', '2015-08-13 12:12:26', 0),
	(1447, 86, 'Stage 3', 13.90, '2015-09-27 09:45:00', '00:08:01', '2015-08-13 10:45:13', '2015-08-13 12:12:26', 0),
	(1448, 86, 'Stage 4', 17.50, '2015-09-27 10:00:00', '00:11:00', '2015-08-13 10:45:13', '2015-08-13 12:12:26', 0),
	(1449, 86, 'Stage 5', 9.55, '2015-09-27 10:15:00', '00:05:01', '2015-08-13 10:45:13', '2015-08-13 12:12:26', 0),
	(1450, 86, 'Stage 6', 23.71, '2015-09-27 10:30:00', '00:14:00', '2015-08-13 10:45:13', '2015-08-13 12:12:26', 0),
	(1451, 86, 'Stage 7', 23.26, '2015-09-27 10:45:00', '00:14:00', '2015-08-13 10:45:13', '2015-08-13 12:12:26', 0),
	(1452, 86, 'Stage 8', 11.79, '2015-09-27 11:00:00', '00:07:01', '2015-08-13 10:45:13', '2015-08-13 12:12:26', 0),
	(1453, 86, 'Stage 9', 8.08, '2015-09-27 11:15:00', '00:05:00', '2015-08-13 10:45:13', '2015-08-13 12:12:26', 0),
	(1454, 86, 'Stage 10', 6.05, '2015-09-27 11:30:00', '00:03:01', '2015-08-13 10:45:13', '2015-08-13 12:12:26', 0),
	(1455, 86, 'Stage 11', 29.08, '2015-09-27 11:45:00', '00:19:01', '2015-08-13 10:45:13', '2015-08-13 12:12:26', 0),
	(1456, 86, 'Stage 12', 12.75, '2015-09-27 12:00:00', '00:07:00', '2015-08-13 10:45:13', '2015-08-13 12:12:26', 0),
	(1457, 86, 'Stage 13', 29.56, '2015-09-27 12:15:00', '00:16:01', '2015-08-13 10:45:13', '2015-08-13 12:12:26', 0),
	(1458, 86, 'Stage 14', 2.35, '2015-09-27 12:30:00', '00:01:01', '2015-08-13 10:45:13', '2015-08-13 12:12:26', 0),
	(1459, 86, 'Stage 15', 8.84, '2015-09-27 12:45:00', '00:04:01', '2015-08-13 10:45:13', '2015-08-13 12:12:26', 0),
	(1460, 86, 'Stage 16', 7.67, '2015-09-27 13:00:00', '00:04:01', '2015-08-13 10:45:13', '2015-08-13 12:12:26', 0),
	(1461, 86, 'Stage 17', 13.47, '2015-09-27 13:15:00', '00:08:01', '2015-08-13 10:45:13', '2015-08-13 12:12:26', 0),
	(1462, 87, 'Stage 0', 17.74, '2015-10-04 12:45:00', '00:10:01', '2015-08-13 10:45:13', '2015-08-13 12:12:26', 0),
	(1463, 87, 'Stage 1', 5.87, '2015-10-04 13:00:00', '00:03:01', '2015-08-13 10:45:13', '2015-08-13 12:12:26', 0),
	(1464, 87, 'Stage 2', 3.76, '2015-10-04 13:15:00', '00:02:00', '2015-08-13 10:45:13', '2015-08-13 12:12:26', 0),
	(1465, 87, 'Stage 3', 21.65, '2015-10-04 13:30:00', '00:13:01', '2015-08-13 10:45:13', '2015-08-13 12:12:26', 0),
	(1466, 87, 'Stage 4', 24.32, '2015-10-04 13:45:00', '00:15:00', '2015-08-13 10:45:13', '2015-08-13 12:12:26', 0),
	(1467, 87, 'Stage 5', 8.86, '2015-10-04 14:00:00', '00:05:00', '2015-08-13 10:45:13', '2015-08-13 12:12:26', 0),
	(1468, 87, 'Stage 6', 29.90, '2015-10-04 14:15:00', '00:19:01', '2015-08-13 10:45:13', '2015-08-13 12:12:26', 0),
	(1469, 87, 'Stage 7', 28.97, '2015-10-04 14:30:00', '00:17:00', '2015-08-13 10:45:13', '2015-08-13 12:12:26', 0),
	(1470, 87, 'Stage 8', 13.56, '2015-10-04 14:45:00', '00:07:01', '2015-08-13 10:45:13', '2015-08-13 12:12:26', 0),
	(1471, 87, 'Stage 9', 4.79, '2015-10-04 15:00:00', '00:02:01', '2015-08-13 10:45:13', '2015-08-13 12:12:26', 0),
	(1472, 87, 'Stage 10', 19.95, '2015-10-04 15:15:00', '00:12:00', '2015-08-13 10:45:13', '2015-08-13 12:12:26', 0),
	(1473, 87, 'Stage 11', 16.10, '2015-10-04 15:30:00', '00:09:00', '2015-08-13 10:45:13', '2015-08-13 12:12:26', 0),
	(1474, 87, 'Stage 12', 22.75, '2015-10-04 15:45:00', '00:15:00', '2015-08-13 10:45:13', '2015-08-13 12:12:26', 0),
	(1475, 87, 'Stage 13', 27.57, '2015-10-04 16:00:00', '00:17:01', '2015-08-13 10:45:13', '2015-08-13 12:12:26', 0),
	(1476, 87, 'Stage 14', 9.25, '2015-10-04 16:15:00', '00:05:00', '2015-08-13 10:45:13', '2015-08-13 12:12:26', 0),
	(1477, 87, 'Stage 15', 12.31, '2015-10-04 16:30:00', '00:08:00', '2015-08-13 10:45:13', '2015-08-13 12:12:26', 0),
	(1478, 87, 'Stage 16', 13.81, '2015-10-04 16:45:00', '00:08:00', '2015-08-13 10:45:13', '2015-08-13 12:12:26', 0),
	(1479, 87, 'Stage 17', 5.93, '2015-10-04 17:00:00', '00:03:00', '2015-08-13 10:45:13', '2015-08-13 12:12:26', 0),
	(1480, 88, 'Stage 0', 2.81, '2015-10-11 10:15:00', '00:01:01', '2015-08-13 10:45:13', '2015-08-13 12:12:26', 0),
	(1481, 88, 'Stage 1', 17.24, '2015-10-11 10:30:00', '00:11:01', '2015-08-13 10:45:13', '2015-08-13 12:12:26', 0),
	(1482, 88, 'Stage 2', 11.19, '2015-10-11 10:45:00', '00:06:00', '2015-08-13 10:45:13', '2015-08-13 12:12:26', 0),
	(1483, 88, 'Stage 3', 7.80, '2015-10-11 11:00:00', '00:04:01', '2015-08-13 10:45:13', '2015-08-13 12:12:26', 0),
	(1484, 88, 'Stage 4', 26.82, '2015-10-11 11:15:00', '00:16:01', '2015-08-13 10:45:13', '2015-08-13 12:12:26', 0),
	(1485, 88, 'Stage 5', 25.34, '2015-10-11 11:30:00', '00:16:00', '2015-08-13 10:45:13', '2015-08-13 12:12:26', 0),
	(1486, 88, 'Stage 6', 29.39, '2015-10-11 11:45:00', '00:18:01', '2015-08-13 10:45:13', '2015-08-13 12:12:26', 0),
	(1487, 88, 'Stage 7', 10.53, '2015-10-11 12:00:00', '00:06:01', '2015-08-13 10:45:13', '2015-08-13 12:12:26', 0),
	(1488, 88, 'Stage 8', 8.41, '2015-10-11 12:15:00', '00:05:01', '2015-08-13 10:45:13', '2015-08-13 12:12:26', 0),
	(1489, 88, 'Stage 9', 24.93, '2015-10-11 12:30:00', '00:15:00', '2015-08-13 10:45:13', '2015-08-13 12:12:26', 0),
	(1490, 88, 'Stage 10', 27.69, '2015-10-11 12:45:00', '00:17:00', '2015-08-13 10:45:13', '2015-08-13 12:12:26', 0),
	(1491, 88, 'Stage 11', 25.18, '2015-10-11 13:00:00', '00:16:00', '2015-08-13 10:45:13', '2015-08-13 12:12:26', 0),
	(1492, 88, 'Stage 12', 26.50, '2015-10-11 13:15:00', '00:16:00', '2015-08-13 10:45:13', '2015-08-13 12:12:26', 0),
	(1493, 88, 'Stage 13', 16.49, '2015-10-11 13:30:00', '00:10:00', '2015-08-13 10:45:13', '2015-08-13 12:12:26', 0),
	(1494, 88, 'Stage 14', 4.01, '2015-10-11 13:45:00', '00:02:01', '2015-08-13 10:45:13', '2015-08-13 12:12:26', 0),
	(1495, 88, 'Stage 15', 4.82, '2015-10-11 14:00:00', '00:02:01', '2015-08-13 10:45:13', '2015-08-13 12:12:26', 0),
	(1496, 88, 'Stage 16', 17.69, '2015-10-11 14:15:00', '00:11:00', '2015-08-13 10:45:13', '2015-08-13 12:12:26', 0),
	(1497, 88, 'Stage 17', 11.28, '2015-10-11 14:30:00', '00:07:00', '2015-08-13 10:45:13', '2015-08-13 12:12:26', 0),
	(1498, 89, 'Stage 0', 2.07, '2015-10-18 10:30:00', '00:01:00', '2015-08-13 10:45:13', '2015-08-13 12:12:26', 0),
	(1499, 89, 'Stage 1', 11.19, '2015-10-18 10:45:00', '00:06:00', '2015-08-13 10:45:13', '2015-08-13 12:12:26', 0),
	(1500, 89, 'Stage 2', 18.97, '2015-10-18 11:00:00', '00:11:00', '2015-08-13 10:45:13', '2015-08-13 12:12:26', 0),
	(1501, 89, 'Stage 3', 6.98, '2015-10-18 11:15:00', '00:04:01', '2015-08-13 10:45:13', '2015-08-13 12:12:26', 0),
	(1502, 89, 'Stage 4', 20.01, '2015-10-18 11:30:00', '00:12:01', '2015-08-13 10:45:13', '2015-08-13 12:12:26', 0),
	(1503, 89, 'Stage 5', 14.93, '2015-10-18 11:45:00', '00:08:00', '2015-08-13 10:45:13', '2015-08-13 12:12:26', 0),
	(1504, 89, 'Stage 6', 12.19, '2015-10-18 12:00:00', '00:08:00', '2015-08-13 10:45:13', '2015-08-13 12:12:26', 0),
	(1505, 89, 'Stage 7', 21.51, '2015-10-18 12:15:00', '00:14:01', '2015-08-13 10:45:13', '2015-08-13 12:12:26', 0),
	(1506, 89, 'Stage 8', 28.77, '2015-10-18 12:30:00', '00:18:00', '2015-08-13 10:45:13', '2015-08-13 12:12:26', 0),
	(1507, 89, 'Stage 9', 14.09, '2015-10-18 12:45:00', '00:09:00', '2015-08-13 10:45:13', '2015-08-13 12:12:26', 0),
	(1508, 89, 'Stage 10', 3.87, '2015-10-18 13:00:00', '00:02:00', '2015-08-13 10:45:13', '2015-08-13 12:12:26', 0),
	(1509, 89, 'Stage 11', 19.90, '2015-10-18 13:15:00', '00:13:01', '2015-08-13 10:45:13', '2015-08-13 12:12:26', 0),
	(1510, 89, 'Stage 12', 13.78, '2015-10-18 13:30:00', '00:08:00', '2015-08-13 10:45:13', '2015-08-13 12:12:26', 0),
	(1511, 89, 'Stage 13', 4.21, '2015-10-18 13:45:00', '00:02:00', '2015-08-13 10:45:13', '2015-08-13 12:12:26', 0),
	(1512, 89, 'Stage 14', 3.04, '2015-10-18 14:00:00', '00:01:01', '2015-08-13 10:45:13', '2015-08-13 12:12:26', 0),
	(1513, 89, 'Stage 15', 19.66, '2015-10-18 14:15:00', '00:12:01', '2015-08-13 10:45:13', '2015-08-13 12:12:26', 0),
	(1514, 89, 'Stage 16', 23.53, '2015-10-18 14:30:00', '00:14:00', '2015-08-13 10:45:13', '2015-08-13 12:12:26', 0),
	(1515, 89, 'Stage 17', 28.53, '2015-10-18 14:45:00', '00:19:00', '2015-08-13 10:45:13', '2015-08-13 12:12:26', 0),
	(1516, 90, 'Stage 0', 2.94, '2015-10-25 12:15:00', '00:01:01', '2015-08-13 10:45:13', '2015-08-13 12:12:26', 0),
	(1517, 90, 'Stage 1', 7.51, '2015-10-25 12:30:00', '00:05:00', '2015-08-13 10:45:13', '2015-08-13 12:12:26', 0),
	(1518, 90, 'Stage 2', 23.28, '2015-10-25 12:45:00', '00:15:01', '2015-08-13 10:45:13', '2015-08-13 12:12:26', 0),
	(1519, 90, 'Stage 3', 11.92, '2015-10-25 13:00:00', '00:08:00', '2015-08-13 10:45:13', '2015-08-13 12:12:26', 0),
	(1520, 90, 'Stage 4', 18.76, '2015-10-25 13:15:00', '00:11:01', '2015-08-13 10:45:13', '2015-08-13 12:12:26', 0),
	(1521, 90, 'Stage 5', 27.51, '2015-10-25 13:30:00', '00:18:00', '2015-08-13 10:45:13', '2015-08-13 12:12:26', 0),
	(1522, 90, 'Stage 6', 4.58, '2015-10-25 13:45:00', '00:03:00', '2015-08-13 10:45:13', '2015-08-13 12:12:26', 0),
	(1523, 90, 'Stage 7', 20.01, '2015-10-25 14:00:00', '00:13:00', '2015-08-13 10:45:13', '2015-08-13 12:12:26', 0),
	(1524, 90, 'Stage 8', 2.18, '2015-10-25 14:15:00', '00:01:00', '2015-08-13 10:45:13', '2015-08-13 12:12:26', 0),
	(1525, 90, 'Stage 9', 26.02, '2015-10-25 14:30:00', '00:16:00', '2015-08-13 10:45:13', '2015-08-13 12:12:26', 0),
	(1526, 90, 'Stage 10', 9.14, '2015-10-25 14:45:00', '00:05:00', '2015-08-13 10:45:13', '2015-08-13 12:12:26', 0),
	(1527, 90, 'Stage 11', 9.13, '2015-10-25 15:00:00', '00:05:01', '2015-08-13 10:45:13', '2015-08-13 12:12:26', 0),
	(1528, 90, 'Stage 12', 26.43, '2015-10-25 15:15:00', '00:15:01', '2015-08-13 10:45:13', '2015-08-13 12:12:26', 0),
	(1529, 90, 'Stage 13', 3.12, '2015-10-25 15:30:00', '00:02:00', '2015-08-13 10:45:13', '2015-08-13 12:12:26', 0),
	(1530, 90, 'Stage 14', 7.22, '2015-10-25 15:45:00', '00:04:01', '2015-08-13 10:45:13', '2015-08-13 12:12:26', 0),
	(1531, 90, 'Stage 15', 29.45, '2015-10-25 16:00:00', '00:17:00', '2015-08-13 10:45:13', '2015-08-13 12:12:26', 0),
	(1532, 90, 'Stage 16', 3.37, '2015-10-25 16:15:00', '00:02:00', '2015-08-13 10:45:13', '2015-08-13 12:12:26', 0),
	(1533, 90, 'Stage 17', 7.70, '2015-10-25 16:30:00', '00:04:00', '2015-08-13 10:45:13', '2015-08-13 12:12:26', 0),
	(1534, 91, 'Stage 0', 19.90, '2015-11-01 11:30:00', '00:11:01', '2015-08-13 10:45:13', '2015-08-13 12:12:26', 0),
	(1535, 91, 'Stage 1', 15.58, '2015-11-01 11:45:00', '00:09:01', '2015-08-13 10:45:13', '2015-08-13 12:12:26', 0),
	(1536, 91, 'Stage 2', 24.39, '2015-11-01 12:00:00', '00:15:01', '2015-08-13 10:45:13', '2015-08-13 12:12:26', 0),
	(1537, 91, 'Stage 3', 15.47, '2015-11-01 12:15:00', '00:10:00', '2015-08-13 10:45:13', '2015-08-13 12:12:26', 0),
	(1538, 91, 'Stage 4', 21.93, '2015-11-01 12:30:00', '00:12:00', '2015-08-13 10:45:13', '2015-08-13 12:12:26', 0),
	(1539, 91, 'Stage 5', 23.90, '2015-11-01 12:45:00', '00:15:01', '2015-08-13 10:45:13', '2015-08-13 12:12:26', 0),
	(1540, 91, 'Stage 6', 3.69, '2015-11-01 13:00:00', '00:02:01', '2015-08-13 10:45:13', '2015-08-13 12:12:26', 0),
	(1541, 91, 'Stage 7', 27.84, '2015-11-01 13:15:00', '00:17:01', '2015-08-13 10:45:13', '2015-08-13 12:12:26', 0),
	(1542, 91, 'Stage 8', 3.36, '2015-11-01 13:30:00', '00:02:00', '2015-08-13 10:45:13', '2015-08-13 12:12:26', 0),
	(1543, 91, 'Stage 9', 9.93, '2015-11-01 13:45:00', '00:06:00', '2015-08-13 10:45:13', '2015-08-13 12:12:26', 0),
	(1544, 91, 'Stage 10', 18.09, '2015-11-01 14:00:00', '00:11:01', '2015-08-13 10:45:13', '2015-08-13 12:12:26', 0),
	(1545, 91, 'Stage 11', 2.93, '2015-11-01 14:15:00', '00:01:01', '2015-08-13 10:45:13', '2015-08-13 12:12:26', 0),
	(1546, 91, 'Stage 12', 28.26, '2015-11-01 14:30:00', '00:16:00', '2015-08-13 10:45:13', '2015-08-13 12:12:26', 0),
	(1547, 91, 'Stage 13', 14.08, '2015-11-01 14:45:00', '00:08:00', '2015-08-13 10:45:13', '2015-08-13 12:12:26', 0),
	(1548, 91, 'Stage 14', 27.54, '2015-11-01 15:00:00', '00:15:01', '2015-08-13 10:45:13', '2015-08-13 12:12:26', 0),
	(1549, 91, 'Stage 15', 29.94, '2015-11-01 15:15:00', '00:17:01', '2015-08-13 10:45:13', '2015-08-13 12:12:26', 0),
	(1550, 91, 'Stage 16', 26.96, '2015-11-01 15:30:00', '00:16:00', '2015-08-13 10:45:13', '2015-08-13 12:12:26', 0),
	(1551, 91, 'Stage 17', 13.24, '2015-11-01 15:45:00', '00:07:01', '2015-08-13 10:45:13', '2015-08-13 12:12:26', 0),
	(1552, 92, 'Stage 0', 4.15, '2015-08-16 09:30:00', '00:02:01', '2015-08-13 10:45:13', '2015-08-16 09:30:01', 1),
	(1553, 92, 'Stage 1', 29.14, '2015-08-16 09:45:00', '00:17:00', '2015-08-13 10:45:13', '2015-08-16 09:45:00', 1),
	(1554, 92, 'Stage 2', 9.30, '2015-08-16 10:00:00', '00:05:00', '2015-08-13 10:45:13', '2015-08-16 10:00:01', 1),
	(1555, 92, 'Stage 3', 25.32, '2015-08-16 10:15:00', '00:14:01', '2015-08-13 10:45:13', '2015-08-16 10:15:00', 1),
	(1556, 92, 'Stage 4', 28.02, '2015-08-16 10:30:00', '00:17:00', '2015-08-13 10:45:13', '2015-08-16 10:30:01', 1),
	(1557, 92, 'Stage 5', 20.48, '2015-08-16 10:45:00', '00:13:01', '2015-08-13 10:45:13', '2015-08-16 10:45:01', 1),
	(1558, 92, 'Stage 6', 2.67, '2015-08-16 11:00:00', '00:01:01', '2015-08-13 10:45:13', '2015-08-16 11:00:00', 1),
	(1559, 92, 'Stage 7', 8.23, '2015-08-16 11:15:00', '00:04:01', '2015-08-13 10:45:13', '2015-08-16 11:15:00', 1),
	(1560, 92, 'Stage 8', 26.67, '2015-08-16 11:30:00', '00:17:01', '2015-08-13 10:45:13', '2015-08-16 11:30:00', 1),
	(1561, 92, 'Stage 9', 28.91, '2015-08-16 11:45:00', '00:17:00', '2015-08-13 10:45:13', '2015-08-16 11:45:00', 1),
	(1562, 92, 'Stage 10', 22.42, '2015-08-16 12:00:00', '00:14:00', '2015-08-13 10:45:13', '2015-08-16 12:00:01', 1),
	(1563, 92, 'Stage 11', 12.56, '2015-08-16 12:15:00', '00:08:00', '2015-08-13 10:45:13', '2015-08-16 12:15:00', 1),
	(1564, 92, 'Stage 12', 6.20, '2015-08-16 12:30:00', '00:04:00', '2015-08-13 10:45:13', '2015-08-16 12:30:01', 1),
	(1565, 92, 'Stage 13', 10.13, '2015-08-16 12:45:00', '00:05:01', '2015-08-13 10:45:13', '2015-08-16 12:45:01', 1),
	(1566, 92, 'Stage 14', 26.14, '2015-08-16 13:00:00', '00:16:01', '2015-08-13 10:45:13', '2015-08-16 13:00:01', 1),
	(1567, 92, 'Stage 15', 26.23, '2015-08-16 13:15:00', '00:17:00', '2015-08-13 10:45:13', '2015-08-16 13:15:00', 1),
	(1568, 92, 'Stage 16', 19.47, '2015-08-16 13:30:00', '00:11:01', '2015-08-13 10:45:13', '2015-08-16 13:30:00', 1),
	(1569, 92, 'Stage 17', 26.68, '2015-08-16 13:45:00', '00:17:00', '2015-08-13 10:45:13', '2015-08-16 13:45:01', 1),
	(1570, 93, 'Stage 0', 17.71, '2015-08-23 14:00:00', '00:12:00', '2015-08-13 10:45:13', '2015-08-23 14:00:01', 1),
	(1571, 93, 'Stage 1', 23.48, '2015-08-23 14:15:00', '00:16:00', '2015-08-13 10:45:13', '2015-08-23 14:15:00', 1),
	(1572, 93, 'Stage 2', 12.19, '2015-08-23 14:30:00', '00:07:01', '2015-08-13 10:45:13', '2015-08-23 14:30:01', 1),
	(1573, 93, 'Stage 3', 10.58, '2015-08-23 14:45:00', '00:06:01', '2015-08-13 10:45:13', '2015-08-23 14:45:01', 1),
	(1574, 93, 'Stage 4', 13.37, '2015-08-23 15:00:00', '00:07:01', '2015-08-13 10:45:13', '2015-08-23 15:00:00', 1),
	(1575, 93, 'Stage 5', 15.60, '2015-08-23 15:15:00', '00:09:00', '2015-08-13 10:45:13', '2015-08-23 15:15:01', 1),
	(1576, 93, 'Stage 6', 5.83, '2015-08-23 15:30:00', '00:03:01', '2015-08-13 10:45:13', '2015-08-23 15:30:02', 1),
	(1577, 93, 'Stage 7', 14.54, '2015-08-23 15:45:00', '00:09:00', '2015-08-13 10:45:13', '2015-08-23 15:45:00', 1),
	(1578, 93, 'Stage 8', 5.69, '2015-08-23 16:00:00', '00:03:00', '2015-08-13 10:45:13', '2015-08-23 16:00:00', 1),
	(1579, 93, 'Stage 9', 12.37, '2015-08-23 16:15:00', '00:07:01', '2015-08-13 10:45:13', '2015-08-23 16:15:00', 1),
	(1580, 93, 'Stage 10', 12.06, '2015-08-23 16:30:00', '00:07:01', '2015-08-13 10:45:13', '2015-08-23 16:30:01', 1),
	(1581, 93, 'Stage 11', 29.60, '2015-08-23 16:45:00', '00:20:00', '2015-08-13 10:45:13', '2015-08-23 16:45:00', 1),
	(1582, 93, 'Stage 12', 27.43, '2015-08-23 17:00:00', '00:15:01', '2015-08-13 10:45:13', '2015-08-23 17:00:01', 1),
	(1583, 93, 'Stage 13', 27.58, '2015-08-23 17:15:00', '00:15:01', '2015-08-13 10:45:13', '2015-08-23 17:15:01', 1),
	(1584, 93, 'Stage 14', 10.14, '2015-08-23 17:30:00', '00:06:01', '2015-08-13 10:45:13', '2015-08-23 17:30:01', 1),
	(1585, 93, 'Stage 15', 15.46, '2015-08-23 17:45:00', '00:08:01', '2015-08-13 10:45:13', '2015-08-23 17:45:00', 1),
	(1586, 93, 'Stage 16', 23.39, '2015-08-23 18:00:00', '00:13:01', '2015-08-13 10:45:13', '2015-08-23 18:00:01', 1),
	(1587, 93, 'Stage 17', 6.07, '2015-08-23 18:15:00', '00:04:00', '2015-08-13 10:45:13', '2015-08-23 18:15:01', 1),
	(1588, 94, 'Stage 0', 25.87, '2015-08-30 10:15:00', '00:16:01', '2015-08-13 10:45:13', '2015-08-13 12:12:26', 0),
	(1589, 94, 'Stage 1', 9.65, '2015-08-30 10:30:00', '00:05:01', '2015-08-13 10:45:13', '2015-08-13 12:12:26', 0),
	(1590, 94, 'Stage 2', 18.45, '2015-08-30 10:45:00', '00:11:01', '2015-08-13 10:45:13', '2015-08-13 12:12:26', 0),
	(1591, 94, 'Stage 3', 28.98, '2015-08-30 11:00:00', '00:16:01', '2015-08-13 10:45:13', '2015-08-13 12:12:26', 0),
	(1592, 94, 'Stage 4', 9.57, '2015-08-30 11:15:00', '00:05:01', '2015-08-13 10:45:13', '2015-08-13 12:12:26', 0),
	(1593, 94, 'Stage 5', 4.00, '2015-08-30 11:30:00', '00:02:01', '2015-08-13 10:45:13', '2015-08-13 12:12:26', 0),
	(1594, 94, 'Stage 6', 25.75, '2015-08-30 11:45:00', '00:15:01', '2015-08-13 10:45:13', '2015-08-13 12:12:26', 0),
	(1595, 94, 'Stage 7', 12.30, '2015-08-30 12:00:00', '00:08:00', '2015-08-13 10:45:13', '2015-08-13 12:12:26', 0),
	(1596, 94, 'Stage 8', 15.69, '2015-08-30 12:15:00', '00:10:01', '2015-08-13 10:45:13', '2015-08-13 12:12:26', 0),
	(1597, 94, 'Stage 9', 14.17, '2015-08-30 12:30:00', '00:08:01', '2015-08-13 10:45:13', '2015-08-13 12:12:26', 0),
	(1598, 94, 'Stage 10', 23.68, '2015-08-30 12:45:00', '00:14:01', '2015-08-13 10:45:13', '2015-08-13 12:12:26', 0),
	(1599, 94, 'Stage 11', 6.80, '2015-08-30 13:00:00', '00:04:00', '2015-08-13 10:45:13', '2015-08-13 12:12:26', 0),
	(1600, 94, 'Stage 12', 11.04, '2015-08-30 13:15:00', '00:06:01', '2015-08-13 10:45:13', '2015-08-13 12:12:26', 0),
	(1601, 94, 'Stage 13', 11.50, '2015-08-30 13:30:00', '00:07:00', '2015-08-13 10:45:13', '2015-08-13 12:12:26', 0),
	(1602, 94, 'Stage 14', 10.13, '2015-08-30 13:45:00', '00:06:00', '2015-08-13 10:45:13', '2015-08-13 12:12:26', 0),
	(1603, 94, 'Stage 15', 6.14, '2015-08-30 14:00:00', '00:03:01', '2015-08-13 10:45:13', '2015-08-13 12:12:26', 0),
	(1604, 94, 'Stage 16', 14.59, '2015-08-30 14:15:00', '00:09:01', '2015-08-13 10:45:13', '2015-08-13 12:12:26', 0),
	(1605, 94, 'Stage 17', 15.30, '2015-08-30 14:30:00', '00:09:00', '2015-08-13 10:45:13', '2015-08-13 12:12:26', 0),
	(1606, 95, 'Stage 0', 12.61, '2015-09-06 14:45:00', '00:07:00', '2015-08-13 10:45:13', '2015-08-13 12:12:26', 0),
	(1607, 95, 'Stage 1', 7.30, '2015-09-06 15:00:00', '00:04:01', '2015-08-13 10:45:13', '2015-08-13 12:12:26', 0),
	(1608, 95, 'Stage 2', 8.20, '2015-09-06 15:15:00', '00:04:01', '2015-08-13 10:45:13', '2015-08-13 12:12:26', 0),
	(1609, 95, 'Stage 3', 22.35, '2015-09-06 15:30:00', '00:15:00', '2015-08-13 10:45:13', '2015-08-13 12:12:26', 0),
	(1610, 95, 'Stage 4', 15.46, '2015-09-06 15:45:00', '00:09:01', '2015-08-13 10:45:13', '2015-08-13 12:12:26', 0),
	(1611, 95, 'Stage 5', 28.07, '2015-09-06 16:00:00', '00:17:00', '2015-08-13 10:45:13', '2015-08-13 12:12:26', 0),
	(1612, 95, 'Stage 6', 25.48, '2015-09-06 16:15:00', '00:14:01', '2015-08-13 10:45:13', '2015-08-13 12:12:26', 0),
	(1613, 95, 'Stage 7', 24.82, '2015-09-06 16:30:00', '00:17:00', '2015-08-13 10:45:13', '2015-08-13 12:12:26', 0),
	(1614, 95, 'Stage 8', 24.98, '2015-09-06 16:45:00', '00:14:01', '2015-08-13 10:45:13', '2015-08-13 12:12:26', 0),
	(1615, 95, 'Stage 9', 27.33, '2015-09-06 17:00:00', '00:15:01', '2015-08-13 10:45:13', '2015-08-13 12:12:26', 0),
	(1616, 95, 'Stage 10', 14.89, '2015-09-06 17:15:00', '00:09:01', '2015-08-13 10:45:13', '2015-08-13 12:12:26', 0),
	(1617, 95, 'Stage 11', 16.56, '2015-09-06 17:30:00', '00:10:01', '2015-08-13 10:45:13', '2015-08-13 12:12:26', 0),
	(1618, 95, 'Stage 12', 27.33, '2015-09-06 17:45:00', '00:17:00', '2015-08-13 10:45:13', '2015-08-13 12:12:26', 0),
	(1619, 95, 'Stage 13', 26.07, '2015-09-06 18:00:00', '00:16:00', '2015-08-13 10:45:13', '2015-08-13 12:12:26', 0),
	(1620, 95, 'Stage 14', 13.28, '2015-09-06 18:15:00', '00:08:01', '2015-08-13 10:45:13', '2015-08-13 12:12:26', 0),
	(1621, 95, 'Stage 15', 7.59, '2015-09-06 18:30:00', '00:04:00', '2015-08-13 10:45:13', '2015-08-13 12:12:26', 0),
	(1622, 95, 'Stage 16', 11.42, '2015-09-06 18:45:00', '00:07:01', '2015-08-13 10:45:13', '2015-08-13 12:12:26', 0),
	(1623, 95, 'Stage 17', 15.36, '2015-09-06 19:00:00', '00:10:00', '2015-08-13 10:45:13', '2015-08-13 12:12:26', 0),
	(1624, 96, 'Stage 0', 6.19, '2015-09-13 11:15:00', '00:04:00', '2015-08-13 10:45:13', '2015-08-13 12:12:26', 0),
	(1625, 96, 'Stage 1', 11.62, '2015-09-13 11:30:00', '00:07:01', '2015-08-13 10:45:13', '2015-08-13 12:12:26', 0),
	(1626, 96, 'Stage 2', 8.24, '2015-09-13 11:45:00', '00:05:00', '2015-08-13 10:45:13', '2015-08-13 12:12:26', 0),
	(1627, 96, 'Stage 3', 19.03, '2015-09-13 12:00:00', '00:12:01', '2015-08-13 10:45:13', '2015-08-13 12:12:26', 0),
	(1628, 96, 'Stage 4', 21.88, '2015-09-13 12:15:00', '00:14:01', '2015-08-13 10:45:13', '2015-08-13 12:12:26', 0),
	(1629, 96, 'Stage 5', 23.08, '2015-09-13 12:30:00', '00:14:00', '2015-08-13 10:45:13', '2015-08-13 12:12:26', 0),
	(1630, 96, 'Stage 6', 20.23, '2015-09-13 12:45:00', '00:13:00', '2015-08-13 10:45:13', '2015-08-13 12:12:26', 0),
	(1631, 96, 'Stage 7', 28.03, '2015-09-13 13:00:00', '00:18:01', '2015-08-13 10:45:13', '2015-08-13 12:12:26', 0),
	(1632, 96, 'Stage 8', 24.28, '2015-09-13 13:15:00', '00:14:00', '2015-08-13 10:45:13', '2015-08-13 12:12:26', 0),
	(1633, 96, 'Stage 9', 17.11, '2015-09-13 13:30:00', '00:11:00', '2015-08-13 10:45:13', '2015-08-13 12:12:26', 0),
	(1634, 96, 'Stage 10', 23.59, '2015-09-13 13:45:00', '00:14:00', '2015-08-13 10:45:13', '2015-08-13 12:12:26', 0),
	(1635, 96, 'Stage 11', 3.87, '2015-09-13 14:00:00', '00:02:00', '2015-08-13 10:45:13', '2015-08-13 12:12:26', 0),
	(1636, 96, 'Stage 12', 28.77, '2015-09-13 14:15:00', '00:18:01', '2015-08-13 10:45:13', '2015-08-13 12:12:26', 0),
	(1637, 96, 'Stage 13', 16.55, '2015-09-13 14:30:00', '00:10:00', '2015-08-13 10:45:13', '2015-08-13 12:12:26', 0),
	(1638, 96, 'Stage 14', 11.29, '2015-09-13 14:45:00', '00:07:00', '2015-08-13 10:45:13', '2015-08-13 12:12:26', 0),
	(1639, 96, 'Stage 15', 6.90, '2015-09-13 15:00:00', '00:04:00', '2015-08-13 10:45:13', '2015-08-13 12:12:26', 0),
	(1640, 96, 'Stage 16', 24.77, '2015-09-13 15:15:00', '00:15:00', '2015-08-13 10:45:13', '2015-08-13 12:12:26', 0),
	(1641, 96, 'Stage 17', 20.02, '2015-09-13 15:30:00', '00:11:01', '2015-08-13 10:45:13', '2015-08-13 12:12:26', 0),
	(1642, 97, 'Stage 0', 23.16, '2015-09-20 14:15:00', '00:13:01', '2015-08-13 10:45:13', '2015-08-13 12:12:26', 0),
	(1643, 97, 'Stage 1', 20.68, '2015-09-20 14:30:00', '00:11:01', '2015-08-13 10:45:13', '2015-08-13 12:12:26', 0),
	(1644, 97, 'Stage 2', 15.85, '2015-09-20 14:45:00', '00:09:00', '2015-08-13 10:45:13', '2015-08-13 12:12:26', 0),
	(1645, 97, 'Stage 3', 25.67, '2015-09-20 15:00:00', '00:15:00', '2015-08-13 10:45:13', '2015-08-13 12:12:26', 0),
	(1646, 97, 'Stage 4', 22.74, '2015-09-20 15:15:00', '00:14:00', '2015-08-13 10:45:13', '2015-08-13 12:12:26', 0),
	(1647, 97, 'Stage 5', 21.69, '2015-09-20 15:30:00', '00:12:01', '2015-08-13 10:45:13', '2015-08-13 12:12:26', 0),
	(1648, 97, 'Stage 6', 25.88, '2015-09-20 15:45:00', '00:15:00', '2015-08-13 10:45:13', '2015-08-13 12:12:26', 0),
	(1649, 97, 'Stage 7', 11.87, '2015-09-20 16:00:00', '00:07:00', '2015-08-13 10:45:13', '2015-08-13 12:12:26', 0),
	(1650, 97, 'Stage 8', 14.50, '2015-09-20 16:15:00', '00:09:00', '2015-08-13 10:45:13', '2015-08-13 12:12:26', 0),
	(1651, 97, 'Stage 9', 13.33, '2015-09-20 16:30:00', '00:08:00', '2015-08-13 10:45:13', '2015-08-13 12:12:26', 0),
	(1652, 97, 'Stage 10', 21.66, '2015-09-20 16:45:00', '00:12:00', '2015-08-13 10:45:13', '2015-08-13 12:12:26', 0),
	(1653, 97, 'Stage 11', 6.23, '2015-09-20 17:00:00', '00:03:01', '2015-08-13 10:45:13', '2015-08-13 12:12:26', 0),
	(1654, 97, 'Stage 12', 5.78, '2015-09-20 17:15:00', '00:03:01', '2015-08-13 10:45:13', '2015-08-13 12:12:26', 0),
	(1655, 97, 'Stage 13', 20.41, '2015-09-20 17:30:00', '00:11:01', '2015-08-13 10:45:13', '2015-08-13 12:12:26', 0),
	(1656, 97, 'Stage 14', 29.96, '2015-09-20 17:45:00', '00:19:00', '2015-08-13 10:45:13', '2015-08-13 12:12:26', 0),
	(1657, 97, 'Stage 15', 29.71, '2015-09-20 18:00:00', '00:19:00', '2015-08-13 10:45:13', '2015-08-13 12:12:26', 0),
	(1658, 97, 'Stage 16', 21.87, '2015-09-20 18:15:00', '00:14:00', '2015-08-13 10:45:13', '2015-08-13 12:12:26', 0),
	(1659, 97, 'Stage 17', 27.59, '2015-09-20 18:30:00', '00:16:01', '2015-08-13 10:45:13', '2015-08-13 12:12:26', 0),
	(1660, 98, 'Stage 0', 20.23, '2015-09-27 14:15:00', '00:12:01', '2015-08-13 10:45:13', '2015-08-13 12:12:26', 0),
	(1661, 98, 'Stage 1', 9.18, '2015-09-27 14:30:00', '00:05:01', '2015-08-13 10:45:13', '2015-08-13 12:12:26', 0),
	(1662, 98, 'Stage 2', 13.81, '2015-09-27 14:45:00', '00:08:00', '2015-08-13 10:45:13', '2015-08-13 12:12:26', 0),
	(1663, 98, 'Stage 3', 28.47, '2015-09-27 15:00:00', '00:18:00', '2015-08-13 10:45:13', '2015-08-13 12:12:26', 0),
	(1664, 98, 'Stage 4', 7.86, '2015-09-27 15:15:00', '00:05:00', '2015-08-13 10:45:13', '2015-08-13 12:12:26', 0),
	(1665, 98, 'Stage 5', 27.45, '2015-09-27 15:30:00', '00:16:00', '2015-08-13 10:45:13', '2015-08-13 12:12:26', 0),
	(1666, 98, 'Stage 6', 14.65, '2015-09-27 15:45:00', '00:08:01', '2015-08-13 10:45:13', '2015-08-13 12:12:26', 0),
	(1667, 98, 'Stage 7', 29.37, '2015-09-27 16:00:00', '00:18:01', '2015-08-13 10:45:13', '2015-08-13 12:12:26', 0),
	(1668, 98, 'Stage 8', 19.12, '2015-09-27 16:15:00', '00:11:01', '2015-08-13 10:45:13', '2015-08-13 12:12:26', 0),
	(1669, 98, 'Stage 9', 15.06, '2015-09-27 16:30:00', '00:09:00', '2015-08-13 10:45:13', '2015-08-13 12:12:26', 0),
	(1670, 98, 'Stage 10', 20.09, '2015-09-27 16:45:00', '00:11:01', '2015-08-13 10:45:13', '2015-08-13 12:12:26', 0),
	(1671, 98, 'Stage 11', 16.52, '2015-09-27 17:00:00', '00:09:01', '2015-08-13 10:45:13', '2015-08-13 12:12:26', 0),
	(1672, 98, 'Stage 12', 14.42, '2015-09-27 17:15:00', '00:08:00', '2015-08-13 10:45:13', '2015-08-13 12:12:26', 0),
	(1673, 98, 'Stage 13', 15.43, '2015-09-27 17:30:00', '00:09:00', '2015-08-13 10:45:13', '2015-08-13 12:12:26', 0),
	(1674, 98, 'Stage 14', 20.71, '2015-09-27 17:45:00', '00:13:01', '2015-08-13 10:45:13', '2015-08-13 12:12:26', 0),
	(1675, 98, 'Stage 15', 28.62, '2015-09-27 18:00:00', '00:19:01', '2015-08-13 10:45:13', '2015-08-13 12:12:26', 0),
	(1676, 98, 'Stage 16', 19.75, '2015-09-27 18:15:00', '00:11:01', '2015-08-13 10:45:13', '2015-08-13 12:12:26', 0),
	(1677, 98, 'Stage 17', 23.23, '2015-09-27 18:30:00', '00:15:01', '2015-08-13 10:45:13', '2015-08-13 12:12:26', 0),
	(1678, 99, 'Stage 0', 22.38, '2015-10-04 09:45:00', '00:15:00', '2015-08-13 10:45:13', '2015-08-13 12:12:26', 0),
	(1679, 99, 'Stage 1', 29.56, '2015-10-04 10:00:00', '00:19:01', '2015-08-13 10:45:13', '2015-08-13 12:12:26', 0),
	(1680, 99, 'Stage 2', 4.56, '2015-10-04 10:15:00', '00:02:01', '2015-08-13 10:45:13', '2015-08-13 12:12:26', 0),
	(1681, 99, 'Stage 3', 15.03, '2015-10-04 10:30:00', '00:08:01', '2015-08-13 10:45:13', '2015-08-13 12:12:26', 0),
	(1682, 99, 'Stage 4', 21.33, '2015-10-04 10:45:00', '00:12:01', '2015-08-13 10:45:13', '2015-08-13 12:12:26', 0),
	(1683, 99, 'Stage 5', 6.36, '2015-10-04 11:00:00', '00:03:01', '2015-08-13 10:45:13', '2015-08-13 12:12:26', 0),
	(1684, 99, 'Stage 6', 17.64, '2015-10-04 11:15:00', '00:11:00', '2015-08-13 10:45:13', '2015-08-13 12:12:26', 0),
	(1685, 99, 'Stage 7', 22.86, '2015-10-04 11:30:00', '00:13:00', '2015-08-13 10:45:13', '2015-08-13 12:12:26', 0),
	(1686, 99, 'Stage 8', 29.06, '2015-10-04 11:45:00', '00:17:00', '2015-08-13 10:45:13', '2015-08-13 12:12:26', 0),
	(1687, 99, 'Stage 9', 2.43, '2015-10-04 12:00:00', '00:01:01', '2015-08-13 10:45:13', '2015-08-13 12:12:26', 0),
	(1688, 99, 'Stage 10', 14.86, '2015-10-04 12:15:00', '00:10:00', '2015-08-13 10:45:13', '2015-08-13 12:12:26', 0),
	(1689, 99, 'Stage 11', 20.22, '2015-10-04 12:30:00', '00:12:00', '2015-08-13 10:45:13', '2015-08-13 12:12:26', 0),
	(1690, 99, 'Stage 12', 4.34, '2015-10-04 12:45:00', '00:02:01', '2015-08-13 10:45:13', '2015-08-13 12:12:26', 0),
	(1691, 99, 'Stage 13', 17.58, '2015-10-04 13:00:00', '00:11:00', '2015-08-13 10:45:13', '2015-08-13 12:12:26', 0),
	(1692, 99, 'Stage 14', 5.53, '2015-10-04 13:15:00', '00:03:01', '2015-08-13 10:45:13', '2015-08-13 12:12:26', 0),
	(1693, 99, 'Stage 15', 13.60, '2015-10-04 13:30:00', '00:08:01', '2015-08-13 10:45:13', '2015-08-13 12:12:26', 0),
	(1694, 99, 'Stage 16', 7.07, '2015-10-04 13:45:00', '00:04:00', '2015-08-13 10:45:13', '2015-08-13 12:12:26', 0),
	(1695, 99, 'Stage 17', 5.65, '2015-10-04 14:00:00', '00:03:00', '2015-08-13 10:45:13', '2015-08-13 12:12:26', 0),
	(1696, 100, 'Stage 0', 24.83, '2015-10-11 12:00:00', '00:16:01', '2015-08-13 10:45:13', '2015-08-13 12:12:26', 0),
	(1697, 100, 'Stage 1', 27.07, '2015-10-11 12:15:00', '00:17:01', '2015-08-13 10:45:13', '2015-08-13 12:12:26', 0),
	(1698, 100, 'Stage 2', 3.33, '2015-10-11 12:30:00', '00:02:00', '2015-08-13 10:45:13', '2015-08-13 12:12:26', 0),
	(1699, 100, 'Stage 3', 14.48, '2015-10-11 12:45:00', '00:08:00', '2015-08-13 10:45:13', '2015-08-13 12:12:26', 0),
	(1700, 100, 'Stage 4', 23.90, '2015-10-11 13:00:00', '00:13:01', '2015-08-13 10:45:13', '2015-08-13 12:12:26', 0),
	(1701, 100, 'Stage 5', 12.74, '2015-10-11 13:15:00', '00:07:00', '2015-08-13 10:45:13', '2015-08-13 12:12:26', 0),
	(1702, 100, 'Stage 6', 15.71, '2015-10-11 13:30:00', '00:10:00', '2015-08-13 10:45:13', '2015-08-13 12:12:26', 0),
	(1703, 100, 'Stage 7', 15.46, '2015-10-11 13:45:00', '00:09:01', '2015-08-13 10:45:13', '2015-08-13 12:12:26', 0),
	(1704, 100, 'Stage 8', 21.07, '2015-10-11 14:00:00', '00:12:01', '2015-08-13 10:45:13', '2015-08-13 12:12:26', 0),
	(1705, 100, 'Stage 9', 25.99, '2015-10-11 14:15:00', '00:15:01', '2015-08-13 10:45:13', '2015-08-13 12:12:26', 0),
	(1706, 100, 'Stage 10', 27.67, '2015-10-11 14:30:00', '00:17:01', '2015-08-13 10:45:13', '2015-08-13 12:12:26', 0),
	(1707, 100, 'Stage 11', 26.08, '2015-10-11 14:45:00', '00:14:01', '2015-08-13 10:45:13', '2015-08-13 12:12:26', 0),
	(1708, 100, 'Stage 12', 5.68, '2015-10-11 15:00:00', '00:03:00', '2015-08-13 10:45:13', '2015-08-13 12:12:26', 0),
	(1709, 100, 'Stage 13', 26.25, '2015-10-11 15:15:00', '00:16:00', '2015-08-13 10:45:13', '2015-08-13 12:12:26', 0),
	(1710, 100, 'Stage 14', 23.64, '2015-10-11 15:30:00', '00:13:00', '2015-08-13 10:45:13', '2015-08-13 12:12:26', 0),
	(1711, 100, 'Stage 15', 15.34, '2015-10-11 15:45:00', '00:09:00', '2015-08-13 10:45:13', '2015-08-13 12:12:26', 0),
	(1712, 100, 'Stage 16', 10.75, '2015-10-11 16:00:00', '00:07:00', '2015-08-13 10:45:13', '2015-08-13 12:12:26', 0),
	(1713, 100, 'Stage 17', 9.69, '2015-10-11 16:15:00', '00:05:00', '2015-08-13 10:45:13', '2015-08-13 12:12:26', 0),
	(1714, 101, 'Stage 0', 20.77, '2015-10-18 09:45:00', '00:12:01', '2015-08-13 10:45:13', '2015-08-13 12:12:26', 0),
	(1715, 101, 'Stage 1', 25.39, '2015-10-18 10:00:00', '00:15:00', '2015-08-13 10:45:13', '2015-08-13 12:12:26', 0),
	(1716, 101, 'Stage 2', 3.00, '2015-10-18 10:15:00', '00:02:00', '2015-08-13 10:45:13', '2015-08-13 12:12:26', 0),
	(1717, 101, 'Stage 3', 8.19, '2015-10-18 10:30:00', '00:05:00', '2015-08-13 10:45:13', '2015-08-13 12:12:26', 0),
	(1718, 101, 'Stage 4', 15.86, '2015-10-18 10:45:00', '00:10:01', '2015-08-13 10:45:13', '2015-08-13 12:12:26', 0),
	(1719, 101, 'Stage 5', 25.23, '2015-10-18 11:00:00', '00:14:00', '2015-08-13 10:45:13', '2015-08-13 12:12:26', 0),
	(1720, 101, 'Stage 6', 12.27, '2015-10-18 11:15:00', '00:08:00', '2015-08-13 10:45:13', '2015-08-13 12:12:26', 0),
	(1721, 101, 'Stage 7', 5.95, '2015-10-18 11:30:00', '00:03:01', '2015-08-13 10:45:13', '2015-08-13 12:12:26', 0),
	(1722, 101, 'Stage 8', 25.57, '2015-10-18 11:45:00', '00:15:01', '2015-08-13 10:45:13', '2015-08-13 12:12:26', 0),
	(1723, 101, 'Stage 9', 23.21, '2015-10-18 12:00:00', '00:15:01', '2015-08-13 10:45:13', '2015-08-13 12:12:26', 0),
	(1724, 101, 'Stage 10', 9.37, '2015-10-18 12:15:00', '00:05:01', '2015-08-13 10:45:13', '2015-08-13 12:12:26', 0),
	(1725, 101, 'Stage 11', 24.32, '2015-10-18 12:30:00', '00:14:01', '2015-08-13 10:45:13', '2015-08-13 12:12:26', 0),
	(1726, 101, 'Stage 12', 4.02, '2015-10-18 12:45:00', '00:02:01', '2015-08-13 10:45:13', '2015-08-13 12:12:26', 0),
	(1727, 101, 'Stage 13', 21.57, '2015-10-18 13:00:00', '00:12:00', '2015-08-13 10:45:13', '2015-08-13 12:12:26', 0),
	(1728, 101, 'Stage 14', 17.53, '2015-10-18 13:15:00', '00:10:01', '2015-08-13 10:45:13', '2015-08-13 12:12:26', 0),
	(1729, 101, 'Stage 15', 12.29, '2015-10-18 13:30:00', '00:06:01', '2015-08-13 10:45:13', '2015-08-13 12:12:26', 0),
	(1730, 101, 'Stage 16', 12.46, '2015-10-18 13:45:00', '00:07:00', '2015-08-13 10:45:13', '2015-08-13 12:12:26', 0),
	(1731, 101, 'Stage 17', 6.03, '2015-10-18 14:00:00', '00:03:01', '2015-08-13 10:45:13', '2015-08-13 12:12:26', 0),
	(1732, 102, 'Stage 0', 28.07, '2015-10-25 14:15:00', '00:16:00', '2015-08-13 10:45:13', '2015-08-13 12:12:26', 0),
	(1733, 102, 'Stage 1', 25.25, '2015-10-25 14:30:00', '00:16:00', '2015-08-13 10:45:13', '2015-08-13 12:12:26', 0),
	(1734, 102, 'Stage 2', 15.46, '2015-10-25 14:45:00', '00:10:01', '2015-08-13 10:45:13', '2015-08-13 12:12:26', 0),
	(1735, 102, 'Stage 3', 7.43, '2015-10-25 15:00:00', '00:04:01', '2015-08-13 10:45:13', '2015-08-13 12:12:26', 0),
	(1736, 102, 'Stage 4', 9.12, '2015-10-25 15:15:00', '00:05:01', '2015-08-13 10:45:13', '2015-08-13 12:12:26', 0),
	(1737, 102, 'Stage 5', 21.54, '2015-10-25 15:30:00', '00:14:01', '2015-08-13 10:45:13', '2015-08-13 12:12:26', 0),
	(1738, 102, 'Stage 6', 17.23, '2015-10-25 15:45:00', '00:10:00', '2015-08-13 10:45:13', '2015-08-13 12:12:26', 0),
	(1739, 102, 'Stage 7', 29.37, '2015-10-25 16:00:00', '00:19:00', '2015-08-13 10:45:13', '2015-08-13 12:12:26', 0),
	(1740, 102, 'Stage 8', 25.41, '2015-10-25 16:15:00', '00:14:01', '2015-08-13 10:45:13', '2015-08-13 12:12:26', 0),
	(1741, 102, 'Stage 9', 12.42, '2015-10-25 16:30:00', '00:07:00', '2015-08-13 10:45:13', '2015-08-13 12:12:26', 0),
	(1742, 102, 'Stage 10', 21.61, '2015-10-25 16:45:00', '00:13:01', '2015-08-13 10:45:13', '2015-08-13 12:12:26', 0),
	(1743, 102, 'Stage 11', 18.41, '2015-10-25 17:00:00', '00:12:00', '2015-08-13 10:45:13', '2015-08-13 12:12:26', 0),
	(1744, 102, 'Stage 12', 17.69, '2015-10-25 17:15:00', '00:10:01', '2015-08-13 10:45:13', '2015-08-13 12:12:26', 0),
	(1745, 102, 'Stage 13', 15.07, '2015-10-25 17:30:00', '00:10:00', '2015-08-13 10:45:13', '2015-08-13 12:12:26', 0),
	(1746, 102, 'Stage 14', 19.63, '2015-10-25 17:45:00', '00:13:00', '2015-08-13 10:45:13', '2015-08-13 12:12:26', 0),
	(1747, 102, 'Stage 15', 5.78, '2015-10-25 18:00:00', '00:03:01', '2015-08-13 10:45:13', '2015-08-13 12:12:26', 0),
	(1748, 102, 'Stage 16', 24.43, '2015-10-25 18:15:00', '00:14:00', '2015-08-13 10:45:13', '2015-08-13 12:12:26', 0),
	(1749, 102, 'Stage 17', 7.53, '2015-10-25 18:30:00', '00:05:00', '2015-08-13 10:45:13', '2015-08-13 12:12:26', 0),
	(1750, 103, 'Stage 0', 17.21, '2015-11-01 11:45:00', '00:11:01', '2015-08-13 10:45:13', '2015-08-13 12:12:26', 0),
	(1751, 103, 'Stage 1', 7.77, '2015-11-01 12:00:00', '00:05:00', '2015-08-13 10:45:13', '2015-08-13 12:12:26', 0),
	(1752, 103, 'Stage 2', 10.03, '2015-11-01 12:15:00', '00:06:00', '2015-08-13 10:45:13', '2015-08-13 12:12:26', 0),
	(1753, 103, 'Stage 3', 10.18, '2015-11-01 12:30:00', '00:06:01', '2015-08-13 10:45:13', '2015-08-13 12:12:26', 0),
	(1754, 103, 'Stage 4', 26.42, '2015-11-01 12:45:00', '00:17:00', '2015-08-13 10:45:13', '2015-08-13 12:12:26', 0),
	(1755, 103, 'Stage 5', 12.87, '2015-11-01 13:00:00', '00:08:00', '2015-08-13 10:45:13', '2015-08-13 12:12:26', 0),
	(1756, 103, 'Stage 6', 4.42, '2015-11-01 13:15:00', '00:02:01', '2015-08-13 10:45:13', '2015-08-13 12:12:26', 0),
	(1757, 103, 'Stage 7', 14.32, '2015-11-01 13:30:00', '00:09:01', '2015-08-13 10:45:13', '2015-08-13 12:12:26', 0),
	(1758, 103, 'Stage 8', 12.38, '2015-11-01 13:45:00', '00:07:00', '2015-08-13 10:45:13', '2015-08-13 12:12:26', 0),
	(1759, 103, 'Stage 9', 16.46, '2015-11-01 14:00:00', '00:09:01', '2015-08-13 10:45:13', '2015-08-13 12:12:26', 0),
	(1760, 103, 'Stage 10', 13.73, '2015-11-01 14:15:00', '00:08:01', '2015-08-13 10:45:13', '2015-08-13 12:12:26', 0),
	(1761, 103, 'Stage 11', 4.86, '2015-11-01 14:30:00', '00:03:00', '2015-08-13 10:45:13', '2015-08-13 12:12:26', 0),
	(1762, 103, 'Stage 12', 7.85, '2015-11-01 14:45:00', '00:05:00', '2015-08-13 10:45:13', '2015-08-13 12:12:26', 0),
	(1763, 103, 'Stage 13', 18.12, '2015-11-01 15:00:00', '00:10:00', '2015-08-13 10:45:13', '2015-08-13 12:12:26', 0),
	(1764, 103, 'Stage 14', 17.59, '2015-11-01 15:15:00', '00:11:00', '2015-08-13 10:45:13', '2015-08-13 12:12:26', 0),
	(1765, 103, 'Stage 15', 14.97, '2015-11-01 15:30:00', '00:10:00', '2015-08-13 10:45:13', '2015-08-13 12:12:26', 0),
	(1766, 103, 'Stage 16', 26.49, '2015-11-01 15:45:00', '00:16:01', '2015-08-13 10:45:13', '2015-08-13 12:12:26', 0),
	(1767, 103, 'Stage 17', 28.34, '2015-11-01 16:00:00', '00:18:01', '2015-08-13 10:45:13', '2015-08-13 12:12:26', 0);
/*!40000 ALTER TABLE `rally_stage` ENABLE KEYS */;


-- Zrzut struktury tabela ral.rally_stage_result
DROP TABLE IF EXISTS `rally_stage_result`;
CREATE TABLE IF NOT EXISTS `rally_stage_result` (
  `id` int(11) NOT NULL AUTO_INCREMENT,
  `stage_id` int(11) DEFAULT NULL,
  `crew_id` varchar(255) DEFAULT NULL,
  `base_time` time DEFAULT NULL,
  `random_factor` decimal(4,2) DEFAULT NULL,
  `accident_id` int(11) DEFAULT NULL,
  `accident_random_factor` decimal(4,2) DEFAULT NULL,
  `out_of_race` tinyint(1) NOT NULL DEFAULT '0',
  `created_at` datetime NOT NULL,
  `updated_at` datetime NOT NULL,
  PRIMARY KEY (`id`),
  KEY `stage_id_idx` (`stage_id`),
  KEY `accident_id_idx` (`accident_id`),
  KEY `rally_stage_result_crew_id_rally_crew_id` (`crew_id`)
) ENGINE=MyISAM AUTO_INCREMENT=898 DEFAULT CHARSET=utf8;

-- Zrzucanie danych dla tabeli ral.rally_stage_result: 897 rows
DELETE FROM `rally_stage_result`;
/*!40000 ALTER TABLE `rally_stage_result` DISABLE KEYS */;
INSERT INTO `rally_stage_result` (`id`, `stage_id`, `crew_id`, `base_time`, `random_factor`, `accident_id`, `accident_random_factor`, `out_of_race`, `created_at`, `updated_at`) VALUES
	(1, 1, '1', '00:10:02', NULL, NULL, NULL, 0, '2015-08-12 10:51:51', '2015-08-12 10:51:51'),
	(2, 1, '2', '00:14:12', NULL, NULL, NULL, 0, '2015-08-12 10:51:51', '2015-08-12 10:51:51'),
	(3, 1, '3', '00:16:17', NULL, NULL, NULL, 0, '2015-08-12 10:51:51', '2015-08-12 10:51:51'),
	(4, 1, '4', '00:15:19', NULL, NULL, NULL, 0, '2015-08-12 10:51:51', '2015-08-12 10:51:51'),
	(5, 1, '5', '00:17:14', NULL, NULL, NULL, 0, '2015-08-12 10:51:51', '2015-08-12 10:51:51'),
	(6, 1, '6', '00:18:39', NULL, NULL, NULL, 0, '2015-08-12 10:51:51', '2015-08-12 10:51:51'),
	(7, 1, '7', '00:21:55', NULL, NULL, NULL, 0, '2015-08-12 10:51:51', '2015-08-12 10:51:51'),
	(8, 1, '8', '00:15:20', NULL, NULL, NULL, 0, '2015-08-12 10:51:51', '2015-08-12 10:51:51'),
	(9, 1, '9', '00:22:53', NULL, NULL, NULL, 0, '2015-08-12 10:51:51', '2015-08-12 10:51:51'),
	(10, 1, '10', '00:11:59', NULL, NULL, NULL, 0, '2015-08-12 10:51:51', '2015-08-12 10:51:51'),
	(11, 1, '11', '00:15:20', NULL, NULL, NULL, 0, '2015-08-12 10:51:51', '2015-08-12 10:51:51'),
	(12, 1, '12', '00:14:29', NULL, NULL, NULL, 0, '2015-08-12 10:51:51', '2015-08-12 10:51:51'),
	(13, 1, '13', '00:13:48', NULL, NULL, NULL, 0, '2015-08-12 10:51:51', '2015-08-12 10:51:51'),
	(14, 1, '14', '00:20:18', NULL, NULL, NULL, 0, '2015-08-12 10:51:51', '2015-08-12 10:51:51'),
	(15, 2, '1', '00:08:08', NULL, NULL, NULL, 0, '2015-08-12 10:51:51', '2015-08-12 10:51:51'),
	(16, 2, '2', '00:12:54', NULL, NULL, NULL, 0, '2015-08-12 10:51:51', '2015-08-12 10:51:51'),
	(17, 2, '3', '00:14:54', NULL, NULL, NULL, 0, '2015-08-12 10:51:51', '2015-08-12 10:51:51'),
	(18, 2, '4', '00:14:49', NULL, NULL, NULL, 0, '2015-08-12 10:51:51', '2015-08-12 10:51:51'),
	(19, 2, '5', '00:17:08', NULL, NULL, NULL, 0, '2015-08-12 10:51:51', '2015-08-12 10:51:51'),
	(20, 2, '6', '00:17:36', NULL, NULL, NULL, 0, '2015-08-12 10:51:51', '2015-08-12 10:51:51'),
	(21, 2, '7', '00:18:19', NULL, NULL, NULL, 0, '2015-08-12 10:51:51', '2015-08-12 10:51:51'),
	(22, 2, '8', '00:14:17', NULL, NULL, NULL, 0, '2015-08-12 10:51:51', '2015-08-12 10:51:51'),
	(23, 2, '9', '00:21:20', NULL, NULL, NULL, 0, '2015-08-12 10:51:51', '2015-08-12 10:51:51'),
	(24, 2, '10', '00:10:58', NULL, NULL, NULL, 0, '2015-08-12 10:51:51', '2015-08-12 10:51:51'),
	(25, 2, '11', '00:14:36', NULL, NULL, NULL, 0, '2015-08-12 10:51:51', '2015-08-12 10:51:51'),
	(26, 2, '12', '00:12:14', NULL, NULL, NULL, 0, '2015-08-12 10:51:51', '2015-08-12 10:51:51'),
	(27, 2, '13', '00:13:07', NULL, NULL, NULL, 0, '2015-08-12 10:51:51', '2015-08-12 10:51:51'),
	(28, 2, '14', '00:20:15', NULL, NULL, NULL, 0, '2015-08-12 10:51:51', '2015-08-12 10:51:51'),
	(29, 3, '1', '00:04:46', NULL, NULL, NULL, 0, '2015-08-12 10:51:51', '2015-08-12 10:51:51'),
	(30, 3, '2', '00:07:16', NULL, NULL, NULL, 0, '2015-08-12 10:51:51', '2015-08-12 10:51:51'),
	(31, 3, '3', '00:08:23', NULL, NULL, NULL, 0, '2015-08-12 10:51:51', '2015-08-12 10:51:51'),
	(32, 3, '4', '00:07:46', NULL, NULL, NULL, 0, '2015-08-12 10:51:51', '2015-08-12 10:51:51'),
	(33, 3, '5', '00:08:53', NULL, NULL, NULL, 0, '2015-08-12 10:51:51', '2015-08-12 10:51:51'),
	(34, 3, '6', '00:10:20', NULL, NULL, NULL, 0, '2015-08-12 10:51:51', '2015-08-12 10:51:51'),
	(35, 3, '7', '00:10:57', NULL, NULL, NULL, 0, '2015-08-12 10:51:51', '2015-08-12 10:51:51'),
	(36, 3, '8', '00:07:20', NULL, NULL, NULL, 0, '2015-08-12 10:51:51', '2015-08-12 10:51:51'),
	(37, 3, '9', '00:12:18', NULL, NULL, NULL, 0, '2015-08-12 10:51:51', '2015-08-12 10:51:51'),
	(38, 3, '10', '00:05:33', NULL, NULL, NULL, 0, '2015-08-12 10:51:51', '2015-08-12 10:51:51'),
	(39, 3, '11', '00:09:04', NULL, NULL, NULL, 0, '2015-08-12 10:51:51', '2015-08-12 10:51:51'),
	(40, 3, '12', '00:07:21', NULL, NULL, NULL, 0, '2015-08-12 10:51:51', '2015-08-12 10:51:51'),
	(41, 3, '13', '00:07:21', NULL, NULL, NULL, 0, '2015-08-12 10:51:51', '2015-08-12 10:51:51'),
	(42, 3, '14', '00:10:37', NULL, NULL, NULL, 0, '2015-08-12 10:51:51', '2015-08-12 10:51:51'),
	(43, 4, '1', '00:08:49', NULL, NULL, NULL, 0, '2015-08-12 10:51:51', '2015-08-12 10:51:51'),
	(44, 4, '2', '00:13:27', NULL, NULL, NULL, 0, '2015-08-12 10:51:51', '2015-08-12 10:51:51'),
	(45, 4, '3', '00:16:22', NULL, NULL, NULL, 0, '2015-08-12 10:51:51', '2015-08-12 10:51:51'),
	(46, 4, '4', '00:15:21', NULL, NULL, NULL, 0, '2015-08-12 10:51:51', '2015-08-12 10:51:51'),
	(47, 4, '5', '00:17:16', NULL, NULL, NULL, 0, '2015-08-12 10:51:51', '2015-08-12 10:51:51'),
	(48, 4, '6', '00:17:33', NULL, NULL, NULL, 0, '2015-08-12 10:51:51', '2015-08-12 10:51:51'),
	(49, 4, '7', '00:20:28', NULL, NULL, NULL, 0, '2015-08-12 10:51:51', '2015-08-12 10:51:51'),
	(50, 4, '8', '00:13:43', NULL, NULL, NULL, 0, '2015-08-12 10:51:51', '2015-08-12 10:51:51'),
	(51, 4, '9', '00:21:48', NULL, NULL, NULL, 0, '2015-08-12 10:51:51', '2015-08-12 10:51:51'),
	(52, 4, '10', '00:11:28', NULL, NULL, NULL, 0, '2015-08-12 10:51:51', '2015-08-12 10:51:51'),
	(53, 4, '11', '00:14:38', NULL, NULL, NULL, 0, '2015-08-12 10:51:51', '2015-08-12 10:51:51'),
	(54, 4, '12', '00:12:45', NULL, NULL, NULL, 0, '2015-08-12 10:51:51', '2015-08-12 10:51:51'),
	(55, 4, '13', '00:12:31', NULL, NULL, NULL, 0, '2015-08-12 10:51:51', '2015-08-12 10:51:51'),
	(56, 4, '14', '00:19:25', NULL, NULL, NULL, 0, '2015-08-12 10:51:51', '2015-08-12 10:51:51'),
	(57, 5, '1', '00:13:09', NULL, NULL, NULL, 0, '2015-08-12 10:51:51', '2015-08-12 10:51:51'),
	(58, 5, '2', '00:22:12', NULL, NULL, NULL, 0, '2015-08-12 10:51:51', '2015-08-12 10:51:51'),
	(59, 5, '3', '00:25:33', NULL, NULL, NULL, 0, '2015-08-12 10:51:51', '2015-08-12 10:51:51'),
	(60, 5, '4', '00:24:12', NULL, NULL, NULL, 0, '2015-08-12 10:51:51', '2015-08-12 10:51:51'),
	(61, 5, '5', '00:26:32', NULL, NULL, NULL, 0, '2015-08-12 10:51:51', '2015-08-12 10:51:51'),
	(62, 5, '6', '00:27:27', NULL, NULL, NULL, 0, '2015-08-12 10:51:51', '2015-08-12 10:51:51'),
	(63, 5, '7', '00:30:00', NULL, NULL, NULL, 0, '2015-08-12 10:51:51', '2015-08-12 10:51:51'),
	(64, 5, '8', '00:24:43', NULL, NULL, NULL, 0, '2015-08-12 10:51:51', '2015-08-12 10:51:51'),
	(65, 5, '9', '00:36:43', NULL, NULL, NULL, 0, '2015-08-12 10:51:51', '2015-08-12 10:51:51'),
	(66, 5, '10', '00:16:01', NULL, NULL, NULL, 0, '2015-08-12 10:51:51', '2015-08-12 10:51:51'),
	(67, 5, '11', '00:25:05', NULL, NULL, NULL, 0, '2015-08-12 10:51:51', '2015-08-12 10:51:51'),
	(68, 5, '12', '00:21:01', NULL, NULL, NULL, 0, '2015-08-12 10:51:51', '2015-08-12 10:51:51'),
	(69, 5, '13', '00:20:10', NULL, NULL, NULL, 0, '2015-08-12 10:51:51', '2015-08-12 10:51:51'),
	(70, 5, '14', '00:32:49', NULL, NULL, NULL, 0, '2015-08-12 10:51:51', '2015-08-12 10:51:51'),
	(71, 6, '1', '00:02:31', NULL, NULL, NULL, 0, '2015-08-12 10:51:51', '2015-08-12 10:51:51'),
	(72, 6, '2', '00:03:48', NULL, NULL, NULL, 0, '2015-08-12 10:51:51', '2015-08-12 10:51:51'),
	(73, 6, '3', '00:04:00', NULL, NULL, NULL, 0, '2015-08-12 10:51:51', '2015-08-12 10:51:51'),
	(74, 6, '4', '00:04:07', NULL, NULL, NULL, 0, '2015-08-12 10:51:51', '2015-08-12 10:51:51'),
	(75, 6, '5', '00:04:35', NULL, NULL, NULL, 0, '2015-08-12 10:51:51', '2015-08-12 10:51:51'),
	(76, 6, '6', '00:05:03', NULL, NULL, NULL, 0, '2015-08-12 10:51:51', '2015-08-12 10:51:51'),
	(77, 6, '7', '00:05:38', NULL, NULL, NULL, 0, '2015-08-12 10:51:51', '2015-08-12 10:51:51'),
	(78, 6, '8', '00:03:53', NULL, NULL, NULL, 0, '2015-08-12 10:51:51', '2015-08-12 10:51:51'),
	(79, 6, '9', '00:06:17', NULL, NULL, NULL, 0, '2015-08-12 10:51:51', '2015-08-12 10:51:51'),
	(80, 6, '10', '00:03:03', NULL, NULL, NULL, 0, '2015-08-12 10:51:51', '2015-08-12 10:51:51'),
	(81, 6, '11', '00:04:00', NULL, NULL, NULL, 0, '2015-08-12 10:51:51', '2015-08-12 10:51:51'),
	(82, 6, '12', '00:03:37', NULL, NULL, NULL, 0, '2015-08-12 10:51:51', '2015-08-12 10:51:51'),
	(83, 6, '13', '00:03:36', NULL, NULL, NULL, 0, '2015-08-12 10:51:51', '2015-08-12 10:51:51'),
	(84, 6, '14', '00:05:14', NULL, NULL, NULL, 0, '2015-08-12 10:51:51', '2015-08-12 10:51:51'),
	(85, 7, '1', '00:10:53', NULL, NULL, NULL, 0, '2015-08-12 10:51:51', '2015-08-12 10:51:51'),
	(86, 7, '2', '00:16:24', NULL, NULL, NULL, 0, '2015-08-12 10:51:51', '2015-08-12 10:51:51'),
	(87, 7, '3', '00:19:43', NULL, NULL, NULL, 0, '2015-08-12 10:51:51', '2015-08-12 10:51:51'),
	(88, 7, '4', '00:18:06', NULL, NULL, NULL, 0, '2015-08-12 10:51:51', '2015-08-12 10:51:51'),
	(89, 7, '5', '00:21:06', NULL, NULL, NULL, 0, '2015-08-12 10:51:51', '2015-08-12 10:51:51'),
	(90, 7, '6', '00:20:06', NULL, NULL, NULL, 0, '2015-08-12 10:51:51', '2015-08-12 10:51:51'),
	(91, 7, '7', '00:25:14', NULL, NULL, NULL, 0, '2015-08-12 10:51:51', '2015-08-12 10:51:51'),
	(92, 7, '8', '00:16:35', NULL, NULL, NULL, 0, '2015-08-12 10:51:51', '2015-08-12 10:51:51'),
	(93, 7, '9', '00:25:08', NULL, NULL, NULL, 0, '2015-08-12 10:51:51', '2015-08-12 10:51:51'),
	(94, 7, '10', '00:13:38', NULL, NULL, NULL, 0, '2015-08-12 10:51:51', '2015-08-12 10:51:51'),
	(95, 7, '11', '00:18:13', NULL, NULL, NULL, 0, '2015-08-12 10:51:51', '2015-08-12 10:51:51'),
	(96, 7, '12', '00:15:08', NULL, NULL, NULL, 0, '2015-08-12 10:51:51', '2015-08-12 10:51:51'),
	(97, 7, '13', '00:15:56', NULL, NULL, NULL, 0, '2015-08-12 10:51:51', '2015-08-12 10:51:51'),
	(98, 7, '14', '00:23:37', NULL, NULL, NULL, 0, '2015-08-12 10:51:51', '2015-08-12 10:51:51'),
	(99, 8, '1', '00:11:43', NULL, NULL, NULL, 0, '2015-08-12 10:51:51', '2015-08-12 10:51:51'),
	(100, 8, '2', '00:16:53', NULL, NULL, NULL, 0, '2015-08-12 10:51:51', '2015-08-12 10:51:51'),
	(101, 8, '3', '00:19:07', NULL, NULL, NULL, 0, '2015-08-12 10:51:51', '2015-08-12 10:51:51'),
	(102, 8, '4', '00:17:18', NULL, NULL, NULL, 0, '2015-08-12 10:51:51', '2015-08-12 10:51:51'),
	(103, 8, '5', '00:20:26', NULL, NULL, NULL, 0, '2015-08-12 10:51:51', '2015-08-12 10:51:51'),
	(104, 8, '6', '00:23:16', NULL, NULL, NULL, 0, '2015-08-12 10:51:51', '2015-08-12 10:51:51'),
	(105, 8, '7', '00:23:54', NULL, NULL, NULL, 0, '2015-08-12 10:51:51', '2015-08-12 10:51:51'),
	(106, 8, '8', '00:18:51', NULL, NULL, NULL, 0, '2015-08-12 10:51:51', '2015-08-12 10:51:51'),
	(107, 8, '9', '00:26:55', NULL, NULL, NULL, 0, '2015-08-12 10:51:51', '2015-08-12 10:51:51'),
	(108, 8, '10', '00:13:39', NULL, NULL, NULL, 0, '2015-08-12 10:51:51', '2015-08-12 10:51:51'),
	(109, 8, '11', '00:19:50', NULL, NULL, NULL, 0, '2015-08-12 10:51:51', '2015-08-12 10:51:51'),
	(110, 8, '12', '00:16:05', NULL, NULL, NULL, 0, '2015-08-12 10:51:51', '2015-08-12 10:51:51'),
	(111, 8, '13', '00:16:09', NULL, NULL, NULL, 0, '2015-08-12 10:51:51', '2015-08-12 10:51:51'),
	(112, 8, '14', '00:23:50', NULL, NULL, NULL, 0, '2015-08-12 10:51:51', '2015-08-12 10:51:51'),
	(113, 9, '1', '00:05:33', NULL, NULL, NULL, 0, '2015-08-12 11:00:00', '2015-08-12 11:00:00'),
	(114, 9, '2', '00:08:28', NULL, NULL, NULL, 0, '2015-08-12 11:00:00', '2015-08-12 11:00:00'),
	(115, 9, '3', '00:10:28', NULL, NULL, NULL, 0, '2015-08-12 11:00:00', '2015-08-12 11:00:00'),
	(116, 9, '4', '00:09:38', NULL, NULL, NULL, 0, '2015-08-12 11:00:00', '2015-08-12 11:00:00'),
	(117, 9, '5', '00:10:41', NULL, NULL, NULL, 0, '2015-08-12 11:00:00', '2015-08-12 11:00:00'),
	(118, 9, '6', '00:11:42', NULL, NULL, NULL, 0, '2015-08-12 11:00:00', '2015-08-12 11:00:00'),
	(119, 9, '7', '00:11:52', NULL, NULL, NULL, 0, '2015-08-12 11:00:00', '2015-08-12 11:00:00'),
	(120, 9, '8', '00:09:14', NULL, NULL, NULL, 0, '2015-08-12 11:00:00', '2015-08-12 11:00:00'),
	(121, 9, '9', '00:13:13', NULL, NULL, NULL, 0, '2015-08-12 11:00:00', '2015-08-12 11:00:00'),
	(122, 9, '10', '00:06:52', NULL, NULL, NULL, 0, '2015-08-12 11:00:00', '2015-08-12 11:00:00'),
	(123, 9, '11', '00:10:14', NULL, NULL, NULL, 0, '2015-08-12 11:00:00', '2015-08-12 11:00:00'),
	(124, 9, '12', '00:08:29', NULL, NULL, NULL, 0, '2015-08-12 11:00:00', '2015-08-12 11:00:00'),
	(125, 9, '13', '00:08:23', NULL, NULL, NULL, 0, '2015-08-12 11:00:00', '2015-08-12 11:00:00'),
	(126, 9, '14', '00:11:52', NULL, NULL, NULL, 0, '2015-08-12 11:00:00', '2015-08-12 11:00:00'),
	(127, 10, '1', '00:31:19', NULL, NULL, NULL, 0, '2015-08-12 11:15:00', '2015-08-12 11:15:00'),
	(128, 10, '2', '00:47:20', NULL, NULL, NULL, 0, '2015-08-12 11:15:00', '2015-08-12 11:15:00'),
	(129, 10, '3', '00:53:36', NULL, NULL, NULL, 0, '2015-08-12 11:15:00', '2015-08-12 11:15:00'),
	(130, 10, '4', '00:49:32', NULL, NULL, NULL, 0, '2015-08-12 11:15:00', '2015-08-12 11:15:00'),
	(131, 10, '5', '00:59:59', NULL, NULL, NULL, 0, '2015-08-12 11:15:00', '2015-08-12 11:15:00'),
	(132, 10, '6', '00:58:54', NULL, NULL, NULL, 0, '2015-08-12 11:15:00', '2015-08-12 11:15:00'),
	(133, 10, '7', '01:08:30', NULL, NULL, NULL, 0, '2015-08-12 11:15:00', '2015-08-12 11:15:00'),
	(134, 10, '8', '00:51:29', NULL, NULL, NULL, 0, '2015-08-12 11:15:00', '2015-08-12 11:15:00'),
	(135, 10, '9', '01:14:54', NULL, NULL, NULL, 0, '2015-08-12 11:15:00', '2015-08-12 11:15:00'),
	(136, 10, '10', '00:40:06', NULL, NULL, NULL, 0, '2015-08-12 11:15:00', '2015-08-12 11:15:00'),
	(137, 10, '11', '00:54:02', NULL, NULL, NULL, 0, '2015-08-12 11:15:00', '2015-08-12 11:15:00'),
	(138, 10, '12', '00:48:40', NULL, NULL, NULL, 0, '2015-08-12 11:15:00', '2015-08-12 11:15:00'),
	(139, 10, '13', '00:44:31', NULL, NULL, NULL, 0, '2015-08-12 11:15:00', '2015-08-12 11:15:00'),
	(140, 10, '14', '01:07:10', NULL, NULL, NULL, 0, '2015-08-12 11:15:00', '2015-08-12 11:15:00'),
	(141, 11, '1', '00:05:35', NULL, NULL, NULL, 0, '2015-08-12 11:30:01', '2015-08-12 11:30:01'),
	(142, 11, '2', '00:08:20', NULL, NULL, NULL, 0, '2015-08-12 11:30:01', '2015-08-12 11:30:01'),
	(143, 11, '3', '00:10:06', NULL, NULL, NULL, 0, '2015-08-12 11:30:01', '2015-08-12 11:30:01'),
	(144, 11, '4', '00:09:51', NULL, NULL, NULL, 0, '2015-08-12 11:30:01', '2015-08-12 11:30:01'),
	(145, 11, '5', '00:10:42', NULL, NULL, NULL, 0, '2015-08-12 11:30:01', '2015-08-12 11:30:01'),
	(146, 11, '6', '00:11:33', NULL, NULL, NULL, 0, '2015-08-12 11:30:01', '2015-08-12 11:30:01'),
	(147, 11, '7', '00:12:22', NULL, NULL, NULL, 0, '2015-08-12 11:30:01', '2015-08-12 11:30:01'),
	(148, 11, '8', '00:09:16', NULL, NULL, NULL, 0, '2015-08-12 11:30:01', '2015-08-12 11:30:01'),
	(149, 11, '9', '00:15:01', NULL, NULL, NULL, 0, '2015-08-12 11:30:01', '2015-08-12 11:30:01'),
	(150, 11, '10', '00:07:26', NULL, NULL, NULL, 0, '2015-08-12 11:30:01', '2015-08-12 11:30:01'),
	(151, 11, '11', '00:09:45', NULL, NULL, NULL, 0, '2015-08-12 11:30:01', '2015-08-12 11:30:01'),
	(152, 11, '12', '00:09:02', NULL, NULL, NULL, 0, '2015-08-12 11:30:01', '2015-08-12 11:30:01'),
	(153, 11, '13', '00:08:58', NULL, NULL, NULL, 0, '2015-08-12 11:30:01', '2015-08-12 11:30:01'),
	(154, 11, '14', '00:13:29', NULL, NULL, NULL, 0, '2015-08-12 11:30:01', '2015-08-12 11:30:01'),
	(155, 12, '1', '00:16:43', NULL, NULL, NULL, 0, '2015-08-12 11:45:01', '2015-08-12 11:45:01'),
	(156, 12, '2', '00:25:19', NULL, NULL, NULL, 0, '2015-08-12 11:45:01', '2015-08-12 11:45:01'),
	(157, 12, '3', '00:29:41', NULL, NULL, NULL, 0, '2015-08-12 11:45:01', '2015-08-12 11:45:01'),
	(158, 12, '4', '00:28:24', NULL, NULL, NULL, 0, '2015-08-12 11:45:01', '2015-08-12 11:45:01'),
	(159, 12, '5', '00:29:57', NULL, NULL, NULL, 0, '2015-08-12 11:45:01', '2015-08-12 11:45:01'),
	(160, 12, '6', '00:35:58', NULL, NULL, NULL, 0, '2015-08-12 11:45:01', '2015-08-12 11:45:01'),
	(161, 12, '7', '00:37:45', NULL, NULL, NULL, 0, '2015-08-12 11:45:01', '2015-08-12 11:45:01'),
	(162, 12, '8', '00:27:40', NULL, NULL, NULL, 0, '2015-08-12 11:45:01', '2015-08-12 11:45:01'),
	(163, 12, '9', '00:42:56', NULL, NULL, NULL, 0, '2015-08-12 11:45:01', '2015-08-12 11:45:01'),
	(164, 12, '10', '00:19:50', NULL, NULL, NULL, 0, '2015-08-12 11:45:01', '2015-08-12 11:45:01'),
	(165, 12, '11', '00:30:16', NULL, NULL, NULL, 0, '2015-08-12 11:45:01', '2015-08-12 11:45:01'),
	(166, 12, '12', '00:23:20', NULL, NULL, NULL, 0, '2015-08-12 11:45:01', '2015-08-12 11:45:01'),
	(167, 12, '13', '00:23:29', NULL, NULL, NULL, 0, '2015-08-12 11:45:01', '2015-08-12 11:45:01'),
	(168, 12, '14', '00:41:05', NULL, NULL, NULL, 0, '2015-08-12 11:45:01', '2015-08-12 11:45:01'),
	(169, 13, '1', '01:01:52', NULL, NULL, NULL, 0, '2015-08-12 12:00:01', '2015-08-12 12:00:01'),
	(170, 13, '2', '01:33:59', NULL, NULL, NULL, 0, '2015-08-12 12:00:01', '2015-08-12 12:00:01'),
	(171, 13, '3', '01:56:11', NULL, NULL, NULL, 0, '2015-08-12 12:00:01', '2015-08-12 12:00:01'),
	(172, 13, '4', '01:44:42', NULL, NULL, NULL, 0, '2015-08-12 12:00:01', '2015-08-12 12:00:01'),
	(173, 13, '5', '02:02:02', NULL, NULL, NULL, 0, '2015-08-12 12:00:01', '2015-08-12 12:00:01'),
	(174, 13, '6', '02:08:47', NULL, NULL, NULL, 0, '2015-08-12 12:00:01', '2015-08-12 12:00:01'),
	(175, 13, '7', '02:35:37', NULL, NULL, NULL, 0, '2015-08-12 12:00:01', '2015-08-12 12:00:01'),
	(176, 13, '8', '01:45:33', NULL, NULL, NULL, 0, '2015-08-12 12:00:01', '2015-08-12 12:00:01'),
	(177, 13, '9', '02:41:10', NULL, NULL, NULL, 0, '2015-08-12 12:00:01', '2015-08-12 12:00:01'),
	(178, 13, '10', '01:23:13', NULL, NULL, NULL, 0, '2015-08-12 12:00:01', '2015-08-12 12:00:01'),
	(179, 13, '11', '01:50:00', NULL, NULL, NULL, 0, '2015-08-12 12:00:01', '2015-08-12 12:00:01'),
	(180, 13, '12', '01:32:26', NULL, NULL, NULL, 0, '2015-08-12 12:00:01', '2015-08-12 12:00:01'),
	(181, 13, '13', '01:39:14', NULL, NULL, NULL, 0, '2015-08-12 12:00:01', '2015-08-12 12:00:01'),
	(182, 13, '14', '02:24:56', NULL, NULL, NULL, 0, '2015-08-12 12:00:01', '2015-08-12 12:00:01'),
	(183, 14, '1', '00:19:41', NULL, NULL, NULL, 0, '2015-08-12 12:15:01', '2015-08-12 12:15:01'),
	(184, 14, '2', '00:31:29', NULL, NULL, NULL, 0, '2015-08-12 12:15:01', '2015-08-12 12:15:01'),
	(185, 14, '3', '00:36:27', NULL, NULL, NULL, 0, '2015-08-12 12:15:01', '2015-08-12 12:15:01'),
	(186, 14, '4', '00:33:36', NULL, NULL, NULL, 0, '2015-08-12 12:15:01', '2015-08-12 12:15:01'),
	(187, 14, '5', '00:40:44', NULL, NULL, NULL, 0, '2015-08-12 12:15:01', '2015-08-12 12:15:01'),
	(188, 14, '6', '00:42:34', NULL, NULL, NULL, 0, '2015-08-12 12:15:01', '2015-08-12 12:15:01'),
	(189, 14, '7', '00:43:35', NULL, NULL, NULL, 0, '2015-08-12 12:15:01', '2015-08-12 12:15:01'),
	(190, 14, '8', '00:32:20', NULL, NULL, NULL, 0, '2015-08-12 12:15:01', '2015-08-12 12:15:01'),
	(191, 14, '9', '00:51:37', NULL, NULL, NULL, 0, '2015-08-12 12:15:01', '2015-08-12 12:15:01'),
	(192, 14, '10', '00:24:56', NULL, NULL, NULL, 0, '2015-08-12 12:15:01', '2015-08-12 12:15:01'),
	(193, 14, '11', '00:34:55', NULL, NULL, NULL, 0, '2015-08-12 12:15:01', '2015-08-12 12:15:01'),
	(194, 14, '12', '00:29:11', NULL, NULL, NULL, 0, '2015-08-12 12:15:01', '2015-08-12 12:15:01'),
	(195, 14, '13', '00:28:45', NULL, NULL, NULL, 0, '2015-08-12 12:15:01', '2015-08-12 12:15:01'),
	(196, 14, '14', '00:45:36', NULL, NULL, NULL, 0, '2015-08-12 12:15:01', '2015-08-12 12:15:01'),
	(197, 15, '1', '01:07:58', NULL, NULL, NULL, 0, '2015-08-12 12:30:00', '2015-08-12 12:30:00'),
	(198, 15, '2', '01:40:17', NULL, NULL, NULL, 0, '2015-08-12 12:30:00', '2015-08-12 12:30:00'),
	(199, 15, '3', '01:58:51', NULL, NULL, NULL, 0, '2015-08-12 12:30:00', '2015-08-12 12:30:00'),
	(200, 15, '4', '01:57:17', NULL, NULL, NULL, 0, '2015-08-12 12:30:00', '2015-08-12 12:30:00'),
	(201, 15, '5', '02:10:51', NULL, NULL, NULL, 0, '2015-08-12 12:30:00', '2015-08-12 12:30:00'),
	(202, 15, '6', '02:16:55', NULL, NULL, NULL, 0, '2015-08-12 12:30:00', '2015-08-12 12:30:00'),
	(203, 15, '7', '02:20:02', NULL, NULL, NULL, 0, '2015-08-12 12:30:00', '2015-08-12 12:30:00'),
	(204, 15, '8', '01:47:49', NULL, NULL, NULL, 0, '2015-08-12 12:30:00', '2015-08-12 12:30:00'),
	(205, 15, '9', '02:36:41', NULL, NULL, NULL, 0, '2015-08-12 12:30:00', '2015-08-12 12:30:00'),
	(206, 15, '10', '01:20:41', NULL, NULL, NULL, 0, '2015-08-12 12:30:00', '2015-08-12 12:30:00'),
	(207, 15, '11', '01:58:35', NULL, NULL, NULL, 0, '2015-08-12 12:30:00', '2015-08-12 12:30:00'),
	(208, 15, '12', '01:44:58', NULL, NULL, NULL, 0, '2015-08-12 12:30:00', '2015-08-12 12:30:00'),
	(209, 15, '13', '01:40:24', NULL, NULL, NULL, 0, '2015-08-12 12:30:00', '2015-08-12 12:30:00'),
	(210, 15, '14', '02:22:22', NULL, NULL, NULL, 0, '2015-08-12 12:30:00', '2015-08-12 12:30:00'),
	(211, 928, '28', '00:15:14', NULL, 1, NULL, 0, '2015-08-14 09:00:00', '2015-08-14 09:00:00'),
	(212, 928, '29', '00:14:49', NULL, NULL, NULL, 0, '2015-08-14 09:00:00', '2015-08-14 09:00:00'),
	(213, 928, '30', '00:16:23', NULL, NULL, NULL, 0, '2015-08-14 09:00:00', '2015-08-14 09:00:00'),
	(214, 928, '31', '00:13:04', NULL, NULL, NULL, 0, '2015-08-14 09:00:00', '2015-08-14 09:00:00'),
	(215, 928, '32', '00:11:50', NULL, NULL, NULL, 0, '2015-08-14 09:00:00', '2015-08-14 09:00:00'),
	(216, 928, '33', '00:13:09', NULL, NULL, NULL, 0, '2015-08-14 09:00:00', '2015-08-14 09:00:00'),
	(217, 928, '34', '00:17:27', NULL, NULL, NULL, 0, '2015-08-14 09:00:00', '2015-08-14 09:00:00'),
	(218, 928, '35', '00:12:05', NULL, NULL, NULL, 0, '2015-08-14 09:00:00', '2015-08-14 09:00:00'),
	(219, 928, '36', '00:18:19', NULL, NULL, NULL, 0, '2015-08-14 09:00:00', '2015-08-14 09:00:00'),
	(220, 928, '37', '00:12:58', NULL, NULL, NULL, 0, '2015-08-14 09:00:00', '2015-08-14 09:00:00'),
	(221, 928, '38', '00:12:57', NULL, NULL, NULL, 0, '2015-08-14 09:00:00', '2015-08-14 09:00:00'),
	(222, 928, '39', '00:13:07', NULL, NULL, NULL, 0, '2015-08-14 09:00:00', '2015-08-14 09:00:00'),
	(223, 928, '40', '00:12:55', NULL, NULL, NULL, 0, '2015-08-14 09:00:00', '2015-08-14 09:00:00'),
	(224, 929, '28', '00:08:50', NULL, NULL, NULL, 0, '2015-08-14 09:15:00', '2015-08-14 09:15:00'),
	(225, 929, '29', '00:08:33', NULL, NULL, NULL, 0, '2015-08-14 09:15:00', '2015-08-14 09:15:00'),
	(226, 929, '30', '00:10:26', NULL, 2, NULL, 1, '2015-08-14 09:15:00', '2015-08-14 09:15:00'),
	(227, 929, '31', '00:07:53', NULL, NULL, NULL, 0, '2015-08-14 09:15:00', '2015-08-14 09:15:00'),
	(228, 929, '32', '00:07:17', NULL, NULL, NULL, 0, '2015-08-14 09:15:00', '2015-08-14 09:15:00'),
	(229, 929, '33', '00:07:36', NULL, NULL, NULL, 0, '2015-08-14 09:15:00', '2015-08-14 09:15:00'),
	(230, 929, '34', '00:10:27', NULL, NULL, NULL, 0, '2015-08-14 09:15:00', '2015-08-14 09:15:00'),
	(231, 929, '35', '00:07:03', NULL, NULL, NULL, 0, '2015-08-14 09:15:00', '2015-08-14 09:15:00'),
	(232, 929, '36', '00:09:58', NULL, NULL, NULL, 0, '2015-08-14 09:15:00', '2015-08-14 09:15:00'),
	(233, 929, '37', '00:07:49', NULL, NULL, NULL, 0, '2015-08-14 09:15:00', '2015-08-14 09:15:00'),
	(234, 929, '38', '00:07:39', NULL, NULL, NULL, 0, '2015-08-14 09:15:00', '2015-08-14 09:15:00'),
	(235, 929, '39', '00:07:50', NULL, NULL, NULL, 0, '2015-08-14 09:15:00', '2015-08-14 09:15:00'),
	(236, 929, '40', '00:07:29', NULL, NULL, NULL, 0, '2015-08-14 09:15:00', '2015-08-14 09:15:00'),
	(237, 930, '28', '00:08:18', NULL, NULL, NULL, 0, '2015-08-14 09:30:01', '2015-08-14 09:30:01'),
	(238, 930, '29', '00:08:32', NULL, NULL, NULL, 0, '2015-08-14 09:30:01', '2015-08-14 09:30:01'),
	(239, 930, '31', '00:08:03', NULL, NULL, NULL, 0, '2015-08-14 09:30:01', '2015-08-14 09:30:01'),
	(240, 930, '32', '00:07:10', NULL, NULL, NULL, 0, '2015-08-14 09:30:01', '2015-08-14 09:30:01'),
	(241, 930, '33', '00:07:59', NULL, NULL, NULL, 0, '2015-08-14 09:30:01', '2015-08-14 09:30:01'),
	(242, 930, '34', '00:10:04', NULL, NULL, NULL, 0, '2015-08-14 09:30:01', '2015-08-14 09:30:01'),
	(243, 930, '35', '00:07:11', NULL, NULL, NULL, 0, '2015-08-14 09:30:01', '2015-08-14 09:30:01'),
	(244, 930, '36', '00:09:58', NULL, NULL, NULL, 0, '2015-08-14 09:30:01', '2015-08-14 09:30:01'),
	(245, 930, '37', '00:07:42', NULL, NULL, NULL, 0, '2015-08-14 09:30:01', '2015-08-14 09:30:01'),
	(246, 930, '38', '00:07:13', NULL, NULL, NULL, 0, '2015-08-14 09:30:01', '2015-08-14 09:30:01'),
	(247, 930, '39', '00:07:40', NULL, NULL, NULL, 0, '2015-08-14 09:30:01', '2015-08-14 09:30:01'),
	(248, 930, '40', '00:07:58', NULL, NULL, NULL, 0, '2015-08-14 09:30:01', '2015-08-14 09:30:01'),
	(249, 931, '28', '00:12:41', NULL, NULL, NULL, 0, '2015-08-14 09:45:00', '2015-08-14 09:45:00'),
	(250, 931, '29', '00:13:56', NULL, NULL, NULL, 0, '2015-08-14 09:45:00', '2015-08-14 09:45:00'),
	(251, 931, '31', '00:12:23', NULL, NULL, NULL, 0, '2015-08-14 09:45:00', '2015-08-14 09:45:00'),
	(252, 931, '32', '00:11:49', NULL, NULL, NULL, 0, '2015-08-14 09:45:00', '2015-08-14 09:45:00'),
	(253, 931, '33', '00:12:13', NULL, NULL, NULL, 0, '2015-08-14 09:45:00', '2015-08-14 09:45:00'),
	(254, 931, '34', '00:16:12', NULL, NULL, NULL, 0, '2015-08-14 09:45:00', '2015-08-14 09:45:00'),
	(255, 931, '35', '00:10:44', NULL, NULL, NULL, 0, '2015-08-14 09:45:00', '2015-08-14 09:45:00'),
	(256, 931, '36', '00:15:53', NULL, NULL, NULL, 0, '2015-08-14 09:45:00', '2015-08-14 09:45:00'),
	(257, 931, '37', '00:15:03', NULL, 3, NULL, 0, '2015-08-14 09:45:00', '2015-08-14 09:45:00'),
	(258, 931, '38', '00:12:25', NULL, NULL, NULL, 0, '2015-08-14 09:45:00', '2015-08-14 09:45:00'),
	(259, 931, '39', '00:12:24', NULL, NULL, NULL, 0, '2015-08-14 09:45:00', '2015-08-14 09:45:00'),
	(260, 931, '40', '00:12:05', NULL, NULL, NULL, 0, '2015-08-14 09:45:00', '2015-08-14 09:45:00'),
	(261, 932, '28', '00:09:17', NULL, NULL, NULL, 0, '2015-08-14 10:00:00', '2015-08-14 10:00:00'),
	(262, 932, '29', '00:10:06', NULL, NULL, NULL, 0, '2015-08-14 10:00:00', '2015-08-14 10:00:00'),
	(263, 932, '31', '00:09:04', NULL, NULL, NULL, 0, '2015-08-14 10:00:00', '2015-08-14 10:00:00'),
	(264, 932, '32', '00:08:32', NULL, NULL, NULL, 0, '2015-08-14 10:00:00', '2015-08-14 10:00:00'),
	(265, 932, '33', '00:09:01', NULL, NULL, NULL, 0, '2015-08-14 10:00:00', '2015-08-14 10:00:00'),
	(266, 932, '34', '00:12:02', NULL, NULL, NULL, 0, '2015-08-14 10:00:00', '2015-08-14 10:00:00'),
	(267, 932, '35', '00:08:05', NULL, NULL, NULL, 0, '2015-08-14 10:00:00', '2015-08-14 10:00:00'),
	(268, 932, '36', '00:10:44', NULL, NULL, NULL, 0, '2015-08-14 10:00:00', '2015-08-14 10:00:00'),
	(269, 932, '37', '00:08:16', NULL, NULL, NULL, 0, '2015-08-14 10:00:00', '2015-08-14 10:00:00'),
	(270, 932, '38', '00:08:39', NULL, NULL, NULL, 0, '2015-08-14 10:00:00', '2015-08-14 10:00:00'),
	(271, 932, '39', '00:09:05', NULL, NULL, NULL, 0, '2015-08-14 10:00:00', '2015-08-14 10:00:00'),
	(272, 932, '40', '00:08:43', NULL, NULL, NULL, 0, '2015-08-14 10:00:00', '2015-08-14 10:00:00'),
	(273, 933, '28', '00:13:44', NULL, NULL, NULL, 0, '2015-08-14 10:15:01', '2015-08-14 10:15:01'),
	(274, 933, '29', '00:14:39', NULL, NULL, NULL, 0, '2015-08-14 10:15:01', '2015-08-14 10:15:01'),
	(275, 933, '31', '00:13:21', NULL, NULL, NULL, 0, '2015-08-14 10:15:01', '2015-08-14 10:15:01'),
	(276, 933, '32', '00:13:23', NULL, NULL, NULL, 0, '2015-08-14 10:15:01', '2015-08-14 10:15:01'),
	(277, 933, '33', '00:13:18', NULL, NULL, NULL, 0, '2015-08-14 10:15:01', '2015-08-14 10:15:01'),
	(278, 933, '34', '00:17:35', NULL, 5, NULL, 1, '2015-08-14 10:15:01', '2015-08-14 10:15:01'),
	(279, 933, '35', '00:12:12', NULL, NULL, NULL, 0, '2015-08-14 10:15:01', '2015-08-14 10:15:01'),
	(280, 933, '36', '00:18:12', NULL, NULL, NULL, 0, '2015-08-14 10:15:01', '2015-08-14 10:15:01'),
	(281, 933, '37', '00:13:14', NULL, NULL, NULL, 0, '2015-08-14 10:15:01', '2015-08-14 10:15:01'),
	(282, 933, '38', '00:13:04', NULL, NULL, NULL, 0, '2015-08-14 10:15:01', '2015-08-14 10:15:01'),
	(283, 933, '39', '00:13:12', NULL, NULL, NULL, 0, '2015-08-14 10:15:01', '2015-08-14 10:15:01'),
	(284, 933, '40', '00:12:43', NULL, NULL, NULL, 0, '2015-08-14 10:15:01', '2015-08-14 10:15:01'),
	(285, 934, '28', '00:08:20', NULL, NULL, NULL, 0, '2015-08-14 10:30:00', '2015-08-14 10:30:00'),
	(286, 934, '29', '00:08:05', NULL, NULL, NULL, 0, '2015-08-14 10:30:00', '2015-08-14 10:30:00'),
	(287, 934, '31', '00:07:55', NULL, NULL, NULL, 0, '2015-08-14 10:30:00', '2015-08-14 10:30:00'),
	(288, 934, '32', '00:07:54', NULL, NULL, NULL, 0, '2015-08-14 10:30:00', '2015-08-14 10:30:00'),
	(289, 934, '33', '00:08:57', NULL, 3, NULL, 0, '2015-08-14 10:30:00', '2015-08-14 10:30:00'),
	(290, 934, '35', '00:07:07', NULL, NULL, NULL, 0, '2015-08-14 10:30:00', '2015-08-14 10:30:00'),
	(291, 934, '36', '00:09:55', NULL, NULL, NULL, 0, '2015-08-14 10:30:00', '2015-08-14 10:30:00'),
	(292, 934, '37', '00:07:59', NULL, NULL, NULL, 0, '2015-08-14 10:30:00', '2015-08-14 10:30:00'),
	(293, 934, '38', '00:07:50', NULL, NULL, NULL, 0, '2015-08-14 10:30:00', '2015-08-14 10:30:00'),
	(294, 934, '39', '00:07:21', NULL, NULL, NULL, 0, '2015-08-14 10:30:00', '2015-08-14 10:30:00'),
	(295, 934, '40', '00:07:37', NULL, NULL, NULL, 0, '2015-08-14 10:30:00', '2015-08-14 10:30:00'),
	(296, 935, '28', '00:20:06', NULL, NULL, NULL, 0, '2015-08-14 10:45:01', '2015-08-14 10:45:01'),
	(297, 935, '29', '00:20:54', NULL, NULL, NULL, 0, '2015-08-14 10:45:01', '2015-08-14 10:45:01'),
	(298, 935, '31', '00:18:52', NULL, NULL, NULL, 0, '2015-08-14 10:45:01', '2015-08-14 10:45:01'),
	(299, 935, '32', '00:17:51', NULL, NULL, NULL, 0, '2015-08-14 10:45:01', '2015-08-14 10:45:01'),
	(300, 935, '33', '00:17:59', NULL, NULL, NULL, 0, '2015-08-14 10:45:01', '2015-08-14 10:45:01'),
	(301, 935, '35', '00:16:19', NULL, NULL, NULL, 0, '2015-08-14 10:45:01', '2015-08-14 10:45:01'),
	(302, 935, '36', '00:26:14', NULL, NULL, NULL, 0, '2015-08-14 10:45:01', '2015-08-14 10:45:01'),
	(303, 935, '37', '00:17:56', NULL, NULL, NULL, 0, '2015-08-14 10:45:01', '2015-08-14 10:45:01'),
	(304, 935, '38', '00:18:34', NULL, NULL, NULL, 0, '2015-08-14 10:45:01', '2015-08-14 10:45:01'),
	(305, 935, '39', '00:18:48', NULL, NULL, NULL, 0, '2015-08-14 10:45:01', '2015-08-14 10:45:01'),
	(306, 935, '40', '00:18:41', NULL, NULL, NULL, 0, '2015-08-14 10:45:01', '2015-08-14 10:45:01'),
	(307, 936, '28', '00:11:45', NULL, NULL, NULL, 0, '2015-08-14 11:00:01', '2015-08-14 11:00:01'),
	(308, 936, '29', '00:11:45', NULL, NULL, NULL, 0, '2015-08-14 11:00:01', '2015-08-14 11:00:01'),
	(309, 936, '31', '00:10:37', NULL, NULL, NULL, 0, '2015-08-14 11:00:01', '2015-08-14 11:00:01'),
	(310, 936, '32', '00:10:57', NULL, NULL, NULL, 0, '2015-08-14 11:00:01', '2015-08-14 11:00:01'),
	(311, 936, '33', '00:11:16', NULL, NULL, NULL, 0, '2015-08-14 11:00:01', '2015-08-14 11:00:01'),
	(312, 936, '35', '00:10:11', NULL, NULL, NULL, 0, '2015-08-14 11:00:01', '2015-08-14 11:00:01'),
	(313, 936, '36', '00:14:22', NULL, NULL, NULL, 0, '2015-08-14 11:00:01', '2015-08-14 11:00:01'),
	(314, 936, '37', '00:10:52', NULL, NULL, NULL, 0, '2015-08-14 11:00:01', '2015-08-14 11:00:01'),
	(315, 936, '38', '00:09:55', NULL, NULL, NULL, 0, '2015-08-14 11:00:01', '2015-08-14 11:00:01'),
	(316, 936, '39', '00:10:58', NULL, NULL, NULL, 0, '2015-08-14 11:00:01', '2015-08-14 11:00:01'),
	(317, 936, '40', '00:10:55', NULL, NULL, NULL, 0, '2015-08-14 11:00:01', '2015-08-14 11:00:01'),
	(318, 937, '28', '00:09:44', NULL, NULL, NULL, 0, '2015-08-14 11:15:00', '2015-08-14 11:15:00'),
	(319, 937, '29', '00:09:51', NULL, NULL, NULL, 0, '2015-08-14 11:15:00', '2015-08-14 11:15:00'),
	(320, 937, '31', '00:08:55', NULL, NULL, NULL, 0, '2015-08-14 11:15:00', '2015-08-14 11:15:00'),
	(321, 937, '32', '00:08:51', NULL, NULL, NULL, 0, '2015-08-14 11:15:00', '2015-08-14 11:15:00'),
	(322, 937, '33', '00:08:49', NULL, NULL, NULL, 0, '2015-08-14 11:15:00', '2015-08-14 11:15:00'),
	(323, 937, '35', '00:08:09', NULL, NULL, NULL, 0, '2015-08-14 11:15:00', '2015-08-14 11:15:00'),
	(324, 937, '36', '00:11:30', NULL, NULL, NULL, 0, '2015-08-14 11:15:00', '2015-08-14 11:15:00'),
	(325, 937, '37', '00:09:02', NULL, NULL, NULL, 0, '2015-08-14 11:15:00', '2015-08-14 11:15:00'),
	(326, 937, '38', '00:08:08', NULL, NULL, NULL, 0, '2015-08-14 11:15:00', '2015-08-14 11:15:00'),
	(327, 937, '39', '00:08:27', NULL, NULL, NULL, 0, '2015-08-14 11:15:00', '2015-08-14 11:15:00'),
	(328, 937, '40', '00:09:22', NULL, NULL, NULL, 0, '2015-08-14 11:15:00', '2015-08-14 11:15:00'),
	(329, 938, '28', '00:07:58', NULL, NULL, NULL, 0, '2015-08-14 11:30:00', '2015-08-14 11:30:00'),
	(330, 938, '29', '00:08:27', NULL, NULL, NULL, 0, '2015-08-14 11:30:00', '2015-08-14 11:30:00'),
	(331, 938, '31', '00:07:54', NULL, NULL, NULL, 0, '2015-08-14 11:30:00', '2015-08-14 11:30:00'),
	(332, 938, '32', '00:07:11', NULL, NULL, NULL, 0, '2015-08-14 11:30:00', '2015-08-14 11:30:00'),
	(333, 938, '33', '00:07:48', NULL, NULL, NULL, 0, '2015-08-14 11:30:00', '2015-08-14 11:30:00'),
	(334, 938, '35', '00:06:59', NULL, NULL, NULL, 0, '2015-08-14 11:30:00', '2015-08-14 11:30:00'),
	(335, 938, '36', '00:10:22', NULL, NULL, NULL, 0, '2015-08-14 11:30:00', '2015-08-14 11:30:00'),
	(336, 938, '37', '00:07:55', NULL, NULL, NULL, 0, '2015-08-14 11:30:00', '2015-08-14 11:30:00'),
	(337, 938, '38', '00:07:34', NULL, NULL, NULL, 0, '2015-08-14 11:30:00', '2015-08-14 11:30:00'),
	(338, 938, '39', '00:07:49', NULL, NULL, NULL, 0, '2015-08-14 11:30:00', '2015-08-14 11:30:00'),
	(339, 938, '40', '00:07:51', NULL, NULL, NULL, 0, '2015-08-14 11:30:00', '2015-08-14 11:30:00'),
	(340, 939, '28', '00:11:03', NULL, NULL, NULL, 0, '2015-08-14 11:45:00', '2015-08-14 11:45:00'),
	(341, 939, '29', '00:11:02', NULL, NULL, NULL, 0, '2015-08-14 11:45:00', '2015-08-14 11:45:00'),
	(342, 939, '31', '00:10:01', NULL, NULL, NULL, 0, '2015-08-14 11:45:00', '2015-08-14 11:45:00'),
	(343, 939, '32', '00:09:49', NULL, NULL, NULL, 0, '2015-08-14 11:45:00', '2015-08-14 11:45:00'),
	(344, 939, '33', '00:10:10', NULL, NULL, NULL, 0, '2015-08-14 11:45:00', '2015-08-14 11:45:00'),
	(345, 939, '35', '00:09:27', NULL, NULL, NULL, 0, '2015-08-14 11:45:00', '2015-08-14 11:45:00'),
	(346, 939, '36', '00:12:33', NULL, NULL, NULL, 0, '2015-08-14 11:45:00', '2015-08-14 11:45:00'),
	(347, 939, '37', '00:09:26', NULL, NULL, NULL, 0, '2015-08-14 11:45:00', '2015-08-14 11:45:00'),
	(348, 939, '38', '00:09:52', NULL, NULL, NULL, 0, '2015-08-14 11:45:00', '2015-08-14 11:45:00'),
	(349, 939, '39', '00:10:19', NULL, NULL, NULL, 0, '2015-08-14 11:45:00', '2015-08-14 11:45:00'),
	(350, 939, '40', '00:09:58', NULL, NULL, NULL, 0, '2015-08-14 11:45:00', '2015-08-14 11:45:00'),
	(351, 940, '28', '00:08:11', NULL, NULL, NULL, 0, '2015-08-14 12:00:01', '2015-08-14 12:00:01'),
	(352, 940, '29', '00:08:16', NULL, NULL, NULL, 0, '2015-08-14 12:00:01', '2015-08-14 12:00:01'),
	(353, 940, '31', '00:08:04', NULL, NULL, NULL, 0, '2015-08-14 12:00:01', '2015-08-14 12:00:01'),
	(354, 940, '32', '00:07:46', NULL, NULL, NULL, 0, '2015-08-14 12:00:01', '2015-08-14 12:00:01'),
	(355, 940, '33', '00:07:30', NULL, NULL, NULL, 0, '2015-08-14 12:00:01', '2015-08-14 12:00:01'),
	(356, 940, '35', '00:06:55', NULL, NULL, NULL, 0, '2015-08-14 12:00:01', '2015-08-14 12:00:01'),
	(357, 940, '36', '00:10:12', NULL, NULL, NULL, 0, '2015-08-14 12:00:01', '2015-08-14 12:00:01'),
	(358, 940, '37', '00:07:19', NULL, NULL, NULL, 0, '2015-08-14 12:00:01', '2015-08-14 12:00:01'),
	(359, 940, '38', '00:07:29', NULL, NULL, NULL, 0, '2015-08-14 12:00:01', '2015-08-14 12:00:01'),
	(360, 940, '39', '00:07:28', NULL, NULL, NULL, 0, '2015-08-14 12:00:01', '2015-08-14 12:00:01'),
	(361, 940, '40', '00:07:29', NULL, NULL, NULL, 0, '2015-08-14 12:00:01', '2015-08-14 12:00:01'),
	(362, 941, '28', '00:16:54', NULL, NULL, NULL, 0, '2015-08-14 12:15:00', '2015-08-14 12:15:00'),
	(363, 941, '29', '00:15:41', NULL, NULL, NULL, 0, '2015-08-14 12:15:00', '2015-08-14 12:15:00'),
	(364, 941, '31', '00:14:46', NULL, NULL, NULL, 0, '2015-08-14 12:15:00', '2015-08-14 12:15:00'),
	(365, 941, '32', '00:14:51', NULL, NULL, NULL, 0, '2015-08-14 12:15:00', '2015-08-14 12:15:00'),
	(366, 941, '33', '00:15:10', NULL, NULL, NULL, 0, '2015-08-14 12:15:00', '2015-08-14 12:15:00'),
	(367, 941, '35', '00:13:37', NULL, NULL, NULL, 0, '2015-08-14 12:15:00', '2015-08-14 12:15:00'),
	(368, 941, '36', '00:21:01', NULL, NULL, NULL, 0, '2015-08-14 12:15:00', '2015-08-14 12:15:00'),
	(369, 941, '37', '00:15:24', NULL, NULL, NULL, 0, '2015-08-14 12:15:00', '2015-08-14 12:15:00'),
	(370, 941, '38', '00:14:46', NULL, NULL, NULL, 0, '2015-08-14 12:15:00', '2015-08-14 12:15:00'),
	(371, 941, '39', '00:15:15', NULL, NULL, NULL, 0, '2015-08-14 12:15:00', '2015-08-14 12:15:00'),
	(372, 941, '40', '00:15:38', NULL, NULL, NULL, 0, '2015-08-14 12:15:00', '2015-08-14 12:15:00'),
	(373, 942, '28', '00:01:13', NULL, NULL, NULL, 0, '2015-08-14 12:30:01', '2015-08-14 12:30:01'),
	(374, 942, '29', '00:01:14', NULL, NULL, NULL, 0, '2015-08-14 12:30:01', '2015-08-14 12:30:01'),
	(375, 942, '31', '00:01:10', NULL, NULL, NULL, 0, '2015-08-14 12:30:01', '2015-08-14 12:30:01'),
	(376, 942, '32', '00:01:01', NULL, NULL, NULL, 0, '2015-08-14 12:30:01', '2015-08-14 12:30:01'),
	(377, 942, '33', '00:01:08', NULL, NULL, NULL, 0, '2015-08-14 12:30:01', '2015-08-14 12:30:01'),
	(378, 942, '35', '00:00:59', NULL, NULL, NULL, 0, '2015-08-14 12:30:01', '2015-08-14 12:30:01'),
	(379, 942, '36', '00:01:30', NULL, NULL, NULL, 0, '2015-08-14 12:30:01', '2015-08-14 12:30:01'),
	(380, 942, '37', '00:01:03', NULL, NULL, NULL, 0, '2015-08-14 12:30:01', '2015-08-14 12:30:01'),
	(381, 942, '38', '00:01:02', NULL, NULL, NULL, 0, '2015-08-14 12:30:01', '2015-08-14 12:30:01'),
	(382, 942, '39', '00:01:06', NULL, NULL, NULL, 0, '2015-08-14 12:30:01', '2015-08-14 12:30:01'),
	(383, 942, '40', '00:01:10', NULL, NULL, NULL, 0, '2015-08-14 12:30:01', '2015-08-14 12:30:01'),
	(384, 1132, '41', '00:07:59', NULL, NULL, NULL, 0, '2015-08-15 09:00:01', '2015-08-15 09:00:01'),
	(385, 1132, '42', '00:08:35', NULL, NULL, NULL, 0, '2015-08-15 09:00:01', '2015-08-15 09:00:01'),
	(386, 1132, '43', '00:11:45', NULL, NULL, NULL, 0, '2015-08-15 09:00:01', '2015-08-15 09:00:01'),
	(387, 1132, '44', '00:08:35', NULL, NULL, NULL, 0, '2015-08-15 09:00:01', '2015-08-15 09:00:01'),
	(388, 1132, '45', '00:07:26', NULL, NULL, NULL, 0, '2015-08-15 09:00:01', '2015-08-15 09:00:01'),
	(389, 1132, '46', '00:09:02', NULL, NULL, NULL, 0, '2015-08-15 09:00:01', '2015-08-15 09:00:01'),
	(390, 1132, '47', '00:12:18', NULL, NULL, NULL, 0, '2015-08-15 09:00:01', '2015-08-15 09:00:01'),
	(391, 1132, '48', '00:08:15', NULL, NULL, NULL, 0, '2015-08-15 09:00:01', '2015-08-15 09:00:01'),
	(392, 1132, '49', '00:10:06', NULL, NULL, NULL, 0, '2015-08-15 09:00:01', '2015-08-15 09:00:01'),
	(393, 1132, '50', '00:10:13', NULL, 4, NULL, 0, '2015-08-15 09:00:01', '2015-08-15 09:00:01'),
	(394, 1132, '51', '00:08:12', NULL, NULL, NULL, 0, '2015-08-15 09:00:01', '2015-08-15 09:00:01'),
	(395, 1132, '52', '00:07:38', NULL, NULL, NULL, 0, '2015-08-15 09:00:01', '2015-08-15 09:00:01'),
	(396, 1132, '53', '00:08:14', NULL, NULL, NULL, 0, '2015-08-15 09:00:01', '2015-08-15 09:00:01'),
	(397, 1133, '41', '00:18:17', NULL, NULL, NULL, 0, '2015-08-15 09:15:01', '2015-08-15 09:15:01'),
	(398, 1133, '42', '00:20:26', NULL, NULL, NULL, 0, '2015-08-15 09:15:01', '2015-08-15 09:15:01'),
	(399, 1133, '43', '00:26:15', NULL, NULL, NULL, 0, '2015-08-15 09:15:01', '2015-08-15 09:15:01'),
	(400, 1133, '44', '00:19:01', NULL, NULL, NULL, 0, '2015-08-15 09:15:01', '2015-08-15 09:15:01'),
	(401, 1133, '45', '00:16:40', NULL, NULL, NULL, 0, '2015-08-15 09:15:01', '2015-08-15 09:15:01'),
	(402, 1133, '46', '00:20:53', NULL, NULL, NULL, 0, '2015-08-15 09:15:01', '2015-08-15 09:15:01'),
	(403, 1133, '47', '00:30:06', NULL, 1, NULL, 0, '2015-08-15 09:15:01', '2015-08-15 09:15:01'),
	(404, 1133, '48', '00:18:56', NULL, NULL, NULL, 0, '2015-08-15 09:15:01', '2015-08-15 09:15:01'),
	(405, 1133, '49', '00:25:17', NULL, NULL, NULL, 0, '2015-08-15 09:15:01', '2015-08-15 09:15:01'),
	(406, 1133, '50', '00:18:51', NULL, NULL, NULL, 0, '2015-08-15 09:15:01', '2015-08-15 09:15:01'),
	(407, 1133, '51', '00:18:50', NULL, NULL, NULL, 0, '2015-08-15 09:15:01', '2015-08-15 09:15:01'),
	(408, 1133, '52', '00:17:43', NULL, NULL, NULL, 0, '2015-08-15 09:15:01', '2015-08-15 09:15:01'),
	(409, 1133, '53', '00:18:43', NULL, 5, NULL, 1, '2015-08-15 09:15:01', '2015-08-15 09:15:01'),
	(410, 1134, '41', '00:03:31', NULL, NULL, NULL, 0, '2015-08-15 09:30:01', '2015-08-15 09:30:01'),
	(411, 1134, '42', '00:03:20', NULL, NULL, NULL, 0, '2015-08-15 09:30:01', '2015-08-15 09:30:01'),
	(412, 1134, '43', '00:04:57', NULL, NULL, NULL, 0, '2015-08-15 09:30:01', '2015-08-15 09:30:01'),
	(413, 1134, '44', '00:03:34', NULL, NULL, NULL, 0, '2015-08-15 09:30:01', '2015-08-15 09:30:01'),
	(414, 1134, '45', '00:03:09', NULL, 2, NULL, 1, '2015-08-15 09:30:01', '2015-08-15 09:30:01'),
	(415, 1134, '46', '00:03:37', NULL, NULL, NULL, 0, '2015-08-15 09:30:01', '2015-08-15 09:30:01'),
	(416, 1134, '47', '00:05:08', NULL, NULL, NULL, 0, '2015-08-15 09:30:01', '2015-08-15 09:30:01'),
	(417, 1134, '48', '00:03:27', NULL, NULL, NULL, 0, '2015-08-15 09:30:01', '2015-08-15 09:30:01'),
	(418, 1134, '49', '00:04:50', NULL, NULL, NULL, 0, '2015-08-15 09:30:01', '2015-08-15 09:30:01'),
	(419, 1134, '50', '00:03:24', NULL, NULL, NULL, 0, '2015-08-15 09:30:01', '2015-08-15 09:30:01'),
	(420, 1134, '51', '00:03:49', NULL, NULL, NULL, 0, '2015-08-15 09:30:01', '2015-08-15 09:30:01'),
	(421, 1134, '52', '00:03:16', NULL, NULL, NULL, 0, '2015-08-15 09:30:01', '2015-08-15 09:30:01'),
	(422, 1135, '41', '00:06:56', NULL, NULL, NULL, 0, '2015-08-15 09:45:01', '2015-08-15 09:45:01'),
	(423, 1135, '42', '00:06:48', NULL, NULL, NULL, 0, '2015-08-15 09:45:01', '2015-08-15 09:45:01'),
	(424, 1135, '43', '00:09:49', NULL, NULL, NULL, 0, '2015-08-15 09:45:01', '2015-08-15 09:45:01'),
	(425, 1135, '44', '00:07:21', NULL, NULL, NULL, 0, '2015-08-15 09:45:01', '2015-08-15 09:45:01'),
	(426, 1135, '46', '00:07:49', NULL, NULL, NULL, 0, '2015-08-15 09:45:01', '2015-08-15 09:45:01'),
	(427, 1135, '47', '00:10:16', NULL, NULL, NULL, 0, '2015-08-15 09:45:01', '2015-08-15 09:45:01'),
	(428, 1135, '48', '00:07:06', NULL, NULL, NULL, 0, '2015-08-15 09:45:01', '2015-08-15 09:45:01'),
	(429, 1135, '49', '00:09:30', NULL, NULL, NULL, 0, '2015-08-15 09:45:01', '2015-08-15 09:45:01'),
	(430, 1135, '50', '00:07:10', NULL, NULL, NULL, 0, '2015-08-15 09:45:01', '2015-08-15 09:45:01'),
	(431, 1135, '51', '00:07:08', NULL, NULL, NULL, 0, '2015-08-15 09:45:01', '2015-08-15 09:45:01'),
	(432, 1135, '52', '00:06:26', NULL, NULL, NULL, 0, '2015-08-15 09:45:01', '2015-08-15 09:45:01'),
	(433, 1136, '41', '00:18:45', NULL, NULL, NULL, 0, '2015-08-15 10:00:01', '2015-08-15 10:00:01'),
	(434, 1136, '42', '00:19:16', NULL, NULL, NULL, 0, '2015-08-15 10:00:01', '2015-08-15 10:00:01'),
	(435, 1136, '43', '00:26:43', NULL, NULL, NULL, 0, '2015-08-15 10:00:01', '2015-08-15 10:00:01'),
	(436, 1136, '44', '00:17:58', NULL, NULL, NULL, 0, '2015-08-15 10:00:01', '2015-08-15 10:00:01'),
	(437, 1136, '46', '00:21:12', NULL, NULL, NULL, 0, '2015-08-15 10:00:01', '2015-08-15 10:00:01'),
	(438, 1136, '47', '00:27:30', NULL, NULL, NULL, 0, '2015-08-15 10:00:01', '2015-08-15 10:00:01'),
	(439, 1136, '48', '00:19:10', NULL, NULL, NULL, 0, '2015-08-15 10:00:01', '2015-08-15 10:00:01'),
	(440, 1136, '49', '00:25:39', NULL, NULL, NULL, 0, '2015-08-15 10:00:01', '2015-08-15 10:00:01'),
	(441, 1136, '50', '00:19:48', NULL, NULL, NULL, 0, '2015-08-15 10:00:01', '2015-08-15 10:00:01'),
	(442, 1136, '51', '00:18:20', NULL, NULL, NULL, 0, '2015-08-15 10:00:01', '2015-08-15 10:00:01'),
	(443, 1136, '52', '00:16:55', NULL, NULL, NULL, 0, '2015-08-15 10:00:01', '2015-08-15 10:00:01'),
	(444, 1137, '41', '00:03:38', NULL, NULL, NULL, 0, '2015-08-15 10:15:01', '2015-08-15 10:15:01'),
	(445, 1137, '42', '00:03:40', NULL, NULL, NULL, 0, '2015-08-15 10:15:01', '2015-08-15 10:15:01'),
	(446, 1137, '43', '00:05:04', NULL, NULL, NULL, 0, '2015-08-15 10:15:01', '2015-08-15 10:15:01'),
	(447, 1137, '44', '00:03:33', NULL, NULL, NULL, 0, '2015-08-15 10:15:01', '2015-08-15 10:15:01'),
	(448, 1137, '46', '00:03:47', NULL, NULL, NULL, 0, '2015-08-15 10:15:01', '2015-08-15 10:15:01'),
	(449, 1137, '47', '00:05:12', NULL, NULL, NULL, 0, '2015-08-15 10:15:01', '2015-08-15 10:15:01'),
	(450, 1137, '48', '00:03:36', NULL, NULL, NULL, 0, '2015-08-15 10:15:01', '2015-08-15 10:15:01'),
	(451, 1137, '49', '00:04:39', NULL, NULL, NULL, 0, '2015-08-15 10:15:01', '2015-08-15 10:15:01'),
	(452, 1137, '50', '00:03:34', NULL, NULL, NULL, 0, '2015-08-15 10:15:01', '2015-08-15 10:15:01'),
	(453, 1137, '51', '00:03:35', NULL, NULL, NULL, 0, '2015-08-15 10:15:01', '2015-08-15 10:15:01'),
	(454, 1137, '52', '00:03:15', NULL, NULL, NULL, 0, '2015-08-15 10:15:01', '2015-08-15 10:15:01'),
	(455, 1138, '41', '00:18:08', NULL, NULL, NULL, 0, '2015-08-15 10:30:01', '2015-08-15 10:30:01'),
	(456, 1138, '42', '00:18:02', NULL, NULL, NULL, 0, '2015-08-15 10:30:01', '2015-08-15 10:30:01'),
	(457, 1138, '43', '00:23:35', NULL, NULL, NULL, 0, '2015-08-15 10:30:01', '2015-08-15 10:30:01'),
	(458, 1138, '44', '00:18:05', NULL, NULL, NULL, 0, '2015-08-15 10:30:01', '2015-08-15 10:30:01'),
	(459, 1138, '46', '00:19:24', NULL, NULL, NULL, 0, '2015-08-15 10:30:01', '2015-08-15 10:30:01'),
	(460, 1138, '47', '00:25:40', NULL, NULL, NULL, 0, '2015-08-15 10:30:01', '2015-08-15 10:30:01'),
	(461, 1138, '48', '00:17:08', NULL, NULL, NULL, 0, '2015-08-15 10:30:01', '2015-08-15 10:30:01'),
	(462, 1138, '49', '00:23:12', NULL, NULL, NULL, 0, '2015-08-15 10:30:01', '2015-08-15 10:30:01'),
	(463, 1138, '50', '00:17:50', NULL, NULL, NULL, 0, '2015-08-15 10:30:01', '2015-08-15 10:30:01'),
	(464, 1138, '51', '00:17:41', NULL, NULL, NULL, 0, '2015-08-15 10:30:01', '2015-08-15 10:30:01'),
	(465, 1138, '52', '00:15:26', NULL, NULL, NULL, 0, '2015-08-15 10:30:01', '2015-08-15 10:30:01'),
	(466, 1139, '41', '00:12:03', NULL, NULL, NULL, 0, '2015-08-15 10:45:01', '2015-08-15 10:45:01'),
	(467, 1139, '42', '00:11:53', NULL, NULL, NULL, 0, '2015-08-15 10:45:01', '2015-08-15 10:45:01'),
	(468, 1139, '43', '00:16:55', NULL, NULL, NULL, 0, '2015-08-15 10:45:01', '2015-08-15 10:45:01'),
	(469, 1139, '44', '00:11:31', NULL, NULL, NULL, 0, '2015-08-15 10:45:01', '2015-08-15 10:45:01'),
	(470, 1139, '46', '00:12:44', NULL, NULL, NULL, 0, '2015-08-15 10:45:01', '2015-08-15 10:45:01'),
	(471, 1139, '47', '00:16:35', NULL, NULL, NULL, 0, '2015-08-15 10:45:01', '2015-08-15 10:45:01'),
	(472, 1139, '48', '00:11:38', NULL, NULL, NULL, 0, '2015-08-15 10:45:01', '2015-08-15 10:45:01'),
	(473, 1139, '49', '00:15:12', NULL, NULL, NULL, 0, '2015-08-15 10:45:01', '2015-08-15 10:45:01'),
	(474, 1139, '50', '00:12:07', NULL, NULL, NULL, 0, '2015-08-15 10:45:01', '2015-08-15 10:45:01'),
	(475, 1139, '51', '00:12:26', NULL, NULL, NULL, 0, '2015-08-15 10:45:01', '2015-08-15 10:45:01'),
	(476, 1139, '52', '00:10:42', NULL, NULL, NULL, 0, '2015-08-15 10:45:01', '2015-08-15 10:45:01'),
	(477, 1140, '41', '00:17:46', NULL, NULL, NULL, 0, '2015-08-15 11:00:01', '2015-08-15 11:00:01'),
	(478, 1140, '42', '00:18:01', NULL, NULL, NULL, 0, '2015-08-15 11:00:01', '2015-08-15 11:00:01'),
	(479, 1140, '43', '00:24:38', NULL, NULL, NULL, 0, '2015-08-15 11:00:01', '2015-08-15 11:00:01'),
	(480, 1140, '44', '00:17:19', NULL, NULL, NULL, 0, '2015-08-15 11:00:01', '2015-08-15 11:00:01'),
	(481, 1140, '46', '00:18:11', NULL, NULL, NULL, 0, '2015-08-15 11:00:01', '2015-08-15 11:00:01'),
	(482, 1140, '47', '00:25:46', NULL, NULL, NULL, 0, '2015-08-15 11:00:01', '2015-08-15 11:00:01'),
	(483, 1140, '48', '00:17:33', NULL, NULL, NULL, 0, '2015-08-15 11:00:01', '2015-08-15 11:00:01'),
	(484, 1140, '49', '00:23:12', NULL, NULL, NULL, 0, '2015-08-15 11:00:01', '2015-08-15 11:00:01'),
	(485, 1140, '50', '00:18:09', NULL, NULL, NULL, 0, '2015-08-15 11:00:01', '2015-08-15 11:00:01'),
	(486, 1140, '51', '00:17:46', NULL, NULL, NULL, 0, '2015-08-15 11:00:01', '2015-08-15 11:00:01'),
	(487, 1140, '52', '00:16:06', NULL, NULL, NULL, 0, '2015-08-15 11:00:01', '2015-08-15 11:00:01'),
	(488, 1141, '41', '00:13:37', NULL, NULL, NULL, 0, '2015-08-15 11:15:01', '2015-08-15 11:15:01'),
	(489, 1141, '42', '00:12:37', NULL, NULL, NULL, 0, '2015-08-15 11:15:01', '2015-08-15 11:15:01'),
	(490, 1141, '43', '00:17:38', NULL, NULL, NULL, 0, '2015-08-15 11:15:01', '2015-08-15 11:15:01'),
	(491, 1141, '44', '00:13:07', NULL, NULL, NULL, 0, '2015-08-15 11:15:01', '2015-08-15 11:15:01'),
	(492, 1141, '46', '00:13:57', NULL, NULL, NULL, 0, '2015-08-15 11:15:01', '2015-08-15 11:15:01'),
	(493, 1141, '47', '00:17:55', NULL, NULL, NULL, 0, '2015-08-15 11:15:01', '2015-08-15 11:15:01'),
	(494, 1141, '48', '00:12:48', NULL, NULL, NULL, 0, '2015-08-15 11:15:01', '2015-08-15 11:15:01'),
	(495, 1141, '49', '00:16:54', NULL, NULL, NULL, 0, '2015-08-15 11:15:01', '2015-08-15 11:15:01'),
	(496, 1141, '50', '00:12:59', NULL, NULL, NULL, 0, '2015-08-15 11:15:01', '2015-08-15 11:15:01'),
	(497, 1141, '51', '00:12:46', NULL, NULL, NULL, 0, '2015-08-15 11:15:01', '2015-08-15 11:15:01'),
	(498, 1141, '52', '00:12:43', NULL, NULL, NULL, 0, '2015-08-15 11:15:01', '2015-08-15 11:15:01'),
	(499, 1142, '41', '00:15:29', NULL, NULL, NULL, 0, '2015-08-15 11:30:01', '2015-08-15 11:30:01'),
	(500, 1142, '42', '00:15:20', NULL, NULL, NULL, 0, '2015-08-15 11:30:01', '2015-08-15 11:30:01'),
	(501, 1142, '43', '00:20:36', NULL, NULL, NULL, 0, '2015-08-15 11:30:01', '2015-08-15 11:30:01'),
	(502, 1142, '44', '00:15:35', NULL, NULL, NULL, 0, '2015-08-15 11:30:01', '2015-08-15 11:30:01'),
	(503, 1142, '46', '00:16:38', NULL, NULL, NULL, 0, '2015-08-15 11:30:01', '2015-08-15 11:30:01'),
	(504, 1142, '47', '00:22:12', NULL, NULL, NULL, 0, '2015-08-15 11:30:01', '2015-08-15 11:30:01'),
	(505, 1142, '48', '00:15:31', NULL, NULL, NULL, 0, '2015-08-15 11:30:01', '2015-08-15 11:30:01'),
	(506, 1142, '49', '00:20:35', NULL, NULL, NULL, 0, '2015-08-15 11:30:01', '2015-08-15 11:30:01'),
	(507, 1142, '50', '00:15:52', NULL, NULL, NULL, 0, '2015-08-15 11:30:01', '2015-08-15 11:30:01'),
	(508, 1142, '51', '00:16:10', NULL, NULL, NULL, 0, '2015-08-15 11:30:01', '2015-08-15 11:30:01'),
	(509, 1142, '52', '00:13:48', NULL, NULL, NULL, 0, '2015-08-15 11:30:01', '2015-08-15 11:30:01'),
	(510, 1143, '41', '00:11:38', NULL, NULL, NULL, 0, '2015-08-15 11:45:01', '2015-08-15 11:45:01'),
	(511, 1143, '42', '00:12:20', NULL, NULL, NULL, 0, '2015-08-15 11:45:01', '2015-08-15 11:45:01'),
	(512, 1143, '43', '00:17:45', NULL, NULL, NULL, 0, '2015-08-15 11:45:01', '2015-08-15 11:45:01'),
	(513, 1143, '44', '00:12:02', NULL, NULL, NULL, 0, '2015-08-15 11:45:01', '2015-08-15 11:45:01'),
	(514, 1143, '46', '00:13:02', NULL, NULL, NULL, 0, '2015-08-15 11:45:01', '2015-08-15 11:45:01'),
	(515, 1143, '47', '00:15:56', NULL, NULL, NULL, 0, '2015-08-15 11:45:01', '2015-08-15 11:45:01'),
	(516, 1143, '48', '00:10:58', NULL, NULL, NULL, 0, '2015-08-15 11:45:01', '2015-08-15 11:45:01'),
	(517, 1143, '49', '00:14:59', NULL, NULL, NULL, 0, '2015-08-15 11:45:01', '2015-08-15 11:45:01'),
	(518, 1143, '50', '00:12:33', NULL, NULL, NULL, 0, '2015-08-15 11:45:01', '2015-08-15 11:45:01'),
	(519, 1143, '51', '00:11:28', NULL, NULL, NULL, 0, '2015-08-15 11:45:01', '2015-08-15 11:45:01'),
	(520, 1143, '52', '00:10:33', NULL, NULL, NULL, 0, '2015-08-15 11:45:01', '2015-08-15 11:45:01'),
	(521, 1144, '41', '00:07:09', NULL, NULL, NULL, 0, '2015-08-15 12:00:01', '2015-08-15 12:00:01'),
	(522, 1144, '42', '00:06:46', NULL, NULL, NULL, 0, '2015-08-15 12:00:01', '2015-08-15 12:00:01'),
	(523, 1144, '43', '00:09:56', NULL, NULL, NULL, 0, '2015-08-15 12:00:01', '2015-08-15 12:00:01'),
	(524, 1144, '44', '00:07:02', NULL, NULL, NULL, 0, '2015-08-15 12:00:01', '2015-08-15 12:00:01'),
	(525, 1144, '46', '00:07:49', NULL, NULL, NULL, 0, '2015-08-15 12:00:01', '2015-08-15 12:00:01'),
	(526, 1144, '47', '00:09:41', NULL, NULL, NULL, 0, '2015-08-15 12:00:01', '2015-08-15 12:00:01'),
	(527, 1144, '48', '00:07:01', NULL, NULL, NULL, 0, '2015-08-15 12:00:01', '2015-08-15 12:00:01'),
	(528, 1144, '49', '00:09:42', NULL, NULL, NULL, 0, '2015-08-15 12:00:01', '2015-08-15 12:00:01'),
	(529, 1144, '50', '00:08:31', NULL, 4, NULL, 0, '2015-08-15 12:00:01', '2015-08-15 12:00:01'),
	(530, 1144, '51', '00:06:45', NULL, NULL, NULL, 0, '2015-08-15 12:00:01', '2015-08-15 12:00:01'),
	(531, 1144, '52', '00:06:25', NULL, NULL, NULL, 0, '2015-08-15 12:00:01', '2015-08-15 12:00:01'),
	(532, 1145, '41', '00:16:33', NULL, NULL, NULL, 0, '2015-08-15 12:15:01', '2015-08-15 12:15:01'),
	(533, 1145, '42', '00:17:38', NULL, NULL, NULL, 0, '2015-08-15 12:15:01', '2015-08-15 12:15:01'),
	(534, 1145, '43', '00:24:21', NULL, NULL, NULL, 0, '2015-08-15 12:15:01', '2015-08-15 12:15:01'),
	(535, 1145, '44', '00:15:58', NULL, NULL, NULL, 0, '2015-08-15 12:15:01', '2015-08-15 12:15:01'),
	(536, 1145, '46', '00:18:25', NULL, NULL, NULL, 0, '2015-08-15 12:15:01', '2015-08-15 12:15:01'),
	(537, 1145, '47', '00:24:17', NULL, NULL, NULL, 0, '2015-08-15 12:15:01', '2015-08-15 12:15:01'),
	(538, 1145, '48', '00:16:15', NULL, NULL, NULL, 0, '2015-08-15 12:15:01', '2015-08-15 12:15:01'),
	(539, 1145, '49', '00:22:27', NULL, NULL, NULL, 0, '2015-08-15 12:15:01', '2015-08-15 12:15:01'),
	(540, 1145, '50', '00:16:11', NULL, NULL, NULL, 0, '2015-08-15 12:15:01', '2015-08-15 12:15:01'),
	(541, 1145, '51', '00:16:23', NULL, NULL, NULL, 0, '2015-08-15 12:15:01', '2015-08-15 12:15:01'),
	(542, 1145, '52', '00:14:34', NULL, NULL, NULL, 0, '2015-08-15 12:15:01', '2015-08-15 12:15:01'),
	(543, 1146, '41', '00:04:46', NULL, NULL, NULL, 0, '2015-08-15 12:30:01', '2015-08-15 12:30:01'),
	(544, 1146, '42', '00:05:04', NULL, NULL, NULL, 0, '2015-08-15 12:30:01', '2015-08-15 12:30:01'),
	(545, 1146, '43', '00:06:14', NULL, NULL, NULL, 0, '2015-08-15 12:30:01', '2015-08-15 12:30:01'),
	(546, 1146, '44', '00:04:52', NULL, NULL, NULL, 0, '2015-08-15 12:30:01', '2015-08-15 12:30:01'),
	(547, 1146, '46', '00:05:11', NULL, NULL, NULL, 0, '2015-08-15 12:30:01', '2015-08-15 12:30:01'),
	(548, 1146, '47', '00:06:54', NULL, NULL, NULL, 0, '2015-08-15 12:30:01', '2015-08-15 12:30:01'),
	(549, 1146, '48', '00:04:53', NULL, NULL, NULL, 0, '2015-08-15 12:30:02', '2015-08-15 12:30:02'),
	(550, 1146, '49', '00:06:15', NULL, NULL, NULL, 0, '2015-08-15 12:30:02', '2015-08-15 12:30:02'),
	(551, 1146, '50', '00:05:03', NULL, NULL, NULL, 0, '2015-08-15 12:30:02', '2015-08-15 12:30:02'),
	(552, 1146, '51', '00:04:43', NULL, NULL, NULL, 0, '2015-08-15 12:30:02', '2015-08-15 12:30:02'),
	(553, 1146, '52', '00:04:22', NULL, NULL, NULL, 0, '2015-08-15 12:30:02', '2015-08-15 12:30:02'),
	(554, 18, '15', '00:01:12', NULL, 1, NULL, 0, '2015-08-17 09:00:01', '2015-08-17 09:00:01'),
	(555, 18, '16', '00:01:20', NULL, NULL, NULL, 0, '2015-08-17 09:00:01', '2015-08-17 09:00:01'),
	(556, 18, '17', '00:01:38', NULL, NULL, NULL, 0, '2015-08-17 09:00:01', '2015-08-17 09:00:01'),
	(557, 18, '18', '00:01:12', NULL, NULL, NULL, 0, '2015-08-17 09:00:01', '2015-08-17 09:00:01'),
	(558, 18, '19', '00:01:03', NULL, NULL, NULL, 0, '2015-08-17 09:00:01', '2015-08-17 09:00:01'),
	(559, 18, '20', '00:01:05', NULL, NULL, NULL, 0, '2015-08-17 09:00:01', '2015-08-17 09:00:01'),
	(560, 18, '21', '00:01:42', NULL, NULL, NULL, 0, '2015-08-17 09:00:01', '2015-08-17 09:00:01'),
	(561, 18, '22', '00:01:07', NULL, NULL, NULL, 0, '2015-08-17 09:00:01', '2015-08-17 09:00:01'),
	(562, 18, '23', '00:01:44', NULL, NULL, NULL, 0, '2015-08-17 09:00:01', '2015-08-17 09:00:01'),
	(563, 18, '24', '00:01:22', NULL, NULL, NULL, 0, '2015-08-17 09:00:01', '2015-08-17 09:00:01'),
	(564, 18, '25', '00:01:04', NULL, NULL, NULL, 0, '2015-08-17 09:00:01', '2015-08-17 09:00:01'),
	(565, 18, '26', '00:01:08', NULL, NULL, NULL, 0, '2015-08-17 09:00:01', '2015-08-17 09:00:01'),
	(566, 18, '27', '00:01:09', NULL, NULL, NULL, 0, '2015-08-17 09:00:01', '2015-08-17 09:00:01'),
	(567, 19, '15', '00:08:27', NULL, NULL, NULL, 0, '2015-08-17 09:15:00', '2015-08-17 09:15:00'),
	(568, 19, '16', '00:11:36', NULL, NULL, NULL, 0, '2015-08-17 09:15:00', '2015-08-17 09:15:00'),
	(569, 19, '17', '00:12:13', NULL, NULL, NULL, 0, '2015-08-17 09:15:00', '2015-08-17 09:15:00'),
	(570, 19, '18', '00:10:14', NULL, NULL, NULL, 0, '2015-08-17 09:15:00', '2015-08-17 09:15:00'),
	(571, 19, '19', '00:09:53', NULL, 4, NULL, 0, '2015-08-17 09:15:00', '2015-08-17 09:15:00'),
	(572, 19, '20', '00:08:51', NULL, NULL, NULL, 0, '2015-08-17 09:15:00', '2015-08-17 09:15:00'),
	(573, 19, '21', '00:14:31', NULL, NULL, NULL, 0, '2015-08-17 09:15:00', '2015-08-17 09:15:00'),
	(574, 19, '22', '00:08:33', NULL, NULL, NULL, 0, '2015-08-17 09:15:00', '2015-08-17 09:15:00'),
	(575, 19, '23', '00:13:16', NULL, NULL, NULL, 0, '2015-08-17 09:15:00', '2015-08-17 09:15:00'),
	(576, 19, '24', '00:10:54', NULL, NULL, NULL, 0, '2015-08-17 09:15:00', '2015-08-17 09:15:00'),
	(577, 19, '25', '00:08:01', NULL, NULL, NULL, 0, '2015-08-17 09:15:00', '2015-08-17 09:15:00'),
	(578, 19, '26', '00:08:44', NULL, NULL, NULL, 0, '2015-08-17 09:15:00', '2015-08-17 09:15:00'),
	(579, 19, '27', '00:11:15', NULL, 3, NULL, 0, '2015-08-17 09:15:00', '2015-08-17 09:15:00'),
	(580, 20, '15', '00:12:38', NULL, NULL, NULL, 0, '2015-08-17 09:30:01', '2015-08-17 09:30:01'),
	(581, 20, '16', '00:17:03', NULL, NULL, NULL, 0, '2015-08-17 09:30:01', '2015-08-17 09:30:01'),
	(582, 20, '17', '00:19:34', NULL, NULL, NULL, 0, '2015-08-17 09:30:01', '2015-08-17 09:30:01'),
	(583, 20, '18', '00:14:49', NULL, NULL, NULL, 0, '2015-08-17 09:30:01', '2015-08-17 09:30:01'),
	(584, 20, '19', '00:13:13', NULL, NULL, NULL, 0, '2015-08-17 09:30:01', '2015-08-17 09:30:01'),
	(585, 20, '20', '00:13:26', NULL, NULL, NULL, 0, '2015-08-17 09:30:01', '2015-08-17 09:30:01'),
	(586, 20, '21', '00:21:59', NULL, NULL, NULL, 0, '2015-08-17 09:30:01', '2015-08-17 09:30:01'),
	(587, 20, '22', '00:13:31', NULL, NULL, NULL, 0, '2015-08-17 09:30:01', '2015-08-17 09:30:01'),
	(588, 20, '23', '00:20:14', NULL, NULL, NULL, 0, '2015-08-17 09:30:01', '2015-08-17 09:30:01'),
	(589, 20, '24', '00:16:20', NULL, NULL, NULL, 0, '2015-08-17 09:30:01', '2015-08-17 09:30:01'),
	(590, 20, '25', '00:13:10', NULL, NULL, NULL, 0, '2015-08-17 09:30:01', '2015-08-17 09:30:01'),
	(591, 20, '26', '00:13:05', NULL, NULL, NULL, 0, '2015-08-17 09:30:01', '2015-08-17 09:30:01'),
	(592, 20, '27', '00:14:36', NULL, NULL, NULL, 0, '2015-08-17 09:30:01', '2015-08-17 09:30:01'),
	(593, 21, '15', '00:11:50', NULL, NULL, NULL, 0, '2015-08-17 09:45:01', '2015-08-17 09:45:01'),
	(594, 21, '16', '00:14:59', NULL, NULL, NULL, 0, '2015-08-17 09:45:01', '2015-08-17 09:45:01'),
	(595, 21, '17', '00:17:26', NULL, NULL, NULL, 0, '2015-08-17 09:45:01', '2015-08-17 09:45:01'),
	(596, 21, '18', '00:13:24', NULL, NULL, NULL, 0, '2015-08-17 09:45:01', '2015-08-17 09:45:01'),
	(597, 21, '19', '00:10:58', NULL, NULL, NULL, 0, '2015-08-17 09:45:01', '2015-08-17 09:45:01'),
	(598, 21, '20', '00:12:01', NULL, NULL, NULL, 0, '2015-08-17 09:45:01', '2015-08-17 09:45:01'),
	(599, 21, '21', '00:19:35', NULL, NULL, NULL, 0, '2015-08-17 09:45:01', '2015-08-17 09:45:01'),
	(600, 21, '22', '00:11:39', NULL, NULL, NULL, 0, '2015-08-17 09:45:01', '2015-08-17 09:45:01'),
	(601, 21, '23', '00:16:37', NULL, NULL, NULL, 0, '2015-08-17 09:45:01', '2015-08-17 09:45:01'),
	(602, 21, '24', '00:14:57', NULL, NULL, NULL, 0, '2015-08-17 09:45:01', '2015-08-17 09:45:01'),
	(603, 21, '25', '00:11:25', NULL, NULL, NULL, 0, '2015-08-17 09:45:01', '2015-08-17 09:45:01'),
	(604, 21, '26', '00:11:44', NULL, NULL, NULL, 0, '2015-08-17 09:45:01', '2015-08-17 09:45:01'),
	(605, 21, '27', '00:13:11', NULL, NULL, NULL, 0, '2015-08-17 09:45:01', '2015-08-17 09:45:01'),
	(606, 22, '15', '00:04:20', NULL, NULL, NULL, 0, '2015-08-17 10:00:01', '2015-08-17 10:00:01'),
	(607, 22, '16', '00:05:29', NULL, NULL, NULL, 0, '2015-08-17 10:00:01', '2015-08-17 10:00:01'),
	(608, 22, '17', '00:06:06', NULL, NULL, NULL, 0, '2015-08-17 10:00:01', '2015-08-17 10:00:01'),
	(609, 22, '18', '00:04:45', NULL, NULL, NULL, 0, '2015-08-17 10:00:01', '2015-08-17 10:00:01'),
	(610, 22, '19', '00:04:20', NULL, NULL, NULL, 0, '2015-08-17 10:00:01', '2015-08-17 10:00:01'),
	(611, 22, '20', '00:04:28', NULL, NULL, NULL, 0, '2015-08-17 10:00:01', '2015-08-17 10:00:01'),
	(612, 22, '21', '00:06:48', NULL, NULL, NULL, 0, '2015-08-17 10:00:01', '2015-08-17 10:00:01'),
	(613, 22, '22', '00:04:11', NULL, NULL, NULL, 0, '2015-08-17 10:00:01', '2015-08-17 10:00:01'),
	(614, 22, '23', '00:06:25', NULL, NULL, NULL, 0, '2015-08-17 10:00:01', '2015-08-17 10:00:01'),
	(615, 22, '24', '00:05:08', NULL, NULL, NULL, 0, '2015-08-17 10:00:01', '2015-08-17 10:00:01'),
	(616, 22, '25', '00:04:33', NULL, NULL, NULL, 0, '2015-08-17 10:00:01', '2015-08-17 10:00:01'),
	(617, 22, '26', '00:04:34', NULL, NULL, NULL, 0, '2015-08-17 10:00:01', '2015-08-17 10:00:01'),
	(618, 22, '27', '00:04:28', NULL, NULL, NULL, 0, '2015-08-17 10:00:01', '2015-08-17 10:00:01'),
	(619, 23, '15', '00:04:06', NULL, NULL, NULL, 0, '2015-08-17 10:15:00', '2015-08-17 10:15:00'),
	(620, 23, '16', '00:05:38', NULL, NULL, NULL, 0, '2015-08-17 10:15:00', '2015-08-17 10:15:00'),
	(621, 23, '17', '00:06:44', NULL, NULL, NULL, 0, '2015-08-17 10:15:00', '2015-08-17 10:15:00'),
	(622, 23, '18', '00:04:52', NULL, NULL, NULL, 0, '2015-08-17 10:15:00', '2015-08-17 10:15:00'),
	(623, 23, '19', '00:04:26', NULL, NULL, NULL, 0, '2015-08-17 10:15:01', '2015-08-17 10:15:01'),
	(624, 23, '20', '00:04:33', NULL, NULL, NULL, 0, '2015-08-17 10:15:01', '2015-08-17 10:15:01'),
	(625, 23, '21', '00:07:18', NULL, NULL, NULL, 0, '2015-08-17 10:15:01', '2015-08-17 10:15:01'),
	(626, 23, '22', '00:04:29', NULL, NULL, NULL, 0, '2015-08-17 10:15:01', '2015-08-17 10:15:01'),
	(627, 23, '23', '00:06:17', NULL, NULL, NULL, 0, '2015-08-17 10:15:01', '2015-08-17 10:15:01'),
	(628, 23, '24', '00:05:27', NULL, NULL, NULL, 0, '2015-08-17 10:15:01', '2015-08-17 10:15:01'),
	(629, 23, '25', '00:04:24', NULL, NULL, NULL, 0, '2015-08-17 10:15:01', '2015-08-17 10:15:01'),
	(630, 23, '26', '00:04:19', NULL, NULL, NULL, 0, '2015-08-17 10:15:01', '2015-08-17 10:15:01'),
	(631, 23, '27', '00:04:57', NULL, NULL, NULL, 0, '2015-08-17 10:15:01', '2015-08-17 10:15:01'),
	(632, 24, '15', '00:12:52', NULL, NULL, NULL, 0, '2015-08-17 10:30:01', '2015-08-17 10:30:01'),
	(633, 24, '16', '00:18:39', NULL, NULL, NULL, 0, '2015-08-17 10:30:01', '2015-08-17 10:30:01'),
	(634, 24, '17', '00:21:53', NULL, NULL, NULL, 0, '2015-08-17 10:30:01', '2015-08-17 10:30:01'),
	(635, 24, '18', '00:15:29', NULL, NULL, NULL, 0, '2015-08-17 10:30:01', '2015-08-17 10:30:01'),
	(636, 24, '19', '00:13:48', NULL, NULL, NULL, 0, '2015-08-17 10:30:01', '2015-08-17 10:30:01'),
	(637, 24, '20', '00:14:52', NULL, NULL, NULL, 0, '2015-08-17 10:30:01', '2015-08-17 10:30:01'),
	(638, 24, '21', '00:21:24', NULL, NULL, NULL, 0, '2015-08-17 10:30:01', '2015-08-17 10:30:01'),
	(639, 24, '22', '00:13:38', NULL, NULL, NULL, 0, '2015-08-17 10:30:01', '2015-08-17 10:30:01'),
	(640, 24, '23', '00:22:08', NULL, NULL, NULL, 0, '2015-08-17 10:30:01', '2015-08-17 10:30:01'),
	(641, 24, '24', '00:16:42', NULL, NULL, NULL, 0, '2015-08-17 10:30:01', '2015-08-17 10:30:01'),
	(642, 24, '25', '00:13:17', NULL, NULL, NULL, 0, '2015-08-17 10:30:01', '2015-08-17 10:30:01'),
	(643, 24, '26', '00:13:54', NULL, NULL, NULL, 0, '2015-08-17 10:30:01', '2015-08-17 10:30:01'),
	(644, 24, '27', '00:14:53', NULL, NULL, NULL, 0, '2015-08-17 10:30:01', '2015-08-17 10:30:01'),
	(645, 25, '15', '00:09:37', NULL, NULL, NULL, 0, '2015-08-17 10:45:00', '2015-08-17 10:45:00'),
	(646, 25, '16', '00:12:34', NULL, NULL, NULL, 0, '2015-08-17 10:45:00', '2015-08-17 10:45:00'),
	(647, 25, '17', '00:13:47', NULL, NULL, NULL, 0, '2015-08-17 10:45:00', '2015-08-17 10:45:00'),
	(648, 25, '18', '00:10:43', NULL, NULL, NULL, 0, '2015-08-17 10:45:00', '2015-08-17 10:45:00'),
	(649, 25, '19', '00:09:09', NULL, NULL, NULL, 0, '2015-08-17 10:45:00', '2015-08-17 10:45:00'),
	(650, 25, '20', '00:09:43', NULL, NULL, NULL, 0, '2015-08-17 10:45:00', '2015-08-17 10:45:00'),
	(651, 25, '21', '00:15:51', NULL, NULL, NULL, 0, '2015-08-17 10:45:00', '2015-08-17 10:45:00'),
	(652, 25, '22', '00:10:18', NULL, NULL, NULL, 0, '2015-08-17 10:45:00', '2015-08-17 10:45:00'),
	(653, 25, '23', '00:14:45', NULL, NULL, NULL, 0, '2015-08-17 10:45:00', '2015-08-17 10:45:00'),
	(654, 25, '24', '00:11:59', NULL, NULL, NULL, 0, '2015-08-17 10:45:00', '2015-08-17 10:45:00'),
	(655, 25, '25', '00:10:00', NULL, NULL, NULL, 0, '2015-08-17 10:45:00', '2015-08-17 10:45:00'),
	(656, 25, '26', '00:09:50', NULL, NULL, NULL, 0, '2015-08-17 10:45:00', '2015-08-17 10:45:00'),
	(657, 25, '27', '00:10:53', NULL, NULL, NULL, 0, '2015-08-17 10:45:00', '2015-08-17 10:45:00'),
	(658, 26, '15', '00:01:06', NULL, NULL, NULL, 0, '2015-08-17 11:00:00', '2015-08-17 11:00:00'),
	(659, 26, '16', '00:01:28', NULL, NULL, NULL, 0, '2015-08-17 11:00:00', '2015-08-17 11:00:00'),
	(660, 26, '17', '00:01:32', NULL, NULL, NULL, 0, '2015-08-17 11:00:00', '2015-08-17 11:00:00'),
	(661, 26, '18', '00:01:13', NULL, NULL, NULL, 0, '2015-08-17 11:00:00', '2015-08-17 11:00:00'),
	(662, 26, '19', '00:01:04', NULL, NULL, NULL, 0, '2015-08-17 11:00:00', '2015-08-17 11:00:00'),
	(663, 26, '20', '00:01:10', NULL, NULL, NULL, 0, '2015-08-17 11:00:00', '2015-08-17 11:00:00'),
	(664, 26, '21', '00:01:44', NULL, NULL, NULL, 0, '2015-08-17 11:00:00', '2015-08-17 11:00:00'),
	(665, 26, '22', '00:01:04', NULL, NULL, NULL, 0, '2015-08-17 11:00:00', '2015-08-17 11:00:00'),
	(666, 26, '23', '00:01:42', NULL, NULL, NULL, 0, '2015-08-17 11:00:00', '2015-08-17 11:00:00'),
	(667, 26, '24', '00:01:19', NULL, NULL, NULL, 0, '2015-08-17 11:00:00', '2015-08-17 11:00:00'),
	(668, 26, '25', '00:01:07', NULL, NULL, NULL, 0, '2015-08-17 11:00:00', '2015-08-17 11:00:00'),
	(669, 26, '26', '00:01:09', NULL, 1, NULL, 0, '2015-08-17 11:00:00', '2015-08-17 11:00:00'),
	(670, 26, '27', '00:01:11', NULL, NULL, NULL, 0, '2015-08-17 11:00:00', '2015-08-17 11:00:00'),
	(671, 27, '15', '00:11:40', NULL, NULL, NULL, 0, '2015-08-17 11:15:01', '2015-08-17 11:15:01'),
	(672, 27, '16', '00:15:25', NULL, NULL, NULL, 0, '2015-08-17 11:15:01', '2015-08-17 11:15:01'),
	(673, 27, '17', '00:17:14', NULL, NULL, NULL, 0, '2015-08-17 11:15:01', '2015-08-17 11:15:01'),
	(674, 27, '18', '00:13:28', NULL, NULL, NULL, 0, '2015-08-17 11:15:01', '2015-08-17 11:15:01'),
	(675, 27, '19', '00:11:32', NULL, NULL, NULL, 0, '2015-08-17 11:15:01', '2015-08-17 11:15:01'),
	(676, 27, '20', '00:12:02', NULL, NULL, NULL, 0, '2015-08-17 11:15:01', '2015-08-17 11:15:01'),
	(677, 27, '21', '00:19:39', NULL, NULL, NULL, 0, '2015-08-17 11:15:01', '2015-08-17 11:15:01'),
	(678, 27, '22', '00:11:36', NULL, NULL, NULL, 0, '2015-08-17 11:15:01', '2015-08-17 11:15:01'),
	(679, 27, '23', '00:18:00', NULL, NULL, NULL, 0, '2015-08-17 11:15:01', '2015-08-17 11:15:01'),
	(680, 27, '24', '00:14:12', NULL, NULL, NULL, 0, '2015-08-17 11:15:01', '2015-08-17 11:15:01'),
	(681, 27, '25', '00:11:41', NULL, NULL, NULL, 0, '2015-08-17 11:15:01', '2015-08-17 11:15:01'),
	(682, 27, '26', '00:12:18', NULL, NULL, NULL, 0, '2015-08-17 11:15:01', '2015-08-17 11:15:01'),
	(683, 27, '27', '00:13:04', NULL, NULL, NULL, 0, '2015-08-17 11:15:01', '2015-08-17 11:15:01'),
	(684, 28, '15', '00:13:06', NULL, NULL, NULL, 0, '2015-08-17 11:30:00', '2015-08-17 11:30:00'),
	(685, 28, '16', '00:16:55', NULL, NULL, NULL, 0, '2015-08-17 11:30:00', '2015-08-17 11:30:00'),
	(686, 28, '17', '00:20:17', NULL, NULL, NULL, 0, '2015-08-17 11:30:00', '2015-08-17 11:30:00'),
	(687, 28, '18', '00:15:05', NULL, NULL, NULL, 0, '2015-08-17 11:30:00', '2015-08-17 11:30:00'),
	(688, 28, '19', '00:11:54', NULL, NULL, NULL, 0, '2015-08-17 11:30:00', '2015-08-17 11:30:00'),
	(689, 28, '20', '00:13:15', NULL, NULL, NULL, 0, '2015-08-17 11:30:00', '2015-08-17 11:30:00'),
	(690, 28, '21', '00:19:57', NULL, NULL, NULL, 0, '2015-08-17 11:30:00', '2015-08-17 11:30:00'),
	(691, 28, '22', '00:13:02', NULL, NULL, NULL, 0, '2015-08-17 11:30:00', '2015-08-17 11:30:00'),
	(692, 28, '23', '00:20:17', NULL, NULL, NULL, 0, '2015-08-17 11:30:00', '2015-08-17 11:30:00'),
	(693, 28, '24', '00:15:38', NULL, NULL, NULL, 0, '2015-08-17 11:30:00', '2015-08-17 11:30:00'),
	(694, 28, '25', '00:12:34', NULL, NULL, NULL, 0, '2015-08-17 11:30:00', '2015-08-17 11:30:00'),
	(695, 28, '26', '00:12:41', NULL, NULL, NULL, 0, '2015-08-17 11:30:00', '2015-08-17 11:30:00'),
	(696, 28, '27', '00:13:48', NULL, NULL, NULL, 0, '2015-08-17 11:30:00', '2015-08-17 11:30:00'),
	(697, 29, '15', '00:01:03', NULL, NULL, NULL, 0, '2015-08-17 11:45:01', '2015-08-17 11:45:01'),
	(698, 29, '16', '00:01:22', NULL, NULL, NULL, 0, '2015-08-17 11:45:01', '2015-08-17 11:45:01'),
	(699, 29, '17', '00:01:36', NULL, NULL, NULL, 0, '2015-08-17 11:45:01', '2015-08-17 11:45:01'),
	(700, 29, '18', '00:01:14', NULL, NULL, NULL, 0, '2015-08-17 11:45:01', '2015-08-17 11:45:01'),
	(701, 29, '19', '00:01:02', NULL, NULL, NULL, 0, '2015-08-17 11:45:01', '2015-08-17 11:45:01'),
	(702, 29, '20', '00:01:05', NULL, NULL, NULL, 0, '2015-08-17 11:45:01', '2015-08-17 11:45:01'),
	(703, 29, '21', '00:01:51', NULL, NULL, NULL, 0, '2015-08-17 11:45:01', '2015-08-17 11:45:01'),
	(704, 29, '22', '00:01:06', NULL, NULL, NULL, 0, '2015-08-17 11:45:01', '2015-08-17 11:45:01'),
	(705, 29, '23', '00:01:32', NULL, NULL, NULL, 0, '2015-08-17 11:45:01', '2015-08-17 11:45:01'),
	(706, 29, '24', '00:01:23', NULL, NULL, NULL, 0, '2015-08-17 11:45:01', '2015-08-17 11:45:01'),
	(707, 29, '25', '00:01:05', NULL, NULL, NULL, 0, '2015-08-17 11:45:01', '2015-08-17 11:45:01'),
	(708, 29, '26', '00:01:09', NULL, NULL, NULL, 0, '2015-08-17 11:45:01', '2015-08-17 11:45:01'),
	(709, 29, '27', '00:01:08', NULL, NULL, NULL, 0, '2015-08-17 11:45:01', '2015-08-17 11:45:01'),
	(710, 30, '15', '00:14:53', NULL, NULL, NULL, 0, '2015-08-17 12:00:01', '2015-08-17 12:00:01'),
	(711, 30, '16', '00:18:46', NULL, NULL, NULL, 0, '2015-08-17 12:00:01', '2015-08-17 12:00:01'),
	(712, 30, '17', '00:23:00', NULL, NULL, NULL, 0, '2015-08-17 12:00:01', '2015-08-17 12:00:01'),
	(713, 30, '18', '00:16:38', NULL, NULL, NULL, 0, '2015-08-17 12:00:01', '2015-08-17 12:00:01'),
	(714, 30, '19', '00:15:11', NULL, NULL, NULL, 0, '2015-08-17 12:00:01', '2015-08-17 12:00:01'),
	(715, 30, '20', '00:15:49', NULL, NULL, NULL, 0, '2015-08-17 12:00:01', '2015-08-17 12:00:01'),
	(716, 30, '21', '00:24:19', NULL, NULL, NULL, 0, '2015-08-17 12:00:01', '2015-08-17 12:00:01'),
	(717, 30, '22', '00:14:51', NULL, NULL, NULL, 0, '2015-08-17 12:00:01', '2015-08-17 12:00:01'),
	(718, 30, '23', '00:21:21', NULL, NULL, NULL, 0, '2015-08-17 12:00:01', '2015-08-17 12:00:01'),
	(719, 30, '24', '00:18:29', NULL, NULL, NULL, 0, '2015-08-17 12:00:01', '2015-08-17 12:00:01'),
	(720, 30, '25', '00:15:10', NULL, NULL, NULL, 0, '2015-08-17 12:00:01', '2015-08-17 12:00:01'),
	(721, 30, '26', '00:14:52', NULL, NULL, NULL, 0, '2015-08-17 12:00:01', '2015-08-17 12:00:01'),
	(722, 30, '27', '00:15:56', NULL, NULL, NULL, 0, '2015-08-17 12:00:01', '2015-08-17 12:00:01'),
	(723, 31, '15', '00:15:22', NULL, NULL, NULL, 0, '2015-08-17 12:15:01', '2015-08-17 12:15:01'),
	(724, 31, '16', '00:19:14', NULL, NULL, NULL, 0, '2015-08-17 12:15:01', '2015-08-17 12:15:01'),
	(725, 31, '17', '00:23:25', NULL, NULL, NULL, 0, '2015-08-17 12:15:01', '2015-08-17 12:15:01'),
	(726, 31, '18', '00:16:48', NULL, NULL, NULL, 0, '2015-08-17 12:15:01', '2015-08-17 12:15:01'),
	(727, 31, '19', '00:14:21', NULL, NULL, NULL, 0, '2015-08-17 12:15:01', '2015-08-17 12:15:01'),
	(728, 31, '20', '00:14:41', NULL, NULL, NULL, 0, '2015-08-17 12:15:01', '2015-08-17 12:15:01'),
	(729, 31, '21', '00:25:49', NULL, NULL, NULL, 0, '2015-08-17 12:15:01', '2015-08-17 12:15:01'),
	(730, 31, '22', '00:15:42', NULL, 1, NULL, 0, '2015-08-17 12:15:01', '2015-08-17 12:15:01'),
	(731, 31, '23', '00:23:20', NULL, NULL, NULL, 0, '2015-08-17 12:15:01', '2015-08-17 12:15:01'),
	(732, 31, '24', '00:18:24', NULL, NULL, NULL, 0, '2015-08-17 12:15:01', '2015-08-17 12:15:01'),
	(733, 31, '25', '00:14:51', NULL, NULL, NULL, 0, '2015-08-17 12:15:01', '2015-08-17 12:15:01'),
	(734, 31, '26', '00:15:44', NULL, NULL, NULL, 0, '2015-08-17 12:15:01', '2015-08-17 12:15:01'),
	(735, 31, '27', '00:16:00', NULL, NULL, NULL, 0, '2015-08-17 12:15:01', '2015-08-17 12:15:01'),
	(736, 32, '15', '00:01:05', NULL, NULL, NULL, 0, '2015-08-17 12:30:00', '2015-08-17 12:30:00'),
	(737, 32, '16', '00:01:27', NULL, NULL, NULL, 0, '2015-08-17 12:30:00', '2015-08-17 12:30:00'),
	(738, 32, '17', '00:01:31', NULL, NULL, NULL, 0, '2015-08-17 12:30:00', '2015-08-17 12:30:00'),
	(739, 32, '18', '00:01:16', NULL, NULL, NULL, 0, '2015-08-17 12:30:00', '2015-08-17 12:30:00'),
	(740, 32, '19', '00:01:00', NULL, NULL, NULL, 0, '2015-08-17 12:30:00', '2015-08-17 12:30:00'),
	(741, 32, '20', '00:01:06', NULL, NULL, NULL, 0, '2015-08-17 12:30:00', '2015-08-17 12:30:00'),
	(742, 32, '21', '00:01:51', NULL, NULL, NULL, 0, '2015-08-17 12:30:00', '2015-08-17 12:30:00'),
	(743, 32, '22', '00:01:07', NULL, NULL, NULL, 0, '2015-08-17 12:30:00', '2015-08-17 12:30:00'),
	(744, 32, '23', '00:01:40', NULL, NULL, NULL, 0, '2015-08-17 12:30:00', '2015-08-17 12:30:00'),
	(745, 32, '24', '00:01:22', NULL, NULL, NULL, 0, '2015-08-17 12:30:00', '2015-08-17 12:30:00'),
	(746, 32, '25', '00:01:04', NULL, NULL, NULL, 0, '2015-08-17 12:30:00', '2015-08-17 12:30:00'),
	(747, 32, '26', '00:01:05', NULL, NULL, NULL, 0, '2015-08-17 12:30:00', '2015-08-17 12:30:00'),
	(748, 32, '27', '00:01:13', NULL, NULL, NULL, 0, '2015-08-17 12:30:00', '2015-08-17 12:30:00'),
	(749, 33, '15', '00:14:58', NULL, NULL, NULL, 0, '2015-08-17 12:45:01', '2015-08-17 12:45:01'),
	(750, 33, '16', '00:18:25', NULL, NULL, NULL, 0, '2015-08-17 12:45:01', '2015-08-17 12:45:01'),
	(751, 33, '17', '00:23:19', NULL, NULL, NULL, 0, '2015-08-17 12:45:01', '2015-08-17 12:45:01'),
	(752, 33, '18', '00:16:41', NULL, NULL, NULL, 0, '2015-08-17 12:45:01', '2015-08-17 12:45:01'),
	(753, 33, '19', '00:13:57', NULL, NULL, NULL, 0, '2015-08-17 12:45:01', '2015-08-17 12:45:01'),
	(754, 33, '20', '00:15:24', NULL, NULL, NULL, 0, '2015-08-17 12:45:01', '2015-08-17 12:45:01'),
	(755, 33, '21', '00:23:48', NULL, NULL, NULL, 0, '2015-08-17 12:45:01', '2015-08-17 12:45:01'),
	(756, 33, '22', '00:15:22', NULL, NULL, NULL, 0, '2015-08-17 12:45:01', '2015-08-17 12:45:01'),
	(757, 33, '23', '00:23:28', NULL, NULL, NULL, 0, '2015-08-17 12:45:01', '2015-08-17 12:45:01'),
	(758, 33, '24', '00:17:59', NULL, NULL, NULL, 0, '2015-08-17 12:45:01', '2015-08-17 12:45:01'),
	(759, 33, '25', '00:14:14', NULL, NULL, NULL, 0, '2015-08-17 12:45:01', '2015-08-17 12:45:01'),
	(760, 33, '26', '00:15:16', NULL, NULL, NULL, 0, '2015-08-17 12:45:01', '2015-08-17 12:45:01'),
	(761, 33, '27', '00:15:48', NULL, NULL, NULL, 0, '2015-08-17 12:45:01', '2015-08-17 12:45:01'),
	(762, 1149, '68', '00:05:42', NULL, NULL, NULL, 0, '2015-08-22 09:00:01', '2015-08-22 09:00:01'),
	(763, 1149, '69', '00:06:42', NULL, NULL, NULL, 0, '2015-08-22 09:00:01', '2015-08-22 09:00:01'),
	(764, 1149, '70', '00:05:42', NULL, NULL, NULL, 0, '2015-08-22 09:00:01', '2015-08-22 09:00:01'),
	(765, 1149, '71', '00:06:48', NULL, NULL, NULL, 0, '2015-08-22 09:00:01', '2015-08-22 09:00:01'),
	(766, 1149, '72', '00:05:18', NULL, NULL, NULL, 0, '2015-08-22 09:00:01', '2015-08-22 09:00:01'),
	(767, 1149, '73', '00:05:09', NULL, NULL, NULL, 0, '2015-08-22 09:00:01', '2015-08-22 09:00:01'),
	(768, 1149, '74', '00:05:46', NULL, NULL, NULL, 0, '2015-08-22 09:00:01', '2015-08-22 09:00:01'),
	(769, 1149, '75', '00:07:39', NULL, NULL, NULL, 0, '2015-08-22 09:00:01', '2015-08-22 09:00:01'),
	(770, 1149, '76', '00:06:02', NULL, 2, NULL, 1, '2015-08-22 09:00:01', '2015-08-22 09:00:01'),
	(771, 1149, '77', '00:06:00', NULL, NULL, NULL, 0, '2015-08-22 09:00:01', '2015-08-22 09:00:01'),
	(772, 1150, '68', '00:04:32', NULL, NULL, NULL, 0, '2015-08-22 09:15:01', '2015-08-22 09:15:01'),
	(773, 1150, '69', '00:05:09', NULL, NULL, NULL, 0, '2015-08-22 09:15:01', '2015-08-22 09:15:01'),
	(774, 1150, '70', '00:04:39', NULL, NULL, NULL, 0, '2015-08-22 09:15:01', '2015-08-22 09:15:01'),
	(775, 1150, '71', '00:05:31', NULL, NULL, NULL, 0, '2015-08-22 09:15:01', '2015-08-22 09:15:01'),
	(776, 1150, '72', '00:04:20', NULL, NULL, NULL, 0, '2015-08-22 09:15:01', '2015-08-22 09:15:01'),
	(777, 1150, '73', '00:04:08', NULL, NULL, NULL, 0, '2015-08-22 09:15:01', '2015-08-22 09:15:01'),
	(778, 1150, '74', '00:04:28', NULL, NULL, NULL, 0, '2015-08-22 09:15:01', '2015-08-22 09:15:01'),
	(779, 1150, '75', '00:05:47', NULL, NULL, NULL, 0, '2015-08-22 09:15:01', '2015-08-22 09:15:01'),
	(780, 1150, '77', '00:04:35', NULL, NULL, NULL, 0, '2015-08-22 09:15:01', '2015-08-22 09:15:01'),
	(781, 1151, '68', '00:11:06', NULL, NULL, NULL, 0, '2015-08-22 09:30:01', '2015-08-22 09:30:01'),
	(782, 1151, '69', '00:13:18', NULL, NULL, NULL, 0, '2015-08-22 09:30:01', '2015-08-22 09:30:01'),
	(783, 1151, '70', '00:11:51', NULL, NULL, NULL, 0, '2015-08-22 09:30:01', '2015-08-22 09:30:01'),
	(784, 1151, '71', '00:14:22', NULL, NULL, NULL, 0, '2015-08-22 09:30:01', '2015-08-22 09:30:01'),
	(785, 1151, '72', '00:10:06', NULL, NULL, NULL, 0, '2015-08-22 09:30:01', '2015-08-22 09:30:01'),
	(786, 1151, '73', '00:10:49', NULL, NULL, NULL, 0, '2015-08-22 09:30:01', '2015-08-22 09:30:01'),
	(787, 1151, '74', '00:11:14', NULL, NULL, NULL, 0, '2015-08-22 09:30:01', '2015-08-22 09:30:01'),
	(788, 1151, '75', '00:14:43', NULL, NULL, NULL, 0, '2015-08-22 09:30:01', '2015-08-22 09:30:01'),
	(789, 1151, '77', '00:12:06', NULL, NULL, NULL, 0, '2015-08-22 09:30:01', '2015-08-22 09:30:01'),
	(790, 1152, '68', '00:08:58', NULL, NULL, NULL, 0, '2015-08-22 09:45:01', '2015-08-22 09:45:01'),
	(791, 1152, '69', '00:10:40', NULL, NULL, NULL, 0, '2015-08-22 09:45:01', '2015-08-22 09:45:01'),
	(792, 1152, '70', '00:09:05', NULL, NULL, NULL, 0, '2015-08-22 09:45:01', '2015-08-22 09:45:01'),
	(793, 1152, '71', '00:12:14', NULL, NULL, NULL, 0, '2015-08-22 09:45:01', '2015-08-22 09:45:01'),
	(794, 1152, '72', '00:08:08', NULL, NULL, NULL, 0, '2015-08-22 09:45:01', '2015-08-22 09:45:01'),
	(795, 1152, '73', '00:08:04', NULL, NULL, NULL, 0, '2015-08-22 09:45:01', '2015-08-22 09:45:01'),
	(796, 1152, '74', '00:08:43', NULL, NULL, NULL, 0, '2015-08-22 09:45:01', '2015-08-22 09:45:01'),
	(797, 1152, '75', '00:11:36', NULL, NULL, NULL, 0, '2015-08-22 09:45:01', '2015-08-22 09:45:01'),
	(798, 1152, '77', '00:09:00', NULL, NULL, NULL, 0, '2015-08-22 09:45:01', '2015-08-22 09:45:01'),
	(799, 1153, '68', '00:13:22', NULL, NULL, NULL, 0, '2015-08-22 10:00:01', '2015-08-22 10:00:01'),
	(800, 1153, '69', '00:16:12', NULL, NULL, NULL, 0, '2015-08-22 10:00:01', '2015-08-22 10:00:01'),
	(801, 1153, '70', '00:14:22', NULL, NULL, NULL, 0, '2015-08-22 10:00:01', '2015-08-22 10:00:01'),
	(802, 1153, '71', '00:17:40', NULL, NULL, NULL, 0, '2015-08-22 10:00:01', '2015-08-22 10:00:01'),
	(803, 1153, '72', '00:12:50', NULL, NULL, NULL, 0, '2015-08-22 10:00:01', '2015-08-22 10:00:01'),
	(804, 1153, '73', '00:12:08', NULL, NULL, NULL, 0, '2015-08-22 10:00:01', '2015-08-22 10:00:01'),
	(805, 1153, '74', '00:12:57', NULL, NULL, NULL, 0, '2015-08-22 10:00:01', '2015-08-22 10:00:01'),
	(806, 1153, '75', '00:15:59', NULL, NULL, NULL, 0, '2015-08-22 10:00:01', '2015-08-22 10:00:01'),
	(807, 1153, '77', '00:14:05', NULL, NULL, NULL, 0, '2015-08-22 10:00:01', '2015-08-22 10:00:01'),
	(808, 1154, '68', '00:12:37', NULL, NULL, NULL, 0, '2015-08-22 10:15:01', '2015-08-22 10:15:01'),
	(809, 1154, '69', '00:14:38', NULL, NULL, NULL, 0, '2015-08-22 10:15:01', '2015-08-22 10:15:01'),
	(810, 1154, '70', '00:11:48', NULL, NULL, NULL, 0, '2015-08-22 10:15:01', '2015-08-22 10:15:01'),
	(811, 1154, '71', '00:16:47', NULL, NULL, NULL, 0, '2015-08-22 10:15:01', '2015-08-22 10:15:01'),
	(812, 1154, '72', '00:11:46', NULL, NULL, NULL, 0, '2015-08-22 10:15:01', '2015-08-22 10:15:01'),
	(813, 1154, '73', '00:11:53', NULL, NULL, NULL, 0, '2015-08-22 10:15:01', '2015-08-22 10:15:01'),
	(814, 1154, '74', '00:12:27', NULL, NULL, NULL, 0, '2015-08-22 10:15:01', '2015-08-22 10:15:01'),
	(815, 1154, '75', '00:14:57', NULL, NULL, NULL, 0, '2015-08-22 10:15:01', '2015-08-22 10:15:01'),
	(816, 1154, '77', '00:12:18', NULL, NULL, NULL, 0, '2015-08-22 10:15:01', '2015-08-22 10:15:01'),
	(817, 1155, '68', '00:09:06', NULL, NULL, NULL, 0, '2015-08-22 10:30:01', '2015-08-22 10:30:01'),
	(818, 1155, '69', '00:10:50', NULL, NULL, NULL, 0, '2015-08-22 10:30:01', '2015-08-22 10:30:01'),
	(819, 1155, '70', '00:09:15', NULL, NULL, NULL, 0, '2015-08-22 10:30:01', '2015-08-22 10:30:01'),
	(820, 1155, '71', '00:12:08', NULL, NULL, NULL, 0, '2015-08-22 10:30:01', '2015-08-22 10:30:01'),
	(821, 1155, '72', '00:07:52', NULL, NULL, NULL, 0, '2015-08-22 10:30:01', '2015-08-22 10:30:01'),
	(822, 1155, '73', '00:08:23', NULL, NULL, NULL, 0, '2015-08-22 10:30:01', '2015-08-22 10:30:01'),
	(823, 1155, '74', '00:08:37', NULL, NULL, NULL, 0, '2015-08-22 10:30:01', '2015-08-22 10:30:01'),
	(824, 1155, '75', '00:11:28', NULL, NULL, NULL, 0, '2015-08-22 10:30:01', '2015-08-22 10:30:01'),
	(825, 1155, '77', '00:08:53', NULL, NULL, NULL, 0, '2015-08-22 10:30:01', '2015-08-22 10:30:01'),
	(826, 1156, '68', '00:12:27', NULL, NULL, NULL, 0, '2015-08-22 10:45:01', '2015-08-22 10:45:01'),
	(827, 1156, '69', '00:15:03', NULL, NULL, NULL, 0, '2015-08-22 10:45:01', '2015-08-22 10:45:01'),
	(828, 1156, '70', '00:12:47', NULL, NULL, NULL, 0, '2015-08-22 10:45:01', '2015-08-22 10:45:01'),
	(829, 1156, '71', '00:15:33', NULL, NULL, NULL, 0, '2015-08-22 10:45:01', '2015-08-22 10:45:01'),
	(830, 1156, '72', '00:13:37', NULL, 4, NULL, 0, '2015-08-22 10:45:01', '2015-08-22 10:45:01'),
	(831, 1156, '73', '00:11:16', NULL, NULL, NULL, 0, '2015-08-22 10:45:01', '2015-08-22 10:45:01'),
	(832, 1156, '74', '00:12:19', NULL, NULL, NULL, 0, '2015-08-22 10:45:01', '2015-08-22 10:45:01'),
	(833, 1156, '75', '00:15:55', NULL, NULL, NULL, 0, '2015-08-22 10:45:01', '2015-08-22 10:45:01'),
	(834, 1156, '77', '00:11:55', NULL, NULL, NULL, 0, '2015-08-22 10:45:01', '2015-08-22 10:45:01'),
	(835, 1157, '68', '00:05:40', NULL, NULL, NULL, 0, '2015-08-22 11:00:01', '2015-08-22 11:00:01'),
	(836, 1157, '69', '00:06:23', NULL, NULL, NULL, 0, '2015-08-22 11:00:01', '2015-08-22 11:00:01'),
	(837, 1157, '70', '00:05:27', NULL, NULL, NULL, 0, '2015-08-22 11:00:01', '2015-08-22 11:00:01'),
	(838, 1157, '71', '00:07:10', NULL, NULL, NULL, 0, '2015-08-22 11:00:01', '2015-08-22 11:00:01'),
	(839, 1157, '72', '00:04:44', NULL, NULL, NULL, 0, '2015-08-22 11:00:01', '2015-08-22 11:00:01'),
	(840, 1157, '73', '00:05:21', NULL, NULL, NULL, 0, '2015-08-22 11:00:01', '2015-08-22 11:00:01'),
	(841, 1157, '74', '00:05:43', NULL, NULL, NULL, 0, '2015-08-22 11:00:01', '2015-08-22 11:00:01'),
	(842, 1157, '75', '00:06:55', NULL, NULL, NULL, 0, '2015-08-22 11:00:01', '2015-08-22 11:00:01'),
	(843, 1157, '77', '00:05:40', NULL, NULL, NULL, 0, '2015-08-22 11:00:01', '2015-08-22 11:00:01'),
	(844, 1158, '68', '00:07:00', NULL, NULL, NULL, 0, '2015-08-22 11:15:01', '2015-08-22 11:15:01'),
	(845, 1158, '69', '00:08:00', NULL, NULL, NULL, 0, '2015-08-22 11:15:01', '2015-08-22 11:15:01'),
	(846, 1158, '70', '00:06:39', NULL, NULL, NULL, 0, '2015-08-22 11:15:01', '2015-08-22 11:15:01'),
	(847, 1158, '71', '00:08:56', NULL, NULL, NULL, 0, '2015-08-22 11:15:01', '2015-08-22 11:15:01'),
	(848, 1158, '72', '00:06:12', NULL, NULL, NULL, 0, '2015-08-22 11:15:01', '2015-08-22 11:15:01'),
	(849, 1158, '73', '00:06:37', NULL, NULL, NULL, 0, '2015-08-22 11:15:01', '2015-08-22 11:15:01'),
	(850, 1158, '74', '00:06:49', NULL, NULL, NULL, 0, '2015-08-22 11:15:01', '2015-08-22 11:15:01'),
	(851, 1158, '75', '00:08:19', NULL, NULL, NULL, 0, '2015-08-22 11:15:01', '2015-08-22 11:15:01'),
	(852, 1158, '77', '00:06:45', NULL, NULL, NULL, 0, '2015-08-22 11:15:01', '2015-08-22 11:15:01'),
	(853, 1159, '68', '00:17:50', NULL, NULL, NULL, 0, '2015-08-22 11:30:01', '2015-08-22 11:30:01'),
	(854, 1159, '69', '00:20:36', NULL, NULL, NULL, 0, '2015-08-22 11:30:01', '2015-08-22 11:30:01'),
	(855, 1159, '70', '00:17:53', NULL, NULL, NULL, 0, '2015-08-22 11:30:01', '2015-08-22 11:30:01'),
	(856, 1159, '71', '00:22:04', NULL, NULL, NULL, 0, '2015-08-22 11:30:01', '2015-08-22 11:30:01'),
	(857, 1159, '72', '00:16:13', NULL, NULL, NULL, 0, '2015-08-22 11:30:01', '2015-08-22 11:30:01'),
	(858, 1159, '73', '00:16:46', NULL, NULL, NULL, 0, '2015-08-22 11:30:01', '2015-08-22 11:30:01'),
	(859, 1159, '74', '00:18:12', NULL, NULL, NULL, 0, '2015-08-22 11:30:01', '2015-08-22 11:30:01'),
	(860, 1159, '75', '00:22:57', NULL, NULL, NULL, 0, '2015-08-22 11:30:01', '2015-08-22 11:30:01'),
	(861, 1159, '77', '00:18:37', NULL, NULL, NULL, 0, '2015-08-22 11:30:01', '2015-08-22 11:30:01'),
	(862, 1160, '68', '00:06:56', NULL, NULL, NULL, 0, '2015-08-22 11:45:01', '2015-08-22 11:45:01'),
	(863, 1160, '69', '00:08:14', NULL, NULL, NULL, 0, '2015-08-22 11:45:01', '2015-08-22 11:45:01'),
	(864, 1160, '70', '00:06:55', NULL, NULL, NULL, 0, '2015-08-22 11:45:01', '2015-08-22 11:45:01'),
	(865, 1160, '71', '00:08:36', NULL, NULL, NULL, 0, '2015-08-22 11:45:01', '2015-08-22 11:45:01'),
	(866, 1160, '72', '00:06:17', NULL, NULL, NULL, 0, '2015-08-22 11:45:01', '2015-08-22 11:45:01'),
	(867, 1160, '73', '00:06:13', NULL, NULL, NULL, 0, '2015-08-22 11:45:01', '2015-08-22 11:45:01'),
	(868, 1160, '74', '00:06:44', NULL, NULL, NULL, 0, '2015-08-22 11:45:01', '2015-08-22 11:45:01'),
	(869, 1160, '75', '00:08:44', NULL, NULL, NULL, 0, '2015-08-22 11:45:01', '2015-08-22 11:45:01'),
	(870, 1160, '77', '00:06:36', NULL, NULL, NULL, 0, '2015-08-22 11:45:01', '2015-08-22 11:45:01'),
	(871, 1161, '68', '00:19:25', NULL, NULL, NULL, 0, '2015-08-22 12:00:01', '2015-08-22 12:00:01'),
	(872, 1161, '69', '00:22:17', NULL, NULL, NULL, 0, '2015-08-22 12:00:01', '2015-08-22 12:00:01'),
	(873, 1161, '70', '00:19:18', NULL, NULL, NULL, 0, '2015-08-22 12:00:01', '2015-08-22 12:00:01'),
	(874, 1161, '71', '00:26:02', NULL, NULL, NULL, 0, '2015-08-22 12:00:01', '2015-08-22 12:00:01'),
	(875, 1161, '72', '00:17:00', NULL, NULL, NULL, 0, '2015-08-22 12:00:01', '2015-08-22 12:00:01'),
	(876, 1161, '73', '00:17:28', NULL, NULL, NULL, 0, '2015-08-22 12:00:01', '2015-08-22 12:00:01'),
	(877, 1161, '74', '00:17:33', NULL, NULL, NULL, 0, '2015-08-22 12:00:01', '2015-08-22 12:00:01'),
	(878, 1161, '75', '00:22:52', NULL, NULL, NULL, 0, '2015-08-22 12:00:01', '2015-08-22 12:00:01'),
	(879, 1161, '77', '00:20:17', NULL, NULL, NULL, 0, '2015-08-22 12:00:01', '2015-08-22 12:00:01'),
	(880, 1162, '68', '00:01:11', NULL, NULL, NULL, 0, '2015-08-22 12:15:01', '2015-08-22 12:15:01'),
	(881, 1162, '69', '00:01:22', NULL, NULL, NULL, 0, '2015-08-22 12:15:01', '2015-08-22 12:15:01'),
	(882, 1162, '70', '00:01:09', NULL, NULL, NULL, 0, '2015-08-22 12:15:01', '2015-08-22 12:15:01'),
	(883, 1162, '71', '00:01:31', NULL, NULL, NULL, 0, '2015-08-22 12:15:01', '2015-08-22 12:15:01'),
	(884, 1162, '72', '00:01:06', NULL, NULL, NULL, 0, '2015-08-22 12:15:01', '2015-08-22 12:15:01'),
	(885, 1162, '73', '00:01:07', NULL, NULL, NULL, 0, '2015-08-22 12:15:01', '2015-08-22 12:15:01'),
	(886, 1162, '74', '00:01:07', NULL, NULL, NULL, 0, '2015-08-22 12:15:01', '2015-08-22 12:15:01'),
	(887, 1162, '75', '00:01:23', NULL, NULL, NULL, 0, '2015-08-22 12:15:01', '2015-08-22 12:15:01'),
	(888, 1162, '77', '00:01:11', NULL, NULL, NULL, 0, '2015-08-22 12:15:01', '2015-08-22 12:15:01'),
	(889, 1163, '68', '00:01:09', NULL, NULL, NULL, 0, '2015-08-22 12:30:02', '2015-08-22 12:30:02'),
	(890, 1163, '69', '00:01:22', NULL, NULL, NULL, 0, '2015-08-22 12:30:02', '2015-08-22 12:30:02'),
	(891, 1163, '70', '00:01:09', NULL, NULL, NULL, 0, '2015-08-22 12:30:02', '2015-08-22 12:30:02'),
	(892, 1163, '71', '00:01:24', NULL, NULL, NULL, 0, '2015-08-22 12:30:02', '2015-08-22 12:30:02'),
	(893, 1163, '72', '00:01:03', NULL, NULL, NULL, 0, '2015-08-22 12:30:02', '2015-08-22 12:30:02'),
	(894, 1163, '73', '00:01:05', NULL, NULL, NULL, 0, '2015-08-22 12:30:02', '2015-08-22 12:30:02'),
	(895, 1163, '74', '00:01:09', NULL, NULL, NULL, 0, '2015-08-22 12:30:02', '2015-08-22 12:30:02'),
	(896, 1163, '75', '00:01:45', NULL, 4, NULL, 0, '2015-08-22 12:30:02', '2015-08-22 12:30:02'),
	(897, 1163, '77', '00:01:13', NULL, NULL, NULL, 0, '2015-08-22 12:30:02', '2015-08-22 12:30:02');
/*!40000 ALTER TABLE `rally_stage_result` ENABLE KEYS */;


-- Zrzut struktury tabela ral.rally_surface
DROP TABLE IF EXISTS `rally_surface`;
CREATE TABLE IF NOT EXISTS `rally_surface` (
  `id` int(11) NOT NULL AUTO_INCREMENT,
  `rally_id` int(11) DEFAULT NULL,
  `surface` varchar(255) DEFAULT NULL,
  `percentage` float(8,2) DEFAULT NULL,
  `created_at` datetime NOT NULL,
  `updated_at` datetime NOT NULL,
  PRIMARY KEY (`id`),
  KEY `rally_id_idx` (`rally_id`)
) ENGINE=MyISAM AUTO_INCREMENT=206 DEFAULT CHARSET=utf8;

-- Zrzucanie danych dla tabeli ral.rally_surface: 187 rows
DELETE FROM `rally_surface`;
/*!40000 ALTER TABLE `rally_surface` DISABLE KEYS */;
INSERT INTO `rally_surface` (`id`, `rally_id`, `surface`, `percentage`, `created_at`, `updated_at`) VALUES
	(1, 1, 'tarmac', 95.00, '2015-08-08 12:50:19', '2015-08-08 12:50:19'),
	(2, 1, 'gravel', 5.00, '2015-08-08 12:50:19', '2015-08-08 12:50:19'),
	(3, 2, 'snow', 100.00, '2015-08-08 12:56:21', '2015-08-08 12:56:21'),
	(4, 3, 'gravel', 100.00, '2015-08-08 13:01:41', '2015-08-08 13:01:41'),
	(5, 4, 'gravel', 100.00, '2015-08-08 13:05:32', '2015-08-08 13:05:32'),
	(6, 4, 'rain', 20.00, '2015-08-08 13:05:32', '2015-08-08 13:05:32'),
	(7, 5, 'gravel', 95.00, '2015-08-08 13:09:53', '2015-08-08 13:09:53'),
	(8, 5, 'tarmac', 5.00, '2015-08-08 13:09:53', '2015-08-08 13:09:53'),
	(9, 5, 'rain', 15.00, '2015-08-08 13:09:53', '2015-08-08 13:09:53'),
	(10, 6, 'gravel', 93.00, '2015-08-08 14:53:32', '2015-08-08 14:53:32'),
	(11, 6, 'tarmac', 7.00, '2015-08-08 14:53:32', '2015-08-08 14:53:32'),
	(12, 6, 'rain', 20.00, '2015-08-08 14:53:32', '2015-08-08 14:53:32'),
	(13, 7, 'gravel', 63.00, '2015-08-08 14:58:53', '2015-08-08 14:58:53'),
	(14, 7, 'tarmac', 37.00, '2015-08-08 14:58:53', '2015-08-08 14:58:53'),
	(15, 7, 'rain', 31.00, '2015-08-08 14:58:53', '2015-08-08 14:58:53'),
	(16, 8, 'gravel', 79.00, '2015-08-08 17:48:37', '2015-08-08 17:48:37'),
	(17, 8, 'tarmac', 21.00, '2015-08-08 17:48:37', '2015-08-08 17:48:37'),
	(18, 8, 'rain', 7.00, '2015-08-08 17:48:37', '2015-08-08 17:48:37'),
	(19, 9, 'tarmac', 93.00, '2015-08-08 18:06:00', '2015-08-08 18:06:00'),
	(20, 9, 'gravel', 7.00, '2015-08-08 18:06:00', '2015-08-08 18:06:00'),
	(21, 9, 'rain', 5.00, '2015-08-08 18:06:00', '2015-08-08 18:06:00'),
	(22, 10, 'gravel', 100.00, '2015-08-08 18:15:39', '2015-08-08 18:15:39'),
	(23, 11, 'tarmac', 100.00, '2015-08-09 09:08:16', '2015-08-09 09:08:16'),
	(24, 11, 'rain', 5.00, '2015-08-09 09:08:16', '2015-08-09 09:08:16'),
	(25, 12, 'tarmac', 61.00, '2015-08-09 09:29:16', '2015-08-09 09:29:16'),
	(26, 12, 'gravel', 39.00, '2015-08-09 09:29:16', '2015-08-09 09:29:16'),
	(27, 12, 'rain', 11.00, '2015-08-09 09:29:16', '2015-08-09 09:29:16'),
	(28, 13, 'gravel', 93.00, '2015-08-09 09:33:26', '2015-08-09 09:33:26'),
	(29, 13, 'tarmac', 7.00, '2015-08-09 09:33:26', '2015-08-09 09:33:26'),
	(30, 13, 'rain', 56.00, '2015-08-09 09:33:26', '2015-08-09 09:33:26'),
	(31, 14, 'tarmac', 58.00, '2015-08-09 14:43:28', '2015-08-09 14:43:28'),
	(32, 14, 'snow', 42.00, '2015-08-09 14:43:28', '2015-08-09 14:43:28'),
	(33, 14, 'rain', 5.00, '2015-08-09 14:43:28', '2015-08-09 14:43:28'),
	(34, 15, 'gravel', 63.00, '2015-08-09 14:47:06', '2015-08-09 14:47:06'),
	(35, 15, 'snow', 37.00, '2015-08-09 14:47:06', '2015-08-09 14:47:06'),
	(36, 15, 'rain', 11.00, '2015-08-09 14:47:06', '2015-08-09 14:47:06'),
	(37, 16, 'tarmac', 100.00, '2015-08-09 18:29:55', '2015-08-09 18:29:55'),
	(38, 16, 'rain', 35.00, '2015-08-09 18:29:55', '2015-08-09 18:29:55'),
	(39, 17, 'gravel', 88.00, '2015-08-09 18:37:22', '2015-08-09 18:37:22'),
	(40, 17, 'tarmac', 12.00, '2015-08-09 18:37:22', '2015-08-09 18:37:22'),
	(41, 17, 'rain', 3.00, '2015-08-09 18:37:22', '2015-08-09 18:37:22'),
	(42, 18, 'tarmac', 100.00, '2015-08-10 10:35:26', '2015-08-10 10:35:26'),
	(43, 18, 'rain', 15.00, '2015-08-10 10:35:26', '2015-08-10 10:35:26'),
	(58, 26, 'gravel', 100.00, '2015-08-10 10:51:22', '2015-08-10 10:51:22'),
	(59, 26, 'rain', 15.00, '2015-08-10 10:51:22', '2015-08-10 10:51:22'),
	(60, 27, 'tarmac', 100.00, '2015-08-10 10:54:48', '2015-08-10 10:54:48'),
	(61, 27, 'rain', 11.00, '2015-08-10 10:54:48', '2015-08-10 10:54:48'),
	(62, 28, 'gravel', 100.00, '2015-08-10 10:57:37', '2015-08-10 10:57:37'),
	(63, 29, 'gravel', 100.00, '2015-08-10 11:00:38', '2015-08-10 11:00:38'),
	(64, 30, 'tarmac', 100.00, '2015-08-10 11:04:16', '2015-08-10 11:04:16'),
	(65, 30, 'rain', 15.00, '2015-08-10 11:04:16', '2015-08-10 11:04:16'),
	(66, 31, 'snow', 100.00, '2015-08-10 11:11:05', '2015-08-10 11:11:05'),
	(67, 31, 'rain', 5.00, '2015-08-10 11:11:05', '2015-08-10 11:11:05'),
	(68, 32, 'tarmac', 100.00, '2015-08-10 11:14:37', '2015-08-10 11:14:37'),
	(69, 33, 'tarmac', 100.00, '2015-08-10 11:21:17', '2015-08-10 11:21:17'),
	(70, 33, 'rain', 15.00, '2015-08-10 11:21:17', '2015-08-10 11:21:17'),
	(71, 34, 'gravel', 85.00, '2015-08-10 11:25:24', '2015-08-10 11:25:24'),
	(72, 34, 'tarmac', 15.00, '2015-08-10 11:25:24', '2015-08-10 11:25:24'),
	(73, 34, 'rain', 15.00, '2015-08-10 11:25:24', '2015-08-10 11:25:24'),
	(74, 35, 'tarmac', 100.00, '2015-08-10 11:27:51', '2015-08-10 11:27:51'),
	(75, 36, 'tarmac', 100.00, '2015-08-10 11:35:54', '2015-08-10 11:35:54'),
	(76, 36, 'rain', 11.00, '2015-08-10 11:35:54', '2015-08-10 11:35:54'),
	(77, 37, 'snow', 100.00, '2015-08-10 11:58:58', '2015-08-10 11:58:58'),
	(78, 38, 'snow', 85.00, '2015-08-10 12:01:22', '2015-08-10 12:01:22'),
	(79, 38, 'gravel', 15.00, '2015-08-10 12:01:23', '2015-08-10 12:01:23'),
	(80, 38, 'rain', 10.00, '2015-08-10 12:01:23', '2015-08-10 12:01:23'),
	(81, 39, 'snow', 100.00, '2015-08-10 12:04:32', '2015-08-10 12:04:32'),
	(82, 39, 'rain', 11.00, '2015-08-10 12:04:32', '2015-08-10 12:04:32'),
	(83, 40, 'snow', 100.00, '2015-08-10 12:14:12', '2015-08-10 12:14:12'),
	(84, 41, 'snow', 69.00, '2015-08-10 12:16:39', '2015-08-10 12:16:39'),
	(85, 41, 'gravel', 31.00, '2015-08-10 12:16:39', '2015-08-10 12:16:39'),
	(86, 41, 'rain', 5.00, '2015-08-10 12:16:40', '2015-08-10 12:16:40'),
	(87, 42, 'gravel', 61.00, '2015-08-10 12:19:14', '2015-08-10 12:19:14'),
	(88, 42, 'snow', 39.00, '2015-08-10 12:19:14', '2015-08-10 12:19:14'),
	(89, 43, 'snow', 89.00, '2015-08-10 12:45:01', '2015-08-10 12:45:01'),
	(90, 43, 'gravel', 11.00, '2015-08-10 12:45:01', '2015-08-10 12:45:01'),
	(91, 43, 'rain', 15.00, '2015-08-10 12:45:01', '2015-08-10 12:45:01'),
	(92, 44, 'snow', 78.00, '2015-08-10 12:56:06', '2015-08-10 12:56:06'),
	(93, 44, 'gravel', 22.00, '2015-08-10 12:56:06', '2015-08-10 12:56:06'),
	(94, 44, 'rain', 11.00, '2015-08-10 12:56:06', '2015-08-10 12:56:06'),
	(95, 45, 'snow', 100.00, '2015-08-10 13:00:49', '2015-08-10 13:00:49'),
	(96, 46, 'snow', 89.00, '2015-08-10 13:05:04', '2015-08-10 13:05:04'),
	(97, 46, 'gravel', 11.00, '2015-08-10 13:05:04', '2015-08-10 13:05:04'),
	(98, 47, 'snow', 100.00, '2015-08-10 13:16:42', '2015-08-10 13:16:42'),
	(99, 47, 'rain', 33.00, '2015-08-10 13:16:42', '2015-08-10 13:16:42'),
	(100, 48, 'snow', 91.00, '2015-08-10 13:18:36', '2015-08-10 13:18:36'),
	(101, 48, 'gravel', 9.00, '2015-08-10 13:18:36', '2015-08-10 13:18:36'),
	(102, 48, 'rain', 3.00, '2015-08-10 13:18:36', '2015-08-10 13:18:36'),
	(104, 49, 'gravel', 21.00, '2015-08-10 15:12:07', '2015-08-10 15:12:07'),
	(103, 49, 'snow', 79.00, '2015-08-10 15:12:07', '2015-08-10 15:12:07'),
	(106, 50, 'rain', 45.00, '2015-08-10 15:21:49', '2015-08-10 15:21:49'),
	(105, 50, 'snow', 100.00, '2015-08-10 15:21:49', '2015-08-10 15:21:49'),
	(108, 51, 'snow', 11.00, '2015-08-10 15:24:01', '2015-08-10 15:24:01'),
	(107, 51, 'snow', 100.00, '2015-08-10 15:24:01', '2015-08-10 15:24:01'),
	(110, 52, 'gravel', 2.00, '2015-08-10 15:30:10', '2015-08-10 15:30:10'),
	(109, 52, 'tarmac', 98.00, '2015-08-10 15:30:10', '2015-08-10 15:30:10'),
	(112, 53, 'gravel', 42.00, '2015-08-10 15:36:15', '2015-08-10 15:36:15'),
	(111, 53, 'tarmac', 58.00, '2015-08-10 15:36:15', '2015-08-10 15:36:15'),
	(113, 54, 'tarmac', 100.00, '2015-08-10 15:38:49', '2015-08-10 15:38:49'),
	(115, 55, 'gravel', 49.00, '2015-08-10 15:41:57', '2015-08-10 15:41:57'),
	(114, 55, 'tarmac', 51.00, '2015-08-10 15:41:57', '2015-08-10 15:41:57'),
	(116, 56, 'gravel', 100.00, '2015-08-10 15:44:48', '2015-08-10 15:44:48'),
	(117, 57, 'tarmac', 100.00, '2015-08-10 15:48:24', '2015-08-10 15:48:24'),
	(118, 57, 'rain', 28.00, '2015-08-10 15:48:24', '2015-08-10 15:48:24'),
	(119, 58, 'tarmac', 100.00, '2015-08-10 15:50:44', '2015-08-10 15:50:44'),
	(120, 59, 'gravel', 75.00, '2015-08-10 15:54:30', '2015-08-10 15:54:30'),
	(121, 59, 'tarmac', 25.00, '2015-08-10 15:54:30', '2015-08-10 15:54:30'),
	(122, 60, 'tarmac', 100.00, '2015-08-10 16:20:57', '2015-08-10 16:20:57'),
	(123, 60, 'rain', 11.00, '2015-08-10 16:20:57', '2015-08-10 16:20:57'),
	(124, 61, 'tarmac', 100.00, '2015-08-10 16:27:13', '2015-08-10 16:27:13'),
	(125, 62, 'tarmac', 100.00, '2015-08-10 16:29:02', '2015-08-10 16:29:02'),
	(126, 63, 'tarmac', 87.00, '2015-08-10 16:31:41', '2015-08-10 16:31:41'),
	(127, 63, 'gravel', 13.00, '2015-08-10 16:31:41', '2015-08-10 16:31:41'),
	(128, 63, 'rain', 17.00, '2015-08-10 16:31:41', '2015-08-10 16:31:41'),
	(129, 64, 'gravel', 100.00, '2015-08-10 16:38:22', '2015-08-10 16:38:22'),
	(130, 65, 'tarmac', 87.00, '2015-08-10 16:41:16', '2015-08-10 16:41:16'),
	(131, 65, 'gravel', 13.00, '2015-08-10 16:41:16', '2015-08-10 16:41:16'),
	(132, 65, 'rain', 5.00, '2015-08-10 16:41:16', '2015-08-10 16:41:16'),
	(133, 66, 'tarmac', 100.00, '2015-08-10 16:47:23', '2015-08-10 16:47:23'),
	(134, 67, 'gravel', 100.00, '2015-08-10 16:50:08', '2015-08-10 16:50:08'),
	(135, 68, 'gravel', 73.00, '2015-08-10 16:52:25', '2015-08-10 16:52:25'),
	(136, 68, 'tarmac', 27.00, '2015-08-10 16:52:25', '2015-08-10 16:52:25'),
	(137, 68, 'rain', 11.00, '2015-08-10 16:52:25', '2015-08-10 16:52:25'),
	(138, 69, 'tarmac', 100.00, '2015-08-10 16:54:38', '2015-08-10 16:54:38'),
	(139, 69, 'rain', 73.00, '2015-08-10 16:54:38', '2015-08-10 16:54:38'),
	(140, 70, 'gravel', 100.00, '2015-08-10 17:20:46', '2015-08-10 17:20:46'),
	(141, 71, 'gravel', 100.00, '2015-08-10 17:24:19', '2015-08-10 17:24:19'),
	(142, 72, 'tarmac', 61.00, '2015-08-10 17:28:34', '2015-08-10 17:28:34'),
	(143, 72, 'gravel', 39.00, '2015-08-10 17:28:35', '2015-08-10 17:28:35'),
	(144, 72, 'rain', 18.00, '2015-08-10 17:28:35', '2015-08-10 17:28:35'),
	(145, 73, 'tarmac', 100.00, '2015-08-10 17:30:34', '2015-08-10 17:30:34'),
	(146, 74, 'tarmac', 67.00, '2015-08-10 17:47:58', '2015-08-10 17:47:58'),
	(147, 74, 'gravel', 33.00, '2015-08-10 17:47:58', '2015-08-10 17:47:58'),
	(148, 75, 'tarmac', 100.00, '2015-08-11 11:03:43', '2015-08-11 11:03:43'),
	(149, 75, 'rain', 5.00, '2015-08-11 11:03:43', '2015-08-11 11:03:43'),
	(150, 76, 'tarmac', 73.00, '2015-08-11 11:13:27', '2015-08-11 11:13:27'),
	(151, 76, 'gravel', 27.00, '2015-08-11 11:13:27', '2015-08-11 11:13:27'),
	(152, 76, 'rain', 21.00, '2015-08-11 11:13:27', '2015-08-11 11:13:27'),
	(153, 77, 'gravel', 73.00, '2015-08-11 11:24:13', '2015-08-11 11:24:13'),
	(154, 77, 'tarmac', 27.00, '2015-08-11 11:24:13', '2015-08-11 11:24:13'),
	(155, 77, 'rain', 11.00, '2015-08-11 11:24:13', '2015-08-11 11:24:13'),
	(156, 78, 'gravel', 100.00, '2015-08-11 11:38:06', '2015-08-11 11:38:06'),
	(157, 79, 'gravel', 100.00, '2015-08-11 11:57:54', '2015-08-11 11:57:54'),
	(158, 80, 'tarmac', 100.00, '2015-08-13 10:45:13', '2015-08-13 10:45:13'),
	(159, 80, 'rain', 37.08, '2015-08-13 10:45:13', '2015-08-13 10:45:13'),
	(160, 81, 'tarmac', 100.00, '2015-08-13 10:45:13', '2015-08-13 10:45:13'),
	(161, 82, 'snow', 100.00, '2015-08-13 10:45:13', '2015-08-13 10:45:13'),
	(162, 82, 'rain', 31.67, '2015-08-13 10:45:13', '2015-08-13 10:45:13'),
	(163, 83, 'gravel', 100.00, '2015-08-13 10:45:13', '2015-08-13 10:45:13'),
	(164, 84, 'snow', 100.00, '2015-08-13 10:45:13', '2015-08-13 10:45:13'),
	(165, 84, 'rain', 57.23, '2015-08-13 10:45:13', '2015-08-13 10:45:13'),
	(166, 85, 'gravel', 75.03, '2015-08-13 10:45:13', '2015-08-13 10:45:13'),
	(167, 85, 'snow', 24.97, '2015-08-13 10:45:13', '2015-08-13 10:45:13'),
	(168, 85, 'rain', 53.30, '2015-08-13 10:45:13', '2015-08-13 10:45:13'),
	(169, 86, 'tarmac', 82.12, '2015-08-13 10:45:13', '2015-08-13 10:45:13'),
	(170, 86, 'gravel', 17.88, '2015-08-13 10:45:13', '2015-08-13 10:45:13'),
	(171, 87, 'snow', 100.00, '2015-08-13 10:45:13', '2015-08-13 10:45:13'),
	(172, 87, 'rain', 41.42, '2015-08-13 10:45:13', '2015-08-13 10:45:13'),
	(173, 88, 'gravel', 40.46, '2015-08-13 10:45:13', '2015-08-13 10:45:13'),
	(174, 88, 'snow', 59.54, '2015-08-13 10:45:13', '2015-08-13 10:45:13'),
	(175, 88, 'rain', 60.35, '2015-08-13 10:45:13', '2015-08-13 10:45:13'),
	(176, 89, 'gravel', 100.00, '2015-08-13 10:45:13', '2015-08-13 10:45:13'),
	(177, 90, 'gravel', 100.00, '2015-08-13 10:45:13', '2015-08-13 10:45:13'),
	(178, 91, 'tarmac', 100.00, '2015-08-13 10:45:13', '2015-08-13 10:45:13'),
	(179, 92, 'tarmac', 88.58, '2015-08-13 10:45:13', '2015-08-13 10:45:13'),
	(180, 92, 'gravel', 11.42, '2015-08-13 10:45:13', '2015-08-13 10:45:13'),
	(181, 92, 'rain', 35.43, '2015-08-13 10:45:13', '2015-08-13 10:45:13'),
	(182, 93, 'gravel', 100.00, '2015-08-13 10:45:13', '2015-08-13 10:45:13'),
	(183, 93, 'rain', 47.45, '2015-08-13 10:45:13', '2015-08-13 10:45:13'),
	(184, 94, 'gravel', 44.41, '2015-08-13 10:45:13', '2015-08-13 10:45:13'),
	(185, 94, 'snow', 55.59, '2015-08-13 10:45:13', '2015-08-13 10:45:13'),
	(186, 94, 'rain', 66.30, '2015-08-13 10:45:13', '2015-08-13 10:45:13'),
	(187, 95, 'tarmac', 25.55, '2015-08-13 10:45:13', '2015-08-13 10:45:13'),
	(188, 95, 'snow', 74.45, '2015-08-13 10:45:13', '2015-08-13 10:45:13'),
	(189, 96, 'snow', 100.00, '2015-08-13 10:45:13', '2015-08-13 10:45:13'),
	(190, 97, 'tarmac', 59.94, '2015-08-13 10:45:13', '2015-08-13 10:45:13'),
	(191, 97, 'snow', 40.06, '2015-08-13 10:45:13', '2015-08-13 10:45:13'),
	(192, 98, 'snow', 100.00, '2015-08-13 10:45:13', '2015-08-13 10:45:13'),
	(193, 99, 'tarmac', 100.00, '2015-08-13 10:45:13', '2015-08-13 10:45:13'),
	(194, 99, 'rain', 15.33, '2015-08-13 10:45:13', '2015-08-13 10:45:13'),
	(195, 100, 'gravel', 100.00, '2015-08-13 10:45:13', '2015-08-13 10:45:13'),
	(196, 101, 'tarmac', 21.07, '2015-08-13 10:45:13', '2015-08-13 10:45:13'),
	(197, 101, 'gravel', 78.93, '2015-08-13 10:45:13', '2015-08-13 10:45:13'),
	(198, 101, 'rain', 49.81, '2015-08-13 10:45:13', '2015-08-13 10:45:13'),
	(199, 102, 'snow', 100.00, '2015-08-13 10:45:13', '2015-08-13 10:45:13'),
	(200, 102, 'rain', 27.54, '2015-08-13 10:45:13', '2015-08-13 10:45:13'),
	(201, 103, 'tarmac', 100.00, '2015-08-13 10:45:13', '2015-08-13 10:45:13');
/*!40000 ALTER TABLE `rally_surface` ENABLE KEYS */;


-- Zrzut struktury tabela ral.team_finance
DROP TABLE IF EXISTS `team_finance`;
CREATE TABLE IF NOT EXISTS `team_finance` (
  `id` int(11) NOT NULL AUTO_INCREMENT,
  `team_id` int(11) DEFAULT NULL,
  `amount` int(11) DEFAULT NULL,
  `description` varchar(255) DEFAULT NULL,
  `save_date` datetime DEFAULT NULL,
  `income` tinyint(1) DEFAULT '0',
  `detailed_type` int(11) DEFAULT NULL,
  `created_at` datetime NOT NULL,
  `updated_at` datetime NOT NULL,
  `deleted_at` datetime DEFAULT NULL,
  PRIMARY KEY (`id`),
  KEY `team_id_idx` (`team_id`)
) ENGINE=MyISAM AUTO_INCREMENT=293 DEFAULT CHARSET=utf8;

-- Zrzucanie danych dla tabeli ral.team_finance: 211 rows
DELETE FROM `team_finance`;
/*!40000 ALTER TABLE `team_finance` DISABLE KEYS */;
INSERT INTO `team_finance` (`id`, `team_id`, `amount`, `description`, `save_date`, `income`, `detailed_type`, `created_at`, `updated_at`, `deleted_at`) VALUES
	(1, 1, 50000, 'Initial FastRally bonus', '2015-08-04 16:27:18', 1, 8, '2015-08-04 16:27:18', '2015-08-04 16:27:18', NULL),
	(2, 2, 50000, 'Initial FastRally bonus', '2015-08-04 16:27:18', 1, 8, '2015-08-04 16:27:18', '2015-08-04 16:27:18', NULL),
	(3, 3, 50000, 'Initial FastRally bonus', '2015-08-05 16:27:18', 1, 8, '2015-08-04 16:27:18', '2015-08-04 16:27:18', NULL),
	(4, 4, 50000, 'Initial FastRally bonus', '2015-07-26 16:27:18', 1, 8, '2015-08-04 16:27:18', '2015-08-04 16:27:18', NULL),
	(5, 5, 50000, 'Initial FastRally bonus', '2015-08-04 16:27:18', 1, 8, '2015-08-04 16:27:18', '2015-08-04 16:27:18', NULL),
	(6, 6, 50000, 'Initial FastRally bonus', '2015-08-04 16:27:18', 1, 8, '2015-08-04 16:27:18', '2015-08-04 16:27:18', NULL),
	(7, 7, 50000, 'Initial FastRally bonus', '2015-08-04 16:27:18', 1, 8, '2015-08-04 16:27:18', '2015-08-04 16:27:18', NULL),
	(8, 8, 50000, 'Initial FastRally bonus', '2015-08-04 16:27:19', 1, 8, '2015-08-04 16:27:19', '2015-08-04 16:27:19', NULL),
	(9, 9, 50000, 'Initial FastRally bonus', '2015-08-04 16:27:19', 1, 8, '2015-08-04 16:27:19', '2015-08-04 16:27:19', NULL),
	(10, 10, 50000, 'Initial FastRally bonus', '2015-08-04 16:27:19', 1, 8, '2015-08-04 16:27:19', '2015-08-04 16:27:19', NULL),
	(11, 11, 50000, 'Initial FastRally bonus', '2015-08-04 16:27:19', 1, 8, '2015-08-04 16:27:19', '2015-08-04 16:27:19', NULL),
	(12, 12, 50000, 'Initial FastRally bonus', '2015-08-04 16:27:19', 1, 8, '2015-08-04 16:27:19', '2015-08-04 16:27:19', NULL),
	(13, 13, 50000, 'Initial FastRally bonus', '2015-08-04 16:27:19', 1, 8, '2015-08-04 16:27:19', '2015-08-04 16:27:19', NULL),
	(14, 14, 50000, 'Initial FastRally bonus', '2015-08-04 16:27:19', 1, 8, '2015-08-04 16:27:19', '2015-08-04 16:27:19', NULL),
	(15, 15, 50000, 'Initial FastRally bonus', '2015-08-04 16:27:19', 1, 8, '2015-08-04 16:27:19', '2015-08-04 16:27:19', NULL),
	(16, 16, 50000, 'Initial FastRally bonus', '2015-08-04 17:01:16', 1, 8, '2015-08-04 17:01:16', '2015-08-04 17:01:16', NULL),
	(17, 17, 50000, 'Initial FastRally bonus', '2015-08-04 17:18:34', 1, 8, '2015-08-04 17:18:34', '2015-08-04 17:18:34', NULL),
	(18, 14, 5000, 'Putting player Seb Exum on transfer list', '2015-08-05 10:08:36', 0, 6, '2015-08-05 10:08:36', '2015-08-05 10:08:36', NULL),
	(19, 14, 150, 'Putting player James Kowalski on transfer list', '2015-08-05 10:08:47', 0, 6, '2015-08-05 10:08:47', '2015-08-05 10:08:47', NULL),
	(20, 13, 150, 'Putting player Andrew House on transfer list', '2015-08-05 10:12:49', 0, 6, '2015-08-05 10:12:49', '2015-08-05 10:12:49', NULL),
	(21, 13, 550, 'Arrival of player James Kowalski', '2015-08-05 10:56:28', 0, 6, '2015-08-05 10:56:28', '2015-08-05 10:56:28', NULL),
	(22, 14, 550, 'Sell of player James Kowalski', '2015-08-05 10:56:28', 1, 3, '2015-08-05 10:56:28', '2015-08-05 10:56:28', NULL),
	(23, 3, 804, 'Arrival of player James Kowalski', '2015-08-05 11:00:58', 0, 6, '2015-08-05 11:00:58', '2015-08-05 11:00:58', NULL),
	(24, 14, 804, 'Sell of player James Kowalski', '2015-08-05 11:00:58', 1, 3, '2015-08-05 11:00:58', '2015-08-05 11:00:58', NULL),
	(25, 1, 150, 'Putting car Mitsubishi Lancer Pro Evo X #5664 on market', '2015-08-05 11:04:21', 0, 6, '2015-08-05 11:04:21', '2015-08-05 11:04:21', NULL),
	(26, 11, 150, 'Putting car Mitsubishi Lancer Pro Evo X #21409 on market', '2015-08-05 11:14:34', 0, 6, '2015-08-05 11:14:34', '2015-08-05 11:14:34', NULL),
	(27, 3, 2655, 'Arrival of car Mitsubishi Lancer Pro Evo X #5664', '2015-08-05 11:25:26', 0, 6, '2015-08-05 11:25:26', '2015-08-05 11:25:26', NULL),
	(28, 1, 2655, 'Sell of player Mitsubishi Lancer Pro Evo X #5664', '2015-08-05 11:25:26', 1, 3, '2015-08-05 11:25:26', '2015-08-05 11:25:26', NULL),
	(29, 3, 2655, 'Arrival of car Mitsubishi Lancer Pro Evo X #5664', '2015-08-05 11:26:03', 0, 6, '2015-08-05 11:26:03', '2015-08-05 11:26:03', NULL),
	(30, 1, 2655, 'Sell of player Mitsubishi Lancer Pro Evo X #5664', '2015-08-05 11:26:03', 1, 3, '2015-08-05 11:26:03', '2015-08-05 11:26:03', NULL),
	(31, 8, 150, 'Putting car Fiat punto #17685 on market', '2015-08-05 11:34:48', 0, 6, '2015-08-05 11:34:48', '2015-08-05 11:34:48', NULL),
	(32, 3, 2, 'Bought car Fiat punto #17685', '2015-08-05 11:42:32', 0, 6, '2015-08-05 11:42:32', '2015-08-05 11:42:32', NULL),
	(33, 8, 2, 'Sold car Fiat punto #17685', '2015-08-05 11:42:32', 1, 3, '2015-08-05 11:42:32', '2015-08-05 11:42:32', NULL),
	(34, 6, 150, 'Putting car Auto 4 #21735 on market', '2015-08-05 11:45:36', 0, 6, '2015-08-05 11:45:36', '2015-08-05 11:45:36', NULL),
	(35, 15, 150, 'Putting car Auto 4 #1357 on market', '2015-08-05 11:53:19', 0, 6, '2015-08-05 11:53:19', '2015-08-05 11:53:19', NULL),
	(36, 13, 46300, 'Car Subaru Impreza 2.0 P1 was bought', '2015-08-05 12:20:13', 0, 7, '2015-08-05 12:20:13', '2015-08-05 12:20:13', NULL),
	(37, 18, 50000, 'Initial FastRally bonus', '2015-08-05 16:00:53', 1, 8, '2015-08-05 16:00:53', '2015-08-05 16:00:53', NULL),
	(38, 1, 11000, 'Car Proton Satria Neo Sport was bought', '2015-08-11 17:27:28', 0, 7, '2015-08-11 17:27:28', '2015-08-11 17:27:28', NULL),
	(39, 6, 25000, 'Car Alfa Romeo Junior was bought', '2015-08-11 17:33:15', 0, 7, '2015-08-11 17:33:15', '2015-08-11 17:33:15', NULL),
	(40, 8, 34000, 'Car Renault Clio III was bought', '2015-08-11 17:39:28', 0, 7, '2015-08-11 17:39:28', '2015-08-11 17:39:28', NULL),
	(41, 13, 2195, 'Bought car Mitsubishi Lancer Evo IX GT340 #5', '2015-08-12 02:20:01', 0, 6, '2015-08-12 02:20:01', '2015-08-12 02:20:01', NULL),
	(42, 6, 2195, 'Sold car Mitsubishi Lancer Evo IX GT340 #5', '2015-08-12 02:20:01', 1, 3, '2015-08-12 02:20:01', '2015-08-12 02:20:01', NULL),
	(43, 1, 55440, 'For 1st place in rally Rally Monte Carlo', '2015-08-12 13:45:02', 1, 1, '2015-08-12 13:45:02', '2015-08-12 13:45:02', NULL),
	(44, 8, 38640, 'For 2nd place in rally Rally Monte Carlo', '2015-08-12 13:45:02', 1, 1, '2015-08-12 13:45:02', '2015-08-12 13:45:02', NULL),
	(45, 11, 23520, 'For 3rd place in rally Rally Monte Carlo', '2015-08-12 13:45:02', 1, 1, '2015-08-12 13:45:02', '2015-08-12 13:45:02', NULL),
	(46, 10, 13440, 'For 4th place in rally Rally Monte Carlo', '2015-08-12 13:45:02', 1, 1, '2015-08-12 13:45:02', '2015-08-12 13:45:02', NULL),
	(47, 2, 11760, 'For 5th place in rally Rally Monte Carlo', '2015-08-12 13:45:02', 1, 1, '2015-08-12 13:45:02', '2015-08-12 13:45:02', NULL),
	(48, 6, 10080, 'For 6th place in rally Rally Monte Carlo', '2015-08-12 13:45:02', 1, 1, '2015-08-12 13:45:02', '2015-08-12 13:45:02', NULL),
	(49, 3, 8400, 'For 7th place in rally Rally Monte Carlo', '2015-08-12 13:45:02', 1, 1, '2015-08-12 13:45:02', '2015-08-12 13:45:02', NULL),
	(50, 9, 6720, 'For 8th place in rally Rally Monte Carlo', '2015-08-12 13:45:02', 1, 1, '2015-08-12 13:45:02', '2015-08-12 13:45:02', NULL),
	(51, 7, 54780, 'For 1st place in rally Rally de Curitiba', '2015-08-14 13:45:01', 1, 1, '2015-08-14 13:45:01', '2015-08-14 13:45:01', NULL),
	(52, 4, 38180, 'For 2nd place in rally Rally de Curitiba', '2015-08-14 13:45:01', 1, 1, '2015-08-14 13:45:01', '2015-08-14 13:45:01', NULL),
	(53, 10, 23240, 'For 3rd place in rally Rally de Curitiba', '2015-08-14 13:45:01', 1, 1, '2015-08-14 13:45:01', '2015-08-14 13:45:01', NULL),
	(54, 12, 13280, 'For 4th place in rally Rally de Curitiba', '2015-08-14 13:45:01', 1, 1, '2015-08-14 13:45:01', '2015-08-14 13:45:01', NULL),
	(55, 11, 11620, 'For 5th place in rally Rally de Curitiba', '2015-08-14 13:45:01', 1, 1, '2015-08-14 13:45:01', '2015-08-14 13:45:01', NULL),
	(56, 9, 9960, 'For 6th place in rally Rally de Curitiba', '2015-08-14 13:45:01', 1, 1, '2015-08-14 13:45:01', '2015-08-14 13:45:01', NULL),
	(57, 2, 8300, 'For 7th place in rally Rally de Curitiba', '2015-08-14 13:45:01', 1, 1, '2015-08-14 13:45:01', '2015-08-14 13:45:01', NULL),
	(58, 5, 6640, 'For 8th place in rally Rally de Curitiba', '2015-08-14 13:45:01', 1, 1, '2015-08-14 13:45:01', '2015-08-14 13:45:01', NULL),
	(59, 11, 54780, 'For 1st place in rally Rally Presov', '2015-08-15 13:30:01', 1, 1, '2015-08-15 13:30:01', '2015-08-15 13:30:01', NULL),
	(60, 7, 38180, 'For 2nd place in rally Rally Presov', '2015-08-15 13:30:01', 1, 1, '2015-08-15 13:30:01', '2015-08-15 13:30:01', NULL),
	(61, 2, 23240, 'For 3rd place in rally Rally Presov', '2015-08-15 13:30:01', 1, 1, '2015-08-15 13:30:01', '2015-08-15 13:30:01', NULL),
	(62, 10, 13280, 'For 4th place in rally Rally Presov', '2015-08-15 13:30:01', 1, 1, '2015-08-15 13:30:01', '2015-08-15 13:30:01', NULL),
	(63, 3, 11620, 'For 5th place in rally Rally Presov', '2015-08-15 13:30:01', 1, 1, '2015-08-15 13:30:01', '2015-08-15 13:30:01', NULL),
	(64, 3, 9960, 'For 6th place in rally Rally Presov', '2015-08-15 13:30:01', 1, 1, '2015-08-15 13:30:01', '2015-08-15 13:30:01', NULL),
	(65, 9, 8300, 'For 7th place in rally Rally Presov', '2015-08-15 13:30:01', 1, 1, '2015-08-15 13:30:01', '2015-08-15 13:30:01', NULL),
	(66, 5, 6640, 'For 8th place in rally Rally Presov', '2015-08-15 13:30:01', 1, 1, '2015-08-15 13:30:01', '2015-08-15 13:30:01', NULL),
	(67, 4, 54780, 'For 1st place in rally Rally Sweden', '2015-08-17 13:45:00', 1, 1, '2015-08-17 13:45:00', '2015-08-17 13:45:00', NULL),
	(68, 10, 38180, 'For 2nd place in rally Rally Sweden', '2015-08-17 13:45:00', 1, 1, '2015-08-17 13:45:00', '2015-08-17 13:45:00', NULL),
	(69, 3, 23240, 'For 3rd place in rally Rally Sweden', '2015-08-17 13:45:00', 1, 1, '2015-08-17 13:45:00', '2015-08-17 13:45:00', NULL),
	(70, 7, 13280, 'For 4th place in rally Rally Sweden', '2015-08-17 13:45:00', 1, 1, '2015-08-17 13:45:00', '2015-08-17 13:45:00', NULL),
	(71, 11, 11620, 'For 5th place in rally Rally Sweden', '2015-08-17 13:45:00', 1, 1, '2015-08-17 13:45:00', '2015-08-17 13:45:00', NULL),
	(72, 5, 9960, 'For 6th place in rally Rally Sweden', '2015-08-17 13:45:00', 1, 1, '2015-08-17 13:45:00', '2015-08-17 13:45:00', NULL),
	(73, 12, 8300, 'For 7th place in rally Rally Sweden', '2015-08-17 13:45:00', 1, 1, '2015-08-17 13:45:00', '2015-08-17 13:45:00', NULL),
	(74, 2, 6640, 'For 8th place in rally Rally Sweden', '2015-08-17 13:45:00', 1, 1, '2015-08-17 13:45:00', '2015-08-17 13:45:00', NULL),
	(75, 1, 2506, 'Player salaries calculated on 2015-08-18', '2015-08-18 10:18:02', 0, 4, '2015-08-18 10:18:02', '2015-08-18 10:18:02', NULL),
	(76, 1, 1650, 'Cars upkeed calculated on 2015-08-18', '2015-08-18 10:18:02', 0, 5, '2015-08-18 10:18:02', '2015-08-18 10:18:02', NULL),
	(77, 2, 2439, 'Player salaries calculated on 2015-08-18', '2015-08-18 10:18:02', 0, 4, '2015-08-18 10:18:02', '2015-08-18 10:18:02', NULL),
	(78, 2, 19050, 'Cars upkeed calculated on 2015-08-18', '2015-08-18 10:18:02', 0, 5, '2015-08-18 10:18:02', '2015-08-18 10:18:02', NULL),
	(79, 3, 4902, 'Player salaries calculated on 2015-08-18', '2015-08-18 10:18:02', 0, 4, '2015-08-18 10:18:02', '2015-08-18 10:18:02', NULL),
	(80, 3, 54360, 'Cars upkeed calculated on 2015-08-18', '2015-08-18 10:18:02', 0, 5, '2015-08-18 10:18:02', '2015-08-18 10:18:02', NULL),
	(81, 3, 5000, 'Money from Goal.com received on 2015-08-18', '2015-08-18 10:18:02', 1, 2, '2015-08-18 10:18:02', '2015-08-18 10:18:02', NULL),
	(82, 4, 2466, 'Player salaries calculated on 2015-08-18', '2015-08-18 10:18:02', 0, 4, '2015-08-18 10:18:02', '2015-08-18 10:18:02', NULL),
	(83, 4, 17250, 'Cars upkeed calculated on 2015-08-18', '2015-08-18 10:18:02', 0, 5, '2015-08-18 10:18:02', '2015-08-18 10:18:02', NULL),
	(84, 5, 2461, 'Player salaries calculated on 2015-08-18', '2015-08-18 10:18:02', 0, 4, '2015-08-18 10:18:02', '2015-08-18 10:18:02', NULL),
	(85, 5, 19950, 'Cars upkeed calculated on 2015-08-18', '2015-08-18 10:18:02', 0, 5, '2015-08-18 10:18:02', '2015-08-18 10:18:02', NULL),
	(86, 6, 2417, 'Player salaries calculated on 2015-08-18', '2015-08-18 10:18:02', 0, 4, '2015-08-18 10:18:02', '2015-08-18 10:18:02', NULL),
	(87, 6, 3750, 'Cars upkeed calculated on 2015-08-18', '2015-08-18 10:18:02', 0, 5, '2015-08-18 10:18:02', '2015-08-18 10:18:02', NULL),
	(88, 7, 2490, 'Player salaries calculated on 2015-08-18', '2015-08-18 10:18:02', 0, 4, '2015-08-18 10:18:02', '2015-08-18 10:18:02', NULL),
	(89, 7, 19050, 'Cars upkeed calculated on 2015-08-18', '2015-08-18 10:18:02', 0, 5, '2015-08-18 10:18:02', '2015-08-18 10:18:02', NULL),
	(90, 8, 2467, 'Player salaries calculated on 2015-08-18', '2015-08-18 10:18:02', 0, 4, '2015-08-18 10:18:02', '2015-08-18 10:18:02', NULL),
	(91, 8, 5100, 'Cars upkeed calculated on 2015-08-18', '2015-08-18 10:18:02', 0, 5, '2015-08-18 10:18:02', '2015-08-18 10:18:02', NULL),
	(92, 9, 2552, 'Player salaries calculated on 2015-08-18', '2015-08-18 10:18:02', 0, 4, '2015-08-18 10:18:02', '2015-08-18 10:18:02', NULL),
	(93, 9, 17250, 'Cars upkeed calculated on 2015-08-18', '2015-08-18 10:18:02', 0, 5, '2015-08-18 10:18:02', '2015-08-18 10:18:02', NULL),
	(94, 10, 2509, 'Player salaries calculated on 2015-08-18', '2015-08-18 10:18:02', 0, 4, '2015-08-18 10:18:02', '2015-08-18 10:18:02', NULL),
	(95, 10, 19950, 'Cars upkeed calculated on 2015-08-18', '2015-08-18 10:18:02', 0, 5, '2015-08-18 10:18:02', '2015-08-18 10:18:02', NULL),
	(96, 11, 2249, 'Player salaries calculated on 2015-08-18', '2015-08-18 10:18:02', 0, 4, '2015-08-18 10:18:02', '2015-08-18 10:18:02', NULL),
	(97, 11, 18450, 'Cars upkeed calculated on 2015-08-18', '2015-08-18 10:18:02', 0, 5, '2015-08-18 10:18:02', '2015-08-18 10:18:02', NULL),
	(98, 12, 2421, 'Player salaries calculated on 2015-08-18', '2015-08-18 10:18:02', 0, 4, '2015-08-18 10:18:02', '2015-08-18 10:18:02', NULL),
	(99, 12, 19050, 'Cars upkeed calculated on 2015-08-18', '2015-08-18 10:18:02', 0, 5, '2015-08-18 10:18:02', '2015-08-18 10:18:02', NULL),
	(100, 13, 2412, 'Player salaries calculated on 2015-08-18', '2015-08-18 10:18:02', 0, 4, '2015-08-18 10:18:02', '2015-08-18 10:18:02', NULL),
	(101, 13, 54360, 'Cars upkeed calculated on 2015-08-18', '2015-08-18 10:18:02', 0, 5, '2015-08-18 10:18:02', '2015-08-18 10:18:02', NULL),
	(102, 14, 1651, 'Player salaries calculated on 2015-08-18', '2015-08-18 10:18:02', 0, 4, '2015-08-18 10:18:02', '2015-08-18 10:18:02', NULL),
	(103, 14, 17250, 'Cars upkeed calculated on 2015-08-18', '2015-08-18 10:18:02', 0, 5, '2015-08-18 10:18:02', '2015-08-18 10:18:02', NULL),
	(104, 15, 2471, 'Player salaries calculated on 2015-08-18', '2015-08-18 10:18:02', 0, 4, '2015-08-18 10:18:02', '2015-08-18 10:18:02', NULL),
	(105, 15, 19950, 'Cars upkeed calculated on 2015-08-18', '2015-08-18 10:18:02', 0, 5, '2015-08-18 10:18:02', '2015-08-18 10:18:02', NULL),
	(106, 16, 838, 'Player salaries calculated on 2015-08-18', '2015-08-18 10:18:02', 0, 4, '2015-08-18 10:18:02', '2015-08-18 10:18:02', NULL),
	(107, 16, 18450, 'Cars upkeed calculated on 2015-08-18', '2015-08-18 10:18:02', 0, 5, '2015-08-18 10:18:02', '2015-08-18 10:18:02', NULL),
	(108, 17, 2434, 'Player salaries calculated on 2015-08-18', '2015-08-18 10:18:02', 0, 4, '2015-08-18 10:18:02', '2015-08-18 10:18:02', NULL),
	(109, 17, 19050, 'Cars upkeed calculated on 2015-08-18', '2015-08-18 10:18:02', 0, 5, '2015-08-18 10:18:02', '2015-08-18 10:18:02', NULL),
	(110, 17, 5000, 'Money from City Network received on 2015-08-18', '2015-08-18 10:18:02', 1, 2, '2015-08-18 10:18:02', '2015-08-18 10:18:02', NULL),
	(111, 18, 2587, 'Player salaries calculated on 2015-08-18', '2015-08-18 10:18:02', 0, 4, '2015-08-18 10:18:02', '2015-08-18 10:18:02', NULL),
	(112, 18, 17250, 'Cars upkeed calculated on 2015-08-18', '2015-08-18 10:18:02', 0, 5, '2015-08-18 10:18:02', '2015-08-18 10:18:02', NULL),
	(113, 1, 2506, 'Player salaries ', '2015-08-23 03:00:01', 0, 4, '2015-08-23 03:00:01', '2015-08-23 03:00:01', NULL),
	(114, 1, 1650, 'Cars upkeep', '2015-08-23 03:00:01', 0, 5, '2015-08-23 03:00:01', '2015-08-23 03:00:01', NULL),
	(115, 2, 2439, 'Player salaries ', '2015-08-23 03:00:01', 0, 4, '2015-08-23 03:00:01', '2015-08-23 03:00:01', NULL),
	(116, 2, 19050, 'Cars upkeep', '2015-08-23 03:00:01', 0, 5, '2015-08-23 03:00:01', '2015-08-23 03:00:01', NULL),
	(117, 3, 4902, 'Player salaries ', '2015-08-23 03:00:01', 0, 4, '2015-08-23 03:00:01', '2015-08-23 03:00:01', NULL),
	(118, 3, 54360, 'Cars upkeep', '2015-08-23 03:00:01', 0, 5, '2015-08-23 03:00:01', '2015-08-23 03:00:01', NULL),
	(119, 3, 5000, 'Money from Goal.com received on 2015-08-23', '2015-08-23 03:00:01', 1, 2, '2015-08-23 03:00:01', '2015-08-23 03:00:01', NULL),
	(120, 4, 2466, 'Player salaries ', '2015-08-23 03:00:01', 0, 4, '2015-08-23 03:00:01', '2015-08-23 03:00:01', NULL),
	(121, 4, 22365, 'Cars upkeep', '2015-08-23 03:00:01', 0, 5, '2015-08-23 03:00:01', '2015-08-23 03:00:01', NULL),
	(122, 5, 2461, 'Player salaries ', '2015-08-23 03:00:01', 0, 4, '2015-08-23 03:00:01', '2015-08-23 03:00:01', NULL),
	(123, 5, 19950, 'Cars upkeep', '2015-08-23 03:00:01', 0, 5, '2015-08-23 03:00:01', '2015-08-23 03:00:01', NULL),
	(124, 6, 2417, 'Player salaries ', '2015-08-23 03:00:01', 0, 4, '2015-08-23 03:00:01', '2015-08-23 03:00:01', NULL),
	(125, 6, 3750, 'Cars upkeep', '2015-08-23 03:00:01', 0, 5, '2015-08-23 03:00:01', '2015-08-23 03:00:01', NULL),
	(126, 7, 2490, 'Player salaries ', '2015-08-23 03:00:01', 0, 4, '2015-08-23 03:00:01', '2015-08-23 03:00:01', NULL),
	(127, 7, 19050, 'Cars upkeep', '2015-08-23 03:00:02', 0, 5, '2015-08-23 03:00:02', '2015-08-23 03:00:02', NULL),
	(128, 8, 2467, 'Player salaries ', '2015-08-23 03:00:02', 0, 4, '2015-08-23 03:00:02', '2015-08-23 03:00:02', NULL),
	(129, 8, 5100, 'Cars upkeep', '2015-08-23 03:00:02', 0, 5, '2015-08-23 03:00:02', '2015-08-23 03:00:02', NULL),
	(130, 9, 2552, 'Player salaries ', '2015-08-23 03:00:02', 0, 4, '2015-08-23 03:00:02', '2015-08-23 03:00:02', NULL),
	(131, 9, 17250, 'Cars upkeep', '2015-08-23 03:00:02', 0, 5, '2015-08-23 03:00:02', '2015-08-23 03:00:02', NULL),
	(132, 10, 2509, 'Player salaries ', '2015-08-23 03:00:02', 0, 4, '2015-08-23 03:00:02', '2015-08-23 03:00:02', NULL),
	(133, 10, 19950, 'Cars upkeep', '2015-08-23 03:00:02', 0, 5, '2015-08-23 03:00:02', '2015-08-23 03:00:02', NULL),
	(134, 11, 2249, 'Player salaries ', '2015-08-23 03:00:02', 0, 4, '2015-08-23 03:00:02', '2015-08-23 03:00:02', NULL),
	(135, 11, 18450, 'Cars upkeep', '2015-08-23 03:00:02', 0, 5, '2015-08-23 03:00:02', '2015-08-23 03:00:02', NULL),
	(136, 12, 2421, 'Player salaries ', '2015-08-23 03:00:02', 0, 4, '2015-08-23 03:00:02', '2015-08-23 03:00:02', NULL),
	(137, 12, 19050, 'Cars upkeep', '2015-08-23 03:00:02', 0, 5, '2015-08-23 03:00:02', '2015-08-23 03:00:02', NULL),
	(138, 13, 2412, 'Player salaries ', '2015-08-23 03:00:02', 0, 4, '2015-08-23 03:00:02', '2015-08-23 03:00:02', NULL),
	(139, 13, 54360, 'Cars upkeep', '2015-08-23 03:00:02', 0, 5, '2015-08-23 03:00:02', '2015-08-23 03:00:02', NULL),
	(140, 14, 1651, 'Player salaries ', '2015-08-23 03:00:02', 0, 4, '2015-08-23 03:00:02', '2015-08-23 03:00:02', NULL),
	(141, 14, 17250, 'Cars upkeep', '2015-08-23 03:00:02', 0, 5, '2015-08-23 03:00:02', '2015-08-23 03:00:02', NULL),
	(142, 15, 2471, 'Player salaries ', '2015-08-23 03:00:02', 0, 4, '2015-08-23 03:00:02', '2015-08-23 03:00:02', NULL),
	(143, 15, 19950, 'Cars upkeep', '2015-08-23 03:00:02', 0, 5, '2015-08-23 03:00:02', '2015-08-23 03:00:02', NULL),
	(144, 16, 838, 'Player salaries ', '2015-08-23 03:00:02', 0, 4, '2015-08-23 03:00:02', '2015-08-23 03:00:02', NULL),
	(145, 16, 18450, 'Cars upkeep', '2015-08-23 03:00:02', 0, 5, '2015-08-23 03:00:02', '2015-08-23 03:00:02', NULL),
	(146, 17, 2434, 'Player salaries ', '2015-08-23 03:00:02', 0, 4, '2015-08-23 03:00:02', '2015-08-23 03:00:02', NULL),
	(147, 17, 19050, 'Cars upkeep', '2015-08-23 03:00:02', 0, 5, '2015-08-23 03:00:02', '2015-08-23 03:00:02', NULL),
	(148, 17, 5000, 'Money from City Network received on 2015-08-23', '2015-08-23 03:00:02', 1, 2, '2015-08-23 03:00:02', '2015-08-23 03:00:02', NULL),
	(149, 18, 2587, 'Player salaries ', '2015-08-23 03:00:02', 0, 4, '2015-08-23 03:00:02', '2015-08-23 03:00:02', NULL),
	(150, 18, 17250, 'Cars upkeep', '2015-08-23 03:00:02', 0, 5, '2015-08-23 03:00:02', '2015-08-23 03:00:02', NULL),
	(151, 18, 5000, 'Money from City Network received on 2015-08-23', '2015-08-23 03:00:02', 1, 2, '2015-08-23 03:00:02', '2015-08-23 03:00:02', NULL),
	(233, 150, 30000, 'Initial FastRally bonus', '2015-08-23 20:22:02', 1, 8, '2015-08-23 20:22:02', '2015-08-23 20:22:02', NULL),
	(234, 151, 30000, 'Initial FastRally bonus', '2015-08-23 20:22:02', 1, 8, '2015-08-23 20:22:02', '2015-08-23 20:22:02', NULL),
	(235, 152, 30000, 'Initial FastRally bonus', '2015-08-23 20:22:02', 1, 8, '2015-08-23 20:22:02', '2015-08-23 20:22:02', NULL),
	(236, 153, 30000, 'Initial FastRally bonus', '2015-08-23 20:22:02', 1, 8, '2015-08-23 20:22:02', '2015-08-23 20:22:02', NULL),
	(237, 154, 30000, 'Initial FastRally bonus', '2015-08-23 20:22:02', 1, 8, '2015-08-23 20:22:02', '2015-08-23 20:22:02', NULL),
	(238, 155, 30000, 'Initial FastRally bonus', '2015-08-23 20:22:02', 1, 8, '2015-08-23 20:22:02', '2015-08-23 20:22:02', NULL),
	(239, 156, 30000, 'Initial FastRally bonus', '2015-08-23 20:22:03', 1, 8, '2015-08-23 20:22:03', '2015-08-23 20:22:03', NULL),
	(240, 157, 30000, 'Initial FastRally bonus', '2015-08-23 20:22:03', 1, 8, '2015-08-23 20:22:03', '2015-08-23 20:22:03', NULL),
	(241, 158, 30000, 'Initial FastRally bonus', '2015-08-23 20:22:03', 1, 8, '2015-08-23 20:22:03', '2015-08-23 20:22:03', NULL),
	(242, 159, 30000, 'Initial FastRally bonus', '2015-08-23 20:22:03', 1, 8, '2015-08-23 20:22:03', '2015-08-23 20:22:03', NULL),
	(243, 160, 30000, 'Initial FastRally bonus', '2015-08-23 20:22:03', 1, 8, '2015-08-23 20:22:03', '2015-08-23 20:22:03', NULL),
	(244, 161, 30000, 'Initial FastRally bonus', '2015-08-23 20:22:03', 1, 8, '2015-08-23 20:22:03', '2015-08-23 20:22:03', NULL),
	(245, 162, 30000, 'Initial FastRally bonus', '2015-08-23 20:22:03', 1, 8, '2015-08-23 20:22:03', '2015-08-23 20:22:03', NULL),
	(246, 163, 30000, 'Initial FastRally bonus', '2015-08-23 20:22:03', 1, 8, '2015-08-23 20:22:03', '2015-08-23 20:22:03', NULL),
	(247, 164, 30000, 'Initial FastRally bonus', '2015-08-23 20:22:03', 1, 8, '2015-08-23 20:22:03', '2015-08-23 20:22:03', NULL),
	(248, 165, 30000, 'Initial FastRally bonus', '2015-08-23 20:22:03', 1, 8, '2015-08-23 20:22:03', '2015-08-23 20:22:03', NULL),
	(249, 166, 30000, 'Initial FastRally bonus', '2015-08-23 20:22:03', 1, 8, '2015-08-23 20:22:03', '2015-08-23 20:22:03', NULL),
	(250, 167, 30000, 'Initial FastRally bonus', '2015-08-23 20:22:03', 1, 8, '2015-08-23 20:22:03', '2015-08-23 20:22:03', NULL),
	(251, 168, 30000, 'Initial FastRally bonus', '2015-08-23 20:22:03', 1, 8, '2015-08-23 20:22:03', '2015-08-23 20:22:03', NULL),
	(252, 169, 30000, 'Initial FastRally bonus', '2015-08-23 20:22:03', 1, 8, '2015-08-23 20:22:03', '2015-08-23 20:22:03', NULL),
	(253, 170, 30000, 'Initial FastRally bonus', '2015-08-23 20:22:03', 1, 8, '2015-08-23 20:22:03', '2015-08-23 20:22:03', NULL),
	(254, 171, 30000, 'Initial FastRally bonus', '2015-08-23 20:22:03', 1, 8, '2015-08-23 20:22:03', '2015-08-23 20:22:03', NULL),
	(255, 172, 30000, 'Initial FastRally bonus', '2015-08-23 20:22:03', 1, 8, '2015-08-23 20:22:03', '2015-08-23 20:22:03', NULL),
	(256, 173, 30000, 'Initial FastRally bonus', '2015-08-23 20:22:03', 1, 8, '2015-08-23 20:22:03', '2015-08-23 20:22:03', NULL),
	(257, 174, 30000, 'Initial FastRally bonus', '2015-08-23 20:22:03', 1, 8, '2015-08-23 20:22:03', '2015-08-23 20:22:03', NULL),
	(258, 175, 30000, 'Initial FastRally bonus', '2015-08-23 20:22:03', 1, 8, '2015-08-23 20:22:03', '2015-08-23 20:22:03', NULL),
	(259, 176, 30000, 'Initial FastRally bonus', '2015-08-23 20:22:03', 1, 8, '2015-08-23 20:22:03', '2015-08-23 20:22:03', NULL),
	(260, 177, 30000, 'Initial FastRally bonus', '2015-08-23 20:22:04', 1, 8, '2015-08-23 20:22:04', '2015-08-23 20:22:04', NULL),
	(261, 178, 30000, 'Initial FastRally bonus', '2015-08-23 20:22:04', 1, 8, '2015-08-23 20:22:04', '2015-08-23 20:22:04', NULL),
	(262, 179, 30000, 'Initial FastRally bonus', '2015-08-23 20:22:04', 1, 8, '2015-08-23 20:22:04', '2015-08-23 20:22:04', NULL),
	(263, 180, 30000, 'Initial FastRally bonus', '2015-08-23 20:22:04', 1, 8, '2015-08-23 20:22:04', '2015-08-23 20:22:04', NULL),
	(264, 181, 30000, 'Initial FastRally bonus', '2015-08-23 20:22:04', 1, 8, '2015-08-23 20:22:04', '2015-08-23 20:22:04', NULL),
	(265, 182, 30000, 'Initial FastRally bonus', '2015-08-23 20:22:04', 1, 8, '2015-08-23 20:22:04', '2015-08-23 20:22:04', NULL),
	(266, 183, 30000, 'Initial FastRally bonus', '2015-08-23 20:22:04', 1, 8, '2015-08-23 20:22:04', '2015-08-23 20:22:04', NULL),
	(267, 184, 30000, 'Initial FastRally bonus', '2015-08-23 20:22:04', 1, 8, '2015-08-23 20:22:04', '2015-08-23 20:22:04', NULL),
	(268, 185, 30000, 'Initial FastRally bonus', '2015-08-23 20:22:04', 1, 8, '2015-08-23 20:22:04', '2015-08-23 20:22:04', NULL),
	(269, 186, 30000, 'Initial FastRally bonus', '2015-08-23 20:22:04', 1, 8, '2015-08-23 20:22:04', '2015-08-23 20:22:04', NULL),
	(270, 187, 30000, 'Initial FastRally bonus', '2015-08-23 20:22:04', 1, 8, '2015-08-23 20:22:04', '2015-08-23 20:22:04', NULL),
	(271, 188, 30000, 'Initial FastRally bonus', '2015-08-23 20:22:04', 1, 8, '2015-08-23 20:22:04', '2015-08-23 20:22:04', NULL),
	(272, 189, 30000, 'Initial FastRally bonus', '2015-08-23 20:22:04', 1, 8, '2015-08-23 20:22:04', '2015-08-23 20:22:04', NULL),
	(273, 190, 30000, 'Initial FastRally bonus', '2015-08-23 20:22:04', 1, 8, '2015-08-23 20:22:04', '2015-08-23 20:22:04', NULL),
	(274, 191, 30000, 'Initial FastRally bonus', '2015-08-23 20:22:04', 1, 8, '2015-08-23 20:22:04', '2015-08-23 20:22:04', NULL),
	(275, 192, 30000, 'Initial FastRally bonus', '2015-08-23 20:22:04', 1, 8, '2015-08-23 20:22:04', '2015-08-23 20:22:04', NULL),
	(276, 193, 30000, 'Initial FastRally bonus', '2015-08-23 20:22:04', 1, 8, '2015-08-23 20:22:04', '2015-08-23 20:22:04', NULL),
	(277, 194, 30000, 'Initial FastRally bonus', '2015-08-23 20:22:04', 1, 8, '2015-08-23 20:22:04', '2015-08-23 20:22:04', NULL),
	(278, 195, 30000, 'Initial FastRally bonus', '2015-08-23 20:22:04', 1, 8, '2015-08-23 20:22:04', '2015-08-23 20:22:04', NULL),
	(279, 196, 30000, 'Initial FastRally bonus', '2015-08-23 20:22:04', 1, 8, '2015-08-23 20:22:04', '2015-08-23 20:22:04', NULL),
	(280, 197, 30000, 'Initial FastRally bonus', '2015-08-23 20:22:05', 1, 8, '2015-08-23 20:22:05', '2015-08-23 20:22:05', NULL),
	(281, 198, 30000, 'Initial FastRally bonus', '2015-08-23 20:22:05', 1, 8, '2015-08-23 20:22:05', '2015-08-23 20:22:05', NULL),
	(282, 199, 30000, 'Initial FastRally bonus', '2015-08-23 20:22:05', 1, 8, '2015-08-23 20:22:05', '2015-08-23 20:22:05', NULL),
	(283, 200, 30000, 'Initial FastRally bonus', '2015-08-23 20:22:05', 1, 8, '2015-08-23 20:22:05', '2015-08-23 20:22:05', NULL),
	(284, 201, 30000, 'Initial FastRally bonus', '2015-08-23 20:22:05', 1, 8, '2015-08-23 20:22:05', '2015-08-23 20:22:05', NULL),
	(285, 202, 30000, 'Initial FastRally bonus', '2015-08-23 20:22:05', 1, 8, '2015-08-23 20:22:05', '2015-08-23 20:22:05', NULL),
	(286, 203, 30000, 'Initial FastRally bonus', '2015-08-23 20:22:05', 1, 8, '2015-08-23 20:22:05', '2015-08-23 20:22:05', NULL),
	(287, 204, 30000, 'Initial FastRally bonus', '2015-08-23 20:22:05', 1, 8, '2015-08-23 20:22:05', '2015-08-23 20:22:05', NULL),
	(288, 205, 30000, 'Initial FastRally bonus', '2015-08-23 20:22:05', 1, 8, '2015-08-23 20:22:05', '2015-08-23 20:22:05', NULL),
	(289, 206, 30000, 'Initial FastRally bonus', '2015-08-23 20:22:05', 1, 8, '2015-08-23 20:22:05', '2015-08-23 20:22:05', NULL),
	(290, 207, 30000, 'Initial FastRally bonus', '2015-08-23 20:22:05', 1, 8, '2015-08-23 20:22:05', '2015-08-23 20:22:05', NULL),
	(291, 208, 30000, 'Initial FastRally bonus', '2015-08-23 20:22:05', 1, 8, '2015-08-23 20:22:05', '2015-08-23 20:22:05', NULL),
	(292, 209, 30000, 'Initial FastRally bonus', '2015-08-23 20:22:05', 1, 8, '2015-08-23 20:22:05', '2015-08-23 20:22:05', NULL);
/*!40000 ALTER TABLE `team_finance` ENABLE KEYS */;


-- Zrzut struktury tabela ral.team_sponsor_list
DROP TABLE IF EXISTS `team_sponsor_list`;
CREATE TABLE IF NOT EXISTS `team_sponsor_list` (
  `id` int(11) NOT NULL AUTO_INCREMENT,
  `name` varchar(255) DEFAULT NULL,
  `slug` varchar(255) DEFAULT NULL,
  `description` text,
  `active` tinyint(1) DEFAULT '0',
  `logo` varchar(255) DEFAULT NULL,
  `created_at` datetime NOT NULL,
  `updated_at` datetime NOT NULL,
  `deleted_at` datetime DEFAULT NULL,
  PRIMARY KEY (`id`)
) ENGINE=MyISAM AUTO_INCREMENT=4 DEFAULT CHARSET=utf8;

-- Zrzucanie danych dla tabeli ral.team_sponsor_list: 3 rows
DELETE FROM `team_sponsor_list`;
/*!40000 ALTER TABLE `team_sponsor_list` DISABLE KEYS */;
INSERT INTO `team_sponsor_list` (`id`, `name`, `slug`, `description`, `active`, `logo`, `created_at`, `updated_at`, `deleted_at`) VALUES
	(1, 'City Network', 'city-network', 'City Network is one of Swedens leading hosting companies and offers everything from simple packages to advanced managed solutions. You can get a generous package including e-mail and lots of space for as little as 5 USD per month. City Network is the exclusive host of ManagerZone and makes sure each manager gets the best access to the site.', 1, 'sponsor_city_network.sponsor_city_network', '2015-04-03 17:46:19', '2015-04-03 18:20:03', NULL),
	(2, 'Goal.com', 'goalcom', 'Goal.com is the ultimate resource for football fans with the aim of giving life to the largest football community on the planet. It covers the whole spectrum of the football world with news, statistics, photos, videos, transfer info, polls, games, fan forums, and much more.', 0, 'sponsor_goal.sponsor_goal', '2015-04-03 18:22:37', '2015-04-03 18:22:37', NULL),
	(3, 'ESPN', 'espn', 'ESPN Inc., the Worldwide Leader in Sports, is a multinational, multimedia sports entertainment company comprised of six domestic and 19 international television networks, a recently launched interactive TV channel, the largest sports radio network, ESPN The Magazine, ESPN.com, sports-themed dining and entertainment establishments, event management, ESPN Enterprises, wireless and broadband services, and more. ESPN features the broadest portfolio of multimedia assets in sports marketing with more than 40 national and international business interests or entities.', 0, 'sponsor_espn.sponsor_espn', '2015-04-03 18:23:17', '2015-04-03 18:23:17', NULL);
/*!40000 ALTER TABLE `team_sponsor_list` ENABLE KEYS */;


-- Zrzut struktury tabela ral.team_team
DROP TABLE IF EXISTS `team_team`;
CREATE TABLE IF NOT EXISTS `team_team` (
  `id` int(11) NOT NULL AUTO_INCREMENT,
  `user_id` int(11) DEFAULT NULL,
  `name` varchar(255) DEFAULT NULL,
  `driver1_id` int(11) DEFAULT NULL,
  `driver2_id` int(11) DEFAULT NULL,
  `pilot1_id` int(11) DEFAULT NULL,
  `pilot2_id` int(11) DEFAULT NULL,
  `car1_id` int(11) DEFAULT NULL,
  `car2_id` int(11) DEFAULT NULL,
  `cash` int(11) NOT NULL DEFAULT '0',
  `sponsor_id` int(11) DEFAULT NULL,
  `this_week_rank` int(11) DEFAULT NULL,
  `last_week_rank` int(11) DEFAULT NULL,
  `league_name` varchar(50) DEFAULT NULL,
  `created_at` datetime NOT NULL,
  `updated_at` datetime NOT NULL,
  `deleted_at` datetime DEFAULT NULL,
  PRIMARY KEY (`id`),
  KEY `team_team_user_id_user_user_id` (`user_id`),
  KEY `team_team_pilot2_id_people_people_id` (`pilot2_id`),
  KEY `team_team_pilot1_id_people_people_id` (`pilot1_id`),
  KEY `team_team_driver2_id_people_people_id` (`driver2_id`),
  KEY `team_team_driver1_id_people_people_id` (`driver1_id`),
  KEY `team_team_car2_id_car_car_id` (`car2_id`),
  KEY `team_team_car1_id_car_car_id` (`car1_id`),
  KEY `team_team_sponsor_id_team_sponsor_list_id` (`sponsor_id`)
) ENGINE=MyISAM AUTO_INCREMENT=210 DEFAULT CHARSET=utf8 COMMENT='update team_team set cash = 0\r\n';

-- Zrzucanie danych dla tabeli ral.team_team: 78 rows
DELETE FROM `team_team`;
/*!40000 ALTER TABLE `team_team` DISABLE KEYS */;
INSERT INTO `team_team` (`id`, `user_id`, `name`, `driver1_id`, `driver2_id`, `pilot1_id`, `pilot2_id`, `car1_id`, `car2_id`, `cash`, `sponsor_id`, `this_week_rank`, `last_week_rank`, `league_name`, `created_at`, `updated_at`, `deleted_at`) VALUES
	(1, 1, 'Team_1', NULL, NULL, NULL, NULL, NULL, NULL, 91288, NULL, 7, NULL, '1.0', '2015-08-04 16:27:18', '2015-08-23 03:00:01', NULL),
	(2, 2, 'Team_2', NULL, NULL, NULL, NULL, NULL, NULL, 56962, NULL, 6, NULL, '1.0', '2015-08-04 16:27:18', '2015-08-23 03:00:01', NULL),
	(3, 3, 'Team_3', NULL, NULL, NULL, NULL, NULL, NULL, -11420, 2, 5, NULL, '1.0', '2015-08-04 16:27:18', '2015-08-23 03:00:01', NULL),
	(4, 4, 'Team_4', NULL, NULL, NULL, NULL, NULL, NULL, 98413, NULL, 4, NULL, '1.0', '2015-08-04 16:27:18', '2015-08-23 03:00:01', NULL),
	(5, 5, 'Team_5', NULL, NULL, NULL, NULL, NULL, NULL, 28418, NULL, 10, NULL, '1.0', '2015-08-04 16:27:18', '2015-08-23 03:00:01', NULL),
	(6, 6, 'Team_6', NULL, NULL, NULL, NULL, NULL, NULL, 24791, NULL, 12, NULL, '1.0', '2015-08-04 16:27:18', '2015-08-23 03:00:01', NULL),
	(7, 7, 'Team_7', NULL, NULL, NULL, NULL, NULL, NULL, 113160, NULL, 2, NULL, '1.0', '2015-08-04 16:27:18', '2015-08-23 03:00:02', NULL),
	(8, 8, 'Team_8', NULL, NULL, NULL, NULL, NULL, NULL, 39358, NULL, 8, NULL, '1.0', '2015-08-04 16:27:18', '2015-08-23 03:00:02', NULL),
	(9, 9, 'Team_9', NULL, NULL, NULL, NULL, NULL, NULL, 35376, NULL, 9, NULL, '1.0', '2015-08-04 16:27:19', '2015-08-23 03:00:02', NULL),
	(10, 10, 'Team_10', NULL, NULL, NULL, NULL, NULL, NULL, 93222, NULL, 3, NULL, '1.0', '2015-08-04 16:27:19', '2015-08-23 03:00:02', NULL),
	(11, 11, 'Team_11', NULL, NULL, NULL, NULL, NULL, NULL, 109992, NULL, 1, NULL, '1.0', '2015-08-04 16:27:19', '2015-08-23 03:00:02', NULL),
	(12, 12, 'Team_12', NULL, NULL, NULL, NULL, NULL, NULL, 28638, NULL, 11, NULL, '1.0', '2015-08-04 16:27:19', '2015-08-23 03:00:02', NULL),
	(13, 13, 'Team_13', NULL, NULL, NULL, NULL, NULL, NULL, -112739, NULL, NULL, NULL, '2.1', '2015-08-04 16:27:19', '2015-08-23 03:00:02', NULL),
	(14, 14, 'Team_14', NULL, NULL, NULL, NULL, NULL, NULL, 8402, NULL, NULL, NULL, '2.1', '2015-08-04 16:27:19', '2015-08-23 03:00:02', NULL),
	(15, 15, 'Team_15', NULL, NULL, NULL, NULL, NULL, NULL, 5008, NULL, NULL, NULL, '2.1', '2015-08-04 16:27:19', '2015-08-23 03:00:02', NULL),
	(16, 16, 'Team_16', NULL, NULL, NULL, NULL, NULL, NULL, 11424, NULL, NULL, NULL, '2.1', '2015-08-04 17:01:16', '2015-08-23 03:00:02', NULL),
	(17, 18, 'Team_18', NULL, NULL, NULL, NULL, NULL, NULL, 17032, 1, NULL, NULL, '2.1', '2015-08-04 17:18:34', '2015-08-23 03:00:02', NULL),
	(18, 20, 'Team_20', NULL, NULL, NULL, NULL, NULL, NULL, 15326, 1, NULL, NULL, '2.1', '2015-08-05 16:00:53', '2015-08-23 03:00:02', NULL),
	(150, 153, 'Team_153', NULL, NULL, NULL, NULL, NULL, NULL, 30000, NULL, NULL, NULL, '1.0', '2015-08-23 20:22:02', '2015-08-23 20:22:02', NULL),
	(151, 154, 'Team_154', NULL, NULL, NULL, NULL, NULL, NULL, 30000, NULL, NULL, NULL, '1.0', '2015-08-23 20:22:02', '2015-08-23 20:22:02', NULL),
	(152, 155, 'Team_155', NULL, NULL, NULL, NULL, NULL, NULL, 30000, NULL, NULL, NULL, '1.0', '2015-08-23 20:22:02', '2015-08-23 20:22:02', NULL),
	(153, 156, 'Team_156', NULL, NULL, NULL, NULL, NULL, NULL, 30000, NULL, NULL, NULL, '1.0', '2015-08-23 20:22:02', '2015-08-23 20:22:02', NULL),
	(154, 157, 'Team_157', NULL, NULL, NULL, NULL, NULL, NULL, 30000, NULL, NULL, NULL, '2.1', '2015-08-23 20:22:02', '2015-08-23 20:22:02', NULL),
	(155, 158, 'Team_158', NULL, NULL, NULL, NULL, NULL, NULL, 30000, NULL, NULL, NULL, '2.1', '2015-08-23 20:22:02', '2015-08-23 20:22:02', NULL),
	(156, 159, 'Team_159', NULL, NULL, NULL, NULL, NULL, NULL, 30000, NULL, NULL, NULL, '2.1', '2015-08-23 20:22:02', '2015-08-23 20:22:03', NULL),
	(157, 160, 'Team_160', NULL, NULL, NULL, NULL, NULL, NULL, 30000, NULL, NULL, NULL, '2.1', '2015-08-23 20:22:03', '2015-08-23 20:22:03', NULL),
	(158, 161, 'Team_161', NULL, NULL, NULL, NULL, NULL, NULL, 30000, NULL, NULL, NULL, '2.1', '2015-08-23 20:22:03', '2015-08-23 20:22:03', NULL),
	(159, 162, 'Team_162', NULL, NULL, NULL, NULL, NULL, NULL, 30000, NULL, NULL, NULL, '2.1', '2015-08-23 20:22:03', '2015-08-23 20:22:03', NULL),
	(160, 163, 'Team_163', NULL, NULL, NULL, NULL, NULL, NULL, 30000, NULL, NULL, NULL, '2.1', '2015-08-23 20:22:03', '2015-08-23 20:22:03', NULL),
	(161, 164, 'Team_164', NULL, NULL, NULL, NULL, NULL, NULL, 30000, NULL, NULL, NULL, '2.1', '2015-08-23 20:22:03', '2015-08-23 20:22:03', NULL),
	(162, 165, 'Team_165', NULL, NULL, NULL, NULL, NULL, NULL, 30000, NULL, NULL, NULL, '2.1', '2015-08-23 20:22:03', '2015-08-23 20:22:03', NULL),
	(163, 166, 'Team_166', NULL, NULL, NULL, NULL, NULL, NULL, 30000, NULL, NULL, NULL, '2.1', '2015-08-23 20:22:03', '2015-08-23 20:22:03', NULL),
	(164, 167, 'Team_167', NULL, NULL, NULL, NULL, NULL, NULL, 30000, NULL, NULL, NULL, '2.2', '2015-08-23 20:22:03', '2015-08-23 20:22:03', NULL),
	(165, 168, 'Team_168', NULL, NULL, NULL, NULL, NULL, NULL, 30000, NULL, NULL, NULL, '2.2', '2015-08-23 20:22:03', '2015-08-23 20:22:03', NULL),
	(166, 169, 'Team_169', NULL, NULL, NULL, NULL, NULL, NULL, 30000, NULL, NULL, NULL, '2.2', '2015-08-23 20:22:03', '2015-08-23 20:22:03', NULL),
	(167, 170, 'Team_170', NULL, NULL, NULL, NULL, NULL, NULL, 30000, NULL, NULL, NULL, '2.2', '2015-08-23 20:22:03', '2015-08-23 20:22:03', NULL),
	(168, 171, 'Team_171', NULL, NULL, NULL, NULL, NULL, NULL, 30000, NULL, NULL, NULL, '2.2', '2015-08-23 20:22:03', '2015-08-23 20:22:03', NULL),
	(169, 172, 'Team_172', NULL, NULL, NULL, NULL, NULL, NULL, 30000, NULL, NULL, NULL, '2.2', '2015-08-23 20:22:03', '2015-08-23 20:22:03', NULL),
	(170, 173, 'Team_173', NULL, NULL, NULL, NULL, NULL, NULL, 30000, NULL, NULL, NULL, '2.2', '2015-08-23 20:22:03', '2015-08-23 20:22:03', NULL),
	(171, 174, 'Team_174', NULL, NULL, NULL, NULL, NULL, NULL, 30000, NULL, NULL, NULL, '2.2', '2015-08-23 20:22:03', '2015-08-23 20:22:03', NULL),
	(172, 175, 'Team_175', NULL, NULL, NULL, NULL, NULL, NULL, 30000, NULL, NULL, NULL, '2.2', '2015-08-23 20:22:03', '2015-08-23 20:22:03', NULL),
	(173, 176, 'Team_176', NULL, NULL, NULL, NULL, NULL, NULL, 30000, NULL, NULL, NULL, '2.2', '2015-08-23 20:22:03', '2015-08-23 20:22:03', NULL),
	(174, 177, 'Team_177', NULL, NULL, NULL, NULL, NULL, NULL, 30000, NULL, NULL, NULL, '2.2', '2015-08-23 20:22:03', '2015-08-23 20:22:03', NULL),
	(175, 178, 'Team_178', NULL, NULL, NULL, NULL, NULL, NULL, 30000, NULL, NULL, NULL, '2.2', '2015-08-23 20:22:03', '2015-08-23 20:22:03', NULL),
	(176, 179, 'Team_179', NULL, NULL, NULL, NULL, NULL, NULL, 30000, NULL, NULL, NULL, '2.2', '2015-08-23 20:22:03', '2015-08-23 20:22:03', NULL),
	(177, 180, 'Team_180', NULL, NULL, NULL, NULL, NULL, NULL, 30000, NULL, NULL, NULL, '2.2', '2015-08-23 20:22:04', '2015-08-23 20:22:04', NULL),
	(178, 181, 'Team_181', NULL, NULL, NULL, NULL, NULL, NULL, 30000, NULL, NULL, NULL, '2.2', '2015-08-23 20:22:04', '2015-08-23 20:22:04', NULL),
	(179, 182, 'Team_182', NULL, NULL, NULL, NULL, NULL, NULL, 30000, NULL, NULL, NULL, '2.2', '2015-08-23 20:22:04', '2015-08-23 20:22:04', NULL),
	(180, 183, 'Team_183', NULL, NULL, NULL, NULL, NULL, NULL, 30000, NULL, NULL, NULL, '2.3', '2015-08-23 20:22:04', '2015-08-23 20:22:04', NULL),
	(181, 184, 'Team_184', NULL, NULL, NULL, NULL, NULL, NULL, 30000, NULL, NULL, NULL, '2.3', '2015-08-23 20:22:04', '2015-08-23 20:22:04', NULL),
	(182, 185, 'Team_185', NULL, NULL, NULL, NULL, NULL, NULL, 30000, NULL, NULL, NULL, '2.3', '2015-08-23 20:22:04', '2015-08-23 20:22:04', NULL),
	(183, 186, 'Team_186', NULL, NULL, NULL, NULL, NULL, NULL, 30000, NULL, NULL, NULL, '2.3', '2015-08-23 20:22:04', '2015-08-23 20:22:04', NULL),
	(184, 187, 'Team_187', NULL, NULL, NULL, NULL, NULL, NULL, 30000, NULL, NULL, NULL, '2.3', '2015-08-23 20:22:04', '2015-08-23 20:22:04', NULL),
	(185, 188, 'Team_188', NULL, NULL, NULL, NULL, NULL, NULL, 30000, NULL, NULL, NULL, '2.3', '2015-08-23 20:22:04', '2015-08-23 20:22:04', NULL),
	(186, 189, 'Team_189', NULL, NULL, NULL, NULL, NULL, NULL, 30000, NULL, NULL, NULL, '2.3', '2015-08-23 20:22:04', '2015-08-23 20:22:04', NULL),
	(187, 190, 'Team_190', NULL, NULL, NULL, NULL, NULL, NULL, 30000, NULL, NULL, NULL, '2.3', '2015-08-23 20:22:04', '2015-08-23 20:22:04', NULL),
	(188, 191, 'Team_191', NULL, NULL, NULL, NULL, NULL, NULL, 30000, NULL, NULL, NULL, '2.3', '2015-08-23 20:22:04', '2015-08-23 20:22:04', NULL),
	(189, 192, 'Team_192', NULL, NULL, NULL, NULL, NULL, NULL, 30000, NULL, NULL, NULL, '2.3', '2015-08-23 20:22:04', '2015-08-23 20:22:04', NULL),
	(190, 193, 'Team_193', NULL, NULL, NULL, NULL, NULL, NULL, 30000, NULL, NULL, NULL, '2.3', '2015-08-23 20:22:04', '2015-08-23 20:22:04', NULL),
	(191, 194, 'Team_194', NULL, NULL, NULL, NULL, NULL, NULL, 30000, NULL, NULL, NULL, '2.3', '2015-08-23 20:22:04', '2015-08-23 20:22:04', NULL),
	(192, 195, 'Team_195', NULL, NULL, NULL, NULL, NULL, NULL, 30000, NULL, NULL, NULL, '2.3', '2015-08-23 20:22:04', '2015-08-23 20:22:04', NULL),
	(193, 196, 'Team_196', NULL, NULL, NULL, NULL, NULL, NULL, 30000, NULL, NULL, NULL, '2.3', '2015-08-23 20:22:04', '2015-08-23 20:22:04', NULL),
	(194, 197, 'Team_197', NULL, NULL, NULL, NULL, NULL, NULL, 30000, NULL, NULL, NULL, '2.3', '2015-08-23 20:22:04', '2015-08-23 20:22:04', NULL),
	(195, 198, 'Team_198', NULL, NULL, NULL, NULL, NULL, NULL, 30000, NULL, NULL, NULL, '2.3', '2015-08-23 20:22:04', '2015-08-23 20:22:04', NULL),
	(196, 199, 'Team_199', NULL, NULL, NULL, NULL, NULL, NULL, 30000, NULL, NULL, NULL, '3.1', '2015-08-23 20:22:04', '2015-08-23 20:22:04', NULL),
	(197, 200, 'Team_200', NULL, NULL, NULL, NULL, NULL, NULL, 30000, NULL, NULL, NULL, '3.1', '2015-08-23 20:22:04', '2015-08-23 20:22:05', NULL),
	(198, 201, 'Team_201', NULL, NULL, NULL, NULL, NULL, NULL, 30000, NULL, NULL, NULL, '3.1', '2015-08-23 20:22:05', '2015-08-23 20:22:05', NULL),
	(199, 202, 'Team_202', NULL, NULL, NULL, NULL, NULL, NULL, 30000, NULL, NULL, NULL, '3.1', '2015-08-23 20:22:05', '2015-08-23 20:22:05', NULL),
	(200, 203, 'Team_203', NULL, NULL, NULL, NULL, NULL, NULL, 30000, NULL, NULL, NULL, '3.1', '2015-08-23 20:22:05', '2015-08-23 20:22:05', NULL),
	(201, 204, 'Team_204', NULL, NULL, NULL, NULL, NULL, NULL, 30000, NULL, NULL, NULL, '3.1', '2015-08-23 20:22:05', '2015-08-23 20:22:05', NULL),
	(202, 205, 'Team_205', NULL, NULL, NULL, NULL, NULL, NULL, 30000, NULL, NULL, NULL, '3.1', '2015-08-23 20:22:05', '2015-08-23 20:22:05', NULL),
	(203, 206, 'Team_206', NULL, NULL, NULL, NULL, NULL, NULL, 30000, NULL, NULL, NULL, '3.1', '2015-08-23 20:22:05', '2015-08-23 20:22:05', NULL),
	(204, 207, 'Team_207', NULL, NULL, NULL, NULL, NULL, NULL, 30000, NULL, NULL, NULL, '3.1', '2015-08-23 20:22:05', '2015-08-23 20:22:05', NULL),
	(205, 208, 'Team_208', NULL, NULL, NULL, NULL, NULL, NULL, 30000, NULL, NULL, NULL, '3.1', '2015-08-23 20:22:05', '2015-08-23 20:22:05', NULL),
	(206, 209, 'Team_209', NULL, NULL, NULL, NULL, NULL, NULL, 30000, NULL, NULL, NULL, '3.1', '2015-08-23 20:22:05', '2015-08-23 20:22:05', NULL),
	(207, 210, 'Team_210', NULL, NULL, NULL, NULL, NULL, NULL, 30000, NULL, NULL, NULL, '3.1', '2015-08-23 20:22:05', '2015-08-23 20:22:05', NULL),
	(208, 211, 'Team_211', NULL, NULL, NULL, NULL, NULL, NULL, 30000, NULL, NULL, NULL, '3.1', '2015-08-23 20:22:05', '2015-08-23 20:22:05', NULL),
	(209, 212, 'Team_212', NULL, NULL, NULL, NULL, NULL, NULL, 30000, NULL, NULL, NULL, '3.1', '2015-08-23 20:22:05', '2015-08-23 20:22:05', NULL);
/*!40000 ALTER TABLE `team_team` ENABLE KEYS */;


-- Zrzut struktury widok ral.userwidok
DROP VIEW IF EXISTS `userwidok`;
-- Tworzenie tymczasowej tabeli aby przezwyciężyć błędy z zależnościami w WIDOKU
CREATE TABLE `userwidok` (
	`uid` INT(11) NOT NULL,
	`ucreated` DATETIME NOT NULL,
	`last_active` DATETIME NULL,
	`id` INT(11) NOT NULL,
	`league_name` VARCHAR(50) NULL COLLATE 'utf8_general_ci'
) ENGINE=MyISAM;


-- Zrzut struktury tabela ral.user_board
DROP TABLE IF EXISTS `user_board`;
CREATE TABLE IF NOT EXISTS `user_board` (
  `id` int(11) NOT NULL AUTO_INCREMENT,
  `user_id` bigint(20) DEFAULT NULL,
  `writer_id` bigint(20) DEFAULT NULL,
  `message` text,
  `readed` tinyint(1) NOT NULL DEFAULT '0',
  `created_at` datetime NOT NULL,
  `updated_at` datetime NOT NULL,
  `deleted_at` datetime DEFAULT NULL,
  PRIMARY KEY (`id`)
) ENGINE=MyISAM AUTO_INCREMENT=5 DEFAULT CHARSET=utf8;

-- Zrzucanie danych dla tabeli ral.user_board: 4 rows
DELETE FROM `user_board`;
/*!40000 ALTER TABLE `user_board` DISABLE KEYS */;
INSERT INTO `user_board` (`id`, `user_id`, `writer_id`, `message`, `readed`, `created_at`, `updated_at`, `deleted_at`) VALUES
	(1, 2, 3, 'Testowa wiadomosc 2', 0, '2015-08-22 11:09:28', '2015-08-22 12:04:49', NULL),
	(2, 3, 2, 'Nie rozdrapuj starych ran', 1, '2015-08-22 11:38:48', '2015-08-22 12:06:27', NULL),
	(3, 1, 3, 'fafafa', 0, '2015-08-22 16:39:19', '2015-08-22 16:39:19', NULL),
	(4, 2, 3, 'fafa', 0, '2015-08-22 17:24:55', '2015-08-22 17:35:55', '2015-08-22 17:35:55');
/*!40000 ALTER TABLE `user_board` ENABLE KEYS */;


-- Zrzut struktury tabela ral.user_friends
DROP TABLE IF EXISTS `user_friends`;
CREATE TABLE IF NOT EXISTS `user_friends` (
  `id` int(11) NOT NULL AUTO_INCREMENT,
  `user_id` bigint(20) DEFAULT NULL,
  `friend_id` bigint(20) DEFAULT NULL,
  `accepted` tinyint(1) DEFAULT '0',
  `created_at` datetime NOT NULL,
  `updated_at` datetime NOT NULL,
  PRIMARY KEY (`id`),
  KEY `user_friends_user_id_user_user_id` (`user_id`),
  KEY `user_friends_friend_id_user_user_id` (`friend_id`)
) ENGINE=MyISAM DEFAULT CHARSET=utf8;

-- Zrzucanie danych dla tabeli ral.user_friends: 0 rows
DELETE FROM `user_friends`;
/*!40000 ALTER TABLE `user_friends` DISABLE KEYS */;
/*!40000 ALTER TABLE `user_friends` ENABLE KEYS */;


-- Zrzut struktury tabela ral.user_invite
DROP TABLE IF EXISTS `user_invite`;
CREATE TABLE IF NOT EXISTS `user_invite` (
  `id` int(11) NOT NULL AUTO_INCREMENT,
  `user_id` bigint(20) DEFAULT NULL,
  `email` varchar(255) DEFAULT NULL,
  `created_at` datetime NOT NULL,
  `updated_at` datetime NOT NULL,
  PRIMARY KEY (`id`),
  KEY `user_invite_user_id_user_user_id` (`user_id`)
) ENGINE=MyISAM AUTO_INCREMENT=4 DEFAULT CHARSET=utf8;

-- Zrzucanie danych dla tabeli ral.user_invite: 3 rows
DELETE FROM `user_invite`;
/*!40000 ALTER TABLE `user_invite` DISABLE KEYS */;
INSERT INTO `user_invite` (`id`, `user_id`, `email`, `created_at`, `updated_at`) VALUES
	(1, 3, 'tomasz.kardas20@gmail.com', '2015-08-04 16:35:28', '2015-08-04 16:35:28'),
	(2, 3, 'dsada@dsada.pl', '2015-08-04 16:48:49', '2015-08-04 16:48:49'),
	(3, 3, 'dsada@dsadada.pl', '2015-08-04 16:49:53', '2015-08-04 16:49:53');
/*!40000 ALTER TABLE `user_invite` ENABLE KEYS */;


-- Zrzut struktury tabela ral.user_notification
DROP TABLE IF EXISTS `user_notification`;
CREATE TABLE IF NOT EXISTS `user_notification` (
  `id` int(11) NOT NULL AUTO_INCREMENT,
  `user_id` bigint(20) DEFAULT NULL,
  `type` int(11) DEFAULT NULL,
  `link` varchar(255) DEFAULT NULL,
  `message` text,
  `created_at` datetime NOT NULL,
  `updated_at` datetime NOT NULL,
  PRIMARY KEY (`id`)
) ENGINE=MyISAM DEFAULT CHARSET=utf8;

-- Zrzucanie danych dla tabeli ral.user_notification: 0 rows
DELETE FROM `user_notification`;
/*!40000 ALTER TABLE `user_notification` DISABLE KEYS */;
/*!40000 ALTER TABLE `user_notification` ENABLE KEYS */;


-- Zrzut struktury tabela ral.user_premium_log
DROP TABLE IF EXISTS `user_premium_log`;
CREATE TABLE IF NOT EXISTS `user_premium_log` (
  `id` int(11) NOT NULL AUTO_INCREMENT,
  `amount` bigint(20) DEFAULT NULL,
  `user_id` bigint(20) DEFAULT NULL,
  `income` tinyint(1) DEFAULT '1',
  `description` varchar(255) DEFAULT NULL,
  `created_at` datetime NOT NULL,
  `updated_at` datetime NOT NULL,
  `deleted_at` datetime DEFAULT NULL,
  PRIMARY KEY (`id`)
) ENGINE=MyISAM AUTO_INCREMENT=9 DEFAULT CHARSET=utf8;

-- Zrzucanie danych dla tabeli ral.user_premium_log: 8 rows
DELETE FROM `user_premium_log`;
/*!40000 ALTER TABLE `user_premium_log` DISABLE KEYS */;
INSERT INTO `user_premium_log` (`id`, `amount`, `user_id`, `income`, `description`, `created_at`, `updated_at`, `deleted_at`) VALUES
	(1, 20, 3, 0, '7 days gold membership', '2015-08-04 16:32:38', '2015-08-04 16:32:38', NULL),
	(2, 20, 1, 0, '7 days gold membership', '2015-08-05 13:17:38', '2015-08-05 13:17:38', NULL),
	(3, 80, 1, 0, '90 days gold membership', '2015-08-05 13:17:46', '2015-08-05 13:17:46', NULL),
	(4, 80, 1, 0, '90 days gold membership', '2015-08-05 13:18:31', '2015-08-05 13:18:31', NULL),
	(5, 20, 3, 0, '7 days gold membership', '2015-08-12 15:23:35', '2015-08-12 15:23:35', NULL),
	(6, 160, 3, 0, '180 days gold membership', '2015-08-19 19:18:40', '2015-08-19 19:18:40', NULL),
	(7, 1000, 7, 1, 'Won in rally Rally of Scotland', '2015-08-22 13:30:06', '2015-08-22 13:30:06', NULL),
	(8, 600, 2, 1, 'Won in rally Rally of Scotland', '2015-08-22 13:30:06', '2015-08-22 13:30:06', NULL);
/*!40000 ALTER TABLE `user_premium_log` ENABLE KEYS */;


-- Zrzut struktury tabela ral.user_user
DROP TABLE IF EXISTS `user_user`;
CREATE TABLE IF NOT EXISTS `user_user` (
  `id` int(11) NOT NULL AUTO_INCREMENT,
  `first_name` varchar(255) DEFAULT NULL,
  `last_name` varchar(255) DEFAULT NULL,
  `email` varchar(255) DEFAULT NULL,
  `username` varchar(255) DEFAULT NULL,
  `salt` varchar(255) DEFAULT NULL,
  `password` varchar(255) DEFAULT NULL,
  `role` varchar(255) DEFAULT NULL,
  `token` varchar(255) DEFAULT NULL,
  `active` tinyint(1) DEFAULT '1',
  `premium` bigint(20) DEFAULT NULL,
  `referer` bigint(20) DEFAULT NULL,
  `referer_not_active` tinyint(1) NOT NULL DEFAULT '0',
  `gold_member` tinyint(1) NOT NULL DEFAULT '0',
  `gold_member_expire` datetime DEFAULT NULL,
  `referer_paid` tinyint(1) DEFAULT '0',
  `created_at` datetime NOT NULL,
  `last_active` datetime DEFAULT NULL,
  `updated_at` datetime NOT NULL,
  `deleted_at` datetime DEFAULT NULL,
  PRIMARY KEY (`id`)
) ENGINE=MyISAM AUTO_INCREMENT=213 DEFAULT CHARSET=utf8;

-- Zrzucanie danych dla tabeli ral.user_user: 78 rows
DELETE FROM `user_user`;
/*!40000 ALTER TABLE `user_user` DISABLE KEYS */;
INSERT INTO `user_user` (`id`, `first_name`, `last_name`, `email`, `username`, `salt`, `password`, `role`, `token`, `active`, `premium`, `referer`, `referer_not_active`, `gold_member`, `gold_member_expire`, `referer_paid`, `created_at`, `last_active`, `updated_at`, `deleted_at`) VALUES
	(1, NULL, NULL, 'peop1153137@kardimobile.pl', 'peop_1153137', '2700d5c61954700899c7e09a0ba3ca45', 'cd918f5416c1ea18d4c8fc2b53b71499', 'user', '2700d5c61954700899c7e09a0ba3ca45', 1, 20, NULL, 0, 1, '2016-02-08 13:17:38', 0, '2015-08-04 16:27:17', '2015-08-21 13:24:06', '2015-08-21 13:24:06', NULL),
	(2, NULL, NULL, 'peop1166425@kardimobile.pl', 'peop_1166425', 'abf18df95f6a7e25204096f514362f5f', '5d13bb14515e4ed0d6bf4b23803531fa', 'user', 'abf18df95f6a7e25204096f514362f5f', 1, 600, NULL, 0, 0, NULL, 0, '2015-08-04 16:27:18', '2015-08-22 11:40:24', '2015-08-22 13:30:06', NULL),
	(3, NULL, NULL, 'peop1128534@kardimobile.pl', 'kk33', '7baf806acc43ad103f8d84ac7171cd8f', '0613210aeddc1d25cfb1854e682ea278', 'user', '7baf806acc43ad103f8d84ac7171cd8f', 1, 900, NULL, 0, 1, '2016-02-15 19:18:40', 0, '2015-08-04 16:27:18', '2015-08-23 20:34:51', '2015-08-23 20:34:51', NULL),
	(4, NULL, NULL, 'peop1057544@kardimobile.pl', 'peop_1057544', 'd53f9d7345633cf1a8dc57b56958d20b', '6ff29a3ae5942df31d41ab1a519b1a3f', 'user', '0c36fc79ac8ff111cc0737a44b30dd69', 1, NULL, NULL, 0, 0, NULL, 0, '2015-08-04 16:27:18', '2015-08-14 16:47:52', '2015-08-14 16:47:52', NULL),
	(5, NULL, NULL, 'peop1191248@kardimobile.pl', 'peop_1191248', '14676095b78dd05a4f364a0adfd413ff', '8952afe94795b8de39cc8b58f817d61f', 'user', '14676095b78dd05a4f364a0adfd413ff', 1, NULL, NULL, 0, 0, NULL, 0, '2015-08-04 16:27:18', '2015-08-14 16:48:00', '2015-08-14 16:48:00', NULL),
	(6, NULL, NULL, 'peop1190143@kardimobile.pl', 'peop_1190143', '2329a8f7dacc735fb41dd15dda7f5dbc', '89c535bd0d01bf61e979227ef71add35', 'user', '2329a8f7dacc735fb41dd15dda7f5dbc', 1, NULL, NULL, 0, 0, NULL, 0, '2015-08-04 16:27:18', '2015-08-14 16:48:06', '2015-08-14 16:48:06', NULL),
	(7, NULL, NULL, 'peop1078992@kardimobile.pl', 'peop_1078992', '3f16c7ff7b4e27c3791f4dc3f848d68a', '95e6901759b670cc3d255b8898d2ba79', 'user', '3f16c7ff7b4e27c3791f4dc3f848d68a', 1, 1000, NULL, 0, 0, NULL, 0, '2015-08-04 16:27:18', '2015-08-14 16:48:13', '2015-08-22 13:30:06', NULL),
	(8, NULL, NULL, 'peop1167926@kardimobile.pl', 'peop_1167926', '73c193ff46f2104fad7e0b8583593e37', '2eef827465bbc87d9d37d9850e6d03c0', 'user', '73c193ff46f2104fad7e0b8583593e37', 1, NULL, NULL, 0, 0, NULL, 0, '2015-08-04 16:27:18', '2015-08-14 16:48:20', '2015-08-14 16:48:20', NULL),
	(9, NULL, NULL, 'peop1066382@kardimobile.pl', 'peop_1066382', '9f51863abd9f73fc45660c01ab0f55b3', 'b9c315d7e3ddeb99ec98189d1330700e', 'user', '9f51863abd9f73fc45660c01ab0f55b3', 1, NULL, NULL, 0, 0, NULL, 0, '2015-08-04 16:27:19', '2015-08-14 16:48:26', '2015-08-14 16:48:26', NULL),
	(10, NULL, NULL, 'peop1015344@kardimobile.pl', 'peop_1015344', 'aeab0b83c9c5d5aea56a6c7cf8fd0e95', '5a670d3978cdd86002150810afb64822', 'user', 'aeab0b83c9c5d5aea56a6c7cf8fd0e95', 1, NULL, NULL, 0, 0, NULL, 0, '2015-05-04 16:27:19', '2015-05-14 16:48:32', '2015-08-14 16:48:32', NULL),
	(11, NULL, NULL, 'peop1117383@kardimobile.pl', 'peop_1117383', 'e97790bc818a723510936a8ba4e08fb6', 'f66e3d7984b3516a96edc58ec7319f25', 'user', 'e97790bc818a723510936a8ba4e08fb6', 1, NULL, NULL, 0, 0, NULL, 0, '2015-08-04 16:27:19', '2015-08-14 16:48:39', '2015-08-14 16:48:39', NULL),
	(12, NULL, NULL, 'peop1031573@kardimobile.pl', 'peop_1031573', 'c85e53fc8ab7efef767612606aaf703b', 'f694dada21ced07f8675183934a94a2d', 'user', '92139366268af18e725e2c7ca176a091', 1, NULL, NULL, 0, 0, NULL, 0, '2015-08-04 16:27:19', '2015-08-14 16:48:45', '2015-08-14 16:48:45', NULL),
	(13, NULL, NULL, 'peop1004553@kardimobile.pl', 'peop_1004553', '6b26ec1f7d7641d69cb142dca4e9370a', '45f32d0cf8349aea0961b89219cf7194', 'user', '6b26ec1f7d7641d69cb142dca4e9370a', 1, NULL, NULL, 0, 0, NULL, 0, '2015-08-04 16:27:19', '2015-08-11 15:49:59', '2015-08-11 15:49:59', NULL),
	(14, NULL, NULL, 'peop1190900@kardimobile.pl', 'peop_1190900', '0cb62f70f000448807129f2910aea74b', '7421067aba54006911706f6efe50ccbb', 'user', '628f00a7ed47f74920f76c6762fdeaa4', 1, NULL, NULL, 0, 0, NULL, 0, '2015-08-04 16:27:19', '2015-08-11 15:47:31', '2015-08-11 15:47:31', NULL),
	(15, NULL, NULL, 'peop1148505@kardimobile.pl', 'peop_1148505', 'ee0f39de3d10b2b521da9b6e39eafadb', 'e32c8697fbda745690fac33ac1380bc9', 'user', 'ee0f39de3d10b2b521da9b6e39eafadb', 1, NULL, NULL, 0, 0, NULL, 0, '2015-08-04 16:27:19', '2015-08-07 16:24:48', '2015-08-07 16:24:48', NULL),
	(19, NULL, NULL, 'moderator', 'moderator', '93d07212d9fc94c440ea40c637b0a87a', '3752e702bcf99c77e5c91271b034d32c', 'moderator', '93d07212d9fc94c440ea40c637b0a87a', 1, NULL, 3, 0, 0, NULL, 0, '2015-08-04 17:18:18', '2015-08-05 12:38:33', '2015-08-05 12:38:33', NULL),
	(18, NULL, NULL, 'biuro@kardimobile.pl', 'km123', '93d07212d9fc94c440ea40c637b0a87a', '3752e702bcf99c77e5c91271b034d32c', 'user', '93d07212d9fc94c440ea40c637b0a87a', 1, NULL, 3, 0, 0, NULL, 0, '2015-08-04 17:18:18', '2015-08-07 16:25:12', '2015-08-07 16:25:12', NULL),
	(20, NULL, NULL, 'cron@kardimobile.pl', 'admin', '48fd05708efcfdf88f30d7b5eb68725a', 'c7721b616347c470ad6bba999c384464', 'admin', '48fd05708efcfdf88f30d7b5eb68725a', 1, 100, NULL, 0, 0, NULL, 0, '2015-08-05 16:00:32', '2015-08-22 11:07:09', '2015-08-22 11:07:09', NULL),
	(153, NULL, NULL, 'peop_1091345@kardimobile.pl', 'peop_1091345', '687f913e85e83bda9491c734a097f910', '73080d4445d7e64530f30f1d78a0b2f5', 'user', '5f1f7589dc6a30c9e677b71a94b481b3', 1, NULL, NULL, 0, 0, NULL, 0, '2015-05-20 20:22:02', '2015-08-20 20:22:02', '2015-08-23 20:22:02', NULL),
	(154, NULL, NULL, 'peop_1139136@kardimobile.pl', 'peop_1139136', 'f75d0d8b3b98839ec4ee765a7895e97a', '8a9ab994aa3ae108d25c800abbd085d7', 'user', '0c0df1643ab51915e8031287f4fffc48', 1, NULL, NULL, 0, 0, NULL, 0, '2015-05-20 20:22:02', '2015-08-20 20:22:02', '2015-08-23 20:22:02', NULL),
	(155, NULL, NULL, 'peop_1146283@kardimobile.pl', 'peop_1146283', '27c4d023bfc045087a75423153fc87ad', '22b9300b70d2250e269631d84364d40a', 'user', 'e2c56bc137e4107bfaf06ccd6887254e', 1, NULL, NULL, 0, 0, NULL, 0, '2015-05-20 20:22:02', '2015-08-20 20:22:02', '2015-08-23 20:22:02', NULL),
	(156, NULL, NULL, 'peop_1062518@kardimobile.pl', 'peop_1062518', '28a8a4ea1fe4bacb290f5b130cef211e', '895826c0508042c910790dcc5ac72ab9', 'user', '8fa9dbad98b9804ee63542ea4947222f', 1, NULL, NULL, 0, 0, NULL, 0, '2015-05-20 20:22:02', '2015-08-20 20:22:02', '2015-08-23 20:22:02', NULL),
	(157, NULL, NULL, 'peop_1034631@kardimobile.pl', 'peop_1034631', '552a78540c10cce5e5b56900d1e66300', '642b0fcd474937a63416de22c5b70787', 'user', '8ecdee508e93dd551841989469e01bc9', 1, NULL, NULL, 0, 0, NULL, 0, '2015-05-20 20:22:02', '2015-08-20 20:22:02', '2015-08-23 20:22:02', NULL),
	(158, NULL, NULL, 'peop_1021179@kardimobile.pl', 'peop_1021179', '8d5cbef02c5dba40ca67dbfbdbeedf7c', '621381aef06466d6cf728a4dbf501bd1', 'user', '9a721853f13017f681f2c6179db6f907', 1, NULL, NULL, 0, 0, NULL, 0, '2015-05-20 20:22:02', '2015-08-20 20:22:02', '2015-08-23 20:22:02', NULL),
	(159, NULL, NULL, 'peop_1049951@kardimobile.pl', 'peop_1049951', 'e917c3f6a8a6691810b45e89974ee843', '3e0b5f0b0699e5a425612ce23bcd9aca', 'user', 'b54b9188da2fe1de3b773038e30909ea', 1, NULL, NULL, 0, 0, NULL, 0, '2015-05-20 20:22:02', '2015-08-20 20:22:02', '2015-08-23 20:22:03', NULL),
	(160, NULL, NULL, 'peop_1169171@kardimobile.pl', 'peop_1169171', '98f5519140269fcb27d0328b731ccb5a', '395586062f488dc5d15516713bc1b8bd', 'user', 'e1b7fb224c96cce0b834c5846380b6de', 1, NULL, NULL, 0, 0, NULL, 0, '2015-05-20 20:22:02', '2015-08-20 20:22:02', '2015-08-23 20:22:03', NULL),
	(161, NULL, NULL, 'peop_1016558@kardimobile.pl', 'peop_1016558', '823dfe5f3afa2cd45f769ab5be4e5e6e', '3abd12b35a3248e6a78f5b0f61503a83', 'user', '0a75c72f731e60414ff664dfc1238f94', 1, NULL, NULL, 0, 0, NULL, 0, '2015-05-20 20:22:02', '2015-08-20 20:22:02', '2015-08-23 20:22:03', NULL),
	(162, NULL, NULL, 'peop_1160736@kardimobile.pl', 'peop_1160736', 'c5d584782a2cca9be90fb8e479596abb', '9681b994ddf2e1047d674eff82220060', 'user', '178fb00a1acf49ddf58849264f7a6334', 1, NULL, NULL, 0, 0, NULL, 0, '2015-05-20 20:22:02', '2015-08-20 20:22:02', '2015-08-23 20:22:03', NULL),
	(163, NULL, NULL, 'peop_1002276@kardimobile.pl', 'peop_1002276', '8ea1cc97a67db1c0107af7ddc4ef1e1b', '22f29071803ceff9eea3d17a05efb9e3', 'user', 'f300faf3f58e7ec85fdcc00eef54061e', 1, NULL, NULL, 0, 0, NULL, 0, '2015-05-20 20:22:02', '2015-08-20 20:22:02', '2015-08-23 20:22:03', NULL),
	(164, NULL, NULL, 'peop_1131836@kardimobile.pl', 'peop_1131836', '99fb51dc6ebaf35f6a9142e8d048741c', 'eaf1c008ad2e46e03a8785a24972d197', 'user', 'b8e3ee60a2bf1edb808ed884c3727f11', 1, NULL, NULL, 0, 0, NULL, 0, '2015-05-20 20:22:02', '2015-08-20 20:22:02', '2015-08-23 20:22:03', NULL),
	(165, NULL, NULL, 'peop_1047583@kardimobile.pl', 'peop_1047583', '6b82550ef2fa042a189a5a1de18f122c', '8165420fb4ef5d3f827413a592b768d8', 'user', '3dc2283a417a2f64f6f521d960872cea', 1, NULL, NULL, 0, 0, NULL, 0, '2015-05-20 20:22:02', '2015-08-20 20:22:02', '2015-08-23 20:22:03', NULL),
	(166, NULL, NULL, 'peop_1196528@kardimobile.pl', 'peop_1196528', '6a7c8de3aa82997c48e6744e97aa4832', '8a8553d9880926f37c7244b95f9e9a6a', 'user', 'a4e5f75173804291ef87554cb38b4707', 1, NULL, NULL, 0, 0, NULL, 0, '2015-05-20 20:22:02', '2015-08-20 20:22:02', '2015-08-23 20:22:03', NULL),
	(167, NULL, NULL, 'peop_1083404@kardimobile.pl', 'peop_1083404', '6506522872bfd714c9d825e493c9b9e4', '331fad594131b0ed9994fb5cf5c9c971', 'user', 'c4c8c9ab95fcf29851b0d1b67e4c0a3c', 1, NULL, NULL, 0, 0, NULL, 0, '2015-05-20 20:22:02', '2015-08-20 20:22:02', '2015-08-23 20:22:03', NULL),
	(168, NULL, NULL, 'peop_1030212@kardimobile.pl', 'peop_1030212', '0c7216781955885791626f1775fbe0a5', '3df32b7d039a93fad7cf64e2d9a378c2', 'user', '2ce0181e2d45feabe426feb9206c33ec', 1, NULL, NULL, 0, 0, NULL, 0, '2015-05-20 20:22:02', '2015-08-20 20:22:02', '2015-08-23 20:22:03', NULL),
	(169, NULL, NULL, 'peop_1111133@kardimobile.pl', 'peop_1111133', '4ef19617c1e95cff7c5c4cef0619327e', '8017b38f527c4c80c9dea11b3aa32eb7', 'user', 'c7b415f10c78336d29ae43052b679c72', 1, NULL, NULL, 0, 0, NULL, 0, '2015-05-20 20:22:02', '2015-08-20 20:22:02', '2015-08-23 20:22:03', NULL),
	(170, NULL, NULL, 'peop_1155872@kardimobile.pl', 'peop_1155872', 'bf465359f32dd979c415105c4d54c3c1', 'd68177750ad0ba4a4701c59ae7c2491b', 'user', '7d47b0d87ec3a4dde8f1be3720b3e300', 1, NULL, NULL, 0, 0, NULL, 0, '2015-05-20 20:22:02', '2015-08-20 20:22:02', '2015-08-23 20:22:03', NULL),
	(171, NULL, NULL, 'peop_1194916@kardimobile.pl', 'peop_1194916', '35d3cbf0cc500c0475ed6c23dd93dc77', '02466f3ee411410eabf809008657011c', 'user', '8855fb97775155c62509fd08ca0aceef', 1, NULL, NULL, 0, 0, NULL, 0, '2015-05-20 20:22:02', '2015-08-20 20:22:02', '2015-08-23 20:22:03', NULL),
	(172, NULL, NULL, 'peop_1038842@kardimobile.pl', 'peop_1038842', 'eca4ef37d59c7efc7f0c5ff8d8273b33', '028efe557e7e9b4e90de9b5a69a6f3aa', 'user', 'b2cc84f9333404aa98b3b5276f53bf2f', 1, NULL, NULL, 0, 0, NULL, 0, '2015-05-20 20:22:02', '2015-08-20 20:22:02', '2015-08-23 20:22:03', NULL),
	(173, NULL, NULL, 'peop_1126264@kardimobile.pl', 'peop_1126264', 'ad0192411f62dbfb497fde681aced682', '345a052e0427d922758e984c27ffb2e0', 'user', '85dae9beda3cea5aab8b5fecdc2384b4', 1, NULL, NULL, 0, 0, NULL, 0, '2015-05-20 20:22:02', '2015-08-20 20:22:02', '2015-08-23 20:22:03', NULL),
	(174, NULL, NULL, 'peop_1062915@kardimobile.pl', 'peop_1062915', 'bcf3a1f2aafd5ddba48654d0cd1dcfbf', '6d4e991dfa92d06cc361fa63b5909186', 'user', '1193f9195732b83cca6a4087b8a4fe1f', 1, NULL, NULL, 0, 0, NULL, 0, '2015-05-20 20:22:02', '2015-08-20 20:22:02', '2015-08-23 20:22:03', NULL),
	(175, NULL, NULL, 'peop_1051538@kardimobile.pl', 'peop_1051538', 'c4851866351cb9d84eaf8bae62685073', 'dffc836a324bf61f429c8fcbf9c53c83', 'user', '3199a0262c0ba080947aa60119dec137', 1, NULL, NULL, 0, 0, NULL, 0, '2015-05-20 20:22:02', '2015-08-20 20:22:02', '2015-08-23 20:22:03', NULL),
	(176, NULL, NULL, 'peop_1190503@kardimobile.pl', 'peop_1190503', '70707318fced2fe01c29c0e469419de0', '40a29157deef8ccc7b597955e526b223', 'user', '6e2e7064f466ad949dde44d17c3a28fd', 1, NULL, NULL, 0, 0, NULL, 0, '2015-05-20 20:22:02', '2015-08-20 20:22:02', '2015-08-23 20:22:03', NULL),
	(177, NULL, NULL, 'peop_1092517@kardimobile.pl', 'peop_1092517', '282bf7e848ad31a870c0a254bb7bb075', '2a444a9d479ea3133ba330e4e0a7b4c3', 'user', '9fd868250471db4196bba4f9b70774b3', 1, NULL, NULL, 0, 0, NULL, 0, '2015-05-20 20:22:02', '2015-08-20 20:22:02', '2015-08-23 20:22:03', NULL),
	(178, NULL, NULL, 'peop_1028338@kardimobile.pl', 'peop_1028338', 'c3f505c8c81f40f29700d45b2363b9d7', '4e3588911d597fc36948c22a617b394f', 'user', '13d33044b69a275d4a10076cfe7c33a3', 1, NULL, NULL, 0, 0, NULL, 0, '2015-05-20 20:22:02', '2015-08-20 20:22:02', '2015-08-23 20:22:03', NULL),
	(179, NULL, NULL, 'peop_1192377@kardimobile.pl', 'peop_1192377', 'b1786dae2669b0acd7f89fab4cc4a5f7', '633bf72e1c279d85346a7db12d330a47', 'user', '81b18e66211a58bac309c02df511f527', 1, NULL, NULL, 0, 0, NULL, 0, '2015-05-20 20:22:02', '2015-08-20 20:22:02', '2015-08-23 20:22:03', NULL),
	(180, NULL, NULL, 'peop_1185016@kardimobile.pl', 'peop_1185016', '8b4b9ae84c2059c6a4ef1beba9caefe3', '8b3a1485a6c423e42872e527d64f584b', 'user', 'efc33c1053065efbf66eeb6c3b09fed6', 1, NULL, NULL, 0, 0, NULL, 0, '2015-05-20 20:22:02', '2015-08-20 20:22:02', '2015-08-23 20:22:04', NULL),
	(181, NULL, NULL, 'peop_1041467@kardimobile.pl', 'peop_1041467', 'aca45aadbb547615a1998fcbfa9db73f', 'ea3f89d0e40367e05e13198960335b6a', 'user', '85a000eff8964594fd717472d6f76345', 1, NULL, NULL, 0, 0, NULL, 0, '2015-05-20 20:22:02', '2015-08-20 20:22:02', '2015-08-23 20:22:04', NULL),
	(182, NULL, NULL, 'peop_1026611@kardimobile.pl', 'peop_1026611', 'd05c75ed15282226e221d8b254478a96', '99bb278db95a3384290359c6f0561b4b', 'user', 'e16a3b71324dfbf04759daada73384fe', 1, NULL, NULL, 0, 0, NULL, 0, '2015-05-20 20:22:02', '2015-08-20 20:22:02', '2015-08-23 20:22:04', NULL),
	(183, NULL, NULL, 'peop_1062860@kardimobile.pl', 'peop_1062860', '6443698cea9293ea5fd308529ebd7e02', 'd85b2a32870b51f19f55503775b49e9e', 'user', 'f208bcea3c50d4282f3b49f597006223', 1, NULL, NULL, 0, 0, NULL, 0, '2015-05-20 20:22:02', '2015-08-20 20:22:02', '2015-08-23 20:22:04', NULL),
	(184, NULL, NULL, 'peop_1060840@kardimobile.pl', 'peop_1060840', '7665a22f0e59d4c8328315bc593582fa', '0b4a350690c77af13d5698b1198c6b46', 'user', '8f35be11bb32397231f83fe3088972b0', 1, NULL, NULL, 0, 0, NULL, 0, '2015-05-20 20:22:02', '2015-08-20 20:22:02', '2015-08-23 20:22:04', NULL),
	(185, NULL, NULL, 'peop_1133356@kardimobile.pl', 'peop_1133356', '4d8755b97e088aa867922694451e6dbe', 'bffb87ff9a858057a9c6628004641943', 'user', '0041392442f71d162f5d83eb777ab565', 1, NULL, NULL, 0, 0, NULL, 0, '2015-05-20 20:22:02', '2015-08-20 20:22:02', '2015-08-23 20:22:04', NULL),
	(186, NULL, NULL, 'peop_1166175@kardimobile.pl', 'peop_1166175', '5b0923a93b08cb19b2fefe8b26e02816', '291dfad590324d0ed876f9547ae1c3d3', 'user', 'ed5498d071b6a6c5f83153669d2783e8', 1, NULL, NULL, 0, 0, NULL, 0, '2015-05-20 20:22:02', '2015-08-20 20:22:02', '2015-08-23 20:22:04', NULL),
	(187, NULL, NULL, 'peop_1041986@kardimobile.pl', 'peop_1041986', 'f083e234794dd42bbeb47ccb37ce9361', 'ab0f8a4ac362bdb0a7436ef95081d7ac', 'user', '4719684256f45c476eb941012ec39630', 1, NULL, NULL, 0, 0, NULL, 0, '2015-05-20 20:22:02', '2015-08-20 20:22:02', '2015-08-23 20:22:04', NULL),
	(188, NULL, NULL, 'peop_1075464@kardimobile.pl', 'peop_1075464', 'aa8c2e29a60c09dd0a8e82e228ba03ec', '1d5e808d8c1e83e0e190d418f6aa70f5', 'user', 'cc995cc0b4b58635b30eb7fc0edeb378', 1, NULL, NULL, 0, 0, NULL, 0, '2015-05-20 20:22:02', '2015-08-20 20:22:02', '2015-08-23 20:22:04', NULL),
	(189, NULL, NULL, 'peop_1184644@kardimobile.pl', 'peop_1184644', '3a30c25dbee60ddefde7c94f8d0ecdc5', 'bbb1363b667abea1a3742272331a40e2', 'user', 'bb91137567563d4baea1cabb9fd269ae', 1, NULL, NULL, 0, 0, NULL, 0, '2015-05-20 20:22:02', '2015-08-20 20:22:02', '2015-08-23 20:22:04', NULL),
	(190, NULL, NULL, 'peop_1195789@kardimobile.pl', 'peop_1195789', '582f83549cb6310215b95c8915a94024', 'b512a9a3e48c1ba6c36d136c38193eb3', 'user', '33a1159cbf293b930c1413a8058dbfe1', 1, NULL, NULL, 0, 0, NULL, 0, '2015-05-20 20:22:02', '2015-08-20 20:22:02', '2015-08-23 20:22:04', NULL),
	(191, NULL, NULL, 'peop_1003192@kardimobile.pl', 'peop_1003192', 'e7b209b32fc59bb796218536b0e7aa97', '6ccd225104a82fdd1bda353a0dfa2a79', 'user', '08a6a47563265ae5cd509b2f264952c2', 1, NULL, NULL, 0, 0, NULL, 0, '2015-05-20 20:22:02', '2015-08-20 20:22:02', '2015-08-23 20:22:04', NULL),
	(192, NULL, NULL, 'peop_1192737@kardimobile.pl', 'peop_1192737', '3b745f7c90d9a1b25a562015fd845db3', 'ab739dbf6f7a42420841bca324df1b7f', 'user', '21744ef40b4e23250819ac768b1d7015', 1, NULL, NULL, 0, 0, NULL, 0, '2015-05-20 20:22:02', '2015-08-20 20:22:02', '2015-08-23 20:22:04', NULL),
	(193, NULL, NULL, 'peop_1159314@kardimobile.pl', 'peop_1159314', '63b29fcfc747ed82ae73c32bd2c37a47', 'c271d2406ce2b2fa8e31377083168cef', 'user', '0022005b684ecd1525ef2bfe25691ab5', 1, NULL, NULL, 0, 0, NULL, 0, '2015-05-20 20:22:02', '2015-08-20 20:22:02', '2015-08-23 20:22:04', NULL),
	(194, NULL, NULL, 'peop_1169428@kardimobile.pl', 'peop_1169428', '363f5d67af6e7d6431900e04f8ed116b', 'd9a3f5abfacb62cfba3cf290cbf4212e', 'user', 'e79826b40a5e1dec4e993c4d6e158e93', 1, NULL, NULL, 0, 0, NULL, 0, '2015-05-20 20:22:02', '2015-08-20 20:22:02', '2015-08-23 20:22:04', NULL),
	(195, NULL, NULL, 'peop_1153650@kardimobile.pl', 'peop_1153650', 'a4749c8319b752b6fb6d4190b285f03c', 'ca287848103f6f1f2bc8baea16bdc3f6', 'user', '9452d85818e514ce4428fe3204899b01', 1, NULL, NULL, 0, 0, NULL, 0, '2015-05-20 20:22:02', '2015-08-20 20:22:02', '2015-08-23 20:22:04', NULL),
	(196, NULL, NULL, 'peop_1023925@kardimobile.pl', 'peop_1023925', '4f8f149610e274e3eaa202c007377601', 'ee1a4d9feeb1c1f993ddbe7606394492', 'user', '93e0726a22a6c2d95113ac2bd72e3080', 1, NULL, NULL, 0, 0, NULL, 0, '2015-05-20 20:22:02', '2015-08-20 20:22:02', '2015-08-23 20:22:04', NULL),
	(197, NULL, NULL, 'peop_1165485@kardimobile.pl', 'peop_1165485', '30c1c19038c5609064b0dae851855f0a', 'a156b524b8214494c8228c7ecfbb3f6b', 'user', 'b4c0da6c318c684fa76b722989ae0a34', 1, NULL, NULL, 0, 0, NULL, 0, '2015-05-20 20:22:02', '2015-08-20 20:22:02', '2015-08-23 20:22:04', NULL),
	(198, NULL, NULL, 'peop_1038372@kardimobile.pl', 'peop_1038372', 'beaba95b271b159317c6126ea17d3e47', '30fb94f4e5a887b3c0cf3346174df8df', 'user', '4937c01887517f837346f0bbfff8a0da', 1, NULL, NULL, 0, 0, NULL, 0, '2015-05-20 20:22:02', '2015-08-20 20:22:02', '2015-08-23 20:22:04', NULL),
	(199, NULL, NULL, 'peop_1046496@kardimobile.pl', 'peop_1046496', '7f8e6d3c43a0602d9ce9b3035a573e95', 'a48fd01683673b92eed38ec1b3b005e9', 'user', '0c597ce45ac3f0db46091ea62278094c', 1, NULL, NULL, 0, 0, NULL, 0, '2015-05-20 20:22:02', '2015-08-20 20:22:02', '2015-08-23 20:22:04', NULL),
	(200, NULL, NULL, 'peop_1111902@kardimobile.pl', 'peop_1111902', 'fec7bb09ba1dedca00194722e303ab89', '28e59e67d254d7f20cc632f20b7b9b0b', 'user', '63b6fcdd54ce5eaad15f803daa5264a8', 1, NULL, NULL, 0, 0, NULL, 0, '2015-05-20 20:22:02', '2015-08-20 20:22:02', '2015-08-23 20:22:05', NULL),
	(201, NULL, NULL, 'peop_1115570@kardimobile.pl', 'peop_1115570', '2a03baf11012179501e263d857027ee6', '0db366a248912ae8d9479a480f33356c', 'user', '141cb8cdaa66bdbd77439f230d7a9298', 1, NULL, NULL, 0, 0, NULL, 0, '2015-05-20 20:22:02', '2015-05-20 20:22:02', '2015-08-23 20:22:05', NULL),
	(202, NULL, NULL, 'peop_1003234@kardimobile.pl', 'peop_1003234', 'c4b7d39e7598b376fee23f859f4e44a8', '41ce521f7458676cc00dbdd885dd8697', 'user', '4ff35f6f729cb44e4a8036b0a9ef2cbe', 1, NULL, NULL, 0, 0, NULL, 0, '2015-05-20 20:22:02', '2015-05-20 20:22:02', '2015-08-23 20:22:05', NULL),
	(203, NULL, NULL, 'peop_1030523@kardimobile.pl', 'peop_1030523', 'c698897290118842123c8a6c40ce4933', 'f239d10a9797f0ea05e1c5342e601639', 'user', '0b34d0d117c1ae11d6d460e4d4c1f2be', 1, NULL, NULL, 0, 0, NULL, 0, '2015-05-20 20:22:02', '2015-05-20 20:22:02', '2015-08-23 20:22:05', NULL),
	(204, NULL, NULL, 'peop_1055121@kardimobile.pl', 'peop_1055121', 'b31f1819d97a5c6c756ce635f1fd7c6b', 'd082aa42919356e338ee4cf683ef1092', 'user', 'da9212e34ec837a6778cfbf515b0474e', 1, NULL, NULL, 0, 0, NULL, 0, '2015-05-20 20:22:02', '2015-05-20 20:22:02', '2015-08-23 20:22:05', NULL),
	(205, NULL, NULL, 'peop_1011743@kardimobile.pl', 'peop_1011743', 'c14381d2d88d5b49163a37bd2e150736', 'bb25218e215a3e9b90481bf282c8140e', 'user', '6ba1d29014cdf0d2fd1758bc89a360fc', 1, NULL, NULL, 0, 0, NULL, 0, '2015-05-20 20:22:02', '2015-08-20 20:22:02', '2015-08-23 20:22:05', NULL),
	(206, NULL, NULL, 'peop_1048321@kardimobile.pl', 'peop_1048321', '65e6e46c6038cecc3fb1b579c1f52d04', '7eaa12b2625c44d103bd07c0bbb30a87', 'user', '8342091aa4cfab0c20fa9e80882e2b8d', 1, NULL, NULL, 0, 0, NULL, 0, '2015-05-20 20:22:02', '2015-08-20 20:22:02', '2015-08-23 20:22:05', NULL),
	(207, NULL, NULL, 'peop_1113123@kardimobile.pl', 'peop_1113123', '9b7cea807460a8270e5ce8482623a763', '91aea43a2f0efddae9d7df9f877fc882', 'user', '5e6f13150ef149a5aa52a29c8f1cda58', 1, NULL, NULL, 0, 0, NULL, 0, '2015-05-20 20:22:02', '2015-08-20 20:22:02', '2015-08-23 20:22:05', NULL),
	(208, NULL, NULL, 'peop_1142847@kardimobile.pl', 'peop_1142847', '648ad20124b95da1c40e1e409601800c', 'b21c9aae6a1ee1d21f8568d7f8be029f', 'user', 'a4858326e6a3536eb30e8275487bd138', 1, NULL, NULL, 0, 0, NULL, 0, '2015-05-20 20:22:02', '2015-08-20 20:22:02', '2015-08-23 20:22:05', NULL),
	(209, NULL, NULL, 'peop_1194898@kardimobile.pl', 'peop_1194898', 'f9cc94bcdfdc8bdf9075ec6d472b1c3e', '76bff81d737bc167927d51a59654b675', 'user', '2ab3c33417f1d3a2aae94a4f33bda741', 1, NULL, NULL, 0, 0, NULL, 0, '2015-05-20 20:22:02', '2015-08-20 20:22:02', '2015-08-23 20:22:05', NULL),
	(210, NULL, NULL, 'peop_1122077@kardimobile.pl', 'peop_1122077', 'd570f43238076088a4d39da23b16a897', 'f2649abb872e9498faba0b20bf436d89', 'user', '44af071d303a4717ab73bfe6bfdc117a', 1, NULL, NULL, 0, 0, NULL, 0, '2015-05-20 20:22:02', '2015-08-20 20:22:02', '2015-08-23 20:22:05', NULL),
	(211, NULL, NULL, 'peop_1170331@kardimobile.pl', 'peop_1170331', '71e144e3dd64fb0709e60c67741dcb4a', 'e792319084fbfb3462ba926592a5e28a', 'user', '4c8330009b5bcad0b410ab8a76e98307', 1, NULL, NULL, 0, 0, NULL, 0, '2015-05-20 20:22:02', '2015-08-20 20:22:02', '2015-08-23 20:22:05', NULL),
	(212, NULL, NULL, 'peop_1188105@kardimobile.pl', 'peop_1188105', '4e64dc97f2eb6ced279d00ecedac7fac', '28512ad43556c7b4b8a293242891bc08', 'user', '32ca15e254cb109f5e07b48719b5ae3e', 1, NULL, NULL, 0, 0, NULL, 0, '2015-05-20 20:22:02', '2015-08-20 20:22:02', '2015-08-23 20:22:05', NULL);
/*!40000 ALTER TABLE `user_user` ENABLE KEYS */;


-- Zrzut struktury widok ral.userwidok
DROP VIEW IF EXISTS `userwidok`;
-- Usuwanie tabeli tymczasowej i tworzenie ostatecznej struktury WIDOKU
DROP TABLE IF EXISTS `userwidok`;
CREATE ALGORITHM=UNDEFINED DEFINER=`root`@`localhost` VIEW `userwidok` AS SELECT u.id as uid,u.created_at as ucreated,u.last_active, t.id,t.league_name from team_team t inner join user_user u on t.user_id = u.id ;
/*!40101 SET SQL_MODE=IFNULL(@OLD_SQL_MODE, '') */;
/*!40014 SET FOREIGN_KEY_CHECKS=IF(@OLD_FOREIGN_KEY_CHECKS IS NULL, 1, @OLD_FOREIGN_KEY_CHECKS) */;
/*!40101 SET CHARACTER_SET_CLIENT=@OLD_CHARACTER_SET_CLIENT */;
