-- --------------------------------------------------------
-- Host:                         s41.hekko.net.pl
-- Server version:               5.5.44-37.3 - Source distribution
-- Server OS:                    Linux
-- HeidiSQL Version:             9.1.0.4867
-- --------------------------------------------------------

/*!40101 SET @OLD_CHARACTER_SET_CLIENT=@@CHARACTER_SET_CLIENT */;
/*!40101 SET NAMES utf8mb4 */;
/*!40014 SET @OLD_FOREIGN_KEY_CHECKS=@@FOREIGN_KEY_CHECKS, FOREIGN_KEY_CHECKS=0 */;
/*!40101 SET @OLD_SQL_MODE=@@SQL_MODE, SQL_MODE='NO_AUTO_VALUE_ON_ZERO' */;

-- Dumping structure for table switkrze_rally.car_car
DROP TABLE IF EXISTS `car_car`;
CREATE TABLE IF NOT EXISTS `car_car` (
  `id` int(11) NOT NULL AUTO_INCREMENT,
  `model_id` bigint(20) DEFAULT NULL,
  `name` varchar(255) DEFAULT NULL,
  `team_id` bigint(20) DEFAULT NULL,
  `mileage` bigint(20) DEFAULT NULL,
  `value` bigint(20) DEFAULT NULL,
  `upkeep` bigint(20) DEFAULT NULL,
  `last_season_value_id` bigint(20) DEFAULT NULL,
  `on_market` tinyint(1) NOT NULL DEFAULT '0',
  `created_at` datetime NOT NULL,
  `updated_at` datetime NOT NULL,
  `deleted_at` datetime DEFAULT NULL,
  `last_name_change` datetime DEFAULT NULL,
  PRIMARY KEY (`id`)
) ENGINE=MyISAM AUTO_INCREMENT=19 DEFAULT CHARSET=utf8;

-- Dumping data for table switkrze_rally.car_car: 17 rows
DELETE FROM `car_car`;
/*!40000 ALTER TABLE `car_car` DISABLE KEYS */;
INSERT INTO `car_car` (`id`, `model_id`, `name`, `team_id`, `mileage`, `value`, `upkeep`, `last_season_value_id`, `on_market`, `created_at`, `updated_at`, `deleted_at`, `last_name_change`) VALUES
	(2, 19, 'Ford Focus WRC #13452', 2, 0, 165000, 24750, 0, 0, '2015-08-25 17:14:14', '2015-08-25 17:14:14', NULL, NULL),
	(3, 6, 'Mitsubishi Lancer Evo IX GT340 #23871', 3, 0, 123000, 18450, 0, 0, '2015-08-25 18:57:06', '2015-08-25 18:57:06', NULL, NULL),
	(4, 16, 'Toyota Celica GT-Four ST205 #2733', 4, 0, 115000, 17250, 0, 0, '2015-08-25 19:07:54', '2015-08-25 19:07:54', NULL, NULL),
	(5, 24, 'Seal no 1', 5, 0, 133000, 19950, 0, 0, '2015-08-26 06:44:07', '2015-08-27 11:00:27', NULL, '2015-08-27 11:00:27'),
	(6, 16, 'Toyota Celica GT-Four ST205 #3125', 6, 0, 115000, 17250, 0, 0, '2015-08-26 08:37:46', '2015-08-26 08:37:46', NULL, NULL),
	(7, 6, 'Mitsubishi', 7, 0, 123000, 18450, 0, 0, '2015-08-26 10:22:59', '2015-08-26 10:38:38', NULL, '2015-08-26 10:38:38'),
	(8, 16, 'Toyota Celica GT-Four ST205 #24097', 8, 0, 115000, 17250, 0, 0, '2015-08-26 11:14:47', '2015-08-26 11:14:47', NULL, NULL),
	(9, 6, 'Mitsubishi Lancer Evo IX GT340 #14033', 9, 0, 123000, 18450, 0, 0, '2015-08-26 11:18:45', '2015-08-26 11:18:45', NULL, NULL),
	(10, 43, 'Dacia Sandero #23813', 2, 0, 23900, 3585, 0, 0, '2015-08-26 16:32:29', '2015-08-26 16:32:29', NULL, NULL),
	(11, 11, '          ', 10, 0, 183000, 27450, 0, 0, '2015-08-26 16:46:19', '2015-08-27 11:23:52', NULL, '2015-08-27 11:23:52'),
	(12, 16, 'KURWY SZMATY', 11, 0, 115000, 17250, 0, 0, '2015-08-26 20:17:15', '2015-08-26 20:19:19', NULL, '2015-08-26 20:19:19'),
	(13, 16, 'Toyota Celica GT-Four ST205 #19044', 12, 0, 115000, 17250, 0, 0, '2015-08-26 23:51:56', '2015-08-26 23:51:56', NULL, NULL),
	(14, 11, 'Subaru Impreza WRX STI 2008 #21196', 13, 0, 183000, 27450, 0, 0, '2015-08-27 00:38:41', '2015-08-27 00:38:41', NULL, NULL),
	(15, 24, 'Volkswagen Polo R WRC #12759', 14, 0, 133000, 19950, 0, 0, '2015-08-27 01:07:04', '2015-08-27 01:07:04', NULL, NULL),
	(16, 19, 'Ford Focus WRC #21940', 15, 0, 165000, 24750, 0, 0, '2015-08-27 10:39:47', '2015-08-27 10:39:47', NULL, NULL),
	(17, 6, 'Mitsubishi Lancer Evo IX GT340 #9624', 16, 0, 123000, 18450, 0, 0, '2015-08-27 10:55:05', '2015-08-27 10:55:05', NULL, NULL),
	(18, 43, '      ', 10, 0, 23900, 3585, 0, 1, '2015-08-27 11:22:23', '2015-08-27 11:36:17', NULL, '2015-08-27 11:24:53');
/*!40000 ALTER TABLE `car_car` ENABLE KEYS */;


-- Dumping structure for table switkrze_rally.car_car_models
DROP TABLE IF EXISTS `car_car_models`;
CREATE TABLE IF NOT EXISTS `car_car_models` (
  `id` int(11) NOT NULL AUTO_INCREMENT,
  `name` varchar(255) DEFAULT NULL,
  `capacity` bigint(20) DEFAULT NULL,
  `horsepower` bigint(20) DEFAULT NULL,
  `max_speed` bigint(20) DEFAULT NULL,
  `acceleration` float(10,2) DEFAULT NULL,
  `wheel_drive` enum('front','rear','4x4') DEFAULT NULL,
  `league` bigint(20) DEFAULT NULL,
  `price` bigint(20) DEFAULT NULL,
  `unique` bigint(20) DEFAULT NULL,
  `real_value` bigint(20) DEFAULT NULL,
  `on_market` tinyint(1) NOT NULL DEFAULT '0',
  `photo` varchar(255) DEFAULT NULL,
  `created_at` datetime NOT NULL,
  `updated_at` datetime NOT NULL,
  PRIMARY KEY (`id`)
) ENGINE=MyISAM AUTO_INCREMENT=44 DEFAULT CHARSET=utf8;

-- Dumping data for table switkrze_rally.car_car_models: 33 rows
DELETE FROM `car_car_models`;
/*!40000 ALTER TABLE `car_car_models` DISABLE KEYS */;
INSERT INTO `car_car_models` (`id`, `name`, `capacity`, `horsepower`, `max_speed`, `acceleration`, `wheel_drive`, `league`, `price`, `unique`, `real_value`, `on_market`, `photo`, `created_at`, `updated_at`) VALUES
	(11, 'Subaru Impreza WRX STI 2008', 2457, 297, 243, 4.80, '', 1, 183000, 1, 12787, 0, 'subaru_wrx_sti_2008.jpg', '2015-08-06 17:21:15', '2015-08-13 10:22:54'),
	(19, 'Ford Focus WRC', 1991, 300, 230, 4.20, '', 1, 165000, 1, 13353, 0, 'ford_focus_wrc.jpg', '2015-08-07 11:21:11', '2015-08-13 10:22:54'),
	(24, 'Volkswagen Polo R WRC', 1666, 315, 200, 3.90, '', 1, 133000, 0, 14026, 1, 'volkswagen_polo_r.jpg', '2015-08-07 12:25:29', '2015-08-13 10:22:54'),
	(15, 'Honda Civic Turbo Type R', 1998, 306, 268, 5.70, '', 1, 127000, 0, 14094, 0, 'honca_civic_type_r.jpg', '2015-08-06 18:06:58', '2015-08-13 10:22:54'),
	(6, 'Mitsubishi Lancer Evo IX GT340', 1997, 305, 250, 5.20, '', 1, 123000, 0, 14113, 0, 'mitsubishi_lancer_evo_ix.jpg', '2015-08-06 12:30:11', '2015-08-13 10:22:54'),
	(21, 'Skoda Octavia WRC', 1998, 300, 230, 4.80, '', 1, 119700, 0, 14361, 1, 'skoda_octavia_wrc.png', '2015-08-07 12:15:00', '2015-08-13 10:22:54'),
	(16, 'Toyota Celica GT-Four ST205', 1998, 239, 246, 5.90, '', 1, 115000, 0, 17379, 0, 'toyota_celica_gt_four.jpg', '2015-08-07 10:48:25', '2015-08-13 10:22:54'),
	(27, 'Ford Escort V Cosworth', 1993, 224, 232, 6.10, '', 2, 97000, 0, 18558, 0, 'ford_escort_rs_crossworth.png', '2015-08-07 12:55:56', '2015-08-13 10:22:54'),
	(18, 'Ford Focus RS', 1988, 215, 232, 6.70, '', 2, 87200, 0, 19400, 0, 'ford_focus_rs_I.jpg', '2015-08-07 11:01:11', '2015-08-13 10:22:54'),
	(28, 'Peugeot 207', 1998, 280, 199, 11.10, '', 2, 85100, 0, 20123, 1, 'peugeot_207.JPG', '2015-08-07 13:02:23', '2015-08-13 10:22:54'),
	(7, 'Ford Fiesta R5', 1597, 280, 180, 8.10, '', 2, 83000, 0, 20680, 0, 'ford_fiesta_r5.jpg', '2015-08-06 12:31:14', '2015-08-13 10:22:54'),
	(23, 'Mini Cooper S', 1598, 208, 210, 6.80, '', 2, 79300, 0, 21497, 0, 'mini_cooper_s.png', '2015-08-07 12:22:33', '2015-08-13 10:22:54'),
	(13, 'Mazda 323 GTR', 1840, 182, 221, 7.00, '', 2, 74300, 0, 21554, 0, 'mazda323_gtr.jpg', '2015-08-06 17:46:53', '2015-08-13 10:22:54'),
	(12, 'Citroen Xsara VTS', 1998, 167, 220, 8.00, '', 2, 72100, 0, 22298, 1, 'citroen_xsara_vts.jpg', '2015-08-06 17:30:34', '2015-08-13 10:22:54'),
	(22, 'Skoda Fabia IRC', 1398, 177, 223, 7.30, '', 3, 56500, 0, 23100, 1, 'skoda_fabia.png', '2015-08-07 12:17:42', '2015-08-13 10:22:54'),
	(1, 'BMW 318is', 1895, 138, 212, 9.70, '', 3, 53000, 0, 24626, 0, 'bmw318is.png', '2015-08-07 13:17:40', '2015-08-13 10:22:54'),
	(20, 'Hyundai Accent ', 1600, 137, 194, 8.20, '', 3, 50100, 0, 25393, 0, 'hyundai_accent.jpg', '2015-08-07 12:05:37', '2015-08-13 10:22:54'),
	(10, 'Suzuki Swift Sport', 1568, 136, 195, 8.70, '', 3, 49500, 0, 25728, 0, 'suzuki_swift.JPG', '2015-08-06 15:21:31', '2015-08-13 10:22:54'),
	(26, 'Ford Puma', 1679, 125, 203, 9.20, '', 3, 46100, 0, 25778, 0, 'ford_puma.jpg', '2015-08-07 12:40:24', '2015-08-13 10:22:54'),
	(14, 'FSO Polonez', 1600, 130, 180, 8.10, '', 3, 44500, 0, 26028, 0, 'fso_polonez.JPG', '2015-08-06 17:54:15', '2015-08-13 10:22:54'),
	(3, 'Triumph TR7', 1998, 105, 175, 9.80, '', 3, 41000, 0, 26711, 1, 'triumph_tr7.jpg', '2015-08-07 13:09:20', '2015-08-13 10:22:54'),
	(4, 'Alfa Romeo Junior', 1300, 136, 197, 10.30, '', 4, 36500, 0, 27026, 0, 'alfa_romeo_junior.png', '2015-08-07 13:06:34', '2015-08-13 10:22:54'),
	(5, 'Renault Clio III', 1598, 110, 190, 10.20, '', 4, 34100, 0, 27313, 0, 'renault_clio_3.jpg', '2015-08-06 17:17:50', '2015-08-13 10:22:54'),
	(2, 'Nissan Micra Sport', 1598, 108, 183, 9.80, '', 4, 33150, 0, 27465, 0, 'nissan_micra.jpg', '2015-08-07 13:13:40', '2015-08-13 10:22:54'),
	(42, 'Opel Viva GT', 1975, 104, 162, 10.70, '', 4, 33100, 0, 27513, 1, 'opel_viva.jpg', '2015-08-07 15:48:26', '2015-08-13 10:22:54'),
	(39, 'Ford Cortina MKIII', 1993, 98, 165, 11.10, '', 4, 31000, 0, 27700, 0, 'ford_cortina_mk3.png', '2015-08-07 15:44:10', '2015-08-13 10:22:54'),
	(17, 'Proton Satria Neo Sport', 1589, 111, 189, 11.50, '', 4, 30500, 0, 27716, 1, 'pro_satria_neo.png', '2015-08-07 10:56:18', '2015-08-13 10:22:54'),
	(40, 'Mazda 2 Sport', 1498, 102, 188, 10.40, '', 5, 24500, 0, 28004, 0, 'mazda2_sport.png', '2015-08-07 15:46:14', '2015-08-13 10:22:54'),
	(43, 'Dacia Sandero', 1598, 104, 180, 11.40, '', 5, 23900, 0, 28196, 1, 'dacia_sandero.png', '2015-08-07 16:09:41', '2015-08-13 10:22:54'),
	(8, 'Peugeot 208 VTi', 1199, 120, 178, 12.20, '', 5, 17000, 0, 28993, 0, 'peugot208_vti.jpg', '2015-08-06 12:39:23', '2015-08-13 10:22:54'),
	(41, 'Talbot Samba Rally', 1219, 90, 175, 10.80, '', 5, 13000, 0, 29736, 0, 'talbot_samba.png', '2015-08-07 15:47:54', '2015-08-13 10:22:54'),
	(25, 'Suzuki Ignis', 1300, 92, 159, 10.70, '', 5, 11500, 0, 29910, 0, 'suzuki_ignis.jpg', '2015-08-07 12:35:17', '2015-08-13 10:22:54'),
	(9, 'Fiat Cinquecento Sport', 1109, 54, 150, 13.80, '', 6, 5500, 1, 32803, 0, 'cinquecento.jpg', '2015-08-06 12:50:19', '2015-08-13 10:22:54');
/*!40000 ALTER TABLE `car_car_models` ENABLE KEYS */;


-- Dumping structure for table switkrze_rally.forum_category
DROP TABLE IF EXISTS `forum_category`;
CREATE TABLE IF NOT EXISTS `forum_category` (
  `id` int(11) NOT NULL AUTO_INCREMENT,
  `name` varchar(255) DEFAULT NULL,
  `slug` varchar(255) DEFAULT NULL,
  `description` text,
  `active` tinyint(1) DEFAULT '0',
  `created_at` datetime NOT NULL,
  `updated_at` datetime NOT NULL,
  `deleted_at` datetime DEFAULT NULL,
  PRIMARY KEY (`id`)
) ENGINE=MyISAM AUTO_INCREMENT=6 DEFAULT CHARSET=utf8;

-- Dumping data for table switkrze_rally.forum_category: 5 rows
DELETE FROM `forum_category`;
/*!40000 ALTER TABLE `forum_category` DISABLE KEYS */;
INSERT INTO `forum_category` (`id`, `name`, `slug`, `description`, `active`, `created_at`, `updated_at`, `deleted_at`) VALUES
	(1, 'Ogólne', 'ogolne', 'O grze', 1, '0000-00-00 00:00:00', '0000-00-00 00:00:00', NULL),
	(2, 'Rajdy towarzyskie', 'rajdy-towarzyskie', 'Tutaj możecie pogadać o rajdach towarzyskich', 1, '0000-00-00 00:00:00', '0000-00-00 00:00:00', NULL),
	(3, 'Pytania', 'pytania', 'Tutaj możecie pytać o wszystko', 1, '0000-00-00 00:00:00', '0000-00-00 00:00:00', NULL),
	(5, 'Off topic', 'off-topic', 'Wszystko co nie zwiazane z gra', 1, '0000-00-00 00:00:00', '0000-00-00 00:00:00', NULL),
	(4, 'Sugestie', 'sugestie', 'Masz pomysł co ulepszyć w grze? Podziel się nim z nami', 1, '0000-00-00 00:00:00', '0000-00-00 00:00:00', NULL);
/*!40000 ALTER TABLE `forum_category` ENABLE KEYS */;


-- Dumping structure for table switkrze_rally.forum_favourite
DROP TABLE IF EXISTS `forum_favourite`;
CREATE TABLE IF NOT EXISTS `forum_favourite` (
  `id` int(11) NOT NULL AUTO_INCREMENT,
  `user_id` bigint(20) DEFAULT NULL,
  `category_id` bigint(20) DEFAULT NULL,
  `created_at` datetime NOT NULL,
  `updated_at` datetime NOT NULL,
  PRIMARY KEY (`id`),
  KEY `category_id_idx` (`category_id`),
  KEY `forum_favourite_user_id_user_user_id` (`user_id`)
) ENGINE=MyISAM DEFAULT CHARSET=utf8;

-- Dumping data for table switkrze_rally.forum_favourite: 0 rows
DELETE FROM `forum_favourite`;
/*!40000 ALTER TABLE `forum_favourite` DISABLE KEYS */;
/*!40000 ALTER TABLE `forum_favourite` ENABLE KEYS */;


-- Dumping structure for table switkrze_rally.forum_post
DROP TABLE IF EXISTS `forum_post`;
CREATE TABLE IF NOT EXISTS `forum_post` (
  `id` int(11) NOT NULL AUTO_INCREMENT,
  `user_id` int(11) DEFAULT NULL,
  `category_id` int(11) DEFAULT NULL,
  `title` varchar(255) DEFAULT NULL,
  `content` text,
  `active` tinyint(1) NOT NULL DEFAULT '1',
  `thread_id` int(11) DEFAULT NULL,
  `moderator_notes` text,
  `moderator_date` datetime DEFAULT NULL,
  `moderator_name` varchar(255) DEFAULT NULL,
  `created_at` datetime NOT NULL,
  `updated_at` datetime NOT NULL,
  `deleted_at` datetime DEFAULT NULL,
  PRIMARY KEY (`id`),
  KEY `forum_post_user_id_user_user_id` (`user_id`),
  KEY `forum_post_thread_id_forum_thread_id` (`thread_id`),
  KEY `forum_post_category_id_forum_category_id` (`category_id`)
) ENGINE=MyISAM AUTO_INCREMENT=3 DEFAULT CHARSET=utf8;

-- Dumping data for table switkrze_rally.forum_post: 0 rows
DELETE FROM `forum_post`;
/*!40000 ALTER TABLE `forum_post` DISABLE KEYS */;
/*!40000 ALTER TABLE `forum_post` ENABLE KEYS */;


-- Dumping structure for table switkrze_rally.forum_thread
DROP TABLE IF EXISTS `forum_thread`;
CREATE TABLE IF NOT EXISTS `forum_thread` (
  `id` int(11) NOT NULL AUTO_INCREMENT,
  `user_id` int(11) DEFAULT NULL,
  `category_id` int(11) DEFAULT NULL,
  `title` varchar(255) DEFAULT NULL,
  `content` text,
  `pinned` tinyint(1) DEFAULT '0',
  `active` tinyint(1) NOT NULL DEFAULT '1',
  `moderator_notes` text,
  `moderator_date` datetime DEFAULT NULL,
  `moderator_name` varchar(255) DEFAULT NULL,
  `created_at` datetime NOT NULL,
  `updated_at` datetime NOT NULL,
  `deleted_at` datetime DEFAULT NULL,
  PRIMARY KEY (`id`),
  KEY `forum_thread_user_id_user_user_id` (`user_id`),
  KEY `forum_thread_category_id_forum_category_id` (`category_id`)
) ENGINE=MyISAM AUTO_INCREMENT=7 DEFAULT CHARSET=utf8;

-- Dumping data for table switkrze_rally.forum_thread: 0 rows
DELETE FROM `forum_thread`;
/*!40000 ALTER TABLE `forum_thread` DISABLE KEYS */;
/*!40000 ALTER TABLE `forum_thread` ENABLE KEYS */;


-- Dumping structure for table switkrze_rally.league_league
DROP TABLE IF EXISTS `league_league`;
CREATE TABLE IF NOT EXISTS `league_league` (
  `league_name` varchar(255) NOT NULL DEFAULT '0.00',
  `league_level` bigint(20) DEFAULT NULL,
  `created_at` datetime NOT NULL,
  `updated_at` datetime NOT NULL,
  `deleted_at` datetime DEFAULT NULL,
  PRIMARY KEY (`league_name`)
) ENGINE=MyISAM DEFAULT CHARSET=utf8;

-- Dumping data for table switkrze_rally.league_league: 57 rows
DELETE FROM `league_league`;
/*!40000 ALTER TABLE `league_league` DISABLE KEYS */;
INSERT INTO `league_league` (`league_name`, `league_level`, `created_at`, `updated_at`, `deleted_at`) VALUES
	('1.0', 1, '0000-00-00 00:00:00', '0000-00-00 00:00:00', NULL),
	('2.1', 2, '0000-00-00 00:00:00', '0000-00-00 00:00:00', NULL),
	('2.2', 2, '0000-00-00 00:00:00', '0000-00-00 00:00:00', NULL),
	('3.1', 3, '0000-00-00 00:00:00', '0000-00-00 00:00:00', NULL),
	('3.2', 3, '0000-00-00 00:00:00', '0000-00-00 00:00:00', NULL),
	('3.3', 3, '0000-00-00 00:00:00', '0000-00-00 00:00:00', NULL),
	('3.4', 3, '0000-00-00 00:00:00', '0000-00-00 00:00:00', NULL),
	('4.1', 4, '0000-00-00 00:00:00', '0000-00-00 00:00:00', NULL),
	('4.2', 4, '0000-00-00 00:00:00', '0000-00-00 00:00:00', NULL),
	('4.3', 4, '0000-00-00 00:00:00', '0000-00-00 00:00:00', NULL),
	('4.4', 4, '0000-00-00 00:00:00', '0000-00-00 00:00:00', NULL),
	('4.5', 4, '0000-00-00 00:00:00', '0000-00-00 00:00:00', NULL),
	('4.6', 4, '0000-00-00 00:00:00', '0000-00-00 00:00:00', NULL),
	('4.7', 4, '0000-00-00 00:00:00', '0000-00-00 00:00:00', NULL),
	('4.8', 4, '0000-00-00 00:00:00', '0000-00-00 00:00:00', NULL),
	('5.9', 5, '0000-00-00 00:00:00', '0000-00-00 00:00:00', NULL),
	('5.10', 5, '0000-00-00 00:00:00', '0000-00-00 00:00:00', NULL),
	('5.11', 5, '0000-00-00 00:00:00', '0000-00-00 00:00:00', NULL),
	('5.13', 5, '0000-00-00 00:00:00', '0000-00-00 00:00:00', NULL),
	('5.14', 5, '0000-00-00 00:00:00', '0000-00-00 00:00:00', NULL),
	('5.15', 5, '0000-00-00 00:00:00', '0000-00-00 00:00:00', NULL),
	('5.16', 5, '0000-00-00 00:00:00', '0000-00-00 00:00:00', NULL),
	('5.12', 5, '0000-00-00 00:00:00', '0000-00-00 00:00:00', NULL),
	('5.1', 5, '0000-00-00 00:00:00', '0000-00-00 00:00:00', NULL),
	('5.2', 5, '0000-00-00 00:00:00', '0000-00-00 00:00:00', NULL),
	('5.3', 5, '0000-00-00 00:00:00', '0000-00-00 00:00:00', NULL),
	('5.4', 5, '0000-00-00 00:00:00', '0000-00-00 00:00:00', NULL),
	('5.5', 5, '0000-00-00 00:00:00', '0000-00-00 00:00:00', NULL),
	('5.6', 5, '0000-00-00 00:00:00', '0000-00-00 00:00:00', NULL),
	('5.7', 5, '0000-00-00 00:00:00', '0000-00-00 00:00:00', NULL),
	('5.8', 5, '0000-00-00 00:00:00', '0000-00-00 00:00:00', NULL),
	('1', 1, '2015-08-04 16:26:23', '2015-08-04 16:26:23', NULL),
	('2.3', 2, '0000-00-00 00:00:00', '0000-00-00 00:00:00', NULL),
	('3.5', 3, '0000-00-00 00:00:00', '0000-00-00 00:00:00', NULL),
	('3.6', 3, '0000-00-00 00:00:00', '0000-00-00 00:00:00', NULL),
	('3.7', 3, '0000-00-00 00:00:00', '0000-00-00 00:00:00', NULL),
	('3.8', 3, '0000-00-00 00:00:00', '0000-00-00 00:00:00', NULL),
	('3.9', 3, '0000-00-00 00:00:00', '0000-00-00 00:00:00', NULL),
	('4.9', 4, '0000-00-00 00:00:00', '0000-00-00 00:00:00', NULL),
	('4.10', 4, '0000-00-00 00:00:00', '0000-00-00 00:00:00', NULL),
	('4.11', 4, '0000-00-00 00:00:00', '0000-00-00 00:00:00', NULL),
	('4.12', 4, '0000-00-00 00:00:00', '0000-00-00 00:00:00', NULL),
	('4.13', 4, '0000-00-00 00:00:00', '0000-00-00 00:00:00', NULL),
	('4.14', 4, '0000-00-00 00:00:00', '0000-00-00 00:00:00', NULL),
	('4.15', 4, '0000-00-00 00:00:00', '0000-00-00 00:00:00', NULL),
	('4.16', 4, '0000-00-00 00:00:00', '0000-00-00 00:00:00', NULL),
	('4.17', 4, '0000-00-00 00:00:00', '0000-00-00 00:00:00', NULL),
	('4.18', 4, '0000-00-00 00:00:00', '0000-00-00 00:00:00', NULL),
	('4.19', 4, '0000-00-00 00:00:00', '0000-00-00 00:00:00', NULL),
	('4.20', 4, '0000-00-00 00:00:00', '0000-00-00 00:00:00', NULL),
	('4.21', 4, '0000-00-00 00:00:00', '0000-00-00 00:00:00', NULL),
	('4.22', 4, '0000-00-00 00:00:00', '0000-00-00 00:00:00', NULL),
	('4.23', 4, '0000-00-00 00:00:00', '0000-00-00 00:00:00', NULL),
	('4.24', 4, '0000-00-00 00:00:00', '0000-00-00 00:00:00', NULL),
	('4.25', 4, '0000-00-00 00:00:00', '0000-00-00 00:00:00', NULL),
	('4.26', 4, '0000-00-00 00:00:00', '0000-00-00 00:00:00', NULL),
	('4.27', 4, '0000-00-00 00:00:00', '0000-00-00 00:00:00', NULL);
/*!40000 ALTER TABLE `league_league` ENABLE KEYS */;


-- Dumping structure for table switkrze_rally.league_season
DROP TABLE IF EXISTS `league_season`;
CREATE TABLE IF NOT EXISTS `league_season` (
  `id` int(11) NOT NULL AUTO_INCREMENT,
  `league_name` varchar(255) DEFAULT NULL,
  `team_id` bigint(20) DEFAULT NULL,
  `points` bigint(20) DEFAULT '0',
  `season` bigint(20) DEFAULT NULL,
  `created_at` datetime NOT NULL,
  `updated_at` datetime NOT NULL,
  `deleted_at` datetime DEFAULT NULL,
  PRIMARY KEY (`id`),
  KEY `league_name_idx` (`league_name`),
  KEY `league_season_team_id_team_team_id` (`team_id`)
) ENGINE=MyISAM AUTO_INCREMENT=17 DEFAULT CHARSET=utf8;

-- Dumping data for table switkrze_rally.league_season: 15 rows
DELETE FROM `league_season`;
/*!40000 ALTER TABLE `league_season` DISABLE KEYS */;
INSERT INTO `league_season` (`id`, `league_name`, `team_id`, `points`, `season`, `created_at`, `updated_at`, `deleted_at`) VALUES
	(8, '1.0', 8, 0, 1, '2015-08-26 11:14:47', '2015-08-26 11:14:47', NULL),
	(2, '1.0', 2, 0, 1, '2015-08-25 17:14:14', '2015-08-25 17:14:14', NULL),
	(3, '1.0', 3, 0, 1, '2015-08-25 18:57:06', '2015-08-25 18:57:06', NULL),
	(4, '1.0', 4, 0, 1, '2015-08-25 19:07:54', '2015-08-25 19:07:54', NULL),
	(5, '1.0', 5, 0, 1, '2015-08-26 06:44:07', '2015-08-26 06:44:07', NULL),
	(6, '1.0', 6, 0, 1, '2015-08-26 08:37:46', '2015-08-26 08:37:46', NULL),
	(7, '1.0', 7, 0, 1, '2015-08-26 10:22:59', '2015-08-26 10:22:59', NULL),
	(9, '1.0', 9, 0, 1, '2015-08-26 11:18:45', '2015-08-26 11:18:45', NULL),
	(10, '1.0', 10, 0, 1, '2015-08-26 16:46:19', '2015-08-26 16:46:19', NULL),
	(11, '1.0', 11, 0, 1, '2015-08-26 20:17:15', '2015-08-26 20:17:15', NULL),
	(12, '1.0', 12, 0, 1, '2015-08-26 23:51:56', '2015-08-26 23:51:56', NULL),
	(13, '1.0', 13, 0, 1, '2015-08-27 00:38:41', '2015-08-27 00:38:41', NULL),
	(14, '1.0', 14, 0, 1, '2015-08-27 01:07:04', '2015-08-27 01:07:04', NULL),
	(15, '1.0', 15, 0, 1, '2015-08-27 10:39:47', '2015-08-27 10:39:47', NULL),
	(16, '1.0', 16, 0, 1, '2015-08-27 10:55:05', '2015-08-27 10:55:05', NULL);
/*!40000 ALTER TABLE `league_season` ENABLE KEYS */;


-- Dumping structure for table switkrze_rally.league_season_info
DROP TABLE IF EXISTS `league_season_info`;
CREATE TABLE IF NOT EXISTS `league_season_info` (
  `id` int(11) NOT NULL AUTO_INCREMENT,
  `season` bigint(20) DEFAULT NULL,
  `season_start` datetime DEFAULT NULL,
  `season_finish` datetime DEFAULT NULL,
  `created_at` datetime NOT NULL,
  `updated_at` datetime NOT NULL,
  `deleted_at` datetime DEFAULT NULL,
  PRIMARY KEY (`id`)
) ENGINE=MyISAM AUTO_INCREMENT=4 DEFAULT CHARSET=utf8;

-- Dumping data for table switkrze_rally.league_season_info: 2 rows
DELETE FROM `league_season_info`;
/*!40000 ALTER TABLE `league_season_info` DISABLE KEYS */;
INSERT INTO `league_season_info` (`id`, `season`, `season_start`, `season_finish`, `created_at`, `updated_at`, `deleted_at`) VALUES
	(2, 1, '2015-08-27 09:48:30', '2015-11-19 09:48:33', '0000-00-00 00:00:00', '0000-00-00 00:00:00', NULL),
	(3, 2, '2015-11-19 09:48:40', '2016-01-05 09:48:33', '0000-00-00 00:00:00', '0000-00-00 00:00:00', NULL);
/*!40000 ALTER TABLE `league_season_info` ENABLE KEYS */;


-- Dumping structure for table switkrze_rally.market_bid
DROP TABLE IF EXISTS `market_bid`;
CREATE TABLE IF NOT EXISTS `market_bid` (
  `id` int(11) NOT NULL AUTO_INCREMENT,
  `offer_id` int(11) DEFAULT NULL,
  `value` bigint(20) DEFAULT NULL,
  `team_id` bigint(20) DEFAULT NULL,
  `active` tinyint(1) NOT NULL DEFAULT '1',
  `user_ip` varchar(50) DEFAULT NULL,
  `created_at` datetime NOT NULL,
  `updated_at` datetime NOT NULL,
  `deleted_at` datetime DEFAULT NULL,
  PRIMARY KEY (`id`),
  KEY `market_bid_team_id_team_team_id` (`team_id`),
  KEY `market_bid_offer_id_market_offer_id` (`offer_id`)
) ENGINE=MyISAM AUTO_INCREMENT=6 DEFAULT CHARSET=utf8;

-- Dumping data for table switkrze_rally.market_bid: 0 rows
DELETE FROM `market_bid`;
/*!40000 ALTER TABLE `market_bid` DISABLE KEYS */;
/*!40000 ALTER TABLE `market_bid` ENABLE KEYS */;


-- Dumping structure for table switkrze_rally.market_car_bid
DROP TABLE IF EXISTS `market_car_bid`;
CREATE TABLE IF NOT EXISTS `market_car_bid` (
  `id` int(11) NOT NULL AUTO_INCREMENT,
  `offer_id` int(11) DEFAULT NULL,
  `value` bigint(20) DEFAULT NULL,
  `team_id` bigint(20) DEFAULT NULL,
  `active` tinyint(1) NOT NULL DEFAULT '1',
  `user_ip` varchar(255) DEFAULT NULL,
  `created_at` datetime NOT NULL,
  `updated_at` datetime NOT NULL,
  `deleted_at` datetime DEFAULT NULL,
  PRIMARY KEY (`id`),
  KEY `offer_id_idx` (`offer_id`),
  KEY `market_car_bid_team_id_team_team_id` (`team_id`)
) ENGINE=MyISAM DEFAULT CHARSET=utf8;

-- Dumping data for table switkrze_rally.market_car_bid: 0 rows
DELETE FROM `market_car_bid`;
/*!40000 ALTER TABLE `market_car_bid` DISABLE KEYS */;
/*!40000 ALTER TABLE `market_car_bid` ENABLE KEYS */;


-- Dumping structure for table switkrze_rally.market_car_dealer
DROP TABLE IF EXISTS `market_car_dealer`;
CREATE TABLE IF NOT EXISTS `market_car_dealer` (
  `id` int(11) NOT NULL AUTO_INCREMENT,
  `team_id` int(11) DEFAULT NULL,
  `car_id` int(11) DEFAULT NULL,
  `created_at` datetime NOT NULL,
  `updated_at` datetime NOT NULL,
  `deleted_at` datetime DEFAULT NULL,
  PRIMARY KEY (`id`)
) ENGINE=MyISAM DEFAULT CHARSET=utf8;

-- Dumping data for table switkrze_rally.market_car_dealer: 0 rows
DELETE FROM `market_car_dealer`;
/*!40000 ALTER TABLE `market_car_dealer` DISABLE KEYS */;
/*!40000 ALTER TABLE `market_car_dealer` ENABLE KEYS */;


-- Dumping structure for table switkrze_rally.market_car_duplicate
DROP TABLE IF EXISTS `market_car_duplicate`;
CREATE TABLE IF NOT EXISTS `market_car_duplicate` (
  `id` int(11) NOT NULL AUTO_INCREMENT,
  `offer_id` int(11) DEFAULT NULL,
  `bid_id` int(11) DEFAULT NULL,
  `solved` tinyint(1) DEFAULT '0',
  `created_at` datetime NOT NULL,
  `updated_at` datetime NOT NULL,
  `deleted_at` datetime DEFAULT NULL,
  PRIMARY KEY (`id`),
  KEY `market_car_duplicate_offer_id_market_car_offer_id` (`offer_id`),
  KEY `market_car_duplicate_bid_id_market_car_bid_id` (`bid_id`)
) ENGINE=MyISAM DEFAULT CHARSET=utf8;

-- Dumping data for table switkrze_rally.market_car_duplicate: 0 rows
DELETE FROM `market_car_duplicate`;
/*!40000 ALTER TABLE `market_car_duplicate` DISABLE KEYS */;
/*!40000 ALTER TABLE `market_car_duplicate` ENABLE KEYS */;


-- Dumping structure for table switkrze_rally.market_car_offer
DROP TABLE IF EXISTS `market_car_offer`;
CREATE TABLE IF NOT EXISTS `market_car_offer` (
  `id` int(11) NOT NULL AUTO_INCREMENT,
  `car_id` int(11) DEFAULT NULL,
  `team_id` int(11) DEFAULT NULL,
  `start_date` datetime DEFAULT NULL,
  `finish_date` datetime DEFAULT NULL,
  `asking_price` bigint(20) DEFAULT NULL,
  `highest_bid` bigint(20) DEFAULT NULL,
  `active` tinyint(1) NOT NULL DEFAULT '1',
  `car_moved` tinyint(1) NOT NULL DEFAULT '0',
  `canceled` tinyint(1) NOT NULL DEFAULT '0',
  `user_ip` varchar(255) DEFAULT NULL,
  `created_at` datetime NOT NULL,
  `updated_at` datetime NOT NULL,
  `deleted_at` datetime DEFAULT NULL,
  PRIMARY KEY (`id`),
  KEY `market_car_offer_car_id_car_car_id` (`car_id`)
) ENGINE=MyISAM AUTO_INCREMENT=2 DEFAULT CHARSET=utf8;

-- Dumping data for table switkrze_rally.market_car_offer: 1 rows
DELETE FROM `market_car_offer`;
/*!40000 ALTER TABLE `market_car_offer` DISABLE KEYS */;
INSERT INTO `market_car_offer` (`id`, `car_id`, `team_id`, `start_date`, `finish_date`, `asking_price`, `highest_bid`, `active`, `car_moved`, `canceled`, `user_ip`, `created_at`, `updated_at`, `deleted_at`) VALUES
	(1, 18, 10, '2015-08-27 11:36:17', '2015-08-30 11:36:17', 20000, 0, 1, 0, 0, NULL, '2015-08-27 11:36:17', '2015-08-27 11:36:17', NULL);
/*!40000 ALTER TABLE `market_car_offer` ENABLE KEYS */;


-- Dumping structure for table switkrze_rally.market_offer
DROP TABLE IF EXISTS `market_offer`;
CREATE TABLE IF NOT EXISTS `market_offer` (
  `id` int(11) NOT NULL AUTO_INCREMENT,
  `people_id` int(11) DEFAULT NULL,
  `team_id` int(11) DEFAULT NULL,
  `start_date` datetime DEFAULT NULL,
  `finish_date` datetime DEFAULT NULL,
  `asking_price` bigint(20) DEFAULT NULL,
  `highest_bid` bigint(20) DEFAULT NULL,
  `active` tinyint(1) NOT NULL DEFAULT '1',
  `player_moved` tinyint(1) NOT NULL DEFAULT '0',
  `canceled` tinyint(1) NOT NULL DEFAULT '0',
  `user_ip` varchar(50) DEFAULT NULL,
  `created_at` datetime NOT NULL,
  `updated_at` datetime NOT NULL,
  `deleted_at` datetime DEFAULT NULL,
  PRIMARY KEY (`id`),
  KEY `market_offer_people_id_people_people_id` (`people_id`)
) ENGINE=MyISAM DEFAULT CHARSET=utf8;

-- Dumping data for table switkrze_rally.market_offer: 0 rows
DELETE FROM `market_offer`;
/*!40000 ALTER TABLE `market_offer` DISABLE KEYS */;
/*!40000 ALTER TABLE `market_offer` ENABLE KEYS */;


-- Dumping structure for table switkrze_rally.market_people_duplicate
DROP TABLE IF EXISTS `market_people_duplicate`;
CREATE TABLE IF NOT EXISTS `market_people_duplicate` (
  `id` int(11) NOT NULL AUTO_INCREMENT,
  `offer_id` int(11) DEFAULT NULL,
  `bid_id` int(11) DEFAULT NULL,
  `solved` tinyint(1) DEFAULT '0',
  `created_at` datetime NOT NULL,
  `updated_at` datetime NOT NULL,
  `deleted_at` datetime DEFAULT NULL,
  PRIMARY KEY (`id`),
  KEY `market_people_duplicate_offer_id_market_offer_id` (`offer_id`),
  KEY `market_people_duplicate_bid_id_market_bid_id` (`bid_id`)
) ENGINE=MyISAM DEFAULT CHARSET=utf8;

-- Dumping data for table switkrze_rally.market_people_duplicate: 0 rows
DELETE FROM `market_people_duplicate`;
/*!40000 ALTER TABLE `market_people_duplicate` DISABLE KEYS */;
/*!40000 ALTER TABLE `market_people_duplicate` ENABLE KEYS */;


-- Dumping structure for table switkrze_rally.news_news
DROP TABLE IF EXISTS `news_news`;
CREATE TABLE IF NOT EXISTS `news_news` (
  `id` int(11) NOT NULL AUTO_INCREMENT,
  `title` varchar(255) DEFAULT NULL,
  `slug` varchar(255) DEFAULT NULL,
  `content` text,
  `publish_date` datetime DEFAULT NULL,
  `visible` tinyint(1) DEFAULT '1',
  `created_at` datetime NOT NULL,
  `updated_at` datetime NOT NULL,
  `deleted_at` datetime DEFAULT NULL,
  PRIMARY KEY (`id`)
) ENGINE=MyISAM AUTO_INCREMENT=5 DEFAULT CHARSET=utf8;

-- Dumping data for table switkrze_rally.news_news: 4 rows
DELETE FROM `news_news`;
/*!40000 ALTER TABLE `news_news` DISABLE KEYS */;
INSERT INTO `news_news` (`id`, `title`, `slug`, `content`, `publish_date`, `visible`, `created_at`, `updated_at`, `deleted_at`) VALUES
	(1, 'Pierrwszy post\\', 'pierw', 'Lorem ipsum dolor sit amet, consectetur adipiscing elit. Fusce lorem tortor, auctor quis lobortis eleifend, ultricies vel orci. Suspendisse quis sagittis tellus. Morbi blandit lectus vitae velit vulputate, id molestie velit feugiat. Vivamus et nibh placerat, congue mi sodales, euismod urna. Proin posuere odio erat, ac commodo neque gravida ut. Vivamus viverra feugiat mauris vitae malesuada. Ut pulvinar, mauris a lacinia malesuada, felis risus blandit enim, at blandit lectus tortor vitae mauris. Sed volutpat nibh in commodo pretium. Donec rhoncus sed odio iaculis euismod.', '2015-06-19 12:29:33', 1, '0000-00-00 00:00:00', '0000-00-00 00:00:00', NULL),
	(2, 'Drugi enws', 'drugi-news', 'Lorem ipsum dolor sit amet, consectetur adipiscing elit. Fusce lorem tortor, auctor quis lobortis eleifend, ultricies vel orci. Suspendisse quis sagittis tellus. Morbi blandit lectus vitae velit vulputate, id molestie velit feugiat. Vivamus et nibh placerat, congue mi sodales, euismod urna. Proin posuere odio erat, ac commodo neque gravida ut. Vivamus viverra feugiat mauris vitae malesuada. Ut pulvinar, mauris a lacinia malesuada, felis risus blandit enim, at blandit lectus tortor vitae mauris. Sed volutpat nibh in commodo pretium. Donec rhoncus sed odio iaculis euismod.', '2015-06-19 15:34:32', 1, '0000-00-00 00:00:00', '0000-00-00 00:00:00', NULL),
	(3, 'Trzeci', 'trzeci', 'Lorem ipsum dolor sit amet, consectetur adipiscing elit. Fusce lorem tortor, auctor quis lobortis eleifend, ultricies vel orci. Suspendisse quis sagittis tellus. Morbi blandit lectus vitae velit vulputate, id molestie velit feugiat. Vivamus et nibh placerat, congue mi sodales, euismod urna. Proin posuere odio erat, ac commodo neque gravida ut. Vivamus viverra feugiat mauris vitae malesuada. Ut pulvinar, mauris a lacinia malesuada, felis risus blandit enim, at blandit lectus tortor vitae mauris. Sed volutpat nibh in commodo pretium. Donec rhoncus sed odio iaculis euismod.', '2015-06-19 15:34:35', 1, '0000-00-00 00:00:00', '0000-00-00 00:00:00', NULL),
	(4, 'Czwarty', 'czwarty-news', 'Lorem ipsum dolor sit amet, consectetur adipiscing elit. Fusce lorem tortor, auctor quis lobortis eleifend, ultricies vel orci. Suspendisse quis sagittis tellus. Morbi blandit lectus vitae velit vulputate, id molestie velit feugiat. Vivamus et nibh placerat, congue mi sodales, euismod urna. Proin posuere odio erat, ac commodo neque gravida ut. Vivamus viverra feugiat mauris vitae malesuada. Ut pulvinar, mauris a lacinia malesuada, felis risus blandit enim, at blandit lectus tortor vitae mauris. Sed volutpat nibh in commodo pretium. Donec rhoncus sed odio iaculis euismod.', '2015-06-19 15:34:37', 1, '0000-00-00 00:00:00', '0000-00-00 00:00:00', NULL);
/*!40000 ALTER TABLE `news_news` ENABLE KEYS */;


-- Dumping structure for table switkrze_rally.people_people
DROP TABLE IF EXISTS `people_people`;
CREATE TABLE IF NOT EXISTS `people_people` (
  `id` int(11) NOT NULL AUTO_INCREMENT,
  `first_name` varchar(255) DEFAULT NULL,
  `last_name` varchar(255) DEFAULT NULL,
  `job` varchar(255) DEFAULT NULL,
  `team_id` int(11) DEFAULT NULL,
  `value` bigint(20) DEFAULT NULL,
  `salary` bigint(20) DEFAULT NULL,
  `age` bigint(20) DEFAULT NULL,
  `composure` bigint(20) DEFAULT NULL,
  `speed` bigint(20) DEFAULT NULL,
  `regularity` bigint(20) DEFAULT NULL,
  `reflex` bigint(20) DEFAULT NULL,
  `on_gravel` bigint(20) DEFAULT NULL,
  `on_tarmac` bigint(20) DEFAULT NULL,
  `on_snow` bigint(20) DEFAULT NULL,
  `in_rain` bigint(20) DEFAULT NULL,
  `form` bigint(20) DEFAULT NULL,
  `dictate_rhytm` bigint(20) DEFAULT NULL,
  `diction` bigint(20) DEFAULT NULL,
  `route_description` bigint(20) DEFAULT NULL,
  `intelligence` bigint(20) unsigned DEFAULT NULL,
  `talent` bigint(20) DEFAULT NULL,
  `experience` bigint(20) DEFAULT NULL,
  `active_training_skill` varchar(255) DEFAULT NULL,
  `on_market` tinyint(1) NOT NULL DEFAULT '0',
  `created_at` datetime NOT NULL,
  `updated_at` datetime NOT NULL,
  `deleted_at` datetime DEFAULT NULL,
  PRIMARY KEY (`id`),
  KEY `people_people_team_id_team_team_id` (`team_id`)
) ENGINE=MyISAM AUTO_INCREMENT=33 DEFAULT CHARSET=utf8;

-- Dumping data for table switkrze_rally.people_people: 32 rows
DELETE FROM `people_people`;
/*!40000 ALTER TABLE `people_people` DISABLE KEYS */;
INSERT INTO `people_people` (`id`, `first_name`, `last_name`, `job`, `team_id`, `value`, `salary`, `age`, `composure`, `speed`, `regularity`, `reflex`, `on_gravel`, `on_tarmac`, `on_snow`, `in_rain`, `form`, `dictate_rhytm`, `diction`, `route_description`, `intelligence`, `talent`, `experience`, `active_training_skill`, `on_market`, `created_at`, `updated_at`, `deleted_at`) VALUES
	(1, 'Tom', 'Smith', 'driver', 2, 268742, 1881, 19, 4, 9, 6, 5, 4, 6, 4, 5, 3, NULL, NULL, NULL, NULL, 5, NULL, NULL, 0, '2015-08-24 17:38:26', '2015-08-24 17:38:26', NULL),
	(2, 'Kevin', 'Ripper', 'pilot', 2, 144878, 1014, 20, 4, NULL, NULL, NULL, NULL, NULL, NULL, NULL, 3, 8, 4, 7, NULL, 5, NULL, NULL, 0, '2015-08-24 17:38:26', '2015-08-24 17:38:26', NULL),
	(3, 'Bubba', 'Evans', 'driver', 2, 270165, 1891, 20, 6, 6, 6, 6, 4, 9, 4, 6, 3, NULL, NULL, NULL, NULL, 4, NULL, NULL, 0, '2015-08-25 17:14:14', '2015-08-25 17:14:14', NULL),
	(4, 'Kevin', 'Ripper', 'pilot', 2, 139441, 976, 18, 4, NULL, NULL, NULL, NULL, NULL, NULL, NULL, 3, 8, 6, 6, NULL, 5, NULL, NULL, 0, '2015-08-25 17:14:14', '2015-08-25 17:14:14', NULL),
	(5, 'Jean', 'Ripper', 'driver', 3, 274090, 1919, 19, 6, 4, 7, 4, 5, 5, 7, 9, 3, NULL, NULL, NULL, NULL, 4, NULL, 'speed', 0, '2015-08-25 18:57:06', '2015-08-25 19:03:48', NULL),
	(6, 'Jan', 'Curry', 'pilot', 3, 113904, 797, 19, 9, NULL, NULL, NULL, NULL, NULL, NULL, NULL, 3, 4, 4, 4, NULL, 9, NULL, 'dictate_rhytm', 0, '2015-08-25 18:57:06', '2015-08-25 19:03:59', NULL),
	(7, 'Seb', 'Smith', 'driver', 4, 262062, 1834, 20, 9, 5, 5, 8, 4, 4, 6, 5, 3, NULL, NULL, NULL, NULL, 4, NULL, NULL, 0, '2015-08-25 19:07:54', '2015-08-25 19:07:54', NULL),
	(8, 'Jean', 'Evans', 'pilot', 4, 130773, 915, 21, 7, NULL, NULL, NULL, NULL, NULL, NULL, NULL, 3, 4, 7, 5, NULL, 6, NULL, NULL, 0, '2015-08-25 19:07:54', '2015-08-25 19:07:54', NULL),
	(9, 'Andrew', 'Nowak', 'driver', 5, 253907, 1777, 20, 4, 7, 4, 5, 5, 8, 5, 5, 3, NULL, NULL, NULL, NULL, 8, NULL, 'composure', 0, '2015-08-26 06:44:07', '2015-08-26 07:45:18', NULL),
	(10, 'Jack', 'Kowalski', 'pilot', 5, 148531, 1040, 18, 4, NULL, NULL, NULL, NULL, NULL, NULL, NULL, 3, 5, 8, 7, NULL, 4, NULL, 'composure', 0, '2015-08-26 06:44:07', '2015-08-26 07:45:23', NULL),
	(11, 'Jack', 'Simpson', 'driver', 6, 257541, 1803, 18, 7, 8, 5, 4, 7, 5, 5, 5, 3, NULL, NULL, NULL, NULL, 5, NULL, NULL, 0, '2015-08-26 08:37:46', '2015-08-26 08:37:46', NULL),
	(12, 'James', 'Ripper', 'pilot', 6, 135919, 951, 18, 5, NULL, NULL, NULL, NULL, NULL, NULL, NULL, 3, 8, 8, 5, NULL, 4, NULL, NULL, 0, '2015-08-26 08:37:46', '2015-08-26 08:37:46', NULL),
	(13, 'Kevin', 'Evans', 'driver', 7, 265087, 1856, 19, 9, 9, 4, 5, 5, 5, 4, 6, 3, NULL, NULL, NULL, NULL, 4, NULL, NULL, 0, '2015-08-26 10:22:59', '2015-08-26 10:22:59', NULL),
	(14, 'James', 'Simpson', 'pilot', 7, 126655, 887, 21, 6, NULL, NULL, NULL, NULL, NULL, NULL, NULL, 3, 5, 6, 8, NULL, 6, NULL, NULL, 0, '2015-08-26 10:22:59', '2015-08-26 10:22:59', NULL),
	(15, 'Jan', 'Exum', 'driver', 8, 282182, 1975, 19, 6, 4, 4, 5, 8, 5, 8, 4, 3, NULL, NULL, NULL, NULL, 4, NULL, 'composure', 0, '2015-08-26 11:14:47', '2015-08-26 11:24:34', NULL),
	(16, 'Jack', 'Ripper', 'pilot', 8, 115621, 809, 18, 6, NULL, NULL, NULL, NULL, NULL, NULL, NULL, 3, 5, 9, 4, NULL, 7, NULL, 'dictate_rhytm', 0, '2015-08-26 11:14:47', '2015-08-26 11:24:45', NULL),
	(17, 'Antoine', 'Evans', 'driver', 9, 276898, 1938, 18, 4, 4, 6, 6, 9, 7, 5, 4, 3, NULL, NULL, NULL, NULL, 4, NULL, 'on_tarmac', 0, '2015-08-26 11:18:45', '2015-08-26 11:20:32', NULL),
	(18, 'Steph', 'Smith', 'pilot', 9, 151543, 1061, 21, 4, NULL, NULL, NULL, NULL, NULL, NULL, NULL, 3, 4, 8, 5, NULL, 5, NULL, NULL, 0, '2015-08-26 11:18:45', '2015-08-26 11:18:45', NULL),
	(19, 'Jean', 'Ripper', 'driver', 10, 249972, 1750, 19, 9, 4, 7, 8, 4, 6, 4, 4, 3, NULL, NULL, NULL, NULL, 5, NULL, NULL, 0, '2015-08-26 16:46:19', '2015-08-26 16:46:19', NULL),
	(20, 'Kevin', 'Kowalski', 'pilot', 10, 143422, 1004, 18, 4, NULL, NULL, NULL, NULL, NULL, NULL, NULL, 3, 9, 6, 7, NULL, 4, NULL, NULL, 0, '2015-08-26 16:46:19', '2015-08-26 16:46:19', NULL),
	(21, 'Marc', 'Evans', 'driver', 11, 262012, 1834, 20, 8, 7, 4, 4, 4, 6, 6, 5, 3, NULL, NULL, NULL, NULL, 6, NULL, NULL, 0, '2015-08-26 20:17:15', '2015-08-26 20:17:15', NULL),
	(22, 'Jack', 'Curry', 'pilot', 11, 120571, 844, 21, 8, NULL, NULL, NULL, NULL, NULL, NULL, NULL, 3, 8, 4, 4, NULL, 7, NULL, NULL, 0, '2015-08-26 20:17:15', '2015-08-26 20:17:15', NULL),
	(23, 'Jan', 'Nowak', 'driver', 12, 263576, 1845, 21, 6, 4, 4, 7, 6, 4, 8, 5, 3, NULL, NULL, NULL, NULL, 5, NULL, NULL, 0, '2015-08-26 23:51:56', '2015-08-26 23:51:56', NULL),
	(24, 'Jean', 'Ripper', 'pilot', 12, 124374, 871, 19, 7, NULL, NULL, NULL, NULL, NULL, NULL, NULL, 3, 4, 5, 8, NULL, 7, NULL, NULL, 0, '2015-08-26 23:51:56', '2015-08-26 23:51:56', NULL),
	(25, 'Jean', 'Kowalski', 'driver', 13, 257681, 1804, 21, 7, 4, 8, 4, 4, 6, 6, 4, 3, NULL, NULL, NULL, NULL, 6, NULL, NULL, 0, '2015-08-27 00:38:41', '2015-08-27 00:38:41', NULL),
	(26, 'Tom', 'Exum', 'pilot', 13, 153123, 1072, 19, 4, NULL, NULL, NULL, NULL, NULL, NULL, NULL, 3, 4, 8, 7, NULL, 4, NULL, NULL, 0, '2015-08-27 00:38:41', '2015-08-27 00:38:41', NULL),
	(27, 'Jan', 'House', 'driver', 14, 250404, 1753, 18, 7, 4, 4, 7, 4, 6, 4, 9, 3, NULL, NULL, NULL, NULL, 6, NULL, NULL, 0, '2015-08-27 01:07:04', '2015-08-27 01:07:04', NULL),
	(28, 'Seb', 'Smith', 'pilot', 14, 132193, 925, 18, 7, NULL, NULL, NULL, NULL, NULL, NULL, NULL, 3, 4, 4, 7, NULL, 7, NULL, NULL, 0, '2015-08-27 01:07:04', '2015-08-27 01:07:04', NULL),
	(29, 'Antoine', 'Curry', 'driver', 15, 272151, 1905, 19, 4, 6, 4, 5, 7, 6, 4, 5, 3, NULL, NULL, NULL, NULL, 6, NULL, NULL, 0, '2015-08-27 10:39:47', '2015-08-27 10:39:47', NULL),
	(30, 'Andrew', 'Simpson', 'pilot', 15, 145005, 1015, 20, 4, NULL, NULL, NULL, NULL, NULL, NULL, NULL, 3, 7, 8, 5, NULL, 4, NULL, NULL, 0, '2015-08-27 10:39:47', '2015-08-27 10:39:47', NULL),
	(31, 'Antoine', 'Thompson', 'driver', 16, 279040, 1953, 21, 5, 4, 4, 7, 5, 9, 7, 4, 3, NULL, NULL, NULL, NULL, 4, NULL, NULL, 0, '2015-08-27 10:55:05', '2015-08-27 10:55:05', NULL),
	(32, 'Steph', 'House', 'pilot', 16, 146854, 1028, 19, 4, NULL, NULL, NULL, NULL, NULL, NULL, NULL, 3, 9, 5, 6, NULL, 4, NULL, NULL, 0, '2015-08-27 10:55:05', '2015-08-27 10:55:05', NULL);
/*!40000 ALTER TABLE `people_people` ENABLE KEYS */;


-- Dumping structure for table switkrze_rally.people_training
DROP TABLE IF EXISTS `people_training`;
CREATE TABLE IF NOT EXISTS `people_training` (
  `id` int(11) NOT NULL AUTO_INCREMENT,
  `people_id` int(11) DEFAULT NULL,
  `skill_name` varchar(255) DEFAULT NULL,
  `current_skill_level` bigint(20) DEFAULT NULL,
  `training_factor` decimal(10,2) DEFAULT NULL,
  `max_available_km_passed_today` decimal(10,2) DEFAULT NULL,
  `km_passed_today` decimal(10,2) DEFAULT NULL,
  `km_for_next_star` decimal(10,2) DEFAULT NULL,
  `skill_promotion` tinyint(1) DEFAULT '0',
  `training_date` datetime DEFAULT NULL,
  `created_at` datetime NOT NULL,
  `updated_at` datetime NOT NULL,
  `deleted_at` datetime DEFAULT NULL,
  PRIMARY KEY (`id`),
  KEY `people_training_people_id_people_people_id` (`people_id`)
) ENGINE=MyISAM DEFAULT CHARSET=utf8;

-- Dumping data for table switkrze_rally.people_training: 0 rows
DELETE FROM `people_training`;
/*!40000 ALTER TABLE `people_training` DISABLE KEYS */;
/*!40000 ALTER TABLE `people_training` ENABLE KEYS */;


-- Dumping structure for table switkrze_rally.people_training_factor
DROP TABLE IF EXISTS `people_training_factor`;
CREATE TABLE IF NOT EXISTS `people_training_factor` (
  `people_id` int(11) NOT NULL AUTO_INCREMENT,
  `composure` decimal(10,2) DEFAULT NULL,
  `speed` decimal(10,2) DEFAULT NULL,
  `regularity` decimal(10,2) DEFAULT NULL,
  `reflex` decimal(10,2) DEFAULT NULL,
  `on_gravel` decimal(10,2) DEFAULT NULL,
  `on_tarmac` decimal(10,2) DEFAULT NULL,
  `on_snow` decimal(10,2) DEFAULT NULL,
  `in_rain` decimal(10,2) DEFAULT NULL,
  `dictate_rhytm` decimal(10,2) DEFAULT NULL,
  `diction` decimal(10,2) DEFAULT NULL,
  `route_description` decimal(10,2) DEFAULT NULL,
  `intelligence` decimal(10,2) DEFAULT NULL,
  `composure_max` bigint(20) DEFAULT NULL,
  `speed_max` bigint(20) DEFAULT NULL,
  `regularity_max` bigint(20) DEFAULT NULL,
  `reflex_max` bigint(20) DEFAULT NULL,
  `on_gravel_max` bigint(20) DEFAULT NULL,
  `on_tarmac_max` bigint(20) DEFAULT NULL,
  `on_snow_max` bigint(20) DEFAULT NULL,
  `in_rain_max` bigint(20) DEFAULT NULL,
  `dictate_rhytm_max` bigint(20) DEFAULT NULL,
  `diction_max` bigint(20) DEFAULT NULL,
  `route_description_max` bigint(20) DEFAULT NULL,
  `intelligence_max` bigint(20) DEFAULT NULL,
  `last_season_value_id` bigint(20) NOT NULL DEFAULT '0',
  `created_at` datetime DEFAULT NULL,
  `updated_at` datetime DEFAULT NULL,
  `deleted_at` datetime DEFAULT NULL,
  PRIMARY KEY (`people_id`)
) ENGINE=MyISAM AUTO_INCREMENT=33 DEFAULT CHARSET=utf8 COMMENT='insert into people_training_factor values \r\n(42,\r\nFORMAT((RAND() * (1.5))+0.5,2),\r\nFORMAT((RAND() * (1.5))+0.5,2),\r\nFORMAT((RAND() * (1.5))+0.5,2),\r\nFORMAT((RAND() * (1.5))+0.5,2),\r\nFORMAT((RAND() * (1.5))+0.5,2),\r\nFORMAT((RAND() * (1.5))+0.5,2),\r\nFORMAT((RAND() * (1.5))+0.5,2),\r\nFORMAT((RAND() * (1.5))+0.5,2),\r\nFORMAT((RAND() * (1.5))+0.5,2),\r\nFORMAT((RAND() * (1.5))+0.5,2),\r\nFORMAT((RAND() * (1.5))+0.5,2),\r\nFORMAT((RAND() * (1.5))+0.5,2),\r\nFLOOR((RAND() * (4))+6),\r\nFLOOR((RAND() * (4))+6),\r\nFLOOR((RAND() * (4))+6),\r\nFLOOR((RAND() * (4))+6),\r\nFLOOR((RAND() * (4))+6),\r\nFLOOR((RAND() * (4))+6),\r\nFLOOR((RAND() * (4))+6),\r\nFLOOR((RAND() * (4))+6),\r\nFLOOR((RAND() * (4))+6),\r\nFLOOR((RAND() * (4))+6),\r\nFLOOR((RAND() * (4))+6),\r\nFLOOR((RAND() * (4))+6),\r\nNOW(),\r\nNOW(),\r\nnull\r\n\r\n);';

-- Dumping data for table switkrze_rally.people_training_factor: 32 rows
DELETE FROM `people_training_factor`;
/*!40000 ALTER TABLE `people_training_factor` DISABLE KEYS */;
INSERT INTO `people_training_factor` (`people_id`, `composure`, `speed`, `regularity`, `reflex`, `on_gravel`, `on_tarmac`, `on_snow`, `in_rain`, `dictate_rhytm`, `diction`, `route_description`, `intelligence`, `composure_max`, `speed_max`, `regularity_max`, `reflex_max`, `on_gravel_max`, `on_tarmac_max`, `on_snow_max`, `in_rain_max`, `dictate_rhytm_max`, `diction_max`, `route_description_max`, `intelligence_max`, `last_season_value_id`, `created_at`, `updated_at`, `deleted_at`) VALUES
	(1, 0.50, 1.07, 0.86, 1.50, 0.50, 0.62, 0.50, 0.99, NULL, NULL, NULL, NULL, 8, 8, 8, 7, 8, 8, 7, 8, NULL, NULL, NULL, NULL, 0, '2015-08-24 17:38:26', '2015-08-24 17:38:26', NULL),
	(2, 1.27, NULL, NULL, NULL, NULL, NULL, NULL, NULL, 0.72, 1.80, 0.95, NULL, 7, NULL, NULL, NULL, NULL, NULL, NULL, NULL, 7, 8, 8, NULL, 0, '2015-08-24 17:38:26', '2015-08-24 17:38:26', NULL),
	(3, 0.98, 0.71, 0.94, 0.96, 0.50, 0.50, 0.50, 0.79, NULL, NULL, NULL, NULL, 7, 7, 7, 7, 8, 7, 8, 7, NULL, NULL, NULL, NULL, 0, '2015-08-25 17:14:14', '2015-08-25 17:14:14', NULL),
	(4, 0.74, NULL, NULL, NULL, NULL, NULL, NULL, NULL, 0.87, 1.94, 1.28, NULL, 7, NULL, NULL, NULL, NULL, NULL, NULL, NULL, 8, 8, 7, NULL, 0, '2015-08-25 17:14:14', '2015-08-25 17:14:14', NULL),
	(5, 0.50, 0.77, 1.06, 0.67, 0.50, 0.50, 1.38, 0.50, NULL, NULL, NULL, NULL, 7, 8, 7, 7, 7, 7, 8, 7, NULL, NULL, NULL, NULL, 0, '2015-08-25 18:57:06', '2015-08-25 18:57:06', NULL),
	(6, 1.67, NULL, NULL, NULL, NULL, NULL, NULL, NULL, 1.88, 1.65, 1.82, NULL, 9, NULL, NULL, NULL, NULL, NULL, NULL, NULL, 10, 9, 9, NULL, 0, '2015-08-25 18:57:06', '2015-08-25 18:57:06', NULL),
	(7, 0.50, 0.50, 1.11, 0.79, 0.50, 0.86, 0.57, 1.04, NULL, NULL, NULL, NULL, 7, 7, 7, 7, 7, 8, 7, 8, NULL, NULL, NULL, NULL, 0, '2015-08-25 19:07:54', '2015-08-25 19:07:54', NULL),
	(8, 1.52, NULL, NULL, NULL, NULL, NULL, NULL, NULL, 0.72, 1.67, 1.39, NULL, 9, NULL, NULL, NULL, NULL, NULL, NULL, NULL, 8, 8, 8, NULL, 0, '2015-08-25 19:07:54', '2015-08-25 19:07:54', NULL),
	(9, 1.68, 0.78, 1.17, 0.81, 1.76, 0.92, 0.52, 1.20, NULL, NULL, NULL, NULL, 9, 9, 9, 9, 10, 9, 9, 9, NULL, NULL, NULL, NULL, 0, '2015-08-26 06:44:07', '2015-08-26 06:44:07', NULL),
	(10, 1.39, NULL, NULL, NULL, NULL, NULL, NULL, NULL, 0.86, 0.90, 1.11, NULL, 7, NULL, NULL, NULL, NULL, NULL, NULL, NULL, 8, 7, 7, NULL, 0, '2015-08-26 06:44:07', '2015-08-26 06:44:07', NULL),
	(11, 0.58, 0.50, 0.55, 1.41, 1.16, 0.94, 0.50, 0.90, NULL, NULL, NULL, NULL, 8, 8, 8, 8, 7, 8, 8, 7, NULL, NULL, NULL, NULL, 0, '2015-08-26 08:37:46', '2015-08-26 08:37:46', NULL),
	(12, 0.50, NULL, NULL, NULL, NULL, NULL, NULL, NULL, 1.19, 1.08, 1.45, NULL, 7, NULL, NULL, NULL, NULL, NULL, NULL, NULL, 7, 7, 8, NULL, 0, '2015-08-26 08:37:46', '2015-08-26 08:37:46', NULL),
	(13, 0.50, 0.50, 0.50, 0.50, 1.69, 0.87, 0.50, 0.83, NULL, NULL, NULL, NULL, 7, 8, 7, 8, 7, 7, 7, 7, NULL, NULL, NULL, NULL, 0, '2015-08-26 10:22:59', '2015-08-26 10:22:59', NULL),
	(14, 0.84, NULL, NULL, NULL, NULL, NULL, NULL, NULL, 1.71, 1.78, 1.01, NULL, 9, NULL, NULL, NULL, NULL, NULL, NULL, NULL, 8, 8, 8, NULL, 0, '2015-08-26 10:22:59', '2015-08-26 10:22:59', NULL),
	(15, 0.97, 0.50, 0.95, 0.50, 0.50, 0.50, 0.69, 1.23, NULL, NULL, NULL, NULL, 7, 7, 8, 7, 7, 8, 7, 7, NULL, NULL, NULL, NULL, 0, '2015-08-26 11:14:47', '2015-08-26 11:14:47', NULL),
	(16, 1.66, NULL, NULL, NULL, NULL, NULL, NULL, NULL, 1.78, 0.57, 1.69, NULL, 9, NULL, NULL, NULL, NULL, NULL, NULL, NULL, 8, 8, 8, NULL, 0, '2015-08-26 11:14:47', '2015-08-26 11:14:47', NULL),
	(17, 0.93, 1.22, 0.50, 0.80, 0.82, 0.50, 0.50, 0.55, NULL, NULL, NULL, NULL, 8, 7, 7, 7, 8, 7, 7, 7, NULL, NULL, NULL, NULL, 0, '2015-08-26 11:18:45', '2015-08-26 11:18:45', NULL),
	(18, 1.73, NULL, NULL, NULL, NULL, NULL, NULL, NULL, 1.42, 0.95, 0.78, NULL, 7, NULL, NULL, NULL, NULL, NULL, NULL, NULL, 8, 8, 7, NULL, 0, '2015-08-26 11:18:45', '2015-08-26 11:18:45', NULL),
	(19, 0.50, 0.74, 0.50, 0.50, 0.94, 1.72, 0.50, 1.15, NULL, NULL, NULL, NULL, 8, 7, 7, 8, 8, 8, 8, 8, NULL, NULL, NULL, NULL, 0, '2015-08-26 16:46:19', '2015-08-26 16:46:19', NULL),
	(20, 0.77, NULL, NULL, NULL, NULL, NULL, NULL, NULL, 0.50, 1.30, 1.69, NULL, 7, NULL, NULL, NULL, NULL, NULL, NULL, NULL, 7, 7, 8, NULL, 0, '2015-08-26 16:46:19', '2015-08-26 16:46:19', NULL),
	(21, 1.67, 1.45, 0.94, 0.50, 1.17, 0.50, 0.50, 0.53, NULL, NULL, NULL, NULL, 8, 9, 8, 8, 8, 8, 8, 8, NULL, NULL, NULL, NULL, 0, '2015-08-26 20:17:15', '2015-08-26 20:17:15', NULL),
	(22, 1.85, NULL, NULL, NULL, NULL, NULL, NULL, NULL, 1.12, 1.76, 1.03, NULL, 8, NULL, NULL, NULL, NULL, NULL, NULL, NULL, 8, 8, 9, NULL, 0, '2015-08-26 20:17:15', '2015-08-26 20:17:15', NULL),
	(23, 0.95, 0.95, 1.47, 0.81, 0.50, 0.66, 0.50, 0.70, NULL, NULL, NULL, NULL, 8, 8, 8, 8, 8, 7, 8, 7, NULL, NULL, NULL, NULL, 0, '2015-08-26 23:51:56', '2015-08-26 23:51:56', NULL),
	(24, 1.18, NULL, NULL, NULL, NULL, NULL, NULL, NULL, 2.00, 1.07, 1.55, NULL, 8, NULL, NULL, NULL, NULL, NULL, NULL, NULL, 8, 9, 8, NULL, 0, '2015-08-26 23:51:56', '2015-08-26 23:51:56', NULL),
	(25, 0.50, 1.02, 1.03, 1.31, 0.50, 1.05, 0.50, 1.38, NULL, NULL, NULL, NULL, 8, 8, 8, 8, 9, 8, 8, 8, NULL, NULL, NULL, NULL, 0, '2015-08-27 00:38:41', '2015-08-27 00:38:41', NULL),
	(26, 1.25, NULL, NULL, NULL, NULL, NULL, NULL, NULL, 1.25, 1.27, 0.52, NULL, 8, NULL, NULL, NULL, NULL, NULL, NULL, NULL, 7, 7, 7, NULL, 0, '2015-08-27 00:38:41', '2015-08-27 00:38:41', NULL),
	(27, 0.50, 1.00, 1.45, 0.76, 0.96, 1.06, 0.93, 0.60, NULL, NULL, NULL, NULL, 8, 8, 9, 8, 8, 8, 8, 8, NULL, NULL, NULL, NULL, 0, '2015-08-27 01:07:04', '2015-08-27 01:07:04', NULL),
	(28, 1.78, NULL, NULL, NULL, NULL, NULL, NULL, NULL, 1.86, 1.19, 0.90, NULL, 8, NULL, NULL, NULL, NULL, NULL, NULL, NULL, 8, 8, 9, NULL, 0, '2015-08-27 01:07:04', '2015-08-27 01:07:04', NULL),
	(29, 0.73, 1.28, 1.34, 0.66, 0.62, 0.64, 0.57, 1.53, NULL, NULL, NULL, NULL, 8, 8, 9, 8, 8, 8, 8, 8, NULL, NULL, NULL, NULL, 0, '2015-08-27 10:39:47', '2015-08-27 10:39:47', NULL),
	(30, 0.76, NULL, NULL, NULL, NULL, NULL, NULL, NULL, 1.47, 0.87, 1.17, NULL, 7, NULL, NULL, NULL, NULL, NULL, NULL, NULL, 7, 7, 8, NULL, 0, '2015-08-27 10:39:47', '2015-08-27 10:39:47', NULL),
	(31, 1.20, 0.50, 0.50, 0.69, 0.59, 0.87, 0.89, 0.63, NULL, NULL, NULL, NULL, 7, 7, 8, 7, 7, 7, 7, 8, NULL, NULL, NULL, NULL, 0, '2015-08-27 10:55:05', '2015-08-27 10:55:05', NULL),
	(32, 1.10, NULL, NULL, NULL, NULL, NULL, NULL, NULL, 1.43, 1.18, 0.50, NULL, 8, NULL, NULL, NULL, NULL, NULL, NULL, NULL, 7, 7, 7, NULL, 0, '2015-08-27 10:55:05', '2015-08-27 10:55:05', NULL);
/*!40000 ALTER TABLE `people_training_factor` ENABLE KEYS */;


-- Dumping structure for table switkrze_rally.rally_accident
DROP TABLE IF EXISTS `rally_accident`;
CREATE TABLE IF NOT EXISTS `rally_accident` (
  `id` int(11) NOT NULL AUTO_INCREMENT,
  `name` varchar(255) DEFAULT NULL,
  `damage` decimal(18,2) DEFAULT NULL,
  `created_at` datetime NOT NULL,
  `updated_at` datetime NOT NULL,
  PRIMARY KEY (`id`)
) ENGINE=MyISAM DEFAULT CHARSET=utf8;

-- Dumping data for table switkrze_rally.rally_accident: 0 rows
DELETE FROM `rally_accident`;
/*!40000 ALTER TABLE `rally_accident` DISABLE KEYS */;
/*!40000 ALTER TABLE `rally_accident` ENABLE KEYS */;


-- Dumping structure for table switkrze_rally.rally_award
DROP TABLE IF EXISTS `rally_award`;
CREATE TABLE IF NOT EXISTS `rally_award` (
  `id` int(11) NOT NULL AUTO_INCREMENT,
  `rally_id` int(11) DEFAULT NULL,
  `team_id` int(11) DEFAULT NULL,
  `type` varchar(255) DEFAULT NULL,
  `created_at` datetime NOT NULL,
  `updated_at` datetime NOT NULL,
  PRIMARY KEY (`id`),
  KEY `rally_id_idx` (`rally_id`)
) ENGINE=MyISAM DEFAULT CHARSET=utf8;

-- Dumping data for table switkrze_rally.rally_award: 0 rows
DELETE FROM `rally_award`;
/*!40000 ALTER TABLE `rally_award` DISABLE KEYS */;
/*!40000 ALTER TABLE `rally_award` ENABLE KEYS */;


-- Dumping structure for table switkrze_rally.rally_big_awards
DROP TABLE IF EXISTS `rally_big_awards`;
CREATE TABLE IF NOT EXISTS `rally_big_awards` (
  `id` int(11) NOT NULL AUTO_INCREMENT,
  `rally_id` int(11) DEFAULT NULL,
  `award_type` varchar(255) DEFAULT NULL,
  `car_model_id` int(11) DEFAULT NULL,
  `premium` bigint(20) DEFAULT NULL,
  `created_at` datetime NOT NULL,
  `updated_at` datetime NOT NULL,
  `deleted_at` datetime DEFAULT NULL,
  PRIMARY KEY (`id`),
  KEY `rally_big_awards_car_model_id_car_car_models_id` (`car_model_id`)
) ENGINE=MyISAM DEFAULT CHARSET=utf8;

-- Dumping data for table switkrze_rally.rally_big_awards: 0 rows
DELETE FROM `rally_big_awards`;
/*!40000 ALTER TABLE `rally_big_awards` DISABLE KEYS */;
/*!40000 ALTER TABLE `rally_big_awards` ENABLE KEYS */;


-- Dumping structure for table switkrze_rally.rally_crew
DROP TABLE IF EXISTS `rally_crew`;
CREATE TABLE IF NOT EXISTS `rally_crew` (
  `id` int(11) NOT NULL AUTO_INCREMENT,
  `rally_id` int(11) DEFAULT NULL,
  `team_id` int(11) DEFAULT NULL,
  `driver_id` int(11) DEFAULT NULL,
  `pilot_id` int(11) DEFAULT NULL,
  `car_id` int(11) DEFAULT NULL,
  `risk` varchar(255) DEFAULT NULL,
  `in_race` tinyint(1) NOT NULL DEFAULT '1',
  `training_done` tinyint(1) NOT NULL DEFAULT '0',
  `km_passed` double(10,2) DEFAULT '0.00',
  `created_at` datetime NOT NULL,
  `updated_at` datetime NOT NULL,
  PRIMARY KEY (`id`),
  KEY `rally_id_idx` (`rally_id`),
  KEY `rally_crew_team_id_team_team_id` (`team_id`),
  KEY `rally_crew_pilot_id_people_people_id` (`pilot_id`),
  KEY `rally_crew_driver_id_people_people_id` (`driver_id`),
  KEY `rally_crew_car_id_car_car_id` (`car_id`)
) ENGINE=MyISAM AUTO_INCREMENT=23 DEFAULT CHARSET=utf8;

-- Dumping data for table switkrze_rally.rally_crew: 22 rows
DELETE FROM `rally_crew`;
/*!40000 ALTER TABLE `rally_crew` DISABLE KEYS */;
INSERT INTO `rally_crew` (`id`, `rally_id`, `team_id`, `driver_id`, `pilot_id`, `car_id`, `risk`, `in_race`, `training_done`, `km_passed`, `created_at`, `updated_at`) VALUES
	(1, 1, 3, 5, 6, 3, 'normal', 1, 0, 354.43, '2015-08-25 19:05:01', '2015-08-27 12:30:01'),
	(2, 1, 4, 7, 8, 4, 'small', 1, 0, 354.43, '2015-08-25 19:10:34', '2015-08-27 12:30:01'),
	(3, 1, 5, 9, 10, 5, 'normal', 1, 0, 354.43, '2015-08-26 07:46:00', '2015-08-27 12:30:01'),
	(4, 1, 2, 1, 2, 2, 'big', 1, 0, 354.43, '2015-08-26 07:56:56', '2015-08-27 12:30:01'),
	(5, 1, 6, 11, 12, 6, 'normal', 1, 0, 354.43, '2015-08-26 08:51:12', '2015-08-27 12:30:01'),
	(6, 83, 5, 9, 10, 5, 'normal', 1, 0, 0.00, '2015-08-26 09:04:08', '2015-08-26 09:04:08'),
	(7, 16, 5, 9, 10, 5, 'very-big', 1, 0, 0.00, '2015-08-26 09:05:38', '2015-08-26 09:05:38'),
	(8, 82, 5, 9, 10, 5, 'very-small', 1, 0, 0.00, '2015-08-26 09:06:01', '2015-08-26 09:06:01'),
	(9, 81, 5, 9, 10, 5, 'small', 1, 0, 0.00, '2015-08-26 09:06:20', '2015-08-26 09:06:20'),
	(10, 1, 7, 13, 14, 7, 'big', 1, 0, 354.43, '2015-08-26 10:42:19', '2015-08-27 12:30:01'),
	(11, 1, 8, 15, 16, 8, 'big', 1, 0, 354.43, '2015-08-26 11:16:07', '2015-08-27 12:30:01'),
	(12, 1, 9, 17, 18, 9, 'normal', 1, 0, 354.43, '2015-08-26 11:21:11', '2015-08-27 12:30:01'),
	(13, 80, 7, 13, 14, 7, 'big', 1, 0, 0.00, '2015-08-26 12:12:47', '2015-08-26 12:12:47'),
	(14, 81, 7, 13, 14, 7, 'big', 1, 0, 0.00, '2015-08-26 12:13:07', '2015-08-26 12:13:07'),
	(15, 82, 7, 13, 14, 7, 'very-big', 1, 0, 0.00, '2015-08-26 12:13:16', '2015-08-26 12:13:16'),
	(16, 83, 7, 13, 14, 7, 'big', 1, 0, 0.00, '2015-08-26 12:13:28', '2015-08-26 12:13:28'),
	(17, 1, 2, 3, 4, 10, 'very-big', 1, 0, 354.43, '2015-08-26 16:32:52', '2015-08-27 12:30:01'),
	(18, 1, 12, 23, 24, 13, 'normal', 1, 0, 354.43, '2015-08-27 00:05:30', '2015-08-27 12:30:01'),
	(19, 13, 7, 13, 14, 7, 'big', 1, 0, 0.00, '2015-08-27 09:09:50', '2015-08-27 09:09:50'),
	(20, 32, 7, 13, 14, 7, 'very-big', 1, 0, 0.00, '2015-08-27 10:56:32', '2015-08-27 10:56:32'),
	(21, 13, 5, 9, 10, 5, 'big', 1, 0, 0.00, '2015-08-27 10:56:52', '2015-08-27 10:56:52'),
	(22, 32, 5, 9, 10, 5, 'very-small', 1, 0, 0.00, '2015-08-27 10:57:11', '2015-08-27 10:57:11');
/*!40000 ALTER TABLE `rally_crew` ENABLE KEYS */;


-- Dumping structure for table switkrze_rally.rally_data_rally
DROP TABLE IF EXISTS `rally_data_rally`;
CREATE TABLE IF NOT EXISTS `rally_data_rally` (
  `id` int(11) NOT NULL AUTO_INCREMENT,
  `name` varchar(255) DEFAULT NULL,
  `slug` varchar(255) DEFAULT NULL,
  `description` text,
  `day` int(11) DEFAULT NULL,
  `week` int(11) DEFAULT NULL,
  `league_rally` tinyint(1) DEFAULT '0',
  `big_awards` tinyint(1) DEFAULT '0',
  `created_at` datetime NOT NULL,
  `updated_at` datetime NOT NULL,
  `deleted_at` datetime DEFAULT NULL,
  PRIMARY KEY (`id`)
) ENGINE=MyISAM AUTO_INCREMENT=80 DEFAULT CHARSET=utf8;

-- Dumping data for table switkrze_rally.rally_data_rally: 72 rows
DELETE FROM `rally_data_rally`;
/*!40000 ALTER TABLE `rally_data_rally` DISABLE KEYS */;
INSERT INTO `rally_data_rally` (`id`, `name`, `slug`, `description`, `day`, `week`, `league_rally`, `big_awards`, `created_at`, `updated_at`, `deleted_at`) VALUES
	(1, 'Rally Monte Carlo', 'rally-monte-carlo', '', 1, 1, 0, 0, '2015-08-08 12:50:19', '2015-08-13 10:37:28', NULL),
	(2, 'Rally Sweden', 'rally-sweden', '', 1, 2, 0, 0, '2015-08-08 12:56:21', '2015-08-13 10:37:28', NULL),
	(3, 'Rally Guanajuato Mexico', 'rally-guanajuato-mexico', '', 1, 3, 0, 0, '2015-08-08 13:01:41', '2015-08-13 10:37:28', NULL),
	(4, 'XION RALLY ARGENTINA', 'xion-rally-argentina', '', 1, 4, 0, 0, '2015-08-08 13:05:32', '2015-08-13 10:37:28', NULL),
	(5, 'Rally de Portugal', 'rally-de-portugal', '', 1, 5, 0, 0, '2015-08-08 13:09:53', '2015-08-13 10:37:28', NULL),
	(6, 'RALLY ITALIA SARDEGNA', 'rally-italia-sardegna', '', 1, 6, 0, 0, '2015-08-08 14:53:32', '2015-08-13 10:37:28', NULL),
	(7, 'Rally Poland', 'rally-poland', '', 1, 7, 0, 0, '2015-08-08 14:58:53', '2015-08-13 10:37:28', NULL),
	(8, 'Rally Finland', 'rally-finland', '', 1, 8, 0, 0, '2015-08-08 17:48:37', '2015-08-13 10:37:28', NULL),
	(9, 'Rally Deutschland', 'rally-deutschland', '', 1, 9, 0, 0, '2015-08-08 18:05:59', '2015-08-13 10:37:28', NULL),
	(10, 'Rally Australia', 'rally-australia', '', 1, 10, 0, 0, '2015-08-08 18:15:39', '2015-08-13 10:37:28', NULL),
	(11, 'Tour de Corse', 'tour-de-corse', '', 1, 11, 0, 0, '2015-08-09 09:08:15', '2015-08-13 10:37:28', NULL),
	(12, 'Rally Catalunya', 'rally-catalunya', '', 1, 12, 0, 0, '2015-08-09 09:29:15', '2015-08-13 10:37:43', NULL),
	(13, 'Wales Rally', 'wales-rally', '', 2, 1, 0, 0, '2015-08-09 09:33:26', '2015-08-13 10:37:43', NULL),
	(14, 'Janner Rally', 'janner-rally', '', 2, 2, 0, 0, '2015-08-09 14:43:27', '2015-08-13 10:37:43', NULL),
	(15, 'Rally Liepāja', 'rally-liepaja', '', 2, 3, 0, 0, '2015-08-09 14:47:06', '2015-08-13 10:37:43', NULL),
	(16, 'Rally Ireland', 'rally-ireland', '', 2, 4, 0, 0, '2015-08-09 18:29:55', '2015-08-13 10:37:43', NULL),
	(17, 'Rally Azores', 'rally-azores', '', 2, 5, 0, 0, '2015-08-09 18:37:22', '2015-08-13 10:37:43', NULL),
	(18, 'Ypres Rally', 'ypres-rally', '', 2, 6, 0, 0, '2015-08-10 10:35:26', '2015-08-13 10:37:43', NULL),
	(26, 'Rally Estonia', 'rally-estonia', '', 2, 7, 0, 0, '2015-08-10 10:51:22', '2015-08-13 10:37:43', NULL),
	(27, 'Rally Zlin', 'rally-zlin', '', 2, 8, 0, 0, '2015-08-10 10:54:48', '2015-08-13 10:37:43', NULL),
	(28, 'Cyprus Rally', 'cyprus-rally', '', 2, 9, 0, 0, '2015-08-10 10:57:37', '2015-08-13 10:37:43', NULL),
	(29, 'Acropolis Rally', 'acropolis-rally', '', 2, 10, 0, 0, '2015-08-10 11:00:38', '2015-08-13 10:37:43', NULL),
	(30, 'Rallye du Valais', 'rallye-du-valais', '', 2, 11, 0, 0, '2015-08-10 11:04:16', '2015-08-13 10:37:43', NULL),
	(31, 'Rajd Arlamow', 'rajd-arlamow', '', 2, 12, 0, 0, '2015-08-10 11:11:05', '2015-08-13 10:37:43', NULL),
	(32, 'Rajd Dolnoslaski', 'rajd-dolnoslaski', '', 3, 1, 0, 0, '2015-08-10 11:14:37', '2015-08-13 10:37:43', NULL),
	(33, 'Rajd Karkonoski', 'rajd-karkonoski', '', 3, 2, 0, 0, '2015-08-10 11:21:17', '2015-08-13 10:37:43', NULL),
	(34, 'Rajd Baltic Cup', 'rajd-baltic-cup', '', 3, 3, 0, 0, '2015-08-10 11:25:24', '2015-08-13 10:37:43', NULL),
	(35, 'Rajd Rzeszowski', 'rajd-rzeszowski', '', 3, 4, 0, 0, '2015-08-10 11:27:51', '2015-08-13 10:37:43', NULL),
	(36, 'Rajd Swidnicki', 'rajd-swidnicki', '', 3, 5, 0, 0, '2015-08-10 11:35:54', '2015-08-13 10:37:43', NULL),
	(37, 'Cochrane Winter Rally', 'cochrane-winter-rally', '', 3, 6, 0, 0, '2015-08-10 11:58:56', '2015-08-13 10:37:43', NULL),
	(38, 'Rally Russia', 'rally-russia', '', 3, 7, 0, 0, '2015-08-10 12:01:22', '2015-08-13 10:37:43', NULL),
	(39, 'Ostersund Winter Rally', 'ostersund-winter-rally', '', 3, 8, 0, 0, '2015-08-10 12:04:32', '2015-08-13 10:37:43', NULL),
	(40, 'Aurskog Holand Rally', 'aurskog-holand-rally', '', 3, 9, 0, 0, '2015-08-10 12:14:12', '2015-08-13 10:37:43', NULL),
	(41, 'Rally Elverum', 'rally-elverum', '', 3, 10, 0, 0, '2015-08-10 12:16:39', '2015-08-13 10:37:43', NULL),
	(42, 'Rally Hadeland', 'rally-hadeland', '', 3, 11, 0, 0, '2015-08-10 12:19:14', '2015-08-13 10:37:43', NULL),
	(43, 'Rally Hedemarken', 'rally-hedemarken', '', 3, 12, 0, 0, '2015-08-10 12:45:01', '2015-08-13 10:37:43', NULL),
	(44, 'Mountain Rally Norway', 'mountain-rally-norway', '', 4, 1, 0, 0, '2015-08-10 12:56:06', '2015-08-13 10:37:43', NULL),
	(45, 'Rally Norway', 'rally-norway', '', 4, 2, 0, 0, '2015-08-10 13:00:49', '2015-08-13 10:37:43', NULL),
	(46, 'Numedalsrally', 'numedalsrally', '', 4, 3, 0, 0, '2015-08-10 13:05:04', '2015-08-13 10:37:43', NULL),
	(47, 'Sigdalsrally', 'sigdalsrally', '', 4, 4, 0, 0, '2015-08-10 13:16:42', '2015-08-13 10:37:43', NULL),
	(48, 'Rally Sokndal', 'rally-sokndal', '', 4, 5, 0, 0, '2015-08-10 13:18:36', '2015-08-13 10:37:43', NULL),
	(49, 'Rally Sorland', 'rally-sorland', '', 4, 6, 0, 0, '2015-08-10 15:12:06', '2015-08-13 10:37:43', NULL),
	(50, 'Rally Telemark', 'rally-telemark', '', 4, 7, 0, 0, '2015-08-10 15:21:49', '2015-08-13 10:37:43', NULL),
	(51, 'Arctic Lapland Rally', 'arctic-lapland-rally', '', 4, 8, 0, 0, '2015-08-10 15:24:01', '2015-08-13 10:37:43', NULL),
	(52, 'Wechselland Rallye', 'wechselland-rallye', '', 4, 9, 0, 0, '2015-08-10 15:30:10', '2015-08-13 10:37:43', NULL),
	(53, 'Rally Barbados 2014', 'rally-barbados-2014', '', 4, 10, 0, 0, '2015-08-10 15:36:15', '2015-08-13 10:37:43', NULL),
	(54, 'TAC Rally', 'tac-rally', '', 4, 11, 0, 0, '2015-08-10 15:38:49', '2015-08-13 10:37:43', NULL),
	(55, 'Rallye de Wallonie', 'rallye-de-wallonie', '', 4, 12, 0, 0, '2015-08-10 15:41:57', '2015-08-13 10:37:43', NULL),
	(56, 'Rally de Curitiba', 'rally-de-curitiba', '', 5, 1, 0, 0, '2015-08-10 15:44:46', '2015-08-13 10:37:43', NULL),
	(57, 'Rally Bulgaria', 'rally-bulgaria', '', 5, 2, 0, 0, '2015-08-10 15:48:24', '2015-08-13 10:37:43', NULL),
	(58, 'Rally Croatia', 'rally-croatia', '', 5, 3, 0, 0, '2015-08-10 15:50:44', '2015-08-13 10:37:43', NULL),
	(59, 'Rally Agropa', 'rally-agropa', '', 5, 4, 0, 0, '2015-08-10 15:54:30', '2015-08-13 10:37:43', NULL),
	(60, 'Rally Bohemia', 'rally-bohemia', '', 5, 5, 0, 0, '2015-08-10 16:20:57', '2015-08-13 10:37:43', NULL),
	(61, 'Rallye Lyon - Charbonnieres', 'rallye-lyon-charbonnieres', '', 5, 6, 0, 0, '2015-08-10 16:27:13', '2015-08-13 10:37:43', NULL),
	(62, 'Rallye du Touquet', 'rallye-du-touquet', '', 5, 7, 0, 0, '2015-08-10 16:29:02', '2015-08-13 10:37:43', NULL),
	(63, 'Rallye Erzgebirge', 'rallye-erzgebirge', '', 5, 8, 0, 0, '2015-08-10 16:31:41', '2015-08-13 10:37:43', NULL),
	(64, 'Rally Jamaica', 'rally-jamaica', '', 5, 9, 0, 0, '2015-08-10 16:38:22', '2015-08-13 10:37:43', NULL),
	(65, 'Hellendoorn Rally', 'hellendoorn-rally', '', 5, 10, 0, 0, '2015-08-10 16:41:16', '2015-08-13 10:37:43', NULL),
	(66, 'Rallye de Luxembourg', 'rallye-de-luxembourg', '', 5, 11, 0, 0, '2015-08-10 16:47:23', '2015-08-13 10:37:43', NULL),
	(67, 'Qatar Rally', 'qatar-rally', '', 5, 12, 0, 0, '2015-08-10 16:50:08', '2015-08-13 10:37:43', NULL),
	(68, 'Rally Presov', 'rally-presov', '', 6, 1, 0, 0, '2015-08-10 16:52:25', '2015-08-13 10:37:43', NULL),
	(69, 'Rally of Scotland', 'rally-of-scotland', '', 6, 2, 0, 0, '2015-08-10 16:54:38', '2015-08-13 10:37:43', NULL),
	(70, 'Olympus Rally', 'olympus-rally', '', 6, 3, 0, 0, '2015-08-10 17:20:46', '2015-08-13 10:37:43', NULL),
	(71, 'Rally Tasmania', 'rally-tasmania', '', 6, 4, 0, 0, '2015-08-10 17:24:18', '2015-08-13 10:37:43', NULL),
	(72, 'Danboring Rally', 'danboring-rally', '', 6, 5, 0, 0, '2015-08-10 17:28:34', '2015-08-13 10:37:43', NULL),
	(73, 'Rally Japan', 'rally-japan', '', 6, 6, 0, 0, '2015-08-10 17:30:34', '2015-08-13 10:37:43', NULL),
	(74, 'Rajd Krzeszowic', 'rajd-krzeszowic', '', 6, 7, 0, 0, '2015-08-10 17:47:57', '2015-08-13 10:37:43', NULL),
	(75, 'Rajd Bochni', 'rajd-bochni', '', 6, 8, 0, 0, '2015-08-11 11:03:43', '2015-08-13 10:37:43', NULL),
	(76, 'Rajd Krakowski', 'rajd-krakowski', '', 6, 9, 0, 0, '2015-08-11 11:13:27', '2015-08-13 10:37:43', NULL),
	(77, 'Rajd Baltycki', 'rajd-baltycki', '', 6, 10, 0, 0, '2015-08-11 11:24:13', '2015-08-13 10:37:43', NULL),
	(78, 'Rally of the Tall Pines', 'rally-of-the-tall-pines', '', 6, 11, 0, 0, '2015-08-11 11:38:04', '2015-08-13 10:37:43', NULL),
	(79, 'Sibiu Rally Romania', 'sibiu-rally-romania', '', 6, 12, 0, 0, '2015-08-11 11:57:54', '2015-08-13 10:37:43', NULL);
/*!40000 ALTER TABLE `rally_data_rally` ENABLE KEYS */;


-- Dumping structure for table switkrze_rally.rally_data_stage
DROP TABLE IF EXISTS `rally_data_stage`;
CREATE TABLE IF NOT EXISTS `rally_data_stage` (
  `id` int(11) NOT NULL AUTO_INCREMENT,
  `rally_id` int(11) DEFAULT NULL,
  `name` varchar(255) DEFAULT NULL,
  `length` decimal(18,2) DEFAULT NULL,
  `min_time` time DEFAULT NULL,
  `created_at` datetime NOT NULL,
  `updated_at` datetime NOT NULL,
  PRIMARY KEY (`id`),
  KEY `rally_id_idx` (`rally_id`)
) ENGINE=MyISAM AUTO_INCREMENT=1336 DEFAULT CHARSET=utf8;

-- Dumping data for table switkrze_rally.rally_data_stage: 1,114 rows
DELETE FROM `rally_data_stage`;
/*!40000 ALTER TABLE `rally_data_stage` DISABLE KEYS */;
INSERT INTO `rally_data_stage` (`id`, `rally_id`, `name`, `length`, `min_time`, `created_at`, `updated_at`) VALUES
	(1, 1, 'ENTREVAUX - ROUAINE', 21.55, '00:12:25', '2015-08-08 12:50:19', '2015-08-27 12:21:26'),
	(2, 1, 'NORANTE - DIGNE-LES-BAINS', 19.68, '00:12:36', '2015-08-08 12:50:19', '2015-08-27 12:21:26'),
	(3, 1, 'LA SALLE EN BEAUMONT', 15.60, '00:10:44', '2015-08-08 12:50:19', '2015-08-27 12:21:26'),
	(4, 1, 'ASPRES LES CORPS', 25.28, '00:14:40', '2015-08-08 12:50:19', '2015-08-27 12:21:26'),
	(5, 1, 'LES COSTES', 25.72, '00:16:44', '2015-08-08 12:50:19', '2015-08-27 12:21:26'),
	(6, 1, 'LA SALLE EN BEAUMONT', 15.72, '00:09:31', '2015-08-08 12:50:19', '2015-08-27 12:21:26'),
	(7, 1, 'ASPRES LES CORPS - CHAUFFAYER 2', 25.94, '00:14:45', '2015-08-08 12:50:20', '2015-08-27 12:21:26'),
	(8, 1, 'LES COSTES - ST JULIEN EN CHAMPSAUR 2', 25.16, '00:14:57', '2015-08-08 12:50:20', '2015-08-27 12:21:26'),
	(9, 1, 'PRUNIERES - EMBRUN 1', 19.24, '00:11:18', '2015-08-08 12:50:20', '2015-08-27 12:21:26'),
	(10, 1, 'LARDIER ET VALENCA - FAYE', 51.38, '00:31:08', '2015-08-08 12:50:20', '2015-08-27 12:21:26'),
	(11, 1, 'PRUNIERES - EMBRUN 2', 19.84, '00:12:45', '2015-08-08 12:50:20', '2015-08-27 12:21:26'),
	(12, 1, 'SISTERON - THOARD', 36.17, '00:21:29', '2015-08-08 12:50:20', '2015-08-27 12:21:26'),
	(13, 1, 'COL ST JEAN - ST LAURENT 1', 10.77, '00:07:20', '2015-08-08 12:50:20', '2015-08-27 12:21:26'),
	(14, 1, 'LA BOLLENE VESUBIE - SOSPEL', 31.55, '00:18:56', '2015-08-08 12:50:20', '2015-08-27 12:21:26'),
	(15, 1, ' COL ST JEAN - ST LAURENT 2', 10.83, '00:07:08', '2015-08-08 12:50:20', '2015-08-27 12:21:26'),
	(18, 2, 'SUPER SPECIAL STAGE KARLSTAD', 1.94, '00:01:18', '2015-08-08 12:56:21', '2015-08-27 12:21:26'),
	(19, 2, 'TORSBY 1', 14.80, '00:08:36', '2015-08-08 12:56:21', '2015-08-27 12:21:26'),
	(20, 2, 'ROJDEN 1', 18.74, '00:12:08', '2015-08-08 12:56:21', '2015-08-27 12:21:26'),
	(21, 2, 'FINNSKOGEN 1', 20.99, '00:13:38', '2015-08-08 12:56:22', '2015-08-27 12:21:26'),
	(22, 2, 'KIRKENAER 1', 7.89, '00:05:14', '2015-08-08 12:56:22', '2015-08-27 12:21:26'),
	(23, 2, 'KIRKENAER 2', 7.21, '00:04:11', '2015-08-08 12:56:22', '2015-08-27 12:21:26'),
	(24, 2, 'FINNSKOGEN 2', 20.94, '00:12:06', '2015-08-08 12:56:22', '2015-08-27 12:21:26'),
	(25, 2, 'TORSBY 2', 14.80, '00:08:22', '2015-08-08 12:56:22', '2015-08-27 12:21:26'),
	(26, 2, 'SUPER SPECIAL STAGE KARLSTAD 2', 1.94, '00:01:18', '2015-08-08 12:56:22', '2015-08-27 12:21:26'),
	(27, 2, 'FREDRIKSBERG 1', 18.20, '00:10:57', '2015-08-08 12:56:22', '2015-08-27 12:21:26'),
	(28, 2, 'RAMMEN 1', 22.65, '00:13:32', '2015-08-08 12:56:22', '2015-08-27 12:21:26'),
	(29, 2, 'HAGFORS SPRINT 1', 1.83, '00:01:11', '2015-08-08 12:56:22', '2015-08-27 12:21:26'),
	(30, 2, 'VARGASEN 1', 24.42, '00:15:38', '2015-08-08 12:56:22', '2015-08-27 12:21:26'),
	(31, 2, 'RAMMEN 2', 22.63, '00:13:35', '2015-08-08 12:56:22', '2015-08-27 12:21:26'),
	(32, 2, 'HAGFORS SPRINT 2', 1.76, '00:01:08', '2015-08-08 12:56:22', '2015-08-27 12:21:26'),
	(33, 2, 'VARGASEN 2', 24.22, '00:14:07', '2015-08-08 12:56:22', '2015-08-27 12:21:26'),
	(35, 3, 'STREET STAGE GUANAJUATO', 1.85, '00:01:14', '2015-08-08 13:01:41', '2015-08-27 12:21:26'),
	(36, 3, 'SUPER SPECIAL 1', 4.92, '00:02:57', '2015-08-08 13:01:41', '2015-08-27 12:21:26'),
	(37, 3, 'LOS MEXICANOS 1', 9.77, '00:05:39', '2015-08-08 13:01:41', '2015-08-27 12:21:26'),
	(38, 3, 'EL CHOCOLATE 1', 44.12, '00:24:57', '2015-08-08 13:01:41', '2015-08-27 12:21:26'),
	(39, 3, 'LAS MINAS 1', 15.34, '00:09:55', '2015-08-08 13:01:41', '2015-08-27 12:21:26'),
	(40, 3, 'STREET STAGE LEON 1', 1.91, '00:01:16', '2015-08-08 13:01:41', '2015-08-27 12:21:26'),
	(41, 3, 'LOS MEXICANOS 2', 9.68, '00:06:24', '2015-08-08 13:01:41', '2015-08-27 12:21:26'),
	(42, 3, 'EL CHOCOLATE 2', 44.17, '00:26:09', '2015-08-08 13:01:41', '2015-08-27 12:21:26'),
	(43, 3, 'LAS MINAS 2', 15.43, '00:10:17', '2015-08-08 13:01:41', '2015-08-27 12:21:26'),
	(44, 3, 'SUPER SPECIAL 2', 4.92, '00:03:15', '2015-08-08 13:01:42', '2015-08-27 12:21:26'),
	(45, 3, 'IBARRILLA 1', 30.89, '00:18:10', '2015-08-08 13:01:42', '2015-08-27 12:21:26'),
	(46, 3, 'OTATES 1', 42.44, '00:24:18', '2015-08-08 13:01:42', '2015-08-27 12:21:26'),
	(47, 3, 'EL BRINCO 1', 8.42, '00:05:36', '2015-08-08 13:01:42', '2015-08-27 12:21:26'),
	(48, 3, 'STREET STAGE LEON 2', 1.91, '00:01:06', '2015-08-08 13:01:42', '2015-08-27 12:21:26'),
	(49, 3, 'IBARRILLA 2', 30.48, '00:18:10', '2015-08-08 13:01:42', '2015-08-27 12:21:26'),
	(50, 3, 'OTATES 2', 42.59, '00:26:20', '2015-08-08 13:01:42', '2015-08-27 12:21:26'),
	(51, 3, 'EL BRINCO 2', 8.96, '00:05:19', '2015-08-08 13:01:42', '2015-08-27 12:21:26'),
	(52, 4, 'SUPER ESPECIAL MERLO', 2.89, '00:01:44', '2015-08-08 13:05:33', '2015-08-27 12:21:26'),
	(53, 4, 'AGUA DE ORO - ASCOCHINGA', 51.78, '00:33:45', '2015-08-08 13:05:33', '2015-08-27 12:21:26'),
	(54, 4, 'VILLA BUSTOS - TANTI', 19.68, '00:11:31', '2015-08-08 13:05:33', '2015-08-27 12:21:26'),
	(55, 4, 'AGUA DE ORO - ASCOCHINGA II', 51.78, '00:33:45', '2015-08-08 13:05:33', '2015-08-27 12:24:53'),
	(56, 4, 'VILLA BUSTOS - TANTI II', 19.68, '00:11:31', '2015-08-08 13:05:33', '2015-08-27 12:24:53'),
	(57, 4, 'SUPER ESPECIAL FERNET BRANCA', 6.84, '00:04:34', '2015-08-08 13:05:33', '2015-08-27 12:21:26'),
	(58, 4, 'FERNET BRANCA', 23.35, '00:14:28', '2015-08-08 13:05:33', '2015-08-27 12:21:26'),
	(59, 4, 'SAN MARCOS', 42.41, '00:24:06', '2015-08-08 13:05:33', '2015-08-27 12:21:26'),
	(60, 4, 'FERNET BRANCA II', 23.35, '00:14:28', '2015-08-08 13:05:33', '2015-08-27 12:24:53'),
	(61, 4, 'SAN MARCOS II', 42.41, '00:24:06', '2015-08-08 13:05:33', '2015-08-27 12:24:53'),
	(62, 4, 'EL CONDOR', 16.60, '00:10:07', '2015-08-08 13:05:33', '2015-08-27 12:21:26'),
	(63, 4, 'POWER STAGE EL CONDOR', 16.17, '00:10:48', '2015-08-08 13:05:33', '2015-08-27 12:21:26'),
	(71, 5, 'CAMINHA', 18.40, '00:12:09', '2015-08-08 13:09:54', '2015-08-27 12:21:26'),
	(70, 5, 'PONTE DE LIMA 1', 27.64, '00:18:27', '2015-08-08 13:09:54', '2015-08-27 12:21:26'),
	(69, 5, 'LOUSADA', 3.14, '00:01:55', '2015-08-08 13:09:53', '2015-08-27 12:21:26'),
	(72, 5, 'VIANA DO CASTELO', 18.36, '00:12:22', '2015-08-08 13:09:54', '2015-08-27 12:21:26'),
	(73, 5, 'PONTE DE LIMA 2', 27.72, '00:18:39', '2015-08-08 13:09:54', '2015-08-27 12:21:26'),
	(74, 5, 'CAMINHA 2', 18.40, '00:12:09', '2015-08-08 13:09:54', '2015-08-27 12:24:53'),
	(75, 5, 'VIANA DO CASTELO 2', 18.36, '00:12:22', '2015-08-08 13:09:54', '2015-08-27 12:24:53'),
	(76, 5, 'BAIAO', 18.28, '00:10:17', '2015-08-08 13:09:54', '2015-08-27 12:21:26'),
	(77, 5, 'MARAO', 26.53, '00:16:05', '2015-08-08 13:09:54', '2015-08-27 12:21:26'),
	(78, 5, 'FRIDAO', 37.53, '00:24:40', '2015-08-08 13:09:54', '2015-08-27 12:21:26'),
	(79, 5, 'BAIAO 2', 18.28, '00:10:17', '2015-08-08 13:09:54', '2015-08-27 12:24:53'),
	(80, 5, 'MARAO 2', 26.53, '00:16:05', '2015-08-08 13:09:54', '2015-08-27 12:24:53'),
	(81, 5, 'FRIDAO 2', 37.53, '00:24:40', '2015-08-08 13:09:54', '2015-08-27 12:24:53'),
	(82, 5, 'FAFE 1', 11.39, '00:06:49', '2015-08-08 13:09:54', '2015-08-27 12:21:26'),
	(83, 5, 'VIEIRA DO MINHO', 32.38, '00:19:17', '2015-08-08 13:09:54', '2015-08-27 12:21:26'),
	(84, 5, 'FAFE 2', 11.56, '00:07:04', '2015-08-08 13:09:55', '2015-08-27 12:21:26'),
	(85, 6, 'CITTA\' DI GAGLIARI', 2.29, '00:01:32', '2015-08-08 14:53:32', '2015-08-27 12:21:26'),
	(86, 6, 'GRIGHINE SUD', 26.31, '00:18:06', '2015-08-08 14:53:33', '2015-08-27 12:21:26'),
	(87, 6, 'GRIGHINE NORD', 18.68, '00:11:03', '2015-08-08 14:53:33', '2015-08-27 12:21:26'),
	(88, 6, 'MONTIFERRU', 14.86, '00:10:12', '2015-08-08 14:53:33', '2015-08-27 12:21:26'),
	(89, 6, 'SAGAMA', 2.41, '00:01:24', '2015-08-08 14:53:33', '2015-08-27 12:21:26'),
	(90, 6, 'SAGAMA 2', 2.41, '00:01:24', '2015-08-08 14:53:33', '2015-08-27 12:24:54'),
	(91, 6, 'SINIS - MONT\' E PRAMA', 14.70, '00:08:43', '2015-08-08 14:53:33', '2015-08-27 12:21:26'),
	(92, 6, 'GRIGHINE SUD 2', 26.31, '00:18:06', '2015-08-08 14:53:33', '2015-08-27 12:24:54'),
	(93, 6, 'GRIGHINE NORD 2', 18.68, '00:11:03', '2015-08-08 14:53:33', '2015-08-27 12:24:54'),
	(94, 6, 'MONTIFERRU 2', 14.86, '00:10:12', '2015-08-08 14:53:33', '2015-08-27 12:24:54'),
	(95, 6, 'ITTIRI ARENA', 1.98, '00:01:16', '2015-08-08 14:53:33', '2015-08-27 12:21:26'),
	(96, 6, 'MONTI DI ALA\' 1', 22.96, '00:14:46', '2015-08-08 14:53:33', '2015-08-27 12:21:26'),
	(97, 6, 'COILUNA - LOELLE', 36.43, '00:24:20', '2015-08-08 14:53:33', '2015-08-27 12:21:26'),
	(98, 6, 'MONTE LERNO', 42.55, '00:29:11', '2015-08-08 14:53:33', '2015-08-27 12:21:26'),
	(99, 6, 'OZIERI - ARDARA', 7.70, '00:04:36', '2015-08-08 14:53:33', '2015-08-27 12:21:26'),
	(100, 6, 'ITTIRI ARENA 2', 1.98, '00:01:16', '2015-08-08 14:53:34', '2015-08-27 12:24:54'),
	(101, 6, 'MONTI DI ALA\' 2', 22.50, '00:15:03', '2015-08-08 14:53:34', '2015-08-27 12:21:26'),
	(102, 7, 'MIKOLAJKI ARENA', 2.40, '00:01:29', '2015-08-08 14:58:53', '2015-08-27 12:21:26'),
	(103, 7, 'GORKLO', 13.40, '00:09:04', '2015-08-08 14:58:53', '2015-08-27 12:21:26'),
	(104, 7, 'GOLDAP', 14.65, '00:08:22', '2015-08-08 14:58:53', '2015-08-27 12:21:26'),
	(105, 7, 'BABKI', 14.87, '00:09:18', '2015-08-08 14:58:54', '2015-08-27 12:21:26'),
	(106, 7, 'STANCZYKI', 39.62, '00:24:49', '2015-08-08 14:58:54', '2015-08-27 12:21:26'),
	(107, 7, 'BABKI 2', 14.87, '00:09:18', '2015-08-08 14:58:54', '2015-08-27 12:24:54'),
	(108, 7, 'STANCZYKI 2', 39.62, '00:24:49', '2015-08-08 14:58:54', '2015-08-27 12:24:54'),
	(109, 7, 'GOLDAP 2', 14.65, '00:08:22', '2015-08-08 14:58:54', '2015-08-27 12:24:54'),
	(110, 7, 'MIKOLAJKI ARENA 2', 2.40, '00:01:29', '2015-08-08 14:58:54', '2015-08-27 12:24:54'),
	(111, 7, 'MAZURY', 17.52, '00:11:18', '2015-08-08 14:58:54', '2015-08-27 12:21:26'),
	(112, 7, 'WIELICZKI', 12.62, '00:08:24', '2015-08-08 14:58:54', '2015-08-27 12:21:26'),
	(113, 7, 'SWIETAJNO', 21.59, '00:13:26', '2015-08-08 14:58:54', '2015-08-27 12:21:26'),
	(114, 7, 'PAPROTKI', 23.68, '00:14:49', '2015-08-08 14:58:54', '2015-08-27 12:21:26'),
	(115, 7, 'MAZURY 2', 17.52, '00:11:18', '2015-08-08 14:58:54', '2015-08-27 12:24:54'),
	(116, 7, 'WIELICZKI 2', 12.62, '00:08:24', '2015-08-08 14:58:54', '2015-08-27 12:24:54'),
	(117, 7, 'SWIETAJNO 2', 21.59, '00:13:26', '2015-08-08 14:58:54', '2015-08-27 12:24:54'),
	(118, 7, 'MIKOLAJKI ARENA 3', 2.40, '00:01:29', '2015-08-08 14:58:55', '2015-08-27 12:24:54'),
	(119, 8, 'HARJU', 2.21, '00:01:31', '2015-08-08 17:48:37', '2015-08-27 12:21:26'),
	(120, 8, 'PIHLAJAKOSKI', 14.65, '00:08:41', '2015-08-08 17:48:38', '2015-08-27 12:21:26'),
	(121, 8, 'PAIJALA', 23.28, '00:13:49', '2015-08-08 17:48:38', '2015-08-27 12:21:26'),
	(122, 8, 'OUNINPOHJA', 34.51, '00:23:02', '2015-08-08 17:48:38', '2015-08-27 12:21:26'),
	(123, 8, 'HIMOS', 5.16, '00:03:06', '2015-08-08 17:48:38', '2015-08-27 12:21:26'),
	(124, 8, 'PIHLAJAKOSKI 2', 14.65, '00:08:41', '2015-08-08 17:48:38', '2015-08-27 12:24:54'),
	(125, 8, 'PAIJALA 2', 23.28, '00:13:49', '2015-08-08 17:48:38', '2015-08-27 12:24:54'),
	(126, 8, 'OUNINPOHJA 2', 34.51, '00:23:02', '2015-08-08 17:48:38', '2015-08-27 12:24:54'),
	(127, 8, 'HIMOS 2', 5.16, '00:03:06', '2015-08-08 17:48:38', '2015-08-27 12:24:54'),
	(128, 8, 'HARJU 2', 2.21, '00:01:31', '2015-08-08 17:48:38', '2015-08-27 12:24:54'),
	(129, 8, 'MOKKIPERA', 13.60, '00:09:10', '2015-08-08 17:48:38', '2015-08-27 12:21:26'),
	(130, 8, 'JUKOJARVI', 21.78, '00:12:43', '2015-08-08 17:48:38', '2015-08-27 12:21:26'),
	(131, 8, 'SURKEE', 14.25, '00:08:31', '2015-08-08 17:48:38', '2015-08-27 12:21:26'),
	(132, 8, 'HORKKA', 15.22, '00:08:47', '2015-08-08 17:48:38', '2015-08-27 12:21:26'),
	(133, 8, 'MOKKIPERA 2', 13.60, '00:09:10', '2015-08-08 17:48:38', '2015-08-27 12:24:54'),
	(134, 8, 'JUKOJARVI 2', 21.78, '00:12:43', '2015-08-08 17:48:38', '2015-08-27 12:24:54'),
	(135, 8, 'SURKEE 2', 14.25, '00:08:31', '2015-08-08 17:48:39', '2015-08-27 12:24:55'),
	(136, 9, 'Sauertal', 14.84, '00:10:08', '2015-08-08 18:06:00', '2015-08-27 12:21:26'),
	(137, 9, 'Waxweiler', 16.45, '00:09:25', '2015-08-08 18:06:00', '2015-08-27 12:21:26'),
	(138, 9, 'Moselland', 23.37, '00:15:18', '2015-08-08 18:06:00', '2015-08-27 12:21:26'),
	(139, 9, 'Sauertal 2', 14.84, '00:10:08', '2015-08-08 18:06:00', '2015-08-27 12:24:55'),
	(140, 9, 'Waxweiler 2', 16.45, '00:09:25', '2015-08-08 18:06:00', '2015-08-27 12:24:55'),
	(141, 9, 'Moselland 2', 23.37, '00:15:18', '2015-08-08 18:06:00', '2015-08-27 12:24:55'),
	(142, 9, 'Mittelmosel 2', 13.80, '00:08:57', '2015-08-08 18:06:00', '2015-08-27 12:21:26'),
	(143, 9, 'Grafschaft', 18.76, '00:10:56', '2015-08-08 18:06:00', '2015-08-27 12:21:26'),
	(144, 9, 'Bosenberg', 17.55, '00:11:49', '2015-08-08 18:06:00', '2015-08-27 12:21:26'),
	(145, 9, 'Arena Panzerplatte', 2.48, '00:01:26', '2015-08-08 18:06:00', '2015-08-27 12:21:26'),
	(146, 9, 'Arena Panzerplatte 2', 2.48, '00:01:26', '2015-08-08 18:06:01', '2015-08-27 12:24:55'),
	(147, 9, 'Panzerplatte Lang', 45.37, '00:27:48', '2015-08-08 18:06:01', '2015-08-27 12:21:26'),
	(148, 9, 'Grafschaft 2', 18.76, '00:10:56', '2015-08-08 18:06:01', '2015-08-27 12:24:55'),
	(149, 9, 'Arena Panzerplatte 3', 2.48, '00:01:26', '2015-08-08 18:06:01', '2015-08-27 12:24:55'),
	(150, 9, 'Panzerplatte Lang 2', 45.37, '00:27:48', '2015-08-08 18:06:01', '2015-08-27 12:24:55'),
	(151, 9, 'Bosenberg 2', 17.55, '00:11:49', '2015-08-08 18:06:01', '2015-08-27 12:24:55'),
	(152, 9, 'Stei & Wein', 19.32, '00:11:51', '2015-08-08 18:06:01', '2015-08-27 12:21:26'),
	(153, 10, 'Hydes Creek', 10.48, '00:06:24', '2015-08-08 18:15:39', '2015-08-27 12:21:26'),
	(154, 10, 'Bellingen', 10.21, '00:06:09', '2015-08-08 18:15:39', '2015-08-27 12:21:26'),
	(155, 10, 'Newry', 24.86, '00:14:13', '2015-08-08 18:15:39', '2015-08-27 12:21:26'),
	(156, 10, 'Hydes Creek 2', 10.48, '00:06:24', '2015-08-08 18:15:40', '2015-08-27 12:24:55'),
	(157, 10, 'Bellingen 2', 10.21, '00:06:09', '2015-08-08 18:15:40', '2015-08-27 12:24:55'),
	(158, 10, 'Newry 2', 24.86, '00:14:13', '2015-08-08 18:15:40', '2015-08-27 12:24:55'),
	(159, 10, 'Super Special Stage ', 1.55, '00:00:59', '2015-08-08 18:15:40', '2015-08-27 12:21:26'),
	(160, 10, 'Super Special Stage 2', 1.81, '00:01:02', '2015-08-08 18:15:40', '2015-08-27 12:21:26'),
	(161, 10, 'Nambucca', 48.21, '00:30:16', '2015-08-08 18:15:40', '2015-08-27 12:21:26'),
	(162, 10, 'Valla', 8.90, '00:05:54', '2015-08-08 18:15:40', '2015-08-27 12:21:26'),
	(163, 10, 'Nambucca 2', 48.21, '00:30:16', '2015-08-08 18:15:40', '2015-08-27 12:24:55'),
	(164, 10, 'Valla 2', 8.90, '00:05:54', '2015-08-08 18:15:40', '2015-08-27 12:24:55'),
	(165, 10, 'Super Special Stage 3', 1.81, '00:01:03', '2015-08-08 18:15:40', '2015-08-27 12:21:26'),
	(166, 10, 'Super Special Stage 4', 1.50, '00:00:59', '2015-08-08 18:15:40', '2015-08-27 12:21:26'),
	(167, 10, 'Shipmans', 24.14, '00:15:05', '2015-08-08 18:15:40', '2015-08-27 12:21:26'),
	(168, 10, 'Bucca', 10.90, '00:07:30', '2015-08-08 18:15:40', '2015-08-27 12:21:26'),
	(169, 10, 'Wedding Bells', 9.37, '00:05:36', '2015-08-08 18:15:40', '2015-08-27 12:21:26'),
	(170, 11, 'Plage du LIamone', 19.91, '00:11:27', '2015-08-09 09:08:16', '2015-08-27 12:21:26'),
	(171, 11, 'Casamozza', 23.66, '00:16:16', '2015-08-09 09:08:16', '2015-08-27 12:21:26'),
	(172, 11, 'Francardo', 16.34, '00:09:58', '2015-08-09 09:08:16', '2015-08-27 12:21:26'),
	(173, 11, 'Plage du Liamone 2', 19.91, '00:11:27', '2015-08-09 09:08:16', '2015-08-27 12:24:55'),
	(174, 11, 'Casamozza 2', 23.66, '00:16:16', '2015-08-09 09:08:16', '2015-08-27 12:24:55'),
	(175, 11, 'Francardo 2', 16.34, '00:09:58', '2015-08-09 09:08:16', '2015-08-27 12:24:55'),
	(176, 11, 'Casamozza 3', 23.66, '00:16:16', '2015-08-09 09:08:16', '2015-08-27 12:24:55'),
	(177, 11, 'Francardo 3', 16.34, '00:09:58', '2015-08-09 09:08:16', '2015-08-27 12:24:55'),
	(178, 11, 'Muracciole', 28.92, '00:18:25', '2015-08-09 09:08:16', '2015-08-27 12:21:26'),
	(179, 11, 'Sotta', 26.28, '00:16:59', '2015-08-09 09:08:16', '2015-08-27 12:21:26'),
	(180, 11, 'Muracciole', 28.46, '00:18:02', '2015-08-09 09:08:16', '2015-08-27 12:21:26'),
	(181, 11, 'Zerubia', 31.43, '00:18:53', '2015-08-09 09:08:16', '2015-08-27 12:21:26'),
	(182, 11, 'Bisinao', 16.74, '00:11:31', '2015-08-09 09:08:16', '2015-08-27 12:21:26'),
	(183, 11, 'Zerubia 2', 31.43, '00:18:53', '2015-08-09 09:08:16', '2015-08-27 12:24:55'),
	(184, 11, 'Bisinao 2', 16.74, '00:11:31', '2015-08-09 09:08:17', '2015-08-27 12:24:55'),
	(185, 12, 'Barcelona', 3.11, '00:01:49', '2015-08-09 09:29:16', '2015-08-27 12:21:26'),
	(186, 12, 'Mora d\'Ebre', 9.69, '00:06:00', '2015-08-09 09:29:16', '2015-08-27 12:21:26'),
	(187, 12, 'Caseres', 12.10, '00:07:43', '2015-08-09 09:29:16', '2015-08-27 12:21:26'),
	(188, 12, 'Bot', 6.21, '00:04:05', '2015-08-09 09:29:16', '2015-08-27 12:21:26'),
	(189, 12, 'Terra Alta', 35.41, '00:20:36', '2015-08-09 09:29:16', '2015-08-27 12:21:26'),
	(190, 12, 'Mora d\'Ebre 2', 9.69, '00:06:00', '2015-08-09 09:29:16', '2015-08-27 12:24:56'),
	(191, 12, 'Caseres 2', 12.10, '00:07:43', '2015-08-09 09:29:16', '2015-08-27 12:24:56'),
	(192, 12, 'Bot 2', 6.21, '00:04:05', '2015-08-09 09:29:16', '2015-08-27 12:24:56'),
	(193, 12, 'Terra Alta 2', 35.41, '00:20:36', '2015-08-09 09:29:16', '2015-08-27 12:24:56'),
	(194, 12, 'Porrera', 7.91, '00:04:45', '2015-08-09 09:29:16', '2015-08-27 12:21:26'),
	(195, 12, 'La Figuera', 26.35, '00:17:34', '2015-08-09 09:29:16', '2015-08-27 12:21:26'),
	(196, 12, 'Poboleda', 10.73, '00:06:50', '2015-08-09 09:29:16', '2015-08-27 12:21:26'),
	(197, 12, 'Capafonts', 19.13, '00:11:39', '2015-08-09 09:29:17', '2015-08-27 12:21:26'),
	(198, 12, 'La Figuera 2', 26.35, '00:17:34', '2015-08-09 09:29:17', '2015-08-27 12:24:56'),
	(199, 12, 'Poboleda 2', 10.73, '00:06:50', '2015-08-09 09:29:17', '2015-08-27 12:24:56'),
	(200, 12, 'Capafonts 2', 19.13, '00:11:39', '2015-08-09 09:29:17', '2015-08-27 12:24:56'),
	(201, 12, 'Salou', 2.62, '00:01:32', '2015-08-09 09:29:17', '2015-08-27 12:21:26'),
	(202, 13, 'Hafren', 32.44, '00:20:26', '2015-08-09 09:33:26', '2015-08-27 12:21:26'),
	(203, 13, 'Sweet Lamb', 2.97, '00:02:00', '2015-08-09 09:33:26', '2015-08-27 12:21:26'),
	(204, 13, 'Myherin', 31.73, '00:21:28', '2015-08-09 09:33:26', '2015-08-27 12:21:26'),
	(205, 13, 'Harfen 2', 32.60, '00:18:42', '2015-08-09 09:33:26', '2015-08-27 12:21:26'),
	(206, 13, 'Sweet Lamb 2', 2.97, '00:02:00', '2015-08-09 09:33:27', '2015-08-27 12:24:56'),
	(207, 13, 'Myherin 2', 31.73, '00:21:28', '2015-08-09 09:33:27', '2015-08-27 12:24:56'),
	(208, 13, 'Gartheiniog', 11.97, '00:07:37', '2015-08-09 09:33:27', '2015-08-27 12:21:26'),
	(209, 13, 'Dyfi', 25.37, '00:16:48', '2015-08-09 09:33:27', '2015-08-27 12:21:26'),
	(210, 13, 'Gartheiniog 2', 11.97, '00:07:37', '2015-08-09 09:33:27', '2015-08-27 12:24:56'),
	(211, 13, 'Dyfi 2', 25.37, '00:16:48', '2015-08-09 09:33:27', '2015-08-27 12:24:56'),
	(212, 13, 'Dyfnant', 19.89, '00:13:38', '2015-08-09 09:33:27', '2015-08-27 12:21:26'),
	(213, 13, 'Aberhirnant', 13.70, '00:08:15', '2015-08-09 09:33:27', '2015-08-27 12:21:26'),
	(214, 13, 'Chirk Castle', 2.28, '00:01:26', '2015-08-09 09:33:27', '2015-08-27 12:21:26'),
	(215, 13, 'Dynant 2', 19.83, '00:11:12', '2015-08-09 09:33:27', '2015-08-27 12:21:26'),
	(216, 13, 'Aberhirnant 2', 13.70, '00:08:15', '2015-08-09 09:33:27', '2015-08-27 12:24:56'),
	(217, 13, 'Brenig', 10.99, '00:06:44', '2015-08-09 09:33:27', '2015-08-27 12:21:26'),
	(218, 13, 'ALwen', 10.16, '00:05:45', '2015-08-09 09:33:27', '2015-08-27 12:21:26'),
	(219, 14, 'Pierbach', 18.57, '00:10:59', '2015-08-09 14:43:28', '2015-08-27 12:21:26'),
	(220, 14, 'Liebenau', 10.10, '00:05:48', '2015-08-09 14:43:28', '2015-08-27 12:21:26'),
	(221, 14, 'St. Oswald', 8.20, '00:04:44', '2015-08-09 14:43:28', '2015-08-27 12:21:26'),
	(222, 14, 'Pierbach 2', 18.57, '00:10:59', '2015-08-09 14:43:28', '2015-08-27 12:24:56'),
	(223, 14, 'Liebenau 2', 10.10, '00:05:48', '2015-08-09 14:43:28', '2015-08-27 12:24:56'),
	(224, 14, 'St. Ostwald', 8.22, '00:05:30', '2015-08-09 14:43:28', '2015-08-27 12:21:26'),
	(225, 14, 'Pregarten', 8.44, '00:05:09', '2015-08-09 14:43:28', '2015-08-27 12:21:26'),
	(226, 14, 'Schonau', 22.80, '00:14:11', '2015-08-09 14:43:28', '2015-08-27 12:21:26'),
	(227, 14, 'Pregarten 2', 8.44, '00:05:09', '2015-08-09 14:43:28', '2015-08-27 12:24:56'),
	(228, 14, 'Schonau', 22.81, '00:13:08', '2015-08-09 14:43:28', '2015-08-27 12:21:26'),
	(229, 14, 'Gutau', 8.68, '00:04:56', '2015-08-09 14:43:28', '2015-08-27 12:21:26'),
	(230, 14, 'Unterweissenbach 2', 12.31, '00:08:00', '2015-08-09 14:43:29', '2015-08-27 12:24:57'),
	(231, 14, 'Arena Konigswiesen', 7.33, '00:04:28', '2015-08-09 14:43:29', '2015-08-27 12:21:26'),
	(232, 14, 'Gutau 2', 8.68, '00:04:56', '2015-08-09 14:43:29', '2015-08-27 12:24:56'),
	(233, 14, 'Unterweissenbach', 12.31, '00:08:00', '2015-08-09 14:43:29', '2015-08-27 12:21:26'),
	(234, 14, 'Arena Konigswiesen', 7.76, '00:04:44', '2015-08-09 14:43:29', '2015-08-27 12:21:26'),
	(235, 14, 'Bad Zell', 21.71, '00:13:15', '2015-08-09 14:43:29', '2015-08-27 12:21:26'),
	(236, 15, 'Basi', 16.11, '00:09:22', '2015-08-09 14:47:07', '2015-08-27 12:21:26'),
	(237, 15, 'Kuldiga', 36.11, '00:23:38', '2015-08-09 14:47:07', '2015-08-27 12:21:26'),
	(238, 15, 'Ecorent', 7.80, '00:04:25', '2015-08-09 14:47:07', '2015-08-27 12:21:26'),
	(239, 15, 'Kuldiga 2', 36.11, '00:23:38', '2015-08-09 14:47:07', '2015-08-27 12:24:57'),
	(240, 15, 'Basi 2', 16.11, '00:09:22', '2015-08-09 14:47:07', '2015-08-27 12:24:57'),
	(241, 15, 'Podnieki', 11.37, '00:07:44', '2015-08-09 14:47:07', '2015-08-27 12:21:26'),
	(242, 15, 'Tebra', 12.70, '00:07:46', '2015-08-09 14:47:07', '2015-08-27 12:21:26'),
	(243, 15, 'Vecpils', 22.64, '00:12:54', '2015-08-09 14:47:07', '2015-08-27 12:21:26'),
	(244, 15, 'Podnieki 2', 11.37, '00:07:44', '2015-08-09 14:47:07', '2015-08-27 12:24:57'),
	(245, 15, 'Tebra 2', 12.70, '00:07:46', '2015-08-09 14:47:07', '2015-08-27 12:24:57'),
	(246, 15, 'Vecpils 2', 22.64, '00:12:54', '2015-08-09 14:47:07', '2015-08-27 12:24:57'),
	(247, 15, 'Liepaja special', 1.81, '00:01:07', '2015-08-09 14:47:07', '2015-08-27 12:21:26'),
	(248, 16, 'Bucks Head', 14.47, '00:09:37', '2015-08-09 18:29:55', '2015-08-27 12:21:26'),
	(249, 16, 'Hamilton\'s Folly', 16.40, '00:11:07', '2015-08-09 18:29:55', '2015-08-27 12:21:26'),
	(250, 16, 'Lough Henney', 10.42, '00:06:26', '2015-08-09 18:29:55', '2015-08-27 12:21:26'),
	(251, 16, 'Bucks Head 2', 14.47, '00:09:37', '2015-08-09 18:29:55', '2015-08-27 12:24:57'),
	(252, 16, 'Hamilton\'s Folly 2', 16.40, '00:11:07', '2015-08-09 18:29:56', '2015-08-27 12:24:57'),
	(253, 16, 'Lough Henry 2', 10.33, '00:06:04', '2015-08-09 18:29:56', '2015-08-27 12:21:26'),
	(254, 16, 'Newtownards TT', 1.63, '00:01:07', '2015-08-09 18:29:56', '2015-08-27 12:21:26'),
	(255, 16, 'Newtownards TT 2', 1.63, '00:01:07', '2015-08-09 18:29:56', '2015-08-27 12:21:26'),
	(256, 16, 'Bulls Brook', 13.21, '00:09:00', '2015-08-09 18:29:56', '2015-08-27 12:21:26'),
	(257, 16, 'McGaffins Corner', 26.16, '00:16:33', '2015-08-09 18:29:56', '2015-08-27 12:21:26'),
	(258, 16, 'Banbridge', 8.58, '00:05:18', '2015-08-09 18:29:56', '2015-08-27 12:21:26'),
	(259, 16, 'Gregoriough', 14.91, '00:08:36', '2015-08-09 18:29:56', '2015-08-27 12:21:26'),
	(260, 16, 'Lisburn', 1.78, '00:01:04', '2015-08-09 18:29:56', '2015-08-27 12:21:26'),
	(261, 16, 'Lisburn 2', 1.78, '00:01:04', '2015-08-09 18:29:56', '2015-08-27 12:24:57'),
	(262, 16, 'Bulls Brook 2', 13.21, '00:09:00', '2015-08-09 18:29:56', '2015-08-27 12:24:57'),
	(263, 16, 'McGaffins Corner 2', 26.16, '00:16:33', '2015-08-09 18:29:56', '2015-08-27 12:24:57'),
	(264, 16, 'Banbridge 2', 8.58, '00:05:18', '2015-08-09 18:29:56', '2015-08-27 12:24:57'),
	(265, 17, 'Grupo Marques', 3.34, '00:01:52', '2015-08-09 18:37:22', '2015-08-27 12:21:26'),
	(266, 17, 'Solucoes', 7.96, '00:04:28', '2015-08-09 18:37:23', '2015-08-27 12:21:26'),
	(267, 17, 'Vila Franca', 12.79, '00:08:44', '2015-08-09 18:37:23', '2015-08-27 12:21:26'),
	(268, 17, 'Lagoa Meo', 6.28, '00:04:15', '2015-08-09 18:37:23', '2015-08-27 12:21:26'),
	(269, 17, 'Pico da Pedra Golfe', 7.86, '00:05:23', '2015-08-09 18:37:23', '2015-08-27 12:21:26'),
	(270, 17, 'Feteiras', 7.88, '00:05:21', '2015-08-09 18:37:23', '2015-08-27 12:21:26'),
	(271, 17, 'Sete Cidades', 28.57, '00:16:38', '2015-08-09 18:37:23', '2015-08-27 12:21:26'),
	(272, 17, 'Lagoa Meo 2', 6.28, '00:04:15', '2015-08-09 18:37:23', '2015-08-27 12:24:57'),
	(273, 17, 'Pico da Pedra Golfe 2', 7.86, '00:05:23', '2015-08-09 18:37:23', '2015-08-27 12:24:57'),
	(274, 17, 'Feteiras 2', 7.88, '00:05:21', '2015-08-09 18:37:23', '2015-08-27 12:24:57'),
	(275, 17, 'Sete Cidades 2', 28.57, '00:16:38', '2015-08-09 18:37:23', '2015-08-27 12:24:57'),
	(276, 17, 'Graminhais', 20.84, '00:11:52', '2015-08-09 18:37:23', '2015-08-27 12:21:26'),
	(277, 17, 'Tronqueira', 21.68, '00:13:16', '2015-08-09 18:37:23', '2015-08-27 12:21:26'),
	(278, 17, 'Grupo Marques 2', 3.34, '00:01:52', '2015-08-09 18:37:23', '2015-08-27 12:24:57'),
	(279, 17, 'Vila Franca 2', 12.79, '00:08:44', '2015-08-09 18:37:23', '2015-08-27 12:24:57'),
	(280, 17, 'Graminhais 2', 20.84, '00:11:52', '2015-08-09 18:37:24', '2015-08-27 12:24:57'),
	(281, 17, 'Tronqueira 2', 21.68, '00:13:16', '2015-08-09 18:37:24', '2015-08-27 12:24:57'),
	(282, 18, 'Langemark', 12.57, '00:08:12', '2015-08-10 10:35:26', '2015-08-27 12:21:26'),
	(283, 18, 'Dikkebus', 14.73, '00:08:58', '2015-08-10 10:35:26', '2015-08-27 12:21:26'),
	(284, 18, 'Wijtschate', 13.43, '00:08:52', '2015-08-10 10:35:27', '2015-08-27 12:21:26'),
	(285, 18, 'Mesen', 7.80, '00:05:11', '2015-08-10 10:35:27', '2015-08-27 12:21:26'),
	(286, 18, 'Dikkebus 2', 14.73, '00:08:58', '2015-08-10 10:35:27', '2015-08-27 12:24:58'),
	(287, 18, 'Wijtschate 2', 13.43, '00:08:52', '2015-08-10 10:35:27', '2015-08-27 12:24:58'),
	(288, 18, 'Mesen 2', 7.80, '00:05:11', '2015-08-10 10:35:27', '2015-08-27 12:24:58'),
	(289, 18, 'Reninge', 14.22, '00:08:57', '2015-08-10 10:35:27', '2015-08-27 12:21:26'),
	(290, 18, 'Watou', 14.25, '00:08:02', '2015-08-10 10:35:27', '2015-08-27 12:21:26'),
	(291, 18, 'Westouter-Boeschepe', 19.34, '00:12:51', '2015-08-10 10:35:27', '2015-08-27 12:21:26'),
	(292, 18, 'Kemmelberg', 13.64, '00:08:42', '2015-08-10 10:35:27', '2015-08-27 12:21:26'),
	(293, 18, 'Hollebeket', 23.99, '00:15:52', '2015-08-10 10:35:27', '2015-08-27 12:21:26'),
	(294, 18, 'Reninge 2', 14.22, '00:08:57', '2015-08-10 10:35:27', '2015-08-27 12:24:58'),
	(295, 18, 'Watou 2', 14.25, '00:08:02', '2015-08-10 10:35:27', '2015-08-27 12:24:58'),
	(296, 18, 'Westouter-Boeschepe 2', 19.34, '00:12:51', '2015-08-10 10:35:27', '2015-08-27 12:24:58'),
	(297, 18, 'Kemmelberg 2', 13.64, '00:08:42', '2015-08-10 10:35:27', '2015-08-27 12:24:58'),
	(298, 18, 'Hollebeke 2', 23.15, '00:15:30', '2015-08-10 10:35:27', '2015-08-27 12:21:26'),
	(418, 26, 'Tartu City', 1.31, '00:00:48', '2015-08-10 10:51:22', '2015-08-27 12:21:26'),
	(419, 26, 'Arula', 8.33, '00:05:40', '2015-08-10 10:51:22', '2015-08-27 12:21:26'),
	(420, 26, 'Urvaste', 14.14, '00:09:36', '2015-08-10 10:51:22', '2015-08-27 12:21:26'),
	(421, 26, 'Raiga', 9.84, '00:05:56', '2015-08-10 10:51:22', '2015-08-27 12:21:26'),
	(422, 26, 'Ristimae', 34.69, '00:20:54', '2015-08-10 10:51:22', '2015-08-27 12:21:26'),
	(423, 26, 'Ristimae 2', 34.69, '00:20:54', '2015-08-10 10:51:22', '2015-08-27 12:24:58'),
	(424, 26, 'Raiga 2', 9.84, '00:05:56', '2015-08-10 10:51:22', '2015-08-27 12:24:58'),
	(425, 26, 'Elva', 1.94, '00:01:13', '2015-08-10 10:51:23', '2015-08-27 12:21:27'),
	(426, 26, 'Vissi', 13.41, '00:08:17', '2015-08-10 10:51:23', '2015-08-27 12:21:27'),
	(427, 26, 'Sulaoja', 7.19, '00:04:11', '2015-08-10 10:51:23', '2015-08-27 12:21:27'),
	(428, 26, 'Alakula', 11.72, '00:06:46', '2015-08-10 10:51:23', '2015-08-27 12:21:27'),
	(429, 26, 'Vissi 2', 13.41, '00:08:17', '2015-08-10 10:51:23', '2015-08-27 12:24:58'),
	(430, 26, 'Sulaoja 2', 7.19, '00:04:11', '2015-08-10 10:51:23', '2015-08-27 12:24:58'),
	(431, 26, 'Alakula 2', 11.72, '00:06:46', '2015-08-10 10:51:23', '2015-08-27 12:24:58'),
	(432, 26, 'Arula 2', 8.33, '00:05:40', '2015-08-10 10:51:23', '2015-08-27 12:24:58'),
	(433, 26, 'Urwaste 2', 14.60, '00:09:11', '2015-08-10 10:51:23', '2015-08-27 12:21:27'),
	(435, 27, 'Super Stage Zlin', 9.42, '00:06:29', '2015-08-10 10:54:48', '2015-08-27 12:21:27'),
	(436, 27, 'Slusovice', 16.88, '00:10:54', '2015-08-10 10:54:48', '2015-08-27 12:21:27'),
	(437, 27, 'Pindula', 18.70, '00:10:54', '2015-08-10 10:54:48', '2015-08-27 12:21:27'),
	(438, 27, 'Majak', 13.56, '00:08:04', '2015-08-10 10:54:49', '2015-08-27 12:21:27'),
	(439, 27, 'Kudlovice', 17.43, '00:10:42', '2015-08-10 10:54:49', '2015-08-27 12:21:27'),
	(440, 27, 'Slusovice 2', 16.88, '00:10:54', '2015-08-10 10:54:49', '2015-08-27 12:24:58'),
	(441, 27, 'Pindula 2', 18.70, '00:10:54', '2015-08-10 10:54:49', '2015-08-27 12:24:58'),
	(442, 27, 'Majak 2', 13.56, '00:08:04', '2015-08-10 10:54:49', '2015-08-27 12:24:58'),
	(443, 27, 'Kudlovice 2', 17.43, '00:10:42', '2015-08-10 10:54:49', '2015-08-27 12:24:58'),
	(444, 27, 'Semetin', 11.38, '00:07:15', '2015-08-10 10:54:49', '2015-08-27 12:21:27'),
	(445, 27, 'Trojak', 23.76, '00:13:45', '2015-08-10 10:54:49', '2015-08-27 12:21:27'),
	(446, 27, 'Zlutava', 8.12, '00:05:30', '2015-08-10 10:54:49', '2015-08-27 12:21:27'),
	(447, 27, 'Semestin 2', 11.89, '00:07:32', '2015-08-10 10:54:49', '2015-08-27 12:21:27'),
	(448, 27, 'Trojak 2', 23.76, '00:13:45', '2015-08-10 10:54:49', '2015-08-27 12:24:58'),
	(449, 27, 'Zlutava 2', 8.12, '00:05:30', '2015-08-10 10:54:49', '2015-08-27 12:24:58'),
	(452, 28, 'Asfalistiki', 5.13, '00:03:02', '2015-08-10 10:57:37', '2015-08-27 12:21:27'),
	(453, 28, 'Kotsiatis', 15.16, '00:10:11', '2015-08-10 10:57:37', '2015-08-27 12:21:27'),
	(454, 28, 'Lythrodontas', 21.28, '00:13:38', '2015-08-10 10:57:37', '2015-08-27 12:21:27'),
	(455, 28, 'Lefkara', 17.67, '00:10:44', '2015-08-10 10:57:37', '2015-08-27 12:21:27'),
	(456, 28, 'Klavdia', 11.69, '00:07:48', '2015-08-10 10:57:37', '2015-08-27 12:21:27'),
	(457, 28, 'Tseri', 14.25, '00:09:26', '2015-08-10 10:57:37', '2015-08-27 12:21:27'),
	(458, 28, 'Asinou', 11.46, '00:07:44', '2015-08-10 10:57:37', '2015-08-27 12:21:27'),
	(459, 28, 'Xerarkaka', 21.61, '00:14:51', '2015-08-10 10:57:37', '2015-08-27 12:21:27'),
	(460, 28, 'Tseri 2', 14.25, '00:09:26', '2015-08-10 10:57:37', '2015-08-27 12:24:59'),
	(461, 28, 'Asinou 2', 11.46, '00:07:44', '2015-08-10 10:57:37', '2015-08-27 12:24:59'),
	(462, 28, 'Xerarkaka 2', 21.61, '00:14:51', '2015-08-10 10:57:37', '2015-08-27 12:24:59'),
	(463, 28, 'Kotsiatis 2', 15.16, '00:10:11', '2015-08-10 10:57:38', '2015-08-27 12:24:58'),
	(464, 28, 'Lythrodontas 2', 21.28, '00:13:38', '2015-08-10 10:57:38', '2015-08-27 12:24:58'),
	(465, 28, 'Lefkara 2', 17.67, '00:10:44', '2015-08-10 10:57:38', '2015-08-27 12:24:59'),
	(466, 28, 'Klavdia 2', 11.69, '00:07:48', '2015-08-10 10:57:38', '2015-08-27 12:24:59'),
	(469, 29, 'Aghios Ioannis', 21.66, '00:13:46', '2015-08-10 11:00:38', '2015-08-27 12:21:27'),
	(470, 29, 'Aghionori', 23.52, '00:13:36', '2015-08-10 11:00:38', '2015-08-27 12:21:27'),
	(471, 29, 'Psari', 17.44, '00:09:57', '2015-08-10 11:00:38', '2015-08-27 12:21:27'),
	(472, 29, 'Aghios Ioannis 2', 21.66, '00:13:46', '2015-08-10 11:00:38', '2015-08-27 12:24:59'),
	(473, 29, 'Aghionori 2', 23.52, '00:13:36', '2015-08-10 11:00:38', '2015-08-27 12:24:59'),
	(474, 29, 'Psari 2', 17.44, '00:09:57', '2015-08-10 11:00:38', '2015-08-27 12:24:59'),
	(475, 29, 'Klenia', 18.16, '00:11:19', '2015-08-10 11:00:39', '2015-08-27 12:21:27'),
	(476, 29, 'Nea Kineta', 22.39, '00:14:25', '2015-08-10 11:00:39', '2015-08-27 12:21:27'),
	(477, 29, 'Loutraki', 16.45, '00:09:36', '2015-08-10 11:00:39', '2015-08-27 12:21:27'),
	(478, 29, 'Klenia 2', 18.16, '00:11:19', '2015-08-10 11:00:39', '2015-08-27 12:24:59'),
	(479, 29, 'Nea Kineta 2', 22.39, '00:14:25', '2015-08-10 11:00:39', '2015-08-27 12:24:59'),
	(480, 29, 'Loutraki 2', 16.45, '00:09:36', '2015-08-10 11:00:39', '2015-08-27 12:24:59'),
	(481, 29, 'Klenia 3', 18.16, '00:11:19', '2015-08-10 11:00:39', '2015-08-27 12:24:59'),
	(482, 29, 'Nea Kineta 3', 22.39, '00:14:25', '2015-08-10 11:00:39', '2015-08-27 12:24:59'),
	(483, 29, 'Loutraki 3', 16.45, '00:09:36', '2015-08-10 11:00:39', '2015-08-27 12:24:59'),
	(486, 30, 'Leukerbad', 8.76, '00:05:16', '2015-08-10 11:04:16', '2015-08-27 12:21:27'),
	(487, 30, 'Crans - Montana', 11.66, '00:07:21', '2015-08-10 11:04:17', '2015-08-27 12:21:27'),
	(488, 30, 'Anzere', 12.89, '00:07:33', '2015-08-10 11:04:17', '2015-08-27 12:21:27'),
	(489, 30, 'Sierre - Anniviers', 14.36, '00:08:44', '2015-08-10 11:04:17', '2015-08-27 12:21:27'),
	(490, 30, 'Veysonnaz', 13.11, '00:07:42', '2015-08-10 11:04:17', '2015-08-27 12:21:27'),
	(491, 30, 'Nendaz', 12.63, '00:07:12', '2015-08-10 11:04:17', '2015-08-27 12:21:27'),
	(492, 30, 'Caserne', 6.43, '00:04:07', '2015-08-10 11:04:17', '2015-08-27 12:21:27'),
	(493, 30, 'Sierre - Anniviers 2', 14.36, '00:08:44', '2015-08-10 11:04:17', '2015-08-27 12:24:59'),
	(494, 30, 'Veysonnaz 2', 13.11, '00:07:42', '2015-08-10 11:04:17', '2015-08-27 12:24:59'),
	(495, 30, 'Nendaz 2', 12.63, '00:07:12', '2015-08-10 11:04:17', '2015-08-27 12:24:59'),
	(496, 30, 'Caserne 2', 6.43, '00:04:07', '2015-08-10 11:04:17', '2015-08-27 12:24:59'),
	(497, 30, 'Champex - Lac', 16.63, '00:09:26', '2015-08-10 11:04:17', '2015-08-27 12:21:27'),
	(498, 30, 'Bruson', 10.35, '00:06:35', '2015-08-10 11:04:17', '2015-08-27 12:21:27'),
	(499, 30, 'Verbier', 15.92, '00:10:14', '2015-08-10 11:04:17', '2015-08-27 12:21:27'),
	(500, 30, 'Les Cols', 32.86, '00:21:21', '2015-08-10 11:04:17', '2015-08-27 12:21:27'),
	(501, 30, 'Champex - Lac 2', 16.63, '00:09:26', '2015-08-10 11:04:18', '2015-08-27 12:24:59'),
	(502, 30, 'Bruson 2', 10.35, '00:06:35', '2015-08-10 11:04:18', '2015-08-27 12:24:59'),
	(503, 31, 'Jodlowka', 18.52, '00:10:49', '2015-08-10 11:11:05', '2015-08-27 12:21:27'),
	(504, 31, 'Hucisko', 12.33, '00:07:37', '2015-08-10 11:11:05', '2015-08-27 12:21:27'),
	(505, 31, 'Jodlowka 2', 18.52, '00:10:49', '2015-08-10 11:11:05', '2015-08-27 12:24:59'),
	(506, 31, 'Hucisko 2', 12.33, '00:07:37', '2015-08-10 11:11:05', '2015-08-27 12:24:59'),
	(507, 31, 'Przemysl', 9.62, '00:05:54', '2015-08-10 11:11:05', '2015-08-27 12:21:27'),
	(508, 31, 'Przemysl 2', 9.62, '00:05:54', '2015-08-10 11:11:05', '2015-08-27 12:24:59'),
	(509, 31, 'Leszczawka', 9.23, '00:05:35', '2015-08-10 11:11:05', '2015-08-27 12:21:27'),
	(510, 31, 'Huta Brzuska', 8.82, '00:05:53', '2015-08-10 11:11:05', '2015-08-27 12:21:27'),
	(511, 31, 'Bircza', 15.63, '00:10:29', '2015-08-10 11:11:05', '2015-08-27 12:21:27'),
	(512, 31, 'Leszczawka 2', 9.23, '00:05:35', '2015-08-10 11:11:06', '2015-08-27 12:25:00'),
	(513, 31, 'Huta Brzuska 2', 8.82, '00:05:53', '2015-08-10 11:11:06', '2015-08-27 12:25:00'),
	(514, 31, 'Bircza 2', 15.63, '00:10:29', '2015-08-10 11:11:06', '2015-08-27 12:25:00'),
	(515, 31, 'Leszczawka 3', 9.23, '00:05:35', '2015-08-10 11:11:06', '2015-08-27 12:25:00'),
	(516, 31, 'Huta Brzuska 3', 8.82, '00:05:53', '2015-08-10 11:11:06', '2015-08-27 12:25:00'),
	(517, 31, 'Bircza 3', 15.63, '00:10:29', '2015-08-10 11:11:06', '2015-08-27 12:25:00'),
	(520, 32, 'Klodzko', 2.94, '00:01:39', '2015-08-10 11:14:37', '2015-08-27 12:21:27'),
	(521, 32, 'Klodzko 2', 2.94, '00:01:39', '2015-08-10 11:14:38', '2015-08-27 12:25:00'),
	(522, 32, 'Domaszkow', 23.65, '00:16:17', '2015-08-10 11:14:38', '2015-08-27 12:21:27'),
	(523, 32, 'Wilkanow', 17.89, '00:11:18', '2015-08-10 11:14:38', '2015-08-27 12:21:27'),
	(524, 32, 'Domaszkow 2', 23.65, '00:16:17', '2015-08-10 11:14:38', '2015-08-27 12:25:00'),
	(525, 32, 'Wilkanow 2', 17.89, '00:11:18', '2015-08-10 11:14:38', '2015-08-27 12:25:00'),
	(526, 32, 'Staropolanka', 14.96, '00:08:29', '2015-08-10 11:14:38', '2015-08-27 12:21:27'),
	(527, 32, 'BGK', 14.38, '00:09:32', '2015-08-10 11:14:38', '2015-08-27 12:21:27'),
	(528, 32, 'Radkowska Perla', 9.43, '00:06:24', '2015-08-10 11:14:38', '2015-08-27 12:21:27'),
	(529, 32, 'Staropolanka 2', 14.96, '00:08:29', '2015-08-10 11:14:38', '2015-08-27 12:25:00'),
	(530, 32, 'BGK 2', 14.38, '00:09:32', '2015-08-10 11:14:38', '2015-08-27 12:25:00'),
	(531, 32, 'Radkowska Perla 2', 9.43, '00:06:24', '2015-08-10 11:14:38', '2015-08-27 12:25:00'),
	(532, 32, 'Staropolanka 3', 14.96, '00:08:29', '2015-08-10 11:14:38', '2015-08-27 12:25:00'),
	(533, 32, 'BGK 3', 14.38, '00:09:32', '2015-08-10 11:14:38', '2015-08-27 12:25:00'),
	(534, 32, 'Radkowska Perla 3', 9.43, '00:06:24', '2015-08-10 11:14:38', '2015-08-27 12:25:00'),
	(537, 33, 'Zabobrze', 2.38, '00:01:30', '2015-08-10 11:21:17', '2015-08-27 12:21:27'),
	(538, 33, 'Zabobrze 2', 2.38, '00:01:30', '2015-08-10 11:21:17', '2015-08-27 12:25:00'),
	(539, 33, 'Karpniki', 14.72, '00:08:29', '2015-08-10 11:21:17', '2015-08-27 12:21:27'),
	(540, 33, 'Gajowka', 12.93, '00:08:11', '2015-08-10 11:21:17', '2015-08-27 12:21:27'),
	(541, 33, 'Lubomierz', 12.60, '00:07:14', '2015-08-10 11:21:17', '2015-08-27 12:21:27'),
	(542, 33, 'Karpniki 2', 14.72, '00:08:29', '2015-08-10 11:21:17', '2015-08-27 12:25:00'),
	(543, 33, 'Gajowka 2', 12.93, '00:08:11', '2015-08-10 11:21:17', '2015-08-27 12:25:00'),
	(544, 33, 'Lubomierz 2', 12.60, '00:07:14', '2015-08-10 11:21:17', '2015-08-27 12:25:00'),
	(545, 33, 'Karpacz', 19.63, '00:12:44', '2015-08-10 11:21:17', '2015-08-27 12:21:27'),
	(546, 33, 'Czernica', 27.24, '00:16:25', '2015-08-10 11:21:18', '2015-08-27 12:21:27'),
	(547, 33, 'Karpacz 2', 19.63, '00:12:44', '2015-08-10 11:21:18', '2015-08-27 12:25:00'),
	(548, 33, 'Czernica 2', 27.24, '00:16:25', '2015-08-10 11:21:18', '2015-08-27 12:25:00'),
	(549, 33, 'Karpacz 3', 19.63, '00:12:44', '2015-08-10 11:21:18', '2015-08-27 12:25:00'),
	(550, 33, 'Czernica 3', 27.24, '00:16:25', '2015-08-10 11:21:18', '2015-08-27 12:25:00'),
	(554, 34, 'Lebno', 14.27, '00:09:25', '2015-08-10 11:25:24', '2015-08-27 12:21:27'),
	(555, 34, 'Ketrzyno', 8.89, '00:05:00', '2015-08-10 11:25:24', '2015-08-27 12:21:27'),
	(556, 34, 'Linia', 14.89, '00:08:54', '2015-08-10 11:25:24', '2015-08-27 12:21:27'),
	(557, 34, 'Lebno 2', 14.27, '00:09:25', '2015-08-10 11:25:24', '2015-08-27 12:25:00'),
	(558, 34, 'Ketrzyno 2', 8.89, '00:05:00', '2015-08-10 11:25:24', '2015-08-27 12:25:00'),
	(559, 34, 'Linia 2', 14.89, '00:08:54', '2015-08-10 11:25:24', '2015-08-27 12:25:00'),
	(560, 34, 'Lebno 3', 14.27, '00:09:25', '2015-08-10 11:25:24', '2015-08-27 12:25:00'),
	(561, 34, 'Ketrzyno 3', 8.89, '00:05:00', '2015-08-10 11:25:25', '2015-08-27 12:25:00'),
	(562, 34, 'Linia 3', 14.89, '00:08:54', '2015-08-10 11:25:25', '2015-08-27 12:25:00'),
	(563, 34, 'Przodkowo', 11.47, '00:06:35', '2015-08-10 11:25:25', '2015-08-27 12:21:27'),
	(564, 34, 'Kartuzy', 12.96, '00:07:34', '2015-08-10 11:25:25', '2015-08-27 12:21:27'),
	(565, 34, 'Szemud', 13.25, '00:08:10', '2015-08-10 11:25:25', '2015-08-27 12:21:27'),
	(566, 34, 'Przodkowo 2', 11.47, '00:06:35', '2015-08-10 11:25:25', '2015-08-27 12:25:00'),
	(567, 34, 'Kartuzy 2', 12.96, '00:07:34', '2015-08-10 11:25:25', '2015-08-27 12:25:00'),
	(568, 34, 'Szemud 2', 13.25, '00:08:10', '2015-08-10 11:25:25', '2015-08-27 12:25:00'),
	(571, 35, 'Blizianka', 11.97, '00:07:09', '2015-08-10 11:27:51', '2015-08-27 12:21:27'),
	(572, 35, 'Lubenia', 25.67, '00:17:35', '2015-08-10 11:27:51', '2015-08-27 12:21:27'),
	(573, 35, 'Blizianka 2', 11.97, '00:07:09', '2015-08-10 11:27:51', '2015-08-27 12:25:01'),
	(574, 35, 'Lubenia 2', 25.67, '00:17:35', '2015-08-10 11:27:51', '2015-08-27 12:25:01'),
	(575, 35, 'Nowy Swiat', 4.44, '00:02:29', '2015-08-10 11:27:51', '2015-08-27 12:21:27'),
	(576, 35, 'Blizianka 3', 11.97, '00:07:09', '2015-08-10 11:27:51', '2015-08-27 12:25:01'),
	(577, 35, 'Lubenia 3', 25.67, '00:17:35', '2015-08-10 11:27:51', '2015-08-27 12:25:01'),
	(578, 35, 'Husow', 12.74, '00:08:26', '2015-08-10 11:27:51', '2015-08-27 12:21:27'),
	(579, 35, 'Widaczow', 10.65, '00:06:52', '2015-08-10 11:27:51', '2015-08-27 12:21:27'),
	(580, 35, 'Izdebki', 15.99, '00:09:18', '2015-08-10 11:27:51', '2015-08-27 12:21:27'),
	(581, 35, 'Husow 2', 12.74, '00:08:26', '2015-08-10 11:27:52', '2015-08-27 12:25:01'),
	(582, 35, 'Widaczow 2', 10.65, '00:06:52', '2015-08-10 11:27:52', '2015-08-27 12:25:01'),
	(583, 35, 'Izdebki 2', 15.99, '00:09:18', '2015-08-10 11:27:52', '2015-08-27 12:25:01'),
	(584, 35, 'Husow 3', 12.74, '00:08:26', '2015-08-10 11:27:52', '2015-08-27 12:25:01'),
	(585, 35, 'Widaczow 3', 10.65, '00:06:52', '2015-08-10 11:27:52', '2015-08-27 12:25:01'),
	(586, 35, 'Izdebki 3', 15.99, '00:09:18', '2015-08-10 11:27:52', '2015-08-27 12:25:01'),
	(588, 36, 'Rosciszow', 8.94, '00:05:58', '2015-08-10 11:35:54', '2015-08-27 12:21:27'),
	(589, 36, 'Swierki', 8.49, '00:05:07', '2015-08-10 11:35:55', '2015-08-27 12:21:27'),
	(590, 36, 'Milkow', 12.32, '00:08:26', '2015-08-10 11:35:55', '2015-08-27 12:21:27'),
	(591, 36, 'Rosciszow 2', 8.94, '00:05:58', '2015-08-10 11:35:55', '2015-08-27 12:25:01'),
	(592, 36, 'Swierki 2', 8.49, '00:05:07', '2015-08-10 11:35:55', '2015-08-27 12:25:01'),
	(593, 36, 'Milkow 2', 12.32, '00:08:26', '2015-08-10 11:35:55', '2015-08-27 12:25:01'),
	(594, 36, 'Rosciszow 3', 8.94, '00:05:58', '2015-08-10 11:35:55', '2015-08-27 12:25:01'),
	(595, 36, 'Swierki 3', 8.49, '00:05:07', '2015-08-10 11:35:55', '2015-08-27 12:25:01'),
	(596, 36, 'Milkow 3', 12.32, '00:08:26', '2015-08-10 11:35:55', '2015-08-27 12:25:01'),
	(597, 36, 'Michalkowa', 14.73, '00:10:06', '2015-08-10 11:35:55', '2015-08-27 12:21:27'),
	(598, 36, 'Woliborz', 8.77, '00:05:22', '2015-08-10 11:35:55', '2015-08-27 12:21:27'),
	(599, 36, 'Milkow Reverse', 12.97, '00:08:24', '2015-08-10 11:35:55', '2015-08-27 12:21:27'),
	(600, 36, 'Michalkowa 2', 14.73, '00:10:06', '2015-08-10 11:35:55', '2015-08-27 12:25:01'),
	(601, 36, 'Woliborz 2', 8.77, '00:05:22', '2015-08-10 11:35:55', '2015-08-27 12:25:01'),
	(602, 36, 'Milkow Reverse 2', 12.97, '00:08:24', '2015-08-10 11:35:56', '2015-08-27 12:25:01'),
	(605, 37, 'Hunter Southern', 6.78, '00:04:35', '2015-08-10 11:58:58', '2015-08-27 12:21:27'),
	(606, 37, 'Hunter Southern 2', 6.78, '00:04:35', '2015-08-10 11:58:58', '2015-08-27 12:25:01'),
	(607, 37, 'Harold', 6.61, '00:03:46', '2015-08-10 11:58:58', '2015-08-27 12:21:27'),
	(608, 37, 'Harold 2', 6.61, '00:03:46', '2015-08-10 11:58:58', '2015-08-27 12:21:27'),
	(609, 37, 'Hunter Southern 3', 6.78, '00:04:35', '2015-08-10 11:58:58', '2015-08-27 12:25:01'),
	(610, 37, 'Harold 3', 6.61, '00:03:46', '2015-08-10 11:58:58', '2015-08-27 12:21:27'),
	(611, 37, 'Harold 4', 6.61, '00:03:46', '2015-08-10 11:58:58', '2015-08-27 12:25:01'),
	(612, 37, 'Hunter Northern', 8.89, '00:05:31', '2015-08-10 11:58:58', '2015-08-27 12:21:27'),
	(613, 37, 'Hunter Northern Reverse', 8.31, '00:05:14', '2015-08-10 11:58:58', '2015-08-27 12:21:27'),
	(614, 37, 'Hunter Southern Reverse', 6.54, '00:04:21', '2015-08-10 11:58:58', '2015-08-27 12:21:27'),
	(615, 37, 'Hunter Southern 4', 6.78, '00:04:35', '2015-08-10 11:58:58', '2015-08-27 12:25:01'),
	(616, 37, 'Hunter Northern 2', 8.89, '00:05:31', '2015-08-10 11:58:58', '2015-08-27 12:25:01'),
	(617, 37, 'Hunter Northern Reverse 2', 8.31, '00:05:14', '2015-08-10 11:58:58', '2015-08-27 12:25:01'),
	(618, 37, 'Hunter Southern Reverse 2', 6.54, '00:04:21', '2015-08-10 11:58:59', '2015-08-27 12:25:01'),
	(622, 38, 'Kabardinka', 13.46, '00:08:37', '2015-08-10 12:01:23', '2015-08-27 12:21:27'),
	(623, 38, 'Glebovskiy', 25.40, '00:15:56', '2015-08-10 12:01:23', '2015-08-27 12:21:27'),
	(624, 38, 'Markoth', 9.43, '00:06:05', '2015-08-10 12:01:23', '2015-08-27 12:21:27'),
	(625, 38, 'Golubaya Buhta', 12.13, '00:07:03', '2015-08-10 12:01:23', '2015-08-27 12:21:27'),
	(626, 38, 'Kabardinka 2', 13.46, '00:08:37', '2015-08-10 12:01:23', '2015-08-27 12:25:02'),
	(627, 38, 'Glebovskiy 2', 25.40, '00:15:56', '2015-08-10 12:01:23', '2015-08-27 12:25:02'),
	(628, 38, 'Markoth 2', 9.43, '00:06:05', '2015-08-10 12:01:23', '2015-08-27 12:25:02'),
	(629, 38, 'Golubaya Buhta 2', 12.13, '00:07:03', '2015-08-10 12:01:23', '2015-08-27 12:25:02'),
	(630, 38, 'Gorniy', 9.11, '00:05:30', '2015-08-10 12:01:23', '2015-08-27 12:21:27'),
	(631, 38, 'Semigorskiy', 13.13, '00:08:21', '2015-08-10 12:01:23', '2015-08-27 12:21:27'),
	(632, 38, 'Natukhaevskiy', 12.90, '00:08:20', '2015-08-10 12:01:23', '2015-08-27 12:21:27'),
	(633, 38, 'Fort Raevskogo', 10.10, '00:06:37', '2015-08-10 12:01:23', '2015-08-27 12:21:27'),
	(634, 38, 'Gorniy 2', 9.11, '00:05:30', '2015-08-10 12:01:23', '2015-08-27 12:25:02'),
	(635, 38, 'Semigorskiy 2', 13.13, '00:08:21', '2015-08-10 12:01:24', '2015-08-27 12:25:02'),
	(636, 38, 'Natukhaevskiy 2', 12.90, '00:08:20', '2015-08-10 12:01:24', '2015-08-27 12:25:02'),
	(637, 38, 'Fort Raevskogo 2', 10.10, '00:06:37', '2015-08-10 12:01:24', '2015-08-27 12:25:02'),
	(639, 39, 'Lillsjohogen', 33.85, '00:20:05', '2015-08-10 12:04:32', '2015-08-27 12:21:27'),
	(640, 39, 'Campus', 2.75, '00:01:36', '2015-08-10 12:04:32', '2015-08-27 12:21:27'),
	(641, 39, 'Lillsjohogen 2', 33.85, '00:20:05', '2015-08-10 12:04:32', '2015-08-27 12:25:02'),
	(642, 39, 'Campus 2', 2.75, '00:01:36', '2015-08-10 12:04:32', '2015-08-27 12:25:02'),
	(643, 39, 'Vaster-Kalen', 7.88, '00:04:37', '2015-08-10 12:04:33', '2015-08-27 12:21:27'),
	(644, 39, 'Glosa', 5.37, '00:03:12', '2015-08-10 12:04:33', '2015-08-27 12:21:27'),
	(645, 39, 'Gallsaberget', 29.22, '00:18:56', '2015-08-10 12:04:33', '2015-08-27 12:21:27'),
	(646, 39, 'Bolesbodarna', 12.13, '00:07:38', '2015-08-10 12:04:33', '2015-08-27 12:21:27'),
	(647, 39, 'Sjoarsjon', 12.65, '00:07:15', '2015-08-10 12:04:33', '2015-08-27 12:21:27'),
	(648, 39, 'Husas', 21.25, '00:12:46', '2015-08-10 12:04:33', '2015-08-27 12:21:27'),
	(649, 39, 'Vaster-Kalen 2', 7.88, '00:04:37', '2015-08-10 12:04:33', '2015-08-27 12:25:02'),
	(650, 39, 'Glosa 2', 5.37, '00:03:12', '2015-08-10 12:04:33', '2015-08-27 12:25:02'),
	(651, 39, 'Gallsaberget 2', 29.22, '00:18:56', '2015-08-10 12:04:34', '2015-08-27 12:25:02'),
	(652, 39, 'Bolesbodarna 2', 12.13, '00:07:38', '2015-08-10 12:04:34', '2015-08-27 12:25:02'),
	(653, 39, 'Sjoarsjon', 12.26, '00:07:07', '2015-08-10 12:04:34', '2015-08-27 12:21:27'),
	(654, 39, 'Husas', 21.54, '00:12:37', '2015-08-10 12:04:34', '2015-08-27 12:21:27'),
	(656, 40, 'Fjeldsdalen Vest', 3.19, '00:02:00', '2015-08-10 12:14:12', '2015-08-27 12:21:27'),
	(657, 40, 'Naddum', 6.18, '00:03:53', '2015-08-10 12:14:12', '2015-08-27 12:21:27'),
	(658, 40, 'Hellesjovannet', 4.42, '00:02:38', '2015-08-10 12:14:12', '2015-08-27 12:21:27'),
	(659, 40, 'Fjeldsdalen Vest 2', 3.19, '00:02:00', '2015-08-10 12:14:13', '2015-08-27 12:25:02'),
	(660, 40, 'Naddum 2', 6.18, '00:03:53', '2015-08-10 12:14:13', '2015-08-27 12:25:02'),
	(661, 40, 'Hellesjovannet 2', 4.42, '00:02:38', '2015-08-10 12:14:13', '2015-08-27 12:25:02'),
	(662, 40, 'Bjorkelangen Torg', 0.33, '00:00:11', '2015-08-10 12:14:13', '2015-08-27 12:21:27'),
	(663, 40, 'Oisjoen Nord', 13.54, '00:08:33', '2015-08-10 12:14:13', '2015-08-27 12:21:27'),
	(664, 40, 'Romsjoen Nord', 13.14, '00:08:19', '2015-08-10 12:14:13', '2015-08-27 12:21:27'),
	(665, 40, 'Kjolen Syd', 13.33, '00:08:49', '2015-08-10 12:14:13', '2015-08-27 12:21:27'),
	(666, 40, 'Bjorkelangen Torg 2', 0.33, '00:00:11', '2015-08-10 12:14:13', '2015-08-27 12:25:02'),
	(667, 40, 'Romsjoen Nord 2', 13.14, '00:08:19', '2015-08-10 12:14:13', '2015-08-27 12:25:02'),
	(668, 40, 'Kjolen Syd 2', 13.33, '00:08:49', '2015-08-10 12:14:13', '2015-08-27 12:25:02'),
	(669, 40, 'Oisjoen Nord 2', 13.54, '00:08:33', '2015-08-10 12:14:13', '2015-08-27 12:25:02'),
	(673, 41, 'Arstadveien', 3.20, '00:01:54', '2015-08-10 12:16:40', '2015-08-27 12:21:27'),
	(674, 41, 'Stavasen', 17.82, '00:10:45', '2015-08-10 12:16:40', '2015-08-27 12:21:27'),
	(675, 41, 'Arstadveien 2', 3.20, '00:01:54', '2015-08-10 12:16:40', '2015-08-27 12:25:02'),
	(676, 41, 'Stavasen 2', 17.82, '00:10:45', '2015-08-10 12:16:40', '2015-08-27 12:21:27'),
	(677, 41, 'Starmoen', 3.77, '00:02:16', '2015-08-10 12:16:40', '2015-08-27 12:21:27'),
	(678, 41, 'Rolsasen', 28.60, '00:16:35', '2015-08-10 12:16:40', '2015-08-27 12:21:27'),
	(679, 41, 'Agasen', 19.58, '00:13:23', '2015-08-10 12:16:40', '2015-08-27 12:21:27'),
	(680, 41, 'Starmoen 2', 3.77, '00:02:16', '2015-08-10 12:16:40', '2015-08-27 12:25:02'),
	(681, 41, 'Rolsasen 2', 28.60, '00:16:35', '2015-08-10 12:16:40', '2015-08-27 12:25:03'),
	(682, 41, 'Agasen 2', 19.58, '00:13:23', '2015-08-10 12:16:40', '2015-08-27 12:25:03'),
	(683, 41, 'Terningen', 2.40, '00:01:35', '2015-08-10 12:16:40', '2015-08-27 12:21:27'),
	(684, 41, 'Terningen 2', 2.40, '00:01:35', '2015-08-10 12:16:41', '2015-08-27 12:25:03'),
	(685, 41, 'Starmoen Reverse', 3.47, '00:02:07', '2015-08-10 12:16:41', '2015-08-27 12:21:27'),
	(686, 41, 'Rolsasen Reverse', 28.87, '00:16:54', '2015-08-10 12:16:41', '2015-08-27 12:21:27'),
	(687, 41, 'Agasen Reverse', 19.48, '00:11:03', '2015-08-10 12:16:41', '2015-08-27 12:21:27'),
	(690, 42, 'Lovbrotte', 5.36, '00:03:11', '2015-08-10 12:19:14', '2015-08-27 12:21:27'),
	(691, 42, 'Astjern', 6.22, '00:03:43', '2015-08-10 12:19:14', '2015-08-27 12:21:27'),
	(692, 42, 'Helgedalen', 6.41, '00:04:21', '2015-08-10 12:19:14', '2015-08-27 12:21:27'),
	(693, 42, 'Lovbrotte Reverse', 5.24, '00:02:59', '2015-08-10 12:19:14', '2015-08-27 12:21:27'),
	(694, 42, 'Astjern Reverse', 6.75, '00:04:32', '2015-08-10 12:19:14', '2015-08-27 12:21:27'),
	(695, 42, 'Helgedalen Reverse', 6.76, '00:03:47', '2015-08-10 12:19:14', '2015-08-27 12:21:27'),
	(696, 42, 'Super Special Stage', 1.86, '00:01:13', '2015-08-10 12:19:15', '2015-08-27 12:21:27'),
	(697, 42, 'Super Special Stage 2', 1.86, '00:01:13', '2015-08-10 12:19:15', '2015-08-27 12:25:03'),
	(698, 42, 'Lovbrotte 2', 5.36, '00:03:11', '2015-08-10 12:19:15', '2015-08-27 12:25:03'),
	(699, 42, 'Astjern 2', 6.22, '00:03:43', '2015-08-10 12:19:15', '2015-08-27 12:25:03'),
	(700, 42, 'Helgedalen 2', 6.41, '00:04:21', '2015-08-10 12:19:15', '2015-08-27 12:25:03'),
	(701, 42, 'Lovbrotte Reverse 2', 5.24, '00:02:59', '2015-08-10 12:19:15', '2015-08-27 12:25:03'),
	(702, 42, 'Astjern Reverse 2', 6.75, '00:04:32', '2015-08-10 12:19:15', '2015-08-27 12:25:03'),
	(703, 42, 'Helgedalen Reverse 2', 6.76, '00:03:47', '2015-08-10 12:19:15', '2015-08-27 12:25:03'),
	(707, 43, 'Ringsaker', 8.33, '00:04:54', '2015-08-10 12:45:01', '2015-08-27 12:21:27'),
	(708, 43, 'Mauset', 5.28, '00:03:05', '2015-08-10 12:45:01', '2015-08-27 12:21:27'),
	(709, 43, 'Vangsasen', 7.10, '00:04:42', '2015-08-10 12:45:01', '2015-08-27 12:21:27'),
	(710, 43, 'Vennkvern', 1.32, '00:00:46', '2015-08-10 12:45:01', '2015-08-27 12:21:27'),
	(711, 43, 'Stange', 4.19, '00:02:38', '2015-08-10 12:45:01', '2015-08-27 12:21:27'),
	(712, 43, 'Ekeberg', 10.96, '00:06:38', '2015-08-10 12:45:02', '2015-08-27 12:21:27'),
	(713, 43, 'Brenna', 14.99, '00:09:12', '2015-08-10 12:45:02', '2015-08-27 12:21:27'),
	(714, 43, 'Vennkvern 2', 1.32, '00:00:46', '2015-08-10 12:45:02', '2015-08-27 12:25:03'),
	(715, 43, 'Ringsaker 2', 8.33, '00:04:54', '2015-08-10 12:45:02', '2015-08-27 12:25:03'),
	(716, 43, 'Mauset 2', 5.28, '00:03:05', '2015-08-10 12:45:02', '2015-08-27 12:25:03'),
	(717, 43, 'Vangsasen 2', 7.10, '00:04:42', '2015-08-10 12:45:02', '2015-08-27 12:25:03'),
	(718, 43, 'Stange 2', 4.19, '00:02:38', '2015-08-10 12:45:02', '2015-08-27 12:25:03'),
	(719, 43, 'Ekeberg 2', 10.96, '00:06:38', '2015-08-10 12:45:02', '2015-08-27 12:25:03'),
	(720, 43, 'Brenna 2', 14.99, '00:09:12', '2015-08-10 12:45:02', '2015-08-27 12:25:03'),
	(724, 44, 'Gjesthusvegen', 3.43, '00:02:08', '2015-08-10 12:56:06', '2015-08-27 12:21:27'),
	(725, 44, 'Gronli', 11.16, '00:07:06', '2015-08-10 12:56:06', '2015-08-27 12:21:27'),
	(726, 44, 'Lauvset', 16.42, '00:09:39', '2015-08-10 12:56:06', '2015-08-27 12:21:27'),
	(727, 44, 'Ridalen', 26.38, '00:17:18', '2015-08-10 12:56:06', '2015-08-27 12:21:27'),
	(728, 44, 'Oset', 16.27, '00:10:13', '2015-08-10 12:56:06', '2015-08-27 12:21:27'),
	(729, 44, 'Gronli Reverse', 11.51, '00:06:32', '2015-08-10 12:56:06', '2015-08-27 12:21:27'),
	(730, 44, 'Gjesthusvegen 2', 3.43, '00:02:08', '2015-08-10 12:56:06', '2015-08-27 12:25:03'),
	(731, 44, 'Gronli 2', 11.16, '00:07:06', '2015-08-10 12:56:06', '2015-08-27 12:25:03'),
	(732, 44, 'Fjellstue', 9.30, '00:06:00', '2015-08-10 12:56:06', '2015-08-27 12:21:27'),
	(733, 44, 'Oset 2', 16.27, '00:10:13', '2015-08-10 12:56:07', '2015-08-27 12:25:04'),
	(734, 44, 'Fjellstue 2', 9.30, '00:06:00', '2015-08-10 12:56:07', '2015-08-27 12:25:04'),
	(735, 44, 'Fjellstue Reverse', 9.22, '00:05:11', '2015-08-10 12:56:07', '2015-08-27 12:21:27'),
	(736, 44, 'Gronli Reverse 2', 11.51, '00:06:32', '2015-08-10 12:56:07', '2015-08-27 12:25:04'),
	(737, 44, 'Lauvset 2', 16.42, '00:09:39', '2015-08-10 12:56:07', '2015-08-27 12:25:03'),
	(741, 45, 'Oslo', 1.57, '00:01:00', '2015-08-10 13:00:49', '2015-08-27 12:21:27'),
	(742, 45, 'Opaker', 14.32, '00:08:49', '2015-08-10 13:00:49', '2015-08-27 12:21:27'),
	(743, 45, 'Kirkenaer', 8.40, '00:05:31', '2015-08-10 13:00:49', '2015-08-27 12:21:27'),
	(744, 45, 'Finnskogen', 20.35, '00:13:37', '2015-08-10 13:00:49', '2015-08-27 12:21:27'),
	(745, 45, 'Kongsvinger', 13.27, '00:07:35', '2015-08-10 13:00:49', '2015-08-27 12:21:27'),
	(746, 45, 'Opaker 2', 14.32, '00:08:49', '2015-08-10 13:00:49', '2015-08-27 12:25:04'),
	(747, 45, 'Finnskogen 2', 20.35, '00:13:37', '2015-08-10 13:00:49', '2015-08-27 12:25:04'),
	(748, 45, 'Kongsvinger 2', 13.27, '00:07:35', '2015-08-10 13:00:49', '2015-08-27 12:25:04'),
	(749, 45, 'Kirkenaer 2', 8.40, '00:05:31', '2015-08-10 13:00:49', '2015-08-27 12:25:04'),
	(750, 45, 'Mountain', 24.18, '00:15:37', '2015-08-10 13:00:49', '2015-08-27 12:21:27'),
	(751, 45, 'Lillehammer', 6.49, '00:03:41', '2015-08-10 13:00:50', '2015-08-27 12:21:27'),
	(752, 45, 'Ringsaker', 27.31, '00:17:50', '2015-08-10 13:00:50', '2015-08-27 12:21:27'),
	(753, 45, 'Hamar', 1.10, '00:00:41', '2015-08-10 13:00:50', '2015-08-27 12:21:27'),
	(754, 45, 'Mountain 2', 24.18, '00:15:37', '2015-08-10 13:00:50', '2015-08-27 12:25:04'),
	(755, 45, 'Lillehammer 2', 6.49, '00:03:41', '2015-08-10 13:00:50', '2015-08-27 12:25:04'),
	(756, 45, 'Ringsaker 2 ', 27.31, '00:17:50', '2015-08-10 13:00:50', '2015-08-27 12:25:04'),
	(757, 45, 'Hamar 2', 1.10, '00:00:41', '2015-08-10 13:00:50', '2015-08-27 12:25:04'),
	(758, 46, 'Dokkeberg', 6.91, '00:04:13', '2015-08-10 13:05:04', '2015-08-27 12:21:27'),
	(759, 46, 'Smadol', 23.35, '00:14:05', '2015-08-10 13:05:04', '2015-08-27 12:21:27'),
	(760, 46, 'Lesteberg', 9.18, '00:05:27', '2015-08-10 13:05:04', '2015-08-27 12:21:27'),
	(761, 46, 'Dokkeberg Reverse', 6.76, '00:03:52', '2015-08-10 13:05:04', '2015-08-27 12:21:27'),
	(762, 46, 'Bjerkeflata Nord', 9.63, '00:06:24', '2015-08-10 13:05:04', '2015-08-27 12:21:27'),
	(763, 46, 'Smadol Reverse', 23.96, '00:14:43', '2015-08-10 13:05:04', '2015-08-27 12:21:27'),
	(764, 46, 'Lesteberg Reverse', 9.24, '00:05:45', '2015-08-10 13:05:05', '2015-08-27 12:21:27'),
	(765, 46, 'Bjerkeflata Nord Reverse', 9.72, '00:06:19', '2015-08-10 13:05:05', '2015-08-27 12:21:27'),
	(766, 46, 'Dokkeberg 2', 6.91, '00:04:13', '2015-08-10 13:05:05', '2015-08-27 12:25:04'),
	(767, 46, 'Smadol 2', 23.35, '00:14:05', '2015-08-10 13:05:05', '2015-08-27 12:25:04'),
	(768, 46, 'Lesteberg 2', 9.18, '00:05:27', '2015-08-10 13:05:05', '2015-08-27 12:25:04'),
	(769, 46, 'Bjerkeflata Nord 2', 9.63, '00:06:24', '2015-08-10 13:05:05', '2015-08-27 12:25:04'),
	(770, 46, 'Dokkeberg 3', 6.91, '00:04:13', '2015-08-10 13:05:05', '2015-08-27 12:25:04'),
	(771, 46, 'Smadol 3', 23.35, '00:14:05', '2015-08-10 13:05:05', '2015-08-27 12:25:04'),
	(772, 46, 'Lesteberg 3', 9.18, '00:05:27', '2015-08-10 13:05:05', '2015-08-27 12:25:04'),
	(775, 47, 'Korsboen', 13.86, '00:09:09', '2015-08-10 13:16:42', '2015-08-27 12:21:27'),
	(776, 47, 'Malmveien', 6.46, '00:04:11', '2015-08-10 13:16:42', '2015-08-27 12:21:27'),
	(777, 47, 'Letmolia', 16.27, '00:09:30', '2015-08-10 13:16:42', '2015-08-27 12:21:27'),
	(778, 47, 'Krodsherad', 13.55, '00:08:02', '2015-08-10 13:16:42', '2015-08-27 12:21:27'),
	(779, 47, 'Bjoreskogen', 11.10, '00:06:44', '2015-08-10 13:16:42', '2015-08-27 12:21:27'),
	(780, 47, 'Nevra', 16.76, '00:10:56', '2015-08-10 13:16:42', '2015-08-27 12:21:27'),
	(781, 47, 'Nysaetra', 14.59, '00:09:29', '2015-08-10 13:16:42', '2015-08-27 12:21:27'),
	(782, 47, 'Malmveien 2', 6.46, '00:04:11', '2015-08-10 13:16:42', '2015-08-27 12:25:05'),
	(783, 47, 'Letmolia 2', 16.27, '00:09:30', '2015-08-10 13:16:42', '2015-08-27 12:25:05'),
	(784, 47, 'Krodsherad 2', 13.55, '00:08:02', '2015-08-10 13:16:42', '2015-08-27 12:25:05'),
	(785, 47, 'Bjoreskogen 2', 11.10, '00:06:44', '2015-08-10 13:16:43', '2015-08-27 12:25:05'),
	(786, 47, 'Korsboen 2', 13.86, '00:09:09', '2015-08-10 13:16:43', '2015-08-27 12:25:05'),
	(787, 47, 'Nevra 2', 16.76, '00:10:56', '2015-08-10 13:16:43', '2015-08-27 12:25:05'),
	(788, 47, 'Nysaetra 2', 14.59, '00:09:29', '2015-08-10 13:16:43', '2015-08-27 12:25:05'),
	(792, 48, 'Glubo', 5.79, '00:03:39', '2015-08-10 13:18:36', '2015-08-27 12:21:27'),
	(793, 48, 'Hetlandsheio', 9.82, '00:05:47', '2015-08-10 13:18:36', '2015-08-27 12:21:27'),
	(794, 48, 'Glubo 2', 5.79, '00:03:39', '2015-08-10 13:18:36', '2015-08-27 12:25:05'),
	(795, 48, 'Moi', 2.77, '00:01:46', '2015-08-10 13:18:36', '2015-08-27 12:21:27'),
	(796, 48, 'Jossingfjord', 19.16, '00:13:08', '2015-08-10 13:18:36', '2015-08-27 12:21:27'),
	(797, 48, 'Moi 2', 2.77, '00:01:46', '2015-08-10 13:18:36', '2015-08-27 12:25:05'),
	(798, 48, 'Rossland', 3.98, '00:02:35', '2015-08-10 13:18:36', '2015-08-27 12:21:27'),
	(799, 48, 'Nesvag', 9.30, '00:05:27', '2015-08-10 13:18:37', '2015-08-27 12:21:27'),
	(800, 48, 'Kjelland', 3.65, '00:02:10', '2015-08-10 13:18:37', '2015-08-27 12:21:27'),
	(801, 48, 'Rossland 2', 3.98, '00:02:35', '2015-08-10 13:18:37', '2015-08-27 12:25:05'),
	(802, 48, 'Nesvag 2', 9.30, '00:05:27', '2015-08-10 13:18:37', '2015-08-27 12:25:05'),
	(803, 48, 'Kjelland 2', 3.65, '00:02:10', '2015-08-10 13:18:37', '2015-08-27 12:25:05'),
	(804, 48, 'Jossingfjord 2', 19.16, '00:13:08', '2015-08-10 13:18:37', '2015-08-27 12:25:05'),
	(805, 48, 'Hetlandsheio', 9.18, '00:05:37', '2015-08-10 13:18:37', '2015-08-27 12:21:27'),
	(822, 49, 'Hoye 2', 9.92, '00:06:03', '2015-08-10 15:12:08', '2015-08-27 12:25:05'),
	(821, 49, 'Steinsland 2', 11.72, '00:06:50', '2015-08-10 15:12:08', '2015-08-27 12:25:05'),
	(820, 49, 'Gumpens 2', 19.16, '00:11:15', '2015-08-10 15:12:08', '2015-08-27 12:25:05'),
	(819, 49, 'Solas 2', 31.22, '00:20:04', '2015-08-10 15:12:08', '2015-08-27 12:25:05'),
	(818, 49, 'Jabekk 2', 4.18, '00:02:36', '2015-08-10 15:12:07', '2015-08-27 12:25:05'),
	(817, 49, 'Lindland', 25.94, '00:17:53', '2015-08-10 15:12:07', '2015-08-27 12:21:27'),
	(816, 49, 'Hoye', 9.92, '00:06:03', '2015-08-10 15:12:07', '2015-08-27 12:21:27'),
	(815, 49, 'Jabekk', 4.18, '00:02:36', '2015-08-10 15:12:07', '2015-08-27 12:21:27'),
	(814, 49, 'Steinsland', 11.72, '00:06:50', '2015-08-10 15:12:07', '2015-08-27 12:21:27'),
	(813, 49, 'Gumpens', 19.16, '00:11:15', '2015-08-10 15:12:07', '2015-08-27 12:21:27'),
	(812, 49, 'Solas', 31.22, '00:20:04', '2015-08-10 15:12:07', '2015-08-27 12:21:27'),
	(811, 49, 'Arstol', 17.91, '00:12:15', '2015-08-10 15:12:07', '2015-08-27 12:21:27'),
	(810, 49, 'Tranehoyda', 12.31, '00:07:32', '2015-08-10 15:12:07', '2015-08-27 12:21:27'),
	(809, 49, 'Skoieheia', 3.52, '00:02:04', '2015-08-10 15:12:07', '2015-08-27 12:21:27'),
	(840, 50, 'Arlifoss 3', 8.95, '00:05:36', '2015-08-10 15:21:50', '2015-08-27 12:21:27'),
	(839, 50, 'Liangrenna 3', 5.75, '00:03:17', '2015-08-10 15:21:50', '2015-08-27 12:25:06'),
	(838, 50, 'Klevarsida 3', 6.22, '00:03:48', '2015-08-10 15:21:50', '2015-08-27 12:25:06'),
	(837, 50, 'Darstul 3', 7.71, '00:04:23', '2015-08-10 15:21:50', '2015-08-27 12:25:06'),
	(836, 50, 'Elgsjo 3', 6.57, '00:03:59', '2015-08-10 15:21:50', '2015-08-27 12:25:06'),
	(835, 50, 'Arlifoss 2', 8.69, '00:05:35', '2015-08-10 15:21:50', '2015-08-27 12:21:27'),
	(834, 50, 'Liangrenna 2', 5.75, '00:03:17', '2015-08-10 15:21:50', '2015-08-27 12:25:06'),
	(833, 50, 'Arlifoss ', 8.97, '00:05:44', '2015-08-10 15:21:50', '2015-08-27 12:21:27'),
	(832, 50, 'Liangrenna', 5.75, '00:03:17', '2015-08-10 15:21:50', '2015-08-27 12:21:27'),
	(831, 50, 'Klevarsida 2', 6.22, '00:03:48', '2015-08-10 15:21:50', '2015-08-27 12:25:06'),
	(830, 50, 'Darstul 2', 7.71, '00:04:23', '2015-08-10 15:21:50', '2015-08-27 12:25:06'),
	(829, 50, 'Elgsjo 2', 6.57, '00:03:59', '2015-08-10 15:21:50', '2015-08-27 12:25:06'),
	(828, 50, 'Klevarsida', 6.22, '00:03:48', '2015-08-10 15:21:50', '2015-08-27 12:21:27'),
	(827, 50, 'Darstul', 7.71, '00:04:23', '2015-08-10 15:21:49', '2015-08-27 12:21:27'),
	(826, 50, 'Elgsjo', 6.57, '00:03:59', '2015-08-10 15:21:49', '2015-08-27 12:21:27'),
	(856, 51, 'Ristilampi', 49.26, '00:29:41', '2015-08-10 15:24:02', '2015-08-27 12:21:27'),
	(855, 51, 'Heinunkierto 2', 23.37, '00:14:49', '2015-08-10 15:24:02', '2015-08-27 12:25:06'),
	(854, 51, 'Sarriojarvi 2', 36.22, '00:22:09', '2015-08-10 15:24:02', '2015-08-27 12:25:06'),
	(853, 51, 'Hanhikoski 2', 32.86, '00:19:40', '2015-08-10 15:24:02', '2015-08-27 12:25:06'),
	(852, 51, 'Ristilampi', 49.63, '00:33:49', '2015-08-10 15:24:02', '2015-08-27 12:21:27'),
	(851, 51, 'Heinunkierto', 23.37, '00:14:49', '2015-08-10 15:24:02', '2015-08-27 12:21:27'),
	(850, 51, 'Mantyvaara 3', 3.63, '00:02:28', '2015-08-10 15:24:02', '2015-08-27 12:25:06'),
	(849, 51, 'Sarriojarvi', 36.22, '00:22:09', '2015-08-10 15:24:02', '2015-08-27 12:21:27'),
	(848, 51, 'Hanhikoski', 32.86, '00:19:40', '2015-08-10 15:24:02', '2015-08-27 12:21:27'),
	(847, 51, 'Mantyvaara 2', 3.63, '00:02:28', '2015-08-10 15:24:02', '2015-08-27 12:21:27'),
	(846, 51, 'Jyrhamajarvi', 29.14, '00:17:10', '2015-08-10 15:24:02', '2015-08-27 12:21:27'),
	(845, 51, 'Siikakama', 38.32, '00:21:47', '2015-08-10 15:24:02', '2015-08-27 12:21:27'),
	(844, 51, 'Aittajarvi', 24.79, '00:16:41', '2015-08-10 15:24:01', '2015-08-27 12:21:27'),
	(843, 51, 'Mantyvaara', 3.63, '00:02:28', '2015-08-10 15:24:01', '2015-08-27 12:21:27'),
	(875, 52, 'Dechantskirchen 3', 9.61, '00:05:54', '2015-08-10 15:30:11', '2015-08-27 12:25:07'),
	(874, 52, 'Sinnersdorf 3', 8.34, '00:04:42', '2015-08-10 15:30:11', '2015-08-27 12:25:07'),
	(873, 52, 'Rohrbach 3', 6.68, '00:03:49', '2015-08-10 15:30:11', '2015-08-27 12:25:07'),
	(872, 52, 'Pinggau 3', 12.57, '00:07:31', '2015-08-10 15:30:11', '2015-08-27 12:25:07'),
	(871, 52, 'Pinggau Lang 2', 32.58, '00:20:02', '2015-08-10 15:30:11', '2015-08-27 12:25:07'),
	(870, 52, 'Haideggendorf 2', 8.78, '00:05:15', '2015-08-10 15:30:11', '2015-08-27 12:25:07'),
	(869, 52, 'Pinggau Lang', 32.58, '00:20:02', '2015-08-10 15:30:11', '2015-08-27 12:21:27'),
	(868, 52, 'Haideggendorf', 8.78, '00:05:15', '2015-08-10 15:30:10', '2015-08-27 12:21:27'),
	(867, 52, 'Dechantskirchen 2', 9.61, '00:05:54', '2015-08-10 15:30:10', '2015-08-27 12:25:07'),
	(866, 52, 'Sinnersdorf 2', 8.34, '00:04:42', '2015-08-10 15:30:10', '2015-08-27 12:25:07'),
	(865, 52, 'Dechantskirchen', 9.61, '00:05:54', '2015-08-10 15:30:10', '2015-08-27 12:21:27'),
	(864, 52, 'Sinnersdorf', 8.34, '00:04:42', '2015-08-10 15:30:10', '2015-08-27 12:21:27'),
	(863, 52, 'Rohrbach 2', 6.68, '00:03:49', '2015-08-10 15:30:10', '2015-08-27 12:25:07'),
	(862, 52, 'Pinggau 2', 12.57, '00:07:31', '2015-08-10 15:30:10', '2015-08-27 12:25:07'),
	(861, 52, 'Rohrbach', 6.68, '00:03:49', '2015-08-10 15:30:10', '2015-08-27 12:21:27'),
	(860, 52, 'Pinggau', 12.57, '00:07:31', '2015-08-10 15:30:10', '2015-08-27 12:21:27'),
	(893, 53, 'Kendal 3', 6.84, '00:04:36', '2015-08-10 15:36:16', '2015-08-27 12:25:07'),
	(892, 53, 'Bushy Park 2', 1.59, '00:00:53', '2015-08-10 15:36:16', '2015-08-27 12:25:07'),
	(891, 53, 'Malvern 2', 6.26, '00:03:47', '2015-08-10 15:36:16', '2015-08-27 12:25:07'),
	(890, 53, 'Kendal 2', 6.84, '00:04:36', '2015-08-10 15:36:16', '2015-08-27 12:25:07'),
	(889, 53, 'Bushy Park', 5.28, '00:02:58', '2015-08-10 15:36:16', '2015-08-27 12:21:27'),
	(888, 53, 'Malvern', 6.26, '00:03:47', '2015-08-10 15:36:16', '2015-08-27 12:21:27'),
	(887, 53, 'Kendal', 6.84, '00:04:36', '2015-08-10 15:36:16', '2015-08-27 12:21:27'),
	(886, 53, 'Spring Vale 3', 5.70, '00:03:52', '2015-08-10 15:36:16', '2015-08-27 12:21:27'),
	(885, 53, 'Canefield 3', 6.87, '00:04:01', '2015-08-10 15:36:16', '2015-08-27 12:25:07'),
	(884, 53, 'Sailor Gully 3', 4.94, '00:03:14', '2015-08-10 15:36:15', '2015-08-27 12:25:07'),
	(883, 53, 'Spring Vale 2', 5.21, '00:03:08', '2015-08-10 15:36:15', '2015-08-27 12:21:27'),
	(882, 53, 'Canefield 2', 6.87, '00:04:01', '2015-08-10 15:36:15', '2015-08-27 12:25:07'),
	(881, 53, 'Sailor Gully 2', 4.94, '00:03:14', '2015-08-10 15:36:15', '2015-08-27 12:25:07'),
	(880, 53, 'Spring Vale ', 4.71, '00:03:06', '2015-08-10 15:36:15', '2015-08-27 12:21:27'),
	(879, 53, 'Canefield', 6.87, '00:04:01', '2015-08-10 15:36:15', '2015-08-27 12:21:27'),
	(878, 53, 'Sailor Gully', 4.94, '00:03:14', '2015-08-10 15:36:15', '2015-08-27 12:21:27'),
	(877, 53, 'Bushy Park', 1.59, '00:00:53', '2015-08-10 15:36:15', '2015-08-27 12:21:27'),
	(898, 54, 'Schuiferskapelle 2', 15.43, '00:09:45', '2015-08-10 15:38:49', '2015-08-27 12:25:07'),
	(897, 54, 'Poelberg', 7.41, '00:05:00', '2015-08-10 15:38:49', '2015-08-27 12:21:27'),
	(896, 54, 'Oosthoek', 8.97, '00:06:00', '2015-08-10 15:38:49', '2015-08-27 12:21:27'),
	(895, 54, 'Ondank', 9.75, '00:05:59', '2015-08-10 15:38:49', '2015-08-27 12:21:27'),
	(894, 54, 'Schuiferskapelle', 15.43, '00:09:45', '2015-08-10 15:38:49', '2015-08-27 12:21:27'),
	(899, 54, 'Ondank 2', 9.75, '00:05:59', '2015-08-10 15:38:49', '2015-08-27 12:25:07'),
	(900, 54, 'Oosthoek 2', 8.97, '00:06:00', '2015-08-10 15:38:50', '2015-08-27 12:25:07'),
	(901, 54, 'Poelberg 2', 7.41, '00:05:00', '2015-08-10 15:38:50', '2015-08-27 12:25:07'),
	(902, 54, 'Schuiferskapelle 3', 15.43, '00:09:45', '2015-08-10 15:38:50', '2015-08-27 12:25:07'),
	(903, 54, 'Ondank 3', 9.75, '00:05:59', '2015-08-10 15:38:50', '2015-08-27 12:25:07'),
	(904, 54, 'Oosthoek 3', 8.97, '00:06:00', '2015-08-10 15:38:50', '2015-08-27 12:25:07'),
	(905, 54, 'Poelberg 3', 7.41, '00:05:00', '2015-08-10 15:38:50', '2015-08-27 12:25:07'),
	(906, 54, 'Schuiferskapelle 4', 15.43, '00:09:45', '2015-08-10 15:38:50', '2015-08-27 12:25:07'),
	(907, 54, 'Ondank 4', 9.75, '00:05:59', '2015-08-10 15:38:50', '2015-08-27 12:25:07'),
	(908, 54, 'Oosthoek 4', 8.97, '00:06:00', '2015-08-10 15:38:50', '2015-08-27 12:25:07'),
	(909, 54, 'Poelberg 4', 7.41, '00:05:00', '2015-08-10 15:38:50', '2015-08-27 12:25:07'),
	(911, 55, 'Citadelle', 4.88, '00:03:19', '2015-08-10 15:41:57', '2015-08-27 12:21:27'),
	(912, 55, 'Malonne', 14.49, '00:09:19', '2015-08-10 15:41:57', '2015-08-27 12:21:27'),
	(913, 55, 'Bois de Villers', 9.90, '00:06:28', '2015-08-10 15:41:57', '2015-08-27 12:21:27'),
	(914, 55, 'Crupet', 11.84, '00:08:09', '2015-08-10 15:41:57', '2015-08-27 12:21:27'),
	(915, 55, 'Natoye', 10.34, '00:06:21', '2015-08-10 15:41:57', '2015-08-27 12:21:27'),
	(916, 55, 'Malonne 2', 14.49, '00:09:19', '2015-08-10 15:41:57', '2015-08-27 12:25:08'),
	(917, 55, 'Bois de Villers 2', 9.90, '00:06:28', '2015-08-10 15:41:58', '2015-08-27 12:25:08'),
	(918, 55, 'Crupet 2', 11.84, '00:08:09', '2015-08-10 15:41:58', '2015-08-27 12:25:08'),
	(919, 55, 'Natoye 2', 10.34, '00:06:21', '2015-08-10 15:41:58', '2015-08-27 12:25:08'),
	(920, 55, 'Malonne 3', 14.49, '00:09:19', '2015-08-10 15:41:58', '2015-08-27 12:25:08'),
	(921, 55, 'Bois de Villers 3', 9.90, '00:06:28', '2015-08-10 15:41:58', '2015-08-27 12:25:08'),
	(922, 55, 'Crupet 3', 11.84, '00:08:09', '2015-08-10 15:41:58', '2015-08-27 12:25:08'),
	(923, 55, 'Natoye 3', 10.34, '00:06:21', '2015-08-10 15:41:58', '2015-08-27 12:25:08'),
	(924, 55, 'Naninne', 7.38, '00:05:02', '2015-08-10 15:41:58', '2015-08-27 12:21:27'),
	(925, 55, 'Loyers', 5.22, '00:03:09', '2015-08-10 15:41:58', '2015-08-27 12:21:27'),
	(926, 55, 'Wartet', 8.94, '00:05:05', '2015-08-10 15:41:58', '2015-08-27 12:21:27'),
	(927, 55, 'Vedrin', 5.33, '00:03:04', '2015-08-10 15:41:58', '2015-08-27 12:21:27'),
	(928, 56, 'Campo Magro', 18.42, '00:11:07', '2015-08-10 15:44:48', '2015-08-27 12:21:27'),
	(929, 56, 'Ouro Fino', 12.80, '00:08:11', '2015-08-10 15:44:48', '2015-08-27 12:21:27'),
	(930, 56, 'Curtiba', 12.57, '00:08:21', '2015-08-10 15:44:48', '2015-08-27 12:21:27'),
	(931, 56, 'Campo Magro 2', 18.42, '00:11:07', '2015-08-10 15:44:48', '2015-08-27 12:25:08'),
	(932, 56, 'Curtiba 2', 12.57, '00:08:21', '2015-08-10 15:44:48', '2015-08-27 12:25:08'),
	(933, 56, 'Campo Magro 3', 18.42, '00:11:07', '2015-08-10 15:44:48', '2015-08-27 12:25:08'),
	(934, 56, 'Ouro Fino 2', 12.80, '00:08:11', '2015-08-10 15:44:48', '2015-08-27 12:25:08'),
	(935, 56, 'Bocaiuva', 28.68, '00:16:14', '2015-08-10 15:44:48', '2015-08-27 12:21:27'),
	(936, 56, 'Rio Pesqueiro', 15.89, '00:10:39', '2015-08-10 15:44:48', '2015-08-27 12:21:27'),
	(937, 56, 'Quatro Barras', 12.97, '00:07:40', '2015-08-10 15:44:48', '2015-08-27 12:21:27'),
	(938, 56, 'Nobre', 10.86, '00:06:58', '2015-08-10 15:44:48', '2015-08-27 12:21:27'),
	(939, 56, 'Rio Pesqueiro 2', 15.89, '00:10:39', '2015-08-10 15:44:48', '2015-08-27 12:25:08'),
	(940, 56, 'Quatro Barras 2', 12.97, '00:07:40', '2015-08-10 15:44:48', '2015-08-27 12:25:08'),
	(941, 56, 'Campina', 23.95, '00:16:16', '2015-08-10 15:44:48', '2015-08-27 12:21:27'),
	(942, 56, 'Prime Pinhais', 3.34, '00:02:01', '2015-08-10 15:44:49', '2015-08-27 12:21:27'),
	(945, 57, 'Beli Iskar', 6.87, '00:04:35', '2015-08-10 15:48:24', '2015-08-27 12:21:27'),
	(946, 57, 'Borovetz - Raduil', 9.21, '00:05:56', '2015-08-10 15:48:24', '2015-08-27 12:21:27'),
	(947, 57, 'Muhovo', 29.68, '00:18:49', '2015-08-10 15:48:24', '2015-08-27 12:21:27'),
	(948, 57, 'Slavovitza', 17.84, '00:10:24', '2015-08-10 15:48:24', '2015-08-27 12:21:27'),
	(949, 57, 'Beli Iskar 2', 6.87, '00:04:35', '2015-08-10 15:48:24', '2015-08-27 12:25:09'),
	(950, 57, 'Borovetz - Raduil 2', 9.21, '00:05:56', '2015-08-10 15:48:24', '2015-08-27 12:25:09'),
	(951, 57, 'Muhovo 2', 29.68, '00:18:49', '2015-08-10 15:48:24', '2015-08-27 12:25:09'),
	(952, 57, 'Slavovitza 2', 17.84, '00:10:24', '2015-08-10 15:48:24', '2015-08-27 12:25:09'),
	(953, 57, 'Trayanovi Vrata', 18.65, '00:10:31', '2015-08-10 15:48:24', '2015-08-27 12:21:27'),
	(954, 57, 'Lubnitza', 30.84, '00:20:51', '2015-08-10 15:48:25', '2015-08-27 12:21:27'),
	(955, 57, 'Raduil - Borovetz', 9.61, '00:05:56', '2015-08-10 15:48:25', '2015-08-27 12:21:27'),
	(956, 57, 'Borovetz - Beli Iskar', 6.27, '00:03:48', '2015-08-10 15:48:25', '2015-08-27 12:21:27'),
	(957, 57, 'Trayanovi Vrata 2', 18.65, '00:10:31', '2015-08-10 15:48:25', '2015-08-27 12:25:09'),
	(958, 57, 'Lubnitza 2', 30.84, '00:20:51', '2015-08-10 15:48:25', '2015-08-27 12:25:09'),
	(962, 58, 'Porec', 1.30, '00:00:48', '2015-08-10 15:50:44', '2015-08-27 12:21:27'),
	(963, 58, 'Boljun', 14.73, '00:08:16', '2015-08-10 15:50:44', '2015-08-27 12:21:27'),
	(964, 58, 'Ucka', 13.70, '00:08:58', '2015-08-10 15:50:44', '2015-08-27 12:21:27'),
	(965, 58, 'Brest', 29.76, '00:17:08', '2015-08-10 15:50:45', '2015-08-27 12:21:27'),
	(966, 58, 'Boljun 2', 14.73, '00:08:16', '2015-08-10 15:50:45', '2015-08-27 12:25:09'),
	(967, 58, 'Ucka 2', 13.70, '00:08:58', '2015-08-10 15:50:45', '2015-08-27 12:25:09'),
	(968, 58, 'Brest 2', 29.76, '00:17:08', '2015-08-10 15:50:45', '2015-08-27 12:25:09'),
	(969, 58, 'Butoniga', 14.49, '00:09:54', '2015-08-10 15:50:45', '2015-08-27 12:21:27'),
	(970, 58, 'Buzet', 14.36, '00:08:10', '2015-08-10 15:50:45', '2015-08-27 12:21:27'),
	(971, 58, 'Salteria', 29.84, '00:20:13', '2015-08-10 15:50:45', '2015-08-27 12:21:27'),
	(972, 58, 'Butoniga 2', 14.49, '00:09:54', '2015-08-10 15:50:45', '2015-08-27 12:25:09'),
	(973, 58, 'Buzet 2', 14.36, '00:08:10', '2015-08-10 15:50:45', '2015-08-27 12:25:09'),
	(974, 58, 'Salteria 2', 29.84, '00:20:13', '2015-08-10 15:50:45', '2015-08-27 12:25:09'),
	(975, 58, 'Porec 2', 1.30, '00:00:48', '2015-08-10 15:50:45', '2015-08-27 12:25:09'),
	(976, 58, 'Porec 3', 1.30, '00:00:48', '2015-08-10 15:50:45', '2015-08-27 12:25:09'),
	(979, 59, 'Horazdovice - Komusin', 5.16, '00:02:53', '2015-08-10 15:54:30', '2015-08-27 12:21:27'),
	(980, 59, 'Cecelovice', 16.97, '00:11:04', '2015-08-10 15:54:30', '2015-08-27 12:21:27'),
	(981, 59, 'Doubravice - Chrastovice', 11.29, '00:06:23', '2015-08-10 15:54:30', '2015-08-27 12:21:27'),
	(982, 59, 'Strazovice - Nehodiv', 7.74, '00:04:32', '2015-08-10 15:54:31', '2015-08-27 12:21:27'),
	(983, 59, 'Horazdovice - Komusin 2', 5.16, '00:02:53', '2015-08-10 15:54:31', '2015-08-27 12:25:09'),
	(984, 59, 'Cecelovice 2', 16.97, '00:11:04', '2015-08-10 15:54:31', '2015-08-27 12:25:09'),
	(985, 59, 'Doubravice - Chrastovice 2', 11.29, '00:06:23', '2015-08-10 15:54:31', '2015-08-27 12:25:09'),
	(986, 59, 'Strazovice - Nehodiv 2', 7.74, '00:04:32', '2015-08-10 15:54:31', '2015-08-27 12:25:09'),
	(987, 59, 'Horazdovice - Komusin 3', 5.16, '00:02:53', '2015-08-10 15:54:31', '2015-08-27 12:25:09'),
	(988, 59, 'Cecelovice 3', 16.97, '00:11:04', '2015-08-10 15:54:31', '2015-08-27 12:25:09'),
	(989, 59, 'Doubravice - Chrastovice 3', 11.29, '00:06:23', '2015-08-10 15:54:31', '2015-08-27 12:25:09'),
	(990, 59, 'Strazovice - Nehodiv 3', 7.74, '00:04:32', '2015-08-10 15:54:31', '2015-08-27 12:25:09'),
	(991, 59, 'Nehodiv - Cecelovice', 12.31, '00:08:03', '2015-08-10 15:54:31', '2015-08-27 12:21:27'),
	(992, 59, 'Cecelovice - Doubravice', 7.70, '00:05:12', '2015-08-10 15:54:31', '2015-08-27 12:21:27'),
	(996, 60, 'Bondy', 2.69, '00:01:42', '2015-08-10 16:20:57', '2015-08-27 12:21:27'),
	(997, 60, 'Sychrov', 19.32, '00:13:02', '2015-08-10 16:20:57', '2015-08-27 12:21:27'),
	(998, 60, 'Sumburk', 16.41, '00:11:14', '2015-08-10 16:20:57', '2015-08-27 12:21:27'),
	(999, 60, 'Bzi', 5.27, '00:03:03', '2015-08-10 16:20:57', '2015-08-27 12:21:27'),
	(1000, 60, 'Sychrov 2', 19.32, '00:13:02', '2015-08-10 16:20:57', '2015-08-27 12:25:10'),
	(1001, 60, 'Sumburk 2', 16.41, '00:11:14', '2015-08-10 16:20:58', '2015-08-27 12:25:10'),
	(1002, 60, 'Bzi 2', 5.27, '00:03:03', '2015-08-10 16:20:58', '2015-08-27 12:25:10'),
	(1003, 60, 'Lobec', 11.14, '00:06:42', '2015-08-10 16:20:58', '2015-08-27 12:21:27'),
	(1004, 60, 'Vinec', 15.34, '00:08:56', '2015-08-10 16:20:58', '2015-08-27 12:21:27'),
	(1005, 60, 'Staromestska', 5.62, '00:03:38', '2015-08-10 16:20:58', '2015-08-27 12:21:27'),
	(1006, 60, 'Lobec 2', 11.14, '00:06:42', '2015-08-10 16:20:58', '2015-08-27 12:25:10'),
	(1007, 60, 'Vinec 2', 15.34, '00:08:56', '2015-08-10 16:20:58', '2015-08-27 12:25:10'),
	(1008, 60, 'Staromestska 2', 5.62, '00:03:38', '2015-08-10 16:20:58', '2015-08-27 12:25:10'),
	(1009, 60, 'Lobec 3', 11.14, '00:06:42', '2015-08-10 16:20:58', '2015-08-27 12:25:10'),
	(1010, 60, 'Vinec 3', 15.34, '00:08:56', '2015-08-10 16:20:58', '2015-08-27 12:25:10'),
	(1013, 61, 'Marchampt', 12.25, '00:08:11', '2015-08-10 16:27:13', '2015-08-27 12:21:27'),
	(1014, 61, 'Lamure sur Azergues', 14.80, '00:09:59', '2015-08-10 16:27:13', '2015-08-27 12:21:27'),
	(1015, 61, 'Bibost', 13.87, '00:08:48', '2015-08-10 16:27:13', '2015-08-27 12:21:27'),
	(1016, 61, 'Rontalon', 14.97, '00:10:08', '2015-08-10 16:27:13', '2015-08-27 12:21:27'),
	(1017, 61, 'Lyon - Gerland', 1.88, '00:01:17', '2015-08-10 16:27:13', '2015-08-27 12:21:27'),
	(1018, 61, 'Marchampt - Claveisoles', 25.59, '00:17:11', '2015-08-10 16:27:13', '2015-08-27 12:21:27'),
	(1019, 61, 'Lamure sur Azergues 2', 14.80, '00:09:59', '2015-08-10 16:27:13', '2015-08-27 12:25:10'),
	(1020, 61, 'Les Noirs', 18.66, '00:12:17', '2015-08-10 16:27:13', '2015-08-27 12:21:27'),
	(1021, 61, 'Les Sauvages', 12.80, '00:07:17', '2015-08-10 16:27:13', '2015-08-27 12:21:27'),
	(1022, 61, 'Marchampt - Claveisoles', 25.94, '00:16:44', '2015-08-10 16:27:14', '2015-08-27 12:21:27'),
	(1023, 61, 'Lamure sur Azergues 3', 14.80, '00:09:59', '2015-08-10 16:27:14', '2015-08-27 12:25:10'),
	(1024, 61, 'Les Noirs 2', 18.66, '00:12:17', '2015-08-10 16:27:14', '2015-08-27 12:25:10'),
	(1025, 61, 'Les Sauvages 2', 12.80, '00:07:17', '2015-08-10 16:27:14', '2015-08-27 12:25:10'),
	(1026, 61, 'Les Noirs 3', 18.66, '00:12:17', '2015-08-10 16:27:14', '2015-08-27 12:25:10'),
	(1027, 61, 'Les Sauvages 3', 12.80, '00:07:17', '2015-08-10 16:27:14', '2015-08-27 12:25:10'),
	(1030, 62, 'Camiers', 12.11, '00:07:17', '2015-08-10 16:29:02', '2015-08-27 12:21:27'),
	(1031, 62, 'La Calotterie', 12.68, '00:07:25', '2015-08-10 16:29:02', '2015-08-27 12:21:27'),
	(1032, 62, 'Airon', 15.54, '00:09:19', '2015-08-10 16:29:02', '2015-08-27 12:21:27'),
	(1033, 62, 'Le Touquet', 2.26, '00:01:32', '2015-08-10 16:29:02', '2015-08-27 12:21:27'),
	(1034, 62, 'Camiers 2', 12.11, '00:07:17', '2015-08-10 16:29:02', '2015-08-27 12:25:10'),
	(1035, 62, 'La Calotterie 2', 12.68, '00:07:25', '2015-08-10 16:29:02', '2015-08-27 12:25:10'),
	(1036, 62, 'Airon 2', 15.54, '00:09:19', '2015-08-10 16:29:03', '2015-08-27 12:25:10'),
	(1037, 62, 'Le Touquet 2', 2.26, '00:01:32', '2015-08-10 16:29:03', '2015-08-27 12:25:10'),
	(1038, 62, 'Bourthes', 27.65, '00:16:23', '2015-08-10 16:29:03', '2015-08-27 12:21:27'),
	(1039, 62, 'Bourthes 2', 27.65, '00:16:23', '2015-08-10 16:29:03', '2015-08-27 12:25:11'),
	(1040, 62, 'Hucqueliers', 30.28, '00:19:02', '2015-08-10 16:29:03', '2015-08-27 12:21:27'),
	(1041, 62, 'Le Touquet 3', 2.26, '00:01:32', '2015-08-10 16:29:03', '2015-08-27 12:25:10'),
	(1042, 62, 'Hucqueliers 2', 30.28, '00:19:02', '2015-08-10 16:29:03', '2015-08-27 12:25:11'),
	(1043, 62, 'Bourthes 3', 27.65, '00:16:23', '2015-08-10 16:29:03', '2015-08-27 12:25:11'),
	(1044, 62, 'Hucqueliers 3', 30.28, '00:19:02', '2015-08-10 16:29:03', '2015-08-27 12:25:11'),
	(1047, 63, 'Stollberg', 4.72, '00:03:11', '2015-08-10 16:31:41', '2015-08-27 12:21:27'),
	(1048, 63, 'Grunhain', 14.25, '00:08:24', '2015-08-10 16:31:41', '2015-08-27 12:21:27'),
	(1049, 63, 'Gelenau', 7.17, '00:04:37', '2015-08-10 16:31:41', '2015-08-27 12:21:27'),
	(1050, 63, 'Mildenau', 7.82, '00:05:12', '2015-08-10 16:31:41', '2015-08-27 12:21:27'),
	(1051, 63, 'Grunhain 2', 14.25, '00:08:24', '2015-08-10 16:31:41', '2015-08-27 12:25:11'),
	(1052, 63, 'Gelenau 2', 7.17, '00:04:37', '2015-08-10 16:31:42', '2015-08-27 12:25:11'),
	(1053, 63, 'Mildenau 2', 7.82, '00:05:12', '2015-08-10 16:31:42', '2015-08-27 12:25:11'),
	(1054, 63, 'Gelenau 3', 7.17, '00:04:37', '2015-08-10 16:31:42', '2015-08-27 12:25:11'),
	(1055, 63, 'Jahnsdorf', 8.15, '00:05:09', '2015-08-10 16:31:42', '2015-08-27 12:21:27'),
	(1056, 63, 'Oberdorf', 11.50, '00:07:23', '2015-08-10 16:31:42', '2015-08-27 12:21:27'),
	(1057, 63, 'Jahnsdorf 2', 8.45, '00:04:48', '2015-08-10 16:31:42', '2015-08-27 12:25:11'),
	(1058, 63, 'Oberdorf 2', 11.68, '00:07:14', '2015-08-10 16:31:42', '2015-08-27 12:25:11'),
	(1059, 63, 'Jahnsdorf', 8.45, '00:04:48', '2015-08-10 16:31:42', '2015-08-27 12:21:27'),
	(1060, 63, 'Oberdorf', 11.68, '00:07:14', '2015-08-10 16:31:42', '2015-08-27 12:21:27'),
	(1064, 64, 'Lydford', 8.66, '00:04:57', '2015-08-10 16:38:22', '2015-08-27 12:21:27'),
	(1065, 64, 'Reynolds', 8.86, '00:05:53', '2015-08-10 16:38:22', '2015-08-27 12:21:27'),
	(1066, 64, 'Lydford 2', 8.66, '00:04:57', '2015-08-10 16:38:22', '2015-08-27 12:25:11'),
	(1067, 64, 'Reynolds 2', 8.86, '00:05:53', '2015-08-10 16:38:22', '2015-08-27 12:25:11'),
	(1068, 64, 'Lydford 3', 8.66, '00:04:57', '2015-08-10 16:38:22', '2015-08-27 12:25:11'),
	(1069, 64, 'Reynolds 3', 8.86, '00:05:53', '2015-08-10 16:38:22', '2015-08-27 12:25:11'),
	(1070, 64, 'Haddon Pen', 8.99, '00:05:24', '2015-08-10 16:38:22', '2015-08-27 12:21:27'),
	(1071, 64, 'Reynolds 4', 8.86, '00:05:53', '2015-08-10 16:38:22', '2015-08-27 12:25:11'),
	(1072, 64, 'Haddon Pen 2', 8.99, '00:05:24', '2015-08-10 16:38:22', '2015-08-27 12:25:11'),
	(1073, 64, 'Haddon Pen 3', 8.99, '00:05:24', '2015-08-10 16:38:22', '2015-08-27 12:25:11'),
	(1074, 64, 'New Works', 5.27, '00:03:16', '2015-08-10 16:38:22', '2015-08-27 12:21:27'),
	(1075, 64, 'Bybrook', 7.20, '00:04:50', '2015-08-10 16:38:23', '2015-08-27 12:21:27'),
	(1076, 64, 'New Works 2', 5.27, '00:03:16', '2015-08-10 16:38:23', '2015-08-27 12:25:11'),
	(1077, 64, 'Bybrook 2', 7.20, '00:04:50', '2015-08-10 16:38:23', '2015-08-27 12:25:11'),
	(1078, 64, 'New Works 3', 5.27, '00:03:16', '2015-08-10 16:38:23', '2015-08-27 12:25:11'),
	(1079, 64, 'Bybrook 3', 7.20, '00:04:50', '2015-08-10 16:38:23', '2015-08-27 12:25:11'),
	(1080, 64, 'Wakefield', 5.73, '00:03:14', '2015-08-10 16:38:23', '2015-08-27 12:21:27'),
	(1081, 65, 'Schutte Informatisering', 10.22, '00:05:45', '2015-08-10 16:41:16', '2015-08-27 12:21:27'),
	(1082, 65, 'Eurol Lubricants', 6.51, '00:03:54', '2015-08-10 16:41:16', '2015-08-27 12:21:27'),
	(1083, 65, 'Teunis Automotive', 6.12, '00:03:41', '2015-08-10 16:41:16', '2015-08-27 12:21:27'),
	(1084, 65, 'Schutte Informatisering 2', 10.22, '00:05:45', '2015-08-10 16:41:16', '2015-08-27 12:25:12'),
	(1085, 65, 'Eurol Lubricants 2', 6.51, '00:03:54', '2015-08-10 16:41:16', '2015-08-27 12:25:12'),
	(1086, 65, 'Teunis Automotive 2', 6.12, '00:03:41', '2015-08-10 16:41:17', '2015-08-27 12:25:12'),
	(1087, 65, 'Hegeman Bouw', 13.89, '00:09:00', '2015-08-10 16:41:17', '2015-08-27 12:21:27'),
	(1088, 65, 'Reggesign Reclame', 10.36, '00:06:45', '2015-08-10 16:41:17', '2015-08-27 12:21:27'),
	(1089, 65, 'Hegeman Bouw 2', 13.89, '00:09:00', '2015-08-10 16:41:17', '2015-08-27 12:25:12'),
	(1090, 65, 'Reggesign Reclame 2', 10.36, '00:06:45', '2015-08-10 16:41:17', '2015-08-27 12:25:12'),
	(1091, 65, 'Ten Brinke', 12.67, '00:08:09', '2015-08-10 16:41:17', '2015-08-27 12:21:27'),
	(1092, 65, 'Tijhof', 8.48, '00:05:32', '2015-08-10 16:41:17', '2015-08-27 12:21:27'),
	(1093, 65, 'Wolves Berging', 11.59, '00:07:51', '2015-08-10 16:41:17', '2015-08-27 12:21:27'),
	(1094, 65, 'Ten Brinke 2', 12.67, '00:08:09', '2015-08-10 16:41:17', '2015-08-27 12:25:12'),
	(1095, 65, 'Tijhof 2', 8.48, '00:05:32', '2015-08-10 16:41:17', '2015-08-27 12:25:12'),
	(1096, 65, 'Wolves Berging 2', 11.59, '00:07:51', '2015-08-10 16:41:17', '2015-08-27 12:25:12'),
	(1098, 66, 'Tenten - Huelmes', 12.56, '00:07:57', '2015-08-10 16:47:23', '2015-08-27 12:21:27'),
	(1099, 66, 'Petten - Rouscht', 5.25, '00:02:59', '2015-08-10 16:47:23', '2015-08-27 12:21:27'),
	(1100, 66, 'Platen - Horass', 6.74, '00:04:20', '2015-08-10 16:47:23', '2015-08-27 12:21:27'),
	(1101, 66, 'Tenten - Huelmes 2', 12.56, '00:07:57', '2015-08-10 16:47:23', '2015-08-27 12:25:12'),
	(1102, 66, 'Petten - Rouscht 2', 5.25, '00:02:59', '2015-08-10 16:47:23', '2015-08-27 12:25:12'),
	(1103, 66, 'Platen - Horass 2', 6.74, '00:04:20', '2015-08-10 16:47:23', '2015-08-27 12:25:12'),
	(1104, 66, 'Tenten - Huelmes 3', 12.56, '00:07:57', '2015-08-10 16:47:24', '2015-08-27 12:25:12'),
	(1105, 66, 'Petten - Rouscht 3', 5.25, '00:02:59', '2015-08-10 16:47:24', '2015-08-27 12:25:12'),
	(1106, 66, 'Platen - Horass 3', 6.74, '00:04:20', '2015-08-10 16:47:24', '2015-08-27 12:25:12'),
	(1107, 66, 'Reiden - Noojhem', 20.19, '00:13:24', '2015-08-10 16:47:24', '2015-08-27 12:21:27'),
	(1108, 66, 'Horass - Platen', 10.99, '00:07:12', '2015-08-10 16:47:24', '2015-08-27 12:21:27'),
	(1109, 66, 'Reiden - Noojhem 2', 20.19, '00:13:24', '2015-08-10 16:47:24', '2015-08-27 12:25:12'),
	(1110, 66, 'Horass - Platen 2', 10.99, '00:07:12', '2015-08-10 16:47:24', '2015-08-27 12:25:12'),
	(1111, 66, 'Reiden - Noojhem 3', 20.19, '00:13:24', '2015-08-10 16:47:24', '2015-08-27 12:25:12'),
	(1112, 66, 'Horass - Platen 3', 10.99, '00:07:12', '2015-08-10 16:47:24', '2015-08-27 12:25:12'),
	(1115, 67, 'Nabat Lusail', 19.33, '00:10:50', '2015-08-10 16:50:08', '2015-08-27 12:21:27'),
	(1116, 67, 'Umm Al Hal', 12.99, '00:08:11', '2015-08-10 16:50:08', '2015-08-27 12:21:27'),
	(1117, 67, 'Al Waker', 10.19, '00:06:53', '2015-08-10 16:50:08', '2015-08-27 12:21:27'),
	(1118, 67, 'QMMF', 28.31, '00:17:17', '2015-08-10 16:50:08', '2015-08-27 12:21:27'),
	(1119, 67, 'Nabat Lusail 2', 19.33, '00:10:50', '2015-08-10 16:50:08', '2015-08-27 12:25:12'),
	(1120, 67, 'Umm Al Hal 2', 12.99, '00:08:11', '2015-08-10 16:50:08', '2015-08-27 12:25:12'),
	(1121, 67, 'Al Waker 2', 10.19, '00:06:53', '2015-08-10 16:50:08', '2015-08-27 12:25:12'),
	(1122, 67, 'QMMF 2', 28.31, '00:17:17', '2015-08-10 16:50:08', '2015-08-27 12:25:12'),
	(1123, 67, 'Al Wakrah', 25.83, '00:17:05', '2015-08-10 16:50:08', '2015-08-27 12:21:27'),
	(1124, 67, 'QMMF 3', 28.31, '00:17:17', '2015-08-10 16:50:08', '2015-08-27 12:25:12'),
	(1125, 67, 'Al Negian', 7.90, '00:05:18', '2015-08-10 16:50:09', '2015-08-27 12:21:27'),
	(1126, 67, 'Al Wakrah 2', 25.83, '00:17:05', '2015-08-10 16:50:09', '2015-08-27 12:25:13'),
	(1127, 67, 'QMMF 4', 28.31, '00:17:17', '2015-08-10 16:50:09', '2015-08-27 12:25:12'),
	(1128, 67, 'Al Negian 2', 7.90, '00:05:18', '2015-08-10 16:50:09', '2015-08-27 12:25:13'),
	(1129, 67, 'Al Wakrah 3', 25.83, '00:17:05', '2015-08-10 16:50:09', '2015-08-27 12:25:13'),
	(1130, 67, 'Al Negian 3', 7.90, '00:05:18', '2015-08-10 16:50:09', '2015-08-27 12:25:13'),
	(1132, 68, 'Salgovik', 10.76, '00:07:01', '2015-08-10 16:52:25', '2015-08-27 12:21:27'),
	(1133, 68, 'Zlata Baoa 3', 24.32, '00:15:21', '2015-08-10 16:52:25', '2015-08-27 12:25:13'),
	(1134, 68, 'Lubotice', 6.32, '00:03:38', '2015-08-10 16:52:25', '2015-08-27 12:21:27'),
	(1135, 68, 'Salgovik 2', 10.16, '00:06:56', '2015-08-10 16:52:25', '2015-08-27 12:25:13'),
	(1136, 68, 'Zlata Baoa 2', 24.32, '00:15:21', '2015-08-10 16:52:25', '2015-08-27 12:25:13'),
	(1137, 68, 'Lubotice 2', 6.51, '00:04:25', '2015-08-10 16:52:25', '2015-08-27 12:25:13'),
	(1138, 68, 'Obisovce', 23.31, '00:14:27', '2015-08-10 16:52:26', '2015-08-27 12:21:27'),
	(1139, 68, 'Vitaz', 17.93, '00:11:24', '2015-08-10 16:52:26', '2015-08-27 12:21:27'),
	(1140, 68, 'Obisovce 2', 23.31, '00:14:27', '2015-08-10 16:52:26', '2015-08-27 12:25:13'),
	(1141, 68, 'Vitaz 2', 17.93, '00:11:24', '2015-08-10 16:52:26', '2015-08-27 12:25:13'),
	(1142, 68, 'Obisovce 3', 23.31, '00:14:27', '2015-08-10 16:52:26', '2015-08-27 12:25:13'),
	(1143, 68, 'Vitaz 3', 17.93, '00:11:24', '2015-08-10 16:52:26', '2015-08-27 12:25:13'),
	(1144, 68, 'Salgovik', 10.16, '00:06:56', '2015-08-10 16:52:26', '2015-08-27 12:21:27'),
	(1145, 68, 'Zlata Baoa', 24.32, '00:15:21', '2015-08-10 16:52:26', '2015-08-27 12:21:27'),
	(1146, 68, 'Lubotice', 6.51, '00:04:25', '2015-08-10 16:52:26', '2015-08-27 12:21:27'),
	(1149, 69, 'Carron Valley', 8.49, '00:05:03', '2015-08-10 16:54:39', '2015-08-27 12:21:27'),
	(1150, 69, 'Carron Valley 2', 8.49, '00:05:03', '2015-08-10 16:54:39', '2015-08-27 12:25:13'),
	(1151, 69, 'Craigvinean', 16.29, '00:09:52', '2015-08-10 16:54:39', '2015-08-27 12:21:27'),
	(1152, 69, 'Drummond Hill', 13.65, '00:08:07', '2015-08-10 16:54:39', '2015-08-27 12:21:27'),
	(1153, 69, 'Errochty', 17.85, '00:11:05', '2015-08-10 16:54:39', '2015-08-27 12:21:27'),
	(1154, 69, 'Craigvinean 2', 16.29, '00:09:52', '2015-08-10 16:54:39', '2015-08-27 12:25:13'),
	(1155, 69, 'Drummond Hill 2', 13.65, '00:08:07', '2015-08-10 16:54:39', '2015-08-27 12:25:13'),
	(1156, 69, 'Errochty 2', 17.85, '00:11:05', '2015-08-10 16:54:39', '2015-08-27 12:25:13'),
	(1157, 69, 'Carron Valley 3', 8.49, '00:05:03', '2015-08-10 16:54:39', '2015-08-27 12:25:13'),
	(1158, 69, 'Loch Chon', 9.29, '00:05:14', '2015-08-10 16:54:39', '2015-08-27 12:21:27'),
	(1159, 69, 'High Corrie', 25.62, '00:16:47', '2015-08-10 16:54:39', '2015-08-27 12:21:27'),
	(1160, 69, 'Loch Chon 2', 9.29, '00:05:14', '2015-08-10 16:54:39', '2015-08-27 12:25:13'),
	(1161, 69, 'High Corrie 2', 25.62, '00:16:47', '2015-08-10 16:54:39', '2015-08-27 12:25:13'),
	(1162, 69, 'Scone Palace', 2.60, '00:01:38', '2015-08-10 16:54:39', '2015-08-27 12:21:27'),
	(1163, 69, 'Scone Palace 2', 2.60, '00:01:38', '2015-08-10 16:54:40', '2015-08-27 12:25:14'),
	(1166, 70, 'Palix', 9.48, '00:05:36', '2015-08-10 17:20:46', '2015-08-27 12:21:27'),
	(1167, 70, 'Palix 2', 9.48, '00:05:36', '2015-08-10 17:20:46', '2015-08-27 12:25:14'),
	(1168, 70, 'Smith Creek', 10.19, '00:06:01', '2015-08-10 17:20:46', '2015-08-27 12:21:27'),
	(1169, 70, 'Brooklyn', 11.97, '00:08:10', '2015-08-10 17:20:46', '2015-08-27 12:21:27'),
	(1170, 70, 'Brooklyn 2', 11.97, '00:08:10', '2015-08-10 17:20:46', '2015-08-27 12:25:14'),
	(1171, 70, 'Smith Creek 2', 10.19, '00:06:01', '2015-08-10 17:20:46', '2015-08-27 12:25:14'),
	(1172, 70, 'Pico', 15.36, '00:08:53', '2015-08-10 17:20:46', '2015-08-27 12:21:27'),
	(1173, 70, 'Pico 2', 15.36, '00:08:53', '2015-08-10 17:20:46', '2015-08-27 12:25:14'),
	(1174, 70, 'Wreck Creek', 6.71, '00:03:57', '2015-08-10 17:20:46', '2015-08-27 12:21:27'),
	(1175, 70, 'Wreck Creek 2', 6.71, '00:03:57', '2015-08-10 17:20:46', '2015-08-27 12:25:14'),
	(1176, 70, 'Taholah', 18.20, '00:11:46', '2015-08-10 17:20:47', '2015-08-27 12:21:27'),
	(1177, 70, 'Black Bear Highway', 7.22, '00:04:26', '2015-08-10 17:20:47', '2015-08-27 12:21:27'),
	(1178, 70, 'Taholah 2', 18.20, '00:11:46', '2015-08-10 17:20:47', '2015-08-27 12:25:14'),
	(1179, 70, 'Black Bear Highway 2', 7.22, '00:04:26', '2015-08-10 17:20:47', '2015-08-27 12:21:27'),
	(1183, 71, 'Guide Valley', 4.11, '00:02:43', '2015-08-10 17:24:19', '2015-08-27 12:21:27'),
	(1184, 71, 'Tewkesbury', 4.71, '00:02:48', '2015-08-10 17:24:19', '2015-08-27 12:21:27'),
	(1185, 71, 'Hellyer Leslie', 19.20, '00:11:15', '2015-08-10 17:24:19', '2015-08-27 12:21:27'),
	(1186, 71, 'Hellyer Leslie 2', 19.20, '00:11:15', '2015-08-10 17:24:19', '2015-08-27 12:25:14'),
	(1187, 71, 'Savage River', 24.99, '00:16:33', '2015-08-10 17:24:19', '2015-08-27 12:21:27'),
	(1188, 71, 'Savage River 2', 24.99, '00:16:33', '2015-08-10 17:24:19', '2015-08-27 12:25:14'),
	(1189, 71, 'Hellyer Leslie 3', 19.20, '00:11:15', '2015-08-10 17:24:19', '2015-08-27 12:25:14'),
	(1190, 71, 'Yolla North', 5.83, '00:03:31', '2015-08-10 17:24:19', '2015-08-27 12:21:27'),
	(1191, 71, 'Oldina North', 7.53, '00:04:22', '2015-08-10 17:24:19', '2015-08-27 12:21:27'),
	(1192, 71, 'Yolla North 2', 5.83, '00:03:31', '2015-08-10 17:24:19', '2015-08-27 12:25:14'),
	(1193, 71, 'Oldina North 2', 7.53, '00:04:22', '2015-08-10 17:24:19', '2015-08-27 12:25:14'),
	(1194, 71, 'Paloona Dam', 5.15, '00:03:07', '2015-08-10 17:24:19', '2015-08-27 12:21:27'),
	(1195, 71, 'Mt. Roland', 7.53, '00:04:38', '2015-08-10 17:24:19', '2015-08-27 12:21:27'),
	(1196, 71, 'King Solomon', 15.80, '00:09:39', '2015-08-10 17:24:19', '2015-08-27 12:21:27'),
	(1197, 71, 'Gog Range', 7.31, '00:04:34', '2015-08-10 17:24:20', '2015-08-27 12:21:27'),
	(1198, 71, 'Mt. Roland 2', 7.53, '00:04:38', '2015-08-10 17:24:20', '2015-08-27 12:25:14'),
	(1199, 71, 'King Solomon 2', 15.80, '00:09:39', '2015-08-10 17:24:20', '2015-08-27 12:25:14'),
	(1200, 72, 'Lysgard', 14.36, '00:09:27', '2015-08-10 17:28:35', '2015-08-27 12:21:27'),
	(1201, 72, 'Kjellerup', 2.56, '00:01:28', '2015-08-10 17:28:36', '2015-08-27 12:21:27'),
	(1202, 72, 'Sjorslev', 20.85, '00:11:52', '2015-08-10 17:28:36', '2015-08-27 12:21:27'),
	(1203, 72, 'Demstrup', 6.41, '00:03:43', '2015-08-10 17:28:36', '2015-08-27 12:21:27'),
	(1204, 72, 'Lysgard 2', 14.36, '00:09:27', '2015-08-10 17:28:37', '2015-08-27 12:25:14'),
	(1205, 72, 'Kjellerup 2', 2.56, '00:01:28', '2015-08-10 17:28:37', '2015-08-27 12:25:14'),
	(1206, 72, 'Sjorslev 2', 20.85, '00:11:52', '2015-08-10 17:28:37', '2015-08-27 12:25:15'),
	(1207, 72, 'Demstrup 2', 6.41, '00:03:43', '2015-08-10 17:28:38', '2015-08-27 12:25:15'),
	(1208, 72, 'Hindberg', 7.38, '00:04:19', '2015-08-10 17:28:38', '2015-08-27 12:21:27'),
	(1209, 72, 'Frederiksdal', 8.99, '00:05:39', '2015-08-10 17:28:39', '2015-08-27 12:21:27'),
	(1210, 72, 'Hinge', 6.51, '00:03:44', '2015-08-10 17:28:39', '2015-08-27 12:21:27'),
	(1211, 72, 'Hindberg 2', 7.38, '00:04:19', '2015-08-10 17:28:39', '2015-08-27 12:25:15'),
	(1212, 72, 'Frederiksdal 2', 8.99, '00:05:39', '2015-08-10 17:28:39', '2015-08-27 12:25:15'),
	(1213, 72, 'Hinge 2', 6.51, '00:03:44', '2015-08-10 17:28:39', '2015-08-27 12:25:15'),
	(1214, 72, 'Kjellerup 3', 2.56, '00:01:28', '2015-08-10 17:28:39', '2015-08-27 12:25:14'),
	(1217, 73, 'Saporro', 1.85, '00:01:06', '2015-08-10 17:30:34', '2015-08-27 12:21:27'),
	(1218, 73, 'Saporro 2', 1.85, '00:01:06', '2015-08-10 17:30:34', '2015-08-27 12:21:27'),
	(1219, 73, 'Iwanke', 26.67, '00:16:48', '2015-08-10 17:30:34', '2015-08-27 12:21:27'),
	(1220, 73, 'Kamauycep', 33.69, '00:22:37', '2015-08-10 17:30:34', '2015-08-27 12:21:27'),
	(1221, 73, 'Kina', 9.25, '00:06:08', '2015-08-10 17:30:34', '2015-08-27 12:21:27'),
	(1222, 73, 'Iwanke 2', 26.67, '00:16:48', '2015-08-10 17:30:34', '2015-08-27 12:25:15'),
	(1223, 73, 'Kamuycep 2', 33.34, '00:20:41', '2015-08-10 17:30:35', '2015-08-27 12:21:27'),
	(1224, 73, 'Kina 2', 9.25, '00:06:08', '2015-08-10 17:30:35', '2015-08-27 12:25:15'),
	(1225, 73, 'Saporro 3', 1.85, '00:01:06', '2015-08-10 17:30:35', '2015-08-27 12:25:15'),
	(1226, 73, 'Saporro 4', 1.85, '00:01:06', '2015-08-10 17:30:35', '2015-08-27 12:25:15'),
	(1227, 73, 'Nikara', 17.30, '00:09:52', '2015-08-10 17:30:35', '2015-08-27 12:21:27'),
	(1228, 73, 'Sikot', 27.28, '00:16:48', '2015-08-10 17:30:35', '2015-08-27 12:21:27'),
	(1229, 73, 'Koyka', 3.66, '00:02:04', '2015-08-10 17:30:35', '2015-08-27 12:21:27'),
	(1230, 73, 'Nikara 2', 17.30, '00:09:52', '2015-08-10 17:30:35', '2015-08-27 12:25:15'),
	(1231, 73, 'Sikot 2', 27.28, '00:16:48', '2015-08-10 17:30:35', '2015-08-27 12:25:15'),
	(1232, 73, 'Koyka 2', 3.66, '00:02:04', '2015-08-10 17:30:35', '2015-08-27 12:25:15'),
	(1233, 73, 'Saporro 5', 1.85, '00:01:06', '2015-08-10 17:30:35', '2015-08-27 12:25:15'),
	(1234, 74, 'Krzeszowice Rynek', 1.35, '00:00:49', '2015-08-10 17:47:58', '2015-08-27 12:21:27'),
	(1235, 74, 'Krzeszowice - Zalas', 7.53, '00:04:41', '2015-08-10 17:47:58', '2015-08-27 12:21:27'),
	(1236, 74, 'Sanka - Tenczynek', 6.84, '00:04:22', '2015-08-10 17:47:58', '2015-08-27 12:21:27'),
	(1237, 74, 'Tenczynek - Paczoltowice Golf', 10.51, '00:06:43', '2015-08-10 17:47:58', '2015-08-27 12:21:27'),
	(1238, 74, 'Paczoltowice Golf - Nowa Gora', 11.94, '00:08:02', '2015-08-10 17:47:58', '2015-08-27 12:21:27'),
	(1239, 74, 'Nowa Gora - Trzebinia Chechlo', 15.75, '00:09:35', '2015-08-10 17:47:58', '2015-08-27 12:21:27'),
	(1240, 74, 'Trzebinia Chechlo - Rudno', 17.63, '00:11:35', '2015-08-10 17:47:58', '2015-08-27 12:21:27'),
	(1241, 74, 'Rudno Zamek', 1.88, '00:01:06', '2015-08-10 17:47:58', '2015-08-27 12:21:27'),
	(1242, 74, 'Rudno - Krzeszowice', 9.46, '00:06:09', '2015-08-10 17:47:58', '2015-08-27 12:21:27'),
	(1243, 74, 'Krzeszowice - Rudawa', 8.26, '00:04:53', '2015-08-10 17:47:58', '2015-08-27 12:21:27'),
	(1244, 74, 'Rudawa - Siedlec', 4.36, '00:02:57', '2015-08-10 17:47:58', '2015-08-27 12:21:27'),
	(1245, 74, 'Siedlec - Krzeszowice', 4.46, '00:02:35', '2015-08-10 17:47:58', '2015-08-27 12:21:27'),
	(1246, 74, 'Krzeszowice Rynek 2', 1.35, '00:00:49', '2015-08-10 17:47:59', '2015-08-27 12:25:15'),
	(1247, 74, 'Krzeszowice - Czerna', 3.59, '00:02:21', '2015-08-10 17:47:59', '2015-08-27 12:21:27'),
	(1248, 74, 'Czerna - Filipowice', 7.33, '00:04:49', '2015-08-10 17:47:59', '2015-08-27 12:21:27'),
	(1249, 74, 'Krzeszowice Rynek 3', 1.35, '00:00:49', '2015-08-10 17:47:59', '2015-08-27 12:25:15'),
	(1251, 75, 'Bochnia Rynek', 1.70, '00:01:02', '2015-08-11 11:03:43', '2015-08-27 12:21:27'),
	(1252, 75, 'Bo-Glass', 5.14, '00:03:16', '2015-08-11 11:03:43', '2015-08-27 12:21:27'),
	(1253, 75, 'Lapanow', 8.40, '00:05:21', '2015-08-11 11:03:43', '2015-08-27 12:21:27'),
	(1254, 75, 'Lapanow - Laskowa', 23.30, '00:15:18', '2015-08-11 11:03:44', '2015-08-27 12:21:27'),
	(1255, 75, 'Laskowa - Krosna', 7.24, '00:04:26', '2015-08-11 11:03:44', '2015-08-27 12:21:27'),
	(1256, 75, 'Krosna - Bilsko', 11.47, '00:06:29', '2015-08-11 11:03:44', '2015-08-27 12:21:27'),
	(1257, 75, 'Bilsko - Iwkowa', 11.89, '00:07:16', '2015-08-11 11:03:44', '2015-08-27 12:21:27'),
	(1258, 75, 'Iwkowa - Lipnica Murowana', 13.94, '00:09:02', '2015-08-11 11:03:44', '2015-08-27 12:21:27'),
	(1259, 75, 'Lipnica Murowana - Nowy Wisnicz', 8.85, '00:05:46', '2015-08-11 11:03:44', '2015-08-27 12:21:27'),
	(1260, 75, 'Nowy Wisnicz - Bochnia', 7.86, '00:04:47', '2015-08-11 11:03:44', '2015-08-27 12:21:27'),
	(1261, 75, 'Bochnia Rynek 2', 1.70, '00:01:02', '2015-08-11 11:03:44', '2015-08-27 12:25:16'),
	(1262, 75, 'Rzezawa - Nowe Brzesko', 25.68, '00:14:49', '2015-08-11 11:03:44', '2015-08-27 12:21:27'),
	(1263, 75, 'Nowe Brzesko - Niepolomice', 20.37, '00:14:00', '2015-08-11 11:03:44', '2015-08-27 12:21:27'),
	(1264, 75, 'Niepolomice - Bochnia', 20.17, '00:12:33', '2015-08-11 11:03:44', '2015-08-27 12:21:27'),
	(1265, 75, 'Bochnia Rynek 3', 1.70, '00:01:02', '2015-08-11 11:03:44', '2015-08-27 12:25:16'),
	(1268, 76, 'Krakow Rynek', 2.85, '00:01:53', '2015-08-11 11:13:27', '2015-08-27 12:21:27'),
	(1269, 76, 'Kazimierz - Ruczaj', 5.69, '00:03:11', '2015-08-11 11:13:27', '2015-08-27 12:21:27'),
	(1270, 76, 'Ruczaj - Skawina', 9.39, '00:06:28', '2015-08-11 11:13:27', '2015-08-27 12:21:27'),
	(1271, 76, 'Skawina - Liszki', 14.27, '00:09:40', '2015-08-11 11:13:28', '2015-08-27 12:21:27'),
	(1272, 76, 'Liszki - Brzoskwinia', 10.50, '00:05:59', '2015-08-11 11:13:28', '2015-08-27 12:21:27'),
	(1273, 76, 'Brzoskwinia - Zabierzow', 10.53, '00:07:03', '2015-08-11 11:13:28', '2015-08-27 12:21:27'),
	(1274, 76, 'Zabierzow - Skala', 21.37, '00:12:11', '2015-08-11 11:13:28', '2015-08-27 12:21:27'),
	(1275, 76, 'Skala - Miechow', 28.10, '00:19:00', '2015-08-11 11:13:28', '2015-08-27 12:21:27'),
	(1276, 76, 'Miechow - Slomniki', 15.97, '00:09:40', '2015-08-11 11:13:28', '2015-08-27 12:21:27'),
	(1277, 76, 'Slomniki - Proszowice', 17.88, '00:11:34', '2015-08-11 11:13:28', '2015-08-27 12:21:27'),
	(1278, 76, 'Proszowice - Nowa Huta', 24.31, '00:15:18', '2015-08-11 11:13:28', '2015-08-27 12:21:27'),
	(1279, 76, 'Nowa Huta - Plaszow', 17.54, '00:11:49', '2015-08-11 11:13:28', '2015-08-27 12:21:27'),
	(1280, 76, 'Plaszow - Wieliczka', 10.43, '00:06:45', '2015-08-11 11:13:28', '2015-08-27 12:21:27'),
	(1281, 76, 'Wieliczka - Rybitwy', 10.48, '00:06:14', '2015-08-11 11:13:28', '2015-08-27 12:21:27'),
	(1282, 76, 'Rybitwy - Wawel', 7.85, '00:05:14', '2015-08-11 11:13:28', '2015-08-27 12:21:27'),
	(1283, 76, 'Krakow Rynek 2', 2.85, '00:01:53', '2015-08-11 11:13:28', '2015-08-27 12:25:16'),
	(1285, 77, 'Gdansk - Gdynia', 34.19, '00:20:35', '2015-08-11 11:24:14', '2015-08-27 12:21:27'),
	(1286, 77, 'Gdynia - Puck', 32.30, '00:19:19', '2015-08-11 11:24:14', '2015-08-27 12:21:27'),
	(1287, 77, 'Gdynia - Wladyslawowo', 14.39, '00:08:25', '2015-08-11 11:24:14', '2015-08-27 12:21:27'),
	(1288, 77, 'Wladyslawowo - Hel', 34.45, '00:22:20', '2015-08-11 11:24:14', '2015-08-27 12:21:27'),
	(1289, 77, 'Debki - Leba', 40.23, '00:27:03', '2015-08-11 11:24:14', '2015-08-27 12:21:27'),
	(1290, 77, 'Leba - Lebork', 29.90, '00:18:13', '2015-08-11 11:24:14', '2015-08-27 12:21:27'),
	(1291, 77, 'Lebork - Damno', 32.48, '00:18:19', '2015-08-11 11:24:14', '2015-08-27 12:21:27'),
	(1292, 77, 'Damno - Slupsk', 22.97, '00:14:50', '2015-08-11 11:24:14', '2015-08-27 12:21:27'),
	(1293, 77, 'Slupsk - Ustka', 18.97, '00:12:45', '2015-08-11 11:24:14', '2015-08-27 12:21:27'),
	(1294, 77, 'Ustka - Jaroslawiec', 28.54, '00:16:40', '2015-08-11 11:24:14', '2015-08-27 12:21:27'),
	(1295, 77, 'Jaroslawiec - Darlowo', 17.41, '00:11:36', '2015-08-11 11:24:14', '2015-08-27 12:21:27'),
	(1296, 77, 'Darlowo - Lazy', 27.65, '00:16:06', '2015-08-11 11:24:14', '2015-08-27 12:21:27'),
	(1297, 77, 'Lazy - Mielno', 9.59, '00:06:14', '2015-08-11 11:24:14', '2015-08-27 12:21:27'),
	(1298, 77, 'Mielno - Gaski', 10.66, '00:06:27', '2015-08-11 11:24:14', '2015-08-27 12:21:27'),
	(1299, 77, 'Gaski - Ustronie', 12.83, '00:07:12', '2015-08-11 11:24:15', '2015-08-27 12:21:27'),
	(1300, 77, 'Ustronie - Kolobrzeg', 13.68, '00:08:52', '2015-08-11 11:24:15', '2015-08-27 12:21:27'),
	(1301, 77, 'Kolobrzeg Rynek 1', 1.40, '00:00:47', '2015-08-11 11:24:15', '2015-08-27 12:21:27'),
	(1302, 78, 'Upper Old Hastings', 11.46, '00:07:06', '2015-08-11 11:38:06', '2015-08-27 12:21:27'),
	(1303, 78, 'Peanut 101', 15.14, '00:08:58', '2015-08-11 11:38:07', '2015-08-27 12:21:27'),
	(1304, 78, 'Upper Old Hastings 2', 11.46, '00:07:06', '2015-08-11 11:38:07', '2015-08-27 12:25:17'),
	(1305, 78, 'Old Detlor', 12.38, '00:07:56', '2015-08-11 11:38:07', '2015-08-27 12:21:27'),
	(1306, 78, 'Iron Bridge', 7.45, '00:04:21', '2015-08-11 11:38:07', '2015-08-27 12:21:27'),
	(1307, 78, 'Mayo Lake 101', 30.78, '00:20:55', '2015-08-11 11:38:07', '2015-08-27 12:21:27'),
	(1308, 78, 'Iron Bridge 2', 7.45, '00:04:21', '2015-08-11 11:38:07', '2015-08-27 12:25:17'),
	(1309, 78, 'Egan Creek', 27.95, '00:16:05', '2015-08-11 11:38:07', '2015-08-27 12:21:27'),
	(1310, 78, 'Lower Old Hastings', 14.73, '00:10:09', '2015-08-11 11:38:07', '2015-08-27 12:21:27'),
	(1311, 78, 'Middle Old Hastings', 7.25, '00:04:37', '2015-08-11 11:38:07', '2015-08-27 12:21:27'),
	(1312, 78, 'Golton', 2.17, '00:01:20', '2015-08-11 11:38:07', '2015-08-27 12:21:27'),
	(1313, 78, 'Golton 2', 2.17, '00:01:20', '2015-08-11 11:38:07', '2015-08-27 12:25:17'),
	(1314, 78, 'Egan 101', 31.93, '00:20:02', '2015-08-11 11:38:07', '2015-08-27 12:21:27'),
	(1315, 78, 'Lower Old Hastings 2', 14.73, '00:10:09', '2015-08-11 11:38:07', '2015-08-27 12:25:17'),
	(1316, 78, 'Middle Old Hastings', 7.22, '00:04:44', '2015-08-11 11:38:08', '2015-08-27 12:21:27'),
	(1319, 79, 'Transfagarasan Cascada', 9.59, '00:06:32', '2015-08-11 11:57:54', '2015-08-27 12:21:27'),
	(1320, 79, 'Transfagarasan Lac', 6.24, '00:04:01', '2015-08-11 11:57:54', '2015-08-27 12:21:27'),
	(1321, 79, 'Transfagarasan Lac 2', 6.24, '00:04:01', '2015-08-11 11:57:54', '2015-08-27 12:21:27'),
	(1322, 79, 'Transfagarasan Cascada 2', 9.59, '00:06:32', '2015-08-11 11:57:54', '2015-08-27 12:25:18'),
	(1323, 79, 'Baraj', 17.95, '00:11:02', '2015-08-11 11:57:55', '2015-08-27 12:21:27'),
	(1324, 79, 'Ilielaita', 9.99, '00:06:26', '2015-08-11 11:57:55', '2015-08-27 12:21:27'),
	(1325, 79, 'Fata Padurii', 14.38, '00:08:33', '2015-08-11 11:57:55', '2015-08-27 12:21:27'),
	(1326, 79, 'Baraj 2', 17.95, '00:11:02', '2015-08-11 11:57:55', '2015-08-27 12:25:18'),
	(1327, 79, 'Ilielaita 2', 9.99, '00:06:26', '2015-08-11 11:57:55', '2015-08-27 12:25:18'),
	(1328, 79, 'Fata Padurii 2', 14.38, '00:08:33', '2015-08-11 11:57:55', '2015-08-27 12:25:18'),
	(1329, 79, 'Paltinis', 9.75, '00:06:07', '2015-08-11 11:57:55', '2015-08-27 12:21:27'),
	(1330, 79, 'Paltinis Ski Resort', 15.89, '00:10:51', '2015-08-11 11:57:55', '2015-08-27 12:21:27'),
	(1331, 79, 'Sadu', 8.39, '00:05:10', '2015-08-11 11:57:55', '2015-08-27 12:21:27'),
	(1332, 79, 'Muncel', 29.39, '00:17:29', '2015-08-11 11:57:55', '2015-08-27 12:21:27'),
	(1333, 79, 'Paltinis Ski Resort 2', 15.89, '00:10:51', '2015-08-11 11:57:55', '2015-08-27 12:25:18'),
	(1334, 79, 'Muzeu', 3.52, '00:02:11', '2015-08-11 11:57:55', '2015-08-27 12:21:27'),
	(1335, 79, 'Sadu 2', 8.39, '00:05:10', '2015-08-11 11:57:55', '2015-08-27 12:25:18');
/*!40000 ALTER TABLE `rally_data_stage` ENABLE KEYS */;


-- Dumping structure for table switkrze_rally.rally_data_surface
DROP TABLE IF EXISTS `rally_data_surface`;
CREATE TABLE IF NOT EXISTS `rally_data_surface` (
  `id` int(11) NOT NULL AUTO_INCREMENT,
  `rally_id` int(11) DEFAULT NULL,
  `surface` varchar(255) DEFAULT NULL,
  `percentage` float(8,2) DEFAULT NULL,
  `created_at` datetime NOT NULL,
  `updated_at` datetime NOT NULL,
  PRIMARY KEY (`id`),
  KEY `rally_id_idx` (`rally_id`)
) ENGINE=MyISAM AUTO_INCREMENT=158 DEFAULT CHARSET=utf8;

-- Dumping data for table switkrze_rally.rally_data_surface: 143 rows
DELETE FROM `rally_data_surface`;
/*!40000 ALTER TABLE `rally_data_surface` DISABLE KEYS */;
INSERT INTO `rally_data_surface` (`id`, `rally_id`, `surface`, `percentage`, `created_at`, `updated_at`) VALUES
	(1, 1, 'tarmac', 95.00, '2015-08-08 12:50:19', '2015-08-08 12:50:19'),
	(2, 1, 'gravel', 5.00, '2015-08-08 12:50:19', '2015-08-08 12:50:19'),
	(3, 2, 'snow', 100.00, '2015-08-08 12:56:21', '2015-08-08 12:56:21'),
	(4, 3, 'gravel', 100.00, '2015-08-08 13:01:41', '2015-08-08 13:01:41'),
	(5, 4, 'gravel', 100.00, '2015-08-08 13:05:32', '2015-08-08 13:05:32'),
	(6, 4, 'rain', 20.00, '2015-08-08 13:05:32', '2015-08-08 13:05:32'),
	(7, 5, 'gravel', 95.00, '2015-08-08 13:09:53', '2015-08-08 13:09:53'),
	(8, 5, 'tarmac', 5.00, '2015-08-08 13:09:53', '2015-08-08 13:09:53'),
	(9, 5, 'rain', 15.00, '2015-08-08 13:09:53', '2015-08-08 13:09:53'),
	(10, 6, 'gravel', 93.00, '2015-08-08 14:53:32', '2015-08-08 14:53:32'),
	(11, 6, 'tarmac', 7.00, '2015-08-08 14:53:32', '2015-08-08 14:53:32'),
	(12, 6, 'rain', 20.00, '2015-08-08 14:53:32', '2015-08-08 14:53:32'),
	(13, 7, 'gravel', 63.00, '2015-08-08 14:58:53', '2015-08-08 14:58:53'),
	(14, 7, 'tarmac', 37.00, '2015-08-08 14:58:53', '2015-08-08 14:58:53'),
	(15, 7, 'rain', 31.00, '2015-08-08 14:58:53', '2015-08-08 14:58:53'),
	(16, 8, 'gravel', 79.00, '2015-08-08 17:48:37', '2015-08-08 17:48:37'),
	(17, 8, 'tarmac', 21.00, '2015-08-08 17:48:37', '2015-08-08 17:48:37'),
	(18, 8, 'rain', 7.00, '2015-08-08 17:48:37', '2015-08-08 17:48:37'),
	(19, 9, 'tarmac', 93.00, '2015-08-08 18:06:00', '2015-08-08 18:06:00'),
	(20, 9, 'gravel', 7.00, '2015-08-08 18:06:00', '2015-08-08 18:06:00'),
	(21, 9, 'rain', 5.00, '2015-08-08 18:06:00', '2015-08-08 18:06:00'),
	(22, 10, 'gravel', 100.00, '2015-08-08 18:15:39', '2015-08-08 18:15:39'),
	(23, 11, 'tarmac', 100.00, '2015-08-09 09:08:16', '2015-08-09 09:08:16'),
	(24, 11, 'rain', 5.00, '2015-08-09 09:08:16', '2015-08-09 09:08:16'),
	(25, 12, 'tarmac', 61.00, '2015-08-09 09:29:16', '2015-08-09 09:29:16'),
	(26, 12, 'gravel', 39.00, '2015-08-09 09:29:16', '2015-08-09 09:29:16'),
	(27, 12, 'rain', 11.00, '2015-08-09 09:29:16', '2015-08-09 09:29:16'),
	(28, 13, 'gravel', 93.00, '2015-08-09 09:33:26', '2015-08-09 09:33:26'),
	(29, 13, 'tarmac', 7.00, '2015-08-09 09:33:26', '2015-08-09 09:33:26'),
	(30, 13, 'rain', 56.00, '2015-08-09 09:33:26', '2015-08-09 09:33:26'),
	(31, 14, 'tarmac', 58.00, '2015-08-09 14:43:28', '2015-08-09 14:43:28'),
	(32, 14, 'snow', 42.00, '2015-08-09 14:43:28', '2015-08-09 14:43:28'),
	(33, 14, 'rain', 5.00, '2015-08-09 14:43:28', '2015-08-09 14:43:28'),
	(34, 15, 'gravel', 63.00, '2015-08-09 14:47:06', '2015-08-09 14:47:06'),
	(35, 15, 'snow', 37.00, '2015-08-09 14:47:06', '2015-08-09 14:47:06'),
	(36, 15, 'rain', 11.00, '2015-08-09 14:47:06', '2015-08-09 14:47:06'),
	(37, 16, 'tarmac', 100.00, '2015-08-09 18:29:55', '2015-08-09 18:29:55'),
	(38, 16, 'rain', 35.00, '2015-08-09 18:29:55', '2015-08-09 18:29:55'),
	(39, 17, 'gravel', 88.00, '2015-08-09 18:37:22', '2015-08-09 18:37:22'),
	(40, 17, 'tarmac', 12.00, '2015-08-09 18:37:22', '2015-08-09 18:37:22'),
	(41, 17, 'rain', 3.00, '2015-08-09 18:37:22', '2015-08-09 18:37:22'),
	(42, 18, 'tarmac', 100.00, '2015-08-10 10:35:26', '2015-08-10 10:35:26'),
	(43, 18, 'rain', 15.00, '2015-08-10 10:35:26', '2015-08-10 10:35:26'),
	(58, 26, 'gravel', 100.00, '2015-08-10 10:51:22', '2015-08-10 10:51:22'),
	(59, 26, 'rain', 15.00, '2015-08-10 10:51:22', '2015-08-10 10:51:22'),
	(60, 27, 'tarmac', 100.00, '2015-08-10 10:54:48', '2015-08-10 10:54:48'),
	(61, 27, 'rain', 11.00, '2015-08-10 10:54:48', '2015-08-10 10:54:48'),
	(62, 28, 'gravel', 100.00, '2015-08-10 10:57:37', '2015-08-10 10:57:37'),
	(63, 29, 'gravel', 100.00, '2015-08-10 11:00:38', '2015-08-10 11:00:38'),
	(64, 30, 'tarmac', 100.00, '2015-08-10 11:04:16', '2015-08-10 11:04:16'),
	(65, 30, 'rain', 15.00, '2015-08-10 11:04:16', '2015-08-10 11:04:16'),
	(66, 31, 'snow', 100.00, '2015-08-10 11:11:05', '2015-08-10 11:11:05'),
	(67, 31, 'rain', 5.00, '2015-08-10 11:11:05', '2015-08-10 11:11:05'),
	(68, 32, 'tarmac', 100.00, '2015-08-10 11:14:37', '2015-08-10 11:14:37'),
	(69, 33, 'tarmac', 100.00, '2015-08-10 11:21:17', '2015-08-10 11:21:17'),
	(70, 33, 'rain', 15.00, '2015-08-10 11:21:17', '2015-08-10 11:21:17'),
	(71, 34, 'gravel', 85.00, '2015-08-10 11:25:24', '2015-08-10 11:25:24'),
	(72, 34, 'tarmac', 15.00, '2015-08-10 11:25:24', '2015-08-10 11:25:24'),
	(73, 34, 'rain', 15.00, '2015-08-10 11:25:24', '2015-08-10 11:25:24'),
	(74, 35, 'tarmac', 100.00, '2015-08-10 11:27:51', '2015-08-10 11:27:51'),
	(75, 36, 'tarmac', 100.00, '2015-08-10 11:35:54', '2015-08-10 11:35:54'),
	(76, 36, 'rain', 11.00, '2015-08-10 11:35:54', '2015-08-10 11:35:54'),
	(77, 37, 'snow', 100.00, '2015-08-10 11:58:58', '2015-08-10 11:58:58'),
	(78, 38, 'snow', 85.00, '2015-08-10 12:01:22', '2015-08-10 12:01:22'),
	(79, 38, 'gravel', 15.00, '2015-08-10 12:01:23', '2015-08-10 12:01:23'),
	(80, 38, 'rain', 10.00, '2015-08-10 12:01:23', '2015-08-10 12:01:23'),
	(81, 39, 'snow', 100.00, '2015-08-10 12:04:32', '2015-08-10 12:04:32'),
	(82, 39, 'rain', 11.00, '2015-08-10 12:04:32', '2015-08-10 12:04:32'),
	(83, 40, 'snow', 100.00, '2015-08-10 12:14:12', '2015-08-10 12:14:12'),
	(84, 41, 'snow', 69.00, '2015-08-10 12:16:39', '2015-08-10 12:16:39'),
	(85, 41, 'gravel', 31.00, '2015-08-10 12:16:39', '2015-08-10 12:16:39'),
	(86, 41, 'rain', 5.00, '2015-08-10 12:16:40', '2015-08-10 12:16:40'),
	(87, 42, 'gravel', 61.00, '2015-08-10 12:19:14', '2015-08-10 12:19:14'),
	(88, 42, 'snow', 39.00, '2015-08-10 12:19:14', '2015-08-10 12:19:14'),
	(89, 43, 'snow', 89.00, '2015-08-10 12:45:01', '2015-08-10 12:45:01'),
	(90, 43, 'gravel', 11.00, '2015-08-10 12:45:01', '2015-08-10 12:45:01'),
	(91, 43, 'rain', 15.00, '2015-08-10 12:45:01', '2015-08-10 12:45:01'),
	(92, 44, 'snow', 78.00, '2015-08-10 12:56:06', '2015-08-10 12:56:06'),
	(93, 44, 'gravel', 22.00, '2015-08-10 12:56:06', '2015-08-10 12:56:06'),
	(94, 44, 'rain', 11.00, '2015-08-10 12:56:06', '2015-08-10 12:56:06'),
	(95, 45, 'snow', 100.00, '2015-08-10 13:00:49', '2015-08-10 13:00:49'),
	(96, 46, 'snow', 89.00, '2015-08-10 13:05:04', '2015-08-10 13:05:04'),
	(97, 46, 'gravel', 11.00, '2015-08-10 13:05:04', '2015-08-10 13:05:04'),
	(98, 47, 'snow', 100.00, '2015-08-10 13:16:42', '2015-08-10 13:16:42'),
	(99, 47, 'rain', 33.00, '2015-08-10 13:16:42', '2015-08-10 13:16:42'),
	(100, 48, 'snow', 91.00, '2015-08-10 13:18:36', '2015-08-10 13:18:36'),
	(101, 48, 'gravel', 9.00, '2015-08-10 13:18:36', '2015-08-10 13:18:36'),
	(102, 48, 'rain', 3.00, '2015-08-10 13:18:36', '2015-08-10 13:18:36'),
	(104, 49, 'gravel', 21.00, '2015-08-10 15:12:07', '2015-08-10 15:12:07'),
	(103, 49, 'snow', 79.00, '2015-08-10 15:12:07', '2015-08-10 15:12:07'),
	(106, 50, 'rain', 45.00, '2015-08-10 15:21:49', '2015-08-10 15:21:49'),
	(105, 50, 'snow', 100.00, '2015-08-10 15:21:49', '2015-08-10 15:21:49'),
	(108, 51, 'snow', 11.00, '2015-08-10 15:24:01', '2015-08-10 15:24:01'),
	(107, 51, 'snow', 100.00, '2015-08-10 15:24:01', '2015-08-10 15:24:01'),
	(110, 52, 'gravel', 2.00, '2015-08-10 15:30:10', '2015-08-10 15:30:10'),
	(109, 52, 'tarmac', 98.00, '2015-08-10 15:30:10', '2015-08-10 15:30:10'),
	(112, 53, 'gravel', 42.00, '2015-08-10 15:36:15', '2015-08-10 15:36:15'),
	(111, 53, 'tarmac', 58.00, '2015-08-10 15:36:15', '2015-08-10 15:36:15'),
	(113, 54, 'tarmac', 100.00, '2015-08-10 15:38:49', '2015-08-10 15:38:49'),
	(115, 55, 'gravel', 49.00, '2015-08-10 15:41:57', '2015-08-10 15:41:57'),
	(114, 55, 'tarmac', 51.00, '2015-08-10 15:41:57', '2015-08-10 15:41:57'),
	(116, 56, 'gravel', 100.00, '2015-08-10 15:44:48', '2015-08-10 15:44:48'),
	(117, 57, 'tarmac', 100.00, '2015-08-10 15:48:24', '2015-08-10 15:48:24'),
	(118, 57, 'rain', 28.00, '2015-08-10 15:48:24', '2015-08-10 15:48:24'),
	(119, 58, 'tarmac', 100.00, '2015-08-10 15:50:44', '2015-08-10 15:50:44'),
	(120, 59, 'gravel', 75.00, '2015-08-10 15:54:30', '2015-08-10 15:54:30'),
	(121, 59, 'tarmac', 25.00, '2015-08-10 15:54:30', '2015-08-10 15:54:30'),
	(122, 60, 'tarmac', 100.00, '2015-08-10 16:20:57', '2015-08-10 16:20:57'),
	(123, 60, 'rain', 11.00, '2015-08-10 16:20:57', '2015-08-10 16:20:57'),
	(124, 61, 'tarmac', 100.00, '2015-08-10 16:27:13', '2015-08-10 16:27:13'),
	(125, 62, 'tarmac', 100.00, '2015-08-10 16:29:02', '2015-08-10 16:29:02'),
	(126, 63, 'tarmac', 87.00, '2015-08-10 16:31:41', '2015-08-10 16:31:41'),
	(127, 63, 'gravel', 13.00, '2015-08-10 16:31:41', '2015-08-10 16:31:41'),
	(128, 63, 'rain', 17.00, '2015-08-10 16:31:41', '2015-08-10 16:31:41'),
	(129, 64, 'gravel', 100.00, '2015-08-10 16:38:22', '2015-08-10 16:38:22'),
	(130, 65, 'tarmac', 87.00, '2015-08-10 16:41:16', '2015-08-10 16:41:16'),
	(131, 65, 'gravel', 13.00, '2015-08-10 16:41:16', '2015-08-10 16:41:16'),
	(132, 65, 'rain', 5.00, '2015-08-10 16:41:16', '2015-08-10 16:41:16'),
	(133, 66, 'tarmac', 100.00, '2015-08-10 16:47:23', '2015-08-10 16:47:23'),
	(134, 67, 'gravel', 100.00, '2015-08-10 16:50:08', '2015-08-10 16:50:08'),
	(135, 68, 'gravel', 73.00, '2015-08-10 16:52:25', '2015-08-10 16:52:25'),
	(136, 68, 'tarmac', 27.00, '2015-08-10 16:52:25', '2015-08-10 16:52:25'),
	(137, 68, 'rain', 11.00, '2015-08-10 16:52:25', '2015-08-10 16:52:25'),
	(138, 69, 'tarmac', 100.00, '2015-08-10 16:54:38', '2015-08-10 16:54:38'),
	(139, 69, 'rain', 73.00, '2015-08-10 16:54:38', '2015-08-10 16:54:38'),
	(140, 70, 'gravel', 100.00, '2015-08-10 17:20:46', '2015-08-10 17:20:46'),
	(141, 71, 'gravel', 100.00, '2015-08-10 17:24:19', '2015-08-10 17:24:19'),
	(142, 72, 'tarmac', 61.00, '2015-08-10 17:28:34', '2015-08-10 17:28:34'),
	(143, 72, 'gravel', 39.00, '2015-08-10 17:28:35', '2015-08-10 17:28:35'),
	(144, 72, 'rain', 18.00, '2015-08-10 17:28:35', '2015-08-10 17:28:35'),
	(145, 73, 'tarmac', 100.00, '2015-08-10 17:30:34', '2015-08-10 17:30:34'),
	(146, 74, 'tarmac', 67.00, '2015-08-10 17:47:58', '2015-08-10 17:47:58'),
	(147, 74, 'gravel', 33.00, '2015-08-10 17:47:58', '2015-08-10 17:47:58'),
	(148, 75, 'tarmac', 100.00, '2015-08-11 11:03:43', '2015-08-11 11:03:43'),
	(149, 75, 'rain', 5.00, '2015-08-11 11:03:43', '2015-08-11 11:03:43'),
	(150, 76, 'tarmac', 73.00, '2015-08-11 11:13:27', '2015-08-11 11:13:27'),
	(151, 76, 'gravel', 27.00, '2015-08-11 11:13:27', '2015-08-11 11:13:27'),
	(152, 76, 'rain', 21.00, '2015-08-11 11:13:27', '2015-08-11 11:13:27'),
	(153, 77, 'gravel', 73.00, '2015-08-11 11:24:13', '2015-08-11 11:24:13'),
	(154, 77, 'tarmac', 27.00, '2015-08-11 11:24:13', '2015-08-11 11:24:13'),
	(155, 77, 'rain', 11.00, '2015-08-11 11:24:13', '2015-08-11 11:24:13'),
	(156, 78, 'gravel', 100.00, '2015-08-11 11:38:06', '2015-08-11 11:38:06'),
	(157, 79, 'gravel', 100.00, '2015-08-11 11:57:54', '2015-08-11 11:57:54');
/*!40000 ALTER TABLE `rally_data_surface` ENABLE KEYS */;


-- Dumping structure for table switkrze_rally.rally_friendly
DROP TABLE IF EXISTS `rally_friendly`;
CREATE TABLE IF NOT EXISTS `rally_friendly` (
  `id` int(11) NOT NULL AUTO_INCREMENT,
  `rally_id` int(11) DEFAULT NULL,
  `user_id` int(11) DEFAULT NULL,
  `invite_only` tinyint(1) DEFAULT '0',
  `from_gold_member` tinyint(1) DEFAULT '0',
  `description` text NOT NULL,
  `start_friendly_date` datetime DEFAULT NULL,
  `created_at` datetime NOT NULL,
  `updated_at` datetime NOT NULL,
  `deleted_at` datetime DEFAULT NULL,
  PRIMARY KEY (`id`),
  KEY `rally_id_idx` (`rally_id`),
  KEY `rally_friendly_user_id_user_user_id` (`user_id`)
) ENGINE=MyISAM DEFAULT CHARSET=utf8;

-- Dumping data for table switkrze_rally.rally_friendly: 0 rows
DELETE FROM `rally_friendly`;
/*!40000 ALTER TABLE `rally_friendly` DISABLE KEYS */;
/*!40000 ALTER TABLE `rally_friendly` ENABLE KEYS */;


-- Dumping structure for table switkrze_rally.rally_friendly_invitations
DROP TABLE IF EXISTS `rally_friendly_invitations`;
CREATE TABLE IF NOT EXISTS `rally_friendly_invitations` (
  `id` int(11) NOT NULL AUTO_INCREMENT,
  `friendly_id` int(11) DEFAULT NULL,
  `user_id` int(11) DEFAULT NULL,
  `created_at` datetime NOT NULL,
  `updated_at` datetime NOT NULL,
  `deleted_at` datetime DEFAULT NULL,
  PRIMARY KEY (`id`),
  KEY `friendly_id_idx` (`friendly_id`),
  KEY `rally_friendly_invitations_user_id_user_user_id` (`user_id`)
) ENGINE=MyISAM DEFAULT CHARSET=utf8;

-- Dumping data for table switkrze_rally.rally_friendly_invitations: 0 rows
DELETE FROM `rally_friendly_invitations`;
/*!40000 ALTER TABLE `rally_friendly_invitations` DISABLE KEYS */;
/*!40000 ALTER TABLE `rally_friendly_invitations` ENABLE KEYS */;


-- Dumping structure for table switkrze_rally.rally_friendly_participants
DROP TABLE IF EXISTS `rally_friendly_participants`;
CREATE TABLE IF NOT EXISTS `rally_friendly_participants` (
  `id` int(11) NOT NULL AUTO_INCREMENT,
  `friendly_id` int(11) DEFAULT NULL,
  `crew_id` int(11) DEFAULT NULL,
  `user_id` int(11) DEFAULT NULL,
  `from_gold_member` tinyint(1) DEFAULT '0',
  `created_at` datetime NOT NULL,
  `updated_at` datetime NOT NULL,
  `deleted_at` datetime DEFAULT NULL,
  PRIMARY KEY (`id`),
  UNIQUE KEY `friendly_id_user_id` (`friendly_id`,`user_id`,`crew_id`),
  KEY `rally_friendly_participants_friendly_id_rally_friendly_id` (`friendly_id`),
  KEY `rally_friendly_participants_user_id_user_user_id` (`user_id`),
  KEY `rally_friendly_participants_crew_id_rally_crew_id` (`crew_id`)
) ENGINE=MyISAM DEFAULT CHARSET=utf8;

-- Dumping data for table switkrze_rally.rally_friendly_participants: 0 rows
DELETE FROM `rally_friendly_participants`;
/*!40000 ALTER TABLE `rally_friendly_participants` DISABLE KEYS */;
/*!40000 ALTER TABLE `rally_friendly_participants` ENABLE KEYS */;


-- Dumping structure for table switkrze_rally.rally_rally
DROP TABLE IF EXISTS `rally_rally`;
CREATE TABLE IF NOT EXISTS `rally_rally` (
  `id` int(11) NOT NULL AUTO_INCREMENT,
  `name` varchar(255) DEFAULT NULL,
  `description` text,
  `slug` varchar(255) DEFAULT NULL,
  `date` datetime DEFAULT NULL,
  `active` tinyint(1) DEFAULT '1',
  `league_rally` tinyint(1) NOT NULL DEFAULT '0',
  `surface` varchar(255) DEFAULT NULL,
  `league` varchar(50) NOT NULL DEFAULT '5.00',
  `big_awards` tinyint(1) NOT NULL DEFAULT '0',
  `finished` tinyint(1) NOT NULL DEFAULT '0',
  `friendly` tinyint(1) NOT NULL DEFAULT '0',
  `created_at` datetime NOT NULL,
  `updated_at` datetime NOT NULL,
  `deleted_at` datetime DEFAULT NULL,
  PRIMARY KEY (`id`)
) ENGINE=MyISAM AUTO_INCREMENT=92 DEFAULT CHARSET=utf8;

-- Dumping data for table switkrze_rally.rally_rally: 84 rows
DELETE FROM `rally_rally`;
/*!40000 ALTER TABLE `rally_rally` DISABLE KEYS */;
INSERT INTO `rally_rally` (`id`, `name`, `description`, `slug`, `date`, `active`, `league_rally`, `surface`, `league`, `big_awards`, `finished`, `friendly`, `created_at`, `updated_at`, `deleted_at`) VALUES
	(1, 'Rally Monte Carlo', '', 'rally-monte-carlo', '2015-08-27 09:00:00', 1, 0, NULL, '1', 0, 0, 0, '2015-08-08 12:50:19', '2015-08-13 10:37:28', NULL),
	(2, 'Rally Sweden', '', 'rally-sweden', '2015-09-03 09:00:00', 1, 0, NULL, '1', 0, 0, 0, '2015-08-08 12:56:21', '2015-08-13 10:37:28', NULL),
	(3, 'Rally Guanajuato Mexico', '', 'rally-guanajuato-mexico', '2015-09-10 09:00:00', 1, 0, NULL, '1', 0, 0, 0, '2015-08-08 13:01:41', '2015-08-13 10:37:28', NULL),
	(4, 'XION RALLY ARGENTINA', '', 'xion-rally-argentina', '2015-09-17 09:00:00', 1, 0, NULL, '1', 0, 0, 0, '2015-08-08 13:05:32', '2015-08-13 10:37:28', NULL),
	(5, 'Rally de Portugal', '', 'rally-de-portugal', '2015-09-24 09:00:00', 1, 0, NULL, '1', 0, 0, 0, '2015-08-08 13:09:53', '2015-08-13 10:37:28', NULL),
	(6, 'RALLY ITALIA SARDEGNA', '', 'rally-italia-sardegna', '2015-10-01 09:00:00', 1, 0, NULL, '1', 0, 0, 0, '2015-08-08 14:53:32', '2015-08-13 10:37:28', NULL),
	(7, 'Rally Poland', '', 'rally-poland', '2015-10-08 09:00:00', 1, 0, NULL, '1', 0, 0, 0, '2015-08-08 14:58:53', '2015-08-13 10:37:28', NULL),
	(8, 'Rally Finland', '', 'rally-finland', '2015-10-15 09:00:00', 1, 0, NULL, '1', 0, 0, 0, '2015-08-08 17:48:37', '2015-08-13 10:37:28', NULL),
	(9, 'Rally Deutschland', '', 'rally-deutschland', '2015-10-22 09:00:00', 1, 0, NULL, '1', 0, 0, 0, '2015-08-08 18:05:59', '2015-08-13 10:37:28', NULL),
	(10, 'Rally Australia', '', 'rally-australia', '2015-10-29 09:00:00', 1, 0, NULL, '1', 0, 0, 0, '2015-08-08 18:15:39', '2015-08-13 10:37:28', NULL),
	(11, 'Tour de Corse', '', 'tour-de-corse', '2015-11-05 09:00:00', 1, 0, NULL, '1', 0, 0, 0, '2015-08-09 09:08:15', '2015-08-13 10:37:28', NULL),
	(12, 'Rally Catalunya', '', 'rally-catalunya', '2015-11-12 09:00:00', 1, 0, NULL, '1', 0, 0, 0, '2015-08-09 09:29:15', '2015-08-13 10:37:43', NULL),
	(13, 'Wales Rally', '', 'wales-rally', '2015-08-28 09:00:00', 1, 0, NULL, '1', 0, 0, 0, '2015-08-09 09:33:26', '2015-08-13 10:37:43', NULL),
	(14, 'Janner Rally', '', 'janner-rally', '2015-09-04 09:00:00', 1, 0, NULL, '1', 0, 0, 0, '2015-08-09 14:43:27', '2015-08-13 10:37:43', NULL),
	(15, 'Rally Liepāja', '', 'rally-liepaja', '2015-09-11 09:00:00', 1, 0, NULL, '1', 0, 0, 0, '2015-08-09 14:47:06', '2015-08-13 10:37:43', NULL),
	(16, 'Rally Ireland', '', 'rally-ireland', '2015-09-18 09:00:00', 1, 0, NULL, '1', 0, 0, 0, '2015-08-09 18:29:55', '2015-08-13 10:37:43', NULL),
	(17, 'Rally Azores', '', 'rally-azores', '2015-09-25 09:00:00', 1, 0, NULL, '1', 0, 0, 0, '2015-08-09 18:37:22', '2015-08-13 10:37:43', NULL),
	(18, 'Ypres Rally', '', 'ypres-rally', '2015-10-02 09:00:00', 1, 0, NULL, '1', 0, 0, 0, '2015-08-10 10:35:26', '2015-08-13 10:37:43', NULL),
	(26, 'Rally Estonia', '', 'rally-estonia', '2015-10-09 09:00:00', 1, 0, NULL, '1', 0, 0, 0, '2015-08-10 10:51:22', '2015-08-13 10:37:43', NULL),
	(27, 'Rally Zlin', '', 'rally-zlin', '2015-10-16 09:00:00', 1, 0, NULL, '1', 0, 0, 0, '2015-08-10 10:54:48', '2015-08-13 10:37:43', NULL),
	(28, 'Cyprus Rally', '', 'cyprus-rally', '2015-10-23 09:00:00', 1, 0, NULL, '1', 0, 0, 0, '2015-08-10 10:57:37', '2015-08-13 10:37:43', NULL),
	(29, 'Acropolis Rally', '', 'acropolis-rally', '2015-10-30 09:00:00', 1, 0, NULL, '1', 0, 0, 0, '2015-08-10 11:00:38', '2015-08-13 10:37:43', NULL),
	(30, 'Rallye du Valais', '', 'rallye-du-valais', '2015-11-06 09:00:00', 1, 0, NULL, '1', 0, 0, 0, '2015-08-10 11:04:16', '2015-08-13 10:37:43', NULL),
	(31, 'Rajd Arlamow', '', 'rajd-arlamow', '2015-11-13 09:00:00', 1, 0, NULL, '1', 0, 0, 0, '2015-08-10 11:11:05', '2015-08-13 10:37:43', NULL),
	(32, 'Rajd Dolnoslaski', '', 'rajd-dolnoslaski', '2015-08-29 09:00:00', 1, 0, NULL, '1', 0, 0, 0, '2015-08-10 11:14:37', '2015-08-13 10:37:43', NULL),
	(33, 'Rajd Karkonoski', '', 'rajd-karkonoski', '2015-09-05 09:00:00', 1, 0, NULL, '1', 0, 0, 0, '2015-08-10 11:21:17', '2015-08-13 10:37:43', NULL),
	(34, 'Rajd Baltic Cup', '', 'rajd-baltic-cup', '2015-09-12 09:00:00', 1, 0, NULL, '1', 0, 0, 0, '2015-08-10 11:25:24', '2015-08-13 10:37:43', NULL),
	(35, 'Rajd Rzeszowski', '', 'rajd-rzeszowski', '2015-09-19 09:00:00', 1, 0, NULL, '1', 0, 0, 0, '2015-08-10 11:27:51', '2015-08-13 10:37:43', NULL),
	(36, 'Rajd Swidnicki', '', 'rajd-swidnicki', '2015-09-26 09:00:00', 1, 0, NULL, '1', 0, 0, 0, '2015-08-10 11:35:54', '2015-08-13 10:37:43', NULL),
	(37, 'Cochrane Winter Rally', '', 'cochrane-winter-rally', '2015-10-03 09:00:00', 1, 0, NULL, '1', 0, 0, 0, '2015-08-10 11:58:56', '2015-08-13 10:37:43', NULL),
	(38, 'Rally Russia', '', 'rally-russia', '2015-10-10 09:00:00', 1, 0, NULL, '1', 0, 0, 0, '2015-08-10 12:01:22', '2015-08-13 10:37:43', NULL),
	(39, 'Ostersund Winter Rally', '', 'ostersund-winter-rally', '2015-10-17 09:00:00', 1, 0, NULL, '1', 0, 0, 0, '2015-08-10 12:04:32', '2015-08-13 10:37:43', NULL),
	(40, 'Aurskog Holand Rally', '', 'aurskog-holand-rally', '2015-10-24 09:00:00', 1, 0, NULL, '1', 0, 0, 0, '2015-08-10 12:14:12', '2015-08-13 10:37:43', NULL),
	(41, 'Rally Elverum', '', 'rally-elverum', '2015-10-31 09:00:00', 1, 0, NULL, '1', 0, 0, 0, '2015-08-10 12:16:39', '2015-08-13 10:37:43', NULL),
	(42, 'Rally Hadeland', '', 'rally-hadeland', '2015-11-07 09:00:00', 1, 0, NULL, '1', 0, 0, 0, '2015-08-10 12:19:14', '2015-08-13 10:37:43', NULL),
	(43, 'Rally Hedemarken', '', 'rally-hedemarken', '2015-11-14 09:00:00', 1, 0, NULL, '1', 0, 0, 0, '2015-08-10 12:45:01', '2015-08-13 10:37:43', NULL),
	(44, 'Mountain Rally Norway', '', 'mountain-rally-norway', '2015-09-02 09:00:00', 1, 0, NULL, '1', 0, 0, 0, '2015-08-10 12:56:06', '2015-08-25 17:25:31', NULL),
	(45, 'Rally Norway', '', 'rally-norway', '2015-09-09 09:00:00', 1, 0, NULL, '1', 0, 0, 0, '2015-08-10 13:00:49', '2015-08-25 17:26:13', NULL),
	(46, 'Numedalsrally', '', 'numedalsrally', '2015-09-16 09:00:00', 1, 0, NULL, '1', 0, 0, 0, '2015-08-10 13:05:04', '2015-08-25 17:27:15', NULL),
	(47, 'Sigdalsrally', '', 'sigdalsrally', '2015-09-20 09:00:00', 1, 0, NULL, '1', 0, 0, 0, '2015-08-10 13:16:42', '2015-08-13 10:37:43', NULL),
	(48, 'Rally Sokndal', '', 'rally-sokndal', '2015-09-27 09:00:00', 1, 0, NULL, '1', 0, 0, 0, '2015-08-10 13:18:36', '2015-08-13 10:37:43', NULL),
	(49, 'Rally Sorland', '', 'rally-sorland', '2015-10-04 09:00:00', 1, 0, NULL, '1', 0, 0, 0, '2015-08-10 15:12:06', '2015-08-13 10:37:43', NULL),
	(50, 'Rally Telemark', '', 'rally-telemark', '2015-10-11 09:00:00', 1, 0, NULL, '1', 0, 0, 0, '2015-08-10 15:21:49', '2015-08-13 10:37:43', NULL),
	(51, 'Arctic Lapland Rally', '', 'arctic-lapland-rally', '2015-10-18 09:00:00', 1, 0, NULL, '1', 0, 0, 0, '2015-08-10 15:24:01', '2015-08-13 10:37:43', NULL),
	(52, 'Wechselland Rallye', '', 'wechselland-rallye', '2015-10-25 09:00:00', 1, 0, NULL, '1', 0, 0, 0, '2015-08-10 15:30:10', '2015-08-13 10:37:43', NULL),
	(53, 'Rally Barbados 2014', '', 'rally-barbados-2014', '2015-11-01 09:00:00', 1, 0, NULL, '1', 0, 0, 0, '2015-08-10 15:36:15', '2015-08-13 10:37:43', NULL),
	(54, 'TAC Rally', '', 'tac-rally', '2015-11-08 09:00:00', 1, 0, NULL, '1', 0, 0, 0, '2015-08-10 15:38:49', '2015-08-13 10:37:43', NULL),
	(55, 'Rallye de Wallonie', '', 'rallye-de-wallonie', '2015-11-15 09:00:00', 1, 0, NULL, '1', 0, 0, 0, '2015-08-10 15:41:57', '2015-08-13 10:37:43', NULL),
	(56, 'Rally de Curitiba', '', 'rally-de-curitiba', '2015-08-31 09:00:00', 1, 0, NULL, '1', 0, 0, 0, '2015-08-10 15:44:46', '2015-08-13 10:37:43', NULL),
	(57, 'Rally Bulgaria', '', 'rally-bulgaria', '2015-09-07 09:00:00', 1, 0, NULL, '1', 0, 0, 0, '2015-08-10 15:48:24', '2015-08-13 10:37:43', NULL),
	(58, 'Rally Croatia', '', 'rally-croatia', '2015-09-14 09:00:00', 1, 0, NULL, '1', 0, 0, 0, '2015-08-10 15:50:44', '2015-08-13 10:37:43', NULL),
	(59, 'Rally Agropa', '', 'rally-agropa', '2015-09-21 09:00:00', 1, 0, NULL, '1', 0, 0, 0, '2015-08-10 15:54:30', '2015-08-13 10:37:43', NULL),
	(60, 'Rally Bohemia', '', 'rally-bohemia', '2015-09-28 09:00:00', 1, 0, NULL, '1', 0, 0, 0, '2015-08-10 16:20:57', '2015-08-13 10:37:43', NULL),
	(61, 'Rallye Lyon - Charbonnieres', '', 'rallye-lyon-charbonnieres', '2015-10-05 09:00:00', 1, 0, NULL, '1', 0, 0, 0, '2015-08-10 16:27:13', '2015-08-13 10:37:43', NULL),
	(62, 'Rallye du Touquet', '', 'rallye-du-touquet', '2015-10-12 09:00:00', 1, 0, NULL, '1', 0, 0, 0, '2015-08-10 16:29:02', '2015-08-13 10:37:43', NULL),
	(63, 'Rallye Erzgebirge', '', 'rallye-erzgebirge', '2015-10-19 09:00:00', 1, 0, NULL, '1', 0, 0, 0, '2015-08-10 16:31:41', '2015-08-13 10:37:43', NULL),
	(64, 'Rally Jamaica', '', 'rally-jamaica', '2015-10-26 09:00:00', 1, 0, NULL, '1', 0, 0, 0, '2015-08-10 16:38:22', '2015-08-13 10:37:43', NULL),
	(65, 'Hellendoorn Rally', '', 'hellendoorn-rally', '2015-11-02 09:00:00', 1, 0, NULL, '1', 0, 0, 0, '2015-08-10 16:41:16', '2015-08-13 10:37:43', NULL),
	(66, 'Rallye de Luxembourg', '', 'rallye-de-luxembourg', '2015-11-09 09:00:00', 1, 0, NULL, '1', 0, 0, 0, '2015-08-10 16:47:23', '2015-08-13 10:37:43', NULL),
	(67, 'Qatar Rally', '', 'qatar-rally', '2015-11-16 09:00:00', 1, 0, NULL, '1', 0, 0, 0, '2015-08-10 16:50:08', '2015-08-13 10:37:43', NULL),
	(68, 'Rally Presov', '', 'rally-presov', '2015-09-01 09:00:00', 1, 0, NULL, '1', 0, 0, 0, '2015-08-10 16:52:25', '2015-08-13 10:37:43', NULL),
	(69, 'Rally of Scotland', '', 'rally-of-scotland', '2015-09-08 09:00:00', 1, 0, NULL, '1', 0, 0, 0, '2015-08-10 16:54:38', '2015-08-13 10:37:43', NULL),
	(70, 'Olympus Rally', '', 'olympus-rally', '2015-09-15 09:00:00', 1, 0, NULL, '1', 0, 0, 0, '2015-08-10 17:20:46', '2015-08-13 10:37:43', NULL),
	(71, 'Rally Tasmania', '', 'rally-tasmania', '2015-09-22 09:00:00', 1, 0, NULL, '1', 0, 0, 0, '2015-08-10 17:24:18', '2015-08-13 10:37:43', NULL),
	(72, 'Danboring Rally', '', 'danboring-rally', '2015-09-29 09:00:00', 1, 0, NULL, '1', 0, 0, 0, '2015-08-10 17:28:34', '2015-08-13 10:37:43', NULL),
	(73, 'Rally Japan', '', 'rally-japan', '2015-10-06 09:00:00', 1, 0, NULL, '1', 0, 0, 0, '2015-08-10 17:30:34', '2015-08-13 10:37:43', NULL),
	(74, 'Rajd Krzeszowic', '', 'rajd-krzeszowic', '2015-10-13 09:00:00', 1, 0, NULL, '1', 0, 0, 0, '2015-08-10 17:47:57', '2015-08-13 10:37:43', NULL),
	(75, 'Rajd Bochni', '', 'rajd-bochni', '2015-10-20 09:00:00', 1, 0, NULL, '1', 0, 0, 0, '2015-08-11 11:03:43', '2015-08-13 10:37:43', NULL),
	(76, 'Rajd Krakowski', '', 'rajd-krakowski', '2015-10-27 09:00:00', 1, 0, NULL, '1', 0, 0, 0, '2015-08-11 11:13:27', '2015-08-13 10:37:43', NULL),
	(77, 'Rajd Baltycki', '', 'rajd-baltycki', '2015-11-03 09:00:00', 1, 0, NULL, '1', 0, 0, 0, '2015-08-11 11:24:13', '2015-08-13 10:37:43', NULL),
	(78, 'Rally of the Tall Pines', '', 'rally-of-the-tall-pines', '2015-11-10 09:00:00', 1, 0, NULL, '1', 0, 0, 0, '2015-08-11 11:38:04', '2015-08-13 10:37:43', NULL),
	(79, 'Sibiu Rally Romania', '', 'sibiu-rally-romania', '2015-11-17 09:00:00', 1, 0, NULL, '1', 0, 0, 0, '2015-08-11 11:57:54', '2015-08-13 10:37:43', NULL),
	(80, 'League 1.0 Rally - #1', NULL, 'league-10-rally-1', '2015-08-30 08:30:00', 1, 1, NULL, '1.0', 0, 0, 0, '2015-08-25 17:13:01', '2015-08-25 17:13:01', NULL),
	(81, 'League 1.0 Rally - #2', NULL, 'league-10-rally-2', '2015-09-06 14:45:00', 1, 1, NULL, '1.0', 0, 0, 0, '2015-08-25 17:13:01', '2015-08-25 17:13:01', NULL),
	(82, 'League 1.0 Rally - #3', NULL, 'league-10-rally-3', '2015-09-13 12:00:00', 1, 1, NULL, '1.0', 0, 0, 0, '2015-08-25 17:13:01', '2015-08-25 17:13:01', NULL),
	(83, 'League 1.0 Rally - #4', NULL, 'league-10-rally-4', '2015-09-20 14:15:00', 1, 1, NULL, '1.0', 0, 0, 0, '2015-08-25 17:13:01', '2015-08-25 17:13:01', NULL),
	(84, 'League 1.0 Rally - #5', NULL, 'league-10-rally-5', '2015-09-27 11:15:00', 1, 1, NULL, '1.0', 0, 0, 0, '2015-08-25 17:13:01', '2015-08-25 17:13:01', NULL),
	(85, 'League 1.0 Rally - #6', NULL, 'league-10-rally-6', '2015-10-04 08:00:00', 1, 1, NULL, '1.0', 0, 0, 0, '2015-08-25 17:13:01', '2015-08-25 17:13:01', NULL),
	(86, 'League 1.0 Rally - #7', NULL, 'league-10-rally-7', '2015-10-11 11:30:00', 1, 1, NULL, '1.0', 0, 0, 0, '2015-08-25 17:13:01', '2015-08-25 17:13:01', NULL),
	(87, 'League 1.0 Rally - #8', NULL, 'league-10-rally-8', '2015-10-18 12:45:00', 1, 1, NULL, '1.0', 0, 0, 0, '2015-08-25 17:13:01', '2015-08-25 17:13:01', NULL),
	(88, 'League 1.0 Rally - #9', NULL, 'league-10-rally-9', '2015-10-25 11:15:00', 1, 1, NULL, '1.0', 0, 0, 0, '2015-08-25 17:13:01', '2015-08-25 17:13:01', NULL),
	(89, 'League 1.0 Rally - #10', NULL, 'league-10-rally-10', '2015-11-01 13:15:00', 1, 1, NULL, '1.0', 0, 0, 0, '2015-08-25 17:13:01', '2015-08-25 17:13:01', NULL),
	(90, 'League 1.0 Rally - #11', NULL, 'league-10-rally-11', '2015-11-08 13:00:00', 1, 1, NULL, '1.0', 0, 0, 0, '2015-08-25 17:13:01', '2015-08-25 17:13:01', NULL),
	(91, 'League 1.0 Rally - #12', NULL, 'league-10-rally-12', '2015-11-15 09:30:00', 1, 1, NULL, '1.0', 0, 0, 0, '2015-08-25 17:13:01', '2015-08-25 17:13:01', NULL);
/*!40000 ALTER TABLE `rally_rally` ENABLE KEYS */;


-- Dumping structure for table switkrze_rally.rally_result
DROP TABLE IF EXISTS `rally_result`;
CREATE TABLE IF NOT EXISTS `rally_result` (
  `id` int(11) NOT NULL AUTO_INCREMENT,
  `rally_id` int(11) DEFAULT NULL,
  `crew_id` int(11) DEFAULT NULL,
  `total_time` time DEFAULT NULL,
  `out_of_race` tinyint(1) DEFAULT '0',
  `stage_out_id` int(11) DEFAULT NULL,
  `stage_out_number` int(11) DEFAULT NULL,
  `position` int(11) DEFAULT NULL,
  `created_at` datetime NOT NULL,
  `updated_at` datetime NOT NULL,
  PRIMARY KEY (`id`),
  KEY `rally_id_idx` (`rally_id`),
  KEY `crew_id_idx` (`crew_id`)
) ENGINE=MyISAM DEFAULT CHARSET=utf8;

-- Dumping data for table switkrze_rally.rally_result: 0 rows
DELETE FROM `rally_result`;
/*!40000 ALTER TABLE `rally_result` DISABLE KEYS */;
/*!40000 ALTER TABLE `rally_result` ENABLE KEYS */;


-- Dumping structure for table switkrze_rally.rally_stage
DROP TABLE IF EXISTS `rally_stage`;
CREATE TABLE IF NOT EXISTS `rally_stage` (
  `id` int(11) NOT NULL AUTO_INCREMENT,
  `rally_id` int(11) DEFAULT NULL,
  `name` varchar(255) DEFAULT NULL,
  `length` decimal(18,2) DEFAULT NULL,
  `date` datetime DEFAULT NULL,
  `min_time` time DEFAULT NULL,
  `created_at` datetime NOT NULL,
  `updated_at` datetime NOT NULL,
  `finished` tinyint(1) DEFAULT '1',
  PRIMARY KEY (`id`),
  KEY `rally_id_idx` (`rally_id`)
) ENGINE=MyISAM AUTO_INCREMENT=1552 DEFAULT CHARSET=utf8;

-- Dumping data for table switkrze_rally.rally_stage: 1,330 rows
DELETE FROM `rally_stage`;
/*!40000 ALTER TABLE `rally_stage` DISABLE KEYS */;
INSERT INTO `rally_stage` (`id`, `rally_id`, `name`, `length`, `date`, `min_time`, `created_at`, `updated_at`, `finished`) VALUES
	(1, 1, 'ENTREVAUX - ROUAINE', 21.55, '2015-08-27 09:00:00', '00:12:25', '2015-08-08 12:50:19', '2015-08-27 12:26:40', 1),
	(2, 1, 'NORANTE - DIGNE-LES-BAINS', 19.68, '2015-08-27 09:15:00', '00:12:36', '2015-08-08 12:50:19', '2015-08-27 12:26:40', 1),
	(3, 1, 'LA SALLE EN BEAUMONT', 15.60, '2015-08-27 09:30:00', '00:09:31', '2015-08-08 12:50:19', '2015-08-27 12:26:40', 1),
	(4, 1, 'ASPRES LES CORPS', 25.28, '2015-08-27 09:45:00', '00:14:40', '2015-08-08 12:50:19', '2015-08-27 12:26:40', 1),
	(5, 1, 'LES COSTES', 25.72, '2015-08-27 10:00:00', '00:16:44', '2015-08-08 12:50:19', '2015-08-27 12:26:40', 1),
	(6, 1, 'LA SALLE EN BEAUMONT', 15.72, '2015-08-27 10:15:00', '00:09:29', '2015-08-08 12:50:19', '2015-08-27 10:15:01', 1),
	(7, 1, 'ASPRES LES CORPS - CHAUFFAYER 2', 25.94, '2015-08-27 10:30:00', '00:14:45', '2015-08-08 12:50:20', '2015-08-27 12:26:40', 1),
	(8, 1, 'LES COSTES - ST JULIEN EN CHAMPSAUR 2', 25.16, '2015-08-27 10:45:00', '00:14:57', '2015-08-08 12:50:20', '2015-08-27 12:26:40', 1),
	(9, 1, 'PRUNIERES - EMBRUN 1', 19.24, '2015-08-27 11:00:00', '00:11:18', '2015-08-08 12:50:20', '2015-08-27 12:26:40', 1),
	(10, 1, 'LARDIER ET VALENCA - FAYE', 51.38, '2015-08-27 11:15:00', '00:31:08', '2015-08-08 12:50:20', '2015-08-27 12:26:40', 1),
	(11, 1, 'PRUNIERES - EMBRUN 2', 19.84, '2015-08-27 11:30:00', '00:12:45', '2015-08-08 12:50:20', '2015-08-27 12:26:40', 1),
	(12, 1, 'SISTERON - THOARD', 36.17, '2015-08-27 11:45:00', '00:21:29', '2015-08-08 12:50:20', '2015-08-27 12:26:40', 1),
	(13, 1, 'COL ST JEAN - ST LAURENT 1', 10.77, '2015-08-27 12:00:00', '00:07:20', '2015-08-08 12:50:20', '2015-08-27 12:26:40', 1),
	(14, 1, 'LA BOLLENE VESUBIE - SOSPEL', 31.55, '2015-08-27 12:15:00', '00:18:56', '2015-08-08 12:50:20', '2015-08-27 12:26:40', 1),
	(15, 1, ' COL ST JEAN - ST LAURENT 2', 10.83, '2015-08-27 12:30:00', '00:07:08', '2015-08-08 12:50:20', '2015-08-27 12:26:40', 1),
	(18, 2, 'SUPER SPECIAL STAGE KARLSTAD', 1.94, '2015-09-03 09:00:00', '00:01:18', '2015-08-08 12:56:21', '2015-08-27 12:26:40', 0),
	(19, 2, 'TORSBY 1', 14.80, '2015-09-03 09:15:00', '00:08:36', '2015-08-08 12:56:21', '2015-08-27 12:26:40', 0),
	(20, 2, 'ROJDEN 1', 18.74, '2015-09-03 09:30:00', '00:12:08', '2015-08-08 12:56:21', '2015-08-27 12:26:40', 0),
	(21, 2, 'FINNSKOGEN 1', 20.99, '2015-09-03 09:45:00', '00:13:38', '2015-08-08 12:56:22', '2015-08-27 12:26:40', 0),
	(22, 2, 'KIRKENAER 1', 7.89, '2015-09-03 10:00:00', '00:05:14', '2015-08-08 12:56:22', '2015-08-27 12:26:40', 0),
	(23, 2, 'KIRKENAER 2', 7.21, '2015-09-03 10:15:00', '00:04:11', '2015-08-08 12:56:22', '2015-08-27 12:26:40', 0),
	(24, 2, 'FINNSKOGEN 2', 20.94, '2015-09-03 10:30:00', '00:12:06', '2015-08-08 12:56:22', '2015-08-27 12:26:40', 0),
	(25, 2, 'TORSBY 2', 14.80, '2015-09-03 10:45:00', '00:08:22', '2015-08-08 12:56:22', '2015-08-27 12:26:40', 0),
	(26, 2, 'SUPER SPECIAL STAGE KARLSTAD 2', 1.94, '2015-09-03 11:00:00', '00:01:18', '2015-08-08 12:56:22', '2015-08-27 12:26:40', 0),
	(27, 2, 'FREDRIKSBERG 1', 18.20, '2015-09-03 11:15:00', '00:10:57', '2015-08-08 12:56:22', '2015-08-27 12:26:40', 0),
	(28, 2, 'RAMMEN 1', 22.65, '2015-09-03 11:30:00', '00:13:32', '2015-08-08 12:56:22', '2015-08-27 12:26:40', 0),
	(29, 2, 'HAGFORS SPRINT 1', 1.83, '2015-09-03 11:45:00', '00:01:11', '2015-08-08 12:56:22', '2015-08-27 12:26:40', 0),
	(30, 2, 'VARGASEN 1', 24.42, '2015-09-03 12:00:00', '00:15:38', '2015-08-08 12:56:22', '2015-08-27 12:26:40', 0),
	(31, 2, 'RAMMEN 2', 22.63, '2015-09-03 12:15:00', '00:13:35', '2015-08-08 12:56:22', '2015-08-27 12:26:40', 0),
	(32, 2, 'HAGFORS SPRINT 2', 1.76, '2015-09-03 12:30:00', '00:01:08', '2015-08-08 12:56:22', '2015-08-27 12:26:40', 0),
	(33, 2, 'VARGASEN 2', 24.22, '2015-09-03 12:45:00', '00:14:07', '2015-08-08 12:56:22', '2015-08-27 12:26:40', 0),
	(35, 3, 'STREET STAGE GUANAJUATO', 1.85, '2015-09-10 09:00:00', '00:01:14', '2015-08-08 13:01:41', '2015-08-27 12:26:40', 0),
	(36, 3, 'SUPER SPECIAL 1', 4.92, '2015-09-10 09:15:00', '00:02:57', '2015-08-08 13:01:41', '2015-08-27 12:26:40', 0),
	(37, 3, 'LOS MEXICANOS 1', 9.77, '2015-09-10 09:30:00', '00:05:39', '2015-08-08 13:01:41', '2015-08-27 12:26:40', 0),
	(38, 3, 'EL CHOCOLATE 1', 44.12, '2015-09-10 09:45:00', '00:24:57', '2015-08-08 13:01:41', '2015-08-27 12:26:40', 0),
	(39, 3, 'LAS MINAS 1', 15.34, '2015-09-10 10:00:00', '00:09:55', '2015-08-08 13:01:41', '2015-08-27 12:26:40', 0),
	(40, 3, 'STREET STAGE LEON 1', 1.91, '2015-09-10 10:15:00', '00:01:16', '2015-08-08 13:01:41', '2015-08-27 12:26:40', 0),
	(41, 3, 'LOS MEXICANOS 2', 9.68, '2015-09-10 10:30:00', '00:06:24', '2015-08-08 13:01:41', '2015-08-27 12:26:40', 0),
	(42, 3, 'EL CHOCOLATE 2', 44.17, '2015-09-10 10:45:00', '00:26:09', '2015-08-08 13:01:41', '2015-08-27 12:26:40', 0),
	(43, 3, 'LAS MINAS 2', 15.43, '2015-09-10 11:00:00', '00:10:17', '2015-08-08 13:01:41', '2015-08-27 12:26:40', 0),
	(44, 3, 'SUPER SPECIAL 2', 4.92, '2015-09-10 11:15:00', '00:03:15', '2015-08-08 13:01:42', '2015-08-27 12:26:40', 0),
	(45, 3, 'IBARRILLA 1', 30.89, '2015-09-10 11:30:00', '00:18:10', '2015-08-08 13:01:42', '2015-08-27 12:26:40', 0),
	(46, 3, 'OTATES 1', 42.44, '2015-09-10 11:45:00', '00:24:18', '2015-08-08 13:01:42', '2015-08-27 12:26:40', 0),
	(47, 3, 'EL BRINCO 1', 8.42, '2015-09-10 12:00:00', '00:05:36', '2015-08-08 13:01:42', '2015-08-27 12:26:40', 0),
	(48, 3, 'STREET STAGE LEON 2', 1.91, '2015-09-10 12:15:00', '00:01:06', '2015-08-08 13:01:42', '2015-08-27 12:26:40', 0),
	(49, 3, 'IBARRILLA 2', 30.48, '2015-09-10 12:30:00', '00:18:10', '2015-08-08 13:01:42', '2015-08-27 12:26:40', 0),
	(50, 3, 'OTATES 2', 42.59, '2015-09-10 12:45:00', '00:26:20', '2015-08-08 13:01:42', '2015-08-27 12:26:40', 0),
	(51, 3, 'EL BRINCO 2', 8.96, '2015-09-10 13:00:00', '00:05:19', '2015-08-08 13:01:42', '2015-08-27 12:26:40', 0),
	(52, 4, 'SUPER ESPECIAL MERLO', 2.89, '2015-09-17 09:00:00', '00:01:44', '2015-08-08 13:05:33', '2015-08-27 12:26:40', 0),
	(53, 4, 'AGUA DE ORO - ASCOCHINGA', 51.78, '2015-09-17 09:15:00', '00:33:45', '2015-08-08 13:05:33', '2015-08-27 12:26:40', 0),
	(54, 4, 'VILLA BUSTOS - TANTI', 19.68, '2015-09-17 09:30:00', '00:11:31', '2015-08-08 13:05:33', '2015-08-27 12:26:40', 0),
	(55, 4, 'AGUA DE ORO - ASCOCHINGA II', 51.78, '2015-09-17 09:45:00', '00:33:45', '2015-08-08 13:05:33', '2015-08-27 12:26:40', 0),
	(56, 4, 'VILLA BUSTOS - TANTI II', 19.68, '2015-09-17 10:00:00', '00:11:31', '2015-08-08 13:05:33', '2015-08-27 12:26:40', 0),
	(57, 4, 'SUPER ESPECIAL FERNET BRANCA', 6.84, '2015-09-17 10:15:00', '00:04:34', '2015-08-08 13:05:33', '2015-08-27 12:26:40', 0),
	(58, 4, 'FERNET BRANCA', 23.35, '2015-09-17 10:30:00', '00:14:28', '2015-08-08 13:05:33', '2015-08-27 12:26:40', 0),
	(59, 4, 'SAN MARCOS', 42.41, '2015-09-17 10:45:00', '00:24:06', '2015-08-08 13:05:33', '2015-08-27 12:26:40', 0),
	(60, 4, 'FERNET BRANCA II', 23.35, '2015-09-17 11:00:00', '00:14:28', '2015-08-08 13:05:33', '2015-08-27 12:26:40', 0),
	(61, 4, 'SAN MARCOS II', 42.41, '2015-09-17 11:15:00', '00:24:06', '2015-08-08 13:05:33', '2015-08-27 12:26:40', 0),
	(62, 4, 'EL CONDOR', 16.60, '2015-09-17 11:30:00', '00:10:07', '2015-08-08 13:05:33', '2015-08-27 12:26:40', 0),
	(63, 4, 'POWER STAGE EL CONDOR', 16.17, '2015-09-17 11:45:00', '00:10:48', '2015-08-08 13:05:33', '2015-08-27 12:26:40', 0),
	(71, 5, 'CAMINHA', 18.40, '2015-09-24 09:00:00', '00:12:09', '2015-08-08 13:09:54', '2015-08-27 12:26:40', 0),
	(70, 5, 'PONTE DE LIMA 1', 27.64, '2015-09-24 09:15:00', '00:18:27', '2015-08-08 13:09:54', '2015-08-27 12:26:40', 0),
	(69, 5, 'LOUSADA', 3.14, '2015-09-24 09:30:00', '00:01:55', '2015-08-08 13:09:53', '2015-08-27 12:26:40', 0),
	(72, 5, 'VIANA DO CASTELO', 18.36, '2015-09-24 09:45:00', '00:12:22', '2015-08-08 13:09:54', '2015-08-27 12:26:40', 0),
	(73, 5, 'PONTE DE LIMA 2', 27.72, '2015-09-24 10:00:00', '00:18:39', '2015-08-08 13:09:54', '2015-08-27 12:26:40', 0),
	(74, 5, 'CAMINHA 2', 18.40, '2015-09-24 10:15:00', '00:12:09', '2015-08-08 13:09:54', '2015-08-27 12:26:40', 0),
	(75, 5, 'VIANA DO CASTELO 2', 18.36, '2015-09-24 10:30:00', '00:12:22', '2015-08-08 13:09:54', '2015-08-27 12:26:40', 0),
	(76, 5, 'BAIAO', 18.28, '2015-09-24 10:45:00', '00:10:17', '2015-08-08 13:09:54', '2015-08-27 12:26:40', 0),
	(77, 5, 'MARAO', 26.53, '2015-09-24 11:00:00', '00:16:05', '2015-08-08 13:09:54', '2015-08-27 12:26:40', 0),
	(78, 5, 'FRIDAO', 37.53, '2015-09-24 11:15:00', '00:24:40', '2015-08-08 13:09:54', '2015-08-27 12:26:40', 0),
	(79, 5, 'BAIAO 2', 18.28, '2015-09-24 11:30:00', '00:10:17', '2015-08-08 13:09:54', '2015-08-27 12:26:40', 0),
	(80, 5, 'MARAO 2', 26.53, '2015-09-24 11:45:00', '00:16:05', '2015-08-08 13:09:54', '2015-08-27 12:26:40', 0),
	(81, 5, 'FRIDAO 2', 37.53, '2015-09-24 12:00:00', '00:24:40', '2015-08-08 13:09:54', '2015-08-27 12:26:40', 0),
	(82, 5, 'FAFE 1', 11.39, '2015-09-24 12:15:00', '00:06:49', '2015-08-08 13:09:54', '2015-08-27 12:26:40', 0),
	(83, 5, 'VIEIRA DO MINHO', 32.38, '2015-09-24 12:30:00', '00:19:17', '2015-08-08 13:09:54', '2015-08-27 12:26:40', 0),
	(84, 5, 'FAFE 2', 11.56, '2015-09-24 12:45:00', '00:07:04', '2015-08-08 13:09:55', '2015-08-27 12:26:40', 0),
	(85, 6, 'CITTA\' DI GAGLIARI', 2.29, '2015-10-01 09:00:00', '00:01:32', '2015-08-08 14:53:32', '2015-08-27 12:26:40', 0),
	(86, 6, 'GRIGHINE SUD', 26.31, '2015-10-01 09:15:00', '00:18:06', '2015-08-08 14:53:33', '2015-08-27 12:26:40', 0),
	(87, 6, 'GRIGHINE NORD', 18.68, '2015-10-01 09:30:00', '00:11:03', '2015-08-08 14:53:33', '2015-08-27 12:26:40', 0),
	(88, 6, 'MONTIFERRU', 14.86, '2015-10-01 09:45:00', '00:10:12', '2015-08-08 14:53:33', '2015-08-27 12:26:40', 0),
	(89, 6, 'SAGAMA', 2.41, '2015-10-01 10:00:00', '00:01:24', '2015-08-08 14:53:33', '2015-08-27 12:26:40', 0),
	(90, 6, 'SAGAMA 2', 2.41, '2015-10-01 10:15:00', '00:01:24', '2015-08-08 14:53:33', '2015-08-27 12:26:40', 0),
	(91, 6, 'SINIS - MONT\' E PRAMA', 14.70, '2015-10-01 10:30:00', '00:08:43', '2015-08-08 14:53:33', '2015-08-27 12:26:40', 0),
	(92, 6, 'GRIGHINE SUD 2', 26.31, '2015-10-01 10:45:00', '00:18:06', '2015-08-08 14:53:33', '2015-08-27 12:26:40', 0),
	(93, 6, 'GRIGHINE NORD 2', 18.68, '2015-10-01 11:00:00', '00:11:03', '2015-08-08 14:53:33', '2015-08-27 12:26:40', 0),
	(94, 6, 'MONTIFERRU 2', 14.86, '2015-10-01 11:15:00', '00:10:12', '2015-08-08 14:53:33', '2015-08-27 12:26:40', 0),
	(95, 6, 'ITTIRI ARENA', 1.98, '2015-10-01 11:30:00', '00:01:16', '2015-08-08 14:53:33', '2015-08-27 12:26:40', 0),
	(96, 6, 'MONTI DI ALA\' 1', 22.96, '2015-10-01 11:45:00', '00:14:46', '2015-08-08 14:53:33', '2015-08-27 12:26:40', 0),
	(97, 6, 'COILUNA - LOELLE', 36.43, '2015-10-01 12:00:00', '00:24:20', '2015-08-08 14:53:33', '2015-08-27 12:26:40', 0),
	(98, 6, 'MONTE LERNO', 42.55, '2015-10-01 12:15:00', '00:29:11', '2015-08-08 14:53:33', '2015-08-27 12:26:40', 0),
	(99, 6, 'OZIERI - ARDARA', 7.70, '2015-10-01 12:30:00', '00:04:36', '2015-08-08 14:53:33', '2015-08-27 12:26:40', 0),
	(100, 6, 'ITTIRI ARENA 2', 1.98, '2015-10-01 12:45:00', '00:01:16', '2015-08-08 14:53:34', '2015-08-27 12:26:40', 0),
	(101, 6, 'MONTI DI ALA\' 2', 22.50, '2015-10-01 13:00:00', '00:15:03', '2015-08-08 14:53:34', '2015-08-27 12:26:40', 0),
	(102, 7, 'MIKOLAJKI ARENA', 2.40, '2015-10-08 09:00:00', '00:01:29', '2015-08-08 14:58:53', '2015-08-27 12:26:40', 0),
	(103, 7, 'GORKLO', 13.40, '2015-10-08 09:15:00', '00:09:04', '2015-08-08 14:58:53', '2015-08-27 12:26:40', 0),
	(104, 7, 'GOLDAP', 14.65, '2015-10-08 09:30:00', '00:08:22', '2015-08-08 14:58:53', '2015-08-27 12:26:40', 0),
	(105, 7, 'BABKI', 14.87, '2015-10-08 09:45:00', '00:09:18', '2015-08-08 14:58:54', '2015-08-27 12:26:40', 0),
	(106, 7, 'STANCZYKI', 39.62, '2015-10-08 10:00:00', '00:24:49', '2015-08-08 14:58:54', '2015-08-27 12:26:40', 0),
	(107, 7, 'BABKI 2', 14.87, '2015-10-08 10:15:00', '00:09:18', '2015-08-08 14:58:54', '2015-08-27 12:26:40', 0),
	(108, 7, 'STANCZYKI 2', 39.62, '2015-10-08 10:30:00', '00:24:49', '2015-08-08 14:58:54', '2015-08-27 12:26:40', 0),
	(109, 7, 'GOLDAP 2', 14.65, '2015-10-08 10:45:00', '00:08:22', '2015-08-08 14:58:54', '2015-08-27 12:26:40', 0),
	(110, 7, 'MIKOLAJKI ARENA 2', 2.40, '2015-10-08 11:00:00', '00:01:29', '2015-08-08 14:58:54', '2015-08-27 12:26:40', 0),
	(111, 7, 'MAZURY', 17.52, '2015-10-08 11:15:00', '00:11:18', '2015-08-08 14:58:54', '2015-08-27 12:26:40', 0),
	(112, 7, 'WIELICZKI', 12.62, '2015-10-08 11:30:00', '00:08:24', '2015-08-08 14:58:54', '2015-08-27 12:26:40', 0),
	(113, 7, 'SWIETAJNO', 21.59, '2015-10-08 11:45:00', '00:13:26', '2015-08-08 14:58:54', '2015-08-27 12:26:40', 0),
	(114, 7, 'PAPROTKI', 23.68, '2015-10-08 12:00:00', '00:14:49', '2015-08-08 14:58:54', '2015-08-27 12:26:40', 0),
	(115, 7, 'MAZURY 2', 17.52, '2015-10-08 12:15:00', '00:11:18', '2015-08-08 14:58:54', '2015-08-27 12:26:40', 0),
	(116, 7, 'WIELICZKI 2', 12.62, '2015-10-08 12:30:00', '00:08:24', '2015-08-08 14:58:54', '2015-08-27 12:26:40', 0),
	(117, 7, 'SWIETAJNO 2', 21.59, '2015-10-08 12:45:00', '00:13:26', '2015-08-08 14:58:54', '2015-08-27 12:26:40', 0),
	(118, 7, 'MIKOLAJKI ARENA 3', 2.40, '2015-10-08 13:00:00', '00:01:29', '2015-08-08 14:58:55', '2015-08-27 12:26:40', 0),
	(119, 8, 'HARJU', 2.21, '2015-10-15 09:00:00', '00:01:31', '2015-08-08 17:48:37', '2015-08-27 12:26:40', 0),
	(120, 8, 'PIHLAJAKOSKI', 14.65, '2015-10-15 09:15:00', '00:08:41', '2015-08-08 17:48:38', '2015-08-27 12:26:40', 0),
	(121, 8, 'PAIJALA', 23.28, '2015-10-15 09:30:00', '00:13:49', '2015-08-08 17:48:38', '2015-08-27 12:26:40', 0),
	(122, 8, 'OUNINPOHJA', 34.51, '2015-10-15 09:45:00', '00:23:02', '2015-08-08 17:48:38', '2015-08-27 12:26:40', 0),
	(123, 8, 'HIMOS', 5.16, '2015-10-15 10:00:00', '00:03:06', '2015-08-08 17:48:38', '2015-08-27 12:26:40', 0),
	(124, 8, 'PIHLAJAKOSKI 2', 14.65, '2015-10-15 10:15:00', '00:08:41', '2015-08-08 17:48:38', '2015-08-27 12:26:40', 0),
	(125, 8, 'PAIJALA 2', 23.28, '2015-10-15 10:30:00', '00:13:49', '2015-08-08 17:48:38', '2015-08-27 12:26:40', 0),
	(126, 8, 'OUNINPOHJA 2', 34.51, '2015-10-15 10:45:00', '00:23:02', '2015-08-08 17:48:38', '2015-08-27 12:26:40', 0),
	(127, 8, 'HIMOS 2', 5.16, '2015-10-15 11:00:00', '00:03:06', '2015-08-08 17:48:38', '2015-08-27 12:26:40', 0),
	(128, 8, 'HARJU 2', 2.21, '2015-10-15 11:15:00', '00:01:31', '2015-08-08 17:48:38', '2015-08-27 12:26:40', 0),
	(129, 8, 'MOKKIPERA', 13.60, '2015-10-15 11:30:00', '00:09:10', '2015-08-08 17:48:38', '2015-08-27 12:26:40', 0),
	(130, 8, 'JUKOJARVI', 21.78, '2015-10-15 11:45:00', '00:12:43', '2015-08-08 17:48:38', '2015-08-27 12:26:40', 0),
	(131, 8, 'SURKEE', 14.25, '2015-10-15 12:00:00', '00:08:31', '2015-08-08 17:48:38', '2015-08-27 12:26:40', 0),
	(132, 8, 'HORKKA', 15.22, '2015-10-15 12:15:00', '00:08:47', '2015-08-08 17:48:38', '2015-08-27 12:26:40', 0),
	(133, 8, 'MOKKIPERA 2', 13.60, '2015-10-15 12:30:00', '00:09:10', '2015-08-08 17:48:38', '2015-08-27 12:26:40', 0),
	(134, 8, 'JUKOJARVI 2', 21.78, '2015-10-15 12:45:00', '00:12:43', '2015-08-08 17:48:38', '2015-08-27 12:26:40', 0),
	(135, 8, 'SURKEE 2', 14.25, '2015-10-15 13:00:00', '00:08:31', '2015-08-08 17:48:39', '2015-08-27 12:26:40', 0),
	(136, 9, 'Sauertal', 14.84, '2015-10-22 09:00:00', '00:10:08', '2015-08-08 18:06:00', '2015-08-27 12:26:40', 0),
	(137, 9, 'Waxweiler', 16.45, '2015-10-22 09:15:00', '00:09:25', '2015-08-08 18:06:00', '2015-08-27 12:26:40', 0),
	(138, 9, 'Moselland', 23.37, '2015-10-22 09:30:00', '00:15:18', '2015-08-08 18:06:00', '2015-08-27 12:26:40', 0),
	(139, 9, 'Sauertal 2', 14.84, '2015-10-22 09:45:00', '00:10:08', '2015-08-08 18:06:00', '2015-08-27 12:26:40', 0),
	(140, 9, 'Waxweiler 2', 16.45, '2015-10-22 10:00:00', '00:09:25', '2015-08-08 18:06:00', '2015-08-27 12:26:40', 0),
	(141, 9, 'Moselland 2', 23.37, '2015-10-22 10:15:00', '00:15:18', '2015-08-08 18:06:00', '2015-08-27 12:26:40', 0),
	(142, 9, 'Mittelmosel 2', 13.80, '2015-10-22 10:30:00', '00:08:57', '2015-08-08 18:06:00', '2015-08-27 12:26:40', 0),
	(143, 9, 'Grafschaft', 18.76, '2015-10-22 10:45:00', '00:10:56', '2015-08-08 18:06:00', '2015-08-27 12:26:40', 0),
	(144, 9, 'Bosenberg', 17.55, '2015-10-22 11:00:00', '00:11:49', '2015-08-08 18:06:00', '2015-08-27 12:26:40', 0),
	(145, 9, 'Arena Panzerplatte', 2.48, '2015-10-22 11:15:00', '00:01:26', '2015-08-08 18:06:00', '2015-08-27 12:26:40', 0),
	(146, 9, 'Arena Panzerplatte 2', 2.48, '2015-10-22 11:30:00', '00:01:26', '2015-08-08 18:06:01', '2015-08-27 12:26:40', 0),
	(147, 9, 'Panzerplatte Lang', 45.37, '2015-10-22 11:45:00', '00:27:48', '2015-08-08 18:06:01', '2015-08-27 12:26:40', 0),
	(148, 9, 'Grafschaft 2', 18.76, '2015-10-22 12:00:00', '00:10:56', '2015-08-08 18:06:01', '2015-08-27 12:26:40', 0),
	(149, 9, 'Arena Panzerplatte 3', 2.48, '2015-10-22 12:15:00', '00:01:26', '2015-08-08 18:06:01', '2015-08-27 12:26:40', 0),
	(150, 9, 'Panzerplatte Lang 2', 45.37, '2015-10-22 12:30:00', '00:27:48', '2015-08-08 18:06:01', '2015-08-27 12:26:40', 0),
	(151, 9, 'Bosenberg 2', 17.55, '2015-10-22 12:45:00', '00:11:49', '2015-08-08 18:06:01', '2015-08-27 12:26:40', 0),
	(152, 9, 'Stei & Wein', 19.32, '2015-10-22 13:00:00', '00:11:51', '2015-08-08 18:06:01', '2015-08-27 12:26:40', 0),
	(153, 10, 'Hydes Creek', 10.48, '2015-10-29 09:00:00', '00:06:24', '2015-08-08 18:15:39', '2015-08-27 12:26:40', 0),
	(154, 10, 'Bellingen', 10.21, '2015-10-29 09:15:00', '00:06:09', '2015-08-08 18:15:39', '2015-08-27 12:26:40', 0),
	(155, 10, 'Newry', 24.86, '2015-10-29 09:30:00', '00:14:13', '2015-08-08 18:15:39', '2015-08-27 12:26:40', 0),
	(156, 10, 'Hydes Creek 2', 10.48, '2015-10-29 09:45:00', '00:06:24', '2015-08-08 18:15:40', '2015-08-27 12:26:40', 0),
	(157, 10, 'Bellingen 2', 10.21, '2015-10-29 10:00:00', '00:06:09', '2015-08-08 18:15:40', '2015-08-27 12:26:40', 0),
	(158, 10, 'Newry 2', 24.86, '2015-10-29 10:15:00', '00:14:13', '2015-08-08 18:15:40', '2015-08-27 12:26:40', 0),
	(159, 10, 'Super Special Stage ', 1.55, '2015-10-29 10:30:00', '00:00:59', '2015-08-08 18:15:40', '2015-08-27 12:26:40', 0),
	(160, 10, 'Super Special Stage 2', 1.81, '2015-10-29 10:45:00', '00:01:02', '2015-08-08 18:15:40', '2015-08-27 12:26:40', 0),
	(161, 10, 'Nambucca', 48.21, '2015-10-29 11:00:00', '00:30:16', '2015-08-08 18:15:40', '2015-08-27 12:26:40', 0),
	(162, 10, 'Valla', 8.90, '2015-10-29 11:15:00', '00:05:54', '2015-08-08 18:15:40', '2015-08-27 12:26:40', 0),
	(163, 10, 'Nambucca 2', 48.21, '2015-10-29 11:30:00', '00:30:16', '2015-08-08 18:15:40', '2015-08-27 12:26:40', 0),
	(164, 10, 'Valla 2', 8.90, '2015-10-29 11:45:00', '00:05:54', '2015-08-08 18:15:40', '2015-08-27 12:26:40', 0),
	(165, 10, 'Super Special Stage 3', 1.81, '2015-10-29 12:00:00', '00:01:03', '2015-08-08 18:15:40', '2015-08-27 12:26:40', 0),
	(166, 10, 'Super Special Stage 4', 1.50, '2015-10-29 12:15:00', '00:00:59', '2015-08-08 18:15:40', '2015-08-27 12:26:40', 0),
	(167, 10, 'Shipmans', 24.14, '2015-10-29 12:30:00', '00:15:05', '2015-08-08 18:15:40', '2015-08-27 12:26:40', 0),
	(168, 10, 'Bucca', 10.90, '2015-10-29 12:45:00', '00:07:30', '2015-08-08 18:15:40', '2015-08-27 12:26:40', 0),
	(169, 10, 'Wedding Bells', 9.37, '2015-10-29 13:00:00', '00:05:36', '2015-08-08 18:15:40', '2015-08-27 12:26:40', 0),
	(170, 11, 'Plage du LIamone', 19.91, '2015-11-05 09:00:00', '00:11:27', '2015-08-09 09:08:16', '2015-08-27 12:26:40', 0),
	(171, 11, 'Casamozza', 23.66, '2015-11-05 09:15:00', '00:16:16', '2015-08-09 09:08:16', '2015-08-27 12:26:40', 0),
	(172, 11, 'Francardo', 16.34, '2015-11-05 09:30:00', '00:09:58', '2015-08-09 09:08:16', '2015-08-27 12:26:40', 0),
	(173, 11, 'Plage du Liamone 2', 19.91, '2015-11-05 09:45:00', '00:11:27', '2015-08-09 09:08:16', '2015-08-27 12:26:40', 0),
	(174, 11, 'Casamozza 2', 23.66, '2015-11-05 10:00:00', '00:16:16', '2015-08-09 09:08:16', '2015-08-27 12:26:40', 0),
	(175, 11, 'Francardo 2', 16.34, '2015-11-05 10:15:00', '00:09:58', '2015-08-09 09:08:16', '2015-08-27 12:26:40', 0),
	(176, 11, 'Casamozza 3', 23.66, '2015-11-05 10:30:00', '00:16:16', '2015-08-09 09:08:16', '2015-08-27 12:26:40', 0),
	(177, 11, 'Francardo 3', 16.34, '2015-11-05 10:45:00', '00:09:58', '2015-08-09 09:08:16', '2015-08-27 12:26:40', 0),
	(178, 11, 'Muracciole', 28.92, '2015-11-05 11:00:00', '00:18:02', '2015-08-09 09:08:16', '2015-08-27 12:26:40', 0),
	(179, 11, 'Sotta', 26.28, '2015-11-05 11:15:00', '00:16:59', '2015-08-09 09:08:16', '2015-08-27 12:26:40', 0),
	(180, 11, 'Muracciole', 28.46, '2015-11-05 11:30:00', '00:19:17', '2015-08-09 09:08:16', '2015-08-12 15:56:58', 0),
	(181, 11, 'Zerubia', 31.43, '2015-11-05 11:45:00', '00:18:53', '2015-08-09 09:08:16', '2015-08-27 12:26:40', 0),
	(182, 11, 'Bisinao', 16.74, '2015-11-05 12:00:00', '00:11:31', '2015-08-09 09:08:16', '2015-08-27 12:26:40', 0),
	(183, 11, 'Zerubia 2', 31.43, '2015-11-05 12:15:00', '00:18:53', '2015-08-09 09:08:16', '2015-08-27 12:26:40', 0),
	(184, 11, 'Bisinao 2', 16.74, '2015-11-05 12:30:00', '00:11:31', '2015-08-09 09:08:17', '2015-08-27 12:26:40', 0),
	(185, 12, 'Barcelona', 3.11, '2015-11-12 09:00:00', '00:01:49', '2015-08-09 09:29:16', '2015-08-27 12:26:41', 0),
	(186, 12, 'Mora d\'Ebre', 9.69, '2015-11-12 09:15:00', '00:06:00', '2015-08-09 09:29:16', '2015-08-27 12:26:41', 0),
	(187, 12, 'Caseres', 12.10, '2015-11-12 09:30:00', '00:07:43', '2015-08-09 09:29:16', '2015-08-27 12:26:41', 0),
	(188, 12, 'Bot', 6.21, '2015-11-12 09:45:00', '00:04:05', '2015-08-09 09:29:16', '2015-08-27 12:26:41', 0),
	(189, 12, 'Terra Alta', 35.41, '2015-11-12 10:00:00', '00:20:36', '2015-08-09 09:29:16', '2015-08-27 12:26:41', 0),
	(190, 12, 'Mora d\'Ebre 2', 9.69, '2015-11-12 10:15:00', '00:06:00', '2015-08-09 09:29:16', '2015-08-27 12:26:41', 0),
	(191, 12, 'Caseres 2', 12.10, '2015-11-12 10:30:00', '00:07:43', '2015-08-09 09:29:16', '2015-08-27 12:26:41', 0),
	(192, 12, 'Bot 2', 6.21, '2015-11-12 10:45:00', '00:04:05', '2015-08-09 09:29:16', '2015-08-27 12:26:41', 0),
	(193, 12, 'Terra Alta 2', 35.41, '2015-11-12 11:00:00', '00:20:36', '2015-08-09 09:29:16', '2015-08-27 12:26:41', 0),
	(194, 12, 'Porrera', 7.91, '2015-11-12 11:15:00', '00:04:45', '2015-08-09 09:29:16', '2015-08-27 12:26:41', 0),
	(195, 12, 'La Figuera', 26.35, '2015-11-12 11:30:00', '00:17:34', '2015-08-09 09:29:16', '2015-08-27 12:26:41', 0),
	(196, 12, 'Poboleda', 10.73, '2015-11-12 11:45:00', '00:06:50', '2015-08-09 09:29:16', '2015-08-27 12:26:41', 0),
	(197, 12, 'Capafonts', 19.13, '2015-11-12 12:00:00', '00:11:39', '2015-08-09 09:29:17', '2015-08-27 12:26:41', 0),
	(198, 12, 'La Figuera 2', 26.35, '2015-11-12 12:15:00', '00:17:34', '2015-08-09 09:29:17', '2015-08-27 12:26:41', 0),
	(199, 12, 'Poboleda 2', 10.73, '2015-11-12 12:30:00', '00:06:50', '2015-08-09 09:29:17', '2015-08-27 12:26:41', 0),
	(200, 12, 'Capafonts 2', 19.13, '2015-11-12 12:45:00', '00:11:39', '2015-08-09 09:29:17', '2015-08-27 12:26:41', 0),
	(201, 12, 'Salou', 2.62, '2015-11-12 13:00:00', '00:01:32', '2015-08-09 09:29:17', '2015-08-27 12:26:41', 0),
	(202, 13, 'Hafren', 32.44, '2015-08-28 09:00:00', '00:20:26', '2015-08-09 09:33:26', '2015-08-27 12:26:41', 0),
	(203, 13, 'Sweet Lamb', 2.97, '2015-08-28 09:15:00', '00:02:00', '2015-08-09 09:33:26', '2015-08-27 12:26:41', 0),
	(204, 13, 'Myherin', 31.73, '2015-08-28 09:30:00', '00:21:28', '2015-08-09 09:33:26', '2015-08-27 12:26:41', 0),
	(205, 13, 'Harfen 2', 32.60, '2015-08-28 09:45:00', '00:18:42', '2015-08-09 09:33:26', '2015-08-27 12:26:41', 0),
	(206, 13, 'Sweet Lamb 2', 2.97, '2015-08-28 10:00:00', '00:02:00', '2015-08-09 09:33:27', '2015-08-27 12:26:41', 0),
	(207, 13, 'Myherin 2', 31.73, '2015-08-28 10:15:00', '00:21:28', '2015-08-09 09:33:27', '2015-08-27 12:26:41', 0),
	(208, 13, 'Gartheiniog', 11.97, '2015-08-28 10:30:00', '00:07:37', '2015-08-09 09:33:27', '2015-08-27 12:26:41', 0),
	(209, 13, 'Dyfi', 25.37, '2015-08-28 10:45:00', '00:16:48', '2015-08-09 09:33:27', '2015-08-27 12:26:41', 0),
	(210, 13, 'Gartheiniog 2', 11.97, '2015-08-28 11:00:00', '00:07:37', '2015-08-09 09:33:27', '2015-08-27 12:26:41', 0),
	(211, 13, 'Dyfi 2', 25.37, '2015-08-28 11:15:00', '00:16:48', '2015-08-09 09:33:27', '2015-08-27 12:26:41', 0),
	(212, 13, 'Dyfnant', 19.89, '2015-08-28 11:30:00', '00:13:38', '2015-08-09 09:33:27', '2015-08-27 12:26:41', 0),
	(213, 13, 'Aberhirnant', 13.70, '2015-08-28 11:45:00', '00:08:15', '2015-08-09 09:33:27', '2015-08-27 12:26:41', 0),
	(214, 13, 'Chirk Castle', 2.28, '2015-08-28 12:00:00', '00:01:26', '2015-08-09 09:33:27', '2015-08-27 12:26:41', 0),
	(215, 13, 'Dynant 2', 19.83, '2015-08-28 12:15:00', '00:11:12', '2015-08-09 09:33:27', '2015-08-27 12:26:41', 0),
	(216, 13, 'Aberhirnant 2', 13.70, '2015-08-28 12:30:00', '00:08:15', '2015-08-09 09:33:27', '2015-08-27 12:26:41', 0),
	(217, 13, 'Brenig', 10.99, '2015-08-28 12:45:00', '00:06:44', '2015-08-09 09:33:27', '2015-08-27 12:26:41', 0),
	(218, 13, 'ALwen', 10.16, '2015-08-28 13:00:00', '00:05:45', '2015-08-09 09:33:27', '2015-08-27 12:26:41', 0),
	(219, 14, 'Pierbach', 18.57, '2015-09-04 09:00:00', '00:10:59', '2015-08-09 14:43:28', '2015-08-27 12:26:41', 0),
	(220, 14, 'Liebenau', 10.10, '2015-09-04 09:15:00', '00:05:48', '2015-08-09 14:43:28', '2015-08-27 12:26:41', 0),
	(221, 14, 'St. Oswald', 8.20, '2015-09-04 09:30:00', '00:04:44', '2015-08-09 14:43:28', '2015-08-27 12:26:41', 0),
	(222, 14, 'Pierbach 2', 18.57, '2015-09-04 09:45:00', '00:10:59', '2015-08-09 14:43:28', '2015-08-27 12:26:41', 0),
	(223, 14, 'Liebenau 2', 10.10, '2015-09-04 10:00:00', '00:05:48', '2015-08-09 14:43:28', '2015-08-27 12:26:41', 0),
	(224, 14, 'St. Ostwald', 8.22, '2015-09-04 10:15:00', '00:05:30', '2015-08-09 14:43:28', '2015-08-27 12:26:41', 0),
	(225, 14, 'Pregarten', 8.44, '2015-09-04 10:30:00', '00:05:09', '2015-08-09 14:43:28', '2015-08-27 12:26:41', 0),
	(226, 14, 'Schonau', 22.80, '2015-09-04 10:45:00', '00:13:08', '2015-08-09 14:43:28', '2015-08-27 12:26:41', 0),
	(227, 14, 'Pregarten 2', 8.44, '2015-09-04 11:00:00', '00:05:09', '2015-08-09 14:43:28', '2015-08-27 12:26:41', 0),
	(228, 14, 'Schonau', 22.81, '2015-09-04 11:15:00', '00:15:18', '2015-08-09 14:43:28', '2015-08-12 15:56:58', 0),
	(229, 14, 'Gutau', 8.68, '2015-09-04 11:30:00', '00:04:56', '2015-08-09 14:43:28', '2015-08-27 12:26:41', 0),
	(230, 14, 'Unterweissenbach 2', 12.31, '2015-09-04 11:45:00', '00:08:00', '2015-08-09 14:43:29', '2015-08-27 12:26:41', 0),
	(231, 14, 'Arena Konigswiesen', 7.33, '2015-09-04 12:00:00', '00:04:44', '2015-08-09 14:43:29', '2015-08-27 12:26:41', 0),
	(232, 14, 'Gutau 2', 8.68, '2015-09-04 12:15:00', '00:04:56', '2015-08-09 14:43:29', '2015-08-27 12:26:41', 0),
	(233, 14, 'Unterweissenbach', 12.31, '2015-09-04 12:30:00', '00:08:00', '2015-08-09 14:43:29', '2015-08-27 12:26:41', 0),
	(234, 14, 'Arena Konigswiesen', 7.76, '2015-09-04 12:45:00', '00:00:00', '2015-08-09 14:43:29', '2015-08-12 15:56:58', 0),
	(235, 14, 'Bad Zell', 21.71, '2015-09-04 13:00:00', '00:13:15', '2015-08-09 14:43:29', '2015-08-27 12:26:41', 0),
	(236, 15, 'Basi', 16.11, '2015-09-11 09:00:00', '00:09:22', '2015-08-09 14:47:07', '2015-08-27 12:26:41', 0),
	(237, 15, 'Kuldiga', 36.11, '2015-09-11 09:15:00', '00:23:38', '2015-08-09 14:47:07', '2015-08-27 12:26:41', 0),
	(238, 15, 'Ecorent', 7.80, '2015-09-11 09:30:00', '00:04:25', '2015-08-09 14:47:07', '2015-08-27 12:26:41', 0),
	(239, 15, 'Kuldiga 2', 36.11, '2015-09-11 09:45:00', '00:23:38', '2015-08-09 14:47:07', '2015-08-27 12:26:41', 0),
	(240, 15, 'Basi 2', 16.11, '2015-09-11 10:00:00', '00:09:22', '2015-08-09 14:47:07', '2015-08-27 12:26:41', 0),
	(241, 15, 'Podnieki', 11.37, '2015-09-11 10:15:00', '00:07:44', '2015-08-09 14:47:07', '2015-08-27 12:26:41', 0),
	(242, 15, 'Tebra', 12.70, '2015-09-11 10:30:00', '00:07:46', '2015-08-09 14:47:07', '2015-08-27 12:26:41', 0),
	(243, 15, 'Vecpils', 22.64, '2015-09-11 10:45:00', '00:12:54', '2015-08-09 14:47:07', '2015-08-27 12:26:41', 0),
	(244, 15, 'Podnieki 2', 11.37, '2015-09-11 11:00:00', '00:07:44', '2015-08-09 14:47:07', '2015-08-27 12:26:41', 0),
	(245, 15, 'Tebra 2', 12.70, '2015-09-11 11:15:00', '00:07:46', '2015-08-09 14:47:07', '2015-08-27 12:26:41', 0),
	(246, 15, 'Vecpils 2', 22.64, '2015-09-11 11:30:00', '00:12:54', '2015-08-09 14:47:07', '2015-08-27 12:26:41', 0),
	(247, 15, 'Liepaja special', 1.81, '2015-09-11 11:45:00', '00:01:07', '2015-08-09 14:47:07', '2015-08-27 12:26:41', 0),
	(248, 16, 'Bucks Head', 14.47, '2015-09-18 09:00:00', '00:09:37', '2015-08-09 18:29:55', '2015-08-27 12:26:41', 0),
	(249, 16, 'Hamilton\'s Folly', 16.40, '2015-09-18 09:15:00', '00:11:07', '2015-08-09 18:29:55', '2015-08-27 12:26:41', 0),
	(250, 16, 'Lough Henney', 10.42, '2015-09-18 09:30:00', '00:06:26', '2015-08-09 18:29:55', '2015-08-27 12:26:41', 0),
	(251, 16, 'Bucks Head 2', 14.47, '2015-09-18 09:45:00', '00:09:37', '2015-08-09 18:29:55', '2015-08-27 12:26:41', 0),
	(252, 16, 'Hamilton\'s Folly 2', 16.40, '2015-09-18 10:00:00', '00:11:07', '2015-08-09 18:29:56', '2015-08-27 12:26:41', 0),
	(253, 16, 'Lough Henry 2', 10.33, '2015-09-18 10:15:00', '00:06:04', '2015-08-09 18:29:56', '2015-08-27 12:26:41', 0),
	(254, 16, 'Newtownards TT', 1.63, '2015-09-18 10:30:00', '00:01:07', '2015-08-09 18:29:56', '2015-08-27 12:26:41', 0),
	(255, 16, 'Newtownards TT 2', 1.63, '2015-09-18 10:45:00', '00:01:07', '2015-08-09 18:29:56', '2015-08-27 12:26:41', 0),
	(256, 16, 'Bulls Brook', 13.21, '2015-09-18 11:00:00', '00:09:00', '2015-08-09 18:29:56', '2015-08-27 12:26:41', 0),
	(257, 16, 'McGaffins Corner', 26.16, '2015-09-18 11:15:00', '00:16:33', '2015-08-09 18:29:56', '2015-08-27 12:26:41', 0),
	(258, 16, 'Banbridge', 8.58, '2015-09-18 11:30:00', '00:05:18', '2015-08-09 18:29:56', '2015-08-27 12:26:41', 0),
	(259, 16, 'Gregoriough', 14.91, '2015-09-18 11:45:00', '00:08:36', '2015-08-09 18:29:56', '2015-08-27 12:26:41', 0),
	(260, 16, 'Lisburn', 1.78, '2015-09-18 12:00:00', '00:01:04', '2015-08-09 18:29:56', '2015-08-27 12:26:41', 0),
	(261, 16, 'Lisburn 2', 1.78, '2015-09-18 12:15:00', '00:01:04', '2015-08-09 18:29:56', '2015-08-27 12:26:41', 0),
	(262, 16, 'Bulls Brook 2', 13.21, '2015-09-18 12:30:00', '00:09:00', '2015-08-09 18:29:56', '2015-08-27 12:26:41', 0),
	(263, 16, 'McGaffins Corner 2', 26.16, '2015-09-18 12:45:00', '00:16:33', '2015-08-09 18:29:56', '2015-08-27 12:26:41', 0),
	(264, 16, 'Banbridge 2', 8.58, '2015-09-18 13:00:00', '00:05:18', '2015-08-09 18:29:56', '2015-08-27 12:26:41', 0),
	(265, 17, 'Grupo Marques', 3.34, '2015-09-25 09:00:00', '00:01:52', '2015-08-09 18:37:22', '2015-08-27 12:26:41', 0),
	(266, 17, 'Solucoes', 7.96, '2015-09-25 09:15:00', '00:04:28', '2015-08-09 18:37:23', '2015-08-27 12:26:41', 0),
	(267, 17, 'Vila Franca', 12.79, '2015-09-25 09:30:00', '00:08:44', '2015-08-09 18:37:23', '2015-08-27 12:26:41', 0),
	(268, 17, 'Lagoa Meo', 6.28, '2015-09-25 09:45:00', '00:04:15', '2015-08-09 18:37:23', '2015-08-27 12:26:41', 0),
	(269, 17, 'Pico da Pedra Golfe', 7.86, '2015-09-25 10:00:00', '00:05:23', '2015-08-09 18:37:23', '2015-08-27 12:26:41', 0),
	(270, 17, 'Feteiras', 7.88, '2015-09-25 10:15:00', '00:05:21', '2015-08-09 18:37:23', '2015-08-27 12:26:41', 0),
	(271, 17, 'Sete Cidades', 28.57, '2015-09-25 10:30:00', '00:16:38', '2015-08-09 18:37:23', '2015-08-27 12:26:41', 0),
	(272, 17, 'Lagoa Meo 2', 6.28, '2015-09-25 10:45:00', '00:04:15', '2015-08-09 18:37:23', '2015-08-27 12:26:41', 0),
	(273, 17, 'Pico da Pedra Golfe 2', 7.86, '2015-09-25 11:00:00', '00:05:23', '2015-08-09 18:37:23', '2015-08-27 12:26:41', 0),
	(274, 17, 'Feteiras 2', 7.88, '2015-09-25 11:15:00', '00:05:21', '2015-08-09 18:37:23', '2015-08-27 12:26:41', 0),
	(275, 17, 'Sete Cidades 2', 28.57, '2015-09-25 11:30:00', '00:16:38', '2015-08-09 18:37:23', '2015-08-27 12:26:41', 0),
	(276, 17, 'Graminhais', 20.84, '2015-09-25 11:45:00', '00:11:52', '2015-08-09 18:37:23', '2015-08-27 12:26:41', 0),
	(277, 17, 'Tronqueira', 21.68, '2015-09-25 12:00:00', '00:13:16', '2015-08-09 18:37:23', '2015-08-27 12:26:41', 0),
	(278, 17, 'Grupo Marques 2', 3.34, '2015-09-25 12:15:00', '00:01:52', '2015-08-09 18:37:23', '2015-08-27 12:26:41', 0),
	(279, 17, 'Vila Franca 2', 12.79, '2015-09-25 12:30:00', '00:08:44', '2015-08-09 18:37:23', '2015-08-27 12:26:41', 0),
	(280, 17, 'Graminhais 2', 20.84, '2015-09-25 12:45:00', '00:11:52', '2015-08-09 18:37:24', '2015-08-27 12:26:41', 0),
	(281, 17, 'Tronqueira 2', 21.68, '2015-09-25 13:00:00', '00:13:16', '2015-08-09 18:37:24', '2015-08-27 12:26:41', 0),
	(282, 18, 'Langemark', 12.57, '2015-10-02 09:00:00', '00:08:12', '2015-08-10 10:35:26', '2015-08-27 12:26:41', 0),
	(283, 18, 'Dikkebus', 14.73, '2015-10-02 09:15:00', '00:08:58', '2015-08-10 10:35:26', '2015-08-27 12:26:41', 0),
	(284, 18, 'Wijtschate', 13.43, '2015-10-02 09:30:00', '00:08:52', '2015-08-10 10:35:27', '2015-08-27 12:26:41', 0),
	(285, 18, 'Mesen', 7.80, '2015-10-02 09:45:00', '00:05:11', '2015-08-10 10:35:27', '2015-08-27 12:26:41', 0),
	(286, 18, 'Dikkebus 2', 14.73, '2015-10-02 10:00:00', '00:08:58', '2015-08-10 10:35:27', '2015-08-27 12:26:41', 0),
	(287, 18, 'Wijtschate 2', 13.43, '2015-10-02 10:15:00', '00:08:52', '2015-08-10 10:35:27', '2015-08-27 12:26:41', 0),
	(288, 18, 'Mesen 2', 7.80, '2015-10-02 10:30:00', '00:05:11', '2015-08-10 10:35:27', '2015-08-27 12:26:41', 0),
	(289, 18, 'Reninge', 14.22, '2015-10-02 10:45:00', '00:08:57', '2015-08-10 10:35:27', '2015-08-27 12:26:41', 0),
	(290, 18, 'Watou', 14.25, '2015-10-02 11:00:00', '00:08:02', '2015-08-10 10:35:27', '2015-08-27 12:26:41', 0),
	(291, 18, 'Westouter-Boeschepe', 19.34, '2015-10-02 11:15:00', '00:12:51', '2015-08-10 10:35:27', '2015-08-27 12:26:41', 0),
	(292, 18, 'Kemmelberg', 13.64, '2015-10-02 11:30:00', '00:08:42', '2015-08-10 10:35:27', '2015-08-27 12:26:41', 0),
	(293, 18, 'Hollebeket', 23.99, '2015-10-02 11:45:00', '00:15:52', '2015-08-10 10:35:27', '2015-08-27 12:26:41', 0),
	(294, 18, 'Reninge 2', 14.22, '2015-10-02 12:00:00', '00:08:57', '2015-08-10 10:35:27', '2015-08-27 12:26:41', 0),
	(295, 18, 'Watou 2', 14.25, '2015-10-02 12:15:00', '00:08:02', '2015-08-10 10:35:27', '2015-08-27 12:26:41', 0),
	(296, 18, 'Westouter-Boeschepe 2', 19.34, '2015-10-02 12:30:00', '00:12:51', '2015-08-10 10:35:27', '2015-08-27 12:26:41', 0),
	(297, 18, 'Kemmelberg 2', 13.64, '2015-10-02 12:45:00', '00:08:42', '2015-08-10 10:35:27', '2015-08-27 12:26:41', 0),
	(298, 18, 'Hollebeke 2', 23.15, '2015-10-02 13:00:00', '00:15:30', '2015-08-10 10:35:27', '2015-08-27 12:26:41', 0),
	(418, 26, 'Tartu City', 1.31, '2015-10-09 09:00:00', '00:00:48', '2015-08-10 10:51:22', '2015-08-27 12:26:41', 0),
	(419, 26, 'Arula', 8.33, '2015-10-09 09:15:00', '00:05:40', '2015-08-10 10:51:22', '2015-08-27 12:26:41', 0),
	(420, 26, 'Urvaste', 14.14, '2015-10-09 09:30:00', '00:09:36', '2015-08-10 10:51:22', '2015-08-27 12:26:41', 0),
	(421, 26, 'Raiga', 9.84, '2015-10-09 09:45:00', '00:05:56', '2015-08-10 10:51:22', '2015-08-27 12:26:41', 0),
	(422, 26, 'Ristimae', 34.69, '2015-10-09 10:00:00', '00:20:54', '2015-08-10 10:51:22', '2015-08-27 12:26:41', 0),
	(423, 26, 'Ristimae 2', 34.69, '2015-10-09 10:15:00', '00:20:54', '2015-08-10 10:51:22', '2015-08-27 12:26:41', 0),
	(424, 26, 'Raiga 2', 9.84, '2015-10-09 10:30:00', '00:05:56', '2015-08-10 10:51:22', '2015-08-27 12:26:41', 0),
	(425, 26, 'Elva', 1.94, '2015-10-09 10:45:00', '00:01:13', '2015-08-10 10:51:23', '2015-08-27 12:26:41', 0),
	(426, 26, 'Vissi', 13.41, '2015-10-09 11:00:00', '00:08:17', '2015-08-10 10:51:23', '2015-08-27 12:26:41', 0),
	(427, 26, 'Sulaoja', 7.19, '2015-10-09 11:15:00', '00:04:11', '2015-08-10 10:51:23', '2015-08-27 12:26:41', 0),
	(428, 26, 'Alakula', 11.72, '2015-10-09 11:30:00', '00:06:46', '2015-08-10 10:51:23', '2015-08-27 12:26:41', 0),
	(429, 26, 'Vissi 2', 13.41, '2015-10-09 11:45:00', '00:08:17', '2015-08-10 10:51:23', '2015-08-27 12:26:41', 0),
	(430, 26, 'Sulaoja 2', 7.19, '2015-10-09 12:00:00', '00:04:11', '2015-08-10 10:51:23', '2015-08-27 12:26:41', 0),
	(431, 26, 'Alakula 2', 11.72, '2015-10-09 12:15:00', '00:06:46', '2015-08-10 10:51:23', '2015-08-27 12:26:41', 0),
	(432, 26, 'Arula 2', 8.33, '2015-10-09 12:30:00', '00:05:40', '2015-08-10 10:51:23', '2015-08-27 12:26:41', 0),
	(433, 26, 'Urwaste 2', 14.60, '2015-10-09 12:45:00', '00:09:11', '2015-08-10 10:51:23', '2015-08-27 12:26:41', 0),
	(435, 27, 'Super Stage Zlin', 9.42, '2015-10-16 09:00:00', '00:06:29', '2015-08-10 10:54:48', '2015-08-27 12:26:41', 0),
	(436, 27, 'Slusovice', 16.88, '2015-10-16 09:15:00', '00:10:54', '2015-08-10 10:54:48', '2015-08-27 12:26:41', 0),
	(437, 27, 'Pindula', 18.70, '2015-10-16 09:30:00', '00:10:54', '2015-08-10 10:54:48', '2015-08-27 12:26:41', 0),
	(438, 27, 'Majak', 13.56, '2015-10-16 09:45:00', '00:08:04', '2015-08-10 10:54:49', '2015-08-27 12:26:41', 0),
	(439, 27, 'Kudlovice', 17.43, '2015-10-16 10:00:00', '00:10:42', '2015-08-10 10:54:49', '2015-08-27 12:26:41', 0),
	(440, 27, 'Slusovice 2', 16.88, '2015-10-16 10:15:00', '00:10:54', '2015-08-10 10:54:49', '2015-08-27 12:26:41', 0),
	(441, 27, 'Pindula 2', 18.70, '2015-10-16 10:30:00', '00:10:54', '2015-08-10 10:54:49', '2015-08-27 12:26:41', 0),
	(442, 27, 'Majak 2', 13.56, '2015-10-16 10:45:00', '00:08:04', '2015-08-10 10:54:49', '2015-08-27 12:26:41', 0),
	(443, 27, 'Kudlovice 2', 17.43, '2015-10-16 11:00:00', '00:10:42', '2015-08-10 10:54:49', '2015-08-27 12:26:41', 0),
	(444, 27, 'Semetin', 11.38, '2015-10-16 11:15:00', '00:07:15', '2015-08-10 10:54:49', '2015-08-27 12:26:41', 0),
	(445, 27, 'Trojak', 23.76, '2015-10-16 11:30:00', '00:13:45', '2015-08-10 10:54:49', '2015-08-27 12:26:41', 0),
	(446, 27, 'Zlutava', 8.12, '2015-10-16 11:45:00', '00:05:30', '2015-08-10 10:54:49', '2015-08-27 12:26:41', 0),
	(447, 27, 'Semestin 2', 11.89, '2015-10-16 12:00:00', '00:07:32', '2015-08-10 10:54:49', '2015-08-27 12:26:41', 0),
	(448, 27, 'Trojak 2', 23.76, '2015-10-16 12:15:00', '00:13:45', '2015-08-10 10:54:49', '2015-08-27 12:26:41', 0),
	(449, 27, 'Zlutava 2', 8.12, '2015-10-16 12:30:00', '00:05:30', '2015-08-10 10:54:49', '2015-08-27 12:26:41', 0),
	(452, 28, 'Asfalistiki', 5.13, '2015-10-23 09:00:00', '00:03:02', '2015-08-10 10:57:37', '2015-08-27 12:26:41', 0),
	(453, 28, 'Kotsiatis', 15.16, '2015-10-23 09:15:00', '00:10:11', '2015-08-10 10:57:37', '2015-08-27 12:26:41', 0),
	(454, 28, 'Lythrodontas', 21.28, '2015-10-23 09:30:00', '00:13:38', '2015-08-10 10:57:37', '2015-08-27 12:26:41', 0),
	(455, 28, 'Lefkara', 17.67, '2015-10-23 09:45:00', '00:10:44', '2015-08-10 10:57:37', '2015-08-27 12:26:41', 0),
	(456, 28, 'Klavdia', 11.69, '2015-10-23 10:00:00', '00:07:48', '2015-08-10 10:57:37', '2015-08-27 12:26:41', 0),
	(457, 28, 'Tseri', 14.25, '2015-10-23 10:15:00', '00:09:26', '2015-08-10 10:57:37', '2015-08-27 12:26:41', 0),
	(458, 28, 'Asinou', 11.46, '2015-10-23 10:30:00', '00:07:44', '2015-08-10 10:57:37', '2015-08-27 12:26:41', 0),
	(459, 28, 'Xerarkaka', 21.61, '2015-10-23 10:45:00', '00:14:51', '2015-08-10 10:57:37', '2015-08-27 12:26:41', 0),
	(460, 28, 'Tseri 2', 14.25, '2015-10-23 11:00:00', '00:09:26', '2015-08-10 10:57:37', '2015-08-27 12:26:41', 0),
	(461, 28, 'Asinou 2', 11.46, '2015-10-23 11:15:00', '00:07:44', '2015-08-10 10:57:37', '2015-08-27 12:26:41', 0),
	(462, 28, 'Xerarkaka 2', 21.61, '2015-10-23 11:30:00', '00:14:51', '2015-08-10 10:57:37', '2015-08-27 12:26:41', 0),
	(463, 28, 'Kotsiatis 2', 15.16, '2015-10-23 11:45:00', '00:10:11', '2015-08-10 10:57:38', '2015-08-27 12:26:41', 0),
	(464, 28, 'Lythrodontas 2', 21.28, '2015-10-23 12:00:00', '00:13:38', '2015-08-10 10:57:38', '2015-08-27 12:26:41', 0),
	(465, 28, 'Lefkara 2', 17.67, '2015-10-23 12:15:00', '00:10:44', '2015-08-10 10:57:38', '2015-08-27 12:26:41', 0),
	(466, 28, 'Klavdia 2', 11.69, '2015-10-23 12:30:00', '00:07:48', '2015-08-10 10:57:38', '2015-08-27 12:26:41', 0),
	(469, 29, 'Aghios Ioannis', 21.66, '2015-10-30 09:00:00', '00:13:46', '2015-08-10 11:00:38', '2015-08-27 12:26:41', 0),
	(470, 29, 'Aghionori', 23.52, '2015-10-30 09:15:00', '00:13:36', '2015-08-10 11:00:38', '2015-08-27 12:26:41', 0),
	(471, 29, 'Psari', 17.44, '2015-10-30 09:30:00', '00:09:57', '2015-08-10 11:00:38', '2015-08-27 12:26:41', 0),
	(472, 29, 'Aghios Ioannis 2', 21.66, '2015-10-30 09:45:00', '00:13:46', '2015-08-10 11:00:38', '2015-08-27 12:26:41', 0),
	(473, 29, 'Aghionori 2', 23.52, '2015-10-30 10:00:00', '00:13:36', '2015-08-10 11:00:38', '2015-08-27 12:26:41', 0),
	(474, 29, 'Psari 2', 17.44, '2015-10-30 10:15:00', '00:09:57', '2015-08-10 11:00:38', '2015-08-27 12:26:41', 0),
	(475, 29, 'Klenia', 18.16, '2015-10-30 10:30:00', '00:11:19', '2015-08-10 11:00:39', '2015-08-27 12:26:41', 0),
	(476, 29, 'Nea Kineta', 22.39, '2015-10-30 10:45:00', '00:14:25', '2015-08-10 11:00:39', '2015-08-27 12:26:41', 0),
	(477, 29, 'Loutraki', 16.45, '2015-10-30 11:00:00', '00:09:36', '2015-08-10 11:00:39', '2015-08-27 12:26:41', 0),
	(478, 29, 'Klenia 2', 18.16, '2015-10-30 11:15:00', '00:11:19', '2015-08-10 11:00:39', '2015-08-27 12:26:41', 0),
	(479, 29, 'Nea Kineta 2', 22.39, '2015-10-30 11:30:00', '00:14:25', '2015-08-10 11:00:39', '2015-08-27 12:26:41', 0),
	(480, 29, 'Loutraki 2', 16.45, '2015-10-30 11:45:00', '00:09:36', '2015-08-10 11:00:39', '2015-08-27 12:26:41', 0),
	(481, 29, 'Klenia 3', 18.16, '2015-10-30 12:00:00', '00:11:19', '2015-08-10 11:00:39', '2015-08-27 12:26:41', 0),
	(482, 29, 'Nea Kineta 3', 22.39, '2015-10-30 12:15:00', '00:14:25', '2015-08-10 11:00:39', '2015-08-27 12:26:41', 0),
	(483, 29, 'Loutraki 3', 16.45, '2015-10-30 12:30:00', '00:09:36', '2015-08-10 11:00:39', '2015-08-27 12:26:41', 0),
	(486, 30, 'Leukerbad', 8.76, '2015-11-06 09:00:00', '00:05:16', '2015-08-10 11:04:16', '2015-08-27 12:26:41', 0),
	(487, 30, 'Crans - Montana', 11.66, '2015-11-06 09:15:00', '00:07:21', '2015-08-10 11:04:17', '2015-08-27 12:26:41', 0),
	(488, 30, 'Anzere', 12.89, '2015-11-06 09:30:00', '00:07:33', '2015-08-10 11:04:17', '2015-08-27 12:26:41', 0),
	(489, 30, 'Sierre - Anniviers', 14.36, '2015-11-06 09:45:00', '00:08:44', '2015-08-10 11:04:17', '2015-08-27 12:26:41', 0),
	(490, 30, 'Veysonnaz', 13.11, '2015-11-06 10:00:00', '00:07:42', '2015-08-10 11:04:17', '2015-08-27 12:26:41', 0),
	(491, 30, 'Nendaz', 12.63, '2015-11-06 10:15:00', '00:07:12', '2015-08-10 11:04:17', '2015-08-27 12:26:41', 0),
	(492, 30, 'Caserne', 6.43, '2015-11-06 10:30:00', '00:04:07', '2015-08-10 11:04:17', '2015-08-27 12:26:41', 0),
	(493, 30, 'Sierre - Anniviers 2', 14.36, '2015-11-06 10:45:00', '00:08:44', '2015-08-10 11:04:17', '2015-08-27 12:26:41', 0),
	(494, 30, 'Veysonnaz 2', 13.11, '2015-11-06 11:00:00', '00:07:42', '2015-08-10 11:04:17', '2015-08-27 12:26:41', 0),
	(495, 30, 'Nendaz 2', 12.63, '2015-11-06 11:15:00', '00:07:12', '2015-08-10 11:04:17', '2015-08-27 12:26:41', 0),
	(496, 30, 'Caserne 2', 6.43, '2015-11-06 11:30:00', '00:04:07', '2015-08-10 11:04:17', '2015-08-27 12:26:42', 0),
	(497, 30, 'Champex - Lac', 16.63, '2015-11-06 11:45:00', '00:09:26', '2015-08-10 11:04:17', '2015-08-27 12:26:42', 0),
	(498, 30, 'Bruson', 10.35, '2015-11-06 12:00:00', '00:06:35', '2015-08-10 11:04:17', '2015-08-27 12:26:42', 0),
	(499, 30, 'Verbier', 15.92, '2015-11-06 12:15:00', '00:10:14', '2015-08-10 11:04:17', '2015-08-27 12:26:42', 0),
	(500, 30, 'Les Cols', 32.86, '2015-11-06 12:30:00', '00:21:21', '2015-08-10 11:04:17', '2015-08-27 12:26:42', 0),
	(501, 30, 'Champex - Lac 2', 16.63, '2015-11-06 12:45:00', '00:09:26', '2015-08-10 11:04:18', '2015-08-27 12:26:42', 0),
	(502, 30, 'Bruson 2', 10.35, '2015-11-06 13:00:00', '00:06:35', '2015-08-10 11:04:18', '2015-08-27 12:26:42', 0),
	(503, 31, 'Jodlowka', 18.52, '2015-11-13 09:00:00', '00:10:49', '2015-08-10 11:11:05', '2015-08-27 12:26:42', 0),
	(504, 31, 'Hucisko', 12.33, '2015-11-13 09:15:00', '00:07:37', '2015-08-10 11:11:05', '2015-08-27 12:26:42', 0),
	(505, 31, 'Jodlowka 2', 18.52, '2015-11-13 09:30:00', '00:10:49', '2015-08-10 11:11:05', '2015-08-27 12:26:42', 0),
	(506, 31, 'Hucisko 2', 12.33, '2015-11-13 09:45:00', '00:07:37', '2015-08-10 11:11:05', '2015-08-27 12:26:42', 0),
	(507, 31, 'Przemysl', 9.62, '2015-11-13 10:00:00', '00:05:54', '2015-08-10 11:11:05', '2015-08-27 12:26:42', 0),
	(508, 31, 'Przemysl 2', 9.62, '2015-11-13 10:15:00', '00:05:54', '2015-08-10 11:11:05', '2015-08-27 12:26:42', 0),
	(509, 31, 'Leszczawka', 9.23, '2015-11-13 10:30:00', '00:05:35', '2015-08-10 11:11:05', '2015-08-27 12:26:42', 0),
	(510, 31, 'Huta Brzuska', 8.82, '2015-11-13 10:45:00', '00:05:53', '2015-08-10 11:11:05', '2015-08-27 12:26:42', 0),
	(511, 31, 'Bircza', 15.63, '2015-11-13 11:00:00', '00:10:29', '2015-08-10 11:11:05', '2015-08-27 12:26:42', 0),
	(512, 31, 'Leszczawka 2', 9.23, '2015-11-13 11:15:00', '00:05:35', '2015-08-10 11:11:06', '2015-08-27 12:26:42', 0),
	(513, 31, 'Huta Brzuska 2', 8.82, '2015-11-13 11:30:00', '00:05:53', '2015-08-10 11:11:06', '2015-08-27 12:26:42', 0),
	(514, 31, 'Bircza 2', 15.63, '2015-11-13 11:45:00', '00:10:29', '2015-08-10 11:11:06', '2015-08-27 12:26:42', 0),
	(515, 31, 'Leszczawka 3', 9.23, '2015-11-13 12:00:00', '00:05:35', '2015-08-10 11:11:06', '2015-08-27 12:26:42', 0),
	(516, 31, 'Huta Brzuska 3', 8.82, '2015-11-13 12:15:00', '00:05:53', '2015-08-10 11:11:06', '2015-08-27 12:26:42', 0),
	(517, 31, 'Bircza 3', 15.63, '2015-11-13 12:30:00', '00:10:29', '2015-08-10 11:11:06', '2015-08-27 12:26:42', 0),
	(520, 32, 'Klodzko', 2.94, '2015-08-29 09:00:00', '00:01:39', '2015-08-10 11:14:37', '2015-08-27 12:26:42', 0),
	(521, 32, 'Klodzko 2', 2.94, '2015-08-29 09:15:00', '00:01:39', '2015-08-10 11:14:38', '2015-08-27 12:26:42', 0),
	(522, 32, 'Domaszkow', 23.65, '2015-08-29 09:30:00', '00:16:17', '2015-08-10 11:14:38', '2015-08-27 12:26:42', 0),
	(523, 32, 'Wilkanow', 17.89, '2015-08-29 09:45:00', '00:11:18', '2015-08-10 11:14:38', '2015-08-27 12:26:42', 0),
	(524, 32, 'Domaszkow 2', 23.65, '2015-08-29 10:00:00', '00:16:17', '2015-08-10 11:14:38', '2015-08-27 12:26:42', 0),
	(525, 32, 'Wilkanow 2', 17.89, '2015-08-29 10:15:00', '00:11:18', '2015-08-10 11:14:38', '2015-08-27 12:26:42', 0),
	(526, 32, 'Staropolanka', 14.96, '2015-08-29 10:30:00', '00:08:29', '2015-08-10 11:14:38', '2015-08-27 12:26:42', 0),
	(527, 32, 'BGK', 14.38, '2015-08-29 10:45:00', '00:09:32', '2015-08-10 11:14:38', '2015-08-27 12:26:42', 0),
	(528, 32, 'Radkowska Perla', 9.43, '2015-08-29 11:00:00', '00:06:24', '2015-08-10 11:14:38', '2015-08-27 12:26:42', 0),
	(529, 32, 'Staropolanka 2', 14.96, '2015-08-29 11:15:00', '00:08:29', '2015-08-10 11:14:38', '2015-08-27 12:26:42', 0),
	(530, 32, 'BGK 2', 14.38, '2015-08-29 11:30:00', '00:09:32', '2015-08-10 11:14:38', '2015-08-27 12:26:42', 0),
	(531, 32, 'Radkowska Perla 2', 9.43, '2015-08-29 11:45:00', '00:06:24', '2015-08-10 11:14:38', '2015-08-27 12:26:42', 0),
	(532, 32, 'Staropolanka 3', 14.96, '2015-08-29 12:00:00', '00:08:29', '2015-08-10 11:14:38', '2015-08-27 12:26:42', 0),
	(533, 32, 'BGK 3', 14.38, '2015-08-29 12:15:00', '00:09:32', '2015-08-10 11:14:38', '2015-08-27 12:26:42', 0),
	(534, 32, 'Radkowska Perla 3', 9.43, '2015-08-29 12:30:00', '00:06:24', '2015-08-10 11:14:38', '2015-08-27 12:26:42', 0),
	(537, 33, 'Zabobrze', 2.38, '2015-09-05 09:00:00', '00:01:30', '2015-08-10 11:21:17', '2015-08-27 12:26:42', 0),
	(538, 33, 'Zabobrze 2', 2.38, '2015-09-05 09:15:00', '00:01:30', '2015-08-10 11:21:17', '2015-08-27 12:26:42', 0),
	(539, 33, 'Karpniki', 14.72, '2015-09-05 09:30:00', '00:08:29', '2015-08-10 11:21:17', '2015-08-27 12:26:42', 0),
	(540, 33, 'Gajowka', 12.93, '2015-09-05 09:45:00', '00:08:11', '2015-08-10 11:21:17', '2015-08-27 12:26:42', 0),
	(541, 33, 'Lubomierz', 12.60, '2015-09-05 10:00:00', '00:07:14', '2015-08-10 11:21:17', '2015-08-27 12:26:42', 0),
	(542, 33, 'Karpniki 2', 14.72, '2015-09-05 10:15:00', '00:08:29', '2015-08-10 11:21:17', '2015-08-27 12:26:42', 0),
	(543, 33, 'Gajowka 2', 12.93, '2015-09-05 10:30:00', '00:08:11', '2015-08-10 11:21:17', '2015-08-27 12:26:42', 0),
	(544, 33, 'Lubomierz 2', 12.60, '2015-09-05 10:45:00', '00:07:14', '2015-08-10 11:21:17', '2015-08-27 12:26:42', 0),
	(545, 33, 'Karpacz', 19.63, '2015-09-05 11:00:00', '00:12:44', '2015-08-10 11:21:17', '2015-08-27 12:26:42', 0),
	(546, 33, 'Czernica', 27.24, '2015-09-05 11:15:00', '00:16:25', '2015-08-10 11:21:18', '2015-08-27 12:26:42', 0),
	(547, 33, 'Karpacz 2', 19.63, '2015-09-05 11:30:00', '00:12:44', '2015-08-10 11:21:18', '2015-08-27 12:26:42', 0),
	(548, 33, 'Czernica 2', 27.24, '2015-09-05 11:45:00', '00:16:25', '2015-08-10 11:21:18', '2015-08-27 12:26:42', 0),
	(549, 33, 'Karpacz 3', 19.63, '2015-09-05 12:00:00', '00:12:44', '2015-08-10 11:21:18', '2015-08-27 12:26:42', 0),
	(550, 33, 'Czernica 3', 27.24, '2015-09-05 12:15:00', '00:16:25', '2015-08-10 11:21:18', '2015-08-27 12:26:42', 0),
	(554, 34, 'Lebno', 14.27, '2015-09-12 09:00:00', '00:09:25', '2015-08-10 11:25:24', '2015-08-27 12:26:42', 0),
	(555, 34, 'Ketrzyno', 8.89, '2015-09-12 09:15:00', '00:05:00', '2015-08-10 11:25:24', '2015-08-27 12:26:42', 0),
	(556, 34, 'Linia', 14.89, '2015-09-12 09:30:00', '00:08:54', '2015-08-10 11:25:24', '2015-08-27 12:26:42', 0),
	(557, 34, 'Lebno 2', 14.27, '2015-09-12 09:45:00', '00:09:25', '2015-08-10 11:25:24', '2015-08-27 12:26:42', 0),
	(558, 34, 'Ketrzyno 2', 8.89, '2015-09-12 10:00:00', '00:05:00', '2015-08-10 11:25:24', '2015-08-27 12:26:42', 0),
	(559, 34, 'Linia 2', 14.89, '2015-09-12 10:15:00', '00:08:54', '2015-08-10 11:25:24', '2015-08-27 12:26:42', 0),
	(560, 34, 'Lebno 3', 14.27, '2015-09-12 10:30:00', '00:09:25', '2015-08-10 11:25:24', '2015-08-27 12:26:42', 0),
	(561, 34, 'Ketrzyno 3', 8.89, '2015-09-12 10:45:00', '00:05:00', '2015-08-10 11:25:25', '2015-08-27 12:26:42', 0),
	(562, 34, 'Linia 3', 14.89, '2015-09-12 11:00:00', '00:08:54', '2015-08-10 11:25:25', '2015-08-27 12:26:42', 0),
	(563, 34, 'Przodkowo', 11.47, '2015-09-12 11:15:00', '00:06:35', '2015-08-10 11:25:25', '2015-08-27 12:26:42', 0),
	(564, 34, 'Kartuzy', 12.96, '2015-09-12 11:30:00', '00:07:34', '2015-08-10 11:25:25', '2015-08-27 12:26:42', 0),
	(565, 34, 'Szemud', 13.25, '2015-09-12 11:45:00', '00:08:10', '2015-08-10 11:25:25', '2015-08-27 12:26:42', 0),
	(566, 34, 'Przodkowo 2', 11.47, '2015-09-12 12:00:00', '00:06:35', '2015-08-10 11:25:25', '2015-08-27 12:26:42', 0),
	(567, 34, 'Kartuzy 2', 12.96, '2015-09-12 12:15:00', '00:07:34', '2015-08-10 11:25:25', '2015-08-27 12:26:42', 0),
	(568, 34, 'Szemud 2', 13.25, '2015-09-12 12:30:00', '00:08:10', '2015-08-10 11:25:25', '2015-08-27 12:26:42', 0),
	(571, 35, 'Blizianka', 11.97, '2015-09-19 09:00:00', '00:07:09', '2015-08-10 11:27:51', '2015-08-27 12:26:42', 0),
	(572, 35, 'Lubenia', 25.67, '2015-09-19 09:15:00', '00:17:35', '2015-08-10 11:27:51', '2015-08-27 12:26:42', 0),
	(573, 35, 'Blizianka 2', 11.97, '2015-09-19 09:30:00', '00:07:09', '2015-08-10 11:27:51', '2015-08-27 12:26:42', 0),
	(574, 35, 'Lubenia 2', 25.67, '2015-09-19 09:45:00', '00:17:35', '2015-08-10 11:27:51', '2015-08-27 12:26:42', 0),
	(575, 35, 'Nowy Swiat', 4.44, '2015-09-19 10:00:00', '00:02:29', '2015-08-10 11:27:51', '2015-08-27 12:26:42', 0),
	(576, 35, 'Blizianka 3', 11.97, '2015-09-19 10:15:00', '00:07:09', '2015-08-10 11:27:51', '2015-08-27 12:26:42', 0),
	(577, 35, 'Lubenia 3', 25.67, '2015-09-19 10:30:00', '00:17:35', '2015-08-10 11:27:51', '2015-08-27 12:26:42', 0),
	(578, 35, 'Husow', 12.74, '2015-09-19 10:45:00', '00:08:26', '2015-08-10 11:27:51', '2015-08-27 12:26:42', 0),
	(579, 35, 'Widaczow', 10.65, '2015-09-19 11:00:00', '00:06:52', '2015-08-10 11:27:51', '2015-08-27 12:26:42', 0),
	(580, 35, 'Izdebki', 15.99, '2015-09-19 11:15:00', '00:09:18', '2015-08-10 11:27:51', '2015-08-27 12:26:42', 0),
	(581, 35, 'Husow 2', 12.74, '2015-09-19 11:30:00', '00:08:26', '2015-08-10 11:27:52', '2015-08-27 12:26:42', 0),
	(582, 35, 'Widaczow 2', 10.65, '2015-09-19 11:45:00', '00:06:52', '2015-08-10 11:27:52', '2015-08-27 12:26:42', 0),
	(583, 35, 'Izdebki 2', 15.99, '2015-09-19 12:00:00', '00:09:18', '2015-08-10 11:27:52', '2015-08-27 12:26:42', 0),
	(584, 35, 'Husow 3', 12.74, '2015-09-19 12:15:00', '00:08:26', '2015-08-10 11:27:52', '2015-08-27 12:26:42', 0),
	(585, 35, 'Widaczow 3', 10.65, '2015-09-19 12:30:00', '00:06:52', '2015-08-10 11:27:52', '2015-08-27 12:26:42', 0),
	(586, 35, 'Izdebki 3', 15.99, '2015-09-19 12:45:00', '00:09:18', '2015-08-10 11:27:52', '2015-08-27 12:26:42', 0),
	(588, 36, 'Rosciszow', 8.94, '2015-09-26 09:00:00', '00:05:58', '2015-08-10 11:35:54', '2015-08-27 12:26:42', 0),
	(589, 36, 'Swierki', 8.49, '2015-09-26 09:15:00', '00:05:07', '2015-08-10 11:35:55', '2015-08-27 12:26:42', 0),
	(590, 36, 'Milkow', 12.32, '2015-09-26 09:30:00', '00:08:26', '2015-08-10 11:35:55', '2015-08-27 12:26:42', 0),
	(591, 36, 'Rosciszow 2', 8.94, '2015-09-26 09:45:00', '00:05:58', '2015-08-10 11:35:55', '2015-08-27 12:26:42', 0),
	(592, 36, 'Swierki 2', 8.49, '2015-09-26 10:00:00', '00:05:07', '2015-08-10 11:35:55', '2015-08-27 12:26:42', 0),
	(593, 36, 'Milkow 2', 12.32, '2015-09-26 10:15:00', '00:08:26', '2015-08-10 11:35:55', '2015-08-27 12:26:42', 0),
	(594, 36, 'Rosciszow 3', 8.94, '2015-09-26 10:30:00', '00:05:58', '2015-08-10 11:35:55', '2015-08-27 12:26:42', 0),
	(595, 36, 'Swierki 3', 8.49, '2015-09-26 10:45:00', '00:05:07', '2015-08-10 11:35:55', '2015-08-27 12:26:42', 0),
	(596, 36, 'Milkow 3', 12.32, '2015-09-26 11:00:00', '00:08:26', '2015-08-10 11:35:55', '2015-08-27 12:26:42', 0),
	(597, 36, 'Michalkowa', 14.73, '2015-09-26 11:15:00', '00:10:06', '2015-08-10 11:35:55', '2015-08-27 12:26:42', 0),
	(598, 36, 'Woliborz', 8.77, '2015-09-26 11:30:00', '00:05:22', '2015-08-10 11:35:55', '2015-08-27 12:26:42', 0),
	(599, 36, 'Milkow Reverse', 12.97, '2015-09-26 11:45:00', '00:08:24', '2015-08-10 11:35:55', '2015-08-27 12:26:42', 0),
	(600, 36, 'Michalkowa 2', 14.73, '2015-09-26 12:00:00', '00:10:06', '2015-08-10 11:35:55', '2015-08-27 12:26:42', 0),
	(601, 36, 'Woliborz 2', 8.77, '2015-09-26 12:15:00', '00:05:22', '2015-08-10 11:35:55', '2015-08-27 12:26:42', 0),
	(602, 36, 'Milkow Reverse 2', 12.97, '2015-09-26 12:30:00', '00:08:24', '2015-08-10 11:35:56', '2015-08-27 12:26:42', 0),
	(605, 37, 'Hunter Southern', 6.78, '2015-10-03 09:00:00', '00:04:35', '2015-08-10 11:58:58', '2015-08-27 12:26:42', 0),
	(606, 37, 'Hunter Southern 2', 6.78, '2015-10-03 09:15:00', '00:04:35', '2015-08-10 11:58:58', '2015-08-27 12:26:42', 0),
	(607, 37, 'Harold', 6.61, '2015-10-03 09:30:00', '00:03:46', '2015-08-10 11:58:58', '2015-08-27 12:26:42', 0),
	(608, 37, 'Harold 2', 6.61, '2015-10-03 09:45:00', '00:03:46', '2015-08-10 11:58:58', '2015-08-27 12:26:42', 0),
	(609, 37, 'Hunter Southern 3', 6.78, '2015-10-03 10:00:00', '00:04:35', '2015-08-10 11:58:58', '2015-08-27 12:26:42', 0),
	(610, 37, 'Harold 3', 6.61, '2015-10-03 10:15:00', '00:03:46', '2015-08-10 11:58:58', '2015-08-27 12:26:42', 0),
	(611, 37, 'Harold 4', 6.61, '2015-10-03 10:30:00', '00:03:46', '2015-08-10 11:58:58', '2015-08-27 12:26:42', 0),
	(612, 37, 'Hunter Northern', 8.89, '2015-10-03 10:45:00', '00:05:31', '2015-08-10 11:58:58', '2015-08-27 12:26:42', 0),
	(613, 37, 'Hunter Northern Reverse', 8.31, '2015-10-03 11:00:00', '00:05:14', '2015-08-10 11:58:58', '2015-08-27 12:26:42', 0),
	(614, 37, 'Hunter Southern Reverse', 6.54, '2015-10-03 11:15:00', '00:04:21', '2015-08-10 11:58:58', '2015-08-27 12:26:42', 0),
	(615, 37, 'Hunter Southern 4', 6.78, '2015-10-03 11:30:00', '00:04:35', '2015-08-10 11:58:58', '2015-08-27 12:26:42', 0),
	(616, 37, 'Hunter Northern 2', 8.89, '2015-10-03 11:45:00', '00:05:31', '2015-08-10 11:58:58', '2015-08-27 12:26:42', 0),
	(617, 37, 'Hunter Northern Reverse 2', 8.31, '2015-10-03 12:00:00', '00:05:14', '2015-08-10 11:58:58', '2015-08-27 12:26:42', 0),
	(618, 37, 'Hunter Southern Reverse 2', 6.54, '2015-10-03 12:15:00', '00:04:21', '2015-08-10 11:58:59', '2015-08-27 12:26:42', 0),
	(622, 38, 'Kabardinka', 13.46, '2015-10-10 09:00:00', '00:08:37', '2015-08-10 12:01:23', '2015-08-27 12:26:42', 0),
	(623, 38, 'Glebovskiy', 25.40, '2015-10-10 09:15:00', '00:15:56', '2015-08-10 12:01:23', '2015-08-27 12:26:42', 0),
	(624, 38, 'Markoth', 9.43, '2015-10-10 09:30:00', '00:06:05', '2015-08-10 12:01:23', '2015-08-27 12:26:42', 0),
	(625, 38, 'Golubaya Buhta', 12.13, '2015-10-10 09:45:00', '00:07:03', '2015-08-10 12:01:23', '2015-08-27 12:26:42', 0),
	(626, 38, 'Kabardinka 2', 13.46, '2015-10-10 10:00:00', '00:08:37', '2015-08-10 12:01:23', '2015-08-27 12:26:42', 0),
	(627, 38, 'Glebovskiy 2', 25.40, '2015-10-10 10:15:00', '00:15:56', '2015-08-10 12:01:23', '2015-08-27 12:26:42', 0),
	(628, 38, 'Markoth 2', 9.43, '2015-10-10 10:30:00', '00:06:05', '2015-08-10 12:01:23', '2015-08-27 12:26:42', 0),
	(629, 38, 'Golubaya Buhta 2', 12.13, '2015-10-10 10:45:00', '00:07:03', '2015-08-10 12:01:23', '2015-08-27 12:26:42', 0),
	(630, 38, 'Gorniy', 9.11, '2015-10-10 11:00:00', '00:05:30', '2015-08-10 12:01:23', '2015-08-27 12:26:42', 0),
	(631, 38, 'Semigorskiy', 13.13, '2015-10-10 11:15:00', '00:08:21', '2015-08-10 12:01:23', '2015-08-27 12:26:42', 0),
	(632, 38, 'Natukhaevskiy', 12.90, '2015-10-10 11:30:00', '00:08:20', '2015-08-10 12:01:23', '2015-08-27 12:26:42', 0),
	(633, 38, 'Fort Raevskogo', 10.10, '2015-10-10 11:45:00', '00:06:37', '2015-08-10 12:01:23', '2015-08-27 12:26:42', 0),
	(634, 38, 'Gorniy 2', 9.11, '2015-10-10 12:00:00', '00:05:30', '2015-08-10 12:01:23', '2015-08-27 12:26:42', 0),
	(635, 38, 'Semigorskiy 2', 13.13, '2015-10-10 12:15:00', '00:08:21', '2015-08-10 12:01:24', '2015-08-27 12:26:42', 0),
	(636, 38, 'Natukhaevskiy 2', 12.90, '2015-10-10 12:30:00', '00:08:20', '2015-08-10 12:01:24', '2015-08-27 12:26:42', 0),
	(637, 38, 'Fort Raevskogo 2', 10.10, '2015-10-10 12:45:00', '00:06:37', '2015-08-10 12:01:24', '2015-08-12 15:56:58', 0),
	(639, 39, 'Lillsjohogen', 33.85, '2015-10-17 09:00:00', '00:20:05', '2015-08-10 12:04:32', '2015-08-27 12:26:42', 0),
	(640, 39, 'Campus', 2.75, '2015-10-17 09:15:00', '00:01:36', '2015-08-10 12:04:32', '2015-08-27 12:26:42', 0),
	(641, 39, 'Lillsjohogen 2', 33.85, '2015-10-17 09:30:00', '00:20:05', '2015-08-10 12:04:32', '2015-08-27 12:26:42', 0),
	(642, 39, 'Campus 2', 2.75, '2015-10-17 09:45:00', '00:01:36', '2015-08-10 12:04:32', '2015-08-27 12:26:42', 0),
	(643, 39, 'Vaster-Kalen', 7.88, '2015-10-17 10:00:00', '00:04:37', '2015-08-10 12:04:33', '2015-08-27 12:26:42', 0),
	(644, 39, 'Glosa', 5.37, '2015-10-17 10:15:00', '00:03:12', '2015-08-10 12:04:33', '2015-08-27 12:26:42', 0),
	(645, 39, 'Gallsaberget', 29.22, '2015-10-17 10:30:00', '00:18:56', '2015-08-10 12:04:33', '2015-08-27 12:26:42', 0),
	(646, 39, 'Bolesbodarna', 12.13, '2015-10-17 10:45:00', '00:07:38', '2015-08-10 12:04:33', '2015-08-27 12:26:42', 0),
	(647, 39, 'Sjoarsjon', 12.65, '2015-10-17 11:00:00', '00:07:07', '2015-08-10 12:04:33', '2015-08-27 12:26:42', 0),
	(648, 39, 'Husas', 21.25, '2015-10-17 11:15:00', '00:12:37', '2015-08-10 12:04:33', '2015-08-27 12:26:42', 0),
	(649, 39, 'Vaster-Kalen 2', 7.88, '2015-10-17 11:30:00', '00:04:37', '2015-08-10 12:04:33', '2015-08-27 12:26:42', 0),
	(650, 39, 'Glosa 2', 5.37, '2015-10-17 11:45:00', '00:03:12', '2015-08-10 12:04:33', '2015-08-27 12:26:42', 0),
	(651, 39, 'Gallsaberget 2', 29.22, '2015-10-17 12:00:00', '00:18:56', '2015-08-10 12:04:34', '2015-08-27 12:26:42', 0),
	(652, 39, 'Bolesbodarna 2', 12.13, '2015-10-17 12:15:00', '00:07:38', '2015-08-10 12:04:34', '2015-08-27 12:26:42', 0),
	(653, 39, 'Sjoarsjon', 12.26, '2015-10-17 12:30:00', '00:07:38', '2015-08-10 12:04:34', '2015-08-12 15:56:58', 0),
	(654, 39, 'Husas', 21.54, '2015-10-17 12:45:00', '00:12:12', '2015-08-10 12:04:34', '2015-08-12 15:56:58', 0),
	(656, 40, 'Fjeldsdalen Vest', 3.19, '2015-10-24 09:00:00', '00:02:00', '2015-08-10 12:14:12', '2015-08-27 12:26:42', 0),
	(657, 40, 'Naddum', 6.18, '2015-10-24 09:15:00', '00:03:53', '2015-08-10 12:14:12', '2015-08-27 12:26:42', 0),
	(658, 40, 'Hellesjovannet', 4.42, '2015-10-24 09:30:00', '00:02:38', '2015-08-10 12:14:12', '2015-08-27 12:26:42', 0),
	(659, 40, 'Fjeldsdalen Vest 2', 3.19, '2015-10-24 09:45:00', '00:02:00', '2015-08-10 12:14:13', '2015-08-27 12:26:42', 0),
	(660, 40, 'Naddum 2', 6.18, '2015-10-24 10:00:00', '00:03:53', '2015-08-10 12:14:13', '2015-08-27 12:26:42', 0),
	(661, 40, 'Hellesjovannet 2', 4.42, '2015-10-24 10:15:00', '00:02:38', '2015-08-10 12:14:13', '2015-08-27 12:26:42', 0),
	(662, 40, 'Bjorkelangen Torg', 0.33, '2015-10-24 10:30:00', '00:00:11', '2015-08-10 12:14:13', '2015-08-27 12:26:42', 0),
	(663, 40, 'Oisjoen Nord', 13.54, '2015-10-24 10:45:00', '00:08:33', '2015-08-10 12:14:13', '2015-08-27 12:26:42', 0),
	(664, 40, 'Romsjoen Nord', 13.14, '2015-10-24 11:00:00', '00:08:19', '2015-08-10 12:14:13', '2015-08-27 12:26:42', 0),
	(665, 40, 'Kjolen Syd', 13.33, '2015-10-24 11:15:00', '00:08:49', '2015-08-10 12:14:13', '2015-08-27 12:26:42', 0),
	(666, 40, 'Bjorkelangen Torg 2', 0.33, '2015-10-24 11:30:00', '00:00:11', '2015-08-10 12:14:13', '2015-08-27 12:26:42', 0),
	(667, 40, 'Romsjoen Nord 2', 13.14, '2015-10-24 11:45:00', '00:08:19', '2015-08-10 12:14:13', '2015-08-27 12:26:42', 0),
	(668, 40, 'Kjolen Syd 2', 13.33, '2015-10-24 12:00:00', '00:08:49', '2015-08-10 12:14:13', '2015-08-27 12:26:42', 0),
	(669, 40, 'Oisjoen Nord 2', 13.54, '2015-10-24 12:15:00', '00:08:33', '2015-08-10 12:14:13', '2015-08-27 12:26:42', 0),
	(673, 41, 'Arstadveien', 3.20, '2015-10-31 09:00:00', '00:01:54', '2015-08-10 12:16:40', '2015-08-27 12:26:42', 0),
	(674, 41, 'Stavasen', 17.82, '2015-10-31 09:15:00', '00:10:45', '2015-08-10 12:16:40', '2015-08-27 12:26:42', 0),
	(675, 41, 'Arstadveien 2', 3.20, '2015-10-31 09:30:00', '00:01:54', '2015-08-10 12:16:40', '2015-08-27 12:26:42', 0),
	(676, 41, 'Stavasen 2', 17.82, '2015-10-31 09:45:00', '00:10:45', '2015-08-10 12:16:40', '2015-08-27 12:26:42', 0),
	(677, 41, 'Starmoen', 3.77, '2015-10-31 10:00:00', '00:02:16', '2015-08-10 12:16:40', '2015-08-27 12:26:42', 0),
	(678, 41, 'Rolsasen', 28.60, '2015-10-31 10:15:00', '00:16:35', '2015-08-10 12:16:40', '2015-08-27 12:26:42', 0),
	(679, 41, 'Agasen', 19.58, '2015-10-31 10:30:00', '00:13:23', '2015-08-10 12:16:40', '2015-08-27 12:26:42', 0),
	(680, 41, 'Starmoen 2', 3.77, '2015-10-31 10:45:00', '00:02:16', '2015-08-10 12:16:40', '2015-08-27 12:26:42', 0),
	(681, 41, 'Rolsasen 2', 28.60, '2015-10-31 11:00:00', '00:16:35', '2015-08-10 12:16:40', '2015-08-27 12:26:42', 0),
	(682, 41, 'Agasen 2', 19.58, '2015-10-31 11:15:00', '00:13:23', '2015-08-10 12:16:40', '2015-08-27 12:26:42', 0),
	(683, 41, 'Terningen', 2.40, '2015-10-31 11:30:00', '00:01:35', '2015-08-10 12:16:40', '2015-08-27 12:26:42', 0),
	(684, 41, 'Terningen 2', 2.40, '2015-10-31 11:45:00', '00:01:35', '2015-08-10 12:16:41', '2015-08-27 12:26:42', 0),
	(685, 41, 'Starmoen Reverse', 3.47, '2015-10-31 12:00:00', '00:02:07', '2015-08-10 12:16:41', '2015-08-27 12:26:42', 0),
	(686, 41, 'Rolsasen Reverse', 28.87, '2015-10-31 12:15:00', '00:16:54', '2015-08-10 12:16:41', '2015-08-27 12:26:42', 0),
	(687, 41, 'Agasen Reverse', 19.48, '2015-10-31 12:30:00', '00:11:03', '2015-08-10 12:16:41', '2015-08-27 12:26:42', 0),
	(690, 42, 'Lovbrotte', 5.36, '2015-11-07 09:00:00', '00:03:11', '2015-08-10 12:19:14', '2015-08-27 12:26:42', 0),
	(691, 42, 'Astjern', 6.22, '2015-11-07 09:15:00', '00:03:43', '2015-08-10 12:19:14', '2015-08-27 12:26:42', 0),
	(692, 42, 'Helgedalen', 6.41, '2015-11-07 09:30:00', '00:04:21', '2015-08-10 12:19:14', '2015-08-27 12:26:42', 0),
	(693, 42, 'Lovbrotte Reverse', 5.24, '2015-11-07 09:45:00', '00:02:59', '2015-08-10 12:19:14', '2015-08-27 12:26:42', 0),
	(694, 42, 'Astjern Reverse', 6.75, '2015-11-07 10:00:00', '00:04:32', '2015-08-10 12:19:14', '2015-08-27 12:26:42', 0),
	(695, 42, 'Helgedalen Reverse', 6.76, '2015-11-07 10:15:00', '00:03:47', '2015-08-10 12:19:14', '2015-08-27 12:26:42', 0),
	(696, 42, 'Super Special Stage', 1.86, '2015-11-07 10:30:00', '00:01:13', '2015-08-10 12:19:15', '2015-08-27 12:26:42', 0),
	(697, 42, 'Super Special Stage 2', 1.86, '2015-11-07 10:45:00', '00:01:13', '2015-08-10 12:19:15', '2015-08-27 12:26:42', 0),
	(698, 42, 'Lovbrotte 2', 5.36, '2015-11-07 11:00:00', '00:03:11', '2015-08-10 12:19:15', '2015-08-27 12:26:42', 0),
	(699, 42, 'Astjern 2', 6.22, '2015-11-07 11:15:00', '00:03:43', '2015-08-10 12:19:15', '2015-08-27 12:26:42', 0),
	(700, 42, 'Helgedalen 2', 6.41, '2015-11-07 11:30:00', '00:04:21', '2015-08-10 12:19:15', '2015-08-27 12:26:42', 0),
	(701, 42, 'Lovbrotte Reverse 2', 5.24, '2015-11-07 11:45:00', '00:02:59', '2015-08-10 12:19:15', '2015-08-27 12:26:42', 0),
	(702, 42, 'Astjern Reverse 2', 6.75, '2015-11-07 12:00:00', '00:04:32', '2015-08-10 12:19:15', '2015-08-27 12:26:43', 0),
	(703, 42, 'Helgedalen Reverse 2', 6.76, '2015-11-07 12:15:00', '00:03:47', '2015-08-10 12:19:15', '2015-08-27 12:26:43', 0),
	(707, 43, 'Ringsaker', 8.33, '2015-11-14 09:00:00', '00:04:54', '2015-08-10 12:45:01', '2015-08-27 12:26:43', 0),
	(708, 43, 'Mauset', 5.28, '2015-11-14 09:15:00', '00:03:05', '2015-08-10 12:45:01', '2015-08-27 12:26:43', 0),
	(709, 43, 'Vangsasen', 7.10, '2015-11-14 09:30:00', '00:04:42', '2015-08-10 12:45:01', '2015-08-27 12:26:43', 0),
	(710, 43, 'Vennkvern', 1.32, '2015-11-14 09:45:00', '00:00:46', '2015-08-10 12:45:01', '2015-08-27 12:26:43', 0),
	(711, 43, 'Stange', 4.19, '2015-11-14 10:00:00', '00:02:38', '2015-08-10 12:45:01', '2015-08-27 12:26:43', 0),
	(712, 43, 'Ekeberg', 10.96, '2015-11-14 10:15:00', '00:06:38', '2015-08-10 12:45:02', '2015-08-27 12:26:43', 0),
	(713, 43, 'Brenna', 14.99, '2015-11-14 10:30:00', '00:09:12', '2015-08-10 12:45:02', '2015-08-27 12:26:43', 0),
	(714, 43, 'Vennkvern 2', 1.32, '2015-11-14 10:45:00', '00:00:46', '2015-08-10 12:45:02', '2015-08-27 12:26:43', 0),
	(715, 43, 'Ringsaker 2', 8.33, '2015-11-14 11:00:00', '00:04:54', '2015-08-10 12:45:02', '2015-08-27 12:26:43', 0),
	(716, 43, 'Mauset 2', 5.28, '2015-11-14 11:15:00', '00:03:05', '2015-08-10 12:45:02', '2015-08-27 12:26:43', 0),
	(717, 43, 'Vangsasen 2', 7.10, '2015-11-14 11:30:00', '00:04:42', '2015-08-10 12:45:02', '2015-08-27 12:26:43', 0),
	(718, 43, 'Stange 2', 4.19, '2015-11-14 11:45:00', '00:02:38', '2015-08-10 12:45:02', '2015-08-27 12:26:43', 0),
	(719, 43, 'Ekeberg 2', 10.96, '2015-11-14 12:00:00', '00:06:38', '2015-08-10 12:45:02', '2015-08-27 12:26:43', 0),
	(720, 43, 'Brenna 2', 14.99, '2015-11-14 12:15:00', '00:09:12', '2015-08-10 12:45:02', '2015-08-27 12:26:43', 0),
	(724, 44, 'Gjesthusvegen', 3.43, '2015-08-30 09:00:00', '00:02:08', '2015-08-10 12:56:06', '2015-08-27 12:26:43', 0),
	(725, 44, 'Gronli', 11.16, '2015-08-30 09:15:00', '00:07:06', '2015-08-10 12:56:06', '2015-08-27 12:26:43', 0),
	(726, 44, 'Lauvset', 16.42, '2015-08-30 09:30:00', '00:09:39', '2015-08-10 12:56:06', '2015-08-27 12:26:43', 0),
	(727, 44, 'Ridalen', 26.38, '2015-08-30 09:45:00', '00:17:18', '2015-08-10 12:56:06', '2015-08-27 12:26:43', 0),
	(728, 44, 'Oset', 16.27, '2015-08-30 10:00:00', '00:10:13', '2015-08-10 12:56:06', '2015-08-27 12:26:43', 0),
	(729, 44, 'Gronli Reverse', 11.51, '2015-08-30 10:15:00', '00:06:32', '2015-08-10 12:56:06', '2015-08-27 12:26:43', 0),
	(730, 44, 'Gjesthusvegen 2', 3.43, '2015-08-30 10:30:00', '00:02:08', '2015-08-10 12:56:06', '2015-08-27 12:26:43', 0),
	(731, 44, 'Gronli 2', 11.16, '2015-08-30 10:45:00', '00:07:06', '2015-08-10 12:56:06', '2015-08-27 12:26:43', 0),
	(732, 44, 'Fjellstue', 9.30, '2015-08-30 11:00:00', '00:06:00', '2015-08-10 12:56:06', '2015-08-12 15:56:58', 0),
	(733, 44, 'Oset 2', 16.27, '2015-08-30 11:15:00', '00:10:13', '2015-08-10 12:56:07', '2015-08-27 12:26:43', 0),
	(734, 44, 'Fjellstue 2', 9.30, '2015-08-30 11:30:00', '00:06:00', '2015-08-10 12:56:07', '2015-08-27 12:26:43', 0),
	(735, 44, 'Fjellstue Reverse', 9.22, '2015-08-30 11:45:00', '00:05:11', '2015-08-10 12:56:07', '2015-08-27 12:26:43', 0),
	(736, 44, 'Gronli Reverse 2', 11.51, '2015-08-30 12:00:00', '00:06:32', '2015-08-10 12:56:07', '2015-08-27 12:26:43', 0),
	(737, 44, 'Lauvset 2', 16.42, '2015-08-30 12:15:00', '00:09:39', '2015-08-10 12:56:07', '2015-08-27 12:26:43', 0),
	(741, 45, 'Oslo', 1.57, '2015-09-09 09:00:00', '00:01:00', '2015-08-10 13:00:49', '2015-08-25 17:27:41', 0),
	(742, 45, 'Opaker', 14.32, '2015-09-09 09:15:00', '00:08:49', '2015-08-10 13:00:49', '2015-08-27 12:26:43', 0),
	(743, 45, 'Kirkenaer', 8.40, '2015-09-09 09:30:00', '00:05:31', '2015-08-10 13:00:49', '2015-08-27 12:26:43', 0),
	(744, 45, 'Finnskogen', 20.35, '2015-09-09 09:45:00', '00:13:37', '2015-08-10 13:00:49', '2015-08-27 12:26:43', 0),
	(745, 45, 'Kongsvinger', 13.27, '2015-09-09 10:00:00', '00:07:35', '2015-08-10 13:00:49', '2015-08-27 12:26:43', 0),
	(746, 45, 'Opaker 2', 14.32, '2015-09-09 10:15:00', '00:08:49', '2015-08-10 13:00:49', '2015-08-27 12:26:43', 0),
	(747, 45, 'Finnskogen 2', 20.35, '2015-09-09 10:30:00', '00:13:37', '2015-08-10 13:00:49', '2015-08-27 12:26:43', 0),
	(748, 45, 'Kongsvinger 2', 13.27, '2015-09-09 10:45:00', '00:07:35', '2015-08-10 13:00:49', '2015-08-27 12:26:43', 0),
	(749, 45, 'Kirkenaer 2', 8.40, '2015-09-09 11:00:00', '00:05:31', '2015-08-10 13:00:49', '2015-08-27 12:26:43', 0),
	(750, 45, 'Mountain', 24.18, '2015-09-09 11:15:00', '00:15:37', '2015-08-10 13:00:49', '2015-08-27 12:26:43', 0),
	(751, 45, 'Lillehammer', 6.49, '2015-09-09 11:30:00', '00:03:41', '2015-08-10 13:00:50', '2015-08-27 12:26:43', 0),
	(752, 45, 'Ringsaker', 27.31, '2015-09-09 11:45:00', '00:17:50', '2015-08-10 13:00:50', '2015-08-27 12:26:43', 0),
	(753, 45, 'Hamar', 1.10, '2015-09-09 12:00:00', '00:00:41', '2015-08-10 13:00:50', '2015-08-27 12:26:43', 0),
	(754, 45, 'Mountain 2', 24.18, '2015-09-09 12:15:00', '00:15:37', '2015-08-10 13:00:50', '2015-08-27 12:26:43', 0),
	(755, 45, 'Lillehammer 2', 6.49, '2015-09-09 12:30:00', '00:03:41', '2015-08-10 13:00:50', '2015-08-27 12:26:43', 0),
	(756, 45, 'Ringsaker 2 ', 27.31, '2015-09-09 12:45:00', '00:17:50', '2015-08-10 13:00:50', '2015-08-27 12:26:43', 0),
	(757, 45, 'Hamar 2', 1.10, '2015-09-09 13:00:00', '00:00:41', '2015-08-10 13:00:50', '2015-08-27 12:26:43', 0),
	(758, 46, 'Dokkeberg', 6.91, '2015-09-16 09:00:00', '00:04:13', '2015-08-10 13:05:04', '2015-08-27 12:26:43', 0),
	(759, 46, 'Smadol', 23.35, '2015-09-16 09:15:00', '00:14:05', '2015-08-10 13:05:04', '2015-08-27 12:26:43', 0),
	(760, 46, 'Lesteberg', 9.18, '2015-09-16 09:30:00', '00:05:27', '2015-08-10 13:05:04', '2015-08-27 12:26:43', 0),
	(761, 46, 'Dokkeberg Reverse', 6.76, '2015-09-16 09:45:00', '00:03:52', '2015-08-10 13:05:04', '2015-08-27 12:26:43', 0),
	(762, 46, 'Bjerkeflata Nord', 9.63, '2015-09-16 10:00:00', '00:06:24', '2015-08-10 13:05:04', '2015-08-27 12:26:43', 0),
	(763, 46, 'Smadol Reverse', 23.96, '2015-09-16 10:15:00', '00:14:43', '2015-08-10 13:05:04', '2015-08-27 12:26:43', 0),
	(764, 46, 'Lesteberg Reverse', 9.24, '2015-09-16 10:30:00', '00:05:45', '2015-08-10 13:05:05', '2015-08-27 12:26:43', 0),
	(765, 46, 'Bjerkeflata Nord Reverse', 9.72, '2015-09-16 10:45:00', '00:06:19', '2015-08-10 13:05:05', '2015-08-27 12:26:43', 0),
	(766, 46, 'Dokkeberg 2', 6.91, '2015-09-16 11:00:00', '00:04:13', '2015-08-10 13:05:05', '2015-08-27 12:26:43', 0),
	(767, 46, 'Smadol 2', 23.35, '2015-09-16 11:15:00', '00:14:05', '2015-08-10 13:05:05', '2015-08-27 12:26:43', 0),
	(768, 46, 'Lesteberg 2', 9.18, '2015-09-16 11:30:00', '00:05:27', '2015-08-10 13:05:05', '2015-08-27 12:26:43', 0),
	(769, 46, 'Bjerkeflata Nord 2', 9.63, '2015-09-16 11:45:00', '00:06:24', '2015-08-10 13:05:05', '2015-08-27 12:26:43', 0),
	(770, 46, 'Dokkeberg 3', 6.91, '2015-09-16 12:00:00', '00:04:13', '2015-08-10 13:05:05', '2015-08-27 12:26:43', 0),
	(771, 46, 'Smadol 3', 23.35, '2015-09-16 12:15:00', '00:14:05', '2015-08-10 13:05:05', '2015-08-27 12:26:43', 0),
	(772, 46, 'Lesteberg 3', 9.18, '2015-09-16 12:30:00', '00:05:27', '2015-08-10 13:05:05', '2015-08-27 12:26:43', 0),
	(775, 47, 'Korsboen', 13.86, '2015-09-20 09:00:00', '00:09:09', '2015-08-10 13:16:42', '2015-08-27 12:26:43', 0),
	(776, 47, 'Malmveien', 6.46, '2015-09-20 09:15:00', '00:04:11', '2015-08-10 13:16:42', '2015-08-27 12:26:43', 0),
	(777, 47, 'Letmolia', 16.27, '2015-09-20 09:30:00', '00:09:30', '2015-08-10 13:16:42', '2015-08-27 12:26:43', 0),
	(778, 47, 'Krodsherad', 13.55, '2015-09-20 09:45:00', '00:08:02', '2015-08-10 13:16:42', '2015-08-27 12:26:43', 0),
	(779, 47, 'Bjoreskogen', 11.10, '2015-09-20 10:00:00', '00:06:44', '2015-08-10 13:16:42', '2015-08-27 12:26:43', 0),
	(780, 47, 'Nevra', 16.76, '2015-09-20 10:15:00', '00:10:56', '2015-08-10 13:16:42', '2015-08-27 12:26:43', 0),
	(781, 47, 'Nysaetra', 14.59, '2015-09-20 10:30:00', '00:09:29', '2015-08-10 13:16:42', '2015-08-27 12:26:43', 0),
	(782, 47, 'Malmveien 2', 6.46, '2015-09-20 10:45:00', '00:04:11', '2015-08-10 13:16:42', '2015-08-27 12:26:43', 0),
	(783, 47, 'Letmolia 2', 16.27, '2015-09-20 11:00:00', '00:09:30', '2015-08-10 13:16:42', '2015-08-27 12:26:43', 0),
	(784, 47, 'Krodsherad 2', 13.55, '2015-09-20 11:15:00', '00:08:02', '2015-08-10 13:16:42', '2015-08-27 12:26:43', 0),
	(785, 47, 'Bjoreskogen 2', 11.10, '2015-09-20 11:30:00', '00:06:44', '2015-08-10 13:16:43', '2015-08-27 12:26:43', 0),
	(786, 47, 'Korsboen 2', 13.86, '2015-09-20 11:45:00', '00:09:09', '2015-08-10 13:16:43', '2015-08-27 12:26:43', 0),
	(787, 47, 'Nevra 2', 16.76, '2015-09-20 12:00:00', '00:10:56', '2015-08-10 13:16:43', '2015-08-27 12:26:43', 0),
	(788, 47, 'Nysaetra 2', 14.59, '2015-09-20 12:15:00', '00:09:29', '2015-08-10 13:16:43', '2015-08-27 12:26:43', 0),
	(792, 48, 'Glubo', 5.79, '2015-09-27 09:00:00', '00:03:39', '2015-08-10 13:18:36', '2015-08-27 12:26:43', 0),
	(793, 48, 'Hetlandsheio', 9.82, '2015-09-27 09:15:00', '00:05:37', '2015-08-10 13:18:36', '2015-08-27 12:26:43', 0),
	(794, 48, 'Glubo 2', 5.79, '2015-09-27 09:30:00', '00:03:39', '2015-08-10 13:18:36', '2015-08-27 12:26:43', 0),
	(795, 48, 'Moi', 2.77, '2015-09-27 09:45:00', '00:01:46', '2015-08-10 13:18:36', '2015-08-27 12:26:43', 0),
	(796, 48, 'Jossingfjord', 19.16, '2015-09-27 10:00:00', '00:13:08', '2015-08-10 13:18:36', '2015-08-27 12:26:43', 0),
	(797, 48, 'Moi 2', 2.77, '2015-09-27 10:15:00', '00:01:46', '2015-08-10 13:18:36', '2015-08-27 12:26:43', 0),
	(798, 48, 'Rossland', 3.98, '2015-09-27 10:30:00', '00:02:35', '2015-08-10 13:18:36', '2015-08-27 12:26:43', 0),
	(799, 48, 'Nesvag', 9.30, '2015-09-27 10:45:00', '00:05:27', '2015-08-10 13:18:37', '2015-08-27 12:26:43', 0),
	(800, 48, 'Kjelland', 3.65, '2015-09-27 11:00:00', '00:02:10', '2015-08-10 13:18:37', '2015-08-27 12:26:43', 0),
	(801, 48, 'Rossland 2', 3.98, '2015-09-27 11:15:00', '00:02:35', '2015-08-10 13:18:37', '2015-08-27 12:26:43', 0),
	(802, 48, 'Nesvag 2', 9.30, '2015-09-27 11:30:00', '00:05:27', '2015-08-10 13:18:37', '2015-08-27 12:26:43', 0),
	(803, 48, 'Kjelland 2', 3.65, '2015-09-27 11:45:00', '00:02:10', '2015-08-10 13:18:37', '2015-08-27 12:26:43', 0),
	(804, 48, 'Jossingfjord 2', 19.16, '2015-09-27 12:00:00', '00:13:08', '2015-08-10 13:18:37', '2015-08-27 12:26:43', 0),
	(805, 48, 'Hetlandsheio', 9.18, '2015-09-27 12:15:00', '00:05:52', '2015-08-10 13:18:37', '2015-08-12 15:56:58', 0),
	(822, 49, 'Hoye 2', 9.92, '2015-10-04 09:00:00', '00:06:03', '2015-08-10 15:12:08', '2015-08-27 12:26:43', 0),
	(821, 49, 'Steinsland 2', 11.72, '2015-10-04 09:15:00', '00:06:50', '2015-08-10 15:12:08', '2015-08-27 12:26:43', 0),
	(820, 49, 'Gumpens 2', 19.16, '2015-10-04 09:30:00', '00:11:15', '2015-08-10 15:12:08', '2015-08-27 12:26:43', 0),
	(819, 49, 'Solas 2', 31.22, '2015-10-04 09:45:00', '00:20:04', '2015-08-10 15:12:08', '2015-08-27 12:26:43', 0),
	(818, 49, 'Jabekk 2', 4.18, '2015-10-04 10:00:00', '00:02:36', '2015-08-10 15:12:07', '2015-08-27 12:26:43', 0),
	(817, 49, 'Lindland', 25.94, '2015-10-04 10:15:00', '00:17:53', '2015-08-10 15:12:07', '2015-08-27 12:26:43', 0),
	(816, 49, 'Hoye', 9.92, '2015-10-04 10:30:00', '00:06:03', '2015-08-10 15:12:07', '2015-08-27 12:26:43', 0),
	(815, 49, 'Jabekk', 4.18, '2015-10-04 10:45:00', '00:02:36', '2015-08-10 15:12:07', '2015-08-27 12:26:43', 0),
	(814, 49, 'Steinsland', 11.72, '2015-10-04 11:00:00', '00:06:50', '2015-08-10 15:12:07', '2015-08-27 12:26:43', 0),
	(813, 49, 'Gumpens', 19.16, '2015-10-04 11:15:00', '00:11:15', '2015-08-10 15:12:07', '2015-08-27 12:26:43', 0),
	(812, 49, 'Solas', 31.22, '2015-10-04 11:30:00', '00:20:04', '2015-08-10 15:12:07', '2015-08-27 12:26:43', 0),
	(811, 49, 'Arstol', 17.91, '2015-10-04 11:45:00', '00:12:15', '2015-08-10 15:12:07', '2015-08-27 12:26:43', 0),
	(810, 49, 'Tranehoyda', 12.31, '2015-10-04 12:00:00', '00:07:32', '2015-08-10 15:12:07', '2015-08-27 12:26:43', 0),
	(809, 49, 'Skoieheia', 3.52, '2015-10-04 12:15:00', '00:02:04', '2015-08-10 15:12:07', '2015-08-27 12:26:43', 0),
	(840, 50, 'Arlifoss 3', 8.95, '2015-10-11 09:00:00', '00:05:36', '2015-08-10 15:21:50', '2015-08-27 12:26:43', 0),
	(839, 50, 'Liangrenna 3', 5.75, '2015-10-11 09:15:00', '00:03:17', '2015-08-10 15:21:50', '2015-08-27 12:26:43', 0),
	(838, 50, 'Klevarsida 3', 6.22, '2015-10-11 09:30:00', '00:03:48', '2015-08-10 15:21:50', '2015-08-27 12:26:43', 0),
	(837, 50, 'Darstul 3', 7.71, '2015-10-11 09:45:00', '00:04:23', '2015-08-10 15:21:50', '2015-08-27 12:26:43', 0),
	(836, 50, 'Elgsjo 3', 6.57, '2015-10-11 10:00:00', '00:03:59', '2015-08-10 15:21:50', '2015-08-27 12:26:43', 0),
	(835, 50, 'Arlifoss 2', 8.69, '2015-10-11 10:15:00', '00:05:35', '2015-08-10 15:21:50', '2015-08-27 12:26:43', 0),
	(834, 50, 'Liangrenna 2', 5.75, '2015-10-11 10:30:00', '00:03:17', '2015-08-10 15:21:50', '2015-08-27 12:26:43', 0),
	(833, 50, 'Arlifoss ', 8.97, '2015-10-11 10:45:00', '00:05:44', '2015-08-10 15:21:50', '2015-08-27 12:26:43', 0),
	(832, 50, 'Liangrenna', 5.75, '2015-10-11 11:00:00', '00:03:17', '2015-08-10 15:21:50', '2015-08-27 12:26:43', 0),
	(831, 50, 'Klevarsida 2', 6.22, '2015-10-11 11:15:00', '00:03:48', '2015-08-10 15:21:50', '2015-08-27 12:26:43', 0),
	(830, 50, 'Darstul 2', 7.71, '2015-10-11 11:30:00', '00:04:23', '2015-08-10 15:21:50', '2015-08-27 12:26:43', 0),
	(829, 50, 'Elgsjo 2', 6.57, '2015-10-11 11:45:00', '00:03:59', '2015-08-10 15:21:50', '2015-08-27 12:26:43', 0),
	(828, 50, 'Klevarsida', 6.22, '2015-10-11 12:00:00', '00:03:48', '2015-08-10 15:21:50', '2015-08-27 12:26:43', 0),
	(827, 50, 'Darstul', 7.71, '2015-10-11 12:15:00', '00:04:23', '2015-08-10 15:21:49', '2015-08-27 12:26:43', 0),
	(826, 50, 'Elgsjo', 6.57, '2015-10-11 12:30:00', '00:03:59', '2015-08-10 15:21:49', '2015-08-27 12:26:43', 0),
	(856, 51, 'Ristilampi', 49.26, '2015-10-18 09:00:00', '00:33:49', '2015-08-10 15:24:02', '2015-08-27 12:26:43', 0),
	(855, 51, 'Heinunkierto 2', 23.37, '2015-10-18 09:15:00', '00:14:49', '2015-08-10 15:24:02', '2015-08-27 12:26:43', 0),
	(854, 51, 'Sarriojarvi 2', 36.22, '2015-10-18 09:30:00', '00:22:09', '2015-08-10 15:24:02', '2015-08-27 12:26:43', 0),
	(853, 51, 'Hanhikoski 2', 32.86, '2015-10-18 09:45:00', '00:19:40', '2015-08-10 15:24:02', '2015-08-27 12:26:43', 0),
	(852, 51, 'Ristilampi', 49.63, '2015-10-18 10:00:00', '00:33:21', '2015-08-10 15:24:02', '2015-08-12 15:56:58', 0),
	(851, 51, 'Heinunkierto', 23.37, '2015-10-18 10:15:00', '00:14:49', '2015-08-10 15:24:02', '2015-08-27 12:26:43', 0),
	(850, 51, 'Mantyvaara 3', 3.63, '2015-10-18 10:30:00', '00:02:28', '2015-08-10 15:24:02', '2015-08-27 12:26:43', 0),
	(849, 51, 'Sarriojarvi', 36.22, '2015-10-18 10:45:00', '00:22:09', '2015-08-10 15:24:02', '2015-08-27 12:26:43', 0),
	(848, 51, 'Hanhikoski', 32.86, '2015-10-18 11:00:00', '00:19:40', '2015-08-10 15:24:02', '2015-08-27 12:26:43', 0),
	(847, 51, 'Mantyvaara 2', 3.63, '2015-10-18 11:15:00', '00:02:28', '2015-08-10 15:24:02', '2015-08-27 12:26:43', 0),
	(846, 51, 'Jyrhamajarvi', 29.14, '2015-10-18 11:30:00', '00:17:10', '2015-08-10 15:24:02', '2015-08-27 12:26:43', 0),
	(845, 51, 'Siikakama', 38.32, '2015-10-18 11:45:00', '00:21:47', '2015-08-10 15:24:02', '2015-08-27 12:26:43', 0),
	(844, 51, 'Aittajarvi', 24.79, '2015-10-18 12:00:00', '00:16:41', '2015-08-10 15:24:01', '2015-08-27 12:26:43', 0),
	(843, 51, 'Mantyvaara', 3.63, '2015-10-18 12:15:00', '00:02:28', '2015-08-10 15:24:01', '2015-08-27 12:26:43', 0),
	(875, 52, 'Dechantskirchen 3', 9.61, '2015-10-25 09:00:00', '00:05:54', '2015-08-10 15:30:11', '2015-08-27 12:26:43', 0),
	(874, 52, 'Sinnersdorf 3', 8.34, '2015-10-25 09:15:00', '00:04:42', '2015-08-10 15:30:11', '2015-08-27 12:26:43', 0),
	(873, 52, 'Rohrbach 3', 6.68, '2015-10-25 09:30:00', '00:03:49', '2015-08-10 15:30:11', '2015-08-27 12:26:43', 0),
	(872, 52, 'Pinggau 3', 12.57, '2015-10-25 09:45:00', '00:07:31', '2015-08-10 15:30:11', '2015-08-27 12:26:43', 0),
	(871, 52, 'Pinggau Lang 2', 32.58, '2015-10-25 10:00:00', '00:20:02', '2015-08-10 15:30:11', '2015-08-27 12:26:43', 0),
	(870, 52, 'Haideggendorf 2', 8.78, '2015-10-25 10:15:00', '00:05:15', '2015-08-10 15:30:11', '2015-08-27 12:26:43', 0),
	(869, 52, 'Pinggau Lang', 32.58, '2015-10-25 10:30:00', '00:20:02', '2015-08-10 15:30:11', '2015-08-27 12:26:43', 0),
	(868, 52, 'Haideggendorf', 8.78, '2015-10-25 10:45:00', '00:05:15', '2015-08-10 15:30:10', '2015-08-27 12:26:43', 0),
	(867, 52, 'Dechantskirchen 2', 9.61, '2015-10-25 11:00:00', '00:05:54', '2015-08-10 15:30:10', '2015-08-27 12:26:43', 0),
	(866, 52, 'Sinnersdorf 2', 8.34, '2015-10-25 11:15:00', '00:04:42', '2015-08-10 15:30:10', '2015-08-27 12:26:43', 0),
	(865, 52, 'Dechantskirchen', 9.61, '2015-10-25 11:30:00', '00:05:54', '2015-08-10 15:30:10', '2015-08-27 12:26:43', 0),
	(864, 52, 'Sinnersdorf', 8.34, '2015-10-25 11:45:00', '00:04:42', '2015-08-10 15:30:10', '2015-08-27 12:26:43', 0),
	(863, 52, 'Rohrbach 2', 6.68, '2015-10-25 12:00:00', '00:03:49', '2015-08-10 15:30:10', '2015-08-27 12:26:43', 0),
	(862, 52, 'Pinggau 2', 12.57, '2015-10-25 12:15:00', '00:07:31', '2015-08-10 15:30:10', '2015-08-27 12:26:43', 0),
	(861, 52, 'Rohrbach', 6.68, '2015-10-25 12:30:00', '00:03:49', '2015-08-10 15:30:10', '2015-08-27 12:26:43', 0),
	(860, 52, 'Pinggau', 12.57, '2015-10-25 12:45:00', '00:07:31', '2015-08-10 15:30:10', '2015-08-27 12:26:43', 0),
	(893, 53, 'Kendal 3', 6.84, '2015-11-01 09:00:00', '00:04:36', '2015-08-10 15:36:16', '2015-08-27 12:26:43', 0),
	(892, 53, 'Bushy Park 2', 1.59, '2015-11-01 09:15:00', '00:00:53', '2015-08-10 15:36:16', '2015-08-27 12:26:43', 0),
	(891, 53, 'Malvern 2', 6.26, '2015-11-01 09:30:00', '00:03:47', '2015-08-10 15:36:16', '2015-08-27 12:26:43', 0),
	(890, 53, 'Kendal 2', 6.84, '2015-11-01 09:45:00', '00:04:36', '2015-08-10 15:36:16', '2015-08-27 12:26:43', 0),
	(889, 53, 'Bushy Park', 5.28, '2015-11-01 10:00:00', '00:00:53', '2015-08-10 15:36:16', '2015-08-27 12:26:43', 0),
	(888, 53, 'Malvern', 6.26, '2015-11-01 10:15:00', '00:03:47', '2015-08-10 15:36:16', '2015-08-27 12:26:43', 0),
	(887, 53, 'Kendal', 6.84, '2015-11-01 10:30:00', '00:04:36', '2015-08-10 15:36:16', '2015-08-27 12:26:43', 0),
	(886, 53, 'Spring Vale 3', 5.70, '2015-11-01 10:45:00', '00:03:52', '2015-08-10 15:36:16', '2015-08-27 12:26:43', 0),
	(885, 53, 'Canefield 3', 6.87, '2015-11-01 11:00:00', '00:04:01', '2015-08-10 15:36:16', '2015-08-27 12:26:43', 0),
	(884, 53, 'Sailor Gully 3', 4.94, '2015-11-01 11:15:00', '00:03:14', '2015-08-10 15:36:15', '2015-08-27 12:26:43', 0),
	(883, 53, 'Spring Vale 2', 5.21, '2015-11-01 11:30:00', '00:03:08', '2015-08-10 15:36:15', '2015-08-27 12:26:43', 0),
	(882, 53, 'Canefield 2', 6.87, '2015-11-01 11:45:00', '00:04:01', '2015-08-10 15:36:15', '2015-08-27 12:26:43', 0),
	(881, 53, 'Sailor Gully 2', 4.94, '2015-11-01 12:00:00', '00:03:14', '2015-08-10 15:36:15', '2015-08-27 12:26:43', 0),
	(880, 53, 'Spring Vale ', 4.71, '2015-11-01 12:15:00', '00:03:06', '2015-08-10 15:36:15', '2015-08-27 12:26:43', 0),
	(879, 53, 'Canefield', 6.87, '2015-11-01 12:30:00', '00:04:01', '2015-08-10 15:36:15', '2015-08-27 12:26:43', 0),
	(878, 53, 'Sailor Gully', 4.94, '2015-11-01 12:45:00', '00:03:14', '2015-08-10 15:36:15', '2015-08-27 12:26:43', 0),
	(877, 53, 'Bushy Park', 1.59, '2015-11-01 13:00:00', '00:01:01', '2015-08-10 15:36:15', '2015-08-12 15:56:59', 0),
	(898, 54, 'Schuiferskapelle 2', 15.43, '2015-11-08 09:00:00', '00:09:45', '2015-08-10 15:38:49', '2015-08-27 12:26:43', 0),
	(897, 54, 'Poelberg', 7.41, '2015-11-08 09:15:00', '00:05:00', '2015-08-10 15:38:49', '2015-08-27 12:26:43', 0),
	(896, 54, 'Oosthoek', 8.97, '2015-11-08 09:30:00', '00:06:00', '2015-08-10 15:38:49', '2015-08-27 12:26:43', 0),
	(895, 54, 'Ondank', 9.75, '2015-11-08 09:45:00', '00:05:59', '2015-08-10 15:38:49', '2015-08-27 12:26:43', 0),
	(894, 54, 'Schuiferskapelle', 15.43, '2015-11-08 10:00:00', '00:09:45', '2015-08-10 15:38:49', '2015-08-27 12:26:43', 0),
	(899, 54, 'Ondank 2', 9.75, '2015-11-08 10:15:00', '00:05:59', '2015-08-10 15:38:49', '2015-08-27 12:26:43', 0),
	(900, 54, 'Oosthoek 2', 8.97, '2015-11-08 10:30:00', '00:06:00', '2015-08-10 15:38:50', '2015-08-27 12:26:43', 0),
	(901, 54, 'Poelberg 2', 7.41, '2015-11-08 10:45:00', '00:05:00', '2015-08-10 15:38:50', '2015-08-27 12:26:43', 0),
	(902, 54, 'Schuiferskapelle 3', 15.43, '2015-11-08 11:00:00', '00:09:45', '2015-08-10 15:38:50', '2015-08-27 12:26:43', 0),
	(903, 54, 'Ondank 3', 9.75, '2015-11-08 11:15:00', '00:05:59', '2015-08-10 15:38:50', '2015-08-27 12:26:43', 0),
	(904, 54, 'Oosthoek 3', 8.97, '2015-11-08 11:30:00', '00:06:00', '2015-08-10 15:38:50', '2015-08-27 12:26:43', 0),
	(905, 54, 'Poelberg 3', 7.41, '2015-11-08 11:45:00', '00:05:00', '2015-08-10 15:38:50', '2015-08-27 12:26:43', 0),
	(906, 54, 'Schuiferskapelle 4', 15.43, '2015-11-08 12:00:00', '00:09:45', '2015-08-10 15:38:50', '2015-08-27 12:26:43', 0),
	(907, 54, 'Ondank 4', 9.75, '2015-11-08 12:15:00', '00:05:59', '2015-08-10 15:38:50', '2015-08-27 12:26:43', 0),
	(908, 54, 'Oosthoek 4', 8.97, '2015-11-08 12:30:00', '00:06:00', '2015-08-10 15:38:50', '2015-08-27 12:26:43', 0),
	(909, 54, 'Poelberg 4', 7.41, '2015-11-08 12:45:00', '00:05:00', '2015-08-10 15:38:50', '2015-08-27 12:26:44', 0),
	(911, 55, 'Citadelle', 4.88, '2015-11-15 09:00:00', '00:03:19', '2015-08-10 15:41:57', '2015-08-27 12:26:44', 0),
	(912, 55, 'Malonne', 14.49, '2015-11-15 09:15:00', '00:09:19', '2015-08-10 15:41:57', '2015-08-27 12:26:44', 0),
	(913, 55, 'Bois de Villers', 9.90, '2015-11-15 09:30:00', '00:06:28', '2015-08-10 15:41:57', '2015-08-27 12:26:44', 0),
	(914, 55, 'Crupet', 11.84, '2015-11-15 09:45:00', '00:08:09', '2015-08-10 15:41:57', '2015-08-27 12:26:44', 0),
	(915, 55, 'Natoye', 10.34, '2015-11-15 10:00:00', '00:06:21', '2015-08-10 15:41:57', '2015-08-27 12:26:44', 0),
	(916, 55, 'Malonne 2', 14.49, '2015-11-15 10:15:00', '00:09:19', '2015-08-10 15:41:57', '2015-08-27 12:26:44', 0),
	(917, 55, 'Bois de Villers 2', 9.90, '2015-11-15 10:30:00', '00:06:28', '2015-08-10 15:41:58', '2015-08-27 12:26:44', 0),
	(918, 55, 'Crupet 2', 11.84, '2015-11-15 10:45:00', '00:08:09', '2015-08-10 15:41:58', '2015-08-27 12:26:44', 0),
	(919, 55, 'Natoye 2', 10.34, '2015-11-15 11:00:00', '00:06:21', '2015-08-10 15:41:58', '2015-08-27 12:26:44', 0),
	(920, 55, 'Malonne 3', 14.49, '2015-11-15 11:15:00', '00:09:19', '2015-08-10 15:41:58', '2015-08-27 12:26:44', 0),
	(921, 55, 'Bois de Villers 3', 9.90, '2015-11-15 11:30:00', '00:06:28', '2015-08-10 15:41:58', '2015-08-27 12:26:44', 0),
	(922, 55, 'Crupet 3', 11.84, '2015-11-15 11:45:00', '00:08:09', '2015-08-10 15:41:58', '2015-08-27 12:26:44', 0),
	(923, 55, 'Natoye 3', 10.34, '2015-11-15 12:00:00', '00:06:21', '2015-08-10 15:41:58', '2015-08-27 12:26:44', 0),
	(924, 55, 'Naninne', 7.38, '2015-11-15 12:15:00', '00:05:02', '2015-08-10 15:41:58', '2015-08-27 12:26:44', 0),
	(925, 55, 'Loyers', 5.22, '2015-11-15 12:30:00', '00:03:09', '2015-08-10 15:41:58', '2015-08-27 12:26:44', 0),
	(926, 55, 'Wartet', 8.94, '2015-11-15 12:45:00', '00:05:05', '2015-08-10 15:41:58', '2015-08-27 12:26:44', 0),
	(927, 55, 'Vedrin', 5.33, '2015-11-15 13:00:00', '00:03:04', '2015-08-10 15:41:58', '2015-08-27 12:26:44', 0),
	(928, 56, 'Campo Magro', 18.42, '2015-08-31 09:00:00', '00:11:07', '2015-08-10 15:44:48', '2015-08-27 12:26:44', 0),
	(929, 56, 'Ouro Fino', 12.80, '2015-08-31 09:15:00', '00:08:11', '2015-08-10 15:44:48', '2015-08-27 12:26:44', 0),
	(930, 56, 'Curtiba', 12.57, '2015-08-31 09:30:00', '00:08:21', '2015-08-10 15:44:48', '2015-08-27 12:26:44', 0),
	(931, 56, 'Campo Magro 2', 18.42, '2015-08-31 09:45:00', '00:11:07', '2015-08-10 15:44:48', '2015-08-27 12:26:44', 0),
	(932, 56, 'Curtiba 2', 12.57, '2015-08-31 10:00:00', '00:08:21', '2015-08-10 15:44:48', '2015-08-27 12:26:44', 0),
	(933, 56, 'Campo Magro 3', 18.42, '2015-08-31 10:15:00', '00:11:07', '2015-08-10 15:44:48', '2015-08-27 12:26:44', 0),
	(934, 56, 'Ouro Fino 2', 12.80, '2015-08-31 10:30:00', '00:08:11', '2015-08-10 15:44:48', '2015-08-27 12:26:44', 0),
	(935, 56, 'Bocaiuva', 28.68, '2015-08-31 10:45:00', '00:16:14', '2015-08-10 15:44:48', '2015-08-27 12:26:44', 0),
	(936, 56, 'Rio Pesqueiro', 15.89, '2015-08-31 11:00:00', '00:10:39', '2015-08-10 15:44:48', '2015-08-27 12:26:44', 0),
	(937, 56, 'Quatro Barras', 12.97, '2015-08-31 11:15:00', '00:07:40', '2015-08-10 15:44:48', '2015-08-27 12:26:44', 0),
	(938, 56, 'Nobre', 10.86, '2015-08-31 11:30:00', '00:06:58', '2015-08-10 15:44:48', '2015-08-27 12:26:44', 0),
	(939, 56, 'Rio Pesqueiro 2', 15.89, '2015-08-31 11:45:00', '00:10:39', '2015-08-10 15:44:48', '2015-08-27 12:26:44', 0),
	(940, 56, 'Quatro Barras 2', 12.97, '2015-08-31 12:00:00', '00:07:40', '2015-08-10 15:44:48', '2015-08-27 12:26:44', 0),
	(941, 56, 'Campina', 23.95, '2015-08-31 12:15:00', '00:16:16', '2015-08-10 15:44:48', '2015-08-27 12:26:44', 0),
	(942, 56, 'Prime Pinhais', 3.34, '2015-08-31 12:30:00', '00:02:01', '2015-08-10 15:44:49', '2015-08-27 12:26:44', 0),
	(945, 57, 'Beli Iskar', 6.87, '2015-09-07 09:00:00', '00:04:35', '2015-08-10 15:48:24', '2015-08-27 12:26:44', 0),
	(946, 57, 'Borovetz - Raduil', 9.21, '2015-09-07 09:15:00', '00:05:56', '2015-08-10 15:48:24', '2015-08-27 12:26:44', 0),
	(947, 57, 'Muhovo', 29.68, '2015-09-07 09:30:00', '00:18:49', '2015-08-10 15:48:24', '2015-08-27 12:26:44', 0),
	(948, 57, 'Slavovitza', 17.84, '2015-09-07 09:45:00', '00:10:24', '2015-08-10 15:48:24', '2015-08-27 12:26:44', 0),
	(949, 57, 'Beli Iskar 2', 6.87, '2015-09-07 10:00:00', '00:04:35', '2015-08-10 15:48:24', '2015-08-27 12:26:44', 0),
	(950, 57, 'Borovetz - Raduil 2', 9.21, '2015-09-07 10:15:00', '00:05:56', '2015-08-10 15:48:24', '2015-08-27 12:26:44', 0),
	(951, 57, 'Muhovo 2', 29.68, '2015-09-07 10:30:00', '00:18:49', '2015-08-10 15:48:24', '2015-08-27 12:26:44', 0),
	(952, 57, 'Slavovitza 2', 17.84, '2015-09-07 10:45:00', '00:10:24', '2015-08-10 15:48:24', '2015-08-27 12:26:44', 0),
	(953, 57, 'Trayanovi Vrata', 18.65, '2015-09-07 11:00:00', '00:10:31', '2015-08-10 15:48:24', '2015-08-27 12:26:44', 0),
	(954, 57, 'Lubnitza', 30.84, '2015-09-07 11:15:00', '00:20:51', '2015-08-10 15:48:25', '2015-08-27 12:26:44', 0),
	(955, 57, 'Raduil - Borovetz', 9.61, '2015-09-07 11:30:00', '00:05:56', '2015-08-10 15:48:25', '2015-08-27 12:26:44', 0),
	(956, 57, 'Borovetz - Beli Iskar', 6.27, '2015-09-07 11:45:00', '00:03:48', '2015-08-10 15:48:25', '2015-08-27 12:26:44', 0),
	(957, 57, 'Trayanovi Vrata 2', 18.65, '2015-09-07 12:00:00', '00:10:31', '2015-08-10 15:48:25', '2015-08-27 12:26:44', 0),
	(958, 57, 'Lubnitza 2', 30.84, '2015-09-07 12:15:00', '00:20:51', '2015-08-10 15:48:25', '2015-08-27 12:26:44', 0),
	(962, 58, 'Porec', 1.30, '2015-09-14 09:00:00', '00:00:48', '2015-08-10 15:50:44', '2015-08-27 12:26:44', 0),
	(963, 58, 'Boljun', 14.73, '2015-09-14 09:15:00', '00:08:16', '2015-08-10 15:50:44', '2015-08-27 12:26:44', 0),
	(964, 58, 'Ucka', 13.70, '2015-09-14 09:30:00', '00:08:58', '2015-08-10 15:50:44', '2015-08-27 12:26:44', 0),
	(965, 58, 'Brest', 29.76, '2015-09-14 09:45:00', '00:17:08', '2015-08-10 15:50:45', '2015-08-27 12:26:44', 0),
	(966, 58, 'Boljun 2', 14.73, '2015-09-14 10:00:00', '00:08:16', '2015-08-10 15:50:45', '2015-08-27 12:26:44', 0),
	(967, 58, 'Ucka 2', 13.70, '2015-09-14 10:15:00', '00:08:58', '2015-08-10 15:50:45', '2015-08-27 12:26:44', 0),
	(968, 58, 'Brest 2', 29.76, '2015-09-14 10:30:00', '00:17:08', '2015-08-10 15:50:45', '2015-08-27 12:26:44', 0),
	(969, 58, 'Butoniga', 14.49, '2015-09-14 10:45:00', '00:09:54', '2015-08-10 15:50:45', '2015-08-27 12:26:44', 0),
	(970, 58, 'Buzet', 14.36, '2015-09-14 11:00:00', '00:08:10', '2015-08-10 15:50:45', '2015-08-27 12:26:44', 0),
	(971, 58, 'Salteria', 29.84, '2015-09-14 11:15:00', '00:20:13', '2015-08-10 15:50:45', '2015-08-27 12:26:44', 0),
	(972, 58, 'Butoniga 2', 14.49, '2015-09-14 11:30:00', '00:09:54', '2015-08-10 15:50:45', '2015-08-27 12:26:44', 0),
	(973, 58, 'Buzet 2', 14.36, '2015-09-14 11:45:00', '00:08:10', '2015-08-10 15:50:45', '2015-08-27 12:26:44', 0),
	(974, 58, 'Salteria 2', 29.84, '2015-09-14 12:00:00', '00:20:13', '2015-08-10 15:50:45', '2015-08-27 12:26:44', 0),
	(975, 58, 'Porec 2', 1.30, '2015-09-14 12:15:00', '00:00:48', '2015-08-10 15:50:45', '2015-08-27 12:26:44', 0),
	(976, 58, 'Porec 3', 1.30, '2015-09-14 12:30:00', '00:00:48', '2015-08-10 15:50:45', '2015-08-27 12:26:44', 0),
	(979, 59, 'Horazdovice - Komusin', 5.16, '2015-09-21 09:00:00', '00:02:53', '2015-08-10 15:54:30', '2015-08-27 12:26:44', 0),
	(980, 59, 'Cecelovice', 16.97, '2015-09-21 09:15:00', '00:11:04', '2015-08-10 15:54:30', '2015-08-27 12:26:44', 0),
	(981, 59, 'Doubravice - Chrastovice', 11.29, '2015-09-21 09:30:00', '00:06:23', '2015-08-10 15:54:30', '2015-08-27 12:26:44', 0),
	(982, 59, 'Strazovice - Nehodiv', 7.74, '2015-09-21 09:45:00', '00:04:32', '2015-08-10 15:54:31', '2015-08-27 12:26:44', 0),
	(983, 59, 'Horazdovice - Komusin 2', 5.16, '2015-09-21 10:00:00', '00:02:53', '2015-08-10 15:54:31', '2015-08-27 12:26:44', 0),
	(984, 59, 'Cecelovice 2', 16.97, '2015-09-21 10:15:00', '00:11:04', '2015-08-10 15:54:31', '2015-08-12 15:56:59', 0),
	(985, 59, 'Doubravice - Chrastovice 2', 11.29, '2015-09-21 10:30:00', '00:06:23', '2015-08-10 15:54:31', '2015-08-27 12:26:44', 0),
	(986, 59, 'Strazovice - Nehodiv 2', 7.74, '2015-09-21 10:45:00', '00:04:32', '2015-08-10 15:54:31', '2015-08-27 12:26:44', 0),
	(987, 59, 'Horazdovice - Komusin 3', 5.16, '2015-09-21 11:00:00', '00:02:53', '2015-08-10 15:54:31', '2015-08-27 12:26:44', 0),
	(988, 59, 'Cecelovice 3', 16.97, '2015-09-21 11:15:00', '00:11:04', '2015-08-10 15:54:31', '2015-08-27 12:26:44', 0),
	(989, 59, 'Doubravice - Chrastovice 3', 11.29, '2015-09-21 11:30:00', '00:06:23', '2015-08-10 15:54:31', '2015-08-27 12:26:44', 0),
	(990, 59, 'Strazovice - Nehodiv 3', 7.74, '2015-09-21 11:45:00', '00:04:32', '2015-08-10 15:54:31', '2015-08-27 12:26:44', 0),
	(991, 59, 'Nehodiv - Cecelovice', 12.31, '2015-09-21 12:00:00', '00:08:03', '2015-08-10 15:54:31', '2015-08-27 12:26:44', 0),
	(992, 59, 'Cecelovice - Doubravice', 7.70, '2015-09-21 12:15:00', '00:05:12', '2015-08-10 15:54:31', '2015-08-27 12:26:44', 0),
	(996, 60, 'Bondy', 2.69, '2015-09-28 09:00:00', '00:01:42', '2015-08-10 16:20:57', '2015-08-27 12:26:44', 0),
	(997, 60, 'Sychrov', 19.32, '2015-09-28 09:15:00', '00:13:02', '2015-08-10 16:20:57', '2015-08-27 12:26:44', 0),
	(998, 60, 'Sumburk', 16.41, '2015-09-28 09:30:00', '00:11:14', '2015-08-10 16:20:57', '2015-08-27 12:26:44', 0),
	(999, 60, 'Bzi', 5.27, '2015-09-28 09:45:00', '00:03:03', '2015-08-10 16:20:57', '2015-08-27 12:26:44', 0),
	(1000, 60, 'Sychrov 2', 19.32, '2015-09-28 10:00:00', '00:13:02', '2015-08-10 16:20:57', '2015-08-27 12:26:44', 0),
	(1001, 60, 'Sumburk 2', 16.41, '2015-09-28 10:15:00', '00:11:14', '2015-08-10 16:20:58', '2015-08-27 12:26:44', 0),
	(1002, 60, 'Bzi 2', 5.27, '2015-09-28 10:30:00', '00:03:03', '2015-08-10 16:20:58', '2015-08-27 12:26:44', 0),
	(1003, 60, 'Lobec', 11.14, '2015-09-28 10:45:00', '00:06:42', '2015-08-10 16:20:58', '2015-08-27 12:26:44', 0),
	(1004, 60, 'Vinec', 15.34, '2015-09-28 11:00:00', '00:08:56', '2015-08-10 16:20:58', '2015-08-27 12:26:44', 0),
	(1005, 60, 'Staromestska', 5.62, '2015-09-28 11:15:00', '00:03:38', '2015-08-10 16:20:58', '2015-08-27 12:26:44', 0),
	(1006, 60, 'Lobec 2', 11.14, '2015-09-28 11:30:00', '00:06:42', '2015-08-10 16:20:58', '2015-08-27 12:26:44', 0),
	(1007, 60, 'Vinec 2', 15.34, '2015-09-28 11:45:00', '00:08:56', '2015-08-10 16:20:58', '2015-08-27 12:26:44', 0),
	(1008, 60, 'Staromestska 2', 5.62, '2015-09-28 12:00:00', '00:03:38', '2015-08-10 16:20:58', '2015-08-27 12:26:44', 0),
	(1009, 60, 'Lobec 3', 11.14, '2015-09-28 12:15:00', '00:06:42', '2015-08-10 16:20:58', '2015-08-27 12:26:44', 0),
	(1010, 60, 'Vinec 3', 15.34, '2015-09-28 12:30:00', '00:08:56', '2015-08-10 16:20:58', '2015-08-27 12:26:44', 0),
	(1013, 61, 'Marchampt', 12.25, '2015-10-05 09:00:00', '00:08:11', '2015-08-10 16:27:13', '2015-08-27 12:26:44', 0),
	(1014, 61, 'Lamure sur Azergues', 14.80, '2015-10-05 09:15:00', '00:09:59', '2015-08-10 16:27:13', '2015-08-27 12:26:44', 0),
	(1015, 61, 'Bibost', 13.87, '2015-10-05 09:30:00', '00:08:48', '2015-08-10 16:27:13', '2015-08-27 12:26:44', 0),
	(1016, 61, 'Rontalon', 14.97, '2015-10-05 09:45:00', '00:10:08', '2015-08-10 16:27:13', '2015-08-27 12:26:44', 0),
	(1017, 61, 'Lyon - Gerland', 1.88, '2015-10-05 10:00:00', '00:01:17', '2015-08-10 16:27:13', '2015-08-27 12:26:44', 0),
	(1018, 61, 'Marchampt - Claveisoles', 25.59, '2015-10-05 10:15:00', '00:16:44', '2015-08-10 16:27:13', '2015-08-27 12:26:44', 0),
	(1019, 61, 'Lamure sur Azergues 2', 14.80, '2015-10-05 10:30:00', '00:09:59', '2015-08-10 16:27:13', '2015-08-27 12:26:44', 0),
	(1020, 61, 'Les Noirs', 18.66, '2015-10-05 10:45:00', '00:12:17', '2015-08-10 16:27:13', '2015-08-27 12:26:44', 0),
	(1021, 61, 'Les Sauvages', 12.80, '2015-10-05 11:00:00', '00:07:17', '2015-08-10 16:27:13', '2015-08-27 12:26:44', 0),
	(1022, 61, 'Marchampt - Claveisoles', 25.94, '2015-10-05 11:15:00', '00:15:46', '2015-08-10 16:27:14', '2015-08-12 15:56:59', 0),
	(1023, 61, 'Lamure sur Azergues 3', 14.80, '2015-10-05 11:30:00', '00:09:59', '2015-08-10 16:27:14', '2015-08-27 12:26:44', 0),
	(1024, 61, 'Les Noirs 2', 18.66, '2015-10-05 11:45:00', '00:12:17', '2015-08-10 16:27:14', '2015-08-27 12:26:44', 0),
	(1025, 61, 'Les Sauvages 2', 12.80, '2015-10-05 12:00:00', '00:07:17', '2015-08-10 16:27:14', '2015-08-27 12:26:44', 0),
	(1026, 61, 'Les Noirs 3', 18.66, '2015-10-05 12:15:00', '00:12:17', '2015-08-10 16:27:14', '2015-08-27 12:26:44', 0),
	(1027, 61, 'Les Sauvages 3', 12.80, '2015-10-05 12:30:00', '00:07:17', '2015-08-10 16:27:14', '2015-08-27 12:26:44', 0),
	(1030, 62, 'Camiers', 12.11, '2015-10-12 09:00:00', '00:07:17', '2015-08-10 16:29:02', '2015-08-27 12:26:44', 0),
	(1031, 62, 'La Calotterie', 12.68, '2015-10-12 09:15:00', '00:07:25', '2015-08-10 16:29:02', '2015-08-27 12:26:44', 0),
	(1032, 62, 'Airon', 15.54, '2015-10-12 09:30:00', '00:09:19', '2015-08-10 16:29:02', '2015-08-27 12:26:44', 0),
	(1033, 62, 'Le Touquet', 2.26, '2015-10-12 09:45:00', '00:01:32', '2015-08-10 16:29:02', '2015-08-27 12:26:44', 0),
	(1034, 62, 'Camiers 2', 12.11, '2015-10-12 10:00:00', '00:07:17', '2015-08-10 16:29:02', '2015-08-27 12:26:44', 0),
	(1035, 62, 'La Calotterie 2', 12.68, '2015-10-12 10:15:00', '00:07:25', '2015-08-10 16:29:02', '2015-08-27 12:26:44', 0),
	(1036, 62, 'Airon 2', 15.54, '2015-10-12 10:30:00', '00:09:19', '2015-08-10 16:29:03', '2015-08-27 12:26:44', 0),
	(1037, 62, 'Le Touquet 2', 2.26, '2015-10-12 10:45:00', '00:01:32', '2015-08-10 16:29:03', '2015-08-27 12:26:44', 0),
	(1038, 62, 'Bourthes', 27.65, '2015-10-12 11:00:00', '00:16:23', '2015-08-10 16:29:03', '2015-08-27 12:26:44', 0),
	(1039, 62, 'Bourthes 2', 27.65, '2015-10-12 11:15:00', '00:16:23', '2015-08-10 16:29:03', '2015-08-27 12:26:44', 0),
	(1040, 62, 'Hucqueliers', 30.28, '2015-10-12 11:30:00', '00:19:02', '2015-08-10 16:29:03', '2015-08-27 12:26:44', 0),
	(1041, 62, 'Le Touquet 3', 2.26, '2015-10-12 11:45:00', '00:01:32', '2015-08-10 16:29:03', '2015-08-27 12:26:44', 0),
	(1042, 62, 'Hucqueliers 2', 30.28, '2015-10-12 12:00:00', '00:19:02', '2015-08-10 16:29:03', '2015-08-27 12:26:44', 0),
	(1043, 62, 'Bourthes 3', 27.65, '2015-10-12 12:15:00', '00:16:23', '2015-08-10 16:29:03', '2015-08-27 12:26:44', 0),
	(1044, 62, 'Hucqueliers 3', 30.28, '2015-10-12 12:30:00', '00:19:02', '2015-08-10 16:29:03', '2015-08-27 12:26:44', 0),
	(1047, 63, 'Stollberg', 4.72, '2015-10-19 09:00:00', '00:03:11', '2015-08-10 16:31:41', '2015-08-27 12:26:44', 0),
	(1048, 63, 'Grunhain', 14.25, '2015-10-19 09:15:00', '00:08:24', '2015-08-10 16:31:41', '2015-08-27 12:26:44', 0),
	(1049, 63, 'Gelenau', 7.17, '2015-10-19 09:30:00', '00:04:37', '2015-08-10 16:31:41', '2015-08-27 12:26:44', 0),
	(1050, 63, 'Mildenau', 7.82, '2015-10-19 09:45:00', '00:05:12', '2015-08-10 16:31:41', '2015-08-27 12:26:44', 0),
	(1051, 63, 'Grunhain 2', 14.25, '2015-10-19 10:00:00', '00:08:24', '2015-08-10 16:31:41', '2015-08-27 12:26:44', 0),
	(1052, 63, 'Gelenau 2', 7.17, '2015-10-19 10:15:00', '00:04:37', '2015-08-10 16:31:42', '2015-08-27 12:26:44', 0),
	(1053, 63, 'Mildenau 2', 7.82, '2015-10-19 10:30:00', '00:05:12', '2015-08-10 16:31:42', '2015-08-27 12:26:44', 0),
	(1054, 63, 'Gelenau 3', 7.17, '2015-10-19 10:45:00', '00:04:37', '2015-08-10 16:31:42', '2015-08-27 12:26:44', 0),
	(1055, 63, 'Jahnsdorf', 8.15, '2015-10-19 11:00:00', '00:04:48', '2015-08-10 16:31:42', '2015-08-27 12:26:44', 0),
	(1056, 63, 'Oberdorf', 11.50, '2015-10-19 11:15:00', '00:07:14', '2015-08-10 16:31:42', '2015-08-27 12:26:44', 0),
	(1057, 63, 'Jahnsdorf 2', 8.45, '2015-10-19 11:30:00', '00:04:48', '2015-08-10 16:31:42', '2015-08-27 12:26:44', 0),
	(1058, 63, 'Oberdorf 2', 11.68, '2015-10-19 11:45:00', '00:07:14', '2015-08-10 16:31:42', '2015-08-27 12:26:44', 0),
	(1059, 63, 'Jahnsdorf', 8.45, '2015-10-19 12:00:00', '00:05:54', '2015-08-10 16:31:42', '2015-08-12 15:56:59', 0),
	(1060, 63, 'Oberdorf', 11.68, '2015-10-19 12:15:00', '00:06:08', '2015-08-10 16:31:42', '2015-08-12 15:56:59', 0),
	(1064, 64, 'Lydford', 8.66, '2015-10-26 09:00:00', '00:04:57', '2015-08-10 16:38:22', '2015-08-27 12:26:44', 0),
	(1065, 64, 'Reynolds', 8.86, '2015-10-26 09:15:00', '00:05:53', '2015-08-10 16:38:22', '2015-08-27 12:26:44', 0),
	(1066, 64, 'Lydford 2', 8.66, '2015-10-26 09:30:00', '00:04:57', '2015-08-10 16:38:22', '2015-08-27 12:26:44', 0),
	(1067, 64, 'Reynolds 2', 8.86, '2015-10-26 09:45:00', '00:05:53', '2015-08-10 16:38:22', '2015-08-27 12:26:44', 0),
	(1068, 64, 'Lydford 3', 8.66, '2015-10-26 10:00:00', '00:04:57', '2015-08-10 16:38:22', '2015-08-27 12:26:44', 0),
	(1069, 64, 'Reynolds 3', 8.86, '2015-10-26 10:15:00', '00:05:53', '2015-08-10 16:38:22', '2015-08-27 12:26:44', 0),
	(1070, 64, 'Haddon Pen', 8.99, '2015-10-26 10:30:00', '00:05:24', '2015-08-10 16:38:22', '2015-08-27 12:26:44', 0),
	(1071, 64, 'Reynolds 4', 8.86, '2015-10-26 10:45:00', '00:05:53', '2015-08-10 16:38:22', '2015-08-27 12:26:44', 0),
	(1072, 64, 'Haddon Pen 2', 8.99, '2015-10-26 11:00:00', '00:05:24', '2015-08-10 16:38:22', '2015-08-27 12:26:44', 0),
	(1073, 64, 'Haddon Pen 3', 8.99, '2015-10-26 11:15:00', '00:05:24', '2015-08-10 16:38:22', '2015-08-27 12:26:44', 0),
	(1074, 64, 'New Works', 5.27, '2015-10-26 11:30:00', '00:03:16', '2015-08-10 16:38:22', '2015-08-27 12:26:44', 0),
	(1075, 64, 'Bybrook', 7.20, '2015-10-26 11:45:00', '00:04:50', '2015-08-10 16:38:23', '2015-08-27 12:26:44', 0),
	(1076, 64, 'New Works 2', 5.27, '2015-10-26 12:00:00', '00:03:16', '2015-08-10 16:38:23', '2015-08-27 12:26:44', 0),
	(1077, 64, 'Bybrook 2', 7.20, '2015-10-26 12:15:00', '00:04:50', '2015-08-10 16:38:23', '2015-08-27 12:26:44', 0),
	(1078, 64, 'New Works 3', 5.27, '2015-10-26 12:30:00', '00:03:16', '2015-08-10 16:38:23', '2015-08-27 12:26:44', 0),
	(1079, 64, 'Bybrook 3', 7.20, '2015-10-26 12:45:00', '00:04:50', '2015-08-10 16:38:23', '2015-08-27 12:26:44', 0),
	(1080, 64, 'Wakefield', 5.73, '2015-10-26 13:00:00', '00:03:14', '2015-08-10 16:38:23', '2015-08-27 12:26:44', 0),
	(1081, 65, 'Schutte Informatisering', 10.22, '2015-11-02 09:00:00', '00:05:45', '2015-08-10 16:41:16', '2015-08-27 12:26:44', 0),
	(1082, 65, 'Eurol Lubricants', 6.51, '2015-11-02 09:15:00', '00:03:54', '2015-08-10 16:41:16', '2015-08-27 12:26:44', 0),
	(1083, 65, 'Teunis Automotive', 6.12, '2015-11-02 09:30:00', '00:03:41', '2015-08-10 16:41:16', '2015-08-27 12:26:44', 0),
	(1084, 65, 'Schutte Informatisering 2', 10.22, '2015-11-02 09:45:00', '00:05:45', '2015-08-10 16:41:16', '2015-08-27 12:26:44', 0),
	(1085, 65, 'Eurol Lubricants 2', 6.51, '2015-11-02 10:00:00', '00:03:54', '2015-08-10 16:41:16', '2015-08-27 12:26:44', 0),
	(1086, 65, 'Teunis Automotive 2', 6.12, '2015-11-02 10:15:00', '00:03:41', '2015-08-10 16:41:17', '2015-08-27 12:26:44', 0),
	(1087, 65, 'Hegeman Bouw', 13.89, '2015-11-02 10:30:00', '00:09:00', '2015-08-10 16:41:17', '2015-08-27 12:26:44', 0),
	(1088, 65, 'Reggesign Reclame', 10.36, '2015-11-02 10:45:00', '00:06:45', '2015-08-10 16:41:17', '2015-08-27 12:26:44', 0),
	(1089, 65, 'Hegeman Bouw 2', 13.89, '2015-11-02 11:00:00', '00:09:00', '2015-08-10 16:41:17', '2015-08-27 12:26:44', 0),
	(1090, 65, 'Reggesign Reclame 2', 10.36, '2015-11-02 11:15:00', '00:06:45', '2015-08-10 16:41:17', '2015-08-27 12:26:44', 0),
	(1091, 65, 'Ten Brinke', 12.67, '2015-11-02 11:30:00', '00:08:09', '2015-08-10 16:41:17', '2015-08-27 12:26:44', 0),
	(1092, 65, 'Tijhof', 8.48, '2015-11-02 11:45:00', '00:05:32', '2015-08-10 16:41:17', '2015-08-27 12:26:44', 0),
	(1093, 65, 'Wolves Berging', 11.59, '2015-11-02 12:00:00', '00:07:51', '2015-08-10 16:41:17', '2015-08-27 12:26:44', 0),
	(1094, 65, 'Ten Brinke 2', 12.67, '2015-11-02 12:15:00', '00:08:09', '2015-08-10 16:41:17', '2015-08-27 12:26:44', 0),
	(1095, 65, 'Tijhof 2', 8.48, '2015-11-02 12:30:00', '00:05:32', '2015-08-10 16:41:17', '2015-08-27 12:26:44', 0),
	(1096, 65, 'Wolves Berging 2', 11.59, '2015-11-02 12:45:00', '00:07:51', '2015-08-10 16:41:17', '2015-08-27 12:26:44', 0),
	(1098, 66, 'Tenten - Huelmes', 12.56, '2015-11-09 09:00:00', '00:07:57', '2015-08-10 16:47:23', '2015-08-27 12:26:44', 0),
	(1099, 66, 'Petten - Rouscht', 5.25, '2015-11-09 09:15:00', '00:02:59', '2015-08-10 16:47:23', '2015-08-27 12:26:44', 0),
	(1100, 66, 'Platen - Horass', 6.74, '2015-11-09 09:30:00', '00:04:20', '2015-08-10 16:47:23', '2015-08-27 12:26:44', 0),
	(1101, 66, 'Tenten - Huelmes 2', 12.56, '2015-11-09 09:45:00', '00:07:57', '2015-08-10 16:47:23', '2015-08-27 12:26:44', 0),
	(1102, 66, 'Petten - Rouscht 2', 5.25, '2015-11-09 10:00:00', '00:02:59', '2015-08-10 16:47:23', '2015-08-27 12:26:44', 0),
	(1103, 66, 'Platen - Horass 2', 6.74, '2015-11-09 10:15:00', '00:04:20', '2015-08-10 16:47:23', '2015-08-27 12:26:44', 0),
	(1104, 66, 'Tenten - Huelmes 3', 12.56, '2015-11-09 10:30:00', '00:07:57', '2015-08-10 16:47:24', '2015-08-27 12:26:44', 0),
	(1105, 66, 'Petten - Rouscht 3', 5.25, '2015-11-09 10:45:00', '00:02:59', '2015-08-10 16:47:24', '2015-08-27 12:26:44', 0),
	(1106, 66, 'Platen - Horass 3', 6.74, '2015-11-09 11:00:00', '00:04:20', '2015-08-10 16:47:24', '2015-08-27 12:26:44', 0),
	(1107, 66, 'Reiden - Noojhem', 20.19, '2015-11-09 11:15:00', '00:13:24', '2015-08-10 16:47:24', '2015-08-27 12:26:44', 0),
	(1108, 66, 'Horass - Platen', 10.99, '2015-11-09 11:30:00', '00:07:12', '2015-08-10 16:47:24', '2015-08-27 12:26:44', 0),
	(1109, 66, 'Reiden - Noojhem 2', 20.19, '2015-11-09 11:45:00', '00:13:24', '2015-08-10 16:47:24', '2015-08-27 12:26:44', 0),
	(1110, 66, 'Horass - Platen 2', 10.99, '2015-11-09 12:00:00', '00:07:12', '2015-08-10 16:47:24', '2015-08-27 12:26:44', 0),
	(1111, 66, 'Reiden - Noojhem 3', 20.19, '2015-11-09 12:15:00', '00:13:24', '2015-08-10 16:47:24', '2015-08-27 12:26:44', 0),
	(1112, 66, 'Horass - Platen 3', 10.99, '2015-11-09 12:30:00', '00:07:12', '2015-08-10 16:47:24', '2015-08-27 12:26:44', 0),
	(1115, 67, 'Nabat Lusail', 19.33, '2015-11-16 09:00:00', '00:10:50', '2015-08-10 16:50:08', '2015-08-27 12:26:44', 0),
	(1116, 67, 'Umm Al Hal', 12.99, '2015-11-16 09:15:00', '00:08:11', '2015-08-10 16:50:08', '2015-08-27 12:26:45', 0),
	(1117, 67, 'Al Waker', 10.19, '2015-11-16 09:30:00', '00:06:53', '2015-08-10 16:50:08', '2015-08-27 12:26:45', 0),
	(1118, 67, 'QMMF', 28.31, '2015-11-16 09:45:00', '00:17:17', '2015-08-10 16:50:08', '2015-08-27 12:26:45', 0),
	(1119, 67, 'Nabat Lusail 2', 19.33, '2015-11-16 10:00:00', '00:10:50', '2015-08-10 16:50:08', '2015-08-27 12:26:45', 0),
	(1120, 67, 'Umm Al Hal 2', 12.99, '2015-11-16 10:15:00', '00:08:11', '2015-08-10 16:50:08', '2015-08-27 12:26:45', 0),
	(1121, 67, 'Al Waker 2', 10.19, '2015-11-16 10:30:00', '00:06:53', '2015-08-10 16:50:08', '2015-08-27 12:26:45', 0),
	(1122, 67, 'QMMF 2', 28.31, '2015-11-16 10:45:00', '00:17:17', '2015-08-10 16:50:08', '2015-08-27 12:26:45', 0),
	(1123, 67, 'Al Wakrah', 25.83, '2015-11-16 11:00:00', '00:17:05', '2015-08-10 16:50:08', '2015-08-27 12:26:45', 0),
	(1124, 67, 'QMMF 3', 28.31, '2015-11-16 11:15:00', '00:17:17', '2015-08-10 16:50:08', '2015-08-27 12:26:45', 0),
	(1125, 67, 'Al Negian', 7.90, '2015-11-16 11:30:00', '00:05:18', '2015-08-10 16:50:09', '2015-08-27 12:26:45', 0),
	(1126, 67, 'Al Wakrah 2', 25.83, '2015-11-16 11:45:00', '00:17:05', '2015-08-10 16:50:09', '2015-08-27 12:26:45', 0),
	(1127, 67, 'QMMF 4', 28.31, '2015-11-16 12:00:00', '00:17:17', '2015-08-10 16:50:09', '2015-08-27 12:26:45', 0),
	(1128, 67, 'Al Negian 2', 7.90, '2015-11-16 12:15:00', '00:05:18', '2015-08-10 16:50:09', '2015-08-27 12:26:45', 0),
	(1129, 67, 'Al Wakrah 3', 25.83, '2015-11-16 12:30:00', '00:17:05', '2015-08-10 16:50:09', '2015-08-27 12:26:45', 0),
	(1130, 67, 'Al Negian 3', 7.90, '2015-11-16 12:45:00', '00:05:18', '2015-08-10 16:50:09', '2015-08-27 12:26:45', 0),
	(1132, 68, 'Salgovik', 10.76, '2015-09-01 09:00:00', '00:06:56', '2015-08-10 16:52:25', '2015-08-27 12:26:45', 0),
	(1133, 68, 'Zlata Baoa 3', 24.32, '2015-09-01 09:15:00', '00:15:21', '2015-08-10 16:52:25', '2015-08-27 12:26:45', 0),
	(1134, 68, 'Lubotice', 6.32, '2015-09-01 09:30:00', '00:04:25', '2015-08-10 16:52:25', '2015-08-27 12:26:45', 0),
	(1135, 68, 'Salgovik 2', 10.16, '2015-09-01 09:45:00', '00:06:56', '2015-08-10 16:52:25', '2015-08-27 12:26:45', 0),
	(1136, 68, 'Zlata Baoa 2', 24.32, '2015-09-01 10:00:00', '00:15:21', '2015-08-10 16:52:25', '2015-08-27 12:26:45', 0),
	(1137, 68, 'Lubotice 2', 6.51, '2015-09-01 10:15:00', '00:04:25', '2015-08-10 16:52:25', '2015-08-27 12:26:45', 0),
	(1138, 68, 'Obisovce', 23.31, '2015-09-01 10:30:00', '00:14:27', '2015-08-10 16:52:26', '2015-08-27 12:26:45', 0),
	(1139, 68, 'Vitaz', 17.93, '2015-09-01 10:45:00', '00:11:24', '2015-08-10 16:52:26', '2015-08-27 12:26:45', 0),
	(1140, 68, 'Obisovce 2', 23.31, '2015-09-01 11:00:00', '00:14:27', '2015-08-10 16:52:26', '2015-08-27 12:26:45', 0),
	(1141, 68, 'Vitaz 2', 17.93, '2015-09-01 11:15:00', '00:11:24', '2015-08-10 16:52:26', '2015-08-27 12:26:45', 0),
	(1142, 68, 'Obisovce 3', 23.31, '2015-09-01 11:30:00', '00:14:27', '2015-08-10 16:52:26', '2015-08-27 12:26:45', 0),
	(1143, 68, 'Vitaz 3', 17.93, '2015-09-01 11:45:00', '00:11:24', '2015-08-10 16:52:26', '2015-08-27 12:26:45', 0),
	(1144, 68, 'Salgovik', 10.16, '2015-09-01 12:00:00', '00:00:00', '2015-08-10 16:52:26', '2015-08-12 15:56:59', 0),
	(1145, 68, 'Zlata Baoa', 24.32, '2015-09-01 12:15:00', '00:15:21', '2015-08-10 16:52:26', '2015-08-27 12:26:45', 0),
	(1146, 68, 'Lubotice', 6.51, '2015-09-01 12:30:00', '00:00:00', '2015-08-10 16:52:26', '2015-08-12 15:56:59', 0),
	(1149, 69, 'Carron Valley', 8.49, '2015-09-08 09:00:00', '00:05:03', '2015-08-10 16:54:39', '2015-08-27 12:26:45', 0),
	(1150, 69, 'Carron Valley 2', 8.49, '2015-09-08 09:15:00', '00:05:03', '2015-08-10 16:54:39', '2015-08-27 12:26:45', 0),
	(1151, 69, 'Craigvinean', 16.29, '2015-09-08 09:30:00', '00:09:52', '2015-08-10 16:54:39', '2015-08-27 12:26:45', 0),
	(1152, 69, 'Drummond Hill', 13.65, '2015-09-08 09:45:00', '00:08:07', '2015-08-10 16:54:39', '2015-08-27 12:26:45', 0),
	(1153, 69, 'Errochty', 17.85, '2015-09-08 10:00:00', '00:11:05', '2015-08-10 16:54:39', '2015-08-27 12:26:45', 0),
	(1154, 69, 'Craigvinean 2', 16.29, '2015-09-08 10:15:00', '00:09:52', '2015-08-10 16:54:39', '2015-08-27 12:26:45', 0),
	(1155, 69, 'Drummond Hill 2', 13.65, '2015-09-08 10:30:00', '00:08:07', '2015-08-10 16:54:39', '2015-08-27 12:26:45', 0),
	(1156, 69, 'Errochty 2', 17.85, '2015-09-08 10:45:00', '00:11:05', '2015-08-10 16:54:39', '2015-08-27 12:26:45', 0),
	(1157, 69, 'Carron Valley 3', 8.49, '2015-09-08 11:00:00', '00:05:03', '2015-08-10 16:54:39', '2015-08-27 12:26:45', 0),
	(1158, 69, 'Loch Chon', 9.29, '2015-09-08 11:15:00', '00:05:14', '2015-08-10 16:54:39', '2015-08-27 12:26:45', 0),
	(1159, 69, 'High Corrie', 25.62, '2015-09-08 11:30:00', '00:16:47', '2015-08-10 16:54:39', '2015-08-27 12:26:45', 0),
	(1160, 69, 'Loch Chon 2', 9.29, '2015-09-08 11:45:00', '00:05:14', '2015-08-10 16:54:39', '2015-08-27 12:26:45', 0),
	(1161, 69, 'High Corrie 2', 25.62, '2015-09-08 12:00:00', '00:16:47', '2015-08-10 16:54:39', '2015-08-27 12:26:45', 0),
	(1162, 69, 'Scone Palace', 2.60, '2015-09-08 12:15:00', '00:01:38', '2015-08-10 16:54:39', '2015-08-27 12:26:45', 0),
	(1163, 69, 'Scone Palace 2', 2.60, '2015-09-08 12:30:00', '00:01:38', '2015-08-10 16:54:40', '2015-08-27 12:26:45', 0),
	(1166, 70, 'Palix', 9.48, '2015-09-15 09:00:00', '00:05:36', '2015-08-10 17:20:46', '2015-08-27 12:26:45', 0),
	(1167, 70, 'Palix 2', 9.48, '2015-09-15 09:15:00', '00:05:36', '2015-08-10 17:20:46', '2015-08-27 12:26:45', 0),
	(1168, 70, 'Smith Creek', 10.19, '2015-09-15 09:30:00', '00:06:01', '2015-08-10 17:20:46', '2015-08-27 12:26:45', 0),
	(1169, 70, 'Brooklyn', 11.97, '2015-09-15 09:45:00', '00:08:10', '2015-08-10 17:20:46', '2015-08-27 12:26:45', 0),
	(1170, 70, 'Brooklyn 2', 11.97, '2015-09-15 10:00:00', '00:08:10', '2015-08-10 17:20:46', '2015-08-27 12:26:45', 0),
	(1171, 70, 'Smith Creek 2', 10.19, '2015-09-15 10:15:00', '00:06:01', '2015-08-10 17:20:46', '2015-08-27 12:26:45', 0),
	(1172, 70, 'Pico', 15.36, '2015-09-15 10:30:00', '00:08:53', '2015-08-10 17:20:46', '2015-08-27 12:26:45', 0),
	(1173, 70, 'Pico 2', 15.36, '2015-09-15 10:45:00', '00:08:53', '2015-08-10 17:20:46', '2015-08-27 12:26:45', 0),
	(1174, 70, 'Wreck Creek', 6.71, '2015-09-15 11:00:00', '00:03:57', '2015-08-10 17:20:46', '2015-08-27 12:26:45', 0),
	(1175, 70, 'Wreck Creek 2', 6.71, '2015-09-15 11:15:00', '00:03:57', '2015-08-10 17:20:46', '2015-08-27 12:26:45', 0),
	(1176, 70, 'Taholah', 18.20, '2015-09-15 11:30:00', '00:11:46', '2015-08-10 17:20:47', '2015-08-27 12:26:45', 0),
	(1177, 70, 'Black Bear Highway', 7.22, '2015-09-15 11:45:00', '00:04:26', '2015-08-10 17:20:47', '2015-08-27 12:26:45', 0),
	(1178, 70, 'Taholah 2', 18.20, '2015-09-15 12:00:00', '00:11:46', '2015-08-10 17:20:47', '2015-08-27 12:26:45', 0),
	(1179, 70, 'Black Bear Highway 2', 7.22, '2015-09-15 12:15:00', '00:04:26', '2015-08-10 17:20:47', '2015-08-27 12:26:45', 0),
	(1183, 71, 'Guide Valley', 4.11, '2015-09-22 09:00:00', '00:02:43', '2015-08-10 17:24:19', '2015-08-27 12:26:45', 0),
	(1184, 71, 'Tewkesbury', 4.71, '2015-09-22 09:15:00', '00:02:48', '2015-08-10 17:24:19', '2015-08-27 12:26:45', 0),
	(1185, 71, 'Hellyer Leslie', 19.20, '2015-09-22 09:30:00', '00:11:15', '2015-08-10 17:24:19', '2015-08-27 12:26:45', 0),
	(1186, 71, 'Hellyer Leslie 2', 19.20, '2015-09-22 09:45:00', '00:11:15', '2015-08-10 17:24:19', '2015-08-27 12:26:45', 0),
	(1187, 71, 'Savage River', 24.99, '2015-09-22 10:00:00', '00:16:33', '2015-08-10 17:24:19', '2015-08-27 12:26:45', 0),
	(1188, 71, 'Savage River 2', 24.99, '2015-09-22 10:15:00', '00:16:33', '2015-08-10 17:24:19', '2015-08-27 12:26:45', 0),
	(1189, 71, 'Hellyer Leslie 3', 19.20, '2015-09-22 10:30:00', '00:11:15', '2015-08-10 17:24:19', '2015-08-27 12:26:45', 0),
	(1190, 71, 'Yolla North', 5.83, '2015-09-22 10:45:00', '00:03:31', '2015-08-10 17:24:19', '2015-08-27 12:26:45', 0),
	(1191, 71, 'Oldina North', 7.53, '2015-09-22 11:00:00', '00:04:22', '2015-08-10 17:24:19', '2015-08-27 12:26:45', 0),
	(1192, 71, 'Yolla North 2', 5.83, '2015-09-22 11:15:00', '00:03:31', '2015-08-10 17:24:19', '2015-08-27 12:26:45', 0),
	(1193, 71, 'Oldina North 2', 7.53, '2015-09-22 11:30:00', '00:04:22', '2015-08-10 17:24:19', '2015-08-27 12:26:45', 0),
	(1194, 71, 'Paloona Dam', 5.15, '2015-09-22 11:45:00', '00:03:07', '2015-08-10 17:24:19', '2015-08-27 12:26:45', 0),
	(1195, 71, 'Mt. Roland', 7.53, '2015-09-22 12:00:00', '00:04:38', '2015-08-10 17:24:19', '2015-08-27 12:26:45', 0),
	(1196, 71, 'King Solomon', 15.80, '2015-09-22 12:15:00', '00:09:39', '2015-08-10 17:24:19', '2015-08-27 12:26:45', 0),
	(1197, 71, 'Gog Range', 7.31, '2015-09-22 12:30:00', '00:04:34', '2015-08-10 17:24:20', '2015-08-27 12:26:45', 0),
	(1198, 71, 'Mt. Roland 2', 7.53, '2015-09-22 12:45:00', '00:04:38', '2015-08-10 17:24:20', '2015-08-27 12:26:45', 0),
	(1199, 71, 'King Solomon 2', 15.80, '2015-09-22 13:00:00', '00:09:39', '2015-08-10 17:24:20', '2015-08-27 12:26:45', 0),
	(1200, 72, 'Lysgard', 14.36, '2015-09-29 09:00:00', '00:09:27', '2015-08-10 17:28:35', '2015-08-27 12:26:45', 0),
	(1201, 72, 'Kjellerup', 2.56, '2015-09-29 09:15:00', '00:01:28', '2015-08-10 17:28:36', '2015-08-27 12:26:45', 0),
	(1202, 72, 'Sjorslev', 20.85, '2015-09-29 09:30:00', '00:11:52', '2015-08-10 17:28:36', '2015-08-27 12:26:45', 0),
	(1203, 72, 'Demstrup', 6.41, '2015-09-29 09:45:00', '00:03:43', '2015-08-10 17:28:36', '2015-08-27 12:26:45', 0),
	(1204, 72, 'Lysgard 2', 14.36, '2015-09-29 10:00:00', '00:09:27', '2015-08-10 17:28:37', '2015-08-27 12:26:45', 0),
	(1205, 72, 'Kjellerup 2', 2.56, '2015-09-29 10:15:00', '00:01:28', '2015-08-10 17:28:37', '2015-08-27 12:26:45', 0),
	(1206, 72, 'Sjorslev 2', 20.85, '2015-09-29 10:30:00', '00:11:52', '2015-08-10 17:28:37', '2015-08-27 12:26:45', 0),
	(1207, 72, 'Demstrup 2', 6.41, '2015-09-29 10:45:00', '00:03:43', '2015-08-10 17:28:38', '2015-08-27 12:26:45', 0),
	(1208, 72, 'Hindberg', 7.38, '2015-09-29 11:00:00', '00:04:19', '2015-08-10 17:28:38', '2015-08-27 12:26:45', 0),
	(1209, 72, 'Frederiksdal', 8.99, '2015-09-29 11:15:00', '00:05:39', '2015-08-10 17:28:39', '2015-08-27 12:26:45', 0),
	(1210, 72, 'Hinge', 6.51, '2015-09-29 11:30:00', '00:03:44', '2015-08-10 17:28:39', '2015-08-27 12:26:45', 0),
	(1211, 72, 'Hindberg 2', 7.38, '2015-09-29 11:45:00', '00:04:19', '2015-08-10 17:28:39', '2015-08-27 12:26:45', 0),
	(1212, 72, 'Frederiksdal 2', 8.99, '2015-09-29 12:00:00', '00:05:39', '2015-08-10 17:28:39', '2015-08-27 12:26:45', 0),
	(1213, 72, 'Hinge 2', 6.51, '2015-09-29 12:15:00', '00:03:44', '2015-08-10 17:28:39', '2015-08-27 12:26:45', 0),
	(1214, 72, 'Kjellerup 3', 2.56, '2015-09-29 12:30:00', '00:01:28', '2015-08-10 17:28:39', '2015-08-27 12:26:45', 0),
	(1217, 73, 'Saporro', 1.85, '2015-10-06 09:00:00', '00:01:06', '2015-08-10 17:30:34', '2015-08-27 12:26:45', 0),
	(1218, 73, 'Saporro 2', 1.85, '2015-10-06 09:15:00', '00:01:06', '2015-08-10 17:30:34', '2015-08-27 12:26:45', 0),
	(1219, 73, 'Iwanke', 26.67, '2015-10-06 09:30:00', '00:16:48', '2015-08-10 17:30:34', '2015-08-27 12:26:45', 0),
	(1220, 73, 'Kamauycep', 33.69, '2015-10-06 09:45:00', '00:22:37', '2015-08-10 17:30:34', '2015-08-27 12:26:45', 0),
	(1221, 73, 'Kina', 9.25, '2015-10-06 10:00:00', '00:06:08', '2015-08-10 17:30:34', '2015-08-27 12:26:45', 0),
	(1222, 73, 'Iwanke 2', 26.67, '2015-10-06 10:15:00', '00:16:48', '2015-08-10 17:30:34', '2015-08-27 12:26:45', 0),
	(1223, 73, 'Kamuycep 2', 33.34, '2015-10-06 10:30:00', '00:20:41', '2015-08-10 17:30:35', '2015-08-27 12:26:45', 0),
	(1224, 73, 'Kina 2', 9.25, '2015-10-06 10:45:00', '00:06:08', '2015-08-10 17:30:35', '2015-08-27 12:26:45', 0),
	(1225, 73, 'Saporro 3', 1.85, '2015-10-06 11:00:00', '00:01:06', '2015-08-10 17:30:35', '2015-08-27 12:26:45', 0),
	(1226, 73, 'Saporro 4', 1.85, '2015-10-06 11:15:00', '00:01:06', '2015-08-10 17:30:35', '2015-08-27 12:26:45', 0),
	(1227, 73, 'Nikara', 17.30, '2015-10-06 11:30:00', '00:09:52', '2015-08-10 17:30:35', '2015-08-27 12:26:45', 0),
	(1228, 73, 'Sikot', 27.28, '2015-10-06 11:45:00', '00:16:48', '2015-08-10 17:30:35', '2015-08-27 12:26:45', 0),
	(1229, 73, 'Koyka', 3.66, '2015-10-06 12:00:00', '00:02:04', '2015-08-10 17:30:35', '2015-08-27 12:26:45', 0),
	(1230, 73, 'Nikara 2', 17.30, '2015-10-06 12:15:00', '00:09:52', '2015-08-10 17:30:35', '2015-08-27 12:26:45', 0),
	(1231, 73, 'Sikot 2', 27.28, '2015-10-06 12:30:00', '00:16:48', '2015-08-10 17:30:35', '2015-08-27 12:26:45', 0),
	(1232, 73, 'Koyka 2', 3.66, '2015-10-06 12:45:00', '00:02:04', '2015-08-10 17:30:35', '2015-08-27 12:26:45', 0),
	(1233, 73, 'Saporro 5', 1.85, '2015-10-06 13:00:00', '00:01:06', '2015-08-10 17:30:35', '2015-08-12 15:56:59', 0),
	(1234, 74, 'Krzeszowice Rynek', 1.35, '2015-10-13 09:00:00', '00:00:49', '2015-08-10 17:47:58', '2015-08-27 12:26:45', 0),
	(1235, 74, 'Krzeszowice - Zalas', 7.53, '2015-10-13 09:15:00', '00:04:41', '2015-08-10 17:47:58', '2015-08-27 12:26:45', 0),
	(1236, 74, 'Sanka - Tenczynek', 6.84, '2015-10-13 09:30:00', '00:04:22', '2015-08-10 17:47:58', '2015-08-27 12:26:45', 0),
	(1237, 74, 'Tenczynek - Paczoltowice Golf', 10.51, '2015-10-13 09:45:00', '00:06:43', '2015-08-10 17:47:58', '2015-08-27 12:26:45', 0),
	(1238, 74, 'Paczoltowice Golf - Nowa Gora', 11.94, '2015-10-13 10:00:00', '00:08:02', '2015-08-10 17:47:58', '2015-08-27 12:26:45', 0),
	(1239, 74, 'Nowa Gora - Trzebinia Chechlo', 15.75, '2015-10-13 10:15:00', '00:09:35', '2015-08-10 17:47:58', '2015-08-27 12:26:45', 0),
	(1240, 74, 'Trzebinia Chechlo - Rudno', 17.63, '2015-10-13 10:30:00', '00:11:35', '2015-08-10 17:47:58', '2015-08-27 12:26:45', 0),
	(1241, 74, 'Rudno Zamek', 1.88, '2015-10-13 10:45:00', '00:01:06', '2015-08-10 17:47:58', '2015-08-27 12:26:45', 0),
	(1242, 74, 'Rudno - Krzeszowice', 9.46, '2015-10-13 11:00:00', '00:06:09', '2015-08-10 17:47:58', '2015-08-27 12:26:45', 0),
	(1243, 74, 'Krzeszowice - Rudawa', 8.26, '2015-10-13 11:15:00', '00:04:53', '2015-08-10 17:47:58', '2015-08-27 12:26:45', 0),
	(1244, 74, 'Rudawa - Siedlec', 4.36, '2015-10-13 11:30:00', '00:02:57', '2015-08-10 17:47:58', '2015-08-27 12:26:45', 0),
	(1245, 74, 'Siedlec - Krzeszowice', 4.46, '2015-10-13 11:45:00', '00:02:35', '2015-08-10 17:47:58', '2015-08-27 12:26:45', 0),
	(1246, 74, 'Krzeszowice Rynek 2', 1.35, '2015-10-13 12:00:00', '00:00:49', '2015-08-10 17:47:59', '2015-08-27 12:26:45', 0),
	(1247, 74, 'Krzeszowice - Czerna', 3.59, '2015-10-13 12:15:00', '00:02:21', '2015-08-10 17:47:59', '2015-08-27 12:26:45', 0),
	(1248, 74, 'Czerna - Filipowice', 7.33, '2015-10-13 12:30:00', '00:04:49', '2015-08-10 17:47:59', '2015-08-27 12:26:45', 0),
	(1249, 74, 'Krzeszowice Rynek 3', 1.35, '2015-10-13 12:45:00', '00:00:49', '2015-08-10 17:47:59', '2015-08-27 12:26:45', 0),
	(1251, 75, 'Bochnia Rynek', 1.70, '2015-10-20 09:00:00', '00:01:02', '2015-08-11 11:03:43', '2015-08-12 15:56:59', 0),
	(1252, 75, 'Bo-Glass', 5.14, '2015-10-20 09:15:00', '00:03:16', '2015-08-11 11:03:43', '2015-08-27 12:26:45', 0),
	(1253, 75, 'Lapanow', 8.40, '2015-10-20 09:30:00', '00:05:21', '2015-08-11 11:03:43', '2015-08-27 12:26:45', 0),
	(1254, 75, 'Lapanow - Laskowa', 23.30, '2015-10-20 09:45:00', '00:15:18', '2015-08-11 11:03:44', '2015-08-27 12:26:45', 0),
	(1255, 75, 'Laskowa - Krosna', 7.24, '2015-10-20 10:00:00', '00:04:26', '2015-08-11 11:03:44', '2015-08-27 12:26:45', 0),
	(1256, 75, 'Krosna - Bilsko', 11.47, '2015-10-20 10:15:00', '00:06:29', '2015-08-11 11:03:44', '2015-08-27 12:26:45', 0),
	(1257, 75, 'Bilsko - Iwkowa', 11.89, '2015-10-20 10:30:00', '00:07:16', '2015-08-11 11:03:44', '2015-08-27 12:26:45', 0),
	(1258, 75, 'Iwkowa - Lipnica Murowana', 13.94, '2015-10-20 10:45:00', '00:09:02', '2015-08-11 11:03:44', '2015-08-27 12:26:45', 0),
	(1259, 75, 'Lipnica Murowana - Nowy Wisnicz', 8.85, '2015-10-20 11:00:00', '00:05:46', '2015-08-11 11:03:44', '2015-08-27 12:26:45', 0),
	(1260, 75, 'Nowy Wisnicz - Bochnia', 7.86, '2015-10-20 11:15:00', '00:04:47', '2015-08-11 11:03:44', '2015-08-27 12:26:45', 0),
	(1261, 75, 'Bochnia Rynek 2', 1.70, '2015-10-20 11:30:00', '00:01:02', '2015-08-11 11:03:44', '2015-08-27 12:26:45', 0),
	(1262, 75, 'Rzezawa - Nowe Brzesko', 25.68, '2015-10-20 11:45:00', '00:14:49', '2015-08-11 11:03:44', '2015-08-27 12:26:45', 0),
	(1263, 75, 'Nowe Brzesko - Niepolomice', 20.37, '2015-10-20 12:00:00', '00:14:00', '2015-08-11 11:03:44', '2015-08-27 12:26:45', 0),
	(1264, 75, 'Niepolomice - Bochnia', 20.17, '2015-10-20 12:15:00', '00:12:33', '2015-08-11 11:03:44', '2015-08-27 12:26:45', 0),
	(1265, 75, 'Bochnia Rynek 3', 1.70, '2015-10-20 12:30:00', '00:01:02', '2015-08-11 11:03:44', '2015-08-27 12:26:45', 0),
	(1268, 76, 'Krakow Rynek', 2.85, '2015-10-27 09:00:00', '00:01:53', '2015-08-11 11:13:27', '2015-08-27 12:26:45', 0),
	(1269, 76, 'Kazimierz - Ruczaj', 5.69, '2015-10-27 09:15:00', '00:03:11', '2015-08-11 11:13:27', '2015-08-27 12:26:45', 0),
	(1270, 76, 'Ruczaj - Skawina', 9.39, '2015-10-27 09:30:00', '00:06:28', '2015-08-11 11:13:27', '2015-08-27 12:26:45', 0),
	(1271, 76, 'Skawina - Liszki', 14.27, '2015-10-27 09:45:00', '00:09:40', '2015-08-11 11:13:28', '2015-08-27 12:26:45', 0),
	(1272, 76, 'Liszki - Brzoskwinia', 10.50, '2015-10-27 10:00:00', '00:05:59', '2015-08-11 11:13:28', '2015-08-27 12:26:45', 0),
	(1273, 76, 'Brzoskwinia - Zabierzow', 10.53, '2015-10-27 10:15:00', '00:07:03', '2015-08-11 11:13:28', '2015-08-27 12:26:45', 0),
	(1274, 76, 'Zabierzow - Skala', 21.37, '2015-10-27 10:30:00', '00:12:11', '2015-08-11 11:13:28', '2015-08-27 12:26:45', 0),
	(1275, 76, 'Skala - Miechow', 28.10, '2015-10-27 10:45:00', '00:19:00', '2015-08-11 11:13:28', '2015-08-27 12:26:45', 0),
	(1276, 76, 'Miechow - Slomniki', 15.97, '2015-10-27 11:00:00', '00:09:40', '2015-08-11 11:13:28', '2015-08-27 12:26:45', 0),
	(1277, 76, 'Slomniki - Proszowice', 17.88, '2015-10-27 11:15:00', '00:11:34', '2015-08-11 11:13:28', '2015-08-27 12:26:45', 0),
	(1278, 76, 'Proszowice - Nowa Huta', 24.31, '2015-10-27 11:30:00', '00:15:18', '2015-08-11 11:13:28', '2015-08-27 12:26:45', 0),
	(1279, 76, 'Nowa Huta - Plaszow', 17.54, '2015-10-27 11:45:00', '00:11:49', '2015-08-11 11:13:28', '2015-08-27 12:26:45', 0),
	(1280, 76, 'Plaszow - Wieliczka', 10.43, '2015-10-27 12:00:00', '00:06:45', '2015-08-11 11:13:28', '2015-08-27 12:26:45', 0),
	(1281, 76, 'Wieliczka - Rybitwy', 10.48, '2015-10-27 12:15:00', '00:06:14', '2015-08-11 11:13:28', '2015-08-27 12:26:45', 0),
	(1282, 76, 'Rybitwy - Wawel', 7.85, '2015-10-27 12:30:00', '00:05:14', '2015-08-11 11:13:28', '2015-08-27 12:26:45', 0),
	(1283, 76, 'Krakow Rynek 2', 2.85, '2015-10-27 12:45:00', '00:01:53', '2015-08-11 11:13:28', '2015-08-27 12:26:45', 0),
	(1285, 77, 'Gdansk - Gdynia', 34.19, '2015-11-03 09:00:00', '00:20:35', '2015-08-11 11:24:14', '2015-08-27 12:26:45', 0),
	(1286, 77, 'Gdynia - Puck', 32.30, '2015-11-03 09:15:00', '00:19:19', '2015-08-11 11:24:14', '2015-08-27 12:26:45', 0),
	(1287, 77, 'Gdynia - Wladyslawowo', 14.39, '2015-11-03 09:30:00', '00:08:25', '2015-08-11 11:24:14', '2015-08-27 12:26:45', 0),
	(1288, 77, 'Wladyslawowo - Hel', 34.45, '2015-11-03 09:45:00', '00:22:20', '2015-08-11 11:24:14', '2015-08-27 12:26:45', 0),
	(1289, 77, 'Debki - Leba', 40.23, '2015-11-03 10:00:00', '00:27:03', '2015-08-11 11:24:14', '2015-08-27 12:26:45', 0),
	(1290, 77, 'Leba - Lebork', 29.90, '2015-11-03 10:15:00', '00:18:13', '2015-08-11 11:24:14', '2015-08-27 12:26:45', 0),
	(1291, 77, 'Lebork - Damno', 32.48, '2015-11-03 10:30:00', '00:18:19', '2015-08-11 11:24:14', '2015-08-27 12:26:45', 0),
	(1292, 77, 'Damno - Slupsk', 22.97, '2015-11-03 10:45:00', '00:14:50', '2015-08-11 11:24:14', '2015-08-27 12:26:45', 0),
	(1293, 77, 'Slupsk - Ustka', 18.97, '2015-11-03 11:00:00', '00:12:45', '2015-08-11 11:24:14', '2015-08-27 12:26:45', 0),
	(1294, 77, 'Ustka - Jaroslawiec', 28.54, '2015-11-03 11:15:00', '00:16:40', '2015-08-11 11:24:14', '2015-08-27 12:26:45', 0),
	(1295, 77, 'Jaroslawiec - Darlowo', 17.41, '2015-11-03 11:30:00', '00:11:36', '2015-08-11 11:24:14', '2015-08-27 12:26:45', 0),
	(1296, 77, 'Darlowo - Lazy', 27.65, '2015-11-03 11:45:00', '00:16:06', '2015-08-11 11:24:14', '2015-08-27 12:26:45', 0),
	(1297, 77, 'Lazy - Mielno', 9.59, '2015-11-03 12:00:00', '00:06:14', '2015-08-11 11:24:14', '2015-08-27 12:26:45', 0),
	(1298, 77, 'Mielno - Gaski', 10.66, '2015-11-03 12:15:00', '00:06:27', '2015-08-11 11:24:14', '2015-08-27 12:26:45', 0),
	(1299, 77, 'Gaski - Ustronie', 12.83, '2015-11-03 12:30:00', '00:07:12', '2015-08-11 11:24:15', '2015-08-27 12:26:45', 0),
	(1300, 77, 'Ustronie - Kolobrzeg', 13.68, '2015-11-03 12:45:00', '00:08:52', '2015-08-11 11:24:15', '2015-08-27 12:26:45', 0),
	(1301, 77, 'Kolobrzeg Rynek 1', 1.40, '2015-11-03 13:00:00', '00:00:47', '2015-08-11 11:24:15', '2015-08-27 12:26:46', 0),
	(1302, 78, 'Upper Old Hastings', 11.46, '2015-11-10 09:00:00', '00:07:06', '2015-08-11 11:38:06', '2015-08-27 12:26:46', 0),
	(1303, 78, 'Peanut 101', 15.14, '2015-11-10 09:15:00', '00:08:58', '2015-08-11 11:38:07', '2015-08-27 12:26:46', 0),
	(1304, 78, 'Upper Old Hastings 2', 11.46, '2015-11-10 09:30:00', '00:07:06', '2015-08-11 11:38:07', '2015-08-27 12:26:46', 0),
	(1305, 78, 'Old Detlor', 12.38, '2015-11-10 09:45:00', '00:07:56', '2015-08-11 11:38:07', '2015-08-27 12:26:46', 0),
	(1306, 78, 'Iron Bridge', 7.45, '2015-11-10 10:00:00', '00:04:21', '2015-08-11 11:38:07', '2015-08-27 12:26:46', 0),
	(1307, 78, 'Mayo Lake 101', 30.78, '2015-11-10 10:15:00', '00:20:55', '2015-08-11 11:38:07', '2015-08-27 12:26:46', 0),
	(1308, 78, 'Iron Bridge 2', 7.45, '2015-11-10 10:30:00', '00:04:21', '2015-08-11 11:38:07', '2015-08-27 12:26:46', 0),
	(1309, 78, 'Egan Creek', 27.95, '2015-11-10 10:45:00', '00:16:05', '2015-08-11 11:38:07', '2015-08-27 12:26:46', 0),
	(1310, 78, 'Lower Old Hastings', 14.73, '2015-11-10 11:00:00', '00:10:09', '2015-08-11 11:38:07', '2015-08-27 12:26:46', 0),
	(1311, 78, 'Middle Old Hastings', 7.25, '2015-11-10 11:15:00', '00:04:44', '2015-08-11 11:38:07', '2015-08-27 12:26:46', 0),
	(1312, 78, 'Golton', 2.17, '2015-11-10 11:30:00', '00:01:20', '2015-08-11 11:38:07', '2015-08-27 12:26:46', 0),
	(1313, 78, 'Golton 2', 2.17, '2015-11-10 11:45:00', '00:01:20', '2015-08-11 11:38:07', '2015-08-27 12:26:46', 0),
	(1314, 78, 'Egan 101', 31.93, '2015-11-10 12:00:00', '00:20:02', '2015-08-11 11:38:07', '2015-08-27 12:26:46', 0),
	(1315, 78, 'Lower Old Hastings 2', 14.73, '2015-11-10 12:15:00', '00:10:09', '2015-08-11 11:38:07', '2015-08-27 12:26:46', 0),
	(1316, 78, 'Middle Old Hastings', 7.22, '2015-11-10 12:30:00', '00:04:16', '2015-08-11 11:38:08', '2015-08-12 15:56:59', 0),
	(1319, 79, 'Transfagarasan Cascada', 9.59, '2015-11-17 09:00:00', '00:06:32', '2015-08-11 11:57:54', '2015-08-27 12:26:46', 0),
	(1320, 79, 'Transfagarasan Lac', 6.24, '2015-11-17 09:15:00', '00:04:01', '2015-08-11 11:57:54', '2015-08-27 12:26:46', 0),
	(1321, 79, 'Transfagarasan Lac 2', 6.24, '2015-11-17 09:30:00', '00:04:01', '2015-08-11 11:57:54', '2015-08-27 12:26:46', 0),
	(1322, 79, 'Transfagarasan Cascada 2', 9.59, '2015-11-17 09:45:00', '00:06:32', '2015-08-11 11:57:54', '2015-08-27 12:26:46', 0),
	(1323, 79, 'Baraj', 17.95, '2015-11-17 10:00:00', '00:11:02', '2015-08-11 11:57:55', '2015-08-27 12:26:46', 0),
	(1324, 79, 'Ilielaita', 9.99, '2015-11-17 10:15:00', '00:06:26', '2015-08-11 11:57:55', '2015-08-27 12:26:46', 0),
	(1325, 79, 'Fata Padurii', 14.38, '2015-11-17 10:30:00', '00:08:33', '2015-08-11 11:57:55', '2015-08-27 12:26:46', 0),
	(1326, 79, 'Baraj 2', 17.95, '2015-11-17 10:45:00', '00:11:02', '2015-08-11 11:57:55', '2015-08-27 12:26:46', 0),
	(1327, 79, 'Ilielaita 2', 9.99, '2015-11-17 11:00:00', '00:06:26', '2015-08-11 11:57:55', '2015-08-27 12:26:46', 0),
	(1328, 79, 'Fata Padurii 2', 14.38, '2015-11-17 11:15:00', '00:08:33', '2015-08-11 11:57:55', '2015-08-27 12:26:46', 0),
	(1329, 79, 'Paltinis', 9.75, '2015-11-17 11:30:00', '00:06:07', '2015-08-11 11:57:55', '2015-08-27 12:26:46', 0),
	(1330, 79, 'Paltinis Ski Resort', 15.89, '2015-11-17 11:45:00', '00:10:51', '2015-08-11 11:57:55', '2015-08-27 12:26:46', 0),
	(1331, 79, 'Sadu', 8.39, '2015-11-17 12:00:00', '00:05:10', '2015-08-11 11:57:55', '2015-08-27 12:26:46', 0),
	(1332, 79, 'Muncel', 29.39, '2015-11-17 12:15:00', '00:17:29', '2015-08-11 11:57:55', '2015-08-27 12:26:46', 0),
	(1333, 79, 'Paltinis Ski Resort 2', 15.89, '2015-11-17 12:30:00', '00:10:51', '2015-08-11 11:57:55', '2015-08-27 12:26:46', 0),
	(1334, 79, 'Muzeu', 3.52, '2015-11-17 12:45:00', '00:02:11', '2015-08-11 11:57:55', '2015-08-27 12:26:46', 0),
	(1335, 79, 'Sadu 2', 8.39, '2015-11-17 13:00:00', '00:05:10', '2015-08-11 11:57:55', '2015-08-27 12:26:46', 0),
	(1336, 80, 'Stage 0', 24.12, '2015-08-30 08:30:00', '17:27:43', '2015-08-25 17:13:01', '2015-08-25 17:13:01', 0),
	(1337, 80, 'Stage 1', 27.27, '2015-08-30 08:45:00', '17:28:25', '2015-08-25 17:13:01', '2015-08-25 17:13:01', 0),
	(1338, 80, 'Stage 2', 25.70, '2015-08-30 09:00:00', '17:28:43', '2015-08-25 17:13:01', '2015-08-25 17:13:01', 0),
	(1339, 80, 'Stage 3', 19.28, '2015-08-30 09:15:00', '17:23:28', '2015-08-25 17:13:01', '2015-08-25 17:13:01', 0),
	(1340, 80, 'Stage 4', 23.70, '2015-08-30 09:30:00', '17:26:24', '2015-08-25 17:13:01', '2015-08-25 17:13:01', 0),
	(1341, 80, 'Stage 5', 28.54, '2015-08-30 09:45:00', '17:28:08', '2015-08-25 17:13:01', '2015-08-25 17:13:01', 0),
	(1342, 80, 'Stage 6', 29.59, '2015-08-30 10:00:00', '17:28:41', '2015-08-25 17:13:01', '2015-08-25 17:13:01', 0),
	(1343, 80, 'Stage 7', 29.83, '2015-08-30 10:15:00', '17:28:32', '2015-08-25 17:13:01', '2015-08-25 17:13:01', 0),
	(1344, 80, 'Stage 8', 8.81, '2015-08-30 10:30:00', '17:17:41', '2015-08-25 17:13:01', '2015-08-25 17:13:01', 0),
	(1345, 80, 'Stage 9', 2.26, '2015-08-30 10:45:00', '17:14:01', '2015-08-25 17:13:01', '2015-08-25 17:13:01', 0),
	(1346, 80, 'Stage 10', 18.70, '2015-08-30 11:00:00', '17:22:36', '2015-08-25 17:13:01', '2015-08-25 17:13:01', 0),
	(1347, 80, 'Stage 11', 14.52, '2015-08-30 11:15:00', '17:21:32', '2015-08-25 17:13:01', '2015-08-25 17:13:01', 0),
	(1348, 80, 'Stage 12', 12.15, '2015-08-30 11:30:00', '17:19:55', '2015-08-25 17:13:01', '2015-08-25 17:13:01', 0),
	(1349, 80, 'Stage 13', 3.67, '2015-08-30 11:45:00', '17:14:21', '2015-08-25 17:13:01', '2015-08-25 17:13:01', 0),
	(1350, 80, 'Stage 14', 29.41, '2015-08-30 12:00:00', '17:30:03', '2015-08-25 17:13:01', '2015-08-25 17:13:01', 0),
	(1351, 80, 'Stage 15', 24.88, '2015-08-30 12:15:00', '17:25:31', '2015-08-25 17:13:01', '2015-08-25 17:13:01', 0),
	(1352, 80, 'Stage 16', 17.19, '2015-08-30 12:30:00', '17:21:37', '2015-08-25 17:13:01', '2015-08-25 17:13:01', 0),
	(1353, 80, 'Stage 17', 3.51, '2015-08-30 12:45:00', '17:14:37', '2015-08-25 17:13:01', '2015-08-25 17:13:01', 0),
	(1354, 81, 'Stage 0', 17.64, '2015-09-06 14:45:00', '17:23:35', '2015-08-25 17:13:01', '2015-08-25 17:13:01', 0),
	(1355, 81, 'Stage 1', 17.80, '2015-09-06 15:00:00', '17:23:54', '2015-08-25 17:13:01', '2015-08-25 17:13:01', 0),
	(1356, 81, 'Stage 2', 26.49, '2015-09-06 15:15:00', '17:26:21', '2015-08-25 17:13:01', '2015-08-25 17:13:01', 0),
	(1357, 81, 'Stage 3', 7.60, '2015-09-06 15:30:00', '17:16:12', '2015-08-25 17:13:01', '2015-08-25 17:13:01', 0),
	(1358, 81, 'Stage 4', 17.71, '2015-09-06 15:45:00', '17:23:40', '2015-08-25 17:13:01', '2015-08-25 17:13:01', 0),
	(1359, 81, 'Stage 5', 8.97, '2015-09-06 16:00:00', '17:17:53', '2015-08-25 17:13:01', '2015-08-25 17:13:01', 0),
	(1360, 81, 'Stage 6', 10.01, '2015-09-06 16:15:00', '17:18:40', '2015-08-25 17:13:01', '2015-08-25 17:13:01', 0),
	(1361, 81, 'Stage 7', 13.53, '2015-09-06 16:30:00', '17:20:19', '2015-08-25 17:13:01', '2015-08-25 17:13:01', 0),
	(1362, 81, 'Stage 8', 4.14, '2015-09-06 16:45:00', '17:15:01', '2015-08-25 17:13:01', '2015-08-25 17:13:01', 0),
	(1363, 81, 'Stage 9', 17.17, '2015-09-06 17:00:00', '17:22:53', '2015-08-25 17:13:01', '2015-08-25 17:13:01', 0),
	(1364, 81, 'Stage 10', 19.33, '2015-09-06 17:15:00', '17:24:54', '2015-08-25 17:13:01', '2015-08-25 17:13:01', 0),
	(1365, 81, 'Stage 11', 22.55, '2015-09-06 17:30:00', '17:25:17', '2015-08-25 17:13:01', '2015-08-25 17:13:01', 0),
	(1366, 81, 'Stage 12', 2.02, '2015-09-06 17:45:00', '17:14:01', '2015-08-25 17:13:01', '2015-08-25 17:13:01', 0),
	(1367, 81, 'Stage 13', 12.48, '2015-09-06 18:00:00', '17:19:11', '2015-08-25 17:13:01', '2015-08-25 17:13:01', 0),
	(1368, 81, 'Stage 14', 17.87, '2015-09-06 18:15:00', '17:23:10', '2015-08-25 17:13:01', '2015-08-25 17:13:01', 0),
	(1369, 81, 'Stage 15', 27.07, '2015-09-06 18:30:00', '17:27:39', '2015-08-25 17:13:01', '2015-08-25 17:13:01', 0),
	(1370, 81, 'Stage 16', 27.93, '2015-09-06 18:45:00', '17:28:41', '2015-08-25 17:13:01', '2015-08-25 17:13:01', 0),
	(1371, 81, 'Stage 17', 3.05, '2015-09-06 19:00:00', '17:14:01', '2015-08-25 17:13:01', '2015-08-25 17:13:01', 0),
	(1372, 82, 'Stage 0', 12.68, '2015-09-13 12:00:00', '17:19:59', '2015-08-25 17:13:01', '2015-08-25 17:13:01', 0),
	(1373, 82, 'Stage 1', 9.36, '2015-09-13 12:15:00', '17:17:10', '2015-08-25 17:13:01', '2015-08-25 17:13:01', 0),
	(1374, 82, 'Stage 2', 27.44, '2015-09-13 12:30:00', '17:27:20', '2015-08-25 17:13:01', '2015-08-25 17:13:01', 0),
	(1375, 82, 'Stage 3', 21.18, '2015-09-13 12:45:00', '17:24:41', '2015-08-25 17:13:01', '2015-08-25 17:13:01', 0),
	(1376, 82, 'Stage 4', 5.82, '2015-09-13 13:00:00', '17:16:01', '2015-08-25 17:13:01', '2015-08-25 17:13:01', 0),
	(1377, 82, 'Stage 5', 9.87, '2015-09-13 13:15:00', '17:19:01', '2015-08-25 17:13:01', '2015-08-25 17:13:01', 0),
	(1378, 82, 'Stage 6', 20.17, '2015-09-13 13:30:00', '17:24:01', '2015-08-25 17:13:01', '2015-08-25 17:13:01', 0),
	(1379, 82, 'Stage 7', 26.87, '2015-09-13 13:45:00', '17:28:57', '2015-08-25 17:13:01', '2015-08-25 17:13:01', 0),
	(1380, 82, 'Stage 8', 17.21, '2015-09-13 14:00:00', '17:22:07', '2015-08-25 17:13:01', '2015-08-25 17:13:01', 0),
	(1381, 82, 'Stage 9', 4.26, '2015-09-13 14:15:00', '17:15:01', '2015-08-25 17:13:01', '2015-08-25 17:13:01', 0),
	(1382, 82, 'Stage 10', 4.90, '2015-09-13 14:30:00', '17:15:34', '2015-08-25 17:13:01', '2015-08-25 17:13:01', 0),
	(1383, 82, 'Stage 11', 25.18, '2015-09-13 14:45:00', '17:27:20', '2015-08-25 17:13:01', '2015-08-25 17:13:01', 0),
	(1384, 82, 'Stage 12', 22.70, '2015-09-13 15:00:00', '17:27:00', '2015-08-25 17:13:01', '2015-08-25 17:13:01', 0),
	(1385, 82, 'Stage 13', 3.25, '2015-09-13 15:15:00', '17:14:14', '2015-08-25 17:13:01', '2015-08-25 17:13:01', 0),
	(1386, 82, 'Stage 14', 19.34, '2015-09-13 15:30:00', '17:24:28', '2015-08-25 17:13:01', '2015-08-25 17:13:01', 0),
	(1387, 82, 'Stage 15', 6.75, '2015-09-13 15:45:00', '17:16:25', '2015-08-25 17:13:01', '2015-08-25 17:13:01', 0),
	(1388, 82, 'Stage 16', 25.25, '2015-09-13 16:00:00', '17:27:24', '2015-08-25 17:13:01', '2015-08-25 17:13:01', 0),
	(1389, 82, 'Stage 17', 6.98, '2015-09-13 16:15:00', '17:16:47', '2015-08-25 17:13:01', '2015-08-25 17:13:01', 0),
	(1390, 83, 'Stage 0', 6.75, '2015-09-20 14:15:00', '17:16:46', '2015-08-25 17:13:01', '2015-08-25 17:13:01', 0),
	(1391, 83, 'Stage 1', 22.23, '2015-09-20 14:30:00', '17:25:10', '2015-08-25 17:13:01', '2015-08-25 17:13:01', 0),
	(1392, 83, 'Stage 2', 11.66, '2015-09-20 14:45:00', '17:19:02', '2015-08-25 17:13:01', '2015-08-25 17:13:01', 0),
	(1393, 83, 'Stage 3', 6.76, '2015-09-20 15:00:00', '17:16:07', '2015-08-25 17:13:01', '2015-08-25 17:13:01', 0),
	(1394, 83, 'Stage 4', 11.80, '2015-09-20 15:15:00', '17:19:54', '2015-08-25 17:13:01', '2015-08-25 17:13:01', 0),
	(1395, 83, 'Stage 5', 9.50, '2015-09-20 15:30:00', '17:17:58', '2015-08-25 17:13:01', '2015-08-25 17:13:01', 0),
	(1396, 83, 'Stage 6', 25.79, '2015-09-20 15:45:00', '17:28:33', '2015-08-25 17:13:01', '2015-08-25 17:13:01', 0),
	(1397, 83, 'Stage 7', 21.69, '2015-09-20 16:00:00', '17:25:26', '2015-08-25 17:13:01', '2015-08-25 17:13:01', 0),
	(1398, 83, 'Stage 8', 21.92, '2015-09-20 16:15:00', '17:25:32', '2015-08-25 17:13:01', '2015-08-25 17:13:01', 0),
	(1399, 83, 'Stage 9', 19.94, '2015-09-20 16:30:00', '17:23:07', '2015-08-25 17:13:01', '2015-08-25 17:13:01', 0),
	(1400, 83, 'Stage 10', 25.20, '2015-09-20 16:45:00', '17:27:43', '2015-08-25 17:13:01', '2015-08-25 17:13:01', 0),
	(1401, 83, 'Stage 11', 12.36, '2015-09-20 17:00:00', '17:19:43', '2015-08-25 17:13:01', '2015-08-25 17:13:01', 0),
	(1402, 83, 'Stage 12', 20.84, '2015-09-20 17:15:00', '17:23:54', '2015-08-25 17:13:01', '2015-08-25 17:13:01', 0),
	(1403, 83, 'Stage 13', 27.80, '2015-09-20 17:30:00', '17:29:16', '2015-08-25 17:13:01', '2015-08-25 17:13:01', 0),
	(1404, 83, 'Stage 14', 5.79, '2015-09-20 17:45:00', '17:16:01', '2015-08-25 17:13:01', '2015-08-25 17:13:01', 0),
	(1405, 83, 'Stage 15', 4.09, '2015-09-20 18:00:00', '17:15:01', '2015-08-25 17:13:01', '2015-08-25 17:13:01', 0),
	(1406, 83, 'Stage 16', 10.06, '2015-09-20 18:15:00', '17:18:21', '2015-08-25 17:13:01', '2015-08-25 17:13:01', 0),
	(1407, 83, 'Stage 17', 8.16, '2015-09-20 18:30:00', '17:18:01', '2015-08-25 17:13:01', '2015-08-25 17:13:01', 0),
	(1408, 84, 'Stage 0', 12.95, '2015-09-27 11:15:00', '17:19:08', '2015-08-25 17:13:01', '2015-08-25 17:13:01', 0),
	(1409, 84, 'Stage 1', 26.37, '2015-09-27 11:30:00', '17:26:07', '2015-08-25 17:13:01', '2015-08-25 17:13:01', 0),
	(1410, 84, 'Stage 2', 13.33, '2015-09-27 11:45:00', '17:20:17', '2015-08-25 17:13:01', '2015-08-25 17:13:01', 0),
	(1411, 84, 'Stage 3', 7.47, '2015-09-27 12:00:00', '17:16:31', '2015-08-25 17:13:01', '2015-08-25 17:13:01', 0),
	(1412, 84, 'Stage 4', 9.06, '2015-09-27 12:15:00', '17:17:54', '2015-08-25 17:13:01', '2015-08-25 17:13:01', 0),
	(1413, 84, 'Stage 5', 25.98, '2015-09-27 12:30:00', '17:28:37', '2015-08-25 17:13:01', '2015-08-25 17:13:01', 0),
	(1414, 84, 'Stage 6', 14.71, '2015-09-27 12:45:00', '17:20:48', '2015-08-25 17:13:01', '2015-08-25 17:13:01', 0),
	(1415, 84, 'Stage 7', 27.05, '2015-09-27 13:00:00', '17:28:12', '2015-08-25 17:13:01', '2015-08-25 17:13:01', 0),
	(1416, 84, 'Stage 8', 14.17, '2015-09-27 13:15:00', '17:20:58', '2015-08-25 17:13:01', '2015-08-25 17:13:01', 0),
	(1417, 84, 'Stage 9', 15.73, '2015-09-27 13:30:00', '17:21:08', '2015-08-25 17:13:01', '2015-08-25 17:13:01', 0),
	(1418, 84, 'Stage 10', 4.52, '2015-09-27 13:45:00', '17:15:01', '2015-08-25 17:13:01', '2015-08-25 17:13:01', 0),
	(1419, 84, 'Stage 11', 22.79, '2015-09-27 14:00:00', '17:24:30', '2015-08-25 17:13:01', '2015-08-25 17:13:01', 0),
	(1420, 84, 'Stage 12', 9.91, '2015-09-27 14:15:00', '17:18:19', '2015-08-25 17:13:01', '2015-08-25 17:13:01', 0),
	(1421, 84, 'Stage 13', 17.13, '2015-09-27 14:30:00', '17:22:54', '2015-08-25 17:13:01', '2015-08-25 17:13:01', 0),
	(1422, 84, 'Stage 14', 9.34, '2015-09-27 14:45:00', '17:17:12', '2015-08-25 17:13:01', '2015-08-25 17:13:01', 0),
	(1423, 84, 'Stage 15', 8.33, '2015-09-27 15:00:00', '17:17:17', '2015-08-25 17:13:01', '2015-08-25 17:13:01', 0),
	(1424, 84, 'Stage 16', 19.44, '2015-09-27 15:15:00', '17:24:32', '2015-08-25 17:13:01', '2015-08-25 17:13:01', 0),
	(1425, 84, 'Stage 17', 29.54, '2015-09-27 15:30:00', '17:28:03', '2015-08-25 17:13:01', '2015-08-25 17:13:01', 0),
	(1426, 85, 'Stage 0', 16.89, '2015-10-04 08:00:00', '17:22:12', '2015-08-25 17:13:01', '2015-08-25 17:13:01', 0),
	(1427, 85, 'Stage 1', 5.41, '2015-10-04 08:15:00', '17:15:45', '2015-08-25 17:13:01', '2015-08-25 17:13:01', 0),
	(1428, 85, 'Stage 2', 3.79, '2015-10-04 08:30:00', '17:14:58', '2015-08-25 17:13:01', '2015-08-25 17:13:01', 0),
	(1429, 85, 'Stage 3', 18.23, '2015-10-04 08:45:00', '17:22:58', '2015-08-25 17:13:01', '2015-08-25 17:13:01', 0),
	(1430, 85, 'Stage 4', 6.73, '2015-10-04 09:00:00', '17:16:40', '2015-08-25 17:13:01', '2015-08-25 17:13:01', 0),
	(1431, 85, 'Stage 5', 14.69, '2015-10-04 09:15:00', '17:21:40', '2015-08-25 17:13:01', '2015-08-25 17:13:01', 0),
	(1432, 85, 'Stage 6', 14.54, '2015-10-04 09:30:00', '17:20:39', '2015-08-25 17:13:01', '2015-08-25 17:13:01', 0),
	(1433, 85, 'Stage 7', 26.51, '2015-10-04 09:45:00', '17:27:36', '2015-08-25 17:13:01', '2015-08-25 17:13:01', 0),
	(1434, 85, 'Stage 8', 7.91, '2015-10-04 10:00:00', '17:17:01', '2015-08-25 17:13:01', '2015-08-25 17:13:01', 0),
	(1435, 85, 'Stage 9', 25.23, '2015-10-04 10:15:00', '17:26:05', '2015-08-25 17:13:01', '2015-08-25 17:13:01', 0),
	(1436, 85, 'Stage 10', 20.09, '2015-10-04 10:30:00', '17:23:12', '2015-08-25 17:13:01', '2015-08-25 17:13:01', 0),
	(1437, 85, 'Stage 11', 13.43, '2015-10-04 10:45:00', '17:20:10', '2015-08-25 17:13:01', '2015-08-25 17:13:01', 0),
	(1438, 85, 'Stage 12', 22.03, '2015-10-04 11:00:00', '17:25:28', '2015-08-25 17:13:01', '2015-08-25 17:13:01', 0),
	(1439, 85, 'Stage 13', 15.04, '2015-10-04 11:15:00', '17:21:42', '2015-08-25 17:13:01', '2015-08-25 17:13:01', 0),
	(1440, 85, 'Stage 14', 3.13, '2015-10-04 11:30:00', '17:14:01', '2015-08-25 17:13:01', '2015-08-25 17:13:01', 0),
	(1441, 85, 'Stage 15', 11.03, '2015-10-04 11:45:00', '17:18:27', '2015-08-25 17:13:01', '2015-08-25 17:13:01', 0),
	(1442, 85, 'Stage 16', 19.34, '2015-10-04 12:00:00', '17:24:36', '2015-08-25 17:13:01', '2015-08-25 17:13:01', 0),
	(1443, 85, 'Stage 17', 11.24, '2015-10-04 12:15:00', '17:19:59', '2015-08-25 17:13:01', '2015-08-25 17:13:01', 0),
	(1444, 86, 'Stage 0', 9.46, '2015-10-11 11:30:00', '17:17:11', '2015-08-25 17:13:01', '2015-08-25 17:13:01', 0),
	(1445, 86, 'Stage 1', 9.47, '2015-10-11 11:45:00', '17:17:14', '2015-08-25 17:13:01', '2015-08-25 17:13:01', 0),
	(1446, 86, 'Stage 2', 28.48, '2015-10-11 12:00:00', '17:28:40', '2015-08-25 17:13:01', '2015-08-25 17:13:01', 0),
	(1447, 86, 'Stage 3', 26.24, '2015-10-11 12:15:00', '17:27:55', '2015-08-25 17:13:01', '2015-08-25 17:13:01', 0),
	(1448, 86, 'Stage 4', 12.44, '2015-10-11 12:30:00', '17:19:46', '2015-08-25 17:13:01', '2015-08-25 17:13:01', 0),
	(1449, 86, 'Stage 5', 25.98, '2015-10-11 12:45:00', '17:26:11', '2015-08-25 17:13:01', '2015-08-25 17:13:01', 0),
	(1450, 86, 'Stage 6', 3.06, '2015-10-11 13:00:00', '17:14:01', '2015-08-25 17:13:01', '2015-08-25 17:13:01', 0),
	(1451, 86, 'Stage 7', 21.53, '2015-10-11 13:15:00', '17:25:55', '2015-08-25 17:13:01', '2015-08-25 17:13:01', 0),
	(1452, 86, 'Stage 8', 27.80, '2015-10-11 13:30:00', '17:28:55', '2015-08-25 17:13:01', '2015-08-25 17:13:01', 0),
	(1453, 86, 'Stage 9', 7.88, '2015-10-11 13:45:00', '17:17:01', '2015-08-25 17:13:01', '2015-08-25 17:13:01', 0),
	(1454, 86, 'Stage 10', 27.69, '2015-10-11 14:00:00', '17:27:43', '2015-08-25 17:13:01', '2015-08-25 17:13:01', 0),
	(1455, 86, 'Stage 11', 16.22, '2015-10-11 14:15:00', '17:21:50', '2015-08-25 17:13:01', '2015-08-25 17:13:01', 0),
	(1456, 86, 'Stage 12', 11.75, '2015-10-11 14:30:00', '17:19:09', '2015-08-25 17:13:01', '2015-08-25 17:13:01', 0),
	(1457, 86, 'Stage 13', 19.67, '2015-10-11 14:45:00', '17:24:06', '2015-08-25 17:13:01', '2015-08-25 17:13:01', 0),
	(1458, 86, 'Stage 14', 25.27, '2015-10-11 15:00:00', '17:26:42', '2015-08-25 17:13:01', '2015-08-25 17:13:01', 0),
	(1459, 86, 'Stage 15', 22.07, '2015-10-11 15:15:00', '17:25:17', '2015-08-25 17:13:01', '2015-08-25 17:13:01', 0),
	(1460, 86, 'Stage 16', 25.10, '2015-10-11 15:30:00', '17:26:28', '2015-08-25 17:13:01', '2015-08-25 17:13:01', 0),
	(1461, 86, 'Stage 17', 28.79, '2015-10-11 15:45:00', '17:28:56', '2015-08-25 17:13:01', '2015-08-25 17:13:01', 0),
	(1462, 87, 'Stage 0', 2.97, '2015-10-18 12:45:00', '17:14:01', '2015-08-25 17:13:01', '2015-08-25 17:13:01', 0),
	(1463, 87, 'Stage 1', 29.44, '2015-10-18 13:00:00', '17:30:52', '2015-08-25 17:13:01', '2015-08-25 17:13:01', 0),
	(1464, 87, 'Stage 2', 29.93, '2015-10-18 13:15:00', '17:31:01', '2015-08-25 17:13:01', '2015-08-25 17:13:01', 0),
	(1465, 87, 'Stage 3', 23.87, '2015-10-18 13:30:00', '17:27:11', '2015-08-25 17:13:01', '2015-08-25 17:13:01', 0),
	(1466, 87, 'Stage 4', 27.88, '2015-10-18 13:45:00', '17:27:08', '2015-08-25 17:13:01', '2015-08-25 17:13:01', 0),
	(1467, 87, 'Stage 5', 13.48, '2015-10-18 14:00:00', '17:20:11', '2015-08-25 17:13:01', '2015-08-25 17:13:01', 0),
	(1468, 87, 'Stage 6', 22.52, '2015-10-18 14:15:00', '17:24:12', '2015-08-25 17:13:01', '2015-08-25 17:13:01', 0),
	(1469, 87, 'Stage 7', 26.31, '2015-10-18 14:30:00', '17:27:10', '2015-08-25 17:13:01', '2015-08-25 17:13:01', 0),
	(1470, 87, 'Stage 8', 19.17, '2015-10-18 14:45:00', '17:23:01', '2015-08-25 17:13:01', '2015-08-25 17:13:01', 0),
	(1471, 87, 'Stage 9', 22.06, '2015-10-18 15:00:00', '17:24:37', '2015-08-25 17:13:01', '2015-08-25 17:13:01', 0),
	(1472, 87, 'Stage 10', 23.83, '2015-10-18 15:15:00', '17:25:39', '2015-08-25 17:13:01', '2015-08-25 17:13:01', 0),
	(1473, 87, 'Stage 11', 28.73, '2015-10-18 15:30:00', '17:30:20', '2015-08-25 17:13:01', '2015-08-25 17:13:01', 0),
	(1474, 87, 'Stage 12', 23.52, '2015-10-18 15:45:00', '17:26:43', '2015-08-25 17:13:01', '2015-08-25 17:13:01', 0),
	(1475, 87, 'Stage 13', 13.54, '2015-10-18 16:00:00', '17:20:45', '2015-08-25 17:13:01', '2015-08-25 17:13:01', 0),
	(1476, 87, 'Stage 14', 20.31, '2015-10-18 16:15:00', '17:23:49', '2015-08-25 17:13:01', '2015-08-25 17:13:01', 0),
	(1477, 87, 'Stage 15', 26.27, '2015-10-18 16:30:00', '17:28:53', '2015-08-25 17:13:01', '2015-08-25 17:13:01', 0),
	(1478, 87, 'Stage 16', 9.74, '2015-10-18 16:45:00', '17:18:33', '2015-08-25 17:13:01', '2015-08-25 17:13:01', 0),
	(1479, 87, 'Stage 17', 19.61, '2015-10-18 17:00:00', '17:23:04', '2015-08-25 17:13:01', '2015-08-25 17:13:01', 0),
	(1480, 88, 'Stage 0', 26.39, '2015-10-25 11:15:00', '17:27:28', '2015-08-25 17:13:01', '2015-08-25 17:13:01', 0),
	(1481, 88, 'Stage 1', 24.43, '2015-10-25 11:30:00', '17:25:16', '2015-08-25 17:13:01', '2015-08-25 17:13:01', 0),
	(1482, 88, 'Stage 2', 23.56, '2015-10-25 11:45:00', '17:26:04', '2015-08-25 17:13:01', '2015-08-25 17:13:01', 0),
	(1483, 88, 'Stage 3', 28.85, '2015-10-25 12:00:00', '17:28:51', '2015-08-25 17:13:01', '2015-08-25 17:13:01', 0),
	(1484, 88, 'Stage 4', 10.94, '2015-10-25 12:15:00', '17:18:02', '2015-08-25 17:13:01', '2015-08-25 17:13:01', 0),
	(1485, 88, 'Stage 5', 23.84, '2015-10-25 12:30:00', '17:27:34', '2015-08-25 17:13:01', '2015-08-25 17:13:01', 0),
	(1486, 88, 'Stage 6', 17.67, '2015-10-25 12:45:00', '17:22:37', '2015-08-25 17:13:01', '2015-08-25 17:13:01', 0),
	(1487, 88, 'Stage 7', 20.73, '2015-10-25 13:00:00', '17:25:34', '2015-08-25 17:13:01', '2015-08-25 17:13:01', 0),
	(1488, 88, 'Stage 8', 7.69, '2015-10-25 13:15:00', '17:17:01', '2015-08-25 17:13:01', '2015-08-25 17:13:01', 0),
	(1489, 88, 'Stage 9', 28.48, '2015-10-25 13:30:00', '17:28:13', '2015-08-25 17:13:01', '2015-08-25 17:13:01', 0),
	(1490, 88, 'Stage 10', 10.64, '2015-10-25 13:45:00', '17:18:39', '2015-08-25 17:13:01', '2015-08-25 17:13:01', 0),
	(1491, 88, 'Stage 11', 25.87, '2015-10-25 14:00:00', '17:26:53', '2015-08-25 17:13:01', '2015-08-25 17:13:01', 0),
	(1492, 88, 'Stage 12', 13.02, '2015-10-25 14:15:00', '17:20:03', '2015-08-25 17:13:01', '2015-08-25 17:13:01', 0),
	(1493, 88, 'Stage 13', 23.61, '2015-10-25 14:30:00', '17:26:03', '2015-08-25 17:13:01', '2015-08-25 17:13:01', 0),
	(1494, 88, 'Stage 14', 13.21, '2015-10-25 14:45:00', '17:20:17', '2015-08-25 17:13:01', '2015-08-25 17:13:01', 0),
	(1495, 88, 'Stage 15', 29.72, '2015-10-25 15:00:00', '17:28:45', '2015-08-25 17:13:01', '2015-08-25 17:13:01', 0),
	(1496, 88, 'Stage 16', 7.79, '2015-10-25 15:15:00', '17:17:01', '2015-08-25 17:13:01', '2015-08-25 17:13:01', 0),
	(1497, 88, 'Stage 17', 24.96, '2015-10-25 15:30:00', '17:26:21', '2015-08-25 17:13:01', '2015-08-25 17:13:01', 0),
	(1498, 89, 'Stage 0', 14.01, '2015-11-01 13:15:00', '17:20:37', '2015-08-25 17:13:01', '2015-08-25 17:13:01', 0),
	(1499, 89, 'Stage 1', 23.41, '2015-11-01 13:30:00', '17:25:11', '2015-08-25 17:13:01', '2015-08-25 17:13:01', 0),
	(1500, 89, 'Stage 2', 5.01, '2015-11-01 13:45:00', '17:15:42', '2015-08-25 17:13:01', '2015-08-25 17:13:01', 0),
	(1501, 89, 'Stage 3', 17.73, '2015-11-01 14:00:00', '17:23:44', '2015-08-25 17:13:01', '2015-08-25 17:13:01', 0),
	(1502, 89, 'Stage 4', 3.11, '2015-11-01 14:15:00', '17:14:01', '2015-08-25 17:13:01', '2015-08-25 17:13:01', 0),
	(1503, 89, 'Stage 5', 26.28, '2015-11-01 14:30:00', '17:28:27', '2015-08-25 17:13:01', '2015-08-25 17:13:01', 0),
	(1504, 89, 'Stage 6', 4.41, '2015-11-01 14:45:00', '17:15:01', '2015-08-25 17:13:01', '2015-08-25 17:13:01', 0),
	(1505, 89, 'Stage 7', 20.13, '2015-11-01 15:00:00', '17:23:16', '2015-08-25 17:13:01', '2015-08-25 17:13:01', 0),
	(1506, 89, 'Stage 8', 29.31, '2015-11-01 15:15:00', '17:29:33', '2015-08-25 17:13:01', '2015-08-25 17:13:01', 0),
	(1507, 89, 'Stage 9', 2.73, '2015-11-01 15:30:00', '17:14:01', '2015-08-25 17:13:01', '2015-08-25 17:13:01', 0),
	(1508, 89, 'Stage 10', 25.63, '2015-11-01 15:45:00', '17:26:41', '2015-08-25 17:13:01', '2015-08-25 17:13:01', 0),
	(1509, 89, 'Stage 11', 3.61, '2015-11-01 16:00:00', '17:14:22', '2015-08-25 17:13:01', '2015-08-25 17:13:01', 0),
	(1510, 89, 'Stage 12', 8.81, '2015-11-01 16:15:00', '17:17:26', '2015-08-25 17:13:01', '2015-08-25 17:13:01', 0),
	(1511, 89, 'Stage 13', 18.00, '2015-11-01 16:30:00', '17:23:19', '2015-08-25 17:13:01', '2015-08-25 17:13:01', 0),
	(1512, 89, 'Stage 14', 28.11, '2015-11-01 16:45:00', '17:29:55', '2015-08-25 17:13:01', '2015-08-25 17:13:01', 0),
	(1513, 89, 'Stage 15', 13.53, '2015-11-01 17:00:00', '17:21:01', '2015-08-25 17:13:01', '2015-08-25 17:13:01', 0),
	(1514, 89, 'Stage 16', 15.55, '2015-11-01 17:15:00', '17:21:46', '2015-08-25 17:13:01', '2015-08-25 17:13:01', 0),
	(1515, 89, 'Stage 17', 14.82, '2015-11-01 17:30:00', '17:21:10', '2015-08-25 17:13:01', '2015-08-25 17:13:01', 0),
	(1516, 90, 'Stage 0', 25.81, '2015-11-08 13:00:00', '17:26:59', '2015-08-25 17:13:01', '2015-08-25 17:13:01', 0),
	(1517, 90, 'Stage 1', 11.28, '2015-11-08 13:15:00', '17:19:28', '2015-08-25 17:13:01', '2015-08-25 17:13:01', 0),
	(1518, 90, 'Stage 2', 20.57, '2015-11-08 13:30:00', '17:24:28', '2015-08-25 17:13:01', '2015-08-25 17:13:01', 0),
	(1519, 90, 'Stage 3', 13.78, '2015-11-08 13:45:00', '17:20:09', '2015-08-25 17:13:01', '2015-08-25 17:13:01', 0),
	(1520, 90, 'Stage 4', 9.11, '2015-11-08 14:00:00', '17:17:45', '2015-08-25 17:13:01', '2015-08-25 17:13:01', 0),
	(1521, 90, 'Stage 5', 5.11, '2015-11-08 14:15:00', '17:15:11', '2015-08-25 17:13:01', '2015-08-25 17:13:01', 0),
	(1522, 90, 'Stage 6', 3.95, '2015-11-08 14:30:00', '17:15:01', '2015-08-25 17:13:01', '2015-08-25 17:13:01', 0),
	(1523, 90, 'Stage 7', 24.78, '2015-11-08 14:45:00', '17:26:40', '2015-08-25 17:13:01', '2015-08-25 17:13:01', 0),
	(1524, 90, 'Stage 8', 10.23, '2015-11-08 15:00:00', '17:18:15', '2015-08-25 17:13:01', '2015-08-25 17:13:01', 0),
	(1525, 90, 'Stage 9', 19.87, '2015-11-08 15:15:00', '17:24:31', '2015-08-25 17:13:01', '2015-08-25 17:13:01', 0),
	(1526, 90, 'Stage 10', 3.53, '2015-11-08 15:30:00', '17:14:15', '2015-08-25 17:13:01', '2015-08-25 17:13:01', 0),
	(1527, 90, 'Stage 11', 23.98, '2015-11-08 15:45:00', '17:25:57', '2015-08-25 17:13:01', '2015-08-25 17:13:01', 0),
	(1528, 90, 'Stage 12', 17.27, '2015-11-08 16:00:00', '17:22:41', '2015-08-25 17:13:01', '2015-08-25 17:13:01', 0),
	(1529, 90, 'Stage 13', 25.33, '2015-11-08 16:15:00', '17:26:25', '2015-08-25 17:13:01', '2015-08-25 17:13:01', 0),
	(1530, 90, 'Stage 14', 14.62, '2015-11-08 16:30:00', '17:20:59', '2015-08-25 17:13:01', '2015-08-25 17:13:01', 0),
	(1531, 90, 'Stage 15', 4.93, '2015-11-08 16:45:00', '17:15:04', '2015-08-25 17:13:01', '2015-08-25 17:13:01', 0),
	(1532, 90, 'Stage 16', 15.57, '2015-11-08 17:00:00', '17:21:21', '2015-08-25 17:13:01', '2015-08-25 17:13:01', 0),
	(1533, 90, 'Stage 17', 25.24, '2015-11-08 17:15:00', '17:26:25', '2015-08-25 17:13:01', '2015-08-25 17:13:01', 0),
	(1534, 91, 'Stage 0', 11.56, '2015-11-15 09:30:00', '17:19:36', '2015-08-25 17:13:01', '2015-08-25 17:13:01', 0),
	(1535, 91, 'Stage 1', 8.65, '2015-11-15 09:45:00', '17:17:51', '2015-08-25 17:13:01', '2015-08-25 17:13:01', 0),
	(1536, 91, 'Stage 2', 20.04, '2015-11-15 10:00:00', '17:23:43', '2015-08-25 17:13:01', '2015-08-25 17:13:01', 0),
	(1537, 91, 'Stage 3', 24.74, '2015-11-15 10:15:00', '17:25:41', '2015-08-25 17:13:01', '2015-08-25 17:13:01', 0),
	(1538, 91, 'Stage 4', 8.40, '2015-11-15 10:30:00', '17:17:21', '2015-08-25 17:13:01', '2015-08-25 17:13:01', 0),
	(1539, 91, 'Stage 5', 28.81, '2015-11-15 10:45:00', '17:30:49', '2015-08-25 17:13:01', '2015-08-25 17:13:01', 0),
	(1540, 91, 'Stage 6', 29.90, '2015-11-15 11:00:00', '17:30:03', '2015-08-25 17:13:01', '2015-08-25 17:13:01', 0),
	(1541, 91, 'Stage 7', 26.89, '2015-11-15 11:15:00', '17:28:27', '2015-08-25 17:13:01', '2015-08-25 17:13:01', 0),
	(1542, 91, 'Stage 8', 22.20, '2015-11-15 11:30:00', '17:26:25', '2015-08-25 17:13:01', '2015-08-25 17:13:01', 0),
	(1543, 91, 'Stage 9', 11.96, '2015-11-15 11:45:00', '17:19:02', '2015-08-25 17:13:01', '2015-08-25 17:13:01', 0),
	(1544, 91, 'Stage 10', 20.64, '2015-11-15 12:00:00', '17:25:07', '2015-08-25 17:13:01', '2015-08-25 17:13:01', 0),
	(1545, 91, 'Stage 11', 25.74, '2015-11-15 12:15:00', '17:28:43', '2015-08-25 17:13:01', '2015-08-25 17:13:01', 0),
	(1546, 91, 'Stage 12', 11.43, '2015-11-15 12:30:00', '17:18:37', '2015-08-25 17:13:01', '2015-08-25 17:13:01', 0),
	(1547, 91, 'Stage 13', 10.06, '2015-11-15 12:45:00', '17:18:17', '2015-08-25 17:13:01', '2015-08-25 17:13:01', 0),
	(1548, 91, 'Stage 14', 3.48, '2015-11-15 13:00:00', '17:14:12', '2015-08-25 17:13:01', '2015-08-25 17:13:01', 0),
	(1549, 91, 'Stage 15', 4.63, '2015-11-15 13:15:00', '17:15:01', '2015-08-25 17:13:01', '2015-08-25 17:13:01', 0),
	(1550, 91, 'Stage 16', 21.23, '2015-11-15 13:30:00', '17:24:41', '2015-08-25 17:13:01', '2015-08-25 17:13:01', 0),
	(1551, 91, 'Stage 17', 23.22, '2015-11-15 13:45:00', '17:25:48', '2015-08-25 17:13:01', '2015-08-25 17:13:01', 0);
/*!40000 ALTER TABLE `rally_stage` ENABLE KEYS */;


-- Dumping structure for table switkrze_rally.rally_stage_result
DROP TABLE IF EXISTS `rally_stage_result`;
CREATE TABLE IF NOT EXISTS `rally_stage_result` (
  `id` int(11) NOT NULL AUTO_INCREMENT,
  `stage_id` int(11) DEFAULT NULL,
  `crew_id` varchar(255) DEFAULT NULL,
  `base_time` time DEFAULT NULL,
  `random_factor` decimal(4,2) DEFAULT NULL,
  `accident_id` int(11) DEFAULT NULL,
  `accident_random_factor` decimal(4,2) DEFAULT NULL,
  `out_of_race` tinyint(1) NOT NULL DEFAULT '0',
  `created_at` datetime NOT NULL,
  `updated_at` datetime NOT NULL,
  PRIMARY KEY (`id`),
  KEY `stage_id_idx` (`stage_id`),
  KEY `accident_id_idx` (`accident_id`),
  KEY `rally_stage_result_crew_id_rally_crew_id` (`crew_id`)
) ENGINE=MyISAM AUTO_INCREMENT=131 DEFAULT CHARSET=utf8;

-- Dumping data for table switkrze_rally.rally_stage_result: 130 rows
DELETE FROM `rally_stage_result`;
/*!40000 ALTER TABLE `rally_stage_result` DISABLE KEYS */;
INSERT INTO `rally_stage_result` (`id`, `stage_id`, `crew_id`, `base_time`, `random_factor`, `accident_id`, `accident_random_factor`, `out_of_race`, `created_at`, `updated_at`) VALUES
	(1, 1, '1', '00:15:57', NULL, NULL, NULL, 0, '2015-08-27 09:00:01', '2015-08-27 09:00:01'),
	(2, 1, '2', '00:17:27', NULL, NULL, NULL, 0, '2015-08-27 09:00:01', '2015-08-27 09:00:01'),
	(3, 1, '3', '00:14:55', NULL, NULL, NULL, 0, '2015-08-27 09:00:01', '2015-08-27 09:00:01'),
	(4, 1, '4', '00:15:29', NULL, NULL, NULL, 0, '2015-08-27 09:00:01', '2015-08-27 09:00:01'),
	(5, 1, '5', '00:15:22', NULL, NULL, NULL, 0, '2015-08-27 09:00:01', '2015-08-27 09:00:01'),
	(6, 1, '10', '00:13:54', NULL, NULL, NULL, 0, '2015-08-27 09:00:01', '2015-08-27 09:00:01'),
	(7, 1, '11', '00:16:22', NULL, NULL, NULL, 0, '2015-08-27 09:00:01', '2015-08-27 09:00:01'),
	(8, 1, '12', '00:16:00', NULL, NULL, NULL, 0, '2015-08-27 09:00:01', '2015-08-27 09:00:01'),
	(9, 1, '17', '00:18:49', NULL, NULL, NULL, 0, '2015-08-27 09:00:01', '2015-08-27 09:00:01'),
	(10, 1, '18', '00:17:40', NULL, NULL, NULL, 0, '2015-08-27 09:00:01', '2015-08-27 09:00:01'),
	(11, 2, '1', '00:15:58', NULL, NULL, NULL, 0, '2015-08-27 09:15:01', '2015-08-27 09:15:01'),
	(12, 2, '2', '00:17:51', NULL, NULL, NULL, 0, '2015-08-27 09:15:01', '2015-08-27 09:15:01'),
	(13, 2, '3', '00:14:47', NULL, NULL, NULL, 0, '2015-08-27 09:15:01', '2015-08-27 09:15:01'),
	(14, 2, '4', '00:13:25', NULL, NULL, NULL, 0, '2015-08-27 09:15:01', '2015-08-27 09:15:01'),
	(15, 2, '5', '00:17:02', NULL, NULL, NULL, 0, '2015-08-27 09:15:01', '2015-08-27 09:15:01'),
	(16, 2, '10', '00:13:03', NULL, NULL, NULL, 0, '2015-08-27 09:15:01', '2015-08-27 09:15:01'),
	(17, 2, '11', '00:16:14', NULL, NULL, NULL, 0, '2015-08-27 09:15:01', '2015-08-27 09:15:01'),
	(18, 2, '12', '00:15:02', NULL, NULL, NULL, 0, '2015-08-27 09:15:01', '2015-08-27 09:15:01'),
	(19, 2, '17', '00:18:40', NULL, NULL, NULL, 0, '2015-08-27 09:15:01', '2015-08-27 09:15:01'),
	(20, 2, '18', '00:16:18', NULL, NULL, NULL, 0, '2015-08-27 09:15:01', '2015-08-27 09:15:01'),
	(21, 3, '1', '00:00:00', NULL, NULL, NULL, 0, '2015-08-27 09:30:00', '2015-08-27 09:30:00'),
	(22, 3, '2', '00:00:00', NULL, NULL, NULL, 0, '2015-08-27 09:30:00', '2015-08-27 09:30:00'),
	(23, 3, '3', '00:00:00', NULL, NULL, NULL, 0, '2015-08-27 09:30:00', '2015-08-27 09:30:00'),
	(24, 3, '4', '00:00:00', NULL, NULL, NULL, 0, '2015-08-27 09:30:00', '2015-08-27 09:30:00'),
	(25, 3, '5', '00:00:00', NULL, NULL, NULL, 0, '2015-08-27 09:30:00', '2015-08-27 09:30:00'),
	(26, 3, '10', '00:00:00', NULL, NULL, NULL, 0, '2015-08-27 09:30:00', '2015-08-27 09:30:00'),
	(27, 3, '11', '00:00:00', NULL, NULL, NULL, 0, '2015-08-27 09:30:00', '2015-08-27 09:30:00'),
	(28, 3, '12', '00:00:00', NULL, NULL, NULL, 0, '2015-08-27 09:30:00', '2015-08-27 09:30:00'),
	(29, 3, '17', '00:00:00', NULL, NULL, NULL, 0, '2015-08-27 09:30:00', '2015-08-27 09:30:00'),
	(30, 3, '18', '00:00:00', NULL, NULL, NULL, 0, '2015-08-27 09:30:00', '2015-08-27 09:30:00'),
	(31, 4, '1', '00:19:38', NULL, NULL, NULL, 0, '2015-08-27 09:45:01', '2015-08-27 09:45:01'),
	(32, 4, '2', '00:23:07', NULL, NULL, NULL, 0, '2015-08-27 09:45:01', '2015-08-27 09:45:01'),
	(33, 4, '3', '00:18:31', NULL, NULL, NULL, 0, '2015-08-27 09:45:01', '2015-08-27 09:45:01'),
	(34, 4, '4', '00:18:35', NULL, NULL, NULL, 0, '2015-08-27 09:45:01', '2015-08-27 09:45:01'),
	(35, 4, '5', '00:19:08', NULL, NULL, NULL, 0, '2015-08-27 09:45:01', '2015-08-27 09:45:01'),
	(36, 4, '10', '00:16:17', NULL, NULL, NULL, 0, '2015-08-27 09:45:01', '2015-08-27 09:45:01'),
	(37, 4, '11', '00:19:30', NULL, NULL, NULL, 0, '2015-08-27 09:45:01', '2015-08-27 09:45:01'),
	(38, 4, '12', '00:19:11', NULL, NULL, NULL, 0, '2015-08-27 09:45:01', '2015-08-27 09:45:01'),
	(39, 4, '17', '00:22:24', NULL, NULL, NULL, 0, '2015-08-27 09:45:01', '2015-08-27 09:45:01'),
	(40, 4, '18', '00:20:02', NULL, NULL, NULL, 0, '2015-08-27 09:45:01', '2015-08-27 09:45:01'),
	(41, 5, '1', '00:00:00', NULL, NULL, NULL, 0, '2015-08-27 10:00:01', '2015-08-27 10:00:01'),
	(42, 5, '2', '00:00:00', NULL, NULL, NULL, 0, '2015-08-27 10:00:01', '2015-08-27 10:00:01'),
	(43, 5, '3', '00:00:00', NULL, NULL, NULL, 0, '2015-08-27 10:00:01', '2015-08-27 10:00:01'),
	(44, 5, '4', '00:00:00', NULL, NULL, NULL, 0, '2015-08-27 10:00:01', '2015-08-27 10:00:01'),
	(45, 5, '5', '00:00:00', NULL, NULL, NULL, 0, '2015-08-27 10:00:01', '2015-08-27 10:00:01'),
	(46, 5, '10', '00:00:00', NULL, NULL, NULL, 0, '2015-08-27 10:00:01', '2015-08-27 10:00:01'),
	(47, 5, '11', '00:00:00', NULL, NULL, NULL, 0, '2015-08-27 10:00:01', '2015-08-27 10:00:01'),
	(48, 5, '12', '00:00:00', NULL, NULL, NULL, 0, '2015-08-27 10:00:01', '2015-08-27 10:00:01'),
	(49, 5, '17', '00:00:00', NULL, NULL, NULL, 0, '2015-08-27 10:00:01', '2015-08-27 10:00:01'),
	(50, 5, '18', '00:00:00', NULL, NULL, NULL, 0, '2015-08-27 10:00:01', '2015-08-27 10:00:01'),
	(51, 6, '1', '00:10:54', NULL, NULL, NULL, 0, '2015-08-27 10:15:01', '2015-08-27 10:15:01'),
	(52, 6, '2', '00:12:33', NULL, NULL, NULL, 0, '2015-08-27 10:15:01', '2015-08-27 10:15:01'),
	(53, 6, '3', '00:10:07', NULL, NULL, NULL, 0, '2015-08-27 10:15:01', '2015-08-27 10:15:01'),
	(54, 6, '4', '00:09:52', NULL, NULL, NULL, 0, '2015-08-27 10:15:01', '2015-08-27 10:15:01'),
	(55, 6, '5', '00:10:51', NULL, NULL, NULL, 0, '2015-08-27 10:15:01', '2015-08-27 10:15:01'),
	(56, 6, '10', '00:09:39', NULL, NULL, NULL, 0, '2015-08-27 10:15:01', '2015-08-27 10:15:01'),
	(57, 6, '11', '00:11:23', NULL, NULL, NULL, 0, '2015-08-27 10:15:01', '2015-08-27 10:15:01'),
	(58, 6, '12', '00:10:30', NULL, NULL, NULL, 0, '2015-08-27 10:15:01', '2015-08-27 10:15:01'),
	(59, 6, '17', '00:13:21', NULL, NULL, NULL, 0, '2015-08-27 10:15:01', '2015-08-27 10:15:01'),
	(60, 6, '18', '00:11:31', NULL, NULL, NULL, 0, '2015-08-27 10:15:01', '2015-08-27 10:15:01'),
	(61, 7, '1', '00:18:12', NULL, NULL, NULL, 0, '2015-08-27 10:30:00', '2015-08-27 10:30:00'),
	(62, 7, '2', '00:20:32', NULL, NULL, NULL, 0, '2015-08-27 10:30:00', '2015-08-27 10:30:00'),
	(63, 7, '3', '00:17:12', NULL, NULL, NULL, 0, '2015-08-27 10:30:00', '2015-08-27 10:30:00'),
	(64, 7, '4', '00:16:53', NULL, NULL, NULL, 0, '2015-08-27 10:30:00', '2015-08-27 10:30:00'),
	(65, 7, '5', '00:18:27', NULL, NULL, NULL, 0, '2015-08-27 10:30:00', '2015-08-27 10:30:00'),
	(66, 7, '10', '00:16:40', NULL, NULL, NULL, 0, '2015-08-27 10:30:00', '2015-08-27 10:30:00'),
	(67, 7, '11', '00:18:19', NULL, NULL, NULL, 0, '2015-08-27 10:30:00', '2015-08-27 10:30:00'),
	(68, 7, '12', '00:18:16', NULL, NULL, NULL, 0, '2015-08-27 10:30:00', '2015-08-27 10:30:00'),
	(69, 7, '17', '00:22:11', NULL, NULL, NULL, 0, '2015-08-27 10:30:00', '2015-08-27 10:30:00'),
	(70, 7, '18', '00:19:02', NULL, NULL, NULL, 0, '2015-08-27 10:30:00', '2015-08-27 10:30:00'),
	(71, 8, '1', '00:16:17', NULL, NULL, NULL, 0, '2015-08-27 10:45:02', '2015-08-27 10:45:02'),
	(72, 8, '2', '00:19:22', NULL, NULL, NULL, 0, '2015-08-27 10:45:02', '2015-08-27 10:45:02'),
	(73, 8, '3', '00:15:14', NULL, NULL, NULL, 0, '2015-08-27 10:45:02', '2015-08-27 10:45:02'),
	(74, 8, '4', '00:15:07', NULL, NULL, NULL, 0, '2015-08-27 10:45:02', '2015-08-27 10:45:02'),
	(75, 8, '5', '00:16:28', NULL, NULL, NULL, 0, '2015-08-27 10:45:02', '2015-08-27 10:45:02'),
	(76, 8, '10', '00:14:21', NULL, NULL, NULL, 0, '2015-08-27 10:45:02', '2015-08-27 10:45:02'),
	(77, 8, '11', '00:16:44', NULL, NULL, NULL, 0, '2015-08-27 10:45:02', '2015-08-27 10:45:02'),
	(78, 8, '12', '00:15:14', NULL, NULL, NULL, 0, '2015-08-27 10:45:02', '2015-08-27 10:45:02'),
	(79, 8, '17', '00:21:03', NULL, NULL, NULL, 0, '2015-08-27 10:45:02', '2015-08-27 10:45:02'),
	(80, 8, '18', '00:17:40', NULL, NULL, NULL, 0, '2015-08-27 10:45:02', '2015-08-27 10:45:02'),
	(81, 9, '1', '00:13:34', NULL, NULL, NULL, 0, '2015-08-27 11:00:01', '2015-08-27 11:00:01'),
	(82, 9, '2', '00:15:01', NULL, NULL, NULL, 0, '2015-08-27 11:00:01', '2015-08-27 11:00:01'),
	(83, 9, '3', '00:11:44', NULL, NULL, NULL, 0, '2015-08-27 11:00:01', '2015-08-27 11:00:01'),
	(84, 9, '4', '00:11:54', NULL, NULL, NULL, 0, '2015-08-27 11:00:01', '2015-08-27 11:00:01'),
	(85, 9, '5', '00:14:20', NULL, NULL, NULL, 0, '2015-08-27 11:00:01', '2015-08-27 11:00:01'),
	(86, 9, '10', '00:11:06', NULL, NULL, NULL, 0, '2015-08-27 11:00:01', '2015-08-27 11:00:01'),
	(87, 9, '11', '00:13:49', NULL, NULL, NULL, 0, '2015-08-27 11:00:01', '2015-08-27 11:00:01'),
	(88, 9, '12', '00:12:15', NULL, NULL, NULL, 0, '2015-08-27 11:00:01', '2015-08-27 11:00:01'),
	(89, 9, '17', '00:16:11', NULL, NULL, NULL, 0, '2015-08-27 11:00:01', '2015-08-27 11:00:01'),
	(90, 9, '18', '00:13:25', NULL, NULL, NULL, 0, '2015-08-27 11:00:01', '2015-08-27 11:00:01'),
	(91, 10, '1', '00:38:31', NULL, NULL, NULL, 0, '2015-08-27 11:15:01', '2015-08-27 11:15:01'),
	(92, 10, '2', '00:46:06', NULL, NULL, NULL, 0, '2015-08-27 11:15:01', '2015-08-27 11:15:01'),
	(93, 10, '3', '00:37:37', NULL, NULL, NULL, 0, '2015-08-27 11:15:01', '2015-08-27 11:15:01'),
	(94, 10, '4', '00:37:10', NULL, NULL, NULL, 0, '2015-08-27 11:15:01', '2015-08-27 11:15:01'),
	(95, 10, '5', '00:40:09', NULL, NULL, NULL, 0, '2015-08-27 11:15:01', '2015-08-27 11:15:01'),
	(96, 10, '10', '00:36:16', NULL, NULL, NULL, 0, '2015-08-27 11:15:01', '2015-08-27 11:15:01'),
	(97, 10, '11', '00:41:50', NULL, NULL, NULL, 0, '2015-08-27 11:15:01', '2015-08-27 11:15:01'),
	(98, 10, '12', '00:40:10', NULL, NULL, NULL, 0, '2015-08-27 11:15:01', '2015-08-27 11:15:01'),
	(99, 10, '17', '00:49:03', NULL, NULL, NULL, 0, '2015-08-27 11:15:01', '2015-08-27 11:15:01'),
	(100, 10, '18', '00:41:25', NULL, NULL, NULL, 0, '2015-08-27 11:15:01', '2015-08-27 11:15:01'),
	(101, 11, '1', '00:14:51', NULL, NULL, NULL, 0, '2015-08-27 11:30:00', '2015-08-27 11:30:00'),
	(102, 11, '2', '00:17:15', NULL, NULL, NULL, 0, '2015-08-27 11:30:00', '2015-08-27 11:30:00'),
	(103, 11, '3', '00:14:02', NULL, NULL, NULL, 0, '2015-08-27 11:30:00', '2015-08-27 11:30:00'),
	(104, 11, '4', '00:13:52', NULL, NULL, NULL, 0, '2015-08-27 11:30:00', '2015-08-27 11:30:00'),
	(105, 11, '5', '00:16:36', NULL, NULL, NULL, 0, '2015-08-27 11:30:00', '2015-08-27 11:30:00'),
	(106, 11, '10', '00:12:37', NULL, NULL, NULL, 0, '2015-08-27 11:30:00', '2015-08-27 11:30:00'),
	(107, 11, '11', '00:15:16', NULL, NULL, NULL, 0, '2015-08-27 11:30:00', '2015-08-27 11:30:00'),
	(108, 11, '12', '00:14:19', NULL, NULL, NULL, 0, '2015-08-27 11:30:00', '2015-08-27 11:30:00'),
	(109, 11, '17', '00:18:25', NULL, NULL, NULL, 0, '2015-08-27 11:30:00', '2015-08-27 11:30:00'),
	(110, 11, '18', '00:16:02', NULL, NULL, NULL, 0, '2015-08-27 11:30:00', '2015-08-27 11:30:00'),
	(111, 12, '1', '00:00:00', NULL, NULL, NULL, 0, '2015-08-27 11:45:01', '2015-08-27 11:45:01'),
	(112, 12, '2', '00:00:00', NULL, NULL, NULL, 0, '2015-08-27 11:45:01', '2015-08-27 11:45:01'),
	(113, 12, '3', '00:00:00', NULL, NULL, NULL, 0, '2015-08-27 11:45:01', '2015-08-27 11:45:01'),
	(114, 12, '4', '00:00:00', NULL, NULL, NULL, 0, '2015-08-27 11:45:01', '2015-08-27 11:45:01'),
	(115, 12, '5', '00:00:00', NULL, NULL, NULL, 0, '2015-08-27 11:45:01', '2015-08-27 11:45:01'),
	(116, 12, '10', '00:00:00', NULL, NULL, NULL, 0, '2015-08-27 11:45:01', '2015-08-27 11:45:01'),
	(117, 12, '11', '00:00:00', NULL, NULL, NULL, 0, '2015-08-27 11:45:01', '2015-08-27 11:45:01'),
	(118, 12, '12', '00:00:00', NULL, NULL, NULL, 0, '2015-08-27 11:45:01', '2015-08-27 11:45:01'),
	(119, 12, '17', '00:00:00', NULL, NULL, NULL, 0, '2015-08-27 11:45:01', '2015-08-27 11:45:01'),
	(120, 12, '18', '00:00:00', NULL, NULL, NULL, 0, '2015-08-27 11:45:01', '2015-08-27 11:45:01'),
	(121, 13, '1', '00:00:00', NULL, NULL, NULL, 0, '2015-08-27 12:00:01', '2015-08-27 12:00:01'),
	(122, 13, '2', '00:00:00', NULL, NULL, NULL, 0, '2015-08-27 12:00:01', '2015-08-27 12:00:01'),
	(123, 13, '3', '00:00:00', NULL, NULL, NULL, 0, '2015-08-27 12:00:01', '2015-08-27 12:00:01'),
	(124, 13, '4', '00:00:00', NULL, NULL, NULL, 0, '2015-08-27 12:00:01', '2015-08-27 12:00:01'),
	(125, 13, '5', '00:00:00', NULL, NULL, NULL, 0, '2015-08-27 12:00:01', '2015-08-27 12:00:01'),
	(126, 13, '10', '00:00:00', NULL, NULL, NULL, 0, '2015-08-27 12:00:01', '2015-08-27 12:00:01'),
	(127, 13, '11', '00:00:00', NULL, NULL, NULL, 0, '2015-08-27 12:00:01', '2015-08-27 12:00:01'),
	(128, 13, '12', '00:00:00', NULL, NULL, NULL, 0, '2015-08-27 12:00:01', '2015-08-27 12:00:01'),
	(129, 13, '17', '00:00:00', NULL, NULL, NULL, 0, '2015-08-27 12:00:01', '2015-08-27 12:00:01'),
	(130, 13, '18', '00:00:00', NULL, NULL, NULL, 0, '2015-08-27 12:00:01', '2015-08-27 12:00:01'),
	(131, 14, '1', '00:23:27', NULL, NULL, NULL, 0, '2015-08-27 12:15:01', '2015-08-27 12:15:01'),
	(132, 14, '2', '00:24:32', NULL, NULL, NULL, 0, '2015-08-27 12:15:01', '2015-08-27 12:15:01'),
	(133, 14, '3', '00:20:50', NULL, NULL, NULL, 0, '2015-08-27 12:15:01', '2015-08-27 12:15:01'),
	(134, 14, '4', '00:19:57', NULL, NULL, NULL, 0, '2015-08-27 12:15:01', '2015-08-27 12:15:01'),
	(135, 14, '5', '00:22:46', NULL, NULL, NULL, 0, '2015-08-27 12:15:01', '2015-08-27 12:15:01'),
	(136, 14, '10', '00:19:13', NULL, NULL, NULL, 0, '2015-08-27 12:15:01', '2015-08-27 12:15:01'),
	(137, 14, '11', '00:23:36', NULL, NULL, NULL, 0, '2015-08-27 12:15:01', '2015-08-27 12:15:01'),
	(138, 14, '12', '00:23:08', NULL, NULL, NULL, 0, '2015-08-27 12:15:01', '2015-08-27 12:15:01'),
	(139, 14, '17', '00:27:31', NULL, NULL, NULL, 0, '2015-08-27 12:15:01', '2015-08-27 12:15:01'),
	(140, 14, '18', '00:23:43', NULL, NULL, NULL, 0, '2015-08-27 12:15:01', '2015-08-27 12:15:01'),
	(141, 15, '1', '00:07:22', NULL, NULL, NULL, 0, '2015-08-27 12:30:01', '2015-08-27 12:30:01'),
	(142, 15, '2', '00:07:58', NULL, NULL, NULL, 0, '2015-08-27 12:30:01', '2015-08-27 12:30:01'),
	(143, 15, '3', '00:07:15', NULL, NULL, NULL, 0, '2015-08-27 12:30:01', '2015-08-27 12:30:01'),
	(144, 15, '4', '00:06:43', NULL, NULL, NULL, 0, '2015-08-27 12:30:01', '2015-08-27 12:30:01'),
	(145, 15, '5', '00:07:54', NULL, NULL, NULL, 0, '2015-08-27 12:30:01', '2015-08-27 12:30:01'),
	(146, 15, '10', '00:06:31', NULL, NULL, NULL, 0, '2015-08-27 12:30:01', '2015-08-27 12:30:01'),
	(147, 15, '11', '00:07:09', NULL, NULL, NULL, 0, '2015-08-27 12:30:01', '2015-08-27 12:30:01'),
	(148, 15, '12', '00:07:08', NULL, NULL, NULL, 0, '2015-08-27 12:30:01', '2015-08-27 12:30:01'),
	(149, 15, '17', '00:09:11', NULL, NULL, NULL, 0, '2015-08-27 12:30:01', '2015-08-27 12:30:01'),
	(150, 15, '18', '00:07:31', NULL, NULL, NULL, 0, '2015-08-27 12:30:01', '2015-08-27 12:30:01');
/*!40000 ALTER TABLE `rally_stage_result` ENABLE KEYS */;


-- Dumping structure for table switkrze_rally.rally_surface
DROP TABLE IF EXISTS `rally_surface`;
CREATE TABLE IF NOT EXISTS `rally_surface` (
  `id` int(11) NOT NULL AUTO_INCREMENT,
  `rally_id` int(11) DEFAULT NULL,
  `surface` varchar(255) DEFAULT NULL,
  `percentage` float(8,2) DEFAULT NULL,
  `created_at` datetime NOT NULL,
  `updated_at` datetime NOT NULL,
  PRIMARY KEY (`id`),
  KEY `rally_id_idx` (`rally_id`)
) ENGINE=MyISAM AUTO_INCREMENT=179 DEFAULT CHARSET=utf8;

-- Dumping data for table switkrze_rally.rally_surface: 164 rows
DELETE FROM `rally_surface`;
/*!40000 ALTER TABLE `rally_surface` DISABLE KEYS */;
INSERT INTO `rally_surface` (`id`, `rally_id`, `surface`, `percentage`, `created_at`, `updated_at`) VALUES
	(1, 1, 'tarmac', 95.00, '2015-08-08 12:50:19', '2015-08-08 12:50:19'),
	(2, 1, 'gravel', 5.00, '2015-08-08 12:50:19', '2015-08-08 12:50:19'),
	(3, 2, 'snow', 100.00, '2015-08-08 12:56:21', '2015-08-08 12:56:21'),
	(4, 3, 'gravel', 100.00, '2015-08-08 13:01:41', '2015-08-08 13:01:41'),
	(5, 4, 'gravel', 100.00, '2015-08-08 13:05:32', '2015-08-08 13:05:32'),
	(6, 4, 'rain', 20.00, '2015-08-08 13:05:32', '2015-08-08 13:05:32'),
	(7, 5, 'gravel', 95.00, '2015-08-08 13:09:53', '2015-08-08 13:09:53'),
	(8, 5, 'tarmac', 5.00, '2015-08-08 13:09:53', '2015-08-08 13:09:53'),
	(9, 5, 'rain', 15.00, '2015-08-08 13:09:53', '2015-08-08 13:09:53'),
	(10, 6, 'gravel', 93.00, '2015-08-08 14:53:32', '2015-08-08 14:53:32'),
	(11, 6, 'tarmac', 7.00, '2015-08-08 14:53:32', '2015-08-08 14:53:32'),
	(12, 6, 'rain', 20.00, '2015-08-08 14:53:32', '2015-08-08 14:53:32'),
	(13, 7, 'gravel', 63.00, '2015-08-08 14:58:53', '2015-08-08 14:58:53'),
	(14, 7, 'tarmac', 37.00, '2015-08-08 14:58:53', '2015-08-08 14:58:53'),
	(15, 7, 'rain', 31.00, '2015-08-08 14:58:53', '2015-08-08 14:58:53'),
	(16, 8, 'gravel', 79.00, '2015-08-08 17:48:37', '2015-08-08 17:48:37'),
	(17, 8, 'tarmac', 21.00, '2015-08-08 17:48:37', '2015-08-08 17:48:37'),
	(18, 8, 'rain', 7.00, '2015-08-08 17:48:37', '2015-08-08 17:48:37'),
	(19, 9, 'tarmac', 93.00, '2015-08-08 18:06:00', '2015-08-08 18:06:00'),
	(20, 9, 'gravel', 7.00, '2015-08-08 18:06:00', '2015-08-08 18:06:00'),
	(21, 9, 'rain', 5.00, '2015-08-08 18:06:00', '2015-08-08 18:06:00'),
	(22, 10, 'gravel', 100.00, '2015-08-08 18:15:39', '2015-08-08 18:15:39'),
	(23, 11, 'tarmac', 100.00, '2015-08-09 09:08:16', '2015-08-09 09:08:16'),
	(24, 11, 'rain', 5.00, '2015-08-09 09:08:16', '2015-08-09 09:08:16'),
	(25, 12, 'tarmac', 61.00, '2015-08-09 09:29:16', '2015-08-09 09:29:16'),
	(26, 12, 'gravel', 39.00, '2015-08-09 09:29:16', '2015-08-09 09:29:16'),
	(27, 12, 'rain', 11.00, '2015-08-09 09:29:16', '2015-08-09 09:29:16'),
	(28, 13, 'gravel', 93.00, '2015-08-09 09:33:26', '2015-08-09 09:33:26'),
	(29, 13, 'tarmac', 7.00, '2015-08-09 09:33:26', '2015-08-09 09:33:26'),
	(30, 13, 'rain', 56.00, '2015-08-09 09:33:26', '2015-08-09 09:33:26'),
	(31, 14, 'tarmac', 58.00, '2015-08-09 14:43:28', '2015-08-09 14:43:28'),
	(32, 14, 'snow', 42.00, '2015-08-09 14:43:28', '2015-08-09 14:43:28'),
	(33, 14, 'rain', 5.00, '2015-08-09 14:43:28', '2015-08-09 14:43:28'),
	(34, 15, 'gravel', 63.00, '2015-08-09 14:47:06', '2015-08-09 14:47:06'),
	(35, 15, 'snow', 37.00, '2015-08-09 14:47:06', '2015-08-09 14:47:06'),
	(36, 15, 'rain', 11.00, '2015-08-09 14:47:06', '2015-08-09 14:47:06'),
	(37, 16, 'tarmac', 100.00, '2015-08-09 18:29:55', '2015-08-09 18:29:55'),
	(38, 16, 'rain', 35.00, '2015-08-09 18:29:55', '2015-08-09 18:29:55'),
	(39, 17, 'gravel', 88.00, '2015-08-09 18:37:22', '2015-08-09 18:37:22'),
	(40, 17, 'tarmac', 12.00, '2015-08-09 18:37:22', '2015-08-09 18:37:22'),
	(41, 17, 'rain', 3.00, '2015-08-09 18:37:22', '2015-08-09 18:37:22'),
	(42, 18, 'tarmac', 100.00, '2015-08-10 10:35:26', '2015-08-10 10:35:26'),
	(43, 18, 'rain', 15.00, '2015-08-10 10:35:26', '2015-08-10 10:35:26'),
	(58, 26, 'gravel', 100.00, '2015-08-10 10:51:22', '2015-08-10 10:51:22'),
	(59, 26, 'rain', 15.00, '2015-08-10 10:51:22', '2015-08-10 10:51:22'),
	(60, 27, 'tarmac', 100.00, '2015-08-10 10:54:48', '2015-08-10 10:54:48'),
	(61, 27, 'rain', 11.00, '2015-08-10 10:54:48', '2015-08-10 10:54:48'),
	(62, 28, 'gravel', 100.00, '2015-08-10 10:57:37', '2015-08-10 10:57:37'),
	(63, 29, 'gravel', 100.00, '2015-08-10 11:00:38', '2015-08-10 11:00:38'),
	(64, 30, 'tarmac', 100.00, '2015-08-10 11:04:16', '2015-08-10 11:04:16'),
	(65, 30, 'rain', 15.00, '2015-08-10 11:04:16', '2015-08-10 11:04:16'),
	(66, 31, 'snow', 100.00, '2015-08-10 11:11:05', '2015-08-10 11:11:05'),
	(67, 31, 'rain', 5.00, '2015-08-10 11:11:05', '2015-08-10 11:11:05'),
	(68, 32, 'tarmac', 100.00, '2015-08-10 11:14:37', '2015-08-10 11:14:37'),
	(69, 33, 'tarmac', 100.00, '2015-08-10 11:21:17', '2015-08-10 11:21:17'),
	(70, 33, 'rain', 15.00, '2015-08-10 11:21:17', '2015-08-10 11:21:17'),
	(71, 34, 'gravel', 85.00, '2015-08-10 11:25:24', '2015-08-10 11:25:24'),
	(72, 34, 'tarmac', 15.00, '2015-08-10 11:25:24', '2015-08-10 11:25:24'),
	(73, 34, 'rain', 15.00, '2015-08-10 11:25:24', '2015-08-10 11:25:24'),
	(74, 35, 'tarmac', 100.00, '2015-08-10 11:27:51', '2015-08-10 11:27:51'),
	(75, 36, 'tarmac', 100.00, '2015-08-10 11:35:54', '2015-08-10 11:35:54'),
	(76, 36, 'rain', 11.00, '2015-08-10 11:35:54', '2015-08-10 11:35:54'),
	(77, 37, 'snow', 100.00, '2015-08-10 11:58:58', '2015-08-10 11:58:58'),
	(78, 38, 'snow', 85.00, '2015-08-10 12:01:22', '2015-08-10 12:01:22'),
	(79, 38, 'gravel', 15.00, '2015-08-10 12:01:23', '2015-08-10 12:01:23'),
	(80, 38, 'rain', 10.00, '2015-08-10 12:01:23', '2015-08-10 12:01:23'),
	(81, 39, 'snow', 100.00, '2015-08-10 12:04:32', '2015-08-10 12:04:32'),
	(82, 39, 'rain', 11.00, '2015-08-10 12:04:32', '2015-08-10 12:04:32'),
	(83, 40, 'snow', 100.00, '2015-08-10 12:14:12', '2015-08-10 12:14:12'),
	(84, 41, 'snow', 69.00, '2015-08-10 12:16:39', '2015-08-10 12:16:39'),
	(85, 41, 'gravel', 31.00, '2015-08-10 12:16:39', '2015-08-10 12:16:39'),
	(86, 41, 'rain', 5.00, '2015-08-10 12:16:40', '2015-08-10 12:16:40'),
	(87, 42, 'gravel', 61.00, '2015-08-10 12:19:14', '2015-08-10 12:19:14'),
	(88, 42, 'snow', 39.00, '2015-08-10 12:19:14', '2015-08-10 12:19:14'),
	(89, 43, 'snow', 89.00, '2015-08-10 12:45:01', '2015-08-10 12:45:01'),
	(90, 43, 'gravel', 11.00, '2015-08-10 12:45:01', '2015-08-10 12:45:01'),
	(91, 43, 'rain', 15.00, '2015-08-10 12:45:01', '2015-08-10 12:45:01'),
	(92, 44, 'snow', 78.00, '2015-08-10 12:56:06', '2015-08-10 12:56:06'),
	(93, 44, 'gravel', 22.00, '2015-08-10 12:56:06', '2015-08-10 12:56:06'),
	(94, 44, 'rain', 11.00, '2015-08-10 12:56:06', '2015-08-10 12:56:06'),
	(95, 45, 'snow', 100.00, '2015-08-10 13:00:49', '2015-08-10 13:00:49'),
	(96, 46, 'snow', 89.00, '2015-08-10 13:05:04', '2015-08-10 13:05:04'),
	(97, 46, 'gravel', 11.00, '2015-08-10 13:05:04', '2015-08-10 13:05:04'),
	(98, 47, 'snow', 100.00, '2015-08-10 13:16:42', '2015-08-10 13:16:42'),
	(99, 47, 'rain', 33.00, '2015-08-10 13:16:42', '2015-08-10 13:16:42'),
	(100, 48, 'snow', 91.00, '2015-08-10 13:18:36', '2015-08-10 13:18:36'),
	(101, 48, 'gravel', 9.00, '2015-08-10 13:18:36', '2015-08-10 13:18:36'),
	(102, 48, 'rain', 3.00, '2015-08-10 13:18:36', '2015-08-10 13:18:36'),
	(104, 49, 'gravel', 21.00, '2015-08-10 15:12:07', '2015-08-10 15:12:07'),
	(103, 49, 'snow', 79.00, '2015-08-10 15:12:07', '2015-08-10 15:12:07'),
	(106, 50, 'rain', 45.00, '2015-08-10 15:21:49', '2015-08-10 15:21:49'),
	(105, 50, 'snow', 100.00, '2015-08-10 15:21:49', '2015-08-10 15:21:49'),
	(108, 51, 'snow', 11.00, '2015-08-10 15:24:01', '2015-08-10 15:24:01'),
	(107, 51, 'snow', 100.00, '2015-08-10 15:24:01', '2015-08-10 15:24:01'),
	(110, 52, 'gravel', 2.00, '2015-08-10 15:30:10', '2015-08-10 15:30:10'),
	(109, 52, 'tarmac', 98.00, '2015-08-10 15:30:10', '2015-08-10 15:30:10'),
	(112, 53, 'gravel', 42.00, '2015-08-10 15:36:15', '2015-08-10 15:36:15'),
	(111, 53, 'tarmac', 58.00, '2015-08-10 15:36:15', '2015-08-10 15:36:15'),
	(113, 54, 'tarmac', 100.00, '2015-08-10 15:38:49', '2015-08-10 15:38:49'),
	(115, 55, 'gravel', 49.00, '2015-08-10 15:41:57', '2015-08-10 15:41:57'),
	(114, 55, 'tarmac', 51.00, '2015-08-10 15:41:57', '2015-08-10 15:41:57'),
	(116, 56, 'gravel', 100.00, '2015-08-10 15:44:48', '2015-08-10 15:44:48'),
	(117, 57, 'tarmac', 100.00, '2015-08-10 15:48:24', '2015-08-10 15:48:24'),
	(118, 57, 'rain', 28.00, '2015-08-10 15:48:24', '2015-08-10 15:48:24'),
	(119, 58, 'tarmac', 100.00, '2015-08-10 15:50:44', '2015-08-10 15:50:44'),
	(120, 59, 'gravel', 75.00, '2015-08-10 15:54:30', '2015-08-10 15:54:30'),
	(121, 59, 'tarmac', 25.00, '2015-08-10 15:54:30', '2015-08-10 15:54:30'),
	(122, 60, 'tarmac', 100.00, '2015-08-10 16:20:57', '2015-08-10 16:20:57'),
	(123, 60, 'rain', 11.00, '2015-08-10 16:20:57', '2015-08-10 16:20:57'),
	(124, 61, 'tarmac', 100.00, '2015-08-10 16:27:13', '2015-08-10 16:27:13'),
	(125, 62, 'tarmac', 100.00, '2015-08-10 16:29:02', '2015-08-10 16:29:02'),
	(126, 63, 'tarmac', 87.00, '2015-08-10 16:31:41', '2015-08-10 16:31:41'),
	(127, 63, 'gravel', 13.00, '2015-08-10 16:31:41', '2015-08-10 16:31:41'),
	(128, 63, 'rain', 17.00, '2015-08-10 16:31:41', '2015-08-10 16:31:41'),
	(129, 64, 'gravel', 100.00, '2015-08-10 16:38:22', '2015-08-10 16:38:22'),
	(130, 65, 'tarmac', 87.00, '2015-08-10 16:41:16', '2015-08-10 16:41:16'),
	(131, 65, 'gravel', 13.00, '2015-08-10 16:41:16', '2015-08-10 16:41:16'),
	(132, 65, 'rain', 5.00, '2015-08-10 16:41:16', '2015-08-10 16:41:16'),
	(133, 66, 'tarmac', 100.00, '2015-08-10 16:47:23', '2015-08-10 16:47:23'),
	(134, 67, 'gravel', 100.00, '2015-08-10 16:50:08', '2015-08-10 16:50:08'),
	(135, 68, 'gravel', 73.00, '2015-08-10 16:52:25', '2015-08-10 16:52:25'),
	(136, 68, 'tarmac', 27.00, '2015-08-10 16:52:25', '2015-08-10 16:52:25'),
	(137, 68, 'rain', 11.00, '2015-08-10 16:52:25', '2015-08-10 16:52:25'),
	(138, 69, 'tarmac', 100.00, '2015-08-10 16:54:38', '2015-08-10 16:54:38'),
	(139, 69, 'rain', 73.00, '2015-08-10 16:54:38', '2015-08-10 16:54:38'),
	(140, 70, 'gravel', 100.00, '2015-08-10 17:20:46', '2015-08-10 17:20:46'),
	(141, 71, 'gravel', 100.00, '2015-08-10 17:24:19', '2015-08-10 17:24:19'),
	(142, 72, 'tarmac', 61.00, '2015-08-10 17:28:34', '2015-08-10 17:28:34'),
	(143, 72, 'gravel', 39.00, '2015-08-10 17:28:35', '2015-08-10 17:28:35'),
	(144, 72, 'rain', 18.00, '2015-08-10 17:28:35', '2015-08-10 17:28:35'),
	(145, 73, 'tarmac', 100.00, '2015-08-10 17:30:34', '2015-08-10 17:30:34'),
	(146, 74, 'tarmac', 67.00, '2015-08-10 17:47:58', '2015-08-10 17:47:58'),
	(147, 74, 'gravel', 33.00, '2015-08-10 17:47:58', '2015-08-10 17:47:58'),
	(148, 75, 'tarmac', 100.00, '2015-08-11 11:03:43', '2015-08-11 11:03:43'),
	(149, 75, 'rain', 5.00, '2015-08-11 11:03:43', '2015-08-11 11:03:43'),
	(150, 76, 'tarmac', 73.00, '2015-08-11 11:13:27', '2015-08-11 11:13:27'),
	(151, 76, 'gravel', 27.00, '2015-08-11 11:13:27', '2015-08-11 11:13:27'),
	(152, 76, 'rain', 21.00, '2015-08-11 11:13:27', '2015-08-11 11:13:27'),
	(153, 77, 'gravel', 73.00, '2015-08-11 11:24:13', '2015-08-11 11:24:13'),
	(154, 77, 'tarmac', 27.00, '2015-08-11 11:24:13', '2015-08-11 11:24:13'),
	(155, 77, 'rain', 11.00, '2015-08-11 11:24:13', '2015-08-11 11:24:13'),
	(156, 78, 'gravel', 100.00, '2015-08-11 11:38:06', '2015-08-11 11:38:06'),
	(157, 79, 'gravel', 100.00, '2015-08-11 11:57:54', '2015-08-11 11:57:54'),
	(158, 80, 'tarmac', 57.97, '2015-08-25 17:13:01', '2015-08-25 17:13:01'),
	(159, 80, 'snow', 42.03, '2015-08-25 17:13:01', '2015-08-25 17:13:01'),
	(160, 81, 'tarmac', 85.18, '2015-08-25 17:13:01', '2015-08-25 17:13:01'),
	(161, 81, 'gravel', 14.82, '2015-08-25 17:13:01', '2015-08-25 17:13:01'),
	(162, 82, 'snow', 100.00, '2015-08-25 17:13:01', '2015-08-25 17:13:01'),
	(163, 82, 'rain', 56.36, '2015-08-25 17:13:01', '2015-08-25 17:13:01'),
	(164, 83, 'tarmac', 100.00, '2015-08-25 17:13:01', '2015-08-25 17:13:01'),
	(165, 84, 'gravel', 88.28, '2015-08-25 17:13:01', '2015-08-25 17:13:01'),
	(166, 84, 'snow', 11.72, '2015-08-25 17:13:01', '2015-08-25 17:13:01'),
	(167, 85, 'snow', 100.00, '2015-08-25 17:13:01', '2015-08-25 17:13:01'),
	(168, 86, 'gravel', 58.92, '2015-08-25 17:13:01', '2015-08-25 17:13:01'),
	(169, 86, 'snow', 41.08, '2015-08-25 17:13:01', '2015-08-25 17:13:01'),
	(170, 86, 'rain', 24.70, '2015-08-25 17:13:01', '2015-08-25 17:13:01'),
	(171, 87, 'tarmac', 25.46, '2015-08-25 17:13:01', '2015-08-25 17:13:01'),
	(172, 87, 'snow', 74.54, '2015-08-25 17:13:01', '2015-08-25 17:13:01'),
	(173, 88, 'tarmac', 73.88, '2015-08-25 17:13:01', '2015-08-25 17:13:01'),
	(174, 88, 'gravel', 26.12, '2015-08-25 17:13:01', '2015-08-25 17:13:01'),
	(175, 89, 'snow', 100.00, '2015-08-25 17:13:01', '2015-08-25 17:13:01'),
	(176, 90, 'gravel', 100.00, '2015-08-25 17:13:01', '2015-08-25 17:13:01'),
	(177, 90, 'rain', 19.02, '2015-08-25 17:13:01', '2015-08-25 17:13:01'),
	(178, 91, 'snow', 100.00, '2015-08-25 17:13:01', '2015-08-25 17:13:01');
/*!40000 ALTER TABLE `rally_surface` ENABLE KEYS */;


-- Dumping structure for table switkrze_rally.team_finance
DROP TABLE IF EXISTS `team_finance`;
CREATE TABLE IF NOT EXISTS `team_finance` (
  `id` int(11) NOT NULL AUTO_INCREMENT,
  `team_id` int(11) DEFAULT NULL,
  `amount` int(11) DEFAULT NULL,
  `description` varchar(255) DEFAULT NULL,
  `save_date` datetime DEFAULT NULL,
  `income` tinyint(1) DEFAULT '0',
  `detailed_type` int(11) DEFAULT NULL,
  `created_at` datetime NOT NULL,
  `updated_at` datetime NOT NULL,
  `deleted_at` datetime DEFAULT NULL,
  PRIMARY KEY (`id`),
  KEY `team_id_idx` (`team_id`)
) ENGINE=MyISAM AUTO_INCREMENT=19 DEFAULT CHARSET=utf8;

-- Dumping data for table switkrze_rally.team_finance: 18 rows
DELETE FROM `team_finance`;
/*!40000 ALTER TABLE `team_finance` DISABLE KEYS */;
INSERT INTO `team_finance` (`id`, `team_id`, `amount`, `description`, `save_date`, `income`, `detailed_type`, `created_at`, `updated_at`, `deleted_at`) VALUES
	(1, 2, 30000, 'Initial FastRally bonus', '2015-08-25 17:14:15', 1, 8, '2015-08-25 17:14:15', '2015-08-25 17:14:15', NULL),
	(2, 3, 30000, 'Initial FastRally bonus', '2015-08-25 18:57:06', 1, 8, '2015-08-25 18:57:06', '2015-08-25 18:57:06', NULL),
	(3, 4, 30000, 'Initial FastRally bonus', '2015-08-25 19:07:54', 1, 8, '2015-08-25 19:07:54', '2015-08-25 19:07:54', NULL),
	(4, 5, 30000, 'Initial FastRally bonus', '2015-08-26 06:44:07', 1, 8, '2015-08-26 06:44:07', '2015-08-26 06:44:07', NULL),
	(5, 6, 30000, 'Initial FastRally bonus', '2015-08-26 08:37:46', 1, 8, '2015-08-26 08:37:46', '2015-08-26 08:37:46', NULL),
	(6, 7, 30000, 'Initial FastRally bonus', '2015-08-26 10:22:59', 1, 8, '2015-08-26 10:22:59', '2015-08-26 10:22:59', NULL),
	(7, 8, 30000, 'Initial FastRally bonus', '2015-08-26 11:14:47', 1, 8, '2015-08-26 11:14:47', '2015-08-26 11:14:47', NULL),
	(8, 9, 30000, 'Initial FastRally bonus', '2015-08-26 11:18:45', 1, 8, '2015-08-26 11:18:45', '2015-08-26 11:18:45', NULL),
	(9, 2, 23900, 'Car Dacia Sandero was bought', '2015-08-26 16:32:30', 0, 7, '2015-08-26 16:32:30', '2015-08-26 16:32:30', NULL),
	(10, 10, 30000, 'Initial FastRally bonus', '2015-08-26 16:46:19', 1, 8, '2015-08-26 16:46:19', '2015-08-26 16:46:19', NULL),
	(11, 11, 30000, 'Initial FastRally bonus', '2015-08-26 20:17:15', 1, 8, '2015-08-26 20:17:15', '2015-08-26 20:17:15', NULL),
	(12, 12, 30000, 'Initial FastRally bonus', '2015-08-26 23:51:56', 1, 8, '2015-08-26 23:51:56', '2015-08-26 23:51:56', NULL),
	(13, 13, 30000, 'Initial FastRally bonus', '2015-08-27 00:38:41', 1, 8, '2015-08-27 00:38:41', '2015-08-27 00:38:41', NULL),
	(14, 14, 30000, 'Initial FastRally bonus', '2015-08-27 01:07:04', 1, 8, '2015-08-27 01:07:04', '2015-08-27 01:07:04', NULL),
	(15, 15, 30000, 'Initial FastRally bonus', '2015-08-27 10:39:47', 1, 8, '2015-08-27 10:39:47', '2015-08-27 10:39:47', NULL),
	(16, 16, 30000, 'Initial FastRally bonus', '2015-08-27 10:55:05', 1, 8, '2015-08-27 10:55:05', '2015-08-27 10:55:05', NULL),
	(17, 10, 23900, 'Car Dacia Sandero was bought', '2015-08-27 11:22:23', 0, 7, '2015-08-27 11:22:23', '2015-08-27 11:22:23', NULL),
	(18, 10, 250, 'Putting car        on market', '2015-08-27 11:36:17', 0, 6, '2015-08-27 11:36:17', '2015-08-27 11:36:17', NULL);
/*!40000 ALTER TABLE `team_finance` ENABLE KEYS */;


-- Dumping structure for table switkrze_rally.team_sponsor_list
DROP TABLE IF EXISTS `team_sponsor_list`;
CREATE TABLE IF NOT EXISTS `team_sponsor_list` (
  `id` int(11) NOT NULL AUTO_INCREMENT,
  `name` varchar(255) DEFAULT NULL,
  `slug` varchar(255) DEFAULT NULL,
  `description` text,
  `active` tinyint(1) DEFAULT '0',
  `logo` varchar(255) DEFAULT NULL,
  `created_at` datetime NOT NULL,
  `updated_at` datetime NOT NULL,
  `deleted_at` datetime DEFAULT NULL,
  PRIMARY KEY (`id`)
) ENGINE=MyISAM AUTO_INCREMENT=4 DEFAULT CHARSET=utf8;

-- Dumping data for table switkrze_rally.team_sponsor_list: 3 rows
DELETE FROM `team_sponsor_list`;
/*!40000 ALTER TABLE `team_sponsor_list` DISABLE KEYS */;
INSERT INTO `team_sponsor_list` (`id`, `name`, `slug`, `description`, `active`, `logo`, `created_at`, `updated_at`, `deleted_at`) VALUES
	(1, 'City Network', 'city-network', 'City Network is one of Swedens leading hosting companies and offers everything from simple packages to advanced managed solutions. You can get a generous package including e-mail and lots of space for as little as 5 USD per month. City Network is the exclusive host of ManagerZone and makes sure each manager gets the best access to the site.', 1, 'sponsor_city_network.sponsor_city_network', '2015-04-03 17:46:19', '2015-04-03 18:20:03', NULL),
	(2, 'Goal.com', 'goalcom', 'Goal.com is the ultimate resource for football fans with the aim of giving life to the largest football community on the planet. It covers the whole spectrum of the football world with news, statistics, photos, videos, transfer info, polls, games, fan forums, and much more.', 0, 'sponsor_goal.sponsor_goal', '2015-04-03 18:22:37', '2015-04-03 18:22:37', NULL),
	(3, 'ESPN', 'espn', 'ESPN Inc., the Worldwide Leader in Sports, is a multinational, multimedia sports entertainment company comprised of six domestic and 19 international television networks, a recently launched interactive TV channel, the largest sports radio network, ESPN The Magazine, ESPN.com, sports-themed dining and entertainment establishments, event management, ESPN Enterprises, wireless and broadband services, and more. ESPN features the broadest portfolio of multimedia assets in sports marketing with more than 40 national and international business interests or entities.', 0, 'sponsor_espn.sponsor_espn', '2015-04-03 18:23:17', '2015-04-03 18:23:17', NULL);
/*!40000 ALTER TABLE `team_sponsor_list` ENABLE KEYS */;


-- Dumping structure for table switkrze_rally.team_team
DROP TABLE IF EXISTS `team_team`;
CREATE TABLE IF NOT EXISTS `team_team` (
  `id` int(11) NOT NULL AUTO_INCREMENT,
  `user_id` int(11) DEFAULT NULL,
  `name` varchar(255) DEFAULT NULL,
  `driver1_id` int(11) DEFAULT NULL,
  `driver2_id` int(11) DEFAULT NULL,
  `pilot1_id` int(11) DEFAULT NULL,
  `pilot2_id` int(11) DEFAULT NULL,
  `car1_id` int(11) DEFAULT NULL,
  `car2_id` int(11) DEFAULT NULL,
  `cash` int(11) NOT NULL DEFAULT '0',
  `sponsor_id` int(11) DEFAULT NULL,
  `this_week_rank` int(11) DEFAULT NULL,
  `last_week_rank` int(11) DEFAULT NULL,
  `league_name` varchar(50) DEFAULT NULL,
  `created_at` datetime NOT NULL,
  `updated_at` datetime NOT NULL,
  `deleted_at` datetime DEFAULT NULL,
  `last_name_change` datetime DEFAULT NULL,
  PRIMARY KEY (`id`),
  KEY `team_team_user_id_user_user_id` (`user_id`),
  KEY `team_team_pilot2_id_people_people_id` (`pilot2_id`),
  KEY `team_team_pilot1_id_people_people_id` (`pilot1_id`),
  KEY `team_team_driver2_id_people_people_id` (`driver2_id`),
  KEY `team_team_driver1_id_people_people_id` (`driver1_id`),
  KEY `team_team_car2_id_car_car_id` (`car2_id`),
  KEY `team_team_car1_id_car_car_id` (`car1_id`),
  KEY `team_team_sponsor_id_team_sponsor_list_id` (`sponsor_id`)
) ENGINE=MyISAM AUTO_INCREMENT=17 DEFAULT CHARSET=utf8 COMMENT='update team_team set cash = 0\r\n';

-- Dumping data for table switkrze_rally.team_team: 15 rows
DELETE FROM `team_team`;
/*!40000 ALTER TABLE `team_team` DISABLE KEYS */;
INSERT INTO `team_team` (`id`, `user_id`, `name`, `driver1_id`, `driver2_id`, `pilot1_id`, `pilot2_id`, `car1_id`, `car2_id`, `cash`, `sponsor_id`, `this_week_rank`, `last_week_rank`, `league_name`, `created_at`, `updated_at`, `deleted_at`, `last_name_change`) VALUES
	(3, 3, 'CChan 001', NULL, NULL, NULL, NULL, NULL, NULL, 30000, 3, NULL, NULL, '1.0', '2015-08-25 18:57:06', '2015-08-26 13:03:45', NULL, '2015-08-26 13:03:45'),
	(2, 2, 'kk33 Team', NULL, NULL, NULL, NULL, NULL, NULL, 6100, NULL, NULL, NULL, '1.0', '2015-08-25 17:14:14', '2015-08-26 16:32:30', NULL, '2015-08-26 16:31:17'),
	(4, 5, 'Stonka', NULL, NULL, NULL, NULL, NULL, NULL, 30000, 3, NULL, NULL, '1.0', '2015-08-25 19:07:54', '2015-08-26 19:19:19', NULL, '2015-08-26 19:19:19'),
	(5, 6, 'Team Seals', NULL, NULL, NULL, NULL, NULL, NULL, 30000, 3, NULL, NULL, '1.0', '2015-08-26 06:44:07', '2015-08-27 10:59:06', NULL, '2015-08-27 10:59:06'),
	(6, 7, 'Team_7', NULL, NULL, NULL, NULL, NULL, NULL, 30000, 1, NULL, NULL, '1.0', '2015-08-26 08:37:46', '2015-08-26 09:19:35', NULL, NULL),
	(7, 8, 'Kekkaishi', NULL, NULL, NULL, NULL, NULL, NULL, 30000, 3, NULL, NULL, '1.0', '2015-08-26 10:22:59', '2015-08-26 13:09:28', NULL, '2015-08-26 13:09:28'),
	(8, 10, 'Team_10', NULL, NULL, NULL, NULL, NULL, NULL, 30000, 3, NULL, NULL, '1.0', '2015-08-26 11:14:47', '2015-08-26 11:19:35', NULL, NULL),
	(9, 9, 'Team_9', NULL, NULL, NULL, NULL, NULL, NULL, 30000, 3, NULL, NULL, '1.0', '2015-08-26 11:18:45', '2015-08-26 11:22:50', NULL, NULL),
	(10, 13, 'Paweł', NULL, NULL, NULL, NULL, NULL, NULL, 5850, 1, NULL, NULL, '1.0', '2015-08-26 16:46:19', '2015-08-27 11:36:17', NULL, '2015-08-26 16:49:38'),
	(11, 15, 'Team_15', NULL, NULL, NULL, NULL, NULL, NULL, 30000, 3, NULL, NULL, '1.0', '2015-08-26 20:17:15', '2015-08-26 20:21:10', NULL, NULL),
	(12, 16, 'Team_16', NULL, NULL, NULL, NULL, NULL, NULL, 30000, NULL, NULL, NULL, '1.0', '2015-08-26 23:51:56', '2015-08-26 23:51:56', NULL, NULL),
	(13, 17, 'Team_17', NULL, NULL, NULL, NULL, NULL, NULL, 30000, NULL, NULL, NULL, '1.0', '2015-08-27 00:38:41', '2015-08-27 00:38:41', NULL, NULL),
	(14, 18, 'Team_18', NULL, NULL, NULL, NULL, NULL, NULL, 30000, NULL, NULL, NULL, '1.0', '2015-08-27 01:07:04', '2015-08-27 01:07:04', NULL, NULL),
	(15, 12, 'Team_12', NULL, NULL, NULL, NULL, NULL, NULL, 30000, 1, NULL, NULL, '1.0', '2015-08-27 10:39:47', '2015-08-27 11:38:14', NULL, NULL),
	(16, 14, 'Paweł', NULL, NULL, NULL, NULL, NULL, NULL, 30000, NULL, NULL, NULL, '1.0', '2015-08-27 10:55:05', '2015-08-27 10:58:18', NULL, '2015-08-27 10:58:18');
/*!40000 ALTER TABLE `team_team` ENABLE KEYS */;


-- Dumping structure for table switkrze_rally.user_board
DROP TABLE IF EXISTS `user_board`;
CREATE TABLE IF NOT EXISTS `user_board` (
  `id` int(11) NOT NULL AUTO_INCREMENT,
  `user_id` bigint(20) DEFAULT NULL,
  `writer_id` bigint(20) DEFAULT NULL,
  `message` text,
  `readed` tinyint(1) NOT NULL DEFAULT '0',
  `created_at` datetime NOT NULL,
  `updated_at` datetime NOT NULL,
  `deleted_at` datetime DEFAULT NULL,
  PRIMARY KEY (`id`)
) ENGINE=MyISAM AUTO_INCREMENT=3 DEFAULT CHARSET=utf8;

-- Dumping data for table switkrze_rally.user_board: 2 rows
DELETE FROM `user_board`;
/*!40000 ALTER TABLE `user_board` DISABLE KEYS */;
INSERT INTO `user_board` (`id`, `user_id`, `writer_id`, `message`, `readed`, `created_at`, `updated_at`, `deleted_at`) VALUES
	(1, 4, 5, 'Heyy', 0, '2015-08-25 19:16:00', '2015-08-25 19:16:00', NULL),
	(2, 5, 6, 'test', 0, '2015-08-26 09:15:03', '2015-08-26 16:27:38', NULL);
/*!40000 ALTER TABLE `user_board` ENABLE KEYS */;


-- Dumping structure for table switkrze_rally.user_friends
DROP TABLE IF EXISTS `user_friends`;
CREATE TABLE IF NOT EXISTS `user_friends` (
  `id` int(11) NOT NULL AUTO_INCREMENT,
  `user_id` bigint(20) DEFAULT NULL,
  `friend_id` bigint(20) DEFAULT NULL,
  `accepted` tinyint(1) DEFAULT '0',
  `created_at` datetime NOT NULL,
  `updated_at` datetime NOT NULL,
  PRIMARY KEY (`id`),
  KEY `user_friends_user_id_user_user_id` (`user_id`),
  KEY `user_friends_friend_id_user_user_id` (`friend_id`)
) ENGINE=MyISAM AUTO_INCREMENT=5 DEFAULT CHARSET=utf8;

-- Dumping data for table switkrze_rally.user_friends: 4 rows
DELETE FROM `user_friends`;
/*!40000 ALTER TABLE `user_friends` DISABLE KEYS */;
INSERT INTO `user_friends` (`id`, `user_id`, `friend_id`, `accepted`, `created_at`, `updated_at`) VALUES
	(1, 3, 5, 0, '2015-08-25 20:03:00', '2015-08-25 20:03:00'),
	(2, 6, 5, 0, '2015-08-26 11:38:24', '2015-08-26 11:38:24'),
	(3, 2, 6, 1, '2015-08-26 17:16:17', '2015-08-27 10:29:44'),
	(4, 13, 14, 0, '2015-08-27 11:14:27', '2015-08-27 11:14:27');
/*!40000 ALTER TABLE `user_friends` ENABLE KEYS */;


-- Dumping structure for table switkrze_rally.user_invite
DROP TABLE IF EXISTS `user_invite`;
CREATE TABLE IF NOT EXISTS `user_invite` (
  `id` int(11) NOT NULL AUTO_INCREMENT,
  `user_id` bigint(20) DEFAULT NULL,
  `email` varchar(255) DEFAULT NULL,
  `created_at` datetime NOT NULL,
  `updated_at` datetime NOT NULL,
  PRIMARY KEY (`id`),
  KEY `user_invite_user_id_user_user_id` (`user_id`)
) ENGINE=MyISAM DEFAULT CHARSET=utf8;

-- Dumping data for table switkrze_rally.user_invite: 0 rows
DELETE FROM `user_invite`;
/*!40000 ALTER TABLE `user_invite` DISABLE KEYS */;
/*!40000 ALTER TABLE `user_invite` ENABLE KEYS */;


-- Dumping structure for table switkrze_rally.user_notification
DROP TABLE IF EXISTS `user_notification`;
CREATE TABLE IF NOT EXISTS `user_notification` (
  `id` int(11) NOT NULL AUTO_INCREMENT,
  `user_id` bigint(20) DEFAULT NULL,
  `type` int(11) DEFAULT NULL,
  `readed` tinyint(1) NOT NULL DEFAULT '0',
  `link` varchar(255) DEFAULT NULL,
  `message` text,
  `created_at` datetime NOT NULL,
  `updated_at` datetime NOT NULL,
  PRIMARY KEY (`id`)
) ENGINE=MyISAM AUTO_INCREMENT=5 DEFAULT CHARSET=utf8;

-- Dumping data for table switkrze_rally.user_notification: 3 rows
DELETE FROM `user_notification`;
/*!40000 ALTER TABLE `user_notification` DISABLE KEYS */;
INSERT INTO `user_notification` (`id`, `user_id`, `type`, `readed`, `link`, `message`, `created_at`, `updated_at`) VALUES
	(1, 5, 2, 0, '1', 'You have been invited to friend list by curtchan', '2015-08-25 20:03:00', '2015-08-26 16:27:24'),
	(2, 5, 2, 0, '2', 'You have been invited to friend list by tonymorgan', '2015-08-26 11:38:24', '2015-08-26 16:27:24'),
	(4, 14, 2, 0, '4', 'You have been invited to friend list by pawel', '2015-08-27 11:14:27', '2015-08-27 11:14:27');
/*!40000 ALTER TABLE `user_notification` ENABLE KEYS */;


-- Dumping structure for table switkrze_rally.user_premium_log
DROP TABLE IF EXISTS `user_premium_log`;
CREATE TABLE IF NOT EXISTS `user_premium_log` (
  `id` int(11) NOT NULL AUTO_INCREMENT,
  `amount` bigint(20) DEFAULT NULL,
  `user_id` bigint(20) DEFAULT NULL,
  `income` tinyint(1) DEFAULT '1',
  `description` varchar(255) DEFAULT NULL,
  `created_at` datetime NOT NULL,
  `updated_at` datetime NOT NULL,
  `deleted_at` datetime DEFAULT NULL,
  PRIMARY KEY (`id`)
) ENGINE=MyISAM DEFAULT CHARSET=utf8;

-- Dumping data for table switkrze_rally.user_premium_log: 0 rows
DELETE FROM `user_premium_log`;
/*!40000 ALTER TABLE `user_premium_log` DISABLE KEYS */;
/*!40000 ALTER TABLE `user_premium_log` ENABLE KEYS */;


-- Dumping structure for table switkrze_rally.user_user
DROP TABLE IF EXISTS `user_user`;
CREATE TABLE IF NOT EXISTS `user_user` (
  `id` int(11) NOT NULL AUTO_INCREMENT,
  `first_name` varchar(255) DEFAULT NULL,
  `last_name` varchar(255) DEFAULT NULL,
  `email` varchar(255) DEFAULT NULL,
  `username` varchar(255) DEFAULT NULL,
  `salt` varchar(255) DEFAULT NULL,
  `password` varchar(255) DEFAULT NULL,
  `role` varchar(255) DEFAULT NULL,
  `token` varchar(255) DEFAULT NULL,
  `active` tinyint(1) DEFAULT '1',
  `premium` bigint(20) DEFAULT NULL,
  `referer` bigint(20) DEFAULT NULL,
  `referer_not_active` tinyint(1) NOT NULL DEFAULT '0',
  `gold_member` tinyint(1) NOT NULL DEFAULT '0',
  `gold_member_expire` datetime DEFAULT NULL,
  `referer_paid` tinyint(1) DEFAULT '0',
  `created_at` datetime NOT NULL,
  `last_active` datetime DEFAULT NULL,
  `updated_at` datetime NOT NULL,
  `deleted_at` datetime DEFAULT NULL,
  PRIMARY KEY (`id`)
) ENGINE=MyISAM AUTO_INCREMENT=20 DEFAULT CHARSET=utf8;

-- Dumping data for table switkrze_rally.user_user: 19 rows
DELETE FROM `user_user`;
/*!40000 ALTER TABLE `user_user` DISABLE KEYS */;
INSERT INTO `user_user` (`id`, `first_name`, `last_name`, `email`, `username`, `salt`, `password`, `role`, `token`, `active`, `premium`, `referer`, `referer_not_active`, `gold_member`, `gold_member_expire`, `referer_paid`, `created_at`, `last_active`, `updated_at`, `deleted_at`) VALUES
	(1, NULL, NULL, 'kardi31@o2.pl', 'kardi3', '3cd8ce9308484e3cbb0ebb34cb3f8eb9', '4194733cdc8a0ebca945ea2c4a9b9d1b', 'admin', '3cd8ce9308484e3cbb0ebb34cb3f8eb9', 1, NULL, NULL, 0, 0, NULL, 0, '0000-00-00 00:00:00', '2015-08-26 11:07:47', '2015-08-26 11:07:47', NULL),
	(2, NULL, NULL, 'kardi31@tlen.pl', 'kk33', 'bc291935ff2d20eb46a5b52835ba0e8d', 'fac6a0c4edabb76e270c8764c1f61db0', 'user', 'e0d63b63ef0aa8734ebff99f78ff719b', 1, NULL, NULL, 0, 0, NULL, 0, '2015-08-25 17:12:31', '2015-08-27 12:30:04', '2015-08-27 12:30:04', NULL),
	(3, NULL, NULL, 'curt1996@o2.pl', 'curtchan', 'e8270b44d45e1d923b69090b99baf467', '8267aa28c4102b52d079e0c9de1d5aa0', 'user', 'bd8d4c7079e5542471d65b42e66c2f5a', 1, NULL, NULL, 0, 0, NULL, 0, '2015-08-25 18:56:14', '2015-08-27 10:12:32', '2015-08-27 10:12:32', NULL),
	(4, NULL, NULL, 'pejhi@interia.pl', 'Pejhi', '62eafbb0b111cf208a179e11fafa001f', 'bb3a77045a5228b2741fcaae2e6f47e4', 'user', '813e2050c71b0f4b3fcf2727b0414f82', 0, NULL, NULL, 0, 0, NULL, 0, '2015-08-25 19:03:54', NULL, '2015-08-25 19:03:54', NULL),
	(5, NULL, NULL, 'patryk.pastuch@interia.pl', 'droyet', 'e93db57c0ca5c0d026136079b0c3af04', '0a7ead6e487df17dbc6ef1d17327b801', 'user', '6472b22c9df86fa670a40b0b169c02ea', 1, NULL, NULL, 0, 0, NULL, 0, '2015-08-25 19:07:32', '2015-08-26 19:26:19', '2015-08-26 19:26:19', NULL),
	(6, NULL, NULL, 'tony.morgan@interia.pl', 'tonymorgan', '3e4ed263221f2cd2326ac453a7afe66d', '09aaf0cd18e916aa45c1512e27506500', 'user', 'f5bd8cb4e5529d198ef9a3b9a0a1330c', 1, NULL, NULL, 0, 0, NULL, 0, '2015-08-26 06:36:58', '2015-08-27 11:31:56', '2015-08-27 11:31:56', NULL),
	(7, NULL, NULL, 'lblaszkowski@onet.pl', 'wilk09', 'c1f05b67445681bd1b920c59ba785059', '589af082aa30baa2756d45aa266a6596', 'user', '88f557e78c0050c4c6ad5a4f6f2a8722', 1, NULL, NULL, 0, 0, NULL, 0, '2015-08-26 08:29:28', '2015-08-27 01:07:08', '2015-08-27 01:07:08', NULL),
	(8, NULL, NULL, 'pkruczekt@gmail.com', 'Yoshimori', 'd9d692949b6d84ba4654699c118398b4', '22b831c5eb97fb6313f682838e019088', 'user', 'ebf5a862e0bc0e6b5b4716d772e13907', 1, NULL, NULL, 0, 0, NULL, 0, '2015-08-26 10:22:31', '2015-08-27 12:44:54', '2015-08-27 12:44:54', NULL),
	(9, NULL, NULL, 'maciej.kaczor92@gmail.com', 'hangeyes', '5ea2a8a5d9f43c5cfd44eafc0d103221', '7290e874f9ca214c0ab26a7bde6303c1', 'user', '3e3ea056b409615086b52b941d23ca79', 1, NULL, NULL, 0, 0, NULL, 0, '2015-08-26 10:59:40', '2015-08-26 11:48:09', '2015-08-26 11:48:09', NULL),
	(10, NULL, NULL, 'wesolowskimaciej@o2.pl', 'Tester', 'b71e4a7ba2376e963858e1782e7884ae', 'a149e74121c7ab756f2693d97a2fb391', 'user', 'e839822428fbd45c3cfdecad6167b507', 1, NULL, NULL, 0, 0, NULL, 0, '2015-08-26 11:13:51', '2015-08-26 11:42:52', '2015-08-26 11:42:52', NULL),
	(11, NULL, NULL, 'kaczor.m92@gmail.com', 'testy', '34756e3b501d1eeb270db8e6111a3465', 'bbccbd819ae441f6f6d62eaa9822c606', 'user', '427cf0ce5eb71520d22cbe2b01a0e0ef', 0, NULL, NULL, 0, 0, NULL, 0, '2015-08-26 11:18:00', NULL, '2015-08-26 11:18:00', NULL),
	(12, NULL, NULL, 'weronika.serafin@wp.pl', 'werka0705', '3636ecf5a0a0e3827b496604fabfed89', '7053defb8eae73481065617ee50d6415', 'user', '59d771d0481fdd73672b5513a081e701', 1, NULL, NULL, 0, 0, NULL, 0, '2015-08-26 13:11:45', '2015-08-27 11:58:20', '2015-08-27 11:58:20', NULL),
	(13, NULL, NULL, 'pawel.stepak.ps@gmail.com', 'pawel', 'c10f25c68d3a669c5c7f0f00488e1922', '14e0a59d7dc4f50eb72f50e31b7b3c02', 'user', '45b05aa07b852258808cc48ba0b282d7', 1, NULL, NULL, 0, 0, NULL, 0, '2015-08-26 14:21:13', '2015-08-27 11:36:40', '2015-08-27 11:36:40', NULL),
	(14, NULL, NULL, 'ps.mlody@gmail.com', 'pawel1', 'c8d4a0ebdcd5a2002b0939ff7d76c4ef', 'd35d99a04580864669b0a4153ae143a5', 'user', '87049999637c356e3cd28fbb5194b2a9', 1, NULL, NULL, 0, 0, NULL, 0, '2015-08-26 14:33:08', '2015-08-27 11:33:22', '2015-08-27 11:33:22', NULL),
	(15, NULL, NULL, 'DOTA2PG@GMAIL.COM', 'LOSIEKKRK26', '5c2eab8eb81d4450418e53231ee85835', 'e3467127ee4d00518394213c03906b8f', 'user', 'a064930b96344ddb6414fb2e52f5d74b', 1, NULL, NULL, 0, 0, NULL, 0, '2015-08-26 20:16:29', '2015-08-26 20:22:30', '2015-08-26 20:22:30', NULL),
	(16, NULL, NULL, 'wilk9@poczta.onet.pl', 'wilk9', 'ffdee8f8ee592bb81880f89d931e66e0', 'd2c2b0b51b883c660f3458cb67d9a55f', 'user', 'e8ad926767d978932d4df5fa4d87508a', 1, NULL, NULL, 0, 0, NULL, 0, '2015-08-26 23:51:17', '2015-08-27 00:30:17', '2015-08-27 00:30:17', NULL),
	(17, NULL, NULL, 'ebi.stanczak@onet.pl', 'wilk009', '08341f44e84a3635e1a9b2e035e76369', '0bc62c832ba02480cbe5fe231ad1bd19', 'user', 'a37870da209c7303b3445162b530fbec', 1, NULL, NULL, 0, 0, NULL, 0, '2015-08-27 00:38:20', '2015-08-27 01:30:16', '2015-08-27 01:30:16', NULL),
	(18, NULL, NULL, 'lblaszkowski9@gmail.com', 'wilk0009', '0ffbde2bfc6bbb636e148f1e8a998770', '87363c1eb49df63a3e03cfc15a9b4661', 'user', 'e9b178d744fa344d98fdabfea9244d93', 1, NULL, NULL, 0, 0, NULL, 0, '2015-08-27 01:06:20', NULL, '2015-08-27 01:07:04', NULL),
	(19, NULL, NULL, 'czarek77774@wp.pl', 'Czarcik', 'ede81a46e170ca00228f77ac63f795e0', 'c4f9980fc19881b5b0dff72d59428a90', 'user', '89c5c7aae74eb8b6df403325d9a9353c', 0, NULL, NULL, 0, 0, NULL, 0, '2015-08-27 07:05:42', NULL, '2015-08-27 07:05:42', NULL);
/*!40000 ALTER TABLE `user_user` ENABLE KEYS */;
/*!40101 SET SQL_MODE=IFNULL(@OLD_SQL_MODE, '') */;
/*!40014 SET FOREIGN_KEY_CHECKS=IF(@OLD_FOREIGN_KEY_CHECKS IS NULL, 1, @OLD_FOREIGN_KEY_CHECKS) */;
/*!40101 SET CHARACTER_SET_CLIENT=@OLD_CHARACTER_SET_CLIENT */;
