-- --------------------------------------------------------
-- Host:                         127.0.0.1
-- Server version:               5.6.21 - MySQL Community Server (GPL)
-- Server OS:                    Win32
-- HeidiSQL Version:             9.1.0.4867
-- --------------------------------------------------------

/*!40101 SET @OLD_CHARACTER_SET_CLIENT=@@CHARACTER_SET_CLIENT */;
/*!40101 SET NAMES utf8mb4 */;
/*!40014 SET @OLD_FOREIGN_KEY_CHECKS=@@FOREIGN_KEY_CHECKS, FOREIGN_KEY_CHECKS=0 */;
/*!40101 SET @OLD_SQL_MODE=@@SQL_MODE, SQL_MODE='NO_AUTO_VALUE_ON_ZERO' */;

-- Dumping structure for table ral.car_car
CREATE TABLE IF NOT EXISTS `car_car` (
  `id` int(11) NOT NULL AUTO_INCREMENT,
  `model_id` bigint(20) DEFAULT NULL,
  `name` varchar(255) DEFAULT NULL,
  `team_id` bigint(20) DEFAULT NULL,
  `mileage` bigint(20) DEFAULT NULL,
  `value` bigint(20) DEFAULT NULL,
  `upkeep` bigint(20) DEFAULT NULL,
  `last_season_value_id` bigint(20) DEFAULT NULL,
  `on_market` tinyint(1) NOT NULL DEFAULT '0',
  `created_at` datetime NOT NULL,
  `updated_at` datetime NOT NULL,
  `deleted_at` datetime DEFAULT NULL,
  `last_name_change` datetime DEFAULT NULL,
  PRIMARY KEY (`id`)
) ENGINE=MyISAM AUTO_INCREMENT=23 DEFAULT CHARSET=utf8;

-- Dumping data for table ral.car_car: 22 rows
DELETE FROM `car_car`;
/*!40000 ALTER TABLE `car_car` DISABLE KEYS */;
INSERT INTO `car_car` (`id`, `model_id`, `name`, `team_id`, `mileage`, `value`, `upkeep`, `last_season_value_id`, `on_market`, `created_at`, `updated_at`, `deleted_at`, `last_name_change`) VALUES
	(1, 6, 'Mitsubishi Lancer Evo IX GT340 #0', 3, 0, 123000, 18450, 0, 0, '2015-08-04 16:27:18', '2015-08-11 18:00:09', NULL, NULL),
	(2, 15, 'Honda Civic Turbo Type R #1', 2, 0, 127000, 19050, 0, 0, '2015-08-04 16:27:18', '2015-08-11 18:00:09', NULL, NULL),
	(3, 16, 'Toyota Celica GT-Four ST205 #2', 3, 0, 119700, 17955, 0, 0, '2015-08-04 16:27:18', '2015-08-11 18:00:09', NULL, NULL),
	(4, 21, 'Skoda Octavia WRC #3', 4, 0, 115000, 17250, 0, 0, '2015-08-04 16:27:18', '2015-08-11 18:00:10', NULL, NULL),
	(5, 24, 'Volkswagen Polo R WRC #4', 5, 0, 133000, 19950, 0, 0, '2015-08-04 16:27:18', '2015-08-11 18:00:10', NULL, NULL),
	(6, 6, 'Mitsubishi Lancer Evo IX GT340 #5', 13, 0, 123000, 18450, 0, 0, '2015-08-04 16:27:18', '2015-08-12 02:20:01', NULL, NULL),
	(7, 15, 'Honda Civic Turbo Type R #6', 7, 0, 127000, 19050, 0, 0, '2015-08-04 16:27:18', '2015-08-11 18:00:11', NULL, NULL),
	(8, 16, 'Toyota Celica GT-Four ST205 #7', 3, 0, 119700, 17955, 0, 0, '2015-08-04 16:27:19', '2015-08-11 18:00:11', NULL, NULL),
	(9, 21, 'Skoda Octavia WRC #8', 9, 0, 115000, 17250, 0, 0, '2015-08-04 16:27:19', '2015-08-11 18:00:11', NULL, NULL),
	(10, 24, 'Volkswagen Polo R WRC #9', 10, 0, 133000, 19950, 0, 0, '2015-08-04 16:27:19', '2015-08-11 18:00:11', NULL, NULL),
	(11, 6, 'Mitsubishi Lancer Evo IX GT340 #10', 11, 0, 123000, 18450, 0, 0, '2015-08-04 16:27:19', '2015-08-11 18:00:12', NULL, NULL),
	(12, 15, 'Honda Civic Turbo Type R #11', 12, 0, 127000, 19050, 0, 0, '2015-08-04 16:27:19', '2015-08-11 18:00:12', NULL, NULL),
	(13, 16, 'Toyota Celica GT-Four ST205 #12', 13, 0, 119700, 17955, 0, 0, '2015-08-04 16:27:19', '2015-08-11 18:00:12', NULL, NULL),
	(14, 21, 'Skoda Octavia WRC #13', 14, 0, 115000, 17250, 0, 0, '2015-08-04 16:27:19', '2015-08-11 18:00:12', NULL, NULL),
	(15, 24, 'Volkswagen Polo R WRC #14', 15, 0, 133000, 19950, 0, 0, '2015-08-04 16:27:19', '2015-08-11 18:00:13', NULL, NULL),
	(16, 6, 'Mitsubishi Lancer Evo IX GT340 #15', 16, 0, 123000, 18450, 0, 0, '2015-08-04 17:01:16', '2015-08-11 18:00:13', NULL, NULL),
	(17, 15, 'Honda Civic Turbo Type R #16', 17, 0, 127000, 19050, 0, 0, '2015-08-04 17:18:34', '2015-08-11 18:00:13', NULL, NULL),
	(18, 16, 'Toyota Celica GT-Four ST205 #17', 13, 0, 119700, 17955, 0, 0, '2015-08-05 12:20:13', '2015-08-11 18:00:14', NULL, NULL),
	(19, 21, 'Skoda Octavia WRC #18', 18, 0, 115000, 17250, 0, 0, '2015-08-05 16:00:53', '2015-08-11 18:00:14', NULL, NULL),
	(20, 17, 'Proton Satria Neo Sport #19', 1, 0, 11000, 1650, 0, 0, '2015-08-11 17:27:28', '2015-08-11 18:00:14', NULL, NULL),
	(21, 4, 'Alfa Romeo Junior #20', 6, 0, 25000, 3750, 0, 0, '2015-08-11 17:33:15', '2015-08-11 18:00:14', NULL, NULL),
	(22, 5, 'Renault Clio III #21', 8, 0, 34000, 5100, 0, 0, '2015-08-11 17:39:28', '2015-08-11 18:00:15', NULL, NULL);
/*!40000 ALTER TABLE `car_car` ENABLE KEYS */;


-- Dumping structure for table ral.car_car_models
CREATE TABLE IF NOT EXISTS `car_car_models` (
  `id` int(11) NOT NULL AUTO_INCREMENT,
  `name` varchar(255) DEFAULT NULL,
  `capacity` bigint(20) DEFAULT NULL,
  `horsepower` bigint(20) DEFAULT NULL,
  `max_speed` bigint(20) DEFAULT NULL,
  `acceleration` float(10,2) DEFAULT NULL,
  `wheel_drive` enum('front','rear','4x4') DEFAULT NULL,
  `league` bigint(20) DEFAULT NULL,
  `price` bigint(20) DEFAULT NULL,
  `unique` bigint(20) DEFAULT NULL,
  `real_value` bigint(20) DEFAULT NULL,
  `on_market` tinyint(1) NOT NULL DEFAULT '0',
  `photo` varchar(255) DEFAULT NULL,
  `created_at` datetime NOT NULL,
  `updated_at` datetime NOT NULL,
  PRIMARY KEY (`id`)
) ENGINE=MyISAM AUTO_INCREMENT=44 DEFAULT CHARSET=utf8;

-- Dumping data for table ral.car_car_models: 33 rows
DELETE FROM `car_car_models`;
/*!40000 ALTER TABLE `car_car_models` DISABLE KEYS */;
INSERT INTO `car_car_models` (`id`, `name`, `capacity`, `horsepower`, `max_speed`, `acceleration`, `wheel_drive`, `league`, `price`, `unique`, `real_value`, `on_market`, `photo`, `created_at`, `updated_at`) VALUES
	(1, 'BMW 318is', 1895, 138, 212, 9.70, '', 3, 53000, 0, 30147, 0, 'bmw318is.jpg', '2015-08-07 13:17:40', '2015-08-07 16:11:26'),
	(2, 'Nissan Micra Sport', 1598, 108, 183, 9.80, '', 4, 37000, 0, 25010, 0, 'nissan_micra.jpg', '2015-08-07 13:13:40', '2015-08-07 16:11:26'),
	(3, 'Triumph TR7', 1998, 105, 175, 9.80, '', 5, 33000, 0, 26847, 0, 'triumph_tr7.jpg', '2015-08-07 13:09:20', '2015-08-07 16:11:26'),
	(4, 'Alfa Romeo Junior', 1300, 136, 197, 10.30, '', 5, 25000, 0, 26055, 1, 'alfa_romeo_junior.jpg', '2015-08-07 13:06:34', '2015-08-07 16:11:26'),
	(5, 'Renault Clio III', 1598, 110, 190, 10.20, '', 4, 34000, 0, 25004, 1, 'renault_clio_3.jpg', '2015-08-06 17:17:50', '2015-08-07 16:11:26'),
	(6, 'Mitsubishi Lancer Evo IX GT340', 1997, 305, 250, 5.20, '', 1, 123000, 0, 41956, 0, 'mitsubishi_lancer_evo_ix.jpg', '2015-08-06 12:30:11', '2015-08-07 16:11:26'),
	(7, 'Ford Fiesta R5', 1597, 280, 180, 8.10, '', 3, 61000, 0, 32881, 1, 'ford_fiesta_r5.jpg', '2015-08-06 12:31:14', '2015-08-07 16:11:26'),
	(8, 'Peugeot 208 VTi', 1199, 120, 178, 12.20, '', 5, 19000, 0, 25461, 0, 'peugot208_vti.jpg', '2015-08-06 12:39:23', '2015-08-07 16:11:26'),
	(9, 'Fiat Cinquecento Sport', 1109, 54, 150, 13.80, '', 6, 17778, 1, 17778, 0, 'cinquecento.jpg', '2015-08-06 12:50:19', '2015-08-07 16:11:26'),
	(10, 'Suzuki Swift Sport', 1568, 136, 195, 8.70, '', 4, 39500, 0, 27683, 0, 'suzuki_swift.JPG', '2015-08-06 15:21:31', '2015-08-07 16:11:26'),
	(11, 'Subaru Impreza WRX STI 2008', 2457, 297, 243, 4.80, '', 1, 165000, 1, 44670, 0, 'subaru_wrx_sti_2008.jpg', '2015-08-06 17:21:15', '2015-08-07 16:11:26'),
	(12, 'Citroen Xsara VTS', 1998, 167, 220, 8.00, '', 2, 83000, 0, 36487, 1, 'citroen_xsara_vts.jpg', '2015-08-06 17:30:34', '2015-08-07 16:11:26'),
	(13, 'Mazda 323 GTR', 1840, 182, 221, 7.00, '', 2, 79300, 0, 37064, 0, 'mazda323_gtr.jpg', '2015-08-06 17:46:53', '2015-08-07 16:11:26'),
	(14, 'FSO Polonez', 1600, 130, 180, 8.10, '', 5, 19500, 0, 26027, 0, 'fso_polonez.JPG', '2015-08-06 17:54:15', '2015-08-07 16:11:26'),
	(15, 'Honda Civic Turbo Type R', 1998, 306, 268, 5.70, '', 1, 127000, 0, 42673, 1, 'honca_civic_type_r.jpg', '2015-08-06 18:06:58', '2015-08-07 16:11:26'),
	(16, 'Toyota Celica GT-Four ST205', 1998, 239, 246, 5.90, '', 1, 119700, 0, 43727, 0, 'toyota_celica_gt_four.jpg', '2015-08-07 10:48:25', '2015-08-07 16:11:26'),
	(17, 'Proton Satria Neo Sport', 1589, 111, 189, 11.50, '', 5, 11000, 0, 24177, 1, 'pro_satria_neo.jpg', '2015-08-07 10:56:18', '2015-08-07 16:11:26'),
	(18, 'Ford Focus RS', 1988, 215, 232, 6.70, '', 2, 97000, 0, 41280, 0, 'ford_focus_rs_I.jpg', '2015-08-07 11:01:11', '2015-08-07 16:11:26'),
	(19, 'Ford Focus WRC', 1991, 300, 230, 4.20, '', 1, 183000, 1, 51052, 1, 'ford_focus_wrc.jpg', '2015-08-07 11:21:11', '2015-08-07 16:11:26'),
	(20, 'Hyundai Accent ', 1600, 137, 194, 8.20, '', 4, 41000, 0, 27232, 0, 'hyundai_accent.jpg', '2015-08-07 12:05:37', '2015-08-07 16:11:26'),
	(21, 'Skoda Octavia WRC', 1998, 300, 230, 4.80, '', 1, 115000, 0, 41642, 0, 'skoda_octavia_wrc.jpg', '2015-08-07 12:15:00', '2015-08-07 16:11:26'),
	(22, 'Skoda Fabia IRC', 1398, 177, 223, 7.30, '', 3, 56500, 0, 30578, 0, 'skoda_fabia.jpg', '2015-08-07 12:17:42', '2015-08-07 16:11:26'),
	(23, 'Mini Cooper S', 1598, 208, 210, 6.80, '', 3, 62500, 0, 33238, 0, 'mini_cooper_s.jpg', '2015-08-07 12:22:33', '2015-08-07 16:11:26'),
	(24, 'Volkswagen Polo R WRC', 1666, 315, 200, 3.90, '', 1, 133000, 0, 44269, 0, 'volkswagen_polo_r.jpg', '2015-08-07 12:25:29', '2015-08-07 16:11:26'),
	(25, 'Suzuki Ignis', 1300, 92, 159, 10.70, '', 5, 8000, 0, 21775, 0, 'suzuki_ignis.jpg', '2015-08-07 12:35:17', '2015-08-07 16:11:26'),
	(26, 'Ford Puma', 1679, 125, 203, 9.20, '', 3, 50100, 0, 29946, 0, 'ford_puma.jpg', '2015-08-07 12:40:24', '2015-08-07 16:11:26'),
	(27, 'Ford Escort V Cosworth', 1993, 224, 232, 6.10, '', 2, 87200, 0, 38620, 1, 'ford_escort_rs_crossworth.jpg', '2015-08-07 12:55:56', '2015-08-07 16:11:26'),
	(28, 'Peugeot 207', 1998, 280, 199, 11.10, '', 2, 85100, 0, 36708, 0, 'peugeot_207.JPG', '2015-08-07 13:02:23', '2015-08-07 16:11:26'),
	(39, 'Ford Cortina MKIII', 1993, 98, 165, 11.10, '', 5, 10000, 0, 23847, 0, 'ford_cortina_mk3.JPG', '2015-08-07 15:44:10', '2015-08-07 16:11:26'),
	(40, 'Mazda 2 Sport', 1498, 102, 188, 10.40, '', 5, 29000, 0, 26201, 0, 'mazda2_sport.JPG', '2015-08-07 15:46:14', '2015-08-07 16:11:26'),
	(41, 'Talbot Samba Rally', 1219, 90, 175, 10.80, '', 5, 17500, 0, 24804, 0, 'talbot_samba.jpg', '2015-08-07 15:47:54', '2015-08-07 16:11:26'),
	(42, 'Opel Viva GT', 1975, 104, 162, 10.70, '', 4, 37500, 0, 27722, 0, 'opel_viva.jpg', '2015-08-07 15:48:26', '2015-08-07 16:11:26'),
	(43, 'Dacia Sandero', 1598, 104, 180, 11.40, '', 4, 36500, 0, 27098, 1, 'dacia_sandero.jpg', '2015-08-07 16:09:41', '2015-08-07 16:11:26');
/*!40000 ALTER TABLE `car_car_models` ENABLE KEYS */;


-- Dumping structure for table ral.forum_category
CREATE TABLE IF NOT EXISTS `forum_category` (
  `id` int(11) NOT NULL AUTO_INCREMENT,
  `name` varchar(255) DEFAULT NULL,
  `slug` varchar(255) DEFAULT NULL,
  `description` text,
  `active` tinyint(1) DEFAULT '0',
  `created_at` datetime NOT NULL,
  `updated_at` datetime NOT NULL,
  `deleted_at` datetime DEFAULT NULL,
  PRIMARY KEY (`id`)
) ENGINE=MyISAM AUTO_INCREMENT=6 DEFAULT CHARSET=utf8;

-- Dumping data for table ral.forum_category: 5 rows
DELETE FROM `forum_category`;
/*!40000 ALTER TABLE `forum_category` DISABLE KEYS */;
INSERT INTO `forum_category` (`id`, `name`, `slug`, `description`, `active`, `created_at`, `updated_at`, `deleted_at`) VALUES
	(1, 'Ogólne', 'ogolne', 'O grze', 1, '0000-00-00 00:00:00', '0000-00-00 00:00:00', NULL),
	(2, 'Rajdy towarzyskie', 'rajdy-towarzyskie', 'Tutaj możecie pogadać o rajdach towarzyskich', 1, '0000-00-00 00:00:00', '0000-00-00 00:00:00', NULL),
	(3, 'Pytania', 'pytania', 'Tutaj możecie pytać o wszystko', 1, '0000-00-00 00:00:00', '0000-00-00 00:00:00', NULL),
	(5, 'Off topic', 'off-topic', 'Wszystko co nie zwiazane z gra', 1, '0000-00-00 00:00:00', '0000-00-00 00:00:00', NULL),
	(4, 'Sugestie', 'sugestie', 'Masz pomysł co ulepszyć w grze? Podziel się nim z nami', 1, '0000-00-00 00:00:00', '0000-00-00 00:00:00', NULL);
/*!40000 ALTER TABLE `forum_category` ENABLE KEYS */;


-- Dumping structure for table ral.forum_favourite
CREATE TABLE IF NOT EXISTS `forum_favourite` (
  `id` int(11) NOT NULL AUTO_INCREMENT,
  `user_id` bigint(20) DEFAULT NULL,
  `category_id` bigint(20) DEFAULT NULL,
  `created_at` datetime NOT NULL,
  `updated_at` datetime NOT NULL,
  PRIMARY KEY (`id`),
  KEY `category_id_idx` (`category_id`),
  KEY `forum_favourite_user_id_user_user_id` (`user_id`)
) ENGINE=MyISAM DEFAULT CHARSET=utf8;

-- Dumping data for table ral.forum_favourite: 0 rows
DELETE FROM `forum_favourite`;
/*!40000 ALTER TABLE `forum_favourite` DISABLE KEYS */;
/*!40000 ALTER TABLE `forum_favourite` ENABLE KEYS */;


-- Dumping structure for table ral.forum_post
CREATE TABLE IF NOT EXISTS `forum_post` (
  `id` int(11) NOT NULL AUTO_INCREMENT,
  `user_id` int(11) DEFAULT NULL,
  `category_id` int(11) DEFAULT NULL,
  `title` varchar(255) DEFAULT NULL,
  `content` text,
  `active` tinyint(1) NOT NULL DEFAULT '1',
  `thread_id` int(11) DEFAULT NULL,
  `moderator_notes` text,
  `moderator_date` datetime DEFAULT NULL,
  `moderator_name` varchar(255) DEFAULT NULL,
  `created_at` datetime NOT NULL,
  `updated_at` datetime NOT NULL,
  `deleted_at` datetime DEFAULT NULL,
  PRIMARY KEY (`id`),
  KEY `forum_post_user_id_user_user_id` (`user_id`),
  KEY `forum_post_thread_id_forum_thread_id` (`thread_id`),
  KEY `forum_post_category_id_forum_category_id` (`category_id`)
) ENGINE=MyISAM AUTO_INCREMENT=3 DEFAULT CHARSET=utf8;

-- Dumping data for table ral.forum_post: 2 rows
DELETE FROM `forum_post`;
/*!40000 ALTER TABLE `forum_post` DISABLE KEYS */;
INSERT INTO `forum_post` (`id`, `user_id`, `category_id`, `title`, `content`, `active`, `thread_id`, `moderator_notes`, `moderator_date`, `moderator_name`, `created_at`, `updated_at`, `deleted_at`) VALUES
	(1, 1, 1, NULL, 'THis is my response', 1, 1, NULL, NULL, NULL, '2015-08-05 12:38:49', '2015-08-05 13:04:01', NULL),
	(2, 1, 1, NULL, 'aaaa', 1, 3, NULL, NULL, NULL, '2015-08-05 13:17:05', '2015-08-05 13:17:05', NULL);
/*!40000 ALTER TABLE `forum_post` ENABLE KEYS */;


-- Dumping structure for table ral.forum_thread
CREATE TABLE IF NOT EXISTS `forum_thread` (
  `id` int(11) NOT NULL AUTO_INCREMENT,
  `user_id` int(11) DEFAULT NULL,
  `category_id` int(11) DEFAULT NULL,
  `title` varchar(255) DEFAULT NULL,
  `content` text,
  `pinned` tinyint(1) DEFAULT '0',
  `active` tinyint(1) NOT NULL DEFAULT '1',
  `moderator_notes` text,
  `moderator_date` datetime DEFAULT NULL,
  `moderator_name` varchar(255) DEFAULT NULL,
  `created_at` datetime NOT NULL,
  `updated_at` datetime NOT NULL,
  `deleted_at` datetime DEFAULT NULL,
  PRIMARY KEY (`id`),
  KEY `forum_thread_user_id_user_user_id` (`user_id`),
  KEY `forum_thread_category_id_forum_category_id` (`category_id`)
) ENGINE=MyISAM AUTO_INCREMENT=7 DEFAULT CHARSET=utf8;

-- Dumping data for table ral.forum_thread: 6 rows
DELETE FROM `forum_thread`;
/*!40000 ALTER TABLE `forum_thread` DISABLE KEYS */;
INSERT INTO `forum_thread` (`id`, `user_id`, `category_id`, `title`, `content`, `pinned`, `active`, `moderator_notes`, `moderator_date`, `moderator_name`, `created_at`, `updated_at`, `deleted_at`) VALUES
	(1, 13, 1, 'This is my thread', 'content', 0, 1, NULL, NULL, NULL, '2015-08-05 12:25:54', '2015-08-05 12:38:27', NULL),
	(2, 1, 1, 'cxzcz', 'dasda', 0, 1, NULL, NULL, NULL, '2015-08-05 13:05:25', '2015-08-05 13:05:25', NULL),
	(3, 1, 1, 'dsada', 'xczcxz', 0, 1, NULL, NULL, NULL, '2015-08-05 13:05:46', '2015-08-05 13:05:46', NULL),
	(4, 1, 1, 'ewqe', 'dasdas', 0, 1, NULL, NULL, NULL, '2015-08-05 13:05:49', '2015-08-05 13:05:49', NULL),
	(5, 1, 1, 'dasda', 'cxz', 0, 1, NULL, NULL, NULL, '2015-08-05 13:08:20', '2015-08-05 13:08:20', NULL),
	(6, 1, 1, '', '', 0, 1, NULL, NULL, NULL, '2015-08-05 13:11:26', '2015-08-05 13:11:26', NULL);
/*!40000 ALTER TABLE `forum_thread` ENABLE KEYS */;


-- Dumping structure for table ral.league_league
CREATE TABLE IF NOT EXISTS `league_league` (
  `league_name` varchar(255) NOT NULL DEFAULT '0.00',
  `league_level` bigint(20) DEFAULT NULL,
  `created_at` datetime NOT NULL,
  `updated_at` datetime NOT NULL,
  `deleted_at` datetime DEFAULT NULL,
  PRIMARY KEY (`league_name`)
) ENGINE=MyISAM DEFAULT CHARSET=utf8;

-- Dumping data for table ral.league_league: 32 rows
DELETE FROM `league_league`;
/*!40000 ALTER TABLE `league_league` DISABLE KEYS */;
INSERT INTO `league_league` (`league_name`, `league_level`, `created_at`, `updated_at`, `deleted_at`) VALUES
	('1.00', 1, '0000-00-00 00:00:00', '0000-00-00 00:00:00', NULL),
	('2.10', 2, '0000-00-00 00:00:00', '0000-00-00 00:00:00', NULL),
	('2.20', 2, '0000-00-00 00:00:00', '0000-00-00 00:00:00', NULL),
	('3.10', 3, '0000-00-00 00:00:00', '0000-00-00 00:00:00', NULL),
	('3.20', 3, '0000-00-00 00:00:00', '0000-00-00 00:00:00', NULL),
	('3.30', 3, '0000-00-00 00:00:00', '0000-00-00 00:00:00', NULL),
	('3.40', 3, '0000-00-00 00:00:00', '0000-00-00 00:00:00', NULL),
	('4.1', 4, '0000-00-00 00:00:00', '0000-00-00 00:00:00', NULL),
	('4.2', 4, '0000-00-00 00:00:00', '0000-00-00 00:00:00', NULL),
	('4.3', 4, '0000-00-00 00:00:00', '0000-00-00 00:00:00', NULL),
	('4.4', 4, '0000-00-00 00:00:00', '0000-00-00 00:00:00', NULL),
	('4.5', 4, '0000-00-00 00:00:00', '0000-00-00 00:00:00', NULL),
	('4.6', 4, '0000-00-00 00:00:00', '0000-00-00 00:00:00', NULL),
	('4.7', 4, '0000-00-00 00:00:00', '0000-00-00 00:00:00', NULL),
	('4.8', 4, '0000-00-00 00:00:00', '0000-00-00 00:00:00', NULL),
	('4.9', 4, '0000-00-00 00:00:00', '0000-00-00 00:00:00', NULL),
	('4.11', 4, '0000-00-00 00:00:00', '0000-00-00 00:00:00', NULL),
	('4.12', 4, '0000-00-00 00:00:00', '0000-00-00 00:00:00', NULL),
	('4.13', 4, '0000-00-00 00:00:00', '0000-00-00 00:00:00', NULL),
	('4.14', 4, '0000-00-00 00:00:00', '0000-00-00 00:00:00', NULL),
	('4.15', 4, '0000-00-00 00:00:00', '0000-00-00 00:00:00', NULL),
	('4.16', 4, '0000-00-00 00:00:00', '0000-00-00 00:00:00', NULL),
	('4.17', 4, '0000-00-00 00:00:00', '0000-00-00 00:00:00', NULL),
	('4.18', 4, '0000-00-00 00:00:00', '0000-00-00 00:00:00', NULL),
	('4.19', 4, '0000-00-00 00:00:00', '0000-00-00 00:00:00', NULL),
	('4.20', 4, '0000-00-00 00:00:00', '0000-00-00 00:00:00', NULL),
	('4.21', 4, '0000-00-00 00:00:00', '0000-00-00 00:00:00', NULL),
	('4.22', 4, '0000-00-00 00:00:00', '0000-00-00 00:00:00', NULL),
	('4.23', 4, '0000-00-00 00:00:00', '0000-00-00 00:00:00', NULL),
	('4.24', 4, '0000-00-00 00:00:00', '0000-00-00 00:00:00', NULL),
	('4.25', 4, '0000-00-00 00:00:00', '0000-00-00 00:00:00', NULL),
	('1', 1, '2015-08-04 16:26:23', '2015-08-04 16:26:23', NULL);
/*!40000 ALTER TABLE `league_league` ENABLE KEYS */;


-- Dumping structure for table ral.league_season
CREATE TABLE IF NOT EXISTS `league_season` (
  `id` int(11) NOT NULL AUTO_INCREMENT,
  `league_name` varchar(255) DEFAULT NULL,
  `team_id` bigint(20) DEFAULT NULL,
  `points` bigint(20) DEFAULT '0',
  `season` bigint(20) DEFAULT NULL,
  `created_at` datetime NOT NULL,
  `updated_at` datetime NOT NULL,
  `deleted_at` datetime DEFAULT NULL,
  PRIMARY KEY (`id`),
  KEY `league_name_idx` (`league_name`),
  KEY `league_season_team_id_team_team_id` (`team_id`)
) ENGINE=MyISAM AUTO_INCREMENT=44 DEFAULT CHARSET=utf8;

-- Dumping data for table ral.league_season: 18 rows
DELETE FROM `league_season`;
/*!40000 ALTER TABLE `league_season` DISABLE KEYS */;
INSERT INTO `league_season` (`id`, `league_name`, `team_id`, `points`, `season`, `created_at`, `updated_at`, `deleted_at`) VALUES
	(18, '1.00', 1, 0, 1, '2015-08-04 16:27:18', '2015-08-04 16:27:18', NULL),
	(19, '1.00', 2, 0, 1, '2015-08-04 16:27:18', '2015-08-04 16:27:18', NULL),
	(20, '1.00', 3, 0, 1, '2015-08-04 16:27:18', '2015-08-04 16:27:18', NULL),
	(21, '1.00', 4, 0, 1, '2015-08-04 16:27:18', '2015-08-04 16:27:18', NULL),
	(22, '1.00', 5, 0, 1, '2015-08-04 16:27:18', '2015-08-04 16:27:18', NULL),
	(23, '1.00', 6, 0, 1, '2015-08-04 16:27:18', '2015-08-04 16:27:18', NULL),
	(24, '1.00', 7, 0, 1, '2015-08-04 16:27:18', '2015-08-04 16:27:18', NULL),
	(25, '1.00', 8, 0, 1, '2015-08-04 16:27:19', '2015-08-04 16:27:19', NULL),
	(26, '1.00', 9, 0, 1, '2015-08-04 16:27:19', '2015-08-04 16:27:19', NULL),
	(27, '1.00', 10, 0, 1, '2015-08-04 16:27:19', '2015-08-04 16:27:19', NULL),
	(28, '1.00', 11, 0, 1, '2015-08-04 16:27:19', '2015-08-04 16:27:19', NULL),
	(29, '1.00', 12, 0, 1, '2015-08-04 16:27:19', '2015-08-04 16:27:19', NULL),
	(37, '2.10', 13, 0, 1, '0000-00-00 00:00:00', '0000-00-00 00:00:00', NULL),
	(38, '2.10', 14, 0, 1, '0000-00-00 00:00:00', '0000-00-00 00:00:00', NULL),
	(39, '2.10', 15, 0, 1, '0000-00-00 00:00:00', '0000-00-00 00:00:00', NULL),
	(40, '2.10', 16, 0, 1, '0000-00-00 00:00:00', '0000-00-00 00:00:00', NULL),
	(41, '2.10', 17, 0, 1, '0000-00-00 00:00:00', '0000-00-00 00:00:00', NULL),
	(42, '2.10', 18, 0, 1, '0000-00-00 00:00:00', '0000-00-00 00:00:00', NULL);
/*!40000 ALTER TABLE `league_season` ENABLE KEYS */;


-- Dumping structure for table ral.league_season_info
CREATE TABLE IF NOT EXISTS `league_season_info` (
  `id` int(11) NOT NULL AUTO_INCREMENT,
  `season` bigint(20) DEFAULT NULL,
  `season_start` datetime DEFAULT NULL,
  `season_finish` datetime DEFAULT NULL,
  `created_at` datetime NOT NULL,
  `updated_at` datetime NOT NULL,
  `deleted_at` datetime DEFAULT NULL,
  PRIMARY KEY (`id`)
) ENGINE=MyISAM AUTO_INCREMENT=2 DEFAULT CHARSET=utf8;

-- Dumping data for table ral.league_season_info: 1 rows
DELETE FROM `league_season_info`;
/*!40000 ALTER TABLE `league_season_info` DISABLE KEYS */;
INSERT INTO `league_season_info` (`id`, `season`, `season_start`, `season_finish`, `created_at`, `updated_at`, `deleted_at`) VALUES
	(1, 1, '2015-08-12 15:09:25', '2015-11-04 15:09:47', '0000-00-00 00:00:00', '0000-00-00 00:00:00', NULL);
/*!40000 ALTER TABLE `league_season_info` ENABLE KEYS */;


-- Dumping structure for table ral.market_bid
CREATE TABLE IF NOT EXISTS `market_bid` (
  `id` int(11) NOT NULL AUTO_INCREMENT,
  `offer_id` int(11) DEFAULT NULL,
  `value` bigint(20) DEFAULT NULL,
  `team_id` bigint(20) DEFAULT NULL,
  `active` tinyint(1) NOT NULL DEFAULT '1',
  `user_ip` varchar(50) DEFAULT NULL,
  `created_at` datetime NOT NULL,
  `updated_at` datetime NOT NULL,
  `deleted_at` datetime DEFAULT NULL,
  PRIMARY KEY (`id`),
  KEY `market_bid_team_id_team_team_id` (`team_id`),
  KEY `market_bid_offer_id_market_offer_id` (`offer_id`)
) ENGINE=MyISAM AUTO_INCREMENT=6 DEFAULT CHARSET=utf8;

-- Dumping data for table ral.market_bid: 5 rows
DELETE FROM `market_bid`;
/*!40000 ALTER TABLE `market_bid` DISABLE KEYS */;
INSERT INTO `market_bid` (`id`, `offer_id`, `value`, `team_id`, `active`, `user_ip`, `created_at`, `updated_at`, `deleted_at`) VALUES
	(1, 2, 550, 13, 1, '::1', '2015-08-05 10:09:11', '2015-08-05 10:24:35', NULL),
	(2, 2, 605, 4, 1, '::1', '2015-08-05 10:34:13', '2015-08-05 10:34:13', NULL),
	(3, 2, 665, 2, 1, '::1', '2015-08-05 10:34:25', '2015-08-05 10:34:25', NULL),
	(4, 2, 731, 1, 1, '::1', '2015-08-05 10:34:30', '2015-08-05 10:34:30', NULL),
	(5, 2, 804, 3, 1, '::1', '2015-08-05 10:34:37', '2015-08-05 10:34:37', NULL);
/*!40000 ALTER TABLE `market_bid` ENABLE KEYS */;


-- Dumping structure for table ral.market_car_bid
CREATE TABLE IF NOT EXISTS `market_car_bid` (
  `id` int(11) NOT NULL AUTO_INCREMENT,
  `offer_id` int(11) DEFAULT NULL,
  `value` bigint(20) DEFAULT NULL,
  `team_id` bigint(20) DEFAULT NULL,
  `active` tinyint(1) NOT NULL DEFAULT '1',
  `user_ip` varchar(255) DEFAULT NULL,
  `created_at` datetime NOT NULL,
  `updated_at` datetime NOT NULL,
  `deleted_at` datetime DEFAULT NULL,
  PRIMARY KEY (`id`),
  KEY `offer_id_idx` (`offer_id`),
  KEY `market_car_bid_team_id_team_team_id` (`team_id`)
) ENGINE=MyISAM AUTO_INCREMENT=15 DEFAULT CHARSET=utf8;

-- Dumping data for table ral.market_car_bid: 13 rows
DELETE FROM `market_car_bid`;
/*!40000 ALTER TABLE `market_car_bid` DISABLE KEYS */;
INSERT INTO `market_car_bid` (`id`, `offer_id`, `value`, `team_id`, `active`, `user_ip`, `created_at`, `updated_at`, `deleted_at`) VALUES
	(1, 1, 1500, 2, 1, '::1', '2015-08-05 11:04:41', '2015-08-05 11:04:41', NULL),
	(2, 1, 1650, 4, 1, '::1', '2015-08-05 11:04:56', '2015-08-05 11:04:56', NULL),
	(3, 1, 1815, 5, 1, '::1', '2015-08-05 11:05:24', '2015-08-05 11:05:24', NULL),
	(4, 1, 1996, 6, 1, '::1', '2015-08-05 11:05:30', '2015-08-05 11:05:30', NULL),
	(5, 1, 2195, 7, 1, '::1', '2015-08-05 11:05:34', '2015-08-05 11:05:34', NULL),
	(6, 1, 2414, 8, 1, '::1', '2015-08-05 11:05:40', '2015-08-05 11:05:40', NULL),
	(8, 1, 2655, 3, 1, '::1', '2015-08-05 11:14:08', '2015-08-05 11:14:08', NULL),
	(9, 3, 2, 3, 1, '::1', '2015-08-05 11:34:55', '2015-08-05 11:34:55', NULL),
	(10, 4, 1500, 2, 1, '::1', '2015-08-05 11:49:00', '2015-08-05 11:49:00', NULL),
	(11, 4, 1650, 4, 1, '::1', '2015-08-05 11:58:00', '2015-08-05 11:58:00', NULL),
	(12, 4, 1815, 7, 1, '::1', '2015-08-05 11:58:06', '2015-08-05 11:58:06', NULL),
	(13, 4, 1996, 11, 1, '::1', '2015-08-05 11:58:10', '2015-08-05 11:58:10', NULL),
	(14, 4, 2195, 13, 1, '::1', '2015-08-05 11:58:14', '2015-08-05 11:58:14', NULL);
/*!40000 ALTER TABLE `market_car_bid` ENABLE KEYS */;


-- Dumping structure for table ral.market_car_dealer
CREATE TABLE IF NOT EXISTS `market_car_dealer` (
  `id` int(11) NOT NULL AUTO_INCREMENT,
  `team_id` int(11) DEFAULT NULL,
  `car_id` int(11) DEFAULT NULL,
  `created_at` datetime NOT NULL,
  `updated_at` datetime NOT NULL,
  `deleted_at` datetime DEFAULT NULL,
  PRIMARY KEY (`id`)
) ENGINE=MyISAM DEFAULT CHARSET=utf8;

-- Dumping data for table ral.market_car_dealer: 0 rows
DELETE FROM `market_car_dealer`;
/*!40000 ALTER TABLE `market_car_dealer` DISABLE KEYS */;
/*!40000 ALTER TABLE `market_car_dealer` ENABLE KEYS */;


-- Dumping structure for table ral.market_car_duplicate
CREATE TABLE IF NOT EXISTS `market_car_duplicate` (
  `id` int(11) NOT NULL AUTO_INCREMENT,
  `offer_id` int(11) DEFAULT NULL,
  `bid_id` int(11) DEFAULT NULL,
  `solved` tinyint(1) DEFAULT '0',
  `created_at` datetime NOT NULL,
  `updated_at` datetime NOT NULL,
  `deleted_at` datetime DEFAULT NULL,
  PRIMARY KEY (`id`),
  KEY `market_car_duplicate_offer_id_market_car_offer_id` (`offer_id`),
  KEY `market_car_duplicate_bid_id_market_car_bid_id` (`bid_id`)
) ENGINE=MyISAM AUTO_INCREMENT=15 DEFAULT CHARSET=utf8;

-- Dumping data for table ral.market_car_duplicate: 14 rows
DELETE FROM `market_car_duplicate`;
/*!40000 ALTER TABLE `market_car_duplicate` DISABLE KEYS */;
INSERT INTO `market_car_duplicate` (`id`, `offer_id`, `bid_id`, `solved`, `created_at`, `updated_at`, `deleted_at`) VALUES
	(1, 1, 1, 0, '2015-08-05 11:04:42', '2015-08-05 11:04:42', NULL),
	(2, 1, 2, 0, '2015-08-05 11:04:56', '2015-08-05 11:04:56', NULL),
	(3, 1, 3, 0, '2015-08-05 11:05:24', '2015-08-05 11:05:24', NULL),
	(4, 1, 4, 0, '2015-08-05 11:05:30', '2015-08-05 11:05:30', NULL),
	(5, 1, 5, 0, '2015-08-05 11:05:34', '2015-08-05 11:05:34', NULL),
	(6, 1, 6, 0, '2015-08-05 11:05:40', '2015-08-05 11:05:40', NULL),
	(7, 1, 7, 0, '2015-08-05 11:11:21', '2015-08-05 11:11:21', NULL),
	(8, 1, 8, 0, '2015-08-05 11:14:08', '2015-08-05 11:14:08', NULL),
	(9, 3, 9, 0, '2015-08-05 11:34:55', '2015-08-05 11:34:55', NULL),
	(10, 4, 10, 0, '2015-08-05 11:49:00', '2015-08-05 11:49:00', NULL),
	(11, 4, 11, 0, '2015-08-05 11:58:00', '2015-08-05 11:58:00', NULL),
	(12, 4, 12, 0, '2015-08-05 11:58:06', '2015-08-05 11:58:06', NULL),
	(13, 4, 13, 0, '2015-08-05 11:58:10', '2015-08-05 11:58:10', NULL),
	(14, 4, 14, 0, '2015-08-05 11:58:14', '2015-08-05 11:58:14', NULL);
/*!40000 ALTER TABLE `market_car_duplicate` ENABLE KEYS */;


-- Dumping structure for table ral.market_car_offer
CREATE TABLE IF NOT EXISTS `market_car_offer` (
  `id` int(11) NOT NULL AUTO_INCREMENT,
  `car_id` int(11) DEFAULT NULL,
  `team_id` int(11) DEFAULT NULL,
  `start_date` datetime DEFAULT NULL,
  `finish_date` datetime DEFAULT NULL,
  `asking_price` bigint(20) DEFAULT NULL,
  `highest_bid` bigint(20) DEFAULT NULL,
  `active` tinyint(1) NOT NULL DEFAULT '1',
  `car_moved` tinyint(1) NOT NULL DEFAULT '0',
  `canceled` tinyint(1) NOT NULL DEFAULT '0',
  `user_ip` varchar(255) DEFAULT NULL,
  `created_at` datetime NOT NULL,
  `updated_at` datetime NOT NULL,
  `deleted_at` datetime DEFAULT NULL,
  PRIMARY KEY (`id`),
  KEY `market_car_offer_car_id_car_car_id` (`car_id`)
) ENGINE=MyISAM AUTO_INCREMENT=6 DEFAULT CHARSET=utf8;

-- Dumping data for table ral.market_car_offer: 5 rows
DELETE FROM `market_car_offer`;
/*!40000 ALTER TABLE `market_car_offer` DISABLE KEYS */;
INSERT INTO `market_car_offer` (`id`, `car_id`, `team_id`, `start_date`, `finish_date`, `asking_price`, `highest_bid`, `active`, `car_moved`, `canceled`, `user_ip`, `created_at`, `updated_at`, `deleted_at`) VALUES
	(1, 1, 1, '2015-08-05 11:04:21', '2015-08-05 10:56:08', 1500, 2655, 1, 1, 0, NULL, '2015-08-05 11:04:21', '2015-08-05 11:26:03', NULL),
	(2, 11, 11, '2015-08-05 11:14:34', '2015-08-05 10:15:25', 500, 0, 1, 1, 0, NULL, '2015-08-05 11:14:34', '2015-08-05 11:24:56', NULL),
	(3, 8, 8, '2015-08-05 11:34:48', '2015-08-05 10:40:24', 2, 2, 1, 1, 0, NULL, '2015-08-05 11:34:48', '2015-08-05 11:42:32', NULL),
	(4, 6, 6, '2015-08-05 11:45:36', '2015-08-08 11:45:36', 1500, 2195, 1, 1, 0, NULL, '2015-08-05 11:45:36', '2015-08-12 02:20:01', NULL),
	(5, 15, 15, '2015-08-05 11:53:19', '2015-08-05 10:56:14', 200, 0, 1, 1, 0, NULL, '2015-08-05 11:53:19', '2015-08-12 02:20:01', NULL);
/*!40000 ALTER TABLE `market_car_offer` ENABLE KEYS */;


-- Dumping structure for table ral.market_offer
CREATE TABLE IF NOT EXISTS `market_offer` (
  `id` int(11) NOT NULL AUTO_INCREMENT,
  `people_id` int(11) DEFAULT NULL,
  `team_id` int(11) DEFAULT NULL,
  `start_date` datetime DEFAULT NULL,
  `finish_date` datetime DEFAULT NULL,
  `asking_price` bigint(20) DEFAULT NULL,
  `highest_bid` bigint(20) DEFAULT NULL,
  `active` tinyint(1) NOT NULL DEFAULT '1',
  `player_moved` tinyint(1) NOT NULL DEFAULT '0',
  `canceled` tinyint(1) NOT NULL DEFAULT '0',
  `user_ip` varchar(50) DEFAULT NULL,
  `created_at` datetime NOT NULL,
  `updated_at` datetime NOT NULL,
  `deleted_at` datetime DEFAULT NULL,
  PRIMARY KEY (`id`),
  KEY `market_offer_people_id_people_people_id` (`people_id`)
) ENGINE=MyISAM AUTO_INCREMENT=4 DEFAULT CHARSET=utf8;

-- Dumping data for table ral.market_offer: 3 rows
DELETE FROM `market_offer`;
/*!40000 ALTER TABLE `market_offer` DISABLE KEYS */;
INSERT INTO `market_offer` (`id`, `people_id`, `team_id`, `start_date`, `finish_date`, `asking_price`, `highest_bid`, `active`, `player_moved`, `canceled`, `user_ip`, `created_at`, `updated_at`, `deleted_at`) VALUES
	(1, 27, 14, '2015-08-05 10:08:36', '2015-08-09 10:08:36', 1500000, 0, 1, 1, 0, '::1', '2015-08-05 10:08:36', '2015-08-10 02:20:01', NULL),
	(2, 28, 14, '2015-08-05 10:08:47', '2015-08-05 09:56:15', 550, 804, 1, 1, 0, '::1', '2015-08-05 10:08:47', '2015-08-05 11:00:58', NULL),
	(3, 25, 13, '2015-08-05 10:12:49', '2015-08-05 09:21:57', 5000, 0, 1, 1, 0, '::1', '2015-08-05 10:12:49', '2015-08-05 10:56:28', NULL);
/*!40000 ALTER TABLE `market_offer` ENABLE KEYS */;


-- Dumping structure for table ral.market_people_duplicate
CREATE TABLE IF NOT EXISTS `market_people_duplicate` (
  `id` int(11) NOT NULL AUTO_INCREMENT,
  `offer_id` int(11) DEFAULT NULL,
  `bid_id` int(11) DEFAULT NULL,
  `solved` tinyint(1) DEFAULT '0',
  `created_at` datetime NOT NULL,
  `updated_at` datetime NOT NULL,
  `deleted_at` datetime DEFAULT NULL,
  PRIMARY KEY (`id`),
  KEY `market_people_duplicate_offer_id_market_offer_id` (`offer_id`),
  KEY `market_people_duplicate_bid_id_market_bid_id` (`bid_id`)
) ENGINE=MyISAM AUTO_INCREMENT=6 DEFAULT CHARSET=utf8;

-- Dumping data for table ral.market_people_duplicate: 5 rows
DELETE FROM `market_people_duplicate`;
/*!40000 ALTER TABLE `market_people_duplicate` DISABLE KEYS */;
INSERT INTO `market_people_duplicate` (`id`, `offer_id`, `bid_id`, `solved`, `created_at`, `updated_at`, `deleted_at`) VALUES
	(1, 2, 1, 1, '2015-08-05 10:09:11', '2015-08-05 10:24:40', NULL),
	(2, 2, 2, 0, '2015-08-05 10:34:13', '2015-08-05 10:34:13', NULL),
	(3, 2, 3, 0, '2015-08-05 10:34:25', '2015-08-05 10:34:25', NULL),
	(4, 2, 4, 0, '2015-08-05 10:34:30', '2015-08-05 10:34:30', NULL),
	(5, 2, 5, 0, '2015-08-05 10:34:37', '2015-08-05 10:34:37', NULL);
/*!40000 ALTER TABLE `market_people_duplicate` ENABLE KEYS */;


-- Dumping structure for table ral.news_news
CREATE TABLE IF NOT EXISTS `news_news` (
  `id` int(11) NOT NULL AUTO_INCREMENT,
  `title` varchar(255) DEFAULT NULL,
  `slug` varchar(255) DEFAULT NULL,
  `content` text,
  `publish_date` datetime DEFAULT NULL,
  `visible` tinyint(1) DEFAULT '1',
  `created_at` datetime NOT NULL,
  `updated_at` datetime NOT NULL,
  `deleted_at` datetime DEFAULT NULL,
  PRIMARY KEY (`id`)
) ENGINE=MyISAM AUTO_INCREMENT=5 DEFAULT CHARSET=utf8;

-- Dumping data for table ral.news_news: 4 rows
DELETE FROM `news_news`;
/*!40000 ALTER TABLE `news_news` DISABLE KEYS */;
INSERT INTO `news_news` (`id`, `title`, `slug`, `content`, `publish_date`, `visible`, `created_at`, `updated_at`, `deleted_at`) VALUES
	(1, 'Pierrwszy post\\', 'pierw', 'Lorem ipsum dolor sit amet, consectetur adipiscing elit. Fusce lorem tortor, auctor quis lobortis eleifend, ultricies vel orci. Suspendisse quis sagittis tellus. Morbi blandit lectus vitae velit vulputate, id molestie velit feugiat. Vivamus et nibh placerat, congue mi sodales, euismod urna. Proin posuere odio erat, ac commodo neque gravida ut. Vivamus viverra feugiat mauris vitae malesuada. Ut pulvinar, mauris a lacinia malesuada, felis risus blandit enim, at blandit lectus tortor vitae mauris. Sed volutpat nibh in commodo pretium. Donec rhoncus sed odio iaculis euismod.', '2015-06-19 12:29:33', 1, '0000-00-00 00:00:00', '0000-00-00 00:00:00', NULL),
	(2, 'Drugi enws', 'drugi-news', 'Lorem ipsum dolor sit amet, consectetur adipiscing elit. Fusce lorem tortor, auctor quis lobortis eleifend, ultricies vel orci. Suspendisse quis sagittis tellus. Morbi blandit lectus vitae velit vulputate, id molestie velit feugiat. Vivamus et nibh placerat, congue mi sodales, euismod urna. Proin posuere odio erat, ac commodo neque gravida ut. Vivamus viverra feugiat mauris vitae malesuada. Ut pulvinar, mauris a lacinia malesuada, felis risus blandit enim, at blandit lectus tortor vitae mauris. Sed volutpat nibh in commodo pretium. Donec rhoncus sed odio iaculis euismod.', '2015-06-19 15:34:32', 1, '0000-00-00 00:00:00', '0000-00-00 00:00:00', NULL),
	(3, 'Trzeci', 'trzeci', 'Lorem ipsum dolor sit amet, consectetur adipiscing elit. Fusce lorem tortor, auctor quis lobortis eleifend, ultricies vel orci. Suspendisse quis sagittis tellus. Morbi blandit lectus vitae velit vulputate, id molestie velit feugiat. Vivamus et nibh placerat, congue mi sodales, euismod urna. Proin posuere odio erat, ac commodo neque gravida ut. Vivamus viverra feugiat mauris vitae malesuada. Ut pulvinar, mauris a lacinia malesuada, felis risus blandit enim, at blandit lectus tortor vitae mauris. Sed volutpat nibh in commodo pretium. Donec rhoncus sed odio iaculis euismod.', '2015-06-19 15:34:35', 1, '0000-00-00 00:00:00', '0000-00-00 00:00:00', NULL),
	(4, 'Czwarty', 'czwarty-news', 'Lorem ipsum dolor sit amet, consectetur adipiscing elit. Fusce lorem tortor, auctor quis lobortis eleifend, ultricies vel orci. Suspendisse quis sagittis tellus. Morbi blandit lectus vitae velit vulputate, id molestie velit feugiat. Vivamus et nibh placerat, congue mi sodales, euismod urna. Proin posuere odio erat, ac commodo neque gravida ut. Vivamus viverra feugiat mauris vitae malesuada. Ut pulvinar, mauris a lacinia malesuada, felis risus blandit enim, at blandit lectus tortor vitae mauris. Sed volutpat nibh in commodo pretium. Donec rhoncus sed odio iaculis euismod.', '2015-06-19 15:34:37', 1, '0000-00-00 00:00:00', '0000-00-00 00:00:00', NULL);
/*!40000 ALTER TABLE `news_news` ENABLE KEYS */;


-- Dumping structure for table ral.people_people
CREATE TABLE IF NOT EXISTS `people_people` (
  `id` int(11) NOT NULL AUTO_INCREMENT,
  `first_name` varchar(255) DEFAULT NULL,
  `last_name` varchar(255) DEFAULT NULL,
  `job` varchar(255) DEFAULT NULL,
  `team_id` int(11) DEFAULT NULL,
  `value` bigint(20) DEFAULT NULL,
  `salary` bigint(20) DEFAULT NULL,
  `age` bigint(20) DEFAULT NULL,
  `composure` bigint(20) DEFAULT NULL,
  `speed` bigint(20) DEFAULT NULL,
  `regularity` bigint(20) DEFAULT NULL,
  `reflex` bigint(20) DEFAULT NULL,
  `on_gravel` bigint(20) DEFAULT NULL,
  `on_tarmac` bigint(20) DEFAULT NULL,
  `on_snow` bigint(20) DEFAULT NULL,
  `in_rain` bigint(20) DEFAULT NULL,
  `form` bigint(20) DEFAULT NULL,
  `dictate_rhytm` bigint(20) DEFAULT NULL,
  `diction` bigint(20) DEFAULT NULL,
  `route_description` bigint(20) DEFAULT NULL,
  `intelligence` bigint(20) unsigned DEFAULT NULL,
  `talent` bigint(20) DEFAULT NULL,
  `experience` bigint(20) DEFAULT NULL,
  `active_training_skill` varchar(255) DEFAULT NULL,
  `on_market` tinyint(1) NOT NULL DEFAULT '0',
  `created_at` datetime NOT NULL,
  `updated_at` datetime NOT NULL,
  `deleted_at` datetime DEFAULT NULL,
  PRIMARY KEY (`id`),
  KEY `people_people_team_id_team_team_id` (`team_id`)
) ENGINE=MyISAM AUTO_INCREMENT=37 DEFAULT CHARSET=utf8;

-- Dumping data for table ral.people_people: 36 rows
DELETE FROM `people_people`;
/*!40000 ALTER TABLE `people_people` DISABLE KEYS */;
INSERT INTO `people_people` (`id`, `first_name`, `last_name`, `job`, `team_id`, `value`, `salary`, `age`, `composure`, `speed`, `regularity`, `reflex`, `on_gravel`, `on_tarmac`, `on_snow`, `in_rain`, `form`, `dictate_rhytm`, `diction`, `route_description`, `intelligence`, `talent`, `experience`, `active_training_skill`, `on_market`, `created_at`, `updated_at`, `deleted_at`) VALUES
	(1, 'Steph', 'Exum', 'driver', 1, 235576, 1649, 20, 4, 4, 4, 4, 7, 6, 4, 6, 3, NULL, NULL, NULL, NULL, 5, NULL, 'composure', 0, '2015-08-04 16:27:18', '2015-08-12 02:15:01', NULL),
	(2, 'Seb', 'Thompson', 'pilot', 1, 122367, 857, 19, 4, NULL, NULL, NULL, NULL, NULL, NULL, NULL, 3, 8, 4, 7, NULL, 4, NULL, 'diction', 0, '2015-08-04 16:27:18', '2015-08-12 02:15:01', NULL),
	(3, 'Bubba', 'Curry', 'driver', 2, 226047, 1582, 21, 4, 6, 4, 4, 5, 4, 4, 5, 3, NULL, NULL, NULL, NULL, 7, NULL, 'reflex', 0, '2015-08-04 16:27:18', '2015-08-12 02:15:01', NULL),
	(4, 'Marc', 'Smith', 'pilot', 2, 122385, 857, 21, 8, NULL, NULL, NULL, NULL, NULL, NULL, NULL, 3, 5, 4, 4, NULL, 4, NULL, 'composure', 0, '2015-08-04 16:27:18', '2015-08-12 02:15:01', NULL),
	(5, 'Jean', 'Kowalski', 'driver', 3, 227284, 1591, 18, 6, 7, 4, 4, 6, 5, 4, 4, 3, NULL, NULL, NULL, NULL, 4, NULL, 'reflex', 0, '2015-08-04 16:27:18', '2015-08-12 02:15:01', NULL),
	(6, 'Jan', 'Thompson', 'pilot', 3, 121870, 853, 21, 4, NULL, NULL, NULL, NULL, NULL, NULL, NULL, 3, 5, 7, 4, NULL, 5, NULL, 'dictate_rhytm', 0, '2015-08-04 16:27:18', '2015-08-12 12:02:30', NULL),
	(7, 'Marc', 'Simpson', 'driver', 4, 235483, 1648, 20, 4, 5, 5, 4, 8, 5, 4, 5, 3, NULL, NULL, NULL, NULL, 4, NULL, 'regularity', 0, '2015-08-04 16:27:18', '2015-08-12 02:15:02', NULL),
	(8, 'Kevin', 'Curry', 'pilot', 4, 116865, 818, 19, 6, NULL, NULL, NULL, NULL, NULL, NULL, NULL, 3, 5, 7, 4, NULL, 4, NULL, 'composure', 0, '2015-08-04 16:27:18', '2015-08-12 02:15:02', NULL),
	(9, 'John', 'Nowak', 'driver', 5, 229744, 1608, 18, 6, 5, 7, 4, 4, 4, 4, 6, 3, NULL, NULL, NULL, NULL, 4, NULL, 'on_snow', 0, '2015-08-04 16:27:18', '2015-08-12 02:15:02', NULL),
	(10, 'Bubba', 'Smith', 'pilot', 5, 121867, 853, 21, 5, NULL, NULL, NULL, NULL, NULL, NULL, NULL, 3, 5, 4, 4, NULL, 6, NULL, 'composure', 0, '2015-08-04 16:27:18', '2015-08-12 02:15:02', NULL),
	(11, 'James', 'Ripper', 'driver', 6, 225333, 1577, 21, 7, 6, 4, 5, 4, 5, 4, 4, 3, NULL, NULL, NULL, NULL, 5, NULL, 'in_rain', 0, '2015-08-04 16:27:18', '2015-08-12 02:15:02', NULL),
	(12, 'Steph', 'Thompson', 'pilot', 6, 119932, 840, 19, 4, NULL, NULL, NULL, NULL, NULL, NULL, NULL, 3, 6, 8, 4, NULL, 4, NULL, 'composure', 0, '2015-08-04 16:27:18', '2015-08-12 02:15:02', NULL),
	(13, 'Andrew', 'Evans', 'driver', 7, 234065, 1638, 19, 4, 7, 4, 4, 6, 7, 4, 4, 3, NULL, NULL, NULL, NULL, 4, NULL, 'speed', 0, '2015-08-04 16:27:18', '2015-08-12 02:15:02', NULL),
	(14, 'Jack', 'Nowak', 'pilot', 7, 121724, 852, 20, 4, NULL, NULL, NULL, NULL, NULL, NULL, NULL, 3, 7, 6, 6, NULL, 4, NULL, 'route_description', 0, '2015-08-04 16:27:18', '2015-08-12 02:15:02', NULL),
	(15, 'Jack', 'Kowalski', 'driver', 8, 236878, 1658, 18, 4, 6, 4, 5, 4, 4, 4, 6, 3, NULL, NULL, NULL, NULL, 5, NULL, 'speed', 0, '2015-08-04 16:27:19', '2015-08-12 02:15:02', NULL),
	(16, 'Marc', 'House', 'pilot', 8, 115587, 809, 18, 4, NULL, NULL, NULL, NULL, NULL, NULL, NULL, 3, 5, 7, 6, NULL, 5, NULL, 'diction', 0, '2015-08-04 16:27:19', '2015-08-12 02:15:02', NULL),
	(17, 'James', 'Simpson', 'driver', 9, 237214, 1660, 21, 4, 6, 5, 5, 4, 7, 4, 4, 3, NULL, NULL, NULL, NULL, 4, NULL, 'on_tarmac', 0, '2015-08-04 16:27:19', '2015-08-12 02:15:02', NULL),
	(18, 'Jean', 'Evans', 'pilot', 9, 127450, 892, 21, 6, NULL, NULL, NULL, NULL, NULL, NULL, NULL, 3, 4, 5, 5, NULL, 4, NULL, 'route_description', 0, '2015-08-04 16:27:19', '2015-08-12 02:15:02', NULL),
	(19, 'Jean', 'Thompson', 'driver', 10, 229962, 1610, 21, 4, 4, 5, 7, 6, 6, 4, 4, 3, NULL, NULL, NULL, NULL, 4, NULL, 'speed', 0, '2015-08-04 16:27:19', '2015-08-12 02:15:02', NULL),
	(20, 'Jan', 'Exum', 'pilot', 10, 128408, 899, 20, 5, NULL, NULL, NULL, NULL, NULL, NULL, NULL, 3, 8, 4, 4, NULL, 4, NULL, 'composure', 0, '2015-08-04 16:27:19', '2015-08-12 02:15:02', NULL),
	(21, 'Jack', 'Nowak', 'driver', 11, 212955, 1491, 21, 4, 5, 5, 4, 5, 4, 4, 4, 3, NULL, NULL, NULL, NULL, 8, NULL, 'regularity', 0, '2015-08-04 16:27:19', '2015-08-12 02:15:02', NULL),
	(22, 'Jack', 'Evans', 'pilot', 11, 108270, 758, 18, 6, NULL, NULL, NULL, NULL, NULL, NULL, NULL, 3, 4, 4, 6, NULL, 7, NULL, 'dictate_rhytm', 0, '2015-08-04 16:27:19', '2015-08-12 02:15:02', NULL),
	(23, 'Jan', 'Nowak', 'driver', 12, 224023, 1568, 18, 5, 6, 4, 4, 6, 4, 4, 4, 3, NULL, NULL, NULL, NULL, 6, NULL, 'on_tarmac', 0, '2015-08-04 16:27:19', '2015-08-12 02:15:02', NULL),
	(24, 'Tom', 'Curry', 'pilot', 12, 121915, 853, 21, 7, NULL, NULL, NULL, NULL, NULL, NULL, NULL, 3, 5, 4, 4, NULL, 5, NULL, 'diction', 0, '2015-08-04 16:27:19', '2015-08-12 02:15:02', NULL),
	(25, 'Andrew', 'House', 'driver', 13, 224568, 1572, 18, 6, 4, 5, 6, 4, 6, 4, 4, 3, NULL, NULL, NULL, NULL, 5, NULL, NULL, 0, '2015-08-04 16:27:19', '2015-08-05 10:56:28', NULL),
	(26, 'Antoine', 'Exum', 'pilot', 13, 119950, 840, 19, 4, NULL, NULL, NULL, NULL, NULL, NULL, NULL, 3, 6, 7, 6, NULL, 4, NULL, NULL, 0, '2015-08-04 16:27:19', '2015-08-04 16:27:19', NULL),
	(27, 'Seb', 'Exum', 'driver', 14, 235815, 1651, 19, 4, 4, 5, 4, 5, 6, 4, 8, 3, NULL, NULL, NULL, NULL, 4, NULL, NULL, 0, '2015-08-04 16:27:19', '2015-08-10 02:20:01', NULL),
	(28, 'James', 'Kowalski', 'pilot', 3, 116605, 816, 18, 5, NULL, NULL, NULL, NULL, NULL, NULL, NULL, 3, 5, 4, 4, NULL, 7, NULL, 'dictate_rhytm', 0, '2015-08-04 16:27:19', '2015-08-12 02:15:02', NULL),
	(29, 'Jack', 'Smith', 'driver', 15, 237918, 1665, 20, 6, 4, 4, 4, 4, 5, 6, 5, 3, NULL, NULL, NULL, NULL, 4, NULL, NULL, 0, '2015-08-04 16:27:19', '2015-08-04 16:27:19', NULL),
	(30, 'Tom', 'House', 'pilot', 15, 115107, 806, 20, 6, NULL, NULL, NULL, NULL, NULL, NULL, NULL, 3, 6, 5, 4, NULL, 5, NULL, NULL, 0, '2015-08-04 16:27:19', '2015-08-04 16:27:19', NULL),
	(31, 'Andrew', 'Simpson', 'driver', 3, 234577, 1642, 20, 6, 7, 4, 4, 7, 4, 4, 4, 3, NULL, NULL, NULL, NULL, 4, NULL, 'on_tarmac', 0, '2015-08-04 17:01:16', '2015-08-12 02:15:01', NULL),
	(32, 'Antoine', 'Thompson', 'pilot', 16, 119746, 838, 20, 6, NULL, NULL, NULL, NULL, NULL, NULL, NULL, 3, 6, 6, 4, NULL, 4, NULL, NULL, 0, '2015-08-04 17:01:16', '2015-08-04 17:01:16', NULL),
	(33, 'Jean', 'Curry', 'driver', 17, 234804, 1644, 20, 4, 7, 5, 5, 4, 4, 5, 4, 3, NULL, NULL, NULL, NULL, 4, NULL, NULL, 0, '2015-08-04 17:18:34', '2015-08-04 17:18:34', NULL),
	(34, 'Antoine', 'Curry', 'pilot', 17, 112837, 790, 20, 7, NULL, NULL, NULL, NULL, NULL, NULL, NULL, 3, 5, 4, 6, NULL, 5, NULL, NULL, 0, '2015-08-04 17:18:34', '2015-08-04 17:18:34', NULL),
	(35, 'Marc', 'Evans', 'driver', 18, 237860, 1665, 19, 5, 5, 5, 6, 4, 4, 4, 4, 3, NULL, NULL, NULL, NULL, 4, NULL, NULL, 0, '2015-08-05 16:00:53', '2015-08-05 16:00:53', NULL),
	(36, 'John', 'Nowak', 'pilot', 18, 131721, 922, 18, 5, NULL, NULL, NULL, NULL, NULL, NULL, NULL, 3, 4, 6, 4, NULL, 4, NULL, NULL, 0, '2015-08-05 16:00:53', '2015-08-05 16:00:53', NULL);
/*!40000 ALTER TABLE `people_people` ENABLE KEYS */;


-- Dumping structure for table ral.people_training
CREATE TABLE IF NOT EXISTS `people_training` (
  `id` int(11) NOT NULL AUTO_INCREMENT,
  `people_id` int(11) DEFAULT NULL,
  `skill_name` varchar(255) DEFAULT NULL,
  `current_skill_level` bigint(20) DEFAULT NULL,
  `training_factor` decimal(10,2) DEFAULT NULL,
  `max_available_km_passed_today` decimal(10,2) DEFAULT NULL,
  `km_passed_today` decimal(10,2) DEFAULT NULL,
  `km_for_next_star` decimal(10,2) DEFAULT NULL,
  `skill_promotion` tinyint(1) DEFAULT '0',
  `training_date` datetime DEFAULT NULL,
  `created_at` datetime NOT NULL,
  `updated_at` datetime NOT NULL,
  `deleted_at` datetime DEFAULT NULL,
  PRIMARY KEY (`id`),
  KEY `people_training_people_id_people_people_id` (`people_id`)
) ENGINE=MyISAM AUTO_INCREMENT=24 DEFAULT CHARSET=utf8;

-- Dumping data for table ral.people_training: 23 rows
DELETE FROM `people_training`;
/*!40000 ALTER TABLE `people_training` DISABLE KEYS */;
INSERT INTO `people_training` (`id`, `people_id`, `skill_name`, `current_skill_level`, `training_factor`, `max_available_km_passed_today`, `km_passed_today`, `km_for_next_star`, `skill_promotion`, `training_date`, `created_at`, `updated_at`, `deleted_at`) VALUES
	(1, 1, 'composure', 4, NULL, 0.00, 0.00, 0.00, 0, '2015-08-12 02:15:01', '2015-08-12 02:15:01', '2015-08-12 02:15:01', NULL),
	(2, 2, 'diction', 4, NULL, 0.00, 0.00, 0.00, 0, '2015-08-12 02:15:01', '2015-08-12 02:15:01', '2015-08-12 02:15:01', NULL),
	(3, 3, 'reflex', 4, NULL, 0.00, 0.00, 0.00, 0, '2015-08-12 02:15:01', '2015-08-12 02:15:01', '2015-08-12 02:15:01', NULL),
	(4, 5, 'reflex', 4, NULL, 0.00, 0.00, 0.00, 0, '2015-08-12 02:15:01', '2015-08-12 02:15:01', '2015-08-12 02:15:01', NULL),
	(5, 6, 'diction', 7, NULL, 0.00, 0.00, 0.00, 0, '2015-08-12 02:15:01', '2015-08-12 02:15:01', '2015-08-12 02:15:01', NULL),
	(6, 31, 'on_tarmac', 4, NULL, 0.00, 0.00, 0.00, 0, '2015-08-12 02:15:01', '2015-08-12 02:15:02', '2015-08-12 02:15:02', NULL),
	(7, 28, 'dictate_rhytm', 5, NULL, 0.00, 0.00, 0.00, 0, '2015-08-12 02:15:02', '2015-08-12 02:15:02', '2015-08-12 02:15:02', NULL),
	(8, 7, 'regularity', 5, NULL, 0.00, 0.00, 0.00, 0, '2015-08-12 02:15:02', '2015-08-12 02:15:02', '2015-08-12 02:15:02', NULL),
	(9, 8, 'composure', 6, NULL, 0.00, 0.00, 0.00, 0, '2015-08-12 02:15:02', '2015-08-12 02:15:02', '2015-08-12 02:15:02', NULL),
	(10, 9, 'on_snow', 4, NULL, 0.00, 0.00, 0.00, 0, '2015-08-12 02:15:02', '2015-08-12 02:15:02', '2015-08-12 02:15:02', NULL),
	(11, 10, 'composure', 5, NULL, 0.00, 0.00, 0.00, 0, '2015-08-12 02:15:02', '2015-08-12 02:15:02', '2015-08-12 02:15:02', NULL),
	(12, 11, 'in_rain', 4, NULL, 0.00, 0.00, 0.00, 0, '2015-08-12 02:15:02', '2015-08-12 02:15:02', '2015-08-12 02:15:02', NULL),
	(13, 12, 'composure', 4, NULL, 0.00, 0.00, 0.00, 0, '2015-08-12 02:15:02', '2015-08-12 02:15:02', '2015-08-12 02:15:02', NULL),
	(14, 14, 'route_description', 6, NULL, 0.00, 0.00, 0.00, 0, '2015-08-12 02:15:02', '2015-08-12 02:15:02', '2015-08-12 02:15:02', NULL),
	(15, 15, 'speed', 6, NULL, 0.00, 0.00, 0.00, 0, '2015-08-12 02:15:02', '2015-08-12 02:15:02', '2015-08-12 02:15:02', NULL),
	(16, 16, 'diction', 7, NULL, 0.00, 0.00, 0.00, 0, '2015-08-12 02:15:02', '2015-08-12 02:15:02', '2015-08-12 02:15:02', NULL),
	(17, 18, 'route_description', 5, NULL, 0.00, 0.00, 0.00, 0, '2015-08-12 02:15:02', '2015-08-12 02:15:02', '2015-08-12 02:15:02', NULL),
	(18, 19, 'speed', 4, NULL, 0.00, 0.00, 0.00, 0, '2015-08-12 02:15:02', '2015-08-12 02:15:02', '2015-08-12 02:15:02', NULL),
	(19, 20, 'composure', 5, NULL, 0.00, 0.00, 0.00, 0, '2015-08-12 02:15:02', '2015-08-12 02:15:02', '2015-08-12 02:15:02', NULL),
	(20, 21, 'regularity', 5, NULL, 0.00, 0.00, 0.00, 0, '2015-08-12 02:15:02', '2015-08-12 02:15:02', '2015-08-12 02:15:02', NULL),
	(21, 22, 'dictate_rhytm', 4, NULL, 0.00, 0.00, 0.00, 0, '2015-08-12 02:15:02', '2015-08-12 02:15:02', '2015-08-12 02:15:02', NULL),
	(22, 23, 'on_tarmac', 4, NULL, 0.00, 0.00, 0.00, 0, '2015-08-12 02:15:02', '2015-08-12 02:15:02', '2015-08-12 02:15:02', NULL),
	(23, 24, 'diction', 4, NULL, 0.00, 0.00, 0.00, 0, '2015-08-12 02:15:02', '2015-08-12 02:15:02', '2015-08-12 02:15:02', NULL);
/*!40000 ALTER TABLE `people_training` ENABLE KEYS */;


-- Dumping structure for table ral.people_training_factor
CREATE TABLE IF NOT EXISTS `people_training_factor` (
  `people_id` int(11) NOT NULL AUTO_INCREMENT,
  `composure` decimal(10,2) DEFAULT NULL,
  `speed` decimal(10,2) DEFAULT NULL,
  `regularity` decimal(10,2) DEFAULT NULL,
  `reflex` decimal(10,2) DEFAULT NULL,
  `on_gravel` decimal(10,2) DEFAULT NULL,
  `on_tarmac` decimal(10,2) DEFAULT NULL,
  `on_snow` decimal(10,2) DEFAULT NULL,
  `in_rain` decimal(10,2) DEFAULT NULL,
  `dictate_rhytm` decimal(10,2) DEFAULT NULL,
  `diction` decimal(10,2) DEFAULT NULL,
  `route_description` decimal(10,2) DEFAULT NULL,
  `intelligence` decimal(10,2) DEFAULT NULL,
  `composure_max` bigint(20) DEFAULT NULL,
  `speed_max` bigint(20) DEFAULT NULL,
  `regularity_max` bigint(20) DEFAULT NULL,
  `reflex_max` bigint(20) DEFAULT NULL,
  `on_gravel_max` bigint(20) DEFAULT NULL,
  `on_tarmac_max` bigint(20) DEFAULT NULL,
  `on_snow_max` bigint(20) DEFAULT NULL,
  `in_rain_max` bigint(20) DEFAULT NULL,
  `dictate_rhytm_max` bigint(20) DEFAULT NULL,
  `diction_max` bigint(20) DEFAULT NULL,
  `route_description_max` bigint(20) DEFAULT NULL,
  `intelligence_max` bigint(20) DEFAULT NULL,
  `last_season_value_id` bigint(20) NOT NULL DEFAULT '0',
  `created_at` datetime DEFAULT NULL,
  `updated_at` datetime DEFAULT NULL,
  `deleted_at` datetime DEFAULT NULL,
  PRIMARY KEY (`people_id`)
) ENGINE=MyISAM AUTO_INCREMENT=37 DEFAULT CHARSET=utf8 COMMENT='insert into people_training_factor values \r\n(42,\r\nFORMAT((RAND() * (1.5))+0.5,2),\r\nFORMAT((RAND() * (1.5))+0.5,2),\r\nFORMAT((RAND() * (1.5))+0.5,2),\r\nFORMAT((RAND() * (1.5))+0.5,2),\r\nFORMAT((RAND() * (1.5))+0.5,2),\r\nFORMAT((RAND() * (1.5))+0.5,2),\r\nFORMAT((RAND() * (1.5))+0.5,2),\r\nFORMAT((RAND() * (1.5))+0.5,2),\r\nFORMAT((RAND() * (1.5))+0.5,2),\r\nFORMAT((RAND() * (1.5))+0.5,2),\r\nFORMAT((RAND() * (1.5))+0.5,2),\r\nFORMAT((RAND() * (1.5))+0.5,2),\r\nFLOOR((RAND() * (4))+6),\r\nFLOOR((RAND() * (4))+6),\r\nFLOOR((RAND() * (4))+6),\r\nFLOOR((RAND() * (4))+6),\r\nFLOOR((RAND() * (4))+6),\r\nFLOOR((RAND() * (4))+6),\r\nFLOOR((RAND() * (4))+6),\r\nFLOOR((RAND() * (4))+6),\r\nFLOOR((RAND() * (4))+6),\r\nFLOOR((RAND() * (4))+6),\r\nFLOOR((RAND() * (4))+6),\r\nFLOOR((RAND() * (4))+6),\r\nNOW(),\r\nNOW(),\r\nnull\r\n\r\n);';

-- Dumping data for table ral.people_training_factor: 36 rows
DELETE FROM `people_training_factor`;
/*!40000 ALTER TABLE `people_training_factor` DISABLE KEYS */;
INSERT INTO `people_training_factor` (`people_id`, `composure`, `speed`, `regularity`, `reflex`, `on_gravel`, `on_tarmac`, `on_snow`, `in_rain`, `dictate_rhytm`, `diction`, `route_description`, `intelligence`, `composure_max`, `speed_max`, `regularity_max`, `reflex_max`, `on_gravel_max`, `on_tarmac_max`, `on_snow_max`, `in_rain_max`, `dictate_rhytm_max`, `diction_max`, `route_description_max`, `intelligence_max`, `last_season_value_id`, `created_at`, `updated_at`, `deleted_at`) VALUES
	(1, 1.34, 0.50, 1.19, 0.56, 0.50, 1.50, 0.50, 0.51, NULL, NULL, NULL, NULL, 8, 8, 8, 7, 8, 8, 7, 8, NULL, NULL, NULL, NULL, 0, '2015-08-04 16:27:18', '2015-08-04 16:27:18', NULL),
	(2, 1.63, NULL, NULL, NULL, NULL, NULL, NULL, NULL, 1.31, 0.62, 0.81, NULL, 7, NULL, NULL, NULL, NULL, NULL, NULL, NULL, 7, 8, 7, NULL, 0, '2015-08-04 16:27:18', '2015-08-04 16:27:18', NULL),
	(3, 1.15, 0.96, 0.95, 0.80, 0.90, 0.73, 1.31, 1.46, NULL, NULL, NULL, NULL, 8, 9, 8, 9, 8, 9, 9, 9, NULL, NULL, NULL, NULL, 0, '2015-08-04 16:27:18', '2015-08-04 16:27:18', NULL),
	(4, 1.31, NULL, NULL, NULL, NULL, NULL, NULL, NULL, 1.53, 0.90, 0.55, NULL, 7, NULL, NULL, NULL, NULL, NULL, NULL, NULL, 7, 8, 7, NULL, 0, '2015-08-04 16:27:18', '2015-08-04 16:27:18', NULL),
	(5, 0.97, 1.27, 0.50, 0.55, 1.05, 0.50, 0.53, 0.50, NULL, NULL, NULL, NULL, 7, 7, 7, 7, 7, 8, 8, 7, NULL, NULL, NULL, NULL, 0, '2015-08-04 16:27:18', '2015-08-04 16:27:18', NULL),
	(6, 0.69, NULL, NULL, NULL, NULL, NULL, NULL, NULL, 1.15, 1.50, 1.53, NULL, 7, NULL, NULL, NULL, NULL, NULL, NULL, NULL, 7, 8, 8, NULL, 0, '2015-08-04 16:27:18', '2015-08-04 16:27:18', NULL),
	(7, 0.50, 1.33, 0.50, 0.50, 0.85, 0.50, 0.65, 1.06, NULL, NULL, NULL, NULL, 7, 8, 7, 7, 7, 7, 7, 8, NULL, NULL, NULL, NULL, 0, '2015-08-04 16:27:18', '2015-08-04 16:27:18', NULL),
	(8, 1.28, NULL, NULL, NULL, NULL, NULL, NULL, NULL, 1.34, 0.78, 0.94, NULL, 7, NULL, NULL, NULL, NULL, NULL, NULL, NULL, 8, 7, 7, NULL, 0, '2015-08-04 16:27:18', '2015-08-04 16:27:18', NULL),
	(9, 0.50, 0.81, 0.50, 1.48, 0.66, 0.95, 0.50, 0.50, NULL, NULL, NULL, NULL, 7, 7, 8, 7, 7, 8, 7, 7, NULL, NULL, NULL, NULL, 0, '2015-08-04 16:27:18', '2015-08-04 16:27:18', NULL),
	(10, 1.57, NULL, NULL, NULL, NULL, NULL, NULL, NULL, 1.43, 1.48, 0.74, NULL, 9, NULL, NULL, NULL, NULL, NULL, NULL, NULL, 8, 8, 8, NULL, 0, '2015-08-04 16:27:18', '2015-08-04 16:27:18', NULL),
	(11, 0.50, 1.33, 0.62, 1.04, 1.35, 0.71, 0.50, 0.50, NULL, NULL, NULL, NULL, 8, 7, 8, 8, 8, 7, 8, 8, NULL, NULL, NULL, NULL, 0, '2015-08-04 16:27:18', '2015-08-04 16:27:18', NULL),
	(12, 0.75, NULL, NULL, NULL, NULL, NULL, NULL, NULL, 1.02, 1.12, 1.44, NULL, 8, NULL, NULL, NULL, NULL, NULL, NULL, NULL, 7, 7, 7, NULL, 0, '2015-08-04 16:27:18', '2015-08-04 16:27:18', NULL),
	(13, 1.15, 0.50, 0.50, 0.50, 1.48, 0.62, 0.56, 0.50, NULL, NULL, NULL, NULL, 7, 7, 8, 7, 7, 7, 7, 8, NULL, NULL, NULL, NULL, 0, '2015-08-04 16:27:18', '2015-08-04 16:27:18', NULL),
	(14, 1.24, NULL, NULL, NULL, NULL, NULL, NULL, NULL, 1.00, 1.18, 0.86, NULL, 7, NULL, NULL, NULL, NULL, NULL, NULL, NULL, 7, 7, 8, NULL, 0, '2015-08-04 16:27:18', '2015-08-04 16:27:18', NULL),
	(15, 0.50, 1.37, 1.17, 0.54, 0.60, 0.73, 1.17, 0.50, NULL, NULL, NULL, NULL, 8, 7, 8, 8, 7, 8, 8, 8, NULL, NULL, NULL, NULL, 0, '2015-08-04 16:27:19', '2015-08-04 16:27:19', NULL),
	(16, 1.60, NULL, NULL, NULL, NULL, NULL, NULL, NULL, 0.92, 1.47, 0.89, NULL, 7, NULL, NULL, NULL, NULL, NULL, NULL, NULL, 7, 8, 8, NULL, 0, '2015-08-04 16:27:19', '2015-08-04 16:27:19', NULL),
	(17, 1.22, 0.50, 0.50, 0.80, 1.27, 0.50, 0.50, 0.52, NULL, NULL, NULL, NULL, 7, 7, 7, 8, 7, 7, 8, 7, NULL, NULL, NULL, NULL, 0, '2015-08-04 16:27:19', '2015-08-04 16:27:19', NULL),
	(18, 0.53, NULL, NULL, NULL, NULL, NULL, NULL, NULL, 1.12, 1.78, 0.97, NULL, 7, NULL, NULL, NULL, NULL, NULL, NULL, NULL, 8, 7, 7, NULL, 0, '2015-08-04 16:27:19', '2015-08-04 16:27:19', NULL),
	(19, 1.04, 0.60, 0.70, 0.69, 1.01, 0.69, 0.62, 0.50, NULL, NULL, NULL, NULL, 7, 8, 7, 7, 7, 7, 8, 7, NULL, NULL, NULL, NULL, 0, '2015-08-04 16:27:19', '2015-08-04 16:27:19', NULL),
	(20, 1.30, NULL, NULL, NULL, NULL, NULL, NULL, NULL, 0.96, 0.50, 1.47, NULL, 7, NULL, NULL, NULL, NULL, NULL, NULL, NULL, 7, 7, 8, NULL, 0, '2015-08-04 16:27:19', '2015-08-04 16:27:19', NULL),
	(21, 1.41, 0.76, 1.21, 1.07, 0.72, 0.95, 1.43, 1.33, NULL, NULL, NULL, NULL, 9, 9, 9, 10, 9, 9, 9, 9, NULL, NULL, NULL, NULL, 0, '2015-08-04 16:27:19', '2015-08-04 16:27:19', NULL),
	(22, 1.64, NULL, NULL, NULL, NULL, NULL, NULL, NULL, 1.64, 1.56, 0.96, NULL, 8, NULL, NULL, NULL, NULL, NULL, NULL, NULL, 8, 9, 8, NULL, 0, '2015-08-04 16:27:19', '2015-08-04 16:27:19', NULL),
	(23, 0.51, 0.58, 0.52, 1.12, 1.22, 1.46, 1.37, 0.50, NULL, NULL, NULL, NULL, 8, 8, 8, 8, 8, 8, 8, 9, NULL, NULL, NULL, NULL, 0, '2015-08-04 16:27:19', '2015-08-04 16:27:19', NULL),
	(24, 1.40, NULL, NULL, NULL, NULL, NULL, NULL, NULL, 1.32, 1.17, 0.84, NULL, 8, NULL, NULL, NULL, NULL, NULL, NULL, NULL, 7, 7, 8, NULL, 0, '2015-08-04 16:27:19', '2015-08-04 16:27:19', NULL),
	(25, 0.58, 1.51, 0.71, 0.81, 0.67, 0.66, 0.96, 0.64, NULL, NULL, NULL, NULL, 8, 7, 8, 8, 8, 7, 8, 8, NULL, NULL, NULL, NULL, 0, '2015-08-04 16:27:19', '2015-08-04 16:27:19', NULL),
	(26, 0.50, NULL, NULL, NULL, NULL, NULL, NULL, NULL, 0.96, 1.22, 1.53, NULL, 7, NULL, NULL, NULL, NULL, NULL, NULL, NULL, 8, 7, 7, NULL, 0, '2015-08-04 16:27:19', '2015-08-04 16:27:19', NULL),
	(27, 0.50, 1.14, 0.50, 0.57, 0.50, 0.50, 1.30, 0.86, NULL, NULL, NULL, NULL, 8, 7, 7, 7, 8, 7, 7, 7, NULL, NULL, NULL, NULL, 0, '2015-08-04 16:27:19', '2015-08-04 16:27:19', NULL),
	(28, 1.71, NULL, NULL, NULL, NULL, NULL, NULL, NULL, 1.63, 1.62, 0.79, NULL, 8, NULL, NULL, NULL, NULL, NULL, NULL, NULL, 9, 8, 8, NULL, 0, '2015-08-04 16:27:19', '2015-08-04 16:27:19', NULL),
	(29, 1.29, 0.70, 0.50, 0.86, 0.50, 0.71, 0.81, 0.52, NULL, NULL, NULL, NULL, 7, 7, 7, 8, 7, 7, 8, 7, NULL, NULL, NULL, NULL, 0, '2015-08-04 16:27:19', '2015-08-04 16:27:19', NULL),
	(30, 1.64, NULL, NULL, NULL, NULL, NULL, NULL, NULL, 0.58, 1.72, 0.83, NULL, 7, NULL, NULL, NULL, NULL, NULL, NULL, NULL, 7, 8, 8, NULL, 0, '2015-08-04 16:27:19', '2015-08-04 16:27:19', NULL),
	(31, 0.82, 0.50, 0.50, 0.50, 0.68, 0.74, 0.80, 1.28, NULL, NULL, NULL, NULL, 7, 7, 7, 7, 7, 8, 7, 8, NULL, NULL, NULL, NULL, 0, '2015-08-04 17:01:16', '2015-08-04 17:01:16', NULL),
	(32, 0.91, NULL, NULL, NULL, NULL, NULL, NULL, NULL, 0.81, 1.32, 1.24, NULL, 7, NULL, NULL, NULL, NULL, NULL, NULL, NULL, 7, 8, 7, NULL, 0, '2015-08-04 17:01:16', '2015-08-04 17:01:16', NULL),
	(33, 0.50, 1.29, 0.62, 0.54, 0.79, 0.52, 0.51, 1.11, NULL, NULL, NULL, NULL, 7, 7, 8, 7, 8, 7, 7, 7, NULL, NULL, NULL, NULL, 0, '2015-08-04 17:18:34', '2015-08-04 17:18:34', NULL),
	(34, 1.16, NULL, NULL, NULL, NULL, NULL, NULL, NULL, 0.83, 1.65, 1.15, NULL, 7, NULL, NULL, NULL, NULL, NULL, NULL, NULL, 8, 7, 8, NULL, 0, '2015-08-04 17:18:34', '2015-08-04 17:18:34', NULL),
	(35, 0.89, 0.97, 0.50, 0.73, 0.56, 0.62, 0.66, 0.93, NULL, NULL, NULL, NULL, 7, 7, 7, 8, 7, 8, 7, 7, NULL, NULL, NULL, NULL, 0, '2015-08-05 16:00:53', '2015-08-05 16:00:53', NULL),
	(36, 1.31, NULL, NULL, NULL, NULL, NULL, NULL, NULL, 0.89, 1.45, 0.65, NULL, 7, NULL, NULL, NULL, NULL, NULL, NULL, NULL, 7, 7, 8, NULL, 0, '2015-08-05 16:00:53', '2015-08-05 16:00:53', NULL);
/*!40000 ALTER TABLE `people_training_factor` ENABLE KEYS */;


-- Dumping structure for table ral.rally_accident
CREATE TABLE IF NOT EXISTS `rally_accident` (
  `id` int(11) NOT NULL AUTO_INCREMENT,
  `name` varchar(255) DEFAULT NULL,
  `damage` decimal(18,2) DEFAULT NULL,
  `created_at` datetime NOT NULL,
  `updated_at` datetime NOT NULL,
  PRIMARY KEY (`id`)
) ENGINE=MyISAM DEFAULT CHARSET=utf8;

-- Dumping data for table ral.rally_accident: 0 rows
DELETE FROM `rally_accident`;
/*!40000 ALTER TABLE `rally_accident` DISABLE KEYS */;
/*!40000 ALTER TABLE `rally_accident` ENABLE KEYS */;


-- Dumping structure for table ral.rally_big_awards
CREATE TABLE IF NOT EXISTS `rally_big_awards` (
  `id` int(11) NOT NULL AUTO_INCREMENT,
  `rally_id` int(11) DEFAULT NULL,
  `award_type` varchar(255) DEFAULT NULL,
  `car_model_id` int(11) DEFAULT NULL,
  `premium` bigint(20) DEFAULT NULL,
  `created_at` datetime NOT NULL,
  `updated_at` datetime NOT NULL,
  `deleted_at` datetime DEFAULT NULL,
  PRIMARY KEY (`id`),
  KEY `rally_big_awards_car_model_id_car_car_models_id` (`car_model_id`)
) ENGINE=MyISAM DEFAULT CHARSET=utf8;

-- Dumping data for table ral.rally_big_awards: 0 rows
DELETE FROM `rally_big_awards`;
/*!40000 ALTER TABLE `rally_big_awards` DISABLE KEYS */;
/*!40000 ALTER TABLE `rally_big_awards` ENABLE KEYS */;


-- Dumping structure for table ral.rally_crew
CREATE TABLE IF NOT EXISTS `rally_crew` (
  `id` int(11) NOT NULL AUTO_INCREMENT,
  `rally_id` int(11) DEFAULT NULL,
  `team_id` int(11) DEFAULT NULL,
  `driver_id` int(11) DEFAULT NULL,
  `pilot_id` int(11) DEFAULT NULL,
  `car_id` int(11) DEFAULT NULL,
  `risk` varchar(255) DEFAULT NULL,
  `in_race` tinyint(1) NOT NULL DEFAULT '1',
  `training_done` tinyint(1) NOT NULL DEFAULT '0',
  `km_passed` double(10,2) DEFAULT '0.00',
  `created_at` datetime NOT NULL,
  `updated_at` datetime NOT NULL,
  PRIMARY KEY (`id`),
  KEY `rally_id_idx` (`rally_id`),
  KEY `rally_crew_team_id_team_team_id` (`team_id`),
  KEY `rally_crew_pilot_id_people_people_id` (`pilot_id`),
  KEY `rally_crew_driver_id_people_people_id` (`driver_id`),
  KEY `rally_crew_car_id_car_car_id` (`car_id`)
) ENGINE=MyISAM AUTO_INCREMENT=15 DEFAULT CHARSET=utf8;

-- Dumping data for table ral.rally_crew: 14 rows
DELETE FROM `rally_crew`;
/*!40000 ALTER TABLE `rally_crew` DISABLE KEYS */;
INSERT INTO `rally_crew` (`id`, `rally_id`, `team_id`, `driver_id`, `pilot_id`, `car_id`, `risk`, `in_race`, `training_done`, `km_passed`, `created_at`, `updated_at`) VALUES
	(1, 1, 1, 1, 2, 20, 'very-big', 1, 1, 0.00, '2015-08-11 17:28:53', '2015-08-12 02:15:01'),
	(2, 1, 2, 3, 4, 2, 'very-big', 1, 1, 0.00, '2015-08-11 17:29:03', '2015-08-12 02:15:01'),
	(3, 1, 3, 5, 6, 1, 'big', 1, 1, 0.00, '2015-08-11 17:29:15', '2015-08-12 02:15:01'),
	(4, 1, 3, 31, 28, 3, 'big', 1, 1, 0.00, '2015-08-11 17:29:20', '2015-08-12 02:15:02'),
	(5, 1, 4, 7, 8, 4, 'normal', 1, 1, 0.00, '2015-08-11 17:32:48', '2015-08-12 02:15:02'),
	(6, 1, 5, 9, 10, 5, 'normal', 1, 1, 0.00, '2015-08-11 17:32:56', '2015-08-12 02:15:02'),
	(7, 1, 6, 11, 12, 6, 'small', 1, 1, 0.00, '2015-08-11 17:35:31', '2015-08-12 02:15:02'),
	(8, 1, 6, 11, 12, 21, 'small', 1, 1, 0.00, '2015-08-11 17:38:54', '2015-08-12 02:15:02'),
	(9, 1, 7, 13, 14, 7, 'very-small', 1, 1, 0.00, '2015-08-11 17:39:14', '2015-08-12 02:15:02'),
	(10, 1, 8, 15, 16, 22, 'big', 1, 1, 0.00, '2015-08-11 17:39:38', '2015-08-12 02:15:02'),
	(11, 1, 9, 17, 18, 9, 'big', 1, 1, 0.00, '2015-08-11 17:39:46', '2015-08-12 02:15:02'),
	(12, 1, 10, 19, 20, 10, 'very-big', 1, 1, 0.00, '2015-08-11 17:39:57', '2015-08-12 02:15:02'),
	(13, 1, 11, 21, 22, 11, 'very-big', 1, 1, 0.00, '2015-08-11 17:40:07', '2015-08-12 02:15:02'),
	(14, 1, 12, 23, 24, 12, 'small', 1, 1, 0.00, '2015-08-11 17:40:16', '2015-08-12 02:15:02');
/*!40000 ALTER TABLE `rally_crew` ENABLE KEYS */;


-- Dumping structure for table ral.rally_data_rally
CREATE TABLE IF NOT EXISTS `rally_data_rally` (
  `id` int(11) NOT NULL AUTO_INCREMENT,
  `name` varchar(255) DEFAULT NULL,
  `slug` varchar(255) DEFAULT NULL,
  `description` text,
  `day` int(11) DEFAULT NULL,
  `week` int(11) DEFAULT NULL,
  `league_rally` tinyint(1) DEFAULT '0',
  `big_awards` tinyint(1) DEFAULT '0',
  `created_at` datetime NOT NULL,
  `updated_at` datetime NOT NULL,
  `deleted_at` datetime DEFAULT NULL,
  PRIMARY KEY (`id`)
) ENGINE=MyISAM AUTO_INCREMENT=104 DEFAULT CHARSET=utf8;

-- Dumping data for table ral.rally_data_rally: 72 rows
DELETE FROM `rally_data_rally`;
/*!40000 ALTER TABLE `rally_data_rally` DISABLE KEYS */;
INSERT INTO `rally_data_rally` (`id`, `name`, `slug`, `description`, `day`, `week`, `league_rally`, `big_awards`, `created_at`, `updated_at`, `deleted_at`) VALUES
	(1, 'Rally Monte Carlo', 'rally-monte-carlo', '', NULL, NULL, 0, 0, '2015-08-08 12:50:19', '2015-08-11 14:40:25', NULL),
	(2, 'Rally Sweden', 'rally-sweden', '', NULL, NULL, 0, 0, '2015-08-08 12:56:21', '2015-08-11 14:40:25', NULL),
	(3, 'Rally Guanajuato Mexico', 'rally-guanajuato-mexico', '', NULL, NULL, 0, 0, '2015-08-08 13:01:41', '2015-08-11 14:40:25', NULL),
	(4, 'XION RALLY ARGENTINA', 'xion-rally-argentina', '', NULL, NULL, 0, 0, '2015-08-08 13:05:32', '2015-08-11 14:40:25', NULL),
	(5, 'Rally de Portugal', 'rally-de-portugal', '', NULL, NULL, 0, 0, '2015-08-08 13:09:53', '2015-08-11 14:40:26', NULL),
	(6, 'RALLY ITALIA SARDEGNA', 'rally-italia-sardegna', '', NULL, NULL, 0, 0, '2015-08-08 14:53:32', '2015-08-11 14:40:26', NULL),
	(7, 'Rally Poland', 'rally-poland', '', NULL, NULL, 0, 0, '2015-08-08 14:58:53', '2015-08-11 14:40:26', NULL),
	(8, 'Rally Finland', 'rally-finland', '', NULL, NULL, 0, 0, '2015-08-08 17:48:37', '2015-08-11 14:40:26', NULL),
	(9, 'Rally Deutschland', 'rally-deutschland', '', NULL, NULL, 0, 0, '2015-08-08 18:05:59', '2015-08-11 14:40:26', NULL),
	(10, 'Rally Australia', 'rally-australia', '', NULL, NULL, 0, 0, '2015-08-08 18:15:39', '2015-08-11 14:40:27', NULL),
	(11, 'Tour de Corse', 'tour-de-corse', '', NULL, NULL, 0, 0, '2015-08-09 09:08:15', '2015-08-11 14:40:27', NULL),
	(12, 'Rally Catalunya', 'rally-catalunya', '', NULL, NULL, 0, 0, '2015-08-09 09:29:15', '2015-08-11 14:40:27', NULL),
	(13, 'Wales Rally', 'wales-rally', '', NULL, NULL, 0, 0, '2015-08-09 09:33:26', '2015-08-11 14:40:27', NULL),
	(14, 'Janner Rally', 'janner-rally', '', NULL, NULL, 0, 0, '2015-08-09 14:43:27', '2015-08-11 14:40:27', NULL),
	(15, 'Rally Liepāja', 'rally-liepaja', '', NULL, NULL, 0, 0, '2015-08-09 14:47:06', '2015-08-11 14:40:28', NULL),
	(16, 'Rally Ireland', 'rally-ireland', '', NULL, NULL, 0, 0, '2015-08-09 18:29:55', '2015-08-11 14:40:28', NULL),
	(17, 'Rally Azores', 'rally-azores', '', NULL, NULL, 0, 0, '2015-08-09 18:37:22', '2015-08-11 14:40:28', NULL),
	(18, 'Ypres Rally', 'ypres-rally', '', NULL, NULL, 0, 0, '2015-08-10 10:35:26', '2015-08-11 14:40:28', NULL),
	(26, 'Rally Estonia', 'rally-estonia', '', NULL, NULL, 0, 0, '2015-08-10 10:51:22', '2015-08-11 14:40:28', NULL),
	(27, 'Rally Zlin', 'rally-zlin', '', NULL, NULL, 0, 0, '2015-08-10 10:54:48', '2015-08-11 14:40:29', NULL),
	(28, 'Cyprus Rally', 'cyprus-rally', '', NULL, NULL, 0, 0, '2015-08-10 10:57:37', '2015-08-11 14:40:29', NULL),
	(29, 'Acropolis Rally', 'acropolis-rally', '', NULL, NULL, 0, 0, '2015-08-10 11:00:38', '2015-08-11 14:40:29', NULL),
	(30, 'Rallye du Valais', 'rallye-du-valais', '', NULL, NULL, 0, 0, '2015-08-10 11:04:16', '2015-08-11 14:40:29', NULL),
	(31, 'Rajd Arlamow', 'rajd-arlamow', '', NULL, NULL, 0, 0, '2015-08-10 11:11:05', '2015-08-11 14:40:29', NULL),
	(32, 'Rajd Dolnoslaski', 'rajd-dolnoslaski', '', NULL, NULL, 0, 0, '2015-08-10 11:14:37', '2015-08-11 14:40:30', NULL),
	(33, 'Rajd Karkonoski', 'rajd-karkonoski', '', NULL, NULL, 0, 0, '2015-08-10 11:21:17', '2015-08-11 14:40:30', NULL),
	(34, 'Rajd Baltic Cup', 'rajd-baltic-cup', '', NULL, NULL, 0, 0, '2015-08-10 11:25:24', '2015-08-11 14:40:30', NULL),
	(35, 'Rajd Rzeszowski', 'rajd-rzeszowski', '', NULL, NULL, 0, 0, '2015-08-10 11:27:51', '2015-08-11 14:40:30', NULL),
	(36, 'Rajd Swidnicki', 'rajd-swidnicki', '', NULL, NULL, 0, 0, '2015-08-10 11:35:54', '2015-08-11 14:40:30', NULL),
	(37, 'Cochrane Winter Rally', 'cochrane-winter-rally', '', NULL, NULL, 0, 0, '2015-08-10 11:58:56', '2015-08-11 14:40:31', NULL),
	(38, 'Rally Russia', 'rally-russia', '', NULL, NULL, 0, 0, '2015-08-10 12:01:22', '2015-08-11 14:40:31', NULL),
	(39, 'Ostersund Winter Rally', 'ostersund-winter-rally', '', NULL, NULL, 0, 0, '2015-08-10 12:04:32', '2015-08-11 14:40:31', NULL),
	(40, 'Aurskog Holand Rally', 'aurskog-holand-rally', '', NULL, NULL, 0, 0, '2015-08-10 12:14:12', '2015-08-11 14:40:31', NULL),
	(41, 'Rally Elverum', 'rally-elverum', '', NULL, NULL, 0, 0, '2015-08-10 12:16:39', '2015-08-11 14:40:31', NULL),
	(42, 'Rally Hadeland', 'rally-hadeland', '', NULL, NULL, 0, 0, '2015-08-10 12:19:14', '2015-08-11 14:40:32', NULL),
	(43, 'Rally Hedemarken', 'rally-hedemarken', '', NULL, NULL, 0, 0, '2015-08-10 12:45:01', '2015-08-11 14:40:32', NULL),
	(44, 'Mountain Rally Norway', 'mountain-rally-norway', '', NULL, NULL, 0, 0, '2015-08-10 12:56:06', '2015-08-11 14:40:32', NULL),
	(45, 'Rally Norway', 'rally-norway', '', NULL, NULL, 0, 0, '2015-08-10 13:00:49', '2015-08-11 14:40:32', NULL),
	(46, 'Numedalsrally', 'numedalsrally', '', NULL, NULL, 0, 0, '2015-08-10 13:05:04', '2015-08-11 14:40:33', NULL),
	(47, 'Sigdalsrally', 'sigdalsrally', '', NULL, NULL, 0, 0, '2015-08-10 13:16:42', '2015-08-11 14:40:33', NULL),
	(48, 'Rally Sokndal', 'rally-sokndal', '', NULL, NULL, 0, 0, '2015-08-10 13:18:36', '2015-08-11 14:40:33', NULL),
	(49, 'Rally Sorland', 'rally-sorland', '', NULL, NULL, 0, 0, '2015-08-10 15:12:06', '2015-08-11 14:40:33', NULL),
	(50, 'Rally Telemark', 'rally-telemark', '', NULL, NULL, 0, 0, '2015-08-10 15:21:49', '2015-08-11 14:40:33', NULL),
	(51, 'Arctic Lapland Rally', 'arctic-lapland-rally', '', NULL, NULL, 0, 0, '2015-08-10 15:24:01', '2015-08-11 14:40:34', NULL),
	(52, 'Wechselland Rallye', 'wechselland-rallye', '', NULL, NULL, 0, 0, '2015-08-10 15:30:10', '2015-08-11 14:40:34', NULL),
	(53, 'Rally Barbados 2014', 'rally-barbados-2014', '', NULL, NULL, 0, 0, '2015-08-10 15:36:15', '2015-08-11 14:40:34', NULL),
	(54, 'TAC Rally', 'tac-rally', '', NULL, NULL, 0, 0, '2015-08-10 15:38:49', '2015-08-11 14:40:34', NULL),
	(55, 'Rallye de Wallonie', 'rallye-de-wallonie', '', NULL, NULL, 0, 0, '2015-08-10 15:41:57', '2015-08-11 14:40:34', NULL),
	(56, 'Rally de Curitiba', 'rally-de-curitiba', '', NULL, NULL, 0, 0, '2015-08-10 15:44:46', '2015-08-11 14:40:35', NULL),
	(57, 'Rally Bulgaria', 'rally-bulgaria', '', NULL, NULL, 0, 0, '2015-08-10 15:48:24', '2015-08-11 14:40:35', NULL),
	(58, 'Rally Croatia', 'rally-croatia', '', NULL, NULL, 0, 0, '2015-08-10 15:50:44', '2015-08-11 14:40:35', NULL),
	(59, 'Rally Agropa', 'rally-agropa', '', NULL, NULL, 0, 0, '2015-08-10 15:54:30', '2015-08-11 14:40:35', NULL),
	(60, 'Rally Bohemia', 'rally-bohemia', '', NULL, NULL, 0, 0, '2015-08-10 16:20:57', '2015-08-11 14:40:35', NULL),
	(61, 'Rallye Lyon - Charbonnieres', 'rallye-lyon-charbonnieres', '', NULL, NULL, 0, 0, '2015-08-10 16:27:13', '2015-08-11 14:40:36', NULL),
	(62, 'Rallye du Touquet', 'rallye-du-touquet', '', NULL, NULL, 0, 0, '2015-08-10 16:29:02', '2015-08-11 14:40:36', NULL),
	(63, 'Rallye Erzgebirge', 'rallye-erzgebirge', '', NULL, NULL, 0, 0, '2015-08-10 16:31:41', '2015-08-11 14:40:36', NULL),
	(64, 'Rally Jamaica', 'rally-jamaica', '', NULL, NULL, 0, 0, '2015-08-10 16:38:22', '2015-08-11 14:40:36', NULL),
	(65, 'Hellendoorn Rally', 'hellendoorn-rally', '', NULL, NULL, 0, 0, '2015-08-10 16:41:16', '2015-08-11 14:40:36', NULL),
	(66, 'Rallye de Luxembourg', 'rallye-de-luxembourg', '', NULL, NULL, 0, 0, '2015-08-10 16:47:23', '2015-08-11 14:40:37', NULL),
	(67, 'Qatar Rally', 'qatar-rally', '', NULL, NULL, 0, 0, '2015-08-10 16:50:08', '2015-08-11 14:40:37', NULL),
	(68, 'Rally Presov', 'rally-presov', '', NULL, NULL, 0, 0, '2015-08-10 16:52:25', '2015-08-11 14:40:37', NULL),
	(69, 'Rally of Scotland', 'rally-of-scotland', '', NULL, NULL, 0, 0, '2015-08-10 16:54:38', '2015-08-11 14:40:37', NULL),
	(70, 'Olympus Rally', 'olympus-rally', '', NULL, NULL, 0, 0, '2015-08-10 17:20:46', '2015-08-11 14:40:37', NULL),
	(71, 'Rally Tasmania', 'rally-tasmania', '', NULL, NULL, 0, 0, '2015-08-10 17:24:18', '2015-08-11 14:40:38', NULL),
	(72, 'Danboring Rally', 'danboring-rally', '', NULL, NULL, 0, 0, '2015-08-10 17:28:34', '2015-08-11 14:40:38', NULL),
	(73, 'Rally Japan', 'rally-japan', '', NULL, NULL, 0, 0, '2015-08-10 17:30:34', '2015-08-11 14:40:38', NULL),
	(74, 'Rajd Krzeszowic', 'rajd-krzeszowic', '', NULL, NULL, 0, 0, '2015-08-10 17:47:57', '2015-08-11 14:40:38', NULL),
	(75, 'Rajd Bochni', 'rajd-bochni', '', NULL, NULL, 0, 0, '2015-08-11 11:03:43', '2015-08-11 14:40:38', NULL),
	(76, 'Rajd Krakowski', 'rajd-krakowski', '', NULL, NULL, 0, 0, '2015-08-11 11:13:27', '2015-08-11 14:40:39', NULL),
	(77, 'Rajd Baltycki', 'rajd-baltycki', '', NULL, NULL, 0, 0, '2015-08-11 11:24:13', '2015-08-11 14:40:39', NULL),
	(78, 'Rally of the Tall Pines', 'rally-of-the-tall-pines', '', NULL, NULL, 0, 0, '2015-08-11 11:38:04', '2015-08-11 14:40:39', NULL),
	(79, 'Sibiu Rally Romania', 'sibiu-rally-romania', '', NULL, NULL, 0, 0, '2015-08-11 11:57:54', '2015-08-11 14:40:39', NULL);
/*!40000 ALTER TABLE `rally_data_rally` ENABLE KEYS */;


-- Dumping structure for table ral.rally_data_stage
CREATE TABLE IF NOT EXISTS `rally_data_stage` (
  `id` int(11) NOT NULL AUTO_INCREMENT,
  `rally_id` int(11) DEFAULT NULL,
  `name` varchar(255) DEFAULT NULL,
  `length` decimal(18,2) DEFAULT NULL,
  `min_time` time DEFAULT NULL,
  `created_at` datetime NOT NULL,
  `updated_at` datetime NOT NULL,
  PRIMARY KEY (`id`),
  KEY `rally_id_idx` (`rally_id`)
) ENGINE=MyISAM AUTO_INCREMENT=1250 DEFAULT CHARSET=utf8;

-- Dumping data for table ral.rally_data_stage: 1,034 rows
DELETE FROM `rally_data_stage`;
/*!40000 ALTER TABLE `rally_data_stage` DISABLE KEYS */;
INSERT INTO `rally_data_stage` (`id`, `rally_id`, `name`, `length`, `min_time`, `created_at`, `updated_at`) VALUES
	(1, 1, 'ENTREVAUX - ROUAINE', 21.31, '13:08:12', '2015-08-08 12:50:19', '2015-08-08 12:50:19'),
	(2, 1, 'NORANTE - DIGNE-LES-BAINS', 19.68, '13:07:36', '2015-08-08 12:50:19', '2015-08-08 12:50:19'),
	(3, 1, 'LA SALLE EN BEAUMONT', 15.84, '13:04:13', '2015-08-08 12:50:19', '2015-08-08 12:50:19'),
	(4, 1, 'ASPRES LES CORPS', 25.81, '13:07:39', '2015-08-08 12:50:19', '2015-08-08 12:50:19'),
	(5, 1, 'LES COSTES', 25.40, '13:12:20', '2015-08-08 12:50:19', '2015-08-08 12:50:19'),
	(6, 1, 'LA SALLE EN BEAUMONT', 15.84, '13:02:06', '2015-08-08 12:50:19', '2015-08-08 12:50:19'),
	(7, 1, 'ASPRES LES CORPS - CHAUFFAYER 2', 25.81, '13:09:16', '2015-08-08 12:50:20', '2015-08-08 12:50:20'),
	(8, 1, 'LES COSTES - ST JULIEN EN CHAMPSAUR 2', 25.40, '13:09:40', '2015-08-08 12:50:20', '2015-08-08 12:50:20'),
	(9, 1, 'PRUNIERES - EMBRUN 1', 19.93, '13:04:51', '2015-08-08 12:50:20', '2015-08-08 12:50:20'),
	(10, 1, 'LARDIER ET VALENCA - FAYE', 51.70, '13:27:11', '2015-08-08 12:50:20', '2015-08-08 12:50:20'),
	(11, 1, 'PRUNIERES - EMBRUN 2', 19.93, '13:05:09', '2015-08-08 12:50:20', '2015-08-08 12:50:20'),
	(12, 1, 'SISTERON - THOARD', 36.85, '13:14:41', '2015-08-08 12:50:20', '2015-08-08 12:50:20'),
	(13, 1, 'COL ST JEAN - ST LAURENT 1', 10.16, '12:56:49', '2015-08-08 12:50:20', '2015-08-08 12:50:20'),
	(14, 1, 'LA BOLLENE VESUBIE - SOSPEL', 31.66, '13:17:43', '2015-08-08 12:50:20', '2015-08-08 12:50:20'),
	(15, 1, ' COL ST JEAN - ST LAURENT 2', 10.16, '12:58:01', '2015-08-08 12:50:20', '2015-08-08 12:50:20'),
	(18, 2, 'SUPER SPECIAL STAGE KARLSTAD', 1.90, '12:57:21', '2015-08-08 12:56:21', '2015-08-08 12:56:21'),
	(19, 2, 'TORSBY 1', 14.76, '13:06:54', '2015-08-08 12:56:21', '2015-08-08 12:56:21'),
	(20, 2, 'ROJDEN 1', 18.73, '13:09:36', '2015-08-08 12:56:21', '2015-08-08 12:56:21'),
	(21, 2, 'FINNSKOGEN 1', 20.76, '13:11:15', '2015-08-08 12:56:22', '2015-08-08 12:56:22'),
	(22, 2, 'KIRKENAER 1', 7.07, '13:00:37', '2015-08-08 12:56:22', '2015-08-08 12:56:22'),
	(23, 2, 'KIRKENAER 2', 7.07, '13:02:13', '2015-08-08 12:56:22', '2015-08-08 12:56:22'),
	(24, 2, 'FINNSKOGEN 2', 20.76, '13:11:34', '2015-08-08 12:56:22', '2015-08-08 12:56:22'),
	(25, 2, 'TORSBY 2', 14.76, '13:06:37', '2015-08-08 12:56:22', '2015-08-08 12:56:22'),
	(26, 2, 'SUPER SPECIAL STAGE KARLSTAD 2', 1.90, '12:57:22', '2015-08-08 12:56:22', '2015-08-08 12:56:22'),
	(27, 2, 'FREDRIKSBERG 1', 18.15, '13:09:12', '2015-08-08 12:56:22', '2015-08-08 12:56:22'),
	(28, 2, 'RAMMEN 1', 22.76, '13:11:52', '2015-08-08 12:56:22', '2015-08-08 12:56:22'),
	(29, 2, 'HAGFORS SPRINT 1', 1.87, '12:57:22', '2015-08-08 12:56:22', '2015-08-08 12:56:22'),
	(30, 2, 'VARGASEN 1', 24.63, '13:13:02', '2015-08-08 12:56:22', '2015-08-08 12:56:22'),
	(31, 2, 'RAMMEN 2', 22.76, '13:13:30', '2015-08-08 12:56:22', '2015-08-08 12:56:22'),
	(32, 2, 'HAGFORS SPRINT 2', 1.87, '12:57:22', '2015-08-08 12:56:22', '2015-08-08 12:56:22'),
	(33, 2, 'VARGASEN 2', 24.63, '13:14:22', '2015-08-08 12:56:22', '2015-08-08 12:56:22'),
	(35, 3, 'STREET STAGE GUANAJUATO', 1.01, '13:01:41', '2015-08-08 13:01:41', '2015-08-08 13:01:41'),
	(36, 3, 'SUPER SPECIAL 1', 4.60, '13:04:54', '2015-08-08 13:01:41', '2015-08-08 13:01:41'),
	(37, 3, 'LOS MEXICANOS 1', 9.91, '13:08:27', '2015-08-08 13:01:41', '2015-08-08 13:01:41'),
	(38, 3, 'EL CHOCOLATE 1', 44.13, '13:36:35', '2015-08-08 13:01:41', '2015-08-08 13:01:41'),
	(39, 3, 'LAS MINAS 1', 15.54, '13:14:44', '2015-08-08 13:01:41', '2015-08-08 13:01:41'),
	(40, 3, 'STREET STAGE LEON 1', 1.37, '13:02:28', '2015-08-08 13:01:41', '2015-08-08 13:01:41'),
	(41, 3, 'LOS MEXICANOS 2', 9.91, '13:10:09', '2015-08-08 13:01:41', '2015-08-08 13:01:41'),
	(42, 3, 'EL CHOCOLATE 2', 44.13, '13:41:15', '2015-08-08 13:01:41', '2015-08-08 13:01:41'),
	(43, 3, 'LAS MINAS 2', 15.54, '13:13:38', '2015-08-08 13:01:41', '2015-08-08 13:01:41'),
	(44, 3, 'SUPER SPECIAL 2', 4.60, '13:05:26', '2015-08-08 13:01:42', '2015-08-08 13:01:42'),
	(45, 3, 'IBARRILLA 1', 30.27, '13:28:35', '2015-08-08 13:01:42', '2015-08-08 13:01:42'),
	(46, 3, 'OTATES 1', 42.90, '13:36:42', '2015-08-08 13:01:42', '2015-08-08 13:01:42'),
	(47, 3, 'EL BRINCO 1', 8.25, '13:07:30', '2015-08-08 13:01:42', '2015-08-08 13:01:42'),
	(48, 3, 'STREET STAGE LEON 2', 1.37, '13:02:02', '2015-08-08 13:01:42', '2015-08-08 13:01:42'),
	(49, 3, 'IBARRILLA 2', 30.27, '13:27:49', '2015-08-08 13:01:42', '2015-08-08 13:01:42'),
	(50, 3, 'OTATES 2', 42.90, '13:38:41', '2015-08-08 13:01:42', '2015-08-08 13:01:42'),
	(51, 3, 'EL BRINCO 2', 8.25, '13:08:30', '2015-08-08 13:01:42', '2015-08-08 13:01:42'),
	(52, 4, 'SUPER ESPECIAL MERLO', 2.68, '13:07:03', '2015-08-08 13:05:33', '2015-08-08 13:05:33'),
	(53, 4, 'AGUA DE ORO - ASCOCHINGA', 51.99, '13:43:31', '2015-08-08 13:05:33', '2015-08-08 13:05:33'),
	(54, 4, 'VILLA BUSTOS - TANTI', 19.71, '13:21:00', '2015-08-08 13:05:33', '2015-08-08 13:05:33'),
	(55, 4, 'AGUA DE ORO - ASCOCHINGA II', 51.99, '13:45:34', '2015-08-08 13:05:33', '2015-08-08 13:05:33'),
	(56, 4, 'VILLA BUSTOS - TANTI II', 19.71, '13:22:24', '2015-08-08 13:05:33', '2015-08-08 13:05:33'),
	(57, 4, 'SUPER ESPECIAL FERNET BRANCA', 6.04, '13:10:33', '2015-08-08 13:05:33', '2015-08-08 13:05:33'),
	(58, 4, 'FERNET BRANCA', 23.05, '13:21:41', '2015-08-08 13:05:33', '2015-08-08 13:05:33'),
	(59, 4, 'SAN MARCOS', 42.50, '13:35:57', '2015-08-08 13:05:33', '2015-08-08 13:05:33'),
	(60, 4, 'FERNET BRANCA II', 23.05, '13:21:15', '2015-08-08 13:05:33', '2015-08-08 13:05:33'),
	(61, 4, 'SAN MARCOS II', 42.50, '13:35:01', '2015-08-08 13:05:33', '2015-08-08 13:05:33'),
	(62, 4, 'EL CONDOR', 16.32, '13:16:49', '2015-08-08 13:05:33', '2015-08-08 13:05:33'),
	(63, 4, 'POWER STAGE EL CONDOR', 16.32, '13:17:03', '2015-08-08 13:05:33', '2015-08-08 13:05:33'),
	(71, 5, 'CAMINHA', 18.05, '13:25:26', '2015-08-08 13:09:54', '2015-08-08 13:09:54'),
	(70, 5, 'PONTE DE LIMA 1', 27.53, '13:31:31', '2015-08-08 13:09:54', '2015-08-08 13:09:54'),
	(69, 5, 'LOUSADA', 3.36, '13:12:15', '2015-08-08 13:09:53', '2015-08-08 13:09:53'),
	(72, 5, 'VIANA DO CASTELO', 18.73, '13:22:11', '2015-08-08 13:09:54', '2015-08-08 13:09:54'),
	(73, 5, 'PONTE DE LIMA 2', 27.53, '13:28:09', '2015-08-08 13:09:54', '2015-08-08 13:09:54'),
	(74, 5, 'CAMINHA 2', 18.05, '13:25:43', '2015-08-08 13:09:54', '2015-08-08 13:09:54'),
	(75, 5, 'VIANA DO CASTELO 2', 18.73, '13:24:38', '2015-08-08 13:09:54', '2015-08-08 13:09:54'),
	(76, 5, 'BAIAO', 18.57, '13:23:47', '2015-08-08 13:09:54', '2015-08-08 13:09:54'),
	(77, 5, 'MARAO', 26.30, '13:30:08', '2015-08-08 13:09:54', '2015-08-08 13:09:54'),
	(78, 5, 'FRIDAO', 37.67, '13:42:48', '2015-08-08 13:09:54', '2015-08-08 13:09:54'),
	(79, 5, 'BAIAO 2', 18.57, '13:26:16', '2015-08-08 13:09:54', '2015-08-08 13:09:54'),
	(80, 5, 'MARAO 2', 26.30, '13:28:32', '2015-08-08 13:09:54', '2015-08-08 13:09:54'),
	(81, 5, 'FRIDAO 2', 37.67, '13:42:14', '2015-08-08 13:09:54', '2015-08-08 13:09:54'),
	(82, 5, 'FAFE 1', 11.15, '13:17:02', '2015-08-08 13:09:54', '2015-08-08 13:09:54'),
	(83, 5, 'VIEIRA DO MINHO', 32.35, '13:37:21', '2015-08-08 13:09:54', '2015-08-08 13:09:54'),
	(84, 5, 'FAFE 2', 11.15, '13:17:52', '2015-08-08 13:09:55', '2015-08-08 13:09:55'),
	(85, 6, 'CITTA\' DI GAGLIARI', 2.50, '14:55:26', '2015-08-08 14:53:32', '2015-08-08 14:53:32'),
	(86, 6, 'GRIGHINE SUD', 26.31, '15:13:39', '2015-08-08 14:53:33', '2015-08-08 14:53:33'),
	(87, 6, 'GRIGHINE NORD', 18.34, '15:08:20', '2015-08-08 14:53:33', '2015-08-08 14:53:33'),
	(88, 6, 'MONTIFERRU', 14.41, '15:04:47', '2015-08-08 14:53:33', '2015-08-08 14:53:33'),
	(89, 6, 'SAGAMA', 2.58, '14:55:15', '2015-08-08 14:53:33', '2015-08-08 14:53:33'),
	(90, 6, 'SAGAMA 2', 2.58, '14:55:05', '2015-08-08 14:53:33', '2015-08-08 14:53:33'),
	(91, 6, 'SINIS - MONT\' E PRAMA', 14.08, '15:05:14', '2015-08-08 14:53:33', '2015-08-08 14:53:33'),
	(92, 6, 'GRIGHINE SUD 2', 22.45, '15:11:07', '2015-08-08 14:53:33', '2015-08-08 14:53:33'),
	(93, 6, 'GRIGHINE NORD 2', 18.34, '15:09:01', '2015-08-08 14:53:33', '2015-08-08 14:53:33'),
	(94, 6, 'MONTIFERRU 2', 14.41, '15:02:35', '2015-08-08 14:53:33', '2015-08-08 14:53:33'),
	(95, 6, 'ITTIRI ARENA', 1.40, '14:54:13', '2015-08-08 14:53:33', '2015-08-08 14:53:33'),
	(96, 6, 'MONTI DI ALA\' 1', 22.49, '15:08:09', '2015-08-08 14:53:33', '2015-08-08 14:53:33'),
	(97, 6, 'COILUNA - LOELLE', 36.69, '15:22:14', '2015-08-08 14:53:33', '2015-08-08 14:53:33'),
	(98, 6, 'MONTE LERNO', 42.22, '15:24:54', '2015-08-08 14:53:33', '2015-08-08 14:53:33'),
	(99, 6, 'OZIERI - ARDARA', 7.23, '14:58:49', '2015-08-08 14:53:33', '2015-08-08 14:53:33'),
	(100, 6, 'ITTIRI ARENA 2', 1.40, '14:54:32', '2015-08-08 14:53:34', '2015-08-08 14:53:34'),
	(101, 6, 'MONTI DI ALA\' 2', 22.49, '15:11:58', '2015-08-08 14:53:34', '2015-08-08 14:53:34'),
	(102, 7, 'MIKOLAJKI ARENA', 2.50, '15:00:43', '2015-08-08 14:58:53', '2015-08-08 14:58:53'),
	(103, 7, 'GORKLO', 13.00, '15:09:51', '2015-08-08 14:58:53', '2015-08-08 14:58:53'),
	(104, 7, 'GOLDAP', 14.75, '15:10:34', '2015-08-08 14:58:53', '2015-08-08 14:58:53'),
	(105, 7, 'BABKI', 14.65, '15:08:19', '2015-08-08 14:58:54', '2015-08-08 14:58:54'),
	(106, 7, 'STANCZYKI', 39.12, '15:32:00', '2015-08-08 14:58:54', '2015-08-08 14:58:54'),
	(107, 7, 'BABKI 2', 14.65, '15:08:02', '2015-08-08 14:58:54', '2015-08-08 14:58:54'),
	(108, 7, 'STANCZYKI 2', 39.12, '15:28:17', '2015-08-08 14:58:54', '2015-08-08 14:58:54'),
	(109, 7, 'GOLDAP 2', 14.75, '15:08:35', '2015-08-08 14:58:54', '2015-08-08 14:58:54'),
	(110, 7, 'MIKOLAJKI ARENA 2', 2.50, '15:00:29', '2015-08-08 14:58:54', '2015-08-08 14:58:54'),
	(111, 7, 'MAZURY', 17.70, '15:14:13', '2015-08-08 14:58:54', '2015-08-08 14:58:54'),
	(112, 7, 'WIELICZKI', 12.87, '15:07:09', '2015-08-08 14:58:54', '2015-08-08 14:58:54'),
	(113, 7, 'SWIETAJNO', 21.25, '15:13:27', '2015-08-08 14:58:54', '2015-08-08 14:58:54'),
	(114, 7, 'PAPROTKI', 23.15, '15:15:15', '2015-08-08 14:58:54', '2015-08-08 14:58:54'),
	(115, 7, 'MAZURY 2', 17.70, '15:12:49', '2015-08-08 14:58:54', '2015-08-08 14:58:54'),
	(116, 7, 'WIELICZKI 2', 12.87, '15:08:58', '2015-08-08 14:58:54', '2015-08-08 14:58:54'),
	(117, 7, 'SWIETAJNO 2', 21.25, '15:14:40', '2015-08-08 14:58:54', '2015-08-08 14:58:54'),
	(118, 7, 'MIKOLAJKI ARENA 3', 2.50, '15:00:27', '2015-08-08 14:58:55', '2015-08-08 14:58:55'),
	(119, 8, 'HARJU', 2.27, '17:50:23', '2015-08-08 17:48:37', '2015-08-08 17:48:37'),
	(120, 8, 'PIHLAJAKOSKI', 14.51, '18:01:24', '2015-08-08 17:48:38', '2015-08-08 17:48:38'),
	(121, 8, 'PAIJALA', 23.56, '18:05:15', '2015-08-08 17:48:38', '2015-08-08 17:48:38'),
	(122, 8, 'OUNINPOHJA', 34.39, '18:11:12', '2015-08-08 17:48:38', '2015-08-08 17:48:38'),
	(123, 8, 'HIMOS', 5.62, '17:52:26', '2015-08-08 17:48:38', '2015-08-08 17:48:38'),
	(124, 8, 'PIHLAJAKOSKI 2', 14.51, '18:00:38', '2015-08-08 17:48:38', '2015-08-08 17:48:38'),
	(125, 8, 'PAIJALA 2', 23.56, '18:07:50', '2015-08-08 17:48:38', '2015-08-08 17:48:38'),
	(126, 8, 'OUNINPOHJA 2', 34.39, '18:18:08', '2015-08-08 17:48:38', '2015-08-08 17:48:38'),
	(127, 8, 'HIMOS 2', 5.62, '17:52:00', '2015-08-08 17:48:38', '2015-08-08 17:48:38'),
	(128, 8, 'HARJU 2', 2.27, '17:50:32', '2015-08-08 17:48:38', '2015-08-08 17:48:38'),
	(129, 8, 'MOKKIPERA', 13.84, '17:59:43', '2015-08-08 17:48:38', '2015-08-08 17:48:38'),
	(130, 8, 'JUKOJARVI', 21.14, '18:03:13', '2015-08-08 17:48:38', '2015-08-08 17:48:38'),
	(131, 8, 'SURKEE', 14.95, '17:59:37', '2015-08-08 17:48:38', '2015-08-08 17:48:38'),
	(132, 8, 'HORKKA', 15.59, '18:02:16', '2015-08-08 17:48:38', '2015-08-08 17:48:38'),
	(133, 8, 'MOKKIPERA 2', 13.84, '17:58:58', '2015-08-08 17:48:38', '2015-08-08 17:48:38'),
	(134, 8, 'JUKOJARVI 2', 21.14, '18:06:29', '2015-08-08 17:48:38', '2015-08-08 17:48:38'),
	(135, 8, 'SURKEE 2', 14.95, '17:57:55', '2015-08-08 17:48:39', '2015-08-08 17:48:39'),
	(136, 9, 'Sauertal', 14.84, '18:16:42', '2015-08-08 18:06:00', '2015-08-08 18:06:00'),
	(137, 9, 'Waxweiler', 16.40, '18:18:27', '2015-08-08 18:06:00', '2015-08-08 18:06:00'),
	(138, 9, 'Moselland', 23.24, '18:23:02', '2015-08-08 18:06:00', '2015-08-08 18:06:00'),
	(139, 9, 'Sauertal 2', 14.84, '18:17:11', '2015-08-08 18:06:00', '2015-08-08 18:06:00'),
	(140, 9, 'Waxweiler 2', 16.40, '18:18:16', '2015-08-08 18:06:00', '2015-08-08 18:06:00'),
	(141, 9, 'Moselland 2', 23.24, '18:23:48', '2015-08-08 18:06:00', '2015-08-08 18:06:00'),
	(142, 9, 'Mittelmosel 2', 13.67, '18:16:28', '2015-08-08 18:06:00', '2015-08-08 18:06:00'),
	(143, 9, 'Grafschaft', 18.35, '18:20:42', '2015-08-08 18:06:00', '2015-08-08 18:06:00'),
	(144, 9, 'Bosenberg', 17.13, '18:19:05', '2015-08-08 18:06:00', '2015-08-08 18:06:00'),
	(145, 9, 'Arena Panzerplatte', 2.87, '18:07:00', '2015-08-08 18:06:00', '2015-08-08 18:06:00'),
	(146, 9, 'Arena Panzerplatte 2', 2.87, '18:07:01', '2015-08-08 18:06:01', '2015-08-08 18:06:01'),
	(147, 9, 'Panzerplatte Lang', 45.61, '18:38:00', '2015-08-08 18:06:01', '2015-08-08 18:06:01'),
	(148, 9, 'Grafschaft 2', 18.35, '18:18:11', '2015-08-08 18:06:01', '2015-08-08 18:06:01'),
	(149, 9, 'Arena Panzerplatte 3', 2.87, '18:07:01', '2015-08-08 18:06:01', '2015-08-08 18:06:01'),
	(150, 9, 'Panzerplatte Lang 2', 45.61, '18:39:36', '2015-08-08 18:06:01', '2015-08-08 18:06:01'),
	(151, 9, 'Bosenberg 2', 17.13, '18:18:04', '2015-08-08 18:06:01', '2015-08-08 18:06:01'),
	(152, 9, 'Stei & Wein', 19.59, '18:18:50', '2015-08-08 18:06:01', '2015-08-08 18:06:01'),
	(153, 10, 'Hydes Creek', 10.73, '18:22:32', '2015-08-08 18:15:39', '2015-08-08 18:15:39'),
	(154, 10, 'Bellingen', 10.72, '18:23:48', '2015-08-08 18:15:39', '2015-08-08 18:15:39'),
	(155, 10, 'Newry', 24.91, '18:35:30', '2015-08-08 18:15:39', '2015-08-08 18:15:39'),
	(156, 10, 'Hydes Creek 2', 10.73, '18:23:46', '2015-08-08 18:15:40', '2015-08-08 18:15:40'),
	(157, 10, 'Bellingen 2', 10.72, '18:23:41', '2015-08-08 18:15:40', '2015-08-08 18:15:40'),
	(158, 10, 'Newry 2', 24.91, '18:35:07', '2015-08-08 18:15:40', '2015-08-08 18:15:40'),
	(159, 10, 'Super Special Stage ', 1.56, '18:15:40', '2015-08-08 18:15:40', '2015-08-08 18:15:40'),
	(160, 10, 'Super Special Stage 2', 1.56, '18:15:40', '2015-08-08 18:15:40', '2015-08-08 18:15:40'),
	(161, 10, 'Nambucca', 48.92, '18:56:03', '2015-08-08 18:15:40', '2015-08-08 18:15:40'),
	(162, 10, 'Valla', 7.92, '18:21:48', '2015-08-08 18:15:40', '2015-08-08 18:15:40'),
	(163, 10, 'Nambucca 2', 48.92, '18:49:35', '2015-08-08 18:15:40', '2015-08-08 18:15:40'),
	(164, 10, 'Valla 2', 7.92, '18:21:39', '2015-08-08 18:15:40', '2015-08-08 18:15:40'),
	(165, 10, 'Super Special Stage 3', 1.56, '18:15:40', '2015-08-08 18:15:40', '2015-08-08 18:15:40'),
	(166, 10, 'Super Special Stage 4', 1.56, '18:15:40', '2015-08-08 18:15:40', '2015-08-08 18:15:40'),
	(167, 10, 'Shipmans', 30.20, '18:32:46', '2015-08-08 18:15:40', '2015-08-08 18:15:40'),
	(168, 10, 'Bucca', 10.86, '18:22:34', '2015-08-08 18:15:40', '2015-08-08 18:15:40'),
	(169, 10, 'Wedding Bells', 9.23, '18:23:00', '2015-08-08 18:15:40', '2015-08-08 18:15:40'),
	(170, 11, 'Plage du Liamone', 19.12, '09:23:37', '2015-08-09 09:08:16', '2015-08-09 09:08:16'),
	(171, 11, 'Casamozza', 23.69, '09:27:47', '2015-08-09 09:08:16', '2015-08-09 09:08:16'),
	(172, 11, 'Francardo', 16.43, '09:18:38', '2015-08-09 09:08:16', '2015-08-09 09:08:16'),
	(173, 11, 'Plage du Liamone 2', 19.12, '09:21:18', '2015-08-09 09:08:16', '2015-08-09 09:08:16'),
	(174, 11, 'Casamozza 2', 23.69, '09:27:34', '2015-08-09 09:08:16', '2015-08-09 09:08:16'),
	(175, 11, 'Francardo 2', 16.43, '09:21:25', '2015-08-09 09:08:16', '2015-08-09 09:08:16'),
	(176, 11, 'Casamozza 3', 23.69, '09:28:37', '2015-08-09 09:08:16', '2015-08-09 09:08:16'),
	(177, 11, 'Francardo 3', 16.43, '09:19:36', '2015-08-09 09:08:16', '2015-08-09 09:08:16'),
	(178, 11, 'Muracciole', 28.46, '09:33:00', '2015-08-09 09:08:16', '2015-08-09 09:08:16'),
	(179, 11, 'Sotta', 26.58, '09:08:16', '2015-08-09 09:08:16', '2015-08-09 09:08:16'),
	(180, 11, 'Muracciole 2', 28.46, '09:08:16', '2015-08-09 09:08:16', '2015-08-09 09:08:16'),
	(181, 11, 'Zerubia', 31.43, '09:08:16', '2015-08-09 09:08:16', '2015-08-09 09:08:16'),
	(182, 11, 'Bisinao', 16.74, '09:08:16', '2015-08-09 09:08:16', '2015-08-09 09:08:16'),
	(183, 11, 'Zerubia 2', 31.43, '09:08:16', '2015-08-09 09:08:16', '2015-08-09 09:08:16'),
	(184, 11, 'Bisinao 2', 16.74, '09:08:17', '2015-08-09 09:08:17', '2015-08-09 09:08:17'),
	(185, 12, 'Barcelona', 3.20, '09:31:16', '2015-08-09 09:29:16', '2015-08-09 09:29:16'),
	(186, 12, 'Mora d\'Ebre', 9.62, '09:36:08', '2015-08-09 09:29:16', '2015-08-09 09:29:16'),
	(187, 12, 'Caseres', 12.50, '09:39:18', '2015-08-09 09:29:16', '2015-08-09 09:29:16'),
	(188, 12, 'Bot', 6.50, '09:33:49', '2015-08-09 09:29:16', '2015-08-09 09:29:16'),
	(189, 12, 'Terra Alta', 35.68, '09:53:39', '2015-08-09 09:29:16', '2015-08-09 09:29:16'),
	(190, 12, 'Mora d\'Ebre 2', 9.62, '09:35:24', '2015-08-09 09:29:16', '2015-08-09 09:29:16'),
	(191, 12, 'Caseres 2', 12.50, '09:37:38', '2015-08-09 09:29:16', '2015-08-09 09:29:16'),
	(192, 12, 'Bot 2', 6.50, '09:34:15', '2015-08-09 09:29:16', '2015-08-09 09:29:16'),
	(193, 12, 'Terra Alta 2', 35.68, '09:59:48', '2015-08-09 09:29:16', '2015-08-09 09:29:16'),
	(194, 12, 'Porrera', 7.43, '09:34:47', '2015-08-09 09:29:16', '2015-08-09 09:29:16'),
	(195, 12, 'La Figuera', 26.26, '09:52:28', '2015-08-09 09:29:16', '2015-08-09 09:29:16'),
	(196, 12, 'Poboleda', 10.50, '09:37:51', '2015-08-09 09:29:16', '2015-08-09 09:29:16'),
	(197, 12, 'Capafonts', 19.80, '09:41:22', '2015-08-09 09:29:17', '2015-08-09 09:29:17'),
	(198, 12, 'La Figuera 2', 26.26, '09:49:54', '2015-08-09 09:29:17', '2015-08-09 09:29:17'),
	(199, 12, 'Poboleda 2', 10.50, '09:36:01', '2015-08-09 09:29:17', '2015-08-09 09:29:17'),
	(200, 12, 'Capafonts 2', 19.80, '09:43:10', '2015-08-09 09:29:17', '2015-08-09 09:29:17'),
	(201, 12, 'Salou', 2.24, '09:30:17', '2015-08-09 09:29:17', '2015-08-09 09:29:17'),
	(202, 13, 'Hafren', 32.14, '09:58:54', '2015-08-09 09:33:26', '2015-08-09 09:33:26'),
	(203, 13, 'Sweet Lamb', 3.33, '09:34:26', '2015-08-09 09:33:26', '2015-08-09 09:33:26'),
	(204, 13, 'Myherin', 30.23, '10:01:18', '2015-08-09 09:33:26', '2015-08-09 09:33:26'),
	(205, 13, 'Harfen 2', 32.14, '09:56:31', '2015-08-09 09:33:26', '2015-08-09 09:33:26'),
	(206, 13, 'Sweet Lamb 2', 3.33, '09:34:27', '2015-08-09 09:33:27', '2015-08-09 09:33:27'),
	(207, 13, 'Myherin 2', 30.23, '09:53:27', '2015-08-09 09:33:27', '2015-08-09 09:33:27'),
	(208, 13, 'Gartheiniog', 11.34, '09:40:56', '2015-08-09 09:33:27', '2015-08-09 09:33:27'),
	(209, 13, 'Dyfi', 25.86, '09:56:08', '2015-08-09 09:33:27', '2015-08-09 09:33:27'),
	(210, 13, 'Gartheiniog 2', 11.34, '09:40:46', '2015-08-09 09:33:27', '2015-08-09 09:33:27'),
	(211, 13, 'Dyfi 2', 25.86, '09:54:43', '2015-08-09 09:33:27', '2015-08-09 09:33:27'),
	(212, 13, 'Dyfnant', 19.02, '09:46:04', '2015-08-09 09:33:27', '2015-08-09 09:33:27'),
	(213, 13, 'Aberhirnant', 13.91, '09:42:30', '2015-08-09 09:33:27', '2015-08-09 09:33:27'),
	(214, 13, 'Chirk Castle', 2.06, '09:34:27', '2015-08-09 09:33:27', '2015-08-09 09:33:27'),
	(215, 13, 'Dynant 2', 19.02, '09:50:21', '2015-08-09 09:33:27', '2015-08-09 09:33:27'),
	(216, 13, 'Aberhirnant 2', 13.91, '09:45:20', '2015-08-09 09:33:27', '2015-08-09 09:33:27'),
	(217, 13, 'Brenig', 10.60, '09:41:26', '2015-08-09 09:33:27', '2015-08-09 09:33:27'),
	(218, 13, 'Alwen', 10.41, '09:40:47', '2015-08-09 09:33:27', '2015-08-09 09:33:27'),
	(219, 14, 'Pierbach', 18.99, '14:56:53', '2015-08-09 14:43:28', '2015-08-09 14:43:28'),
	(220, 14, 'Liebenau', 10.22, '14:50:04', '2015-08-09 14:43:28', '2015-08-09 14:43:28'),
	(221, 14, 'St. Oswald', 8.30, '14:48:28', '2015-08-09 14:43:28', '2015-08-09 14:43:28'),
	(222, 14, 'Pierbach 2', 18.99, '14:59:25', '2015-08-09 14:43:28', '2015-08-09 14:43:28'),
	(223, 14, 'Liebenau 2', 10.22, '14:50:01', '2015-08-09 14:43:28', '2015-08-09 14:43:28'),
	(224, 14, 'St. Ostwald 2', 8.30, '14:50:03', '2015-08-09 14:43:28', '2015-08-09 14:43:28'),
	(225, 14, 'Pregarten', 8.76, '14:49:25', '2015-08-09 14:43:28', '2015-08-09 14:43:28'),
	(226, 14, 'Schonau', 22.93, '14:57:36', '2015-08-09 14:43:28', '2015-08-09 14:43:28'),
	(227, 14, 'Pregarten 2', 8.76, '14:48:49', '2015-08-09 14:43:28', '2015-08-09 14:43:28'),
	(228, 14, 'Schonau 2', 22.93, '15:01:16', '2015-08-09 14:43:28', '2015-08-09 14:43:28'),
	(229, 14, 'Gutau', 8.27, '14:50:21', '2015-08-09 14:43:28', '2015-08-09 14:43:28'),
	(230, 14, 'Unterweissenbach', 12.54, '14:53:22', '2015-08-09 14:43:29', '2015-08-09 14:43:29'),
	(231, 14, 'Arena Konigswiesen', 7.79, '14:49:07', '2015-08-09 14:43:29', '2015-08-09 14:43:29'),
	(232, 14, 'Gutau 2', 8.27, '14:49:08', '2015-08-09 14:43:29', '2015-08-09 14:43:29'),
	(233, 14, 'Unterweissenbach 2', 12.54, '14:52:38', '2015-08-09 14:43:29', '2015-08-09 14:43:29'),
	(234, 14, 'Arena Konigswiesen 2', 7.79, '14:47:35', '2015-08-09 14:43:29', '2015-08-09 14:43:29'),
	(235, 14, 'Bad Zell', 21.10, '14:59:08', '2015-08-09 14:43:29', '2015-08-09 14:43:29'),
	(236, 15, 'Basi', 16.14, '14:58:10', '2015-08-09 14:47:07', '2015-08-09 14:47:07'),
	(237, 15, 'Kuldiga', 36.97, '15:19:21', '2015-08-09 14:47:07', '2015-08-09 14:47:07'),
	(238, 15, 'Ecorent', 7.00, '14:52:01', '2015-08-09 14:47:07', '2015-08-09 14:47:07'),
	(239, 15, 'Kuldiga 2', 36.97, '15:16:13', '2015-08-09 14:47:07', '2015-08-09 14:47:07'),
	(240, 15, 'Basi 2', 16.14, '14:57:20', '2015-08-09 14:47:07', '2015-08-09 14:47:07'),
	(241, 15, 'Podnieki', 11.33, '14:54:15', '2015-08-09 14:47:07', '2015-08-09 14:47:07'),
	(242, 15, 'Tebra', 12.15, '14:55:45', '2015-08-09 14:47:07', '2015-08-09 14:47:07'),
	(243, 15, 'Vecpils', 22.32, '15:06:20', '2015-08-09 14:47:07', '2015-08-09 14:47:07'),
	(244, 15, 'Podnieki 2', 11.33, '14:55:46', '2015-08-09 14:47:07', '2015-08-09 14:47:07'),
	(245, 15, 'Tebra 2', 12.15, '14:55:21', '2015-08-09 14:47:07', '2015-08-09 14:47:07'),
	(246, 15, 'Vecpils 2', 22.32, '15:06:33', '2015-08-09 14:47:07', '2015-08-09 14:47:07'),
	(247, 15, 'Liepaja special', 1.40, '14:47:07', '2015-08-09 14:47:07', '2015-08-09 14:47:07'),
	(248, 16, 'Bucks Head', 14.61, '18:41:02', '2015-08-09 18:29:55', '2015-08-12 13:24:45'),
	(249, 16, 'Hamilton\'s Folly', 16.90, '18:40:04', '2015-08-09 18:29:55', '2015-08-12 13:24:45'),
	(250, 16, 'Lough Henney', 10.58, '18:37:17', '2015-08-09 18:29:55', '2015-08-12 13:24:45'),
	(251, 16, 'Bucks Head 2', 14.30, '18:39:46', '2015-08-09 18:29:55', '2015-08-12 13:24:45'),
	(252, 16, 'Hamilton\'s Folly 2', 16.84, '18:43:36', '2015-08-09 18:29:56', '2015-08-12 13:24:45'),
	(253, 16, 'Lough Henry 2', 10.76, '18:36:33', '2015-08-09 18:29:56', '2015-08-12 13:24:45'),
	(254, 16, 'Newtownards TT', 1.53, '18:29:56', '2015-08-09 18:29:56', '2015-08-12 13:24:45'),
	(255, 16, 'Newtownards TT 2', 1.46, '18:29:56', '2015-08-09 18:29:56', '2015-08-12 13:24:45'),
	(256, 16, 'Bulls Brook', 13.42, '18:38:32', '2015-08-09 18:29:56', '2015-08-12 13:24:45'),
	(257, 16, 'McGaffins Corner', 26.26, '18:53:34', '2015-08-09 18:29:56', '2015-08-12 13:24:45'),
	(258, 16, 'Banbridge', 8.93, '18:35:58', '2015-08-09 18:29:56', '2015-08-12 13:24:45'),
	(259, 16, 'Gregoriough', 14.75, '18:39:59', '2015-08-09 18:29:56', '2015-08-12 13:24:45'),
	(260, 16, 'Lisburn', 1.10, '18:29:56', '2015-08-09 18:29:56', '2015-08-12 13:24:45'),
	(261, 16, 'Lisburn 2', 1.26, '18:29:56', '2015-08-09 18:29:56', '2015-08-12 13:24:45'),
	(262, 16, 'Bulls Brook 2', 13.52, '18:41:47', '2015-08-09 18:29:56', '2015-08-12 13:24:45'),
	(263, 16, 'McGaffins Corner 2', 26.90, '18:49:15', '2015-08-09 18:29:56', '2015-08-12 13:24:45'),
	(264, 16, 'Banbridge 2', 8.19, '18:36:23', '2015-08-09 18:29:56', '2015-08-12 13:24:45'),
	(265, 17, 'Grupo Marques', 3.28, '18:39:22', '2015-08-09 18:37:22', '2015-08-12 13:24:45'),
	(266, 17, 'Solucoes', 7.29, '18:42:17', '2015-08-09 18:37:23', '2015-08-12 13:24:45'),
	(267, 17, 'Vila Franca', 12.23, '18:47:19', '2015-08-09 18:37:23', '2015-08-12 13:24:45'),
	(268, 17, 'Lagoa Meo', 6.55, '18:41:29', '2015-08-09 18:37:23', '2015-08-12 13:24:45'),
	(269, 17, 'Pico da Pedra Golfe', 7.31, '18:41:58', '2015-08-09 18:37:23', '2015-08-12 13:24:45'),
	(270, 17, 'Feteiras', 7.77, '18:43:06', '2015-08-09 18:37:23', '2015-08-12 13:24:45'),
	(271, 17, 'Sete Cidades', 28.27, '18:58:44', '2015-08-09 18:37:23', '2015-08-12 13:24:45'),
	(272, 17, 'Lagoa Meo 2', 6.60, '18:41:50', '2015-08-09 18:37:23', '2015-08-12 13:24:45'),
	(273, 17, 'Pico da Pedra Golfe 2', 7.75, '18:43:11', '2015-08-09 18:37:23', '2015-08-12 13:24:45'),
	(274, 17, 'Feteiras 2', 7.24, '18:43:03', '2015-08-09 18:37:23', '2015-08-12 13:24:45'),
	(275, 17, 'Sete Cidades 2', 28.33, '19:01:17', '2015-08-09 18:37:23', '2015-08-12 13:24:45'),
	(276, 17, 'Graminhais', 20.19, '18:51:52', '2015-08-09 18:37:23', '2015-08-12 13:24:45'),
	(277, 17, 'Tronqueira', 21.69, '18:55:57', '2015-08-09 18:37:23', '2015-08-12 13:24:45'),
	(278, 17, 'Grupo Marques 2', 3.14, '18:39:23', '2015-08-09 18:37:23', '2015-08-12 13:24:45'),
	(279, 17, 'Vila Franca 2', 12.14, '18:46:15', '2015-08-09 18:37:23', '2015-08-12 13:24:45'),
	(280, 17, 'Graminhais 2', 20.53, '18:50:36', '2015-08-09 18:37:24', '2015-08-12 13:24:45'),
	(281, 17, 'Tronqueira 2', 21.54, '18:55:15', '2015-08-09 18:37:24', '2015-08-12 13:24:45'),
	(282, 18, 'Langemark', 12.54, '10:44:02', '2015-08-10 10:35:26', '2015-08-12 13:24:45'),
	(283, 18, 'Dikkebus', 14.81, '10:46:39', '2015-08-10 10:35:26', '2015-08-12 13:24:45'),
	(284, 18, 'Wijtschate', 13.58, '10:44:20', '2015-08-10 10:35:27', '2015-08-12 13:24:45'),
	(285, 18, 'Mesen', 7.28, '10:39:35', '2015-08-10 10:35:27', '2015-08-12 13:24:45'),
	(286, 18, 'Dikkebus 2', 14.20, '10:46:38', '2015-08-10 10:35:27', '2015-08-12 13:24:45'),
	(287, 18, 'Wijtschate 2', 13.28, '10:44:27', '2015-08-10 10:35:27', '2015-08-12 13:24:45'),
	(288, 18, 'Mesen 2', 7.64, '10:40:49', '2015-08-10 10:35:27', '2015-08-12 13:24:45'),
	(289, 18, 'Reninge', 14.32, '10:45:26', '2015-08-10 10:35:27', '2015-08-12 13:24:45'),
	(290, 18, 'Watou', 14.98, '10:47:15', '2015-08-10 10:35:27', '2015-08-12 13:24:45'),
	(291, 18, 'Westouter-Boeschepe', 19.55, '10:50:19', '2015-08-10 10:35:27', '2015-08-12 13:24:45'),
	(292, 18, 'Kemmelberg', 13.59, '10:45:10', '2015-08-10 10:35:27', '2015-08-12 13:24:45'),
	(293, 18, 'Hollebeket', 23.64, '10:55:07', '2015-08-10 10:35:27', '2015-08-12 13:24:45'),
	(294, 18, 'Reninge 2', 14.73, '10:45:47', '2015-08-10 10:35:27', '2015-08-12 13:24:45'),
	(295, 18, 'Watou 2', 14.47, '10:45:31', '2015-08-10 10:35:27', '2015-08-12 13:24:45'),
	(296, 18, 'Westouter-Boeschepe 2', 19.73, '10:48:35', '2015-08-10 10:35:27', '2015-08-12 13:24:45'),
	(297, 18, 'Kemmelberg 2', 13.77, '10:47:00', '2015-08-10 10:35:27', '2015-08-12 13:24:45'),
	(298, 18, 'Hollebeke 2', 23.43, '10:53:58', '2015-08-10 10:35:27', '2015-08-12 13:24:45'),
	(418, 26, 'Tartu City', 1.23, '10:51:22', '2015-08-10 10:51:22', '2015-08-12 13:24:45'),
	(419, 26, 'Arula', 8.91, '10:57:19', '2015-08-10 10:51:22', '2015-08-12 13:24:45'),
	(420, 26, 'Urvaste', 14.67, '11:03:13', '2015-08-10 10:51:22', '2015-08-12 13:24:45'),
	(421, 26, 'Raiga', 9.61, '10:57:39', '2015-08-10 10:51:22', '2015-08-12 13:24:45'),
	(422, 26, 'Ristimae', 34.48, '11:18:31', '2015-08-10 10:51:22', '2015-08-12 13:24:45'),
	(423, 26, 'Ristimae 2', 34.55, '11:17:30', '2015-08-10 10:51:22', '2015-08-12 13:24:45'),
	(424, 26, 'Raiga 2', 11.76, '10:59:19', '2015-08-10 10:51:22', '2015-08-12 13:24:45'),
	(425, 26, 'Elva', 1.46, '10:51:23', '2015-08-10 10:51:23', '2015-08-12 13:24:45'),
	(426, 26, 'Vissi', 13.52, '11:00:00', '2015-08-10 10:51:23', '2015-08-12 13:24:45'),
	(427, 26, 'Sulaoja', 7.40, '10:55:36', '2015-08-10 10:51:23', '2015-08-12 13:24:45'),
	(428, 26, 'Alakula', 11.12, '10:58:39', '2015-08-10 10:51:23', '2015-08-12 13:24:45'),
	(429, 26, 'Vissi 2', 13.51, '11:00:44', '2015-08-10 10:51:23', '2015-08-12 13:24:45'),
	(430, 26, 'Sulaoja 2', 7.99, '10:55:27', '2015-08-10 10:51:23', '2015-08-12 13:24:45'),
	(431, 26, 'Alakula 2', 11.78, '10:59:46', '2015-08-10 10:51:23', '2015-08-12 13:24:45'),
	(432, 26, 'Arula 2', 8.97, '10:57:28', '2015-08-10 10:51:23', '2015-08-12 13:24:45'),
	(433, 26, 'Urwaste 2', 14.85, '11:02:58', '2015-08-10 10:51:23', '2015-08-12 13:24:45'),
	(435, 27, 'Super Stage Zlin', 9.30, '11:01:54', '2015-08-10 10:54:48', '2015-08-12 13:24:45'),
	(436, 27, 'Slusovice', 16.65, '11:08:38', '2015-08-10 10:54:48', '2015-08-12 13:24:45'),
	(437, 27, 'Pindula', 18.58, '11:10:04', '2015-08-10 10:54:48', '2015-08-12 13:24:45'),
	(438, 27, 'Majak', 13.21, '11:03:08', '2015-08-10 10:54:49', '2015-08-12 13:24:45'),
	(439, 27, 'Kudlovice', 17.88, '11:05:55', '2015-08-10 10:54:49', '2015-08-12 13:24:45'),
	(440, 27, 'Slusovice 2', 16.31, '11:07:53', '2015-08-10 10:54:49', '2015-08-12 13:24:45'),
	(441, 27, 'Pindula 2', 18.27, '11:07:47', '2015-08-10 10:54:49', '2015-08-12 13:24:45'),
	(442, 27, 'Majak 2', 13.47, '11:06:35', '2015-08-10 10:54:49', '2015-08-12 13:24:45'),
	(443, 27, 'Kudlovice 2', 17.24, '11:08:27', '2015-08-10 10:54:49', '2015-08-12 13:24:45'),
	(444, 27, 'Semetin', 11.52, '11:04:24', '2015-08-10 10:54:49', '2015-08-12 13:24:45'),
	(445, 27, 'Trojak', 23.92, '11:10:36', '2015-08-10 10:54:49', '2015-08-12 13:24:45'),
	(446, 27, 'Zlutava', 8.37, '11:00:39', '2015-08-10 10:54:49', '2015-08-12 13:24:45'),
	(447, 27, 'Semestin 2', 11.82, '11:04:11', '2015-08-10 10:54:49', '2015-08-12 13:24:45'),
	(448, 27, 'Trojak 2', 23.70, '11:10:58', '2015-08-10 10:54:49', '2015-08-12 13:24:45'),
	(449, 27, 'Zlutava 2', 8.24, '11:00:10', '2015-08-10 10:54:49', '2015-08-12 13:24:45'),
	(452, 28, 'Asfalistiki', 5.90, '11:00:46', '2015-08-10 10:57:37', '2015-08-12 13:24:45'),
	(453, 28, 'Kotsiatis', 15.12, '11:08:20', '2015-08-10 10:57:37', '2015-08-12 13:24:45'),
	(454, 28, 'Lythrodontas', 21.70, '11:14:36', '2015-08-10 10:57:37', '2015-08-12 13:24:45'),
	(455, 28, 'Lefkara', 17.91, '11:11:18', '2015-08-10 10:57:37', '2015-08-12 13:24:45'),
	(456, 28, 'Klavdia', 11.79, '11:06:26', '2015-08-10 10:57:37', '2015-08-12 13:24:45'),
	(457, 28, 'Tseri', 14.58, '11:07:20', '2015-08-10 10:57:37', '2015-08-12 13:24:45'),
	(458, 28, 'Asinou', 11.83, '11:07:02', '2015-08-10 10:57:37', '2015-08-12 13:24:45'),
	(459, 28, 'Xerarkaka', 21.65, '11:16:16', '2015-08-10 10:57:37', '2015-08-12 13:24:45'),
	(460, 28, 'Tseri 2', 14.12, '11:09:13', '2015-08-10 10:57:37', '2015-08-12 13:24:45'),
	(461, 28, 'Asinou 2', 11.60, '11:04:49', '2015-08-10 10:57:37', '2015-08-12 13:24:45'),
	(462, 28, 'Xerarkaka 2', 21.95, '11:13:15', '2015-08-10 10:57:37', '2015-08-12 13:24:45'),
	(463, 28, 'Kotsiatis 2', 15.34, '11:09:56', '2015-08-10 10:57:38', '2015-08-12 13:24:45'),
	(464, 28, 'Lythrodontas 2', 21.32, '11:12:22', '2015-08-10 10:57:38', '2015-08-12 13:24:45'),
	(465, 28, 'Lefkara 2', 17.84, '11:09:35', '2015-08-10 10:57:38', '2015-08-12 13:24:45'),
	(466, 28, 'Klavdia 2', 11.48, '11:05:53', '2015-08-10 10:57:38', '2015-08-12 13:24:45'),
	(469, 29, 'Aghios Ioannis', 21.38, '11:19:14', '2015-08-10 11:00:38', '2015-08-12 13:24:45'),
	(470, 29, 'Aghionori', 23.59, '11:17:49', '2015-08-10 11:00:38', '2015-08-12 13:24:45'),
	(471, 29, 'Psari', 17.58, '11:12:22', '2015-08-10 11:00:38', '2015-08-12 13:24:45'),
	(472, 29, 'Aghios Ioannis 2', 21.16, '11:18:03', '2015-08-10 11:00:38', '2015-08-12 13:24:45'),
	(473, 29, 'Aghionori 2', 23.77, '11:19:18', '2015-08-10 11:00:38', '2015-08-12 13:24:45'),
	(474, 29, 'Psari 2', 17.55, '11:14:54', '2015-08-10 11:00:38', '2015-08-12 13:24:45'),
	(475, 29, 'Klenia', 18.47, '11:16:02', '2015-08-10 11:00:39', '2015-08-12 13:24:45'),
	(476, 29, 'Nea Kineta', 22.31, '11:15:43', '2015-08-10 11:00:39', '2015-08-12 13:24:45'),
	(477, 29, 'Loutraki', 16.11, '11:12:29', '2015-08-10 11:00:39', '2015-08-12 13:24:45'),
	(478, 29, 'Klenia 2', 18.30, '11:14:04', '2015-08-10 11:00:39', '2015-08-12 13:24:45'),
	(479, 29, 'Nea Kineta 2', 22.72, '11:17:11', '2015-08-10 11:00:39', '2015-08-12 13:24:45'),
	(480, 29, 'Loutraki 2', 16.79, '11:14:18', '2015-08-10 11:00:39', '2015-08-12 13:24:45'),
	(481, 29, 'Klenia 3', 18.18, '11:12:56', '2015-08-10 11:00:39', '2015-08-12 13:24:45'),
	(482, 29, 'Nea Kineta 3', 22.36, '11:16:40', '2015-08-10 11:00:39', '2015-08-12 13:24:45'),
	(483, 29, 'Loutraki 3', 16.16, '11:13:10', '2015-08-10 11:00:39', '2015-08-12 13:24:45'),
	(486, 30, 'Leukerbad', 8.11, '11:09:49', '2015-08-10 11:04:16', '2015-08-12 13:24:45'),
	(487, 30, 'Crans - Montana', 11.50, '11:13:45', '2015-08-10 11:04:17', '2015-08-12 13:24:45'),
	(488, 30, 'Anzere', 12.81, '11:12:20', '2015-08-10 11:04:17', '2015-08-12 13:24:45'),
	(489, 30, 'Sierre - Anniviers', 14.79, '11:15:08', '2015-08-10 11:04:17', '2015-08-12 13:24:45'),
	(490, 30, 'Veysonnaz', 13.83, '11:12:24', '2015-08-10 11:04:17', '2015-08-12 13:24:45'),
	(491, 30, 'Nendaz', 12.14, '11:12:18', '2015-08-10 11:04:17', '2015-08-12 13:24:45'),
	(492, 30, 'Caserne', 6.40, '11:08:40', '2015-08-10 11:04:17', '2015-08-12 13:24:45'),
	(493, 30, 'Sierre - Anniviers 2', 14.56, '11:14:45', '2015-08-10 11:04:17', '2015-08-12 13:24:45'),
	(494, 30, 'Veysonnaz 2', 13.55, '11:15:03', '2015-08-10 11:04:17', '2015-08-12 13:24:45'),
	(495, 30, 'Nendaz 2', 12.43, '11:13:10', '2015-08-10 11:04:17', '2015-08-12 13:24:45'),
	(496, 30, 'Caserne 2', 6.11, '11:08:59', '2015-08-10 11:04:17', '2015-08-12 13:24:45'),
	(497, 30, 'Champex - Lac', 16.58, '11:16:53', '2015-08-10 11:04:17', '2015-08-12 13:24:45'),
	(498, 30, 'Bruson', 10.94, '11:11:07', '2015-08-10 11:04:17', '2015-08-12 13:24:45'),
	(499, 30, 'Verbier', 15.44, '11:15:30', '2015-08-10 11:04:17', '2015-08-12 13:24:45'),
	(500, 30, 'Les Cols', 32.47, '11:27:34', '2015-08-10 11:04:17', '2015-08-12 13:24:45'),
	(501, 30, 'Champex - Lac 2', 16.57, '11:15:25', '2015-08-10 11:04:18', '2015-08-12 13:24:45'),
	(502, 30, 'Bruson 2', 10.51, '11:10:33', '2015-08-10 11:04:18', '2015-08-12 13:24:45'),
	(503, 31, 'Jodlowka', 18.59, '11:26:10', '2015-08-10 11:11:05', '2015-08-12 13:24:45'),
	(504, 31, 'Hucisko', 12.67, '11:20:35', '2015-08-10 11:11:05', '2015-08-12 13:24:45'),
	(505, 31, 'Jodlowka 2', 18.75, '11:25:33', '2015-08-10 11:11:05', '2015-08-12 13:24:45'),
	(506, 31, 'Hucisko 2', 12.91, '11:19:14', '2015-08-10 11:11:05', '2015-08-12 13:24:45'),
	(507, 31, 'Przemysl', 9.84, '11:18:13', '2015-08-10 11:11:05', '2015-08-12 13:24:45'),
	(508, 31, 'Przemysl 2', 9.34, '11:17:53', '2015-08-10 11:11:05', '2015-08-12 13:24:45'),
	(509, 31, 'Leszczawka', 9.85, '11:17:32', '2015-08-10 11:11:05', '2015-08-12 13:24:45'),
	(510, 31, 'Huta Brzuska', 8.65, '11:16:11', '2015-08-10 11:11:05', '2015-08-12 13:24:45'),
	(511, 31, 'Bircza', 15.73, '11:23:54', '2015-08-10 11:11:05', '2015-08-12 13:24:45'),
	(512, 31, 'Leszczawka 2', 9.46, '11:17:34', '2015-08-10 11:11:06', '2015-08-12 13:24:45'),
	(513, 31, 'Huta Brzuska 2', 8.18, '11:18:02', '2015-08-10 11:11:06', '2015-08-12 13:24:45'),
	(514, 31, 'Bircza 2', 15.50, '11:23:44', '2015-08-10 11:11:06', '2015-08-12 13:24:45'),
	(515, 31, 'Leszczawka 3', 9.23, '11:17:16', '2015-08-10 11:11:06', '2015-08-12 13:24:45'),
	(516, 31, 'Huta Brzuska 3', 8.68, '11:16:23', '2015-08-10 11:11:06', '2015-08-12 13:24:45'),
	(517, 31, 'Bircza 3', 15.28, '11:23:15', '2015-08-10 11:11:06', '2015-08-12 13:24:45'),
	(520, 32, 'Klodzko', 2.76, '11:15:37', '2015-08-10 11:14:37', '2015-08-12 13:24:45'),
	(521, 32, 'Klodzko 2', 2.65, '11:15:38', '2015-08-10 11:14:38', '2015-08-12 13:24:45'),
	(522, 32, 'Domaszkow', 23.16, '11:29:54', '2015-08-10 11:14:38', '2015-08-12 13:24:45'),
	(523, 32, 'Wilkanow', 17.45, '11:27:46', '2015-08-10 11:14:38', '2015-08-12 13:24:45'),
	(524, 32, 'Domaszkow 2', 23.39, '11:31:10', '2015-08-10 11:14:38', '2015-08-12 13:24:45'),
	(525, 32, 'Wilkanow 2', 17.16, '11:27:34', '2015-08-10 11:14:38', '2015-08-12 13:24:45'),
	(526, 32, 'Staropolanka', 14.36, '11:25:21', '2015-08-10 11:14:38', '2015-08-12 13:24:45'),
	(527, 32, 'BGK', 14.44, '11:24:06', '2015-08-10 11:14:38', '2015-08-12 13:24:45'),
	(528, 32, 'Radkowska Perla', 9.61, '11:20:52', '2015-08-10 11:14:38', '2015-08-12 13:24:45'),
	(529, 32, 'Staropolanka 2', 14.10, '11:25:35', '2015-08-10 11:14:38', '2015-08-12 13:24:45'),
	(530, 32, 'BGK 2', 14.45, '11:26:06', '2015-08-10 11:14:38', '2015-08-12 13:24:45'),
	(531, 32, 'Radkowska Perla 2', 9.43, '11:21:21', '2015-08-10 11:14:38', '2015-08-12 13:24:45'),
	(532, 32, 'Staropolanka 3', 14.37, '11:26:25', '2015-08-10 11:14:38', '2015-08-12 13:24:45'),
	(533, 32, 'BGK 3', 14.43, '11:26:12', '2015-08-10 11:14:38', '2015-08-12 13:24:45'),
	(534, 32, 'Radkowska Perla 3', 9.96, '11:20:50', '2015-08-10 11:14:38', '2015-08-12 13:24:45'),
	(537, 33, 'Zabobrze', 2.19, '11:22:17', '2015-08-10 11:21:17', '2015-08-12 13:24:45'),
	(538, 33, 'Zabobrze 2', 2.87, '11:22:17', '2015-08-10 11:21:17', '2015-08-12 13:24:45'),
	(539, 33, 'Karpniki', 14.68, '11:33:14', '2015-08-10 11:21:17', '2015-08-12 13:24:45'),
	(540, 33, 'Gajowka', 12.19, '11:29:25', '2015-08-10 11:21:17', '2015-08-12 13:24:45'),
	(541, 33, 'Lubomierz', 12.80, '11:30:26', '2015-08-10 11:21:17', '2015-08-12 13:24:45'),
	(542, 33, 'Karpniki 2', 14.19, '11:31:41', '2015-08-10 11:21:17', '2015-08-12 13:24:45'),
	(543, 33, 'Gajowka 2', 12.81, '11:30:57', '2015-08-10 11:21:17', '2015-08-12 13:24:45'),
	(544, 33, 'Lubomierz 2', 12.46, '11:31:33', '2015-08-10 11:21:17', '2015-08-12 13:24:45'),
	(545, 33, 'Karpacz', 19.22, '11:38:03', '2015-08-10 11:21:17', '2015-08-12 13:24:45'),
	(546, 33, 'Czernica', 27.43, '11:42:34', '2015-08-10 11:21:18', '2015-08-12 13:24:45'),
	(547, 33, 'Karpacz 2', 19.34, '11:34:09', '2015-08-10 11:21:18', '2015-08-12 13:24:45'),
	(548, 33, 'Czernica 2', 27.96, '11:42:06', '2015-08-10 11:21:18', '2015-08-12 13:24:45'),
	(549, 33, 'Karpacz 3', 19.43, '11:37:05', '2015-08-10 11:21:18', '2015-08-12 13:24:45'),
	(550, 33, 'Czernica 3', 27.54, '11:43:47', '2015-08-10 11:21:18', '2015-08-12 13:24:45'),
	(554, 34, 'Lebno', 14.16, '11:36:02', '2015-08-10 11:25:24', '2015-08-12 13:24:45'),
	(555, 34, 'Ketrzyno', 8.43, '11:32:02', '2015-08-10 11:25:24', '2015-08-12 13:24:45'),
	(556, 34, 'Linia', 14.30, '11:34:43', '2015-08-10 11:25:24', '2015-08-12 13:24:45'),
	(557, 34, 'Lebno 2', 14.85, '11:36:25', '2015-08-10 11:25:24', '2015-08-12 13:24:45'),
	(558, 34, 'Ketrzyno 2', 8.68, '11:30:31', '2015-08-10 11:25:24', '2015-08-12 13:24:45'),
	(559, 34, 'Linia 2', 14.75, '11:36:43', '2015-08-10 11:25:24', '2015-08-12 13:24:45'),
	(560, 34, 'Lebno 3', 14.90, '11:37:03', '2015-08-10 11:25:24', '2015-08-12 13:24:45'),
	(561, 34, 'Ketrzyno 3', 8.30, '11:31:35', '2015-08-10 11:25:25', '2015-08-12 13:24:45'),
	(562, 34, 'Linia 3', 14.97, '11:36:46', '2015-08-10 11:25:25', '2015-08-12 13:24:45'),
	(563, 34, 'Przodkowo', 11.65, '11:32:42', '2015-08-10 11:25:25', '2015-08-12 13:24:45'),
	(564, 34, 'Kartuzy', 12.20, '11:33:50', '2015-08-10 11:25:25', '2015-08-12 13:24:45'),
	(565, 34, 'Szemud', 13.11, '11:37:24', '2015-08-10 11:25:25', '2015-08-12 13:24:45'),
	(566, 34, 'Przodkowo 2', 11.56, '11:33:33', '2015-08-10 11:25:25', '2015-08-12 13:24:45'),
	(567, 34, 'Kartuzy 2', 12.22, '11:35:10', '2015-08-10 11:25:25', '2015-08-12 13:24:45'),
	(568, 34, 'Szemud 2', 13.18, '11:34:30', '2015-08-10 11:25:25', '2015-08-12 13:24:45'),
	(571, 35, 'Blizianka', 11.13, '11:37:47', '2015-08-10 11:27:51', '2015-08-12 13:24:45'),
	(572, 35, 'Lubenia', 25.31, '11:44:53', '2015-08-10 11:27:51', '2015-08-12 13:24:45'),
	(573, 35, 'Blizianka 2', 11.89, '11:37:27', '2015-08-10 11:27:51', '2015-08-12 13:24:45'),
	(574, 35, 'Lubenia 2', 25.60, '11:48:23', '2015-08-10 11:27:51', '2015-08-12 13:24:45'),
	(575, 35, 'Nowy Swiat', 4.68, '11:30:44', '2015-08-10 11:27:51', '2015-08-12 13:24:45'),
	(576, 35, 'Blizianka 3', 11.65, '11:37:20', '2015-08-10 11:27:51', '2015-08-12 13:24:45'),
	(577, 35, 'Lubenia 3', 25.94, '11:45:28', '2015-08-10 11:27:51', '2015-08-12 13:24:45'),
	(578, 35, 'Husow', 12.75, '11:38:41', '2015-08-10 11:27:51', '2015-08-12 13:24:45'),
	(579, 35, 'Widaczow', 10.72, '11:34:53', '2015-08-10 11:27:51', '2015-08-12 13:24:45'),
	(580, 35, 'Izdebki', 15.66, '11:39:15', '2015-08-10 11:27:51', '2015-08-12 13:24:45'),
	(581, 35, 'Husow 2', 12.92, '11:37:50', '2015-08-10 11:27:52', '2015-08-12 13:24:45'),
	(582, 35, 'Widaczow 2', 10.37, '11:35:04', '2015-08-10 11:27:52', '2015-08-12 13:24:45'),
	(583, 35, 'Izdebki 2', 15.54, '11:39:23', '2015-08-10 11:27:52', '2015-08-12 13:24:45'),
	(584, 35, 'Husow 3', 12.74, '11:36:33', '2015-08-10 11:27:52', '2015-08-12 13:24:45'),
	(585, 35, 'Widaczow 3', 10.90, '11:35:46', '2015-08-10 11:27:52', '2015-08-12 13:24:45'),
	(586, 35, 'Izdebki 3', 15.57, '11:40:40', '2015-08-10 11:27:52', '2015-08-12 13:24:45'),
	(588, 36, 'Rosciszow', 8.93, '11:41:27', '2015-08-10 11:35:54', '2015-08-12 13:24:45'),
	(589, 36, 'Swierki', 8.88, '11:41:41', '2015-08-10 11:35:55', '2015-08-12 13:24:45'),
	(590, 36, 'Milkow', 12.53, '11:44:14', '2015-08-10 11:35:55', '2015-08-12 13:24:45'),
	(591, 36, 'Rosciszow 2', 8.20, '11:42:21', '2015-08-10 11:35:55', '2015-08-12 13:24:45'),
	(592, 36, 'Swierki 2', 8.37, '11:41:37', '2015-08-10 11:35:55', '2015-08-12 13:24:45'),
	(593, 36, 'Milkow 2', 12.60, '11:45:52', '2015-08-10 11:35:55', '2015-08-12 13:24:45'),
	(594, 36, 'Rosciszow 3', 8.77, '11:42:34', '2015-08-10 11:35:55', '2015-08-12 13:24:45'),
	(595, 36, 'Swierki 3', 8.34, '11:41:05', '2015-08-10 11:35:55', '2015-08-12 13:24:45'),
	(596, 36, 'Milkow 3', 12.54, '11:45:04', '2015-08-10 11:35:55', '2015-08-12 13:24:45'),
	(597, 36, 'Michalkowa', 14.77, '11:45:13', '2015-08-10 11:35:55', '2015-08-12 13:24:45'),
	(598, 36, 'Woliborz', 8.38, '11:41:37', '2015-08-10 11:35:55', '2015-08-12 13:24:45'),
	(599, 36, 'Milkow Reverse', 12.74, '11:44:55', '2015-08-10 11:35:55', '2015-08-12 13:24:45'),
	(600, 36, 'Michalkowa 2', 14.84, '11:45:40', '2015-08-10 11:35:55', '2015-08-12 13:24:45'),
	(601, 36, 'Woliborz 2', 8.90, '11:41:32', '2015-08-10 11:35:55', '2015-08-12 13:24:45'),
	(602, 36, 'Milkow Reverse 2', 12.32, '11:45:47', '2015-08-10 11:35:56', '2015-08-12 13:24:45'),
	(605, 37, 'Hunter Southern', 6.71, '12:03:22', '2015-08-10 11:58:58', '2015-08-12 13:24:45'),
	(606, 37, 'Hunter Southern 2', 6.23, '12:03:04', '2015-08-10 11:58:58', '2015-08-12 13:24:45'),
	(607, 37, 'Harold', 6.98, '12:03:55', '2015-08-10 11:58:58', '2015-08-12 13:24:45'),
	(608, 37, 'Harold 2', 6.25, '12:03:31', '2015-08-10 11:58:58', '2015-08-12 13:24:45'),
	(609, 37, 'Hunter Southern 3', 6.89, '12:03:28', '2015-08-10 11:58:58', '2015-08-12 13:24:45'),
	(610, 37, 'Harold 3', 6.82, '12:03:39', '2015-08-10 11:58:58', '2015-08-12 13:24:45'),
	(611, 37, 'Harold 4', 6.52, '12:03:58', '2015-08-10 11:58:58', '2015-08-12 13:24:45'),
	(612, 37, 'Hunter Northern', 8.24, '12:04:13', '2015-08-10 11:58:58', '2015-08-12 13:24:45'),
	(613, 37, 'Hunter Northern Reverse', 8.58, '12:05:51', '2015-08-10 11:58:58', '2015-08-12 13:24:45'),
	(614, 37, 'Hunter Southern Reverse', 6.68, '12:03:08', '2015-08-10 11:58:58', '2015-08-12 13:24:45'),
	(615, 37, 'Hunter Southern 4', 6.40, '12:03:55', '2015-08-10 11:58:58', '2015-08-12 13:24:45'),
	(616, 37, 'Hunter Northern 2', 8.82, '12:05:18', '2015-08-10 11:58:58', '2015-08-12 13:24:45'),
	(617, 37, 'Hunter Northern Reverse 2', 8.41, '12:05:10', '2015-08-10 11:58:58', '2015-08-12 13:24:45'),
	(618, 37, 'Hunter Southern Reverse 2', 6.10, '12:03:57', '2015-08-10 11:58:59', '2015-08-12 13:24:45'),
	(622, 38, 'Kabardinka', 13.13, '12:09:35', '2015-08-10 12:01:23', '2015-08-12 13:24:45'),
	(623, 38, 'Glebovskiy', 25.28, '12:19:20', '2015-08-10 12:01:23', '2015-08-12 13:24:45'),
	(624, 38, 'Markoth', 9.60, '12:08:04', '2015-08-10 12:01:23', '2015-08-12 13:24:45'),
	(625, 38, 'Golubaya Buhta', 12.75, '12:10:46', '2015-08-10 12:01:23', '2015-08-12 13:24:45'),
	(626, 38, 'Kabardinka 2', 13.60, '12:13:06', '2015-08-10 12:01:23', '2015-08-12 13:24:45'),
	(627, 38, 'Glebovskiy 2', 25.96, '12:24:06', '2015-08-10 12:01:23', '2015-08-12 13:24:45'),
	(628, 38, 'Markoth 2', 9.88, '12:08:31', '2015-08-10 12:01:23', '2015-08-12 13:24:45'),
	(629, 38, 'Golubaya Buhta 2', 12.23, '12:09:39', '2015-08-10 12:01:23', '2015-08-12 13:24:45'),
	(630, 38, 'Gorniy', 9.41, '12:08:16', '2015-08-10 12:01:23', '2015-08-12 13:24:45'),
	(631, 38, 'Semigorskiy', 13.23, '12:12:32', '2015-08-10 12:01:23', '2015-08-12 13:24:45'),
	(632, 38, 'Natukhaevskiy', 12.56, '12:10:01', '2015-08-10 12:01:23', '2015-08-12 13:24:45'),
	(633, 38, 'Fort Raevskogo', 10.22, '12:09:54', '2015-08-10 12:01:23', '2015-08-12 13:24:45'),
	(634, 38, 'Gorniy 2', 9.45, '12:08:52', '2015-08-10 12:01:23', '2015-08-12 13:24:45'),
	(635, 38, 'Semigorskiy 2', 13.44, '12:12:55', '2015-08-10 12:01:24', '2015-08-12 13:24:45'),
	(636, 38, 'Natukhaevskiy 2', 12.28, '12:11:42', '2015-08-10 12:01:24', '2015-08-12 13:24:45'),
	(637, 38, 'Fort Raevskogo 2', 10.11, '12:07:45', '2015-08-10 12:01:24', '2015-08-12 13:24:45'),
	(639, 39, 'Lillsjohogen', 33.23, '12:29:59', '2015-08-10 12:04:32', '2015-08-12 13:24:45'),
	(640, 39, 'Campus', 2.77, '12:05:32', '2015-08-10 12:04:32', '2015-08-12 13:24:45'),
	(641, 39, 'Lillsjohogen 2', 33.23, '12:29:26', '2015-08-10 12:04:32', '2015-08-12 13:24:45'),
	(642, 39, 'Campus 2', 2.67, '12:05:32', '2015-08-10 12:04:32', '2015-08-12 13:24:45'),
	(643, 39, 'Vaster-Kalen', 7.63, '12:10:06', '2015-08-10 12:04:33', '2015-08-12 13:24:45'),
	(644, 39, 'Glosa', 5.85, '12:07:56', '2015-08-10 12:04:33', '2015-08-12 13:24:45'),
	(645, 39, 'Gallsaberget', 29.17, '12:30:29', '2015-08-10 12:04:33', '2015-08-12 13:24:45'),
	(646, 39, 'Bolesbodarna', 12.40, '12:14:39', '2015-08-10 12:04:33', '2015-08-12 13:24:45'),
	(647, 39, 'Sjoarsjon', 12.27, '12:13:01', '2015-08-10 12:04:33', '2015-08-12 13:24:45'),
	(648, 39, 'Husas', 21.77, '12:20:46', '2015-08-10 12:04:33', '2015-08-12 13:24:45'),
	(649, 39, 'Vaster-Kalen 2', 7.29, '12:09:09', '2015-08-10 12:04:33', '2015-08-12 13:24:45'),
	(650, 39, 'Glosa 2', 5.97, '12:08:09', '2015-08-10 12:04:33', '2015-08-12 13:24:45'),
	(651, 39, 'Gallsaberget 2', 29.92, '12:27:14', '2015-08-10 12:04:34', '2015-08-12 13:24:45'),
	(652, 39, 'Bolesbodarna 2', 12.15, '12:14:34', '2015-08-10 12:04:34', '2015-08-12 13:24:45'),
	(653, 39, 'Sjoarsjon', 12.34, '12:14:09', '2015-08-10 12:04:34', '2015-08-12 13:24:45'),
	(654, 39, 'Husas', 21.89, '12:22:49', '2015-08-10 12:04:34', '2015-08-12 13:24:45'),
	(656, 40, 'Fjeldsdalen Vest', 3.31, '12:16:12', '2015-08-10 12:14:12', '2015-08-12 13:24:45'),
	(657, 40, 'Naddum', 6.89, '12:18:46', '2015-08-10 12:14:12', '2015-08-12 13:24:45'),
	(658, 40, 'Hellesjovannet', 4.52, '12:17:00', '2015-08-10 12:14:12', '2015-08-12 13:24:45'),
	(659, 40, 'Fjeldsdalen Vest 2', 3.90, '12:16:13', '2015-08-10 12:14:13', '2015-08-12 13:24:45'),
	(660, 40, 'Naddum 2', 6.19, '12:18:49', '2015-08-10 12:14:13', '2015-08-12 13:24:45'),
	(661, 40, 'Hellesjovannet 2', 4.83, '12:16:48', '2015-08-10 12:14:13', '2015-08-12 13:24:45'),
	(662, 40, 'Bjorkelangen Torg', 0.56, '12:14:13', '2015-08-10 12:14:13', '2015-08-12 13:24:45'),
	(663, 40, 'Oisjoen Nord', 13.43, '12:26:00', '2015-08-10 12:14:13', '2015-08-12 13:24:45'),
	(664, 40, 'Romsjoen Nord', 13.11, '12:24:17', '2015-08-10 12:14:13', '2015-08-12 13:24:45'),
	(665, 40, 'Kjolen Syd', 13.93, '12:22:59', '2015-08-10 12:14:13', '2015-08-12 13:24:45'),
	(666, 40, 'Bjorkelangen Torg 2', 0.67, '12:14:13', '2015-08-10 12:14:13', '2015-08-12 13:24:45'),
	(667, 40, 'Romsjoen Nord 2', 13.24, '12:24:06', '2015-08-10 12:14:13', '2015-08-12 13:24:45'),
	(668, 40, 'Kjolen Syd 2', 13.92, '12:25:46', '2015-08-10 12:14:13', '2015-08-12 13:24:45'),
	(669, 40, 'Oisjoen Nord 2', 13.85, '12:25:00', '2015-08-10 12:14:13', '2015-08-12 13:24:45'),
	(673, 41, 'Arstadveien', 3.60, '12:18:40', '2015-08-10 12:16:40', '2015-08-12 13:24:45'),
	(674, 41, 'Stavasen', 17.62, '12:29:09', '2015-08-10 12:16:40', '2015-08-12 13:24:45'),
	(675, 41, 'Arstadveien 2', 3.35, '12:18:40', '2015-08-10 12:16:40', '2015-08-12 13:24:45'),
	(676, 41, 'Stavasen 2', 17.65, '12:30:09', '2015-08-10 12:16:40', '2015-08-12 13:24:45'),
	(677, 41, 'Starmoen', 3.54, '12:18:40', '2015-08-10 12:16:40', '2015-08-12 13:24:45'),
	(678, 41, 'Rolsasen', 28.55, '12:37:52', '2015-08-10 12:16:40', '2015-08-12 13:24:45'),
	(679, 41, 'Agasen', 19.18, '12:29:22', '2015-08-10 12:16:40', '2015-08-12 13:24:45'),
	(680, 41, 'Starmoen 2', 3.89, '12:18:40', '2015-08-10 12:16:40', '2015-08-12 13:24:45'),
	(681, 41, 'Rolsasen 2', 28.24, '12:35:33', '2015-08-10 12:16:40', '2015-08-12 13:24:45'),
	(682, 41, 'Agasen 2', 19.32, '12:30:14', '2015-08-10 12:16:40', '2015-08-12 13:24:45'),
	(683, 41, 'Terningen', 2.81, '12:17:40', '2015-08-10 12:16:40', '2015-08-12 13:24:45'),
	(684, 41, 'Terningen 2', 2.73, '12:17:41', '2015-08-10 12:16:41', '2015-08-12 13:24:45'),
	(685, 41, 'Starmoen Reverse', 3.80, '12:18:41', '2015-08-10 12:16:41', '2015-08-12 13:24:45'),
	(686, 41, 'Rolsasen Reverse', 28.71, '12:36:43', '2015-08-10 12:16:41', '2015-08-12 13:24:45'),
	(687, 41, 'Agasen Reverse', 19.44, '12:33:24', '2015-08-10 12:16:41', '2015-08-12 13:24:45'),
	(690, 42, 'Lovbrotte', 5.72, '12:22:19', '2015-08-10 12:19:14', '2015-08-12 13:24:45'),
	(691, 42, 'Astjern', 6.16, '12:24:01', '2015-08-10 12:19:14', '2015-08-12 13:24:45'),
	(692, 42, 'Helgedalen', 6.21, '12:23:33', '2015-08-10 12:19:14', '2015-08-12 13:24:45'),
	(693, 42, 'Lovbrotte Reverse', 5.37, '12:22:48', '2015-08-10 12:19:14', '2015-08-12 13:24:45'),
	(694, 42, 'Astjern Reverse', 6.95, '12:23:56', '2015-08-10 12:19:14', '2015-08-12 13:24:45'),
	(695, 42, 'Helgedalen Reverse', 6.32, '12:23:38', '2015-08-10 12:19:14', '2015-08-12 13:24:45'),
	(696, 42, 'Super Special Stage', 1.50, '12:19:15', '2015-08-10 12:19:15', '2015-08-12 13:24:45'),
	(697, 42, 'Super Special Stage 2', 1.58, '12:19:15', '2015-08-10 12:19:15', '2015-08-12 13:24:45'),
	(698, 42, 'Lovbrotte 2', 5.13, '12:22:56', '2015-08-10 12:19:15', '2015-08-12 13:24:45'),
	(699, 42, 'Astjern 2', 6.12, '12:23:28', '2015-08-10 12:19:15', '2015-08-12 13:24:45'),
	(700, 42, 'Helgedalen 2', 6.97, '12:24:00', '2015-08-10 12:19:15', '2015-08-12 13:24:45'),
	(701, 42, 'Lovbrotte Reverse 2', 5.59, '12:22:46', '2015-08-10 12:19:15', '2015-08-12 13:24:45'),
	(702, 42, 'Astjern Reverse 2', 6.17, '12:23:39', '2015-08-10 12:19:15', '2015-08-12 13:24:45'),
	(703, 42, 'Helgedalen Reverse 2', 6.67, '12:23:51', '2015-08-10 12:19:15', '2015-08-12 13:24:45'),
	(707, 43, 'Ringsaker', 8.59, '12:50:38', '2015-08-10 12:45:01', '2015-08-12 13:24:45'),
	(708, 43, 'Mauset', 5.38, '12:48:19', '2015-08-10 12:45:01', '2015-08-12 13:24:45'),
	(709, 43, 'Vangsasen', 7.69, '12:50:07', '2015-08-10 12:45:01', '2015-08-12 13:24:45'),
	(710, 43, 'Vennkvern', 1.81, '12:45:01', '2015-08-10 12:45:01', '2015-08-12 13:24:45'),
	(711, 43, 'Stange', 4.57, '12:47:54', '2015-08-10 12:45:01', '2015-08-12 13:24:45'),
	(712, 43, 'Ekeberg', 10.36, '12:52:23', '2015-08-10 12:45:02', '2015-08-12 13:24:45'),
	(713, 43, 'Brenna', 14.87, '12:56:29', '2015-08-10 12:45:02', '2015-08-12 13:24:45'),
	(714, 43, 'Vennkvern 2', 1.74, '12:45:02', '2015-08-10 12:45:02', '2015-08-12 13:24:45'),
	(715, 43, 'Ringsaker 2', 8.76, '12:50:39', '2015-08-10 12:45:02', '2015-08-12 13:24:45'),
	(716, 43, 'Mauset 2', 5.51, '12:48:13', '2015-08-10 12:45:02', '2015-08-12 13:24:45'),
	(717, 43, 'Vangsasen 2', 7.36, '12:50:22', '2015-08-10 12:45:02', '2015-08-12 13:24:45'),
	(718, 43, 'Stange 2', 4.20, '12:47:34', '2015-08-10 12:45:02', '2015-08-12 13:24:45'),
	(719, 43, 'Ekeberg 2', 10.58, '12:51:32', '2015-08-10 12:45:02', '2015-08-12 13:24:45'),
	(720, 43, 'Brenna 2', 14.34, '12:56:18', '2015-08-10 12:45:02', '2015-08-12 13:24:45'),
	(724, 44, 'Gjesthusvegen', 3.14, '12:58:06', '2015-08-10 12:56:06', '2015-08-12 13:24:45'),
	(725, 44, 'Gronli', 11.29, '13:05:08', '2015-08-10 12:56:06', '2015-08-12 13:24:45'),
	(726, 44, 'Lauvset', 16.78, '13:08:36', '2015-08-10 12:56:06', '2015-08-12 13:24:45'),
	(727, 44, 'Ridalen', 26.74, '13:18:42', '2015-08-10 12:56:06', '2015-08-12 13:24:45'),
	(728, 44, 'Oset', 16.73, '13:09:00', '2015-08-10 12:56:06', '2015-08-12 13:24:45'),
	(729, 44, 'Gronli Reverse', 11.76, '13:04:06', '2015-08-10 12:56:06', '2015-08-12 13:24:45'),
	(730, 44, 'Gjesthusvegen 2', 3.78, '12:58:06', '2015-08-10 12:56:06', '2015-08-12 13:24:45'),
	(731, 44, 'Gronli 2', 11.32, '13:05:28', '2015-08-10 12:56:06', '2015-08-12 13:24:45'),
	(732, 44, 'Fjellstue', 9.44, '13:03:26', '2015-08-10 12:56:06', '2015-08-12 13:24:45'),
	(733, 44, 'Oset 2', 16.91, '13:07:02', '2015-08-10 12:56:07', '2015-08-12 13:24:45'),
	(734, 44, 'Fjellstue 2', 9.43, '13:03:11', '2015-08-10 12:56:07', '2015-08-12 13:24:45'),
	(735, 44, 'Fjellstue Reverse', 9.85, '13:02:27', '2015-08-10 12:56:07', '2015-08-12 13:24:45'),
	(736, 44, 'Gronli Reverse 2', 11.68, '13:03:23', '2015-08-10 12:56:07', '2015-08-12 13:24:45'),
	(737, 44, 'Lauvset 2', 16.47, '13:09:47', '2015-08-10 12:56:07', '2015-08-12 13:24:45'),
	(741, 45, 'Oslo', 1.95, '13:00:49', '2015-08-10 13:00:49', '2015-08-12 13:24:45'),
	(742, 45, 'Opaker', 14.96, '13:10:25', '2015-08-10 13:00:49', '2015-08-12 13:24:45'),
	(743, 45, 'Kirkenaer', 8.64, '13:07:46', '2015-08-10 13:00:49', '2015-08-12 13:24:45'),
	(744, 45, 'Finnskogen', 20.56, '13:17:40', '2015-08-10 13:00:49', '2015-08-12 13:24:45'),
	(745, 45, 'Kongsvinger', 13.38, '13:10:43', '2015-08-10 13:00:49', '2015-08-12 13:24:45'),
	(746, 45, 'Opaker 2', 14.62, '13:10:39', '2015-08-10 13:00:49', '2015-08-12 13:24:45'),
	(747, 45, 'Finnskogen 2', 20.87, '13:16:10', '2015-08-10 13:00:49', '2015-08-12 13:24:45'),
	(748, 45, 'Kongsvinger 2', 13.91, '13:10:35', '2015-08-10 13:00:49', '2015-08-12 13:24:45'),
	(749, 45, 'Kirkenaer 2', 8.85, '13:06:19', '2015-08-10 13:00:49', '2015-08-12 13:24:45'),
	(750, 45, 'Mountain', 24.25, '13:21:48', '2015-08-10 13:00:49', '2015-08-12 13:24:45'),
	(751, 45, 'Lillehammer', 6.53, '13:05:50', '2015-08-10 13:00:50', '2015-08-12 13:24:45'),
	(752, 45, 'Ringsaker', 27.82, '13:20:01', '2015-08-10 13:00:50', '2015-08-12 13:24:45'),
	(753, 45, 'Hamar', 1.41, '13:00:50', '2015-08-10 13:00:50', '2015-08-12 13:24:45'),
	(754, 45, 'Mountain 2', 24.72, '13:17:35', '2015-08-10 13:00:50', '2015-08-12 13:24:45'),
	(755, 45, 'Lillehammer 2', 6.18, '13:05:03', '2015-08-10 13:00:50', '2015-08-12 13:24:45'),
	(756, 45, 'Ringsaker 2 ', 27.94, '13:20:31', '2015-08-10 13:00:50', '2015-08-12 13:24:45'),
	(757, 45, 'Hamar 2', 1.27, '13:00:50', '2015-08-10 13:00:50', '2015-08-12 13:24:45'),
	(758, 46, 'Dokkeberg', 6.66, '13:09:48', '2015-08-10 13:05:04', '2015-08-12 13:24:45'),
	(759, 46, 'Smadol', 23.78, '13:25:30', '2015-08-10 13:05:04', '2015-08-12 13:24:45'),
	(760, 46, 'Lesteberg', 9.57, '13:12:41', '2015-08-10 13:05:04', '2015-08-12 13:24:45'),
	(761, 46, 'Dokkeberg Reverse', 6.29, '13:09:22', '2015-08-10 13:05:04', '2015-08-12 13:24:45'),
	(762, 46, 'Bjerkeflata Nord', 9.93, '13:11:37', '2015-08-10 13:05:04', '2015-08-12 13:24:45'),
	(763, 46, 'Smadol Reverse', 23.18, '13:22:08', '2015-08-10 13:05:04', '2015-08-12 13:24:45'),
	(764, 46, 'Lesteberg Reverse', 9.35, '13:11:10', '2015-08-10 13:05:05', '2015-08-12 13:24:45'),
	(765, 46, 'Bjerkeflata Nord Reverse', 9.78, '13:12:41', '2015-08-10 13:05:05', '2015-08-12 13:24:45'),
	(766, 46, 'Dokkeberg 2', 6.16, '13:09:48', '2015-08-10 13:05:05', '2015-08-12 13:24:45'),
	(767, 46, 'Smadol 2', 23.26, '13:20:28', '2015-08-10 13:05:05', '2015-08-12 13:24:45'),
	(768, 46, 'Lesteberg 2', 9.48, '13:11:22', '2015-08-10 13:05:05', '2015-08-12 13:24:45'),
	(769, 46, 'Bjerkeflata Nord 2', 9.70, '13:12:16', '2015-08-10 13:05:05', '2015-08-12 13:24:45'),
	(770, 46, 'Dokkeberg 3', 6.11, '13:09:09', '2015-08-10 13:05:05', '2015-08-12 13:24:45'),
	(771, 46, 'Smadol 3', 23.66, '13:23:18', '2015-08-10 13:05:05', '2015-08-12 13:24:45'),
	(772, 46, 'Lesteberg 3', 9.71, '13:11:06', '2015-08-10 13:05:05', '2015-08-12 13:24:45'),
	(775, 47, 'Korsboen', 13.36, '13:27:58', '2015-08-10 13:16:42', '2015-08-12 13:24:45'),
	(776, 47, 'Malmveien', 6.32, '13:21:12', '2015-08-10 13:16:42', '2015-08-12 13:24:45'),
	(777, 47, 'Letmolia', 16.55, '13:26:47', '2015-08-10 13:16:42', '2015-08-12 13:24:45'),
	(778, 47, 'Krodsherad', 13.33, '13:25:00', '2015-08-10 13:16:42', '2015-08-12 13:24:45'),
	(779, 47, 'Bjoreskogen', 11.51, '13:24:36', '2015-08-10 13:16:42', '2015-08-12 13:24:45'),
	(780, 47, 'Nevra', 16.76, '13:27:24', '2015-08-10 13:16:42', '2015-08-12 13:24:45'),
	(781, 47, 'Nysaetra', 14.48, '13:25:45', '2015-08-10 13:16:42', '2015-08-12 13:24:45'),
	(782, 47, 'Malmveien 2', 6.89, '13:21:02', '2015-08-10 13:16:42', '2015-08-12 13:24:45'),
	(783, 47, 'Letmolia 2', 16.57, '13:28:59', '2015-08-10 13:16:42', '2015-08-12 13:24:45'),
	(784, 47, 'Krodsherad 2', 13.93, '13:27:19', '2015-08-10 13:16:42', '2015-08-12 13:24:45'),
	(785, 47, 'Bjoreskogen 2', 11.53, '13:24:39', '2015-08-10 13:16:43', '2015-08-12 13:24:45'),
	(786, 47, 'Korsboen 2', 13.79, '13:26:44', '2015-08-10 13:16:43', '2015-08-12 13:24:45'),
	(787, 47, 'Nevra 2', 16.40, '13:29:15', '2015-08-10 13:16:43', '2015-08-12 13:24:45'),
	(788, 47, 'Nysaetra 2', 14.83, '13:28:19', '2015-08-10 13:16:43', '2015-08-12 13:24:45'),
	(792, 48, 'Glubo', 5.33, '13:22:15', '2015-08-10 13:18:36', '2015-08-12 13:24:45'),
	(793, 48, 'Hetlandsheio', 9.68, '13:24:54', '2015-08-10 13:18:36', '2015-08-12 13:24:45'),
	(794, 48, 'Glubo 2', 5.30, '13:22:04', '2015-08-10 13:18:36', '2015-08-12 13:24:45'),
	(795, 48, 'Moi', 2.86, '13:19:36', '2015-08-10 13:18:36', '2015-08-12 13:24:45'),
	(796, 48, 'Jossingfjord', 19.86, '13:33:27', '2015-08-10 13:18:36', '2015-08-12 13:24:45'),
	(797, 48, 'Moi 2', 2.74, '13:19:36', '2015-08-10 13:18:36', '2015-08-12 13:24:45'),
	(798, 48, 'Rossland', 3.14, '13:20:36', '2015-08-10 13:18:36', '2015-08-12 13:24:45'),
	(799, 48, 'Nesvag', 9.10, '13:24:58', '2015-08-10 13:18:37', '2015-08-12 13:24:45'),
	(800, 48, 'Kjelland', 3.87, '13:20:37', '2015-08-10 13:18:37', '2015-08-12 13:24:45'),
	(801, 48, 'Rossland 2', 3.73, '13:20:37', '2015-08-10 13:18:37', '2015-08-12 13:24:45'),
	(802, 48, 'Nesvag 2', 9.22, '13:25:43', '2015-08-10 13:18:37', '2015-08-12 13:24:45'),
	(803, 48, 'Kjelland 2', 3.78, '13:20:37', '2015-08-10 13:18:37', '2015-08-12 13:24:45'),
	(804, 48, 'Jossingfjord 2', 19.43, '13:32:57', '2015-08-10 13:18:37', '2015-08-12 13:24:45'),
	(805, 48, 'Hetlandsheio', 9.85, '13:24:57', '2015-08-10 13:18:37', '2015-08-12 13:24:45'),
	(822, 49, 'Hoye 2', 9.41, '15:19:43', '2015-08-10 15:12:08', '2015-08-12 13:24:45'),
	(821, 49, 'Steinsland 2', 11.16, '15:19:34', '2015-08-10 15:12:08', '2015-08-12 13:24:45'),
	(820, 49, 'Gumpens 2', 19.98, '15:26:55', '2015-08-10 15:12:08', '2015-08-12 13:24:45'),
	(819, 49, 'Solas 2', 31.84, '15:36:35', '2015-08-10 15:12:08', '2015-08-12 13:24:45'),
	(818, 49, 'Jabekk 2', 4.11, '15:15:05', '2015-08-10 15:12:07', '2015-08-12 13:24:45'),
	(817, 49, 'Lindland', 25.47, '15:30:37', '2015-08-10 15:12:07', '2015-08-12 13:24:45'),
	(816, 49, 'Hoye', 9.80, '15:18:35', '2015-08-10 15:12:07', '2015-08-12 13:24:45'),
	(815, 49, 'Jabekk', 4.90, '15:15:04', '2015-08-10 15:12:07', '2015-08-12 13:24:45'),
	(814, 49, 'Steinsland', 11.98, '15:22:03', '2015-08-10 15:12:07', '2015-08-12 13:24:45'),
	(813, 49, 'Gumpens', 19.78, '15:25:08', '2015-08-10 15:12:07', '2015-08-12 13:24:45'),
	(812, 49, 'Solas', 31.44, '15:36:30', '2015-08-10 15:12:07', '2015-08-12 13:24:45'),
	(811, 49, 'Arstol', 17.77, '15:23:53', '2015-08-10 15:12:07', '2015-08-12 13:24:45'),
	(810, 49, 'Tranehoyda', 12.63, '15:22:38', '2015-08-10 15:12:07', '2015-08-12 13:24:45'),
	(809, 49, 'Skoieheia', 3.60, '15:14:07', '2015-08-10 15:12:07', '2015-08-12 13:24:45'),
	(840, 50, 'Arlifoss 3', 8.86, '15:28:13', '2015-08-10 15:21:50', '2015-08-12 13:24:45'),
	(839, 50, 'Liangrenna 3', 5.65, '15:25:10', '2015-08-10 15:21:50', '2015-08-12 13:24:45'),
	(838, 50, 'Klevarsida 3', 6.73, '15:26:41', '2015-08-10 15:21:50', '2015-08-12 13:24:45'),
	(837, 50, 'Darstul 3', 7.82, '15:26:42', '2015-08-10 15:21:50', '2015-08-12 13:24:45'),
	(836, 50, 'Elgsjo 3', 6.81, '15:26:46', '2015-08-10 15:21:50', '2015-08-12 13:24:45'),
	(835, 50, 'Arlifoss 2', 8.30, '15:27:05', '2015-08-10 15:21:50', '2015-08-12 13:24:45'),
	(834, 50, 'Liangrenna 2', 5.67, '15:25:50', '2015-08-10 15:21:50', '2015-08-12 13:24:45'),
	(833, 50, 'Arlifoss ', 8.95, '15:27:50', '2015-08-10 15:21:50', '2015-08-12 13:24:45'),
	(832, 50, 'Liangrenna', 5.38, '15:24:52', '2015-08-10 15:21:50', '2015-08-12 13:24:45'),
	(831, 50, 'Klevarsida 2', 6.80, '15:26:41', '2015-08-10 15:21:50', '2015-08-12 13:24:45'),
	(830, 50, 'Darstul 2', 7.33, '15:26:35', '2015-08-10 15:21:50', '2015-08-12 13:24:45'),
	(829, 50, 'Elgsjo 2', 6.97, '15:26:01', '2015-08-10 15:21:50', '2015-08-12 13:24:45'),
	(828, 50, 'Klevarsida', 6.99, '15:26:33', '2015-08-10 15:21:50', '2015-08-12 13:24:45'),
	(827, 50, 'Darstul', 7.10, '15:27:24', '2015-08-10 15:21:49', '2015-08-12 13:24:45'),
	(826, 50, 'Elgsjo', 6.90, '15:26:37', '2015-08-10 15:21:49', '2015-08-12 13:24:45'),
	(856, 51, 'Ristilampi', 49.39, '16:03:14', '2015-08-10 15:24:02', '2015-08-12 13:24:45'),
	(855, 51, 'Heinunkierto 2', 23.93, '15:42:40', '2015-08-10 15:24:02', '2015-08-12 13:24:45'),
	(854, 51, 'Sarriojarvi 2', 36.20, '15:54:30', '2015-08-10 15:24:02', '2015-08-12 13:24:45'),
	(853, 51, 'Hanhikoski 2', 32.45, '15:49:42', '2015-08-10 15:24:02', '2015-08-12 13:24:45'),
	(852, 51, 'Ristilampi', 49.10, '16:07:17', '2015-08-10 15:24:02', '2015-08-12 13:24:45'),
	(851, 51, 'Heinunkierto', 23.73, '15:40:00', '2015-08-10 15:24:02', '2015-08-12 13:24:45'),
	(850, 51, 'Mantyvaara 3', 3.85, '15:26:02', '2015-08-10 15:24:02', '2015-08-12 13:24:45'),
	(849, 51, 'Sarriojarvi', 36.19, '15:53:00', '2015-08-10 15:24:02', '2015-08-12 13:24:45'),
	(848, 51, 'Hanhikoski', 32.50, '15:52:25', '2015-08-10 15:24:02', '2015-08-12 13:24:45'),
	(847, 51, 'Mantyvaara 2', 3.49, '15:26:02', '2015-08-10 15:24:02', '2015-08-12 13:24:45'),
	(846, 51, 'Jyrhamajarvi', 29.44, '15:43:18', '2015-08-10 15:24:02', '2015-08-12 13:24:45'),
	(845, 51, 'Siikakama', 38.88, '15:58:27', '2015-08-10 15:24:02', '2015-08-12 13:24:45'),
	(844, 51, 'Aittajarvi', 24.68, '15:44:57', '2015-08-10 15:24:01', '2015-08-12 13:24:45'),
	(843, 51, 'Mantyvaara', 3.73, '15:26:01', '2015-08-10 15:24:01', '2015-08-12 13:24:45'),
	(875, 52, 'Dechantskirchen 3', 9.53, '15:37:38', '2015-08-10 15:30:11', '2015-08-12 13:24:45'),
	(874, 52, 'Sinnersdorf 3', 8.13, '15:36:44', '2015-08-10 15:30:11', '2015-08-12 13:24:45'),
	(873, 52, 'Rohrbach 3', 6.16, '15:34:20', '2015-08-10 15:30:11', '2015-08-12 13:24:45'),
	(872, 52, 'Pinggau 3', 12.63, '15:39:23', '2015-08-10 15:30:11', '2015-08-12 13:24:45'),
	(871, 52, 'Pinggau Lang 2', 32.40, '15:56:19', '2015-08-10 15:30:11', '2015-08-12 13:24:45'),
	(870, 52, 'Haideggendorf 2', 8.49, '15:36:15', '2015-08-10 15:30:11', '2015-08-12 13:24:45'),
	(869, 52, 'Pinggau Lang', 32.70, '15:58:30', '2015-08-10 15:30:11', '2015-08-12 13:24:45'),
	(868, 52, 'Haideggendorf', 8.74, '15:36:07', '2015-08-10 15:30:10', '2015-08-12 13:24:45'),
	(867, 52, 'Dechantskirchen 2', 9.70, '15:36:15', '2015-08-10 15:30:10', '2015-08-12 13:24:45'),
	(866, 52, 'Sinnersdorf 2', 8.48, '15:35:35', '2015-08-10 15:30:10', '2015-08-12 13:24:45'),
	(865, 52, 'Dechantskirchen', 9.93, '15:36:17', '2015-08-10 15:30:10', '2015-08-12 13:24:45'),
	(864, 52, 'Sinnersdorf', 8.23, '15:35:33', '2015-08-10 15:30:10', '2015-08-12 13:24:45'),
	(863, 52, 'Rohrbach 2', 6.74, '15:34:38', '2015-08-10 15:30:10', '2015-08-12 13:24:45'),
	(862, 52, 'Pinggau 2', 12.85, '15:41:10', '2015-08-10 15:30:10', '2015-08-12 13:24:45'),
	(861, 52, 'Rohrbach', 6.82, '15:34:41', '2015-08-10 15:30:10', '2015-08-12 13:24:45'),
	(860, 52, 'Pinggau', 12.55, '15:38:16', '2015-08-10 15:30:10', '2015-08-12 13:24:45'),
	(893, 53, 'Kendal 3', 6.25, '15:40:21', '2015-08-10 15:36:16', '2015-08-12 13:24:45'),
	(892, 53, 'Bushy Park 2', 5.12, '15:40:06', '2015-08-10 15:36:16', '2015-08-12 13:24:45'),
	(891, 53, 'Malvern 2', 6.79, '15:40:29', '2015-08-10 15:36:16', '2015-08-12 13:24:45'),
	(890, 53, 'Kendal 2', 6.87, '15:41:09', '2015-08-10 15:36:16', '2015-08-12 13:24:45'),
	(889, 53, 'Bushy Park', 5.34, '15:39:21', '2015-08-10 15:36:16', '2015-08-12 13:24:45'),
	(888, 53, 'Malvern', 6.84, '15:40:29', '2015-08-10 15:36:16', '2015-08-12 13:24:45'),
	(887, 53, 'Kendal', 6.82, '15:40:42', '2015-08-10 15:36:16', '2015-08-12 13:24:45'),
	(886, 53, 'Spring Vale 3', 5.83, '15:39:53', '2015-08-10 15:36:16', '2015-08-12 13:24:45'),
	(885, 53, 'Canefield 3', 6.75, '15:40:17', '2015-08-10 15:36:16', '2015-08-12 13:24:45'),
	(884, 53, 'Sailor Gully 3', 4.62, '15:38:37', '2015-08-10 15:36:15', '2015-08-12 13:24:45'),
	(883, 53, 'Spring Vale 2', 5.43, '15:39:25', '2015-08-10 15:36:15', '2015-08-12 13:24:45'),
	(882, 53, 'Canefield 2', 6.51, '15:40:58', '2015-08-10 15:36:15', '2015-08-12 13:24:45'),
	(881, 53, 'Sailor Gully 2', 4.78, '15:39:01', '2015-08-10 15:36:15', '2015-08-12 13:24:45'),
	(880, 53, 'Spring Vale ', 4.22, '15:38:30', '2015-08-10 15:36:15', '2015-08-12 13:24:45'),
	(879, 53, 'Canefield', 6.48, '15:40:41', '2015-08-10 15:36:15', '2015-08-12 13:24:45'),
	(878, 53, 'Sailor Gully', 4.45, '15:38:45', '2015-08-10 15:36:15', '2015-08-12 13:24:45'),
	(877, 53, 'Bushy Park', 1.18, '15:36:15', '2015-08-10 15:36:15', '2015-08-12 13:24:45'),
	(898, 54, 'Schuiferskapelle 2', 15.86, '15:49:03', '2015-08-10 15:38:49', '2015-08-12 13:24:45'),
	(897, 54, 'Poelberg', 7.50, '15:44:16', '2015-08-10 15:38:49', '2015-08-12 13:24:45'),
	(896, 54, 'Oosthoek', 8.74, '15:44:31', '2015-08-10 15:38:49', '2015-08-12 13:24:45'),
	(895, 54, 'Ondank', 9.93, '15:46:46', '2015-08-10 15:38:49', '2015-08-12 13:24:45'),
	(894, 54, 'Schuiferskapelle', 15.59, '15:50:09', '2015-08-10 15:38:49', '2015-08-12 13:24:45'),
	(899, 54, 'Ondank 2', 9.47, '15:45:43', '2015-08-10 15:38:49', '2015-08-12 13:24:45'),
	(900, 54, 'Oosthoek 2', 8.10, '15:44:17', '2015-08-10 15:38:50', '2015-08-12 13:24:45'),
	(901, 54, 'Poelberg 2', 7.10, '15:43:05', '2015-08-10 15:38:50', '2015-08-12 13:24:45'),
	(902, 54, 'Schuiferskapelle 3', 15.62, '15:50:28', '2015-08-10 15:38:50', '2015-08-12 13:24:45'),
	(903, 54, 'Ondank 3', 9.79, '15:46:35', '2015-08-10 15:38:50', '2015-08-12 13:24:45'),
	(904, 54, 'Oosthoek 3', 8.43, '15:44:56', '2015-08-10 15:38:50', '2015-08-12 13:24:45'),
	(905, 54, 'Poelberg 3', 7.57, '15:43:21', '2015-08-10 15:38:50', '2015-08-12 13:24:45'),
	(906, 54, 'Schuiferskapelle 4', 15.81, '15:48:53', '2015-08-10 15:38:50', '2015-08-12 13:24:45'),
	(907, 54, 'Ondank 4', 9.56, '15:45:31', '2015-08-10 15:38:50', '2015-08-12 13:24:45'),
	(908, 54, 'Oosthoek 4', 8.45, '15:44:54', '2015-08-10 15:38:50', '2015-08-12 13:24:45'),
	(909, 54, 'Poelberg 4', 7.29, '15:42:56', '2015-08-10 15:38:50', '2015-08-12 13:24:45'),
	(911, 55, 'Citadelle', 4.57, '15:43:57', '2015-08-10 15:41:57', '2015-08-12 13:24:45'),
	(912, 55, 'Malonne', 14.18, '15:52:12', '2015-08-10 15:41:57', '2015-08-12 13:24:45'),
	(913, 55, 'Bois de Villers', 9.25, '15:48:19', '2015-08-10 15:41:57', '2015-08-12 13:24:45'),
	(914, 55, 'Crupet', 11.37, '15:50:26', '2015-08-10 15:41:57', '2015-08-12 13:24:45'),
	(915, 55, 'Natoye', 10.66, '15:49:19', '2015-08-10 15:41:57', '2015-08-12 13:24:45'),
	(916, 55, 'Malonne 2', 14.53, '15:53:05', '2015-08-10 15:41:57', '2015-08-12 13:24:45'),
	(917, 55, 'Bois de Villers 2', 9.36, '15:49:55', '2015-08-10 15:41:58', '2015-08-12 13:24:45'),
	(918, 55, 'Crupet 2', 11.54, '15:50:40', '2015-08-10 15:41:58', '2015-08-12 13:24:45'),
	(919, 55, 'Natoye 2', 10.48, '15:50:51', '2015-08-10 15:41:58', '2015-08-12 13:24:45'),
	(920, 55, 'Malonne 3', 14.23, '15:53:58', '2015-08-10 15:41:58', '2015-08-12 13:24:46'),
	(921, 55, 'Bois de Villers 3', 9.87, '15:49:05', '2015-08-10 15:41:58', '2015-08-12 13:24:46'),
	(922, 55, 'Crupet 3', 11.10, '15:51:07', '2015-08-10 15:41:58', '2015-08-12 13:24:46'),
	(923, 55, 'Natoye 3', 10.80, '15:50:02', '2015-08-10 15:41:58', '2015-08-12 13:24:46'),
	(924, 55, 'Naninne', 7.16, '15:46:51', '2015-08-10 15:41:58', '2015-08-12 13:24:46'),
	(925, 55, 'Loyers', 5.52, '15:45:20', '2015-08-10 15:41:58', '2015-08-12 13:24:46'),
	(926, 55, 'Wartet', 8.61, '15:48:15', '2015-08-10 15:41:58', '2015-08-12 13:24:46'),
	(927, 55, 'Vedrin', 5.13, '15:45:55', '2015-08-10 15:41:58', '2015-08-12 13:24:46'),
	(928, 56, 'Campo Magro', 18.73, '15:57:48', '2015-08-10 15:44:48', '2015-08-12 13:24:46'),
	(929, 56, 'Ouro Fino', 12.29, '15:55:07', '2015-08-10 15:44:48', '2015-08-12 13:24:46'),
	(930, 56, 'Curtiba', 12.45, '15:53:54', '2015-08-10 15:44:48', '2015-08-12 13:24:46'),
	(931, 56, 'Campo Magro 2', 18.13, '15:57:31', '2015-08-10 15:44:48', '2015-08-12 13:24:46'),
	(932, 56, 'Curtiba 2', 12.12, '15:55:46', '2015-08-10 15:44:48', '2015-08-12 13:24:46'),
	(933, 56, 'Campo Magro 3', 18.70, '15:57:25', '2015-08-10 15:44:48', '2015-08-12 13:24:46'),
	(934, 56, 'Ouro Fino 2', 12.28, '15:54:34', '2015-08-10 15:44:48', '2015-08-12 13:24:46'),
	(935, 56, 'Bocaiuva', 28.20, '16:08:21', '2015-08-10 15:44:48', '2015-08-12 13:24:46'),
	(936, 56, 'Rio Pesqueiro', 15.55, '15:56:10', '2015-08-10 15:44:48', '2015-08-12 13:24:46'),
	(937, 56, 'Quatro Barras', 12.96, '15:55:25', '2015-08-10 15:44:48', '2015-08-12 13:24:46'),
	(938, 56, 'Nobre', 10.29, '15:51:57', '2015-08-10 15:44:48', '2015-08-12 13:24:46'),
	(939, 56, 'Rio Pesqueiro 2', 15.21, '15:56:09', '2015-08-10 15:44:48', '2015-08-12 13:24:46'),
	(940, 56, 'Quatro Barras 2', 12.19, '15:53:30', '2015-08-10 15:44:48', '2015-08-12 13:24:46'),
	(941, 56, 'Campina', 23.68, '16:03:41', '2015-08-10 15:44:48', '2015-08-12 13:24:46'),
	(942, 56, 'Prime Pinhais', 3.22, '15:46:49', '2015-08-10 15:44:49', '2015-08-12 13:24:46'),
	(945, 57, 'Beli Iskar', 6.46, '15:52:50', '2015-08-10 15:48:24', '2015-08-12 13:24:46'),
	(946, 57, 'Borovetz - Raduil', 9.36, '15:56:00', '2015-08-10 15:48:24', '2015-08-12 13:24:46'),
	(947, 57, 'Muhovo', 29.86, '16:12:30', '2015-08-10 15:48:24', '2015-08-12 13:24:46'),
	(948, 57, 'Slavovitza', 17.28, '15:59:47', '2015-08-10 15:48:24', '2015-08-12 13:24:46'),
	(949, 57, 'Beli Iskar 2', 6.81, '15:52:32', '2015-08-10 15:48:24', '2015-08-12 13:24:46'),
	(950, 57, 'Borovetz - Raduil 2', 9.13, '15:55:02', '2015-08-10 15:48:24', '2015-08-12 13:24:46'),
	(951, 57, 'Muhovo 2', 29.23, '16:11:16', '2015-08-10 15:48:24', '2015-08-12 13:24:46'),
	(952, 57, 'Slavovitza 2', 17.22, '16:02:35', '2015-08-10 15:48:24', '2015-08-12 13:24:46'),
	(953, 57, 'Trayanovi Vrata', 18.68, '16:00:42', '2015-08-10 15:48:24', '2015-08-12 13:24:46'),
	(954, 57, 'Lubnitza', 30.83, '16:09:25', '2015-08-10 15:48:25', '2015-08-12 13:24:46'),
	(955, 57, 'Raduil - Borovetz', 9.67, '15:55:51', '2015-08-10 15:48:25', '2015-08-12 13:24:46'),
	(956, 57, 'Borovetz - Beli Iskar', 6.22, '15:53:20', '2015-08-10 15:48:25', '2015-08-12 13:24:46'),
	(957, 57, 'Trayanovi Vrata 2', 18.82, '16:03:28', '2015-08-10 15:48:25', '2015-08-12 13:24:46'),
	(958, 57, 'Lubnitza 2', 30.63, '16:11:48', '2015-08-10 15:48:25', '2015-08-12 13:24:46'),
	(962, 58, 'Porec', 1.92, '15:50:44', '2015-08-10 15:50:44', '2015-08-12 13:24:46'),
	(963, 58, 'Boljun', 14.93, '16:02:14', '2015-08-10 15:50:44', '2015-08-12 13:24:46'),
	(964, 58, 'Ucka', 13.64, '16:01:46', '2015-08-10 15:50:44', '2015-08-12 13:24:46'),
	(965, 58, 'Brest', 29.85, '16:11:54', '2015-08-10 15:50:45', '2015-08-12 13:24:46'),
	(966, 58, 'Boljun 2', 14.17, '16:02:12', '2015-08-10 15:50:45', '2015-08-12 13:24:46'),
	(967, 58, 'Ucka 2', 13.76, '15:59:11', '2015-08-10 15:50:45', '2015-08-12 13:24:46'),
	(968, 58, 'Brest 2', 29.91, '16:10:35', '2015-08-10 15:50:45', '2015-08-12 13:24:46'),
	(969, 58, 'Butoniga', 14.56, '16:02:11', '2015-08-10 15:50:45', '2015-08-12 13:24:46'),
	(970, 58, 'Buzet', 14.74, '16:00:34', '2015-08-10 15:50:45', '2015-08-12 13:24:46'),
	(971, 58, 'Salteria', 29.35, '16:10:33', '2015-08-10 15:50:45', '2015-08-12 13:24:46'),
	(972, 58, 'Butoniga 2', 14.12, '16:00:33', '2015-08-10 15:50:45', '2015-08-12 13:24:46'),
	(973, 58, 'Buzet 2', 14.19, '16:01:07', '2015-08-10 15:50:45', '2015-08-12 13:24:46'),
	(974, 58, 'Salteria 2', 29.92, '16:12:48', '2015-08-10 15:50:45', '2015-08-12 13:24:46'),
	(975, 58, 'Porec 2', 1.79, '15:50:45', '2015-08-10 15:50:45', '2015-08-12 13:24:46'),
	(976, 58, 'Porec 3', 1.84, '15:50:45', '2015-08-10 15:50:45', '2015-08-12 13:24:46'),
	(979, 59, 'Horazdovice - Komusin', 5.60, '15:58:03', '2015-08-10 15:54:30', '2015-08-12 13:24:46'),
	(980, 59, 'Cecelovice', 16.35, '16:07:07', '2015-08-10 15:54:30', '2015-08-12 13:24:46'),
	(981, 59, 'Doubravice - Chrastovice', 11.94, '16:02:23', '2015-08-10 15:54:30', '2015-08-12 13:24:46'),
	(982, 59, 'Strazovice - Nehodiv', 7.69, '15:59:52', '2015-08-10 15:54:31', '2015-08-12 13:24:46'),
	(983, 59, 'Horazdovice - Komusin 2', 5.42, '15:58:04', '2015-08-10 15:54:31', '2015-08-12 13:24:46'),
	(984, 59, 'Cecelovice 2', 16.91, '16:05:08', '2015-08-10 15:54:31', '2015-08-12 13:24:46'),
	(985, 59, 'Doubravice - Chrastovice 2', 11.99, '16:02:52', '2015-08-10 15:54:31', '2015-08-12 13:24:46'),
	(986, 59, 'Strazovice - Nehodiv 2', 7.41, '15:59:50', '2015-08-10 15:54:31', '2015-08-12 13:24:46'),
	(987, 59, 'Horazdovice - Komusin 3', 5.52, '15:57:33', '2015-08-10 15:54:31', '2015-08-12 13:24:46'),
	(988, 59, 'Cecelovice 3', 16.44, '16:06:52', '2015-08-10 15:54:31', '2015-08-12 13:24:46'),
	(989, 59, 'Doubravice - Chrastovice 3', 11.68, '16:03:41', '2015-08-10 15:54:31', '2015-08-12 13:24:46'),
	(990, 59, 'Strazovice - Nehodiv 3', 7.32, '15:59:34', '2015-08-10 15:54:31', '2015-08-12 13:24:46'),
	(991, 59, 'Nehodiv - Cecelovice', 12.42, '16:05:08', '2015-08-10 15:54:31', '2015-08-12 13:24:46'),
	(992, 59, 'Cecelovice - Doubravice', 7.81, '16:00:09', '2015-08-10 15:54:31', '2015-08-12 13:24:46'),
	(996, 60, 'Bondy', 2.22, '16:21:57', '2015-08-10 16:20:57', '2015-08-12 13:24:46'),
	(997, 60, 'Sychrov', 19.27, '16:37:23', '2015-08-10 16:20:57', '2015-08-12 13:24:46'),
	(998, 60, 'Sumburk', 16.99, '16:32:32', '2015-08-10 16:20:57', '2015-08-12 13:24:46'),
	(999, 60, 'Bzi', 5.76, '16:24:34', '2015-08-10 16:20:57', '2015-08-12 13:24:46'),
	(1000, 60, 'Sychrov 2', 19.24, '16:34:06', '2015-08-10 16:20:57', '2015-08-12 13:24:46'),
	(1001, 60, 'Sumburk 2', 16.59, '16:32:11', '2015-08-10 16:20:58', '2015-08-12 13:24:46'),
	(1002, 60, 'Bzi 2', 5.86, '16:24:14', '2015-08-10 16:20:58', '2015-08-12 13:24:46'),
	(1003, 60, 'Lobec', 11.39, '16:30:46', '2015-08-10 16:20:58', '2015-08-12 13:24:46'),
	(1004, 60, 'Vinec', 15.96, '16:31:02', '2015-08-10 16:20:58', '2015-08-12 13:24:46'),
	(1005, 60, 'Staromestska', 5.22, '16:23:58', '2015-08-10 16:20:58', '2015-08-12 13:24:46'),
	(1006, 60, 'Lobec 2', 11.89, '16:28:33', '2015-08-10 16:20:58', '2015-08-12 13:24:46'),
	(1007, 60, 'Vinec 2', 15.22, '16:32:45', '2015-08-10 16:20:58', '2015-08-12 13:24:46'),
	(1008, 60, 'Staromestska 2', 5.31, '16:24:27', '2015-08-10 16:20:58', '2015-08-12 13:24:46'),
	(1009, 60, 'Lobec 3', 11.37, '16:29:48', '2015-08-10 16:20:58', '2015-08-12 13:24:46'),
	(1010, 60, 'Vinec 3', 15.62, '16:33:46', '2015-08-10 16:20:58', '2015-08-12 13:24:46'),
	(1013, 61, 'Marchampt', 12.33, '16:35:13', '2015-08-10 16:27:13', '2015-08-12 13:24:46'),
	(1014, 61, 'Lamure sur Azergues', 14.29, '16:36:55', '2015-08-10 16:27:13', '2015-08-12 13:24:46'),
	(1015, 61, 'Bibost', 13.92, '16:39:09', '2015-08-10 16:27:13', '2015-08-12 13:24:46'),
	(1016, 61, 'Rontalon', 14.90, '16:37:35', '2015-08-10 16:27:13', '2015-08-12 13:24:46'),
	(1017, 61, 'Lyon - Gerland', 1.36, '16:27:13', '2015-08-10 16:27:13', '2015-08-12 13:24:46'),
	(1018, 61, 'Marchampt - Claveisoles', 25.64, '16:47:31', '2015-08-10 16:27:13', '2015-08-12 13:24:46'),
	(1019, 61, 'Lamure sur Azergues 2', 14.35, '16:37:21', '2015-08-10 16:27:13', '2015-08-12 13:24:46'),
	(1020, 61, 'Les Noirs', 18.37, '16:40:05', '2015-08-10 16:27:13', '2015-08-12 13:24:46'),
	(1021, 61, 'Les Sauvages', 12.40, '16:35:36', '2015-08-10 16:27:13', '2015-08-12 13:24:46'),
	(1022, 61, 'Marchampt - Claveisoles', 25.68, '16:48:06', '2015-08-10 16:27:14', '2015-08-12 13:24:46'),
	(1023, 61, 'Lamure sur Azergues 3', 14.34, '16:38:24', '2015-08-10 16:27:14', '2015-08-12 13:24:46'),
	(1024, 61, 'Les Noirs 2', 18.79, '16:40:58', '2015-08-10 16:27:14', '2015-08-12 13:24:46'),
	(1025, 61, 'Les Sauvages 2', 12.98, '16:37:02', '2015-08-10 16:27:14', '2015-08-12 13:24:46'),
	(1026, 61, 'Les Noirs 3', 18.13, '16:41:25', '2015-08-10 16:27:14', '2015-08-12 13:24:46'),
	(1027, 61, 'Les Sauvages 3', 12.29, '16:35:54', '2015-08-10 16:27:14', '2015-08-12 13:24:46'),
	(1030, 62, 'Camiers', 12.79, '16:37:43', '2015-08-10 16:29:02', '2015-08-12 13:24:46'),
	(1031, 62, 'La Calotterie', 12.38, '16:37:37', '2015-08-10 16:29:02', '2015-08-12 13:24:46'),
	(1032, 62, 'Airon', 15.10, '16:40:59', '2015-08-10 16:29:02', '2015-08-12 13:24:46'),
	(1033, 62, 'Le Touquet', 2.97, '16:30:02', '2015-08-10 16:29:02', '2015-08-12 13:24:46'),
	(1034, 62, 'Camiers 2', 12.33, '16:39:56', '2015-08-10 16:29:02', '2015-08-12 13:24:46'),
	(1035, 62, 'La Calotterie 2', 12.94, '16:37:07', '2015-08-10 16:29:02', '2015-08-12 13:24:46'),
	(1036, 62, 'Airon 2', 15.34, '16:40:06', '2015-08-10 16:29:03', '2015-08-12 13:24:46'),
	(1037, 62, 'Le Touquet 2', 2.87, '16:30:03', '2015-08-10 16:29:03', '2015-08-12 13:24:46'),
	(1038, 62, 'Bourthes', 27.75, '16:52:30', '2015-08-10 16:29:03', '2015-08-12 13:24:46'),
	(1039, 62, 'Bourthes 2', 27.95, '16:47:17', '2015-08-10 16:29:03', '2015-08-12 13:24:46'),
	(1040, 62, 'Hucqueliers', 30.14, '16:55:02', '2015-08-10 16:29:03', '2015-08-12 13:24:46'),
	(1041, 62, 'Le Touquet 3', 2.77, '16:30:03', '2015-08-10 16:29:03', '2015-08-12 13:24:46'),
	(1042, 62, 'Hucqueliers 2', 30.21, '16:52:11', '2015-08-10 16:29:03', '2015-08-12 13:24:46'),
	(1043, 62, 'Bourthes 3', 27.93, '16:51:54', '2015-08-10 16:29:03', '2015-08-12 13:24:46'),
	(1044, 62, 'Hucqueliers 3', 30.15, '16:53:46', '2015-08-10 16:29:03', '2015-08-12 13:24:46'),
	(1047, 63, 'Stollberg', 4.97, '16:34:14', '2015-08-10 16:31:41', '2015-08-12 13:24:46'),
	(1048, 63, 'Grunhain', 14.93, '16:42:29', '2015-08-10 16:31:41', '2015-08-12 13:24:46'),
	(1049, 63, 'Gelenau', 7.97, '16:37:30', '2015-08-10 16:31:41', '2015-08-12 13:24:46'),
	(1050, 63, 'Mildenau', 7.57, '16:37:24', '2015-08-10 16:31:41', '2015-08-12 13:24:46'),
	(1051, 63, 'Grunhain 2', 14.43, '16:42:11', '2015-08-10 16:31:41', '2015-08-12 13:24:46'),
	(1052, 63, 'Gelenau 2', 7.19, '16:35:50', '2015-08-10 16:31:42', '2015-08-12 13:24:46'),
	(1053, 63, 'Mildenau 2', 7.71, '16:36:23', '2015-08-10 16:31:42', '2015-08-12 13:24:46'),
	(1054, 63, 'Gelenau 3', 7.23, '16:36:43', '2015-08-10 16:31:42', '2015-08-12 13:24:46'),
	(1055, 63, 'Jahnsdorf', 8.35, '16:37:06', '2015-08-10 16:31:42', '2015-08-12 13:24:46'),
	(1056, 63, 'Oberdorf', 11.21, '16:40:10', '2015-08-10 16:31:42', '2015-08-12 13:24:46'),
	(1057, 63, 'Jahnsdorf 2', 8.23, '16:37:34', '2015-08-10 16:31:42', '2015-08-12 13:24:46'),
	(1058, 63, 'Oberdorf 2', 11.25, '16:41:40', '2015-08-10 16:31:42', '2015-08-12 13:24:46'),
	(1059, 63, 'Jahnsdorf', 8.61, '16:37:49', '2015-08-10 16:31:42', '2015-08-12 13:24:46'),
	(1060, 63, 'Oberdorf', 11.95, '16:39:47', '2015-08-10 16:31:42', '2015-08-12 13:24:46'),
	(1064, 64, 'Lydford', 8.96, '16:43:44', '2015-08-10 16:38:22', '2015-08-12 13:24:46'),
	(1065, 64, 'Reynolds', 8.37, '16:43:52', '2015-08-10 16:38:22', '2015-08-12 13:24:46'),
	(1066, 64, 'Lydford 2', 8.60, '16:44:06', '2015-08-10 16:38:22', '2015-08-12 13:24:46'),
	(1067, 64, 'Reynolds 2', 8.15, '16:45:21', '2015-08-10 16:38:22', '2015-08-12 13:24:46'),
	(1068, 64, 'Lydford 3', 8.29, '16:43:32', '2015-08-10 16:38:22', '2015-08-12 13:24:46'),
	(1069, 64, 'Reynolds 3', 8.78, '16:44:02', '2015-08-10 16:38:22', '2015-08-12 13:24:46'),
	(1070, 64, 'Haddon Pen', 8.20, '16:45:03', '2015-08-10 16:38:22', '2015-08-12 13:24:46'),
	(1071, 64, 'Reynolds 4', 8.47, '16:44:21', '2015-08-10 16:38:22', '2015-08-12 13:24:46'),
	(1072, 64, 'Haddon Pen 2', 8.56, '16:44:24', '2015-08-10 16:38:22', '2015-08-12 13:24:46'),
	(1073, 64, 'Haddon Pen 3', 8.33, '16:44:06', '2015-08-10 16:38:22', '2015-08-12 13:24:46'),
	(1074, 64, 'New Works', 5.59, '16:41:53', '2015-08-10 16:38:22', '2015-08-12 13:24:46'),
	(1075, 64, 'Bybrook', 7.53, '16:42:43', '2015-08-10 16:38:23', '2015-08-12 13:24:46'),
	(1076, 64, 'New Works 2', 5.94, '16:42:10', '2015-08-10 16:38:23', '2015-08-12 13:24:46'),
	(1077, 64, 'Bybrook 2', 7.11, '16:43:17', '2015-08-10 16:38:23', '2015-08-12 13:24:46'),
	(1078, 64, 'New Works 3', 5.76, '16:41:25', '2015-08-10 16:38:23', '2015-08-12 13:24:46'),
	(1079, 64, 'Bybrook 3', 7.31, '16:44:11', '2015-08-10 16:38:23', '2015-08-12 13:24:46'),
	(1080, 64, 'Wakefield', 5.18, '16:42:05', '2015-08-10 16:38:23', '2015-08-12 13:24:46'),
	(1081, 65, 'Schutte Informatisering', 10.78, '16:49:32', '2015-08-10 16:41:16', '2015-08-12 13:24:46'),
	(1082, 65, 'Eurol Lubricants', 6.10, '16:45:27', '2015-08-10 16:41:16', '2015-08-12 13:24:46'),
	(1083, 65, 'Teunis Automotive', 6.23, '16:45:17', '2015-08-10 16:41:16', '2015-08-12 13:24:46'),
	(1084, 65, 'Schutte Informatisering 2', 10.15, '16:49:11', '2015-08-10 16:41:16', '2015-08-12 13:24:46'),
	(1085, 65, 'Eurol Lubricants 2', 6.73, '16:45:59', '2015-08-10 16:41:16', '2015-08-12 13:24:46'),
	(1086, 65, 'Teunis Automotive 2', 6.27, '16:45:59', '2015-08-10 16:41:17', '2015-08-12 13:24:46'),
	(1087, 65, 'Hegeman Bouw', 13.27, '16:52:22', '2015-08-10 16:41:17', '2015-08-12 13:24:46'),
	(1088, 65, 'Reggesign Reclame', 10.49, '16:48:54', '2015-08-10 16:41:17', '2015-08-12 13:24:46'),
	(1089, 65, 'Hegeman Bouw 2', 13.61, '16:49:35', '2015-08-10 16:41:17', '2015-08-12 13:24:46'),
	(1090, 65, 'Reggesign Reclame 2', 10.69, '16:49:42', '2015-08-10 16:41:17', '2015-08-12 13:24:46'),
	(1091, 65, 'Ten Brinke', 12.83, '16:51:20', '2015-08-10 16:41:17', '2015-08-12 13:24:46'),
	(1092, 65, 'Tijhof', 8.39, '16:46:50', '2015-08-10 16:41:17', '2015-08-12 13:24:46'),
	(1093, 65, 'Wolves Berging', 11.62, '16:49:01', '2015-08-10 16:41:17', '2015-08-12 13:24:46'),
	(1094, 65, 'Ten Brinke 2', 12.32, '16:49:42', '2015-08-10 16:41:17', '2015-08-12 13:24:46'),
	(1095, 65, 'Tijhof 2', 8.10, '16:46:55', '2015-08-10 16:41:17', '2015-08-12 13:24:46'),
	(1096, 65, 'Wolves Berging 2', 11.38, '16:49:37', '2015-08-10 16:41:17', '2015-08-12 13:24:46'),
	(1098, 66, 'Tenten - Huelmes', 12.49, '16:57:10', '2015-08-10 16:47:23', '2015-08-12 13:24:46'),
	(1099, 66, 'Petten - Rouscht', 5.35, '16:51:15', '2015-08-10 16:47:23', '2015-08-12 13:24:46'),
	(1100, 66, 'Platen - Horass', 6.29, '16:51:41', '2015-08-10 16:47:23', '2015-08-12 13:24:46'),
	(1101, 66, 'Tenten - Huelmes 2', 12.54, '16:57:28', '2015-08-10 16:47:23', '2015-08-12 13:24:46'),
	(1102, 66, 'Petten - Rouscht 2', 5.44, '16:50:28', '2015-08-10 16:47:23', '2015-08-12 13:24:46'),
	(1103, 66, 'Platen - Horass 2', 6.66, '16:52:08', '2015-08-10 16:47:23', '2015-08-12 13:24:46'),
	(1104, 66, 'Tenten - Huelmes 3', 12.49, '16:58:03', '2015-08-10 16:47:24', '2015-08-12 13:24:46'),
	(1105, 66, 'Petten - Rouscht 3', 5.51, '16:51:23', '2015-08-10 16:47:24', '2015-08-12 13:24:46'),
	(1106, 66, 'Platen - Horass 3', 6.20, '16:52:07', '2015-08-10 16:47:24', '2015-08-12 13:24:46'),
	(1107, 66, 'Reiden - Noojhem', 20.65, '17:04:31', '2015-08-10 16:47:24', '2015-08-12 13:24:46'),
	(1108, 66, 'Horass - Platen', 10.20, '16:55:10', '2015-08-10 16:47:24', '2015-08-12 13:24:46'),
	(1109, 66, 'Reiden - Noojhem 2', 20.38, '17:02:21', '2015-08-10 16:47:24', '2015-08-12 13:24:46'),
	(1110, 66, 'Horass - Platen 2', 10.87, '16:53:47', '2015-08-10 16:47:24', '2015-08-12 13:24:46'),
	(1111, 66, 'Reiden - Noojhem 3', 20.18, '17:02:09', '2015-08-10 16:47:24', '2015-08-12 13:24:46'),
	(1112, 66, 'Horass - Platen 3', 10.31, '16:55:20', '2015-08-10 16:47:24', '2015-08-12 13:24:46'),
	(1115, 67, 'Nabat Lusail', 19.67, '17:02:53', '2015-08-10 16:50:08', '2015-08-12 13:24:46'),
	(1116, 67, 'Umm Al Hal', 12.40, '16:59:43', '2015-08-10 16:50:08', '2015-08-12 13:24:46'),
	(1117, 67, 'Al Waker', 10.47, '16:59:06', '2015-08-10 16:50:08', '2015-08-12 13:24:46'),
	(1118, 67, 'QMMF', 28.32, '17:11:32', '2015-08-10 16:50:08', '2015-08-12 13:24:46'),
	(1119, 67, 'Nabat Lusail 2', 19.57, '17:06:08', '2015-08-10 16:50:08', '2015-08-12 13:24:46'),
	(1120, 67, 'Umm Al Hal 2', 12.79, '17:00:49', '2015-08-10 16:50:08', '2015-08-12 13:24:46'),
	(1121, 67, 'Al Waker 2', 10.46, '16:57:57', '2015-08-10 16:50:08', '2015-08-12 13:24:46'),
	(1122, 67, 'QMMF 2', 28.23, '17:13:58', '2015-08-10 16:50:08', '2015-08-12 13:24:46'),
	(1123, 67, 'Al Wakrah', 25.62, '17:12:47', '2015-08-10 16:50:08', '2015-08-12 13:24:46'),
	(1124, 67, 'QMMF 3', 28.88, '17:12:49', '2015-08-10 16:50:08', '2015-08-12 13:24:46'),
	(1125, 67, 'Al Negian', 7.47, '16:54:37', '2015-08-10 16:50:09', '2015-08-12 13:24:46'),
	(1126, 67, 'Al Wakrah 2', 25.44, '17:09:03', '2015-08-10 16:50:09', '2015-08-12 13:24:46'),
	(1127, 67, 'QMMF 4', 27.89, '17:09:26', '2015-08-10 16:50:09', '2015-08-12 13:24:46'),
	(1128, 67, 'Al Negian 2', 7.87, '16:56:06', '2015-08-10 16:50:09', '2015-08-12 13:24:46'),
	(1129, 67, 'Al Wakrah 3', 25.36, '17:06:42', '2015-08-10 16:50:09', '2015-08-12 13:24:46'),
	(1130, 67, 'Al Negian 3', 7.93, '16:55:26', '2015-08-10 16:50:09', '2015-08-12 13:24:46'),
	(1132, 68, 'Salgovik', 10.14, '16:59:52', '2015-08-10 16:52:25', '2015-08-12 13:24:46'),
	(1133, 68, 'Zlata Baoa', 24.51, '17:12:47', '2015-08-10 16:52:25', '2015-08-12 13:24:46'),
	(1134, 68, 'Lubotice', 6.44, '16:56:49', '2015-08-10 16:52:25', '2015-08-12 13:24:46'),
	(1135, 68, 'Salgovik 2', 10.33, '17:01:16', '2015-08-10 16:52:25', '2015-08-12 13:24:46'),
	(1136, 68, 'Zlata Baoa 2', 24.23, '17:13:46', '2015-08-10 16:52:25', '2015-08-12 13:24:46'),
	(1137, 68, 'Lubotice 2', 6.89, '16:56:30', '2015-08-10 16:52:25', '2015-08-12 13:24:46'),
	(1138, 68, 'Obisovce', 23.57, '17:12:14', '2015-08-10 16:52:26', '2015-08-12 13:24:46'),
	(1139, 68, 'Vitaz', 17.39, '17:04:18', '2015-08-10 16:52:26', '2015-08-12 13:24:46'),
	(1140, 68, 'Obisovce 2', 23.80, '17:11:22', '2015-08-10 16:52:26', '2015-08-12 13:24:46'),
	(1141, 68, 'Vitaz 2', 17.86, '17:05:54', '2015-08-10 16:52:26', '2015-08-12 13:24:46'),
	(1142, 68, 'Obisovce 3', 23.15, '17:11:52', '2015-08-10 16:52:26', '2015-08-12 13:24:46'),
	(1143, 68, 'Vitaz 3', 17.66, '17:05:36', '2015-08-10 16:52:26', '2015-08-12 13:24:46'),
	(1144, 68, 'Salgovik', 10.15, '17:01:23', '2015-08-10 16:52:26', '2015-08-12 13:24:46'),
	(1145, 68, 'Zlata Baoa', 24.62, '17:10:37', '2015-08-10 16:52:26', '2015-08-12 13:24:46'),
	(1146, 68, 'Lubotice', 6.85, '16:56:31', '2015-08-10 16:52:26', '2015-08-12 13:24:46'),
	(1149, 69, 'Carron Valley', 8.19, '17:00:46', '2015-08-10 16:54:39', '2015-08-12 13:24:46'),
	(1150, 69, 'Carron Valley 2', 8.59, '17:00:05', '2015-08-10 16:54:39', '2015-08-12 13:24:46'),
	(1151, 69, 'Craigvinean', 16.81, '17:07:08', '2015-08-10 16:54:39', '2015-08-12 13:24:46'),
	(1152, 69, 'Drummond Hill', 13.27, '17:04:41', '2015-08-10 16:54:39', '2015-08-12 13:24:46'),
	(1153, 69, 'Errochty', 17.30, '17:08:17', '2015-08-10 16:54:39', '2015-08-12 13:24:46'),
	(1154, 69, 'Craigvinean 2', 16.42, '17:07:08', '2015-08-10 16:54:39', '2015-08-12 13:24:46'),
	(1155, 69, 'Drummond Hill 2', 13.73, '17:02:58', '2015-08-10 16:54:39', '2015-08-12 13:24:46'),
	(1156, 69, 'Errochty 2', 17.98, '17:07:54', '2015-08-10 16:54:39', '2015-08-12 13:24:46'),
	(1157, 69, 'Carron Valley 3', 8.98, '17:01:35', '2015-08-10 16:54:39', '2015-08-12 13:24:46'),
	(1158, 69, 'Loch Chon', 9.18, '17:01:53', '2015-08-10 16:54:39', '2015-08-12 13:24:46'),
	(1159, 69, 'High Corrie', 25.13, '17:11:30', '2015-08-10 16:54:39', '2015-08-12 13:24:46'),
	(1160, 69, 'Loch Chon 2', 9.59, '17:01:48', '2015-08-10 16:54:39', '2015-08-12 13:24:46'),
	(1161, 69, 'High Corrie 2', 25.84, '17:15:23', '2015-08-10 16:54:39', '2015-08-12 13:24:46'),
	(1162, 69, 'Scone Palace', 2.83, '16:55:39', '2015-08-10 16:54:39', '2015-08-12 13:24:46'),
	(1163, 69, 'Scone Palace 2', 2.11, '16:55:40', '2015-08-10 16:54:40', '2015-08-12 13:24:46'),
	(1166, 70, 'Palix', 9.74, '17:27:04', '2015-08-10 17:20:46', '2015-08-12 13:24:46'),
	(1167, 70, 'Palix 2', 9.76, '17:26:59', '2015-08-10 17:20:46', '2015-08-12 13:24:46'),
	(1168, 70, 'Smith Creek', 10.23, '17:27:33', '2015-08-10 17:20:46', '2015-08-12 13:24:46'),
	(1169, 70, 'Brooklyn', 11.41, '17:30:17', '2015-08-10 17:20:46', '2015-08-12 13:24:46'),
	(1170, 70, 'Brooklyn 2', 11.86, '17:28:23', '2015-08-10 17:20:46', '2015-08-12 13:24:46'),
	(1171, 70, 'Smith Creek 2', 10.25, '17:27:50', '2015-08-10 17:20:46', '2015-08-12 13:24:46'),
	(1172, 70, 'Pico', 15.25, '17:31:05', '2015-08-10 17:20:46', '2015-08-12 13:24:46'),
	(1173, 70, 'Pico 2', 15.32, '17:33:12', '2015-08-10 17:20:46', '2015-08-12 13:24:46'),
	(1174, 70, 'Wreck Creek', 6.81, '17:24:49', '2015-08-10 17:20:46', '2015-08-12 13:24:46'),
	(1175, 70, 'Wreck Creek 2', 6.19, '17:25:37', '2015-08-10 17:20:46', '2015-08-12 13:24:46'),
	(1176, 70, 'Taholah', 18.53, '17:34:54', '2015-08-10 17:20:47', '2015-08-12 13:24:46'),
	(1177, 70, 'Black Bear Highway', 7.51, '17:26:12', '2015-08-10 17:20:47', '2015-08-12 13:24:46'),
	(1178, 70, 'Taholah 2', 18.88, '17:35:54', '2015-08-10 17:20:47', '2015-08-12 13:24:46'),
	(1179, 70, 'Black Bear Highway 2', 7.10, '17:25:01', '2015-08-10 17:20:47', '2015-08-12 13:24:46'),
	(1183, 71, 'Guide Valley', 4.25, '17:26:51', '2015-08-10 17:24:19', '2015-08-12 13:24:46'),
	(1184, 71, 'Tewkesbury', 4.25, '17:27:07', '2015-08-10 17:24:19', '2015-08-12 13:24:46'),
	(1185, 71, 'Hellyer Leslie', 19.95, '17:39:28', '2015-08-10 17:24:19', '2015-08-12 13:24:46'),
	(1186, 71, 'Hellyer Leslie 2', 19.85, '17:36:25', '2015-08-10 17:24:19', '2015-08-12 13:24:46'),
	(1187, 71, 'Savage River', 24.85, '17:46:15', '2015-08-10 17:24:19', '2015-08-12 13:24:46'),
	(1188, 71, 'Savage River 2', 24.20, '17:45:43', '2015-08-10 17:24:19', '2015-08-12 13:24:46'),
	(1189, 71, 'Hellyer Leslie 3', 19.42, '17:37:49', '2015-08-10 17:24:19', '2015-08-12 13:24:46'),
	(1190, 71, 'Yolla North', 5.17, '17:27:25', '2015-08-10 17:24:19', '2015-08-12 13:24:46'),
	(1191, 71, 'Oldina North', 7.62, '17:29:29', '2015-08-10 17:24:19', '2015-08-12 13:24:46'),
	(1192, 71, 'Yolla North 2', 5.56, '17:28:04', '2015-08-10 17:24:19', '2015-08-12 13:24:46'),
	(1193, 71, 'Oldina North 2', 7.94, '17:29:48', '2015-08-10 17:24:19', '2015-08-12 13:24:46'),
	(1194, 71, 'Paloona Dam', 5.72, '17:27:22', '2015-08-10 17:24:19', '2015-08-12 13:24:46'),
	(1195, 71, 'Mt. Roland', 7.97, '17:28:58', '2015-08-10 17:24:19', '2015-08-12 13:24:46'),
	(1196, 71, 'King Solomon', 15.17, '17:35:00', '2015-08-10 17:24:19', '2015-08-12 13:24:46'),
	(1197, 71, 'Gog Range', 7.14, '17:28:45', '2015-08-10 17:24:20', '2015-08-12 13:24:46'),
	(1198, 71, 'Mt. Roland 2', 7.23, '17:29:50', '2015-08-10 17:24:20', '2015-08-12 13:24:46'),
	(1199, 71, 'King Solomon 2', 15.21, '17:37:04', '2015-08-10 17:24:20', '2015-08-12 13:24:46'),
	(1200, 72, 'Lysgard', 14.14, '17:38:58', '2015-08-10 17:28:35', '2015-08-12 13:24:46'),
	(1201, 72, 'Kjellerup', 2.56, '17:29:36', '2015-08-10 17:28:36', '2015-08-12 13:24:46'),
	(1202, 72, 'Sjorslev', 20.47, '17:45:21', '2015-08-10 17:28:36', '2015-08-12 13:24:46'),
	(1203, 72, 'Demstrup', 6.66, '17:33:09', '2015-08-10 17:28:36', '2015-08-12 13:24:46'),
	(1204, 72, 'Lysgard 2', 14.20, '17:40:33', '2015-08-10 17:28:37', '2015-08-12 13:24:46'),
	(1205, 72, 'Kjellerup 2', 2.73, '17:29:37', '2015-08-10 17:28:37', '2015-08-12 13:24:46'),
	(1206, 72, 'Sjorslev 2', 20.96, '17:44:04', '2015-08-10 17:28:37', '2015-08-12 13:24:46'),
	(1207, 72, 'Demstrup 2', 6.61, '17:33:09', '2015-08-10 17:28:38', '2015-08-12 13:24:46'),
	(1208, 72, 'Hindberg', 7.55, '17:33:23', '2015-08-10 17:28:38', '2015-08-12 13:24:46'),
	(1209, 72, 'Frederiksdal', 8.49, '17:34:10', '2015-08-10 17:28:39', '2015-08-12 13:24:46'),
	(1210, 72, 'Hinge', 6.77, '17:33:26', '2015-08-10 17:28:39', '2015-08-12 13:24:46'),
	(1211, 72, 'Hindberg 2', 7.60, '17:34:13', '2015-08-10 17:28:39', '2015-08-12 13:24:46'),
	(1212, 72, 'Frederiksdal 2', 8.94, '17:34:50', '2015-08-10 17:28:39', '2015-08-12 13:24:46'),
	(1213, 72, 'Hinge 2', 6.15, '17:33:23', '2015-08-10 17:28:39', '2015-08-12 13:24:46'),
	(1214, 72, 'Kjellerup 3', 2.33, '17:29:39', '2015-08-10 17:28:39', '2015-08-12 13:24:46'),
	(1217, 73, 'Saporro', 1.70, '17:30:34', '2015-08-10 17:30:34', '2015-08-12 13:24:46'),
	(1218, 73, 'Saporro 2', 1.67, '17:30:34', '2015-08-10 17:30:34', '2015-08-12 13:24:46'),
	(1219, 73, 'Iwanke', 26.49, '17:49:12', '2015-08-10 17:30:34', '2015-08-12 13:24:46'),
	(1220, 73, 'Kamauycep', 33.51, '17:54:56', '2015-08-10 17:30:34', '2015-08-12 13:24:46'),
	(1221, 73, 'Kina', 9.55, '17:38:20', '2015-08-10 17:30:34', '2015-08-12 13:24:46'),
	(1222, 73, 'Iwanke 2', 26.39, '17:51:14', '2015-08-10 17:30:34', '2015-08-12 13:24:46'),
	(1223, 73, 'Kamuycep 2', 33.90, '17:56:58', '2015-08-10 17:30:35', '2015-08-12 13:24:46'),
	(1224, 73, 'Kina 2', 9.82, '17:37:24', '2015-08-10 17:30:35', '2015-08-12 13:24:46'),
	(1225, 73, 'Saporro 3', 1.25, '17:30:35', '2015-08-10 17:30:35', '2015-08-12 13:24:46'),
	(1226, 73, 'Saporro 4', 1.28, '17:30:35', '2015-08-10 17:30:35', '2015-08-12 13:24:46'),
	(1227, 73, 'Nikara', 17.34, '17:43:20', '2015-08-10 17:30:35', '2015-08-12 13:24:46'),
	(1228, 73, 'Sikot', 27.35, '17:49:36', '2015-08-10 17:30:35', '2015-08-12 13:24:46'),
	(1229, 73, 'Koyka', 3.31, '17:32:35', '2015-08-10 17:30:35', '2015-08-12 13:24:46'),
	(1230, 73, 'Nikara 2', 17.10, '17:42:31', '2015-08-10 17:30:35', '2015-08-12 13:24:46'),
	(1231, 73, 'Sikot 2', 27.93, '17:52:12', '2015-08-10 17:30:35', '2015-08-12 13:24:46'),
	(1232, 73, 'Koyka 2', 3.40, '17:32:35', '2015-08-10 17:30:35', '2015-08-12 13:24:46'),
	(1233, 73, 'Saporro 5', 1.82, '17:30:35', '2015-08-10 17:30:35', '2015-08-12 13:24:46'),
	(1234, 74, 'Krzeszowice Rynek', 1.95, '17:47:58', '2015-08-10 17:47:58', '2015-08-12 13:24:46'),
	(1235, 74, 'Krzeszowice - Zalas', 7.72, '17:53:44', '2015-08-10 17:47:58', '2015-08-12 13:24:46'),
	(1236, 74, 'Sanka - Tenczynek', 6.97, '17:52:08', '2015-08-10 17:47:58', '2015-08-12 13:24:46'),
	(1237, 74, 'Tenczynek - Paczoltowice Golf', 10.53, '17:56:34', '2015-08-10 17:47:58', '2015-08-12 13:24:46'),
	(1238, 74, 'Paczoltowice Golf - Nowa Gora', 11.77, '17:55:42', '2015-08-10 17:47:58', '2015-08-12 13:24:46'),
	(1239, 74, 'Nowa Gora - Trzebinia Chechlo', 15.93, '17:59:11', '2015-08-10 17:47:58', '2015-08-12 13:24:46'),
	(1240, 74, 'Trzebinia Chechlo - Rudno', 17.66, '18:01:06', '2015-08-10 17:47:58', '2015-08-12 13:24:46'),
	(1241, 74, 'Rudno Zamek', 1.41, '17:47:58', '2015-08-10 17:47:58', '2015-08-12 13:24:46'),
	(1242, 74, 'Rudno - Krzeszowice', 9.66, '17:55:28', '2015-08-10 17:47:58', '2015-08-12 13:24:46'),
	(1243, 74, 'Krzeszowice - Rudawa', 8.50, '17:53:31', '2015-08-10 17:47:58', '2015-08-12 13:24:46'),
	(1244, 74, 'Rudawa - Siedlec', 4.34, '17:50:45', '2015-08-10 17:47:58', '2015-08-12 13:24:46'),
	(1245, 74, 'Siedlec - Krzeszowice', 4.10, '17:50:19', '2015-08-10 17:47:58', '2015-08-12 13:24:46'),
	(1246, 74, 'Krzeszowice Rynek 2', 1.36, '17:47:59', '2015-08-10 17:47:59', '2015-08-12 13:24:46'),
	(1247, 74, 'Krzeszowice - Czerna', 3.66, '17:49:59', '2015-08-10 17:47:59', '2015-08-12 13:24:46'),
	(1248, 74, 'Czerna - Filipowice', 7.45, '17:52:00', '2015-08-10 17:47:59', '2015-08-12 13:24:46'),
	(1249, 74, 'Krzeszowice Rynek 3', 1.58, '17:47:59', '2015-08-10 17:47:59', '2015-08-12 13:24:46');
/*!40000 ALTER TABLE `rally_data_stage` ENABLE KEYS */;


-- Dumping structure for table ral.rally_data_surface
CREATE TABLE IF NOT EXISTS `rally_data_surface` (
  `id` int(11) NOT NULL AUTO_INCREMENT,
  `rally_id` int(11) DEFAULT NULL,
  `surface` varchar(255) DEFAULT NULL,
  `percentage` float(8,2) DEFAULT NULL,
  `created_at` datetime NOT NULL,
  `updated_at` datetime NOT NULL,
  PRIMARY KEY (`id`),
  KEY `rally_id_idx` (`rally_id`)
) ENGINE=MyISAM AUTO_INCREMENT=206 DEFAULT CHARSET=utf8;

-- Dumping data for table ral.rally_data_surface: 143 rows
DELETE FROM `rally_data_surface`;
/*!40000 ALTER TABLE `rally_data_surface` DISABLE KEYS */;
INSERT INTO `rally_data_surface` (`id`, `rally_id`, `surface`, `percentage`, `created_at`, `updated_at`) VALUES
	(1, 1, 'tarmac', 95.00, '2015-08-08 12:50:19', '2015-08-08 12:50:19'),
	(2, 1, 'gravel', 5.00, '2015-08-08 12:50:19', '2015-08-08 12:50:19'),
	(3, 2, 'snow', 99.99, '2015-08-08 12:56:21', '2015-08-08 12:56:21'),
	(4, 3, 'gravel', 99.99, '2015-08-08 13:01:41', '2015-08-08 13:01:41'),
	(5, 4, 'gravel', 99.99, '2015-08-08 13:05:32', '2015-08-08 13:05:32'),
	(6, 4, 'rain', 20.00, '2015-08-08 13:05:32', '2015-08-08 13:05:32'),
	(7, 5, 'gravel', 95.00, '2015-08-08 13:09:53', '2015-08-08 13:09:53'),
	(8, 5, 'tarmac', 5.00, '2015-08-08 13:09:53', '2015-08-08 13:09:53'),
	(9, 5, 'rain', 15.00, '2015-08-08 13:09:53', '2015-08-08 13:09:53'),
	(10, 6, 'gravel', 93.00, '2015-08-08 14:53:32', '2015-08-08 14:53:32'),
	(11, 6, 'tarmac', 7.00, '2015-08-08 14:53:32', '2015-08-08 14:53:32'),
	(12, 6, 'rain', 20.00, '2015-08-08 14:53:32', '2015-08-08 14:53:32'),
	(13, 7, 'gravel', 63.00, '2015-08-08 14:58:53', '2015-08-08 14:58:53'),
	(14, 7, 'tarmac', 37.00, '2015-08-08 14:58:53', '2015-08-08 14:58:53'),
	(15, 7, 'rain', 31.00, '2015-08-08 14:58:53', '2015-08-08 14:58:53'),
	(16, 8, 'gravel', 79.00, '2015-08-08 17:48:37', '2015-08-08 17:48:37'),
	(17, 8, 'tarmac', 21.00, '2015-08-08 17:48:37', '2015-08-08 17:48:37'),
	(18, 8, 'rain', 7.00, '2015-08-08 17:48:37', '2015-08-08 17:48:37'),
	(19, 9, 'tarmac', 93.00, '2015-08-08 18:06:00', '2015-08-08 18:06:00'),
	(20, 9, 'gravel', 7.00, '2015-08-08 18:06:00', '2015-08-08 18:06:00'),
	(21, 9, 'rain', 5.00, '2015-08-08 18:06:00', '2015-08-08 18:06:00'),
	(22, 10, 'gravel', 99.99, '2015-08-08 18:15:39', '2015-08-08 18:15:39'),
	(23, 11, 'tarmac', 99.99, '2015-08-09 09:08:16', '2015-08-09 09:08:16'),
	(24, 11, 'rain', 5.00, '2015-08-09 09:08:16', '2015-08-09 09:08:16'),
	(25, 12, 'tarmac', 61.00, '2015-08-09 09:29:16', '2015-08-09 09:29:16'),
	(26, 12, 'gravel', 39.00, '2015-08-09 09:29:16', '2015-08-09 09:29:16'),
	(27, 12, 'rain', 11.00, '2015-08-09 09:29:16', '2015-08-09 09:29:16'),
	(28, 13, 'gravel', 93.00, '2015-08-09 09:33:26', '2015-08-09 09:33:26'),
	(29, 13, 'tarmac', 7.00, '2015-08-09 09:33:26', '2015-08-09 09:33:26'),
	(30, 13, 'rain', 56.00, '2015-08-09 09:33:26', '2015-08-09 09:33:26'),
	(31, 14, 'tarmac', 58.00, '2015-08-09 14:43:28', '2015-08-09 14:43:28'),
	(32, 14, 'snow', 42.00, '2015-08-09 14:43:28', '2015-08-09 14:43:28'),
	(33, 14, 'rain', 5.00, '2015-08-09 14:43:28', '2015-08-09 14:43:28'),
	(34, 15, 'gravel', 63.00, '2015-08-09 14:47:06', '2015-08-09 14:47:06'),
	(35, 15, 'snow', 37.00, '2015-08-09 14:47:06', '2015-08-09 14:47:06'),
	(36, 15, 'rain', 11.00, '2015-08-09 14:47:06', '2015-08-09 14:47:06'),
	(37, 16, 'tarmac', 99.99, '2015-08-09 18:29:55', '2015-08-09 18:29:55'),
	(38, 16, 'rain', 35.00, '2015-08-09 18:29:55', '2015-08-09 18:29:55'),
	(39, 17, 'gravel', 88.00, '2015-08-09 18:37:22', '2015-08-09 18:37:22'),
	(40, 17, 'tarmac', 12.00, '2015-08-09 18:37:22', '2015-08-09 18:37:22'),
	(41, 17, 'rain', 3.00, '2015-08-09 18:37:22', '2015-08-09 18:37:22'),
	(42, 18, 'tarmac', 99.99, '2015-08-10 10:35:26', '2015-08-10 10:35:26'),
	(43, 18, 'rain', 15.00, '2015-08-10 10:35:26', '2015-08-10 10:35:26'),
	(58, 26, 'gravel', 99.99, '2015-08-10 10:51:22', '2015-08-10 10:51:22'),
	(59, 26, 'rain', 15.00, '2015-08-10 10:51:22', '2015-08-10 10:51:22'),
	(60, 27, 'tarmac', 99.99, '2015-08-10 10:54:48', '2015-08-10 10:54:48'),
	(61, 27, 'rain', 11.00, '2015-08-10 10:54:48', '2015-08-10 10:54:48'),
	(62, 28, 'gravel', 99.99, '2015-08-10 10:57:37', '2015-08-10 10:57:37'),
	(63, 29, 'gravel', 99.99, '2015-08-10 11:00:38', '2015-08-10 11:00:38'),
	(64, 30, 'tarmac', 99.99, '2015-08-10 11:04:16', '2015-08-10 11:04:16'),
	(65, 30, 'rain', 15.00, '2015-08-10 11:04:16', '2015-08-10 11:04:16'),
	(66, 31, 'snow', 99.99, '2015-08-10 11:11:05', '2015-08-10 11:11:05'),
	(67, 31, 'rain', 5.00, '2015-08-10 11:11:05', '2015-08-10 11:11:05'),
	(68, 32, 'tarmac', 99.99, '2015-08-10 11:14:37', '2015-08-10 11:14:37'),
	(69, 33, 'tarmac', 99.99, '2015-08-10 11:21:17', '2015-08-10 11:21:17'),
	(70, 33, 'rain', 15.00, '2015-08-10 11:21:17', '2015-08-10 11:21:17'),
	(71, 34, 'gravel', 85.00, '2015-08-10 11:25:24', '2015-08-10 11:25:24'),
	(72, 34, 'tarmac', 15.00, '2015-08-10 11:25:24', '2015-08-10 11:25:24'),
	(73, 34, 'rain', 15.00, '2015-08-10 11:25:24', '2015-08-10 11:25:24'),
	(74, 35, 'tarmac', 99.99, '2015-08-10 11:27:51', '2015-08-10 11:27:51'),
	(75, 36, 'tarmac', 99.99, '2015-08-10 11:35:54', '2015-08-10 11:35:54'),
	(76, 36, 'rain', 11.00, '2015-08-10 11:35:54', '2015-08-10 11:35:54'),
	(77, 37, 'snow', 99.99, '2015-08-10 11:58:58', '2015-08-10 11:58:58'),
	(78, 38, 'snow', 85.00, '2015-08-10 12:01:22', '2015-08-10 12:01:22'),
	(79, 38, 'gravel', 15.00, '2015-08-10 12:01:23', '2015-08-10 12:01:23'),
	(80, 38, 'rain', 10.00, '2015-08-10 12:01:23', '2015-08-10 12:01:23'),
	(81, 39, 'snow', 99.99, '2015-08-10 12:04:32', '2015-08-10 12:04:32'),
	(82, 39, 'rain', 11.00, '2015-08-10 12:04:32', '2015-08-10 12:04:32'),
	(83, 40, 'snow', 99.99, '2015-08-10 12:14:12', '2015-08-10 12:14:12'),
	(84, 41, 'snow', 69.00, '2015-08-10 12:16:39', '2015-08-10 12:16:39'),
	(85, 41, 'gravel', 31.00, '2015-08-10 12:16:39', '2015-08-10 12:16:39'),
	(86, 41, 'rain', 5.00, '2015-08-10 12:16:40', '2015-08-10 12:16:40'),
	(87, 42, 'gravel', 61.00, '2015-08-10 12:19:14', '2015-08-10 12:19:14'),
	(88, 42, 'snow', 39.00, '2015-08-10 12:19:14', '2015-08-10 12:19:14'),
	(89, 43, 'snow', 89.00, '2015-08-10 12:45:01', '2015-08-10 12:45:01'),
	(90, 43, 'gravel', 11.00, '2015-08-10 12:45:01', '2015-08-10 12:45:01'),
	(91, 43, 'rain', 15.00, '2015-08-10 12:45:01', '2015-08-10 12:45:01'),
	(92, 44, 'snow', 78.00, '2015-08-10 12:56:06', '2015-08-10 12:56:06'),
	(93, 44, 'gravel', 22.00, '2015-08-10 12:56:06', '2015-08-10 12:56:06'),
	(94, 44, 'rain', 11.00, '2015-08-10 12:56:06', '2015-08-10 12:56:06'),
	(95, 45, 'snow', 99.99, '2015-08-10 13:00:49', '2015-08-10 13:00:49'),
	(96, 46, 'snow', 89.00, '2015-08-10 13:05:04', '2015-08-10 13:05:04'),
	(97, 46, 'gravel', 11.00, '2015-08-10 13:05:04', '2015-08-10 13:05:04'),
	(98, 47, 'snow', 99.99, '2015-08-10 13:16:42', '2015-08-10 13:16:42'),
	(99, 47, 'rain', 33.00, '2015-08-10 13:16:42', '2015-08-10 13:16:42'),
	(100, 48, 'snow', 91.00, '2015-08-10 13:18:36', '2015-08-10 13:18:36'),
	(101, 48, 'gravel', 9.00, '2015-08-10 13:18:36', '2015-08-10 13:18:36'),
	(102, 48, 'rain', 3.00, '2015-08-10 13:18:36', '2015-08-10 13:18:36'),
	(104, 49, 'gravel', 21.00, '2015-08-10 15:12:07', '2015-08-10 15:12:07'),
	(103, 49, 'snow', 79.00, '2015-08-10 15:12:07', '2015-08-10 15:12:07'),
	(106, 50, 'rain', 45.00, '2015-08-10 15:21:49', '2015-08-10 15:21:49'),
	(105, 50, 'snow', 99.99, '2015-08-10 15:21:49', '2015-08-10 15:21:49'),
	(108, 51, 'snow', 11.00, '2015-08-10 15:24:01', '2015-08-10 15:24:01'),
	(107, 51, 'snow', 99.99, '2015-08-10 15:24:01', '2015-08-10 15:24:01'),
	(110, 52, 'gravel', 2.00, '2015-08-10 15:30:10', '2015-08-10 15:30:10'),
	(109, 52, 'tarmac', 98.00, '2015-08-10 15:30:10', '2015-08-10 15:30:10'),
	(112, 53, 'gravel', 42.00, '2015-08-10 15:36:15', '2015-08-10 15:36:15'),
	(111, 53, 'tarmac', 58.00, '2015-08-10 15:36:15', '2015-08-10 15:36:15'),
	(113, 54, 'tarmac', 99.99, '2015-08-10 15:38:49', '2015-08-10 15:38:49'),
	(115, 55, 'gravel', 49.00, '2015-08-10 15:41:57', '2015-08-10 15:41:57'),
	(114, 55, 'tarmac', 51.00, '2015-08-10 15:41:57', '2015-08-10 15:41:57'),
	(116, 56, 'gravel', 99.99, '2015-08-10 15:44:48', '2015-08-10 15:44:48'),
	(117, 57, 'tarmac', 99.99, '2015-08-10 15:48:24', '2015-08-10 15:48:24'),
	(118, 57, 'rain', 28.00, '2015-08-10 15:48:24', '2015-08-10 15:48:24'),
	(119, 58, 'tarmac', 99.99, '2015-08-10 15:50:44', '2015-08-10 15:50:44'),
	(120, 59, 'gravel', 75.00, '2015-08-10 15:54:30', '2015-08-10 15:54:30'),
	(121, 59, 'tarmac', 25.00, '2015-08-10 15:54:30', '2015-08-10 15:54:30'),
	(122, 60, 'tarmac', 99.99, '2015-08-10 16:20:57', '2015-08-10 16:20:57'),
	(123, 60, 'rain', 11.00, '2015-08-10 16:20:57', '2015-08-10 16:20:57'),
	(124, 61, 'tarmac', 99.99, '2015-08-10 16:27:13', '2015-08-10 16:27:13'),
	(125, 62, 'tarmac', 99.99, '2015-08-10 16:29:02', '2015-08-10 16:29:02'),
	(126, 63, 'tarmac', 87.00, '2015-08-10 16:31:41', '2015-08-10 16:31:41'),
	(127, 63, 'gravel', 13.00, '2015-08-10 16:31:41', '2015-08-10 16:31:41'),
	(128, 63, 'rain', 17.00, '2015-08-10 16:31:41', '2015-08-10 16:31:41'),
	(129, 64, 'gravel', 99.99, '2015-08-10 16:38:22', '2015-08-10 16:38:22'),
	(130, 65, 'tarmac', 87.00, '2015-08-10 16:41:16', '2015-08-10 16:41:16'),
	(131, 65, 'gravel', 13.00, '2015-08-10 16:41:16', '2015-08-10 16:41:16'),
	(132, 65, 'rain', 5.00, '2015-08-10 16:41:16', '2015-08-10 16:41:16'),
	(133, 66, 'tarmac', 99.99, '2015-08-10 16:47:23', '2015-08-10 16:47:23'),
	(134, 67, 'gravel', 99.99, '2015-08-10 16:50:08', '2015-08-10 16:50:08'),
	(135, 68, 'gravel', 73.00, '2015-08-10 16:52:25', '2015-08-10 16:52:25'),
	(136, 68, 'tarmac', 27.00, '2015-08-10 16:52:25', '2015-08-10 16:52:25'),
	(137, 68, 'rain', 11.00, '2015-08-10 16:52:25', '2015-08-10 16:52:25'),
	(138, 69, 'tarmac', 99.99, '2015-08-10 16:54:38', '2015-08-10 16:54:38'),
	(139, 69, 'rain', 73.00, '2015-08-10 16:54:38', '2015-08-10 16:54:38'),
	(140, 70, 'gravel', 99.99, '2015-08-10 17:20:46', '2015-08-10 17:20:46'),
	(141, 71, 'gravel', 99.99, '2015-08-10 17:24:19', '2015-08-10 17:24:19'),
	(142, 72, 'tarmac', 61.00, '2015-08-10 17:28:34', '2015-08-10 17:28:34'),
	(143, 72, 'gravel', 39.00, '2015-08-10 17:28:35', '2015-08-10 17:28:35'),
	(144, 72, 'rain', 18.00, '2015-08-10 17:28:35', '2015-08-10 17:28:35'),
	(145, 73, 'tarmac', 99.99, '2015-08-10 17:30:34', '2015-08-10 17:30:34'),
	(146, 74, 'tarmac', 67.00, '2015-08-10 17:47:58', '2015-08-10 17:47:58'),
	(147, 74, 'gravel', 33.00, '2015-08-10 17:47:58', '2015-08-10 17:47:58'),
	(148, 75, 'tarmac', 99.99, '2015-08-11 11:03:43', '2015-08-11 11:03:43'),
	(149, 75, 'rain', 5.00, '2015-08-11 11:03:43', '2015-08-11 11:03:43'),
	(150, 76, 'tarmac', 73.00, '2015-08-11 11:13:27', '2015-08-11 11:13:27'),
	(151, 76, 'gravel', 27.00, '2015-08-11 11:13:27', '2015-08-11 11:13:27'),
	(152, 76, 'rain', 21.00, '2015-08-11 11:13:27', '2015-08-11 11:13:27'),
	(153, 77, 'gravel', 73.00, '2015-08-11 11:24:13', '2015-08-11 11:24:13'),
	(154, 77, 'tarmac', 27.00, '2015-08-11 11:24:13', '2015-08-11 11:24:13'),
	(155, 77, 'rain', 11.00, '2015-08-11 11:24:13', '2015-08-11 11:24:13'),
	(156, 78, 'gravel', 99.99, '2015-08-11 11:38:06', '2015-08-11 11:38:06'),
	(157, 79, 'gravel', 100.00, '2015-08-11 11:57:54', '2015-08-11 11:57:54');
/*!40000 ALTER TABLE `rally_data_surface` ENABLE KEYS */;


-- Dumping structure for table ral.rally_friendly
CREATE TABLE IF NOT EXISTS `rally_friendly` (
  `id` int(11) NOT NULL AUTO_INCREMENT,
  `rally_id` int(11) DEFAULT NULL,
  `user_id` int(11) DEFAULT NULL,
  `invite_only` tinyint(1) DEFAULT '0',
  `from_gold_member` tinyint(1) DEFAULT '0',
  `description` text NOT NULL,
  `start_friendly_date` datetime DEFAULT NULL,
  `created_at` datetime NOT NULL,
  `updated_at` datetime NOT NULL,
  `deleted_at` datetime DEFAULT NULL,
  PRIMARY KEY (`id`),
  KEY `rally_id_idx` (`rally_id`),
  KEY `rally_friendly_user_id_user_user_id` (`user_id`)
) ENGINE=MyISAM DEFAULT CHARSET=utf8;

-- Dumping data for table ral.rally_friendly: 0 rows
DELETE FROM `rally_friendly`;
/*!40000 ALTER TABLE `rally_friendly` DISABLE KEYS */;
/*!40000 ALTER TABLE `rally_friendly` ENABLE KEYS */;


-- Dumping structure for table ral.rally_friendly_invitations
CREATE TABLE IF NOT EXISTS `rally_friendly_invitations` (
  `id` int(11) NOT NULL AUTO_INCREMENT,
  `friendly_id` int(11) DEFAULT NULL,
  `user_id` int(11) DEFAULT NULL,
  `created_at` datetime NOT NULL,
  `updated_at` datetime NOT NULL,
  `deleted_at` datetime DEFAULT NULL,
  PRIMARY KEY (`id`),
  KEY `friendly_id_idx` (`friendly_id`),
  KEY `rally_friendly_invitations_user_id_user_user_id` (`user_id`)
) ENGINE=MyISAM DEFAULT CHARSET=utf8;

-- Dumping data for table ral.rally_friendly_invitations: 0 rows
DELETE FROM `rally_friendly_invitations`;
/*!40000 ALTER TABLE `rally_friendly_invitations` DISABLE KEYS */;
/*!40000 ALTER TABLE `rally_friendly_invitations` ENABLE KEYS */;


-- Dumping structure for table ral.rally_friendly_participants
CREATE TABLE IF NOT EXISTS `rally_friendly_participants` (
  `id` int(11) NOT NULL AUTO_INCREMENT,
  `friendly_id` int(11) DEFAULT NULL,
  `crew_id` int(11) DEFAULT NULL,
  `user_id` int(11) DEFAULT NULL,
  `from_gold_member` tinyint(1) DEFAULT '0',
  `created_at` datetime NOT NULL,
  `updated_at` datetime NOT NULL,
  `deleted_at` datetime DEFAULT NULL,
  PRIMARY KEY (`id`),
  UNIQUE KEY `friendly_id_user_id` (`friendly_id`,`user_id`,`crew_id`),
  KEY `rally_friendly_participants_friendly_id_rally_friendly_id` (`friendly_id`),
  KEY `rally_friendly_participants_user_id_user_user_id` (`user_id`),
  KEY `rally_friendly_participants_crew_id_rally_crew_id` (`crew_id`)
) ENGINE=MyISAM DEFAULT CHARSET=utf8;

-- Dumping data for table ral.rally_friendly_participants: 0 rows
DELETE FROM `rally_friendly_participants`;
/*!40000 ALTER TABLE `rally_friendly_participants` DISABLE KEYS */;
/*!40000 ALTER TABLE `rally_friendly_participants` ENABLE KEYS */;


-- Dumping structure for table ral.rally_rally
CREATE TABLE IF NOT EXISTS `rally_rally` (
  `id` int(11) NOT NULL AUTO_INCREMENT,
  `name` varchar(255) DEFAULT NULL,
  `description` text,
  `slug` varchar(255) DEFAULT NULL,
  `date` datetime DEFAULT NULL,
  `active` tinyint(1) DEFAULT '1',
  `league_rally` tinyint(1) NOT NULL DEFAULT '0',
  `surface` varchar(255) DEFAULT NULL,
  `league` float(10,2) NOT NULL DEFAULT '5.00',
  `big_awards` tinyint(1) NOT NULL DEFAULT '0',
  `finished` tinyint(1) NOT NULL DEFAULT '0',
  `friendly` tinyint(1) NOT NULL DEFAULT '0',
  `created_at` datetime NOT NULL,
  `updated_at` datetime NOT NULL,
  `deleted_at` datetime DEFAULT NULL,
  PRIMARY KEY (`id`)
) ENGINE=MyISAM AUTO_INCREMENT=104 DEFAULT CHARSET=utf8;

-- Dumping data for table ral.rally_rally: 96 rows
DELETE FROM `rally_rally`;
/*!40000 ALTER TABLE `rally_rally` DISABLE KEYS */;
INSERT INTO `rally_rally` (`id`, `name`, `description`, `slug`, `date`, `active`, `league_rally`, `surface`, `league`, `big_awards`, `finished`, `friendly`, `created_at`, `updated_at`, `deleted_at`) VALUES
	(1, 'Rally Monte Carlo', '', 'rally-monte-carlo', '2015-08-12 09:00:00', 1, 0, NULL, 1.00, 0, 0, 0, '2015-08-08 12:50:19', '2015-08-11 14:40:25', NULL),
	(2, 'Rally Sweden', '', 'rally-sweden', '2015-08-13 09:00:00', 1, 0, NULL, 1.00, 0, 0, 0, '2015-08-08 12:56:21', '2015-08-11 14:40:25', NULL),
	(3, 'Rally Guanajuato Mexico', '', 'rally-guanajuato-mexico', '2015-08-14 09:00:00', 1, 0, NULL, 1.00, 0, 0, 0, '2015-08-08 13:01:41', '2015-08-11 14:40:25', NULL),
	(4, 'XION RALLY ARGENTINA', '', 'xion-rally-argentina', '2015-08-15 09:00:00', 1, 0, NULL, 1.00, 0, 0, 0, '2015-08-08 13:05:32', '2015-08-11 14:40:25', NULL),
	(5, 'Rally de Portugal', '', 'rally-de-portugal', '2015-08-16 09:00:00', 1, 0, NULL, 1.00, 0, 0, 0, '2015-08-08 13:09:53', '2015-08-11 14:40:26', NULL),
	(6, 'RALLY ITALIA SARDEGNA', '', 'rally-italia-sardegna', '2015-08-17 09:00:00', 1, 0, NULL, 1.00, 0, 0, 0, '2015-08-08 14:53:32', '2015-08-11 14:40:26', NULL),
	(7, 'Rally Poland', '', 'rally-poland', '2015-08-19 09:00:00', 1, 0, NULL, 1.00, 0, 0, 0, '2015-08-08 14:58:53', '2015-08-11 14:40:26', NULL),
	(8, 'Rally Finland', '', 'rally-finland', '2015-08-20 09:00:00', 1, 0, NULL, 1.00, 0, 0, 0, '2015-08-08 17:48:37', '2015-08-11 14:40:26', NULL),
	(9, 'Rally Deutschland', '', 'rally-deutschland', '2015-08-21 09:00:00', 1, 0, NULL, 1.00, 0, 0, 0, '2015-08-08 18:05:59', '2015-08-11 14:40:26', NULL),
	(10, 'Rally Australia', '', 'rally-australia', '2015-08-22 09:00:00', 1, 0, NULL, 1.00, 0, 0, 0, '2015-08-08 18:15:39', '2015-08-11 14:40:27', NULL),
	(11, 'Tour de Corse', '', 'tour-de-corse', '2015-08-23 09:00:00', 1, 0, NULL, 1.00, 0, 0, 0, '2015-08-09 09:08:15', '2015-08-11 14:40:27', NULL),
	(12, 'Rally Catalunya', '', 'rally-catalunya', '2015-08-24 09:00:00', 1, 0, NULL, 1.00, 0, 0, 0, '2015-08-09 09:29:15', '2015-08-11 14:40:27', NULL),
	(13, 'Wales Rally', '', 'wales-rally', '2015-08-26 09:00:00', 1, 0, NULL, 1.00, 0, 0, 0, '2015-08-09 09:33:26', '2015-08-11 14:40:27', NULL),
	(14, 'Janner Rally', '', 'janner-rally', '2015-08-27 09:00:00', 1, 0, NULL, 1.00, 0, 0, 0, '2015-08-09 14:43:27', '2015-08-11 14:40:27', NULL),
	(15, 'Rally Liepāja', '', 'rally-liepaja', '2015-08-28 09:00:00', 1, 0, NULL, 1.00, 0, 0, 0, '2015-08-09 14:47:06', '2015-08-11 14:40:28', NULL),
	(16, 'Rally Ireland', '', 'rally-ireland', '2015-08-29 09:00:00', 1, 0, NULL, 1.00, 0, 0, 0, '2015-08-09 18:29:55', '2015-08-11 14:40:28', NULL),
	(17, 'Rally Azores', '', 'rally-azores', '2015-08-30 09:00:00', 1, 0, NULL, 1.00, 0, 0, 0, '2015-08-09 18:37:22', '2015-08-11 14:40:28', NULL),
	(18, 'Ypres Rally', '', 'ypres-rally', '2015-08-31 09:00:00', 1, 0, NULL, 1.00, 0, 0, 0, '2015-08-10 10:35:26', '2015-08-11 14:40:28', NULL),
	(26, 'Rally Estonia', '', 'rally-estonia', '2015-09-02 09:00:00', 1, 0, NULL, 1.00, 0, 0, 0, '2015-08-10 10:51:22', '2015-08-11 14:40:28', NULL),
	(27, 'Rally Zlin', '', 'rally-zlin', '2015-09-03 09:00:00', 1, 0, NULL, 1.00, 0, 0, 0, '2015-08-10 10:54:48', '2015-08-11 14:40:29', NULL),
	(28, 'Cyprus Rally', '', 'cyprus-rally', '2015-09-04 09:00:00', 1, 0, NULL, 1.00, 0, 0, 0, '2015-08-10 10:57:37', '2015-08-11 14:40:29', NULL),
	(29, 'Acropolis Rally', '', 'acropolis-rally', '2015-09-05 09:00:00', 1, 0, NULL, 1.00, 0, 0, 0, '2015-08-10 11:00:38', '2015-08-11 14:40:29', NULL),
	(30, 'Rallye du Valais', '', 'rallye-du-valais', '2015-09-06 09:00:00', 1, 0, NULL, 1.00, 0, 0, 0, '2015-08-10 11:04:16', '2015-08-11 14:40:29', NULL),
	(31, 'Rajd Arlamow', '', 'rajd-arlamow', '2015-09-07 09:00:00', 1, 0, NULL, 1.00, 0, 0, 0, '2015-08-10 11:11:05', '2015-08-11 14:40:29', NULL),
	(32, 'Rajd Dolnoslaski', '', 'rajd-dolnoslaski', '2015-09-09 09:00:00', 1, 0, NULL, 1.00, 0, 0, 0, '2015-08-10 11:14:37', '2015-08-11 14:40:30', NULL),
	(33, 'Rajd Karkonoski', '', 'rajd-karkonoski', '2015-09-10 09:00:00', 1, 0, NULL, 1.00, 0, 0, 0, '2015-08-10 11:21:17', '2015-08-11 14:40:30', NULL),
	(34, 'Rajd Baltic Cup', '', 'rajd-baltic-cup', '2015-09-11 09:00:00', 1, 0, NULL, 1.00, 0, 0, 0, '2015-08-10 11:25:24', '2015-08-11 14:40:30', NULL),
	(35, 'Rajd Rzeszowski', '', 'rajd-rzeszowski', '2015-09-12 09:00:00', 1, 0, NULL, 1.00, 0, 0, 0, '2015-08-10 11:27:51', '2015-08-11 14:40:30', NULL),
	(36, 'Rajd Swidnicki', '', 'rajd-swidnicki', '2015-09-13 09:00:00', 1, 0, NULL, 1.00, 0, 0, 0, '2015-08-10 11:35:54', '2015-08-11 14:40:30', NULL),
	(37, 'Cochrane Winter Rally', '', 'cochrane-winter-rally', '2015-09-14 09:00:00', 1, 0, NULL, 1.00, 0, 0, 0, '2015-08-10 11:58:56', '2015-08-11 14:40:31', NULL),
	(38, 'Rally Russia', '', 'rally-russia', '2015-09-16 09:00:00', 1, 0, NULL, 1.00, 0, 0, 0, '2015-08-10 12:01:22', '2015-08-11 14:40:31', NULL),
	(39, 'Ostersund Winter Rally', '', 'ostersund-winter-rally', '2015-09-17 09:00:00', 1, 0, NULL, 1.00, 0, 0, 0, '2015-08-10 12:04:32', '2015-08-11 14:40:31', NULL),
	(40, 'Aurskog Holand Rally', '', 'aurskog-holand-rally', '2015-09-18 09:00:00', 1, 0, NULL, 1.00, 0, 0, 0, '2015-08-10 12:14:12', '2015-08-11 14:40:31', NULL),
	(41, 'Rally Elverum', '', 'rally-elverum', '2015-09-19 09:00:00', 1, 0, NULL, 1.00, 0, 0, 0, '2015-08-10 12:16:39', '2015-08-11 14:40:31', NULL),
	(42, 'Rally Hadeland', '', 'rally-hadeland', '2015-09-20 09:00:00', 1, 0, NULL, 1.00, 0, 0, 0, '2015-08-10 12:19:14', '2015-08-11 14:40:32', NULL),
	(43, 'Rally Hedemarken', '', 'rally-hedemarken', '2015-09-21 09:00:00', 1, 0, NULL, 1.00, 0, 0, 0, '2015-08-10 12:45:01', '2015-08-11 14:40:32', NULL),
	(44, 'Mountain Rally Norway', '', 'mountain-rally-norway', '2015-09-23 09:00:00', 1, 0, NULL, 1.00, 0, 0, 0, '2015-08-10 12:56:06', '2015-08-11 14:40:32', NULL),
	(45, 'Rally Norway', '', 'rally-norway', '2015-09-24 09:00:00', 1, 0, NULL, 1.00, 0, 0, 0, '2015-08-10 13:00:49', '2015-08-11 14:40:32', NULL),
	(46, 'Numedalsrally', '', 'numedalsrally', '2015-09-25 09:00:00', 1, 0, NULL, 1.00, 0, 0, 0, '2015-08-10 13:05:04', '2015-08-11 14:40:33', NULL),
	(47, 'Sigdalsrally', '', 'sigdalsrally', '2015-09-26 09:00:00', 1, 0, NULL, 1.00, 0, 0, 0, '2015-08-10 13:16:42', '2015-08-11 14:40:33', NULL),
	(48, 'Rally Sokndal', '', 'rally-sokndal', '2015-09-27 09:00:00', 1, 0, NULL, 1.00, 0, 0, 0, '2015-08-10 13:18:36', '2015-08-11 14:40:33', NULL),
	(49, 'Rally Sorland', '', 'rally-sorland', '2015-09-28 09:00:00', 1, 0, NULL, 1.00, 0, 0, 0, '2015-08-10 15:12:06', '2015-08-11 14:40:33', NULL),
	(50, 'Rally Telemark', '', 'rally-telemark', '2015-09-30 09:00:00', 1, 0, NULL, 1.00, 0, 0, 0, '2015-08-10 15:21:49', '2015-08-11 14:40:33', NULL),
	(51, 'Arctic Lapland Rally', '', 'arctic-lapland-rally', '2015-10-01 09:00:00', 1, 0, NULL, 1.00, 0, 0, 0, '2015-08-10 15:24:01', '2015-08-11 14:40:34', NULL),
	(52, 'Wechselland Rallye', '', 'wechselland-rallye', '2015-10-02 09:00:00', 1, 0, NULL, 1.00, 0, 0, 0, '2015-08-10 15:30:10', '2015-08-11 14:40:34', NULL),
	(53, 'Rally Barbados 2014', '', 'rally-barbados-2014', '2015-10-03 09:00:00', 1, 0, NULL, 1.00, 0, 0, 0, '2015-08-10 15:36:15', '2015-08-11 14:40:34', NULL),
	(54, 'TAC Rally', '', 'tac-rally', '2015-10-04 09:00:00', 1, 0, NULL, 1.00, 0, 0, 0, '2015-08-10 15:38:49', '2015-08-11 14:40:34', NULL),
	(55, 'Rallye de Wallonie', '', 'rallye-de-wallonie', '2015-10-05 09:00:00', 1, 0, NULL, 1.00, 0, 0, 0, '2015-08-10 15:41:57', '2015-08-11 14:40:34', NULL),
	(56, 'Rally de Curitiba', '', 'rally-de-curitiba', '2015-10-07 09:00:00', 1, 0, NULL, 1.00, 0, 0, 0, '2015-08-10 15:44:46', '2015-08-11 14:40:35', NULL),
	(57, 'Rally Bulgaria', '', 'rally-bulgaria', '2015-10-08 09:00:00', 1, 0, NULL, 1.00, 0, 0, 0, '2015-08-10 15:48:24', '2015-08-11 14:40:35', NULL),
	(58, 'Rally Croatia', '', 'rally-croatia', '2015-10-09 09:00:00', 1, 0, NULL, 1.00, 0, 0, 0, '2015-08-10 15:50:44', '2015-08-11 14:40:35', NULL),
	(59, 'Rally Agropa', '', 'rally-agropa', '2015-10-10 09:00:00', 1, 0, NULL, 1.00, 0, 0, 0, '2015-08-10 15:54:30', '2015-08-11 14:40:35', NULL),
	(60, 'Rally Bohemia', '', 'rally-bohemia', '2015-10-11 09:00:00', 1, 0, NULL, 1.00, 0, 0, 0, '2015-08-10 16:20:57', '2015-08-11 14:40:35', NULL),
	(61, 'Rallye Lyon - Charbonnieres', '', 'rallye-lyon-charbonnieres', '2015-10-12 09:00:00', 1, 0, NULL, 1.00, 0, 0, 0, '2015-08-10 16:27:13', '2015-08-11 14:40:36', NULL),
	(62, 'Rallye du Touquet', '', 'rallye-du-touquet', '2015-10-14 09:00:00', 1, 0, NULL, 1.00, 0, 0, 0, '2015-08-10 16:29:02', '2015-08-11 14:40:36', NULL),
	(63, 'Rallye Erzgebirge', '', 'rallye-erzgebirge', '2015-10-15 09:00:00', 1, 0, NULL, 1.00, 0, 0, 0, '2015-08-10 16:31:41', '2015-08-11 14:40:36', NULL),
	(64, 'Rally Jamaica', '', 'rally-jamaica', '2015-10-16 09:00:00', 1, 0, NULL, 1.00, 0, 0, 0, '2015-08-10 16:38:22', '2015-08-11 14:40:36', NULL),
	(65, 'Hellendoorn Rally', '', 'hellendoorn-rally', '2015-10-17 09:00:00', 1, 0, NULL, 1.00, 0, 0, 0, '2015-08-10 16:41:16', '2015-08-11 14:40:36', NULL),
	(66, 'Rallye de Luxembourg', '', 'rallye-de-luxembourg', '2015-10-18 09:00:00', 1, 0, NULL, 1.00, 0, 0, 0, '2015-08-10 16:47:23', '2015-08-11 14:40:37', NULL),
	(67, 'Qatar Rally', '', 'qatar-rally', '2015-10-19 09:00:00', 1, 0, NULL, 1.00, 0, 0, 0, '2015-08-10 16:50:08', '2015-08-11 14:40:37', NULL),
	(68, 'Rally Presov', '', 'rally-presov', '2015-10-21 09:00:00', 1, 0, NULL, 1.00, 0, 0, 0, '2015-08-10 16:52:25', '2015-08-11 14:40:37', NULL),
	(69, 'Rally of Scotland', '', 'rally-of-scotland', '2015-10-22 09:00:00', 1, 0, NULL, 1.00, 0, 0, 0, '2015-08-10 16:54:38', '2015-08-11 14:40:37', NULL),
	(70, 'Olympus Rally', '', 'olympus-rally', '2015-10-23 09:00:00', 1, 0, NULL, 1.00, 0, 0, 0, '2015-08-10 17:20:46', '2015-08-11 14:40:37', NULL),
	(71, 'Rally Tasmania', '', 'rally-tasmania', '2015-10-24 09:00:00', 1, 0, NULL, 1.00, 0, 0, 0, '2015-08-10 17:24:18', '2015-08-11 14:40:38', NULL),
	(72, 'Danboring Rally', '', 'danboring-rally', '2015-10-25 09:00:00', 1, 0, NULL, 1.00, 0, 0, 0, '2015-08-10 17:28:34', '2015-08-11 14:40:38', NULL),
	(73, 'Rally Japan', '', 'rally-japan', '2015-10-26 09:00:00', 1, 0, NULL, 1.00, 0, 0, 0, '2015-08-10 17:30:34', '2015-08-11 14:40:38', NULL),
	(74, 'Rajd Krzeszowic', '', 'rajd-krzeszowic', '2015-10-28 09:00:00', 1, 0, NULL, 1.00, 0, 0, 0, '2015-08-10 17:47:57', '2015-08-11 14:40:38', NULL),
	(75, 'Rajd Bochni', '', 'rajd-bochni', '2015-10-29 09:00:00', 1, 0, NULL, 1.00, 0, 0, 0, '2015-08-11 11:03:43', '2015-08-11 14:40:38', NULL),
	(76, 'Rajd Krakowski', '', 'rajd-krakowski', '2015-10-30 09:00:00', 1, 0, NULL, 1.00, 0, 0, 0, '2015-08-11 11:13:27', '2015-08-11 14:40:39', NULL),
	(77, 'Rajd Baltycki', '', 'rajd-baltycki', '2015-10-31 09:00:00', 1, 0, NULL, 1.00, 0, 0, 0, '2015-08-11 11:24:13', '2015-08-11 14:40:39', NULL),
	(78, 'Rally of the Tall Pines', '', 'rally-of-the-tall-pines', '2015-11-01 09:00:00', 1, 0, NULL, 1.00, 0, 0, 0, '2015-08-11 11:38:04', '2015-08-11 14:40:39', NULL),
	(79, 'Sibiu Rally Romania', '', 'sibiu-rally-romania', '2015-11-02 09:00:00', 1, 0, NULL, 1.00, 0, 0, 0, '2015-08-11 11:57:54', '2015-08-11 14:40:39', NULL);
/*!40000 ALTER TABLE `rally_rally` ENABLE KEYS */;


-- Dumping structure for table ral.rally_result
CREATE TABLE IF NOT EXISTS `rally_result` (
  `id` int(11) NOT NULL AUTO_INCREMENT,
  `rally_id` int(11) DEFAULT NULL,
  `crew_id` int(11) DEFAULT NULL,
  `total_time` time DEFAULT NULL,
  `out_of_race` tinyint(1) DEFAULT '0',
  `stage_out_id` int(11) DEFAULT NULL,
  `stage_out_number` int(11) DEFAULT NULL,
  `position` int(11) DEFAULT NULL,
  `created_at` datetime NOT NULL,
  `updated_at` datetime NOT NULL,
  PRIMARY KEY (`id`),
  KEY `rally_id_idx` (`rally_id`),
  KEY `crew_id_idx` (`crew_id`)
) ENGINE=MyISAM DEFAULT CHARSET=utf8;

-- Dumping data for table ral.rally_result: 0 rows
DELETE FROM `rally_result`;
/*!40000 ALTER TABLE `rally_result` DISABLE KEYS */;
/*!40000 ALTER TABLE `rally_result` ENABLE KEYS */;


-- Dumping structure for table ral.rally_stage
CREATE TABLE IF NOT EXISTS `rally_stage` (
  `id` int(11) NOT NULL AUTO_INCREMENT,
  `rally_id` int(11) DEFAULT NULL,
  `name` varchar(255) DEFAULT NULL,
  `length` decimal(18,2) DEFAULT NULL,
  `date` datetime DEFAULT NULL,
  `min_time` time DEFAULT NULL,
  `created_at` datetime NOT NULL,
  `updated_at` datetime NOT NULL,
  `finished` tinyint(1) DEFAULT '1',
  PRIMARY KEY (`id`),
  KEY `rally_id_idx` (`rally_id`)
) ENGINE=MyISAM AUTO_INCREMENT=1336 DEFAULT CHARSET=utf8;

-- Dumping data for table ral.rally_stage: 1,034 rows
DELETE FROM `rally_stage`;
/*!40000 ALTER TABLE `rally_stage` DISABLE KEYS */;
INSERT INTO `rally_stage` (`id`, `rally_id`, `name`, `length`, `date`, `min_time`, `created_at`, `updated_at`, `finished`) VALUES
	(1, 1, 'ENTREVAUX - ROUAINE', 21.31, '2015-08-18 09:00:00', '13:08:12', '2015-08-08 12:50:19', '2015-08-08 12:50:19', 0),
	(2, 1, 'NORANTE - DIGNE-LES-BAINS', 19.68, '2015-08-18 09:15:00', '13:07:36', '2015-08-08 12:50:19', '2015-08-08 12:50:19', 0),
	(3, 1, 'LA SALLE EN BEAUMONT', 15.84, '2015-08-18 09:30:00', '13:04:13', '2015-08-08 12:50:19', '2015-08-08 12:50:19', 0),
	(4, 1, 'ASPRES LES CORPS', 25.81, '2015-08-18 09:45:00', '13:07:39', '2015-08-08 12:50:19', '2015-08-08 12:50:19', 0),
	(5, 1, 'LES COSTES', 25.40, '2015-08-18 10:00:00', '13:12:20', '2015-08-08 12:50:19', '2015-08-08 12:50:19', 0),
	(6, 1, 'LA SALLE EN BEAUMONT', 15.84, '2015-08-18 10:15:00', '13:02:06', '2015-08-08 12:50:19', '2015-08-08 12:50:19', 0),
	(7, 1, 'ASPRES LES CORPS - CHAUFFAYER 2', 25.81, '2015-08-18 10:30:00', '13:09:16', '2015-08-08 12:50:20', '2015-08-08 12:50:20', 0),
	(8, 1, 'LES COSTES - ST JULIEN EN CHAMPSAUR 2', 25.40, '2015-08-18 10:45:00', '13:09:40', '2015-08-08 12:50:20', '2015-08-08 12:50:20', 0),
	(9, 1, 'PRUNIERES - EMBRUN 1', 19.93, '2015-08-18 11:00:00', '13:04:51', '2015-08-08 12:50:20', '2015-08-08 12:50:20', 0),
	(10, 1, 'LARDIER ET VALENCA - FAYE', 51.70, '2015-08-18 11:15:00', '13:27:11', '2015-08-08 12:50:20', '2015-08-08 12:50:20', 0),
	(11, 1, 'PRUNIERES - EMBRUN 2', 19.93, '2015-08-18 11:30:00', '13:05:09', '2015-08-08 12:50:20', '2015-08-08 12:50:20', 0),
	(12, 1, 'SISTERON - THOARD', 36.85, '2015-08-18 11:45:00', '13:14:41', '2015-08-08 12:50:20', '2015-08-08 12:50:20', 0),
	(13, 1, 'COL ST JEAN - ST LAURENT 1', 10.16, '2015-08-18 12:00:00', '12:56:49', '2015-08-08 12:50:20', '2015-08-08 12:50:20', 0),
	(14, 1, 'LA BOLLENE VESUBIE - SOSPEL', 31.66, '2015-08-18 12:15:00', '13:17:43', '2015-08-08 12:50:20', '2015-08-08 12:50:20', 0),
	(15, 1, ' COL ST JEAN - ST LAURENT 2', 10.16, '2015-08-18 12:30:00', '12:58:01', '2015-08-08 12:50:20', '2015-08-08 12:50:20', 0),
	(18, 2, 'SUPER SPECIAL STAGE KARLSTAD', 1.90, '2015-08-25 09:00:00', '12:57:21', '2015-08-08 12:56:21', '2015-08-08 12:56:21', 0),
	(19, 2, 'TORSBY 1', 14.76, '2015-08-25 09:15:00', '13:06:54', '2015-08-08 12:56:21', '2015-08-08 12:56:21', 0),
	(20, 2, 'ROJDEN 1', 18.73, '2015-08-25 09:30:00', '13:09:36', '2015-08-08 12:56:21', '2015-08-08 12:56:21', 0),
	(21, 2, 'FINNSKOGEN 1', 20.76, '2015-08-25 09:45:00', '13:11:15', '2015-08-08 12:56:22', '2015-08-08 12:56:22', 0),
	(22, 2, 'KIRKENAER 1', 7.07, '2015-08-25 10:00:00', '13:00:37', '2015-08-08 12:56:22', '2015-08-08 12:56:22', 0),
	(23, 2, 'KIRKENAER 2', 7.07, '2015-08-25 10:15:00', '13:02:13', '2015-08-08 12:56:22', '2015-08-08 12:56:22', 0),
	(24, 2, 'FINNSKOGEN 2', 20.76, '2015-08-25 10:30:00', '13:11:34', '2015-08-08 12:56:22', '2015-08-08 12:56:22', 0),
	(25, 2, 'TORSBY 2', 14.76, '2015-08-25 10:45:00', '13:06:37', '2015-08-08 12:56:22', '2015-08-08 12:56:22', 0),
	(26, 2, 'SUPER SPECIAL STAGE KARLSTAD 2', 1.90, '2015-08-25 11:00:00', '12:57:22', '2015-08-08 12:56:22', '2015-08-08 12:56:22', 0),
	(27, 2, 'FREDRIKSBERG 1', 18.15, '2015-08-25 11:15:00', '13:09:12', '2015-08-08 12:56:22', '2015-08-08 12:56:22', 0),
	(28, 2, 'RAMMEN 1', 22.76, '2015-08-25 11:30:00', '13:11:52', '2015-08-08 12:56:22', '2015-08-08 12:56:22', 0),
	(29, 2, 'HAGFORS SPRINT 1', 1.87, '2015-08-25 11:45:00', '12:57:22', '2015-08-08 12:56:22', '2015-08-08 12:56:22', 0),
	(30, 2, 'VARGASEN 1', 24.63, '2015-08-25 12:00:00', '13:13:02', '2015-08-08 12:56:22', '2015-08-08 12:56:22', 0),
	(31, 2, 'RAMMEN 2', 22.76, '2015-08-25 12:15:00', '13:13:30', '2015-08-08 12:56:22', '2015-08-08 12:56:22', 0),
	(32, 2, 'HAGFORS SPRINT 2', 1.87, '2015-08-25 12:30:00', '12:57:22', '2015-08-08 12:56:22', '2015-08-08 12:56:22', 0),
	(33, 2, 'VARGASEN 2', 24.63, '2015-08-25 12:45:00', '13:14:22', '2015-08-08 12:56:22', '2015-08-08 12:56:22', 0),
	(52, 4, 'SUPER ESPECIAL MERLO', 2.68, '2015-09-08 09:00:00', '13:07:03', '2015-08-08 13:05:33', '2015-08-08 13:05:33', 0),
	(35, 3, 'STREET STAGE GUANAJUATO', 1.01, '2015-09-01 09:00:00', '13:01:41', '2015-08-08 13:01:41', '2015-08-08 13:01:41', 0),
	(36, 3, 'SUPER SPECIAL 1', 4.60, '2015-09-01 09:15:00', '13:04:54', '2015-08-08 13:01:41', '2015-08-08 13:01:41', 0),
	(37, 3, 'LOS MEXICANOS 1', 9.91, '2015-09-01 09:30:00', '13:08:27', '2015-08-08 13:01:41', '2015-08-08 13:01:41', 0),
	(38, 3, 'EL CHOCOLATE 1', 44.13, '2015-09-01 09:45:00', '13:36:35', '2015-08-08 13:01:41', '2015-08-08 13:01:41', 0),
	(39, 3, 'LAS MINAS 1', 15.54, '2015-09-01 10:00:00', '13:14:44', '2015-08-08 13:01:41', '2015-08-08 13:01:41', 0),
	(40, 3, 'STREET STAGE LEON 1', 1.37, '2015-09-01 10:15:00', '13:02:28', '2015-08-08 13:01:41', '2015-08-08 13:01:41', 0),
	(41, 3, 'LOS MEXICANOS 2', 9.91, '2015-09-01 10:30:00', '13:10:09', '2015-08-08 13:01:41', '2015-08-08 13:01:41', 0),
	(42, 3, 'EL CHOCOLATE 2', 44.13, '2015-09-01 10:45:00', '13:41:15', '2015-08-08 13:01:41', '2015-08-08 13:01:41', 0),
	(43, 3, 'LAS MINAS 2', 15.54, '2015-09-01 11:00:00', '13:13:38', '2015-08-08 13:01:41', '2015-08-08 13:01:41', 0),
	(44, 3, 'SUPER SPECIAL 2', 4.60, '2015-09-01 11:15:00', '13:05:26', '2015-08-08 13:01:42', '2015-08-08 13:01:42', 0),
	(45, 3, 'IBARRILLA 1', 30.27, '2015-09-01 11:30:00', '13:28:35', '2015-08-08 13:01:42', '2015-08-08 13:01:42', 0),
	(46, 3, 'OTATES 1', 42.90, '2015-09-01 11:45:00', '13:36:42', '2015-08-08 13:01:42', '2015-08-08 13:01:42', 0),
	(47, 3, 'EL BRINCO 1', 8.25, '2015-09-01 12:00:00', '13:07:30', '2015-08-08 13:01:42', '2015-08-08 13:01:42', 0),
	(48, 3, 'STREET STAGE LEON 2', 1.37, '2015-09-01 12:15:00', '13:02:02', '2015-08-08 13:01:42', '2015-08-08 13:01:42', 0),
	(49, 3, 'IBARRILLA 2', 30.27, '2015-09-01 12:30:00', '13:27:49', '2015-08-08 13:01:42', '2015-08-08 13:01:42', 0),
	(50, 3, 'OTATES 2', 42.90, '2015-09-01 12:45:00', '13:38:41', '2015-08-08 13:01:42', '2015-08-08 13:01:42', 0),
	(51, 3, 'EL BRINCO 2', 8.25, '2015-09-01 13:00:00', '13:08:30', '2015-08-08 13:01:42', '2015-08-08 13:01:42', 0),
	(53, 4, 'AGUA DE ORO - ASCOCHINGA', 51.99, '2015-09-08 09:15:00', '13:43:31', '2015-08-08 13:05:33', '2015-08-08 13:05:33', 0),
	(54, 4, 'VILLA BUSTOS - TANTI', 19.71, '2015-09-08 09:30:00', '13:21:00', '2015-08-08 13:05:33', '2015-08-08 13:05:33', 0),
	(55, 4, 'AGUA DE ORO - ASCOCHINGA II', 51.99, '2015-09-08 09:45:00', '13:45:34', '2015-08-08 13:05:33', '2015-08-08 13:05:33', 0),
	(56, 4, 'VILLA BUSTOS - TANTI II', 19.71, '2015-09-08 10:00:00', '13:22:24', '2015-08-08 13:05:33', '2015-08-08 13:05:33', 0),
	(57, 4, 'SUPER ESPECIAL FERNET BRANCA', 6.04, '2015-09-08 10:15:00', '13:10:33', '2015-08-08 13:05:33', '2015-08-08 13:05:33', 0),
	(58, 4, 'FERNET BRANCA', 23.05, '2015-09-08 10:30:00', '13:21:41', '2015-08-08 13:05:33', '2015-08-08 13:05:33', 0),
	(59, 4, 'SAN MARCOS', 42.50, '2015-09-08 10:45:00', '13:35:57', '2015-08-08 13:05:33', '2015-08-08 13:05:33', 0),
	(60, 4, 'FERNET BRANCA II', 23.05, '2015-09-08 11:00:00', '13:21:15', '2015-08-08 13:05:33', '2015-08-08 13:05:33', 0),
	(61, 4, 'SAN MARCOS II', 42.50, '2015-09-08 11:15:00', '13:35:01', '2015-08-08 13:05:33', '2015-08-08 13:05:33', 0),
	(62, 4, 'EL CONDOR', 16.32, '2015-09-08 11:30:00', '13:16:49', '2015-08-08 13:05:33', '2015-08-08 13:05:33', 0),
	(63, 4, 'POWER STAGE EL CONDOR', 16.32, '2015-09-08 11:45:00', '13:17:03', '2015-08-08 13:05:33', '2015-08-08 13:05:33', 0),
	(71, 5, 'CAMINHA', 18.05, '2015-09-15 09:30:00', '13:25:26', '2015-08-08 13:09:54', '2015-08-08 13:09:54', 0),
	(70, 5, 'PONTE DE LIMA 1', 27.53, '2015-09-15 09:15:00', '13:31:31', '2015-08-08 13:09:54', '2015-08-08 13:09:54', 0),
	(69, 5, 'LOUSADA', 3.36, '2015-09-15 09:00:00', '13:12:15', '2015-08-08 13:09:53', '2015-08-08 13:09:53', 0),
	(72, 5, 'VIANA DO CASTELO', 18.73, '2015-09-15 09:45:00', '13:22:11', '2015-08-08 13:09:54', '2015-08-08 13:09:54', 0),
	(73, 5, 'PONTE DE LIMA 2', 27.53, '2015-09-15 10:00:00', '13:28:09', '2015-08-08 13:09:54', '2015-08-08 13:09:54', 0),
	(74, 5, 'CAMINHA 2', 18.05, '2015-09-15 10:15:00', '13:25:43', '2015-08-08 13:09:54', '2015-08-08 13:09:54', 0),
	(75, 5, 'VIANA DO CASTELO 2', 18.73, '2015-09-15 10:30:00', '13:24:38', '2015-08-08 13:09:54', '2015-08-08 13:09:54', 0),
	(76, 5, 'BAIAO', 18.57, '2015-09-15 10:45:00', '13:23:47', '2015-08-08 13:09:54', '2015-08-08 13:09:54', 0),
	(77, 5, 'MARAO', 26.30, '2015-09-15 11:00:00', '13:30:08', '2015-08-08 13:09:54', '2015-08-08 13:09:54', 0),
	(78, 5, 'FRIDAO', 37.67, '2015-09-15 11:15:00', '13:42:48', '2015-08-08 13:09:54', '2015-08-08 13:09:54', 0),
	(79, 5, 'BAIAO 2', 18.57, '2015-09-15 11:30:00', '13:26:16', '2015-08-08 13:09:54', '2015-08-08 13:09:54', 0),
	(80, 5, 'MARAO 2', 26.30, '2015-09-15 11:45:00', '13:28:32', '2015-08-08 13:09:54', '2015-08-08 13:09:54', 0),
	(81, 5, 'FRIDAO 2', 37.67, '2015-09-15 12:00:00', '13:42:14', '2015-08-08 13:09:54', '2015-08-08 13:09:54', 0),
	(82, 5, 'FAFE 1', 11.15, '2015-09-15 12:15:00', '13:17:02', '2015-08-08 13:09:54', '2015-08-08 13:09:54', 0),
	(83, 5, 'VIEIRA DO MINHO', 32.35, '2015-09-15 12:30:00', '13:37:21', '2015-08-08 13:09:54', '2015-08-08 13:09:54', 0),
	(84, 5, 'FAFE 2', 11.15, '2015-09-15 12:45:00', '13:17:52', '2015-08-08 13:09:55', '2015-08-08 13:09:55', 0),
	(85, 6, 'CITTA\' DI GAGLIARI', 2.50, '2015-09-22 09:00:00', '14:55:26', '2015-08-08 14:53:32', '2015-08-08 14:53:32', 0),
	(86, 6, 'GRIGHINE SUD', 26.31, '2015-09-22 09:15:00', '15:13:39', '2015-08-08 14:53:33', '2015-08-08 14:53:33', 0),
	(87, 6, 'GRIGHINE NORD', 18.34, '2015-09-22 09:30:00', '15:08:20', '2015-08-08 14:53:33', '2015-08-08 14:53:33', 0),
	(88, 6, 'MONTIFERRU', 14.41, '2015-09-22 09:45:00', '15:04:47', '2015-08-08 14:53:33', '2015-08-08 14:53:33', 0),
	(89, 6, 'SAGAMA', 2.58, '2015-09-22 10:00:00', '14:55:15', '2015-08-08 14:53:33', '2015-08-08 14:53:33', 0),
	(90, 6, 'SAGAMA 2', 2.58, '2015-09-22 10:15:00', '14:55:05', '2015-08-08 14:53:33', '2015-08-08 14:53:33', 0),
	(91, 6, 'SINIS - MONT\' E PRAMA', 14.08, '2015-09-22 10:30:00', '15:05:14', '2015-08-08 14:53:33', '2015-08-08 14:53:33', 0),
	(92, 6, 'GRIGHINE SUD 2', 22.45, '2015-09-22 10:45:00', '15:11:07', '2015-08-08 14:53:33', '2015-08-08 14:53:33', 0),
	(93, 6, 'GRIGHINE NORD 2', 18.34, '2015-09-22 11:00:00', '15:09:01', '2015-08-08 14:53:33', '2015-08-08 14:53:33', 0),
	(94, 6, 'MONTIFERRU 2', 14.41, '2015-09-22 11:15:00', '15:02:35', '2015-08-08 14:53:33', '2015-08-08 14:53:33', 0),
	(95, 6, 'ITTIRI ARENA', 1.40, '2015-09-22 11:30:00', '14:54:13', '2015-08-08 14:53:33', '2015-08-08 14:53:33', 0),
	(96, 6, 'MONTI DI ALA\' 1', 22.49, '2015-09-22 11:45:00', '15:08:09', '2015-08-08 14:53:33', '2015-08-08 14:53:33', 0),
	(97, 6, 'COILUNA - LOELLE', 36.69, '2015-09-22 12:00:00', '15:22:14', '2015-08-08 14:53:33', '2015-08-08 14:53:33', 0),
	(98, 6, 'MONTE LERNO', 42.22, '2015-09-22 12:15:00', '15:24:54', '2015-08-08 14:53:33', '2015-08-08 14:53:33', 0),
	(99, 6, 'OZIERI - ARDARA', 7.23, '2015-09-22 12:30:00', '14:58:49', '2015-08-08 14:53:33', '2015-08-08 14:53:33', 0),
	(100, 6, 'ITTIRI ARENA 2', 1.40, '2015-09-22 12:45:00', '14:54:32', '2015-08-08 14:53:34', '2015-08-08 14:53:34', 0),
	(101, 6, 'MONTI DI ALA\' 2', 22.49, '2015-09-22 13:00:00', '15:11:58', '2015-08-08 14:53:34', '2015-08-08 14:53:34', 0),
	(102, 7, 'MIKOLAJKI ARENA', 2.50, '2015-09-29 09:00:00', '15:00:43', '2015-08-08 14:58:53', '2015-08-08 14:58:53', 0),
	(103, 7, 'GORKLO', 13.00, '2015-09-29 09:15:00', '15:09:51', '2015-08-08 14:58:53', '2015-08-08 14:58:53', 0),
	(104, 7, 'GOLDAP', 14.75, '2015-09-29 09:30:00', '15:10:34', '2015-08-08 14:58:53', '2015-08-08 14:58:53', 0),
	(105, 7, 'BABKI', 14.65, '2015-09-29 09:45:00', '15:08:19', '2015-08-08 14:58:54', '2015-08-08 14:58:54', 0),
	(106, 7, 'STANCZYKI', 39.12, '2015-09-29 10:00:00', '15:32:00', '2015-08-08 14:58:54', '2015-08-08 14:58:54', 0),
	(107, 7, 'BABKI 2', 14.65, '2015-09-29 10:15:00', '15:08:02', '2015-08-08 14:58:54', '2015-08-08 14:58:54', 0),
	(108, 7, 'STANCZYKI 2', 39.12, '2015-09-29 10:30:00', '15:28:17', '2015-08-08 14:58:54', '2015-08-08 14:58:54', 0),
	(109, 7, 'GOLDAP 2', 14.75, '2015-09-29 10:45:00', '15:08:35', '2015-08-08 14:58:54', '2015-08-08 14:58:54', 0),
	(110, 7, 'MIKOLAJKI ARENA 2', 2.50, '2015-09-29 11:00:00', '15:00:29', '2015-08-08 14:58:54', '2015-08-08 14:58:54', 0),
	(111, 7, 'MAZURY', 17.70, '2015-09-29 11:15:00', '15:14:13', '2015-08-08 14:58:54', '2015-08-08 14:58:54', 0),
	(112, 7, 'WIELICZKI', 12.87, '2015-09-29 11:30:00', '15:07:09', '2015-08-08 14:58:54', '2015-08-08 14:58:54', 0),
	(113, 7, 'SWIETAJNO', 21.25, '2015-09-29 11:45:00', '15:13:27', '2015-08-08 14:58:54', '2015-08-08 14:58:54', 0),
	(114, 7, 'PAPROTKI', 23.15, '2015-09-29 12:00:00', '15:15:15', '2015-08-08 14:58:54', '2015-08-08 14:58:54', 0),
	(115, 7, 'MAZURY 2', 17.70, '2015-09-29 12:15:00', '15:12:49', '2015-08-08 14:58:54', '2015-08-08 14:58:54', 0),
	(116, 7, 'WIELICZKI 2', 12.87, '2015-09-29 12:30:00', '15:08:58', '2015-08-08 14:58:54', '2015-08-08 14:58:54', 0),
	(117, 7, 'SWIETAJNO 2', 21.25, '2015-09-29 12:45:00', '15:14:40', '2015-08-08 14:58:54', '2015-08-08 14:58:54', 0),
	(118, 7, 'MIKOLAJKI ARENA 3', 2.50, '2015-09-29 13:00:00', '15:00:27', '2015-08-08 14:58:55', '2015-08-08 14:58:55', 0),
	(119, 8, 'HARJU', 2.27, '2015-10-06 09:00:00', '17:50:23', '2015-08-08 17:48:37', '2015-08-08 17:48:37', 0),
	(120, 8, 'PIHLAJAKOSKI', 14.51, '2015-10-06 09:15:00', '18:01:24', '2015-08-08 17:48:38', '2015-08-08 17:48:38', 0),
	(121, 8, 'PAIJALA', 23.56, '2015-10-06 09:30:00', '18:05:15', '2015-08-08 17:48:38', '2015-08-08 17:48:38', 0),
	(122, 8, 'OUNINPOHJA', 34.39, '2015-10-06 09:45:00', '18:11:12', '2015-08-08 17:48:38', '2015-08-08 17:48:38', 0),
	(123, 8, 'HIMOS', 5.62, '2015-10-06 10:00:00', '17:52:26', '2015-08-08 17:48:38', '2015-08-08 17:48:38', 0),
	(124, 8, 'PIHLAJAKOSKI 2', 14.51, '2015-10-06 10:15:00', '18:00:38', '2015-08-08 17:48:38', '2015-08-08 17:48:38', 0),
	(125, 8, 'PAIJALA 2', 23.56, '2015-10-06 10:30:00', '18:07:50', '2015-08-08 17:48:38', '2015-08-08 17:48:38', 0),
	(126, 8, 'OUNINPOHJA 2', 34.39, '2015-10-06 10:45:00', '18:18:08', '2015-08-08 17:48:38', '2015-08-08 17:48:38', 0),
	(127, 8, 'HIMOS 2', 5.62, '2015-10-06 11:00:00', '17:52:00', '2015-08-08 17:48:38', '2015-08-08 17:48:38', 0),
	(128, 8, 'HARJU 2', 2.27, '2015-10-06 11:15:00', '17:50:32', '2015-08-08 17:48:38', '2015-08-08 17:48:38', 0),
	(129, 8, 'MOKKIPERA', 13.84, '2015-10-06 11:30:00', '17:59:43', '2015-08-08 17:48:38', '2015-08-08 17:48:38', 0),
	(130, 8, 'JUKOJARVI', 21.14, '2015-10-06 11:45:00', '18:03:13', '2015-08-08 17:48:38', '2015-08-08 17:48:38', 0),
	(131, 8, 'SURKEE', 14.95, '2015-10-06 12:00:00', '17:59:37', '2015-08-08 17:48:38', '2015-08-08 17:48:38', 0),
	(132, 8, 'HORKKA', 15.59, '2015-10-06 12:15:00', '18:02:16', '2015-08-08 17:48:38', '2015-08-08 17:48:38', 0),
	(133, 8, 'MOKKIPERA 2', 13.84, '2015-10-06 12:30:00', '17:58:58', '2015-08-08 17:48:38', '2015-08-08 17:48:38', 0),
	(134, 8, 'JUKOJARVI 2', 21.14, '2015-10-06 12:45:00', '18:06:29', '2015-08-08 17:48:38', '2015-08-08 17:48:38', 0),
	(135, 8, 'SURKEE 2', 14.95, '2015-10-06 13:00:00', '17:57:55', '2015-08-08 17:48:39', '2015-08-08 17:48:39', 0),
	(136, 9, 'Sauertal', 14.84, '2015-10-13 09:00:00', '18:16:42', '2015-08-08 18:06:00', '2015-08-08 18:06:00', 0),
	(137, 9, 'Waxweiler', 16.40, '2015-10-13 09:15:00', '18:18:27', '2015-08-08 18:06:00', '2015-08-08 18:06:00', 0),
	(138, 9, 'Moselland', 23.24, '2015-10-13 09:30:00', '18:23:02', '2015-08-08 18:06:00', '2015-08-08 18:06:00', 0),
	(139, 9, 'Sauertal 2', 14.84, '2015-10-13 09:45:00', '18:17:11', '2015-08-08 18:06:00', '2015-08-08 18:06:00', 0),
	(140, 9, 'Waxweiler 2', 16.40, '2015-10-13 10:00:00', '18:18:16', '2015-08-08 18:06:00', '2015-08-08 18:06:00', 0),
	(141, 9, 'Moselland 2', 23.24, '2015-10-13 10:15:00', '18:23:48', '2015-08-08 18:06:00', '2015-08-08 18:06:00', 0),
	(142, 9, 'Mittelmosel 2', 13.67, '2015-10-13 10:30:00', '18:16:28', '2015-08-08 18:06:00', '2015-08-08 18:06:00', 0),
	(143, 9, 'Grafschaft', 18.35, '2015-10-13 10:45:00', '18:20:42', '2015-08-08 18:06:00', '2015-08-08 18:06:00', 0),
	(144, 9, 'Bosenberg', 17.13, '2015-10-13 11:00:00', '18:19:05', '2015-08-08 18:06:00', '2015-08-08 18:06:00', 0),
	(145, 9, 'Arena Panzerplatte', 2.87, '2015-10-13 11:15:00', '18:07:00', '2015-08-08 18:06:00', '2015-08-08 18:06:00', 0),
	(146, 9, 'Arena Panzerplatte 2', 2.87, '2015-10-13 11:30:00', '18:07:01', '2015-08-08 18:06:01', '2015-08-08 18:06:01', 0),
	(147, 9, 'Panzerplatte Lang', 45.61, '2015-10-13 11:45:00', '18:38:00', '2015-08-08 18:06:01', '2015-08-08 18:06:01', 0),
	(148, 9, 'Grafschaft 2', 18.35, '2015-10-13 12:00:00', '18:18:11', '2015-08-08 18:06:01', '2015-08-08 18:06:01', 0),
	(149, 9, 'Arena Panzerplatte 3', 2.87, '2015-10-13 12:15:00', '18:07:01', '2015-08-08 18:06:01', '2015-08-08 18:06:01', 0),
	(150, 9, 'Panzerplatte Lang 2', 45.61, '2015-10-13 12:30:00', '18:39:36', '2015-08-08 18:06:01', '2015-08-08 18:06:01', 0),
	(151, 9, 'Bosenberg 2', 17.13, '2015-10-13 12:45:00', '18:18:04', '2015-08-08 18:06:01', '2015-08-08 18:06:01', 0),
	(152, 9, 'Stei & Wein', 19.59, '2015-10-13 13:00:00', '18:18:50', '2015-08-08 18:06:01', '2015-08-08 18:06:01', 0),
	(153, 10, 'Hydes Creek', 10.73, '2015-10-13 09:00:00', '18:22:32', '2015-08-08 18:15:39', '2015-08-08 18:15:39', 0),
	(154, 10, 'Bellingen', 10.72, '2015-10-13 09:15:00', '18:23:48', '2015-08-08 18:15:39', '2015-08-08 18:15:39', 0),
	(155, 10, 'Newry', 24.91, '2015-10-13 09:30:00', '18:35:30', '2015-08-08 18:15:39', '2015-08-08 18:15:39', 0),
	(156, 10, 'Hydes Creek 2', 10.73, '2015-10-13 09:45:00', '18:23:46', '2015-08-08 18:15:40', '2015-08-08 18:15:40', 0),
	(157, 10, 'Bellingen 2', 10.72, '2015-10-13 10:00:00', '18:23:41', '2015-08-08 18:15:40', '2015-08-08 18:15:40', 0),
	(158, 10, 'Newry 2', 24.91, '2015-10-13 10:15:00', '18:35:07', '2015-08-08 18:15:40', '2015-08-08 18:15:40', 0),
	(159, 10, 'Super Special Stage ', 1.56, '2015-10-13 10:30:00', '18:15:40', '2015-08-08 18:15:40', '2015-08-08 18:15:40', 0),
	(160, 10, 'Super Special Stage 2', 1.56, '2015-10-13 10:45:00', '18:15:40', '2015-08-08 18:15:40', '2015-08-08 18:15:40', 0),
	(161, 10, 'Nambucca', 48.92, '2015-10-13 11:00:00', '18:56:03', '2015-08-08 18:15:40', '2015-08-08 18:15:40', 0),
	(162, 10, 'Valla', 7.92, '2015-10-13 11:15:00', '18:21:48', '2015-08-08 18:15:40', '2015-08-08 18:15:40', 0),
	(163, 10, 'Nambucca 2', 48.92, '2015-10-13 11:30:00', '18:49:35', '2015-08-08 18:15:40', '2015-08-08 18:15:40', 0),
	(164, 10, 'Valla 2', 7.92, '2015-10-13 11:45:00', '18:21:39', '2015-08-08 18:15:40', '2015-08-08 18:15:40', 0),
	(165, 10, 'Super Special Stage 3', 1.56, '2015-10-13 12:00:00', '18:15:40', '2015-08-08 18:15:40', '2015-08-08 18:15:40', 0),
	(166, 10, 'Super Special Stage 4', 1.56, '2015-10-13 12:15:00', '18:15:40', '2015-08-08 18:15:40', '2015-08-08 18:15:40', 0),
	(167, 10, 'Shipmans', 30.20, '2015-10-13 12:30:00', '18:32:46', '2015-08-08 18:15:40', '2015-08-08 18:15:40', 0),
	(168, 10, 'Bucca', 10.86, '2015-10-13 12:45:00', '18:22:34', '2015-08-08 18:15:40', '2015-08-08 18:15:40', 0),
	(169, 10, 'Wedding Bells', 9.23, '2015-10-13 13:00:00', '18:23:00', '2015-08-08 18:15:40', '2015-08-08 18:15:40', 0),
	(170, 11, 'Plage du Liamone', 19.12, '2015-10-27 09:00:00', '09:23:37', '2015-08-09 09:08:16', '2015-08-09 09:08:16', 0),
	(171, 11, 'Casamozza', 23.69, '2015-10-27 09:15:00', '09:27:47', '2015-08-09 09:08:16', '2015-08-09 09:08:16', 0),
	(172, 11, 'Francardo', 16.43, '2015-10-27 09:30:00', '09:18:38', '2015-08-09 09:08:16', '2015-08-09 09:08:16', 0),
	(173, 11, 'Plage du Liamone 2', 19.12, '2015-10-27 09:45:00', '09:21:18', '2015-08-09 09:08:16', '2015-08-09 09:08:16', 0),
	(174, 11, 'Casamozza 2', 23.69, '2015-10-27 10:00:00', '09:27:34', '2015-08-09 09:08:16', '2015-08-09 09:08:16', 0),
	(175, 11, 'Francardo 2', 16.43, '2015-10-27 10:15:00', '09:21:25', '2015-08-09 09:08:16', '2015-08-09 09:08:16', 0),
	(176, 11, 'Casamozza 3', 23.69, '2015-10-27 10:30:00', '09:28:37', '2015-08-09 09:08:16', '2015-08-09 09:08:16', 0),
	(177, 11, 'Francardo 3', 16.43, '2015-10-27 10:45:00', '09:19:36', '2015-08-09 09:08:16', '2015-08-09 09:08:16', 0),
	(178, 11, 'Muracciole', 28.46, '2015-10-27 11:00:00', '09:33:00', '2015-08-09 09:08:16', '2015-08-09 09:08:16', 0),
	(179, 11, 'Sotta', 26.58, '2015-10-27 11:15:00', '09:08:16', '2015-08-09 09:08:16', '2015-08-09 09:08:16', 0),
	(180, 11, 'Muracciole 2', 28.46, '2015-10-27 11:30:00', '09:08:16', '2015-08-09 09:08:16', '2015-08-09 09:08:16', 0),
	(181, 11, 'Zerubia', 31.43, '2015-10-27 11:45:00', '09:08:16', '2015-08-09 09:08:16', '2015-08-09 09:08:16', 0),
	(182, 11, 'Bisinao', 16.74, '2015-10-27 12:00:00', '09:08:16', '2015-08-09 09:08:16', '2015-08-09 09:08:16', 0),
	(183, 11, 'Zerubia 2', 31.43, '2015-10-27 12:15:00', '09:08:16', '2015-08-09 09:08:16', '2015-08-09 09:08:16', 0),
	(184, 11, 'Bisinao 2', 16.74, '2015-10-27 12:30:00', '09:08:17', '2015-08-09 09:08:17', '2015-08-09 09:08:17', 0),
	(185, 12, 'Barcelona', 3.20, '2015-11-03 09:00:00', '09:31:16', '2015-08-09 09:29:16', '2015-08-09 09:29:16', 0),
	(186, 12, 'Mora d\'Ebre', 9.62, '2015-11-03 09:15:00', '09:36:08', '2015-08-09 09:29:16', '2015-08-09 09:29:16', 0),
	(187, 12, 'Caseres', 12.50, '2015-11-03 09:30:00', '09:39:18', '2015-08-09 09:29:16', '2015-08-09 09:29:16', 0),
	(188, 12, 'Bot', 6.50, '2015-11-03 09:45:00', '09:33:49', '2015-08-09 09:29:16', '2015-08-09 09:29:16', 0),
	(189, 12, 'Terra Alta', 35.68, '2015-11-03 10:00:00', '09:53:39', '2015-08-09 09:29:16', '2015-08-09 09:29:16', 0),
	(190, 12, 'Mora d\'Ebre 2', 9.62, '2015-11-03 10:15:00', '09:35:24', '2015-08-09 09:29:16', '2015-08-09 09:29:16', 0),
	(191, 12, 'Caseres 2', 12.50, '2015-11-03 10:30:00', '09:37:38', '2015-08-09 09:29:16', '2015-08-09 09:29:16', 0),
	(192, 12, 'Bot 2', 6.50, '2015-11-03 10:45:00', '09:34:15', '2015-08-09 09:29:16', '2015-08-09 09:29:16', 0),
	(193, 12, 'Terra Alta 2', 35.68, '2015-11-03 11:00:00', '09:59:48', '2015-08-09 09:29:16', '2015-08-09 09:29:16', 0),
	(194, 12, 'Porrera', 7.43, '2015-11-03 11:15:00', '09:34:47', '2015-08-09 09:29:16', '2015-08-09 09:29:16', 0),
	(195, 12, 'La Figuera', 26.26, '2015-11-03 11:30:00', '09:52:28', '2015-08-09 09:29:16', '2015-08-09 09:29:16', 0),
	(196, 12, 'Poboleda', 10.50, '2015-11-03 11:45:00', '09:37:51', '2015-08-09 09:29:16', '2015-08-09 09:29:16', 0),
	(197, 12, 'Capafonts', 19.80, '2015-11-03 12:00:00', '09:41:22', '2015-08-09 09:29:17', '2015-08-09 09:29:17', 0),
	(198, 12, 'La Figuera 2', 26.26, '2015-11-03 12:15:00', '09:49:54', '2015-08-09 09:29:17', '2015-08-09 09:29:17', 0),
	(199, 12, 'Poboleda 2', 10.50, '2015-11-03 12:30:00', '09:36:01', '2015-08-09 09:29:17', '2015-08-09 09:29:17', 0),
	(200, 12, 'Capafonts 2', 19.80, '2015-11-03 12:45:00', '09:43:10', '2015-08-09 09:29:17', '2015-08-09 09:29:17', 0),
	(201, 12, 'Salou', 2.24, '2015-11-03 13:00:00', '09:30:17', '2015-08-09 09:29:17', '2015-08-09 09:29:17', 0),
	(202, 13, 'Hafren', 32.14, '2015-08-20 09:00:00', '09:58:54', '2015-08-09 09:33:26', '2015-08-09 09:33:26', 0),
	(203, 13, 'Sweet Lamb', 3.33, '2015-08-20 09:15:00', '09:34:26', '2015-08-09 09:33:26', '2015-08-09 09:33:26', 0),
	(204, 13, 'Myherin', 30.23, '2015-08-20 09:30:00', '10:01:18', '2015-08-09 09:33:26', '2015-08-09 09:33:26', 0),
	(205, 13, 'Harfen 2', 32.14, '2015-08-20 09:45:00', '09:56:31', '2015-08-09 09:33:26', '2015-08-09 09:33:26', 0),
	(206, 13, 'Sweet Lamb 2', 3.33, '2015-08-20 10:00:00', '09:34:27', '2015-08-09 09:33:27', '2015-08-09 09:33:27', 0),
	(207, 13, 'Myherin 2', 30.23, '2015-08-20 10:15:00', '09:53:27', '2015-08-09 09:33:27', '2015-08-09 09:33:27', 0),
	(208, 13, 'Gartheiniog', 11.34, '2015-08-20 10:30:00', '09:40:56', '2015-08-09 09:33:27', '2015-08-09 09:33:27', 0),
	(209, 13, 'Dyfi', 25.86, '2015-08-20 10:45:00', '09:56:08', '2015-08-09 09:33:27', '2015-08-09 09:33:27', 0),
	(210, 13, 'Gartheiniog 2', 11.34, '2015-08-20 11:00:00', '09:40:46', '2015-08-09 09:33:27', '2015-08-09 09:33:27', 0),
	(211, 13, 'Dyfi 2', 25.86, '2015-08-20 11:15:00', '09:54:43', '2015-08-09 09:33:27', '2015-08-09 09:33:27', 0),
	(212, 13, 'Dyfnant', 19.02, '2015-08-20 11:30:00', '09:46:04', '2015-08-09 09:33:27', '2015-08-09 09:33:27', 0),
	(213, 13, 'Aberhirnant', 13.91, '2015-08-20 11:45:00', '09:42:30', '2015-08-09 09:33:27', '2015-08-09 09:33:27', 0),
	(214, 13, 'Chirk Castle', 2.06, '2015-08-20 12:00:00', '09:34:27', '2015-08-09 09:33:27', '2015-08-09 09:33:27', 0),
	(215, 13, 'Dynant 2', 19.02, '2015-08-20 12:15:00', '09:50:21', '2015-08-09 09:33:27', '2015-08-09 09:33:27', 0),
	(216, 13, 'Aberhirnant 2', 13.91, '2015-08-20 12:30:00', '09:45:20', '2015-08-09 09:33:27', '2015-08-09 09:33:27', 0),
	(217, 13, 'Brenig', 10.60, '2015-08-20 12:45:00', '09:41:26', '2015-08-09 09:33:27', '2015-08-09 09:33:27', 0),
	(218, 13, 'Alwen', 10.41, '2015-08-20 13:00:00', '09:40:47', '2015-08-09 09:33:27', '2015-08-09 09:33:27', 0),
	(219, 14, 'Pierbach', 18.99, '2015-08-20 09:00:00', '14:56:53', '2015-08-09 14:43:28', '2015-08-09 14:43:28', 0),
	(220, 14, 'Liebenau', 10.22, '2015-08-20 09:15:00', '14:50:04', '2015-08-09 14:43:28', '2015-08-09 14:43:28', 0),
	(221, 14, 'St. Oswald', 8.30, '2015-08-20 09:30:00', '14:48:28', '2015-08-09 14:43:28', '2015-08-09 14:43:28', 0),
	(222, 14, 'Pierbach 2', 18.99, '2015-08-20 09:45:00', '14:59:25', '2015-08-09 14:43:28', '2015-08-09 14:43:28', 0),
	(223, 14, 'Liebenau 2', 10.22, '2015-08-20 10:00:00', '14:50:01', '2015-08-09 14:43:28', '2015-08-09 14:43:28', 0),
	(224, 14, 'St. Ostwald 2', 8.30, '2015-08-20 10:15:00', '14:50:03', '2015-08-09 14:43:28', '2015-08-09 14:43:28', 0),
	(225, 14, 'Pregarten', 8.76, '2015-08-20 10:30:00', '14:49:25', '2015-08-09 14:43:28', '2015-08-09 14:43:28', 0),
	(226, 14, 'Schonau', 22.93, '2015-08-20 10:45:00', '14:57:36', '2015-08-09 14:43:28', '2015-08-09 14:43:28', 0),
	(227, 14, 'Pregarten 2', 8.76, '2015-08-20 11:00:00', '14:48:49', '2015-08-09 14:43:28', '2015-08-09 14:43:28', 0),
	(228, 14, 'Schonau 2', 22.93, '2015-08-20 11:15:00', '15:01:16', '2015-08-09 14:43:28', '2015-08-09 14:43:28', 0),
	(229, 14, 'Gutau', 8.27, '2015-08-20 11:30:00', '14:50:21', '2015-08-09 14:43:28', '2015-08-09 14:43:28', 0),
	(230, 14, 'Unterweissenbach', 12.54, '2015-08-20 11:45:00', '14:53:22', '2015-08-09 14:43:29', '2015-08-09 14:43:29', 0),
	(231, 14, 'Arena Konigswiesen', 7.79, '2015-08-20 12:00:00', '14:49:07', '2015-08-09 14:43:29', '2015-08-09 14:43:29', 0),
	(232, 14, 'Gutau 2', 8.27, '2015-08-20 12:15:00', '14:49:08', '2015-08-09 14:43:29', '2015-08-09 14:43:29', 0),
	(233, 14, 'Unterweissenbach 2', 12.54, '2015-08-20 12:30:00', '14:52:38', '2015-08-09 14:43:29', '2015-08-09 14:43:29', 0),
	(234, 14, 'Arena Konigswiesen 2', 7.79, '2015-08-20 12:45:00', '14:47:35', '2015-08-09 14:43:29', '2015-08-09 14:43:29', 0),
	(235, 14, 'Bad Zell', 21.10, '2015-08-20 13:00:00', '14:59:08', '2015-08-09 14:43:29', '2015-08-09 14:43:29', 0),
	(236, 15, 'Basi', 16.14, '2015-08-27 09:00:00', '14:58:10', '2015-08-09 14:47:07', '2015-08-09 14:47:07', 0),
	(237, 15, 'Kuldiga', 36.97, '2015-08-27 09:15:00', '15:19:21', '2015-08-09 14:47:07', '2015-08-09 14:47:07', 0),
	(238, 15, 'Ecorent', 7.00, '2015-08-27 09:30:00', '14:52:01', '2015-08-09 14:47:07', '2015-08-09 14:47:07', 0),
	(239, 15, 'Kuldiga 2', 36.97, '2015-08-27 09:45:00', '15:16:13', '2015-08-09 14:47:07', '2015-08-09 14:47:07', 0),
	(240, 15, 'Basi 2', 16.14, '2015-08-27 10:00:00', '14:57:20', '2015-08-09 14:47:07', '2015-08-09 14:47:07', 0),
	(241, 15, 'Podnieki', 11.33, '2015-08-27 10:15:00', '14:54:15', '2015-08-09 14:47:07', '2015-08-09 14:47:07', 0),
	(242, 15, 'Tebra', 12.15, '2015-08-27 10:30:00', '14:55:45', '2015-08-09 14:47:07', '2015-08-09 14:47:07', 0),
	(243, 15, 'Vecpils', 22.32, '2015-08-27 10:45:00', '15:06:20', '2015-08-09 14:47:07', '2015-08-09 14:47:07', 0),
	(244, 15, 'Podnieki 2', 11.33, '2015-08-27 11:00:00', '14:55:46', '2015-08-09 14:47:07', '2015-08-09 14:47:07', 0),
	(245, 15, 'Tebra 2', 12.15, '2015-08-27 11:15:00', '14:55:21', '2015-08-09 14:47:07', '2015-08-09 14:47:07', 0),
	(246, 15, 'Vecpils 2', 22.32, '2015-08-27 11:30:00', '15:06:33', '2015-08-09 14:47:07', '2015-08-09 14:47:07', 0),
	(247, 15, 'Liepaja special', 1.40, '2015-08-27 11:45:00', '14:47:07', '2015-08-09 14:47:07', '2015-08-09 14:47:07', 0),
	(248, 16, 'Bucks Head', 14.61, '2015-09-10 09:00:00', '18:41:02', '2015-08-09 18:29:55', '2015-08-12 13:24:45', 0),
	(249, 16, 'Hamilton\'s Folly', 16.90, '2015-09-10 09:15:00', '18:40:04', '2015-08-09 18:29:55', '2015-08-12 13:24:45', 0),
	(250, 16, 'Lough Henney', 10.58, '2015-09-10 09:30:00', '18:37:17', '2015-08-09 18:29:55', '2015-08-12 13:24:45', 0),
	(251, 16, 'Bucks Head 2', 14.30, '2015-09-10 09:45:00', '18:39:46', '2015-08-09 18:29:55', '2015-08-12 13:24:45', 0),
	(252, 16, 'Hamilton\'s Folly 2', 16.84, '2015-09-10 10:00:00', '18:43:36', '2015-08-09 18:29:56', '2015-08-12 13:24:45', 0),
	(253, 16, 'Lough Henry 2', 10.76, '2015-09-10 10:15:00', '18:36:33', '2015-08-09 18:29:56', '2015-08-12 13:24:45', 0),
	(254, 16, 'Newtownards TT', 1.53, '2015-09-10 10:30:00', '18:29:56', '2015-08-09 18:29:56', '2015-08-12 13:24:45', 0),
	(255, 16, 'Newtownards TT 2', 1.46, '2015-09-10 10:45:00', '18:29:56', '2015-08-09 18:29:56', '2015-08-12 13:24:45', 0),
	(256, 16, 'Bulls Brook', 13.42, '2015-09-10 11:00:00', '18:38:32', '2015-08-09 18:29:56', '2015-08-12 13:24:45', 0),
	(257, 16, 'McGaffins Corner', 26.26, '2015-09-10 11:15:00', '18:53:34', '2015-08-09 18:29:56', '2015-08-12 13:24:45', 0),
	(258, 16, 'Banbridge', 8.93, '2015-09-10 11:30:00', '18:35:58', '2015-08-09 18:29:56', '2015-08-12 13:24:45', 0),
	(259, 16, 'Gregoriough', 14.75, '2015-09-10 11:45:00', '18:39:59', '2015-08-09 18:29:56', '2015-08-12 13:24:45', 0),
	(260, 16, 'Lisburn', 1.10, '2015-09-10 12:00:00', '18:29:56', '2015-08-09 18:29:56', '2015-08-12 13:24:45', 0),
	(261, 16, 'Lisburn 2', 1.26, '2015-09-10 12:15:00', '18:29:56', '2015-08-09 18:29:56', '2015-08-12 13:24:45', 0),
	(262, 16, 'Bulls Brook 2', 13.52, '2015-09-10 12:30:00', '18:41:47', '2015-08-09 18:29:56', '2015-08-12 13:24:45', 0),
	(263, 16, 'McGaffins Corner 2', 26.90, '2015-09-10 12:45:00', '18:49:15', '2015-08-09 18:29:56', '2015-08-12 13:24:45', 0),
	(264, 16, 'Banbridge 2', 8.19, '2015-09-10 13:00:00', '18:36:23', '2015-08-09 18:29:56', '2015-08-12 13:24:45', 0),
	(265, 17, 'Grupo Marques', 3.28, '2015-10-01 09:00:00', '18:39:22', '2015-08-09 18:37:22', '2015-08-12 13:24:45', 0),
	(266, 17, 'Solucoes', 7.29, '2015-10-01 09:15:00', '18:42:17', '2015-08-09 18:37:23', '2015-08-12 13:24:45', 0),
	(267, 17, 'Vila Franca', 12.23, '2015-10-01 09:30:00', '18:47:19', '2015-08-09 18:37:23', '2015-08-12 13:24:45', 0),
	(268, 17, 'Lagoa Meo', 6.55, '2015-10-01 09:45:00', '18:41:29', '2015-08-09 18:37:23', '2015-08-12 13:24:45', 0),
	(269, 17, 'Pico da Pedra Golfe', 7.31, '2015-10-01 10:00:00', '18:41:58', '2015-08-09 18:37:23', '2015-08-12 13:24:45', 0),
	(270, 17, 'Feteiras', 7.77, '2015-10-01 10:15:00', '18:43:06', '2015-08-09 18:37:23', '2015-08-12 13:24:45', 0),
	(271, 17, 'Sete Cidades', 28.27, '2015-10-01 10:30:00', '18:58:44', '2015-08-09 18:37:23', '2015-08-12 13:24:45', 0),
	(272, 17, 'Lagoa Meo 2', 6.60, '2015-10-01 10:45:00', '18:41:50', '2015-08-09 18:37:23', '2015-08-12 13:24:45', 0),
	(273, 17, 'Pico da Pedra Golfe 2', 7.75, '2015-10-01 11:00:00', '18:43:11', '2015-08-09 18:37:23', '2015-08-12 13:24:45', 0),
	(274, 17, 'Feteiras 2', 7.24, '2015-10-01 11:15:00', '18:43:03', '2015-08-09 18:37:23', '2015-08-12 13:24:45', 0),
	(275, 17, 'Sete Cidades 2', 28.33, '2015-10-01 11:30:00', '19:01:17', '2015-08-09 18:37:23', '2015-08-12 13:24:45', 0),
	(276, 17, 'Graminhais', 20.19, '2015-10-01 11:45:00', '18:51:52', '2015-08-09 18:37:23', '2015-08-12 13:24:45', 0),
	(277, 17, 'Tronqueira', 21.69, '2015-10-01 12:00:00', '18:55:57', '2015-08-09 18:37:23', '2015-08-12 13:24:45', 0),
	(278, 17, 'Grupo Marques 2', 3.14, '2015-10-01 12:15:00', '18:39:23', '2015-08-09 18:37:23', '2015-08-12 13:24:45', 0),
	(279, 17, 'Vila Franca 2', 12.14, '2015-10-01 12:30:00', '18:46:15', '2015-08-09 18:37:23', '2015-08-12 13:24:45', 0),
	(280, 17, 'Graminhais 2', 20.53, '2015-10-01 12:45:00', '18:50:36', '2015-08-09 18:37:24', '2015-08-12 13:24:45', 0),
	(281, 17, 'Tronqueira 2', 21.54, '2015-10-01 13:00:00', '18:55:15', '2015-08-09 18:37:24', '2015-08-12 13:24:45', 0),
	(282, 18, 'Langemark', 12.54, '2015-08-26 09:00:00', '10:44:02', '2015-08-10 10:35:26', '2015-08-12 13:24:45', 0),
	(283, 18, 'Dikkebus', 14.81, '2015-08-26 09:15:00', '10:46:39', '2015-08-10 10:35:26', '2015-08-12 13:24:45', 0),
	(284, 18, 'Wijtschate', 13.58, '2015-08-26 09:30:00', '10:44:20', '2015-08-10 10:35:27', '2015-08-12 13:24:45', 0),
	(285, 18, 'Mesen', 7.28, '2015-08-26 09:45:00', '10:39:35', '2015-08-10 10:35:27', '2015-08-12 13:24:45', 0),
	(286, 18, 'Dikkebus 2', 14.20, '2015-08-26 10:00:00', '10:46:38', '2015-08-10 10:35:27', '2015-08-12 13:24:45', 0),
	(287, 18, 'Wijtschate 2', 13.28, '2015-08-26 10:15:00', '10:44:27', '2015-08-10 10:35:27', '2015-08-12 13:24:45', 0),
	(288, 18, 'Mesen 2', 7.64, '2015-08-26 10:30:00', '10:40:49', '2015-08-10 10:35:27', '2015-08-12 13:24:45', 0),
	(289, 18, 'Reninge', 14.32, '2015-08-26 10:45:00', '10:45:26', '2015-08-10 10:35:27', '2015-08-12 13:24:45', 0),
	(290, 18, 'Watou', 14.98, '2015-08-26 11:00:00', '10:47:15', '2015-08-10 10:35:27', '2015-08-12 13:24:45', 0),
	(291, 18, 'Westouter-Boeschepe', 19.55, '2015-08-26 11:15:00', '10:50:19', '2015-08-10 10:35:27', '2015-08-12 13:24:45', 0),
	(292, 18, 'Kemmelberg', 13.59, '2015-08-26 11:30:00', '10:45:10', '2015-08-10 10:35:27', '2015-08-12 13:24:45', 0),
	(293, 18, 'Hollebeket', 23.64, '2015-08-26 11:45:00', '10:55:07', '2015-08-10 10:35:27', '2015-08-12 13:24:45', 0),
	(294, 18, 'Reninge 2', 14.73, '2015-08-26 12:00:00', '10:45:47', '2015-08-10 10:35:27', '2015-08-12 13:24:45', 0),
	(295, 18, 'Watou 2', 14.47, '2015-08-26 12:15:00', '10:45:31', '2015-08-10 10:35:27', '2015-08-12 13:24:45', 0),
	(296, 18, 'Westouter-Boeschepe 2', 19.73, '2015-08-26 12:30:00', '10:48:35', '2015-08-10 10:35:27', '2015-08-12 13:24:45', 0),
	(297, 18, 'Kemmelberg 2', 13.77, '2015-08-26 12:45:00', '10:47:00', '2015-08-10 10:35:27', '2015-08-12 13:24:45', 0),
	(298, 18, 'Hollebeke 2', 23.43, '2015-08-26 13:00:00', '10:53:58', '2015-08-10 10:35:27', '2015-08-12 13:24:45', 0),
	(898, 54, 'Schuiferskapelle 2', 15.86, '2015-08-29 10:00:00', '15:49:03', '2015-08-10 15:38:49', '2015-08-12 13:24:45', 0),
	(897, 54, 'Poelberg', 7.50, '2015-08-29 09:45:00', '15:44:16', '2015-08-10 15:38:49', '2015-08-12 13:24:45', 0),
	(896, 54, 'Oosthoek', 8.74, '2015-08-29 09:30:00', '15:44:31', '2015-08-10 15:38:49', '2015-08-12 13:24:45', 0),
	(895, 54, 'Ondank', 9.93, '2015-08-29 09:15:00', '15:46:46', '2015-08-10 15:38:49', '2015-08-12 13:24:45', 0),
	(894, 54, 'Schuiferskapelle', 15.59, '2015-08-29 09:00:00', '15:50:09', '2015-08-10 15:38:49', '2015-08-12 13:24:45', 0),
	(893, 53, 'Kendal 3', 6.25, '2015-08-28 13:00:00', '15:40:21', '2015-08-10 15:36:16', '2015-08-12 13:24:45', 0),
	(892, 53, 'Bushy Park 2', 5.12, '2015-08-28 12:45:00', '15:40:06', '2015-08-10 15:36:16', '2015-08-12 13:24:45', 0),
	(891, 53, 'Malvern 2', 6.79, '2015-08-28 12:30:00', '15:40:29', '2015-08-10 15:36:16', '2015-08-12 13:24:45', 0),
	(890, 53, 'Kendal 2', 6.87, '2015-08-28 12:15:00', '15:41:09', '2015-08-10 15:36:16', '2015-08-12 13:24:45', 0),
	(889, 53, 'Bushy Park', 5.34, '2015-08-28 12:00:00', '15:39:21', '2015-08-10 15:36:16', '2015-08-12 13:24:45', 0),
	(888, 53, 'Malvern', 6.84, '2015-08-28 11:45:00', '15:40:29', '2015-08-10 15:36:16', '2015-08-12 13:24:45', 0),
	(887, 53, 'Kendal', 6.82, '2015-08-28 11:30:00', '15:40:42', '2015-08-10 15:36:16', '2015-08-12 13:24:45', 0),
	(886, 53, 'Spring Vale 3', 5.83, '2015-08-28 11:15:00', '15:39:53', '2015-08-10 15:36:16', '2015-08-12 13:24:45', 0),
	(885, 53, 'Canefield 3', 6.75, '2015-08-28 11:00:00', '15:40:17', '2015-08-10 15:36:16', '2015-08-12 13:24:45', 0),
	(884, 53, 'Sailor Gully 3', 4.62, '2015-08-28 10:45:00', '15:38:37', '2015-08-10 15:36:15', '2015-08-12 13:24:45', 0),
	(883, 53, 'Spring Vale 2', 5.43, '2015-08-28 10:30:00', '15:39:25', '2015-08-10 15:36:15', '2015-08-12 13:24:45', 0),
	(882, 53, 'Canefield 2', 6.51, '2015-08-28 10:15:00', '15:40:58', '2015-08-10 15:36:15', '2015-08-12 13:24:45', 0),
	(881, 53, 'Sailor Gully 2', 4.78, '2015-08-28 10:00:00', '15:39:01', '2015-08-10 15:36:15', '2015-08-12 13:24:45', 0),
	(880, 53, 'Spring Vale ', 4.22, '2015-08-28 09:45:00', '15:38:30', '2015-08-10 15:36:15', '2015-08-12 13:24:45', 0),
	(879, 53, 'Canefield', 6.48, '2015-08-28 09:30:00', '15:40:41', '2015-08-10 15:36:15', '2015-08-12 13:24:45', 0),
	(878, 53, 'Sailor Gully', 4.45, '2015-08-28 09:15:00', '15:38:45', '2015-08-10 15:36:15', '2015-08-12 13:24:45', 0),
	(877, 53, 'Bushy Park', 1.18, '2015-08-28 09:00:00', '15:36:15', '2015-08-10 15:36:15', '2015-08-12 13:24:45', 0),
	(875, 52, 'Dechantskirchen 3', 9.53, '2015-08-29 12:45:00', '15:37:38', '2015-08-10 15:30:11', '2015-08-12 13:24:45', 0),
	(874, 52, 'Sinnersdorf 3', 8.13, '2015-08-29 12:30:00', '15:36:44', '2015-08-10 15:30:11', '2015-08-12 13:24:45', 0),
	(873, 52, 'Rohrbach 3', 6.16, '2015-08-29 12:15:00', '15:34:20', '2015-08-10 15:30:11', '2015-08-12 13:24:45', 0),
	(872, 52, 'Pinggau 3', 12.63, '2015-08-29 12:00:00', '15:39:23', '2015-08-10 15:30:11', '2015-08-12 13:24:45', 0),
	(871, 52, 'Pinggau Lang 2', 32.40, '2015-08-29 11:45:00', '15:56:19', '2015-08-10 15:30:11', '2015-08-12 13:24:45', 0),
	(870, 52, 'Haideggendorf 2', 8.49, '2015-08-29 11:30:00', '15:36:15', '2015-08-10 15:30:11', '2015-08-12 13:24:45', 0),
	(869, 52, 'Pinggau Lang', 32.70, '2015-08-29 11:15:00', '15:58:30', '2015-08-10 15:30:11', '2015-08-12 13:24:45', 0),
	(868, 52, 'Haideggendorf', 8.74, '2015-08-29 11:00:00', '15:36:07', '2015-08-10 15:30:10', '2015-08-12 13:24:45', 0),
	(867, 52, 'Dechantskirchen 2', 9.70, '2015-08-29 10:45:00', '15:36:15', '2015-08-10 15:30:10', '2015-08-12 13:24:45', 0),
	(866, 52, 'Sinnersdorf 2', 8.48, '2015-08-29 10:30:00', '15:35:35', '2015-08-10 15:30:10', '2015-08-12 13:24:45', 0),
	(865, 52, 'Dechantskirchen', 9.93, '2015-08-29 10:15:00', '15:36:17', '2015-08-10 15:30:10', '2015-08-12 13:24:45', 0),
	(864, 52, 'Sinnersdorf', 8.23, '2015-08-29 10:00:00', '15:35:33', '2015-08-10 15:30:10', '2015-08-12 13:24:45', 0),
	(863, 52, 'Rohrbach 2', 6.74, '2015-08-29 09:45:00', '15:34:38', '2015-08-10 15:30:10', '2015-08-12 13:24:45', 0),
	(862, 52, 'Pinggau 2', 12.85, '2015-08-29 09:30:00', '15:41:10', '2015-08-10 15:30:10', '2015-08-12 13:24:45', 0),
	(861, 52, 'Rohrbach', 6.82, '2015-08-29 09:15:00', '15:34:41', '2015-08-10 15:30:10', '2015-08-12 13:24:45', 0),
	(860, 52, 'Pinggau', 12.55, '2015-08-29 09:00:00', '15:38:16', '2015-08-10 15:30:10', '2015-08-12 13:24:45', 0),
	(856, 51, 'Ristilampi', 49.39, '2015-09-03 12:15:00', '16:03:14', '2015-08-10 15:24:02', '2015-08-12 13:24:45', 0),
	(855, 51, 'Heinunkierto 2', 23.93, '2015-09-03 12:00:00', '15:42:40', '2015-08-10 15:24:02', '2015-08-12 13:24:45', 0),
	(854, 51, 'Sarriojarvi 2', 36.20, '2015-09-03 11:45:00', '15:54:30', '2015-08-10 15:24:02', '2015-08-12 13:24:45', 0),
	(853, 51, 'Hanhikoski 2', 32.45, '2015-09-03 11:30:00', '15:49:42', '2015-08-10 15:24:02', '2015-08-12 13:24:45', 0),
	(852, 51, 'Ristilampi', 49.10, '2015-09-03 11:15:00', '16:07:17', '2015-08-10 15:24:02', '2015-08-12 13:24:45', 0),
	(851, 51, 'Heinunkierto', 23.73, '2015-09-03 11:00:00', '15:40:00', '2015-08-10 15:24:02', '2015-08-12 13:24:45', 0),
	(850, 51, 'Mantyvaara 3', 3.85, '2015-09-03 10:45:00', '15:26:02', '2015-08-10 15:24:02', '2015-08-12 13:24:45', 0),
	(849, 51, 'Sarriojarvi', 36.19, '2015-09-03 10:30:00', '15:53:00', '2015-08-10 15:24:02', '2015-08-12 13:24:45', 0),
	(848, 51, 'Hanhikoski', 32.50, '2015-09-03 10:15:00', '15:52:25', '2015-08-10 15:24:02', '2015-08-12 13:24:45', 0),
	(847, 51, 'Mantyvaara 2', 3.49, '2015-09-03 10:00:00', '15:26:02', '2015-08-10 15:24:02', '2015-08-12 13:24:45', 0),
	(846, 51, 'Jyrhamajarvi', 29.44, '2015-09-03 09:45:00', '15:43:18', '2015-08-10 15:24:02', '2015-08-12 13:24:45', 0),
	(845, 51, 'Siikakama', 38.88, '2015-09-03 09:30:00', '15:58:27', '2015-08-10 15:24:02', '2015-08-12 13:24:45', 0),
	(844, 51, 'Aittajarvi', 24.68, '2015-09-03 09:15:00', '15:44:57', '2015-08-10 15:24:01', '2015-08-12 13:24:45', 0),
	(843, 51, 'Mantyvaara', 3.73, '2015-09-03 09:00:00', '15:26:01', '2015-08-10 15:24:01', '2015-08-12 13:24:45', 0),
	(840, 50, 'Arlifoss 3', 8.86, '2015-08-27 12:30:00', '15:28:13', '2015-08-10 15:21:50', '2015-08-12 13:24:45', 0),
	(839, 50, 'Liangrenna 3', 5.65, '2015-08-27 12:15:00', '15:25:10', '2015-08-10 15:21:50', '2015-08-12 13:24:45', 0),
	(838, 50, 'Klevarsida 3', 6.73, '2015-08-27 12:00:00', '15:26:41', '2015-08-10 15:21:50', '2015-08-12 13:24:45', 0),
	(837, 50, 'Darstul 3', 7.82, '2015-08-27 11:45:00', '15:26:42', '2015-08-10 15:21:50', '2015-08-12 13:24:45', 0),
	(836, 50, 'Elgsjo 3', 6.81, '2015-08-27 11:30:00', '15:26:46', '2015-08-10 15:21:50', '2015-08-12 13:24:45', 0),
	(835, 50, 'Arlifoss 2', 8.30, '2015-08-27 11:15:00', '15:27:05', '2015-08-10 15:21:50', '2015-08-12 13:24:45', 0),
	(834, 50, 'Liangrenna 2', 5.67, '2015-08-27 11:00:00', '15:25:50', '2015-08-10 15:21:50', '2015-08-12 13:24:45', 0),
	(833, 50, 'Arlifoss ', 8.95, '2015-08-27 10:45:00', '15:27:50', '2015-08-10 15:21:50', '2015-08-12 13:24:45', 0),
	(832, 50, 'Liangrenna', 5.38, '2015-08-27 10:30:00', '15:24:52', '2015-08-10 15:21:50', '2015-08-12 13:24:45', 0),
	(831, 50, 'Klevarsida 2', 6.80, '2015-08-27 10:15:00', '15:26:41', '2015-08-10 15:21:50', '2015-08-12 13:24:45', 0),
	(830, 50, 'Darstul 2', 7.33, '2015-08-27 10:00:00', '15:26:35', '2015-08-10 15:21:50', '2015-08-12 13:24:45', 0),
	(829, 50, 'Elgsjo 2', 6.97, '2015-08-27 09:45:00', '15:26:01', '2015-08-10 15:21:50', '2015-08-12 13:24:45', 0),
	(828, 50, 'Klevarsida', 6.99, '2015-08-27 09:30:00', '15:26:33', '2015-08-10 15:21:50', '2015-08-12 13:24:45', 0),
	(827, 50, 'Darstul', 7.10, '2015-08-27 09:15:00', '15:27:24', '2015-08-10 15:21:49', '2015-08-12 13:24:45', 0),
	(826, 50, 'Elgsjo', 6.90, '2015-08-27 09:00:00', '15:26:37', '2015-08-10 15:21:49', '2015-08-12 13:24:45', 0),
	(822, 49, 'Hoye 2', 9.41, '2015-08-26 12:15:00', '15:19:43', '2015-08-10 15:12:08', '2015-08-12 13:24:45', 0),
	(821, 49, 'Steinsland 2', 11.16, '2015-08-26 12:00:00', '15:19:34', '2015-08-10 15:12:08', '2015-08-12 13:24:45', 0),
	(820, 49, 'Gumpens 2', 19.98, '2015-08-26 11:45:00', '15:26:55', '2015-08-10 15:12:08', '2015-08-12 13:24:45', 0),
	(819, 49, 'Solas 2', 31.84, '2015-08-26 11:30:00', '15:36:35', '2015-08-10 15:12:08', '2015-08-12 13:24:45', 0),
	(818, 49, 'Jabekk 2', 4.11, '2015-08-26 11:15:00', '15:15:05', '2015-08-10 15:12:07', '2015-08-12 13:24:45', 0),
	(817, 49, 'Lindland', 25.47, '2015-08-26 11:00:00', '15:30:37', '2015-08-10 15:12:07', '2015-08-12 13:24:45', 0),
	(816, 49, 'Hoye', 9.80, '2015-08-26 10:45:00', '15:18:35', '2015-08-10 15:12:07', '2015-08-12 13:24:45', 0),
	(815, 49, 'Jabekk', 4.90, '2015-08-26 10:30:00', '15:15:04', '2015-08-10 15:12:07', '2015-08-12 13:24:45', 0),
	(814, 49, 'Steinsland', 11.98, '2015-08-26 10:15:00', '15:22:03', '2015-08-10 15:12:07', '2015-08-12 13:24:45', 0),
	(813, 49, 'Gumpens', 19.78, '2015-08-26 10:00:00', '15:25:08', '2015-08-10 15:12:07', '2015-08-12 13:24:45', 0),
	(812, 49, 'Solas', 31.44, '2015-08-26 09:45:00', '15:36:30', '2015-08-10 15:12:07', '2015-08-12 13:24:45', 0),
	(811, 49, 'Arstol', 17.77, '2015-08-26 09:30:00', '15:23:53', '2015-08-10 15:12:07', '2015-08-12 13:24:45', 0),
	(810, 49, 'Tranehoyda', 12.63, '2015-08-26 09:15:00', '15:22:38', '2015-08-10 15:12:07', '2015-08-12 13:24:45', 0),
	(809, 49, 'Skoieheia', 3.60, '2015-08-26 09:00:00', '15:14:07', '2015-08-10 15:12:07', '2015-08-12 13:24:45', 0),
	(418, 26, 'Tartu City', 1.23, '2015-08-28 09:00:00', '10:51:22', '2015-08-10 10:51:22', '2015-08-12 13:24:45', 0),
	(419, 26, 'Arula', 8.91, '2015-08-28 09:15:00', '10:57:19', '2015-08-10 10:51:22', '2015-08-12 13:24:45', 0),
	(420, 26, 'Urvaste', 14.67, '2015-08-28 09:30:00', '11:03:13', '2015-08-10 10:51:22', '2015-08-12 13:24:45', 0),
	(421, 26, 'Raiga', 9.61, '2015-08-28 09:45:00', '10:57:39', '2015-08-10 10:51:22', '2015-08-12 13:24:45', 0),
	(422, 26, 'Ristimae', 34.48, '2015-08-28 10:00:00', '11:18:31', '2015-08-10 10:51:22', '2015-08-12 13:24:45', 0),
	(423, 26, 'Ristimae 2', 34.55, '2015-08-28 10:15:00', '11:17:30', '2015-08-10 10:51:22', '2015-08-12 13:24:45', 0),
	(424, 26, 'Raiga 2', 11.76, '2015-08-28 10:30:00', '10:59:19', '2015-08-10 10:51:22', '2015-08-12 13:24:45', 0),
	(425, 26, 'Elva', 1.46, '2015-08-28 10:45:00', '10:51:23', '2015-08-10 10:51:23', '2015-08-12 13:24:45', 0),
	(426, 26, 'Vissi', 13.52, '2015-08-28 11:00:00', '11:00:00', '2015-08-10 10:51:23', '2015-08-12 13:24:45', 0),
	(427, 26, 'Sulaoja', 7.40, '2015-08-28 11:15:00', '10:55:36', '2015-08-10 10:51:23', '2015-08-12 13:24:45', 0),
	(428, 26, 'Alakula', 11.12, '2015-08-28 11:30:00', '10:58:39', '2015-08-10 10:51:23', '2015-08-12 13:24:45', 0),
	(429, 26, 'Vissi 2', 13.51, '2015-08-28 11:45:00', '11:00:44', '2015-08-10 10:51:23', '2015-08-12 13:24:45', 0),
	(430, 26, 'Sulaoja 2', 7.99, '2015-08-28 12:00:00', '10:55:27', '2015-08-10 10:51:23', '2015-08-12 13:24:45', 0),
	(431, 26, 'Alakula 2', 11.78, '2015-08-28 12:15:00', '10:59:46', '2015-08-10 10:51:23', '2015-08-12 13:24:45', 0),
	(432, 26, 'Arula 2', 8.97, '2015-08-28 12:30:00', '10:57:28', '2015-08-10 10:51:23', '2015-08-12 13:24:45', 0),
	(433, 26, 'Urwaste 2', 14.85, '2015-08-28 12:45:00', '11:02:58', '2015-08-10 10:51:23', '2015-08-12 13:24:45', 0),
	(435, 27, 'Super Stage Zlin', 9.30, '2015-08-25 09:00:00', '11:01:54', '2015-08-10 10:54:48', '2015-08-12 13:24:45', 0),
	(436, 27, 'Slusovice', 16.65, '2015-08-25 09:15:00', '11:08:38', '2015-08-10 10:54:48', '2015-08-12 13:24:45', 0),
	(437, 27, 'Pindula', 18.58, '2015-08-25 09:30:00', '11:10:04', '2015-08-10 10:54:48', '2015-08-12 13:24:45', 0),
	(438, 27, 'Majak', 13.21, '2015-08-25 09:45:00', '11:03:08', '2015-08-10 10:54:49', '2015-08-12 13:24:45', 0),
	(439, 27, 'Kudlovice', 17.88, '2015-08-25 10:00:00', '11:05:55', '2015-08-10 10:54:49', '2015-08-12 13:24:45', 0),
	(440, 27, 'Slusovice 2', 16.31, '2015-08-25 10:15:00', '11:07:53', '2015-08-10 10:54:49', '2015-08-12 13:24:45', 0),
	(441, 27, 'Pindula 2', 18.27, '2015-08-25 10:30:00', '11:07:47', '2015-08-10 10:54:49', '2015-08-12 13:24:45', 0),
	(442, 27, 'Majak 2', 13.47, '2015-08-25 10:45:00', '11:06:35', '2015-08-10 10:54:49', '2015-08-12 13:24:45', 0),
	(443, 27, 'Kudlovice 2', 17.24, '2015-08-25 11:00:00', '11:08:27', '2015-08-10 10:54:49', '2015-08-12 13:24:45', 0),
	(444, 27, 'Semetin', 11.52, '2015-08-25 11:15:00', '11:04:24', '2015-08-10 10:54:49', '2015-08-12 13:24:45', 0),
	(445, 27, 'Trojak', 23.92, '2015-08-25 11:30:00', '11:10:36', '2015-08-10 10:54:49', '2015-08-12 13:24:45', 0),
	(446, 27, 'Zlutava', 8.37, '2015-08-25 11:45:00', '11:00:39', '2015-08-10 10:54:49', '2015-08-12 13:24:45', 0),
	(447, 27, 'Semestin 2', 11.82, '2015-08-25 12:00:00', '11:04:11', '2015-08-10 10:54:49', '2015-08-12 13:24:45', 0),
	(448, 27, 'Trojak 2', 23.70, '2015-08-25 12:15:00', '11:10:58', '2015-08-10 10:54:49', '2015-08-12 13:24:45', 0),
	(449, 27, 'Zlutava 2', 8.24, '2015-08-25 12:30:00', '11:00:10', '2015-08-10 10:54:49', '2015-08-12 13:24:45', 0),
	(452, 28, 'Asfalistiki', 5.90, '2015-08-24 09:00:00', '11:00:46', '2015-08-10 10:57:37', '2015-08-12 13:24:45', 0),
	(453, 28, 'Kotsiatis', 15.12, '2015-08-24 09:15:00', '11:08:20', '2015-08-10 10:57:37', '2015-08-12 13:24:45', 0),
	(454, 28, 'Lythrodontas', 21.70, '2015-08-24 09:30:00', '11:14:36', '2015-08-10 10:57:37', '2015-08-12 13:24:45', 0),
	(455, 28, 'Lefkara', 17.91, '2015-08-24 09:45:00', '11:11:18', '2015-08-10 10:57:37', '2015-08-12 13:24:45', 0),
	(456, 28, 'Klavdia', 11.79, '2015-08-24 10:00:00', '11:06:26', '2015-08-10 10:57:37', '2015-08-12 13:24:45', 0),
	(457, 28, 'Tseri', 14.58, '2015-08-24 10:15:00', '11:07:20', '2015-08-10 10:57:37', '2015-08-12 13:24:45', 0),
	(458, 28, 'Asinou', 11.83, '2015-08-24 10:30:00', '11:07:02', '2015-08-10 10:57:37', '2015-08-12 13:24:45', 0),
	(459, 28, 'Xerarkaka', 21.65, '2015-08-24 10:45:00', '11:16:16', '2015-08-10 10:57:37', '2015-08-12 13:24:45', 0),
	(460, 28, 'Tseri 2', 14.12, '2015-08-24 11:00:00', '11:09:13', '2015-08-10 10:57:37', '2015-08-12 13:24:45', 0),
	(461, 28, 'Asinou 2', 11.60, '2015-08-24 11:15:00', '11:04:49', '2015-08-10 10:57:37', '2015-08-12 13:24:45', 0),
	(462, 28, 'Xerarkaka 2', 21.95, '2015-08-24 11:30:00', '11:13:15', '2015-08-10 10:57:37', '2015-08-12 13:24:45', 0),
	(463, 28, 'Kotsiatis 2', 15.34, '2015-08-24 11:45:00', '11:09:56', '2015-08-10 10:57:38', '2015-08-12 13:24:45', 0),
	(464, 28, 'Lythrodontas 2', 21.32, '2015-08-24 12:00:00', '11:12:22', '2015-08-10 10:57:38', '2015-08-12 13:24:45', 0),
	(465, 28, 'Lefkara 2', 17.84, '2015-08-24 12:15:00', '11:09:35', '2015-08-10 10:57:38', '2015-08-12 13:24:45', 0),
	(466, 28, 'Klavdia 2', 11.48, '2015-08-24 12:30:00', '11:05:53', '2015-08-10 10:57:38', '2015-08-12 13:24:45', 0),
	(469, 29, 'Aghios Ioannis', 21.38, '2015-08-11 09:00:00', '11:19:14', '2015-08-10 11:00:38', '2015-08-12 13:24:45', 0),
	(470, 29, 'Aghionori', 23.59, '2015-08-11 09:15:00', '11:17:49', '2015-08-10 11:00:38', '2015-08-12 13:24:45', 0),
	(471, 29, 'Psari', 17.58, '2015-08-11 09:30:00', '11:12:22', '2015-08-10 11:00:38', '2015-08-12 13:24:45', 0),
	(472, 29, 'Aghios Ioannis 2', 21.16, '2015-08-11 09:45:00', '11:18:03', '2015-08-10 11:00:38', '2015-08-12 13:24:45', 0),
	(473, 29, 'Aghionori 2', 23.77, '2015-08-11 10:00:00', '11:19:18', '2015-08-10 11:00:38', '2015-08-12 13:24:45', 0),
	(474, 29, 'Psari 2', 17.55, '2015-08-11 10:15:00', '11:14:54', '2015-08-10 11:00:38', '2015-08-12 13:24:45', 0),
	(475, 29, 'Klenia', 18.47, '2015-08-11 10:30:00', '11:16:02', '2015-08-10 11:00:39', '2015-08-12 13:24:45', 0),
	(476, 29, 'Nea Kineta', 22.31, '2015-08-11 10:45:00', '11:15:43', '2015-08-10 11:00:39', '2015-08-12 13:24:45', 0),
	(477, 29, 'Loutraki', 16.11, '2015-08-11 11:00:00', '11:12:29', '2015-08-10 11:00:39', '2015-08-12 13:24:45', 0),
	(478, 29, 'Klenia 2', 18.30, '2015-08-11 11:15:00', '11:14:04', '2015-08-10 11:00:39', '2015-08-12 13:24:45', 0),
	(479, 29, 'Nea Kineta 2', 22.72, '2015-08-11 11:30:00', '11:17:11', '2015-08-10 11:00:39', '2015-08-12 13:24:45', 0),
	(480, 29, 'Loutraki 2', 16.79, '2015-08-11 11:45:00', '11:14:18', '2015-08-10 11:00:39', '2015-08-12 13:24:45', 0),
	(481, 29, 'Klenia 3', 18.18, '2015-08-11 12:00:00', '11:12:56', '2015-08-10 11:00:39', '2015-08-12 13:24:45', 0),
	(482, 29, 'Nea Kineta 3', 22.36, '2015-08-11 12:15:00', '11:16:40', '2015-08-10 11:00:39', '2015-08-12 13:24:45', 0),
	(483, 29, 'Loutraki 3', 16.16, '2015-08-11 12:30:00', '11:13:10', '2015-08-10 11:00:39', '2015-08-12 13:24:45', 0),
	(486, 30, 'Leukerbad', 8.11, '2015-08-26 09:00:00', '11:09:49', '2015-08-10 11:04:16', '2015-08-12 13:24:45', 0),
	(487, 30, 'Crans - Montana', 11.50, '2015-08-26 09:15:00', '11:13:45', '2015-08-10 11:04:17', '2015-08-12 13:24:45', 0),
	(488, 30, 'Anzere', 12.81, '2015-08-26 09:30:00', '11:12:20', '2015-08-10 11:04:17', '2015-08-12 13:24:45', 0),
	(489, 30, 'Sierre - Anniviers', 14.79, '2015-08-26 09:45:00', '11:15:08', '2015-08-10 11:04:17', '2015-08-12 13:24:45', 0),
	(490, 30, 'Veysonnaz', 13.83, '2015-08-26 10:00:00', '11:12:24', '2015-08-10 11:04:17', '2015-08-12 13:24:45', 0),
	(491, 30, 'Nendaz', 12.14, '2015-08-26 10:15:00', '11:12:18', '2015-08-10 11:04:17', '2015-08-12 13:24:45', 0),
	(492, 30, 'Caserne', 6.40, '2015-08-26 10:30:00', '11:08:40', '2015-08-10 11:04:17', '2015-08-12 13:24:45', 0),
	(493, 30, 'Sierre - Anniviers 2', 14.56, '2015-08-26 10:45:00', '11:14:45', '2015-08-10 11:04:17', '2015-08-12 13:24:45', 0),
	(494, 30, 'Veysonnaz 2', 13.55, '2015-08-26 11:00:00', '11:15:03', '2015-08-10 11:04:17', '2015-08-12 13:24:45', 0),
	(495, 30, 'Nendaz 2', 12.43, '2015-08-26 11:15:00', '11:13:10', '2015-08-10 11:04:17', '2015-08-12 13:24:45', 0),
	(496, 30, 'Caserne 2', 6.11, '2015-08-26 11:30:00', '11:08:59', '2015-08-10 11:04:17', '2015-08-12 13:24:45', 0),
	(497, 30, 'Champex - Lac', 16.58, '2015-08-26 11:45:00', '11:16:53', '2015-08-10 11:04:17', '2015-08-12 13:24:45', 0),
	(498, 30, 'Bruson', 10.94, '2015-08-26 12:00:00', '11:11:07', '2015-08-10 11:04:17', '2015-08-12 13:24:45', 0),
	(499, 30, 'Verbier', 15.44, '2015-08-26 12:15:00', '11:15:30', '2015-08-10 11:04:17', '2015-08-12 13:24:45', 0),
	(500, 30, 'Les Cols', 32.47, '2015-08-26 12:30:00', '11:27:34', '2015-08-10 11:04:17', '2015-08-12 13:24:45', 0),
	(501, 30, 'Champex - Lac 2', 16.57, '2015-08-26 12:45:00', '11:15:25', '2015-08-10 11:04:18', '2015-08-12 13:24:45', 0),
	(502, 30, 'Bruson 2', 10.51, '2015-08-26 13:00:00', '11:10:33', '2015-08-10 11:04:18', '2015-08-12 13:24:45', 0),
	(503, 31, 'Jodlowka', 18.59, '2015-08-26 09:00:00', '11:26:10', '2015-08-10 11:11:05', '2015-08-12 13:24:45', 0),
	(504, 31, 'Hucisko', 12.67, '2015-08-26 09:15:00', '11:20:35', '2015-08-10 11:11:05', '2015-08-12 13:24:45', 0),
	(505, 31, 'Jodlowka 2', 18.75, '2015-08-26 09:30:00', '11:25:33', '2015-08-10 11:11:05', '2015-08-12 13:24:45', 0),
	(506, 31, 'Hucisko 2', 12.91, '2015-08-26 09:45:00', '11:19:14', '2015-08-10 11:11:05', '2015-08-12 13:24:45', 0),
	(507, 31, 'Przemysl', 9.84, '2015-08-26 10:00:00', '11:18:13', '2015-08-10 11:11:05', '2015-08-12 13:24:45', 0),
	(508, 31, 'Przemysl 2', 9.34, '2015-08-26 10:15:00', '11:17:53', '2015-08-10 11:11:05', '2015-08-12 13:24:45', 0),
	(509, 31, 'Leszczawka', 9.85, '2015-08-26 10:30:00', '11:17:32', '2015-08-10 11:11:05', '2015-08-12 13:24:45', 0),
	(510, 31, 'Huta Brzuska', 8.65, '2015-08-26 10:45:00', '11:16:11', '2015-08-10 11:11:05', '2015-08-12 13:24:45', 0),
	(511, 31, 'Bircza', 15.73, '2015-08-26 11:00:00', '11:23:54', '2015-08-10 11:11:05', '2015-08-12 13:24:45', 0),
	(512, 31, 'Leszczawka 2', 9.46, '2015-08-26 11:15:00', '11:17:34', '2015-08-10 11:11:06', '2015-08-12 13:24:45', 0),
	(513, 31, 'Huta Brzuska 2', 8.18, '2015-08-26 11:30:00', '11:18:02', '2015-08-10 11:11:06', '2015-08-12 13:24:45', 0),
	(514, 31, 'Bircza 2', 15.50, '2015-08-26 11:45:00', '11:23:44', '2015-08-10 11:11:06', '2015-08-12 13:24:45', 0),
	(515, 31, 'Leszczawka 3', 9.23, '2015-08-26 12:00:00', '11:17:16', '2015-08-10 11:11:06', '2015-08-12 13:24:45', 0),
	(516, 31, 'Huta Brzuska 3', 8.68, '2015-08-26 12:15:00', '11:16:23', '2015-08-10 11:11:06', '2015-08-12 13:24:45', 0),
	(517, 31, 'Bircza 3', 15.28, '2015-08-26 12:30:00', '11:23:15', '2015-08-10 11:11:06', '2015-08-12 13:24:45', 0),
	(520, 32, 'Klodzko', 2.76, '2015-08-18 09:00:00', '11:15:37', '2015-08-10 11:14:37', '2015-08-12 13:24:45', 0),
	(521, 32, 'Klodzko 2', 2.65, '2015-08-18 09:15:00', '11:15:38', '2015-08-10 11:14:38', '2015-08-12 13:24:45', 0),
	(522, 32, 'Domaszkow', 23.16, '2015-08-18 09:30:00', '11:29:54', '2015-08-10 11:14:38', '2015-08-12 13:24:45', 0),
	(523, 32, 'Wilkanow', 17.45, '2015-08-18 09:45:00', '11:27:46', '2015-08-10 11:14:38', '2015-08-12 13:24:45', 0),
	(524, 32, 'Domaszkow 2', 23.39, '2015-08-18 10:00:00', '11:31:10', '2015-08-10 11:14:38', '2015-08-12 13:24:45', 0),
	(525, 32, 'Wilkanow 2', 17.16, '2015-08-18 10:15:00', '11:27:34', '2015-08-10 11:14:38', '2015-08-12 13:24:45', 0),
	(526, 32, 'Staropolanka', 14.36, '2015-08-18 10:30:00', '11:25:21', '2015-08-10 11:14:38', '2015-08-12 13:24:45', 0),
	(527, 32, 'BGK', 14.44, '2015-08-18 10:45:00', '11:24:06', '2015-08-10 11:14:38', '2015-08-12 13:24:45', 0),
	(528, 32, 'Radkowska Perla', 9.61, '2015-08-18 11:00:00', '11:20:52', '2015-08-10 11:14:38', '2015-08-12 13:24:45', 0),
	(529, 32, 'Staropolanka 2', 14.10, '2015-08-18 11:15:00', '11:25:35', '2015-08-10 11:14:38', '2015-08-12 13:24:45', 0),
	(530, 32, 'BGK 2', 14.45, '2015-08-18 11:30:00', '11:26:06', '2015-08-10 11:14:38', '2015-08-12 13:24:45', 0),
	(531, 32, 'Radkowska Perla 2', 9.43, '2015-08-18 11:45:00', '11:21:21', '2015-08-10 11:14:38', '2015-08-12 13:24:45', 0),
	(532, 32, 'Staropolanka 3', 14.37, '2015-08-18 12:00:00', '11:26:25', '2015-08-10 11:14:38', '2015-08-12 13:24:45', 0),
	(533, 32, 'BGK 3', 14.43, '2015-08-18 12:15:00', '11:26:12', '2015-08-10 11:14:38', '2015-08-12 13:24:45', 0),
	(534, 32, 'Radkowska Perla 3', 9.96, '2015-08-18 12:30:00', '11:20:50', '2015-08-10 11:14:38', '2015-08-12 13:24:45', 0),
	(537, 33, 'Zabobrze', 2.19, '2015-08-30 09:00:00', '11:22:17', '2015-08-10 11:21:17', '2015-08-12 13:24:45', 0),
	(538, 33, 'Zabobrze 2', 2.87, '2015-08-30 09:15:00', '11:22:17', '2015-08-10 11:21:17', '2015-08-12 13:24:45', 0),
	(539, 33, 'Karpniki', 14.68, '2015-08-30 09:30:00', '11:33:14', '2015-08-10 11:21:17', '2015-08-12 13:24:45', 0),
	(540, 33, 'Gajowka', 12.19, '2015-08-30 09:45:00', '11:29:25', '2015-08-10 11:21:17', '2015-08-12 13:24:45', 0),
	(541, 33, 'Lubomierz', 12.80, '2015-08-30 10:00:00', '11:30:26', '2015-08-10 11:21:17', '2015-08-12 13:24:45', 0),
	(542, 33, 'Karpniki 2', 14.19, '2015-08-30 10:15:00', '11:31:41', '2015-08-10 11:21:17', '2015-08-12 13:24:45', 0),
	(543, 33, 'Gajowka 2', 12.81, '2015-08-30 10:30:00', '11:30:57', '2015-08-10 11:21:17', '2015-08-12 13:24:45', 0),
	(544, 33, 'Lubomierz 2', 12.46, '2015-08-30 10:45:00', '11:31:33', '2015-08-10 11:21:17', '2015-08-12 13:24:45', 0),
	(545, 33, 'Karpacz', 19.22, '2015-08-30 11:00:00', '11:38:03', '2015-08-10 11:21:17', '2015-08-12 13:24:45', 0),
	(546, 33, 'Czernica', 27.43, '2015-08-30 11:15:00', '11:42:34', '2015-08-10 11:21:18', '2015-08-12 13:24:45', 0),
	(547, 33, 'Karpacz 2', 19.34, '2015-08-30 11:30:00', '11:34:09', '2015-08-10 11:21:18', '2015-08-12 13:24:45', 0),
	(548, 33, 'Czernica 2', 27.96, '2015-08-30 11:45:00', '11:42:06', '2015-08-10 11:21:18', '2015-08-12 13:24:45', 0),
	(549, 33, 'Karpacz 3', 19.43, '2015-08-30 12:00:00', '11:37:05', '2015-08-10 11:21:18', '2015-08-12 13:24:45', 0),
	(550, 33, 'Czernica 3', 27.54, '2015-08-30 12:15:00', '11:43:47', '2015-08-10 11:21:18', '2015-08-12 13:24:45', 0),
	(554, 34, 'Lebno', 14.16, '2015-08-25 09:00:00', '11:36:02', '2015-08-10 11:25:24', '2015-08-12 13:24:45', 0),
	(555, 34, 'Ketrzyno', 8.43, '2015-08-25 09:15:00', '11:32:02', '2015-08-10 11:25:24', '2015-08-12 13:24:45', 0),
	(556, 34, 'Linia', 14.30, '2015-08-25 09:30:00', '11:34:43', '2015-08-10 11:25:24', '2015-08-12 13:24:45', 0),
	(557, 34, 'Lebno 2', 14.85, '2015-08-25 09:45:00', '11:36:25', '2015-08-10 11:25:24', '2015-08-12 13:24:45', 0),
	(558, 34, 'Ketrzyno 2', 8.68, '2015-08-25 10:00:00', '11:30:31', '2015-08-10 11:25:24', '2015-08-12 13:24:45', 0),
	(559, 34, 'Linia 2', 14.75, '2015-08-25 10:15:00', '11:36:43', '2015-08-10 11:25:24', '2015-08-12 13:24:45', 0),
	(560, 34, 'Lebno 3', 14.90, '2015-08-25 10:30:00', '11:37:03', '2015-08-10 11:25:24', '2015-08-12 13:24:45', 0),
	(561, 34, 'Ketrzyno 3', 8.30, '2015-08-25 10:45:00', '11:31:35', '2015-08-10 11:25:25', '2015-08-12 13:24:45', 0),
	(562, 34, 'Linia 3', 14.97, '2015-08-25 11:00:00', '11:36:46', '2015-08-10 11:25:25', '2015-08-12 13:24:45', 0),
	(563, 34, 'Przodkowo', 11.65, '2015-08-25 11:15:00', '11:32:42', '2015-08-10 11:25:25', '2015-08-12 13:24:45', 0),
	(564, 34, 'Kartuzy', 12.20, '2015-08-25 11:30:00', '11:33:50', '2015-08-10 11:25:25', '2015-08-12 13:24:45', 0),
	(565, 34, 'Szemud', 13.11, '2015-08-25 11:45:00', '11:37:24', '2015-08-10 11:25:25', '2015-08-12 13:24:45', 0),
	(566, 34, 'Przodkowo 2', 11.56, '2015-08-25 12:00:00', '11:33:33', '2015-08-10 11:25:25', '2015-08-12 13:24:45', 0),
	(567, 34, 'Kartuzy 2', 12.22, '2015-08-25 12:15:00', '11:35:10', '2015-08-10 11:25:25', '2015-08-12 13:24:45', 0),
	(568, 34, 'Szemud 2', 13.18, '2015-08-25 12:30:00', '11:34:30', '2015-08-10 11:25:25', '2015-08-12 13:24:45', 0),
	(571, 35, 'Blizianka', 11.13, '2015-08-26 09:00:00', '11:37:47', '2015-08-10 11:27:51', '2015-08-12 13:24:45', 0),
	(572, 35, 'Lubenia', 25.31, '2015-08-26 09:15:00', '11:44:53', '2015-08-10 11:27:51', '2015-08-12 13:24:45', 0),
	(573, 35, 'Blizianka 2', 11.89, '2015-08-26 09:30:00', '11:37:27', '2015-08-10 11:27:51', '2015-08-12 13:24:45', 0),
	(574, 35, 'Lubenia 2', 25.60, '2015-08-26 09:45:00', '11:48:23', '2015-08-10 11:27:51', '2015-08-12 13:24:45', 0),
	(575, 35, 'Nowy Swiat', 4.68, '2015-08-26 10:00:00', '11:30:44', '2015-08-10 11:27:51', '2015-08-12 13:24:45', 0),
	(576, 35, 'Blizianka 3', 11.65, '2015-08-26 10:15:00', '11:37:20', '2015-08-10 11:27:51', '2015-08-12 13:24:45', 0),
	(577, 35, 'Lubenia 3', 25.94, '2015-08-26 10:30:00', '11:45:28', '2015-08-10 11:27:51', '2015-08-12 13:24:45', 0),
	(578, 35, 'Husow', 12.75, '2015-08-26 10:45:00', '11:38:41', '2015-08-10 11:27:51', '2015-08-12 13:24:45', 0),
	(579, 35, 'Widaczow', 10.72, '2015-08-26 11:00:00', '11:34:53', '2015-08-10 11:27:51', '2015-08-12 13:24:45', 0),
	(580, 35, 'Izdebki', 15.66, '2015-08-26 11:15:00', '11:39:15', '2015-08-10 11:27:51', '2015-08-12 13:24:45', 0),
	(581, 35, 'Husow 2', 12.92, '2015-08-26 11:30:00', '11:37:50', '2015-08-10 11:27:52', '2015-08-12 13:24:45', 0),
	(582, 35, 'Widaczow 2', 10.37, '2015-08-26 11:45:00', '11:35:04', '2015-08-10 11:27:52', '2015-08-12 13:24:45', 0),
	(583, 35, 'Izdebki 2', 15.54, '2015-08-26 12:00:00', '11:39:23', '2015-08-10 11:27:52', '2015-08-12 13:24:45', 0),
	(584, 35, 'Husow 3', 12.74, '2015-08-26 12:15:00', '11:36:33', '2015-08-10 11:27:52', '2015-08-12 13:24:45', 0),
	(585, 35, 'Widaczow 3', 10.90, '2015-08-26 12:30:00', '11:35:46', '2015-08-10 11:27:52', '2015-08-12 13:24:45', 0),
	(586, 35, 'Izdebki 3', 15.57, '2015-08-26 12:45:00', '11:40:40', '2015-08-10 11:27:52', '2015-08-12 13:24:45', 0),
	(588, 36, 'Rosciszow', 8.93, '2015-09-02 09:00:00', '11:41:27', '2015-08-10 11:35:54', '2015-08-12 13:24:45', 0),
	(589, 36, 'Swierki', 8.88, '2015-09-02 09:15:00', '11:41:41', '2015-08-10 11:35:55', '2015-08-12 13:24:45', 0),
	(590, 36, 'Milkow', 12.53, '2015-09-02 09:30:00', '11:44:14', '2015-08-10 11:35:55', '2015-08-12 13:24:45', 0),
	(591, 36, 'Rosciszow 2', 8.20, '2015-09-02 09:45:00', '11:42:21', '2015-08-10 11:35:55', '2015-08-12 13:24:45', 0),
	(592, 36, 'Swierki 2', 8.37, '2015-09-02 10:00:00', '11:41:37', '2015-08-10 11:35:55', '2015-08-12 13:24:45', 0),
	(593, 36, 'Milkow 2', 12.60, '2015-09-02 10:15:00', '11:45:52', '2015-08-10 11:35:55', '2015-08-12 13:24:45', 0),
	(594, 36, 'Rosciszow 3', 8.77, '2015-09-02 10:30:00', '11:42:34', '2015-08-10 11:35:55', '2015-08-12 13:24:45', 0),
	(595, 36, 'Swierki 3', 8.34, '2015-09-02 10:45:00', '11:41:05', '2015-08-10 11:35:55', '2015-08-12 13:24:45', 0),
	(596, 36, 'Milkow 3', 12.54, '2015-09-02 11:00:00', '11:45:04', '2015-08-10 11:35:55', '2015-08-12 13:24:45', 0),
	(597, 36, 'Michalkowa', 14.77, '2015-09-02 11:15:00', '11:45:13', '2015-08-10 11:35:55', '2015-08-12 13:24:45', 0),
	(598, 36, 'Woliborz', 8.38, '2015-09-02 11:30:00', '11:41:37', '2015-08-10 11:35:55', '2015-08-12 13:24:45', 0),
	(599, 36, 'Milkow Reverse', 12.74, '2015-09-02 11:45:00', '11:44:55', '2015-08-10 11:35:55', '2015-08-12 13:24:45', 0),
	(600, 36, 'Michalkowa 2', 14.84, '2015-09-02 12:00:00', '11:45:40', '2015-08-10 11:35:55', '2015-08-12 13:24:45', 0),
	(601, 36, 'Woliborz 2', 8.90, '2015-09-02 12:15:00', '11:41:32', '2015-08-10 11:35:55', '2015-08-12 13:24:45', 0),
	(602, 36, 'Milkow Reverse 2', 12.32, '2015-09-02 12:30:00', '11:45:47', '2015-08-10 11:35:56', '2015-08-12 13:24:45', 0),
	(605, 37, 'Hunter Southern', 6.71, '2015-08-27 09:00:00', '12:03:22', '2015-08-10 11:58:58', '2015-08-12 13:24:45', 0),
	(606, 37, 'Hunter Southern 2', 6.23, '2015-08-27 09:15:00', '12:03:04', '2015-08-10 11:58:58', '2015-08-12 13:24:45', 0),
	(607, 37, 'Harold', 6.98, '2015-08-27 09:30:00', '12:03:55', '2015-08-10 11:58:58', '2015-08-12 13:24:45', 0),
	(608, 37, 'Harold 2', 6.25, '2015-08-27 09:45:00', '12:03:31', '2015-08-10 11:58:58', '2015-08-12 13:24:45', 0),
	(609, 37, 'Hunter Southern 3', 6.89, '2015-08-27 10:00:00', '12:03:28', '2015-08-10 11:58:58', '2015-08-12 13:24:45', 0),
	(610, 37, 'Harold 3', 6.82, '2015-08-27 10:15:00', '12:03:39', '2015-08-10 11:58:58', '2015-08-12 13:24:45', 0),
	(611, 37, 'Harold 4', 6.52, '2015-08-27 10:30:00', '12:03:58', '2015-08-10 11:58:58', '2015-08-12 13:24:45', 0),
	(612, 37, 'Hunter Northern', 8.24, '2015-08-27 10:45:00', '12:04:13', '2015-08-10 11:58:58', '2015-08-12 13:24:45', 0),
	(613, 37, 'Hunter Northern Reverse', 8.58, '2015-08-27 11:00:00', '12:05:51', '2015-08-10 11:58:58', '2015-08-12 13:24:45', 0),
	(614, 37, 'Hunter Southern Reverse', 6.68, '2015-08-27 11:15:00', '12:03:08', '2015-08-10 11:58:58', '2015-08-12 13:24:45', 0),
	(615, 37, 'Hunter Southern 4', 6.40, '2015-08-27 11:30:00', '12:03:55', '2015-08-10 11:58:58', '2015-08-12 13:24:45', 0),
	(616, 37, 'Hunter Northern 2', 8.82, '2015-08-27 11:45:00', '12:05:18', '2015-08-10 11:58:58', '2015-08-12 13:24:45', 0),
	(617, 37, 'Hunter Northern Reverse 2', 8.41, '2015-08-27 12:00:00', '12:05:10', '2015-08-10 11:58:58', '2015-08-12 13:24:45', 0),
	(618, 37, 'Hunter Southern Reverse 2', 6.10, '2015-08-27 12:15:00', '12:03:57', '2015-08-10 11:58:59', '2015-08-12 13:24:45', 0),
	(622, 38, 'Kabardinka', 13.13, '2015-08-26 09:00:00', '12:09:35', '2015-08-10 12:01:23', '2015-08-12 13:24:45', 0),
	(623, 38, 'Glebovskiy', 25.28, '2015-08-26 09:15:00', '12:19:20', '2015-08-10 12:01:23', '2015-08-12 13:24:45', 0),
	(624, 38, 'Markoth', 9.60, '2015-08-26 09:30:00', '12:08:04', '2015-08-10 12:01:23', '2015-08-12 13:24:45', 0),
	(625, 38, 'Golubaya Buhta', 12.75, '2015-08-26 09:45:00', '12:10:46', '2015-08-10 12:01:23', '2015-08-12 13:24:45', 0),
	(626, 38, 'Kabardinka 2', 13.60, '2015-08-26 10:00:00', '12:13:06', '2015-08-10 12:01:23', '2015-08-12 13:24:45', 0),
	(627, 38, 'Glebovskiy 2', 25.96, '2015-08-26 10:15:00', '12:24:06', '2015-08-10 12:01:23', '2015-08-12 13:24:45', 0),
	(628, 38, 'Markoth 2', 9.88, '2015-08-26 10:30:00', '12:08:31', '2015-08-10 12:01:23', '2015-08-12 13:24:45', 0),
	(629, 38, 'Golubaya Buhta 2', 12.23, '2015-08-26 10:45:00', '12:09:39', '2015-08-10 12:01:23', '2015-08-12 13:24:45', 0),
	(630, 38, 'Gorniy', 9.41, '2015-08-26 11:00:00', '12:08:16', '2015-08-10 12:01:23', '2015-08-12 13:24:45', 0),
	(631, 38, 'Semigorskiy', 13.23, '2015-08-26 11:15:00', '12:12:32', '2015-08-10 12:01:23', '2015-08-12 13:24:45', 0),
	(632, 38, 'Natukhaevskiy', 12.56, '2015-08-26 11:30:00', '12:10:01', '2015-08-10 12:01:23', '2015-08-12 13:24:45', 0),
	(633, 38, 'Fort Raevskogo', 10.22, '2015-08-26 11:45:00', '12:09:54', '2015-08-10 12:01:23', '2015-08-12 13:24:45', 0),
	(634, 38, 'Gorniy 2', 9.45, '2015-08-26 12:00:00', '12:08:52', '2015-08-10 12:01:23', '2015-08-12 13:24:45', 0),
	(635, 38, 'Semigorskiy 2', 13.44, '2015-08-26 12:15:00', '12:12:55', '2015-08-10 12:01:24', '2015-08-12 13:24:45', 0),
	(636, 38, 'Natukhaevskiy 2', 12.28, '2015-08-26 12:30:00', '12:11:42', '2015-08-10 12:01:24', '2015-08-12 13:24:45', 0),
	(637, 38, 'Fort Raevskogo 2', 10.11, '2015-08-26 12:45:00', '12:07:45', '2015-08-10 12:01:24', '2015-08-12 13:24:45', 0),
	(639, 39, 'Lillsjohogen', 33.23, '2015-08-27 09:00:00', '12:29:59', '2015-08-10 12:04:32', '2015-08-12 13:24:45', 0),
	(640, 39, 'Campus', 2.77, '2015-08-27 09:15:00', '12:05:32', '2015-08-10 12:04:32', '2015-08-12 13:24:45', 0),
	(641, 39, 'Lillsjohogen 2', 33.23, '2015-08-27 09:30:00', '12:29:26', '2015-08-10 12:04:32', '2015-08-12 13:24:45', 0),
	(642, 39, 'Campus 2', 2.67, '2015-08-27 09:45:00', '12:05:32', '2015-08-10 12:04:32', '2015-08-12 13:24:45', 0),
	(643, 39, 'Vaster-Kalen', 7.63, '2015-08-27 10:00:00', '12:10:06', '2015-08-10 12:04:33', '2015-08-12 13:24:45', 0),
	(644, 39, 'Glosa', 5.85, '2015-08-27 10:15:00', '12:07:56', '2015-08-10 12:04:33', '2015-08-12 13:24:45', 0),
	(645, 39, 'Gallsaberget', 29.17, '2015-08-27 10:30:00', '12:30:29', '2015-08-10 12:04:33', '2015-08-12 13:24:45', 0),
	(646, 39, 'Bolesbodarna', 12.40, '2015-08-27 10:45:00', '12:14:39', '2015-08-10 12:04:33', '2015-08-12 13:24:45', 0),
	(647, 39, 'Sjoarsjon', 12.27, '2015-08-27 11:00:00', '12:13:01', '2015-08-10 12:04:33', '2015-08-12 13:24:45', 0),
	(648, 39, 'Husas', 21.77, '2015-08-27 11:15:00', '12:20:46', '2015-08-10 12:04:33', '2015-08-12 13:24:45', 0),
	(649, 39, 'Vaster-Kalen 2', 7.29, '2015-08-27 11:30:00', '12:09:09', '2015-08-10 12:04:33', '2015-08-12 13:24:45', 0),
	(650, 39, 'Glosa 2', 5.97, '2015-08-27 11:45:00', '12:08:09', '2015-08-10 12:04:33', '2015-08-12 13:24:45', 0),
	(651, 39, 'Gallsaberget 2', 29.92, '2015-08-27 12:00:00', '12:27:14', '2015-08-10 12:04:34', '2015-08-12 13:24:45', 0),
	(652, 39, 'Bolesbodarna 2', 12.15, '2015-08-27 12:15:00', '12:14:34', '2015-08-10 12:04:34', '2015-08-12 13:24:45', 0),
	(653, 39, 'Sjoarsjon', 12.34, '2015-08-27 12:30:00', '12:14:09', '2015-08-10 12:04:34', '2015-08-12 13:24:45', 0),
	(654, 39, 'Husas', 21.89, '2015-08-27 12:45:00', '12:22:49', '2015-08-10 12:04:34', '2015-08-12 13:24:45', 0),
	(656, 40, 'Fjeldsdalen Vest', 3.31, '2015-08-31 09:00:00', '12:16:12', '2015-08-10 12:14:12', '2015-08-12 13:24:45', 0),
	(657, 40, 'Naddum', 6.89, '2015-08-31 09:15:00', '12:18:46', '2015-08-10 12:14:12', '2015-08-12 13:24:45', 0),
	(658, 40, 'Hellesjovannet', 4.52, '2015-08-31 09:30:00', '12:17:00', '2015-08-10 12:14:12', '2015-08-12 13:24:45', 0),
	(659, 40, 'Fjeldsdalen Vest 2', 3.90, '2015-08-31 09:45:00', '12:16:13', '2015-08-10 12:14:13', '2015-08-12 13:24:45', 0),
	(660, 40, 'Naddum 2', 6.19, '2015-08-31 10:00:00', '12:18:49', '2015-08-10 12:14:13', '2015-08-12 13:24:45', 0),
	(661, 40, 'Hellesjovannet 2', 4.83, '2015-08-31 10:15:00', '12:16:48', '2015-08-10 12:14:13', '2015-08-12 13:24:45', 0),
	(662, 40, 'Bjorkelangen Torg', 0.56, '2015-08-31 10:30:00', '12:14:13', '2015-08-10 12:14:13', '2015-08-12 13:24:45', 0),
	(663, 40, 'Oisjoen Nord', 13.43, '2015-08-31 10:45:00', '12:26:00', '2015-08-10 12:14:13', '2015-08-12 13:24:45', 0),
	(664, 40, 'Romsjoen Nord', 13.11, '2015-08-31 11:00:00', '12:24:17', '2015-08-10 12:14:13', '2015-08-12 13:24:45', 0),
	(665, 40, 'Kjolen Syd', 13.93, '2015-08-31 11:15:00', '12:22:59', '2015-08-10 12:14:13', '2015-08-12 13:24:45', 0),
	(666, 40, 'Bjorkelangen Torg 2', 0.67, '2015-08-31 11:30:00', '12:14:13', '2015-08-10 12:14:13', '2015-08-12 13:24:45', 0),
	(667, 40, 'Romsjoen Nord 2', 13.24, '2015-08-31 11:45:00', '12:24:06', '2015-08-10 12:14:13', '2015-08-12 13:24:45', 0),
	(668, 40, 'Kjolen Syd 2', 13.92, '2015-08-31 12:00:00', '12:25:46', '2015-08-10 12:14:13', '2015-08-12 13:24:45', 0),
	(669, 40, 'Oisjoen Nord 2', 13.85, '2015-08-31 12:15:00', '12:25:00', '2015-08-10 12:14:13', '2015-08-12 13:24:45', 0),
	(673, 41, 'Arstadveien', 3.60, '2015-08-30 09:00:00', '12:18:40', '2015-08-10 12:16:40', '2015-08-12 13:24:45', 0),
	(674, 41, 'Stavasen', 17.62, '2015-08-30 09:15:00', '12:29:09', '2015-08-10 12:16:40', '2015-08-12 13:24:45', 0),
	(675, 41, 'Arstadveien 2', 3.35, '2015-08-30 09:30:00', '12:18:40', '2015-08-10 12:16:40', '2015-08-12 13:24:45', 0),
	(676, 41, 'Stavasen 2', 17.65, '2015-08-30 09:45:00', '12:30:09', '2015-08-10 12:16:40', '2015-08-12 13:24:45', 0),
	(677, 41, 'Starmoen', 3.54, '2015-08-30 10:00:00', '12:18:40', '2015-08-10 12:16:40', '2015-08-12 13:24:45', 0),
	(678, 41, 'Rolsasen', 28.55, '2015-08-30 10:15:00', '12:37:52', '2015-08-10 12:16:40', '2015-08-12 13:24:45', 0),
	(679, 41, 'Agasen', 19.18, '2015-08-30 10:30:00', '12:29:22', '2015-08-10 12:16:40', '2015-08-12 13:24:45', 0),
	(680, 41, 'Starmoen 2', 3.89, '2015-08-30 10:45:00', '12:18:40', '2015-08-10 12:16:40', '2015-08-12 13:24:45', 0),
	(681, 41, 'Rolsasen 2', 28.24, '2015-08-30 11:00:00', '12:35:33', '2015-08-10 12:16:40', '2015-08-12 13:24:45', 0),
	(682, 41, 'Agasen 2', 19.32, '2015-08-30 11:15:00', '12:30:14', '2015-08-10 12:16:40', '2015-08-12 13:24:45', 0),
	(683, 41, 'Terningen', 2.81, '2015-08-30 11:30:00', '12:17:40', '2015-08-10 12:16:40', '2015-08-12 13:24:45', 0),
	(684, 41, 'Terningen 2', 2.73, '2015-08-30 11:45:00', '12:17:41', '2015-08-10 12:16:41', '2015-08-12 13:24:45', 0),
	(685, 41, 'Starmoen Reverse', 3.80, '2015-08-30 12:00:00', '12:18:41', '2015-08-10 12:16:41', '2015-08-12 13:24:45', 0),
	(686, 41, 'Rolsasen Reverse', 28.71, '2015-08-30 12:15:00', '12:36:43', '2015-08-10 12:16:41', '2015-08-12 13:24:45', 0),
	(687, 41, 'Agasen Reverse', 19.44, '2015-08-30 12:30:00', '12:33:24', '2015-08-10 12:16:41', '2015-08-12 13:24:45', 0),
	(690, 42, 'Lovbrotte', 5.72, '2015-08-27 09:00:00', '12:22:19', '2015-08-10 12:19:14', '2015-08-12 13:24:45', 0),
	(691, 42, 'Astjern', 6.16, '2015-08-27 09:15:00', '12:24:01', '2015-08-10 12:19:14', '2015-08-12 13:24:45', 0),
	(692, 42, 'Helgedalen', 6.21, '2015-08-27 09:30:00', '12:23:33', '2015-08-10 12:19:14', '2015-08-12 13:24:45', 0),
	(693, 42, 'Lovbrotte Reverse', 5.37, '2015-08-27 09:45:00', '12:22:48', '2015-08-10 12:19:14', '2015-08-12 13:24:45', 0),
	(694, 42, 'Astjern Reverse', 6.95, '2015-08-27 10:00:00', '12:23:56', '2015-08-10 12:19:14', '2015-08-12 13:24:45', 0),
	(695, 42, 'Helgedalen Reverse', 6.32, '2015-08-27 10:15:00', '12:23:38', '2015-08-10 12:19:14', '2015-08-12 13:24:45', 0),
	(696, 42, 'Super Special Stage', 1.50, '2015-08-27 10:30:00', '12:19:15', '2015-08-10 12:19:15', '2015-08-12 13:24:45', 0),
	(697, 42, 'Super Special Stage 2', 1.58, '2015-08-27 10:45:00', '12:19:15', '2015-08-10 12:19:15', '2015-08-12 13:24:45', 0),
	(698, 42, 'Lovbrotte 2', 5.13, '2015-08-27 11:00:00', '12:22:56', '2015-08-10 12:19:15', '2015-08-12 13:24:45', 0),
	(699, 42, 'Astjern 2', 6.12, '2015-08-27 11:15:00', '12:23:28', '2015-08-10 12:19:15', '2015-08-12 13:24:45', 0),
	(700, 42, 'Helgedalen 2', 6.97, '2015-08-27 11:30:00', '12:24:00', '2015-08-10 12:19:15', '2015-08-12 13:24:45', 0),
	(701, 42, 'Lovbrotte Reverse 2', 5.59, '2015-08-27 11:45:00', '12:22:46', '2015-08-10 12:19:15', '2015-08-12 13:24:45', 0),
	(702, 42, 'Astjern Reverse 2', 6.17, '2015-08-27 12:00:00', '12:23:39', '2015-08-10 12:19:15', '2015-08-12 13:24:45', 0),
	(703, 42, 'Helgedalen Reverse 2', 6.67, '2015-08-27 12:15:00', '12:23:51', '2015-08-10 12:19:15', '2015-08-12 13:24:45', 0),
	(707, 43, 'Ringsaker', 8.59, '2015-08-25 09:00:00', '12:50:38', '2015-08-10 12:45:01', '2015-08-12 13:24:45', 0),
	(708, 43, 'Mauset', 5.38, '2015-08-25 09:15:00', '12:48:19', '2015-08-10 12:45:01', '2015-08-12 13:24:45', 0),
	(709, 43, 'Vangsasen', 7.69, '2015-08-25 09:30:00', '12:50:07', '2015-08-10 12:45:01', '2015-08-12 13:24:45', 0),
	(710, 43, 'Vennkvern', 1.81, '2015-08-25 09:45:00', '12:45:01', '2015-08-10 12:45:01', '2015-08-12 13:24:45', 0),
	(711, 43, 'Stange', 4.57, '2015-08-25 10:00:00', '12:47:54', '2015-08-10 12:45:01', '2015-08-12 13:24:45', 0),
	(712, 43, 'Ekeberg', 10.36, '2015-08-25 10:15:00', '12:52:23', '2015-08-10 12:45:02', '2015-08-12 13:24:45', 0),
	(713, 43, 'Brenna', 14.87, '2015-08-25 10:30:00', '12:56:29', '2015-08-10 12:45:02', '2015-08-12 13:24:45', 0),
	(714, 43, 'Vennkvern 2', 1.74, '2015-08-25 10:45:00', '12:45:02', '2015-08-10 12:45:02', '2015-08-12 13:24:45', 0),
	(715, 43, 'Ringsaker 2', 8.76, '2015-08-25 11:00:00', '12:50:39', '2015-08-10 12:45:02', '2015-08-12 13:24:45', 0),
	(716, 43, 'Mauset 2', 5.51, '2015-08-25 11:15:00', '12:48:13', '2015-08-10 12:45:02', '2015-08-12 13:24:45', 0),
	(717, 43, 'Vangsasen 2', 7.36, '2015-08-25 11:30:00', '12:50:22', '2015-08-10 12:45:02', '2015-08-12 13:24:45', 0),
	(718, 43, 'Stange 2', 4.20, '2015-08-25 11:45:00', '12:47:34', '2015-08-10 12:45:02', '2015-08-12 13:24:45', 0),
	(719, 43, 'Ekeberg 2', 10.58, '2015-08-25 12:00:00', '12:51:32', '2015-08-10 12:45:02', '2015-08-12 13:24:45', 0),
	(720, 43, 'Brenna 2', 14.34, '2015-08-25 12:15:00', '12:56:18', '2015-08-10 12:45:02', '2015-08-12 13:24:45', 0),
	(724, 44, 'Gjesthusvegen', 3.14, '2015-08-26 09:00:00', '12:58:06', '2015-08-10 12:56:06', '2015-08-12 13:24:45', 0),
	(725, 44, 'Gronli', 11.29, '2015-08-26 09:15:00', '13:05:08', '2015-08-10 12:56:06', '2015-08-12 13:24:45', 0),
	(726, 44, 'Lauvset', 16.78, '2015-08-26 09:30:00', '13:08:36', '2015-08-10 12:56:06', '2015-08-12 13:24:45', 0),
	(727, 44, 'Ridalen', 26.74, '2015-08-26 09:45:00', '13:18:42', '2015-08-10 12:56:06', '2015-08-12 13:24:45', 0),
	(728, 44, 'Oset', 16.73, '2015-08-26 10:00:00', '13:09:00', '2015-08-10 12:56:06', '2015-08-12 13:24:45', 0),
	(729, 44, 'Gronli Reverse', 11.76, '2015-08-26 10:15:00', '13:04:06', '2015-08-10 12:56:06', '2015-08-12 13:24:45', 0),
	(730, 44, 'Gjesthusvegen 2', 3.78, '2015-08-26 10:30:00', '12:58:06', '2015-08-10 12:56:06', '2015-08-12 13:24:45', 0),
	(731, 44, 'Gronli 2', 11.32, '2015-08-26 10:45:00', '13:05:28', '2015-08-10 12:56:06', '2015-08-12 13:24:45', 0),
	(732, 44, 'Fjellstue', 9.44, '2015-08-26 11:00:00', '13:03:26', '2015-08-10 12:56:06', '2015-08-12 13:24:45', 0),
	(733, 44, 'Oset 2', 16.91, '2015-08-26 11:15:00', '13:07:02', '2015-08-10 12:56:07', '2015-08-12 13:24:45', 0),
	(734, 44, 'Fjellstue 2', 9.43, '2015-08-26 11:30:00', '13:03:11', '2015-08-10 12:56:07', '2015-08-12 13:24:45', 0),
	(735, 44, 'Fjellstue Reverse', 9.85, '2015-08-26 11:45:00', '13:02:27', '2015-08-10 12:56:07', '2015-08-12 13:24:45', 0),
	(736, 44, 'Gronli Reverse 2', 11.68, '2015-08-26 12:00:00', '13:03:23', '2015-08-10 12:56:07', '2015-08-12 13:24:45', 0),
	(737, 44, 'Lauvset 2', 16.47, '2015-08-26 12:15:00', '13:09:47', '2015-08-10 12:56:07', '2015-08-12 13:24:45', 0),
	(741, 45, 'Oslo', 1.95, '2015-09-02 09:00:00', '13:00:49', '2015-08-10 13:00:49', '2015-08-12 13:24:45', 0),
	(742, 45, 'Opaker', 14.96, '2015-09-02 09:15:00', '13:10:25', '2015-08-10 13:00:49', '2015-08-12 13:24:45', 0),
	(743, 45, 'Kirkenaer', 8.64, '2015-09-02 09:30:00', '13:07:46', '2015-08-10 13:00:49', '2015-08-12 13:24:45', 0),
	(744, 45, 'Finnskogen', 20.56, '2015-09-02 09:45:00', '13:17:40', '2015-08-10 13:00:49', '2015-08-12 13:24:45', 0),
	(745, 45, 'Kongsvinger', 13.38, '2015-09-02 10:00:00', '13:10:43', '2015-08-10 13:00:49', '2015-08-12 13:24:45', 0),
	(746, 45, 'Opaker 2', 14.62, '2015-09-02 10:15:00', '13:10:39', '2015-08-10 13:00:49', '2015-08-12 13:24:45', 0),
	(747, 45, 'Finnskogen 2', 20.87, '2015-09-02 10:30:00', '13:16:10', '2015-08-10 13:00:49', '2015-08-12 13:24:45', 0),
	(748, 45, 'Kongsvinger 2', 13.91, '2015-09-02 10:45:00', '13:10:35', '2015-08-10 13:00:49', '2015-08-12 13:24:45', 0),
	(749, 45, 'Kirkenaer 2', 8.85, '2015-09-02 11:00:00', '13:06:19', '2015-08-10 13:00:49', '2015-08-12 13:24:45', 0),
	(750, 45, 'Mountain', 24.25, '2015-09-02 11:15:00', '13:21:48', '2015-08-10 13:00:49', '2015-08-12 13:24:45', 0),
	(751, 45, 'Lillehammer', 6.53, '2015-09-02 11:30:00', '13:05:50', '2015-08-10 13:00:50', '2015-08-12 13:24:45', 0),
	(752, 45, 'Ringsaker', 27.82, '2015-09-02 11:45:00', '13:20:01', '2015-08-10 13:00:50', '2015-08-12 13:24:45', 0),
	(753, 45, 'Hamar', 1.41, '2015-09-02 12:00:00', '13:00:50', '2015-08-10 13:00:50', '2015-08-12 13:24:45', 0),
	(754, 45, 'Mountain 2', 24.72, '2015-09-02 12:15:00', '13:17:35', '2015-08-10 13:00:50', '2015-08-12 13:24:45', 0),
	(755, 45, 'Lillehammer 2', 6.18, '2015-09-02 12:30:00', '13:05:03', '2015-08-10 13:00:50', '2015-08-12 13:24:45', 0),
	(756, 45, 'Ringsaker 2 ', 27.94, '2015-09-02 12:45:00', '13:20:31', '2015-08-10 13:00:50', '2015-08-12 13:24:45', 0),
	(757, 45, 'Hamar 2', 1.27, '2015-09-02 13:00:00', '13:00:50', '2015-08-10 13:00:50', '2015-08-12 13:24:45', 0),
	(758, 46, 'Dokkeberg', 6.66, '2015-08-29 09:00:00', '13:09:48', '2015-08-10 13:05:04', '2015-08-12 13:24:45', 0),
	(759, 46, 'Smadol', 23.78, '2015-08-29 09:15:00', '13:25:30', '2015-08-10 13:05:04', '2015-08-12 13:24:45', 0),
	(760, 46, 'Lesteberg', 9.57, '2015-08-29 09:30:00', '13:12:41', '2015-08-10 13:05:04', '2015-08-12 13:24:45', 0),
	(761, 46, 'Dokkeberg Reverse', 6.29, '2015-08-29 09:45:00', '13:09:22', '2015-08-10 13:05:04', '2015-08-12 13:24:45', 0),
	(762, 46, 'Bjerkeflata Nord', 9.93, '2015-08-29 10:00:00', '13:11:37', '2015-08-10 13:05:04', '2015-08-12 13:24:45', 0),
	(763, 46, 'Smadol Reverse', 23.18, '2015-08-29 10:15:00', '13:22:08', '2015-08-10 13:05:04', '2015-08-12 13:24:45', 0),
	(764, 46, 'Lesteberg Reverse', 9.35, '2015-08-29 10:30:00', '13:11:10', '2015-08-10 13:05:05', '2015-08-12 13:24:45', 0),
	(765, 46, 'Bjerkeflata Nord Reverse', 9.78, '2015-08-29 10:45:00', '13:12:41', '2015-08-10 13:05:05', '2015-08-12 13:24:45', 0),
	(766, 46, 'Dokkeberg 2', 6.16, '2015-08-29 11:00:00', '13:09:48', '2015-08-10 13:05:05', '2015-08-12 13:24:45', 0),
	(767, 46, 'Smadol 2', 23.26, '2015-08-29 11:15:00', '13:20:28', '2015-08-10 13:05:05', '2015-08-12 13:24:45', 0),
	(768, 46, 'Lesteberg 2', 9.48, '2015-08-29 11:30:00', '13:11:22', '2015-08-10 13:05:05', '2015-08-12 13:24:45', 0),
	(769, 46, 'Bjerkeflata Nord 2', 9.70, '2015-08-29 11:45:00', '13:12:16', '2015-08-10 13:05:05', '2015-08-12 13:24:45', 0),
	(770, 46, 'Dokkeberg 3', 6.11, '2015-08-29 12:00:00', '13:09:09', '2015-08-10 13:05:05', '2015-08-12 13:24:45', 0),
	(771, 46, 'Smadol 3', 23.66, '2015-08-29 12:15:00', '13:23:18', '2015-08-10 13:05:05', '2015-08-12 13:24:45', 0),
	(772, 46, 'Lesteberg 3', 9.71, '2015-08-29 12:30:00', '13:11:06', '2015-08-10 13:05:05', '2015-08-12 13:24:45', 0),
	(775, 47, 'Korsboen', 13.36, '2015-08-31 09:00:00', '13:27:58', '2015-08-10 13:16:42', '2015-08-12 13:24:45', 0),
	(776, 47, 'Malmveien', 6.32, '2015-08-31 09:15:00', '13:21:12', '2015-08-10 13:16:42', '2015-08-12 13:24:45', 0),
	(777, 47, 'Letmolia', 16.55, '2015-08-31 09:30:00', '13:26:47', '2015-08-10 13:16:42', '2015-08-12 13:24:45', 0),
	(778, 47, 'Krodsherad', 13.33, '2015-08-31 09:45:00', '13:25:00', '2015-08-10 13:16:42', '2015-08-12 13:24:45', 0),
	(779, 47, 'Bjoreskogen', 11.51, '2015-08-31 10:00:00', '13:24:36', '2015-08-10 13:16:42', '2015-08-12 13:24:45', 0),
	(780, 47, 'Nevra', 16.76, '2015-08-31 10:15:00', '13:27:24', '2015-08-10 13:16:42', '2015-08-12 13:24:45', 0),
	(781, 47, 'Nysaetra', 14.48, '2015-08-31 10:30:00', '13:25:45', '2015-08-10 13:16:42', '2015-08-12 13:24:45', 0),
	(782, 47, 'Malmveien 2', 6.89, '2015-08-31 10:45:00', '13:21:02', '2015-08-10 13:16:42', '2015-08-12 13:24:45', 0),
	(783, 47, 'Letmolia 2', 16.57, '2015-08-31 11:00:00', '13:28:59', '2015-08-10 13:16:42', '2015-08-12 13:24:45', 0),
	(784, 47, 'Krodsherad 2', 13.93, '2015-08-31 11:15:00', '13:27:19', '2015-08-10 13:16:42', '2015-08-12 13:24:45', 0),
	(785, 47, 'Bjoreskogen 2', 11.53, '2015-08-31 11:30:00', '13:24:39', '2015-08-10 13:16:43', '2015-08-12 13:24:45', 0),
	(786, 47, 'Korsboen 2', 13.79, '2015-08-31 11:45:00', '13:26:44', '2015-08-10 13:16:43', '2015-08-12 13:24:45', 0),
	(787, 47, 'Nevra 2', 16.40, '2015-08-31 12:00:00', '13:29:15', '2015-08-10 13:16:43', '2015-08-12 13:24:45', 0),
	(788, 47, 'Nysaetra 2', 14.83, '2015-08-31 12:15:00', '13:28:19', '2015-08-10 13:16:43', '2015-08-12 13:24:45', 0),
	(792, 48, 'Glubo', 5.33, '2015-09-22 09:00:00', '13:22:15', '2015-08-10 13:18:36', '2015-08-12 13:24:45', 0),
	(793, 48, 'Hetlandsheio', 9.68, '2015-09-22 09:15:00', '13:24:54', '2015-08-10 13:18:36', '2015-08-12 13:24:45', 0),
	(794, 48, 'Glubo 2', 5.30, '2015-09-22 09:30:00', '13:22:04', '2015-08-10 13:18:36', '2015-08-12 13:24:45', 0),
	(795, 48, 'Moi', 2.86, '2015-09-22 09:45:00', '13:19:36', '2015-08-10 13:18:36', '2015-08-12 13:24:45', 0),
	(796, 48, 'Jossingfjord', 19.86, '2015-09-22 10:00:00', '13:33:27', '2015-08-10 13:18:36', '2015-08-12 13:24:45', 0),
	(797, 48, 'Moi 2', 2.74, '2015-09-22 10:15:00', '13:19:36', '2015-08-10 13:18:36', '2015-08-12 13:24:45', 0),
	(798, 48, 'Rossland', 3.14, '2015-09-22 10:30:00', '13:20:36', '2015-08-10 13:18:36', '2015-08-12 13:24:45', 0),
	(799, 48, 'Nesvag', 9.10, '2015-09-22 10:45:00', '13:24:58', '2015-08-10 13:18:37', '2015-08-12 13:24:45', 0),
	(800, 48, 'Kjelland', 3.87, '2015-09-22 11:00:00', '13:20:37', '2015-08-10 13:18:37', '2015-08-12 13:24:45', 0),
	(801, 48, 'Rossland 2', 3.73, '2015-09-22 11:15:00', '13:20:37', '2015-08-10 13:18:37', '2015-08-12 13:24:45', 0),
	(802, 48, 'Nesvag 2', 9.22, '2015-09-22 11:30:00', '13:25:43', '2015-08-10 13:18:37', '2015-08-12 13:24:45', 0),
	(803, 48, 'Kjelland 2', 3.78, '2015-09-22 11:45:00', '13:20:37', '2015-08-10 13:18:37', '2015-08-12 13:24:45', 0),
	(804, 48, 'Jossingfjord 2', 19.43, '2015-09-22 12:00:00', '13:32:57', '2015-08-10 13:18:37', '2015-08-12 13:24:45', 0),
	(805, 48, 'Hetlandsheio', 9.85, '2015-09-22 12:15:00', '13:24:57', '2015-08-10 13:18:37', '2015-08-12 13:24:45', 0),
	(899, 54, 'Ondank 2', 9.47, '2015-08-29 10:15:00', '15:45:43', '2015-08-10 15:38:49', '2015-08-12 13:24:45', 0),
	(900, 54, 'Oosthoek 2', 8.10, '2015-08-29 10:30:00', '15:44:17', '2015-08-10 15:38:50', '2015-08-12 13:24:45', 0),
	(901, 54, 'Poelberg 2', 7.10, '2015-08-29 10:45:00', '15:43:05', '2015-08-10 15:38:50', '2015-08-12 13:24:45', 0),
	(902, 54, 'Schuiferskapelle 3', 15.62, '2015-08-29 11:00:00', '15:50:28', '2015-08-10 15:38:50', '2015-08-12 13:24:45', 0),
	(903, 54, 'Ondank 3', 9.79, '2015-08-29 11:15:00', '15:46:35', '2015-08-10 15:38:50', '2015-08-12 13:24:45', 0),
	(904, 54, 'Oosthoek 3', 8.43, '2015-08-29 11:30:00', '15:44:56', '2015-08-10 15:38:50', '2015-08-12 13:24:45', 0),
	(905, 54, 'Poelberg 3', 7.57, '2015-08-29 11:45:00', '15:43:21', '2015-08-10 15:38:50', '2015-08-12 13:24:45', 0),
	(906, 54, 'Schuiferskapelle 4', 15.81, '2015-08-29 12:00:00', '15:48:53', '2015-08-10 15:38:50', '2015-08-12 13:24:45', 0),
	(907, 54, 'Ondank 4', 9.56, '2015-08-29 12:15:00', '15:45:31', '2015-08-10 15:38:50', '2015-08-12 13:24:45', 0),
	(908, 54, 'Oosthoek 4', 8.45, '2015-08-29 12:30:00', '15:44:54', '2015-08-10 15:38:50', '2015-08-12 13:24:45', 0),
	(909, 54, 'Poelberg 4', 7.29, '2015-08-29 12:45:00', '15:42:56', '2015-08-10 15:38:50', '2015-08-12 13:24:45', 0),
	(911, 55, 'Citadelle', 4.57, '2015-09-17 09:00:00', '15:43:57', '2015-08-10 15:41:57', '2015-08-12 13:24:45', 0),
	(912, 55, 'Malonne', 14.18, '2015-09-17 09:15:00', '15:52:12', '2015-08-10 15:41:57', '2015-08-12 13:24:45', 0),
	(913, 55, 'Bois de Villers', 9.25, '2015-09-17 09:30:00', '15:48:19', '2015-08-10 15:41:57', '2015-08-12 13:24:45', 0),
	(914, 55, 'Crupet', 11.37, '2015-09-17 09:45:00', '15:50:26', '2015-08-10 15:41:57', '2015-08-12 13:24:45', 0),
	(915, 55, 'Natoye', 10.66, '2015-09-17 10:00:00', '15:49:19', '2015-08-10 15:41:57', '2015-08-12 13:24:45', 0),
	(916, 55, 'Malonne 2', 14.53, '2015-09-17 10:15:00', '15:53:05', '2015-08-10 15:41:57', '2015-08-12 13:24:45', 0),
	(917, 55, 'Bois de Villers 2', 9.36, '2015-09-17 10:30:00', '15:49:55', '2015-08-10 15:41:58', '2015-08-12 13:24:45', 0),
	(918, 55, 'Crupet 2', 11.54, '2015-09-17 10:45:00', '15:50:40', '2015-08-10 15:41:58', '2015-08-12 13:24:45', 0),
	(919, 55, 'Natoye 2', 10.48, '2015-09-17 11:00:00', '15:50:51', '2015-08-10 15:41:58', '2015-08-12 13:24:45', 0),
	(920, 55, 'Malonne 3', 14.23, '2015-09-17 11:15:00', '15:53:58', '2015-08-10 15:41:58', '2015-08-12 13:24:46', 0),
	(921, 55, 'Bois de Villers 3', 9.87, '2015-09-17 11:30:00', '15:49:05', '2015-08-10 15:41:58', '2015-08-12 13:24:46', 0),
	(922, 55, 'Crupet 3', 11.10, '2015-09-17 11:45:00', '15:51:07', '2015-08-10 15:41:58', '2015-08-12 13:24:46', 0),
	(923, 55, 'Natoye 3', 10.80, '2015-09-17 12:00:00', '15:50:02', '2015-08-10 15:41:58', '2015-08-12 13:24:46', 0),
	(924, 55, 'Naninne', 7.16, '2015-09-17 12:15:00', '15:46:51', '2015-08-10 15:41:58', '2015-08-12 13:24:46', 0),
	(925, 55, 'Loyers', 5.52, '2015-09-17 12:30:00', '15:45:20', '2015-08-10 15:41:58', '2015-08-12 13:24:46', 0),
	(926, 55, 'Wartet', 8.61, '2015-09-17 12:45:00', '15:48:15', '2015-08-10 15:41:58', '2015-08-12 13:24:46', 0),
	(927, 55, 'Vedrin', 5.13, '2015-09-17 13:00:00', '15:45:55', '2015-08-10 15:41:58', '2015-08-12 13:24:46', 0),
	(928, 56, 'Campo Magro', 18.73, '2015-08-28 09:00:00', '15:57:48', '2015-08-10 15:44:48', '2015-08-12 13:24:46', 0),
	(929, 56, 'Ouro Fino', 12.29, '2015-08-28 09:15:00', '15:55:07', '2015-08-10 15:44:48', '2015-08-12 13:24:46', 0),
	(930, 56, 'Curtiba', 12.45, '2015-08-28 09:30:00', '15:53:54', '2015-08-10 15:44:48', '2015-08-12 13:24:46', 0),
	(931, 56, 'Campo Magro 2', 18.13, '2015-08-28 09:45:00', '15:57:31', '2015-08-10 15:44:48', '2015-08-12 13:24:46', 0),
	(932, 56, 'Curtiba 2', 12.12, '2015-08-28 10:00:00', '15:55:46', '2015-08-10 15:44:48', '2015-08-12 13:24:46', 0),
	(933, 56, 'Campo Magro 3', 18.70, '2015-08-28 10:15:00', '15:57:25', '2015-08-10 15:44:48', '2015-08-12 13:24:46', 0),
	(934, 56, 'Ouro Fino 2', 12.28, '2015-08-28 10:30:00', '15:54:34', '2015-08-10 15:44:48', '2015-08-12 13:24:46', 0),
	(935, 56, 'Bocaiuva', 28.20, '2015-08-28 10:45:00', '16:08:21', '2015-08-10 15:44:48', '2015-08-12 13:24:46', 0),
	(936, 56, 'Rio Pesqueiro', 15.55, '2015-08-28 11:00:00', '15:56:10', '2015-08-10 15:44:48', '2015-08-12 13:24:46', 0),
	(937, 56, 'Quatro Barras', 12.96, '2015-08-28 11:15:00', '15:55:25', '2015-08-10 15:44:48', '2015-08-12 13:24:46', 0),
	(938, 56, 'Nobre', 10.29, '2015-08-28 11:30:00', '15:51:57', '2015-08-10 15:44:48', '2015-08-12 13:24:46', 0),
	(939, 56, 'Rio Pesqueiro 2', 15.21, '2015-08-28 11:45:00', '15:56:09', '2015-08-10 15:44:48', '2015-08-12 13:24:46', 0),
	(940, 56, 'Quatro Barras 2', 12.19, '2015-08-28 12:00:00', '15:53:30', '2015-08-10 15:44:48', '2015-08-12 13:24:46', 0),
	(941, 56, 'Campina', 23.68, '2015-08-28 12:15:00', '16:03:41', '2015-08-10 15:44:48', '2015-08-12 13:24:46', 0),
	(942, 56, 'Prime Pinhais', 3.22, '2015-08-28 12:30:00', '15:46:49', '2015-08-10 15:44:49', '2015-08-12 13:24:46', 0),
	(945, 57, 'Beli Iskar', 6.46, '2015-10-06 09:00:00', '15:52:50', '2015-08-10 15:48:24', '2015-08-12 13:24:46', 0),
	(946, 57, 'Borovetz - Raduil', 9.36, '2015-10-06 09:15:00', '15:56:00', '2015-08-10 15:48:24', '2015-08-12 13:24:46', 0),
	(947, 57, 'Muhovo', 29.86, '2015-10-06 09:30:00', '16:12:30', '2015-08-10 15:48:24', '2015-08-12 13:24:46', 0),
	(948, 57, 'Slavovitza', 17.28, '2015-10-06 09:45:00', '15:59:47', '2015-08-10 15:48:24', '2015-08-12 13:24:46', 0),
	(949, 57, 'Beli Iskar 2', 6.81, '2015-10-06 10:00:00', '15:52:32', '2015-08-10 15:48:24', '2015-08-12 13:24:46', 0),
	(950, 57, 'Borovetz - Raduil 2', 9.13, '2015-10-06 10:15:00', '15:55:02', '2015-08-10 15:48:24', '2015-08-12 13:24:46', 0),
	(951, 57, 'Muhovo 2', 29.23, '2015-10-06 10:30:00', '16:11:16', '2015-08-10 15:48:24', '2015-08-12 13:24:46', 0),
	(952, 57, 'Slavovitza 2', 17.22, '2015-10-06 10:45:00', '16:02:35', '2015-08-10 15:48:24', '2015-08-12 13:24:46', 0),
	(953, 57, 'Trayanovi Vrata', 18.68, '2015-10-06 11:00:00', '16:00:42', '2015-08-10 15:48:24', '2015-08-12 13:24:46', 0),
	(954, 57, 'Lubnitza', 30.83, '2015-10-06 11:15:00', '16:09:25', '2015-08-10 15:48:25', '2015-08-12 13:24:46', 0),
	(955, 57, 'Raduil - Borovetz', 9.67, '2015-10-06 11:30:00', '15:55:51', '2015-08-10 15:48:25', '2015-08-12 13:24:46', 0),
	(956, 57, 'Borovetz - Beli Iskar', 6.22, '2015-10-06 11:45:00', '15:53:20', '2015-08-10 15:48:25', '2015-08-12 13:24:46', 0),
	(957, 57, 'Trayanovi Vrata 2', 18.82, '2015-10-06 12:00:00', '16:03:28', '2015-08-10 15:48:25', '2015-08-12 13:24:46', 0),
	(958, 57, 'Lubnitza 2', 30.63, '2015-10-06 12:15:00', '16:11:48', '2015-08-10 15:48:25', '2015-08-12 13:24:46', 0),
	(962, 58, 'Porec', 1.92, '2015-09-23 09:00:00', '15:50:44', '2015-08-10 15:50:44', '2015-08-12 13:24:46', 0),
	(963, 58, 'Boljun', 14.93, '2015-09-23 09:15:00', '16:02:14', '2015-08-10 15:50:44', '2015-08-12 13:24:46', 0),
	(964, 58, 'Ucka', 13.64, '2015-09-23 09:30:00', '16:01:46', '2015-08-10 15:50:44', '2015-08-12 13:24:46', 0),
	(965, 58, 'Brest', 29.85, '2015-09-23 09:45:00', '16:11:54', '2015-08-10 15:50:45', '2015-08-12 13:24:46', 0),
	(966, 58, 'Boljun 2', 14.17, '2015-09-23 10:00:00', '16:02:12', '2015-08-10 15:50:45', '2015-08-12 13:24:46', 0),
	(967, 58, 'Ucka 2', 13.76, '2015-09-23 10:15:00', '15:59:11', '2015-08-10 15:50:45', '2015-08-12 13:24:46', 0),
	(968, 58, 'Brest 2', 29.91, '2015-09-23 10:30:00', '16:10:35', '2015-08-10 15:50:45', '2015-08-12 13:24:46', 0),
	(969, 58, 'Butoniga', 14.56, '2015-09-23 10:45:00', '16:02:11', '2015-08-10 15:50:45', '2015-08-12 13:24:46', 0),
	(970, 58, 'Buzet', 14.74, '2015-09-23 11:00:00', '16:00:34', '2015-08-10 15:50:45', '2015-08-12 13:24:46', 0),
	(971, 58, 'Salteria', 29.35, '2015-09-23 11:15:00', '16:10:33', '2015-08-10 15:50:45', '2015-08-12 13:24:46', 0),
	(972, 58, 'Butoniga 2', 14.12, '2015-09-23 11:30:00', '16:00:33', '2015-08-10 15:50:45', '2015-08-12 13:24:46', 0),
	(973, 58, 'Buzet 2', 14.19, '2015-09-23 11:45:00', '16:01:07', '2015-08-10 15:50:45', '2015-08-12 13:24:46', 0),
	(974, 58, 'Salteria 2', 29.92, '2015-09-23 12:00:00', '16:12:48', '2015-08-10 15:50:45', '2015-08-12 13:24:46', 0),
	(975, 58, 'Porec 2', 1.79, '2015-09-23 12:15:00', '15:50:45', '2015-08-10 15:50:45', '2015-08-12 13:24:46', 0),
	(976, 58, 'Porec 3', 1.84, '2015-09-23 12:30:00', '15:50:45', '2015-08-10 15:50:45', '2015-08-12 13:24:46', 0),
	(979, 59, 'Horazdovice - Komusin', 5.60, '2015-09-10 09:00:00', '15:58:03', '2015-08-10 15:54:30', '2015-08-12 13:24:46', 0),
	(980, 59, 'Cecelovice', 16.35, '2015-09-10 09:15:00', '16:07:07', '2015-08-10 15:54:30', '2015-08-12 13:24:46', 0),
	(981, 59, 'Doubravice - Chrastovice', 11.94, '2015-09-10 09:30:00', '16:02:23', '2015-08-10 15:54:30', '2015-08-12 13:24:46', 0),
	(982, 59, 'Strazovice - Nehodiv', 7.69, '2015-09-10 09:45:00', '15:59:52', '2015-08-10 15:54:31', '2015-08-12 13:24:46', 0),
	(983, 59, 'Horazdovice - Komusin 2', 5.42, '2015-09-10 10:00:00', '15:58:04', '2015-08-10 15:54:31', '2015-08-12 13:24:46', 0),
	(984, 59, 'Cecelovice 2', 16.91, '2015-09-10 10:15:00', '16:05:08', '2015-08-10 15:54:31', '2015-08-12 13:24:46', 0),
	(985, 59, 'Doubravice - Chrastovice 2', 11.99, '2015-09-10 10:30:00', '16:02:52', '2015-08-10 15:54:31', '2015-08-12 13:24:46', 0),
	(986, 59, 'Strazovice - Nehodiv 2', 7.41, '2015-09-10 10:45:00', '15:59:50', '2015-08-10 15:54:31', '2015-08-12 13:24:46', 0),
	(987, 59, 'Horazdovice - Komusin 3', 5.52, '2015-09-10 11:00:00', '15:57:33', '2015-08-10 15:54:31', '2015-08-12 13:24:46', 0),
	(988, 59, 'Cecelovice 3', 16.44, '2015-09-10 11:15:00', '16:06:52', '2015-08-10 15:54:31', '2015-08-12 13:24:46', 0),
	(989, 59, 'Doubravice - Chrastovice 3', 11.68, '2015-09-10 11:30:00', '16:03:41', '2015-08-10 15:54:31', '2015-08-12 13:24:46', 0),
	(990, 59, 'Strazovice - Nehodiv 3', 7.32, '2015-09-10 11:45:00', '15:59:34', '2015-08-10 15:54:31', '2015-08-12 13:24:46', 0),
	(991, 59, 'Nehodiv - Cecelovice', 12.42, '2015-09-10 12:00:00', '16:05:08', '2015-08-10 15:54:31', '2015-08-12 13:24:46', 0),
	(992, 59, 'Cecelovice - Doubravice', 7.81, '2015-09-10 12:15:00', '16:00:09', '2015-08-10 15:54:31', '2015-08-12 13:24:46', 0),
	(996, 60, 'Bondy', 2.22, '2015-10-14 09:00:00', '16:21:57', '2015-08-10 16:20:57', '2015-08-12 13:24:46', 0),
	(997, 60, 'Sychrov', 19.27, '2015-10-14 09:15:00', '16:37:23', '2015-08-10 16:20:57', '2015-08-12 13:24:46', 0),
	(998, 60, 'Sumburk', 16.99, '2015-10-14 09:30:00', '16:32:32', '2015-08-10 16:20:57', '2015-08-12 13:24:46', 0),
	(999, 60, 'Bzi', 5.76, '2015-10-14 09:45:00', '16:24:34', '2015-08-10 16:20:57', '2015-08-12 13:24:46', 0),
	(1000, 60, 'Sychrov 2', 19.24, '2015-10-14 10:00:00', '16:34:06', '2015-08-10 16:20:57', '2015-08-12 13:24:46', 0),
	(1001, 60, 'Sumburk 2', 16.59, '2015-10-14 10:15:00', '16:32:11', '2015-08-10 16:20:58', '2015-08-12 13:24:46', 0),
	(1002, 60, 'Bzi 2', 5.86, '2015-10-14 10:30:00', '16:24:14', '2015-08-10 16:20:58', '2015-08-12 13:24:46', 0),
	(1003, 60, 'Lobec', 11.39, '2015-10-14 10:45:00', '16:30:46', '2015-08-10 16:20:58', '2015-08-12 13:24:46', 0),
	(1004, 60, 'Vinec', 15.96, '2015-10-14 11:00:00', '16:31:02', '2015-08-10 16:20:58', '2015-08-12 13:24:46', 0),
	(1005, 60, 'Staromestska', 5.22, '2015-10-14 11:15:00', '16:23:58', '2015-08-10 16:20:58', '2015-08-12 13:24:46', 0),
	(1006, 60, 'Lobec 2', 11.89, '2015-10-14 11:30:00', '16:28:33', '2015-08-10 16:20:58', '2015-08-12 13:24:46', 0),
	(1007, 60, 'Vinec 2', 15.22, '2015-10-14 11:45:00', '16:32:45', '2015-08-10 16:20:58', '2015-08-12 13:24:46', 0),
	(1008, 60, 'Staromestska 2', 5.31, '2015-10-14 12:00:00', '16:24:27', '2015-08-10 16:20:58', '2015-08-12 13:24:46', 0),
	(1009, 60, 'Lobec 3', 11.37, '2015-10-14 12:15:00', '16:29:48', '2015-08-10 16:20:58', '2015-08-12 13:24:46', 0),
	(1010, 60, 'Vinec 3', 15.62, '2015-10-14 12:30:00', '16:33:46', '2015-08-10 16:20:58', '2015-08-12 13:24:46', 0),
	(1013, 61, 'Marchampt', 12.33, '2015-08-28 09:00:00', '16:35:13', '2015-08-10 16:27:13', '2015-08-12 13:24:46', 0),
	(1014, 61, 'Lamure sur Azergues', 14.29, '2015-08-28 09:15:00', '16:36:55', '2015-08-10 16:27:13', '2015-08-12 13:24:46', 0),
	(1015, 61, 'Bibost', 13.92, '2015-08-28 09:30:00', '16:39:09', '2015-08-10 16:27:13', '2015-08-12 13:24:46', 0),
	(1016, 61, 'Rontalon', 14.90, '2015-08-28 09:45:00', '16:37:35', '2015-08-10 16:27:13', '2015-08-12 13:24:46', 0),
	(1017, 61, 'Lyon - Gerland', 1.36, '2015-08-28 10:00:00', '16:27:13', '2015-08-10 16:27:13', '2015-08-12 13:24:46', 0),
	(1018, 61, 'Marchampt - Claveisoles', 25.64, '2015-08-28 10:15:00', '16:47:31', '2015-08-10 16:27:13', '2015-08-12 13:24:46', 0),
	(1019, 61, 'Lamure sur Azergues 2', 14.35, '2015-08-28 10:30:00', '16:37:21', '2015-08-10 16:27:13', '2015-08-12 13:24:46', 0),
	(1020, 61, 'Les Noirs', 18.37, '2015-08-28 10:45:00', '16:40:05', '2015-08-10 16:27:13', '2015-08-12 13:24:46', 0),
	(1021, 61, 'Les Sauvages', 12.40, '2015-08-28 11:00:00', '16:35:36', '2015-08-10 16:27:13', '2015-08-12 13:24:46', 0),
	(1022, 61, 'Marchampt - Claveisoles', 25.68, '2015-08-28 11:15:00', '16:48:06', '2015-08-10 16:27:14', '2015-08-12 13:24:46', 0),
	(1023, 61, 'Lamure sur Azergues 3', 14.34, '2015-08-28 11:30:00', '16:38:24', '2015-08-10 16:27:14', '2015-08-12 13:24:46', 0),
	(1024, 61, 'Les Noirs 2', 18.79, '2015-08-28 11:45:00', '16:40:58', '2015-08-10 16:27:14', '2015-08-12 13:24:46', 0),
	(1025, 61, 'Les Sauvages 2', 12.98, '2015-08-28 12:00:00', '16:37:02', '2015-08-10 16:27:14', '2015-08-12 13:24:46', 0),
	(1026, 61, 'Les Noirs 3', 18.13, '2015-08-28 12:15:00', '16:41:25', '2015-08-10 16:27:14', '2015-08-12 13:24:46', 0),
	(1027, 61, 'Les Sauvages 3', 12.29, '2015-08-28 12:30:00', '16:35:54', '2015-08-10 16:27:14', '2015-08-12 13:24:46', 0),
	(1030, 62, 'Camiers', 12.79, '2015-08-29 09:00:00', '16:37:43', '2015-08-10 16:29:02', '2015-08-12 13:24:46', 0),
	(1031, 62, 'La Calotterie', 12.38, '2015-08-29 09:15:00', '16:37:37', '2015-08-10 16:29:02', '2015-08-12 13:24:46', 0),
	(1032, 62, 'Airon', 15.10, '2015-08-29 09:30:00', '16:40:59', '2015-08-10 16:29:02', '2015-08-12 13:24:46', 0),
	(1033, 62, 'Le Touquet', 2.97, '2015-08-29 09:45:00', '16:30:02', '2015-08-10 16:29:02', '2015-08-12 13:24:46', 0),
	(1034, 62, 'Camiers 2', 12.33, '2015-08-29 10:00:00', '16:39:56', '2015-08-10 16:29:02', '2015-08-12 13:24:46', 0),
	(1035, 62, 'La Calotterie 2', 12.94, '2015-08-29 10:15:00', '16:37:07', '2015-08-10 16:29:02', '2015-08-12 13:24:46', 0),
	(1036, 62, 'Airon 2', 15.34, '2015-08-29 10:30:00', '16:40:06', '2015-08-10 16:29:03', '2015-08-12 13:24:46', 0),
	(1037, 62, 'Le Touquet 2', 2.87, '2015-08-29 10:45:00', '16:30:03', '2015-08-10 16:29:03', '2015-08-12 13:24:46', 0),
	(1038, 62, 'Bourthes', 27.75, '2015-08-29 11:00:00', '16:52:30', '2015-08-10 16:29:03', '2015-08-12 13:24:46', 0),
	(1039, 62, 'Bourthes 2', 27.95, '2015-08-29 11:15:00', '16:47:17', '2015-08-10 16:29:03', '2015-08-12 13:24:46', 0),
	(1040, 62, 'Hucqueliers', 30.14, '2015-08-29 11:30:00', '16:55:02', '2015-08-10 16:29:03', '2015-08-12 13:24:46', 0),
	(1041, 62, 'Le Touquet 3', 2.77, '2015-08-29 11:45:00', '16:30:03', '2015-08-10 16:29:03', '2015-08-12 13:24:46', 0),
	(1042, 62, 'Hucqueliers 2', 30.21, '2015-08-29 12:00:00', '16:52:11', '2015-08-10 16:29:03', '2015-08-12 13:24:46', 0),
	(1043, 62, 'Bourthes 3', 27.93, '2015-08-29 12:15:00', '16:51:54', '2015-08-10 16:29:03', '2015-08-12 13:24:46', 0),
	(1044, 62, 'Hucqueliers 3', 30.15, '2015-08-29 12:30:00', '16:53:46', '2015-08-10 16:29:03', '2015-08-12 13:24:46', 0),
	(1047, 63, 'Stollberg', 4.97, '2015-09-28 09:00:00', '16:34:14', '2015-08-10 16:31:41', '2015-08-12 13:24:46', 0),
	(1048, 63, 'Grunhain', 14.93, '2015-09-28 09:15:00', '16:42:29', '2015-08-10 16:31:41', '2015-08-12 13:24:46', 0),
	(1049, 63, 'Gelenau', 7.97, '2015-09-28 09:30:00', '16:37:30', '2015-08-10 16:31:41', '2015-08-12 13:24:46', 0),
	(1050, 63, 'Mildenau', 7.57, '2015-09-28 09:45:00', '16:37:24', '2015-08-10 16:31:41', '2015-08-12 13:24:46', 0),
	(1051, 63, 'Grunhain 2', 14.43, '2015-09-28 10:00:00', '16:42:11', '2015-08-10 16:31:41', '2015-08-12 13:24:46', 0),
	(1052, 63, 'Gelenau 2', 7.19, '2015-09-28 10:15:00', '16:35:50', '2015-08-10 16:31:42', '2015-08-12 13:24:46', 0),
	(1053, 63, 'Mildenau 2', 7.71, '2015-09-28 10:30:00', '16:36:23', '2015-08-10 16:31:42', '2015-08-12 13:24:46', 0),
	(1054, 63, 'Gelenau 3', 7.23, '2015-09-28 10:45:00', '16:36:43', '2015-08-10 16:31:42', '2015-08-12 13:24:46', 0),
	(1055, 63, 'Jahnsdorf', 8.35, '2015-09-28 11:00:00', '16:37:06', '2015-08-10 16:31:42', '2015-08-12 13:24:46', 0),
	(1056, 63, 'Oberdorf', 11.21, '2015-09-28 11:15:00', '16:40:10', '2015-08-10 16:31:42', '2015-08-12 13:24:46', 0),
	(1057, 63, 'Jahnsdorf 2', 8.23, '2015-09-28 11:30:00', '16:37:34', '2015-08-10 16:31:42', '2015-08-12 13:24:46', 0),
	(1058, 63, 'Oberdorf 2', 11.25, '2015-09-28 11:45:00', '16:41:40', '2015-08-10 16:31:42', '2015-08-12 13:24:46', 0),
	(1059, 63, 'Jahnsdorf', 8.61, '2015-09-28 12:00:00', '16:37:49', '2015-08-10 16:31:42', '2015-08-12 13:24:46', 0),
	(1060, 63, 'Oberdorf', 11.95, '2015-09-28 12:15:00', '16:39:47', '2015-08-10 16:31:42', '2015-08-12 13:24:46', 0),
	(1064, 64, 'Lydford', 8.96, '2015-08-28 09:00:00', '16:43:44', '2015-08-10 16:38:22', '2015-08-12 13:24:46', 0),
	(1065, 64, 'Reynolds', 8.37, '2015-08-28 09:15:00', '16:43:52', '2015-08-10 16:38:22', '2015-08-12 13:24:46', 0),
	(1066, 64, 'Lydford 2', 8.60, '2015-08-28 09:30:00', '16:44:06', '2015-08-10 16:38:22', '2015-08-12 13:24:46', 0),
	(1067, 64, 'Reynolds 2', 8.15, '2015-08-28 09:45:00', '16:45:21', '2015-08-10 16:38:22', '2015-08-12 13:24:46', 0),
	(1068, 64, 'Lydford 3', 8.29, '2015-08-28 10:00:00', '16:43:32', '2015-08-10 16:38:22', '2015-08-12 13:24:46', 0),
	(1069, 64, 'Reynolds 3', 8.78, '2015-08-28 10:15:00', '16:44:02', '2015-08-10 16:38:22', '2015-08-12 13:24:46', 0),
	(1070, 64, 'Haddon Pen', 8.20, '2015-08-28 10:30:00', '16:45:03', '2015-08-10 16:38:22', '2015-08-12 13:24:46', 0),
	(1071, 64, 'Reynolds 4', 8.47, '2015-08-28 10:45:00', '16:44:21', '2015-08-10 16:38:22', '2015-08-12 13:24:46', 0),
	(1072, 64, 'Haddon Pen 2', 8.56, '2015-08-28 11:00:00', '16:44:24', '2015-08-10 16:38:22', '2015-08-12 13:24:46', 0),
	(1073, 64, 'Haddon Pen 3', 8.33, '2015-08-28 11:15:00', '16:44:06', '2015-08-10 16:38:22', '2015-08-12 13:24:46', 0),
	(1074, 64, 'New Works', 5.59, '2015-08-28 11:30:00', '16:41:53', '2015-08-10 16:38:22', '2015-08-12 13:24:46', 0),
	(1075, 64, 'Bybrook', 7.53, '2015-08-28 11:45:00', '16:42:43', '2015-08-10 16:38:23', '2015-08-12 13:24:46', 0),
	(1076, 64, 'New Works 2', 5.94, '2015-08-28 12:00:00', '16:42:10', '2015-08-10 16:38:23', '2015-08-12 13:24:46', 0),
	(1077, 64, 'Bybrook 2', 7.11, '2015-08-28 12:15:00', '16:43:17', '2015-08-10 16:38:23', '2015-08-12 13:24:46', 0),
	(1078, 64, 'New Works 3', 5.76, '2015-08-28 12:30:00', '16:41:25', '2015-08-10 16:38:23', '2015-08-12 13:24:46', 0),
	(1079, 64, 'Bybrook 3', 7.31, '2015-08-28 12:45:00', '16:44:11', '2015-08-10 16:38:23', '2015-08-12 13:24:46', 0),
	(1080, 64, 'Wakefield', 5.18, '2015-08-28 13:00:00', '16:42:05', '2015-08-10 16:38:23', '2015-08-12 13:24:46', 0),
	(1081, 65, 'Schutte Informatisering', 10.78, '2015-08-28 09:00:00', '16:49:32', '2015-08-10 16:41:16', '2015-08-12 13:24:46', 0),
	(1082, 65, 'Eurol Lubricants', 6.10, '2015-08-28 09:15:00', '16:45:27', '2015-08-10 16:41:16', '2015-08-12 13:24:46', 0),
	(1083, 65, 'Teunis Automotive', 6.23, '2015-08-28 09:30:00', '16:45:17', '2015-08-10 16:41:16', '2015-08-12 13:24:46', 0),
	(1084, 65, 'Schutte Informatisering 2', 10.15, '2015-08-28 09:45:00', '16:49:11', '2015-08-10 16:41:16', '2015-08-12 13:24:46', 0),
	(1085, 65, 'Eurol Lubricants 2', 6.73, '2015-08-28 10:00:00', '16:45:59', '2015-08-10 16:41:16', '2015-08-12 13:24:46', 0),
	(1086, 65, 'Teunis Automotive 2', 6.27, '2015-08-28 10:15:00', '16:45:59', '2015-08-10 16:41:17', '2015-08-12 13:24:46', 0),
	(1087, 65, 'Hegeman Bouw', 13.27, '2015-08-28 10:30:00', '16:52:22', '2015-08-10 16:41:17', '2015-08-12 13:24:46', 0),
	(1088, 65, 'Reggesign Reclame', 10.49, '2015-08-28 10:45:00', '16:48:54', '2015-08-10 16:41:17', '2015-08-12 13:24:46', 0),
	(1089, 65, 'Hegeman Bouw 2', 13.61, '2015-08-28 11:00:00', '16:49:35', '2015-08-10 16:41:17', '2015-08-12 13:24:46', 0),
	(1090, 65, 'Reggesign Reclame 2', 10.69, '2015-08-28 11:15:00', '16:49:42', '2015-08-10 16:41:17', '2015-08-12 13:24:46', 0),
	(1091, 65, 'Ten Brinke', 12.83, '2015-08-28 11:30:00', '16:51:20', '2015-08-10 16:41:17', '2015-08-12 13:24:46', 0),
	(1092, 65, 'Tijhof', 8.39, '2015-08-28 11:45:00', '16:46:50', '2015-08-10 16:41:17', '2015-08-12 13:24:46', 0),
	(1093, 65, 'Wolves Berging', 11.62, '2015-08-28 12:00:00', '16:49:01', '2015-08-10 16:41:17', '2015-08-12 13:24:46', 0),
	(1094, 65, 'Ten Brinke 2', 12.32, '2015-08-28 12:15:00', '16:49:42', '2015-08-10 16:41:17', '2015-08-12 13:24:46', 0),
	(1095, 65, 'Tijhof 2', 8.10, '2015-08-28 12:30:00', '16:46:55', '2015-08-10 16:41:17', '2015-08-12 13:24:46', 0),
	(1096, 65, 'Wolves Berging 2', 11.38, '2015-08-28 12:45:00', '16:49:37', '2015-08-10 16:41:17', '2015-08-12 13:24:46', 0),
	(1098, 66, 'Tenten - Huelmes', 12.49, '2015-08-20 09:00:00', '16:57:10', '2015-08-10 16:47:23', '2015-08-12 13:24:46', 0),
	(1099, 66, 'Petten - Rouscht', 5.35, '2015-08-20 09:15:00', '16:51:15', '2015-08-10 16:47:23', '2015-08-12 13:24:46', 0),
	(1100, 66, 'Platen - Horass', 6.29, '2015-08-20 09:30:00', '16:51:41', '2015-08-10 16:47:23', '2015-08-12 13:24:46', 0),
	(1101, 66, 'Tenten - Huelmes 2', 12.54, '2015-08-20 09:45:00', '16:57:28', '2015-08-10 16:47:23', '2015-08-12 13:24:46', 0),
	(1102, 66, 'Petten - Rouscht 2', 5.44, '2015-08-20 10:00:00', '16:50:28', '2015-08-10 16:47:23', '2015-08-12 13:24:46', 0),
	(1103, 66, 'Platen - Horass 2', 6.66, '2015-08-20 10:15:00', '16:52:08', '2015-08-10 16:47:23', '2015-08-12 13:24:46', 0),
	(1104, 66, 'Tenten - Huelmes 3', 12.49, '2015-08-20 10:30:00', '16:58:03', '2015-08-10 16:47:24', '2015-08-12 13:24:46', 0),
	(1105, 66, 'Petten - Rouscht 3', 5.51, '2015-08-20 10:45:00', '16:51:23', '2015-08-10 16:47:24', '2015-08-12 13:24:46', 0),
	(1106, 66, 'Platen - Horass 3', 6.20, '2015-08-20 11:00:00', '16:52:07', '2015-08-10 16:47:24', '2015-08-12 13:24:46', 0),
	(1107, 66, 'Reiden - Noojhem', 20.65, '2015-08-20 11:15:00', '17:04:31', '2015-08-10 16:47:24', '2015-08-12 13:24:46', 0),
	(1108, 66, 'Horass - Platen', 10.20, '2015-08-20 11:30:00', '16:55:10', '2015-08-10 16:47:24', '2015-08-12 13:24:46', 0),
	(1109, 66, 'Reiden - Noojhem 2', 20.38, '2015-08-20 11:45:00', '17:02:21', '2015-08-10 16:47:24', '2015-08-12 13:24:46', 0),
	(1110, 66, 'Horass - Platen 2', 10.87, '2015-08-20 12:00:00', '16:53:47', '2015-08-10 16:47:24', '2015-08-12 13:24:46', 0),
	(1111, 66, 'Reiden - Noojhem 3', 20.18, '2015-08-20 12:15:00', '17:02:09', '2015-08-10 16:47:24', '2015-08-12 13:24:46', 0),
	(1112, 66, 'Horass - Platen 3', 10.31, '2015-08-20 12:30:00', '16:55:20', '2015-08-10 16:47:24', '2015-08-12 13:24:46', 0),
	(1115, 67, 'Nabat Lusail', 19.67, '2015-08-29 09:00:00', '17:02:53', '2015-08-10 16:50:08', '2015-08-12 13:24:46', 0),
	(1116, 67, 'Umm Al Hal', 12.40, '2015-08-29 09:15:00', '16:59:43', '2015-08-10 16:50:08', '2015-08-12 13:24:46', 0),
	(1117, 67, 'Al Waker', 10.47, '2015-08-29 09:30:00', '16:59:06', '2015-08-10 16:50:08', '2015-08-12 13:24:46', 0),
	(1118, 67, 'QMMF', 28.32, '2015-08-29 09:45:00', '17:11:32', '2015-08-10 16:50:08', '2015-08-12 13:24:46', 0),
	(1119, 67, 'Nabat Lusail 2', 19.57, '2015-08-29 10:00:00', '17:06:08', '2015-08-10 16:50:08', '2015-08-12 13:24:46', 0),
	(1120, 67, 'Umm Al Hal 2', 12.79, '2015-08-29 10:15:00', '17:00:49', '2015-08-10 16:50:08', '2015-08-12 13:24:46', 0),
	(1121, 67, 'Al Waker 2', 10.46, '2015-08-29 10:30:00', '16:57:57', '2015-08-10 16:50:08', '2015-08-12 13:24:46', 0),
	(1122, 67, 'QMMF 2', 28.23, '2015-08-29 10:45:00', '17:13:58', '2015-08-10 16:50:08', '2015-08-12 13:24:46', 0),
	(1123, 67, 'Al Wakrah', 25.62, '2015-08-29 11:00:00', '17:12:47', '2015-08-10 16:50:08', '2015-08-12 13:24:46', 0),
	(1124, 67, 'QMMF 3', 28.88, '2015-08-29 11:15:00', '17:12:49', '2015-08-10 16:50:08', '2015-08-12 13:24:46', 0),
	(1125, 67, 'Al Negian', 7.47, '2015-08-29 11:30:00', '16:54:37', '2015-08-10 16:50:09', '2015-08-12 13:24:46', 0),
	(1126, 67, 'Al Wakrah 2', 25.44, '2015-08-29 11:45:00', '17:09:03', '2015-08-10 16:50:09', '2015-08-12 13:24:46', 0),
	(1127, 67, 'QMMF 4', 27.89, '2015-08-29 12:00:00', '17:09:26', '2015-08-10 16:50:09', '2015-08-12 13:24:46', 0),
	(1128, 67, 'Al Negian 2', 7.87, '2015-08-29 12:15:00', '16:56:06', '2015-08-10 16:50:09', '2015-08-12 13:24:46', 0),
	(1129, 67, 'Al Wakrah 3', 25.36, '2015-08-29 12:30:00', '17:06:42', '2015-08-10 16:50:09', '2015-08-12 13:24:46', 0),
	(1130, 67, 'Al Negian 3', 7.93, '2015-08-29 12:45:00', '16:55:26', '2015-08-10 16:50:09', '2015-08-12 13:24:46', 0),
	(1132, 68, 'Salgovik', 10.14, '2015-10-14 09:00:00', '16:59:52', '2015-08-10 16:52:25', '2015-08-12 13:24:46', 0),
	(1133, 68, 'Zlata Baoa', 24.51, '2015-10-14 09:15:00', '17:12:47', '2015-08-10 16:52:25', '2015-08-12 13:24:46', 0),
	(1134, 68, 'Lubotice', 6.44, '2015-10-14 09:30:00', '16:56:49', '2015-08-10 16:52:25', '2015-08-12 13:24:46', 0),
	(1135, 68, 'Salgovik 2', 10.33, '2015-10-14 09:45:00', '17:01:16', '2015-08-10 16:52:25', '2015-08-12 13:24:46', 0),
	(1136, 68, 'Zlata Baoa 2', 24.23, '2015-10-14 10:00:00', '17:13:46', '2015-08-10 16:52:25', '2015-08-12 13:24:46', 0),
	(1137, 68, 'Lubotice 2', 6.89, '2015-10-14 10:15:00', '16:56:30', '2015-08-10 16:52:25', '2015-08-12 13:24:46', 0),
	(1138, 68, 'Obisovce', 23.57, '2015-10-14 10:30:00', '17:12:14', '2015-08-10 16:52:26', '2015-08-12 13:24:46', 0),
	(1139, 68, 'Vitaz', 17.39, '2015-10-14 10:45:00', '17:04:18', '2015-08-10 16:52:26', '2015-08-12 13:24:46', 0),
	(1140, 68, 'Obisovce 2', 23.80, '2015-10-14 11:00:00', '17:11:22', '2015-08-10 16:52:26', '2015-08-12 13:24:46', 0),
	(1141, 68, 'Vitaz 2', 17.86, '2015-10-14 11:15:00', '17:05:54', '2015-08-10 16:52:26', '2015-08-12 13:24:46', 0),
	(1142, 68, 'Obisovce 3', 23.15, '2015-10-14 11:30:00', '17:11:52', '2015-08-10 16:52:26', '2015-08-12 13:24:46', 0),
	(1143, 68, 'Vitaz 3', 17.66, '2015-10-14 11:45:00', '17:05:36', '2015-08-10 16:52:26', '2015-08-12 13:24:46', 0),
	(1144, 68, 'Salgovik', 10.15, '2015-10-14 12:00:00', '17:01:23', '2015-08-10 16:52:26', '2015-08-12 13:24:46', 0),
	(1145, 68, 'Zlata Baoa', 24.62, '2015-10-14 12:15:00', '17:10:37', '2015-08-10 16:52:26', '2015-08-12 13:24:46', 0),
	(1146, 68, 'Lubotice', 6.85, '2015-10-14 12:30:00', '16:56:31', '2015-08-10 16:52:26', '2015-08-12 13:24:46', 0),
	(1149, 69, 'Carron Valley', 8.19, '2015-08-28 09:00:00', '17:00:46', '2015-08-10 16:54:39', '2015-08-12 13:24:46', 0),
	(1150, 69, 'Carron Valley 2', 8.59, '2015-08-28 09:15:00', '17:00:05', '2015-08-10 16:54:39', '2015-08-12 13:24:46', 0),
	(1151, 69, 'Craigvinean', 16.81, '2015-08-28 09:30:00', '17:07:08', '2015-08-10 16:54:39', '2015-08-12 13:24:46', 0),
	(1152, 69, 'Drummond Hill', 13.27, '2015-08-28 09:45:00', '17:04:41', '2015-08-10 16:54:39', '2015-08-12 13:24:46', 0),
	(1153, 69, 'Errochty', 17.30, '2015-08-28 10:00:00', '17:08:17', '2015-08-10 16:54:39', '2015-08-12 13:24:46', 0),
	(1154, 69, 'Craigvinean 2', 16.42, '2015-08-28 10:15:00', '17:07:08', '2015-08-10 16:54:39', '2015-08-12 13:24:46', 0),
	(1155, 69, 'Drummond Hill 2', 13.73, '2015-08-28 10:30:00', '17:02:58', '2015-08-10 16:54:39', '2015-08-12 13:24:46', 0),
	(1156, 69, 'Errochty 2', 17.98, '2015-08-28 10:45:00', '17:07:54', '2015-08-10 16:54:39', '2015-08-12 13:24:46', 0),
	(1157, 69, 'Carron Valley 3', 8.98, '2015-08-28 11:00:00', '17:01:35', '2015-08-10 16:54:39', '2015-08-12 13:24:46', 0),
	(1158, 69, 'Loch Chon', 9.18, '2015-08-28 11:15:00', '17:01:53', '2015-08-10 16:54:39', '2015-08-12 13:24:46', 0),
	(1159, 69, 'High Corrie', 25.13, '2015-08-28 11:30:00', '17:11:30', '2015-08-10 16:54:39', '2015-08-12 13:24:46', 0),
	(1160, 69, 'Loch Chon 2', 9.59, '2015-08-28 11:45:00', '17:01:48', '2015-08-10 16:54:39', '2015-08-12 13:24:46', 0),
	(1161, 69, 'High Corrie 2', 25.84, '2015-08-28 12:00:00', '17:15:23', '2015-08-10 16:54:39', '2015-08-12 13:24:46', 0),
	(1162, 69, 'Scone Palace', 2.83, '2015-08-28 12:15:00', '16:55:39', '2015-08-10 16:54:39', '2015-08-12 13:24:46', 0),
	(1163, 69, 'Scone Palace 2', 2.11, '2015-08-28 12:30:00', '16:55:40', '2015-08-10 16:54:40', '2015-08-12 13:24:46', 0),
	(1166, 70, 'Palix', 9.74, '2015-08-27 09:00:00', '17:27:04', '2015-08-10 17:20:46', '2015-08-12 13:24:46', 0),
	(1167, 70, 'Palix 2', 9.76, '2015-08-27 09:15:00', '17:26:59', '2015-08-10 17:20:46', '2015-08-12 13:24:46', 0),
	(1168, 70, 'Smith Creek', 10.23, '2015-08-27 09:30:00', '17:27:33', '2015-08-10 17:20:46', '2015-08-12 13:24:46', 0),
	(1169, 70, 'Brooklyn', 11.41, '2015-08-27 09:45:00', '17:30:17', '2015-08-10 17:20:46', '2015-08-12 13:24:46', 0),
	(1170, 70, 'Brooklyn 2', 11.86, '2015-08-27 10:00:00', '17:28:23', '2015-08-10 17:20:46', '2015-08-12 13:24:46', 0),
	(1171, 70, 'Smith Creek 2', 10.25, '2015-08-27 10:15:00', '17:27:50', '2015-08-10 17:20:46', '2015-08-12 13:24:46', 0),
	(1172, 70, 'Pico', 15.25, '2015-08-27 10:30:00', '17:31:05', '2015-08-10 17:20:46', '2015-08-12 13:24:46', 0),
	(1173, 70, 'Pico 2', 15.32, '2015-08-27 10:45:00', '17:33:12', '2015-08-10 17:20:46', '2015-08-12 13:24:46', 0),
	(1174, 70, 'Wreck Creek', 6.81, '2015-08-27 11:00:00', '17:24:49', '2015-08-10 17:20:46', '2015-08-12 13:24:46', 0),
	(1175, 70, 'Wreck Creek 2', 6.19, '2015-08-27 11:15:00', '17:25:37', '2015-08-10 17:20:46', '2015-08-12 13:24:46', 0),
	(1176, 70, 'Taholah', 18.53, '2015-08-27 11:30:00', '17:34:54', '2015-08-10 17:20:47', '2015-08-12 13:24:46', 0),
	(1177, 70, 'Black Bear Highway', 7.51, '2015-08-27 11:45:00', '17:26:12', '2015-08-10 17:20:47', '2015-08-12 13:24:46', 0),
	(1178, 70, 'Taholah 2', 18.88, '2015-08-27 12:00:00', '17:35:54', '2015-08-10 17:20:47', '2015-08-12 13:24:46', 0),
	(1179, 70, 'Black Bear Highway 2', 7.10, '2015-08-27 12:15:00', '17:25:01', '2015-08-10 17:20:47', '2015-08-12 13:24:46', 0),
	(1183, 71, 'Guide Valley', 4.25, '2015-08-27 09:00:00', '17:26:51', '2015-08-10 17:24:19', '2015-08-12 13:24:46', 0),
	(1184, 71, 'Tewkesbury', 4.25, '2015-08-27 09:15:00', '17:27:07', '2015-08-10 17:24:19', '2015-08-12 13:24:46', 0),
	(1185, 71, 'Hellyer Leslie', 19.95, '2015-08-27 09:30:00', '17:39:28', '2015-08-10 17:24:19', '2015-08-12 13:24:46', 0),
	(1186, 71, 'Hellyer Leslie 2', 19.85, '2015-08-27 09:45:00', '17:36:25', '2015-08-10 17:24:19', '2015-08-12 13:24:46', 0),
	(1187, 71, 'Savage River', 24.85, '2015-08-27 10:00:00', '17:46:15', '2015-08-10 17:24:19', '2015-08-12 13:24:46', 0),
	(1188, 71, 'Savage River 2', 24.20, '2015-08-27 10:15:00', '17:45:43', '2015-08-10 17:24:19', '2015-08-12 13:24:46', 0),
	(1189, 71, 'Hellyer Leslie 3', 19.42, '2015-08-27 10:30:00', '17:37:49', '2015-08-10 17:24:19', '2015-08-12 13:24:46', 0),
	(1190, 71, 'Yolla North', 5.17, '2015-08-27 10:45:00', '17:27:25', '2015-08-10 17:24:19', '2015-08-12 13:24:46', 0),
	(1191, 71, 'Oldina North', 7.62, '2015-08-27 11:00:00', '17:29:29', '2015-08-10 17:24:19', '2015-08-12 13:24:46', 0),
	(1192, 71, 'Yolla North 2', 5.56, '2015-08-27 11:15:00', '17:28:04', '2015-08-10 17:24:19', '2015-08-12 13:24:46', 0),
	(1193, 71, 'Oldina North 2', 7.94, '2015-08-27 11:30:00', '17:29:48', '2015-08-10 17:24:19', '2015-08-12 13:24:46', 0),
	(1194, 71, 'Paloona Dam', 5.72, '2015-08-27 11:45:00', '17:27:22', '2015-08-10 17:24:19', '2015-08-12 13:24:46', 0),
	(1195, 71, 'Mt. Roland', 7.97, '2015-08-27 12:00:00', '17:28:58', '2015-08-10 17:24:19', '2015-08-12 13:24:46', 0),
	(1196, 71, 'King Solomon', 15.17, '2015-08-27 12:15:00', '17:35:00', '2015-08-10 17:24:19', '2015-08-12 13:24:46', 0),
	(1197, 71, 'Gog Range', 7.14, '2015-08-27 12:30:00', '17:28:45', '2015-08-10 17:24:20', '2015-08-12 13:24:46', 0),
	(1198, 71, 'Mt. Roland 2', 7.23, '2015-08-27 12:45:00', '17:29:50', '2015-08-10 17:24:20', '2015-08-12 13:24:46', 0),
	(1199, 71, 'King Solomon 2', 15.21, '2015-08-27 13:00:00', '17:37:04', '2015-08-10 17:24:20', '2015-08-12 13:24:46', 0),
	(1200, 72, 'Lysgard', 14.14, '2015-08-27 09:00:00', '17:38:58', '2015-08-10 17:28:35', '2015-08-12 13:24:46', 0),
	(1201, 72, 'Kjellerup', 2.56, '2015-08-27 09:15:00', '17:29:36', '2015-08-10 17:28:36', '2015-08-12 13:24:46', 0),
	(1202, 72, 'Sjorslev', 20.47, '2015-08-27 09:30:00', '17:45:21', '2015-08-10 17:28:36', '2015-08-12 13:24:46', 0),
	(1203, 72, 'Demstrup', 6.66, '2015-08-27 09:45:00', '17:33:09', '2015-08-10 17:28:36', '2015-08-12 13:24:46', 0),
	(1204, 72, 'Lysgard 2', 14.20, '2015-08-27 10:00:00', '17:40:33', '2015-08-10 17:28:37', '2015-08-12 13:24:46', 0),
	(1205, 72, 'Kjellerup 2', 2.73, '2015-08-27 10:15:00', '17:29:37', '2015-08-10 17:28:37', '2015-08-12 13:24:46', 0),
	(1206, 72, 'Sjorslev 2', 20.96, '2015-08-27 10:30:00', '17:44:04', '2015-08-10 17:28:37', '2015-08-12 13:24:46', 0),
	(1207, 72, 'Demstrup 2', 6.61, '2015-08-27 10:45:00', '17:33:09', '2015-08-10 17:28:38', '2015-08-12 13:24:46', 0),
	(1208, 72, 'Hindberg', 7.55, '2015-08-27 11:00:00', '17:33:23', '2015-08-10 17:28:38', '2015-08-12 13:24:46', 0),
	(1209, 72, 'Frederiksdal', 8.49, '2015-08-27 11:15:00', '17:34:10', '2015-08-10 17:28:39', '2015-08-12 13:24:46', 0),
	(1210, 72, 'Hinge', 6.77, '2015-08-27 11:30:00', '17:33:26', '2015-08-10 17:28:39', '2015-08-12 13:24:46', 0),
	(1211, 72, 'Hindberg 2', 7.60, '2015-08-27 11:45:00', '17:34:13', '2015-08-10 17:28:39', '2015-08-12 13:24:46', 0),
	(1212, 72, 'Frederiksdal 2', 8.94, '2015-08-27 12:00:00', '17:34:50', '2015-08-10 17:28:39', '2015-08-12 13:24:46', 0),
	(1213, 72, 'Hinge 2', 6.15, '2015-08-27 12:15:00', '17:33:23', '2015-08-10 17:28:39', '2015-08-12 13:24:46', 0),
	(1214, 72, 'Kjellerup 3', 2.33, '2015-08-27 12:30:00', '17:29:39', '2015-08-10 17:28:39', '2015-08-12 13:24:46', 0),
	(1217, 73, 'Saporro', 1.70, '2015-08-27 09:00:00', '17:30:34', '2015-08-10 17:30:34', '2015-08-12 13:24:46', 0),
	(1218, 73, 'Saporro 2', 1.67, '2015-08-27 09:15:00', '17:30:34', '2015-08-10 17:30:34', '2015-08-12 13:24:46', 0),
	(1219, 73, 'Iwanke', 26.49, '2015-08-27 09:30:00', '17:49:12', '2015-08-10 17:30:34', '2015-08-12 13:24:46', 0),
	(1220, 73, 'Kamauycep', 33.51, '2015-08-27 09:45:00', '17:54:56', '2015-08-10 17:30:34', '2015-08-12 13:24:46', 0),
	(1221, 73, 'Kina', 9.55, '2015-08-27 10:00:00', '17:38:20', '2015-08-10 17:30:34', '2015-08-12 13:24:46', 0),
	(1222, 73, 'Iwanke 2', 26.39, '2015-08-27 10:15:00', '17:51:14', '2015-08-10 17:30:34', '2015-08-12 13:24:46', 0),
	(1223, 73, 'Kamuycep 2', 33.90, '2015-08-27 10:30:00', '17:56:58', '2015-08-10 17:30:35', '2015-08-12 13:24:46', 0),
	(1224, 73, 'Kina 2', 9.82, '2015-08-27 10:45:00', '17:37:24', '2015-08-10 17:30:35', '2015-08-12 13:24:46', 0),
	(1225, 73, 'Saporro 3', 1.25, '2015-08-27 11:00:00', '17:30:35', '2015-08-10 17:30:35', '2015-08-12 13:24:46', 0),
	(1226, 73, 'Saporro 4', 1.28, '2015-08-27 11:15:00', '17:30:35', '2015-08-10 17:30:35', '2015-08-12 13:24:46', 0),
	(1227, 73, 'Nikara', 17.34, '2015-08-27 11:30:00', '17:43:20', '2015-08-10 17:30:35', '2015-08-12 13:24:46', 0),
	(1228, 73, 'Sikot', 27.35, '2015-08-27 11:45:00', '17:49:36', '2015-08-10 17:30:35', '2015-08-12 13:24:46', 0),
	(1229, 73, 'Koyka', 3.31, '2015-08-27 12:00:00', '17:32:35', '2015-08-10 17:30:35', '2015-08-12 13:24:46', 0),
	(1230, 73, 'Nikara 2', 17.10, '2015-08-27 12:15:00', '17:42:31', '2015-08-10 17:30:35', '2015-08-12 13:24:46', 0),
	(1231, 73, 'Sikot 2', 27.93, '2015-08-27 12:30:00', '17:52:12', '2015-08-10 17:30:35', '2015-08-12 13:24:46', 0),
	(1232, 73, 'Koyka 2', 3.40, '2015-08-27 12:45:00', '17:32:35', '2015-08-10 17:30:35', '2015-08-12 13:24:46', 0),
	(1233, 73, 'Saporro 5', 1.82, '2015-08-27 13:00:00', '17:30:35', '2015-08-10 17:30:35', '2015-08-12 13:24:46', 0),
	(1234, 74, 'Krzeszowice Rynek', 1.95, '2015-08-28 09:00:00', '17:47:58', '2015-08-10 17:47:58', '2015-08-12 13:24:46', 0),
	(1235, 74, 'Krzeszowice - Zalas', 7.72, '2015-08-28 09:15:00', '17:53:44', '2015-08-10 17:47:58', '2015-08-12 13:24:46', 0),
	(1236, 74, 'Sanka - Tenczynek', 6.97, '2015-08-28 09:30:00', '17:52:08', '2015-08-10 17:47:58', '2015-08-12 13:24:46', 0),
	(1237, 74, 'Tenczynek - Paczoltowice Golf', 10.53, '2015-08-28 09:45:00', '17:56:34', '2015-08-10 17:47:58', '2015-08-12 13:24:46', 0),
	(1238, 74, 'Paczoltowice Golf - Nowa Gora', 11.77, '2015-08-28 10:00:00', '17:55:42', '2015-08-10 17:47:58', '2015-08-12 13:24:46', 0),
	(1239, 74, 'Nowa Gora - Trzebinia Chechlo', 15.93, '2015-08-28 10:15:00', '17:59:11', '2015-08-10 17:47:58', '2015-08-12 13:24:46', 0),
	(1240, 74, 'Trzebinia Chechlo - Rudno', 17.66, '2015-08-28 10:30:00', '18:01:06', '2015-08-10 17:47:58', '2015-08-12 13:24:46', 0),
	(1241, 74, 'Rudno Zamek', 1.41, '2015-08-28 10:45:00', '17:47:58', '2015-08-10 17:47:58', '2015-08-12 13:24:46', 0),
	(1242, 74, 'Rudno - Krzeszowice', 9.66, '2015-08-28 11:00:00', '17:55:28', '2015-08-10 17:47:58', '2015-08-12 13:24:46', 0),
	(1243, 74, 'Krzeszowice - Rudawa', 8.50, '2015-08-28 11:15:00', '17:53:31', '2015-08-10 17:47:58', '2015-08-12 13:24:46', 0),
	(1244, 74, 'Rudawa - Siedlec', 4.34, '2015-08-28 11:30:00', '17:50:45', '2015-08-10 17:47:58', '2015-08-12 13:24:46', 0),
	(1245, 74, 'Siedlec - Krzeszowice', 4.10, '2015-08-28 11:45:00', '17:50:19', '2015-08-10 17:47:58', '2015-08-12 13:24:46', 0),
	(1246, 74, 'Krzeszowice Rynek 2', 1.36, '2015-08-28 12:00:00', '17:47:59', '2015-08-10 17:47:59', '2015-08-12 13:24:46', 0),
	(1247, 74, 'Krzeszowice - Czerna', 3.66, '2015-08-28 12:15:00', '17:49:59', '2015-08-10 17:47:59', '2015-08-12 13:24:46', 0),
	(1248, 74, 'Czerna - Filipowice', 7.45, '2015-08-28 12:30:00', '17:52:00', '2015-08-10 17:47:59', '2015-08-12 13:24:46', 0),
	(1249, 74, 'Krzeszowice Rynek 3', 1.58, '2015-08-28 12:45:00', '17:47:59', '2015-08-10 17:47:59', '2015-08-12 13:24:46', 0);
/*!40000 ALTER TABLE `rally_stage` ENABLE KEYS */;


-- Dumping structure for table ral.rally_stage_result
CREATE TABLE IF NOT EXISTS `rally_stage_result` (
  `id` int(11) NOT NULL AUTO_INCREMENT,
  `stage_id` int(11) DEFAULT NULL,
  `crew_id` varchar(255) DEFAULT NULL,
  `base_time` time DEFAULT NULL,
  `random_factor` decimal(4,2) DEFAULT NULL,
  `accident_id` int(11) DEFAULT NULL,
  `accident_random_factor` decimal(4,2) DEFAULT NULL,
  `out_of_race` tinyint(1) NOT NULL DEFAULT '0',
  `created_at` datetime NOT NULL,
  `updated_at` datetime NOT NULL,
  PRIMARY KEY (`id`),
  KEY `stage_id_idx` (`stage_id`),
  KEY `accident_id_idx` (`accident_id`),
  KEY `rally_stage_result_crew_id_rally_crew_id` (`crew_id`)
) ENGINE=MyISAM DEFAULT CHARSET=utf8;

-- Dumping data for table ral.rally_stage_result: 0 rows
DELETE FROM `rally_stage_result`;
/*!40000 ALTER TABLE `rally_stage_result` DISABLE KEYS */;
/*!40000 ALTER TABLE `rally_stage_result` ENABLE KEYS */;


-- Dumping structure for table ral.rally_surface
CREATE TABLE IF NOT EXISTS `rally_surface` (
  `id` int(11) NOT NULL AUTO_INCREMENT,
  `rally_id` int(11) DEFAULT NULL,
  `surface` varchar(255) DEFAULT NULL,
  `percentage` float(8,2) DEFAULT NULL,
  `created_at` datetime NOT NULL,
  `updated_at` datetime NOT NULL,
  PRIMARY KEY (`id`),
  KEY `rally_id_idx` (`rally_id`)
) ENGINE=MyISAM AUTO_INCREMENT=206 DEFAULT CHARSET=utf8;

-- Dumping data for table ral.rally_surface: 191 rows
DELETE FROM `rally_surface`;
/*!40000 ALTER TABLE `rally_surface` DISABLE KEYS */;
INSERT INTO `rally_surface` (`id`, `rally_id`, `surface`, `percentage`, `created_at`, `updated_at`) VALUES
	(1, 1, 'tarmac', 95.00, '2015-08-08 12:50:19', '2015-08-08 12:50:19'),
	(2, 1, 'gravel', 5.00, '2015-08-08 12:50:19', '2015-08-08 12:50:19'),
	(3, 2, 'snow', 100.00, '2015-08-08 12:56:21', '2015-08-08 12:56:21'),
	(4, 3, 'gravel', 100.00, '2015-08-08 13:01:41', '2015-08-08 13:01:41'),
	(5, 4, 'gravel', 100.00, '2015-08-08 13:05:32', '2015-08-08 13:05:32'),
	(6, 4, 'rain', 20.00, '2015-08-08 13:05:32', '2015-08-08 13:05:32'),
	(7, 5, 'gravel', 95.00, '2015-08-08 13:09:53', '2015-08-08 13:09:53'),
	(8, 5, 'tarmac', 5.00, '2015-08-08 13:09:53', '2015-08-08 13:09:53'),
	(9, 5, 'rain', 15.00, '2015-08-08 13:09:53', '2015-08-08 13:09:53'),
	(10, 6, 'gravel', 93.00, '2015-08-08 14:53:32', '2015-08-08 14:53:32'),
	(11, 6, 'tarmac', 7.00, '2015-08-08 14:53:32', '2015-08-08 14:53:32'),
	(12, 6, 'rain', 20.00, '2015-08-08 14:53:32', '2015-08-08 14:53:32'),
	(13, 7, 'gravel', 63.00, '2015-08-08 14:58:53', '2015-08-08 14:58:53'),
	(14, 7, 'tarmac', 37.00, '2015-08-08 14:58:53', '2015-08-08 14:58:53'),
	(15, 7, 'rain', 31.00, '2015-08-08 14:58:53', '2015-08-08 14:58:53'),
	(16, 8, 'gravel', 79.00, '2015-08-08 17:48:37', '2015-08-08 17:48:37'),
	(17, 8, 'tarmac', 21.00, '2015-08-08 17:48:37', '2015-08-08 17:48:37'),
	(18, 8, 'rain', 7.00, '2015-08-08 17:48:37', '2015-08-08 17:48:37'),
	(19, 9, 'tarmac', 93.00, '2015-08-08 18:06:00', '2015-08-08 18:06:00'),
	(20, 9, 'gravel', 7.00, '2015-08-08 18:06:00', '2015-08-08 18:06:00'),
	(21, 9, 'rain', 5.00, '2015-08-08 18:06:00', '2015-08-08 18:06:00'),
	(22, 10, 'gravel', 100.00, '2015-08-08 18:15:39', '2015-08-08 18:15:39'),
	(23, 11, 'tarmac', 100.00, '2015-08-09 09:08:16', '2015-08-09 09:08:16'),
	(24, 11, 'rain', 5.00, '2015-08-09 09:08:16', '2015-08-09 09:08:16'),
	(25, 12, 'tarmac', 61.00, '2015-08-09 09:29:16', '2015-08-09 09:29:16'),
	(26, 12, 'gravel', 39.00, '2015-08-09 09:29:16', '2015-08-09 09:29:16'),
	(27, 12, 'rain', 11.00, '2015-08-09 09:29:16', '2015-08-09 09:29:16'),
	(28, 13, 'gravel', 93.00, '2015-08-09 09:33:26', '2015-08-09 09:33:26'),
	(29, 13, 'tarmac', 7.00, '2015-08-09 09:33:26', '2015-08-09 09:33:26'),
	(30, 13, 'rain', 56.00, '2015-08-09 09:33:26', '2015-08-09 09:33:26'),
	(31, 14, 'tarmac', 58.00, '2015-08-09 14:43:28', '2015-08-09 14:43:28'),
	(32, 14, 'snow', 42.00, '2015-08-09 14:43:28', '2015-08-09 14:43:28'),
	(33, 14, 'rain', 5.00, '2015-08-09 14:43:28', '2015-08-09 14:43:28'),
	(34, 15, 'gravel', 63.00, '2015-08-09 14:47:06', '2015-08-09 14:47:06'),
	(35, 15, 'snow', 37.00, '2015-08-09 14:47:06', '2015-08-09 14:47:06'),
	(36, 15, 'rain', 11.00, '2015-08-09 14:47:06', '2015-08-09 14:47:06'),
	(37, 16, 'tarmac', 100.00, '2015-08-09 18:29:55', '2015-08-09 18:29:55'),
	(38, 16, 'rain', 35.00, '2015-08-09 18:29:55', '2015-08-09 18:29:55'),
	(39, 17, 'gravel', 88.00, '2015-08-09 18:37:22', '2015-08-09 18:37:22'),
	(40, 17, 'tarmac', 12.00, '2015-08-09 18:37:22', '2015-08-09 18:37:22'),
	(41, 17, 'rain', 3.00, '2015-08-09 18:37:22', '2015-08-09 18:37:22'),
	(42, 18, 'tarmac', 100.00, '2015-08-10 10:35:26', '2015-08-10 10:35:26'),
	(43, 18, 'rain', 15.00, '2015-08-10 10:35:26', '2015-08-10 10:35:26'),
	(58, 26, 'gravel', 100.00, '2015-08-10 10:51:22', '2015-08-10 10:51:22'),
	(59, 26, 'rain', 15.00, '2015-08-10 10:51:22', '2015-08-10 10:51:22'),
	(60, 27, 'tarmac', 100.00, '2015-08-10 10:54:48', '2015-08-10 10:54:48'),
	(61, 27, 'rain', 11.00, '2015-08-10 10:54:48', '2015-08-10 10:54:48'),
	(62, 28, 'gravel', 100.00, '2015-08-10 10:57:37', '2015-08-10 10:57:37'),
	(63, 29, 'gravel', 100.00, '2015-08-10 11:00:38', '2015-08-10 11:00:38'),
	(64, 30, 'tarmac', 100.00, '2015-08-10 11:04:16', '2015-08-10 11:04:16'),
	(65, 30, 'rain', 15.00, '2015-08-10 11:04:16', '2015-08-10 11:04:16'),
	(66, 31, 'snow', 100.00, '2015-08-10 11:11:05', '2015-08-10 11:11:05'),
	(67, 31, 'rain', 5.00, '2015-08-10 11:11:05', '2015-08-10 11:11:05'),
	(68, 32, 'tarmac', 100.00, '2015-08-10 11:14:37', '2015-08-10 11:14:37'),
	(69, 33, 'tarmac', 100.00, '2015-08-10 11:21:17', '2015-08-10 11:21:17'),
	(70, 33, 'rain', 15.00, '2015-08-10 11:21:17', '2015-08-10 11:21:17'),
	(71, 34, 'gravel', 85.00, '2015-08-10 11:25:24', '2015-08-10 11:25:24'),
	(72, 34, 'tarmac', 15.00, '2015-08-10 11:25:24', '2015-08-10 11:25:24'),
	(73, 34, 'rain', 15.00, '2015-08-10 11:25:24', '2015-08-10 11:25:24'),
	(74, 35, 'tarmac', 100.00, '2015-08-10 11:27:51', '2015-08-10 11:27:51'),
	(75, 36, 'tarmac', 100.00, '2015-08-10 11:35:54', '2015-08-10 11:35:54'),
	(76, 36, 'rain', 11.00, '2015-08-10 11:35:54', '2015-08-10 11:35:54'),
	(77, 37, 'snow', 100.00, '2015-08-10 11:58:58', '2015-08-10 11:58:58'),
	(78, 38, 'snow', 85.00, '2015-08-10 12:01:22', '2015-08-10 12:01:22'),
	(79, 38, 'gravel', 15.00, '2015-08-10 12:01:23', '2015-08-10 12:01:23'),
	(80, 38, 'rain', 10.00, '2015-08-10 12:01:23', '2015-08-10 12:01:23'),
	(81, 39, 'snow', 100.00, '2015-08-10 12:04:32', '2015-08-10 12:04:32'),
	(82, 39, 'rain', 11.00, '2015-08-10 12:04:32', '2015-08-10 12:04:32'),
	(83, 40, 'snow', 100.00, '2015-08-10 12:14:12', '2015-08-10 12:14:12'),
	(84, 41, 'snow', 69.00, '2015-08-10 12:16:39', '2015-08-10 12:16:39'),
	(85, 41, 'gravel', 31.00, '2015-08-10 12:16:39', '2015-08-10 12:16:39'),
	(86, 41, 'rain', 5.00, '2015-08-10 12:16:40', '2015-08-10 12:16:40'),
	(87, 42, 'gravel', 61.00, '2015-08-10 12:19:14', '2015-08-10 12:19:14'),
	(88, 42, 'snow', 39.00, '2015-08-10 12:19:14', '2015-08-10 12:19:14'),
	(89, 43, 'snow', 89.00, '2015-08-10 12:45:01', '2015-08-10 12:45:01'),
	(90, 43, 'gravel', 11.00, '2015-08-10 12:45:01', '2015-08-10 12:45:01'),
	(91, 43, 'rain', 15.00, '2015-08-10 12:45:01', '2015-08-10 12:45:01'),
	(92, 44, 'snow', 78.00, '2015-08-10 12:56:06', '2015-08-10 12:56:06'),
	(93, 44, 'gravel', 22.00, '2015-08-10 12:56:06', '2015-08-10 12:56:06'),
	(94, 44, 'rain', 11.00, '2015-08-10 12:56:06', '2015-08-10 12:56:06'),
	(95, 45, 'snow', 100.00, '2015-08-10 13:00:49', '2015-08-10 13:00:49'),
	(96, 46, 'snow', 89.00, '2015-08-10 13:05:04', '2015-08-10 13:05:04'),
	(97, 46, 'gravel', 11.00, '2015-08-10 13:05:04', '2015-08-10 13:05:04'),
	(98, 47, 'snow', 100.00, '2015-08-10 13:16:42', '2015-08-10 13:16:42'),
	(99, 47, 'rain', 33.00, '2015-08-10 13:16:42', '2015-08-10 13:16:42'),
	(100, 48, 'snow', 91.00, '2015-08-10 13:18:36', '2015-08-10 13:18:36'),
	(101, 48, 'gravel', 9.00, '2015-08-10 13:18:36', '2015-08-10 13:18:36'),
	(102, 48, 'rain', 3.00, '2015-08-10 13:18:36', '2015-08-10 13:18:36'),
	(104, 49, 'gravel', 21.00, '2015-08-10 15:12:07', '2015-08-10 15:12:07'),
	(103, 49, 'snow', 79.00, '2015-08-10 15:12:07', '2015-08-10 15:12:07'),
	(106, 50, 'rain', 45.00, '2015-08-10 15:21:49', '2015-08-10 15:21:49'),
	(105, 50, 'snow', 100.00, '2015-08-10 15:21:49', '2015-08-10 15:21:49'),
	(108, 51, 'snow', 11.00, '2015-08-10 15:24:01', '2015-08-10 15:24:01'),
	(107, 51, 'snow', 100.00, '2015-08-10 15:24:01', '2015-08-10 15:24:01'),
	(110, 52, 'gravel', 2.00, '2015-08-10 15:30:10', '2015-08-10 15:30:10'),
	(109, 52, 'tarmac', 98.00, '2015-08-10 15:30:10', '2015-08-10 15:30:10'),
	(112, 53, 'gravel', 42.00, '2015-08-10 15:36:15', '2015-08-10 15:36:15'),
	(111, 53, 'tarmac', 58.00, '2015-08-10 15:36:15', '2015-08-10 15:36:15'),
	(113, 54, 'tarmac', 100.00, '2015-08-10 15:38:49', '2015-08-10 15:38:49'),
	(115, 55, 'gravel', 49.00, '2015-08-10 15:41:57', '2015-08-10 15:41:57'),
	(114, 55, 'tarmac', 51.00, '2015-08-10 15:41:57', '2015-08-10 15:41:57'),
	(116, 56, 'gravel', 100.00, '2015-08-10 15:44:48', '2015-08-10 15:44:48'),
	(117, 57, 'tarmac', 100.00, '2015-08-10 15:48:24', '2015-08-10 15:48:24'),
	(118, 57, 'rain', 28.00, '2015-08-10 15:48:24', '2015-08-10 15:48:24'),
	(119, 58, 'tarmac', 100.00, '2015-08-10 15:50:44', '2015-08-10 15:50:44'),
	(120, 59, 'gravel', 75.00, '2015-08-10 15:54:30', '2015-08-10 15:54:30'),
	(121, 59, 'tarmac', 25.00, '2015-08-10 15:54:30', '2015-08-10 15:54:30'),
	(122, 60, 'tarmac', 100.00, '2015-08-10 16:20:57', '2015-08-10 16:20:57'),
	(123, 60, 'rain', 11.00, '2015-08-10 16:20:57', '2015-08-10 16:20:57'),
	(124, 61, 'tarmac', 100.00, '2015-08-10 16:27:13', '2015-08-10 16:27:13'),
	(125, 62, 'tarmac', 100.00, '2015-08-10 16:29:02', '2015-08-10 16:29:02'),
	(126, 63, 'tarmac', 87.00, '2015-08-10 16:31:41', '2015-08-10 16:31:41'),
	(127, 63, 'gravel', 13.00, '2015-08-10 16:31:41', '2015-08-10 16:31:41'),
	(128, 63, 'rain', 17.00, '2015-08-10 16:31:41', '2015-08-10 16:31:41'),
	(129, 64, 'gravel', 100.00, '2015-08-10 16:38:22', '2015-08-10 16:38:22'),
	(130, 65, 'tarmac', 87.00, '2015-08-10 16:41:16', '2015-08-10 16:41:16'),
	(131, 65, 'gravel', 13.00, '2015-08-10 16:41:16', '2015-08-10 16:41:16'),
	(132, 65, 'rain', 5.00, '2015-08-10 16:41:16', '2015-08-10 16:41:16'),
	(133, 66, 'tarmac', 100.00, '2015-08-10 16:47:23', '2015-08-10 16:47:23'),
	(134, 67, 'gravel', 100.00, '2015-08-10 16:50:08', '2015-08-10 16:50:08'),
	(135, 68, 'gravel', 73.00, '2015-08-10 16:52:25', '2015-08-10 16:52:25'),
	(136, 68, 'tarmac', 27.00, '2015-08-10 16:52:25', '2015-08-10 16:52:25'),
	(137, 68, 'rain', 11.00, '2015-08-10 16:52:25', '2015-08-10 16:52:25'),
	(138, 69, 'tarmac', 100.00, '2015-08-10 16:54:38', '2015-08-10 16:54:38'),
	(139, 69, 'rain', 73.00, '2015-08-10 16:54:38', '2015-08-10 16:54:38'),
	(140, 70, 'gravel', 100.00, '2015-08-10 17:20:46', '2015-08-10 17:20:46'),
	(141, 71, 'gravel', 100.00, '2015-08-10 17:24:19', '2015-08-10 17:24:19'),
	(142, 72, 'tarmac', 61.00, '2015-08-10 17:28:34', '2015-08-10 17:28:34'),
	(143, 72, 'gravel', 39.00, '2015-08-10 17:28:35', '2015-08-10 17:28:35'),
	(144, 72, 'rain', 18.00, '2015-08-10 17:28:35', '2015-08-10 17:28:35'),
	(145, 73, 'tarmac', 100.00, '2015-08-10 17:30:34', '2015-08-10 17:30:34'),
	(146, 74, 'tarmac', 67.00, '2015-08-10 17:47:58', '2015-08-10 17:47:58'),
	(147, 74, 'gravel', 33.00, '2015-08-10 17:47:58', '2015-08-10 17:47:58'),
	(148, 75, 'tarmac', 100.00, '2015-08-11 11:03:43', '2015-08-11 11:03:43'),
	(149, 75, 'rain', 5.00, '2015-08-11 11:03:43', '2015-08-11 11:03:43'),
	(150, 76, 'tarmac', 73.00, '2015-08-11 11:13:27', '2015-08-11 11:13:27'),
	(151, 76, 'gravel', 27.00, '2015-08-11 11:13:27', '2015-08-11 11:13:27'),
	(152, 76, 'rain', 21.00, '2015-08-11 11:13:27', '2015-08-11 11:13:27'),
	(153, 77, 'gravel', 73.00, '2015-08-11 11:24:13', '2015-08-11 11:24:13'),
	(154, 77, 'tarmac', 27.00, '2015-08-11 11:24:13', '2015-08-11 11:24:13'),
	(155, 77, 'rain', 11.00, '2015-08-11 11:24:13', '2015-08-11 11:24:13'),
	(156, 78, 'gravel', 100.00, '2015-08-11 11:38:06', '2015-08-11 11:38:06'),
	(157, 79, 'gravel', 100.00, '2015-08-11 11:57:54', '2015-08-11 11:57:54');
/*!40000 ALTER TABLE `rally_surface` ENABLE KEYS */;


-- Dumping structure for table ral.team_finance
CREATE TABLE IF NOT EXISTS `team_finance` (
  `id` int(11) NOT NULL AUTO_INCREMENT,
  `team_id` int(11) DEFAULT NULL,
  `amount` int(11) DEFAULT NULL,
  `description` varchar(255) DEFAULT NULL,
  `save_date` datetime DEFAULT NULL,
  `income` tinyint(1) DEFAULT '0',
  `detailed_type` int(11) DEFAULT NULL,
  `created_at` datetime NOT NULL,
  `updated_at` datetime NOT NULL,
  `deleted_at` datetime DEFAULT NULL,
  PRIMARY KEY (`id`),
  KEY `team_id_idx` (`team_id`)
) ENGINE=MyISAM AUTO_INCREMENT=43 DEFAULT CHARSET=utf8;

-- Dumping data for table ral.team_finance: 42 rows
DELETE FROM `team_finance`;
/*!40000 ALTER TABLE `team_finance` DISABLE KEYS */;
INSERT INTO `team_finance` (`id`, `team_id`, `amount`, `description`, `save_date`, `income`, `detailed_type`, `created_at`, `updated_at`, `deleted_at`) VALUES
	(1, 1, 50000, 'Initial FastRally bonus', '2015-08-04 16:27:18', 1, 8, '2015-08-04 16:27:18', '2015-08-04 16:27:18', NULL),
	(2, 2, 50000, 'Initial FastRally bonus', '2015-08-04 16:27:18', 1, 8, '2015-08-04 16:27:18', '2015-08-04 16:27:18', NULL),
	(3, 3, 50000, 'Initial FastRally bonus', '2015-08-05 16:27:18', 1, 8, '2015-08-04 16:27:18', '2015-08-04 16:27:18', NULL),
	(4, 4, 50000, 'Initial FastRally bonus', '2015-07-26 16:27:18', 1, 8, '2015-08-04 16:27:18', '2015-08-04 16:27:18', NULL),
	(5, 5, 50000, 'Initial FastRally bonus', '2015-08-04 16:27:18', 1, 8, '2015-08-04 16:27:18', '2015-08-04 16:27:18', NULL),
	(6, 6, 50000, 'Initial FastRally bonus', '2015-08-04 16:27:18', 1, 8, '2015-08-04 16:27:18', '2015-08-04 16:27:18', NULL),
	(7, 7, 50000, 'Initial FastRally bonus', '2015-08-04 16:27:18', 1, 8, '2015-08-04 16:27:18', '2015-08-04 16:27:18', NULL),
	(8, 8, 50000, 'Initial FastRally bonus', '2015-08-04 16:27:19', 1, 8, '2015-08-04 16:27:19', '2015-08-04 16:27:19', NULL),
	(9, 9, 50000, 'Initial FastRally bonus', '2015-08-04 16:27:19', 1, 8, '2015-08-04 16:27:19', '2015-08-04 16:27:19', NULL),
	(10, 10, 50000, 'Initial FastRally bonus', '2015-08-04 16:27:19', 1, 8, '2015-08-04 16:27:19', '2015-08-04 16:27:19', NULL),
	(11, 11, 50000, 'Initial FastRally bonus', '2015-08-04 16:27:19', 1, 8, '2015-08-04 16:27:19', '2015-08-04 16:27:19', NULL),
	(12, 12, 50000, 'Initial FastRally bonus', '2015-08-04 16:27:19', 1, 8, '2015-08-04 16:27:19', '2015-08-04 16:27:19', NULL),
	(13, 13, 50000, 'Initial FastRally bonus', '2015-08-04 16:27:19', 1, 8, '2015-08-04 16:27:19', '2015-08-04 16:27:19', NULL),
	(14, 14, 50000, 'Initial FastRally bonus', '2015-08-04 16:27:19', 1, 8, '2015-08-04 16:27:19', '2015-08-04 16:27:19', NULL),
	(15, 15, 50000, 'Initial FastRally bonus', '2015-08-04 16:27:19', 1, 8, '2015-08-04 16:27:19', '2015-08-04 16:27:19', NULL),
	(16, 16, 50000, 'Initial FastRally bonus', '2015-08-04 17:01:16', 1, 8, '2015-08-04 17:01:16', '2015-08-04 17:01:16', NULL),
	(17, 17, 50000, 'Initial FastRally bonus', '2015-08-04 17:18:34', 1, 8, '2015-08-04 17:18:34', '2015-08-04 17:18:34', NULL),
	(18, 14, 5000, 'Putting player Seb Exum on transfer list', '2015-08-05 10:08:36', 0, 6, '2015-08-05 10:08:36', '2015-08-05 10:08:36', NULL),
	(19, 14, 150, 'Putting player James Kowalski on transfer list', '2015-08-05 10:08:47', 0, 6, '2015-08-05 10:08:47', '2015-08-05 10:08:47', NULL),
	(20, 13, 150, 'Putting player Andrew House on transfer list', '2015-08-05 10:12:49', 0, 6, '2015-08-05 10:12:49', '2015-08-05 10:12:49', NULL),
	(21, 13, 550, 'Arrival of player James Kowalski', '2015-08-05 10:56:28', 0, 6, '2015-08-05 10:56:28', '2015-08-05 10:56:28', NULL),
	(22, 14, 550, 'Sell of player James Kowalski', '2015-08-05 10:56:28', 1, 3, '2015-08-05 10:56:28', '2015-08-05 10:56:28', NULL),
	(23, 3, 804, 'Arrival of player James Kowalski', '2015-08-05 11:00:58', 0, 6, '2015-08-05 11:00:58', '2015-08-05 11:00:58', NULL),
	(24, 14, 804, 'Sell of player James Kowalski', '2015-08-05 11:00:58', 1, 3, '2015-08-05 11:00:58', '2015-08-05 11:00:58', NULL),
	(25, 1, 150, 'Putting car Mitsubishi Lancer Pro Evo X #5664 on market', '2015-08-05 11:04:21', 0, 6, '2015-08-05 11:04:21', '2015-08-05 11:04:21', NULL),
	(26, 11, 150, 'Putting car Mitsubishi Lancer Pro Evo X #21409 on market', '2015-08-05 11:14:34', 0, 6, '2015-08-05 11:14:34', '2015-08-05 11:14:34', NULL),
	(27, 3, 2655, 'Arrival of car Mitsubishi Lancer Pro Evo X #5664', '2015-08-05 11:25:26', 0, 6, '2015-08-05 11:25:26', '2015-08-05 11:25:26', NULL),
	(28, 1, 2655, 'Sell of player Mitsubishi Lancer Pro Evo X #5664', '2015-08-05 11:25:26', 1, 3, '2015-08-05 11:25:26', '2015-08-05 11:25:26', NULL),
	(29, 3, 2655, 'Arrival of car Mitsubishi Lancer Pro Evo X #5664', '2015-08-05 11:26:03', 0, 6, '2015-08-05 11:26:03', '2015-08-05 11:26:03', NULL),
	(30, 1, 2655, 'Sell of player Mitsubishi Lancer Pro Evo X #5664', '2015-08-05 11:26:03', 1, 3, '2015-08-05 11:26:03', '2015-08-05 11:26:03', NULL),
	(31, 8, 150, 'Putting car Fiat punto #17685 on market', '2015-08-05 11:34:48', 0, 6, '2015-08-05 11:34:48', '2015-08-05 11:34:48', NULL),
	(32, 3, 2, 'Bought car Fiat punto #17685', '2015-08-05 11:42:32', 0, 6, '2015-08-05 11:42:32', '2015-08-05 11:42:32', NULL),
	(33, 8, 2, 'Sold car Fiat punto #17685', '2015-08-05 11:42:32', 1, 3, '2015-08-05 11:42:32', '2015-08-05 11:42:32', NULL),
	(34, 6, 150, 'Putting car Auto 4 #21735 on market', '2015-08-05 11:45:36', 0, 6, '2015-08-05 11:45:36', '2015-08-05 11:45:36', NULL),
	(35, 15, 150, 'Putting car Auto 4 #1357 on market', '2015-08-05 11:53:19', 0, 6, '2015-08-05 11:53:19', '2015-08-05 11:53:19', NULL),
	(36, 13, 46300, 'Car Subaru Impreza 2.0 P1 was bought', '2015-08-05 12:20:13', 0, 7, '2015-08-05 12:20:13', '2015-08-05 12:20:13', NULL),
	(37, 18, 50000, 'Initial FastRally bonus', '2015-08-05 16:00:53', 1, 8, '2015-08-05 16:00:53', '2015-08-05 16:00:53', NULL),
	(38, 1, 11000, 'Car Proton Satria Neo Sport was bought', '2015-08-11 17:27:28', 0, 7, '2015-08-11 17:27:28', '2015-08-11 17:27:28', NULL),
	(39, 6, 25000, 'Car Alfa Romeo Junior was bought', '2015-08-11 17:33:15', 0, 7, '2015-08-11 17:33:15', '2015-08-11 17:33:15', NULL),
	(40, 8, 34000, 'Car Renault Clio III was bought', '2015-08-11 17:39:28', 0, 7, '2015-08-11 17:39:28', '2015-08-11 17:39:28', NULL),
	(41, 13, 2195, 'Bought car Mitsubishi Lancer Evo IX GT340 #5', '2015-08-12 02:20:01', 0, 6, '2015-08-12 02:20:01', '2015-08-12 02:20:01', NULL),
	(42, 6, 2195, 'Sold car Mitsubishi Lancer Evo IX GT340 #5', '2015-08-12 02:20:01', 1, 3, '2015-08-12 02:20:01', '2015-08-12 02:20:01', NULL);
/*!40000 ALTER TABLE `team_finance` ENABLE KEYS */;


-- Dumping structure for table ral.team_sponsor_list
CREATE TABLE IF NOT EXISTS `team_sponsor_list` (
  `id` int(11) NOT NULL AUTO_INCREMENT,
  `name` varchar(255) DEFAULT NULL,
  `slug` varchar(255) DEFAULT NULL,
  `description` text,
  `active` tinyint(1) DEFAULT '0',
  `logo` varchar(255) DEFAULT NULL,
  `created_at` datetime NOT NULL,
  `updated_at` datetime NOT NULL,
  `deleted_at` datetime DEFAULT NULL,
  PRIMARY KEY (`id`)
) ENGINE=MyISAM AUTO_INCREMENT=4 DEFAULT CHARSET=utf8;

-- Dumping data for table ral.team_sponsor_list: 3 rows
DELETE FROM `team_sponsor_list`;
/*!40000 ALTER TABLE `team_sponsor_list` DISABLE KEYS */;
INSERT INTO `team_sponsor_list` (`id`, `name`, `slug`, `description`, `active`, `logo`, `created_at`, `updated_at`, `deleted_at`) VALUES
	(1, 'City Network', 'city-network', 'City Network is one of Swedens leading hosting companies and offers everything from simple packages to advanced managed solutions. You can get a generous package including e-mail and lots of space for as little as 5 USD per month. City Network is the exclusive host of ManagerZone and makes sure each manager gets the best access to the site.', 1, 'sponsor_city_network.sponsor_city_network', '2015-04-03 17:46:19', '2015-04-03 18:20:03', NULL),
	(2, 'Goal.com', 'goalcom', 'Goal.com is the ultimate resource for football fans with the aim of giving life to the largest football community on the planet. It covers the whole spectrum of the football world with news, statistics, photos, videos, transfer info, polls, games, fan forums, and much more.', 0, 'sponsor_goal.sponsor_goal', '2015-04-03 18:22:37', '2015-04-03 18:22:37', NULL),
	(3, 'ESPN', 'espn', 'ESPN Inc., the Worldwide Leader in Sports, is a multinational, multimedia sports entertainment company comprised of six domestic and 19 international television networks, a recently launched interactive TV channel, the largest sports radio network, ESPN The Magazine, ESPN.com, sports-themed dining and entertainment establishments, event management, ESPN Enterprises, wireless and broadband services, and more. ESPN features the broadest portfolio of multimedia assets in sports marketing with more than 40 national and international business interests or entities.', 0, 'sponsor_espn.sponsor_espn', '2015-04-03 18:23:17', '2015-04-03 18:23:17', NULL);
/*!40000 ALTER TABLE `team_sponsor_list` ENABLE KEYS */;


-- Dumping structure for table ral.team_team
CREATE TABLE IF NOT EXISTS `team_team` (
  `id` int(11) NOT NULL AUTO_INCREMENT,
  `user_id` int(11) DEFAULT NULL,
  `name` varchar(255) DEFAULT NULL,
  `driver1_id` int(11) DEFAULT NULL,
  `driver2_id` int(11) DEFAULT NULL,
  `pilot1_id` int(11) DEFAULT NULL,
  `pilot2_id` int(11) DEFAULT NULL,
  `car1_id` int(11) DEFAULT NULL,
  `car2_id` int(11) DEFAULT NULL,
  `cash` int(11) NOT NULL DEFAULT '0',
  `sponsor_id` int(11) DEFAULT NULL,
  `league_name` float(10,2) DEFAULT NULL,
  `created_at` datetime NOT NULL,
  `updated_at` datetime NOT NULL,
  `deleted_at` datetime DEFAULT NULL,
  PRIMARY KEY (`id`),
  KEY `team_team_user_id_user_user_id` (`user_id`),
  KEY `team_team_pilot2_id_people_people_id` (`pilot2_id`),
  KEY `team_team_pilot1_id_people_people_id` (`pilot1_id`),
  KEY `team_team_driver2_id_people_people_id` (`driver2_id`),
  KEY `team_team_driver1_id_people_people_id` (`driver1_id`),
  KEY `team_team_car2_id_car_car_id` (`car2_id`),
  KEY `team_team_car1_id_car_car_id` (`car1_id`),
  KEY `team_team_sponsor_id_team_sponsor_list_id` (`sponsor_id`)
) ENGINE=MyISAM AUTO_INCREMENT=19 DEFAULT CHARSET=utf8 COMMENT='update team_team set cash = 0\r\n';

-- Dumping data for table ral.team_team: 18 rows
DELETE FROM `team_team`;
/*!40000 ALTER TABLE `team_team` DISABLE KEYS */;
INSERT INTO `team_team` (`id`, `user_id`, `name`, `driver1_id`, `driver2_id`, `pilot1_id`, `pilot2_id`, `car1_id`, `car2_id`, `cash`, `sponsor_id`, `league_name`, `created_at`, `updated_at`, `deleted_at`) VALUES
	(1, 1, 'Team_1', NULL, NULL, NULL, NULL, NULL, NULL, 44160, NULL, 1.00, '2015-08-04 16:27:18', '2015-08-11 17:27:28', NULL),
	(2, 2, 'Team_2', NULL, NULL, NULL, NULL, NULL, NULL, 50000, NULL, 1.00, '2015-08-04 16:27:18', '2015-08-04 16:27:18', NULL),
	(3, 3, 'Team_3', NULL, NULL, NULL, NULL, NULL, NULL, 43884, 2, 1.00, '2015-08-04 16:27:18', '2015-08-05 11:42:32', NULL),
	(4, 4, 'Team_4', NULL, NULL, NULL, NULL, NULL, NULL, 50000, NULL, 1.00, '2015-08-04 16:27:18', '2015-08-04 16:27:18', NULL),
	(5, 5, 'Team_5', NULL, NULL, NULL, NULL, NULL, NULL, 50000, NULL, 1.00, '2015-08-04 16:27:18', '2015-08-04 16:27:18', NULL),
	(6, 6, 'Team_6', NULL, NULL, NULL, NULL, NULL, NULL, 27045, NULL, 1.00, '2015-08-04 16:27:18', '2015-08-12 02:20:01', NULL),
	(7, 7, 'Team_7', NULL, NULL, NULL, NULL, NULL, NULL, 50000, NULL, 1.00, '2015-08-04 16:27:18', '2015-08-04 16:27:18', NULL),
	(8, 8, 'Team_8', NULL, NULL, NULL, NULL, NULL, NULL, 15852, NULL, 1.00, '2015-08-04 16:27:18', '2015-08-11 17:39:28', NULL),
	(9, 9, 'Team_9', NULL, NULL, NULL, NULL, NULL, NULL, 50000, NULL, 1.00, '2015-08-04 16:27:19', '2015-08-04 16:27:19', NULL),
	(10, 10, 'Team_10', NULL, NULL, NULL, NULL, NULL, NULL, 50000, NULL, 1.00, '2015-08-04 16:27:19', '2015-08-04 16:27:19', NULL),
	(11, 11, 'Team_11', NULL, NULL, NULL, NULL, NULL, NULL, 49850, NULL, 1.00, '2015-08-04 16:27:19', '2015-08-05 11:14:34', NULL),
	(12, 12, 'Team_12', NULL, NULL, NULL, NULL, NULL, NULL, 50000, NULL, 1.00, '2015-08-04 16:27:19', '2015-08-04 16:27:19', NULL),
	(13, 13, 'Team_13', NULL, NULL, NULL, NULL, NULL, NULL, 805, NULL, 2.10, '2015-08-04 16:27:19', '2015-08-12 02:20:01', NULL),
	(14, 14, 'Team_14', NULL, NULL, NULL, NULL, NULL, NULL, 46204, NULL, 2.10, '2015-08-04 16:27:19', '2015-08-05 11:00:58', NULL),
	(15, 15, 'Team_15', NULL, NULL, NULL, NULL, NULL, NULL, 49850, NULL, 2.10, '2015-08-04 16:27:19', '2015-08-05 11:53:19', NULL),
	(16, 16, 'Team_16', NULL, NULL, NULL, NULL, NULL, NULL, 50000, NULL, 2.10, '2015-08-04 17:01:16', '2015-08-04 17:01:16', NULL),
	(17, 18, 'Team_18', NULL, NULL, NULL, NULL, NULL, NULL, 50000, 1, 2.10, '2015-08-04 17:18:34', '2015-08-04 18:01:07', NULL),
	(18, 20, 'Team_20', NULL, NULL, NULL, NULL, NULL, NULL, 50000, NULL, 2.10, '2015-08-05 16:00:53', '2015-08-05 16:00:53', NULL);
/*!40000 ALTER TABLE `team_team` ENABLE KEYS */;


-- Dumping structure for table ral.user_board
CREATE TABLE IF NOT EXISTS `user_board` (
  `id` int(11) NOT NULL AUTO_INCREMENT,
  `user_id` bigint(20) DEFAULT NULL,
  `writer_id` bigint(20) DEFAULT NULL,
  `message` text,
  `created_at` datetime NOT NULL,
  `updated_at` datetime NOT NULL,
  `deleted_at` datetime DEFAULT NULL,
  PRIMARY KEY (`id`)
) ENGINE=MyISAM DEFAULT CHARSET=utf8;

-- Dumping data for table ral.user_board: 0 rows
DELETE FROM `user_board`;
/*!40000 ALTER TABLE `user_board` DISABLE KEYS */;
/*!40000 ALTER TABLE `user_board` ENABLE KEYS */;


-- Dumping structure for table ral.user_friends
CREATE TABLE IF NOT EXISTS `user_friends` (
  `id` int(11) NOT NULL AUTO_INCREMENT,
  `user_id` bigint(20) DEFAULT NULL,
  `friend_id` bigint(20) DEFAULT NULL,
  `accepted` tinyint(1) DEFAULT '0',
  `created_at` datetime NOT NULL,
  `updated_at` datetime NOT NULL,
  PRIMARY KEY (`id`),
  KEY `user_friends_user_id_user_user_id` (`user_id`),
  KEY `user_friends_friend_id_user_user_id` (`friend_id`)
) ENGINE=MyISAM DEFAULT CHARSET=utf8;

-- Dumping data for table ral.user_friends: 0 rows
DELETE FROM `user_friends`;
/*!40000 ALTER TABLE `user_friends` DISABLE KEYS */;
/*!40000 ALTER TABLE `user_friends` ENABLE KEYS */;


-- Dumping structure for table ral.user_invite
CREATE TABLE IF NOT EXISTS `user_invite` (
  `id` int(11) NOT NULL AUTO_INCREMENT,
  `user_id` bigint(20) DEFAULT NULL,
  `email` varchar(255) DEFAULT NULL,
  `created_at` datetime NOT NULL,
  `updated_at` datetime NOT NULL,
  PRIMARY KEY (`id`),
  KEY `user_invite_user_id_user_user_id` (`user_id`)
) ENGINE=MyISAM AUTO_INCREMENT=4 DEFAULT CHARSET=utf8;

-- Dumping data for table ral.user_invite: 3 rows
DELETE FROM `user_invite`;
/*!40000 ALTER TABLE `user_invite` DISABLE KEYS */;
INSERT INTO `user_invite` (`id`, `user_id`, `email`, `created_at`, `updated_at`) VALUES
	(1, 3, 'tomasz.kardas20@gmail.com', '2015-08-04 16:35:28', '2015-08-04 16:35:28'),
	(2, 3, 'dsada@dsada.pl', '2015-08-04 16:48:49', '2015-08-04 16:48:49'),
	(3, 3, 'dsada@dsadada.pl', '2015-08-04 16:49:53', '2015-08-04 16:49:53');
/*!40000 ALTER TABLE `user_invite` ENABLE KEYS */;


-- Dumping structure for table ral.user_notification
CREATE TABLE IF NOT EXISTS `user_notification` (
  `id` int(11) NOT NULL AUTO_INCREMENT,
  `user_id` bigint(20) DEFAULT NULL,
  `type` int(11) DEFAULT NULL,
  `link` varchar(255) DEFAULT NULL,
  `message` text,
  `created_at` datetime NOT NULL,
  `updated_at` datetime NOT NULL,
  PRIMARY KEY (`id`)
) ENGINE=MyISAM DEFAULT CHARSET=utf8;

-- Dumping data for table ral.user_notification: 0 rows
DELETE FROM `user_notification`;
/*!40000 ALTER TABLE `user_notification` DISABLE KEYS */;
/*!40000 ALTER TABLE `user_notification` ENABLE KEYS */;


-- Dumping structure for table ral.user_premium_log
CREATE TABLE IF NOT EXISTS `user_premium_log` (
  `id` int(11) NOT NULL AUTO_INCREMENT,
  `amount` bigint(20) DEFAULT NULL,
  `user_id` bigint(20) DEFAULT NULL,
  `income` tinyint(1) DEFAULT '1',
  `description` varchar(255) DEFAULT NULL,
  `created_at` datetime NOT NULL,
  `updated_at` datetime NOT NULL,
  `deleted_at` datetime DEFAULT NULL,
  PRIMARY KEY (`id`)
) ENGINE=MyISAM AUTO_INCREMENT=5 DEFAULT CHARSET=utf8;

-- Dumping data for table ral.user_premium_log: 4 rows
DELETE FROM `user_premium_log`;
/*!40000 ALTER TABLE `user_premium_log` DISABLE KEYS */;
INSERT INTO `user_premium_log` (`id`, `amount`, `user_id`, `income`, `description`, `created_at`, `updated_at`, `deleted_at`) VALUES
	(1, 20, 3, 0, '7 days gold membership', '2015-08-04 16:32:38', '2015-08-04 16:32:38', NULL),
	(2, 20, 1, 0, '7 days gold membership', '2015-08-05 13:17:38', '2015-08-05 13:17:38', NULL),
	(3, 80, 1, 0, '90 days gold membership', '2015-08-05 13:17:46', '2015-08-05 13:17:46', NULL),
	(4, 80, 1, 0, '90 days gold membership', '2015-08-05 13:18:31', '2015-08-05 13:18:31', NULL);
/*!40000 ALTER TABLE `user_premium_log` ENABLE KEYS */;


-- Dumping structure for table ral.user_user
CREATE TABLE IF NOT EXISTS `user_user` (
  `id` int(11) NOT NULL AUTO_INCREMENT,
  `first_name` varchar(255) DEFAULT NULL,
  `last_name` varchar(255) DEFAULT NULL,
  `email` varchar(255) DEFAULT NULL,
  `username` varchar(255) DEFAULT NULL,
  `salt` varchar(255) DEFAULT NULL,
  `password` varchar(255) DEFAULT NULL,
  `role` varchar(255) DEFAULT NULL,
  `token` varchar(255) DEFAULT NULL,
  `active` tinyint(1) DEFAULT '1',
  `premium` bigint(20) DEFAULT NULL,
  `referer` bigint(20) DEFAULT NULL,
  `referer_not_active` tinyint(1) NOT NULL DEFAULT '0',
  `gold_member` tinyint(1) NOT NULL DEFAULT '0',
  `gold_member_expire` datetime DEFAULT NULL,
  `referer_paid` tinyint(1) DEFAULT '0',
  `created_at` datetime NOT NULL,
  `last_active` datetime DEFAULT NULL,
  `updated_at` datetime NOT NULL,
  `deleted_at` datetime DEFAULT NULL,
  PRIMARY KEY (`id`)
) ENGINE=MyISAM AUTO_INCREMENT=21 DEFAULT CHARSET=utf8;

-- Dumping data for table ral.user_user: 18 rows
DELETE FROM `user_user`;
/*!40000 ALTER TABLE `user_user` DISABLE KEYS */;
INSERT INTO `user_user` (`id`, `first_name`, `last_name`, `email`, `username`, `salt`, `password`, `role`, `token`, `active`, `premium`, `referer`, `referer_not_active`, `gold_member`, `gold_member_expire`, `referer_paid`, `created_at`, `last_active`, `updated_at`, `deleted_at`) VALUES
	(1, NULL, NULL, 'peop1153137@kardimobile.pl', 'peop_1153137', '2700d5c61954700899c7e09a0ba3ca45', 'cd918f5416c1ea18d4c8fc2b53b71499', 'user', '2700d5c61954700899c7e09a0ba3ca45', 1, 20, NULL, 0, 1, '2016-02-08 13:17:38', 0, '2015-08-04 16:27:17', '2015-08-11 17:28:53', '2015-08-11 17:28:53', NULL),
	(2, NULL, NULL, 'peop1166425@kardimobile.pl', 'peop_1166425', 'abf18df95f6a7e25204096f514362f5f', '5d13bb14515e4ed0d6bf4b23803531fa', 'user', 'abf18df95f6a7e25204096f514362f5f', 1, NULL, NULL, 0, 0, NULL, 0, '2015-08-04 16:27:18', '2015-08-11 17:29:03', '2015-08-11 17:29:03', NULL),
	(3, NULL, NULL, 'peop1128534@kardimobile.pl', 'kk33', '7baf806acc43ad103f8d84ac7171cd8f', '0613210aeddc1d25cfb1854e682ea278', 'user', '7baf806acc43ad103f8d84ac7171cd8f', 1, 80, NULL, 0, 0, '2015-08-11 16:32:38', 0, '2015-08-04 16:27:18', '2015-08-12 13:30:02', '2015-08-12 13:30:02', NULL),
	(4, NULL, NULL, 'peop1057544@kardimobile.pl', 'peop_1057544', 'd53f9d7345633cf1a8dc57b56958d20b', '6ff29a3ae5942df31d41ab1a519b1a3f', 'user', '0c36fc79ac8ff111cc0737a44b30dd69', 1, NULL, NULL, 0, 0, NULL, 0, '2015-08-04 16:27:18', '2015-08-11 17:32:48', '2015-08-11 17:32:48', NULL),
	(5, NULL, NULL, 'peop1191248@kardimobile.pl', 'peop_1191248', '14676095b78dd05a4f364a0adfd413ff', '8952afe94795b8de39cc8b58f817d61f', 'user', '14676095b78dd05a4f364a0adfd413ff', 1, NULL, NULL, 0, 0, NULL, 0, '2015-08-04 16:27:18', '2015-08-11 17:32:57', '2015-08-11 17:32:57', NULL),
	(6, NULL, NULL, 'peop1190143@kardimobile.pl', 'peop_1190143', '2329a8f7dacc735fb41dd15dda7f5dbc', '89c535bd0d01bf61e979227ef71add35', 'user', '2329a8f7dacc735fb41dd15dda7f5dbc', 1, NULL, NULL, 0, 0, NULL, 0, '2015-08-04 16:27:18', '2015-08-11 17:38:54', '2015-08-11 17:38:54', NULL),
	(7, NULL, NULL, 'peop1078992@kardimobile.pl', 'peop_1078992', '3f16c7ff7b4e27c3791f4dc3f848d68a', '95e6901759b670cc3d255b8898d2ba79', 'user', '3f16c7ff7b4e27c3791f4dc3f848d68a', 1, NULL, NULL, 0, 0, NULL, 0, '2015-08-04 16:27:18', '2015-08-11 17:39:15', '2015-08-11 17:39:15', NULL),
	(8, NULL, NULL, 'peop1167926@kardimobile.pl', 'peop_1167926', '73c193ff46f2104fad7e0b8583593e37', '2eef827465bbc87d9d37d9850e6d03c0', 'user', '73c193ff46f2104fad7e0b8583593e37', 1, NULL, NULL, 0, 0, NULL, 0, '2015-08-04 16:27:18', '2015-08-11 17:39:38', '2015-08-11 17:39:38', NULL),
	(9, NULL, NULL, 'peop1066382@kardimobile.pl', 'peop_1066382', '9f51863abd9f73fc45660c01ab0f55b3', 'b9c315d7e3ddeb99ec98189d1330700e', 'user', '9f51863abd9f73fc45660c01ab0f55b3', 1, NULL, NULL, 0, 0, NULL, 0, '2015-08-04 16:27:19', '2015-08-11 17:39:47', '2015-08-11 17:39:47', NULL),
	(10, NULL, NULL, 'peop1015344@kardimobile.pl', 'peop_1015344', 'aeab0b83c9c5d5aea56a6c7cf8fd0e95', '5a670d3978cdd86002150810afb64822', 'user', 'aeab0b83c9c5d5aea56a6c7cf8fd0e95', 1, NULL, NULL, 0, 0, NULL, 0, '2015-08-04 16:27:19', '2015-08-11 17:39:57', '2015-08-11 17:39:57', NULL),
	(11, NULL, NULL, 'peop1117383@kardimobile.pl', 'peop_1117383', 'e97790bc818a723510936a8ba4e08fb6', 'f66e3d7984b3516a96edc58ec7319f25', 'user', 'e97790bc818a723510936a8ba4e08fb6', 1, NULL, NULL, 0, 0, NULL, 0, '2015-08-04 16:27:19', '2015-08-11 17:40:08', '2015-08-11 17:40:08', NULL),
	(12, NULL, NULL, 'peop1031573@kardimobile.pl', 'peop_1031573', 'c85e53fc8ab7efef767612606aaf703b', 'f694dada21ced07f8675183934a94a2d', 'user', '92139366268af18e725e2c7ca176a091', 1, NULL, NULL, 0, 0, NULL, 0, '2015-08-04 16:27:19', '2015-08-11 17:40:16', '2015-08-11 17:40:16', NULL),
	(13, NULL, NULL, 'peop1004553@kardimobile.pl', 'peop_1004553', '6b26ec1f7d7641d69cb142dca4e9370a', '45f32d0cf8349aea0961b89219cf7194', 'user', '6b26ec1f7d7641d69cb142dca4e9370a', 1, NULL, NULL, 0, 0, NULL, 0, '2015-08-04 16:27:19', '2015-08-11 15:49:59', '2015-08-11 15:49:59', NULL),
	(14, NULL, NULL, 'peop1190900@kardimobile.pl', 'peop_1190900', '0cb62f70f000448807129f2910aea74b', '7421067aba54006911706f6efe50ccbb', 'user', '628f00a7ed47f74920f76c6762fdeaa4', 1, NULL, NULL, 0, 0, NULL, 0, '2015-08-04 16:27:19', '2015-08-11 15:47:31', '2015-08-11 15:47:31', NULL),
	(15, NULL, NULL, 'peop1148505@kardimobile.pl', 'peop_1148505', 'ee0f39de3d10b2b521da9b6e39eafadb', 'e32c8697fbda745690fac33ac1380bc9', 'user', 'ee0f39de3d10b2b521da9b6e39eafadb', 1, NULL, NULL, 0, 0, NULL, 0, '2015-08-04 16:27:19', '2015-08-07 16:24:48', '2015-08-07 16:24:48', NULL),
	(19, NULL, NULL, 'moderator', 'moderator', '93d07212d9fc94c440ea40c637b0a87a', '3752e702bcf99c77e5c91271b034d32c', 'moderator', '93d07212d9fc94c440ea40c637b0a87a', 1, NULL, 3, 0, 0, NULL, 0, '2015-08-04 17:18:18', '2015-08-05 12:38:33', '2015-08-05 12:38:33', NULL),
	(18, NULL, NULL, 'biuro@kardimobile.pl', 'km123', '93d07212d9fc94c440ea40c637b0a87a', '3752e702bcf99c77e5c91271b034d32c', 'user', '93d07212d9fc94c440ea40c637b0a87a', 1, NULL, 3, 0, 0, NULL, 0, '2015-08-04 17:18:18', '2015-08-07 16:25:12', '2015-08-07 16:25:12', NULL),
	(20, NULL, NULL, 'cron@kardimobile.pl', 'admin', '48fd05708efcfdf88f30d7b5eb68725a', 'c7721b616347c470ad6bba999c384464', 'admin', '48fd05708efcfdf88f30d7b5eb68725a', 1, NULL, NULL, 0, 0, NULL, 0, '2015-08-05 16:00:32', '2015-08-12 10:40:07', '2015-08-12 10:40:07', NULL);
/*!40000 ALTER TABLE `user_user` ENABLE KEYS */;


-- Dumping structure for view ral.viewuserteam
-- Creating temporary table to overcome VIEW dependency errors
CREATE TABLE `viewuserteam` (
	`id` INT(11) NOT NULL,
	`user_id` INT(11) NULL,
	`name` VARCHAR(255) NULL COLLATE 'utf8_general_ci',
	`driver1_id` INT(11) NULL,
	`driver2_id` INT(11) NULL,
	`pilot1_id` INT(11) NULL,
	`pilot2_id` INT(11) NULL,
	`car1_id` INT(11) NULL,
	`car2_id` INT(11) NULL,
	`cash` INT(11) NOT NULL,
	`sponsor_id` INT(11) NULL,
	`league_name` FLOAT(10,2) NULL,
	`created_at` DATETIME NOT NULL,
	`updated_at` DATETIME NOT NULL,
	`deleted_at` DATETIME NULL
) ENGINE=MyISAM;


-- Dumping structure for view ral.viewuserteam
-- Removing temporary table and create final VIEW structure
DROP TABLE IF EXISTS `viewuserteam`;
CREATE ALGORITHM=UNDEFINED DEFINER=`root`@`localhost` VIEW `viewuserteam` AS select t.* from user_user u inner join team_team t on u.id = t.user_id where u.username like 'peop_1004553' ;
/*!40101 SET SQL_MODE=IFNULL(@OLD_SQL_MODE, '') */;
/*!40014 SET FOREIGN_KEY_CHECKS=IF(@OLD_FOREIGN_KEY_CHECKS IS NULL, 1, @OLD_FOREIGN_KEY_CHECKS) */;
/*!40101 SET CHARACTER_SET_CLIENT=@OLD_CHARACTER_SET_CLIENT */;
