-- --------------------------------------------------------
-- Host:                         127.0.0.1
-- Server version:               5.6.21 - MySQL Community Server (GPL)
-- Server OS:                    Win32
-- HeidiSQL Version:             9.1.0.4867
-- --------------------------------------------------------

/*!40101 SET @OLD_CHARACTER_SET_CLIENT=@@CHARACTER_SET_CLIENT */;
/*!40101 SET NAMES utf8mb4 */;
/*!40014 SET @OLD_FOREIGN_KEY_CHECKS=@@FOREIGN_KEY_CHECKS, FOREIGN_KEY_CHECKS=0 */;
/*!40101 SET @OLD_SQL_MODE=@@SQL_MODE, SQL_MODE='NO_AUTO_VALUE_ON_ZERO' */;

-- Dumping structure for table ral.car_car
DROP TABLE IF EXISTS `car_car`;
CREATE TABLE IF NOT EXISTS `car_car` (
  `id` int(11) NOT NULL AUTO_INCREMENT,
  `model_id` bigint(20) DEFAULT NULL,
  `name` varchar(255) DEFAULT NULL,
  `team_id` bigint(20) DEFAULT NULL,
  `mileage` bigint(20) DEFAULT NULL,
  `value` bigint(20) DEFAULT NULL,
  `upkeep` bigint(20) DEFAULT NULL,
  `last_season_value_id` bigint(20) DEFAULT NULL,
  `on_market` tinyint(1) NOT NULL DEFAULT '0',
  `created_at` datetime NOT NULL,
  `updated_at` datetime NOT NULL,
  `deleted_at` datetime DEFAULT NULL,
  `last_name_change` datetime DEFAULT NULL,
  PRIMARY KEY (`id`)
) ENGINE=MyISAM AUTO_INCREMENT=23 DEFAULT CHARSET=utf8;

-- Dumping data for table ral.car_car: 22 rows
DELETE FROM `car_car`;
/*!40000 ALTER TABLE `car_car` DISABLE KEYS */;
INSERT INTO `car_car` (`id`, `model_id`, `name`, `team_id`, `mileage`, `value`, `upkeep`, `last_season_value_id`, `on_market`, `created_at`, `updated_at`, `deleted_at`, `last_name_change`) VALUES
	(1, 6, 'Mitsubishi Lancer Evo IX GT340 #0', 3, 0, 123000, 18450, 0, 0, '2015-08-04 16:27:18', '2015-08-11 18:00:09', NULL, NULL),
	(2, 15, 'Honda Civic Turbo Type R #1', 2, 0, 127000, 19050, 0, 0, '2015-08-04 16:27:18', '2015-08-11 18:00:09', NULL, NULL),
	(3, 16, 'Toyota Celica GT-Four ST205 #2', 3, 0, 119700, 17955, 0, 0, '2015-08-04 16:27:18', '2015-08-11 18:00:09', NULL, NULL),
	(4, 21, 'Skoda Octavia WRC #3', 4, 0, 115000, 17250, 0, 0, '2015-08-04 16:27:18', '2015-08-11 18:00:10', NULL, NULL),
	(5, 24, 'Volkswagen Polo R WRC #4', 5, 0, 133000, 19950, 0, 0, '2015-08-04 16:27:18', '2015-08-11 18:00:10', NULL, NULL),
	(6, 6, 'Mitsubishi Lancer Evo IX GT340 #5', 13, 0, 123000, 18450, 0, 0, '2015-08-04 16:27:18', '2015-08-12 02:20:01', NULL, NULL),
	(7, 15, 'Honda Civic Turbo Type R #6', 7, 0, 127000, 19050, 0, 0, '2015-08-04 16:27:18', '2015-08-11 18:00:11', NULL, NULL),
	(8, 16, 'Toyota Celica GT-Four ST205 #7', 3, 0, 119700, 17955, 0, 0, '2015-08-04 16:27:19', '2015-08-11 18:00:11', NULL, NULL),
	(9, 21, 'Skoda Octavia WRC #8', 9, 0, 115000, 17250, 0, 0, '2015-08-04 16:27:19', '2015-08-11 18:00:11', NULL, NULL),
	(10, 24, 'Volkswagen Polo R WRC #9', 10, 0, 133000, 19950, 0, 0, '2015-08-04 16:27:19', '2015-08-11 18:00:11', NULL, NULL),
	(11, 6, 'Mitsubishi Lancer Evo IX GT340 #10', 11, 0, 123000, 18450, 0, 0, '2015-08-04 16:27:19', '2015-08-11 18:00:12', NULL, NULL),
	(12, 15, 'Honda Civic Turbo Type R #11', 12, 0, 127000, 19050, 0, 0, '2015-08-04 16:27:19', '2015-08-11 18:00:12', NULL, NULL),
	(13, 16, 'Toyota Celica GT-Four ST205 #12', 13, 0, 119700, 17955, 0, 0, '2015-08-04 16:27:19', '2015-08-11 18:00:12', NULL, NULL),
	(14, 21, 'Skoda Octavia WRC #13', 14, 0, 115000, 17250, 0, 0, '2015-08-04 16:27:19', '2015-08-11 18:00:12', NULL, NULL),
	(15, 24, 'Volkswagen Polo R WRC #14', 15, 0, 133000, 19950, 0, 0, '2015-08-04 16:27:19', '2015-08-11 18:00:13', NULL, NULL),
	(16, 6, 'Mitsubishi Lancer Evo IX GT340 #15', 16, 0, 123000, 18450, 0, 0, '2015-08-04 17:01:16', '2015-08-11 18:00:13', NULL, NULL),
	(17, 15, 'Honda Civic Turbo Type R #16', 17, 0, 127000, 19050, 0, 0, '2015-08-04 17:18:34', '2015-08-11 18:00:13', NULL, NULL),
	(18, 16, 'Toyota Celica GT-Four ST205 #17', 13, 0, 119700, 17955, 0, 0, '2015-08-05 12:20:13', '2015-08-11 18:00:14', NULL, NULL),
	(19, 21, 'Skoda Octavia WRC #18', 18, 0, 115000, 17250, 0, 0, '2015-08-05 16:00:53', '2015-08-11 18:00:14', NULL, NULL),
	(20, 17, 'Proton Satria Neo Sport #19', 1, 0, 11000, 1650, 0, 0, '2015-08-11 17:27:28', '2015-08-11 18:00:14', NULL, NULL),
	(21, 4, 'Alfa Romeo Junior #20', 6, 0, 25000, 3750, 0, 0, '2015-08-11 17:33:15', '2015-08-11 18:00:14', NULL, NULL),
	(22, 5, 'Renault Clio III #21', 8, 0, 34000, 5100, 0, 0, '2015-08-11 17:39:28', '2015-08-11 18:00:15', NULL, NULL);
/*!40000 ALTER TABLE `car_car` ENABLE KEYS */;


-- Dumping structure for table ral.car_car_models
DROP TABLE IF EXISTS `car_car_models`;
CREATE TABLE IF NOT EXISTS `car_car_models` (
  `id` int(11) NOT NULL AUTO_INCREMENT,
  `name` varchar(255) DEFAULT NULL,
  `capacity` bigint(20) DEFAULT NULL,
  `horsepower` bigint(20) DEFAULT NULL,
  `max_speed` bigint(20) DEFAULT NULL,
  `acceleration` float(10,2) DEFAULT NULL,
  `wheel_drive` enum('front','rear','4x4') DEFAULT NULL,
  `league` bigint(20) DEFAULT NULL,
  `price` bigint(20) DEFAULT NULL,
  `unique` bigint(20) DEFAULT NULL,
  `real_value` bigint(20) DEFAULT NULL,
  `on_market` tinyint(1) NOT NULL DEFAULT '0',
  `photo` varchar(255) DEFAULT NULL,
  `created_at` datetime NOT NULL,
  `updated_at` datetime NOT NULL,
  PRIMARY KEY (`id`)
) ENGINE=MyISAM AUTO_INCREMENT=44 DEFAULT CHARSET=utf8;

-- Dumping data for table ral.car_car_models: 33 rows
DELETE FROM `car_car_models`;
/*!40000 ALTER TABLE `car_car_models` DISABLE KEYS */;
INSERT INTO `car_car_models` (`id`, `name`, `capacity`, `horsepower`, `max_speed`, `acceleration`, `wheel_drive`, `league`, `price`, `unique`, `real_value`, `on_market`, `photo`, `created_at`, `updated_at`) VALUES
	(1, 'BMW 318is', 1895, 138, 212, 9.70, '', 3, 53000, 0, 24626, 0, 'bmw318is.jpg', '2015-08-07 13:17:40', '2015-08-13 10:22:54'),
	(2, 'Nissan Micra Sport', 1598, 108, 183, 9.80, '', 4, 33150, 0, 27465, 0, 'nissan_micra.jpg', '2015-08-07 13:13:40', '2015-08-13 10:22:54'),
	(3, 'Triumph TR7', 1998, 105, 175, 9.80, '', 3, 41000, 0, 26711, 0, 'triumph_tr7.jpg', '2015-08-07 13:09:20', '2015-08-13 10:22:54'),
	(4, 'Alfa Romeo Junior', 1300, 136, 197, 10.30, '', 4, 36500, 0, 27026, 1, 'alfa_romeo_junior.jpg', '2015-08-07 13:06:34', '2015-08-13 10:22:54'),
	(5, 'Renault Clio III', 1598, 110, 190, 10.20, '', 4, 34100, 0, 27313, 1, 'renault_clio_3.jpg', '2015-08-06 17:17:50', '2015-08-13 10:22:54'),
	(6, 'Mitsubishi Lancer Evo IX GT340', 1997, 305, 250, 5.20, '', 1, 123000, 0, 14113, 0, 'mitsubishi_lancer_evo_ix.jpg', '2015-08-06 12:30:11', '2015-08-13 10:22:54'),
	(7, 'Ford Fiesta R5', 1597, 280, 180, 8.10, '', 2, 83000, 0, 20680, 1, 'ford_fiesta_r5.jpg', '2015-08-06 12:31:14', '2015-08-13 10:22:54'),
	(8, 'Peugeot 208 VTi', 1199, 120, 178, 12.20, '', 5, 17000, 0, 28993, 0, 'peugot208_vti.jpg', '2015-08-06 12:39:23', '2015-08-13 10:22:54'),
	(9, 'Fiat Cinquecento Sport', 1109, 54, 150, 13.80, '', 6, 5500, 1, 32803, 0, 'cinquecento.jpg', '2015-08-06 12:50:19', '2015-08-13 10:22:54'),
	(10, 'Suzuki Swift Sport', 1568, 136, 195, 8.70, '', 3, 49500, 0, 25728, 0, 'suzuki_swift.JPG', '2015-08-06 15:21:31', '2015-08-13 10:22:54'),
	(11, 'Subaru Impreza WRX STI 2008', 2457, 297, 243, 4.80, '', 1, 183000, 1, 12787, 0, 'subaru_wrx_sti_2008.jpg', '2015-08-06 17:21:15', '2015-08-13 10:22:54'),
	(12, 'Citroen Xsara VTS', 1998, 167, 220, 8.00, '', 2, 72100, 0, 22298, 1, 'citroen_xsara_vts.jpg', '2015-08-06 17:30:34', '2015-08-13 10:22:54'),
	(13, 'Mazda 323 GTR', 1840, 182, 221, 7.00, '', 2, 74300, 0, 21554, 0, 'mazda323_gtr.jpg', '2015-08-06 17:46:53', '2015-08-13 10:22:54'),
	(14, 'FSO Polonez', 1600, 130, 180, 8.10, '', 3, 44500, 0, 26028, 0, 'fso_polonez.JPG', '2015-08-06 17:54:15', '2015-08-13 10:22:54'),
	(15, 'Honda Civic Turbo Type R', 1998, 306, 268, 5.70, '', 1, 127000, 0, 14094, 1, 'honca_civic_type_r.jpg', '2015-08-06 18:06:58', '2015-08-13 10:22:54'),
	(16, 'Toyota Celica GT-Four ST205', 1998, 239, 246, 5.90, '', 1, 115000, 0, 17379, 0, 'toyota_celica_gt_four.jpg', '2015-08-07 10:48:25', '2015-08-13 10:22:54'),
	(17, 'Proton Satria Neo Sport', 1589, 111, 189, 11.50, '', 4, 30500, 0, 27716, 1, 'pro_satria_neo.jpg', '2015-08-07 10:56:18', '2015-08-13 10:22:54'),
	(18, 'Ford Focus RS', 1988, 215, 232, 6.70, '', 2, 87200, 0, 19400, 0, 'ford_focus_rs_I.jpg', '2015-08-07 11:01:11', '2015-08-13 10:22:54'),
	(19, 'Ford Focus WRC', 1991, 300, 230, 4.20, '', 1, 165000, 1, 13353, 1, 'ford_focus_wrc.jpg', '2015-08-07 11:21:11', '2015-08-13 10:22:54'),
	(20, 'Hyundai Accent ', 1600, 137, 194, 8.20, '', 3, 50100, 0, 25393, 0, 'hyundai_accent.jpg', '2015-08-07 12:05:37', '2015-08-13 10:22:54'),
	(21, 'Skoda Octavia WRC', 1998, 300, 230, 4.80, '', 1, 119700, 0, 14361, 0, 'skoda_octavia_wrc.jpg', '2015-08-07 12:15:00', '2015-08-13 10:22:54'),
	(22, 'Skoda Fabia IRC', 1398, 177, 223, 7.30, '', 3, 56500, 0, 23100, 0, 'skoda_fabia.jpg', '2015-08-07 12:17:42', '2015-08-13 10:22:54'),
	(23, 'Mini Cooper S', 1598, 208, 210, 6.80, '', 2, 79300, 0, 21497, 0, 'mini_cooper_s.jpg', '2015-08-07 12:22:33', '2015-08-13 10:22:54'),
	(24, 'Volkswagen Polo R WRC', 1666, 315, 200, 3.90, '', 1, 133000, 0, 14026, 0, 'volkswagen_polo_r.jpg', '2015-08-07 12:25:29', '2015-08-13 10:22:54'),
	(25, 'Suzuki Ignis', 1300, 92, 159, 10.70, '', 5, 11500, 0, 29910, 0, 'suzuki_ignis.jpg', '2015-08-07 12:35:17', '2015-08-13 10:22:54'),
	(26, 'Ford Puma', 1679, 125, 203, 9.20, '', 3, 46100, 0, 25778, 0, 'ford_puma.jpg', '2015-08-07 12:40:24', '2015-08-13 10:22:54'),
	(27, 'Ford Escort V Cosworth', 1993, 224, 232, 6.10, '', 2, 97000, 0, 18558, 1, 'ford_escort_rs_crossworth.jpg', '2015-08-07 12:55:56', '2015-08-13 10:22:54'),
	(28, 'Peugeot 207', 1998, 280, 199, 11.10, '', 2, 85100, 0, 20123, 0, 'peugeot_207.JPG', '2015-08-07 13:02:23', '2015-08-13 10:22:54'),
	(39, 'Ford Cortina MKIII', 1993, 98, 165, 11.10, '', 4, 31000, 0, 27700, 0, 'ford_cortina_mk3.JPG', '2015-08-07 15:44:10', '2015-08-13 10:22:54'),
	(40, 'Mazda 2 Sport', 1498, 102, 188, 10.40, '', 5, 24500, 0, 28004, 0, 'mazda2_sport.JPG', '2015-08-07 15:46:14', '2015-08-13 10:22:54'),
	(41, 'Talbot Samba Rally', 1219, 90, 175, 10.80, '', 5, 13000, 0, 29736, 0, 'talbot_samba.jpg', '2015-08-07 15:47:54', '2015-08-13 10:22:54'),
	(42, 'Opel Viva GT', 1975, 104, 162, 10.70, '', 4, 33100, 0, 27513, 0, 'opel_viva.jpg', '2015-08-07 15:48:26', '2015-08-13 10:22:54'),
	(43, 'Dacia Sandero', 1598, 104, 180, 11.40, '', 5, 23900, 0, 28196, 1, 'dacia_sandero.jpg', '2015-08-07 16:09:41', '2015-08-13 10:22:54');
/*!40000 ALTER TABLE `car_car_models` ENABLE KEYS */;


-- Dumping structure for table ral.forum_category
DROP TABLE IF EXISTS `forum_category`;
CREATE TABLE IF NOT EXISTS `forum_category` (
  `id` int(11) NOT NULL AUTO_INCREMENT,
  `name` varchar(255) DEFAULT NULL,
  `slug` varchar(255) DEFAULT NULL,
  `description` text,
  `active` tinyint(1) DEFAULT '0',
  `created_at` datetime NOT NULL,
  `updated_at` datetime NOT NULL,
  `deleted_at` datetime DEFAULT NULL,
  PRIMARY KEY (`id`)
) ENGINE=MyISAM AUTO_INCREMENT=6 DEFAULT CHARSET=utf8;

-- Dumping data for table ral.forum_category: 5 rows
DELETE FROM `forum_category`;
/*!40000 ALTER TABLE `forum_category` DISABLE KEYS */;
INSERT INTO `forum_category` (`id`, `name`, `slug`, `description`, `active`, `created_at`, `updated_at`, `deleted_at`) VALUES
	(1, 'Ogólne', 'ogolne', 'O grze', 1, '0000-00-00 00:00:00', '0000-00-00 00:00:00', NULL),
	(2, 'Rajdy towarzyskie', 'rajdy-towarzyskie', 'Tutaj możecie pogadać o rajdach towarzyskich', 1, '0000-00-00 00:00:00', '0000-00-00 00:00:00', NULL),
	(3, 'Pytania', 'pytania', 'Tutaj możecie pytać o wszystko', 1, '0000-00-00 00:00:00', '0000-00-00 00:00:00', NULL),
	(5, 'Off topic', 'off-topic', 'Wszystko co nie zwiazane z gra', 1, '0000-00-00 00:00:00', '0000-00-00 00:00:00', NULL),
	(4, 'Sugestie', 'sugestie', 'Masz pomysł co ulepszyć w grze? Podziel się nim z nami', 1, '0000-00-00 00:00:00', '0000-00-00 00:00:00', NULL);
/*!40000 ALTER TABLE `forum_category` ENABLE KEYS */;


-- Dumping structure for table ral.forum_favourite
DROP TABLE IF EXISTS `forum_favourite`;
CREATE TABLE IF NOT EXISTS `forum_favourite` (
  `id` int(11) NOT NULL AUTO_INCREMENT,
  `user_id` bigint(20) DEFAULT NULL,
  `category_id` bigint(20) DEFAULT NULL,
  `created_at` datetime NOT NULL,
  `updated_at` datetime NOT NULL,
  PRIMARY KEY (`id`),
  KEY `category_id_idx` (`category_id`),
  KEY `forum_favourite_user_id_user_user_id` (`user_id`)
) ENGINE=MyISAM DEFAULT CHARSET=utf8;

-- Dumping data for table ral.forum_favourite: 0 rows
DELETE FROM `forum_favourite`;
/*!40000 ALTER TABLE `forum_favourite` DISABLE KEYS */;
/*!40000 ALTER TABLE `forum_favourite` ENABLE KEYS */;


-- Dumping structure for table ral.forum_post
DROP TABLE IF EXISTS `forum_post`;
CREATE TABLE IF NOT EXISTS `forum_post` (
  `id` int(11) NOT NULL AUTO_INCREMENT,
  `user_id` int(11) DEFAULT NULL,
  `category_id` int(11) DEFAULT NULL,
  `title` varchar(255) DEFAULT NULL,
  `content` text,
  `active` tinyint(1) NOT NULL DEFAULT '1',
  `thread_id` int(11) DEFAULT NULL,
  `moderator_notes` text,
  `moderator_date` datetime DEFAULT NULL,
  `moderator_name` varchar(255) DEFAULT NULL,
  `created_at` datetime NOT NULL,
  `updated_at` datetime NOT NULL,
  `deleted_at` datetime DEFAULT NULL,
  PRIMARY KEY (`id`),
  KEY `forum_post_user_id_user_user_id` (`user_id`),
  KEY `forum_post_thread_id_forum_thread_id` (`thread_id`),
  KEY `forum_post_category_id_forum_category_id` (`category_id`)
) ENGINE=MyISAM AUTO_INCREMENT=3 DEFAULT CHARSET=utf8;

-- Dumping data for table ral.forum_post: 2 rows
DELETE FROM `forum_post`;
/*!40000 ALTER TABLE `forum_post` DISABLE KEYS */;
INSERT INTO `forum_post` (`id`, `user_id`, `category_id`, `title`, `content`, `active`, `thread_id`, `moderator_notes`, `moderator_date`, `moderator_name`, `created_at`, `updated_at`, `deleted_at`) VALUES
	(1, 1, 1, NULL, 'THis is my response', 1, 1, NULL, NULL, NULL, '2015-08-05 12:38:49', '2015-08-05 13:04:01', NULL),
	(2, 1, 1, NULL, 'aaaa', 1, 3, NULL, NULL, NULL, '2015-08-05 13:17:05', '2015-08-05 13:17:05', NULL);
/*!40000 ALTER TABLE `forum_post` ENABLE KEYS */;


-- Dumping structure for table ral.forum_thread
DROP TABLE IF EXISTS `forum_thread`;
CREATE TABLE IF NOT EXISTS `forum_thread` (
  `id` int(11) NOT NULL AUTO_INCREMENT,
  `user_id` int(11) DEFAULT NULL,
  `category_id` int(11) DEFAULT NULL,
  `title` varchar(255) DEFAULT NULL,
  `content` text,
  `pinned` tinyint(1) DEFAULT '0',
  `active` tinyint(1) NOT NULL DEFAULT '1',
  `moderator_notes` text,
  `moderator_date` datetime DEFAULT NULL,
  `moderator_name` varchar(255) DEFAULT NULL,
  `created_at` datetime NOT NULL,
  `updated_at` datetime NOT NULL,
  `deleted_at` datetime DEFAULT NULL,
  PRIMARY KEY (`id`),
  KEY `forum_thread_user_id_user_user_id` (`user_id`),
  KEY `forum_thread_category_id_forum_category_id` (`category_id`)
) ENGINE=MyISAM AUTO_INCREMENT=7 DEFAULT CHARSET=utf8;

-- Dumping data for table ral.forum_thread: 6 rows
DELETE FROM `forum_thread`;
/*!40000 ALTER TABLE `forum_thread` DISABLE KEYS */;
INSERT INTO `forum_thread` (`id`, `user_id`, `category_id`, `title`, `content`, `pinned`, `active`, `moderator_notes`, `moderator_date`, `moderator_name`, `created_at`, `updated_at`, `deleted_at`) VALUES
	(1, 13, 1, 'This is my thread', 'content', 0, 1, NULL, NULL, NULL, '2015-08-05 12:25:54', '2015-08-05 12:38:27', NULL),
	(2, 1, 1, 'cxzcz', 'dasda', 0, 1, NULL, NULL, NULL, '2015-08-05 13:05:25', '2015-08-05 13:05:25', NULL),
	(3, 1, 1, 'dsada', 'xczcxz', 0, 1, NULL, NULL, NULL, '2015-08-05 13:05:46', '2015-08-05 13:05:46', NULL),
	(4, 1, 1, 'ewqe', 'dasdas', 0, 1, NULL, NULL, NULL, '2015-08-05 13:05:49', '2015-08-05 13:05:49', NULL),
	(5, 1, 1, 'dasda', 'cxz', 0, 1, NULL, NULL, NULL, '2015-08-05 13:08:20', '2015-08-05 13:08:20', NULL),
	(6, 1, 1, '', '', 0, 1, NULL, NULL, NULL, '2015-08-05 13:11:26', '2015-08-05 13:11:26', NULL);
/*!40000 ALTER TABLE `forum_thread` ENABLE KEYS */;


-- Dumping structure for table ral.league_league
DROP TABLE IF EXISTS `league_league`;
CREATE TABLE IF NOT EXISTS `league_league` (
  `league_name` varchar(255) NOT NULL DEFAULT '0.00',
  `league_level` bigint(20) DEFAULT NULL,
  `created_at` datetime NOT NULL,
  `updated_at` datetime NOT NULL,
  `deleted_at` datetime DEFAULT NULL,
  PRIMARY KEY (`league_name`)
) ENGINE=MyISAM DEFAULT CHARSET=utf8;

-- Dumping data for table ral.league_league: 32 rows
DELETE FROM `league_league`;
/*!40000 ALTER TABLE `league_league` DISABLE KEYS */;
INSERT INTO `league_league` (`league_name`, `league_level`, `created_at`, `updated_at`, `deleted_at`) VALUES
	('1.00', 1, '0000-00-00 00:00:00', '0000-00-00 00:00:00', NULL),
	('2.10', 2, '0000-00-00 00:00:00', '0000-00-00 00:00:00', NULL),
	('2.20', 2, '0000-00-00 00:00:00', '0000-00-00 00:00:00', NULL),
	('3.10', 3, '0000-00-00 00:00:00', '0000-00-00 00:00:00', NULL),
	('3.20', 3, '0000-00-00 00:00:00', '0000-00-00 00:00:00', NULL),
	('3.30', 3, '0000-00-00 00:00:00', '0000-00-00 00:00:00', NULL),
	('3.40', 3, '0000-00-00 00:00:00', '0000-00-00 00:00:00', NULL),
	('4.1', 4, '0000-00-00 00:00:00', '0000-00-00 00:00:00', NULL),
	('4.2', 4, '0000-00-00 00:00:00', '0000-00-00 00:00:00', NULL),
	('4.3', 4, '0000-00-00 00:00:00', '0000-00-00 00:00:00', NULL),
	('4.4', 4, '0000-00-00 00:00:00', '0000-00-00 00:00:00', NULL),
	('4.5', 4, '0000-00-00 00:00:00', '0000-00-00 00:00:00', NULL),
	('4.6', 4, '0000-00-00 00:00:00', '0000-00-00 00:00:00', NULL),
	('4.7', 4, '0000-00-00 00:00:00', '0000-00-00 00:00:00', NULL),
	('4.8', 4, '0000-00-00 00:00:00', '0000-00-00 00:00:00', NULL),
	('4.9', 4, '0000-00-00 00:00:00', '0000-00-00 00:00:00', NULL),
	('4.11', 4, '0000-00-00 00:00:00', '0000-00-00 00:00:00', NULL),
	('4.12', 4, '0000-00-00 00:00:00', '0000-00-00 00:00:00', NULL),
	('4.13', 4, '0000-00-00 00:00:00', '0000-00-00 00:00:00', NULL),
	('4.14', 4, '0000-00-00 00:00:00', '0000-00-00 00:00:00', NULL),
	('4.15', 4, '0000-00-00 00:00:00', '0000-00-00 00:00:00', NULL),
	('4.16', 4, '0000-00-00 00:00:00', '0000-00-00 00:00:00', NULL),
	('4.17', 4, '0000-00-00 00:00:00', '0000-00-00 00:00:00', NULL),
	('4.18', 4, '0000-00-00 00:00:00', '0000-00-00 00:00:00', NULL),
	('4.19', 4, '0000-00-00 00:00:00', '0000-00-00 00:00:00', NULL),
	('4.20', 4, '0000-00-00 00:00:00', '0000-00-00 00:00:00', NULL),
	('4.21', 4, '0000-00-00 00:00:00', '0000-00-00 00:00:00', NULL),
	('4.22', 4, '0000-00-00 00:00:00', '0000-00-00 00:00:00', NULL),
	('4.23', 4, '0000-00-00 00:00:00', '0000-00-00 00:00:00', NULL),
	('4.24', 4, '0000-00-00 00:00:00', '0000-00-00 00:00:00', NULL),
	('4.25', 4, '0000-00-00 00:00:00', '0000-00-00 00:00:00', NULL),
	('1', 1, '2015-08-04 16:26:23', '2015-08-04 16:26:23', NULL);
/*!40000 ALTER TABLE `league_league` ENABLE KEYS */;


-- Dumping structure for table ral.league_season
DROP TABLE IF EXISTS `league_season`;
CREATE TABLE IF NOT EXISTS `league_season` (
  `id` int(11) NOT NULL AUTO_INCREMENT,
  `league_name` varchar(255) DEFAULT NULL,
  `team_id` bigint(20) DEFAULT NULL,
  `points` bigint(20) DEFAULT '0',
  `season` bigint(20) DEFAULT NULL,
  `created_at` datetime NOT NULL,
  `updated_at` datetime NOT NULL,
  `deleted_at` datetime DEFAULT NULL,
  PRIMARY KEY (`id`),
  KEY `league_name_idx` (`league_name`),
  KEY `league_season_team_id_team_team_id` (`team_id`)
) ENGINE=MyISAM AUTO_INCREMENT=44 DEFAULT CHARSET=utf8;

-- Dumping data for table ral.league_season: 18 rows
DELETE FROM `league_season`;
/*!40000 ALTER TABLE `league_season` DISABLE KEYS */;
INSERT INTO `league_season` (`id`, `league_name`, `team_id`, `points`, `season`, `created_at`, `updated_at`, `deleted_at`) VALUES
	(18, '1.00', 1, 0, 1, '2015-08-04 16:27:18', '2015-08-04 16:27:18', NULL),
	(19, '1.00', 2, 0, 1, '2015-08-04 16:27:18', '2015-08-04 16:27:18', NULL),
	(20, '1.00', 3, 0, 1, '2015-08-04 16:27:18', '2015-08-04 16:27:18', NULL),
	(21, '1.00', 4, 0, 1, '2015-08-04 16:27:18', '2015-08-04 16:27:18', NULL),
	(22, '1.00', 5, 0, 1, '2015-08-04 16:27:18', '2015-08-04 16:27:18', NULL),
	(23, '1.00', 6, 0, 1, '2015-08-04 16:27:18', '2015-08-04 16:27:18', NULL),
	(24, '1.00', 7, 0, 1, '2015-08-04 16:27:18', '2015-08-04 16:27:18', NULL),
	(25, '1.00', 8, 0, 1, '2015-08-04 16:27:19', '2015-08-04 16:27:19', NULL),
	(26, '1.00', 9, 0, 1, '2015-08-04 16:27:19', '2015-08-04 16:27:19', NULL),
	(27, '1.00', 10, 0, 1, '2015-08-04 16:27:19', '2015-08-04 16:27:19', NULL),
	(28, '1.00', 11, 0, 1, '2015-08-04 16:27:19', '2015-08-04 16:27:19', NULL),
	(29, '1.00', 12, 0, 1, '2015-08-04 16:27:19', '2015-08-04 16:27:19', NULL),
	(37, '2.10', 13, 0, 1, '0000-00-00 00:00:00', '0000-00-00 00:00:00', NULL),
	(38, '2.10', 14, 0, 1, '0000-00-00 00:00:00', '0000-00-00 00:00:00', NULL),
	(39, '2.10', 15, 0, 1, '0000-00-00 00:00:00', '0000-00-00 00:00:00', NULL),
	(40, '2.10', 16, 0, 1, '0000-00-00 00:00:00', '0000-00-00 00:00:00', NULL),
	(41, '2.10', 17, 0, 1, '0000-00-00 00:00:00', '0000-00-00 00:00:00', NULL),
	(42, '2.10', 18, 0, 1, '0000-00-00 00:00:00', '0000-00-00 00:00:00', NULL);
/*!40000 ALTER TABLE `league_season` ENABLE KEYS */;


-- Dumping structure for table ral.league_season_info
DROP TABLE IF EXISTS `league_season_info`;
CREATE TABLE IF NOT EXISTS `league_season_info` (
  `id` int(11) NOT NULL AUTO_INCREMENT,
  `season` bigint(20) DEFAULT NULL,
  `season_start` datetime DEFAULT NULL,
  `season_finish` datetime DEFAULT NULL,
  `created_at` datetime NOT NULL,
  `updated_at` datetime NOT NULL,
  `deleted_at` datetime DEFAULT NULL,
  PRIMARY KEY (`id`)
) ENGINE=MyISAM AUTO_INCREMENT=2 DEFAULT CHARSET=utf8;

-- Dumping data for table ral.league_season_info: 1 rows
DELETE FROM `league_season_info`;
/*!40000 ALTER TABLE `league_season_info` DISABLE KEYS */;
INSERT INTO `league_season_info` (`id`, `season`, `season_start`, `season_finish`, `created_at`, `updated_at`, `deleted_at`) VALUES
	(1, 1, '2015-08-10 15:09:25', '2015-11-01 15:09:47', '0000-00-00 00:00:00', '0000-00-00 00:00:00', NULL);
/*!40000 ALTER TABLE `league_season_info` ENABLE KEYS */;


-- Dumping structure for table ral.market_bid
DROP TABLE IF EXISTS `market_bid`;
CREATE TABLE IF NOT EXISTS `market_bid` (
  `id` int(11) NOT NULL AUTO_INCREMENT,
  `offer_id` int(11) DEFAULT NULL,
  `value` bigint(20) DEFAULT NULL,
  `team_id` bigint(20) DEFAULT NULL,
  `active` tinyint(1) NOT NULL DEFAULT '1',
  `user_ip` varchar(50) DEFAULT NULL,
  `created_at` datetime NOT NULL,
  `updated_at` datetime NOT NULL,
  `deleted_at` datetime DEFAULT NULL,
  PRIMARY KEY (`id`),
  KEY `market_bid_team_id_team_team_id` (`team_id`),
  KEY `market_bid_offer_id_market_offer_id` (`offer_id`)
) ENGINE=MyISAM AUTO_INCREMENT=6 DEFAULT CHARSET=utf8;

-- Dumping data for table ral.market_bid: 5 rows
DELETE FROM `market_bid`;
/*!40000 ALTER TABLE `market_bid` DISABLE KEYS */;
INSERT INTO `market_bid` (`id`, `offer_id`, `value`, `team_id`, `active`, `user_ip`, `created_at`, `updated_at`, `deleted_at`) VALUES
	(1, 2, 550, 13, 1, '::1', '2015-08-05 10:09:11', '2015-08-05 10:24:35', NULL),
	(2, 2, 605, 4, 1, '::1', '2015-08-05 10:34:13', '2015-08-05 10:34:13', NULL),
	(3, 2, 665, 2, 1, '::1', '2015-08-05 10:34:25', '2015-08-05 10:34:25', NULL),
	(4, 2, 731, 1, 1, '::1', '2015-08-05 10:34:30', '2015-08-05 10:34:30', NULL),
	(5, 2, 804, 3, 1, '::1', '2015-08-05 10:34:37', '2015-08-05 10:34:37', NULL);
/*!40000 ALTER TABLE `market_bid` ENABLE KEYS */;


-- Dumping structure for table ral.market_car_bid
DROP TABLE IF EXISTS `market_car_bid`;
CREATE TABLE IF NOT EXISTS `market_car_bid` (
  `id` int(11) NOT NULL AUTO_INCREMENT,
  `offer_id` int(11) DEFAULT NULL,
  `value` bigint(20) DEFAULT NULL,
  `team_id` bigint(20) DEFAULT NULL,
  `active` tinyint(1) NOT NULL DEFAULT '1',
  `user_ip` varchar(255) DEFAULT NULL,
  `created_at` datetime NOT NULL,
  `updated_at` datetime NOT NULL,
  `deleted_at` datetime DEFAULT NULL,
  PRIMARY KEY (`id`),
  KEY `offer_id_idx` (`offer_id`),
  KEY `market_car_bid_team_id_team_team_id` (`team_id`)
) ENGINE=MyISAM AUTO_INCREMENT=15 DEFAULT CHARSET=utf8;

-- Dumping data for table ral.market_car_bid: 13 rows
DELETE FROM `market_car_bid`;
/*!40000 ALTER TABLE `market_car_bid` DISABLE KEYS */;
INSERT INTO `market_car_bid` (`id`, `offer_id`, `value`, `team_id`, `active`, `user_ip`, `created_at`, `updated_at`, `deleted_at`) VALUES
	(1, 1, 1500, 2, 1, '::1', '2015-08-05 11:04:41', '2015-08-05 11:04:41', NULL),
	(2, 1, 1650, 4, 1, '::1', '2015-08-05 11:04:56', '2015-08-05 11:04:56', NULL),
	(3, 1, 1815, 5, 1, '::1', '2015-08-05 11:05:24', '2015-08-05 11:05:24', NULL),
	(4, 1, 1996, 6, 1, '::1', '2015-08-05 11:05:30', '2015-08-05 11:05:30', NULL),
	(5, 1, 2195, 7, 1, '::1', '2015-08-05 11:05:34', '2015-08-05 11:05:34', NULL),
	(6, 1, 2414, 8, 1, '::1', '2015-08-05 11:05:40', '2015-08-05 11:05:40', NULL),
	(8, 1, 2655, 3, 1, '::1', '2015-08-05 11:14:08', '2015-08-05 11:14:08', NULL),
	(9, 3, 2, 3, 1, '::1', '2015-08-05 11:34:55', '2015-08-05 11:34:55', NULL),
	(10, 4, 1500, 2, 1, '::1', '2015-08-05 11:49:00', '2015-08-05 11:49:00', NULL),
	(11, 4, 1650, 4, 1, '::1', '2015-08-05 11:58:00', '2015-08-05 11:58:00', NULL),
	(12, 4, 1815, 7, 1, '::1', '2015-08-05 11:58:06', '2015-08-05 11:58:06', NULL),
	(13, 4, 1996, 11, 1, '::1', '2015-08-05 11:58:10', '2015-08-05 11:58:10', NULL),
	(14, 4, 2195, 13, 1, '::1', '2015-08-05 11:58:14', '2015-08-05 11:58:14', NULL);
/*!40000 ALTER TABLE `market_car_bid` ENABLE KEYS */;


-- Dumping structure for table ral.market_car_dealer
DROP TABLE IF EXISTS `market_car_dealer`;
CREATE TABLE IF NOT EXISTS `market_car_dealer` (
  `id` int(11) NOT NULL AUTO_INCREMENT,
  `team_id` int(11) DEFAULT NULL,
  `car_id` int(11) DEFAULT NULL,
  `created_at` datetime NOT NULL,
  `updated_at` datetime NOT NULL,
  `deleted_at` datetime DEFAULT NULL,
  PRIMARY KEY (`id`)
) ENGINE=MyISAM DEFAULT CHARSET=utf8;

-- Dumping data for table ral.market_car_dealer: 0 rows
DELETE FROM `market_car_dealer`;
/*!40000 ALTER TABLE `market_car_dealer` DISABLE KEYS */;
/*!40000 ALTER TABLE `market_car_dealer` ENABLE KEYS */;


-- Dumping structure for table ral.market_car_duplicate
DROP TABLE IF EXISTS `market_car_duplicate`;
CREATE TABLE IF NOT EXISTS `market_car_duplicate` (
  `id` int(11) NOT NULL AUTO_INCREMENT,
  `offer_id` int(11) DEFAULT NULL,
  `bid_id` int(11) DEFAULT NULL,
  `solved` tinyint(1) DEFAULT '0',
  `created_at` datetime NOT NULL,
  `updated_at` datetime NOT NULL,
  `deleted_at` datetime DEFAULT NULL,
  PRIMARY KEY (`id`),
  KEY `market_car_duplicate_offer_id_market_car_offer_id` (`offer_id`),
  KEY `market_car_duplicate_bid_id_market_car_bid_id` (`bid_id`)
) ENGINE=MyISAM AUTO_INCREMENT=15 DEFAULT CHARSET=utf8;

-- Dumping data for table ral.market_car_duplicate: 14 rows
DELETE FROM `market_car_duplicate`;
/*!40000 ALTER TABLE `market_car_duplicate` DISABLE KEYS */;
INSERT INTO `market_car_duplicate` (`id`, `offer_id`, `bid_id`, `solved`, `created_at`, `updated_at`, `deleted_at`) VALUES
	(1, 1, 1, 0, '2015-08-05 11:04:42', '2015-08-05 11:04:42', NULL),
	(2, 1, 2, 0, '2015-08-05 11:04:56', '2015-08-05 11:04:56', NULL),
	(3, 1, 3, 0, '2015-08-05 11:05:24', '2015-08-05 11:05:24', NULL),
	(4, 1, 4, 0, '2015-08-05 11:05:30', '2015-08-05 11:05:30', NULL),
	(5, 1, 5, 0, '2015-08-05 11:05:34', '2015-08-05 11:05:34', NULL),
	(6, 1, 6, 0, '2015-08-05 11:05:40', '2015-08-05 11:05:40', NULL),
	(7, 1, 7, 0, '2015-08-05 11:11:21', '2015-08-05 11:11:21', NULL),
	(8, 1, 8, 0, '2015-08-05 11:14:08', '2015-08-05 11:14:08', NULL),
	(9, 3, 9, 0, '2015-08-05 11:34:55', '2015-08-05 11:34:55', NULL),
	(10, 4, 10, 0, '2015-08-05 11:49:00', '2015-08-05 11:49:00', NULL),
	(11, 4, 11, 0, '2015-08-05 11:58:00', '2015-08-05 11:58:00', NULL),
	(12, 4, 12, 0, '2015-08-05 11:58:06', '2015-08-05 11:58:06', NULL),
	(13, 4, 13, 0, '2015-08-05 11:58:10', '2015-08-05 11:58:10', NULL),
	(14, 4, 14, 0, '2015-08-05 11:58:14', '2015-08-05 11:58:14', NULL);
/*!40000 ALTER TABLE `market_car_duplicate` ENABLE KEYS */;


-- Dumping structure for table ral.market_car_offer
DROP TABLE IF EXISTS `market_car_offer`;
CREATE TABLE IF NOT EXISTS `market_car_offer` (
  `id` int(11) NOT NULL AUTO_INCREMENT,
  `car_id` int(11) DEFAULT NULL,
  `team_id` int(11) DEFAULT NULL,
  `start_date` datetime DEFAULT NULL,
  `finish_date` datetime DEFAULT NULL,
  `asking_price` bigint(20) DEFAULT NULL,
  `highest_bid` bigint(20) DEFAULT NULL,
  `active` tinyint(1) NOT NULL DEFAULT '1',
  `car_moved` tinyint(1) NOT NULL DEFAULT '0',
  `canceled` tinyint(1) NOT NULL DEFAULT '0',
  `user_ip` varchar(255) DEFAULT NULL,
  `created_at` datetime NOT NULL,
  `updated_at` datetime NOT NULL,
  `deleted_at` datetime DEFAULT NULL,
  PRIMARY KEY (`id`),
  KEY `market_car_offer_car_id_car_car_id` (`car_id`)
) ENGINE=MyISAM AUTO_INCREMENT=6 DEFAULT CHARSET=utf8;

-- Dumping data for table ral.market_car_offer: 5 rows
DELETE FROM `market_car_offer`;
/*!40000 ALTER TABLE `market_car_offer` DISABLE KEYS */;
INSERT INTO `market_car_offer` (`id`, `car_id`, `team_id`, `start_date`, `finish_date`, `asking_price`, `highest_bid`, `active`, `car_moved`, `canceled`, `user_ip`, `created_at`, `updated_at`, `deleted_at`) VALUES
	(1, 1, 1, '2015-08-05 11:04:21', '2015-08-05 10:56:08', 1500, 2655, 1, 1, 0, NULL, '2015-08-05 11:04:21', '2015-08-05 11:26:03', NULL),
	(2, 11, 11, '2015-08-05 11:14:34', '2015-08-05 10:15:25', 500, 0, 1, 1, 0, NULL, '2015-08-05 11:14:34', '2015-08-05 11:24:56', NULL),
	(3, 8, 8, '2015-08-05 11:34:48', '2015-08-05 10:40:24', 2, 2, 1, 1, 0, NULL, '2015-08-05 11:34:48', '2015-08-05 11:42:32', NULL),
	(4, 6, 6, '2015-08-05 11:45:36', '2015-08-08 11:45:36', 1500, 2195, 1, 1, 0, NULL, '2015-08-05 11:45:36', '2015-08-12 02:20:01', NULL),
	(5, 15, 15, '2015-08-05 11:53:19', '2015-08-05 10:56:14', 200, 0, 1, 1, 0, NULL, '2015-08-05 11:53:19', '2015-08-12 02:20:01', NULL);
/*!40000 ALTER TABLE `market_car_offer` ENABLE KEYS */;


-- Dumping structure for table ral.market_offer
DROP TABLE IF EXISTS `market_offer`;
CREATE TABLE IF NOT EXISTS `market_offer` (
  `id` int(11) NOT NULL AUTO_INCREMENT,
  `people_id` int(11) DEFAULT NULL,
  `team_id` int(11) DEFAULT NULL,
  `start_date` datetime DEFAULT NULL,
  `finish_date` datetime DEFAULT NULL,
  `asking_price` bigint(20) DEFAULT NULL,
  `highest_bid` bigint(20) DEFAULT NULL,
  `active` tinyint(1) NOT NULL DEFAULT '1',
  `player_moved` tinyint(1) NOT NULL DEFAULT '0',
  `canceled` tinyint(1) NOT NULL DEFAULT '0',
  `user_ip` varchar(50) DEFAULT NULL,
  `created_at` datetime NOT NULL,
  `updated_at` datetime NOT NULL,
  `deleted_at` datetime DEFAULT NULL,
  PRIMARY KEY (`id`),
  KEY `market_offer_people_id_people_people_id` (`people_id`)
) ENGINE=MyISAM AUTO_INCREMENT=4 DEFAULT CHARSET=utf8;

-- Dumping data for table ral.market_offer: 3 rows
DELETE FROM `market_offer`;
/*!40000 ALTER TABLE `market_offer` DISABLE KEYS */;
INSERT INTO `market_offer` (`id`, `people_id`, `team_id`, `start_date`, `finish_date`, `asking_price`, `highest_bid`, `active`, `player_moved`, `canceled`, `user_ip`, `created_at`, `updated_at`, `deleted_at`) VALUES
	(1, 27, 14, '2015-08-05 10:08:36', '2015-08-09 10:08:36', 1500000, 0, 1, 1, 0, '::1', '2015-08-05 10:08:36', '2015-08-10 02:20:01', NULL),
	(2, 28, 14, '2015-08-05 10:08:47', '2015-08-05 09:56:15', 550, 804, 1, 1, 0, '::1', '2015-08-05 10:08:47', '2015-08-05 11:00:58', NULL),
	(3, 25, 13, '2015-08-05 10:12:49', '2015-08-05 09:21:57', 5000, 0, 1, 1, 0, '::1', '2015-08-05 10:12:49', '2015-08-05 10:56:28', NULL);
/*!40000 ALTER TABLE `market_offer` ENABLE KEYS */;


-- Dumping structure for table ral.market_people_duplicate
DROP TABLE IF EXISTS `market_people_duplicate`;
CREATE TABLE IF NOT EXISTS `market_people_duplicate` (
  `id` int(11) NOT NULL AUTO_INCREMENT,
  `offer_id` int(11) DEFAULT NULL,
  `bid_id` int(11) DEFAULT NULL,
  `solved` tinyint(1) DEFAULT '0',
  `created_at` datetime NOT NULL,
  `updated_at` datetime NOT NULL,
  `deleted_at` datetime DEFAULT NULL,
  PRIMARY KEY (`id`),
  KEY `market_people_duplicate_offer_id_market_offer_id` (`offer_id`),
  KEY `market_people_duplicate_bid_id_market_bid_id` (`bid_id`)
) ENGINE=MyISAM AUTO_INCREMENT=6 DEFAULT CHARSET=utf8;

-- Dumping data for table ral.market_people_duplicate: 5 rows
DELETE FROM `market_people_duplicate`;
/*!40000 ALTER TABLE `market_people_duplicate` DISABLE KEYS */;
INSERT INTO `market_people_duplicate` (`id`, `offer_id`, `bid_id`, `solved`, `created_at`, `updated_at`, `deleted_at`) VALUES
	(1, 2, 1, 1, '2015-08-05 10:09:11', '2015-08-05 10:24:40', NULL),
	(2, 2, 2, 0, '2015-08-05 10:34:13', '2015-08-05 10:34:13', NULL),
	(3, 2, 3, 0, '2015-08-05 10:34:25', '2015-08-05 10:34:25', NULL),
	(4, 2, 4, 0, '2015-08-05 10:34:30', '2015-08-05 10:34:30', NULL),
	(5, 2, 5, 0, '2015-08-05 10:34:37', '2015-08-05 10:34:37', NULL);
/*!40000 ALTER TABLE `market_people_duplicate` ENABLE KEYS */;


-- Dumping structure for table ral.news_news
DROP TABLE IF EXISTS `news_news`;
CREATE TABLE IF NOT EXISTS `news_news` (
  `id` int(11) NOT NULL AUTO_INCREMENT,
  `title` varchar(255) DEFAULT NULL,
  `slug` varchar(255) DEFAULT NULL,
  `content` text,
  `publish_date` datetime DEFAULT NULL,
  `visible` tinyint(1) DEFAULT '1',
  `created_at` datetime NOT NULL,
  `updated_at` datetime NOT NULL,
  `deleted_at` datetime DEFAULT NULL,
  PRIMARY KEY (`id`)
) ENGINE=MyISAM AUTO_INCREMENT=5 DEFAULT CHARSET=utf8;

-- Dumping data for table ral.news_news: 4 rows
DELETE FROM `news_news`;
/*!40000 ALTER TABLE `news_news` DISABLE KEYS */;
INSERT INTO `news_news` (`id`, `title`, `slug`, `content`, `publish_date`, `visible`, `created_at`, `updated_at`, `deleted_at`) VALUES
	(1, 'Pierrwszy post\\', 'pierw', 'Lorem ipsum dolor sit amet, consectetur adipiscing elit. Fusce lorem tortor, auctor quis lobortis eleifend, ultricies vel orci. Suspendisse quis sagittis tellus. Morbi blandit lectus vitae velit vulputate, id molestie velit feugiat. Vivamus et nibh placerat, congue mi sodales, euismod urna. Proin posuere odio erat, ac commodo neque gravida ut. Vivamus viverra feugiat mauris vitae malesuada. Ut pulvinar, mauris a lacinia malesuada, felis risus blandit enim, at blandit lectus tortor vitae mauris. Sed volutpat nibh in commodo pretium. Donec rhoncus sed odio iaculis euismod.', '2015-06-19 12:29:33', 1, '0000-00-00 00:00:00', '0000-00-00 00:00:00', NULL),
	(2, 'Drugi enws', 'drugi-news', 'Lorem ipsum dolor sit amet, consectetur adipiscing elit. Fusce lorem tortor, auctor quis lobortis eleifend, ultricies vel orci. Suspendisse quis sagittis tellus. Morbi blandit lectus vitae velit vulputate, id molestie velit feugiat. Vivamus et nibh placerat, congue mi sodales, euismod urna. Proin posuere odio erat, ac commodo neque gravida ut. Vivamus viverra feugiat mauris vitae malesuada. Ut pulvinar, mauris a lacinia malesuada, felis risus blandit enim, at blandit lectus tortor vitae mauris. Sed volutpat nibh in commodo pretium. Donec rhoncus sed odio iaculis euismod.', '2015-06-19 15:34:32', 1, '0000-00-00 00:00:00', '0000-00-00 00:00:00', NULL),
	(3, 'Trzeci', 'trzeci', 'Lorem ipsum dolor sit amet, consectetur adipiscing elit. Fusce lorem tortor, auctor quis lobortis eleifend, ultricies vel orci. Suspendisse quis sagittis tellus. Morbi blandit lectus vitae velit vulputate, id molestie velit feugiat. Vivamus et nibh placerat, congue mi sodales, euismod urna. Proin posuere odio erat, ac commodo neque gravida ut. Vivamus viverra feugiat mauris vitae malesuada. Ut pulvinar, mauris a lacinia malesuada, felis risus blandit enim, at blandit lectus tortor vitae mauris. Sed volutpat nibh in commodo pretium. Donec rhoncus sed odio iaculis euismod.', '2015-06-19 15:34:35', 1, '0000-00-00 00:00:00', '0000-00-00 00:00:00', NULL),
	(4, 'Czwarty', 'czwarty-news', 'Lorem ipsum dolor sit amet, consectetur adipiscing elit. Fusce lorem tortor, auctor quis lobortis eleifend, ultricies vel orci. Suspendisse quis sagittis tellus. Morbi blandit lectus vitae velit vulputate, id molestie velit feugiat. Vivamus et nibh placerat, congue mi sodales, euismod urna. Proin posuere odio erat, ac commodo neque gravida ut. Vivamus viverra feugiat mauris vitae malesuada. Ut pulvinar, mauris a lacinia malesuada, felis risus blandit enim, at blandit lectus tortor vitae mauris. Sed volutpat nibh in commodo pretium. Donec rhoncus sed odio iaculis euismod.', '2015-06-19 15:34:37', 1, '0000-00-00 00:00:00', '0000-00-00 00:00:00', NULL);
/*!40000 ALTER TABLE `news_news` ENABLE KEYS */;


-- Dumping structure for table ral.people_people
DROP TABLE IF EXISTS `people_people`;
CREATE TABLE IF NOT EXISTS `people_people` (
  `id` int(11) NOT NULL AUTO_INCREMENT,
  `first_name` varchar(255) DEFAULT NULL,
  `last_name` varchar(255) DEFAULT NULL,
  `job` varchar(255) DEFAULT NULL,
  `team_id` int(11) DEFAULT NULL,
  `value` bigint(20) DEFAULT NULL,
  `salary` bigint(20) DEFAULT NULL,
  `age` bigint(20) DEFAULT NULL,
  `composure` bigint(20) DEFAULT NULL,
  `speed` bigint(20) DEFAULT NULL,
  `regularity` bigint(20) DEFAULT NULL,
  `reflex` bigint(20) DEFAULT NULL,
  `on_gravel` bigint(20) DEFAULT NULL,
  `on_tarmac` bigint(20) DEFAULT NULL,
  `on_snow` bigint(20) DEFAULT NULL,
  `in_rain` bigint(20) DEFAULT NULL,
  `form` bigint(20) DEFAULT NULL,
  `dictate_rhytm` bigint(20) DEFAULT NULL,
  `diction` bigint(20) DEFAULT NULL,
  `route_description` bigint(20) DEFAULT NULL,
  `intelligence` bigint(20) unsigned DEFAULT NULL,
  `talent` bigint(20) DEFAULT NULL,
  `experience` bigint(20) DEFAULT NULL,
  `active_training_skill` varchar(255) DEFAULT NULL,
  `on_market` tinyint(1) NOT NULL DEFAULT '0',
  `created_at` datetime NOT NULL,
  `updated_at` datetime NOT NULL,
  `deleted_at` datetime DEFAULT NULL,
  PRIMARY KEY (`id`),
  KEY `people_people_team_id_team_team_id` (`team_id`)
) ENGINE=MyISAM AUTO_INCREMENT=37 DEFAULT CHARSET=utf8;

-- Dumping data for table ral.people_people: 36 rows
DELETE FROM `people_people`;
/*!40000 ALTER TABLE `people_people` DISABLE KEYS */;
INSERT INTO `people_people` (`id`, `first_name`, `last_name`, `job`, `team_id`, `value`, `salary`, `age`, `composure`, `speed`, `regularity`, `reflex`, `on_gravel`, `on_tarmac`, `on_snow`, `in_rain`, `form`, `dictate_rhytm`, `diction`, `route_description`, `intelligence`, `talent`, `experience`, `active_training_skill`, `on_market`, `created_at`, `updated_at`, `deleted_at`) VALUES
	(1, 'Steph', 'Exum', 'driver', 1, 235576, 1649, 20, 4, 4, 4, 4, 7, 6, 4, 6, 3, NULL, NULL, NULL, NULL, 5, NULL, 'composure', 0, '2015-08-04 16:27:18', '2015-08-12 02:15:01', NULL),
	(2, 'Seb', 'Thompson', 'pilot', 1, 122367, 857, 19, 4, NULL, NULL, NULL, NULL, NULL, NULL, NULL, 3, 8, 4, 7, NULL, 4, NULL, 'diction', 0, '2015-08-04 16:27:18', '2015-08-12 02:15:01', NULL),
	(3, 'Bubba', 'Curry', 'driver', 2, 226047, 1582, 21, 4, 6, 4, 4, 5, 4, 4, 5, 3, NULL, NULL, NULL, NULL, 7, NULL, 'reflex', 0, '2015-08-04 16:27:18', '2015-08-12 02:15:01', NULL),
	(4, 'Marc', 'Smith', 'pilot', 2, 122385, 857, 21, 8, NULL, NULL, NULL, NULL, NULL, NULL, NULL, 3, 5, 4, 4, NULL, 4, NULL, 'composure', 0, '2015-08-04 16:27:18', '2015-08-12 02:15:01', NULL),
	(5, 'Jean', 'Kowalski', 'driver', 3, 227284, 1591, 18, 6, 7, 4, 4, 6, 5, 4, 4, 3, NULL, NULL, NULL, NULL, 4, NULL, 'reflex', 0, '2015-08-04 16:27:18', '2015-08-12 02:15:01', NULL),
	(6, 'Jan', 'Thompson', 'pilot', 3, 121870, 853, 21, 4, NULL, NULL, NULL, NULL, NULL, NULL, NULL, 3, 5, 7, 4, NULL, 5, NULL, 'diction', 0, '2015-08-04 16:27:18', '2015-08-12 02:15:01', NULL),
	(7, 'Marc', 'Simpson', 'driver', 4, 235483, 1648, 20, 4, 5, 5, 4, 8, 5, 4, 5, 3, NULL, NULL, NULL, NULL, 4, NULL, 'regularity', 0, '2015-08-04 16:27:18', '2015-08-12 02:15:02', NULL),
	(8, 'Kevin', 'Curry', 'pilot', 4, 116865, 818, 19, 6, NULL, NULL, NULL, NULL, NULL, NULL, NULL, 3, 5, 7, 4, NULL, 4, NULL, 'composure', 0, '2015-08-04 16:27:18', '2015-08-12 02:15:02', NULL),
	(9, 'John', 'Nowak', 'driver', 5, 229744, 1608, 18, 6, 5, 7, 4, 4, 4, 4, 6, 3, NULL, NULL, NULL, NULL, 4, NULL, 'on_snow', 0, '2015-08-04 16:27:18', '2015-08-12 02:15:02', NULL),
	(10, 'Bubba', 'Smith', 'pilot', 5, 121867, 853, 21, 5, NULL, NULL, NULL, NULL, NULL, NULL, NULL, 3, 5, 4, 4, NULL, 6, NULL, 'composure', 0, '2015-08-04 16:27:18', '2015-08-12 02:15:02', NULL),
	(11, 'James', 'Ripper', 'driver', 6, 225333, 1577, 21, 7, 6, 4, 5, 4, 5, 4, 4, 3, NULL, NULL, NULL, NULL, 5, NULL, 'in_rain', 0, '2015-08-04 16:27:18', '2015-08-12 02:15:02', NULL),
	(12, 'Steph', 'Thompson', 'pilot', 6, 119932, 840, 19, 4, NULL, NULL, NULL, NULL, NULL, NULL, NULL, 3, 6, 8, 4, NULL, 4, NULL, 'composure', 0, '2015-08-04 16:27:18', '2015-08-12 02:15:02', NULL),
	(13, 'Andrew', 'Evans', 'driver', 7, 234065, 1638, 19, 4, 7, 4, 4, 6, 7, 4, 4, 3, NULL, NULL, NULL, NULL, 4, NULL, 'speed', 0, '2015-08-04 16:27:18', '2015-08-12 02:15:02', NULL),
	(14, 'Jack', 'Nowak', 'pilot', 7, 121724, 852, 20, 4, NULL, NULL, NULL, NULL, NULL, NULL, NULL, 3, 7, 6, 6, NULL, 4, NULL, 'route_description', 0, '2015-08-04 16:27:18', '2015-08-12 02:15:02', NULL),
	(15, 'Jack', 'Kowalski', 'driver', 8, 236878, 1658, 18, 4, 6, 4, 5, 4, 4, 4, 6, 3, NULL, NULL, NULL, NULL, 5, NULL, 'speed', 0, '2015-08-04 16:27:19', '2015-08-12 02:15:02', NULL),
	(16, 'Marc', 'House', 'pilot', 8, 115587, 809, 18, 4, NULL, NULL, NULL, NULL, NULL, NULL, NULL, 3, 5, 7, 6, NULL, 5, NULL, 'diction', 0, '2015-08-04 16:27:19', '2015-08-12 02:15:02', NULL),
	(17, 'James', 'Simpson', 'driver', 9, 237214, 1660, 21, 4, 6, 5, 5, 4, 7, 4, 4, 3, NULL, NULL, NULL, NULL, 4, NULL, 'on_tarmac', 0, '2015-08-04 16:27:19', '2015-08-12 02:15:02', NULL),
	(18, 'Jean', 'Evans', 'pilot', 9, 127450, 892, 21, 6, NULL, NULL, NULL, NULL, NULL, NULL, NULL, 3, 4, 5, 5, NULL, 4, NULL, 'route_description', 0, '2015-08-04 16:27:19', '2015-08-12 02:15:02', NULL),
	(19, 'Jean', 'Thompson', 'driver', 10, 229962, 1610, 21, 4, 4, 5, 7, 6, 6, 4, 4, 3, NULL, NULL, NULL, NULL, 4, NULL, 'speed', 0, '2015-08-04 16:27:19', '2015-08-12 02:15:02', NULL),
	(20, 'Jan', 'Exum', 'pilot', 10, 128408, 899, 20, 5, NULL, NULL, NULL, NULL, NULL, NULL, NULL, 3, 8, 4, 4, NULL, 4, NULL, 'composure', 0, '2015-08-04 16:27:19', '2015-08-12 02:15:02', NULL),
	(21, 'Jack', 'Nowak', 'driver', 11, 212955, 1491, 21, 4, 5, 5, 4, 5, 4, 4, 4, 3, NULL, NULL, NULL, NULL, 8, NULL, 'regularity', 0, '2015-08-04 16:27:19', '2015-08-12 02:15:02', NULL),
	(22, 'Jack', 'Evans', 'pilot', 11, 108270, 758, 18, 6, NULL, NULL, NULL, NULL, NULL, NULL, NULL, 3, 4, 4, 6, NULL, 7, NULL, 'dictate_rhytm', 0, '2015-08-04 16:27:19', '2015-08-12 02:15:02', NULL),
	(23, 'Jan', 'Nowak', 'driver', 12, 224023, 1568, 18, 5, 6, 4, 4, 6, 4, 4, 4, 3, NULL, NULL, NULL, NULL, 6, NULL, 'on_tarmac', 0, '2015-08-04 16:27:19', '2015-08-12 02:15:02', NULL),
	(24, 'Tom', 'Curry', 'pilot', 12, 121915, 853, 21, 7, NULL, NULL, NULL, NULL, NULL, NULL, NULL, 3, 5, 4, 4, NULL, 5, NULL, 'diction', 0, '2015-08-04 16:27:19', '2015-08-12 02:15:02', NULL),
	(25, 'Andrew', 'House', 'driver', 13, 224568, 1572, 18, 6, 4, 5, 6, 4, 6, 4, 4, 3, NULL, NULL, NULL, NULL, 5, NULL, NULL, 0, '2015-08-04 16:27:19', '2015-08-05 10:56:28', NULL),
	(26, 'Antoine', 'Exum', 'pilot', 13, 119950, 840, 19, 4, NULL, NULL, NULL, NULL, NULL, NULL, NULL, 3, 6, 7, 6, NULL, 4, NULL, NULL, 0, '2015-08-04 16:27:19', '2015-08-04 16:27:19', NULL),
	(27, 'Seb', 'Exum', 'driver', 14, 235815, 1651, 19, 4, 4, 5, 4, 5, 6, 4, 8, 3, NULL, NULL, NULL, NULL, 4, NULL, NULL, 0, '2015-08-04 16:27:19', '2015-08-10 02:20:01', NULL),
	(28, 'James', 'Kowalski', 'pilot', 3, 116605, 816, 18, 5, NULL, NULL, NULL, NULL, NULL, NULL, NULL, 3, 5, 4, 4, NULL, 7, NULL, 'dictate_rhytm', 0, '2015-08-04 16:27:19', '2015-08-12 02:15:02', NULL),
	(29, 'Jack', 'Smith', 'driver', 15, 237918, 1665, 20, 6, 4, 4, 4, 4, 5, 6, 5, 3, NULL, NULL, NULL, NULL, 4, NULL, NULL, 0, '2015-08-04 16:27:19', '2015-08-04 16:27:19', NULL),
	(30, 'Tom', 'House', 'pilot', 15, 115107, 806, 20, 6, NULL, NULL, NULL, NULL, NULL, NULL, NULL, 3, 6, 5, 4, NULL, 5, NULL, NULL, 0, '2015-08-04 16:27:19', '2015-08-04 16:27:19', NULL),
	(31, 'Andrew', 'Simpson', 'driver', 3, 234577, 1642, 20, 6, 7, 4, 4, 7, 4, 4, 4, 3, NULL, NULL, NULL, NULL, 4, NULL, 'on_tarmac', 0, '2015-08-04 17:01:16', '2015-08-12 02:15:01', NULL),
	(32, 'Antoine', 'Thompson', 'pilot', 16, 119746, 838, 20, 6, NULL, NULL, NULL, NULL, NULL, NULL, NULL, 3, 6, 6, 4, NULL, 4, NULL, NULL, 0, '2015-08-04 17:01:16', '2015-08-04 17:01:16', NULL),
	(33, 'Jean', 'Curry', 'driver', 17, 234804, 1644, 20, 4, 7, 5, 5, 4, 4, 5, 4, 3, NULL, NULL, NULL, NULL, 4, NULL, NULL, 0, '2015-08-04 17:18:34', '2015-08-04 17:18:34', NULL),
	(34, 'Antoine', 'Curry', 'pilot', 17, 112837, 790, 20, 7, NULL, NULL, NULL, NULL, NULL, NULL, NULL, 3, 5, 4, 6, NULL, 5, NULL, NULL, 0, '2015-08-04 17:18:34', '2015-08-04 17:18:34', NULL),
	(35, 'Marc', 'Evans', 'driver', 18, 237860, 1665, 19, 5, 5, 5, 6, 4, 4, 4, 4, 3, NULL, NULL, NULL, NULL, 4, NULL, NULL, 0, '2015-08-05 16:00:53', '2015-08-05 16:00:53', NULL),
	(36, 'John', 'Nowak', 'pilot', 18, 131721, 922, 18, 5, NULL, NULL, NULL, NULL, NULL, NULL, NULL, 3, 4, 6, 4, NULL, 4, NULL, NULL, 0, '2015-08-05 16:00:53', '2015-08-05 16:00:53', NULL);
/*!40000 ALTER TABLE `people_people` ENABLE KEYS */;


-- Dumping structure for table ral.people_training
DROP TABLE IF EXISTS `people_training`;
CREATE TABLE IF NOT EXISTS `people_training` (
  `id` int(11) NOT NULL AUTO_INCREMENT,
  `people_id` int(11) DEFAULT NULL,
  `skill_name` varchar(255) DEFAULT NULL,
  `current_skill_level` bigint(20) DEFAULT NULL,
  `training_factor` decimal(10,2) DEFAULT NULL,
  `max_available_km_passed_today` decimal(10,2) DEFAULT NULL,
  `km_passed_today` decimal(10,2) DEFAULT NULL,
  `km_for_next_star` decimal(10,2) DEFAULT NULL,
  `skill_promotion` tinyint(1) DEFAULT '0',
  `training_date` datetime DEFAULT NULL,
  `created_at` datetime NOT NULL,
  `updated_at` datetime NOT NULL,
  `deleted_at` datetime DEFAULT NULL,
  PRIMARY KEY (`id`),
  KEY `people_training_people_id_people_people_id` (`people_id`)
) ENGINE=MyISAM AUTO_INCREMENT=24 DEFAULT CHARSET=utf8;

-- Dumping data for table ral.people_training: 23 rows
DELETE FROM `people_training`;
/*!40000 ALTER TABLE `people_training` DISABLE KEYS */;
INSERT INTO `people_training` (`id`, `people_id`, `skill_name`, `current_skill_level`, `training_factor`, `max_available_km_passed_today`, `km_passed_today`, `km_for_next_star`, `skill_promotion`, `training_date`, `created_at`, `updated_at`, `deleted_at`) VALUES
	(1, 1, 'composure', 4, NULL, 0.00, 0.00, 0.00, 0, '2015-08-12 02:15:01', '2015-08-12 02:15:01', '2015-08-12 02:15:01', NULL),
	(2, 2, 'diction', 4, NULL, 0.00, 0.00, 0.00, 0, '2015-08-12 02:15:01', '2015-08-12 02:15:01', '2015-08-12 02:15:01', NULL),
	(3, 3, 'reflex', 4, NULL, 0.00, 0.00, 0.00, 0, '2015-08-12 02:15:01', '2015-08-12 02:15:01', '2015-08-12 02:15:01', NULL),
	(4, 5, 'reflex', 4, NULL, 0.00, 0.00, 0.00, 0, '2015-08-12 02:15:01', '2015-08-12 02:15:01', '2015-08-12 02:15:01', NULL),
	(5, 6, 'diction', 7, NULL, 0.00, 0.00, 0.00, 0, '2015-08-12 02:15:01', '2015-08-12 02:15:01', '2015-08-12 02:15:01', NULL),
	(6, 31, 'on_tarmac', 4, NULL, 0.00, 0.00, 0.00, 0, '2015-08-12 02:15:01', '2015-08-12 02:15:02', '2015-08-12 02:15:02', NULL),
	(7, 28, 'dictate_rhytm', 5, NULL, 0.00, 0.00, 0.00, 0, '2015-08-12 02:15:02', '2015-08-12 02:15:02', '2015-08-12 02:15:02', NULL),
	(8, 7, 'regularity', 5, NULL, 0.00, 0.00, 0.00, 0, '2015-08-12 02:15:02', '2015-08-12 02:15:02', '2015-08-12 02:15:02', NULL),
	(9, 8, 'composure', 6, NULL, 0.00, 0.00, 0.00, 0, '2015-08-12 02:15:02', '2015-08-12 02:15:02', '2015-08-12 02:15:02', NULL),
	(10, 9, 'on_snow', 4, NULL, 0.00, 0.00, 0.00, 0, '2015-08-12 02:15:02', '2015-08-12 02:15:02', '2015-08-12 02:15:02', NULL),
	(11, 10, 'composure', 5, NULL, 0.00, 0.00, 0.00, 0, '2015-08-12 02:15:02', '2015-08-12 02:15:02', '2015-08-12 02:15:02', NULL),
	(12, 11, 'in_rain', 4, NULL, 0.00, 0.00, 0.00, 0, '2015-08-12 02:15:02', '2015-08-12 02:15:02', '2015-08-12 02:15:02', NULL),
	(13, 12, 'composure', 4, NULL, 0.00, 0.00, 0.00, 0, '2015-08-12 02:15:02', '2015-08-12 02:15:02', '2015-08-12 02:15:02', NULL),
	(14, 14, 'route_description', 6, NULL, 0.00, 0.00, 0.00, 0, '2015-08-12 02:15:02', '2015-08-12 02:15:02', '2015-08-12 02:15:02', NULL),
	(15, 15, 'speed', 6, NULL, 0.00, 0.00, 0.00, 0, '2015-08-12 02:15:02', '2015-08-12 02:15:02', '2015-08-12 02:15:02', NULL),
	(16, 16, 'diction', 7, NULL, 0.00, 0.00, 0.00, 0, '2015-08-12 02:15:02', '2015-08-12 02:15:02', '2015-08-12 02:15:02', NULL),
	(17, 18, 'route_description', 5, NULL, 0.00, 0.00, 0.00, 0, '2015-08-12 02:15:02', '2015-08-12 02:15:02', '2015-08-12 02:15:02', NULL),
	(18, 19, 'speed', 4, NULL, 0.00, 0.00, 0.00, 0, '2015-08-12 02:15:02', '2015-08-12 02:15:02', '2015-08-12 02:15:02', NULL),
	(19, 20, 'composure', 5, NULL, 0.00, 0.00, 0.00, 0, '2015-08-12 02:15:02', '2015-08-12 02:15:02', '2015-08-12 02:15:02', NULL),
	(20, 21, 'regularity', 5, NULL, 0.00, 0.00, 0.00, 0, '2015-08-12 02:15:02', '2015-08-12 02:15:02', '2015-08-12 02:15:02', NULL),
	(21, 22, 'dictate_rhytm', 4, NULL, 0.00, 0.00, 0.00, 0, '2015-08-12 02:15:02', '2015-08-12 02:15:02', '2015-08-12 02:15:02', NULL),
	(22, 23, 'on_tarmac', 4, NULL, 0.00, 0.00, 0.00, 0, '2015-08-12 02:15:02', '2015-08-12 02:15:02', '2015-08-12 02:15:02', NULL),
	(23, 24, 'diction', 4, NULL, 0.00, 0.00, 0.00, 0, '2015-08-12 02:15:02', '2015-08-12 02:15:02', '2015-08-12 02:15:02', NULL);
/*!40000 ALTER TABLE `people_training` ENABLE KEYS */;


-- Dumping structure for table ral.people_training_factor
DROP TABLE IF EXISTS `people_training_factor`;
CREATE TABLE IF NOT EXISTS `people_training_factor` (
  `people_id` int(11) NOT NULL AUTO_INCREMENT,
  `composure` decimal(10,2) DEFAULT NULL,
  `speed` decimal(10,2) DEFAULT NULL,
  `regularity` decimal(10,2) DEFAULT NULL,
  `reflex` decimal(10,2) DEFAULT NULL,
  `on_gravel` decimal(10,2) DEFAULT NULL,
  `on_tarmac` decimal(10,2) DEFAULT NULL,
  `on_snow` decimal(10,2) DEFAULT NULL,
  `in_rain` decimal(10,2) DEFAULT NULL,
  `dictate_rhytm` decimal(10,2) DEFAULT NULL,
  `diction` decimal(10,2) DEFAULT NULL,
  `route_description` decimal(10,2) DEFAULT NULL,
  `intelligence` decimal(10,2) DEFAULT NULL,
  `composure_max` bigint(20) DEFAULT NULL,
  `speed_max` bigint(20) DEFAULT NULL,
  `regularity_max` bigint(20) DEFAULT NULL,
  `reflex_max` bigint(20) DEFAULT NULL,
  `on_gravel_max` bigint(20) DEFAULT NULL,
  `on_tarmac_max` bigint(20) DEFAULT NULL,
  `on_snow_max` bigint(20) DEFAULT NULL,
  `in_rain_max` bigint(20) DEFAULT NULL,
  `dictate_rhytm_max` bigint(20) DEFAULT NULL,
  `diction_max` bigint(20) DEFAULT NULL,
  `route_description_max` bigint(20) DEFAULT NULL,
  `intelligence_max` bigint(20) DEFAULT NULL,
  `last_season_value_id` bigint(20) NOT NULL DEFAULT '0',
  `created_at` datetime DEFAULT NULL,
  `updated_at` datetime DEFAULT NULL,
  `deleted_at` datetime DEFAULT NULL,
  PRIMARY KEY (`people_id`)
) ENGINE=MyISAM AUTO_INCREMENT=37 DEFAULT CHARSET=utf8 COMMENT='insert into people_training_factor values \r\n(42,\r\nFORMAT((RAND() * (1.5))+0.5,2),\r\nFORMAT((RAND() * (1.5))+0.5,2),\r\nFORMAT((RAND() * (1.5))+0.5,2),\r\nFORMAT((RAND() * (1.5))+0.5,2),\r\nFORMAT((RAND() * (1.5))+0.5,2),\r\nFORMAT((RAND() * (1.5))+0.5,2),\r\nFORMAT((RAND() * (1.5))+0.5,2),\r\nFORMAT((RAND() * (1.5))+0.5,2),\r\nFORMAT((RAND() * (1.5))+0.5,2),\r\nFORMAT((RAND() * (1.5))+0.5,2),\r\nFORMAT((RAND() * (1.5))+0.5,2),\r\nFORMAT((RAND() * (1.5))+0.5,2),\r\nFLOOR((RAND() * (4))+6),\r\nFLOOR((RAND() * (4))+6),\r\nFLOOR((RAND() * (4))+6),\r\nFLOOR((RAND() * (4))+6),\r\nFLOOR((RAND() * (4))+6),\r\nFLOOR((RAND() * (4))+6),\r\nFLOOR((RAND() * (4))+6),\r\nFLOOR((RAND() * (4))+6),\r\nFLOOR((RAND() * (4))+6),\r\nFLOOR((RAND() * (4))+6),\r\nFLOOR((RAND() * (4))+6),\r\nFLOOR((RAND() * (4))+6),\r\nNOW(),\r\nNOW(),\r\nnull\r\n\r\n);';

-- Dumping data for table ral.people_training_factor: 36 rows
DELETE FROM `people_training_factor`;
/*!40000 ALTER TABLE `people_training_factor` DISABLE KEYS */;
INSERT INTO `people_training_factor` (`people_id`, `composure`, `speed`, `regularity`, `reflex`, `on_gravel`, `on_tarmac`, `on_snow`, `in_rain`, `dictate_rhytm`, `diction`, `route_description`, `intelligence`, `composure_max`, `speed_max`, `regularity_max`, `reflex_max`, `on_gravel_max`, `on_tarmac_max`, `on_snow_max`, `in_rain_max`, `dictate_rhytm_max`, `diction_max`, `route_description_max`, `intelligence_max`, `last_season_value_id`, `created_at`, `updated_at`, `deleted_at`) VALUES
	(1, 1.34, 0.50, 1.19, 0.56, 0.50, 1.50, 0.50, 0.51, NULL, NULL, NULL, NULL, 8, 8, 8, 7, 8, 8, 7, 8, NULL, NULL, NULL, NULL, 0, '2015-08-04 16:27:18', '2015-08-04 16:27:18', NULL),
	(2, 1.63, NULL, NULL, NULL, NULL, NULL, NULL, NULL, 1.31, 0.62, 0.81, NULL, 7, NULL, NULL, NULL, NULL, NULL, NULL, NULL, 7, 8, 7, NULL, 0, '2015-08-04 16:27:18', '2015-08-04 16:27:18', NULL),
	(3, 1.15, 0.96, 0.95, 0.80, 0.90, 0.73, 1.31, 1.46, NULL, NULL, NULL, NULL, 8, 9, 8, 9, 8, 9, 9, 9, NULL, NULL, NULL, NULL, 0, '2015-08-04 16:27:18', '2015-08-04 16:27:18', NULL),
	(4, 1.31, NULL, NULL, NULL, NULL, NULL, NULL, NULL, 1.53, 0.90, 0.55, NULL, 7, NULL, NULL, NULL, NULL, NULL, NULL, NULL, 7, 8, 7, NULL, 0, '2015-08-04 16:27:18', '2015-08-04 16:27:18', NULL),
	(5, 0.97, 1.27, 0.50, 0.55, 1.05, 0.50, 0.53, 0.50, NULL, NULL, NULL, NULL, 7, 7, 7, 7, 7, 8, 8, 7, NULL, NULL, NULL, NULL, 0, '2015-08-04 16:27:18', '2015-08-04 16:27:18', NULL),
	(6, 0.69, NULL, NULL, NULL, NULL, NULL, NULL, NULL, 1.15, 1.50, 1.53, NULL, 7, NULL, NULL, NULL, NULL, NULL, NULL, NULL, 7, 8, 8, NULL, 0, '2015-08-04 16:27:18', '2015-08-04 16:27:18', NULL),
	(7, 0.50, 1.33, 0.50, 0.50, 0.85, 0.50, 0.65, 1.06, NULL, NULL, NULL, NULL, 7, 8, 7, 7, 7, 7, 7, 8, NULL, NULL, NULL, NULL, 0, '2015-08-04 16:27:18', '2015-08-04 16:27:18', NULL),
	(8, 1.28, NULL, NULL, NULL, NULL, NULL, NULL, NULL, 1.34, 0.78, 0.94, NULL, 7, NULL, NULL, NULL, NULL, NULL, NULL, NULL, 8, 7, 7, NULL, 0, '2015-08-04 16:27:18', '2015-08-04 16:27:18', NULL),
	(9, 0.50, 0.81, 0.50, 1.48, 0.66, 0.95, 0.50, 0.50, NULL, NULL, NULL, NULL, 7, 7, 8, 7, 7, 8, 7, 7, NULL, NULL, NULL, NULL, 0, '2015-08-04 16:27:18', '2015-08-04 16:27:18', NULL),
	(10, 1.57, NULL, NULL, NULL, NULL, NULL, NULL, NULL, 1.43, 1.48, 0.74, NULL, 9, NULL, NULL, NULL, NULL, NULL, NULL, NULL, 8, 8, 8, NULL, 0, '2015-08-04 16:27:18', '2015-08-04 16:27:18', NULL),
	(11, 0.50, 1.33, 0.62, 1.04, 1.35, 0.71, 0.50, 0.50, NULL, NULL, NULL, NULL, 8, 7, 8, 8, 8, 7, 8, 8, NULL, NULL, NULL, NULL, 0, '2015-08-04 16:27:18', '2015-08-04 16:27:18', NULL),
	(12, 0.75, NULL, NULL, NULL, NULL, NULL, NULL, NULL, 1.02, 1.12, 1.44, NULL, 8, NULL, NULL, NULL, NULL, NULL, NULL, NULL, 7, 7, 7, NULL, 0, '2015-08-04 16:27:18', '2015-08-04 16:27:18', NULL),
	(13, 1.15, 0.50, 0.50, 0.50, 1.48, 0.62, 0.56, 0.50, NULL, NULL, NULL, NULL, 7, 7, 8, 7, 7, 7, 7, 8, NULL, NULL, NULL, NULL, 0, '2015-08-04 16:27:18', '2015-08-04 16:27:18', NULL),
	(14, 1.24, NULL, NULL, NULL, NULL, NULL, NULL, NULL, 1.00, 1.18, 0.86, NULL, 7, NULL, NULL, NULL, NULL, NULL, NULL, NULL, 7, 7, 8, NULL, 0, '2015-08-04 16:27:18', '2015-08-04 16:27:18', NULL),
	(15, 0.50, 1.37, 1.17, 0.54, 0.60, 0.73, 1.17, 0.50, NULL, NULL, NULL, NULL, 8, 7, 8, 8, 7, 8, 8, 8, NULL, NULL, NULL, NULL, 0, '2015-08-04 16:27:19', '2015-08-04 16:27:19', NULL),
	(16, 1.60, NULL, NULL, NULL, NULL, NULL, NULL, NULL, 0.92, 1.47, 0.89, NULL, 7, NULL, NULL, NULL, NULL, NULL, NULL, NULL, 7, 8, 8, NULL, 0, '2015-08-04 16:27:19', '2015-08-04 16:27:19', NULL),
	(17, 1.22, 0.50, 0.50, 0.80, 1.27, 0.50, 0.50, 0.52, NULL, NULL, NULL, NULL, 7, 7, 7, 8, 7, 7, 8, 7, NULL, NULL, NULL, NULL, 0, '2015-08-04 16:27:19', '2015-08-04 16:27:19', NULL),
	(18, 0.53, NULL, NULL, NULL, NULL, NULL, NULL, NULL, 1.12, 1.78, 0.97, NULL, 7, NULL, NULL, NULL, NULL, NULL, NULL, NULL, 8, 7, 7, NULL, 0, '2015-08-04 16:27:19', '2015-08-04 16:27:19', NULL),
	(19, 1.04, 0.60, 0.70, 0.69, 1.01, 0.69, 0.62, 0.50, NULL, NULL, NULL, NULL, 7, 8, 7, 7, 7, 7, 8, 7, NULL, NULL, NULL, NULL, 0, '2015-08-04 16:27:19', '2015-08-04 16:27:19', NULL),
	(20, 1.30, NULL, NULL, NULL, NULL, NULL, NULL, NULL, 0.96, 0.50, 1.47, NULL, 7, NULL, NULL, NULL, NULL, NULL, NULL, NULL, 7, 7, 8, NULL, 0, '2015-08-04 16:27:19', '2015-08-04 16:27:19', NULL),
	(21, 1.41, 0.76, 1.21, 1.07, 0.72, 0.95, 1.43, 1.33, NULL, NULL, NULL, NULL, 9, 9, 9, 10, 9, 9, 9, 9, NULL, NULL, NULL, NULL, 0, '2015-08-04 16:27:19', '2015-08-04 16:27:19', NULL),
	(22, 1.64, NULL, NULL, NULL, NULL, NULL, NULL, NULL, 1.64, 1.56, 0.96, NULL, 8, NULL, NULL, NULL, NULL, NULL, NULL, NULL, 8, 9, 8, NULL, 0, '2015-08-04 16:27:19', '2015-08-04 16:27:19', NULL),
	(23, 0.51, 0.58, 0.52, 1.12, 1.22, 1.46, 1.37, 0.50, NULL, NULL, NULL, NULL, 8, 8, 8, 8, 8, 8, 8, 9, NULL, NULL, NULL, NULL, 0, '2015-08-04 16:27:19', '2015-08-04 16:27:19', NULL),
	(24, 1.40, NULL, NULL, NULL, NULL, NULL, NULL, NULL, 1.32, 1.17, 0.84, NULL, 8, NULL, NULL, NULL, NULL, NULL, NULL, NULL, 7, 7, 8, NULL, 0, '2015-08-04 16:27:19', '2015-08-04 16:27:19', NULL),
	(25, 0.58, 1.51, 0.71, 0.81, 0.67, 0.66, 0.96, 0.64, NULL, NULL, NULL, NULL, 8, 7, 8, 8, 8, 7, 8, 8, NULL, NULL, NULL, NULL, 0, '2015-08-04 16:27:19', '2015-08-04 16:27:19', NULL),
	(26, 0.50, NULL, NULL, NULL, NULL, NULL, NULL, NULL, 0.96, 1.22, 1.53, NULL, 7, NULL, NULL, NULL, NULL, NULL, NULL, NULL, 8, 7, 7, NULL, 0, '2015-08-04 16:27:19', '2015-08-04 16:27:19', NULL),
	(27, 0.50, 1.14, 0.50, 0.57, 0.50, 0.50, 1.30, 0.86, NULL, NULL, NULL, NULL, 8, 7, 7, 7, 8, 7, 7, 7, NULL, NULL, NULL, NULL, 0, '2015-08-04 16:27:19', '2015-08-04 16:27:19', NULL),
	(28, 1.71, NULL, NULL, NULL, NULL, NULL, NULL, NULL, 1.63, 1.62, 0.79, NULL, 8, NULL, NULL, NULL, NULL, NULL, NULL, NULL, 9, 8, 8, NULL, 0, '2015-08-04 16:27:19', '2015-08-04 16:27:19', NULL),
	(29, 1.29, 0.70, 0.50, 0.86, 0.50, 0.71, 0.81, 0.52, NULL, NULL, NULL, NULL, 7, 7, 7, 8, 7, 7, 8, 7, NULL, NULL, NULL, NULL, 0, '2015-08-04 16:27:19', '2015-08-04 16:27:19', NULL),
	(30, 1.64, NULL, NULL, NULL, NULL, NULL, NULL, NULL, 0.58, 1.72, 0.83, NULL, 7, NULL, NULL, NULL, NULL, NULL, NULL, NULL, 7, 8, 8, NULL, 0, '2015-08-04 16:27:19', '2015-08-04 16:27:19', NULL),
	(31, 0.82, 0.50, 0.50, 0.50, 0.68, 0.74, 0.80, 1.28, NULL, NULL, NULL, NULL, 7, 7, 7, 7, 7, 8, 7, 8, NULL, NULL, NULL, NULL, 0, '2015-08-04 17:01:16', '2015-08-04 17:01:16', NULL),
	(32, 0.91, NULL, NULL, NULL, NULL, NULL, NULL, NULL, 0.81, 1.32, 1.24, NULL, 7, NULL, NULL, NULL, NULL, NULL, NULL, NULL, 7, 8, 7, NULL, 0, '2015-08-04 17:01:16', '2015-08-04 17:01:16', NULL),
	(33, 0.50, 1.29, 0.62, 0.54, 0.79, 0.52, 0.51, 1.11, NULL, NULL, NULL, NULL, 7, 7, 8, 7, 8, 7, 7, 7, NULL, NULL, NULL, NULL, 0, '2015-08-04 17:18:34', '2015-08-04 17:18:34', NULL),
	(34, 1.16, NULL, NULL, NULL, NULL, NULL, NULL, NULL, 0.83, 1.65, 1.15, NULL, 7, NULL, NULL, NULL, NULL, NULL, NULL, NULL, 8, 7, 8, NULL, 0, '2015-08-04 17:18:34', '2015-08-04 17:18:34', NULL),
	(35, 0.89, 0.97, 0.50, 0.73, 0.56, 0.62, 0.66, 0.93, NULL, NULL, NULL, NULL, 7, 7, 7, 8, 7, 8, 7, 7, NULL, NULL, NULL, NULL, 0, '2015-08-05 16:00:53', '2015-08-05 16:00:53', NULL),
	(36, 1.31, NULL, NULL, NULL, NULL, NULL, NULL, NULL, 0.89, 1.45, 0.65, NULL, 7, NULL, NULL, NULL, NULL, NULL, NULL, NULL, 7, 7, 8, NULL, 0, '2015-08-05 16:00:53', '2015-08-05 16:00:53', NULL);
/*!40000 ALTER TABLE `people_training_factor` ENABLE KEYS */;


-- Dumping structure for table ral.rally_accident
DROP TABLE IF EXISTS `rally_accident`;
CREATE TABLE IF NOT EXISTS `rally_accident` (
  `id` int(11) NOT NULL AUTO_INCREMENT,
  `name` varchar(255) DEFAULT NULL,
  `damage` decimal(18,2) DEFAULT NULL,
  `created_at` datetime NOT NULL,
  `updated_at` datetime NOT NULL,
  PRIMARY KEY (`id`)
) ENGINE=MyISAM AUTO_INCREMENT=6 DEFAULT CHARSET=utf8;

-- Dumping data for table ral.rally_accident: 0 rows
DELETE FROM `rally_accident`;
/*!40000 ALTER TABLE `rally_accident` DISABLE KEYS */;
INSERT INTO `rally_accident` (`id`, `name`, `damage`, `created_at`, `updated_at`) VALUES
	(1, 'Puncture', 5.00, '0000-00-00 00:00:00', '0000-00-00 00:00:00'),
	(2, 'Hit tree', 100.00, '0000-00-00 00:00:00', '0000-00-00 00:00:00'),
	(3, '5 gear not working', 20.00, '0000-00-00 00:00:00', '0000-00-00 00:00:00'),
	(4, 'Damaged windscreens', 15.50, '0000-00-00 00:00:00', '0000-00-00 00:00:00'),
	(5, 'Engine overheated', 100.00, '0000-00-00 00:00:00', '0000-00-00 00:00:00');
/*!40000 ALTER TABLE `rally_accident` ENABLE KEYS */;


-- Dumping structure for table ral.rally_big_awards
DROP TABLE IF EXISTS `rally_big_awards`;
CREATE TABLE IF NOT EXISTS `rally_big_awards` (
  `id` int(11) NOT NULL AUTO_INCREMENT,
  `rally_id` int(11) DEFAULT NULL,
  `award_type` varchar(255) DEFAULT NULL,
  `car_model_id` int(11) DEFAULT NULL,
  `premium` bigint(20) DEFAULT NULL,
  `created_at` datetime NOT NULL,
  `updated_at` datetime NOT NULL,
  `deleted_at` datetime DEFAULT NULL,
  PRIMARY KEY (`id`),
  KEY `rally_big_awards_car_model_id_car_car_models_id` (`car_model_id`)
) ENGINE=MyISAM DEFAULT CHARSET=utf8;

-- Dumping data for table ral.rally_big_awards: 0 rows
DELETE FROM `rally_big_awards`;
/*!40000 ALTER TABLE `rally_big_awards` DISABLE KEYS */;
/*!40000 ALTER TABLE `rally_big_awards` ENABLE KEYS */;


-- Dumping structure for table ral.rally_crew
DROP TABLE IF EXISTS `rally_crew`;
CREATE TABLE IF NOT EXISTS `rally_crew` (
  `id` int(11) NOT NULL AUTO_INCREMENT,
  `rally_id` int(11) DEFAULT NULL,
  `team_id` int(11) DEFAULT NULL,
  `driver_id` int(11) DEFAULT NULL,
  `pilot_id` int(11) DEFAULT NULL,
  `car_id` int(11) DEFAULT NULL,
  `risk` varchar(255) DEFAULT NULL,
  `in_race` tinyint(1) NOT NULL DEFAULT '1',
  `training_done` tinyint(1) NOT NULL DEFAULT '0',
  `km_passed` double(10,2) DEFAULT '0.00',
  `created_at` datetime NOT NULL,
  `updated_at` datetime NOT NULL,
  PRIMARY KEY (`id`),
  KEY `rally_id_idx` (`rally_id`),
  KEY `rally_crew_team_id_team_team_id` (`team_id`),
  KEY `rally_crew_pilot_id_people_people_id` (`pilot_id`),
  KEY `rally_crew_driver_id_people_people_id` (`driver_id`),
  KEY `rally_crew_car_id_car_car_id` (`car_id`)
) ENGINE=MyISAM AUTO_INCREMENT=15 DEFAULT CHARSET=utf8;

-- Dumping data for table ral.rally_crew: 14 rows
DELETE FROM `rally_crew`;
/*!40000 ALTER TABLE `rally_crew` DISABLE KEYS */;
INSERT INTO `rally_crew` (`id`, `rally_id`, `team_id`, `driver_id`, `pilot_id`, `car_id`, `risk`, `in_race`, `training_done`, `km_passed`, `created_at`, `updated_at`) VALUES
	(1, 1, 1, 1, 2, 20, 'very-big', 1, 1, 15389.59, '2015-08-11 17:28:53', '2015-08-13 12:19:09'),
	(2, 1, 2, 3, 4, 2, 'very-big', 1, 1, 14846.71, '2015-08-11 17:29:03', '2015-08-13 12:19:09'),
	(3, 1, 3, 5, 6, 1, 'big', 1, 1, 15744.02, '2015-08-11 17:29:15', '2015-08-13 12:19:09'),
	(4, 1, 3, 31, 28, 3, 'big', 0, 1, 15804.17, '2015-08-11 17:29:20', '2015-08-13 12:19:09'),
	(5, 1, 4, 7, 8, 4, 'normal', 1, 1, 15784.34, '2015-08-11 17:32:48', '2015-08-13 12:19:09'),
	(6, 1, 5, 9, 10, 5, 'normal', 1, 1, 16146.60, '2015-08-11 17:32:56', '2015-08-13 12:19:09'),
	(7, 1, 6, 11, 12, 6, 'small', 1, 1, 16146.60, '2015-08-11 17:35:31', '2015-08-13 12:19:09'),
	(8, 1, 6, 11, 12, 21, 'small', 1, 1, 16146.60, '2015-08-11 17:38:54', '2015-08-13 12:19:09'),
	(9, 1, 7, 13, 14, 7, 'very-small', 1, 1, 16146.60, '2015-08-11 17:39:14', '2015-08-13 12:19:09'),
	(10, 1, 8, 15, 16, 22, 'big', 1, 1, 15184.42, '2015-08-11 17:39:38', '2015-08-13 12:19:09'),
	(11, 1, 9, 17, 18, 9, 'big', 1, 1, 14778.11, '2015-08-11 17:39:46', '2015-08-13 12:19:09'),
	(12, 1, 10, 19, 20, 10, 'very-big', 1, 1, 14848.27, '2015-08-11 17:39:57', '2015-08-13 12:19:09'),
	(13, 1, 11, 21, 22, 11, 'very-big', 0, 1, 15818.24, '2015-08-11 17:40:07', '2015-08-13 12:19:09'),
	(14, 1, 12, 23, 24, 12, 'small', 0, 1, 15885.84, '2015-08-11 17:40:16', '2015-08-13 12:19:09');
/*!40000 ALTER TABLE `rally_crew` ENABLE KEYS */;


-- Dumping structure for table ral.rally_data_rally
DROP TABLE IF EXISTS `rally_data_rally`;
CREATE TABLE IF NOT EXISTS `rally_data_rally` (
  `id` int(11) NOT NULL AUTO_INCREMENT,
  `name` varchar(255) DEFAULT NULL,
  `slug` varchar(255) DEFAULT NULL,
  `description` text,
  `day` int(11) DEFAULT NULL,
  `week` int(11) DEFAULT NULL,
  `league_rally` tinyint(1) DEFAULT '0',
  `big_awards` tinyint(1) DEFAULT '0',
  `created_at` datetime NOT NULL,
  `updated_at` datetime NOT NULL,
  `deleted_at` datetime DEFAULT NULL,
  PRIMARY KEY (`id`)
) ENGINE=MyISAM AUTO_INCREMENT=80 DEFAULT CHARSET=utf8;

-- Dumping data for table ral.rally_data_rally: 72 rows
DELETE FROM `rally_data_rally`;
/*!40000 ALTER TABLE `rally_data_rally` DISABLE KEYS */;
INSERT INTO `rally_data_rally` (`id`, `name`, `slug`, `description`, `day`, `week`, `league_rally`, `big_awards`, `created_at`, `updated_at`, `deleted_at`) VALUES
	(1, 'Rally Monte Carlo', 'rally-monte-carlo', '', 1, 1, 0, 0, '2015-08-08 12:50:19', '2015-08-13 10:37:28', NULL),
	(2, 'Rally Sweden', 'rally-sweden', '', 1, 2, 0, 0, '2015-08-08 12:56:21', '2015-08-13 10:37:28', NULL),
	(3, 'Rally Guanajuato Mexico', 'rally-guanajuato-mexico', '', 1, 3, 0, 0, '2015-08-08 13:01:41', '2015-08-13 10:37:28', NULL),
	(4, 'XION RALLY ARGENTINA', 'xion-rally-argentina', '', 1, 4, 0, 0, '2015-08-08 13:05:32', '2015-08-13 10:37:28', NULL),
	(5, 'Rally de Portugal', 'rally-de-portugal', '', 1, 5, 0, 0, '2015-08-08 13:09:53', '2015-08-13 10:37:28', NULL),
	(6, 'RALLY ITALIA SARDEGNA', 'rally-italia-sardegna', '', 1, 6, 0, 0, '2015-08-08 14:53:32', '2015-08-13 10:37:28', NULL),
	(7, 'Rally Poland', 'rally-poland', '', 1, 7, 0, 0, '2015-08-08 14:58:53', '2015-08-13 10:37:28', NULL),
	(8, 'Rally Finland', 'rally-finland', '', 1, 8, 0, 0, '2015-08-08 17:48:37', '2015-08-13 10:37:28', NULL),
	(9, 'Rally Deutschland', 'rally-deutschland', '', 1, 9, 0, 0, '2015-08-08 18:05:59', '2015-08-13 10:37:28', NULL),
	(10, 'Rally Australia', 'rally-australia', '', 1, 10, 0, 0, '2015-08-08 18:15:39', '2015-08-13 10:37:28', NULL),
	(11, 'Tour de Corse', 'tour-de-corse', '', 1, 11, 0, 0, '2015-08-09 09:08:15', '2015-08-13 10:37:28', NULL),
	(12, 'Rally Catalunya', 'rally-catalunya', '', 1, 12, 0, 0, '2015-08-09 09:29:15', '2015-08-13 10:37:43', NULL),
	(13, 'Wales Rally', 'wales-rally', '', 2, 1, 0, 0, '2015-08-09 09:33:26', '2015-08-13 10:37:43', NULL),
	(14, 'Janner Rally', 'janner-rally', '', 2, 2, 0, 0, '2015-08-09 14:43:27', '2015-08-13 10:37:43', NULL),
	(15, 'Rally Liepāja', 'rally-liepaja', '', 2, 3, 0, 0, '2015-08-09 14:47:06', '2015-08-13 10:37:43', NULL),
	(16, 'Rally Ireland', 'rally-ireland', '', 2, 4, 0, 0, '2015-08-09 18:29:55', '2015-08-13 10:37:43', NULL),
	(17, 'Rally Azores', 'rally-azores', '', 2, 5, 0, 0, '2015-08-09 18:37:22', '2015-08-13 10:37:43', NULL),
	(18, 'Ypres Rally', 'ypres-rally', '', 2, 6, 0, 0, '2015-08-10 10:35:26', '2015-08-13 10:37:43', NULL),
	(26, 'Rally Estonia', 'rally-estonia', '', 2, 7, 0, 0, '2015-08-10 10:51:22', '2015-08-13 10:37:43', NULL),
	(27, 'Rally Zlin', 'rally-zlin', '', 2, 8, 0, 0, '2015-08-10 10:54:48', '2015-08-13 10:37:43', NULL),
	(28, 'Cyprus Rally', 'cyprus-rally', '', 2, 9, 0, 0, '2015-08-10 10:57:37', '2015-08-13 10:37:43', NULL),
	(29, 'Acropolis Rally', 'acropolis-rally', '', 2, 10, 0, 0, '2015-08-10 11:00:38', '2015-08-13 10:37:43', NULL),
	(30, 'Rallye du Valais', 'rallye-du-valais', '', 2, 11, 0, 0, '2015-08-10 11:04:16', '2015-08-13 10:37:43', NULL),
	(31, 'Rajd Arlamow', 'rajd-arlamow', '', 2, 12, 0, 0, '2015-08-10 11:11:05', '2015-08-13 10:37:43', NULL),
	(32, 'Rajd Dolnoslaski', 'rajd-dolnoslaski', '', 3, 1, 0, 0, '2015-08-10 11:14:37', '2015-08-13 10:37:43', NULL),
	(33, 'Rajd Karkonoski', 'rajd-karkonoski', '', 3, 2, 0, 0, '2015-08-10 11:21:17', '2015-08-13 10:37:43', NULL),
	(34, 'Rajd Baltic Cup', 'rajd-baltic-cup', '', 3, 3, 0, 0, '2015-08-10 11:25:24', '2015-08-13 10:37:43', NULL),
	(35, 'Rajd Rzeszowski', 'rajd-rzeszowski', '', 3, 4, 0, 0, '2015-08-10 11:27:51', '2015-08-13 10:37:43', NULL),
	(36, 'Rajd Swidnicki', 'rajd-swidnicki', '', 3, 5, 0, 0, '2015-08-10 11:35:54', '2015-08-13 10:37:43', NULL),
	(37, 'Cochrane Winter Rally', 'cochrane-winter-rally', '', 3, 6, 0, 0, '2015-08-10 11:58:56', '2015-08-13 10:37:43', NULL),
	(38, 'Rally Russia', 'rally-russia', '', 3, 7, 0, 0, '2015-08-10 12:01:22', '2015-08-13 10:37:43', NULL),
	(39, 'Ostersund Winter Rally', 'ostersund-winter-rally', '', 3, 8, 0, 0, '2015-08-10 12:04:32', '2015-08-13 10:37:43', NULL),
	(40, 'Aurskog Holand Rally', 'aurskog-holand-rally', '', 3, 9, 0, 0, '2015-08-10 12:14:12', '2015-08-13 10:37:43', NULL),
	(41, 'Rally Elverum', 'rally-elverum', '', 3, 10, 0, 0, '2015-08-10 12:16:39', '2015-08-13 10:37:43', NULL),
	(42, 'Rally Hadeland', 'rally-hadeland', '', 3, 11, 0, 0, '2015-08-10 12:19:14', '2015-08-13 10:37:43', NULL),
	(43, 'Rally Hedemarken', 'rally-hedemarken', '', 3, 12, 0, 0, '2015-08-10 12:45:01', '2015-08-13 10:37:43', NULL),
	(44, 'Mountain Rally Norway', 'mountain-rally-norway', '', 4, 1, 0, 0, '2015-08-10 12:56:06', '2015-08-13 10:37:43', NULL),
	(45, 'Rally Norway', 'rally-norway', '', 4, 2, 0, 0, '2015-08-10 13:00:49', '2015-08-13 10:37:43', NULL),
	(46, 'Numedalsrally', 'numedalsrally', '', 4, 3, 0, 0, '2015-08-10 13:05:04', '2015-08-13 10:37:43', NULL),
	(47, 'Sigdalsrally', 'sigdalsrally', '', 4, 4, 0, 0, '2015-08-10 13:16:42', '2015-08-13 10:37:43', NULL),
	(48, 'Rally Sokndal', 'rally-sokndal', '', 4, 5, 0, 0, '2015-08-10 13:18:36', '2015-08-13 10:37:43', NULL),
	(49, 'Rally Sorland', 'rally-sorland', '', 4, 6, 0, 0, '2015-08-10 15:12:06', '2015-08-13 10:37:43', NULL),
	(50, 'Rally Telemark', 'rally-telemark', '', 4, 7, 0, 0, '2015-08-10 15:21:49', '2015-08-13 10:37:43', NULL),
	(51, 'Arctic Lapland Rally', 'arctic-lapland-rally', '', 4, 8, 0, 0, '2015-08-10 15:24:01', '2015-08-13 10:37:43', NULL),
	(52, 'Wechselland Rallye', 'wechselland-rallye', '', 4, 9, 0, 0, '2015-08-10 15:30:10', '2015-08-13 10:37:43', NULL),
	(53, 'Rally Barbados 2014', 'rally-barbados-2014', '', 4, 10, 0, 0, '2015-08-10 15:36:15', '2015-08-13 10:37:43', NULL),
	(54, 'TAC Rally', 'tac-rally', '', 4, 11, 0, 0, '2015-08-10 15:38:49', '2015-08-13 10:37:43', NULL),
	(55, 'Rallye de Wallonie', 'rallye-de-wallonie', '', 4, 12, 0, 0, '2015-08-10 15:41:57', '2015-08-13 10:37:43', NULL),
	(56, 'Rally de Curitiba', 'rally-de-curitiba', '', 5, 1, 0, 0, '2015-08-10 15:44:46', '2015-08-13 10:37:43', NULL),
	(57, 'Rally Bulgaria', 'rally-bulgaria', '', 5, 2, 0, 0, '2015-08-10 15:48:24', '2015-08-13 10:37:43', NULL),
	(58, 'Rally Croatia', 'rally-croatia', '', 5, 3, 0, 0, '2015-08-10 15:50:44', '2015-08-13 10:37:43', NULL),
	(59, 'Rally Agropa', 'rally-agropa', '', 5, 4, 0, 0, '2015-08-10 15:54:30', '2015-08-13 10:37:43', NULL),
	(60, 'Rally Bohemia', 'rally-bohemia', '', 5, 5, 0, 0, '2015-08-10 16:20:57', '2015-08-13 10:37:43', NULL),
	(61, 'Rallye Lyon - Charbonnieres', 'rallye-lyon-charbonnieres', '', 5, 6, 0, 0, '2015-08-10 16:27:13', '2015-08-13 10:37:43', NULL),
	(62, 'Rallye du Touquet', 'rallye-du-touquet', '', 5, 7, 0, 0, '2015-08-10 16:29:02', '2015-08-13 10:37:43', NULL),
	(63, 'Rallye Erzgebirge', 'rallye-erzgebirge', '', 5, 8, 0, 0, '2015-08-10 16:31:41', '2015-08-13 10:37:43', NULL),
	(64, 'Rally Jamaica', 'rally-jamaica', '', 5, 9, 0, 0, '2015-08-10 16:38:22', '2015-08-13 10:37:43', NULL),
	(65, 'Hellendoorn Rally', 'hellendoorn-rally', '', 5, 10, 0, 0, '2015-08-10 16:41:16', '2015-08-13 10:37:43', NULL),
	(66, 'Rallye de Luxembourg', 'rallye-de-luxembourg', '', 5, 11, 0, 0, '2015-08-10 16:47:23', '2015-08-13 10:37:43', NULL),
	(67, 'Qatar Rally', 'qatar-rally', '', 5, 12, 0, 0, '2015-08-10 16:50:08', '2015-08-13 10:37:43', NULL),
	(68, 'Rally Presov', 'rally-presov', '', 6, 1, 0, 0, '2015-08-10 16:52:25', '2015-08-13 10:37:43', NULL),
	(69, 'Rally of Scotland', 'rally-of-scotland', '', 6, 2, 0, 0, '2015-08-10 16:54:38', '2015-08-13 10:37:43', NULL),
	(70, 'Olympus Rally', 'olympus-rally', '', 6, 3, 0, 0, '2015-08-10 17:20:46', '2015-08-13 10:37:43', NULL),
	(71, 'Rally Tasmania', 'rally-tasmania', '', 6, 4, 0, 0, '2015-08-10 17:24:18', '2015-08-13 10:37:43', NULL),
	(72, 'Danboring Rally', 'danboring-rally', '', 6, 5, 0, 0, '2015-08-10 17:28:34', '2015-08-13 10:37:43', NULL),
	(73, 'Rally Japan', 'rally-japan', '', 6, 6, 0, 0, '2015-08-10 17:30:34', '2015-08-13 10:37:43', NULL),
	(74, 'Rajd Krzeszowic', 'rajd-krzeszowic', '', 6, 7, 0, 0, '2015-08-10 17:47:57', '2015-08-13 10:37:43', NULL),
	(75, 'Rajd Bochni', 'rajd-bochni', '', 6, 8, 0, 0, '2015-08-11 11:03:43', '2015-08-13 10:37:43', NULL),
	(76, 'Rajd Krakowski', 'rajd-krakowski', '', 6, 9, 0, 0, '2015-08-11 11:13:27', '2015-08-13 10:37:43', NULL),
	(77, 'Rajd Baltycki', 'rajd-baltycki', '', 6, 10, 0, 0, '2015-08-11 11:24:13', '2015-08-13 10:37:43', NULL),
	(78, 'Rally of the Tall Pines', 'rally-of-the-tall-pines', '', 6, 11, 0, 0, '2015-08-11 11:38:04', '2015-08-13 10:37:43', NULL),
	(79, 'Sibiu Rally Romania', 'sibiu-rally-romania', '', 6, 12, 0, 0, '2015-08-11 11:57:54', '2015-08-13 10:37:43', NULL);
/*!40000 ALTER TABLE `rally_data_rally` ENABLE KEYS */;


-- Dumping structure for table ral.rally_data_stage
DROP TABLE IF EXISTS `rally_data_stage`;
CREATE TABLE IF NOT EXISTS `rally_data_stage` (
  `id` int(11) NOT NULL AUTO_INCREMENT,
  `rally_id` int(11) DEFAULT NULL,
  `name` varchar(255) DEFAULT NULL,
  `length` decimal(18,2) DEFAULT NULL,
  `min_time` time DEFAULT NULL,
  `created_at` datetime NOT NULL,
  `updated_at` datetime NOT NULL,
  PRIMARY KEY (`id`),
  KEY `rally_id_idx` (`rally_id`)
) ENGINE=MyISAM AUTO_INCREMENT=1336 DEFAULT CHARSET=utf8;

-- Dumping data for table ral.rally_data_stage: 1,114 rows
DELETE FROM `rally_data_stage`;
/*!40000 ALTER TABLE `rally_data_stage` DISABLE KEYS */;
INSERT INTO `rally_data_stage` (`id`, `rally_id`, `name`, `length`, `min_time`, `created_at`, `updated_at`) VALUES
	(1, 1, 'ENTREVAUX - ROUAINE', 21.55, '00:14:04', '2015-08-08 12:50:19', '2015-08-12 15:56:58'),
	(2, 1, 'NORANTE - DIGNE-LES-BAINS', 19.68, '00:13:42', '2015-08-08 12:50:19', '2015-08-12 15:56:58'),
	(3, 1, 'LA SALLE EN BEAUMONT', 15.60, '00:00:00', '2015-08-08 12:50:19', '2015-08-12 15:56:58'),
	(4, 1, 'ASPRES LES CORPS', 25.28, '00:17:05', '2015-08-08 12:50:19', '2015-08-12 15:56:58'),
	(5, 1, 'LES COSTES', 25.72, '00:00:00', '2015-08-08 12:50:19', '2015-08-12 15:56:58'),
	(6, 1, 'LA SALLE EN BEAUMONT', 15.72, '00:09:29', '2015-08-08 12:50:19', '2015-08-12 15:56:58'),
	(7, 1, 'ASPRES LES CORPS - CHAUFFAYER 2', 25.94, '00:16:02', '2015-08-08 12:50:20', '2015-08-12 15:56:58'),
	(8, 1, 'LES COSTES - ST JULIEN EN CHAMPSAUR 2', 25.16, '00:14:35', '2015-08-08 12:50:20', '2015-08-12 15:56:58'),
	(9, 1, 'PRUNIERES - EMBRUN 1', 19.24, '00:11:16', '2015-08-08 12:50:20', '2015-08-12 15:56:58'),
	(10, 1, 'LARDIER ET VALENCA - FAYE', 51.38, '00:35:00', '2015-08-08 12:50:20', '2015-08-12 15:56:58'),
	(11, 1, 'PRUNIERES - EMBRUN 2', 19.84, '00:13:03', '2015-08-08 12:50:20', '2015-08-12 15:56:58'),
	(12, 1, 'SISTERON - THOARD', 36.17, '00:00:00', '2015-08-08 12:50:20', '2015-08-12 15:56:58'),
	(13, 1, 'COL ST JEAN - ST LAURENT 1', 10.77, '00:00:00', '2015-08-08 12:50:20', '2015-08-12 15:56:58'),
	(14, 1, 'LA BOLLENE VESUBIE - SOSPEL', 31.55, '00:19:46', '2015-08-08 12:50:20', '2015-08-12 15:56:58'),
	(15, 1, ' COL ST JEAN - ST LAURENT 2', 10.83, '00:06:27', '2015-08-08 12:50:20', '2015-08-12 15:56:58'),
	(18, 2, 'SUPER SPECIAL STAGE KARLSTAD', 1.94, '00:01:14', '2015-08-08 12:56:21', '2015-08-12 15:56:58'),
	(19, 2, 'TORSBY 1', 14.80, '00:00:00', '2015-08-08 12:56:21', '2015-08-12 15:56:58'),
	(20, 2, 'ROJDEN 1', 18.74, '00:12:09', '2015-08-08 12:56:21', '2015-08-12 15:56:58'),
	(21, 2, 'FINNSKOGEN 1', 20.99, '00:00:00', '2015-08-08 12:56:22', '2015-08-12 15:56:58'),
	(22, 2, 'KIRKENAER 1', 7.89, '00:05:09', '2015-08-08 12:56:22', '2015-08-12 15:56:58'),
	(23, 2, 'KIRKENAER 2', 7.21, '00:04:32', '2015-08-08 12:56:22', '2015-08-12 15:56:58'),
	(24, 2, 'FINNSKOGEN 2', 20.94, '00:13:42', '2015-08-08 12:56:22', '2015-08-12 15:56:58'),
	(25, 2, 'TORSBY 2', 14.80, '00:09:42', '2015-08-08 12:56:22', '2015-08-12 15:56:58'),
	(26, 2, 'SUPER SPECIAL STAGE KARLSTAD 2', 1.94, '00:01:21', '2015-08-08 12:56:22', '2015-08-12 15:56:58'),
	(27, 2, 'FREDRIKSBERG 1', 18.20, '00:10:52', '2015-08-08 12:56:22', '2015-08-12 15:56:58'),
	(28, 2, 'RAMMEN 1', 22.65, '00:00:00', '2015-08-08 12:56:22', '2015-08-12 15:56:58'),
	(29, 2, 'HAGFORS SPRINT 1', 1.83, '00:01:17', '2015-08-08 12:56:22', '2015-08-12 15:56:58'),
	(30, 2, 'VARGASEN 1', 24.42, '00:15:29', '2015-08-08 12:56:22', '2015-08-12 15:56:58'),
	(31, 2, 'RAMMEN 2', 22.63, '00:15:24', '2015-08-08 12:56:22', '2015-08-12 15:56:58'),
	(32, 2, 'HAGFORS SPRINT 2', 1.76, '00:01:11', '2015-08-08 12:56:22', '2015-08-12 15:56:58'),
	(33, 2, 'VARGASEN 2', 24.22, '00:16:16', '2015-08-08 12:56:22', '2015-08-12 15:56:58'),
	(35, 3, 'STREET STAGE GUANAJUATO', 1.85, '00:01:09', '2015-08-08 13:01:41', '2015-08-12 15:56:58'),
	(36, 3, 'SUPER SPECIAL 1', 4.92, '00:03:14', '2015-08-08 13:01:41', '2015-08-12 15:56:58'),
	(37, 3, 'LOS MEXICANOS 1', 9.77, '00:06:02', '2015-08-08 13:01:41', '2015-08-12 15:56:58'),
	(38, 3, 'EL CHOCOLATE 1', 44.12, '00:29:41', '2015-08-08 13:01:41', '2015-08-12 15:56:58'),
	(39, 3, 'LAS MINAS 1', 15.34, '00:00:00', '2015-08-08 13:01:41', '2015-08-12 15:56:58'),
	(40, 3, 'STREET STAGE LEON 1', 1.91, '00:01:25', '2015-08-08 13:01:41', '2015-08-12 15:56:58'),
	(41, 3, 'LOS MEXICANOS 2', 9.68, '00:05:45', '2015-08-08 13:01:41', '2015-08-12 15:56:58'),
	(42, 3, 'EL CHOCOLATE 2', 44.17, '00:00:00', '2015-08-08 13:01:41', '2015-08-12 15:56:58'),
	(43, 3, 'LAS MINAS 2', 15.43, '00:10:54', '2015-08-08 13:01:41', '2015-08-12 15:56:58'),
	(44, 3, 'SUPER SPECIAL 2', 4.92, '00:00:00', '2015-08-08 13:01:42', '2015-08-12 15:56:58'),
	(45, 3, 'IBARRILLA 1', 30.89, '00:19:37', '2015-08-08 13:01:42', '2015-08-12 15:56:58'),
	(46, 3, 'OTATES 1', 42.44, '00:29:13', '2015-08-08 13:01:42', '2015-08-12 15:56:58'),
	(47, 3, 'EL BRINCO 1', 8.42, '00:05:29', '2015-08-08 13:01:42', '2015-08-12 15:56:58'),
	(48, 3, 'STREET STAGE LEON 2', 1.91, '00:01:03', '2015-08-08 13:01:42', '2015-08-12 15:56:58'),
	(49, 3, 'IBARRILLA 2', 30.48, '00:20:02', '2015-08-08 13:01:42', '2015-08-12 15:56:58'),
	(50, 3, 'OTATES 2', 42.59, '00:28:29', '2015-08-08 13:01:42', '2015-08-12 15:56:58'),
	(51, 3, 'EL BRINCO 2', 8.96, '00:00:00', '2015-08-08 13:01:42', '2015-08-12 15:56:58'),
	(52, 4, 'SUPER ESPECIAL MERLO', 2.89, '00:00:00', '2015-08-08 13:05:33', '2015-08-12 15:56:58'),
	(53, 4, 'AGUA DE ORO - ASCOCHINGA', 51.78, '00:33:11', '2015-08-08 13:05:33', '2015-08-12 15:56:58'),
	(54, 4, 'VILLA BUSTOS - TANTI', 19.68, '00:12:46', '2015-08-08 13:05:33', '2015-08-12 15:56:58'),
	(55, 4, 'AGUA DE ORO - ASCOCHINGA II', 51.78, '00:30:52', '2015-08-08 13:05:33', '2015-08-12 15:56:58'),
	(56, 4, 'VILLA BUSTOS - TANTI II', 19.68, '00:12:09', '2015-08-08 13:05:33', '2015-08-12 15:56:58'),
	(57, 4, 'SUPER ESPECIAL FERNET BRANCA', 6.84, '00:04:02', '2015-08-08 13:05:33', '2015-08-12 15:56:58'),
	(58, 4, 'FERNET BRANCA', 23.35, '00:14:38', '2015-08-08 13:05:33', '2015-08-12 15:56:58'),
	(59, 4, 'SAN MARCOS', 42.41, '00:28:52', '2015-08-08 13:05:33', '2015-08-12 15:56:58'),
	(60, 4, 'FERNET BRANCA II', 23.35, '00:15:39', '2015-08-08 13:05:33', '2015-08-12 15:56:58'),
	(61, 4, 'SAN MARCOS II', 42.41, '00:27:58', '2015-08-08 13:05:33', '2015-08-12 15:56:58'),
	(62, 4, 'EL CONDOR', 16.60, '00:09:38', '2015-08-08 13:05:33', '2015-08-12 15:56:58'),
	(63, 4, 'POWER STAGE EL CONDOR', 16.17, '00:09:32', '2015-08-08 13:05:33', '2015-08-12 15:56:58'),
	(71, 5, 'CAMINHA', 18.40, '00:12:37', '2015-08-08 13:09:54', '2015-08-12 15:56:58'),
	(70, 5, 'PONTE DE LIMA 1', 27.64, '00:18:55', '2015-08-08 13:09:54', '2015-08-12 15:56:58'),
	(69, 5, 'LOUSADA', 3.14, '00:00:00', '2015-08-08 13:09:53', '2015-08-12 15:56:58'),
	(72, 5, 'VIANA DO CASTELO', 18.36, '00:11:03', '2015-08-08 13:09:54', '2015-08-12 15:56:58'),
	(73, 5, 'PONTE DE LIMA 2', 27.72, '00:17:15', '2015-08-08 13:09:54', '2015-08-12 15:56:58'),
	(74, 5, 'CAMINHA 2', 18.40, '00:10:56', '2015-08-08 13:09:54', '2015-08-12 15:56:58'),
	(75, 5, 'VIANA DO CASTELO 2', 18.36, '00:00:00', '2015-08-08 13:09:54', '2015-08-12 15:56:58'),
	(76, 5, 'BAIAO', 18.28, '00:00:00', '2015-08-08 13:09:54', '2015-08-12 15:56:58'),
	(77, 5, 'MARAO', 26.53, '00:00:00', '2015-08-08 13:09:54', '2015-08-12 15:56:58'),
	(78, 5, 'FRIDAO', 37.53, '00:21:42', '2015-08-08 13:09:54', '2015-08-12 15:56:58'),
	(79, 5, 'BAIAO 2', 18.28, '00:12:01', '2015-08-08 13:09:54', '2015-08-12 15:56:58'),
	(80, 5, 'MARAO 2', 26.53, '00:15:57', '2015-08-08 13:09:54', '2015-08-12 15:56:58'),
	(81, 5, 'FRIDAO 2', 37.53, '00:00:00', '2015-08-08 13:09:54', '2015-08-12 15:56:58'),
	(82, 5, 'FAFE 1', 11.39, '00:00:00', '2015-08-08 13:09:54', '2015-08-12 15:56:58'),
	(83, 5, 'VIEIRA DO MINHO', 32.38, '00:00:00', '2015-08-08 13:09:54', '2015-08-12 15:56:58'),
	(84, 5, 'FAFE 2', 11.56, '00:07:11', '2015-08-08 13:09:55', '2015-08-12 15:56:58'),
	(85, 6, 'CITTA\' DI GAGLIARI', 2.29, '00:01:58', '2015-08-08 14:53:32', '2015-08-12 15:56:58'),
	(86, 6, 'GRIGHINE SUD', 26.31, '00:00:00', '2015-08-08 14:53:33', '2015-08-12 15:56:58'),
	(87, 6, 'GRIGHINE NORD', 18.68, '00:10:08', '2015-08-08 14:53:33', '2015-08-12 15:56:58'),
	(88, 6, 'MONTIFERRU', 14.86, '00:00:00', '2015-08-08 14:53:33', '2015-08-12 15:56:58'),
	(89, 6, 'SAGAMA', 2.41, '00:00:00', '2015-08-08 14:53:33', '2015-08-12 15:56:58'),
	(90, 6, 'SAGAMA 2', 2.41, '00:01:55', '2015-08-08 14:53:33', '2015-08-12 15:56:58'),
	(91, 6, 'SINIS - MONT\' E PRAMA', 14.70, '00:10:03', '2015-08-08 14:53:33', '2015-08-12 15:56:58'),
	(92, 6, 'GRIGHINE SUD 2', 26.31, '00:18:11', '2015-08-08 14:53:33', '2015-08-12 15:56:58'),
	(93, 6, 'GRIGHINE NORD 2', 18.68, '00:11:49', '2015-08-08 14:53:33', '2015-08-12 15:56:58'),
	(94, 6, 'MONTIFERRU 2', 14.86, '00:00:00', '2015-08-08 14:53:33', '2015-08-12 15:56:58'),
	(95, 6, 'ITTIRI ARENA', 1.98, '00:01:33', '2015-08-08 14:53:33', '2015-08-12 15:56:58'),
	(96, 6, 'MONTI DI ALA\' 1', 22.96, '00:13:51', '2015-08-08 14:53:33', '2015-08-12 15:56:58'),
	(97, 6, 'COILUNA - LOELLE', 36.43, '00:00:00', '2015-08-08 14:53:33', '2015-08-12 15:56:58'),
	(98, 6, 'MONTE LERNO', 42.55, '00:24:08', '2015-08-08 14:53:33', '2015-08-12 15:56:58'),
	(99, 6, 'OZIERI - ARDARA', 7.70, '00:05:21', '2015-08-08 14:53:33', '2015-08-12 15:56:58'),
	(100, 6, 'ITTIRI ARENA 2', 1.98, '00:01:29', '2015-08-08 14:53:34', '2015-08-12 15:56:58'),
	(101, 6, 'MONTI DI ALA\' 2', 22.50, '00:15:33', '2015-08-08 14:53:34', '2015-08-12 15:56:58'),
	(102, 7, 'MIKOLAJKI ARENA', 2.40, '00:01:06', '2015-08-08 14:58:53', '2015-08-12 15:56:58'),
	(103, 7, 'GORKLO', 13.40, '00:08:52', '2015-08-08 14:58:53', '2015-08-12 15:56:58'),
	(104, 7, 'GOLDAP', 14.65, '00:09:04', '2015-08-08 14:58:53', '2015-08-12 15:56:58'),
	(105, 7, 'BABKI', 14.87, '00:00:00', '2015-08-08 14:58:54', '2015-08-12 15:56:58'),
	(106, 7, 'STANCZYKI', 39.62, '00:26:19', '2015-08-08 14:58:54', '2015-08-12 15:56:58'),
	(107, 7, 'BABKI 2', 14.87, '00:00:00', '2015-08-08 14:58:54', '2015-08-12 15:56:58'),
	(108, 7, 'STANCZYKI 2', 39.62, '00:23:00', '2015-08-08 14:58:54', '2015-08-12 15:56:58'),
	(109, 7, 'GOLDAP 2', 14.65, '00:00:00', '2015-08-08 14:58:54', '2015-08-12 15:56:58'),
	(110, 7, 'MIKOLAJKI ARENA 2', 2.40, '00:01:55', '2015-08-08 14:58:54', '2015-08-12 15:56:58'),
	(111, 7, 'MAZURY', 17.52, '00:11:26', '2015-08-08 14:58:54', '2015-08-12 15:56:58'),
	(112, 7, 'WIELICZKI', 12.62, '00:07:55', '2015-08-08 14:58:54', '2015-08-12 15:56:58'),
	(113, 7, 'SWIETAJNO', 21.59, '00:00:00', '2015-08-08 14:58:54', '2015-08-12 15:56:58'),
	(114, 7, 'PAPROTKI', 23.68, '00:16:08', '2015-08-08 14:58:54', '2015-08-12 15:56:58'),
	(115, 7, 'MAZURY 2', 17.52, '00:10:16', '2015-08-08 14:58:54', '2015-08-12 15:56:58'),
	(116, 7, 'WIELICZKI 2', 12.62, '00:07:27', '2015-08-08 14:58:54', '2015-08-12 15:56:58'),
	(117, 7, 'SWIETAJNO 2', 21.59, '00:14:51', '2015-08-08 14:58:54', '2015-08-12 15:56:58'),
	(118, 7, 'MIKOLAJKI ARENA 3', 2.40, '00:00:00', '2015-08-08 14:58:55', '2015-08-12 15:56:58'),
	(119, 8, 'HARJU', 2.21, '00:01:36', '2015-08-08 17:48:37', '2015-08-12 15:56:58'),
	(120, 8, 'PIHLAJAKOSKI', 14.65, '00:09:54', '2015-08-08 17:48:38', '2015-08-12 15:56:58'),
	(121, 8, 'PAIJALA', 23.28, '00:00:00', '2015-08-08 17:48:38', '2015-08-12 15:56:58'),
	(122, 8, 'OUNINPOHJA', 34.51, '00:23:31', '2015-08-08 17:48:38', '2015-08-12 15:56:58'),
	(123, 8, 'HIMOS', 5.16, '00:00:00', '2015-08-08 17:48:38', '2015-08-12 15:56:58'),
	(124, 8, 'PIHLAJAKOSKI 2', 14.65, '00:00:00', '2015-08-08 17:48:38', '2015-08-12 15:56:58'),
	(125, 8, 'PAIJALA 2', 23.28, '00:00:00', '2015-08-08 17:48:38', '2015-08-12 15:56:58'),
	(126, 8, 'OUNINPOHJA 2', 34.51, '00:00:00', '2015-08-08 17:48:38', '2015-08-12 15:56:58'),
	(127, 8, 'HIMOS 2', 5.16, '00:03:28', '2015-08-08 17:48:38', '2015-08-12 15:56:58'),
	(128, 8, 'HARJU 2', 2.21, '00:01:38', '2015-08-08 17:48:38', '2015-08-12 15:56:58'),
	(129, 8, 'MOKKIPERA', 13.60, '00:00:00', '2015-08-08 17:48:38', '2015-08-12 15:56:58'),
	(130, 8, 'JUKOJARVI', 21.78, '00:00:00', '2015-08-08 17:48:38', '2015-08-12 15:56:58'),
	(131, 8, 'SURKEE', 14.25, '00:09:16', '2015-08-08 17:48:38', '2015-08-12 15:56:58'),
	(132, 8, 'HORKKA', 15.22, '00:00:00', '2015-08-08 17:48:38', '2015-08-12 15:56:58'),
	(133, 8, 'MOKKIPERA 2', 13.60, '00:08:57', '2015-08-08 17:48:38', '2015-08-12 15:56:58'),
	(134, 8, 'JUKOJARVI 2', 21.78, '00:00:00', '2015-08-08 17:48:38', '2015-08-12 15:56:58'),
	(135, 8, 'SURKEE 2', 14.25, '00:00:00', '2015-08-08 17:48:39', '2015-08-12 15:56:58'),
	(136, 9, 'Sauertal', 14.84, '00:00:00', '2015-08-08 18:06:00', '2015-08-12 15:56:58'),
	(137, 9, 'Waxweiler', 16.45, '00:11:03', '2015-08-08 18:06:00', '2015-08-12 15:56:58'),
	(138, 9, 'Moselland', 23.37, '00:14:38', '2015-08-08 18:06:00', '2015-08-12 15:56:58'),
	(139, 9, 'Sauertal 2', 14.84, '00:08:37', '2015-08-08 18:06:00', '2015-08-12 15:56:58'),
	(140, 9, 'Waxweiler 2', 16.45, '00:09:05', '2015-08-08 18:06:00', '2015-08-12 15:56:58'),
	(141, 9, 'Moselland 2', 23.37, '00:14:23', '2015-08-08 18:06:00', '2015-08-12 15:56:58'),
	(142, 9, 'Mittelmosel 2', 13.80, '00:08:37', '2015-08-08 18:06:00', '2015-08-12 15:56:58'),
	(143, 9, 'Grafschaft', 18.76, '00:12:08', '2015-08-08 18:06:00', '2015-08-12 15:56:58'),
	(144, 9, 'Bosenberg', 17.55, '00:11:07', '2015-08-08 18:06:00', '2015-08-12 15:56:58'),
	(145, 9, 'Arena Panzerplatte', 2.48, '00:01:57', '2015-08-08 18:06:00', '2015-08-12 15:56:58'),
	(146, 9, 'Arena Panzerplatte 2', 2.48, '00:01:45', '2015-08-08 18:06:01', '2015-08-12 15:56:58'),
	(147, 9, 'Panzerplatte Lang', 45.37, '00:00:00', '2015-08-08 18:06:01', '2015-08-12 15:56:58'),
	(148, 9, 'Grafschaft 2', 18.76, '00:11:12', '2015-08-08 18:06:01', '2015-08-12 15:56:58'),
	(149, 9, 'Arena Panzerplatte 3', 2.48, '00:01:54', '2015-08-08 18:06:01', '2015-08-12 15:56:58'),
	(150, 9, 'Panzerplatte Lang 2', 45.37, '00:00:00', '2015-08-08 18:06:01', '2015-08-12 15:56:58'),
	(151, 9, 'Bosenberg 2', 17.55, '00:00:00', '2015-08-08 18:06:01', '2015-08-12 15:56:58'),
	(152, 9, 'Stei & Wein', 19.32, '00:13:12', '2015-08-08 18:06:01', '2015-08-12 15:56:58'),
	(153, 10, 'Hydes Creek', 10.48, '00:06:37', '2015-08-08 18:15:39', '2015-08-12 15:56:58'),
	(154, 10, 'Bellingen', 10.21, '00:06:03', '2015-08-08 18:15:39', '2015-08-12 15:56:58'),
	(155, 10, 'Newry', 24.86, '00:14:56', '2015-08-08 18:15:39', '2015-08-12 15:56:58'),
	(156, 10, 'Hydes Creek 2', 10.48, '00:06:04', '2015-08-08 18:15:40', '2015-08-12 15:56:58'),
	(157, 10, 'Bellingen 2', 10.21, '00:06:56', '2015-08-08 18:15:40', '2015-08-12 15:56:58'),
	(158, 10, 'Newry 2', 24.86, '00:00:00', '2015-08-08 18:15:40', '2015-08-12 15:56:58'),
	(159, 10, 'Super Special Stage ', 1.55, '00:00:00', '2015-08-08 18:15:40', '2015-08-12 15:56:58'),
	(160, 10, 'Super Special Stage 2', 1.81, '00:01:13', '2015-08-08 18:15:40', '2015-08-12 15:56:58'),
	(161, 10, 'Nambucca', 48.21, '00:30:44', '2015-08-08 18:15:40', '2015-08-12 15:56:58'),
	(162, 10, 'Valla', 8.90, '00:05:02', '2015-08-08 18:15:40', '2015-08-12 15:56:58'),
	(163, 10, 'Nambucca 2', 48.21, '00:00:00', '2015-08-08 18:15:40', '2015-08-12 15:56:58'),
	(164, 10, 'Valla 2', 8.90, '00:05:56', '2015-08-08 18:15:40', '2015-08-12 15:56:58'),
	(165, 10, 'Super Special Stage 3', 1.81, '00:01:23', '2015-08-08 18:15:40', '2015-08-12 15:56:58'),
	(166, 10, 'Super Special Stage 4', 1.50, '00:01:00', '2015-08-08 18:15:40', '2015-08-12 15:56:58'),
	(167, 10, 'Shipmans', 24.14, '00:00:00', '2015-08-08 18:15:40', '2015-08-12 15:56:58'),
	(168, 10, 'Bucca', 10.90, '00:06:48', '2015-08-08 18:15:40', '2015-08-12 15:56:58'),
	(169, 10, 'Wedding Bells', 9.37, '00:00:00', '2015-08-08 18:15:40', '2015-08-12 15:56:58'),
	(170, 11, 'Plage du LIamone', 19.91, '00:12:48', '2015-08-09 09:08:16', '2015-08-12 15:56:58'),
	(171, 11, 'Casamozza', 23.66, '00:00:00', '2015-08-09 09:08:16', '2015-08-12 15:56:58'),
	(172, 11, 'Francardo', 16.34, '00:09:19', '2015-08-09 09:08:16', '2015-08-12 15:56:58'),
	(173, 11, 'Plage du Liamone 2', 19.91, '00:11:49', '2015-08-09 09:08:16', '2015-08-12 15:56:58'),
	(174, 11, 'Casamozza 2', 23.66, '00:00:00', '2015-08-09 09:08:16', '2015-08-12 15:56:58'),
	(175, 11, 'Francardo 2', 16.34, '00:00:00', '2015-08-09 09:08:16', '2015-08-12 15:56:58'),
	(176, 11, 'Casamozza 3', 23.66, '00:14:47', '2015-08-09 09:08:16', '2015-08-12 15:56:58'),
	(177, 11, 'Francardo 3', 16.34, '00:10:03', '2015-08-09 09:08:16', '2015-08-12 15:56:58'),
	(178, 11, 'Muracciole', 28.92, '00:18:24', '2015-08-09 09:08:16', '2015-08-12 15:56:58'),
	(179, 11, 'Sotta', 26.28, '00:15:49', '2015-08-09 09:08:16', '2015-08-12 15:56:58'),
	(180, 11, 'Muracciole', 28.46, '00:19:17', '2015-08-09 09:08:16', '2015-08-12 15:56:58'),
	(181, 11, 'Zerubia', 31.43, '00:00:00', '2015-08-09 09:08:16', '2015-08-12 15:56:58'),
	(182, 11, 'Bisinao', 16.74, '00:11:42', '2015-08-09 09:08:16', '2015-08-12 15:56:58'),
	(183, 11, 'Zerubia 2', 31.43, '00:00:00', '2015-08-09 09:08:16', '2015-08-12 15:56:58'),
	(184, 11, 'Bisinao 2', 16.74, '00:10:06', '2015-08-09 09:08:17', '2015-08-12 15:56:58'),
	(185, 12, 'Barcelona', 3.11, '00:02:09', '2015-08-09 09:29:16', '2015-08-12 15:56:58'),
	(186, 12, 'Mora d\'Ebre', 9.69, '00:00:00', '2015-08-09 09:29:16', '2015-08-12 15:56:58'),
	(187, 12, 'Caseres', 12.10, '00:08:05', '2015-08-09 09:29:16', '2015-08-12 15:56:58'),
	(188, 12, 'Bot', 6.21, '00:04:12', '2015-08-09 09:29:16', '2015-08-12 15:56:58'),
	(189, 12, 'Terra Alta', 35.41, '00:24:01', '2015-08-09 09:29:16', '2015-08-12 15:56:58'),
	(190, 12, 'Mora d\'Ebre 2', 9.69, '00:00:00', '2015-08-09 09:29:16', '2015-08-12 15:56:58'),
	(191, 12, 'Caseres 2', 12.10, '00:00:00', '2015-08-09 09:29:16', '2015-08-12 15:56:58'),
	(192, 12, 'Bot 2', 6.21, '00:03:06', '2015-08-09 09:29:16', '2015-08-12 15:56:58'),
	(193, 12, 'Terra Alta 2', 35.41, '00:23:13', '2015-08-09 09:29:16', '2015-08-12 15:56:58'),
	(194, 12, 'Porrera', 7.91, '00:00:00', '2015-08-09 09:29:16', '2015-08-12 15:56:58'),
	(195, 12, 'La Figuera', 26.35, '00:00:00', '2015-08-09 09:29:16', '2015-08-12 15:56:58'),
	(196, 12, 'Poboleda', 10.73, '00:00:00', '2015-08-09 09:29:16', '2015-08-12 15:56:58'),
	(197, 12, 'Capafonts', 19.13, '00:13:08', '2015-08-09 09:29:17', '2015-08-12 15:56:58'),
	(198, 12, 'La Figuera 2', 26.35, '00:16:51', '2015-08-09 09:29:17', '2015-08-12 15:56:58'),
	(199, 12, 'Poboleda 2', 10.73, '00:07:27', '2015-08-09 09:29:17', '2015-08-12 15:56:58'),
	(200, 12, 'Capafonts 2', 19.13, '00:12:08', '2015-08-09 09:29:17', '2015-08-12 15:56:58'),
	(201, 12, 'Salou', 2.62, '00:00:00', '2015-08-09 09:29:17', '2015-08-12 15:56:58'),
	(202, 13, 'Hafren', 32.44, '00:00:00', '2015-08-09 09:33:26', '2015-08-12 15:56:58'),
	(203, 13, 'Sweet Lamb', 2.97, '00:01:09', '2015-08-09 09:33:26', '2015-08-12 15:56:58'),
	(204, 13, 'Myherin', 31.73, '00:21:54', '2015-08-09 09:33:26', '2015-08-12 15:56:58'),
	(205, 13, 'Harfen 2', 32.60, '00:19:43', '2015-08-09 09:33:26', '2015-08-12 15:56:58'),
	(206, 13, 'Sweet Lamb 2', 2.97, '00:00:00', '2015-08-09 09:33:27', '2015-08-12 15:56:58'),
	(207, 13, 'Myherin 2', 31.73, '00:00:00', '2015-08-09 09:33:27', '2015-08-12 15:56:58'),
	(208, 13, 'Gartheiniog', 11.97, '00:00:00', '2015-08-09 09:33:27', '2015-08-12 15:56:58'),
	(209, 13, 'Dyfi', 25.37, '00:16:16', '2015-08-09 09:33:27', '2015-08-12 15:56:58'),
	(210, 13, 'Gartheiniog 2', 11.97, '00:00:00', '2015-08-09 09:33:27', '2015-08-12 15:56:58'),
	(211, 13, 'Dyfi 2', 25.37, '00:16:14', '2015-08-09 09:33:27', '2015-08-12 15:56:58'),
	(212, 13, 'Dyfnant', 19.89, '00:00:00', '2015-08-09 09:33:27', '2015-08-12 15:56:58'),
	(213, 13, 'Aberhirnant', 13.70, '00:08:42', '2015-08-09 09:33:27', '2015-08-12 15:56:58'),
	(214, 13, 'Chirk Castle', 2.28, '00:01:37', '2015-08-09 09:33:27', '2015-08-12 15:56:58'),
	(215, 13, 'Dynant 2', 19.83, '00:12:18', '2015-08-09 09:33:27', '2015-08-12 15:56:58'),
	(216, 13, 'Aberhirnant 2', 13.70, '00:00:00', '2015-08-09 09:33:27', '2015-08-12 15:56:58'),
	(217, 13, 'Brenig', 10.99, '00:06:59', '2015-08-09 09:33:27', '2015-08-12 15:56:58'),
	(218, 13, 'ALwen', 10.16, '00:00:00', '2015-08-09 09:33:27', '2015-08-12 15:56:58'),
	(219, 14, 'Pierbach', 18.57, '00:12:51', '2015-08-09 14:43:28', '2015-08-12 15:56:58'),
	(220, 14, 'Liebenau', 10.10, '00:00:00', '2015-08-09 14:43:28', '2015-08-12 15:56:58'),
	(221, 14, 'St. Oswald', 8.20, '00:00:00', '2015-08-09 14:43:28', '2015-08-12 15:56:58'),
	(222, 14, 'Pierbach 2', 18.57, '00:12:45', '2015-08-09 14:43:28', '2015-08-12 15:56:58'),
	(223, 14, 'Liebenau 2', 10.10, '00:06:25', '2015-08-09 14:43:28', '2015-08-12 15:56:58'),
	(224, 14, 'St. Ostwald', 8.22, '00:00:00', '2015-08-09 14:43:28', '2015-08-12 15:56:58'),
	(225, 14, 'Pregarten', 8.44, '00:00:00', '2015-08-09 14:43:28', '2015-08-12 15:56:58'),
	(226, 14, 'Schonau', 22.80, '00:00:00', '2015-08-09 14:43:28', '2015-08-12 15:56:58'),
	(227, 14, 'Pregarten 2', 8.44, '00:05:03', '2015-08-09 14:43:28', '2015-08-12 15:56:58'),
	(228, 14, 'Schonau', 22.81, '00:15:18', '2015-08-09 14:43:28', '2015-08-12 15:56:58'),
	(229, 14, 'Gutau', 8.68, '00:00:00', '2015-08-09 14:43:28', '2015-08-12 15:56:58'),
	(230, 14, 'Unterweissenbach 2', 12.31, '00:00:00', '2015-08-09 14:43:29', '2015-08-12 15:56:58'),
	(231, 14, 'Arena Konigswiesen', 7.33, '00:00:00', '2015-08-09 14:43:29', '2015-08-12 15:56:58'),
	(232, 14, 'Gutau 2', 8.68, '00:00:00', '2015-08-09 14:43:29', '2015-08-12 15:56:58'),
	(233, 14, 'Unterweissenbach', 12.31, '00:07:08', '2015-08-09 14:43:29', '2015-08-12 15:56:58'),
	(234, 14, 'Arena Konigswiesen', 7.76, '00:00:00', '2015-08-09 14:43:29', '2015-08-12 15:56:58'),
	(235, 14, 'Bad Zell', 21.71, '00:13:53', '2015-08-09 14:43:29', '2015-08-12 15:56:58'),
	(236, 15, 'Basi', 16.11, '00:10:05', '2015-08-09 14:47:07', '2015-08-12 15:56:58'),
	(237, 15, 'Kuldiga', 36.11, '00:23:52', '2015-08-09 14:47:07', '2015-08-12 15:56:58'),
	(238, 15, 'Ecorent', 7.80, '00:00:00', '2015-08-09 14:47:07', '2015-08-12 15:56:58'),
	(239, 15, 'Kuldiga 2', 36.11, '00:00:00', '2015-08-09 14:47:07', '2015-08-12 15:56:58'),
	(240, 15, 'Basi 2', 16.11, '00:10:21', '2015-08-09 14:47:07', '2015-08-12 15:56:58'),
	(241, 15, 'Podnieki', 11.37, '00:06:42', '2015-08-09 14:47:07', '2015-08-12 15:56:58'),
	(242, 15, 'Tebra', 12.70, '00:08:05', '2015-08-09 14:47:07', '2015-08-12 15:56:58'),
	(243, 15, 'Vecpils', 22.64, '00:14:08', '2015-08-09 14:47:07', '2015-08-12 15:56:58'),
	(244, 15, 'Podnieki 2', 11.37, '00:06:59', '2015-08-09 14:47:07', '2015-08-12 15:56:58'),
	(245, 15, 'Tebra 2', 12.70, '00:07:13', '2015-08-09 14:47:07', '2015-08-12 15:56:58'),
	(246, 15, 'Vecpils 2', 22.64, '00:13:27', '2015-08-09 14:47:07', '2015-08-12 15:56:58'),
	(247, 15, 'Liepaja special', 1.81, '00:01:18', '2015-08-09 14:47:07', '2015-08-12 15:56:58'),
	(248, 16, 'Bucks Head', 14.47, '00:00:00', '2015-08-09 18:29:55', '2015-08-12 15:56:58'),
	(249, 16, 'Hamilton\'s Folly', 16.40, '00:09:46', '2015-08-09 18:29:55', '2015-08-12 15:56:58'),
	(250, 16, 'Lough Henney', 10.42, '00:00:00', '2015-08-09 18:29:55', '2015-08-12 15:56:58'),
	(251, 16, 'Bucks Head 2', 14.47, '00:08:22', '2015-08-09 18:29:55', '2015-08-12 15:56:58'),
	(252, 16, 'Hamilton\'s Folly 2', 16.40, '00:10:31', '2015-08-09 18:29:56', '2015-08-12 15:56:58'),
	(253, 16, 'Lough Henry 2', 10.33, '00:00:00', '2015-08-09 18:29:56', '2015-08-12 15:56:58'),
	(254, 16, 'Newtownards TT', 1.63, '00:01:03', '2015-08-09 18:29:56', '2015-08-12 15:56:58'),
	(255, 16, 'Newtownards TT 2', 1.63, '00:01:01', '2015-08-09 18:29:56', '2015-08-12 15:56:58'),
	(256, 16, 'Bulls Brook', 13.21, '00:08:23', '2015-08-09 18:29:56', '2015-08-12 15:56:58'),
	(257, 16, 'McGaffins Corner', 26.16, '00:00:00', '2015-08-09 18:29:56', '2015-08-12 15:56:58'),
	(258, 16, 'Banbridge', 8.58, '00:05:58', '2015-08-09 18:29:56', '2015-08-12 15:56:58'),
	(259, 16, 'Gregoriough', 14.91, '00:09:48', '2015-08-09 18:29:56', '2015-08-12 15:56:58'),
	(260, 16, 'Lisburn', 1.78, '00:01:08', '2015-08-09 18:29:56', '2015-08-12 15:56:58'),
	(261, 16, 'Lisburn 2', 1.78, '00:01:17', '2015-08-09 18:29:56', '2015-08-12 15:56:58'),
	(262, 16, 'Bulls Brook 2', 13.21, '00:00:00', '2015-08-09 18:29:56', '2015-08-12 15:56:58'),
	(263, 16, 'McGaffins Corner 2', 26.16, '00:00:00', '2015-08-09 18:29:56', '2015-08-12 15:56:58'),
	(264, 16, 'Banbridge 2', 8.58, '00:00:00', '2015-08-09 18:29:56', '2015-08-12 15:56:58'),
	(265, 17, 'Grupo Marques', 3.34, '00:02:05', '2015-08-09 18:37:22', '2015-08-12 15:56:58'),
	(266, 17, 'Solucoes', 7.96, '00:05:04', '2015-08-09 18:37:23', '2015-08-12 15:56:58'),
	(267, 17, 'Vila Franca', 12.79, '00:08:06', '2015-08-09 18:37:23', '2015-08-12 15:56:58'),
	(268, 17, 'Lagoa Meo', 6.28, '00:04:25', '2015-08-09 18:37:23', '2015-08-12 15:56:58'),
	(269, 17, 'Pico da Pedra Golfe', 7.86, '00:05:31', '2015-08-09 18:37:23', '2015-08-12 15:56:58'),
	(270, 17, 'Feteiras', 7.88, '00:05:05', '2015-08-09 18:37:23', '2015-08-12 15:56:58'),
	(271, 17, 'Sete Cidades', 28.57, '00:00:00', '2015-08-09 18:37:23', '2015-08-12 15:56:58'),
	(272, 17, 'Lagoa Meo 2', 6.28, '00:03:08', '2015-08-09 18:37:23', '2015-08-12 15:56:58'),
	(273, 17, 'Pico da Pedra Golfe 2', 7.86, '00:05:26', '2015-08-09 18:37:23', '2015-08-12 15:56:58'),
	(274, 17, 'Feteiras 2', 7.88, '00:00:00', '2015-08-09 18:37:23', '2015-08-12 15:56:58'),
	(275, 17, 'Sete Cidades 2', 28.57, '00:18:15', '2015-08-09 18:37:23', '2015-08-12 15:56:58'),
	(276, 17, 'Graminhais', 20.84, '00:14:06', '2015-08-09 18:37:23', '2015-08-12 15:56:58'),
	(277, 17, 'Tronqueira', 21.68, '00:14:08', '2015-08-09 18:37:23', '2015-08-12 15:56:58'),
	(278, 17, 'Grupo Marques 2', 3.34, '00:00:00', '2015-08-09 18:37:23', '2015-08-12 15:56:58'),
	(279, 17, 'Vila Franca 2', 12.79, '00:00:00', '2015-08-09 18:37:23', '2015-08-12 15:56:58'),
	(280, 17, 'Graminhais 2', 20.84, '00:14:13', '2015-08-09 18:37:24', '2015-08-12 15:56:58'),
	(281, 17, 'Tronqueira 2', 21.68, '00:14:59', '2015-08-09 18:37:24', '2015-08-12 15:56:58'),
	(282, 18, 'Langemark', 12.57, '00:08:34', '2015-08-10 10:35:26', '2015-08-12 15:56:58'),
	(283, 18, 'Dikkebus', 14.73, '00:00:00', '2015-08-10 10:35:26', '2015-08-12 15:56:58'),
	(284, 18, 'Wijtschate', 13.43, '00:09:00', '2015-08-10 10:35:27', '2015-08-12 15:56:58'),
	(285, 18, 'Mesen', 7.80, '00:00:00', '2015-08-10 10:35:27', '2015-08-12 15:56:58'),
	(286, 18, 'Dikkebus 2', 14.73, '00:10:05', '2015-08-10 10:35:27', '2015-08-12 15:56:58'),
	(287, 18, 'Wijtschate 2', 13.43, '00:00:00', '2015-08-10 10:35:27', '2015-08-12 15:56:58'),
	(288, 18, 'Mesen 2', 7.80, '00:05:00', '2015-08-10 10:35:27', '2015-08-12 15:56:58'),
	(289, 18, 'Reninge', 14.22, '00:00:00', '2015-08-10 10:35:27', '2015-08-12 15:56:58'),
	(290, 18, 'Watou', 14.25, '00:09:43', '2015-08-10 10:35:27', '2015-08-12 15:56:58'),
	(291, 18, 'Westouter-Boeschepe', 19.34, '00:11:32', '2015-08-10 10:35:27', '2015-08-12 15:56:58'),
	(292, 18, 'Kemmelberg', 13.64, '00:00:00', '2015-08-10 10:35:27', '2015-08-12 15:56:58'),
	(293, 18, 'Hollebeket', 23.99, '00:00:00', '2015-08-10 10:35:27', '2015-08-12 15:56:58'),
	(294, 18, 'Reninge 2', 14.22, '00:09:08', '2015-08-10 10:35:27', '2015-08-12 15:56:58'),
	(295, 18, 'Watou 2', 14.25, '00:09:05', '2015-08-10 10:35:27', '2015-08-12 15:56:58'),
	(296, 18, 'Westouter-Boeschepe 2', 19.34, '00:13:05', '2015-08-10 10:35:27', '2015-08-12 15:56:58'),
	(297, 18, 'Kemmelberg 2', 13.64, '00:09:21', '2015-08-10 10:35:27', '2015-08-12 15:56:58'),
	(298, 18, 'Hollebeke 2', 23.15, '00:00:00', '2015-08-10 10:35:27', '2015-08-12 15:56:58'),
	(418, 26, 'Tartu City', 1.31, '00:00:00', '2015-08-10 10:51:22', '2015-08-12 15:56:58'),
	(419, 26, 'Arula', 8.33, '00:05:57', '2015-08-10 10:51:22', '2015-08-12 15:56:58'),
	(420, 26, 'Urvaste', 14.14, '00:09:09', '2015-08-10 10:51:22', '2015-08-12 15:56:58'),
	(421, 26, 'Raiga', 9.84, '00:06:25', '2015-08-10 10:51:22', '2015-08-12 15:56:58'),
	(422, 26, 'Ristimae', 34.69, '00:21:07', '2015-08-10 10:51:22', '2015-08-12 15:56:58'),
	(423, 26, 'Ristimae 2', 34.69, '00:22:07', '2015-08-10 10:51:22', '2015-08-12 15:56:58'),
	(424, 26, 'Raiga 2', 9.84, '00:05:52', '2015-08-10 10:51:22', '2015-08-12 15:56:58'),
	(425, 26, 'Elva', 1.94, '00:01:15', '2015-08-10 10:51:23', '2015-08-12 15:56:58'),
	(426, 26, 'Vissi', 13.41, '00:08:03', '2015-08-10 10:51:23', '2015-08-12 15:56:58'),
	(427, 26, 'Sulaoja', 7.19, '00:04:08', '2015-08-10 10:51:23', '2015-08-12 15:56:58'),
	(428, 26, 'Alakula', 11.72, '00:00:00', '2015-08-10 10:51:23', '2015-08-12 15:56:58'),
	(429, 26, 'Vissi 2', 13.41, '00:07:08', '2015-08-10 10:51:23', '2015-08-12 15:56:58'),
	(430, 26, 'Sulaoja 2', 7.19, '00:00:00', '2015-08-10 10:51:23', '2015-08-12 15:56:58'),
	(431, 26, 'Alakula 2', 11.72, '00:00:00', '2015-08-10 10:51:23', '2015-08-12 15:56:58'),
	(432, 26, 'Arula 2', 8.33, '00:05:24', '2015-08-10 10:51:23', '2015-08-12 15:56:58'),
	(433, 26, 'Urwaste 2', 14.60, '00:08:53', '2015-08-10 10:51:23', '2015-08-12 15:56:58'),
	(435, 27, 'Super Stage Zlin', 9.42, '00:06:18', '2015-08-10 10:54:48', '2015-08-12 15:56:58'),
	(436, 27, 'Slusovice', 16.88, '00:00:00', '2015-08-10 10:54:48', '2015-08-12 15:56:58'),
	(437, 27, 'Pindula', 18.70, '00:11:07', '2015-08-10 10:54:48', '2015-08-12 15:56:58'),
	(438, 27, 'Majak', 13.56, '00:09:16', '2015-08-10 10:54:49', '2015-08-12 15:56:58'),
	(439, 27, 'Kudlovice', 17.43, '00:10:01', '2015-08-10 10:54:49', '2015-08-12 15:56:58'),
	(440, 27, 'Slusovice 2', 16.88, '00:00:00', '2015-08-10 10:54:49', '2015-08-12 15:56:58'),
	(441, 27, 'Pindula 2', 18.70, '00:11:52', '2015-08-10 10:54:49', '2015-08-12 15:56:58'),
	(442, 27, 'Majak 2', 13.56, '00:00:00', '2015-08-10 10:54:49', '2015-08-12 15:56:58'),
	(443, 27, 'Kudlovice 2', 17.43, '00:00:00', '2015-08-10 10:54:49', '2015-08-12 15:56:58'),
	(444, 27, 'Semetin', 11.38, '00:07:03', '2015-08-10 10:54:49', '2015-08-12 15:56:58'),
	(445, 27, 'Trojak', 23.76, '00:15:00', '2015-08-10 10:54:49', '2015-08-12 15:56:58'),
	(446, 27, 'Zlutava', 8.12, '00:05:09', '2015-08-10 10:54:49', '2015-08-12 15:56:58'),
	(447, 27, 'Semestin 2', 11.89, '00:08:08', '2015-08-10 10:54:49', '2015-08-12 15:56:58'),
	(448, 27, 'Trojak 2', 23.76, '00:00:00', '2015-08-10 10:54:49', '2015-08-12 15:56:58'),
	(449, 27, 'Zlutava 2', 8.12, '00:05:11', '2015-08-10 10:54:49', '2015-08-12 15:56:58'),
	(452, 28, 'Asfalistiki', 5.13, '00:00:00', '2015-08-10 10:57:37', '2015-08-12 15:56:58'),
	(453, 28, 'Kotsiatis', 15.16, '00:09:11', '2015-08-10 10:57:37', '2015-08-12 15:56:58'),
	(454, 28, 'Lythrodontas', 21.28, '00:12:07', '2015-08-10 10:57:37', '2015-08-12 15:56:58'),
	(455, 28, 'Lefkara', 17.67, '00:00:00', '2015-08-10 10:57:37', '2015-08-12 15:56:58'),
	(456, 28, 'Klavdia', 11.69, '00:00:00', '2015-08-10 10:57:37', '2015-08-12 15:56:58'),
	(457, 28, 'Tseri', 14.25, '00:08:25', '2015-08-10 10:57:37', '2015-08-12 15:56:58'),
	(458, 28, 'Asinou', 11.46, '00:00:00', '2015-08-10 10:57:37', '2015-08-12 15:56:58'),
	(459, 28, 'Xerarkaka', 21.61, '00:14:55', '2015-08-10 10:57:37', '2015-08-12 15:56:58'),
	(460, 28, 'Tseri 2', 14.25, '00:00:00', '2015-08-10 10:57:37', '2015-08-12 15:56:58'),
	(461, 28, 'Asinou 2', 11.46, '00:06:09', '2015-08-10 10:57:37', '2015-08-12 15:56:58'),
	(462, 28, 'Xerarkaka 2', 21.61, '00:00:00', '2015-08-10 10:57:37', '2015-08-12 15:56:58'),
	(463, 28, 'Kotsiatis 2', 15.16, '00:00:00', '2015-08-10 10:57:38', '2015-08-12 15:56:58'),
	(464, 28, 'Lythrodontas 2', 21.28, '00:14:56', '2015-08-10 10:57:38', '2015-08-12 15:56:58'),
	(465, 28, 'Lefkara 2', 17.67, '00:10:42', '2015-08-10 10:57:38', '2015-08-12 15:56:58'),
	(466, 28, 'Klavdia 2', 11.69, '00:00:00', '2015-08-10 10:57:38', '2015-08-12 15:56:58'),
	(469, 29, 'Aghios Ioannis', 21.66, '00:13:05', '2015-08-10 11:00:38', '2015-08-12 15:56:58'),
	(470, 29, 'Aghionori', 23.52, '00:13:54', '2015-08-10 11:00:38', '2015-08-12 15:56:58'),
	(471, 29, 'Psari', 17.44, '00:11:01', '2015-08-10 11:00:38', '2015-08-12 15:56:58'),
	(472, 29, 'Aghios Ioannis 2', 21.66, '00:00:00', '2015-08-10 11:00:38', '2015-08-12 15:56:58'),
	(473, 29, 'Aghionori 2', 23.52, '00:14:03', '2015-08-10 11:00:38', '2015-08-12 15:56:58'),
	(474, 29, 'Psari 2', 17.44, '00:00:00', '2015-08-10 11:00:38', '2015-08-12 15:56:58'),
	(475, 29, 'Klenia', 18.16, '00:11:04', '2015-08-10 11:00:39', '2015-08-12 15:56:58'),
	(476, 29, 'Nea Kineta', 22.39, '00:15:26', '2015-08-10 11:00:39', '2015-08-12 15:56:58'),
	(477, 29, 'Loutraki', 16.45, '00:09:25', '2015-08-10 11:00:39', '2015-08-12 15:56:58'),
	(478, 29, 'Klenia 2', 18.16, '00:10:56', '2015-08-10 11:00:39', '2015-08-12 15:56:58'),
	(479, 29, 'Nea Kineta 2', 22.39, '00:13:36', '2015-08-10 11:00:39', '2015-08-12 15:56:58'),
	(480, 29, 'Loutraki 2', 16.45, '00:11:26', '2015-08-10 11:00:39', '2015-08-12 15:56:58'),
	(481, 29, 'Klenia 3', 18.16, '00:12:16', '2015-08-10 11:00:39', '2015-08-12 15:56:58'),
	(482, 29, 'Nea Kineta 3', 22.39, '00:00:00', '2015-08-10 11:00:39', '2015-08-12 15:56:58'),
	(483, 29, 'Loutraki 3', 16.45, '00:00:00', '2015-08-10 11:00:39', '2015-08-12 15:56:58'),
	(486, 30, 'Leukerbad', 8.76, '00:05:11', '2015-08-10 11:04:16', '2015-08-12 15:56:58'),
	(487, 30, 'Crans - Montana', 11.66, '00:07:16', '2015-08-10 11:04:17', '2015-08-12 15:56:58'),
	(488, 30, 'Anzere', 12.89, '00:08:08', '2015-08-10 11:04:17', '2015-08-12 15:56:58'),
	(489, 30, 'Sierre - Anniviers', 14.36, '00:00:00', '2015-08-10 11:04:17', '2015-08-12 15:56:58'),
	(490, 30, 'Veysonnaz', 13.11, '00:00:00', '2015-08-10 11:04:17', '2015-08-12 15:56:58'),
	(491, 30, 'Nendaz', 12.63, '00:08:47', '2015-08-10 11:04:17', '2015-08-12 15:56:58'),
	(492, 30, 'Caserne', 6.43, '00:00:00', '2015-08-10 11:04:17', '2015-08-12 15:56:58'),
	(493, 30, 'Sierre - Anniviers 2', 14.36, '00:08:58', '2015-08-10 11:04:17', '2015-08-12 15:56:58'),
	(494, 30, 'Veysonnaz 2', 13.11, '00:08:23', '2015-08-10 11:04:17', '2015-08-12 15:56:58'),
	(495, 30, 'Nendaz 2', 12.63, '00:07:33', '2015-08-10 11:04:17', '2015-08-12 15:56:58'),
	(496, 30, 'Caserne 2', 6.43, '00:00:00', '2015-08-10 11:04:17', '2015-08-12 15:56:58'),
	(497, 30, 'Champex - Lac', 16.63, '00:10:48', '2015-08-10 11:04:17', '2015-08-12 15:56:58'),
	(498, 30, 'Bruson', 10.35, '00:06:04', '2015-08-10 11:04:17', '2015-08-12 15:56:58'),
	(499, 30, 'Verbier', 15.92, '00:10:00', '2015-08-10 11:04:17', '2015-08-12 15:56:58'),
	(500, 30, 'Les Cols', 32.86, '00:00:00', '2015-08-10 11:04:17', '2015-08-12 15:56:58'),
	(501, 30, 'Champex - Lac 2', 16.63, '00:11:02', '2015-08-10 11:04:18', '2015-08-12 15:56:58'),
	(502, 30, 'Bruson 2', 10.35, '00:07:09', '2015-08-10 11:04:18', '2015-08-12 15:56:58'),
	(503, 31, 'Jodlowka', 18.52, '00:12:59', '2015-08-10 11:11:05', '2015-08-12 15:56:58'),
	(504, 31, 'Hucisko', 12.33, '00:08:27', '2015-08-10 11:11:05', '2015-08-12 15:56:58'),
	(505, 31, 'Jodlowka 2', 18.52, '00:11:14', '2015-08-10 11:11:05', '2015-08-12 15:56:58'),
	(506, 31, 'Hucisko 2', 12.33, '00:08:03', '2015-08-10 11:11:05', '2015-08-12 15:56:58'),
	(507, 31, 'Przemysl', 9.62, '00:00:00', '2015-08-10 11:11:05', '2015-08-12 15:56:58'),
	(508, 31, 'Przemysl 2', 9.62, '00:00:00', '2015-08-10 11:11:05', '2015-08-12 15:56:58'),
	(509, 31, 'Leszczawka', 9.23, '00:05:44', '2015-08-10 11:11:05', '2015-08-12 15:56:58'),
	(510, 31, 'Huta Brzuska', 8.82, '00:05:49', '2015-08-10 11:11:05', '2015-08-12 15:56:58'),
	(511, 31, 'Bircza', 15.63, '00:00:00', '2015-08-10 11:11:05', '2015-08-12 15:56:58'),
	(512, 31, 'Leszczawka 2', 9.23, '00:00:00', '2015-08-10 11:11:06', '2015-08-12 15:56:58'),
	(513, 31, 'Huta Brzuska 2', 8.82, '00:06:08', '2015-08-10 11:11:06', '2015-08-12 15:56:58'),
	(514, 31, 'Bircza 2', 15.63, '00:09:14', '2015-08-10 11:11:06', '2015-08-12 15:56:58'),
	(515, 31, 'Leszczawka 3', 9.23, '00:06:05', '2015-08-10 11:11:06', '2015-08-12 15:56:58'),
	(516, 31, 'Huta Brzuska 3', 8.82, '00:05:48', '2015-08-10 11:11:06', '2015-08-12 15:56:58'),
	(517, 31, 'Bircza 3', 15.63, '00:10:22', '2015-08-10 11:11:06', '2015-08-12 15:56:58'),
	(520, 32, 'Klodzko', 2.94, '00:01:09', '2015-08-10 11:14:37', '2015-08-12 15:56:58'),
	(521, 32, 'Klodzko 2', 2.94, '00:00:00', '2015-08-10 11:14:38', '2015-08-12 15:56:58'),
	(522, 32, 'Domaszkow', 23.65, '00:00:00', '2015-08-10 11:14:38', '2015-08-12 15:56:58'),
	(523, 32, 'Wilkanow', 17.89, '00:10:04', '2015-08-10 11:14:38', '2015-08-12 15:56:58'),
	(524, 32, 'Domaszkow 2', 23.65, '00:14:16', '2015-08-10 11:14:38', '2015-08-12 15:56:58'),
	(525, 32, 'Wilkanow 2', 17.89, '00:00:00', '2015-08-10 11:14:38', '2015-08-12 15:56:58'),
	(526, 32, 'Staropolanka', 14.96, '00:09:05', '2015-08-10 11:14:38', '2015-08-12 15:56:58'),
	(527, 32, 'BGK', 14.38, '00:00:00', '2015-08-10 11:14:38', '2015-08-12 15:56:58'),
	(528, 32, 'Radkowska Perla', 9.43, '00:00:00', '2015-08-10 11:14:38', '2015-08-12 15:56:58'),
	(529, 32, 'Staropolanka 2', 14.96, '00:10:24', '2015-08-10 11:14:38', '2015-08-12 15:56:58'),
	(530, 32, 'BGK 2', 14.38, '00:08:55', '2015-08-10 11:14:38', '2015-08-12 15:56:58'),
	(531, 32, 'Radkowska Perla 2', 9.43, '00:00:00', '2015-08-10 11:14:38', '2015-08-12 15:56:58'),
	(532, 32, 'Staropolanka 3', 14.96, '00:09:06', '2015-08-10 11:14:38', '2015-08-12 15:56:58'),
	(533, 32, 'BGK 3', 14.38, '00:08:03', '2015-08-10 11:14:38', '2015-08-12 15:56:58'),
	(534, 32, 'Radkowska Perla 3', 9.43, '00:05:38', '2015-08-10 11:14:38', '2015-08-12 15:56:58'),
	(537, 33, 'Zabobrze', 2.38, '00:01:49', '2015-08-10 11:21:17', '2015-08-12 15:56:58'),
	(538, 33, 'Zabobrze 2', 2.38, '00:01:39', '2015-08-10 11:21:17', '2015-08-12 15:56:58'),
	(539, 33, 'Karpniki', 14.72, '00:00:00', '2015-08-10 11:21:17', '2015-08-12 15:56:58'),
	(540, 33, 'Gajowka', 12.93, '00:00:00', '2015-08-10 11:21:17', '2015-08-12 15:56:58'),
	(541, 33, 'Lubomierz', 12.60, '00:00:00', '2015-08-10 11:21:17', '2015-08-12 15:56:58'),
	(542, 33, 'Karpniki 2', 14.72, '00:08:25', '2015-08-10 11:21:17', '2015-08-12 15:56:58'),
	(543, 33, 'Gajowka 2', 12.93, '00:08:02', '2015-08-10 11:21:17', '2015-08-12 15:56:58'),
	(544, 33, 'Lubomierz 2', 12.60, '00:08:00', '2015-08-10 11:21:17', '2015-08-12 15:56:58'),
	(545, 33, 'Karpacz', 19.63, '00:11:58', '2015-08-10 11:21:17', '2015-08-12 15:56:58'),
	(546, 33, 'Czernica', 27.24, '00:18:01', '2015-08-10 11:21:18', '2015-08-12 15:56:58'),
	(547, 33, 'Karpacz 2', 19.63, '00:11:02', '2015-08-10 11:21:18', '2015-08-12 15:56:58'),
	(548, 33, 'Czernica 2', 27.24, '00:18:48', '2015-08-10 11:21:18', '2015-08-12 15:56:58'),
	(549, 33, 'Karpacz 3', 19.63, '00:12:15', '2015-08-10 11:21:18', '2015-08-12 15:56:58'),
	(550, 33, 'Czernica 3', 27.24, '00:00:00', '2015-08-10 11:21:18', '2015-08-12 15:56:58'),
	(554, 34, 'Lebno', 14.27, '00:00:00', '2015-08-10 11:25:24', '2015-08-12 15:56:58'),
	(555, 34, 'Ketrzyno', 8.89, '00:00:00', '2015-08-10 11:25:24', '2015-08-12 15:56:58'),
	(556, 34, 'Linia', 14.89, '00:09:32', '2015-08-10 11:25:24', '2015-08-12 15:56:58'),
	(557, 34, 'Lebno 2', 14.27, '00:08:26', '2015-08-10 11:25:24', '2015-08-12 15:56:58'),
	(558, 34, 'Ketrzyno 2', 8.89, '00:00:00', '2015-08-10 11:25:24', '2015-08-12 15:56:58'),
	(559, 34, 'Linia 2', 14.89, '00:08:36', '2015-08-10 11:25:24', '2015-08-12 15:56:58'),
	(560, 34, 'Lebno 3', 14.27, '00:00:00', '2015-08-10 11:25:24', '2015-08-12 15:56:58'),
	(561, 34, 'Ketrzyno 3', 8.89, '00:00:00', '2015-08-10 11:25:25', '2015-08-12 15:56:58'),
	(562, 34, 'Linia 3', 14.89, '00:09:55', '2015-08-10 11:25:25', '2015-08-12 15:56:58'),
	(563, 34, 'Przodkowo', 11.47, '00:00:00', '2015-08-10 11:25:25', '2015-08-12 15:56:58'),
	(564, 34, 'Kartuzy', 12.96, '00:07:46', '2015-08-10 11:25:25', '2015-08-12 15:56:58'),
	(565, 34, 'Szemud', 13.25, '00:08:00', '2015-08-10 11:25:25', '2015-08-12 15:56:58'),
	(566, 34, 'Przodkowo 2', 11.47, '00:07:56', '2015-08-10 11:25:25', '2015-08-12 15:56:58'),
	(567, 34, 'Kartuzy 2', 12.96, '00:08:17', '2015-08-10 11:25:25', '2015-08-12 15:56:58'),
	(568, 34, 'Szemud 2', 13.25, '00:09:07', '2015-08-10 11:25:25', '2015-08-12 15:56:58'),
	(571, 35, 'Blizianka', 11.97, '00:00:00', '2015-08-10 11:27:51', '2015-08-12 15:56:58'),
	(572, 35, 'Lubenia', 25.67, '00:15:13', '2015-08-10 11:27:51', '2015-08-12 15:56:58'),
	(573, 35, 'Blizianka 2', 11.97, '00:00:00', '2015-08-10 11:27:51', '2015-08-12 15:56:58'),
	(574, 35, 'Lubenia 2', 25.67, '00:14:09', '2015-08-10 11:27:51', '2015-08-12 15:56:58'),
	(575, 35, 'Nowy Swiat', 4.44, '00:00:00', '2015-08-10 11:27:51', '2015-08-12 15:56:58'),
	(576, 35, 'Blizianka 3', 11.97, '00:00:00', '2015-08-10 11:27:51', '2015-08-12 15:56:58'),
	(577, 35, 'Lubenia 3', 25.67, '00:16:59', '2015-08-10 11:27:51', '2015-08-12 15:56:58'),
	(578, 35, 'Husow', 12.74, '00:00:00', '2015-08-10 11:27:51', '2015-08-12 15:56:58'),
	(579, 35, 'Widaczow', 10.65, '00:06:03', '2015-08-10 11:27:51', '2015-08-12 15:56:58'),
	(580, 35, 'Izdebki', 15.99, '00:10:13', '2015-08-10 11:27:51', '2015-08-12 15:56:58'),
	(581, 35, 'Husow 2', 12.74, '00:07:02', '2015-08-10 11:27:52', '2015-08-12 15:56:58'),
	(582, 35, 'Widaczow 2', 10.65, '00:06:11', '2015-08-10 11:27:52', '2015-08-12 15:56:58'),
	(583, 35, 'Izdebki 2', 15.99, '00:00:00', '2015-08-10 11:27:52', '2015-08-12 15:56:58'),
	(584, 35, 'Husow 3', 12.74, '00:07:39', '2015-08-10 11:27:52', '2015-08-12 15:56:58'),
	(585, 35, 'Widaczow 3', 10.65, '00:06:32', '2015-08-10 11:27:52', '2015-08-12 15:56:58'),
	(586, 35, 'Izdebki 3', 15.99, '00:09:07', '2015-08-10 11:27:52', '2015-08-12 15:56:58'),
	(588, 36, 'Rosciszow', 8.94, '00:05:01', '2015-08-10 11:35:54', '2015-08-12 15:56:58'),
	(589, 36, 'Swierki', 8.49, '00:05:59', '2015-08-10 11:35:55', '2015-08-12 15:56:58'),
	(590, 36, 'Milkow', 12.32, '00:07:16', '2015-08-10 11:35:55', '2015-08-12 15:56:58'),
	(591, 36, 'Rosciszow 2', 8.94, '00:06:01', '2015-08-10 11:35:55', '2015-08-12 15:56:58'),
	(592, 36, 'Swierki 2', 8.49, '00:05:09', '2015-08-10 11:35:55', '2015-08-12 15:56:58'),
	(593, 36, 'Milkow 2', 12.32, '00:08:39', '2015-08-10 11:35:55', '2015-08-12 15:56:58'),
	(594, 36, 'Rosciszow 3', 8.94, '00:05:12', '2015-08-10 11:35:55', '2015-08-12 15:56:58'),
	(595, 36, 'Swierki 3', 8.49, '00:05:32', '2015-08-10 11:35:55', '2015-08-12 15:56:58'),
	(596, 36, 'Milkow 3', 12.32, '00:07:48', '2015-08-10 11:35:55', '2015-08-12 15:56:58'),
	(597, 36, 'Michalkowa', 14.73, '00:08:31', '2015-08-10 11:35:55', '2015-08-12 15:56:58'),
	(598, 36, 'Woliborz', 8.77, '00:05:08', '2015-08-10 11:35:55', '2015-08-12 15:56:58'),
	(599, 36, 'Milkow Reverse', 12.97, '00:07:37', '2015-08-10 11:35:55', '2015-08-12 15:56:58'),
	(600, 36, 'Michalkowa 2', 14.73, '00:09:38', '2015-08-10 11:35:55', '2015-08-12 15:56:58'),
	(601, 36, 'Woliborz 2', 8.77, '00:00:00', '2015-08-10 11:35:55', '2015-08-12 15:56:58'),
	(602, 36, 'Milkow Reverse 2', 12.97, '00:00:00', '2015-08-10 11:35:56', '2015-08-12 15:56:58'),
	(605, 37, 'Hunter Southern', 6.78, '00:04:07', '2015-08-10 11:58:58', '2015-08-12 15:56:58'),
	(606, 37, 'Hunter Southern 2', 6.78, '00:04:08', '2015-08-10 11:58:58', '2015-08-12 15:56:58'),
	(607, 37, 'Harold', 6.61, '00:00:00', '2015-08-10 11:58:58', '2015-08-12 15:56:58'),
	(608, 37, 'Harold 2', 6.61, '00:00:00', '2015-08-10 11:58:58', '2015-08-12 15:56:58'),
	(609, 37, 'Hunter Southern 3', 6.78, '00:04:28', '2015-08-10 11:58:58', '2015-08-12 15:56:58'),
	(610, 37, 'Harold 3', 6.61, '00:04:42', '2015-08-10 11:58:58', '2015-08-12 15:56:58'),
	(611, 37, 'Harold 4', 6.61, '00:00:00', '2015-08-10 11:58:58', '2015-08-12 15:56:58'),
	(612, 37, 'Hunter Northern', 8.89, '00:00:00', '2015-08-10 11:58:58', '2015-08-12 15:56:58'),
	(613, 37, 'Hunter Northern Reverse', 8.31, '00:00:00', '2015-08-10 11:58:58', '2015-08-12 15:56:58'),
	(614, 37, 'Hunter Southern Reverse', 6.54, '00:00:00', '2015-08-10 11:58:58', '2015-08-12 15:56:58'),
	(615, 37, 'Hunter Southern 4', 6.78, '00:04:17', '2015-08-10 11:58:58', '2015-08-12 15:56:58'),
	(616, 37, 'Hunter Northern 2', 8.89, '00:00:00', '2015-08-10 11:58:58', '2015-08-12 15:56:58'),
	(617, 37, 'Hunter Northern Reverse 2', 8.31, '00:05:07', '2015-08-10 11:58:58', '2015-08-12 15:56:58'),
	(618, 37, 'Hunter Southern Reverse 2', 6.54, '00:04:22', '2015-08-10 11:58:59', '2015-08-12 15:56:58'),
	(622, 38, 'Kabardinka', 13.46, '00:07:08', '2015-08-10 12:01:23', '2015-08-12 15:56:58'),
	(623, 38, 'Glebovskiy', 25.40, '00:00:00', '2015-08-10 12:01:23', '2015-08-12 15:56:58'),
	(624, 38, 'Markoth', 9.43, '00:05:59', '2015-08-10 12:01:23', '2015-08-12 15:56:58'),
	(625, 38, 'Golubaya Buhta', 12.13, '00:00:00', '2015-08-10 12:01:23', '2015-08-12 15:56:58'),
	(626, 38, 'Kabardinka 2', 13.46, '00:00:00', '2015-08-10 12:01:23', '2015-08-12 15:56:58'),
	(627, 38, 'Glebovskiy 2', 25.40, '00:15:58', '2015-08-10 12:01:23', '2015-08-12 15:56:58'),
	(628, 38, 'Markoth 2', 9.43, '00:06:08', '2015-08-10 12:01:23', '2015-08-12 15:56:58'),
	(629, 38, 'Golubaya Buhta 2', 12.13, '00:08:17', '2015-08-10 12:01:23', '2015-08-12 15:56:58'),
	(630, 38, 'Gorniy', 9.11, '00:00:00', '2015-08-10 12:01:23', '2015-08-12 15:56:58'),
	(631, 38, 'Semigorskiy', 13.13, '00:08:58', '2015-08-10 12:01:23', '2015-08-12 15:56:58'),
	(632, 38, 'Natukhaevskiy', 12.90, '00:00:00', '2015-08-10 12:01:23', '2015-08-12 15:56:58'),
	(633, 38, 'Fort Raevskogo', 10.10, '00:06:56', '2015-08-10 12:01:23', '2015-08-12 15:56:58'),
	(634, 38, 'Gorniy 2', 9.11, '00:00:00', '2015-08-10 12:01:23', '2015-08-12 15:56:58'),
	(635, 38, 'Semigorskiy 2', 13.13, '00:08:12', '2015-08-10 12:01:24', '2015-08-12 15:56:58'),
	(636, 38, 'Natukhaevskiy 2', 12.90, '00:08:00', '2015-08-10 12:01:24', '2015-08-12 15:56:58'),
	(637, 38, 'Fort Raevskogo 2', 10.10, '00:06:37', '2015-08-10 12:01:24', '2015-08-12 15:56:58'),
	(639, 39, 'Lillsjohogen', 33.85, '00:22:11', '2015-08-10 12:04:32', '2015-08-12 15:56:58'),
	(640, 39, 'Campus', 2.75, '00:00:00', '2015-08-10 12:04:32', '2015-08-12 15:56:58'),
	(641, 39, 'Lillsjohogen 2', 33.85, '00:00:00', '2015-08-10 12:04:32', '2015-08-12 15:56:58'),
	(642, 39, 'Campus 2', 2.75, '00:00:00', '2015-08-10 12:04:32', '2015-08-12 15:56:58'),
	(643, 39, 'Vaster-Kalen', 7.88, '00:05:15', '2015-08-10 12:04:33', '2015-08-12 15:56:58'),
	(644, 39, 'Glosa', 5.37, '00:03:04', '2015-08-10 12:04:33', '2015-08-12 15:56:58'),
	(645, 39, 'Gallsaberget', 29.22, '00:00:00', '2015-08-10 12:04:33', '2015-08-12 15:56:58'),
	(646, 39, 'Bolesbodarna', 12.13, '00:00:00', '2015-08-10 12:04:33', '2015-08-12 15:56:58'),
	(647, 39, 'Sjoarsjon', 12.65, '00:08:51', '2015-08-10 12:04:33', '2015-08-12 15:56:58'),
	(648, 39, 'Husas', 21.25, '00:13:17', '2015-08-10 12:04:33', '2015-08-12 15:56:58'),
	(649, 39, 'Vaster-Kalen 2', 7.88, '00:04:51', '2015-08-10 12:04:33', '2015-08-12 15:56:58'),
	(650, 39, 'Glosa 2', 5.37, '00:03:04', '2015-08-10 12:04:33', '2015-08-12 15:56:58'),
	(651, 39, 'Gallsaberget 2', 29.22, '00:19:24', '2015-08-10 12:04:34', '2015-08-12 15:56:58'),
	(652, 39, 'Bolesbodarna 2', 12.13, '00:07:33', '2015-08-10 12:04:34', '2015-08-12 15:56:58'),
	(653, 39, 'Sjoarsjon', 12.26, '00:07:38', '2015-08-10 12:04:34', '2015-08-12 15:56:58'),
	(654, 39, 'Husas', 21.54, '00:12:12', '2015-08-10 12:04:34', '2015-08-12 15:56:58'),
	(656, 40, 'Fjeldsdalen Vest', 3.19, '00:02:03', '2015-08-10 12:14:12', '2015-08-12 15:56:58'),
	(657, 40, 'Naddum', 6.18, '00:04:11', '2015-08-10 12:14:12', '2015-08-12 15:56:58'),
	(658, 40, 'Hellesjovannet', 4.42, '00:00:00', '2015-08-10 12:14:12', '2015-08-12 15:56:58'),
	(659, 40, 'Fjeldsdalen Vest 2', 3.19, '00:02:04', '2015-08-10 12:14:13', '2015-08-12 15:56:58'),
	(660, 40, 'Naddum 2', 6.18, '00:03:51', '2015-08-10 12:14:13', '2015-08-12 15:56:58'),
	(661, 40, 'Hellesjovannet 2', 4.42, '00:00:00', '2015-08-10 12:14:13', '2015-08-12 15:56:58'),
	(662, 40, 'Bjorkelangen Torg', 0.33, '00:00:19', '2015-08-10 12:14:13', '2015-08-12 15:56:58'),
	(663, 40, 'Oisjoen Nord', 13.54, '00:08:04', '2015-08-10 12:14:13', '2015-08-12 15:56:58'),
	(664, 40, 'Romsjoen Nord', 13.14, '00:08:55', '2015-08-10 12:14:13', '2015-08-12 15:56:58'),
	(665, 40, 'Kjolen Syd', 13.33, '00:00:00', '2015-08-10 12:14:13', '2015-08-12 15:56:58'),
	(666, 40, 'Bjorkelangen Torg 2', 0.33, '00:00:02', '2015-08-10 12:14:13', '2015-08-12 15:56:58'),
	(667, 40, 'Romsjoen Nord 2', 13.14, '00:08:27', '2015-08-10 12:14:13', '2015-08-12 15:56:58'),
	(668, 40, 'Kjolen Syd 2', 13.33, '00:00:00', '2015-08-10 12:14:13', '2015-08-12 15:56:58'),
	(669, 40, 'Oisjoen Nord 2', 13.54, '00:09:06', '2015-08-10 12:14:13', '2015-08-12 15:56:58'),
	(673, 41, 'Arstadveien', 3.20, '00:00:00', '2015-08-10 12:16:40', '2015-08-12 15:56:58'),
	(674, 41, 'Stavasen', 17.82, '00:11:29', '2015-08-10 12:16:40', '2015-08-12 15:56:58'),
	(675, 41, 'Arstadveien 2', 3.20, '00:02:14', '2015-08-10 12:16:40', '2015-08-12 15:56:58'),
	(676, 41, 'Stavasen 2', 17.82, '00:10:06', '2015-08-10 12:16:40', '2015-08-12 15:56:58'),
	(677, 41, 'Starmoen', 3.77, '00:02:37', '2015-08-10 12:16:40', '2015-08-12 15:56:58'),
	(678, 41, 'Rolsasen', 28.60, '00:00:00', '2015-08-10 12:16:40', '2015-08-12 15:56:58'),
	(679, 41, 'Agasen', 19.58, '00:11:46', '2015-08-10 12:16:40', '2015-08-12 15:56:58'),
	(680, 41, 'Starmoen 2', 3.77, '00:02:36', '2015-08-10 12:16:40', '2015-08-12 15:56:58'),
	(681, 41, 'Rolsasen 2', 28.60, '00:16:09', '2015-08-10 12:16:40', '2015-08-12 15:56:58'),
	(682, 41, 'Agasen 2', 19.58, '00:00:00', '2015-08-10 12:16:40', '2015-08-12 15:56:58'),
	(683, 41, 'Terningen', 2.40, '00:01:04', '2015-08-10 12:16:40', '2015-08-12 15:56:58'),
	(684, 41, 'Terningen 2', 2.40, '00:01:43', '2015-08-10 12:16:41', '2015-08-12 15:56:58'),
	(685, 41, 'Starmoen Reverse', 3.47, '00:00:00', '2015-08-10 12:16:41', '2015-08-12 15:56:58'),
	(686, 41, 'Rolsasen Reverse', 28.87, '00:17:33', '2015-08-10 12:16:41', '2015-08-12 15:56:58'),
	(687, 41, 'Agasen Reverse', 19.48, '00:00:00', '2015-08-10 12:16:41', '2015-08-12 15:56:58'),
	(690, 42, 'Lovbrotte', 5.36, '00:03:01', '2015-08-10 12:19:14', '2015-08-12 15:56:58'),
	(691, 42, 'Astjern', 6.22, '00:04:21', '2015-08-10 12:19:14', '2015-08-12 15:56:58'),
	(692, 42, 'Helgedalen', 6.41, '00:04:26', '2015-08-10 12:19:14', '2015-08-12 15:56:58'),
	(693, 42, 'Lovbrotte Reverse', 5.24, '00:00:00', '2015-08-10 12:19:14', '2015-08-12 15:56:58'),
	(694, 42, 'Astjern Reverse', 6.75, '00:04:12', '2015-08-10 12:19:14', '2015-08-12 15:56:58'),
	(695, 42, 'Helgedalen Reverse', 6.76, '00:00:00', '2015-08-10 12:19:14', '2015-08-12 15:56:58'),
	(696, 42, 'Super Special Stage', 1.86, '00:01:26', '2015-08-10 12:19:15', '2015-08-12 15:56:58'),
	(697, 42, 'Super Special Stage 2', 1.86, '00:01:08', '2015-08-10 12:19:15', '2015-08-12 15:56:58'),
	(698, 42, 'Lovbrotte 2', 5.36, '00:03:09', '2015-08-10 12:19:15', '2015-08-12 15:56:58'),
	(699, 42, 'Astjern 2', 6.22, '00:00:00', '2015-08-10 12:19:15', '2015-08-12 15:56:58'),
	(700, 42, 'Helgedalen 2', 6.41, '00:04:36', '2015-08-10 12:19:15', '2015-08-12 15:56:58'),
	(701, 42, 'Lovbrotte Reverse 2', 5.24, '00:03:58', '2015-08-10 12:19:15', '2015-08-12 15:56:58'),
	(702, 42, 'Astjern Reverse 2', 6.75, '00:00:00', '2015-08-10 12:19:15', '2015-08-12 15:56:58'),
	(703, 42, 'Helgedalen Reverse 2', 6.76, '00:00:00', '2015-08-10 12:19:15', '2015-08-12 15:56:58'),
	(707, 43, 'Ringsaker', 8.33, '00:00:00', '2015-08-10 12:45:01', '2015-08-12 15:56:58'),
	(708, 43, 'Mauset', 5.28, '00:03:51', '2015-08-10 12:45:01', '2015-08-12 15:56:58'),
	(709, 43, 'Vangsasen', 7.10, '00:00:00', '2015-08-10 12:45:01', '2015-08-12 15:56:58'),
	(710, 43, 'Vennkvern', 1.32, '00:00:00', '2015-08-10 12:45:01', '2015-08-12 15:56:58'),
	(711, 43, 'Stange', 4.19, '00:00:00', '2015-08-10 12:45:01', '2015-08-12 15:56:58'),
	(712, 43, 'Ekeberg', 10.96, '00:00:00', '2015-08-10 12:45:02', '2015-08-12 15:56:58'),
	(713, 43, 'Brenna', 14.99, '00:00:00', '2015-08-10 12:45:02', '2015-08-12 15:56:58'),
	(714, 43, 'Vennkvern 2', 1.32, '00:00:00', '2015-08-10 12:45:02', '2015-08-12 15:56:58'),
	(715, 43, 'Ringsaker 2', 8.33, '00:00:00', '2015-08-10 12:45:02', '2015-08-12 15:56:58'),
	(716, 43, 'Mauset 2', 5.28, '00:03:04', '2015-08-10 12:45:02', '2015-08-12 15:56:58'),
	(717, 43, 'Vangsasen 2', 7.10, '00:04:51', '2015-08-10 12:45:02', '2015-08-12 15:56:58'),
	(718, 43, 'Stange 2', 4.19, '00:00:00', '2015-08-10 12:45:02', '2015-08-12 15:56:58'),
	(719, 43, 'Ekeberg 2', 10.96, '00:07:01', '2015-08-10 12:45:02', '2015-08-12 15:56:58'),
	(720, 43, 'Brenna 2', 14.99, '00:09:41', '2015-08-10 12:45:02', '2015-08-12 15:56:58'),
	(724, 44, 'Gjesthusvegen', 3.43, '00:02:32', '2015-08-10 12:56:06', '2015-08-12 15:56:58'),
	(725, 44, 'Gronli', 11.16, '00:07:44', '2015-08-10 12:56:06', '2015-08-12 15:56:58'),
	(726, 44, 'Lauvset', 16.42, '00:00:00', '2015-08-10 12:56:06', '2015-08-12 15:56:58'),
	(727, 44, 'Ridalen', 26.38, '00:17:54', '2015-08-10 12:56:06', '2015-08-12 15:56:58'),
	(728, 44, 'Oset', 16.27, '00:10:46', '2015-08-10 12:56:06', '2015-08-12 15:56:58'),
	(729, 44, 'Gronli Reverse', 11.51, '00:06:55', '2015-08-10 12:56:06', '2015-08-12 15:56:58'),
	(730, 44, 'Gjesthusvegen 2', 3.43, '00:02:23', '2015-08-10 12:56:06', '2015-08-12 15:56:58'),
	(731, 44, 'Gronli 2', 11.16, '00:06:42', '2015-08-10 12:56:06', '2015-08-12 15:56:58'),
	(732, 44, 'Fjellstue', 9.30, '00:06:00', '2015-08-10 12:56:06', '2015-08-12 15:56:58'),
	(733, 44, 'Oset 2', 16.27, '00:10:09', '2015-08-10 12:56:07', '2015-08-12 15:56:58'),
	(734, 44, 'Fjellstue 2', 9.30, '00:05:38', '2015-08-10 12:56:07', '2015-08-12 15:56:58'),
	(735, 44, 'Fjellstue Reverse', 9.22, '00:05:25', '2015-08-10 12:56:07', '2015-08-12 15:56:58'),
	(736, 44, 'Gronli Reverse 2', 11.51, '00:07:57', '2015-08-10 12:56:07', '2015-08-12 15:56:58'),
	(737, 44, 'Lauvset 2', 16.42, '00:11:01', '2015-08-10 12:56:07', '2015-08-12 15:56:58'),
	(741, 45, 'Oslo', 1.57, '00:01:00', '2015-08-10 13:00:49', '2015-08-12 15:56:58'),
	(742, 45, 'Opaker', 14.32, '00:00:00', '2015-08-10 13:00:49', '2015-08-12 15:56:58'),
	(743, 45, 'Kirkenaer', 8.40, '00:05:07', '2015-08-10 13:00:49', '2015-08-12 15:56:58'),
	(744, 45, 'Finnskogen', 20.35, '00:00:00', '2015-08-10 13:00:49', '2015-08-12 15:56:58'),
	(745, 45, 'Kongsvinger', 13.27, '00:00:00', '2015-08-10 13:00:49', '2015-08-12 15:56:58'),
	(746, 45, 'Opaker 2', 14.32, '00:00:00', '2015-08-10 13:00:49', '2015-08-12 15:56:58'),
	(747, 45, 'Finnskogen 2', 20.35, '00:00:00', '2015-08-10 13:00:49', '2015-08-12 15:56:58'),
	(748, 45, 'Kongsvinger 2', 13.27, '00:00:00', '2015-08-10 13:00:49', '2015-08-12 15:56:58'),
	(749, 45, 'Kirkenaer 2', 8.40, '00:00:00', '2015-08-10 13:00:49', '2015-08-12 15:56:58'),
	(750, 45, 'Mountain', 24.18, '00:00:00', '2015-08-10 13:00:49', '2015-08-12 15:56:58'),
	(751, 45, 'Lillehammer', 6.49, '00:04:31', '2015-08-10 13:00:50', '2015-08-12 15:56:58'),
	(752, 45, 'Ringsaker', 27.31, '00:18:01', '2015-08-10 13:00:50', '2015-08-12 15:56:58'),
	(753, 45, 'Hamar', 1.10, '00:00:00', '2015-08-10 13:00:50', '2015-08-12 15:56:58'),
	(754, 45, 'Mountain 2', 24.18, '00:15:13', '2015-08-10 13:00:50', '2015-08-12 15:56:58'),
	(755, 45, 'Lillehammer 2', 6.49, '00:00:00', '2015-08-10 13:00:50', '2015-08-12 15:56:58'),
	(756, 45, 'Ringsaker 2 ', 27.31, '00:15:09', '2015-08-10 13:00:50', '2015-08-12 15:56:58'),
	(757, 45, 'Hamar 2', 1.10, '00:00:07', '2015-08-10 13:00:50', '2015-08-12 15:56:58'),
	(758, 46, 'Dokkeberg', 6.91, '00:00:00', '2015-08-10 13:05:04', '2015-08-12 15:56:58'),
	(759, 46, 'Smadol', 23.35, '00:14:12', '2015-08-10 13:05:04', '2015-08-12 15:56:58'),
	(760, 46, 'Lesteberg', 9.18, '00:00:00', '2015-08-10 13:05:04', '2015-08-12 15:56:58'),
	(761, 46, 'Dokkeberg Reverse', 6.76, '00:04:59', '2015-08-10 13:05:04', '2015-08-12 15:56:58'),
	(762, 46, 'Bjerkeflata Nord', 9.63, '00:06:13', '2015-08-10 13:05:04', '2015-08-12 15:56:58'),
	(763, 46, 'Smadol Reverse', 23.96, '00:15:09', '2015-08-10 13:05:04', '2015-08-12 15:56:58'),
	(764, 46, 'Lesteberg Reverse', 9.24, '00:00:00', '2015-08-10 13:05:05', '2015-08-12 15:56:58'),
	(765, 46, 'Bjerkeflata Nord Reverse', 9.72, '00:06:08', '2015-08-10 13:05:05', '2015-08-12 15:56:58'),
	(766, 46, 'Dokkeberg 2', 6.91, '00:04:37', '2015-08-10 13:05:05', '2015-08-12 15:56:58'),
	(767, 46, 'Smadol 2', 23.35, '00:00:00', '2015-08-10 13:05:05', '2015-08-12 15:56:58'),
	(768, 46, 'Lesteberg 2', 9.18, '00:00:00', '2015-08-10 13:05:05', '2015-08-12 15:56:58'),
	(769, 46, 'Bjerkeflata Nord 2', 9.63, '00:06:12', '2015-08-10 13:05:05', '2015-08-12 15:56:58'),
	(770, 46, 'Dokkeberg 3', 6.91, '00:04:57', '2015-08-10 13:05:05', '2015-08-12 15:56:58'),
	(771, 46, 'Smadol 3', 23.35, '00:14:06', '2015-08-10 13:05:05', '2015-08-12 15:56:58'),
	(772, 46, 'Lesteberg 3', 9.18, '00:05:37', '2015-08-10 13:05:05', '2015-08-12 15:56:58'),
	(775, 47, 'Korsboen', 13.86, '00:00:00', '2015-08-10 13:16:42', '2015-08-12 15:56:58'),
	(776, 47, 'Malmveien', 6.46, '00:04:33', '2015-08-10 13:16:42', '2015-08-12 15:56:58'),
	(777, 47, 'Letmolia', 16.27, '00:00:00', '2015-08-10 13:16:42', '2015-08-12 15:56:58'),
	(778, 47, 'Krodsherad', 13.55, '00:00:00', '2015-08-10 13:16:42', '2015-08-12 15:56:58'),
	(779, 47, 'Bjoreskogen', 11.10, '00:07:28', '2015-08-10 13:16:42', '2015-08-12 15:56:58'),
	(780, 47, 'Nevra', 16.76, '00:09:45', '2015-08-10 13:16:42', '2015-08-12 15:56:58'),
	(781, 47, 'Nysaetra', 14.59, '00:00:00', '2015-08-10 13:16:42', '2015-08-12 15:56:58'),
	(782, 47, 'Malmveien 2', 6.46, '00:04:26', '2015-08-10 13:16:42', '2015-08-12 15:56:58'),
	(783, 47, 'Letmolia 2', 16.27, '00:10:03', '2015-08-10 13:16:42', '2015-08-12 15:56:58'),
	(784, 47, 'Krodsherad 2', 13.55, '00:00:00', '2015-08-10 13:16:42', '2015-08-12 15:56:58'),
	(785, 47, 'Bjoreskogen 2', 11.10, '00:07:04', '2015-08-10 13:16:43', '2015-08-12 15:56:58'),
	(786, 47, 'Korsboen 2', 13.86, '00:08:08', '2015-08-10 13:16:43', '2015-08-12 15:56:58'),
	(787, 47, 'Nevra 2', 16.76, '00:00:00', '2015-08-10 13:16:43', '2015-08-12 15:56:58'),
	(788, 47, 'Nysaetra 2', 14.59, '00:09:44', '2015-08-10 13:16:43', '2015-08-12 15:56:58'),
	(792, 48, 'Glubo', 5.79, '00:00:00', '2015-08-10 13:18:36', '2015-08-12 15:56:58'),
	(793, 48, 'Hetlandsheio', 9.82, '00:06:17', '2015-08-10 13:18:36', '2015-08-12 15:56:58'),
	(794, 48, 'Glubo 2', 5.79, '00:00:00', '2015-08-10 13:18:36', '2015-08-12 15:56:58'),
	(795, 48, 'Moi', 2.77, '00:00:00', '2015-08-10 13:18:36', '2015-08-12 15:56:58'),
	(796, 48, 'Jossingfjord', 19.16, '00:11:05', '2015-08-10 13:18:36', '2015-08-12 15:56:58'),
	(797, 48, 'Moi 2', 2.77, '00:00:00', '2015-08-10 13:18:36', '2015-08-12 15:56:58'),
	(798, 48, 'Rossland', 3.98, '00:00:00', '2015-08-10 13:18:36', '2015-08-12 15:56:58'),
	(799, 48, 'Nesvag', 9.30, '00:00:00', '2015-08-10 13:18:37', '2015-08-12 15:56:58'),
	(800, 48, 'Kjelland', 3.65, '00:02:23', '2015-08-10 13:18:37', '2015-08-12 15:56:58'),
	(801, 48, 'Rossland 2', 3.98, '00:00:00', '2015-08-10 13:18:37', '2015-08-12 15:56:58'),
	(802, 48, 'Nesvag 2', 9.30, '00:06:06', '2015-08-10 13:18:37', '2015-08-12 15:56:58'),
	(803, 48, 'Kjelland 2', 3.65, '00:02:52', '2015-08-10 13:18:37', '2015-08-12 15:56:58'),
	(804, 48, 'Jossingfjord 2', 19.16, '00:12:04', '2015-08-10 13:18:37', '2015-08-12 15:56:58'),
	(805, 48, 'Hetlandsheio', 9.18, '00:05:52', '2015-08-10 13:18:37', '2015-08-12 15:56:58'),
	(822, 49, 'Hoye 2', 9.92, '00:00:00', '2015-08-10 15:12:08', '2015-08-12 15:56:58'),
	(821, 49, 'Steinsland 2', 11.72, '00:00:00', '2015-08-10 15:12:08', '2015-08-12 15:56:58'),
	(820, 49, 'Gumpens 2', 19.16, '00:00:00', '2015-08-10 15:12:08', '2015-08-12 15:56:58'),
	(819, 49, 'Solas 2', 31.22, '00:20:09', '2015-08-10 15:12:08', '2015-08-12 15:56:58'),
	(818, 49, 'Jabekk 2', 4.18, '00:00:00', '2015-08-10 15:12:07', '2015-08-12 15:56:58'),
	(817, 49, 'Lindland', 25.94, '00:16:42', '2015-08-10 15:12:07', '2015-08-12 15:56:58'),
	(816, 49, 'Hoye', 9.92, '00:06:56', '2015-08-10 15:12:07', '2015-08-12 15:56:58'),
	(815, 49, 'Jabekk', 4.18, '00:02:46', '2015-08-10 15:12:07', '2015-08-12 15:56:58'),
	(814, 49, 'Steinsland', 11.72, '00:07:34', '2015-08-10 15:12:07', '2015-08-12 15:56:58'),
	(813, 49, 'Gumpens', 19.16, '00:11:57', '2015-08-10 15:12:07', '2015-08-12 15:56:58'),
	(812, 49, 'Solas', 31.22, '00:19:52', '2015-08-10 15:12:07', '2015-08-12 15:56:58'),
	(811, 49, 'Arstol', 17.91, '00:11:01', '2015-08-10 15:12:07', '2015-08-12 15:56:58'),
	(810, 49, 'Tranehoyda', 12.31, '00:00:00', '2015-08-10 15:12:07', '2015-08-12 15:56:58'),
	(809, 49, 'Skoieheia', 3.52, '00:02:25', '2015-08-10 15:12:07', '2015-08-12 15:56:58'),
	(840, 50, 'Arlifoss 3', 8.95, '00:06:07', '2015-08-10 15:21:50', '2015-08-12 15:56:58'),
	(839, 50, 'Liangrenna 3', 5.75, '00:03:47', '2015-08-10 15:21:50', '2015-08-12 15:56:58'),
	(838, 50, 'Klevarsida 3', 6.22, '00:04:01', '2015-08-10 15:21:50', '2015-08-12 15:56:58'),
	(837, 50, 'Darstul 3', 7.71, '00:00:00', '2015-08-10 15:21:50', '2015-08-12 15:56:58'),
	(836, 50, 'Elgsjo 3', 6.57, '00:04:18', '2015-08-10 15:21:50', '2015-08-12 15:56:58'),
	(835, 50, 'Arlifoss 2', 8.69, '00:04:09', '2015-08-10 15:21:50', '2015-08-12 15:56:58'),
	(834, 50, 'Liangrenna 2', 5.75, '00:00:00', '2015-08-10 15:21:50', '2015-08-12 15:56:58'),
	(833, 50, 'Arlifoss ', 8.97, '00:00:00', '2015-08-10 15:21:50', '2015-08-12 15:56:58'),
	(832, 50, 'Liangrenna', 5.75, '00:03:27', '2015-08-10 15:21:50', '2015-08-12 15:56:58'),
	(831, 50, 'Klevarsida 2', 6.22, '00:00:00', '2015-08-10 15:21:50', '2015-08-12 15:56:58'),
	(830, 50, 'Darstul 2', 7.71, '00:00:00', '2015-08-10 15:21:50', '2015-08-12 15:56:58'),
	(829, 50, 'Elgsjo 2', 6.57, '00:00:00', '2015-08-10 15:21:50', '2015-08-12 15:56:58'),
	(828, 50, 'Klevarsida', 6.22, '00:04:09', '2015-08-10 15:21:50', '2015-08-12 15:56:58'),
	(827, 50, 'Darstul', 7.71, '00:00:00', '2015-08-10 15:21:49', '2015-08-12 15:56:58'),
	(826, 50, 'Elgsjo', 6.57, '00:04:36', '2015-08-10 15:21:49', '2015-08-12 15:56:58'),
	(856, 51, 'Ristilampi', 49.26, '00:31:16', '2015-08-10 15:24:02', '2015-08-12 15:56:58'),
	(855, 51, 'Heinunkierto 2', 23.37, '00:15:02', '2015-08-10 15:24:02', '2015-08-12 15:56:58'),
	(854, 51, 'Sarriojarvi 2', 36.22, '00:00:00', '2015-08-10 15:24:02', '2015-08-12 15:56:58'),
	(853, 51, 'Hanhikoski 2', 32.86, '00:00:00', '2015-08-10 15:24:02', '2015-08-12 15:56:58'),
	(852, 51, 'Ristilampi', 49.63, '00:33:21', '2015-08-10 15:24:02', '2015-08-12 15:56:58'),
	(851, 51, 'Heinunkierto', 23.37, '00:00:00', '2015-08-10 15:24:02', '2015-08-12 15:56:58'),
	(850, 51, 'Mantyvaara 3', 3.63, '00:02:15', '2015-08-10 15:24:02', '2015-08-12 15:56:58'),
	(849, 51, 'Sarriojarvi', 36.22, '00:23:47', '2015-08-10 15:24:02', '2015-08-12 15:56:58'),
	(848, 51, 'Hanhikoski', 32.86, '00:19:12', '2015-08-10 15:24:02', '2015-08-12 15:56:58'),
	(847, 51, 'Mantyvaara 2', 3.63, '00:02:16', '2015-08-10 15:24:02', '2015-08-12 15:56:58'),
	(846, 51, 'Jyrhamajarvi', 29.14, '00:00:00', '2015-08-10 15:24:02', '2015-08-12 15:56:58'),
	(845, 51, 'Siikakama', 38.32, '00:00:00', '2015-08-10 15:24:02', '2015-08-12 15:56:58'),
	(844, 51, 'Aittajarvi', 24.79, '00:16:46', '2015-08-10 15:24:01', '2015-08-12 15:56:58'),
	(843, 51, 'Mantyvaara', 3.63, '00:02:18', '2015-08-10 15:24:01', '2015-08-12 15:56:58'),
	(875, 52, 'Dechantskirchen 3', 9.61, '00:05:47', '2015-08-10 15:30:11', '2015-08-12 15:56:58'),
	(874, 52, 'Sinnersdorf 3', 8.34, '00:00:00', '2015-08-10 15:30:11', '2015-08-12 15:56:58'),
	(873, 52, 'Rohrbach 3', 6.68, '00:04:47', '2015-08-10 15:30:11', '2015-08-12 15:56:58'),
	(872, 52, 'Pinggau 3', 12.57, '00:07:07', '2015-08-10 15:30:11', '2015-08-12 15:56:58'),
	(871, 52, 'Pinggau Lang 2', 32.58, '00:19:04', '2015-08-10 15:30:11', '2015-08-12 15:56:58'),
	(870, 52, 'Haideggendorf 2', 8.78, '00:05:25', '2015-08-10 15:30:11', '2015-08-12 15:56:58'),
	(869, 52, 'Pinggau Lang', 32.58, '00:22:43', '2015-08-10 15:30:11', '2015-08-12 15:56:58'),
	(868, 52, 'Haideggendorf', 8.78, '00:00:00', '2015-08-10 15:30:10', '2015-08-12 15:56:58'),
	(867, 52, 'Dechantskirchen 2', 9.61, '00:05:57', '2015-08-10 15:30:10', '2015-08-12 15:56:58'),
	(866, 52, 'Sinnersdorf 2', 8.34, '00:00:00', '2015-08-10 15:30:10', '2015-08-12 15:56:58'),
	(865, 52, 'Dechantskirchen', 9.61, '00:00:00', '2015-08-10 15:30:10', '2015-08-12 15:56:58'),
	(864, 52, 'Sinnersdorf', 8.34, '00:05:06', '2015-08-10 15:30:10', '2015-08-12 15:56:58'),
	(863, 52, 'Rohrbach 2', 6.68, '00:00:00', '2015-08-10 15:30:10', '2015-08-12 15:56:59'),
	(862, 52, 'Pinggau 2', 12.57, '00:07:07', '2015-08-10 15:30:10', '2015-08-12 15:56:59'),
	(861, 52, 'Rohrbach', 6.68, '00:00:00', '2015-08-10 15:30:10', '2015-08-12 15:56:59'),
	(860, 52, 'Pinggau', 12.57, '00:08:08', '2015-08-10 15:30:10', '2015-08-12 15:56:59'),
	(893, 53, 'Kendal 3', 6.84, '00:04:58', '2015-08-10 15:36:16', '2015-08-12 15:56:59'),
	(892, 53, 'Bushy Park 2', 1.59, '00:00:00', '2015-08-10 15:36:16', '2015-08-12 15:56:59'),
	(891, 53, 'Malvern 2', 6.26, '00:04:17', '2015-08-10 15:36:16', '2015-08-12 15:56:59'),
	(890, 53, 'Kendal 2', 6.84, '00:04:47', '2015-08-10 15:36:16', '2015-08-12 15:56:59'),
	(889, 53, 'Bushy Park', 5.28, '00:03:58', '2015-08-10 15:36:16', '2015-08-12 15:56:59'),
	(888, 53, 'Malvern', 6.26, '00:00:00', '2015-08-10 15:36:16', '2015-08-12 15:56:59'),
	(887, 53, 'Kendal', 6.84, '00:04:06', '2015-08-10 15:36:16', '2015-08-12 15:56:59'),
	(886, 53, 'Spring Vale 3', 5.70, '00:03:46', '2015-08-10 15:36:16', '2015-08-12 15:56:59'),
	(885, 53, 'Canefield 3', 6.87, '00:04:22', '2015-08-10 15:36:16', '2015-08-12 15:56:59'),
	(884, 53, 'Sailor Gully 3', 4.94, '00:03:17', '2015-08-10 15:36:15', '2015-08-12 15:56:59'),
	(883, 53, 'Spring Vale 2', 5.21, '00:00:00', '2015-08-10 15:36:15', '2015-08-12 15:56:59'),
	(882, 53, 'Canefield 2', 6.87, '00:00:00', '2015-08-10 15:36:15', '2015-08-12 15:56:59'),
	(881, 53, 'Sailor Gully 2', 4.94, '00:00:00', '2015-08-10 15:36:15', '2015-08-12 15:56:59'),
	(880, 53, 'Spring Vale ', 4.71, '00:00:00', '2015-08-10 15:36:15', '2015-08-12 15:56:59'),
	(879, 53, 'Canefield', 6.87, '00:04:26', '2015-08-10 15:36:15', '2015-08-12 15:56:59'),
	(878, 53, 'Sailor Gully', 4.94, '00:03:34', '2015-08-10 15:36:15', '2015-08-12 15:56:59'),
	(877, 53, 'Bushy Park', 1.59, '00:01:01', '2015-08-10 15:36:15', '2015-08-12 15:56:59'),
	(898, 54, 'Schuiferskapelle 2', 15.43, '00:10:09', '2015-08-10 15:38:49', '2015-08-12 15:56:59'),
	(897, 54, 'Poelberg', 7.41, '00:00:00', '2015-08-10 15:38:49', '2015-08-12 15:56:59'),
	(896, 54, 'Oosthoek', 8.97, '00:05:48', '2015-08-10 15:38:49', '2015-08-12 15:56:59'),
	(895, 54, 'Ondank', 9.75, '00:06:45', '2015-08-10 15:38:49', '2015-08-12 15:56:59'),
	(894, 54, 'Schuiferskapelle', 15.43, '00:00:00', '2015-08-10 15:38:49', '2015-08-12 15:56:59'),
	(899, 54, 'Ondank 2', 9.75, '00:06:06', '2015-08-10 15:38:49', '2015-08-12 15:56:59'),
	(900, 54, 'Oosthoek 2', 8.97, '00:05:59', '2015-08-10 15:38:50', '2015-08-12 15:56:59'),
	(901, 54, 'Poelberg 2', 7.41, '00:05:01', '2015-08-10 15:38:50', '2015-08-12 15:56:59'),
	(902, 54, 'Schuiferskapelle 3', 15.43, '00:00:00', '2015-08-10 15:38:50', '2015-08-12 15:56:59'),
	(903, 54, 'Ondank 3', 9.75, '00:05:58', '2015-08-10 15:38:50', '2015-08-12 15:56:59'),
	(904, 54, 'Oosthoek 3', 8.97, '00:05:16', '2015-08-10 15:38:50', '2015-08-12 15:56:59'),
	(905, 54, 'Poelberg 3', 7.41, '00:00:00', '2015-08-10 15:38:50', '2015-08-12 15:56:59'),
	(906, 54, 'Schuiferskapelle 4', 15.43, '00:09:47', '2015-08-10 15:38:50', '2015-08-12 15:56:59'),
	(907, 54, 'Ondank 4', 9.75, '00:00:00', '2015-08-10 15:38:50', '2015-08-12 15:56:59'),
	(908, 54, 'Oosthoek 4', 8.97, '00:05:51', '2015-08-10 15:38:50', '2015-08-12 15:56:59'),
	(909, 54, 'Poelberg 4', 7.41, '00:04:36', '2015-08-10 15:38:50', '2015-08-12 15:56:59'),
	(911, 55, 'Citadelle', 4.88, '00:03:02', '2015-08-10 15:41:57', '2015-08-12 15:56:59'),
	(912, 55, 'Malonne', 14.49, '00:09:37', '2015-08-10 15:41:57', '2015-08-12 15:56:59'),
	(913, 55, 'Bois de Villers', 9.90, '00:00:00', '2015-08-10 15:41:57', '2015-08-12 15:56:59'),
	(914, 55, 'Crupet', 11.84, '00:00:00', '2015-08-10 15:41:57', '2015-08-12 15:56:59'),
	(915, 55, 'Natoye', 10.34, '00:00:00', '2015-08-10 15:41:57', '2015-08-12 15:56:59'),
	(916, 55, 'Malonne 2', 14.49, '00:09:14', '2015-08-10 15:41:57', '2015-08-12 15:56:59'),
	(917, 55, 'Bois de Villers 2', 9.90, '00:06:17', '2015-08-10 15:41:58', '2015-08-12 15:56:59'),
	(918, 55, 'Crupet 2', 11.84, '00:07:13', '2015-08-10 15:41:58', '2015-08-12 15:56:59'),
	(919, 55, 'Natoye 2', 10.34, '00:00:00', '2015-08-10 15:41:58', '2015-08-12 15:56:59'),
	(920, 55, 'Malonne 3', 14.49, '00:00:00', '2015-08-10 15:41:58', '2015-08-12 15:56:59'),
	(921, 55, 'Bois de Villers 3', 9.90, '00:06:18', '2015-08-10 15:41:58', '2015-08-12 15:56:59'),
	(922, 55, 'Crupet 3', 11.84, '00:07:34', '2015-08-10 15:41:58', '2015-08-12 15:56:59'),
	(923, 55, 'Natoye 3', 10.34, '00:06:13', '2015-08-10 15:41:58', '2015-08-12 15:56:59'),
	(924, 55, 'Naninne', 7.38, '00:04:39', '2015-08-10 15:41:58', '2015-08-12 15:56:59'),
	(925, 55, 'Loyers', 5.22, '00:03:03', '2015-08-10 15:41:58', '2015-08-12 15:56:59'),
	(926, 55, 'Wartet', 8.94, '00:05:12', '2015-08-10 15:41:58', '2015-08-12 15:56:59'),
	(927, 55, 'Vedrin', 5.33, '00:03:55', '2015-08-10 15:41:58', '2015-08-12 15:56:59'),
	(928, 56, 'Campo Magro', 18.42, '00:00:00', '2015-08-10 15:44:48', '2015-08-12 15:56:59'),
	(929, 56, 'Ouro Fino', 12.80, '00:08:07', '2015-08-10 15:44:48', '2015-08-12 15:56:59'),
	(930, 56, 'Curtiba', 12.57, '00:08:06', '2015-08-10 15:44:48', '2015-08-12 15:56:59'),
	(931, 56, 'Campo Magro 2', 18.42, '00:12:28', '2015-08-10 15:44:48', '2015-08-12 15:56:59'),
	(932, 56, 'Curtiba 2', 12.57, '00:08:39', '2015-08-10 15:44:48', '2015-08-12 15:56:59'),
	(933, 56, 'Campo Magro 3', 18.42, '00:11:05', '2015-08-10 15:44:48', '2015-08-12 15:56:59'),
	(934, 56, 'Ouro Fino 2', 12.80, '00:08:56', '2015-08-10 15:44:48', '2015-08-12 15:56:59'),
	(935, 56, 'Bocaiuva', 28.68, '00:00:00', '2015-08-10 15:44:48', '2015-08-12 15:56:59'),
	(936, 56, 'Rio Pesqueiro', 15.89, '00:00:00', '2015-08-10 15:44:48', '2015-08-12 15:56:59'),
	(937, 56, 'Quatro Barras', 12.97, '00:00:00', '2015-08-10 15:44:48', '2015-08-12 15:56:59'),
	(938, 56, 'Nobre', 10.86, '00:06:26', '2015-08-10 15:44:48', '2015-08-12 15:56:59'),
	(939, 56, 'Rio Pesqueiro 2', 15.89, '00:00:00', '2015-08-10 15:44:48', '2015-08-12 15:56:59'),
	(940, 56, 'Quatro Barras 2', 12.97, '00:00:00', '2015-08-10 15:44:48', '2015-08-12 15:56:59'),
	(941, 56, 'Campina', 23.95, '00:00:00', '2015-08-10 15:44:48', '2015-08-12 15:56:59'),
	(942, 56, 'Prime Pinhais', 3.34, '00:02:23', '2015-08-10 15:44:49', '2015-08-12 15:56:59'),
	(945, 57, 'Beli Iskar', 6.87, '00:00:00', '2015-08-10 15:48:24', '2015-08-12 15:56:59'),
	(946, 57, 'Borovetz - Raduil', 9.21, '00:05:43', '2015-08-10 15:48:24', '2015-08-12 15:56:59'),
	(947, 57, 'Muhovo', 29.68, '00:18:01', '2015-08-10 15:48:24', '2015-08-12 15:56:59'),
	(948, 57, 'Slavovitza', 17.84, '00:11:38', '2015-08-10 15:48:24', '2015-08-12 15:56:59'),
	(949, 57, 'Beli Iskar 2', 6.87, '00:00:00', '2015-08-10 15:48:24', '2015-08-12 15:56:59'),
	(950, 57, 'Borovetz - Raduil 2', 9.21, '00:00:00', '2015-08-10 15:48:24', '2015-08-12 15:56:59'),
	(951, 57, 'Muhovo 2', 29.68, '00:18:59', '2015-08-10 15:48:24', '2015-08-12 15:56:59'),
	(952, 57, 'Slavovitza 2', 17.84, '00:10:02', '2015-08-10 15:48:24', '2015-08-12 15:56:59'),
	(953, 57, 'Trayanovi Vrata', 18.65, '00:12:26', '2015-08-10 15:48:24', '2015-08-12 15:56:59'),
	(954, 57, 'Lubnitza', 30.84, '00:19:31', '2015-08-10 15:48:25', '2015-08-12 15:56:59'),
	(955, 57, 'Raduil - Borovetz', 9.61, '00:00:00', '2015-08-10 15:48:25', '2015-08-12 15:56:59'),
	(956, 57, 'Borovetz - Beli Iskar', 6.27, '00:04:05', '2015-08-10 15:48:25', '2015-08-12 15:56:59'),
	(957, 57, 'Trayanovi Vrata 2', 18.65, '00:00:00', '2015-08-10 15:48:25', '2015-08-12 15:56:59'),
	(958, 57, 'Lubnitza 2', 30.84, '00:00:00', '2015-08-10 15:48:25', '2015-08-12 15:56:59'),
	(962, 58, 'Porec', 1.30, '00:00:00', '2015-08-10 15:50:44', '2015-08-12 15:56:59'),
	(963, 58, 'Boljun', 14.73, '00:09:03', '2015-08-10 15:50:44', '2015-08-12 15:56:59'),
	(964, 58, 'Ucka', 13.70, '00:00:00', '2015-08-10 15:50:44', '2015-08-12 15:56:59'),
	(965, 58, 'Brest', 29.76, '00:00:00', '2015-08-10 15:50:45', '2015-08-12 15:56:59'),
	(966, 58, 'Boljun 2', 14.73, '00:08:44', '2015-08-10 15:50:45', '2015-08-12 15:56:59'),
	(967, 58, 'Ucka 2', 13.70, '00:08:07', '2015-08-10 15:50:45', '2015-08-12 15:56:59'),
	(968, 58, 'Brest 2', 29.76, '00:19:54', '2015-08-10 15:50:45', '2015-08-12 15:56:59'),
	(969, 58, 'Butoniga', 14.49, '00:09:39', '2015-08-10 15:50:45', '2015-08-12 15:56:59'),
	(970, 58, 'Buzet', 14.36, '00:08:31', '2015-08-10 15:50:45', '2015-08-12 15:56:59'),
	(971, 58, 'Salteria', 29.84, '00:00:00', '2015-08-10 15:50:45', '2015-08-12 15:56:59'),
	(972, 58, 'Butoniga 2', 14.49, '00:09:34', '2015-08-10 15:50:45', '2015-08-12 15:56:59'),
	(973, 58, 'Buzet 2', 14.36, '00:08:35', '2015-08-10 15:50:45', '2015-08-12 15:56:59'),
	(974, 58, 'Salteria 2', 29.84, '00:18:48', '2015-08-10 15:50:45', '2015-08-12 15:56:59'),
	(975, 58, 'Porec 2', 1.30, '00:00:00', '2015-08-10 15:50:45', '2015-08-12 15:56:59'),
	(976, 58, 'Porec 3', 1.30, '00:00:00', '2015-08-10 15:50:45', '2015-08-12 15:56:59'),
	(979, 59, 'Horazdovice - Komusin', 5.16, '00:03:53', '2015-08-10 15:54:30', '2015-08-12 15:56:59'),
	(980, 59, 'Cecelovice', 16.97, '00:10:39', '2015-08-10 15:54:30', '2015-08-12 15:56:59'),
	(981, 59, 'Doubravice - Chrastovice', 11.29, '00:07:44', '2015-08-10 15:54:30', '2015-08-12 15:56:59'),
	(982, 59, 'Strazovice - Nehodiv', 7.74, '00:05:00', '2015-08-10 15:54:31', '2015-08-12 15:56:59'),
	(983, 59, 'Horazdovice - Komusin 2', 5.16, '00:03:39', '2015-08-10 15:54:31', '2015-08-12 15:56:59'),
	(984, 59, 'Cecelovice 2', 16.97, '00:11:04', '2015-08-10 15:54:31', '2015-08-12 15:56:59'),
	(985, 59, 'Doubravice - Chrastovice 2', 11.29, '00:06:49', '2015-08-10 15:54:31', '2015-08-12 15:56:59'),
	(986, 59, 'Strazovice - Nehodiv 2', 7.74, '00:04:58', '2015-08-10 15:54:31', '2015-08-12 15:56:59'),
	(987, 59, 'Horazdovice - Komusin 3', 5.16, '00:03:24', '2015-08-10 15:54:31', '2015-08-12 15:56:59'),
	(988, 59, 'Cecelovice 3', 16.97, '00:00:00', '2015-08-10 15:54:31', '2015-08-12 15:56:59'),
	(989, 59, 'Doubravice - Chrastovice 3', 11.29, '00:07:19', '2015-08-10 15:54:31', '2015-08-12 15:56:59'),
	(990, 59, 'Strazovice - Nehodiv 3', 7.74, '00:04:07', '2015-08-10 15:54:31', '2015-08-12 15:56:59'),
	(991, 59, 'Nehodiv - Cecelovice', 12.31, '00:07:35', '2015-08-10 15:54:31', '2015-08-12 15:56:59'),
	(992, 59, 'Cecelovice - Doubravice', 7.70, '00:04:49', '2015-08-10 15:54:31', '2015-08-12 15:56:59'),
	(996, 60, 'Bondy', 2.69, '00:01:06', '2015-08-10 16:20:57', '2015-08-12 15:56:59'),
	(997, 60, 'Sychrov', 19.32, '00:12:18', '2015-08-10 16:20:57', '2015-08-12 15:56:59'),
	(998, 60, 'Sumburk', 16.41, '00:00:00', '2015-08-10 16:20:57', '2015-08-12 15:56:59'),
	(999, 60, 'Bzi', 5.27, '00:03:17', '2015-08-10 16:20:57', '2015-08-12 15:56:59'),
	(1000, 60, 'Sychrov 2', 19.32, '00:12:47', '2015-08-10 16:20:57', '2015-08-12 15:56:59'),
	(1001, 60, 'Sumburk 2', 16.41, '00:00:00', '2015-08-10 16:20:58', '2015-08-12 15:56:59'),
	(1002, 60, 'Bzi 2', 5.27, '00:03:13', '2015-08-10 16:20:58', '2015-08-12 15:56:59'),
	(1003, 60, 'Lobec', 11.14, '00:00:00', '2015-08-10 16:20:58', '2015-08-12 15:56:59'),
	(1004, 60, 'Vinec', 15.34, '00:10:57', '2015-08-10 16:20:58', '2015-08-12 15:56:59'),
	(1005, 60, 'Staromestska', 5.62, '00:03:48', '2015-08-10 16:20:58', '2015-08-12 15:56:59'),
	(1006, 60, 'Lobec 2', 11.14, '00:07:47', '2015-08-10 16:20:58', '2015-08-12 15:56:59'),
	(1007, 60, 'Vinec 2', 15.34, '00:10:38', '2015-08-10 16:20:58', '2015-08-12 15:56:59'),
	(1008, 60, 'Staromestska 2', 5.62, '00:03:44', '2015-08-10 16:20:58', '2015-08-12 15:56:59'),
	(1009, 60, 'Lobec 3', 11.14, '00:00:00', '2015-08-10 16:20:58', '2015-08-12 15:56:59'),
	(1010, 60, 'Vinec 3', 15.34, '00:00:00', '2015-08-10 16:20:58', '2015-08-12 15:56:59'),
	(1013, 61, 'Marchampt', 12.25, '00:08:41', '2015-08-10 16:27:13', '2015-08-12 15:56:59'),
	(1014, 61, 'Lamure sur Azergues', 14.80, '00:08:44', '2015-08-10 16:27:13', '2015-08-12 15:56:59'),
	(1015, 61, 'Bibost', 13.87, '00:08:15', '2015-08-10 16:27:13', '2015-08-12 15:56:59'),
	(1016, 61, 'Rontalon', 14.97, '00:08:58', '2015-08-10 16:27:13', '2015-08-12 15:56:59'),
	(1017, 61, 'Lyon - Gerland', 1.88, '00:01:06', '2015-08-10 16:27:13', '2015-08-12 15:56:59'),
	(1018, 61, 'Marchampt - Claveisoles', 25.59, '00:15:31', '2015-08-10 16:27:13', '2015-08-12 15:56:59'),
	(1019, 61, 'Lamure sur Azergues 2', 14.80, '00:10:18', '2015-08-10 16:27:13', '2015-08-12 15:56:59'),
	(1020, 61, 'Les Noirs', 18.66, '00:12:26', '2015-08-10 16:27:13', '2015-08-12 15:56:59'),
	(1021, 61, 'Les Sauvages', 12.80, '00:07:56', '2015-08-10 16:27:13', '2015-08-12 15:56:59'),
	(1022, 61, 'Marchampt - Claveisoles', 25.94, '00:15:46', '2015-08-10 16:27:14', '2015-08-12 15:56:59'),
	(1023, 61, 'Lamure sur Azergues 3', 14.80, '00:09:01', '2015-08-10 16:27:14', '2015-08-12 15:56:59'),
	(1024, 61, 'Les Noirs 2', 18.66, '00:10:57', '2015-08-10 16:27:14', '2015-08-12 15:56:59'),
	(1025, 61, 'Les Sauvages 2', 12.80, '00:08:25', '2015-08-10 16:27:14', '2015-08-12 15:56:59'),
	(1026, 61, 'Les Noirs 3', 18.66, '00:00:00', '2015-08-10 16:27:14', '2015-08-12 15:56:59'),
	(1027, 61, 'Les Sauvages 3', 12.80, '00:00:00', '2015-08-10 16:27:14', '2015-08-12 15:56:59'),
	(1030, 62, 'Camiers', 12.11, '00:08:00', '2015-08-10 16:29:02', '2015-08-12 15:56:59'),
	(1031, 62, 'La Calotterie', 12.68, '00:08:26', '2015-08-10 16:29:02', '2015-08-12 15:56:59'),
	(1032, 62, 'Airon', 15.54, '00:09:41', '2015-08-10 16:29:02', '2015-08-12 15:56:59'),
	(1033, 62, 'Le Touquet', 2.26, '00:01:48', '2015-08-10 16:29:02', '2015-08-12 15:56:59'),
	(1034, 62, 'Camiers 2', 12.11, '00:07:39', '2015-08-10 16:29:02', '2015-08-12 15:56:59'),
	(1035, 62, 'La Calotterie 2', 12.68, '00:07:37', '2015-08-10 16:29:02', '2015-08-12 15:56:59'),
	(1036, 62, 'Airon 2', 15.54, '00:09:53', '2015-08-10 16:29:03', '2015-08-12 15:56:59'),
	(1037, 62, 'Le Touquet 2', 2.26, '00:01:37', '2015-08-10 16:29:03', '2015-08-12 15:56:59'),
	(1038, 62, 'Bourthes', 27.65, '00:00:00', '2015-08-10 16:29:03', '2015-08-12 15:56:59'),
	(1039, 62, 'Bourthes 2', 27.65, '00:17:58', '2015-08-10 16:29:03', '2015-08-12 15:56:59'),
	(1040, 62, 'Hucqueliers', 30.28, '00:18:43', '2015-08-10 16:29:03', '2015-08-12 15:56:59'),
	(1041, 62, 'Le Touquet 3', 2.26, '00:01:52', '2015-08-10 16:29:03', '2015-08-12 15:56:59'),
	(1042, 62, 'Hucqueliers 2', 30.28, '00:19:06', '2015-08-10 16:29:03', '2015-08-12 15:56:59'),
	(1043, 62, 'Bourthes 3', 27.65, '00:00:00', '2015-08-10 16:29:03', '2015-08-12 15:56:59'),
	(1044, 62, 'Hucqueliers 3', 30.28, '00:00:00', '2015-08-10 16:29:03', '2015-08-12 15:56:59'),
	(1047, 63, 'Stollberg', 4.72, '00:00:00', '2015-08-10 16:31:41', '2015-08-12 15:56:59'),
	(1048, 63, 'Grunhain', 14.25, '00:09:45', '2015-08-10 16:31:41', '2015-08-12 15:56:59'),
	(1049, 63, 'Gelenau', 7.17, '00:00:00', '2015-08-10 16:31:41', '2015-08-12 15:56:59'),
	(1050, 63, 'Mildenau', 7.82, '00:04:41', '2015-08-10 16:31:41', '2015-08-12 15:56:59'),
	(1051, 63, 'Grunhain 2', 14.25, '00:08:06', '2015-08-10 16:31:41', '2015-08-12 15:56:59'),
	(1052, 63, 'Gelenau 2', 7.17, '00:04:46', '2015-08-10 16:31:42', '2015-08-12 15:56:59'),
	(1053, 63, 'Mildenau 2', 7.82, '00:00:00', '2015-08-10 16:31:42', '2015-08-12 15:56:59'),
	(1054, 63, 'Gelenau 3', 7.17, '00:04:13', '2015-08-10 16:31:42', '2015-08-12 15:56:59'),
	(1055, 63, 'Jahnsdorf', 8.15, '00:05:29', '2015-08-10 16:31:42', '2015-08-12 15:56:59'),
	(1056, 63, 'Oberdorf', 11.50, '00:00:00', '2015-08-10 16:31:42', '2015-08-12 15:56:59'),
	(1057, 63, 'Jahnsdorf 2', 8.45, '00:05:42', '2015-08-10 16:31:42', '2015-08-12 15:56:59'),
	(1058, 63, 'Oberdorf 2', 11.68, '00:00:00', '2015-08-10 16:31:42', '2015-08-12 15:56:59'),
	(1059, 63, 'Jahnsdorf', 8.45, '00:05:54', '2015-08-10 16:31:42', '2015-08-12 15:56:59'),
	(1060, 63, 'Oberdorf', 11.68, '00:06:08', '2015-08-10 16:31:42', '2015-08-12 15:56:59'),
	(1064, 64, 'Lydford', 8.66, '00:04:09', '2015-08-10 16:38:22', '2015-08-12 15:56:59'),
	(1065, 64, 'Reynolds', 8.86, '00:05:34', '2015-08-10 16:38:22', '2015-08-12 15:56:59'),
	(1066, 64, 'Lydford 2', 8.66, '00:05:42', '2015-08-10 16:38:22', '2015-08-12 15:56:59'),
	(1067, 64, 'Reynolds 2', 8.86, '00:05:44', '2015-08-10 16:38:22', '2015-08-12 15:56:59'),
	(1068, 64, 'Lydford 3', 8.66, '00:00:00', '2015-08-10 16:38:22', '2015-08-12 15:56:59'),
	(1069, 64, 'Reynolds 3', 8.86, '00:05:45', '2015-08-10 16:38:22', '2015-08-12 15:56:59'),
	(1070, 64, 'Haddon Pen', 8.99, '00:05:14', '2015-08-10 16:38:22', '2015-08-12 15:56:59'),
	(1071, 64, 'Reynolds 4', 8.86, '00:00:00', '2015-08-10 16:38:22', '2015-08-12 15:56:59'),
	(1072, 64, 'Haddon Pen 2', 8.99, '00:05:55', '2015-08-10 16:38:22', '2015-08-12 15:56:59'),
	(1073, 64, 'Haddon Pen 3', 8.99, '00:05:42', '2015-08-10 16:38:22', '2015-08-12 15:56:59'),
	(1074, 64, 'New Works', 5.27, '00:03:54', '2015-08-10 16:38:22', '2015-08-12 15:56:59'),
	(1075, 64, 'Bybrook', 7.20, '00:00:00', '2015-08-10 16:38:23', '2015-08-12 15:56:59'),
	(1076, 64, 'New Works 2', 5.27, '00:00:00', '2015-08-10 16:38:23', '2015-08-12 15:56:59'),
	(1077, 64, 'Bybrook 2', 7.20, '00:04:22', '2015-08-10 16:38:23', '2015-08-12 15:56:59'),
	(1078, 64, 'New Works 3', 5.27, '00:03:28', '2015-08-10 16:38:23', '2015-08-12 15:56:59'),
	(1079, 64, 'Bybrook 3', 7.20, '00:04:15', '2015-08-10 16:38:23', '2015-08-12 15:56:59'),
	(1080, 64, 'Wakefield', 5.73, '00:00:00', '2015-08-10 16:38:23', '2015-08-12 15:56:59'),
	(1081, 65, 'Schutte Informatisering', 10.22, '00:00:00', '2015-08-10 16:41:16', '2015-08-12 15:56:59'),
	(1082, 65, 'Eurol Lubricants', 6.51, '00:04:25', '2015-08-10 16:41:16', '2015-08-12 15:56:59'),
	(1083, 65, 'Teunis Automotive', 6.12, '00:03:56', '2015-08-10 16:41:16', '2015-08-12 15:56:59'),
	(1084, 65, 'Schutte Informatisering 2', 10.22, '00:00:00', '2015-08-10 16:41:16', '2015-08-12 15:56:59'),
	(1085, 65, 'Eurol Lubricants 2', 6.51, '00:00:00', '2015-08-10 16:41:16', '2015-08-12 15:56:59'),
	(1086, 65, 'Teunis Automotive 2', 6.12, '00:00:00', '2015-08-10 16:41:17', '2015-08-12 15:56:59'),
	(1087, 65, 'Hegeman Bouw', 13.89, '00:09:14', '2015-08-10 16:41:17', '2015-08-12 15:56:59'),
	(1088, 65, 'Reggesign Reclame', 10.36, '00:06:49', '2015-08-10 16:41:17', '2015-08-12 15:56:59'),
	(1089, 65, 'Hegeman Bouw 2', 13.89, '00:08:44', '2015-08-10 16:41:17', '2015-08-12 15:56:59'),
	(1090, 65, 'Reggesign Reclame 2', 10.36, '00:06:04', '2015-08-10 16:41:17', '2015-08-12 15:56:59'),
	(1091, 65, 'Ten Brinke', 12.67, '00:08:29', '2015-08-10 16:41:17', '2015-08-12 15:56:59'),
	(1092, 65, 'Tijhof', 8.48, '00:00:00', '2015-08-10 16:41:17', '2015-08-12 15:56:59'),
	(1093, 65, 'Wolves Berging', 11.59, '00:07:54', '2015-08-10 16:41:17', '2015-08-12 15:56:59'),
	(1094, 65, 'Ten Brinke 2', 12.67, '00:08:24', '2015-08-10 16:41:17', '2015-08-12 15:56:59'),
	(1095, 65, 'Tijhof 2', 8.48, '00:05:22', '2015-08-10 16:41:17', '2015-08-12 15:56:59'),
	(1096, 65, 'Wolves Berging 2', 11.59, '00:00:00', '2015-08-10 16:41:17', '2015-08-12 15:56:59'),
	(1098, 66, 'Tenten - Huelmes', 12.56, '00:07:56', '2015-08-10 16:47:23', '2015-08-12 15:56:59'),
	(1099, 66, 'Petten - Rouscht', 5.25, '00:03:34', '2015-08-10 16:47:23', '2015-08-12 15:56:59'),
	(1100, 66, 'Platen - Horass', 6.74, '00:00:00', '2015-08-10 16:47:23', '2015-08-12 15:56:59'),
	(1101, 66, 'Tenten - Huelmes 2', 12.56, '00:08:12', '2015-08-10 16:47:23', '2015-08-12 15:56:59'),
	(1102, 66, 'Petten - Rouscht 2', 5.25, '00:00:00', '2015-08-10 16:47:23', '2015-08-12 15:56:59'),
	(1103, 66, 'Platen - Horass 2', 6.74, '00:04:54', '2015-08-10 16:47:23', '2015-08-12 15:56:59'),
	(1104, 66, 'Tenten - Huelmes 3', 12.56, '00:00:00', '2015-08-10 16:47:24', '2015-08-12 15:56:59'),
	(1105, 66, 'Petten - Rouscht 3', 5.25, '00:03:55', '2015-08-10 16:47:24', '2015-08-12 15:56:59'),
	(1106, 66, 'Platen - Horass 3', 6.74, '00:04:00', '2015-08-10 16:47:24', '2015-08-12 15:56:59'),
	(1107, 66, 'Reiden - Noojhem', 20.19, '00:00:00', '2015-08-10 16:47:24', '2015-08-12 15:56:59'),
	(1108, 66, 'Horass - Platen', 10.99, '00:07:36', '2015-08-10 16:47:24', '2015-08-12 15:56:59'),
	(1109, 66, 'Reiden - Noojhem 2', 20.19, '00:13:05', '2015-08-10 16:47:24', '2015-08-12 15:56:59'),
	(1110, 66, 'Horass - Platen 2', 10.99, '00:07:45', '2015-08-10 16:47:24', '2015-08-12 15:56:59'),
	(1111, 66, 'Reiden - Noojhem 3', 20.19, '00:00:00', '2015-08-10 16:47:24', '2015-08-12 15:56:59'),
	(1112, 66, 'Horass - Platen 3', 10.99, '00:00:00', '2015-08-10 16:47:24', '2015-08-12 15:56:59'),
	(1115, 67, 'Nabat Lusail', 19.33, '00:13:29', '2015-08-10 16:50:08', '2015-08-12 15:56:59'),
	(1116, 67, 'Umm Al Hal', 12.99, '00:00:00', '2015-08-10 16:50:08', '2015-08-12 15:56:59'),
	(1117, 67, 'Al Waker', 10.19, '00:00:00', '2015-08-10 16:50:08', '2015-08-12 15:56:59'),
	(1118, 67, 'QMMF', 28.31, '00:16:32', '2015-08-10 16:50:08', '2015-08-12 15:56:59'),
	(1119, 67, 'Nabat Lusail 2', 19.33, '00:12:26', '2015-08-10 16:50:08', '2015-08-12 15:56:59'),
	(1120, 67, 'Umm Al Hal 2', 12.99, '00:00:00', '2015-08-10 16:50:08', '2015-08-12 15:56:59'),
	(1121, 67, 'Al Waker 2', 10.19, '00:00:00', '2015-08-10 16:50:08', '2015-08-12 15:56:59'),
	(1122, 67, 'QMMF 2', 28.31, '00:19:01', '2015-08-10 16:50:08', '2015-08-12 15:56:59'),
	(1123, 67, 'Al Wakrah', 25.83, '00:17:47', '2015-08-10 16:50:08', '2015-08-12 15:56:59'),
	(1124, 67, 'QMMF 3', 28.31, '00:16:01', '2015-08-10 16:50:08', '2015-08-12 15:56:59'),
	(1125, 67, 'Al Negian', 7.90, '00:05:36', '2015-08-10 16:50:09', '2015-08-12 15:56:59'),
	(1126, 67, 'Al Wakrah 2', 25.83, '00:14:49', '2015-08-10 16:50:09', '2015-08-12 15:56:59'),
	(1127, 67, 'QMMF 4', 28.31, '00:17:55', '2015-08-10 16:50:09', '2015-08-12 15:56:59'),
	(1128, 67, 'Al Negian 2', 7.90, '00:04:06', '2015-08-10 16:50:09', '2015-08-12 15:56:59'),
	(1129, 67, 'Al Wakrah 3', 25.83, '00:15:27', '2015-08-10 16:50:09', '2015-08-12 15:56:59'),
	(1130, 67, 'Al Negian 3', 7.90, '00:05:33', '2015-08-10 16:50:09', '2015-08-12 15:56:59'),
	(1132, 68, 'Salgovik', 10.76, '00:06:42', '2015-08-10 16:52:25', '2015-08-12 15:56:59'),
	(1133, 68, 'Zlata Baoa 3', 24.32, '00:14:25', '2015-08-10 16:52:25', '2015-08-12 15:56:59'),
	(1134, 68, 'Lubotice', 6.32, '00:00:00', '2015-08-10 16:52:25', '2015-08-12 15:56:59'),
	(1135, 68, 'Salgovik 2', 10.16, '00:05:09', '2015-08-10 16:52:25', '2015-08-12 15:56:59'),
	(1136, 68, 'Zlata Baoa 2', 24.32, '00:14:45', '2015-08-10 16:52:25', '2015-08-12 15:56:59'),
	(1137, 68, 'Lubotice 2', 6.51, '00:04:48', '2015-08-10 16:52:25', '2015-08-12 15:56:59'),
	(1138, 68, 'Obisovce', 23.31, '00:13:18', '2015-08-10 16:52:26', '2015-08-12 15:56:59'),
	(1139, 68, 'Vitaz', 17.93, '00:10:43', '2015-08-10 16:52:26', '2015-08-12 15:56:59'),
	(1140, 68, 'Obisovce 2', 23.31, '00:13:53', '2015-08-10 16:52:26', '2015-08-12 15:56:59'),
	(1141, 68, 'Vitaz 2', 17.93, '00:00:00', '2015-08-10 16:52:26', '2015-08-12 15:56:59'),
	(1142, 68, 'Obisovce 3', 23.31, '00:14:18', '2015-08-10 16:52:26', '2015-08-12 15:56:59'),
	(1143, 68, 'Vitaz 3', 17.93, '00:11:45', '2015-08-10 16:52:26', '2015-08-12 15:56:59'),
	(1144, 68, 'Salgovik', 10.16, '00:00:00', '2015-08-10 16:52:26', '2015-08-12 15:56:59'),
	(1145, 68, 'Zlata Baoa', 24.32, '00:00:00', '2015-08-10 16:52:26', '2015-08-12 15:56:59'),
	(1146, 68, 'Lubotice', 6.51, '00:00:00', '2015-08-10 16:52:26', '2015-08-12 15:56:59'),
	(1149, 69, 'Carron Valley', 8.49, '00:00:00', '2015-08-10 16:54:39', '2015-08-12 15:56:59'),
	(1150, 69, 'Carron Valley 2', 8.49, '00:05:55', '2015-08-10 16:54:39', '2015-08-12 15:56:59'),
	(1151, 69, 'Craigvinean', 16.29, '00:10:47', '2015-08-10 16:54:39', '2015-08-12 15:56:59'),
	(1152, 69, 'Drummond Hill', 13.65, '00:08:46', '2015-08-10 16:54:39', '2015-08-12 15:56:59'),
	(1153, 69, 'Errochty', 17.85, '00:10:18', '2015-08-10 16:54:39', '2015-08-12 15:56:59'),
	(1154, 69, 'Craigvinean 2', 16.29, '00:00:00', '2015-08-10 16:54:39', '2015-08-12 15:56:59'),
	(1155, 69, 'Drummond Hill 2', 13.65, '00:09:02', '2015-08-10 16:54:39', '2015-08-12 15:56:59'),
	(1156, 69, 'Errochty 2', 17.85, '00:11:07', '2015-08-10 16:54:39', '2015-08-12 15:56:59'),
	(1157, 69, 'Carron Valley 3', 8.49, '00:00:00', '2015-08-10 16:54:39', '2015-08-12 15:56:59'),
	(1158, 69, 'Loch Chon', 9.29, '00:05:36', '2015-08-10 16:54:39', '2015-08-12 15:56:59'),
	(1159, 69, 'High Corrie', 25.62, '00:15:57', '2015-08-10 16:54:39', '2015-08-12 15:56:59'),
	(1160, 69, 'Loch Chon 2', 9.29, '00:05:41', '2015-08-10 16:54:39', '2015-08-12 15:56:59'),
	(1161, 69, 'High Corrie 2', 25.62, '00:16:21', '2015-08-10 16:54:39', '2015-08-12 15:56:59'),
	(1162, 69, 'Scone Palace', 2.60, '00:01:49', '2015-08-10 16:54:39', '2015-08-12 15:56:59'),
	(1163, 69, 'Scone Palace 2', 2.60, '00:00:00', '2015-08-10 16:54:40', '2015-08-12 15:56:59'),
	(1166, 70, 'Palix', 9.48, '00:05:06', '2015-08-10 17:20:46', '2015-08-12 15:56:59'),
	(1167, 70, 'Palix 2', 9.48, '00:06:44', '2015-08-10 17:20:46', '2015-08-12 15:56:59'),
	(1168, 70, 'Smith Creek', 10.19, '00:00:00', '2015-08-10 17:20:46', '2015-08-12 15:56:59'),
	(1169, 70, 'Brooklyn', 11.97, '00:08:03', '2015-08-10 17:20:46', '2015-08-12 15:56:59'),
	(1170, 70, 'Brooklyn 2', 11.97, '00:00:00', '2015-08-10 17:20:46', '2015-08-12 15:56:59'),
	(1171, 70, 'Smith Creek 2', 10.19, '00:06:00', '2015-08-10 17:20:46', '2015-08-12 15:56:59'),
	(1172, 70, 'Pico', 15.36, '00:00:00', '2015-08-10 17:20:46', '2015-08-12 15:56:59'),
	(1173, 70, 'Pico 2', 15.36, '00:00:00', '2015-08-10 17:20:46', '2015-08-12 15:56:59'),
	(1174, 70, 'Wreck Creek', 6.71, '00:00:00', '2015-08-10 17:20:46', '2015-08-12 15:56:59'),
	(1175, 70, 'Wreck Creek 2', 6.71, '00:00:00', '2015-08-10 17:20:46', '2015-08-12 15:56:59'),
	(1176, 70, 'Taholah', 18.20, '00:11:31', '2015-08-10 17:20:47', '2015-08-12 15:56:59'),
	(1177, 70, 'Black Bear Highway', 7.22, '00:04:48', '2015-08-10 17:20:47', '2015-08-12 15:56:59'),
	(1178, 70, 'Taholah 2', 18.20, '00:00:00', '2015-08-10 17:20:47', '2015-08-12 15:56:59'),
	(1179, 70, 'Black Bear Highway 2', 7.22, '00:04:06', '2015-08-10 17:20:47', '2015-08-12 15:56:59'),
	(1183, 71, 'Guide Valley', 4.11, '00:02:57', '2015-08-10 17:24:19', '2015-08-12 15:56:59'),
	(1184, 71, 'Tewkesbury', 4.71, '00:03:24', '2015-08-10 17:24:19', '2015-08-12 15:56:59'),
	(1185, 71, 'Hellyer Leslie', 19.20, '00:00:00', '2015-08-10 17:24:19', '2015-08-12 15:56:59'),
	(1186, 71, 'Hellyer Leslie 2', 19.20, '00:12:04', '2015-08-10 17:24:19', '2015-08-12 15:56:59'),
	(1187, 71, 'Savage River', 24.99, '00:15:05', '2015-08-10 17:24:19', '2015-08-12 15:56:59'),
	(1188, 71, 'Savage River 2', 24.99, '00:00:00', '2015-08-10 17:24:19', '2015-08-12 15:56:59'),
	(1189, 71, 'Hellyer Leslie 3', 19.20, '00:11:49', '2015-08-10 17:24:19', '2015-08-12 15:56:59'),
	(1190, 71, 'Yolla North', 5.83, '00:00:00', '2015-08-10 17:24:19', '2015-08-12 15:56:59'),
	(1191, 71, 'Oldina North', 7.53, '00:00:00', '2015-08-10 17:24:19', '2015-08-12 15:56:59'),
	(1192, 71, 'Yolla North 2', 5.83, '00:03:43', '2015-08-10 17:24:19', '2015-08-12 15:56:59'),
	(1193, 71, 'Oldina North 2', 7.53, '00:00:00', '2015-08-10 17:24:19', '2015-08-12 15:56:59'),
	(1194, 71, 'Paloona Dam', 5.15, '00:03:29', '2015-08-10 17:24:19', '2015-08-12 15:56:59'),
	(1195, 71, 'Mt. Roland', 7.53, '00:04:53', '2015-08-10 17:24:19', '2015-08-12 15:56:59'),
	(1196, 71, 'King Solomon', 15.80, '00:09:16', '2015-08-10 17:24:19', '2015-08-12 15:56:59'),
	(1197, 71, 'Gog Range', 7.31, '00:04:58', '2015-08-10 17:24:20', '2015-08-12 15:56:59'),
	(1198, 71, 'Mt. Roland 2', 7.53, '00:05:13', '2015-08-10 17:24:20', '2015-08-12 15:56:59'),
	(1199, 71, 'King Solomon 2', 15.80, '00:00:00', '2015-08-10 17:24:20', '2015-08-12 15:56:59'),
	(1200, 72, 'Lysgard', 14.36, '00:00:00', '2015-08-10 17:28:35', '2015-08-12 15:56:59'),
	(1201, 72, 'Kjellerup', 2.56, '00:01:44', '2015-08-10 17:28:36', '2015-08-12 15:56:59'),
	(1202, 72, 'Sjorslev', 20.85, '00:12:27', '2015-08-10 17:28:36', '2015-08-12 15:56:59'),
	(1203, 72, 'Demstrup', 6.41, '00:04:17', '2015-08-10 17:28:36', '2015-08-12 15:56:59'),
	(1204, 72, 'Lysgard 2', 14.36, '00:00:00', '2015-08-10 17:28:37', '2015-08-12 15:56:59'),
	(1205, 72, 'Kjellerup 2', 2.56, '00:01:46', '2015-08-10 17:28:37', '2015-08-12 15:56:59'),
	(1206, 72, 'Sjorslev 2', 20.85, '00:14:23', '2015-08-10 17:28:37', '2015-08-12 15:56:59'),
	(1207, 72, 'Demstrup 2', 6.41, '00:00:00', '2015-08-10 17:28:38', '2015-08-12 15:56:59'),
	(1208, 72, 'Hindberg', 7.38, '00:00:00', '2015-08-10 17:28:38', '2015-08-12 15:56:59'),
	(1209, 72, 'Frederiksdal', 8.99, '00:06:07', '2015-08-10 17:28:39', '2015-08-12 15:56:59'),
	(1210, 72, 'Hinge', 6.51, '00:00:00', '2015-08-10 17:28:39', '2015-08-12 15:56:59'),
	(1211, 72, 'Hindberg 2', 7.38, '00:00:00', '2015-08-10 17:28:39', '2015-08-12 15:56:59'),
	(1212, 72, 'Frederiksdal 2', 8.99, '00:00:00', '2015-08-10 17:28:39', '2015-08-12 15:56:59'),
	(1213, 72, 'Hinge 2', 6.51, '00:00:00', '2015-08-10 17:28:39', '2015-08-12 15:56:59'),
	(1214, 72, 'Kjellerup 3', 2.56, '00:01:58', '2015-08-10 17:28:39', '2015-08-12 15:56:59'),
	(1217, 73, 'Saporro', 1.85, '00:01:16', '2015-08-10 17:30:34', '2015-08-12 15:56:59'),
	(1218, 73, 'Saporro 2', 1.85, '00:01:21', '2015-08-10 17:30:34', '2015-08-12 15:56:59'),
	(1219, 73, 'Iwanke', 26.67, '00:17:36', '2015-08-10 17:30:34', '2015-08-12 15:56:59'),
	(1220, 73, 'Kamauycep', 33.69, '00:22:24', '2015-08-10 17:30:34', '2015-08-12 15:56:59'),
	(1221, 73, 'Kina', 9.25, '00:05:33', '2015-08-10 17:30:34', '2015-08-12 15:56:59'),
	(1222, 73, 'Iwanke 2', 26.67, '00:00:00', '2015-08-10 17:30:34', '2015-08-12 15:56:59'),
	(1223, 73, 'Kamuycep 2', 33.34, '00:00:00', '2015-08-10 17:30:35', '2015-08-12 15:56:59'),
	(1224, 73, 'Kina 2', 9.25, '00:05:42', '2015-08-10 17:30:35', '2015-08-12 15:56:59'),
	(1225, 73, 'Saporro 3', 1.85, '00:01:04', '2015-08-10 17:30:35', '2015-08-12 15:56:59'),
	(1226, 73, 'Saporro 4', 1.85, '00:01:27', '2015-08-10 17:30:35', '2015-08-12 15:56:59'),
	(1227, 73, 'Nikara', 17.30, '00:00:00', '2015-08-10 17:30:35', '2015-08-12 15:56:59'),
	(1228, 73, 'Sikot', 27.28, '00:00:00', '2015-08-10 17:30:35', '2015-08-12 15:56:59'),
	(1229, 73, 'Koyka', 3.66, '00:02:15', '2015-08-10 17:30:35', '2015-08-12 15:56:59'),
	(1230, 73, 'Nikara 2', 17.30, '00:00:00', '2015-08-10 17:30:35', '2015-08-12 15:56:59'),
	(1231, 73, 'Sikot 2', 27.28, '00:00:00', '2015-08-10 17:30:35', '2015-08-12 15:56:59'),
	(1232, 73, 'Koyka 2', 3.66, '00:02:46', '2015-08-10 17:30:35', '2015-08-12 15:56:59'),
	(1233, 73, 'Saporro 5', 1.85, '00:01:06', '2015-08-10 17:30:35', '2015-08-12 15:56:59'),
	(1234, 74, 'Krzeszowice Rynek', 1.35, '00:00:00', '2015-08-10 17:47:58', '2015-08-12 15:56:59'),
	(1235, 74, 'Krzeszowice - Zalas', 7.53, '00:05:07', '2015-08-10 17:47:58', '2015-08-12 15:56:59'),
	(1236, 74, 'Sanka - Tenczynek', 6.84, '00:04:28', '2015-08-10 17:47:58', '2015-08-12 15:56:59'),
	(1237, 74, 'Tenczynek - Paczoltowice Golf', 10.51, '00:06:01', '2015-08-10 17:47:58', '2015-08-12 15:56:59'),
	(1238, 74, 'Paczoltowice Golf - Nowa Gora', 11.94, '00:07:04', '2015-08-10 17:47:58', '2015-08-12 15:56:59'),
	(1239, 74, 'Nowa Gora - Trzebinia Chechlo', 15.75, '00:10:16', '2015-08-10 17:47:58', '2015-08-12 15:56:59'),
	(1240, 74, 'Trzebinia Chechlo - Rudno', 17.63, '00:11:06', '2015-08-10 17:47:58', '2015-08-12 15:56:59'),
	(1241, 74, 'Rudno Zamek', 1.88, '00:01:16', '2015-08-10 17:47:58', '2015-08-12 15:56:59'),
	(1242, 74, 'Rudno - Krzeszowice', 9.46, '00:06:03', '2015-08-10 17:47:58', '2015-08-12 15:56:59'),
	(1243, 74, 'Krzeszowice - Rudawa', 8.26, '00:00:00', '2015-08-10 17:47:58', '2015-08-12 15:56:59'),
	(1244, 74, 'Rudawa - Siedlec', 4.36, '00:00:00', '2015-08-10 17:47:58', '2015-08-12 15:56:59'),
	(1245, 74, 'Siedlec - Krzeszowice', 4.46, '00:00:00', '2015-08-10 17:47:58', '2015-08-12 15:56:59'),
	(1246, 74, 'Krzeszowice Rynek 2', 1.35, '00:00:00', '2015-08-10 17:47:59', '2015-08-12 15:56:59'),
	(1247, 74, 'Krzeszowice - Czerna', 3.59, '00:02:24', '2015-08-10 17:47:59', '2015-08-12 15:56:59'),
	(1248, 74, 'Czerna - Filipowice', 7.33, '00:04:42', '2015-08-10 17:47:59', '2015-08-12 15:56:59'),
	(1249, 74, 'Krzeszowice Rynek 3', 1.35, '00:00:00', '2015-08-10 17:47:59', '2015-08-12 15:56:59'),
	(1251, 75, 'Bochnia Rynek', 1.70, '00:01:02', '2015-08-11 11:03:43', '2015-08-12 15:56:59'),
	(1252, 75, 'Bo-Glass', 5.14, '00:00:00', '2015-08-11 11:03:43', '2015-08-12 15:56:59'),
	(1253, 75, 'Lapanow', 8.40, '00:05:54', '2015-08-11 11:03:43', '2015-08-12 15:56:59'),
	(1254, 75, 'Lapanow - Laskowa', 23.30, '00:13:09', '2015-08-11 11:03:44', '2015-08-12 15:56:59'),
	(1255, 75, 'Laskowa - Krosna', 7.24, '00:00:00', '2015-08-11 11:03:44', '2015-08-12 15:56:59'),
	(1256, 75, 'Krosna - Bilsko', 11.47, '00:06:49', '2015-08-11 11:03:44', '2015-08-12 15:56:59'),
	(1257, 75, 'Bilsko - Iwkowa', 11.89, '00:00:00', '2015-08-11 11:03:44', '2015-08-12 15:56:59'),
	(1258, 75, 'Iwkowa - Lipnica Murowana', 13.94, '00:08:07', '2015-08-11 11:03:44', '2015-08-12 15:56:59'),
	(1259, 75, 'Lipnica Murowana - Nowy Wisnicz', 8.85, '00:05:58', '2015-08-11 11:03:44', '2015-08-12 15:56:59'),
	(1260, 75, 'Nowy Wisnicz - Bochnia', 7.86, '00:04:42', '2015-08-11 11:03:44', '2015-08-12 15:56:59'),
	(1261, 75, 'Bochnia Rynek 2', 1.70, '00:01:04', '2015-08-11 11:03:44', '2015-08-12 15:56:59'),
	(1262, 75, 'Rzezawa - Nowe Brzesko', 25.68, '00:16:22', '2015-08-11 11:03:44', '2015-08-12 15:56:59'),
	(1263, 75, 'Nowe Brzesko - Niepolomice', 20.37, '00:12:59', '2015-08-11 11:03:44', '2015-08-12 15:56:59'),
	(1264, 75, 'Niepolomice - Bochnia', 20.17, '00:12:38', '2015-08-11 11:03:44', '2015-08-12 15:56:59'),
	(1265, 75, 'Bochnia Rynek 3', 1.70, '00:00:00', '2015-08-11 11:03:44', '2015-08-12 15:56:59'),
	(1268, 76, 'Krakow Rynek', 2.85, '00:00:00', '2015-08-11 11:13:27', '2015-08-12 15:56:59'),
	(1269, 76, 'Kazimierz - Ruczaj', 5.69, '00:00:00', '2015-08-11 11:13:27', '2015-08-12 15:56:59'),
	(1270, 76, 'Ruczaj - Skawina', 9.39, '00:06:31', '2015-08-11 11:13:27', '2015-08-12 15:56:59'),
	(1271, 76, 'Skawina - Liszki', 14.27, '00:09:18', '2015-08-11 11:13:28', '2015-08-12 15:56:59'),
	(1272, 76, 'Liszki - Brzoskwinia', 10.50, '00:06:06', '2015-08-11 11:13:28', '2015-08-12 15:56:59'),
	(1273, 76, 'Brzoskwinia - Zabierzow', 10.53, '00:06:52', '2015-08-11 11:13:28', '2015-08-12 15:56:59'),
	(1274, 76, 'Zabierzow - Skala', 21.37, '00:00:00', '2015-08-11 11:13:28', '2015-08-12 15:56:59'),
	(1275, 76, 'Skala - Miechow', 28.10, '00:16:35', '2015-08-11 11:13:28', '2015-08-12 15:56:59'),
	(1276, 76, 'Miechow - Slomniki', 15.97, '00:00:00', '2015-08-11 11:13:28', '2015-08-12 15:56:59'),
	(1277, 76, 'Slomniki - Proszowice', 17.88, '00:12:13', '2015-08-11 11:13:28', '2015-08-12 15:56:59'),
	(1278, 76, 'Proszowice - Nowa Huta', 24.31, '00:16:44', '2015-08-11 11:13:28', '2015-08-12 15:56:59'),
	(1279, 76, 'Nowa Huta - Plaszow', 17.54, '00:10:42', '2015-08-11 11:13:28', '2015-08-12 15:56:59'),
	(1280, 76, 'Plaszow - Wieliczka', 10.43, '00:00:00', '2015-08-11 11:13:28', '2015-08-12 15:56:59'),
	(1281, 76, 'Wieliczka - Rybitwy', 10.48, '00:06:32', '2015-08-11 11:13:28', '2015-08-12 15:56:59'),
	(1282, 76, 'Rybitwy - Wawel', 7.85, '00:00:00', '2015-08-11 11:13:28', '2015-08-12 15:56:59'),
	(1283, 76, 'Krakow Rynek 2', 2.85, '00:00:00', '2015-08-11 11:13:28', '2015-08-12 15:56:59'),
	(1285, 77, 'Gdansk - Gdynia', 34.19, '00:20:06', '2015-08-11 11:24:14', '2015-08-12 15:56:59'),
	(1286, 77, 'Gdynia - Puck', 32.30, '00:20:00', '2015-08-11 11:24:14', '2015-08-12 15:56:59'),
	(1287, 77, 'Gdynia - Wladyslawowo', 14.39, '00:09:31', '2015-08-11 11:24:14', '2015-08-12 15:56:59'),
	(1288, 77, 'Wladyslawowo - Hel', 34.45, '00:00:00', '2015-08-11 11:24:14', '2015-08-12 15:56:59'),
	(1289, 77, 'Debki - Leba', 40.23, '00:00:00', '2015-08-11 11:24:14', '2015-08-12 15:56:59'),
	(1290, 77, 'Leba - Lebork', 29.90, '00:19:16', '2015-08-11 11:24:14', '2015-08-12 15:56:59'),
	(1291, 77, 'Lebork - Damno', 32.48, '00:00:00', '2015-08-11 11:24:14', '2015-08-12 15:56:59'),
	(1292, 77, 'Damno - Slupsk', 22.97, '00:14:06', '2015-08-11 11:24:14', '2015-08-12 15:56:59'),
	(1293, 77, 'Slupsk - Ustka', 18.97, '00:00:00', '2015-08-11 11:24:14', '2015-08-12 15:56:59'),
	(1294, 77, 'Ustka - Jaroslawiec', 28.54, '00:18:05', '2015-08-11 11:24:14', '2015-08-12 15:56:59'),
	(1295, 77, 'Jaroslawiec - Darlowo', 17.41, '00:00:00', '2015-08-11 11:24:14', '2015-08-12 15:56:59'),
	(1296, 77, 'Darlowo - Lazy', 27.65, '00:18:49', '2015-08-11 11:24:14', '2015-08-12 15:56:59'),
	(1297, 77, 'Lazy - Mielno', 9.59, '00:06:02', '2015-08-11 11:24:14', '2015-08-12 15:56:59'),
	(1298, 77, 'Mielno - Gaski', 10.66, '00:06:14', '2015-08-11 11:24:14', '2015-08-12 15:56:59'),
	(1299, 77, 'Gaski - Ustronie', 12.83, '00:00:00', '2015-08-11 11:24:15', '2015-08-12 15:56:59'),
	(1300, 77, 'Ustronie - Kolobrzeg', 13.68, '00:08:41', '2015-08-11 11:24:15', '2015-08-12 15:56:59'),
	(1301, 77, 'Kolobrzeg Rynek 1', 1.40, '00:00:00', '2015-08-11 11:24:15', '2015-08-12 15:56:59'),
	(1302, 78, 'Upper Old Hastings', 11.46, '00:00:00', '2015-08-11 11:38:06', '2015-08-12 15:56:59'),
	(1303, 78, 'Peanut 101', 15.14, '00:09:06', '2015-08-11 11:38:07', '2015-08-12 15:56:59'),
	(1304, 78, 'Upper Old Hastings 2', 11.46, '00:07:00', '2015-08-11 11:38:07', '2015-08-12 15:56:59'),
	(1305, 78, 'Old Detlor', 12.38, '00:07:34', '2015-08-11 11:38:07', '2015-08-12 15:56:59'),
	(1306, 78, 'Iron Bridge', 7.45, '00:05:08', '2015-08-11 11:38:07', '2015-08-12 15:56:59'),
	(1307, 78, 'Mayo Lake 101', 30.78, '00:17:09', '2015-08-11 11:38:07', '2015-08-12 15:56:59'),
	(1308, 78, 'Iron Bridge 2', 7.45, '00:00:00', '2015-08-11 11:38:07', '2015-08-12 15:56:59'),
	(1309, 78, 'Egan Creek', 27.95, '00:00:00', '2015-08-11 11:38:07', '2015-08-12 15:56:59'),
	(1310, 78, 'Lower Old Hastings', 14.73, '00:00:00', '2015-08-11 11:38:07', '2015-08-12 15:56:59'),
	(1311, 78, 'Middle Old Hastings', 7.25, '00:04:01', '2015-08-11 11:38:07', '2015-08-12 15:56:59'),
	(1312, 78, 'Golton', 2.17, '00:01:25', '2015-08-11 11:38:07', '2015-08-12 15:56:59'),
	(1313, 78, 'Golton 2', 2.17, '00:01:22', '2015-08-11 11:38:07', '2015-08-12 15:56:59'),
	(1314, 78, 'Egan 101', 31.93, '00:00:00', '2015-08-11 11:38:07', '2015-08-12 15:56:59'),
	(1315, 78, 'Lower Old Hastings 2', 14.73, '00:00:00', '2015-08-11 11:38:07', '2015-08-12 15:56:59'),
	(1316, 78, 'Middle Old Hastings', 7.22, '00:04:16', '2015-08-11 11:38:08', '2015-08-12 15:56:59'),
	(1319, 79, 'Transfagarasan Cascada', 9.59, '00:06:01', '2015-08-11 11:57:54', '2015-08-12 15:56:59'),
	(1320, 79, 'Transfagarasan Lac', 6.24, '00:03:54', '2015-08-11 11:57:54', '2015-08-12 15:56:59'),
	(1321, 79, 'Transfagarasan Lac 2', 6.24, '00:00:00', '2015-08-11 11:57:54', '2015-08-12 15:56:59'),
	(1322, 79, 'Transfagarasan Cascada 2', 9.59, '00:06:03', '2015-08-11 11:57:54', '2015-08-12 15:56:59'),
	(1323, 79, 'Baraj', 17.95, '00:10:08', '2015-08-11 11:57:55', '2015-08-12 15:56:59'),
	(1324, 79, 'Ilielaita', 9.99, '00:00:00', '2015-08-11 11:57:55', '2015-08-12 15:56:59'),
	(1325, 79, 'Fata Padurii', 14.38, '00:08:37', '2015-08-11 11:57:55', '2015-08-12 15:56:59'),
	(1326, 79, 'Baraj 2', 17.95, '00:10:08', '2015-08-11 11:57:55', '2015-08-12 15:56:59'),
	(1327, 79, 'Ilielaita 2', 9.99, '00:05:07', '2015-08-11 11:57:55', '2015-08-12 15:56:59'),
	(1328, 79, 'Fata Padurii 2', 14.38, '00:00:00', '2015-08-11 11:57:55', '2015-08-12 15:56:59'),
	(1329, 79, 'Paltinis', 9.75, '00:06:05', '2015-08-11 11:57:55', '2015-08-12 15:56:59'),
	(1330, 79, 'Paltinis Ski Resort', 15.89, '00:09:12', '2015-08-11 11:57:55', '2015-08-12 15:56:59'),
	(1331, 79, 'Sadu', 8.39, '00:00:00', '2015-08-11 11:57:55', '2015-08-12 15:56:59'),
	(1332, 79, 'Muncel', 29.39, '00:00:00', '2015-08-11 11:57:55', '2015-08-12 15:56:59'),
	(1333, 79, 'Paltinis Ski Resort 2', 15.89, '00:10:12', '2015-08-11 11:57:55', '2015-08-12 15:56:59'),
	(1334, 79, 'Muzeu', 3.52, '00:02:08', '2015-08-11 11:57:55', '2015-08-12 15:56:59'),
	(1335, 79, 'Sadu 2', 8.39, '00:05:28', '2015-08-11 11:57:55', '2015-08-12 15:56:59');
/*!40000 ALTER TABLE `rally_data_stage` ENABLE KEYS */;


-- Dumping structure for table ral.rally_data_surface
DROP TABLE IF EXISTS `rally_data_surface`;
CREATE TABLE IF NOT EXISTS `rally_data_surface` (
  `id` int(11) NOT NULL AUTO_INCREMENT,
  `rally_id` int(11) DEFAULT NULL,
  `surface` varchar(255) DEFAULT NULL,
  `percentage` float(4,2) DEFAULT NULL,
  `created_at` datetime NOT NULL,
  `updated_at` datetime NOT NULL,
  PRIMARY KEY (`id`),
  KEY `rally_id_idx` (`rally_id`)
) ENGINE=MyISAM AUTO_INCREMENT=158 DEFAULT CHARSET=utf8;

-- Dumping data for table ral.rally_data_surface: 143 rows
DELETE FROM `rally_data_surface`;
/*!40000 ALTER TABLE `rally_data_surface` DISABLE KEYS */;
INSERT INTO `rally_data_surface` (`id`, `rally_id`, `surface`, `percentage`, `created_at`, `updated_at`) VALUES
	(1, 1, 'tarmac', 95.00, '2015-08-08 12:50:19', '2015-08-08 12:50:19'),
	(2, 1, 'gravel', 5.00, '2015-08-08 12:50:19', '2015-08-08 12:50:19'),
	(3, 2, 'snow', 99.99, '2015-08-08 12:56:21', '2015-08-08 12:56:21'),
	(4, 3, 'gravel', 99.99, '2015-08-08 13:01:41', '2015-08-08 13:01:41'),
	(5, 4, 'gravel', 99.99, '2015-08-08 13:05:32', '2015-08-08 13:05:32'),
	(6, 4, 'rain', 20.00, '2015-08-08 13:05:32', '2015-08-08 13:05:32'),
	(7, 5, 'gravel', 95.00, '2015-08-08 13:09:53', '2015-08-08 13:09:53'),
	(8, 5, 'tarmac', 5.00, '2015-08-08 13:09:53', '2015-08-08 13:09:53'),
	(9, 5, 'rain', 15.00, '2015-08-08 13:09:53', '2015-08-08 13:09:53'),
	(10, 6, 'gravel', 93.00, '2015-08-08 14:53:32', '2015-08-08 14:53:32'),
	(11, 6, 'tarmac', 7.00, '2015-08-08 14:53:32', '2015-08-08 14:53:32'),
	(12, 6, 'rain', 20.00, '2015-08-08 14:53:32', '2015-08-08 14:53:32'),
	(13, 7, 'gravel', 63.00, '2015-08-08 14:58:53', '2015-08-08 14:58:53'),
	(14, 7, 'tarmac', 37.00, '2015-08-08 14:58:53', '2015-08-08 14:58:53'),
	(15, 7, 'rain', 31.00, '2015-08-08 14:58:53', '2015-08-08 14:58:53'),
	(16, 8, 'gravel', 79.00, '2015-08-08 17:48:37', '2015-08-08 17:48:37'),
	(17, 8, 'tarmac', 21.00, '2015-08-08 17:48:37', '2015-08-08 17:48:37'),
	(18, 8, 'rain', 7.00, '2015-08-08 17:48:37', '2015-08-08 17:48:37'),
	(19, 9, 'tarmac', 93.00, '2015-08-08 18:06:00', '2015-08-08 18:06:00'),
	(20, 9, 'gravel', 7.00, '2015-08-08 18:06:00', '2015-08-08 18:06:00'),
	(21, 9, 'rain', 5.00, '2015-08-08 18:06:00', '2015-08-08 18:06:00'),
	(22, 10, 'gravel', 99.99, '2015-08-08 18:15:39', '2015-08-08 18:15:39'),
	(23, 11, 'tarmac', 99.99, '2015-08-09 09:08:16', '2015-08-09 09:08:16'),
	(24, 11, 'rain', 5.00, '2015-08-09 09:08:16', '2015-08-09 09:08:16'),
	(25, 12, 'tarmac', 61.00, '2015-08-09 09:29:16', '2015-08-09 09:29:16'),
	(26, 12, 'gravel', 39.00, '2015-08-09 09:29:16', '2015-08-09 09:29:16'),
	(27, 12, 'rain', 11.00, '2015-08-09 09:29:16', '2015-08-09 09:29:16'),
	(28, 13, 'gravel', 93.00, '2015-08-09 09:33:26', '2015-08-09 09:33:26'),
	(29, 13, 'tarmac', 7.00, '2015-08-09 09:33:26', '2015-08-09 09:33:26'),
	(30, 13, 'rain', 56.00, '2015-08-09 09:33:26', '2015-08-09 09:33:26'),
	(31, 14, 'tarmac', 58.00, '2015-08-09 14:43:28', '2015-08-09 14:43:28'),
	(32, 14, 'snow', 42.00, '2015-08-09 14:43:28', '2015-08-09 14:43:28'),
	(33, 14, 'rain', 5.00, '2015-08-09 14:43:28', '2015-08-09 14:43:28'),
	(34, 15, 'gravel', 63.00, '2015-08-09 14:47:06', '2015-08-09 14:47:06'),
	(35, 15, 'snow', 37.00, '2015-08-09 14:47:06', '2015-08-09 14:47:06'),
	(36, 15, 'rain', 11.00, '2015-08-09 14:47:06', '2015-08-09 14:47:06'),
	(37, 16, 'tarmac', 99.99, '2015-08-09 18:29:55', '2015-08-09 18:29:55'),
	(38, 16, 'rain', 35.00, '2015-08-09 18:29:55', '2015-08-09 18:29:55'),
	(39, 17, 'gravel', 88.00, '2015-08-09 18:37:22', '2015-08-09 18:37:22'),
	(40, 17, 'tarmac', 12.00, '2015-08-09 18:37:22', '2015-08-09 18:37:22'),
	(41, 17, 'rain', 3.00, '2015-08-09 18:37:22', '2015-08-09 18:37:22'),
	(42, 18, 'tarmac', 99.99, '2015-08-10 10:35:26', '2015-08-10 10:35:26'),
	(43, 18, 'rain', 15.00, '2015-08-10 10:35:26', '2015-08-10 10:35:26'),
	(58, 26, 'gravel', 99.99, '2015-08-10 10:51:22', '2015-08-10 10:51:22'),
	(59, 26, 'rain', 15.00, '2015-08-10 10:51:22', '2015-08-10 10:51:22'),
	(60, 27, 'tarmac', 99.99, '2015-08-10 10:54:48', '2015-08-10 10:54:48'),
	(61, 27, 'rain', 11.00, '2015-08-10 10:54:48', '2015-08-10 10:54:48'),
	(62, 28, 'gravel', 99.99, '2015-08-10 10:57:37', '2015-08-10 10:57:37'),
	(63, 29, 'gravel', 99.99, '2015-08-10 11:00:38', '2015-08-10 11:00:38'),
	(64, 30, 'tarmac', 99.99, '2015-08-10 11:04:16', '2015-08-10 11:04:16'),
	(65, 30, 'rain', 15.00, '2015-08-10 11:04:16', '2015-08-10 11:04:16'),
	(66, 31, 'snow', 99.99, '2015-08-10 11:11:05', '2015-08-10 11:11:05'),
	(67, 31, 'rain', 5.00, '2015-08-10 11:11:05', '2015-08-10 11:11:05'),
	(68, 32, 'tarmac', 99.99, '2015-08-10 11:14:37', '2015-08-10 11:14:37'),
	(69, 33, 'tarmac', 99.99, '2015-08-10 11:21:17', '2015-08-10 11:21:17'),
	(70, 33, 'rain', 15.00, '2015-08-10 11:21:17', '2015-08-10 11:21:17'),
	(71, 34, 'gravel', 85.00, '2015-08-10 11:25:24', '2015-08-10 11:25:24'),
	(72, 34, 'tarmac', 15.00, '2015-08-10 11:25:24', '2015-08-10 11:25:24'),
	(73, 34, 'rain', 15.00, '2015-08-10 11:25:24', '2015-08-10 11:25:24'),
	(74, 35, 'tarmac', 99.99, '2015-08-10 11:27:51', '2015-08-10 11:27:51'),
	(75, 36, 'tarmac', 99.99, '2015-08-10 11:35:54', '2015-08-10 11:35:54'),
	(76, 36, 'rain', 11.00, '2015-08-10 11:35:54', '2015-08-10 11:35:54'),
	(77, 37, 'snow', 99.99, '2015-08-10 11:58:58', '2015-08-10 11:58:58'),
	(78, 38, 'snow', 85.00, '2015-08-10 12:01:22', '2015-08-10 12:01:22'),
	(79, 38, 'gravel', 15.00, '2015-08-10 12:01:23', '2015-08-10 12:01:23'),
	(80, 38, 'rain', 10.00, '2015-08-10 12:01:23', '2015-08-10 12:01:23'),
	(81, 39, 'snow', 99.99, '2015-08-10 12:04:32', '2015-08-10 12:04:32'),
	(82, 39, 'rain', 11.00, '2015-08-10 12:04:32', '2015-08-10 12:04:32'),
	(83, 40, 'snow', 99.99, '2015-08-10 12:14:12', '2015-08-10 12:14:12'),
	(84, 41, 'snow', 69.00, '2015-08-10 12:16:39', '2015-08-10 12:16:39'),
	(85, 41, 'gravel', 31.00, '2015-08-10 12:16:39', '2015-08-10 12:16:39'),
	(86, 41, 'rain', 5.00, '2015-08-10 12:16:40', '2015-08-10 12:16:40'),
	(87, 42, 'gravel', 61.00, '2015-08-10 12:19:14', '2015-08-10 12:19:14'),
	(88, 42, 'snow', 39.00, '2015-08-10 12:19:14', '2015-08-10 12:19:14'),
	(89, 43, 'snow', 89.00, '2015-08-10 12:45:01', '2015-08-10 12:45:01'),
	(90, 43, 'gravel', 11.00, '2015-08-10 12:45:01', '2015-08-10 12:45:01'),
	(91, 43, 'rain', 15.00, '2015-08-10 12:45:01', '2015-08-10 12:45:01'),
	(92, 44, 'snow', 78.00, '2015-08-10 12:56:06', '2015-08-10 12:56:06'),
	(93, 44, 'gravel', 22.00, '2015-08-10 12:56:06', '2015-08-10 12:56:06'),
	(94, 44, 'rain', 11.00, '2015-08-10 12:56:06', '2015-08-10 12:56:06'),
	(95, 45, 'snow', 99.99, '2015-08-10 13:00:49', '2015-08-10 13:00:49'),
	(96, 46, 'snow', 89.00, '2015-08-10 13:05:04', '2015-08-10 13:05:04'),
	(97, 46, 'gravel', 11.00, '2015-08-10 13:05:04', '2015-08-10 13:05:04'),
	(98, 47, 'snow', 99.99, '2015-08-10 13:16:42', '2015-08-10 13:16:42'),
	(99, 47, 'rain', 33.00, '2015-08-10 13:16:42', '2015-08-10 13:16:42'),
	(100, 48, 'snow', 91.00, '2015-08-10 13:18:36', '2015-08-10 13:18:36'),
	(101, 48, 'gravel', 9.00, '2015-08-10 13:18:36', '2015-08-10 13:18:36'),
	(102, 48, 'rain', 3.00, '2015-08-10 13:18:36', '2015-08-10 13:18:36'),
	(104, 49, 'gravel', 21.00, '2015-08-10 15:12:07', '2015-08-10 15:12:07'),
	(103, 49, 'snow', 79.00, '2015-08-10 15:12:07', '2015-08-10 15:12:07'),
	(106, 50, 'rain', 45.00, '2015-08-10 15:21:49', '2015-08-10 15:21:49'),
	(105, 50, 'snow', 99.99, '2015-08-10 15:21:49', '2015-08-10 15:21:49'),
	(108, 51, 'snow', 11.00, '2015-08-10 15:24:01', '2015-08-10 15:24:01'),
	(107, 51, 'snow', 99.99, '2015-08-10 15:24:01', '2015-08-10 15:24:01'),
	(110, 52, 'gravel', 2.00, '2015-08-10 15:30:10', '2015-08-10 15:30:10'),
	(109, 52, 'tarmac', 98.00, '2015-08-10 15:30:10', '2015-08-10 15:30:10'),
	(112, 53, 'gravel', 42.00, '2015-08-10 15:36:15', '2015-08-10 15:36:15'),
	(111, 53, 'tarmac', 58.00, '2015-08-10 15:36:15', '2015-08-10 15:36:15'),
	(113, 54, 'tarmac', 99.99, '2015-08-10 15:38:49', '2015-08-10 15:38:49'),
	(115, 55, 'gravel', 49.00, '2015-08-10 15:41:57', '2015-08-10 15:41:57'),
	(114, 55, 'tarmac', 51.00, '2015-08-10 15:41:57', '2015-08-10 15:41:57'),
	(116, 56, 'gravel', 99.99, '2015-08-10 15:44:48', '2015-08-10 15:44:48'),
	(117, 57, 'tarmac', 99.99, '2015-08-10 15:48:24', '2015-08-10 15:48:24'),
	(118, 57, 'rain', 28.00, '2015-08-10 15:48:24', '2015-08-10 15:48:24'),
	(119, 58, 'tarmac', 99.99, '2015-08-10 15:50:44', '2015-08-10 15:50:44'),
	(120, 59, 'gravel', 75.00, '2015-08-10 15:54:30', '2015-08-10 15:54:30'),
	(121, 59, 'tarmac', 25.00, '2015-08-10 15:54:30', '2015-08-10 15:54:30'),
	(122, 60, 'tarmac', 99.99, '2015-08-10 16:20:57', '2015-08-10 16:20:57'),
	(123, 60, 'rain', 11.00, '2015-08-10 16:20:57', '2015-08-10 16:20:57'),
	(124, 61, 'tarmac', 99.99, '2015-08-10 16:27:13', '2015-08-10 16:27:13'),
	(125, 62, 'tarmac', 99.99, '2015-08-10 16:29:02', '2015-08-10 16:29:02'),
	(126, 63, 'tarmac', 87.00, '2015-08-10 16:31:41', '2015-08-10 16:31:41'),
	(127, 63, 'gravel', 13.00, '2015-08-10 16:31:41', '2015-08-10 16:31:41'),
	(128, 63, 'rain', 17.00, '2015-08-10 16:31:41', '2015-08-10 16:31:41'),
	(129, 64, 'gravel', 99.99, '2015-08-10 16:38:22', '2015-08-10 16:38:22'),
	(130, 65, 'tarmac', 87.00, '2015-08-10 16:41:16', '2015-08-10 16:41:16'),
	(131, 65, 'gravel', 13.00, '2015-08-10 16:41:16', '2015-08-10 16:41:16'),
	(132, 65, 'rain', 5.00, '2015-08-10 16:41:16', '2015-08-10 16:41:16'),
	(133, 66, 'tarmac', 99.99, '2015-08-10 16:47:23', '2015-08-10 16:47:23'),
	(134, 67, 'gravel', 99.99, '2015-08-10 16:50:08', '2015-08-10 16:50:08'),
	(135, 68, 'gravel', 73.00, '2015-08-10 16:52:25', '2015-08-10 16:52:25'),
	(136, 68, 'tarmac', 27.00, '2015-08-10 16:52:25', '2015-08-10 16:52:25'),
	(137, 68, 'rain', 11.00, '2015-08-10 16:52:25', '2015-08-10 16:52:25'),
	(138, 69, 'tarmac', 99.99, '2015-08-10 16:54:38', '2015-08-10 16:54:38'),
	(139, 69, 'rain', 73.00, '2015-08-10 16:54:38', '2015-08-10 16:54:38'),
	(140, 70, 'gravel', 99.99, '2015-08-10 17:20:46', '2015-08-10 17:20:46'),
	(141, 71, 'gravel', 99.99, '2015-08-10 17:24:19', '2015-08-10 17:24:19'),
	(142, 72, 'tarmac', 61.00, '2015-08-10 17:28:34', '2015-08-10 17:28:34'),
	(143, 72, 'gravel', 39.00, '2015-08-10 17:28:35', '2015-08-10 17:28:35'),
	(144, 72, 'rain', 18.00, '2015-08-10 17:28:35', '2015-08-10 17:28:35'),
	(145, 73, 'tarmac', 99.99, '2015-08-10 17:30:34', '2015-08-10 17:30:34'),
	(146, 74, 'tarmac', 67.00, '2015-08-10 17:47:58', '2015-08-10 17:47:58'),
	(147, 74, 'gravel', 33.00, '2015-08-10 17:47:58', '2015-08-10 17:47:58'),
	(148, 75, 'tarmac', 99.99, '2015-08-11 11:03:43', '2015-08-11 11:03:43'),
	(149, 75, 'rain', 5.00, '2015-08-11 11:03:43', '2015-08-11 11:03:43'),
	(150, 76, 'tarmac', 73.00, '2015-08-11 11:13:27', '2015-08-11 11:13:27'),
	(151, 76, 'gravel', 27.00, '2015-08-11 11:13:27', '2015-08-11 11:13:27'),
	(152, 76, 'rain', 21.00, '2015-08-11 11:13:27', '2015-08-11 11:13:27'),
	(153, 77, 'gravel', 73.00, '2015-08-11 11:24:13', '2015-08-11 11:24:13'),
	(154, 77, 'tarmac', 27.00, '2015-08-11 11:24:13', '2015-08-11 11:24:13'),
	(155, 77, 'rain', 11.00, '2015-08-11 11:24:13', '2015-08-11 11:24:13'),
	(156, 78, 'gravel', 99.99, '2015-08-11 11:38:06', '2015-08-11 11:38:06'),
	(157, 79, 'gravel', 99.99, '2015-08-11 11:57:54', '2015-08-11 11:57:54');
/*!40000 ALTER TABLE `rally_data_surface` ENABLE KEYS */;


-- Dumping structure for table ral.rally_friendly
DROP TABLE IF EXISTS `rally_friendly`;
CREATE TABLE IF NOT EXISTS `rally_friendly` (
  `id` int(11) NOT NULL AUTO_INCREMENT,
  `rally_id` int(11) DEFAULT NULL,
  `user_id` int(11) DEFAULT NULL,
  `invite_only` tinyint(1) DEFAULT '0',
  `from_gold_member` tinyint(1) DEFAULT '0',
  `description` text NOT NULL,
  `start_friendly_date` datetime DEFAULT NULL,
  `created_at` datetime NOT NULL,
  `updated_at` datetime NOT NULL,
  `deleted_at` datetime DEFAULT NULL,
  PRIMARY KEY (`id`),
  KEY `rally_id_idx` (`rally_id`),
  KEY `rally_friendly_user_id_user_user_id` (`user_id`)
) ENGINE=MyISAM DEFAULT CHARSET=utf8;

-- Dumping data for table ral.rally_friendly: 0 rows
DELETE FROM `rally_friendly`;
/*!40000 ALTER TABLE `rally_friendly` DISABLE KEYS */;
/*!40000 ALTER TABLE `rally_friendly` ENABLE KEYS */;


-- Dumping structure for table ral.rally_friendly_invitations
DROP TABLE IF EXISTS `rally_friendly_invitations`;
CREATE TABLE IF NOT EXISTS `rally_friendly_invitations` (
  `id` int(11) NOT NULL AUTO_INCREMENT,
  `friendly_id` int(11) DEFAULT NULL,
  `user_id` int(11) DEFAULT NULL,
  `created_at` datetime NOT NULL,
  `updated_at` datetime NOT NULL,
  `deleted_at` datetime DEFAULT NULL,
  PRIMARY KEY (`id`),
  KEY `friendly_id_idx` (`friendly_id`),
  KEY `rally_friendly_invitations_user_id_user_user_id` (`user_id`)
) ENGINE=MyISAM DEFAULT CHARSET=utf8;

-- Dumping data for table ral.rally_friendly_invitations: 0 rows
DELETE FROM `rally_friendly_invitations`;
/*!40000 ALTER TABLE `rally_friendly_invitations` DISABLE KEYS */;
/*!40000 ALTER TABLE `rally_friendly_invitations` ENABLE KEYS */;


-- Dumping structure for table ral.rally_friendly_participants
DROP TABLE IF EXISTS `rally_friendly_participants`;
CREATE TABLE IF NOT EXISTS `rally_friendly_participants` (
  `id` int(11) NOT NULL AUTO_INCREMENT,
  `friendly_id` int(11) DEFAULT NULL,
  `crew_id` int(11) DEFAULT NULL,
  `user_id` int(11) DEFAULT NULL,
  `from_gold_member` tinyint(1) DEFAULT '0',
  `created_at` datetime NOT NULL,
  `updated_at` datetime NOT NULL,
  `deleted_at` datetime DEFAULT NULL,
  PRIMARY KEY (`id`),
  UNIQUE KEY `friendly_id_user_id` (`friendly_id`,`user_id`,`crew_id`),
  KEY `rally_friendly_participants_friendly_id_rally_friendly_id` (`friendly_id`),
  KEY `rally_friendly_participants_user_id_user_user_id` (`user_id`),
  KEY `rally_friendly_participants_crew_id_rally_crew_id` (`crew_id`)
) ENGINE=MyISAM DEFAULT CHARSET=utf8;

-- Dumping data for table ral.rally_friendly_participants: 0 rows
DELETE FROM `rally_friendly_participants`;
/*!40000 ALTER TABLE `rally_friendly_participants` DISABLE KEYS */;
/*!40000 ALTER TABLE `rally_friendly_participants` ENABLE KEYS */;


-- Dumping structure for table ral.rally_rally
DROP TABLE IF EXISTS `rally_rally`;
CREATE TABLE IF NOT EXISTS `rally_rally` (
  `id` int(11) NOT NULL AUTO_INCREMENT,
  `name` varchar(255) DEFAULT NULL,
  `description` text,
  `slug` varchar(255) DEFAULT NULL,
  `date` datetime DEFAULT NULL,
  `active` tinyint(1) DEFAULT '1',
  `league_rally` tinyint(1) NOT NULL DEFAULT '0',
  `surface` varchar(255) DEFAULT NULL,
  `league` float(10,2) NOT NULL DEFAULT '5.00',
  `big_awards` tinyint(1) NOT NULL DEFAULT '0',
  `finished` tinyint(1) NOT NULL DEFAULT '0',
  `friendly` tinyint(1) NOT NULL DEFAULT '0',
  `created_at` datetime NOT NULL,
  `updated_at` datetime NOT NULL,
  `deleted_at` datetime DEFAULT NULL,
  PRIMARY KEY (`id`)
) ENGINE=MyISAM AUTO_INCREMENT=104 DEFAULT CHARSET=utf8;

-- Dumping data for table ral.rally_rally: 0 rows
DELETE FROM `rally_rally`;
/*!40000 ALTER TABLE `rally_rally` DISABLE KEYS */;
INSERT INTO `rally_rally` (`id`, `name`, `description`, `slug`, `date`, `active`, `league_rally`, `surface`, `league`, `big_awards`, `finished`, `friendly`, `created_at`, `updated_at`, `deleted_at`) VALUES
	(1, 'Rally Monte Carlo', '', 'rally-monte-carlo', '2015-08-10 09:00:00', 1, 0, NULL, 1.00, 0, 1, 0, '2015-08-08 12:50:19', '2015-08-13 12:19:10', NULL),
	(2, 'Rally Sweden', '', 'rally-sweden', '2015-08-17 09:00:00', 1, 0, NULL, 1.00, 0, 0, 0, '2015-08-08 12:56:21', '2015-08-13 10:37:28', NULL),
	(3, 'Rally Guanajuato Mexico', '', 'rally-guanajuato-mexico', '2015-08-24 09:00:00', 1, 0, NULL, 1.00, 0, 0, 0, '2015-08-08 13:01:41', '2015-08-13 10:37:28', NULL),
	(4, 'XION RALLY ARGENTINA', '', 'xion-rally-argentina', '2015-08-31 09:00:00', 1, 0, NULL, 1.00, 0, 0, 0, '2015-08-08 13:05:32', '2015-08-13 10:37:28', NULL),
	(5, 'Rally de Portugal', '', 'rally-de-portugal', '2015-09-07 09:00:00', 1, 0, NULL, 1.00, 0, 0, 0, '2015-08-08 13:09:53', '2015-08-13 10:37:28', NULL),
	(6, 'RALLY ITALIA SARDEGNA', '', 'rally-italia-sardegna', '2015-09-14 09:00:00', 1, 0, NULL, 1.00, 0, 0, 0, '2015-08-08 14:53:32', '2015-08-13 10:37:28', NULL),
	(7, 'Rally Poland', '', 'rally-poland', '2015-09-21 09:00:00', 1, 0, NULL, 1.00, 0, 0, 0, '2015-08-08 14:58:53', '2015-08-13 10:37:28', NULL),
	(8, 'Rally Finland', '', 'rally-finland', '2015-09-28 09:00:00', 1, 0, NULL, 1.00, 0, 0, 0, '2015-08-08 17:48:37', '2015-08-13 10:37:28', NULL),
	(9, 'Rally Deutschland', '', 'rally-deutschland', '2015-10-05 09:00:00', 1, 0, NULL, 1.00, 0, 0, 0, '2015-08-08 18:05:59', '2015-08-13 10:37:28', NULL),
	(10, 'Rally Australia', '', 'rally-australia', '2015-10-12 09:00:00', 1, 0, NULL, 1.00, 0, 0, 0, '2015-08-08 18:15:39', '2015-08-13 10:37:28', NULL),
	(11, 'Tour de Corse', '', 'tour-de-corse', '2015-10-19 09:00:00', 1, 0, NULL, 1.00, 0, 0, 0, '2015-08-09 09:08:15', '2015-08-13 10:37:28', NULL),
	(12, 'Rally Catalunya', '', 'rally-catalunya', '2015-10-26 09:00:00', 1, 0, NULL, 1.00, 0, 0, 0, '2015-08-09 09:29:15', '2015-08-13 10:37:43', NULL),
	(13, 'Wales Rally', '', 'wales-rally', '2015-08-11 09:00:00', 1, 0, NULL, 1.00, 0, 1, 0, '2015-08-09 09:33:26', '2015-08-13 10:58:42', NULL),
	(14, 'Janner Rally', '', 'janner-rally', '2015-08-18 09:00:00', 1, 0, NULL, 1.00, 0, 0, 0, '2015-08-09 14:43:27', '2015-08-13 10:37:43', NULL),
	(15, 'Rally Liepāja', '', 'rally-liepaja', '2015-08-25 09:00:00', 1, 0, NULL, 1.00, 0, 0, 0, '2015-08-09 14:47:06', '2015-08-13 10:37:43', NULL),
	(16, 'Rally Ireland', '', 'rally-ireland', '2015-09-01 09:00:00', 1, 0, NULL, 1.00, 0, 0, 0, '2015-08-09 18:29:55', '2015-08-13 10:37:43', NULL),
	(17, 'Rally Azores', '', 'rally-azores', '2015-09-08 09:00:00', 1, 0, NULL, 1.00, 0, 0, 0, '2015-08-09 18:37:22', '2015-08-13 10:37:43', NULL),
	(18, 'Ypres Rally', '', 'ypres-rally', '2015-09-15 09:00:00', 1, 0, NULL, 1.00, 0, 0, 0, '2015-08-10 10:35:26', '2015-08-13 10:37:43', NULL),
	(26, 'Rally Estonia', '', 'rally-estonia', '2015-09-22 09:00:00', 1, 0, NULL, 1.00, 0, 0, 0, '2015-08-10 10:51:22', '2015-08-13 10:37:43', NULL),
	(27, 'Rally Zlin', '', 'rally-zlin', '2015-09-29 09:00:00', 1, 0, NULL, 1.00, 0, 0, 0, '2015-08-10 10:54:48', '2015-08-13 10:37:43', NULL),
	(28, 'Cyprus Rally', '', 'cyprus-rally', '2015-10-06 09:00:00', 1, 0, NULL, 1.00, 0, 0, 0, '2015-08-10 10:57:37', '2015-08-13 10:37:43', NULL),
	(29, 'Acropolis Rally', '', 'acropolis-rally', '2015-10-13 09:00:00', 1, 0, NULL, 1.00, 0, 0, 0, '2015-08-10 11:00:38', '2015-08-13 10:37:43', NULL),
	(30, 'Rallye du Valais', '', 'rallye-du-valais', '2015-10-20 09:00:00', 1, 0, NULL, 1.00, 0, 0, 0, '2015-08-10 11:04:16', '2015-08-13 10:37:43', NULL),
	(31, 'Rajd Arlamow', '', 'rajd-arlamow', '2015-10-27 09:00:00', 1, 0, NULL, 1.00, 0, 0, 0, '2015-08-10 11:11:05', '2015-08-13 10:37:43', NULL),
	(32, 'Rajd Dolnoslaski', '', 'rajd-dolnoslaski', '2015-08-12 09:00:00', 1, 0, NULL, 1.00, 0, 1, 0, '2015-08-10 11:14:37', '2015-08-13 10:58:42', NULL),
	(33, 'Rajd Karkonoski', '', 'rajd-karkonoski', '2015-08-19 09:00:00', 1, 0, NULL, 1.00, 0, 0, 0, '2015-08-10 11:21:17', '2015-08-13 10:37:43', NULL),
	(34, 'Rajd Baltic Cup', '', 'rajd-baltic-cup', '2015-08-26 09:00:00', 1, 0, NULL, 1.00, 0, 0, 0, '2015-08-10 11:25:24', '2015-08-13 10:37:43', NULL),
	(35, 'Rajd Rzeszowski', '', 'rajd-rzeszowski', '2015-09-02 09:00:00', 1, 0, NULL, 1.00, 0, 0, 0, '2015-08-10 11:27:51', '2015-08-13 10:37:43', NULL),
	(36, 'Rajd Swidnicki', '', 'rajd-swidnicki', '2015-09-09 09:00:00', 1, 0, NULL, 1.00, 0, 0, 0, '2015-08-10 11:35:54', '2015-08-13 10:37:43', NULL),
	(37, 'Cochrane Winter Rally', '', 'cochrane-winter-rally', '2015-09-16 09:00:00', 1, 0, NULL, 1.00, 0, 0, 0, '2015-08-10 11:58:56', '2015-08-13 10:37:43', NULL),
	(38, 'Rally Russia', '', 'rally-russia', '2015-09-23 09:00:00', 1, 0, NULL, 1.00, 0, 0, 0, '2015-08-10 12:01:22', '2015-08-13 10:37:43', NULL),
	(39, 'Ostersund Winter Rally', '', 'ostersund-winter-rally', '2015-09-30 09:00:00', 1, 0, NULL, 1.00, 0, 0, 0, '2015-08-10 12:04:32', '2015-08-13 10:37:43', NULL),
	(40, 'Aurskog Holand Rally', '', 'aurskog-holand-rally', '2015-10-07 09:00:00', 1, 0, NULL, 1.00, 0, 0, 0, '2015-08-10 12:14:12', '2015-08-13 10:37:43', NULL),
	(41, 'Rally Elverum', '', 'rally-elverum', '2015-10-14 09:00:00', 1, 0, NULL, 1.00, 0, 0, 0, '2015-08-10 12:16:39', '2015-08-13 10:37:43', NULL),
	(42, 'Rally Hadeland', '', 'rally-hadeland', '2015-10-21 09:00:00', 1, 0, NULL, 1.00, 0, 0, 0, '2015-08-10 12:19:14', '2015-08-13 10:37:43', NULL),
	(43, 'Rally Hedemarken', '', 'rally-hedemarken', '2015-10-28 09:00:00', 1, 0, NULL, 1.00, 0, 0, 0, '2015-08-10 12:45:01', '2015-08-13 10:37:43', NULL),
	(44, 'Mountain Rally Norway', '', 'mountain-rally-norway', '2015-08-13 09:00:00', 1, 0, NULL, 1.00, 0, 0, 0, '2015-08-10 12:56:06', '2015-08-13 10:37:43', NULL),
	(45, 'Rally Norway', '', 'rally-norway', '2015-08-20 09:00:00', 1, 0, NULL, 1.00, 0, 0, 0, '2015-08-10 13:00:49', '2015-08-13 10:37:43', NULL),
	(46, 'Numedalsrally', '', 'numedalsrally', '2015-08-27 09:00:00', 1, 0, NULL, 1.00, 0, 0, 0, '2015-08-10 13:05:04', '2015-08-13 10:37:43', NULL),
	(47, 'Sigdalsrally', '', 'sigdalsrally', '2015-09-03 09:00:00', 1, 0, NULL, 1.00, 0, 0, 0, '2015-08-10 13:16:42', '2015-08-13 10:37:43', NULL),
	(48, 'Rally Sokndal', '', 'rally-sokndal', '2015-09-10 09:00:00', 1, 0, NULL, 1.00, 0, 0, 0, '2015-08-10 13:18:36', '2015-08-13 10:37:43', NULL),
	(49, 'Rally Sorland', '', 'rally-sorland', '2015-09-17 09:00:00', 1, 0, NULL, 1.00, 0, 0, 0, '2015-08-10 15:12:06', '2015-08-13 10:37:43', NULL),
	(50, 'Rally Telemark', '', 'rally-telemark', '2015-09-24 09:00:00', 1, 0, NULL, 1.00, 0, 0, 0, '2015-08-10 15:21:49', '2015-08-13 10:37:43', NULL),
	(51, 'Arctic Lapland Rally', '', 'arctic-lapland-rally', '2015-10-01 09:00:00', 1, 0, NULL, 1.00, 0, 0, 0, '2015-08-10 15:24:01', '2015-08-13 10:37:43', NULL),
	(52, 'Wechselland Rallye', '', 'wechselland-rallye', '2015-10-08 09:00:00', 1, 0, NULL, 1.00, 0, 0, 0, '2015-08-10 15:30:10', '2015-08-13 10:37:43', NULL),
	(53, 'Rally Barbados 2014', '', 'rally-barbados-2014', '2015-10-15 09:00:00', 1, 0, NULL, 1.00, 0, 0, 0, '2015-08-10 15:36:15', '2015-08-13 10:37:43', NULL),
	(54, 'TAC Rally', '', 'tac-rally', '2015-10-22 09:00:00', 1, 0, NULL, 1.00, 0, 0, 0, '2015-08-10 15:38:49', '2015-08-13 10:37:43', NULL),
	(55, 'Rallye de Wallonie', '', 'rallye-de-wallonie', '2015-10-29 09:00:00', 1, 0, NULL, 1.00, 0, 0, 0, '2015-08-10 15:41:57', '2015-08-13 10:37:43', NULL),
	(56, 'Rally de Curitiba', '', 'rally-de-curitiba', '2015-08-14 09:00:00', 1, 0, NULL, 1.00, 0, 0, 0, '2015-08-10 15:44:46', '2015-08-13 10:37:43', NULL),
	(57, 'Rally Bulgaria', '', 'rally-bulgaria', '2015-08-21 09:00:00', 1, 0, NULL, 1.00, 0, 0, 0, '2015-08-10 15:48:24', '2015-08-13 10:37:43', NULL),
	(58, 'Rally Croatia', '', 'rally-croatia', '2015-08-28 09:00:00', 1, 0, NULL, 1.00, 0, 0, 0, '2015-08-10 15:50:44', '2015-08-13 10:37:43', NULL),
	(59, 'Rally Agropa', '', 'rally-agropa', '2015-09-04 09:00:00', 1, 0, NULL, 1.00, 0, 0, 0, '2015-08-10 15:54:30', '2015-08-13 10:37:43', NULL),
	(60, 'Rally Bohemia', '', 'rally-bohemia', '2015-09-11 09:00:00', 1, 0, NULL, 1.00, 0, 0, 0, '2015-08-10 16:20:57', '2015-08-13 10:37:43', NULL),
	(61, 'Rallye Lyon - Charbonnieres', '', 'rallye-lyon-charbonnieres', '2015-09-18 09:00:00', 1, 0, NULL, 1.00, 0, 0, 0, '2015-08-10 16:27:13', '2015-08-13 10:37:43', NULL),
	(62, 'Rallye du Touquet', '', 'rallye-du-touquet', '2015-09-25 09:00:00', 1, 0, NULL, 1.00, 0, 0, 0, '2015-08-10 16:29:02', '2015-08-13 10:37:43', NULL),
	(63, 'Rallye Erzgebirge', '', 'rallye-erzgebirge', '2015-10-02 09:00:00', 1, 0, NULL, 1.00, 0, 0, 0, '2015-08-10 16:31:41', '2015-08-13 10:37:43', NULL),
	(64, 'Rally Jamaica', '', 'rally-jamaica', '2015-10-09 09:00:00', 1, 0, NULL, 1.00, 0, 0, 0, '2015-08-10 16:38:22', '2015-08-13 10:37:43', NULL),
	(65, 'Hellendoorn Rally', '', 'hellendoorn-rally', '2015-10-16 09:00:00', 1, 0, NULL, 1.00, 0, 0, 0, '2015-08-10 16:41:16', '2015-08-13 10:37:43', NULL),
	(66, 'Rallye de Luxembourg', '', 'rallye-de-luxembourg', '2015-10-23 09:00:00', 1, 0, NULL, 1.00, 0, 0, 0, '2015-08-10 16:47:23', '2015-08-13 10:37:43', NULL),
	(67, 'Qatar Rally', '', 'qatar-rally', '2015-10-30 09:00:00', 1, 0, NULL, 1.00, 0, 0, 0, '2015-08-10 16:50:08', '2015-08-13 10:37:43', NULL),
	(68, 'Rally Presov', '', 'rally-presov', '2015-08-15 09:00:00', 1, 0, NULL, 1.00, 0, 0, 0, '2015-08-10 16:52:25', '2015-08-13 10:37:43', NULL),
	(69, 'Rally of Scotland', '', 'rally-of-scotland', '2015-08-22 09:00:00', 1, 0, NULL, 1.00, 0, 0, 0, '2015-08-10 16:54:38', '2015-08-13 10:37:43', NULL),
	(70, 'Olympus Rally', '', 'olympus-rally', '2015-08-29 09:00:00', 1, 0, NULL, 1.00, 0, 0, 0, '2015-08-10 17:20:46', '2015-08-13 10:37:43', NULL),
	(71, 'Rally Tasmania', '', 'rally-tasmania', '2015-09-05 09:00:00', 1, 0, NULL, 1.00, 0, 0, 0, '2015-08-10 17:24:18', '2015-08-13 10:37:43', NULL),
	(72, 'Danboring Rally', '', 'danboring-rally', '2015-09-12 09:00:00', 1, 0, NULL, 1.00, 0, 0, 0, '2015-08-10 17:28:34', '2015-08-13 10:37:43', NULL),
	(73, 'Rally Japan', '', 'rally-japan', '2015-09-19 09:00:00', 1, 0, NULL, 1.00, 0, 0, 0, '2015-08-10 17:30:34', '2015-08-13 10:37:43', NULL),
	(74, 'Rajd Krzeszowic', '', 'rajd-krzeszowic', '2015-09-26 09:00:00', 1, 0, NULL, 1.00, 0, 0, 0, '2015-08-10 17:47:57', '2015-08-13 10:37:43', NULL),
	(75, 'Rajd Bochni', '', 'rajd-bochni', '2015-10-03 09:00:00', 1, 0, NULL, 1.00, 0, 0, 0, '2015-08-11 11:03:43', '2015-08-13 10:37:43', NULL),
	(76, 'Rajd Krakowski', '', 'rajd-krakowski', '2015-10-10 09:00:00', 1, 0, NULL, 1.00, 0, 0, 0, '2015-08-11 11:13:27', '2015-08-13 10:37:43', NULL),
	(77, 'Rajd Baltycki', '', 'rajd-baltycki', '2015-10-17 09:00:00', 1, 0, NULL, 1.00, 0, 0, 0, '2015-08-11 11:24:13', '2015-08-13 10:37:43', NULL),
	(78, 'Rally of the Tall Pines', '', 'rally-of-the-tall-pines', '2015-10-24 09:00:00', 1, 0, NULL, 1.00, 0, 0, 0, '2015-08-11 11:38:04', '2015-08-13 10:37:43', NULL),
	(79, 'Sibiu Rally Romania', '', 'sibiu-rally-romania', '2015-10-31 09:00:00', 1, 0, NULL, 1.00, 0, 0, 0, '2015-08-11 11:57:54', '2015-08-13 10:37:43', NULL),
	(80, 'League 1 Rally - #1', NULL, 'league-1-rally-1', '2015-08-16 10:00:00', 1, 1, NULL, 1.00, 0, 0, 0, '2015-08-13 10:45:13', '2015-08-13 10:45:13', NULL),
	(81, 'League 1 Rally - #2', NULL, 'league-1-rally-2', '2015-08-23 13:00:00', 1, 1, NULL, 1.00, 0, 0, 0, '2015-08-13 10:45:13', '2015-08-13 10:45:13', NULL),
	(82, 'League 1 Rally - #3', NULL, 'league-1-rally-3', '2015-08-30 13:15:00', 1, 1, NULL, 1.00, 0, 0, 0, '2015-08-13 10:45:13', '2015-08-13 10:45:13', NULL),
	(83, 'League 1 Rally - #4', NULL, 'league-1-rally-4', '2015-09-06 12:45:00', 1, 1, NULL, 1.00, 0, 0, 0, '2015-08-13 10:45:13', '2015-08-13 10:45:13', NULL),
	(84, 'League 1 Rally - #5', NULL, 'league-1-rally-5', '2015-09-13 14:15:00', 1, 1, NULL, 1.00, 0, 0, 0, '2015-08-13 10:45:13', '2015-08-13 10:45:13', NULL),
	(85, 'League 1 Rally - #6', NULL, 'league-1-rally-6', '2015-09-20 10:15:00', 1, 1, NULL, 1.00, 0, 0, 0, '2015-08-13 10:45:13', '2015-08-13 10:45:13', NULL),
	(86, 'League 1 Rally - #7', NULL, 'league-1-rally-7', '2015-09-27 09:00:00', 1, 1, NULL, 1.00, 0, 0, 0, '2015-08-13 10:45:13', '2015-08-13 10:45:13', NULL),
	(87, 'League 1 Rally - #8', NULL, 'league-1-rally-8', '2015-10-04 12:45:00', 1, 1, NULL, 1.00, 0, 0, 0, '2015-08-13 10:45:13', '2015-08-13 10:45:13', NULL),
	(88, 'League 1 Rally - #9', NULL, 'league-1-rally-9', '2015-10-11 10:15:00', 1, 1, NULL, 1.00, 0, 0, 0, '2015-08-13 10:45:13', '2015-08-13 10:45:13', NULL),
	(89, 'League 1 Rally - #10', NULL, 'league-1-rally-10', '2015-10-18 10:30:00', 1, 1, NULL, 1.00, 0, 0, 0, '2015-08-13 10:45:13', '2015-08-13 10:45:13', NULL),
	(90, 'League 1 Rally - #11', NULL, 'league-1-rally-11', '2015-10-25 12:15:00', 1, 1, NULL, 1.00, 0, 0, 0, '2015-08-13 10:45:13', '2015-08-13 10:45:13', NULL),
	(91, 'League 1 Rally - #12', NULL, 'league-1-rally-12', '2015-11-01 11:30:00', 1, 1, NULL, 1.00, 0, 0, 0, '2015-08-13 10:45:13', '2015-08-13 10:45:13', NULL),
	(92, 'League 2.1 Rally - #1', NULL, 'league-21-rally-1', '2015-08-16 09:30:00', 1, 1, NULL, 2.10, 0, 0, 0, '2015-08-13 10:45:13', '2015-08-13 10:45:13', NULL),
	(93, 'League 2.1 Rally - #2', NULL, 'league-21-rally-2', '2015-08-23 14:00:00', 1, 1, NULL, 2.10, 0, 0, 0, '2015-08-13 10:45:13', '2015-08-13 10:45:13', NULL),
	(94, 'League 2.1 Rally - #3', NULL, 'league-21-rally-3', '2015-08-30 10:15:00', 1, 1, NULL, 2.10, 0, 0, 0, '2015-08-13 10:45:13', '2015-08-13 10:45:13', NULL),
	(95, 'League 2.1 Rally - #4', NULL, 'league-21-rally-4', '2015-09-06 14:45:00', 1, 1, NULL, 2.10, 0, 0, 0, '2015-08-13 10:45:13', '2015-08-13 10:45:13', NULL),
	(96, 'League 2.1 Rally - #5', NULL, 'league-21-rally-5', '2015-09-13 11:15:00', 1, 1, NULL, 2.10, 0, 0, 0, '2015-08-13 10:45:13', '2015-08-13 10:45:13', NULL),
	(97, 'League 2.1 Rally - #6', NULL, 'league-21-rally-6', '2015-09-20 14:15:00', 1, 1, NULL, 2.10, 0, 0, 0, '2015-08-13 10:45:13', '2015-08-13 10:45:13', NULL),
	(98, 'League 2.1 Rally - #7', NULL, 'league-21-rally-7', '2015-09-27 14:15:00', 1, 1, NULL, 2.10, 0, 0, 0, '2015-08-13 10:45:13', '2015-08-13 10:45:13', NULL),
	(99, 'League 2.1 Rally - #8', NULL, 'league-21-rally-8', '2015-10-04 09:45:00', 1, 1, NULL, 2.10, 0, 0, 0, '2015-08-13 10:45:13', '2015-08-13 10:45:13', NULL),
	(100, 'League 2.1 Rally - #9', NULL, 'league-21-rally-9', '2015-10-11 12:00:00', 1, 1, NULL, 2.10, 0, 0, 0, '2015-08-13 10:45:13', '2015-08-13 10:45:13', NULL),
	(101, 'League 2.1 Rally - #10', NULL, 'league-21-rally-10', '2015-10-18 09:45:00', 1, 1, NULL, 2.10, 0, 0, 0, '2015-08-13 10:45:13', '2015-08-13 10:45:13', NULL),
	(102, 'League 2.1 Rally - #11', NULL, 'league-21-rally-11', '2015-10-25 14:15:00', 1, 1, NULL, 2.10, 0, 0, 0, '2015-08-13 10:45:13', '2015-08-13 10:45:13', NULL),
	(103, 'League 2.1 Rally - #12', NULL, 'league-21-rally-12', '2015-11-01 11:45:00', 1, 1, NULL, 2.10, 0, 0, 0, '2015-08-13 10:45:13', '2015-08-13 10:45:13', NULL);
/*!40000 ALTER TABLE `rally_rally` ENABLE KEYS */;


-- Dumping structure for table ral.rally_result
DROP TABLE IF EXISTS `rally_result`;
CREATE TABLE IF NOT EXISTS `rally_result` (
  `id` int(11) NOT NULL AUTO_INCREMENT,
  `rally_id` int(11) DEFAULT NULL,
  `crew_id` int(11) DEFAULT NULL,
  `total_time` time DEFAULT NULL,
  `out_of_race` tinyint(1) DEFAULT '0',
  `stage_out_id` int(11) DEFAULT NULL,
  `stage_out_number` int(11) DEFAULT NULL,
  `position` int(11) DEFAULT NULL,
  `created_at` datetime NOT NULL,
  `updated_at` datetime NOT NULL,
  PRIMARY KEY (`id`),
  KEY `rally_id_idx` (`rally_id`),
  KEY `crew_id_idx` (`crew_id`)
) ENGINE=MyISAM AUTO_INCREMENT=9271 DEFAULT CHARSET=utf8;

-- Dumping data for table ral.rally_result: 14 rows
DELETE FROM `rally_result`;
/*!40000 ALTER TABLE `rally_result` DISABLE KEYS */;
INSERT INTO `rally_result` (`id`, `rally_id`, `crew_id`, `total_time`, `out_of_race`, `stage_out_id`, `stage_out_number`, `position`, `created_at`, `updated_at`) VALUES
	(9099, 1, 4, '00:17:21', 1, 1, 1, 14, '2015-08-13 12:19:10', '2015-08-13 12:19:10'),
	(9108, 1, 13, '00:38:08', 1, 1, 3, 13, '2015-08-13 12:19:10', '2015-08-13 12:19:10'),
	(9109, 1, 14, '01:34:26', 1, 1, 6, 12, '2015-08-13 12:19:10', '2015-08-13 12:19:10'),
	(9266, 1, 8, '06:05:20', 0, NULL, NULL, 11, '2015-08-13 12:19:10', '2015-08-13 12:19:10'),
	(9268, 1, 10, '05:32:41', 0, NULL, NULL, 10, '2015-08-13 12:19:10', '2015-08-13 12:19:10'),
	(9260, 1, 1, '05:03:38', 0, NULL, NULL, 9, '2015-08-13 12:19:10', '2015-08-13 12:19:10'),
	(9267, 1, 9, '04:32:12', 0, NULL, NULL, 8, '2015-08-13 12:19:10', '2015-08-13 12:19:10'),
	(9264, 1, 6, '04:25:50', 0, NULL, NULL, 7, '2015-08-13 12:19:10', '2015-08-13 12:19:10'),
	(9265, 1, 7, '04:22:57', 0, NULL, NULL, 6, '2015-08-13 12:19:10', '2015-08-13 12:19:10'),
	(9263, 1, 5, '04:18:04', 0, NULL, NULL, 5, '2015-08-13 12:19:10', '2015-08-13 12:19:10'),
	(9269, 1, 11, '04:06:06', 0, NULL, NULL, 4, '2015-08-13 12:19:10', '2015-08-13 12:19:10'),
	(9262, 1, 3, '04:05:37', 0, NULL, NULL, 3, '2015-08-13 12:19:10', '2015-08-13 12:19:10'),
	(9261, 1, 2, '03:56:58', 0, NULL, NULL, 2, '2015-08-13 12:19:09', '2015-08-13 12:19:09'),
	(9270, 1, 12, '03:54:12', 0, NULL, NULL, 1, '2015-08-13 12:19:09', '2015-08-13 12:19:09');
/*!40000 ALTER TABLE `rally_result` ENABLE KEYS */;


-- Dumping structure for table ral.rally_stage
DROP TABLE IF EXISTS `rally_stage`;
CREATE TABLE IF NOT EXISTS `rally_stage` (
  `id` int(11) NOT NULL AUTO_INCREMENT,
  `rally_id` int(11) DEFAULT NULL,
  `name` varchar(255) DEFAULT NULL,
  `length` decimal(18,2) DEFAULT NULL,
  `date` datetime DEFAULT NULL,
  `min_time` time DEFAULT NULL,
  `created_at` datetime NOT NULL,
  `updated_at` datetime NOT NULL,
  `finished` tinyint(1) DEFAULT '1',
  PRIMARY KEY (`id`),
  KEY `rally_id_idx` (`rally_id`)
) ENGINE=MyISAM AUTO_INCREMENT=1768 DEFAULT CHARSET=utf8;

-- Dumping data for table ral.rally_stage: 0 rows
DELETE FROM `rally_stage`;
/*!40000 ALTER TABLE `rally_stage` DISABLE KEYS */;
INSERT INTO `rally_stage` (`id`, `rally_id`, `name`, `length`, `date`, `min_time`, `created_at`, `updated_at`, `finished`) VALUES
	(1, 1, 'ENTREVAUX - ROUAINE', 21.55, '2015-08-10 09:00:00', '00:14:00', '2015-08-08 12:50:19', '2015-08-13 12:19:09', 1),
	(2, 1, 'NORANTE - DIGNE-LES-BAINS', 19.68, '2015-08-10 09:15:00', '00:13:00', '2015-08-08 12:50:19', '2015-08-13 12:19:09', 1),
	(3, 1, 'LA SALLE EN BEAUMONT', 15.60, '2015-08-10 09:30:00', '00:09:00', '2015-08-08 12:50:19', '2015-08-13 12:19:09', 1),
	(4, 1, 'ASPRES LES CORPS', 25.28, '2015-08-10 09:45:00', '00:15:00', '2015-08-08 12:50:19', '2015-08-13 12:19:09', 1),
	(5, 1, 'LES COSTES', 25.72, '2015-08-10 10:00:00', '00:14:01', '2015-08-08 12:50:19', '2015-08-13 12:19:09', 1),
	(6, 1, 'LA SALLE EN BEAUMONT', 15.72, '2015-08-10 10:15:00', '00:10:00', '2015-08-08 12:50:19', '2015-08-13 12:19:09', 1),
	(7, 1, 'ASPRES LES CORPS - CHAUFFAYER 2', 25.94, '2015-08-10 10:30:00', '00:16:01', '2015-08-08 12:50:20', '2015-08-13 12:19:09', 1),
	(8, 1, 'LES COSTES - ST JULIEN EN CHAMPSAUR 2', 25.16, '2015-08-10 10:45:00', '00:15:01', '2015-08-08 12:50:20', '2015-08-13 12:19:09', 1),
	(9, 1, 'PRUNIERES - EMBRUN 1', 19.24, '2015-08-10 11:00:00', '00:11:01', '2015-08-08 12:50:20', '2015-08-13 12:19:09', 1),
	(10, 1, 'LARDIER ET VALENCA - FAYE', 51.38, '2015-08-10 11:15:00', '00:31:00', '2015-08-08 12:50:20', '2015-08-13 12:19:09', 1),
	(11, 1, 'PRUNIERES - EMBRUN 2', 19.84, '2015-08-10 11:30:00', '00:12:00', '2015-08-08 12:50:20', '2015-08-13 12:19:09', 1),
	(12, 1, 'SISTERON - THOARD', 36.17, '2015-08-10 11:45:00', '00:23:01', '2015-08-08 12:50:20', '2015-08-13 12:19:09', 1),
	(13, 1, 'COL ST JEAN - ST LAURENT 1', 10.77, '2015-08-10 12:00:00', '00:06:00', '2015-08-08 12:50:20', '2015-08-13 12:19:09', 1),
	(14, 1, 'LA BOLLENE VESUBIE - SOSPEL', 31.55, '2015-08-10 12:15:00', '00:21:01', '2015-08-08 12:50:20', '2015-08-13 12:19:09', 1),
	(15, 1, ' COL ST JEAN - ST LAURENT 2', 10.83, '2015-08-10 12:30:00', '00:06:01', '2015-08-08 12:50:20', '2015-08-13 12:19:09', 1),
	(18, 2, 'SUPER SPECIAL STAGE KARLSTAD', 1.94, '2015-08-17 09:00:00', '00:01:00', '2015-08-08 12:56:21', '2015-08-13 12:12:24', 0),
	(19, 2, 'TORSBY 1', 14.80, '2015-08-17 09:15:00', '00:08:01', '2015-08-08 12:56:21', '2015-08-13 12:12:24', 0),
	(20, 2, 'ROJDEN 1', 18.74, '2015-08-17 09:30:00', '00:12:00', '2015-08-08 12:56:21', '2015-08-13 12:12:24', 0),
	(21, 2, 'FINNSKOGEN 1', 20.99, '2015-08-17 09:45:00', '00:11:01', '2015-08-08 12:56:22', '2015-08-13 12:12:24', 0),
	(22, 2, 'KIRKENAER 1', 7.89, '2015-08-17 10:00:00', '00:04:00', '2015-08-08 12:56:22', '2015-08-13 12:12:24', 0),
	(23, 2, 'KIRKENAER 2', 7.21, '2015-08-17 10:15:00', '00:04:01', '2015-08-08 12:56:22', '2015-08-13 12:12:24', 0),
	(24, 2, 'FINNSKOGEN 2', 20.94, '2015-08-17 10:30:00', '00:13:01', '2015-08-08 12:56:22', '2015-08-13 12:12:24', 0),
	(25, 2, 'TORSBY 2', 14.80, '2015-08-17 10:45:00', '00:09:01', '2015-08-08 12:56:22', '2015-08-13 12:12:24', 0),
	(26, 2, 'SUPER SPECIAL STAGE KARLSTAD 2', 1.94, '2015-08-17 11:00:00', '00:01:00', '2015-08-08 12:56:22', '2015-08-13 12:12:24', 0),
	(27, 2, 'FREDRIKSBERG 1', 18.20, '2015-08-17 11:15:00', '00:11:01', '2015-08-08 12:56:22', '2015-08-13 12:12:24', 0),
	(28, 2, 'RAMMEN 1', 22.65, '2015-08-17 11:30:00', '00:12:01', '2015-08-08 12:56:22', '2015-08-13 12:12:24', 0),
	(29, 2, 'HAGFORS SPRINT 1', 1.83, '2015-08-17 11:45:00', '00:01:00', '2015-08-08 12:56:22', '2015-08-13 12:12:24', 0),
	(30, 2, 'VARGASEN 1', 24.42, '2015-08-17 12:00:00', '00:14:01', '2015-08-08 12:56:22', '2015-08-13 12:12:24', 0),
	(31, 2, 'RAMMEN 2', 22.63, '2015-08-17 12:15:00', '00:14:00', '2015-08-08 12:56:22', '2015-08-13 12:12:24', 0),
	(32, 2, 'HAGFORS SPRINT 2', 1.76, '2015-08-17 12:30:00', '00:01:00', '2015-08-08 12:56:22', '2015-08-13 12:12:24', 0),
	(33, 2, 'VARGASEN 2', 24.22, '2015-08-17 12:45:00', '00:14:01', '2015-08-08 12:56:22', '2015-08-13 12:12:24', 0),
	(35, 3, 'STREET STAGE GUANAJUATO', 1.85, '2015-08-24 09:00:00', '00:01:00', '2015-08-08 13:01:41', '2015-08-13 12:12:24', 0),
	(36, 3, 'SUPER SPECIAL 1', 4.92, '2015-08-24 09:15:00', '00:02:01', '2015-08-08 13:01:41', '2015-08-13 12:12:24', 0),
	(37, 3, 'LOS MEXICANOS 1', 9.77, '2015-08-24 09:30:00', '00:06:00', '2015-08-08 13:01:41', '2015-08-13 12:12:24', 0),
	(38, 3, 'EL CHOCOLATE 1', 44.12, '2015-08-24 09:45:00', '00:30:00', '2015-08-08 13:01:41', '2015-08-13 12:12:24', 0),
	(39, 3, 'LAS MINAS 1', 15.34, '2015-08-24 10:00:00', '00:09:00', '2015-08-08 13:01:41', '2015-08-13 12:12:24', 0),
	(40, 3, 'STREET STAGE LEON 1', 1.91, '2015-08-24 10:15:00', '00:01:00', '2015-08-08 13:01:41', '2015-08-13 12:12:24', 0),
	(41, 3, 'LOS MEXICANOS 2', 9.68, '2015-08-24 10:30:00', '00:06:00', '2015-08-08 13:01:41', '2015-08-13 12:12:24', 0),
	(42, 3, 'EL CHOCOLATE 2', 44.17, '2015-08-24 10:45:00', '00:25:01', '2015-08-08 13:01:41', '2015-08-13 12:12:24', 0),
	(43, 3, 'LAS MINAS 2', 15.43, '2015-08-24 11:00:00', '00:09:01', '2015-08-08 13:01:41', '2015-08-13 12:12:24', 0),
	(44, 3, 'SUPER SPECIAL 2', 4.92, '2015-08-24 11:15:00', '00:02:01', '2015-08-08 13:01:42', '2015-08-13 12:12:24', 0),
	(45, 3, 'IBARRILLA 1', 30.89, '2015-08-24 11:30:00', '00:19:00', '2015-08-08 13:01:42', '2015-08-13 12:12:24', 0),
	(46, 3, 'OTATES 1', 42.44, '2015-08-24 11:45:00', '00:25:00', '2015-08-08 13:01:42', '2015-08-13 12:12:24', 0),
	(47, 3, 'EL BRINCO 1', 8.42, '2015-08-24 12:00:00', '00:05:01', '2015-08-08 13:01:42', '2015-08-13 12:12:24', 0),
	(48, 3, 'STREET STAGE LEON 2', 1.91, '2015-08-24 12:15:00', '00:01:00', '2015-08-08 13:01:42', '2015-08-13 12:12:24', 0),
	(49, 3, 'IBARRILLA 2', 30.48, '2015-08-24 12:30:00', '00:20:01', '2015-08-08 13:01:42', '2015-08-13 12:12:24', 0),
	(50, 3, 'OTATES 2', 42.59, '2015-08-24 12:45:00', '00:24:01', '2015-08-08 13:01:42', '2015-08-13 12:12:24', 0),
	(51, 3, 'EL BRINCO 2', 8.96, '2015-08-24 13:00:00', '00:05:00', '2015-08-08 13:01:42', '2015-08-13 12:12:24', 0),
	(52, 4, 'SUPER ESPECIAL MERLO', 2.89, '2015-08-31 09:00:00', '00:01:01', '2015-08-08 13:05:33', '2015-08-13 12:12:24', 0),
	(53, 4, 'AGUA DE ORO - ASCOCHINGA', 51.78, '2015-08-31 09:15:00', '00:32:00', '2015-08-08 13:05:33', '2015-08-13 12:12:24', 0),
	(54, 4, 'VILLA BUSTOS - TANTI', 19.68, '2015-08-31 09:30:00', '00:11:01', '2015-08-08 13:05:33', '2015-08-13 12:12:24', 0),
	(55, 4, 'AGUA DE ORO - ASCOCHINGA II', 51.78, '2015-08-31 09:45:00', '00:30:00', '2015-08-08 13:05:33', '2015-08-13 12:12:24', 0),
	(56, 4, 'VILLA BUSTOS - TANTI II', 19.68, '2015-08-31 10:00:00', '00:13:00', '2015-08-08 13:05:33', '2015-08-13 12:12:24', 0),
	(57, 4, 'SUPER ESPECIAL FERNET BRANCA', 6.84, '2015-08-31 10:15:00', '00:04:01', '2015-08-08 13:05:33', '2015-08-13 12:12:24', 0),
	(58, 4, 'FERNET BRANCA', 23.35, '2015-08-31 10:30:00', '00:14:01', '2015-08-08 13:05:33', '2015-08-13 12:12:24', 0),
	(59, 4, 'SAN MARCOS', 42.41, '2015-08-31 10:45:00', '00:24:00', '2015-08-08 13:05:33', '2015-08-13 12:12:24', 0),
	(60, 4, 'FERNET BRANCA II', 23.35, '2015-08-31 11:00:00', '00:15:00', '2015-08-08 13:05:33', '2015-08-13 12:12:24', 0),
	(61, 4, 'SAN MARCOS II', 42.41, '2015-08-31 11:15:00', '00:26:00', '2015-08-08 13:05:33', '2015-08-13 12:12:24', 0),
	(62, 4, 'EL CONDOR', 16.60, '2015-08-31 11:30:00', '00:11:00', '2015-08-08 13:05:33', '2015-08-13 12:12:24', 0),
	(63, 4, 'POWER STAGE EL CONDOR', 16.17, '2015-08-31 11:45:00', '00:10:00', '2015-08-08 13:05:33', '2015-08-13 12:12:24', 0),
	(71, 5, 'CAMINHA', 18.40, '2015-09-07 09:00:00', '00:10:01', '2015-08-08 13:09:54', '2015-08-13 12:12:24', 0),
	(70, 5, 'PONTE DE LIMA 1', 27.64, '2015-09-07 09:15:00', '00:15:01', '2015-08-08 13:09:54', '2015-08-13 12:12:24', 0),
	(69, 5, 'LOUSADA', 3.14, '2015-09-07 09:30:00', '00:01:01', '2015-08-08 13:09:53', '2015-08-13 12:12:24', 0),
	(72, 5, 'VIANA DO CASTELO', 18.36, '2015-09-07 09:45:00', '00:11:01', '2015-08-08 13:09:54', '2015-08-13 12:12:24', 0),
	(73, 5, 'PONTE DE LIMA 2', 27.72, '2015-09-07 10:00:00', '00:17:01', '2015-08-08 13:09:54', '2015-08-13 12:12:24', 0),
	(74, 5, 'CAMINHA 2', 18.40, '2015-09-07 10:15:00', '00:11:00', '2015-08-08 13:09:54', '2015-08-13 12:12:24', 0),
	(75, 5, 'VIANA DO CASTELO 2', 18.36, '2015-09-07 10:30:00', '00:12:01', '2015-08-08 13:09:54', '2015-08-13 12:12:24', 0),
	(76, 5, 'BAIAO', 18.28, '2015-09-07 10:45:00', '00:11:00', '2015-08-08 13:09:54', '2015-08-13 12:12:24', 0),
	(77, 5, 'MARAO', 26.53, '2015-09-07 11:00:00', '00:16:01', '2015-08-08 13:09:54', '2015-08-13 12:12:24', 0),
	(78, 5, 'FRIDAO', 37.53, '2015-09-07 11:15:00', '00:24:01', '2015-08-08 13:09:54', '2015-08-13 12:12:24', 0),
	(79, 5, 'BAIAO 2', 18.28, '2015-09-07 11:30:00', '00:11:01', '2015-08-08 13:09:54', '2015-08-13 12:12:24', 0),
	(80, 5, 'MARAO 2', 26.53, '2015-09-07 11:45:00', '00:16:00', '2015-08-08 13:09:54', '2015-08-13 12:12:24', 0),
	(81, 5, 'FRIDAO 2', 37.53, '2015-09-07 12:00:00', '00:24:01', '2015-08-08 13:09:54', '2015-08-13 12:12:24', 0),
	(82, 5, 'FAFE 1', 11.39, '2015-09-07 12:15:00', '00:07:00', '2015-08-08 13:09:54', '2015-08-13 12:12:24', 0),
	(83, 5, 'VIEIRA DO MINHO', 32.38, '2015-09-07 12:30:00', '00:22:00', '2015-08-08 13:09:54', '2015-08-13 12:12:24', 0),
	(84, 5, 'FAFE 2', 11.56, '2015-09-07 12:45:00', '00:07:01', '2015-08-08 13:09:55', '2015-08-13 12:12:24', 0),
	(85, 6, 'CITTA\' DI GAGLIARI', 2.29, '2015-09-14 09:00:00', '00:01:00', '2015-08-08 14:53:32', '2015-08-13 12:12:24', 0),
	(86, 6, 'GRIGHINE SUD', 26.31, '2015-09-14 09:15:00', '00:16:00', '2015-08-08 14:53:33', '2015-08-13 12:12:24', 0),
	(87, 6, 'GRIGHINE NORD', 18.68, '2015-09-14 09:30:00', '00:10:01', '2015-08-08 14:53:33', '2015-08-13 12:12:24', 0),
	(88, 6, 'MONTIFERRU', 14.86, '2015-09-14 09:45:00', '00:08:00', '2015-08-08 14:53:33', '2015-08-13 12:12:24', 0),
	(89, 6, 'SAGAMA', 2.41, '2015-09-14 10:00:00', '00:01:00', '2015-08-08 14:53:33', '2015-08-13 12:12:24', 0),
	(90, 6, 'SAGAMA 2', 2.41, '2015-09-14 10:15:00', '00:01:01', '2015-08-08 14:53:33', '2015-08-13 12:12:24', 0),
	(91, 6, 'SINIS - MONT\' E PRAMA', 14.70, '2015-09-14 10:30:00', '00:10:00', '2015-08-08 14:53:33', '2015-08-13 12:12:24', 0),
	(92, 6, 'GRIGHINE SUD 2', 26.31, '2015-09-14 10:45:00', '00:17:00', '2015-08-08 14:53:33', '2015-08-13 12:12:24', 0),
	(93, 6, 'GRIGHINE NORD 2', 18.68, '2015-09-14 11:00:00', '00:12:01', '2015-08-08 14:53:33', '2015-08-13 12:12:24', 0),
	(94, 6, 'MONTIFERRU 2', 14.86, '2015-09-14 11:15:00', '00:08:00', '2015-08-08 14:53:33', '2015-08-13 12:12:24', 0),
	(95, 6, 'ITTIRI ARENA', 1.98, '2015-09-14 11:30:00', '00:01:00', '2015-08-08 14:53:33', '2015-08-13 12:12:24', 0),
	(96, 6, 'MONTI DI ALA\' 1', 22.96, '2015-09-14 11:45:00', '00:12:01', '2015-08-08 14:53:33', '2015-08-13 12:12:24', 0),
	(97, 6, 'COILUNA - LOELLE', 36.43, '2015-09-14 12:00:00', '00:22:01', '2015-08-08 14:53:33', '2015-08-13 12:12:24', 0),
	(98, 6, 'MONTE LERNO', 42.55, '2015-09-14 12:15:00', '00:24:01', '2015-08-08 14:53:33', '2015-08-13 12:12:24', 0),
	(99, 6, 'OZIERI - ARDARA', 7.70, '2015-09-14 12:30:00', '00:05:00', '2015-08-08 14:53:33', '2015-08-13 12:12:24', 0),
	(100, 6, 'ITTIRI ARENA 2', 1.98, '2015-09-14 12:45:00', '00:01:00', '2015-08-08 14:53:34', '2015-08-13 12:12:24', 0),
	(101, 6, 'MONTI DI ALA\' 2', 22.50, '2015-09-14 13:00:00', '00:15:00', '2015-08-08 14:53:34', '2015-08-13 12:12:24', 0),
	(102, 7, 'MIKOLAJKI ARENA', 2.40, '2015-09-21 09:00:00', '00:01:01', '2015-08-08 14:58:53', '2015-08-13 12:12:24', 0),
	(103, 7, 'GORKLO', 13.40, '2015-09-21 09:15:00', '00:08:00', '2015-08-08 14:58:53', '2015-08-13 12:12:24', 0),
	(104, 7, 'GOLDAP', 14.65, '2015-09-21 09:30:00', '00:09:00', '2015-08-08 14:58:53', '2015-08-13 12:12:24', 0),
	(105, 7, 'BABKI', 14.87, '2015-09-21 09:45:00', '00:09:01', '2015-08-08 14:58:54', '2015-08-13 12:12:24', 0),
	(106, 7, 'STANCZYKI', 39.62, '2015-09-21 10:00:00', '00:23:00', '2015-08-08 14:58:54', '2015-08-13 12:12:24', 0),
	(107, 7, 'BABKI 2', 14.87, '2015-09-21 10:15:00', '00:09:01', '2015-08-08 14:58:54', '2015-08-13 12:12:24', 0),
	(108, 7, 'STANCZYKI 2', 39.62, '2015-09-21 10:30:00', '00:24:00', '2015-08-08 14:58:54', '2015-08-13 12:12:24', 0),
	(109, 7, 'GOLDAP 2', 14.65, '2015-09-21 10:45:00', '00:09:00', '2015-08-08 14:58:54', '2015-08-13 12:12:24', 0),
	(110, 7, 'MIKOLAJKI ARENA 2', 2.40, '2015-09-21 11:00:00', '00:01:01', '2015-08-08 14:58:54', '2015-08-13 12:12:24', 0),
	(111, 7, 'MAZURY', 17.52, '2015-09-21 11:15:00', '00:12:00', '2015-08-08 14:58:54', '2015-08-13 12:12:24', 0),
	(112, 7, 'WIELICZKI', 12.62, '2015-09-21 11:30:00', '00:07:01', '2015-08-08 14:58:54', '2015-08-13 12:12:24', 0),
	(113, 7, 'SWIETAJNO', 21.59, '2015-09-21 11:45:00', '00:13:01', '2015-08-08 14:58:54', '2015-08-13 12:12:24', 0),
	(114, 7, 'PAPROTKI', 23.68, '2015-09-21 12:00:00', '00:14:00', '2015-08-08 14:58:54', '2015-08-13 12:12:24', 0),
	(115, 7, 'MAZURY 2', 17.52, '2015-09-21 12:15:00', '00:10:01', '2015-08-08 14:58:54', '2015-08-13 12:12:24', 0),
	(116, 7, 'WIELICZKI 2', 12.62, '2015-09-21 12:30:00', '00:07:00', '2015-08-08 14:58:54', '2015-08-13 12:12:24', 0),
	(117, 7, 'SWIETAJNO 2', 21.59, '2015-09-21 12:45:00', '00:14:00', '2015-08-08 14:58:54', '2015-08-13 12:12:24', 0),
	(118, 7, 'MIKOLAJKI ARENA 3', 2.40, '2015-09-21 13:00:00', '00:01:00', '2015-08-08 14:58:55', '2015-08-13 12:12:24', 0),
	(119, 8, 'HARJU', 2.21, '2015-09-28 09:00:00', '00:01:00', '2015-08-08 17:48:37', '2015-08-13 12:12:24', 0),
	(120, 8, 'PIHLAJAKOSKI', 14.65, '2015-09-28 09:15:00', '00:09:00', '2015-08-08 17:48:38', '2015-08-13 12:12:24', 0),
	(121, 8, 'PAIJALA', 23.28, '2015-09-28 09:30:00', '00:13:01', '2015-08-08 17:48:38', '2015-08-13 12:12:24', 0),
	(122, 8, 'OUNINPOHJA', 34.51, '2015-09-28 09:45:00', '00:21:01', '2015-08-08 17:48:38', '2015-08-13 12:12:24', 0),
	(123, 8, 'HIMOS', 5.16, '2015-09-28 10:00:00', '00:03:00', '2015-08-08 17:48:38', '2015-08-13 12:12:24', 0),
	(124, 8, 'PIHLAJAKOSKI 2', 14.65, '2015-09-28 10:15:00', '00:09:01', '2015-08-08 17:48:38', '2015-08-13 12:12:24', 0),
	(125, 8, 'PAIJALA 2', 23.28, '2015-09-28 10:30:00', '00:16:00', '2015-08-08 17:48:38', '2015-08-13 12:12:24', 0),
	(126, 8, 'OUNINPOHJA 2', 34.51, '2015-09-28 10:45:00', '00:19:01', '2015-08-08 17:48:38', '2015-08-13 12:12:24', 0),
	(127, 8, 'HIMOS 2', 5.16, '2015-09-28 11:00:00', '00:03:00', '2015-08-08 17:48:38', '2015-08-13 12:12:24', 0),
	(128, 8, 'HARJU 2', 2.21, '2015-09-28 11:15:00', '00:01:01', '2015-08-08 17:48:38', '2015-08-13 12:12:24', 0),
	(129, 8, 'MOKKIPERA', 13.60, '2015-09-28 11:30:00', '00:09:00', '2015-08-08 17:48:38', '2015-08-13 12:12:24', 0),
	(130, 8, 'JUKOJARVI', 21.78, '2015-09-28 11:45:00', '00:14:00', '2015-08-08 17:48:38', '2015-08-13 12:12:24', 0),
	(131, 8, 'SURKEE', 14.25, '2015-09-28 12:00:00', '00:08:01', '2015-08-08 17:48:38', '2015-08-13 12:12:24', 0),
	(132, 8, 'HORKKA', 15.22, '2015-09-28 12:15:00', '00:09:00', '2015-08-08 17:48:38', '2015-08-13 12:12:24', 0),
	(133, 8, 'MOKKIPERA 2', 13.60, '2015-09-28 12:30:00', '00:08:01', '2015-08-08 17:48:38', '2015-08-13 12:12:24', 0),
	(134, 8, 'JUKOJARVI 2', 21.78, '2015-09-28 12:45:00', '00:12:01', '2015-08-08 17:48:38', '2015-08-13 12:12:24', 0),
	(135, 8, 'SURKEE 2', 14.25, '2015-09-28 13:00:00', '00:08:01', '2015-08-08 17:48:39', '2015-08-13 12:12:24', 0),
	(136, 9, 'Sauertal', 14.84, '2015-10-05 09:00:00', '00:09:00', '2015-08-08 18:06:00', '2015-08-13 12:12:24', 0),
	(137, 9, 'Waxweiler', 16.45, '2015-10-05 09:15:00', '00:10:00', '2015-08-08 18:06:00', '2015-08-13 12:12:24', 0),
	(138, 9, 'Moselland', 23.37, '2015-10-05 09:30:00', '00:13:00', '2015-08-08 18:06:00', '2015-08-13 12:12:24', 0),
	(139, 9, 'Sauertal 2', 14.84, '2015-10-05 09:45:00', '00:08:01', '2015-08-08 18:06:00', '2015-08-13 12:12:24', 0),
	(140, 9, 'Waxweiler 2', 16.45, '2015-10-05 10:00:00', '00:10:01', '2015-08-08 18:06:00', '2015-08-13 12:12:24', 0),
	(141, 9, 'Moselland 2', 23.37, '2015-10-05 10:15:00', '00:13:00', '2015-08-08 18:06:00', '2015-08-13 12:12:24', 0),
	(142, 9, 'Mittelmosel 2', 13.80, '2015-10-05 10:30:00', '00:09:00', '2015-08-08 18:06:00', '2015-08-13 12:12:24', 0),
	(143, 9, 'Grafschaft', 18.76, '2015-10-05 10:45:00', '00:12:00', '2015-08-08 18:06:00', '2015-08-13 12:12:24', 0),
	(144, 9, 'Bosenberg', 17.55, '2015-10-05 11:00:00', '00:11:00', '2015-08-08 18:06:00', '2015-08-13 12:12:24', 0),
	(145, 9, 'Arena Panzerplatte', 2.48, '2015-10-05 11:15:00', '00:01:00', '2015-08-08 18:06:00', '2015-08-13 12:12:24', 0),
	(146, 9, 'Arena Panzerplatte 2', 2.48, '2015-10-05 11:30:00', '00:01:01', '2015-08-08 18:06:01', '2015-08-13 12:12:24', 0),
	(147, 9, 'Panzerplatte Lang', 45.37, '2015-10-05 11:45:00', '00:27:00', '2015-08-08 18:06:01', '2015-08-13 12:12:24', 0),
	(148, 9, 'Grafschaft 2', 18.76, '2015-10-05 12:00:00', '00:10:01', '2015-08-08 18:06:01', '2015-08-13 12:12:24', 0),
	(149, 9, 'Arena Panzerplatte 3', 2.48, '2015-10-05 12:15:00', '00:01:01', '2015-08-08 18:06:01', '2015-08-13 12:12:24', 0),
	(150, 9, 'Panzerplatte Lang 2', 45.37, '2015-10-05 12:30:00', '00:29:00', '2015-08-08 18:06:01', '2015-08-13 12:12:24', 0),
	(151, 9, 'Bosenberg 2', 17.55, '2015-10-05 12:45:00', '00:10:01', '2015-08-08 18:06:01', '2015-08-13 12:12:24', 0),
	(152, 9, 'Stei & Wein', 19.32, '2015-10-05 13:00:00', '00:13:00', '2015-08-08 18:06:01', '2015-08-13 12:12:24', 0),
	(153, 10, 'Hydes Creek', 10.48, '2015-10-12 09:00:00', '00:05:01', '2015-08-08 18:15:39', '2015-08-13 12:12:24', 0),
	(154, 10, 'Bellingen', 10.21, '2015-10-12 09:15:00', '00:05:01', '2015-08-08 18:15:39', '2015-08-13 12:12:24', 0),
	(155, 10, 'Newry', 24.86, '2015-10-12 09:30:00', '00:15:01', '2015-08-08 18:15:39', '2015-08-13 12:12:24', 0),
	(156, 10, 'Hydes Creek 2', 10.48, '2015-10-12 09:45:00', '00:06:00', '2015-08-08 18:15:40', '2015-08-13 12:12:24', 0),
	(157, 10, 'Bellingen 2', 10.21, '2015-10-12 10:00:00', '00:06:00', '2015-08-08 18:15:40', '2015-08-13 12:12:24', 0),
	(158, 10, 'Newry 2', 24.86, '2015-10-12 10:15:00', '00:15:01', '2015-08-08 18:15:40', '2015-08-13 12:12:24', 0),
	(159, 10, 'Super Special Stage ', 1.55, '2015-10-12 10:30:00', '00:00:01', '2015-08-08 18:15:40', '2015-08-13 12:12:24', 0),
	(160, 10, 'Super Special Stage 2', 1.81, '2015-10-12 10:45:00', '00:01:00', '2015-08-08 18:15:40', '2015-08-13 12:12:24', 0),
	(161, 10, 'Nambucca', 48.21, '2015-10-12 11:00:00', '00:30:00', '2015-08-08 18:15:40', '2015-08-13 12:12:24', 0),
	(162, 10, 'Valla', 8.90, '2015-10-12 11:15:00', '00:05:00', '2015-08-08 18:15:40', '2015-08-13 12:12:24', 0),
	(163, 10, 'Nambucca 2', 48.21, '2015-10-12 11:30:00', '00:31:01', '2015-08-08 18:15:40', '2015-08-13 12:12:24', 0),
	(164, 10, 'Valla 2', 8.90, '2015-10-12 11:45:00', '00:05:01', '2015-08-08 18:15:40', '2015-08-13 12:12:24', 0),
	(165, 10, 'Super Special Stage 3', 1.81, '2015-10-12 12:00:00', '00:01:00', '2015-08-08 18:15:40', '2015-08-13 12:12:24', 0),
	(166, 10, 'Super Special Stage 4', 1.50, '2015-10-12 12:15:00', '00:01:00', '2015-08-08 18:15:40', '2015-08-13 12:12:24', 0),
	(167, 10, 'Shipmans', 24.14, '2015-10-12 12:30:00', '00:14:01', '2015-08-08 18:15:40', '2015-08-13 12:12:24', 0),
	(168, 10, 'Bucca', 10.90, '2015-10-12 12:45:00', '00:07:00', '2015-08-08 18:15:40', '2015-08-13 12:12:24', 0),
	(169, 10, 'Wedding Bells', 9.37, '2015-10-12 13:00:00', '00:05:00', '2015-08-08 18:15:40', '2015-08-13 12:12:24', 0),
	(170, 11, 'Plage du LIamone', 19.91, '2015-10-19 09:00:00', '00:11:00', '2015-08-09 09:08:16', '2015-08-13 12:12:24', 0),
	(171, 11, 'Casamozza', 23.66, '2015-10-19 09:15:00', '00:15:01', '2015-08-09 09:08:16', '2015-08-13 12:12:24', 0),
	(172, 11, 'Francardo', 16.34, '2015-10-19 09:30:00', '00:09:00', '2015-08-09 09:08:16', '2015-08-13 12:12:24', 0),
	(173, 11, 'Plage du Liamone 2', 19.91, '2015-10-19 09:45:00', '00:12:00', '2015-08-09 09:08:16', '2015-08-13 12:12:24', 0),
	(174, 11, 'Casamozza 2', 23.66, '2015-10-19 10:00:00', '00:16:00', '2015-08-09 09:08:16', '2015-08-13 12:12:24', 0),
	(175, 11, 'Francardo 2', 16.34, '2015-10-19 10:15:00', '00:09:00', '2015-08-09 09:08:16', '2015-08-13 12:12:24', 0),
	(176, 11, 'Casamozza 3', 23.66, '2015-10-19 10:30:00', '00:14:01', '2015-08-09 09:08:16', '2015-08-13 12:12:24', 0),
	(177, 11, 'Francardo 3', 16.34, '2015-10-19 10:45:00', '00:10:01', '2015-08-09 09:08:16', '2015-08-13 12:12:24', 0),
	(178, 11, 'Muracciole', 28.92, '2015-10-19 11:00:00', '00:17:01', '2015-08-09 09:08:16', '2015-08-13 12:12:24', 0),
	(179, 11, 'Sotta', 26.28, '2015-10-19 11:15:00', '00:16:01', '2015-08-09 09:08:16', '2015-08-13 12:12:24', 0),
	(180, 11, 'Muracciole', 28.46, '2015-10-19 11:30:00', '00:16:01', '2015-08-09 09:08:16', '2015-08-13 12:12:24', 0),
	(181, 11, 'Zerubia', 31.43, '2015-10-19 11:45:00', '00:21:01', '2015-08-09 09:08:16', '2015-08-13 12:12:24', 0),
	(182, 11, 'Bisinao', 16.74, '2015-10-19 12:00:00', '00:09:01', '2015-08-09 09:08:16', '2015-08-13 12:12:24', 0),
	(183, 11, 'Zerubia 2', 31.43, '2015-10-19 12:15:00', '00:20:01', '2015-08-09 09:08:16', '2015-08-13 12:12:24', 0),
	(184, 11, 'Bisinao 2', 16.74, '2015-10-19 12:30:00', '00:11:00', '2015-08-09 09:08:17', '2015-08-13 12:12:24', 0),
	(185, 12, 'Barcelona', 3.11, '2015-10-26 09:00:00', '00:01:01', '2015-08-09 09:29:16', '2015-08-13 12:12:24', 0),
	(186, 12, 'Mora d\'Ebre', 9.69, '2015-10-26 09:15:00', '00:05:00', '2015-08-09 09:29:16', '2015-08-13 12:12:24', 0),
	(187, 12, 'Caseres', 12.10, '2015-10-26 09:30:00', '00:07:00', '2015-08-09 09:29:16', '2015-08-13 12:12:24', 0),
	(188, 12, 'Bot', 6.21, '2015-10-26 09:45:00', '00:03:01', '2015-08-09 09:29:16', '2015-08-13 12:12:24', 0),
	(189, 12, 'Terra Alta', 35.41, '2015-10-26 10:00:00', '00:23:01', '2015-08-09 09:29:16', '2015-08-13 12:12:24', 0),
	(190, 12, 'Mora d\'Ebre 2', 9.69, '2015-10-26 10:15:00', '00:05:01', '2015-08-09 09:29:16', '2015-08-13 12:12:24', 0),
	(191, 12, 'Caseres 2', 12.10, '2015-10-26 10:30:00', '00:07:01', '2015-08-09 09:29:16', '2015-08-13 12:12:24', 0),
	(192, 12, 'Bot 2', 6.21, '2015-10-26 10:45:00', '00:04:00', '2015-08-09 09:29:16', '2015-08-13 12:12:24', 0),
	(193, 12, 'Terra Alta 2', 35.41, '2015-10-26 11:00:00', '00:21:01', '2015-08-09 09:29:16', '2015-08-13 12:12:24', 0),
	(194, 12, 'Porrera', 7.91, '2015-10-26 11:15:00', '00:04:01', '2015-08-09 09:29:16', '2015-08-13 12:12:24', 0),
	(195, 12, 'La Figuera', 26.35, '2015-10-26 11:30:00', '00:15:00', '2015-08-09 09:29:16', '2015-08-13 12:12:24', 0),
	(196, 12, 'Poboleda', 10.73, '2015-10-26 11:45:00', '00:07:00', '2015-08-09 09:29:16', '2015-08-13 12:12:24', 0),
	(197, 12, 'Capafonts', 19.13, '2015-10-26 12:00:00', '00:11:01', '2015-08-09 09:29:17', '2015-08-13 12:12:24', 0),
	(198, 12, 'La Figuera 2', 26.35, '2015-10-26 12:15:00', '00:16:00', '2015-08-09 09:29:17', '2015-08-13 12:12:24', 0),
	(199, 12, 'Poboleda 2', 10.73, '2015-10-26 12:30:00', '00:06:00', '2015-08-09 09:29:17', '2015-08-13 12:12:24', 0),
	(200, 12, 'Capafonts 2', 19.13, '2015-10-26 12:45:00', '00:12:01', '2015-08-09 09:29:17', '2015-08-13 12:12:25', 0),
	(201, 12, 'Salou', 2.62, '2015-10-26 13:00:00', '00:01:01', '2015-08-09 09:29:17', '2015-08-13 12:12:25', 0),
	(202, 13, 'Hafren', 32.44, '2015-08-11 09:00:00', '00:21:00', '2015-08-09 09:33:26', '2015-08-13 12:12:25', 1),
	(203, 13, 'Sweet Lamb', 2.97, '2015-08-11 09:15:00', '00:02:00', '2015-08-09 09:33:26', '2015-08-13 12:12:25', 1),
	(204, 13, 'Myherin', 31.73, '2015-08-11 09:30:00', '00:21:01', '2015-08-09 09:33:26', '2015-08-13 12:12:25', 1),
	(205, 13, 'Harfen 2', 32.60, '2015-08-11 09:45:00', '00:19:01', '2015-08-09 09:33:26', '2015-08-13 12:12:25', 1),
	(206, 13, 'Sweet Lamb 2', 2.97, '2015-08-11 10:00:00', '00:01:01', '2015-08-09 09:33:27', '2015-08-13 12:12:25', 1),
	(207, 13, 'Myherin 2', 31.73, '2015-08-11 10:15:00', '00:19:00', '2015-08-09 09:33:27', '2015-08-13 12:12:25', 1),
	(208, 13, 'Gartheiniog', 11.97, '2015-08-11 10:30:00', '00:07:00', '2015-08-09 09:33:27', '2015-08-13 12:12:25', 1),
	(209, 13, 'Dyfi', 25.37, '2015-08-11 10:45:00', '00:16:00', '2015-08-09 09:33:27', '2015-08-13 12:12:25', 1),
	(210, 13, 'Gartheiniog 2', 11.97, '2015-08-11 11:00:00', '00:07:01', '2015-08-09 09:33:27', '2015-08-13 12:12:25', 1),
	(211, 13, 'Dyfi 2', 25.37, '2015-08-11 11:15:00', '00:17:00', '2015-08-09 09:33:27', '2015-08-13 12:12:25', 1),
	(212, 13, 'Dyfnant', 19.89, '2015-08-11 11:30:00', '00:13:01', '2015-08-09 09:33:27', '2015-08-13 12:12:25', 1),
	(213, 13, 'Aberhirnant', 13.70, '2015-08-11 11:45:00', '00:09:00', '2015-08-09 09:33:27', '2015-08-13 12:12:25', 1),
	(214, 13, 'Chirk Castle', 2.28, '2015-08-11 12:00:00', '00:01:01', '2015-08-09 09:33:27', '2015-08-13 12:12:25', 1),
	(215, 13, 'Dynant 2', 19.83, '2015-08-11 12:15:00', '00:12:00', '2015-08-09 09:33:27', '2015-08-13 12:12:25', 1),
	(216, 13, 'Aberhirnant 2', 13.70, '2015-08-11 12:30:00', '00:07:01', '2015-08-09 09:33:27', '2015-08-13 12:12:25', 1),
	(217, 13, 'Brenig', 10.99, '2015-08-11 12:45:00', '00:07:00', '2015-08-09 09:33:27', '2015-08-13 12:12:25', 1),
	(218, 13, 'ALwen', 10.16, '2015-08-11 13:00:00', '00:06:01', '2015-08-09 09:33:27', '2015-08-13 12:12:25', 1),
	(219, 14, 'Pierbach', 18.57, '2015-08-18 09:00:00', '00:11:00', '2015-08-09 14:43:28', '2015-08-13 12:12:25', 0),
	(220, 14, 'Liebenau', 10.10, '2015-08-18 09:15:00', '00:06:01', '2015-08-09 14:43:28', '2015-08-13 12:12:25', 0),
	(221, 14, 'St. Oswald', 8.20, '2015-08-18 09:30:00', '00:05:00', '2015-08-09 14:43:28', '2015-08-13 12:12:25', 0),
	(222, 14, 'Pierbach 2', 18.57, '2015-08-18 09:45:00', '00:11:00', '2015-08-09 14:43:28', '2015-08-13 12:12:25', 0),
	(223, 14, 'Liebenau 2', 10.10, '2015-08-18 10:00:00', '00:05:01', '2015-08-09 14:43:28', '2015-08-13 12:12:25', 0),
	(224, 14, 'St. Ostwald', 8.22, '2015-08-18 10:15:00', '00:05:01', '2015-08-09 14:43:28', '2015-08-13 12:12:25', 0),
	(225, 14, 'Pregarten', 8.44, '2015-08-18 10:30:00', '00:05:00', '2015-08-09 14:43:28', '2015-08-13 12:12:25', 0),
	(226, 14, 'Schonau', 22.80, '2015-08-18 10:45:00', '00:14:01', '2015-08-09 14:43:28', '2015-08-13 12:12:25', 0),
	(227, 14, 'Pregarten 2', 8.44, '2015-08-18 11:00:00', '00:05:00', '2015-08-09 14:43:28', '2015-08-13 12:12:25', 0),
	(228, 14, 'Schonau', 22.81, '2015-08-18 11:15:00', '00:14:00', '2015-08-09 14:43:28', '2015-08-13 12:12:25', 0),
	(229, 14, 'Gutau', 8.68, '2015-08-18 11:30:00', '00:05:00', '2015-08-09 14:43:28', '2015-08-13 12:12:25', 0),
	(230, 14, 'Unterweissenbach 2', 12.31, '2015-08-18 11:45:00', '00:07:01', '2015-08-09 14:43:29', '2015-08-13 12:12:25', 0),
	(231, 14, 'Arena Konigswiesen', 7.33, '2015-08-18 12:00:00', '00:04:01', '2015-08-09 14:43:29', '2015-08-13 12:12:25', 0),
	(232, 14, 'Gutau 2', 8.68, '2015-08-18 12:15:00', '00:05:01', '2015-08-09 14:43:29', '2015-08-13 12:12:25', 0),
	(233, 14, 'Unterweissenbach', 12.31, '2015-08-18 12:30:00', '00:08:00', '2015-08-09 14:43:29', '2015-08-13 12:12:25', 0),
	(234, 14, 'Arena Konigswiesen', 7.76, '2015-08-18 12:45:00', '00:04:01', '2015-08-09 14:43:29', '2015-08-13 12:12:25', 0),
	(235, 14, 'Bad Zell', 21.71, '2015-08-18 13:00:00', '00:14:00', '2015-08-09 14:43:29', '2015-08-13 12:12:25', 0),
	(236, 15, 'Basi', 16.11, '2015-08-25 09:00:00', '00:10:00', '2015-08-09 14:47:07', '2015-08-13 12:12:25', 0),
	(237, 15, 'Kuldiga', 36.11, '2015-08-25 09:15:00', '00:23:01', '2015-08-09 14:47:07', '2015-08-13 12:12:25', 0),
	(238, 15, 'Ecorent', 7.80, '2015-08-25 09:30:00', '00:04:01', '2015-08-09 14:47:07', '2015-08-13 12:12:25', 0),
	(239, 15, 'Kuldiga 2', 36.11, '2015-08-25 09:45:00', '00:23:00', '2015-08-09 14:47:07', '2015-08-13 12:12:25', 0),
	(240, 15, 'Basi 2', 16.11, '2015-08-25 10:00:00', '00:09:00', '2015-08-09 14:47:07', '2015-08-13 12:12:25', 0),
	(241, 15, 'Podnieki', 11.37, '2015-08-25 10:15:00', '00:06:01', '2015-08-09 14:47:07', '2015-08-13 12:12:25', 0),
	(242, 15, 'Tebra', 12.70, '2015-08-25 10:30:00', '00:07:01', '2015-08-09 14:47:07', '2015-08-13 12:12:25', 0),
	(243, 15, 'Vecpils', 22.64, '2015-08-25 10:45:00', '00:14:01', '2015-08-09 14:47:07', '2015-08-13 12:12:25', 0),
	(244, 15, 'Podnieki 2', 11.37, '2015-08-25 11:00:00', '00:06:00', '2015-08-09 14:47:07', '2015-08-13 12:12:25', 0),
	(245, 15, 'Tebra 2', 12.70, '2015-08-25 11:15:00', '00:08:00', '2015-08-09 14:47:07', '2015-08-13 12:12:25', 0),
	(246, 15, 'Vecpils 2', 22.64, '2015-08-25 11:30:00', '00:14:01', '2015-08-09 14:47:07', '2015-08-13 12:12:25', 0),
	(247, 15, 'Liepaja special', 1.81, '2015-08-25 11:45:00', '00:01:00', '2015-08-09 14:47:07', '2015-08-13 12:12:25', 0),
	(248, 16, 'Bucks Head', 14.47, '2015-09-01 09:00:00', '00:08:00', '2015-08-09 18:29:55', '2015-08-13 12:12:25', 0),
	(249, 16, 'Hamilton\'s Folly', 16.40, '2015-09-01 09:15:00', '00:10:00', '2015-08-09 18:29:55', '2015-08-13 12:12:25', 0),
	(250, 16, 'Lough Henney', 10.42, '2015-09-01 09:30:00', '00:06:01', '2015-08-09 18:29:55', '2015-08-13 12:12:25', 0),
	(251, 16, 'Bucks Head 2', 14.47, '2015-09-01 09:45:00', '00:09:00', '2015-08-09 18:29:55', '2015-08-13 12:12:25', 0),
	(252, 16, 'Hamilton\'s Folly 2', 16.40, '2015-09-01 10:00:00', '00:09:00', '2015-08-09 18:29:56', '2015-08-13 12:12:25', 0),
	(253, 16, 'Lough Henry 2', 10.33, '2015-09-01 10:15:00', '00:06:00', '2015-08-09 18:29:56', '2015-08-13 12:12:25', 0),
	(254, 16, 'Newtownards TT', 1.63, '2015-09-01 10:30:00', '00:01:00', '2015-08-09 18:29:56', '2015-08-13 12:12:25', 0),
	(255, 16, 'Newtownards TT 2', 1.63, '2015-09-01 10:45:00', '00:01:00', '2015-08-09 18:29:56', '2015-08-13 12:12:25', 0),
	(256, 16, 'Bulls Brook', 13.21, '2015-09-01 11:00:00', '00:07:01', '2015-08-09 18:29:56', '2015-08-13 12:12:25', 0),
	(257, 16, 'McGaffins Corner', 26.16, '2015-09-01 11:15:00', '00:15:00', '2015-08-09 18:29:56', '2015-08-13 12:12:25', 0),
	(258, 16, 'Banbridge', 8.58, '2015-09-01 11:30:00', '00:05:00', '2015-08-09 18:29:56', '2015-08-13 12:12:25', 0),
	(259, 16, 'Gregoriough', 14.91, '2015-09-01 11:45:00', '00:08:01', '2015-08-09 18:29:56', '2015-08-13 12:12:25', 0),
	(260, 16, 'Lisburn', 1.78, '2015-09-01 12:00:00', '00:01:00', '2015-08-09 18:29:56', '2015-08-13 12:12:25', 0),
	(261, 16, 'Lisburn 2', 1.78, '2015-09-01 12:15:00', '00:01:00', '2015-08-09 18:29:56', '2015-08-13 12:12:25', 0),
	(262, 16, 'Bulls Brook 2', 13.21, '2015-09-01 12:30:00', '00:08:01', '2015-08-09 18:29:56', '2015-08-13 12:12:25', 0),
	(263, 16, 'McGaffins Corner 2', 26.16, '2015-09-01 12:45:00', '00:15:01', '2015-08-09 18:29:56', '2015-08-13 12:12:25', 0),
	(264, 16, 'Banbridge 2', 8.58, '2015-09-01 13:00:00', '00:05:01', '2015-08-09 18:29:56', '2015-08-13 12:12:25', 0),
	(265, 17, 'Grupo Marques', 3.34, '2015-09-08 09:00:00', '00:02:00', '2015-08-09 18:37:22', '2015-08-13 12:12:25', 0),
	(266, 17, 'Solucoes', 7.96, '2015-09-08 09:15:00', '00:04:01', '2015-08-09 18:37:23', '2015-08-13 12:12:25', 0),
	(267, 17, 'Vila Franca', 12.79, '2015-09-08 09:30:00', '00:08:00', '2015-08-09 18:37:23', '2015-08-13 12:12:25', 0),
	(268, 17, 'Lagoa Meo', 6.28, '2015-09-08 09:45:00', '00:04:00', '2015-08-09 18:37:23', '2015-08-13 12:12:25', 0),
	(269, 17, 'Pico da Pedra Golfe', 7.86, '2015-09-08 10:00:00', '00:05:00', '2015-08-09 18:37:23', '2015-08-13 12:12:25', 0),
	(270, 17, 'Feteiras', 7.88, '2015-09-08 10:15:00', '00:05:00', '2015-08-09 18:37:23', '2015-08-13 12:12:25', 0),
	(271, 17, 'Sete Cidades', 28.57, '2015-09-08 10:30:00', '00:18:01', '2015-08-09 18:37:23', '2015-08-13 12:12:25', 0),
	(272, 17, 'Lagoa Meo 2', 6.28, '2015-09-08 10:45:00', '00:04:00', '2015-08-09 18:37:23', '2015-08-13 12:12:25', 0),
	(273, 17, 'Pico da Pedra Golfe 2', 7.86, '2015-09-08 11:00:00', '00:04:00', '2015-08-09 18:37:23', '2015-08-13 12:12:25', 0),
	(274, 17, 'Feteiras 2', 7.88, '2015-09-08 11:15:00', '00:05:00', '2015-08-09 18:37:23', '2015-08-13 12:12:25', 0),
	(275, 17, 'Sete Cidades 2', 28.57, '2015-09-08 11:30:00', '00:16:00', '2015-08-09 18:37:23', '2015-08-13 12:12:25', 0),
	(276, 17, 'Graminhais', 20.84, '2015-09-08 11:45:00', '00:12:01', '2015-08-09 18:37:23', '2015-08-13 12:12:25', 0),
	(277, 17, 'Tronqueira', 21.68, '2015-09-08 12:00:00', '00:12:01', '2015-08-09 18:37:23', '2015-08-13 12:12:25', 0),
	(278, 17, 'Grupo Marques 2', 3.34, '2015-09-08 12:15:00', '00:01:01', '2015-08-09 18:37:23', '2015-08-13 12:12:25', 0),
	(279, 17, 'Vila Franca 2', 12.79, '2015-09-08 12:30:00', '00:07:01', '2015-08-09 18:37:23', '2015-08-13 12:12:25', 0),
	(280, 17, 'Graminhais 2', 20.84, '2015-09-08 12:45:00', '00:13:00', '2015-08-09 18:37:24', '2015-08-13 12:12:25', 0),
	(281, 17, 'Tronqueira 2', 21.68, '2015-09-08 13:00:00', '00:14:01', '2015-08-09 18:37:24', '2015-08-13 12:12:25', 0),
	(282, 18, 'Langemark', 12.57, '2015-09-15 09:00:00', '00:07:00', '2015-08-10 10:35:26', '2015-08-13 12:12:25', 0),
	(283, 18, 'Dikkebus', 14.73, '2015-09-15 09:15:00', '00:08:01', '2015-08-10 10:35:26', '2015-08-13 12:12:25', 0),
	(284, 18, 'Wijtschate', 13.43, '2015-09-15 09:30:00', '00:08:00', '2015-08-10 10:35:27', '2015-08-13 12:12:25', 0),
	(285, 18, 'Mesen', 7.80, '2015-09-15 09:45:00', '00:04:01', '2015-08-10 10:35:27', '2015-08-13 12:12:25', 0),
	(286, 18, 'Dikkebus 2', 14.73, '2015-09-15 10:00:00', '00:08:01', '2015-08-10 10:35:27', '2015-08-13 12:12:25', 0),
	(287, 18, 'Wijtschate 2', 13.43, '2015-09-15 10:15:00', '00:09:00', '2015-08-10 10:35:27', '2015-08-13 12:12:25', 0),
	(288, 18, 'Mesen 2', 7.80, '2015-09-15 10:30:00', '00:05:00', '2015-08-10 10:35:27', '2015-08-13 12:12:25', 0),
	(289, 18, 'Reninge', 14.22, '2015-09-15 10:45:00', '00:09:00', '2015-08-10 10:35:27', '2015-08-13 12:12:25', 0),
	(290, 18, 'Watou', 14.25, '2015-09-15 11:00:00', '00:08:00', '2015-08-10 10:35:27', '2015-08-13 12:12:25', 0),
	(291, 18, 'Westouter-Boeschepe', 19.34, '2015-09-15 11:15:00', '00:13:00', '2015-08-10 10:35:27', '2015-08-13 12:12:25', 0),
	(292, 18, 'Kemmelberg', 13.64, '2015-09-15 11:30:00', '00:08:01', '2015-08-10 10:35:27', '2015-08-13 12:12:25', 0),
	(293, 18, 'Hollebeket', 23.99, '2015-09-15 11:45:00', '00:16:00', '2015-08-10 10:35:27', '2015-08-13 12:12:25', 0),
	(294, 18, 'Reninge 2', 14.22, '2015-09-15 12:00:00', '00:09:00', '2015-08-10 10:35:27', '2015-08-13 12:12:25', 0),
	(295, 18, 'Watou 2', 14.25, '2015-09-15 12:15:00', '00:08:00', '2015-08-10 10:35:27', '2015-08-13 12:12:25', 0),
	(296, 18, 'Westouter-Boeschepe 2', 19.34, '2015-09-15 12:30:00', '00:11:01', '2015-08-10 10:35:27', '2015-08-13 12:12:25', 0),
	(297, 18, 'Kemmelberg 2', 13.64, '2015-09-15 12:45:00', '00:08:00', '2015-08-10 10:35:27', '2015-08-13 12:12:25', 0),
	(298, 18, 'Hollebeke 2', 23.15, '2015-09-15 13:00:00', '00:14:01', '2015-08-10 10:35:27', '2015-08-13 12:12:25', 0),
	(418, 26, 'Tartu City', 1.31, '2015-09-22 09:00:00', '00:00:01', '2015-08-10 10:51:22', '2015-08-13 12:12:25', 0),
	(419, 26, 'Arula', 8.33, '2015-09-22 09:15:00', '00:04:01', '2015-08-10 10:51:22', '2015-08-13 12:12:25', 0),
	(420, 26, 'Urvaste', 14.14, '2015-09-22 09:30:00', '00:09:00', '2015-08-10 10:51:22', '2015-08-13 12:12:25', 0),
	(421, 26, 'Raiga', 9.84, '2015-09-22 09:45:00', '00:06:00', '2015-08-10 10:51:22', '2015-08-13 12:12:25', 0),
	(422, 26, 'Ristimae', 34.69, '2015-09-22 10:00:00', '00:22:00', '2015-08-10 10:51:22', '2015-08-13 12:12:25', 0),
	(423, 26, 'Ristimae 2', 34.69, '2015-09-22 10:15:00', '00:21:00', '2015-08-10 10:51:22', '2015-08-13 12:12:25', 0),
	(424, 26, 'Raiga 2', 9.84, '2015-09-22 10:30:00', '00:06:00', '2015-08-10 10:51:22', '2015-08-13 12:12:25', 0),
	(425, 26, 'Elva', 1.94, '2015-09-22 10:45:00', '00:01:00', '2015-08-10 10:51:23', '2015-08-13 12:12:25', 0),
	(426, 26, 'Vissi', 13.41, '2015-09-22 11:00:00', '00:08:00', '2015-08-10 10:51:23', '2015-08-13 12:12:25', 0),
	(427, 26, 'Sulaoja', 7.19, '2015-09-22 11:15:00', '00:04:00', '2015-08-10 10:51:23', '2015-08-13 12:12:25', 0),
	(428, 26, 'Alakula', 11.72, '2015-09-22 11:30:00', '00:06:01', '2015-08-10 10:51:23', '2015-08-13 12:12:25', 0),
	(429, 26, 'Vissi 2', 13.41, '2015-09-22 11:45:00', '00:08:01', '2015-08-10 10:51:23', '2015-08-13 12:12:25', 0),
	(430, 26, 'Sulaoja 2', 7.19, '2015-09-22 12:00:00', '00:04:00', '2015-08-10 10:51:23', '2015-08-13 12:12:25', 0),
	(431, 26, 'Alakula 2', 11.72, '2015-09-22 12:15:00', '00:07:00', '2015-08-10 10:51:23', '2015-08-13 12:12:25', 0),
	(432, 26, 'Arula 2', 8.33, '2015-09-22 12:30:00', '00:05:00', '2015-08-10 10:51:23', '2015-08-13 12:12:25', 0),
	(433, 26, 'Urwaste 2', 14.60, '2015-09-22 12:45:00', '00:09:00', '2015-08-10 10:51:23', '2015-08-13 12:12:25', 0),
	(435, 27, 'Super Stage Zlin', 9.42, '2015-09-29 09:00:00', '00:05:00', '2015-08-10 10:54:48', '2015-08-13 12:12:25', 0),
	(436, 27, 'Slusovice', 16.88, '2015-09-29 09:15:00', '00:10:00', '2015-08-10 10:54:48', '2015-08-13 12:12:25', 0),
	(437, 27, 'Pindula', 18.70, '2015-09-29 09:30:00', '00:11:01', '2015-08-10 10:54:48', '2015-08-13 12:12:25', 0),
	(438, 27, 'Majak', 13.56, '2015-09-29 09:45:00', '00:08:01', '2015-08-10 10:54:49', '2015-08-13 12:12:25', 0),
	(439, 27, 'Kudlovice', 17.43, '2015-09-29 10:00:00', '00:10:01', '2015-08-10 10:54:49', '2015-08-13 12:12:25', 0),
	(440, 27, 'Slusovice 2', 16.88, '2015-09-29 10:15:00', '00:09:00', '2015-08-10 10:54:49', '2015-08-13 12:12:25', 0),
	(441, 27, 'Pindula 2', 18.70, '2015-09-29 10:30:00', '00:10:01', '2015-08-10 10:54:49', '2015-08-13 12:12:25', 0),
	(442, 27, 'Majak 2', 13.56, '2015-09-29 10:45:00', '00:07:01', '2015-08-10 10:54:49', '2015-08-13 12:12:25', 0),
	(443, 27, 'Kudlovice 2', 17.43, '2015-09-29 11:00:00', '00:11:01', '2015-08-10 10:54:49', '2015-08-13 12:12:25', 0),
	(444, 27, 'Semetin', 11.38, '2015-09-29 11:15:00', '00:07:01', '2015-08-10 10:54:49', '2015-08-13 12:12:25', 0),
	(445, 27, 'Trojak', 23.76, '2015-09-29 11:30:00', '00:13:00', '2015-08-10 10:54:49', '2015-08-13 12:12:25', 0),
	(446, 27, 'Zlutava', 8.12, '2015-09-29 11:45:00', '00:04:01', '2015-08-10 10:54:49', '2015-08-13 12:12:25', 0),
	(447, 27, 'Semestin 2', 11.89, '2015-09-29 12:00:00', '00:08:00', '2015-08-10 10:54:49', '2015-08-13 12:12:25', 0),
	(448, 27, 'Trojak 2', 23.76, '2015-09-29 12:15:00', '00:14:01', '2015-08-10 10:54:49', '2015-08-13 12:12:25', 0),
	(449, 27, 'Zlutava 2', 8.12, '2015-09-29 12:30:00', '00:05:00', '2015-08-10 10:54:49', '2015-08-13 12:12:25', 0),
	(452, 28, 'Asfalistiki', 5.13, '2015-10-06 09:00:00', '00:03:00', '2015-08-10 10:57:37', '2015-08-13 12:12:25', 0),
	(453, 28, 'Kotsiatis', 15.16, '2015-10-06 09:15:00', '00:10:00', '2015-08-10 10:57:37', '2015-08-13 12:12:25', 0),
	(454, 28, 'Lythrodontas', 21.28, '2015-10-06 09:30:00', '00:14:00', '2015-08-10 10:57:37', '2015-08-13 12:12:25', 0),
	(455, 28, 'Lefkara', 17.67, '2015-10-06 09:45:00', '00:10:00', '2015-08-10 10:57:37', '2015-08-13 12:12:25', 0),
	(456, 28, 'Klavdia', 11.69, '2015-10-06 10:00:00', '00:07:00', '2015-08-10 10:57:37', '2015-08-13 12:12:25', 0),
	(457, 28, 'Tseri', 14.25, '2015-10-06 10:15:00', '00:09:01', '2015-08-10 10:57:37', '2015-08-13 12:12:25', 0),
	(458, 28, 'Asinou', 11.46, '2015-10-06 10:30:00', '00:07:00', '2015-08-10 10:57:37', '2015-08-13 12:12:25', 0),
	(459, 28, 'Xerarkaka', 21.61, '2015-10-06 10:45:00', '00:14:00', '2015-08-10 10:57:37', '2015-08-13 12:12:25', 0),
	(460, 28, 'Tseri 2', 14.25, '2015-10-06 11:00:00', '00:08:01', '2015-08-10 10:57:37', '2015-08-13 12:12:25', 0),
	(461, 28, 'Asinou 2', 11.46, '2015-10-06 11:15:00', '00:06:01', '2015-08-10 10:57:37', '2015-08-13 12:12:25', 0),
	(462, 28, 'Xerarkaka 2', 21.61, '2015-10-06 11:30:00', '00:14:01', '2015-08-10 10:57:37', '2015-08-13 12:12:25', 0),
	(463, 28, 'Kotsiatis 2', 15.16, '2015-10-06 11:45:00', '00:09:00', '2015-08-10 10:57:38', '2015-08-13 12:12:25', 0),
	(464, 28, 'Lythrodontas 2', 21.28, '2015-10-06 12:00:00', '00:12:00', '2015-08-10 10:57:38', '2015-08-13 12:12:25', 0),
	(465, 28, 'Lefkara 2', 17.67, '2015-10-06 12:15:00', '00:10:01', '2015-08-10 10:57:38', '2015-08-13 12:12:25', 0),
	(466, 28, 'Klavdia 2', 11.69, '2015-10-06 12:30:00', '00:06:01', '2015-08-10 10:57:38', '2015-08-13 12:12:25', 0),
	(469, 29, 'Aghios Ioannis', 21.66, '2015-10-13 09:00:00', '00:13:01', '2015-08-10 11:00:38', '2015-08-13 12:12:25', 0),
	(470, 29, 'Aghionori', 23.52, '2015-10-13 09:15:00', '00:13:01', '2015-08-10 11:00:38', '2015-08-13 12:12:25', 0),
	(471, 29, 'Psari', 17.44, '2015-10-13 09:30:00', '00:10:00', '2015-08-10 11:00:38', '2015-08-13 12:12:25', 0),
	(472, 29, 'Aghios Ioannis 2', 21.66, '2015-10-13 09:45:00', '00:13:01', '2015-08-10 11:00:38', '2015-08-13 12:12:25', 0),
	(473, 29, 'Aghionori 2', 23.52, '2015-10-13 10:00:00', '00:13:01', '2015-08-10 11:00:38', '2015-08-13 12:12:25', 0),
	(474, 29, 'Psari 2', 17.44, '2015-10-13 10:15:00', '00:11:00', '2015-08-10 11:00:38', '2015-08-13 12:12:25', 0),
	(475, 29, 'Klenia', 18.16, '2015-10-13 10:30:00', '00:10:01', '2015-08-10 11:00:39', '2015-08-13 12:12:25', 0),
	(476, 29, 'Nea Kineta', 22.39, '2015-10-13 10:45:00', '00:13:00', '2015-08-10 11:00:39', '2015-08-13 12:12:25', 0),
	(477, 29, 'Loutraki', 16.45, '2015-10-13 11:00:00', '00:09:00', '2015-08-10 11:00:39', '2015-08-13 12:12:25', 0),
	(478, 29, 'Klenia 2', 18.16, '2015-10-13 11:15:00', '00:12:00', '2015-08-10 11:00:39', '2015-08-13 12:12:25', 0),
	(479, 29, 'Nea Kineta 2', 22.39, '2015-10-13 11:30:00', '00:13:01', '2015-08-10 11:00:39', '2015-08-13 12:12:25', 0),
	(480, 29, 'Loutraki 2', 16.45, '2015-10-13 11:45:00', '00:10:01', '2015-08-10 11:00:39', '2015-08-13 12:12:25', 0),
	(481, 29, 'Klenia 3', 18.16, '2015-10-13 12:00:00', '00:10:00', '2015-08-10 11:00:39', '2015-08-13 12:12:25', 0),
	(482, 29, 'Nea Kineta 3', 22.39, '2015-10-13 12:15:00', '00:13:01', '2015-08-10 11:00:39', '2015-08-13 12:12:25', 0),
	(483, 29, 'Loutraki 3', 16.45, '2015-10-13 12:30:00', '00:10:01', '2015-08-10 11:00:39', '2015-08-13 12:12:25', 0),
	(486, 30, 'Leukerbad', 8.76, '2015-10-20 09:00:00', '00:05:01', '2015-08-10 11:04:16', '2015-08-13 12:12:25', 0),
	(487, 30, 'Crans - Montana', 11.66, '2015-10-20 09:15:00', '00:07:00', '2015-08-10 11:04:17', '2015-08-13 12:12:25', 0),
	(488, 30, 'Anzere', 12.89, '2015-10-20 09:30:00', '00:08:01', '2015-08-10 11:04:17', '2015-08-13 12:12:25', 0),
	(489, 30, 'Sierre - Anniviers', 14.36, '2015-10-20 09:45:00', '00:08:01', '2015-08-10 11:04:17', '2015-08-13 12:12:25', 0),
	(490, 30, 'Veysonnaz', 13.11, '2015-10-20 10:00:00', '00:07:01', '2015-08-10 11:04:17', '2015-08-13 12:12:25', 0),
	(491, 30, 'Nendaz', 12.63, '2015-10-20 10:15:00', '00:07:00', '2015-08-10 11:04:17', '2015-08-13 12:12:25', 0),
	(492, 30, 'Caserne', 6.43, '2015-10-20 10:30:00', '00:04:00', '2015-08-10 11:04:17', '2015-08-13 12:12:25', 0),
	(493, 30, 'Sierre - Anniviers 2', 14.36, '2015-10-20 10:45:00', '00:08:00', '2015-08-10 11:04:17', '2015-08-13 12:12:25', 0),
	(494, 30, 'Veysonnaz 2', 13.11, '2015-10-20 11:00:00', '00:08:00', '2015-08-10 11:04:17', '2015-08-13 12:12:25', 0),
	(495, 30, 'Nendaz 2', 12.63, '2015-10-20 11:15:00', '00:08:01', '2015-08-10 11:04:17', '2015-08-13 12:12:25', 0),
	(496, 30, 'Caserne 2', 6.43, '2015-10-20 11:30:00', '00:04:00', '2015-08-10 11:04:17', '2015-08-13 12:12:25', 0),
	(497, 30, 'Champex - Lac', 16.63, '2015-10-20 11:45:00', '00:09:01', '2015-08-10 11:04:17', '2015-08-13 12:12:25', 0),
	(498, 30, 'Bruson', 10.35, '2015-10-20 12:00:00', '00:06:00', '2015-08-10 11:04:17', '2015-08-13 12:12:25', 0),
	(499, 30, 'Verbier', 15.92, '2015-10-20 12:15:00', '00:09:00', '2015-08-10 11:04:17', '2015-08-13 12:12:25', 0),
	(500, 30, 'Les Cols', 32.86, '2015-10-20 12:30:00', '00:22:00', '2015-08-10 11:04:17', '2015-08-13 12:12:25', 0),
	(501, 30, 'Champex - Lac 2', 16.63, '2015-10-20 12:45:00', '00:10:01', '2015-08-10 11:04:18', '2015-08-13 12:12:25', 0),
	(502, 30, 'Bruson 2', 10.35, '2015-10-20 13:00:00', '00:06:01', '2015-08-10 11:04:18', '2015-08-13 12:12:25', 0),
	(503, 31, 'Jodlowka', 18.52, '2015-10-27 09:00:00', '00:12:00', '2015-08-10 11:11:05', '2015-08-13 12:12:25', 0),
	(504, 31, 'Hucisko', 12.33, '2015-10-27 09:15:00', '00:06:01', '2015-08-10 11:11:05', '2015-08-13 12:12:25', 0),
	(505, 31, 'Jodlowka 2', 18.52, '2015-10-27 09:30:00', '00:12:00', '2015-08-10 11:11:05', '2015-08-13 12:12:25', 0),
	(506, 31, 'Hucisko 2', 12.33, '2015-10-27 09:45:00', '00:07:00', '2015-08-10 11:11:05', '2015-08-13 12:12:25', 0),
	(507, 31, 'Przemysl', 9.62, '2015-10-27 10:00:00', '00:06:00', '2015-08-10 11:11:05', '2015-08-13 12:12:25', 0),
	(508, 31, 'Przemysl 2', 9.62, '2015-10-27 10:15:00', '00:06:01', '2015-08-10 11:11:05', '2015-08-13 12:12:25', 0),
	(509, 31, 'Leszczawka', 9.23, '2015-10-27 10:30:00', '00:05:01', '2015-08-10 11:11:05', '2015-08-13 12:12:25', 0),
	(510, 31, 'Huta Brzuska', 8.82, '2015-10-27 10:45:00', '00:06:00', '2015-08-10 11:11:05', '2015-08-13 12:12:25', 0),
	(511, 31, 'Bircza', 15.63, '2015-10-27 11:00:00', '00:10:01', '2015-08-10 11:11:05', '2015-08-13 12:12:25', 0),
	(512, 31, 'Leszczawka 2', 9.23, '2015-10-27 11:15:00', '00:06:00', '2015-08-10 11:11:06', '2015-08-13 12:12:25', 0),
	(513, 31, 'Huta Brzuska 2', 8.82, '2015-10-27 11:30:00', '00:05:01', '2015-08-10 11:11:06', '2015-08-13 12:12:25', 0),
	(514, 31, 'Bircza 2', 15.63, '2015-10-27 11:45:00', '00:09:00', '2015-08-10 11:11:06', '2015-08-13 12:12:25', 0),
	(515, 31, 'Leszczawka 3', 9.23, '2015-10-27 12:00:00', '00:05:00', '2015-08-10 11:11:06', '2015-08-13 12:12:25', 0),
	(516, 31, 'Huta Brzuska 3', 8.82, '2015-10-27 12:15:00', '00:05:01', '2015-08-10 11:11:06', '2015-08-13 12:12:25', 0),
	(517, 31, 'Bircza 3', 15.63, '2015-10-27 12:30:00', '00:10:01', '2015-08-10 11:11:06', '2015-08-13 12:12:25', 0),
	(520, 32, 'Klodzko', 2.94, '2015-08-12 09:00:00', '00:01:01', '2015-08-10 11:14:37', '2015-08-13 12:12:25', 1),
	(521, 32, 'Klodzko 2', 2.94, '2015-08-12 09:15:00', '00:01:01', '2015-08-10 11:14:38', '2015-08-13 12:12:25', 1),
	(522, 32, 'Domaszkow', 23.65, '2015-08-12 09:30:00', '00:16:00', '2015-08-10 11:14:38', '2015-08-13 12:12:25', 1),
	(523, 32, 'Wilkanow', 17.89, '2015-08-12 09:45:00', '00:10:00', '2015-08-10 11:14:38', '2015-08-13 12:12:25', 1),
	(524, 32, 'Domaszkow 2', 23.65, '2015-08-12 10:00:00', '00:13:00', '2015-08-10 11:14:38', '2015-08-13 12:12:25', 1),
	(525, 32, 'Wilkanow 2', 17.89, '2015-08-12 10:15:00', '00:11:00', '2015-08-10 11:14:38', '2015-08-13 12:12:25', 1),
	(526, 32, 'Staropolanka', 14.96, '2015-08-12 10:30:00', '00:08:01', '2015-08-10 11:14:38', '2015-08-13 12:12:25', 1),
	(527, 32, 'BGK', 14.38, '2015-08-12 10:45:00', '00:08:00', '2015-08-10 11:14:38', '2015-08-13 12:12:25', 1),
	(528, 32, 'Radkowska Perla', 9.43, '2015-08-12 11:00:00', '00:06:00', '2015-08-10 11:14:38', '2015-08-13 12:12:25', 1),
	(529, 32, 'Staropolanka 2', 14.96, '2015-08-12 11:15:00', '00:09:01', '2015-08-10 11:14:38', '2015-08-13 12:12:25', 1),
	(530, 32, 'BGK 2', 14.38, '2015-08-12 11:30:00', '00:08:00', '2015-08-10 11:14:38', '2015-08-13 12:12:25', 1),
	(531, 32, 'Radkowska Perla 2', 9.43, '2015-08-12 11:45:00', '00:06:00', '2015-08-10 11:14:38', '2015-08-13 12:12:25', 1),
	(532, 32, 'Staropolanka 3', 14.96, '2015-08-12 12:00:00', '00:08:00', '2015-08-10 11:14:38', '2015-08-13 12:12:25', 1),
	(533, 32, 'BGK 3', 14.38, '2015-08-12 12:15:00', '00:09:00', '2015-08-10 11:14:38', '2015-08-13 12:12:25', 1),
	(534, 32, 'Radkowska Perla 3', 9.43, '2015-08-12 12:30:00', '00:06:00', '2015-08-10 11:14:38', '2015-08-13 12:12:25', 1),
	(537, 33, 'Zabobrze', 2.38, '2015-08-19 09:00:00', '00:01:01', '2015-08-10 11:21:17', '2015-08-13 12:12:25', 0),
	(538, 33, 'Zabobrze 2', 2.38, '2015-08-19 09:15:00', '00:01:01', '2015-08-10 11:21:17', '2015-08-13 12:12:25', 0),
	(539, 33, 'Karpniki', 14.72, '2015-08-19 09:30:00', '00:09:01', '2015-08-10 11:21:17', '2015-08-13 12:12:25', 0),
	(540, 33, 'Gajowka', 12.93, '2015-08-19 09:45:00', '00:07:01', '2015-08-10 11:21:17', '2015-08-13 12:12:25', 0),
	(541, 33, 'Lubomierz', 12.60, '2015-08-19 10:00:00', '00:08:00', '2015-08-10 11:21:17', '2015-08-13 12:12:25', 0),
	(542, 33, 'Karpniki 2', 14.72, '2015-08-19 10:15:00', '00:09:01', '2015-08-10 11:21:17', '2015-08-13 12:12:25', 0),
	(543, 33, 'Gajowka 2', 12.93, '2015-08-19 10:30:00', '00:08:00', '2015-08-10 11:21:17', '2015-08-13 12:12:25', 0),
	(544, 33, 'Lubomierz 2', 12.60, '2015-08-19 10:45:00', '00:07:01', '2015-08-10 11:21:17', '2015-08-13 12:12:25', 0),
	(545, 33, 'Karpacz', 19.63, '2015-08-19 11:00:00', '00:13:00', '2015-08-10 11:21:17', '2015-08-13 12:12:25', 0),
	(546, 33, 'Czernica', 27.24, '2015-08-19 11:15:00', '00:15:01', '2015-08-10 11:21:18', '2015-08-13 12:12:25', 0),
	(547, 33, 'Karpacz 2', 19.63, '2015-08-19 11:30:00', '00:11:01', '2015-08-10 11:21:18', '2015-08-13 12:12:25', 0),
	(548, 33, 'Czernica 2', 27.24, '2015-08-19 11:45:00', '00:17:00', '2015-08-10 11:21:18', '2015-08-13 12:12:25', 0),
	(549, 33, 'Karpacz 3', 19.63, '2015-08-19 12:00:00', '00:11:00', '2015-08-10 11:21:18', '2015-08-13 12:12:25', 0),
	(550, 33, 'Czernica 3', 27.24, '2015-08-19 12:15:00', '00:18:00', '2015-08-10 11:21:18', '2015-08-13 12:12:25', 0),
	(554, 34, 'Lebno', 14.27, '2015-08-26 09:00:00', '00:09:00', '2015-08-10 11:25:24', '2015-08-13 12:12:25', 0),
	(555, 34, 'Ketrzyno', 8.89, '2015-08-26 09:15:00', '00:05:01', '2015-08-10 11:25:24', '2015-08-13 12:12:25', 0),
	(556, 34, 'Linia', 14.89, '2015-08-26 09:30:00', '00:08:01', '2015-08-10 11:25:24', '2015-08-13 12:12:25', 0),
	(557, 34, 'Lebno 2', 14.27, '2015-08-26 09:45:00', '00:08:00', '2015-08-10 11:25:24', '2015-08-13 12:12:25', 0),
	(558, 34, 'Ketrzyno 2', 8.89, '2015-08-26 10:00:00', '00:05:00', '2015-08-10 11:25:24', '2015-08-13 12:12:25', 0),
	(559, 34, 'Linia 2', 14.89, '2015-08-26 10:15:00', '00:08:00', '2015-08-10 11:25:24', '2015-08-13 12:12:25', 0),
	(560, 34, 'Lebno 3', 14.27, '2015-08-26 10:30:00', '00:08:01', '2015-08-10 11:25:24', '2015-08-13 12:12:25', 0),
	(561, 34, 'Ketrzyno 3', 8.89, '2015-08-26 10:45:00', '00:05:01', '2015-08-10 11:25:25', '2015-08-13 12:12:25', 0),
	(562, 34, 'Linia 3', 14.89, '2015-08-26 11:00:00', '00:10:00', '2015-08-10 11:25:25', '2015-08-13 12:12:25', 0),
	(563, 34, 'Przodkowo', 11.47, '2015-08-26 11:15:00', '00:06:00', '2015-08-10 11:25:25', '2015-08-13 12:12:25', 0),
	(564, 34, 'Kartuzy', 12.96, '2015-08-26 11:30:00', '00:08:01', '2015-08-10 11:25:25', '2015-08-13 12:12:25', 0),
	(565, 34, 'Szemud', 13.25, '2015-08-26 11:45:00', '00:08:00', '2015-08-10 11:25:25', '2015-08-13 12:12:25', 0),
	(566, 34, 'Przodkowo 2', 11.47, '2015-08-26 12:00:00', '00:07:00', '2015-08-10 11:25:25', '2015-08-13 12:12:25', 0),
	(567, 34, 'Kartuzy 2', 12.96, '2015-08-26 12:15:00', '00:07:00', '2015-08-10 11:25:25', '2015-08-13 12:12:25', 0),
	(568, 34, 'Szemud 2', 13.25, '2015-08-26 12:30:00', '00:08:00', '2015-08-10 11:25:25', '2015-08-13 12:12:25', 0),
	(571, 35, 'Blizianka', 11.97, '2015-09-02 09:00:00', '00:07:00', '2015-08-10 11:27:51', '2015-08-13 12:12:25', 0),
	(572, 35, 'Lubenia', 25.67, '2015-09-02 09:15:00', '00:16:01', '2015-08-10 11:27:51', '2015-08-13 12:12:25', 0),
	(573, 35, 'Blizianka 2', 11.97, '2015-09-02 09:30:00', '00:07:00', '2015-08-10 11:27:51', '2015-08-13 12:12:25', 0),
	(574, 35, 'Lubenia 2', 25.67, '2015-09-02 09:45:00', '00:16:01', '2015-08-10 11:27:51', '2015-08-13 12:12:25', 0),
	(575, 35, 'Nowy Swiat', 4.44, '2015-09-02 10:00:00', '00:02:01', '2015-08-10 11:27:51', '2015-08-13 12:12:25', 0),
	(576, 35, 'Blizianka 3', 11.97, '2015-09-02 10:15:00', '00:07:01', '2015-08-10 11:27:51', '2015-08-13 12:12:25', 0),
	(577, 35, 'Lubenia 3', 25.67, '2015-09-02 10:30:00', '00:17:00', '2015-08-10 11:27:51', '2015-08-13 12:12:25', 0),
	(578, 35, 'Husow', 12.74, '2015-09-02 10:45:00', '00:07:01', '2015-08-10 11:27:51', '2015-08-13 12:12:25', 0),
	(579, 35, 'Widaczow', 10.65, '2015-09-02 11:00:00', '00:06:00', '2015-08-10 11:27:51', '2015-08-13 12:12:25', 0),
	(580, 35, 'Izdebki', 15.99, '2015-09-02 11:15:00', '00:09:00', '2015-08-10 11:27:51', '2015-08-13 12:12:25', 0),
	(581, 35, 'Husow 2', 12.74, '2015-09-02 11:30:00', '00:07:01', '2015-08-10 11:27:52', '2015-08-13 12:12:25', 0),
	(582, 35, 'Widaczow 2', 10.65, '2015-09-02 11:45:00', '00:06:01', '2015-08-10 11:27:52', '2015-08-13 12:12:25', 0),
	(583, 35, 'Izdebki 2', 15.99, '2015-09-02 12:00:00', '00:09:01', '2015-08-10 11:27:52', '2015-08-13 12:12:25', 0),
	(584, 35, 'Husow 3', 12.74, '2015-09-02 12:15:00', '00:07:01', '2015-08-10 11:27:52', '2015-08-13 12:12:25', 0),
	(585, 35, 'Widaczow 3', 10.65, '2015-09-02 12:30:00', '00:06:00', '2015-08-10 11:27:52', '2015-08-13 12:12:25', 0),
	(586, 35, 'Izdebki 3', 15.99, '2015-09-02 12:45:00', '00:09:01', '2015-08-10 11:27:52', '2015-08-13 12:12:25', 0),
	(588, 36, 'Rosciszow', 8.94, '2015-09-09 09:00:00', '00:05:00', '2015-08-10 11:35:54', '2015-08-13 12:12:25', 0),
	(589, 36, 'Swierki', 8.49, '2015-09-09 09:15:00', '00:05:00', '2015-08-10 11:35:55', '2015-08-13 12:12:25', 0),
	(590, 36, 'Milkow', 12.32, '2015-09-09 09:30:00', '00:06:01', '2015-08-10 11:35:55', '2015-08-13 12:12:25', 0),
	(591, 36, 'Rosciszow 2', 8.94, '2015-09-09 09:45:00', '00:05:00', '2015-08-10 11:35:55', '2015-08-13 12:12:25', 0),
	(592, 36, 'Swierki 2', 8.49, '2015-09-09 10:00:00', '00:04:01', '2015-08-10 11:35:55', '2015-08-13 12:12:25', 0),
	(593, 36, 'Milkow 2', 12.32, '2015-09-09 10:15:00', '00:07:01', '2015-08-10 11:35:55', '2015-08-13 12:12:25', 0),
	(594, 36, 'Rosciszow 3', 8.94, '2015-09-09 10:30:00', '00:05:01', '2015-08-10 11:35:55', '2015-08-13 12:12:25', 0),
	(595, 36, 'Swierki 3', 8.49, '2015-09-09 10:45:00', '00:04:01', '2015-08-10 11:35:55', '2015-08-13 12:12:25', 0),
	(596, 36, 'Milkow 3', 12.32, '2015-09-09 11:00:00', '00:07:01', '2015-08-10 11:35:55', '2015-08-13 12:12:25', 0),
	(597, 36, 'Michalkowa', 14.73, '2015-09-09 11:15:00', '00:09:00', '2015-08-10 11:35:55', '2015-08-13 12:12:25', 0),
	(598, 36, 'Woliborz', 8.77, '2015-09-09 11:30:00', '00:05:00', '2015-08-10 11:35:55', '2015-08-13 12:12:25', 0),
	(599, 36, 'Milkow Reverse', 12.97, '2015-09-09 11:45:00', '00:08:01', '2015-08-10 11:35:55', '2015-08-13 12:12:25', 0),
	(600, 36, 'Michalkowa 2', 14.73, '2015-09-09 12:00:00', '00:09:01', '2015-08-10 11:35:55', '2015-08-13 12:12:25', 0),
	(601, 36, 'Woliborz 2', 8.77, '2015-09-09 12:15:00', '00:05:01', '2015-08-10 11:35:55', '2015-08-13 12:12:25', 0),
	(602, 36, 'Milkow Reverse 2', 12.97, '2015-09-09 12:30:00', '00:07:01', '2015-08-10 11:35:56', '2015-08-13 12:12:25', 0),
	(605, 37, 'Hunter Southern', 6.78, '2015-09-16 09:00:00', '00:04:01', '2015-08-10 11:58:58', '2015-08-13 12:12:25', 0),
	(606, 37, 'Hunter Southern 2', 6.78, '2015-09-16 09:15:00', '00:04:01', '2015-08-10 11:58:58', '2015-08-13 12:12:25', 0),
	(607, 37, 'Harold', 6.61, '2015-09-16 09:30:00', '00:03:01', '2015-08-10 11:58:58', '2015-08-13 12:12:25', 0),
	(608, 37, 'Harold 2', 6.61, '2015-09-16 09:45:00', '00:03:01', '2015-08-10 11:58:58', '2015-08-13 12:12:25', 0),
	(609, 37, 'Hunter Southern 3', 6.78, '2015-09-16 10:00:00', '00:04:01', '2015-08-10 11:58:58', '2015-08-13 12:12:25', 0),
	(610, 37, 'Harold 3', 6.61, '2015-09-16 10:15:00', '00:03:01', '2015-08-10 11:58:58', '2015-08-13 12:12:25', 0),
	(611, 37, 'Harold 4', 6.61, '2015-09-16 10:30:00', '00:03:01', '2015-08-10 11:58:58', '2015-08-13 12:12:25', 0),
	(612, 37, 'Hunter Northern', 8.89, '2015-09-16 10:45:00', '00:05:01', '2015-08-10 11:58:58', '2015-08-13 12:12:25', 0),
	(613, 37, 'Hunter Northern Reverse', 8.31, '2015-09-16 11:00:00', '00:04:01', '2015-08-10 11:58:58', '2015-08-13 12:12:25', 0),
	(614, 37, 'Hunter Southern Reverse', 6.54, '2015-09-16 11:15:00', '00:04:00', '2015-08-10 11:58:58', '2015-08-13 12:12:25', 0),
	(615, 37, 'Hunter Southern 4', 6.78, '2015-09-16 11:30:00', '00:04:01', '2015-08-10 11:58:58', '2015-08-13 12:12:25', 0),
	(616, 37, 'Hunter Northern 2', 8.89, '2015-09-16 11:45:00', '00:05:01', '2015-08-10 11:58:58', '2015-08-13 12:12:25', 0),
	(617, 37, 'Hunter Northern Reverse 2', 8.31, '2015-09-16 12:00:00', '00:04:01', '2015-08-10 11:58:58', '2015-08-13 12:12:25', 0),
	(618, 37, 'Hunter Southern Reverse 2', 6.54, '2015-09-16 12:15:00', '00:03:01', '2015-08-10 11:58:59', '2015-08-13 12:12:25', 0),
	(622, 38, 'Kabardinka', 13.46, '2015-09-23 09:00:00', '00:08:00', '2015-08-10 12:01:23', '2015-08-13 12:12:25', 0),
	(623, 38, 'Glebovskiy', 25.40, '2015-09-23 09:15:00', '00:14:01', '2015-08-10 12:01:23', '2015-08-13 12:12:25', 0),
	(624, 38, 'Markoth', 9.43, '2015-09-23 09:30:00', '00:06:00', '2015-08-10 12:01:23', '2015-08-13 12:12:25', 0),
	(625, 38, 'Golubaya Buhta', 12.13, '2015-09-23 09:45:00', '00:08:00', '2015-08-10 12:01:23', '2015-08-13 12:12:25', 0),
	(626, 38, 'Kabardinka 2', 13.46, '2015-09-23 10:00:00', '00:08:01', '2015-08-10 12:01:23', '2015-08-13 12:12:25', 0),
	(627, 38, 'Glebovskiy 2', 25.40, '2015-09-23 10:15:00', '00:15:00', '2015-08-10 12:01:23', '2015-08-13 12:12:25', 0),
	(628, 38, 'Markoth 2', 9.43, '2015-09-23 10:30:00', '00:05:01', '2015-08-10 12:01:23', '2015-08-13 12:12:25', 0),
	(629, 38, 'Golubaya Buhta 2', 12.13, '2015-09-23 10:45:00', '00:07:00', '2015-08-10 12:01:23', '2015-08-13 12:12:25', 0),
	(630, 38, 'Gorniy', 9.11, '2015-09-23 11:00:00', '00:05:00', '2015-08-10 12:01:23', '2015-08-13 12:12:25', 0),
	(631, 38, 'Semigorskiy', 13.13, '2015-09-23 11:15:00', '00:07:01', '2015-08-10 12:01:23', '2015-08-13 12:12:25', 0),
	(632, 38, 'Natukhaevskiy', 12.90, '2015-09-23 11:30:00', '00:07:01', '2015-08-10 12:01:23', '2015-08-13 12:12:25', 0),
	(633, 38, 'Fort Raevskogo', 10.10, '2015-09-23 11:45:00', '00:06:00', '2015-08-10 12:01:23', '2015-08-13 12:12:25', 0),
	(634, 38, 'Gorniy 2', 9.11, '2015-09-23 12:00:00', '00:05:00', '2015-08-10 12:01:23', '2015-08-13 12:12:25', 0),
	(635, 38, 'Semigorskiy 2', 13.13, '2015-09-23 12:15:00', '00:08:00', '2015-08-10 12:01:24', '2015-08-13 12:12:25', 0),
	(636, 38, 'Natukhaevskiy 2', 12.90, '2015-09-23 12:30:00', '00:07:01', '2015-08-10 12:01:24', '2015-08-13 12:12:25', 0),
	(637, 38, 'Fort Raevskogo 2', 10.10, '2015-09-23 12:45:00', '00:06:01', '2015-08-10 12:01:24', '2015-08-13 12:12:25', 0),
	(639, 39, 'Lillsjohogen', 33.85, '2015-09-30 09:00:00', '00:22:01', '2015-08-10 12:04:32', '2015-08-13 12:12:25', 0),
	(640, 39, 'Campus', 2.75, '2015-09-30 09:15:00', '00:01:01', '2015-08-10 12:04:32', '2015-08-13 12:12:25', 0),
	(641, 39, 'Lillsjohogen 2', 33.85, '2015-09-30 09:30:00', '00:22:00', '2015-08-10 12:04:32', '2015-08-13 12:12:25', 0),
	(642, 39, 'Campus 2', 2.75, '2015-09-30 09:45:00', '00:01:01', '2015-08-10 12:04:32', '2015-08-13 12:12:25', 0),
	(643, 39, 'Vaster-Kalen', 7.88, '2015-09-30 10:00:00', '00:04:01', '2015-08-10 12:04:33', '2015-08-13 12:12:25', 0),
	(644, 39, 'Glosa', 5.37, '2015-09-30 10:15:00', '00:03:00', '2015-08-10 12:04:33', '2015-08-13 12:12:25', 0),
	(645, 39, 'Gallsaberget', 29.22, '2015-09-30 10:30:00', '00:19:00', '2015-08-10 12:04:33', '2015-08-13 12:12:25', 0),
	(646, 39, 'Bolesbodarna', 12.13, '2015-09-30 10:45:00', '00:07:01', '2015-08-10 12:04:33', '2015-08-13 12:12:25', 0),
	(647, 39, 'Sjoarsjon', 12.65, '2015-09-30 11:00:00', '00:08:00', '2015-08-10 12:04:33', '2015-08-13 12:12:25', 0),
	(648, 39, 'Husas', 21.25, '2015-09-30 11:15:00', '00:12:00', '2015-08-10 12:04:33', '2015-08-13 12:12:25', 0),
	(649, 39, 'Vaster-Kalen 2', 7.88, '2015-09-30 11:30:00', '00:04:01', '2015-08-10 12:04:33', '2015-08-13 12:12:25', 0),
	(650, 39, 'Glosa 2', 5.37, '2015-09-30 11:45:00', '00:03:01', '2015-08-10 12:04:33', '2015-08-13 12:12:25', 0),
	(651, 39, 'Gallsaberget 2', 29.22, '2015-09-30 12:00:00', '00:19:00', '2015-08-10 12:04:34', '2015-08-13 12:12:25', 0),
	(652, 39, 'Bolesbodarna 2', 12.13, '2015-09-30 12:15:00', '00:07:00', '2015-08-10 12:04:34', '2015-08-13 12:12:25', 0),
	(653, 39, 'Sjoarsjon', 12.26, '2015-09-30 12:30:00', '00:07:01', '2015-08-10 12:04:34', '2015-08-13 12:12:25', 0),
	(654, 39, 'Husas', 21.54, '2015-09-30 12:45:00', '00:14:00', '2015-08-10 12:04:34', '2015-08-13 12:12:25', 0),
	(656, 40, 'Fjeldsdalen Vest', 3.19, '2015-10-07 09:00:00', '00:02:00', '2015-08-10 12:14:12', '2015-08-13 12:12:25', 0),
	(657, 40, 'Naddum', 6.18, '2015-10-07 09:15:00', '00:03:01', '2015-08-10 12:14:12', '2015-08-13 12:12:25', 0),
	(658, 40, 'Hellesjovannet', 4.42, '2015-10-07 09:30:00', '00:02:01', '2015-08-10 12:14:12', '2015-08-13 12:12:25', 0),
	(659, 40, 'Fjeldsdalen Vest 2', 3.19, '2015-10-07 09:45:00', '00:01:01', '2015-08-10 12:14:13', '2015-08-13 12:12:25', 0),
	(660, 40, 'Naddum 2', 6.18, '2015-10-07 10:00:00', '00:03:01', '2015-08-10 12:14:13', '2015-08-13 12:12:25', 0),
	(661, 40, 'Hellesjovannet 2', 4.42, '2015-10-07 10:15:00', '00:02:01', '2015-08-10 12:14:13', '2015-08-13 12:12:25', 0),
	(662, 40, 'Bjorkelangen Torg', 0.33, '2015-10-07 10:30:00', '00:00:00', '2015-08-10 12:14:13', '2015-08-13 12:12:25', 0),
	(663, 40, 'Oisjoen Nord', 13.54, '2015-10-07 10:45:00', '00:08:01', '2015-08-10 12:14:13', '2015-08-13 12:12:25', 0),
	(664, 40, 'Romsjoen Nord', 13.14, '2015-10-07 11:00:00', '00:08:01', '2015-08-10 12:14:13', '2015-08-13 12:12:25', 0),
	(665, 40, 'Kjolen Syd', 13.33, '2015-10-07 11:15:00', '00:07:01', '2015-08-10 12:14:13', '2015-08-13 12:12:25', 0),
	(666, 40, 'Bjorkelangen Torg 2', 0.33, '2015-10-07 11:30:00', '00:00:00', '2015-08-10 12:14:13', '2015-08-13 12:12:25', 0),
	(667, 40, 'Romsjoen Nord 2', 13.14, '2015-10-07 11:45:00', '00:07:01', '2015-08-10 12:14:13', '2015-08-13 12:12:25', 0),
	(668, 40, 'Kjolen Syd 2', 13.33, '2015-10-07 12:00:00', '00:08:00', '2015-08-10 12:14:13', '2015-08-13 12:12:25', 0),
	(669, 40, 'Oisjoen Nord 2', 13.54, '2015-10-07 12:15:00', '00:08:01', '2015-08-10 12:14:13', '2015-08-13 12:12:25', 0),
	(673, 41, 'Arstadveien', 3.20, '2015-10-14 09:00:00', '00:01:01', '2015-08-10 12:16:40', '2015-08-13 12:12:25', 0),
	(674, 41, 'Stavasen', 17.82, '2015-10-14 09:15:00', '00:10:01', '2015-08-10 12:16:40', '2015-08-13 12:12:25', 0),
	(675, 41, 'Arstadveien 2', 3.20, '2015-10-14 09:30:00', '00:01:01', '2015-08-10 12:16:40', '2015-08-13 12:12:25', 0),
	(676, 41, 'Stavasen 2', 17.82, '2015-10-14 09:45:00', '00:11:00', '2015-08-10 12:16:40', '2015-08-13 12:12:25', 0),
	(677, 41, 'Starmoen', 3.77, '2015-10-14 10:00:00', '00:02:01', '2015-08-10 12:16:40', '2015-08-13 12:12:25', 0),
	(678, 41, 'Rolsasen', 28.60, '2015-10-14 10:15:00', '00:16:01', '2015-08-10 12:16:40', '2015-08-13 12:12:25', 0),
	(679, 41, 'Agasen', 19.58, '2015-10-14 10:30:00', '00:13:00', '2015-08-10 12:16:40', '2015-08-13 12:12:25', 0),
	(680, 41, 'Starmoen 2', 3.77, '2015-10-14 10:45:00', '00:02:00', '2015-08-10 12:16:40', '2015-08-13 12:12:25', 0),
	(681, 41, 'Rolsasen 2', 28.60, '2015-10-14 11:00:00', '00:18:00', '2015-08-10 12:16:40', '2015-08-13 12:12:25', 0),
	(682, 41, 'Agasen 2', 19.58, '2015-10-14 11:15:00', '00:11:00', '2015-08-10 12:16:40', '2015-08-13 12:12:25', 0),
	(683, 41, 'Terningen', 2.40, '2015-10-14 11:30:00', '00:01:01', '2015-08-10 12:16:40', '2015-08-13 12:12:25', 0),
	(684, 41, 'Terningen 2', 2.40, '2015-10-14 11:45:00', '00:01:00', '2015-08-10 12:16:41', '2015-08-13 12:12:25', 0),
	(685, 41, 'Starmoen Reverse', 3.47, '2015-10-14 12:00:00', '00:02:00', '2015-08-10 12:16:41', '2015-08-13 12:12:25', 0),
	(686, 41, 'Rolsasen Reverse', 28.87, '2015-10-14 12:15:00', '00:18:01', '2015-08-10 12:16:41', '2015-08-13 12:12:25', 0),
	(687, 41, 'Agasen Reverse', 19.48, '2015-10-14 12:30:00', '00:12:01', '2015-08-10 12:16:41', '2015-08-13 12:12:25', 0),
	(690, 42, 'Lovbrotte', 5.36, '2015-10-21 09:00:00', '00:03:00', '2015-08-10 12:19:14', '2015-08-13 12:12:25', 0),
	(691, 42, 'Astjern', 6.22, '2015-10-21 09:15:00', '00:04:00', '2015-08-10 12:19:14', '2015-08-13 12:12:25', 0),
	(692, 42, 'Helgedalen', 6.41, '2015-10-21 09:30:00', '00:04:00', '2015-08-10 12:19:14', '2015-08-13 12:12:25', 0),
	(693, 42, 'Lovbrotte Reverse', 5.24, '2015-10-21 09:45:00', '00:03:01', '2015-08-10 12:19:14', '2015-08-13 12:12:25', 0),
	(694, 42, 'Astjern Reverse', 6.75, '2015-10-21 10:00:00', '00:04:00', '2015-08-10 12:19:14', '2015-08-13 12:12:25', 0),
	(695, 42, 'Helgedalen Reverse', 6.76, '2015-10-21 10:15:00', '00:04:00', '2015-08-10 12:19:14', '2015-08-13 12:12:25', 0),
	(696, 42, 'Super Special Stage', 1.86, '2015-10-21 10:30:00', '00:01:00', '2015-08-10 12:19:15', '2015-08-13 12:12:25', 0),
	(697, 42, 'Super Special Stage 2', 1.86, '2015-10-21 10:45:00', '00:01:00', '2015-08-10 12:19:15', '2015-08-13 12:12:25', 0),
	(698, 42, 'Lovbrotte 2', 5.36, '2015-10-21 11:00:00', '00:03:01', '2015-08-10 12:19:15', '2015-08-13 12:12:25', 0),
	(699, 42, 'Astjern 2', 6.22, '2015-10-21 11:15:00', '00:03:01', '2015-08-10 12:19:15', '2015-08-13 12:12:25', 0),
	(700, 42, 'Helgedalen 2', 6.41, '2015-10-21 11:30:00', '00:04:00', '2015-08-10 12:19:15', '2015-08-13 12:12:25', 0),
	(701, 42, 'Lovbrotte Reverse 2', 5.24, '2015-10-21 11:45:00', '00:02:01', '2015-08-10 12:19:15', '2015-08-13 12:12:25', 0),
	(702, 42, 'Astjern Reverse 2', 6.75, '2015-10-21 12:00:00', '00:03:01', '2015-08-10 12:19:15', '2015-08-13 12:12:25', 0),
	(703, 42, 'Helgedalen Reverse 2', 6.76, '2015-10-21 12:15:00', '00:03:01', '2015-08-10 12:19:15', '2015-08-13 12:12:25', 0),
	(707, 43, 'Ringsaker', 8.33, '2015-10-28 09:00:00', '00:05:00', '2015-08-10 12:45:01', '2015-08-13 12:12:25', 0),
	(708, 43, 'Mauset', 5.28, '2015-10-28 09:15:00', '00:03:01', '2015-08-10 12:45:01', '2015-08-13 12:12:25', 0),
	(709, 43, 'Vangsasen', 7.10, '2015-10-28 09:30:00', '00:04:00', '2015-08-10 12:45:01', '2015-08-13 12:12:25', 0),
	(710, 43, 'Vennkvern', 1.32, '2015-10-28 09:45:00', '00:00:01', '2015-08-10 12:45:01', '2015-08-13 12:12:25', 0),
	(711, 43, 'Stange', 4.19, '2015-10-28 10:00:00', '00:02:00', '2015-08-10 12:45:01', '2015-08-13 12:12:25', 0),
	(712, 43, 'Ekeberg', 10.96, '2015-10-28 10:15:00', '00:06:00', '2015-08-10 12:45:02', '2015-08-13 12:12:25', 0),
	(713, 43, 'Brenna', 14.99, '2015-10-28 10:30:00', '00:09:01', '2015-08-10 12:45:02', '2015-08-13 12:12:25', 0),
	(714, 43, 'Vennkvern 2', 1.32, '2015-10-28 10:45:00', '00:00:01', '2015-08-10 12:45:02', '2015-08-13 12:12:25', 0),
	(715, 43, 'Ringsaker 2', 8.33, '2015-10-28 11:00:00', '00:05:00', '2015-08-10 12:45:02', '2015-08-13 12:12:25', 0),
	(716, 43, 'Mauset 2', 5.28, '2015-10-28 11:15:00', '00:03:00', '2015-08-10 12:45:02', '2015-08-13 12:12:25', 0),
	(717, 43, 'Vangsasen 2', 7.10, '2015-10-28 11:30:00', '00:04:01', '2015-08-10 12:45:02', '2015-08-13 12:12:25', 0),
	(718, 43, 'Stange 2', 4.19, '2015-10-28 11:45:00', '00:02:01', '2015-08-10 12:45:02', '2015-08-13 12:12:25', 0),
	(719, 43, 'Ekeberg 2', 10.96, '2015-10-28 12:00:00', '00:06:01', '2015-08-10 12:45:02', '2015-08-13 12:12:25', 0),
	(720, 43, 'Brenna 2', 14.99, '2015-10-28 12:15:00', '00:10:00', '2015-08-10 12:45:02', '2015-08-13 12:12:25', 0),
	(724, 44, 'Gjesthusvegen', 3.43, '2015-08-13 09:00:00', '00:02:00', '2015-08-10 12:56:06', '2015-08-13 12:12:25', 1),
	(725, 44, 'Gronli', 11.16, '2015-08-13 09:15:00', '00:06:01', '2015-08-10 12:56:06', '2015-08-13 12:12:25', 1),
	(726, 44, 'Lauvset', 16.42, '2015-08-13 09:30:00', '00:10:00', '2015-08-10 12:56:06', '2015-08-13 12:12:25', 1),
	(727, 44, 'Ridalen', 26.38, '2015-08-13 09:45:00', '00:16:00', '2015-08-10 12:56:06', '2015-08-13 12:12:25', 1),
	(728, 44, 'Oset', 16.27, '2015-08-13 10:00:00', '00:09:00', '2015-08-10 12:56:06', '2015-08-13 12:12:25', 1),
	(729, 44, 'Gronli Reverse', 11.51, '2015-08-13 10:15:00', '00:07:01', '2015-08-10 12:56:06', '2015-08-13 12:12:25', 1),
	(730, 44, 'Gjesthusvegen 2', 3.43, '2015-08-13 10:30:00', '00:02:00', '2015-08-10 12:56:06', '2015-08-13 12:12:25', 1),
	(731, 44, 'Gronli 2', 11.16, '2015-08-13 10:45:00', '00:06:01', '2015-08-10 12:56:06', '2015-08-13 12:12:25', 1),
	(732, 44, 'Fjellstue', 9.30, '2015-08-13 11:00:00', '00:05:00', '2015-08-10 12:56:06', '2015-08-13 12:12:47', 1),
	(733, 44, 'Oset 2', 16.27, '2015-08-13 11:15:00', '00:10:00', '2015-08-10 12:56:07', '2015-08-13 12:17:54', 1),
	(734, 44, 'Fjellstue 2', 9.30, '2015-08-13 11:30:00', '00:05:01', '2015-08-10 12:56:07', '2015-08-13 12:12:25', 0),
	(735, 44, 'Fjellstue Reverse', 9.22, '2015-08-13 11:45:00', '00:05:01', '2015-08-10 12:56:07', '2015-08-13 12:12:25', 0),
	(736, 44, 'Gronli Reverse 2', 11.51, '2015-08-13 12:00:00', '00:06:01', '2015-08-10 12:56:07', '2015-08-13 12:12:25', 0),
	(737, 44, 'Lauvset 2', 16.42, '2015-08-13 12:15:00', '00:10:00', '2015-08-10 12:56:07', '2015-08-13 12:12:25', 0),
	(741, 45, 'Oslo', 1.57, '2015-08-20 09:00:00', '00:00:01', '2015-08-10 13:00:49', '2015-08-13 12:12:25', 0),
	(742, 45, 'Opaker', 14.32, '2015-08-20 09:15:00', '00:08:00', '2015-08-10 13:00:49', '2015-08-13 12:12:25', 0),
	(743, 45, 'Kirkenaer', 8.40, '2015-08-20 09:30:00', '00:05:01', '2015-08-10 13:00:49', '2015-08-13 12:12:25', 0),
	(744, 45, 'Finnskogen', 20.35, '2015-08-20 09:45:00', '00:12:01', '2015-08-10 13:00:49', '2015-08-13 12:12:25', 0),
	(745, 45, 'Kongsvinger', 13.27, '2015-08-20 10:00:00', '00:08:00', '2015-08-10 13:00:49', '2015-08-13 12:12:25', 0),
	(746, 45, 'Opaker 2', 14.32, '2015-08-20 10:15:00', '00:09:00', '2015-08-10 13:00:49', '2015-08-13 12:12:25', 0),
	(747, 45, 'Finnskogen 2', 20.35, '2015-08-20 10:30:00', '00:13:01', '2015-08-10 13:00:49', '2015-08-13 12:12:25', 0),
	(748, 45, 'Kongsvinger 2', 13.27, '2015-08-20 10:45:00', '00:07:00', '2015-08-10 13:00:49', '2015-08-13 12:12:25', 0),
	(749, 45, 'Kirkenaer 2', 8.40, '2015-08-20 11:00:00', '00:05:00', '2015-08-10 13:00:49', '2015-08-13 12:12:25', 0),
	(750, 45, 'Mountain', 24.18, '2015-08-20 11:15:00', '00:15:00', '2015-08-10 13:00:49', '2015-08-13 12:12:25', 0),
	(751, 45, 'Lillehammer', 6.49, '2015-08-20 11:30:00', '00:04:00', '2015-08-10 13:00:50', '2015-08-13 12:12:25', 0),
	(752, 45, 'Ringsaker', 27.31, '2015-08-20 11:45:00', '00:16:00', '2015-08-10 13:00:50', '2015-08-13 12:12:25', 0),
	(753, 45, 'Hamar', 1.10, '2015-08-20 12:00:00', '00:00:01', '2015-08-10 13:00:50', '2015-08-13 12:12:25', 0),
	(754, 45, 'Mountain 2', 24.18, '2015-08-20 12:15:00', '00:15:00', '2015-08-10 13:00:50', '2015-08-13 12:12:25', 0),
	(755, 45, 'Lillehammer 2', 6.49, '2015-08-20 12:30:00', '00:04:00', '2015-08-10 13:00:50', '2015-08-13 12:12:25', 0),
	(756, 45, 'Ringsaker 2 ', 27.31, '2015-08-20 12:45:00', '00:17:01', '2015-08-10 13:00:50', '2015-08-13 12:12:25', 0),
	(757, 45, 'Hamar 2', 1.10, '2015-08-20 13:00:00', '00:00:01', '2015-08-10 13:00:50', '2015-08-13 12:12:25', 0),
	(758, 46, 'Dokkeberg', 6.91, '2015-08-27 09:00:00', '00:04:01', '2015-08-10 13:05:04', '2015-08-13 12:12:25', 0),
	(759, 46, 'Smadol', 23.35, '2015-08-27 09:15:00', '00:15:00', '2015-08-10 13:05:04', '2015-08-13 12:12:25', 0),
	(760, 46, 'Lesteberg', 9.18, '2015-08-27 09:30:00', '00:05:01', '2015-08-10 13:05:04', '2015-08-13 12:12:25', 0),
	(761, 46, 'Dokkeberg Reverse', 6.76, '2015-08-27 09:45:00', '00:04:00', '2015-08-10 13:05:04', '2015-08-13 12:12:25', 0),
	(762, 46, 'Bjerkeflata Nord', 9.63, '2015-08-27 10:00:00', '00:05:01', '2015-08-10 13:05:04', '2015-08-13 12:12:25', 0),
	(763, 46, 'Smadol Reverse', 23.96, '2015-08-27 10:15:00', '00:15:00', '2015-08-10 13:05:04', '2015-08-13 12:12:25', 0),
	(764, 46, 'Lesteberg Reverse', 9.24, '2015-08-27 10:30:00', '00:05:01', '2015-08-10 13:05:05', '2015-08-13 12:12:25', 0),
	(765, 46, 'Bjerkeflata Nord Reverse', 9.72, '2015-08-27 10:45:00', '00:05:01', '2015-08-10 13:05:05', '2015-08-13 12:12:25', 0),
	(766, 46, 'Dokkeberg 2', 6.91, '2015-08-27 11:00:00', '00:04:01', '2015-08-10 13:05:05', '2015-08-13 12:12:25', 0),
	(767, 46, 'Smadol 2', 23.35, '2015-08-27 11:15:00', '00:13:00', '2015-08-10 13:05:05', '2015-08-13 12:12:25', 0),
	(768, 46, 'Lesteberg 2', 9.18, '2015-08-27 11:30:00', '00:06:00', '2015-08-10 13:05:05', '2015-08-13 12:12:25', 0),
	(769, 46, 'Bjerkeflata Nord 2', 9.63, '2015-08-27 11:45:00', '00:06:00', '2015-08-10 13:05:05', '2015-08-13 12:12:25', 0),
	(770, 46, 'Dokkeberg 3', 6.91, '2015-08-27 12:00:00', '00:04:00', '2015-08-10 13:05:05', '2015-08-13 12:12:25', 0),
	(771, 46, 'Smadol 3', 23.35, '2015-08-27 12:15:00', '00:13:00', '2015-08-10 13:05:05', '2015-08-13 12:12:25', 0),
	(772, 46, 'Lesteberg 3', 9.18, '2015-08-27 12:30:00', '00:06:00', '2015-08-10 13:05:05', '2015-08-13 12:12:25', 0),
	(775, 47, 'Korsboen', 13.86, '2015-09-03 09:00:00', '00:08:01', '2015-08-10 13:16:42', '2015-08-13 12:12:25', 0),
	(776, 47, 'Malmveien', 6.46, '2015-09-03 09:15:00', '00:03:01', '2015-08-10 13:16:42', '2015-08-13 12:12:25', 0),
	(777, 47, 'Letmolia', 16.27, '2015-09-03 09:30:00', '00:10:01', '2015-08-10 13:16:42', '2015-08-13 12:12:25', 0),
	(778, 47, 'Krodsherad', 13.55, '2015-09-03 09:45:00', '00:08:01', '2015-08-10 13:16:42', '2015-08-13 12:12:25', 0),
	(779, 47, 'Bjoreskogen', 11.10, '2015-09-03 10:00:00', '00:06:01', '2015-08-10 13:16:42', '2015-08-13 12:12:25', 0),
	(780, 47, 'Nevra', 16.76, '2015-09-03 10:15:00', '00:11:00', '2015-08-10 13:16:42', '2015-08-13 12:12:25', 0),
	(781, 47, 'Nysaetra', 14.59, '2015-09-03 10:30:00', '00:09:00', '2015-08-10 13:16:42', '2015-08-13 12:12:25', 0),
	(782, 47, 'Malmveien 2', 6.46, '2015-09-03 10:45:00', '00:03:01', '2015-08-10 13:16:42', '2015-08-13 12:12:25', 0),
	(783, 47, 'Letmolia 2', 16.27, '2015-09-03 11:00:00', '00:10:00', '2015-08-10 13:16:42', '2015-08-13 12:12:25', 0),
	(784, 47, 'Krodsherad 2', 13.55, '2015-09-03 11:15:00', '00:09:00', '2015-08-10 13:16:42', '2015-08-13 12:12:25', 0),
	(785, 47, 'Bjoreskogen 2', 11.10, '2015-09-03 11:30:00', '00:06:00', '2015-08-10 13:16:43', '2015-08-13 12:12:25', 0),
	(786, 47, 'Korsboen 2', 13.86, '2015-09-03 11:45:00', '00:08:00', '2015-08-10 13:16:43', '2015-08-13 12:12:25', 0),
	(787, 47, 'Nevra 2', 16.76, '2015-09-03 12:00:00', '00:11:00', '2015-08-10 13:16:43', '2015-08-13 12:12:25', 0),
	(788, 47, 'Nysaetra 2', 14.59, '2015-09-03 12:15:00', '00:08:01', '2015-08-10 13:16:43', '2015-08-13 12:12:25', 0),
	(792, 48, 'Glubo', 5.79, '2015-09-10 09:00:00', '00:03:00', '2015-08-10 13:18:36', '2015-08-13 12:12:25', 0),
	(793, 48, 'Hetlandsheio', 9.82, '2015-09-10 09:15:00', '00:06:00', '2015-08-10 13:18:36', '2015-08-13 12:12:25', 0),
	(794, 48, 'Glubo 2', 5.79, '2015-09-10 09:30:00', '00:03:01', '2015-08-10 13:18:36', '2015-08-13 12:12:25', 0),
	(795, 48, 'Moi', 2.77, '2015-09-10 09:45:00', '00:01:01', '2015-08-10 13:18:36', '2015-08-13 12:12:25', 0),
	(796, 48, 'Jossingfjord', 19.16, '2015-09-10 10:00:00', '00:12:00', '2015-08-10 13:18:36', '2015-08-13 12:12:25', 0),
	(797, 48, 'Moi 2', 2.77, '2015-09-10 10:15:00', '00:01:01', '2015-08-10 13:18:36', '2015-08-13 12:12:25', 0),
	(798, 48, 'Rossland', 3.98, '2015-09-10 10:30:00', '00:02:00', '2015-08-10 13:18:36', '2015-08-13 12:12:25', 0),
	(799, 48, 'Nesvag', 9.30, '2015-09-10 10:45:00', '00:05:01', '2015-08-10 13:18:37', '2015-08-13 12:12:25', 0),
	(800, 48, 'Kjelland', 3.65, '2015-09-10 11:00:00', '00:02:00', '2015-08-10 13:18:37', '2015-08-13 12:12:25', 0),
	(801, 48, 'Rossland 2', 3.98, '2015-09-10 11:15:00', '00:02:00', '2015-08-10 13:18:37', '2015-08-13 12:12:25', 0),
	(802, 48, 'Nesvag 2', 9.30, '2015-09-10 11:30:00', '00:06:00', '2015-08-10 13:18:37', '2015-08-13 12:12:25', 0),
	(803, 48, 'Kjelland 2', 3.65, '2015-09-10 11:45:00', '00:02:00', '2015-08-10 13:18:37', '2015-08-13 12:12:25', 0),
	(804, 48, 'Jossingfjord 2', 19.16, '2015-09-10 12:00:00', '00:11:00', '2015-08-10 13:18:37', '2015-08-13 12:12:25', 0),
	(805, 48, 'Hetlandsheio', 9.18, '2015-09-10 12:15:00', '00:05:00', '2015-08-10 13:18:37', '2015-08-13 12:12:25', 0),
	(822, 49, 'Hoye 2', 9.92, '2015-09-17 09:00:00', '00:05:01', '2015-08-10 15:12:08', '2015-08-13 12:12:25', 0),
	(821, 49, 'Steinsland 2', 11.72, '2015-09-17 09:15:00', '00:06:01', '2015-08-10 15:12:08', '2015-08-13 12:12:25', 0),
	(820, 49, 'Gumpens 2', 19.16, '2015-09-17 09:30:00', '00:11:01', '2015-08-10 15:12:08', '2015-08-13 12:12:25', 0),
	(819, 49, 'Solas 2', 31.22, '2015-09-17 09:45:00', '00:18:00', '2015-08-10 15:12:08', '2015-08-13 12:12:25', 0),
	(818, 49, 'Jabekk 2', 4.18, '2015-09-17 10:00:00', '00:02:00', '2015-08-10 15:12:07', '2015-08-13 12:12:25', 0),
	(817, 49, 'Lindland', 25.94, '2015-09-17 10:15:00', '00:15:00', '2015-08-10 15:12:07', '2015-08-13 12:12:25', 0),
	(816, 49, 'Hoye', 9.92, '2015-09-17 10:30:00', '00:05:01', '2015-08-10 15:12:07', '2015-08-13 12:12:25', 0),
	(815, 49, 'Jabekk', 4.18, '2015-09-17 10:45:00', '00:02:01', '2015-08-10 15:12:07', '2015-08-13 12:12:25', 0),
	(814, 49, 'Steinsland', 11.72, '2015-09-17 11:00:00', '00:07:01', '2015-08-10 15:12:07', '2015-08-13 12:12:25', 0),
	(813, 49, 'Gumpens', 19.16, '2015-09-17 11:15:00', '00:11:00', '2015-08-10 15:12:07', '2015-08-13 12:12:25', 0),
	(812, 49, 'Solas', 31.22, '2015-09-17 11:30:00', '00:19:01', '2015-08-10 15:12:07', '2015-08-13 12:12:25', 0),
	(811, 49, 'Arstol', 17.91, '2015-09-17 11:45:00', '00:12:00', '2015-08-10 15:12:07', '2015-08-13 12:12:25', 0),
	(810, 49, 'Tranehoyda', 12.31, '2015-09-17 12:00:00', '00:07:00', '2015-08-10 15:12:07', '2015-08-13 12:12:25', 0),
	(809, 49, 'Skoieheia', 3.52, '2015-09-17 12:15:00', '00:02:00', '2015-08-10 15:12:07', '2015-08-13 12:12:25', 0),
	(840, 50, 'Arlifoss 3', 8.95, '2015-09-24 09:00:00', '00:05:01', '2015-08-10 15:21:50', '2015-08-13 12:12:25', 0),
	(839, 50, 'Liangrenna 3', 5.75, '2015-09-24 09:15:00', '00:03:01', '2015-08-10 15:21:50', '2015-08-13 12:12:25', 0),
	(838, 50, 'Klevarsida 3', 6.22, '2015-09-24 09:30:00', '00:03:01', '2015-08-10 15:21:50', '2015-08-13 12:12:25', 0),
	(837, 50, 'Darstul 3', 7.71, '2015-09-24 09:45:00', '00:04:01', '2015-08-10 15:21:50', '2015-08-13 12:12:25', 0),
	(836, 50, 'Elgsjo 3', 6.57, '2015-09-24 10:00:00', '00:04:00', '2015-08-10 15:21:50', '2015-08-13 12:12:25', 0),
	(835, 50, 'Arlifoss 2', 8.69, '2015-09-24 10:15:00', '00:05:00', '2015-08-10 15:21:50', '2015-08-13 12:12:25', 0),
	(834, 50, 'Liangrenna 2', 5.75, '2015-09-24 10:30:00', '00:03:01', '2015-08-10 15:21:50', '2015-08-13 12:12:25', 0),
	(833, 50, 'Arlifoss ', 8.97, '2015-09-24 10:45:00', '00:05:01', '2015-08-10 15:21:50', '2015-08-13 12:12:25', 0),
	(832, 50, 'Liangrenna', 5.75, '2015-09-24 11:00:00', '00:03:01', '2015-08-10 15:21:50', '2015-08-13 12:12:25', 0),
	(831, 50, 'Klevarsida 2', 6.22, '2015-09-24 11:15:00', '00:03:01', '2015-08-10 15:21:50', '2015-08-13 12:12:25', 0),
	(830, 50, 'Darstul 2', 7.71, '2015-09-24 11:30:00', '00:05:00', '2015-08-10 15:21:50', '2015-08-13 12:12:25', 0),
	(829, 50, 'Elgsjo 2', 6.57, '2015-09-24 11:45:00', '00:03:01', '2015-08-10 15:21:50', '2015-08-13 12:12:25', 0),
	(828, 50, 'Klevarsida', 6.22, '2015-09-24 12:00:00', '00:04:00', '2015-08-10 15:21:50', '2015-08-13 12:12:25', 0),
	(827, 50, 'Darstul', 7.71, '2015-09-24 12:15:00', '00:05:00', '2015-08-10 15:21:49', '2015-08-13 12:12:25', 0),
	(826, 50, 'Elgsjo', 6.57, '2015-09-24 12:30:00', '00:04:00', '2015-08-10 15:21:49', '2015-08-13 12:12:25', 0),
	(856, 51, 'Ristilampi', 49.26, '2015-10-01 09:00:00', '00:29:00', '2015-08-10 15:24:02', '2015-08-13 12:12:25', 0),
	(855, 51, 'Heinunkierto 2', 23.37, '2015-10-01 09:15:00', '00:13:00', '2015-08-10 15:24:02', '2015-08-13 12:12:25', 0),
	(854, 51, 'Sarriojarvi 2', 36.22, '2015-10-01 09:30:00', '00:24:01', '2015-08-10 15:24:02', '2015-08-13 12:12:25', 0),
	(853, 51, 'Hanhikoski 2', 32.86, '2015-10-01 09:45:00', '00:20:01', '2015-08-10 15:24:02', '2015-08-13 12:12:25', 0),
	(852, 51, 'Ristilampi', 49.63, '2015-10-01 10:00:00', '00:28:01', '2015-08-10 15:24:02', '2015-08-13 12:12:25', 0),
	(851, 51, 'Heinunkierto', 23.37, '2015-10-01 10:15:00', '00:14:00', '2015-08-10 15:24:02', '2015-08-13 12:12:25', 0),
	(850, 51, 'Mantyvaara 3', 3.63, '2015-10-01 10:30:00', '00:02:00', '2015-08-10 15:24:02', '2015-08-13 12:12:25', 0),
	(849, 51, 'Sarriojarvi', 36.22, '2015-10-01 10:45:00', '00:21:00', '2015-08-10 15:24:02', '2015-08-13 12:12:25', 0),
	(848, 51, 'Hanhikoski', 32.86, '2015-10-01 11:00:00', '00:22:00', '2015-08-10 15:24:02', '2015-08-13 12:12:25', 0),
	(847, 51, 'Mantyvaara 2', 3.63, '2015-10-01 11:15:00', '00:02:00', '2015-08-10 15:24:02', '2015-08-13 12:12:25', 0),
	(846, 51, 'Jyrhamajarvi', 29.14, '2015-10-01 11:30:00', '00:19:00', '2015-08-10 15:24:02', '2015-08-13 12:12:25', 0),
	(845, 51, 'Siikakama', 38.32, '2015-10-01 11:45:00', '00:25:01', '2015-08-10 15:24:02', '2015-08-13 12:12:25', 0),
	(844, 51, 'Aittajarvi', 24.79, '2015-10-01 12:00:00', '00:16:01', '2015-08-10 15:24:01', '2015-08-13 12:12:25', 0),
	(843, 51, 'Mantyvaara', 3.63, '2015-10-01 12:15:00', '00:02:00', '2015-08-10 15:24:01', '2015-08-13 12:12:25', 0),
	(875, 52, 'Dechantskirchen 3', 9.61, '2015-10-08 09:00:00', '00:05:01', '2015-08-10 15:30:11', '2015-08-13 12:12:25', 0),
	(874, 52, 'Sinnersdorf 3', 8.34, '2015-10-08 09:15:00', '00:04:01', '2015-08-10 15:30:11', '2015-08-13 12:12:25', 0),
	(873, 52, 'Rohrbach 3', 6.68, '2015-10-08 09:30:00', '00:04:00', '2015-08-10 15:30:11', '2015-08-13 12:12:25', 0),
	(872, 52, 'Pinggau 3', 12.57, '2015-10-08 09:45:00', '00:08:00', '2015-08-10 15:30:11', '2015-08-13 12:12:25', 0),
	(871, 52, 'Pinggau Lang 2', 32.58, '2015-10-08 10:00:00', '00:18:00', '2015-08-10 15:30:11', '2015-08-13 12:12:25', 0),
	(870, 52, 'Haideggendorf 2', 8.78, '2015-10-08 10:15:00', '00:04:01', '2015-08-10 15:30:11', '2015-08-13 12:12:25', 0),
	(869, 52, 'Pinggau Lang', 32.58, '2015-10-08 10:30:00', '00:21:00', '2015-08-10 15:30:11', '2015-08-13 12:12:25', 0),
	(868, 52, 'Haideggendorf', 8.78, '2015-10-08 10:45:00', '00:05:00', '2015-08-10 15:30:10', '2015-08-13 12:12:25', 0),
	(867, 52, 'Dechantskirchen 2', 9.61, '2015-10-08 11:00:00', '00:06:01', '2015-08-10 15:30:10', '2015-08-13 12:12:25', 0),
	(866, 52, 'Sinnersdorf 2', 8.34, '2015-10-08 11:15:00', '00:05:00', '2015-08-10 15:30:10', '2015-08-13 12:12:25', 0),
	(865, 52, 'Dechantskirchen', 9.61, '2015-10-08 11:30:00', '00:06:01', '2015-08-10 15:30:10', '2015-08-13 12:12:25', 0),
	(864, 52, 'Sinnersdorf', 8.34, '2015-10-08 11:45:00', '00:05:00', '2015-08-10 15:30:10', '2015-08-13 12:12:25', 0),
	(863, 52, 'Rohrbach 2', 6.68, '2015-10-08 12:00:00', '00:04:01', '2015-08-10 15:30:10', '2015-08-13 12:12:25', 0),
	(862, 52, 'Pinggau 2', 12.57, '2015-10-08 12:15:00', '00:07:01', '2015-08-10 15:30:10', '2015-08-13 12:12:25', 0),
	(861, 52, 'Rohrbach', 6.68, '2015-10-08 12:30:00', '00:04:00', '2015-08-10 15:30:10', '2015-08-13 12:12:25', 0),
	(860, 52, 'Pinggau', 12.57, '2015-10-08 12:45:00', '00:08:00', '2015-08-10 15:30:10', '2015-08-13 12:12:25', 0),
	(893, 53, 'Kendal 3', 6.84, '2015-10-15 09:00:00', '00:04:01', '2015-08-10 15:36:16', '2015-08-13 12:12:25', 0),
	(892, 53, 'Bushy Park 2', 1.59, '2015-10-15 09:15:00', '00:00:01', '2015-08-10 15:36:16', '2015-08-13 12:12:25', 0),
	(891, 53, 'Malvern 2', 6.26, '2015-10-15 09:30:00', '00:03:01', '2015-08-10 15:36:16', '2015-08-13 12:12:25', 0),
	(890, 53, 'Kendal 2', 6.84, '2015-10-15 09:45:00', '00:04:00', '2015-08-10 15:36:16', '2015-08-13 12:12:25', 0),
	(889, 53, 'Bushy Park', 5.28, '2015-10-15 10:00:00', '00:03:01', '2015-08-10 15:36:16', '2015-08-13 12:12:25', 0),
	(888, 53, 'Malvern', 6.26, '2015-10-15 10:15:00', '00:03:01', '2015-08-10 15:36:16', '2015-08-13 12:12:25', 0),
	(887, 53, 'Kendal', 6.84, '2015-10-15 10:30:00', '00:04:00', '2015-08-10 15:36:16', '2015-08-13 12:12:25', 0),
	(886, 53, 'Spring Vale 3', 5.70, '2015-10-15 10:45:00', '00:03:01', '2015-08-10 15:36:16', '2015-08-13 12:12:25', 0),
	(885, 53, 'Canefield 3', 6.87, '2015-10-15 11:00:00', '00:04:00', '2015-08-10 15:36:16', '2015-08-13 12:12:25', 0),
	(884, 53, 'Sailor Gully 3', 4.94, '2015-10-15 11:15:00', '00:03:00', '2015-08-10 15:36:15', '2015-08-13 12:12:25', 0),
	(883, 53, 'Spring Vale 2', 5.21, '2015-10-15 11:30:00', '00:02:01', '2015-08-10 15:36:15', '2015-08-13 12:12:25', 0),
	(882, 53, 'Canefield 2', 6.87, '2015-10-15 11:45:00', '00:04:00', '2015-08-10 15:36:15', '2015-08-13 12:12:25', 0),
	(881, 53, 'Sailor Gully 2', 4.94, '2015-10-15 12:00:00', '00:02:01', '2015-08-10 15:36:15', '2015-08-13 12:12:25', 0),
	(880, 53, 'Spring Vale ', 4.71, '2015-10-15 12:15:00', '00:03:00', '2015-08-10 15:36:15', '2015-08-13 12:12:25', 0),
	(879, 53, 'Canefield', 6.87, '2015-10-15 12:30:00', '00:04:00', '2015-08-10 15:36:15', '2015-08-13 12:12:25', 0),
	(878, 53, 'Sailor Gully', 4.94, '2015-10-15 12:45:00', '00:03:00', '2015-08-10 15:36:15', '2015-08-13 12:12:25', 0),
	(877, 53, 'Bushy Park', 1.59, '2015-10-15 13:00:00', '00:01:00', '2015-08-10 15:36:15', '2015-08-13 12:12:25', 0),
	(898, 54, 'Schuiferskapelle 2', 15.43, '2015-10-22 09:00:00', '00:09:01', '2015-08-10 15:38:49', '2015-08-13 12:12:25', 0),
	(897, 54, 'Poelberg', 7.41, '2015-10-22 09:15:00', '00:04:00', '2015-08-10 15:38:49', '2015-08-13 12:12:25', 0),
	(896, 54, 'Oosthoek', 8.97, '2015-10-22 09:30:00', '00:05:01', '2015-08-10 15:38:49', '2015-08-13 12:12:25', 0),
	(895, 54, 'Ondank', 9.75, '2015-10-22 09:45:00', '00:06:00', '2015-08-10 15:38:49', '2015-08-13 12:12:25', 0),
	(894, 54, 'Schuiferskapelle', 15.43, '2015-10-22 10:00:00', '00:08:01', '2015-08-10 15:38:49', '2015-08-13 12:12:25', 0),
	(899, 54, 'Ondank 2', 9.75, '2015-10-22 10:15:00', '00:05:01', '2015-08-10 15:38:49', '2015-08-13 12:12:25', 0),
	(900, 54, 'Oosthoek 2', 8.97, '2015-10-22 10:30:00', '00:05:01', '2015-08-10 15:38:50', '2015-08-13 12:12:25', 0),
	(901, 54, 'Poelberg 2', 7.41, '2015-10-22 10:45:00', '00:04:00', '2015-08-10 15:38:50', '2015-08-13 12:12:25', 0),
	(902, 54, 'Schuiferskapelle 3', 15.43, '2015-10-22 11:00:00', '00:08:01', '2015-08-10 15:38:50', '2015-08-13 12:12:25', 0),
	(903, 54, 'Ondank 3', 9.75, '2015-10-22 11:15:00', '00:06:00', '2015-08-10 15:38:50', '2015-08-13 12:12:25', 0),
	(904, 54, 'Oosthoek 3', 8.97, '2015-10-22 11:30:00', '00:06:00', '2015-08-10 15:38:50', '2015-08-13 12:12:25', 0),
	(905, 54, 'Poelberg 3', 7.41, '2015-10-22 11:45:00', '00:04:00', '2015-08-10 15:38:50', '2015-08-13 12:12:25', 0),
	(906, 54, 'Schuiferskapelle 4', 15.43, '2015-10-22 12:00:00', '00:09:01', '2015-08-10 15:38:50', '2015-08-13 12:12:25', 0),
	(907, 54, 'Ondank 4', 9.75, '2015-10-22 12:15:00', '00:06:01', '2015-08-10 15:38:50', '2015-08-13 12:12:25', 0),
	(908, 54, 'Oosthoek 4', 8.97, '2015-10-22 12:30:00', '00:05:01', '2015-08-10 15:38:50', '2015-08-13 12:12:25', 0),
	(909, 54, 'Poelberg 4', 7.41, '2015-10-22 12:45:00', '00:04:01', '2015-08-10 15:38:50', '2015-08-13 12:12:25', 0),
	(911, 55, 'Citadelle', 4.88, '2015-10-29 09:00:00', '00:03:00', '2015-08-10 15:41:57', '2015-08-13 12:12:25', 0),
	(912, 55, 'Malonne', 14.49, '2015-10-29 09:15:00', '00:08:01', '2015-08-10 15:41:57', '2015-08-13 12:12:25', 0),
	(913, 55, 'Bois de Villers', 9.90, '2015-10-29 09:30:00', '00:06:00', '2015-08-10 15:41:57', '2015-08-13 12:12:25', 0),
	(914, 55, 'Crupet', 11.84, '2015-10-29 09:45:00', '00:07:00', '2015-08-10 15:41:57', '2015-08-13 12:12:25', 0),
	(915, 55, 'Natoye', 10.34, '2015-10-29 10:00:00', '00:06:00', '2015-08-10 15:41:57', '2015-08-13 12:12:25', 0),
	(916, 55, 'Malonne 2', 14.49, '2015-10-29 10:15:00', '00:08:00', '2015-08-10 15:41:57', '2015-08-13 12:12:25', 0),
	(917, 55, 'Bois de Villers 2', 9.90, '2015-10-29 10:30:00', '00:06:00', '2015-08-10 15:41:58', '2015-08-13 12:12:25', 0),
	(918, 55, 'Crupet 2', 11.84, '2015-10-29 10:45:00', '00:07:01', '2015-08-10 15:41:58', '2015-08-13 12:12:25', 0),
	(919, 55, 'Natoye 2', 10.34, '2015-10-29 11:00:00', '00:06:00', '2015-08-10 15:41:58', '2015-08-13 12:12:25', 0),
	(920, 55, 'Malonne 3', 14.49, '2015-10-29 11:15:00', '00:09:00', '2015-08-10 15:41:58', '2015-08-13 12:12:25', 0),
	(921, 55, 'Bois de Villers 3', 9.90, '2015-10-29 11:30:00', '00:06:01', '2015-08-10 15:41:58', '2015-08-13 12:12:25', 0),
	(922, 55, 'Crupet 3', 11.84, '2015-10-29 11:45:00', '00:06:01', '2015-08-10 15:41:58', '2015-08-13 12:12:25', 0),
	(923, 55, 'Natoye 3', 10.34, '2015-10-29 12:00:00', '00:06:01', '2015-08-10 15:41:58', '2015-08-13 12:12:25', 0),
	(924, 55, 'Naninne', 7.38, '2015-10-29 12:15:00', '00:04:01', '2015-08-10 15:41:58', '2015-08-13 12:12:25', 0),
	(925, 55, 'Loyers', 5.22, '2015-10-29 12:30:00', '00:03:01', '2015-08-10 15:41:58', '2015-08-13 12:12:25', 0),
	(926, 55, 'Wartet', 8.94, '2015-10-29 12:45:00', '00:05:00', '2015-08-10 15:41:58', '2015-08-13 12:12:25', 0),
	(927, 55, 'Vedrin', 5.33, '2015-10-29 13:00:00', '00:03:00', '2015-08-10 15:41:58', '2015-08-13 12:12:25', 0),
	(928, 56, 'Campo Magro', 18.42, '2015-08-14 09:00:00', '00:12:00', '2015-08-10 15:44:48', '2015-08-13 12:12:25', 0),
	(929, 56, 'Ouro Fino', 12.80, '2015-08-14 09:15:00', '00:07:01', '2015-08-10 15:44:48', '2015-08-13 12:12:25', 0),
	(930, 56, 'Curtiba', 12.57, '2015-08-14 09:30:00', '00:07:00', '2015-08-10 15:44:48', '2015-08-13 12:12:25', 0),
	(931, 56, 'Campo Magro 2', 18.42, '2015-08-14 09:45:00', '00:11:01', '2015-08-10 15:44:48', '2015-08-13 12:12:25', 0),
	(932, 56, 'Curtiba 2', 12.57, '2015-08-14 10:00:00', '00:08:00', '2015-08-10 15:44:48', '2015-08-13 12:12:25', 0),
	(933, 56, 'Campo Magro 3', 18.42, '2015-08-14 10:15:00', '00:12:00', '2015-08-10 15:44:48', '2015-08-13 12:12:25', 0),
	(934, 56, 'Ouro Fino 2', 12.80, '2015-08-14 10:30:00', '00:07:01', '2015-08-10 15:44:48', '2015-08-13 12:12:25', 0),
	(935, 56, 'Bocaiuva', 28.68, '2015-08-14 10:45:00', '00:17:00', '2015-08-10 15:44:48', '2015-08-13 12:12:25', 0),
	(936, 56, 'Rio Pesqueiro', 15.89, '2015-08-14 11:00:00', '00:10:00', '2015-08-10 15:44:48', '2015-08-13 12:12:25', 0),
	(937, 56, 'Quatro Barras', 12.97, '2015-08-14 11:15:00', '00:08:01', '2015-08-10 15:44:48', '2015-08-13 12:12:25', 0),
	(938, 56, 'Nobre', 10.86, '2015-08-14 11:30:00', '00:07:00', '2015-08-10 15:44:48', '2015-08-13 12:12:25', 0),
	(939, 56, 'Rio Pesqueiro 2', 15.89, '2015-08-14 11:45:00', '00:09:01', '2015-08-10 15:44:48', '2015-08-13 12:12:25', 0),
	(940, 56, 'Quatro Barras 2', 12.97, '2015-08-14 12:00:00', '00:07:00', '2015-08-10 15:44:48', '2015-08-13 12:12:25', 0),
	(941, 56, 'Campina', 23.95, '2015-08-14 12:15:00', '00:14:01', '2015-08-10 15:44:48', '2015-08-13 12:12:25', 0),
	(942, 56, 'Prime Pinhais', 3.34, '2015-08-14 12:30:00', '00:01:01', '2015-08-10 15:44:49', '2015-08-13 12:12:25', 0),
	(945, 57, 'Beli Iskar', 6.87, '2015-08-21 09:00:00', '00:04:00', '2015-08-10 15:48:24', '2015-08-13 12:12:25', 0),
	(946, 57, 'Borovetz - Raduil', 9.21, '2015-08-21 09:15:00', '00:06:00', '2015-08-10 15:48:24', '2015-08-13 12:12:25', 0),
	(947, 57, 'Muhovo', 29.68, '2015-08-21 09:30:00', '00:19:01', '2015-08-10 15:48:24', '2015-08-13 12:12:25', 0),
	(948, 57, 'Slavovitza', 17.84, '2015-08-21 09:45:00', '00:11:01', '2015-08-10 15:48:24', '2015-08-13 12:12:25', 0),
	(949, 57, 'Beli Iskar 2', 6.87, '2015-08-21 10:00:00', '00:04:00', '2015-08-10 15:48:24', '2015-08-13 12:12:25', 0),
	(950, 57, 'Borovetz - Raduil 2', 9.21, '2015-08-21 10:15:00', '00:06:00', '2015-08-10 15:48:24', '2015-08-13 12:12:25', 0),
	(951, 57, 'Muhovo 2', 29.68, '2015-08-21 10:30:00', '00:18:01', '2015-08-10 15:48:24', '2015-08-13 12:12:25', 0),
	(952, 57, 'Slavovitza 2', 17.84, '2015-08-21 10:45:00', '00:10:00', '2015-08-10 15:48:24', '2015-08-13 12:12:25', 0),
	(953, 57, 'Trayanovi Vrata', 18.65, '2015-08-21 11:00:00', '00:12:01', '2015-08-10 15:48:24', '2015-08-13 12:12:25', 0),
	(954, 57, 'Lubnitza', 30.84, '2015-08-21 11:15:00', '00:19:01', '2015-08-10 15:48:25', '2015-08-13 12:12:25', 0),
	(955, 57, 'Raduil - Borovetz', 9.61, '2015-08-21 11:30:00', '00:06:00', '2015-08-10 15:48:25', '2015-08-13 12:12:25', 0),
	(956, 57, 'Borovetz - Beli Iskar', 6.27, '2015-08-21 11:45:00', '00:03:01', '2015-08-10 15:48:25', '2015-08-13 12:12:25', 0),
	(957, 57, 'Trayanovi Vrata 2', 18.65, '2015-08-21 12:00:00', '00:12:01', '2015-08-10 15:48:25', '2015-08-13 12:12:25', 0),
	(958, 57, 'Lubnitza 2', 30.84, '2015-08-21 12:15:00', '00:17:01', '2015-08-10 15:48:25', '2015-08-13 12:12:25', 0),
	(962, 58, 'Porec', 1.30, '2015-08-28 09:00:00', '00:00:01', '2015-08-10 15:50:44', '2015-08-13 12:12:25', 0),
	(963, 58, 'Boljun', 14.73, '2015-08-28 09:15:00', '00:08:00', '2015-08-10 15:50:44', '2015-08-13 12:12:25', 0),
	(964, 58, 'Ucka', 13.70, '2015-08-28 09:30:00', '00:08:00', '2015-08-10 15:50:44', '2015-08-13 12:12:25', 0),
	(965, 58, 'Brest', 29.76, '2015-08-28 09:45:00', '00:19:01', '2015-08-10 15:50:45', '2015-08-13 12:12:25', 0),
	(966, 58, 'Boljun 2', 14.73, '2015-08-28 10:00:00', '00:08:00', '2015-08-10 15:50:45', '2015-08-13 12:12:25', 0),
	(967, 58, 'Ucka 2', 13.70, '2015-08-28 10:15:00', '00:07:01', '2015-08-10 15:50:45', '2015-08-13 12:12:25', 0),
	(968, 58, 'Brest 2', 29.76, '2015-08-28 10:30:00', '00:19:00', '2015-08-10 15:50:45', '2015-08-13 12:12:25', 0),
	(969, 58, 'Butoniga', 14.49, '2015-08-28 10:45:00', '00:08:01', '2015-08-10 15:50:45', '2015-08-13 12:12:25', 0),
	(970, 58, 'Buzet', 14.36, '2015-08-28 11:00:00', '00:08:01', '2015-08-10 15:50:45', '2015-08-13 12:12:25', 0),
	(971, 58, 'Salteria', 29.84, '2015-08-28 11:15:00', '00:19:00', '2015-08-10 15:50:45', '2015-08-13 12:12:25', 0),
	(972, 58, 'Butoniga 2', 14.49, '2015-08-28 11:30:00', '00:09:00', '2015-08-10 15:50:45', '2015-08-13 12:12:25', 0),
	(973, 58, 'Buzet 2', 14.36, '2015-08-28 11:45:00', '00:09:00', '2015-08-10 15:50:45', '2015-08-13 12:12:25', 0),
	(974, 58, 'Salteria 2', 29.84, '2015-08-28 12:00:00', '00:16:01', '2015-08-10 15:50:45', '2015-08-13 12:12:25', 0),
	(975, 58, 'Porec 2', 1.30, '2015-08-28 12:15:00', '00:00:01', '2015-08-10 15:50:45', '2015-08-13 12:12:25', 0),
	(976, 58, 'Porec 3', 1.30, '2015-08-28 12:30:00', '00:00:01', '2015-08-10 15:50:45', '2015-08-13 12:12:25', 0),
	(979, 59, 'Horazdovice - Komusin', 5.16, '2015-09-04 09:00:00', '00:03:00', '2015-08-10 15:54:30', '2015-08-13 12:12:25', 0),
	(980, 59, 'Cecelovice', 16.97, '2015-09-04 09:15:00', '00:09:01', '2015-08-10 15:54:30', '2015-08-13 12:12:25', 0),
	(981, 59, 'Doubravice - Chrastovice', 11.29, '2015-09-04 09:30:00', '00:07:00', '2015-08-10 15:54:30', '2015-08-13 12:12:25', 0),
	(982, 59, 'Strazovice - Nehodiv', 7.74, '2015-09-04 09:45:00', '00:04:01', '2015-08-10 15:54:31', '2015-08-13 12:12:25', 0),
	(983, 59, 'Horazdovice - Komusin 2', 5.16, '2015-09-04 10:00:00', '00:03:00', '2015-08-10 15:54:31', '2015-08-13 12:12:25', 0),
	(984, 59, 'Cecelovice 2', 16.97, '2015-09-04 10:15:00', '00:09:01', '2015-08-10 15:54:31', '2015-08-13 12:12:25', 0),
	(985, 59, 'Doubravice - Chrastovice 2', 11.29, '2015-09-04 10:30:00', '00:07:01', '2015-08-10 15:54:31', '2015-08-13 12:12:25', 0),
	(986, 59, 'Strazovice - Nehodiv 2', 7.74, '2015-09-04 10:45:00', '00:04:01', '2015-08-10 15:54:31', '2015-08-13 12:12:25', 0),
	(987, 59, 'Horazdovice - Komusin 3', 5.16, '2015-09-04 11:00:00', '00:03:00', '2015-08-10 15:54:31', '2015-08-13 12:12:25', 0),
	(988, 59, 'Cecelovice 3', 16.97, '2015-09-04 11:15:00', '00:10:00', '2015-08-10 15:54:31', '2015-08-13 12:12:25', 0),
	(989, 59, 'Doubravice - Chrastovice 3', 11.29, '2015-09-04 11:30:00', '00:06:00', '2015-08-10 15:54:31', '2015-08-13 12:12:25', 0),
	(990, 59, 'Strazovice - Nehodiv 3', 7.74, '2015-09-04 11:45:00', '00:04:01', '2015-08-10 15:54:31', '2015-08-13 12:12:25', 0),
	(991, 59, 'Nehodiv - Cecelovice', 12.31, '2015-09-04 12:00:00', '00:08:00', '2015-08-10 15:54:31', '2015-08-13 12:12:25', 0),
	(992, 59, 'Cecelovice - Doubravice', 7.70, '2015-09-04 12:15:00', '00:05:00', '2015-08-10 15:54:31', '2015-08-13 12:12:25', 0),
	(996, 60, 'Bondy', 2.69, '2015-09-11 09:00:00', '00:01:01', '2015-08-10 16:20:57', '2015-08-13 12:12:25', 0),
	(997, 60, 'Sychrov', 19.32, '2015-09-11 09:15:00', '00:12:01', '2015-08-10 16:20:57', '2015-08-13 12:12:25', 0),
	(998, 60, 'Sumburk', 16.41, '2015-09-11 09:30:00', '00:11:00', '2015-08-10 16:20:57', '2015-08-13 12:12:25', 0),
	(999, 60, 'Bzi', 5.27, '2015-09-11 09:45:00', '00:02:01', '2015-08-10 16:20:57', '2015-08-13 12:12:25', 0),
	(1000, 60, 'Sychrov 2', 19.32, '2015-09-11 10:00:00', '00:13:00', '2015-08-10 16:20:57', '2015-08-13 12:12:25', 0),
	(1001, 60, 'Sumburk 2', 16.41, '2015-09-11 10:15:00', '00:10:00', '2015-08-10 16:20:58', '2015-08-13 12:12:25', 0),
	(1002, 60, 'Bzi 2', 5.27, '2015-09-11 10:30:00', '00:03:00', '2015-08-10 16:20:58', '2015-08-13 12:12:25', 0),
	(1003, 60, 'Lobec', 11.14, '2015-09-11 10:45:00', '00:06:01', '2015-08-10 16:20:58', '2015-08-13 12:12:25', 0),
	(1004, 60, 'Vinec', 15.34, '2015-09-11 11:00:00', '00:08:01', '2015-08-10 16:20:58', '2015-08-13 12:12:25', 0),
	(1005, 60, 'Staromestska', 5.62, '2015-09-11 11:15:00', '00:03:00', '2015-08-10 16:20:58', '2015-08-13 12:12:25', 0),
	(1006, 60, 'Lobec 2', 11.14, '2015-09-11 11:30:00', '00:06:01', '2015-08-10 16:20:58', '2015-08-13 12:12:25', 0),
	(1007, 60, 'Vinec 2', 15.34, '2015-09-11 11:45:00', '00:08:01', '2015-08-10 16:20:58', '2015-08-13 12:12:25', 0),
	(1008, 60, 'Staromestska 2', 5.62, '2015-09-11 12:00:00', '00:03:00', '2015-08-10 16:20:58', '2015-08-13 12:12:25', 0),
	(1009, 60, 'Lobec 3', 11.14, '2015-09-11 12:15:00', '00:06:01', '2015-08-10 16:20:58', '2015-08-13 12:12:25', 0),
	(1010, 60, 'Vinec 3', 15.34, '2015-09-11 12:30:00', '00:09:00', '2015-08-10 16:20:58', '2015-08-13 12:12:25', 0),
	(1013, 61, 'Marchampt', 12.25, '2015-09-18 09:00:00', '00:07:01', '2015-08-10 16:27:13', '2015-08-13 12:12:25', 0),
	(1014, 61, 'Lamure sur Azergues', 14.80, '2015-09-18 09:15:00', '00:09:01', '2015-08-10 16:27:13', '2015-08-13 12:12:25', 0),
	(1015, 61, 'Bibost', 13.87, '2015-09-18 09:30:00', '00:09:00', '2015-08-10 16:27:13', '2015-08-13 12:12:25', 0),
	(1016, 61, 'Rontalon', 14.97, '2015-09-18 09:45:00', '00:10:00', '2015-08-10 16:27:13', '2015-08-13 12:12:25', 0),
	(1017, 61, 'Lyon - Gerland', 1.88, '2015-09-18 10:00:00', '00:01:00', '2015-08-10 16:27:13', '2015-08-13 12:12:25', 0),
	(1018, 61, 'Marchampt - Claveisoles', 25.59, '2015-09-18 10:15:00', '00:14:01', '2015-08-10 16:27:13', '2015-08-13 12:12:25', 0),
	(1019, 61, 'Lamure sur Azergues 2', 14.80, '2015-09-18 10:30:00', '00:08:01', '2015-08-10 16:27:13', '2015-08-13 12:12:25', 0),
	(1020, 61, 'Les Noirs', 18.66, '2015-09-18 10:45:00', '00:12:00', '2015-08-10 16:27:13', '2015-08-13 12:12:25', 0),
	(1021, 61, 'Les Sauvages', 12.80, '2015-09-18 11:00:00', '00:08:01', '2015-08-10 16:27:13', '2015-08-13 12:12:25', 0),
	(1022, 61, 'Marchampt - Claveisoles', 25.94, '2015-09-18 11:15:00', '00:15:01', '2015-08-10 16:27:14', '2015-08-13 12:12:25', 0),
	(1023, 61, 'Lamure sur Azergues 3', 14.80, '2015-09-18 11:30:00', '00:09:00', '2015-08-10 16:27:14', '2015-08-13 12:12:25', 0),
	(1024, 61, 'Les Noirs 2', 18.66, '2015-09-18 11:45:00', '00:12:00', '2015-08-10 16:27:14', '2015-08-13 12:12:25', 0),
	(1025, 61, 'Les Sauvages 2', 12.80, '2015-09-18 12:00:00', '00:07:00', '2015-08-10 16:27:14', '2015-08-13 12:12:25', 0),
	(1026, 61, 'Les Noirs 3', 18.66, '2015-09-18 12:15:00', '00:10:01', '2015-08-10 16:27:14', '2015-08-13 12:12:25', 0),
	(1027, 61, 'Les Sauvages 3', 12.80, '2015-09-18 12:30:00', '00:07:00', '2015-08-10 16:27:14', '2015-08-13 12:12:25', 0),
	(1030, 62, 'Camiers', 12.11, '2015-09-25 09:00:00', '00:07:00', '2015-08-10 16:29:02', '2015-08-13 12:12:25', 0),
	(1031, 62, 'La Calotterie', 12.68, '2015-09-25 09:15:00', '00:08:00', '2015-08-10 16:29:02', '2015-08-13 12:12:25', 0),
	(1032, 62, 'Airon', 15.54, '2015-09-25 09:30:00', '00:09:00', '2015-08-10 16:29:02', '2015-08-13 12:12:25', 0),
	(1033, 62, 'Le Touquet', 2.26, '2015-09-25 09:45:00', '00:01:00', '2015-08-10 16:29:02', '2015-08-13 12:12:25', 0),
	(1034, 62, 'Camiers 2', 12.11, '2015-09-25 10:00:00', '00:07:01', '2015-08-10 16:29:02', '2015-08-13 12:12:25', 0),
	(1035, 62, 'La Calotterie 2', 12.68, '2015-09-25 10:15:00', '00:08:00', '2015-08-10 16:29:02', '2015-08-13 12:12:25', 0),
	(1036, 62, 'Airon 2', 15.54, '2015-09-25 10:30:00', '00:10:00', '2015-08-10 16:29:03', '2015-08-13 12:12:25', 0),
	(1037, 62, 'Le Touquet 2', 2.26, '2015-09-25 10:45:00', '00:01:00', '2015-08-10 16:29:03', '2015-08-13 12:12:25', 0),
	(1038, 62, 'Bourthes', 27.65, '2015-09-25 11:00:00', '00:15:01', '2015-08-10 16:29:03', '2015-08-13 12:12:25', 0),
	(1039, 62, 'Bourthes 2', 27.65, '2015-09-25 11:15:00', '00:17:00', '2015-08-10 16:29:03', '2015-08-13 12:12:25', 0),
	(1040, 62, 'Hucqueliers', 30.28, '2015-09-25 11:30:00', '00:20:00', '2015-08-10 16:29:03', '2015-08-13 12:12:25', 0),
	(1041, 62, 'Le Touquet 3', 2.26, '2015-09-25 11:45:00', '00:01:00', '2015-08-10 16:29:03', '2015-08-13 12:12:25', 0),
	(1042, 62, 'Hucqueliers 2', 30.28, '2015-09-25 12:00:00', '00:17:00', '2015-08-10 16:29:03', '2015-08-13 12:12:25', 0),
	(1043, 62, 'Bourthes 3', 27.65, '2015-09-25 12:15:00', '00:18:00', '2015-08-10 16:29:03', '2015-08-13 12:12:25', 0),
	(1044, 62, 'Hucqueliers 3', 30.28, '2015-09-25 12:30:00', '00:19:01', '2015-08-10 16:29:03', '2015-08-13 12:12:25', 0),
	(1047, 63, 'Stollberg', 4.72, '2015-10-02 09:00:00', '00:02:01', '2015-08-10 16:31:41', '2015-08-13 12:12:25', 0),
	(1048, 63, 'Grunhain', 14.25, '2015-10-02 09:15:00', '00:09:00', '2015-08-10 16:31:41', '2015-08-13 12:12:25', 0),
	(1049, 63, 'Gelenau', 7.17, '2015-10-02 09:30:00', '00:04:00', '2015-08-10 16:31:41', '2015-08-13 12:12:25', 0),
	(1050, 63, 'Mildenau', 7.82, '2015-10-02 09:45:00', '00:05:00', '2015-08-10 16:31:41', '2015-08-13 12:12:25', 0),
	(1051, 63, 'Grunhain 2', 14.25, '2015-10-02 10:00:00', '00:09:00', '2015-08-10 16:31:41', '2015-08-13 12:12:25', 0),
	(1052, 63, 'Gelenau 2', 7.17, '2015-10-02 10:15:00', '00:04:01', '2015-08-10 16:31:42', '2015-08-13 12:12:25', 0),
	(1053, 63, 'Mildenau 2', 7.82, '2015-10-02 10:30:00', '00:05:00', '2015-08-10 16:31:42', '2015-08-13 12:12:25', 0),
	(1054, 63, 'Gelenau 3', 7.17, '2015-10-02 10:45:00', '00:04:00', '2015-08-10 16:31:42', '2015-08-13 12:12:25', 0),
	(1055, 63, 'Jahnsdorf', 8.15, '2015-10-02 11:00:00', '00:05:00', '2015-08-10 16:31:42', '2015-08-13 12:12:25', 0),
	(1056, 63, 'Oberdorf', 11.50, '2015-10-02 11:15:00', '00:07:01', '2015-08-10 16:31:42', '2015-08-13 12:12:25', 0),
	(1057, 63, 'Jahnsdorf 2', 8.45, '2015-10-02 11:30:00', '00:05:00', '2015-08-10 16:31:42', '2015-08-13 12:12:25', 0),
	(1058, 63, 'Oberdorf 2', 11.68, '2015-10-02 11:45:00', '00:06:01', '2015-08-10 16:31:42', '2015-08-13 12:12:25', 0),
	(1059, 63, 'Jahnsdorf', 8.45, '2015-10-02 12:00:00', '00:05:00', '2015-08-10 16:31:42', '2015-08-13 12:12:25', 0),
	(1060, 63, 'Oberdorf', 11.68, '2015-10-02 12:15:00', '00:07:00', '2015-08-10 16:31:42', '2015-08-13 12:12:25', 0),
	(1064, 64, 'Lydford', 8.66, '2015-10-09 09:00:00', '00:05:01', '2015-08-10 16:38:22', '2015-08-13 12:12:25', 0),
	(1065, 64, 'Reynolds', 8.86, '2015-10-09 09:15:00', '00:05:01', '2015-08-10 16:38:22', '2015-08-13 12:12:25', 0),
	(1066, 64, 'Lydford 2', 8.66, '2015-10-09 09:30:00', '00:05:01', '2015-08-10 16:38:22', '2015-08-13 12:12:25', 0),
	(1067, 64, 'Reynolds 2', 8.86, '2015-10-09 09:45:00', '00:05:01', '2015-08-10 16:38:22', '2015-08-13 12:12:25', 0),
	(1068, 64, 'Lydford 3', 8.66, '2015-10-09 10:00:00', '00:05:01', '2015-08-10 16:38:22', '2015-08-13 12:12:25', 0),
	(1069, 64, 'Reynolds 3', 8.86, '2015-10-09 10:15:00', '00:05:01', '2015-08-10 16:38:22', '2015-08-13 12:12:25', 0),
	(1070, 64, 'Haddon Pen', 8.99, '2015-10-09 10:30:00', '00:06:00', '2015-08-10 16:38:22', '2015-08-13 12:12:25', 0),
	(1071, 64, 'Reynolds 4', 8.86, '2015-10-09 10:45:00', '00:06:00', '2015-08-10 16:38:22', '2015-08-13 12:12:25', 0),
	(1072, 64, 'Haddon Pen 2', 8.99, '2015-10-09 11:00:00', '00:05:01', '2015-08-10 16:38:22', '2015-08-13 12:12:25', 0),
	(1073, 64, 'Haddon Pen 3', 8.99, '2015-10-09 11:15:00', '00:05:00', '2015-08-10 16:38:22', '2015-08-13 12:12:25', 0),
	(1074, 64, 'New Works', 5.27, '2015-10-09 11:30:00', '00:03:00', '2015-08-10 16:38:22', '2015-08-13 12:12:25', 0),
	(1075, 64, 'Bybrook', 7.20, '2015-10-09 11:45:00', '00:04:01', '2015-08-10 16:38:23', '2015-08-13 12:12:25', 0),
	(1076, 64, 'New Works 2', 5.27, '2015-10-09 12:00:00', '00:03:01', '2015-08-10 16:38:23', '2015-08-13 12:12:25', 0),
	(1077, 64, 'Bybrook 2', 7.20, '2015-10-09 12:15:00', '00:04:01', '2015-08-10 16:38:23', '2015-08-13 12:12:25', 0),
	(1078, 64, 'New Works 3', 5.27, '2015-10-09 12:30:00', '00:02:01', '2015-08-10 16:38:23', '2015-08-13 12:12:25', 0),
	(1079, 64, 'Bybrook 3', 7.20, '2015-10-09 12:45:00', '00:04:00', '2015-08-10 16:38:23', '2015-08-13 12:12:25', 0),
	(1080, 64, 'Wakefield', 5.73, '2015-10-09 13:00:00', '00:03:00', '2015-08-10 16:38:23', '2015-08-13 12:12:25', 0),
	(1081, 65, 'Schutte Informatisering', 10.22, '2015-10-16 09:00:00', '00:06:00', '2015-08-10 16:41:16', '2015-08-13 12:12:25', 0),
	(1082, 65, 'Eurol Lubricants', 6.51, '2015-10-16 09:15:00', '00:03:01', '2015-08-10 16:41:16', '2015-08-13 12:12:25', 0),
	(1083, 65, 'Teunis Automotive', 6.12, '2015-10-16 09:30:00', '00:04:00', '2015-08-10 16:41:16', '2015-08-13 12:12:25', 0),
	(1084, 65, 'Schutte Informatisering 2', 10.22, '2015-10-16 09:45:00', '00:06:01', '2015-08-10 16:41:16', '2015-08-13 12:12:25', 0),
	(1085, 65, 'Eurol Lubricants 2', 6.51, '2015-10-16 10:00:00', '00:03:01', '2015-08-10 16:41:16', '2015-08-13 12:12:25', 0),
	(1086, 65, 'Teunis Automotive 2', 6.12, '2015-10-16 10:15:00', '00:03:01', '2015-08-10 16:41:17', '2015-08-13 12:12:25', 0),
	(1087, 65, 'Hegeman Bouw', 13.89, '2015-10-16 10:30:00', '00:08:01', '2015-08-10 16:41:17', '2015-08-13 12:12:25', 0),
	(1088, 65, 'Reggesign Reclame', 10.36, '2015-10-16 10:45:00', '00:06:01', '2015-08-10 16:41:17', '2015-08-13 12:12:25', 0),
	(1089, 65, 'Hegeman Bouw 2', 13.89, '2015-10-16 11:00:00', '00:08:01', '2015-08-10 16:41:17', '2015-08-13 12:12:25', 0),
	(1090, 65, 'Reggesign Reclame 2', 10.36, '2015-10-16 11:15:00', '00:06:00', '2015-08-10 16:41:17', '2015-08-13 12:12:25', 0),
	(1091, 65, 'Ten Brinke', 12.67, '2015-10-16 11:30:00', '00:08:00', '2015-08-10 16:41:17', '2015-08-13 12:12:25', 0),
	(1092, 65, 'Tijhof', 8.48, '2015-10-16 11:45:00', '00:05:01', '2015-08-10 16:41:17', '2015-08-13 12:12:25', 0),
	(1093, 65, 'Wolves Berging', 11.59, '2015-10-16 12:00:00', '00:07:01', '2015-08-10 16:41:17', '2015-08-13 12:12:25', 0),
	(1094, 65, 'Ten Brinke 2', 12.67, '2015-10-16 12:15:00', '00:07:00', '2015-08-10 16:41:17', '2015-08-13 12:12:25', 0),
	(1095, 65, 'Tijhof 2', 8.48, '2015-10-16 12:30:00', '00:04:01', '2015-08-10 16:41:17', '2015-08-13 12:12:25', 0),
	(1096, 65, 'Wolves Berging 2', 11.59, '2015-10-16 12:45:00', '00:07:01', '2015-08-10 16:41:17', '2015-08-13 12:12:25', 0),
	(1098, 66, 'Tenten - Huelmes', 12.56, '2015-10-23 09:00:00', '00:08:00', '2015-08-10 16:47:23', '2015-08-13 12:12:25', 0),
	(1099, 66, 'Petten - Rouscht', 5.25, '2015-10-23 09:15:00', '00:03:01', '2015-08-10 16:47:23', '2015-08-13 12:12:25', 0),
	(1100, 66, 'Platen - Horass', 6.74, '2015-10-23 09:30:00', '00:04:00', '2015-08-10 16:47:23', '2015-08-13 12:12:25', 0),
	(1101, 66, 'Tenten - Huelmes 2', 12.56, '2015-10-23 09:45:00', '00:08:00', '2015-08-10 16:47:23', '2015-08-13 12:12:25', 0),
	(1102, 66, 'Petten - Rouscht 2', 5.25, '2015-10-23 10:00:00', '00:03:00', '2015-08-10 16:47:23', '2015-08-13 12:12:25', 0),
	(1103, 66, 'Platen - Horass 2', 6.74, '2015-10-23 10:15:00', '00:04:00', '2015-08-10 16:47:23', '2015-08-13 12:12:25', 0),
	(1104, 66, 'Tenten - Huelmes 3', 12.56, '2015-10-23 10:30:00', '00:07:01', '2015-08-10 16:47:24', '2015-08-13 12:12:25', 0),
	(1105, 66, 'Petten - Rouscht 3', 5.25, '2015-10-23 10:45:00', '00:03:00', '2015-08-10 16:47:24', '2015-08-13 12:12:25', 0),
	(1106, 66, 'Platen - Horass 3', 6.74, '2015-10-23 11:00:00', '00:03:01', '2015-08-10 16:47:24', '2015-08-13 12:12:25', 0),
	(1107, 66, 'Reiden - Noojhem', 20.19, '2015-10-23 11:15:00', '00:13:00', '2015-08-10 16:47:24', '2015-08-13 12:12:25', 0),
	(1108, 66, 'Horass - Platen', 10.99, '2015-10-23 11:30:00', '00:07:00', '2015-08-10 16:47:24', '2015-08-13 12:12:25', 0),
	(1109, 66, 'Reiden - Noojhem 2', 20.19, '2015-10-23 11:45:00', '00:12:01', '2015-08-10 16:47:24', '2015-08-13 12:12:25', 0),
	(1110, 66, 'Horass - Platen 2', 10.99, '2015-10-23 12:00:00', '00:06:01', '2015-08-10 16:47:24', '2015-08-13 12:12:25', 0),
	(1111, 66, 'Reiden - Noojhem 3', 20.19, '2015-10-23 12:15:00', '00:11:00', '2015-08-10 16:47:24', '2015-08-13 12:12:25', 0),
	(1112, 66, 'Horass - Platen 3', 10.99, '2015-10-23 12:30:00', '00:06:01', '2015-08-10 16:47:24', '2015-08-13 12:12:25', 0),
	(1115, 67, 'Nabat Lusail', 19.33, '2015-10-30 09:00:00', '00:12:01', '2015-08-10 16:50:08', '2015-08-13 12:12:25', 0),
	(1116, 67, 'Umm Al Hal', 12.99, '2015-10-30 09:15:00', '00:07:01', '2015-08-10 16:50:08', '2015-08-13 12:12:25', 0),
	(1117, 67, 'Al Waker', 10.19, '2015-10-30 09:30:00', '00:06:00', '2015-08-10 16:50:08', '2015-08-13 12:12:25', 0),
	(1118, 67, 'QMMF', 28.31, '2015-10-30 09:45:00', '00:17:01', '2015-08-10 16:50:08', '2015-08-13 12:12:25', 0),
	(1119, 67, 'Nabat Lusail 2', 19.33, '2015-10-30 10:00:00', '00:10:01', '2015-08-10 16:50:08', '2015-08-13 12:12:25', 0),
	(1120, 67, 'Umm Al Hal 2', 12.99, '2015-10-30 10:15:00', '00:07:01', '2015-08-10 16:50:08', '2015-08-13 12:12:25', 0),
	(1121, 67, 'Al Waker 2', 10.19, '2015-10-30 10:30:00', '00:06:00', '2015-08-10 16:50:08', '2015-08-13 12:12:25', 0),
	(1122, 67, 'QMMF 2', 28.31, '2015-10-30 10:45:00', '00:17:00', '2015-08-10 16:50:08', '2015-08-13 12:12:25', 0),
	(1123, 67, 'Al Wakrah', 25.83, '2015-10-30 11:00:00', '00:15:01', '2015-08-10 16:50:08', '2015-08-13 12:12:25', 0),
	(1124, 67, 'QMMF 3', 28.31, '2015-10-30 11:15:00', '00:16:00', '2015-08-10 16:50:08', '2015-08-13 12:12:25', 0),
	(1125, 67, 'Al Negian', 7.90, '2015-10-30 11:30:00', '00:04:01', '2015-08-10 16:50:09', '2015-08-13 12:12:25', 0),
	(1126, 67, 'Al Wakrah 2', 25.83, '2015-10-30 11:45:00', '00:16:00', '2015-08-10 16:50:09', '2015-08-13 12:12:25', 0),
	(1127, 67, 'QMMF 4', 28.31, '2015-10-30 12:00:00', '00:16:01', '2015-08-10 16:50:09', '2015-08-13 12:12:25', 0),
	(1128, 67, 'Al Negian 2', 7.90, '2015-10-30 12:15:00', '00:05:00', '2015-08-10 16:50:09', '2015-08-13 12:12:25', 0),
	(1129, 67, 'Al Wakrah 3', 25.83, '2015-10-30 12:30:00', '00:17:01', '2015-08-10 16:50:09', '2015-08-13 12:12:25', 0),
	(1130, 67, 'Al Negian 3', 7.90, '2015-10-30 12:45:00', '00:04:01', '2015-08-10 16:50:09', '2015-08-13 12:12:25', 0),
	(1132, 68, 'Salgovik', 10.76, '2015-08-15 09:00:00', '00:07:00', '2015-08-10 16:52:25', '2015-08-13 12:12:25', 0),
	(1133, 68, 'Zlata Baoa 3', 24.32, '2015-08-15 09:15:00', '00:16:01', '2015-08-10 16:52:25', '2015-08-13 12:12:25', 0),
	(1134, 68, 'Lubotice', 6.32, '2015-08-15 09:30:00', '00:03:01', '2015-08-10 16:52:25', '2015-08-13 12:12:25', 0),
	(1135, 68, 'Salgovik 2', 10.16, '2015-08-15 09:45:00', '00:06:01', '2015-08-10 16:52:25', '2015-08-13 12:12:25', 0),
	(1136, 68, 'Zlata Baoa 2', 24.32, '2015-08-15 10:00:00', '00:16:00', '2015-08-10 16:52:25', '2015-08-13 12:12:25', 0),
	(1137, 68, 'Lubotice 2', 6.51, '2015-08-15 10:15:00', '00:03:01', '2015-08-10 16:52:25', '2015-08-13 12:12:25', 0),
	(1138, 68, 'Obisovce', 23.31, '2015-08-15 10:30:00', '00:15:00', '2015-08-10 16:52:26', '2015-08-13 12:12:25', 0),
	(1139, 68, 'Vitaz', 17.93, '2015-08-15 10:45:00', '00:10:00', '2015-08-10 16:52:26', '2015-08-13 12:12:25', 0),
	(1140, 68, 'Obisovce 2', 23.31, '2015-08-15 11:00:00', '00:15:01', '2015-08-10 16:52:26', '2015-08-13 12:12:25', 0),
	(1141, 68, 'Vitaz 2', 17.93, '2015-08-15 11:15:00', '00:11:00', '2015-08-10 16:52:26', '2015-08-13 12:12:25', 0),
	(1142, 68, 'Obisovce 3', 23.31, '2015-08-15 11:30:00', '00:13:01', '2015-08-10 16:52:26', '2015-08-13 12:12:25', 0),
	(1143, 68, 'Vitaz 3', 17.93, '2015-08-15 11:45:00', '00:10:00', '2015-08-10 16:52:26', '2015-08-13 12:12:25', 0),
	(1144, 68, 'Salgovik', 10.16, '2015-08-15 12:00:00', '00:06:01', '2015-08-10 16:52:26', '2015-08-13 12:12:25', 0),
	(1145, 68, 'Zlata Baoa', 24.32, '2015-08-15 12:15:00', '00:14:01', '2015-08-10 16:52:26', '2015-08-13 12:12:25', 0),
	(1146, 68, 'Lubotice', 6.51, '2015-08-15 12:30:00', '00:04:00', '2015-08-10 16:52:26', '2015-08-13 12:12:25', 0),
	(1149, 69, 'Carron Valley', 8.49, '2015-08-22 09:00:00', '00:05:00', '2015-08-10 16:54:39', '2015-08-13 12:12:25', 0),
	(1150, 69, 'Carron Valley 2', 8.49, '2015-08-22 09:15:00', '00:04:01', '2015-08-10 16:54:39', '2015-08-13 12:12:25', 0),
	(1151, 69, 'Craigvinean', 16.29, '2015-08-22 09:30:00', '00:10:01', '2015-08-10 16:54:39', '2015-08-13 12:12:25', 0),
	(1152, 69, 'Drummond Hill', 13.65, '2015-08-22 09:45:00', '00:08:01', '2015-08-10 16:54:39', '2015-08-13 12:12:25', 0),
	(1153, 69, 'Errochty', 17.85, '2015-08-22 10:00:00', '00:12:00', '2015-08-10 16:54:39', '2015-08-13 12:12:25', 0),
	(1154, 69, 'Craigvinean 2', 16.29, '2015-08-22 10:15:00', '00:11:00', '2015-08-10 16:54:39', '2015-08-13 12:12:25', 0),
	(1155, 69, 'Drummond Hill 2', 13.65, '2015-08-22 10:30:00', '00:08:00', '2015-08-10 16:54:39', '2015-08-13 12:12:25', 0),
	(1156, 69, 'Errochty 2', 17.85, '2015-08-22 10:45:00', '00:11:00', '2015-08-10 16:54:39', '2015-08-13 12:12:25', 0),
	(1157, 69, 'Carron Valley 3', 8.49, '2015-08-22 11:00:00', '00:05:00', '2015-08-10 16:54:39', '2015-08-13 12:12:25', 0),
	(1158, 69, 'Loch Chon', 9.29, '2015-08-22 11:15:00', '00:06:00', '2015-08-10 16:54:39', '2015-08-13 12:12:25', 0),
	(1159, 69, 'High Corrie', 25.62, '2015-08-22 11:30:00', '00:16:01', '2015-08-10 16:54:39', '2015-08-13 12:12:25', 0),
	(1160, 69, 'Loch Chon 2', 9.29, '2015-08-22 11:45:00', '00:06:00', '2015-08-10 16:54:39', '2015-08-13 12:12:25', 0),
	(1161, 69, 'High Corrie 2', 25.62, '2015-08-22 12:00:00', '00:17:00', '2015-08-10 16:54:39', '2015-08-13 12:12:25', 0),
	(1162, 69, 'Scone Palace', 2.60, '2015-08-22 12:15:00', '00:01:01', '2015-08-10 16:54:39', '2015-08-13 12:12:25', 0),
	(1163, 69, 'Scone Palace 2', 2.60, '2015-08-22 12:30:00', '00:01:01', '2015-08-10 16:54:40', '2015-08-13 12:12:25', 0),
	(1166, 70, 'Palix', 9.48, '2015-08-29 09:00:00', '00:06:00', '2015-08-10 17:20:46', '2015-08-13 12:12:25', 0),
	(1167, 70, 'Palix 2', 9.48, '2015-08-29 09:15:00', '00:06:00', '2015-08-10 17:20:46', '2015-08-13 12:12:25', 0),
	(1168, 70, 'Smith Creek', 10.19, '2015-08-29 09:30:00', '00:07:00', '2015-08-10 17:20:46', '2015-08-13 12:12:25', 0),
	(1169, 70, 'Brooklyn', 11.97, '2015-08-29 09:45:00', '00:07:00', '2015-08-10 17:20:46', '2015-08-13 12:12:25', 0),
	(1170, 70, 'Brooklyn 2', 11.97, '2015-08-29 10:00:00', '00:07:00', '2015-08-10 17:20:46', '2015-08-13 12:12:25', 0),
	(1171, 70, 'Smith Creek 2', 10.19, '2015-08-29 10:15:00', '00:06:01', '2015-08-10 17:20:46', '2015-08-13 12:12:25', 0),
	(1172, 70, 'Pico', 15.36, '2015-08-29 10:30:00', '00:10:00', '2015-08-10 17:20:46', '2015-08-13 12:12:25', 0),
	(1173, 70, 'Pico 2', 15.36, '2015-08-29 10:45:00', '00:10:00', '2015-08-10 17:20:46', '2015-08-13 12:12:25', 0),
	(1174, 70, 'Wreck Creek', 6.71, '2015-08-29 11:00:00', '00:04:00', '2015-08-10 17:20:46', '2015-08-13 12:12:25', 0),
	(1175, 70, 'Wreck Creek 2', 6.71, '2015-08-29 11:15:00', '00:04:00', '2015-08-10 17:20:46', '2015-08-13 12:12:25', 0),
	(1176, 70, 'Taholah', 18.20, '2015-08-29 11:30:00', '00:10:01', '2015-08-10 17:20:47', '2015-08-13 12:12:25', 0),
	(1177, 70, 'Black Bear Highway', 7.22, '2015-08-29 11:45:00', '00:04:00', '2015-08-10 17:20:47', '2015-08-13 12:12:25', 0),
	(1178, 70, 'Taholah 2', 18.20, '2015-08-29 12:00:00', '00:11:00', '2015-08-10 17:20:47', '2015-08-13 12:12:25', 0),
	(1179, 70, 'Black Bear Highway 2', 7.22, '2015-08-29 12:15:00', '00:04:01', '2015-08-10 17:20:47', '2015-08-13 12:12:25', 0),
	(1183, 71, 'Guide Valley', 4.11, '2015-09-05 09:00:00', '00:02:01', '2015-08-10 17:24:19', '2015-08-13 12:12:25', 0),
	(1184, 71, 'Tewkesbury', 4.71, '2015-09-05 09:15:00', '00:02:01', '2015-08-10 17:24:19', '2015-08-13 12:12:25', 0),
	(1185, 71, 'Hellyer Leslie', 19.20, '2015-09-05 09:30:00', '00:12:00', '2015-08-10 17:24:19', '2015-08-13 12:12:25', 0),
	(1186, 71, 'Hellyer Leslie 2', 19.20, '2015-09-05 09:45:00', '00:12:00', '2015-08-10 17:24:19', '2015-08-13 12:12:25', 0),
	(1187, 71, 'Savage River', 24.99, '2015-09-05 10:00:00', '00:15:00', '2015-08-10 17:24:19', '2015-08-13 12:12:25', 0),
	(1188, 71, 'Savage River 2', 24.99, '2015-09-05 10:15:00', '00:15:01', '2015-08-10 17:24:19', '2015-08-13 12:12:25', 0),
	(1189, 71, 'Hellyer Leslie 3', 19.20, '2015-09-05 10:30:00', '00:11:01', '2015-08-10 17:24:19', '2015-08-13 12:12:25', 0),
	(1190, 71, 'Yolla North', 5.83, '2015-09-05 10:45:00', '00:03:01', '2015-08-10 17:24:19', '2015-08-13 12:12:25', 0),
	(1191, 71, 'Oldina North', 7.53, '2015-09-05 11:00:00', '00:04:01', '2015-08-10 17:24:19', '2015-08-13 12:12:25', 0),
	(1192, 71, 'Yolla North 2', 5.83, '2015-09-05 11:15:00', '00:03:01', '2015-08-10 17:24:19', '2015-08-13 12:12:25', 0),
	(1193, 71, 'Oldina North 2', 7.53, '2015-09-05 11:30:00', '00:04:01', '2015-08-10 17:24:19', '2015-08-13 12:12:25', 0),
	(1194, 71, 'Paloona Dam', 5.15, '2015-09-05 11:45:00', '00:03:00', '2015-08-10 17:24:19', '2015-08-13 12:12:25', 0),
	(1195, 71, 'Mt. Roland', 7.53, '2015-09-05 12:00:00', '00:04:00', '2015-08-10 17:24:19', '2015-08-13 12:12:25', 0),
	(1196, 71, 'King Solomon', 15.80, '2015-09-05 12:15:00', '00:10:00', '2015-08-10 17:24:19', '2015-08-13 12:12:25', 0),
	(1197, 71, 'Gog Range', 7.31, '2015-09-05 12:30:00', '00:04:01', '2015-08-10 17:24:20', '2015-08-13 12:12:25', 0),
	(1198, 71, 'Mt. Roland 2', 7.53, '2015-09-05 12:45:00', '00:04:01', '2015-08-10 17:24:20', '2015-08-13 12:12:25', 0),
	(1199, 71, 'King Solomon 2', 15.80, '2015-09-05 13:00:00', '00:10:00', '2015-08-10 17:24:20', '2015-08-13 12:12:25', 0),
	(1200, 72, 'Lysgard', 14.36, '2015-09-12 09:00:00', '00:09:00', '2015-08-10 17:28:35', '2015-08-13 12:12:25', 0),
	(1201, 72, 'Kjellerup', 2.56, '2015-09-12 09:15:00', '00:01:01', '2015-08-10 17:28:36', '2015-08-13 12:12:25', 0),
	(1202, 72, 'Sjorslev', 20.85, '2015-09-12 09:30:00', '00:14:00', '2015-08-10 17:28:36', '2015-08-13 12:12:25', 0),
	(1203, 72, 'Demstrup', 6.41, '2015-09-12 09:45:00', '00:03:01', '2015-08-10 17:28:36', '2015-08-13 12:12:25', 0),
	(1204, 72, 'Lysgard 2', 14.36, '2015-09-12 10:00:00', '00:08:00', '2015-08-10 17:28:37', '2015-08-13 12:12:25', 0),
	(1205, 72, 'Kjellerup 2', 2.56, '2015-09-12 10:15:00', '00:01:01', '2015-08-10 17:28:37', '2015-08-13 12:12:25', 0),
	(1206, 72, 'Sjorslev 2', 20.85, '2015-09-12 10:30:00', '00:11:01', '2015-08-10 17:28:37', '2015-08-13 12:12:25', 0),
	(1207, 72, 'Demstrup 2', 6.41, '2015-09-12 10:45:00', '00:04:00', '2015-08-10 17:28:38', '2015-08-13 12:12:25', 0),
	(1208, 72, 'Hindberg', 7.38, '2015-09-12 11:00:00', '00:04:01', '2015-08-10 17:28:38', '2015-08-13 12:12:25', 0),
	(1209, 72, 'Frederiksdal', 8.99, '2015-09-12 11:15:00', '00:06:00', '2015-08-10 17:28:39', '2015-08-13 12:12:25', 0),
	(1210, 72, 'Hinge', 6.51, '2015-09-12 11:30:00', '00:04:00', '2015-08-10 17:28:39', '2015-08-13 12:12:25', 0),
	(1211, 72, 'Hindberg 2', 7.38, '2015-09-12 11:45:00', '00:04:01', '2015-08-10 17:28:39', '2015-08-13 12:12:25', 0),
	(1212, 72, 'Frederiksdal 2', 8.99, '2015-09-12 12:00:00', '00:05:01', '2015-08-10 17:28:39', '2015-08-13 12:12:25', 0),
	(1213, 72, 'Hinge 2', 6.51, '2015-09-12 12:15:00', '00:03:01', '2015-08-10 17:28:39', '2015-08-13 12:12:25', 0),
	(1214, 72, 'Kjellerup 3', 2.56, '2015-09-12 12:30:00', '00:01:00', '2015-08-10 17:28:39', '2015-08-13 12:12:25', 0),
	(1217, 73, 'Saporro', 1.85, '2015-09-19 09:00:00', '00:01:00', '2015-08-10 17:30:34', '2015-08-13 12:12:25', 0),
	(1218, 73, 'Saporro 2', 1.85, '2015-09-19 09:15:00', '00:01:00', '2015-08-10 17:30:34', '2015-08-13 12:12:25', 0),
	(1219, 73, 'Iwanke', 26.67, '2015-09-19 09:30:00', '00:16:01', '2015-08-10 17:30:34', '2015-08-13 12:12:25', 0),
	(1220, 73, 'Kamauycep', 33.69, '2015-09-19 09:45:00', '00:19:01', '2015-08-10 17:30:34', '2015-08-13 12:12:25', 0),
	(1221, 73, 'Kina', 9.25, '2015-09-19 10:00:00', '00:06:00', '2015-08-10 17:30:34', '2015-08-13 12:12:25', 0),
	(1222, 73, 'Iwanke 2', 26.67, '2015-09-19 10:15:00', '00:17:01', '2015-08-10 17:30:34', '2015-08-13 12:12:25', 0),
	(1223, 73, 'Kamuycep 2', 33.34, '2015-09-19 10:30:00', '00:21:00', '2015-08-10 17:30:35', '2015-08-13 12:12:25', 0),
	(1224, 73, 'Kina 2', 9.25, '2015-09-19 10:45:00', '00:05:00', '2015-08-10 17:30:35', '2015-08-13 12:12:25', 0),
	(1225, 73, 'Saporro 3', 1.85, '2015-09-19 11:00:00', '00:01:00', '2015-08-10 17:30:35', '2015-08-13 12:12:25', 0),
	(1226, 73, 'Saporro 4', 1.85, '2015-09-19 11:15:00', '00:01:00', '2015-08-10 17:30:35', '2015-08-13 12:12:25', 0),
	(1227, 73, 'Nikara', 17.30, '2015-09-19 11:30:00', '00:11:01', '2015-08-10 17:30:35', '2015-08-13 12:12:25', 0),
	(1228, 73, 'Sikot', 27.28, '2015-09-19 11:45:00', '00:16:00', '2015-08-10 17:30:35', '2015-08-13 12:12:25', 0),
	(1229, 73, 'Koyka', 3.66, '2015-09-19 12:00:00', '00:02:00', '2015-08-10 17:30:35', '2015-08-13 12:12:25', 0),
	(1230, 73, 'Nikara 2', 17.30, '2015-09-19 12:15:00', '00:10:01', '2015-08-10 17:30:35', '2015-08-13 12:12:25', 0),
	(1231, 73, 'Sikot 2', 27.28, '2015-09-19 12:30:00', '00:16:00', '2015-08-10 17:30:35', '2015-08-13 12:12:25', 0),
	(1232, 73, 'Koyka 2', 3.66, '2015-09-19 12:45:00', '00:02:00', '2015-08-10 17:30:35', '2015-08-13 12:12:26', 0),
	(1233, 73, 'Saporro 5', 1.85, '2015-09-19 13:00:00', '00:01:00', '2015-08-10 17:30:35', '2015-08-13 12:12:26', 0),
	(1234, 74, 'Krzeszowice Rynek', 1.35, '2015-09-26 09:00:00', '00:00:01', '2015-08-10 17:47:58', '2015-08-13 12:12:26', 0),
	(1235, 74, 'Krzeszowice - Zalas', 7.53, '2015-09-26 09:15:00', '00:04:00', '2015-08-10 17:47:58', '2015-08-13 12:12:26', 0),
	(1236, 74, 'Sanka - Tenczynek', 6.84, '2015-09-26 09:30:00', '00:04:00', '2015-08-10 17:47:58', '2015-08-13 12:12:26', 0),
	(1237, 74, 'Tenczynek - Paczoltowice Golf', 10.51, '2015-09-26 09:45:00', '00:07:00', '2015-08-10 17:47:58', '2015-08-13 12:12:26', 0),
	(1238, 74, 'Paczoltowice Golf - Nowa Gora', 11.94, '2015-09-26 10:00:00', '00:06:01', '2015-08-10 17:47:58', '2015-08-13 12:12:26', 0),
	(1239, 74, 'Nowa Gora - Trzebinia Chechlo', 15.75, '2015-09-26 10:15:00', '00:09:00', '2015-08-10 17:47:58', '2015-08-13 12:12:26', 0),
	(1240, 74, 'Trzebinia Chechlo - Rudno', 17.63, '2015-09-26 10:30:00', '00:11:01', '2015-08-10 17:47:58', '2015-08-13 12:12:26', 0),
	(1241, 74, 'Rudno Zamek', 1.88, '2015-09-26 10:45:00', '00:01:00', '2015-08-10 17:47:58', '2015-08-13 12:12:26', 0),
	(1242, 74, 'Rudno - Krzeszowice', 9.46, '2015-09-26 11:00:00', '00:06:00', '2015-08-10 17:47:58', '2015-08-13 12:12:26', 0),
	(1243, 74, 'Krzeszowice - Rudawa', 8.26, '2015-09-26 11:15:00', '00:05:01', '2015-08-10 17:47:58', '2015-08-13 12:12:26', 0),
	(1244, 74, 'Rudawa - Siedlec', 4.36, '2015-09-26 11:30:00', '00:02:01', '2015-08-10 17:47:58', '2015-08-13 12:12:26', 0),
	(1245, 74, 'Siedlec - Krzeszowice', 4.46, '2015-09-26 11:45:00', '00:02:01', '2015-08-10 17:47:58', '2015-08-13 12:12:26', 0),
	(1246, 74, 'Krzeszowice Rynek 2', 1.35, '2015-09-26 12:00:00', '00:00:01', '2015-08-10 17:47:59', '2015-08-13 12:12:26', 0),
	(1247, 74, 'Krzeszowice - Czerna', 3.59, '2015-09-26 12:15:00', '00:02:00', '2015-08-10 17:47:59', '2015-08-13 12:12:26', 0),
	(1248, 74, 'Czerna - Filipowice', 7.33, '2015-09-26 12:30:00', '00:04:01', '2015-08-10 17:47:59', '2015-08-13 12:12:26', 0),
	(1249, 74, 'Krzeszowice Rynek 3', 1.35, '2015-09-26 12:45:00', '00:00:01', '2015-08-10 17:47:59', '2015-08-13 12:12:26', 0),
	(1251, 75, 'Bochnia Rynek', 1.70, '2015-10-03 09:00:00', '00:01:00', '2015-08-11 11:03:43', '2015-08-13 12:12:26', 0),
	(1252, 75, 'Bo-Glass', 5.14, '2015-10-03 09:15:00', '00:02:01', '2015-08-11 11:03:43', '2015-08-13 12:12:26', 0),
	(1253, 75, 'Lapanow', 8.40, '2015-10-03 09:30:00', '00:05:00', '2015-08-11 11:03:43', '2015-08-13 12:12:26', 0),
	(1254, 75, 'Lapanow - Laskowa', 23.30, '2015-10-03 09:45:00', '00:15:00', '2015-08-11 11:03:44', '2015-08-13 12:12:26', 0),
	(1255, 75, 'Laskowa - Krosna', 7.24, '2015-10-03 10:00:00', '00:04:00', '2015-08-11 11:03:44', '2015-08-13 12:12:26', 0),
	(1256, 75, 'Krosna - Bilsko', 11.47, '2015-10-03 10:15:00', '00:07:00', '2015-08-11 11:03:44', '2015-08-13 12:12:26', 0),
	(1257, 75, 'Bilsko - Iwkowa', 11.89, '2015-10-03 10:30:00', '00:07:01', '2015-08-11 11:03:44', '2015-08-13 12:12:26', 0),
	(1258, 75, 'Iwkowa - Lipnica Murowana', 13.94, '2015-10-03 10:45:00', '00:09:01', '2015-08-11 11:03:44', '2015-08-13 12:12:26', 0),
	(1259, 75, 'Lipnica Murowana - Nowy Wisnicz', 8.85, '2015-10-03 11:00:00', '00:05:00', '2015-08-11 11:03:44', '2015-08-13 12:12:26', 0),
	(1260, 75, 'Nowy Wisnicz - Bochnia', 7.86, '2015-10-03 11:15:00', '00:04:00', '2015-08-11 11:03:44', '2015-08-13 12:12:26', 0),
	(1261, 75, 'Bochnia Rynek 2', 1.70, '2015-10-03 11:30:00', '00:01:00', '2015-08-11 11:03:44', '2015-08-13 12:12:26', 0),
	(1262, 75, 'Rzezawa - Nowe Brzesko', 25.68, '2015-10-03 11:45:00', '00:17:00', '2015-08-11 11:03:44', '2015-08-13 12:12:26', 0),
	(1263, 75, 'Nowe Brzesko - Niepolomice', 20.37, '2015-10-03 12:00:00', '00:11:01', '2015-08-11 11:03:44', '2015-08-13 12:12:26', 0),
	(1264, 75, 'Niepolomice - Bochnia', 20.17, '2015-10-03 12:15:00', '00:12:00', '2015-08-11 11:03:44', '2015-08-13 12:12:26', 0),
	(1265, 75, 'Bochnia Rynek 3', 1.70, '2015-10-03 12:30:00', '00:01:00', '2015-08-11 11:03:44', '2015-08-13 12:12:26', 0),
	(1268, 76, 'Krakow Rynek', 2.85, '2015-10-10 09:00:00', '00:01:01', '2015-08-11 11:13:27', '2015-08-13 12:12:26', 0),
	(1269, 76, 'Kazimierz - Ruczaj', 5.69, '2015-10-10 09:15:00', '00:03:00', '2015-08-11 11:13:27', '2015-08-13 12:12:26', 0),
	(1270, 76, 'Ruczaj - Skawina', 9.39, '2015-10-10 09:30:00', '00:05:00', '2015-08-11 11:13:27', '2015-08-13 12:12:26', 0),
	(1271, 76, 'Skawina - Liszki', 14.27, '2015-10-10 09:45:00', '00:09:00', '2015-08-11 11:13:28', '2015-08-13 12:12:26', 0),
	(1272, 76, 'Liszki - Brzoskwinia', 10.50, '2015-10-10 10:00:00', '00:07:00', '2015-08-11 11:13:28', '2015-08-13 12:12:26', 0),
	(1273, 76, 'Brzoskwinia - Zabierzow', 10.53, '2015-10-10 10:15:00', '00:07:00', '2015-08-11 11:13:28', '2015-08-13 12:12:26', 0),
	(1274, 76, 'Zabierzow - Skala', 21.37, '2015-10-10 10:30:00', '00:12:00', '2015-08-11 11:13:28', '2015-08-13 12:12:26', 0),
	(1275, 76, 'Skala - Miechow', 28.10, '2015-10-10 10:45:00', '00:18:01', '2015-08-11 11:13:28', '2015-08-13 12:12:26', 0),
	(1276, 76, 'Miechow - Slomniki', 15.97, '2015-10-10 11:00:00', '00:10:00', '2015-08-11 11:13:28', '2015-08-13 12:12:26', 0),
	(1277, 76, 'Slomniki - Proszowice', 17.88, '2015-10-10 11:15:00', '00:10:01', '2015-08-11 11:13:28', '2015-08-13 12:12:26', 0),
	(1278, 76, 'Proszowice - Nowa Huta', 24.31, '2015-10-10 11:30:00', '00:16:01', '2015-08-11 11:13:28', '2015-08-13 12:12:26', 0),
	(1279, 76, 'Nowa Huta - Plaszow', 17.54, '2015-10-10 11:45:00', '00:10:00', '2015-08-11 11:13:28', '2015-08-13 12:12:26', 0),
	(1280, 76, 'Plaszow - Wieliczka', 10.43, '2015-10-10 12:00:00', '00:06:01', '2015-08-11 11:13:28', '2015-08-13 12:12:26', 0),
	(1281, 76, 'Wieliczka - Rybitwy', 10.48, '2015-10-10 12:15:00', '00:07:00', '2015-08-11 11:13:28', '2015-08-13 12:12:26', 0),
	(1282, 76, 'Rybitwy - Wawel', 7.85, '2015-10-10 12:30:00', '00:05:00', '2015-08-11 11:13:28', '2015-08-13 12:12:26', 0),
	(1283, 76, 'Krakow Rynek 2', 2.85, '2015-10-10 12:45:00', '00:01:01', '2015-08-11 11:13:28', '2015-08-13 12:12:26', 0),
	(1285, 77, 'Gdansk - Gdynia', 34.19, '2015-10-17 09:00:00', '00:20:01', '2015-08-11 11:24:14', '2015-08-13 12:12:26', 0),
	(1286, 77, 'Gdynia - Puck', 32.30, '2015-10-17 09:15:00', '00:21:00', '2015-08-11 11:24:14', '2015-08-13 12:12:26', 0),
	(1287, 77, 'Gdynia - Wladyslawowo', 14.39, '2015-10-17 09:30:00', '00:08:01', '2015-08-11 11:24:14', '2015-08-13 12:12:26', 0),
	(1288, 77, 'Wladyslawowo - Hel', 34.45, '2015-10-17 09:45:00', '00:20:00', '2015-08-11 11:24:14', '2015-08-13 12:12:26', 0),
	(1289, 77, 'Debki - Leba', 40.23, '2015-10-17 10:00:00', '00:27:01', '2015-08-11 11:24:14', '2015-08-13 12:12:26', 0),
	(1290, 77, 'Leba - Lebork', 29.90, '2015-10-17 10:15:00', '00:19:01', '2015-08-11 11:24:14', '2015-08-13 12:12:26', 0),
	(1291, 77, 'Lebork - Damno', 32.48, '2015-10-17 10:30:00', '00:20:01', '2015-08-11 11:24:14', '2015-08-13 12:12:26', 0),
	(1292, 77, 'Damno - Slupsk', 22.97, '2015-10-17 10:45:00', '00:13:01', '2015-08-11 11:24:14', '2015-08-13 12:12:26', 0),
	(1293, 77, 'Slupsk - Ustka', 18.97, '2015-10-17 11:00:00', '00:11:00', '2015-08-11 11:24:14', '2015-08-13 12:12:26', 0),
	(1294, 77, 'Ustka - Jaroslawiec', 28.54, '2015-10-17 11:15:00', '00:18:00', '2015-08-11 11:24:14', '2015-08-13 12:12:26', 0),
	(1295, 77, 'Jaroslawiec - Darlowo', 17.41, '2015-10-17 11:30:00', '00:11:00', '2015-08-11 11:24:14', '2015-08-13 12:12:26', 0),
	(1296, 77, 'Darlowo - Lazy', 27.65, '2015-10-17 11:45:00', '00:17:00', '2015-08-11 11:24:14', '2015-08-13 12:12:26', 0),
	(1297, 77, 'Lazy - Mielno', 9.59, '2015-10-17 12:00:00', '00:05:01', '2015-08-11 11:24:14', '2015-08-13 12:12:26', 0),
	(1298, 77, 'Mielno - Gaski', 10.66, '2015-10-17 12:15:00', '00:07:00', '2015-08-11 11:24:14', '2015-08-13 12:12:26', 0),
	(1299, 77, 'Gaski - Ustronie', 12.83, '2015-10-17 12:30:00', '00:07:00', '2015-08-11 11:24:15', '2015-08-13 12:12:26', 0),
	(1300, 77, 'Ustronie - Kolobrzeg', 13.68, '2015-10-17 12:45:00', '00:07:01', '2015-08-11 11:24:15', '2015-08-13 12:12:26', 0),
	(1301, 77, 'Kolobrzeg Rynek 1', 1.40, '2015-10-17 13:00:00', '00:00:01', '2015-08-11 11:24:15', '2015-08-13 12:12:26', 0),
	(1302, 78, 'Upper Old Hastings', 11.46, '2015-10-24 09:00:00', '00:07:00', '2015-08-11 11:38:06', '2015-08-13 12:12:26', 0),
	(1303, 78, 'Peanut 101', 15.14, '2015-10-24 09:15:00', '00:10:00', '2015-08-11 11:38:07', '2015-08-13 12:12:26', 0),
	(1304, 78, 'Upper Old Hastings 2', 11.46, '2015-10-24 09:30:00', '00:07:00', '2015-08-11 11:38:07', '2015-08-13 12:12:26', 0),
	(1305, 78, 'Old Detlor', 12.38, '2015-10-24 09:45:00', '00:07:01', '2015-08-11 11:38:07', '2015-08-13 12:12:26', 0),
	(1306, 78, 'Iron Bridge', 7.45, '2015-10-24 10:00:00', '00:04:01', '2015-08-11 11:38:07', '2015-08-13 12:12:26', 0),
	(1307, 78, 'Mayo Lake 101', 30.78, '2015-10-24 10:15:00', '00:19:01', '2015-08-11 11:38:07', '2015-08-13 12:12:26', 0),
	(1308, 78, 'Iron Bridge 2', 7.45, '2015-10-24 10:30:00', '00:04:00', '2015-08-11 11:38:07', '2015-08-13 12:12:26', 0),
	(1309, 78, 'Egan Creek', 27.95, '2015-10-24 10:45:00', '00:18:01', '2015-08-11 11:38:07', '2015-08-13 12:12:26', 0),
	(1310, 78, 'Lower Old Hastings', 14.73, '2015-10-24 11:00:00', '00:08:00', '2015-08-11 11:38:07', '2015-08-13 12:12:26', 0),
	(1311, 78, 'Middle Old Hastings', 7.25, '2015-10-24 11:15:00', '00:04:01', '2015-08-11 11:38:07', '2015-08-13 12:12:26', 0),
	(1312, 78, 'Golton', 2.17, '2015-10-24 11:30:00', '00:01:00', '2015-08-11 11:38:07', '2015-08-13 12:12:26', 0),
	(1313, 78, 'Golton 2', 2.17, '2015-10-24 11:45:00', '00:01:01', '2015-08-11 11:38:07', '2015-08-13 12:12:26', 0),
	(1314, 78, 'Egan 101', 31.93, '2015-10-24 12:00:00', '00:21:00', '2015-08-11 11:38:07', '2015-08-13 12:12:26', 0),
	(1315, 78, 'Lower Old Hastings 2', 14.73, '2015-10-24 12:15:00', '00:08:01', '2015-08-11 11:38:07', '2015-08-13 12:12:26', 0),
	(1316, 78, 'Middle Old Hastings', 7.22, '2015-10-24 12:30:00', '00:04:00', '2015-08-11 11:38:08', '2015-08-13 12:12:26', 0),
	(1319, 79, 'Transfagarasan Cascada', 9.59, '2015-10-31 09:00:00', '00:06:00', '2015-08-11 11:57:54', '2015-08-13 12:12:26', 0),
	(1320, 79, 'Transfagarasan Lac', 6.24, '2015-10-31 09:15:00', '00:03:01', '2015-08-11 11:57:54', '2015-08-13 12:12:26', 0),
	(1321, 79, 'Transfagarasan Lac 2', 6.24, '2015-10-31 09:30:00', '00:03:01', '2015-08-11 11:57:54', '2015-08-13 12:12:26', 0),
	(1322, 79, 'Transfagarasan Cascada 2', 9.59, '2015-10-31 09:45:00', '00:06:01', '2015-08-11 11:57:54', '2015-08-13 12:12:26', 0),
	(1323, 79, 'Baraj', 17.95, '2015-10-31 10:00:00', '00:11:01', '2015-08-11 11:57:55', '2015-08-13 12:12:26', 0),
	(1324, 79, 'Ilielaita', 9.99, '2015-10-31 10:15:00', '00:05:01', '2015-08-11 11:57:55', '2015-08-13 12:12:26', 0),
	(1325, 79, 'Fata Padurii', 14.38, '2015-10-31 10:30:00', '00:08:00', '2015-08-11 11:57:55', '2015-08-13 12:12:26', 0),
	(1326, 79, 'Baraj 2', 17.95, '2015-10-31 10:45:00', '00:10:00', '2015-08-11 11:57:55', '2015-08-13 12:12:26', 0),
	(1327, 79, 'Ilielaita 2', 9.99, '2015-10-31 11:00:00', '00:05:01', '2015-08-11 11:57:55', '2015-08-13 12:12:26', 0),
	(1328, 79, 'Fata Padurii 2', 14.38, '2015-10-31 11:15:00', '00:08:00', '2015-08-11 11:57:55', '2015-08-13 12:12:26', 0),
	(1329, 79, 'Paltinis', 9.75, '2015-10-31 11:30:00', '00:06:01', '2015-08-11 11:57:55', '2015-08-13 12:12:26', 0),
	(1330, 79, 'Paltinis Ski Resort', 15.89, '2015-10-31 11:45:00', '00:09:01', '2015-08-11 11:57:55', '2015-08-13 12:12:26', 0),
	(1331, 79, 'Sadu', 8.39, '2015-10-31 12:00:00', '00:05:00', '2015-08-11 11:57:55', '2015-08-13 12:12:26', 0),
	(1332, 79, 'Muncel', 29.39, '2015-10-31 12:15:00', '00:18:00', '2015-08-11 11:57:55', '2015-08-13 12:12:26', 0),
	(1333, 79, 'Paltinis Ski Resort 2', 15.89, '2015-10-31 12:30:00', '00:09:01', '2015-08-11 11:57:55', '2015-08-13 12:12:26', 0),
	(1334, 79, 'Muzeu', 3.52, '2015-10-31 12:45:00', '00:02:00', '2015-08-11 11:57:55', '2015-08-13 12:12:26', 0),
	(1335, 79, 'Sadu 2', 8.39, '2015-10-31 13:00:00', '00:05:00', '2015-08-11 11:57:55', '2015-08-13 12:12:26', 0),
	(1336, 80, 'Stage 0', 29.20, '2015-08-16 10:00:00', '00:17:00', '2015-08-13 10:45:13', '2015-08-13 12:12:26', 0),
	(1337, 80, 'Stage 1', 11.81, '2015-08-16 10:15:00', '00:06:01', '2015-08-13 10:45:13', '2015-08-13 12:12:26', 0),
	(1338, 80, 'Stage 2', 2.79, '2015-08-16 10:30:00', '00:01:01', '2015-08-13 10:45:13', '2015-08-13 12:12:26', 0),
	(1339, 80, 'Stage 3', 23.14, '2015-08-16 10:45:00', '00:14:01', '2015-08-13 10:45:13', '2015-08-13 12:12:26', 0),
	(1340, 80, 'Stage 4', 27.12, '2015-08-16 11:00:00', '00:18:00', '2015-08-13 10:45:13', '2015-08-13 12:12:26', 0),
	(1341, 80, 'Stage 5', 28.64, '2015-08-16 11:15:00', '00:19:00', '2015-08-13 10:45:13', '2015-08-13 12:12:26', 0),
	(1342, 80, 'Stage 6', 15.53, '2015-08-16 11:30:00', '00:09:01', '2015-08-13 10:45:13', '2015-08-13 12:12:26', 0),
	(1343, 80, 'Stage 7', 22.18, '2015-08-16 11:45:00', '00:14:01', '2015-08-13 10:45:13', '2015-08-13 12:12:26', 0),
	(1344, 80, 'Stage 8', 24.15, '2015-08-16 12:00:00', '00:13:01', '2015-08-13 10:45:13', '2015-08-13 12:12:26', 0),
	(1345, 80, 'Stage 9', 19.83, '2015-08-16 12:15:00', '00:11:00', '2015-08-13 10:45:13', '2015-08-13 12:12:26', 0),
	(1346, 80, 'Stage 10', 10.46, '2015-08-16 12:30:00', '00:06:00', '2015-08-13 10:45:13', '2015-08-13 12:12:26', 0),
	(1347, 80, 'Stage 11', 25.01, '2015-08-16 12:45:00', '00:16:00', '2015-08-13 10:45:13', '2015-08-13 12:12:26', 0),
	(1348, 80, 'Stage 12', 29.28, '2015-08-16 13:00:00', '00:17:00', '2015-08-13 10:45:13', '2015-08-13 12:12:26', 0),
	(1349, 80, 'Stage 13', 22.14, '2015-08-16 13:15:00', '00:15:00', '2015-08-13 10:45:13', '2015-08-13 12:12:26', 0),
	(1350, 80, 'Stage 14', 21.46, '2015-08-16 13:30:00', '00:14:01', '2015-08-13 10:45:13', '2015-08-13 12:12:26', 0),
	(1351, 80, 'Stage 15', 23.47, '2015-08-16 13:45:00', '00:14:01', '2015-08-13 10:45:13', '2015-08-13 12:12:26', 0),
	(1352, 80, 'Stage 16', 23.89, '2015-08-16 14:00:00', '00:14:01', '2015-08-13 10:45:13', '2015-08-13 12:12:26', 0),
	(1353, 80, 'Stage 17', 14.31, '2015-08-16 14:15:00', '00:09:00', '2015-08-13 10:45:13', '2015-08-13 12:12:26', 0),
	(1354, 81, 'Stage 0', 22.52, '2015-08-23 13:00:00', '00:13:01', '2015-08-13 10:45:13', '2015-08-13 12:12:26', 0),
	(1355, 81, 'Stage 1', 19.33, '2015-08-23 13:15:00', '00:12:01', '2015-08-13 10:45:13', '2015-08-13 12:12:26', 0),
	(1356, 81, 'Stage 2', 26.39, '2015-08-23 13:30:00', '00:16:00', '2015-08-13 10:45:13', '2015-08-13 12:12:26', 0),
	(1357, 81, 'Stage 3', 22.05, '2015-08-23 13:45:00', '00:12:00', '2015-08-13 10:45:13', '2015-08-13 12:12:26', 0),
	(1358, 81, 'Stage 4', 11.00, '2015-08-23 14:00:00', '00:07:00', '2015-08-13 10:45:13', '2015-08-13 12:12:26', 0),
	(1359, 81, 'Stage 5', 14.43, '2015-08-23 14:15:00', '00:08:01', '2015-08-13 10:45:13', '2015-08-13 12:12:26', 0),
	(1360, 81, 'Stage 6', 14.76, '2015-08-23 14:30:00', '00:09:00', '2015-08-13 10:45:13', '2015-08-13 12:12:26', 0),
	(1361, 81, 'Stage 7', 18.67, '2015-08-23 14:45:00', '00:12:01', '2015-08-13 10:45:13', '2015-08-13 12:12:26', 0),
	(1362, 81, 'Stage 8', 7.51, '2015-08-23 15:00:00', '00:04:01', '2015-08-13 10:45:13', '2015-08-13 12:12:26', 0),
	(1363, 81, 'Stage 9', 12.82, '2015-08-23 15:15:00', '00:07:00', '2015-08-13 10:45:13', '2015-08-13 12:12:26', 0),
	(1364, 81, 'Stage 10', 15.78, '2015-08-23 15:30:00', '00:10:00', '2015-08-13 10:45:13', '2015-08-13 12:12:26', 0),
	(1365, 81, 'Stage 11', 17.33, '2015-08-23 15:45:00', '00:09:01', '2015-08-13 10:45:13', '2015-08-13 12:12:26', 0),
	(1366, 81, 'Stage 12', 7.73, '2015-08-23 16:00:00', '00:04:01', '2015-08-13 10:45:13', '2015-08-13 12:12:26', 0),
	(1367, 81, 'Stage 13', 15.34, '2015-08-23 16:15:00', '00:08:01', '2015-08-13 10:45:13', '2015-08-13 12:12:26', 0),
	(1368, 81, 'Stage 14', 15.22, '2015-08-23 16:30:00', '00:09:01', '2015-08-13 10:45:13', '2015-08-13 12:12:26', 0),
	(1369, 81, 'Stage 15', 2.24, '2015-08-23 16:45:00', '00:01:00', '2015-08-13 10:45:13', '2015-08-13 12:12:26', 0),
	(1370, 81, 'Stage 16', 8.65, '2015-08-23 17:00:00', '00:05:00', '2015-08-13 10:45:13', '2015-08-13 12:12:26', 0),
	(1371, 81, 'Stage 17', 2.96, '2015-08-23 17:15:00', '00:01:01', '2015-08-13 10:45:13', '2015-08-13 12:12:26', 0),
	(1372, 82, 'Stage 0', 12.74, '2015-08-30 13:15:00', '00:08:00', '2015-08-13 10:45:13', '2015-08-13 12:12:26', 0),
	(1373, 82, 'Stage 1', 20.80, '2015-08-30 13:30:00', '00:11:01', '2015-08-13 10:45:13', '2015-08-13 12:12:26', 0),
	(1374, 82, 'Stage 2', 27.29, '2015-08-30 13:45:00', '00:17:00', '2015-08-13 10:45:13', '2015-08-13 12:12:26', 0),
	(1375, 82, 'Stage 3', 23.26, '2015-08-30 14:00:00', '00:13:00', '2015-08-13 10:45:13', '2015-08-13 12:12:26', 0),
	(1376, 82, 'Stage 4', 21.00, '2015-08-30 14:15:00', '00:12:01', '2015-08-13 10:45:13', '2015-08-13 12:12:26', 0),
	(1377, 82, 'Stage 5', 5.73, '2015-08-30 14:30:00', '00:03:01', '2015-08-13 10:45:13', '2015-08-13 12:12:26', 0),
	(1378, 82, 'Stage 6', 29.68, '2015-08-30 14:45:00', '00:20:00', '2015-08-13 10:45:13', '2015-08-13 12:12:26', 0),
	(1379, 82, 'Stage 7', 15.06, '2015-08-30 15:00:00', '00:08:01', '2015-08-13 10:45:13', '2015-08-13 12:12:26', 0),
	(1380, 82, 'Stage 8', 14.74, '2015-08-30 15:15:00', '00:09:00', '2015-08-13 10:45:13', '2015-08-13 12:12:26', 0),
	(1381, 82, 'Stage 9', 19.32, '2015-08-30 15:30:00', '00:11:01', '2015-08-13 10:45:13', '2015-08-13 12:12:26', 0),
	(1382, 82, 'Stage 10', 3.27, '2015-08-30 15:45:00', '00:01:01', '2015-08-13 10:45:13', '2015-08-13 12:12:26', 0),
	(1383, 82, 'Stage 11', 6.07, '2015-08-30 16:00:00', '00:04:00', '2015-08-13 10:45:13', '2015-08-13 12:12:26', 0),
	(1384, 82, 'Stage 12', 18.04, '2015-08-30 16:15:00', '00:10:00', '2015-08-13 10:45:13', '2015-08-13 12:12:26', 0),
	(1385, 82, 'Stage 13', 4.62, '2015-08-30 16:30:00', '00:02:01', '2015-08-13 10:45:13', '2015-08-13 12:12:26', 0),
	(1386, 82, 'Stage 14', 24.24, '2015-08-30 16:45:00', '00:13:01', '2015-08-13 10:45:13', '2015-08-13 12:12:26', 0),
	(1387, 82, 'Stage 15', 16.59, '2015-08-30 17:00:00', '00:09:01', '2015-08-13 10:45:13', '2015-08-13 12:12:26', 0),
	(1388, 82, 'Stage 16', 16.41, '2015-08-30 17:15:00', '00:10:00', '2015-08-13 10:45:13', '2015-08-13 12:12:26', 0),
	(1389, 82, 'Stage 17', 28.79, '2015-08-30 17:30:00', '00:18:00', '2015-08-13 10:45:13', '2015-08-13 12:12:26', 0),
	(1390, 83, 'Stage 0', 24.00, '2015-09-06 12:45:00', '00:15:00', '2015-08-13 10:45:13', '2015-08-13 12:12:26', 0),
	(1391, 83, 'Stage 1', 16.86, '2015-09-06 13:00:00', '00:09:01', '2015-08-13 10:45:13', '2015-08-13 12:12:26', 0),
	(1392, 83, 'Stage 2', 27.20, '2015-09-06 13:15:00', '00:17:00', '2015-08-13 10:45:13', '2015-08-13 12:12:26', 0),
	(1393, 83, 'Stage 3', 6.32, '2015-09-06 13:30:00', '00:03:01', '2015-08-13 10:45:13', '2015-08-13 12:12:26', 0),
	(1394, 83, 'Stage 4', 3.37, '2015-09-06 13:45:00', '00:02:00', '2015-08-13 10:45:13', '2015-08-13 12:12:26', 0),
	(1395, 83, 'Stage 5', 28.70, '2015-09-06 14:00:00', '00:19:01', '2015-08-13 10:45:13', '2015-08-13 12:12:26', 0),
	(1396, 83, 'Stage 6', 24.86, '2015-09-06 14:15:00', '00:17:00', '2015-08-13 10:45:13', '2015-08-13 12:12:26', 0),
	(1397, 83, 'Stage 7', 24.73, '2015-09-06 14:30:00', '00:14:01', '2015-08-13 10:45:13', '2015-08-13 12:12:26', 0),
	(1398, 83, 'Stage 8', 29.23, '2015-09-06 14:45:00', '00:18:01', '2015-08-13 10:45:13', '2015-08-13 12:12:26', 0),
	(1399, 83, 'Stage 9', 26.48, '2015-09-06 15:00:00', '00:15:00', '2015-08-13 10:45:13', '2015-08-13 12:12:26', 0),
	(1400, 83, 'Stage 10', 21.68, '2015-09-06 15:15:00', '00:14:00', '2015-08-13 10:45:13', '2015-08-13 12:12:26', 0),
	(1401, 83, 'Stage 11', 12.07, '2015-09-06 15:30:00', '00:07:01', '2015-08-13 10:45:13', '2015-08-13 12:12:26', 0),
	(1402, 83, 'Stage 12', 19.05, '2015-09-06 15:45:00', '00:10:01', '2015-08-13 10:45:13', '2015-08-13 12:12:26', 0),
	(1403, 83, 'Stage 13', 23.35, '2015-09-06 16:00:00', '00:15:00', '2015-08-13 10:45:13', '2015-08-13 12:12:26', 0),
	(1404, 83, 'Stage 14', 5.77, '2015-09-06 16:15:00', '00:03:01', '2015-08-13 10:45:13', '2015-08-13 12:12:26', 0),
	(1405, 83, 'Stage 15', 2.57, '2015-09-06 16:30:00', '00:01:01', '2015-08-13 10:45:13', '2015-08-13 12:12:26', 0),
	(1406, 83, 'Stage 16', 11.59, '2015-09-06 16:45:00', '00:06:01', '2015-08-13 10:45:13', '2015-08-13 12:12:26', 0),
	(1407, 83, 'Stage 17', 3.22, '2015-09-06 17:00:00', '00:02:00', '2015-08-13 10:45:13', '2015-08-13 12:12:26', 0),
	(1408, 84, 'Stage 0', 15.75, '2015-09-13 14:15:00', '00:10:01', '2015-08-13 10:45:13', '2015-08-13 12:12:26', 0),
	(1409, 84, 'Stage 1', 4.36, '2015-09-13 14:30:00', '00:02:01', '2015-08-13 10:45:13', '2015-08-13 12:12:26', 0),
	(1410, 84, 'Stage 2', 28.20, '2015-09-13 14:45:00', '00:17:01', '2015-08-13 10:45:13', '2015-08-13 12:12:26', 0),
	(1411, 84, 'Stage 3', 13.40, '2015-09-13 15:00:00', '00:09:00', '2015-08-13 10:45:13', '2015-08-13 12:12:26', 0),
	(1412, 84, 'Stage 4', 19.25, '2015-09-13 15:15:00', '00:12:01', '2015-08-13 10:45:13', '2015-08-13 12:12:26', 0),
	(1413, 84, 'Stage 5', 2.64, '2015-09-13 15:30:00', '00:01:01', '2015-08-13 10:45:13', '2015-08-13 12:12:26', 0),
	(1414, 84, 'Stage 6', 2.86, '2015-09-13 15:45:00', '00:01:01', '2015-08-13 10:45:13', '2015-08-13 12:12:26', 0),
	(1415, 84, 'Stage 7', 18.30, '2015-09-13 16:00:00', '00:12:00', '2015-08-13 10:45:13', '2015-08-13 12:12:26', 0),
	(1416, 84, 'Stage 8', 3.97, '2015-09-13 16:15:00', '00:02:01', '2015-08-13 10:45:13', '2015-08-13 12:12:26', 0),
	(1417, 84, 'Stage 9', 21.71, '2015-09-13 16:30:00', '00:14:00', '2015-08-13 10:45:13', '2015-08-13 12:12:26', 0),
	(1418, 84, 'Stage 10', 17.19, '2015-09-13 16:45:00', '00:09:01', '2015-08-13 10:45:13', '2015-08-13 12:12:26', 0),
	(1419, 84, 'Stage 11', 21.05, '2015-09-13 17:00:00', '00:12:00', '2015-08-13 10:45:13', '2015-08-13 12:12:26', 0),
	(1420, 84, 'Stage 12', 19.52, '2015-09-13 17:15:00', '00:11:01', '2015-08-13 10:45:13', '2015-08-13 12:12:26', 0),
	(1421, 84, 'Stage 13', 2.16, '2015-09-13 17:30:00', '00:01:00', '2015-08-13 10:45:13', '2015-08-13 12:12:26', 0),
	(1422, 84, 'Stage 14', 18.63, '2015-09-13 17:45:00', '00:11:01', '2015-08-13 10:45:13', '2015-08-13 12:12:26', 0),
	(1423, 84, 'Stage 15', 9.80, '2015-09-13 18:00:00', '00:05:01', '2015-08-13 10:45:13', '2015-08-13 12:12:26', 0),
	(1424, 84, 'Stage 16', 3.89, '2015-09-13 18:15:00', '00:02:00', '2015-08-13 10:45:13', '2015-08-13 12:12:26', 0),
	(1425, 84, 'Stage 17', 12.59, '2015-09-13 18:30:00', '00:07:00', '2015-08-13 10:45:13', '2015-08-13 12:12:26', 0),
	(1426, 85, 'Stage 0', 29.05, '2015-09-20 10:15:00', '00:17:01', '2015-08-13 10:45:13', '2015-08-13 12:12:26', 0),
	(1427, 85, 'Stage 1', 25.21, '2015-09-20 10:30:00', '00:17:00', '2015-08-13 10:45:13', '2015-08-13 12:12:26', 0),
	(1428, 85, 'Stage 2', 16.25, '2015-09-20 10:45:00', '00:09:00', '2015-08-13 10:45:13', '2015-08-13 12:12:26', 0),
	(1429, 85, 'Stage 3', 15.78, '2015-09-20 11:00:00', '00:09:01', '2015-08-13 10:45:13', '2015-08-13 12:12:26', 0),
	(1430, 85, 'Stage 4', 19.71, '2015-09-20 11:15:00', '00:13:00', '2015-08-13 10:45:13', '2015-08-13 12:12:26', 0),
	(1431, 85, 'Stage 5', 9.82, '2015-09-20 11:30:00', '00:06:00', '2015-08-13 10:45:13', '2015-08-13 12:12:26', 0),
	(1432, 85, 'Stage 6', 24.69, '2015-09-20 11:45:00', '00:14:01', '2015-08-13 10:45:13', '2015-08-13 12:12:26', 0),
	(1433, 85, 'Stage 7', 3.50, '2015-09-20 12:00:00', '00:02:00', '2015-08-13 10:45:13', '2015-08-13 12:12:26', 0),
	(1434, 85, 'Stage 8', 18.95, '2015-09-20 12:15:00', '00:11:00', '2015-08-13 10:45:13', '2015-08-13 12:12:26', 0),
	(1435, 85, 'Stage 9', 6.44, '2015-09-20 12:30:00', '00:03:01', '2015-08-13 10:45:13', '2015-08-13 12:12:26', 0),
	(1436, 85, 'Stage 10', 5.17, '2015-09-20 12:45:00', '00:03:00', '2015-08-13 10:45:13', '2015-08-13 12:12:26', 0),
	(1437, 85, 'Stage 11', 4.80, '2015-09-20 13:00:00', '00:03:00', '2015-08-13 10:45:13', '2015-08-13 12:12:26', 0),
	(1438, 85, 'Stage 12', 19.21, '2015-09-20 13:15:00', '00:12:01', '2015-08-13 10:45:13', '2015-08-13 12:12:26', 0),
	(1439, 85, 'Stage 13', 9.01, '2015-09-20 13:30:00', '00:05:00', '2015-08-13 10:45:13', '2015-08-13 12:12:26', 0),
	(1440, 85, 'Stage 14', 17.65, '2015-09-20 13:45:00', '00:09:01', '2015-08-13 10:45:13', '2015-08-13 12:12:26', 0),
	(1441, 85, 'Stage 15', 28.23, '2015-09-20 14:00:00', '00:17:00', '2015-08-13 10:45:13', '2015-08-13 12:12:26', 0),
	(1442, 85, 'Stage 16', 14.57, '2015-09-20 14:15:00', '00:09:00', '2015-08-13 10:45:13', '2015-08-13 12:12:26', 0),
	(1443, 85, 'Stage 17', 25.81, '2015-09-20 14:30:00', '00:16:01', '2015-08-13 10:45:13', '2015-08-13 12:12:26', 0),
	(1444, 86, 'Stage 0', 9.40, '2015-09-27 09:00:00', '00:06:00', '2015-08-13 10:45:13', '2015-08-13 12:12:26', 0),
	(1445, 86, 'Stage 1', 14.19, '2015-09-27 09:15:00', '00:08:01', '2015-08-13 10:45:13', '2015-08-13 12:12:26', 0),
	(1446, 86, 'Stage 2', 24.08, '2015-09-27 09:30:00', '00:13:01', '2015-08-13 10:45:13', '2015-08-13 12:12:26', 0),
	(1447, 86, 'Stage 3', 13.90, '2015-09-27 09:45:00', '00:08:01', '2015-08-13 10:45:13', '2015-08-13 12:12:26', 0),
	(1448, 86, 'Stage 4', 17.50, '2015-09-27 10:00:00', '00:11:00', '2015-08-13 10:45:13', '2015-08-13 12:12:26', 0),
	(1449, 86, 'Stage 5', 9.55, '2015-09-27 10:15:00', '00:05:01', '2015-08-13 10:45:13', '2015-08-13 12:12:26', 0),
	(1450, 86, 'Stage 6', 23.71, '2015-09-27 10:30:00', '00:14:00', '2015-08-13 10:45:13', '2015-08-13 12:12:26', 0),
	(1451, 86, 'Stage 7', 23.26, '2015-09-27 10:45:00', '00:14:00', '2015-08-13 10:45:13', '2015-08-13 12:12:26', 0),
	(1452, 86, 'Stage 8', 11.79, '2015-09-27 11:00:00', '00:07:01', '2015-08-13 10:45:13', '2015-08-13 12:12:26', 0),
	(1453, 86, 'Stage 9', 8.08, '2015-09-27 11:15:00', '00:05:00', '2015-08-13 10:45:13', '2015-08-13 12:12:26', 0),
	(1454, 86, 'Stage 10', 6.05, '2015-09-27 11:30:00', '00:03:01', '2015-08-13 10:45:13', '2015-08-13 12:12:26', 0),
	(1455, 86, 'Stage 11', 29.08, '2015-09-27 11:45:00', '00:19:01', '2015-08-13 10:45:13', '2015-08-13 12:12:26', 0),
	(1456, 86, 'Stage 12', 12.75, '2015-09-27 12:00:00', '00:07:00', '2015-08-13 10:45:13', '2015-08-13 12:12:26', 0),
	(1457, 86, 'Stage 13', 29.56, '2015-09-27 12:15:00', '00:16:01', '2015-08-13 10:45:13', '2015-08-13 12:12:26', 0),
	(1458, 86, 'Stage 14', 2.35, '2015-09-27 12:30:00', '00:01:01', '2015-08-13 10:45:13', '2015-08-13 12:12:26', 0),
	(1459, 86, 'Stage 15', 8.84, '2015-09-27 12:45:00', '00:04:01', '2015-08-13 10:45:13', '2015-08-13 12:12:26', 0),
	(1460, 86, 'Stage 16', 7.67, '2015-09-27 13:00:00', '00:04:01', '2015-08-13 10:45:13', '2015-08-13 12:12:26', 0),
	(1461, 86, 'Stage 17', 13.47, '2015-09-27 13:15:00', '00:08:01', '2015-08-13 10:45:13', '2015-08-13 12:12:26', 0),
	(1462, 87, 'Stage 0', 17.74, '2015-10-04 12:45:00', '00:10:01', '2015-08-13 10:45:13', '2015-08-13 12:12:26', 0),
	(1463, 87, 'Stage 1', 5.87, '2015-10-04 13:00:00', '00:03:01', '2015-08-13 10:45:13', '2015-08-13 12:12:26', 0),
	(1464, 87, 'Stage 2', 3.76, '2015-10-04 13:15:00', '00:02:00', '2015-08-13 10:45:13', '2015-08-13 12:12:26', 0),
	(1465, 87, 'Stage 3', 21.65, '2015-10-04 13:30:00', '00:13:01', '2015-08-13 10:45:13', '2015-08-13 12:12:26', 0),
	(1466, 87, 'Stage 4', 24.32, '2015-10-04 13:45:00', '00:15:00', '2015-08-13 10:45:13', '2015-08-13 12:12:26', 0),
	(1467, 87, 'Stage 5', 8.86, '2015-10-04 14:00:00', '00:05:00', '2015-08-13 10:45:13', '2015-08-13 12:12:26', 0),
	(1468, 87, 'Stage 6', 29.90, '2015-10-04 14:15:00', '00:19:01', '2015-08-13 10:45:13', '2015-08-13 12:12:26', 0),
	(1469, 87, 'Stage 7', 28.97, '2015-10-04 14:30:00', '00:17:00', '2015-08-13 10:45:13', '2015-08-13 12:12:26', 0),
	(1470, 87, 'Stage 8', 13.56, '2015-10-04 14:45:00', '00:07:01', '2015-08-13 10:45:13', '2015-08-13 12:12:26', 0),
	(1471, 87, 'Stage 9', 4.79, '2015-10-04 15:00:00', '00:02:01', '2015-08-13 10:45:13', '2015-08-13 12:12:26', 0),
	(1472, 87, 'Stage 10', 19.95, '2015-10-04 15:15:00', '00:12:00', '2015-08-13 10:45:13', '2015-08-13 12:12:26', 0),
	(1473, 87, 'Stage 11', 16.10, '2015-10-04 15:30:00', '00:09:00', '2015-08-13 10:45:13', '2015-08-13 12:12:26', 0),
	(1474, 87, 'Stage 12', 22.75, '2015-10-04 15:45:00', '00:15:00', '2015-08-13 10:45:13', '2015-08-13 12:12:26', 0),
	(1475, 87, 'Stage 13', 27.57, '2015-10-04 16:00:00', '00:17:01', '2015-08-13 10:45:13', '2015-08-13 12:12:26', 0),
	(1476, 87, 'Stage 14', 9.25, '2015-10-04 16:15:00', '00:05:00', '2015-08-13 10:45:13', '2015-08-13 12:12:26', 0),
	(1477, 87, 'Stage 15', 12.31, '2015-10-04 16:30:00', '00:08:00', '2015-08-13 10:45:13', '2015-08-13 12:12:26', 0),
	(1478, 87, 'Stage 16', 13.81, '2015-10-04 16:45:00', '00:08:00', '2015-08-13 10:45:13', '2015-08-13 12:12:26', 0),
	(1479, 87, 'Stage 17', 5.93, '2015-10-04 17:00:00', '00:03:00', '2015-08-13 10:45:13', '2015-08-13 12:12:26', 0),
	(1480, 88, 'Stage 0', 2.81, '2015-10-11 10:15:00', '00:01:01', '2015-08-13 10:45:13', '2015-08-13 12:12:26', 0),
	(1481, 88, 'Stage 1', 17.24, '2015-10-11 10:30:00', '00:11:01', '2015-08-13 10:45:13', '2015-08-13 12:12:26', 0),
	(1482, 88, 'Stage 2', 11.19, '2015-10-11 10:45:00', '00:06:00', '2015-08-13 10:45:13', '2015-08-13 12:12:26', 0),
	(1483, 88, 'Stage 3', 7.80, '2015-10-11 11:00:00', '00:04:01', '2015-08-13 10:45:13', '2015-08-13 12:12:26', 0),
	(1484, 88, 'Stage 4', 26.82, '2015-10-11 11:15:00', '00:16:01', '2015-08-13 10:45:13', '2015-08-13 12:12:26', 0),
	(1485, 88, 'Stage 5', 25.34, '2015-10-11 11:30:00', '00:16:00', '2015-08-13 10:45:13', '2015-08-13 12:12:26', 0),
	(1486, 88, 'Stage 6', 29.39, '2015-10-11 11:45:00', '00:18:01', '2015-08-13 10:45:13', '2015-08-13 12:12:26', 0),
	(1487, 88, 'Stage 7', 10.53, '2015-10-11 12:00:00', '00:06:01', '2015-08-13 10:45:13', '2015-08-13 12:12:26', 0),
	(1488, 88, 'Stage 8', 8.41, '2015-10-11 12:15:00', '00:05:01', '2015-08-13 10:45:13', '2015-08-13 12:12:26', 0),
	(1489, 88, 'Stage 9', 24.93, '2015-10-11 12:30:00', '00:15:00', '2015-08-13 10:45:13', '2015-08-13 12:12:26', 0),
	(1490, 88, 'Stage 10', 27.69, '2015-10-11 12:45:00', '00:17:00', '2015-08-13 10:45:13', '2015-08-13 12:12:26', 0),
	(1491, 88, 'Stage 11', 25.18, '2015-10-11 13:00:00', '00:16:00', '2015-08-13 10:45:13', '2015-08-13 12:12:26', 0),
	(1492, 88, 'Stage 12', 26.50, '2015-10-11 13:15:00', '00:16:00', '2015-08-13 10:45:13', '2015-08-13 12:12:26', 0),
	(1493, 88, 'Stage 13', 16.49, '2015-10-11 13:30:00', '00:10:00', '2015-08-13 10:45:13', '2015-08-13 12:12:26', 0),
	(1494, 88, 'Stage 14', 4.01, '2015-10-11 13:45:00', '00:02:01', '2015-08-13 10:45:13', '2015-08-13 12:12:26', 0),
	(1495, 88, 'Stage 15', 4.82, '2015-10-11 14:00:00', '00:02:01', '2015-08-13 10:45:13', '2015-08-13 12:12:26', 0),
	(1496, 88, 'Stage 16', 17.69, '2015-10-11 14:15:00', '00:11:00', '2015-08-13 10:45:13', '2015-08-13 12:12:26', 0),
	(1497, 88, 'Stage 17', 11.28, '2015-10-11 14:30:00', '00:07:00', '2015-08-13 10:45:13', '2015-08-13 12:12:26', 0),
	(1498, 89, 'Stage 0', 2.07, '2015-10-18 10:30:00', '00:01:00', '2015-08-13 10:45:13', '2015-08-13 12:12:26', 0),
	(1499, 89, 'Stage 1', 11.19, '2015-10-18 10:45:00', '00:06:00', '2015-08-13 10:45:13', '2015-08-13 12:12:26', 0),
	(1500, 89, 'Stage 2', 18.97, '2015-10-18 11:00:00', '00:11:00', '2015-08-13 10:45:13', '2015-08-13 12:12:26', 0),
	(1501, 89, 'Stage 3', 6.98, '2015-10-18 11:15:00', '00:04:01', '2015-08-13 10:45:13', '2015-08-13 12:12:26', 0),
	(1502, 89, 'Stage 4', 20.01, '2015-10-18 11:30:00', '00:12:01', '2015-08-13 10:45:13', '2015-08-13 12:12:26', 0),
	(1503, 89, 'Stage 5', 14.93, '2015-10-18 11:45:00', '00:08:00', '2015-08-13 10:45:13', '2015-08-13 12:12:26', 0),
	(1504, 89, 'Stage 6', 12.19, '2015-10-18 12:00:00', '00:08:00', '2015-08-13 10:45:13', '2015-08-13 12:12:26', 0),
	(1505, 89, 'Stage 7', 21.51, '2015-10-18 12:15:00', '00:14:01', '2015-08-13 10:45:13', '2015-08-13 12:12:26', 0),
	(1506, 89, 'Stage 8', 28.77, '2015-10-18 12:30:00', '00:18:00', '2015-08-13 10:45:13', '2015-08-13 12:12:26', 0),
	(1507, 89, 'Stage 9', 14.09, '2015-10-18 12:45:00', '00:09:00', '2015-08-13 10:45:13', '2015-08-13 12:12:26', 0),
	(1508, 89, 'Stage 10', 3.87, '2015-10-18 13:00:00', '00:02:00', '2015-08-13 10:45:13', '2015-08-13 12:12:26', 0),
	(1509, 89, 'Stage 11', 19.90, '2015-10-18 13:15:00', '00:13:01', '2015-08-13 10:45:13', '2015-08-13 12:12:26', 0),
	(1510, 89, 'Stage 12', 13.78, '2015-10-18 13:30:00', '00:08:00', '2015-08-13 10:45:13', '2015-08-13 12:12:26', 0),
	(1511, 89, 'Stage 13', 4.21, '2015-10-18 13:45:00', '00:02:00', '2015-08-13 10:45:13', '2015-08-13 12:12:26', 0),
	(1512, 89, 'Stage 14', 3.04, '2015-10-18 14:00:00', '00:01:01', '2015-08-13 10:45:13', '2015-08-13 12:12:26', 0),
	(1513, 89, 'Stage 15', 19.66, '2015-10-18 14:15:00', '00:12:01', '2015-08-13 10:45:13', '2015-08-13 12:12:26', 0),
	(1514, 89, 'Stage 16', 23.53, '2015-10-18 14:30:00', '00:14:00', '2015-08-13 10:45:13', '2015-08-13 12:12:26', 0),
	(1515, 89, 'Stage 17', 28.53, '2015-10-18 14:45:00', '00:19:00', '2015-08-13 10:45:13', '2015-08-13 12:12:26', 0),
	(1516, 90, 'Stage 0', 2.94, '2015-10-25 12:15:00', '00:01:01', '2015-08-13 10:45:13', '2015-08-13 12:12:26', 0),
	(1517, 90, 'Stage 1', 7.51, '2015-10-25 12:30:00', '00:05:00', '2015-08-13 10:45:13', '2015-08-13 12:12:26', 0),
	(1518, 90, 'Stage 2', 23.28, '2015-10-25 12:45:00', '00:15:01', '2015-08-13 10:45:13', '2015-08-13 12:12:26', 0),
	(1519, 90, 'Stage 3', 11.92, '2015-10-25 13:00:00', '00:08:00', '2015-08-13 10:45:13', '2015-08-13 12:12:26', 0),
	(1520, 90, 'Stage 4', 18.76, '2015-10-25 13:15:00', '00:11:01', '2015-08-13 10:45:13', '2015-08-13 12:12:26', 0),
	(1521, 90, 'Stage 5', 27.51, '2015-10-25 13:30:00', '00:18:00', '2015-08-13 10:45:13', '2015-08-13 12:12:26', 0),
	(1522, 90, 'Stage 6', 4.58, '2015-10-25 13:45:00', '00:03:00', '2015-08-13 10:45:13', '2015-08-13 12:12:26', 0),
	(1523, 90, 'Stage 7', 20.01, '2015-10-25 14:00:00', '00:13:00', '2015-08-13 10:45:13', '2015-08-13 12:12:26', 0),
	(1524, 90, 'Stage 8', 2.18, '2015-10-25 14:15:00', '00:01:00', '2015-08-13 10:45:13', '2015-08-13 12:12:26', 0),
	(1525, 90, 'Stage 9', 26.02, '2015-10-25 14:30:00', '00:16:00', '2015-08-13 10:45:13', '2015-08-13 12:12:26', 0),
	(1526, 90, 'Stage 10', 9.14, '2015-10-25 14:45:00', '00:05:00', '2015-08-13 10:45:13', '2015-08-13 12:12:26', 0),
	(1527, 90, 'Stage 11', 9.13, '2015-10-25 15:00:00', '00:05:01', '2015-08-13 10:45:13', '2015-08-13 12:12:26', 0),
	(1528, 90, 'Stage 12', 26.43, '2015-10-25 15:15:00', '00:15:01', '2015-08-13 10:45:13', '2015-08-13 12:12:26', 0),
	(1529, 90, 'Stage 13', 3.12, '2015-10-25 15:30:00', '00:02:00', '2015-08-13 10:45:13', '2015-08-13 12:12:26', 0),
	(1530, 90, 'Stage 14', 7.22, '2015-10-25 15:45:00', '00:04:01', '2015-08-13 10:45:13', '2015-08-13 12:12:26', 0),
	(1531, 90, 'Stage 15', 29.45, '2015-10-25 16:00:00', '00:17:00', '2015-08-13 10:45:13', '2015-08-13 12:12:26', 0),
	(1532, 90, 'Stage 16', 3.37, '2015-10-25 16:15:00', '00:02:00', '2015-08-13 10:45:13', '2015-08-13 12:12:26', 0),
	(1533, 90, 'Stage 17', 7.70, '2015-10-25 16:30:00', '00:04:00', '2015-08-13 10:45:13', '2015-08-13 12:12:26', 0),
	(1534, 91, 'Stage 0', 19.90, '2015-11-01 11:30:00', '00:11:01', '2015-08-13 10:45:13', '2015-08-13 12:12:26', 0),
	(1535, 91, 'Stage 1', 15.58, '2015-11-01 11:45:00', '00:09:01', '2015-08-13 10:45:13', '2015-08-13 12:12:26', 0),
	(1536, 91, 'Stage 2', 24.39, '2015-11-01 12:00:00', '00:15:01', '2015-08-13 10:45:13', '2015-08-13 12:12:26', 0),
	(1537, 91, 'Stage 3', 15.47, '2015-11-01 12:15:00', '00:10:00', '2015-08-13 10:45:13', '2015-08-13 12:12:26', 0),
	(1538, 91, 'Stage 4', 21.93, '2015-11-01 12:30:00', '00:12:00', '2015-08-13 10:45:13', '2015-08-13 12:12:26', 0),
	(1539, 91, 'Stage 5', 23.90, '2015-11-01 12:45:00', '00:15:01', '2015-08-13 10:45:13', '2015-08-13 12:12:26', 0),
	(1540, 91, 'Stage 6', 3.69, '2015-11-01 13:00:00', '00:02:01', '2015-08-13 10:45:13', '2015-08-13 12:12:26', 0),
	(1541, 91, 'Stage 7', 27.84, '2015-11-01 13:15:00', '00:17:01', '2015-08-13 10:45:13', '2015-08-13 12:12:26', 0),
	(1542, 91, 'Stage 8', 3.36, '2015-11-01 13:30:00', '00:02:00', '2015-08-13 10:45:13', '2015-08-13 12:12:26', 0),
	(1543, 91, 'Stage 9', 9.93, '2015-11-01 13:45:00', '00:06:00', '2015-08-13 10:45:13', '2015-08-13 12:12:26', 0),
	(1544, 91, 'Stage 10', 18.09, '2015-11-01 14:00:00', '00:11:01', '2015-08-13 10:45:13', '2015-08-13 12:12:26', 0),
	(1545, 91, 'Stage 11', 2.93, '2015-11-01 14:15:00', '00:01:01', '2015-08-13 10:45:13', '2015-08-13 12:12:26', 0),
	(1546, 91, 'Stage 12', 28.26, '2015-11-01 14:30:00', '00:16:00', '2015-08-13 10:45:13', '2015-08-13 12:12:26', 0),
	(1547, 91, 'Stage 13', 14.08, '2015-11-01 14:45:00', '00:08:00', '2015-08-13 10:45:13', '2015-08-13 12:12:26', 0),
	(1548, 91, 'Stage 14', 27.54, '2015-11-01 15:00:00', '00:15:01', '2015-08-13 10:45:13', '2015-08-13 12:12:26', 0),
	(1549, 91, 'Stage 15', 29.94, '2015-11-01 15:15:00', '00:17:01', '2015-08-13 10:45:13', '2015-08-13 12:12:26', 0),
	(1550, 91, 'Stage 16', 26.96, '2015-11-01 15:30:00', '00:16:00', '2015-08-13 10:45:13', '2015-08-13 12:12:26', 0),
	(1551, 91, 'Stage 17', 13.24, '2015-11-01 15:45:00', '00:07:01', '2015-08-13 10:45:13', '2015-08-13 12:12:26', 0),
	(1552, 92, 'Stage 0', 4.15, '2015-08-16 09:30:00', '00:02:01', '2015-08-13 10:45:13', '2015-08-13 12:12:26', 0),
	(1553, 92, 'Stage 1', 29.14, '2015-08-16 09:45:00', '00:17:00', '2015-08-13 10:45:13', '2015-08-13 12:12:26', 0),
	(1554, 92, 'Stage 2', 9.30, '2015-08-16 10:00:00', '00:05:00', '2015-08-13 10:45:13', '2015-08-13 12:12:26', 0),
	(1555, 92, 'Stage 3', 25.32, '2015-08-16 10:15:00', '00:14:01', '2015-08-13 10:45:13', '2015-08-13 12:12:26', 0),
	(1556, 92, 'Stage 4', 28.02, '2015-08-16 10:30:00', '00:17:00', '2015-08-13 10:45:13', '2015-08-13 12:12:26', 0),
	(1557, 92, 'Stage 5', 20.48, '2015-08-16 10:45:00', '00:13:01', '2015-08-13 10:45:13', '2015-08-13 12:12:26', 0),
	(1558, 92, 'Stage 6', 2.67, '2015-08-16 11:00:00', '00:01:01', '2015-08-13 10:45:13', '2015-08-13 12:12:26', 0),
	(1559, 92, 'Stage 7', 8.23, '2015-08-16 11:15:00', '00:04:01', '2015-08-13 10:45:13', '2015-08-13 12:12:26', 0),
	(1560, 92, 'Stage 8', 26.67, '2015-08-16 11:30:00', '00:17:01', '2015-08-13 10:45:13', '2015-08-13 12:12:26', 0),
	(1561, 92, 'Stage 9', 28.91, '2015-08-16 11:45:00', '00:17:00', '2015-08-13 10:45:13', '2015-08-13 12:12:26', 0),
	(1562, 92, 'Stage 10', 22.42, '2015-08-16 12:00:00', '00:14:00', '2015-08-13 10:45:13', '2015-08-13 12:12:26', 0),
	(1563, 92, 'Stage 11', 12.56, '2015-08-16 12:15:00', '00:08:00', '2015-08-13 10:45:13', '2015-08-13 12:12:26', 0),
	(1564, 92, 'Stage 12', 6.20, '2015-08-16 12:30:00', '00:04:00', '2015-08-13 10:45:13', '2015-08-13 12:12:26', 0),
	(1565, 92, 'Stage 13', 10.13, '2015-08-16 12:45:00', '00:05:01', '2015-08-13 10:45:13', '2015-08-13 12:12:26', 0),
	(1566, 92, 'Stage 14', 26.14, '2015-08-16 13:00:00', '00:16:01', '2015-08-13 10:45:13', '2015-08-13 12:12:26', 0),
	(1567, 92, 'Stage 15', 26.23, '2015-08-16 13:15:00', '00:17:00', '2015-08-13 10:45:13', '2015-08-13 12:12:26', 0),
	(1568, 92, 'Stage 16', 19.47, '2015-08-16 13:30:00', '00:11:01', '2015-08-13 10:45:13', '2015-08-13 12:12:26', 0),
	(1569, 92, 'Stage 17', 26.68, '2015-08-16 13:45:00', '00:17:00', '2015-08-13 10:45:13', '2015-08-13 12:12:26', 0),
	(1570, 93, 'Stage 0', 17.71, '2015-08-23 14:00:00', '00:12:00', '2015-08-13 10:45:13', '2015-08-13 12:12:26', 0),
	(1571, 93, 'Stage 1', 23.48, '2015-08-23 14:15:00', '00:16:00', '2015-08-13 10:45:13', '2015-08-13 12:12:26', 0),
	(1572, 93, 'Stage 2', 12.19, '2015-08-23 14:30:00', '00:07:01', '2015-08-13 10:45:13', '2015-08-13 12:12:26', 0),
	(1573, 93, 'Stage 3', 10.58, '2015-08-23 14:45:00', '00:06:01', '2015-08-13 10:45:13', '2015-08-13 12:12:26', 0),
	(1574, 93, 'Stage 4', 13.37, '2015-08-23 15:00:00', '00:07:01', '2015-08-13 10:45:13', '2015-08-13 12:12:26', 0),
	(1575, 93, 'Stage 5', 15.60, '2015-08-23 15:15:00', '00:09:00', '2015-08-13 10:45:13', '2015-08-13 12:12:26', 0),
	(1576, 93, 'Stage 6', 5.83, '2015-08-23 15:30:00', '00:03:01', '2015-08-13 10:45:13', '2015-08-13 12:12:26', 0),
	(1577, 93, 'Stage 7', 14.54, '2015-08-23 15:45:00', '00:09:00', '2015-08-13 10:45:13', '2015-08-13 12:12:26', 0),
	(1578, 93, 'Stage 8', 5.69, '2015-08-23 16:00:00', '00:03:00', '2015-08-13 10:45:13', '2015-08-13 12:12:26', 0),
	(1579, 93, 'Stage 9', 12.37, '2015-08-23 16:15:00', '00:07:01', '2015-08-13 10:45:13', '2015-08-13 12:12:26', 0),
	(1580, 93, 'Stage 10', 12.06, '2015-08-23 16:30:00', '00:07:01', '2015-08-13 10:45:13', '2015-08-13 12:12:26', 0),
	(1581, 93, 'Stage 11', 29.60, '2015-08-23 16:45:00', '00:20:00', '2015-08-13 10:45:13', '2015-08-13 12:12:26', 0),
	(1582, 93, 'Stage 12', 27.43, '2015-08-23 17:00:00', '00:15:01', '2015-08-13 10:45:13', '2015-08-13 12:12:26', 0),
	(1583, 93, 'Stage 13', 27.58, '2015-08-23 17:15:00', '00:15:01', '2015-08-13 10:45:13', '2015-08-13 12:12:26', 0),
	(1584, 93, 'Stage 14', 10.14, '2015-08-23 17:30:00', '00:06:01', '2015-08-13 10:45:13', '2015-08-13 12:12:26', 0),
	(1585, 93, 'Stage 15', 15.46, '2015-08-23 17:45:00', '00:08:01', '2015-08-13 10:45:13', '2015-08-13 12:12:26', 0),
	(1586, 93, 'Stage 16', 23.39, '2015-08-23 18:00:00', '00:13:01', '2015-08-13 10:45:13', '2015-08-13 12:12:26', 0),
	(1587, 93, 'Stage 17', 6.07, '2015-08-23 18:15:00', '00:04:00', '2015-08-13 10:45:13', '2015-08-13 12:12:26', 0),
	(1588, 94, 'Stage 0', 25.87, '2015-08-30 10:15:00', '00:16:01', '2015-08-13 10:45:13', '2015-08-13 12:12:26', 0),
	(1589, 94, 'Stage 1', 9.65, '2015-08-30 10:30:00', '00:05:01', '2015-08-13 10:45:13', '2015-08-13 12:12:26', 0),
	(1590, 94, 'Stage 2', 18.45, '2015-08-30 10:45:00', '00:11:01', '2015-08-13 10:45:13', '2015-08-13 12:12:26', 0),
	(1591, 94, 'Stage 3', 28.98, '2015-08-30 11:00:00', '00:16:01', '2015-08-13 10:45:13', '2015-08-13 12:12:26', 0),
	(1592, 94, 'Stage 4', 9.57, '2015-08-30 11:15:00', '00:05:01', '2015-08-13 10:45:13', '2015-08-13 12:12:26', 0),
	(1593, 94, 'Stage 5', 4.00, '2015-08-30 11:30:00', '00:02:01', '2015-08-13 10:45:13', '2015-08-13 12:12:26', 0),
	(1594, 94, 'Stage 6', 25.75, '2015-08-30 11:45:00', '00:15:01', '2015-08-13 10:45:13', '2015-08-13 12:12:26', 0),
	(1595, 94, 'Stage 7', 12.30, '2015-08-30 12:00:00', '00:08:00', '2015-08-13 10:45:13', '2015-08-13 12:12:26', 0),
	(1596, 94, 'Stage 8', 15.69, '2015-08-30 12:15:00', '00:10:01', '2015-08-13 10:45:13', '2015-08-13 12:12:26', 0),
	(1597, 94, 'Stage 9', 14.17, '2015-08-30 12:30:00', '00:08:01', '2015-08-13 10:45:13', '2015-08-13 12:12:26', 0),
	(1598, 94, 'Stage 10', 23.68, '2015-08-30 12:45:00', '00:14:01', '2015-08-13 10:45:13', '2015-08-13 12:12:26', 0),
	(1599, 94, 'Stage 11', 6.80, '2015-08-30 13:00:00', '00:04:00', '2015-08-13 10:45:13', '2015-08-13 12:12:26', 0),
	(1600, 94, 'Stage 12', 11.04, '2015-08-30 13:15:00', '00:06:01', '2015-08-13 10:45:13', '2015-08-13 12:12:26', 0),
	(1601, 94, 'Stage 13', 11.50, '2015-08-30 13:30:00', '00:07:00', '2015-08-13 10:45:13', '2015-08-13 12:12:26', 0),
	(1602, 94, 'Stage 14', 10.13, '2015-08-30 13:45:00', '00:06:00', '2015-08-13 10:45:13', '2015-08-13 12:12:26', 0),
	(1603, 94, 'Stage 15', 6.14, '2015-08-30 14:00:00', '00:03:01', '2015-08-13 10:45:13', '2015-08-13 12:12:26', 0),
	(1604, 94, 'Stage 16', 14.59, '2015-08-30 14:15:00', '00:09:01', '2015-08-13 10:45:13', '2015-08-13 12:12:26', 0),
	(1605, 94, 'Stage 17', 15.30, '2015-08-30 14:30:00', '00:09:00', '2015-08-13 10:45:13', '2015-08-13 12:12:26', 0),
	(1606, 95, 'Stage 0', 12.61, '2015-09-06 14:45:00', '00:07:00', '2015-08-13 10:45:13', '2015-08-13 12:12:26', 0),
	(1607, 95, 'Stage 1', 7.30, '2015-09-06 15:00:00', '00:04:01', '2015-08-13 10:45:13', '2015-08-13 12:12:26', 0),
	(1608, 95, 'Stage 2', 8.20, '2015-09-06 15:15:00', '00:04:01', '2015-08-13 10:45:13', '2015-08-13 12:12:26', 0),
	(1609, 95, 'Stage 3', 22.35, '2015-09-06 15:30:00', '00:15:00', '2015-08-13 10:45:13', '2015-08-13 12:12:26', 0),
	(1610, 95, 'Stage 4', 15.46, '2015-09-06 15:45:00', '00:09:01', '2015-08-13 10:45:13', '2015-08-13 12:12:26', 0),
	(1611, 95, 'Stage 5', 28.07, '2015-09-06 16:00:00', '00:17:00', '2015-08-13 10:45:13', '2015-08-13 12:12:26', 0),
	(1612, 95, 'Stage 6', 25.48, '2015-09-06 16:15:00', '00:14:01', '2015-08-13 10:45:13', '2015-08-13 12:12:26', 0),
	(1613, 95, 'Stage 7', 24.82, '2015-09-06 16:30:00', '00:17:00', '2015-08-13 10:45:13', '2015-08-13 12:12:26', 0),
	(1614, 95, 'Stage 8', 24.98, '2015-09-06 16:45:00', '00:14:01', '2015-08-13 10:45:13', '2015-08-13 12:12:26', 0),
	(1615, 95, 'Stage 9', 27.33, '2015-09-06 17:00:00', '00:15:01', '2015-08-13 10:45:13', '2015-08-13 12:12:26', 0),
	(1616, 95, 'Stage 10', 14.89, '2015-09-06 17:15:00', '00:09:01', '2015-08-13 10:45:13', '2015-08-13 12:12:26', 0),
	(1617, 95, 'Stage 11', 16.56, '2015-09-06 17:30:00', '00:10:01', '2015-08-13 10:45:13', '2015-08-13 12:12:26', 0),
	(1618, 95, 'Stage 12', 27.33, '2015-09-06 17:45:00', '00:17:00', '2015-08-13 10:45:13', '2015-08-13 12:12:26', 0),
	(1619, 95, 'Stage 13', 26.07, '2015-09-06 18:00:00', '00:16:00', '2015-08-13 10:45:13', '2015-08-13 12:12:26', 0),
	(1620, 95, 'Stage 14', 13.28, '2015-09-06 18:15:00', '00:08:01', '2015-08-13 10:45:13', '2015-08-13 12:12:26', 0),
	(1621, 95, 'Stage 15', 7.59, '2015-09-06 18:30:00', '00:04:00', '2015-08-13 10:45:13', '2015-08-13 12:12:26', 0),
	(1622, 95, 'Stage 16', 11.42, '2015-09-06 18:45:00', '00:07:01', '2015-08-13 10:45:13', '2015-08-13 12:12:26', 0),
	(1623, 95, 'Stage 17', 15.36, '2015-09-06 19:00:00', '00:10:00', '2015-08-13 10:45:13', '2015-08-13 12:12:26', 0),
	(1624, 96, 'Stage 0', 6.19, '2015-09-13 11:15:00', '00:04:00', '2015-08-13 10:45:13', '2015-08-13 12:12:26', 0),
	(1625, 96, 'Stage 1', 11.62, '2015-09-13 11:30:00', '00:07:01', '2015-08-13 10:45:13', '2015-08-13 12:12:26', 0),
	(1626, 96, 'Stage 2', 8.24, '2015-09-13 11:45:00', '00:05:00', '2015-08-13 10:45:13', '2015-08-13 12:12:26', 0),
	(1627, 96, 'Stage 3', 19.03, '2015-09-13 12:00:00', '00:12:01', '2015-08-13 10:45:13', '2015-08-13 12:12:26', 0),
	(1628, 96, 'Stage 4', 21.88, '2015-09-13 12:15:00', '00:14:01', '2015-08-13 10:45:13', '2015-08-13 12:12:26', 0),
	(1629, 96, 'Stage 5', 23.08, '2015-09-13 12:30:00', '00:14:00', '2015-08-13 10:45:13', '2015-08-13 12:12:26', 0),
	(1630, 96, 'Stage 6', 20.23, '2015-09-13 12:45:00', '00:13:00', '2015-08-13 10:45:13', '2015-08-13 12:12:26', 0),
	(1631, 96, 'Stage 7', 28.03, '2015-09-13 13:00:00', '00:18:01', '2015-08-13 10:45:13', '2015-08-13 12:12:26', 0),
	(1632, 96, 'Stage 8', 24.28, '2015-09-13 13:15:00', '00:14:00', '2015-08-13 10:45:13', '2015-08-13 12:12:26', 0),
	(1633, 96, 'Stage 9', 17.11, '2015-09-13 13:30:00', '00:11:00', '2015-08-13 10:45:13', '2015-08-13 12:12:26', 0),
	(1634, 96, 'Stage 10', 23.59, '2015-09-13 13:45:00', '00:14:00', '2015-08-13 10:45:13', '2015-08-13 12:12:26', 0),
	(1635, 96, 'Stage 11', 3.87, '2015-09-13 14:00:00', '00:02:00', '2015-08-13 10:45:13', '2015-08-13 12:12:26', 0),
	(1636, 96, 'Stage 12', 28.77, '2015-09-13 14:15:00', '00:18:01', '2015-08-13 10:45:13', '2015-08-13 12:12:26', 0),
	(1637, 96, 'Stage 13', 16.55, '2015-09-13 14:30:00', '00:10:00', '2015-08-13 10:45:13', '2015-08-13 12:12:26', 0),
	(1638, 96, 'Stage 14', 11.29, '2015-09-13 14:45:00', '00:07:00', '2015-08-13 10:45:13', '2015-08-13 12:12:26', 0),
	(1639, 96, 'Stage 15', 6.90, '2015-09-13 15:00:00', '00:04:00', '2015-08-13 10:45:13', '2015-08-13 12:12:26', 0),
	(1640, 96, 'Stage 16', 24.77, '2015-09-13 15:15:00', '00:15:00', '2015-08-13 10:45:13', '2015-08-13 12:12:26', 0),
	(1641, 96, 'Stage 17', 20.02, '2015-09-13 15:30:00', '00:11:01', '2015-08-13 10:45:13', '2015-08-13 12:12:26', 0),
	(1642, 97, 'Stage 0', 23.16, '2015-09-20 14:15:00', '00:13:01', '2015-08-13 10:45:13', '2015-08-13 12:12:26', 0),
	(1643, 97, 'Stage 1', 20.68, '2015-09-20 14:30:00', '00:11:01', '2015-08-13 10:45:13', '2015-08-13 12:12:26', 0),
	(1644, 97, 'Stage 2', 15.85, '2015-09-20 14:45:00', '00:09:00', '2015-08-13 10:45:13', '2015-08-13 12:12:26', 0),
	(1645, 97, 'Stage 3', 25.67, '2015-09-20 15:00:00', '00:15:00', '2015-08-13 10:45:13', '2015-08-13 12:12:26', 0),
	(1646, 97, 'Stage 4', 22.74, '2015-09-20 15:15:00', '00:14:00', '2015-08-13 10:45:13', '2015-08-13 12:12:26', 0),
	(1647, 97, 'Stage 5', 21.69, '2015-09-20 15:30:00', '00:12:01', '2015-08-13 10:45:13', '2015-08-13 12:12:26', 0),
	(1648, 97, 'Stage 6', 25.88, '2015-09-20 15:45:00', '00:15:00', '2015-08-13 10:45:13', '2015-08-13 12:12:26', 0),
	(1649, 97, 'Stage 7', 11.87, '2015-09-20 16:00:00', '00:07:00', '2015-08-13 10:45:13', '2015-08-13 12:12:26', 0),
	(1650, 97, 'Stage 8', 14.50, '2015-09-20 16:15:00', '00:09:00', '2015-08-13 10:45:13', '2015-08-13 12:12:26', 0),
	(1651, 97, 'Stage 9', 13.33, '2015-09-20 16:30:00', '00:08:00', '2015-08-13 10:45:13', '2015-08-13 12:12:26', 0),
	(1652, 97, 'Stage 10', 21.66, '2015-09-20 16:45:00', '00:12:00', '2015-08-13 10:45:13', '2015-08-13 12:12:26', 0),
	(1653, 97, 'Stage 11', 6.23, '2015-09-20 17:00:00', '00:03:01', '2015-08-13 10:45:13', '2015-08-13 12:12:26', 0),
	(1654, 97, 'Stage 12', 5.78, '2015-09-20 17:15:00', '00:03:01', '2015-08-13 10:45:13', '2015-08-13 12:12:26', 0),
	(1655, 97, 'Stage 13', 20.41, '2015-09-20 17:30:00', '00:11:01', '2015-08-13 10:45:13', '2015-08-13 12:12:26', 0),
	(1656, 97, 'Stage 14', 29.96, '2015-09-20 17:45:00', '00:19:00', '2015-08-13 10:45:13', '2015-08-13 12:12:26', 0),
	(1657, 97, 'Stage 15', 29.71, '2015-09-20 18:00:00', '00:19:00', '2015-08-13 10:45:13', '2015-08-13 12:12:26', 0),
	(1658, 97, 'Stage 16', 21.87, '2015-09-20 18:15:00', '00:14:00', '2015-08-13 10:45:13', '2015-08-13 12:12:26', 0),
	(1659, 97, 'Stage 17', 27.59, '2015-09-20 18:30:00', '00:16:01', '2015-08-13 10:45:13', '2015-08-13 12:12:26', 0),
	(1660, 98, 'Stage 0', 20.23, '2015-09-27 14:15:00', '00:12:01', '2015-08-13 10:45:13', '2015-08-13 12:12:26', 0),
	(1661, 98, 'Stage 1', 9.18, '2015-09-27 14:30:00', '00:05:01', '2015-08-13 10:45:13', '2015-08-13 12:12:26', 0),
	(1662, 98, 'Stage 2', 13.81, '2015-09-27 14:45:00', '00:08:00', '2015-08-13 10:45:13', '2015-08-13 12:12:26', 0),
	(1663, 98, 'Stage 3', 28.47, '2015-09-27 15:00:00', '00:18:00', '2015-08-13 10:45:13', '2015-08-13 12:12:26', 0),
	(1664, 98, 'Stage 4', 7.86, '2015-09-27 15:15:00', '00:05:00', '2015-08-13 10:45:13', '2015-08-13 12:12:26', 0),
	(1665, 98, 'Stage 5', 27.45, '2015-09-27 15:30:00', '00:16:00', '2015-08-13 10:45:13', '2015-08-13 12:12:26', 0),
	(1666, 98, 'Stage 6', 14.65, '2015-09-27 15:45:00', '00:08:01', '2015-08-13 10:45:13', '2015-08-13 12:12:26', 0),
	(1667, 98, 'Stage 7', 29.37, '2015-09-27 16:00:00', '00:18:01', '2015-08-13 10:45:13', '2015-08-13 12:12:26', 0),
	(1668, 98, 'Stage 8', 19.12, '2015-09-27 16:15:00', '00:11:01', '2015-08-13 10:45:13', '2015-08-13 12:12:26', 0),
	(1669, 98, 'Stage 9', 15.06, '2015-09-27 16:30:00', '00:09:00', '2015-08-13 10:45:13', '2015-08-13 12:12:26', 0),
	(1670, 98, 'Stage 10', 20.09, '2015-09-27 16:45:00', '00:11:01', '2015-08-13 10:45:13', '2015-08-13 12:12:26', 0),
	(1671, 98, 'Stage 11', 16.52, '2015-09-27 17:00:00', '00:09:01', '2015-08-13 10:45:13', '2015-08-13 12:12:26', 0),
	(1672, 98, 'Stage 12', 14.42, '2015-09-27 17:15:00', '00:08:00', '2015-08-13 10:45:13', '2015-08-13 12:12:26', 0),
	(1673, 98, 'Stage 13', 15.43, '2015-09-27 17:30:00', '00:09:00', '2015-08-13 10:45:13', '2015-08-13 12:12:26', 0),
	(1674, 98, 'Stage 14', 20.71, '2015-09-27 17:45:00', '00:13:01', '2015-08-13 10:45:13', '2015-08-13 12:12:26', 0),
	(1675, 98, 'Stage 15', 28.62, '2015-09-27 18:00:00', '00:19:01', '2015-08-13 10:45:13', '2015-08-13 12:12:26', 0),
	(1676, 98, 'Stage 16', 19.75, '2015-09-27 18:15:00', '00:11:01', '2015-08-13 10:45:13', '2015-08-13 12:12:26', 0),
	(1677, 98, 'Stage 17', 23.23, '2015-09-27 18:30:00', '00:15:01', '2015-08-13 10:45:13', '2015-08-13 12:12:26', 0),
	(1678, 99, 'Stage 0', 22.38, '2015-10-04 09:45:00', '00:15:00', '2015-08-13 10:45:13', '2015-08-13 12:12:26', 0),
	(1679, 99, 'Stage 1', 29.56, '2015-10-04 10:00:00', '00:19:01', '2015-08-13 10:45:13', '2015-08-13 12:12:26', 0),
	(1680, 99, 'Stage 2', 4.56, '2015-10-04 10:15:00', '00:02:01', '2015-08-13 10:45:13', '2015-08-13 12:12:26', 0),
	(1681, 99, 'Stage 3', 15.03, '2015-10-04 10:30:00', '00:08:01', '2015-08-13 10:45:13', '2015-08-13 12:12:26', 0),
	(1682, 99, 'Stage 4', 21.33, '2015-10-04 10:45:00', '00:12:01', '2015-08-13 10:45:13', '2015-08-13 12:12:26', 0),
	(1683, 99, 'Stage 5', 6.36, '2015-10-04 11:00:00', '00:03:01', '2015-08-13 10:45:13', '2015-08-13 12:12:26', 0),
	(1684, 99, 'Stage 6', 17.64, '2015-10-04 11:15:00', '00:11:00', '2015-08-13 10:45:13', '2015-08-13 12:12:26', 0),
	(1685, 99, 'Stage 7', 22.86, '2015-10-04 11:30:00', '00:13:00', '2015-08-13 10:45:13', '2015-08-13 12:12:26', 0),
	(1686, 99, 'Stage 8', 29.06, '2015-10-04 11:45:00', '00:17:00', '2015-08-13 10:45:13', '2015-08-13 12:12:26', 0),
	(1687, 99, 'Stage 9', 2.43, '2015-10-04 12:00:00', '00:01:01', '2015-08-13 10:45:13', '2015-08-13 12:12:26', 0),
	(1688, 99, 'Stage 10', 14.86, '2015-10-04 12:15:00', '00:10:00', '2015-08-13 10:45:13', '2015-08-13 12:12:26', 0),
	(1689, 99, 'Stage 11', 20.22, '2015-10-04 12:30:00', '00:12:00', '2015-08-13 10:45:13', '2015-08-13 12:12:26', 0),
	(1690, 99, 'Stage 12', 4.34, '2015-10-04 12:45:00', '00:02:01', '2015-08-13 10:45:13', '2015-08-13 12:12:26', 0),
	(1691, 99, 'Stage 13', 17.58, '2015-10-04 13:00:00', '00:11:00', '2015-08-13 10:45:13', '2015-08-13 12:12:26', 0),
	(1692, 99, 'Stage 14', 5.53, '2015-10-04 13:15:00', '00:03:01', '2015-08-13 10:45:13', '2015-08-13 12:12:26', 0),
	(1693, 99, 'Stage 15', 13.60, '2015-10-04 13:30:00', '00:08:01', '2015-08-13 10:45:13', '2015-08-13 12:12:26', 0),
	(1694, 99, 'Stage 16', 7.07, '2015-10-04 13:45:00', '00:04:00', '2015-08-13 10:45:13', '2015-08-13 12:12:26', 0),
	(1695, 99, 'Stage 17', 5.65, '2015-10-04 14:00:00', '00:03:00', '2015-08-13 10:45:13', '2015-08-13 12:12:26', 0),
	(1696, 100, 'Stage 0', 24.83, '2015-10-11 12:00:00', '00:16:01', '2015-08-13 10:45:13', '2015-08-13 12:12:26', 0),
	(1697, 100, 'Stage 1', 27.07, '2015-10-11 12:15:00', '00:17:01', '2015-08-13 10:45:13', '2015-08-13 12:12:26', 0),
	(1698, 100, 'Stage 2', 3.33, '2015-10-11 12:30:00', '00:02:00', '2015-08-13 10:45:13', '2015-08-13 12:12:26', 0),
	(1699, 100, 'Stage 3', 14.48, '2015-10-11 12:45:00', '00:08:00', '2015-08-13 10:45:13', '2015-08-13 12:12:26', 0),
	(1700, 100, 'Stage 4', 23.90, '2015-10-11 13:00:00', '00:13:01', '2015-08-13 10:45:13', '2015-08-13 12:12:26', 0),
	(1701, 100, 'Stage 5', 12.74, '2015-10-11 13:15:00', '00:07:00', '2015-08-13 10:45:13', '2015-08-13 12:12:26', 0),
	(1702, 100, 'Stage 6', 15.71, '2015-10-11 13:30:00', '00:10:00', '2015-08-13 10:45:13', '2015-08-13 12:12:26', 0),
	(1703, 100, 'Stage 7', 15.46, '2015-10-11 13:45:00', '00:09:01', '2015-08-13 10:45:13', '2015-08-13 12:12:26', 0),
	(1704, 100, 'Stage 8', 21.07, '2015-10-11 14:00:00', '00:12:01', '2015-08-13 10:45:13', '2015-08-13 12:12:26', 0),
	(1705, 100, 'Stage 9', 25.99, '2015-10-11 14:15:00', '00:15:01', '2015-08-13 10:45:13', '2015-08-13 12:12:26', 0),
	(1706, 100, 'Stage 10', 27.67, '2015-10-11 14:30:00', '00:17:01', '2015-08-13 10:45:13', '2015-08-13 12:12:26', 0),
	(1707, 100, 'Stage 11', 26.08, '2015-10-11 14:45:00', '00:14:01', '2015-08-13 10:45:13', '2015-08-13 12:12:26', 0),
	(1708, 100, 'Stage 12', 5.68, '2015-10-11 15:00:00', '00:03:00', '2015-08-13 10:45:13', '2015-08-13 12:12:26', 0),
	(1709, 100, 'Stage 13', 26.25, '2015-10-11 15:15:00', '00:16:00', '2015-08-13 10:45:13', '2015-08-13 12:12:26', 0),
	(1710, 100, 'Stage 14', 23.64, '2015-10-11 15:30:00', '00:13:00', '2015-08-13 10:45:13', '2015-08-13 12:12:26', 0),
	(1711, 100, 'Stage 15', 15.34, '2015-10-11 15:45:00', '00:09:00', '2015-08-13 10:45:13', '2015-08-13 12:12:26', 0),
	(1712, 100, 'Stage 16', 10.75, '2015-10-11 16:00:00', '00:07:00', '2015-08-13 10:45:13', '2015-08-13 12:12:26', 0),
	(1713, 100, 'Stage 17', 9.69, '2015-10-11 16:15:00', '00:05:00', '2015-08-13 10:45:13', '2015-08-13 12:12:26', 0),
	(1714, 101, 'Stage 0', 20.77, '2015-10-18 09:45:00', '00:12:01', '2015-08-13 10:45:13', '2015-08-13 12:12:26', 0),
	(1715, 101, 'Stage 1', 25.39, '2015-10-18 10:00:00', '00:15:00', '2015-08-13 10:45:13', '2015-08-13 12:12:26', 0),
	(1716, 101, 'Stage 2', 3.00, '2015-10-18 10:15:00', '00:02:00', '2015-08-13 10:45:13', '2015-08-13 12:12:26', 0),
	(1717, 101, 'Stage 3', 8.19, '2015-10-18 10:30:00', '00:05:00', '2015-08-13 10:45:13', '2015-08-13 12:12:26', 0),
	(1718, 101, 'Stage 4', 15.86, '2015-10-18 10:45:00', '00:10:01', '2015-08-13 10:45:13', '2015-08-13 12:12:26', 0),
	(1719, 101, 'Stage 5', 25.23, '2015-10-18 11:00:00', '00:14:00', '2015-08-13 10:45:13', '2015-08-13 12:12:26', 0),
	(1720, 101, 'Stage 6', 12.27, '2015-10-18 11:15:00', '00:08:00', '2015-08-13 10:45:13', '2015-08-13 12:12:26', 0),
	(1721, 101, 'Stage 7', 5.95, '2015-10-18 11:30:00', '00:03:01', '2015-08-13 10:45:13', '2015-08-13 12:12:26', 0),
	(1722, 101, 'Stage 8', 25.57, '2015-10-18 11:45:00', '00:15:01', '2015-08-13 10:45:13', '2015-08-13 12:12:26', 0),
	(1723, 101, 'Stage 9', 23.21, '2015-10-18 12:00:00', '00:15:01', '2015-08-13 10:45:13', '2015-08-13 12:12:26', 0),
	(1724, 101, 'Stage 10', 9.37, '2015-10-18 12:15:00', '00:05:01', '2015-08-13 10:45:13', '2015-08-13 12:12:26', 0),
	(1725, 101, 'Stage 11', 24.32, '2015-10-18 12:30:00', '00:14:01', '2015-08-13 10:45:13', '2015-08-13 12:12:26', 0),
	(1726, 101, 'Stage 12', 4.02, '2015-10-18 12:45:00', '00:02:01', '2015-08-13 10:45:13', '2015-08-13 12:12:26', 0),
	(1727, 101, 'Stage 13', 21.57, '2015-10-18 13:00:00', '00:12:00', '2015-08-13 10:45:13', '2015-08-13 12:12:26', 0),
	(1728, 101, 'Stage 14', 17.53, '2015-10-18 13:15:00', '00:10:01', '2015-08-13 10:45:13', '2015-08-13 12:12:26', 0),
	(1729, 101, 'Stage 15', 12.29, '2015-10-18 13:30:00', '00:06:01', '2015-08-13 10:45:13', '2015-08-13 12:12:26', 0),
	(1730, 101, 'Stage 16', 12.46, '2015-10-18 13:45:00', '00:07:00', '2015-08-13 10:45:13', '2015-08-13 12:12:26', 0),
	(1731, 101, 'Stage 17', 6.03, '2015-10-18 14:00:00', '00:03:01', '2015-08-13 10:45:13', '2015-08-13 12:12:26', 0),
	(1732, 102, 'Stage 0', 28.07, '2015-10-25 14:15:00', '00:16:00', '2015-08-13 10:45:13', '2015-08-13 12:12:26', 0),
	(1733, 102, 'Stage 1', 25.25, '2015-10-25 14:30:00', '00:16:00', '2015-08-13 10:45:13', '2015-08-13 12:12:26', 0),
	(1734, 102, 'Stage 2', 15.46, '2015-10-25 14:45:00', '00:10:01', '2015-08-13 10:45:13', '2015-08-13 12:12:26', 0),
	(1735, 102, 'Stage 3', 7.43, '2015-10-25 15:00:00', '00:04:01', '2015-08-13 10:45:13', '2015-08-13 12:12:26', 0),
	(1736, 102, 'Stage 4', 9.12, '2015-10-25 15:15:00', '00:05:01', '2015-08-13 10:45:13', '2015-08-13 12:12:26', 0),
	(1737, 102, 'Stage 5', 21.54, '2015-10-25 15:30:00', '00:14:01', '2015-08-13 10:45:13', '2015-08-13 12:12:26', 0),
	(1738, 102, 'Stage 6', 17.23, '2015-10-25 15:45:00', '00:10:00', '2015-08-13 10:45:13', '2015-08-13 12:12:26', 0),
	(1739, 102, 'Stage 7', 29.37, '2015-10-25 16:00:00', '00:19:00', '2015-08-13 10:45:13', '2015-08-13 12:12:26', 0),
	(1740, 102, 'Stage 8', 25.41, '2015-10-25 16:15:00', '00:14:01', '2015-08-13 10:45:13', '2015-08-13 12:12:26', 0),
	(1741, 102, 'Stage 9', 12.42, '2015-10-25 16:30:00', '00:07:00', '2015-08-13 10:45:13', '2015-08-13 12:12:26', 0),
	(1742, 102, 'Stage 10', 21.61, '2015-10-25 16:45:00', '00:13:01', '2015-08-13 10:45:13', '2015-08-13 12:12:26', 0),
	(1743, 102, 'Stage 11', 18.41, '2015-10-25 17:00:00', '00:12:00', '2015-08-13 10:45:13', '2015-08-13 12:12:26', 0),
	(1744, 102, 'Stage 12', 17.69, '2015-10-25 17:15:00', '00:10:01', '2015-08-13 10:45:13', '2015-08-13 12:12:26', 0),
	(1745, 102, 'Stage 13', 15.07, '2015-10-25 17:30:00', '00:10:00', '2015-08-13 10:45:13', '2015-08-13 12:12:26', 0),
	(1746, 102, 'Stage 14', 19.63, '2015-10-25 17:45:00', '00:13:00', '2015-08-13 10:45:13', '2015-08-13 12:12:26', 0),
	(1747, 102, 'Stage 15', 5.78, '2015-10-25 18:00:00', '00:03:01', '2015-08-13 10:45:13', '2015-08-13 12:12:26', 0),
	(1748, 102, 'Stage 16', 24.43, '2015-10-25 18:15:00', '00:14:00', '2015-08-13 10:45:13', '2015-08-13 12:12:26', 0),
	(1749, 102, 'Stage 17', 7.53, '2015-10-25 18:30:00', '00:05:00', '2015-08-13 10:45:13', '2015-08-13 12:12:26', 0),
	(1750, 103, 'Stage 0', 17.21, '2015-11-01 11:45:00', '00:11:01', '2015-08-13 10:45:13', '2015-08-13 12:12:26', 0),
	(1751, 103, 'Stage 1', 7.77, '2015-11-01 12:00:00', '00:05:00', '2015-08-13 10:45:13', '2015-08-13 12:12:26', 0),
	(1752, 103, 'Stage 2', 10.03, '2015-11-01 12:15:00', '00:06:00', '2015-08-13 10:45:13', '2015-08-13 12:12:26', 0),
	(1753, 103, 'Stage 3', 10.18, '2015-11-01 12:30:00', '00:06:01', '2015-08-13 10:45:13', '2015-08-13 12:12:26', 0),
	(1754, 103, 'Stage 4', 26.42, '2015-11-01 12:45:00', '00:17:00', '2015-08-13 10:45:13', '2015-08-13 12:12:26', 0),
	(1755, 103, 'Stage 5', 12.87, '2015-11-01 13:00:00', '00:08:00', '2015-08-13 10:45:13', '2015-08-13 12:12:26', 0),
	(1756, 103, 'Stage 6', 4.42, '2015-11-01 13:15:00', '00:02:01', '2015-08-13 10:45:13', '2015-08-13 12:12:26', 0),
	(1757, 103, 'Stage 7', 14.32, '2015-11-01 13:30:00', '00:09:01', '2015-08-13 10:45:13', '2015-08-13 12:12:26', 0),
	(1758, 103, 'Stage 8', 12.38, '2015-11-01 13:45:00', '00:07:00', '2015-08-13 10:45:13', '2015-08-13 12:12:26', 0),
	(1759, 103, 'Stage 9', 16.46, '2015-11-01 14:00:00', '00:09:01', '2015-08-13 10:45:13', '2015-08-13 12:12:26', 0),
	(1760, 103, 'Stage 10', 13.73, '2015-11-01 14:15:00', '00:08:01', '2015-08-13 10:45:13', '2015-08-13 12:12:26', 0),
	(1761, 103, 'Stage 11', 4.86, '2015-11-01 14:30:00', '00:03:00', '2015-08-13 10:45:13', '2015-08-13 12:12:26', 0),
	(1762, 103, 'Stage 12', 7.85, '2015-11-01 14:45:00', '00:05:00', '2015-08-13 10:45:13', '2015-08-13 12:12:26', 0),
	(1763, 103, 'Stage 13', 18.12, '2015-11-01 15:00:00', '00:10:00', '2015-08-13 10:45:13', '2015-08-13 12:12:26', 0),
	(1764, 103, 'Stage 14', 17.59, '2015-11-01 15:15:00', '00:11:00', '2015-08-13 10:45:13', '2015-08-13 12:12:26', 0),
	(1765, 103, 'Stage 15', 14.97, '2015-11-01 15:30:00', '00:10:00', '2015-08-13 10:45:13', '2015-08-13 12:12:26', 0),
	(1766, 103, 'Stage 16', 26.49, '2015-11-01 15:45:00', '00:16:01', '2015-08-13 10:45:13', '2015-08-13 12:12:26', 0),
	(1767, 103, 'Stage 17', 28.34, '2015-11-01 16:00:00', '00:18:01', '2015-08-13 10:45:13', '2015-08-13 12:12:26', 0);
/*!40000 ALTER TABLE `rally_stage` ENABLE KEYS */;


-- Dumping structure for table ral.rally_stage_result
DROP TABLE IF EXISTS `rally_stage_result`;
CREATE TABLE IF NOT EXISTS `rally_stage_result` (
  `id` int(11) NOT NULL AUTO_INCREMENT,
  `stage_id` int(11) DEFAULT NULL,
  `crew_id` varchar(255) DEFAULT NULL,
  `base_time` time DEFAULT NULL,
  `random_factor` decimal(4,2) DEFAULT NULL,
  `accident_id` int(11) DEFAULT NULL,
  `accident_random_factor` decimal(4,2) DEFAULT NULL,
  `out_of_race` tinyint(1) NOT NULL DEFAULT '0',
  `created_at` datetime NOT NULL,
  `updated_at` datetime NOT NULL,
  PRIMARY KEY (`id`),
  KEY `stage_id_idx` (`stage_id`),
  KEY `accident_id_idx` (`accident_id`),
  KEY `rally_stage_result_crew_id_rally_crew_id` (`crew_id`)
) ENGINE=MyISAM AUTO_INCREMENT=9271 DEFAULT CHARSET=utf8;

-- Dumping data for table ral.rally_stage_result: 210 rows
DELETE FROM `rally_stage_result`;
/*!40000 ALTER TABLE `rally_stage_result` DISABLE KEYS */;
INSERT INTO `rally_stage_result` (`id`, `stage_id`, `crew_id`, `base_time`, `random_factor`, `accident_id`, `accident_random_factor`, `out_of_race`, `created_at`, `updated_at`) VALUES
	(9270, 15, '12', '00:06:23', NULL, NULL, NULL, 0, '2015-08-13 12:19:09', '2015-08-13 12:19:09'),
	(9269, 15, '11', '00:06:41', NULL, NULL, NULL, 0, '2015-08-13 12:19:09', '2015-08-13 12:19:09'),
	(9268, 15, '10', '00:09:40', NULL, NULL, NULL, 0, '2015-08-13 12:19:09', '2015-08-13 12:19:09'),
	(9267, 15, '9', '00:07:40', NULL, NULL, NULL, 0, '2015-08-13 12:19:09', '2015-08-13 12:19:09'),
	(9266, 15, '8', '00:10:08', NULL, NULL, NULL, 0, '2015-08-13 12:19:09', '2015-08-13 12:19:09'),
	(9265, 15, '7', '00:07:30', NULL, NULL, NULL, 0, '2015-08-13 12:19:09', '2015-08-13 12:19:09'),
	(9264, 15, '6', '00:07:20', NULL, NULL, NULL, 0, '2015-08-13 12:19:09', '2015-08-13 12:19:09'),
	(9263, 15, '5', '00:07:02', NULL, NULL, NULL, 0, '2015-08-13 12:19:09', '2015-08-13 12:19:09'),
	(9262, 15, '3', '00:06:42', NULL, NULL, NULL, 0, '2015-08-13 12:19:09', '2015-08-13 12:19:09'),
	(9261, 15, '2', '00:07:03', NULL, NULL, NULL, 0, '2015-08-13 12:19:09', '2015-08-13 12:19:09'),
	(9260, 15, '1', '00:08:37', NULL, NULL, NULL, 0, '2015-08-13 12:19:09', '2015-08-13 12:19:09'),
	(9259, 14, '12', '00:22:57', NULL, NULL, NULL, 0, '2015-08-13 12:19:09', '2015-08-13 12:19:09'),
	(9258, 14, '11', '00:24:06', NULL, NULL, NULL, 0, '2015-08-13 12:19:09', '2015-08-13 12:19:09'),
	(9257, 14, '10', '00:30:37', NULL, NULL, NULL, 0, '2015-08-13 12:19:09', '2015-08-13 12:19:09'),
	(9256, 14, '9', '00:24:56', NULL, NULL, NULL, 0, '2015-08-13 12:19:09', '2015-08-13 12:19:09'),
	(9255, 14, '8', '00:36:40', NULL, NULL, NULL, 0, '2015-08-13 12:19:09', '2015-08-13 12:19:09'),
	(9254, 14, '7', '00:25:48', NULL, NULL, NULL, 0, '2015-08-13 12:19:09', '2015-08-13 12:19:09'),
	(9253, 14, '6', '00:25:27', NULL, NULL, NULL, 0, '2015-08-13 12:19:09', '2015-08-13 12:19:09'),
	(9252, 14, '5', '00:25:47', NULL, NULL, NULL, 0, '2015-08-13 12:19:09', '2015-08-13 12:19:09'),
	(9251, 14, '3', '00:24:16', NULL, NULL, NULL, 0, '2015-08-13 12:19:09', '2015-08-13 12:19:09'),
	(9250, 14, '2', '00:23:54', NULL, NULL, NULL, 0, '2015-08-13 12:19:09', '2015-08-13 12:19:09'),
	(9249, 14, '1', '00:28:36', NULL, NULL, NULL, 0, '2015-08-13 12:19:09', '2015-08-13 12:19:09'),
	(9248, 13, '12', '00:06:34', NULL, NULL, NULL, 0, '2015-08-13 12:19:09', '2015-08-13 12:19:09'),
	(9247, 13, '11', '00:06:42', NULL, NULL, NULL, 0, '2015-08-13 12:19:09', '2015-08-13 12:19:09'),
	(9246, 13, '10', '00:09:13', NULL, NULL, NULL, 0, '2015-08-13 12:19:09', '2015-08-13 12:19:09'),
	(9245, 13, '9', '00:07:32', NULL, NULL, NULL, 0, '2015-08-13 12:19:09', '2015-08-13 12:19:09'),
	(9244, 13, '8', '00:10:10', NULL, NULL, NULL, 0, '2015-08-13 12:19:09', '2015-08-13 12:19:09'),
	(9243, 13, '7', '00:07:14', NULL, NULL, NULL, 0, '2015-08-13 12:19:09', '2015-08-13 12:19:09'),
	(9242, 13, '6', '00:07:17', NULL, NULL, NULL, 0, '2015-08-13 12:19:09', '2015-08-13 12:19:09'),
	(9241, 13, '5', '00:06:51', NULL, NULL, NULL, 0, '2015-08-13 12:19:09', '2015-08-13 12:19:09'),
	(9240, 13, '3', '00:06:50', NULL, NULL, NULL, 0, '2015-08-13 12:19:09', '2015-08-13 12:19:09'),
	(9239, 13, '2', '00:06:22', NULL, NULL, NULL, 0, '2015-08-13 12:19:09', '2015-08-13 12:19:09'),
	(9238, 13, '1', '00:07:58', NULL, NULL, NULL, 0, '2015-08-13 12:19:09', '2015-08-13 12:19:09'),
	(9237, 12, '12', '00:23:35', NULL, NULL, NULL, 0, '2015-08-13 12:19:09', '2015-08-13 12:19:09'),
	(9236, 12, '11', '00:26:38', NULL, NULL, NULL, 0, '2015-08-13 12:19:09', '2015-08-13 12:19:09'),
	(9235, 12, '10', '00:35:27', NULL, NULL, NULL, 0, '2015-08-13 12:19:09', '2015-08-13 12:19:09'),
	(9234, 12, '9', '00:29:38', NULL, NULL, NULL, 0, '2015-08-13 12:19:09', '2015-08-13 12:19:09'),
	(9233, 12, '8', '00:38:30', NULL, NULL, NULL, 0, '2015-08-13 12:19:09', '2015-08-13 12:19:09'),
	(9232, 12, '7', '00:27:34', NULL, NULL, NULL, 0, '2015-08-13 12:19:09', '2015-08-13 12:19:09'),
	(9231, 12, '6', '00:27:41', NULL, NULL, NULL, 0, '2015-08-13 12:19:09', '2015-08-13 12:19:09'),
	(9230, 12, '5', '00:28:14', NULL, NULL, NULL, 0, '2015-08-13 12:19:09', '2015-08-13 12:19:09'),
	(9229, 12, '3', '00:25:58', NULL, NULL, NULL, 0, '2015-08-13 12:19:09', '2015-08-13 12:19:09'),
	(9228, 12, '2', '00:24:38', NULL, NULL, NULL, 0, '2015-08-13 12:19:09', '2015-08-13 12:19:09'),
	(9227, 12, '1', '00:32:10', NULL, NULL, NULL, 0, '2015-08-13 12:19:09', '2015-08-13 12:19:09'),
	(9226, 11, '12', '00:13:08', NULL, NULL, NULL, 0, '2015-08-13 12:19:09', '2015-08-13 12:19:09'),
	(9225, 11, '11', '00:13:38', NULL, NULL, NULL, 0, '2015-08-13 12:19:09', '2015-08-13 12:19:09'),
	(9224, 11, '10', '00:19:13', NULL, NULL, NULL, 0, '2015-08-13 12:19:09', '2015-08-13 12:19:09'),
	(9223, 11, '9', '00:15:36', NULL, NULL, NULL, 0, '2015-08-13 12:19:09', '2015-08-13 12:19:09'),
	(9222, 11, '8', '00:19:39', NULL, NULL, NULL, 0, '2015-08-13 12:19:09', '2015-08-13 12:19:09'),
	(9221, 11, '7', '00:14:27', NULL, NULL, NULL, 0, '2015-08-13 12:19:09', '2015-08-13 12:19:09'),
	(9220, 11, '6', '00:14:40', NULL, NULL, NULL, 0, '2015-08-13 12:19:09', '2015-08-13 12:19:09'),
	(9219, 11, '5', '00:14:05', NULL, NULL, NULL, 0, '2015-08-13 12:19:09', '2015-08-13 12:19:09'),
	(9218, 11, '3', '00:13:47', NULL, NULL, NULL, 0, '2015-08-13 12:19:09', '2015-08-13 12:19:09'),
	(9217, 11, '2', '00:13:15', NULL, NULL, NULL, 0, '2015-08-13 12:19:09', '2015-08-13 12:19:09'),
	(9216, 11, '1', '00:18:09', NULL, NULL, NULL, 0, '2015-08-13 12:19:09', '2015-08-13 12:19:09'),
	(9215, 10, '12', '00:34:24', NULL, NULL, NULL, 0, '2015-08-13 12:19:09', '2015-08-13 12:19:09'),
	(9214, 10, '11', '00:36:26', NULL, NULL, NULL, 0, '2015-08-13 12:19:09', '2015-08-13 12:19:09'),
	(9213, 10, '10', '00:48:26', NULL, NULL, NULL, 0, '2015-08-13 12:19:09', '2015-08-13 12:19:09'),
	(9212, 10, '9', '00:38:43', NULL, NULL, NULL, 0, '2015-08-13 12:19:09', '2015-08-13 12:19:09'),
	(9211, 10, '8', '00:50:20', NULL, NULL, NULL, 0, '2015-08-13 12:19:09', '2015-08-13 12:19:09'),
	(9210, 10, '7', '00:35:18', NULL, NULL, NULL, 0, '2015-08-13 12:19:09', '2015-08-13 12:19:09'),
	(9209, 10, '6', '00:39:10', NULL, NULL, NULL, 0, '2015-08-13 12:19:09', '2015-08-13 12:19:09'),
	(9208, 10, '5', '00:37:32', NULL, NULL, NULL, 0, '2015-08-13 12:19:09', '2015-08-13 12:19:09'),
	(9207, 10, '3', '00:34:37', NULL, NULL, NULL, 0, '2015-08-13 12:19:09', '2015-08-13 12:19:09'),
	(9206, 10, '2', '00:33:48', NULL, NULL, NULL, 0, '2015-08-13 12:19:09', '2015-08-13 12:19:09'),
	(9205, 10, '1', '00:42:25', NULL, NULL, NULL, 0, '2015-08-13 12:19:09', '2015-08-13 12:19:09'),
	(9204, 9, '12', '00:11:43', NULL, NULL, NULL, 0, '2015-08-13 12:19:09', '2015-08-13 12:19:09'),
	(9203, 9, '11', '00:12:27', NULL, NULL, NULL, 0, '2015-08-13 12:19:09', '2015-08-13 12:19:09'),
	(9202, 9, '10', '00:17:08', NULL, NULL, NULL, 0, '2015-08-13 12:19:09', '2015-08-13 12:19:09'),
	(9201, 9, '9', '00:13:53', NULL, NULL, NULL, 0, '2015-08-13 12:19:09', '2015-08-13 12:19:09'),
	(9200, 9, '8', '00:18:34', NULL, NULL, NULL, 0, '2015-08-13 12:19:09', '2015-08-13 12:19:09'),
	(9199, 9, '7', '00:14:26', NULL, NULL, NULL, 0, '2015-08-13 12:19:09', '2015-08-13 12:19:09'),
	(9198, 9, '6', '00:13:43', NULL, NULL, NULL, 0, '2015-08-13 12:19:09', '2015-08-13 12:19:09'),
	(9197, 9, '5', '00:12:58', NULL, NULL, NULL, 0, '2015-08-13 12:19:09', '2015-08-13 12:19:09'),
	(9196, 9, '3', '00:12:47', NULL, NULL, NULL, 0, '2015-08-13 12:19:09', '2015-08-13 12:19:09'),
	(9195, 9, '2', '00:11:55', NULL, NULL, NULL, 0, '2015-08-13 12:19:09', '2015-08-13 12:19:09'),
	(9096, 1, '1', '00:19:10', NULL, NULL, NULL, 0, '2015-08-13 12:19:09', '2015-08-13 12:19:09'),
	(9097, 1, '2', '00:15:50', NULL, NULL, NULL, 0, '2015-08-13 12:19:09', '2015-08-13 12:19:09'),
	(9098, 1, '3', '00:16:01', NULL, NULL, NULL, 0, '2015-08-13 12:19:09', '2015-08-13 12:19:09'),
	(9099, 1, '4', '00:17:21', NULL, 2, NULL, 1, '2015-08-13 12:19:09', '2015-08-13 12:19:09'),
	(9100, 1, '5', '00:16:25', NULL, NULL, NULL, 0, '2015-08-13 12:19:09', '2015-08-13 12:19:09'),
	(9101, 1, '6', '00:17:28', NULL, NULL, NULL, 0, '2015-08-13 12:19:09', '2015-08-13 12:19:09'),
	(9102, 1, '7', '00:17:50', NULL, NULL, NULL, 0, '2015-08-13 12:19:09', '2015-08-13 12:19:09'),
	(9103, 1, '8', '00:23:59', NULL, NULL, NULL, 0, '2015-08-13 12:19:09', '2015-08-13 12:19:09'),
	(9104, 1, '9', '00:18:00', NULL, NULL, NULL, 0, '2015-08-13 12:19:09', '2015-08-13 12:19:09'),
	(9105, 1, '10', '00:20:24', NULL, NULL, NULL, 0, '2015-08-13 12:19:09', '2015-08-13 12:19:09'),
	(9106, 1, '11', '00:16:06', NULL, NULL, NULL, 0, '2015-08-13 12:19:09', '2015-08-13 12:19:09'),
	(9107, 1, '12', '00:15:18', NULL, NULL, NULL, 0, '2015-08-13 12:19:09', '2015-08-13 12:19:09'),
	(9108, 1, '13', '00:14:33', NULL, NULL, NULL, 0, '2015-08-13 12:19:09', '2015-08-13 12:19:09'),
	(9109, 1, '14', '00:17:40', NULL, NULL, NULL, 0, '2015-08-13 12:19:09', '2015-08-13 12:19:09'),
	(9110, 2, '1', '00:18:25', NULL, NULL, NULL, 0, '2015-08-13 12:19:09', '2015-08-13 12:19:09'),
	(9111, 2, '2', '00:14:10', NULL, NULL, NULL, 0, '2015-08-13 12:19:09', '2015-08-13 12:19:09'),
	(9112, 2, '3', '00:14:21', NULL, NULL, NULL, 0, '2015-08-13 12:19:09', '2015-08-13 12:19:09'),
	(9113, 2, '5', '00:15:27', NULL, NULL, NULL, 0, '2015-08-13 12:19:09', '2015-08-13 12:19:09'),
	(9114, 2, '6', '00:16:35', NULL, NULL, NULL, 0, '2015-08-13 12:19:09', '2015-08-13 12:19:09'),
	(9115, 2, '7', '00:16:06', NULL, NULL, NULL, 0, '2015-08-13 12:19:09', '2015-08-13 12:19:09'),
	(9116, 2, '8', '00:21:46', NULL, NULL, NULL, 0, '2015-08-13 12:19:09', '2015-08-13 12:19:09'),
	(9117, 2, '9', '00:17:00', NULL, NULL, NULL, 0, '2015-08-13 12:19:09', '2015-08-13 12:19:09'),
	(9118, 2, '10', '00:19:20', NULL, NULL, NULL, 0, '2015-08-13 12:19:09', '2015-08-13 12:19:09'),
	(9119, 2, '11', '00:14:43', NULL, NULL, NULL, 0, '2015-08-13 12:19:09', '2015-08-13 12:19:09'),
	(9120, 2, '12', '00:13:55', NULL, NULL, NULL, 0, '2015-08-13 12:19:09', '2015-08-13 12:19:09'),
	(9121, 2, '13', '00:13:38', NULL, NULL, NULL, 0, '2015-08-13 12:19:09', '2015-08-13 12:19:09'),
	(9122, 2, '14', '00:17:10', NULL, NULL, NULL, 0, '2015-08-13 12:19:09', '2015-08-13 12:19:09'),
	(9123, 3, '1', '00:13:28', NULL, NULL, NULL, 0, '2015-08-13 12:19:09', '2015-08-13 12:19:09'),
	(9124, 3, '2', '00:09:43', NULL, NULL, NULL, 0, '2015-08-13 12:19:09', '2015-08-13 12:19:09'),
	(9125, 3, '3', '00:10:34', NULL, NULL, NULL, 0, '2015-08-13 12:19:09', '2015-08-13 12:19:09'),
	(9126, 3, '5', '00:10:57', NULL, NULL, NULL, 0, '2015-08-13 12:19:09', '2015-08-13 12:19:09'),
	(9127, 3, '6', '00:10:50', NULL, NULL, NULL, 0, '2015-08-13 12:19:09', '2015-08-13 12:19:09'),
	(9128, 3, '7', '00:11:06', NULL, NULL, NULL, 0, '2015-08-13 12:19:09', '2015-08-13 12:19:09'),
	(9129, 3, '8', '00:15:49', NULL, NULL, NULL, 0, '2015-08-13 12:19:09', '2015-08-13 12:19:09'),
	(9130, 3, '9', '00:10:54', NULL, NULL, NULL, 0, '2015-08-13 12:19:09', '2015-08-13 12:19:09'),
	(9131, 3, '10', '00:14:07', NULL, NULL, NULL, 0, '2015-08-13 12:19:09', '2015-08-13 12:19:09'),
	(9132, 3, '11', '00:09:49', NULL, NULL, NULL, 0, '2015-08-13 12:19:09', '2015-08-13 12:19:09'),
	(9133, 3, '12', '00:10:02', NULL, NULL, NULL, 0, '2015-08-13 12:19:09', '2015-08-13 12:19:09'),
	(9134, 3, '13', '00:09:57', NULL, 2, NULL, 1, '2015-08-13 12:19:09', '2015-08-13 12:19:09'),
	(9135, 3, '14', '00:10:36', NULL, NULL, NULL, 0, '2015-08-13 12:19:09', '2015-08-13 12:19:09'),
	(9136, 4, '1', '00:22:03', NULL, NULL, NULL, 0, '2015-08-13 12:19:09', '2015-08-13 12:19:09'),
	(9137, 4, '2', '00:16:06', NULL, NULL, NULL, 0, '2015-08-13 12:19:09', '2015-08-13 12:19:09'),
	(9138, 4, '3', '00:17:26', NULL, NULL, NULL, 0, '2015-08-13 12:19:09', '2015-08-13 12:19:09'),
	(9139, 4, '5', '00:18:21', NULL, NULL, NULL, 0, '2015-08-13 12:19:09', '2015-08-13 12:19:09'),
	(9140, 4, '6', '00:18:14', NULL, NULL, NULL, 0, '2015-08-13 12:19:09', '2015-08-13 12:19:09'),
	(9141, 4, '7', '00:18:41', NULL, NULL, NULL, 0, '2015-08-13 12:19:09', '2015-08-13 12:19:09'),
	(9142, 4, '8', '00:25:28', NULL, NULL, NULL, 0, '2015-08-13 12:19:09', '2015-08-13 12:19:09'),
	(9143, 4, '9', '00:18:27', NULL, NULL, NULL, 0, '2015-08-13 12:19:09', '2015-08-13 12:19:09'),
	(9144, 4, '10', '00:23:34', NULL, NULL, NULL, 0, '2015-08-13 12:19:09', '2015-08-13 12:19:09'),
	(9145, 4, '11', '00:16:54', NULL, NULL, NULL, 0, '2015-08-13 12:19:09', '2015-08-13 12:19:09'),
	(9146, 4, '12', '00:16:28', NULL, NULL, NULL, 0, '2015-08-13 12:19:09', '2015-08-13 12:19:09'),
	(9147, 4, '14', '00:18:38', NULL, NULL, NULL, 0, '2015-08-13 12:19:09', '2015-08-13 12:19:09'),
	(9148, 5, '1', '00:19:32', NULL, NULL, NULL, 0, '2015-08-13 12:19:09', '2015-08-13 12:19:09'),
	(9149, 5, '2', '00:16:04', NULL, NULL, NULL, 0, '2015-08-13 12:19:09', '2015-08-13 12:19:09'),
	(9150, 5, '3', '00:16:40', NULL, NULL, NULL, 0, '2015-08-13 12:19:09', '2015-08-13 12:19:09'),
	(9151, 5, '5', '00:17:05', NULL, NULL, NULL, 0, '2015-08-13 12:19:09', '2015-08-13 12:19:09'),
	(9152, 5, '6', '00:16:45', NULL, NULL, NULL, 0, '2015-08-13 12:19:09', '2015-08-13 12:19:09'),
	(9153, 5, '7', '00:16:46', NULL, NULL, NULL, 0, '2015-08-13 12:19:09', '2015-08-13 12:19:09'),
	(9154, 5, '8', '00:24:03', NULL, NULL, NULL, 0, '2015-08-13 12:19:09', '2015-08-13 12:19:09'),
	(9155, 5, '9', '00:17:51', NULL, NULL, NULL, 0, '2015-08-13 12:19:09', '2015-08-13 12:19:09'),
	(9156, 5, '10', '00:22:26', NULL, NULL, NULL, 0, '2015-08-13 12:19:09', '2015-08-13 12:19:09'),
	(9157, 5, '11', '00:15:41', NULL, NULL, NULL, 0, '2015-08-13 12:19:09', '2015-08-13 12:19:09'),
	(9158, 5, '12', '00:15:22', NULL, NULL, NULL, 0, '2015-08-13 12:19:09', '2015-08-13 12:19:09'),
	(9159, 5, '14', '00:17:49', NULL, NULL, NULL, 0, '2015-08-13 12:19:09', '2015-08-13 12:19:09'),
	(9160, 6, '1', '00:14:15', NULL, NULL, NULL, 0, '2015-08-13 12:19:09', '2015-08-13 12:19:09'),
	(9161, 6, '2', '00:10:52', NULL, NULL, NULL, 0, '2015-08-13 12:19:09', '2015-08-13 12:19:09'),
	(9162, 6, '3', '00:11:32', NULL, NULL, NULL, 0, '2015-08-13 12:19:09', '2015-08-13 12:19:09'),
	(9163, 6, '5', '00:11:50', NULL, NULL, NULL, 0, '2015-08-13 12:19:09', '2015-08-13 12:19:09'),
	(9164, 6, '6', '00:12:15', NULL, NULL, NULL, 0, '2015-08-13 12:19:09', '2015-08-13 12:19:09'),
	(9165, 6, '7', '00:11:49', NULL, NULL, NULL, 0, '2015-08-13 12:19:09', '2015-08-13 12:19:09'),
	(9166, 6, '8', '00:16:42', NULL, NULL, NULL, 0, '2015-08-13 12:19:09', '2015-08-13 12:19:09'),
	(9167, 6, '9', '00:12:49', NULL, NULL, NULL, 0, '2015-08-13 12:19:09', '2015-08-13 12:19:09'),
	(9168, 6, '10', '00:14:39', NULL, NULL, NULL, 0, '2015-08-13 12:19:09', '2015-08-13 12:19:09'),
	(9169, 6, '11', '00:11:05', NULL, NULL, NULL, 0, '2015-08-13 12:19:09', '2015-08-13 12:19:09'),
	(9170, 6, '12', '00:10:54', NULL, NULL, NULL, 0, '2015-08-13 12:19:09', '2015-08-13 12:19:09'),
	(9171, 6, '14', '00:12:33', NULL, 2, NULL, 1, '2015-08-13 12:19:09', '2015-08-13 12:19:09'),
	(9172, 7, '1', '00:21:42', NULL, NULL, NULL, 0, '2015-08-13 12:19:09', '2015-08-13 12:19:09'),
	(9173, 7, '2', '00:17:19', NULL, NULL, NULL, 0, '2015-08-13 12:19:09', '2015-08-13 12:19:09'),
	(9174, 7, '3', '00:17:52', NULL, NULL, NULL, 0, '2015-08-13 12:19:09', '2015-08-13 12:19:09'),
	(9175, 7, '5', '00:18:04', NULL, NULL, NULL, 0, '2015-08-13 12:19:09', '2015-08-13 12:19:09'),
	(9176, 7, '6', '00:19:23', NULL, NULL, NULL, 0, '2015-08-13 12:19:09', '2015-08-13 12:19:09'),
	(9177, 7, '7', '00:20:04', NULL, NULL, NULL, 0, '2015-08-13 12:19:09', '2015-08-13 12:19:09'),
	(9178, 7, '8', '00:28:18', NULL, NULL, NULL, 0, '2015-08-13 12:19:09', '2015-08-13 12:19:09'),
	(9179, 7, '9', '00:20:22', NULL, NULL, NULL, 0, '2015-08-13 12:19:09', '2015-08-13 12:19:09'),
	(9180, 7, '10', '00:24:08', NULL, NULL, NULL, 0, '2015-08-13 12:19:09', '2015-08-13 12:19:09'),
	(9181, 7, '11', '00:17:45', NULL, NULL, NULL, 0, '2015-08-13 12:19:09', '2015-08-13 12:19:09'),
	(9182, 7, '12', '00:17:31', NULL, NULL, NULL, 0, '2015-08-13 12:19:09', '2015-08-13 12:19:09'),
	(9183, 8, '1', '00:20:44', NULL, NULL, NULL, 0, '2015-08-13 12:19:09', '2015-08-13 12:19:09'),
	(9184, 8, '2', '00:15:59', NULL, NULL, NULL, 0, '2015-08-13 12:19:09', '2015-08-13 12:19:09'),
	(9185, 8, '3', '00:16:14', NULL, NULL, NULL, 0, '2015-08-13 12:19:09', '2015-08-13 12:19:09'),
	(9186, 8, '5', '00:17:26', NULL, NULL, NULL, 0, '2015-08-13 12:19:09', '2015-08-13 12:19:09'),
	(9187, 8, '6', '00:19:02', NULL, NULL, NULL, 0, '2015-08-13 12:19:09', '2015-08-13 12:19:09'),
	(9188, 8, '7', '00:18:18', NULL, NULL, NULL, 0, '2015-08-13 12:19:09', '2015-08-13 12:19:09'),
	(9189, 8, '8', '00:25:14', NULL, NULL, NULL, 0, '2015-08-13 12:19:09', '2015-08-13 12:19:09'),
	(9190, 8, '9', '00:18:51', NULL, NULL, NULL, 0, '2015-08-13 12:19:09', '2015-08-13 12:19:09'),
	(9191, 8, '10', '00:24:19', NULL, NULL, NULL, 0, '2015-08-13 12:19:09', '2015-08-13 12:19:09'),
	(9192, 8, '11', '00:17:25', NULL, NULL, NULL, 0, '2015-08-13 12:19:09', '2015-08-13 12:19:09'),
	(9193, 8, '12', '00:15:58', NULL, NULL, NULL, 0, '2015-08-13 12:19:09', '2015-08-13 12:19:09'),
	(9194, 9, '1', '00:16:24', NULL, NULL, NULL, 0, '2015-08-13 12:19:09', '2015-08-13 12:19:09');
/*!40000 ALTER TABLE `rally_stage_result` ENABLE KEYS */;


-- Dumping structure for table ral.rally_surface
DROP TABLE IF EXISTS `rally_surface`;
CREATE TABLE IF NOT EXISTS `rally_surface` (
  `id` int(11) NOT NULL AUTO_INCREMENT,
  `rally_id` int(11) DEFAULT NULL,
  `surface` varchar(255) DEFAULT NULL,
  `percentage` float(4,2) DEFAULT NULL,
  `created_at` datetime NOT NULL,
  `updated_at` datetime NOT NULL,
  PRIMARY KEY (`id`),
  KEY `rally_id_idx` (`rally_id`)
) ENGINE=MyISAM AUTO_INCREMENT=202 DEFAULT CHARSET=utf8;

-- Dumping data for table ral.rally_surface: 0 rows
DELETE FROM `rally_surface`;
/*!40000 ALTER TABLE `rally_surface` DISABLE KEYS */;
INSERT INTO `rally_surface` (`id`, `rally_id`, `surface`, `percentage`, `created_at`, `updated_at`) VALUES
	(1, 1, 'tarmac', 95.00, '2015-08-08 12:50:19', '2015-08-08 12:50:19'),
	(2, 1, 'gravel', 5.00, '2015-08-08 12:50:19', '2015-08-08 12:50:19'),
	(3, 2, 'snow', 99.99, '2015-08-08 12:56:21', '2015-08-08 12:56:21'),
	(4, 3, 'gravel', 99.99, '2015-08-08 13:01:41', '2015-08-08 13:01:41'),
	(5, 4, 'gravel', 99.99, '2015-08-08 13:05:32', '2015-08-08 13:05:32'),
	(6, 4, 'rain', 20.00, '2015-08-08 13:05:32', '2015-08-08 13:05:32'),
	(7, 5, 'gravel', 95.00, '2015-08-08 13:09:53', '2015-08-08 13:09:53'),
	(8, 5, 'tarmac', 5.00, '2015-08-08 13:09:53', '2015-08-08 13:09:53'),
	(9, 5, 'rain', 15.00, '2015-08-08 13:09:53', '2015-08-08 13:09:53'),
	(10, 6, 'gravel', 93.00, '2015-08-08 14:53:32', '2015-08-08 14:53:32'),
	(11, 6, 'tarmac', 7.00, '2015-08-08 14:53:32', '2015-08-08 14:53:32'),
	(12, 6, 'rain', 20.00, '2015-08-08 14:53:32', '2015-08-08 14:53:32'),
	(13, 7, 'gravel', 63.00, '2015-08-08 14:58:53', '2015-08-08 14:58:53'),
	(14, 7, 'tarmac', 37.00, '2015-08-08 14:58:53', '2015-08-08 14:58:53'),
	(15, 7, 'rain', 31.00, '2015-08-08 14:58:53', '2015-08-08 14:58:53'),
	(16, 8, 'gravel', 79.00, '2015-08-08 17:48:37', '2015-08-08 17:48:37'),
	(17, 8, 'tarmac', 21.00, '2015-08-08 17:48:37', '2015-08-08 17:48:37'),
	(18, 8, 'rain', 7.00, '2015-08-08 17:48:37', '2015-08-08 17:48:37'),
	(19, 9, 'tarmac', 93.00, '2015-08-08 18:06:00', '2015-08-08 18:06:00'),
	(20, 9, 'gravel', 7.00, '2015-08-08 18:06:00', '2015-08-08 18:06:00'),
	(21, 9, 'rain', 5.00, '2015-08-08 18:06:00', '2015-08-08 18:06:00'),
	(22, 10, 'gravel', 99.99, '2015-08-08 18:15:39', '2015-08-08 18:15:39'),
	(23, 11, 'tarmac', 99.99, '2015-08-09 09:08:16', '2015-08-09 09:08:16'),
	(24, 11, 'rain', 5.00, '2015-08-09 09:08:16', '2015-08-09 09:08:16'),
	(25, 12, 'tarmac', 61.00, '2015-08-09 09:29:16', '2015-08-09 09:29:16'),
	(26, 12, 'gravel', 39.00, '2015-08-09 09:29:16', '2015-08-09 09:29:16'),
	(27, 12, 'rain', 11.00, '2015-08-09 09:29:16', '2015-08-09 09:29:16'),
	(28, 13, 'gravel', 93.00, '2015-08-09 09:33:26', '2015-08-09 09:33:26'),
	(29, 13, 'tarmac', 7.00, '2015-08-09 09:33:26', '2015-08-09 09:33:26'),
	(30, 13, 'rain', 56.00, '2015-08-09 09:33:26', '2015-08-09 09:33:26'),
	(31, 14, 'tarmac', 58.00, '2015-08-09 14:43:28', '2015-08-09 14:43:28'),
	(32, 14, 'snow', 42.00, '2015-08-09 14:43:28', '2015-08-09 14:43:28'),
	(33, 14, 'rain', 5.00, '2015-08-09 14:43:28', '2015-08-09 14:43:28'),
	(34, 15, 'gravel', 63.00, '2015-08-09 14:47:06', '2015-08-09 14:47:06'),
	(35, 15, 'snow', 37.00, '2015-08-09 14:47:06', '2015-08-09 14:47:06'),
	(36, 15, 'rain', 11.00, '2015-08-09 14:47:06', '2015-08-09 14:47:06'),
	(37, 16, 'tarmac', 99.99, '2015-08-09 18:29:55', '2015-08-09 18:29:55'),
	(38, 16, 'rain', 35.00, '2015-08-09 18:29:55', '2015-08-09 18:29:55'),
	(39, 17, 'gravel', 88.00, '2015-08-09 18:37:22', '2015-08-09 18:37:22'),
	(40, 17, 'tarmac', 12.00, '2015-08-09 18:37:22', '2015-08-09 18:37:22'),
	(41, 17, 'rain', 3.00, '2015-08-09 18:37:22', '2015-08-09 18:37:22'),
	(42, 18, 'tarmac', 99.99, '2015-08-10 10:35:26', '2015-08-10 10:35:26'),
	(43, 18, 'rain', 15.00, '2015-08-10 10:35:26', '2015-08-10 10:35:26'),
	(58, 26, 'gravel', 99.99, '2015-08-10 10:51:22', '2015-08-10 10:51:22'),
	(59, 26, 'rain', 15.00, '2015-08-10 10:51:22', '2015-08-10 10:51:22'),
	(60, 27, 'tarmac', 99.99, '2015-08-10 10:54:48', '2015-08-10 10:54:48'),
	(61, 27, 'rain', 11.00, '2015-08-10 10:54:48', '2015-08-10 10:54:48'),
	(62, 28, 'gravel', 99.99, '2015-08-10 10:57:37', '2015-08-10 10:57:37'),
	(63, 29, 'gravel', 99.99, '2015-08-10 11:00:38', '2015-08-10 11:00:38'),
	(64, 30, 'tarmac', 99.99, '2015-08-10 11:04:16', '2015-08-10 11:04:16'),
	(65, 30, 'rain', 15.00, '2015-08-10 11:04:16', '2015-08-10 11:04:16'),
	(66, 31, 'snow', 99.99, '2015-08-10 11:11:05', '2015-08-10 11:11:05'),
	(67, 31, 'rain', 5.00, '2015-08-10 11:11:05', '2015-08-10 11:11:05'),
	(68, 32, 'tarmac', 99.99, '2015-08-10 11:14:37', '2015-08-10 11:14:37'),
	(69, 33, 'tarmac', 99.99, '2015-08-10 11:21:17', '2015-08-10 11:21:17'),
	(70, 33, 'rain', 15.00, '2015-08-10 11:21:17', '2015-08-10 11:21:17'),
	(71, 34, 'gravel', 85.00, '2015-08-10 11:25:24', '2015-08-10 11:25:24'),
	(72, 34, 'tarmac', 15.00, '2015-08-10 11:25:24', '2015-08-10 11:25:24'),
	(73, 34, 'rain', 15.00, '2015-08-10 11:25:24', '2015-08-10 11:25:24'),
	(74, 35, 'tarmac', 99.99, '2015-08-10 11:27:51', '2015-08-10 11:27:51'),
	(75, 36, 'tarmac', 99.99, '2015-08-10 11:35:54', '2015-08-10 11:35:54'),
	(76, 36, 'rain', 11.00, '2015-08-10 11:35:54', '2015-08-10 11:35:54'),
	(77, 37, 'snow', 99.99, '2015-08-10 11:58:58', '2015-08-10 11:58:58'),
	(78, 38, 'snow', 85.00, '2015-08-10 12:01:22', '2015-08-10 12:01:22'),
	(79, 38, 'gravel', 15.00, '2015-08-10 12:01:23', '2015-08-10 12:01:23'),
	(80, 38, 'rain', 10.00, '2015-08-10 12:01:23', '2015-08-10 12:01:23'),
	(81, 39, 'snow', 99.99, '2015-08-10 12:04:32', '2015-08-10 12:04:32'),
	(82, 39, 'rain', 11.00, '2015-08-10 12:04:32', '2015-08-10 12:04:32'),
	(83, 40, 'snow', 99.99, '2015-08-10 12:14:12', '2015-08-10 12:14:12'),
	(84, 41, 'snow', 69.00, '2015-08-10 12:16:39', '2015-08-10 12:16:39'),
	(85, 41, 'gravel', 31.00, '2015-08-10 12:16:39', '2015-08-10 12:16:39'),
	(86, 41, 'rain', 5.00, '2015-08-10 12:16:40', '2015-08-10 12:16:40'),
	(87, 42, 'gravel', 61.00, '2015-08-10 12:19:14', '2015-08-10 12:19:14'),
	(88, 42, 'snow', 39.00, '2015-08-10 12:19:14', '2015-08-10 12:19:14'),
	(89, 43, 'snow', 89.00, '2015-08-10 12:45:01', '2015-08-10 12:45:01'),
	(90, 43, 'gravel', 11.00, '2015-08-10 12:45:01', '2015-08-10 12:45:01'),
	(91, 43, 'rain', 15.00, '2015-08-10 12:45:01', '2015-08-10 12:45:01'),
	(92, 44, 'snow', 78.00, '2015-08-10 12:56:06', '2015-08-10 12:56:06'),
	(93, 44, 'gravel', 22.00, '2015-08-10 12:56:06', '2015-08-10 12:56:06'),
	(94, 44, 'rain', 11.00, '2015-08-10 12:56:06', '2015-08-10 12:56:06'),
	(95, 45, 'snow', 99.99, '2015-08-10 13:00:49', '2015-08-10 13:00:49'),
	(96, 46, 'snow', 89.00, '2015-08-10 13:05:04', '2015-08-10 13:05:04'),
	(97, 46, 'gravel', 11.00, '2015-08-10 13:05:04', '2015-08-10 13:05:04'),
	(98, 47, 'snow', 99.99, '2015-08-10 13:16:42', '2015-08-10 13:16:42'),
	(99, 47, 'rain', 33.00, '2015-08-10 13:16:42', '2015-08-10 13:16:42'),
	(100, 48, 'snow', 91.00, '2015-08-10 13:18:36', '2015-08-10 13:18:36'),
	(101, 48, 'gravel', 9.00, '2015-08-10 13:18:36', '2015-08-10 13:18:36'),
	(102, 48, 'rain', 3.00, '2015-08-10 13:18:36', '2015-08-10 13:18:36'),
	(104, 49, 'gravel', 21.00, '2015-08-10 15:12:07', '2015-08-10 15:12:07'),
	(103, 49, 'snow', 79.00, '2015-08-10 15:12:07', '2015-08-10 15:12:07'),
	(106, 50, 'rain', 45.00, '2015-08-10 15:21:49', '2015-08-10 15:21:49'),
	(105, 50, 'snow', 99.99, '2015-08-10 15:21:49', '2015-08-10 15:21:49'),
	(108, 51, 'snow', 11.00, '2015-08-10 15:24:01', '2015-08-10 15:24:01'),
	(107, 51, 'snow', 99.99, '2015-08-10 15:24:01', '2015-08-10 15:24:01'),
	(110, 52, 'gravel', 2.00, '2015-08-10 15:30:10', '2015-08-10 15:30:10'),
	(109, 52, 'tarmac', 98.00, '2015-08-10 15:30:10', '2015-08-10 15:30:10'),
	(112, 53, 'gravel', 42.00, '2015-08-10 15:36:15', '2015-08-10 15:36:15'),
	(111, 53, 'tarmac', 58.00, '2015-08-10 15:36:15', '2015-08-10 15:36:15'),
	(113, 54, 'tarmac', 99.99, '2015-08-10 15:38:49', '2015-08-10 15:38:49'),
	(115, 55, 'gravel', 49.00, '2015-08-10 15:41:57', '2015-08-10 15:41:57'),
	(114, 55, 'tarmac', 51.00, '2015-08-10 15:41:57', '2015-08-10 15:41:57'),
	(116, 56, 'gravel', 99.99, '2015-08-10 15:44:48', '2015-08-10 15:44:48'),
	(117, 57, 'tarmac', 99.99, '2015-08-10 15:48:24', '2015-08-10 15:48:24'),
	(118, 57, 'rain', 28.00, '2015-08-10 15:48:24', '2015-08-10 15:48:24'),
	(119, 58, 'tarmac', 99.99, '2015-08-10 15:50:44', '2015-08-10 15:50:44'),
	(120, 59, 'gravel', 75.00, '2015-08-10 15:54:30', '2015-08-10 15:54:30'),
	(121, 59, 'tarmac', 25.00, '2015-08-10 15:54:30', '2015-08-10 15:54:30'),
	(122, 60, 'tarmac', 99.99, '2015-08-10 16:20:57', '2015-08-10 16:20:57'),
	(123, 60, 'rain', 11.00, '2015-08-10 16:20:57', '2015-08-10 16:20:57'),
	(124, 61, 'tarmac', 99.99, '2015-08-10 16:27:13', '2015-08-10 16:27:13'),
	(125, 62, 'tarmac', 99.99, '2015-08-10 16:29:02', '2015-08-10 16:29:02'),
	(126, 63, 'tarmac', 87.00, '2015-08-10 16:31:41', '2015-08-10 16:31:41'),
	(127, 63, 'gravel', 13.00, '2015-08-10 16:31:41', '2015-08-10 16:31:41'),
	(128, 63, 'rain', 17.00, '2015-08-10 16:31:41', '2015-08-10 16:31:41'),
	(129, 64, 'gravel', 99.99, '2015-08-10 16:38:22', '2015-08-10 16:38:22'),
	(130, 65, 'tarmac', 87.00, '2015-08-10 16:41:16', '2015-08-10 16:41:16'),
	(131, 65, 'gravel', 13.00, '2015-08-10 16:41:16', '2015-08-10 16:41:16'),
	(132, 65, 'rain', 5.00, '2015-08-10 16:41:16', '2015-08-10 16:41:16'),
	(133, 66, 'tarmac', 99.99, '2015-08-10 16:47:23', '2015-08-10 16:47:23'),
	(134, 67, 'gravel', 99.99, '2015-08-10 16:50:08', '2015-08-10 16:50:08'),
	(135, 68, 'gravel', 73.00, '2015-08-10 16:52:25', '2015-08-10 16:52:25'),
	(136, 68, 'tarmac', 27.00, '2015-08-10 16:52:25', '2015-08-10 16:52:25'),
	(137, 68, 'rain', 11.00, '2015-08-10 16:52:25', '2015-08-10 16:52:25'),
	(138, 69, 'tarmac', 99.99, '2015-08-10 16:54:38', '2015-08-10 16:54:38'),
	(139, 69, 'rain', 73.00, '2015-08-10 16:54:38', '2015-08-10 16:54:38'),
	(140, 70, 'gravel', 99.99, '2015-08-10 17:20:46', '2015-08-10 17:20:46'),
	(141, 71, 'gravel', 99.99, '2015-08-10 17:24:19', '2015-08-10 17:24:19'),
	(142, 72, 'tarmac', 61.00, '2015-08-10 17:28:34', '2015-08-10 17:28:34'),
	(143, 72, 'gravel', 39.00, '2015-08-10 17:28:35', '2015-08-10 17:28:35'),
	(144, 72, 'rain', 18.00, '2015-08-10 17:28:35', '2015-08-10 17:28:35'),
	(145, 73, 'tarmac', 99.99, '2015-08-10 17:30:34', '2015-08-10 17:30:34'),
	(146, 74, 'tarmac', 67.00, '2015-08-10 17:47:58', '2015-08-10 17:47:58'),
	(147, 74, 'gravel', 33.00, '2015-08-10 17:47:58', '2015-08-10 17:47:58'),
	(148, 75, 'tarmac', 99.99, '2015-08-11 11:03:43', '2015-08-11 11:03:43'),
	(149, 75, 'rain', 5.00, '2015-08-11 11:03:43', '2015-08-11 11:03:43'),
	(150, 76, 'tarmac', 73.00, '2015-08-11 11:13:27', '2015-08-11 11:13:27'),
	(151, 76, 'gravel', 27.00, '2015-08-11 11:13:27', '2015-08-11 11:13:27'),
	(152, 76, 'rain', 21.00, '2015-08-11 11:13:27', '2015-08-11 11:13:27'),
	(153, 77, 'gravel', 73.00, '2015-08-11 11:24:13', '2015-08-11 11:24:13'),
	(154, 77, 'tarmac', 27.00, '2015-08-11 11:24:13', '2015-08-11 11:24:13'),
	(155, 77, 'rain', 11.00, '2015-08-11 11:24:13', '2015-08-11 11:24:13'),
	(156, 78, 'gravel', 99.99, '2015-08-11 11:38:06', '2015-08-11 11:38:06'),
	(157, 79, 'gravel', 99.99, '2015-08-11 11:57:54', '2015-08-11 11:57:54'),
	(158, 80, 'tarmac', 99.99, '2015-08-13 10:45:13', '2015-08-13 10:45:13'),
	(159, 80, 'rain', 37.08, '2015-08-13 10:45:13', '2015-08-13 10:45:13'),
	(160, 81, 'tarmac', 99.99, '2015-08-13 10:45:13', '2015-08-13 10:45:13'),
	(161, 82, 'snow', 99.99, '2015-08-13 10:45:13', '2015-08-13 10:45:13'),
	(162, 82, 'rain', 31.67, '2015-08-13 10:45:13', '2015-08-13 10:45:13'),
	(163, 83, 'gravel', 99.99, '2015-08-13 10:45:13', '2015-08-13 10:45:13'),
	(164, 84, 'snow', 99.99, '2015-08-13 10:45:13', '2015-08-13 10:45:13'),
	(165, 84, 'rain', 57.23, '2015-08-13 10:45:13', '2015-08-13 10:45:13'),
	(166, 85, 'gravel', 75.03, '2015-08-13 10:45:13', '2015-08-13 10:45:13'),
	(167, 85, 'snow', 24.97, '2015-08-13 10:45:13', '2015-08-13 10:45:13'),
	(168, 85, 'rain', 53.30, '2015-08-13 10:45:13', '2015-08-13 10:45:13'),
	(169, 86, 'tarmac', 82.12, '2015-08-13 10:45:13', '2015-08-13 10:45:13'),
	(170, 86, 'gravel', 17.88, '2015-08-13 10:45:13', '2015-08-13 10:45:13'),
	(171, 87, 'snow', 99.99, '2015-08-13 10:45:13', '2015-08-13 10:45:13'),
	(172, 87, 'rain', 41.42, '2015-08-13 10:45:13', '2015-08-13 10:45:13'),
	(173, 88, 'gravel', 40.46, '2015-08-13 10:45:13', '2015-08-13 10:45:13'),
	(174, 88, 'snow', 59.54, '2015-08-13 10:45:13', '2015-08-13 10:45:13'),
	(175, 88, 'rain', 60.35, '2015-08-13 10:45:13', '2015-08-13 10:45:13'),
	(176, 89, 'gravel', 99.99, '2015-08-13 10:45:13', '2015-08-13 10:45:13'),
	(177, 90, 'gravel', 99.99, '2015-08-13 10:45:13', '2015-08-13 10:45:13'),
	(178, 91, 'tarmac', 99.99, '2015-08-13 10:45:13', '2015-08-13 10:45:13'),
	(179, 92, 'tarmac', 88.58, '2015-08-13 10:45:13', '2015-08-13 10:45:13'),
	(180, 92, 'gravel', 11.42, '2015-08-13 10:45:13', '2015-08-13 10:45:13'),
	(181, 92, 'rain', 35.43, '2015-08-13 10:45:13', '2015-08-13 10:45:13'),
	(182, 93, 'gravel', 99.99, '2015-08-13 10:45:13', '2015-08-13 10:45:13'),
	(183, 93, 'rain', 47.45, '2015-08-13 10:45:13', '2015-08-13 10:45:13'),
	(184, 94, 'gravel', 44.41, '2015-08-13 10:45:13', '2015-08-13 10:45:13'),
	(185, 94, 'snow', 55.59, '2015-08-13 10:45:13', '2015-08-13 10:45:13'),
	(186, 94, 'rain', 66.30, '2015-08-13 10:45:13', '2015-08-13 10:45:13'),
	(187, 95, 'tarmac', 25.55, '2015-08-13 10:45:13', '2015-08-13 10:45:13'),
	(188, 95, 'snow', 74.45, '2015-08-13 10:45:13', '2015-08-13 10:45:13'),
	(189, 96, 'snow', 99.99, '2015-08-13 10:45:13', '2015-08-13 10:45:13'),
	(190, 97, 'tarmac', 59.94, '2015-08-13 10:45:13', '2015-08-13 10:45:13'),
	(191, 97, 'snow', 40.06, '2015-08-13 10:45:13', '2015-08-13 10:45:13'),
	(192, 98, 'snow', 99.99, '2015-08-13 10:45:13', '2015-08-13 10:45:13'),
	(193, 99, 'tarmac', 99.99, '2015-08-13 10:45:13', '2015-08-13 10:45:13'),
	(194, 99, 'rain', 15.33, '2015-08-13 10:45:13', '2015-08-13 10:45:13'),
	(195, 100, 'gravel', 99.99, '2015-08-13 10:45:13', '2015-08-13 10:45:13'),
	(196, 101, 'tarmac', 21.07, '2015-08-13 10:45:13', '2015-08-13 10:45:13'),
	(197, 101, 'gravel', 78.93, '2015-08-13 10:45:13', '2015-08-13 10:45:13'),
	(198, 101, 'rain', 49.81, '2015-08-13 10:45:13', '2015-08-13 10:45:13'),
	(199, 102, 'snow', 99.99, '2015-08-13 10:45:13', '2015-08-13 10:45:13'),
	(200, 102, 'rain', 27.54, '2015-08-13 10:45:13', '2015-08-13 10:45:13'),
	(201, 103, 'tarmac', 99.99, '2015-08-13 10:45:13', '2015-08-13 10:45:13');
/*!40000 ALTER TABLE `rally_surface` ENABLE KEYS */;


-- Dumping structure for table ral.team_finance
DROP TABLE IF EXISTS `team_finance`;
CREATE TABLE IF NOT EXISTS `team_finance` (
  `id` int(11) NOT NULL AUTO_INCREMENT,
  `team_id` int(11) DEFAULT NULL,
  `amount` int(11) DEFAULT NULL,
  `description` varchar(255) DEFAULT NULL,
  `save_date` datetime DEFAULT NULL,
  `income` tinyint(1) DEFAULT '0',
  `detailed_type` int(11) DEFAULT NULL,
  `created_at` datetime NOT NULL,
  `updated_at` datetime NOT NULL,
  `deleted_at` datetime DEFAULT NULL,
  PRIMARY KEY (`id`),
  KEY `team_id_idx` (`team_id`)
) ENGINE=MyISAM AUTO_INCREMENT=417 DEFAULT CHARSET=utf8;

-- Dumping data for table ral.team_finance: 314 rows
DELETE FROM `team_finance`;
/*!40000 ALTER TABLE `team_finance` DISABLE KEYS */;
INSERT INTO `team_finance` (`id`, `team_id`, `amount`, `description`, `save_date`, `income`, `detailed_type`, `created_at`, `updated_at`, `deleted_at`) VALUES
	(1, 1, 50000, 'Initial FastRally bonus', '2015-08-04 16:27:18', 1, 8, '2015-08-04 16:27:18', '2015-08-04 16:27:18', NULL),
	(2, 2, 50000, 'Initial FastRally bonus', '2015-08-04 16:27:18', 1, 8, '2015-08-04 16:27:18', '2015-08-04 16:27:18', NULL),
	(3, 3, 50000, 'Initial FastRally bonus', '2015-08-05 16:27:18', 1, 8, '2015-08-04 16:27:18', '2015-08-04 16:27:18', NULL),
	(4, 4, 50000, 'Initial FastRally bonus', '2015-07-26 16:27:18', 1, 8, '2015-08-04 16:27:18', '2015-08-04 16:27:18', NULL),
	(5, 5, 50000, 'Initial FastRally bonus', '2015-08-04 16:27:18', 1, 8, '2015-08-04 16:27:18', '2015-08-04 16:27:18', NULL),
	(6, 6, 50000, 'Initial FastRally bonus', '2015-08-04 16:27:18', 1, 8, '2015-08-04 16:27:18', '2015-08-04 16:27:18', NULL),
	(7, 7, 50000, 'Initial FastRally bonus', '2015-08-04 16:27:18', 1, 8, '2015-08-04 16:27:18', '2015-08-04 16:27:18', NULL),
	(8, 8, 50000, 'Initial FastRally bonus', '2015-08-04 16:27:19', 1, 8, '2015-08-04 16:27:19', '2015-08-04 16:27:19', NULL),
	(9, 9, 50000, 'Initial FastRally bonus', '2015-08-04 16:27:19', 1, 8, '2015-08-04 16:27:19', '2015-08-04 16:27:19', NULL),
	(10, 10, 50000, 'Initial FastRally bonus', '2015-08-04 16:27:19', 1, 8, '2015-08-04 16:27:19', '2015-08-04 16:27:19', NULL),
	(11, 11, 50000, 'Initial FastRally bonus', '2015-08-04 16:27:19', 1, 8, '2015-08-04 16:27:19', '2015-08-04 16:27:19', NULL),
	(12, 12, 50000, 'Initial FastRally bonus', '2015-08-04 16:27:19', 1, 8, '2015-08-04 16:27:19', '2015-08-04 16:27:19', NULL),
	(13, 13, 50000, 'Initial FastRally bonus', '2015-08-04 16:27:19', 1, 8, '2015-08-04 16:27:19', '2015-08-04 16:27:19', NULL),
	(14, 14, 50000, 'Initial FastRally bonus', '2015-08-04 16:27:19', 1, 8, '2015-08-04 16:27:19', '2015-08-04 16:27:19', NULL),
	(15, 15, 50000, 'Initial FastRally bonus', '2015-08-04 16:27:19', 1, 8, '2015-08-04 16:27:19', '2015-08-04 16:27:19', NULL),
	(16, 16, 50000, 'Initial FastRally bonus', '2015-08-04 17:01:16', 1, 8, '2015-08-04 17:01:16', '2015-08-04 17:01:16', NULL),
	(17, 17, 50000, 'Initial FastRally bonus', '2015-08-04 17:18:34', 1, 8, '2015-08-04 17:18:34', '2015-08-04 17:18:34', NULL),
	(18, 14, 5000, 'Putting player Seb Exum on transfer list', '2015-08-05 10:08:36', 0, 6, '2015-08-05 10:08:36', '2015-08-05 10:08:36', NULL),
	(19, 14, 150, 'Putting player James Kowalski on transfer list', '2015-08-05 10:08:47', 0, 6, '2015-08-05 10:08:47', '2015-08-05 10:08:47', NULL),
	(20, 13, 150, 'Putting player Andrew House on transfer list', '2015-08-05 10:12:49', 0, 6, '2015-08-05 10:12:49', '2015-08-05 10:12:49', NULL),
	(21, 13, 550, 'Arrival of player James Kowalski', '2015-08-05 10:56:28', 0, 6, '2015-08-05 10:56:28', '2015-08-05 10:56:28', NULL),
	(22, 14, 550, 'Sell of player James Kowalski', '2015-08-05 10:56:28', 1, 3, '2015-08-05 10:56:28', '2015-08-05 10:56:28', NULL),
	(23, 3, 804, 'Arrival of player James Kowalski', '2015-08-05 11:00:58', 0, 6, '2015-08-05 11:00:58', '2015-08-05 11:00:58', NULL),
	(24, 14, 804, 'Sell of player James Kowalski', '2015-08-05 11:00:58', 1, 3, '2015-08-05 11:00:58', '2015-08-05 11:00:58', NULL),
	(25, 1, 150, 'Putting car Mitsubishi Lancer Pro Evo X #5664 on market', '2015-08-05 11:04:21', 0, 6, '2015-08-05 11:04:21', '2015-08-05 11:04:21', NULL),
	(26, 11, 150, 'Putting car Mitsubishi Lancer Pro Evo X #21409 on market', '2015-08-05 11:14:34', 0, 6, '2015-08-05 11:14:34', '2015-08-05 11:14:34', NULL),
	(27, 3, 2655, 'Arrival of car Mitsubishi Lancer Pro Evo X #5664', '2015-08-05 11:25:26', 0, 6, '2015-08-05 11:25:26', '2015-08-05 11:25:26', NULL),
	(28, 1, 2655, 'Sell of player Mitsubishi Lancer Pro Evo X #5664', '2015-08-05 11:25:26', 1, 3, '2015-08-05 11:25:26', '2015-08-05 11:25:26', NULL),
	(29, 3, 2655, 'Arrival of car Mitsubishi Lancer Pro Evo X #5664', '2015-08-05 11:26:03', 0, 6, '2015-08-05 11:26:03', '2015-08-05 11:26:03', NULL),
	(30, 1, 2655, 'Sell of player Mitsubishi Lancer Pro Evo X #5664', '2015-08-05 11:26:03', 1, 3, '2015-08-05 11:26:03', '2015-08-05 11:26:03', NULL),
	(31, 8, 150, 'Putting car Fiat punto #17685 on market', '2015-08-05 11:34:48', 0, 6, '2015-08-05 11:34:48', '2015-08-05 11:34:48', NULL),
	(32, 3, 2, 'Bought car Fiat punto #17685', '2015-08-05 11:42:32', 0, 6, '2015-08-05 11:42:32', '2015-08-05 11:42:32', NULL),
	(33, 8, 2, 'Sold car Fiat punto #17685', '2015-08-05 11:42:32', 1, 3, '2015-08-05 11:42:32', '2015-08-05 11:42:32', NULL),
	(34, 6, 150, 'Putting car Auto 4 #21735 on market', '2015-08-05 11:45:36', 0, 6, '2015-08-05 11:45:36', '2015-08-05 11:45:36', NULL),
	(35, 15, 150, 'Putting car Auto 4 #1357 on market', '2015-08-05 11:53:19', 0, 6, '2015-08-05 11:53:19', '2015-08-05 11:53:19', NULL),
	(36, 13, 46300, 'Car Subaru Impreza 2.0 P1 was bought', '2015-08-05 12:20:13', 0, 7, '2015-08-05 12:20:13', '2015-08-05 12:20:13', NULL),
	(37, 18, 50000, 'Initial FastRally bonus', '2015-08-05 16:00:53', 1, 8, '2015-08-05 16:00:53', '2015-08-05 16:00:53', NULL),
	(38, 1, 11000, 'Car Proton Satria Neo Sport was bought', '2015-08-11 17:27:28', 0, 7, '2015-08-11 17:27:28', '2015-08-11 17:27:28', NULL),
	(39, 6, 25000, 'Car Alfa Romeo Junior was bought', '2015-08-11 17:33:15', 0, 7, '2015-08-11 17:33:15', '2015-08-11 17:33:15', NULL),
	(40, 8, 34000, 'Car Renault Clio III was bought', '2015-08-11 17:39:28', 0, 7, '2015-08-11 17:39:28', '2015-08-11 17:39:28', NULL),
	(41, 13, 2195, 'Bought car Mitsubishi Lancer Evo IX GT340 #5', '2015-08-12 02:20:01', 0, 6, '2015-08-12 02:20:01', '2015-08-12 02:20:01', NULL),
	(42, 6, 2195, 'Sold car Mitsubishi Lancer Evo IX GT340 #5', '2015-08-12 02:20:01', 1, 3, '2015-08-12 02:20:01', '2015-08-12 02:20:01', NULL),
	(43, 1, 55440, 'For 1st place in rally Rally Monte Carlo', '2015-08-12 13:45:02', 1, 1, '2015-08-12 13:45:02', '2015-08-12 13:45:02', NULL),
	(44, 8, 38640, 'For 2nd place in rally Rally Monte Carlo', '2015-08-12 13:45:02', 1, 1, '2015-08-12 13:45:02', '2015-08-12 13:45:02', NULL),
	(45, 11, 23520, 'For 3rd place in rally Rally Monte Carlo', '2015-08-12 13:45:02', 1, 1, '2015-08-12 13:45:02', '2015-08-12 13:45:02', NULL),
	(46, 10, 13440, 'For 4th place in rally Rally Monte Carlo', '2015-08-12 13:45:02', 1, 1, '2015-08-12 13:45:02', '2015-08-12 13:45:02', NULL),
	(47, 2, 11760, 'For 5th place in rally Rally Monte Carlo', '2015-08-12 13:45:02', 1, 1, '2015-08-12 13:45:02', '2015-08-12 13:45:02', NULL),
	(48, 6, 10080, 'For 6th place in rally Rally Monte Carlo', '2015-08-12 13:45:02', 1, 1, '2015-08-12 13:45:02', '2015-08-12 13:45:02', NULL),
	(49, 3, 8400, 'For 7th place in rally Rally Monte Carlo', '2015-08-12 13:45:02', 1, 1, '2015-08-12 13:45:02', '2015-08-12 13:45:02', NULL),
	(50, 9, 6720, 'For 8th place in rally Rally Monte Carlo', '2015-08-12 13:45:02', 1, 1, '2015-08-12 13:45:02', '2015-08-12 13:45:02', NULL),
	(51, 1, 55440, 'For 1st place in rally Rally Monte Carlo', '2015-08-12 15:53:46', 1, 1, '2015-08-12 15:53:46', '2015-08-12 15:53:46', NULL),
	(52, 8, 38640, 'For 2nd place in rally Rally Monte Carlo', '2015-08-12 15:53:46', 1, 1, '2015-08-12 15:53:46', '2015-08-12 15:53:46', NULL),
	(53, 11, 23520, 'For 3rd place in rally Rally Monte Carlo', '2015-08-12 15:53:46', 1, 1, '2015-08-12 15:53:46', '2015-08-12 15:53:46', NULL),
	(54, 10, 13440, 'For 4th place in rally Rally Monte Carlo', '2015-08-12 15:53:46', 1, 1, '2015-08-12 15:53:46', '2015-08-12 15:53:46', NULL),
	(55, 2, 11760, 'For 5th place in rally Rally Monte Carlo', '2015-08-12 15:53:46', 1, 1, '2015-08-12 15:53:46', '2015-08-12 15:53:46', NULL),
	(56, 6, 10080, 'For 6th place in rally Rally Monte Carlo', '2015-08-12 15:53:46', 1, 1, '2015-08-12 15:53:46', '2015-08-12 15:53:46', NULL),
	(57, 3, 8400, 'For 7th place in rally Rally Monte Carlo', '2015-08-12 15:53:46', 1, 1, '2015-08-12 15:53:46', '2015-08-12 15:53:46', NULL),
	(58, 9, 6720, 'For 8th place in rally Rally Monte Carlo', '2015-08-12 15:53:46', 1, 1, '2015-08-12 15:53:46', '2015-08-12 15:53:46', NULL),
	(59, 1, 55440, 'For 1st place in rally Rally Monte Carlo', '2015-08-12 15:57:43', 1, 1, '2015-08-12 15:57:43', '2015-08-12 15:57:43', NULL),
	(60, 8, 38640, 'For 2nd place in rally Rally Monte Carlo', '2015-08-12 15:57:44', 1, 1, '2015-08-12 15:57:44', '2015-08-12 15:57:44', NULL),
	(61, 11, 23520, 'For 3rd place in rally Rally Monte Carlo', '2015-08-12 15:57:44', 1, 1, '2015-08-12 15:57:44', '2015-08-12 15:57:44', NULL),
	(62, 10, 13440, 'For 4th place in rally Rally Monte Carlo', '2015-08-12 15:57:44', 1, 1, '2015-08-12 15:57:44', '2015-08-12 15:57:44', NULL),
	(63, 2, 11760, 'For 5th place in rally Rally Monte Carlo', '2015-08-12 15:57:44', 1, 1, '2015-08-12 15:57:44', '2015-08-12 15:57:44', NULL),
	(64, 6, 10080, 'For 6th place in rally Rally Monte Carlo', '2015-08-12 15:57:44', 1, 1, '2015-08-12 15:57:44', '2015-08-12 15:57:44', NULL),
	(65, 3, 8400, 'For 7th place in rally Rally Monte Carlo', '2015-08-12 15:57:44', 1, 1, '2015-08-12 15:57:44', '2015-08-12 15:57:44', NULL),
	(66, 9, 6720, 'For 8th place in rally Rally Monte Carlo', '2015-08-12 15:57:44', 1, 1, '2015-08-12 15:57:44', '2015-08-12 15:57:44', NULL),
	(67, 1, 55440, 'For 1st place in rally Rally Monte Carlo', '2015-08-12 16:00:38', 1, 1, '2015-08-12 16:00:38', '2015-08-12 16:00:38', NULL),
	(68, 8, 38640, 'For 2nd place in rally Rally Monte Carlo', '2015-08-12 16:00:38', 1, 1, '2015-08-12 16:00:38', '2015-08-12 16:00:38', NULL),
	(69, 11, 23520, 'For 3rd place in rally Rally Monte Carlo', '2015-08-12 16:00:38', 1, 1, '2015-08-12 16:00:38', '2015-08-12 16:00:38', NULL),
	(70, 2, 13440, 'For 4th place in rally Rally Monte Carlo', '2015-08-12 16:00:38', 1, 1, '2015-08-12 16:00:38', '2015-08-12 16:00:38', NULL),
	(71, 10, 11760, 'For 5th place in rally Rally Monte Carlo', '2015-08-12 16:00:38', 1, 1, '2015-08-12 16:00:38', '2015-08-12 16:00:38', NULL),
	(72, 3, 10080, 'For 6th place in rally Rally Monte Carlo', '2015-08-12 16:00:38', 1, 1, '2015-08-12 16:00:38', '2015-08-12 16:00:38', NULL),
	(73, 6, 8400, 'For 7th place in rally Rally Monte Carlo', '2015-08-12 16:00:38', 1, 1, '2015-08-12 16:00:38', '2015-08-12 16:00:38', NULL),
	(74, 3, 6720, 'For 8th place in rally Rally Monte Carlo', '2015-08-12 16:00:38', 1, 1, '2015-08-12 16:00:38', '2015-08-12 16:00:38', NULL),
	(75, 1, 55440, 'For 1st place in rally Rally Monte Carlo', '2015-08-12 16:02:02', 1, 1, '2015-08-12 16:02:02', '2015-08-12 16:02:02', NULL),
	(76, 8, 38640, 'For 2nd place in rally Rally Monte Carlo', '2015-08-12 16:02:02', 1, 1, '2015-08-12 16:02:02', '2015-08-12 16:02:02', NULL),
	(77, 11, 23520, 'For 3rd place in rally Rally Monte Carlo', '2015-08-12 16:02:02', 1, 1, '2015-08-12 16:02:02', '2015-08-12 16:02:02', NULL),
	(78, 10, 13440, 'For 4th place in rally Rally Monte Carlo', '2015-08-12 16:02:02', 1, 1, '2015-08-12 16:02:02', '2015-08-12 16:02:02', NULL),
	(79, 2, 11760, 'For 5th place in rally Rally Monte Carlo', '2015-08-12 16:02:02', 1, 1, '2015-08-12 16:02:02', '2015-08-12 16:02:02', NULL),
	(80, 6, 10080, 'For 6th place in rally Rally Monte Carlo', '2015-08-12 16:02:02', 1, 1, '2015-08-12 16:02:02', '2015-08-12 16:02:02', NULL),
	(81, 3, 8400, 'For 7th place in rally Rally Monte Carlo', '2015-08-12 16:02:02', 1, 1, '2015-08-12 16:02:02', '2015-08-12 16:02:02', NULL),
	(82, 9, 6720, 'For 8th place in rally Rally Monte Carlo', '2015-08-12 16:02:02', 1, 1, '2015-08-12 16:02:02', '2015-08-12 16:02:02', NULL),
	(83, 1, 55440, 'For 1st place in rally Rally Monte Carlo', '2015-08-12 16:25:56', 1, 1, '2015-08-12 16:25:56', '2015-08-12 16:25:56', NULL),
	(84, 8, 38640, 'For 2nd place in rally Rally Monte Carlo', '2015-08-12 16:25:56', 1, 1, '2015-08-12 16:25:56', '2015-08-12 16:25:56', NULL),
	(85, 2, 23520, 'For 3rd place in rally Rally Monte Carlo', '2015-08-12 16:25:56', 1, 1, '2015-08-12 16:25:56', '2015-08-12 16:25:56', NULL),
	(86, 11, 13440, 'For 4th place in rally Rally Monte Carlo', '2015-08-12 16:25:56', 1, 1, '2015-08-12 16:25:56', '2015-08-12 16:25:56', NULL),
	(87, 10, 11760, 'For 5th place in rally Rally Monte Carlo', '2015-08-12 16:25:56', 1, 1, '2015-08-12 16:25:56', '2015-08-12 16:25:56', NULL),
	(88, 6, 10080, 'For 6th place in rally Rally Monte Carlo', '2015-08-12 16:25:56', 1, 1, '2015-08-12 16:25:56', '2015-08-12 16:25:56', NULL),
	(89, 3, 8400, 'For 7th place in rally Rally Monte Carlo', '2015-08-12 16:25:56', 1, 1, '2015-08-12 16:25:56', '2015-08-12 16:25:56', NULL),
	(90, 3, 6720, 'For 8th place in rally Rally Monte Carlo', '2015-08-12 16:25:56', 1, 1, '2015-08-12 16:25:56', '2015-08-12 16:25:56', NULL),
	(91, 1, 55440, 'For 1st place in rally Rally Monte Carlo', '2015-08-12 16:49:17', 1, 1, '2015-08-12 16:49:17', '2015-08-12 16:49:17', NULL),
	(92, 8, 38640, 'For 2nd place in rally Rally Monte Carlo', '2015-08-12 16:49:17', 1, 1, '2015-08-12 16:49:17', '2015-08-12 16:49:17', NULL),
	(93, 11, 23520, 'For 3rd place in rally Rally Monte Carlo', '2015-08-12 16:49:17', 1, 1, '2015-08-12 16:49:17', '2015-08-12 16:49:17', NULL),
	(94, 2, 13440, 'For 4th place in rally Rally Monte Carlo', '2015-08-12 16:49:17', 1, 1, '2015-08-12 16:49:17', '2015-08-12 16:49:17', NULL),
	(95, 10, 11760, 'For 5th place in rally Rally Monte Carlo', '2015-08-12 16:49:17', 1, 1, '2015-08-12 16:49:17', '2015-08-12 16:49:17', NULL),
	(96, 3, 10080, 'For 6th place in rally Rally Monte Carlo', '2015-08-12 16:49:17', 1, 1, '2015-08-12 16:49:17', '2015-08-12 16:49:17', NULL),
	(97, 9, 8400, 'For 7th place in rally Rally Monte Carlo', '2015-08-12 16:49:17', 1, 1, '2015-08-12 16:49:17', '2015-08-12 16:49:17', NULL),
	(98, 3, 6720, 'For 8th place in rally Rally Monte Carlo', '2015-08-12 16:49:17', 1, 1, '2015-08-12 16:49:17', '2015-08-12 16:49:17', NULL),
	(99, 10, 55440, 'For 1st place in rally Rally Monte Carlo', '2015-08-12 17:04:50', 1, 1, '2015-08-12 17:04:50', '2015-08-12 17:04:50', NULL),
	(100, 11, 38640, 'For 2nd place in rally Rally Monte Carlo', '2015-08-12 17:04:50', 1, 1, '2015-08-12 17:04:50', '2015-08-12 17:04:50', NULL),
	(101, 2, 23520, 'For 3rd place in rally Rally Monte Carlo', '2015-08-12 17:04:50', 1, 1, '2015-08-12 17:04:50', '2015-08-12 17:04:50', NULL),
	(102, 3, 13440, 'For 4th place in rally Rally Monte Carlo', '2015-08-12 17:04:50', 1, 1, '2015-08-12 17:04:50', '2015-08-12 17:04:50', NULL),
	(103, 9, 11760, 'For 5th place in rally Rally Monte Carlo', '2015-08-12 17:04:50', 1, 1, '2015-08-12 17:04:50', '2015-08-12 17:04:50', NULL),
	(104, 4, 10080, 'For 6th place in rally Rally Monte Carlo', '2015-08-12 17:04:50', 1, 1, '2015-08-12 17:04:50', '2015-08-12 17:04:50', NULL),
	(105, 1, 8400, 'For 7th place in rally Rally Monte Carlo', '2015-08-12 17:04:50', 1, 1, '2015-08-12 17:04:50', '2015-08-12 17:04:50', NULL),
	(106, 3, 6720, 'For 8th place in rally Rally Monte Carlo', '2015-08-12 17:04:50', 1, 1, '2015-08-12 17:04:50', '2015-08-12 17:04:50', NULL),
	(107, 10, 55440, 'For 1st place in rally Rally Monte Carlo', '2015-08-12 17:04:58', 1, 1, '2015-08-12 17:04:58', '2015-08-12 17:04:58', NULL),
	(108, 11, 38640, 'For 2nd place in rally Rally Monte Carlo', '2015-08-12 17:04:58', 1, 1, '2015-08-12 17:04:58', '2015-08-12 17:04:58', NULL),
	(109, 2, 23520, 'For 3rd place in rally Rally Monte Carlo', '2015-08-12 17:04:58', 1, 1, '2015-08-12 17:04:58', '2015-08-12 17:04:58', NULL),
	(110, 3, 13440, 'For 4th place in rally Rally Monte Carlo', '2015-08-12 17:04:58', 1, 1, '2015-08-12 17:04:58', '2015-08-12 17:04:58', NULL),
	(111, 9, 11760, 'For 5th place in rally Rally Monte Carlo', '2015-08-12 17:04:58', 1, 1, '2015-08-12 17:04:58', '2015-08-12 17:04:58', NULL),
	(112, 4, 10080, 'For 6th place in rally Rally Monte Carlo', '2015-08-12 17:04:58', 1, 1, '2015-08-12 17:04:58', '2015-08-12 17:04:58', NULL),
	(113, 1, 8400, 'For 7th place in rally Rally Monte Carlo', '2015-08-12 17:04:58', 1, 1, '2015-08-12 17:04:58', '2015-08-12 17:04:58', NULL),
	(114, 3, 6720, 'For 8th place in rally Rally Monte Carlo', '2015-08-12 17:04:58', 1, 1, '2015-08-12 17:04:58', '2015-08-12 17:04:58', NULL),
	(115, 10, 55440, 'For 1st place in rally Rally Monte Carlo', '2015-08-12 17:07:49', 1, 1, '2015-08-12 17:07:49', '2015-08-12 17:07:49', NULL),
	(116, 11, 38640, 'For 2nd place in rally Rally Monte Carlo', '2015-08-12 17:07:49', 1, 1, '2015-08-12 17:07:49', '2015-08-12 17:07:49', NULL),
	(117, 2, 23520, 'For 3rd place in rally Rally Monte Carlo', '2015-08-12 17:07:49', 1, 1, '2015-08-12 17:07:49', '2015-08-12 17:07:49', NULL),
	(118, 9, 13440, 'For 4th place in rally Rally Monte Carlo', '2015-08-12 17:07:49', 1, 1, '2015-08-12 17:07:49', '2015-08-12 17:07:49', NULL),
	(119, 3, 11760, 'For 5th place in rally Rally Monte Carlo', '2015-08-12 17:07:49', 1, 1, '2015-08-12 17:07:49', '2015-08-12 17:07:49', NULL),
	(120, 4, 10080, 'For 6th place in rally Rally Monte Carlo', '2015-08-12 17:07:49', 1, 1, '2015-08-12 17:07:49', '2015-08-12 17:07:49', NULL),
	(121, 1, 8400, 'For 7th place in rally Rally Monte Carlo', '2015-08-12 17:07:49', 1, 1, '2015-08-12 17:07:49', '2015-08-12 17:07:49', NULL),
	(122, 3, 6720, 'For 8th place in rally Rally Monte Carlo', '2015-08-12 17:07:49', 1, 1, '2015-08-12 17:07:49', '2015-08-12 17:07:49', NULL),
	(123, 7, 55440, 'For 1st place in rally Rally Monte Carlo', '2015-08-12 17:45:50', 1, 1, '2015-08-12 17:45:50', '2015-08-12 17:45:50', NULL),
	(124, 6, 38640, 'For 2nd place in rally Rally Monte Carlo', '2015-08-12 17:45:50', 1, 1, '2015-08-12 17:45:50', '2015-08-12 17:45:50', NULL),
	(125, 3, 23520, 'For 3rd place in rally Rally Monte Carlo', '2015-08-12 17:45:50', 1, 1, '2015-08-12 17:45:50', '2015-08-12 17:45:50', NULL),
	(126, 4, 13440, 'For 4th place in rally Rally Monte Carlo', '2015-08-12 17:45:50', 1, 1, '2015-08-12 17:45:50', '2015-08-12 17:45:50', NULL),
	(127, 10, 11760, 'For 5th place in rally Rally Monte Carlo', '2015-08-12 17:45:50', 1, 1, '2015-08-12 17:45:50', '2015-08-12 17:45:50', NULL),
	(128, 9, 10080, 'For 6th place in rally Rally Monte Carlo', '2015-08-12 17:45:50', 1, 1, '2015-08-12 17:45:50', '2015-08-12 17:45:50', NULL),
	(129, 11, 8400, 'For 7th place in rally Rally Monte Carlo', '2015-08-12 17:45:50', 1, 1, '2015-08-12 17:45:50', '2015-08-12 17:45:50', NULL),
	(130, 12, 6720, 'For 8th place in rally Rally Monte Carlo', '2015-08-12 17:45:50', 1, 1, '2015-08-12 17:45:50', '2015-08-12 17:45:50', NULL),
	(131, 7, 55440, 'For 1st place in rally Rally Monte Carlo', '2015-08-12 17:47:49', 1, 1, '2015-08-12 17:47:49', '2015-08-12 17:47:49', NULL),
	(132, 4, 38640, 'For 2nd place in rally Rally Monte Carlo', '2015-08-12 17:47:49', 1, 1, '2015-08-12 17:47:49', '2015-08-12 17:47:49', NULL),
	(133, 6, 23520, 'For 3rd place in rally Rally Monte Carlo', '2015-08-12 17:47:49', 1, 1, '2015-08-12 17:47:49', '2015-08-12 17:47:49', NULL),
	(134, 10, 13440, 'For 4th place in rally Rally Monte Carlo', '2015-08-12 17:47:49', 1, 1, '2015-08-12 17:47:49', '2015-08-12 17:47:49', NULL),
	(135, 3, 11760, 'For 5th place in rally Rally Monte Carlo', '2015-08-12 17:47:50', 1, 1, '2015-08-12 17:47:50', '2015-08-12 17:47:50', NULL),
	(136, 9, 10080, 'For 6th place in rally Rally Monte Carlo', '2015-08-12 17:47:50', 1, 1, '2015-08-12 17:47:50', '2015-08-12 17:47:50', NULL),
	(137, 2, 8400, 'For 7th place in rally Rally Monte Carlo', '2015-08-12 17:47:50', 1, 1, '2015-08-12 17:47:50', '2015-08-12 17:47:50', NULL),
	(138, 11, 6720, 'For 8th place in rally Rally Monte Carlo', '2015-08-12 17:47:50', 1, 1, '2015-08-12 17:47:50', '2015-08-12 17:47:50', NULL),
	(139, 7, 55440, 'For 1st place in rally Rally Monte Carlo', '2015-08-12 17:48:45', 1, 1, '2015-08-12 17:48:45', '2015-08-12 17:48:45', NULL),
	(140, 4, 38640, 'For 2nd place in rally Rally Monte Carlo', '2015-08-12 17:48:45', 1, 1, '2015-08-12 17:48:45', '2015-08-12 17:48:45', NULL),
	(141, 3, 23520, 'For 3rd place in rally Rally Monte Carlo', '2015-08-12 17:48:45', 1, 1, '2015-08-12 17:48:45', '2015-08-12 17:48:45', NULL),
	(142, 6, 13440, 'For 4th place in rally Rally Monte Carlo', '2015-08-12 17:48:45', 1, 1, '2015-08-12 17:48:45', '2015-08-12 17:48:45', NULL),
	(143, 10, 11760, 'For 5th place in rally Rally Monte Carlo', '2015-08-12 17:48:45', 1, 1, '2015-08-12 17:48:45', '2015-08-12 17:48:45', NULL),
	(144, 9, 10080, 'For 6th place in rally Rally Monte Carlo', '2015-08-12 17:48:45', 1, 1, '2015-08-12 17:48:45', '2015-08-12 17:48:45', NULL),
	(145, 11, 8400, 'For 7th place in rally Rally Monte Carlo', '2015-08-12 17:48:45', 1, 1, '2015-08-12 17:48:45', '2015-08-12 17:48:45', NULL),
	(146, 5, 6720, 'For 8th place in rally Rally Monte Carlo', '2015-08-12 17:48:45', 1, 1, '2015-08-12 17:48:45', '2015-08-12 17:48:45', NULL),
	(147, 7, 55440, 'For 1st place in rally Rally Monte Carlo', '2015-08-12 17:49:44', 1, 1, '2015-08-12 17:49:44', '2015-08-12 17:49:44', NULL),
	(148, 4, 38640, 'For 2nd place in rally Rally Monte Carlo', '2015-08-12 17:49:44', 1, 1, '2015-08-12 17:49:44', '2015-08-12 17:49:44', NULL),
	(149, 3, 23520, 'For 3rd place in rally Rally Monte Carlo', '2015-08-12 17:49:44', 1, 1, '2015-08-12 17:49:44', '2015-08-12 17:49:44', NULL),
	(150, 6, 13440, 'For 4th place in rally Rally Monte Carlo', '2015-08-12 17:49:44', 1, 1, '2015-08-12 17:49:44', '2015-08-12 17:49:44', NULL),
	(151, 10, 11760, 'For 5th place in rally Rally Monte Carlo', '2015-08-12 17:49:44', 1, 1, '2015-08-12 17:49:44', '2015-08-12 17:49:44', NULL),
	(152, 9, 10080, 'For 6th place in rally Rally Monte Carlo', '2015-08-12 17:49:44', 1, 1, '2015-08-12 17:49:44', '2015-08-12 17:49:44', NULL),
	(153, 2, 8400, 'For 7th place in rally Rally Monte Carlo', '2015-08-12 17:49:44', 1, 1, '2015-08-12 17:49:44', '2015-08-12 17:49:44', NULL),
	(154, 11, 6720, 'For 8th place in rally Rally Monte Carlo', '2015-08-12 17:49:44', 1, 1, '2015-08-12 17:49:44', '2015-08-12 17:49:44', NULL),
	(155, 7, 55440, 'For 1st place in rally Rally Monte Carlo', '2015-08-12 17:51:10', 1, 1, '2015-08-12 17:51:10', '2015-08-12 17:51:10', NULL),
	(156, 6, 38640, 'For 2nd place in rally Rally Monte Carlo', '2015-08-12 17:51:10', 1, 1, '2015-08-12 17:51:10', '2015-08-12 17:51:10', NULL),
	(157, 4, 23520, 'For 3rd place in rally Rally Monte Carlo', '2015-08-12 17:51:10', 1, 1, '2015-08-12 17:51:10', '2015-08-12 17:51:10', NULL),
	(158, 10, 13440, 'For 4th place in rally Rally Monte Carlo', '2015-08-12 17:51:10', 1, 1, '2015-08-12 17:51:10', '2015-08-12 17:51:10', NULL),
	(159, 9, 11760, 'For 5th place in rally Rally Monte Carlo', '2015-08-12 17:51:10', 1, 1, '2015-08-12 17:51:10', '2015-08-12 17:51:10', NULL),
	(160, 3, 10080, 'For 6th place in rally Rally Monte Carlo', '2015-08-12 17:51:10', 1, 1, '2015-08-12 17:51:10', '2015-08-12 17:51:10', NULL),
	(161, 11, 8400, 'For 7th place in rally Rally Monte Carlo', '2015-08-12 17:51:10', 1, 1, '2015-08-12 17:51:10', '2015-08-12 17:51:10', NULL),
	(162, 12, 6720, 'For 8th place in rally Rally Monte Carlo', '2015-08-12 17:51:10', 1, 1, '2015-08-12 17:51:10', '2015-08-12 17:51:10', NULL),
	(163, 10, 55440, 'For 1st place in rally Rally Monte Carlo', '2015-08-12 17:51:51', 1, 1, '2015-08-12 17:51:51', '2015-08-12 17:51:51', NULL),
	(164, 11, 38640, 'For 2nd place in rally Rally Monte Carlo', '2015-08-12 17:51:51', 1, 1, '2015-08-12 17:51:51', '2015-08-12 17:51:51', NULL),
	(165, 2, 23520, 'For 3rd place in rally Rally Monte Carlo', '2015-08-12 17:51:51', 1, 1, '2015-08-12 17:51:51', '2015-08-12 17:51:51', NULL),
	(166, 9, 13440, 'For 4th place in rally Rally Monte Carlo', '2015-08-12 17:51:51', 1, 1, '2015-08-12 17:51:51', '2015-08-12 17:51:51', NULL),
	(167, 3, 11760, 'For 5th place in rally Rally Monte Carlo', '2015-08-12 17:51:51', 1, 1, '2015-08-12 17:51:51', '2015-08-12 17:51:51', NULL),
	(168, 4, 10080, 'For 6th place in rally Rally Monte Carlo', '2015-08-12 17:51:51', 1, 1, '2015-08-12 17:51:51', '2015-08-12 17:51:51', NULL),
	(169, 3, 8400, 'For 7th place in rally Rally Monte Carlo', '2015-08-12 17:51:51', 1, 1, '2015-08-12 17:51:51', '2015-08-12 17:51:51', NULL),
	(170, 5, 6720, 'For 8th place in rally Rally Monte Carlo', '2015-08-12 17:51:51', 1, 1, '2015-08-12 17:51:51', '2015-08-12 17:51:51', NULL),
	(171, 10, 55440, 'For 1st place in rally Rally Monte Carlo', '2015-08-12 17:52:21', 1, 1, '2015-08-12 17:52:21', '2015-08-12 17:52:21', NULL),
	(172, 11, 38640, 'For 2nd place in rally Rally Monte Carlo', '2015-08-12 17:52:21', 1, 1, '2015-08-12 17:52:21', '2015-08-12 17:52:21', NULL),
	(173, 2, 23520, 'For 3rd place in rally Rally Monte Carlo', '2015-08-12 17:52:21', 1, 1, '2015-08-12 17:52:21', '2015-08-12 17:52:21', NULL),
	(174, 3, 13440, 'For 4th place in rally Rally Monte Carlo', '2015-08-12 17:52:21', 1, 1, '2015-08-12 17:52:21', '2015-08-12 17:52:21', NULL),
	(175, 9, 11760, 'For 5th place in rally Rally Monte Carlo', '2015-08-12 17:52:21', 1, 1, '2015-08-12 17:52:21', '2015-08-12 17:52:21', NULL),
	(176, 4, 10080, 'For 6th place in rally Rally Monte Carlo', '2015-08-12 17:52:21', 1, 1, '2015-08-12 17:52:21', '2015-08-12 17:52:21', NULL),
	(177, 6, 8400, 'For 7th place in rally Rally Monte Carlo', '2015-08-12 17:52:22', 1, 1, '2015-08-12 17:52:22', '2015-08-12 17:52:22', NULL),
	(178, 5, 6720, 'For 8th place in rally Rally Monte Carlo', '2015-08-12 17:52:22', 1, 1, '2015-08-12 17:52:22', '2015-08-12 17:52:22', NULL),
	(179, 10, 55440, 'For 1st place in rally Rally Monte Carlo', '2015-08-12 17:52:59', 1, 1, '2015-08-12 17:52:59', '2015-08-12 17:52:59', NULL),
	(180, 11, 38640, 'For 2nd place in rally Rally Monte Carlo', '2015-08-12 17:52:59', 1, 1, '2015-08-12 17:52:59', '2015-08-12 17:52:59', NULL),
	(181, 2, 23520, 'For 3rd place in rally Rally Monte Carlo', '2015-08-12 17:52:59', 1, 1, '2015-08-12 17:52:59', '2015-08-12 17:52:59', NULL),
	(182, 3, 13440, 'For 4th place in rally Rally Monte Carlo', '2015-08-12 17:52:59', 1, 1, '2015-08-12 17:52:59', '2015-08-12 17:52:59', NULL),
	(183, 9, 11760, 'For 5th place in rally Rally Monte Carlo', '2015-08-12 17:52:59', 1, 1, '2015-08-12 17:52:59', '2015-08-12 17:52:59', NULL),
	(184, 4, 10080, 'For 6th place in rally Rally Monte Carlo', '2015-08-12 17:52:59', 1, 1, '2015-08-12 17:52:59', '2015-08-12 17:52:59', NULL),
	(185, 6, 8400, 'For 7th place in rally Rally Monte Carlo', '2015-08-12 17:52:59', 1, 1, '2015-08-12 17:52:59', '2015-08-12 17:52:59', NULL),
	(186, 3, 6720, 'For 8th place in rally Rally Monte Carlo', '2015-08-12 17:52:59', 1, 1, '2015-08-12 17:52:59', '2015-08-12 17:52:59', NULL),
	(187, 10, 55440, 'For 1st place in rally Rally Monte Carlo', '2015-08-12 17:53:45', 1, 1, '2015-08-12 17:53:45', '2015-08-12 17:53:45', NULL),
	(188, 11, 38640, 'For 2nd place in rally Rally Monte Carlo', '2015-08-12 17:53:45', 1, 1, '2015-08-12 17:53:45', '2015-08-12 17:53:45', NULL),
	(189, 2, 23520, 'For 3rd place in rally Rally Monte Carlo', '2015-08-12 17:53:45', 1, 1, '2015-08-12 17:53:45', '2015-08-12 17:53:45', NULL),
	(190, 3, 13440, 'For 4th place in rally Rally Monte Carlo', '2015-08-12 17:53:45', 1, 1, '2015-08-12 17:53:45', '2015-08-12 17:53:45', NULL),
	(191, 4, 11760, 'For 5th place in rally Rally Monte Carlo', '2015-08-12 17:53:45', 1, 1, '2015-08-12 17:53:45', '2015-08-12 17:53:45', NULL),
	(192, 9, 10080, 'For 6th place in rally Rally Monte Carlo', '2015-08-12 17:53:45', 1, 1, '2015-08-12 17:53:45', '2015-08-12 17:53:45', NULL),
	(193, 6, 8400, 'For 7th place in rally Rally Monte Carlo', '2015-08-12 17:53:45', 1, 1, '2015-08-12 17:53:45', '2015-08-12 17:53:45', NULL),
	(194, 5, 6720, 'For 8th place in rally Rally Monte Carlo', '2015-08-12 17:53:45', 1, 1, '2015-08-12 17:53:45', '2015-08-12 17:53:45', NULL),
	(195, 10, 55440, 'For 1st place in rally Rally Monte Carlo', '2015-08-12 17:55:18', 1, 1, '2015-08-12 17:55:18', '2015-08-12 17:55:18', NULL),
	(196, 11, 38640, 'For 2nd place in rally Rally Monte Carlo', '2015-08-12 17:55:18', 1, 1, '2015-08-12 17:55:18', '2015-08-12 17:55:18', NULL),
	(197, 2, 23520, 'For 3rd place in rally Rally Monte Carlo', '2015-08-12 17:55:18', 1, 1, '2015-08-12 17:55:18', '2015-08-12 17:55:18', NULL),
	(198, 3, 13440, 'For 4th place in rally Rally Monte Carlo', '2015-08-12 17:55:18', 1, 1, '2015-08-12 17:55:18', '2015-08-12 17:55:18', NULL),
	(199, 9, 11760, 'For 5th place in rally Rally Monte Carlo', '2015-08-12 17:55:18', 1, 1, '2015-08-12 17:55:18', '2015-08-12 17:55:18', NULL),
	(200, 4, 10080, 'For 6th place in rally Rally Monte Carlo', '2015-08-12 17:55:18', 1, 1, '2015-08-12 17:55:18', '2015-08-12 17:55:18', NULL),
	(201, 6, 8400, 'For 7th place in rally Rally Monte Carlo', '2015-08-12 17:55:18', 1, 1, '2015-08-12 17:55:18', '2015-08-12 17:55:18', NULL),
	(202, 5, 6720, 'For 8th place in rally Rally Monte Carlo', '2015-08-12 17:55:18', 1, 1, '2015-08-12 17:55:18', '2015-08-12 17:55:18', NULL),
	(203, 10, 55440, 'For 1st place in rally Rally Monte Carlo', '2015-08-12 17:56:04', 1, 1, '2015-08-12 17:56:04', '2015-08-12 17:56:04', NULL),
	(204, 11, 38640, 'For 2nd place in rally Rally Monte Carlo', '2015-08-12 17:56:04', 1, 1, '2015-08-12 17:56:04', '2015-08-12 17:56:04', NULL),
	(205, 2, 23520, 'For 3rd place in rally Rally Monte Carlo', '2015-08-12 17:56:04', 1, 1, '2015-08-12 17:56:04', '2015-08-12 17:56:04', NULL),
	(206, 3, 13440, 'For 4th place in rally Rally Monte Carlo', '2015-08-12 17:56:04', 1, 1, '2015-08-12 17:56:04', '2015-08-12 17:56:04', NULL),
	(207, 9, 11760, 'For 5th place in rally Rally Monte Carlo', '2015-08-12 17:56:04', 1, 1, '2015-08-12 17:56:04', '2015-08-12 17:56:04', NULL),
	(208, 3, 10080, 'For 6th place in rally Rally Monte Carlo', '2015-08-12 17:56:04', 1, 1, '2015-08-12 17:56:04', '2015-08-12 17:56:04', NULL),
	(209, 1, 8400, 'For 7th place in rally Rally Monte Carlo', '2015-08-12 17:56:04', 1, 1, '2015-08-12 17:56:04', '2015-08-12 17:56:04', NULL),
	(210, 8, 6720, 'For 8th place in rally Rally Monte Carlo', '2015-08-12 17:56:04', 1, 1, '2015-08-12 17:56:04', '2015-08-12 17:56:04', NULL),
	(211, 7, 55440, 'For 1st place in rally Rally Monte Carlo', '2015-08-12 17:59:16', 1, 1, '2015-08-12 17:59:16', '2015-08-12 17:59:16', NULL),
	(212, 10, 38640, 'For 2nd place in rally Rally Monte Carlo', '2015-08-12 17:59:16', 1, 1, '2015-08-12 17:59:16', '2015-08-12 17:59:16', NULL),
	(213, 4, 23520, 'For 3rd place in rally Rally Monte Carlo', '2015-08-12 17:59:16', 1, 1, '2015-08-12 17:59:16', '2015-08-12 17:59:16', NULL),
	(214, 6, 13440, 'For 4th place in rally Rally Monte Carlo', '2015-08-12 17:59:16', 1, 1, '2015-08-12 17:59:16', '2015-08-12 17:59:16', NULL),
	(215, 3, 11760, 'For 5th place in rally Rally Monte Carlo', '2015-08-12 17:59:16', 1, 1, '2015-08-12 17:59:16', '2015-08-12 17:59:16', NULL),
	(216, 11, 10080, 'For 6th place in rally Rally Monte Carlo', '2015-08-12 17:59:16', 1, 1, '2015-08-12 17:59:16', '2015-08-12 17:59:16', NULL),
	(217, 2, 8400, 'For 7th place in rally Rally Monte Carlo', '2015-08-12 17:59:16', 1, 1, '2015-08-12 17:59:16', '2015-08-12 17:59:16', NULL),
	(218, 9, 6720, 'For 8th place in rally Rally Monte Carlo', '2015-08-12 17:59:16', 1, 1, '2015-08-12 17:59:16', '2015-08-12 17:59:16', NULL),
	(219, 7, 55440, 'For 1st place in rally Rally Monte Carlo', '2015-08-12 18:00:14', 1, 1, '2015-08-12 18:00:14', '2015-08-12 18:00:14', NULL),
	(220, 3, 38640, 'For 2nd place in rally Rally Monte Carlo', '2015-08-12 18:00:14', 1, 1, '2015-08-12 18:00:14', '2015-08-12 18:00:14', NULL),
	(221, 6, 23520, 'For 3rd place in rally Rally Monte Carlo', '2015-08-12 18:00:14', 1, 1, '2015-08-12 18:00:14', '2015-08-12 18:00:14', NULL),
	(222, 4, 13440, 'For 4th place in rally Rally Monte Carlo', '2015-08-12 18:00:14', 1, 1, '2015-08-12 18:00:14', '2015-08-12 18:00:14', NULL),
	(223, 10, 11760, 'For 5th place in rally Rally Monte Carlo', '2015-08-12 18:00:14', 1, 1, '2015-08-12 18:00:14', '2015-08-12 18:00:14', NULL),
	(224, 2, 10080, 'For 6th place in rally Rally Monte Carlo', '2015-08-12 18:00:14', 1, 1, '2015-08-12 18:00:14', '2015-08-12 18:00:14', NULL),
	(225, 11, 8400, 'For 7th place in rally Rally Monte Carlo', '2015-08-12 18:00:14', 1, 1, '2015-08-12 18:00:14', '2015-08-12 18:00:14', NULL),
	(226, 9, 6720, 'For 8th place in rally Rally Monte Carlo', '2015-08-12 18:00:14', 1, 1, '2015-08-12 18:00:14', '2015-08-12 18:00:14', NULL),
	(227, 7, 55440, 'For 1st place in rally Rally Monte Carlo', '2015-08-12 18:00:23', 1, 1, '2015-08-12 18:00:23', '2015-08-12 18:00:23', NULL),
	(228, 3, 38640, 'For 2nd place in rally Rally Monte Carlo', '2015-08-12 18:00:23', 1, 1, '2015-08-12 18:00:23', '2015-08-12 18:00:23', NULL),
	(229, 6, 23520, 'For 3rd place in rally Rally Monte Carlo', '2015-08-12 18:00:23', 1, 1, '2015-08-12 18:00:23', '2015-08-12 18:00:23', NULL),
	(230, 10, 13440, 'For 4th place in rally Rally Monte Carlo', '2015-08-12 18:00:23', 1, 1, '2015-08-12 18:00:23', '2015-08-12 18:00:23', NULL),
	(231, 11, 11760, 'For 5th place in rally Rally Monte Carlo', '2015-08-12 18:00:23', 1, 1, '2015-08-12 18:00:23', '2015-08-12 18:00:23', NULL),
	(232, 4, 10080, 'For 6th place in rally Rally Monte Carlo', '2015-08-12 18:00:23', 1, 1, '2015-08-12 18:00:23', '2015-08-12 18:00:23', NULL),
	(233, 9, 8400, 'For 7th place in rally Rally Monte Carlo', '2015-08-12 18:00:23', 1, 1, '2015-08-12 18:00:23', '2015-08-12 18:00:23', NULL),
	(234, 2, 6720, 'For 8th place in rally Rally Monte Carlo', '2015-08-12 18:00:23', 1, 1, '2015-08-12 18:00:23', '2015-08-12 18:00:23', NULL),
	(235, 7, 55440, 'For 1st place in rally Rally Monte Carlo', '2015-08-12 18:01:52', 1, 1, '2015-08-12 18:01:52', '2015-08-12 18:01:52', NULL),
	(236, 6, 38640, 'For 2nd place in rally Rally Monte Carlo', '2015-08-12 18:01:53', 1, 1, '2015-08-12 18:01:53', '2015-08-12 18:01:53', NULL),
	(237, 4, 23520, 'For 3rd place in rally Rally Monte Carlo', '2015-08-12 18:01:53', 1, 1, '2015-08-12 18:01:53', '2015-08-12 18:01:53', NULL),
	(238, 9, 13440, 'For 4th place in rally Rally Monte Carlo', '2015-08-12 18:01:53', 1, 1, '2015-08-12 18:01:53', '2015-08-12 18:01:53', NULL),
	(239, 10, 11760, 'For 5th place in rally Rally Monte Carlo', '2015-08-12 18:01:53', 1, 1, '2015-08-12 18:01:53', '2015-08-12 18:01:53', NULL),
	(240, 3, 10080, 'For 6th place in rally Rally Monte Carlo', '2015-08-12 18:01:53', 1, 1, '2015-08-12 18:01:53', '2015-08-12 18:01:53', NULL),
	(241, 11, 8400, 'For 7th place in rally Rally Monte Carlo', '2015-08-12 18:01:53', 1, 1, '2015-08-12 18:01:53', '2015-08-12 18:01:53', NULL),
	(242, 5, 6720, 'For 8th place in rally Rally Monte Carlo', '2015-08-12 18:01:53', 1, 1, '2015-08-12 18:01:53', '2015-08-12 18:01:53', NULL),
	(243, 7, 55440, 'For 1st place in rally Rally Monte Carlo', '2015-08-12 18:07:29', 1, 1, '2015-08-12 18:07:29', '2015-08-12 18:07:29', NULL),
	(244, 4, 38640, 'For 2nd place in rally Rally Monte Carlo', '2015-08-12 18:07:29', 1, 1, '2015-08-12 18:07:29', '2015-08-12 18:07:29', NULL),
	(245, 11, 23520, 'For 3rd place in rally Rally Monte Carlo', '2015-08-12 18:07:29', 1, 1, '2015-08-12 18:07:29', '2015-08-12 18:07:29', NULL),
	(246, 10, 13440, 'For 4th place in rally Rally Monte Carlo', '2015-08-12 18:07:29', 1, 1, '2015-08-12 18:07:29', '2015-08-12 18:07:29', NULL),
	(247, 9, 11760, 'For 5th place in rally Rally Monte Carlo', '2015-08-12 18:07:29', 1, 1, '2015-08-12 18:07:29', '2015-08-12 18:07:29', NULL),
	(248, 3, 10080, 'For 6th place in rally Rally Monte Carlo', '2015-08-12 18:07:29', 1, 1, '2015-08-12 18:07:29', '2015-08-12 18:07:29', NULL),
	(249, 6, 8400, 'For 7th place in rally Rally Monte Carlo', '2015-08-12 18:07:29', 1, 1, '2015-08-12 18:07:29', '2015-08-12 18:07:29', NULL),
	(250, 2, 6720, 'For 8th place in rally Rally Monte Carlo', '2015-08-12 18:07:29', 1, 1, '2015-08-12 18:07:29', '2015-08-12 18:07:29', NULL),
	(251, 7, 55440, 'For 1st place in rally Rally Monte Carlo', '2015-08-12 18:11:39', 1, 1, '2015-08-12 18:11:39', '2015-08-12 18:11:39', NULL),
	(252, 10, 38640, 'For 2nd place in rally Rally Monte Carlo', '2015-08-12 18:11:39', 1, 1, '2015-08-12 18:11:39', '2015-08-12 18:11:39', NULL),
	(253, 4, 23520, 'For 3rd place in rally Rally Monte Carlo', '2015-08-12 18:11:39', 1, 1, '2015-08-12 18:11:39', '2015-08-12 18:11:39', NULL),
	(254, 9, 13440, 'For 4th place in rally Rally Monte Carlo', '2015-08-12 18:11:39', 1, 1, '2015-08-12 18:11:39', '2015-08-12 18:11:39', NULL),
	(255, 3, 11760, 'For 5th place in rally Rally Monte Carlo', '2015-08-12 18:11:39', 1, 1, '2015-08-12 18:11:39', '2015-08-12 18:11:39', NULL),
	(256, 11, 10080, 'For 6th place in rally Rally Monte Carlo', '2015-08-12 18:11:39', 1, 1, '2015-08-12 18:11:39', '2015-08-12 18:11:39', NULL),
	(257, 5, 8400, 'For 7th place in rally Rally Monte Carlo', '2015-08-12 18:11:39', 1, 1, '2015-08-12 18:11:39', '2015-08-12 18:11:39', NULL),
	(258, 2, 6720, 'For 8th place in rally Rally Monte Carlo', '2015-08-12 18:11:39', 1, 1, '2015-08-12 18:11:39', '2015-08-12 18:11:39', NULL),
	(259, 7, 55440, 'For 1st place in rally Rally Monte Carlo', '2015-08-12 18:12:25', 1, 1, '2015-08-12 18:12:25', '2015-08-12 18:12:25', NULL),
	(260, 10, 38640, 'For 2nd place in rally Rally Monte Carlo', '2015-08-12 18:12:25', 1, 1, '2015-08-12 18:12:25', '2015-08-12 18:12:25', NULL),
	(261, 11, 23520, 'For 3rd place in rally Rally Monte Carlo', '2015-08-12 18:12:25', 1, 1, '2015-08-12 18:12:25', '2015-08-12 18:12:25', NULL),
	(262, 3, 13440, 'For 4th place in rally Rally Monte Carlo', '2015-08-12 18:12:25', 1, 1, '2015-08-12 18:12:25', '2015-08-12 18:12:25', NULL),
	(263, 4, 11760, 'For 5th place in rally Rally Monte Carlo', '2015-08-12 18:12:25', 1, 1, '2015-08-12 18:12:25', '2015-08-12 18:12:25', NULL),
	(264, 9, 10080, 'For 6th place in rally Rally Monte Carlo', '2015-08-12 18:12:25', 1, 1, '2015-08-12 18:12:25', '2015-08-12 18:12:25', NULL),
	(265, 6, 8400, 'For 7th place in rally Rally Monte Carlo', '2015-08-12 18:12:25', 1, 1, '2015-08-12 18:12:25', '2015-08-12 18:12:25', NULL),
	(266, 2, 6720, 'For 8th place in rally Rally Monte Carlo', '2015-08-12 18:12:25', 1, 1, '2015-08-12 18:12:25', '2015-08-12 18:12:25', NULL),
	(267, 7, 55440, 'For 1st place in rally Rally Monte Carlo', '2015-08-12 18:12:54', 1, 1, '2015-08-12 18:12:54', '2015-08-12 18:12:54', NULL),
	(268, 10, 38640, 'For 2nd place in rally Rally Monte Carlo', '2015-08-12 18:12:54', 1, 1, '2015-08-12 18:12:54', '2015-08-12 18:12:54', NULL),
	(269, 6, 23520, 'For 3rd place in rally Rally Monte Carlo', '2015-08-12 18:12:54', 1, 1, '2015-08-12 18:12:54', '2015-08-12 18:12:54', NULL),
	(270, 11, 13440, 'For 4th place in rally Rally Monte Carlo', '2015-08-12 18:12:54', 1, 1, '2015-08-12 18:12:54', '2015-08-12 18:12:54', NULL),
	(271, 3, 11760, 'For 5th place in rally Rally Monte Carlo', '2015-08-12 18:12:54', 1, 1, '2015-08-12 18:12:54', '2015-08-12 18:12:54', NULL),
	(272, 4, 10080, 'For 6th place in rally Rally Monte Carlo', '2015-08-12 18:12:54', 1, 1, '2015-08-12 18:12:54', '2015-08-12 18:12:54', NULL),
	(273, 9, 8400, 'For 7th place in rally Rally Monte Carlo', '2015-08-12 18:12:54', 1, 1, '2015-08-12 18:12:54', '2015-08-12 18:12:54', NULL),
	(274, 2, 6720, 'For 8th place in rally Rally Monte Carlo', '2015-08-12 18:12:54', 1, 1, '2015-08-12 18:12:54', '2015-08-12 18:12:54', NULL),
	(275, 7, 55440, 'For 1st place in rally Rally Monte Carlo', '2015-08-12 18:13:09', 1, 1, '2015-08-12 18:13:09', '2015-08-12 18:13:09', NULL),
	(276, 4, 38640, 'For 2nd place in rally Rally Monte Carlo', '2015-08-12 18:13:09', 1, 1, '2015-08-12 18:13:09', '2015-08-12 18:13:09', NULL),
	(277, 9, 23520, 'For 3rd place in rally Rally Monte Carlo', '2015-08-12 18:13:09', 1, 1, '2015-08-12 18:13:09', '2015-08-12 18:13:09', NULL),
	(278, 11, 13440, 'For 4th place in rally Rally Monte Carlo', '2015-08-12 18:13:09', 1, 1, '2015-08-12 18:13:09', '2015-08-12 18:13:09', NULL),
	(279, 10, 11760, 'For 5th place in rally Rally Monte Carlo', '2015-08-12 18:13:09', 1, 1, '2015-08-12 18:13:09', '2015-08-12 18:13:09', NULL),
	(280, 3, 10080, 'For 6th place in rally Rally Monte Carlo', '2015-08-12 18:13:09', 1, 1, '2015-08-12 18:13:09', '2015-08-12 18:13:09', NULL),
	(281, 6, 8400, 'For 7th place in rally Rally Monte Carlo', '2015-08-12 18:13:09', 1, 1, '2015-08-12 18:13:09', '2015-08-12 18:13:09', NULL),
	(282, 5, 6720, 'For 8th place in rally Rally Monte Carlo', '2015-08-12 18:13:09', 1, 1, '2015-08-12 18:13:09', '2015-08-12 18:13:09', NULL),
	(283, 7, 55440, 'For 1st place in rally Rally Monte Carlo', '2015-08-12 18:16:05', 1, 1, '2015-08-12 18:16:05', '2015-08-12 18:16:05', NULL),
	(284, 4, 38640, 'For 2nd place in rally Rally Monte Carlo', '2015-08-12 18:16:06', 1, 1, '2015-08-12 18:16:06', '2015-08-12 18:16:06', NULL),
	(285, 3, 23520, 'For 3rd place in rally Rally Monte Carlo', '2015-08-12 18:16:06', 1, 1, '2015-08-12 18:16:06', '2015-08-12 18:16:06', NULL),
	(286, 6, 13440, 'For 4th place in rally Rally Monte Carlo', '2015-08-12 18:16:06', 1, 1, '2015-08-12 18:16:06', '2015-08-12 18:16:06', NULL),
	(287, 10, 11760, 'For 5th place in rally Rally Monte Carlo', '2015-08-12 18:16:06', 1, 1, '2015-08-12 18:16:06', '2015-08-12 18:16:06', NULL),
	(288, 9, 10080, 'For 6th place in rally Rally Monte Carlo', '2015-08-12 18:16:06', 1, 1, '2015-08-12 18:16:06', '2015-08-12 18:16:06', NULL),
	(289, 2, 8400, 'For 7th place in rally Rally Monte Carlo', '2015-08-12 18:16:06', 1, 1, '2015-08-12 18:16:06', '2015-08-12 18:16:06', NULL),
	(290, 11, 6720, 'For 8th place in rally Rally Monte Carlo', '2015-08-12 18:16:06', 1, 1, '2015-08-12 18:16:06', '2015-08-12 18:16:06', NULL),
	(291, 7, 55440, 'For 1st place in rally Rally Monte Carlo', '2015-08-12 18:16:48', 1, 1, '2015-08-12 18:16:48', '2015-08-12 18:16:48', NULL),
	(292, 4, 38640, 'For 2nd place in rally Rally Monte Carlo', '2015-08-12 18:16:48', 1, 1, '2015-08-12 18:16:48', '2015-08-12 18:16:48', NULL),
	(293, 6, 23520, 'For 3rd place in rally Rally Monte Carlo', '2015-08-12 18:16:48', 1, 1, '2015-08-12 18:16:48', '2015-08-12 18:16:48', NULL),
	(294, 10, 13440, 'For 4th place in rally Rally Monte Carlo', '2015-08-12 18:16:48', 1, 1, '2015-08-12 18:16:48', '2015-08-12 18:16:48', NULL),
	(295, 9, 11760, 'For 5th place in rally Rally Monte Carlo', '2015-08-12 18:16:48', 1, 1, '2015-08-12 18:16:48', '2015-08-12 18:16:48', NULL),
	(296, 3, 10080, 'For 6th place in rally Rally Monte Carlo', '2015-08-12 18:16:48', 1, 1, '2015-08-12 18:16:48', '2015-08-12 18:16:48', NULL),
	(297, 11, 8400, 'For 7th place in rally Rally Monte Carlo', '2015-08-12 18:16:48', 1, 1, '2015-08-12 18:16:48', '2015-08-12 18:16:48', NULL),
	(298, 2, 6720, 'For 8th place in rally Rally Monte Carlo', '2015-08-12 18:16:48', 1, 1, '2015-08-12 18:16:48', '2015-08-12 18:16:48', NULL),
	(299, 7, 55440, 'For 1st place in rally Rally Monte Carlo', '2015-08-12 18:27:40', 1, 1, '2015-08-12 18:27:40', '2015-08-12 18:27:40', NULL),
	(300, 4, 38640, 'For 2nd place in rally Rally Monte Carlo', '2015-08-12 18:27:40', 1, 1, '2015-08-12 18:27:40', '2015-08-12 18:27:40', NULL),
	(301, 2, 23520, 'For 3rd place in rally Rally Monte Carlo', '2015-08-12 18:27:40', 1, 1, '2015-08-12 18:27:40', '2015-08-12 18:27:40', NULL),
	(302, 6, 13440, 'For 4th place in rally Rally Monte Carlo', '2015-08-12 18:27:40', 1, 1, '2015-08-12 18:27:40', '2015-08-12 18:27:40', NULL),
	(303, 3, 11760, 'For 5th place in rally Rally Monte Carlo', '2015-08-12 18:27:40', 1, 1, '2015-08-12 18:27:40', '2015-08-12 18:27:40', NULL),
	(304, 9, 10080, 'For 6th place in rally Rally Monte Carlo', '2015-08-12 18:27:40', 1, 1, '2015-08-12 18:27:40', '2015-08-12 18:27:40', NULL),
	(305, 10, 8400, 'For 7th place in rally Rally Monte Carlo', '2015-08-12 18:27:40', 1, 1, '2015-08-12 18:27:40', '2015-08-12 18:27:40', NULL),
	(306, 11, 6720, 'For 8th place in rally Rally Monte Carlo', '2015-08-12 18:27:40', 1, 1, '2015-08-12 18:27:40', '2015-08-12 18:27:40', NULL),
	(307, 10, 55440, 'For 1st place in rally Rally Monte Carlo', '2015-08-12 18:29:09', 1, 1, '2015-08-12 18:29:09', '2015-08-12 18:29:09', NULL),
	(308, 4, 38640, 'For 2nd place in rally Rally Monte Carlo', '2015-08-12 18:29:09', 1, 1, '2015-08-12 18:29:09', '2015-08-12 18:29:09', NULL),
	(309, 9, 23520, 'For 3rd place in rally Rally Monte Carlo', '2015-08-12 18:29:09', 1, 1, '2015-08-12 18:29:09', '2015-08-12 18:29:09', NULL),
	(310, 7, 13440, 'For 4th place in rally Rally Monte Carlo', '2015-08-12 18:29:09', 1, 1, '2015-08-12 18:29:09', '2015-08-12 18:29:09', NULL),
	(311, 11, 11760, 'For 5th place in rally Rally Monte Carlo', '2015-08-12 18:29:09', 1, 1, '2015-08-12 18:29:09', '2015-08-12 18:29:09', NULL),
	(312, 2, 10080, 'For 6th place in rally Rally Monte Carlo', '2015-08-12 18:29:09', 1, 1, '2015-08-12 18:29:09', '2015-08-12 18:29:09', NULL),
	(313, 6, 8400, 'For 7th place in rally Rally Monte Carlo', '2015-08-12 18:29:09', 1, 1, '2015-08-12 18:29:09', '2015-08-12 18:29:09', NULL),
	(314, 3, 6720, 'For 8th place in rally Rally Monte Carlo', '2015-08-12 18:29:09', 1, 1, '2015-08-12 18:29:09', '2015-08-12 18:29:09', NULL),
	(315, 10, 55440, 'For 1st place in rally Rally Monte Carlo', '2015-08-13 10:58:42', 1, 1, '2015-08-13 10:58:42', '2015-08-13 10:58:42', NULL),
	(316, 4, 38640, 'For 2nd place in rally Rally Monte Carlo', '2015-08-13 10:58:42', 1, 1, '2015-08-13 10:58:42', '2015-08-13 10:58:42', NULL),
	(317, 7, 23520, 'For 3rd place in rally Rally Monte Carlo', '2015-08-13 10:58:42', 1, 1, '2015-08-13 10:58:42', '2015-08-13 10:58:42', NULL),
	(318, 9, 13440, 'For 4th place in rally Rally Monte Carlo', '2015-08-13 10:58:42', 1, 1, '2015-08-13 10:58:42', '2015-08-13 10:58:42', NULL),
	(319, 11, 11760, 'For 5th place in rally Rally Monte Carlo', '2015-08-13 10:58:42', 1, 1, '2015-08-13 10:58:42', '2015-08-13 10:58:42', NULL),
	(320, 6, 10080, 'For 6th place in rally Rally Monte Carlo', '2015-08-13 10:58:42', 1, 1, '2015-08-13 10:58:42', '2015-08-13 10:58:42', NULL),
	(321, 2, 8400, 'For 7th place in rally Rally Monte Carlo', '2015-08-13 10:58:42', 1, 1, '2015-08-13 10:58:42', '2015-08-13 10:58:42', NULL),
	(322, 3, 6720, 'For 8th place in rally Rally Monte Carlo', '2015-08-13 10:58:42', 1, 1, '2015-08-13 10:58:42', '2015-08-13 10:58:42', NULL),
	(323, 7, 55440, 'For 1st place in rally Rally Monte Carlo', '2015-08-13 10:58:48', 1, 1, '2015-08-13 10:58:48', '2015-08-13 10:58:48', NULL),
	(324, 3, 38640, 'For 2nd place in rally Rally Monte Carlo', '2015-08-13 10:58:48', 1, 1, '2015-08-13 10:58:48', '2015-08-13 10:58:48', NULL),
	(325, 4, 23520, 'For 3rd place in rally Rally Monte Carlo', '2015-08-13 10:58:48', 1, 1, '2015-08-13 10:58:48', '2015-08-13 10:58:48', NULL),
	(326, 10, 13440, 'For 4th place in rally Rally Monte Carlo', '2015-08-13 10:58:48', 1, 1, '2015-08-13 10:58:48', '2015-08-13 10:58:48', NULL),
	(327, 11, 11760, 'For 5th place in rally Rally Monte Carlo', '2015-08-13 10:58:48', 1, 1, '2015-08-13 10:58:48', '2015-08-13 10:58:48', NULL),
	(328, 9, 10080, 'For 6th place in rally Rally Monte Carlo', '2015-08-13 10:58:48', 1, 1, '2015-08-13 10:58:48', '2015-08-13 10:58:48', NULL),
	(329, 2, 8400, 'For 7th place in rally Rally Monte Carlo', '2015-08-13 10:58:48', 1, 1, '2015-08-13 10:58:48', '2015-08-13 10:58:48', NULL),
	(330, 6, 6720, 'For 8th place in rally Rally Monte Carlo', '2015-08-13 10:58:48', 1, 1, '2015-08-13 10:58:48', '2015-08-13 10:58:48', NULL),
	(331, 9, 55440, 'For 1st place in rally Rally Monte Carlo', '2015-08-13 10:59:58', 1, 1, '2015-08-13 10:59:58', '2015-08-13 10:59:58', NULL),
	(332, 7, 38640, 'For 2nd place in rally Rally Monte Carlo', '2015-08-13 10:59:58', 1, 1, '2015-08-13 10:59:58', '2015-08-13 10:59:58', NULL),
	(333, 3, 23520, 'For 3rd place in rally Rally Monte Carlo', '2015-08-13 10:59:58', 1, 1, '2015-08-13 10:59:58', '2015-08-13 10:59:58', NULL),
	(334, 10, 13440, 'For 4th place in rally Rally Monte Carlo', '2015-08-13 10:59:58', 1, 1, '2015-08-13 10:59:58', '2015-08-13 10:59:58', NULL),
	(335, 2, 11760, 'For 5th place in rally Rally Monte Carlo', '2015-08-13 10:59:58', 1, 1, '2015-08-13 10:59:58', '2015-08-13 10:59:58', NULL),
	(336, 4, 10080, 'For 6th place in rally Rally Monte Carlo', '2015-08-13 10:59:58', 1, 1, '2015-08-13 10:59:58', '2015-08-13 10:59:58', NULL),
	(337, 6, 8400, 'For 7th place in rally Rally Monte Carlo', '2015-08-13 10:59:58', 1, 1, '2015-08-13 10:59:58', '2015-08-13 10:59:58', NULL),
	(338, 11, 6720, 'For 8th place in rally Rally Monte Carlo', '2015-08-13 10:59:59', 1, 1, '2015-08-13 10:59:59', '2015-08-13 10:59:59', NULL),
	(339, 10, 55440, 'For 1st place in rally Rally Monte Carlo', '2015-08-13 11:00:27', 1, 1, '2015-08-13 11:00:27', '2015-08-13 11:00:27', NULL),
	(340, 4, 38640, 'For 2nd place in rally Rally Monte Carlo', '2015-08-13 11:00:27', 1, 1, '2015-08-13 11:00:27', '2015-08-13 11:00:27', NULL),
	(341, 3, 23520, 'For 3rd place in rally Rally Monte Carlo', '2015-08-13 11:00:27', 1, 1, '2015-08-13 11:00:27', '2015-08-13 11:00:27', NULL),
	(342, 11, 13440, 'For 4th place in rally Rally Monte Carlo', '2015-08-13 11:00:27', 1, 1, '2015-08-13 11:00:27', '2015-08-13 11:00:27', NULL),
	(343, 7, 11760, 'For 5th place in rally Rally Monte Carlo', '2015-08-13 11:00:27', 1, 1, '2015-08-13 11:00:27', '2015-08-13 11:00:27', NULL),
	(344, 6, 10080, 'For 6th place in rally Rally Monte Carlo', '2015-08-13 11:00:27', 1, 1, '2015-08-13 11:00:27', '2015-08-13 11:00:27', NULL),
	(345, 9, 8400, 'For 7th place in rally Rally Monte Carlo', '2015-08-13 11:00:27', 1, 1, '2015-08-13 11:00:27', '2015-08-13 11:00:27', NULL),
	(346, 2, 6720, 'For 8th place in rally Rally Monte Carlo', '2015-08-13 11:00:27', 1, 1, '2015-08-13 11:00:27', '2015-08-13 11:00:27', NULL),
	(347, 11, 55440, 'For 1st place in rally Rally Monte Carlo', '2015-08-13 11:01:31', 1, 1, '2015-08-13 11:01:31', '2015-08-13 11:01:31', NULL),
	(348, 10, 38640, 'For 2nd place in rally Rally Monte Carlo', '2015-08-13 11:01:31', 1, 1, '2015-08-13 11:01:31', '2015-08-13 11:01:31', NULL),
	(349, 2, 23520, 'For 3rd place in rally Rally Monte Carlo', '2015-08-13 11:01:31', 1, 1, '2015-08-13 11:01:31', '2015-08-13 11:01:31', NULL),
	(350, 3, 13440, 'For 4th place in rally Rally Monte Carlo', '2015-08-13 11:01:31', 1, 1, '2015-08-13 11:01:31', '2015-08-13 11:01:31', NULL),
	(351, 9, 11760, 'For 5th place in rally Rally Monte Carlo', '2015-08-13 11:01:31', 1, 1, '2015-08-13 11:01:31', '2015-08-13 11:01:31', NULL),
	(352, 4, 10080, 'For 6th place in rally Rally Monte Carlo', '2015-08-13 11:01:31', 1, 1, '2015-08-13 11:01:31', '2015-08-13 11:01:31', NULL),
	(353, 6, 8400, 'For 7th place in rally Rally Monte Carlo', '2015-08-13 11:01:31', 1, 1, '2015-08-13 11:01:31', '2015-08-13 11:01:31', NULL),
	(354, 5, 6720, 'For 8th place in rally Rally Monte Carlo', '2015-08-13 11:01:31', 1, 1, '2015-08-13 11:01:31', '2015-08-13 11:01:31', NULL),
	(355, 10, 55440, 'For 1st place in rally Rally Monte Carlo', '2015-08-13 11:24:42', 1, 1, '2015-08-13 11:24:42', '2015-08-13 11:24:42', NULL),
	(356, 11, 38640, 'For 2nd place in rally Rally Monte Carlo', '2015-08-13 11:24:42', 1, 1, '2015-08-13 11:24:42', '2015-08-13 11:24:42', NULL),
	(357, 2, 23520, 'For 3rd place in rally Rally Monte Carlo', '2015-08-13 11:24:42', 1, 1, '2015-08-13 11:24:42', '2015-08-13 11:24:42', NULL),
	(358, 3, 13440, 'For 4th place in rally Rally Monte Carlo', '2015-08-13 11:24:42', 1, 1, '2015-08-13 11:24:42', '2015-08-13 11:24:42', NULL),
	(359, 9, 11760, 'For 5th place in rally Rally Monte Carlo', '2015-08-13 11:24:42', 1, 1, '2015-08-13 11:24:42', '2015-08-13 11:24:42', NULL),
	(360, 4, 10080, 'For 6th place in rally Rally Monte Carlo', '2015-08-13 11:24:42', 1, 1, '2015-08-13 11:24:42', '2015-08-13 11:24:42', NULL),
	(361, 6, 8400, 'For 7th place in rally Rally Monte Carlo', '2015-08-13 11:24:42', 1, 1, '2015-08-13 11:24:42', '2015-08-13 11:24:42', NULL),
	(362, 7, 6720, 'For 8th place in rally Rally Monte Carlo', '2015-08-13 11:24:42', 1, 1, '2015-08-13 11:24:42', '2015-08-13 11:24:42', NULL),
	(363, 10, 55440, 'For 1st place in rally Rally Monte Carlo', '2015-08-13 11:26:26', 1, 1, '2015-08-13 11:26:26', '2015-08-13 11:26:26', NULL),
	(364, 11, 38640, 'For 2nd place in rally Rally Monte Carlo', '2015-08-13 11:26:26', 1, 1, '2015-08-13 11:26:26', '2015-08-13 11:26:26', NULL),
	(365, 2, 23520, 'For 3rd place in rally Rally Monte Carlo', '2015-08-13 11:26:26', 1, 1, '2015-08-13 11:26:26', '2015-08-13 11:26:26', NULL),
	(366, 3, 13440, 'For 4th place in rally Rally Monte Carlo', '2015-08-13 11:26:26', 1, 1, '2015-08-13 11:26:26', '2015-08-13 11:26:26', NULL),
	(367, 9, 11760, 'For 5th place in rally Rally Monte Carlo', '2015-08-13 11:26:26', 1, 1, '2015-08-13 11:26:26', '2015-08-13 11:26:26', NULL),
	(368, 4, 10080, 'For 6th place in rally Rally Monte Carlo', '2015-08-13 11:26:26', 1, 1, '2015-08-13 11:26:26', '2015-08-13 11:26:26', NULL),
	(369, 5, 8400, 'For 7th place in rally Rally Monte Carlo', '2015-08-13 11:26:26', 1, 1, '2015-08-13 11:26:26', '2015-08-13 11:26:26', NULL),
	(370, 6, 6720, 'For 8th place in rally Rally Monte Carlo', '2015-08-13 11:26:26', 1, 1, '2015-08-13 11:26:26', '2015-08-13 11:26:26', NULL),
	(371, 10, 55440, 'For 1st place in rally Rally Monte Carlo', '2015-08-13 11:26:40', 1, 1, '2015-08-13 11:26:40', '2015-08-13 11:26:40', NULL),
	(372, 11, 38640, 'For 2nd place in rally Rally Monte Carlo', '2015-08-13 11:26:40', 1, 1, '2015-08-13 11:26:40', '2015-08-13 11:26:40', NULL),
	(373, 2, 23520, 'For 3rd place in rally Rally Monte Carlo', '2015-08-13 11:26:40', 1, 1, '2015-08-13 11:26:40', '2015-08-13 11:26:40', NULL),
	(374, 3, 13440, 'For 4th place in rally Rally Monte Carlo', '2015-08-13 11:26:40', 1, 1, '2015-08-13 11:26:40', '2015-08-13 11:26:40', NULL),
	(375, 9, 11760, 'For 5th place in rally Rally Monte Carlo', '2015-08-13 11:26:40', 1, 1, '2015-08-13 11:26:40', '2015-08-13 11:26:40', NULL),
	(376, 4, 10080, 'For 6th place in rally Rally Monte Carlo', '2015-08-13 11:26:40', 1, 1, '2015-08-13 11:26:40', '2015-08-13 11:26:40', NULL),
	(377, 6, 8400, 'For 7th place in rally Rally Monte Carlo', '2015-08-13 11:26:40', 1, 1, '2015-08-13 11:26:40', '2015-08-13 11:26:40', NULL),
	(378, 5, 6720, 'For 8th place in rally Rally Monte Carlo', '2015-08-13 11:26:40', 1, 1, '2015-08-13 11:26:40', '2015-08-13 11:26:40', NULL),
	(379, 11, 55440, 'For 1st place in rally Rally Monte Carlo', '2015-08-13 11:29:38', 1, 1, '2015-08-13 11:29:38', '2015-08-13 11:29:38', NULL),
	(380, 3, 38640, 'For 2nd place in rally Rally Monte Carlo', '2015-08-13 11:29:38', 1, 1, '2015-08-13 11:29:38', '2015-08-13 11:29:38', NULL),
	(381, 4, 23520, 'For 3rd place in rally Rally Monte Carlo', '2015-08-13 11:29:38', 1, 1, '2015-08-13 11:29:38', '2015-08-13 11:29:38', NULL),
	(382, 5, 13440, 'For 4th place in rally Rally Monte Carlo', '2015-08-13 11:29:38', 1, 1, '2015-08-13 11:29:38', '2015-08-13 11:29:38', NULL),
	(383, 6, 11760, 'For 5th place in rally Rally Monte Carlo', '2015-08-13 11:29:38', 1, 1, '2015-08-13 11:29:38', '2015-08-13 11:29:38', NULL),
	(384, 12, 10080, 'For 6th place in rally Rally Monte Carlo', '2015-08-13 11:29:38', 1, 1, '2015-08-13 11:29:38', '2015-08-13 11:29:38', NULL),
	(385, 7, 8400, 'For 7th place in rally Rally Monte Carlo', '2015-08-13 11:29:38', 1, 1, '2015-08-13 11:29:38', '2015-08-13 11:29:38', NULL),
	(386, 3, 6720, 'For 8th place in rally Rally Monte Carlo', '2015-08-13 11:29:38', 1, 1, '2015-08-13 11:29:38', '2015-08-13 11:29:38', NULL),
	(387, 11, 55440, 'For 1st place in rally Rally Monte Carlo', '2015-08-13 11:48:36', 1, 1, '2015-08-13 11:48:36', '2015-08-13 11:48:36', NULL),
	(388, 3, 38640, 'For 2nd place in rally Rally Monte Carlo', '2015-08-13 11:48:36', 1, 1, '2015-08-13 11:48:36', '2015-08-13 11:48:36', NULL),
	(389, 4, 23520, 'For 3rd place in rally Rally Monte Carlo', '2015-08-13 11:48:36', 1, 1, '2015-08-13 11:48:36', '2015-08-13 11:48:36', NULL),
	(390, 5, 13440, 'For 4th place in rally Rally Monte Carlo', '2015-08-13 11:48:36', 1, 1, '2015-08-13 11:48:36', '2015-08-13 11:48:36', NULL),
	(391, 6, 11760, 'For 5th place in rally Rally Monte Carlo', '2015-08-13 11:48:36', 1, 1, '2015-08-13 11:48:36', '2015-08-13 11:48:36', NULL),
	(392, 3, 10080, 'For 6th place in rally Rally Monte Carlo', '2015-08-13 11:48:36', 1, 1, '2015-08-13 11:48:36', '2015-08-13 11:48:36', NULL),
	(393, 7, 8400, 'For 7th place in rally Rally Monte Carlo', '2015-08-13 11:48:36', 1, 1, '2015-08-13 11:48:36', '2015-08-13 11:48:36', NULL),
	(394, 12, 6720, 'For 8th place in rally Rally Monte Carlo', '2015-08-13 11:48:36', 1, 1, '2015-08-13 11:48:36', '2015-08-13 11:48:36', NULL),
	(395, 11, 55440, 'For 1st place in rally Rally Monte Carlo', '2015-08-13 12:12:47', 1, 1, '2015-08-13 12:12:47', '2015-08-13 12:12:47', NULL),
	(396, 5, 38640, 'For 2nd place in rally Rally Monte Carlo', '2015-08-13 12:12:47', 1, 1, '2015-08-13 12:12:47', '2015-08-13 12:12:47', NULL),
	(397, 6, 23520, 'For 3rd place in rally Rally Monte Carlo', '2015-08-13 12:12:47', 1, 1, '2015-08-13 12:12:47', '2015-08-13 12:12:47', NULL),
	(398, 7, 13440, 'For 4th place in rally Rally Monte Carlo', '2015-08-13 12:12:47', 1, 1, '2015-08-13 12:12:47', '2015-08-13 12:12:47', NULL),
	(399, 12, 11760, 'For 5th place in rally Rally Monte Carlo', '2015-08-13 12:12:47', 1, 1, '2015-08-13 12:12:47', '2015-08-13 12:12:47', NULL),
	(400, 3, 10080, 'For 6th place in rally Rally Monte Carlo', '2015-08-13 12:12:47', 1, 1, '2015-08-13 12:12:47', '2015-08-13 12:12:47', NULL),
	(401, 6, 8400, 'For 7th place in rally Rally Monte Carlo', '2015-08-13 12:12:47', 1, 1, '2015-08-13 12:12:47', '2015-08-13 12:12:47', NULL),
	(402, 11, 55440, 'For 1st place in rally Rally Monte Carlo', '2015-08-13 12:17:54', 1, 1, '2015-08-13 12:17:54', '2015-08-13 12:17:54', NULL),
	(403, 6, 38640, 'For 2nd place in rally Rally Monte Carlo', '2015-08-13 12:17:54', 1, 1, '2015-08-13 12:17:54', '2015-08-13 12:17:54', NULL),
	(404, 5, 23520, 'For 3rd place in rally Rally Monte Carlo', '2015-08-13 12:17:54', 1, 1, '2015-08-13 12:17:54', '2015-08-13 12:17:54', NULL),
	(405, 7, 13440, 'For 4th place in rally Rally Monte Carlo', '2015-08-13 12:17:54', 1, 1, '2015-08-13 12:17:54', '2015-08-13 12:17:54', NULL),
	(406, 3, 11760, 'For 5th place in rally Rally Monte Carlo', '2015-08-13 12:17:54', 1, 1, '2015-08-13 12:17:54', '2015-08-13 12:17:54', NULL),
	(407, 12, 10080, 'For 6th place in rally Rally Monte Carlo', '2015-08-13 12:17:54', 1, 1, '2015-08-13 12:17:54', '2015-08-13 12:17:54', NULL),
	(408, 6, 8400, 'For 7th place in rally Rally Monte Carlo', '2015-08-13 12:17:54', 1, 1, '2015-08-13 12:17:54', '2015-08-13 12:17:54', NULL),
	(409, 10, 55440, 'For 1st place in rally Rally Monte Carlo', '2015-08-13 12:19:09', 1, 1, '2015-08-13 12:19:09', '2015-08-13 12:19:09', NULL),
	(410, 2, 38640, 'For 2nd place in rally Rally Monte Carlo', '2015-08-13 12:19:10', 1, 1, '2015-08-13 12:19:10', '2015-08-13 12:19:10', NULL),
	(411, 3, 23520, 'For 3rd place in rally Rally Monte Carlo', '2015-08-13 12:19:10', 1, 1, '2015-08-13 12:19:10', '2015-08-13 12:19:10', NULL),
	(412, 9, 13440, 'For 4th place in rally Rally Monte Carlo', '2015-08-13 12:19:10', 1, 1, '2015-08-13 12:19:10', '2015-08-13 12:19:10', NULL),
	(413, 4, 11760, 'For 5th place in rally Rally Monte Carlo', '2015-08-13 12:19:10', 1, 1, '2015-08-13 12:19:10', '2015-08-13 12:19:10', NULL),
	(414, 6, 10080, 'For 6th place in rally Rally Monte Carlo', '2015-08-13 12:19:10', 1, 1, '2015-08-13 12:19:10', '2015-08-13 12:19:10', NULL),
	(415, 5, 8400, 'For 7th place in rally Rally Monte Carlo', '2015-08-13 12:19:10', 1, 1, '2015-08-13 12:19:10', '2015-08-13 12:19:10', NULL),
	(416, 7, 6720, 'For 8th place in rally Rally Monte Carlo', '2015-08-13 12:19:10', 1, 1, '2015-08-13 12:19:10', '2015-08-13 12:19:10', NULL);
/*!40000 ALTER TABLE `team_finance` ENABLE KEYS */;


-- Dumping structure for table ral.team_sponsor_list
DROP TABLE IF EXISTS `team_sponsor_list`;
CREATE TABLE IF NOT EXISTS `team_sponsor_list` (
  `id` int(11) NOT NULL AUTO_INCREMENT,
  `name` varchar(255) DEFAULT NULL,
  `slug` varchar(255) DEFAULT NULL,
  `description` text,
  `active` tinyint(1) DEFAULT '0',
  `logo` varchar(255) DEFAULT NULL,
  `created_at` datetime NOT NULL,
  `updated_at` datetime NOT NULL,
  `deleted_at` datetime DEFAULT NULL,
  PRIMARY KEY (`id`)
) ENGINE=MyISAM AUTO_INCREMENT=4 DEFAULT CHARSET=utf8;

-- Dumping data for table ral.team_sponsor_list: 3 rows
DELETE FROM `team_sponsor_list`;
/*!40000 ALTER TABLE `team_sponsor_list` DISABLE KEYS */;
INSERT INTO `team_sponsor_list` (`id`, `name`, `slug`, `description`, `active`, `logo`, `created_at`, `updated_at`, `deleted_at`) VALUES
	(1, 'City Network', 'city-network', 'City Network is one of Swedens leading hosting companies and offers everything from simple packages to advanced managed solutions. You can get a generous package including e-mail and lots of space for as little as 5 USD per month. City Network is the exclusive host of ManagerZone and makes sure each manager gets the best access to the site.', 1, 'sponsor_city_network.sponsor_city_network', '2015-04-03 17:46:19', '2015-04-03 18:20:03', NULL),
	(2, 'Goal.com', 'goalcom', 'Goal.com is the ultimate resource for football fans with the aim of giving life to the largest football community on the planet. It covers the whole spectrum of the football world with news, statistics, photos, videos, transfer info, polls, games, fan forums, and much more.', 0, 'sponsor_goal.sponsor_goal', '2015-04-03 18:22:37', '2015-04-03 18:22:37', NULL),
	(3, 'ESPN', 'espn', 'ESPN Inc., the Worldwide Leader in Sports, is a multinational, multimedia sports entertainment company comprised of six domestic and 19 international television networks, a recently launched interactive TV channel, the largest sports radio network, ESPN The Magazine, ESPN.com, sports-themed dining and entertainment establishments, event management, ESPN Enterprises, wireless and broadband services, and more. ESPN features the broadest portfolio of multimedia assets in sports marketing with more than 40 national and international business interests or entities.', 0, 'sponsor_espn.sponsor_espn', '2015-04-03 18:23:17', '2015-04-03 18:23:17', NULL);
/*!40000 ALTER TABLE `team_sponsor_list` ENABLE KEYS */;


-- Dumping structure for table ral.team_team
DROP TABLE IF EXISTS `team_team`;
CREATE TABLE IF NOT EXISTS `team_team` (
  `id` int(11) NOT NULL AUTO_INCREMENT,
  `user_id` int(11) DEFAULT NULL,
  `name` varchar(255) DEFAULT NULL,
  `driver1_id` int(11) DEFAULT NULL,
  `driver2_id` int(11) DEFAULT NULL,
  `pilot1_id` int(11) DEFAULT NULL,
  `pilot2_id` int(11) DEFAULT NULL,
  `car1_id` int(11) DEFAULT NULL,
  `car2_id` int(11) DEFAULT NULL,
  `cash` int(11) NOT NULL DEFAULT '0',
  `sponsor_id` int(11) DEFAULT NULL,
  `league_name` float(10,2) DEFAULT NULL,
  `created_at` datetime NOT NULL,
  `updated_at` datetime NOT NULL,
  `deleted_at` datetime DEFAULT NULL,
  PRIMARY KEY (`id`),
  KEY `team_team_user_id_user_user_id` (`user_id`),
  KEY `team_team_pilot2_id_people_people_id` (`pilot2_id`),
  KEY `team_team_pilot1_id_people_people_id` (`pilot1_id`),
  KEY `team_team_driver2_id_people_people_id` (`driver2_id`),
  KEY `team_team_driver1_id_people_people_id` (`driver1_id`),
  KEY `team_team_car2_id_car_car_id` (`car2_id`),
  KEY `team_team_car1_id_car_car_id` (`car1_id`),
  KEY `team_team_sponsor_id_team_sponsor_list_id` (`sponsor_id`)
) ENGINE=MyISAM AUTO_INCREMENT=19 DEFAULT CHARSET=utf8 COMMENT='update team_team set cash = 0\r\n';

-- Dumping data for table ral.team_team: 18 rows
DELETE FROM `team_team`;
/*!40000 ALTER TABLE `team_team` DISABLE KEYS */;
INSERT INTO `team_team` (`id`, `user_id`, `name`, `driver1_id`, `driver2_id`, `pilot1_id`, `pilot2_id`, `car1_id`, `car2_id`, `cash`, `sponsor_id`, `league_name`, `created_at`, `updated_at`, `deleted_at`) VALUES
	(1, 1, 'Team_1', NULL, NULL, NULL, NULL, NULL, NULL, 465840, NULL, 1.00, '2015-08-04 16:27:18', '2015-08-12 17:56:04', NULL),
	(2, 2, 'Team_2', NULL, NULL, NULL, NULL, NULL, NULL, 644720, NULL, 1.00, '2015-08-04 16:27:18', '2015-08-13 12:19:10', NULL),
	(3, 3, 'Team_3', NULL, NULL, NULL, NULL, NULL, NULL, 875484, 2, 1.00, '2015-08-04 16:27:18', '2015-08-13 12:19:10', NULL),
	(4, 4, 'Team_4', NULL, NULL, NULL, NULL, NULL, NULL, 842960, NULL, 1.00, '2015-08-04 16:27:18', '2015-08-13 12:19:10', NULL),
	(5, 5, 'Team_5', NULL, NULL, NULL, NULL, NULL, NULL, 224720, NULL, 1.00, '2015-08-04 16:27:18', '2015-08-13 12:19:10', NULL),
	(6, 6, 'Team_6', NULL, NULL, NULL, NULL, NULL, NULL, 633525, NULL, 1.00, '2015-08-04 16:27:18', '2015-08-13 12:19:10', NULL),
	(7, 7, 'Team_7', NULL, NULL, NULL, NULL, NULL, NULL, 1192400, NULL, 1.00, '2015-08-04 16:27:18', '2015-08-13 12:19:10', NULL),
	(8, 8, 'Team_8', NULL, NULL, NULL, NULL, NULL, NULL, 293052, NULL, 1.00, '2015-08-04 16:27:18', '2015-08-12 17:56:04', NULL),
	(9, 9, 'Team_9', NULL, NULL, NULL, NULL, NULL, NULL, 550640, NULL, 1.00, '2015-08-04 16:27:19', '2015-08-13 12:19:10', NULL),
	(10, 10, 'Team_10', NULL, NULL, NULL, NULL, NULL, NULL, 1404080, NULL, 1.00, '2015-08-04 16:27:19', '2015-08-13 12:19:09', NULL),
	(11, 11, 'Team_11', NULL, NULL, NULL, NULL, NULL, NULL, 1183850, NULL, 1.00, '2015-08-04 16:27:19', '2015-08-13 12:17:54', NULL),
	(12, 12, 'Team_12', NULL, NULL, NULL, NULL, NULL, NULL, 102080, NULL, 1.00, '2015-08-04 16:27:19', '2015-08-13 12:17:54', NULL),
	(13, 13, 'Team_13', NULL, NULL, NULL, NULL, NULL, NULL, 805, NULL, 2.10, '2015-08-04 16:27:19', '2015-08-12 02:20:01', NULL),
	(14, 14, 'Team_14', NULL, NULL, NULL, NULL, NULL, NULL, 46204, NULL, 2.10, '2015-08-04 16:27:19', '2015-08-05 11:00:58', NULL),
	(15, 15, 'Team_15', NULL, NULL, NULL, NULL, NULL, NULL, 49850, NULL, 2.10, '2015-08-04 16:27:19', '2015-08-05 11:53:19', NULL),
	(16, 16, 'Team_16', NULL, NULL, NULL, NULL, NULL, NULL, 50000, NULL, 2.10, '2015-08-04 17:01:16', '2015-08-04 17:01:16', NULL),
	(17, 18, 'Team_18', NULL, NULL, NULL, NULL, NULL, NULL, 50000, 1, 2.10, '2015-08-04 17:18:34', '2015-08-04 18:01:07', NULL),
	(18, 20, 'Team_20', NULL, NULL, NULL, NULL, NULL, NULL, 50000, NULL, 2.10, '2015-08-05 16:00:53', '2015-08-05 16:00:53', NULL);
/*!40000 ALTER TABLE `team_team` ENABLE KEYS */;


-- Dumping structure for table ral.user_board
DROP TABLE IF EXISTS `user_board`;
CREATE TABLE IF NOT EXISTS `user_board` (
  `id` int(11) NOT NULL AUTO_INCREMENT,
  `user_id` bigint(20) DEFAULT NULL,
  `writer_id` bigint(20) DEFAULT NULL,
  `message` text,
  `created_at` datetime NOT NULL,
  `updated_at` datetime NOT NULL,
  `deleted_at` datetime DEFAULT NULL,
  PRIMARY KEY (`id`)
) ENGINE=MyISAM DEFAULT CHARSET=utf8;

-- Dumping data for table ral.user_board: 0 rows
DELETE FROM `user_board`;
/*!40000 ALTER TABLE `user_board` DISABLE KEYS */;
/*!40000 ALTER TABLE `user_board` ENABLE KEYS */;


-- Dumping structure for table ral.user_friends
DROP TABLE IF EXISTS `user_friends`;
CREATE TABLE IF NOT EXISTS `user_friends` (
  `id` int(11) NOT NULL AUTO_INCREMENT,
  `user_id` bigint(20) DEFAULT NULL,
  `friend_id` bigint(20) DEFAULT NULL,
  `accepted` tinyint(1) DEFAULT '0',
  `created_at` datetime NOT NULL,
  `updated_at` datetime NOT NULL,
  PRIMARY KEY (`id`),
  KEY `user_friends_user_id_user_user_id` (`user_id`),
  KEY `user_friends_friend_id_user_user_id` (`friend_id`)
) ENGINE=MyISAM DEFAULT CHARSET=utf8;

-- Dumping data for table ral.user_friends: 0 rows
DELETE FROM `user_friends`;
/*!40000 ALTER TABLE `user_friends` DISABLE KEYS */;
/*!40000 ALTER TABLE `user_friends` ENABLE KEYS */;


-- Dumping structure for table ral.user_invite
DROP TABLE IF EXISTS `user_invite`;
CREATE TABLE IF NOT EXISTS `user_invite` (
  `id` int(11) NOT NULL AUTO_INCREMENT,
  `user_id` bigint(20) DEFAULT NULL,
  `email` varchar(255) DEFAULT NULL,
  `created_at` datetime NOT NULL,
  `updated_at` datetime NOT NULL,
  PRIMARY KEY (`id`),
  KEY `user_invite_user_id_user_user_id` (`user_id`)
) ENGINE=MyISAM AUTO_INCREMENT=4 DEFAULT CHARSET=utf8;

-- Dumping data for table ral.user_invite: 3 rows
DELETE FROM `user_invite`;
/*!40000 ALTER TABLE `user_invite` DISABLE KEYS */;
INSERT INTO `user_invite` (`id`, `user_id`, `email`, `created_at`, `updated_at`) VALUES
	(1, 3, 'tomasz.kardas20@gmail.com', '2015-08-04 16:35:28', '2015-08-04 16:35:28'),
	(2, 3, 'dsada@dsada.pl', '2015-08-04 16:48:49', '2015-08-04 16:48:49'),
	(3, 3, 'dsada@dsadada.pl', '2015-08-04 16:49:53', '2015-08-04 16:49:53');
/*!40000 ALTER TABLE `user_invite` ENABLE KEYS */;


-- Dumping structure for table ral.user_notification
DROP TABLE IF EXISTS `user_notification`;
CREATE TABLE IF NOT EXISTS `user_notification` (
  `id` int(11) NOT NULL AUTO_INCREMENT,
  `user_id` bigint(20) DEFAULT NULL,
  `type` int(11) DEFAULT NULL,
  `link` varchar(255) DEFAULT NULL,
  `message` text,
  `created_at` datetime NOT NULL,
  `updated_at` datetime NOT NULL,
  PRIMARY KEY (`id`)
) ENGINE=MyISAM DEFAULT CHARSET=utf8;

-- Dumping data for table ral.user_notification: 0 rows
DELETE FROM `user_notification`;
/*!40000 ALTER TABLE `user_notification` DISABLE KEYS */;
/*!40000 ALTER TABLE `user_notification` ENABLE KEYS */;


-- Dumping structure for table ral.user_premium_log
DROP TABLE IF EXISTS `user_premium_log`;
CREATE TABLE IF NOT EXISTS `user_premium_log` (
  `id` int(11) NOT NULL AUTO_INCREMENT,
  `amount` bigint(20) DEFAULT NULL,
  `user_id` bigint(20) DEFAULT NULL,
  `income` tinyint(1) DEFAULT '1',
  `description` varchar(255) DEFAULT NULL,
  `created_at` datetime NOT NULL,
  `updated_at` datetime NOT NULL,
  `deleted_at` datetime DEFAULT NULL,
  PRIMARY KEY (`id`)
) ENGINE=MyISAM AUTO_INCREMENT=6 DEFAULT CHARSET=utf8;

-- Dumping data for table ral.user_premium_log: 5 rows
DELETE FROM `user_premium_log`;
/*!40000 ALTER TABLE `user_premium_log` DISABLE KEYS */;
INSERT INTO `user_premium_log` (`id`, `amount`, `user_id`, `income`, `description`, `created_at`, `updated_at`, `deleted_at`) VALUES
	(1, 20, 3, 0, '7 days gold membership', '2015-08-04 16:32:38', '2015-08-04 16:32:38', NULL),
	(2, 20, 1, 0, '7 days gold membership', '2015-08-05 13:17:38', '2015-08-05 13:17:38', NULL),
	(3, 80, 1, 0, '90 days gold membership', '2015-08-05 13:17:46', '2015-08-05 13:17:46', NULL),
	(4, 80, 1, 0, '90 days gold membership', '2015-08-05 13:18:31', '2015-08-05 13:18:31', NULL),
	(5, 20, 3, 0, '7 days gold membership', '2015-08-12 15:23:35', '2015-08-12 15:23:35', NULL);
/*!40000 ALTER TABLE `user_premium_log` ENABLE KEYS */;


-- Dumping structure for table ral.user_user
DROP TABLE IF EXISTS `user_user`;
CREATE TABLE IF NOT EXISTS `user_user` (
  `id` int(11) NOT NULL AUTO_INCREMENT,
  `first_name` varchar(255) DEFAULT NULL,
  `last_name` varchar(255) DEFAULT NULL,
  `email` varchar(255) DEFAULT NULL,
  `username` varchar(255) DEFAULT NULL,
  `salt` varchar(255) DEFAULT NULL,
  `password` varchar(255) DEFAULT NULL,
  `role` varchar(255) DEFAULT NULL,
  `token` varchar(255) DEFAULT NULL,
  `active` tinyint(1) DEFAULT '1',
  `premium` bigint(20) DEFAULT NULL,
  `referer` bigint(20) DEFAULT NULL,
  `referer_not_active` tinyint(1) NOT NULL DEFAULT '0',
  `gold_member` tinyint(1) NOT NULL DEFAULT '0',
  `gold_member_expire` datetime DEFAULT NULL,
  `referer_paid` tinyint(1) DEFAULT '0',
  `created_at` datetime NOT NULL,
  `last_active` datetime DEFAULT NULL,
  `updated_at` datetime NOT NULL,
  `deleted_at` datetime DEFAULT NULL,
  PRIMARY KEY (`id`)
) ENGINE=MyISAM AUTO_INCREMENT=21 DEFAULT CHARSET=utf8;

-- Dumping data for table ral.user_user: 18 rows
DELETE FROM `user_user`;
/*!40000 ALTER TABLE `user_user` DISABLE KEYS */;
INSERT INTO `user_user` (`id`, `first_name`, `last_name`, `email`, `username`, `salt`, `password`, `role`, `token`, `active`, `premium`, `referer`, `referer_not_active`, `gold_member`, `gold_member_expire`, `referer_paid`, `created_at`, `last_active`, `updated_at`, `deleted_at`) VALUES
	(1, NULL, NULL, 'peop1153137@kardimobile.pl', 'peop_1153137', '2700d5c61954700899c7e09a0ba3ca45', 'cd918f5416c1ea18d4c8fc2b53b71499', 'user', '2700d5c61954700899c7e09a0ba3ca45', 1, 20, NULL, 0, 1, '2016-02-08 13:17:38', 0, '2015-08-04 16:27:17', '2015-08-11 17:28:53', '2015-08-11 17:28:53', NULL),
	(2, NULL, NULL, 'peop1166425@kardimobile.pl', 'peop_1166425', 'abf18df95f6a7e25204096f514362f5f', '5d13bb14515e4ed0d6bf4b23803531fa', 'user', 'abf18df95f6a7e25204096f514362f5f', 1, NULL, NULL, 0, 0, NULL, 0, '2015-08-04 16:27:18', '2015-08-11 17:29:03', '2015-08-11 17:29:03', NULL),
	(3, NULL, NULL, 'peop1128534@kardimobile.pl', 'kk33', '7baf806acc43ad103f8d84ac7171cd8f', '0613210aeddc1d25cfb1854e682ea278', 'user', '7baf806acc43ad103f8d84ac7171cd8f', 1, 60, NULL, 0, 1, '2015-08-19 15:23:35', 0, '2015-08-04 16:27:18', '2015-08-13 12:19:16', '2015-08-13 12:19:16', NULL),
	(4, NULL, NULL, 'peop1057544@kardimobile.pl', 'peop_1057544', 'd53f9d7345633cf1a8dc57b56958d20b', '6ff29a3ae5942df31d41ab1a519b1a3f', 'user', '0c36fc79ac8ff111cc0737a44b30dd69', 1, NULL, NULL, 0, 0, NULL, 0, '2015-08-04 16:27:18', '2015-08-11 17:32:48', '2015-08-11 17:32:48', NULL),
	(5, NULL, NULL, 'peop1191248@kardimobile.pl', 'peop_1191248', '14676095b78dd05a4f364a0adfd413ff', '8952afe94795b8de39cc8b58f817d61f', 'user', '14676095b78dd05a4f364a0adfd413ff', 1, NULL, NULL, 0, 0, NULL, 0, '2015-08-04 16:27:18', '2015-08-11 17:32:57', '2015-08-11 17:32:57', NULL),
	(6, NULL, NULL, 'peop1190143@kardimobile.pl', 'peop_1190143', '2329a8f7dacc735fb41dd15dda7f5dbc', '89c535bd0d01bf61e979227ef71add35', 'user', '2329a8f7dacc735fb41dd15dda7f5dbc', 1, NULL, NULL, 0, 0, NULL, 0, '2015-08-04 16:27:18', '2015-08-11 17:38:54', '2015-08-11 17:38:54', NULL),
	(7, NULL, NULL, 'peop1078992@kardimobile.pl', 'peop_1078992', '3f16c7ff7b4e27c3791f4dc3f848d68a', '95e6901759b670cc3d255b8898d2ba79', 'user', '3f16c7ff7b4e27c3791f4dc3f848d68a', 1, NULL, NULL, 0, 0, NULL, 0, '2015-08-04 16:27:18', '2015-08-11 17:39:15', '2015-08-11 17:39:15', NULL),
	(8, NULL, NULL, 'peop1167926@kardimobile.pl', 'peop_1167926', '73c193ff46f2104fad7e0b8583593e37', '2eef827465bbc87d9d37d9850e6d03c0', 'user', '73c193ff46f2104fad7e0b8583593e37', 1, NULL, NULL, 0, 0, NULL, 0, '2015-08-04 16:27:18', '2015-08-11 17:39:38', '2015-08-11 17:39:38', NULL),
	(9, NULL, NULL, 'peop1066382@kardimobile.pl', 'peop_1066382', '9f51863abd9f73fc45660c01ab0f55b3', 'b9c315d7e3ddeb99ec98189d1330700e', 'user', '9f51863abd9f73fc45660c01ab0f55b3', 1, NULL, NULL, 0, 0, NULL, 0, '2015-08-04 16:27:19', '2015-08-11 17:39:47', '2015-08-11 17:39:47', NULL),
	(10, NULL, NULL, 'peop1015344@kardimobile.pl', 'peop_1015344', 'aeab0b83c9c5d5aea56a6c7cf8fd0e95', '5a670d3978cdd86002150810afb64822', 'user', 'aeab0b83c9c5d5aea56a6c7cf8fd0e95', 1, NULL, NULL, 0, 0, NULL, 0, '2015-08-04 16:27:19', '2015-08-11 17:39:57', '2015-08-11 17:39:57', NULL),
	(11, NULL, NULL, 'peop1117383@kardimobile.pl', 'peop_1117383', 'e97790bc818a723510936a8ba4e08fb6', 'f66e3d7984b3516a96edc58ec7319f25', 'user', 'e97790bc818a723510936a8ba4e08fb6', 1, NULL, NULL, 0, 0, NULL, 0, '2015-08-04 16:27:19', '2015-08-11 17:40:08', '2015-08-11 17:40:08', NULL),
	(12, NULL, NULL, 'peop1031573@kardimobile.pl', 'peop_1031573', 'c85e53fc8ab7efef767612606aaf703b', 'f694dada21ced07f8675183934a94a2d', 'user', '92139366268af18e725e2c7ca176a091', 1, NULL, NULL, 0, 0, NULL, 0, '2015-08-04 16:27:19', '2015-08-11 17:40:16', '2015-08-11 17:40:16', NULL),
	(13, NULL, NULL, 'peop1004553@kardimobile.pl', 'peop_1004553', '6b26ec1f7d7641d69cb142dca4e9370a', '45f32d0cf8349aea0961b89219cf7194', 'user', '6b26ec1f7d7641d69cb142dca4e9370a', 1, NULL, NULL, 0, 0, NULL, 0, '2015-08-04 16:27:19', '2015-08-11 15:49:59', '2015-08-11 15:49:59', NULL),
	(14, NULL, NULL, 'peop1190900@kardimobile.pl', 'peop_1190900', '0cb62f70f000448807129f2910aea74b', '7421067aba54006911706f6efe50ccbb', 'user', '628f00a7ed47f74920f76c6762fdeaa4', 1, NULL, NULL, 0, 0, NULL, 0, '2015-08-04 16:27:19', '2015-08-11 15:47:31', '2015-08-11 15:47:31', NULL),
	(15, NULL, NULL, 'peop1148505@kardimobile.pl', 'peop_1148505', 'ee0f39de3d10b2b521da9b6e39eafadb', 'e32c8697fbda745690fac33ac1380bc9', 'user', 'ee0f39de3d10b2b521da9b6e39eafadb', 1, NULL, NULL, 0, 0, NULL, 0, '2015-08-04 16:27:19', '2015-08-07 16:24:48', '2015-08-07 16:24:48', NULL),
	(19, NULL, NULL, 'moderator', 'moderator', '93d07212d9fc94c440ea40c637b0a87a', '3752e702bcf99c77e5c91271b034d32c', 'moderator', '93d07212d9fc94c440ea40c637b0a87a', 1, NULL, 3, 0, 0, NULL, 0, '2015-08-04 17:18:18', '2015-08-05 12:38:33', '2015-08-05 12:38:33', NULL),
	(18, NULL, NULL, 'biuro@kardimobile.pl', 'km123', '93d07212d9fc94c440ea40c637b0a87a', '3752e702bcf99c77e5c91271b034d32c', 'user', '93d07212d9fc94c440ea40c637b0a87a', 1, NULL, 3, 0, 0, NULL, 0, '2015-08-04 17:18:18', '2015-08-07 16:25:12', '2015-08-07 16:25:12', NULL),
	(20, NULL, NULL, 'cron@kardimobile.pl', 'admin', '48fd05708efcfdf88f30d7b5eb68725a', 'c7721b616347c470ad6bba999c384464', 'admin', '48fd05708efcfdf88f30d7b5eb68725a', 1, NULL, NULL, 0, 0, NULL, 0, '2015-08-05 16:00:32', '2015-08-12 10:59:46', '2015-08-12 10:59:46', NULL);
/*!40000 ALTER TABLE `user_user` ENABLE KEYS */;


-- Dumping structure for view ral.viewuserteam
DROP VIEW IF EXISTS `viewuserteam`;
-- Creating temporary table to overcome VIEW dependency errors
CREATE TABLE `viewuserteam` (
	`id` INT(11) NOT NULL,
	`user_id` INT(11) NULL,
	`name` VARCHAR(255) NULL COLLATE 'utf8_general_ci',
	`driver1_id` INT(11) NULL,
	`driver2_id` INT(11) NULL,
	`pilot1_id` INT(11) NULL,
	`pilot2_id` INT(11) NULL,
	`car1_id` INT(11) NULL,
	`car2_id` INT(11) NULL,
	`cash` INT(11) NOT NULL,
	`sponsor_id` INT(11) NULL,
	`league_name` FLOAT(10,2) NULL,
	`created_at` DATETIME NOT NULL,
	`updated_at` DATETIME NOT NULL,
	`deleted_at` DATETIME NULL
) ENGINE=MyISAM;


-- Dumping structure for view ral.viewuserteam
DROP VIEW IF EXISTS `viewuserteam`;
-- Removing temporary table and create final VIEW structure
DROP TABLE IF EXISTS `viewuserteam`;
CREATE ALGORITHM=UNDEFINED DEFINER=`root`@`localhost` VIEW `viewuserteam` AS select t.* from user_user u inner join team_team t on u.id = t.user_id where u.username like 'peop_1004553' ;
/*!40101 SET SQL_MODE=IFNULL(@OLD_SQL_MODE, '') */;
/*!40014 SET FOREIGN_KEY_CHECKS=IF(@OLD_FOREIGN_KEY_CHECKS IS NULL, 1, @OLD_FOREIGN_KEY_CHECKS) */;
/*!40101 SET CHARACTER_SET_CLIENT=@OLD_CHARACTER_SET_CLIENT */;
