-- --------------------------------------------------------
-- Host:                         127.0.0.1
-- Wersja serwera:               5.6.24 - MySQL Community Server (GPL)
-- Serwer OS:                    Win32
-- HeidiSQL Wersja:              9.1.0.4867
-- --------------------------------------------------------

/*!40101 SET @OLD_CHARACTER_SET_CLIENT=@@CHARACTER_SET_CLIENT */;
/*!40101 SET NAMES utf8mb4 */;
/*!40014 SET @OLD_FOREIGN_KEY_CHECKS=@@FOREIGN_KEY_CHECKS, FOREIGN_KEY_CHECKS=0 */;
/*!40101 SET @OLD_SQL_MODE=@@SQL_MODE, SQL_MODE='NO_AUTO_VALUE_ON_ZERO' */;

-- Zrzut struktury tabela ral.banner_ad
CREATE TABLE IF NOT EXISTS `banner_ad` (
  `id` int(11) NOT NULL AUTO_INCREMENT,
  `publish` tinyint(1) DEFAULT '1',
  `metatag_id` int(11) DEFAULT NULL,
  `video_root_id` int(11) DEFAULT NULL,
  `date_from` datetime DEFAULT NULL,
  `date_to` datetime DEFAULT NULL,
  `target_href` varchar(255) DEFAULT NULL,
  `allow_skip` tinyint(1) DEFAULT '0',
  `created_at` datetime NOT NULL,
  `updated_at` datetime NOT NULL,
  `deleted_at` datetime DEFAULT NULL,
  PRIMARY KEY (`id`),
  KEY `video_root_id_idx` (`video_root_id`)
) ENGINE=MyISAM DEFAULT CHARSET=utf8;

-- Zrzucanie danych dla tabeli ral.banner_ad: 0 rows
DELETE FROM `banner_ad`;
/*!40000 ALTER TABLE `banner_ad` DISABLE KEYS */;
/*!40000 ALTER TABLE `banner_ad` ENABLE KEYS */;


-- Zrzut struktury tabela ral.banner_ad_translation
CREATE TABLE IF NOT EXISTS `banner_ad_translation` (
  `id` int(11) NOT NULL DEFAULT '0',
  `title` varchar(255) DEFAULT NULL,
  `slug` varchar(255) DEFAULT NULL,
  `content` longtext,
  `lang` char(2) NOT NULL DEFAULT '',
  PRIMARY KEY (`id`,`lang`)
) ENGINE=MyISAM DEFAULT CHARSET=utf8;

-- Zrzucanie danych dla tabeli ral.banner_ad_translation: 0 rows
DELETE FROM `banner_ad_translation`;
/*!40000 ALTER TABLE `banner_ad_translation` DISABLE KEYS */;
/*!40000 ALTER TABLE `banner_ad_translation` ENABLE KEYS */;


-- Zrzut struktury tabela ral.banner_banner
CREATE TABLE IF NOT EXISTS `banner_banner` (
  `id` int(11) NOT NULL AUTO_INCREMENT,
  `last_editor_id` int(11) DEFAULT NULL,
  `website` varchar(255) DEFAULT NULL,
  `position` varchar(255) DEFAULT NULL,
  `date_from` datetime DEFAULT NULL,
  `date_to` datetime DEFAULT NULL,
  `status` tinyint(1) DEFAULT '1',
  `attachment_root_id` int(11) DEFAULT NULL,
  `photo_root_id` int(11) DEFAULT NULL,
  `metatag_id` int(11) DEFAULT NULL,
  `created_at` datetime NOT NULL,
  `updated_at` datetime NOT NULL,
  `deleted_at` datetime DEFAULT NULL,
  PRIMARY KEY (`id`),
  KEY `last_editor_id_idx` (`last_editor_id`),
  KEY `photo_root_id_idx` (`photo_root_id`),
  KEY `attachment_root_id_idx` (`attachment_root_id`),
  KEY `metatag_id_idx` (`metatag_id`)
) ENGINE=MyISAM AUTO_INCREMENT=7 DEFAULT CHARSET=utf8;

-- Zrzucanie danych dla tabeli ral.banner_banner: 6 rows
DELETE FROM `banner_banner`;
/*!40000 ALTER TABLE `banner_banner` DISABLE KEYS */;
INSERT INTO `banner_banner` (`id`, `last_editor_id`, `website`, `position`, `date_from`, `date_to`, `status`, `attachment_root_id`, `photo_root_id`, `metatag_id`, `created_at`, `updated_at`, `deleted_at`) VALUES
	(1, NULL, NULL, 'Sidebar1', '2015-05-01 17:16:00', '2016-04-28 00:00:00', 1, 1, NULL, 1678, '2015-05-01 18:16:20', '2015-05-27 18:16:24', '2015-05-27 18:16:24'),
	(2, NULL, NULL, 'OverNews', '2015-05-01 17:16:00', '2017-11-27 00:00:00', 1, 2, NULL, 1679, '2015-05-01 18:16:49', '2015-05-27 18:16:35', NULL),
	(3, NULL, NULL, 'Sidebar1', '2015-05-27 17:16:00', '2017-05-29 00:00:00', 1, 3, NULL, 1690, '2015-05-27 18:16:53', '2015-05-27 18:16:53', NULL),
	(4, NULL, NULL, 'OverNews', '2015-05-27 17:17:00', '2017-09-18 00:00:00', 1, 4, NULL, 1691, '2015-05-27 18:17:45', '2015-05-27 18:17:45', NULL),
	(5, NULL, NULL, 'Sidebar1', '2015-05-27 17:20:00', '2017-08-31 00:00:00', 1, 5, NULL, 1692, '2015-05-27 18:21:04', '2015-05-27 18:21:04', NULL),
	(6, NULL, NULL, 'OverNews', '2015-05-27 17:22:00', '2017-07-28 00:00:00', 1, 6, NULL, 1693, '2015-05-27 18:22:22', '2015-06-10 21:24:51', NULL);
/*!40000 ALTER TABLE `banner_banner` ENABLE KEYS */;


-- Zrzut struktury tabela ral.banner_banner_category
CREATE TABLE IF NOT EXISTS `banner_banner_category` (
  `banner_id` int(11) NOT NULL DEFAULT '0',
  `category_id` int(11) NOT NULL DEFAULT '0',
  PRIMARY KEY (`banner_id`,`category_id`)
) ENGINE=MyISAM DEFAULT CHARSET=utf8;

-- Zrzucanie danych dla tabeli ral.banner_banner_category: 0 rows
DELETE FROM `banner_banner_category`;
/*!40000 ALTER TABLE `banner_banner_category` DISABLE KEYS */;
/*!40000 ALTER TABLE `banner_banner_category` ENABLE KEYS */;


-- Zrzut struktury tabela ral.banner_banner_translation
CREATE TABLE IF NOT EXISTS `banner_banner_translation` (
  `id` int(11) NOT NULL DEFAULT '0',
  `name` varchar(255) DEFAULT NULL,
  `slug` varchar(255) DEFAULT NULL,
  `description` longtext,
  `lang` char(2) NOT NULL DEFAULT '',
  PRIMARY KEY (`id`,`lang`)
) ENGINE=MyISAM DEFAULT CHARSET=utf8;

-- Zrzucanie danych dla tabeli ral.banner_banner_translation: 6 rows
DELETE FROM `banner_banner_translation`;
/*!40000 ALTER TABLE `banner_banner_translation` DISABLE KEYS */;
INSERT INTO `banner_banner_translation` (`id`, `name`, `slug`, `description`, `lang`) VALUES
	(1, 'Banner 1', 'banner-1', NULL, 'pl'),
	(2, 'Complex', 'complex', NULL, 'pl'),
	(3, 'Rimix', 'rimix', NULL, 'pl'),
	(4, 'Dormed', 'dormed', NULL, 'pl'),
	(5, 'KPiD', 'kpid', NULL, 'pl'),
	(6, 'ZSP Krzeszowice', 'zsp-krzeszowice', NULL, 'pl');
/*!40000 ALTER TABLE `banner_banner_translation` ENABLE KEYS */;


-- Zrzut struktury tabela ral.banner_category
CREATE TABLE IF NOT EXISTS `banner_category` (
  `id` int(11) NOT NULL AUTO_INCREMENT,
  `name` varchar(255) DEFAULT NULL,
  `slug` varchar(255) DEFAULT NULL,
  PRIMARY KEY (`id`)
) ENGINE=MyISAM DEFAULT CHARSET=utf8;

-- Zrzucanie danych dla tabeli ral.banner_category: 0 rows
DELETE FROM `banner_category`;
/*!40000 ALTER TABLE `banner_category` DISABLE KEYS */;
/*!40000 ALTER TABLE `banner_category` ENABLE KEYS */;


-- Zrzut struktury tabela ral.car_car
CREATE TABLE IF NOT EXISTS `car_car` (
  `id` int(11) NOT NULL AUTO_INCREMENT,
  `model_id` bigint(20) DEFAULT NULL,
  `name` varchar(255) DEFAULT NULL,
  `team_id` bigint(20) DEFAULT NULL,
  `mileage` bigint(20) DEFAULT NULL,
  `value` bigint(20) DEFAULT NULL,
  `upkeep` bigint(20) DEFAULT NULL,
  `last_season_value_id` bigint(20) DEFAULT NULL,
  `on_market` tinyint(1) NOT NULL DEFAULT '0',
  `created_at` datetime NOT NULL,
  `updated_at` datetime NOT NULL,
  `deleted_at` datetime DEFAULT NULL,
  `last_name_change` datetime DEFAULT NULL,
  PRIMARY KEY (`id`)
) ENGINE=MyISAM AUTO_INCREMENT=49 DEFAULT CHARSET=utf8;

-- Zrzucanie danych dla tabeli ral.car_car: 47 rows
DELETE FROM `car_car`;
/*!40000 ALTER TABLE `car_car` DISABLE KEYS */;
INSERT INTO `car_car` (`id`, `model_id`, `name`, `team_id`, `mileage`, `value`, `upkeep`, `last_season_value_id`, `on_market`, `created_at`, `updated_at`, `deleted_at`, `last_name_change`) VALUES
	(2, 19, 'No name', 2, 311, 165000, 24750, 0, 0, '2015-08-25 17:14:14', '2015-09-02 18:15:01', NULL, '2015-08-28 18:00:58'),
	(3, 6, 'CC 01', 3, 1028, 123000, 18450, 0, 0, '2015-08-25 18:57:06', '2015-09-05 09:30:01', NULL, '2015-08-30 11:25:23'),
	(4, 16, 'Bryczka', 4, 1028, 115000, 17250, 0, 0, '2015-08-25 19:07:54', '2015-09-05 09:30:01', NULL, '2015-09-03 19:22:05'),
	(5, 24, 'Seal no 1', 5, 337, 133000, 19950, 0, 0, '2015-08-26 06:44:07', '2015-09-01 12:30:00', NULL, '2015-08-27 11:00:27'),
	(6, 16, 'GTFour ST205', 6, 537, 115000, 17250, 0, 0, '2015-08-26 08:37:46', '2015-09-03 12:45:01', NULL, '2015-08-28 00:31:00'),
	(7, 6, 'Mitsubishi', 7, 1108, 123000, 18450, 0, 0, '2015-08-26 10:22:59', '2015-09-05 09:30:01', NULL, '2015-08-26 10:38:38'),
	(8, 16, 'Toyota Celica GT-Four ST205 #24097', 8, 0, 115000, 17250, 0, 0, '2015-08-26 11:14:47', '2015-08-26 11:14:47', NULL, NULL),
	(9, 6, 'Mitsubishi Lancer Evo IX GT340 #14033', 9, 652, 123000, 18450, 0, 0, '2015-08-26 11:18:45', '2015-09-05 09:30:01', NULL, NULL),
	(10, 43, 'Dacia Sandero #23813', 2, 0, 23900, 3585, 0, 1, '2015-08-26 16:32:29', '2015-09-04 13:51:07', NULL, NULL),
	(11, 11, 'NO NAMe', 10, 231, 183000, 27450, 0, 0, '2015-08-26 16:46:19', '2015-08-31 12:30:01', NULL, '2015-08-27 11:23:52'),
	(12, 16, 'OCENZUROWANO', 11, 0, 115000, 17250, 0, 0, '2015-08-26 20:17:15', '2015-08-26 20:19:19', NULL, '2015-08-26 20:19:19'),
	(13, 16, 'Toyota Celica GT-Four ST205 #19044', 12, 0, 115000, 17250, 0, 0, '2015-08-26 23:51:56', '2015-08-26 23:51:56', NULL, NULL),
	(14, 11, 'WRX STI 28 ', 13, 0, 183000, 27450, 0, 0, '2015-08-27 00:38:41', '2015-08-28 00:51:31', NULL, '2015-08-28 00:51:31'),
	(15, 24, 'Volkswagen Polo R WRC #12759', 14, 0, 133000, 19950, 0, 0, '2015-08-27 01:07:04', '2015-08-27 01:07:04', NULL, NULL),
	(16, 19, 'Ford Focus WRC #21940', 15, 1248, 165000, 24750, 0, 0, '2015-08-27 10:39:47', '2015-09-05 09:30:01', NULL, NULL),
	(17, 6, 'Mitsubishi Lancer Evo IX GT340 #9624', 16, 0, 123000, 18450, 0, 0, '2015-08-27 10:55:05', '2015-08-27 10:55:05', NULL, NULL),
	(18, 43, 'Dacia Sandero', 9, 0, 23900, 3585, 0, 0, '2015-08-27 11:22:23', '2015-09-04 12:35:02', NULL, '2015-09-04 12:35:02'),
	(19, 15, 'Seal no 2', 5, 91, 127000, 19050, 0, 0, '2015-08-27 14:44:48', '2015-08-30 12:45:00', NULL, '2015-08-29 10:51:55'),
	(20, 43, 'Dacia Sandero #4426', 17, 0, 23900, 3585, 0, 0, '2015-08-27 14:50:12', '2015-08-27 14:50:12', NULL, NULL),
	(21, 7, 'Ford Fiesta R5 #5768', 19, 0, 83000, 12450, 0, 0, '2015-08-28 10:16:57', '2015-08-28 10:16:57', NULL, NULL),
	(22, 24, 'Seal no 3', 5, 246, 133000, 19950, 0, 0, '2015-08-28 10:33:41', '2015-09-01 12:30:00', NULL, '2015-08-30 17:03:45'),
	(23, 21, 'CC 02', 3, 937, 119700, 17955, 0, 0, '2015-08-28 10:33:45', '2015-09-05 09:30:01', NULL, '2015-08-30 11:25:40'),
	(24, 17, 'Proton Satria Neo Sport #21473', 2, 0, 30500, 4575, 0, 0, '2015-08-28 10:33:48', '2015-08-28 17:47:41', '2015-08-28 17:47:41', NULL),
	(25, 43, 'Dacia Sandero #18377', 2, 0, 23900, 3585, 0, 0, '2015-08-28 10:33:50', '2015-08-28 10:33:50', NULL, NULL),
	(41, 28, 'Peugeot 207 #13492', 36, 0, 85100, 12765, 0, 0, '2015-08-30 09:59:45', '2015-08-30 09:59:45', NULL, NULL),
	(26, 23, 'Mini Cooper S #5224', 4, 0, 79300, 11895, 0, 0, '2015-08-29 20:48:39', '2015-09-04 02:20:06', NULL, NULL),
	(27, 28, 'Peugeot 207 #15513', 21, 0, 85100, 12765, 0, 0, '2015-08-29 20:48:39', '2015-08-29 20:48:39', NULL, NULL),
	(28, 12, 'Citroen Xsara VTS #23980', 22, 0, 72100, 10815, 0, 0, '2015-08-29 20:48:39', '2015-08-29 20:48:39', NULL, NULL),
	(29, 23, 'Mini Cooper S #21102', 23, 226, 79300, 11895, 0, 0, '2015-08-29 20:48:39', '2015-09-03 12:45:01', NULL, NULL),
	(30, 27, 'Ford Escort V Cosworth #24027', 24, 0, 97000, 14550, 0, 0, '2015-08-29 20:48:39', '2015-08-29 20:48:39', NULL, NULL),
	(31, 27, 'Ford Escort V Cosworth #19376', 25, 0, 97000, 14550, 0, 0, '2015-08-29 20:48:39', '2015-08-29 20:48:39', NULL, NULL),
	(32, 13, 'Mazda 323 GTR #24784', 26, 0, 74300, 11145, 0, 0, '2015-08-29 20:48:39', '2015-08-29 20:48:39', NULL, NULL),
	(33, 28, 'Peugeot 207 #14895', 27, 0, 85100, 12765, 0, 0, '2015-08-29 20:48:39', '2015-08-29 20:48:39', NULL, NULL),
	(34, 12, 'Citroen Xsara VTS #7398', 28, 0, 72100, 10815, 0, 0, '2015-08-29 20:48:39', '2015-08-29 20:48:39', NULL, NULL),
	(35, 27, 'Ford Escort V Cosworth #8336', 29, 0, 97000, 14550, 0, 0, '2015-08-29 20:48:39', '2015-08-29 20:48:39', NULL, NULL),
	(36, 13, 'Mazda 323 GTR #21322', 30, 0, 74300, 11145, 0, 0, '2015-08-29 20:48:39', '2015-08-29 20:48:39', NULL, NULL),
	(37, 18, 'Ford Focus RS #14754', 31, 0, 87200, 13080, 0, 0, '2015-08-29 20:48:39', '2015-08-29 20:48:39', NULL, NULL),
	(38, 13, 'Mazda 323 GTR #24929', 32, 0, 74300, 11145, 0, 0, '2015-08-29 20:48:39', '2015-08-29 20:48:39', NULL, NULL),
	(39, 23, 'Mini Cooper S #3466', 33, 0, 79300, 11895, 0, 0, '2015-08-29 20:48:39', '2015-09-04 10:57:05', '2015-09-04 10:57:05', NULL),
	(40, 13, 'Mazda 323 GTR #23611', 34, 0, 74300, 11145, 0, 0, '2015-08-29 20:48:39', '2015-08-29 20:48:39', NULL, NULL),
	(46, 43, 'Dacia Sandero #16420', 4, 0, 23900, 3585, 0, 0, '2015-09-03 19:27:09', '2015-09-03 19:27:09', NULL, NULL),
	(42, 24, 'Volkswagen Polo R WRC #4581', 23, 537, 133000, 19950, 0, 0, '2015-08-31 10:49:53', '2015-09-03 12:45:01', NULL, NULL),
	(43, 13, 'Mazda 323 GTR #20064', 37, 0, 74300, 11145, 0, 0, '2015-08-31 14:27:42', '2015-08-31 14:27:42', NULL, NULL),
	(44, 28, 'Peugeot 207 #6375', 38, 0, 85100, 12765, 0, 0, '2015-09-01 10:26:57', '2015-09-01 10:26:57', NULL, NULL),
	(45, 3, 'Triumph TR7 #15765', 9, 226, 41000, 6150, 0, 0, '2015-09-01 17:36:43', '2015-09-03 12:45:01', NULL, NULL),
	(47, 24, 'Volkswagen Polo R WRC #10398', 33, 19, 133000, 19950, 0, 0, '2015-09-04 10:57:43', '2015-09-05 09:30:01', NULL, NULL),
	(48, 23, 'Mini Cooper S #3747', 39, 0, 79300, 11895, 0, 0, '2015-09-04 13:16:18', '2015-09-04 13:16:18', NULL, NULL);
/*!40000 ALTER TABLE `car_car` ENABLE KEYS */;


-- Zrzut struktury tabela ral.car_car_models
CREATE TABLE IF NOT EXISTS `car_car_models` (
  `id` int(11) NOT NULL AUTO_INCREMENT,
  `name` varchar(255) DEFAULT NULL,
  `capacity` bigint(20) DEFAULT NULL,
  `horsepower` bigint(20) DEFAULT NULL,
  `max_speed` bigint(20) DEFAULT NULL,
  `acceleration` float(10,2) DEFAULT NULL,
  `wheel_drive` enum('front','rear','4x4') DEFAULT NULL,
  `league` bigint(20) DEFAULT NULL,
  `price` bigint(20) DEFAULT NULL,
  `unique` bigint(20) DEFAULT NULL,
  `real_value` bigint(20) DEFAULT NULL,
  `on_market` tinyint(1) NOT NULL DEFAULT '0',
  `photo` varchar(255) DEFAULT NULL,
  `created_at` datetime NOT NULL,
  `updated_at` datetime NOT NULL,
  PRIMARY KEY (`id`)
) ENGINE=MyISAM AUTO_INCREMENT=44 DEFAULT CHARSET=utf8;

-- Zrzucanie danych dla tabeli ral.car_car_models: 33 rows
DELETE FROM `car_car_models`;
/*!40000 ALTER TABLE `car_car_models` DISABLE KEYS */;
INSERT INTO `car_car_models` (`id`, `name`, `capacity`, `horsepower`, `max_speed`, `acceleration`, `wheel_drive`, `league`, `price`, `unique`, `real_value`, `on_market`, `photo`, `created_at`, `updated_at`) VALUES
	(11, 'Subaru Impreza WRX STI 2008', 2457, 297, 243, 4.80, '', 1, 183000, 1, 12787, 0, 'subaru_wrx_sti_2008.jpg', '2015-08-06 17:21:15', '2015-08-13 10:22:54'),
	(19, 'Ford Focus WRC', 1991, 300, 230, 4.20, '', 1, 165000, 1, 13353, 0, 'ford_focus_wrc.jpg', '2015-08-07 11:21:11', '2015-08-13 10:22:54'),
	(24, 'Volkswagen Polo R WRC', 1666, 315, 200, 3.90, '', 1, 133000, 0, 14026, 1, 'volkswagen_polo_r.jpg', '2015-08-07 12:25:29', '2015-08-13 10:22:54'),
	(15, 'Honda Civic Turbo Type R', 1998, 306, 268, 5.70, '', 1, 127000, 0, 14094, 0, 'honca_civic_type_r.jpg', '2015-08-06 18:06:58', '2015-08-13 10:22:54'),
	(6, 'Mitsubishi Lancer Evo IX GT340', 1997, 305, 250, 5.20, '', 1, 123000, 0, 14113, 0, 'mitsubishi_lancer_evo_ix.jpg', '2015-08-06 12:30:11', '2015-08-13 10:22:54'),
	(21, 'Skoda Octavia WRC', 1998, 300, 230, 4.80, '', 1, 119700, 0, 14361, 1, 'skoda_octavia_wrc.png', '2015-08-07 12:15:00', '2015-08-13 10:22:54'),
	(16, 'Toyota Celica GT-Four ST205', 1998, 239, 246, 5.90, '', 1, 115000, 0, 17379, 0, 'toyota_celica_gt_four.jpg', '2015-08-07 10:48:25', '2015-08-13 10:22:54'),
	(27, 'Ford Escort V Cosworth', 1993, 224, 232, 6.10, '', 2, 97000, 0, 18558, 0, 'ford_escort_rs_crossworth.png', '2015-08-07 12:55:56', '2015-08-13 10:22:54'),
	(18, 'Ford Focus RS', 1988, 215, 232, 6.70, '', 2, 87200, 0, 19400, 0, 'ford_focus_rs_I.jpg', '2015-08-07 11:01:11', '2015-08-13 10:22:54'),
	(28, 'Peugeot 207', 1998, 280, 199, 11.10, '', 2, 85100, 0, 20123, 1, 'peugeot_207.JPG', '2015-08-07 13:02:23', '2015-08-13 10:22:54'),
	(7, 'Ford Fiesta R5', 1597, 280, 180, 8.10, '', 2, 83000, 0, 20680, 0, 'ford_fiesta_r5.jpg', '2015-08-06 12:31:14', '2015-08-13 10:22:54'),
	(23, 'Mini Cooper S', 1598, 208, 210, 6.80, '', 2, 79300, 0, 21497, 0, 'mini_cooper_s.png', '2015-08-07 12:22:33', '2015-08-13 10:22:54'),
	(13, 'Mazda 323 GTR', 1840, 182, 221, 7.00, '', 2, 74300, 0, 21554, 0, 'mazda323_gtr.jpg', '2015-08-06 17:46:53', '2015-08-13 10:22:54'),
	(12, 'Citroen Xsara VTS', 1998, 167, 220, 8.00, '', 2, 72100, 0, 22298, 1, 'citroen_xsara_vts.jpg', '2015-08-06 17:30:34', '2015-08-13 10:22:54'),
	(22, 'Skoda Fabia IRC', 1398, 177, 223, 7.30, '', 3, 56500, 0, 23100, 1, 'skoda_fabia.png', '2015-08-07 12:17:42', '2015-08-13 10:22:54'),
	(1, 'BMW 318is', 1895, 138, 212, 9.70, '', 3, 53000, 0, 24626, 0, 'bmw318is.png', '2015-08-07 13:17:40', '2015-08-13 10:22:54'),
	(20, 'Hyundai Accent ', 1600, 137, 194, 8.20, '', 3, 50100, 0, 25393, 0, 'hyundai_accent.jpg', '2015-08-07 12:05:37', '2015-08-13 10:22:54'),
	(10, 'Suzuki Swift Sport', 1568, 136, 195, 8.70, '', 3, 49500, 0, 25728, 0, 'suzuki_swift.JPG', '2015-08-06 15:21:31', '2015-08-13 10:22:54'),
	(26, 'Ford Puma', 1679, 125, 203, 9.20, '', 3, 46100, 0, 25778, 0, 'ford_puma.jpg', '2015-08-07 12:40:24', '2015-08-13 10:22:54'),
	(14, 'FSO Polonez', 1600, 130, 180, 8.10, '', 3, 44500, 0, 26028, 0, 'fso_polonez.JPG', '2015-08-06 17:54:15', '2015-08-13 10:22:54'),
	(3, 'Triumph TR7', 1998, 105, 175, 9.80, '', 3, 41000, 0, 26711, 1, 'triumph_tr7.jpg', '2015-08-07 13:09:20', '2015-08-13 10:22:54'),
	(4, 'Alfa Romeo Junior', 1300, 136, 197, 10.30, '', 4, 36500, 0, 27026, 0, 'alfa_romeo_junior.png', '2015-08-07 13:06:34', '2015-08-13 10:22:54'),
	(5, 'Renault Clio III', 1598, 110, 190, 10.20, '', 4, 34100, 0, 27313, 0, 'renault_clio_3.jpg', '2015-08-06 17:17:50', '2015-08-13 10:22:54'),
	(2, 'Nissan Micra Sport', 1598, 108, 183, 9.80, '', 4, 33150, 0, 27465, 0, 'nissan_micra.jpg', '2015-08-07 13:13:40', '2015-08-13 10:22:54'),
	(42, 'Opel Viva GT', 1975, 104, 162, 10.70, '', 4, 33100, 0, 27513, 1, 'opel_viva.jpg', '2015-08-07 15:48:26', '2015-08-13 10:22:54'),
	(39, 'Ford Cortina MKIII', 1993, 98, 165, 11.10, '', 4, 31000, 0, 27700, 0, 'ford_cortina_mk3.png', '2015-08-07 15:44:10', '2015-08-13 10:22:54'),
	(17, 'Proton Satria Neo Sport', 1589, 111, 189, 11.50, '', 4, 30500, 0, 27716, 1, 'pro_satria_neo.png', '2015-08-07 10:56:18', '2015-08-13 10:22:54'),
	(40, 'Mazda 2 Sport', 1498, 102, 188, 10.40, '', 5, 24500, 0, 28004, 0, 'mazda2_sport.png', '2015-08-07 15:46:14', '2015-08-13 10:22:54'),
	(43, 'Dacia Sandero', 1598, 104, 180, 11.40, '', 5, 23900, 0, 28196, 1, 'dacia_sandero.png', '2015-08-07 16:09:41', '2015-08-13 10:22:54'),
	(8, 'Peugeot 208 VTi', 1199, 120, 178, 12.20, '', 5, 17000, 0, 28993, 0, 'peugot208_vti.jpg', '2015-08-06 12:39:23', '2015-08-13 10:22:54'),
	(41, 'Talbot Samba Rally', 1219, 90, 175, 10.80, '', 5, 13000, 0, 29736, 0, 'talbot_samba.png', '2015-08-07 15:47:54', '2015-08-13 10:22:54'),
	(25, 'Suzuki Ignis', 1300, 92, 159, 10.70, '', 5, 11500, 0, 29910, 0, 'suzuki_ignis.jpg', '2015-08-07 12:35:17', '2015-08-13 10:22:54'),
	(9, 'Fiat Cinquecento Sport', 1109, 54, 150, 13.80, '', 6, 5500, 1, 32803, 0, 'cinquecento.jpg', '2015-08-06 12:50:19', '2015-08-13 10:22:54');
/*!40000 ALTER TABLE `car_car_models` ENABLE KEYS */;


-- Zrzut struktury tabela ral.default_available_route
CREATE TABLE IF NOT EXISTS `default_available_route` (
  `id` int(11) NOT NULL AUTO_INCREMENT,
  `route` varchar(255) DEFAULT NULL,
  `name` varchar(255) DEFAULT NULL,
  PRIMARY KEY (`id`)
) ENGINE=MyISAM AUTO_INCREMENT=8 DEFAULT CHARSET=utf8;

-- Zrzucanie danych dla tabeli ral.default_available_route: 7 rows
DELETE FROM `default_available_route`;
/*!40000 ALTER TABLE `default_available_route` DISABLE KEYS */;
INSERT INTO `default_available_route` (`id`, `route`, `name`) VALUES
	(1, 'domain-i18n:homepage', 'Strona główna'),
	(2, 'domain-i18n:page', 'Strony'),
	(3, 'domain-gallery-list', 'Galeria'),
	(4, 'domain-news', 'Aktualności'),
	(5, 'domain-contact', 'Kontakt'),
	(6, 'domain-zespol', 'Zespol'),
	(7, 'domain-o-klubie', 'O klubie');
/*!40000 ALTER TABLE `default_available_route` ENABLE KEYS */;


-- Zrzut struktury tabela ral.default_city
CREATE TABLE IF NOT EXISTS `default_city` (
  `id` int(11) NOT NULL AUTO_INCREMENT,
  `name` varchar(255) DEFAULT NULL,
  `province_id` int(11) DEFAULT NULL,
  PRIMARY KEY (`id`),
  KEY `province_id_idx` (`province_id`)
) ENGINE=MyISAM AUTO_INCREMENT=2329 DEFAULT CHARSET=utf8;

-- Zrzucanie danych dla tabeli ral.default_city: 2 328 rows
DELETE FROM `default_city`;
/*!40000 ALTER TABLE `default_city` DISABLE KEYS */;
INSERT INTO `default_city` (`id`, `name`, `province_id`) VALUES
	(1, 'BolesĹawiec', 1),
	(2, 'Gromadka', 1),
	(3, 'Nowogrodziec', 1),
	(4, 'Osiecznica', 1),
	(5, 'Warta BolesĹawiecka', 1),
	(6, 'Jawor', 1),
	(7, 'BolkĂłw', 1),
	(8, 'MÄcinka', 1),
	(9, 'MĹciwojĂłw', 1),
	(10, 'Paszowice', 1),
	(11, 'WÄdroĹźe Wielkie', 1),
	(12, 'Karpacz', 1),
	(13, 'Kowary', 1),
	(14, 'Piechowice', 1),
	(15, 'Szklarska PorÄba', 1),
	(16, 'Janowice Wielkie', 1),
	(17, 'JeĹźĂłw Sudecki', 1),
	(18, 'MysĹakowice', 1),
	(19, 'PodgĂłrzyn', 1),
	(20, 'Stara Kamienica', 1),
	(21, 'Kamienna GĂłra', 1),
	(22, 'Lubawka', 1),
	(23, 'MarciszĂłw', 1),
	(24, 'LubaĹ', 1),
	(25, 'ĹwieradĂłw-ZdrĂłj', 1),
	(26, 'LeĹna', 1),
	(27, 'Olszyna', 1),
	(28, 'PlaterĂłwka', 1),
	(29, 'Siekierczyn', 1),
	(30, 'GryfĂłw ĹlÄski', 1),
	(31, 'Lubomierz', 1),
	(32, 'LwĂłwek ĹlÄski', 1),
	(33, 'Mirsk', 1),
	(34, 'WleĹ', 1),
	(35, 'ZawidĂłw', 1),
	(36, 'Zgorzelec', 1),
	(37, 'Bogatynia', 1),
	(38, 'PieĹsk', 1),
	(39, 'SulikĂłw', 1),
	(40, 'WÄgliniec', 1),
	(41, 'WojcieszĂłw', 1),
	(42, 'ZĹotoryja', 1),
	(43, 'Pielgrzymka', 1),
	(44, 'Ĺwierzawa', 1),
	(45, 'Zagrodno', 1),
	(46, 'Jelenia GĂłra', 1),
	(47, 'GĹogĂłw', 1),
	(48, 'Jerzmanowa', 1),
	(49, 'Kotla', 1),
	(50, 'PÄcĹaw', 1),
	(51, 'Ĺťukowice', 1),
	(52, 'GĂłra', 1),
	(53, 'Jemielno', 1),
	(54, 'NiechlĂłw', 1),
	(55, 'WÄsosz', 1),
	(56, 'ChojnĂłw', 1),
	(57, 'Krotoszyce', 1),
	(58, 'Kunice', 1),
	(59, 'Legnickie Pole', 1),
	(60, 'MiĹkowice', 1),
	(61, 'Prochowice', 1),
	(62, 'Ruja', 1),
	(63, 'Lubin', 1),
	(64, 'Rudna', 1),
	(65, 'Ĺcinawa', 1),
	(66, 'ChocianĂłw', 1),
	(67, 'Gaworzyce', 1),
	(68, 'GrÄbocice', 1),
	(69, 'Polkowice', 1),
	(70, 'PrzemkĂłw', 1),
	(71, 'Radwanice', 1),
	(72, 'Legnica', 1),
	(73, 'Bielawa', 1),
	(74, 'DzierĹźoniĂłw', 1),
	(75, 'Pieszyce', 1),
	(76, 'PiĹawa GĂłrna', 1),
	(77, 'Ĺagiewniki', 1),
	(78, 'Niemcza', 1),
	(79, 'Duszniki', 1),
	(80, 'KĹodzko', 1),
	(81, 'Kudowa-ZdrĂłj', 1),
	(82, 'Nowa Ruda', 1),
	(83, 'Polanica-ZdrĂłj', 1),
	(84, 'Bystrzyca KĹodzka', 1),
	(85, 'LÄdek-ZdrĂłj', 1),
	(86, 'Lewin KĹodzki', 1),
	(87, 'MiÄdzylesie', 1),
	(88, 'RadkĂłw', 1),
	(89, 'Stronie ĹlÄskie', 1),
	(90, 'Szczytna', 1),
	(91, 'Ĺwidnica', 1),
	(92, 'Ĺwiebodzice', 1),
	(93, 'Dobromierz', 1),
	(94, 'Jaworzyna ĹlÄska', 1),
	(95, 'Marcinowice', 1),
	(96, 'Strzegom', 1),
	(97, 'ĹťarĂłw', 1),
	(98, 'BoguszĂłw-Gorce', 1),
	(99, 'Jedlina-ZdrĂłj', 1),
	(100, 'Szczawno', 1),
	(101, 'Czarny BĂłr', 1),
	(102, 'GĹuszyca', 1),
	(103, 'MieroszĂłw', 1),
	(104, 'Stare Bogaczowice', 1),
	(105, 'Walim', 1),
	(106, 'WaĹbrzych', 1),
	(107, 'Bardo', 1),
	(108, 'CiepĹowody', 1),
	(109, 'Kamieniec ZÄbkowicki', 1),
	(110, 'Stoszowice', 1),
	(111, 'ZÄbkowice ĹlÄskie', 1),
	(112, 'ZiÄbice', 1),
	(113, 'ZĹoty Stok', 1),
	(114, 'CieszkĂłw', 1),
	(115, 'KroĹnice', 1),
	(116, 'Milicz', 1),
	(117, 'OleĹnica', 1),
	(118, 'BierutĂłw', 1),
	(119, 'Dobroszyce', 1),
	(120, 'Dziadowa KĹoda', 1),
	(121, 'MiÄdzybĂłrz', 1),
	(122, 'SycĂłw', 1),
	(123, 'TwardogĂłra', 1),
	(124, 'OĹawa', 1),
	(125, 'DomaniĂłw', 1),
	(126, 'Jelcz-Laskowice', 1),
	(127, 'BorĂłw', 1),
	(128, 'Kondratowice', 1),
	(129, 'Przeworno', 1),
	(130, 'Strzelin', 1),
	(131, 'WiÄzĂłw', 1),
	(132, 'KostomĹoty', 1),
	(133, 'Malczyce', 1),
	(134, 'MiÄkinia', 1),
	(135, 'Ĺroda ĹlÄska', 1),
	(136, 'Udanin', 1),
	(137, 'Oborniki ĹlÄskie', 1),
	(138, 'Prusice', 1),
	(139, 'Trzebnica', 1),
	(140, 'Wisznia MaĹa', 1),
	(141, 'Zawonia', 1),
	(142, 'ĹťmigrĂłd', 1),
	(143, 'Brzeg Dolny', 1),
	(144, 'WiĹsko', 1),
	(145, 'WoĹĂłw', 1),
	(146, 'Czernica', 1),
	(147, 'DĹugoĹÄka', 1),
	(148, 'JordanĂłw ĹlÄski', 1),
	(149, 'KÄty WrocĹawskie', 1),
	(150, 'Kobierzyce', 1),
	(151, 'MietkĂłw', 1),
	(152, 'SobĂłtka', 1),
	(153, 'ĹwiÄta Katarzyna', 1),
	(154, 'Siechnice', 1),
	(155, 'ĹťĂłrawina', 1),
	(156, 'WrocĹaw', 1),
	(157, 'BiaĹe BĹota', 2),
	(158, 'DÄbrowa CheĹmiĹska', 2),
	(159, 'Dobrcz', 2),
	(160, 'Koronowo', 2),
	(161, 'Nowa WieĹ Wielka', 2),
	(162, 'Osielsko', 2),
	(163, 'Sicienko', 2),
	(164, 'Solec Kujawski', 2),
	(165, 'CheĹmĹźa', 2),
	(166, 'Czernikowo', 2),
	(167, 'Lubicz', 2),
	(168, 'Ĺubianka', 2),
	(169, 'Ĺysomice', 2),
	(170, 'Obrowo', 2),
	(171, 'Wielka Nieszawka', 2),
	(172, 'ZĹawieĹ Wielka', 2),
	(173, 'Bydgoszcz', 2),
	(174, 'ToruĹ', 2),
	(175, 'Brodnica', 2),
	(176, 'Bobrowo', 2),
	(177, 'Brzozie', 2),
	(178, 'GĂłrzno', 2),
	(179, 'Bartniczka', 2),
	(180, 'JabĹonowo Pomorskie', 2),
	(181, 'Osiek', 2),
	(182, 'Ĺwiedziebnia', 2),
	(183, 'Zbiczno', 2),
	(184, 'CheĹmno', 2),
	(185, 'Kijewo KrĂłlewskie', 2),
	(186, 'Lisewo', 2),
	(187, 'Papowo Biskupie', 2),
	(188, 'Stolno', 2),
	(189, 'UnisĹaw', 2),
	(190, 'Golub-DobrzyĹ', 2),
	(191, 'Ciechocin', 2),
	(192, 'Kowalewo Pomorskie', 2),
	(193, 'Radomin', 2),
	(194, 'ZbĂłjno', 2),
	(195, 'GrudziÄdz', 2),
	(196, 'Gruta', 2),
	(197, 'Ĺasin', 2),
	(198, 'RadzyĹ CheĹmiĹski', 2),
	(199, 'RogĂłĹşno', 2),
	(200, 'Ĺwiecie nad OsÄ', 2),
	(201, 'KamieĹ KrajeĹski', 2),
	(202, 'SÄpĂłlno KrajeĹskie', 2),
	(203, 'SoĹno', 2),
	(204, 'WiÄcbork', 2),
	(205, 'Bukowiec', 2),
	(206, 'Dragacz', 2),
	(207, 'Drzycim', 2),
	(208, 'JeĹźewo', 2),
	(209, 'Lniano', 2),
	(210, 'Nowe', 2),
	(211, 'Osie', 2),
	(212, 'Pruszcz', 2),
	(213, 'Ĺwiecie', 2),
	(214, 'Ĺwiekatowo', 2),
	(215, 'Warlubie', 2),
	(216, 'Cekcyn', 2),
	(217, 'Gostycyn', 2),
	(218, 'KÄsowo', 2),
	(219, 'Lubiewo', 2),
	(220, 'Ĺliwice', 2),
	(221, 'Tuchola', 2),
	(222, 'WÄbrzeĹşno', 2),
	(223, 'DÄbowa ĹÄka', 2),
	(224, 'KsiÄĹźki', 2),
	(225, 'PĹuĹźnica', 2),
	(226, 'AleksandrĂłw Kujawski', 2),
	(227, 'Ciechocinek', 2),
	(228, 'Nieszawa', 2),
	(229, 'BÄdkowo', 2),
	(230, 'Koneck', 2),
	(231, 'RaciÄĹźek', 2),
	(232, 'Waganiec', 2),
	(233, 'Zakrzewo', 2),
	(234, 'InowrocĹaw', 2),
	(235, 'DÄbrowa Biskupia', 2),
	(236, 'Gniewkowo', 2),
	(237, 'Janikowo', 2),
	(238, 'Kruszwica', 2),
	(239, 'PakoĹÄ', 2),
	(240, 'Rojewo', 2),
	(241, 'ZĹotniki Kujawskie', 2),
	(242, 'Lipno', 2),
	(243, 'Bobrowniki', 2),
	(244, 'Chrostkowo', 2),
	(245, 'DobrzyĹ nad WisĹÄ', 2),
	(246, 'KikĂłĹ', 2),
	(247, 'SkÄpe', 2),
	(248, 'TĹuchowo', 2),
	(249, 'Wielgie', 2),
	(250, 'DÄbrowa', 2),
	(251, 'Jeziora Wielkie', 2),
	(252, 'Mogilno', 2),
	(253, 'Strzelno', 2),
	(254, 'Kcynia', 2),
	(255, 'Mrocza', 2),
	(256, 'NakĹo nad NoteciÄ', 2),
	(257, 'Sadki', 2),
	(258, 'Szubin', 2),
	(259, 'RadziejĂłw', 2),
	(260, 'BytoĹ', 2),
	(261, 'Dobre', 2),
	(262, 'OsiÄciny', 2),
	(263, 'PiotrkĂłw Kujawski', 2),
	(264, 'TopĂłlka', 2),
	(265, 'Rypin', 2),
	(266, 'Brzuze', 2),
	(267, 'Rogowo', 2),
	(268, 'Skrwilno', 2),
	(269, 'WÄpielsk', 2),
	(270, 'Kowal', 2),
	(271, 'Baruchowo', 2),
	(272, 'Boniewo', 2),
	(273, 'BrzeĹÄ Kujawski', 2),
	(274, 'ChoceĹ', 2),
	(275, 'Chodecz', 2),
	(276, 'Fabianki', 2),
	(277, 'Izbica Kujawska', 2),
	(278, 'Lubanie', 2),
	(279, 'LubieĹ Kujawski', 2),
	(280, 'Lubraniec', 2),
	(281, 'WĹocĹawek', 2),
	(282, 'Barcin', 2),
	(283, 'GÄsawa', 2),
	(284, 'Janowiec Wielkopolski', 2),
	(285, 'Ĺabiszyn', 2),
	(286, 'Ĺťnin', 2),
	(287, 'MiÄdzyrzec Podlaski', 3),
	(288, 'Terespol', 3),
	(289, 'BiaĹa Podlaska', 3),
	(290, 'DrelĂłw', 3),
	(291, 'JanĂłw Podlaski', 3),
	(292, 'KodeĹ', 3),
	(293, 'KonstantynĂłw', 3),
	(294, 'LeĹna Podlaska', 3),
	(295, 'Ĺomazy', 3),
	(296, 'Piszczac', 3),
	(297, 'Rokitno', 3),
	(298, 'Rossosz', 3),
	(299, 'SĹawatycze', 3),
	(300, 'SosnĂłwka', 3),
	(301, 'Tuczna', 3),
	(302, 'Wisznice', 3),
	(303, 'Zalesie', 3),
	(304, 'DÄbowa KĹoda', 3),
	(305, 'JabĹoĹ', 3),
	(306, 'MilanĂłw', 3),
	(307, 'Parczew', 3),
	(308, 'PodedwĂłrze', 3),
	(309, 'SiemieĹ', 3),
	(310, 'Sosnowica', 3),
	(311, 'RadzyĹ Podlaski', 3),
	(312, 'Borki', 3),
	(313, 'Czemierniki', 3),
	(314, 'KÄkolewnica Wschodnia', 3),
	(315, 'KomarĂłwka Podlaska', 3),
	(316, 'Ulan', 3),
	(317, 'WohyĹ', 3),
	(318, 'WĹodawa', 3),
	(319, 'Hanna', 3),
	(320, 'HaĹsk', 3),
	(321, 'Stary Brus', 3),
	(322, 'Urszulin', 3),
	(323, 'Wola Uhruska', 3),
	(324, 'Wyryki', 3),
	(325, 'BiĹgoraj', 3),
	(326, 'AleksandrĂłw', 3),
	(327, 'Biszcza', 3),
	(328, 'Frampol', 3),
	(329, 'Goraj', 3),
	(330, 'JĂłzefĂłw', 3),
	(331, 'KsiÄĹźpol', 3),
	(332, 'Ĺukowa', 3),
	(333, 'Obsza', 3),
	(334, 'Potok GĂłrny', 3),
	(335, 'TarnogrĂłd', 3),
	(336, 'Tereszpol', 3),
	(337, 'Turobin', 3),
	(338, 'Rejowiec Fabryczny', 3),
	(339, 'BiaĹopole', 3),
	(340, 'CheĹm', 3),
	(341, 'Dorohusk', 3),
	(342, 'Dubienka', 3),
	(343, 'KamieĹ', 3),
	(344, 'LeĹniowice', 3),
	(345, 'Ruda', 3),
	(346, 'Sawin', 3),
	(347, 'Siedliszcze', 3),
	(348, 'Wierzbica', 3),
	(349, 'WojsĹawice', 3),
	(350, 'ĹťmudĹş', 3),
	(351, 'Rejowiec', 3),
	(352, 'HrubieszĂłw', 3),
	(353, 'DoĹhobyczĂłw', 3),
	(354, 'HorodĹo', 3),
	(355, 'Mircze', 3),
	(356, 'Trzeszczany', 3),
	(357, 'Uchanie', 3),
	(358, 'Werbkowice', 3),
	(359, 'Krasnystaw', 3),
	(360, 'FajsĹawice', 3),
	(361, 'GorzkĂłw', 3),
	(362, 'Izbica', 3),
	(363, 'KraĹniczyn', 3),
	(364, 'Ĺopiennik GĂłrny', 3),
	(365, 'Rudnik', 3),
	(366, 'Siennica RĂłĹźana', 3),
	(367, 'ĹťĂłĹkiewka', 3),
	(368, 'TomaszĂłw Lubelski', 3),
	(369, 'BeĹĹźec', 3),
	(370, 'JarczĂłw', 3),
	(371, 'Krynice', 3),
	(372, 'Lubycza KrĂłlewska', 3),
	(373, 'ĹaszczĂłw', 3),
	(374, 'Rachanie', 3),
	(375, 'Susiec', 3),
	(376, 'Tarnawatka', 3),
	(377, 'Telatyn', 3),
	(378, 'Tyszowce', 3),
	(379, 'UlhĂłwek', 3),
	(380, 'AdamĂłw', 3),
	(381, 'Grabowiec', 3),
	(382, 'KomarĂłw', 3),
	(383, 'KrasnobrĂłd', 3),
	(384, 'Ĺabunie', 3),
	(385, 'MiÄczyn', 3),
	(386, 'Nielisz', 3),
	(387, 'Radecznica', 3),
	(388, 'Sitno', 3),
	(389, 'SkierbieszĂłw', 3),
	(390, 'Stary ZamoĹÄ', 3),
	(391, 'SuĹĂłw', 3),
	(392, 'Szczebrzeszyn', 3),
	(393, 'ZamoĹÄ', 3),
	(394, 'Zwierzyniec', 3),
	(395, 'LubartĂłw', 3),
	(396, 'AbramĂłw', 3),
	(397, 'Firlej', 3),
	(398, 'Jeziorzany', 3),
	(399, 'Kamionka', 3),
	(400, 'Kock', 3),
	(401, 'MichĂłw', 3),
	(402, 'NiedĹşwiada', 3),
	(403, 'OstrĂłw Lubelski', 3),
	(404, 'OstrĂłwek', 3),
	(405, 'Serniki', 3),
	(406, 'UĹcimĂłw', 3),
	(407, 'BeĹĹźyce', 3),
	(408, 'BorzechĂłw', 3),
	(409, 'Bychawa', 3),
	(410, 'GarbĂłw', 3),
	(411, 'GĹusk', 3),
	(412, 'JabĹonna', 3),
	(413, 'JastkĂłw', 3),
	(414, 'Konopnica', 3),
	(415, 'KrzczonĂłw', 3),
	(416, 'Niedrzwica DuĹźa', 3),
	(417, 'Niemce', 3),
	(418, 'StrzyĹźewice', 3),
	(419, 'WojciechĂłw', 3),
	(420, 'WĂłlka', 3),
	(421, 'Wysokie', 3),
	(422, 'Zakrzew', 3),
	(423, 'CycĂłw', 3),
	(424, 'Ludwin', 3),
	(425, 'ĹÄczna', 3),
	(426, 'MilejĂłw', 3),
	(427, 'PuchaczĂłw', 3),
	(428, 'Spiczyn', 3),
	(429, 'Ĺwidnik', 3),
	(430, 'MeĹgiew', 3),
	(431, 'Piaski', 3),
	(432, 'Rybczewice', 3),
	(433, 'Trawniki', 3),
	(434, 'Lublin', 3),
	(435, 'Batorz', 3),
	(436, 'ChrzanĂłw', 3),
	(437, 'Dzwola', 3),
	(438, 'GodziszĂłw', 3),
	(439, 'JanĂłw Lubelski', 3),
	(440, 'Modliborzyce', 3),
	(441, 'Potok Wielki', 3),
	(442, 'KraĹnik', 3),
	(443, 'Annopol', 3),
	(444, 'Dzierzkowice', 3),
	(445, 'GoĹcieradĂłw', 3),
	(446, 'Szastarka', 3),
	(447, 'Trzydnik DuĹźy', 3),
	(448, 'UrzÄdĂłw', 3),
	(449, 'WilkoĹaz', 3),
	(450, 'ZakrzĂłwek', 3),
	(451, 'ĹukĂłw', 3),
	(452, 'Stoczek Ĺukowski', 3),
	(453, 'Krzywda', 3),
	(454, 'Serokomla', 3),
	(455, 'Stanin', 3),
	(456, 'TrzebieszĂłw', 3),
	(457, 'WojcieszkĂłw', 3),
	(458, 'Wola MysĹowska', 3),
	(459, 'Chodel', 3),
	(460, 'JĂłzefĂłw nad WisĹÄ', 3),
	(461, 'Karczmiska', 3),
	(462, 'Ĺaziska', 3),
	(463, 'Opole Lubelskie', 3),
	(464, 'Poniatowa', 3),
	(465, 'WilkĂłw', 3),
	(466, 'PuĹawy', 3),
	(467, 'BaranĂłw', 3),
	(468, 'Janowiec', 3),
	(469, 'Kazimierz Dolny', 3),
	(470, 'KoĹskowola', 3),
	(471, 'KurĂłw', 3),
	(472, 'MarkuszĂłw', 3),
	(473, 'NaĹÄczĂłw', 3),
	(474, 'WÄwolnica', 3),
	(475, 'Ĺťyrzyn', 3),
	(476, 'DÄblin', 3),
	(477, 'KĹoczew', 3),
	(478, 'NowodwĂłr', 3),
	(479, 'Ryki', 3),
	(480, 'StÄĹźyca', 3),
	(481, 'UĹÄĹź', 3),
	(482, 'Kostrzyn nad OdrÄ', 4),
	(483, 'Bogdaniec', 4),
	(484, 'Deszczno', 4),
	(485, 'KĹodawa', 4),
	(486, 'Lubiszyn', 4),
	(487, 'Santok', 4),
	(488, 'Witnica', 4),
	(489, 'Bledzew', 4),
	(490, 'MiÄdzyrzecz', 4),
	(491, 'Przytoczna', 4),
	(492, 'Pszczew', 4),
	(493, 'Skwierzyna', 4),
	(494, 'Trzciel', 4),
	(495, 'Cybinka', 4),
	(496, 'GĂłrzyca', 4),
	(497, 'OĹno Lubuskie', 4),
	(498, 'Rzepin', 4),
	(499, 'SĹubice', 4),
	(500, 'Dobiegniew', 4),
	(501, 'Drezdenko', 4),
	(502, 'Stare Kurowo', 4),
	(503, 'Strzelce KrajeĹskie', 4),
	(504, 'Zwierzyn', 4),
	(505, 'Krzeszyce', 4),
	(506, 'Lubniewice', 4),
	(507, 'SĹoĹsk', 4),
	(508, 'SulÄcin', 4),
	(509, 'Torzym', 4),
	(510, 'GorzĂłw Wielkopolski', 4),
	(511, 'Gubin', 4),
	(512, 'Bobrowice', 4),
	(513, 'Bytnica', 4),
	(514, 'DÄbie', 4),
	(515, 'Krosno OdrzaĹskie', 4),
	(516, 'Maszewo', 4),
	(517, 'Nowa SĂłl', 4),
	(518, 'Bytom OdrzaĹski', 4),
	(519, 'Kolsko', 4),
	(520, 'KoĹźuchĂłw', 4),
	(521, 'Nowe Miasteczko', 4),
	(522, 'OtyĹ', 4),
	(523, 'Siedlisko', 4),
	(524, 'SĹawa', 4),
	(525, 'Szlichtyngowa', 4),
	(526, 'Wschowa', 4),
	(527, 'Lubrza', 4),
	(528, 'ĹagĂłw', 4),
	(529, 'SkÄpe', 4),
	(530, 'Szczaniec', 4),
	(531, 'Ĺwiebodzin', 4),
	(532, 'ZbÄszynek', 4),
	(533, 'Babimost', 4),
	(534, 'BojadĹa', 4),
	(535, 'CzerwieĹsk', 4),
	(536, 'Kargowa', 4),
	(537, 'NowogrĂłd BobrzaĹski', 4),
	(538, 'SulechĂłw', 4),
	(539, 'Ĺwidnica', 4),
	(540, 'TrzebiechĂłw', 4),
	(541, 'ZabĂłr', 4),
	(542, 'Zielona GĂłra', 4),
	(543, 'Gozdnica', 4),
	(544, 'ĹťagaĹ', 4),
	(545, 'BrzeĹşnica', 4),
	(546, 'IĹowa', 4),
	(547, 'MaĹomice', 4),
	(548, 'NiegosĹawice', 4),
	(549, 'Szprotawa', 4),
	(550, 'Wymiarki', 4),
	(551, 'ĹÄknica', 4),
	(552, 'Ĺťary', 4),
	(553, 'Brody', 4),
	(554, 'JasieĹ', 4),
	(555, 'Lipinki ĹuĹźyckie', 4),
	(556, 'Lubsko', 4),
	(557, 'PrzewĂłz', 4),
	(558, 'Trzebiel', 4),
	(559, 'Tuplice', 4),
	(560, 'Brzeziny', 5),
	(561, 'Andrespol', 5),
	(562, 'BrĂłjce', 5),
	(563, 'Dmosin', 5),
	(564, 'JeĹźĂłw', 5),
	(565, 'Koluszki', 5),
	(566, 'Nowosolna', 5),
	(567, 'RogĂłw', 5),
	(568, 'RzgĂłw', 5),
	(569, 'Tuszyn', 5),
	(570, 'KonstantynĂłw ĹĂłdzki', 5),
	(571, 'Pabianice', 5),
	(572, 'DĹutĂłw', 5),
	(573, 'DobroĹ', 5),
	(574, 'KsawerĂłw', 5),
	(575, 'Lutomiersk', 5),
	(576, 'GĹowno', 5),
	(577, 'OzorkĂłw', 5),
	(578, 'Zgierz', 5),
	(579, 'AleksandrĂłw ĹĂłdzki', 5),
	(580, 'ParzÄczew', 5),
	(581, 'StrykĂłw', 5),
	(582, 'ĹĂłdĹş', 5),
	(583, 'BeĹchatĂłw', 5),
	(584, 'DruĹźbice', 5),
	(585, 'KleszczĂłw', 5),
	(586, 'Kluki', 5),
	(587, 'Rusiec', 5),
	(588, 'SzczercĂłw', 5),
	(589, 'ZelĂłw', 5),
	(590, 'BiaĹaczĂłw', 5),
	(591, 'Drzewica', 5),
	(592, 'MniszkĂłw', 5),
	(593, 'Opoczno', 5),
	(594, 'ParadyĹź', 5),
	(595, 'PoĹwiÄtne', 5),
	(596, 'SĹawno', 5),
	(597, 'ĹťarnĂłw', 5),
	(598, 'AleksandrĂłw', 5),
	(599, 'Czarnocin', 5),
	(600, 'Gorzkowice', 5),
	(601, 'Grabica', 5),
	(602, 'ĹÄki Szlacheckie', 5),
	(603, 'Moszczenica', 5),
	(604, 'RÄczno', 5),
	(605, 'Rozprza', 5),
	(606, 'SulejĂłw', 5),
	(607, 'Wola Krzysztoporska', 5),
	(608, 'WolbĂłrz', 5),
	(609, 'Radomsko', 5),
	(610, 'Dobryszyce', 5),
	(611, 'Gidle', 5),
	(612, 'Gomunice', 5),
	(613, 'KamieĹsk', 5),
	(614, 'Kobiele Wielkie', 5),
	(615, 'KodrÄb', 5),
	(616, 'Lgota Wielka', 5),
	(617, 'Ĺadzice', 5),
	(618, 'MasĹowice', 5),
	(619, 'PrzedbĂłrz', 5),
	(620, 'WielgomĹyny', 5),
	(621, 'Ĺťytno', 5),
	(622, 'TomaszĂłw Mazowiecki', 5),
	(623, 'BÄdkĂłw', 5),
	(624, 'Budziszewice', 5),
	(625, 'Czerniewice', 5),
	(626, 'InowĹĂłdz', 5),
	(627, 'Lubochnia', 5),
	(628, 'Rokiciny', 5),
	(629, 'Rzeczyca', 5),
	(630, 'Ujazd', 5),
	(631, 'Ĺťelechlinek', 5),
	(632, 'PiotrkĂłw Trybunalski', 5),
	(633, 'Buczek', 5),
	(634, 'Ĺask', 5),
	(635, 'SÄdziejowice', 5),
	(636, 'Widawa', 5),
	(637, 'Wodzierady', 5),
	(638, 'DziaĹoszyn', 5),
	(639, 'KieĹczygĹĂłw', 5),
	(640, 'Nowa BrzeĹşnica', 5),
	(641, 'PajÄczno', 5),
	(642, 'RzÄĹnia', 5),
	(643, 'Siemkowice', 5),
	(644, 'Strzelce Wielkie', 5),
	(645, 'Sulmierzyce', 5),
	(646, 'DalikĂłw', 5),
	(647, 'PÄczniew', 5),
	(648, 'PoddÄbice', 5),
	(649, 'UniejĂłw', 5),
	(650, 'Wartkowice', 5),
	(651, 'Zadzim', 5),
	(652, 'Sieradz', 5),
	(653, 'BĹaszki', 5),
	(654, 'BrÄszewice', 5),
	(655, 'BrzeĹşnio', 5),
	(656, 'Burzenin', 5),
	(657, 'GoszczanĂłw', 5),
	(658, 'Klonowa', 5),
	(659, 'Warta', 5),
	(660, 'WrĂłblew', 5),
	(661, 'ZĹoczew', 5),
	(662, 'BiaĹa', 5),
	(663, 'CzarnoĹźyĹy', 5),
	(664, 'Konopnica', 5),
	(665, 'Mokrsko', 5),
	(666, 'OsjakĂłw', 5),
	(667, 'OstrĂłwek', 5),
	(668, 'PÄtnĂłw', 5),
	(669, 'Skomlin', 5),
	(670, 'WieluĹ', 5),
	(671, 'Wierzchlas', 5),
	(672, 'BolesĹawiec', 5),
	(673, 'Czastary', 5),
	(674, 'Galewice', 5),
	(675, 'LututĂłw', 5),
	(676, 'Ĺubnice', 5),
	(677, 'Sokolniki', 5),
	(678, 'WieruszĂłw', 5),
	(679, 'ZduĹska Wola', 5),
	(680, 'Szadek', 5),
	(681, 'Zapolice', 5),
	(682, 'Kutno', 5),
	(683, 'Bedlno', 5),
	(684, 'DÄbrowice', 5),
	(685, 'KroĹniewice', 5),
	(686, 'KrzyĹźanĂłw', 5),
	(687, 'ĹaniÄta', 5),
	(688, 'Nowe Ostrowy', 5),
	(689, 'OporĂłw', 5),
	(690, 'Strzelce', 5),
	(691, 'Ĺťychlin', 5),
	(692, 'ĹÄczyca', 5),
	(693, 'Daszyna', 5),
	(694, 'GĂłra ĹwiÄtej MaĹgorzaty', 5),
	(695, 'GrabĂłw', 5),
	(696, 'PiÄtek', 5),
	(697, 'Ĺwinice Warckie', 5),
	(698, 'Witonia', 5),
	(699, 'Ĺowicz', 5),
	(700, 'Bielawy', 5),
	(701, 'ChÄĹno', 5),
	(702, 'Domaniewice', 5),
	(703, 'Kiernozia', 5),
	(704, 'Kocierzew PoĹudniowy', 5),
	(705, 'Ĺyszkowice', 5),
	(706, 'NieborĂłw', 5),
	(707, 'Zduny', 5),
	(708, 'Rawa Mazowiecka', 5),
	(709, 'BiaĹa Rawska', 5),
	(710, 'CielÄdz', 5),
	(711, 'RegnĂłw', 5),
	(712, 'Sadkowice', 5),
	(713, 'BolimĂłw', 5),
	(714, 'GĹuchĂłw', 5),
	(715, 'GodzianĂłw', 5),
	(716, 'Kowiesy', 5),
	(717, 'Lipce Reymontowskie', 5),
	(718, 'MakĂłw', 5),
	(719, 'Nowy KawÄczyn', 5),
	(720, 'Skierniewice', 5),
	(721, 'SĹupia', 5),
	(722, 'Bochnia', 6),
	(723, 'Drwinia', 6),
	(724, 'Lipnica Murowana', 6),
	(725, 'ĹapanĂłw', 6),
	(726, 'Nowy WiĹnicz', 6),
	(727, 'Rzezawa', 6),
	(728, 'Trzciana', 6),
	(729, 'Ĺťegocina', 6),
	(730, 'CzernichĂłw', 6),
	(731, 'IgoĹomia', 6),
	(732, 'Iwanowice', 6),
	(733, 'Jerzmanowice', 6),
	(734, 'KocmyrzĂłw', 6),
	(735, 'Krzeszowice', 6),
	(736, 'Liszki', 6),
	(737, 'MichaĹowice', 6),
	(738, 'Mogilany', 6),
	(739, 'SkaĹa', 6),
	(740, 'Skawina', 6),
	(741, 'SĹomniki', 6),
	(742, 'SuĹoszowa', 6),
	(743, 'ĹwiÄtniki GĂłrne', 6),
	(744, 'Wielka WieĹ', 6),
	(745, 'ZabierzĂłw', 6),
	(746, 'Zielonki', 6),
	(747, 'Charsznica', 6),
	(748, 'GoĹcza', 6),
	(749, 'KozĹĂłw', 6),
	(750, 'KsiÄĹź Wielki', 6),
	(751, 'MiechĂłw', 6),
	(752, 'RacĹawice', 6),
	(753, 'SĹaboszĂłw', 6),
	(754, 'Dobczyce', 6),
	(755, 'LubieĹ', 6),
	(756, 'MyĹlenice', 6),
	(757, 'Pcim', 6),
	(758, 'Raciechowice', 6),
	(759, 'Siepraw', 6),
	(760, 'SuĹkowice', 6),
	(761, 'Tokarnia', 6),
	(762, 'WiĹniowa', 6),
	(763, 'Koniusza', 6),
	(764, 'Koszyce', 6),
	(765, 'Nowe Brzesko', 6),
	(766, 'PaĹecznica', 6),
	(767, 'Proszowice', 6),
	(768, 'Radziemice', 6),
	(769, 'Biskupice', 6),
	(770, 'GdĂłw', 6),
	(771, 'KĹaj', 6),
	(772, 'NiepoĹomice', 6),
	(773, 'Wieliczka', 6),
	(774, 'KrakĂłw', 6),
	(775, 'Gorlice', 6),
	(776, 'Biecz', 6),
	(777, 'Bobowa', 6),
	(778, 'Lipinki', 6),
	(779, 'ĹuĹźna', 6),
	(780, 'Moszczenica', 6),
	(781, 'Ropa', 6),
	(782, 'SÄkowa', 6),
	(783, 'UĹcie Gorlickie', 6),
	(784, 'Limanowa', 6),
	(785, 'Mszana Dolna', 6),
	(786, 'Dobra', 6),
	(787, 'JodĹownik', 6),
	(788, 'Kamienica', 6),
	(789, 'Laskowa', 6),
	(790, 'Ĺukowica', 6),
	(791, 'NiedĹşwiedĹş', 6),
	(792, 'SĹopnice', 6),
	(793, 'Tymbark', 6),
	(794, 'GrybĂłw', 6),
	(795, 'CheĹmiec', 6),
	(796, 'GrĂłdek nad Dunajcem', 6),
	(797, 'Kamionka Wielka', 6),
	(798, 'Korzenna', 6),
	(799, 'Krynica-ZdrĂłj', 6),
	(800, 'Ĺabowa', 6),
	(801, 'ĹÄcko', 6),
	(802, 'Ĺososina Dolna', 6),
	(803, 'Muszyna', 6),
	(804, 'Nawojowa', 6),
	(805, 'Piwniczna-ZdrĂłj', 6),
	(806, 'Podegrodzie', 6),
	(807, 'Rytro', 6),
	(808, 'Stary SÄcz', 6),
	(809, 'Nowy Targ', 6),
	(810, 'Szczawnica', 6),
	(811, 'Czarny Dunajec', 6),
	(812, 'Czorsztyn', 6),
	(813, 'JabĹonka', 6),
	(814, 'KroĹcienko nad Dunajcem', 6),
	(815, 'Lipnica Wielka', 6),
	(816, 'Ĺapsze NiĹźne', 6),
	(817, 'Ochotnica Dolna', 6),
	(818, 'Raba WyĹźna', 6),
	(819, 'Rabka-ZdrĂłj', 6),
	(820, 'Spytkowice', 6),
	(821, 'Szaflary', 6),
	(822, 'Zakopane', 6),
	(823, 'BiaĹy Dunajec', 6),
	(824, 'Bukowina TatrzaĹska', 6),
	(825, 'KoĹcielisko', 6),
	(826, 'Poronin', 6),
	(827, 'Nowy SÄcz', 6),
	(828, 'Alwernia', 6),
	(829, 'Babice', 6),
	(830, 'ChrzanĂłw', 6),
	(831, 'LibiÄĹź', 6),
	(832, 'Trzebinia', 6),
	(833, 'Bukowno', 6),
	(834, 'SĹawkĂłw', 6),
	(835, 'BolesĹaw', 6),
	(836, 'Klucze', 6),
	(837, 'Olkusz', 6),
	(838, 'TrzyciÄĹź', 6),
	(839, 'Wolbrom', 6),
	(840, 'OĹwiÄcim', 6),
	(841, 'Brzeszcze', 6),
	(842, 'CheĹmek', 6),
	(843, 'KÄty', 6),
	(844, 'Osiek', 6),
	(845, 'Polanka Wielka', 6),
	(846, 'PrzeciszĂłw', 6),
	(847, 'Zator', 6),
	(848, 'JordanĂłw', 6),
	(849, 'Sucha Beskidzka', 6),
	(850, 'BudzĂłw', 6),
	(851, 'Bystra', 6),
	(852, 'MakĂłw PodhalaĹski', 6),
	(853, 'Stryszawa', 6),
	(854, 'Zawoja', 6),
	(855, 'Zembrzyce', 6),
	(856, 'AndrychĂłw', 6),
	(857, 'BrzeĹşnica', 6),
	(858, 'Kalwaria Zebrzydowska', 6),
	(859, 'Lanckorona', 6),
	(860, 'Mucharz', 6),
	(861, 'StryszĂłw', 6),
	(862, 'Tomice', 6),
	(863, 'Wadowice', 6),
	(864, 'Wieprz', 6),
	(865, 'BorzÄcin', 6),
	(866, 'Brzesko', 6),
	(867, 'CzchĂłw', 6),
	(868, 'DÄbno', 6),
	(869, 'Gnojnik', 6),
	(870, 'Iwkowa', 6),
	(871, 'Szczurowa', 6),
	(872, 'DÄbrowa Tarnowska', 6),
	(873, 'GrÄboszĂłw', 6),
	(874, 'MÄdrzechĂłw', 6),
	(875, 'Olesno', 6),
	(876, 'Radgoszcz', 6),
	(877, 'Szczucin', 6),
	(878, 'CiÄĹźkowice', 6),
	(879, 'Gromnik', 6),
	(880, 'Lisia GĂłra', 6),
	(881, 'PleĹna', 6),
	(882, 'RadĹĂłw', 6),
	(883, 'Ryglice', 6),
	(884, 'Rzepiennik StrzyĹźewski', 6),
	(885, 'SkrzyszĂłw', 6),
	(886, 'TarnĂłw', 6),
	(887, 'TuchĂłw', 6),
	(888, 'WierzchosĹawice', 6),
	(889, 'Wietrzychowice', 6),
	(890, 'Wojnicz', 6),
	(891, 'Zakliczyn', 6),
	(892, 'Ĺťabno', 6),
	(893, 'Szerzyny', 6),
	(894, 'CiechanĂłw', 7),
	(895, 'Glinojeck', 7),
	(896, 'GoĹymin', 7),
	(897, 'Grudusk', 7),
	(898, 'OjrzeĹ', 7),
	(899, 'OpinogĂłra GĂłrna', 7),
	(900, 'Regimin', 7),
	(901, 'SoĹsk', 7),
	(902, 'Gostynin', 7),
	(903, 'Pacyna', 7),
	(904, 'Sanniki', 7),
	(905, 'Szczawin KoĹcielny', 7),
	(906, 'MĹawa', 7),
	(907, 'Dzierzgowo', 7),
	(908, 'Lipowiec KoĹcielny', 7),
	(909, 'RadzanĂłw', 7),
	(910, 'Strzegowo', 7),
	(911, 'Stupsk', 7),
	(912, 'SzreĹsk', 7),
	(913, 'SzydĹowo', 7),
	(914, 'Wieczfnia KoĹcielna', 7),
	(915, 'WiĹniewo', 7),
	(916, 'Bielsk', 7),
	(917, 'BodzanĂłw', 7),
	(918, 'BrudzeĹ DuĹźy', 7),
	(919, 'Bulkowo', 7),
	(920, 'Drobin', 7),
	(921, 'GÄbin', 7),
	(922, 'ĹÄck', 7),
	(923, 'MaĹa WieĹ', 7),
	(924, 'Nowy DuninĂłw', 7),
	(925, 'Radzanowo', 7),
	(926, 'SĹubice', 7),
	(927, 'SĹupno', 7),
	(928, 'Stara BiaĹa', 7),
	(929, 'StaroĹşreby', 7),
	(930, 'WyszogrĂłd', 7),
	(931, 'PĹoĹsk', 7),
	(932, 'RaciÄĹź', 7),
	(933, 'Baboszewo', 7),
	(934, 'CzerwiĹsk nad WisĹÄ', 7),
	(935, 'DzierzÄĹźnia', 7),
	(936, 'Joniec', 7),
	(937, 'Naruszewo', 7),
	(938, 'Nowe Miasto', 7),
	(939, 'Sochocin', 7),
	(940, 'ZaĹuski', 7),
	(941, 'Sierpc', 7),
	(942, 'Gozdowo', 7),
	(943, 'Mochowo', 7),
	(944, 'RoĹciszewo', 7),
	(945, 'Szczutowo', 7),
	(946, 'Zawidz', 7),
	(947, 'BieĹźuĹ', 7),
	(948, 'Kuczbork', 7),
	(949, 'Lubowidz', 7),
	(950, 'Lutocin', 7),
	(951, 'SiemiÄtkowo', 7),
	(952, 'Ĺťuromin', 7),
	(953, 'PĹock', 7),
	(954, 'Huszlew', 7),
	(955, 'Ĺosice', 7),
	(956, 'Olszanka', 7),
	(957, 'PlaterĂłw', 7),
	(958, 'Sarnaki', 7),
	(959, 'Stara Kornica', 7),
	(960, 'MakĂłw Mazowiecki', 7),
	(961, 'Czerwonka', 7),
	(962, 'Karniewo', 7),
	(963, 'Krasnosielc', 7),
	(964, 'MĹynarze', 7),
	(965, 'PĹoniawy', 7),
	(966, 'RĂłĹźan', 7),
	(967, 'Rzewnie', 7),
	(968, 'Sypniewo', 7),
	(969, 'SzelkĂłw', 7),
	(970, 'Baranowo', 7),
	(971, 'Czarnia', 7),
	(972, 'Czerwin', 7),
	(973, 'Goworowo', 7),
	(974, 'KadzidĹo', 7),
	(975, 'Lelis', 7),
	(976, 'Ĺyse', 7),
	(977, 'Myszyniec', 7),
	(978, 'Olszewo', 7),
	(979, 'RzekuĹ', 7),
	(980, 'Troszyn', 7),
	(981, 'OstrĂłw Mazowiecka', 7),
	(982, 'Andrzejewo', 7),
	(983, 'Boguty', 7),
	(984, 'Brok', 7),
	(985, 'MaĹkinia GĂłrna', 7),
	(986, 'Nur', 7),
	(987, 'Stary LubotyĹ', 7),
	(988, 'Szulborze Wielkie', 7),
	(989, 'WÄsewo', 7),
	(990, 'ZarÄby KoĹcielne', 7),
	(991, 'Przasnysz', 7),
	(992, 'Chorzele', 7),
	(993, 'Czernice Borowe', 7),
	(994, 'JednoroĹźec', 7),
	(995, 'Krasne', 7),
	(996, 'KrzynowĹoga MaĹa', 7),
	(997, 'Gzy', 7),
	(998, 'Obryte', 7),
	(999, 'Pokrzywnica', 7),
	(1000, 'PuĹtusk', 7),
	(1001, 'Ĺwiercze', 7),
	(1002, 'Winnica', 7),
	(1003, 'Zatory', 7),
	(1004, 'Domanice', 7),
	(1005, 'Korczew', 7),
	(1006, 'KotuĹ', 7),
	(1007, 'Mokobody', 7),
	(1008, 'Mordy', 7),
	(1009, 'Paprotnia', 7),
	(1010, 'Przesmyki', 7),
	(1011, 'Siedlce', 7),
	(1012, 'SkĂłrzec', 7),
	(1013, 'SuchoĹźebry', 7),
	(1014, 'WiĹniew', 7),
	(1015, 'Wodynie', 7),
	(1016, 'Zbuczyn', 7),
	(1017, 'SokoĹĂłw Podlaski', 7),
	(1018, 'Bielany', 7),
	(1019, 'CeranĂłw', 7),
	(1020, 'JabĹonna Lacka', 7),
	(1021, 'KosĂłw Lacki', 7),
	(1022, 'Repki', 7),
	(1023, 'Sabnie', 7),
	(1024, 'SterdyĹ', 7),
	(1025, 'WÄgrĂłw', 7),
	(1026, 'GrÄbkĂłw', 7),
	(1027, 'Korytnica', 7),
	(1028, 'Liw', 7),
	(1029, 'ĹochĂłw', 7),
	(1030, 'Miedzna', 7),
	(1031, 'Sadowne', 7),
	(1032, 'Stoczek', 7),
	(1033, 'Wierzbno', 7),
	(1034, 'BraĹszczyk', 7),
	(1035, 'DĹugosiodĹo', 7),
	(1036, 'RzÄĹnik', 7),
	(1037, 'Somianka', 7),
	(1038, 'WyszkĂłw', 7),
	(1039, 'Zabrodzie', 7),
	(1040, 'OstroĹÄka', 7),
	(1041, 'BiaĹobrzegi', 7),
	(1042, 'Promna', 7),
	(1043, 'Stara BĹotnica', 7),
	(1044, 'Stromiec', 7),
	(1045, 'WyĹmierzyce', 7),
	(1046, 'Garbatka', 7),
	(1047, 'GĹowaczĂłw', 7),
	(1048, 'GniewoszĂłw', 7),
	(1049, 'GrabĂłw nad PilicÄ', 7),
	(1050, 'Kozienice', 7),
	(1051, 'Magnuszew', 7),
	(1052, 'SieciechĂłw', 7),
	(1053, 'Chotcza', 7),
	(1054, 'CiepielĂłw', 7),
	(1055, 'Lipsko', 7),
	(1056, 'RzeczniĂłw', 7),
	(1057, 'Sienno', 7),
	(1058, 'Solec nad WisĹÄ', 7),
	(1059, 'Borkowice', 7),
	(1060, 'GielniĂłw', 7),
	(1061, 'KlwĂłw', 7),
	(1062, 'OdrzywĂłĹ', 7),
	(1063, 'PotworĂłw', 7),
	(1064, 'Przysucha', 7),
	(1065, 'RusinĂłw', 7),
	(1066, 'Wieniawa', 7),
	(1067, 'Pionki', 7),
	(1068, 'GĂłzd', 7),
	(1069, 'IĹĹźa', 7),
	(1070, 'JastrzÄbia', 7),
	(1071, 'JedliĹsk', 7),
	(1072, 'Jedlnia', 7),
	(1073, 'Kowala', 7),
	(1074, 'Przytyk', 7),
	(1075, 'Skaryszew', 7),
	(1076, 'Wierzbica', 7),
	(1077, 'WolanĂłw', 7),
	(1078, 'Zakrzew', 7),
	(1079, 'Chlewiska', 7),
	(1080, 'JastrzÄb', 7),
	(1081, 'MirĂłw', 7),
	(1082, 'OroĹsko', 7),
	(1083, 'SzydĹowiec', 7),
	(1084, 'KazanĂłw', 7),
	(1085, 'Policzna', 7),
	(1086, 'PrzyĹÄk', 7),
	(1087, 'TczĂłw', 7),
	(1088, 'ZwoleĹ', 7),
	(1089, 'Radom', 7),
	(1090, 'Warszawa', 7),
	(1091, 'Bemowo', 7),
	(1092, 'BiaĹoĹÄka', 7),
	(1093, 'MokotĂłw', 7),
	(1094, 'Ochota', 7),
	(1095, 'Praga', 7),
	(1096, 'RembertĂłw', 7),
	(1097, 'ĹrĂłdmieĹcie', 7),
	(1098, 'TargĂłwek', 7),
	(1099, 'Ursus', 7),
	(1100, 'UrsynĂłw', 7),
	(1101, 'Wawer', 7),
	(1102, 'WesoĹa', 7),
	(1103, 'WilanĂłw', 7),
	(1104, 'WĹochy', 7),
	(1105, 'Wola', 7),
	(1106, 'Ĺťoliborz', 7),
	(1107, 'Garwolin', 7),
	(1108, 'Ĺaskarzew', 7),
	(1109, 'Borowie', 7),
	(1110, 'GĂłrzno', 7),
	(1111, 'Maciejowice', 7),
	(1112, 'MiastkĂłw KoĹcielny', 7),
	(1113, 'ParysĂłw', 7),
	(1114, 'Pilawa', 7),
	(1115, 'Sobolew', 7),
	(1116, 'TrojanĂłw', 7),
	(1117, 'Wilga', 7),
	(1118, 'ĹťelechĂłw', 7),
	(1119, 'Legionowo', 7),
	(1120, 'JabĹonna', 7),
	(1121, 'NieporÄt', 7),
	(1122, 'Serock', 7),
	(1123, 'Wieliszew', 7),
	(1124, 'MiĹsk Mazowiecki', 7),
	(1125, 'SulejĂłwek', 7),
	(1126, 'CegĹĂłw', 7),
	(1127, 'DÄbe Wielkie', 7),
	(1128, 'Dobre', 7),
	(1129, 'HalinĂłw', 7),
	(1130, 'JakubĂłw', 7),
	(1131, 'KaĹuszyn', 7),
	(1132, 'Latowicz', 7),
	(1133, 'Mrozy', 7),
	(1134, 'Siennica', 7),
	(1135, 'StanisĹawĂłw', 7),
	(1136, 'Nowy DwĂłr Mazowiecki', 7),
	(1137, 'CzosnĂłw', 7),
	(1138, 'Leoncin', 7),
	(1139, 'Nasielsk', 7),
	(1140, 'PomiechĂłwek', 7),
	(1141, 'Zakroczym', 7),
	(1142, 'JĂłzefĂłw', 7),
	(1143, 'Otwock', 7),
	(1144, 'CelestynĂłw', 7),
	(1145, 'Karczew', 7),
	(1146, 'KoĹbiel', 7),
	(1147, 'Osieck', 7),
	(1148, 'Sobienie', 7),
	(1149, 'WiÄzowna', 7),
	(1150, 'KobyĹka', 7),
	(1151, 'Marki', 7),
	(1152, 'ZÄbki', 7),
	(1153, 'Zielonka', 7),
	(1154, 'DÄbrĂłwka', 7),
	(1155, 'JadĂłw', 7),
	(1156, 'KlembĂłw', 7),
	(1157, 'PoĹwiÄtne', 7),
	(1158, 'Radzymin', 7),
	(1159, 'StrachĂłwka', 7),
	(1160, 'TĹuszcz', 7),
	(1161, 'WoĹomin', 7),
	(1162, 'MilanĂłwek', 7),
	(1163, 'Podkowa LeĹna', 7),
	(1164, 'BaranĂłw', 7),
	(1165, 'Grodzisk Mazowiecki', 7),
	(1166, 'JaktorĂłw', 7),
	(1167, 'Ĺťabia Wola', 7),
	(1168, 'Belsk DuĹźy', 7),
	(1169, 'BĹÄdĂłw', 7),
	(1170, 'ChynĂłw', 7),
	(1171, 'Goszczyn', 7),
	(1172, 'GrĂłjec', 7),
	(1173, 'Jasieniec', 7),
	(1174, 'Mogielnica', 7),
	(1175, 'Nowe Miasto nad PilicÄ', 7),
	(1176, 'Pniewy', 7),
	(1177, 'Tarczyn', 7),
	(1178, 'Warka', 7),
	(1179, 'GĂłra Kalwaria', 7),
	(1180, 'Konstancin-Jeziorna', 7),
	(1181, 'Lesznowola', 7),
	(1182, 'Piaseczno', 7),
	(1183, 'PraĹźmĂłw', 7),
	(1184, 'PiastĂłw', 7),
	(1185, 'PruszkĂłw', 7),
	(1186, 'BrwinĂłw', 7),
	(1187, 'MichaĹowice', 7),
	(1188, 'Nadarzyn', 7),
	(1189, 'Raszyn', 7),
	(1190, 'Sochaczew', 7),
	(1191, 'BrochĂłw', 7),
	(1192, 'IĹĂłw', 7),
	(1193, 'MĹodzieszyn', 7),
	(1194, 'Nowa Sucha', 7),
	(1195, 'Rybno', 7),
	(1196, 'Teresin', 7),
	(1197, 'BĹonie', 7),
	(1198, 'Izabelin', 7),
	(1199, 'Kampinos', 7),
	(1200, 'Leszno', 7),
	(1201, 'Ĺomianki', 7),
	(1202, 'OĹźarĂłw Mazowiecki', 7),
	(1203, 'Stare Babice', 7),
	(1204, 'ĹťyrardĂłw', 7),
	(1205, 'MszczonĂłw', 7),
	(1206, 'Puszcza MariaĹska', 7),
	(1207, 'Radziejowice', 7),
	(1208, 'Wiskitki', 7),
	(1209, 'Brzeg', 8),
	(1210, 'Skarbimierz', 8),
	(1211, 'GrodkĂłw', 8),
	(1212, 'Lewin Brzeski', 8),
	(1213, 'Lubsza', 8),
	(1214, 'Olszanka', 8),
	(1215, 'Byczyna', 8),
	(1216, 'Kluczbork', 8),
	(1217, 'Lasowice Wielkie', 8),
	(1218, 'WoĹczyn', 8),
	(1219, 'Domaszowice', 8),
	(1220, 'NamysĹĂłw', 8),
	(1221, 'PokĂłj', 8),
	(1222, 'ĹwierczĂłw', 8),
	(1223, 'WilkĂłw', 8),
	(1224, 'GĹuchoĹazy', 8),
	(1225, 'Kamiennik', 8),
	(1226, 'KorfantĂłw', 8),
	(1227, 'Ĺambinowice', 8),
	(1228, 'Nysa', 8),
	(1229, 'OtmuchĂłw', 8),
	(1230, 'PaczkĂłw', 8),
	(1231, 'PakosĹawice', 8),
	(1232, 'Skoroszyce', 8),
	(1233, 'BiaĹa', 8),
	(1234, 'GĹogĂłwek', 8),
	(1235, 'Lubrza', 8),
	(1236, 'Prudnik', 8),
	(1237, 'BaborĂłw', 8),
	(1238, 'Branice', 8),
	(1239, 'GĹubczyce', 8),
	(1240, 'Kietrz', 8),
	(1241, 'KÄdzierzyn-KoĹşle', 8),
	(1242, 'Bierawa', 8),
	(1243, 'Cisek', 8),
	(1244, 'PawĹowiczki', 8),
	(1245, 'Polska Cerekiew', 8),
	(1246, 'ReĹska WieĹ', 8),
	(1247, 'Gogolin', 8),
	(1248, 'Krapkowice', 8),
	(1249, 'Strzeleczki', 8),
	(1250, 'Walce', 8),
	(1251, 'Zdzieszowice', 8),
	(1252, 'DobrodzieĹ', 8),
	(1253, 'GorzĂłw ĹlÄski', 8),
	(1254, 'Olesno', 8),
	(1255, 'Praszka', 8),
	(1256, 'RadĹĂłw', 8),
	(1257, 'Rudniki', 8),
	(1258, 'ZÄbowice', 8),
	(1259, 'ChrzÄstowice', 8),
	(1260, 'DÄbrowa', 8),
	(1261, 'DobrzeĹ Wielki', 8),
	(1262, 'Komprachcice', 8),
	(1263, 'Ĺubniany', 8),
	(1264, 'MurĂłw', 8),
	(1265, 'Niemodlin', 8),
	(1266, 'Ozimek', 8),
	(1267, 'PopielĂłw', 8),
	(1268, 'PrĂłszkĂłw', 8),
	(1269, 'TarnĂłw Opolski', 8),
	(1270, 'TuĹowice', 8),
	(1271, 'Turawa', 8),
	(1272, 'Izbicko', 8),
	(1273, 'Jemielnica', 8),
	(1274, 'Kolonowskie', 8),
	(1275, 'LeĹnica', 8),
	(1276, 'Strzelce Opolskie', 8),
	(1277, 'Ujazd', 8),
	(1278, 'Zawadzkie', 8),
	(1279, 'Opole', 8),
	(1280, 'BaligrĂłd', 9),
	(1281, 'Cisna', 9),
	(1282, 'Czarna', 9),
	(1283, 'Lesko', 9),
	(1284, 'Lutowiska', 9),
	(1285, 'Olszanica', 9),
	(1286, 'Solina', 9),
	(1287, 'Ustrzyki Dolne', 9),
	(1288, 'BrzozĂłw', 9),
	(1289, 'Domaradz', 9),
	(1290, 'Dydnia', 9),
	(1291, 'HaczĂłw', 9),
	(1292, 'Jasienica Rosielna', 9),
	(1293, 'Nozdrzec', 9),
	(1294, 'JasĹo', 9),
	(1295, 'Brzyska', 9),
	(1296, 'DÄbowiec', 9),
	(1297, 'KoĹaczyce', 9),
	(1298, 'Krempna', 9),
	(1299, 'Nowy ĹťmigrĂłd', 9),
	(1300, 'Osiek Jasielski', 9),
	(1301, 'SkoĹyszyn', 9),
	(1302, 'Szerzyny', 9),
	(1303, 'Tarnowiec', 9),
	(1304, 'ChorkĂłwka', 9),
	(1305, 'Dukla', 9),
	(1306, 'Iwonicz-ZdrĂłj', 9),
	(1307, 'Jedlicze', 9),
	(1308, 'Korczyna', 9),
	(1309, 'KroĹcienko WyĹźne', 9),
	(1310, 'Miejsce Piastowe', 9),
	(1311, 'RymanĂłw', 9),
	(1312, 'WojaszĂłwka', 9),
	(1313, 'Sanok', 9),
	(1314, 'Besko', 9),
	(1315, 'Bukowsko', 9),
	(1316, 'KomaĹcza', 9),
	(1317, 'Tyrawa WoĹoska', 9),
	(1318, 'ZagĂłrz', 9),
	(1319, 'Zarszyn', 9),
	(1320, 'Krosno', 9),
	(1321, 'JarosĹaw', 9),
	(1322, 'Radymno', 9),
	(1323, 'ChĹopice', 9),
	(1324, 'Laszki', 9),
	(1325, 'PawĹosiĂłw', 9),
	(1326, 'Pruchnik', 9),
	(1327, 'Rokietnica', 9),
	(1328, 'RoĹşwienica', 9),
	(1329, 'WiÄzownica', 9),
	(1330, 'LubaczĂłw', 9),
	(1331, 'CieszanĂłw', 9),
	(1332, 'Horyniec', 9),
	(1333, 'Narol', 9),
	(1334, 'Oleszyce', 9),
	(1335, 'Stary DzikĂłw', 9),
	(1336, 'Wielkie Oczy', 9),
	(1337, 'Bircza', 9),
	(1338, 'Dubiecko', 9),
	(1339, 'Fredropol', 9),
	(1340, 'Krasiczyn', 9),
	(1341, 'Krzywcza', 9),
	(1342, 'Medyka', 9),
	(1343, 'OrĹy', 9),
	(1344, 'PrzemyĹl', 9),
	(1345, 'Stubno', 9),
	(1346, 'Ĺťurawica', 9),
	(1347, 'Przeworsk', 9),
	(1348, 'AdamĂłwka', 9),
	(1349, 'GaÄ', 9),
	(1350, 'Jawornik Polski', 9),
	(1351, 'KaĹczuga', 9),
	(1352, 'Sieniawa', 9),
	(1353, 'TryĹcza', 9),
	(1354, 'Zarzecze', 9),
	(1355, 'Cmolas', 9),
	(1356, 'Kolbuszowa', 9),
	(1357, 'Majdan KrĂłlewski', 9),
	(1358, 'Niwiska', 9),
	(1359, 'RaniĹźĂłw', 9),
	(1360, 'Dzikowiec', 9),
	(1361, 'ĹaĹcut', 9),
	(1362, 'BiaĹobrzegi', 9),
	(1363, 'Markowa', 9),
	(1364, 'Rakszawa', 9),
	(1365, 'ĹťoĹynia', 9),
	(1366, 'Iwierzyce', 9),
	(1367, 'OstrĂłw', 9),
	(1368, 'Ropczyce', 9),
	(1369, 'SÄdziszĂłw MaĹopolski', 9),
	(1370, 'Wielopole SkrzyĹskie', 9),
	(1371, 'DynĂłw', 9),
	(1372, 'BĹaĹźowa', 9),
	(1373, 'BoguchwaĹa', 9),
	(1374, 'Chmielnik', 9),
	(1375, 'GĹogĂłw MaĹopolski', 9),
	(1376, 'HyĹźne', 9),
	(1377, 'KamieĹ', 9),
	(1378, 'Krasne', 9),
	(1379, 'Lubenia', 9),
	(1380, 'SokoĹĂłw MaĹopolski', 9),
	(1381, 'Ĺwilcza', 9),
	(1382, 'Trzebownisko', 9),
	(1383, 'Tyczyn', 9),
	(1384, 'Czudec', 9),
	(1385, 'Frysztak', 9),
	(1386, 'Niebylec', 9),
	(1387, 'StrzyĹźĂłw', 9),
	(1388, 'WiĹniowa', 9),
	(1389, 'RzeszĂłw', 9),
	(1390, 'DÄbica', 9),
	(1391, 'Brzostek', 9),
	(1392, 'JodĹowa', 9),
	(1393, 'Pilzno', 9),
	(1394, 'ĹťyrakĂłw', 9),
	(1395, 'LeĹźajsk', 9),
	(1396, 'Grodzisko Dolne', 9),
	(1397, 'KuryĹĂłwka', 9),
	(1398, 'Nowa Sarzyna', 9),
	(1399, 'Mielec', 9),
	(1400, 'Borowa', 9),
	(1401, 'Czermin', 9),
	(1402, 'GawĹuszowice', 9),
	(1403, 'Padew Narodowa', 9),
	(1404, 'PrzecĹaw', 9),
	(1405, 'RadomyĹl Wielki', 9),
	(1406, 'TuszĂłw Narodowy', 9),
	(1407, 'Wadowice GĂłrne', 9),
	(1408, 'Harasiuki', 9),
	(1409, 'Jarocin', 9),
	(1410, 'JeĹźowe', 9),
	(1411, 'KrzeszĂłw', 9),
	(1412, 'Nisko', 9),
	(1413, 'Rudnik nad Sanem', 9),
	(1414, 'UlanĂłw', 9),
	(1415, 'Stalowa Wola', 9),
	(1416, 'BojanĂłw', 9),
	(1417, 'Pysznica', 9),
	(1418, 'RadomyĹl nad Sanem', 9),
	(1419, 'ZaklikĂłw', 9),
	(1420, 'Zaleszany', 9),
	(1421, 'BaranĂłw Sandomierski', 9),
	(1422, 'Gorzyce', 9),
	(1423, 'GrÄbĂłw', 9),
	(1424, 'Nowa DÄba', 9),
	(1425, 'Tarnobrzeg', 9),
	(1426, 'Choroszcz', 10),
	(1427, 'Czarna BiaĹostocka', 10),
	(1428, 'Dobrzyniewo DuĹźe', 10),
	(1429, 'GrĂłdek', 10),
	(1430, 'Juchnowiec KoĹcielny', 10),
	(1431, 'Ĺapy', 10),
	(1432, 'MichaĹowo', 10),
	(1433, 'PoĹwiÄtne', 10),
	(1434, 'SupraĹl', 10),
	(1435, 'SuraĹź', 10),
	(1436, 'TuroĹĹ KoĹcielna', 10),
	(1437, 'Tykocin', 10),
	(1438, 'WasilkĂłw', 10),
	(1439, 'ZabĹudĂłw', 10),
	(1440, 'Zawady', 10),
	(1441, 'DÄbrowa BiaĹostocka', 10),
	(1442, 'JanĂłw', 10),
	(1443, 'Korycin', 10),
	(1444, 'Krynki', 10),
	(1445, 'KuĹşnica', 10),
	(1446, 'Nowy DwĂłr', 10),
	(1447, 'Sidra', 10),
	(1448, 'SokĂłĹka', 10),
	(1449, 'Suchowola', 10),
	(1450, 'SzudziaĹowo', 10),
	(1451, 'BiaĹystok', 10),
	(1452, 'Bielsk Podlaski', 10),
	(1453, 'BraĹsk', 10),
	(1454, 'BoÄki', 10),
	(1455, 'Orla', 10),
	(1456, 'Rudka', 10),
	(1457, 'Wyszki', 10),
	(1458, 'HajnĂłwka', 10),
	(1459, 'BiaĹowieĹźa', 10),
	(1460, 'Czeremcha', 10),
	(1461, 'CzyĹźe', 10),
	(1462, 'Dubicze Cerkiewne', 10),
	(1463, 'Kleszczele', 10),
	(1464, 'Narew', 10),
	(1465, 'Narewka', 10),
	(1466, 'Kolno', 10),
	(1467, 'Grabowo', 10),
	(1468, 'MaĹy PĹock', 10),
	(1469, 'Stawiski', 10),
	(1470, 'TuroĹl', 10),
	(1471, 'Jedwabne', 10),
	(1472, 'ĹomĹźa', 10),
	(1473, 'Miastkowo', 10),
	(1474, 'NowogrĂłd', 10),
	(1475, 'PiÄtnica', 10),
	(1476, 'PrzytuĹy', 10),
	(1477, 'Ĺniadowo', 10),
	(1478, 'Wizna', 10),
	(1479, 'ZbĂłjna', 10),
	(1480, 'Siemiatycze', 10),
	(1481, 'Drohiczyn', 10),
	(1482, 'Dziadkowice', 10),
	(1483, 'Grodzisk', 10),
	(1484, 'Mielnik', 10),
	(1485, 'Milejczyce', 10),
	(1486, 'Nurzec', 10),
	(1487, 'Perlejewo', 10),
	(1488, 'Wysokie Mazowieckie', 10),
	(1489, 'Ciechanowiec', 10),
	(1490, 'CzyĹźew', 10),
	(1491, 'Klukowo', 10),
	(1492, 'Kobylin', 10),
	(1493, 'Kulesze KoĹcielne', 10),
	(1494, 'Nowe Piekuty', 10),
	(1495, 'SokoĹy', 10),
	(1496, 'Szepietowo', 10),
	(1497, 'ZambrĂłw', 10),
	(1498, 'KoĹaki KoĹcielne', 10),
	(1499, 'Rutki', 10),
	(1500, 'Szumowo', 10),
	(1501, 'AugustĂłw', 10),
	(1502, 'BargĹĂłw KoĹcielny', 10),
	(1503, 'Lipsk', 10),
	(1504, 'Nowinka', 10),
	(1505, 'PĹaska', 10),
	(1506, 'Sztabin', 10),
	(1507, 'Grajewo', 10),
	(1508, 'RadziĹĂłw', 10),
	(1509, 'RajgrĂłd', 10),
	(1510, 'Szczuczyn', 10),
	(1511, 'WÄsosz', 10),
	(1512, 'GoniÄdz', 10),
	(1513, 'JasionĂłwka', 10),
	(1514, 'JaĹwiĹy', 10),
	(1515, 'Knyszyn', 10),
	(1516, 'Krypno', 10),
	(1517, 'MoĹki', 10),
	(1518, 'Trzcianne', 10),
	(1519, 'Sejny', 10),
	(1520, 'Giby', 10),
	(1521, 'Krasnopol', 10),
	(1522, 'PuĹsk', 10),
	(1523, 'BakaĹarzewo', 10),
	(1524, 'FilipĂłw', 10),
	(1525, 'Jeleniewo', 10),
	(1526, 'PrzeroĹl', 10),
	(1527, 'Raczki', 10),
	(1528, 'Rutka', 10),
	(1529, 'SuwaĹki', 10),
	(1530, 'Szypliszki', 10),
	(1531, 'WiĹźajny', 10),
	(1532, 'Pruszcz GdaĹski', 11),
	(1533, 'Cedry Wielkie', 11),
	(1534, 'Kolbudy', 11),
	(1535, 'Przywidz', 11),
	(1536, 'PszczĂłĹki', 11),
	(1537, 'Suchy DÄb', 11),
	(1538, 'TrÄbki Wielkie', 11),
	(1539, 'Chmielno', 11),
	(1540, 'Kartuzy', 11),
	(1541, 'Przodkowo', 11),
	(1542, 'Sierakowice', 11),
	(1543, 'Somonino', 11),
	(1544, 'StÄĹźyca', 11),
	(1545, 'SulÄczyno', 11),
	(1546, 'Ĺťukowo', 11),
	(1547, 'Krynica Morska', 11),
	(1548, 'Nowy DwĂłr GdaĹski', 11),
	(1549, 'Ostaszewo', 11),
	(1550, 'Stegna', 11),
	(1551, 'Sztutowo', 11),
	(1552, 'Hel', 11),
	(1553, 'Jastarnia', 11),
	(1554, 'Puck', 11),
	(1555, 'WĹadysĹawowo', 11),
	(1556, 'Kosakowo', 11),
	(1557, 'Krokowa', 11),
	(1558, 'Reda', 11),
	(1559, 'Rumia', 11),
	(1560, 'Wejherowo', 11),
	(1561, 'Choczewo', 11),
	(1562, 'Gniewino', 11),
	(1563, 'Linia', 11),
	(1564, 'Luzino', 11),
	(1565, 'ĹÄczyce', 11),
	(1566, 'Szemud', 11),
	(1567, 'Borzytuchom', 11),
	(1568, 'BytĂłw', 11),
	(1569, 'Czarna DÄbrĂłwka', 11),
	(1570, 'KoĹczygĹowy', 11),
	(1571, 'Lipnica', 11),
	(1572, 'Miastko', 11),
	(1573, 'Parchowo', 11),
	(1574, 'Studzienice', 11),
	(1575, 'Trzebielino', 11),
	(1576, 'Tuchomie', 11),
	(1577, 'Chojnice', 11),
	(1578, 'Brusy', 11),
	(1579, 'Czersk', 11),
	(1580, 'Konarzyny', 11),
	(1581, 'CzĹuchĂłw', 11),
	(1582, 'Czarne', 11),
	(1583, 'Debrzno', 11),
	(1584, 'KoczaĹa', 11),
	(1585, 'Przechlewo', 11),
	(1586, 'Rzeczenica', 11),
	(1587, 'LÄbork', 11),
	(1588, 'Ĺeba', 11),
	(1589, 'Cewice', 11),
	(1590, 'Nowa WieĹ LÄborska', 11),
	(1591, 'Wicko', 11),
	(1592, 'Ustka', 11),
	(1593, 'Damnica', 11),
	(1594, 'DÄbnica Kaszubska', 11),
	(1595, 'GĹĂłwczyce', 11),
	(1596, 'KÄpice', 11),
	(1597, 'Kobylnica', 11),
	(1598, 'PotÄgowo', 11),
	(1599, 'SĹupsk', 11),
	(1600, 'SmoĹdzino', 11),
	(1601, 'KoĹcierzyna', 11),
	(1602, 'Dziemiany', 11),
	(1603, 'Karsin', 11),
	(1604, 'Liniewo', 11),
	(1605, 'Lipusz', 11),
	(1606, 'Nowa Karczma', 11),
	(1607, 'Stara Kiszewa', 11),
	(1608, 'Kwidzyn', 11),
	(1609, 'Gardeja', 11),
	(1610, 'Prabuty', 11),
	(1611, 'Ryjewo', 11),
	(1612, 'Sadlinki', 11),
	(1613, 'Malbork', 11),
	(1614, 'DzierzgoĹ', 11),
	(1615, 'Lichnowy', 11),
	(1616, 'MikoĹajki Pomorskie', 11),
	(1617, 'MiĹoradz', 11),
	(1618, 'Nowy Staw', 11),
	(1619, 'Stare Pole', 11),
	(1620, 'Stary DzierzgoĹ', 11),
	(1621, 'Stary Targ', 11),
	(1622, 'Sztum', 11),
	(1623, 'Czarna Woda', 11),
	(1624, 'SkĂłrcz', 11),
	(1625, 'Starogard GdaĹski', 11),
	(1626, 'Bobowo', 11),
	(1627, 'Kaliska', 11),
	(1628, 'Lubichowo', 11),
	(1629, 'Osieczna', 11),
	(1630, 'Osiek', 11),
	(1631, 'Skarszewy', 11),
	(1632, 'SmÄtowo Graniczne', 11),
	(1633, 'Zblewo', 11),
	(1634, 'Tczew', 11),
	(1635, 'Gniew', 11),
	(1636, 'Morzeszczyn', 11),
	(1637, 'Pelplin', 11),
	(1638, 'Subkowy', 11),
	(1639, 'GdaĹsk', 11),
	(1640, 'Gdynia', 11),
	(1641, 'Sopot', 11),
	(1642, 'Szczyrk', 12),
	(1643, 'Bestwina', 12),
	(1644, 'Buczkowice', 12),
	(1645, 'Czechowice-Dziedzice', 12),
	(1646, 'Jasienica', 12),
	(1647, 'Jaworze', 12),
	(1648, 'Kozy', 12),
	(1649, 'PorÄbka', 12),
	(1650, 'Wilamowice', 12),
	(1651, 'Wilkowice', 12),
	(1652, 'Cieszyn', 12),
	(1653, 'UstroĹ', 12),
	(1654, 'WisĹa', 12),
	(1655, 'Brenna', 12),
	(1656, 'Chybie', 12),
	(1657, 'DÄbowiec', 12),
	(1658, 'GoleszĂłw', 12),
	(1659, 'HaĹźlach', 12),
	(1660, 'Istebna', 12),
	(1661, 'SkoczĂłw', 12),
	(1662, 'StrumieĹ', 12),
	(1663, 'Zebrzydowice', 12),
	(1664, 'Ĺťywiec', 12),
	(1665, 'CzernichĂłw', 12),
	(1666, 'Gilowice', 12),
	(1667, 'JeleĹnia', 12),
	(1668, 'Koszarawa', 12),
	(1669, 'Lipowa', 12),
	(1670, 'ĹÄkawica', 12),
	(1671, 'Ĺodygowice', 12),
	(1672, 'MilĂłwka', 12),
	(1673, 'Radziechowy', 12),
	(1674, 'Rajcza', 12),
	(1675, 'ĹlemieĹ', 12),
	(1676, 'Ĺwinna', 12),
	(1677, 'UjsoĹy', 12),
	(1678, 'WÄgierska GĂłrka', 12),
	(1679, 'Bielsko-BiaĹa', 12),
	(1680, 'Lubliniec', 12),
	(1681, 'BoronĂłw', 12),
	(1682, 'Ciasna', 12),
	(1683, 'Herby', 12),
	(1684, 'Kochanowice', 12),
	(1685, 'KoszÄcin', 12),
	(1686, 'PawonkĂłw', 12),
	(1687, 'WoĹşniki', 12),
	(1688, 'Kalety', 12),
	(1689, 'Miasteczko ĹlÄskie', 12),
	(1690, 'RadzionkĂłw', 12),
	(1691, 'Tarnowskie GĂłry', 12),
	(1692, 'Krupski MĹyn', 12),
	(1693, 'OĹźarowice', 12),
	(1694, 'Ĺwierklaniec', 12),
	(1695, 'TworĂłg', 12),
	(1696, 'ZbrosĹawice', 12),
	(1697, 'Bytom', 12),
	(1698, 'Piekary ĹlÄskie', 12),
	(1699, 'Blachownia', 12),
	(1700, 'DÄbrowa Zielona', 12),
	(1701, 'JanĂłw', 12),
	(1702, 'Kamienica Polska', 12),
	(1703, 'KĹomnice', 12),
	(1704, 'Koniecpol', 12),
	(1705, 'Konopiska', 12),
	(1706, 'Kruszyna', 12),
	(1707, 'LelĂłw', 12),
	(1708, 'MstĂłw', 12),
	(1709, 'MykanĂłw', 12),
	(1710, 'Olsztyn', 12),
	(1711, 'Poczesna', 12),
	(1712, 'PrzyrĂłw', 12),
	(1713, 'RÄdziny', 12),
	(1714, 'Starcza', 12),
	(1715, 'KĹobuck', 12),
	(1716, 'Krzepice', 12),
	(1717, 'Lipie', 12),
	(1718, 'MiedĹşno', 12),
	(1719, 'OpatĂłw', 12),
	(1720, 'Panki', 12),
	(1721, 'PopĂłw', 12),
	(1722, 'PrzystajĹ', 12),
	(1723, 'WrÄczyca Wielka', 12),
	(1724, 'MyszkĂłw', 12),
	(1725, 'KoziegĹowy', 12),
	(1726, 'Niegowa', 12),
	(1727, 'Poraj', 12),
	(1728, 'Ĺťarki', 12),
	(1729, 'CzÄstochowa', 12),
	(1730, 'KnurĂłw', 12),
	(1731, 'Pyskowice', 12),
	(1732, 'GieraĹtowice', 12),
	(1733, 'Pilchowice', 12),
	(1734, 'Rudziniec', 12),
	(1735, 'SoĹnicowice', 12),
	(1736, 'Toszek', 12),
	(1737, 'WielowieĹ', 12),
	(1738, 'Gliwice', 12),
	(1739, 'Zabrze', 12),
	(1740, 'ChorzĂłw', 12),
	(1741, 'Katowice', 12),
	(1742, 'MysĹowice', 12),
	(1743, 'Ruda ĹlÄska', 12),
	(1744, 'Siemianowice ĹlÄskie', 12),
	(1745, 'ĹwiÄtochĹowice', 12),
	(1746, 'RacibĂłrz', 12),
	(1747, 'Kornowac', 12),
	(1748, 'Krzanowice', 12),
	(1749, 'KrzyĹźanowice', 12),
	(1750, 'KuĹşnia Raciborska', 12),
	(1751, 'NÄdza', 12),
	(1752, 'Pietrowice Wielkie', 12),
	(1753, 'Rudnik', 12),
	(1754, 'Czerwionka-Leszczyny', 12),
	(1755, 'Gaszowice', 12),
	(1756, 'Jejkowice', 12),
	(1757, 'Lyski', 12),
	(1758, 'Ĺwierklany', 12),
	(1759, 'PszĂłw', 12),
	(1760, 'Radlin', 12),
	(1761, 'RyduĹtowy', 12),
	(1762, 'WodzisĹaw ĹlÄski', 12),
	(1763, 'GodĂłw', 12),
	(1764, 'Gorzyce', 12),
	(1765, 'Lubomia', 12),
	(1766, 'Marklowice', 12),
	(1767, 'Mszana', 12),
	(1768, 'JastrzÄbie-ZdrĂłj', 12),
	(1769, 'Rybnik', 12),
	(1770, 'Ĺťory', 12),
	(1771, 'BÄdzin', 12),
	(1772, 'CzeladĹş', 12),
	(1773, 'Wojkowice', 12),
	(1774, 'Bobrowniki', 12),
	(1775, 'MierzÄcice', 12),
	(1776, 'Psary', 12),
	(1777, 'Siewierz', 12),
	(1778, 'SĹawkĂłw', 12),
	(1779, 'PorÄba', 12),
	(1780, 'Zawiercie', 12),
	(1781, 'IrzÄdze', 12),
	(1782, 'Kroczyce', 12),
	(1783, 'Ĺazy', 12),
	(1784, 'Ogrodzieniec', 12),
	(1785, 'Pilica', 12),
	(1786, 'Szczekociny', 12),
	(1787, 'WĹodowice', 12),
	(1788, 'Ĺťarnowiec', 12),
	(1789, 'DÄbrowa GĂłrnicza', 12),
	(1790, 'Jaworzno', 12),
	(1791, 'Sosnowiec', 12),
	(1792, 'Ĺaziska GĂłrne', 12),
	(1793, 'MikoĹĂłw', 12),
	(1794, 'Orzesze', 12),
	(1795, 'Ornontowice', 12),
	(1796, 'Wyry', 12),
	(1797, 'GoczaĹkowice', 12),
	(1798, 'KobiĂłr', 12),
	(1799, 'MiedĹşna', 12),
	(1800, 'PawĹowice', 12),
	(1801, 'Pszczyna', 12),
	(1802, 'Suszec', 12),
	(1803, 'BieruĹ', 12),
	(1804, 'Imielin', 12),
	(1805, 'LÄdziny', 12),
	(1806, 'Bojszowy', 12),
	(1807, 'CheĹm ĹlÄski', 12),
	(1808, 'Tychy', 12),
	(1809, 'Bieliny', 13),
	(1810, 'Bodzentyn', 13),
	(1811, 'ChÄciny', 13),
	(1812, 'Chmielnik', 13),
	(1813, 'Daleszyce', 13),
	(1814, 'GĂłrno', 13),
	(1815, 'ĹagĂłw', 13),
	(1816, 'Ĺopuszno', 13),
	(1817, 'MasĹĂłw', 13),
	(1818, 'Miedziana GĂłra', 13),
	(1819, 'MniĂłw', 13),
	(1820, 'Morawica', 13),
	(1821, 'Nowa SĹupia', 13),
	(1822, 'PiekoszĂłw', 13),
	(1823, 'Pierzchnica', 13),
	(1824, 'RakĂłw', 13),
	(1825, 'SitkĂłwka', 13),
	(1826, 'Strawczyn', 13),
	(1827, 'ZagnaĹsk', 13),
	(1828, 'FaĹkĂłw', 13),
	(1829, 'GowarczĂłw', 13),
	(1830, 'KoĹskie', 13),
	(1831, 'Radoszyce', 13),
	(1832, 'Ruda Maleniecka', 13),
	(1833, 'SĹupia', 13),
	(1834, 'SmykĂłw', 13),
	(1835, 'StÄporkĂłw', 13),
	(1836, 'Ostrowiec ĹwiÄtokrzyski', 13),
	(1837, 'BaĹtĂłw', 13),
	(1838, 'BodzechĂłw', 13),
	(1839, 'ÄmielĂłw', 13),
	(1840, 'KunĂłw', 13),
	(1841, 'WaĹniĂłw', 13),
	(1842, 'SkarĹźysko-Kamienna', 13),
	(1843, 'BliĹźyn', 13),
	(1844, 'ĹÄczna', 13),
	(1845, 'SkarĹźysko KoĹcielne', 13),
	(1846, 'SuchedniĂłw', 13),
	(1847, 'Starachowice', 13),
	(1848, 'Brody', 13),
	(1849, 'Mirzec', 13),
	(1850, 'PawĹĂłw', 13),
	(1851, 'WÄchock', 13),
	(1852, 'Kielce', 13),
	(1853, 'Busko-ZdrĂłj', 13),
	(1854, 'Gnojno', 13),
	(1855, 'Nowy Korczyn', 13),
	(1856, 'PacanĂłw', 13),
	(1857, 'Solec', 13),
	(1858, 'Stopnica', 13),
	(1859, 'TuczÄpy', 13),
	(1860, 'WiĹlica', 13),
	(1861, 'Imielno', 13),
	(1862, 'JÄdrzejĂłw', 13),
	(1863, 'MaĹogoszcz', 13),
	(1864, 'NagĹowice', 13),
	(1865, 'Oksa', 13),
	(1866, 'SÄdziszĂłw', 13),
	(1867, 'SobkĂłw', 13),
	(1868, 'WodzisĹaw', 13),
	(1869, 'Bejsce', 13),
	(1870, 'Czarnocin', 13),
	(1871, 'Kazimierza Wielka', 13),
	(1872, 'Opatowiec', 13),
	(1873, 'Skalbmierz', 13),
	(1874, 'BaÄkowice', 13),
	(1875, 'Iwaniska', 13),
	(1876, 'Lipnik', 13),
	(1877, 'OpatĂłw', 13),
	(1878, 'OĹźarĂłw', 13),
	(1879, 'Sadowie', 13),
	(1880, 'TarĹĂłw', 13),
	(1881, 'Wojciechowice', 13),
	(1882, 'DziaĹoszyce', 13),
	(1883, 'Kije', 13),
	(1884, 'MichaĹĂłw', 13),
	(1885, 'PiĹczĂłw', 13),
	(1886, 'ZĹota', 13),
	(1887, 'Sandomierz', 13),
	(1888, 'Dwikozy', 13),
	(1889, 'KlimontĂłw', 13),
	(1890, 'Koprzywnica', 13),
	(1891, 'ĹoniĂłw', 13),
	(1892, 'ObrazĂłw', 13),
	(1893, 'Samborzec', 13),
	(1894, 'Wilczyce', 13),
	(1895, 'Zawichost', 13),
	(1896, 'Bogoria', 13),
	(1897, 'Ĺubnice', 13),
	(1898, 'OleĹnica', 13),
	(1899, 'Osiek', 13),
	(1900, 'PoĹaniec', 13),
	(1901, 'Rytwiany', 13),
	(1902, 'StaszĂłw', 13),
	(1903, 'SzydĹĂłw', 13),
	(1904, 'Kluczewsko', 13),
	(1905, 'Krasocin', 13),
	(1906, 'Moskorzew', 13),
	(1907, 'RadkĂłw', 13),
	(1908, 'Secemin', 13),
	(1909, 'WĹoszczowa', 13),
	(1910, 'Braniewo', 14),
	(1911, 'Frombork', 14),
	(1912, 'Lelkowo', 14),
	(1913, 'PieniÄĹźno', 14),
	(1914, 'PĹoskinia', 14),
	(1915, 'WilczÄta', 14),
	(1916, 'DziaĹdowo', 14),
	(1917, 'IĹowo', 14),
	(1918, 'Lidzbark', 14),
	(1919, 'PĹoĹnica', 14),
	(1920, 'Rybno', 14),
	(1921, 'ElblÄg', 14),
	(1922, 'Godkowo', 14),
	(1923, 'Gronowo ElblÄskie', 14),
	(1924, 'Markusy', 14),
	(1925, 'Milejewo', 14),
	(1926, 'MĹynary', 14),
	(1927, 'PasĹÄk', 14),
	(1928, 'Rychliki', 14),
	(1929, 'Tolkmicko', 14),
	(1930, 'IĹawa', 14),
	(1931, 'Lubawa', 14),
	(1932, 'Kisielice', 14),
	(1933, 'Susz', 14),
	(1934, 'Zalewo', 14),
	(1935, 'Nowe Miasto Lubawskie', 14),
	(1936, 'Biskupiec', 14),
	(1937, 'Grodziczno', 14),
	(1938, 'KurzÄtnik', 14),
	(1939, 'OstrĂłda', 14),
	(1940, 'DÄbrĂłwno', 14),
	(1941, 'Grunwald', 14),
	(1942, 'Ĺukta', 14),
	(1943, 'MaĹdyty', 14),
	(1944, 'MiĹakowo', 14),
	(1945, 'MiĹomĹyn', 14),
	(1946, 'MorÄg', 14),
	(1947, 'EĹk', 14),
	(1948, 'Kalinowo', 14),
	(1949, 'Prostki', 14),
	(1950, 'Stare Juchy', 14),
	(1951, 'GiĹźycko', 14),
	(1952, 'Banie Mazurskie', 14),
	(1953, 'Budry', 14),
	(1954, 'Kruklanki', 14),
	(1955, 'MiĹki', 14),
	(1956, 'Pozezdrze', 14),
	(1957, 'Ryn', 14),
	(1958, 'WÄgorzewo', 14),
	(1959, 'Wydminy', 14),
	(1960, 'Dubeninki', 14),
	(1961, 'GoĹdap', 14),
	(1962, 'Kowale Oleckie', 14),
	(1963, 'Olecko', 14),
	(1964, 'ĹwiÄtajno', 14),
	(1965, 'Wieliczki', 14),
	(1966, 'BiaĹa Piska', 14),
	(1967, 'Orzysz', 14),
	(1968, 'Pisz', 14),
	(1969, 'Ruciane-Nida', 14),
	(1970, 'Bartoszyce', 14),
	(1971, 'GĂłrowo IĹaweckie', 14),
	(1972, 'Bisztynek', 14),
	(1973, 'SÄpopol', 14),
	(1974, 'KÄtrzyn', 14),
	(1975, 'Barciany', 14),
	(1976, 'Korsze', 14),
	(1977, 'Reszel', 14),
	(1978, 'Srokowo', 14),
	(1979, 'Lidzbark WarmiĹski', 14),
	(1980, 'Kiwity', 14),
	(1981, 'Lubomino', 14),
	(1982, 'Orneta', 14),
	(1983, 'MrÄgowo', 14),
	(1984, 'MikoĹajki', 14),
	(1985, 'Piecki', 14),
	(1986, 'Sorkwity', 14),
	(1987, 'Janowiec KoĹcielny', 14),
	(1988, 'Janowo', 14),
	(1989, 'KozĹowo', 14),
	(1990, 'Nidzica', 14),
	(1991, 'Barczewo', 14),
	(1992, 'Dobre Miasto', 14),
	(1993, 'Dywity', 14),
	(1994, 'GietrzwaĹd', 14),
	(1995, 'Jeziorany', 14),
	(1996, 'Jonkowo', 14),
	(1997, 'Kolno', 14),
	(1998, 'Olsztynek', 14),
	(1999, 'Purda', 14),
	(2000, 'Stawiguda', 14),
	(2001, 'ĹwiÄtki', 14),
	(2002, 'Szczytno', 14),
	(2003, 'DĹşwierzuty', 14),
	(2004, 'Jedwabno', 14),
	(2005, 'Pasym', 14),
	(2006, 'Rozogi', 14),
	(2007, 'Wielbark', 14),
	(2008, 'Olsztyn', 14),
	(2009, 'Jaraczewo', 15),
	(2010, 'Jarocin', 15),
	(2011, 'Kotlin', 15),
	(2012, 'ĹťerkĂłw', 15),
	(2013, 'BlizanĂłw', 15),
	(2014, 'Brzeziny', 15),
	(2015, 'CekĂłw', 15),
	(2016, 'Godziesze Wielkie', 15),
	(2017, 'KoĹşminek', 15),
	(2018, 'LiskĂłw', 15),
	(2019, 'Mycielin', 15),
	(2020, 'OpatĂłwek', 15),
	(2021, 'Stawiszyn', 15),
	(2022, 'Szczytniki', 15),
	(2023, 'ĹťelazkĂłw', 15),
	(2024, 'BaranĂłw', 15),
	(2025, 'Bralin', 15),
	(2026, 'KÄpno', 15),
	(2027, 'ĹÄka Opatowska', 15),
	(2028, 'PerzĂłw', 15),
	(2029, 'Rychtal', 15),
	(2030, 'Trzcinica', 15),
	(2031, 'Sulmierzyce', 15),
	(2032, 'Kobylin', 15),
	(2033, 'KoĹşmin Wielkopolski', 15),
	(2034, 'Krotoszyn', 15),
	(2035, 'RozdraĹźew', 15),
	(2036, 'Zduny', 15),
	(2037, 'OstrĂłw Wielkopolski', 15),
	(2038, 'Nowe Skalmierzyce', 15),
	(2039, 'OdolanĂłw', 15),
	(2040, 'Przygodzice', 15),
	(2041, 'RaszkĂłw', 15),
	(2042, 'Sieroszewice', 15),
	(2043, 'SoĹnie', 15),
	(2044, 'CzajkĂłw', 15),
	(2045, 'DoruchĂłw', 15),
	(2046, 'GrabĂłw nad ProsnÄ', 15),
	(2047, 'Kobyla GĂłra', 15),
	(2048, 'Kraszewice', 15),
	(2049, 'Mikstat', 15),
	(2050, 'OstrzeszĂłw', 15),
	(2051, 'Chocz', 15),
	(2052, 'Czermin', 15),
	(2053, 'Dobrzyca', 15),
	(2054, 'GizaĹki', 15),
	(2055, 'GoĹuchĂłw', 15),
	(2056, 'Pleszew', 15),
	(2057, 'Kalisz', 15),
	(2058, 'Gniezno', 15),
	(2059, 'Czerniejewo', 15),
	(2060, 'Kiszkowo', 15),
	(2061, 'KĹecko', 15),
	(2062, 'Ĺubowo', 15),
	(2063, 'Mieleszyn', 15),
	(2064, 'Niechanowo', 15),
	(2065, 'Trzemeszno', 15),
	(2066, 'Witkowo', 15),
	(2067, 'KoĹo', 15),
	(2068, 'Babiak', 15),
	(2069, 'ChodĂłw', 15),
	(2070, 'DÄbie', 15),
	(2071, 'Grzegorzew', 15),
	(2072, 'KĹodawa', 15),
	(2073, 'KoĹcielec', 15),
	(2074, 'OlszĂłwka', 15),
	(2075, 'Osiek MaĹy', 15),
	(2076, 'Przedecz', 15),
	(2077, 'Golina', 15),
	(2078, 'Grodziec', 15),
	(2079, 'Kazimierz Biskupi', 15),
	(2080, 'Kleczew', 15),
	(2081, 'Kramsk', 15),
	(2082, 'KrzymĂłw', 15),
	(2083, 'RychwaĹ', 15),
	(2084, 'RzgĂłw', 15),
	(2085, 'Skulsk', 15),
	(2086, 'Sompolno', 15),
	(2087, 'Stare Miasto', 15),
	(2088, 'Ĺlesin', 15),
	(2089, 'Wierzbinek', 15),
	(2090, 'Wilczyn', 15),
	(2091, 'SĹupca', 15),
	(2092, 'LÄdek', 15),
	(2093, 'Orchowo', 15),
	(2094, 'Ostrowite', 15),
	(2095, 'Powidz', 15),
	(2096, 'StrzaĹkowo', 15),
	(2097, 'ZagĂłrĂłw', 15),
	(2098, 'Turek', 15),
	(2099, 'Brudzew', 15),
	(2100, 'Dobra', 15),
	(2101, 'KawÄczyn', 15),
	(2102, 'MalanĂłw', 15),
	(2103, 'Przykona', 15),
	(2104, 'TuliszkĂłw', 15),
	(2105, 'WĹadysĹawĂłw', 15),
	(2106, 'KoĹaczkowo', 15),
	(2107, 'MiĹosĹaw', 15),
	(2108, 'Nekla', 15),
	(2109, 'Pyzdry', 15),
	(2110, 'WrzeĹnia', 15),
	(2111, 'Konin', 15),
	(2112, 'Borek Wielkopolski', 15),
	(2113, 'GostyĹ', 15),
	(2114, 'Krobia', 15),
	(2115, 'PÄpowo', 15),
	(2116, 'Piaski', 15),
	(2117, 'Pogorzela', 15),
	(2118, 'Poniec', 15),
	(2119, 'Granowo', 15),
	(2120, 'Grodzisk Wielkopolski', 15),
	(2121, 'Kamieniec', 15),
	(2122, 'Rakoniewice', 15),
	(2123, 'Wielichowo', 15),
	(2124, 'KoĹcian', 15),
	(2125, 'CzempiĹ', 15),
	(2126, 'KrzywiĹ', 15),
	(2127, 'Ĺmigiel', 15),
	(2128, 'Krzemieniewo', 15),
	(2129, 'Lipno', 15),
	(2130, 'Osieczna', 15),
	(2131, 'Rydzyna', 15),
	(2132, 'ĹwiÄciechowa', 15),
	(2133, 'Wijewo', 15),
	(2134, 'WĹoszakowice', 15),
	(2135, 'Chrzypsko Wielkie', 15),
	(2136, 'Kwilcz', 15),
	(2137, 'MiÄdzychĂłd', 15),
	(2138, 'SierakĂłw', 15),
	(2139, 'KuĹlin', 15),
	(2140, 'LwĂłwek', 15),
	(2141, 'Miedzichowo', 15),
	(2142, 'Nowy TomyĹl', 15),
	(2143, 'Opalenica', 15),
	(2144, 'ZbÄszyĹ', 15),
	(2145, 'Bojanowo', 15),
	(2146, 'Jutrosin', 15),
	(2147, 'Miejska GĂłrka', 15),
	(2148, 'PakosĹaw', 15),
	(2149, 'Rawicz', 15),
	(2150, 'PrzemÄt', 15),
	(2151, 'Siedlec', 15),
	(2152, 'Wolsztyn', 15),
	(2153, 'Leszno', 15),
	(2154, 'ChodzieĹź', 15),
	(2155, 'BudzyĹ', 15),
	(2156, 'Margonin', 15),
	(2157, 'Szamocin', 15),
	(2158, 'CzarnkĂłw', 15),
	(2159, 'Drawsko', 15),
	(2160, 'KrzyĹź Wielkopolski', 15),
	(2161, 'Lubasz', 15),
	(2162, 'PoĹajewo', 15),
	(2163, 'Trzcianka', 15),
	(2164, 'WieleĹ', 15),
	(2165, 'PiĹa', 15),
	(2166, 'BiaĹoĹliwie', 15),
	(2167, 'Kaczory', 15),
	(2168, 'ĹobĹźenica', 15),
	(2169, 'Miasteczko KrajeĹskie', 15),
	(2170, 'SzydĹowo', 15),
	(2171, 'UjĹcie', 15),
	(2172, 'Wyrzysk', 15),
	(2173, 'Wysoka', 15),
	(2174, 'WÄgrowiec', 15),
	(2175, 'DamasĹawek', 15),
	(2176, 'GoĹaĹcz', 15),
	(2177, 'MieĹcisko', 15),
	(2178, 'Skoki', 15),
	(2179, 'Wapno', 15),
	(2180, 'ZĹotĂłw', 15),
	(2181, 'Jastrowie', 15),
	(2182, 'Krajenka', 15),
	(2183, 'Lipka', 15),
	(2184, 'Okonek', 15),
	(2185, 'TarnĂłwka', 15),
	(2186, 'Zakrzewo', 15),
	(2187, 'Oborniki', 15),
	(2188, 'RogoĹşno', 15),
	(2189, 'RyczywĂłĹ', 15),
	(2190, 'LuboĹ', 15),
	(2191, 'Puszczykowo', 15),
	(2192, 'Buk', 15),
	(2193, 'Czerwonak', 15),
	(2194, 'Dopiewo', 15),
	(2195, 'Kleszczewo', 15),
	(2196, 'Komorniki', 15),
	(2197, 'Kostrzyn', 15),
	(2198, 'KĂłrnik', 15),
	(2199, 'Mosina', 15),
	(2200, 'Murowana GoĹlina', 15),
	(2201, 'Pobiedziska', 15),
	(2202, 'Rokietnica', 15),
	(2203, 'StÄszew', 15),
	(2204, 'Suchy Las', 15),
	(2205, 'SwarzÄdz', 15),
	(2206, 'Tarnowo PodgĂłrne', 15),
	(2207, 'Obrzycko', 15),
	(2208, 'Duszniki-ZdrĂłj', 15),
	(2209, 'KaĹşmierz', 15),
	(2210, 'OstrorĂłg', 15),
	(2211, 'Pniewy', 15),
	(2212, 'SzamotuĹy', 15),
	(2213, 'Wronki', 15),
	(2214, 'Dominowo', 15),
	(2215, 'Krzykosy', 15),
	(2216, 'Nowe Miasto nad WartÄ', 15),
	(2217, 'Ĺroda Wielkopolska', 15),
	(2218, 'ZaniemyĹl', 15),
	(2219, 'Brodnica', 15),
	(2220, 'Dolsk', 15),
	(2221, 'KsiÄĹź Wielkopolski', 15),
	(2222, 'Ĺrem', 15),
	(2223, 'PoznaĹ', 15),
	(2224, 'BiaĹogard', 16),
	(2225, 'Karlino', 16),
	(2226, 'Tychowo', 16),
	(2227, 'Czaplinek', 16),
	(2228, 'Drawsko Pomorskie', 16),
	(2229, 'Kalisz Pomorski', 16),
	(2230, 'Ostrowice', 16),
	(2231, 'Wierzchowo', 16),
	(2232, 'ZĹocieniec', 16),
	(2233, 'KoĹobrzeg', 16),
	(2234, 'Dygowo', 16),
	(2235, 'GoĹcino', 16),
	(2236, 'RymaĹ', 16),
	(2237, 'SiemyĹl', 16),
	(2238, 'Ustronie Morskie', 16),
	(2239, 'BÄdzino', 16),
	(2240, 'Biesiekierz', 16),
	(2241, 'Bobolice', 16),
	(2242, 'Manowo', 16),
	(2243, 'Mielno', 16),
	(2244, 'PolanĂłw', 16),
	(2245, 'SianĂłw', 16),
	(2246, 'Ĺwieszyno', 16),
	(2247, 'DarĹowo', 16),
	(2248, 'SĹawno', 16),
	(2249, 'Malechowo', 16),
	(2250, 'Postomino', 16),
	(2251, 'Szczecinek', 16),
	(2252, 'Barwice', 16),
	(2253, 'BiaĹy BĂłr', 16),
	(2254, 'Borne Sulinowo', 16),
	(2255, 'GrzmiÄca', 16),
	(2256, 'Ĺwidwin', 16),
	(2257, 'BrzeĹźno', 16),
	(2258, 'PoĹczyn-ZdrĂłj', 16),
	(2259, 'RÄbino', 16),
	(2260, 'SĹawoborze', 16),
	(2261, 'WaĹcz', 16),
	(2262, 'CzĹopa', 16),
	(2263, 'MirosĹawiec', 16),
	(2264, 'Tuczno', 16),
	(2265, 'Koszalin', 16),
	(2266, 'Bierzwnik', 16),
	(2267, 'Choszczno', 16),
	(2268, 'Drawno', 16),
	(2269, 'KrzÄcin', 16),
	(2270, 'PeĹczyce', 16),
	(2271, 'Recz', 16),
	(2272, 'Brojce', 16),
	(2273, 'Gryfice', 16),
	(2274, 'Karnice', 16),
	(2275, 'PĹoty', 16),
	(2276, 'Radowo MaĹe', 16),
	(2277, 'Resko', 16),
	(2278, 'Rewal', 16),
	(2279, 'TrzebiatĂłw', 16),
	(2280, 'Barlinek', 16),
	(2281, 'Boleszkowice', 16),
	(2282, 'DÄbno', 16),
	(2283, 'MyĹlibĂłrz', 16),
	(2284, 'NowogrĂłdek Pomorski', 16),
	(2285, 'Bielice', 16),
	(2286, 'Kozielice', 16),
	(2287, 'Lipiany', 16),
	(2288, 'Przelewice', 16),
	(2289, 'Pyrzyce', 16),
	(2290, 'Warnice', 16),
	(2291, 'Stargard SzczeciĹski', 16),
	(2292, 'Chociwel', 16),
	(2293, 'Dobrzany', 16),
	(2294, 'Dolice', 16),
	(2295, 'IĹsko', 16),
	(2296, 'Kobylanka', 16),
	(2297, 'Ĺobez', 16),
	(2298, 'Marianowo', 16),
	(2299, 'Stara DÄbrowa', 16),
	(2300, 'SuchaĹ', 16),
	(2301, 'WÄgorzyno', 16),
	(2302, 'Dobra', 16),
	(2303, 'Szczecin', 16),
	(2304, 'GoleniĂłw', 16),
	(2305, 'Maszewo', 16),
	(2306, 'Nowogard', 16),
	(2307, 'Osina', 16),
	(2308, 'PrzybiernĂłw', 16),
	(2309, 'Stepnica', 16),
	(2310, 'Banie', 16),
	(2311, 'Cedynia', 16),
	(2312, 'Chojna', 16),
	(2313, 'Gryfino', 16),
	(2314, 'Mieszkowice', 16),
	(2315, 'MoryĹ', 16),
	(2316, 'Stare Czarnowo', 16),
	(2317, 'TrzciĹsko-ZdrĂłj', 16),
	(2318, 'Widuchowa', 16),
	(2319, 'DziwnĂłw', 16),
	(2320, 'Golczewo', 16),
	(2321, 'KamieĹ Pomorski', 16),
	(2322, 'MiÄdzyzdroje', 16),
	(2323, 'Ĺwierzno', 16),
	(2324, 'Wolin', 16),
	(2325, 'KoĹbaskowo', 16),
	(2326, 'Nowe Warpno', 16),
	(2327, 'Police', 16),
	(2328, 'ĹwinoujĹcie', 16);
/*!40000 ALTER TABLE `default_city` ENABLE KEYS */;


-- Zrzut struktury tabela ral.default_language
CREATE TABLE IF NOT EXISTS `default_language` (
  `id` varchar(64) NOT NULL DEFAULT '',
  `name` varchar(255) DEFAULT NULL,
  `active` tinyint(1) DEFAULT NULL,
  `default` tinyint(1) DEFAULT NULL,
  `admin` tinyint(1) DEFAULT NULL,
  PRIMARY KEY (`id`)
) ENGINE=MyISAM DEFAULT CHARSET=utf8;

-- Zrzucanie danych dla tabeli ral.default_language: 2 rows
DELETE FROM `default_language`;
/*!40000 ALTER TABLE `default_language` DISABLE KEYS */;
INSERT INTO `default_language` (`id`, `name`, `active`, `default`, `admin`) VALUES
	('pl', 'Polski', 1, 1, 1),
	('en', 'English', 0, 0, 0);
/*!40000 ALTER TABLE `default_language` ENABLE KEYS */;


-- Zrzut struktury tabela ral.default_metatag
CREATE TABLE IF NOT EXISTS `default_metatag` (
  `id` int(11) NOT NULL AUTO_INCREMENT,
  `title` varchar(255) DEFAULT NULL,
  `description` longtext,
  `keywords` longtext,
  PRIMARY KEY (`id`)
) ENGINE=MyISAM AUTO_INCREMENT=1697 DEFAULT CHARSET=utf8;

-- Zrzucanie danych dla tabeli ral.default_metatag: 260 rows
DELETE FROM `default_metatag`;
/*!40000 ALTER TABLE `default_metatag` DISABLE KEYS */;
INSERT INTO `default_metatag` (`id`, `title`, `description`, `keywords`) VALUES
	(1493, NULL, NULL, NULL),
	(1492, NULL, NULL, NULL),
	(1491, NULL, NULL, NULL),
	(1490, NULL, NULL, NULL),
	(1489, NULL, NULL, NULL),
	(1488, NULL, NULL, NULL),
	(1487, NULL, NULL, NULL),
	(1486, NULL, NULL, NULL),
	(1485, NULL, NULL, NULL),
	(1484, NULL, NULL, NULL),
	(1483, NULL, NULL, NULL),
	(1482, NULL, NULL, NULL),
	(1481, NULL, NULL, NULL),
	(1480, NULL, NULL, NULL),
	(1499, NULL, NULL, NULL),
	(1534, NULL, NULL, NULL),
	(1476, NULL, NULL, NULL),
	(1517, NULL, NULL, NULL),
	(1518, NULL, NULL, NULL),
	(1519, NULL, NULL, NULL),
	(1520, NULL, NULL, NULL),
	(1521, NULL, NULL, NULL),
	(1522, NULL, NULL, NULL),
	(1523, NULL, NULL, NULL),
	(1464, NULL, NULL, NULL),
	(1501, NULL, NULL, NULL),
	(1502, NULL, NULL, NULL),
	(1503, NULL, NULL, NULL),
	(1504, NULL, NULL, NULL),
	(1505, NULL, NULL, NULL),
	(1506, NULL, NULL, NULL),
	(1507, NULL, NULL, NULL),
	(1508, NULL, NULL, NULL),
	(1509, NULL, NULL, NULL),
	(1510, NULL, NULL, NULL),
	(1511, NULL, NULL, NULL),
	(1512, NULL, NULL, NULL),
	(1513, NULL, NULL, NULL),
	(1514, NULL, NULL, NULL),
	(1515, NULL, NULL, NULL),
	(1516, NULL, NULL, NULL),
	(1443, NULL, NULL, NULL),
	(1430, NULL, NULL, NULL),
	(1429, NULL, NULL, NULL),
	(1427, NULL, NULL, NULL),
	(1424, NULL, NULL, NULL),
	(1422, NULL, NULL, NULL),
	(1421, NULL, NULL, NULL),
	(1420, NULL, NULL, NULL),
	(1419, NULL, NULL, NULL),
	(1418, NULL, NULL, NULL),
	(1417, NULL, NULL, NULL),
	(1416, NULL, NULL, NULL),
	(1415, NULL, NULL, NULL),
	(1414, NULL, NULL, NULL),
	(1413, NULL, NULL, NULL),
	(1412, NULL, NULL, NULL),
	(1411, NULL, NULL, NULL),
	(1410, NULL, NULL, NULL),
	(1409, NULL, NULL, NULL),
	(1408, NULL, NULL, NULL),
	(1407, NULL, NULL, NULL),
	(1406, NULL, NULL, NULL),
	(1405, NULL, NULL, NULL),
	(1404, NULL, NULL, NULL),
	(1403, NULL, NULL, NULL),
	(1402, NULL, NULL, NULL),
	(1401, NULL, NULL, NULL),
	(1400, NULL, NULL, NULL),
	(1399, NULL, NULL, NULL),
	(1398, NULL, NULL, NULL),
	(1397, NULL, NULL, NULL),
	(1396, NULL, NULL, NULL),
	(1395, NULL, NULL, NULL),
	(1394, NULL, NULL, NULL),
	(1393, NULL, NULL, NULL),
	(1392, NULL, NULL, NULL),
	(1391, NULL, NULL, NULL),
	(1390, NULL, NULL, NULL),
	(1389, NULL, NULL, NULL),
	(1388, NULL, NULL, NULL),
	(1387, NULL, NULL, NULL),
	(1386, NULL, NULL, NULL),
	(1385, NULL, NULL, NULL),
	(1384, NULL, NULL, NULL),
	(1383, NULL, NULL, NULL),
	(1382, NULL, NULL, NULL),
	(1381, NULL, NULL, NULL),
	(1380, NULL, NULL, NULL),
	(1379, NULL, NULL, NULL),
	(1378, NULL, NULL, NULL),
	(1377, NULL, NULL, NULL),
	(1376, NULL, NULL, NULL),
	(1375, NULL, NULL, NULL),
	(1374, NULL, NULL, NULL),
	(1373, NULL, NULL, NULL),
	(1372, NULL, NULL, NULL),
	(1371, NULL, NULL, NULL),
	(1370, NULL, NULL, NULL),
	(1369, NULL, NULL, NULL),
	(1368, NULL, NULL, NULL),
	(1367, NULL, NULL, NULL),
	(1366, NULL, NULL, NULL),
	(1365, NULL, NULL, NULL),
	(1364, NULL, NULL, NULL),
	(1363, NULL, NULL, NULL),
	(1362, NULL, NULL, NULL),
	(1361, NULL, NULL, NULL),
	(1360, NULL, NULL, NULL),
	(1358, NULL, NULL, NULL),
	(1494, NULL, NULL, NULL),
	(1498, NULL, NULL, NULL),
	(1496, NULL, NULL, NULL),
	(1531, NULL, NULL, NULL),
	(1535, NULL, NULL, NULL),
	(1532, NULL, NULL, NULL),
	(1533, NULL, NULL, NULL),
	(1536, NULL, NULL, NULL),
	(1537, NULL, NULL, NULL),
	(1538, NULL, NULL, NULL),
	(1539, NULL, NULL, NULL),
	(1540, NULL, NULL, NULL),
	(1541, NULL, NULL, NULL),
	(1542, NULL, NULL, NULL),
	(1543, NULL, NULL, NULL),
	(1544, NULL, NULL, NULL),
	(1545, NULL, NULL, NULL),
	(1546, NULL, NULL, NULL),
	(1547, NULL, NULL, NULL),
	(1687, NULL, NULL, NULL),
	(1549, NULL, NULL, NULL),
	(1550, NULL, NULL, NULL),
	(1551, NULL, NULL, NULL),
	(1552, NULL, NULL, NULL),
	(1553, NULL, NULL, NULL),
	(1554, NULL, NULL, NULL),
	(1555, NULL, NULL, NULL),
	(1556, NULL, NULL, NULL),
	(1557, NULL, NULL, NULL),
	(1558, NULL, NULL, NULL),
	(1559, NULL, NULL, NULL),
	(1560, NULL, NULL, NULL),
	(1561, NULL, NULL, NULL),
	(1562, NULL, NULL, NULL),
	(1563, NULL, NULL, NULL),
	(1564, NULL, NULL, NULL),
	(1565, NULL, NULL, NULL),
	(1566, NULL, NULL, NULL),
	(1567, NULL, NULL, NULL),
	(1568, NULL, NULL, NULL),
	(1569, NULL, NULL, NULL),
	(1570, NULL, NULL, NULL),
	(1571, NULL, NULL, NULL),
	(1572, NULL, NULL, NULL),
	(1573, NULL, NULL, NULL),
	(1574, NULL, NULL, NULL),
	(1575, NULL, NULL, NULL),
	(1576, NULL, NULL, NULL),
	(1577, NULL, NULL, NULL),
	(1578, NULL, NULL, NULL),
	(1579, NULL, NULL, NULL),
	(1581, NULL, NULL, NULL),
	(1588, NULL, NULL, NULL),
	(1587, NULL, NULL, NULL),
	(1586, NULL, NULL, NULL),
	(1585, NULL, NULL, NULL),
	(1589, NULL, NULL, NULL),
	(1590, NULL, NULL, NULL),
	(1591, NULL, NULL, NULL),
	(1593, NULL, NULL, NULL),
	(1594, NULL, NULL, NULL),
	(1596, NULL, NULL, NULL),
	(1597, NULL, NULL, NULL),
	(1598, NULL, NULL, NULL),
	(1599, NULL, NULL, NULL),
	(1600, NULL, NULL, NULL),
	(1601, NULL, NULL, NULL),
	(1602, NULL, NULL, NULL),
	(1603, NULL, NULL, NULL),
	(1604, NULL, NULL, NULL),
	(1605, NULL, NULL, NULL),
	(1606, NULL, NULL, NULL),
	(1607, NULL, NULL, NULL),
	(1608, NULL, NULL, NULL),
	(1609, NULL, NULL, NULL),
	(1610, NULL, NULL, NULL),
	(1611, NULL, NULL, NULL),
	(1612, NULL, NULL, NULL),
	(1613, NULL, NULL, NULL),
	(1614, NULL, NULL, NULL),
	(1615, NULL, NULL, NULL),
	(1616, NULL, NULL, NULL),
	(1617, NULL, NULL, NULL),
	(1618, NULL, NULL, NULL),
	(1620, NULL, NULL, NULL),
	(1621, NULL, NULL, NULL),
	(1623, NULL, NULL, NULL),
	(1624, NULL, NULL, NULL),
	(1625, NULL, NULL, NULL),
	(1626, NULL, NULL, NULL),
	(1627, NULL, NULL, NULL),
	(1628, NULL, NULL, NULL),
	(1629, NULL, NULL, NULL),
	(1630, NULL, NULL, NULL),
	(1631, NULL, NULL, NULL),
	(1632, NULL, NULL, NULL),
	(1633, NULL, NULL, NULL),
	(1634, NULL, NULL, NULL),
	(1635, NULL, NULL, NULL),
	(1636, NULL, NULL, NULL),
	(1637, NULL, NULL, NULL),
	(1638, NULL, NULL, NULL),
	(1685, NULL, NULL, NULL),
	(1640, NULL, NULL, NULL),
	(1641, NULL, NULL, NULL),
	(1642, NULL, NULL, NULL),
	(1643, NULL, NULL, NULL),
	(1644, NULL, NULL, NULL),
	(1645, NULL, NULL, NULL),
	(1646, NULL, NULL, NULL),
	(1647, NULL, NULL, NULL),
	(1648, NULL, NULL, NULL),
	(1649, NULL, NULL, NULL),
	(1650, NULL, NULL, NULL),
	(1651, NULL, NULL, NULL),
	(1652, NULL, NULL, NULL),
	(1653, NULL, NULL, NULL),
	(1654, NULL, NULL, NULL),
	(1655, NULL, NULL, NULL),
	(1682, NULL, NULL, NULL),
	(1658, NULL, NULL, NULL),
	(1659, NULL, NULL, NULL),
	(1660, NULL, NULL, NULL),
	(1661, NULL, NULL, NULL),
	(1662, NULL, NULL, NULL),
	(1663, NULL, NULL, NULL),
	(1664, NULL, NULL, NULL),
	(1665, NULL, NULL, NULL),
	(1666, NULL, NULL, NULL),
	(1667, NULL, NULL, NULL),
	(1668, NULL, NULL, NULL),
	(1669, NULL, NULL, NULL),
	(1670, NULL, NULL, NULL),
	(1671, NULL, NULL, NULL),
	(1672, NULL, NULL, NULL),
	(1673, NULL, NULL, NULL),
	(1674, NULL, NULL, NULL),
	(1675, NULL, NULL, NULL),
	(1676, NULL, NULL, NULL),
	(1684, NULL, NULL, NULL),
	(1690, NULL, NULL, NULL),
	(1679, NULL, NULL, NULL),
	(1680, NULL, NULL, NULL),
	(1686, NULL, NULL, NULL),
	(1688, NULL, NULL, NULL),
	(1689, NULL, NULL, NULL),
	(1691, NULL, NULL, NULL),
	(1692, NULL, NULL, NULL),
	(1693, NULL, NULL, NULL),
	(1695, NULL, NULL, NULL);
/*!40000 ALTER TABLE `default_metatag` ENABLE KEYS */;


-- Zrzut struktury tabela ral.default_metatag_translation
CREATE TABLE IF NOT EXISTS `default_metatag_translation` (
  `id` int(11) NOT NULL AUTO_INCREMENT,
  `lang` varchar(64) NOT NULL DEFAULT '',
  `title` varchar(255) DEFAULT NULL,
  `description` longtext,
  `keywords` longtext,
  PRIMARY KEY (`id`,`lang`)
) ENGINE=MyISAM AUTO_INCREMENT=1697 DEFAULT CHARSET=utf8;

-- Zrzucanie danych dla tabeli ral.default_metatag_translation: 371 rows
DELETE FROM `default_metatag_translation`;
/*!40000 ALTER TABLE `default_metatag_translation` DISABLE KEYS */;
INSERT INTO `default_metatag_translation` (`id`, `lang`, `title`, `description`, `keywords`) VALUES
	(1492, 'en', '', '', ''),
	(1493, 'pl', 'das', '', ''),
	(1493, 'en', '', '', ''),
	(1492, 'pl', 'das', '', ''),
	(1491, 'en', '', '', ''),
	(1491, 'pl', 'das', '', ''),
	(1490, 'en', '', '', ''),
	(1490, 'pl', 'das', '', ''),
	(1489, 'en', '', '', ''),
	(1489, 'pl', 'das', '', ''),
	(1488, 'en', '', '', ''),
	(1488, 'pl', 'das', '', ''),
	(1487, 'en', '', '', ''),
	(1487, 'pl', 'das', '', ''),
	(1486, 'en', '', '', ''),
	(1486, 'pl', 'das', '', ''),
	(1485, 'en', '', '', ''),
	(1485, 'pl', 'das', '', ''),
	(1484, 'en', '', '', ''),
	(1484, 'pl', 'das', '', ''),
	(1483, 'en', '', '', ''),
	(1483, 'pl', 'das', '', ''),
	(1482, 'en', '', '', ''),
	(1482, 'pl', 'das', '', ''),
	(1481, 'en', '', '', ''),
	(1481, 'pl', 'Meble do restauracji i hoteli', '', ''),
	(1480, 'en', 'Footer', '', ''),
	(1480, 'pl', 'Stopka', 'Standardy naszej pracy wyznaczają: kompletność, wysoka jakość oraz prestiż. Kompletność polega na całościowej propozycji artykułów meblarskich. Nasza oferta to: meble wypoczynkowe skórzane, meble tapicerowane, stoły, krzesła, kanapy, ekskluzywne meble włoskie i stylowe melbe. Nasze produkty dobieramy w taki sposób aby ich jakość była zawsze spójna z najwyższymi standardami użytkowania. Prestiż naszej propozycji opiera się na współpracy jedynie z uznanymi producentami mebli. Obecnie w naszej ofercie: ekskluzywne melbe włoskie, meble wypoczynkowe skórzane, meble tapicerowane skórzane, krzesła, stoły i kanapy pochodzą od powszechnie cenionych producentów z kraju i zza granicy. Pozostaje zaprosić Państwa do naszych salonów. Czekamy na Państwa.', 'Standardy, naszej, wyznaczają:, kompletność, wysoka, jakość, prestiż, Kompletność, polega, całościowej, propozycji, artykułów, meblarskich, oferta, wypoczynkowe, skórzane, tapicerowane, stoły, krzesła, kanapy, ekskluzywne, włoskie, stylowe, produkty, dobieramy, sposób, jakość, zawsze, spójna, najwyższymi, standardami, użytkowania, Prestiż, naszej, propozycji, opiera, współpracy, jedynie, uznanymi, producentami, Obecnie, naszej, ofercie:, ekskluzywne, włoskie, wypoczynkowe, skórzane, tapicerowane, skórzane, krzesła, stoły, kanapy, pochodzą, powszechnie, cenionych, producentów, granicy, Pozostaje, zaprosić, Państwa, naszych, salonów, Czekamy, Państwa'),
	(1476, 'pl', 'Meble do restauracji i hoteli', '', ''),
	(1464, 'pl', 'Nasze realizacje', '', ''),
	(1502, 'pl', 'O nas', 'Zapraszamy  w niezwykłą podróż po królestwie światła...W naszej kolekcji znajdziecie Państwo zjawiskowe lampy, które odmienią wnętrze, nadając mu ponadczasowy charakter.  Lampy, dzięki którym po zachodzie słońca, przestrzeń nadal emanuje subtelnym ciepłem, gdzie gra światła i cienia hipnotyzuje i urzeka.Niepowtarzalny wygląd naszej kolekcji czaruje rzeczywistość, a limity wyznacza jedynie wyobraźnia kreatorów.Lampy, które proponujemy,  uwodzą oryginalnym wzornictwem i niezwykłą lekkością. Stanowią subtelną biżuterię dla wnętrza-  intrygują i przyciągają wzrok. Stworzone z wykorzystaniem najwyższej jakości materiałów, są jednocześnie eleganckie i funkcjonalne. Doskonałe dla podkreślenia walorów wybranej przestrzeni, w odpowiedniej aranżacji stanowią stylową dekorację, dyskretnie budując nastrój. Z gry światłem uczyniliśmy sztukę, ubierając je w najprzeróżniejsze formy i kształty. Od nowoczesnych, poprzez klasyczne, czasem żartobliwe czy szalone, nasze lampy odrealnią domową przestrzeń i dodadzą jej lekkości.Dodatkowo, ekskluzywna kolekcja lamp ogrodowych, rozświetli letnie wieczory. Zaprosi do wyjścia na zewnątrz, do wsłuchania się w odgłosy natury i wzięcia udziału w spektaklu, jaki oferuje światło. Zapraszamy Państwa, do odkrywania naszej niezwykłej kolekcji...Lucoa', 'Zapraszamy , niezwykłą, podróż, królestwie, światłaW, naszej, kolekcji, znajdziecie, Państwo, zjawiskowe, które, odmienią, wnętrze, nadając, ponadczasowy, charakter,  Lampy, dzięki, którym, zachodzie, słońca, przestrzeń, emanuje, subtelnym, ciepłem, światła, cienia, hipnotyzuje, urzekaNiepowtarzalny, wygląd, naszej, kolekcji, czaruje, rzeczywistość, limity, wyznacza, jedynie, wyobraźnia, kreatorówLampy, które, proponujemy , uwodzą, oryginalnym, wzornictwem, niezwykłą, lekkością, Stanowią, subtelną, biżuterię, wnętrza , intrygują, przyciągają, Stworzone, wykorzystaniem, najwyższej, jakości, materiałów, jednocześnie, eleganckie, funkcjonalne, Doskonałe, podkreślenia, walorów, wybranej, przestrzeni, odpowiedniej, aranżacji, stanowią, stylową, dekorację, dyskretnie, budując, nastrój, światłem, uczyniliśmy, sztukę, ubierając, najprzeróżniejsze, kształty, nowoczesnych, poprzez, klasyczne, czasem, żartobliwe, szalone, odrealnią, domową, przestrzeń, dodadzą, lekkościDodatkowo, ekskluzywna, kolekcja, ogrodowych, rozświetli, letnie, wieczory, Zaprosi, wyjścia, zewnątrz, wsłuchania, odgłosy, natury, wzięcia, udziału, spektaklu, oferuje, światło, Zapraszamy, Państwa, odkrywania, naszej, niezwykłej, kolekcjiLucoa'),
	(1501, 'en', 'Contact', '', ''),
	(1464, 'en', NULL, '', ''),
	(1443, 'pl', 'Meble stylowe', '', ''),
	(1443, 'en', NULL, '', ''),
	(1427, 'en', 'Materace', '', ''),
	(1427, 'pl', 'Materace', '', ''),
	(1424, 'pl', 'Meble nowoczesne', '', ''),
	(1424, 'en', 'Meble nowoczesne', '', ''),
	(1424, '', NULL, '', ''),
	(1421, 'pl', 'Kategorie', 'test', ''),
	(1421, 'en', 'Kategorie', 'kategorie', 'kategorie'),
	(1420, 'pl', NULL, '', ''),
	(1420, 'en', NULL, '', ''),
	(1419, 'pl', NULL, '', ''),
	(1419, 'en', NULL, '', ''),
	(1418, 'pl', NULL, '', ''),
	(1418, 'en', NULL, '', ''),
	(1418, '', NULL, '', ''),
	(1417, 'pl', NULL, '', ''),
	(1416, 'pl', NULL, '', ''),
	(1416, 'en', NULL, '', ''),
	(1415, 'pl', NULL, '', ''),
	(1415, 'en', NULL, '', ''),
	(1414, 'pl', NULL, '', ''),
	(1414, 'en', NULL, '', ''),
	(1414, '', NULL, '', ''),
	(1405, 'pl', NULL, '', ''),
	(1406, 'en', NULL, '', ''),
	(1406, 'pl', NULL, '', ''),
	(1407, 'en', NULL, '', ''),
	(1407, 'pl', NULL, '', ''),
	(1408, 'en', NULL, '', ''),
	(1408, 'pl', NULL, '', ''),
	(1409, 'en', NULL, '', ''),
	(1409, 'pl', NULL, '', ''),
	(1410, 'en', NULL, '', ''),
	(1410, 'pl', NULL, '', ''),
	(1411, 'en', NULL, '', ''),
	(1411, 'pl', NULL, '', ''),
	(1412, 'en', NULL, '', ''),
	(1412, 'pl', NULL, '', ''),
	(1413, 'en', NULL, '', ''),
	(1413, 'pl', NULL, '', ''),
	(1405, 'en', NULL, '', ''),
	(1404, 'pl', NULL, '', ''),
	(1404, 'en', NULL, '', ''),
	(1403, 'pl', NULL, '', ''),
	(1403, 'en', NULL, '', ''),
	(1402, 'pl', NULL, '', ''),
	(1402, 'en', NULL, '', ''),
	(1401, 'pl', NULL, '', ''),
	(1401, 'en', NULL, '', ''),
	(1400, 'pl', NULL, '', ''),
	(1400, 'en', NULL, '', ''),
	(1399, 'pl', NULL, '', ''),
	(1399, 'en', NULL, '', ''),
	(1398, 'pl', NULL, '', ''),
	(1398, 'en', NULL, '', ''),
	(1397, 'pl', NULL, '', ''),
	(1397, 'en', NULL, '', ''),
	(1396, 'pl', NULL, '', ''),
	(1396, 'en', NULL, '', ''),
	(1395, 'pl', NULL, '', ''),
	(1395, 'en', NULL, '', ''),
	(1394, 'pl', NULL, '', ''),
	(1394, 'en', NULL, '', ''),
	(1393, 'pl', NULL, '', ''),
	(1393, 'en', NULL, '', ''),
	(1392, 'pl', NULL, '', ''),
	(1392, 'en', NULL, '', ''),
	(1391, 'pl', NULL, '', ''),
	(1391, 'en', NULL, '', ''),
	(1390, 'pl', NULL, '', ''),
	(1390, 'en', NULL, '', ''),
	(1389, 'pl', NULL, '', ''),
	(1389, 'en', NULL, '', ''),
	(1388, 'pl', NULL, '', ''),
	(1388, 'en', NULL, '', ''),
	(1387, 'pl', NULL, '', ''),
	(1387, 'en', NULL, '', ''),
	(1386, 'pl', NULL, '', ''),
	(1386, 'en', NULL, '', ''),
	(1385, 'pl', NULL, '', ''),
	(1385, 'en', NULL, '', ''),
	(1384, 'pl', NULL, '', ''),
	(1384, 'en', NULL, '', ''),
	(1383, 'pl', NULL, '', ''),
	(1383, 'en', NULL, '', ''),
	(1383, '', NULL, '', ''),
	(1382, 'pl', NULL, '', ''),
	(1382, 'en', NULL, '', ''),
	(1381, 'pl', NULL, '', ''),
	(1381, 'en', NULL, '', ''),
	(1380, 'pl', NULL, '', ''),
	(1380, 'en', NULL, '', ''),
	(1379, 'pl', NULL, '', ''),
	(1379, 'en', NULL, '', ''),
	(1378, 'pl', NULL, '', ''),
	(1378, 'en', NULL, '', ''),
	(1377, 'pl', NULL, '', ''),
	(1377, 'en', NULL, '', ''),
	(1377, '', NULL, '', ''),
	(1376, 'pl', NULL, '', ''),
	(1376, 'en', NULL, '', ''),
	(1375, 'pl', NULL, '', ''),
	(1375, 'en', NULL, '', ''),
	(1374, 'pl', NULL, '', ''),
	(1374, 'en', NULL, '', ''),
	(1373, 'pl', NULL, '', ''),
	(1373, 'en', NULL, '', ''),
	(1372, 'pl', NULL, '', ''),
	(1372, 'en', NULL, '', ''),
	(1369, 'pl', NULL, '', ''),
	(1369, 'en', NULL, '', ''),
	(1368, 'pl', NULL, '', ''),
	(1368, 'en', NULL, '', ''),
	(1367, 'pl', NULL, '', ''),
	(1367, 'en', NULL, '', ''),
	(1366, 'pl', NULL, '', ''),
	(1366, 'en', NULL, '', ''),
	(1365, 'pl', NULL, '', ''),
	(1365, 'en', NULL, '', ''),
	(1365, '', NULL, '', ''),
	(1364, 'pl', NULL, '', ''),
	(1364, 'en', NULL, '', ''),
	(1362, 'pl', NULL, '', ''),
	(1362, 'en', NULL, '', ''),
	(1361, 'en', 'Homepage', 'Homepage', 'Homepage'),
	(1361, 'pl', 'Strona główna', 'Strona główna', 'Strona, główna'),
	(1501, 'pl', 'Kontakt', 'Salon meblowy SOFA-LINEA KRAKOWSKAul. Pasternik 80, 31-354 KRAKÓWtel.: +48 12 627 00 60 / +48 886 494 760  \r\nfax: +48 12 627 00 61\r\n999\r\nGODZINY OTWARCIA:PONIEDZIAŁEK - PIĄTEK 10.00-19.00SOBOTA 10.00-16.00\r\nNIEDZIELA 11.00-16.00\r\nwww.sofa-linea.com e-mail: info@sofa-linea.com', 'meblowy, SOFALINEA, KRAKOWSKAul, Pasternik, KRAKÓWtel:, 760  \r\nfax:, 61\r\n999\r\nGODZINY, OTWARCIA:PONIEDZIAŁEK,  PIĄTEK, 10001900SOBOTA, 10001600\r\nNIEDZIELA, 11001600\r\nwwwsofalineacom email: info@sofalineacom'),
	(1360, 'en', 'Test', '', ''),
	(1360, 'pl', 'Sofy z funkcją spania codzinnego', '', ''),
	(1359, 'pl', 'test', '', ''),
	(1356, 'pl', NULL, '', ''),
	(1494, 'pl', '', '', ''),
	(1494, 'en', '', '', ''),
	(1498, 'pl', 'Testowy news', 'Lorem ipsum dolor sit amet, consectetur adipiscing elit. Praesent lobortis nisl vitae velit elementum, sit amet semper lacus imperdiet. Sed dui tellus, gravida ac sollicitudin in, dictum sit amet est. Donec turpis elit, pretium a turpis ut, aliquam auctor lacus. Ut faucibus velit vel ligula vulputate sagittis. Nunc ultrices odio vel lorem interdum, in congue eros mollis. Aenean mattis bibendum nulla sit amet tincidunt. Etiam eu lacus malesuada, dictum risus facilisis, ullamcorper libero. Phasellus in bibendum magna, eu varius odio. Aliquam aliquet interdum velit, ac euismod magna semper sit amet. Donec non nulla id magna tempor vulputate. Ut pellentesque ante at dolor accumsan placerat. Vivamus a dolor eu enim consectetur iaculis sit amet et dolor. Vivamus aliquet tortor viverra ornare dapibus. Sed tincidunt nisl sit amet eros fermentum, in iaculis purus hendrerit. Vivamus facilisis sem id facilisis vestibulum.\r\nVivamus at turpis scelerisque metus feugiat consectetur eu sit amet sapien. Lorem ipsum dolor sit amet, consectetur adipiscing elit. In hac habitasse platea dictumst. Vestibulum elementum sapien eu tincidunt ultrices. Morbi vitae porttitor ipsum. Aenean faucibus consequat neque sed consectetur. Quisque adipiscing, est et fringilla pharetra, augue orci sollicitudin magna, eget convallis sapien mauris vel lorem. Ut cursus metus non nibh lacinia, non luctus sapien scelerisque. Vestibulum aliquet aliquam lacus, a facilisis sapien pellentesque id. Integer sit amet fringilla ante.\r\nDonec eu ipsum et felis mollis imperdiet. Donec nisi leo, venenatis ac tortor non, tempus placerat orci. Aliquam sollicitudin sem quis scelerisque pretium. Praesent vel urna felis. Suspendisse dictum euismod tincidunt. Aliquam sed congue neque, ac feugiat lectus. Aenean vehicula nunc erat, ac rutrum purus gravida id. Ut blandit at neque a adipiscing. Aliquam porttitor nibh at metus aliquam aliquam.\r\nInteger aliquam nulla nisl, vitae rhoncus eros elementum vel. Vivamus tempus faucibus risus, non feugiat elit elementum sit amet. Curabitur cursus placerat dolor. Donec dictum ultrices sollicitudin. Aenean ac libero nec justo accumsan euismod eget id turpis. Nam a interdum justo. Pellentesque habitant morbi tristique senectus et netus et malesuada fames ac turpis egestas. Mauris at elit tellus.\r\nVivamus scelerisque mollis nulla, in posuere mi rhoncus vitae. Morbi sed tellus magna. Morbi lorem eros, dictum sed volutpat id, dictum sed ante. Curabitur feugiat faucibus orci, vitae luctus tellus consectetur quis. Maecenas ut orci nisi. Nullam aliquet augue et turpis cursus sollicitudin. Nam fringilla augue eu metus aliquet posuere id et leo. Quisque porta euismod arcu, quis luctus elit facilisis quis. Praesent tincidunt nisl elit, eu interdum nibh commodo volutpat.', 'consectetur, adipiscing, Praesent, lobortis, elementum, semper, imperdiet, tellus, gravida, sollicitudin, dictum, turpis, pretium, turpis, aliquam, auctor, faucibus, ligula, vulputate, sagittis, ultrices, interdum, congue, mollis, Aenean, mattis, bibendum, tincidunt, malesuada, dictum, facilisis, ullamcorper, libero, Phasellus, bibendum, varius, Aliquam, aliquet, interdum, euismod, semper, tempor, vulputate, pellentesque, accumsan, placerat, Vivamus, consectetur, iaculis, Vivamus, aliquet, tortor, viverra, ornare, dapibus, tincidunt, fermentum, iaculis, hendrerit, Vivamus, facilisis, facilisis, vestibulum\r\nVivamus, turpis, scelerisque, feugiat, consectetur, sapien, consectetur, adipiscing, habitasse, platea, dictumst, Vestibulum, elementum, sapien, tincidunt, ultrices, porttitor, Aenean, faucibus, consequat, consectetur, Quisque, adipiscing, fringilla, pharetra, sollicitudin, convallis, sapien, mauris, cursus, lacinia, luctus, sapien, scelerisque, Vestibulum, aliquet, aliquam, facilisis, sapien, pellentesque, Integer, fringilla, ante\r\nDonec, mollis, imperdiet, venenatis, tortor, tempus, placerat, Aliquam, sollicitudin, scelerisque, pretium, Praesent, Suspendisse, dictum, euismod, tincidunt, Aliquam, congue, feugiat, lectus, Aenean, vehicula, rutrum, gravida, blandit, adipiscing, Aliquam, porttitor, aliquam, aliquam\r\nInteger, aliquam, rhoncus, elementum, Vivamus, tempus, faucibus, feugiat, elementum, Curabitur, cursus, placerat, dictum, ultrices, sollicitudin, Aenean, libero, accumsan, euismod, turpis, interdum, Pellentesque, habitant, tristique, senectus, malesuada, turpis, egestas, Mauris, tellus\r\nVivamus, scelerisque, mollis, posuere, rhoncus, tellus, dictum, volutpat, dictum, Curabitur, feugiat, faucibus, luctus, tellus, consectetur, Maecenas, Nullam, aliquet, turpis, cursus, sollicitudin, fringilla, aliquet, posuere, Quisque, euismod, luctus, facilisis, Praesent, tincidunt, interdum, commodo, volutpat'),
	(1496, 'pl', 'Nazwa', '', ''),
	(1496, 'en', '', '', ''),
	(1497, 'pl', '', '', ''),
	(1498, 'en', '', '', ''),
	(1499, 'pl', 'Testowy banner', '', ''),
	(1499, 'en', '', '', ''),
	(1534, 'pl', 'Kulkolandia Tenczynek', '', ''),
	(1502, 'en', 'About us', 'About us', ''),
	(1503, 'pl', 'Kolonia letnia - Mielno 2002 i 2003', '', ''),
	(1571, 'pl', 'Kolonia letnia - Dąbki 2005', '', ''),
	(1572, 'pl', 'Kaprin Futsal League - 13 grudnia 2013', '', ''),
	(1573, 'pl', 'II turniej Regionalnej Ligi Halowej dziewcząt', '', ''),
	(1574, 'pl', 'Kaprin Futsal Cup', '', ''),
	(1575, 'pl', 'Melba pokonała mistrzów zatrzymali ich Policjanci........', 'Drużyna Melby w kolejnym swoim meczu pokonała aktualnych mistrzów Complex Ligi Orlikowej 12:6 po bardzo dobrym stojącym na wysokim poziomie meczu.Sygnalizowana od początku sezonu zwyżka formy zawodników Melby znalazła potwierdzenie w tym meczu . Oldboje mimo iż mają w swoich szeregach dwóch najlepszych strzelców ligi nie byli w stanie im zagrozić ponieważ ich forma strzelecka tym razem nie była ich najmocniejszą stroną. Łowcy bramek pudłowali w najdogodniejszych sytuacjach. Melba jak zawsze składnie, spokojnie i skutecznie ich wypunktowała.Po tym sukcesie zatrzymali rozpędzoną Melbę ( mocno osłabiona drużyna Melby - brak Jarosława Kota ,Jacka Kota,Michała Mędrali ) Policjanci.Mocna drużyna Policjantów zaskoczyła przeciwników swoją agresją , walecznością i skutecznością na co mocno osłabiona drużyna Melby nie znalazła recepty i poniosła drugą w tym sezonie porażkę.', 'Drużyna, kolejnym, pokonała, aktualnych, mistrzów, Complex, Orlikowej, bardzo, dobrym, stojącym, wysokim, poziomie, meczuSygnalizowana, początku, sezonu, zwyżka, zawodników, znalazła, potwierdzenie, Oldboje, swoich, szeregach, dwóch, najlepszych, strzelców, stanie, zagrozić, ponieważ, strzelecka, najmocniejszą, stroną, Łowcy, bramek, pudłowali, najdogodniejszych, sytuacjach, zawsze, składnie, spokojnie, skutecznie, wypunktowałaPo, sukcesie, zatrzymali, rozpędzoną, Melbę, osłabiona, drużyna, Jarosława, KotaMichała, Mędrali, PolicjanciMocna, drużyna, Policjantów, zaskoczyła, przeciwników, swoją, agresją, walecznością, skutecznością, osłabiona, drużyna, znalazła, recepty, poniosła, drugą, sezonie, porażkę'),
	(1503, 'en', '', '', ''),
	(1504, 'pl', '', '', ''),
	(1504, 'en', '', '', ''),
	(1505, 'pl', '', '', ''),
	(1505, 'en', '', '', ''),
	(1506, 'pl', 'Ubezpieczenie NNW', 'To jest super opis ubezpieczenia NNW', 'ubezpieczenia'),
	(1506, 'en', NULL, '', ''),
	(1507, 'pl', 'Ubezpieczenie turystyczne - Europa', 'Jesteśmy firmą oferującą ubezpieczenie turystyczne \r\nChcieliśmy aby to ubezpieczenie było ciekawe \r\nMyślimy też aby swietnie nam się pracowało we dwoje\r\nTen opis nalezy do europy', 'Jesteśmy, firmą, oferującą, ubezpieczenie, turystyczne \r\nChcieliśmy, ubezpieczenie, ciekawe \r\nMyślimy, swietnie, pracowało, dwoje\r\nTen, nalezy, europy'),
	(1507, 'en', 'Aaaa', 'dsada', ''),
	(1508, 'pl', 'Ubezpieczenie turystyczne - Europa', 'Jesteśmy firmą oferującą ubezpieczenie turystyczne \r\nChcieliśmy aby to ubezpieczenie było ciekawe \r\nMyślimy też aby swietnie nam się pracowało we dwoje\r\nTen opis nalezy do europy', 'Jesteśmy, firmą, oferującą, ubezpieczenie, turystyczne \r\nChcieliśmy, ubezpieczenie, ciekawe \r\nMyślimy, swietnie, pracowało, dwoje\r\nTen, nalezy, europy'),
	(1508, 'en', 'Aaaa', 'dsada', ''),
	(1509, 'pl', 'Ubezpieczenie turystyczne - Europa', 'Jesteśmy firmą oferującą ubezpieczenie turystyczne \r\nChcieliśmy aby to ubezpieczenie było ciekawe \r\nMyślimy też aby swietnie nam się pracowało we dwoje\r\nTen opis nalezy do europy', 'Jesteśmy, firmą, oferującą, ubezpieczenie, turystyczne \r\nChcieliśmy, ubezpieczenie, ciekawe \r\nMyślimy, swietnie, pracowało, dwoje\r\nTen, nalezy, europy'),
	(1509, 'en', 'Aaaa', 'dsada', ''),
	(1510, 'pl', 'Ubezpieczenie turystyczne - Europa', 'Jesteśmy firmą oferującą ubezpieczenie turystyczne \r\nChcieliśmy aby to ubezpieczenie było ciekawe \r\nMyślimy też aby swietnie nam się pracowało we dwoje\r\nTen opis nalezy do europy', 'Jesteśmy, firmą, oferującą, ubezpieczenie, turystyczne \r\nChcieliśmy, ubezpieczenie, ciekawe \r\nMyślimy, swietnie, pracowało, dwoje\r\nTen, nalezy, europy'),
	(1510, 'en', 'Aaaa', 'dsada', ''),
	(1511, 'pl', 'Australia', '', ''),
	(1511, 'en', NULL, '', ''),
	(1512, 'pl', 'Kambodża', '', ''),
	(1512, 'en', NULL, '', ''),
	(1513, 'pl', 'Kambodża', '', ''),
	(1513, 'en', NULL, '', ''),
	(1514, 'pl', 'Kambodża', '', ''),
	(1514, 'en', NULL, '', ''),
	(1515, 'pl', 'Kambodża', '', ''),
	(1515, 'en', NULL, '', ''),
	(1516, 'pl', 'Kambodża', '', ''),
	(1516, 'en', NULL, '', ''),
	(1517, 'pl', 'Kambodża', '', ''),
	(1517, 'en', NULL, '', ''),
	(1518, 'pl', 'Kambodża', '', ''),
	(1518, 'en', NULL, '', ''),
	(1519, 'pl', 'Kambodża', '', ''),
	(1519, 'en', NULL, '', ''),
	(1520, 'pl', 'Kambodża', '', ''),
	(1520, 'en', NULL, '', ''),
	(1521, 'pl', 'Bahrajn', '', ''),
	(1521, 'en', NULL, '', ''),
	(1522, 'pl', 'Bahrajn', '', ''),
	(1522, 'en', NULL, '', ''),
	(1523, 'pl', 'Japonia', '', ''),
	(1523, 'en', NULL, '', ''),
	(1531, 'pl', 'Dzień dziecka 2014', '', ''),
	(1535, 'pl', 'Archidraft', '', ''),
	(1532, 'pl', 'Rimix', '', ''),
	(1533, 'pl', 'Kaprin', '', ''),
	(1530, 'pl', 'Zarząd', 'Skład zarządu UKS "Jedynka" KrzeszowicePrezes - Wojciech KardasViceprezes - Andrzej ZimolągSekretarz - Włodzimierz OgórkiewiczSkarbnik - Ryszard PiotrowskiCzłonek zarządu - Barbara MikrutKomisja rewizyjna klubuPrzewodniczący - Ireneusz MłynarczykSekretarz - Zbigniew SzydłowskiCzłonek komisji - Wiesław Lenart', 'Skład, zarządu, "Jedynka", KrzeszowicePrezes, Wojciech, KardasViceprezes, Andrzej, ZimolągSekretarz, Włodzimierz, OgórkiewiczSkarbnik, Ryszard, PiotrowskiCzłonek, zarządu, Barbara, MikrutKomisja, rewizyjna, klubuPrzewodniczący, Ireneusz, MłynarczykSekretarz, Zbigniew, SzydłowskiCzłonek, komisji, Wiesław, Lenart'),
	(1536, 'pl', 'Complex', '', ''),
	(1537, 'pl', 'Krispol', '', ''),
	(1538, 'pl', 'Base system', '', ''),
	(1539, 'pl', 'Hydrotime', '', ''),
	(1540, 'pl', 'Janus', '', ''),
	(1541, 'pl', 'Dormed', '', ''),
	(1542, 'pl', 'KB Autoserwis', '', ''),
	(1543, 'pl', 'KW Czatkowice', '', ''),
	(1544, 'pl', 'Elektrosystem', '', ''),
	(1545, 'pl', 'Dolce vita', '', ''),
	(1546, 'pl', 'Regionalna Liga Dziewcząt 1.03.2014', '', ''),
	(1547, 'pl', 'Młodzieżowa Liga Futsalu 1.03.2014', '', ''),
	(1548, 'pl', 'Wręczenie nagród za sezon 2008/2009 ligi halowej', '', ''),
	(1549, 'pl', 'Wręczenie nagród - puchar ligi młodzieżowej 2012/13', '', ''),
	(1550, 'pl', 'Turniej pokoleń 2013', '', ''),
	(1551, 'pl', 'Turniej o puchar Burmistrza Krzeszowic 2009', '', ''),
	(1552, 'pl', 'Turniej młodzieżowy na orliku - 6.08.2013', '', ''),
	(1553, 'pl', 'Turniej młodzieżowy na orliku - 31.08.2013', '', ''),
	(1554, 'pl', 'Turniej młodzieżowy na orliku - 30.07.2013', '', ''),
	(1555, 'pl', 'Turniej młodzieżowy 11 grudnia 2010', '', ''),
	(1556, 'pl', 'Turniej młodzieżowy', '', ''),
	(1557, 'pl', 'Turniej międzynarodowy 2005', '', ''),
	(1558, 'pl', 'Turniej juniorów młodszych 2008', '', ''),
	(1559, 'pl', 'Puchar Ferii 2014', '', ''),
	(1560, 'pl', 'Puchar Burmistrza 2010', '', ''),
	(1561, 'pl', 'Ostatni mecz sezonu 09/10 Auto Stop - UKS', '', ''),
	(1562, 'pl', 'Obóz sportowy Darłówko 2013', '', ''),
	(1563, 'pl', 'Obóz sportowy - Ustronie Morskie 2012', '', ''),
	(1564, 'pl', 'Mikołajkowy turniej futsalu U98 - 2013', '', ''),
	(1565, 'pl', 'Mikołajkowy turniej futsalu U96 - 2013', '', ''),
	(1566, 'pl', 'Liga futsalu - 8 grudnia 2010', '', ''),
	(1567, 'pl', 'Liga futsalu - 29 październik 2010', '', ''),
	(1568, 'pl', 'Liga futsalu - 25 październik 2010', '', ''),
	(1569, 'pl', 'Liga futsalu - 27 październik 2010', '', ''),
	(1570, 'pl', 'Liga futsalu - 10 grudnia 2010', '', ''),
	(1576, 'pl', 'Kaprin po dwóch porażkach i remisie wygrywa........', 'Drużyna Kaprinu po dwóch porażkach 9:10 z Policjantami , 4:8 z Complexem oraz remisie 3:3 z LO Krzeszowice tym razem pewnie pokonali 8:2 FC Cressouicy 1286 . Mimo zwycięstwa drużyna Kaprinu nie zachwyciła swoją grą licznie zgromadzonej publiczności. Wszyscy zastanawiali się nad przyczyną ich słabej gry mając nadzieję , że to był mecz zwycięski " na przełamanie".', 'Drużyna, Kaprinu, dwóch, porażkach, Policjantami, Complexem, remisie, Krzeszowice, pewnie, pokonali, Cressouicy, zwycięstwa, drużyna, Kaprinu, zachwyciła, swoją, licznie, zgromadzonej, publiczności, Wszyscy, zastanawiali, przyczyną, słabej, mając, nadzieję, zwycięski, przełamanie"'),
	(1577, 'pl', 'Complex stracił pierwsze punkty z Oldbojami......', 'Drużyna Complexu nie straciła do tej pory punktów w Complex Lidze Orlikowej. Ale tym razem na ich drodze stanęli aktualni mistrzowie CLO mocno zdeterminowani i zmotywowani, żeby pokazać młodym kolegom kto tu rządzi w Krzeszowicach. Po bardzo dobrym meczu stojącym na bardzo dobrym poziomie padł wynik remisowy 8:8 co z przebiegu meczu jest wynikiem sprawiedliwym. Jedna i druga drużyna miały swoje sytuacje "meczowe" ale ich nie wykorzystały. Jedno jest pewne poziom naszej ligi stale się podnosi i wyrównuje. W tej chwili trudno byłoby wskazać drużyny , które wywalczą miejsce na podium poza drużyną Complexu , która ma najwięcej punktów i w dalszym ciągu pozostaje głównym kandydatem do tytułu mistrzowskiego.', 'Drużyna, Complexu, straciła, punktów, Complex, Orlikowej, drodze, stanęli, aktualni, mistrzowie, zdeterminowani, zmotywowani, pokazać, młodym, kolegom, rządzi, Krzeszowicach, bardzo, dobrym, stojącym, bardzo, dobrym, poziomie, remisowy, przebiegu, wynikiem, sprawiedliwym, drużyna, miały, sytuacje, "meczowe", wykorzystały, poziom, naszej, podnosi, wyrównuje, chwili, trudno, byłoby, wskazać, drużyny, które, wywalczą, miejsce, podium, drużyną, Complexu, która, najwięcej, punktów, dalszym, ciągu, pozostaje, głównym, kandydatem, tytułu, mistrzowskiego'),
	(1578, 'pl', 'LO Krzeszowice fajną drużynę mają i pewnie punkty zdobywają.....', 'LO Krzeszowice fajną drużynę mają i pewnie punkty zdobywają . Po remisowym meczu z brązowymi medalistami poprzedniego sezonu drużyną Kaprin 3:3 tym razem licealiści pewnie pokonali 6:3 drużynę Dominium. Po tym zwycięstwie LO Krzeszowice jest już na 4 miejscu ustępując jednym punktem Policjantom oraz drużynie Melby. Jeżeli dalej zawodnicy LO bedą tak skutecznie i widowiskowo mają realne szanse na podium.', 'Krzeszowice, fajną, drużynę, pewnie, punkty, zdobywają, remisowym, brązowymi, medalistami, poprzedniego, sezonu, drużyną, Kaprin, licealiści, pewnie, pokonali, drużynę, Dominium, zwycięstwie, Krzeszowice, miejscu, ustępując, jednym, punktem, Policjantom, drużynie, Jeżeli, zawodnicy, skutecznie, widowiskowo, realne, szanse, podium'),
	(1579, 'pl', 'Taras lepszy o 1 bramkę od KW Czatkowice......', 'Mimo deszczu i burzy zawodnicy Tarasu i KW Czatkowice rozegrali ciekawe i emocjonujące widowisko.Początek meczu należał do drużyny Tarasu , która grała szybciej i skuteczniej dzięki czemu do przerwy prowadziła 3:1.Drugą połowę wygrała drużyna KW Czatkowice 3:2 ale w całym spotkaniu lepszą o jedną bramką 5:4 okazała się drużyna Tarasu.', 'deszczu, zawodnicy, Tarasu, Czatkowice, rozegrali, ciekawe, emocjonujące, widowiskoPoczątek, należał, drużyny, Tarasu, która, grała, szybciej, skuteczniej, dzięki, przerwy, prowadziła, 3:1Drugą, połowę, wygrała, drużyna, Czatkowice, całym, spotkaniu, lepszą, jedną, bramką, okazała, drużyna, Tarasu'),
	(1580, 'pl', 'UKS Jedynka Krzeszowice', 'UKS Jedynka Krzeszowice', 'Jedynka, Krzeszowice'),
	(1581, 'pl', 'WItamy na stronie AP Świt Krzeszowice', 'Strona klubu sportowego GKS Świt Krzeszowice. Klub został&nbsp;założony w 1923 r. Nawiększe sukcesy to trzykrotny awans do III ligi małopolskiej.&nbsp;', 'Strona, sportowego, Krzeszowice, został&nbsp;założony, Nawiększe, sukcesy, trzykrotny, małopolskiej&nbsp;'),
	(1695, 'pl', 'Spadek do V ligi po ambitnej walce całego zespołu.', 'GKS Świt Krzeszowice po bardzo ambitnej walce do końca pożegnał się z IV ligą.  Mimo spadku wszystkim grającym zawodnikom należą się słowa podziękowania i najwyższego szacunku. Na przek&oacute;r bardzo trudnej sytuacji finansowej i organizacyjnej w Klubie walczyli ambitnie do samego końca. Mało tego , grając za darmo szukali sponsor&oacute;w , zawodnik&oacute;w i ludzi przyjażnie nastawionych do naszego Klubu.Często na mecze jeżdzili swoimi samochodami ponieważ nie było pieniędzy na busa Do końca mieli nadzieję na pozostanie w elitach IV ligi. Spadli ale serducho jakie pokazali grając dla GKS Świt - swojej ulubionej drużyny pozwala zaszeregować ich w śr&oacute;d najlepszych i najwierniejszych zawodnik&oacute;w naszego Klubu. Pragnę w tym miejscu w imieniu najwierniejszych działaczy, zawodnik&oacute;w , kibic&oacute;w GKS Świt oraz włansym gorąco podziękować całej drużynie a w szczeg&oacute;lności : Pawłowi Gawęckiemu, Tomaszowi Wr&oacute;blowi, Mateuszowi Marszałkowi, Arturowi Mucha, Jakubowi Marszałkowi,Michałowi Knclerzowi, Krzyśkowi Strzebońskiemu, Ryśkowi Krzyściakowi no i oczywiście grającemu trenerowi Piotrowi Chlipała,. Mam nadzieję, że jeszcze wr&oacute;cicie do naszego Klubu. Spadek no c&oacute;ż takie rzeczy się zdarzają . Teraz ważne , żeby poprawić sytuację finansową w GKS Świt , odbudować drużynę senior&oacute;w tak aby godnie reprezentowała tak zasłużony dla Krzeszowic Klub. Teraz nowo powstająca drużyna oparta jest na doświadczonych byłych zawodnikach Świtu , kt&oacute;rzy wr&oacute;cili z okolicznych drużyn. W sytuacji gdy drużynie senior&oacute;w zagroziło wycofanie z rozgrywek z powodu braku zawodnik&oacute;w z pomocą przyszli : Derniowski Piotr, Dąbek Dominik, Armatys Arkadiusz, Armatys, Grzegorz, Kuflik Sebasyian ( powr&oacute;t z Iskry Radwanowice), Zając Michał ( były zawodnik Orła Piaski Wielkie), Pałka Przemysław i Kołodziej Wojc iech ( Tęcza Tenczynek) Krzysztof Ślusarczyk ( Victoria Zalas ),Sliwiński Mateusz ( Kmita Zabierz&oacute;w, Sankovia Sanka ), Jacek Kot były barzo dobry i bramkostrzelny zawodnik Świtu Krzeszowice. W drużynie pozostał utalentowany wychowanek, drugi bramkarz poprzedniego sezonu Kamil Kłosowski. Pokazał się r&oacute;wnież w drużynie senior&oacute;w na sparingu najskuteczniejszy zawodnik drużyny Oldboj&oacute;w Łoboz Jan , kt&oacute;ry zaprezentował się z dobrej strony. Opr&oacute;cz w/w zawodnik&oacute;w do dyspozycji trenera senior&oacute;w Kazimierza Śliwińskiego pozostają r&oacute;wnież utalentowani młodzi wychowankowie Klubu Obodziński Jakub, Kobierecki Damian, Knapczyk Arkadiusz, Puchalski Damian, Kwiecień Jakub , Godyń Jakub oraz Kalemba Bartosz. Pierwsze rozegrane mecze sparingowe pokazały , że tworzy się dobra ekipa, kt&oacute;ra powinna skutecznie powalczyć w klasie okręgowej,', 'Krzeszowice, bardzo, ambitnej, końca, pożegnał, spadku, wszystkim, grającym, zawodnikom, należą, słowa, podziękowania, najwyższego, szacunku, przek&oacute;r, bardzo, trudnej, sytuacji, finansowej, organizacyjnej, Klubie, walczyli, ambitnie, samego, końca, grając, szukali, sponsor&oacute;w, zawodnik&oacute;w, przyjażnie, nastawionych, naszego, KlubuCzęsto, jeżdzili, swoimi, samochodami, ponieważ, pieniędzy, końca, nadzieję, pozostanie, elitach, Spadli, serducho, pokazali, grając, swojej, ulubionej, drużyny, pozwala, zaszeregować, śr&oacute;d, najlepszych, najwierniejszych, zawodnik&oacute;w, naszego, Pragnę, miejscu, imieniu, najwierniejszych, działaczy, zawodnik&oacute;w, kibic&oacute;w, włansym, gorąco, podziękować, całej, drużynie, szczeg&oacute;lności, Pawłowi, Gawęckiemu, Tomaszowi, Wr&oacute;blowi, Mateuszowi, Marszałkowi, Arturowi, Jakubowi, MarszałkowiMichałowi, Knclerzowi, Krzyśkowi, Strzebońskiemu, Ryśkowi, Krzyściakowi, oczywiście, grającemu, trenerowi, Piotrowi, Chlipała, nadzieję, jeszcze, wr&oacute;cicie, naszego, Spadek, c&oacute;ż, rzeczy, zdarzają, ważne, poprawić, sytuację, finansową, odbudować, drużynę, senior&oacute;w, godnie, reprezentowała, zasłużony, Krzeszowic, powstająca, drużyna, oparta, doświadczonych, byłych, zawodnikach, Świtu, kt&oacute;rzy, wr&oacute;cili, okolicznych, drużyn, sytuacji, drużynie, senior&oacute;w, zagroziło, wycofanie, rozgrywek, powodu, zawodnik&oacute;w, pomocą, przyszli, Derniowski, Dąbek, Dominik, Armatys, Arkadiusz, Armatys, Grzegorz, Kuflik, Sebasyian, powr&oacute;t, Radwanowice), Zając, Michał, zawodnik, Piaski, Wielkie), Pałka, Przemysław, Kołodziej, Tęcza, Tenczynek), Krzysztof, Ślusarczyk, Victoria, )Sliwiński, Mateusz, Zabierz&oacute;w, Sankovia, bramkostrzelny, zawodnik, Świtu, Krzeszowice, drużynie, pozostał, utalentowany, wychowanek, bramkarz, poprzedniego, sezonu, Kłosowski, Pokazał, r&oacute;wnież, drużynie, senior&oacute;w, sparingu, najskuteczniejszy, zawodnik, drużyny, Oldboj&oacute;w, Łoboz, kt&oacute;ry, zaprezentował, dobrej, strony, Opr&oacute;cz, zawodnik&oacute;w, dyspozycji, trenera, senior&oacute;w, Kazimierza, Śliwińskiego, pozostają, r&oacute;wnież, utalentowani, młodzi, wychowankowie, Obodziński, Kobierecki, Damian, Knapczyk, Arkadiusz, Puchalski, Damian, Kwiecień, Godyń, Kalemba, Bartosz, Pierwsze, rozegrane, sparingowe, pokazały, tworzy, kt&oacute;ra, powinna, skutecznie, powalczyć, klasie, okręgowej'),
	(1590, 'pl', 'Dzień Dziecka z UKS " Jedynka" i GKS Świt Krzeszowice- U- 2001', ' \r\nDzień Dziecka z UKS " Jedynka" i z GKS Świt Krzeszowice turniej piłki nożnej chłopców U-2001Wyniki: I miejsce GKS Świt Krzeszowice 1. II miejsce Jutrzenka Giebułtów. III miejsce Skała\'\' Jaguary". IV miejsce Alwernia. V miejsce Skała" Tygrysy". VI miejsce GKSŚwit Krzeszowice 2. VII miejsce Wola Filipowska. Organizatorem turnieju w tej kategorii był trener GKS Świt Krzeszowice Adrian Kaczkowski\r\nDzień Dziecka z UKS" Jedynka" i Świtem Krzeszowice..Dnia 07.06.2014 odbył się pierwszy turniej Orlików z okazji Dnia Dziecka w Krzeszowicach zorganizowany przez GKS "ŚWIT" KRZESZOWICE ORAZ UKS "JEDYNKA". Zawody otworzył Burmistrz Gminy Krzeszowice Czesław Bartl który był mile zaskoczony organizacją Turnieju. Mecze były grane systemem grupowym w Gr A wystąpiły drużyny: AP Kmita Zabierzów I , Świt Krzeszowice II, Lotnik Kryspinów II oraz UKS Mników. W Gr B wystąpiły : AP Kmita Zabierzów II, Świt Krzeszowice I oraz Lotnik Kryspinów I. Pierwsze miejsce w grupach zajęły kolejno AP Kmita Zabierzów I oraz AP Kmita Zabierzów II , Drugie miejsca w grupach zajęły drużyny Lotnika Kryspinów. Nasze Drużyny zajęły V i VII miejsca. Pierwsze 4 miejsca zajęły AP Kmita Zabierzów i Lotnik Kryspinów które deklasowały wszystkie drużyny. Na zakończenie turniej zamknął i wręczył nagrody Prezes zarządu UKS "JEDYNKA" Pan Wojciech Kardas.Świt Krzeszowice wystąpił w składzie: Michał Kajdas - Maciej Ślusarczyk, Gabriel Niemiec, Karol Szecówka, Bartek Olesiński, Łukasz Kurdziel, Szymon Setkowicz , Alan Macałka, Dominik Kurdziel, Jaś Dadej, Kuba Rutyna, Wiktor Bartosik, Aleks Bochenek, Mikołaj, Duszan Młynarczyk. Organizatorem turnieju w tej kategorii był trener GKS Świt Krzeszowice Krystian Kowalczyk.', ' \r\nDzień, Dziecka, Jedynka", Krzeszowice, turniej, piłki, nożnej, chłopców, U2001Wyniki:, miejsce, Krzeszowice, miejsce, Jutrzenka, Giebułtów, miejsce, Skała\'\', Jaguary", miejsce, Alwernia, miejsce, Skała", Tygrysy", miejsce, GKSŚwit, Krzeszowice, miejsce, Filipowska, Organizatorem, turnieju, kategorii, trener, Krzeszowice, Adrian, Kaczkowski\r\nDzień, Dziecka, Jedynka", Świtem, KrzeszowiceDnia, 07062014, odbył, pierwszy, turniej, Orlików, okazji, Dziecka, Krzeszowicach, zorganizowany, "ŚWIT", KRZESZOWICE, "JEDYNKA", Zawody, otworzył, Burmistrz, Krzeszowice, Czesław, który, zaskoczony, organizacją, Turnieju, systemem, grupowym, wystąpiły, drużyny:, Zabierzów, Krzeszowice, Lotnik, Kryspinów, Mników, wystąpiły, Kmita Zabierzów, Krzeszowice, Lotnik, Kryspinów, Pierwsze, miejsce, grupach, zajęły, kolejno, Zabierzów, Zabierzów, Drugie, miejsca, grupach, zajęły, drużyny, Lotnika, Kryspinów, Drużyny, zajęły, miejsca, Pierwsze, miejsca, zajęły, Zabierzów, Lotnik, Kryspinów, które, deklasowały, wszystkie, drużyny, zakończenie, turniej, zamknął, wręczył, nagrody, Prezes, zarządu, "JEDYNKA", Wojciech, KardasŚwit, Krzeszowice, wystąpił, składzie: Michał, Kajdas, Maciej, Ślusarczyk, Gabriel, Niemiec, Szecówka, Bartek, Olesiński, Łukasz, Kurdziel, Szymon, Setkowicz, Macałka, Dominik, Kurdziel, Rutyna, Wiktor, Bartosik, Bochenek, Mikołaj, Duszan, Młynarczyk, Organizatorem, turnieju, kategorii, trener, Krzeszowice, Krystian, Kowalczyk'),
	(1588, 'pl', 'Turnieje z okazji Dnia Dziecka 2014', 'Oprócz imprez rekreacyjnych były również rozegrane turnieje z okazji Dnia Dziecka.:Piłka siatkowa dziewcząt - w turnieju udział wzięły 4 drużyny tj: Gimnazjum nr. 2 z Libiąża I i II zespół , Zespół Szkół w Zalasiu oraz Publiczne Gimnazjum w Krzeszowicach.A oto wyniki spotkań : PG Krzeszowice : Gimnazjum nr 2 Libiąż II zespół 2:0Gimnazjum nr. 2 Libiąż I : Zespół Szkół w Zalasiu 2:0PG Krzeszowice : Gimnazjum nr 2 Libiąż I zespół 1:2ZS w Zalasiu : Gimnazjum nr. 2 Libiąż II 1:2PG Krzeszowice : ZS w Zalasiu 2:0Gimnazjum Libiąż nr 2 I : Gimnazjum Libiąż nr 2 II 2:0\r\n\r\nTurniej halowej piłki nożnej chłopców U-98 o mistrzostwo Gminy Krzeszowice w rywalizacji sołectw i osiedli .W turnieju udział wzięły :Gr. A Sanka Wola Filipowska, Os. Parkowe, Os. CentrumGr. B Filipowice, Nawojowa Góra, MiękiniaA oto wyniki meczów:Gr A1.Wola Filipowska : Os. Parkowe 2:1Pałka 1, Jarosiński 1 / Jaworski M 12.Sanka : Os. Centrum 9:0Malik P 7,Pażdzior 1,Cyganik 13.Os. Centrum : Wola Filipowska 0:5 Jarosiński 3, Konarski 1, Bachowski 1\r\n4. Sanka : Os. Parkowe 0:05. Wola Filipowska : Sanka 1:0Jarosiński 16. Os. Centrum : Os. Parkowe 0:9Jaworski 4, Głowacz 3,Kubica 1, Kurdziel 1Gr. B1.Filipowice : Nawojowa Góra 1:3Kłeczek K 1 / Surówka 1, Wróbel 1, Dziedziak 12.Miękinia : Os. Jurajskie 1:1Borowski B 1 / Ziarkowski B 13. Os. Jurajskie : Filipowice 2:3Ziarkowski B 2 / Lorek J 2, Noworyta A 1\r\nOs Parkowe : Nawojowa Góra 2:1Głowacz 1, Kubica 1Filipowice : Wola Filipowska 2:3Kłeczek K 1 / Konarski, Bachowski, Jarosiński 1Lorek J 1\r\nMecz o 5 miejsce się nie odbył ponieważ Sanka oddała mecz walkowerem. Tym sposobem Os. Jurajskie zajęło 5 miejsce w turnieju.Mecz o 7 miejsce Miękinia : Os. Centrum 1:3Cekiera 1 / Knapik 3Mecz o 3 miejsce Filipowice : Nawojowa Góra 3:0Kłeczek Ł 1Lorek J 2\r\nMecz o 1 miejsceOs. Parkowe : Wola Filipowska 1:2Jaworski M 1 / Jarosiński 2\r\nTurniej halowej piłki nożnej U- 99 i młodsi. W turnieju udział wzięło 9 zespołów.Wyniki meczów kat U- 99.Gr. A 1. II C : II A 7 : 1Madejski 3, Mitka 2, Żbik K 1Dudek 1 ,2.II D : II C 0:1Dudek 13. II A : II D O:13Wilk K 9, Łuszczek S 2, Drożdż K 1, Jaros N 1\r\nGr. B1. II B : II E 4:1Wosik M 2, / Stopa K 1Wągroda A 1,Hrycaniuk P 1\r\nĆwierćfinały 1 II B : II D 5:0Dziedziak K 3Wosik M 1,Wojtas P 12. II E : II C 2:1Stopa K 1 / Madejski 1Żbik K 1\r\nMecz o 3 miejsceII D : II E 3:1Jaworski 2 / Stopa Karol 1Wilk K 1\r\nMecz o 1 miejsce\r\nII B : II C 6:0Dziedziak K 3,Wosik M 2Hrycaniuk 1\r\n', 'Oprócz, imprez, rekreacyjnych, również, rozegrane, turnieje, okazji, Dziecka:Piłka, siatkowa, dziewcząt, turnieju, udział, wzięły, drużyny, Gimnazjum, Libiąża, zespół, Zespół, Szkół, Zalasiu, Publiczne, Gimnazjum, KrzeszowicachA, wyniki, spotkań, Krzeszowice, Gimnazjum, Libiąż, zespół, 2:0Gimnazjum, Libiąż, Zespół, Szkół, Zalasiu, Krzeszowice, Gimnazjum, Libiąż, zespół, Zalasiu, Gimnazjum, Libiąż, Krzeszowice, Zalasiu, 2:0Gimnazjum, Libiąż, Gimnazjum, Libiąż, 2:0\r\n\r\nTurniej, halowej, piłki, nożnej, chłopców, mistrzostwo, Krzeszowice, rywalizacji, sołectw, osiedli, turnieju, udział, wzięły, Filipowska, Parkowe, CentrumGr, Filipowice, Nawojowa, MiękiniaA, wyniki, meczów:Gr, A1Wola, Filipowska, Parkowe, 2:1Pałka, Jarosiński, Jaworski, 12Sanka, Centrum, 9:0Malik, 7Pażdzior, 1Cyganik, Centrum, Filipowska, 0:5 Jarosiński, Konarski, Bachowski, Parkowe, Filipowska, 1:0Jarosiński, Centrum, Parkowe, 0:9Jaworski, Głowacz, 3Kubica, Kurdziel, B1Filipowice, Nawojowa, 1:3Kłeczek, Surówka, Wróbel, Dziedziak, 12Miękinia, Jurajskie, 1:1Borowski, Ziarkowski, Jurajskie, Filipowice, 2:3Ziarkowski, Noworyta, Parkowe, Nawojowa, 2:1Głowacz, Kubica, 1Filipowice, Filipowska, 2:3Kłeczek, Konarski, Bachowski, Jarosiński, 1Lorek, 1\r\nMecz, miejsce, odbył, ponieważ, oddała, walkowerem, sposobem, Jurajskie, zajęło, miejsce, turniejuMecz, miejsce, Miękinia, Centrum, 1:3Cekiera, Knapik, miejsce Filipowice, Nawojowa, 3:0Kłeczek, 1Lorek, 2\r\nMecz, miejsceOs, Parkowe, Filipowska, 1:2Jaworski, Jarosiński, 2\r\nTurniej, halowej, piłki, nożnej, młodsi, turnieju, udział, wzięło, zespołówWyniki, meczów, 1Madejski, 3 Mitka, 2 Żbik, 1Dudek, 0:1Dudek, O:13Wilk, Łuszczek, Drożdż, 4:1Wosik, 1Wągroda, 1Hrycaniuk, 1\r\nĆwierćfinały 1, 5:0Dziedziak, 3Wosik, 1Wojtas, 2:1Stopa, Madejski, 1Żbik, 1\r\nMecz, miejsceII, 3:1Jaworski, 1\r\nMecz, miejsce\r\nII, 6:0Dziedziak, 3Wosik, 2Hrycaniuk'),
	(1586, 'pl', 'Taki dzień się zdarza raz tylko raz w roku i więcej nie jak zatrzymać czas jak zatrzymać ten najpiękniejszy w życiu dzień..... Dzień Dziecka pt. " Krzeszowice Dzieciom', 'Dzień Dziecka pt. " Krzeszowice Dzieciom"został zorganizowany przez UKS " Jedynka " pod honorowym patronatem Burmistrza Gminy Krzeszowice we współpracy z Publicznym Gimnazjum w Krzeszowicach, Osiedlem Jurajskie, Gminnym Klubem Sportowym Świt Krzeszowice, Grupą Oazową przy Kościele św Marcina oraz Pełnomocnikiem Burmistrza d/s Profilaktyki.\r\n\r\nPo raz kolejny dzieci miały swój dzień wspaniałej, beztroskiej i bezpłatnej zabawy .Do atrakcji w tym roku należały: euro bungee, zjeżdżalnia ,ściana wspinaczkowa, quady, jazdę samochodami terenowymi,szczudlarze, animator zabaw dla dzieci, malowanie twarzy, wóz strażacki, wóz policyjny, lody Melba, Lody firmy Iglotex, Wata cukrowa, popcorn,kiełbaski,balony i inne cenne nagrody. Wszystkie atrakcje były dla dzieci bezpłatne dzięki licznym darczyńcom takim jak: Kopalnie Wapienia Czatkowice, Kopalnie Porfiru i Diabazu, firmie Kaprin,Szkoła Języków Obcych Complex, Rimix, Osiedle Jurajskie, Base System, Archidraft, E-Hydrotime,Elektro-system, Tarasbud,Dor-Med, Kris-Pol,Melba, Dolce Vita, Więcek, Tarnowski Sklep Mięsny, Orlen K&amp;K, Auto Janus,Iglotex, Pol- Mak sp. Z o.o. Eden Springs,Kulkolandia Tenczynek.Cała impreza z okazji Dnia Dziecka była organizowana przy wsparciu finansowym Gminy Krzeszowice.\r\n \r\n', 'Dzień, Dziecka, Krzeszowice, Dzieciom"został, zorganizowany, Jedynka, honorowym, patronatem, Burmistrza, Krzeszowice, współpracy, Publicznym, Gimnazjum, Krzeszowicach, Osiedlem, Jurajskie, Gminnym, Klubem, Sportowym, Krzeszowice, Grupą, Oazową, Kościele, Marcina, Pełnomocnikiem, Burmistrza, Profilaktyki\r\n\r\nPo, kolejny, dzieci, miały, dzień, wspaniałej, beztroskiej, bezpłatnej, zabawy, atrakcji, należały:, bungee, zjeżdżalnia, ściana, wspinaczkowa, jazdę, samochodami, terenowymiszczudlarze, animator, dzieci, malowanie, twarzy, strażacki, policyjny, Iglotex, cukrowa, popcornkiełbaskibalony, nagrody, Wszystkie, atrakcje, dzieci, bezpłatne, dzięki, licznym, darczyńcom, Kopalnie, Wapienia, Czatkowice, Kopalnie, Porfiru, Diabazu, firmie, KaprinSzkoła, Języków, Obcych, Complex, Osiedle, Jurajskie, System, Archidraft, EHydrotimeElektrosystem, TarasbudDorMed, KrisPolMelba, Więcek, Tarnowski, Mięsny, K&amp;K, JanusIglotex, SpringsKulkolandia, TenczynekCała, impreza, okazji, Dziecka, organizowana, wsparciu, finansowym, Krzeszowice\r\n \r\n'),
	(1585, 'pl', 'Taki dzień się zdarza raz tylko raz w roku i więcej nie jak zatrzymać czas jak zatrzymać ten najpiękniejszy w życiu dzień..... Dzień Dziecka pt. " Krzeszowice Dzieciom', 'Dzień Dziecka pt. " Krzeszowice Dzieciom"został zorganizowany przez UKS " Jedynka " pod honorowym patronatem Burmistrza Gminy Krzeszowice we współpracy z Publicznym Gimnazjum w Krzeszowicach, Osiedlem Jurajskie, Gminnym Klubem Sportowym Świt Krzeszowice, Grupą Oazową przy Kościele św Marcina oraz Pełnomocnikiem Burmistrza d/s Profilaktyki.\r\nPo raz kolejny dzieci miały swój dzień wspaniałej, beztroskiej i bezpłatnej zabawy .Do atrakcji w tym roku należały: euro bungee, zjeżdżalnia ,ściana wspinaczkowa, quady, jazdę samochodami terenowymi,szczudlarze, animator zabaw dla dzieci, malowanie twarzy, wóz strażacki, wóz policyjny, lody Melba, Lody firmy Iglotex, Wata cukrowa, popcorn,kiełbaski,balony i inne cenne nagrody. Wszystkie atrakcje były dla dzieci bezpłatne dzięki licznym darczyńcom takim jak: Kopalnie Wapienia Czatkowice, Kopalnie Porfiru i Diabazu, firmie Kaprin,Szkoła Języków Obcych Complex, Rimix, Osiedle Jurajskie, Base System, Archidraft, E-Hydrotime,Elektro-system, Tarasbud,Dor-Med, Kris-Pol,Melba, Dolce Vita, Więcek, Tarnowski Sklep Mięsny, Orlen K&amp;K, Auto Janus,Iglotex, Pol- Mak sp. Z o.o. Eden Springs,Kulkolandia Tenczynek.Cała impreza z okazji Dnia Dziecka była organizowana przy wsparciu finansowym Gminy Krzeszowice.', 'Dzień, Dziecka, Krzeszowice, Dzieciom"został, zorganizowany, Jedynka, honorowym, patronatem, Burmistrza, Krzeszowice, współpracy, Publicznym, Gimnazjum, Krzeszowicach, Osiedlem, Jurajskie, Gminnym, Klubem, Sportowym, Krzeszowice, Grupą, Oazową, Kościele, Marcina, Pełnomocnikiem, Burmistrza, Profilaktyki\r\nPo, kolejny, dzieci, miały, dzień, wspaniałej, beztroskiej, bezpłatnej, zabawy, atrakcji, należały:, bungee, zjeżdżalnia, ściana, wspinaczkowa, jazdę, samochodami, terenowymiszczudlarze, animator, dzieci, malowanie, twarzy, strażacki, policyjny, Iglotex, cukrowa, popcornkiełbaskibalony, nagrody, Wszystkie, atrakcje, dzieci, bezpłatne, dzięki, licznym, darczyńcom, Kopalnie, Wapienia, Czatkowice, Kopalnie, Porfiru, Diabazu, firmie, KaprinSzkoła, Języków, Obcych, Complex, Osiedle, Jurajskie, System, Archidraft, EHydrotimeElektrosystem, TarasbudDorMed, KrisPolMelba, Więcek, Tarnowski, Mięsny, K&amp;K, JanusIglotex, SpringsKulkolandia, TenczynekCała, impreza, okazji, Dziecka, organizowana, wsparciu, finansowym, Krzeszowice'),
	(1591, 'pl', 'Dzień Dziecka z UKS " Jedynka" i GKS Świt Krzeszowice turniej U- 2003', 'Dzień Dziecka z UKS " Jedynka" i GKS Świt Krzeszowice Dzień Dziecka z UKS" Jedynka" i Świtem Krzeszowice. .Dnia 07.06.2014 odbył się pierwszy turniej Orlików z okazji Dnia Dziecka w Krzeszowicach zorganizowany przez GKS "ŚWIT" KRZESZOWICE ORAZ UKS "JEDYNKA". Zawody otworzył Burmistrz Gminy Krzeszowice Czesław Bartl który był mile zaskoczony organizacją Turnieju. Mecze były grane systemem grupowym w Gr A wystąpiły drużyny: AP Kmita Zabierzów I , Świt Krzeszowice II, Lotnik Kryspinów II oraz UKS Mników. W Gr B wystąpiły : AP Kmita Zabierzów II, Świt Krzeszowice I oraz Lotnik Kryspinów I. Pierwsze miejsce w grupach zajęły kolejno AP Kmita Zabierzów I oraz AP Kmita Zabierzów II , Drugie miejsca w grupach zajęły drużyny Lotnika Kryspinów. Nasze Drużyny zajęły V i VII miejsca. Pierwsze 4 miejsca zajęły AP Kmita Zabierzów i Lotnik Kryspinów które deklasowały wszystkie drużyny. Na zakończenie turniej zamknął i wręczył nagrody Prezes zarządu UKS "JEDYNKA" Pan Wojciech Kardas. Świt Krzeszowice wystąpił w składzie:  Michał Kajdas - Maciej Ślusarczyk, Gabriel Niemiec, Karol Szecówka, Bartek Olesiński, Łukasz Kurdziel, Szymon Setkowicz , Alan Macałka, Dominik Kurdziel, Jaś Dadej, Kuba Rutyna, Wiktor Bartosik, Aleks Bochenek, Mikołaj, Duszan Młynarczyk. Organizatorem turnieju w tej kategorii był trener GKS Świt Krzeszowice Krystian Kowalczyk.', 'Dzień, Dziecka, Jedynka", Krzeszowice, Dzień, Dziecka, Jedynka", Świtem, Krzeszowice, 07062014, odbył, pierwszy, turniej, Orlików, okazji, Dziecka, Krzeszowicach, zorganizowany, "ŚWIT", KRZESZOWICE, "JEDYNKA", Zawody, otworzył, Burmistrz, Krzeszowice, Czesław, który, zaskoczony, organizacją, Turnieju, systemem, grupowym, wystąpiły, drużyny:, Zabierzów, Krzeszowice, Lotnik, Kryspinów, Mników, wystąpiły, Zabierzów, Krzeszowice, Lotnik, Kryspinów, Pierwsze, miejsce, grupach, zajęły, kolejno, Zabierzów, Zabierzów, Drugie, miejsca, grupach, zajęły, drużyny, Lotnika, Kryspinów, Drużyny, zajęły, miejsca, Pierwsze, miejsca, zajęły, Zabierzów, Lotnik, Kryspinów, które, deklasowały, wszystkie, drużyny, zakończenie, turniej, zamknął, wręczył, nagrody, Prezes, zarządu, "JEDYNKA", Wojciech, Kardas, Krzeszowice, wystąpił, składzie:,  Michał, Kajdas, Maciej, Ślusarczyk, Gabriel, Niemiec, Szecówka, Bartek, Olesiński, Łukasz, Kurdziel, Szymon, Setkowicz, Macałka, Dominik, Kurdziel, Rutyna, Wiktor, Bartosik, Bochenek, Mikołaj, Duszan, Młynarczyk, Organizatorem, turnieju, kategorii, trener, Krzeszowice, Krystian, Kowalczyk'),
	(1593, 'pl', 'Koniec pierwszej rundy Complex Ligi Orlikowej.', 'Zakończyła się 1 runda Complex Ligi Orlikowej. Druga runda oraz kilka zaległych spotkań rozegrane zostaną pod koniec sierpnia.\r\nTermin II rundy zostanie podany na 3 tygodnie przed jej rozpoczęciem.', 'Zakończyła, Complex, Orlikowej, zaległych, spotkań, rozegrane, zostaną, koniec, sierpnia\r\nTermin, zostanie, podany, tygodnie, rozpoczęciem'),
	(1594, 'pl', 'WAKACJE ZE śWITEM', '', ''),
	(1596, 'pl', 'Szkoła Języków Obcych Complex  zaprasza.', 'Uwaga Uwaga Najlepsza jakość , największa skuteczność oraz przystępne ceny nauki języków obcych tylko w Szkole Języków Obcych Complex.Na dodatek dla zawodników i zawodniczek GKS Świt Krzeszowice oraz UKS " Jedynka " przy Gimnazjum w Krzeszowicach nauka języków po promocyjnych cenach. W szczególnych przypadkach istnieje możliwość zwolnienia z opłat za kurs jęzków obcych.Na dodatek Szkoła Języków Obcych Complex razem z GKS Świt i UKS " Jedynka" realizuje program " Przez Sport do Europy" a w ramach programu:1. Wizyty naszych sportowców w zagranicznych ambasadach.2. Wyjazdy na turnieje i zawody międzynarodowe.3.Organizowanie międzynarodowych turniejów i zawodów w Krzeszowicach na stadionie GKS Świt oraz na hali Widowiskowo Sportowej przy Gimnazjum w Krzeszowicach.4.Organizowanie integracyjnych obozów sportowych dla naszych sportowców oraz grup zagranicznych .\r\n\r\nWięc nie zwlekaj już dziś zadzwoń , wypytaj i zapisz się na prywatny kurs języka , który sobie wybierzesz do Szkoły Języków Obcych Complex.\r\nZnajomość języków obcych - sport na dobrym poziomie - wspaniała zabawa- czyli Complex.\r\n', 'Najlepsza, jakość, największa, skuteczność, przystępne, języków, obcych, Szkole, Języków, Obcych, ComplexNa, dodatek, zawodników, zawodniczek, Krzeszowice, Jedynka, Gimnazjum, Krzeszowicach, języków, promocyjnych, cenach, szczególnych, przypadkach, istnieje, możliwość, zwolnienia, opłat, jęzków, obcychNa, dodatek, Szkoła, Języków, Obcych, Complex, Jedynka", realizuje, program, Przez Sport, Europy", ramach, programu:1, Wizyty, naszych, sportowców, zagranicznych, ambasadach2, Wyjazdy, turnieje, zawody, międzynarodowe3Organizowanie, międzynarodowych, turniejów, zawodów, Krzeszowicach, stadionie, Widowiskowo, Sportowej, Gimnazjum, Krzeszowicach4Organizowanie, integracyjnych, obozów, sportowych, naszych, sportowców, zagranicznych, zwlekaj, zadzwoń, wypytaj, zapisz, prywatny, języka, który, wybierzesz, Szkoły, Języków, Obcych, Complex\r\nZnajomość, języków, obcych, dobrym, poziomie, wspaniała, zabawa, Complex\r\n'),
	(1597, 'pl', 'Liga Orlikowa dla dorosłych II runda', 'W poniedziałek 1.09.2014 r. startuje II runda rozgrywek ligi orlikowej dla dorosłych. Do piątku 29 sierpnia przyjmuję propozycję do terminarza.Zapraszam do dalszej zabawy.', 'poniedziałek, 1092014, startuje, rozgrywek, orlikowej, dorosłych, piątku, sierpnia, przyjmuję, propozycję, terminarzaZapraszam, dalszej, zabawy'),
	(1598, 'pl', 'Kto zatrzyma Policjantów ? ', 'Kto zatrzyma Policjantów ? Mistrzowie w odwrocie......Complex goni lidera.....Kaprin poza podium.....Druga runda trudniejsza dla drużyny LO......Dominium o krok od wygranej z mistrzami po bardzo dobrej grze...Melba coraz bliżej lidera.....\r\nPolicjanci po dwóch kolejkach Complex Ligi Orlikowej znajdują się na pozycji lidera. Jest to zasługa całej drużyny , która gra bardzo dobrze skutecznie i widowiskowo. W tej formie będzie trudna do zatrzymania dla każdego przeciwnika. W pierwszych dwóch kolejkach Policjanci pokonali aktualnych mistrzów ligi orlikowej poprzedniego sezonu drużynę Oldboje 16:7 oraz bardzo grożny zespół LO 6:1. W obu meczach Policjanci dominowali na boisku.\r\nAktualni mistrzowie ligi orlikowej poprzedniego sezonu drużyna Oldboje Krzeszowic w pierwszym meczu ponieśli sromotną porażkę 7:16 z Policjantami. W drugiej kolejce sensacyjnie zremisowali z ostatnią drużyną w tabeli Dominium ratując remis w ostatnich minutach meczu.Słabe wyniki Oldbojów są wynikiem braków personalnych w zespole spowodowanych licznymi kontuzjami co sprawia że drużyna właściwie w każdym meczu gra w dużym osłabieniu.Ale ambicji ,woli walki i zadziorności grającym w tej drużynie zawodnikom można pozazdrościć. Mamy nadzieję , że jeszcze dla Oldbojów przyjdą lepsze dni i zostaną wzmocnieni równie dobrymi, ambitnymi i zadziornymi zawodnikami z tej kategorii.\r\nDrużyna Complex po porażce w pierwszej rundzie z Policjantami znajduje się na drugim miejscu i musi gonić lidera. Nie będzie to łatwe ponieważ drużyna Policjantów prezentuje bardzo wysoką formę.\r\nW zeszłym sezonie drużyna Kaprin zajęła II miejsce w rozgrywkach co było najlepszym wynikiem młodej drużyny w historii jej startów w lidze orlikowej.W tym sezonie wicemistrzowie prezentują niestety słabą formę i aktualnie znajdują się za podium ze stratą 8 punktów do lidera i wicelidera.W pierwszej kolejce rundy rewanżowej drużyna Kaprin poległa w meczu z Complexem 18:8. W drugiej kolejce wysoko pokonali KW Czatkowice 16:5 dając nadzieję na lepszą drugą rundę w jaj wykonaniu.\r\nLO po pierwszej rundzie znajdował się wysoko w tabeli z apetytami na miejsce na podium. Niestety w obu kolejkach rundy rewanżowej licealna młodzież poniosła dwie porażki oddalając się od podium.W pierwszym meczu LO przegrało z Melbą 9:5 a w drugim uległo Policjantom 1:6. Myślę jednak , że drużyna ta nie powiedziała jeszcze ostatniego słowa i powalczy jeszcze o miejsce na podium.\r\nDrużyna Dominium skazana na porażkę w meczu z drużyną Oldboje Krzeszowic wysoko podniosła poprzeczkę i odniosła zasłużony remis prezentując bardzo dobrą widowiskową grę czym zaskoczyli swoich przeciwników oraz licznie zgromadzonych kibiców. Na dodatek mieli zwycięstwo w rękach jeszcze na dwie minuty przed końcem meczu . Niestety póżniej Oldboje doprowadzili do remisu , którego żadnej z drużyn nie udało się zamienić na zwycięstwo.\r\nDrużyna Melby po zwycięstwach nad Kaprinem 7:5 oraz LO 9:5 znajduje się coraz bliżej pozycji lidera. Melba od dłuższego czasu prezentuje wysoką formę co w tym sezonie skutkować może nawet tytułem mistrzowskim lub w najgorszym przypadku miejscem na podium. Trzymamy kciuki i życzymy powodzenia.', 'zatrzyma, Policjantów,  Mistrzowie, odwrocieComplex, lideraKaprin, podiumDruga, trudniejsza, drużyny, LODominium, wygranej, mistrzami, bardzo, dobrej, grzeMelba, bliżej, lidera\r\nPolicjanci, dwóch, kolejkach, Complex, Orlikowej, znajdują, pozycji, lidera, zasługa, całej, drużyny, która, bardzo, dobrze, skutecznie, widowiskowo, formie, będzie, trudna, zatrzymania, każdego, przeciwnika, pierwszych, dwóch, kolejkach, Policjanci, pokonali, aktualnych, mistrzów, orlikowej, poprzedniego, sezonu, drużynę, Oldboje, bardzo, grożny, zespół, meczach, Policjanci, dominowali, boisku\r\nAktualni, mistrzowie, orlikowej, poprzedniego, sezonu, drużyna, Oldboje, Krzeszowic, pierwszym, ponieśli, sromotną, porażkę, Policjantami, drugiej, kolejce, sensacyjnie, zremisowali, ostatnią, drużyną, tabeli, Dominium, ratując, ostatnich, minutach, meczuSłabe, wyniki, Oldbojów, wynikiem, braków, personalnych, zespole, spowodowanych, licznymi, kontuzjami, sprawia, drużyna, właściwie, każdym, dużym, osłabieniuAle, ambicji, zadziorności, grającym, drużynie, zawodnikom, można, pozazdrościć, nadzieję, jeszcze, Oldbojów, przyjdą, lepsze, zostaną, wzmocnieni, równie, dobrymi, ambitnymi, zadziornymi, zawodnikami, kategorii\r\nDrużyna, Complex, porażce, pierwszej, rundzie, Policjantami, znajduje, drugim, miejscu, gonić, lidera, będzie, łatwe, ponieważ, drużyna, Policjantów, prezentuje, bardzo, wysoką, formę\r\nW, zeszłym, sezonie, drużyna, Kaprin, zajęła, miejsce, rozgrywkach, najlepszym, wynikiem, młodej, drużyny, historii, startów, orlikowejW, sezonie, wicemistrzowie, prezentują, niestety, słabą, formę, aktualnie, znajdują, podium, stratą, punktów, lidera, wicelideraW, pierwszej, kolejce, rewanżowej, drużyna, Kaprin, poległa, Complexem, drugiej, kolejce, wysoko, pokonali, Czatkowice, dając, nadzieję, lepszą, drugą, rundę, wykonaniu\r\nLO, pierwszej, rundzie, znajdował, wysoko, tabeli, apetytami, miejsce, podium, Niestety, kolejkach, rewanżowej, licealna, młodzież, poniosła, porażki, oddalając, podiumW, pierwszym, przegrało, Melbą, drugim, uległo, Policjantom, Myślę, jednak, drużyna, powiedziała, jeszcze, ostatniego, słowa, powalczy, jeszcze, miejsce, podium\r\nDrużyna, Dominium, skazana, porażkę, drużyną, Oldboje, Krzeszowic, wysoko, podniosła, poprzeczkę, odniosła, zasłużony, prezentując, bardzo, dobrą, widowiskową, zaskoczyli, swoich, przeciwników, licznie, zgromadzonych, kibiców, dodatek, zwycięstwo, rękach, jeszcze, minuty, końcem, Niestety, póżniej, Oldboje, doprowadzili, remisu, którego, żadnej, drużyn, udało, zamienić, zwycięstwo\r\nDrużyna, zwycięstwach, Kaprinem, znajduje, bliżej, pozycji, lidera, dłuższego, prezentuje, wysoką, formę, sezonie, skutkować, tytułem, mistrzowskim, najgorszym, przypadku, miejscem, podium, Trzymamy, kciuki, życzymy, powodzenia'),
	(1599, 'pl', 'Startuje kolejna edycja Kaprin Futsal League', '27 Pażdziernika rusza kolejna runda Kaprin Futsal League.Zgłoszenia przyjmujemy do 24 pażdziernika. Mecze będą rozgrywane będą w poniedziałki od 20 oraz w piątki od 19.30.Obrońcą tytułu mistrzowskiego jest drużyna Szkoły Języków Obcych Complex.Complex, Kaprin oraz Archidraft to drużyny , które już się zgłosiły do rozgrywek. Czekamy na pozostałe drużyny. Szczegółowe informacje pod numerem 696459906\r\nArchidraft to mistrz ligi halowej U-97 z roku 2013 oraz zwycięzca turnieju mikołajkowego  w tej kategorii w którym pokonał drużynę mistrzów Polski drużynę  Wisły Krakbet Kraków', 'Pażdziernika, kolejna, Kaprin, Futsal, LeagueZgłoszenia, przyjmujemy, pażdziernika, będą, rozgrywane, będą, poniedziałki, piątki, 1930Obrońcą, tytułu, mistrzowskiego, drużyna, Szkoły, Języków, Obcych, ComplexComplex, Kaprin, Archidraft, drużyny, które, zgłosiły, rozgrywek, Czekamy, pozostałe, drużyny, Szczegółowe, informacje, numerem, 696459906\r\nArchidraft, mistrz, halowej, zwycięzca, turnieju, mikołajkowego, kategorii, którym, pokonał, drużynę, mistrzów, Polski, drużynę,  Wisły, Krakbet, Kraków'),
	(1600, 'pl', 'Śladami Jana Pawła II', 'Mecz Reprezentacji Polski Oldbojów z Oldbojami Krzeszowic 29 pażdziernika 2014 o godz. 20.00 w hali widowiskowo sportowej przy ulicy Długiej 22.Tak się składa ,że część z nas było bierzmowanych przez Jana Pawła II dlatego gramy ten wielki mecz , żeby uczcić pamięć Św Jana Pawła II.W trakcie turnieju odśpiewana zostanie ukochana przez papieża barka.Udział w reprezentacji zapowiedział trener GKS " Świt " Krzeszowice Maciej Antkiewicz. Zapraszamy serdecznie wszystkich kibiców do oglądania tego wspaniałego meczu oraz odśpiewania barki', 'Reprezentacji, Polski, Oldbojów, Oldbojami, Krzeszowic 29, pażdziernika, widowiskowo, sportowej, Długiej, składa, część, bierzmowanych, Pawła, dlatego, wielki, uczcić, pamięć, Pawła, trakcie, turnieju, odśpiewana, zostanie, ukochana, papieża, barkaUdział, reprezentacji, zapowiedział, trener, Krzeszowice, Maciej, Antkiewicz, Zapraszamy, serdecznie, wszystkich, kibiców, oglądania, wspaniałego, odśpiewania'),
	(1601, 'pl', 'Startuje Kaprin Futsal League', 'Startuje Kaprin Futsal League 2014/2015 .\r\n3 listopada w Krzeszowicach startuje Karpin Futsal League .Zgłoszenia do rozgrywek przyjmowane są do 30 pażdziernika. Rozgrywki będą prowadzone od 3 listopada do końca lutego .Szczegółowe informacje pod numerem 696459906.\r\n\r\nDo chwili obecnej zgłosiły się następujące drużyny:Szkoła Języków Obcych Complex, Kaprin, Auto Stop Morawica, Base System, Achidraft, Ren Pol Sankowia. , Tenczynek,Kardi Mobile. Są jeszcze dwa miejsca wolne . Zapraszam do wspólnej zabawy przez zimę.O udział w rozgrywkach naszej ligi pytał również Kamil Kwoka - Victoria Zalas.\r\n', 'Startuje, Kaprin, Futsal, League, 20142015, listopada, Krzeszowicach, startuje, Karpin, Futsal, League, Zgłoszenia, rozgrywek, przyjmowane, pażdziernika Rozgrywki, będą, prowadzone, listopada, końca, lutego, Szczegółowe, informacje, numerem, 696459906\r\n\r\nDo, chwili, obecnej, zgłosiły, następujące, drużyny:Szkoła, Języków, Obcych, Complex, Kaprin, Morawica, System, Achidraft, Sankowia, TenczynekKardi, Mobile, jeszcze, miejsca, Zapraszam, wspólnej, zabawy, zimęO, udział, rozgrywkach, naszej, pytał, również, Victoria'),
	(1602, 'pl', 'Międzynarodowy Mikołajkowy Turniej Halowej Piłki Nożnej Dziewcząt', 'Międzynarodowy mikołajkowy turniej halowej piłki nożnej w Krzeszowicach :1.Dziewczyny U- 99 29/30 listopada 2014 r2.Dziewczyny U- 97 6/7 grudnia 2014 r3. Chłopcy U- 2001 22/23 listopada 2014 r.Wszystkie turnieje będą odbywały się przez 2 dni dla wszystkich drużyn. W zawodach udział bierze po 16 drużyn podzielonych na 4 grupy .Dla gości zagranicznych przewidziany jest nocleg w Publicznym Gimnazjum w Krzeszowicach lub na specjalne życzenie w hotelu. Oferujemy również wyżywienie - katering lub restauracja - posiłki do wyboru po atrakcyjnych cenach.Zapewniamy również napoje , medale , puchary oraz całą masę słodkich upominków od św. Mikołaja.Serdecznie zapraszamy i życzymy udanej zabawy.Zgłoszenia przyjmujemy do do 31 pażdziernika 2014 r.Do chwili obecnej udział w turnieju potwierdziły następujące drużyny w kategorii dziewcząt:Bronowianka Kraków 2 zespoły, Prądniczanka Kraków - 2 zespoły, Victoria Gaj. GKS Świt Krzeszowice, UKS " Jedynka" Krzeszowice, As Progres,- 2 zespoły oraz 5 drużyn ze Słowacji.Informacje pod numerem 696459906 Swój udział w turnieju potwierdziły drużyny ze Słowacji :Rużemberok 2 zespoły , Orawa Team , Mutne oraz Żilina..drużyny uczestniczące w turnieju otrzymują słodkie upominki, napoje, pamiątki, dyplomy oraz puchary. Patronat medialny : Przełom oraz Kobieca Piłka Nożna\r\nOrganizatorzy turnieju : UKS " Jedynka" Krzeszowice oraz Publiczne Gimnazjum w Krzeszowicach we współpracy Urzędem Gminy Krzeszowice oraz CKiS Krzeszowice.\r\n\r\n \r\n\r\n\r\n\r\n\r\n', 'Międzynarodowy, mikołajkowy, turniej, halowej, piłki, nożnej, Krzeszowicach, :1Dziewczyny, listopada, r2Dziewczyny, grudnia, Chłopcy, listopada, rWszystkie, turnieje, będą, odbywały, wszystkich, drużyn, zawodach, udział, bierze, drużyn, podzielonych, gości, zagranicznych, przewidziany, nocleg, Publicznym, Gimnazjum, Krzeszowicach, specjalne, życzenie, hotelu, Oferujemy, również, wyżywienie, katering, restauracja, posiłki, wyboru, atrakcyjnych, cenachZapewniamy, również, napoje, medale, puchary, całą, słodkich, upominków, MikołajaSerdecznie, zapraszamy, życzymy, udanej, zabawyZgłoszenia, przyjmujemy, pażdziernika, chwili, obecnej, udział, turnieju, potwierdziły, następujące, drużyny, kategorii, dziewcząt:Bronowianka, Kraków, zespoły, Prądniczanka, Kraków, zespoły, Victoria, Krzeszowice, Jedynka", Krzeszowice, Progres, zespoły, drużyn, SłowacjiInformacje, numerem, 696459906, udział, turnieju, potwierdziły, drużyny, Słowacji, :Rużemberok, zespoły, Żilinadrużyny, uczestniczące, turnieju, otrzymują, słodkie, upominki, napoje, pamiątki, dyplomy, puchary, Patronat, medialny, Przełom, Kobieca, Piłka, Nożna\r\nOrganizatorzy, turnieju, Jedynka", Krzeszowice, Publiczne, Gimnazjum, Krzeszowicach, współpracy, Urzędem, Krzeszowice, Krzeszowice\r\n\r\n \r\n\r\n\r\n\r\n\r\n'),
	(1603, 'pl', 'Policjanci mistrzem Complex Ligi Orlikowej', 'Zakończyły się rozgrywki Complex Ligi Orlikowej. Mistrzem ligi została drużyna Policjantów z dorobkiem 35 punktów w 14 meczach. Tuż za nimi uplasowała się drużyna Complexu z taką samą ilością punktów lecz gorszym bilansem bezpośrednich meczów (4:4, 7:2). Na trzecim miejscu rozgrywki skończyła Melba z 30 punktami. Królem strzelców został Paweł Łuszcz z mistrzowskiej drużyny, który zdobył 37 bramek. Wszystkim drużynom dziękujemy za udział i serdecznie zapraszamy za rok. A tymczasem już wkrótce startuje kolejny sezon rozgrywek ligi halowej. Są jeszcze ostatnie wolne miejsca.', 'Zakończyły, rozgrywki, Complex, Orlikowej, Mistrzem, została, drużyna, Policjantów, dorobkiem, punktów, meczach, uplasowała, drużyna, Complexu, ilością, punktów, gorszym, bilansem, bezpośrednich, meczów, trzecim, miejscu, rozgrywki, skończyła, punktami Królem, strzelców, został, Paweł, Łuszcz, mistrzowskiej, drużyny, który, zdobył, bramek Wszystkim, drużynom, dziękujemy, udział, serdecznie, zapraszamy, tymczasem, wkrótce, startuje, kolejny, rozgrywek, halowej, jeszcze, ostatnie, miejsca'),
	(1604, 'pl', 'Terminarz meczów Kaprin Futsal League', 'Uwaga podaję terminarz pierwszych meczów Kaprin Futsal League w sezonie 2014/2015.3 listopada 2014 r.1. godz. 20.00 Szkoła Języków Obcych : Dolce Vita 2. godz. 20.45 Kaprin : Base System3. godz. 21.30 Auto Stop Morawica : Archidraft\r\n \r\nJest jeszcze wolne miejsce w rozgrywkach naszej ligi.\r\nMecze na piątek zostaną ustalone najpóżniej we wtorek ok.godz. 21 ponieważ jest jedno wolne miejsce w lidze.\r\nNa piątek czekają następujące drużyny: Kardi Mobile, Ren Pol, ZSP Krzeszowice.\r\nZapraszamy wszystkich chętnych do naszej ligi.Szczegółowe informacje pod numerem 696459906', 'podaję, terminarz, pierwszych, meczów, Kaprin, Futsal, League, sezonie, 201420153, listopada, Szkoła, Języków, Obcych, Vita 2, Kaprin, System3, Morawica, Archidraft\r\n \r\nJest, jeszcze, miejsce, rozgrywkach, naszej, ligi\r\nMecze, piątek, zostaną, ustalone, najpóżniej, wtorek, okgodz, ponieważ, miejsce, lidze\r\nNa, piątek, czekają, następujące, drużyny:, Mobile, Krzeszowice\r\nZapraszamy, wszystkich, chętnych, naszej, ligiSzczegółowe, informacje, numerem, 696459906'),
	(1605, 'pl', 'Kaprin Futsal League 2014/2015', '3 listopada startuje kolejna edycja Kaprin Futsal League !!!!\r\nDo rozgrywek do chwili obecnej zgłosiły się następujące drużyny :1.Szkoła Języków Obcych Complex -aktualny mistrz2.Auto Stop Morawica- wicemistrz poprzedniego sezonu( Piwosze)3.Kaprin - wicemistrz poprzedniego sezonu4.Archidraft - mistrz MLF U - 96 drużyna , która pokonała mistrza Polski Wisłę Krakbet Kraków.5.Base System - również były mistrz MLF U - 966.Ren Pol -były wicemistrz MLF U - 967.Dolce Vita - drużyna młodzieżowa idzie w ślady starszych kolegów , którzyzdobyli już tytuł mistrza Kaprin Futsal League.8.Kardi Mobile - " czarny koń" rozgrywek?9.ZSP - drużyna złożona z mocnych zawodników- uczniów Zespołu Szkół Ponadgimnazjalnych .10.Miejsce czeka na ambitną drużynę , która podejmie się walki o tytuł mistrza ligi i namiesza w szeregach faworytów.', 'listopada, startuje, kolejna, edycja, Kaprin, Futsal, League, rozgrywek, chwili, obecnej, zgłosiły, następujące, drużyny, :1Szkoła, Języków, Obcych, Complex, aktualny, mistrz2Auto, Morawica, wicemistrz, poprzedniego, sezonu(, Piwosze)3Kaprin, wicemistrz, poprzedniego, sezonu4Archidraft, mistrz, drużyna, która, pokonała, mistrza, Polski, Wisłę, Krakbet, Kraków5Base, System, również, mistrz, 966Ren, wicemistrz, 967Dolce, drużyna, młodzieżowa, ślady, starszych, kolegów, którzyzdobyli, tytuł, mistrza, Kaprin, Futsal, League8Kardi, Mobile, czarny, rozgrywek9ZSP, drużyna, złożona, mocnych, zawodników, uczniów, Zespołu, Szkół, Ponadgimnazjalnych, 10Miejsce, ambitną, drużynę, która, podejmie, tytuł, mistrza, namiesza, szeregach, faworytów'),
	(1606, 'pl', 'Same niespodzianki w pierwszym dniu Kaprin Futsal League', 'Pierwszy dzień Kaprin Futsal League i od razu niespodzianki wielkiego formatu.Największą niespodziankę sprawiła drużyna Archidraft , która pokonała zdecydowanego faworyta ligi , aktualnego wicemistrza drużynę Auto Stop Morawica.Jest to tym większe zaskoczenie , że po 18 minutach wynik był 4:1 dla Morawicy jednak wynik końcowy przeszedł najśmielsze oczekiwania albowiem Archidraft wygrał to spotkanie 9:5.\r\nRównież niespodzianką zakończył się mecz pomiędzy drużynami Kaprin i Tsunami Base System, w którym padł wynik remisowy 3:3.Jest to o tyle zaskoczenie , że Kaprin to drużyna stale zajmująca miejsca na podium w naszych rozgrywkach. Tsunami to były mistrz MLF U - 96 debiutujący w rozgrywkach seniorskich.\r\n\r\nNiespodzianki natomiast nie było w meczu aktualnego mistrza ligi zespołu Szkoły Języków Obcych Complex , który pewnie pokonał najmłodszą drużynę ligi Dolce Vitę U - 97. Mimo porażki młodzi zawodnicy zostawili po sobie bardzo dobre wrażenie prowadząc otwartą grę bez respektu dla swoich przeciwników. Wynik tego spotkania 9:4 dla Szkoły Języków Obcych Complex.\r\nTeraz czekamy na kolejne piątkowe mecze i kolejne niespodzianki.Szczegółowy opis pierwszej kolejki będzie wprowadzony w póżniejszym terminie.\r\n', 'Pierwszy, dzień, Kaprin, Futsal, League, niespodzianki, wielkiego, formatuNajwiększą, niespodziankę, sprawiła, drużyna, Archidraft, która, pokonała, zdecydowanego, faworyta, aktualnego, wicemistrza, drużynę, MorawicaJest, większe, zaskoczenie, minutach, Morawicy, jednak, końcowy, przeszedł, najśmielsze, oczekiwania, albowiem, Archidraft, wygrał, spotkanie, 9:5\r\nRównież, niespodzianką, zakończył, pomiędzy, drużynami, Kaprin, Tsunami, System, którym, remisowy, 3:3Jest, zaskoczenie, Kaprin, drużyna, zajmująca, miejsca, podium, naszych, rozgrywkach, Tsunami, mistrz, debiutujący, rozgrywkach, seniorskich\r\n\r\nNiespodzianki, natomiast, aktualnego, mistrza, zespołu, Szkoły, Języków, Obcych, Complex, który, pewnie, pokonał, najmłodszą, drużynę, porażki, młodzi, zawodnicy, zostawili, bardzo, wrażenie, prowadząc, otwartą, respektu, swoich, przeciwników, spotkania, Szkoły, Języków, Obcych, Complex\r\nTeraz, czekamy, kolejne, piątkowe, kolejne, niespodziankiSzczegółowy, pierwszej, kolejki, będzie, wprowadzony, póżniejszym, terminie\r\n'),
	(1607, 'pl', 'KOKO BIS w Kaprin Futsal League', 'Zgłosiła się kolejna drużyna do Kaprin Futsal League.Ta drużyna to KOKO BIS . Drużyna KOKO grała już w naszej lidze w poprzednich latach i zdążyła zaskarbić sobie rzesze miejscowych kibiców poziomem gry oraz wspaniałą postawą zawodników na boisku. Cieszymy się i życzymy udanej zabawy i jak najlepszych wyników w naszej lidze.', 'Zgłosiła, kolejna, drużyna, Kaprin, Futsal, LeagueTa, drużyna, Drużyna, grała, naszej, poprzednich, latach, zdążyła, zaskarbić, rzesze, miejscowych, kibiców, poziomem, wspaniałą, postawą, zawodników, boisku, Cieszymy, życzymy, udanej, zabawy, najlepszych, wyników, naszej'),
	(1608, 'pl', 'LKS Szaflary  U - 97 zgłoszone do międzynarodowego mikołajkowego turnieju w Krzeszowicach', 'LKS Szaflary to kolejna drużyna dziewcząt zgłoszona do międzynarodowego turnieju mikołajkowego piłki nożnej dziewcząt U - 97, \r\nBardzo mocna obsada szykuje się w międzynarodowym mikołajkowym turnieju halowej piłki nożnej dziewcząt w Krzeszowicach.\r\nSwój udział w turnieju zapowiedziały następujące drużyny:\r\nRożemberok 2 drużyny, Orawa Team , Żilina, Mutne- Słowacja\r\nNaprzód Sobolów 2 drużyny, AS Progres 2 drużyny, Prądniczanka 2 drużyny, Bronowianka, Victoria Gaj, Piast Skawina, Chrzanów, LKS Szaflary, GKS Świt Krzeszowice, UKS " Jedynka " Krzeszowice.Będzie się działo.', 'Szaflary, kolejna, drużyna, dziewcząt, zgłoszona, międzynarodowego, turnieju, mikołajkowego, piłki, nożnej, dziewcząt, 97 \r\nBardzo, obsada, szykuje, międzynarodowym, mikołajkowym, turnieju, halowej, piłki, nożnej, dziewcząt, Krzeszowicach\r\nSwój, udział, turnieju, zapowiedziały, następujące, drużyny:\r\nRożemberok, drużyny, Żilina, Słowacja\r\nNaprzód, Sobolów, drużyny, Progres, drużyny, Prądniczanka, drużyny, Bronowianka, Victoria, Skawina, Chrzanów, Szaflary, Krzeszowice, Jedynka, KrzeszowiceBędzie, działo'),
	(1609, 'pl', 'ZSP Krzeszowice : Ren Pol piątek 19.30', 'Jutro odbędzie się tylko jeden mecz w Kaprin League ponieważ 2 zgłoszone drużyny mają w sobotę mecze turniejowe . W przyszłym tygodniu zagrają po 2 mecze żeby nadrobić zaległości. Piątek 19.30 grają drużyny Ren Pol : ZSP Krzeszowice zapraszamy do wspólnej zabawy', 'odbędzie, Kaprin, League, ponieważ, zgłoszone, drużyny, sobotę, turniejowe, przyszłym, tygodniu, zagrają, nadrobić, zaległości Piątek, grają, drużyny, Krzeszowice, zapraszamy, wspólnej, zabawy'),
	(1610, 'pl', 'Archidraft kontra Base System  piątek godz. 20.20 Kaprin Futsal League.', 'Uwaga Uwaga jutro odbędzie się również drugi mecz Kaprin Futsal League pomiędzy drużynami Base System Archidraft czyli drużynami , które sprawiły w poniedziałkowej kolejce największe sensacje . Ciekawe kto tym razem okaże się lepszy na kogo stawiacie w tym pojedynku?Może na meczu pokażą się sponsorzy obu drużyn. Będzie się działo. Zapraszamy na mecz.', 'odbędzie, również, Kaprin, Futsal, League, pomiędzy, drużynami, System, Archidraft, drużynami, które, sprawiły, poniedziałkowej, kolejce, największe, sensacje, Ciekawe, okaże, lepszy, stawiacie, pojedynkuMoże, pokażą, sponsorzy, drużyn, Będzie, działo, Zapraszamy'),
	(1611, 'pl', 'Kaprin Futsal League', 'Kaprin Futsal League.Zacięte mecze, od pierwszych do ostatnich minut walka na pełnych obrotach, duża ilość bramek i kibiców na trybunach - to efekt piątkowych pojedynków pomiędzy drużynami Ren Pol : ZSP Krzeszowice oraz Archidraft : Bese System.\r\nW pierwszym z tych meczów lepszy o jedną bramkę okazał się ZSP Krzeszowice , który w ostatnich sekundach zdobył zwycięską bramkę z karnego przedłużonego. Tym sposobem ZSP pokonał Ren Pol 5:4.Również drugi pojedynek był bardzo zacięty a wynik spotkania zmieniał z minuty na minutę. Lepiej zaczęli zawodnicy Base System , którzy po 6 minutach prowadzili 2:0. Od 10 minuty do ataku ruszyli zawodnicy Archidraftu i w 33 minucie prowadzili już 4:2. Mimo licznych jeszcze sytuacji strzeleckich nie udało im się zdobyć kolejnych bramek co przy dwóch straconych dało wynik końcowy 4:4. Wynik wydaje mi się sprawiedliwy . Oba mecze stały na bardzo wysokim poziomie . Na boisku pojawiło się szereg bardzo dobrych futsalowców mających swój epizod w drużynie Wisła Krakbet Kraków oraz wcześniej grających w lidze Chrzanowskiej.Szczegóły już jutro.', 'Kaprin, Futsal, LeagueZacięte, pierwszych, ostatnich, pełnych, obrotach, ilość, bramek, kibiców, trybunach, piątkowych, pojedynków, pomiędzy, drużynami, Krzeszowice, Archidraft, System\r\nW, pierwszym, meczów, lepszy, jedną, bramkę, okazał, Krzeszowice, który, ostatnich, sekundach, zdobył, zwycięską, bramkę, karnego, przedłużonego, sposobem, pokonał, 5:4Również, pojedynek, bardzo, zacięty, spotkania, zmieniał, minuty, minutę, Lepiej, zaczęli, zawodnicy, System, którzy, minutach, prowadzili, minuty, ruszyli, zawodnicy, Archidraftu, minucie, prowadzili, licznych, jeszcze, sytuacji, strzeleckich, udało, zdobyć, kolejnych, bramek, dwóch, straconych, końcowy, wydaje, sprawiedliwy, stały, bardzo, wysokim, poziomie, boisku, pojawiło, szereg, bardzo, dobrych, futsalowców, mających, epizod, drużynie, Wisła, Krakbet, Kraków, wcześniej, grających, ChrzanowskiejSzczegóły'),
	(1612, 'pl', 'Terminarz meczów Kaprin Futsal League na następny tydzień.', ' \r\nUwaga podaję terminarz Kaprin Futsal League na następny tydzień.\r\nPoniedziałek 10 listopada 2014 r.1.20.00 Auto Sto Morawica : Base System2.20.45 Kaprin : Dolce Vita3.21.30 Koko BIs : Szkoła Języków Obcych Complex\r\n\r\nPiątek 14 listopada 2014 r. 1. 19.30 ZSP Krzeszowice : Archidraft2. 20.20 Ren Pol : Koko Bis\r\n', ' \r\nUwaga, podaję, terminarz, Kaprin, Futsal, League, następny, tydzień\r\nPoniedziałek, listopada, r12000, Morawica, System22045, Kaprin, Vita32130, Szkoła, Języków, Obcych, Complex\r\n\r\nPiątek, listopada, Krzeszowice, Archidraft2'),
	(1613, 'pl', 'Międzynarodowy Mikołajkowy Turniej Halowej Piłki Nożnej Dziewcząt w Krzeszowicach 2014.', 'vvMIĘDZYNARODOWY MIKOŁAJKOWY TURNIEJHALOWEJ PIŁKI NOŻNEJ DZIEWCZĄTW KRZESZOWICACHU - 99 I MŁODSZE 29/30 LISTOPADA 2014 R.U - 97 I MŁODSZE 6/7 GRUDNIA 2014 R.Uczniowski Klub Sportowy „Jedynka” Krzeszowice oraz Publiczne Gimnazjum w Krzeszowicach we współpracy z Urzędem Gminy w Krzeszowicach oraz Centrum Kultury i Sportu w Krzeszowicach organizuje Międzynarodowy Mikołajkowy Turniej Halowej Piłki Nożnej Dziewcząt Krzeszowice 2014Turniej odbędzie się w dwóch kategoriach wiekowych - kat. 99 i młodsze w dniach 29/30 listopad 2014 r oraz kat. 97 i młodsze w dniach 6/7 grudnia 2014 r. Oba turnieje rozgrywane są przez dwa dni i wszystkie drużyny rozegrają po 6 meczów ( 3/3 sobota/niedziela)Dla uczestników przewidziano atrakcyjne nagrody - dyplomy, puchary, medale dla 3 najlepszych drużyn, zimne napoje , kawa, herbata,lody ciastka i inne słodkie upominki.W turnieju swój udział zapowiedziały czołowe drużyny polskiego kobiecego futsalu ( Naprzód Sobolów 2 zespoły, Bronowianka Kraków, AS Progres 2 zespoły, Prądniczanka Kraków 2 zespoły, Victoria Gaj, Piast Skawina, LKS Szaflary, GKS Świt Krzeszowice, UKS " Jedynka" Krzeszowice) oraz 5 drużyn ze Słowacji. ( Rożemberok- 2 zespoły, Orawa Team, Żilina, Mutne) Zostały jeszcze ostatnie wolne miejsca w turnieju. Kontakt 696-459-906Sponsorzy:Kopalnie Porfiru i Diabazu w Krzeszowicach, Kaprin, Rimix ,Archidraft, Dor Med, Elektro - system, Base System, Szkoła Języków Obcych Complex, Pol Mak, Tarasbud,Melba, Tarnowski Sklep Mięsny, Iglotex,Projekt organizowany jest przy wsparciu finansowym Gminy Krzeszowice.Patronat Medialny: Dziennik Polski, Przełom, Kobieca Piłka Nożna, Magazyn Krzeszowicki.', 'vvMIĘDZYNARODOWY, MIKOŁAJKOWY, TURNIEJHALOWEJ, PIŁKI, NOŻNEJ, DZIEWCZĄTW, KRZESZOWICACHU, MŁODSZE, LISTOPADA, MŁODSZE, GRUDNIA, RUczniowski, Sportowy, „Jedynka”, Krzeszowice, Publiczne, Gimnazjum, Krzeszowicach, współpracy, Urzędem, Krzeszowicach, Centrum, Kultury, Sportu, Krzeszowicach, organizuje, Międzynarodowy, Mikołajkowy, Turniej, Halowej, Piłki, Nożnej, Dziewcząt, Krzeszowice, 2014Turniej, odbędzie, dwóch, kategoriach, wiekowych, młodsze, dniach, listopad, młodsze, dniach, grudnia, turnieje, rozgrywane, wszystkie, drużyny, rozegrają, meczów, sobotaniedziela)Dla, uczestników, przewidziano, atrakcyjne, nagrody, dyplomy, puchary, medale, najlepszych, drużyn, napoje, herbatalody, ciastka, słodkie, upominkiW, turnieju, udział, zapowiedziały, czołowe, drużyny, polskiego, kobiecego, futsalu, Naprzód, Sobolów, zespoły, Bronowianka, Kraków, Progres, zespoły, Prądniczanka, Kraków, zespoły, Victoria, Skawina, Szaflary, Krzeszowice, Jedynka", Krzeszowice), drużyn, Słowacji, Rożemberok, zespoły, Żilina, Mutne), Zostały, jeszcze, ostatnie, miejsca, turnieju, Kontakt, 696459906Sponsorzy:Kopalnie, Porfiru, Diabazu, Krzeszowicach, Kaprin, Archidraft, Med Elektro, system, System, Szkoła, Języków, Obcych, Complex, TarasbudMelba, Tarnowski, Mięsny, IglotexProjekt, organizowany, wsparciu, finansowym, KrzeszowicePatronat, Medialny:, Dziennik, Polski, Przełom, Kobieca, Piłka, Nożna, Magazyn, Krzeszowicki'),
	(1614, 'pl', 'Kaprin Futsal League poniedziałek 10.XI 2014 r.', ' \r\nKaprin Futsal LeaguePoniedziałek 10 listopada 2014 r.1.20.00 Auto Sto Morawica : Base System2.20.45 Kaprin : Dolce Vita3.21.30 Koko BIs : Szkoła Języków Obcych Complex\r\n\r\nJuż za parę godzin zostaną rozegrane kolejne mecze Kaprin Futsal League. Co się będzie działo dzisiaj jakie będą wyniki ?. Czy będą kolejne sensacje? W pierwszym meczu spotkają się aktualny wicemistrz ligi Auto Stop Morawica który w pierwszej kolejce uległ niespodziewanie beniaminkowi rozgrywek drużynie Archidraft ze sprawcą kolejnej niespodzianki - remis z Kaprinem 3:3 - drugim beniaminkiem drużyną Base System. Kto okaże się lepszy na kogo stawiacie?W drugim meczu spotkają się brązowi medaliści poprzedniego sezonu drużyna Kaprin z 3 beniaminkiem najmłodszą drużyną ligi Dolce Vitą. Faworytem wydaje się być drużyna Kaprin ale w sporcie różnie bywa. Czy " młode wilki" pokażą "swoje kły" i sprawią kolejną niespodziankę?Trzeci pojedynek zapowiada się bardzo ciekawie albowiem naprzeciwko siebie staną drużyny aktualnego mistrza ligi zespoł Szkoły Języków Obcych Complex oraz słynąca z bardzo dobrej gry zawsze grożna drużyna Koko Bis.Tak więc czekają nas wielkie emocje i wspaniałe widowiska nad przebiegiem których czuwa bardzo dobry sędzia futsalowy Rafał Ziach, który obecnie sędziuje mecze w ogólnopolskiej lidze futsalu.Wszystkich kibiców serdecznie zapraszamy na halę .\r\n', ' \r\nKaprin, Futsal, LeaguePoniedziałek, listopada, r12000, Morawica, System22045, Kaprin, Vita32130, Szkoła, Języków, Obcych, Complex\r\n\r\nJuż, godzin, zostaną, rozegrane, kolejne, Kaprin, Futsal, League, będzie, działo, dzisiaj, będą, wyniki, będą, kolejne, sensacje W, pierwszym, spotkają, aktualny, wicemistrz, Morawica, który, pierwszej, kolejce, uległ, niespodziewanie, beniaminkowi, rozgrywek, drużynie, Archidraft, sprawcą, kolejnej, niespodzianki, Kaprinem, drugim, beniaminkiem, drużyną, System, okaże, lepszy, stawiacieW, drugim, spotkają, brązowi, medaliści, poprzedniego, sezonu, drużyna, Kaprin, beniaminkiem, najmłodszą, drużyną, Faworytem, wydaje, drużyna, Kaprin, sporcie, różnie, młode, wilki", pokażą, "swoje, sprawią, kolejną, niespodziankęTrzeci, pojedynek, zapowiada, bardzo, ciekawie, albowiem, naprzeciwko, siebie, staną, drużyny, aktualnego, mistrza, zespoł, Szkoły, Języków, Obcych, Complex, słynąca, bardzo, dobrej, zawsze, grożna, drużyna, BisTak, czekają, wielkie, emocje, wspaniałe, widowiska, przebiegiem, których, bardzo, sędzia, futsalowy, Rafał, który, obecnie, sędziuje, ogólnopolskiej, futsaluWszystkich, kibiców, serdecznie, zapraszamy'),
	(1615, 'pl', 'Bez sensacji w poniedziałkowych meczach Kaprin Futsal League ', 'Kaprin Futsal LeagueTym razem nie było sensacji w poniedziałkowych meczach Kaprin Futsal League. W pierwszym meczu pomiędzy drużynami Base System i Auto Stop Morawica oba zespoły wystąpiły w mocno osłabionych składach.W tej sytuacji lepiej poradzili sobie bardzo doświadczeni i ograni w ligach futsalowych zawodnicy zawodnicy Auto Stop.Do przerwy trwała wyrównana walka. Pierwsi bramkę zdobyli zawodnicy Auto Stop Morawica. Na co szybko odpowiedzieli odpowiedzieli zawodnicy Base System doprowadzając do wyrównania i mieli kolejne sytuacje do zdobycia prowadzenia. Niestety niewykorzystane sytuacje zwykle się mszczą. Tak było i tym razem albowiem ci pierwsi jeszcze w pierwszej połowie zdobyli prowadzenie , którego jak się póżniej okazało nie oddali już do końca.W drugiej połowie zawodnicy Auto Stop Morawica zdobyli jeszcze jeszcze 5 bramek tracąc tylko jedną. Końcowy wynik spotkania 7:2 dla Auto Stop Morawica. Drużyna Base System mimo wysokiej porażki zasłużyła na słowa uznania za otwarty styl gry, ambicje i spore umiejętności piłkarskie. Martwi jednak brak skuteczności co spowodowało, że jest taka duża różnica w bramkach mimo dobrej gry.Bramki: Mroziński D. 3, Sawczuk P. 2, Molik D 2- Auto Stop.Zdziech J. 1, Grochal M. 1- Base System.W drugim meczu licznie zgromadzeni na trybunach kibice czekali na kolejną sensację w tych rozgrywkach. Niestety jak się okazało drużyna w tym dniu była nie do zatrzymania przez młody zespół Dolce Vita.Tylko początek mógł znamionować sensację w tym meczu albowiem w 14 minucie meczu wynik był remisowy 1:1. Niestety od tej minuty bramki strzelali już tylko zawodnicy drużyny Kaprin. W pierwszej połowie zdobyli ich jeszcze trzy a w drugiej dołożyli jeszcze 7 co w efekcie dało wynik końcowy 11:1 dla drużyny Kaprin.Bramki: Wąchol P 4, Kłeczek Ł 3, Grzebinoga R 2Stryczek T 1, Nawała B 1 dla Kaprinu oraz Jaworski M 1 dla Dolce Vita.Zgodnie z oczekiwaniami ostatni mecz dostarczył kibicom niesamowitych emocji. Od początku na boisku trwała regularna "piłkarska wojna". Krótkie krycie każdy swego, bardzo dokładne rozgrywanie piłki i mistrzowski sposób wyprowadzania kontry przez jeden i drugi zespół. Początek to delikatnie mówiąc małe zaskoczenie ponieważ 2 bramki zdobyli zawodnicy drużyny Koko. Pierwszą bramkę w 8 minucie zdobył Tomasz Witkowski kończąc wspaniale wyprowadzoną kontrę. Zawodnicy aktualnych mistrzów naszej ligi drużyny Szkoły Języków Obcych Complex szybko ruszyli do odrabiania strat niestety ponownie nadziali się na mistrzowską kontrę , którą skutecznie wykończył Maciej Kusznir w 10 minucie. Potem zawodnicy drużyny Koko Bis mieli jeszcze jedną wspaniałą sytuację której nie wykorzystali. W tym momencie zawodnicy Complexu byli nieco zagubieni.Grali niepewnie i bojażliwie ponieważ obawiali się kolejnej kontry i kolejnej straty bramki. Dopiero Michał Kanclerz składnie przeprowadzonej akcji całego zespołu zdobył bramkę kontaktową w 17 minucie meczu. Od tego momentu nowy duch wstąpił w zawodników Complexu , którzy zdecydowanie zaatakowali i zdobyli w 18 minucie wyrównanie za sprawą Dominika Dąbka .Jak się póżniej okazało to nie był koniec emocji w tym meczu. Prowadzenie dla drużyny Complexu bardzo ładnym strzałem zdobył nowy jej zawodnik Michał Zając ( bardzo dobre wprowadzenie do zespołu) w 22 minucie gry. Stan meczu wyrównał pięknym strzałem Tomasz Witkowski. W tym czasie Complex grał osłabiony ponieważ czerwoną kartkęotrzymał Wiktor Urbańczyk ( akcja ratunkowa).Gdy wszystkim się wydawało , że spotkanie zakończy się podziałem punktów Piotr Deryniowski był faulowany w polu karnym w wyniku czego sędzia spotkania Rafał Ziach odgwizdał rzut karny dla drużyny Complex. Skutecznym wykonawcą okazał się Michał Kanclerz na 37 sekund przed końcem meczu.Końcówka to zdecydowany atak drużyny Koko Bis , przejęcie piłki przez zawodników Complex i skuteczne wykończenie akcji równo z syreną. Końcowy wynik 5:3 dla Szkoły Języków Obcych Complex.Był to mecz potwierdzający wysokie umiejętności zawodników obu drużyn i zapowiadający ciekawą walkę w naszej lidze w tym sezonie.\r\n\r\n\r\n \r\n', 'Kaprin, Futsal, LeagueTym, sensacji, poniedziałkowych, meczach, Kaprin, Futsal, League W, pierwszym, pomiędzy, drużynami, System, Morawica, zespoły, wystąpiły, osłabionych, składachW, sytuacji, lepiej, poradzili, bardzo, doświadczeni, ograni, ligach, futsalowych, zawodnicy, zawodnicy, StopDo, przerwy, trwała, wyrównana, Pierwsi, bramkę, zdobyli, zawodnicy, Morawica, szybko, odpowiedzieli, odpowiedzieli, zawodnicy, System, doprowadzając, wyrównania, kolejne, sytuacje, zdobycia, prowadzenia, Niestety, niewykorzystane, sytuacje, zwykle, mszczą, albowiem, pierwsi, jeszcze, pierwszej, połowie, zdobyli, prowadzenie, którego, póżniej, okazało, oddali, końcaW, drugiej, połowie, zawodnicy, Morawica, zdobyli, jeszcze, jeszcze, bramek, tracąc, jedną, Końcowy, spotkania, Morawica, Drużyna, System, wysokiej, porażki, zasłużyła, słowa, uznania, otwarty, ambicje, umiejętności, piłkarskie, Martwi, jednak, skuteczności, spowodowało, różnica, bramkach, dobrej, gryBramki:, Mroziński, Sawczuk, StopZdziech, Grochal, SystemW, drugim, licznie, zgromadzeni, trybunach, kibice, czekali, kolejną, sensację, rozgrywkach, Niestety, okazało, drużyna, zatrzymania, młody, zespół, VitaTylko, początek, mógł, znamionować, sensację, albowiem, minucie, remisowy, Niestety, minuty, bramki, strzelali, zawodnicy, drużyny, Kaprin, pierwszej, połowie, zdobyli, jeszcze, drugiej, dołożyli, jeszcze, efekcie, końcowy, drużyny, KaprinBramki:, Wąchol, Kłeczek, Grzebinoga, 2Stryczek, Nawała, Kaprinu, Jaworski, VitaZgodnie, oczekiwaniami, ostatni, dostarczył, kibicom, niesamowitych, emocji, początku, boisku, trwała, regularna, "piłkarska, wojna", Krótkie, krycie, każdy, bardzo, dokładne, rozgrywanie, piłki, mistrzowski, sposób, wyprowadzania, kontry, zespół, Początek, delikatnie, mówiąc, zaskoczenie, ponieważ, bramki, zdobyli, zawodnicy, drużyny, Pierwszą, bramkę, minucie, zdobył, Tomasz, Witkowski, kończąc, wspaniale, wyprowadzoną, kontrę, Zawodnicy, aktualnych, mistrzów, naszej, drużyny, Szkoły, Języków, Obcych, Complex, szybko, ruszyli, odrabiania, niestety, ponownie, nadziali, mistrzowską, kontrę, którą, skutecznie, wykończył, Maciej, Kusznir, minucie, zawodnicy, drużyny, jeszcze, jedną, wspaniałą, sytuację, której, wykorzystali, momencie, zawodnicy, Complexu, zagubieniGrali, niepewnie, bojażliwie, ponieważ, obawiali, kolejnej, kontry, kolejnej, straty, bramki, Dopiero, Michał, Kanclerz, składnie, przeprowadzonej, całego, zespołu, zdobył, bramkę, kontaktową, minucie, momentu, wstąpił, zawodników, Complexu, którzy, zdecydowanie, zaatakowali, zdobyli, minucie, wyrównanie, sprawą, Dominika, Dąbka, póżniej, okazało, koniec, emocji, Prowadzenie, drużyny, Complexu, bardzo, ładnym, strzałem, zdobył, zawodnik, Michał, Zając, bardzo, wprowadzenie, zespołu), minucie, wyrównał, pięknym, strzałem, Tomasz, Witkowski, czasie, Complex, osłabiony, ponieważ, czerwoną, kartkęotrzymał, Wiktor, Urbańczyk, ratunkowa)Gdy, wszystkim, wydawało, spotkanie, zakończy, podziałem, punktów, Deryniowski, faulowany, karnym, wyniku, sędzia, spotkania, Rafał, odgwizdał, drużyny, Complex, Skutecznym, wykonawcą, okazał, Michał, Kanclerz, sekund, końcem, meczuKońcówka, zdecydowany, drużyny, przejęcie, piłki, zawodników, Complex, skuteczne, wykończenie, równo, syreną, Końcowy, Szkoły, Języków, Obcych, ComplexBył, potwierdzający, wysokie, umiejętności, zawodników, drużyn, zapowiadający, ciekawą, walkę, naszej, sezonie\r\n\r\n\r\n \r\n'),
	(1616, 'pl', 'Międzynarodowy Mikołajkowy Turniej Halowej Piłki Nożnej Dziewcząt w Krzeszowicach 2014.', 'Międzynarodowy Mikołajkowy turniej halowej piłki nożnej dziewcząto Puchar Burmistrza Gminy Krzeszowice 2014.29/30 listopad 2014 r.W turnieju udział bierze 12 drużyn podzielonych na 3 grupy.Grupa I od 9-00 do 11.201. Bronowianka I2.Orawa Team3.Victoria Gaj4. UKS " Jedynka" I/Świt IIGrupa IIod 11.30 do 13.501.Rużemberok I2.As Progres3.LKS Promyk4.UKS " Jedynka "/Świt IUroczyste otwarcie turnieju przez p. Burmistrza Czesława Bartla.Występ artystyczny grupy Harmonia Fitnes.Uroczyste podziękowanie zakładom pracy, firmom i osobom prywatnym- sponsorom UKS " Jedynka" Krzeszowice.Grupa IIIod 14 .40 do 17.101.Rużemberok II2.Naprzód Sobolów3.Bronowianka II4. PrądniczankaW grupach mecze rozgrywamy systemem " każdy z każdym ".Czas gry 2 x 12 minut.W niedzielę 30 grudnia również turniej rozgrywany jest systemem grupowym w/g klucza :Grupa I o miejsca od 9-12Godz. 9.00 -- 11.20 Grają drużyny , które w sobotnich grupach zajmą ostatnie miejsca + drużyna , która zajmie 3 miejsce z najmniejszym dorobkiem punktowym.Grupa II o miejsca od 5 do 8Godz. 11.30-- 13.50Grają drużyny , które w sobotnich grupach zajmą drugie i trzecie miejsca ( najlepszy dorobek punktowy)Grupa III o miejsca od 1 do 4Godz.14.00 -- 16.30Grają drużyny , które w sobotnich grupach zajmą pierwsze miejsca + drużyna z drugiego miejsca z najlepszym dorobkiem punktowym.Godzina 17.00 zakończenie turnieju , wręczenie dyplomów , pucharów dla wszystkich drużyn, medali dla 3 najlepszych drużyn oraz nagród indywidualnych- najlepszy zawodnik, najlepszy bramkarz ,najlepszy strzelecW turnieju obowiązują przepisy futsalowe.W meczu występuje 4 zawodników w polu + bramkarz. Mecze rozgrywane są piłką do futsalu.Ubezpieczenie zawodników we własnym zakresie.Szczegółowy terminarz turnieju zostanie podany w sobotę 22 listopada.informacje pod numerem 696459906', 'Międzynarodowy, Mikołajkowy, turniej, halowej, piłki, nożnej, dziewcząto, Puchar, Burmistrza, Krzeszowice, 20142930, listopad, turnieju, udział, bierze, drużyn, podzielonych, grupyGrupa, Bronowianka, I2Orawa, Team3Victoria, Jedynka", IŚwit, IIGrupa, 13501Rużemberok, Progres3LKS, Promyk4UKS, Jedynka, "Świt, IUroczyste, otwarcie, turnieju, Burmistrza, Czesława, BartlaWystęp, artystyczny, Harmonia, FitnesUroczyste, podziękowanie, zakładom, firmom, osobom, prywatnym, sponsorom, Jedynka", KrzeszowiceGrupa, 17101Rużemberok, II2Naprzód, Sobolów3Bronowianka, PrądniczankaW, grupach, rozgrywamy, systemem, każdy, każdym, minutW, niedzielę, grudnia, również, turniej, rozgrywany, systemem, grupowym, klucza, :Grupa, miejsca, 912Godz, 1120 Grają, drużyny, które, sobotnich, grupach, zajmą, ostatnie, miejsca, drużyna, która, zajmie, miejsce, najmniejszym, dorobkiem, punktowymGrupa, miejsca, 1350Grają, drużyny, które, sobotnich, grupach, zajmą, drugie, trzecie, miejsca (, najlepszy, dorobek, punktowy)Grupa, miejsca, 4Godz1400, 1630Grają, drużyny, które, sobotnich, grupach, zajmą, pierwsze, miejsca, drużyna, drugiego, miejsca, najlepszym, dorobkiem, punktowymGodzina, zakończenie, turnieju, wręczenie, dyplomów, pucharów, wszystkich, drużyn, medali, najlepszych, drużyn, nagród, indywidualnych, najlepszy, zawodnik, najlepszy, bramkarz, najlepszy, strzelecW, turnieju, obowiązują, przepisy, futsaloweW, występuje, zawodników, bramkarz Mecze, rozgrywane, piłką, futsaluUbezpieczenie, zawodników, własnym, zakresieSzczegółowy, terminarz, turnieju, zostanie, podany, sobotę, listopadainformacje, numerem, 696459906'),
	(1617, 'pl', 'Kaprin Futsal League', 'Kłosowski nie pomógł ,Archidraft pokonał kolejnego faworyta.....Szkoła Języków Obcych Complex najlepsza, po 4 kolejkach....Koko Bis pewnie gra i wysoko wygrywa.....Auto Stop w czterech wygrywa z Ren Polem...\r\nNa drodze rozpędzonej drużynie Archidraft stanął kolejny faworyt ligi brązowi medaliści poprzedniego sezonu drużyna Kaprin. Według kibiców to właśnie Kaprin był faworytem tego spotkania. Początek tego spotkania zdał się potwierdzać te przypuszczenia albowiem jego zawodnicy po 3 minutach meczu prowadzili już 2:0 po bramkach Kłeczka i Wąchola. Jednak z upływem czasu Archidraft zaczął dochodzić do głosu. w 10 minucie bramkę kontaktową zdobył Drożdżak i pierwsza połowa zakończyła się wynikiem 2:1 dla Kaprinu. Druga połowa to coraz szybsze , płynniejsze akcje wyprowadzali zawodnicy drużyny Archidraft stwarzając spore zamieszanie pod bramką Kłosowskiego . Bramkarz Kaprinu dwoił się i troił , żeby uchronić swój zespół przed utratą kolejnych bramek. Niestety częste błędy w obronie Kaprinu spowodowały , że i bramkarz nie był w stanie wytrzymać tego naporu. Co się nie zdarza często bardzo dobrze broniącemu Kamilowi Kłosowskiemu musiał wyciągać jeszcze 5 ( Sarota 2, Brzuchacz 2, Mirochna 1)razy piłkę z siatki w tym meczu . A ponieważ umiejętności strzeleckie zawodników Kaprinu były w tym dniu na bardzo słabym poziomie - zdobyli jeszcze tylko 1 bramkę( Grzebinoga )- dlatego przegrali to spotkanie 3:6\r\nSzkoła Języków Obcych Complex jak przystało na mistrza pewnie i skutecznie wygrywa swoje mecze zajmując pierwsze miejsce na podium. W dwóch meczach ostatniej kolejki spotkań zawodnicy drużyny Complex zdobył 27 bramek tracąc tylko 6. W pierwszym z nich Complex pokonał Base System 13 : 2 prowadząc do przerwy 4:0. Właściwie był to mecz bez historii ponieważ od początku do końca widoczna była przewaga Complexu nad beniaminkiem ligi drużyną Base System.Bramki: Kanclerz M 6, Deryniowski P 3, Liptak N 2, Wróblewski W 1, Armatys G 1- dla ComplexuSkawiński d 1, Zdziech K 1-- dla Base System.\r\nW drugim zapowiadającym się jako hit kolejki, meczu pomiędzy drużynami Complex i ZSP Krzeszowice ponownie wysokie zwycięstwo odnieśli aktualni mistrzowie ligi pokonując ZSP 14:4. Wynik może być zaskoczeniem dla kibiców drużyny z ZSP ponieważ spodziewali się bardzo dobrego widowiska stojącego na wysokim poziomie. Niestety drużyna ZSP wystąpiła w meczu z mistrzami w bardzo osłabionym składzie co skutkowało tak wysoką ich porażką. Bramki : Wróblewski W 5, Armatys G 4, Kanclerz M 3,Liptak N 2- dla ComplexuKurzański D 3, Wadas D 1.\r\nKoko Bis z meczu na mecz pewniej sobie poczyna prezentując urozmaiconą , szybką i bardzo skuteczną grę. Tym razem mieli teoretycznie łatwiejsze zadanie ponieważ grali z najmłodszą drużyną ligi Dolce Vitą. Jak było do przewidzenia mecz miał jednostronny przebieg. Doświadczenie oraz bardzo dobre umiejętności zawodników Koko Bis pozwoliły na swobodne, pełne finezyjnych zagrań rozgrywanie piłki. Nie można odmówić młodym zawodnikom Dolce Vity ambicji i woli walki jednak widać w jej szeregach doświadczonego zawodnika, który pokierowałby i uspokoił ich grę. Brakuje również u młodzieży skuteczności w wykańczaniu stworzonych przez siebie akcji. Koko Bis to drużyna doświadczona , ograna w licznych turniejach i ligach futsalowych , mająca w swoich szeregach bardzo mocnych zawodników. Bramki:Witkowski T 4, Piskorz P 3, Kozyra M 1,Doległo K 1- Koko BisObodziński J 2-- Dolce Vita.\r\nAuto Stop Morawica przystąpił do meczu z drużyną Ren Pol Sankowia w czteroosobowym składzie . Kibice zastanawiali się na ile sił wystarczy zawodnikom osłabionej drużyny i jakim wynikiem zakończy się to spotkanie. Jak było do przewidzenia zawodnicy Auto Stop rozpoczęli mecz głęboko cofnięci pod własną bramkę czekając na przeprowadzenie szybkiej i skutecznej kontry. Tak też się stało w 4 minucie kiedy podanie przechwycił ł Mateusz Marszałek i po szybkiej kontrze skutecznie zakończył swoją akcję wyprowadzając zespół na prowadzenie.W 9 minucie można powiedzieć powtórka z rozrywki i ponownie Mateusz Marszałek zdobywa 2 bramkę dla swojego zespołu.W 10 minucie bramkę kontaktową zdobył Nowotarski M dając nadzieję na odwrócenie losów meczu.. Przez kilka minut trwało oblężenie bramki Wróbla jednak w 15 minucie kolejny przechwyt piłki zaliczył M Marszałek , dograł do D Mrozińskiego, który podwyższył prowadzenie swojej drużynie.. Niespełna 2 minuty póżniej M Siuda wpakował piłkę do bramki Wróbla dając ponownie kontakt drużynie Ren Polu.Niestety Jednak M Marszałek jeszcze dwa razy skontrował skutecznie powiększając przewagę drużyny Auto Stop do 5:2 na co Ren Pol odpowiedział tylko raz - Bazarnik D- odpowiedzieli kończąc spotkanie wynikiem 5:3 dla drużyny Auto Sto Morawica co przy takim osłabieniu można uznać za niespodziankę dla swoich kibiców', 'Kłosowski, pomógł, Archidraft, pokonał, kolejnego, faworytaSzkoła, Języków, Obcych, Complex, najlepsza, kolejkachKoko, pewnie, wysoko, wygrywaAuto, czterech, wygrywa, Polem\r\nNa, drodze, rozpędzonej, drużynie, Archidraft, stanął, kolejny, faworyt, brązowi, medaliści, poprzedniego, sezonu, drużyna, Kaprin, Według, kibiców, właśnie, Kaprin, faworytem, spotkania, Początek, spotkania, potwierdzać, przypuszczenia, albowiem, zawodnicy, minutach, prowadzili, bramkach, Kłeczka, Wąchola, Jednak, upływem, Archidraft, zaczął, dochodzić, głosu, minucie, bramkę, kontaktową, zdobył, Drożdżak, pierwsza, połowa, zakończyła, wynikiem, Kaprinu, połowa, szybsze, płynniejsze, wyprowadzali, zawodnicy, drużyny, Archidraft, stwarzając, zamieszanie, bramką, Kłosowskiego, Bramkarz, Kaprinu, dwoił, troił, uchronić, zespół, utratą, kolejnych, bramek, Niestety, częste, błędy, obronie, Kaprinu, spowodowały, bramkarz, stanie, wytrzymać, naporu, zdarza, często, bardzo, dobrze, broniącemu, Kamilowi, Kłosowskiemu, musiał, wyciągać, jeszcze, Sarota, Brzuchacz, Mirochna, 1)razy, piłkę, siatki, ponieważ, umiejętności, strzeleckie, zawodników, Kaprinu, bardzo, słabym, poziomie, zdobyli, jeszcze, bramkę(, Grzebinoga, dlatego, przegrali, spotkanie, 3:6\r\nSzkoła, Języków, Obcych, Complex, przystało, mistrza, pewnie, skutecznie, wygrywa, zajmując, pierwsze, miejsce, podium, dwóch, meczach, ostatniej, kolejki, spotkań, zawodnicy, drużyny, Complex, zdobył, bramek, tracąc, pierwszym, Complex, pokonał, System 13, prowadząc, przerwy, Właściwie, historii, ponieważ od, początku, końca, widoczna, przewaga, Complexu, beniaminkiem, drużyną, SystemBramki:, Kanclerz, Deryniowski, Liptak, Wróblewski, Armatys, ComplexuSkawiński, Zdziech, System\r\nW, drugim, zapowiadającym, kolejki, pomiędzy, drużynami, Complex, Krzeszowice, ponownie, wysokie, zwycięstwo, odnieśli, aktualni, mistrzowie, pokonując, zaskoczeniem, kibiców, drużyny, ponieważ, spodziewali, bardzo, dobrego, widowiska, stojącego, wysokim, poziomie, Niestety, drużyna, wystąpiła, mistrzami, bardzo, osłabionym, składzie, skutkowało, wysoką, porażką, Bramki, Wróblewski, Armatys, Kanclerz, 3Liptak, ComplexuKurzański, 1\r\nKoko, pewniej, poczyna, prezentując, urozmaiconą, szybką, bardzo, skuteczną, teoretycznie, łatwiejsze, zadanie, ponieważ, najmłodszą, drużyną, przewidzenia, jednostronny, przebieg, Doświadczenie, bardzo, umiejętności, zawodników, pozwoliły, swobodne, pełne, finezyjnych, zagrań, rozgrywanie, piłki, można, odmówić, młodym, zawodnikom, ambicji, jednak, widać, szeregach, doświadczonego, zawodnika, który, pokierowałby, uspokoił, Brakuje, również, młodzieży, skuteczności, wykańczaniu, stworzonych, siebie, drużyna, doświadczona, ograna, licznych, turniejach, ligach, futsalowych, mająca, swoich, szeregach, bardzo, mocnych, zawodników, Bramki:Witkowski, Piskorz, Kozyra, 1Doległo, BisObodziński, Vita\r\nAuto, Morawica, przystąpił, drużyną, Sankowia, czteroosobowym, składzie, Kibice, zastanawiali, wystarczy, zawodnikom, osłabionej, drużyny, wynikiem, zakończy, spotkanie, przewidzenia, zawodnicy, rozpoczęli, głęboko, cofnięci, własną, bramkę, czekając, przeprowadzenie, szybkiej, skutecznej, kontry, stało, minucie, podanie, przechwycił, Mateusz, Marszałek, szybkiej, kontrze, skutecznie, zakończył, swoją, akcję, wyprowadzając, zespół, prowadzenieW, minucie, można, powiedzieć, powtórka, rozrywki, ponownie, Mateusz, Marszałek, zdobywa, bramkę, swojego, zespołuW, minucie, bramkę, kontaktową, zdobył, Nowotarski, dając, nadzieję, odwrócenie, losów, trwało, oblężenie, bramki, Wróbla, jednak, minucie, kolejny, przechwyt, piłki, zaliczył, Marszałek, dograł, Mrozińskiego, który, podwyższył, prowadzenie, swojej, drużynie, Niespełna, minuty, póżniej, wpakował, piłkę, bramki, Wróbla, dając, ponownie, kontakt, drużynie, PoluNiestety, Jednak, Marszałek, jeszcze, skontrował, skutecznie, powiększając, przewagę, drużyny, odpowiedział, Bazarnik, odpowiedzieli, kończąc, spotkanie, wynikiem, drużyny, Morawica, osłabieniu, można, uznać, niespodziankę, swoich, kibiców'),
	(1618, 'pl', 'Terminarz następnej kolejki Kaprin Futsal League', 'Podaję terminarz spotkań Kaprin Futsal League na następną kolejkę.Poniedziałek 24 listopada 2014 r.1. 20.00 ZSP : Dolce Vita2. 20.45 Koko Bis : Base System3. 21.30 Complex : Ren Pol Sankowia\r\n\r\nPiątek 28 listopada 2014 r.1. 19.30 Ren Pol : The Sharks -- MLF U- 982. 20.15 Auto Stop : Kaprin3. 21.00 Ren Pol Sankowia : Archidraft\r\n', 'Podaję, terminarz, spotkań, Kaprin, Futsal, League, następną, kolejkęPoniedziałek, listopada, System3, Complex, Sankowia\r\n\r\nPiątek, listopada, Sharks, Kaprin3, Sankowia, Archidraft\r\n'),
	(1620, 'pl', 'Szkoła Języków Obcych Complex najlepsza !!!! Mistrz sezonu 2013/2014', '', ''),
	(1621, 'pl', 'UKS" Jedynka"/Świt Krzeszowice dziewczyny.', '', ''),
	(1622, 'pl', 'Międzynarodowy turniej futsalu dziewcząt U99', 'Międzynarodowy mikołajkowy turniej halowej piłki nożnej dziewcząt o Puchar Burmistrza Gminy Krzeszowice.Terminarzgr. I 1)9.00 UKS " Jedynka"/Świt Krzeszowice II : Bronowianka Kraków I2)9.30 Victoria Gaj : Orawa Team 3)9.55 Victoria Gaj : UKS " Jedynka"/Świt Krzeszowice II4)10.25 Orawa Team : Bronowianka Kraków I5)10.50 Bronowianka I : Victoria Gaj6)11 15 Orawa Team : UKS" Jedynka" /Świt K-ce IIGr. II1)11.45 Rużemberok I : As Progres 2)12.15 LKS Promyk : UKS " Jedynka"/Świt I3)12.45 LKS Promyk : Rużemberok I4)13.10 UKS"Jedynka"/Świt K-ce I As Progres5)13.35 As Progres : LKS Promyk6)14.00 UKS"Jedynka"/Świt I : Rużemberok I14.30 Powitanie wszystkich uczestników turnieju i zaproszonych gości.Uroczyste otwarcie turnieju - otwarcia turnieju dokona Burmistrz Gminy Krzeszowice Czesław Bartl.Wręczenie podziękowań dla firm -sponsorów za pomoc w organizacji imprez rekreacyjno sportowych organizowanych przez UKS" Jedynka" Krzeszowice.Gr. III 1)15.20 Rużemberok II : Naprzód Sobolów2) 15.55 Bronowianka II : Prądniczanka3) 16.25 Bronowianka II : Rużemberok II4) 16.50 Prądniczanka : Naprzód Sobolów5) 17.20 Naprzód Sobolów : Bronowianka II6) 17.45 Prądniczanka : Rużemberok IIMiędzynarodowy Mikołajkowy turniej halowej piłki nożnej dziewcząto Puchar Burmistrza Gminy Krzeszowice 2014.29/30 listopad 2014 r.W turnieju udział bierze 12 drużyn podzielonych na 3 grupy.Grupa I od 9-00 do 11.201. Bronowianka I2.Orawa Team3.Victoria Gaj4. UKS " Jedynka" I/Świt IIGrupa IIod 11.30 do 13.501.Rużemberok I2.As Progres3.LKS Promyk4.UKS " Jedynka "/Świt IUroczyste otwarcie turnieju przez p. Burmistrza Czesława Bartla.Występ artystyczny grupy Harmonia Fitnes.Uroczyste podziękowanie zakładom pracy, firmom i osobom prywatnym- sponsorom UKS " Jedynka" Krzeszowice.Grupa IIIod 14 .40 do 17.101.Rużemberok II2.Naprzód Sobolów3.Bronowianka II4. PrądniczankaW grupach mecze rozgrywamy systemem " każdy z każdym ".Czas gry 2 x 12 minut.W niedzielę 30 grudnia również turniej rozgrywany jest systemem grupowym w/g klucza :Grupa I o miejsca od 9-12Godz. 9.00 -- 11.20 Grają drużyny , które w sobotnich grupach zajmą ostatnie miejsca + drużyna , która zajmie 3 miejsce z najmniejszym dorobkiem punktowym.Grupa II o miejsca od 5 do 8Godz. 11.30-- 13.50Grają drużyny , które w sobotnich grupach zajmą drugie i trzecie miejsca ( najlepszy dorobek punktowy)Grupa III o miejsca od 1 do 4Godz.14.00 -- 16.30Grają drużyny , które w sobotnich grupach zajmą pierwsze miejsca + drużyna z drugiego miejsca z najlepszym dorobkiem punktowym.Godzina 17.00 zakończenie turnieju , wręczenie dyplomów , pucharów dla wszystkich drużyn, medali dla 3 najlepszych drużyn oraz nagród indywidualnych- najlepszy zawodnik, najlepszy bramkarz ,najlepszy strzelecW turnieju obowiązują przepisy futsalowe.W meczu występuje 4 zawodników w polu + bramkarz. Mecze rozgrywane są piłką do futsalu.Ubezpieczenie zawodników we własnym zakresie.', 'Międzynarodowy, mikołajkowy, turniej, halowej, piłki, nożnej, dziewcząt, Puchar, Burmistrza, KrzeszowiceTerminarzgr, I 1)900, Jedynka"Świt, Krzeszowice, Bronowianka, Kraków, I2)930, Victoria, Team 3)955, Victoria, Jedynka"Świt, Krzeszowice, II4)1025, Bronowianka, Kraków, I5)1050, Bronowianka, Victoria, Gaj6)11, Jedynka", II1)1145, Rużemberok, Progres 2)1215, Promyk, Jedynka"Świt, I3)1245, Promyk, Rużemberok, I4)1310, UKS"Jedynka"Świt, Progres5)1335, Progres, Promyk6)1400, UKS"Jedynka"Świt, Rużemberok, Powitanie, wszystkich, uczestników, turnieju, zaproszonych, gościUroczyste, otwarcie, turnieju, otwarcia, turnieju, dokona, Burmistrz, Krzeszowice, Czesław, BartlWręczenie, podziękowań, sponsorów, organizacji, imprez, rekreacyjno, sportowych, organizowanych, Jedynka", KrzeszowiceGr, III 1)1520, Rużemberok, Naprzód, Sobolów2), Bronowianka, Prądniczanka3), Bronowianka, Rużemberok, Prądniczanka, Naprzód, Sobolów5), Naprzód, Sobolów, Bronowianka, Prądniczanka, Rużemberok, IIMiędzynarodowy, Mikołajkowy, turniej, halowej, piłki, nożnej, dziewcząto, Puchar, Burmistrza, Krzeszowice, 20142930, listopad, turnieju, udział, bierze, drużyn, podzielonych, grupyGrupa, Bronowianka, I2Orawa, Team3Victoria, Jedynka", IŚwit, IIGrupa, 13501Rużemberok, Progres3LKS, Promyk4UKS, Jedynka, "Świt, IUroczyste, otwarcie, turnieju, Burmistrza, Czesława, BartlaWystęp, artystyczny, Harmonia, FitnesUroczyste, podziękowanie, zakładom, firmom, osobom, prywatnym, sponsorom, Jedynka", KrzeszowiceGrupa, 17101Rużemberok, II2Naprzód, Sobolów3Bronowianka, PrądniczankaW, grupach, rozgrywamy, systemem, każdy, każdym, minutW, niedzielę, grudnia, również, turniej, rozgrywany, systemem, grupowym, klucza, :Grupa, miejsca, 912Godz, 1120 Grają, drużyny, które, sobotnich, grupach, zajmą, ostatnie, miejsca, drużyna, która, zajmie, miejsce, najmniejszym, dorobkiem, punktowymGrupa, miejsca, 1350Grają, drużyny, które, sobotnich, grupach, zajmą, drugie, trzecie, miejsca (, najlepszy, dorobek, punktowy)Grupa, miejsca, 4Godz1400, 1630Grają, drużyny, które, sobotnich, grupach, zajmą, pierwsze, miejsca, drużyna, drugiego, miejsca, najlepszym, dorobkiem, punktowymGodzina, zakończenie, turnieju, wręczenie, dyplomów, pucharów, wszystkich, drużyn, medali, najlepszych, drużyn, nagród, indywidualnych, najlepszy, zawodnik, najlepszy, bramkarz, najlepszy, strzelecW, turnieju, obowiązują, przepisy, futsaloweW, występuje, zawodników, bramkarz Mecze, rozgrywane, piłką, futsaluUbezpieczenie, zawodników, własnym, zakresie'),
	(1623, 'pl', 'Terminarz II dnia Mikołajkowego Turnieju Futsalu Dziewcząt U99', 'Niedziela, 30.11.2014\r\nGrupa o miejsca 9-12 godzina 9.00 - 11.15Rużemberok IIUKS Jedynka IIAS ProgresLKS Promyk\r\nGrupa o miejsca 5-8godzina 11.45 - 14.00Orawa TeamBronowianka IIVictoria GajPrądniczanka\r\nGrupa o miejsca 1-4godzina 14.25 - 16.50Bronowianka INaprzód SobolówRużemberokUKS Jedynka I\r\nKolejność meczów zostanie rozlosowana przed rozpoczęciem meczów danej grupy.', 'Niedziela, 30112014\r\nGrupa, miejsca, godzina, 1115Rużemberok, Jedynka, ProgresLKS, Promyk\r\nGrupa, miejsca, 58godzina, 1400Orawa, TeamBronowianka, IIVictoria, GajPrądniczanka\r\nGrupa, miejsca, 14godzina, 1650Bronowianka, INaprzód, SobolówRużemberokUKS, Jedynka, I\r\nKolejność, meczów, zostanie, rozlosowana, rozpoczęciem, meczów'),
	(1624, 'pl', 'Bronowianka najlepsza', 'W dniach 29-30.11.2014 w Krzeszowicach rozegrany został Międzynarodowy Mikołajkowy turniej futsalu dziewcząt z rocznika 1999 i młodszych. W turnieju wzięło udział 12 drużyn w tym 3 ze Słowacji. Turniej zakończył się zwycięstwem drużyny Bronowianki I przed Naprzodem Sobolów i drużyną MFK Rużemberok I. Najlepszą zawodniczką turnieju została Michaela Buzakova(MFK Rużemberok I), najlepszą bramkarką uznano Klaudie Kurek z Naprzodu Sobolów a najlepszą strzelczynią została Wiktoria Pietrzyk z Bronowianki I\r\nOto komplet wyników:\r\nFaza grupowa\r\n \r\nGrupa 1\r\nUKS Jedynka Krzeszowice II : Bronowianka Kraków I 1:13\r\nVictoria Gaj : Orawa Team 2:3\r\nOrawa Team : Bronowianka I 1:2\r\nVictoria : UKS Jedynka II 7:0\r\nBronowianka I : Victoria 9:3\r\nOrawa Team : UKS Jedynka II 6:2\r\n \r\nGrupa 2\r\nMFK Rużemberok I : AS Progres 7:0\r\nLKS Promyk Bolęcin : UKS Jedynka I 4:2\r\nPromyk : Rużemberok I 0:1\r\nUKS Jedynka I : As Progres 4:0\r\nAs Progres : Promyk 3:2\r\nUKS Jedynka I : Rużemberok I 1:0\r\nGrupa 3\r\nMFK Rużemberok II : Naprzód Sobolów 0:4\r\nBronowianka Kraków II : Prądniczanka 1:2\r\nBronowianka II : Rużemberok II 6:0\r\nPrądniczanka : Naprzód 0:4\r\nNaprzód : Bronowianka II 1:1\r\nPrądniczanka : Rużemberok II 4:0\r\n \r\nFaza finałowa\r\n \r\nGrupa o miejsca 9-12\r\nOrawa Team : UKS Jedynka II 6:2\r\nUKS Jedynka II : AS Progres 3:5\r\nLKS Promyk Bolęcin : MFK Rużemberok I 1:0\r\nUKS Jedynka II :  Promyk 0:1\r\nProgres : Rużemberok I 1:2\r\nUKS Jedynka II :  Rużemberok I 0:1\r\nAS Progres : Promyk 1:2\r\n \r\nGrupa o miejsca 5-8\r\nVictoria Gaj : Prądniczanka Kraków 5:0\r\nOrawa Team : Bronowianka Kraków II 3:0\r\nVictoria : Orawa Team 2:4\r\nPrądniczanka : Bronowianka II 3:2\r\nVictoria Gaj : Bronowianka II 7:3\r\nPrądniczanka : Orawa Team 0:3\r\n \r\nGrupa o miejsca 1-4\r\nUKS Jedynka I : MFK Rużemberok I 0:2\r\nBronowianka I :  Naprzód 3:2\r\nUKS Jedynka I : Bronowianka 0:7\r\nRużemberok I : Naprzód 1:2\r\nUKS Jedynka I : Naprzód 1:3\r\nRużemberok I : Bronowianka I 1:1\r\n \r\nKońcowa kolejność\r\n1. Bronowianka Kraków I\r\n2. Naprzód Sobolów\r\n3. MFK Rużemberok I\r\n4. UKS Jedynka Krzeszowice\r\n5. Orawa Team\r\n6. Victoria Gaj\r\n7. Prądniczanka Kraków\r\n8. Bronowianka Kraków II\r\n9. LKS Promyk Bolęcin\r\n10. MFK Rużemberok II\r\n11. AS Progres\r\n12. UKS Jedynka II\r\n \r\n ', 'dniach, 2930112014, Krzeszowicach, rozegrany, został, Międzynarodowy, Mikołajkowy, turniej, futsalu, dziewcząt, rocznika, młodszych, turnieju, wzięło, udział, drużyn, Słowacji, Turniej, zakończył, zwycięstwem, drużyny, Bronowianki, Naprzodem, Sobolów, drużyną, Rużemberok, Najlepszą, zawodniczką, turnieju, została, Michaela, Buzakova(MFK, Rużemberok, najlepszą, bramkarką, uznano, Klaudie, Naprzodu, Sobolów, najlepszą, strzelczynią, została, Wiktoria, Pietrzyk, Bronowianki, I\r\nOto, komplet, wyników:\r\nFaza, grupowa\r\n \r\nGrupa, 1\r\nUKS, Jedynka, Krzeszowice, Bronowianka, Kraków, 1:13\r\nVictoria, 2:3\r\nOrawa, Bronowianka, 1:2\r\nVictoria, Jedynka, 7:0\r\nBronowianka, Victoria, 9:3\r\nOrawa, Jedynka, 6:2\r\n \r\nGrupa, 2\r\nMFK, Rużemberok, Progres, 7:0\r\nLKS, Promyk, Bolęcin, Jedynka, 4:2\r\nPromyk, Rużemberok, 0:1\r\nUKS, Jedynka, Progres, 4:0\r\nAs, Progres, Promyk, 3:2\r\nUKS, Jedynka, Rużemberok, 1:0\r\nGrupa, 3\r\nMFK, Rużemberok, Naprzód, Sobolów, 0:4\r\nBronowianka, Kraków, Prądniczanka, 1:2\r\nBronowianka, Rużemberok, 6:0\r\nPrądniczanka, Naprzód, 0:4\r\nNaprzód, Bronowianka, 1:1\r\nPrądniczanka, Rużemberok, 4:0\r\n \r\nFaza, finałowa\r\n \r\nGrupa, miejsca, 912\r\nOrawa, Jedynka, 6:2\r\nUKS, Jedynka, Progres, 3:5\r\nLKS, Promyk, Bolęcin, Rużemberok, 1:0\r\nUKS, Jedynka, Promyk, 0:1\r\nProgres, Rużemberok, 1:2\r\nUKS, Jedynka,  Rużemberok, 0:1\r\nAS, Progres, Promyk, 1:2\r\n \r\nGrupa, miejsca, 58\r\nVictoria, Prądniczanka, Kraków, 5:0\r\nOrawa, Bronowianka, Kraków, 3:0\r\nVictoria, 2:4\r\nPrądniczanka, Bronowianka, 3:2\r\nVictoria, Bronowianka, 7:3\r\nPrądniczanka, 0:3\r\n \r\nGrupa, miejsca, 14\r\nUKS, Jedynka, Rużemberok, 0:2\r\nBronowianka, Naprzód, 3:2\r\nUKS, Jedynka, Bronowianka, 0:7\r\nRużemberok, Naprzód, 1:2\r\nUKS, Jedynka, Naprzód, 1:3\r\nRużemberok, Bronowianka, 1:1\r\n \r\nKońcowa, kolejność\r\n1, Bronowianka, Kraków, Naprzód, Sobolów\r\n3, Rużemberok, Jedynka, Krzeszowice\r\n5, Team\r\n6, Victoria, Gaj\r\n7, Prądniczanka, Kraków\r\n8, Bronowianka, Kraków, Promyk, Bolęcin\r\n10, Rużemberok, II\r\n11, Progres\r\n12, Jedynka, II\r\n \r\n '),
	(1625, 'pl', 'Kaprin Futsal League odwołana', 'Uwaga Uwaga jutro na hali sportowej przy Gimnazjum będzie wymiana oświetlenia w związku z powyższym nie ma treningu o 14.30 jak również meczów Kaprin Futsal League. Jutrzejsze mecze Kaprin Futsal League odwołane ze względu na wymianę oświetlenia. Proszę o powiadomienie wszystkich zawodników z drużyny.', 'sportowej, Gimnazjum, będzie, wymiana, oświetlenia, związku, powyższym, treningu, również, meczów, Kaprin, Futsal, League, Jutrzejsze, Kaprin, Futsal, League, odwołane, względu, wymianę, oświetlenia, Proszę, powiadomienie, wszystkich, zawodników, drużyny'),
	(1626, 'pl', 'Międzynarodowy mikołajkowy turniej halowej piłki nożnej dziewcząt U- 15 oraz mikołajkowy turniej U- 17', 'Turniej mikołajkowy w Krzeszowicach 2014.Udział wzięło 17 drużyn z kraju i 3 drużyny ze Słowacji . Bardzo wysoki poziom rywalizacji, kontakt z drużynami z najwyższej półki.Nasz dorobek to 4 miejsce w kategorii U-15 oraz 2 miejsce w kategorii U-17.Wspaniały wynik jak na 3 lata treningów. A więc uśmiech na twarzy, głowy do góry i trenujemy dalej. Przed nami liga regionalna, turniej Walentynkowy na Prądniczance, oraz turniej seniorek w Krzeszowicach.', 'Turniej, mikołajkowy, Krzeszowicach, 2014Udział, wzięło, drużyn, drużyny, Słowacji,  Bardzo, wysoki, poziom, rywalizacji, kontakt, drużynami, najwyższej, półkiNasz, dorobek, miejsce, kategorii, miejsce, kategorii, U17Wspaniały, treningów, uśmiech, twarzy, głowy, trenujemy, regionalna, turniej, Walentynkowy, Prądniczance, turniej, seniorek, Krzeszowicach'),
	(1627, 'pl', 'Międzynarodowy mikołajkowy turniej halowej piłki nożnej dziewcząt U- 15 Krzeszowice 2014 .', 'Międzynarodowy mikołajkowy turniej halowej piłki nożnej dziewcząt U- 15 Krzeszowice 2014 .Udział w turnieju wzięło 12 drużyn w tym wielokrotne mistrzynie Polski w kategoriach młodzieżowych Naprzód Sobolów i Bronowianka Kraków, trzy drużyny ze Słowacji - Orawa Team oraz Rużemberok I i Rużemberok II. Razem około 120 zawodniczek w kategorii U - 15.Nasze dziewczyny o krok za mistrzyniami Polski.Tym razem mamy czwarte miejsce w turnieju wywalczone po wspaniałej walce pełnej ambicji i zadziorności . Czwarte miejsce w tak mocno obsadzonym turnieju jest dla nas ogromnym sukcesem. Trenujemy razem od niespełna 3 lat a jesteśmy tuż za mistrzyniami ( Bronowianka i Naprzód Sobolów to wielokrotni mistrzowie Polski w różnych kategoriach młodzieżowych ). Brawo dziewczyny jesteście wspaniałe.W dniach 29-30.11.2014 w Krzeszowicach rozegrany został Międzynarodowy Mikołajkowy turniej futsalu dziewcząt z rocznika 1999 i młodszych. W turnieju wzięło udział 12 drużyn w tym 3 ze Słowacji. Turniej zakończył się zwycięstwem drużyny Bronowianki I przed Naprzodem Sobolów i drużyną MFK Rużemberok I. Najlepszą zawodniczką turnieju została Michaela Buzakova(MFK Rużemberok I), najlepszą bramkarką uznano Klaudie Kurek z Naprzodu Sobolów a najlepszą strzelczynią została Wiktoria Pietrzyk z Bronowianki IOto komplet wyników: Faza grupowaGrupa 1 UKS Jedynka Krzeszowice II : Bronowianka Kraków I 1:13Victoria Gaj : Orawa Team 2:3Orawa Team : Bronowianka I 1:2Victoria : UKS Jedynka II 7:0Bronowianka I : Victoria 9:3Orawa Team : UKS Jedynka II 6:2Grupa 2MFK Rużemberok I : AS Progres 7:0LKS Promyk Bolęcin : UKS Jedynka I 4:2Promyk : Rużemberok I 0:1UKS Jedynka I : As Progres 4:0As Progres : Promyk 3:2UKS Jedynka I : Rużemberok I 1:0Grupa 3MFK Rużemberok II : Naprzód Sobolów 0:4Bronowianka Kraków II : Prądniczanka 1:2Bronowianka II : Rużemberok II 6:0Prądniczanka : Naprzód 0:4Naprzód : Bronowianka II 1:1Prądniczanka : Rużemberok II 4:0Faza finałowaGrupa o miejsca 9-12Orawa Team : UKS Jedynka II 6:2UKS Jedynka II : AS Progres 3:5LKS Promyk Bolęcin : MFK Rużemberok I 1:0UKS Jedynka II : Promyk 0:1Progres : Rużemberok I 1:2UKS Jedynka II : Rużemberok I 0:1AS Progres : Promyk 1:2Grupa o miejsca 5-8Victoria Gaj : Prądniczanka Kraków 5:0Orawa Team : Bronowianka Kraków II 3:0Victoria : Orawa Team 2:4Prądniczanka : Bronowianka II 3:2Victoria Gaj : Bronowianka II 7:3Prądniczanka : Orawa Team 0:3Grupa o miejsca 1-4UKS Jedynka I : MFK Rużemberok I 0:2Bronowianka I : Naprzód 3:2UKS Jedynka I : Bronowianka 0:7Rużemberok I : Naprzód 1:2UKS Jedynka I : Naprzód 1:3Rużemberok I : Bronowianka I 1:1Końcowa kolejność1. Bronowianka Kraków I2. Naprzód Sobolów3. MFK Rużemberok I4. UKS Jedynka Krzeszowice5. Orawa Team6. Victoria Gaj7. Prądniczanka Kraków8. Bronowianka Kraków II9. LKS Promyk Bolęcin10. MFK Rużemberok II11. AS Progres12. UKS Jedynka II', 'Międzynarodowy, mikołajkowy, turniej, halowej, piłki, nożnej, dziewcząt, Krzeszowice, Udział, turnieju, wzięło, drużyn, wielokrotne, mistrzynie, Polski, kategoriach, młodzieżowych, Naprzód, Sobolów, Bronowianka, Kraków, drużyny, Słowacji, oraz Rużemberok, Rużemberok, około, zawodniczek, kategorii U, 15Nasze, dziewczyny, mistrzyniami, PolskiTym, czwarte, miejsce, turnieju, wywalczone, wspaniałej, pełnej, ambicji, zadziorności, Czwarte, miejsce, obsadzonym, turnieju, ogromnym, sukcesem, Trenujemy, niespełna, jesteśmy, mistrzyniami, Bronowianka, Naprzód, Sobolów, wielokrotni, mistrzowie, Polski, różnych, kategoriach, młodzieżowych, dziewczyny, jesteście, wspaniałeW, dniach, 2930112014, Krzeszowicach, rozegrany, został, Międzynarodowy, Mikołajkowy, turniej, futsalu, dziewcząt, rocznika, młodszych, turnieju, wzięło, udział, drużyn, Słowacji, Turniej, zakończył, zwycięstwem, drużyny, Bronowianki, Naprzodem, Sobolów, drużyną, Rużemberok, Najlepszą, zawodniczką, turnieju, została, Michaela, Buzakova(MFK, Rużemberok, najlepszą, bramkarką, uznano, Klaudie, Naprzodu, Sobolów, najlepszą, strzelczynią, została, Wiktoria, Pietrzyk, Bronowianki, komplet, wyników: Faza, grupowaGrupa, 1 UKS, Jedynka, Krzeszowice, Bronowianka, Kraków, 1:13Victoria, 2:3Orawa, Bronowianka, 1:2Victoria, Jedynka, 7:0Bronowianka, Victoria, 9:3Orawa, Jedynka, 6:2Grupa, Rużemberok, Progres, 7:0LKS, Promyk, Bolęcin, Jedynka, 4:2Promyk, Rużemberok, 0:1UKS, Jedynka, Progres, Progres, Promyk, 3:2UKS, Jedynka, Rużemberok, 1:0Grupa, Rużemberok, Naprzód, Sobolów, 0:4Bronowianka, Kraków, Prądniczanka, 1:2Bronowianka, Rużemberok, 6:0Prądniczanka, Naprzód, 0:4Naprzód, Bronowianka, 1:1Prądniczanka, Rużemberok, 4:0Faza, finałowaGrupa, miejsca, 912Orawa, Jedynka, 6:2UKS, Jedynka, Progres, 3:5LKS, Promyk, Bolęcin, Rużemberok, 1:0UKS, Jedynka, Promyk, 0:1Progres, Rużemberok, 1:2UKS, Jedynka, Rużemberok, Progres, Promyk, 1:2Grupa, miejsca, 58Victoria, Prądniczanka, Kraków, 5:0Orawa, Bronowianka, Kraków, 3:0Victoria, 2:4Prądniczanka, Bronowianka, 3:2Victoria, Bronowianka, 7:3Prądniczanka, 0:3Grupa, miejsca, Jedynka, Rużemberok, 0:2Bronowianka, Naprzód, 3:2UKS, Jedynka, Bronowianka, 0:7Rużemberok, Naprzód, 1:2UKS, Jedynka, Naprzód, 1:3Rużemberok, Bronowianka, 1:1Końcowa, kolejność1, Bronowianka, Kraków, Naprzód, Sobolów3, Rużemberok, Jedynka, Krzeszowice5, Victoria, Prądniczanka, Kraków8, Bronowianka, Kraków, Promyk, Bolęcin10, Rużemberok, Progres12, Jedynka'),
	(1628, 'pl', 'Piątkowe mecze odwołane', 'Mecze Kaprin Futsal League zaplanowane na piątek 19.12 nie odbędą się. Hala w tym dniu jest zajęta.', 'Kaprin, Futsal, League, zaplanowane, piątek, odbędą, zajęta'),
	(1629, 'pl', 'Wesołych świąt', '', ''),
	(1630, 'pl', 'Szczęśliwego Nowego 2015 roku.', '"Fajerwerki, śnieg, muzyka, już szampana każdy łyka! Stary rok się w Nowy zmienia, przeto szczęścia ślę życzenia .Kiedy Nowy Rok nadchodzi, kieliszeczek nie zaszkodzi, kufel piwa to za mało, litr szampana by się zdało. Trzeba opić wszystkie troski, by następny rok był boski. SZCZĘŚLIWEGO NOWEGO ROKU!".', '"Fajerwerki, śnieg, muzyka, szampana, każdy, zmienia, przeto, szczęścia, życzenia, nadchodzi, kieliszeczek, zaszkodzi, szampana, zdało, Trzeba, wszystkie, troski, następny, SZCZĘŚLIWEGO, NOWEGO'),
	(1631, 'pl', 'Terminarz MLF', 'Piątek 09.01.201514:30 Dziewczyny I : FC Krzeszowice 15:10 Dziewczyny I : Przegryw Team Sobota 10.01.201511:20 Dziewczyny II : Tecza Tenczynek \r\nSobota 10.01.201508:30 Ren-Pol : Phoenix 09:10 Wolanka 98 : Sharks 10:00 GKS Swit 2014 : Fanatycy 10:40 Dream Team 2000 : Sharks ', 'Piątek, 0901201514:30, Dziewczyny, Krzeszowice 15:10, Dziewczyny, Przegryw, Team Sobota, 1001201511:20, Dziewczyny, Tenczynek \r\nSobota, 1001201508:30, RenPol, Phoenix 09:10, Wolanka, Sharks 10:00, Fanatycy 10:40, Sharks '),
	(1632, 'pl', 'Turniej mikołajkowy U- 97 Krzeszowice 2014 ', 'Jesteśmy coraz bliżej mistrzostwa.II miejsce i srebrne medale to dorobek naszych dziewcząt w kategorii u- 17. Do złota mamy coraz bliżej.1. Lks Szaflary 2. UKS Jedynka"/ śWIT kRZESZOWICE3. ex aequo As Progres Prądniczanka Kraków.II 5. Prądniczanka Kraków I6.Naprzód Sobolów 7. MKS ZWM Wodna Trzebinia8. UKS " Jedynka"/Świt KrzeszowiceTakich emocji dawno nie bylo.Najlepsza zawodniczka Julia Łoboz to dorobek naszych zawodniczek.', 'Jesteśmy, bliżej, mistrzostwaII, miejsce, srebrne, medale, dorobek, naszych, dziewcząt, kategorii, złota, bliżej1, Szaflary 2, Jedynka", kRZESZOWICE3, Progres Prądniczanka, KrakówII 5, Prądniczanka, Kraków, I6Naprzód, Sobolów 7, Trzebinia8, Jedynka"Świt, KrzeszowiceTakich, emocji, byloNajlepsza, zawodniczka, Łoboz, dorobek, naszych, zawodniczek'),
	(1633, 'pl', 'Puchar  Kaprin Futsal League', 'Uwaga podaję propozycję rozegrania Pucharu Ligi.\r\nTermin - do ustalenia.Uczestnicy Kaprin Futsal League- 9 drużyn podzielonych na 3 grupy według rankingu.System rozgrywek - w grupach " każdy z każdym", następnie drużyny , które zajmą 3 miejsca w grupach grają między sobą o miejsca 7-9 w turnieju. Drużyny z 2 miejsc w grupach eliminacyjnych grają między sobą o miejsca 4-6 a drużyny z pierwszych miejsc w grupach grają między sobą o miejsca 1-3 w turnieju.Koszt turnieju 150 zł od drużyny ( puchary, sędziowie, napoje i opata za wynajem hali)Bardzo proszę o potwierdzanie drużyn w turnieju. Termin zostanie ustalony po konsultacjach z zainteresowanymi drużynami.', 'podaję, propozycję, rozegrania, Pucharu, Ligi\r\nTermin, ustaleniaUczestnicy, Kaprin, Futsal, League, drużyn, podzielonych, według, rankinguSystem, rozgrywek, grupach, każdy, każdym", następnie, drużyny, które, zajmą, miejsca, grupach, grają, między, miejsca, turnieju, Drużyny, miejsc, grupach, eliminacyjnych, grają, między, miejsca, drużyny, pierwszych, miejsc, grupach, grają, między, miejsca, turniejuKoszt, turnieju, drużyny, puchary, sędziowie, napoje, wynajem, hali)Bardzo, proszę, potwierdzanie, drużyn, turnieju, Termin, zostanie, ustalony, konsultacjach, zainteresowanymi, drużynami'),
	(1634, 'pl', 'Juniorki młodsze UKS" Jedynka"/Świt w II rundzie  Halowych Mistrzostwach Małopolski piłki nożnej dziewcząt', 'Nasze dziewczyny wywalczyły awans do następnej rundy Halowych Mistrzostw Małopolski w piłce nożnej juniorek młodszych.3 zwycięstwa , jedna porażka i co najważniejsze II miejsce w turnieju premiowane awansem do następnej rundy. Jest coraz lepiej . Ogromne brawa dziewczyny.Wyniki naszej drużyny :1.UKS" Jedynka" /Świt Krzeszowice : Zielonka Wrząsowice 1: 0Bramka Kubica Kornelia2.UKS" Jedynka" /Świt Krzeszowice : Victoria Gaj 3:2Bramki dla naszej drużyny: Janowska Ewa 1, Łoboz Julia 1, Byczek Agata 1dla Victorii Gaj Sonia Jurka 23.UKS" Jedynka" /Świt Krzeszowice : Bronowianka 4:5Bramki dla naszej drużyny : Janowska Ewa 2, Łoboz Julia 1, Kubica Kornelia 1dla Bronowianki : Latka Kinga 3, Staszczak Anna 1, Biel Anna 14.UKS" Jedynka" /Świt Krzeszowice : Triumf Alwernia 2:1Bramki dla naszej drużyny: Janowska Ewa 2dla drużyny Triumf Alwernia Kapcia Joanna 1\r\n\r\nSkład naszej drużyny:Sroka Weronika, Byczek Agata, Kubica Kornelia, Oracz Klaudia, Łoboz Julia, Janowska Ewa, Skotniczna Katarzyna, Walczowska Zuzanna, Dziwak Klaudia.\r\n', 'dziewczyny, wywalczyły, następnej, Halowych, Mistrzostw, Małopolski, piłce, nożnej, juniorek, młodszych3, zwycięstwa, porażka, najważniejsze, miejsce, turnieju, premiowane, awansem, następnej, lepiej, Ogromne, dziewczynyWyniki, naszej, drużyny, :1UKS", Jedynka", Krzeszowice, Zielonka, Wrząsowice, 0Bramka, Kubica, Kornelia2UKS", Jedynka", Krzeszowice, Victoria, 3:2Bramki, naszej, drużyny:, Janowska, Łoboz, Byczek, Victorii, 23UKS", Jedynka", Krzeszowice, Bronowianka, 4:5Bramki, naszej, drużyny, Janowska, Łoboz, Kubica, Kornelia, Bronowianki, Staszczak, 14UKS", Jedynka", Krzeszowice, Triumf, Alwernia, 2:1Bramki, naszej, drużyny:, Janowska, drużyny, Triumf, Alwernia, Kapcia, Joanna, 1\r\n\r\nSkład, naszej, drużyny:Sroka, Weronika, Byczek, Kubica, Kornelia, Klaudia, Łoboz, Janowska, Skotniczna, Katarzyna, Walczowska, Zuzanna, Dziwak, Klaudia\r\n'),
	(1635, 'pl', 'Koko Bis nowym liderem KFL', 'Koko Bis po zwycięstwie w ostatniej kolejce Kaprin Futsal League 4:3 nad aktualnym mistrzem drużyną Complex został nowym liderem rozgrywek na 5 kolejek przed końcem sezonu. Mecz był bardzo wyrównany i stał na wysokim poziomie. Losy spotkania ważyły się do ostatnich mint meczu. W końcówce mogła i powinna paść bramka wyrównująca dla Complexu ale strzał z  kilku metrów obronił instynktownie jeden z obrońców drużyny Koko Bis. W pierwszym meczu pomiędzy tymi drużynami wygrała drużyna Complex 5:3. Końcówka sezonu zapowiada się bardzo emocjonująco ponieważ do tytułu mistrzowskiego w dalszym ciągu pretenduje 5 drużyn.', 'zwycięstwie, ostatniej, kolejce, Kaprin, Futsal, League, aktualnym, mistrzem, drużyną, Complex, został, liderem, rozgrywek, kolejek, końcem, sezonu, bardzo, wyrównany, wysokim, poziomie, spotkania, ważyły, ostatnich, końcówce, mogła, powinna, paść, bramka, wyrównująca, Complexu, strzał,  kilku, metrów, obronił, instynktownie, obrońców, drużyny, pierwszym, pomiędzy, drużynami, wygrała, drużyna, Complex, Końcówka, sezonu, zapowiada, bardzo, emocjonująco, ponieważ, tytułu, mistrzowskiego, dalszym, ciągu, pretenduje, drużyn'),
	(1636, 'pl', 'Auto Stop Morawica- Number One', 'Auto Stop Morawica number one .........Base System Remisuje z Koko Bis.........Dolce Vita coraz lepiej ale na wicemistrzów ciągle za mało......\r\nW ostatniej kolejce Kaprin Futsal League Koko Bis wygrało z aktualnym mistrzem drużyną Szkoły Języków Obcych 4:3 i objęło prowadzenie w rozgrywkach . Auto Stop Morawica zajmowało przed poniedziałkowym meczem 4 miejsce ze stratą tylko 3 pkt do Koko Bis. Można było się więc spodziewać , że pojedynek obu drużyn będzie bardzo zacięty i będzie miało duży ciężar gatunkowy. Tak też się stało. Oba zespoły zagrały na bardzo wysokim poziomie, prezentując nieprzeciętne umiejętności piłkarskie. Pierwsze 7 minut trwała zacięta walka na całej długości i szerokości boiska. Każdy z zawodników miał swojego " plastra "od którego ciężko było się uwolnić . Obie drużyny grały bardzo rozważnie , żeby nie popełnić błędu. W swoich strefach obronnych zawodnicy grali bardzo agresywnie nie dopuszczając swoich przeciwników do sytuacji strzeleckich. Pierwszą skuteczną akcję wyprowadzili zawodnicy Auto Stop Morawica w 7 min po przejęciu piłki w swoje strefie obronnej, zagraniu na prawe skrzydło do Pawła Sawczuka, który z pierwszej piłki zagrał na dalszy słupek bramki skąd strzałem wykończył Tomasz Kmiecik. W dalszym ciągu trwała walka na całym boisku. Akcje zmieniały się jak w kalejdoskopie. Oglądaliśmy dużo gry z pierwszej piłki, strzałów i efektownych parad bramkarskich po obu stronach. 17 minucie gry Daniel Mroziński był faulowany w polu karnym Koko Bis i sędzia wskazał na rzut karny. Skutecznym egzekutorem okazał się Dariusz Molik, który podwyższył wynik spotkania na 2:0.Pierwsza połowa zakończyła się takim wynikiem. Podrażnieni takim obrotem sprawy Trzebinianie zaatakowali od II połowy z większym rozmachem chcąc szybko zmniejszyć prowadzenie drużyny Auto Stop. Niestety bardzo dobrze grała obrona srebrnych medalistów poprzedniego sezonu , która nie dopuszczała ich do pozycji strzeleckich. W 24 minucie nastąpiła ponowna kontra drużyny Auto Stop , którą skutecznie zakończył Tomasz Kmiecik. W tym momencie wszyscy myśleli , że już jest po meczu kiedy najskuteczniejszy zawodnik Koko Bis Paweł Piskosz w swoim stylu wymanewrował obronę przeciwników i zdobył pierwszą bramkę dla Koko Bis w 25 minucie meczu . Po zdobyciu gola Trzebinianie ruszyli do odrabiania strat stwarzając sytuacje strzeleckie pod bramką Tomasza Wróbla. Gdy wydawało się , że bramka dla Koko Bis wisi w powietrzu kardynalny błąd popełnił jeden z ich obrońców , który zaczął się kiwać . Paweł Sawczuk wykorzystał sytuację odebrał piłkę obrońcy i dograł do Mateusza Marszałka , który podwyższył wynik na 4:1. Wtedy sprawę w swoje ręce wziął Tomasz Witkowski - jeden z najlepszych zawodników Koko Bis przeprowadził dwie bardzo ładne akcje w których zakręcił obroną Auto Stopu i wywalczył rzut karny. Następnie sam skutecznie go wykonał w 37 min. .Potem jednak szczęście się od niego odwróciło ponieważ zaraz strzelał drugiego karnego przedłużonego i spudłował. W 39 minucie kolejny rzut karny przedłużony dla drużyny Koko Bis i obrona Tomasza Wróbla.Końcowy wynik 4:2 dla Auto Stop Morawica i zmiana lidera . Auto Stop Morawica jest number one.Mnie osobiście podczas tego meczu przypomniały się wspaniałe czasy kiedy w Krzeszowicach grała w Polskiej Ekstraklasie Futsalu drużyna Gaszyńskich.Takich meczów jak ten pomiędzy Auto Stop Morawica i Koko Bis chciało by się oglądać więcej bo naprawdę jest na co patrzyć.\r\nW drugim swoim meczu Auto Stop pewnie pokonał drużynę Dolce Vita 9:2.Mimo porażki młodzi zawodnicy Dolce Vity nie muszą się wstydzić gdyż zagrali kolejne bardzo dobre spotkanie jednak na wicemistrzów poprzedniego sezonu to ciągle za mało.\r\nRemis drużyny Base System z Koko Bis 4:4 w 10 minucie meczu był sporym zaskoczeniem dla kibiców i samych zawodników z Trzebini. Jednak jak się póżniej okazało to było tylko 10 minut słabości Koko Bis. O następnych 30 minutach młodzi zawodnicy Base System chcieliby jak najszybciej zapomnieć. Stracili bowiem w tym czasie 14 bramek nie strzelając żadnej. Mecz zakończył się wynikiem 18:4 dla drużyny Koko Bis.', 'Morawica, number, System, Remisuje, BisDolce, lepiej, wicemistrzów, ciągle, mało\r\nW, ostatniej, kolejce, Kaprin, Futsal, League, wygrało, aktualnym, mistrzem, drużyną, Szkoły, Języków, Obcych, objęło, prowadzenie, rozgrywkach, Morawica, zajmowało, poniedziałkowym, meczem, miejsce, stratą, Można, spodziewać, pojedynek, drużyn, będzie, bardzo, zacięty, będzie, miało, ciężar, gatunkowy, stało, zespoły, zagrały, bardzo, wysokim, poziomie, prezentując, nieprzeciętne, umiejętności, piłkarskie, Pierwsze, trwała, zacięta, całej, długości, szerokości, boiska, Każdy, zawodników, swojego, plastra, którego, ciężko, uwolnić, drużyny, grały, bardzo, rozważnie, popełnić, błędu, swoich, strefach, obronnych, zawodnicy, bardzo, agresywnie, dopuszczając, swoich, przeciwników, sytuacji, strzeleckich, Pierwszą, skuteczną, akcję, wyprowadzili, zawodnicy, Morawica, przejęciu, piłki, strefie, obronnej, zagraniu, skrzydło, Pawła, Sawczuka, który, pierwszej, piłki, zagrał, dalszy, słupek, bramki, strzałem, wykończył, Tomasz, Kmiecik, dalszym, ciągu, trwała, całym, boisku, zmieniały, kalejdoskopie, Oglądaliśmy, pierwszej, piłki, strzałów, efektownych, bramkarskich, stronach, minucie, Daniel, Mroziński, faulowany, karnym, sędzia, wskazał, Skutecznym, egzekutorem, okazał, Dariusz, który, podwyższył, spotkania, 2:0Pierwsza, połowa, zakończyła, wynikiem, Podrażnieni, obrotem, sprawy, Trzebinianie, zaatakowali, połowy, większym, rozmachem, chcąc, szybko, zmniejszyć, prowadzenie, drużyny, Niestety, bardzo, dobrze, grała, obrona, srebrnych, medalistów, poprzedniego, sezonu, która, dopuszczała, pozycji, strzeleckich, minucie, nastąpiła, ponowna, kontra, drużyny, którą, skutecznie, zakończył, Tomasz, Kmiecik, momencie, wszyscy, myśleli, najskuteczniejszy, zawodnik, Paweł, Piskosz, wymanewrował, obronę, przeciwników, zdobył, pierwszą, bramkę, minucie, zdobyciu, Trzebinianie, ruszyli, odrabiania, stwarzając, sytuacje, strzeleckie, bramką, Tomasza, Wróbla, wydawało, bramka, powietrzu, kardynalny, błąd, popełnił, obrońców, który, zaczął, kiwać, Paweł, Sawczuk, wykorzystał, sytuację, odebrał, piłkę, obrońcy, dograł, Mateusza, Marszałka, który, podwyższył, sprawę, wziął, Tomasz, Witkowski, najlepszych, zawodników, przeprowadził, bardzo, ładne, których, zakręcił, obroną, wywalczył, Następnie, skutecznie, wykonał, jednak, szczęście, odwróciło, ponieważ, strzelał, drugiego, karnego, przedłużonego, spudłował, minucie, kolejny, przedłużony, drużyny, obrona, Tomasza, WróblaKońcowy, Morawica, zmiana, lidera, Morawica, number, oneMnie, osobiście, podczas, przypomniały, wspaniałe, Krzeszowicach, grała, Polskiej, Ekstraklasie, Futsalu, drużyna, GaszyńskichTakich, meczów, pomiędzy, Morawica, chciało, oglądać, więcej, naprawdę, patrzyć\r\nW, drugim, pewnie, pokonał, drużynę, 9:2Mimo, porażki, młodzi, zawodnicy, muszą, wstydzić, zagrali, kolejne, bardzo, spotkanie, jednak, wicemistrzów, poprzedniego, sezonu, ciągle, mało\r\nRemis, drużyny, System, minucie, sporym, zaskoczeniem, kibiców, samych, zawodników, Trzebini, Jednak, póżniej, okazało, słabości, następnych, minutach, młodzi, zawodnicy, System, chcieliby, najszybciej, zapomnieć, Stracili, bowiem, czasie, bramek, strzelając, żadnej, zakończył, wynikiem, drużyny'),
	(1637, 'pl', 'Mecz w wąchocku', 'Zbiórka 15.30', 'Zbiórka'),
	(1638, 'pl', 'Mecz w honolulu', 'Gramy panowie za niedlugo', 'panowie, niedlugo'),
	(1685, 'pl', 'Nowa strona', 'Witamy na nowej stronie junior&oacute;w starszych Świtu Krzeszowice. Zapraszamy do spaceru po stronie.&nbsp;', 'Witamy, stronie, junior&oacute;w, starszych, Świtu, Krzeszowice, Zapraszamy, spaceru, stronie&nbsp;'),
	(1686, 'pl', 'Nowa strona', 'Witamy na nowej stronie junior&oacute;w młodszych Świtu Krzeszowice. Zapraszamy do spaceru po stronie.&nbsp;', 'Witamy, stronie, junior&oacute;w, młodszych, Świtu, Krzeszowice, Zapraszamy, spaceru, stronie&nbsp;'),
	(1687, 'pl', 'Nowa strona', 'Witamy na nowej stronie trampkarzy Świtu Krzeszowice. Zapraszamy do spaceru po stronie.&nbsp;', 'Witamy, stronie, trampkarzy, Świtu, Krzeszowice, Zapraszamy, spaceru, stronie&nbsp;'),
	(1640, 'pl', '', '', ''),
	(1641, 'pl', '', '', ''),
	(1642, 'pl', '', '', ''),
	(1643, 'pl', '', '', ''),
	(1644, 'pl', '', '', ''),
	(1645, 'pl', '', '', ''),
	(1646, 'pl', '', '', ''),
	(1647, 'pl', '', '', ''),
	(1648, 'pl', '', '', ''),
	(1649, 'pl', '', '', ''),
	(1650, 'pl', '', '', ''),
	(1651, 'pl', '', '', ''),
	(1652, 'pl', '', '', ''),
	(1653, 'pl', '', '', ''),
	(1654, 'pl', '', '', ''),
	(1655, 'pl', '', '', ''),
	(1656, 'pl', 'Testowa galeria', 'To jest nasza testowa galeria', 'testowa, galeria'),
	(1657, 'pl', 'Druga galeria', 'To jest druga galeria', 'galeria'),
	(1658, 'pl', 'O nas', 'GMINNY KLUB SPORTOWY ŚWIT KRZESZOWICE\r\n&nbsp;\r\nRok założenia: 1923 r.\r\nBarwy klubowe: biało - niebieskie\r\nStadion: pojemność 1500 miejsc', 'GMINNY, SPORTOWY, KRZESZOWICE\r\n&nbsp;\r\nRok, założenia:, r\r\nBarwy, klubowe:, biało, niebieskie\r\nStadion:, pojemność, miejsc'),
	(1688, 'pl', 'Nowa strona', 'Witamy na nowej stronie młodzik&oacute;w Świtu Krzeszowice. Zapraszamy do spaceru po stronie.&nbsp;', 'Witamy, stronie, młodzik&oacute;w, Świtu, Krzeszowice, Zapraszamy, spaceru, stronie&nbsp;'),
	(1689, 'pl', 'Nowa strona', 'Witamy na nowej stronie orlik&oacute;w Świtu Krzeszowice. Zapraszamy do spaceru po stronie.&nbsp;', 'Witamy, stronie, orlik&oacute;w, Świtu, Krzeszowice, Zapraszamy, spaceru, stronie&nbsp;'),
	(1659, 'pl', 'Nabór', 'Lorem ipsum dolor sit amet, consectetur adipiscing elit, sed do eiusmod tempor incididunt ut labore et dolore magna aliqua. Ut enim ad minim veniam, quis nostrud exercitation ullamco laboris nisi ut aliquip ex ea commodo consequat. Duis aute irure dolor in reprehenderit in voluptate velit esse cillum dolore eu fugiat nulla pariatur. Excepteur sint occaecat cupidatat non proident, sunt in culpa qui officia deserunt mollit anim id est laborum.', 'consectetur, adipiscing, eiusmod, tempor, incididunt, labore, dolore, aliqua, veniam, nostrud, exercitation, ullamco, laboris, aliquip, commodo, consequat, reprehenderit, voluptate, cillum, dolore, fugiat, pariatur, Excepteur, occaecat, cupidatat, proident, officia, deserunt, mollit, laborum'),
	(1660, 'pl', '', '', ''),
	(1661, 'pl', '', '', ''),
	(1662, 'pl', '', '', ''),
	(1663, 'pl', '', '', ''),
	(1664, 'pl', '', '', ''),
	(1665, 'pl', '', '', ''),
	(1666, 'pl', '', '', ''),
	(1667, 'pl', '', '', ''),
	(1668, 'pl', '', '', ''),
	(1669, 'pl', '', '', ''),
	(1670, 'pl', '', '', ''),
	(1671, 'pl', '', '', ''),
	(1672, 'pl', '', '', ''),
	(1673, 'pl', '', '', ''),
	(1674, 'pl', '', '', ''),
	(1675, 'pl', '', '', ''),
	(1676, 'pl', 'Testowy film', 'Lorem ipsum&nbsp;Lorem ipsum&nbsp;Lorem ipsum', 'ipsum&nbsp;Lorem, ipsum&nbsp;Lorem'),
	(1684, 'pl', 'Nowa strona', 'Witamy na nowej stronie Świtu Krzeszowice. Zapraszamy do spaceru po stronie.&nbsp;', 'Witamy, stronie, Świtu, Krzeszowice, Zapraszamy, spaceru, stronie&nbsp;'),
	(1690, 'pl', 'Rimix', '', ''),
	(1679, 'pl', 'Banner 2', '', ''),
	(1680, 'pl', 'Dla mediów', 'Strona w budowie', 'Strona, budowie'),
	(1681, 'pl', 'Galeria juniorow', 'Galeria juniorow', 'Galeria, juniorow'),
	(1682, 'pl', 'Archiwalne zdjęcia', '', ''),
	(1683, 'pl', 'Testowa', '', ''),
	(1691, 'pl', 'Dormed', '', ''),
	(1692, 'pl', 'KPiD', '', ''),
	(1693, 'pl', 'ZSP Krzeszowice', '', '');
/*!40000 ALTER TABLE `default_metatag_translation` ENABLE KEYS */;


-- Zrzut struktury tabela ral.default_photo_dimensions
CREATE TABLE IF NOT EXISTS `default_photo_dimensions` (
  `id` varchar(255) NOT NULL DEFAULT '',
  `width` bigint(20) DEFAULT NULL,
  `height` bigint(20) DEFAULT NULL,
  PRIMARY KEY (`id`)
) ENGINE=MyISAM DEFAULT CHARSET=utf8;

-- Zrzucanie danych dla tabeli ral.default_photo_dimensions: 12 rows
DELETE FROM `default_photo_dimensions`;
/*!40000 ALTER TABLE `default_photo_dimensions` DISABLE KEYS */;
INSERT INTO `default_photo_dimensions` (`id`, `width`, `height`) VALUES
	('category', NULL, NULL),
	('productmain', 150, 30),
	('product', 300, 250),
	('producer', 150, 100),
	('news', 120, NULL),
	('newsmain', 225, 200),
	('banner', 249, NULL),
	('slider', 1100, 400),
	('page', 160, 100),
	('gallery', 160, 100),
	('sponsor', 249, NULL),
	('sponsorsmall', 185, NULL);
/*!40000 ALTER TABLE `default_photo_dimensions` ENABLE KEYS */;


-- Zrzut struktury tabela ral.default_province
CREATE TABLE IF NOT EXISTS `default_province` (
  `id` int(11) NOT NULL AUTO_INCREMENT,
  `name` varchar(255) DEFAULT NULL,
  PRIMARY KEY (`id`)
) ENGINE=MyISAM AUTO_INCREMENT=17 DEFAULT CHARSET=utf8;

-- Zrzucanie danych dla tabeli ral.default_province: 16 rows
DELETE FROM `default_province`;
/*!40000 ALTER TABLE `default_province` DISABLE KEYS */;
INSERT INTO `default_province` (`id`, `name`) VALUES
	(1, 'dolnoĹlÄskie'),
	(2, 'kujawsko-pomorskie'),
	(3, 'lubelskie'),
	(4, 'lubuskie'),
	(5, 'ĹĂłdzkie'),
	(6, 'maĹopolskie'),
	(7, 'mazowieckie'),
	(8, 'opolskie'),
	(9, 'podkarpackie'),
	(10, 'podlaskie'),
	(11, 'pomorskie'),
	(12, 'ĹlÄskie'),
	(13, 'ĹwiÄtokrzyskie'),
	(14, 'warmiĹsko-mazurskie'),
	(15, 'wielkopolskie'),
	(16, 'zachodniopomorskie');
/*!40000 ALTER TABLE `default_province` ENABLE KEYS */;


-- Zrzut struktury tabela ral.default_service
CREATE TABLE IF NOT EXISTS `default_service` (
  `id` int(11) DEFAULT NULL,
  `name` char(50) COLLATE utf8_bin DEFAULT NULL,
  `email` char(50) COLLATE utf8_bin DEFAULT NULL,
  `phone` char(50) COLLATE utf8_bin DEFAULT NULL,
  `address` char(50) COLLATE utf8_bin DEFAULT NULL,
  `opening` char(50) COLLATE utf8_bin DEFAULT NULL
) ENGINE=InnoDB DEFAULT CHARSET=utf8 COLLATE=utf8_bin;

-- Zrzucanie danych dla tabeli ral.default_service: ~0 rows (około)
DELETE FROM `default_service`;
/*!40000 ALTER TABLE `default_service` DISABLE KEYS */;
/*!40000 ALTER TABLE `default_service` ENABLE KEYS */;


-- Zrzut struktury tabela ral.default_setting
CREATE TABLE IF NOT EXISTS `default_setting` (
  `id` varchar(255) NOT NULL DEFAULT '',
  `value` text,
  PRIMARY KEY (`id`)
) ENGINE=MyISAM DEFAULT CHARSET=utf8;

-- Zrzucanie danych dla tabeli ral.default_setting: 25 rows
DELETE FROM `default_setting`;
/*!40000 ALTER TABLE `default_setting` DISABLE KEYS */;
INSERT INTO `default_setting` (`id`, `value`) VALUES
	('contact_email', 'biuro@switkrzeszowice.pl'),
	('address', 'Pl.Kulczyckiego 2'),
	('city', 'Krzeszowice'),
	('province', 'Małopolskie'),
	('postal_code', '32-065'),
	('phone', '12 282 09 25'),
	('facebook_url', 'http://facebook.com/nazwa_konta'),
	('youtube_url', 'http://youtube.com/nazwa.konta'),
	('twitter_url', 'http://twitter.com/nazwa.konta'),
	('googleplus_url', 'http://googleplus.com/nazwa.konta'),
	('juniorzy_starsi_trener', 'Kazimierz Śliwiński'),
	('juniorzy_starsi_trener_telefon', '12 282 09 25'),
	('juniorzy_mlodsi_trener_telefon', '503 303 726'),
	('juniorzy_mlodsi_trener', 'Janusz Pudełko'),
	('trampkarze_trener', 'Tomasz Masłowski'),
	('trampkarze_trener_telefon', '12 282 09 25'),
	('mlodzicy_trener', 'Aleksander Wiatr'),
	('mlodzicy_trener_telefon', '517753054'),
	('orliki_trener', 'Krystian Kowalczyk'),
	('orliki_trener_telefon', '12 282 09 25'),
	('juniorzy_starsi_trener_mail', 'juniorzystarsi@switkrzeszowice.pl'),
	('juniorzy_mlodsi_trener_mail', 'juniorzymlodsi@switkrzeszowice.pl'),
	('trampkarze_trener_mail', 'trampkarze@switkrzeszowice.pl'),
	('mlodzicy_trener_mail', 'mlodzicy@switkrzeszowice.pl'),
	('orliki_trener_mail', 'orliki@switkrzeszowice.pl');
/*!40000 ALTER TABLE `default_setting` ENABLE KEYS */;


-- Zrzut struktury tabela ral.default_tag
CREATE TABLE IF NOT EXISTS `default_tag` (
  `id` int(11) NOT NULL AUTO_INCREMENT,
  `name` varchar(255) DEFAULT NULL,
  `slug` varchar(255) DEFAULT NULL,
  PRIMARY KEY (`id`)
) ENGINE=MyISAM DEFAULT CHARSET=utf8;

-- Zrzucanie danych dla tabeli ral.default_tag: 0 rows
DELETE FROM `default_tag`;
/*!40000 ALTER TABLE `default_tag` DISABLE KEYS */;
/*!40000 ALTER TABLE `default_tag` ENABLE KEYS */;


-- Zrzut struktury tabela ral.default_tag_translation
CREATE TABLE IF NOT EXISTS `default_tag_translation` (
  `id` int(11) NOT NULL AUTO_INCREMENT,
  `lang` varchar(64) NOT NULL DEFAULT '',
  `name` varchar(255) DEFAULT NULL,
  `slug` varchar(255) DEFAULT NULL,
  PRIMARY KEY (`id`,`lang`)
) ENGINE=MyISAM DEFAULT CHARSET=utf8;

-- Zrzucanie danych dla tabeli ral.default_tag_translation: 0 rows
DELETE FROM `default_tag_translation`;
/*!40000 ALTER TABLE `default_tag_translation` DISABLE KEYS */;
/*!40000 ALTER TABLE `default_tag_translation` ENABLE KEYS */;


-- Zrzut struktury tabela ral.district_attraction
CREATE TABLE IF NOT EXISTS `district_attraction` (
  `id` int(11) NOT NULL AUTO_INCREMENT,
  `user_id` int(11) DEFAULT NULL,
  `last_user_id` int(11) DEFAULT NULL,
  `gallery` tinyint(1) DEFAULT '0',
  `publish` tinyint(1) DEFAULT '1',
  `publish_date` datetime DEFAULT NULL,
  `photo_root_id` int(11) DEFAULT NULL,
  `metatag_id` int(11) DEFAULT NULL,
  `video_root_id` int(11) DEFAULT NULL,
  `created_at` datetime NOT NULL,
  `updated_at` datetime NOT NULL,
  `deleted_at` datetime DEFAULT NULL,
  PRIMARY KEY (`id`),
  KEY `photo_root_id_idx` (`photo_root_id`),
  KEY `video_root_id_idx` (`video_root_id`),
  KEY `metatag_id_idx` (`metatag_id`),
  KEY `user_id_idx` (`user_id`),
  KEY `last_user_id_idx` (`last_user_id`)
) ENGINE=MyISAM DEFAULT CHARSET=utf8;

-- Zrzucanie danych dla tabeli ral.district_attraction: 0 rows
DELETE FROM `district_attraction`;
/*!40000 ALTER TABLE `district_attraction` DISABLE KEYS */;
/*!40000 ALTER TABLE `district_attraction` ENABLE KEYS */;


-- Zrzut struktury tabela ral.district_attraction_translation
CREATE TABLE IF NOT EXISTS `district_attraction_translation` (
  `id` int(11) NOT NULL DEFAULT '0',
  `title` varchar(255) DEFAULT NULL,
  `slug` varchar(255) DEFAULT NULL,
  `content` longtext,
  `lang` char(2) NOT NULL DEFAULT '',
  PRIMARY KEY (`id`,`lang`)
) ENGINE=MyISAM DEFAULT CHARSET=utf8;

-- Zrzucanie danych dla tabeli ral.district_attraction_translation: 0 rows
DELETE FROM `district_attraction_translation`;
/*!40000 ALTER TABLE `district_attraction_translation` DISABLE KEYS */;
/*!40000 ALTER TABLE `district_attraction_translation` ENABLE KEYS */;


-- Zrzut struktury tabela ral.district_event
CREATE TABLE IF NOT EXISTS `district_event` (
  `id` int(11) NOT NULL AUTO_INCREMENT,
  `user_id` int(11) DEFAULT NULL,
  `last_user_id` int(11) DEFAULT NULL,
  `publish` tinyint(1) DEFAULT '1',
  `publish_date` datetime DEFAULT NULL,
  `photo_root_id` int(11) DEFAULT NULL,
  `metatag_id` int(11) DEFAULT NULL,
  `video_root_id` int(11) DEFAULT NULL,
  `url` varchar(255) DEFAULT NULL,
  `created_at` datetime NOT NULL,
  `updated_at` datetime NOT NULL,
  `deleted_at` datetime DEFAULT NULL,
  PRIMARY KEY (`id`),
  KEY `photo_root_id_idx` (`photo_root_id`),
  KEY `video_root_id_idx` (`video_root_id`),
  KEY `metatag_id_idx` (`metatag_id`),
  KEY `user_id_idx` (`user_id`),
  KEY `last_user_id_idx` (`last_user_id`)
) ENGINE=MyISAM AUTO_INCREMENT=3 DEFAULT CHARSET=utf8;

-- Zrzucanie danych dla tabeli ral.district_event: 2 rows
DELETE FROM `district_event`;
/*!40000 ALTER TABLE `district_event` DISABLE KEYS */;
INSERT INTO `district_event` (`id`, `user_id`, `last_user_id`, `publish`, `publish_date`, `photo_root_id`, `metatag_id`, `video_root_id`, `url`, `created_at`, `updated_at`, `deleted_at`) VALUES
	(1, 58, 58, 1, '2015-03-28 16:53:00', 9194, 1637, NULL, NULL, '2015-01-29 17:53:31', '2015-01-29 17:53:31', NULL),
	(2, 58, 58, 1, '2015-02-28 00:00:00', 1, 1638, NULL, NULL, '2015-01-29 18:03:34', '2015-01-29 18:03:34', NULL);
/*!40000 ALTER TABLE `district_event` ENABLE KEYS */;


-- Zrzut struktury tabela ral.district_event_translation
CREATE TABLE IF NOT EXISTS `district_event_translation` (
  `id` int(11) NOT NULL DEFAULT '0',
  `title` varchar(255) DEFAULT NULL,
  `slug` varchar(255) DEFAULT NULL,
  `content` longtext,
  `lang` char(2) NOT NULL DEFAULT '',
  PRIMARY KEY (`id`,`lang`)
) ENGINE=MyISAM DEFAULT CHARSET=utf8;

-- Zrzucanie danych dla tabeli ral.district_event_translation: 2 rows
DELETE FROM `district_event_translation`;
/*!40000 ALTER TABLE `district_event_translation` DISABLE KEYS */;
INSERT INTO `district_event_translation` (`id`, `title`, `slug`, `content`, `lang`) VALUES
	(1, 'Mecz w wąchocku', 'mecz-w-wachocku', '<p>Zbiórka 15.30</p>', 'pl'),
	(2, 'Mecz w honolulu', 'mecz-w-honolulu', '<p>Gramy panowie za niedlugo</p>', 'pl');
/*!40000 ALTER TABLE `district_event_translation` ENABLE KEYS */;


-- Zrzut struktury tabela ral.district_people
CREATE TABLE IF NOT EXISTS `district_people` (
  `id` int(11) NOT NULL AUTO_INCREMENT,
  `user_id` int(11) DEFAULT NULL,
  `last_user_id` int(11) DEFAULT NULL,
  `publish` tinyint(1) DEFAULT '1',
  `publish_date` datetime DEFAULT NULL,
  `photo_root_id` int(11) DEFAULT NULL,
  `metatag_id` int(11) DEFAULT NULL,
  `video_root_id` int(11) DEFAULT NULL,
  `created_at` datetime NOT NULL,
  `updated_at` datetime NOT NULL,
  `deleted_at` datetime DEFAULT NULL,
  PRIMARY KEY (`id`),
  KEY `photo_root_id_idx` (`photo_root_id`),
  KEY `video_root_id_idx` (`video_root_id`),
  KEY `metatag_id_idx` (`metatag_id`),
  KEY `user_id_idx` (`user_id`),
  KEY `last_user_id_idx` (`last_user_id`)
) ENGINE=MyISAM DEFAULT CHARSET=utf8;

-- Zrzucanie danych dla tabeli ral.district_people: 0 rows
DELETE FROM `district_people`;
/*!40000 ALTER TABLE `district_people` DISABLE KEYS */;
/*!40000 ALTER TABLE `district_people` ENABLE KEYS */;


-- Zrzut struktury tabela ral.district_people_translation
CREATE TABLE IF NOT EXISTS `district_people_translation` (
  `id` int(11) NOT NULL DEFAULT '0',
  `title` varchar(255) DEFAULT NULL,
  `slug` varchar(255) DEFAULT NULL,
  `content` longtext,
  `lang` char(2) NOT NULL DEFAULT '',
  PRIMARY KEY (`id`,`lang`)
) ENGINE=MyISAM DEFAULT CHARSET=utf8;

-- Zrzucanie danych dla tabeli ral.district_people_translation: 0 rows
DELETE FROM `district_people_translation`;
/*!40000 ALTER TABLE `district_people_translation` DISABLE KEYS */;
/*!40000 ALTER TABLE `district_people_translation` ENABLE KEYS */;


-- Zrzut struktury tabela ral.forum_category
CREATE TABLE IF NOT EXISTS `forum_category` (
  `id` int(11) NOT NULL AUTO_INCREMENT,
  `name` varchar(255) DEFAULT NULL,
  `slug` varchar(255) DEFAULT NULL,
  `description` text,
  `active` tinyint(1) DEFAULT '0',
  `created_at` datetime NOT NULL,
  `updated_at` datetime NOT NULL,
  `deleted_at` datetime DEFAULT NULL,
  PRIMARY KEY (`id`)
) ENGINE=MyISAM AUTO_INCREMENT=6 DEFAULT CHARSET=utf8;

-- Zrzucanie danych dla tabeli ral.forum_category: 5 rows
DELETE FROM `forum_category`;
/*!40000 ALTER TABLE `forum_category` DISABLE KEYS */;
INSERT INTO `forum_category` (`id`, `name`, `slug`, `description`, `active`, `created_at`, `updated_at`, `deleted_at`) VALUES
	(1, 'Ogólne', 'ogolne', 'O grze', 1, '0000-00-00 00:00:00', '0000-00-00 00:00:00', NULL),
	(2, 'Rajdy towarzyskie', 'rajdy-towarzyskie', 'Tutaj możecie pogadać o rajdach towarzyskich', 1, '0000-00-00 00:00:00', '0000-00-00 00:00:00', NULL),
	(3, 'Pytania', 'pytania', 'Tutaj możecie pytać o wszystko', 1, '0000-00-00 00:00:00', '0000-00-00 00:00:00', NULL),
	(5, 'Off topic', 'off-topic', 'Wszystko co nie zwiazane z gra', 1, '0000-00-00 00:00:00', '0000-00-00 00:00:00', NULL),
	(4, 'Sugestie', 'sugestie', 'Masz pomysł co ulepszyć w grze? Podziel się nim z nami', 1, '0000-00-00 00:00:00', '0000-00-00 00:00:00', NULL);
/*!40000 ALTER TABLE `forum_category` ENABLE KEYS */;


-- Zrzut struktury tabela ral.forum_favourite
CREATE TABLE IF NOT EXISTS `forum_favourite` (
  `id` int(11) NOT NULL AUTO_INCREMENT,
  `user_id` bigint(20) DEFAULT NULL,
  `category_id` bigint(20) DEFAULT NULL,
  `created_at` datetime NOT NULL,
  `updated_at` datetime NOT NULL,
  PRIMARY KEY (`id`),
  KEY `category_id_idx` (`category_id`),
  KEY `forum_favourite_user_id_user_user_id` (`user_id`)
) ENGINE=MyISAM DEFAULT CHARSET=utf8;

-- Zrzucanie danych dla tabeli ral.forum_favourite: 0 rows
DELETE FROM `forum_favourite`;
/*!40000 ALTER TABLE `forum_favourite` DISABLE KEYS */;
/*!40000 ALTER TABLE `forum_favourite` ENABLE KEYS */;


-- Zrzut struktury tabela ral.forum_post
CREATE TABLE IF NOT EXISTS `forum_post` (
  `id` int(11) NOT NULL AUTO_INCREMENT,
  `user_id` int(11) DEFAULT NULL,
  `category_id` int(11) DEFAULT NULL,
  `title` varchar(255) DEFAULT NULL,
  `content` text,
  `active` tinyint(1) NOT NULL DEFAULT '1',
  `thread_id` int(11) DEFAULT NULL,
  `moderator_notes` text,
  `moderator_date` datetime DEFAULT NULL,
  `moderator_name` varchar(255) DEFAULT NULL,
  `created_at` datetime NOT NULL,
  `updated_at` datetime NOT NULL,
  `deleted_at` datetime DEFAULT NULL,
  PRIMARY KEY (`id`),
  KEY `forum_post_user_id_user_user_id` (`user_id`),
  KEY `forum_post_thread_id_forum_thread_id` (`thread_id`),
  KEY `forum_post_category_id_forum_category_id` (`category_id`)
) ENGINE=MyISAM AUTO_INCREMENT=9 DEFAULT CHARSET=utf8;

-- Zrzucanie danych dla tabeli ral.forum_post: 6 rows
DELETE FROM `forum_post`;
/*!40000 ALTER TABLE `forum_post` DISABLE KEYS */;
INSERT INTO `forum_post` (`id`, `user_id`, `category_id`, `title`, `content`, `active`, `thread_id`, `moderator_notes`, `moderator_date`, `moderator_name`, `created_at`, `updated_at`, `deleted_at`) VALUES
	(3, 3, 1, NULL, 'And reply test', 1, 7, NULL, NULL, NULL, '2015-08-30 15:02:39', '2015-08-30 15:02:39', NULL),
	(4, 3, 1, NULL, '[color=&quot;blue&quot;] bbcode test?', 1, 7, NULL, NULL, NULL, '2015-08-30 15:03:15', '2015-08-30 15:03:15', NULL),
	(5, 3, 1, NULL, '&lt;span style=&quot;color: blue&quot;&gt;How about html test?&lt;/span&gt;', 1, 7, NULL, NULL, NULL, '2015-08-30 15:04:03', '2015-08-30 15:04:03', NULL),
	(6, 3, 1, NULL, 'How about extra long message?\r\nWWWWWWWWWWWWWWWWWWWWWWWWWWWWWWWWWWWWWWWWWWWWWWWWWWWWWWWWWWWWWWWWWWWWWWWWWWWWWWWWWWWWWWWWWWWWWWWWWWWWWWWWWWWWWWWWWWWWWWWWWWWWWWWWWWWWWWWWWWWWWWWWWWWWWWWWWWWWWWWWWWWWWWWWWWWWWWWWWWWWWWWWWWWWWWWWWWWWWWWWWWWWWWWWWWWWWWWWWWWWWWWWWWWWWWWWWWWWWWWWWWWWWWWWWWWWWWWWWWWWWWWWWWWWWWWWWWWWWWWWWWWWWWWWWWWWWWWWWWWWWWWWWWWWWWWWWWWWWWWWWWWWWWWWWWWWWWWWWWWWWWWWWWWWWWWWWWWWWWWWWWWWWWWWWWWWWWWWWWWWWWWWWWWWWWWWWWWWWWWWWWWWWWWWWWWWWWWWWWWWWWWWWWWWWWWWWWWWWWWWWWWWWWWWWWWWWWWWWWWWWWWWWWWWWWWWWWWWWWWWWWWWWWWWWWWW\r\nWWWWWWWWWWWWWWWWWWWWWWWWWWWWWWWWWWWWWWWWWWWWWWWWWWWWWWWWWWWWWWWWWWWWWWWWWWWWWWWWWWWWWWWWWWWWWWWWWWWWWWWWWWWWWWWWWWWWWWWWWWWWWWWWWWWWWWWWWWWWWWWWWWWWWWWWWWWWWWWWWWWWWWWWWWWWWWWWWWWWWWWWWWWWWWWWWWWWWWWWWWWWWWWWWWWWWWWWWWWWWWWWWWWWWWWWWWWWWWWWWWWWWWWWWWWWWWWWWWWWWWWWWWWWWWWWWWWWWWWWWWWWWWWWWWWWWWWWWWWWWWWWWWWWWWWWWWWWWWWWWWWWWWWWWWWWWWWWWWWWWWWWWWWWWWWWWWWWWWWWWWWWWWWWWWWWWWWWWWWWWWWWWWWWWWWWWWWWWWWWWWWWWWWWWWWWWWWWWWWWWWWWWWWWWWWWWWWWWWWWWWWWWWWWWWWWWWWWWWWWWWWWWWWWWWWWWWWWWWWWWWWWWWWWWWWW\r\n\r\n\r\nWWWWWWWWWWWWWWWWWWWWWWWWWWWWWWWWWWWWWWWWWWWWWWWWWWWWWWWWWWWWWWWWWWWWWWWWWWWWWWWWWWWWWWWWWWWWWWWWWWWWWWWWWWWWWWWWWWWWWWWWWWWWWWWWWWWWWWWWWWWWWWWWWWWWWWWWWWWWWWWWWWWWWWWWWWWWWWWWWWWWWWWWWWWWWWWWWWWWWWWWWWWWWWWWWWWWWWWWWWWWWWWWWWWWWWWWWWWWWWWWWWWWWWWWWWWWWWWWWWWWWWWWWWWWWWWWWWWWWWWWWWWWWWWWWWWWWWWWWWWWWWWWWWWWWWWWWWWWWWWWWWWWWWWWWWWWWWWWWWWWWWWWWWWWWWWWWWWWWWWWWWWWWWWWWWWWWWWWWWWWWWWWWWWWWWWWWWWWWWWWWWWWWWWWWWWWWWWWWWWWWWWWWWWWWWWWWWWWWWWWWWWWWWWWWWWWWWWWWWWWWWWWWWWWWWWWWWWWWWWWWWWWWWWWWWWW\r\nWWWWWWWWWWWWWWWWWWWWWWWWWWWWWWWWWWWWWWWWWWWWWWWWWWWWWWWWWWWWWWWWWWWWWWWWWWWWWWWWWWWWWWWWWWWWWWWWWWWWWWWWWWWWWWWWWWWWWWWWWWWWWWWWWWWWWWWWWWWWWWWWWWWWWWWWWWWWWWWWWWWWWWWWWWWWWWWWWWWWWWWWWWWWWWWWWWWWWWWWWWWWWWWWWWWWWWWWWWWWWWWWWWWWWWWWWWWWWWWWWWWWWWWWWWWWWWWWWWWWWWWWWWWWWWWWWWWWWWWWWWWWWWWWWWWWWWWWWWWWWWWWWWWWWWWWWWWWWWWWWWWWWWWWWWWWWWWWWWWWWWWWWWWWWWWWWWWWWWWWWWWWWWWWWWWWWWWWWWWWWWWWWWWWWWWWWWWWWWWWWWWWWWWWWWWWWWWWWWWWWWWWWWWWWWWWWWWWWWWWWWWWWWWWWWWWWWWWWWWWWWWWWWWWWWWWWWWWWWWWWWWWWWWWWWWW', 1, 7, NULL, NULL, NULL, '2015-08-30 15:07:32', '2015-08-30 15:07:32', NULL),
	(7, 3, 1, NULL, 'Gotcha. \r\nHow about difficult symbols?\r\n ① ② ③ ④ ⑤ ⑥ ⑦ ⑧ ⑨ ⑩ ⑪ ⑫ ⑬ ⑭ ⑮ ⑯ ⑰ ⑱ ⑲ ⑳ ⑴ ⑵ ⑶ ⑷ ⑸ ⑹ ⑺ ⑻ ⑼ ⑽ ⑾ ⑿ ⒀ ⒁ ⒂ ⒃ ⒄ ⒅ ⒆ ⒇ ⒈ ⒉ ⒊ ⒋ ⒌ ⒍ ⒎ ⒏ ⒐ ⒑ ⒒ ⒓ ⒔ ⒕ ⒖ ⒗ ⒘ ⒙ ⒚ ⒛ ⒜ ⒝ ⒞ ⒟ ⒠ ⒡ ⒢ ⒣ ⒤ ⒥ ⒦ ⒧ ⒨ ⒩ ⒪ ⒫ ⒬ ⒭ ⒮ ⒯ ⒰ ⒱ ⒲ ⒳ ⒴ ⒵ Ⓐ Ⓑ Ⓒ Ⓓ Ⓔ Ⓕ Ⓖ Ⓗ Ⓘ Ⓙ Ⓚ Ⓛ Ⓜ Ⓝ Ⓞ Ⓟ Ⓠ Ⓡ Ⓢ Ⓣ Ⓤ Ⓥ Ⓦ Ⓧ Ⓨ Ⓩ ⓐ ⓑ ⓒ ⓓ ⓔ ⓕ ⓖ ⓗ ⓘ ⓿ ─ ━ │ ┃ ┄ ┅ ┆ ┇ ┈ ┉ ┊ ┋ ┌ ┍ ⓙ ⓚ ⓛ ⓜ ⓝ ⓞ ⓟ ⓠ ⓡ ⓢ ⓣ ⓤ ⓥ ⓦ ⓧ ⓨ ⓩ ⓪ ⓫ ⓬ ⓭ ⓮ ⓯ ⓰ ⓱ ⓲ ⓳ ⓴ ┎ ┏ ┐ ┑ ┒ ┓ └ ┕ ┖ ┗ ┘ ┙ ┚ ┛ ├ ┝ ┞ ┟ ┠ ┡ ┢ ┣ ┤ ┥ ┦ ┧ ┨ ┩ ┪ ┫ ┬ ┭ ┮ ┯ ┰ ┱ ┲ ┳ ┴ ┵ ┶ ┷ ┸ ┹ ┺ ┻ ┼ ┽ ┾ ┿ ╀ ╁ ╂ ╃ ╄ ╅ ╆ ╇ ╈ ╉ ╊ ╋ ╌ ╍ ╎ ╏ ═ ║ ╒ ╓ ╔ ╕ ╖ ╗ ╘ ╙ ╚ ╛ ╜ ╝ ╞ ╟ ╠ ╡ ╢ ╣ ╤ ╥ ╦ ╧ ╨ ╩ ╪ ╫ ╬ ╭ ╮ ╯ ╰ ╱ ╲ ╳ ╴ ╵ ╶ ╷ ╸ ╹ ╺ ╻ ╼ ╽ ╾ ╿ ▀ ▁ ▂ ▃ ▄ ▅ ▆ ▇ █ ▉ ▊ ▋ ▌ ▍ ▎ ▏ ▐ ░ ▒ ▓ ▔ ▕ ▖ ▗ ▘ ▙ ▚ ▛ ▜ ▝ ▞ ▟ ■ □ ▢ ▣ ▤ ▥ ▦ ▧ ▨ ▩ ▪ ▫ ▬ ▭ ▮ ▯ ▰ ▱ ▲ △ ▴ ▵ ▶ ▷ ▸ ▹ ► ▻ ▼ ▽ ▾ ▿ ◀ ◁ ◂ ◃ ◄ ◅ ◆ ◇ ◈ ◉ ◊ ○ ◌ ◍ ◎ ● ◐ ◑ ◒ ◓ ◔ ◕ ◖ ◗ ◘ ◙ ◚ ◛ ◜ ◝ ◞ ◟ ◠ ◡ ◢ ◣ ◤ ◥ ◦ ◧ ◨ ◩ ◪ ◫ ◬ ◭ ◮ ◯ ◰ ◱ ◲ ◳ ◴ ◵ ◶ ◷ ◸ ◹ ◺ ◻ ◼ ◽ ◾ ◿ ☀ ☁ ☂ ☃ ☄ ★ ☆ ☇ ☈ ☉ ☊ ☋ ☌ ☍ ☎ ☏ ☐ ☑ ☒ ☓ ☔ ☕ ☖ ☗ ☘ ☙ ☚ ☛ ☜ ☝ ☞ ☟ ☠ ☡ ☢ ☣ ☤ ☥ ☦ ☧ ☨ ☩ ☪ ☫ ☬ ☭ ☮ ☯ ☰ ☱ ☲ ☳ ☴ ☵ ☶ ☷ ⚠ ⚡ ⚢ ⚣ ⚤ ⚥ ⚦ ⚧ ⚨ ⚩ ⚪ ⚫ ♮ ♯ ♰ ♱ ♲ ♳ ♴ ♵ ♶ ♷ ♸ ♹ ♺ ♻ ♼ ♽ ♾ ♿ ⚀ ⚁ ⚂ ⚃ ⚄ ⚅ ⚆ ⚇ ⚈ ⚉ ⚊ ⚋ ⚌ ⚍ ⚎ ⚏ ⚐ ⚑ ⚒ ⚓ ⚔ ⚕ ⚖ ⚗ ⚘ ⚙ ⚚ ⚛ ⚜ ⚬ ⚭ ⚮ ⚯ ⚰ ⚱ ⚲ ⚳ ⚴ ⚵ ⚶ ⚷ ⚸ ✁ ✂ ✃ ✄ ✆ ✇ ✈ ✉ ✌ ✍ ✎ ✏ ✐ ✑ ✒ ✓ ✔ ✕ ✖ ✗ ✘ ✙ ✚ ✛ ✜ ✝ ✞ ✟ ✠ ✡ ✢ ✣ ✤ ✥ ✦ ✧ ✩ ✪ ✫ ✬ ✭ ✮ ✯ ✰ ✱ ✲ ✳ ✴ ✵ ✶ ✷ ✸ ✹ ✺ ✻ ✼ ✽ ✾ ✿ ❀ ❁ ❂ ❃ ❄ ❅ ❆ ❇ ❈ ❉ ❊ ❋ ❍ ❏ ❐ ❑ ❒ ❖ ❡ ❢ ❣ ❤ ❥ ❦ ❧ ❨ ❩ ❪ ❫ ❬ ❭ ❮ ❯ ❰ ❱ ❲ ❳ ❴ ❵ ❶ ❷ ❸ ❹ ❺ ❻ ❼ ❽ ❾ ❿ ➀ ➁ ➂ ➃ ➄ ➅ ➆ ➇ ➈ ❘ ❙ ❚ ❛ ❜ ❝ ❞ ➱ ➲ ➳ ➴ ➵ ➶ ➷ ➸ ➘ ➙ ➚ ➛ ➜ ➝ ➞ ➟ ➠ ➡ ➢ ➣ ➤ ➥ ➦ ➧ ➨ ➩ ➪ ➫ ➬ ➭ ➮ ➯ ➉ ➊ ➋ ➌ ➍ ➎ ➏ ➐ ➑ ➒ ➓ ➔ ➹ ➺ ➻ ➼ ➽ ➾ ➿ ⟅ ⟆ ⟠ ⟡ ⟦ ⟧ ⟨ ⟩ ⟪ ⟫ ⟰ ⟱ ⟲ ⟳ ⟴ ⟵ ൠ ൡ ᐁ ᐂ ᐃ ᐄ ᐅ ອ ຮ ຯ ະ ັ າ ຳ ິ ີ ຶ ື ຸ ູ ᐆ ᐇ ᐈ ᐉ ᐊ ᐋ ᐌ ᐍ ᐎ ᐏ ᐐ ᐑ ᐒ ᐓ ᐔ ᐕ ᐖ ᐗ ᐘ ᐙ ᐚ ᐛ ᐜ ᐝ ᐞ ᐟ ᐠ ᐡ ᐢ ᐣ ᐤ ᐥ ᐦ ᐧ ᐨ ᐩ ᐪ ᐫ ᐬ ᐭ ᐮ ᐯ ᐰ ᐱ ᐲ ᐳ ᐴ ᐵ ᐶ ᐷ ᐸ ᐹ ᐺ ᐻ ᐼ ᐽ ᐾ ᐿ ᑀ ᑁ ᑂ ᑃ ᑄ ᑅ ᑆ ᑇ ᑈ ᑉ ᑊ ᑋ ᑌ ᑍ ᑎ ᑏ ᑐ ᑑ ᑒ ᑓ ᑔ ᑕ ᑖ ᑗ ᑘ ᑙ ᑚ ᑛ ᑜ ᑝ ᑞ ᑟ ᑠ ᑡ ᑢ ᑣ ᑤ ᑥ ᑦ ᑧ ᑨ ᑩ ᑪ ᑫ ᑬ ᑭ ᑮ ᑯ ᑰ ᑱ ᑲ ᑳ ᑴ ᑵ ᑶ ᑷ ᑸ ᑹ ᑺ ᑻ ᑼ ᑽ ᑾ ᑿ ᒀ ᒁ ᒂ ᒃ ᒄ ᒅ ᒆ ᒇ ᒈ ᒉ ᒊ ᒋ ᒌ ᒍ ᒎ ᒏ ᒐ ᒑ ᒒ ᒓ ᒔ ᒕ ᒖ ᒗ ᒘ ᒙ ᒚ ᒛ ᒜ ᒝ ᒞ ᒟ ᒠ ᒡ ᒢ ᒣ ᒤ ᒥ ᒦ ᒧ ᒨ ᒩ ᒪ ᒫ ᒬ ᒭ ᒮ ᒯ ᒰ ᒱ ᒲ ᒳ ᒴ ᒵ ᒶ ᒷ ᒸ ᒹ ᒺ ᓀ ᓁ ᓂ ᓃ ᓄ ᓅ ᓆ ᓇ ᓈ ᓉ ᓊ ᓋ ᓌ ᓍ ᓎ ᓏ ᓐ ᓑ ᓒ ᓓ ᓔ ᓕ ᓖ ᓗ ᓘ ᓙ ᓚ ᓛ ᓜ ᓝ ᓞ ᓟ ᓠ ᓡ ᓢ ᓣ ᓤ ᓥ ᓦ ᓧ ᓨ ᓩ ᓶ ᓷ ᓸ ᓹ ᓺ ᓻ ᓼ ᓽ ᓾ ᓿ ᔀ ᔁ ᔂ ᔃ ᔄ ᔅ ᔆ ᔇ ᔐ ᔑ ᔒ ᔓ ᔔ ᔕ ᔖ ᔗ ᔘ ᔙ ᔚ ᔛ ᔜ ᔝ ᔞ ᔟ ᔠ ᔡ ᔢ ᔣ ᔤ ᔥ ᔦ ᔧ ᔨ ᔩ ᔪ ᔫ ᔬ ᔭ ᔮ ᔯ ᔰ ᔱ ᔲ ᔳ ᔴ ᔵ ᔶ ᔷ ᔸ ᔹ ᔺ ᔻ ᔼ ᔽ ᔾ ᕒ ᕓ ᕔ ᕕ ᕖ ᕗ ᕘ ᕙ ᕚ ᕛ ᕜ ᕝ ᕞ ᕟ ᕠ ᕡ ᕢ ᕣ ᕤ ᕥ ᕦ ᕧ ᕨ ᕩ ᕪ ᕀ ᕁ ᕂ ᕃ ᕄ ᕅ ᕆ ᕇ ᕈ ᕉ ᕊ ᕋ ᕌ ᕍ ᕎ ᕏ ᕐ ᖊ ᖋ ᖌ ᖍ ᖎ ᖏ ᖐ ᖑ ᖒ ᖓ ᖔ ᖕ ᖖ ᕴ ᕵ ᕶ ᕷ ᕸ ᕹ ᕺ ᕻ ᕼ ᕽ ᕾ ᕿ ᖀ ᖁ ᖂ ᖃ ᖄ ᖅ   ᚁ ᚂ ᚃ ᚄ ᚅ ᚆ ᚇ ᚈ ᚉ ᚊ ᚋ ᚌ ᚍ ᚎ ᚏ ᚐ ᚑ ᚒ ᚓ ᚔ ᙮ ᗡ ᗞ ᖤ ᖥ ᖦ ᖧ ᖨ ᖩ ᖪ ᖫ ᖬ ᖭ ᖮ ᖯ ᖠ ᖡ ᖢ ᖣ ᚕ ᚖ ᚗ ᚘ ᚙ ᚚ ᚛ ᚜ ᴀ ᴁ ᴂ ᴃ ᴄ ᴅ ᴆ ᴇ ᴈ ᴉ ᴊ ᴋ ᴌ ᴍ ᴎ ᴏ ᴐ ᴑ ᴒ ᴓ ᴔ ᴕ ᴖ ᴗ ᴘ ᴙ ᴚ ᴛ ᴜ ᴝ ᴞ ᴟ ᴠ ᴡ ᴢ ᴣ ᴤ ᴥ ᴦ ᴧ ᴨ ᴩ ᴪ ᴫ ᴬ ᴭ ᴮ ᴯ ᴰ ᴱ ᴲ ᴳ ᴴ ᴵ ᴶ ᴷ ᴸ ᴹ ᴺ ᴻ ᴼ ᴽ ᴾ ᴿ ᵀ ᵁ ᵂ ᵃ ᵄ ᵅ ᵆ ᵇ ᵈ ᵉ ᵊ ᵋ ᵌ ᵍ ᵎ ᵏ ᵐ ᵑ ᵒ ᵓ ᵔ ᵕ ᵖ ᵗ ᵘ ᵙ ᵚ ᵛ ᵜ ᵝ ᵞ ᵟ ᵠ ᵡ ᵢ ᵣ ᵤ ᵥ ᵦ ᵧ ᵨ ᵩ ᵪ ᵫ ᵬ ᵭ ᵮ ᵯ ᵰ ᵱ ᵲ ᵳ ᵴ ᵵ ᵶ ᵷ ᵸ ᵹ ᵺ ᵻ ᵼ ᵽ ᵾ ᵿ ᶀ ᶁ ᶂ ᶃ ᶄ ᶅ ᶆ ᶇ ᶈ ᶉ ᶊ ᶋ ᶌ ᶍ ᶎ ᶏ ᶐ ᶑ ᶒ ᶓ ᶔ ᶕ ᶖ ᶗ ᶘ ᶙ ᶚ ᶛ ᶜ ᶝ ᶞ ᶟ ᶠ ᶡ ᶢ ᶣ ᶤ ᶥ ᶦ ᶧ ᶨ ᶩ ᶪ ᶫ ᶬ ᶭ ᶮ ᶯ ᶰ ᶱ ᶲ ᶳ ᶴ ᶵ ᶶ ᶷ ᶸ ᶹ ᶺ ᶻ ᶼ ᶽ ᶾ ᶿ ῲ ῳ ῴ ῶ ῷ Ὸ Ό Ὼ Ώ ῼ ⁕ ⁖ ⁗ ⁘ ⁙ ⁚ ⁛ ⁜ • ‣ ‑ ‒ – — ― ‖ ‗ ‘ ’ ‚ ‛ “ ” „ ‟ † ‡ ‰ ′ ″ ‴ ‵ ‶ ‷ ‸ ‹ › ※ ‼ ‽ ‾ ‿ ⁀ ⁁ ⁂ ⁃ ⁄ ⁅ ⁆ ⁐ ⁑ ₰ ₱ ₲ ₳ ₴ ₵ ⃑ ⃒ ⃓ ⃔ ⃕ ⃖ ⃗ ⃘ ⃙ ⃚ ⃛ ⃜ ⃝ ⃞ ⃟ ⃠ ⃡ ⃢ ⃣ ⃤ ⃥ ⃦ ⃧ ⃨ ⃩ ⃪ ⁰ ⁱ ⁴ ⁵ ⁶ ⁷ ⁸ ⁹ ⁺ ⁻ ⁼ ⁽ ⁾ ⁿ ₀ ₁ ₂ ₃ ₄ ₅ ₆ ₇ ₈ ₉ ₊ ₋ ₌ ₍ ₎ ₐ ₑ ₒ ₓ ₔ ℀ ℁ ℂ ℃ ℄ ℅ ℆ ℇ ℈ ℉ ℊ ℋ ℌ ℍ ℎ ℏ ℐ ℑ ℒ ℓ ℔ ℕ № ℗ ℘ ℙ ℚ ℛ ℜ ℝ ℞ ℟ ℠ ℡ ™ ℣ ℤ ℥ Ω ℧ ℨ ℩ K Å ℬ ℭ ℮ ℯ ℰ ℱ Ⅎ ℳ ℴ ⅓ ⅔ ⅕ ⅖ ⅗ ⅘ ⅙ ⅚ ⅛ ⅜ ⅝ ⅞ ⅟ Ⅰ Ⅱ Ⅲ Ⅳ Ⅴ Ⅵ Ⅶ Ⅷ Ⅸ Ⅹ Ⅺ Ⅻ Ⅼ ℵ ℶ ℷ ℸ ℹ ℺ ℻ ℼ ℽ ℾ ℿ ⅀ ⅁ ⅂ ⅃ ⅄ ⅅ ⅆ ⅇ ⅈ ⅉ ⅊ ⅋ ⅍ ⅎ Ⅽ Ⅾ Ⅿ ⅰ ⅱ ⅲ ⅳ ⅴ ⅵ ⅶ ⅷ ⅸ ⅹ ⅺ ⅻ ⅼ ⅽ ⅾ ⅿ ↀ ↁ ↂ Ↄ ↄ ← ↑ → ↓ ↔ ↕ ↖ ↗ ↘ ↙ ↚ ↛ ↜ ↝ ↞ ↟ ↠ ↡ ↢ ↣ ↤ ↥ ↦ ↧ ↨ ↩ ↪ ↫ ↬ ↭ ↮ ↯ ↰ ↱ ↲ ↳ ↴ ↵ ↶ ↷ ↸ ↹ ↺ ↻ ↼ ↽ ↾ ↿ ⇀ ⇁ ⇂ ⇃ ⇄ ⇅ ⇆ ⇇ ⇈ ⇉ ⇊ ⇋ ⇌ ⇍ ⇎ ⇏ ⇐ ⇑ ⇒ ⇓ ⇔ ⇕ ⇖ ⇗ ⇘ ⇙ ⇚ ⇛ ⇜ ⇝ ⇞ ⇟ ⇠ ⇡ ⇢ ⇣ ⇤ ⇥ ⇦ ⇧ ⇨ ⇩ ⇪ ⇫ ⇬ ⇭ ⇮ ⇯ ⇰ ⇱ ⇲ ⇳ ⇴ ⇵ ⇶ ⇷ ⇸ ⇹ ⇺ ⇻ ⇼ ⇽ ⇾ ⇿ ∀ ∁ ∂ ∃ ∄ ∅ ∆ ∇ ∈ ∉ ∊ ∋ ∌ ∍ ∎ ∏ ∐ ∑ − ∓ ∔ ∕ ∖ ∗ ∘ ∙ √ ∛ ∜ ∝ ∞ ∟ ∠ ∡ ∢ ∣ ∤ ∥ ∦ ∧ ∨ ∩ ∪ ∫ ∬ ∭ ∮ ∯ ∰ ∱ ∲ ∳ ∴ ∵ ∶ ∷ ∸ ∹ ∺ ∻ ∼ ∽ ∾ ∿ ≀ ≁ ≂ ≃ ≄ ≅ ≆ ≇ ≈ ≉ ≊ ≋ ≌ ≍ ≎ ≏ ≐ ≑ ≒ ≓ ≔ ≕ ≖ ≗ ≘ ≙ ≚ ≛ ≜ ≝ ≞ ≟ ≠ ≡ ≢ ≣ ≤ ≥ ≦ ≧ ≨ ≩ ≪ ≫ ≬ ≭ ≮ ≯ ≰ ≱ ≲ ≳ ≴ ≵ ≶ ≷ ≸ ≹ ≺ ≻ ≼ ≽ ≾ ≿ ⊀ ⊁ ⊂ ⊃ ⊄ ⊅ ⊆ ⊇ ⊈ ⊉ ⊊ ⊋ ⊌ ⊍ ⊎ ⊏ ⊐ ⊑ ⊒ ⊓ ⊔ ⊕ ⊖ ⊗ ⊘ ⊙ ⊚ ⊛ ⊜ ⊝ ⊞ ⊟ ⊠ ⊡ ⊢ ⊣ ⊤ ⊥ ⊦ ⊧ ⊨ ⊩ ⊪ ⊫ ⊬ ⊭ ⊮ ⊯ ⊰ ⊱ ⊲ ⊳ ⊴ ⊵ ⊶ ⊷ ⊸ ⊹ ⊺ ⊻ ⊼ ⊽ ⊾ ⊿ ⋀ ⋁ ⋂ ⋃ ⋄ ⋅ ⋆ ⋇ ⋈ ⋉ ⋊ ⋋ ⋌ ⋍ ⋎ ⋏ ⋐ ⋑ ⋒ ⋓ ⋔ ⋕ ⋖ ⋗ ⋘ ⋙ ⋚ ⋛ ⋜ ⋝ ⋞ ⋟ ⋠ ⋡ ⋢ ⋣ ⋤ ⋥ ⋦ ⋧ ⋨ ⋩ ⋪ ⋫ ⋬ ⋭ ⋮ ⋯ ⋰ ⋱ ⋲ ⋳ ⋴ ⋵ ⋶ ⋷ ⋸ ⋹ ⋺ ⋻ ⋼ ⋽ ⋾ ⋿ ⌀ ⌁ ⌂ ⌃ ⌄ ⌅ ⌆ ⌇ ⌈ ⌉ ⌊ ⌋ ⌌ ⌍ ⌎ ⌏ ⌐ ⌑ ⌒ ⌓ ⌔ ⌕ ⌖ ⌗ ⌘ ⌙ ⌚ ⌛ ⌜ ⌝ ⌞ ⌟ ⌠ ⌡ ⌢ ⌣ ⌤ ⌥ ⌦ ⌧ ⏎ ⏏ ⏚ ⏛ ⏜ ⏝ ⍪ ⍫ ⍬ ⍭ ⍮ ⍯ ⍰ ⍱ ⍲ ⍳ ⍴ ⍵ ⍶ ⍷ ⍸ ⍹ ⍺ ⍽ ⎀ ⎁ ⎂ ⎃ ⎇ ⎈ ⎉ ⎊ ⎋ ⎔ ⎕ ⎛ ⎜ ⎝ ⎞ ⎟ ⎠ ⎡ ⎢ ⎣ ⎤ ⎥ ⎦ ⎧ ⎨ ⎩ ⎪ ⎫ ⎬ ⎭ ⎮ ⎯ ⎰ ⎱ ⎲ ⎳ ⎴ ⎵ ⎶ ⎷ ␀ ␁ ␂ ␃ ␄ ␅ ␆ ␇ ␈ ␉ ␊ ␋ ␌ ␍ ␎ ␏ ␐ ␑ ␒ ␓ ⏞ ⏟ ⏠ ⏣ ⏥ ⑀ ⑁ ⑂ ⑃ ⑄ ⑅ ⑆ ⑇ ⑈ ⑉ ␔ ␕ ␖ ␗ ␘ ␙ ␚ ␛ ␜ ␝ ␞ ␟ ␠ ␡ ␢ ␣ ␤ ⟶ ⟷ ⟸ ⟹ ⟺ ⟻ ⟼ ⟽ ⟾ ⟿ ⠀ ⠁ ⠂ ⠃ ⠄ ⠅ ⠆ ⠇ ⠈ ⠉ ⠊ ⠋ ⠌ ⠍ ⠎ ⠏ ⠐ ⠑ ⠒ ⠓ ⠔ ⠕ ⠖ ⠗ ⠘ ⠙ ⠚ ⠛ ⠜ ⠝ ⠞ ⠟ ⠠ ⠡ ⠢ ⠣ ⠤ ⠥ ⠦ ⠧ ⠨ ⠩ ⠪ ⠫ ⠬ ⠭ ⠮ ⠯ ⠰ ⠱ ⠲ ⠳ ⠴ ⠵ ⠶ ⠷ ⠸ ⠹ ⠺ ⠻ ⠼ ⠽ ⠾ ⠿ ⡀ ⡁ ⡂ ⡃ ⡄ ⡅ ⡆ ⡇ ⡈ ⡉ ⡊ ⡋ ⡌ ⡍ ⡎ ⡏ ⡐ ⡑ ⡒ ⡓ ⡔ ⡕ ⡖ ⡗ ⡘ ⡙ ⡚ ⡛ ⡜ ⡝ ⡞ ⡟ ⡠ ⡡ ⡢ ⡣ ⡤ ⡥ ⡦ ⡧ ⡨ ⡩ ⡪ ⡫ ⡬ ⡭ ⡮ ⡯ ⡰ ⡱ ⡲ ⡳ ⡴ ⡵ ⡶ ⡷ ⡸ ⡹ ⡺ ⡻ ⡼ ⡽ ⡾ ⡿ ⢀ ⢁ ⢂ ⢃ ⢄ ⢅ ⢆ ⢇ ⢈ ⢉ ⢊ ⢋ ⢌ ⢍ ⢎ ⢏ ⢐ ⢑ ⢒ ⢓ ⢔ ⢕ ⢖ ⢗ ⢘ ⢙ ⢚ ⢛ ⢜ ⢝ ⢞ ⢟ ⢠ ⢡ ⢢ ⢣ ⢤ ⢥ ⢦ ⢧ ⢨ ⢩ ⢪ ⢫ ⢬ ⢭ ⢮ ⢯ ⢰ ⢱ ⢲ ⢳ ⢴ ⢵ ⢶ ⢷ ⢸ ⢹ ⢺ ⢻ ⢼ ⢽ ⢾ ⢿ ⣀ ⣁ ⣂ ⣃ ⣄ ⣅ ⣆ ⣇ ⣈ ⣉ ⣊ ⣋ ⣌ ⣍ ⣎ ⣏ ⣐ ⣑ ⣒ ⣓ ⣔ ⣕ ⣖ ⣗ ⣘ ⣙ ⣚ ⣛ ⣜ ⣝ ⣞ ⣟ ⣠ ⣡ ⣢ ⣣ ⣤ ⣥ ⣦ ⣧ ⣨ ⣩ ⣪ ⣫ ⣬ ⣭ ⣮ ⣯ ⣰ ⣱ ⣲ ⣳ ⣴ ⣵ ⣶ ⣷ ⣸ ⣹ ⣺ ⣻ ⣼ ⣽ ⣾ ⣿ ⤀ ⤁ ⤂ ⤃ ⤄ ⤅ ⤆ ⤇ ⤈ ⤉ ⤊ ⤋ ⤌ ⤍ ⤎ ⤏ ⤐ ⤑ ⤒ ⤓ ⤔ ⤕ ⤖ ⤗ ⤘ ⤙ ⤚ ⤛ ⤜ ⤝ ⤞ ⤟ ⤠ ⤡ ⦃ ⦄ ⧎ ⧏ ⧐ ⥚ ⥛ ⥜ ⥝ ⥞ ⥟ ⥠ ⥡ ⥢ ⥣ ⥤ ⥥ ⥦ ⥧ ⥨ ⥩ ⥪ ⥫ ⥬ ⥭ ⥮ ⥯ ⥰ ⥱ ⥲ ⥳ ⥴ ⥵ ⥶ ⥷ ⥸ ⥹ ⥺ ⥻ ⥼ ⥽ ⥾ ⥿ ⧑ ⧒ ⧓ ⧔ ⧕ ⧫ ⧺ ⧻ ⧼ ⧽ ⨀ ⨁ ⨂ ⨃ ⨄ ⨅ ⨆ ⨇ ⨈ ⨉ ⨌ ⨍ ⨎ ⨏ ⨐ ⨑ ⨒ ⨓ ⨔ ⨕ ⨖ ⨗ ⨘ ⨙ ⨚ ⨛ ⨜ ⨯ ⪮ ⪯ ⪰ ⪱ ⪲ ⪳ ⪴ ⪵ ⪶ ⪷ ⪸ ⪹ ⪺ ⩽ ⩾ ⩿ ⪀ ⪁ ⪂ ⪃ ⪄ ⪅ ⪆ ⪇ ⪈ ⪉ ⬀ ⬁ ⪊ ⪋ ⪌ ⪍ ⪎ ⪏ ⪐ ⪑ ⪒ ⪓ ⪔ ⪕ ⪖ ⪗ ⪘ ⪙ ⪚ ⪛ ⪜ ⪝ ⪞ ⪟ ⪠ ⭓ ⭔ ⬂ ⬃ ⬄ ⬅ ⬆ ⬇ ⬈ ⬉ ⬊ ⬋ ⬌ ⬍ ⬎ ⬏ ⬐ ⬑ ⬒ ⬓ ⬔ ⬕ ⬖ ⬗ ⬘ ⬙ ⬚ ⬟ ⬠ ⬡ ⬢ ⬣ ⬤ ⫹ ⫺ Ⱳ ⱳ ⱴ Ⱶ ⱶ ⱷ ⱹ ⱺ ⱻ ⱼ ⱽ Ⱡ ⱡ Ɫ Ᵽ Ɽ ⱥ ⱦ Ⱨ ⱨ Ⱪ ⱪ Ⱬ ⱬ Ɑ Ɱ Ɐ ⱱ ⴀ ⴁ ⴂ ⴃ ⴄ ⴅ ⴆ ⴇ ⴈ ⴉ ⴊ ⴋ ⴌ ⴍ ⴎ ⴏ ⴐ ⴑ ⴒ ⴓ ⴔ ⴕ ⴖ ⴗ ⴘ ⴙ ⴚ ⴛ ⴜ ⴝ ⴞ ⴟ ⴠ ⴡ ⴢ ⴣ ⴤ ⴥ ⴰ ⴱ ⴲ ⴳ ⴴ ⴵ ⴶ ⴷ ⴸ ⴹ ⴺ ⴻ ⴼ ⴽ ⴾ ⴿ ⵀ ⵁ ⵂ ⵃ ⵄ ⵅ ⵆ ⵇ ⵈ ⵉ ⵊ ⵋ ⵌ ⵍ ⵎ ⵏ ⵐ ⵑ ⵒ ⵓ ⵔ ⵕ ⵖ ⵗ ⵘ ⵙ ⵚ ⵛ ⵜ ⵝ ⵞ ⵟ ⵠ ⵡ ⵢ ⵣ ⵤ ⵥ ⸢ ⸣ ⸤ ⸥ ⸮ ⸘ ⼂ ⼃ ⼄ ⼅ ⼆ ⼇ ⼈ ⼉ ⼊ ⼋ ⼌ ⼍ ⼎ ⼏ ⼐ ⼑ ⼒ ⼓ ⼔ ⼕ ⼖ ⼗ ⼘ ⼙ ⼚ ⼛ ⼜ ⼝ ⼞ ⼟ ⼭ ⼮ ⼯ ⼰ ⼱ ⼲ ⼺ ⿰ ⿱ ⿲ ⿳ ⿴ ⿵ ⿶ ⿷ ⿸ ⿹ ⿺ ⿻ 〄 々 〆 〇 〉 《 》 「 」 『 』 【 】 〒 〓 〔 〕 〖 〗 〘 〙 〚 〛 〜 〝 〞 〟 〠 〡 〢 〣 〤 〶 〷 〸 〹 〺 〻 〼 〽 〾 〿 ㄛ ㄜ ㄝ ㄞ ㄟ ㄠ ㄡ ㄢ ㄣ ㄤ ㄥ ㄦ ㄧ ㄨ ㄩ ㄪ ㄫ ㄬ ㄅ ㄆ ㄇ ㄈ ㄉ ㄊ ㄋ ㄌ ㄍ ㄎ ㄏ ㄐ ㄑ ㄒ ㄓ ㄔ ㄕ ㄖ ㄗ ㄘ ㄙ ㄚ ㅉ ㅊ ㅋ ㅌ ㅍ ㅎ ㅏ ㅐ ㅑ ㅒ ㅓ ㅔ ㅕ ㅖ ㅗ ㅘ ㅙ ㅚ ㅛ ㅜ ㅝ ㅞ ㅟ ㅠ ㅡ ㅢ ㇀ ㇁ ㇂ ㇃ ㇄ ㇅ ㇆ ㇇ ㇈ ㇉ ㇊ ㇋ ㇌ ㇍ ㇎ ㇏ ㅾ ㅿ ㆀ ㆁ ㆅ ㆆ ㉠ ㉡ ㉢ ㉣ ㉤ ㉥ ㉦ ㉧ ㉨ ㉩ ㉪ ㉫ ㉬ ㉑ ㉒ ㉓ ㉔ ㉕ ㉖ ㉗ ㉘ ㉙ ㉚ ㉛ ㉜ ㉝ ㉞ ㉟ ㊱ ㊲ ㊳ ㊴ ㊵ ㊶ ㊷ ㊸ ㊹ ㊺ ㊻ ㊼ ㊽ ㊾ ㊿ ㊛ ㊜ ㊝ ㊞ ㊟ ㊠ ㊡ ㊢ ㊣ ㊤ ㊥ ㊦ ㊧ ㊨ ㊩ ㊪ ㊫ ㊬ ㊭ ㊮ ㊯ ㊰ ㉭ ㉮ ㉯ ㉰ ㉱ ㉲ ㉳ ㉴ ㉵ ㉶ ㉷ ㉸ ㉹ ㉺ ㉻ ㉿ ㊀ ㊁ ㊂ ㊃ ㊄ ㊅ ㊆ ㊇ ㊈ ㊉ ㊊ ㊋ ㊌ ㊍ ㊎ ㊏ ㊐ ㊑ ㊒ ㊓ ㊔ ㊕ ㊖ ㊗ ㊘ ㊙ ㊚ ㋶ ㋷ ㋸ ㋹ ㋺ ㋻ ㋼ ㋽ ㋾ ㋐ ㋑ ㋒ ㋓ ㋔ ㋕ ㋖ ㋗ ㋘ ㋙ ㋚ ㋛ ㋜ ㋝ ㋞ ㋟ ㋠ ㋡ ㋢ ㋣ ㋤ ㋥ ㋦ ㋧ ㋨ ㋩ ㋪ ㋫ ㋬ ㋭ ㋮ ㋯ ㋰ ㋱ ㋲ ㋳ ㋴ ㋵ ㎀ ㎁ ㎂ ㎃ ㎄ ㎅ ㎆ ㎇ ㎈ ㎉ ㎊ ㎋ ㎌ ㎍ ㎎ ㎏ ㎐ ㎑ ㎒ ㎓ ㎔ ㎕ ㎖ ㎗ ㎘ ㎙ ㎚ ㎛ ㎜ ㎝ ㎞ ㎟ ㎠ ㎡ ㎢ ㎣ ㎤ ㎥ ㎦ ㎧ ㎨ ㎩ ㎪ ㎫ ㎭ ㎮ ㎯ ㎰ ㎱ ㎲ ㎳ ㎴ ㎵ ㎶ ㎷ ㎸ ㎹ ㎺ ㎻ ㎼ ㎽ ㎾ ㎿ ㏀ ㏁ ㏂ ㏃ ㏄ ㏅ ㏆ ㏇ ㏈ ㏉ ㏊ ㏋ ㏌ ㏍ ㏎ ㏏ ㏐ ㏑ ㏒ ㏓ ㏔ ㏕ ㏖ ㏗ 龱 ䷧ ䷨ ䷩ ䷪ ䷫ ䷬ ䷭ ䷮ ䷯ ䷰ ䷱ ䷲ ䷳ ䷴ ䷵ ䷶ ䷷ ䷸ ䷹ ䷺ ䷻ ䷼ ䷽ ䷾ ䷿ ䷀ ䷁ ䷂ ䷃ ䷄ ䷅ ䷆ ䷇ ䷈ ䷉ ䷊ ䷋ ䷌ ䷍ ䷎ ䷏ ䷐ ䷑ ䷒ ䷓ ䷔ ䷕ ䷖ ䷗ ䷘ ䷙ ䷚ ䷛ ䷜ ䷝ ䷞ ䷟ ䷠ ䷡ ䷢ ䷣ ䷤ ䷥ ䷦ ꀀ ꀁ ꀂ ꀃ ꀄ ꀅ ꀆ ꀇ ꀈ ꀉ ꀊ ꀋ ꀌ ꀍ ꀎ ꀏ ꀐ ꀑ ꀒ ꀓ ꀔ ꀕ ꀖ ꀗ ꀘ ꀙ ꀚ ꀛ ꀜ ꀝ ꀞ ꀟ ꀠ ꀡ ꀢ ꀣ ꀤ ꀥ ꀦ ꀧ ꀨ ꀩ ꀪ ꀫ ꀬ ꀭ ꀮ ꀯ ꀰ ꀱ ꀲ ꀳ ꀴ ꀵ ꀶ ꀷ ꀸ ꀹ ꀺ ꀻ ꀼ ꀽ ꀾ ꀿ ꁀ ꁁ ꁂ ꁃ ꁄ ꁅ ꁆ ꁇ ꁈ ꁉ ꁊ ꁋ ꁌ ꁍ ꁎ ꁏ ꁐ ꁑ ꁒ ꁓ ꁔ ꁕ ꁖ ꁗ ꁘ ꁙ ꁚ ꁛ ꁜ ꁝ ꁞ ꁟ ꁠ ꁡ ꁢ ꁣ ꁤ ꁥ ꁦ ꁧ ꁨ ꁩ ꁪ ꁫ ꁬ ꁭ ꁮ ꁯ ꁰ ꁱ ꁲ ꁳ ꁴ ꁵ ꁶ ꁷ ꁸ ꁹ ꁺ ꁻ ꁼ ꁽ ꁾ ꁿ ꂀ ꂁ ꂂ ꂃ ꂄ ꂅ ꂆ ꂇ ꂈ ꂉ ꂊ ꂋ ꂌ ꂍ ꂎ ꂏ ꂐ ꂑ ꂒ ꂓ ꂔ ꂕ ꂖ ꂗ ꂘ ꂙ ꂚ ꂛ ꂜ ꂝ ꂞ ꂟ ꂠ ꂡ ꂢ ꂣ ꂤ ꂥ ꂦ ꂧ ꂨ ꂩ ꂪ ꂫ ꂬ ꂭ ꂮ ꂯ ꂰ ꂱ ꂲ ꂳ ꂴ ꂵ ꂶ ꂷ ꂸ ꂹ ꂺ ꂻ ꂼ ꂽ ꂾ ꂿ ꃀ ꃁ ꃂ ꃃ ꃄ ꃅ ꃆ ꃇ ꃈ ꃉ ꃊ ꃋ ꃌ ꃍ ꃎ ꃏ ꃐ ꃑ ꃒ ꃓ ꃔ ꃕ ꃖ ꃗ ꃘ ꃙ ꃚ ꃛ ꃜ ꃝ ꃞ ꃟ ꃠ ꃡ ꃢ ꃣ ꃤ ꃥ ꃦ ꃧ ꃨ ꃩ ꃪ ꃫ ꃬ ꃭ ꃮ ꃯ ꃰ ꃱ ꃲ ꃳ ꃴ ꃵ ꃶ ꃷ ꃸ ꃹ ꃺ ꃻ ꃼ ꃽ ꃾ ꃿ ꄀ ꄁ ꄂ ꄃ ꄄ ꄅ ꄆ ꄇ ꄈ ꄉ ꄊ ꄋ ꄌ ꄍ ꄎ ꄏ ꄐ ꄑ ꄒ ꄓ ꄔ ꄕ ꄖ ꄗ ꄘ ꄙ ꄚ ꄛ ꄜ ꄝ ꄞ ꄟ ꄠ ꄡ ꄢ ꄣ ꄤ ꄥ ꄦ ꄧ ꄨ ꄩ ꄪ ꄫ ꄬ ꄭ ꄮ ꄯ ꄰ ꄱ ꄲ ꄳ ꄴ ꄵ ꄶ ꄷ ꄸ ꄹ ꄺ ꄻ ꄼ ꄽ ꄾ ꄿ ꅀ ꅁ ꅂ ꅃ ꅄ ꅅ ꅆ ꅇ ꅈ ꅉ ꅊ ꅋ ꅌ ꅍ ꅎ ꅏ ꅐ ꅑ ꅒ ꅓ ꅔ ꅕ ꅖ ꅗ ꅘ ꅙ ꅚ ꅛ ꅜ ꅝ ꅞ ꅟ ꅠ ꅡ ꅢ ꅣ ꅤ ꅥ ꅦ ꅧ ꅨ ꅩ ꅪ ꅫ ꅬ ꅭ ꅮ ꅯ ꅰ ꅱ ꅲ ꅳ ꅴ ꅵ ꅶ ꅷ ꅸ ꅹ ꅺ ꅻ ꅼ ꅽ ꅾ ꅿ ꆀ ꆁ ꆂ ꆃ ꆄ ꆅ ꆆ ꆇ ꆈ ꆉ ꆊ ꆋ ꆌ ꆍ ꆎ ꆏ ꆐ ꆑ ꆒ ꆓ ꆔ ꆕ ꆖ ꆗ ꆘ ꆙ ꆚ ꆛ ꆜ ꆝ ꆞ ꆟ ꆠ ꆡ ꆢ ꆣ ꆤ ꆥ ꆦ ꆧ ꆨ ꆩ ꆪ ꆫ ꆬ ꆭ ꆮ ꆯ ꆰ ꆱ ꆲ ꆳ ꆴ ꆵ ꆶ ꆷ ꆸ ꆹ ꆺ ꆻ ꆼ ꆽ ꆾ ꆿ ꇀ ꇁ ꇂ ꇃ ꇄ ꇅ ꇆ ꇇ ꇈ ꇉ ꇊ ꇋ ꇌ ꇍ ꇎ ꇏ ꇐ ꇑ ꇒ ꇓ ꇔ ꇕ ꇖ ꇗ ꇘ ꇙ ꇚ ꇛ ꇜ ꇝ ꇞ ꇟ ꇠ ꇡ ꇢ ꇣ ꇤ ꇥ ꇦ ꇧ ꇨ ꇩ ꇪ ꇫ ꇬ ꇭ ꇮ ꇯ ꇰ ꇱ ꇲ ꇳ ꇴ ꇵ ꇶ ꇷ ꇸ ꇹ ꇺ ꇻ ꇼ ꇽ ꇾ ꇿ ꈀ ꈁ ꈂ ꈃ ꈄ ꈅ ꈆ ꈇ ꈈ ꈉ ꈊ ꈋ ꈌ ꈍ ꈎ ꈏ ꈐ ꈑ ꈒ ꈓ ꈔ ꈕ ꈖ ꈗ ꈘ ꈙ ꈚ ꈛ ꈜ ꈝ ꈞ ꈟ ꈠ ꈡ ꈢ ꈣ ꈤ ꈥ ꈦ ꈧ ꈨ ꈩ ꈪ ꈫ ꈬ ꈭ ꈮ ꈯ ꈰ ꈱ ꈲ ꈳ ꈴ ꈵ ꈶ ꈷ ꈸ ꈹ ꈺ ꈻ ꈼ ꈽ ꈾ ꈿ ꉀ ꉁ ꉂ ꉃ ꉄ ꉅ ꉆ ꉇ ꉈ ꉉ ꉊ ꉋ ꉌ ꉍ ꉎ ꉏ ꉐ ꉑ ꉒ ꉓ ꉔ ꉕ ꉖ ꉗ ꉘ ꉙ ꉚ ꉛ ꉜ ꉝ ꉞ ꉟ ꉠ ꉡ ꉢ ꉣ ꉤ ꉥ ꉦ ꉧ ꉨ ꉩ ꉪ ꉫ ꉬ ꉭ ꉮ ꉯ ꉰ ꉱ ꉲ ꉳ ꉴ ꉵ ꉶ ꉷ ꉸ ꉹ ꉺ ꉻ ꉼ ꉽ ꉾ ꉿ ꊀ ꊁ ꊂ ꊃ ꊄ ꊅ ꊆ ꊇ ꊈ ꊉ ꊊ ꊋ ꊌ ꊍ ꊎ ꊏ ꊐ ꊑ ꊒ ꊓ ꊔ ꊕ ꊖ ꊗ ꊘ ꊙ ꊚ ꊛ ꊜ ꊝ ꊞ ꊟ ꊠ ꊡ ꊢ ꊣ ꊤ ꊥ ꊦ ꊧ ꊨ ꊩ ꊪ ꊫ ꊬ ꊭ ꊮ ꊯ ꊰ ꊱ ꊲ ꊳ ꊴ ꊵ ꊶ ꊷ ꊸ ꊹ ꊺ ꊻ ꊼ ꊽ ꊾ ꊿ ꋀ ꋁ ꋂ ꋃ ꋄ ꋅ ꋆ ꋇ ꋈ ꋉ ꋊ ꋋ ꋌ ꋍ ꋎ ꋏ ꋐ ꋑ ꋒ ꋓ ꋔ ꋕ ꋖ ꋗ ꋘ ꋙ ꋚ ꋛ ꋜ ꋝ ꋞ ꋟ ꋠ ꋡ ꋢ ꋣ ꋤ ꋥ ꋦ ꋧ ꋨ ꋩ ꋪ ꋫ ꋬ ꋭ ꋮ ꋯ ꋰ ꋱ ꋲ ꋳ ꋴ ꋵ ꋶ ꋷ ꋸ ꋹ ꋺ ꋻ ꋼ ꋽ ꋾ ꋿ ꌀ ꌁ ꌂ ꌃ ꌄ ꌅ ꌆ ꌇ ꌈ ꌉ ꌊ ꌋ ꌌ ꌍ ꌎ ꌏ ꌐ ꌑ ꌒ ꌓ ꌔ ꌕ ꌖ ꌗ ꌘ ꌙ ꌚ ꌛ ꌜ ꌝ ꌞ ꌟ ꌠ ꌡ ꌢ ꌣ ꌤ ꌥ ꌦ ꌧ ꌨ ꌩ ꌪ ꌫ ꌬ ꌭ ꌮ ꌯ ꌰ ꌱ ꌲ ꌳ ꌴ ꌵ ꌶ ꌷ ꌸ ꌹ ꌺ ꌻ ꌼ ꌽ ꌾ ꌿ ꍀ ꍁ ꍂ ꍃ ꍄ ꍅ ꍆ ꍇ ꍈ ꍉ ꍊ ꍋ ꍌ ꍍ ꍎ ꍏ ꍐ ꍑ ꍒ ꍓ ꍔ ꍕ ꍖ ꍗ ꍘ ꍙ ꍚ ꍛ ꍜ ꍝ ꍞ ꍟ ꍠ ꍡ ꍢ ꍣ ꍤ ꍥ ꍦ ꍧ ꍨ ꍩ ꍪ ꍫ ꍬ ꍭ ꍮ ꍯ ꍰ ꍱ ꍲ ꍳ ꍴ ꍵ ꍶ ꍷ ꍸ ꍹ ꍺ ꍻ ꍼ ꍽ ꍾ ꍿ ꎀ ꎁ ꎂ ꎃ ꎄ ꎅ ꎆ ꎇ ꎈ ꎉ ꎊ ꎋ ꎌ ꎍ ꎎ ꎏ ꎐ ꎑ ꎒ ꎓ ꎔ ꎕ ꎖ ꎗ ꎘ ꎙ ꎚ ꎛ ꎜ ꎝ ꎞ ꎟ ꎠ ꎡ ꎢ ꎣ ꎤ ꎥ ꎦ ꎧ ꎨ ꎩ ꎪ ꎫ ꎬ ꎭ ꎮ ꎯ ꎰ ꎱ ꎲ ꎳ ꎴ ꎵ ꎶ ꎷ ꎸ ꎹ ꎺ ꎻ ꎼ ꎽ ꎾ ꎿ ꏀ ꏁ ꏂ ꏃ ꏄ ꏅ ꏆ ꏇ ꏈ ꏉ ꏊ ꏋ ꏌ ꏍ ꏎ ꏏ ꏐ ꏑ ꏒ ꏓ ꏔ ꏕ ꏖ ꏗ ꏘ ꏙ ꏚ ꏛ ꏜ ꏝ ꏞ ꏟ ꏠ ꏡ ꏢ ꏣ ꏤ ꏥ ꏦ ꏧ ꏨ ꏩ ꏪ ꏫ ꏬ ꏭ ꏮ ꏯ ꏰ ꏱ ꏲ ꏳ ꏴ ꏵ ꏶ ꏷ ꏸ ꏹ ꏺ ꏻ ꏼ ꏽ ꏾ ꏿ ꐀ ꐁ ꐂ ꐃ ꐄ ꐅ ꐆ ꐇ ꐈ ꐉ ꐊ ꐋ ꐌ ꐍ ꐎ ꐏ ꐐ ꐑ ꐒ ꐓ ꐔ ꒑ ꒒ ꒓ ꒔ ꒕ ꒖ ꒗ ꒘ ꒙ ꒚ ꒛ ꒜ ꒝ ꒞ ꒟ ꑛ ꑜ ꑝ ꑞ ꑟ ꑠ ꑡ ꑢ ꑣ ꑤ ꑥ ꑦ ꑧ ꑨ ꑩ ꑪ ꑫ ꑬ ꑭ ꑮ ꑯ ꑰ ꑱ ꑲ ꑳ ꑴ ꑵ ꑶ ꑷ ꑸ ꑹ ꑺ ꑻ ꑼ ꑽ ꑾ ꑿ ꒀ ꒁ ꒂ ꒃ ꒄ ꒅ ꒆ ꒇ ꒈ ꒉ ꒊ ꒋ ꒌ ꒠ ꒡ ꒢ ꒣ ꒤ ꒥ ꒦ ꒧ ꒨ ꒩ ꒪ ꒫ ꒬ ꒭ ꒮ ꒯ ꒰ ꒱ ꒲ ꒳ ꒴ ꒵ ꒶ ꒷ ꒸ ꒹ ꒺ ꒻ ꒼ ꒽ ꒾ ꒿ ꓀ ꓁ ꓂ ꓃ ꓄ ꓅ Ꙣ ꙣ Ꙥ ꙥ Ꙧ ꙧ Ꙩ ꙩ Ꙫ ꙫ Ꙭ ꙭ ꙮ Ꙅ ꙅ Ꙇ ꙇ Ꙍ ꙍ Ꙑ ꙑ Ꙕ ꟻ ꟼ ꟽ ꟾ ꟿ Ꝏ ꝏ ꜠ ꜡ ꜰ ꜱ Ꜳ ꜳ Ꜵ ꜵ Ꜷ ꜷ Ꜹ ꜹ Ꜻ ꜻ Ꜽ ꜽ Ꜿ ꜿ Ꝇ ꝇ Ꝉ ꝉ Ꝋ ꝋ ︷ ︸ ︹ ︺ ︻ ︼ ︽ ︾ ︿ ﹀ ﹁ ﹂ ﹃ ﹄ ﹅ ﹆ ﹇ ﹈ ﹉ ﹊ ﹋ ﹌ ︗ ︘ ︙ ︠ ︡ ︢ ︣ ︵ ︶ ', 1, 7, NULL, NULL, NULL, '2015-08-30 15:16:53', '2015-08-30 15:16:53', NULL),
	(8, 3, 1, NULL, '#7ec95f', 1, 7, NULL, NULL, NULL, '2015-08-30 22:04:19', '2015-08-30 22:04:19', NULL);
/*!40000 ALTER TABLE `forum_post` ENABLE KEYS */;


-- Zrzut struktury tabela ral.forum_thread
CREATE TABLE IF NOT EXISTS `forum_thread` (
  `id` int(11) NOT NULL AUTO_INCREMENT,
  `user_id` int(11) DEFAULT NULL,
  `category_id` int(11) DEFAULT NULL,
  `title` varchar(255) DEFAULT NULL,
  `content` text,
  `pinned` tinyint(1) DEFAULT '0',
  `active` tinyint(1) NOT NULL DEFAULT '1',
  `moderator_notes` text,
  `moderator_date` datetime DEFAULT NULL,
  `moderator_name` varchar(255) DEFAULT NULL,
  `created_at` datetime NOT NULL,
  `updated_at` datetime NOT NULL,
  `deleted_at` datetime DEFAULT NULL,
  PRIMARY KEY (`id`),
  KEY `forum_thread_user_id_user_user_id` (`user_id`),
  KEY `forum_thread_category_id_forum_category_id` (`category_id`)
) ENGINE=MyISAM AUTO_INCREMENT=10 DEFAULT CHARSET=utf8;

-- Zrzucanie danych dla tabeli ral.forum_thread: 3 rows
DELETE FROM `forum_thread`;
/*!40000 ALTER TABLE `forum_thread` DISABLE KEYS */;
INSERT INTO `forum_thread` (`id`, `user_id`, `category_id`, `title`, `content`, `pinned`, `active`, `moderator_notes`, `moderator_date`, `moderator_name`, `created_at`, `updated_at`, `deleted_at`) VALUES
	(9, 36, 2, 'kgjjkghk', 'hgjkghghjk', 0, 1, NULL, NULL, NULL, '2015-09-01 10:07:27', '2015-09-01 10:07:27', NULL),
	(8, 3, 2, 'test2', 'test2', 0, 1, NULL, NULL, NULL, '2015-08-29 20:56:58', '2015-08-29 20:56:58', NULL),
	(7, 3, 1, 'Testing', 'Random forum post test', 0, 1, NULL, NULL, NULL, '2015-08-29 15:36:54', '2015-08-29 15:36:54', NULL);
/*!40000 ALTER TABLE `forum_thread` ENABLE KEYS */;


-- Zrzut struktury tabela ral.gallery_gallery
CREATE TABLE IF NOT EXISTS `gallery_gallery` (
  `id` int(11) NOT NULL AUTO_INCREMENT,
  `metatag_id` int(11) DEFAULT NULL,
  `photo_root_id` int(11) DEFAULT NULL,
  `user_id` int(11) DEFAULT NULL,
  `last_user_id` int(11) DEFAULT NULL,
  `group_id` int(11) DEFAULT NULL,
  `created_at` datetime NOT NULL,
  `updated_at` datetime NOT NULL,
  `deleted_at` datetime DEFAULT NULL,
  PRIMARY KEY (`id`),
  KEY `metatag_id_idx` (`metatag_id`),
  KEY `photo_root_id_idx` (`photo_root_id`)
) ENGINE=MyISAM AUTO_INCREMENT=44 DEFAULT CHARSET=utf8;

-- Zrzucanie danych dla tabeli ral.gallery_gallery: 5 rows
DELETE FROM `gallery_gallery`;
/*!40000 ALTER TABLE `gallery_gallery` DISABLE KEYS */;
INSERT INTO `gallery_gallery` (`id`, `metatag_id`, `photo_root_id`, `user_id`, `last_user_id`, `group_id`, `created_at`, `updated_at`, `deleted_at`) VALUES
	(40, 1657, 19, NULL, NULL, 1, '0000-00-00 00:00:00', '2015-05-27 12:17:17', '2015-05-27 12:17:17'),
	(39, 1656, 16, 58, NULL, 1, '0000-00-00 00:00:00', '2015-05-27 12:16:58', '2015-05-27 12:16:58'),
	(41, 1681, 38, 58, 58, 2, '2015-05-21 17:58:02', '2015-05-27 12:17:00', '2015-05-27 12:17:00'),
	(42, 1682, 132, 58, 58, 1, '2015-05-27 12:24:50', '2015-05-27 12:28:49', NULL),
	(43, 1683, NULL, 58, 58, 3, '2015-05-27 12:27:51', '2015-05-27 12:28:00', '2015-05-27 12:28:00');
/*!40000 ALTER TABLE `gallery_gallery` ENABLE KEYS */;


-- Zrzut struktury tabela ral.gallery_gallery_translation
CREATE TABLE IF NOT EXISTS `gallery_gallery_translation` (
  `id` int(11) NOT NULL DEFAULT '0',
  `name` varchar(255) DEFAULT NULL,
  `slug` varchar(255) DEFAULT NULL,
  `description` longtext,
  `lang` char(2) NOT NULL DEFAULT 'pl',
  PRIMARY KEY (`id`,`lang`)
) ENGINE=MyISAM DEFAULT CHARSET=utf8;

-- Zrzucanie danych dla tabeli ral.gallery_gallery_translation: 1 rows
DELETE FROM `gallery_gallery_translation`;
/*!40000 ALTER TABLE `gallery_gallery_translation` DISABLE KEYS */;
INSERT INTO `gallery_gallery_translation` (`id`, `name`, `slug`, `description`, `lang`) VALUES
	(42, 'Archiwalne zdjęcia', 'archiwalne-zdjecia', '', 'pl');
/*!40000 ALTER TABLE `gallery_gallery_translation` ENABLE KEYS */;


-- Zrzut struktury tabela ral.gallery_video
CREATE TABLE IF NOT EXISTS `gallery_video` (
  `id` int(11) NOT NULL AUTO_INCREMENT,
  `user_id` int(11) DEFAULT NULL,
  `last_user_id` int(11) DEFAULT NULL,
  `publish` tinyint(1) DEFAULT '1',
  `promoted` tinyint(1) DEFAULT '0',
  `publish_date` datetime DEFAULT NULL,
  `photo_root_id` int(11) DEFAULT NULL,
  `metatag_id` int(11) DEFAULT NULL,
  `video_root_id` int(11) DEFAULT NULL,
  `views` bigint(20) DEFAULT NULL,
  `created_at` datetime NOT NULL,
  `updated_at` datetime NOT NULL,
  `deleted_at` datetime DEFAULT NULL,
  PRIMARY KEY (`id`)
) ENGINE=MyISAM AUTO_INCREMENT=9 DEFAULT CHARSET=utf8;

-- Zrzucanie danych dla tabeli ral.gallery_video: 3 rows
DELETE FROM `gallery_video`;
/*!40000 ALTER TABLE `gallery_video` DISABLE KEYS */;
INSERT INTO `gallery_video` (`id`, `user_id`, `last_user_id`, `publish`, `promoted`, `publish_date`, `photo_root_id`, `metatag_id`, `video_root_id`, `views`, `created_at`, `updated_at`, `deleted_at`) VALUES
	(6, NULL, 0, 0, 0, '2015-02-16 13:40:49', 11, 1676, 4, NULL, '2015-02-08 17:31:23', '2015-02-16 13:40:49', NULL),
	(7, NULL, 0, 0, 1, '2015-02-15 18:19:40', 25, 1661, 7, NULL, '2015-02-15 18:19:40', '2015-02-15 18:19:51', NULL),
	(8, NULL, 0, 0, 0, '2015-02-15 18:19:46', 26, 1664, 8, NULL, '2015-02-15 18:19:41', '2015-02-15 18:19:46', NULL);
/*!40000 ALTER TABLE `gallery_video` ENABLE KEYS */;


-- Zrzut struktury tabela ral.gallery_video_translation
CREATE TABLE IF NOT EXISTS `gallery_video_translation` (
  `id` int(11) NOT NULL AUTO_INCREMENT,
  `lang` varchar(64) NOT NULL DEFAULT '',
  `slug` varchar(255) DEFAULT NULL,
  `name` varchar(255) DEFAULT NULL,
  `description` longtext,
  PRIMARY KEY (`id`,`lang`)
) ENGINE=MyISAM AUTO_INCREMENT=9 DEFAULT CHARSET=utf8;

-- Zrzucanie danych dla tabeli ral.gallery_video_translation: 3 rows
DELETE FROM `gallery_video_translation`;
/*!40000 ALTER TABLE `gallery_video_translation` DISABLE KEYS */;
INSERT INTO `gallery_video_translation` (`id`, `lang`, `slug`, `name`, `description`) VALUES
	(6, 'pl', 'testowy-film', 'Testowy film', '<p>Lorem ipsum&nbsp;<span>Lorem ipsum&nbsp;<span>Lorem ipsum</span></span></p>'),
	(7, 'pl', 'testowy-film-2', 'Testowy film 2', '<p>Opis testowego flmu 2</p>'),
	(8, 'pl', 'testowy-film-2-1', 'Testowy film 2', '<p>Opis testowego flmu 2</p>');
/*!40000 ALTER TABLE `gallery_video_translation` ENABLE KEYS */;


-- Zrzut struktury tabela ral.insurance_country
CREATE TABLE IF NOT EXISTS `insurance_country` (
  `id` int(11) NOT NULL AUTO_INCREMENT,
  `metatag_id` int(11) DEFAULT NULL,
  `photo_root_id` int(11) DEFAULT NULL,
  PRIMARY KEY (`id`)
) ENGINE=MyISAM AUTO_INCREMENT=17 DEFAULT CHARSET=utf8;

-- Zrzucanie danych dla tabeli ral.insurance_country: 4 rows
DELETE FROM `insurance_country`;
/*!40000 ALTER TABLE `insurance_country` DISABLE KEYS */;
INSERT INTO `insurance_country` (`id`, `metatag_id`, `photo_root_id`) VALUES
	(1, NULL, NULL),
	(2, NULL, NULL),
	(3, NULL, NULL),
	(16, 1523, NULL);
/*!40000 ALTER TABLE `insurance_country` ENABLE KEYS */;


-- Zrzut struktury tabela ral.insurance_country_translation
CREATE TABLE IF NOT EXISTS `insurance_country_translation` (
  `id` int(11) NOT NULL DEFAULT '0',
  `name` varchar(255) DEFAULT NULL,
  `slug` varchar(255) DEFAULT NULL,
  `description` longtext,
  `lang` char(2) NOT NULL DEFAULT '',
  PRIMARY KEY (`id`,`lang`)
) ENGINE=MyISAM DEFAULT CHARSET=utf8;

-- Zrzucanie danych dla tabeli ral.insurance_country_translation: 5 rows
DELETE FROM `insurance_country_translation`;
/*!40000 ALTER TABLE `insurance_country_translation` DISABLE KEYS */;
INSERT INTO `insurance_country_translation` (`id`, `name`, `slug`, `description`, `lang`) VALUES
	(1, 'Polska', 'polska', 'To jest opis polski', 'pl'),
	(2, 'Europa', 'europa', 'Ten opis nalezy do europy', 'pl'),
	(3, 'Świat', 'swiat', 'Swiatowy opis', 'pl'),
	(16, '', '', '', 'en'),
	(16, 'Japonia', 'japonia', '', 'pl');
/*!40000 ALTER TABLE `insurance_country_translation` ENABLE KEYS */;


-- Zrzut struktury tabela ral.insurance_item
CREATE TABLE IF NOT EXISTS `insurance_item` (
  `id` int(11) NOT NULL AUTO_INCREMENT,
  `metatag_id` int(11) DEFAULT NULL,
  `photo_root_id` int(11) DEFAULT NULL,
  `product_id` int(11) DEFAULT NULL,
  `country_id` int(11) DEFAULT NULL,
  `sport_id` int(11) DEFAULT NULL,
  `active` tinyint(1) DEFAULT '1',
  PRIMARY KEY (`id`),
  KEY `product_id_idx` (`product_id`),
  KEY `country_id_idx` (`country_id`),
  KEY `sport_id_idx` (`sport_id`)
) ENGINE=MyISAM AUTO_INCREMENT=52 DEFAULT CHARSET=utf8;

-- Zrzucanie danych dla tabeli ral.insurance_item: 24 rows
DELETE FROM `insurance_item`;
/*!40000 ALTER TABLE `insurance_item` DISABLE KEYS */;
INSERT INTO `insurance_item` (`id`, `metatag_id`, `photo_root_id`, `product_id`, `country_id`, `sport_id`, `active`) VALUES
	(1, 1510, NULL, 1, 2, NULL, 1),
	(2, NULL, NULL, 2, 1, 3, 1),
	(3, NULL, NULL, 2, 2, NULL, 1),
	(51, NULL, NULL, 4, 16, 3, 1),
	(50, NULL, NULL, 4, 16, 2, 1),
	(49, NULL, NULL, 4, 16, 1, 1),
	(33, NULL, NULL, 1, 15, 3, 1),
	(32, NULL, NULL, 1, 15, 2, 1),
	(31, NULL, NULL, 1, 15, 1, 1),
	(48, NULL, NULL, 4, 16, NULL, 1),
	(47, NULL, NULL, 2, 16, 3, 1),
	(46, NULL, NULL, 2, 16, 2, 1),
	(45, NULL, NULL, 2, 16, 1, 1),
	(44, NULL, NULL, 2, 16, NULL, 1),
	(43, NULL, NULL, 1, 16, 3, 1),
	(42, NULL, NULL, 1, 16, 2, 1),
	(41, NULL, NULL, 1, 16, 1, 1),
	(40, NULL, NULL, 1, 16, NULL, 1),
	(34, NULL, NULL, 2, 15, 1, 1),
	(35, NULL, NULL, 2, 15, 2, 1),
	(36, NULL, NULL, 2, 15, 3, 1),
	(37, NULL, NULL, 4, 15, 1, 1),
	(38, NULL, NULL, 4, 15, 2, 1),
	(39, NULL, NULL, 4, 15, 3, 1);
/*!40000 ALTER TABLE `insurance_item` ENABLE KEYS */;


-- Zrzut struktury tabela ral.insurance_item_translation
CREATE TABLE IF NOT EXISTS `insurance_item_translation` (
  `id` int(11) NOT NULL DEFAULT '0',
  `name` varchar(255) DEFAULT NULL,
  `slug` varchar(255) DEFAULT NULL,
  `description` longtext,
  `lang` char(2) NOT NULL DEFAULT '',
  PRIMARY KEY (`id`,`lang`)
) ENGINE=MyISAM DEFAULT CHARSET=utf8;

-- Zrzucanie danych dla tabeli ral.insurance_item_translation: 26 rows
DELETE FROM `insurance_item_translation`;
/*!40000 ALTER TABLE `insurance_item_translation` DISABLE KEYS */;
INSERT INTO `insurance_item_translation` (`id`, `name`, `slug`, `description`, `lang`) VALUES
	(1, 'Ubezpieczenie turystyczne - Europa', 'ubezpieczenie-turystyczne-europa', '<p>Jesteśmy firmą oferującą ubezpieczenie turystyczne </p>\r\n<p>Chcieliśmy aby to ubezpieczenie było ciekawe </p>\r\n<p>Myślimy też aby swietnie nam się pracowało we dwoje</p>\r\n<p>Ten opis nalezy do europy</p>', 'pl'),
	(1, 'Aaaa', 'aaaa', '<p>dsada</p>', 'en'),
	(40, 'Ubezpieczenie turystyczne - Japonia', NULL, '<p>Jesteśmy firmą oferującą ubezpieczenie turystyczne </p>\r\n<p>Chcieliśmy aby to ubezpieczenie było fajne </p>\r\n<p>Myślimy też aby swietnie nam się pracowało we dwoje</p>', 'pl'),
	(40, 'Aaaa', NULL, '<p>dsada</p>', 'en'),
	(41, 'Ubezpieczenie turystyczne - Japonia - Plywanie', NULL, '<p>Jesteśmy firmą oferującą ubezpieczenie turystyczne </p>\r\n<p>Chcieliśmy aby to ubezpieczenie było w korzystnej cenie </p>\r\n<p>Myślimy też aby super nam się pracowało razem</p>Opis plywania', 'pl'),
	(41, 'Aaaa', NULL, '<p>dsada</p>', 'en'),
	(42, 'Ubezpieczenie turystyczne - Japonia - Nurkowanie', NULL, '<p>Jesteśmy firmą oferującą ubezpieczenie turystyczne </p>\r\n<p>Chcieliśmy aby to ubezpieczenie było dobre </p>\r\n<p>Myślimy też aby swietnie nam się pracowało we dwoje</p>To jest opis nurkowania', 'pl'),
	(42, 'Aaaa', NULL, '<p>dsada</p>', 'en'),
	(43, 'Ubezpieczenie turystyczne - Japonia - Windsurfing', NULL, '<p>Jesteśmy firmą oferującą ubezpieczenie turystyczne </p>\r\n<p>Chcieliśmy aby to ubezpieczenie było w korzystnej cenie </p>\r\n<p>Myślimy też aby dobrze nam się pracowało we dwoje</p>Surfowanie na desc', 'pl'),
	(43, 'Aaaa', NULL, '<p>dsada</p>', 'en'),
	(44, 'Ubezpieczenie sportowe - Japonia', NULL, 'Ubezpieczenie sportowe', 'pl'),
	(44, '', NULL, '', 'en'),
	(45, 'Ubezpieczenie sportowe - Japonia - Plywanie', NULL, 'Ubezpieczenie sportoweOpis plywania', 'pl'),
	(45, '', NULL, '', 'en'),
	(46, 'Ubezpieczenie sportowe - Japonia - Nurkowanie', NULL, 'Ubezpieczenie sportoweTo jest opis nurkowania', 'pl'),
	(46, '', NULL, '', 'en'),
	(47, 'Ubezpieczenie sportowe - Japonia - Windsurfing', NULL, 'Ubezpieczenie sportoweSurfowanie na desc', 'pl'),
	(47, '', NULL, '', 'en'),
	(48, 'Ubezpieczenie NNW - Japonia', NULL, '<p>To jest super opis ubezpieczenia NNW</p>', 'pl'),
	(48, '', NULL, '', 'en'),
	(49, 'Ubezpieczenie NNW - Japonia - Plywanie', NULL, '<p>To jest super opis ubezpieczenia NNW</p>Opis plywania', 'pl'),
	(49, '', NULL, '', 'en'),
	(50, 'Ubezpieczenie NNW - Japonia - Nurkowanie', NULL, '<p>To jest super opis ubezpieczenia NNW</p>To jest opis nurkowania', 'pl'),
	(50, '', NULL, '', 'en'),
	(51, 'Ubezpieczenie NNW - Japonia - Windsurfing', NULL, '<p>To jest super opis ubezpieczenia NNW</p>Surfowanie na desc', 'pl'),
	(51, '', NULL, '', 'en');
/*!40000 ALTER TABLE `insurance_item_translation` ENABLE KEYS */;


-- Zrzut struktury tabela ral.insurance_product
CREATE TABLE IF NOT EXISTS `insurance_product` (
  `id` int(11) NOT NULL AUTO_INCREMENT,
  `metatag_id` int(11) DEFAULT NULL,
  `photo_root_id` int(11) DEFAULT NULL,
  `created_at` datetime NOT NULL,
  `updated_at` datetime NOT NULL,
  `deleted_at` datetime DEFAULT NULL,
  PRIMARY KEY (`id`)
) ENGINE=MyISAM AUTO_INCREMENT=5 DEFAULT CHARSET=utf8;

-- Zrzucanie danych dla tabeli ral.insurance_product: 3 rows
DELETE FROM `insurance_product`;
/*!40000 ALTER TABLE `insurance_product` DISABLE KEYS */;
INSERT INTO `insurance_product` (`id`, `metatag_id`, `photo_root_id`, `created_at`, `updated_at`, `deleted_at`) VALUES
	(1, 1505, NULL, '0000-00-00 00:00:00', '2014-05-16 11:53:02', NULL),
	(2, NULL, NULL, '0000-00-00 00:00:00', '0000-00-00 00:00:00', NULL),
	(4, 1506, NULL, '2014-05-16 11:53:57', '2014-05-16 11:53:57', NULL);
/*!40000 ALTER TABLE `insurance_product` ENABLE KEYS */;


-- Zrzut struktury tabela ral.insurance_product_translation
CREATE TABLE IF NOT EXISTS `insurance_product_translation` (
  `id` int(11) NOT NULL DEFAULT '0',
  `name` varchar(255) DEFAULT NULL,
  `slug` varchar(255) DEFAULT NULL,
  `description` longtext,
  `lang` char(2) NOT NULL DEFAULT '',
  PRIMARY KEY (`id`,`lang`)
) ENGINE=MyISAM DEFAULT CHARSET=utf8;

-- Zrzucanie danych dla tabeli ral.insurance_product_translation: 5 rows
DELETE FROM `insurance_product_translation`;
/*!40000 ALTER TABLE `insurance_product_translation` DISABLE KEYS */;
INSERT INTO `insurance_product_translation` (`id`, `name`, `slug`, `description`, `lang`) VALUES
	(1, 'Ubezpieczenie turystyczne', 'ubezpieczenie-turystyczne', '<p>Jesteśmy firmą oferującą ubezpieczenie turystyczne. </p>\r\n<p>Chcieliśmy aby to ubezpieczenie było [fajne,dobre,w korzystnej cenie,ciekawe]. </p>\r\n<p>Myślimy też aby [dobrze,super,swietnie] nam się pracowało [razem,we dwoje,wspolnie].</p>', 'pl'),
	(2, 'Ubezpieczenie sportowe', 'ubezpieczenie-sportowe', 'Ubezpieczenie sportowe', 'pl'),
	(1, 'Aaaa', 'aaaa', '<p>dsada</p>', 'en'),
	(4, 'Ubezpieczenie NNW', 'ubezpieczenie-nnw', '<p>To jest super opis ubezpieczenia NNW</p>', 'pl'),
	(4, '', '', '', 'en');
/*!40000 ALTER TABLE `insurance_product_translation` ENABLE KEYS */;


-- Zrzut struktury tabela ral.insurance_sport
CREATE TABLE IF NOT EXISTS `insurance_sport` (
  `id` int(11) NOT NULL AUTO_INCREMENT,
  `metatag_id` int(11) DEFAULT NULL,
  `photo_root_id` int(11) DEFAULT NULL,
  PRIMARY KEY (`id`)
) ENGINE=MyISAM AUTO_INCREMENT=4 DEFAULT CHARSET=utf8;

-- Zrzucanie danych dla tabeli ral.insurance_sport: 3 rows
DELETE FROM `insurance_sport`;
/*!40000 ALTER TABLE `insurance_sport` DISABLE KEYS */;
INSERT INTO `insurance_sport` (`id`, `metatag_id`, `photo_root_id`) VALUES
	(1, NULL, NULL),
	(2, NULL, NULL),
	(3, NULL, NULL);
/*!40000 ALTER TABLE `insurance_sport` ENABLE KEYS */;


-- Zrzut struktury tabela ral.insurance_sport_translation
CREATE TABLE IF NOT EXISTS `insurance_sport_translation` (
  `id` int(11) NOT NULL DEFAULT '0',
  `name` varchar(255) DEFAULT NULL,
  `slug` varchar(255) DEFAULT NULL,
  `description` longtext,
  `lang` char(2) NOT NULL DEFAULT '',
  PRIMARY KEY (`id`,`lang`)
) ENGINE=MyISAM DEFAULT CHARSET=utf8;

-- Zrzucanie danych dla tabeli ral.insurance_sport_translation: 3 rows
DELETE FROM `insurance_sport_translation`;
/*!40000 ALTER TABLE `insurance_sport_translation` DISABLE KEYS */;
INSERT INTO `insurance_sport_translation` (`id`, `name`, `slug`, `description`, `lang`) VALUES
	(1, 'Plywanie', 'plywanie', 'Opis plywania', 'pl'),
	(2, 'Nurkowanie', 'nurkowanie', 'To jest opis nurkowania', 'pl'),
	(3, 'Windsurfing', 'windsurfing', 'Surfowanie na desc', 'pl');
/*!40000 ALTER TABLE `insurance_sport_translation` ENABLE KEYS */;


-- Zrzut struktury tabela ral.invoice_invoice
CREATE TABLE IF NOT EXISTS `invoice_invoice` (
  `id` int(11) NOT NULL AUTO_INCREMENT,
  `user_id` int(11) DEFAULT NULL,
  `code` varchar(128) DEFAULT NULL,
  `sum` decimal(18,2) DEFAULT NULL,
  `created_at` datetime NOT NULL,
  `updated_at` datetime NOT NULL,
  `execution_start_date` datetime DEFAULT NULL,
  `execution_end_date` datetime DEFAULT NULL,
  PRIMARY KEY (`id`)
) ENGINE=MyISAM AUTO_INCREMENT=44 DEFAULT CHARSET=utf8;

-- Zrzucanie danych dla tabeli ral.invoice_invoice: 1 rows
DELETE FROM `invoice_invoice`;
/*!40000 ALTER TABLE `invoice_invoice` DISABLE KEYS */;
INSERT INTO `invoice_invoice` (`id`, `user_id`, `code`, `sum`, `created_at`, `updated_at`, `execution_start_date`, `execution_end_date`) VALUES
	(43, 10, NULL, 100.00, '2013-02-19 11:32:32', '2013-02-19 11:32:32', '2013-02-19 00:00:00', '2013-03-18 00:00:00');
/*!40000 ALTER TABLE `invoice_invoice` ENABLE KEYS */;


-- Zrzut struktury tabela ral.invoice_item
CREATE TABLE IF NOT EXISTS `invoice_item` (
  `id` int(11) NOT NULL AUTO_INCREMENT,
  `invoice_id` int(11) DEFAULT NULL,
  `name` varchar(255) DEFAULT NULL,
  `price` decimal(18,2) DEFAULT NULL,
  `item_id` int(11) DEFAULT NULL,
  `count` smallint(6) DEFAULT NULL,
  `item_type` varchar(128) DEFAULT NULL,
  PRIMARY KEY (`id`),
  KEY `invoice_id_idx` (`invoice_id`)
) ENGINE=MyISAM AUTO_INCREMENT=33 DEFAULT CHARSET=utf8;

-- Zrzucanie danych dla tabeli ral.invoice_item: 1 rows
DELETE FROM `invoice_item`;
/*!40000 ALTER TABLE `invoice_item` DISABLE KEYS */;
INSERT INTO `invoice_item` (`id`, `invoice_id`, `name`, `price`, `item_id`, `count`, `item_type`) VALUES
	(32, 43, 'Kredyty mieszkaniowe - Abonament na 1 miesiÄ…c', 100.00, 10, 1, 'category');
/*!40000 ALTER TABLE `invoice_item` ENABLE KEYS */;


-- Zrzut struktury tabela ral.invoice_payment
CREATE TABLE IF NOT EXISTS `invoice_payment` (
  `id` int(11) NOT NULL AUTO_INCREMENT,
  `invoice_id` int(11) DEFAULT NULL,
  `type` varchar(128) DEFAULT NULL,
  `status` smallint(6) DEFAULT NULL,
  `created_at` datetime NOT NULL,
  `updated_at` datetime NOT NULL,
  `paid_at` datetime NOT NULL,
  PRIMARY KEY (`id`),
  KEY `invoice_id_idx` (`invoice_id`)
) ENGINE=MyISAM AUTO_INCREMENT=18 DEFAULT CHARSET=utf8;

-- Zrzucanie danych dla tabeli ral.invoice_payment: 1 rows
DELETE FROM `invoice_payment`;
/*!40000 ALTER TABLE `invoice_payment` DISABLE KEYS */;
INSERT INTO `invoice_payment` (`id`, `invoice_id`, `type`, `status`, `created_at`, `updated_at`, `paid_at`) VALUES
	(17, 43, 'payu', 0, '2013-02-19 11:32:32', '2013-02-19 11:32:32', '0000-00-00 00:00:00');
/*!40000 ALTER TABLE `invoice_payment` ENABLE KEYS */;


-- Zrzut struktury tabela ral.league_board
CREATE TABLE IF NOT EXISTS `league_board` (
  `id` int(11) NOT NULL AUTO_INCREMENT,
  `first_name` varchar(255) DEFAULT NULL,
  `last_name` varchar(255) DEFAULT NULL,
  `position` varchar(255) DEFAULT NULL,
  PRIMARY KEY (`id`)
) ENGINE=MyISAM AUTO_INCREMENT=10 DEFAULT CHARSET=utf8;

-- Zrzucanie danych dla tabeli ral.league_board: 7 rows
DELETE FROM `league_board`;
/*!40000 ALTER TABLE `league_board` DISABLE KEYS */;
INSERT INTO `league_board` (`id`, `first_name`, `last_name`, `position`) VALUES
	(1, 'Alfred', 'Lipniak', 'Prezes'),
	(2, 'Wojciech', 'Kardas', 'Vice prezes ds. ekonomicznych'),
	(3, 'Stanisław', 'Lasoń', 'Vice prezes ds. sportowych'),
	(4, 'Zbigniew', 'Mirek', 'Członek'),
	(5, 'Stanisław', 'Smereka', 'Członek'),
	(6, 'Wojciech', 'Orczykowski', 'Członek'),
	(7, 'Antoni', 'Przybylski', 'Członek');
/*!40000 ALTER TABLE `league_board` ENABLE KEYS */;


-- Zrzut struktury tabela ral.league_booking
CREATE TABLE IF NOT EXISTS `league_booking` (
  `id` int(11) NOT NULL AUTO_INCREMENT,
  `player_id` int(11) NOT NULL,
  `quantity` int(11) NOT NULL,
  `weight` int(11) NOT NULL,
  `comment` varchar(255) COLLATE utf8_bin DEFAULT NULL,
  `active` tinyint(1) NOT NULL DEFAULT '1',
  PRIMARY KEY (`id`)
) ENGINE=InnoDB AUTO_INCREMENT=168 DEFAULT CHARSET=utf8 COLLATE=utf8_bin;

-- Zrzucanie danych dla tabeli ral.league_booking: ~162 rows (około)
DELETE FROM `league_booking`;
/*!40000 ALTER TABLE `league_booking` DISABLE KEYS */;
INSERT INTO `league_booking` (`id`, `player_id`, `quantity`, `weight`, `comment`, `active`) VALUES
	(1, 360, 1, 1, '', 1),
	(2, 414, 1, 1, '', 1),
	(3, 417, 1, 1, '', 1),
	(4, 419, 1, 1, '', 1),
	(5, 406, 1, 1, '', 1),
	(6, 407, 2, 1, '', 1),
	(7, 323, 1, 1, '', 1),
	(8, 437, 1, 1, '', 1),
	(9, 372, 1, 1, '', 1),
	(10, 356, 1, 1, '', 1),
	(11, 362, 1, 1, '', 1),
	(13, 425, 1, 1, '', 1),
	(14, 321, 1, 1, '', 1),
	(15, 338, 1, 1, '', 1),
	(16, 452, 1, 1, '', 1),
	(17, 453, 1, 1, '', 1),
	(19, 402, 1, 1, '', 1),
	(20, 424, 1, 1, '', 1),
	(21, 459, 1, 1, '', 1),
	(22, 356, 1, 1, '', 1),
	(23, 364, 1, 1, '', 1),
	(24, 432, 1, 1, '', 1),
	(25, 319, 1, 1, '', 1),
	(26, 320, 1, 1, '', 1),
	(27, 296, 1, 1, '', 1),
	(28, 296, 1, 1, '', 1),
	(29, 500, 1, 1, '', 1),
	(30, 299, 1, 1, '', 1),
	(31, 387, 1, 1, '', 1),
	(32, 411, 1, 1, '', 1),
	(33, 418, 1, 1, '', 1),
	(34, 414, 1, 1, '', 1),
	(35, 414, 1, 1, '', 1),
	(36, 424, 1, 1, '', 1),
	(37, 406, 1, 1, '', 1),
	(38, 407, 1, 1, '', 1),
	(39, 363, 1, 1, '', 1),
	(40, 453, 1, 1, '', 1),
	(41, 459, 1, 1, '', 1),
	(42, 459, 1, 1, '', 1),
	(43, 444, 1, 1, '', 1),
	(44, 490, 1, 1, '', 1),
	(45, 515, 1, 1, '', 1),
	(46, 520, 1, 1, '', 1),
	(47, 414, 1, 1, '', 1),
	(48, 512, 1, 1, '', 1),
	(50, 424, 1, 1, '', 1),
	(51, 413, 1, 1, '', 1),
	(52, 492, 1, 1, '', 1),
	(53, 339, 1, 1, '', 1),
	(54, 299, 1, 1, '', 1),
	(55, 354, 1, 1, '', 1),
	(56, 357, 1, 1, '', 1),
	(57, 492, 1, 1, '', 1),
	(58, 514, 1, 1, '', 1),
	(59, 391, 1, 1, '', 1),
	(60, 410, 1, 1, '', 1),
	(61, 295, 1, 1, '', 1),
	(62, 296, 1, 1, '', 1),
	(63, 319, 1, 1, '', 1),
	(64, 723, 1, 1, '', 1),
	(65, 656, 1, 1, '', 1),
	(66, 656, 1, 1, '', 1),
	(67, 707, 1, 1, '', 1),
	(68, 734, 1, 1, '', 1),
	(69, 734, 1, 1, '', 1),
	(70, 732, 1, 1, '', 1),
	(71, 740, 1, 1, '', 1),
	(72, 630, 1, 1, '', 1),
	(73, 629, 1, 1, '', 1),
	(74, 741, 1, 1, '', 1),
	(75, 623, 1, 1, '', 1),
	(76, 753, 1, 1, '', 1),
	(77, 758, 1, 1, '', 1),
	(78, 762, 1, 1, '', 1),
	(79, 765, 1, 1, '', 1),
	(80, 656, 1, 1, '', 1),
	(81, 696, 1, 1, '', 1),
	(82, 814, 1, 1, NULL, 1),
	(83, 819, 1, 1, NULL, 1),
	(84, 800, 1, 1, NULL, 1),
	(85, 805, 1, 1, NULL, 1),
	(86, 803, 1, 1, NULL, 1),
	(87, 793, 1, 1, NULL, 1),
	(88, 799, 1, 1, NULL, 1),
	(89, 820, 1, 1, NULL, 1),
	(90, 833, 1, 2, 'Czerwona kartka - Zawieszenie na 1 mecz', 0),
	(91, 827, 1, 1, NULL, 1),
	(92, 809, 1, 1, NULL, 1),
	(93, 803, 1, 1, NULL, 1),
	(94, 841, 1, 1, NULL, 1),
	(95, 846, 1, 1, NULL, 1),
	(96, 796, 1, 1, NULL, 1),
	(97, 890, 1, 1, NULL, 1),
	(98, 745, 1, 1, NULL, 1),
	(99, 814, 1, 1, NULL, 1),
	(100, 844, 1, 1, NULL, 1),
	(101, 894, 1, 1, NULL, 1),
	(102, 839, 1, 1, NULL, 1),
	(103, 809, 1, 1, NULL, 1),
	(104, 832, 1, 1, NULL, 1),
	(106, 801, 1, 1, NULL, 1),
	(107, 901, 2, 1, NULL, 1),
	(108, 829, 1, 1, NULL, 1),
	(109, 827, 1, 1, NULL, 1),
	(110, 793, 1, 1, NULL, 1),
	(111, 906, 1, 1, NULL, 1),
	(112, 907, 1, 1, NULL, 1),
	(113, 899, 1, 1, NULL, 1),
	(114, 814, 1, 1, NULL, 1),
	(115, 911, 2, 1, NULL, 1),
	(116, 913, 1, 1, NULL, 1),
	(117, 908, 1, 1, NULL, 1),
	(118, 809, 1, 1, NULL, 1),
	(119, 812, 1, 1, NULL, 1),
	(120, 911, 1, 1, NULL, 1),
	(121, 913, 1, 1, NULL, 1),
	(122, 887, 1, 1, NULL, 1),
	(123, 820, 1, 1, NULL, 1),
	(124, 816, 1, 1, NULL, 1),
	(125, 845, 1, 1, NULL, 1),
	(126, 936, 1, 1, NULL, 1),
	(127, 901, 1, 1, NULL, 1),
	(128, 834, 1, 1, NULL, 1),
	(129, 812, 2, 1, NULL, 1),
	(130, 813, 1, 1, NULL, 1),
	(131, 834, 1, 1, NULL, 1),
	(132, 838, 1, 1, NULL, 1),
	(133, 939, 1, 1, NULL, 1),
	(134, 806, 1, 1, NULL, 1),
	(135, 895, 1, 1, NULL, 1),
	(136, 832, 1, 1, NULL, 1),
	(137, 940, 1, 2, 'Zawieszenie na jeden mecz Kaprin : Base System', 0),
	(138, 796, 1, 1, NULL, 1),
	(139, 806, 1, 1, NULL, 1),
	(140, 811, 1, 1, NULL, 1),
	(141, 901, 1, 1, NULL, 1),
	(142, 843, 1, 1, NULL, 1),
	(143, 843, 1, 1, NULL, 1),
	(144, 961, 1, 1, NULL, 1),
	(145, 800, 1, 1, NULL, 1),
	(146, 837, 2, 1, NULL, 1),
	(147, 965, 1, 1, NULL, 1),
	(148, 938, 1, 1, NULL, 1),
	(149, 889, 2, 1, NULL, 1),
	(150, 829, 1, 1, NULL, 1),
	(151, 890, 1, 1, NULL, 1),
	(152, 908, 1, 1, NULL, 1),
	(153, 808, 1, 1, NULL, 1),
	(154, 827, 1, 1, NULL, 1),
	(155, 826, 1, 1, NULL, 1),
	(156, 806, 1, 1, NULL, 1),
	(157, 939, 1, 1, NULL, 1),
	(159, 813, 1, 2, 'Uderzenie zawodnika bez piłki- kara dwóch meczów', 1),
	(160, 844, 1, 1, NULL, 1),
	(161, 933, 2, 1, NULL, 1),
	(162, 933, 2, 1, NULL, 1),
	(163, 936, 1, 1, NULL, 1),
	(164, 936, 1, 1, NULL, 1),
	(165, 909, 1, 1, NULL, 1),
	(166, 964, 1, 1, NULL, 1),
	(167, 829, 2, 1, NULL, 1);
/*!40000 ALTER TABLE `league_booking` ENABLE KEYS */;


-- Zrzut struktury tabela ral.league_coach
CREATE TABLE IF NOT EXISTS `league_coach` (
  `id` int(11) NOT NULL AUTO_INCREMENT,
  `first_name` varchar(255) DEFAULT NULL,
  `last_name` varchar(255) DEFAULT NULL,
  `position` varchar(255) DEFAULT NULL,
  `description` text,
  `team_id` int(11) DEFAULT NULL,
  `photo_id` int(11) DEFAULT NULL,
  PRIMARY KEY (`id`),
  KEY `team_id_idx` (`team_id`)
) ENGINE=MyISAM AUTO_INCREMENT=3 DEFAULT CHARSET=utf8;

-- Zrzucanie danych dla tabeli ral.league_coach: 1 rows
DELETE FROM `league_coach`;
/*!40000 ALTER TABLE `league_coach` DISABLE KEYS */;
INSERT INTO `league_coach` (`id`, `first_name`, `last_name`, `position`, `description`, `team_id`, `photo_id`) VALUES
	(1, 'Piotr', 'Chlipała', 'Trener', 'Trener od początku 2015 roku', 120, 34);
/*!40000 ALTER TABLE `league_coach` ENABLE KEYS */;


-- Zrzut struktury tabela ral.league_cup
CREATE TABLE IF NOT EXISTS `league_cup` (
  `id` int(11) NOT NULL AUTO_INCREMENT,
  `name` varchar(255) DEFAULT NULL,
  `slug` varchar(255) DEFAULT NULL,
  `description` longtext,
  `photo_root_id` int(11) DEFAULT NULL,
  `metatag_id` int(11) DEFAULT NULL,
  PRIMARY KEY (`id`)
) ENGINE=MyISAM AUTO_INCREMENT=35 DEFAULT CHARSET=utf8;

-- Zrzucanie danych dla tabeli ral.league_cup: 34 rows
DELETE FROM `league_cup`;
/*!40000 ALTER TABLE `league_cup` DISABLE KEYS */;
INSERT INTO `league_cup` (`id`, `name`, `slug`, `description`, `photo_root_id`, `metatag_id`) VALUES
	(1, 'Turniej oldbojów 2005', 'turniej-oldbojow-2005', '<p> 5.11.05 odbyl sie na hali w Krzeszowicach Turniej\r\nHalowej Pilki Noznej Oldbojow. Oto wyniki:</p>\r\n<p>Grupa A </p>\r\n<p>Pyszne : ZHH 1 UNIHUT 8:2</p>\r\n<p>ZHH 1 UNIHUT : KWC Czatkowice 6:0</p>\r\n<p>Pyszne : KWC Czatkowice 6:3 </p>\r\n<p>1 miejsce Pyszne 2 6 14:5</p>\r\n<p>2 miejsce ZHH 1 UNIHUT 2 3 8:8</p>\r\n<p>3 miejsce KWC Czatkowice 2 0 3:12</p>\r\n<p>Grupa B</p>\r\n<p>ZHH 2 UNIHUT : Eden 2:3 </p>\r\n<p>Zywiec : Wegrzce 8:1 </p>\r\n<p>Eden : Wegrzce 10:2</p>\r\n<p>Zywiec : ZHH 2 UNIHUT 2:3</p>\r\n<p>ZHH 2 UNIHUT : Wegrzce 6:2</p>\r\n<p>Zywiec : Eden 1:4</p>\r\n<p>1 miejsce Eden 3 9 17:5</p>\r\n<p>2 miejsce ZHH 2 UNIHUT 3 6 11:7</p>\r\n<p>3 miejsce Zywiec 3 3 11:8</p>\r\n<p>4 miejsce Wegrzce 3 0 5:24</p>\r\n<p> Polfinaly :</p>\r\n<p> ZHH 2 UNIHUT : Pyszne 2:2 karne 0:2</p>\r\n<p> ZHH 1 UNIHUT : Eden 2:1</p>\r\n<p>Mecz o 3 miejsce </p>\r\n<p>ZHH 2 UNIHUT : Eden 3:7</p>\r\n<p>FINAL</p>\r\n<p>Pyszne : ZHH 1 UNIHUT 0:9</p>\r\n<p>Krolem strzelcow zostal Artur Kardas , najlepszym\r\nzawodnikiem Grzegorz Socha a bramkarzem Bogusław Szewczyk</p>\r\n<p>Zdjecia z turnieju mozna znalezc w galerii</p>', NULL, NULL),
	(2, 'Turniej międzynarodowy 2005', 'turniej-miedzynarodowy-2005', '<p>27.02.05r. na hali w Krzeszowicach odbyl sie\r\nMiedzynarodowy Turniej Halowej Pilki Nożnej</p>\r\n<p>W turnieju zwyciezyla druzyna Bratanki i Przyjaciele\r\nprzed zespolem Zilmexu</p>\r\n<p>Królem strzelcow z dorobkiem 16 goli zostal Marcin\r\nPituła z Zilmexu</p>\r\n<p>Najlepszym bramkarzem wybrano Dominika Trusniewskiego z\r\nekipy Bratanki i przyjaciele</p>\r\n<p>Klasyfikacja końcowa:</p>\r\n<p>1.Bratanki i Przyjaciele</p>\r\n<p>2.Zilmex</p>\r\n<p>3.Kazimierza Wielka</p>\r\n<p>4.Pyszne</p>\r\n<p>5.Żywiec</p>\r\n<p>6.Cracow United</p>\r\n<p>7.Truskawkowa 4</p>\r\n<p>8.Pepsi</p>', NULL, NULL),
	(3, 'Turniej siatkówki 2005', 'turniej-siatkowki-2005', '<p> W\r\ndniu 22.10.2005roku odbyl sie turniej piłki siatkowej dziewcząt na hali\r\nGimnazjum w Krzeszowicach</p>\r\n<p>Startowalo\r\n6 zespolow. Mecze rozgrywano systemem "każdy z każdym"</p>\r\n<p>Oto\r\nwyniki turnieju :</p>\r\n<p> I\r\nMIEJSCE - Biała Gwiazda - 5 pkt</p>\r\n<p>II\r\nMIEJSCE - Klik - 4 pkt</p>\r\n<p>III\r\nMIEJSCE - Zolwiki - 3 pkt </p>\r\n<p>IV\r\nMIEJSCE - Ziomki-Poziomki - 2 pkt </p>\r\n<p>V\r\nMIEJSCE - Gwiazdki - 1 pkt </p>\r\n<p>VI\r\nMIEJSCE - Atomówki - 0 pkt </p>\r\n<p>Oto\r\nskład zwyciezkiej drużyny :</p>\r\n<p>DOMINIKA\r\nKUCINSKA </p>\r\n<p>KATARZYNA\r\nMOSZ </p>\r\n<p>JUSTYNA\r\nPIGAN </p>\r\n<p>MALGORZATA\r\nGWIZDALA</p>\r\n<p>ALEKSANDRA\r\nPIEKARZ </p>\r\n<p>MAGDALENA\r\nKIJOWSKA </p>\r\n<p> Wszystkim\r\nzwycieżczynią serdecznie gratulujemy </p>\r\n', NULL, NULL),
	(4, 'Turniej integracyjny 2005', 'turniej-integracyjny-2005', '<p> Dnia 10.12.2005r. na hali w Krzeszowicach odbyl sie I\r\nTurniej Integracyjny</p>\r\n<p> Na poczatku zagraly miedzy soba firmy sponsorskie UKS-u\r\n: KWC Czatkowice , Kopalnia Porfiru i Diabazu oraz Eden</p>\r\n<p> Najlepsi okazali sie ci ostatni</p>\r\n<p> Pozniej odbyl sie mecz koszykowki osob\r\nniepelnosprawnych na wozkach oraz pokaz tanca towarzyskiego na wozkach</p>\r\n<p> Nastepnie odbylo sie pokonywanie przeszkod\r\narchitektonicznych przez osoby niepelnosprawne na wozkach</p>\r\n<p> Pozniej na hali odbyl sie pokaz brazyliskiej sztuki\r\nwalki Capoeira\r\noraz wystep cheerliderek z lokalnych szkol oraz pokaz breakdance\'a</p>\r\n<p> Na zakonczenie odbyl sie turniej Aktorzy , Oldboje ,\r\nzwyciezca 1 turnieju firm sponsorskich UKS-u</p>\r\n<p> W tym turnieju po zacietej walce zwyciezyli Oldboje</p>\r\n<p> Na I Turnieju Integracyjnym bylo obecne wiele mediow.\r\nTylko organizatorzy sie martwia ,ze publicznosc nie dopisala  </p>', NULL, NULL),
	(5, 'Turniej noworoczny 2005', 'turniej-noworoczny-2005', '<p>Uczniowski Klub Sportowy "Jedynka" przy Gimnazjum w\r\nKrzeszowicach\r\nzorganizował Noworoczny Turniej halowej pilki noznej juniorow młodszych\r\n</p>\r\n<p>W turnieju udzial wziely nastepujace druzyny : Grajpek\r\nGrajow, Prokocim Krakow, Garbarnia Krakow, Skawinka Skawina oraz 2\r\ndruzyny UKS Świt Krzeszowice </p>\r\n<p>A oto wyniki : </p>\r\n<p><u>UKS Świt II : Grajpek 4:2 </u></p>\r\n<p>Kuflik 2 | Debowski 1 </p>\r\n<p>Bala 1 | Kasprzyk 1 </p>\r\n<p>Gregorczyk 1 </p>\r\n<p><u>UKS Świt I : Prokocim 3:0 </u></p>\r\n<p>Nowotarski 1 </p>\r\n<p>Marszalek 1 </p>\r\n<p>Mucha A 1 </p>\r\n<p><u>Garbarnia : Skawinka 3:1 </u></p>\r\n<p>Dobrucki 2 | Sekula 1 </p>\r\n<p>Cebula 1 </p>\r\n<p><u>UKS Świt I : UKS Świt II 8:1 </u></p>\r\n<p>Sarota 2 | Stepien D 1 </p>\r\n<p>Biga 1 </p>\r\n<p>Marszalek 2 </p>\r\n<p>Funek 1 </p>\r\n<p>Mucha A 2 </p>\r\n<p><u>Garbarnia : Grajpek 4:1 </u></p>\r\n<p>Bryndza 2 | Mietniowski 1 </p>\r\n<p>Janka 1 </p>\r\n<p>Dobrucki 1 </p>\r\n<p><u>Garbarnia : UKS Świt II 10:1 </u></p>\r\n<p>Bryndza 6 | Ciombor 1 </p>\r\n<p><u>Prokocim : Skawinka 3:1 </u></p>\r\n<p>Kowalik 1 | Sekula 1 </p>\r\n<p>Brzoskwinia 1 </p>\r\n<p>Wlodarczyk 1 </p>\r\n<p><u>UKS Świt I : Grajpek 3:1 </u></p>\r\n<p>Marszalek 2 | Mietniowski 1 </p>\r\n<p>Nowotarski 1 </p>\r\n<p><u>UKS Świt II : Skawinka 0:0 </u></p>\r\n<p><u>Garbarnia : Prokocim 5:2 </u></p>\r\n<p>Bryndza 2 | Brzoskwinia 2 </p>\r\n<p>Cebula 3 </p>\r\n<p><u>Garbarnia : UKS Świt I 3:1 </u></p>\r\n<p>Dobrucki 1 | Marszalek 1 </p>\r\n<p>Janka K 1 </p>\r\n<p>Irzyk 1 </p>\r\n<p><u>Prokocim : UKS Świt II 7:1</u></p>\r\n<p>Dolczak 2 | Kuflik 1 </p>\r\n<p>Brzoskwinia 3 </p>\r\n<p>Kafel 1 </p>\r\n<p>Kowalik 1 </p>\r\n<p><u>Skawinka : UKS Świt I 6:2 </u></p>\r\n<p>Sekula 1 | Marszalek 2 </p>\r\n<p>Melz 2 </p>\r\n<p>Lukasik 1 </p>\r\n<p>Czara 1 </p>\r\n<p>Gornisiewicz 1 </p>\r\n<p><u>Prokocim : Grajpek 3:0 </u></p>\r\n<p>Brzoskwinia 3 </p>\r\n<p>Najciekawszym meczem turnieju byl mecz o 1 miejsce\r\npomiedzy\r\ndruzynami Garbarni Krakow i UKS Świt I. Prowadzenie dla druzyny\r\ngospodarzy uzyskal Marszalek Mateusz. Wynik ten utrzymywal sie do\r\nprzerwy. W 5 minucie drugiej polowy wybijali rzut rozny po ktorym\r\nbardzo dobrze spisujacy sie bramkarz gospodarzy Curylo Pawel zamiast\r\nzlapac pilke wybil ja pod nogi nadbiegajacego Marcina Dobruckiego,\r\nktory doprowadzil do wyrownania. Gospodarze po utracie bramki\r\nzaatakowali z impetem stwarzajac liczne sytuacje podbramkowe. W jednej\r\nz nich bramkarz Garbarni w pieknym stylu obronil strzal Piotra Saroty\r\n(w sytuacji sam na sam) po wzorowo wyprowadzonej kontrze druzyny\r\ngospodarzy. Piec minut przed koncem kolejny blad popelnil bramkarz\r\ndruzyny UKS Świt I podajac pilke prosto pod noge napastnikowi Garbarni,\r\nktory uzyskal prowadzenie dla gosci. Ostatnie minuty mecyz to szturm\r\ngospodarzy ktory na nasze nieszczescie nie przyniosl nam upragnionego\r\ngola lecz po przejeciu pilki przez gosci i bezblednie wyprowadzonej\r\nkontrze stracilismy gola. Mecz zakonczyl sie wynikiem 3:1 dla Garbarni.\r\nOstatni mecz ze Skawinka gralismy o pietruszke poniewaz mielismy II\r\nmiejsce w turnieju. Nasi zawodnicy potraktowali ulgowo przegrywajac z\r\ndruzyna Skawinki </p>\r\n<p>Tabela koncowa turnieju : </p>\r\n<p>1.Garbarnia Krakow </p>\r\n<p>2.UKS Świt I Krzeszowice </p>\r\n<p>3.Prokocim Krakow </p>\r\n<p>4.Skawinka Skawina </p>\r\n<p>5.UKS Świt II Krzeszowice </p>\r\n<p>6.Grajpek Grajow </p>\r\n<p>Najlepszym zawodnikiem turnieju uznany zostal Mateusz\r\nCebula ,\r\nkrolem strzelcow zostal Marcin Bryndza (obaj Garbarnia Krakow), a\r\nnajlepszym bramkarzem Paweł Curyło (UKS Świt I Krzeszowice)\r\n</p>', NULL, NULL),
	(6, 'Turniej gimnazjalny 2006', 'turniej-gimnazjalny-2006', ' Dnia 18.03.06r. na hali w Krzeszowicach odbyl sie turniej dla mlodziezy gimnazjalnej. Oto jego wyniki\r\n\r\nReal Madryt : Wisla Krakow 4:1\r\n\r\nZimolag 3 | Szlosarczyk 1\r\n\r\nKleczek 1\r\n\r\nFC Barcelona : AC Milan 2:0\r\n\r\nKlosowski 2\r\n\r\nReal Madryt : Barcelona 5:0\r\n\r\nKrzysiak 3\r\n\r\nKleczek 2\r\n\r\nAC Milan : Wisla Krakow 2:1\r\n\r\nAtlas 1 | Szlosarczyk 1\r\n\r\nWilk 1\r\n\r\nReal Madryt : AC Milan 2:1\r\n\r\nKleczek 1 | Kozub 1\r\n\r\nKrzysiak 1\r\n\r\nFC Barcelona : Wisla Krakow 2:1\r\n\r\nWyniki koncowe :\r\n\r\n1.Real Madryt\r\n\r\n2.FC Barcelona\r\n\r\n3.AC Milan\r\n\r\n4.Wisla Krakow\r\n', NULL, NULL),
	(7, 'Turniej oldbojow o Puchar Burmistrza 2007 ', 'turniej-oldbojow-o-puchar-burmistrza-2007', '<p>4.03.07r. na hali w Krzeszowicach odbył się turniej\r\noldbojów o puchar Burmistrza Krzeszowic </p>\r\n<p>Wzięły w nim udział drużyny Eden Springs Poland, Pyszne\r\nKrzeszowice, Wadów i Wielkie Piece </p>\r\n<p>Oto wyniki</p>\r\n<p>Eden : Wadów 4:5 </p>\r\n<p>Czerwiec 1,Mateńko 1,Przeniosło 1,Socha 1 - Maj 2,\r\nSprynca 1,Wydra 1 </p>\r\n<p>Pyszne : Wielkie Piece 5:5 </p>\r\n<p>Fryda 2,Nowak1, Gaweł 1, Szymanski 1 - Wojdyła\r\n3,Kwiecień 1, Wajler 1 </p>\r\n<p>Wielkie Piece : Eden 2:2 </p>\r\n<p>Kwiecień 1,Wojdyła 1 - Mateńsko 1,Działowy 1 </p>\r\n<p>Wadów : Pyszne 5:2 </p>\r\n<p>Sprynca 2, Maj 3 - Zimolag 1, Fryda 1 </p>\r\n<p>Wadów : Wielkie Piece 4:3 </p>\r\n<p>Maj 2, Wydra 2 - Juszczyk 1, Kuras 1 </p>\r\n<p>Pyszne : Eden 2:4 </p>\r\n<p>Zimoląg 1, Kmieć 1 - Socha 1, Mateńko 1,Działowy\r\n1,Dankiewicz 1 </p>\r\n<p>Koncowa kolejnosc : </p>\r\n<p>1.Wadów </p>\r\n<p>2.Eden Springs Poland </p>\r\n<p>3.Wielkie Piece </p>\r\n<p>4.Pyszne Krzeszowice </p>\r\n', NULL, NULL),
	(8, 'Turniej w Kazimierzy Wielkiej 2007', 'turniej-w-kazimierzy-wielkiej-2007', '<p>25.01.07r. odbyl sie turniej juniorow mlodszych w\r\nKazimierzy Wielkiej </p>\r\n<p>Wziela w nim udzial nasza druzyna </p>\r\n<p>Oto wyniki : </p>\r\n<p>Grupa II </p>\r\n<p>UKS / Swit : Mlek-Pol Kazimierza Wielka 1:0 </p>\r\n<p>UKS / Swit : Krakus Nowa Huta 1:1 </p>\r\n<p>UKS / Swit : Sparta Kazimierza Wielka 0:0 </p>\r\n<p>1.Krakus </p>\r\n<p>2.UKS / Swit </p>\r\n<p>3.Sparta </p>\r\n<p>4.Mlek-pol </p>\r\n<p> Polfinal : </p>\r\n<p>UKS / Swit : Garbarnia Krakow 0:1 </p>\r\n<p>Mecz o 3 miejsce </p>\r\n<p>UKS / Swit : Wieczysta 1:1 (k. 2:1) </p>\r\n<p> Koncowa kolejnosc : </p>\r\n<p>1.Krakus Nowa Huta </p>\r\n<p>2.Garbarnia Krakow </p>\r\n<p>3. UKS / Swit Krzeszowice </p>\r\n<p>4. Wieczysta Krakow </p>\r\n<p>5.Sparta Kazimierza Wielka </p>\r\n<p>6.Kmita Zabierzow </p>\r\n<p>7.Orly Bodzentyn </p>\r\n<p>8.Mlek-Pol Kazimierza Wielka </p>\r\n<p>Najlepszym bramkarzem turnieju zostal wybrany nasz\r\nzawodnik Pawel Curylo </p>\r\n<img src="dziama.jpg" align="middle" height="200" width="150">\r\n<p>Wystapilismy w skladzie : </p>\r\n<p>Curylo Pawel, Felus Pawel, Mucha Artur, Funek Adrian,\r\nMarszalek\r\nMateusz, Sarota Piotr, Biga Mateusz, Ciombor Mateusz, Nowotarski\r\nBartosz, Kardas Tomasz, Kuflik Sebastian, Kowalczyk Krystian </p>\r\n<img src="uks.jpg" align="middle" height="200" width="150"><br>', NULL, NULL),
	(9, 'Turniej inauguracyjny Liga Mistrzów 2008', 'turniej-inauguracyjny-liga-mistrzow-2008', '<br>\r\nW dniu 8 XI 2008r. UKS "Jedynka"\r\nzorganizował turniej halowej piłki nożnej chłopców rozpoczynający\r\nrozgrywki w ramach młodzieżowej "Ligi Mistrzów". Na turnieju był obecny\r\nBurmistrz Gminy Krzeszowice p. Czesław Bartl, który dokonał otwarcia\r\nmłodzieżowej ligi. <br>\r\nA oto wyniki meczów czwórki finałowej turnieju :<br>\r\n<br>\r\nKS Bukmacherzy : Wisła Kraków 0:3<br>\r\nDla Wisły - Marszałek J 2, Kłosowski B 1<br>\r\n<br>\r\nZespół R : WKSTS 2:1<br>\r\nKrasucki 1, Simmler 1 - Derejko 1<br>\r\n<br>\r\nWisła Kraków : Zespół R 6:0<br>\r\nMarszałek J 3, Kłosowski B 3<br>\r\n<br>\r\nKS Bukmacherzy : WKS TS 3:2<br>\r\nFeluś D 2, Wójcik M 1 - Hrabia 1, Derejko 1<br>\r\n<br>\r\nWisła Kraków : WKS TS 8:0<br>\r\nKłosowski B 4, Marszałek J 3, Toczek 1<br>\r\n<br>\r\nKS Bukmacherzy : Zespół R 2:0<br>\r\nWójcik M 1, Banach P 1<br>\r\n<br>\r\n<table style="margin:0 30%;">\r\n    <tr>\r\n        <th colspan="2">Tabela końcowa</th>\r\n    </tr>\r\n    <tr>\r\n        <td>1</td>\r\n        <td>Wisła Kraków</td>\r\n        <td>3</td>\r\n        <td>9</td>\r\n        <td>17:0</td>\r\n    </tr>\r\n    <tr>\r\n        <td>2</td>\r\n        <td>KS Bukmacherzy</td>\r\n        <td>3</td>\r\n        <td>6</td>\r\n        <td>5:5</td>\r\n    </tr>\r\n    <tr>\r\n        <td>3</td>         \r\n        <td>Zespół R</td>\r\n        <td>3</td>\r\n        <td>3</td>\r\n        <td>2:9</td>\r\n    </tr>\r\n    <tr>\r\n        <td>4</td>\r\n        <td>WKS TS</td>\r\n        <td>3</td>\r\n        <td>0</td>\r\n        <td>3:13</td>\r\n    </tr>\r\n</table>\r\n', NULL, NULL),
	(10, 'Turniej oldbojów 2008', 'turniej-oldbojow-2008', '<br>\r\nWyniki turnieju oldbojów rozegranego w Październiku 2008r.<br>\r\n<br>\r\nGrupa A<br>\r\nPyszne : Samorządowcy Krzeszowice 10:0<br>\r\nGawęcki P 2, Kmieć 2, Kardas W 2, Fryda 2, Zimoląg 1, Nowak 1<br>\r\n<br>\r\nWadów : Nordea 3:1<br>\r\nGruchała 2, Kalisz 1 - Wajler 1<br>\r\n<br>\r\nPyszne : Wadów 5:0<br>\r\nGawęcki P 1, Kmieć 2, Zimoląg 1, Fryda 1 <br>\r\n<br>\r\nNordea : Samorządowcy Krzeszowice 5:3<br>\r\nWajler 2, Pituła 2, Kopalski 1 - Baranowski 1, Pałka W 1, Godyń A 1<br>\r\n<br>\r\nPyszne : Nordea 6:2<br>\r\nKmieć 3, Kardas 1, Nowak 1, Gawęcki 1 - Pituła 1, Juszczyk 1<br>\r\n<br>\r\nSamorządowcy Krzeszowice : Wadów 3:1<br>\r\nBaranowski 2, Godyń 1<br>\r\n<br>\r\n<table style="margin:0 25%;"> <tr> <th colspan="2">Tabela grupa A</th></tr>\r\n<tr>\r\n    <td>1</td>\r\n    <td>Pyszne </td>\r\n    <td>3</td>\r\n    <td>9</td>\r\n    <td> 21:2</td>\r\n</tr>\r\n<tr>\r\n    <td>2</td>\r\n    <td>Nordea</td>\r\n    <td>3</td>\r\n    <td>3</td>\r\n    <td>8:12</td>\r\n</tr>\r\n<tr>\r\n    <td>3</td>\r\n    <td>Wadów</td>\r\n    <td>3</td>\r\n    <td>3</td>\r\n    <td>4:9</td>\r\n</tr>\r\n<tr>\r\n    <td>4</td>\r\n    <td>Samorządowcy Krzeszowice</td>\r\n    <td>3</td>\r\n    <td>3</td>\r\n    <td>6:16</td>\r\n</tr>\r\n</table>\r\n<br>\r\n<br>\r\nGrupa B <br>\r\n<br>\r\nValeo : KW Czatkowice 3:1<br>\r\nKurański 1, Ludwig 1, Czerny 1 - Gawroński 1<br>\r\n<br>\r\nRegulice : Trzemieśnia 3:0<br>\r\nKramarczyk Zb 1, Dudek 1, Rożnowski 1<br>\r\n<br>\r\nTrzemieśnia : Valeo 3:0<br>\r\nGórka W 1, Górka B 1, Bargiel 1<br>\r\n<br>\r\nRegulice : KW Czatkowice 3:0<br>\r\nDudek 1, Kramarczyk Zb. 1, Biel 1<br>\r\n<br>\r\nRegulice : Valeo 3:2<br>\r\nKramarczyk Zb 1, Kramarczyk J 1, Dudek 1 - Kurański 2<br>\r\n<br>\r\nKW Czatkowice : Trzemieśnia 3:4<br>\r\nŁątka 1, Bień 2 - Górka W 2, Górka B 2<br>\r\n<br>\r\n<table style="margin:0 32%;"> <tr> <th colspan="2">Tabela grupa B</th></tr>\r\n    <tr>\r\n        <td>1</td>\r\n        <td>Regulice</td>\r\n        <td>3</td>\r\n        <td>9</td>\r\n        <td>9:2</td>\r\n    </tr>\r\n     <tr>\r\n        <td>2</td>\r\n        <td>Trzemieśnia</td>\r\n        <td>3</td>\r\n        <td>6</td>\r\n        <td>7:6</td>\r\n    </tr>\r\n   <tr>\r\n        <td>3</td>\r\n        <td>Valeo</td>\r\n        <td>3</td>\r\n        <td>3</td>\r\n        <td>5:7</td>\r\n    </tr>\r\n   <tr>\r\n        <td>4</td>\r\n        <td>KW Czatkowice</td>\r\n        <td>3</td>\r\n        <td>0</td>\r\n        <td>4:10</td>\r\n    </tr>\r\n</table>\r\n<br>\r\nPółfinały <br>\r\nRegulice : Nordea 3:1<br>\r\nDudek M 1, Kramarczyk Zb 1, Kramarczyk J 1 - Waljer 1<br>\r\n<br>\r\nTrzemieśnia : Pyszne 2:9<br>\r\nDąbrowski 2 - Zimoląg 3, Kmieć3, Kościółek 1, Gaweł 1, Fryda 1<br>\r\n<br>\r\nFinał<br>\r\nPyszne : Regulice 2:0<br>\r\nFryda 1, Zimoląg 1<br>', NULL, NULL),
	(11, 'Turniej o puchar Przewodniczącej Rady Miejskiej', 'turniej-o-puchar-przewodniczacej-rady-miejskiej', '<p>Wyniki Zimowego Turnieju o Puchar Przewodniczacej Rady\r\nMiasta organizowanego przez UKS "Jedynka" Krzeszowice </p>\r\n<p> Trampkarze Mlodsi : </p>\r\n<p> UKS : Gorzanka 1:1 </p>\r\n<p> Wolanka : Tecza 0 : 6 </p>\r\n<p> UKS : Wolanka 9:0</p>\r\n<p> Tecza : Gorzanka 0:1 </p>\r\n<p> Tecza : UKS 3:1 </p>\r\n<p> Wolanka : Gorzanka 3 : 1 </p>\r\n<p> Turniej w kategorii Trampkarze Mlodsi wygrala Gorzanka.\r\nKrolem strzelcow zostal Labuzek z Teczy</p>\r\n<p>Trampkarze Starsi </p>\r\n<p>Tecza : Sankovia 1:5 </p>\r\n<p>UKS : Sankovia 9:2 </p>\r\n<p>UKS : Tecza 12:2 </p>\r\n<p> Turniej w kategorii Trampkarze Starsi wygral UKS.\r\nKrolami strzelcow zostali Mucha i Sarota obaj z UKS-u</p>\r\n<p>Juniorzy Mlodsi </p>\r\n<p>UKS : Tenczynek 5:4 </p>\r\n<p> Turniej w kategorii Juniorzy Mlodsi wygral UKS. Krolem\r\nstrzelcow zostal Czak z Teczy</p>\r\n<p>Juniorzy Starsi </p>\r\n<p>Wolanka : UKS 4:1 </p>\r\n<p> Turniej w kategorii Juniorzy Starsi wygrala Wolanka.\r\nKrolem strzelcow zostal Stafiej z Wolanki</p>', NULL, NULL),
	(12, 'Dzień dziecka 2008', 'dzien-dziecka-2008', 'Uczniowski Klub Sportowy "Jedynka" przy Gimnazjum w Krzeszowicach\r\nzorganizował blok imprez imprez rekreacyjno-sportowych z okazji Dnia\r\nDziecka.<br>\r\nWszystkie imprezy były zorganizowane we współpracy\r\nMiędzyszkolnego Ośrodka Sportowego w Krzeszowicach w ramach jubileuszu\r\n30 lecia MOS-u.<br>\r\n<br>\r\nW dniu 26 V 2008.r przeprowadzony został turniej halowej piłki nożnej\r\ndziewcząt z rocznika 1992 i młodszych. Patronat nad turniejem objęła Przewodnicząca\r\nRady Miejskiej w Krzeszowicach pani Marta Sobczyk , która ufundowała\r\npamiątkowe medale dla wszystkich uczestniczek zawodów. Do turnieju\r\nprzystąpiły reprezentantki 4 gimnazjów z naszej gminy tj. Gimnazjum\r\nZalas, Gimnazjum Nowa Góra, Gimnazjum Tenczynek oraz gospodynie\r\nturnieju Gimnazjum Krzeszowice.<br>\r\nA oto wyniki turnieju:<br>\r\n1.Nowa Góra : Tenczynek 3:0<br>\r\nSikora R.1<br>\r\nPałka K.1<br>\r\nKłeczek K.1<br>\r\n 2.Krzeszowice : Zalas 0:7 Gorczyca E 3,Gorczyca\r\nM 2,Czech K 1,Korzun1.<br>\r\n 3.Krzeszowice: Nowa Góra 0:5 Sikora R 2,Pałka K 2,Chudziak J 1.<br>\r\n 4.Zalas : Tenczynek 6:0<br>\r\nGorczyca E 4<br>\r\nKorzun E 1<br>\r\nSzklarska J 1<br>\r\n 5.Nowa : Góra Zalas 0: 2 Gorczyca E 2<br>\r\n 6.Krzeszowice : Tenczynek 1 : 1<br>\r\nCisak K 1<br>\r\nDomagalska M 1<br>\r\n<br>\r\nKolejność miejsc w turnieju : 1.Gimnazjum Zalas<br>2.Gimnazjum\r\nNowa Góra<br>\r\n3.Gimnazjum Tenczynek<br>4.Gimnazjum Krzeszowice.<br>\r\nNajlepszym bramkarzem turnieju została Małgorzata Biga z Tenczynka<br>\r\nNajlepszym strzelcem turnieju została Edyta Gorczyca z Zalasu<br>\r\nNajlepszym zawodnikiem turnieju została Katarzyna Czech z Zalasu.<br>\r\nW turnieju wystąpiło 40 zawodniczek.<br>\r\n<br>\r\n W dniu 29 V 2008r został przeprowadzony turniej halowej piłki\r\nnożnej chłopców z rocznika 1994 <br>\r\ni młodszych. Patronat nad turniejem objał Burmistrz Krzeszowic pan\r\nCzesław Bartl.<br>\r\nDo udziału w turnieju zgłosiły się następujące drużyny:UKS Trzebinia,\r\nOlimpijczyk Chrzanów,Prokocim Kraków,Kmita Zabierzów,UKS I\r\nKrzeszowice,UKS II Krzeszowice.<br>\r\nA oto wyniki turnieju:<br>\r\n1.Olimpijczyk Chrzanów : UKS II Krzeszowice 4 : 0<br>\r\nGaudyn 2,Górczyk1<br>\r\nPazgan1<br>\r\n2.Prokocim : Kmita Zabierzów 0 : 1<br>\r\nKadula P.1<br>\r\n3.UKS Krzeszowice : UKS Trzebinia 1 : 3<br>\r\nNawała B. 1 Kuciel M.1, Pająk J.1,Dudek A.1<br>\r\n4.UKS II Krzeszowice : Kmita Zabierzów 0 : 7<br>\r\nZając T.3, Żurek 2, Kadula P.1,Matacz 1<br>\r\n5. Olimpijczyk Chrzanów : UKS\r\nTrzebinia 1 : 5<br>\r\nGórczyk 1 Dudek A.2, Kuciel M.2,Leśniak 1<br>\r\n6.Prokocim Kraków : UKS I Krzeszowice 2: 0<br>\r\nFurtak J.2<br>\r\n7.Olimpijczyk Chrzanów : Kmita Zabierzów 5 :0<br>\r\nKlocek 2, Górczyk 1,Bębenek 1 Mierzwa 1<br>\r\n8.UKS Trzebinia : Prokocim Kraków 3 : 0<br>\r\nPająk J.2,Pudełek 1<br>\r\n9.UKS I Krzeszowice : UKS II Krzeszowice 3 : 1<br>\r\nKłosowski B.2 Kij P.1 Nawała B.1<br>\r\n10.Olimpijczyk Chrzanów : UKS I Krzeszowice 2 : 1<br>\r\n Bębenek 1, Mierzwa 1 Nawała B.1 <br>\r\n11.Prokocim Kraków : UKS II Krzeszowice 2 : 1<br>\r\nŁojszczyk 1, Nosal 1 Kłosowski B.1<br>\r\n12.UKS Trzebinia : Kmita Zabierzów 3: 1<br>\r\nPająk J.2, Kuciel 1 Gudowski D.1<br>\r\n13.Prokocim Kraków : Olimpijczyk Chrzanów2 : 3 <br>\r\nTupta 1, Furtak 1 Bieda 2, Gaudyn 1<br>\r\n14. UKS I Krzeszowice : Kmita Zabierzów 4 : 0<br>\r\n Nawała B.2,Toczek 1.Kozioł 1<br>\r\n15. UKS II Krzeszowice : UKS Trzebinia 0 : 5<br>\r\nPająk J.1,Dudek 1,Głuch 1.Okarmus 1,Kurzymski 1.<br>\r\n <br>\r\n Kolejność miejsc w turnieju przedstawia się następująco:<br>\r\n 1.UKS Trzebinia ,<br>2.Olimpijczyk<br>\r\nChrzanów,<br>3.UKS I Krzeszowice <br>4.Prokocim Kraków,<br>\r\n 5.Kmita Zabierzów <br>6.UKS II Krzeszowice.<br>\r\n Najlepszym zawodnikiem turnieju został\r\nJakub Pająk z Trzebini<br>\r\n Najlepszym bramkarzem turnieju został\r\nGudowski Dawid z Chrzanowa <br>\r\n Najlepszym strzelcem turnieju został\r\nDudek Andrzej z Trzebini.<br>\r\n <br>\r\n W turnieju wzięło udział 65 zawodników.<br>\r\n <br>\r\nW dniu 30 V 2008 przeprowadzony został turniej piłki siatkowej dziewcząt\r\ni chłopców z rocznika 1993 i młodszych .Patronat nad turniejem objął\r\nPrzewodniczący Komisji Promocji Gminy , Kultury,Sportu,Turystyki i\r\nRekreacji pan Jerzy Wieczorek.<br>\r\n Do turnieju zgłosiły się następujące drużyny: dziewczęta UKS Dobry Wynik\r\nKraków,Oświęcim, Bielsko Biała ,Rybna , MKS MOS MaratonKrzeszowice.\r\n<br>\r\nChłopcy: UKS Dobry Wynik Kraków I, UKS Dobry Wynik Kraków II,MKS\r\nAndrychów,Kęczanin Kęty,MKS MOS Maraton Krzeszowice.<br>\r\n<br>\r\nA oto wyniki turnieju :<br>\r\ndziewczęta\r\nchłopcy<br>\r\n1.Kraków : Rybna 2 :0\r\n1.Kraków II : Andrychów 0 : 2<br>\r\n2.Rybna : Oświęcim 2 :0\r\n2.Andrychów : Kęty 2 : 0<br>\r\n3.Krzeszowice : Kraków 1 :1\r\n3.Kraków I : Kraków II 2 : 0<br>\r\n4.Oświęcim :Krzeszowice 0 : 2\r\n4.Kraków I : Kęty2 : 0<br>\r\n5.Krzeszowice : Bielsko 0 : 2\r\n5.Krzeszowice : Kraków I 0 : 2<br>\r\n6.Bielsko : Kraków 1 :1\r\n6.Kęty : Kraków II 2 : 0<br>\r\n7.Krzeszowice: Rybna 2 :0\r\n7.Kraków II : Krzeszowice 0 : 2<br>\r\n8.Oświęcim : Bielsko 0 :2\r\n8.Krzeszowice : Andrychów 0 : 2<br>\r\n9.Bielsko : Rybna 2 :0\r\n9.Kęty : Krzeszowice 1 : 1<br>\r\n10.Kraków : Oświęcim 2 :0\r\n10.Andrychów : Kraków I 2 : 0<br>\r\n <br>\r\nKolejność miejsc przedstawia się następująco:<br>\r\ndziewczęta\r\nchłopcy<br>\r\n1.Bielsko\r\nBiała\r\n1.MKS Andrychów<br>\r\n2.UKS Dobry Wynik\r\nKraków\r\n2.UKS Dobry Wynik Kraków I<br>\r\n3.MKS MOS Maraton\r\nKrzeszowice\r\n3.Kęczanin Kęty <br>\r\n4.Rybna\r\n4.MKS MOS Maraton Krzeszowice<br>\r\n5.Oświęcim\r\n5.UKS Dobry Wynik Kraków II<br>\r\nW Turnieju wzięło udział 120 osób.<br>\r\nW dniu 1VI odbył się konkurs rzutów karnych strzelanych Arturowi\r\nSarnatowi byłemu bramkarzowi Wisły Kraków. W konkursie\r\nuczestniczyło 30 osób. Królem strzelców został Grzegorz Krzysiak .<br>\r\nW niedzielę również dzieci korzystały bezpłatnie z takich atrakcji jak\r\nzjeżdżalnia , zamek dmuchany,banghi.<br>\r\nCały blok imprez rekreacyjno- sportowych został zorganizowany w ramach\r\nZadania Publicznego Gminy pt."Upowszechnianie Współzawodnictwa i\r\nSzkolenia Sportowego w Gminie Krzeszowice. Uczniowski Klub Sportowy\r\n"Jedynka" składa serdeczne podziękowanie firmom ,które dofinansowały\r\norganizację Dnia Dziecka pt."Krzeszowice Dzieciom". Są to :pan\r\nKrzysztof Kramarczyk, Ambasador, Bostar , Chemmark, Elwast\r\nInstalterm, KOKO, Melba, Oknostyl, Olmar, Oriflame. <br>', NULL, NULL),
	(13, 'Turniej juniorów młodszych 2008', 'turniej-juniorow-mlodszych-2008', '<p>Uczniowski Klub Sportowy "Jedynka" przy Gimnazjum w\r\nKrzeszowicach\r\nzorganizowal Mikołajkowy Turniej Halowej Piłki Nożnej Juniorów\r\nMłodszych o puchar Burmistrza Gminy Krzeszowice.</p>\r\n<p> W turnieju wziely udzial druzyny : Prokocim Krakow,\r\nGrajpek Grajow,\r\nWisla Krakow , SMS Krakow, Krakus Nowa Huta, UKS I Krzeszowice, UKS II\r\nKrzeszowice </p>\r\n<p> Wyniki turnieju : </p>\r\n<p> Grupa A : </p>\r\n<p> SMS Krakow : Wisla 1:2 </p>\r\n<p> Stanislawczyk A 1 - Litewka D 1, Popowicz A 1 </p>\r\n<p> UKS I : Grajpek 0:0 </p>\r\n<p> SMS Krakow : UKS I 1:3 </p>\r\n<p> Kaszkowski A 1 - Sarota 2, Ciombor 1 </p>\r\n<p> Wisla : Grajpek 4:1 </p>\r\n<p> Chrapek 1, Kaczor 1, Marzec 2 - Malicki 1 </p>\r\n<p> UKS I : Wisla 0:2 </p>\r\n<p> Litewka 1, Skorski 1 </p>\r\n<p> SMS : Grajpek 2:0 </p>\r\n<p> Bukalski D 1, Swierczok J 1 </p>\r\n<p> Tabela grupa A </p>\r\n<p> 1.Wisla Krakow</p>\r\n<p> 2.UKS I </p>\r\n<p> 3.SMS Krakow </p>\r\n<p> 4.Grajpek Grajow </p>\r\n<p> Grupa B: </p>\r\n<p> Krakus : Prokocim 1:0 </p>\r\n<p> Wilga 1 </p>\r\n<p> Krakus : UKS II 7:0 </p>\r\n<p> Jagla 1, Gruszecki 2, Kuligowski 1, Labecki 2,\r\nZugajewicz 1 </p>\r\n<p> UKS II : Prokocim 2:5 </p>\r\n<p> Brzowskwinia 1, Wojcik 1, Mleczek 1, Cyburt 1, Pudlik 1\r\n</p>\r\n<p> Tabela grupa B </p>\r\n<p> 1.Krakus </p>\r\n<p> 2.Prokocim </p>\r\n<p> 3.UKS II </p>\r\n<p> Mecze o miejsca 5-7 </p>\r\n<p> UKS II : Grajpek 2:4 </p>\r\n<p> Gregorczyk 1, Janikowski 1 - Lesniak 2, Jaros 2 </p>\r\n<p> UKS II : SMS 1:6 </p>\r\n<p> Gregorczyk 1 - Bukalski 2, Nguyen 2 , Gubala 1,\r\nSwierczok 1 </p>\r\n<p> Polfinaly : </p>\r\n<p> Wisla : Prokocim 1:4 </p>\r\n<p> Curapek 1 - Mleczek 3, Dolczak 1 </p>\r\n<p> Krakus : UKS I 2:2 k.2:3 </p>\r\n<p> Trzos 1, Jagla 1 - Sarota 2 </p>\r\n<p> Mecz o 3 miejsce </p>\r\n<p> Wisla : Krakus 1:2 </p>\r\n<p> Kaczor 1 - Tabor 1, Labecki 1 </p>\r\n<p> Final </p>\r\n<p> Prokocim : UKS I 3:1 </p>\r\n<p> Palczak 1, Cyburt 1, Mleczek 1 - Sarota 1 </p>\r\n<p> Kolejnosc koncowa : </p>\r\n<p> 1.Prokocim Krakow </p>\r\n<p> 2.UKS I Krzeszowice </p>\r\n<p> 3.Krakus Nowa Huta </p>\r\n<p> 4.Wisla Krakow </p>\r\n<p> 5.SMS KRakow </p>\r\n<p> 6.Grajpek Grajow </p>\r\n<p> 7.UKS II Krzeszowice </p>\r\n<p> Najlepszy strzelec turnieju : Meczek Lukasz (Prokocim) </p>\r\n<p> Najlepszy zawodnik turnieju : Sarota Piotr (UKS I) </p>\r\n<p> Najlepszy bramkarz turnieju : Jekot Adrian (Krakus) </p>\r\n<br>', NULL, NULL),
	(14, 'Puchar burmistrza Krzeszowic 2009', 'puchar-burmistrza-krzeszowic-2009', 'W rozegranym w dniach 7-8 luty Turnieju Halowej Piłki Nożnej o Puchar\r\nBurmistrza Krzeszowic zwyciężyła drużyna ETA "Szóstka" Dąbrowa Górnicza\r\nprzed Adi I Wola Filipowska oraz UKS "Jedynka" Krzeszowice. Najlepszym\r\nstrzelcem turnieju został Piotr Sobczak z 7 bramkami,najlepszym\r\nzawodnikiem wybrano Artura Popławskiego (obaj ETA "Szóstka" Dąbrowa\r\nGórnicza) natomiast za najlepszego bramkarza turnieju uznano Piotra\r\nFilipka z drużyny Adi I Wola Filipowska.<br>\r\n<br>\r\nWyniki fazy finałowej:<br>\r\nUKS Jedynka Krzeszowice : Eta "Szóstka" Dąbrowa Górnicza 3:2<br>\r\nKupczyk Kraków : Adi II Wola Filipowska1:5<br>\r\nOldboje Krzeszowice : Adi I Wola Filipowska 2:3<br>\r\nKupczyk Kraków : ETA "Szóstka" Dąbrowa Górnicza 0:1<br>\r\nAdi I Wola Filipowska : Adi II Wola Filipowska 5:3<br>\r\nOldboje Krzeszowice : UKS Jedynka Krzeszowice 2:3<br>\r\nKupczyk : Adi I 1:2<br>\r\nETA "Szóstka" : Oldboje 11:2<br>\r\nAdi II : UKS I 2:4<br>\r\nETA "Szóstka" : Adi I 2:1<br>\r\nKupczyk : UKS I 3:0<br>\r\nOldboje : Adi II 4:6<br>\r\nAdi I : UKS Jedynka 2:0<br>\r\nKupczyk : Oldboje 6:1<br>\r\nAdi II : ETA "Szóstka" 2:5<br>\r\n<br>\r\nKlasyfikacja końcowa grupy finałowej :<br>\r\n1.ETA "Szóstka" Dąbrowa Górnicza<br>\r\n2.Adi I Wola Filipowska<br>\r\n3.UKS Jedynka Krzeszowice<br>\r\n4.Adi II Wola Filipowska<br>\r\n5.Kupczyk Kraków<br>\r\n6.Oldboje Krzeszowice<br>\r\n<br>\r\nPatronem medialnym turnieju był portal Futbol-Małopolska (futbol.org.pl)<br>\r\n<br>', NULL, NULL),
	(15, 'Tabela końcowa 1 ligi halowej 2008/2009', 'tabela-koncowa-1-ligi-halowej-2008-2009', '<table style="text-align: left; margin-left: auto; margin-right: auto;" border="1" bordercolor="#ff0000" cellpadding="2" cellspacing="3" width="605">\r\n<tbody>\r\n<tr>\r\n<td width="46">\r\nPoz\r\n</td>\r\n<td width="212">\r\nDruzyna\r\n</td>\r\n<td width="28">\r\nM\r\n</td>\r\n<td width="20">\r\nZ\r\n</td>\r\n<td width="22">\r\nR\r\n</td>\r\n<td width="20">\r\nP\r\n</td>\r\n<td width="60">\r\nB ZD\r\n</td>\r\n<td width="56">\r\nB ST\r\n</td>\r\n<td width="53">\r\nPKT\r\n</td>\r\n</tr>\r\n<tr>\r\n<td width="46">\r\n1\r\n</td>\r\n<td width="212">\r\nRed Devils\r\n</td>\r\n<td width="28">\r\n19\r\n</td>\r\n<td width="20">\r\n16\r\n</td>\r\n<td width="22">\r\n0\r\n</td>\r\n<td width="20">\r\n3\r\n</td>\r\n<td width="60">\r\n123\r\n</td>\r\n<td width="56">\r\n61\r\n</td>\r\n<td width="53">\r\n48\r\n</td>\r\n</tr>\r\n<tr>\r\n<td width="46">\r\n2\r\n</td>\r\n<td width="212">\r\nLong Street\r\n</td>\r\n<td width="28">\r\n19\r\n</td>\r\n<td width="20">\r\n13\r\n</td>\r\n<td width="22">\r\n2\r\n</td>\r\n<td width="20">\r\n4\r\n</td>\r\n<td width="60">\r\n118\r\n</td>\r\n<td width="56">\r\n67\r\n</td>\r\n<td width="53">\r\n41\r\n</td>\r\n</tr>\r\n<tr>\r\n<td width="46">\r\n3\r\n</td>\r\n<td width="212">\r\nAuto Stop Morawica\r\n</td>\r\n<td width="28">\r\n19\r\n</td>\r\n<td width="20">\r\n12\r\n</td>\r\n<td width="22">\r\n2\r\n</td>\r\n<td width="20">\r\n5\r\n</td>\r\n<td width="60">\r\n133\r\n</td>\r\n<td width="56">\r\n82\r\n</td>\r\n<td width="53">\r\n38\r\n</td>\r\n</tr>\r\n<tr>\r\n<td width="46">\r\n4</td>\r\n<td width="212">\r\nAdi\r\n</td>\r\n<td width="28">\r\n19\r\n</td>\r\n<td width="20">\r\n11\r\n</td>\r\n<td width="22">\r\n1\r\n</td>\r\n<td width="20">\r\n7\r\n</td>\r\n<td width="60">\r\n128\r\n</td>\r\n<td width="56">\r\n85\r\n</td>\r\n<td width="53">\r\n34\r\n</td>\r\n</tr>\r\n<tr>\r\n<td width="46">\r\n5\r\n</td>\r\n<td width="212">\r\nOldboje \r\n</td>\r\n<td width="28">\r\n19\r\n</td>\r\n<td width="20">\r\n10\r\n</td>\r\n<td width="22">\r\n1\r\n</td>\r\n<td width="20">\r\n8\r\n</td>\r\n<td width="60">\r\n110\r\n</td>\r\n<td width="56">\r\n95\r\n</td>\r\n<td width="53">\r\n31\r\n</td>\r\n</tr>\r\n<tr>\r\n<td width="46">\r\n6\r\n</td>\r\n<td width="212">\r\nM&#322;ode Wilki\r\n</td>\r\n<td width="28">\r\n19\r\n</td>\r\n<td width="20">\r\n9\r\n</td>\r\n<td width="22">\r\n2\r\n</td>\r\n<td width="20">\r\n8\r\n</td>\r\n<td width="60">\r\n121\r\n</td>\r\n<td width="56">\r\n113\r\n</td>\r\n<td width="53">\r\n29\r\n</td>\r\n</tr>\r\n<tr>\r\n<td width="46">\r\n7\r\n</td>\r\n<td width="212">\r\nUKS I\r\n</td>\r\n<td width="28">\r\n19\r\n</td>\r\n<td width="20">\r\n9\r\n</td>\r\n<td width="22">\r\n1\r\n</td>\r\n<td width="20">\r\n9\r\n</td>\r\n<td width="60">\r\n120\r\n</td>\r\n<td width="56">\r\n104\r\n</td>\r\n<td width="53">\r\n28\r\n</td>\r\n</tr>\r\n<tr>\r\n<td width="46">\r\n8\r\n</td>\r\n<td width="212">\r\nKW Czatkowice\r\n</td>\r\n<td width="28">\r\n19\r\n</td>\r\n<td width="20">\r\n6\r\n</td>\r\n<td width="22">\r\n1\r\n</td>\r\n<td width="20">\r\n12\r\n</td>\r\n<td width="60">\r\n113\r\n</td>\r\n<td width="56">\r\n152\r\n</td>\r\n<td width="53">\r\n19\r\n</td>\r\n</tr>\r\n</tbody>\r\n</table>\r\n<br>\r\n\r\n<table style="text-align: left; margin-left: auto; margin-right: auto;" border="1" bordercolor="#ff0000" cellpadding="2" cellspacing="3" width="605">\r\n<col width="46"> <col width="212">\r\n<col width="28"> <col width="20"><col width="22"> <col width="20"><col width="60"><col width="56"><col width="53"><col width="13"><tbody>\r\n</tbody><tbody>\r\n<tr>\r\n<td width="46">\r\n9\r\n</td>\r\n<td width="212">\r\nSantos\r\n</td>\r\n<td width="28">\r\n16\r\n</td>\r\n<td width="20">\r\n6\r\n</td>\r\n<td width="22">\r\n2\r\n</td>\r\n<td width="20">\r\n8\r\n</td>\r\n<td width="60">\r\n97\r\n</td>\r\n<td width="56">\r\n117\r\n</td>\r\n<td width="53">\r\n20\r\n</td>\r\n</tr>\r\n<tr>\r\n<td width="46">\r\n10\r\n</td>\r\n<td width="212">\r\nDesperado\r\n</td>\r\n<td width="28">\r\n16\r\n</td>\r\n<td width="20">\r\n5\r\n</td>\r\n<td width="22">\r\n2\r\n</td>\r\n<td width="20">\r\n9\r\n</td>\r\n<td width="60">\r\n60\r\n</td>\r\n<td width="56">\r\n88\r\n</td>\r\n<td width="53">\r\n17\r\n</td>\r\n</tr>\r\n<tr>\r\n<td width="46">\r\n11\r\n</td>\r\n<td width="212">\r\nTS Tornado\r\n</td>\r\n<td width="28">\r\n16\r\n</td>\r\n<td width="20">\r\n4\r\n</td>\r\n<td width="22">\r\n3\r\n</td>\r\n<td width="20">\r\n9\r\n</td>\r\n<td width="60">\r\n67\r\n</td>\r\n<td width="56">\r\n111\r\n</td>\r\n<td width="53">\r\n15\r\n</td>\r\n</tr>\r\n<tr>\r\n<td width="46">\r\n12\r\n</td>\r\n<td width="212">\r\nUKS II\r\n</td>\r\n<td width="28">\r\n16\r\n</td>\r\n<td width="20">\r\n4\r\n</td>\r\n<td width="22">\r\n0\r\n</td>\r\n<td width="20">\r\n12\r\n</td>\r\n<td width="60">\r\n62\r\n</td>\r\n<td width="56">\r\n118\r\n</td>\r\n<td width="53">\r\n12\r\n</td>\r\n</tr>\r\n<tr>\r\n<td width="46">\r\n13\r\n</td>\r\n<td width="212">\r\nTrojmiasto Team\r\n</td>\r\n<td width="28">\r\n16\r\n</td>\r\n<td width="20">\r\n2\r\n</td>\r\n<td width="22">\r\n1\r\n</td>\r\n<td width="20">\r\n13\r\n</td>\r\n<td width="60">\r\n59\r\n</td>\r\n<td width="56">\r\n108\r\n</td>\r\n<td width="53">\r\n7\r\n</td>\r\n</tr>\r\n</tbody>\r\n</table>\r\n<br>', NULL, NULL),
	(16, 'Tabela końcowa 2 ligi halowej 2008/2009', 'tabela-koncowa-2-ligi-halowej-2008-2009', '\r\n<table class="MsoNormalTable" style="margin-left: 1.4pt; border-collapse: collapse;" border="0" cellpadding="0" cellspacing="0">\r\n<tbody>\r\n<tr style="height: 19.85pt;">\r\n<td style="border-style: solid none solid solid; border-color: black -moz-use-text-color black black; border-width: 1pt medium 1pt 1pt; padding: 1.4pt; width: 40.4pt; height: 19.85pt;" width="54">\r\n<p class="Zawartotabeli" style="margin-bottom: 14.15pt; text-align: center;" align="center">Poz<o:p></o:p></p>\r\n</td>\r\n<td style="border-style: solid none solid solid; border-color: black -moz-use-text-color black black; border-width: 1pt medium 1pt 1pt; padding: 1.4pt; width: 178.85pt; height: 19.85pt;" width="238">\r\n<p class="Zawartotabeli" style="margin-bottom: 14.15pt; text-align: center;" align="center">Dru&#380;yna<o:p></o:p></p>\r\n</td>\r\n<td style="border-style: solid none solid solid; border-color: black -moz-use-text-color black black; border-width: 1pt medium 1pt 1pt; padding: 1.4pt; width: 25.45pt; height: 19.85pt;" width="34">\r\n<p class="Zawartotabeli" style="margin-bottom: 14.15pt; text-align: center;" align="center">M<o:p></o:p></p>\r\n</td>\r\n<td width="27">\r\n<p class="Zawartotabeli" style="margin-bottom: 14.15pt; text-align: center;" align="center">Z<o:p></o:p></p>\r\n</td>\r\n<td style="border-style: solid none solid solid; border-color: black -moz-use-text-color black black; border-width: 1pt medium 1pt 1pt; padding: 1.4pt; width: 20.95pt; height: 19.85pt;" width="28">\r\n<p class="Zawartotabeli" style="margin-bottom: 14.15pt; text-align: center;" align="center">R<o:p></o:p></p>\r\n</td>\r\n<td width="27">\r\n<p class="Zawartotabeli" style="margin-bottom: 14.15pt; text-align: center;" align="center">P<o:p></o:p></p>\r\n</td>\r\n<td style="border-style: solid none solid solid; border-color: black -moz-use-text-color black black; border-width: 1pt medium 1pt 1pt; padding: 1.4pt; width: 49.4pt; height: 19.85pt;" width="66">\r\n<p class="Zawartotabeli" style="margin-bottom: 14.15pt; text-align: center;" align="center">B ZD<o:p></o:p></p>\r\n</td>\r\n<td style="border-style: solid none solid solid; border-color: black -moz-use-text-color black black; border-width: 1pt medium 1pt 1pt; padding: 1.4pt; width: 46.4pt; height: 19.85pt;" width="62">\r\n<p class="Zawartotabeli" style="margin-bottom: 14.15pt; text-align: center;" align="center">B ST<o:p></o:p></p>\r\n</td>\r\n<td style="border: 1pt solid black; padding: 1.4pt; width: 51.9pt; height: 19.85pt;" width="69">\r\n<p class="Zawartotabeli" style="margin-bottom: 14.15pt; text-align: center;" align="center">PKT<o:p></o:p></p>\r\n</td>\r\n</tr>\r\n<tr style="height: 19.85pt;">\r\n<td style="border-style: none none solid solid; border-color: -moz-use-text-color -moz-use-text-color black black; border-width: medium medium 1pt 1pt; padding: 1.4pt; width: 40.4pt; height: 19.85pt;" width="54">\r\n<p class="Zawartotabeli" style="margin-bottom: 14.15pt; text-align: center;" align="center">1<o:p></o:p></p>\r\n</td>\r\n<td style="border-style: none none solid solid; border-color: -moz-use-text-color -moz-use-text-color black black; border-width: medium medium 1pt 1pt; padding: 1.4pt; width: 178.85pt; height: 19.85pt;" width="238">\r\n<p class="Zawartotabeli" style="margin-bottom: 14.15pt; text-align: center;" align="center">JOTPE<o:p></o:p></p>\r\n</td>\r\n<td style="border-style: none none solid solid; border-color: -moz-use-text-color -moz-use-text-color black black; border-width: medium medium 1pt 1pt; padding: 1.4pt; width: 25.45pt; height: 19.85pt;" width="34">\r\n<p class="Zawartotabeli" style="margin-bottom: 14.15pt; text-align: center;" align="center">19<o:p></o:p></p>\r\n</td>\r\n<td style="border-style: none none solid solid; border-color: -moz-use-text-color -moz-use-text-color black black; border-width: medium medium 1pt 1pt; padding: 1.4pt; width: 20.2pt; height: 19.85pt;" width="27">\r\n<p class="Zawartotabeli" style="margin-bottom: 14.15pt; text-align: center;" align="center">14<o:p></o:p></p>\r\n</td>\r\n<td style="border-style: none none solid solid; border-color: -moz-use-text-color -moz-use-text-color black black; border-width: medium medium 1pt 1pt; padding: 1.4pt; width: 20.95pt; height: 19.85pt;" width="28">\r\n<p class="Zawartotabeli" style="margin-bottom: 14.15pt; text-align: center;" align="center">3<o:p></o:p></p>\r\n</td>\r\n<td style="border-style: none none solid solid; border-color: -moz-use-text-color -moz-use-text-color black black; border-width: medium medium 1pt 1pt; padding: 1.4pt; width: 20.2pt; height: 19.85pt;" width="27">\r\n<p class="Zawartotabeli" style="margin-bottom: 14.15pt; text-align: center;" align="center">2<o:p></o:p></p>\r\n</td>\r\n<td style="border-style: none none solid solid; border-color: -moz-use-text-color -moz-use-text-color black black; border-width: medium medium 1pt 1pt; padding: 1.4pt; width: 49.4pt; height: 19.85pt;" width="66">\r\n<p class="Zawartotabeli" style="margin-bottom: 14.15pt; text-align: center;" align="center">121<o:p></o:p></p>\r\n</td>\r\n<td style="border-style: none none solid solid; border-color: -moz-use-text-color -moz-use-text-color black black; border-width: medium medium 1pt 1pt; padding: 1.4pt; width: 46.4pt; height: 19.85pt;" width="62">\r\n<p class="Zawartotabeli" style="margin-bottom: 14.15pt; text-align: center;" align="center">58<o:p></o:p></p>\r\n</td>\r\n<td style="border-style: none solid solid; border-color: -moz-use-text-color black black; border-width: medium 1pt 1pt; padding: 1.4pt; width: 51.9pt; height: 19.85pt;" width="69">\r\n<p class="Zawartotabeli" style="margin-bottom: 14.15pt; text-align: center;" align="center">45<o:p></o:p></p>\r\n</td>\r\n</tr>\r\n<tr style="height: 19.85pt;">\r\n<td style="border-style: none none solid solid; border-color: -moz-use-text-color -moz-use-text-color black black; border-width: medium medium 1pt 1pt; padding: 1.4pt; width: 40.4pt; height: 19.85pt;" width="54">\r\n<p class="Zawartotabeli" style="margin-bottom: 14.15pt; text-align: center;" align="center">2<o:p></o:p></p>\r\n</td>\r\n<td style="border-style: none none solid solid; border-color: -moz-use-text-color -moz-use-text-color black black; border-width: medium medium 1pt 1pt; padding: 1.4pt; width: 178.85pt; height: 19.85pt;" width="238">\r\n<p class="Zawartotabeli" style="margin-bottom: 14.15pt; text-align: center;" align="center">Kaprin<o:p></o:p></p>\r\n</td>\r\n<td style="border-style: none none solid solid; border-color: -moz-use-text-color -moz-use-text-color black black; border-width: medium medium 1pt 1pt; padding: 1.4pt; width: 25.45pt; height: 19.85pt;" width="34">\r\n<p class="Zawartotabeli" style="margin-bottom: 14.15pt; text-align: center;" align="center">19<o:p></o:p></p>\r\n</td>\r\n<td style="border-style: none none solid solid; border-color: -moz-use-text-color -moz-use-text-color black black; border-width: medium medium 1pt 1pt; padding: 1.4pt; width: 20.2pt; height: 19.85pt;" width="27">\r\n<p class="Zawartotabeli" style="margin-bottom: 14.15pt; text-align: center;" align="center">14<o:p></o:p></p>\r\n</td>\r\n<td style="border-style: none none solid solid; border-color: -moz-use-text-color -moz-use-text-color black black; border-width: medium medium 1pt 1pt; padding: 1.4pt; width: 20.95pt; height: 19.85pt;" width="28">\r\n<p class="Zawartotabeli" style="margin-bottom: 14.15pt; text-align: center;" align="center">1<o:p></o:p></p>\r\n</td>\r\n<td style="border-style: none none solid solid; border-color: -moz-use-text-color -moz-use-text-color black black; border-width: medium medium 1pt 1pt; padding: 1.4pt; width: 20.2pt; height: 19.85pt;" width="27">\r\n<p class="Zawartotabeli" style="margin-bottom: 14.15pt; text-align: center;" align="center">4<o:p></o:p></p>\r\n</td>\r\n<td style="border-style: none none solid solid; border-color: -moz-use-text-color -moz-use-text-color black black; border-width: medium medium 1pt 1pt; padding: 1.4pt; width: 49.4pt; height: 19.85pt;" width="66">\r\n<p class="Zawartotabeli" style="margin-bottom: 14.15pt; text-align: center;" align="center">170<o:p></o:p></p>\r\n</td>\r\n<td style="border-style: none none solid solid; border-color: -moz-use-text-color -moz-use-text-color black black; border-width: medium medium 1pt 1pt; padding: 1.4pt; width: 46.4pt; height: 19.85pt;" width="62">\r\n<p class="Zawartotabeli" style="margin-bottom: 14.15pt; text-align: center;" align="center">80<o:p></o:p></p>\r\n</td>\r\n<td style="border-style: none solid solid; border-color: -moz-use-text-color black black; border-width: medium 1pt 1pt; padding: 1.4pt; width: 51.9pt; height: 19.85pt;" width="69">\r\n<p class="Zawartotabeli" style="margin-bottom: 14.15pt; text-align: center;" align="center">43<o:p></o:p></p>\r\n</td>\r\n</tr>\r\n<tr style="height: 19.85pt;">\r\n<td style="border-style: none none solid solid; border-color: -moz-use-text-color -moz-use-text-color black black; border-width: medium medium 1pt 1pt; padding: 1.4pt; width: 40.4pt; height: 19.85pt;" width="54">\r\n<p class="Zawartotabeli" style="margin-bottom: 14.15pt; text-align: center;" align="center">3<o:p></o:p></p>\r\n</td>\r\n<td style="border-style: none none solid solid; border-color: -moz-use-text-color -moz-use-text-color black black; border-width: medium medium 1pt 1pt; padding: 1.4pt; width: 178.85pt; height: 19.85pt;" width="238">\r\n<p class="Zawartotabeli" style="margin-bottom: 14.15pt; text-align: center;" align="center">Erbud<o:p></o:p></p>\r\n</td>\r\n<td style="border-style: none none solid solid; border-color: -moz-use-text-color -moz-use-text-color black black; border-width: medium medium 1pt 1pt; padding: 1.4pt; width: 25.45pt; height: 19.85pt;" width="34">\r\n<p class="Zawartotabeli" style="margin-bottom: 14.15pt; text-align: center;" align="center">19<o:p></o:p></p>\r\n</td>\r\n<td style="border-style: none none solid solid; border-color: -moz-use-text-color -moz-use-text-color black black; border-width: medium medium 1pt 1pt; padding: 1.4pt; width: 20.2pt; height: 19.85pt;" width="27">\r\n<p class="Zawartotabeli" style="margin-bottom: 14.15pt; text-align: center;" align="center">13<o:p></o:p></p>\r\n</td>\r\n<td style="border-style: none none solid solid; border-color: -moz-use-text-color -moz-use-text-color black black; border-width: medium medium 1pt 1pt; padding: 1.4pt; width: 20.95pt; height: 19.85pt;" width="28">\r\n<p class="Zawartotabeli" style="margin-bottom: 14.15pt; text-align: center;" align="center">3<o:p></o:p></p>\r\n</td>\r\n<td style="border-style: none none solid solid; border-color: -moz-use-text-color -moz-use-text-color black black; border-width: medium medium 1pt 1pt; padding: 1.4pt; width: 20.2pt; height: 19.85pt;" width="27">\r\n<p class="Zawartotabeli" style="margin-bottom: 14.15pt; text-align: center;" align="center">3<o:p></o:p></p>\r\n</td>\r\n<td style="border-style: none none solid solid; border-color: -moz-use-text-color -moz-use-text-color black black; border-width: medium medium 1pt 1pt; padding: 1.4pt; width: 49.4pt; height: 19.85pt;" width="66">\r\n<p class="Zawartotabeli" style="margin-bottom: 14.15pt; text-align: center;" align="center">83<o:p></o:p></p>\r\n</td>\r\n<td style="border-style: none none solid solid; border-color: -moz-use-text-color -moz-use-text-color black black; border-width: medium medium 1pt 1pt; padding: 1.4pt; width: 46.4pt; height: 19.85pt;" width="62">\r\n<p class="Zawartotabeli" style="margin-bottom: 14.15pt; text-align: center;" align="center">53<o:p></o:p></p>\r\n</td>\r\n<td style="border-style: none solid solid; border-color: -moz-use-text-color black black; border-width: medium 1pt 1pt; padding: 1.4pt; width: 51.9pt; height: 19.85pt;" width="69">\r\n<p class="Zawartotabeli" style="margin-bottom: 14.15pt; text-align: center;" align="center">42<o:p></o:p></p>\r\n</td>\r\n</tr>\r\n<tr style="height: 19.85pt;">\r\n<td style="border-style: none none solid solid; border-color: -moz-use-text-color -moz-use-text-color black black; border-width: medium medium 1pt 1pt; padding: 1.4pt; width: 40.4pt; height: 19.85pt;" width="54">\r\n<p class="Zawartotabeli" style="margin-bottom: 14.15pt; text-align: center;" align="center">4<o:p></o:p></p>\r\n</td>\r\n<td style="border-style: none none solid solid; border-color: -moz-use-text-color -moz-use-text-color black black; border-width: medium medium 1pt 1pt; padding: 1.4pt; width: 178.85pt; height: 19.85pt;" width="238">\r\n<p class="Zawartotabeli" style="margin-bottom: 14.15pt; text-align: center;" align="center">Fire Brigade<o:p></o:p></p>\r\n</td>\r\n<td style="border-style: none none solid solid; border-color: -moz-use-text-color -moz-use-text-color black black; border-width: medium medium 1pt 1pt; padding: 1.4pt; width: 25.45pt; height: 19.85pt;" width="34">\r\n<p class="Zawartotabeli" style="margin-bottom: 14.15pt; text-align: center;" align="center">19<o:p></o:p></p>\r\n</td>\r\n<td style="border-style: none none solid solid; border-color: -moz-use-text-color -moz-use-text-color black black; border-width: medium medium 1pt 1pt; padding: 1.4pt; width: 20.2pt; height: 19.85pt;" width="27">\r\n<p class="Zawartotabeli" style="margin-bottom: 14.15pt; text-align: center;" align="center">11<o:p></o:p></p>\r\n</td>\r\n<td style="border-style: none none solid solid; border-color: -moz-use-text-color -moz-use-text-color black black; border-width: medium medium 1pt 1pt; padding: 1.4pt; width: 20.95pt; height: 19.85pt;" width="28">\r\n<p class="Zawartotabeli" style="margin-bottom: 14.15pt; text-align: center;" align="center">0<o:p></o:p></p>\r\n</td>\r\n<td style="border-style: none none solid solid; border-color: -moz-use-text-color -moz-use-text-color black black; border-width: medium medium 1pt 1pt; padding: 1.4pt; width: 20.2pt; height: 19.85pt;" width="27">\r\n<p class="Zawartotabeli" style="margin-bottom: 14.15pt; text-align: center;" align="center">8<o:p></o:p></p>\r\n</td>\r\n<td style="border-style: none none solid solid; border-color: -moz-use-text-color -moz-use-text-color black black; border-width: medium medium 1pt 1pt; padding: 1.4pt; width: 49.4pt; height: 19.85pt;" width="66">\r\n<p class="Zawartotabeli" style="margin-bottom: 14.15pt; text-align: center;" align="center">111<o:p></o:p></p>\r\n</td>\r\n<td style="border-style: none none solid solid; border-color: -moz-use-text-color -moz-use-text-color black black; border-width: medium medium 1pt 1pt; padding: 1.4pt; width: 46.4pt; height: 19.85pt;" width="62">\r\n<p class="Zawartotabeli" style="margin-bottom: 14.15pt; text-align: center;" align="center">75<o:p></o:p></p>\r\n</td>\r\n<td style="border-style: none solid solid; border-color: -moz-use-text-color black black; border-width: medium 1pt 1pt; padding: 1.4pt; width: 51.9pt; height: 19.85pt;" width="69">\r\n<p class="Zawartotabeli" style="margin-bottom: 14.15pt; text-align: center;" align="center">33<o:p></o:p></p>\r\n</td>\r\n</tr>\r\n<tr style="height: 19.85pt;">\r\n<td style="border-style: none none solid solid; border-color: -moz-use-text-color -moz-use-text-color black black; border-width: medium medium 1pt 1pt; padding: 1.4pt; width: 40.4pt; height: 19.85pt;" width="54">\r\n<p class="Zawartotabeli" style="margin-bottom: 14.15pt; text-align: center;" align="center">5<o:p></o:p></p>\r\n</td>\r\n<td style="border-style: none none solid solid; border-color: -moz-use-text-color -moz-use-text-color black black; border-width: medium medium 1pt 1pt; padding: 1.4pt; width: 178.85pt; height: 19.85pt;" width="238">\r\n<p class="Zawartotabeli" style="margin-bottom: 14.15pt; text-align: center;" align="center">Zalas<o:p></o:p></p>\r\n</td>\r\n<td style="border-style: none none solid solid; border-color: -moz-use-text-color -moz-use-text-color black black; border-width: medium medium 1pt 1pt; padding: 1.4pt; width: 25.45pt; height: 19.85pt;" width="34">\r\n<p class="Zawartotabeli" style="margin-bottom: 14.15pt; text-align: center;" align="center">19<o:p></o:p></p>\r\n</td>\r\n<td style="border-style: none none solid solid; border-color: -moz-use-text-color -moz-use-text-color black black; border-width: medium medium 1pt 1pt; padding: 1.4pt; width: 20.2pt; height: 19.85pt;" width="27">\r\n<p class="Zawartotabeli" style="margin-bottom: 14.15pt; text-align: center;" align="center">10<o:p></o:p></p>\r\n</td>\r\n<td style="border-style: none none solid solid; border-color: -moz-use-text-color -moz-use-text-color black black; border-width: medium medium 1pt 1pt; padding: 1.4pt; width: 20.95pt; height: 19.85pt;" width="28">\r\n<p class="Zawartotabeli" style="margin-bottom: 14.15pt; text-align: center;" align="center">0<o:p></o:p></p>\r\n</td>\r\n<td style="border-style: none none solid solid; border-color: -moz-use-text-color -moz-use-text-color black black; border-width: medium medium 1pt 1pt; padding: 1.4pt; width: 20.2pt; height: 19.85pt;" width="27">\r\n<p class="Zawartotabeli" style="margin-bottom: 14.15pt; text-align: center;" align="center">9<o:p></o:p></p>\r\n</td>\r\n<td style="border-style: none none solid solid; border-color: -moz-use-text-color -moz-use-text-color black black; border-width: medium medium 1pt 1pt; padding: 1.4pt; width: 49.4pt; height: 19.85pt;" width="66">\r\n<p class="Zawartotabeli" style="margin-bottom: 14.15pt; text-align: center;" align="center">99<o:p></o:p></p>\r\n</td>\r\n<td style="border-style: none none solid solid; border-color: -moz-use-text-color -moz-use-text-color black black; border-width: medium medium 1pt 1pt; padding: 1.4pt; width: 46.4pt; height: 19.85pt;" width="62">\r\n<p class="Zawartotabeli" style="margin-bottom: 14.15pt; text-align: center;" align="center">73<o:p></o:p></p>\r\n</td>\r\n<td style="border-style: none solid solid; border-color: -moz-use-text-color black black; border-width: medium 1pt 1pt; padding: 1.4pt; width: 51.9pt; height: 19.85pt;" width="69">\r\n<p class="Zawartotabeli" style="margin-bottom: 14.15pt; text-align: center;" align="center">30<o:p></o:p></p>\r\n</td>\r\n</tr>\r\n<tr style="height: 19.85pt;">\r\n<td style="border-style: none none solid solid; border-color: -moz-use-text-color -moz-use-text-color black black; border-width: medium medium 1pt 1pt; padding: 1.4pt; width: 40.4pt; height: 19.85pt;" width="54">\r\n<p class="Zawartotabeli" style="margin-bottom: 14.15pt; text-align: center;" align="center">6<o:p></o:p></p>\r\n</td>\r\n<td style="border-style: none none solid solid; border-color: -moz-use-text-color -moz-use-text-color black black; border-width: medium medium 1pt 1pt; padding: 1.4pt; width: 178.85pt; height: 19.85pt;" width="238">\r\n<p class="Zawartotabeli" style="margin-bottom: 14.15pt; text-align: center;" align="center">Palmeiras <o:p></o:p></p>\r\n</td>\r\n<td style="border-style: none none solid solid; border-color: -moz-use-text-color -moz-use-text-color black black; border-width: medium medium 1pt 1pt; padding: 1.4pt; width: 25.45pt; height: 19.85pt;" width="34">\r\n<p class="Zawartotabeli" style="margin-bottom: 14.15pt; text-align: center;" align="center">19<o:p></o:p></p>\r\n</td>\r\n<td style="border-style: none none solid solid; border-color: -moz-use-text-color -moz-use-text-color black black; border-width: medium medium 1pt 1pt; padding: 1.4pt; width: 20.2pt; height: 19.85pt;" width="27">\r\n<p class="Zawartotabeli" style="margin-bottom: 14.15pt; text-align: center;" align="center">9<o:p></o:p></p>\r\n</td>\r\n<td style="border-style: none none solid solid; border-color: -moz-use-text-color -moz-use-text-color black black; border-width: medium medium 1pt 1pt; padding: 1.4pt; width: 20.95pt; height: 19.85pt;" width="28">\r\n<p class="Zawartotabeli" style="margin-bottom: 14.15pt; text-align: center;" align="center">1<o:p></o:p></p>\r\n</td>\r\n<td style="border-style: none none solid solid; border-color: -moz-use-text-color -moz-use-text-color black black; border-width: medium medium 1pt 1pt; padding: 1.4pt; width: 20.2pt; height: 19.85pt;" width="27">\r\n<p class="Zawartotabeli" style="margin-bottom: 14.15pt; text-align: center;" align="center">9<o:p></o:p></p>\r\n</td>\r\n<td style="border-style: none none solid solid; border-color: -moz-use-text-color -moz-use-text-color black black; border-width: medium medium 1pt 1pt; padding: 1.4pt; width: 49.4pt; height: 19.85pt;" width="66">\r\n<p class="Zawartotabeli" style="margin-bottom: 14.15pt; text-align: center;" align="center">90<o:p></o:p></p>\r\n</td>\r\n<td style="border-style: none none solid solid; border-color: -moz-use-text-color -moz-use-text-color black black; border-width: medium medium 1pt 1pt; padding: 1.4pt; width: 46.4pt; height: 19.85pt;" width="62">\r\n<p class="Zawartotabeli" style="margin-bottom: 14.15pt; text-align: center;" align="center">96<o:p></o:p></p>\r\n</td>\r\n<td style="border-style: none solid solid; border-color: -moz-use-text-color black black; border-width: medium 1pt 1pt; padding: 1.4pt; width: 51.9pt; height: 19.85pt;" width="69">\r\n<p class="Zawartotabeli" style="margin-bottom: 14.15pt; text-align: center;" align="center">26<o:p></o:p></p>\r\n</td>\r\n</tr>\r\n<tr style="height: 19.85pt;">\r\n<td style="border-style: none none none solid; border-color: -moz-use-text-color -moz-use-text-color -moz-use-text-color black; border-width: medium medium medium 1pt; padding: 1.4pt; width: 40.4pt; height: 19.85pt;" width="54">\r\n<p class="Zawartotabeli" style="margin-bottom: 14.15pt; text-align: center;" align="center">7<o:p></o:p></p>\r\n</td>\r\n<td style="border-style: none none none solid; border-color: -moz-use-text-color -moz-use-text-color -moz-use-text-color black; border-width: medium medium medium 1pt; padding: 1.4pt; width: 178.85pt; height: 19.85pt;" width="238">\r\n<p class="Zawartotabeli" style="margin-bottom: 14.15pt; text-align: center;" align="center">Fitball <o:p></o:p></p>\r\n</td>\r\n<td style="border-style: none none none solid; border-color: -moz-use-text-color -moz-use-text-color -moz-use-text-color black; border-width: medium medium medium 1pt; padding: 1.4pt; width: 25.45pt; height: 19.85pt;" width="34">\r\n<p class="Zawartotabeli" style="margin-bottom: 14.15pt; text-align: center;" align="center">19<o:p></o:p></p>\r\n</td>\r\n<td style="border-style: none none none solid; border-color: -moz-use-text-color -moz-use-text-color -moz-use-text-color black; border-width: medium medium medium 1pt; padding: 1.4pt; width: 20.2pt; height: 19.85pt;" width="27">\r\n<p class="Zawartotabeli" style="margin-bottom: 14.15pt; text-align: center;" align="center">8<o:p></o:p></p>\r\n</td>\r\n<td style="border-style: none none none solid; border-color: -moz-use-text-color -moz-use-text-color -moz-use-text-color black; border-width: medium medium medium 1pt; padding: 1.4pt; width: 20.95pt; height: 19.85pt;" width="28">\r\n<p class="Zawartotabeli" style="margin-bottom: 14.15pt; text-align: center;" align="center">1<o:p></o:p></p>\r\n</td>\r\n<td style="border-style: none none none solid; border-color: -moz-use-text-color -moz-use-text-color -moz-use-text-color black; border-width: medium medium medium 1pt; padding: 1.4pt; width: 20.2pt; height: 19.85pt;" width="27">\r\n<p class="Zawartotabeli" style="margin-bottom: 14.15pt; text-align: center;" align="center">10<o:p></o:p></p>\r\n</td>\r\n<td style="border-style: none none none solid; border-color: -moz-use-text-color -moz-use-text-color -moz-use-text-color black; border-width: medium medium medium 1pt; padding: 1.4pt; width: 49.4pt; height: 19.85pt;" width="66">\r\n<p class="Zawartotabeli" style="margin-bottom: 14.15pt; text-align: center;" align="center">73<o:p></o:p></p>\r\n</td>\r\n<td style="border-style: none none none solid; border-color: -moz-use-text-color -moz-use-text-color -moz-use-text-color black; border-width: medium medium medium 1pt; padding: 1.4pt; width: 46.4pt; height: 19.85pt;" width="62">\r\n<p class="Zawartotabeli" style="margin-bottom: 14.15pt; text-align: center;" align="center">68<o:p></o:p></p>\r\n</td>\r\n<td style="border-style: none solid; border-color: -moz-use-text-color black; border-width: medium 1pt; padding: 1.4pt; width: 51.9pt; height: 19.85pt;" width="69">\r\n<p class="Zawartotabeli" style="margin-bottom: 14.15pt; text-align: center;" align="center">25<o:p></o:p></p>\r\n</td>\r\n</tr>\r\n<tr style="height: 19.85pt;">\r\n<td style="border-style: none none solid; border-color: -moz-use-text-color -moz-use-text-color windowtext; border-width: medium medium 6pt; padding: 1.4pt; width: 40.4pt; height: 19.85pt;" width="54">\r\n<p class="Zawartotabeli" style="margin-bottom: 14.15pt; text-align: center;" align="center">8<o:p></o:p></p>\r\n</td>\r\n<td style="border-style: none none solid; border-color: -moz-use-text-color -moz-use-text-color windowtext; border-width: medium medium 6pt; padding: 1.4pt; width: 178.85pt; height: 19.85pt;" width="238">\r\n<p class="Zawartotabeli" style="margin-bottom: 14.15pt; text-align: center;" align="center">UKS III<o:p></o:p></p>\r\n</td>\r\n<td style="border-style: none none solid; border-color: -moz-use-text-color -moz-use-text-color windowtext; border-width: medium medium 6pt; padding: 1.4pt; width: 25.45pt; height: 19.85pt;" width="34">\r\n<p class="Zawartotabeli" style="margin-bottom: 14.15pt; text-align: center;" align="center">19<o:p></o:p></p>\r\n</td>\r\n<td style="border-style: none none solid; border-color: -moz-use-text-color -moz-use-text-color windowtext; border-width: medium medium 6pt; padding: 1.4pt; width: 20.2pt; height: 19.85pt;" width="27">\r\n<p class="Zawartotabeli" style="margin-bottom: 14.15pt; text-align: center;" align="center">8<o:p></o:p></p>\r\n</td>\r\n<td style="border-style: none none solid; border-color: -moz-use-text-color -moz-use-text-color windowtext; border-width: medium medium 6pt; padding: 1.4pt; width: 20.95pt; height: 19.85pt;" width="28">\r\n<p class="Zawartotabeli" style="margin-bottom: 14.15pt; text-align: center;" align="center">1<o:p></o:p></p>\r\n</td>\r\n<td style="border-style: none none solid; border-color: -moz-use-text-color -moz-use-text-color windowtext; border-width: medium medium 6pt; padding: 1.4pt; width: 20.2pt; height: 19.85pt;" width="27">\r\n<p class="Zawartotabeli" style="margin-bottom: 14.15pt; text-align: center;" align="center">10<o:p></o:p></p>\r\n</td>\r\n<td style="border-style: none none solid; border-color: -moz-use-text-color -moz-use-text-color windowtext; border-width: medium medium 6pt; padding: 1.4pt; width: 49.4pt; height: 19.85pt;" width="66">\r\n<p class="Zawartotabeli" style="margin-bottom: 14.15pt; text-align: center;" align="center">76<o:p></o:p></p>\r\n</td>\r\n<td style="border-style: none none solid; border-color: -moz-use-text-color -moz-use-text-color windowtext; border-width: medium medium 6pt; padding: 1.4pt; width: 46.4pt; height: 19.85pt;" width="62">\r\n<p class="Zawartotabeli" style="margin-bottom: 14.15pt; text-align: center;" align="center">95<o:p></o:p></p>\r\n</td>\r\n<td style="border-style: none none solid; border-color: -moz-use-text-color -moz-use-text-color windowtext; border-width: medium medium 6pt; padding: 1.4pt; width: 51.9pt; height: 19.85pt;" width="69">\r\n<p class="Zawartotabeli" style="margin-bottom: 14.15pt; text-align: center;" align="center">25<o:p></o:p></p>\r\n</td>\r\n</tr>\r\n<tr style="height: 19.85pt;">\r\n<td style="border-style: none none solid solid; border-color: -moz-use-text-color -moz-use-text-color black black; border-width: medium medium 1pt 1pt; padding: 1.4pt; width: 40.4pt; height: 19.85pt;" width="54">\r\n<p class="Zawartotabeli" style="margin-bottom: 14.15pt; text-align: center;" align="center">9<o:p></o:p></p>\r\n</td>\r\n<td style="border-style: none none solid solid; border-color: -moz-use-text-color -moz-use-text-color black black; border-width: medium medium 1pt 1pt; padding: 1.4pt; width: 178.85pt; height: 19.85pt;" width="238">\r\n<p class="Zawartotabeli" style="margin-bottom: 14.15pt; text-align: center;" align="center">Drewmir<o:p></o:p></p>\r\n</td>\r\n<td style="border-style: none none solid solid; border-color: -moz-use-text-color -moz-use-text-color black black; border-width: medium medium 1pt 1pt; padding: 1.4pt; width: 25.45pt; height: 19.85pt;" width="34">\r\n<p class="Zawartotabeli" style="margin-bottom: 14.15pt; text-align: center;" align="center">16<o:p></o:p></p>\r\n</td>\r\n<td style="border-style: none none solid solid; border-color: -moz-use-text-color -moz-use-text-color black black; border-width: medium medium 1pt 1pt; padding: 1.4pt; width: 20.2pt; height: 19.85pt;" width="27">\r\n<p class="Zawartotabeli" style="margin-bottom: 14.15pt; text-align: center;" align="center">6<o:p></o:p></p>\r\n</td>\r\n<td style="border-style: none none solid solid; border-color: -moz-use-text-color -moz-use-text-color black black; border-width: medium medium 1pt 1pt; padding: 1.4pt; width: 20.95pt; height: 19.85pt;" width="28">\r\n<p class="Zawartotabeli" style="margin-bottom: 14.15pt; text-align: center;" align="center">2<o:p></o:p></p>\r\n</td>\r\n<td style="border-style: none none solid solid; border-color: -moz-use-text-color -moz-use-text-color black black; border-width: medium medium 1pt 1pt; padding: 1.4pt; width: 20.2pt; height: 19.85pt;" width="27">\r\n<p class="Zawartotabeli" style="margin-bottom: 14.15pt; text-align: center;" align="center">8<o:p></o:p></p>\r\n</td>\r\n<td style="border-style: none none solid solid; border-color: -moz-use-text-color -moz-use-text-color black black; border-width: medium medium 1pt 1pt; padding: 1.4pt; width: 49.4pt; height: 19.85pt;" width="66">\r\n<p class="Zawartotabeli" style="margin-bottom: 14.15pt; text-align: center;" align="center">53<o:p></o:p></p>\r\n</td>\r\n<td style="border-style: none none solid solid; border-color: -moz-use-text-color -moz-use-text-color black black; border-width: medium medium 1pt 1pt; padding: 1.4pt; width: 46.4pt; height: 19.85pt;" width="62">\r\n<p class="Zawartotabeli" style="margin-bottom: 14.15pt; text-align: center;" align="center">67<o:p></o:p></p>\r\n</td>\r\n<td style="border-style: none solid solid; border-color: -moz-use-text-color black black; border-width: medium 1pt 1pt; padding: 1.4pt; width: 51.9pt; height: 19.85pt;" width="69">\r\n<p class="Zawartotabeli" style="margin-bottom: 14.15pt; text-align: center;" align="center">20<o:p></o:p></p>\r\n</td>\r\n</tr>\r\n<tr style="height: 19.85pt;">\r\n<td style="border-style: none none solid solid; border-color: -moz-use-text-color -moz-use-text-color black black; border-width: medium medium 1pt 1pt; padding: 1.4pt; width: 40.4pt; height: 19.85pt;" width="54">\r\n<p class="Zawartotabeli" style="margin-bottom: 14.15pt; text-align: center;" align="center">10<o:p></o:p></p>\r\n</td>\r\n<td style="border-style: none none solid solid; border-color: -moz-use-text-color -moz-use-text-color black black; border-width: medium medium 1pt 1pt; padding: 1.4pt; width: 178.85pt; height: 19.85pt;" width="238">\r\n<p class="Zawartotabeli" style="margin-bottom: 14.15pt; text-align: center;" align="center">Dru&#380;yna Samorz&#261;dowa<o:p></o:p></p>\r\n</td>\r\n<td style="border-style: none none solid solid; border-color: -moz-use-text-color -moz-use-text-color black black; border-width: medium medium 1pt 1pt; padding: 1.4pt; width: 25.45pt; height: 19.85pt;" width="34">\r\n<p class="Zawartotabeli" style="margin-bottom: 14.15pt; text-align: center;" align="center">16<o:p></o:p></p>\r\n</td>\r\n<td style="border-style: none none solid solid; border-color: -moz-use-text-color -moz-use-text-color black black; border-width: medium medium 1pt 1pt; padding: 1.4pt; width: 20.2pt; height: 19.85pt;" width="27">\r\n<p class="Zawartotabeli" style="margin-bottom: 14.15pt; text-align: center;" align="center">6<o:p></o:p></p>\r\n</td>\r\n<td style="border-style: none none solid solid; border-color: -moz-use-text-color -moz-use-text-color black black; border-width: medium medium 1pt 1pt; padding: 1.4pt; width: 20.95pt; height: 19.85pt;" width="28">\r\n<p class="Zawartotabeli" style="margin-bottom: 14.15pt;">1<o:p></o:p></p>\r\n</td>\r\n<td style="border-style: none none solid solid; border-color: -moz-use-text-color -moz-use-text-color black black; border-width: medium medium 1pt 1pt; padding: 1.4pt; width: 20.2pt; height: 19.85pt;" width="27">\r\n<p class="Zawartotabeli" style="margin-bottom: 14.15pt; text-align: center;" align="center">9<o:p></o:p></p>\r\n</td>\r\n<td style="border-style: none none solid solid; border-color: -moz-use-text-color -moz-use-text-color black black; border-width: medium medium 1pt 1pt; padding: 1.4pt; width: 49.4pt; height: 19.85pt;" width="66">\r\n<p class="Zawartotabeli" style="margin-bottom: 14.15pt; text-align: center;" align="center">43<o:p></o:p></p>\r\n</td>\r\n<td style="border-style: none none solid solid; border-color: -moz-use-text-color -moz-use-text-color black black; border-width: medium medium 1pt 1pt; padding: 1.4pt; width: 46.4pt; height: 19.85pt;" width="62">\r\n<p class="Zawartotabeli" style="margin-bottom: 14.15pt; text-align: center;" align="center">67<o:p></o:p></p>\r\n</td>\r\n<td style="border-style: none solid solid; border-color: -moz-use-text-color black black; border-width: medium 1pt 1pt; padding: 1.4pt; width: 51.9pt; height: 19.85pt;" width="69">\r\n<p class="Zawartotabeli" style="margin-bottom: 14.15pt; text-align: center;" align="center">19<o:p></o:p></p>\r\n</td>\r\n</tr>\r\n<tr style="height: 19.85pt;">\r\n<td style="border-style: none none solid solid; border-color: -moz-use-text-color -moz-use-text-color black black; border-width: medium medium 1pt 1pt; padding: 1.4pt; width: 40.4pt; height: 19.85pt;" width="54">\r\n<p class="Zawartotabeli" style="margin-bottom: 14.15pt; text-align: center;" align="center">11<o:p></o:p></p>\r\n</td>\r\n<td style="border-style: none none solid solid; border-color: -moz-use-text-color -moz-use-text-color black black; border-width: medium medium 1pt 1pt; padding: 1.4pt; width: 178.85pt; height: 19.85pt;" width="238">\r\n<p class="Zawartotabeli" style="margin-bottom: 14.15pt; text-align: center;" align="center">&#321;anhattan<o:p></o:p></p>\r\n</td>\r\n<td style="border-style: none none solid solid; border-color: -moz-use-text-color -moz-use-text-color black black; border-width: medium medium 1pt 1pt; padding: 1.4pt; width: 25.45pt; height: 19.85pt;" width="34">\r\n<p class="Zawartotabeli" style="margin-bottom: 14.15pt; text-align: center;" align="center">16<o:p></o:p></p>\r\n</td>\r\n<td style="border-style: none none solid solid; border-color: -moz-use-text-color -moz-use-text-color black black; border-width: medium medium 1pt 1pt; padding: 1.4pt; width: 20.2pt; height: 19.85pt;" width="27">\r\n<p class="Zawartotabeli" style="margin-bottom: 14.15pt; text-align: center;" align="center">5<o:p></o:p></p>\r\n</td>\r\n<td style="border-style: none none solid solid; border-color: -moz-use-text-color -moz-use-text-color black black; border-width: medium medium 1pt 1pt; padding: 1.4pt; width: 20.95pt; height: 19.85pt;" width="28">\r\n<p class="Zawartotabeli" style="margin-bottom: 14.15pt; text-align: center;" align="center">0<o:p></o:p></p>\r\n</td>\r\n<td style="border-style: none none solid solid; border-color: -moz-use-text-color -moz-use-text-color black black; border-width: medium medium 1pt 1pt; padding: 1.4pt; width: 20.2pt; height: 19.85pt;" width="27">\r\n<p class="Zawartotabeli" style="margin-bottom: 14.15pt; text-align: center;" align="center">11<o:p></o:p></p>\r\n</td>\r\n<td style="border-style: none none solid solid; border-color: -moz-use-text-color -moz-use-text-color black black; border-width: medium medium 1pt 1pt; padding: 1.4pt; width: 49.4pt; height: 19.85pt;" width="66">\r\n<p class="Zawartotabeli" style="margin-bottom: 14.15pt; text-align: center;" align="center">52<o:p></o:p></p>\r\n</td>\r\n<td style="border-style: none none solid solid; border-color: -moz-use-text-color -moz-use-text-color black black; border-width: medium medium 1pt 1pt; padding: 1.4pt; width: 46.4pt; height: 19.85pt;" width="62">\r\n<p class="Zawartotabeli" style="margin-bottom: 14.15pt; text-align: center;" align="center">79<o:p></o:p></p>\r\n</td>\r\n<td style="border-style: none solid solid; border-color: -moz-use-text-color black black; border-width: medium 1pt 1pt; padding: 1.4pt; width: 51.9pt; height: 19.85pt;" width="69">\r\n<p class="Zawartotabeli" style="margin-bottom: 14.15pt; text-align: center;" align="center">15<o:p></o:p></p>\r\n</td>\r\n</tr>\r\n<tr style="height: 19.85pt;">\r\n<td style="border-style: none none solid solid; border-color: -moz-use-text-color -moz-use-text-color black black; border-width: medium medium 1pt 1pt; padding: 1.4pt; width: 40.4pt; height: 19.85pt;" width="54">\r\n<p class="Zawartotabeli" style="margin-bottom: 14.15pt; text-align: center;" align="center">12<o:p></o:p></p>\r\n</td>\r\n<td style="border-style: none none solid solid; border-color: -moz-use-text-color -moz-use-text-color black black; border-width: medium medium 1pt 1pt; padding: 1.4pt; width: 178.85pt; height: 19.85pt;" width="238">\r\n<p class="Zawartotabeli" style="margin-bottom: 14.15pt; text-align: center;" align="center">Orl&#281;ta Rudawa<o:p></o:p></p>\r\n</td>\r\n<td style="border-style: none none solid solid; border-color: -moz-use-text-color -moz-use-text-color black black; border-width: medium medium 1pt 1pt; padding: 1.4pt; width: 25.45pt; height: 19.85pt;" width="34">\r\n<p class="Zawartotabeli" style="margin-bottom: 14.15pt; text-align: center;" align="center">16<o:p></o:p></p>\r\n</td>\r\n<td style="border-style: none none solid solid; border-color: -moz-use-text-color -moz-use-text-color black black; border-width: medium medium 1pt 1pt; padding: 1.4pt; width: 20.2pt; height: 19.85pt;" width="27">\r\n<p class="Zawartotabeli" style="margin-bottom: 14.15pt; text-align: center;" align="center">4<o:p></o:p></p>\r\n</td>\r\n<td style="border-style: none none solid solid; border-color: -moz-use-text-color -moz-use-text-color black black; border-width: medium medium 1pt 1pt; padding: 1.4pt; width: 20.95pt; height: 19.85pt;" width="28">\r\n<p class="Zawartotabeli" style="margin-bottom: 14.15pt; text-align: center;" align="center">0<o:p></o:p></p>\r\n</td>\r\n<td style="border-style: none none solid solid; border-color: -moz-use-text-color -moz-use-text-color black black; border-width: medium medium 1pt 1pt; padding: 1.4pt; width: 20.2pt; height: 19.85pt;" width="27">\r\n<p class="Zawartotabeli" style="margin-bottom: 14.15pt; text-align: center;" align="center">12<o:p></o:p></p>\r\n</td>\r\n<td style="border-style: none none solid solid; border-color: -moz-use-text-color -moz-use-text-color black black; border-width: medium medium 1pt 1pt; padding: 1.4pt; width: 49.4pt; height: 19.85pt;" width="66">\r\n<p class="Zawartotabeli" style="margin-bottom: 14.15pt; text-align: center;" align="center">41<o:p></o:p></p>\r\n</td>\r\n<td style="border-style: none none solid solid; border-color: -moz-use-text-color -moz-use-text-color black black; border-width: medium medium 1pt 1pt; padding: 1.4pt; width: 46.4pt; height: 19.85pt;" width="62">\r\n<p class="Zawartotabeli" style="margin-bottom: 14.15pt; text-align: center;" align="center">91<o:p></o:p></p>\r\n</td>\r\n<td style="border-style: none solid solid; border-color: -moz-use-text-color black black; border-width: medium 1pt 1pt; padding: 1.4pt; width: 51.9pt; height: 19.85pt;" width="69">\r\n<p class="Zawartotabeli" style="margin-bottom: 14.15pt; text-align: center;" align="center">13<o:p></o:p></p>\r\n</td>\r\n</tr>\r\n<tr style="height: 19.85pt;">\r\n<td style="border-style: none none solid solid; border-color: -moz-use-text-color -moz-use-text-color black black; border-width: medium medium 1pt 1pt; padding: 1.4pt; width: 40.4pt; height: 19.85pt;" width="54">\r\n<p class="Zawartotabeli" style="margin-bottom: 14.15pt; text-align: center;" align="center">13<o:p></o:p></p>\r\n</td>\r\n<td style="border-style: none none solid solid; border-color: -moz-use-text-color -moz-use-text-color black black; border-width: medium medium 1pt 1pt; padding: 1.4pt; width: 178.85pt; height: 19.85pt;" width="238">\r\n<p class="Zawartotabeli" style="margin-bottom: 14.15pt; text-align: center;" align="center">Le&#347;ne Dzbany<o:p></o:p></p>\r\n</td>\r\n<td style="border-style: none none solid solid; border-color: -moz-use-text-color -moz-use-text-color black black; border-width: medium medium 1pt 1pt; padding: 1.4pt; width: 25.45pt; height: 19.85pt;" width="34">\r\n<p class="Zawartotabeli" style="margin-bottom: 14.15pt; text-align: center;" align="center">16<o:p></o:p></p>\r\n</td>\r\n<td style="border-style: none none solid solid; border-color: -moz-use-text-color -moz-use-text-color black black; border-width: medium medium 1pt 1pt; padding: 1.4pt; width: 20.2pt; height: 19.85pt;" width="27">\r\n<p class="Zawartotabeli" style="margin-bottom: 14.15pt; text-align: center;" align="center">2<o:p></o:p></p>\r\n</td>\r\n<td style="border-style: none none solid solid; border-color: -moz-use-text-color -moz-use-text-color black black; border-width: medium medium 1pt 1pt; padding: 1.4pt; width: 20.95pt; height: 19.85pt;" width="28">\r\n<p class="Zawartotabeli" style="margin-bottom: 14.15pt; text-align: center;" align="center">0<o:p></o:p></p>\r\n</td>\r\n<td style="border-style: none none solid solid; border-color: -moz-use-text-color -moz-use-text-color black black; border-width: medium medium 1pt 1pt; padding: 1.4pt; width: 20.2pt; height: 19.85pt;" width="27">\r\n<p class="Zawartotabeli" style="margin-bottom: 14.15pt; text-align: center;" align="center">14<o:p></o:p></p>\r\n</td>\r\n<td style="border-style: none none solid solid; border-color: -moz-use-text-color -moz-use-text-color black black; border-width: medium medium 1pt 1pt; padding: 1.4pt; width: 49.4pt; height: 19.85pt;" width="66">\r\n<p class="Zawartotabeli" style="margin-bottom: 14.15pt; text-align: center;" align="center">44<o:p></o:p></p>\r\n</td>\r\n<td style="border-style: none none solid solid; border-color: -moz-use-text-color -moz-use-text-color black black; border-width: medium medium 1pt 1pt; padding: 1.4pt; width: 46.4pt; height: 19.85pt;" width="62">\r\n<p class="Zawartotabeli" style="margin-bottom: 14.15pt; text-align: center;" align="center">111<o:p></o:p></p>\r\n</td>\r\n<td style="border-style: none solid solid; border-color: -moz-use-text-color black black; border-width: medium 1pt 1pt; padding: 1.4pt; width: 51.9pt; height: 19.85pt;" width="69">\r\n<p class="Zawartotabeli" style="margin-bottom: 14.15pt; text-align: center;" align="center">6<o:p></o:p></p>\r\n</td>\r\n</tr>\r\n</tbody>\r\n</table>\r\n<br>', NULL, NULL),
	(17, 'Puchar burmistrza Krzeszowic 2009', 'puchar-burmistrza-krzeszowic-2009', 'UKS "Jedynka" Krzeszowice zorganizował w dniu 9.01.2010 Noworoczny\r\nTurniej Halowej Piłki Nożnej o puchar Burmistrza Krzeszowic.<br>\r\n<br>\r\nW turnieju wzięło udział 9 drużyn. Oto wyniki :<br>\r\n<br>\r\nGrupa A <br>\r\nAdi : TGV 3:3<br>\r\nKW Czatkowice : TGV 2:6<br>\r\nAdi : KW Czatkowice 2:1<br>\r\n<br>\r\nAwans : TGV , Adi<br>\r\n<br>\r\nGrupa B<br>\r\nPiwosze : Tajfun 12:0<br>\r\nUKS I : Tajfun 9:3<br>\r\nPiwosze : UKS I 3:3<br>\r\n<br>\r\nAwans : Piwosze, UKS I<br>\r\n<br>\r\nGrupa C<br>\r\nAuto Stop : UKS II 6:2<br>\r\nUKS II : Mati 2:3<br>\r\nMati : Auto Stop 1:6<br>\r\n<br>\r\nAwans : Auto Stop, Mati<br>\r\n<br>\r\nMecze o miejsca 7-9 <br>\r\nKW Czatkowice : Tajfun 6:2<br>\r\nKW Czatkowice : UKS II 4:5<br>\r\nUKS II : Tajfun 9:0<br>\r\n<br>\r\nMecze o miejsca 1-6<br>\r\nPiwosze : Adi 1:1<br>\r\nMati : UKS I 4:6<br>\r\nAuto Stop : TGV 2:4<br>\r\nTGV : UKS I 1:4<br>\r\nAdi : Auto Stop 1:5<br>\r\nPiwosze : Mati 3:0<br>\r\nTGV : Mati 7:1<br>\r\nAdi : UKS I 1:7<br>\r\nAuto Stop : Piwosze 4:2<br>\r\nAdi : Mati 6:3<br>\r\nTGV : Piwosze 1:7<br>\r\nAuto Stop : UKS I 2:4<br>\r\n<br>\r\n1.UKS I 5 13 24:11<br>\r\n2.Auto Stop 5 9 19:12<br>\r\n3.Piwosze 5 8 16:9<br>\r\n4.TGV 5 7 13:14<br>\r\n5.Adi 5 5 12:19<br>\r\n6.Mati 5 0 9:29<br>\r\n<br>\r\n<br>\r\n<br>\r\nKlasyfikacja końcowa <br>\r\n1. UKS I Krzeszowice<br>\r\n2.Auto Stop Morawica<br>\r\n3.Piwosze Krzeszowice<br>\r\n4.TGV<br>\r\n5. Adi Wola Filipowska<br>\r\n6.Mati<br>\r\n7.UKS II Krzeszowice<br>\r\n8.KW Czatkowice<br>\r\n9.Tajfun<br>', NULL, NULL),
	(18, 'Turniej miast 2010', 'turniej-miast-2010', '<p>Wyniki Turnieju Miast :</p>\r\n<p>Grupa I </p>\r\n<p><u>UKS Jedynka Krzeszowice : Fotos Chrzanow 4:2 </u></p>\r\n<p>Wroblewski W 1 | Augustynek M 1</p>\r\n<p>Krzysiak G 1 | Babiarz K 1</p>\r\n<p>Szpunar G 1 </p>\r\n<p>Armatys P 1</p>\r\n<p><u>Piwosze Krzeszowice : Antalya Kebab Chrzanow\r\n5:1 </u></p>\r\n<p>Strzebonski K 2 | Suluga M 1</p>\r\n<p>Gawecki D 2 </p>\r\n<p>Jawien P 1</p>\r\n<p><u>Antalya Kebab : Fotos Chrzanow 4:4 </u></p>\r\n<p><u>Piwosze : Fotos Chrzanow 16:2</u> </p>\r\n<p>Gawecki P 5 | Babiarz K 2</p>\r\n<p>Jawien P 3</p>\r\n<p>Gawecki D 3 </p>\r\n<p>Wojciechowski P 2</p>\r\n<p>Funek W 1</p>\r\n<p>Chlipala P 1</p>\r\n<p>Zietara R 1</p>\r\n<p><u> UKS Jedynka Krzeszowice : Antalya Kebab 3:0 </u></p>\r\n<p>Liptak N 1</p>\r\n<p>Dabek D 1</p>\r\n<p>Szpunar G 1</p>\r\n<p><u> Piwosze Krzeszowice : UKS Jedynka Krzeszowice </u></p>\r\n<p> Gawecki P 3 | Liptak N 1</p>\r\n<p> Wojciechowski P 3 | Wroblewski W 1 </p>\r\n<p> Strzebonski K 1 | Krzysiak G 1</p>\r\n<p> Funek W 1 | Armatys P 1</p>\r\n<p> Chlipala P 1 | Dabek D 1</p>\r\n<p> Gawecki D 1</p>\r\n<p>Tabela koncowa grupy 1 </p>\r\n<p> 1.Piwosze 3 9</p>\r\n<p> 2.UKS Jedynka 3 6</p>\r\n<p> 3.Antalya Kebab 3 1</p>\r\n<p> 4.Fotos Chrzanow 3 1</p>\r\n<p>Grupa II </p>\r\n<p><u>Pepe\'s Chrzanow : Long Street 6:1 </u></p>\r\n<p>Chylaszek D 3 | Medrala M 1</p>\r\n<p>Grabowski M 1</p>\r\n<p>Hejmej D 1 </p>\r\n<p>Sobala M 1</p>\r\n<p><u>Orly Chrzanow : Gronpiek Wola Filipowska 3:1 </u></p>\r\n<p>Ziach R 1 | Gaj M 1</p>\r\n<p>Klinkosz K 1</p>\r\n<p>Sadecki J 1</p>\r\n<p><u>Orly Chrzanow : Long Street 6:4 </u></p>\r\n<p>Domurat Zb 2 | Kot Jarek 2 </p>\r\n<p>Sadecki J 3 | Medrala M 1 </p>\r\n<p>Luberda P 1 | Filar R 1</p>\r\n<p><u>Long Street : Gronpiek 2:1 </u></p>\r\n<p>Kot Jacek 1 | Grzebinoga S 1</p>\r\n<p>Seremak P 1 </p>\r\n<p><u>Pepe\'s Chrzanow : Gronpiek 8:2</u></p>\r\n<p>Grabowski M 3 | Gaj M 1</p>\r\n<p>Knapik P 3 | Dorynek M 1</p>\r\n<p>Pindel M 2 </p>\r\n<p><u>Orly Chrzanow : Pepe\'s Chrzanow 1:3 </u></p>\r\n<p>Tabela II grupy </p>\r\n<p>1. Pepe\'s Chrzanow 3 9 </p>\r\n<p>2.Orly Chrzanow 3 6 </p>\r\n<p>3.Long Street 3 3</p>\r\n<p>4.Gronpiek 3 0 </p>\r\n<p>Polfinaly </p>\r\n<p><u>Piwosze : Orly Chrzanow 6:1 </u></p>\r\n<p>Gawecki D 3 | Koryczan P 1</p>\r\n<p>Chlipala P 2</p>\r\n<p>Strzebonski K 1</p>\r\n<p><u>UKS Jedynka : Pepe\'s Chrzanow 0:0 karne 3:2 </u></p>\r\n<p> Deryniowski P 1 | Chylaszek D 1</p>\r\n<p> Fraczek D 1 | Grabowski M 1</p>\r\n<p>Armatys P 1 | Chlopek - strzal w slupek</p>\r\n<p>Final </p>\r\n<p><u> Piwosze : UKS Jedynka 8:5 </u></p>\r\n<p>Jawien P 1 | Dabek D 1 </p>\r\n<p>Gawecki P 2 | Krzysiak G 1</p>\r\n<p>Chlipala P 1 | Deryniowski P 1</p>\r\n<p>Zietara R 1 | Liptak N 1</p>\r\n<p>Strzebonski K 1 | Szpunar G 1</p>\r\n<p>Gawecki D 1</p>\r\n<p> Wojciechowski P 1</p>\r\n<p>Klasyfikacja Koncowa :</p>\r\n<p>1.Piwosze K-ce </p>\r\n<p>2.UKS Jedynka K-ce</p>\r\n<p>3.Pepe\'s Chrzanow </p>\r\n<p>4.Orly Chrzanow </p>\r\n<p>5.Long Street K-ce </p>\r\n<p>6.Atalya Kebab </p>\r\n<p>7.Gronpiek Wola Filipowska </p>\r\n<p>8.Fotos Chrzanow </p><br>\r\n', NULL, NULL),
	(19, 'Tabela końcowa 1 ligi halowej 2009/2010', 'tabela-koncowa-1-ligi-halowej-2009-2010', '<table border="1" bordercolor="#ff0000" cellpadding="2" cellspacing="3" width="605">\r\n<tbody>\r\n<tr>\r\n<td>Poz</td>\r\n<td>Drużyna</td>\r\n<td>M</td>\r\n<td>Z</td>\r\n<td>R</td>\r\n<td>P</td>\r\n<td>B ZD</td>\r\n<td>B ST</td>\r\n<td>PKT</td>\r\n<td></td>\r\n</tr>\r\n<tr>\r\n<td>1</td>\r\n<td>UKS I</td>\r\n<td>19</td>\r\n<td>16</td>\r\n<td>2</td>\r\n<td>1</td>\r\n<td>125</td>\r\n<td>72</td>\r\n<td>50</td>\r\n<td></td>\r\n</tr>\r\n<tr>\r\n<td>2</td>\r\n<td>Auto Stop Morawica</td>\r\n<td>19</td>\r\n<td>15</td>\r\n<td>1</td>\r\n<td>3</td>\r\n<td>149</td>\r\n<td>68</td>\r\n<td>46</td>\r\n<td></td>\r\n</tr>\r\n<tr>\r\n<td>3</td>\r\n<td>Santos</td>\r\n<td>19</td>\r\n<td>11</td>\r\n<td>2</td>\r\n<td>6</td>\r\n<td>132</td>\r\n<td>86</td>\r\n<td>35</td>\r\n<td></td>\r\n</tr>\r\n<tr>\r\n<td>4</td>\r\n<td>Adi</td>\r\n<td>19</td>\r\n<td>11</td>\r\n<td>1</td>\r\n<td>7</td>\r\n<td>123</td>\r\n<td>79</td>\r\n<td>34</td>\r\n<td></td>\r\n</tr>\r\n<tr>\r\n<td>5</td>\r\n<td>Mati</td>\r\n<td>19</td>\r\n<td>10</td>\r\n<td>1</td>\r\n<td>8</td>\r\n<td>102</td>\r\n<td>86</td>\r\n<td>31</td>\r\n<td></td>\r\n</tr>\r\n<tr>\r\n<td>6</td>\r\n<td>Rekiny</td>\r\n<td>19</td>\r\n<td>7</td>\r\n<td>0</td>\r\n<td>12</td>\r\n<td>83</td>\r\n<td>113</td>\r\n<td>21</td>\r\n<td></td>\r\n</tr>\r\n<tr>\r\n<td>7</td>\r\n<td>Ostre Strzaly</td>\r\n<td>19</td>\r\n<td>7</td>\r\n<td>0</td>\r\n<td>12</td>\r\n<td>60</td>\r\n<td>110</td>\r\n<td>21</td>\r\n<td></td>\r\n</tr>\r\n<tr>\r\n<td>8</td>\r\n<td>KW Czatkowice</td>\r\n<td>19</td>\r\n<td>6</td>\r\n<td>1</td>\r\n<td>12</td>\r\n<td>98</td>\r\n<td>157</td>\r\n<td>19</td>\r\n<td></td>\r\n</tr>\r\n</tbody>\r\n</table>\r\n<table border="1" bordercolor="#ff0000" cellpadding="2" cellspacing="3" width="605">\r\n<tbody>\r\n<tr>\r\n<td>9</td>\r\n<td>Piwniczanka Dulowa</td>\r\n<td>16</td>\r\n<td>6</td>\r\n<td>2</td>\r\n<td>8</td>\r\n<td>83</td>\r\n<td>94</td>\r\n<td>20</td>\r\n<td></td>\r\n</tr>\r\n<tr>\r\n<td>10</td>\r\n<td>Desperado</td>\r\n<td>16</td>\r\n<td>6</td>\r\n<td>0</td>\r\n<td>10</td>\r\n<td>65</td>\r\n<td>84</td>\r\n<td>18</td>\r\n<td></td>\r\n</tr>\r\n<tr>\r\n<td>11</td>\r\n<td>UKS II</td>\r\n<td>16</td>\r\n<td>6</td>\r\n<td>0</td>\r\n<td>10</td>\r\n<td>83</td>\r\n<td>114</td>\r\n<td>18</td>\r\n<td></td>\r\n</tr>\r\n<tr>\r\n<td>12</td>\r\n<td>Pyszne</td>\r\n<td>16</td>\r\n<td>5</td>\r\n<td>1</td>\r\n<td>10</td>\r\n<td>74</td>\r\n<td>77</td>\r\n<td>16</td>\r\n<td></td>\r\n</tr>\r\n<tr>\r\n<td>13</td>\r\n<td>Erbud</td>\r\n<td>16</td>\r\n<td>4</td>\r\n<td>1</td>\r\n<td>11</td>\r\n<td>79</td>\r\n<td>114</td>\r\n<td>13</td>\r\n<td></td>\r\n</tr>\r\n</tbody>\r\n</table>', NULL, NULL),
	(20, 'Tabela końcowa 2 ligi halowej 2009/2010', 'tabela-koncowa-2-ligi-halowej-2009-2010', '<table border="1" bordercolor="#ff0000" cellpadding="2" cellspacing="3" width="605">\r\n<tbody>\r\n<tr>\r\n<td>Poz</td>\r\n<td>Drużyna</td>\r\n<td>M</td>\r\n<td>Z</td>\r\n<td>R</td>\r\n<td>P</td>\r\n<td>B ZD</td>\r\n<td>B ST</td>\r\n<td>PKT</td>\r\n<td></td>\r\n</tr>\r\n<tr>\r\n<td>1</td>\r\n<td>Jaworzno</td>\r\n<td>21</td>\r\n<td>19</td>\r\n<td>0</td>\r\n<td>2</td>\r\n<td>170</td>\r\n<td>66</td>\r\n<td>57</td>\r\n<td></td>\r\n</tr>\r\n<tr>\r\n<td>2</td>\r\n<td>TGV</td>\r\n<td>21</td>\r\n<td>15</td>\r\n<td>3</td>\r\n<td>3</td>\r\n<td>134</td>\r\n<td>74</td>\r\n<td>48</td>\r\n<td></td>\r\n</tr>\r\n<tr>\r\n<td>3</td>\r\n<td>Junior 2006</td>\r\n<td>21</td>\r\n<td>14</td>\r\n<td>2</td>\r\n<td>5</td>\r\n<td>154</td>\r\n<td>98</td>\r\n<td>44</td>\r\n<td></td>\r\n</tr>\r\n<tr>\r\n<td>4</td>\r\n<td>Promet</td>\r\n<td>21</td>\r\n<td>12</td>\r\n<td>2</td>\r\n<td>7</td>\r\n<td>119</td>\r\n<td>79</td>\r\n<td>38</td>\r\n<td></td>\r\n</tr>\r\n<tr>\r\n<td>5</td>\r\n<td>Zalas</td>\r\n<td>21</td>\r\n<td>12</td>\r\n<td>1</td>\r\n<td>8</td>\r\n<td>110</td>\r\n<td>97</td>\r\n<td>37</td>\r\n<td></td>\r\n</tr>\r\n<tr>\r\n<td>6</td>\r\n<td>ZWM Wodna Trzebinia</td>\r\n<td>21</td>\r\n<td>12</td>\r\n<td>0</td>\r\n<td>9</td>\r\n<td>124</td>\r\n<td>89</td>\r\n<td>36</td>\r\n<td></td>\r\n</tr>\r\n<tr>\r\n<td>7</td>\r\n<td>Fire Brigade</td>\r\n<td>21</td>\r\n<td>11</td>\r\n<td>1</td>\r\n<td>9</td>\r\n<td>141</td>\r\n<td>95</td>\r\n<td>34</td>\r\n<td></td>\r\n</tr>\r\n<tr>\r\n<td>8</td>\r\n<td>WSB</td>\r\n<td>21</td>\r\n<td>9</td>\r\n<td>3</td>\r\n<td>9</td>\r\n<td>95</td>\r\n<td>103</td>\r\n<td>30</td>\r\n<td></td>\r\n</tr>\r\n</tbody>\r\n</table>\r\n<table border="1" bordercolor="#ff0000" cellpadding="2" cellspacing="3" width="605">\r\n<tbody>\r\n<tr>\r\n<td>9</td>\r\n<td>Fitball</td>\r\n<td>20</td>\r\n<td>9</td>\r\n<td>3</td>\r\n<td>8</td>\r\n<td>101</td>\r\n<td>92</td>\r\n<td>30</td>\r\n<td></td>\r\n</tr>\r\n<tr>\r\n<td>10</td>\r\n<td>Samorzadowcy</td>\r\n<td>20</td>\r\n<td>9</td>\r\n<td>1</td>\r\n<td>10</td>\r\n<td>140</td>\r\n<td>142</td>\r\n<td>28</td>\r\n<td></td>\r\n</tr>\r\n<tr>\r\n<td>11</td>\r\n<td>Amgo Team</td>\r\n<td>20</td>\r\n<td>8</td>\r\n<td>1</td>\r\n<td>11</td>\r\n<td>89</td>\r\n<td>105</td>\r\n<td>25</td>\r\n<td></td>\r\n</tr>\r\n<tr>\r\n<td>12</td>\r\n<td>Gorzanka</td>\r\n<td>20</td>\r\n<td>5</td>\r\n<td>2</td>\r\n<td>13</td>\r\n<td>69</td>\r\n<td>121</td>\r\n<td>17</td>\r\n<td></td>\r\n</tr>\r\n<tr>\r\n<td>13</td>\r\n<td>Bonsai Team</td>\r\n<td>20</td>\r\n<td>4</td>\r\n<td>2</td>\r\n<td>14</td>\r\n<td>83</td>\r\n<td>174</td>\r\n<td>14</td>\r\n<td></td>\r\n</tr>\r\n<tr>\r\n<td>14</td>\r\n<td>Drewmir</td>\r\n<td>20</td>\r\n<td>3</td>\r\n<td>1</td>\r\n<td>16</td>\r\n<td>79</td>\r\n<td>169</td>\r\n<td>10</td>\r\n<td></td>\r\n</tr>\r\n<tr>\r\n<td>15</td>\r\n<td>Diably Tasmanskie</td>\r\n<td>20</td>\r\n<td>1</td>\r\n<td>0</td>\r\n<td>19</td>\r\n<td>45</td>\r\n<td>145</td>\r\n<td>3</td>\r\n<td></td>\r\n</tr>\r\n</tbody>\r\n</table>', NULL, NULL),
	(21, 'Turniej oldbojow 2010', 'turniej-oldbojow-2010', 'W ostatnią sobotę 20.03.2010 na naszej hali rozegrany został turniej halowej piłki nożnej\r\noldbojów. Zwyciężyli oldboje z Krzeszowic, przed Manhattanem Trzebinia\r\ni drużyną Zibi & Koledzy. Królem strzelców z 5 bramkami został\r\nRobert Gaweł(Krzeszowice), najlepszym zawodnikiem wybrano Zbigniewa Kramarczyka (Zibi & Koledzy) a tytuł najlepszego bramkarza przypadł Włodzimierzowi Skoczylasowi (Manhattan Trzebinia)<br><br>\r\nWyniki : <br>Krzeszowice : Zibi & Koledzy 10:2<br>Hattrick Łączany : Manhattan Trzebinia 1:2<br>Krzeszowice : Hattrick Łączany 7:2<br>Zibi & Koledzy : Manhttan 1:4<br>Krzeszowice : Manhattan 5:1<br>Hattrick Łączany : Zibi & Koledzy 2:3<br><br>Końcowa kolejność<br>1.Krzeszowice<br>2.Manhattan Trzebinia<br>3.Zibi & Koledzy<br>4.Hattrick Łączany<br><br>Najlepszy strzelec : Robert Gaweł(Krzeszowice)<br>Najlepszy zawodnik : Zbigniew Kramarczyk (Zibi & Koledzy<br>Najlepszy bramkarz : Włodzimierz Skoczylas (Manhattan Trzebinia)<br>', NULL, NULL),
	(22, 'Dzień dziecka 2010', 'dzien-dziecka-2010', 'Uczniowski Klub Sportowy\r\n"Jedynka" przy Gimnazjum w Krzeszowicach zorganizował pod patronatem Burmistrza Gminy Krzeszowicewe współpracy z Publicznym\r\nGimnazjum w Krzeszowicach oraz Komendą Hufca ZHP blok imprez rekreacyjno-sportowych\r\nz okazji Dnia Dziecka<br>\r\nCzęść sportowa obejmowała\r\norganizację turniejów : <br>\r\n- halowej piłki nożnej dziewcząt i chłopców<br>\r\n- piłki siatkowej dziewcząt <br>\r\n- piłki koszykowej w ramach klubów młodzieżowych prowadzonych dzięki pełnomocnikowi Burmistrza d/s Profilaktyki i Uzależnień p.Ninie Kurdziel<br>\r\nW turnieju piłki nożnej dziewcząt wystąpiło 5 drużyn :\r\nGimnazjum Zalas, SP Krzeszowice oraz 3 drużyny z Gimnazjum Krzeszowice <br>\r\nA oto wyniki :  <br>\r\nSP Krzeszowice : Gim. Zalas 0:0<br>\r\nGim. Krzeszowice I : Gim.Krzeszowice II 3:2<br>\r\nSP Krzeszowice : Gim.Krzeszowice III 1:0<br>\r\nGim. Krzeszowice I : SP Krzeszowice 0:1<br>\r\nGim. Zalas : Gim. Krzeszowice III 2:0<br>\r\nGim. Krzeszowice II : Gim.Krzeszowice I 0:1<br>\r\nGim. Krzeszowice II : SP Krzeszowice 1:1<br>\r\nGim. Krzeszowice I : Gim. Zalas 0:2<br>\r\nGim. Krzeszowice II : Gim.Zalas 0:1<br>\r\nGim. Krzeszowice II : Gim.Krzeszowice III 4:1<br>\r\nKlasyfikacja końcowa:<br>\r\nGim.Zalas 10 pkt<br>\r\nSP Krzeszowice 8pkt<br>\r\nGim. Krzeszowice I 6pkt<br>\r\nGim. Krzeszowice II 4pkt<br>\r\nGim. Krzeszowice III 0pkt<br>\r\nW turnieju halowej piłki nożnej wystąpiło 6 zespołów : Gimnazjum Zalas \r\noraz 3 drużyny z rocznika 1995 i 2 drużyny z rocznika 1996 z Gimnazjum w Krzeszowicach.<br>\r\nDrużyny były podzielone na 2 grupy po 3 zespoły<br>\r\nI grupa<br>\r\nII BE : I C 2:0<br>\r\nI C : II A 6:1<br>\r\nII BE : II A 4:0<br>\r\nII grupa <br>\r\nII C : Zalas 4:2<br>\r\nZalas : I F 4:2<br>\r\nII C : I F 7:2<br>\r\nMecz o 5 miejsce <br>\r\nI C : I F 3:3 k.5:3<br>\r\nMecz o 3 miejsce <br>\r\nZalas : II A 3:0<br>\r\nFinał <br>\r\nII BE : II C 2:5<br>\r\nW turnieju piłki siatkowej dziewcząt wystąpiło 6 zespołów z\r\nkrzeszowickiego Gimnazjum. Drużyny grały systemem każdy z każdym.<br>\r\nKlasyfikacja końcowa :<br>\r\n1.Muszynianka Krzeszowice<br>\r\n2.Dream Team<br>\r\n3.Spice Girls<br>\r\n4.Nr.1 Team<br>\r\n5.Volleyball Team<br>\r\n6.Smerfetki<br>\r\n\r\nW turnieju piłki koszykowej wystąpiły 4 zespoły, które grały systemem każdy z każdym.\r\nWyniki meczów : <br>\r\nUrbanek Team : Kłeczek and Company 24:13<br>\r\nLenartowicz & Koledzy : Mastalerz and warriors 14:12<br>\r\nLenartowicz : Urbanek 13:24<br>\r\nKłeczek : Mastalerz 23:13<br>\r\nLenartowicz : Kłeczek 19:44<br>\r\nMastalerz : Urbanek 16:27<br>\r\nKlasyfikacja końcowa :<br>\r\n1.Urbanek Team<br>\r\n2.Kłeczek and Company<br>\r\n3.Lenartowiczi koledzy<br>\r\n4.Mastalerz and warriors<br>\r\n<br>\r\nBlok imprez rekreacyjnych obejmował :<br>\r\n-Świat zabaw dla dzieci<br>\r\n- zamek dmuchany<br>\r\n- zjeżdzalnie<br>\r\n- euro bungee<br>\r\n- paint ball<br>\r\n- quady<br>\r\n- przejażdżka samochodami terenowymi<br>\r\n- szereg konkurencji i zabaw dla dzieci z licznymi nagrodami za udział<br>\r\n- bezpłatne lody dla dzieci<br>\r\n- bezpłatna herbata i kawa dla opiekunów<br>\r\n- kampania edukacyjno-profilaktyczna "Zachowajtrzeźwy umysł", podczas której dzieci otrzymały bardzo dużo nagród,\r\nsłodyczy i napojów zorganizowanej przez pełnomocnika Burmistrza do spraw\r\nprofilaktyki i uzależnień p. Nine Kurdziel<br>\r\n- bieg na orientację zorganizowany przez Komendę Hufca w Krzeszowicach<br>\r\nWszystkie tak słodkie i wspaniałe atrakcje były możliwe dzięki pomocy naszych wspaniałych sponsorów.\r\nBlok imprez rekreacyjno-sportowych zorganizowany został w ramach zadania własnego\r\nprzy wsparciu finansowym gminy.<br><b><i>Sponsorzy\r\nDnia Dziecka:KW Czatkowice,Kopalnie Porfiru\r\ni Diabazu,Ambasador-Szkoła Języków Obcych, Bostar, Chemmark,\r\nElektrosystem\r\nMatysik Michał,Elwast- Sklep i Usługi Elektryczne J. Walczowski, Gleń\r\n-Ryś\r\nElektronarzędzia,Hydro-instal Technika Grzewcza i Sanitarna Witold\r\nMikołajski,\r\nInstalterm-Systemy Grzewcze A.Życki,FH.Kramarczyk Wypożyczalnia Sprzętu\r\nBudowlanego,Kris-Pol profesjonalne układanie kostki brukowej Krzysztof\r\nCzerwonka, Larix Producent Mebli Wojciech Mikołajski, Melba,PHU. Olmar\r\nJ.Maj,B.Maj sp.j.Parkiet Urbanik,Sklep Mięsny Tarnowski ,Podstawowa Stacja Diagnostyki Pojazdów Piotr Hrabia </i></b>', NULL, NULL),
	(23, 'Turnieje młodzieżowe 2010', 'turnieje-mlodziezowe-2010', '﻿Uczniowski Klub Sportowy "Jedynka" organizował od września\r\ndo grudnia cykl turniejów halowej piłki nożnej dla młodzieży w ramach\r\njubileuszu 10-lecia swego istnienia. W turnieju wzięły udział następujące\r\ndrużyny : TS Tsunami, GKS Krzeszo, The Generation, Poziomki, FC II D, FC\r\nGalacticos, Ludzie Chudego, FC Tenczynek, GKS Tenczynek, FC Nowa Góra, The Red\r\nDevils, FC Czatkowice, FC Krzeszowice, FC Street.\r\n<br><br>\r\nPunktacja na zakończenie turnieju przedstawia się\r\nnastępująco:\r\n<br>\r\n 1.TS Tsunami  34 pkt\r\n<br>\r\n 2.The Generation   29 pkt\r\n<br>\r\n 3.GKS\r\nKrzeszo 26 pkt\r\n<br>\r\n 4.Ludzie Chudego 17 pkt\r\n<br>\r\n 5.Red Devils  13 pkt \r\n<br>\r\n 6.Nowa Góra 12 pkt\r\n<br>\r\n 7.FC Tenczynek 9 pkt\r\n<br>\r\n FC II D   9\r\npkt<br>\r\n\r\n GKS Tenczynek 9 pkt\r\n<br>\r\n10.FC Krzeszowice 8\r\npkt\r\n<br>\r\n11. Galacticos  7\r\npkt\r\n<br>\r\n12.FC Czatkowice 6\r\npkt\r\n<br>\r\n Poziomki\r\n6 pkt\r\n<br><br>\r\nNajlepsi strzelcy : \r\n<br>\r\nBrzuchacz Mateusz (The Generation) 24\r\n<br>\r\nSkawiński Dawid (TS Tsunami) 24\r\n<br>\r\nKaczmarczyk Kamil (TS Tsunami) 19\r\n<br>\r\nWszyscy uczestnicy turnieju otrzymali napoje, słodycze oraz\r\nowoce a najlepsi otrzymali dyplomy, puchary i statuetki oraz pamiątkowe\r\nkoszulki. Cały cykl turniejów organizowany był przez UKS "Jedynka" w ramach\r\nzadania publicznego "Organizowanie imprez sportowo-rekreacyjnych". W turnieju\r\nwzięło udział ok. 120 osób. Cztery najlepsze drużyny z naszego turnieju wezmą\r\nudział w turnieju międzygminnym drużyn amatorskich, który odbędzie się w lutym. Zdjęcia z turnieju można znaleźć<a href="zdjecia_turnieje_mlodziezowe.php">tutaj</a>', NULL, NULL),
	(24, 'Tabela końcowa 1 ligi halowej 2010/2011', 'tabela-koncowa-1-ligi-halowej-2010-2011', '<table border="1" bordercolor="#ff0000" cellpadding="2" cellspacing="3" width="605">\r\n<tbody><tr>\r\n<td>Poz</td>\r\n<td>Dru&#380;yna</td>\r\n<td>M</td>\r\n<td>Z</td>\r\n<td>R</td>\r\n<td>P</td>\r\n<td>B ZD</td>\r\n<td>B ST</td>\r\n<td>PKT</td>\r\n<td></td>\r\n</tr>\r\n<tr>\r\n<td>1</td>\r\n<td>UKS Wasyl</td>\r\n<td>22</td>\r\n<td>17</td>\r\n<td>2</td>\r\n<td>3</td>\r\n<td>182</td>\r\n<td>94</td>\r\n<td>53</td>\r\n<td></td>\r\n</tr>\r\n<tr>\r\n<td>2</td>\r\n<td>Bater</td>\r\n<td>22</td>\r\n<td>15</td>\r\n<td>3</td>\r\n<td>4</td>\r\n<td>147</td>\r\n<td>85</td>\r\n<td>48</td>\r\n<td></td>\r\n</tr>\r\n<tr>\r\n<td>3</td>\r\n<td>Adi</td>\r\n<td>22</td>\r\n<td>14</td>\r\n<td>3</td>\r\n<td>5</td>\r\n<td>119</td>\r\n<td>80</td>\r\n<td>45</td>\r\n<td></td>\r\n</tr>\r\n<tr>\r\n<td>4</td>\r\n<td>TWA Jaworzno</td>\r\n<td>22</td>\r\n<td>12</td>\r\n<td>0</td>\r\n<td>10</td>\r\n<td>93</td>\r\n<td>87</td>\r\n<td>36</td>\r\n<td></td>\r\n</tr>\r\n<tr>\r\n<td>5</td>\r\n<td>Auto Stop Morawica</td>\r\n<td>22</td>\r\n<td>10</td>\r\n<td>2</td>\r\n<td>10</td>\r\n<td>136</td>\r\n<td>126</td>\r\n<td>32</td>\r\n<td></td>\r\n</tr>\r\n<tr>\r\n<td>6</td>\r\n<td>LACB</td>\r\n<td>22</td>\r\n<td>10</td>\r\n<td>2</td>\r\n<td>10</td>\r\n<td>100</td>\r\n<td>107</td>\r\n<td>32</td>\r\n<td></td>\r\n</tr>\r\n<tr>\r\n<td>7</td>\r\n<td>Junior 2006</td>\r\n<td>22</td>\r\n<td>10</td>\r\n<td>1</td>\r\n<td>11</td>\r\n<td>127</td>\r\n<td>132</td>\r\n<td>31</td>\r\n<td></td>\r\n</tr>\r\n<tr>\r\n<td>8</td>\r\n<td>Oldboje</td>\r\n<td>22</td>\r\n<td>9</td>\r\n<td>3</td>\r\n<td>10</td>\r\n<td>117</td>\r\n<td>137</td>\r\n<td>30</td>\r\n<td></td>\r\n</tr>\r\n<tr>\r\n<td>9</td>\r\n<td>UKS Kramarczyk</td>\r\n<td>22</td>\r\n<td>8</td>\r\n<td>3</td>\r\n<td>11</td>\r\n<td>86</td>\r\n<td>95</td>\r\n<td>27</td>\r\n<td></td>\r\n</tr>\r\n<tr>\r\n<td>10</td>\r\n<td>Santos</td>\r\n<td>22</td>\r\n<td>8</td>\r\n<td>2</td>\r\n<td>12</td>\r\n<td>111</td>\r\n<td>107</td>\r\n<td>26</td>\r\n<td></td>\r\n</tr>\r\n<tr>\r\n<td>11</td>\r\n<td>KW Czatkowice</td>\r\n<td>22</td>\r\n<td>5</td>\r\n<td>2</td>\r\n<td>15</td>\r\n<td>98</td>\r\n<td>171</td>\r\n<td>17</td>\r\n<td></td>\r\n</tr>\r\n<tr>\r\n<td>12</td>\r\n<td>Desperado</td>\r\n<td>22</td>\r\n<td>2</td>\r\n<td>1</td>\r\n<td>19</td>\r\n<td>72</td>\r\n<td>165</td>\r\n<td>7</td>\r\n<td></td>\r\n</tr>\r\n</tbody></table>', NULL, NULL),
	(25, 'Tabela końcowa 2 ligi halowej 2010/2011', 'tabela-koncowa-2-ligi-halowej-2010-2011', '<table border="1" bordercolor="#ff0000" cellpadding="2" cellspacing="3" width="605">\r\n<tbody><tr>\r\n<td>Poz</td>\r\n<td>Dru&#380;yna</td>\r\n<td>M</td>\r\n<td>Z</td>\r\n<td>R</td>\r\n<td>P</td>\r\n<td>B ZD</td>\r\n<td>B ST</td>\r\n<td>PKT</td>\r\n<td></td>\r\n</tr>\r\n<tr>\r\n<td>1</td>\r\n<td>Media Expert</td>\r\n<td>26</td>\r\n<td>20</td>\r\n<td>4</td>\r\n<td>2</td>\r\n<td>142</td>\r\n<td>59</td>\r\n<td>64</td>\r\n<td></td>\r\n</tr>\r\n<tr>\r\n<td>2</td>\r\n<td>Dwójka Trzebinia</td>\r\n<td>26</td>\r\n<td>21</td>\r\n<td>0</td>\r\n<td>5</td>\r\n<td>177</td>\r\n<td>83</td>\r\n<td>63</td>\r\n<td></td>\r\n</tr>\r\n<tr>\r\n<td>3</td>\r\n<td>WSB Kramarczyk</td>\r\n<td>26</td>\r\n<td>19</td>\r\n<td>2</td>\r\n<td>5</td>\r\n<td>160</td>\r\n<td>77</td>\r\n<td>59</td>\r\n<td></td>\r\n</tr>\r\n<tr>\r\n<td>4</td>\r\n<td>Hydroterm Victoria Zalas</td>\r\n<td>26</td>\r\n<td>17</td>\r\n<td>3</td>\r\n<td>6</td>\r\n<td>142</td>\r\n<td>85</td>\r\n<td>54</td>\r\n<td></td>\r\n</tr>\r\n<tr>\r\n<td>5</td>\r\n<td>Budowla&#324;cy</td>\r\n<td>26</td>\r\n<td>16</td>\r\n<td>1</td>\r\n<td>9</td>\r\n<td>131</td>\r\n<td>87</td>\r\n<td>49</td>\r\n<td></td>\r\n</tr>\r\n<tr>\r\n<td>6</td>\r\n<td>Unia Kwacza&#322;a</td>\r\n<td>26</td>\r\n<td>14</td>\r\n<td>1</td>\r\n<td>11</td>\r\n<td>126</td>\r\n<td>104</td>\r\n<td>43</td>\r\n<td></td>\r\n</tr>\r\n<tr>\r\n<td>7</td>\r\n<td>Suprise</td>\r\n<td>26</td>\r\n<td>11</td>\r\n<td>4</td>\r\n<td>11</td>\r\n<td>139</td>\r\n<td>124</td>\r\n<td>37</td>\r\n<td></td>\r\n</tr>\r\n<tr>\r\n<td>8</td>\r\n<td>Young Boys</td>\r\n<td>26</td>\r\n<td>11</td>\r\n<td>2</td>\r\n<td>13</td>\r\n<td>105</td>\r\n<td>104</td>\r\n<td>35</td>\r\n<td></td>\r\n</tr>\r\n<tr>\r\n<td>9</td>\r\n<td>Nakacu</td>\r\n<td>26</td>\r\n<td>11</td>\r\n<td>0</td>\r\n<td>15</td>\r\n<td>128</td>\r\n<td>159</td>\r\n<td>33</td>\r\n<td></td>\r\n</tr>\r\n<tr>\r\n<td>10</td>\r\n<td>Sankovia</td>\r\n<td>26</td>\r\n<td>9</td>\r\n<td>1</td>\r\n<td>16</td>\r\n<td>106</td>\r\n<td>116</td>\r\n<td>28</td>\r\n<td></td>\r\n</tr>\r\n<tr>\r\n<td>11</td>\r\n<td>Amgo Team</td>\r\n<td>26</td>\r\n<td>8</td>\r\n<td>2</td>\r\n<td>16</td>\r\n<td>91</td>\r\n<td>163</td>\r\n<td>26</td>\r\n<td></td>\r\n</tr>\r\n<tr>\r\n<td>12</td>\r\n<td>ZWM Wodna Trzebinia</td>\r\n<td>26</td>\r\n<td>8</td>\r\n<td>1</td>\r\n<td>17</td>\r\n<td>68</td>\r\n<td>111</td>\r\n<td>25</td>\r\n<td></td>\r\n</tr>\r\n<tr>\r\n<td>13</td>\r\n<td>Samorz&#261;dowcy</td>\r\n<td>26</td>\r\n<td>5</td>\r\n<td>2</td>\r\n<td>19</td>\r\n<td>73</td>\r\n<td>192</td>\r\n<td>17</td>\r\n<td></td>\r\n</tr>\r\n<tr>\r\n<td>14</td>\r\n<td>Red Devil</td>\r\n<td>26</td>\r\n<td>0</td>\r\n<td>1</td>\r\n<td>25</td>\r\n<td>47</td>\r\n<td>166</td>\r\n<td>1</td>\r\n<td></td>\r\n</tr>\r\n</tbody></table>', NULL, NULL),
	(26, 'Turniej juniorów młodszych - styczeń 2011', 'turniej-juniorow-mlodszych-styczen-2011', '<p>15 stycznia na hali w Krzeszowicach został rozegrany turniej\r\nhalowej piłki nożnej dla młodzieży rocznik 1993 i młodsi. W turnieju wzięło udział 6 drużyn : Orzeł\r\nBalin, Orły Chrzanów, Świt Krzeszowice, Północ Chrzanów, Antalya oraz\r\ngospodarze UKS Kramarczyk Jedynka.</p>\r\n\r\nOto wyniki:<br>\r\nGrupa I<br>\r\nOrzeł Balin : Antalya 2:3<br>\r\nUKS Kramarczyk : Antalya 4:1<br>\r\nUKS Kramarczyk : Orzeł Balin 4:0<br>\r\nGrupa II<br>\r\nPółnoc Chrzanów : Orły Chrzanów 1:0<br>\r\nŚwit Krzeszowice : Orły Chrzanów 4:1<br>\r\nŚwit Krzeszowice : Północ Chrzanów 5:0<br>\r\nPółfinały<br>\r\nUKS Kramarczyk : Północ Chrzanów 1:2<br>\r\nŚwit Krzeszowice : Antalya 0:3<br>\r\nMecz o 3 miejsce<br>\r\nŚwit Krzeszowice : UKS Kramarczyk 3:9<br>\r\nFinał <br>\r\nAntalya : Północ Chrzanów 1:1 k. 4:3<br>\r\nKlasyfikacja końcowa<br>\r\n1.Antalya<br>\r\n2.Północ Chrzanów<br>\r\n3.UKS Kramarczyk Jedynka<br>\r\n4.Świt Krzeszowice<br>\r\n5.Orły Chrzanów<br>\r\n6.Orzeł Balin<br>\r\nKrólem strzelców został Paweł Wąchol(UKS Kramarczyk Jedynka), najlepszym\r\nzawodnikiem wybrano Michała Kaisera z Północy Chrzanów a najlepszym\r\nbramkarzem został Konrad Kosek z Antalya\'i', NULL, NULL),
	(27, 'Turniej oldbojów i zakładów pracy - styczeń 2011', 'turniej-oldbojow-i-zakladow-pracy-styczen-2011', '16 stycznia na hali w Krzeszowicach został rozegrany turniej\r\nhalowej piłki nożnej oldbojów i zakładów pracy. W\r\nturnieju wzięło udział 6 drużyn : KW Czatkowice, Kaprin, Gazownicy\r\nKrakowscy, PPN Chrzanów, Taras oraz gospodarze Oldboje Pyszne\r\nKrzeszowice. Mecze grano systemem każdy z każdym.Oto wyniki: Pyszne : Taras 6:1<br>KW Czatkowice : Kaprin 5:1<br>Pyszne : Gazownicy 3:2<br>Taras : KW Czatkowice 2:4<br>PPN Chrzanów : Kaprin 4:0<br>KW Czatkowice : Pyszne 6:4<br>PPN Chrzanów : Gazownicy 2:3<br>Kaprin : Taras 2:1<br>PPN Chrzanów : KW Czatkowice 2:3<br>Pyszne : Kaprin 3:2<br>Gazownicy&nbsp; : Taras 1:3<br>Pyszne : PPN Chrzanów 2:6<br>KW Czatkowice : Gazownicy 3:5<br>PPN Chrzanów : Taras 6:2<br>Gazownicy : Kaprin 5:0<br><br>Klasyfikacja końcowa :<br>1. KW Czatkowice<br>2.Gazownicy Krakowscy<br>3.PPN Chrzanów<br>4. Oldboje Pyszne Krzeszowice<br>5.Kaprin<br>6.Taras<br>Królem\r\nstrzelców został Radosław Klimek(PPN Crzhanów), najlepszym\r\nzawodnikiem wybrano Arkadiusza Okręglickiego z KW Czatkowice a najlepszym\r\nbramkarzem został Ireneusz Młynarczyk(Oldboje Pyszne Krzeszowice)\r\n', NULL, NULL),
	(28, 'Turniej oldbojów - marzec 2011', 'turniej-oldbojow-marzec-2011', '12 marca 2011 na hali w Krzeszowicach odbył się II turniej oldbojów i zakładów pracy.<br>\r\nOto wyniki : <br>\r\nOldboje Pyszne Krzeszowice : Bostar 4:3<br>\r\nGazownicy Krakowscy : Manhattan Trzebinia 3:6<br>\r\nBostar : KW Czatkowice 0:6<br>\r\nPyszne : Manhattan 1:5<br>\r\nGazownicy : KW Czatkowice 2:5<br>\r\nBostar : Manhattan 1:3<br>\r\nGazownicy : Pyszne 5:6<br>\r\nManhattan : KW Czatkowice 2:6<br>\r\nBostar : Gazownicy 2:2<br>\r\nPyszne : KW Czatkowice 6:4<br><br>\r\nKlasyfikacja końcowa <br>\r\n1. KW Czatkowice<br>\r\n2.Manhattan Trzebinia<br>\r\n3.Oldboje Pyszne Krzeszowice<br>\r\n4.Gazownicy Krakowscy<br>\r\n5.Bostar<br><br>\r\nNajlepszy strzelec : Jawień Piotr (Pyszne)<br>\r\nNajlepszy bramkarz : Wójcik Rafał (KW Czatkowice)<br>\r\nNajlepszy zawodnik : Stojewski Piotr (Manhattan Trzebinia)<br>\r\n', NULL, NULL),
	(29, 'Liga oldbojów 2011', 'liga-oldbojow-2011', '<table border="1" bordercolor="#ff0000" cellpadding="2" cellspacing="3" width="605">\r\n<tbody><tr>\r\n<td>Poz</td>\r\n<td>Drużyna</td>\r\n<td>M</td>\r\n<td>Z</td>\r\n<td>R</td>\r\n<td>P</td>\r\n<td>B ZD</td>\r\n<td>B ST</td>\r\n<td>PKT</td>\r\n<td></td>\r\n<td></td>\r\n</tr>\r\n<tr>\r\n<td>1</td>\r\n<td>Policjanci</td>\r\n<td>26</td>\r\n<td>23</td>\r\n<td>2</td>\r\n<td>1</td>\r\n<td>223</td>\r\n<td>77</td>\r\n<td>71</td>\r\n<td></td>\r\n<td></td>\r\n</tr>\r\n<tr>\r\n<td>2</td>\r\n<td>Fikard</td>\r\n<td>26</td>\r\n<td>21</td>\r\n<td>2</td>\r\n<td>3</td>\r\n<td>171</td>\r\n<td>104</td>\r\n<td>65</td>\r\n<td></td>\r\n<td></td>\r\n</tr>\r\n<tr>\r\n<td>3</td>\r\n<td>Melba</td>\r\n<td>26</td>\r\n<td>19</td>\r\n<td>3</td>\r\n<td>4</td>\r\n<td>213</td>\r\n<td>74</td>\r\n<td>60</td>\r\n<td></td>\r\n<td></td>\r\n</tr>\r\n<tr>\r\n<td>4</td>\r\n<td>Oldboje</td>\r\n<td>26</td>\r\n<td>18</td>\r\n<td>2</td>\r\n<td>6</td>\r\n<td>228</td>\r\n<td>117</td>\r\n<td>56</td>\r\n<td></td>\r\n<td> </td>\r\n</tr>\r\n<tr>\r\n<td>5</td>\r\n<td>WSB Kramarczyk</td>\r\n<td>26</td>\r\n<td>17</td>\r\n<td>2</td>\r\n<td>7</td>\r\n<td>176</td>\r\n<td>99</td>\r\n<td>53</td>\r\n<td></td>\r\n<td></td>\r\n</tr>\r\n<tr>\r\n<td>6</td>\r\n<td>Kaprin</td>\r\n<td>26</td>\r\n<td>12</td>\r\n<td>3</td>\r\n<td>11</td>\r\n<td>126</td>\r\n<td>148</td>\r\n<td>39</td>\r\n<td></td>\r\n<td></td>\r\n</tr>\r\n<tr>\r\n<td>7</td>\r\n<td>Media Expert</td>\r\n<td>26</td>\r\n<td>12</td>\r\n<td>1</td>\r\n<td>13</td>\r\n<td>129</td>\r\n<td>109</td>\r\n<td>37</td>\r\n<td></td>\r\n<td></td>\r\n</tr>\r\n<tr>\r\n<td>8</td>\r\n<td>Adi</td>\r\n<td>26</td>\r\n<td>11</td>\r\n<td>0</td>\r\n<td>15</td>\r\n<td>107</td>\r\n<td>119</td>\r\n<td>33</td>\r\n<td></td>\r\n<td></td>\r\n</tr>\r\n<tr>\r\n<td>9</td>\r\n<td>Bostar</td>\r\n<td>26</td>\r\n<td>10</td>\r\n<td>3</td>\r\n<td>13</td>\r\n<td>100</td>\r\n<td>152</td>\r\n<td>33</td>\r\n<td></td>\r\n<td></td>\r\n</tr>\r\n<tr>\r\n<td>10</td>\r\n<td>Samorządowcy</td>\r\n<td>26</td>\r\n<td>9</td>\r\n<td>0</td>\r\n<td>17</td>\r\n<td>119</td>\r\n<td>170</td>\r\n<td>27</td>\r\n<td></td>\r\n<td></td>\r\n</tr>\r\n<tr>\r\n<td>11</td>\r\n<td>Taras</td>\r\n<td>26</td>\r\n<td>8</td>\r\n<td>2</td>\r\n<td>16</td>\r\n<td>160</td>\r\n<td>219</td>\r\n<td>26</td>\r\n<td></td>\r\n<td></td>\r\n</tr>\r\n<tr>\r\n<td>12</td>\r\n<td>KW Czatkowice</td>\r\n<td>26</td>\r\n<td>6</td>\r\n<td>0</td>\r\n<td>20</td>\r\n<td>95</td>\r\n<td>201</td>\r\n<td>18</td>\r\n<td></td>\r\n<td></td>\r\n</tr>\r\n<tr>\r\n<td>13</td>\r\n<td>Amgo Team</td>\r\n<td>26</td>\r\n<td>5</td>\r\n<td>0</td>\r\n<td>21</td>\r\n<td>59</td>\r\n<td>149</td>\r\n<td>15</td>\r\n<td></td>\r\n<td></td>\r\n</tr>\r\n<tr>\r\n<td>14</td>\r\n<td>Euro-bud</td>\r\n<td>26</td>\r\n<td>1</td>\r\n<td>0</td>\r\n<td>25</td>\r\n<td>33</td>\r\n<td>201</td>\r\n<td>3</td>\r\n<td></td>\r\n<td></td>\r\n</tr>\r\n</tbody></table>', NULL, NULL),
	(30, 'Turniej miast II', 'turniej-miast-ii', '7 marca rozegrano na hali w Krzeszowicach turniej\r\nfutsalowy pomiędzy\r\nprzedstawicielami regionalnych lig z Krzeszowic i Chrzanowa. Oto wyniki\r\n:<br>\r\n<br>\r\nI grupa<br>\r\nUKS I : Mati 1:2<br>\r\nProtector : Wygiełzów 1:1<br>\r\nUKS I : Protector 3:4<br>\r\nMati : Wygiełzów 3:3<br>\r\nUKS I : Wygiełzów 5:5<br>\r\nMati : Protector 5:5<br>\r\n<br>\r\nII grupa<br>\r\nAdi : UKS II 3:3<br>\r\nMegalo : Antayla 1:0<br>\r\nAntayla : UKS II 3:2<br>\r\nMegalo : Adi 2:5<br>\r\nMegalo : UKS II 5:0<br>\r\nAdi : Antayla 3:3<br>\r\n<br>\r\nPółfinały : <br>\r\nAdi : Protector 2:5<br>\r\nMegalo : Wygiełzów 3:2 <br>\r\n<br>\r\nMecz o 3 miejsce : <br>\r\nWygiełzów : Adi 10:4<br>\r\n<br>\r\nFinał :<br>\r\nProtector : Megalo 1:2<br>\r\n<br>\r\nKlasyfikacja końcowa : <br>\r\n1.Megalo<br>\r\n2.Protector<br>\r\n3.Wygiełzów<br>\r\n4.Adi<br>\r\n5.Mati<br>\r\n6.Antayla<br>\r\n7.UKS I<br>\r\n8.UKS II<br>\r\n<br>\r\nKrólem strzelców został Łukasz Grabowski z Wygiełzowa a najlepszym\r\nbramkarzem wybrano Marcina Domurata z Megalo.<br>\r\nTurniej\r\nprzyciągnął sporą grupę kibiców na trybuny a organizatorzy\r\nmają\r\nnadzieję na wpisanie go na stałę do futsalowego kalendarza naszego\r\nregionu.<br>\r\n<br>', NULL, NULL),
	(31, 'Turniej juniorów młodszych Świt Cup - luty 2011', 'turniej-juniorow-mlodszych-swit-cup-luty-2011', '10 lutego 2011 na hali w Krzeszowicach odbyła się 1 edycja turnieju\r\njuniorów młodszych "Świt Cup" . W turnieju wzięło udział 7 drużyn :\r\nOlimpic Kraków, Kmita Zabierzów, Wolanka Wola Filipowska, Orzeł Balin,\r\n2 zespoły Karpat Siepraw oraz gospodarze Świt Krzeszowice. Na turniej\r\nnie dojechała drużyna Borku Kraków&nbsp;<br>Oto wyniki :&nbsp;<br>Grupa I&nbsp;<br>Świt : Wolanka 8:1&nbsp;<br>Olimpic : Karpaty II 1:3&nbsp;<br>Świt : Karpaty II 2:0&nbsp;<br>Olimpic : Wolanka 1:3&nbsp;<br>Świt : Olimpic 7:1&nbsp;<br>Karpaty II : Wolanka 2:2&nbsp;<br>Grupa II&nbsp;<br>Karpaty I : Kmita 2:1&nbsp;<br>Orzeł : Karpaty I 0:1&nbsp;<br>Kmita : Orzeł 0:2&nbsp;<br>Mecze o miejsca 5-7&nbsp;<br>Kmita : Wolanka 9:0&nbsp;<br>Wolanka : Olimpic 3:1&nbsp;<br>Kmita : Olimpic 3:4&nbsp;<br>Półfinały&nbsp;<br>Świt : Orzeł 2:3&nbsp;<br>Karpaty I : Karpaty II 2:2 k.2:1&nbsp;<br>Mecz o 3 miejsce&nbsp;<br>Świt : Karpaty II 4:2&nbsp;<br>Finał&nbsp;<br>Karpaty I : Orzeł 2:0&nbsp;<br>Klasyfikacja ko&#324;cowa&nbsp;<br>1.Karpaty Siepraw I&nbsp;<br>2. Orzeł Balin&nbsp;<br>3. Świt Krzeszowice&nbsp;<br>4. Karpaty Siepraw II&nbsp;<br>5.Kmita Zabierzów&nbsp;<br>6.Olimpic Kraków&nbsp;<br>7.Wolanka Wola Filipowska&nbsp;<br>Najlepszym\r\nzawodnikiem turnieju został Grzegorz Juszczak (Karpaty I), najlepszym\r\nstrzelcem zostali Paweł Wąchol i Daniel Haber (obaj Świt Krzeszowice) z\r\n6 bramkami a najlepszym bramkarzem wybrano Dawida Skoczylasa z Orła\r\nBalin.</span><br><br>Patronat medialny nad turniejem objęły redakcje <span style="font-style: italic;">Dziennika Polskiego</span> oraz <span style="font-style: italic;">Futbol Małopolska</span><br>', NULL, NULL),
	(32, 'Turniej oldbojów 2012', 'turniej-oldbojow-2012', '10 marca na hali w Krzeszowicach został rozegrany turniej halowej piłki noznej oldbojów. W turnieju najlepsza okazała się drużyna Manhattan Trzebinia, przed gospodarzami Pyszne Krzeszowice oraz drużyną Beskidu Andrychów.<br>\r\n<br> Najlepszym strzelcem turnieju został Wiesław Fryda (Pyszne Krzeszowice) z dorobkiem 7 bramek, najlepszym zawodnikiem wybrany został Piotr Stojewski ze zwycięskiej drużyny a najlepszym bramkarzem Piotr Żydek(Beskid Andrychów)<br>\r\n<br>\r\nWyniki turnieju:<br>\r\nKW Czatkowice : Pyszne Krzeszowice 1:1<br>\r\nManhattan Trzebinia : Regulice 1:0<br>\r\nArcelor Mittal : Beskid Andrychów 1:1<br>\r\nPyszne : Regulice 2:2<br>\r\nCzatkowice : Beskid 0:3<br>\r\nManhattan : Arcelor 4:0<br>\r\nRegulice : Beskid 0:0<br>\r\nPyszne : Manhattan 2:4<br>\r\nCzatkowice : Arcelor 4:1<br>\r\nPyszne : Beskid 2:1<br>\r\nRegulice : Arcelor 0:1<br>\r\nCzatkowice : Manhattan 1:1<br>\r\nBeskid : Manhattan \r\nPyszne : Arcelor 4:3<br>\r\nBeskid : Manhattan 3:3<br>\r\nBeskid : Arcelor 1:1<br>\r\n\r\n<br>\r\nKlasyfikacja końcowa: <br>\r\n1.Manhattan Trzebinia <br>\r\n2.Pyszne Krzeszowice <br>\r\n3.Beskid Andrychów <br>\r\n4.Regulice <br>\r\n5.KW Czatkowice <br>\r\n6.Arcelor Mittal <br>', NULL, NULL),
	(33, 'Halowe mistrzostwa Krzeszowic 2012', 'halowe-mistrzostwa-krzeszowic-2012', '12 lutego na hali w Krzeszowicach odbyły się mistrzostwa Gminy Krzeszowice w halowej piłce nożnej organizowane przez UKS Jedynka oraz CKIS Krzeszowice. Drużyny składały się z mieszkańców poszczególnych miejscowości naszej gminy. W turnieju wzięło udział 5 drużyn : FIlipowice, Wola Filipowska, Krzeszowice, Tenczynek i Nawojowa Góra. Oto wyniki:\r\n<br><br>\r\nWola Filipowska : Nawojowa Góra 3:7 <br>\r\nKrzeszowice : Tenczynek 4:3 <br>\r\nNawojowa Góra : Krzeszowice 2:11 <br>\r\nFilipowice : Wola Filipowska 2:2 <br>\r\nKrzeszowice : Filipowice 4:3 <br>\r\nTenczynek : Nawojowa Góra 3:4 <br>\r\nFilipowice : Tenczynek 10:1 <br>\r\nWola Filipowska : Krzeszowice 1:2 <br>\r\nTenczynek : Wola Filipowska 2:5 <br>\r\nNawojowa Góra : Filipowice 3:1 <br>\r\n<br>\r\nKońcowa kolejność : <br>\r\n1. Krzeszowice 12pkt<br>\r\n2. Nawojowa Góra 9pkt<br>\r\n3. Filipowice 4pkt<br>\r\n4. Wola Filipowska 4pkt<br>\r\n5. Tenczynek 0pkt <br>\r\n<br>\r\nNajlepszy bramkarz : Kamil Kłosowski (Krzeszowice)<br>\r\nNajlepszy zawodnik : Mateusz Marszałek (Nawojowa Góra) <br>\r\nNajlepszy strzelec : Łukasz Nowak (Filipowice) <br>\r\n<br>\r\nSkłady drużyn <br>\r\nKrzeszowice : Kłosowski Kamil, Zimoląg Andrzej, Deryniowski Piotr, Funek Adrian, Mroziński Daniel <br>\r\nNawojowa Góra : Wróbel Tomasz, Marszałek Mateusz, Mucha Artur, Nawała Bartosz, Marszałek Jakub, Kisielak Jacek <br>\r\nWola Filipowska : Dudek Artur, Pałka Wojciech, Ślusarczyk Dominik, Ślusarczyk Mariusz, Kempka Dawid, Warzecha Jakub, Motyl Robert, Starzykiewicz Marcin <br>\r\nTenczynek : Pałka Przemysław, Czak Krzysztof, Izdebski Michał, Ślusarczyk Krzysztof, Kościółek Kamil, Kot Jarosław, Jawień Piotr, Sudoł Robert, Strzeboński Krzysztof <br>\r\nFilipowice : Dorynek Marcin, Kłeczek Mateusz, Filipek Mateusz, Święszek Bartłomiej, Grochal Łukasz, Skotniczny Łukasz, Kalęba Daniel, Ciombor Mateusz, Nowak Łukasz, Pałka Tomasz <br>', NULL, NULL),
	(34, 'Międzynarodowy Turniej Futsalu Dziewcząt U99 - 2014', 'miedzynarodowy-turniej-futsalu-dziewczat-u99-2014', '<p>W dniach 29-30.11.2014 w Krzeszowicach rozegrany został Międzynarodowy Mikołajkowy turniej futsalu dziewcząt z rocznika 1999 i młodszych. W turnieju wzięło udział 12 drużyn w tym 3 ze Słowacji. Turniej zakończył się zwycięstwem drużyny Bronowianki I przed Naprzodem Sobolów i drużyną MFK Rużemberok I. Najlepszą zawodniczką turnieju została Michaela Buzakova(MFK Rużemberok I), najlepszą bramkarką uznano Klaudie Kurek z Naprzodu Sobolów a najlepszą strzelczynią została Wiktoria Pietrzyk z Bronowianki I</p>\r\n<p>Oto komplet wyników:</p>\r\n<p><strong>Faza grupowa</strong></p>\r\n<p> </p>\r\n<p>Grupa 1</p>\r\n<p>UKS Jedynka Krzeszowice II : Bronowianka Kraków I 1:13</p>\r\n<p>Victoria Gaj : Orawa Team 2:3</p>\r\n<p>Orawa Team : Bronowianka I 1:2</p>\r\n<p>Victoria : UKS Jedynka II 7:0</p>\r\n<p>Bronowianka I : Victoria 9:3</p>\r\n<p>Orawa Team : UKS Jedynka II 6:2</p>\r\n<p> </p>\r\n<p>Grupa 2</p>\r\n<p>MFK Rużemberok I : AS Progres 7:0</p>\r\n<p>LKS Promyk Bolęcin : UKS Jedynka I 4:2</p>\r\n<p>Promyk : Rużemberok I 0:1</p>\r\n<p>UKS Jedynka I : As Progres 4:0</p>\r\n<p>As Progres : Promyk 3:2</p>\r\n<p>UKS Jedynka I : Rużemberok I 1:0</p>\r\n<p>Grupa 3</p>\r\n<p>MFK Rużemberok II : Naprzód Sobolów 0:4</p>\r\n<p>Bronowianka Kraków II : Prądniczanka 1:2</p>\r\n<p>Bronowianka II : Rużemberok II 6:0</p>\r\n<p>Prądniczanka : Naprzód 0:4</p>\r\n<p>Naprzód : Bronowianka II 1:1</p>\r\n<p>Prądniczanka : Rużemberok II 4:0</p>\r\n<p> </p>\r\n<p><strong>Faza finałowa</strong></p>\r\n<p> </p>\r\n<p>Grupa o miejsca 9-12</p>\r\n<p>Orawa Team : UKS Jedynka II 6:2</p>\r\n<p>UKS Jedynka II : AS Progres 3:5</p>\r\n<p>LKS Promyk Bolęcin : MFK Rużemberok I 1:0</p>\r\n<p>UKS Jedynka II :  Promyk 0:1</p>\r\n<p>Progres : Rużemberok I 1:2</p>\r\n<p>UKS Jedynka II :  Rużemberok I 0:1</p>\r\n<p>AS Progres : Promyk 1:2</p>\r\n<p> </p>\r\n<p>Grupa o miejsca 5-8</p>\r\n<p>Victoria Gaj : Prądniczanka Kraków 5:0</p>\r\n<p>Orawa Team : Bronowianka Kraków II 3:0</p>\r\n<p>Victoria : Orawa Team 2:4</p>\r\n<p>Prądniczanka : Bronowianka II 3:2</p>\r\n<p>Victoria Gaj : Bronowianka II 7:3</p>\r\n<p>Prądniczanka : Orawa Team 0:3</p>\r\n<p> </p>\r\n<p>Grupa o miejsca 1-4</p>\r\n<p>UKS Jedynka I : MFK Rużemberok I 0:2</p>\r\n<p>Bronowianka I :  Naprzód 3:2</p>\r\n<p>UKS Jedynka I : Bronowianka 0:7</p>\r\n<p>Rużemberok I : Naprzód 1:2</p>\r\n<p>UKS Jedynka I : Naprzód 1:3</p>\r\n<p>Rużemberok I : Bronowianka I 1:1</p>\r\n<p> </p>\r\n<p>Końcowa kolejność</p>\r\n<p>1. Bronowianka Kraków I</p>\r\n<p>2. Naprzód Sobolów</p>\r\n<p>3. MFK Rużemberok I</p>\r\n<p>4. UKS Jedynka Krzeszowice</p>\r\n<p>5. Orawa Team</p>\r\n<p>6. Victoria Gaj</p>\r\n<p>7. Prądniczanka Kraków</p>\r\n<p>8. Bronowianka Kraków II</p>\r\n<p>9. LKS Promyk Bolęcin</p>\r\n<p>10. MFK Rużemberok II</p>\r\n<p>11. AS Progres</p>\r\n<p>12. UKS Jedynka II</p>\r\n<p><strong> </strong></p>\r\n<p> </p>', NULL, NULL);
/*!40000 ALTER TABLE `league_cup` ENABLE KEYS */;


-- Zrzut struktury tabela ral.league_group
CREATE TABLE IF NOT EXISTS `league_group` (
  `id` int(11) NOT NULL AUTO_INCREMENT,
  `slug` varchar(255) DEFAULT NULL,
  `name` varchar(255) DEFAULT NULL,
  PRIMARY KEY (`id`)
) ENGINE=MyISAM AUTO_INCREMENT=7 DEFAULT CHARSET=utf8;

-- Zrzucanie danych dla tabeli ral.league_group: 6 rows
DELETE FROM `league_group`;
/*!40000 ALTER TABLE `league_group` DISABLE KEYS */;
INSERT INTO `league_group` (`id`, `slug`, `name`) VALUES
	(1, 'seniorzy', 'Seniorzy'),
	(2, 'juniorzy-starsi', 'Juniorzy starsi'),
	(3, 'juniorzy-mlodsi', 'Juniorzy Młodsi'),
	(4, 'trampkarze', 'Trampkarze'),
	(5, 'mlodzicy', 'Młodzicy'),
	(6, 'orliki', 'Orliki');
/*!40000 ALTER TABLE `league_group` ENABLE KEYS */;


-- Zrzut struktury tabela ral.league_league
CREATE TABLE IF NOT EXISTS `league_league` (
  `league_name` varchar(255) NOT NULL DEFAULT '0.00',
  `league_level` bigint(20) DEFAULT NULL,
  `created_at` datetime NOT NULL,
  `updated_at` datetime NOT NULL,
  `deleted_at` datetime DEFAULT NULL,
  PRIMARY KEY (`league_name`)
) ENGINE=MyISAM DEFAULT CHARSET=utf8;

-- Zrzucanie danych dla tabeli ral.league_league: 57 rows
DELETE FROM `league_league`;
/*!40000 ALTER TABLE `league_league` DISABLE KEYS */;
INSERT INTO `league_league` (`league_name`, `league_level`, `created_at`, `updated_at`, `deleted_at`) VALUES
	('1.0', 1, '0000-00-00 00:00:00', '0000-00-00 00:00:00', NULL),
	('2.1', 2, '0000-00-00 00:00:00', '0000-00-00 00:00:00', NULL),
	('2.2', 2, '0000-00-00 00:00:00', '0000-00-00 00:00:00', NULL),
	('3.1', 3, '0000-00-00 00:00:00', '0000-00-00 00:00:00', NULL),
	('3.2', 3, '0000-00-00 00:00:00', '0000-00-00 00:00:00', NULL),
	('3.3', 3, '0000-00-00 00:00:00', '0000-00-00 00:00:00', NULL),
	('3.4', 3, '0000-00-00 00:00:00', '0000-00-00 00:00:00', NULL),
	('4.1', 4, '0000-00-00 00:00:00', '0000-00-00 00:00:00', NULL),
	('4.2', 4, '0000-00-00 00:00:00', '0000-00-00 00:00:00', NULL),
	('4.3', 4, '0000-00-00 00:00:00', '0000-00-00 00:00:00', NULL),
	('4.4', 4, '0000-00-00 00:00:00', '0000-00-00 00:00:00', NULL),
	('4.5', 4, '0000-00-00 00:00:00', '0000-00-00 00:00:00', NULL),
	('4.6', 4, '0000-00-00 00:00:00', '0000-00-00 00:00:00', NULL),
	('4.7', 4, '0000-00-00 00:00:00', '0000-00-00 00:00:00', NULL),
	('4.8', 4, '0000-00-00 00:00:00', '0000-00-00 00:00:00', NULL),
	('5.9', 5, '0000-00-00 00:00:00', '0000-00-00 00:00:00', NULL),
	('5.10', 5, '0000-00-00 00:00:00', '0000-00-00 00:00:00', NULL),
	('5.11', 5, '0000-00-00 00:00:00', '0000-00-00 00:00:00', NULL),
	('5.13', 5, '0000-00-00 00:00:00', '0000-00-00 00:00:00', NULL),
	('5.14', 5, '0000-00-00 00:00:00', '0000-00-00 00:00:00', NULL),
	('5.15', 5, '0000-00-00 00:00:00', '0000-00-00 00:00:00', NULL),
	('5.16', 5, '0000-00-00 00:00:00', '0000-00-00 00:00:00', NULL),
	('5.12', 5, '0000-00-00 00:00:00', '0000-00-00 00:00:00', NULL),
	('5.1', 5, '0000-00-00 00:00:00', '0000-00-00 00:00:00', NULL),
	('5.2', 5, '0000-00-00 00:00:00', '0000-00-00 00:00:00', NULL),
	('5.3', 5, '0000-00-00 00:00:00', '0000-00-00 00:00:00', NULL),
	('5.4', 5, '0000-00-00 00:00:00', '0000-00-00 00:00:00', NULL),
	('5.5', 5, '0000-00-00 00:00:00', '0000-00-00 00:00:00', NULL),
	('5.6', 5, '0000-00-00 00:00:00', '0000-00-00 00:00:00', NULL),
	('5.7', 5, '0000-00-00 00:00:00', '0000-00-00 00:00:00', NULL),
	('5.8', 5, '0000-00-00 00:00:00', '0000-00-00 00:00:00', NULL),
	('1', 1, '2015-08-04 16:26:23', '2015-08-04 16:26:23', NULL),
	('2.3', 2, '0000-00-00 00:00:00', '0000-00-00 00:00:00', NULL),
	('3.5', 3, '0000-00-00 00:00:00', '0000-00-00 00:00:00', NULL),
	('3.6', 3, '0000-00-00 00:00:00', '0000-00-00 00:00:00', NULL),
	('3.7', 3, '0000-00-00 00:00:00', '0000-00-00 00:00:00', NULL),
	('3.8', 3, '0000-00-00 00:00:00', '0000-00-00 00:00:00', NULL),
	('3.9', 3, '0000-00-00 00:00:00', '0000-00-00 00:00:00', NULL),
	('4.9', 4, '0000-00-00 00:00:00', '0000-00-00 00:00:00', NULL),
	('4.10', 4, '0000-00-00 00:00:00', '0000-00-00 00:00:00', NULL),
	('4.11', 4, '0000-00-00 00:00:00', '0000-00-00 00:00:00', NULL),
	('4.12', 4, '0000-00-00 00:00:00', '0000-00-00 00:00:00', NULL),
	('4.13', 4, '0000-00-00 00:00:00', '0000-00-00 00:00:00', NULL),
	('4.14', 4, '0000-00-00 00:00:00', '0000-00-00 00:00:00', NULL),
	('4.15', 4, '0000-00-00 00:00:00', '0000-00-00 00:00:00', NULL),
	('4.16', 4, '0000-00-00 00:00:00', '0000-00-00 00:00:00', NULL),
	('4.17', 4, '0000-00-00 00:00:00', '0000-00-00 00:00:00', NULL),
	('4.18', 4, '0000-00-00 00:00:00', '0000-00-00 00:00:00', NULL),
	('4.19', 4, '0000-00-00 00:00:00', '0000-00-00 00:00:00', NULL),
	('4.20', 4, '0000-00-00 00:00:00', '0000-00-00 00:00:00', NULL),
	('4.21', 4, '0000-00-00 00:00:00', '0000-00-00 00:00:00', NULL),
	('4.22', 4, '0000-00-00 00:00:00', '0000-00-00 00:00:00', NULL),
	('4.23', 4, '0000-00-00 00:00:00', '0000-00-00 00:00:00', NULL),
	('4.24', 4, '0000-00-00 00:00:00', '0000-00-00 00:00:00', NULL),
	('4.25', 4, '0000-00-00 00:00:00', '0000-00-00 00:00:00', NULL),
	('4.26', 4, '0000-00-00 00:00:00', '0000-00-00 00:00:00', NULL),
	('4.27', 4, '0000-00-00 00:00:00', '0000-00-00 00:00:00', NULL);
/*!40000 ALTER TABLE `league_league` ENABLE KEYS */;


-- Zrzut struktury tabela ral.league_match
CREATE TABLE IF NOT EXISTS `league_match` (
  `id` int(11) NOT NULL AUTO_INCREMENT,
  `team1` int(11) NOT NULL,
  `team2` int(11) NOT NULL,
  `goal1` int(11) NOT NULL,
  `goal2` int(11) NOT NULL,
  `league_id` int(11) NOT NULL,
  `match_date` datetime DEFAULT NULL,
  `played` tinyint(1) DEFAULT '0',
  PRIMARY KEY (`id`),
  KEY `league_match_team2_league_team_id` (`team2`)
) ENGINE=MyISAM AUTO_INCREMENT=18196 DEFAULT CHARSET=utf8;

-- Zrzucanie danych dla tabeli ral.league_match: 747 rows
DELETE FROM `league_match`;
/*!40000 ALTER TABLE `league_match` DISABLE KEYS */;
INSERT INTO `league_match` (`id`, `team1`, `team2`, `goal1`, `goal2`, `league_id`, `match_date`, `played`) VALUES
	(18112, 144, 154, 0, 0, 23, '2015-08-21 17:30:00', 0),
	(4, 5, 6, 5, 8, 7, '2013-04-15 20:00:00', 1),
	(5, 7, 8, 4, 9, 7, '2013-04-15 20:00:00', 1),
	(6, 9, 10, 11, 5, 7, '2013-04-15 20:00:00', 1),
	(7, 8, 5, 5, 8, 7, '2013-04-15 20:00:00', 1),
	(8, 3, 7, 7, 5, 7, '2013-04-15 20:00:00', 1),
	(9, 9, 6, 12, 12, 7, '2013-04-15 20:00:00', 1),
	(10, 4, 10, 5, 9, 7, '2013-04-15 20:00:00', 1),
	(11, 8, 10, 4, 8, 7, '2013-04-15 20:00:00', 1),
	(12, 6, 3, 8, 7, 7, '2013-04-15 20:00:00', 1),
	(13, 9, 4, 7, 10, 7, '2013-04-15 20:00:00', 1),
	(14, 7, 6, 3, 8, 7, '2013-04-15 20:00:00', 1),
	(15, 5, 9, 9, 12, 7, '2013-04-15 20:00:00', 1),
	(16, 10, 3, 4, 5, 7, '2013-04-15 20:00:00', 1),
	(17, 7, 9, 6, 10, 7, '2013-04-15 20:00:00', 1),
	(18, 3, 8, 9, 5, 7, '2013-04-15 20:00:00', 1),
	(19, 10, 5, 6, 5, 7, '2013-04-15 20:00:00', 1),
	(20, 4, 6, 8, 6, 7, '2013-04-15 20:00:00', 1),
	(21, 3, 9, 2, 7, 7, '2013-04-15 20:00:00', 1),
	(22, 10, 7, 6, 3, 7, '2013-04-15 20:00:00', 1),
	(23, 10, 6, 5, 7, 7, '2013-04-15 20:00:00', 1),
	(24, 7, 5, 2, 9, 7, '2013-04-15 20:00:00', 1),
	(25, 8, 4, 7, 14, 7, '2013-04-15 20:00:00', 1),
	(26, 5, 3, 13, 5, 7, '2013-04-15 20:00:00', 1),
	(27, 3, 7, 6, 7, 7, '2013-04-15 20:00:00', 1),
	(28, 5, 4, 4, 8, 7, '2013-04-15 20:00:00', 1),
	(29, 6, 8, 10, 10, 7, '2013-04-15 20:00:00', 1),
	(30, 9, 10, 15, 5, 7, '2013-04-15 20:00:00', 1),
	(31, 3, 10, 6, 15, 7, '2013-04-15 20:00:00', 1),
	(32, 4, 9, 14, 7, 7, '2013-04-15 20:00:00', 1),
	(33, 7, 8, 6, 2, 7, '2013-04-15 20:00:00', 1),
	(44, 9, 8, 8, 6, 7, '2013-09-02 19:30:00', 1),
	(45, 6, 3, 23, 6, 7, '2013-09-02 20:20:00', 1),
	(46, 4, 7, 19, 8, 7, '2013-09-02 21:10:00', 1),
	(47, 10, 8, 13, 4, 7, '2013-09-03 20:00:00', 1),
	(48, 5, 3, 13, 7, 7, '2013-09-03 20:50:00', 1),
	(18111, 142, 151, 0, 0, 23, '2015-09-16 16:30:00', 0),
	(140, 17, 14, 6, 12, 8, '2013-04-15 20:00:00', 1),
	(141, 17, 18, 3, 2, 8, '2013-04-15 20:00:00', 1),
	(142, 13, 15, 10, 6, 8, '2013-04-15 20:00:00', 1),
	(143, 12, 14, 6, 0, 8, '2013-04-15 20:00:00', 1),
	(144, 16, 15, 5, 5, 8, '2013-04-15 20:00:00', 1),
	(145, 14, 18, 6, 0, 8, '2013-04-15 20:00:00', 1),
	(146, 12, 17, 11, 0, 8, '2013-04-15 20:00:00', 1),
	(147, 12, 18, 6, 1, 8, '2013-04-15 20:00:00', 1),
	(148, 13, 17, 9, 4, 8, '2013-04-15 20:00:00', 1),
	(149, 13, 18, 22, 0, 8, '2013-04-15 20:00:00', 1),
	(150, 16, 17, 13, 0, 8, '2013-04-15 20:00:00', 1),
	(151, 12, 15, 6, 2, 8, '2013-04-15 20:00:00', 1),
	(152, 16, 18, 18, 0, 8, '2013-04-15 20:00:00', 1),
	(153, 15, 18, 12, 8, 8, '2013-04-15 20:00:00', 1),
	(154, 17, 15, 10, 6, 8, '2013-04-15 20:00:00', 1),
	(155, 14, 16, 7, 2, 8, '2013-04-15 20:00:00', 1),
	(156, 15, 14, 5, 1, 8, '2013-04-15 20:00:00', 1),
	(157, 15, 14, 9, 4, 8, '2013-04-15 20:00:00', 1),
	(158, 12, 13, 3, 2, 8, '2013-04-15 20:00:00', 1),
	(159, 13, 16, 9, 6, 8, '2013-04-15 20:00:00', 1),
	(160, 18, 17, 5, 4, 8, '2013-04-15 20:00:00', 1),
	(161, 12, 15, 5, 4, 8, '2013-04-15 20:00:00', 1),
	(162, 13, 14, 7, 2, 8, '2013-04-15 20:00:00', 1),
	(163, 12, 16, 3, 2, 8, '2013-04-15 20:00:00', 1),
	(164, 14, 18, 12, 0, 8, '2013-04-15 20:00:00', 1),
	(18110, 146, 144, 2, 0, 23, '2015-08-16 17:00:00', 1),
	(170, 27, 23, 2, 11, 9, '2013-04-15 20:00:00', 1),
	(171, 20, 26, 8, 2, 9, '2013-04-15 20:00:00', 1),
	(172, 21, 24, 6, 5, 9, '2013-04-15 20:00:00', 1),
	(173, 20, 24, 12, 1, 9, '2013-04-15 20:00:00', 1),
	(174, 23, 22, 4, 4, 9, '2013-04-15 20:00:00', 1),
	(175, 21, 19, 4, 3, 9, '2013-04-15 20:00:00', 1),
	(176, 22, 20, 7, 5, 9, '2013-04-15 20:00:00', 1),
	(177, 27, 26, 1, 1, 9, '2013-04-15 20:00:00', 1),
	(178, 22, 24, 1, 8, 9, '2013-04-15 20:00:00', 1),
	(179, 23, 19, 1, 6, 9, '2013-04-15 20:00:00', 1),
	(180, 26, 19, 2, 10, 9, '2013-04-15 20:00:00', 1),
	(181, 20, 27, 11, 1, 9, '2013-04-15 20:00:00', 1),
	(182, 20, 19, 5, 4, 9, '2013-04-15 20:00:00', 1),
	(183, 22, 21, 5, 11, 9, '2013-04-15 20:00:00', 1),
	(184, 23, 24, 3, 5, 9, '2013-04-15 20:00:00', 1),
	(185, 22, 27, 5, 5, 9, '2013-04-15 20:00:00', 1),
	(186, 26, 22, 2, 6, 9, '2013-04-15 20:00:00', 1),
	(187, 27, 19, 2, 8, 9, '2013-04-15 20:00:00', 1),
	(188, 21, 23, 9, 2, 9, '2013-04-15 20:00:00', 1),
	(189, 19, 20, 7, 4, 9, '2013-04-15 20:00:00', 1),
	(190, 27, 19, 6, 7, 9, '2013-04-15 20:00:00', 1),
	(191, 23, 26, 3, 4, 9, '2013-04-15 20:00:00', 1),
	(192, 27, 20, 6, 5, 9, '2013-04-15 20:00:00', 1),
	(193, 22, 19, 5, 6, 9, '2013-04-15 20:00:00', 1),
	(194, 19, 26, 3, 3, 9, '2013-04-15 20:00:00', 1),
	(195, 26, 23, 2, 4, 9, '2013-04-15 20:00:00', 1),
	(196, 23, 20, 2, 6, 9, '2013-04-15 20:00:00', 1),
	(197, 27, 19, 2, 7, 9, '2013-04-15 20:00:00', 1),
	(198, 21, 28, 1, 5, 9, '2013-04-15 20:00:00', 1),
	(203, 3, 4, 5, 13, 7, '2013-09-10 20:50:00', 1),
	(205, 5, 9, 6, 5, 7, '2013-09-10 20:00:00', 1),
	(208, 8, 5, 7, 11, 7, '2013-09-09 19:30:00', 1),
	(209, 6, 7, 5, 5, 7, '2013-09-09 20:20:00', 1),
	(210, 12, 14, 0, 0, 8, '2013-09-14 08:30:00', 0),
	(211, 15, 18, 0, 0, 8, '2013-09-14 09:10:00', 0),
	(212, 13, 16, 0, 0, 8, '2013-09-14 11:10:00', 0),
	(214, 27, 26, 0, 0, 9, '2013-09-14 10:30:00', 0),
	(215, 22, 29, 0, 0, 9, '2013-09-14 09:50:00', 0),
	(218, 3, 9, 13, 3, 7, '2013-09-16 21:10:00', 1),
	(219, 5, 6, 6, 7, 7, '2013-09-17 20:00:00', 1),
	(220, 4, 10, 9, 6, 7, '2013-09-17 20:50:00', 1),
	(221, 4, 8, 12, 9, 7, '2013-09-16 20:20:00', 1),
	(222, 7, 5, 1, 7, 7, '2013-09-16 19:30:00', 1),
	(223, 6, 9, 8, 10, 7, '2013-09-23 20:20:00', 1),
	(225, 4, 7, 9, 4, 7, '2013-09-23 21:10:00', 1),
	(228, 10, 5, 8, 5, 7, '2013-09-24 20:00:00', 1),
	(229, 6, 8, 13, 8, 7, '2013-09-24 20:50:00', 1),
	(230, 9, 7, 14, 7, 7, '2013-09-30 19:30:00', 1),
	(231, 4, 6, 0, 5, 7, '2013-09-30 20:20:00', 1),
	(232, 3, 8, 6, 8, 7, '2013-09-30 21:10:00', 1),
	(235, 10, 7, 5, 3, 7, '2013-10-01 20:00:00', 1),
	(236, 4, 5, 8, 11, 7, '2013-10-01 20:50:00', 1),
	(237, 8, 9, 9, 11, 7, '2013-10-08 20:00:00', 1),
	(238, 10, 6, 6, 8, 7, '2013-10-08 20:50:00', 1),
	(17877, 123, 134, 1, 1, 21, '2014-08-17 17:00:00', 1),
	(18109, 155, 150, 0, 1, 23, '2015-08-15 17:00:00', 1),
	(244, 40, 41, 3, 4, 10, '2013-10-26 09:30:00', 1),
	(18108, 152, 154, 4, 3, 23, '2015-08-15 11:00:00', 1),
	(246, 42, 46, 5, 11, 12, '2013-11-04 20:45:00', 1),
	(248, 48, 49, 6, 9, 12, '2013-11-08 20:30:00', 1),
	(249, 36, 34, 10, 1, 11, '2013-11-02 09:00:00', 1),
	(250, 50, 30, 13, 1, 11, '2013-11-02 09:10:00', 1),
	(252, 40, 39, 7, 2, 10, '2013-11-02 09:40:00', 1),
	(253, 51, 41, 7, 2, 10, '2013-11-02 10:00:00', 1),
	(260, 48, 44, 5, 17, 12, '2013-11-15 20:15:00', 1),
	(261, 30, 36, 9, 2, 11, '2013-11-09 09:00:00', 1),
	(262, 34, 33, 8, 3, 11, '2013-11-09 09:10:00', 1),
	(264, 50, 32, 12, 1, 11, '2013-11-09 09:30:00', 1),
	(265, 38, 41, 8, 4, 10, '2013-11-09 09:30:00', 1),
	(266, 43, 46, 7, 15, 12, '2013-11-15 21:00:00', 1),
	(267, 49, 47, 13, 5, 12, '2013-11-15 21:45:00', 1),
	(268, 47, 46, 4, 12, 12, '2013-11-18 20:00:00', 1),
	(269, 42, 44, 6, 2, 12, '2013-11-18 20:45:00', 1),
	(271, 48, 43, 9, 7, 12, '2013-11-22 20:10:00', 1),
	(273, 51, 40, 7, 6, 10, '2013-11-16 09:11:00', 1),
	(274, 39, 41, 2, 6, 10, '2013-11-16 09:20:00', 1),
	(275, 50, 34, 4, 1, 11, '2013-11-16 09:30:00', 1),
	(276, 36, 32, 5, 2, 11, '2013-11-16 09:40:00', 1),
	(278, 30, 33, 8, 3, 11, '2013-11-16 10:00:00', 1),
	(280, 47, 43, 10, 7, 12, '2013-11-29 20:55:00', 1),
	(283, 44, 46, 4, 5, 12, '2013-11-29 20:10:00', 1),
	(284, 49, 42, 5, 5, 12, '2013-11-25 21:30:00', 1),
	(285, 34, 32, 4, 4, 11, '2013-11-16 10:10:00', 1),
	(289, 36, 33, 4, 2, 11, '2013-11-16 10:40:00', 1),
	(290, 40, 38, 4, 3, 10, '2013-11-16 09:30:00', 1),
	(292, 49, 43, 6, 8, 12, '2013-12-02 20:45:00', 1),
	(293, 47, 44, 2, 4, 12, '2013-12-06 20:30:00', 1),
	(295, 42, 48, 7, 2, 12, '2013-12-09 20:45:00', 1),
	(297, 47, 42, 6, 7, 12, '2013-12-13 19:45:00', 1),
	(298, 44, 49, 8, 5, 12, '2013-12-13 20:30:00', 1),
	(299, 46, 48, 11, 4, 12, '2013-12-13 21:15:00', 1),
	(301, 42, 43, 10, 5, 12, '2013-12-20 19:30:00', 1),
	(303, 48, 47, 7, 5, 12, '2013-12-20 20:50:00', 1),
	(304, 49, 46, 6, 11, 12, '2013-12-20 21:30:00', 1),
	(305, 40, 41, 4, 4, 10, '2013-12-20 09:10:00', 1),
	(306, 51, 38, 9, 2, 10, '2013-12-20 09:20:00', 1),
	(307, 33, 50, 1, 19, 11, '2013-12-20 09:20:00', 1),
	(308, 30, 36, 9, 7, 11, '2013-12-20 09:30:00', 1),
	(309, 30, 34, 5, 0, 11, '2013-12-20 09:40:00', 1),
	(313, 43, 44, 6, 14, 12, '2014-01-03 20:10:00', 1),
	(314, 46, 42, 3, 6, 12, '2014-01-03 20:50:00', 1),
	(316, 49, 48, 4, 6, 12, '2014-01-03 21:30:00', 1),
	(317, 36, 34, 4, 6, 11, '2014-01-04 08:15:00', 1),
	(318, 30, 50, 8, 0, 11, '2014-01-04 09:00:00', 1),
	(319, 40, 51, 5, 5, 10, '2014-01-04 10:30:00', 1),
	(320, 39, 41, 3, 2, 10, '2014-01-04 11:15:00', 1),
	(321, 43, 46, 4, 20, 12, '2014-01-06 20:00:00', 1),
	(323, 42, 44, 7, 2, 12, '2014-01-06 21:30:00', 1),
	(324, 33, 32, 3, 2, 11, '2014-01-04 09:45:00', 1),
	(325, 47, 46, 2, 10, 12, '2014-01-06 20:45:00', 1),
	(326, 49, 47, 5, 2, 12, '2014-01-17 19:30:00', 1),
	(327, 48, 44, 5, 6, 12, '2014-01-17 20:15:00', 1),
	(328, 43, 42, 4, 28, 12, '2014-01-17 21:00:00', 1),
	(329, 32, 30, 5, 10, 11, '2014-01-18 08:15:00', 1),
	(330, 34, 33, 6, 6, 11, '2014-01-18 09:00:00', 1),
	(331, 50, 36, 7, 1, 11, '2014-01-18 11:15:00', 1),
	(332, 41, 51, 0, 5, 10, '2014-01-18 09:45:00', 1),
	(333, 40, 39, 4, 3, 10, '2014-01-18 10:30:00', 1),
	(334, 43, 47, 6, 10, 12, '2014-01-20 20:00:00', 1),
	(335, 49, 42, 4, 5, 12, '2014-01-20 20:45:00', 1),
	(336, 44, 46, 3, 4, 12, '2014-01-20 21:30:00', 1),
	(337, 48, 43, 17, 11, 12, '2014-01-24 19:30:00', 1),
	(338, 30, 34, 11, 1, 11, '2014-01-25 09:00:00', 1),
	(340, 36, 33, 6, 4, 11, '2014-01-25 09:45:00', 1),
	(341, 40, 38, 4, 1, 10, '2014-01-25 10:30:00', 1),
	(343, 42, 47, 14, 4, 12, '2014-01-27 20:45:00', 1),
	(346, 49, 44, 4, 8, 12, '2014-01-27 20:00:00', 1),
	(347, 49, 43, 5, 5, 12, '2014-01-31 20:00:00', 1),
	(348, 46, 48, 16, 4, 12, '2014-01-31 20:45:00', 1),
	(349, 51, 39, 12, 3, 10, '2014-02-01 09:00:00', 1),
	(350, 30, 33, 15, 4, 11, '2014-02-01 09:55:00', 1),
	(351, 34, 32, 3, 2, 11, '2014-02-01 09:56:00', 1),
	(352, 47, 48, 0, 0, 12, '2014-02-03 20:00:00', 0),
	(353, 49, 46, 0, 0, 12, '2014-02-03 20:45:00', 0),
	(355, 44, 47, 0, 0, 12, '2014-02-07 20:00:00', 0),
	(356, 42, 48, 0, 0, 12, '2014-02-07 20:45:00', 0),
	(18107, 148, 153, 5, 2, 23, '2015-08-15 16:00:00', 1),
	(360, 63, 59, 2, 5, 13, '0000-00-00 00:00:00', 1),
	(361, 56, 59, 2, 3, 13, '0000-00-00 00:00:00', 1),
	(362, 57, 63, 3, 8, 13, '0000-00-00 00:00:00', 1),
	(363, 56, 63, 1, 4, 13, '0000-00-00 00:00:00', 1),
	(364, 59, 57, 10, 2, 13, '0000-00-00 00:00:00', 1),
	(365, 62, 63, 0, 1, 13, '0000-00-00 00:00:00', 1),
	(366, 60, 57, 4, 0, 13, '0000-00-00 00:00:00', 1),
	(367, 56, 61, 0, 1, 13, '0000-00-00 00:00:00', 1),
	(368, 62, 57, 7, 0, 13, '0000-00-00 00:00:00', 1),
	(369, 61, 63, 0, 1, 13, '0000-00-00 00:00:00', 1),
	(370, 56, 62, 1, 6, 13, '0000-00-00 00:00:00', 1),
	(371, 60, 61, 8, 0, 13, '0000-00-00 00:00:00', 1),
	(372, 56, 55, 0, 5, 13, '0000-00-00 00:00:00', 1),
	(373, 59, 61, 5, 6, 13, '0000-00-00 00:00:00', 1),
	(374, 55, 58, 5, 0, 13, '0000-00-00 00:00:00', 1),
	(375, 59, 58, 16, 0, 13, '0000-00-00 00:00:00', 1),
	(376, 61, 55, 4, 2, 13, '0000-00-00 00:00:00', 1),
	(377, 61, 58, 7, 2, 13, '0000-00-00 00:00:00', 1),
	(378, 59, 55, 4, 3, 13, '0000-00-00 00:00:00', 1),
	(379, 64, 57, 4, 2, 13, '0000-00-00 00:00:00', 1),
	(380, 63, 58, 6, 1, 13, '0000-00-00 00:00:00', 1),
	(381, 56, 57, 2, 2, 13, '0000-00-00 00:00:00', 1),
	(382, 64, 63, 2, 1, 13, '0000-00-00 00:00:00', 1),
	(383, 56, 58, 8, 3, 13, '0000-00-00 00:00:00', 1),
	(384, 63, 57, 6, 1, 13, '0000-00-00 00:00:00', 1),
	(385, 64, 58, 7, 1, 13, '0000-00-00 00:00:00', 1),
	(387, 51, 39, 3, 2, 10, '2014-02-02 12:00:00', 1),
	(388, 50, 34, 7, 4, 11, '2014-02-02 12:00:00', 1),
	(389, 30, 32, 11, 2, 11, '2014-02-02 13:00:00', 1),
	(390, 59, 60, 6, 2, 13, '0000-00-00 00:00:00', 1),
	(391, 61, 58, 4, 1, 13, '0000-00-00 00:00:00', 1),
	(392, 60, 55, 5, 1, 13, '0000-00-00 00:00:00', 1),
	(393, 59, 61, 4, 1, 13, '0000-00-00 00:00:00', 1),
	(394, 55, 58, 10, 2, 13, '0000-00-00 00:00:00', 1),
	(395, 60, 58, 4, 0, 13, '0000-00-00 00:00:00', 1),
	(396, 61, 55, 4, 3, 13, '0000-00-00 00:00:00', 1),
	(397, 59, 60, 7, 3, 13, '0000-00-00 00:00:00', 1),
	(398, 62, 63, 2, 0, 13, '0000-00-00 00:00:00', 1),
	(399, 56, 64, 4, 2, 13, '0000-00-00 00:00:00', 1),
	(400, 64, 62, 2, 1, 13, '0000-00-00 00:00:00', 1),
	(401, 56, 63, 2, 2, 13, '0000-00-00 00:00:00', 1),
	(402, 56, 62, 1, 2, 13, '0000-00-00 00:00:00', 1),
	(403, 64, 63, 3, 2, 13, '0000-00-00 00:00:00', 1),
	(404, 56, 58, 2, 4, 13, '0000-00-00 00:00:00', 1),
	(405, 64, 60, 1, 5, 13, '0000-00-00 00:00:00', 1),
	(406, 63, 56, 3, 0, 13, '0000-00-00 00:00:00', 1),
	(407, 57, 64, 1, 1, 13, '0000-00-00 00:00:00', 1),
	(408, 62, 58, 12, 0, 13, '0000-00-00 00:00:00', 1),
	(409, 56, 64, 0, 4, 13, '0000-00-00 00:00:00', 1),
	(410, 63, 60, 3, 5, 13, '0000-00-00 00:00:00', 1),
	(411, 57, 61, 0, 3, 13, '0000-00-00 00:00:00', 1),
	(412, 62, 60, 1, 4, 13, '0000-00-00 00:00:00', 1),
	(413, 63, 61, 0, 4, 13, '0000-00-00 00:00:00', 1),
	(414, 57, 58, 7, 1, 13, '0000-00-00 00:00:00', 1),
	(415, 62, 61, 3, 2, 13, '0000-00-00 00:00:00', 1),
	(18106, 145, 149, 2, 2, 23, '2015-08-15 17:30:00', 1),
	(422, 68, 69, 9, 12, 14, '2014-04-14 20:25:00', 1),
	(17718, 65, 75, 9, 5, 14, '2014-09-01 19:45:00', 1),
	(426, 72, 73, 8, 6, 14, '2014-04-15 20:00:00', 1),
	(18105, 143, 147, 0, 4, 23, '2015-08-15 17:00:00', 1),
	(429, 78, 79, 1, 3, 15, '2014-04-01 09:50:00', 1),
	(430, 76, 77, 15, 0, 15, '2014-04-01 10:00:00', 1),
	(431, 80, 76, 2, 2, 15, '2014-04-01 10:30:00', 1),
	(432, 82, 77, 1, 4, 15, '2014-04-01 10:40:00', 1),
	(433, 82, 79, 1, 7, 15, '2014-04-01 10:50:00', 1),
	(434, 82, 78, 2, 1, 15, '2014-04-02 10:50:00', 1),
	(435, 76, 81, 3, 1, 15, '2014-04-02 10:55:00', 1),
	(436, 76, 78, 15, 0, 15, '2014-04-02 11:00:00', 1),
	(437, 82, 81, 2, 8, 15, '2014-04-02 11:30:00', 1),
	(17719, 83, 68, 16, 7, 14, '2014-09-01 20:40:00', 1),
	(441, 73, 67, 6, 10, 14, '2014-04-22 21:40:00', 1),
	(442, 65, 69, 0, 0, 14, '2014-04-23 20:00:00', 0),
	(445, 68, 75, 0, 0, 14, '2014-04-28 20:25:00', 0),
	(447, 83, 73, 6, 1, 14, '2014-04-29 20:00:00', 1),
	(17758, 89, 88, 5, 9, 16, '2014-11-03 21:30:00', 1),
	(449, 78, 81, 0, 9, 15, '2014-04-03 12:00:00', 1),
	(450, 76, 84, 9, 1, 15, '2014-04-03 13:00:00', 1),
	(451, 81, 84, 3, 1, 15, '2014-04-03 20:00:00', 1),
	(452, 81, 85, 2, 2, 15, '2014-04-03 20:10:00', 1),
	(453, 80, 85, 1, 1, 15, '2014-04-03 20:20:00', 1),
	(454, 80, 79, 4, 1, 15, '2014-04-03 20:30:00', 1),
	(455, 79, 81, 1, 5, 15, '2014-04-03 20:40:00', 1),
	(456, 84, 77, 8, 1, 15, '2014-04-03 20:55:00', 1),
	(457, 78, 77, 1, 1, 15, '2014-04-04 10:00:00', 1),
	(458, 78, 84, 0, 5, 15, '2014-04-04 10:15:00', 1),
	(460, 72, 69, 9, 10, 14, '2014-04-28 21:15:00', 1),
	(17766, 100, 101, 5, 2, 17, '2015-11-10 09:00:00', 1),
	(463, 65, 72, 14, 5, 14, '2014-05-05 19:30:00', 1),
	(17757, 91, 90, 3, 3, 16, '2014-11-03 20:45:00', 1),
	(466, 68, 73, 14, 8, 14, '2014-05-05 20:25:00', 1),
	(468, 75, 83, 6, 6, 14, '2014-05-06 20:00:00', 1),
	(17765, 95, 94, 5, 2, 16, '2014-10-14 20:20:00', 1),
	(470, 65, 73, 10, 3, 14, '2014-05-12 19:30:00', 1),
	(471, 69, 67, 4, 8, 14, '2014-05-12 20:25:00', 1),
	(472, 68, 72, 15, 6, 14, '2014-05-12 21:20:00', 1),
	(473, 83, 69, 10, 8, 14, '2014-05-13 20:00:00', 1),
	(17756, 86, 87, 9, 4, 16, '2014-11-03 20:00:00', 1),
	(475, 69, 75, 3, 3, 14, '2014-05-19 19:30:00', 1),
	(17764, 92, 88, 4, 13, 16, '2014-10-14 19:30:00', 1),
	(477, 72, 67, 7, 14, 14, '2014-05-19 21:20:00', 1),
	(478, 65, 68, 12, 6, 14, '2014-05-20 20:00:00', 1),
	(17755, 73, 75, 14, 3, 14, '2014-10-27 20:25:00', 1),
	(17702, 73, 75, 3, 6, 14, '2014-05-27 20:00:00', 1),
	(17703, 65, 83, 4, 6, 14, '2014-05-27 20:45:00', 1),
	(17754, 65, 75, 16, 7, 14, '2014-10-27 19:30:00', 1),
	(17700, 68, 67, 8, 8, 14, '2014-05-26 20:25:00', 1),
	(17763, 95, 86, 3, 5, 16, '2014-11-10 21:30:00', 1),
	(17704, 69, 73, 5, 4, 14, '2014-06-02 19:30:00', 1),
	(17762, 91, 87, 11, 1, 16, '2014-11-10 20:45:00', 1),
	(17706, 67, 75, 7, 3, 14, '2014-06-02 21:20:00', 1),
	(17753, 68, 75, 0, 5, 14, NULL, 1),
	(17708, 83, 72, 5, 0, 14, '2014-06-03 20:45:00', 1),
	(17709, 75, 72, 11, 1, 14, '2014-06-09 19:30:00', 1),
	(17710, 68, 83, 11, 5, 14, '2014-06-09 20:25:00', 1),
	(17752, 68, 75, 0, 5, 14, NULL, 1),
	(17751, 65, 68, 5, 0, 14, NULL, 1),
	(17761, 89, 90, 7, 2, 16, '2014-11-10 20:00:00', 1),
	(17714, 83, 67, 7, 2, 14, '2014-06-17 20:00:00', 1),
	(17715, 65, 69, 7, 5, 14, '2014-06-17 20:45:00', 1),
	(17720, 67, 69, 18, 8, 14, '2014-09-02 20:00:00', 1),
	(17760, 90, 88, 4, 4, 16, '2014-11-07 20:15:00', 1),
	(17721, 72, 69, 5, 16, 14, '2014-09-08 19:30:00', 1),
	(17722, 83, 75, 6, 1, 14, '2014-09-08 20:25:00', 1),
	(17723, 68, 73, 12, 12, 14, '2014-09-08 21:20:00', 1),
	(17724, 67, 65, 0, 0, 14, '2014-09-09 20:00:00', 0),
	(17732, 67, 75, 6, 3, 14, '2014-09-16 20:00:00', 1),
	(17731, 68, 72, 0, 5, 14, '2014-09-15 21:20:00', 1),
	(17730, 83, 65, 7, 4, 14, '2014-09-15 20:25:00', 1),
	(17729, 69, 73, 8, 14, 14, '2014-09-15 19:30:00', 1),
	(17733, 73, 72, 6, 4, 14, '2014-09-22 19:30:00', 1),
	(17734, 67, 83, 4, 4, 14, '2014-09-22 20:25:00', 1),
	(17735, 68, 69, 0, 0, 14, '2014-09-22 21:20:00', 0),
	(17750, 67, 68, 5, 0, 14, NULL, 1),
	(17737, 65, 75, 0, 0, 14, '2014-09-29 20:25:00', 0),
	(17738, 72, 83, 7, 11, 14, '2014-09-29 21:20:00', 1),
	(17739, 73, 67, 6, 8, 14, '2014-09-30 20:00:00', 1),
	(17740, 68, 69, 0, 5, 14, '2014-09-30 20:45:00', 1),
	(17741, 65, 73, 6, 4, 14, '2014-10-06 19:30:00', 1),
	(17742, 69, 83, 2, 9, 14, '2014-10-06 20:25:00', 1),
	(17743, 67, 72, 11, 7, 14, '2014-10-06 21:20:00', 1),
	(17744, 72, 65, 0, 5, 14, '2014-10-13 21:20:00', 1),
	(17745, 75, 69, 5, 10, 14, '2014-10-13 20:25:00', 1),
	(17746, 69, 65, 8, 11, 14, '2014-10-12 20:00:00', 1),
	(17747, 83, 73, 14, 1, 14, '2014-10-20 19:30:00', 1),
	(17748, 65, 67, 5, 9, 14, '2014-10-20 20:25:00', 1),
	(17749, 72, 75, 0, 5, 14, '2014-10-20 21:20:00', 1),
	(17769, 106, 99, 3, 11, 18, '2014-11-15 08:15:00', 1),
	(17770, 108, 96, 4, 6, 17, '2014-11-15 09:00:00', 1),
	(17771, 102, 101, 2, 3, 17, '2014-11-15 09:45:00', 1),
	(17772, 100, 97, 4, 2, 17, '2014-11-15 10:30:00', 1),
	(17773, 103, 104, 6, 5, 18, '2014-11-15 11:15:00', 1),
	(17774, 105, 98, 5, 11, 18, '2014-11-15 12:00:00', 1),
	(17775, 95, 87, 9, 2, 16, '2014-11-17 20:00:00', 1),
	(17776, 88, 91, 6, 3, 16, '2014-11-17 20:45:00', 1),
	(17777, 86, 92, 14, 4, 16, '2014-11-17 21:30:00', 1),
	(17778, 86, 90, 13, 2, 16, '2014-11-21 19:30:00', 1),
	(17779, 89, 94, 5, 3, 16, '2014-11-21 20:15:00', 1),
	(17780, 99, 103, 3, 6, 18, '2014-11-10 08:50:00', 1),
	(17781, 92, 87, 6, 1, 16, '2014-11-24 20:00:00', 1),
	(17782, 95, 90, 16, 2, 16, '2014-11-24 20:45:00', 1),
	(17783, 86, 94, 13, 3, 16, '2014-11-24 21:30:00', 1),
	(17784, 89, 91, 3, 5, 16, '2014-11-28 20:15:00', 1),
	(17785, 94, 88, 2, 13, 16, '2014-11-28 21:00:00', 1),
	(17791, 92, 89, 2, 16, 16, '2014-12-08 20:00:00', 1),
	(17792, 88, 86, 5, 4, 16, '2014-12-08 20:45:00', 1),
	(17788, 91, 92, 7, 1, 16, '2014-12-05 19:30:00', 1),
	(17789, 86, 89, 6, 6, 16, '2014-12-05 20:15:00', 1),
	(17790, 94, 87, 3, 0, 16, '2014-12-05 21:00:00', 1),
	(17793, 91, 95, 5, 7, 16, '2014-12-08 21:30:00', 1),
	(17794, 87, 88, 0, 0, 16, '2014-12-12 19:30:00', 0),
	(17795, 94, 90, 3, 4, 16, '2014-12-12 20:15:00', 1),
	(17796, 92, 95, 5, 16, 16, '2014-12-15 20:00:00', 1),
	(17797, 87, 88, 0, 13, 16, '2014-12-15 20:45:00', 1),
	(17798, 91, 86, 2, 5, 16, '2014-12-15 21:30:00', 1),
	(17801, 87, 90, 0, 2, 16, '2014-12-22 20:00:00', 1),
	(17802, 94, 91, 1, 12, 16, '2014-12-22 20:45:00', 1),
	(17803, 95, 89, 3, 8, 16, '2014-12-22 21:30:00', 1),
	(17804, 92, 90, 5, 2, 16, '2014-12-29 20:00:00', 1),
	(17805, 88, 95, 3, 5, 16, '2014-12-29 20:45:00', 1),
	(17806, 87, 89, 2, 9, 16, '2014-12-29 21:30:00', 1),
	(17807, 106, 103, 9, 11, 18, '2014-12-19 09:00:00', 1),
	(17808, 98, 106, 10, 5, 18, '2014-12-19 09:45:00', 1),
	(17809, 96, 109, 4, 5, 17, '2014-12-19 09:00:00', 1),
	(17810, 109, 108, 12, 5, 17, '2014-12-19 09:45:00', 1),
	(17811, 108, 101, 3, 12, 17, '2014-12-19 10:30:00', 1),
	(17812, 87, 91, 2, 7, 16, '2015-01-02 19:30:00', 1),
	(17813, 86, 90, 11, 3, 16, '2015-01-02 20:15:00', 1),
	(17814, 96, 102, 4, 5, 17, '2015-01-02 10:40:00', 1),
	(17815, 97, 109, 5, 1, 17, '2015-01-02 11:20:00', 1),
	(17816, 101, 102, 1, 1, 17, '2015-01-02 12:00:00', 1),
	(17817, 103, 104, 10, 11, 18, '2015-01-02 09:45:00', 1),
	(17818, 92, 94, 4, 2, 16, '2015-01-05 20:00:00', 1),
	(17819, 86, 87, 7, 2, 16, '2015-01-05 20:45:00', 1),
	(17820, 91, 90, 9, 2, 16, '2015-01-05 21:30:00', 1),
	(17821, 94, 91, 5, 13, 16, '2015-01-09 19:30:00', 1),
	(17822, 89, 88, 6, 1, 16, '2015-01-09 20:15:00', 1),
	(17823, 103, 98, 4, 9, 18, '2015-01-09 14:30:00', 1),
	(17824, 103, 105, 2, 9, 18, '2015-01-09 15:10:00', 1),
	(17825, 104, 99, 5, 3, 18, '2015-01-10 11:20:00', 1),
	(17826, 100, 96, 8, 6, 17, '2015-01-10 08:30:00', 1),
	(17827, 97, 102, 0, 5, 17, '2015-01-10 09:10:00', 1),
	(17828, 101, 109, 4, 1, 17, '2015-01-10 10:00:00', 1),
	(17829, 108, 102, 7, 13, 17, '2015-01-10 10:40:00', 1),
	(17830, 92, 91, 2, 8, 16, '2015-01-12 20:00:00', 1),
	(17831, 95, 94, 13, 3, 16, '2015-01-12 20:45:00', 1),
	(17832, 95, 88, 0, 0, 16, '2015-01-12 00:00:00', 0),
	(17833, 95, 88, 12, 4, 16, '2015-01-16 19:30:00', 1),
	(17834, 92, 89, 0, 5, 16, '2015-01-16 20:25:00', 1),
	(17835, 102, 100, 9, 5, 17, '2015-01-10 09:45:00', 1),
	(17836, 92, 90, 1, 12, 16, '2015-01-19 20:00:00', 1),
	(17837, 94, 87, 2, 4, 16, '2015-01-19 20:45:00', 1),
	(17838, 95, 86, 4, 3, 16, '2015-01-19 21:30:00', 1),
	(17839, 87, 90, 1, 6, 16, '2014-01-23 19:30:00', 1),
	(17840, 89, 95, 0, 0, 16, '2014-01-23 20:15:00', 0),
	(17841, 98, 106, 9, 5, 18, '2014-01-16 15:20:00', 1),
	(17842, 90, 87, 0, 0, 16, '2015-01-23 19:30:00', 0),
	(17843, 95, 89, 0, 0, 16, '2015-01-23 20:15:00', 0),
	(17844, 94, 89, 0, 8, 16, '2015-01-23 20:15:00', 1),
	(17845, 97, 96, 10, 2, 17, '2015-01-21 15:20:00', 1),
	(17846, 89, 95, 4, 2, 16, '2015-01-26 20:00:00', 1),
	(17847, 87, 89, 2, 9, 16, '2015-01-26 20:45:00', 1),
	(17848, 95, 90, 18, 4, 16, '2015-01-26 21:30:00', 1),
	(17849, 88, 94, 0, 0, 16, '2015-01-30 19:30:00', 0),
	(17850, 86, 91, 0, 0, 16, '2015-01-30 20:15:00', 0),
	(17851, 88, 87, 0, 0, 16, '2015-01-30 21:00:00', 0),
	(17876, 133, 130, 0, 0, 21, '2014-08-16 16:00:00', 1),
	(17875, 132, 135, 1, 0, 21, '2014-08-16 17:00:00', 1),
	(17874, 124, 126, 6, 1, 21, '2014-08-15 12:00:00', 1),
	(17873, 131, 128, 0, 1, 21, '2014-08-15 16:00:00', 1),
	(17865, 133, 123, 2, 1, 21, '2014-08-09 16:00:00', 1),
	(17866, 130, 125, 3, 0, 21, '2014-08-09 17:00:00', 1),
	(17867, 129, 132, 2, 1, 21, '2014-08-09 17:00:00', 1),
	(17868, 135, 122, 0, 2, 21, '2014-08-09 17:00:00', 1),
	(17869, 120, 124, 2, 0, 21, '2014-08-09 17:00:00', 1),
	(17870, 126, 127, 4, 2, 21, '2014-08-09 17:00:00', 1),
	(17871, 121, 128, 9, 0, 21, '2014-08-09 11:00:00', 1),
	(17872, 131, 134, 1, 5, 21, '2014-08-09 17:00:00', 1),
	(17878, 122, 120, 0, 0, 21, '2014-08-17 17:00:00', 1),
	(17879, 125, 129, 2, 1, 21, '2014-08-17 17:30:00', 1),
	(17880, 130, 123, 1, 1, 21, '2014-08-23 15:00:00', 1),
	(17881, 129, 133, 0, 1, 21, '2014-08-23 17:00:00', 1),
	(17882, 135, 125, 0, 1, 21, '2014-08-23 17:00:00', 1),
	(17883, 120, 132, 3, 1, 21, '2014-08-23 17:00:00', 1),
	(17884, 126, 122, 3, 2, 21, '2014-08-23 17:00:00', 1),
	(17885, 131, 127, 2, 0, 21, '2014-08-23 17:00:00', 1),
	(17886, 121, 124, 4, 2, 21, '2014-08-24 11:00:00', 1),
	(17887, 134, 128, 0, 0, 21, '2014-08-24 17:00:00', 1),
	(17888, 123, 128, 2, 2, 21, '2014-08-27 17:00:00', 1),
	(17889, 127, 134, 3, 2, 21, '2014-08-27 17:00:00', 1),
	(17890, 132, 126, 4, 1, 21, '2014-08-27 17:00:00', 1),
	(17891, 125, 120, 2, 1, 21, '2014-08-27 17:00:00', 1),
	(17892, 133, 135, 2, 3, 21, '2014-08-27 17:00:00', 1),
	(17893, 124, 131, 3, 0, 21, '2014-09-10 16:30:00', 1),
	(17894, 122, 121, 2, 1, 21, '2014-09-10 16:30:00', 1),
	(17895, 130, 129, 0, 0, 21, '2014-09-10 16:30:00', 1),
	(17896, 129, 123, 2, 0, 21, '2014-08-30 17:00:00', 1),
	(17897, 135, 130, 3, 0, 21, '2014-08-30 17:00:00', 1),
	(17898, 120, 133, 0, 1, 21, '2014-08-30 17:00:00', 1),
	(17899, 126, 125, 3, 2, 21, '2014-08-30 17:00:00', 1),
	(17900, 121, 132, 0, 0, 21, '2014-08-30 11:00:00', 1),
	(17901, 131, 122, 2, 0, 21, '2014-08-30 17:00:00', 1),
	(17902, 128, 127, 0, 1, 21, '2014-08-30 11:00:00', 1),
	(17903, 134, 124, 2, 3, 21, '2014-08-31 17:00:00', 1),
	(17904, 123, 127, 2, 7, 21, '2014-09-06 17:00:00', 1),
	(17905, 124, 128, 4, 1, 21, '2014-09-06 16:00:00', 1),
	(17906, 122, 134, 3, 2, 21, '2014-09-06 17:00:00', 1),
	(17907, 132, 131, 0, 0, 21, '2014-09-06 11:00:00', 1),
	(17908, 133, 126, 1, 0, 21, '2014-09-06 11:00:00', 1),
	(17909, 130, 120, 1, 1, 21, '2014-09-06 17:00:00', 1),
	(17910, 129, 135, 0, 0, 21, '2014-09-06 16:30:00', 1),
	(17911, 125, 121, 0, 3, 21, '2014-09-07 16:00:00', 1),
	(17912, 135, 123, 2, 4, 21, '2014-09-12 16:30:00', 1),
	(17913, 120, 129, 2, 2, 21, '2014-09-13 16:00:00', 1),
	(17914, 126, 130, 3, 2, 21, '2014-09-13 16:00:00', 1),
	(17915, 131, 125, 1, 1, 21, '2014-09-13 16:00:00', 1),
	(17916, 128, 122, 1, 5, 21, '2014-09-13 11:00:00', 1),
	(17917, 121, 133, 7, 0, 21, '2014-09-14 11:00:00', 1),
	(17918, 134, 132, 1, 1, 21, '2014-09-14 16:00:00', 1),
	(17919, 127, 124, 3, 1, 21, '2014-09-14 16:00:00', 1),
	(17920, 123, 124, 0, 4, 21, '2014-09-20 16:00:00', 1),
	(17921, 122, 127, 2, 0, 21, '2014-09-20 16:00:00', 1),
	(17922, 132, 128, 0, 0, 21, '2014-09-20 16:00:00', 1),
	(17923, 133, 131, 1, 1, 21, '2014-09-20 16:00:00', 1),
	(17924, 130, 121, 1, 3, 21, '2014-09-20 11:00:00', 1),
	(17925, 129, 126, 0, 1, 21, '2014-09-20 16:00:00', 1),
	(17926, 135, 120, 1, 2, 21, '2014-09-20 16:00:00', 1),
	(17927, 125, 134, 2, 2, 21, '2014-09-21 16:00:00', 1),
	(17928, 120, 123, 2, 0, 21, '2014-09-27 17:00:00', 1),
	(17929, 126, 135, 2, 1, 21, '2014-09-27 17:00:00', 1),
	(17930, 131, 130, 3, 1, 21, '2014-09-27 17:00:00', 1),
	(17931, 128, 125, 0, 4, 21, '2014-09-27 17:00:00', 1),
	(17932, 124, 122, 3, 3, 21, '2014-09-27 17:00:00', 1),
	(17933, 121, 129, 1, 0, 21, '2014-09-27 17:00:00', 1),
	(17934, 134, 133, 0, 1, 21, '2014-09-27 17:00:00', 1),
	(17935, 127, 132, 1, 0, 21, '2014-09-27 17:00:00', 1),
	(17936, 123, 122, 0, 2, 21, '2014-10-04 16:00:00', 1),
	(17937, 132, 124, 1, 0, 21, '2014-10-04 16:00:00', 1),
	(17938, 125, 127, 1, 1, 21, '2014-10-04 17:00:00', 1),
	(17939, 133, 128, 0, 2, 21, '2014-10-04 17:00:00', 1),
	(17940, 130, 134, 2, 1, 21, '2014-10-04 17:00:00', 1),
	(17941, 129, 131, 1, 1, 21, '2014-10-04 17:00:00', 1),
	(17942, 120, 126, 1, 4, 21, '2014-10-04 17:00:00', 1),
	(17943, 135, 121, 2, 4, 21, '2014-10-04 17:00:00', 1),
	(17944, 126, 123, 1, 4, 21, '2014-10-11 17:00:00', 1),
	(17945, 121, 120, 4, 0, 21, '2014-10-11 17:00:00', 1),
	(17946, 131, 135, 2, 0, 21, '2014-10-11 17:00:00', 1),
	(17947, 128, 130, 0, 0, 21, '2014-10-11 17:00:00', 1),
	(17948, 127, 133, 4, 1, 21, '2014-10-11 17:00:00', 1),
	(17949, 122, 132, 3, 0, 21, '2014-10-11 17:00:00', 1),
	(17950, 134, 129, 1, 1, 21, '2014-10-11 17:00:00', 1),
	(17951, 124, 125, 2, 1, 21, '2014-10-11 17:00:00', 1),
	(17952, 133, 124, 0, 0, 21, '2014-10-18 17:00:00', 1),
	(17953, 130, 127, 3, 1, 21, '2014-10-18 17:00:00', 1),
	(17954, 129, 128, 2, 1, 21, '2014-10-18 17:00:00', 1),
	(17955, 135, 134, 2, 2, 21, '2014-10-18 17:00:00', 1),
	(17956, 120, 131, 1, 1, 21, '2014-10-18 17:00:00', 1),
	(17957, 126, 121, 0, 2, 21, '2014-10-18 17:00:00', 1),
	(17958, 123, 132, 2, 3, 21, '2014-10-18 17:00:00', 1),
	(17959, 125, 122, 1, 0, 21, '2014-10-18 17:00:00', 1),
	(17960, 131, 126, 2, 0, 21, '2014-10-25 17:00:00', 1),
	(17961, 120, 134, 2, 3, 21, '2014-10-25 17:00:00', 1),
	(17962, 128, 135, 2, 0, 21, '2014-10-25 17:00:00', 1),
	(17963, 122, 133, 2, 0, 21, '2014-10-25 17:00:00', 1),
	(17964, 132, 125, 1, 1, 21, '2014-10-25 17:00:00', 1),
	(17965, 121, 123, 7, 2, 21, '2014-10-25 17:00:00', 1),
	(17966, 127, 129, 2, 3, 21, '2014-10-25 17:00:00', 1),
	(17967, 124, 130, 1, 2, 21, '2014-10-25 17:00:00', 1),
	(17968, 123, 125, 3, 2, 21, '2014-11-01 17:00:00', 1),
	(17969, 133, 132, 0, 0, 21, '2014-11-01 17:00:00', 1),
	(17970, 130, 122, 1, 0, 21, '2014-11-01 17:00:00', 1),
	(17971, 129, 124, 1, 5, 21, '2014-11-01 17:00:00', 1),
	(17972, 135, 127, 0, 4, 21, '2014-11-01 17:00:00', 1),
	(17973, 120, 128, 4, 2, 21, '2014-11-01 17:00:00', 1),
	(17974, 126, 134, 3, 1, 21, '2014-11-01 17:00:00', 1),
	(17975, 121, 131, 4, 1, 21, '2014-11-01 17:00:00', 1),
	(17976, 131, 123, 1, 0, 21, '2014-11-08 17:00:00', 1),
	(17977, 128, 126, 0, 0, 21, '2014-11-08 17:00:00', 1),
	(17978, 122, 129, 3, 0, 21, '2014-11-08 17:00:00', 1),
	(17979, 132, 130, 1, 1, 21, '2014-11-08 17:00:00', 1),
	(17980, 134, 121, 0, 4, 21, '2014-11-08 17:00:00', 1),
	(17981, 127, 120, 4, 0, 21, '2014-11-08 17:00:00', 1),
	(17982, 124, 135, 3, 0, 21, '2014-11-08 17:00:00', 1),
	(17983, 125, 133, 1, 1, 21, '2014-11-08 17:00:00', 1),
	(17984, 123, 133, 0, 2, 21, '2015-04-15 17:00:00', 1),
	(17985, 125, 130, 1, 0, 21, '2015-04-15 17:00:00', 1),
	(17986, 132, 129, 2, 0, 21, '2015-04-15 17:00:00', 1),
	(17987, 122, 135, 0, 0, 21, '2015-04-15 17:00:00', 1),
	(17988, 124, 120, 0, 0, 21, '2015-04-15 17:00:00', 1),
	(17989, 127, 126, 4, 2, 21, '2015-04-15 17:00:00', 1),
	(17990, 128, 121, 0, 1, 21, '2015-04-15 17:00:00', 1),
	(17991, 121, 127, 4, 4, 21, '2015-04-15 17:00:00', 1),
	(17992, 134, 131, 3, 0, 21, '2015-04-15 17:00:00', 1),
	(17993, 128, 131, 2, 1, 21, '2015-03-21 17:00:00', 1),
	(17994, 126, 124, 3, 1, 21, '2015-03-21 17:00:00', 1),
	(17995, 135, 132, 3, 2, 21, '2015-03-21 17:00:00', 1),
	(17996, 130, 133, 1, 1, 21, '2015-03-21 17:00:00', 1),
	(17997, 134, 123, 1, 1, 21, '2015-03-21 17:00:00', 1),
	(17998, 120, 122, 1, 1, 21, '2015-03-21 17:00:00', 1),
	(17999, 129, 125, 1, 1, 21, '2015-03-21 17:00:00', 1),
	(18000, 123, 130, 1, 1, 21, '2015-03-28 17:00:00', 1),
	(18001, 133, 129, 1, 1, 21, '2015-03-28 17:00:00', 1),
	(18002, 132, 120, 5, 0, 21, '2015-03-28 17:00:00', 1),
	(18003, 122, 126, 0, 1, 21, '2015-03-28 17:00:00', 1),
	(18004, 124, 121, 0, 2, 21, '2015-03-28 17:00:00', 1),
	(18005, 128, 134, 2, 1, 21, '2015-03-28 17:00:00', 1),
	(18006, 125, 135, 1, 2, 21, '2015-03-28 17:00:00', 1),
	(18007, 127, 131, 0, 1, 21, '2015-03-28 17:00:00', 1),
	(18008, 128, 123, 3, 0, 21, '2015-04-04 17:00:00', 1),
	(18009, 121, 122, 4, 0, 21, '2015-04-04 17:00:00', 1),
	(18010, 134, 127, 0, 3, 21, '2015-04-04 17:00:00', 1),
	(18011, 126, 132, 3, 0, 21, '2015-04-04 17:00:00', 1),
	(18012, 120, 125, 0, 2, 21, '2015-04-04 17:00:00', 1),
	(18013, 135, 133, 1, 1, 21, '2015-04-04 17:00:00', 1),
	(18014, 131, 124, 2, 4, 21, '2015-04-04 17:00:00', 1),
	(18015, 129, 130, 3, 1, 21, '2015-04-04 17:00:00', 1),
	(18016, 123, 129, 0, 0, 21, '2015-04-11 17:00:00', 1),
	(18017, 130, 135, 0, 3, 21, '2015-04-11 17:00:00', 1),
	(18018, 133, 120, 0, 0, 21, '2015-04-11 17:00:00', 1),
	(18019, 132, 121, 2, 5, 21, '2015-04-11 17:00:00', 1),
	(18020, 122, 131, 1, 0, 21, '2015-04-11 17:00:00', 1),
	(18021, 124, 134, 1, 0, 21, '2015-04-11 17:00:00', 1),
	(18022, 125, 126, 2, 1, 21, '2015-04-11 17:00:00', 1),
	(18023, 127, 128, 0, 1, 21, '2015-04-11 17:00:00', 1),
	(18024, 128, 124, 1, 2, 21, '2015-04-18 17:00:00', 1),
	(18025, 134, 122, 0, 0, 21, '2015-04-18 17:00:00', 1),
	(18026, 131, 132, 4, 2, 21, '2015-04-18 17:00:00', 1),
	(18027, 126, 133, 3, 2, 21, '2015-04-18 17:00:00', 1),
	(18028, 120, 130, 0, 0, 21, '2015-04-18 17:00:00', 1),
	(18029, 135, 129, 1, 0, 21, '2015-04-18 17:00:00', 1),
	(18030, 127, 123, 1, 1, 21, '2015-04-18 17:00:00', 1),
	(18031, 121, 125, 7, 0, 21, '2015-04-18 17:00:00', 1),
	(18032, 123, 135, 1, 0, 21, '2015-04-25 17:00:00', 1),
	(18033, 129, 120, 1, 0, 21, '2015-04-25 17:00:00', 1),
	(18034, 130, 126, 3, 1, 21, '2015-04-25 17:00:00', 1),
	(18035, 122, 128, 1, 1, 21, '2015-04-25 17:00:00', 1),
	(18036, 133, 121, 0, 1, 21, '2015-04-25 17:00:00', 1),
	(18037, 132, 134, 3, 0, 21, '2015-04-25 17:00:00', 1),
	(18038, 124, 127, 3, 0, 21, '2015-04-25 17:00:00', 1),
	(18039, 125, 131, 7, 2, 21, '2015-04-25 17:00:00', 1),
	(18040, 124, 123, 3, 1, 21, '2015-05-02 17:00:00', 1),
	(18041, 128, 132, 3, 1, 21, '2015-05-02 17:00:00', 1),
	(18042, 121, 130, 4, 0, 21, '2015-05-02 17:00:00', 1),
	(18043, 126, 129, 1, 3, 21, '2015-05-02 17:00:00', 1),
	(18044, 120, 135, 2, 1, 21, '2015-05-02 17:00:00', 1),
	(18045, 134, 125, 1, 3, 21, '2015-05-02 17:00:00', 1),
	(18046, 127, 122, 1, 1, 21, '2015-05-02 17:00:00', 1),
	(18047, 131, 133, 2, 0, 21, '2015-05-02 17:00:00', 1),
	(18048, 123, 120, 5, 2, 21, '2015-05-09 17:00:00', 1),
	(18049, 135, 126, 3, 2, 21, '2015-05-09 17:00:00', 1),
	(18050, 130, 131, 3, 2, 21, '2015-05-09 17:00:00', 1),
	(18051, 122, 124, 0, 1, 21, '2015-05-09 17:00:00', 1),
	(18052, 129, 121, 1, 2, 21, '2015-05-09 17:00:00', 1),
	(18053, 133, 134, 1, 2, 21, '2015-05-09 17:00:00', 1),
	(18054, 132, 127, 1, 3, 21, '2015-05-09 17:00:00', 1),
	(18055, 125, 128, 5, 0, 21, '2015-05-09 17:00:00', 1),
	(18056, 122, 123, 3, 1, 21, '2015-05-16 17:00:00', 1),
	(18057, 124, 132, 6, 0, 21, '2015-05-16 17:00:00', 1),
	(18058, 128, 133, 0, 0, 21, '2015-05-16 17:00:00', 1),
	(18059, 134, 130, 0, 2, 21, '2015-05-16 17:00:00', 1),
	(18060, 131, 129, 1, 2, 21, '2015-05-16 17:00:00', 1),
	(18061, 126, 120, 2, 3, 21, '2015-05-16 17:00:00', 1),
	(18062, 127, 125, 1, 1, 21, '2015-05-16 17:00:00', 1),
	(18063, 121, 135, 1, 1, 21, '2015-05-16 17:00:00', 1),
	(18064, 123, 126, 1, 6, 21, '2015-05-23 18:00:00', 1),
	(18065, 120, 121, 0, 4, 21, '2015-05-23 17:00:00', 1),
	(18066, 135, 131, 2, 1, 21, '2015-05-23 18:00:00', 1),
	(18067, 130, 128, 0, 2, 21, '2015-05-23 18:00:00', 1),
	(18068, 133, 127, 2, 2, 21, '2015-05-23 16:00:00', 1),
	(18069, 132, 122, 1, 0, 21, '2015-05-23 18:00:00', 1),
	(18070, 129, 134, 2, 2, 21, '2015-05-23 18:00:00', 1),
	(18071, 125, 124, 3, 1, 21, '2015-05-24 17:00:00', 1),
	(18072, 127, 121, 0, 5, 21, '2014-08-17 17:00:00', 1),
	(18073, 124, 133, 2, 1, 21, '2015-05-30 17:30:00', 1),
	(18074, 127, 130, 0, 0, 21, '2015-05-30 17:30:00', 1),
	(18075, 128, 129, 0, 3, 21, '2015-05-30 17:00:00', 1),
	(18076, 134, 135, 0, 5, 21, '2015-05-30 17:00:00', 1),
	(18077, 131, 120, 2, 0, 21, '2015-05-30 17:00:00', 1),
	(18078, 132, 123, 0, 1, 21, '2015-05-30 18:00:00', 1),
	(18079, 122, 125, 1, 0, 21, '2015-05-30 17:30:00', 1),
	(18080, 121, 126, 3, 2, 21, '2015-05-31 11:00:00', 1),
	(18081, 126, 131, 6, 3, 21, '2015-06-06 17:00:00', 1),
	(18082, 134, 120, 5, 1, 21, '2015-06-06 17:00:00', 1),
	(18083, 135, 128, 3, 0, 21, '2015-06-06 18:00:00', 1),
	(18084, 133, 122, 0, 5, 21, '2015-06-06 16:00:00', 1),
	(18085, 123, 121, 1, 3, 21, '2015-06-06 18:00:00', 1),
	(18086, 129, 127, 3, 0, 21, '2015-06-06 18:00:00', 1),
	(18087, 130, 124, 4, 4, 21, '2015-06-06 18:00:00', 1),
	(18088, 125, 132, 2, 0, 21, '2015-06-07 17:00:00', 1),
	(18089, 132, 133, 0, 0, 21, '2015-06-13 18:00:00', 0),
	(18090, 122, 130, 0, 0, 21, '2015-06-13 18:00:00', 0),
	(18091, 124, 129, 0, 0, 21, '2015-06-13 17:30:00', 0),
	(18092, 128, 120, 0, 0, 21, '2015-06-13 18:00:00', 0),
	(18093, 134, 126, 0, 0, 21, '2015-06-13 17:00:00', 0),
	(18094, 131, 121, 0, 0, 21, '2015-06-13 18:00:00', 0),
	(18095, 125, 123, 0, 0, 21, '2015-06-14 17:00:00', 0),
	(18096, 127, 135, 0, 0, 21, '2015-06-14 17:30:00', 0),
	(18097, 123, 131, 0, 0, 21, '2015-06-20 17:00:00', 0),
	(18098, 126, 128, 0, 0, 21, '2015-06-20 17:00:00', 0),
	(18099, 129, 122, 0, 0, 21, '2015-06-20 17:00:00', 0),
	(18100, 130, 132, 0, 0, 21, '2015-06-20 17:00:00', 0),
	(18101, 121, 134, 0, 0, 21, '2015-06-20 17:00:00', 0),
	(18102, 120, 127, 0, 0, 21, '2015-06-20 17:00:00', 0),
	(18103, 135, 124, 0, 0, 21, '2015-06-20 17:00:00', 0),
	(18104, 133, 125, 0, 0, 21, '2015-06-20 17:00:00', 0),
	(18113, 155, 152, 0, 0, 23, '2015-08-22 17:00:00', 0),
	(18114, 153, 150, 0, 0, 23, '2015-08-22 17:00:00', 0),
	(18115, 149, 142, 0, 0, 23, '2015-08-22 17:00:00', 0),
	(18116, 147, 145, 0, 0, 23, '2015-08-22 17:00:00', 0),
	(18117, 153, 150, 0, 0, 23, '2015-08-23 17:00:00', 0),
	(18118, 151, 148, 0, 0, 23, '2015-08-23 16:00:00', 0),
	(18119, 146, 143, 0, 0, 23, '2015-08-23 17:00:00', 0),
	(18120, 144, 143, 0, 0, 23, '2015-08-30 11:00:00', 0),
	(18121, 151, 150, 0, 0, 23, '2015-08-30 16:00:00', 0),
	(18122, 145, 146, 0, 0, 23, '2015-08-29 17:00:00', 0),
	(18123, 142, 147, 0, 0, 23, '2015-08-29 17:00:00', 0),
	(18124, 152, 153, 0, 0, 23, '2015-08-29 11:00:00', 0),
	(18125, 154, 155, 0, 0, 23, '2015-08-29 11:00:00', 0),
	(18126, 153, 154, 0, 0, 23, '2015-09-05 16:30:00', 0),
	(18127, 149, 150, 0, 0, 23, '2015-09-05 16:30:00', 0),
	(18128, 147, 148, 0, 0, 23, '2015-09-05 16:30:00', 0),
	(18129, 144, 155, 0, 0, 23, '2015-09-06 16:30:00', 0),
	(18130, 143, 145, 0, 0, 23, '2015-09-06 16:30:00', 0),
	(18131, 146, 142, 0, 0, 23, '2015-09-06 16:30:00', 0),
	(18132, 151, 152, 0, 0, 23, '2015-09-06 16:00:00', 0),
	(18133, 145, 144, 0, 0, 23, '2015-09-12 16:30:00', 0),
	(18134, 142, 143, 0, 0, 23, '2015-09-12 16:30:00', 0),
	(18135, 148, 146, 0, 0, 23, '2015-09-12 16:00:00', 0),
	(18136, 150, 147, 0, 0, 23, '2015-09-12 16:30:00', 0),
	(18137, 152, 149, 0, 0, 23, '2015-09-12 16:00:00', 0),
	(18138, 154, 151, 0, 0, 23, '2015-09-12 11:00:00', 0),
	(18139, 155, 153, 0, 0, 23, '2015-09-12 16:30:00', 0),
	(18140, 149, 154, 0, 0, 23, '2015-09-19 12:00:00', 0),
	(18141, 147, 152, 0, 0, 23, '2015-09-19 16:00:00', 0),
	(18142, 145, 142, 0, 0, 23, '2015-09-19 16:00:00', 0),
	(18143, 144, 153, 0, 0, 23, '2015-09-20 16:00:00', 0),
	(18144, 151, 155, 0, 0, 23, '2015-09-20 16:00:00', 0),
	(18145, 146, 150, 0, 0, 23, '2015-09-20 16:00:00', 0),
	(18146, 143, 148, 0, 0, 23, '2015-09-20 16:00:00', 0),
	(18147, 142, 144, 0, 0, 23, '2015-09-26 16:00:00', 0),
	(18148, 148, 145, 0, 0, 23, '2015-09-26 16:00:00', 0),
	(18149, 150, 143, 0, 0, 23, '2015-09-26 16:00:00', 0),
	(18150, 152, 146, 0, 0, 23, '2015-09-26 16:00:00', 0),
	(18151, 155, 149, 0, 0, 23, '2015-09-26 11:00:00', 0),
	(18152, 154, 147, 0, 0, 23, '2015-09-27 11:00:00', 0),
	(18153, 153, 151, 0, 0, 23, '2015-09-27 16:00:00', 0),
	(18154, 149, 153, 0, 0, 23, '2015-10-03 15:30:00', 0),
	(18155, 147, 155, 0, 0, 23, '2015-10-03 15:30:00', 0),
	(18156, 143, 152, 0, 0, 23, '2015-10-03 15:30:00', 0),
	(18157, 142, 148, 0, 0, 23, '2015-10-03 15:30:00', 0),
	(18158, 145, 150, 0, 0, 23, '2015-10-03 15:30:00', 0),
	(18159, 144, 151, 0, 0, 23, '2015-10-04 15:30:00', 0),
	(18160, 146, 154, 0, 0, 23, '2015-10-04 15:30:00', 0),
	(18161, 148, 144, 0, 0, 23, '2015-10-10 15:00:00', 0),
	(18162, 150, 142, 0, 0, 23, '2015-10-10 15:00:00', 0),
	(18163, 152, 145, 0, 0, 23, '2015-10-10 15:00:00', 0),
	(18164, 154, 143, 0, 0, 23, '2015-10-10 11:00:00', 0),
	(18165, 155, 146, 0, 0, 23, '2015-10-10 15:00:00', 0),
	(18166, 153, 147, 0, 0, 23, '2015-10-10 15:00:00', 0),
	(18167, 151, 149, 0, 0, 23, '2015-10-11 15:00:00', 0),
	(18168, 144, 149, 0, 0, 23, '2015-10-17 15:00:00', 0),
	(18169, 147, 151, 0, 0, 23, '2015-10-17 15:00:00', 0),
	(18170, 142, 152, 0, 0, 23, '2015-10-17 15:00:00', 0),
	(18171, 148, 150, 0, 0, 23, '2015-10-17 15:00:00', 0),
	(18172, 146, 153, 0, 0, 23, '2015-10-18 15:00:00', 0),
	(18173, 145, 154, 0, 0, 23, '2015-10-18 15:00:00', 0),
	(18174, 143, 155, 0, 0, 23, '2015-10-18 15:00:00', 0),
	(18175, 150, 144, 0, 0, 23, '2015-10-24 15:00:00', 0),
	(18176, 152, 148, 0, 0, 23, '2015-10-24 15:00:00', 0),
	(18177, 155, 145, 0, 0, 23, '2015-10-24 11:00:00', 0),
	(18178, 153, 143, 0, 0, 23, '2015-10-24 15:00:00', 0),
	(18179, 149, 147, 0, 0, 23, '2015-10-24 15:00:00', 0),
	(18180, 154, 142, 0, 0, 23, '2015-10-25 11:00:00', 0),
	(18181, 151, 146, 0, 0, 23, '2015-10-25 14:00:00', 0),
	(18182, 147, 144, 0, 0, 23, '2015-10-31 12:00:00', 0),
	(18183, 146, 149, 0, 0, 23, '2015-10-31 13:30:00', 0),
	(18184, 143, 151, 0, 0, 23, '2015-10-31 13:30:00', 0),
	(18185, 145, 153, 0, 0, 23, '2015-10-31 11:00:00', 0),
	(18186, 142, 155, 0, 0, 23, '2015-10-31 13:30:00', 0),
	(18187, 148, 154, 0, 0, 23, '2015-10-31 11:00:00', 0),
	(18188, 150, 152, 0, 0, 23, '2015-10-31 11:00:00', 0),
	(18189, 152, 144, 0, 0, 23, '2015-11-07 13:30:00', 0),
	(18190, 155, 148, 0, 0, 23, '2015-11-07 11:00:00', 0),
	(18191, 153, 142, 0, 0, 23, '2015-11-07 13:00:00', 0),
	(18192, 147, 146, 0, 0, 23, '2015-11-07 13:30:00', 0),
	(18193, 149, 146, 0, 0, 23, '2015-11-07 13:30:00', 0),
	(18194, 154, 150, 0, 0, 23, '2015-11-08 11:00:00', 0),
	(18195, 151, 145, 0, 0, 23, '2015-11-08 13:00:00', 0);
/*!40000 ALTER TABLE `league_match` ENABLE KEYS */;


-- Zrzut struktury tabela ral.league_player
CREATE TABLE IF NOT EXISTS `league_player` (
  `id` int(11) NOT NULL AUTO_INCREMENT,
  `first_name` varchar(255) DEFAULT NULL,
  `last_name` varchar(255) NOT NULL,
  `position` varchar(255) DEFAULT NULL,
  `team_id` int(11) NOT NULL,
  `photo_id` int(11) DEFAULT NULL,
  PRIMARY KEY (`id`)
) ENGINE=MyISAM AUTO_INCREMENT=1074 DEFAULT CHARSET=utf8;

-- Zrzucanie danych dla tabeli ral.league_player: 1 012 rows
DELETE FROM `league_player`;
/*!40000 ALTER TABLE `league_player` DISABLE KEYS */;
INSERT INTO `league_player` (`id`, `first_name`, `last_name`, `position`, `team_id`, `photo_id`) VALUES
	(1, 'Mateusz', 'Nawara', '', 3, 0),
	(2, 'Damian', 'Tylnicki', '', 3, 0),
	(3, 'Dawid', 'Kot', '', 3, 0),
	(4, 'Grzegorz', 'Kondek', '', 3, 0),
	(5, 'Albert', 'Kondek', '', 3, 0),
	(6, 'Michał', 'Kondek', '', 3, 0),
	(7, 'Szymon', 'Trzcionkowski', '', 3, 0),
	(8, 'Jerzy', 'Kuchnecki', '', 3, 0),
	(9, 'Michał', 'Miłek', '', 4, 0),
	(10, 'Andrzej', 'Zimoląg', '', 4, 0),
	(11, 'Jan', 'Łoboz', '', 4, 0),
	(12, 'Łukasz', 'Girek', '', 4, 0),
	(13, 'Paweł', 'Gawęcki', '', 4, 0),
	(14, 'Mariusz', 'Nowak', '', 4, 0),
	(15, 'Wacław', 'Funek', '', 4, 0),
	(16, 'Tomasz', 'Kardas', '', 4, 0),
	(17, 'Wojciech', 'Kardas', '', 4, 0),
	(18, 'Marian', 'Kawala', '', 5, 0),
	(19, 'Paweł', 'Kawala', '', 5, 0),
	(20, 'Paweł', 'Łuszcz', '', 5, 0),
	(21, 'Adam', 'Dura', '', 5, 0),
	(22, 'Jan', 'Kozak', '', 5, 0),
	(23, 'Paweł', 'Kurkowski', '', 5, 0),
	(24, 'Piotr', 'Tomasik', '', 5, 0),
	(25, 'Mirosław', 'Kuska', '', 5, 0),
	(26, 'Jakub', 'Cyran', '', 5, 0),
	(27, 'Jakub', 'Bednarowicz', '', 5, 0),
	(28, 'Kamil', 'Kłosowski', '', 6, 0),
	(29, 'Tomasz', 'Stryczek', '', 6, 0),
	(30, 'Rafał', 'Grzebinoga', '', 6, 0),
	(31, 'Jakub', 'Marszałek', '', 6, 0),
	(32, 'Tomasz', 'Małodobry', '', 6, 0),
	(33, 'Bartosz', 'Nawała', '', 6, 0),
	(34, 'Łukasz', 'Kłeczek', '', 6, 0),
	(35, 'Tomasz', 'Wróbel', '', 7, 0),
	(36, 'Piotr', 'Kuraś', '', 7, 0),
	(37, 'Kamil', 'Łyszczarz', '', 7, 0),
	(38, 'Karol', 'Mucha', '', 7, 0),
	(39, 'Maciej', 'Mucha', '', 7, 0),
	(40, 'Szymon', 'Turkot', '', 7, 0),
	(41, 'Patryk', 'Czajka', '', 7, 0),
	(42, 'Tomasz', 'Kwaśniewski', '', 7, 0),
	(43, 'Maciej', 'Piekarczyk', '', 7, 0),
	(44, 'Kacper', 'Ziarkowski', '', 7, 0),
	(45, 'Wojciech', 'Skotniczny', '', 8, 0),
	(46, 'Daniel', 'Gęślicki', '', 8, 0),
	(47, 'Sylwester', 'Nawała', '', 8, 0),
	(48, 'Robert', 'Majchrzak', '', 8, 0),
	(49, 'Konrad', 'Majchrzak', '', 8, 0),
	(50, 'Michał', 'Szlachta', '', 8, 0),
	(51, 'Paweł', 'Mirczak', '', 8, 0),
	(52, 'Krzysztof', 'Mirczak', '', 8, 0),
	(53, 'Jarosław', 'Ziarnik', '', 3, 0),
	(54, 'Adrian', 'Funek', '', 9, 0),
	(55, 'Norbert', 'Liptak', '', 9, 0),
	(56, 'Grzegorz', 'Armatys', '', 9, 0),
	(57, 'Krystian', 'Kowalczyk', '', 9, 0),
	(58, 'Wiktor', 'Urbańczyk', '', 9, 0),
	(59, 'Michał', 'Kanclerz', '', 9, 0),
	(60, 'Maciej', 'Jaworski', '', 9, 0),
	(61, 'Paweł', 'Godyń', '', 9, 0),
	(62, 'Jakub', 'Jania', '', 10, 0),
	(63, 'Grzegorz', 'Gwizdała', '', 10, 0),
	(64, 'Maciej', 'Rajtar', '', 10, 0),
	(65, 'Łukasz', 'Galos', '', 10, 0),
	(66, 'Łukasz', 'Górecki', '', 10, 0),
	(67, '.', 'Jankowski', '', 10, 0),
	(68, 'Krzysztof', 'Kowalczyk', '', 10, 0),
	(69, '.', 'Broda', '', 10, 0),
	(70, 'Jakub', 'Gaj', '', 7, 0),
	(71, 'Jakub', 'Sobczyk', '', 8, 0),
	(72, 'Dominik', 'Dąbek', '', 9, 0),
	(73, 'Piotr', 'Deryniowski', '', 9, 0),
	(74, 'Paweł', 'Wąchol', '', 6, 0),
	(75, 'Michał', 'Mędrala', '', 10, 0),
	(76, 'Igor', 'Lipiński', '', 3, 0),
	(77, 'Dawid', 'Grabowski', '', 3, 0),
	(78, 'Wojciech', 'Wróblewski', '', 7, 0),
	(79, 'Krzysztof', 'Matysik', '', 7, 0),
	(80, 'Adam', 'Kondek', '', 3, 0),
	(81, 'Jakub', 'Zdziech', '', 9, 0),
	(82, 'Kacper', 'Nowakowski', '', 7, 0),
	(83, 'Bartłomiej', 'Filar', '', 10, 0),
	(84, 'Dariusz', 'Gawęcki', '', 4, 0),
	(106, 'Przemysław', 'Cyganik', '', 16, 0),
	(107, 'Norbert', 'Skalny', '', 16, 0),
	(108, 'Sebastian', 'Skalny', '', 16, 0),
	(109, 'Adrian', 'Kuciel', '', 16, 0),
	(110, 'Bartek', 'Mirek', '', 14, 0),
	(111, 'Damian', 'Puchalski', '', 14, 0),
	(112, 'Mateusz', 'Grzybowski', '', 14, 0),
	(113, 'Michał', 'Gregorczyk', '', 14, 0),
	(114, 'Dawid', 'Olesiński', '', 14, 0),
	(115, 'Arkadiusz', 'Knapczyk', '', 14, 0),
	(116, 'Artur', 'Sobecki', '', 14, 0),
	(117, 'Daniel', 'Bisaga', '', 14, 0),
	(118, 'Jakub', 'Godyń', '', 14, 0),
	(119, 'Jakub', 'Obodziński', '', 14, 0),
	(120, 'Michał', 'Siuda', '', 16, 0),
	(121, 'Hubert', 'Nowak', '', 16, 0),
	(122, 'Dawid', 'Augustynek', '', 16, 0),
	(123, 'Oskar', 'Mikołajski', '', 16, 0),
	(124, 'Jakub', 'Szewczyk', '', 16, 0),
	(125, 'Konrad', 'Ferfecki', '', 16, 0),
	(126, 'Maciej', 'Jaworski', '', 17, 0),
	(127, 'Kamil', 'Kaczmarczyk', '', 17, 0),
	(128, 'Piotr', 'Mandziej', '', 17, 0),
	(129, 'Aleksander', 'Kowalczyk', '', 17, 0),
	(130, 'Jakub', 'Skotniczny', '', 17, 0),
	(131, 'Kamil', 'Kozub', '', 17, 0),
	(132, 'Damian', 'Kobierecki', '', 17, 0),
	(133, 'Damian', 'Augustynek', '', 17, 0),
	(134, 'Oskar', 'Szumny', '', 17, 0),
	(135, 'Jakub', 'Janowicz', '', 18, 0),
	(136, 'Kacper', 'Wójcik', '', 18, 0),
	(137, 'Michał', 'Kłeczek', '', 18, 0),
	(138, 'Dawid', 'Peliszek', '', 18, 0),
	(139, 'Paweł', 'Gaj', '', 18, 0),
	(140, 'Szymon', 'Kramarz', '', 18, 0),
	(141, 'Dominik', 'Głowacz', '', 18, 0),
	(142, 'Szymon', 'Dudek', '', 18, 0),
	(143, 'Kamil', 'Kłosowski', '', 15, 0),
	(144, 'Daniel', 'Buliński', '', 15, 0),
	(145, 'Łukasz', 'Kłeczek', '', 15, 0),
	(146, 'Mirek', 'Hrycaniuk', '', 13, 0),
	(147, 'Piotr', 'Klatecki', '', 13, 0),
	(148, 'Alan', 'Górski', '', 13, 0),
	(149, 'Mateusz', 'Brzuchacz', '', 13, 0),
	(150, 'Szymon', 'Mirochna', '', 13, 0),
	(151, 'Mateusz', 'Telefin', '', 13, 0),
	(152, 'Krzysztof', 'Drożdżak', '', 13, 0),
	(153, 'Patryk', 'Sekuła', '', 13, 0),
	(154, 'Łukasz', 'Kromka', '', 12, 0),
	(155, 'Dawid', 'Skawiński', '', 12, 0),
	(156, 'Kamil', 'Kozub', '', 12, 0),
	(157, 'Kamil', 'Piechowicz', '', 12, 0),
	(158, 'Mateusz', 'Grochal', '', 12, 0),
	(159, 'Dariusz', 'Górecki', '', 12, 0),
	(160, 'Mateusz', 'Gajda', '', 12, 0),
	(161, 'Oskar', 'Feret', '', 12, 0),
	(162, 'Jakub', 'Zdziech', '', 12, 0),
	(163, 'Wojciech', 'Kłeczek', '', 14, 0),
	(164, 'Krystian', 'Mikołajski', '', 14, 0),
	(165, 'Tomasz', 'Stryczek', '', 15, 0),
	(166, 'Damian', 'Wadas', '', 15, 0),
	(167, 'Sebastian', 'Kocot', '', 15, 0),
	(168, 'Bartek', 'Kalemba', '', 13, 0),
	(169, 'Paweł', 'Dudek', '', 12, 0),
	(170, '.', 'Bicz', '', 15, 0),
	(171, 'Tomasz', 'Małodobry', '', 15, 0),
	(172, 'Łukasz', 'Kłeczek', '', 17, 0),
	(173, 'Michał', 'Radomski', '', 16, 0),
	(174, 'Dariusz', 'Górecki', '', 15, 0),
	(175, 'Maciej', 'Skalny', '', 16, 0),
	(176, 'Rafał', 'Grzebinoga', '', 15, 0),
	(177, 'Sebastian', 'Godyń', '', 18, 0),
	(178, 'Dawid', 'Kubica', '', 17, 0),
	(179, 'Kamil', 'Palewski', '', 17, 0),
	(180, 'Patryk', 'Pączek', '', 17, 0),
	(181, 'Kacper', 'Dziedziak', '', 17, 0),
	(182, 'Damian', 'Gąsior', '', 13, 0),
	(183, 'Dawid', 'Feliksik', '', 18, 0),
	(184, 'Karol', 'Stopa', '', 17, 0),
	(185, 'Łukasz', 'Bargiel', '', 23, 0),
	(186, 'Bartek', 'Pietrzyk', '', 23, 0),
	(187, 'Kacper', 'Kołacz', '', 23, 0),
	(188, 'Jakub', 'Mosur', '', 23, 0),
	(189, 'Aleksander', 'Majer', '', 23, 0),
	(190, 'Michał', 'Kwiatek', '', 23, 0),
	(191, 'Kamil', 'Janik', '', 23, 0),
	(192, 'Edyta', 'Niziołek', '', 22, 0),
	(193, 'Julia', 'Łoboz', '', 22, 0),
	(194, 'Katarzyna', 'Leciago', '', 22, 0),
	(195, 'Angelika', 'Kuflik', '', 22, 0),
	(196, 'Mariola', 'Mazur', '', 22, 0),
	(197, 'Sonia', 'Szlęk', '', 22, 0),
	(198, 'Karolina', 'Chucherko', '', 22, 0),
	(199, 'Katarzyna', 'Marszałek', '', 22, 0),
	(200, 'Mateusz', 'Olkuski', '', 19, 0),
	(201, 'Michał', 'Stach', '', 19, 0),
	(202, 'Patryk', 'Hrycaniuk', '', 19, 0),
	(203, 'Krystian', 'Drożdż', '', 19, 0),
	(204, 'Adrian', 'Wągroda', '', 19, 0),
	(205, 'Kacper', 'Dziedziak', '', 19, 0),
	(206, 'Piotr', 'Mucha', '', 19, 0),
	(207, 'Daniel', 'Skrętyna', '', 23, 0),
	(208, 'Antoni', 'Głąb', '', 23, 0),
	(209, 'Marcin', 'Wentrys', '', 23, 0),
	(210, 'Benedykt', 'Bulek', '', 23, 0),
	(211, 'Olaf', 'Skotniczny', '', 23, 0),
	(212, 'Iwona', 'Siekierska', '', 27, 0),
	(213, 'Anna', 'Figa', '', 27, 0),
	(214, 'Weronika', 'Grzybowska', '', 27, 0),
	(215, 'Anna', 'Uchacz', '', 27, 0),
	(216, 'Natalia', 'Hrabia', '', 27, 0),
	(217, 'Kamila', 'Datoń', '', 27, 0),
	(218, 'Karolina', 'Lacher', '', 27, 0),
	(219, 'Ługa', 'Więcek', '', 27, 0),
	(220, 'Julia', 'Łoboz', '', 27, 0),
	(221, 'Patrycja', 'Bazarnik', '', 27, 0),
	(222, 'Eleonora', 'Krawczyk', '', 27, 0),
	(223, 'Patryk', 'Pączek', '', 20, 0),
	(224, 'Kuba', 'Surówka', '', 20, 0),
	(225, 'Dawid', 'Wróbel', '', 20, 0),
	(226, 'Łukasz', 'Kwaśniewski', '', 20, 0),
	(227, 'Artur', 'Morajka', '', 20, 0),
	(228, 'Kamil', 'Palewski', '', 20, 0),
	(229, 'Wojciech', 'Kurdziel', '', 20, 0),
	(230, 'Ewelina', 'Surowiec', '', 26, 0),
	(231, 'Joanna', 'Nowaczewska', '', 26, 0),
	(232, 'Gabriela', 'Klimczak', '', 26, 0),
	(233, 'Klaudia', 'Janas', '', 26, 0),
	(234, 'Adam', 'Noworyta', '', 26, 0),
	(235, 'Mateusz', 'Szeląg', '', 26, 0),
	(236, 'Jakub', 'Szewczyk', '', 24, 0),
	(237, 'Dominik', 'Knapik', '', 24, 0),
	(238, 'Damian', 'Kuciński', '', 24, 0),
	(239, 'Tomasz', 'Cekiera', '', 24, 0),
	(240, 'Artur', 'Długopolski', '', 24, 0),
	(241, 'Daniel', 'Kowalski', '', 24, 0),
	(242, 'Jan', 'Kalicki', '', 21, 0),
	(243, 'Wiktor', 'Ślusarczyk', '', 21, 0),
	(244, 'Daniel', 'Skotniczny', '', 21, 0),
	(245, 'Paweł', 'Drabik', '', 21, 0),
	(246, 'Olaf', 'Sowiźrał', '', 21, 0),
	(247, 'Krystian', 'Mitka', '', 21, 0),
	(248, 'Konrad', 'Koźbiał', '', 20, 0),
	(249, '.', 'Skotniczny', '', 24, 0),
	(250, 'Jan', 'Korbiel', '', 21, 0),
	(251, 'Dawid', 'Tenerowicz', '', 19, 0),
	(252, 'Patryk', 'Pączek', '', 19, 0),
	(253, 'Klaudia', 'Tulicka', '', 22, 0),
	(254, 'Justyna', 'Koźbiał', '', 26, 0),
	(255, 'Patryk', 'Żabiński', '', 19, 0),
	(256, 'Krzysztof', 'Mazur', '', 21, 0),
	(257, 'Patryk', 'Pączek', '', 28, 0),
	(258, 'Alek', 'Kowalczyk', '', 28, 0),
	(259, 'Adam', 'Noworyta', '', 28, 0),
	(260, 'Dawid', 'Kubica', '', 28, 0),
	(261, 'Maciej', 'Jaworski', '', 28, 0),
	(262, 'Jakub', 'Skotniczny', '', 28, 0),
	(263, 'Ola', 'Skorus', '', 26, 0),
	(264, 'Olaf', 'Sowiżrał', '', 28, 0),
	(265, 'Agata', 'Byczek', '', 27, 0),
	(266, 'Piotr', 'Cyganek', '', 19, 0),
	(267, 'Arek', 'Zielke', '', 21, 0),
	(268, 'Rafał', 'Drabik', '', 21, 0),
	(269, 'Daniel', 'Kowalski', '', 19, 0),
	(270, 'Ewa', 'Janowska', '', 27, 0),
	(271, 'Karol', 'Stopa', '', 20, 0),
	(272, 'J', 'Tenerowicz', '', 20, 0),
	(273, 'Kacper', 'Żbik', '', 28, 0),
	(274, 'Krystian', 'Jarosiński', '', 28, 0),
	(275, 'Jakub', 'Ryba', '', 28, 0),
	(276, 'D', 'Knapik', '', 20, 0),
	(277, 'Filip', 'Masłowski', '', 6, 0),
	(278, 'Piotr', 'Mosór', '', 3, 0),
	(279, 'Grzegorz', 'Więcek', '', 10, 0),
	(280, 'Jacek', 'Kot', '', 10, 0),
	(281, 'Michał', 'Godyń', '', 5, 0),
	(282, 'Maciej', 'Bartosik', '', 3, 0),
	(283, '.', 'Ostachowski', '', 5, 0),
	(284, 'Marek', 'Księżyc', '', 8, 0),
	(285, 'Szymon', 'Klich', '', 3, 0),
	(286, 'Wojciech', 'Wróblewski', '', 9, 0),
	(287, 'Andrzej', 'Mędrala', '', 9, 0),
	(288, 'Piotr', 'Jawień', '', 4, 0),
	(289, 'Michał', 'Ryba', '', 7, 0),
	(290, 'Jarosław', 'Kot', '', 10, 0),
	(291, 'Szymon', 'Latko', '', 5, 0),
	(292, 'Grzegorz', 'Czapla', '', 4, 0),
	(293, 'Jakub', 'Warzecha', '', 30, 0),
	(294, 'Norbert', 'Skalny', '', 30, 0),
	(295, 'Konrad', 'Walkowicz', '', 30, 0),
	(296, 'Mateusz', 'Cyganik', '', 30, 0),
	(297, 'Piotr', 'Malik', '', 30, 0),
	(298, 'Jakub', 'Bień', '', 30, 0),
	(299, 'Adrian', 'Paździor', '', 30, 0),
	(300, 'Wiktor', 'Ślusarczyk', '', 31, 0),
	(301, 'Rafał', 'Drabik', '', 31, 0),
	(302, 'Kamil', 'Piątek', '', 31, 0),
	(303, 'Krzysztof', 'Piątek', '', 31, 0),
	(304, 'Filip', 'Kołacz', '', 31, 0),
	(305, 'Kamil', 'Żbik', '', 31, 0),
	(306, 'Piotr', 'Ornacki', '', 31, 0),
	(307, 'Krystian', 'Gurtkiewicz', '', 31, 0),
	(308, 'Arkadiusz', 'Kalemba', '', 32, 0),
	(309, 'Krystian', 'Kuciński', '', 32, 0),
	(310, 'Mikołaj', 'Kurdziel', '', 32, 0),
	(311, 'Dawid', 'Bednarski', '', 32, 0),
	(312, 'Mateusz', 'Afunin', '', 32, 0),
	(313, 'Błażej', 'Ziarkowski', '', 32, 0),
	(314, 'Damian', 'Kuciński', '', 32, 0),
	(315, 'Norbert', 'Łuszczek', '', 33, 0),
	(316, 'Filip', 'Kalęba', '', 33, 0),
	(317, 'Damian', 'Górecki', '', 33, 0),
	(318, 'Seweryn', 'Łuszczek', '', 33, 0),
	(319, 'Karol', 'Stopa', '', 33, 0),
	(320, 'Jakub', 'Ornacki', '', 33, 0),
	(321, 'Kamil', 'Wilk', '', 33, 0),
	(322, 'Dawid', 'Jaworski', '', 33, 0),
	(323, 'Patryk', 'Hrycaniuk', '', 34, 0),
	(324, 'Michał', 'Skotniczny', '', 34, 0),
	(325, 'Piotr', 'Mucha', '', 34, 0),
	(326, 'Adrian', 'Wągroda', '', 34, 0),
	(327, 'Piotr', 'Cyganek', '', 34, 0),
	(328, 'Patryk', 'Żabiński', '', 34, 0),
	(329, 'Michał', 'Stach', '', 34, 0),
	(330, 'Kamila', 'Datoń', '', 35, 0),
	(331, 'Natalia', 'Jaros', '', 35, 0),
	(332, 'Julia', 'Łoboz', '', 35, 0),
	(333, 'Dagmara', 'Krawczyk', '', 35, 0),
	(334, 'Karolina', 'Lacher', '', 35, 0),
	(335, 'Justyna', 'Ślusarczyk', '', 35, 0),
	(336, 'Jakub', 'Lusowicz', '', 36, 0),
	(337, 'Dominik', 'Wójcik', '', 36, 0),
	(338, 'Dominik', 'Knapik', '', 36, 0),
	(339, 'Bartek', 'Ziarkowski', '', 36, 0),
	(340, 'Jakub', 'Skotniczny', '', 36, 0),
	(341, 'Jakub', 'Sowiźrał', '', 36, 0),
	(342, 'Dawid', 'Wróbel', '', 36, 0),
	(343, 'Patryk', 'Pączek', '', 37, 0),
	(344, 'Kacper', 'Dziedziak', '', 37, 0),
	(345, 'Konrad', 'Koźbiał', '', 37, 0),
	(346, 'Daniel', 'Molik', '', 38, 0),
	(347, 'Michał', 'Zięba', '', 38, 0),
	(348, 'Kacper', 'Gwizdała', '', 38, 0),
	(349, 'Jan', 'Kalicki', '', 38, 0),
	(350, 'Filip', 'Kurdziel', '', 38, 0),
	(351, 'Krystian', 'Mitka', '', 38, 0),
	(352, 'Sebastian', 'Warzecha', '', 38, 0),
	(353, 'Jędrzej', 'Zych', '', 38, 0),
	(354, 'Jakub', 'Zdziech', '', 39, 0),
	(355, 'Kamil', 'Kozub', '', 39, 0),
	(356, 'Kamil', 'Piechowicz', '', 39, 0),
	(357, 'Łukasz', 'Kromka', '', 39, 0),
	(358, 'Mateusz', 'Grochal', '', 39, 0),
	(359, 'Paweł', 'Dudek', '', 39, 0),
	(360, 'Oskar', 'Feret', '', 39, 0),
	(361, 'Dawid', 'Skawiński', '', 39, 0),
	(362, 'Mateusz', 'Gajda', '', 39, 0),
	(363, 'Michał', 'Siuda', '', 40, 0),
	(364, 'Adrian', 'Kuciel', '', 40, 0),
	(365, 'Sebastian', 'Skalny', '', 40, 0),
	(366, 'Maciej', 'Skalny', '', 40, 0),
	(367, 'Konrad', 'Ferfecki', '', 40, 0),
	(368, 'Jakub', 'Szewczyk', '', 40, 0),
	(369, 'Norbert', 'Skalny', '', 40, 0),
	(370, 'Przemek', 'Cyganik', '', 40, 0),
	(371, 'Bartek', 'Kalęba', '', 41, 0),
	(372, 'Michał', 'Kłeczek', '', 41, 0),
	(373, 'Fabian', 'Piecyk', '', 41, 0),
	(374, 'Mateusz', 'Lasoń', '', 41, 0),
	(375, 'Jakub', 'Dzidek', '', 41, 0),
	(376, 'Jakub', 'Moń', '', 41, 0),
	(377, 'Kamil', 'Kościelniak', '', 41, 0),
	(378, 'Arek', 'Grzebinoga', '', 41, 0),
	(379, 'Szymek', 'Skaliński', '', 41, 0),
	(380, 'Sebastian', 'Maciejowski', '', 41, 0),
	(381, 'Tomasz', 'Wróbel', '', 42, 0),
	(382, 'Mateusz', 'Marszałek', '', 42, 0),
	(383, 'Artur', 'Mucha', '', 42, 0),
	(384, 'Michał', 'Zieliński', '', 42, 0),
	(385, 'Daniel', 'Mroziński', '', 42, 0),
	(386, 'Paweł', 'Gawęcki', '', 42, 0),
	(387, 'Wiktor', 'Urbańczyk', '', 46, 0),
	(388, 'Grzegorz', 'Armatys', '', 46, 0),
	(389, 'Norbert', 'Liptak', '', 46, 0),
	(390, 'Adrian', 'Funek', '', 46, 0),
	(391, 'Michał', 'Kanclerz', '', 46, 0),
	(392, 'Albert', 'Kondek', '', 45, 0),
	(393, 'Mateusz', 'Nawara', '', 45, 0),
	(394, 'Szymon', 'Trzcionkowski', '', 45, 0),
	(395, 'Dawid', 'Grabowski', '', 45, 0),
	(396, 'Marcin', 'Grabowski', '', 45, 0),
	(397, 'Radosław', 'Stopa', '', 45, 0),
	(398, 'Grzegorz', 'Kondek', '', 45, 0),
	(399, 'Igor', 'Lipiński', '', 45, 0),
	(400, 'Marcel', 'Rodziewicz', '', 45, 0),
	(401, 'Damian', 'Bazarnik', '', 47, 0),
	(402, 'Kuba', 'Szewczyk', '', 47, 0),
	(403, 'Kamil', 'Zych', '', 47, 0),
	(404, 'Maciej', 'Nowotarski', '', 47, 0),
	(405, 'Maciej', 'Ferdek', '', 47, 0),
	(406, 'Dominik', 'Dudek', '', 47, 0),
	(407, 'Emmanuel', 'Benmohad', '', 47, 0),
	(408, 'Jakub', 'Gaudyn', '', 47, 0),
	(409, 'Dawid', 'Kasprzyk', '', 47, 0),
	(410, 'Tomasz', 'Stryczek', '', 44, 0),
	(411, 'Tomasz', 'Małodobry', '', 44, 0),
	(412, 'Łukasz', 'Kłeczek', '', 44, 0),
	(413, 'Rafał', 'Grzebinoga', '', 44, 0),
	(414, 'Kamil', 'Kłosowski', '', 44, 0),
	(415, 'Paweł', 'Wąchol', '', 44, 0),
	(416, 'Bartosz', 'Nawała', '', 44, 0),
	(417, 'Kuba', 'Marszałek', '', 44, 0),
	(418, 'Filip', 'Masłowski', '', 44, 0),
	(419, 'Sylwester', 'Nawała', '', 43, 0),
	(420, 'Wojciech', 'Skotniczny', '', 43, 0),
	(421, 'Daniel', 'Gęślicki', '', 43, 0),
	(422, 'Robert', 'Majchrzak', '', 43, 0),
	(424, 'Michał', 'Siuda', '', 47, 0),
	(425, 'Jakub', 'Lorek', '', 50, 0),
	(426, 'Adam', 'Noworyta', '', 50, 0),
	(427, 'Krystian', 'Jarosiński', '', 50, 0),
	(428, 'Mateusz', 'Pałka', '', 50, 0),
	(429, 'Fabian', 'Piecyk', '', 50, 0),
	(430, 'Jakub', 'Ryba', '', 50, 0),
	(431, 'Kacper', 'Żbik', '', 50, 0),
	(432, 'Jakub', 'Żak', '', 33, 0),
	(433, 'Remigiusz', 'Kucharski', '', 33, 0),
	(434, 'Jakub', 'Surówka', '', 36, 0),
	(435, 'Kacper', 'Dziedziak', '', 52, 0),
	(436, 'Szymon', 'Moskalik', '', 52, 0),
	(437, 'Marcin', 'Borysewicz', '', 52, 0),
	(438, 'Kamil', 'Palewski', '', 52, 0),
	(439, 'Jakub', 'Tenerowicz', '', 52, 0),
	(440, 'Szymon', 'Mirochna', '', 51, 0),
	(441, 'Krzysztof', 'Drożdżak', '', 51, 0),
	(442, 'Jacek', 'Wilkoński', '', 51, 0),
	(443, 'Mateusz', 'Brzuchacz', '', 51, 0),
	(444, 'Patryk', 'Sekuła', '', 51, 0),
	(445, 'Mirek', 'Hrycaniuk', '', 51, 0),
	(446, 'Alan', 'Górski', '', 51, 0),
	(447, 'Sylwester', 'Bryła', '', 51, 0),
	(448, 'Maciej', 'Kołacz', '', 38, 0),
	(449, 'Kacper', 'Dziedziak', '', 34, 0),
	(450, 'Mateusz', 'Szeląg', '', 50, 0),
	(451, 'Tomasz', 'Kardas', '', 49, 0),
	(452, 'Daniel', 'Buliński', '', 49, 0),
	(453, 'Łukasz', 'Ślusarczyk', '', 49, 0),
	(454, 'Paweł', 'Patej', '', 49, 0),
	(455, 'Bartosz', 'Nowak', '', 49, 0),
	(456, 'Krystian', 'Kowalczyk', '', 49, 0),
	(457, 'Michał', 'Szlachta', '', 49, 0),
	(458, 'Łukasz', 'Girek', '', 48, 0),
	(459, 'Grzegorz', 'Krzysiak', '', 48, 0),
	(460, 'Kamil', 'Kwoka', '', 48, 0),
	(461, 'Bartłomiej', 'Święszek', '', 48, 0),
	(462, 'Andrzej', 'Zimoląg', '', 48, 0),
	(463, 'Paweł', 'Czyż', '', 48, 0),
	(464, 'Mirosław', 'Kapera', '', 48, 0),
	(465, 'Maciej', 'Kasprzyk', '', 45, 0),
	(466, 'Mirosław', 'Podgajny', '', 42, 0),
	(467, 'Marek', 'Księżyc', '', 43, 0),
	(468, 'Wojciech', 'Wróblewski', '', 46, 0),
	(469, 'Paweł', 'Godyń', '', 49, 0),
	(470, 'Damian', 'Wadas', '', 47, 0),
	(471, 'Józef', 'Molik', '', 49, 0),
	(480, 'Maciej', 'Jaworski', '', 54, 0),
	(481, 'Dawid', 'Kubica', '', 54, 0),
	(483, 'Jakub', 'Godyń', '', 54, 0),
	(484, 'Jakub', 'Obodziński', '', 54, 0),
	(485, 'Olaf', 'Sowiźrał', '', 54, 0),
	(486, 'Mateusz', 'Telefin', '', 54, 0),
	(487, 'Damian', 'Puchalski', '', 54, 0),
	(488, 'Łukasz', 'Kwaśniewski', '', 54, 0),
	(489, 'Kamil', 'Kościelniak', '', 41, 0),
	(490, 'Adam', 'Noworyta', '', 41, 0),
	(491, 'Paweł', 'Drabik', '', 31, 0),
	(492, 'Adrian', 'Kuciel', '', 47, 0),
	(493, 'Piotr', 'Deryniowski', '', 46, 0),
	(494, 'Dominik', 'Dąbek', '', 46, 0),
	(496, 'Ewa', 'Janowska', '', 35, 0),
	(497, 'Karolina', 'Chucherko', '', 35, 0),
	(498, 'Maciej', 'Jaworski', '', 33, 0),
	(499, 'Paweł', 'Klocek', '', 33, 0),
	(500, 'Wojciech', 'Kurdziel', '', 32, 0),
	(501, 'Dawid', 'Kubica', '', 36, 0),
	(502, 'Daniel', 'Kowalski', '', 33, 0),
	(503, 'Stanisław', 'Lorek', '', 48, 0),
	(504, 'Daniel', 'Haber', '', 47, 0),
	(505, 'Tomasz', 'Zając', '', 43, 0),
	(506, 'Paweł', 'Kluczewski', '', 45, 0),
	(507, 'Sebastian', 'Dębowski', '', 42, 0),
	(508, 'Witold', 'Hrabia', '', 43, 0),
	(509, 'J', 'Kuchnecki', '', 45, 0),
	(510, 'Damian', 'Ziembiński', '', 47, 0),
	(511, 'Adam', 'Stopa', '', 49, 0),
	(512, 'Piotr', 'Sarota', '', 42, 0),
	(513, 'Rafał', 'Cyganik', '', 48, 0),
	(514, 'Andrzej', 'Mędrala', '', 46, 0),
	(515, 'Piotr', 'Żbik', '', 41, 0),
	(516, 'Arkadiusz', 'Karcz', '', 49, 0),
	(517, 'Mateusz', 'Malik', '', 48, 0),
	(518, 'Piotr', 'Malik', '', 40, 0),
	(519, 'Michał', 'Orzechowski', '', 51, 0),
	(520, 'Hubert', 'Nowak', '', 40, 0),
	(521, 'Sebastian', 'Skalny', '', 47, 0),
	(522, '.', 'Molik', '', 42, 0),
	(523, 'Konrad', 'Koźbiał', '', 34, 0),
	(524, 'Patryk', 'Pączek', '', 32, 0),
	(525, 'Grzegorz', 'Olszówka', '', 43, 0),
	(526, 'Maciej', 'Ferdek', '', 47, 0),
	(527, 'Maciej', 'Skalny', '', 47, 0),
	(528, 'Sebastian', 'Janikowski', '', 43, 0),
	(529, 'Arkadiusz', 'Armatys', '', 46, 0),
	(530, 'Wojciech', 'Kardas', '', 49, 0),
	(531, 'Jakub', 'Sobczyk', '', 43, 0),
	(532, 'Katarzyna', 'Marszałek', '', 56, 0),
	(533, 'Anna', 'Klimas', '', 57, 0),
	(534, 'Ewa', 'Janowska', '', 56, 0),
	(535, 'Kamila', 'Datoń', '', 56, 0),
	(536, 'Iga', 'Gretshel', '', 63, 0),
	(537, 'Wiktoria', 'Pietrzyk', '', 59, 0),
	(538, 'Patrycja', 'Zięba', '', 63, 0),
	(539, 'Dominika', 'Woźniak', '', 59, 0),
	(540, 'Wiktoria', 'Zieniewicz', '', 59, 0),
	(541, 'Karolina', 'Chucherko', '', 56, 0),
	(542, 'Julia', 'Szostak', '', 59, 0),
	(543, 'Julia', 'Basta', '', 59, 0),
	(544, 'Mariola', 'Maślanka', '', 57, 0),
	(545, 'Ola', 'Lampa', '', 63, 0),
	(546, 'Jadwiga', 'Mucha', '', 63, 0),
	(547, 'Katarzyna', 'Kuciel', '', 63, 0),
	(548, 'Klaudia', 'Gonkiewicz', '', 57, 0),
	(549, 'Paulina', 'Sieklińska', '', 63, 0),
	(550, 'Paulina', 'Czopek', '', 63, 0),
	(551, 'Magdalena', 'Warzecha', '', 60, 0),
	(552, 'Alicja', 'Barnaś', '', 60, 0),
	(553, 'Kinga', 'Kaczmarczyk', '', 60, 0),
	(554, 'Teresa', 'Wolano', '', 61, 0),
	(555, 'Joanna', 'Mrozek', '', 62, 0),
	(556, 'Zuzanna', 'Szefer', '', 62, 0),
	(557, 'Emilia', 'Kozieł', '', 62, 0),
	(558, 'Sonia', 'Jurka', '', 62, 0),
	(559, 'Klaudia', 'Oracz', '', 56, 0),
	(560, 'Izabela', 'Surówka', '', 62, 0),
	(561, 'Joanna', 'Kuś', '', 62, 0),
	(562, 'Weronika', 'Wójcik', '', 55, 0),
	(563, 'Olga', 'Dral', '', 55, 0),
	(564, 'Dominika', 'Malada', '', 55, 0),
	(565, 'Karolina', 'Sikora', '', 59, 0),
	(566, 'Kinga', 'Łatka', '', 61, 0),
	(567, 'Julia', 'Basta', '', 59, 0),
	(568, 'Dominika', 'Gawor', '', 59, 0),
	(569, 'Dominika', 'Goła', '', 55, 0),
	(571, 'Angelika', 'Mandziej', '', 59, 0),
	(572, 'Patrycja', 'Jaromin', '', 61, 0),
	(573, 'Anna', 'Staszczak', '', 61, 0),
	(574, 'Aleksandra', 'Payemin', '', 58, 0),
	(575, 'Oliwia', 'Żak', '', 61, 0),
	(576, 'Sandra', 'Chechelska', '', 61, 0),
	(577, 'Paulina', 'Pękala', '', 61, 0),
	(578, 'Julia', 'Środa', '', 55, 0),
	(580, 'Katarzyna', 'Marszałek', '', 64, 0),
	(581, 'Justyna', 'Sroka', '', 57, 0),
	(582, 'Klaudia', 'Paździor', '', 64, 0),
	(583, 'Paulina', 'Wyroba', '', 57, 0),
	(584, 'Paulina', 'Sienko', '', 58, 0),
	(585, 'Izabela', 'Chadouli', '', 57, 0),
	(586, 'Izabela', 'Chadouli', '', 56, 0),
	(587, 'Dominika', 'Sienko', '', 58, 0),
	(588, 'Karolina', 'Chucherko', '', 64, 0),
	(589, 'Edyta', 'Niziołek', '', 64, 0),
	(590, 'Szymon', 'Konarski', '', 50, 0),
	(591, 'Radek', 'Bachowski', '', 50, 0),
	(592, 'Konrad', 'Kłeczek', '', 50, 0),
	(593, 'Jakub', 'Dudek', '', 50, 0),
	(594, 'Natan', 'Ślawski', '', 32, 0),
	(595, 'Julia', 'Łoboz', '', 56, 0),
	(596, 'Klaudia', 'Kubicz', '', 60, 0),
	(597, 'Alicja', 'Sobierajska', '', 60, 0),
	(598, 'Anna', 'Dyba', '', 59, 0),
	(599, 'Klaudia', 'Stafińska', '', 55, 0),
	(600, 'Monika', 'Bubak', '', 55, 0),
	(601, 'Maria', 'Kierzkowska', '', 55, 0),
	(602, 'Gabriela', 'Ottenbrit', '', 61, 0),
	(603, 'Lena', 'Mucholena', '', 55, 0),
	(604, 'Agnieszka', 'Gamoń', '', 63, 0),
	(605, 'Natalia', 'Żywoń', '', 63, 0),
	(606, '.', 'Jakosik', '', 62, 0),
	(607, 'W', 'Suder', '', 62, 0),
	(608, 'M', 'Pyzik', '', 62, 0),
	(609, 'Karolina', 'Gec', '', 60, 0),
	(610, '.', 'Dyba', '', 60, 0),
	(611, '.', 'Kulczyk', '', 61, 0),
	(612, 'Natalia', 'Wiecheć', '', 61, 0),
	(613, '.', 'Szefer', '', 58, 0),
	(614, 'Jakub', 'Skotniczny', '', 76, 0),
	(615, 'Damian', 'Puchalski', '', 76, 0),
	(616, 'Kacper', 'Wójcik', '', 76, 0),
	(617, 'Konrad', 'Koźbiał', '', 76, 0),
	(618, 'Olaf', 'Sowiźrał', '', 76, 0),
	(619, 'Jakub', 'Obodziński', '', 76, 0),
	(620, 'Mateusz', 'Geca', '', 76, 0),
	(621, 'Jakub', 'Ornacki', '', 77, 0),
	(622, 'Rafał', 'Drabik', '', 77, 0),
	(623, 'Karol', 'Stopa', '', 77, 0),
	(624, 'Remigiusz', 'Kucharski', '', 77, 0),
	(625, 'Jakub', 'Żak', '', 77, 0),
	(626, 'Jakub', 'Szewczyk', '', 78, 0),
	(627, 'Piotr', 'Cyganek', '', 79, 0),
	(628, 'Patryk', 'Hrycaniuk', '', 79, 0),
	(629, 'Kacper', 'Dziedziak', '', 79, 0),
	(630, 'Piotr', 'Mucha', '', 79, 0),
	(631, 'Adrian', 'Wągroda', '', 79, 0),
	(632, '.', 'Majka', '', 80, 0),
	(633, 'Katarzyna', 'Leciago', '', 82, 0),
	(634, 'Karolina', 'Chucherko', '', 82, 0),
	(635, 'Mariola', 'Mazur', '', 82, 0),
	(636, 'Agata', 'Byczek', '', 82, 0),
	(637, 'Karolina', 'Banach', '', 82, 0),
	(638, 'Dagmara', 'Krawczyk', '', 82, 0),
	(639, 'Ola', 'Owczarek', '', 82, 0),
	(640, 'Andżelika', 'Paździor', '', 82, 0),
	(641, 'Szymon', 'Moskal', '', 80, 0),
	(642, 'Michał', 'Stach', '', 79, 0),
	(643, 'Kamila', 'Datoń', '', 82, 0),
	(644, 'Ewa', 'Janowska', '', 82, 0),
	(645, 'Maciej', 'Jaworski', '', 81, 0),
	(646, 'Adrian', 'Paździor', '', 76, 0),
	(647, 'Jakub', 'Godyń', '', 76, 0),
	(648, 'Kamil', 'Palewski', '', 76, 0),
	(649, 'Katarzyna', 'Marszałek', '', 82, 0),
	(650, 'Piotr', 'Mirkowski', '', 81, 0),
	(651, 'Julia', 'Łoboz', '', 82, 0),
	(652, 'Paweł', 'Drabik', '', 81, 0),
	(653, 'Dominik', 'Knapik', '', 78, 0),
	(654, 'Tomasz', 'Pączek', '', 71, 0),
	(655, 'Michał', 'Szlachta', '', 71, 0),
	(656, 'Daniel', 'Gęślicki', '', 71, 0),
	(657, 'Robert', 'Majchrzak', '', 71, 0),
	(658, 'Wojciech', 'Skotniczny', '', 71, 0),
	(659, 'Marek', 'Księżyc', '', 71, 0),
	(785, 'Michał', 'Kowalczyk', '', 72, 0),
	(784, 'Szymon', 'Ryba', '', 73, 0),
	(783, 'Artur', 'Noworyta', '', 73, 0),
	(782, 'Wojciech', 'Skotniczny', '', 68, 0),
	(781, 'Jakub', 'Moń', '', 75, 0),
	(780, 'Łukasz', 'Jankowski', '', 65, 0),
	(667, 'Krzysztof', 'Proksa', '', 70, 0),
	(668, 'Jakub', 'Marszałek', '', 69, 0),
	(669, 'Bartosz', 'Nawała', '', 69, 0),
	(670, 'Filip', 'Masłowski', '', 69, 0),
	(671, 'Paweł', 'Wąchol', '', 69, 0),
	(672, 'Rafał', 'Grzebinoga', '', 69, 0),
	(673, 'Tomasz', 'Małodobry', '', 69, 0),
	(674, 'Łukasz', 'Kłeczek', '', 69, 0),
	(675, 'Łukasz', 'Żbik', '', 69, 0),
	(676, 'Kamil', 'Kłosowski', '', 69, 0),
	(677, 'Michał', 'MIłek', '', 68, 0),
	(678, 'Wacław', 'Funek', '', 68, 0),
	(679, 'Jan', 'Łoboz', '', 68, 0),
	(680, 'Mariusz', 'Nowak', '', 68, 0),
	(681, 'Paweł', 'Gawęcki', '', 68, 0),
	(682, 'Piotr', 'Jawień', '', 68, 0),
	(683, 'Andrzej', 'Zimoląg', '', 68, 0),
	(684, 'Tomasz', 'Kardas', '', 68, 0),
	(685, 'Tomasz', 'Wróbel', '', 74, 0),
	(686, 'Michał', 'Więcek', '', 74, 0),
	(687, 'Tomasz', 'Szumniak', '', 74, 0),
	(688, 'Artur', 'Noworyta', '', 74, 0),
	(689, 'Kamil', 'Mastalerz', '', 74, 0),
	(690, 'Szymon', 'Turkot', '', 74, 0),
	(691, 'Kamil', 'Palewski', '', 74, 0),
	(692, 'Mateusz', 'Rosoń', '', 75, 0),
	(693, 'Kacper', 'Gwizdała', '', 75, 0),
	(694, 'Filip', 'Kurdziel', '', 75, 0),
	(695, 'Maciej', 'Kołacz', '', 75, 0),
	(696, 'Albert', 'Kłeczek', '', 75, 0),
	(697, 'Daniel', 'Buliński', '', 75, 0),
	(698, 'Krystian', 'Bicz', '', 75, 0),
	(699, 'Łukasz', 'Kłeczek', '', 73, 0),
	(700, 'Kuba', 'Gaj', '', 73, 0),
	(701, 'Kacper', 'Nowakowski', '', 73, 0),
	(702, 'Jacek', 'Szczuka', '', 73, 0),
	(703, 'Piotr', 'Szczuka', '', 73, 0),
	(704, 'Maciej', 'Dudek', '', 73, 0),
	(705, 'Kamil', 'Łyszczarz', '', 73, 0),
	(706, 'Piotr', 'Kuraś', '', 73, 0),
	(707, 'Albert', 'Kondek', '', 72, 0),
	(708, 'Michał', 'Włodarczyk', '', 72, 0),
	(709, 'Rafał', 'Łądka', '', 72, 0),
	(710, 'Krzysztof', 'Bień', '', 72, 0),
	(711, 'Konrad', 'Gibek', '', 72, 0),
	(712, 'Bogusław', 'Kurdziel', '', 72, 0),
	(713, 'Andrzej', 'Nowak', '', 72, 0),
	(714, 'Jacek', 'Kot', '', 65, 0),
	(715, 'Michał', 'Mędrala', '', 65, 0),
	(716, 'Bartek', 'Filar', '', 65, 0),
	(717, 'Krzysztof', 'Kowalczyk', '', 65, 0),
	(718, 'Łukasz', 'Galos', '', 65, 0),
	(719, 'Łukasz', 'Górecki', '', 65, 0),
	(720, 'Jakub', 'Jania', '', 65, 0),
	(721, 'Dominik', 'Dąbek', '', 67, 0),
	(722, 'Norbert', 'Liptak', '', 67, 0),
	(723, 'Andrzej', 'Mędrala', '', 67, 0),
	(724, 'Wojciech', 'Wróblewski', '', 67, 0),
	(725, 'Piotr', 'Deryniowski', '', 67, 0),
	(726, 'Wiktor', 'Urbańczyk', '', 67, 0),
	(727, 'Grzegorz', 'Armatys', '', 67, 0),
	(728, 'Dariusz', 'Jaworski', '', 72, 0),
	(729, 'Dawid', 'Smereka', '', 74, 0),
	(730, 'Dawid', 'Kubica', '', 81, 0),
	(731, 'Michał', 'Głowacz', '', 81, 0),
	(732, 'Błażej', 'ZIarkowski', '', 81, 0),
	(733, 'Adrian', 'Paździor', '', 84, 0),
	(734, 'Norbert', 'Skalny', '', 84, 0),
	(735, 'Piotr', 'Malik', '', 84, 0),
	(736, 'Karol', 'Zych', '', 84, 0),
	(737, '.', 'Paciorek', '', 81, 0),
	(738, 'Mateusz', 'Olkuski', '', 80, 0),
	(739, 'Michał', 'Skotniczny', '', 79, 0),
	(740, 'Adam', 'Noworyta', '', 85, 0),
	(741, 'Kacper', 'Woźniak', '', 81, 0),
	(742, 'Krystian', 'Jarosiński', '', 85, 0),
	(743, 'Sebastian', 'Obora', '', 81, 0),
	(744, 'Arkadiusz', 'Knapczyk', '', 76, 0),
	(745, 'Mateusz', 'Telefin', '', 76, 0),
	(746, 'Jarosław', 'Kot', '', 65, 0),
	(747, 'Adam', 'Noworyta', '', 74, 0),
	(748, 'Marcin', 'Lacher', '', 74, 0),
	(749, 'Tomasz', 'Stryczek', '', 69, 0),
	(750, 'Sebastian', 'Żbik', '', 69, 0),
	(751, 'Adam', 'Dura', '', 83, 0),
	(752, 'Paweł', 'Łuszcz', '', 83, 0),
	(753, 'Michał', 'Godyń', '', 83, 0),
	(754, 'Artur', 'Ostachowski', '', 83, 0),
	(755, 'Paweł', 'Kawala', '', 83, 0),
	(756, 'Mirek', 'Łóska', '', 83, 0),
	(757, 'Leszek', 'Michalski', '', 83, 0),
	(758, 'Łukasz', 'Ornacki', '', 83, 0),
	(759, 'Paweł', 'Patej', '', 71, 0),
	(760, 'Michał', 'Siuda', '', 75, 0),
	(761, 'Michał', 'Kłeczek', '', 75, 0),
	(762, 'Kamil', 'Kościelniak', '', 75, 0),
	(763, 'Piotr', 'Tomasik', '', 83, 0),
	(764, 'Jakub', 'Cyran', '', 83, 0),
	(765, 'Piotr', 'Bagiński', '', 65, 0),
	(766, 'Grzegorz', 'Olszówka', '', 71, 0),
	(767, 'Mateusz', 'Lasoń', '', 75, 0),
	(768, 'Mateusz', 'Grochal', '', 75, 0),
	(769, 'Paweł', 'Kurkowski', '', 83, 0),
	(770, 'Dawid', 'Grochal', '', 69, 0),
	(771, 'Krystian', 'Bicz', '', 69, 0),
	(772, 'Grzegorz', 'Gwizdała', '', 65, 0),
	(773, 'Łukasz', 'Grochal', '', 73, 0),
	(774, 'Daniel', 'Molik', '', 75, 0),
	(775, 'Paweł', 'Dudek', '', 75, 0),
	(776, 'Adrian', 'Funek', '', 68, 0),
	(777, 'Dariusz', 'Siejko', '', 71, 0),
	(778, 'Maciej', 'Rumian', '', 71, 0),
	(779, 'Adrian', 'Kaczkowski', '', 69, 0),
	(786, 'Daniel', 'Brandys', '', 72, 0),
	(787, 'Kamil', 'Mastalerz', '', 72, 0),
	(788, 'Karol', 'Mucha', '', 73, 0),
	(789, 'Piotr', 'Jakubik', '', 73, 0),
	(790, 'Łukasz', 'Kopeć', '', 72, 0),
	(791, 'Kamil', 'Sperka', '', 65, 0),
	(792, 'Andrzej', 'Krupa', '', 65, 0),
	(793, 'Paweł', 'Gawęcki', '', 89, 0),
	(794, 'Michał', 'Zieliński', '', 89, 0),
	(795, 'Mirosław', 'Podgajny', '', 89, 0),
	(796, 'Szymon', 'Mirochna', '', 88, 0),
	(797, 'Mirek', 'Hrycaniuk', '', 88, 0),
	(798, 'Daniel', 'Miśkowiec', '', 88, 0),
	(799, 'Krzysiek', 'Drożdżak', '', 88, 0),
	(800, 'Piotr', 'Sarota', '', 88, 0),
	(801, 'Daniel', 'Mroziński', '', 89, 0),
	(802, 'Filip', 'Masłowski', '', 91, 0),
	(803, 'Bartosz', 'Nawała', '', 91, 0),
	(804, 'Tomasz', 'Małodobry', '', 91, 0),
	(805, 'Krystian', 'Bicz', '', 90, 0),
	(806, 'Jakub', 'Zdziech', '', 90, 0),
	(807, 'Mateusz', 'Grochal', '', 90, 0),
	(808, 'Michał', 'Kanclerz', '', 86, 0),
	(809, 'Piotr', 'Deryniowski', '', 86, 0),
	(810, 'Norbert', 'Liptak', '', 86, 0),
	(811, 'Dawid', 'Kubica', '', 87, 0),
	(812, 'Jakub', 'Obodziński', '', 87, 0),
	(813, 'Bartosz', 'Kalemba', '', 87, 0),
	(814, 'Michał', 'Siuda', '', 94, 0),
	(815, 'Sebastian', 'Skalny', '', 94, 0),
	(816, 'Dawid', 'Kurzański', '', 92, 0),
	(817, 'Szymon', 'Wnuk', '', 92, 0),
	(818, 'Rafał', 'Adamaszek', '', 92, 0),
	(819, 'Krzysztof', 'Dulowski', '', 94, 0),
	(820, 'Sylwester', 'Bryła', '', 88, 0),
	(821, 'Marcin', 'Dudek', '', 90, 0),
	(822, 'Piotr', 'Saternus', '', 90, 0),
	(823, 'Kamil', 'Piechowicz', '', 90, 0),
	(824, 'Daniel', 'Jaśkiewicz', '', 88, 0),
	(825, 'Mateusz', 'Brzuchacz', '', 88, 0),
	(826, 'Paweł', 'Dudek', '', 90, 0),
	(827, 'Norbert', 'Ciepichał', '', 95, 0),
	(828, 'Maciej', 'Kusznir', '', 95, 0),
	(829, 'Paweł', 'Piskorz', '', 95, 0),
	(830, 'Dominik', 'Dąbek', '', 86, 0),
	(831, 'Michał', 'Zając', '', 86, 0),
	(832, 'Wojciech', 'Wróblewski', '', 86, 0),
	(833, 'Wiktor', 'Urbańczyk', '', 86, 0),
	(834, 'Paweł', 'Wąchol', '', 91, 0),
	(835, 'Rafał', 'Grzebinoga', '', 91, 0),
	(836, 'Łukasz', 'Kłeczek', '', 91, 0),
	(837, 'Maciej', 'Jaworski', '', 87, 0),
	(838, 'Tomasz', 'Stryczek', '', 91, 0),
	(839, 'Dariusz', 'Molik', '', 89, 0),
	(840, 'Paweł', 'Sawczuk', '', 89, 0),
	(841, 'Tomasz', 'Kmiecik', '', 89, 0),
	(842, 'Mateusz', 'Knapik', '', 95, 0),
	(843, 'Adrian', 'Kuciel', '', 94, 0),
	(844, 'Kamil', 'Zych', '', 94, 0),
	(845, 'Artur', 'Ząbek', '', 92, 0),
	(846, 'Norbert', 'Skalny', '', 100, 0),
	(847, 'Piotr', 'Malik', '', 100, 0),
	(848, 'Dominik', 'Knapik', '', 101, 0),
	(849, 'Michał', 'Wilk', '', 99, 0),
	(850, 'Piotr', 'Ornacki', '', 99, 0),
	(851, 'Marcin', 'Wentrys', '', 99, 0),
	(852, 'Michał', 'Kwiatek', '', 99, 0),
	(853, 'Kacper', 'Kołacz', '', 99, 0),
	(854, 'Jakub', 'Lorek', '', 97, 0),
	(855, 'Jakub', 'Ryba', '', 97, 0),
	(856, 'Kacper', 'Żbik', '', 97, 0),
	(857, 'Karol', 'Stopa', '', 96, 0),
	(858, 'Michał', 'Pałka', '', 97, 0),
	(859, 'Kacper', 'Bachowski', '', 97, 0),
	(860, 'Patryk', 'Ślusarczyk', '', 106, 0),
	(861, 'Patryk', 'Górecki', '', 106, 0),
	(862, 'Daniel', 'Skrężyna', '', 99, 0),
	(863, 'Kamil', 'Żbik', '', 99, 0),
	(864, '.', 'Rudnik', '', 108, 0),
	(865, 'Mateusz', 'Gaj', '', 96, 0),
	(866, 'Sebastian', 'Kalemba', '', 96, 0),
	(867, 'Michał', 'Stach', '', 102, 0),
	(868, 'Kacper', 'Dziedziak', '', 102, 0),
	(869, 'Błażej', 'Ziarkowski', '', 101, 0),
	(870, 'Patryk', 'Starzykiewicz', '', 97, 0),
	(871, 'Iza', 'Mandziej', '', 103, 0),
	(872, 'Julia', 'Łoboz', '', 103, 0),
	(873, 'Ewa', 'Jaworska', '', 103, 0),
	(874, 'Katarzyna', 'Marszałek', '', 104, 0),
	(875, 'Karolina', 'Chucherko', '', 104, 0),
	(876, 'Klaudia', 'Oracz', '', 103, 0),
	(877, 'Mateusz', 'Afonin', '', 105, 0),
	(878, 'Jakub', 'Stopa', '', 105, 0),
	(879, 'Kamil', 'Knapik', '', 98, 0),
	(880, 'Kamil', 'Janik', '', 98, 0),
	(881, 'Michał', 'Bogacki', '', 98, 0),
	(882, 'Daniel', 'Kalemba', '', 98, 0),
	(883, 'Sebastian', 'Kuflik', '', 98, 0),
	(884, 'Konrad', 'Drab', '', 98, 0),
	(885, 'Jakub', 'Zak', '', 98, 0),
	(886, 'Michał', 'Gęca', '', 98, 0),
	(887, 'Mateusz', 'Kozyra', '', 95, 0),
	(888, 'Krzysztof', 'Doległo', '', 95, 0),
	(889, 'Tomasz', 'Witkowski', '', 95, 0),
	(890, 'Mieczysław', 'Szczurek', '', 95, 0),
	(891, 'Mateusz', 'Marszałek', '', 89, 0),
	(892, 'Damian', 'Bazarnik', '', 94, 0),
	(893, 'Maciej', 'Nowotarski', '', 94, 0),
	(894, 'Tomasz', 'Wróbel', '', 89, 0),
	(895, 'Grzegorz', 'Armatys', '', 86, 0),
	(896, 'Dawid', 'Skawiński', '', 90, 0),
	(897, 'Damian', 'Wadas', '', 92, 0),
	(898, 'Jakub', 'Marszałek', '', 91, 0),
	(899, 'Damian', 'Ziembiński', '', 94, 0),
	(900, 'Tomasz', 'Drożdż', '', 88, 0),
	(901, 'Maciej', 'Skalny', '', 94, 0),
	(902, 'Krystian', 'Filipek', '', 92, 0),
	(903, 'Arkadiusz', 'Knapczyk', '', 87, 0),
	(904, 'Filip', 'Kołacz', '', 99, 0),
	(905, 'Łukasz', 'Uszalewski', '', 89, 0),
	(906, 'Karol', 'Kowalik', '', 92, 0),
	(907, 'Piotr', 'Mandziej', '', 92, 0),
	(908, 'Arkadiusz', 'Armatys', '', 86, 0),
	(909, 'Paweł', 'Sawczuk', '', 89, 0),
	(910, 'Filip', 'Kurdziel', '', 92, 0),
	(911, 'Mateusz', 'Telefin', '', 87, 0),
	(912, 'Maciej', 'Kołacz', '', 92, 0),
	(913, 'Hubert', 'Kozyra', '', 95, 0),
	(914, 'Sebastian', 'Kocot', '', 91, 0),
	(915, 'Piotr', 'Górecki', '', 106, 0),
	(916, 'Damian', 'Górecki', '', 106, 0),
	(917, 'Damian', 'Rudnik', '', 106, 0),
	(918, 'Norbert', 'Saribekyan', '', 96, 0),
	(919, 'Konrad', 'Drab', '', 96, 0),
	(920, 'Dawid', 'Wróbel', '', 109, 0),
	(921, 'Aleksander', 'Kowalczyk', '', 109, 0),
	(922, 'Jakub', 'Surówka', '', 109, 0),
	(923, 'Dominik', 'Wójcik', '', 109, 0),
	(924, 'Kamil', 'Janik', '', 108, 0),
	(925, 'Kamil', 'Stachowski', '', 108, 0),
	(926, 'Igor', 'Obodziński', '', 108, 0),
	(927, 'Michał', 'Kwiatek', '', 108, 0),
	(928, 'Kacper', 'Kołacz', '', 108, 0),
	(929, 'Mikołaj', 'Kurdziel', '', 101, 0),
	(930, 'Krzysztof', 'Księżyc', '', 101, 0),
	(931, 'Mateusz', 'Afonin', '', 101, 0),
	(932, 'Dariusz', 'Gawęcki', '', 89, 0),
	(933, 'Artur', 'Mucha', '', 89, 0),
	(934, 'Sergio', 'Nahle', '', 89, 0),
	(935, 'Piotr', 'Mosur', '', 88, 0),
	(936, 'Adrian', 'Żybiński', '', 95, 0),
	(937, 'Dawid', 'Kubica', '', 87, 0),
	(938, 'Jakub', 'Godyń', '', 87, 0),
	(939, 'Adam', 'Noworyta', '', 90, 0),
	(940, 'Kamil', 'Kłosowski', '', 91, 0),
	(941, 'Patryk', 'Hrycaniuk', '', 96, 0),
	(942, 'Robert', 'Saribakyan', '', 96, 0),
	(943, 'Adrian', 'Wągroda', '', 102, 0),
	(944, 'Dawid', 'Kubica', '', 102, 0),
	(945, 'Mateusz', 'Szeląg', '', 97, 0),
	(946, 'Sebastian', 'Obora', '', 109, 0),
	(947, 'Kornelia', 'Kubica', '', 103, 0),
	(948, 'Kamila', 'Datoń', '', 104, 0),
	(949, 'Krzysztof', 'Dulowski', '', 92, 0),
	(950, 'Patryk', 'Ślusarczyk', '', 108, 0),
	(951, 'Daniel', 'Kalęba', '', 108, 0),
	(952, 'Mateusz', 'Cyganik', '', 100, 0),
	(953, 'Adrian', 'Pażdzior', '', 100, 0),
	(954, 'Julia', 'Łoboz', '', 99, 0),
	(955, 'Mikołaaj', 'Kurdziel', '', 105, 0),
	(956, 'Bartosz', 'Ropka', '', 105, 0),
	(957, NULL, 'Noworyta', '', 105, 0),
	(959, 'Kacper', 'Gwizdała', '', 92, 0),
	(960, 'Kamil', 'Zając', '', 106, 0),
	(961, 'Alan', 'Górski', '', 88, 0),
	(962, 'Dominik', 'Dudek', '', 94, 0),
	(963, NULL, 'Matacz', '', 87, 0),
	(964, 'Mateusz', 'Gajda', '', 90, 0),
	(965, 'Michał', 'Bisaga', '', 87, 0),
	(966, 'Mateusz', 'Kawula', '', 89, 0),
	(967, 'Jakub', 'Zak', '', 96, 0),
	(968, 'Fabian', 'Piecyk', '', 97, 0),
	(969, 'Tomasz', 'Wróbel', 'Bramkarz', 120, 131),
	(970, 'Artur', 'Mucha', 'Obrońca', 120, 0),
	(971, 'Mateusz', 'Marszałek', 'Pomocnik', 120, 0),
	(972, 'Piotr', 'Chlipała', 'Napastnik', 120, 31),
	(973, 'Paweł', 'Gawęcki', 'Napastnik', 120, 32),
	(974, 'Jakub', 'Marszałek', 'Obrońca', 120, NULL),
	(975, 'Krzysztof', 'Strzeboński', 'Obrońca', 120, NULL),
	(976, 'Tomasz', 'Stryczek', 'Obrońca', 120, NULL),
	(977, 'Adrian', 'Kaczkowski', 'Pomocnik', 120, NULL),
	(978, 'Kamil', 'Mistarz', 'Napastnik', 120, NULL),
	(979, 'Kamil', 'Kłosowski', 'Bramkarz', 120, NULL),
	(981, 'Krzysztof', 'Barczuk', 'Pomocnik', 120, NULL),
	(982, 'Kamil', 'Calik', 'Obrońca', 120, NULL),
	(983, 'Damian', 'Skwarczeński', 'Obrońca', 120, NULL),
	(984, 'Dariusz', 'Matacz', 'Pomocnik', 120, NULL),
	(985, 'Jan', 'Kostecki', 'Pomocnik', 120, NULL),
	(986, 'Ryszard', 'Krzyściak', 'Obrońca', 120, NULL),
	(987, 'Dawid', 'Burzyński', 'Pomocnik', 120, NULL),
	(988, 'Tomasz', 'Stryczek', 'Pomocnik', 120, NULL),
	(989, 'Jakub', 'Obodziński', 'Obrońca', 120, NULL),
	(990, 'Maciej', 'Jaworski', 'Obrońca', 120, NULL),
	(991, 'Tomasz', 'Wróbel', 'Bramkarz', 137, 131),
	(992, 'Artur', 'Mucha', 'Obrońca', 137, 0),
	(993, 'Mateusz', 'Marszałek', 'Pomocnik', 137, 0),
	(994, 'Piotr', 'Chlipała', 'Napastnik', 137, 31),
	(995, 'Paweł', 'Gawęcki', 'Napastnik', 137, 32),
	(996, 'Jakub', 'Marszałek', 'Obrońca', 137, NULL),
	(997, 'Krzysztof', 'Strzeboński', 'Obrońca', 137, NULL),
	(998, 'Tomasz', 'Stryczek', 'Obrońca', 137, NULL),
	(999, 'Adrian', 'Kaczkowski', 'Pomocnik', 137, NULL),
	(1000, 'Kamil', 'Mistarz', 'Napastnik', 137, NULL),
	(1001, 'Kamil', 'Kłosowski', 'Bramkarz', 137, NULL),
	(1002, 'Krzysztof', 'Barczuk', 'Pomocnik', 137, NULL),
	(1003, 'Kamil', 'Calik', 'Obrońca', 137, NULL),
	(1004, 'Damian', 'Skwarczeński', 'Obrońca', 137, NULL),
	(1005, 'Dariusz', 'Matacz', 'Pomocnik', 137, NULL),
	(1006, 'Jan', 'Kostecki', 'Pomocnik', 137, NULL),
	(1007, 'Ryszard', 'Krzyściak', 'Obrońca', 137, NULL),
	(1008, 'Dawid', 'Burzyński', 'Pomocnik', 137, NULL),
	(1009, 'Tomasz', 'Stryczek', 'Pomocnik', 137, NULL),
	(1010, 'Jakub', 'Obodziński', 'Obrońca', 137, NULL),
	(1011, 'Maciej', 'Jaworski', 'Obrońca', 137, NULL),
	(1044, 'Damian', 'Puchalski', 'Pomocnik', 142, NULL),
	(1042, 'Jakub', 'Obodziński', 'Obronca', 142, NULL),
	(1033, 'Arkadiusz', 'Armatys', 'Pomocnik', 142, NULL),
	(1034, 'Grzegorz', 'Armatys', 'Obronca', 142, NULL),
	(1035, 'Michał', 'Zając', 'Pomocnik', 142, NULL),
	(1036, 'Dominik', 'Dąbek', 'Napastnik', 142, NULL),
	(1037, 'Piotr', 'Deryniowski', 'Pomocnik', 142, NULL),
	(1022, 'Kamil', 'Kłosowski', 'Bramkarz', 142, NULL),
	(1040, 'Krzysztof', 'Ślusarczyk', 'Napastnik', 142, NULL),
	(1038, 'Sebastian', 'Kuflik', 'Pomocnik', 142, NULL),
	(1043, 'Arkadiusz', 'Knapczyk', 'Pomocnik', 142, NULL),
	(1041, 'Przemysław', 'Pałka', 'Obronca', 142, NULL),
	(1039, 'Wojciech', 'Kołodziej', 'Obronca', 142, NULL),
	(1031, 'Jakub', 'Obodziński', 'Obrońca', 142, NULL),
	(1032, 'Maciej', 'Jaworski', 'Obrońca', 142, NULL),
	(1045, 'Damian', 'Kobierecki', 'Pomocnik', 142, NULL),
	(1046, 'Bartosz', 'Kalemba', 'Obronca', 142, NULL),
	(1047, 'Mateusz', 'Śliwiński', 'Obronca', 142, NULL),
	(1048, 'Jakub', 'Kwiecień', 'Obronca', 142, NULL),
	(1049, 'Kajusz', 'Kukiełka', 'Bramkarz', 142, NULL),
	(1050, '.', 'Bochenek', 'Bramkarz', 156, NULL),
	(1051, 'M', 'Łagan', 'Obrońca', 156, NULL),
	(1052, 'K', 'Łagan', 'Obrońca', 156, NULL),
	(1053, '.', 'Szecówka', 'Pomocnik', 156, NULL),
	(1054, '.', 'Ptasiński', 'Pomocnik', 156, NULL),
	(1055, '.', 'Karbownik', 'Obrońca', 156, NULL),
	(1056, '.', 'Nitwinko', 'Pomocnik', 156, NULL),
	(1057, '.', 'Kurdziel', 'Napastnik', 156, NULL),
	(1058, '.', 'Olesiński', 'Pomocnik', 156, NULL),
	(1059, '.', 'Setkowicz', 'Pomocnik', 156, NULL),
	(1060, '.', 'Hrycaniuk', 'Napastnik', 156, NULL),
	(1061, 'Kajusz', 'Kukiełka', 'Bramkarz', 140, NULL),
	(1062, 'Mikołaj', 'Kurdziel', 'Obrońca', 140, NULL),
	(1063, 'Mateusz', 'Geca', 'Obrońca', 140, NULL),
	(1064, 'Krzysztof', 'Księżyc', 'Napastnik', 140, NULL),
	(1065, 'Arkadiusz', 'Kalemba', 'Obrońca', 140, NULL),
	(1066, 'Jakub', 'Żak', 'Pomocnik', 140, NULL),
	(1067, 'Błażej', 'Ziarkowski', 'Pomocnik', 140, NULL),
	(1068, 'Karol', 'Kłeczek', 'Napastnik', 140, NULL),
	(1069, 'Kamil', 'Piątek', 'Obrońca', 140, NULL),
	(1070, 'Dawid', 'Ślusarczyk', 'Pomocnik', 140, NULL),
	(1071, 'Paweł', 'Drabik', 'Napastnik', 140, NULL),
	(1072, 'Jan', 'Łoboz', 'Napastnik', 142, NULL),
	(1073, 'Jacek', 'Kot', 'Napastnik', 142, NULL);
/*!40000 ALTER TABLE `league_player` ENABLE KEYS */;


-- Zrzut struktury tabela ral.league_season
CREATE TABLE IF NOT EXISTS `league_season` (
  `id` int(11) NOT NULL AUTO_INCREMENT,
  `league_name` varchar(255) DEFAULT NULL,
  `team_id` bigint(20) DEFAULT NULL,
  `points` bigint(20) DEFAULT '0',
  `season` bigint(20) DEFAULT NULL,
  `created_at` datetime NOT NULL,
  `updated_at` datetime NOT NULL,
  `deleted_at` datetime DEFAULT NULL,
  PRIMARY KEY (`id`),
  KEY `league_name_idx` (`league_name`),
  KEY `league_season_team_id_team_team_id` (`team_id`)
) ENGINE=MyISAM AUTO_INCREMENT=37 DEFAULT CHARSET=utf8;

-- Zrzucanie danych dla tabeli ral.league_season: 34 rows
DELETE FROM `league_season`;
/*!40000 ALTER TABLE `league_season` DISABLE KEYS */;
INSERT INTO `league_season` (`id`, `league_name`, `team_id`, `points`, `season`, `created_at`, `updated_at`, `deleted_at`) VALUES
	(8, '1.0', 8, 0, 1, '2015-08-26 11:14:47', '2015-08-26 11:14:47', NULL),
	(2, '1.0', 2, 0, 1, '2015-08-25 17:14:14', '2015-08-25 17:14:14', NULL),
	(3, '1.0', 3, 14, 1, '2015-08-25 18:57:06', '2015-08-30 12:45:00', NULL),
	(4, '1.0', 4, 6, 1, '2015-08-25 19:07:54', '2015-08-30 12:45:00', NULL),
	(5, '1.0', 5, 15, 1, '2015-08-26 06:44:07', '2015-08-30 12:45:00', NULL),
	(6, '1.0', 6, 0, 1, '2015-08-26 08:37:46', '2015-08-26 08:37:46', NULL),
	(7, '1.0', 7, 20, 1, '2015-08-26 10:22:59', '2015-08-30 12:45:00', NULL),
	(9, '1.0', 9, 7, 1, '2015-08-26 11:18:45', '2015-08-30 12:45:00', NULL),
	(10, '1.0', 10, 0, 1, '2015-08-26 16:46:19', '2015-08-26 16:46:19', NULL),
	(11, '1.0', 11, 0, 1, '2015-08-26 20:17:15', '2015-08-26 20:17:15', NULL),
	(12, '1.0', 12, 0, 1, '2015-08-26 23:51:56', '2015-08-26 23:51:56', NULL),
	(13, '1.0', 13, 0, 1, '2015-08-27 00:38:41', '2015-08-27 00:38:41', NULL),
	(14, '1.0', 14, 0, 1, '2015-08-27 01:07:04', '2015-08-27 01:07:04', NULL),
	(15, '1.0', 15, 0, 1, '2015-08-27 10:39:47', '2015-08-27 10:39:47', NULL),
	(16, '1.0', 16, 0, 1, '2015-08-27 10:55:05', '2015-08-27 10:55:05', NULL),
	(17, '1.0', 17, 0, 1, '2015-08-27 14:44:48', '2015-08-27 14:44:48', NULL),
	(20, '2.1', 20, 0, 1, '2015-08-29 20:48:39', '2015-08-29 20:48:39', NULL),
	(19, '2.1', 19, 0, 1, '2015-08-28 10:16:57', '2015-08-28 10:16:57', NULL),
	(21, '2.1', 21, 0, 1, '2015-08-29 20:48:39', '2015-08-29 20:48:39', NULL),
	(22, '2.1', 22, 0, 1, '2015-08-29 20:48:39', '2015-08-29 20:48:39', NULL),
	(23, '2.1', 23, 0, 1, '2015-08-29 20:48:39', '2015-08-29 20:48:39', NULL),
	(24, '2.1', 24, 0, 1, '2015-08-29 20:48:39', '2015-08-29 20:48:39', NULL),
	(25, '2.1', 25, 0, 1, '2015-08-29 20:48:39', '2015-08-29 20:48:39', NULL),
	(26, '2.1', 26, 0, 1, '2015-08-29 20:48:39', '2015-08-29 20:48:39', NULL),
	(27, '2.1', 27, 0, 1, '2015-08-29 20:48:39', '2015-08-29 20:48:39', NULL),
	(28, '2.1', 28, 0, 1, '2015-08-29 20:48:39', '2015-08-29 20:48:39', NULL),
	(29, '2.1', 29, 0, 1, '2015-08-29 20:48:39', '2015-08-29 20:48:39', NULL),
	(30, '2.1', 30, 0, 1, '2015-08-29 20:48:39', '2015-08-29 20:48:39', NULL),
	(31, '2.1', 31, 0, 1, '2015-08-29 20:48:39', '2015-08-29 20:48:39', NULL),
	(32, '2.1', 32, 0, 1, '2015-08-29 20:48:39', '2015-08-29 20:48:39', NULL),
	(33, '2.1', 33, 0, 1, '2015-08-29 20:48:39', '2015-08-29 20:48:39', NULL),
	(34, '2.1', 34, 0, 1, '2015-08-29 20:48:39', '2015-08-29 20:48:39', NULL),
	(35, '2.2', 35, 0, 1, '2015-08-30 09:19:23', '2015-08-30 09:19:23', NULL),
	(36, '2.2', 36, 0, 1, '2015-08-30 09:59:45', '2015-08-30 09:59:45', NULL);
/*!40000 ALTER TABLE `league_season` ENABLE KEYS */;


-- Zrzut struktury tabela ral.league_season_info
CREATE TABLE IF NOT EXISTS `league_season_info` (
  `id` int(11) NOT NULL AUTO_INCREMENT,
  `season` bigint(20) DEFAULT NULL,
  `season_start` datetime DEFAULT NULL,
  `season_finish` datetime DEFAULT NULL,
  `created_at` datetime NOT NULL,
  `updated_at` datetime NOT NULL,
  `deleted_at` datetime DEFAULT NULL,
  PRIMARY KEY (`id`)
) ENGINE=MyISAM AUTO_INCREMENT=4 DEFAULT CHARSET=utf8;

-- Zrzucanie danych dla tabeli ral.league_season_info: 2 rows
DELETE FROM `league_season_info`;
/*!40000 ALTER TABLE `league_season_info` DISABLE KEYS */;
INSERT INTO `league_season_info` (`id`, `season`, `season_start`, `season_finish`, `created_at`, `updated_at`, `deleted_at`) VALUES
	(2, 1, '2015-08-27 09:48:30', '2015-11-19 09:48:33', '0000-00-00 00:00:00', '0000-00-00 00:00:00', NULL),
	(3, 2, '2015-11-19 09:48:40', '2016-01-05 09:48:33', '0000-00-00 00:00:00', '0000-00-00 00:00:00', NULL);
/*!40000 ALTER TABLE `league_season_info` ENABLE KEYS */;


-- Zrzut struktury tabela ral.league_shooter
CREATE TABLE IF NOT EXISTS `league_shooter` (
  `match_id` int(11) NOT NULL,
  `player_id` int(11) NOT NULL,
  `goal` int(11) NOT NULL,
  PRIMARY KEY (`player_id`,`match_id`),
  KEY `league_shooter_match_id_league_match_id` (`match_id`)
) ENGINE=MyISAM DEFAULT CHARSET=utf8;

-- Zrzucanie danych dla tabeli ral.league_shooter: 2 285 rows
DELETE FROM `league_shooter`;
/*!40000 ALTER TABLE `league_shooter` DISABLE KEYS */;
INSERT INTO `league_shooter` (`match_id`, `player_id`, `goal`) VALUES
	(3, 7, 1),
	(3, 2, 1),
	(3, 1, 3),
	(4, 26, 1),
	(4, 29, 2),
	(5, 39, 2),
	(5, 40, 1),
	(5, 41, 1),
	(5, 45, 1),
	(5, 48, 2),
	(6, 54, 3),
	(6, 55, 1),
	(6, 62, 1),
	(6, 67, 1),
	(6, 68, 3),
	(8, 45, 1),
	(8, 48, 2),
	(8, 52, 1),
	(8, 27, 2),
	(8, 26, 1),
	(7, 45, 1),
	(7, 49, 2),
	(7, 52, 1),
	(7, 27, 2),
	(7, 26, 1),
	(8, 5, 2),
	(8, 2, 2),
	(8, 1, 3),
	(8, 39, 1),
	(8, 40, 1),
	(8, 70, 1),
	(9, 56, 1),
	(9, 55, 2),
	(9, 73, 2),
	(10, 16, 1),
	(10, 68, 3),
	(10, 62, 1),
	(10, 64, 1),
	(11, 48, 1),
	(11, 45, 1),
	(11, 62, 2),
	(11, 64, 2),
	(12, 1, 3),
	(12, 77, 1),
	(13, 55, 2),
	(13, 14, 2),
	(15, 26, 3),
	(15, 27, 2),
	(15, 55, 2),
	(15, 73, 4),
	(15, 56, 1),
	(16, 62, 1),
	(16, 1, 1),
	(16, 7, 1),
	(16, 77, 2),
	(17, 39, 1),
	(17, 55, 2),
	(17, 56, 1),
	(17, 73, 3),
	(17, 78, 3),
	(17, 79, 1),
	(18, 7, 1),
	(18, 1, 2),
	(18, 77, 1),
	(18, 45, 1),
	(18, 48, 1),
	(18, 49, 3),
	(18, 80, 1),
	(19, 68, 3),
	(19, 22, 2),
	(19, 26, 2),
	(19, 24, 1),
	(20, 16, 3),
	(21, 80, 2),
	(21, 55, 3),
	(21, 73, 1),
	(21, 56, 1),
	(21, 81, 1),
	(22, 68, 1),
	(22, 62, 1),
	(22, 82, 2),
	(23, 67, 1),
	(23, 64, 1),
	(23, 68, 2),
	(24, 39, 1),
	(24, 40, 1),
	(24, 26, 3),
	(24, 22, 1),
	(24, 24, 2),
	(25, 48, 1),
	(25, 45, 3),
	(25, 16, 1),
	(26, 24, 2),
	(26, 26, 1),
	(26, 77, 2),
	(26, 7, 1),
	(27, 4, 1),
	(27, 1, 3),
	(27, 7, 2),
	(27, 79, 2),
	(27, 70, 2),
	(27, 43, 1),
	(27, 82, 2),
	(28, 27, 1),
	(28, 18, 1),
	(28, 24, 1),
	(28, 16, 1),
	(29, 45, 1),
	(29, 48, 1),
	(29, 49, 4),
	(29, 52, 1),
	(30, 55, 5),
	(30, 73, 5),
	(30, 81, 5),
	(30, 64, 1),
	(30, 62, 2),
	(31, 80, 1),
	(31, 7, 3),
	(31, 77, 1),
	(31, 68, 6),
	(32, 16, 2),
	(32, 56, 2),
	(32, 73, 3),
	(32, 55, 2),
	(33, 82, 1),
	(33, 70, 1),
	(33, 40, 1),
	(33, 39, 3),
	(33, 49, 1),
	(3, 53, 1),
	(3, 10, 1),
	(3, 12, 3),
	(3, 13, 4),
	(3, 15, 2),
	(4, 19, 1),
	(4, 20, 1),
	(4, 23, 2),
	(4, 32, 3),
	(4, 33, 1),
	(4, 34, 2),
	(5, 46, 4),
	(5, 50, 2),
	(6, 61, 7),
	(8, 46, 1),
	(8, 20, 2),
	(8, 23, 2),
	(8, 19, 1),
	(7, 46, 1),
	(7, 20, 2),
	(7, 23, 2),
	(7, 19, 1),
	(8, 36, 2),
	(9, 58, 1),
	(9, 34, 4),
	(9, 31, 2),
	(9, 32, 2),
	(9, 72, 6),
	(9, 74, 3),
	(10, 10, 1),
	(10, 12, 1),
	(10, 13, 2),
	(10, 66, 1),
	(10, 63, 1),
	(10, 65, 2),
	(11, 46, 2),
	(11, 66, 1),
	(11, 75, 2),
	(12, 33, 1),
	(12, 32, 1),
	(12, 34, 3),
	(12, 30, 3),
	(12, 76, 3),
	(13, 58, 2),
	(13, 61, 2),
	(13, 10, 5),
	(13, 15, 3),
	(14, 42, 2),
	(14, 36, 1),
	(14, 31, 2),
	(14, 30, 1),
	(14, 32, 1),
	(14, 34, 3),
	(14, 74, 1),
	(15, 20, 1),
	(15, 23, 3),
	(15, 72, 2),
	(15, 61, 3),
	(16, 65, 1),
	(16, 75, 1),
	(16, 63, 1),
	(16, 76, 1),
	(17, 36, 1),
	(17, 72, 4),
	(18, 53, 1),
	(18, 76, 3),
	(19, 66, 1),
	(19, 75, 2),
	(20, 10, 1),
	(20, 11, 1),
	(20, 12, 2),
	(20, 15, 1),
	(20, 74, 2),
	(20, 32, 2),
	(20, 34, 1),
	(20, 30, 1),
	(21, 61, 1),
	(22, 65, 2),
	(22, 66, 1),
	(22, 36, 1),
	(22, 83, 1),
	(23, 65, 1),
	(23, 32, 3),
	(23, 31, 2),
	(23, 74, 1),
	(23, 30, 1),
	(24, 20, 3),
	(25, 50, 1),
	(25, 46, 2),
	(25, 10, 4),
	(25, 12, 1),
	(25, 13, 4),
	(25, 11, 4),
	(26, 20, 4),
	(26, 19, 1),
	(26, 23, 5),
	(26, 76, 2),
	(27, 36, 1),
	(28, 20, 1),
	(28, 13, 3),
	(28, 11, 2),
	(28, 10, 1),
	(28, 84, 1),
	(29, 28, 1),
	(29, 31, 4),
	(29, 34, 2),
	(29, 33, 3),
	(29, 47, 1),
	(30, 66, 2),
	(31, 53, 1),
	(31, 63, 2),
	(31, 75, 3),
	(31, 66, 2),
	(31, 65, 2),
	(32, 13, 8),
	(32, 84, 2),
	(32, 10, 2),
	(33, 51, 1),
	(139, 121, 1),
	(139, 115, 3),
	(139, 120, 2),
	(139, 109, 4),
	(139, 123, 3),
	(139, 125, 1),
	(140, 127, 2),
	(140, 130, 1),
	(140, 132, 2),
	(140, 134, 1),
	(140, 118, 1),
	(140, 115, 5),
	(140, 119, 1),
	(140, 117, 1),
	(140, 112, 3),
	(140, 110, 1),
	(141, 128, 1),
	(141, 134, 1),
	(141, 130, 1),
	(141, 142, 2),
	(142, 146, 2),
	(142, 148, 2),
	(142, 149, 4),
	(142, 150, 2),
	(142, 152, 2),
	(142, 143, 1),
	(142, 144, 1),
	(142, 145, 1),
	(143, 160, 1),
	(143, 157, 4),
	(143, 158, 1),
	(144, 123, 4),
	(144, 120, 1),
	(144, 145, 2),
	(144, 165, 2),
	(144, 167, 1),
	(145, 110, 2),
	(145, 115, 4),
	(146, 155, 2),
	(146, 157, 1),
	(146, 162, 3),
	(146, 158, 2),
	(146, 169, 3),
	(147, 157, 3),
	(147, 169, 3),
	(147, 138, 1),
	(148, 153, 1),
	(148, 149, 4),
	(148, 150, 2),
	(148, 168, 2),
	(148, 126, 1),
	(148, 130, 1),
	(148, 137, 2),
	(149, 153, 3),
	(149, 149, 7),
	(149, 147, 1),
	(149, 150, 4),
	(149, 152, 7),
	(150, 120, 1),
	(150, 107, 1),
	(150, 108, 2),
	(150, 109, 8),
	(150, 173, 1),
	(151, 157, 4),
	(151, 169, 1),
	(151, 161, 1),
	(151, 167, 1),
	(151, 159, 1),
	(152, 109, 7),
	(152, 108, 2),
	(152, 122, 1),
	(152, 120, 5),
	(152, 123, 2),
	(152, 175, 1),
	(153, 139, 1),
	(153, 136, 2),
	(153, 171, 5),
	(153, 177, 3),
	(153, 176, 4),
	(153, 141, 2),
	(153, 145, 2),
	(153, 143, 1),
	(154, 145, 1),
	(154, 171, 4),
	(154, 176, 1),
	(154, 178, 1),
	(154, 179, 5),
	(154, 181, 1),
	(154, 180, 3),
	(155, 118, 1),
	(155, 115, 5),
	(155, 119, 1),
	(155, 175, 1),
	(155, 109, 1),
	(156, 144, 3),
	(156, 174, 1),
	(156, 145, 1),
	(156, 115, 1),
	(157, 145, 3),
	(157, 171, 2),
	(157, 144, 3),
	(157, 170, 1),
	(157, 110, 1),
	(157, 115, 3),
	(158, 157, 2),
	(158, 169, 1),
	(158, 146, 1),
	(158, 168, 1),
	(159, 149, 2),
	(159, 146, 2),
	(159, 150, 2),
	(159, 147, 1),
	(159, 107, 1),
	(159, 109, 5),
	(159, 182, 2),
	(160, 141, 1),
	(160, 177, 2),
	(160, 180, 3),
	(160, 184, 1),
	(160, 183, 2),
	(161, 155, 2),
	(161, 157, 1),
	(161, 169, 2),
	(161, 145, 1),
	(161, 171, 3),
	(162, 150, 2),
	(162, 149, 2),
	(162, 168, 1),
	(162, 112, 2),
	(163, 155, 1),
	(163, 157, 1),
	(163, 161, 1),
	(163, 109, 2),
	(164, 111, 3),
	(164, 115, 4),
	(164, 112, 3),
	(155, 107, 1),
	(169, 205, 2),
	(169, 204, 1),
	(169, 200, 4),
	(169, 199, 2),
	(169, 198, 1),
	(169, 192, 1),
	(170, 190, 4),
	(170, 189, 1),
	(170, 186, 3),
	(170, 207, 1),
	(170, 208, 1),
	(170, 209, 1),
	(171, 223, 3),
	(171, 225, 1),
	(171, 227, 4),
	(172, 245, 2),
	(172, 246, 2),
	(172, 247, 2),
	(172, 236, 1),
	(172, 237, 1),
	(172, 238, 1),
	(172, 239, 2),
	(173, 223, 3),
	(173, 229, 1),
	(173, 225, 2),
	(173, 224, 1),
	(173, 248, 4),
	(173, 249, 1),
	(174, 190, 1),
	(174, 186, 2),
	(174, 207, 1),
	(174, 198, 1),
	(174, 199, 2),
	(174, 192, 1),
	(175, 242, 1),
	(175, 246, 1),
	(175, 250, 2),
	(175, 251, 2),
	(175, 252, 1),
	(176, 199, 4),
	(176, 198, 2),
	(176, 225, 3),
	(176, 248, 1),
	(176, 253, 1),
	(177, 217, 1),
	(176, 254, 1),
	(177, 254, 1),
	(178, 198, 1),
	(178, 239, 4),
	(178, 249, 1),
	(178, 237, 2),
	(178, 238, 1),
	(179, 186, 1),
	(179, 205, 2),
	(179, 203, 1),
	(179, 251, 2),
	(179, 255, 1),
	(180, 232, 1),
	(180, 254, 1),
	(180, 205, 3),
	(180, 255, 2),
	(180, 200, 5),
	(181, 223, 4),
	(181, 227, 2),
	(181, 228, 5),
	(181, 217, 1),
	(183, 199, 3),
	(183, 198, 2),
	(183, 245, 1),
	(183, 242, 4),
	(183, 246, 1),
	(183, 256, 5),
	(184, 186, 3),
	(184, 236, 1),
	(184, 239, 2),
	(184, 237, 2),
	(182, 227, 1),
	(182, 228, 3),
	(182, 223, 1),
	(182, 205, 1),
	(182, 200, 1),
	(182, 251, 2),
	(185, 198, 4),
	(185, 192, 1),
	(186, 263, 1),
	(186, 230, 1),
	(186, 199, 4),
	(186, 198, 2),
	(187, 216, 1),
	(187, 202, 1),
	(187, 206, 1),
	(187, 204, 1),
	(187, 255, 2),
	(187, 201, 2),
	(187, 266, 1),
	(187, 265, 1),
	(188, 243, 2),
	(188, 245, 3),
	(188, 190, 2),
	(188, 267, 3),
	(188, 268, 1),
	(189, 255, 2),
	(189, 201, 3),
	(189, 225, 1),
	(189, 224, 1),
	(189, 269, 2),
	(190, 216, 4),
	(190, 217, 2),
	(190, 202, 1),
	(190, 201, 4),
	(191, 187, 1),
	(191, 207, 1),
	(191, 188, 1),
	(191, 230, 3),
	(191, 254, 1),
	(192, 224, 1),
	(192, 251, 1),
	(192, 270, 5),
	(192, 271, 1),
	(193, 199, 3),
	(193, 198, 1),
	(193, 205, 2),
	(193, 251, 1),
	(194, 201, 1),
	(194, 255, 2),
	(194, 230, 2),
	(195, 230, 2),
	(195, 190, 2),
	(195, 207, 2),
	(196, 190, 2),
	(196, 229, 2),
	(196, 225, 2),
	(196, 276, 2),
	(197, 265, 1),
	(197, 216, 1),
	(197, 202, 1),
	(197, 266, 1),
	(197, 206, 1),
	(197, 204, 1),
	(197, 201, 2),
	(198, 242, 1),
	(198, 274, 1),
	(198, 259, 3),
	(198, 275, 1),
	(44, 55, 2),
	(44, 58, 1),
	(44, 72, 4),
	(44, 52, 1),
	(44, 50, 2),
	(44, 46, 1),
	(45, 74, 5),
	(45, 32, 5),
	(45, 31, 3),
	(45, 30, 3),
	(45, 29, 2),
	(45, 34, 4),
	(45, 1, 4),
	(45, 80, 1),
	(45, 277, 1),
	(45, 278, 1),
	(46, 12, 2),
	(46, 10, 5),
	(46, 16, 5),
	(46, 15, 2),
	(46, 13, 5),
	(46, 43, 2),
	(46, 70, 3),
	(46, 82, 3),
	(47, 68, 6),
	(47, 66, 1),
	(47, 62, 2),
	(47, 46, 2),
	(47, 45, 1),
	(47, 50, 1),
	(47, 279, 2),
	(47, 280, 3),
	(48, 20, 3),
	(48, 23, 1),
	(48, 24, 6),
	(48, 19, 1),
	(48, 1, 2),
	(48, 2, 1),
	(48, 77, 2),
	(48, 80, 1),
	(48, 281, 2),
	(205, 24, 3),
	(205, 20, 1),
	(205, 23, 2),
	(205, 58, 1),
	(205, 61, 1),
	(205, 55, 2),
	(205, 54, 1),
	(203, 77, 1),
	(203, 1, 3),
	(203, 13, 4),
	(203, 12, 2),
	(203, 15, 2),
	(203, 11, 1),
	(203, 10, 4),
	(203, 282, 1),
	(209, 74, 3),
	(209, 33, 1),
	(209, 30, 1),
	(209, 38, 2),
	(209, 82, 3),
	(208, 49, 1),
	(208, 50, 2),
	(208, 46, 4),
	(208, 20, 3),
	(208, 19, 1),
	(208, 23, 4),
	(208, 283, 4),
	(222, 82, 1),
	(222, 20, 1),
	(222, 19, 1),
	(222, 281, 1),
	(222, 24, 4),
	(221, 12, 1),
	(221, 10, 2),
	(221, 15, 1),
	(221, 13, 5),
	(221, 16, 3),
	(221, 45, 4),
	(221, 48, 2),
	(221, 50, 1),
	(221, 284, 3),
	(218, 1, 4),
	(218, 77, 1),
	(218, 4, 4),
	(218, 7, 2),
	(218, 58, 1),
	(218, 55, 2),
	(218, 285, 2),
	(219, 24, 2),
	(219, 23, 3),
	(219, 281, 1),
	(219, 33, 2),
	(219, 29, 2),
	(219, 32, 1),
	(219, 34, 2),
	(220, 13, 4),
	(220, 12, 1),
	(220, 10, 2),
	(220, 16, 1),
	(220, 15, 1),
	(220, 280, 3),
	(220, 62, 2),
	(220, 66, 1),
	(223, 33, 1),
	(223, 30, 1),
	(223, 32, 2),
	(223, 34, 3),
	(223, 31, 1),
	(223, 72, 3),
	(223, 55, 3),
	(223, 286, 3),
	(223, 287, 1),
	(225, 15, 1),
	(225, 9, 1),
	(225, 13, 4),
	(225, 43, 1),
	(225, 70, 1),
	(225, 42, 1),
	(225, 288, 3),
	(225, 289, 1),
	(228, 280, 1),
	(228, 65, 1),
	(228, 68, 2),
	(228, 66, 1),
	(228, 20, 3),
	(228, 19, 1),
	(228, 290, 3),
	(228, 291, 1),
	(229, 31, 3),
	(229, 277, 2),
	(229, 34, 4),
	(229, 33, 1),
	(229, 74, 3),
	(229, 50, 3),
	(229, 46, 1),
	(229, 284, 4),
	(236, 16, 1),
	(236, 12, 1),
	(236, 13, 2),
	(236, 20, 2),
	(236, 26, 2),
	(236, 23, 1),
	(236, 24, 4),
	(236, 21, 2),
	(236, 292, 4),
	(235, 290, 2),
	(235, 68, 2),
	(235, 63, 1),
	(235, 38, 1),
	(235, 79, 2),
	(232, 1, 2),
	(232, 4, 1),
	(232, 80, 3),
	(232, 284, 4),
	(232, 46, 2),
	(232, 45, 1),
	(232, 48, 1),
	(230, 73, 2),
	(230, 72, 5),
	(230, 286, 1),
	(230, 55, 6),
	(230, 39, 5),
	(230, 38, 2),
	(237, 50, 1),
	(237, 45, 2),
	(237, 46, 2),
	(237, 284, 2),
	(237, 48, 1),
	(237, 51, 1),
	(237, 73, 1),
	(237, 287, 2),
	(237, 286, 4),
	(237, 55, 4),
	(238, 280, 3),
	(238, 63, 2),
	(238, 68, 2),
	(238, 31, 2),
	(238, 34, 4),
	(238, 32, 2),
	(346, 415, 1),
	(346, 412, 2),
	(346, 410, 1),
	(240, 310, 1),
	(240, 311, 2),
	(240, 313, 8),
	(240, 314, 3),
	(240, 321, 1),
	(240, 322, 1),
	(346, 453, 2),
	(346, 452, 1),
	(346, 451, 1),
	(343, 401, 1),
	(349, 440, 1),
	(349, 443, 7),
	(349, 444, 1),
	(347, 531, 1),
	(347, 530, 1),
	(243, 354, 1),
	(243, 350, 2),
	(244, 364, 3),
	(244, 376, 3),
	(244, 372, 1),
	(348, 514, 1),
	(348, 493, 2),
	(348, 494, 6),
	(337, 422, 1),
	(337, 528, 7),
	(337, 420, 2),
	(337, 421, 1),
	(337, 460, 2),
	(337, 459, 5),
	(337, 513, 3),
	(337, 517, 3),
	(246, 382, 1),
	(246, 385, 2),
	(246, 384, 2),
	(246, 388, 1),
	(246, 389, 2),
	(246, 390, 6),
	(246, 391, 2),
	(245, 422, 1),
	(245, 420, 2),
	(245, 421, 3),
	(245, 416, 2),
	(245, 417, 1),
	(245, 412, 2),
	(245, 410, 4),
	(245, 415, 3),
	(245, 411, 2),
	(245, 418, 1),
	(343, 403, 1),
	(343, 521, 1),
	(343, 527, 1),
	(250, 425, 2),
	(250, 426, 2),
	(250, 427, 1),
	(250, 428, 3),
	(250, 429, 3),
	(250, 430, 2),
	(250, 297, 1),
	(249, 338, 4),
	(249, 340, 1),
	(249, 342, 4),
	(249, 326, 1),
	(249, 434, 1),
	(252, 365, 2),
	(252, 364, 3),
	(252, 363, 1),
	(252, 354, 2),
	(253, 440, 2),
	(253, 441, 2),
	(253, 442, 1),
	(253, 443, 1),
	(253, 447, 1),
	(253, 374, 1),
	(253, 379, 1),
	(347, 421, 1),
	(347, 422, 2),
	(347, 451, 1),
	(347, 419, 1),
	(347, 457, 2),
	(347, 454, 1),
	(261, 294, 2),
	(261, 299, 1),
	(261, 296, 5),
	(261, 339, 2),
	(262, 329, 2),
	(262, 324, 2),
	(262, 323, 2),
	(278, 319, 1),
	(262, 498, 1),
	(262, 449, 2),
	(343, 386, 3),
	(343, 522, 3),
	(343, 512, 5),
	(343, 385, 3),
	(264, 425, 4),
	(264, 429, 1),
	(264, 427, 2),
	(264, 431, 2),
	(264, 313, 1),
	(265, 348, 1),
	(265, 351, 2),
	(265, 448, 1),
	(265, 350, 1),
	(265, 349, 1),
	(265, 347, 2),
	(265, 372, 1),
	(265, 378, 1),
	(252, 366, 1),
	(248, 459, 4),
	(248, 460, 1),
	(248, 462, 1),
	(248, 451, 2),
	(248, 454, 2),
	(248, 456, 4),
	(248, 457, 1),
	(336, 387, 1),
	(336, 416, 1),
	(336, 389, 1),
	(336, 391, 1),
	(336, 493, 1),
	(337, 462, 4),
	(336, 413, 1),
	(336, 417, 1),
	(260, 460, 1),
	(260, 462, 2),
	(260, 459, 2),
	(260, 411, 1),
	(260, 412, 4),
	(260, 415, 8),
	(260, 416, 1),
	(260, 418, 1),
	(260, 417, 1),
	(260, 413, 1),
	(266, 422, 1),
	(266, 391, 6),
	(266, 388, 4),
	(266, 389, 2),
	(266, 467, 6),
	(266, 468, 3),
	(267, 453, 1),
	(267, 457, 1),
	(267, 406, 1),
	(267, 424, 1),
	(267, 405, 1),
	(267, 469, 9),
	(267, 470, 1),
	(267, 471, 2),
	(348, 460, 1),
	(348, 529, 1),
	(348, 462, 2),
	(348, 459, 1),
	(348, 391, 6),
	(273, 440, 3),
	(273, 443, 2),
	(273, 445, 1),
	(273, 364, 2),
	(273, 369, 2),
	(273, 363, 1),
	(273, 367, 1),
	(274, 361, 1),
	(274, 355, 1),
	(274, 379, 1),
	(274, 489, 3),
	(274, 490, 2),
	(351, 310, 1),
	(351, 313, 1),
	(351, 329, 1),
	(276, 338, 1),
	(276, 340, 3),
	(276, 342, 1),
	(276, 313, 2),
	(275, 426, 2),
	(275, 450, 1),
	(275, 428, 1),
	(275, 449, 1),
	(278, 298, 1),
	(278, 299, 1),
	(278, 297, 2),
	(278, 296, 4),
	(268, 408, 1),
	(268, 387, 1),
	(268, 391, 3),
	(268, 388, 1),
	(268, 389, 2),
	(268, 468, 1),
	(268, 492, 3),
	(268, 493, 1),
	(268, 494, 3),
	(271, 462, 6),
	(271, 460, 1),
	(271, 459, 1),
	(271, 467, 4),
	(271, 419, 1),
	(271, 422, 1),
	(271, 421, 1),
	(271, 495, 1),
	(269, 386, 2),
	(269, 382, 2),
	(269, 385, 1),
	(269, 383, 1),
	(269, 411, 1),
	(269, 417, 1),
	(335, 385, 3),
	(335, 382, 1),
	(334, 525, 1),
	(334, 527, 1),
	(334, 526, 1),
	(335, 471, 2),
	(335, 457, 2),
	(335, 386, 1),
	(278, 317, 1),
	(351, 449, 2),
	(350, 319, 3),
	(350, 498, 1),
	(350, 299, 1),
	(350, 296, 6),
	(350, 294, 8),
	(349, 356, 1),
	(349, 361, 1),
	(349, 355, 1),
	(349, 446, 1),
	(349, 447, 2),
	(285, 449, 2),
	(285, 323, 1),
	(285, 329, 1),
	(285, 313, 2),
	(285, 500, 2),
	(289, 340, 1),
	(289, 342, 1),
	(289, 498, 1),
	(289, 501, 2),
	(289, 502, 1),
	(290, 364, 2),
	(290, 365, 2),
	(290, 350, 1),
	(290, 448, 1),
	(290, 351, 1),
	(334, 510, 1),
	(334, 403, 1),
	(334, 424, 2),
	(334, 492, 3),
	(334, 521, 1),
	(334, 421, 1),
	(334, 422, 1),
	(280, 424, 5),
	(280, 406, 1),
	(280, 492, 1),
	(280, 422, 1),
	(280, 467, 1),
	(280, 504, 3),
	(280, 505, 5),
	(283, 416, 2),
	(283, 415, 1),
	(283, 388, 1),
	(283, 390, 1),
	(283, 391, 1),
	(283, 389, 1),
	(284, 457, 2),
	(284, 471, 3),
	(284, 386, 1),
	(284, 466, 1),
	(284, 385, 1),
	(284, 382, 2),
	(262, 319, 2),
	(278, 498, 1),
	(340, 501, 1),
	(340, 432, 2),
	(338, 296, 3),
	(340, 338, 3),
	(340, 340, 2),
	(338, 449, 1),
	(338, 299, 1),
	(338, 294, 7),
	(292, 471, 1),
	(292, 451, 2),
	(292, 469, 2),
	(292, 452, 1),
	(292, 457, 1),
	(292, 505, 7),
	(292, 421, 1),
	(293, 424, 1),
	(293, 406, 1),
	(293, 415, 2),
	(293, 412, 1),
	(293, 413, 1),
	(295, 382, 2),
	(295, 386, 3),
	(295, 385, 1),
	(295, 459, 2),
	(295, 507, 1),
	(341, 364, 1),
	(341, 365, 2),
	(341, 366, 1),
	(341, 347, 1),
	(334, 467, 3),
	(340, 499, 1),
	(340, 322, 1),
	(298, 415, 1),
	(298, 417, 2),
	(298, 416, 3),
	(298, 413, 1),
	(298, 418, 1),
	(298, 457, 2),
	(298, 469, 1),
	(298, 471, 1),
	(299, 391, 4),
	(299, 387, 1),
	(299, 493, 1),
	(299, 390, 2),
	(299, 388, 1),
	(299, 389, 2),
	(299, 460, 1),
	(299, 459, 1),
	(299, 462, 2),
	(297, 424, 1),
	(297, 401, 1),
	(297, 470, 1),
	(297, 385, 1),
	(297, 386, 3),
	(297, 383, 1),
	(297, 466, 1),
	(297, 382, 1),
	(297, 510, 3),
	(301, 382, 2),
	(301, 386, 4),
	(301, 385, 2),
	(301, 421, 1),
	(301, 505, 3),
	(301, 422, 1),
	(301, 512, 2),
	(303, 459, 3),
	(303, 503, 1),
	(303, 462, 2),
	(303, 424, 1),
	(303, 504, 2),
	(303, 405, 1),
	(303, 401, 1),
	(303, 513, 1),
	(304, 471, 4),
	(304, 453, 2),
	(304, 493, 1),
	(304, 494, 3),
	(304, 391, 4),
	(304, 388, 2),
	(304, 514, 1),
	(305, 365, 1),
	(305, 364, 3),
	(305, 380, 1),
	(305, 372, 1),
	(305, 515, 2),
	(306, 443, 6),
	(306, 440, 1),
	(306, 442, 1),
	(306, 447, 1),
	(306, 448, 2),
	(308, 296, 5),
	(308, 294, 3),
	(308, 299, 1),
	(308, 340, 3),
	(308, 338, 3),
	(308, 434, 1),
	(307, 433, 1),
	(307, 425, 5),
	(307, 429, 3),
	(307, 431, 2),
	(307, 427, 2),
	(307, 450, 4),
	(307, 426, 2),
	(307, 428, 1),
	(271, 503, 1),
	(313, 505, 4),
	(313, 422, 1),
	(313, 421, 1),
	(313, 417, 3),
	(313, 410, 1),
	(313, 413, 2),
	(313, 411, 2),
	(313, 412, 1),
	(313, 415, 4),
	(313, 418, 1),
	(314, 494, 1),
	(314, 388, 1),
	(314, 391, 1),
	(314, 386, 3),
	(314, 385, 1),
	(314, 382, 1),
	(314, 466, 1),
	(316, 453, 2),
	(316, 459, 2),
	(316, 462, 1),
	(316, 513, 1),
	(316, 516, 2),
	(316, 517, 2),
	(319, 363, 2),
	(319, 365, 1),
	(319, 443, 1),
	(319, 444, 1),
	(319, 440, 1),
	(319, 442, 1),
	(319, 518, 2),
	(319, 519, 1),
	(320, 356, 1),
	(320, 359, 1),
	(320, 354, 1),
	(320, 372, 1),
	(320, 379, 1),
	(317, 339, 2),
	(317, 434, 1),
	(317, 342, 1),
	(317, 329, 2),
	(317, 449, 2),
	(317, 326, 1),
	(318, 299, 1),
	(318, 294, 4),
	(318, 296, 3),
	(324, 498, 2),
	(324, 502, 1),
	(324, 313, 1),
	(321, 505, 2),
	(321, 467, 1),
	(321, 422, 1),
	(321, 389, 2),
	(321, 514, 1),
	(321, 494, 4),
	(321, 493, 3),
	(321, 391, 8),
	(321, 388, 2),
	(323, 385, 1),
	(323, 466, 3),
	(323, 512, 1),
	(323, 386, 2),
	(323, 410, 2),
	(325, 424, 2),
	(325, 388, 2),
	(325, 494, 2),
	(325, 391, 4),
	(325, 389, 2),
	(326, 471, 3),
	(326, 457, 2),
	(326, 492, 1),
	(326, 521, 1),
	(327, 459, 4),
	(327, 462, 1),
	(327, 416, 1),
	(327, 410, 2),
	(327, 412, 2),
	(327, 413, 1),
	(328, 420, 1),
	(328, 421, 1),
	(328, 507, 1),
	(328, 383, 1),
	(328, 512, 3),
	(328, 385, 4),
	(328, 386, 11),
	(328, 466, 1),
	(328, 522, 7),
	(330, 449, 2),
	(330, 326, 1),
	(330, 329, 1),
	(330, 499, 5),
	(330, 433, 1),
	(330, 523, 2),
	(329, 313, 2),
	(329, 294, 6),
	(329, 296, 4),
	(329, 524, 3),
	(331, 428, 1),
	(331, 426, 2),
	(331, 431, 1),
	(331, 429, 2),
	(331, 427, 1),
	(331, 338, 1),
	(333, 369, 1),
	(333, 365, 1),
	(333, 364, 2),
	(333, 358, 1),
	(333, 354, 2),
	(346, 416, 1),
	(346, 411, 3),
	(359, 532, 3),
	(359, 533, 1),
	(359, 534, 1),
	(359, 535, 1),
	(360, 536, 1),
	(360, 537, 3),
	(360, 538, 1),
	(360, 539, 1),
	(360, 540, 1),
	(361, 534, 1),
	(361, 539, 1),
	(361, 541, 1),
	(361, 542, 1),
	(361, 543, 1),
	(362, 544, 3),
	(362, 545, 1),
	(362, 546, 1),
	(362, 547, 6),
	(364, 537, 4),
	(364, 539, 2),
	(364, 542, 1),
	(364, 543, 1),
	(364, 548, 2),
	(363, 534, 1),
	(363, 549, 3),
	(363, 550, 1),
	(365, 549, 1),
	(366, 551, 2),
	(366, 552, 1),
	(366, 553, 1),
	(367, 554, 1),
	(368, 555, 3),
	(368, 556, 1),
	(368, 557, 1),
	(368, 558, 1),
	(369, 547, 1),
	(370, 555, 3),
	(370, 557, 1),
	(370, 559, 1),
	(370, 560, 1),
	(370, 561, 1),
	(372, 562, 3),
	(372, 563, 1),
	(372, 564, 1),
	(373, 537, 1),
	(373, 565, 1),
	(373, 566, 6),
	(373, 567, 1),
	(373, 568, 2),
	(374, 562, 3),
	(374, 569, 1),
	(374, 570, 1),
	(375, 565, 5),
	(375, 542, 1),
	(375, 543, 3),
	(375, 568, 1),
	(375, 571, 4),
	(376, 566, 3),
	(376, 562, 2),
	(376, 572, 1),
	(377, 572, 1),
	(377, 566, 2),
	(377, 573, 1),
	(377, 574, 2),
	(377, 575, 1),
	(377, 576, 1),
	(377, 577, 1),
	(378, 568, 2),
	(378, 543, 1),
	(378, 537, 1),
	(378, 569, 1),
	(378, 562, 1),
	(378, 579, 1),
	(378, 578, 1),
	(379, 580, 3),
	(379, 581, 1),
	(379, 582, 1),
	(379, 583, 1),
	(380, 547, 2),
	(380, 549, 2),
	(380, 538, 1),
	(380, 536, 1),
	(380, 584, 1),
	(381, 559, 2),
	(381, 544, 1),
	(381, 585, 1),
	(383, 559, 4),
	(383, 595, 4),
	(383, 587, 3),
	(384, 547, 3),
	(384, 549, 2),
	(384, 538, 1),
	(384, 544, 1),
	(385, 580, 3),
	(385, 584, 1),
	(385, 588, 2),
	(385, 589, 2),
	(382, 580, 2),
	(382, 547, 1),
	(387, 443, 1),
	(387, 440, 1),
	(387, 445, 1),
	(387, 359, 1),
	(387, 354, 1),
	(388, 425, 1),
	(388, 449, 2),
	(388, 327, 1),
	(388, 326, 1),
	(388, 590, 2),
	(388, 591, 2),
	(388, 592, 1),
	(388, 593, 1),
	(389, 294, 5),
	(389, 297, 4),
	(389, 299, 1),
	(389, 312, 1),
	(389, 594, 1),
	(390, 539, 1),
	(390, 571, 2),
	(390, 542, 1),
	(390, 565, 2),
	(390, 596, 1),
	(390, 597, 1),
	(391, 566, 2),
	(391, 572, 1),
	(391, 576, 1),
	(391, 584, 1),
	(392, 596, 1),
	(392, 597, 2),
	(392, 551, 1),
	(392, 562, 1),
	(393, 542, 2),
	(393, 539, 1),
	(393, 576, 1),
	(393, 598, 1),
	(394, 564, 1),
	(394, 569, 4),
	(394, 562, 2),
	(394, 584, 2),
	(394, 599, 1),
	(394, 600, 1),
	(394, 601, 1),
	(395, 551, 2),
	(395, 597, 1),
	(395, 596, 1),
	(396, 576, 2),
	(396, 569, 1),
	(396, 602, 2),
	(396, 603, 1),
	(397, 539, 2),
	(397, 598, 2),
	(397, 542, 3),
	(397, 597, 2),
	(397, 552, 1),
	(399, 595, 3),
	(399, 534, 1),
	(399, 580, 2),
	(400, 580, 2),
	(401, 595, 2),
	(401, 545, 1),
	(401, 538, 1),
	(402, 534, 1),
	(402, 555, 2),
	(403, 580, 3),
	(403, 604, 1),
	(403, 605, 1),
	(404, 559, 2),
	(405, 580, 1),
	(405, 551, 1),
	(405, 552, 3),
	(405, 553, 1),
	(406, 538, 2),
	(406, 549, 1),
	(407, 581, 1),
	(407, 580, 1),
	(408, 561, 1),
	(408, 556, 1),
	(408, 555, 3),
	(408, 606, 2),
	(408, 607, 1),
	(408, 608, 3),
	(409, 589, 2),
	(409, 580, 1),
	(409, 582, 1),
	(410, 545, 2),
	(410, 538, 1),
	(410, 552, 2),
	(410, 553, 2),
	(410, 609, 1),
	(412, 555, 1),
	(412, 553, 1),
	(412, 552, 1),
	(412, 551, 1),
	(412, 610, 1),
	(413, 611, 2),
	(413, 612, 2),
	(414, 613, 1),
	(415, 606, 1),
	(415, 555, 2),
	(415, 611, 2),
	(428, 632, 1),
	(429, 626, 1),
	(429, 629, 1),
	(429, 631, 2),
	(430, 615, 4),
	(430, 616, 3),
	(430, 617, 1),
	(430, 618, 6),
	(430, 619, 2),
	(432, 634, 1),
	(432, 625, 2),
	(432, 623, 1),
	(432, 622, 1),
	(431, 615, 2),
	(431, 641, 2),
	(433, 634, 1),
	(433, 630, 1),
	(433, 629, 3),
	(433, 631, 1),
	(433, 628, 1),
	(433, 642, 1),
	(434, 653, 1),
	(434, 643, 1),
	(434, 644, 1),
	(435, 616, 1),
	(435, 645, 1),
	(436, 619, 1),
	(436, 615, 1),
	(436, 616, 1),
	(436, 646, 1),
	(436, 647, 4),
	(436, 648, 4),
	(437, 645, 6),
	(437, 649, 1),
	(437, 650, 1),
	(437, 651, 1),
	(437, 652, 1),
	(421, 714, 1),
	(421, 717, 1),
	(421, 720, 1),
	(421, 721, 1),
	(421, 722, 1),
	(421, 724, 1),
	(421, 725, 4),
	(421, 727, 1),
	(422, 681, 7),
	(422, 682, 2),
	(422, 668, 1),
	(422, 669, 1),
	(422, 671, 1),
	(422, 672, 1),
	(422, 674, 6),
	(422, 675, 1),
	(17720, 670, 1),
	(17720, 669, 1),
	(17720, 668, 2),
	(17720, 727, 4),
	(17720, 725, 1),
	(17720, 724, 3),
	(17720, 722, 10),
	(17762, 837, 1),
	(17762, 835, 2),
	(17763, 832, 1),
	(17763, 831, 1),
	(17763, 830, 1),
	(426, 708, 1),
	(426, 711, 2),
	(426, 712, 1),
	(426, 713, 4),
	(426, 699, 1),
	(426, 700, 1),
	(426, 701, 2),
	(426, 702, 1),
	(426, 706, 1),
	(17774, 884, 2),
	(17774, 883, 1),
	(17774, 881, 1),
	(17774, 880, 1),
	(17774, 879, 3),
	(17774, 882, 1),
	(17773, 876, 1),
	(17773, 874, 3),
	(17773, 875, 1),
	(441, 704, 1),
	(441, 700, 1),
	(441, 702, 1),
	(441, 701, 1),
	(441, 699, 1),
	(441, 706, 1),
	(441, 721, 5),
	(441, 722, 3),
	(441, 725, 1),
	(441, 723, 1),
	(17763, 829, 1),
	(17763, 828, 1),
	(17763, 827, 1),
	(17763, 808, 2),
	(17760, 826, 1),
	(17760, 825, 1),
	(17760, 824, 1),
	(17760, 800, 2),
	(449, 645, 4),
	(449, 652, 1),
	(449, 730, 2),
	(449, 731, 1),
	(449, 732, 1),
	(457, 653, 1),
	(457, 625, 1),
	(458, 733, 2),
	(458, 734, 2),
	(458, 735, 1),
	(456, 734, 3),
	(456, 735, 3),
	(456, 733, 1),
	(456, 625, 1),
	(456, 736, 1),
	(455, 629, 1),
	(455, 645, 3),
	(455, 731, 1),
	(455, 737, 1),
	(454, 632, 2),
	(454, 738, 2),
	(454, 739, 1),
	(453, 632, 1),
	(453, 740, 1),
	(452, 737, 1),
	(452, 740, 1),
	(452, 741, 1),
	(452, 742, 1),
	(451, 645, 1),
	(451, 652, 1),
	(451, 734, 1),
	(451, 743, 1),
	(450, 619, 2),
	(450, 647, 1),
	(450, 648, 2),
	(450, 735, 1),
	(450, 744, 2),
	(450, 745, 2),
	(17760, 823, 1),
	(17760, 822, 1),
	(17760, 821, 1),
	(17759, 818, 1),
	(17759, 817, 2),
	(17759, 816, 2),
	(17759, 815, 1),
	(17759, 814, 2),
	(17756, 813, 1),
	(17756, 812, 2),
	(460, 728, 2),
	(460, 708, 2),
	(460, 713, 4),
	(460, 711, 1),
	(460, 668, 2),
	(460, 674, 2),
	(460, 673, 1),
	(460, 671, 2),
	(460, 749, 2),
	(460, 750, 1),
	(447, 706, 1),
	(447, 751, 1),
	(447, 752, 5),
	(17773, 871, 3),
	(17773, 872, 1),
	(17773, 873, 1),
	(17772, 870, 1),
	(17772, 854, 1),
	(17772, 847, 1),
	(17772, 846, 3),
	(463, 719, 2),
	(463, 746, 3),
	(463, 717, 4),
	(463, 715, 1),
	(463, 716, 1),
	(463, 720, 1),
	(463, 718, 1),
	(463, 713, 3),
	(463, 708, 1),
	(463, 711, 2),
	(17756, 811, 1),
	(17756, 810, 2),
	(17756, 809, 2),
	(17756, 808, 4),
	(17757, 807, 1),
	(17757, 806, 1),
	(17757, 805, 1),
	(17757, 804, 1),
	(468, 698, 1),
	(468, 760, 2),
	(468, 761, 1),
	(468, 762, 2),
	(468, 752, 3),
	(468, 755, 1),
	(468, 763, 1),
	(468, 764, 1),
	(466, 678, 1),
	(466, 679, 1),
	(466, 682, 4),
	(466, 681, 8),
	(466, 702, 2),
	(466, 701, 1),
	(466, 699, 1),
	(466, 700, 2),
	(466, 705, 2),
	(470, 717, 3),
	(470, 714, 2),
	(470, 746, 3),
	(470, 716, 1),
	(470, 718, 1),
	(470, 700, 2),
	(470, 706, 1),
	(471, 668, 2),
	(471, 673, 1),
	(471, 674, 1),
	(471, 722, 2),
	(471, 725, 3),
	(471, 726, 1),
	(471, 721, 2),
	(472, 682, 9),
	(472, 681, 6),
	(472, 710, 3),
	(472, 713, 1),
	(472, 728, 1),
	(472, 711, 1),
	(17771, 869, 1),
	(17771, 868, 1),
	(17771, 867, 1),
	(17771, 848, 2),
	(17770, 866, 2),
	(17770, 865, 2),
	(17770, 864, 4),
	(17769, 904, 2),
	(473, 752, 4),
	(473, 754, 1),
	(473, 670, 1),
	(473, 674, 4),
	(473, 675, 2),
	(473, 769, 5),
	(473, 770, 1),
	(473, 771, 1),
	(17703, 717, 1),
	(17703, 718, 1),
	(17703, 719, 1),
	(17703, 752, 3),
	(17703, 755, 1),
	(17703, 769, 2),
	(17703, 772, 1),
	(17702, 699, 1),
	(17702, 706, 1),
	(17702, 694, 1),
	(17702, 698, 1),
	(17702, 768, 1),
	(17702, 773, 1),
	(17702, 774, 2),
	(17702, 775, 1),
	(17769, 852, 4),
	(17769, 850, 2),
	(17769, 862, 2),
	(17769, 863, 1),
	(17769, 860, 1),
	(17769, 861, 2),
	(17700, 679, 1),
	(17700, 681, 1),
	(17700, 682, 3),
	(17700, 721, 2),
	(17700, 723, 1),
	(17700, 724, 2),
	(17700, 725, 1),
	(17700, 727, 2),
	(17700, 776, 3),
	(17757, 803, 1),
	(17757, 802, 1),
	(17758, 801, 1),
	(17758, 800, 2),
	(17758, 799, 2),
	(17758, 798, 1),
	(17758, 797, 1),
	(17768, 859, 2),
	(17768, 858, 2),
	(17768, 857, 2),
	(17768, 854, 3),
	(17768, 855, 4),
	(17768, 856, 3),
	(17767, 849, 1),
	(17767, 852, 1),
	(17767, 853, 1),
	(17767, 884, 2),
	(478, 715, 2),
	(478, 717, 5),
	(478, 719, 1),
	(478, 720, 3),
	(478, 746, 1),
	(478, 681, 3),
	(478, 682, 2),
	(478, 684, 1),
	(477, 710, 1),
	(477, 712, 2),
	(477, 713, 2),
	(477, 728, 2),
	(477, 721, 3),
	(477, 722, 1),
	(477, 723, 2),
	(477, 724, 4),
	(477, 725, 1),
	(477, 727, 3),
	(17758, 796, 3),
	(17758, 795, 1),
	(17758, 794, 1),
	(17758, 793, 2),
	(17747, 769, 2),
	(17747, 763, 1),
	(17747, 755, 4),
	(475, 668, 1),
	(475, 670, 1),
	(475, 671, 1),
	(475, 692, 2),
	(475, 760, 1),
	(17767, 885, 3),
	(17766, 848, 2),
	(17766, 847, 2),
	(17766, 846, 3),
	(17764, 845, 1),
	(17764, 824, 3),
	(17764, 825, 5),
	(17764, 796, 3),
	(17764, 799, 2),
	(17706, 721, 2),
	(17706, 722, 1),
	(17706, 723, 1),
	(17706, 724, 2),
	(17706, 725, 1),
	(17706, 767, 3),
	(17747, 753, 2),
	(17747, 752, 5),
	(17755, 760, 2),
	(17755, 706, 5),
	(17755, 700, 1),
	(17704, 668, 2),
	(17704, 669, 1),
	(17704, 671, 1),
	(17704, 699, 1),
	(17704, 701, 1),
	(17704, 702, 1),
	(17704, 773, 1),
	(17704, 779, 1),
	(17755, 783, 4),
	(17755, 784, 1),
	(17754, 792, 2),
	(17754, 760, 3),
	(17754, 746, 5),
	(17754, 717, 6),
	(17754, 714, 3),
	(17709, 693, 1),
	(17709, 694, 2),
	(17709, 696, 1),
	(17709, 698, 1),
	(17709, 760, 2),
	(17709, 761, 1),
	(17709, 767, 1),
	(17709, 775, 2),
	(17709, 713, 1),
	(17764, 818, 1),
	(17764, 817, 1),
	(17764, 816, 1),
	(17765, 844, 1),
	(17765, 843, 1),
	(17765, 842, 1),
	(17765, 829, 2),
	(17765, 827, 2),
	(17710, 681, 7),
	(17710, 684, 1),
	(17710, 776, 3),
	(17710, 751, 3),
	(17710, 752, 2),
	(17761, 840, 2),
	(17761, 839, 2),
	(17761, 806, 1),
	(17761, 807, 1),
	(17761, 801, 4),
	(17762, 838, 1),
	(17762, 836, 3),
	(17762, 803, 1),
	(17762, 834, 4),
	(17720, 672, 2),
	(17720, 673, 2),
	(17719, 751, 2),
	(17719, 752, 3),
	(17719, 753, 1),
	(17719, 754, 1),
	(17719, 755, 1),
	(17719, 758, 1),
	(17719, 763, 3),
	(17719, 764, 2),
	(17719, 769, 2),
	(17719, 680, 1),
	(17719, 681, 4),
	(17719, 682, 2),
	(17718, 714, 5),
	(17718, 719, 1),
	(17718, 760, 3),
	(17718, 780, 3),
	(17718, 781, 2),
	(17715, 714, 3),
	(17715, 717, 1),
	(17715, 720, 1),
	(17715, 746, 2),
	(17715, 668, 3),
	(17715, 672, 2),
	(17714, 752, 5),
	(17714, 753, 1),
	(17714, 769, 1),
	(17714, 724, 1),
	(17714, 725, 1),
	(17723, 682, 3),
	(17723, 776, 7),
	(17723, 700, 6),
	(17723, 706, 3),
	(17723, 782, 2),
	(17723, 783, 1),
	(17723, 784, 2),
	(17722, 752, 1),
	(17722, 763, 3),
	(17722, 764, 1),
	(17722, 769, 1),
	(17722, 697, 1),
	(17721, 710, 2),
	(17721, 668, 5),
	(17721, 669, 2),
	(17721, 670, 4),
	(17721, 671, 1),
	(17721, 674, 2),
	(17721, 749, 2),
	(17721, 785, 1),
	(17721, 786, 1),
	(17721, 787, 1),
	(17729, 668, 2),
	(17729, 671, 2),
	(17729, 674, 2),
	(17729, 675, 2),
	(17729, 784, 3),
	(17729, 783, 3),
	(17729, 699, 2),
	(17729, 700, 3),
	(17729, 706, 2),
	(17729, 788, 1),
	(17732, 722, 1),
	(17732, 723, 1),
	(17732, 725, 2),
	(17732, 727, 2),
	(17732, 694, 1),
	(17732, 695, 1),
	(17732, 760, 1),
	(17730, 755, 2),
	(17730, 764, 2),
	(17730, 769, 3),
	(17730, 714, 4),
	(17738, 710, 2),
	(17738, 713, 3),
	(17738, 752, 3),
	(17738, 754, 1),
	(17738, 755, 2),
	(17738, 763, 3),
	(17738, 764, 1),
	(17738, 769, 1),
	(17734, 722, 2),
	(17734, 725, 1),
	(17734, 726, 1),
	(17734, 752, 2),
	(17734, 769, 2),
	(17733, 783, 1),
	(17733, 700, 2),
	(17733, 706, 1),
	(17733, 710, 1),
	(17733, 728, 1),
	(17733, 787, 1),
	(17733, 789, 2),
	(17743, 721, 9),
	(17743, 722, 1),
	(17743, 724, 1),
	(17743, 708, 1),
	(17743, 710, 1),
	(17743, 713, 2),
	(17743, 786, 2),
	(17743, 790, 1),
	(17742, 668, 1),
	(17742, 672, 1),
	(17742, 751, 1),
	(17742, 752, 1),
	(17742, 758, 1),
	(17742, 763, 3),
	(17742, 769, 2),
	(17741, 714, 3),
	(17741, 720, 1),
	(17741, 784, 3),
	(17741, 699, 1),
	(17741, 791, 2),
	(17746, 668, 1),
	(17746, 669, 1),
	(17746, 670, 1),
	(17746, 672, 2),
	(17746, 673, 2),
	(17746, 714, 3),
	(17746, 717, 4),
	(17746, 720, 1),
	(17746, 791, 2),
	(17745, 696, 1),
	(17745, 697, 1),
	(17745, 698, 1),
	(17745, 760, 1),
	(17745, 668, 2),
	(17745, 669, 3),
	(17745, 670, 4),
	(17745, 672, 1),
	(17774, 878, 1),
	(17774, 877, 1),
	(17774, 885, 2),
	(17767, 850, 2),
	(17767, 851, 1),
	(17767, 886, 2),
	(17780, 853, 2),
	(17780, 849, 1),
	(17780, 876, 3),
	(17780, 872, 2),
	(17780, 873, 1),
	(17775, 829, 3),
	(17775, 812, 2),
	(17775, 887, 1),
	(17775, 888, 1),
	(17775, 889, 4),
	(17776, 799, 1),
	(17776, 796, 1),
	(17776, 825, 2),
	(17776, 800, 2),
	(17776, 834, 1),
	(17776, 836, 1),
	(17776, 835, 1),
	(17779, 801, 1),
	(17779, 814, 1),
	(17779, 891, 4),
	(17779, 892, 1),
	(17779, 893, 1),
	(17778, 832, 1),
	(17778, 808, 6),
	(17778, 809, 3),
	(17778, 810, 2),
	(17778, 806, 1),
	(17778, 895, 1),
	(17778, 896, 1),
	(17777, 808, 3),
	(17777, 895, 4),
	(17777, 832, 5),
	(17777, 810, 2),
	(17777, 816, 3),
	(17777, 897, 1),
	(17784, 839, 2),
	(17784, 891, 1),
	(17784, 835, 2),
	(17784, 802, 1),
	(17784, 838, 1),
	(17784, 898, 1),
	(17785, 899, 1),
	(17785, 814, 1),
	(17785, 796, 4),
	(17785, 800, 5),
	(17785, 825, 1),
	(17785, 824, 1),
	(17785, 900, 1),
	(17782, 829, 8),
	(17782, 889, 1),
	(17782, 827, 6),
	(17782, 823, 1),
	(17782, 807, 1),
	(17781, 817, 2),
	(17781, 897, 1),
	(17781, 816, 1),
	(17781, 902, 2),
	(17781, 903, 1),
	(17783, 810, 3),
	(17783, 832, 5),
	(17783, 895, 3),
	(17783, 808, 2),
	(17783, 814, 1),
	(17783, 893, 1),
	(17783, 843, 1),
	(17793, 898, 1),
	(17793, 803, 2),
	(17793, 838, 2),
	(17793, 827, 3),
	(17793, 829, 2),
	(17793, 889, 1),
	(17793, 842, 1),
	(17791, 816, 1),
	(17791, 817, 1),
	(17791, 841, 2),
	(17791, 793, 4),
	(17791, 891, 3),
	(17791, 839, 1),
	(17791, 840, 3),
	(17791, 801, 2),
	(17791, 905, 1),
	(17792, 800, 3),
	(17792, 825, 1),
	(17792, 799, 1),
	(17792, 810, 2),
	(17792, 808, 1),
	(17792, 832, 1),
	(17790, 844, 2),
	(17790, 814, 1),
	(17789, 809, 2),
	(17789, 808, 2),
	(17789, 810, 1),
	(17789, 793, 2),
	(17789, 801, 1),
	(17789, 840, 1),
	(17789, 839, 1),
	(17789, 908, 1),
	(17789, 909, 1),
	(17788, 803, 2),
	(17788, 835, 1),
	(17788, 802, 2),
	(17788, 834, 1),
	(17788, 838, 1),
	(17788, 910, 1),
	(17796, 816, 3),
	(17796, 910, 1),
	(17796, 827, 3),
	(17796, 842, 2),
	(17796, 829, 8),
	(17796, 912, 1),
	(17796, 913, 1),
	(17798, 802, 1),
	(17798, 809, 2),
	(17798, 808, 2),
	(17798, 895, 1),
	(17798, 914, 1),
	(17797, 825, 1),
	(17797, 820, 3),
	(17797, 824, 2),
	(17797, 797, 1),
	(17797, 800, 4),
	(17797, 799, 2),
	(17807, 871, 2),
	(17807, 876, 5),
	(17807, 872, 4),
	(17807, 915, 9),
	(17808, 880, 1),
	(17808, 879, 1),
	(17808, 886, 1),
	(17808, 884, 3),
	(17808, 882, 2),
	(17808, 885, 2),
	(17808, 860, 2),
	(17808, 916, 2),
	(17808, 917, 1),
	(17809, 857, 2),
	(17809, 918, 1),
	(17809, 919, 1),
	(17809, 920, 5),
	(17810, 920, 6),
	(17810, 864, 1),
	(17810, 921, 1),
	(17810, 922, 2),
	(17810, 923, 2),
	(17810, 924, 1),
	(17810, 925, 1),
	(17810, 926, 2),
	(17811, 869, 8),
	(17811, 927, 2),
	(17811, 928, 1),
	(17811, 929, 1),
	(17811, 930, 1),
	(17811, 931, 2),
	(17803, 887, 1),
	(17803, 890, 1),
	(17803, 842, 1),
	(17803, 793, 4),
	(17803, 891, 2),
	(17803, 932, 2),
	(17806, 811, 1),
	(17806, 911, 1),
	(17806, 793, 3),
	(17806, 801, 2),
	(17806, 839, 1),
	(17806, 840, 1),
	(17806, 933, 1),
	(17806, 934, 1),
	(17805, 796, 2),
	(17805, 827, 4),
	(17805, 829, 1),
	(17805, 935, 1),
	(17804, 816, 4),
	(17804, 845, 1),
	(17804, 805, 1),
	(17804, 806, 1),
	(17802, 892, 1),
	(17802, 834, 3),
	(17802, 802, 3),
	(17802, 836, 2),
	(17802, 803, 1),
	(17802, 835, 1),
	(17802, 838, 1),
	(17802, 914, 1),
	(17801, 806, 1),
	(17801, 896, 1),
	(17812, 811, 1),
	(17812, 802, 1),
	(17812, 834, 2),
	(17812, 898, 1),
	(17812, 838, 1),
	(17812, 835, 1),
	(17812, 914, 1),
	(17812, 937, 1),
	(17813, 832, 1),
	(17813, 809, 4),
	(17813, 895, 1),
	(17813, 810, 2),
	(17813, 831, 1),
	(17813, 808, 2),
	(17813, 823, 2),
	(17813, 939, 1),
	(17814, 865, 2),
	(17814, 868, 3),
	(17814, 941, 1),
	(17814, 942, 1),
	(17814, 943, 1),
	(17814, 944, 1),
	(17816, 944, 1),
	(17816, 931, 1),
	(17815, 854, 2),
	(17815, 856, 1),
	(17815, 945, 2),
	(17815, 946, 1),
	(17817, 872, 7),
	(17817, 873, 1),
	(17817, 874, 7),
	(17817, 875, 2),
	(17817, 947, 1),
	(17817, 948, 2),
	(17820, 914, 2),
	(17820, 836, 2),
	(17820, 835, 2),
	(17820, 802, 1),
	(17820, 838, 1),
	(17820, 834, 1),
	(17820, 805, 1),
	(17820, 806, 1),
	(17818, 816, 2),
	(17818, 845, 1),
	(17818, 843, 2),
	(17818, 949, 1),
	(17819, 895, 3),
	(17819, 808, 1),
	(17819, 810, 1),
	(17819, 809, 1),
	(17819, 831, 1),
	(17819, 812, 1),
	(17819, 813, 1),
	(17821, 814, 3),
	(17821, 899, 1),
	(17821, 844, 1),
	(17821, 914, 4),
	(17821, 835, 3),
	(17821, 834, 3),
	(17821, 838, 2),
	(17821, 802, 1),
	(17822, 909, 1),
	(17822, 841, 1),
	(17822, 839, 1),
	(17822, 891, 1),
	(17822, 932, 2),
	(17822, 800, 1),
	(17829, 864, 3),
	(17829, 868, 8),
	(17829, 943, 2),
	(17829, 867, 2),
	(17829, 944, 1),
	(17829, 950, 3),
	(17829, 951, 1),
	(17828, 931, 2),
	(17828, 869, 1),
	(17828, 930, 1),
	(17828, 920, 1),
	(17826, 846, 5),
	(17826, 847, 1),
	(17826, 857, 3),
	(17826, 941, 2),
	(17826, 942, 1),
	(17826, 952, 1),
	(17826, 953, 1),
	(17835, 952, 1),
	(17835, 847, 3),
	(17835, 944, 1),
	(17835, 943, 2),
	(17835, 867, 3),
	(17835, 868, 3),
	(17825, 874, 3),
	(17825, 954, 2),
	(17835, 846, 1),
	(17824, 876, 1),
	(17824, 872, 1),
	(17824, 877, 6),
	(17824, 955, 1),
	(17824, 956, 1),
	(17824, 957, 1),
	(17823, 876, 2),
	(17823, 872, 2),
	(17823, 884, 5),
	(17823, 886, 2),
	(17823, 879, 1),
	(17823, 885, 1),
	(17830, 897, 1),
	(17830, 834, 2),
	(17830, 802, 2),
	(17830, 838, 3),
	(17830, 835, 1),
	(17830, 959, 1),
	(17833, 827, 5),
	(17833, 829, 3),
	(17833, 889, 2),
	(17833, 888, 2),
	(17833, 824, 1),
	(17833, 935, 1),
	(17833, 800, 1),
	(17833, 825, 1),
	(17831, 827, 4),
	(17831, 889, 3),
	(17831, 890, 3),
	(17831, 829, 3),
	(17831, 814, 1),
	(17831, 844, 1),
	(17831, 843, 1),
	(17841, 884, 5),
	(17841, 886, 3),
	(17841, 885, 1),
	(17841, 915, 3),
	(17841, 860, 1),
	(17841, 960, 1),
	(17838, 829, 2),
	(17838, 827, 1),
	(17838, 889, 1),
	(17838, 895, 2),
	(17838, 808, 1),
	(17837, 814, 1),
	(17837, 813, 2),
	(17837, 812, 1),
	(17837, 962, 1),
	(17837, 963, 1),
	(17836, 910, 1),
	(17836, 805, 2),
	(17836, 826, 2),
	(17836, 806, 2),
	(17836, 807, 2),
	(17836, 896, 1),
	(17836, 823, 1),
	(17836, 964, 2),
	(17839, 811, 1),
	(17839, 896, 1),
	(17839, 826, 1),
	(17839, 823, 1),
	(17839, 806, 1),
	(17839, 805, 1),
	(17839, 939, 1),
	(17844, 891, 2),
	(17844, 801, 1),
	(17844, 793, 1),
	(17844, 839, 1),
	(17844, 909, 1),
	(17844, 966, 2),
	(17845, 967, 1),
	(17845, 941, 1),
	(17845, 968, 4),
	(17845, 854, 3),
	(0, 0, 3),
	(17845, 945, 3),
	(17846, 841, 2),
	(17846, 839, 1),
	(17846, 891, 1),
	(17846, 829, 1),
	(17846, 889, 1),
	(17848, 964, 1),
	(17848, 805, 2),
	(17848, 823, 2),
	(17848, 842, 1),
	(17848, 936, 1),
	(17848, 913, 1),
	(17848, 890, 2),
	(17848, 827, 2),
	(17848, 829, 11),
	(17847, 812, 1),
	(17847, 911, 1),
	(17847, 933, 3),
	(17847, 932, 2),
	(17847, 839, 2),
	(17847, 801, 1),
	(17847, 891, 1);
/*!40000 ALTER TABLE `league_shooter` ENABLE KEYS */;


-- Zrzut struktury tabela ral.league_tabela
CREATE TABLE IF NOT EXISTS `league_tabela` (
  `id` int(11) NOT NULL AUTO_INCREMENT,
  `team_id` int(11) DEFAULT NULL,
  `games` int(11) DEFAULT NULL,
  `won` int(11) DEFAULT NULL,
  `draw` int(11) DEFAULT NULL,
  `lost` int(11) DEFAULT NULL,
  `goals_scored` int(11) DEFAULT NULL,
  `goals_lost` int(11) DEFAULT NULL,
  `points` bigint(20) DEFAULT NULL,
  `league_id` int(11) DEFAULT NULL,
  PRIMARY KEY (`id`)
) ENGINE=MyISAM AUTO_INCREMENT=33 DEFAULT CHARSET=utf8;

-- Zrzucanie danych dla tabeli ral.league_tabela: 28 rows
DELETE FROM `league_tabela`;
/*!40000 ALTER TABLE `league_tabela` DISABLE KEYS */;
INSERT INTO `league_tabela` (`id`, `team_id`, `games`, `won`, `draw`, `lost`, `goals_scored`, `goals_lost`, `points`, `league_id`) VALUES
	(24, 149, 1, 0, 1, 0, 2, 2, 1, 23),
	(23, 145, 1, 0, 1, 0, 2, 2, 1, 23),
	(22, 147, 1, 1, 0, 0, 4, 0, 3, 23),
	(21, 143, 1, 0, 0, 1, 0, 4, 0, 23),
	(5, 123, 28, 6, 7, 15, 36, 64, 25, 21),
	(6, 122, 28, 13, 7, 8, 42, 25, 46, 21),
	(7, 121, 28, 24, 3, 1, 99, 21, 75, 21),
	(8, 120, 28, 7, 8, 13, 30, 54, 29, 21),
	(9, 131, 28, 10, 5, 13, 39, 50, 35, 21),
	(10, 134, 28, 5, 9, 14, 38, 53, 24, 21),
	(11, 128, 28, 9, 7, 12, 27, 49, 34, 21),
	(12, 126, 28, 14, 1, 13, 59, 58, 43, 21),
	(13, 127, 28, 11, 7, 10, 52, 46, 40, 21),
	(14, 124, 28, 16, 4, 8, 65, 38, 52, 21),
	(15, 135, 28, 10, 5, 13, 39, 42, 35, 21),
	(16, 129, 28, 10, 9, 9, 35, 33, 39, 21),
	(17, 132, 28, 8, 7, 13, 33, 45, 31, 21),
	(18, 130, 28, 8, 11, 9, 33, 40, 35, 21),
	(19, 125, 28, 13, 7, 8, 49, 39, 46, 21),
	(20, 133, 28, 6, 11, 11, 22, 41, 29, 21),
	(25, 148, 1, 1, 0, 0, 5, 2, 3, 23),
	(26, 153, 1, 0, 0, 1, 2, 5, 0, 23),
	(27, 152, 1, 1, 0, 0, 4, 3, 3, 23),
	(28, 154, 1, 0, 0, 1, 3, 4, 0, 23),
	(29, 146, 1, 1, 0, 0, 2, 0, 3, 23),
	(30, 144, 1, 0, 0, 1, 0, 2, 0, 23),
	(31, 155, 1, 0, 0, 1, 0, 1, 0, 23),
	(32, 150, 1, 1, 0, 0, 1, 0, 3, 23);
/*!40000 ALTER TABLE `league_tabela` ENABLE KEYS */;


-- Zrzut struktury tabela ral.league_team
CREATE TABLE IF NOT EXISTS `league_team` (
  `id` int(11) NOT NULL AUTO_INCREMENT,
  `name` varchar(255) NOT NULL,
  `slug` varchar(255) NOT NULL,
  `league_id` int(11) NOT NULL,
  `logo_id` int(11) DEFAULT NULL,
  `teamphoto_id` int(11) DEFAULT NULL,
  `my_team` tinyint(1) NOT NULL DEFAULT '0',
  PRIMARY KEY (`id`),
  KEY `league_team_league_id_league_league_id` (`league_id`)
) ENGINE=MyISAM AUTO_INCREMENT=157 DEFAULT CHARSET=utf8;

-- Zrzucanie danych dla tabeli ral.league_team: 37 rows
DELETE FROM `league_team`;
/*!40000 ALTER TABLE `league_team` DISABLE KEYS */;
INSERT INTO `league_team` (`id`, `name`, `slug`, `league_id`, `logo_id`, `teamphoto_id`, `my_team`) VALUES
	(1, 'Oldboje', 'oldboje-1', 0, NULL, NULL, 0),
	(2, 'Pyszne', 'pyszne', 0, NULL, NULL, 0),
	(140, 'Świt Krzeszowice', '', 25, NULL, NULL, 1),
	(138, 'Świt Krzeszowice', '', 27, NULL, NULL, 1),
	(142, 'Świt Krzeszowice', '', 23, 28, NULL, 1),
	(141, 'Świt Krzeszowice', '', 24, NULL, NULL, 1),
	(139, 'Świt Krzeszowice', '', 26, NULL, NULL, 1),
	(120, 'Świt Krzeszowice', '', 21, 28, 35, 1),
	(121, 'Cracovia II Kraków', '', 21, 29, NULL, 0),
	(122, 'Kalwarianka Kalwaria Zebrzydowska', '', 21, 125, NULL, 0),
	(123, 'Karpaty Siepraw', '', 21, 123, NULL, 0),
	(124, 'Orzeł Piaski Wielkie', '', 21, 121, NULL, 0),
	(125, 'Wiślanka Grabie', '', 21, 119, NULL, 0),
	(126, 'Wiślani Jaśkowice', '', 21, 117, NULL, 0),
	(127, 'Nowa Proszowianka', '', 21, 115, NULL, 0),
	(128, 'Garbarz Zembrzyce', '', 21, 113, NULL, 0),
	(129, 'Jutrzenka Giebułtów', '', 21, 111, NULL, 0),
	(130, 'Iskra Klecza Dolna', '', 21, 109, NULL, 0),
	(131, 'Spójnia Osiek', '', 21, 107, NULL, 0),
	(132, 'Halniak Maków Podhalański', '', 21, 105, NULL, 0),
	(133, 'Niwa Nowa Wieś', '', 21, 99, 97, 0),
	(134, 'Jałowiec Stryszawa', '', 21, 103, NULL, 0),
	(135, 'Górnik Libiąż', '', 21, 101, NULL, 0),
	(143, 'Lotnik', '', 23, NULL, NULL, 0),
	(144, 'Złomex Branice', '', 23, NULL, NULL, 0),
	(145, 'Tęcza Piekary', '', 23, NULL, NULL, 0),
	(146, 'Kaszowianka Kaszów', '', 23, NULL, NULL, 0),
	(147, 'Kmita Zabierzów', '', 23, NULL, NULL, 0),
	(148, 'Dalin Myślenice', '', 23, NULL, NULL, 0),
	(149, 'Nadwiślan Kraków', '', 23, 185, NULL, 0),
	(150, 'Clepardia Kraków', '', 23, NULL, NULL, 0),
	(151, 'Piast Wołowice', '', 23, NULL, NULL, 0),
	(152, 'Prokocim Kraków', '', 23, NULL, NULL, 0),
	(153, 'Podgórze Kraków', '', 23, NULL, NULL, 0),
	(154, 'Garbarnia II Kraków', '', 23, NULL, NULL, 0),
	(155, 'Borek Kraków', '', 23, NULL, NULL, 0),
	(156, 'Świt Krzeszowice', '', 22, NULL, NULL, 1);
/*!40000 ALTER TABLE `league_team` ENABLE KEYS */;


-- Zrzut struktury tabela ral.liga
CREATE TABLE IF NOT EXISTS `liga` (
  `id` int(11) NOT NULL AUTO_INCREMENT,
  `name` char(50) NOT NULL,
  `slug` char(50) DEFAULT NULL,
  `active` tinyint(1) NOT NULL DEFAULT '1',
  PRIMARY KEY (`id`)
) ENGINE=InnoDB AUTO_INCREMENT=16 DEFAULT CHARSET=utf8;

-- Zrzucanie danych dla tabeli ral.liga: ~15 rows (około)
DELETE FROM `liga`;
/*!40000 ALTER TABLE `liga` DISABLE KEYS */;
INSERT INTO `liga` (`id`, `name`, `slug`, `active`) VALUES
	(1, '1lh_1112', 'futsal-1liga-1112', 0),
	(2, '1lh_1213', 'futsal-1liga-1213', 0),
	(3, '2lh_1112', 'futsal-2liga-1112', 0),
	(4, 'mlodziez2', 'futsal-u98-1112', 0),
	(5, 'mlodziez_1213', 'futsal-u96-1112', 0),
	(6, 'orlik', 'orlik-12', 0),
	(7, 'orlik_13', 'orlik-13', 1),
	(8, 'orliku96_13', 'orlik-u96-13', 0),
	(9, 'orliku98_13', 'orlik-u98-13', 1),
	(10, 'Młodzieżowa Liga Futsalu U96', 'futsal-u96-1213', 1),
	(11, 'Młodzieżowa Liga Futsalu U98', 'futsal-u98-1213', 1),
	(12, 'Kaprin Futsal League', 'kaprin-futsal-league', 1),
	(13, 'Regionalna Liga Futsalu Dziewcząt', 'regionalna-liga-futsalu-dziewczat', 1),
	(14, 'Orlik 14', 'orlik-14', 1),
	(15, 'Orlik U98 14', 'orlik-u98-14', 1);
/*!40000 ALTER TABLE `liga` ENABLE KEYS */;


-- Zrzut struktury tabela ral.market_bid
CREATE TABLE IF NOT EXISTS `market_bid` (
  `id` int(11) NOT NULL AUTO_INCREMENT,
  `offer_id` int(11) DEFAULT NULL,
  `value` bigint(20) DEFAULT NULL,
  `team_id` bigint(20) DEFAULT NULL,
  `active` tinyint(1) NOT NULL DEFAULT '1',
  `user_ip` varchar(50) DEFAULT NULL,
  `created_at` datetime NOT NULL,
  `updated_at` datetime NOT NULL,
  `deleted_at` datetime DEFAULT NULL,
  PRIMARY KEY (`id`),
  KEY `market_bid_team_id_team_team_id` (`team_id`),
  KEY `market_bid_offer_id_market_offer_id` (`offer_id`)
) ENGINE=MyISAM AUTO_INCREMENT=45 DEFAULT CHARSET=utf8;

-- Zrzucanie danych dla tabeli ral.market_bid: 38 rows
DELETE FROM `market_bid`;
/*!40000 ALTER TABLE `market_bid` DISABLE KEYS */;
INSERT INTO `market_bid` (`id`, `offer_id`, `value`, `team_id`, `active`, `user_ip`, `created_at`, `updated_at`, `deleted_at`) VALUES
	(8, 3, 55, 7, 1, '85.232.234.195', '2015-08-28 12:22:53', '2015-08-28 12:22:53', NULL),
	(7, 2, 50, 5, 1, '178.37.106.142', '2015-08-28 11:40:18', '2015-08-28 11:40:18', NULL),
	(6, 3, 50, 5, 1, '178.37.106.142', '2015-08-28 11:39:42', '2015-08-28 11:39:42', NULL),
	(9, 3, 60, 4, 1, '130.255.153.104', '2015-08-28 15:53:05', '2015-08-28 15:53:05', NULL),
	(10, 3, 100, 5, 1, '178.37.111.154', '2015-08-28 16:24:05', '2015-08-28 16:24:05', NULL),
	(11, 3, 110, 15, 1, '89.64.27.143', '2015-08-28 20:15:11', '2015-08-28 20:15:11', NULL),
	(12, 1, 10, 15, 1, '89.64.27.143', '2015-08-28 20:15:51', '2015-08-28 20:15:51', NULL),
	(13, 2, 55, 15, 1, '89.64.27.143', '2015-08-28 20:21:18', '2015-08-28 20:21:18', NULL),
	(14, 3, 5000, 3, 1, '83.26.232.64', '2015-08-28 20:47:56', '2015-08-28 20:47:56', NULL),
	(15, 3, 5001, 5, 1, '89.73.144.8', '2015-08-28 21:12:08', '2015-08-28 21:12:08', NULL),
	(16, 2, 60, 5, 1, '89.73.144.8', '2015-08-28 21:12:39', '2015-08-28 21:12:39', NULL),
	(17, 2, 2500, 3, 1, '83.26.232.64', '2015-08-28 21:37:53', '2015-08-28 21:37:53', NULL),
	(18, 1, 1000, 3, 1, '83.26.232.64', '2015-08-28 21:38:04', '2015-08-28 21:38:04', NULL),
	(19, 3, 7500, 3, 1, '83.26.232.64', '2015-08-28 21:38:35', '2015-08-28 21:38:35', NULL),
	(20, 3, 7501, 9, 1, '83.20.99.20', '2015-08-28 22:04:57', '2015-08-28 22:04:57', NULL),
	(21, 3, 8000, 3, 1, '83.26.232.64', '2015-08-28 22:21:35', '2015-08-28 22:21:35', NULL),
	(22, 3, 8001, 5, 1, '89.73.144.8', '2015-08-29 09:33:43', '2015-08-29 09:33:43', NULL),
	(23, 2, 2750, 5, 1, '89.73.144.8', '2015-08-29 09:34:17', '2015-08-29 09:34:17', NULL),
	(24, 3, 9000, 3, 1, '83.26.232.64', '2015-08-29 15:31:47', '2015-08-29 15:31:47', NULL),
	(25, 3, 9001, 9, 1, '79.184.8.111', '2015-08-29 19:38:31', '2015-08-29 19:38:31', NULL),
	(27, 3, 9002, 5, 1, '89.73.144.8', '2015-08-29 22:03:21', '2015-08-29 22:03:21', NULL),
	(28, 3, 9003, 3, 1, '83.5.242.236', '2015-08-29 22:37:20', '2015-08-29 22:37:20', NULL),
	(29, 4, 10000, 23, 1, '188.191.200.105', '2015-08-31 10:47:07', '2015-08-31 10:47:07', NULL),
	(30, 8, 23000, 23, 1, '188.191.200.105', '2015-08-31 10:47:37', '2015-08-31 10:47:37', NULL),
	(31, 6, 10800, 23, 1, '188.191.200.105', '2015-08-31 10:48:38', '2015-08-31 10:48:38', NULL),
	(32, 10, 2, 3, 1, '83.27.8.106', '2015-08-31 11:30:47', '2015-08-31 11:30:47', NULL),
	(33, 7, 1, 3, 1, '83.27.8.106', '2015-08-31 11:30:57', '2015-08-31 11:30:57', NULL),
	(34, 9, 1, 3, 1, '83.27.8.106', '2015-08-31 11:31:10', '2015-08-31 11:31:10', NULL),
	(35, 12, 10, 23, 1, '188.191.200.105', '2015-09-01 09:38:12', '2015-09-01 09:38:12', NULL),
	(36, 7, 2, 33, 1, '188.191.200.105', '2015-09-01 09:59:56', '2015-09-01 09:59:56', NULL),
	(37, 7, 22, 3, 1, '94.254.144.183', '2015-09-01 15:14:34', '2015-09-01 15:14:34', NULL),
	(38, 10, 3, 9, 1, '83.21.87.14', '2015-09-01 17:39:56', '2015-09-01 17:39:56', NULL),
	(39, 12, 50, 15, 1, '89.64.27.143', '2015-09-01 22:40:10', '2015-09-01 22:40:10', NULL),
	(40, 13, 100, 15, 1, '89.64.27.143', '2015-09-01 22:40:34', '2015-09-01 22:40:34', NULL),
	(41, 10, 20, 15, 1, '89.64.27.143', '2015-09-01 22:46:34', '2015-09-01 22:46:34', NULL),
	(42, 10, 22, 3, 1, '94.254.145.66', '2015-09-02 22:18:35', '2015-09-02 22:18:35', NULL),
	(43, 12, 59, 4, 1, '130.255.153.104', '2015-09-03 19:25:05', '2015-09-03 19:25:05', NULL),
	(44, 12, 100, 15, 1, '89.64.27.143', '2015-09-03 22:34:03', '2015-09-03 22:34:03', NULL);
/*!40000 ALTER TABLE `market_bid` ENABLE KEYS */;


-- Zrzut struktury tabela ral.market_car_bid
CREATE TABLE IF NOT EXISTS `market_car_bid` (
  `id` int(11) NOT NULL AUTO_INCREMENT,
  `offer_id` int(11) DEFAULT NULL,
  `value` bigint(20) DEFAULT NULL,
  `team_id` bigint(20) DEFAULT NULL,
  `active` tinyint(1) NOT NULL DEFAULT '1',
  `user_ip` varchar(255) DEFAULT NULL,
  `created_at` datetime NOT NULL,
  `updated_at` datetime NOT NULL,
  `deleted_at` datetime DEFAULT NULL,
  PRIMARY KEY (`id`),
  KEY `offer_id_idx` (`offer_id`),
  KEY `market_car_bid_team_id_team_team_id` (`team_id`)
) ENGINE=MyISAM AUTO_INCREMENT=27 DEFAULT CHARSET=utf8;

-- Zrzucanie danych dla tabeli ral.market_car_bid: 26 rows
DELETE FROM `market_car_bid`;
/*!40000 ALTER TABLE `market_car_bid` DISABLE KEYS */;
INSERT INTO `market_car_bid` (`id`, `offer_id`, `value`, `team_id`, `active`, `user_ip`, `created_at`, `updated_at`, `deleted_at`) VALUES
	(1, 1, 20000, 9, 1, '83.25.84.220', '2015-08-27 14:35:16', '2015-08-27 14:35:16', NULL),
	(2, 2, 0, 9, 1, '83.25.84.220', '2015-08-27 14:48:12', '2015-08-27 14:48:12', NULL),
	(3, 2, 1000, 3, 1, '83.7.89.37', '2015-08-27 16:06:48', '2015-08-27 16:06:48', NULL),
	(4, 2, 1100, 5, 1, '178.37.106.142', '2015-08-27 19:54:14', '2015-08-27 19:54:14', NULL),
	(5, 2, 1111, 3, 1, '83.7.14.249', '2015-08-27 21:12:51', '2015-08-27 21:12:51', NULL),
	(6, 2, 1112, 5, 1, '178.37.106.142', '2015-08-28 09:05:49', '2015-08-28 09:05:49', NULL),
	(7, 2, 3000, 3, 1, '83.7.14.249', '2015-08-28 09:53:53', '2015-08-28 09:53:53', NULL),
	(8, 2, 3001, 5, 1, '178.37.106.142', '2015-08-28 11:40:38', '2015-08-28 11:40:38', NULL),
	(9, 3, 50, 5, 1, '178.37.106.142', '2015-08-28 11:41:03', '2015-08-28 11:41:03', NULL),
	(10, 3, 55, 7, 1, '85.232.234.195', '2015-08-28 12:23:40', '2015-08-28 12:23:40', NULL),
	(11, 3, 60, 4, 1, '130.255.153.104', '2015-08-28 15:50:07', '2015-08-28 15:50:07', NULL),
	(12, 4, 100, 4, 1, '130.255.153.104', '2015-08-28 15:50:32', '2015-08-28 15:50:32', NULL),
	(13, 3, 300, 5, 1, '178.37.111.154', '2015-08-28 16:25:30', '2015-08-28 16:25:30', NULL),
	(14, 3, 310, 6, 1, '83.233.36.20', '2015-08-28 17:34:42', '2015-08-28 17:34:42', NULL),
	(15, 3, 341, 7, 1, '83.6.163.53', '2015-08-28 18:14:58', '2015-08-28 18:14:58', NULL),
	(16, 4, 110, 15, 1, '89.64.27.143', '2015-08-28 20:19:46', '2015-08-28 20:19:46', NULL),
	(17, 3, 1000, 5, 1, '89.73.144.8', '2015-08-28 21:12:59', '2015-08-28 21:12:59', NULL),
	(18, 4, 111, 9, 1, '83.20.99.20', '2015-08-28 22:04:02', '2015-08-28 22:04:02', NULL),
	(19, 4, 122, 3, 1, '83.26.232.64', '2015-08-28 22:21:56', '2015-08-28 22:21:56', NULL),
	(20, 3, 1100, 3, 1, '83.26.232.64', '2015-08-28 22:22:15', '2015-08-28 22:22:15', NULL),
	(21, 3, 1200, 5, 1, '89.73.144.8', '2015-08-29 09:33:16', '2015-08-29 09:33:16', NULL),
	(22, 5, 100, 4, 1, '83.26.129.80', '2015-08-31 14:24:22', '2015-08-31 14:24:22', NULL),
	(23, 6, 501, 6, 1, '89.65.138.199', '2015-09-04 19:27:26', '2015-09-04 19:27:26', NULL),
	(24, 6, 560, 12, 1, '89.65.138.199', '2015-09-04 19:29:32', '2015-09-04 19:29:32', NULL),
	(25, 6, 616, 14, 1, '89.65.138.199', '2015-09-04 19:29:57', '2015-09-04 19:29:57', NULL),
	(26, 6, 682, 6, 1, '89.65.138.199', '2015-09-04 19:30:45', '2015-09-04 19:30:45', NULL);
/*!40000 ALTER TABLE `market_car_bid` ENABLE KEYS */;


-- Zrzut struktury tabela ral.market_car_dealer
CREATE TABLE IF NOT EXISTS `market_car_dealer` (
  `id` int(11) NOT NULL AUTO_INCREMENT,
  `team_id` int(11) DEFAULT NULL,
  `car_id` int(11) DEFAULT NULL,
  `created_at` datetime NOT NULL,
  `updated_at` datetime NOT NULL,
  `deleted_at` datetime DEFAULT NULL,
  PRIMARY KEY (`id`)
) ENGINE=MyISAM DEFAULT CHARSET=utf8;

-- Zrzucanie danych dla tabeli ral.market_car_dealer: 0 rows
DELETE FROM `market_car_dealer`;
/*!40000 ALTER TABLE `market_car_dealer` DISABLE KEYS */;
/*!40000 ALTER TABLE `market_car_dealer` ENABLE KEYS */;


-- Zrzut struktury tabela ral.market_car_duplicate
CREATE TABLE IF NOT EXISTS `market_car_duplicate` (
  `id` int(11) NOT NULL AUTO_INCREMENT,
  `offer_id` int(11) DEFAULT NULL,
  `bid_id` int(11) DEFAULT NULL,
  `solved` tinyint(1) DEFAULT '0',
  `created_at` datetime NOT NULL,
  `updated_at` datetime NOT NULL,
  `deleted_at` datetime DEFAULT NULL,
  PRIMARY KEY (`id`),
  KEY `market_car_duplicate_offer_id_market_car_offer_id` (`offer_id`),
  KEY `market_car_duplicate_bid_id_market_car_bid_id` (`bid_id`)
) ENGINE=MyISAM DEFAULT CHARSET=utf8;

-- Zrzucanie danych dla tabeli ral.market_car_duplicate: 0 rows
DELETE FROM `market_car_duplicate`;
/*!40000 ALTER TABLE `market_car_duplicate` DISABLE KEYS */;
/*!40000 ALTER TABLE `market_car_duplicate` ENABLE KEYS */;


-- Zrzut struktury tabela ral.market_car_offer
CREATE TABLE IF NOT EXISTS `market_car_offer` (
  `id` int(11) NOT NULL AUTO_INCREMENT,
  `car_id` int(11) DEFAULT NULL,
  `team_id` int(11) DEFAULT NULL,
  `start_date` datetime DEFAULT NULL,
  `finish_date` datetime DEFAULT NULL,
  `asking_price` bigint(20) DEFAULT NULL,
  `highest_bid` bigint(20) DEFAULT NULL,
  `active` tinyint(1) NOT NULL DEFAULT '1',
  `car_moved` tinyint(1) NOT NULL DEFAULT '0',
  `canceled` tinyint(1) NOT NULL DEFAULT '0',
  `notified` tinyint(1) NOT NULL DEFAULT '0',
  `user_ip` varchar(255) DEFAULT NULL,
  `created_at` datetime NOT NULL,
  `updated_at` datetime NOT NULL,
  `deleted_at` datetime DEFAULT NULL,
  PRIMARY KEY (`id`),
  KEY `market_car_offer_car_id_car_car_id` (`car_id`)
) ENGINE=MyISAM AUTO_INCREMENT=7 DEFAULT CHARSET=utf8;

-- Zrzucanie danych dla tabeli ral.market_car_offer: 6 rows
DELETE FROM `market_car_offer`;
/*!40000 ALTER TABLE `market_car_offer` DISABLE KEYS */;
INSERT INTO `market_car_offer` (`id`, `car_id`, `team_id`, `start_date`, `finish_date`, `asking_price`, `highest_bid`, `active`, `car_moved`, `canceled`, `notified`, `user_ip`, `created_at`, `updated_at`, `deleted_at`) VALUES
	(1, 18, 10, '2015-08-27 11:36:17', '2015-08-30 11:36:17', 20000, 20000, 1, 1, 0, 0, NULL, '2015-08-27 11:36:17', '2015-08-31 02:20:01', NULL),
	(2, 19, 17, '2015-08-27 14:46:03', '2015-08-28 14:46:03', 0, 3001, 1, 1, 0, 0, NULL, '2015-08-27 14:46:03', '2015-08-29 02:20:01', NULL),
	(3, 22, 2, '2015-08-28 10:33:59', '2015-08-29 10:33:59', 1, 1200, 1, 1, 0, 0, NULL, '2015-08-28 10:33:59', '2015-08-30 02:20:01', NULL),
	(4, 23, 2, '2015-08-28 10:35:12', '2015-08-29 10:35:12', 1, 122, 1, 1, 0, 0, NULL, '2015-08-28 10:35:12', '2015-08-30 02:20:01', NULL),
	(5, 26, 20, '2015-08-31 10:46:17', '2015-09-03 10:46:17', 100, 100, 1, 1, 0, 1, NULL, '2015-08-31 10:46:17', '2015-09-04 02:20:06', NULL),
	(6, 10, 2, '2015-09-04 13:51:07', '2015-09-07 14:03:07', 500, 682, 1, 0, 0, 0, NULL, '2015-09-04 13:51:07', '2015-09-04 19:30:45', NULL);
/*!40000 ALTER TABLE `market_car_offer` ENABLE KEYS */;


-- Zrzut struktury tabela ral.market_offer
CREATE TABLE IF NOT EXISTS `market_offer` (
  `id` int(11) NOT NULL AUTO_INCREMENT,
  `people_id` int(11) DEFAULT NULL,
  `team_id` int(11) DEFAULT NULL,
  `start_date` datetime DEFAULT NULL,
  `finish_date` datetime DEFAULT NULL,
  `asking_price` bigint(20) DEFAULT NULL,
  `highest_bid` bigint(20) DEFAULT NULL,
  `active` tinyint(1) NOT NULL DEFAULT '1',
  `player_moved` tinyint(1) NOT NULL DEFAULT '0',
  `canceled` tinyint(1) NOT NULL DEFAULT '0',
  `notified` tinyint(1) NOT NULL DEFAULT '0',
  `user_ip` varchar(50) DEFAULT NULL,
  `created_at` datetime NOT NULL,
  `updated_at` datetime NOT NULL,
  `deleted_at` datetime DEFAULT NULL,
  PRIMARY KEY (`id`),
  KEY `market_offer_people_id_people_people_id` (`people_id`)
) ENGINE=MyISAM AUTO_INCREMENT=15 DEFAULT CHARSET=utf8;

-- Zrzucanie danych dla tabeli ral.market_offer: 13 rows
DELETE FROM `market_offer`;
/*!40000 ALTER TABLE `market_offer` DISABLE KEYS */;
INSERT INTO `market_offer` (`id`, `people_id`, `team_id`, `start_date`, `finish_date`, `asking_price`, `highest_bid`, `active`, `player_moved`, `canceled`, `notified`, `user_ip`, `created_at`, `updated_at`, `deleted_at`) VALUES
	(1, 42, 2, '2015-08-28 10:33:16', '2015-08-29 10:33:16', 1, 1000, 1, 1, 0, 1, '213.120.103.175', '2015-08-28 10:33:16', '2015-09-01 12:05:01', NULL),
	(2, 43, 2, '2015-08-28 10:33:24', '2015-08-29 10:33:24', 2, 2750, 1, 1, 0, 1, '213.120.103.175', '2015-08-28 10:33:24', '2015-09-01 12:05:01', NULL),
	(3, 44, 2, '2015-08-28 10:33:35', '2015-08-30 10:33:35', 5, 9003, 1, 1, 0, 1, '213.120.103.175', '2015-08-28 10:33:35', '2015-09-01 12:05:01', NULL),
	(4, 46, 5, '2015-08-28 16:27:57', '2015-08-31 16:27:57', 10000, 10000, 1, 1, 0, 1, '178.37.111.154', '2015-08-28 16:27:58', '2015-09-01 12:05:01', NULL),
	(6, 49, 3, '2015-08-30 14:43:30', '2015-09-02 14:43:30', 10500, 10800, 1, 1, 0, 1, '83.27.8.106', '2015-08-30 14:43:30', '2015-09-03 00:20:01', NULL),
	(7, 20, 10, '2015-08-31 10:10:16', '2015-09-03 10:13:16', 1, 22, 1, 1, 0, 1, '188.191.200.105', '2015-08-31 10:10:16', '2015-09-04 02:20:06', NULL),
	(8, 54, 20, '2015-08-31 10:41:51', '2015-09-03 10:41:51', 23000, 23000, 1, 1, 0, 1, '188.191.200.105', '2015-08-31 10:41:51', '2015-09-04 02:20:06', NULL),
	(9, 55, 20, '2015-08-31 10:44:41', '2015-09-03 10:44:41', 1, 1, 1, 1, 0, 1, '188.191.200.105', '2015-08-31 10:44:41', '2015-09-04 02:20:06', NULL),
	(10, 19, 10, '2015-08-31 11:06:11', '2015-09-03 11:15:11', 1, 22, 1, 1, 0, 1, '188.191.200.105', '2015-08-31 11:06:11', '2015-09-04 02:20:06', NULL),
	(11, 42, 3, '2015-08-31 11:30:00', '2015-09-03 11:30:00', 10000, 0, 1, 1, 0, 1, '83.27.8.106', '2015-08-31 11:30:00', '2015-09-04 02:20:06', NULL),
	(12, 82, 34, '2015-09-01 09:37:22', '2015-09-04 09:46:22', 1, 100, 1, 1, 0, 1, '188.191.200.105', '2015-09-01 09:37:22', '2015-09-05 02:20:01', NULL),
	(13, 81, 33, '2015-09-01 10:06:33', '2015-09-04 10:09:33', 100, 100, 1, 1, 0, 1, '188.191.200.105', '2015-09-01 10:06:33', '2015-09-05 02:20:01', NULL),
	(14, 3, 2, '2015-09-06 21:22:30', '2015-09-09 21:22:30', 500, 0, 1, 0, 0, 0, '::1', '2015-09-06 21:22:30', '2015-09-06 21:22:30', NULL);
/*!40000 ALTER TABLE `market_offer` ENABLE KEYS */;


-- Zrzut struktury tabela ral.market_people_duplicate
CREATE TABLE IF NOT EXISTS `market_people_duplicate` (
  `id` int(11) NOT NULL AUTO_INCREMENT,
  `offer_id` int(11) DEFAULT NULL,
  `bid_id` int(11) DEFAULT NULL,
  `solved` tinyint(1) DEFAULT '0',
  `created_at` datetime NOT NULL,
  `updated_at` datetime NOT NULL,
  `deleted_at` datetime DEFAULT NULL,
  PRIMARY KEY (`id`),
  KEY `market_people_duplicate_offer_id_market_offer_id` (`offer_id`),
  KEY `market_people_duplicate_bid_id_market_bid_id` (`bid_id`)
) ENGINE=MyISAM AUTO_INCREMENT=15 DEFAULT CHARSET=utf8;

-- Zrzucanie danych dla tabeli ral.market_people_duplicate: 14 rows
DELETE FROM `market_people_duplicate`;
/*!40000 ALTER TABLE `market_people_duplicate` DISABLE KEYS */;
INSERT INTO `market_people_duplicate` (`id`, `offer_id`, `bid_id`, `solved`, `created_at`, `updated_at`, `deleted_at`) VALUES
	(1, 3, 15, 0, '2015-08-28 21:12:08', '2015-08-28 21:12:08', NULL),
	(2, 2, 16, 0, '2015-08-28 21:12:39', '2015-08-28 21:12:39', NULL),
	(3, 3, 22, 0, '2015-08-29 09:33:43', '2015-08-29 09:33:43', NULL),
	(4, 2, 23, 0, '2015-08-29 09:34:17', '2015-08-29 09:34:17', NULL),
	(5, 3, 24, 0, '2015-08-29 15:31:47', '2015-08-29 15:31:47', NULL),
	(6, 3, 27, 0, '2015-08-29 22:03:21', '2015-08-29 22:03:21', NULL),
	(7, 4, 29, 0, '2015-08-31 10:47:07', '2015-08-31 10:47:07', NULL),
	(8, 8, 30, 0, '2015-08-31 10:47:37', '2015-08-31 10:47:37', NULL),
	(9, 6, 31, 0, '2015-08-31 10:48:38', '2015-08-31 10:48:38', NULL),
	(10, 10, 32, 0, '2015-08-31 11:30:47', '2015-08-31 11:30:47', NULL),
	(11, 7, 33, 0, '2015-08-31 11:30:57', '2015-08-31 11:30:57', NULL),
	(12, 9, 34, 0, '2015-08-31 11:31:10', '2015-08-31 11:31:10', NULL),
	(13, 7, 36, 0, '2015-09-01 09:59:56', '2015-09-01 09:59:56', NULL),
	(14, 10, 42, 0, '2015-09-02 22:18:35', '2015-09-02 22:18:35', NULL);
/*!40000 ALTER TABLE `market_people_duplicate` ENABLE KEYS */;


-- Zrzut struktury tabela ral.media_attachment
CREATE TABLE IF NOT EXISTS `media_attachment` (
  `id` int(11) NOT NULL AUTO_INCREMENT,
  `filename` varchar(255) DEFAULT NULL,
  `extension` varchar(255) DEFAULT NULL,
  `offset` varchar(128) DEFAULT NULL,
  `root_id` bigint(20) DEFAULT NULL,
  `lft` int(11) DEFAULT NULL,
  `rgt` int(11) DEFAULT NULL,
  `level` smallint(6) DEFAULT NULL,
  PRIMARY KEY (`id`)
) ENGINE=InnoDB AUTO_INCREMENT=7 DEFAULT CHARSET=utf8;

-- Zrzucanie danych dla tabeli ral.media_attachment: ~6 rows (około)
DELETE FROM `media_attachment`;
/*!40000 ALTER TABLE `media_attachment` DISABLE KEYS */;
INSERT INTO `media_attachment` (`id`, `filename`, `extension`, `offset`, `root_id`, `lft`, `rgt`, `level`) VALUES
	(1, 'banner1_se.png', 'png', NULL, NULL, NULL, NULL, NULL),
	(2, 'complex-szkola-jezykow.jpg', 'jpg', NULL, NULL, NULL, NULL, NULL),
	(3, 'rimix.png', 'png', NULL, NULL, NULL, NULL, NULL),
	(4, 'dormed.png', 'png', NULL, NULL, NULL, NULL, NULL),
	(5, 'kpid-krzeszowice.jpg', 'jpg', NULL, NULL, NULL, NULL, NULL),
	(6, 'zsp-krzeszowice.jpg', 'jpg', NULL, NULL, NULL, NULL, NULL);
/*!40000 ALTER TABLE `media_attachment` ENABLE KEYS */;


-- Zrzut struktury tabela ral.media_attachment_translation
CREATE TABLE IF NOT EXISTS `media_attachment_translation` (
  `id` int(11) NOT NULL DEFAULT '0',
  `title` varchar(255) DEFAULT NULL,
  `slug` varchar(255) DEFAULT NULL,
  `description` longtext,
  `lang` char(2) NOT NULL DEFAULT '',
  PRIMARY KEY (`id`,`lang`),
  CONSTRAINT `media_attachment_translation_id_media_attachment_id` FOREIGN KEY (`id`) REFERENCES `media_attachment` (`id`) ON DELETE CASCADE ON UPDATE CASCADE,
  CONSTRAINT `media_attachment_translation_id_media_attachment_id_1` FOREIGN KEY (`id`) REFERENCES `media_attachment` (`id`)
) ENGINE=InnoDB DEFAULT CHARSET=utf8;

-- Zrzucanie danych dla tabeli ral.media_attachment_translation: ~6 rows (około)
DELETE FROM `media_attachment_translation`;
/*!40000 ALTER TABLE `media_attachment_translation` DISABLE KEYS */;
INSERT INTO `media_attachment_translation` (`id`, `title`, `slug`, `description`, `lang`) VALUES
	(1, 'banner1_se', 'banner1_se', NULL, 'pl'),
	(2, 'dscn1018', 'dscn1018', NULL, 'pl'),
	(3, 'rimix', 'rimix', NULL, 'pl'),
	(4, 'dormed', 'dormed', NULL, 'pl'),
	(5, 'kpid-krzeszowice', 'kpid-krzeszowice', NULL, 'pl'),
	(6, 'zsp-krzeszowice', 'zsp-krzeszowice', NULL, 'pl');
/*!40000 ALTER TABLE `media_attachment_translation` ENABLE KEYS */;


-- Zrzut struktury tabela ral.media_photo
CREATE TABLE IF NOT EXISTS `media_photo` (
  `id` int(11) NOT NULL AUTO_INCREMENT,
  `offset` varchar(128) DEFAULT NULL,
  `filename` varchar(255) DEFAULT NULL,
  `title` varchar(255) DEFAULT NULL,
  `crop_data` text,
  `root_id` bigint(20) DEFAULT NULL,
  `lft` int(11) DEFAULT NULL,
  `rgt` int(11) DEFAULT NULL,
  `level` smallint(6) DEFAULT NULL,
  PRIMARY KEY (`id`)
) ENGINE=InnoDB AUTO_INCREMENT=186 DEFAULT CHARSET=utf8;

-- Zrzucanie danych dla tabeli ral.media_photo: ~121 rows (około)
DELETE FROM `media_photo`;
/*!40000 ALTER TABLE `media_photo` DISABLE KEYS */;
INSERT INTO `media_photo` (`id`, `offset`, `filename`, `title`, `crop_data`, `root_id`, `lft`, `rgt`, `level`) VALUES
	(1, '155366583', 'big-lion-hd-wallpaper.jpg', 'Big-Lion-hd-wallpaper', NULL, 1, 1, 2, 0),
	(2, '155366583', 'uks_jedynka_complex2.jpg', 'uks_jedynka_complex2', NULL, 2, 1, 2, 0),
	(4, '155366583', 'scaffold-14253_640.jpg', 'scaffold-14253_640', NULL, 4, 1, 2, 0),
	(9, NULL, NULL, NULL, NULL, 9, 1, 2, 0),
	(10, NULL, NULL, NULL, NULL, 10, 1, 2, 0),
	(11, NULL, NULL, NULL, NULL, 11, 1, 2, 0),
	(12, NULL, NULL, NULL, NULL, 12, 1, 8, 0),
	(13, '3496277946', 'dsc01735.jpg', 'DSC01735', NULL, 12, 6, 7, 1),
	(14, '3496277946', 'imgp7268.jpg', 'imgp7268', NULL, 12, 4, 5, 1),
	(15, '3496277946', 'uks_jedynka_logo_2_male.png', 'uks_jedynka_logo_2_male', NULL, 12, 2, 3, 1),
	(16, NULL, NULL, NULL, NULL, 16, 1, 6, 0),
	(19, NULL, NULL, NULL, NULL, 19, 1, 4, 0),
	(22, '3496277946', 'big-lion-hd-wallpaper.jpg', 'Big-Lion-hd-wallpaper', NULL, 19, 2, 3, 1),
	(23, '3496277946', 'dsc01735-1.jpg', 'DSC01735', NULL, 16, 4, 5, 1),
	(24, '3496277946', 'imgp7268-1.jpg', 'imgp7268', NULL, 16, 2, 3, 1),
	(25, NULL, NULL, NULL, NULL, 25, 1, 2, 0),
	(26, NULL, NULL, NULL, NULL, 26, 1, 2, 0),
	(28, '15000', 'swit.png', 'swit', NULL, 28, 1, 2, 0),
	(29, '15000', 'cracovia.png', 'cracovia', NULL, 29, 1, 2, 0),
	(30, '15000', 'beskid.jpg', 'beskid', NULL, 30, 1, 2, 0),
	(31, '15000', 'chlipala.jpg', 'chlipala', NULL, 31, 1, 2, 0),
	(32, '15000', 'gawecki.jpg', 'gawecki', NULL, 32, 1, 2, 0),
	(33, '15000', 'wrobel.jpg', 'wrobel', NULL, 33, 1, 2, 0),
	(34, '15000', 'chlipala2.jpg', 'chlipala', NULL, 34, 1, 2, 0),
	(35, '15000', 'swit-team.jpg', 'Swit Krzeszowice', NULL, 35, 1, 2, 0),
	(36, '15000', 'lipniak.jpg', 'Alfred Lipniak', NULL, 36, 1, 4, 0),
	(37, '15000', 'stadion.jpg', 'Stadion', NULL, 36, 2, 3, 1),
	(38, NULL, NULL, NULL, NULL, 38, 1, 8, 0),
	(40, '3577000100', 'dsc01735.jpg', 'DSC01735', NULL, 38, 2, 3, 1),
	(41, '3577000100', 'img_1881.jpg', 'IMG_1881', NULL, 38, 4, 5, 1),
	(42, '3577000100', 'img_1884.jpg', 'IMG_1884', NULL, 38, 6, 7, 1),
	(49, NULL, NULL, NULL, NULL, 49, 1, 2, 0),
	(50, '3577000100', 'img_1882.jpg', 'IMG_1882', NULL, 50, 1, 2, 0),
	(51, '3577000100', 'dsc01735-5.jpg', 'DSC01735', NULL, 51, 1, 2, 0),
	(53, NULL, NULL, NULL, NULL, 53, 1, 2, 0),
	(54, '3577000100', 'img_1896.jpg', 'IMG_1896', NULL, 54, 1, 2, 0),
	(55, '3577000100', 'img_1884-1.jpg', 'IMG_1884', NULL, 55, 1, 2, 0),
	(57, NULL, NULL, NULL, NULL, 57, 1, 2, 0),
	(59, NULL, NULL, NULL, NULL, 59, 1, 2, 0),
	(61, NULL, NULL, NULL, NULL, 61, 1, 2, 0),
	(63, NULL, NULL, NULL, NULL, 63, 1, 2, 0),
	(65, NULL, NULL, NULL, NULL, 65, 1, 2, 0),
	(67, NULL, NULL, NULL, NULL, 67, 1, 2, 0),
	(69, NULL, NULL, NULL, NULL, 69, 1, 2, 0),
	(71, NULL, NULL, NULL, NULL, 71, 1, 2, 0),
	(73, NULL, NULL, NULL, NULL, 73, 1, 2, 0),
	(75, NULL, NULL, NULL, NULL, 75, 1, 2, 0),
	(77, NULL, NULL, NULL, NULL, 77, 1, 2, 0),
	(79, NULL, NULL, NULL, NULL, 79, 1, 2, 0),
	(81, NULL, NULL, NULL, NULL, 81, 1, 2, 0),
	(83, NULL, NULL, NULL, NULL, 83, 1, 2, 0),
	(85, NULL, NULL, NULL, NULL, 85, 1, 2, 0),
	(87, NULL, NULL, NULL, NULL, 87, 1, 2, 0),
	(88, '3577000100', 'dsc01735-6.jpg', 'DSC01735', NULL, 88, 1, 2, 0),
	(90, NULL, NULL, NULL, NULL, 90, 1, 2, 0),
	(92, NULL, NULL, NULL, NULL, 92, 1, 2, 0),
	(94, NULL, NULL, NULL, NULL, 94, 1, 2, 0),
	(96, NULL, NULL, NULL, NULL, 96, 1, 2, 0),
	(98, NULL, NULL, NULL, NULL, 98, 1, 2, 0),
	(99, '3577000100', 'niwa_nowawies.png', 'niwa_nowawies', NULL, 99, 1, 2, 0),
	(100, NULL, NULL, NULL, NULL, 100, 1, 2, 0),
	(101, '3577000100', 'libiaz.png', 'libiaz', NULL, 101, 1, 2, 0),
	(102, NULL, NULL, NULL, NULL, 102, 1, 2, 0),
	(103, '3577000100', 'jalowiec-stryszawa.png', 'jalowiec-stryszawa', NULL, 103, 1, 2, 0),
	(104, NULL, NULL, NULL, NULL, 104, 1, 2, 0),
	(105, '3577000100', 'halniak.png', 'halniak', NULL, 105, 1, 2, 0),
	(106, NULL, NULL, NULL, NULL, 106, 1, 2, 0),
	(107, '3577000100', 'spojnia.png', 'spojnia', NULL, 107, 1, 2, 0),
	(108, NULL, NULL, NULL, NULL, 108, 1, 2, 0),
	(109, '3577000100', 'klecza.png', 'klecza', NULL, 109, 1, 2, 0),
	(110, NULL, NULL, NULL, NULL, 110, 1, 2, 0),
	(111, '3577000100', 'jutrzenka-giebultow.png', 'jutrzenka-giebultow', NULL, 111, 1, 2, 0),
	(112, NULL, NULL, NULL, NULL, 112, 1, 2, 0),
	(113, '3577000100', 'garbarz.png', 'garbarz', NULL, 113, 1, 2, 0),
	(114, NULL, NULL, NULL, NULL, 114, 1, 2, 0),
	(115, '3577000100', 'nowa-proszowianka.png', 'nowa-proszowianka', NULL, 115, 1, 2, 0),
	(116, NULL, NULL, NULL, NULL, 116, 1, 2, 0),
	(117, '3577000100', 'wislanie-jaskowice.png', 'wislanie-jaskowice', NULL, 117, 1, 2, 0),
	(118, NULL, NULL, NULL, NULL, 118, 1, 2, 0),
	(119, '3577000100', 'wislanka-grabie.png', 'wislanka-grabie', NULL, 119, 1, 2, 0),
	(120, NULL, NULL, NULL, NULL, 120, 1, 2, 0),
	(121, '3577000100', 'orzel-piaski-wielkie.png', 'orzel-piaski-wielkie', NULL, 121, 1, 2, 0),
	(122, '3577000100', 'karpaty-siepraw.jpg', 'karpaty-siepraw', NULL, 122, 1, 2, 0),
	(123, '3577000100', 'karpaty-siepraw.png', 'karpaty-siepraw', NULL, 123, 1, 2, 0),
	(124, NULL, NULL, NULL, NULL, 124, 1, 2, 0),
	(125, '3577000100', 'kalwarianka.png', 'kalwarianka', NULL, 125, 1, 2, 0),
	(126, '3577000100', 'dsc01735-7.jpg', 'DSC01735', NULL, 126, 1, 2, 0),
	(128, NULL, NULL, NULL, NULL, 128, 1, 2, 0),
	(130, NULL, NULL, NULL, NULL, 130, 1, 2, 0),
	(132, NULL, NULL, NULL, NULL, 132, 1, 44, 0),
	(154, '3577000100', 'swit_krzeszowice_archiwum_1.jpg', 'swit_krzeszowice_archiwum_1', NULL, 132, 42, 43, 1),
	(155, '3577000100', 'swit_krzeszowice_archiwum_10.jpg', 'swit_krzeszowice_archiwum_10', NULL, 132, 40, 41, 1),
	(156, '3577000100', 'swit_krzeszowice_archiwum_11.jpg', 'swit_krzeszowice_archiwum_11', NULL, 132, 38, 39, 1),
	(157, '3577000100', 'swit_krzeszowice_archiwum_12.jpg', 'swit_krzeszowice_archiwum_12', NULL, 132, 36, 37, 1),
	(158, '3577000100', 'swit_krzeszowice_archiwum_13.jpg', 'swit_krzeszowice_archiwum_13', NULL, 132, 34, 35, 1),
	(159, '3577000100', 'swit_krzeszowice_archiwum_14.jpg', 'swit_krzeszowice_archiwum_14', NULL, 132, 32, 33, 1),
	(160, '3577000100', 'swit_krzeszowice_archiwum_15.jpg', 'swit_krzeszowice_archiwum_15', NULL, 132, 30, 31, 1),
	(161, '3577000100', 'swit_krzeszowice_archiwum_16.jpg', 'swit_krzeszowice_archiwum_16', NULL, 132, 28, 29, 1),
	(162, '3577000100', 'swit_krzeszowice_archiwum_17.jpg', 'swit_krzeszowice_archiwum_17', NULL, 132, 26, 27, 1),
	(163, '3577000100', 'swit_krzeszowice_archiwum_18.jpg', 'swit_krzeszowice_archiwum_18', NULL, 132, 24, 25, 1),
	(164, '3577000100', 'swit_krzeszowice_archiwum_19.jpg', 'swit_krzeszowice_archiwum_19', NULL, 132, 22, 23, 1),
	(165, '3577000100', 'swit_krzeszowice_archiwum_2.jpg', 'swit_krzeszowice_archiwum_2', NULL, 132, 20, 21, 1),
	(166, '3577000100', 'swit_krzeszowice_archiwum_20.jpg', 'swit_krzeszowice_archiwum_20', NULL, 132, 18, 19, 1),
	(167, '3577000100', 'swit_krzeszowice_archiwum_21.jpg', 'swit_krzeszowice_archiwum_21', NULL, 132, 16, 17, 1),
	(168, '3577000100', 'swit_krzeszowice_archiwum_3.jpg', 'swit_krzeszowice_archiwum_3', NULL, 132, 14, 15, 1),
	(169, '3577000100', 'swit_krzeszowice_archiwum_4.jpg', 'swit_krzeszowice_archiwum_4', NULL, 132, 12, 13, 1),
	(170, '3577000100', 'swit_krzeszowice_archiwum_5.jpg', 'swit_krzeszowice_archiwum_5', NULL, 132, 10, 11, 1),
	(171, '3577000100', 'swit_krzeszowice_archiwum_6.jpg', 'swit_krzeszowice_archiwum_6', NULL, 132, 8, 9, 1),
	(172, '3577000100', 'swit_krzeszowice_archiwum_7.jpg', 'swit_krzeszowice_archiwum_7', NULL, 132, 6, 7, 1),
	(173, '3577000100', 'swit_krzeszowice_archiwum_8.jpg', 'swit_krzeszowice_archiwum_8', NULL, 132, 4, 5, 1),
	(174, '3577000100', 'swit_krzeszowice_archiwum_9.jpg', 'swit_krzeszowice_archiwum_9', NULL, 132, 2, 3, 1),
	(175, NULL, NULL, NULL, NULL, 175, 1, 2, 0),
	(176, NULL, NULL, NULL, NULL, 176, 1, 2, 0),
	(177, NULL, NULL, NULL, NULL, 177, 1, 2, 0),
	(178, NULL, NULL, NULL, NULL, 178, 1, 2, 0),
	(179, NULL, NULL, NULL, NULL, 179, 1, 2, 0),
	(180, NULL, NULL, NULL, NULL, 180, 1, 2, 0),
	(181, '112360853', 'wit-zdjecie-1.jpg', 'wit zdjęcie', NULL, 181, 1, 6, 0),
	(183, '112360853', 'swit-zdjecie-1.jpg', 'swit zdjęcie 1', NULL, 181, 4, 5, 1),
	(184, '112360853', 'wit-zdjecie.jpg', 'wit zdjęcie', NULL, 181, 2, 3, 1),
	(185, '3577000100', 'nadwislan.png', 'nadwislan-krakow', NULL, 185, 1, 2, 0);
/*!40000 ALTER TABLE `media_photo` ENABLE KEYS */;


-- Zrzut struktury tabela ral.media_video
CREATE TABLE IF NOT EXISTS `media_video` (
  `id` int(11) NOT NULL AUTO_INCREMENT,
  `offset` varchar(128) DEFAULT NULL,
  `filename` varchar(255) DEFAULT NULL,
  `title` varchar(255) DEFAULT NULL,
  `lft` int(11) DEFAULT NULL,
  `rgt` int(11) DEFAULT NULL,
  `level` smallint(6) DEFAULT NULL,
  PRIMARY KEY (`id`)
) ENGINE=InnoDB DEFAULT CHARSET=utf8;

-- Zrzucanie danych dla tabeli ral.media_video: ~0 rows (około)
DELETE FROM `media_video`;
/*!40000 ALTER TABLE `media_video` DISABLE KEYS */;
/*!40000 ALTER TABLE `media_video` ENABLE KEYS */;


-- Zrzut struktury tabela ral.media_video_url
CREATE TABLE IF NOT EXISTS `media_video_url` (
  `id` int(11) NOT NULL AUTO_INCREMENT,
  `url` varchar(255) DEFAULT NULL,
  `extension` varchar(255) DEFAULT NULL,
  `ad_id` int(11) DEFAULT NULL,
  `root_id` bigint(20) DEFAULT NULL,
  `lft` int(11) DEFAULT NULL,
  `rgt` int(11) DEFAULT NULL,
  `level` smallint(6) DEFAULT NULL,
  PRIMARY KEY (`id`)
) ENGINE=InnoDB AUTO_INCREMENT=9 DEFAULT CHARSET=utf8;

-- Zrzucanie danych dla tabeli ral.media_video_url: ~5 rows (około)
DELETE FROM `media_video_url`;
/*!40000 ALTER TABLE `media_video_url` DISABLE KEYS */;
INSERT INTO `media_video_url` (`id`, `url`, `extension`, `ad_id`, `root_id`, `lft`, `rgt`, `level`) VALUES
	(2, NULL, NULL, NULL, 2, 1, 2, 0),
	(3, NULL, NULL, NULL, 3, 1, 2, 0),
	(4, 'https://www.youtube.com/embed/8XFBUM8dMqw', NULL, NULL, 4, 1, 2, 0),
	(7, 'https://www.youtube.com/embed/j3BslT97fR4', NULL, NULL, 7, 1, 2, 0),
	(8, 'https://www.youtube.com/embed/j3BslT97fR4', NULL, NULL, 8, 1, 2, 0);
/*!40000 ALTER TABLE `media_video_url` ENABLE KEYS */;


-- Zrzut struktury tabela ral.media_video_url_translation
CREATE TABLE IF NOT EXISTS `media_video_url_translation` (
  `id` int(11) NOT NULL DEFAULT '0',
  `title` varchar(255) DEFAULT NULL,
  `slug` varchar(255) DEFAULT NULL,
  `description` longtext,
  `lang` char(2) NOT NULL DEFAULT '',
  PRIMARY KEY (`id`,`lang`),
  CONSTRAINT `media_video_url_translation_id_media_video_url_id` FOREIGN KEY (`id`) REFERENCES `media_video_url` (`id`) ON DELETE CASCADE ON UPDATE CASCADE,
  CONSTRAINT `media_video_url_translation_id_media_video_url_id_1` FOREIGN KEY (`id`) REFERENCES `media_video_url` (`id`)
) ENGINE=InnoDB DEFAULT CHARSET=utf8;

-- Zrzucanie danych dla tabeli ral.media_video_url_translation: ~5 rows (około)
DELETE FROM `media_video_url_translation`;
/*!40000 ALTER TABLE `media_video_url_translation` DISABLE KEYS */;
INSERT INTO `media_video_url_translation` (`id`, `title`, `slug`, `description`, `lang`) VALUES
	(2, NULL, NULL, NULL, 'pl'),
	(3, NULL, NULL, NULL, 'pl'),
	(4, 'Testowy film', NULL, '<p>Lorem ipsum&nbsp;<span>Lorem ipsum&nbsp;<span>Lorem ipsum</span></span></p>', 'pl'),
	(7, 'Testowy film 2', NULL, '<p>Opis testowego flmu 2</p>', 'pl'),
	(8, 'Testowy film 2', NULL, '<p>Opis testowego flmu 2</p>', 'pl');
/*!40000 ALTER TABLE `media_video_url_translation` ENABLE KEYS */;


-- Zrzut struktury tabela ral.menu_footer
CREATE TABLE IF NOT EXISTS `menu_footer` (
  `id` int(11) NOT NULL AUTO_INCREMENT,
  `name` varchar(255) DEFAULT NULL,
  `root_id` int(11) DEFAULT NULL,
  `location` varchar(255) DEFAULT NULL,
  PRIMARY KEY (`id`),
  KEY `root_id_idx` (`root_id`)
) ENGINE=MyISAM AUTO_INCREMENT=3 DEFAULT CHARSET=utf8;

-- Zrzucanie danych dla tabeli ral.menu_footer: 1 rows
DELETE FROM `menu_footer`;
/*!40000 ALTER TABLE `menu_footer` DISABLE KEYS */;
INSERT INTO `menu_footer` (`id`, `name`, `root_id`, `location`) VALUES
	(1, 'Footer', 21, 'top_menu');
/*!40000 ALTER TABLE `menu_footer` ENABLE KEYS */;


-- Zrzut struktury tabela ral.menu_footer_item
CREATE TABLE IF NOT EXISTS `menu_footer_item` (
  `id` int(11) NOT NULL AUTO_INCREMENT,
  `target_type` varchar(128) DEFAULT NULL,
  `route` varchar(255) DEFAULT NULL,
  `target_id` varchar(128) DEFAULT NULL,
  `menu_id` int(11) DEFAULT NULL,
  `custom_url` varchar(255) DEFAULT NULL,
  `unique_id` varchar(128) DEFAULT NULL,
  `css_class` varchar(128) DEFAULT NULL,
  `photo_root_id` int(11) DEFAULT NULL,
  `root_id` bigint(20) DEFAULT NULL,
  `lft` int(11) DEFAULT NULL,
  `rgt` int(11) DEFAULT NULL,
  `level` smallint(6) DEFAULT NULL,
  PRIMARY KEY (`id`),
  KEY `menu_id_idx` (`menu_id`)
) ENGINE=MyISAM AUTO_INCREMENT=22 DEFAULT CHARSET=utf8;

-- Zrzucanie danych dla tabeli ral.menu_footer_item: 1 rows
DELETE FROM `menu_footer_item`;
/*!40000 ALTER TABLE `menu_footer_item` DISABLE KEYS */;
INSERT INTO `menu_footer_item` (`id`, `target_type`, `route`, `target_id`, `menu_id`, `custom_url`, `unique_id`, `css_class`, `photo_root_id`, `root_id`, `lft`, `rgt`, `level`) VALUES
	(21, NULL, NULL, NULL, 1, NULL, NULL, NULL, NULL, 21, 1, 2, 0);
/*!40000 ALTER TABLE `menu_footer_item` ENABLE KEYS */;


-- Zrzut struktury tabela ral.menu_footer_item_translation
CREATE TABLE IF NOT EXISTS `menu_footer_item_translation` (
  `id` int(11) NOT NULL DEFAULT '0',
  `target_href` varchar(255) DEFAULT NULL,
  `title` varchar(255) DEFAULT NULL,
  `title_attr` varchar(255) DEFAULT NULL,
  `slug` varchar(255) DEFAULT NULL,
  `lang` char(2) NOT NULL DEFAULT '',
  PRIMARY KEY (`id`,`lang`)
) ENGINE=MyISAM DEFAULT CHARSET=utf8;

-- Zrzucanie danych dla tabeli ral.menu_footer_item_translation: 40 rows
DELETE FROM `menu_footer_item_translation`;
/*!40000 ALTER TABLE `menu_footer_item_translation` DISABLE KEYS */;
INSERT INTO `menu_footer_item_translation` (`id`, `target_href`, `title`, `title_attr`, `slug`, `lang`) VALUES
	(2, NULL, 'Footer', NULL, 'footer', 'pl'),
	(2, NULL, 'Footer', NULL, 'footer', 'en'),
	(3, NULL, 'Informacje', NULL, 'informacje', 'pl'),
	(3, NULL, 'Informacje', NULL, 'informacje', 'en'),
	(4, NULL, 'Wymiana,Reklamacje,Zwroty', NULL, 'wymiana-reklamacje-zwroty', 'pl'),
	(4, NULL, 'Wymiana,Reklamacje,Zwroty', NULL, 'wymiana-reklamacje-zwroty', 'en'),
	(5, NULL, 'Dostawa', NULL, 'dostawa', 'pl'),
	(5, NULL, 'Dostawa', NULL, 'dostawa', 'en'),
	(6, NULL, 'Dostawa', NULL, 'dostawa', 'pl'),
	(6, NULL, 'Dostawa', NULL, 'dostawa', 'en'),
	(7, NULL, 'Dostawa', NULL, 'dostawa', 'pl'),
	(7, NULL, 'Dostawa', NULL, 'dostawa', 'en'),
	(8, NULL, 'Dostępność towarów', NULL, 'dostepnosc-towarow', 'pl'),
	(8, NULL, 'Dostępność towarów', NULL, 'dostepnosc-towarow', 'en'),
	(9, NULL, 'Płatności', NULL, 'platnosci', 'pl'),
	(9, NULL, 'Płatności', NULL, 'platnosci', 'en'),
	(10, NULL, 'Regulamin', NULL, 'regulamin', 'pl'),
	(10, NULL, 'Regulamin', NULL, 'regulamin', 'en'),
	(11, NULL, 'Polityka Cookies', NULL, 'polityka-cookies', 'pl'),
	(11, NULL, 'Polityka Cookies', NULL, 'polityka-cookies', 'en'),
	(1, NULL, '', '', '', 'pl'),
	(1, NULL, '', '', '', 'en'),
	(12, NULL, 'Twoje konto', '', 'your-account', 'pl'),
	(12, NULL, 'Your account', '', 'your-account', 'en'),
	(13, NULL, 'Logowanie do konta', NULL, 'logowanie-do-konta', 'pl'),
	(13, NULL, 'Logowanie do konta', NULL, 'logowanie-do-konta', 'en'),
	(14, NULL, 'Zarejestuj się', NULL, 'zarejestuj-sie', 'pl'),
	(14, NULL, 'Zarejestuj się', NULL, 'zarejestuj-sie', 'en'),
	(15, NULL, 'Status zamówienia', NULL, 'status-zamowienia', 'pl'),
	(15, NULL, 'Status zamówienia', NULL, 'status-zamowienia', 'en'),
	(16, NULL, 'O firmie', NULL, 'o-firmie', 'pl'),
	(16, NULL, 'O firmie', NULL, 'o-firmie', 'en'),
	(17, NULL, 'Aktualności', NULL, 'aktualnosci', 'pl'),
	(17, NULL, 'Aktualności', NULL, 'aktualnosci', 'en'),
	(18, NULL, 'Co nas wyróżnia', NULL, 'co-nas-wyroznia', 'pl'),
	(18, NULL, 'Co nas wyróżnia', NULL, 'co-nas-wyroznia', 'en'),
	(19, NULL, 'Sprzedaż hurtowa', NULL, 'sprzedaz-hurtowa', 'pl'),
	(19, NULL, 'Sprzedaż hurtowa', NULL, 'sprzedaz-hurtowa', 'en'),
	(20, NULL, 'Kontakt', '', 'kontakt', 'pl'),
	(20, NULL, 'Kontakt', '', 'kontakt', 'en');
/*!40000 ALTER TABLE `menu_footer_item_translation` ENABLE KEYS */;


-- Zrzut struktury tabela ral.menu_menu
CREATE TABLE IF NOT EXISTS `menu_menu` (
  `id` int(11) NOT NULL AUTO_INCREMENT,
  `name` varchar(255) DEFAULT NULL,
  `root_id` int(11) DEFAULT NULL,
  `location` varchar(255) DEFAULT NULL,
  PRIMARY KEY (`id`)
) ENGINE=MyISAM AUTO_INCREMENT=7 DEFAULT CHARSET=utf8;

-- Zrzucanie danych dla tabeli ral.menu_menu: 6 rows
DELETE FROM `menu_menu`;
/*!40000 ALTER TABLE `menu_menu` DISABLE KEYS */;
INSERT INTO `menu_menu` (`id`, `name`, `root_id`, `location`) VALUES
	(1, 'Seniorzy', 86, NULL),
	(2, 'Juniorzy starsi', 99, NULL),
	(3, 'Juniorzy młodsi', 111, NULL),
	(4, 'Trampkarze', 123, NULL),
	(5, 'Młodzicy', 135, NULL),
	(6, 'Orliki', 147, NULL);
/*!40000 ALTER TABLE `menu_menu` ENABLE KEYS */;


-- Zrzut struktury tabela ral.menu_menu_item
CREATE TABLE IF NOT EXISTS `menu_menu_item` (
  `id` int(11) NOT NULL AUTO_INCREMENT,
  `target_type` varchar(128) DEFAULT NULL,
  `route` varchar(255) DEFAULT NULL,
  `target_id` varchar(128) DEFAULT NULL,
  `menu_id` int(11) DEFAULT NULL,
  `custom_url` varchar(255) DEFAULT NULL,
  `unique_id` varchar(128) DEFAULT NULL,
  `css_class` varchar(128) DEFAULT NULL,
  `photo_root_id` int(11) DEFAULT NULL,
  `root_id` bigint(20) DEFAULT NULL,
  `lft` int(11) DEFAULT NULL,
  `rgt` int(11) DEFAULT NULL,
  `level` smallint(6) DEFAULT NULL,
  PRIMARY KEY (`id`),
  KEY `menu_id_idx` (`menu_id`)
) ENGINE=MyISAM AUTO_INCREMENT=166 DEFAULT CHARSET=utf8;

-- Zrzucanie danych dla tabeli ral.menu_menu_item: 78 rows
DELETE FROM `menu_menu_item`;
/*!40000 ALTER TABLE `menu_menu_item` DISABLE KEYS */;
INSERT INTO `menu_menu_item` (`id`, `target_type`, `route`, `target_id`, `menu_id`, `custom_url`, `unique_id`, `css_class`, `photo_root_id`, `root_id`, `lft`, `rgt`, `level`) VALUES
	(86, NULL, NULL, NULL, 1, NULL, NULL, NULL, NULL, 86, 1, 24, 0),
	(91, NULL, 'domain-o-klubie', NULL, 1, NULL, NULL, NULL, NULL, 86, 6, 7, 1),
	(88, NULL, 'domain-i18n:homepage', NULL, 1, NULL, NULL, NULL, NULL, 86, 2, 3, 1),
	(89, NULL, 'domain-zespol', NULL, 1, NULL, NULL, NULL, NULL, 86, 4, 5, 1),
	(92, NULL, 'domain-contact', NULL, 1, NULL, NULL, NULL, NULL, 86, 22, 23, 1),
	(93, NULL, 'domain-gallery-list', NULL, 1, NULL, NULL, NULL, NULL, 86, 8, 9, 1),
	(94, NULL, NULL, NULL, 1, NULL, NULL, NULL, NULL, 86, 10, 21, 1),
	(95, NULL, NULL, NULL, 1, NULL, NULL, NULL, NULL, 86, 11, 12, 2),
	(96, NULL, NULL, NULL, 1, NULL, NULL, NULL, NULL, 86, 13, 14, 2),
	(97, NULL, NULL, NULL, 1, NULL, NULL, NULL, NULL, 86, 15, 16, 2),
	(98, NULL, NULL, NULL, 1, NULL, NULL, NULL, NULL, 86, 17, 18, 2),
	(99, NULL, NULL, NULL, 2, NULL, NULL, NULL, NULL, 99, 1, 26, 0),
	(100, NULL, 'domain-i18n:homepage', NULL, 2, NULL, NULL, NULL, NULL, 99, 2, 3, 1),
	(101, NULL, 'domain-zespol', NULL, 2, NULL, NULL, NULL, NULL, 99, 4, 5, 1),
	(102, NULL, 'domain-o-klubie', NULL, 2, NULL, NULL, NULL, NULL, 99, 6, 7, 1),
	(103, NULL, 'domain-contact', NULL, 2, NULL, NULL, NULL, NULL, 99, 24, 25, 1),
	(104, NULL, 'domain-gallery-list', NULL, 2, NULL, NULL, NULL, NULL, 99, 8, 9, 1),
	(105, NULL, NULL, NULL, 2, NULL, NULL, NULL, NULL, 99, 12, 23, 1),
	(106, NULL, NULL, NULL, 2, NULL, NULL, NULL, NULL, 99, 13, 14, 2),
	(107, NULL, NULL, NULL, 2, NULL, NULL, NULL, NULL, 99, 15, 16, 2),
	(108, NULL, NULL, NULL, 2, NULL, NULL, NULL, NULL, 99, 17, 18, 2),
	(109, NULL, NULL, NULL, 2, NULL, NULL, NULL, NULL, 99, 19, 20, 2),
	(110, NULL, 'domain-seniorzy', NULL, 2, NULL, NULL, NULL, NULL, 99, 10, 11, 1),
	(111, NULL, NULL, NULL, 3, NULL, NULL, NULL, NULL, 111, 1, 26, 0),
	(112, NULL, 'domain-i18n:homepage', NULL, 3, NULL, NULL, NULL, NULL, 111, 2, 3, 1),
	(113, NULL, 'domain-zespol', NULL, 3, NULL, NULL, NULL, NULL, 111, 4, 5, 1),
	(114, NULL, 'domain-o-klubie', NULL, 3, NULL, NULL, NULL, NULL, 111, 6, 7, 1),
	(115, NULL, 'domain-contact', NULL, 3, NULL, NULL, NULL, NULL, 111, 24, 25, 1),
	(116, NULL, 'domain-gallery-list', NULL, 3, NULL, NULL, NULL, NULL, 111, 8, 9, 1),
	(117, NULL, NULL, NULL, 3, NULL, NULL, NULL, NULL, 111, 12, 23, 1),
	(118, NULL, NULL, NULL, 3, NULL, NULL, NULL, NULL, 111, 13, 14, 2),
	(119, NULL, NULL, NULL, 3, NULL, NULL, NULL, NULL, 111, 15, 16, 2),
	(120, NULL, NULL, NULL, 3, NULL, NULL, NULL, NULL, 111, 17, 18, 2),
	(121, NULL, NULL, NULL, 3, NULL, NULL, NULL, NULL, 111, 19, 20, 2),
	(122, NULL, 'domain-seniorzy', NULL, 3, NULL, NULL, NULL, NULL, 111, 10, 11, 1),
	(123, NULL, NULL, NULL, 4, NULL, NULL, NULL, NULL, 123, 1, 26, 0),
	(124, NULL, 'domain-i18n:homepage', NULL, 4, NULL, NULL, NULL, NULL, 123, 2, 3, 1),
	(125, NULL, 'domain-zespol', NULL, 4, NULL, NULL, NULL, NULL, 123, 4, 5, 1),
	(126, NULL, 'domain-o-klubie', NULL, 4, NULL, NULL, NULL, NULL, 123, 6, 7, 1),
	(127, NULL, 'domain-contact', NULL, 4, NULL, NULL, NULL, NULL, 123, 24, 25, 1),
	(128, NULL, 'domain-gallery-list', NULL, 4, NULL, NULL, NULL, NULL, 123, 8, 9, 1),
	(129, NULL, NULL, NULL, 4, NULL, NULL, NULL, NULL, 123, 12, 23, 1),
	(130, NULL, NULL, NULL, 4, NULL, NULL, NULL, NULL, 123, 13, 14, 2),
	(131, NULL, NULL, NULL, 4, NULL, NULL, NULL, NULL, 123, 15, 16, 2),
	(132, NULL, NULL, NULL, 4, NULL, NULL, NULL, NULL, 123, 17, 18, 2),
	(133, NULL, NULL, NULL, 4, NULL, NULL, NULL, NULL, 123, 19, 20, 2),
	(134, NULL, 'domain-seniorzy', NULL, 4, NULL, NULL, NULL, NULL, 123, 10, 11, 1),
	(135, NULL, NULL, NULL, 5, NULL, NULL, NULL, NULL, 135, 1, 26, 0),
	(136, NULL, 'domain-i18n:homepage', NULL, 5, NULL, NULL, NULL, NULL, 135, 2, 3, 1),
	(137, NULL, 'domain-zespol', NULL, 5, NULL, NULL, NULL, NULL, 135, 4, 5, 1),
	(138, NULL, 'domain-o-klubie', NULL, 5, NULL, NULL, NULL, NULL, 135, 6, 7, 1),
	(139, NULL, 'domain-contact', NULL, 5, NULL, NULL, NULL, NULL, 135, 24, 25, 1),
	(140, NULL, 'domain-gallery-list', NULL, 5, NULL, NULL, NULL, NULL, 135, 8, 9, 1),
	(141, NULL, NULL, NULL, 5, NULL, NULL, NULL, NULL, 135, 12, 23, 1),
	(142, NULL, NULL, NULL, 5, NULL, NULL, NULL, NULL, 135, 13, 14, 2),
	(143, NULL, NULL, NULL, 5, NULL, NULL, NULL, NULL, 135, 15, 16, 2),
	(144, NULL, NULL, NULL, 5, NULL, NULL, NULL, NULL, 135, 17, 18, 2),
	(145, NULL, NULL, NULL, 5, NULL, NULL, NULL, NULL, 135, 19, 20, 2),
	(146, NULL, 'domain-seniorzy', NULL, 5, NULL, NULL, NULL, NULL, 135, 10, 11, 1),
	(147, NULL, NULL, NULL, 6, NULL, NULL, NULL, NULL, 147, 1, 26, 0),
	(148, NULL, 'domain-i18n:homepage', NULL, 6, NULL, NULL, NULL, NULL, 147, 2, 3, 1),
	(149, NULL, 'domain-zespol', NULL, 6, NULL, NULL, NULL, NULL, 147, 4, 5, 1),
	(150, NULL, 'domain-o-klubie', NULL, 6, NULL, NULL, NULL, NULL, 147, 6, 7, 1),
	(151, NULL, 'domain-contact', NULL, 6, NULL, NULL, NULL, NULL, 147, 24, 25, 1),
	(152, NULL, 'domain-gallery-list', NULL, 6, NULL, NULL, NULL, NULL, 147, 8, 9, 1),
	(153, NULL, NULL, NULL, 6, NULL, NULL, NULL, NULL, 147, 12, 23, 1),
	(154, NULL, NULL, NULL, 6, NULL, NULL, NULL, NULL, 147, 13, 14, 2),
	(155, NULL, NULL, NULL, 6, NULL, NULL, NULL, NULL, 147, 15, 16, 2),
	(156, NULL, NULL, NULL, 6, NULL, NULL, NULL, NULL, 147, 17, 18, 2),
	(157, NULL, NULL, NULL, 6, NULL, NULL, NULL, NULL, 147, 19, 20, 2),
	(158, NULL, 'domain-seniorzy', NULL, 6, NULL, NULL, NULL, NULL, 147, 10, 11, 1),
	(159, NULL, NULL, NULL, 6, NULL, NULL, NULL, NULL, 147, 21, 22, 2),
	(160, NULL, NULL, NULL, 5, NULL, NULL, NULL, NULL, 135, 21, 22, 2),
	(161, NULL, NULL, NULL, 4, NULL, NULL, NULL, NULL, NULL, NULL, NULL, NULL),
	(162, NULL, NULL, NULL, 4, NULL, NULL, NULL, NULL, 123, 21, 22, 2),
	(163, NULL, NULL, NULL, 3, NULL, NULL, NULL, NULL, 111, 21, 22, 2),
	(164, NULL, NULL, NULL, 2, NULL, NULL, NULL, NULL, 99, 21, 22, 2),
	(165, NULL, NULL, NULL, 1, NULL, NULL, NULL, NULL, 86, 19, 20, 2);
/*!40000 ALTER TABLE `menu_menu_item` ENABLE KEYS */;


-- Zrzut struktury tabela ral.menu_menu_item_translation
CREATE TABLE IF NOT EXISTS `menu_menu_item_translation` (
  `id` int(11) NOT NULL AUTO_INCREMENT,
  `target_href` varchar(255) DEFAULT NULL,
  `title` varchar(255) DEFAULT NULL,
  `title_attr` varchar(255) DEFAULT NULL,
  `slug` varchar(255) DEFAULT NULL,
  `lang` char(2) NOT NULL DEFAULT '',
  PRIMARY KEY (`id`,`lang`)
) ENGINE=MyISAM AUTO_INCREMENT=1401112 DEFAULT CHARSET=utf8;

-- Zrzucanie danych dla tabeli ral.menu_menu_item_translation: 76 rows
DELETE FROM `menu_menu_item_translation`;
/*!40000 ALTER TABLE `menu_menu_item_translation` DISABLE KEYS */;
INSERT INTO `menu_menu_item_translation` (`id`, `target_href`, `title`, `title_attr`, `slug`, `lang`) VALUES
	(92, NULL, 'Kontakt', 'Napisz do nas', 'kontakt', 'pl'),
	(89, NULL, 'Zespół', 'Dowiedz się więcej', 'zespol', 'pl'),
	(88, NULL, 'Strona główna', 'Strona główna', 'strona-glowna', 'pl'),
	(91, NULL, 'O klubie', 'Dołącz do nas', 'o-klubie', 'pl'),
	(93, NULL, 'Galeria', 'Zdjęcia, video', 'galeria', 'pl'),
	(94, NULL, 'Młodzież', NULL, 'mlodziez', 'pl'),
	(95, NULL, 'Juniorzy starsi', NULL, 'juniorzy-starsi', 'pl'),
	(96, NULL, 'Juniorzy młodsi', NULL, 'juniorzy-mlodsi', 'pl'),
	(97, NULL, 'Trampkarze', NULL, 'trampkarze', 'pl'),
	(98, NULL, 'Mlodzicy', NULL, 'mlodzicy', 'pl'),
	(110, NULL, 'Seniorzy', 'Seniorzy', 'seniorzy', 'pl'),
	(101, NULL, 'Zespół', 'Dowiedz się więcej', 'zespol', 'pl'),
	(100, NULL, 'Strona główna', 'Strona główna', 'strona-glowna', 'pl'),
	(102, NULL, 'O klubie', 'Dołącz do nas', 'o-klubie', 'pl'),
	(104, NULL, 'Galeria', 'Zdjęcia, video', 'galeria', 'pl'),
	(105, NULL, 'Młodzież', NULL, 'mlodziez', 'pl'),
	(106, NULL, 'Juniorzy starsi', NULL, 'juniorzy-starsi', 'pl'),
	(107, NULL, 'Juniorzy młodsi', NULL, 'juniorzy-mlodsi', 'pl'),
	(108, NULL, 'Trampkarze', NULL, 'trampkarze', 'pl'),
	(109, NULL, 'Mlodzicy', NULL, 'mlodzicy', 'pl'),
	(99, NULL, NULL, NULL, NULL, 'pl'),
	(103, NULL, 'Kontakt', 'Napisz do nas', 'kontakt', 'pl'),
	(111, NULL, NULL, NULL, NULL, 'pl'),
	(113, NULL, 'Zespół', 'Dowiedz się więcej', 'zespol', 'pl'),
	(112, NULL, 'Strona główna', 'Strona główna', 'strona-glowna', 'pl'),
	(114, NULL, 'O klubie', 'Dołącz do nas', 'o-klubie', 'pl'),
	(116, NULL, 'Galeria', 'Zdjęcia, video', 'galeria', 'pl'),
	(117, NULL, 'Młodzież', NULL, 'mlodziez', 'pl'),
	(118, NULL, 'Juniorzy starsi', NULL, 'juniorzy-starsi', 'pl'),
	(119, NULL, 'Juniorzy młodsi', NULL, 'juniorzy-mlodsi', 'pl'),
	(120, NULL, 'Trampkarze', NULL, 'trampkarze', 'pl'),
	(121, NULL, 'Mlodzicy', NULL, 'mlodzicy', 'pl'),
	(115, NULL, 'Kontakt', 'Napisz do nas', 'kontakt', 'pl'),
	(122, NULL, 'Seniorzy', NULL, 'seniorzy', 'pl'),
	(125, NULL, 'Zespół', 'Dowiedz się więcej', 'zespol', 'pl'),
	(124, NULL, 'Strona główna', 'Strona główna', 'strona-glowna', 'pl'),
	(126, NULL, 'O klubie', 'Dołącz do nas', 'o-klubie', 'pl'),
	(128, NULL, 'Galeria', 'Zdjęcia, video', 'galeria', 'pl'),
	(129, NULL, 'Młodzież', NULL, 'mlodziez', 'pl'),
	(130, NULL, 'Juniorzy starsi', NULL, 'juniorzy-starsi', 'pl'),
	(131, NULL, 'Juniorzy młodsi', NULL, 'juniorzy-mlodsi', 'pl'),
	(132, NULL, 'Trampkarze', NULL, 'trampkarze', 'pl'),
	(133, NULL, 'Mlodzicy', NULL, 'mlodzicy', 'pl'),
	(127, NULL, 'Kontakt', 'Napisz do nas', 'kontakt', 'pl'),
	(151, NULL, 'Kontakt', NULL, NULL, 'pl'),
	(135, NULL, 'Seniorzy', 'Dowiedz się więcej', 'seniorzy', 'pl'),
	(136, NULL, 'Strona główna', 'Strona główna', 'strona-glowna', 'pl'),
	(138, NULL, 'O klubie', 'Dołącz do nas', 'o-klubie', 'pl'),
	(140, NULL, 'Galeria', 'Zdjęcia, video', 'galeria', 'pl'),
	(141, NULL, 'Młodzież', NULL, 'mlodziez', 'pl'),
	(142, NULL, 'Juniorzy starsi', NULL, 'juniorzy-starsi', 'pl'),
	(143, NULL, 'Juniorzy młodsi', NULL, 'juniorzy-mlodsi', 'pl'),
	(144, NULL, 'Trampkarze', NULL, 'trampkarze', 'pl'),
	(145, NULL, 'Mlodzicy', NULL, 'mlodzicy', 'pl'),
	(147, NULL, 'Kontakt', 'Napisz do nas', 'kontakt', 'pl'),
	(146, NULL, 'Seniorzy', NULL, 'seniorzy', 'pl'),
	(149, NULL, 'Zespół', 'Dowiedz się więcej', 'zespol', 'pl'),
	(148, NULL, 'Strona główna', 'Strona główna', 'strona-glowna', 'pl'),
	(150, NULL, 'O klubie', 'Dołącz do nas', 'o-klubie', 'pl'),
	(152, NULL, 'Galeria', 'Zdjęcia, video', 'galeria', 'pl'),
	(153, NULL, 'Młodzież', NULL, 'mlodziez', 'pl'),
	(154, NULL, 'Juniorzy starsi', NULL, 'juniorzy-starsi', 'pl'),
	(155, NULL, 'Juniorzy młodsi', NULL, 'juniorzy-mlodsi', 'pl'),
	(156, NULL, 'Trampkarze', NULL, 'trampkarze', 'pl'),
	(158, NULL, 'Seniorzy', NULL, 'seniorzy', 'pl'),
	(161, NULL, 'Kontakt', NULL, 'kontakt', 'pl'),
	(137, NULL, 'Zespół', NULL, 'zespol', 'pl'),
	(139, NULL, 'Kontakt', NULL, 'kontakt', 'pl'),
	(134, NULL, 'Seniorzy', NULL, 'seniorzy', 'pl'),
	(157, NULL, 'Mlodzicy', NULL, 'mlodzicy', 'pl'),
	(159, NULL, 'Orliki', NULL, 'orliki', 'pl'),
	(160, NULL, 'Orliki', NULL, 'orliki', 'pl'),
	(162, NULL, 'Orliki', NULL, 'orliki', 'pl'),
	(163, NULL, 'Orliki', NULL, 'orliki', 'pl'),
	(164, NULL, 'Orliki', NULL, 'orliki', 'pl'),
	(165, NULL, 'Orliki', NULL, 'orliki', 'pl');
/*!40000 ALTER TABLE `menu_menu_item_translation` ENABLE KEYS */;


-- Zrzut struktury tabela ral.migration_version
CREATE TABLE IF NOT EXISTS `migration_version` (
  `version` int(11) DEFAULT NULL
) ENGINE=InnoDB DEFAULT CHARSET=utf8;

-- Zrzucanie danych dla tabeli ral.migration_version: ~0 rows (około)
DELETE FROM `migration_version`;
/*!40000 ALTER TABLE `migration_version` DISABLE KEYS */;
INSERT INTO `migration_version` (`version`) VALUES
	(0);
/*!40000 ALTER TABLE `migration_version` ENABLE KEYS */;


-- Zrzut struktury tabela ral.newsletter
CREATE TABLE IF NOT EXISTS `newsletter` (
  `id` int(11) NOT NULL AUTO_INCREMENT,
  `email` varchar(255) DEFAULT NULL,
  PRIMARY KEY (`id`)
) ENGINE=InnoDB DEFAULT CHARSET=utf8;

-- Zrzucanie danych dla tabeli ral.newsletter: ~0 rows (około)
DELETE FROM `newsletter`;
/*!40000 ALTER TABLE `newsletter` DISABLE KEYS */;
/*!40000 ALTER TABLE `newsletter` ENABLE KEYS */;


-- Zrzut struktury tabela ral.newsletter_group
CREATE TABLE IF NOT EXISTS `newsletter_group` (
  `id` int(11) NOT NULL AUTO_INCREMENT,
  `name` varchar(255) DEFAULT NULL,
  `visible` tinyint(1) DEFAULT '1',
  `group_type` varchar(255) DEFAULT NULL,
  `created_at` datetime NOT NULL,
  `updated_at` datetime NOT NULL,
  `deleted_at` datetime DEFAULT NULL,
  PRIMARY KEY (`id`)
) ENGINE=MyISAM AUTO_INCREMENT=3 DEFAULT CHARSET=utf8;

-- Zrzucanie danych dla tabeli ral.newsletter_group: 1 rows
DELETE FROM `newsletter_group`;
/*!40000 ALTER TABLE `newsletter_group` DISABLE KEYS */;
INSERT INTO `newsletter_group` (`id`, `name`, `visible`, `group_type`, `created_at`, `updated_at`, `deleted_at`) VALUES
	(1, 'Subskrybenci Lucoa', 1, NULL, '0000-00-00 00:00:00', '0000-00-00 00:00:00', NULL);
/*!40000 ALTER TABLE `newsletter_group` ENABLE KEYS */;


-- Zrzut struktury tabela ral.newsletter_message
CREATE TABLE IF NOT EXISTS `newsletter_message` (
  `id` int(11) NOT NULL AUTO_INCREMENT,
  `type` varchar(128) DEFAULT NULL,
  `title` varchar(255) DEFAULT NULL,
  `slug` varchar(255) DEFAULT NULL,
  `content` longtext,
  `sent` tinyint(1) DEFAULT '0',
  `send_at` datetime DEFAULT NULL,
  `created_at` datetime NOT NULL,
  `updated_at` datetime NOT NULL,
  `deleted_at` datetime DEFAULT NULL,
  PRIMARY KEY (`id`)
) ENGINE=MyISAM AUTO_INCREMENT=4 DEFAULT CHARSET=utf8;

-- Zrzucanie danych dla tabeli ral.newsletter_message: 0 rows
DELETE FROM `newsletter_message`;
/*!40000 ALTER TABLE `newsletter_message` DISABLE KEYS */;
/*!40000 ALTER TABLE `newsletter_message` ENABLE KEYS */;


-- Zrzut struktury tabela ral.newsletter_message_group
CREATE TABLE IF NOT EXISTS `newsletter_message_group` (
  `message_id` int(11) NOT NULL DEFAULT '0',
  `group_id` int(11) NOT NULL DEFAULT '0',
  PRIMARY KEY (`message_id`,`group_id`),
  KEY `newsletter_message_group_group_id_newsletter_group_id` (`group_id`)
) ENGINE=MyISAM DEFAULT CHARSET=utf8;

-- Zrzucanie danych dla tabeli ral.newsletter_message_group: 2 rows
DELETE FROM `newsletter_message_group`;
/*!40000 ALTER TABLE `newsletter_message_group` DISABLE KEYS */;
INSERT INTO `newsletter_message_group` (`message_id`, `group_id`) VALUES
	(2, 1),
	(2, 2);
/*!40000 ALTER TABLE `newsletter_message_group` ENABLE KEYS */;


-- Zrzut struktury tabela ral.newsletter_message_subscriber
CREATE TABLE IF NOT EXISTS `newsletter_message_subscriber` (
  `id` int(11) NOT NULL AUTO_INCREMENT,
  `message_id` int(11) DEFAULT NULL,
  `subscriber_id` varchar(255) DEFAULT NULL,
  `sent` tinyint(1) DEFAULT '0',
  `created_at` datetime NOT NULL,
  `updated_at` datetime NOT NULL,
  PRIMARY KEY (`id`),
  KEY `message_id_idx` (`message_id`),
  KEY `subscriber_id_idx` (`subscriber_id`)
) ENGINE=MyISAM AUTO_INCREMENT=16 DEFAULT CHARSET=utf8;

-- Zrzucanie danych dla tabeli ral.newsletter_message_subscriber: 7 rows
DELETE FROM `newsletter_message_subscriber`;
/*!40000 ALTER TABLE `newsletter_message_subscriber` DISABLE KEYS */;
INSERT INTO `newsletter_message_subscriber` (`id`, `message_id`, `subscriber_id`, `sent`, `created_at`, `updated_at`) VALUES
	(11, 2, '3', 1, '2014-04-29 14:11:02', '2014-04-29 14:13:09'),
	(10, 2, '2', 1, '2014-04-29 14:11:02', '2014-04-29 14:13:11'),
	(9, NULL, '1', 0, '2014-04-29 14:09:32', '2014-05-20 10:45:17'),
	(12, 2, '1', 1, '2014-04-29 14:11:02', '2014-04-29 14:13:14'),
	(13, 7, '7', 0, '2014-05-20 10:45:17', '2014-05-20 10:45:17'),
	(14, 10, '10', 0, '2014-05-20 10:47:15', '2014-05-20 10:47:15'),
	(15, 3, '10', 1, '2014-05-20 10:52:13', '2014-05-20 10:56:34');
/*!40000 ALTER TABLE `newsletter_message_subscriber` ENABLE KEYS */;


-- Zrzut struktury tabela ral.newsletter_subscriber
CREATE TABLE IF NOT EXISTS `newsletter_subscriber` (
  `id` int(11) NOT NULL AUTO_INCREMENT,
  `name` varchar(255) DEFAULT NULL,
  `lastname` varchar(255) DEFAULT NULL,
  `email` varchar(255) DEFAULT NULL,
  `created_at` datetime NOT NULL,
  `updated_at` datetime NOT NULL,
  `deleted_at` datetime DEFAULT NULL,
  `token` varchar(255) DEFAULT NULL,
  PRIMARY KEY (`id`),
  UNIQUE KEY `email` (`email`)
) ENGINE=MyISAM AUTO_INCREMENT=16 DEFAULT CHARSET=utf8;

-- Zrzucanie danych dla tabeli ral.newsletter_subscriber: 1 rows
DELETE FROM `newsletter_subscriber`;
/*!40000 ALTER TABLE `newsletter_subscriber` DISABLE KEYS */;
INSERT INTO `newsletter_subscriber` (`id`, `name`, `lastname`, `email`, `created_at`, `updated_at`, `deleted_at`, `token`) VALUES
	(15, 'Michał', 'Nowak', 'kardi31@o2.pl', '2013-11-28 14:35:40', '2013-11-28 14:35:40', NULL, NULL);
/*!40000 ALTER TABLE `newsletter_subscriber` ENABLE KEYS */;


-- Zrzut struktury tabela ral.newsletter_subscriber_group
CREATE TABLE IF NOT EXISTS `newsletter_subscriber_group` (
  `subscriber_id` int(11) NOT NULL DEFAULT '0',
  `group_id` int(11) NOT NULL DEFAULT '0',
  PRIMARY KEY (`subscriber_id`,`group_id`),
  KEY `newsletter_subscriber_group_group_id_newsletter_group_id` (`group_id`)
) ENGINE=MyISAM DEFAULT CHARSET=utf8;

-- Zrzucanie danych dla tabeli ral.newsletter_subscriber_group: 1 rows
DELETE FROM `newsletter_subscriber_group`;
/*!40000 ALTER TABLE `newsletter_subscriber_group` DISABLE KEYS */;
INSERT INTO `newsletter_subscriber_group` (`subscriber_id`, `group_id`) VALUES
	(15, 1);
/*!40000 ALTER TABLE `newsletter_subscriber_group` ENABLE KEYS */;


-- Zrzut struktury tabela ral.news_article
CREATE TABLE IF NOT EXISTS `news_article` (
  `id` int(11) NOT NULL AUTO_INCREMENT,
  `category_id` int(11) DEFAULT NULL,
  `author_id` int(11) DEFAULT NULL,
  `last_editor_id` int(11) DEFAULT NULL,
  `publish` tinyint(1) DEFAULT '1',
  `publish_date` datetime DEFAULT NULL,
  `photo_root_id` int(11) DEFAULT NULL,
  `metatag_id` int(11) DEFAULT NULL,
  `created_at` datetime NOT NULL,
  `updated_at` datetime NOT NULL,
  `deleted_at` datetime DEFAULT NULL,
  PRIMARY KEY (`id`),
  KEY `category_id_idx` (`category_id`),
  KEY `author_id_idx` (`author_id`),
  KEY `last_editor_id_idx` (`last_editor_id`),
  KEY `photo_root_id_idx` (`photo_root_id`),
  KEY `metatag_id_idx` (`metatag_id`)
) ENGINE=MyISAM DEFAULT CHARSET=utf8;

-- Zrzucanie danych dla tabeli ral.news_article: 0 rows
DELETE FROM `news_article`;
/*!40000 ALTER TABLE `news_article` DISABLE KEYS */;
/*!40000 ALTER TABLE `news_article` ENABLE KEYS */;


-- Zrzut struktury tabela ral.news_article_translation
CREATE TABLE IF NOT EXISTS `news_article_translation` (
  `id` int(11) NOT NULL DEFAULT '0',
  `title` varchar(255) DEFAULT NULL,
  `slug` varchar(255) DEFAULT NULL,
  `content` longtext,
  `lang` char(2) NOT NULL DEFAULT '',
  PRIMARY KEY (`id`,`lang`)
) ENGINE=MyISAM DEFAULT CHARSET=utf8;

-- Zrzucanie danych dla tabeli ral.news_article_translation: 0 rows
DELETE FROM `news_article_translation`;
/*!40000 ALTER TABLE `news_article_translation` DISABLE KEYS */;
/*!40000 ALTER TABLE `news_article_translation` ENABLE KEYS */;


-- Zrzut struktury tabela ral.news_category
CREATE TABLE IF NOT EXISTS `news_category` (
  `id` int(11) NOT NULL AUTO_INCREMENT,
  `user_id` int(11) DEFAULT NULL,
  `metatag_id` int(11) DEFAULT NULL,
  `last_user_id` int(11) DEFAULT NULL,
  `title` varchar(255) DEFAULT NULL,
  `slug` varchar(255) DEFAULT NULL,
  `content` longtext,
  PRIMARY KEY (`id`),
  KEY `metatag_id_idx` (`metatag_id`)
) ENGINE=MyISAM AUTO_INCREMENT=7 DEFAULT CHARSET=utf8;

-- Zrzucanie danych dla tabeli ral.news_category: 6 rows
DELETE FROM `news_category`;
/*!40000 ALTER TABLE `news_category` DISABLE KEYS */;
INSERT INTO `news_category` (`id`, `user_id`, `metatag_id`, `last_user_id`, `title`, `slug`, `content`) VALUES
	(1, NULL, NULL, NULL, 'Seniorzy', 'seniorzy', NULL),
	(2, NULL, NULL, NULL, 'Juniorzy Starsi', 'juniorzy-starsi', NULL),
	(3, NULL, NULL, NULL, 'Juniorzy Młodsi', 'juniorzy-mlodsi', NULL),
	(4, NULL, NULL, NULL, 'Trampkarze', 'trampkarze', NULL),
	(5, NULL, NULL, NULL, 'Młodzicy', 'mlodzicy', NULL),
	(6, NULL, NULL, NULL, 'Orliki', 'orliki', NULL);
/*!40000 ALTER TABLE `news_category` ENABLE KEYS */;


-- Zrzut struktury tabela ral.news_category_translation
CREATE TABLE IF NOT EXISTS `news_category_translation` (
  `id` int(11) NOT NULL AUTO_INCREMENT,
  `lang` varchar(64) NOT NULL DEFAULT '',
  `slug` varchar(255) DEFAULT NULL,
  `title` varchar(255) DEFAULT NULL,
  `content` longtext,
  PRIMARY KEY (`id`,`lang`)
) ENGINE=MyISAM AUTO_INCREMENT=5 DEFAULT CHARSET=utf8;

-- Zrzucanie danych dla tabeli ral.news_category_translation: 4 rows
DELETE FROM `news_category_translation`;
/*!40000 ALTER TABLE `news_category_translation` DISABLE KEYS */;
INSERT INTO `news_category_translation` (`id`, `lang`, `slug`, `title`, `content`) VALUES
	(1, 'pl', 'seniorzy', 'Seniorzy', NULL),
	(2, 'pl', 'juniorzy-starsi', 'Juniorzy Starsi', NULL),
	(3, 'pl', 'juniorzy-mlodsi', 'Juniorzy Młodsi', NULL),
	(4, 'pl', 'trampkarze-starsi', 'Trampkarze starsi', NULL);
/*!40000 ALTER TABLE `news_category_translation` ENABLE KEYS */;


-- Zrzut struktury tabela ral.news_comment
CREATE TABLE IF NOT EXISTS `news_comment` (
  `id` int(11) NOT NULL AUTO_INCREMENT,
  `news_id` int(11) DEFAULT NULL,
  `name` varchar(255) DEFAULT NULL,
  `content` longtext,
  `user_ip` varchar(255) DEFAULT NULL,
  `active` tinyint(1) DEFAULT '1',
  `created_at` datetime NOT NULL,
  `updated_at` datetime NOT NULL,
  `deleted_at` datetime DEFAULT NULL,
  PRIMARY KEY (`id`),
  KEY `news_id_idx` (`news_id`)
) ENGINE=MyISAM DEFAULT CHARSET=utf8;

-- Zrzucanie danych dla tabeli ral.news_comment: 0 rows
DELETE FROM `news_comment`;
/*!40000 ALTER TABLE `news_comment` DISABLE KEYS */;
/*!40000 ALTER TABLE `news_comment` ENABLE KEYS */;


-- Zrzut struktury tabela ral.news_group
CREATE TABLE IF NOT EXISTS `news_group` (
  `id` int(11) NOT NULL AUTO_INCREMENT,
  `title` varchar(255) DEFAULT NULL,
  `slug` varchar(255) DEFAULT NULL,
  `content` longtext,
  `metatag_id` int(11) DEFAULT NULL,
  `created_at` datetime NOT NULL,
  `updated_at` datetime NOT NULL,
  `deleted_at` datetime DEFAULT NULL,
  PRIMARY KEY (`id`),
  KEY `metatag_id_idx` (`metatag_id`)
) ENGINE=MyISAM DEFAULT CHARSET=utf8;

-- Zrzucanie danych dla tabeli ral.news_group: 0 rows
DELETE FROM `news_group`;
/*!40000 ALTER TABLE `news_group` DISABLE KEYS */;
/*!40000 ALTER TABLE `news_group` ENABLE KEYS */;


-- Zrzut struktury tabela ral.news_news
CREATE TABLE IF NOT EXISTS `news_news` (
  `id` int(11) NOT NULL AUTO_INCREMENT,
  `title` varchar(255) DEFAULT NULL,
  `slug` varchar(255) DEFAULT NULL,
  `content` text,
  `publish_date` datetime DEFAULT NULL,
  `visible` tinyint(1) DEFAULT '1',
  `created_at` datetime NOT NULL,
  `updated_at` datetime NOT NULL,
  `deleted_at` datetime DEFAULT NULL,
  PRIMARY KEY (`id`)
) ENGINE=MyISAM AUTO_INCREMENT=5 DEFAULT CHARSET=utf8;

-- Zrzucanie danych dla tabeli ral.news_news: 4 rows
DELETE FROM `news_news`;
/*!40000 ALTER TABLE `news_news` DISABLE KEYS */;
INSERT INTO `news_news` (`id`, `title`, `slug`, `content`, `publish_date`, `visible`, `created_at`, `updated_at`, `deleted_at`) VALUES
	(1, 'Pierrwszy post\\', 'pierw', 'Lorem ipsum dolor sit amet, consectetur adipiscing elit. Fusce lorem tortor, auctor quis lobortis eleifend, ultricies vel orci. Suspendisse quis sagittis tellus. Morbi blandit lectus vitae velit vulputate, id molestie velit feugiat. Vivamus et nibh placerat, congue mi sodales, euismod urna. Proin posuere odio erat, ac commodo neque gravida ut. Vivamus viverra feugiat mauris vitae malesuada. Ut pulvinar, mauris a lacinia malesuada, felis risus blandit enim, at blandit lectus tortor vitae mauris. Sed volutpat nibh in commodo pretium. Donec rhoncus sed odio iaculis euismod.', '2015-06-19 12:29:33', 1, '0000-00-00 00:00:00', '0000-00-00 00:00:00', NULL),
	(2, 'Drugi enws', 'drugi-news', 'Lorem ipsum dolor sit amet, consectetur adipiscing elit. Fusce lorem tortor, auctor quis lobortis eleifend, ultricies vel orci. Suspendisse quis sagittis tellus. Morbi blandit lectus vitae velit vulputate, id molestie velit feugiat. Vivamus et nibh placerat, congue mi sodales, euismod urna. Proin posuere odio erat, ac commodo neque gravida ut. Vivamus viverra feugiat mauris vitae malesuada. Ut pulvinar, mauris a lacinia malesuada, felis risus blandit enim, at blandit lectus tortor vitae mauris. Sed volutpat nibh in commodo pretium. Donec rhoncus sed odio iaculis euismod.', '2015-06-19 15:34:32', 1, '0000-00-00 00:00:00', '0000-00-00 00:00:00', NULL),
	(3, 'Trzeci', 'trzeci', 'Lorem ipsum dolor sit amet, consectetur adipiscing elit. Fusce lorem tortor, auctor quis lobortis eleifend, ultricies vel orci. Suspendisse quis sagittis tellus. Morbi blandit lectus vitae velit vulputate, id molestie velit feugiat. Vivamus et nibh placerat, congue mi sodales, euismod urna. Proin posuere odio erat, ac commodo neque gravida ut. Vivamus viverra feugiat mauris vitae malesuada. Ut pulvinar, mauris a lacinia malesuada, felis risus blandit enim, at blandit lectus tortor vitae mauris. Sed volutpat nibh in commodo pretium. Donec rhoncus sed odio iaculis euismod.', '2015-06-19 15:34:35', 1, '0000-00-00 00:00:00', '0000-00-00 00:00:00', NULL),
	(4, 'Czwarty', 'czwarty-news', 'Lorem ipsum dolor sit amet, consectetur adipiscing elit. Fusce lorem tortor, auctor quis lobortis eleifend, ultricies vel orci. Suspendisse quis sagittis tellus. Morbi blandit lectus vitae velit vulputate, id molestie velit feugiat. Vivamus et nibh placerat, congue mi sodales, euismod urna. Proin posuere odio erat, ac commodo neque gravida ut. Vivamus viverra feugiat mauris vitae malesuada. Ut pulvinar, mauris a lacinia malesuada, felis risus blandit enim, at blandit lectus tortor vitae mauris. Sed volutpat nibh in commodo pretium. Donec rhoncus sed odio iaculis euismod.', '2015-06-19 15:34:37', 1, '0000-00-00 00:00:00', '0000-00-00 00:00:00', NULL);
/*!40000 ALTER TABLE `news_news` ENABLE KEYS */;


-- Zrzut struktury tabela ral.news_news_tag
CREATE TABLE IF NOT EXISTS `news_news_tag` (
  `id` bigint(20) NOT NULL AUTO_INCREMENT,
  `tag_id` int(11) DEFAULT NULL,
  `news_id` int(11) DEFAULT NULL,
  PRIMARY KEY (`id`),
  KEY `news_id_idx` (`news_id`)
) ENGINE=MyISAM DEFAULT CHARSET=utf8;

-- Zrzucanie danych dla tabeli ral.news_news_tag: 0 rows
DELETE FROM `news_news_tag`;
/*!40000 ALTER TABLE `news_news_tag` DISABLE KEYS */;
/*!40000 ALTER TABLE `news_news_tag` ENABLE KEYS */;


-- Zrzut struktury tabela ral.news_news_translation
CREATE TABLE IF NOT EXISTS `news_news_translation` (
  `id` int(11) NOT NULL DEFAULT '0',
  `title` varchar(255) DEFAULT NULL,
  `slug` varchar(255) DEFAULT NULL,
  `content` longtext,
  `lang` char(2) NOT NULL DEFAULT '',
  PRIMARY KEY (`id`,`lang`)
) ENGINE=MyISAM DEFAULT CHARSET=utf8;

-- Zrzucanie danych dla tabeli ral.news_news_translation: 13 rows
DELETE FROM `news_news_translation`;
/*!40000 ALTER TABLE `news_news_translation` DISABLE KEYS */;
INSERT INTO `news_news_translation` (`id`, `title`, `slug`, `content`, `lang`) VALUES
	(1, 'Test 1', 'test1', '<p>Lorem ipsum dolor sit amet, consectetur adipiscing elit, sed do eiusmod tempor incididunt ut labore et dolore magna aliqua. Ut enim ad minim veniam, quis nostrud exercitation ullamco laboris nisi ut aliquip ex ea commodo consequat. Duis aute irure dolor in reprehenderit in voluptate velit esse cillum dolore eu fugiat nulla pariatur. Excepteur sint occaecat cupidatat non proident, sunt in culpa qui officia deserunt mollit anim id est laborum.</p>', 'pl'),
	(2, 'Test 2', 'test2', '<p>Lorem ipsum dolor sit amet, consectetur adipiscing elit, sed do eiusmod tempor incididunt ut labore et dolore magna aliqua. Ut enim ad minim veniam, quis nostrud exercitation ullamco laboris nisi ut aliquip ex ea commodo consequat. Duis aute irure dolor in reprehenderit in voluptate velit esse cillum dolore eu fugiat nulla pariatur. Excepteur sint occaecat cupidatat non proident, sunt in culpa qui officia deserunt mollit anim id est laborum.</p>', 'pl'),
	(3, 'test 3', 'test3', '<p>Lorem ipsum dolor sit amet, consectetur adipiscing elit, sed do eiusmod tempor incididunt ut labore et dolore magna aliqua. Ut enim ad minim veniam, quis nostrud exercitation ullamco laboris nisi ut aliquip ex ea commodo consequat. Duis aute irure dolor in reprehenderit in voluptate velit esse cillum dolore eu fugiat nulla pariatur. Excepteur sint occaecat cupidatat non proident, sunt in culpa qui officia deserunt mollit anim id est laborum.</p>', 'pl'),
	(4, 'test 4', 'test4', '<p>Lorem ipsum dolor sit amet, consectetur adipiscing elit, sed do eiusmod tempor incididunt ut labore et dolore magna aliqua. Ut enim ad minim veniam, quis nostrud exercitation ullamco laboris nisi ut aliquip ex ea commodo consequat. Duis aute irure dolor in reprehenderit in voluptate velit esse cillum dolore eu fugiat nulla pariatur. Excepteur sint occaecat cupidatat non proident, sunt in culpa qui officia deserunt mollit anim id est laborum.</p>', 'pl'),
	(5, 'test 5', 'test5', '<p>Lorem ipsum dolor sit amet, consectetur adipiscing elit, sed do eiusmod tempor incididunt ut labore et dolore magna aliqua. Ut enim ad minim veniam, quis nostrud exercitation ullamco laboris nisi ut aliquip ex ea commodo consequat. Duis aute irure dolor in reprehenderit in voluptate velit esse cillum dolore eu fugiat nulla pariatur. Excepteur sint occaecat cupidatat non proident, sunt in culpa qui officia deserunt mollit anim id est laborum.</p>', 'pl'),
	(6, 'Nowa strona', 'nowa-strona', '<p>Witamy na nowej stronie Świtu Krzeszowice. Zapraszamy do spaceru po stronie.&nbsp;</p>', 'pl'),
	(7, 'Nowa strona', 'nowa-strona-1', '<p><span>Witamy na nowej stronie junior&oacute;w starszych Świtu Krzeszowice. Zapraszamy do spaceru po stronie.&nbsp;</span></p>', 'pl'),
	(8, 'Nowa strona', 'nowa-strona-2', '<p><span>Witamy na nowej stronie junior&oacute;w młodszych Świtu Krzeszowice. Zapraszamy do spaceru po stronie.&nbsp;</span></p>', 'pl'),
	(9, 'Nowa strona', 'nowa-strona-3', '<p><span>Witamy na nowej stronie trampkarzy Świtu Krzeszowice. Zapraszamy do spaceru po stronie.&nbsp;</span></p>', 'pl'),
	(10, 'Nowa strona', 'nowa-strona-4', '<p><span>Witamy na nowej stronie młodzik&oacute;w Świtu Krzeszowice. Zapraszamy do spaceru po stronie.&nbsp;</span></p>', 'pl'),
	(11, 'Nowa strona', 'nowa-strona-5', '<p><span>Witamy na nowej stronie orlik&oacute;w Świtu Krzeszowice. Zapraszamy do spaceru po stronie.&nbsp;</span></p>', 'pl'),
	(12, 'test', 'test', '<p>test</p>', 'pl'),
	(13, 'Spadek do V ligi po ambitnej walce całego zespołu.', 'spadek-do-v-ligi-po-ambitnej-walce-calego-zespolu', '<p>GKS Świt Krzeszowice po bardzo ambitnej walce do końca pożegnał się z IV ligą. <br /> Mimo spadku wszystkim grającym zawodnikom należą się słowa podziękowania i najwyższego szacunku. Na przek&oacute;r bardzo trudnej sytuacji finansowej i organizacyjnej w Klubie walczyli ambitnie do samego końca. Mało tego , grając za darmo szukali sponsor&oacute;w , zawodnik&oacute;w i ludzi przyjażnie nastawionych do naszego Klubu.Często na mecze jeżdzili swoimi samochodami ponieważ nie było pieniędzy na busa Do ko<span class="text_exposed_show">ńca mieli nadzieję na pozostanie w elitach IV ligi. Spadli ale serducho jakie pokazali grając dla GKS Świt - swojej ulubionej drużyny pozwala zaszeregować ich w śr&oacute;d najlepszych i najwierniejszych zawodnik&oacute;w naszego Klubu. Pragnę w tym miejscu w imieniu najwierniejszych działaczy, zawodnik&oacute;w , kibic&oacute;w GKS Świt oraz włansym gorąco podziękować całej drużynie a w szczeg&oacute;lności : Pawłowi Gawęckiemu, Tomaszowi Wr&oacute;blowi, Mateuszowi Marszałkowi, Arturowi Mucha, Jakubowi Marszałkowi,Michałowi Knclerzowi, Krzyśkowi Strzebońskiemu, Ryśkowi Krzyściakowi no i oczywiście grającemu trenerowi Piotrowi Chlipała,. Mam nadzieję, że jeszcze wr&oacute;cicie do naszego Klubu. Spadek no c&oacute;ż takie rzeczy się zdarzają . Teraz ważne , żeby poprawić sytuację finansową w GKS Świt , odbudować drużynę senior&oacute;w tak aby godnie reprezentowała tak zasłużony dla Krzeszowic Klub.<br /> Teraz nowo powstająca drużyna oparta jest na doświadczonych byłych zawodnikach Świtu , kt&oacute;rzy wr&oacute;cili z okolicznych drużyn.<br /> W sytuacji gdy drużynie senior&oacute;w zagroziło wycofanie z rozgrywek z powodu braku zawodnik&oacute;w z pomocą przyszli :<br /> Derniowski Piotr, Dąbek Dominik, Armatys Arkadiusz, Armatys, Grzegorz, Kuflik Sebasyian ( powr&oacute;t z Iskry Radwanowice), Zając Michał ( były zawodnik Orła Piaski Wielkie), Pałka Przemysław i Kołodziej Wojc iech ( Tęcza Tenczynek) Krzysztof Ślusarczyk ( Victoria Zalas ),Sliwiński Mateusz ( Kmita Zabierz&oacute;w, Sankovia Sanka ), Jacek Kot były barzo dobry i bramkostrzelny zawodnik Świtu Krzeszowice. W drużynie pozostał utalentowany wychowanek, drugi bramkarz poprzedniego sezonu Kamil Kłosowski. Pokazał się r&oacute;wnież w drużynie senior&oacute;w na sparingu najskuteczniejszy zawodnik drużyny Oldboj&oacute;w Łoboz Jan , kt&oacute;ry zaprezentował się z dobrej strony. Opr&oacute;cz w/w zawodnik&oacute;w do dyspozycji trenera senior&oacute;w Kazimierza Śliwińskiego pozostają r&oacute;wnież utalentowani młodzi wychowankowie Klubu Obodziński Jakub, Kobierecki Damian, Knapczyk Arkadiusz, Puchalski Damian, Kwiecień Jakub , Godyń Jakub oraz Kalemba Bartosz.<br /> Pierwsze rozegrane mecze sparingowe pokazały , że tworzy się dobra ekipa, kt&oacute;ra powinna skutecznie powalczyć w klasie okręgowej,</span></p>', 'pl');
/*!40000 ALTER TABLE `news_news_translation` ENABLE KEYS */;


-- Zrzut struktury tabela ral.news_stream
CREATE TABLE IF NOT EXISTS `news_stream` (
  `id` int(11) NOT NULL AUTO_INCREMENT,
  `user_id` int(11) DEFAULT NULL,
  `last_user_id` int(11) DEFAULT NULL,
  `url` varchar(255) DEFAULT NULL,
  `type` varchar(255) DEFAULT NULL,
  `publish` tinyint(1) DEFAULT '1',
  `metatag_id` int(11) DEFAULT NULL,
  `created_at` datetime NOT NULL,
  `updated_at` datetime NOT NULL,
  `deleted_at` datetime DEFAULT NULL,
  PRIMARY KEY (`id`),
  KEY `metatag_id_idx` (`metatag_id`)
) ENGINE=MyISAM DEFAULT CHARSET=utf8;

-- Zrzucanie danych dla tabeli ral.news_stream: 0 rows
DELETE FROM `news_stream`;
/*!40000 ALTER TABLE `news_stream` DISABLE KEYS */;
/*!40000 ALTER TABLE `news_stream` ENABLE KEYS */;


-- Zrzut struktury tabela ral.news_stream_translation
CREATE TABLE IF NOT EXISTS `news_stream_translation` (
  `id` int(11) NOT NULL DEFAULT '0',
  `title` varchar(255) DEFAULT NULL,
  `slug` varchar(255) DEFAULT NULL,
  `content` longtext,
  `lang` char(2) NOT NULL DEFAULT '',
  PRIMARY KEY (`id`,`lang`)
) ENGINE=MyISAM DEFAULT CHARSET=utf8;

-- Zrzucanie danych dla tabeli ral.news_stream_translation: 0 rows
DELETE FROM `news_stream_translation`;
/*!40000 ALTER TABLE `news_stream_translation` DISABLE KEYS */;
/*!40000 ALTER TABLE `news_stream_translation` ENABLE KEYS */;


-- Zrzut struktury tabela ral.news_tag
CREATE TABLE IF NOT EXISTS `news_tag` (
  `id` int(11) NOT NULL AUTO_INCREMENT,
  `title` varchar(255) DEFAULT NULL,
  `slug` varchar(255) DEFAULT NULL,
  `metatag_id` int(11) DEFAULT NULL,
  PRIMARY KEY (`id`),
  KEY `metatag_id_idx` (`metatag_id`)
) ENGINE=MyISAM DEFAULT CHARSET=utf8;

-- Zrzucanie danych dla tabeli ral.news_tag: 0 rows
DELETE FROM `news_tag`;
/*!40000 ALTER TABLE `news_tag` DISABLE KEYS */;
/*!40000 ALTER TABLE `news_tag` ENABLE KEYS */;


-- Zrzut struktury tabela ral.page_page
CREATE TABLE IF NOT EXISTS `page_page` (
  `id` int(11) NOT NULL AUTO_INCREMENT,
  `user_id` int(11) DEFAULT NULL,
  `metatag_id` int(11) DEFAULT NULL,
  `type` varchar(255) DEFAULT NULL,
  `photo_root_id` int(11) DEFAULT NULL,
  PRIMARY KEY (`id`),
  KEY `user_id_idx` (`user_id`),
  KEY `metatag_id_idx` (`metatag_id`)
) ENGINE=MyISAM AUTO_INCREMENT=27 DEFAULT CHARSET=utf8;

-- Zrzucanie danych dla tabeli ral.page_page: 6 rows
DELETE FROM `page_page`;
/*!40000 ALTER TABLE `page_page` DISABLE KEYS */;
INSERT INTO `page_page` (`id`, `user_id`, `metatag_id`, `type`, `photo_root_id`) VALUES
	(5, 1, 29, 'contact', NULL),
	(15, 2, 36, NULL, NULL),
	(22, 58, 1581, 'homepage', NULL),
	(24, 58, 1658, 'about-us', 36),
	(25, 58, 1659, NULL, NULL),
	(26, 58, 1680, 'dla-mediow', NULL);
/*!40000 ALTER TABLE `page_page` ENABLE KEYS */;


-- Zrzut struktury tabela ral.page_page_translation
CREATE TABLE IF NOT EXISTS `page_page_translation` (
  `id` int(11) NOT NULL DEFAULT '0',
  `title` varchar(255) DEFAULT NULL,
  `slug` varchar(255) DEFAULT NULL,
  `content` longtext,
  `lang` char(2) NOT NULL DEFAULT '',
  PRIMARY KEY (`id`,`lang`)
) ENGINE=MyISAM DEFAULT CHARSET=utf8;

-- Zrzucanie danych dla tabeli ral.page_page_translation: 6 rows
DELETE FROM `page_page_translation`;
/*!40000 ALTER TABLE `page_page_translation` DISABLE KEYS */;
INSERT INTO `page_page_translation` (`id`, `title`, `slug`, `content`, `lang`) VALUES
	(5, 'Kontakt', 'contact', '<p>Kontakt - w budowie</p>', 'pl'),
	(5, 'Contact', 'contact', '<p>Contact - soon to be done</p>', 'en'),
	(22, 'WItamy na stronie Świt Krzeszowice', 'witamy-na-stronie-swit-krzeszowice', '<p>Strona klubu sportowego GKS Świt Krzeszowice. Klub został&nbsp;<span>założony w 1923 r. Nawiększe sukcesy to trzykrotny awans do III ligi małopolskiej.&nbsp;</span></p>', 'pl'),
	(24, 'O nas', 'o-nas', '<p><span><strong>GMINNY KLUB SPORTOWY ŚWIT KRZESZOWICE</strong></span></p>\r\n<p>&nbsp;</p>\r\n<p><span><strong><span>Rok założenia: 1923 r.</span></strong></span></p>\r\n<p><span><strong><span>Barwy klubowe: biało - niebieskie</span></strong></span></p>\r\n<p><span><strong><span>Stadion: pojemność 1500 miejsc</span></strong></span></p>', 'pl'),
	(25, 'Nabór', 'nabor', '<p><span>Lorem ipsum dolor sit amet, consectetur adipiscing elit, sed do eiusmod tempor incididunt ut labore et dolore magna aliqua. Ut enim ad minim veniam, quis nostrud exercitation ullamco laboris nisi ut aliquip ex ea commodo consequat. Duis aute irure dolor in reprehenderit in voluptate velit esse cillum dolore eu fugiat nulla pariatur. Excepteur sint occaecat cupidatat non proident, sunt in culpa qui officia deserunt mollit anim id est laborum.</span></p>', 'pl'),
	(26, 'Dla mediów', 'dla-mediow', '<p>Strona w budowie</p>', 'pl');
/*!40000 ALTER TABLE `page_page_translation` ENABLE KEYS */;


-- Zrzut struktury tabela ral.people_people
CREATE TABLE IF NOT EXISTS `people_people` (
  `id` int(11) NOT NULL AUTO_INCREMENT,
  `first_name` varchar(255) DEFAULT NULL,
  `last_name` varchar(255) DEFAULT NULL,
  `job` varchar(255) DEFAULT NULL,
  `team_id` int(11) DEFAULT NULL,
  `value` bigint(20) DEFAULT NULL,
  `salary` bigint(20) DEFAULT NULL,
  `age` bigint(20) DEFAULT NULL,
  `composure` bigint(20) DEFAULT NULL,
  `speed` bigint(20) DEFAULT NULL,
  `regularity` bigint(20) DEFAULT NULL,
  `reflex` bigint(20) DEFAULT NULL,
  `on_gravel` bigint(20) DEFAULT NULL,
  `on_tarmac` bigint(20) DEFAULT NULL,
  `on_snow` bigint(20) DEFAULT NULL,
  `in_rain` bigint(20) DEFAULT NULL,
  `form` bigint(20) DEFAULT NULL,
  `dictate_rhytm` bigint(20) DEFAULT NULL,
  `diction` bigint(20) DEFAULT NULL,
  `route_description` bigint(20) DEFAULT NULL,
  `intelligence` bigint(20) unsigned DEFAULT NULL,
  `talent` bigint(20) DEFAULT NULL,
  `experience` bigint(20) DEFAULT NULL,
  `active_training_skill` varchar(255) DEFAULT NULL,
  `on_market` tinyint(1) NOT NULL DEFAULT '0',
  `created_at` datetime NOT NULL,
  `updated_at` datetime NOT NULL,
  `deleted_at` datetime DEFAULT NULL,
  PRIMARY KEY (`id`),
  KEY `people_people_team_id_team_team_id` (`team_id`)
) ENGINE=MyISAM AUTO_INCREMENT=97 DEFAULT CHARSET=utf8;

-- Zrzucanie danych dla tabeli ral.people_people: 96 rows
DELETE FROM `people_people`;
/*!40000 ALTER TABLE `people_people` DISABLE KEYS */;
INSERT INTO `people_people` (`id`, `first_name`, `last_name`, `job`, `team_id`, `value`, `salary`, `age`, `composure`, `speed`, `regularity`, `reflex`, `on_gravel`, `on_tarmac`, `on_snow`, `in_rain`, `form`, `dictate_rhytm`, `diction`, `route_description`, `intelligence`, `talent`, `experience`, `active_training_skill`, `on_market`, `created_at`, `updated_at`, `deleted_at`) VALUES
	(1, 'Tom', 'Smith', 'driver', 2, 268742, 1881, 19, 4, 9, 6, 5, 4, 6, 4, 5, 3, NULL, NULL, NULL, NULL, 5, NULL, 'composure', 0, '2015-08-24 17:38:26', '2015-08-29 21:17:31', NULL),
	(2, 'Kevin', 'Ripper', 'pilot', 2, 144878, 1014, 20, 4, NULL, NULL, NULL, NULL, NULL, NULL, NULL, 3, 8, 4, 7, NULL, 5, NULL, 'composure', 0, '2015-08-24 17:38:26', '2015-08-29 21:17:45', NULL),
	(3, 'Bubba', 'Evans', 'driver', 2, 270165, 1891, 20, 6, 6, 6, 6, 4, 9, 4, 6, 3, NULL, NULL, NULL, NULL, 4, NULL, 'composure', 1, '2015-08-25 17:14:14', '2015-09-06 21:22:30', NULL),
	(4, 'Kevin', 'Ripper', 'pilot', 2, 139441, 976, 18, 4, NULL, NULL, NULL, NULL, NULL, NULL, NULL, 3, 8, 6, 6, NULL, 5, NULL, 'route_description', 0, '2015-08-25 17:14:14', '2015-08-28 02:15:02', NULL),
	(5, 'Jean', 'Ripper', 'driver', 3, 274090, 1919, 19, 6, 4, 7, 4, 5, 5, 7, 9, 3, NULL, NULL, NULL, NULL, 4, NULL, 'on_gravel', 0, '2015-08-25 18:57:06', '2015-09-02 08:57:00', NULL),
	(6, 'Jan', 'Curry', 'pilot', 3, 113904, 797, 19, 9, NULL, NULL, NULL, NULL, NULL, NULL, NULL, 3, 5, 4, 4, NULL, 9, NULL, 'dictate_rhytm', 0, '2015-08-25 18:57:06', '2015-09-01 02:15:02', NULL),
	(7, 'Seb', 'Smith', 'driver', 4, 262062, 1834, 20, 9, 5, 5, 8, 4, 4, 6, 5, 3, NULL, NULL, NULL, NULL, 4, NULL, 'composure', 0, '2015-08-25 19:07:54', '2015-08-29 21:17:57', NULL),
	(8, 'Jean', 'Evans', 'pilot', 4, 130773, 915, 21, 7, NULL, NULL, NULL, NULL, NULL, NULL, NULL, 3, 4, 7, 5, NULL, 6, NULL, 'route_description', 0, '2015-08-25 19:07:54', '2015-08-28 02:15:01', NULL),
	(9, 'Andrew', 'Nowak', 'driver', 5, 253907, 1777, 20, 4, 7, 4, 5, 5, 8, 5, 5, 3, NULL, NULL, NULL, NULL, 8, NULL, 'composure', 0, '2015-08-26 06:44:07', '2015-08-26 07:45:18', NULL),
	(10, 'Jack', 'Kowalski', 'pilot', 5, 148531, 1040, 18, 4, NULL, NULL, NULL, NULL, NULL, NULL, NULL, 3, 5, 8, 7, NULL, 4, NULL, 'composure', 0, '2015-08-26 06:44:07', '2015-08-26 07:45:23', NULL),
	(11, 'Jack', 'Simpson', 'driver', 6, 257541, 1803, 18, 7, 8, 5, 4, 7, 5, 5, 5, 3, NULL, NULL, NULL, NULL, 5, NULL, 'speed', 0, '2015-08-26 08:37:46', '2015-08-28 02:15:01', NULL),
	(12, 'James', 'Ripper', 'pilot', 6, 135919, 951, 18, 5, NULL, NULL, NULL, NULL, NULL, NULL, NULL, 3, 8, 8, 5, NULL, 4, NULL, 'diction', 0, '2015-08-26 08:37:46', '2015-08-28 02:15:01', NULL),
	(13, 'Kevin', 'Evans', 'driver', 7, 265087, 1856, 19, 9, 9, 4, 5, 5, 5, 4, 6, 3, NULL, NULL, NULL, NULL, 4, NULL, 'speed', 0, '2015-08-26 10:22:59', '2015-08-28 02:15:02', NULL),
	(14, 'James', 'Simpson', 'pilot', 7, 126655, 887, 21, 6, NULL, NULL, NULL, NULL, NULL, NULL, NULL, 3, 5, 6, 8, NULL, 6, NULL, 'composure', 0, '2015-08-26 10:22:59', '2015-08-28 02:15:02', NULL),
	(15, 'Jan', 'Exum', 'driver', 8, 282182, 1975, 19, 6, 4, 4, 5, 8, 5, 8, 4, 3, NULL, NULL, NULL, NULL, 4, NULL, 'composure', 0, '2015-08-26 11:14:47', '2015-08-26 11:24:34', NULL),
	(16, 'Jack', 'Ripper', 'pilot', 8, 115621, 809, 18, 6, NULL, NULL, NULL, NULL, NULL, NULL, NULL, 3, 5, 9, 4, NULL, 7, NULL, 'dictate_rhytm', 0, '2015-08-26 11:14:47', '2015-08-26 11:24:45', NULL),
	(17, 'Antoine', 'Evans', 'driver', 9, 276898, 1938, 18, 4, 4, 6, 6, 9, 7, 5, 4, 3, NULL, NULL, NULL, NULL, 4, NULL, 'speed', 0, '2015-08-26 11:18:45', '2015-09-04 12:32:00', NULL),
	(18, 'Steph', 'Smith', 'pilot', 9, 151543, 1061, 21, 4, NULL, NULL, NULL, NULL, NULL, NULL, NULL, 3, 4, 8, 5, NULL, 5, NULL, 'route_description', 0, '2015-08-26 11:18:45', '2015-08-28 02:15:02', NULL),
	(19, 'Jean', 'Ripper', 'driver', 3, 249972, 1750, 19, 9, 4, 7, 8, 4, 6, 4, 4, 3, NULL, NULL, NULL, NULL, 5, NULL, 'speed', 0, '2015-08-26 16:46:19', '2015-09-04 02:20:06', NULL),
	(20, 'Kevin', 'Kowalski', 'pilot', 3, 143422, 1004, 18, 4, NULL, NULL, NULL, NULL, NULL, NULL, NULL, 3, 9, 6, 7, NULL, 4, NULL, 'composure', 0, '2015-08-26 16:46:19', '2015-09-04 02:20:06', NULL),
	(21, 'Marc', 'Evans', 'driver', 11, 262012, 1834, 20, 8, 7, 4, 4, 4, 6, 6, 5, 3, NULL, NULL, NULL, NULL, 6, NULL, NULL, 0, '2015-08-26 20:17:15', '2015-08-26 20:17:15', NULL),
	(22, 'Jack', 'Curry', 'pilot', 11, 120571, 844, 21, 8, NULL, NULL, NULL, NULL, NULL, NULL, NULL, 3, 8, 4, 4, NULL, 7, NULL, NULL, 0, '2015-08-26 20:17:15', '2015-08-26 20:17:15', NULL),
	(23, 'Jan', 'Nowak', 'driver', 12, 263576, 1845, 21, 6, 4, 4, 7, 6, 4, 8, 5, 3, NULL, NULL, NULL, NULL, 5, NULL, 'composure', 0, '2015-08-26 23:51:56', '2015-08-28 02:15:02', NULL),
	(24, 'Jean', 'Ripper', 'pilot', 12, 124374, 871, 19, 7, NULL, NULL, NULL, NULL, NULL, NULL, NULL, 3, 4, 5, 8, NULL, 7, NULL, 'route_description', 0, '2015-08-26 23:51:56', '2015-08-28 02:15:02', NULL),
	(25, 'Jean', 'Kowalski', 'driver', 13, 257681, 1804, 21, 7, 4, 8, 4, 4, 6, 6, 4, 3, NULL, NULL, NULL, NULL, 6, NULL, NULL, 0, '2015-08-27 00:38:41', '2015-08-27 00:38:41', NULL),
	(26, 'Tom', 'Exum', 'pilot', 13, 153123, 1072, 19, 4, NULL, NULL, NULL, NULL, NULL, NULL, NULL, 3, 4, 8, 7, NULL, 4, NULL, NULL, 0, '2015-08-27 00:38:41', '2015-08-27 00:38:41', NULL),
	(27, 'Jan', 'House', 'driver', 14, 250404, 1753, 18, 7, 4, 4, 7, 4, 6, 4, 9, 3, NULL, NULL, NULL, NULL, 6, NULL, NULL, 0, '2015-08-27 01:07:04', '2015-08-27 01:07:04', NULL),
	(28, 'Seb', 'Smith', 'pilot', 14, 132193, 925, 18, 7, NULL, NULL, NULL, NULL, NULL, NULL, NULL, 3, 4, 4, 7, NULL, 7, NULL, NULL, 0, '2015-08-27 01:07:04', '2015-08-27 01:07:04', NULL),
	(29, 'Antoine', 'Curry', 'driver', 15, 272151, 1905, 19, 4, 6, 4, 5, 7, 6, 4, 5, 3, NULL, NULL, NULL, NULL, 6, NULL, 'regularity', 0, '2015-08-27 10:39:47', '2015-08-30 02:15:02', NULL),
	(30, 'Andrew', 'Simpson', 'pilot', 15, 145005, 1015, 20, 4, NULL, NULL, NULL, NULL, NULL, NULL, NULL, 3, 7, 8, 5, NULL, 4, NULL, 'route_description', 0, '2015-08-27 10:39:47', '2015-08-30 02:15:02', NULL),
	(31, 'Antoine', 'Thompson', 'driver', 16, 279040, 1953, 21, 5, 4, 4, 7, 5, 9, 7, 4, 3, NULL, NULL, NULL, NULL, 4, NULL, 'on_snow', 0, '2015-08-27 10:55:05', '2015-08-30 02:15:02', NULL),
	(32, 'Steph', 'House', 'pilot', 16, 146854, 1028, 19, 4, NULL, NULL, NULL, NULL, NULL, NULL, NULL, 3, 9, 5, 6, NULL, 4, NULL, 'route_description', 0, '2015-08-27 10:55:05', '2015-08-30 02:15:02', NULL),
	(33, 'Jean', 'Kowalski', 'driver', 9, 199417, 1396, 18, 4, 4, 4, 4, 4, 4, 5, 4, 3, NULL, NULL, NULL, NULL, 4, NULL, 'speed', 0, '2015-08-27 13:51:09', '2015-08-31 02:15:02', NULL),
	(34, 'Bubba', 'Exum', 'pilot', 9, 109715, 768, 18, 4, NULL, NULL, NULL, NULL, NULL, NULL, NULL, 3, 4, 4, 4, NULL, 5, NULL, 'dictate_rhytm', 0, '2015-08-27 13:51:51', '2015-08-29 19:47:28', NULL),
	(35, 'Bubba', 'Exum', 'driver', 17, 278365, 1949, 19, 5, 4, 4, 7, 4, 5, 5, 8, 3, NULL, NULL, NULL, NULL, 4, NULL, 'on_gravel', 0, '2015-08-27 14:44:48', '2015-08-29 02:15:01', NULL),
	(36, 'John', 'Kowalski', 'pilot', 17, 121141, 848, 20, 4, NULL, NULL, NULL, NULL, NULL, NULL, NULL, 3, 6, 8, 6, NULL, 7, NULL, 'dictate_rhytm', 0, '2015-08-27 14:44:48', '2015-08-29 02:15:01', NULL),
	(37, 'Andrew', 'House', 'driver', 19, 240153, 1681, 21, 4, 4, 4, 6, 5, 6, 7, 4, 3, NULL, NULL, NULL, NULL, 4, NULL, NULL, 0, '2015-08-28 10:16:57', '2015-08-28 10:16:57', NULL),
	(38, 'Antoine', 'Smith', 'pilot', 19, 121691, 852, 21, 5, NULL, NULL, NULL, NULL, NULL, NULL, NULL, 3, 4, 5, 4, NULL, 6, NULL, NULL, 0, '2015-08-28 10:16:57', '2015-08-28 10:16:57', NULL),
	(39, 'Marc', 'Thompson', 'pilot', 2, 66880, 468, 18, 2, NULL, NULL, NULL, NULL, NULL, NULL, NULL, 3, 2, 4, 2, NULL, 5, NULL, NULL, 0, '2015-08-28 10:32:41', '2015-08-28 10:32:41', NULL),
	(40, 'Andrew', 'Smith', 'pilot', 2, 131842, 923, 19, 7, NULL, NULL, NULL, NULL, NULL, NULL, NULL, 3, 7, 6, 7, NULL, 4, NULL, NULL, 0, '2015-08-28 10:32:46', '2015-08-28 10:32:46', NULL),
	(41, 'Jean', 'Nowak', 'pilot', 2, 62191, 435, 19, 2, NULL, NULL, NULL, NULL, NULL, NULL, NULL, 3, 2, 5, 2, NULL, 5, NULL, NULL, 0, '2015-08-28 10:32:50', '2015-08-28 10:32:50', NULL),
	(42, 'Jan', 'House', 'driver', 3, 138543, 970, 19, 2, 2, 4, 2, 4, 2, 2, 2, 3, NULL, NULL, NULL, NULL, 2, NULL, 'on_gravel', 0, '2015-08-28 10:32:56', '2015-09-04 02:20:06', NULL),
	(43, 'James', 'Simpson', 'driver', 5, 127365, 892, 21, 2, 3, 4, 4, 2, 2, 2, 4, 3, NULL, NULL, NULL, NULL, 2, NULL, 'on_snow', 0, '2015-08-28 10:33:01', '2015-09-02 02:15:02', NULL),
	(44, 'Jan', 'House', 'driver', 3, 238244, 1668, 21, 4, 6, 4, 7, 4, 5, 4, 5, 3, NULL, NULL, NULL, NULL, 4, NULL, 'speed', 0, '2015-08-28 10:33:06', '2015-09-02 08:57:08', NULL),
	(45, 'Bubba', 'Ripper', 'driver', 4, 132433, 927, 19, 2, 2, 5, 4, 2, 2, 3, 2, 3, NULL, NULL, NULL, NULL, 2, NULL, 'speed', 0, '2015-08-28 15:52:44', '2015-08-29 17:28:18', NULL),
	(46, 'Jan', 'Exum', 'pilot', 23, 95443, 668, 20, 3, NULL, NULL, NULL, NULL, NULL, NULL, NULL, 3, 3, 6, 3, NULL, 3, NULL, 'dictate_rhytm', 0, '2015-08-28 16:27:24', '2015-09-03 00:15:01', NULL),
	(47, 'Andrew', 'Thompson', 'pilot', 5, 101882, 713, 20, 3, NULL, NULL, NULL, NULL, NULL, NULL, NULL, 3, 3, 4, 4, NULL, 3, NULL, 'dictate_rhytm', 0, '2015-08-28 16:28:30', '2015-08-29 10:50:37', NULL),
	(48, 'Andrew', 'Thompson', 'pilot', 7, 106990, 749, 19, 4, NULL, NULL, NULL, NULL, NULL, NULL, NULL, 3, 4, 4, 7, NULL, 4, NULL, 'composure', 0, '2015-08-28 18:17:45', '2015-08-31 09:34:37', NULL),
	(49, 'Kevin', 'House', 'pilot', 23, 71816, 503, 18, 3, NULL, NULL, NULL, NULL, NULL, NULL, NULL, 3, 2, 6, 4, NULL, 2, NULL, 'composure', 0, '2015-08-28 20:57:40', '2015-09-03 00:20:01', NULL),
	(50, 'Jean', 'Nowak', 'driver', 5, 170657, 1195, 18, 3, 5, 3, 3, 3, 3, 4, 3, 3, NULL, NULL, NULL, NULL, 3, NULL, 'composure', 0, '2015-08-29 10:49:05', '2015-08-29 10:50:31', NULL),
	(51, 'Jan', 'Curry', 'driver', 4, 164585, 1152, 20, 3, 3, 6, 3, 3, 3, 3, 3, 3, NULL, NULL, NULL, NULL, 3, NULL, 'speed', 0, '2015-08-29 17:28:28', '2015-09-02 02:15:01', NULL),
	(52, 'Seb', 'House', 'pilot', 4, 78183, 547, 19, 2, NULL, NULL, NULL, NULL, NULL, NULL, NULL, 3, 2, 5, 2, NULL, 3, NULL, 'diction', 0, '2015-08-29 17:28:36', '2015-09-02 02:15:01', NULL),
	(53, 'John', 'Thompson', 'pilot', 6, 86157, 603, 19, 5, NULL, NULL, NULL, NULL, NULL, NULL, NULL, 3, 6, 3, 3, NULL, 3, NULL, 'route_description', 0, '2015-08-29 18:24:19', '2015-09-03 00:15:01', NULL),
	(54, 'Marc', 'Smith', 'driver', 23, 239498, 1676, 19, 4, 6, 4, 4, 4, 5, 4, 8, 3, NULL, NULL, NULL, NULL, 4, NULL, NULL, 0, '2015-08-29 20:48:39', '2015-09-04 02:20:06', NULL),
	(55, 'Kevin', 'Curry', 'pilot', 3, 118654, 831, 21, 4, NULL, NULL, NULL, NULL, NULL, NULL, NULL, 3, 4, 7, 4, NULL, 6, NULL, NULL, 0, '2015-08-29 20:48:39', '2015-09-04 02:20:06', NULL),
	(56, 'Marc', 'Kowalski', 'driver', 21, 238081, 1667, 18, 4, 4, 4, 6, 4, 6, 8, 4, 3, NULL, NULL, NULL, NULL, 4, NULL, NULL, 0, '2015-08-29 20:48:39', '2015-08-29 20:48:39', NULL),
	(57, 'Jack', 'Nowak', 'pilot', 21, 125736, 880, 18, 4, NULL, NULL, NULL, NULL, NULL, NULL, NULL, 3, 4, 6, 6, NULL, 5, NULL, NULL, 0, '2015-08-29 20:48:39', '2015-08-29 20:48:39', NULL),
	(58, 'Steph', 'Simpson', 'driver', 22, 242736, 1699, 19, 6, 4, 4, 4, 7, 4, 4, 5, 3, NULL, NULL, NULL, NULL, 4, NULL, NULL, 0, '2015-08-29 20:48:39', '2015-08-29 20:48:39', NULL),
	(59, 'Marc', 'Thompson', 'pilot', 22, 127992, 896, 21, 6, NULL, NULL, NULL, NULL, NULL, NULL, NULL, 3, 4, 5, 6, NULL, 4, NULL, NULL, 0, '2015-08-29 20:48:39', '2015-08-29 20:48:39', NULL),
	(60, 'Bubba', 'Simpson', 'driver', 23, 224322, 1570, 21, 6, 4, 4, 4, 4, 4, 6, 7, 3, NULL, NULL, NULL, NULL, 5, NULL, 'composure', 0, '2015-08-29 20:48:39', '2015-08-31 11:09:22', NULL),
	(61, 'Kevin', 'Curry', 'pilot', 23, 138749, 971, 19, 4, NULL, NULL, NULL, NULL, NULL, NULL, NULL, 3, 4, 4, 7, NULL, 4, NULL, 'route_description', 0, '2015-08-29 20:48:39', '2015-09-04 02:15:03', NULL),
	(62, 'Jan', 'Exum', 'driver', 24, 244090, 1709, 18, 4, 6, 4, 4, 4, 4, 6, 5, 3, NULL, NULL, NULL, NULL, 4, NULL, NULL, 0, '2015-08-29 20:48:39', '2015-08-29 20:48:39', NULL),
	(63, 'Kevin', 'House', 'pilot', 24, 120472, 843, 21, 6, NULL, NULL, NULL, NULL, NULL, NULL, NULL, 3, 6, 4, 5, NULL, 5, NULL, NULL, 0, '2015-08-29 20:48:39', '2015-08-29 20:48:39', NULL),
	(64, 'Seb', 'Thompson', 'driver', 25, 232394, 1627, 18, 5, 5, 4, 5, 4, 4, 4, 6, 3, NULL, NULL, NULL, NULL, 5, NULL, NULL, 0, '2015-08-29 20:48:39', '2015-08-29 20:48:39', NULL),
	(65, 'Jack', 'Smith', 'pilot', 25, 104998, 735, 18, 6, NULL, NULL, NULL, NULL, NULL, NULL, NULL, 3, 5, 4, 5, NULL, 7, NULL, NULL, 0, '2015-08-29 20:48:39', '2015-08-29 20:48:39', NULL),
	(66, 'Jack', 'Thompson', 'driver', 26, 222359, 1557, 19, 4, 4, 4, 5, 5, 5, 4, 4, 3, NULL, NULL, NULL, NULL, 7, NULL, NULL, 0, '2015-08-29 20:48:39', '2015-08-29 20:48:39', NULL),
	(67, 'Andrew', 'Simpson', 'pilot', 26, 125172, 876, 21, 6, NULL, NULL, NULL, NULL, NULL, NULL, NULL, 3, 4, 6, 5, NULL, 4, NULL, NULL, 0, '2015-08-29 20:48:39', '2015-08-29 20:48:39', NULL),
	(68, 'Andrew', 'Simpson', 'driver', 27, 224522, 1572, 19, 6, 4, 8, 6, 4, 4, 4, 4, 3, NULL, NULL, NULL, NULL, 4, NULL, NULL, 0, '2015-08-29 20:48:39', '2015-08-29 20:48:39', NULL),
	(69, 'Bubba', 'Curry', 'pilot', 27, 136826, 958, 21, 4, NULL, NULL, NULL, NULL, NULL, NULL, NULL, 3, 5, 4, 6, NULL, 4, NULL, NULL, 0, '2015-08-29 20:48:39', '2015-08-29 20:48:39', NULL),
	(70, 'Tom', 'Thompson', 'driver', 28, 239353, 1675, 21, 5, 4, 5, 5, 5, 6, 5, 4, 3, NULL, NULL, NULL, NULL, 4, NULL, NULL, 0, '2015-08-29 20:48:39', '2015-08-29 20:48:39', NULL),
	(71, 'Antoine', 'Nowak', 'pilot', 28, 121215, 849, 19, 4, NULL, NULL, NULL, NULL, NULL, NULL, NULL, 3, 7, 4, 4, NULL, 6, NULL, NULL, 0, '2015-08-29 20:48:39', '2015-08-29 20:48:39', NULL),
	(72, 'Jean', 'Evans', 'driver', 29, 230588, 1614, 18, 4, 6, 4, 5, 5, 4, 4, 7, 3, NULL, NULL, NULL, NULL, 5, NULL, NULL, 0, '2015-08-29 20:48:39', '2015-08-29 20:48:39', NULL),
	(73, 'Bubba', 'Kowalski', 'pilot', 29, 127554, 893, 21, 4, NULL, NULL, NULL, NULL, NULL, NULL, NULL, 3, 6, 6, 5, NULL, 4, NULL, NULL, 0, '2015-08-29 20:48:39', '2015-08-29 20:48:39', NULL),
	(74, 'Antoine', 'Curry', 'driver', 30, 222350, 1556, 18, 4, 4, 4, 6, 8, 4, 4, 4, 3, NULL, NULL, NULL, NULL, 6, NULL, NULL, 0, '2015-08-29 20:48:39', '2015-08-29 20:48:39', NULL),
	(75, 'Andrew', 'Thompson', 'pilot', 30, 121627, 851, 20, 4, NULL, NULL, NULL, NULL, NULL, NULL, NULL, 3, 6, 6, 6, NULL, 4, NULL, NULL, 0, '2015-08-29 20:48:39', '2015-08-29 20:48:39', NULL),
	(76, 'Kevin', 'Simpson', 'driver', 31, 233003, 1631, 20, 5, 6, 7, 4, 4, 4, 4, 6, 3, NULL, NULL, NULL, NULL, 4, NULL, NULL, 0, '2015-08-29 20:48:39', '2015-08-29 20:48:39', NULL),
	(77, 'Jean', 'Exum', 'pilot', 31, 115954, 812, 18, 8, NULL, NULL, NULL, NULL, NULL, NULL, NULL, 3, 4, 5, 4, NULL, 5, NULL, NULL, 0, '2015-08-29 20:48:39', '2015-08-29 20:48:39', NULL),
	(78, 'Marc', 'Exum', 'driver', 32, 228409, 1599, 18, 4, 4, 6, 4, 4, 7, 4, 6, 3, NULL, NULL, NULL, NULL, 5, NULL, NULL, 0, '2015-08-29 20:48:39', '2015-08-29 20:48:39', NULL),
	(79, 'Andrew', 'Smith', 'pilot', 32, 105679, 740, 21, 4, NULL, NULL, NULL, NULL, NULL, NULL, NULL, 3, 4, 7, 5, NULL, 7, NULL, NULL, 0, '2015-08-29 20:48:39', '2015-08-29 20:48:39', NULL),
	(80, 'Tom', 'Thompson', 'driver', 33, 232014, 1624, 21, 6, 5, 6, 4, 4, 5, 5, 5, 3, NULL, NULL, NULL, NULL, 4, NULL, 'composure', 0, '2015-08-29 20:48:39', '2015-09-01 10:03:33', NULL),
	(81, 'James', 'Evans', 'pilot', 15, 111274, 779, 20, 7, NULL, NULL, NULL, NULL, NULL, NULL, NULL, 3, 5, 4, 5, NULL, 6, NULL, NULL, 0, '2015-08-29 20:48:39', '2015-09-05 02:20:01', NULL),
	(82, 'Antoine', 'Simpson', 'driver', 15, 233525, 1635, 18, 4, 4, 4, 6, 4, 8, 5, 4, 3, NULL, NULL, NULL, NULL, 5, NULL, NULL, 0, '2015-08-29 20:48:39', '2015-09-05 02:20:01', NULL),
	(83, 'Jack', 'Ripper', 'pilot', 34, 103418, 724, 18, 5, NULL, NULL, NULL, NULL, NULL, NULL, NULL, 3, 4, 5, 5, NULL, 8, NULL, NULL, 0, '2015-08-29 20:48:39', '2015-08-29 20:48:39', NULL),
	(84, 'Andrew', 'Kowalski', 'pilot', 3, 61023, 427, 21, 3, NULL, NULL, NULL, NULL, NULL, NULL, NULL, 3, 5, 3, 2, NULL, 5, NULL, 'composure', 0, '2015-08-29 21:07:06', '2015-09-05 02:15:01', NULL),
	(85, 'Antoine', 'Smith', 'driver', 36, 233088, 1632, 19, 4, 5, 6, 5, 4, 4, 6, 4, 3, NULL, NULL, NULL, NULL, 5, NULL, NULL, 0, '2015-08-30 09:59:45', '2015-08-30 09:59:45', NULL),
	(86, 'Jan', 'House', 'pilot', 36, 119640, 837, 19, 7, NULL, NULL, NULL, NULL, NULL, NULL, NULL, 3, 4, 5, 4, NULL, 5, NULL, NULL, 0, '2015-08-30 09:59:45', '2015-08-30 09:59:45', NULL),
	(93, 'Jan', 'Exum', 'pilot', 10, 98561, 690, 19, 4, NULL, NULL, NULL, NULL, NULL, NULL, NULL, 3, 4, 4, 4, NULL, 6, NULL, NULL, 0, '2015-09-04 10:42:02', '2015-09-04 10:42:02', NULL),
	(87, 'John', 'Exum', 'driver', 37, 233789, 1637, 21, 4, 4, 4, 8, 4, 5, 4, 7, 3, NULL, NULL, NULL, NULL, 4, NULL, NULL, 0, '2015-08-31 14:27:42', '2015-08-31 14:27:42', NULL),
	(88, 'Jack', 'Thompson', 'pilot', 37, 132904, 930, 21, 4, NULL, NULL, NULL, NULL, NULL, NULL, NULL, 3, 4, 4, 6, NULL, 5, NULL, NULL, 0, '2015-08-31 14:27:42', '2015-08-31 14:27:42', NULL),
	(89, 'Seb', 'Evans', 'driver', 23, 222703, 1559, 19, 5, 4, 4, 4, 5, 5, 5, 4, 3, NULL, NULL, NULL, NULL, 7, NULL, 'composure', 0, '2015-09-01 09:56:01', '2015-09-04 02:15:03', NULL),
	(90, 'John', 'Evans', 'pilot', 33, 144581, 1012, 18, 6, NULL, NULL, NULL, NULL, NULL, NULL, NULL, 3, 9, 4, 4, NULL, 5, NULL, NULL, 0, '2015-09-01 10:04:18', '2015-09-01 10:04:18', NULL),
	(91, 'Bubba', 'Evans', 'driver', 38, 226912, 1588, 20, 5, 4, 6, 4, 4, 7, 5, 4, 3, NULL, NULL, NULL, NULL, 5, NULL, NULL, 0, '2015-09-01 10:26:57', '2015-09-01 10:26:57', NULL),
	(92, 'Steph', 'Ripper', 'pilot', 38, 108423, 759, 21, 4, NULL, NULL, NULL, NULL, NULL, NULL, NULL, 3, 7, 6, 4, NULL, 6, NULL, NULL, 0, '2015-09-01 10:26:57', '2015-09-01 10:26:57', NULL),
	(94, 'Tom', 'Exum', 'driver', 10, 133831, 937, 20, 2, 2, 2, 4, 2, 2, 2, 2, 3, NULL, NULL, NULL, NULL, 3, NULL, NULL, 0, '2015-09-04 10:42:08', '2015-09-04 10:42:08', NULL),
	(95, 'James', 'Evans', 'driver', 39, 245723, 1720, 19, 5, 6, 4, 4, 5, 4, 5, 4, 3, NULL, NULL, NULL, NULL, 4, NULL, NULL, 0, '2015-09-04 13:16:18', '2015-09-04 13:16:18', NULL),
	(96, 'Kevin', 'House', 'pilot', 39, 102045, 714, 20, 4, NULL, NULL, NULL, NULL, NULL, NULL, NULL, 3, 6, 5, 4, NULL, 8, NULL, NULL, 0, '2015-09-04 13:16:18', '2015-09-04 13:16:18', NULL);
/*!40000 ALTER TABLE `people_people` ENABLE KEYS */;


-- Zrzut struktury tabela ral.people_training
CREATE TABLE IF NOT EXISTS `people_training` (
  `id` int(11) NOT NULL AUTO_INCREMENT,
  `people_id` int(11) DEFAULT NULL,
  `skill_name` varchar(255) DEFAULT NULL,
  `current_skill_level` bigint(20) DEFAULT NULL,
  `training_factor` decimal(10,2) DEFAULT NULL,
  `max_available_km_passed_today` decimal(10,2) DEFAULT NULL,
  `km_passed_today` decimal(10,2) DEFAULT NULL,
  `km_for_next_star` decimal(10,2) DEFAULT NULL,
  `skill_promotion` tinyint(1) DEFAULT '0',
  `training_date` datetime DEFAULT NULL,
  `created_at` datetime NOT NULL,
  `updated_at` datetime NOT NULL,
  `deleted_at` datetime DEFAULT NULL,
  PRIMARY KEY (`id`),
  KEY `people_training_people_id_people_people_id` (`people_id`)
) ENGINE=MyISAM AUTO_INCREMENT=139 DEFAULT CHARSET=utf8;

-- Zrzucanie danych dla tabeli ral.people_training: 138 rows
DELETE FROM `people_training`;
/*!40000 ALTER TABLE `people_training` DISABLE KEYS */;
INSERT INTO `people_training` (`id`, `people_id`, `skill_name`, `current_skill_level`, `training_factor`, `max_available_km_passed_today`, `km_passed_today`, `km_for_next_star`, `skill_promotion`, `training_date`, `created_at`, `updated_at`, `deleted_at`) VALUES
	(1, 5, 'speed', 4, NULL, 708.86, 272.91, 272.91, 0, '2015-08-28 02:15:01', '2015-08-28 02:15:01', '2015-08-28 02:15:01', NULL),
	(2, 6, 'dictate_rhytm', 4, NULL, 708.86, 666.33, 666.33, 0, '2015-08-28 02:15:01', '2015-08-28 02:15:01', '2015-08-28 02:15:01', NULL),
	(3, 7, 'reflex', 8, NULL, 0.00, 0.00, 0.00, 0, '2015-08-28 02:15:01', '2015-08-28 02:15:01', '2015-08-28 02:15:01', NULL),
	(4, 8, 'route_description', 5, NULL, 708.86, 492.66, 492.66, 0, '2015-08-28 02:15:01', '2015-08-28 02:15:01', '2015-08-28 02:15:01', NULL),
	(5, 9, 'composure', 4, NULL, 708.86, 595.44, 595.44, 0, '2015-08-28 02:15:01', '2015-08-28 02:15:01', '2015-08-28 02:15:01', NULL),
	(6, 10, 'composure', 4, NULL, 708.86, 492.66, 492.66, 0, '2015-08-28 02:15:01', '2015-08-28 02:15:01', '2015-08-28 02:15:01', NULL),
	(7, 1, 'on_snow', 4, NULL, 708.86, 0.00, 0.00, 0, '2015-08-28 02:15:01', '2015-08-28 02:15:01', '2015-08-28 02:15:01', NULL),
	(8, 2, 'diction', 4, NULL, 708.86, 637.97, 637.97, 0, '2015-08-28 02:15:01', '2015-08-28 02:15:01', '2015-08-28 02:15:01', NULL),
	(9, 11, 'speed', 8, NULL, 0.00, 0.00, 0.00, 0, '2015-08-28 02:15:01', '2015-08-28 02:15:01', '2015-08-28 02:15:01', NULL),
	(10, 12, 'diction', 8, NULL, 0.00, 0.00, 0.00, 0, '2015-08-28 02:15:01', '2015-08-28 02:15:01', '2015-08-28 02:15:01', NULL),
	(11, 13, 'speed', 9, NULL, 0.00, 0.00, 0.00, 0, '2015-08-28 02:15:02', '2015-08-28 02:15:02', '2015-08-28 02:15:02', NULL),
	(12, 14, 'composure', 6, NULL, 708.86, 297.72, 297.72, 0, '2015-08-28 02:15:02', '2015-08-28 02:15:02', '2015-08-28 02:15:02', NULL),
	(13, 15, 'composure', 6, NULL, 708.86, 343.80, 343.80, 0, '2015-08-28 02:15:02', '2015-08-28 02:15:02', '2015-08-28 02:15:02', NULL),
	(14, 16, 'dictate_rhytm', 5, NULL, 708.86, 630.89, 630.89, 0, '2015-08-28 02:15:02', '2015-08-28 02:15:02', '2015-08-28 02:15:02', NULL),
	(15, 17, 'on_tarmac', 7, NULL, 0.00, 0.00, 0.00, 0, '2015-08-28 02:15:02', '2015-08-28 02:15:02', '2015-08-28 02:15:02', NULL),
	(16, 18, 'route_description', 5, NULL, 708.86, 276.46, 276.46, 0, '2015-08-28 02:15:02', '2015-08-28 02:15:02', '2015-08-28 02:15:02', NULL),
	(17, 3, 'composure', 6, NULL, 708.86, 347.34, 347.34, 0, '2015-08-28 02:15:02', '2015-08-28 02:15:02', '2015-08-28 02:15:02', NULL),
	(18, 4, 'route_description', 6, NULL, 708.86, 453.67, 453.67, 0, '2015-08-28 02:15:02', '2015-08-28 02:15:02', '2015-08-28 02:15:02', NULL),
	(19, 23, 'composure', 6, NULL, 708.86, 336.71, 336.71, 0, '2015-08-28 02:15:02', '2015-08-28 02:15:02', '2015-08-28 02:15:02', NULL),
	(20, 24, 'route_description', 8, NULL, 0.00, 0.00, 0.00, 0, '2015-08-28 02:15:02', '2015-08-28 02:15:02', '2015-08-28 02:15:02', NULL),
	(21, 13, 'speed', 9, NULL, 0.00, 0.00, 0.00, 0, '2015-08-29 02:15:01', '2015-08-29 02:15:01', '2015-08-29 02:15:01', NULL),
	(22, 14, 'composure', 6, NULL, 599.34, 251.72, 549.44, 0, '2015-08-29 02:15:01', '2015-08-29 02:15:01', '2015-08-29 02:15:01', NULL),
	(23, 9, 'composure', 4, NULL, 599.34, 503.45, 1098.89, 0, '2015-08-29 02:15:01', '2015-08-29 02:15:01', '2015-08-29 02:15:01', NULL),
	(24, 10, 'composure', 4, NULL, 599.34, 416.54, 909.20, 0, '2015-08-29 02:15:01', '2015-08-29 02:15:01', '2015-08-29 02:15:01', NULL),
	(25, 5, 'speed', 4, NULL, 599.34, 230.75, 503.66, 0, '2015-08-29 02:15:01', '2015-08-29 02:15:01', '2015-08-29 02:15:01', NULL),
	(26, 6, 'dictate_rhytm', 4, NULL, 599.34, 563.38, 1229.71, 0, '2015-08-29 02:15:01', '2015-08-29 02:15:01', '2015-08-29 02:15:01', NULL),
	(27, 17, 'on_tarmac', 7, NULL, 0.00, 0.00, 0.00, 0, '2015-08-29 02:15:01', '2015-08-29 02:15:01', '2015-08-29 02:15:01', NULL),
	(28, 18, 'route_description', 5, NULL, 599.34, 233.74, 510.20, 0, '2015-08-29 02:15:01', '2015-08-29 02:15:01', '2015-08-29 02:15:01', NULL),
	(29, 7, 'reflex', 8, NULL, 0.00, 0.00, 0.00, 0, '2015-08-29 02:15:01', '2015-08-29 02:15:01', '2015-08-29 02:15:01', NULL),
	(30, 8, 'route_description', 5, NULL, 599.34, 416.54, 909.20, 0, '2015-08-29 02:15:01', '2015-08-29 02:15:01', '2015-08-29 02:15:01', NULL),
	(31, 35, 'on_gravel', 4, NULL, 599.34, 139.35, 139.35, 0, '2015-08-29 02:15:01', '2015-08-29 02:15:01', '2015-08-29 02:15:01', NULL),
	(32, 36, 'dictate_rhytm', 6, NULL, 599.34, 281.69, 281.69, 0, '2015-08-29 02:15:01', '2015-08-29 02:15:01', '2015-08-29 02:15:01', NULL),
	(33, 13, 'speed', 9, NULL, 0.00, 0.00, 0.00, 0, '2015-08-30 02:15:01', '2015-08-30 02:15:01', '2015-08-30 02:15:01', NULL),
	(34, 14, 'composure', 6, NULL, 410.54, 172.43, 721.87, 0, '2015-08-30 02:15:01', '2015-08-30 02:15:01', '2015-08-30 02:15:01', NULL),
	(35, 9, 'composure', 4, NULL, 410.54, 344.85, 1443.74, 0, '2015-08-30 02:15:01', '2015-08-30 02:15:01', '2015-08-30 02:15:01', NULL),
	(36, 10, 'composure', 4, NULL, 410.54, 285.33, 1194.53, 0, '2015-08-30 02:15:01', '2015-08-30 02:15:01', '2015-08-30 02:15:01', NULL),
	(37, 17, 'on_tarmac', 7, NULL, 0.00, 0.00, 0.00, 0, '2015-08-30 02:15:01', '2015-08-30 02:15:01', '2015-08-30 02:15:01', NULL),
	(38, 18, 'route_description', 5, NULL, 410.54, 160.11, 670.31, 0, '2015-08-30 02:15:01', '2015-08-30 02:15:01', '2015-08-30 02:15:01', NULL),
	(39, 5, 'speed', 4, NULL, 410.54, 158.06, 661.72, 0, '2015-08-30 02:15:01', '2015-08-30 02:15:01', '2015-08-30 02:15:01', NULL),
	(40, 6, 'dictate_rhytm', 4, NULL, 410.54, 385.91, 1615.62, 0, '2015-08-30 02:15:01', '2015-08-30 02:15:01', '2015-08-30 02:15:01', NULL),
	(41, 19, 'on_gravel', 4, NULL, 410.54, 0.00, 0.00, 0, '2015-08-30 02:15:01', '2015-08-30 02:15:01', '2015-08-30 02:15:01', NULL),
	(42, 20, 'composure', 4, NULL, 410.54, 158.06, 158.06, 0, '2015-08-30 02:15:02', '2015-08-30 02:15:02', '2015-08-30 02:15:02', NULL),
	(43, 31, 'on_snow', 7, NULL, 0.00, 0.00, 0.00, 0, '2015-08-30 02:15:02', '2015-08-30 02:15:02', '2015-08-30 02:15:02', NULL),
	(44, 32, 'route_description', 6, NULL, 410.54, 102.64, 102.64, 0, '2015-08-30 02:15:02', '2015-08-30 02:15:02', '2015-08-30 02:15:02', NULL),
	(45, 1, 'composure', 4, NULL, 410.54, 102.64, 102.64, 0, '2015-08-30 02:15:02', '2015-08-30 02:15:02', '2015-08-30 02:15:02', NULL),
	(46, 2, 'composure', 4, NULL, 410.54, 260.69, 260.69, 0, '2015-08-30 02:15:02', '2015-08-30 02:15:02', '2015-08-30 02:15:02', NULL),
	(47, 3, 'composure', 6, NULL, 410.54, 201.16, 548.50, 0, '2015-08-30 02:15:02', '2015-08-30 02:15:02', '2015-08-30 02:15:02', NULL),
	(48, 4, 'route_description', 6, NULL, 410.54, 262.75, 716.42, 0, '2015-08-30 02:15:02', '2015-08-30 02:15:02', '2015-08-30 02:15:02', NULL),
	(49, 11, 'speed', 8, NULL, 0.00, 0.00, 0.00, 0, '2015-08-30 02:15:02', '2015-08-30 02:15:02', '2015-08-30 02:15:02', NULL),
	(50, 12, 'diction', 8, NULL, 0.00, 0.00, 0.00, 0, '2015-08-30 02:15:02', '2015-08-30 02:15:02', '2015-08-30 02:15:02', NULL),
	(51, 7, 'composure', 9, NULL, 0.00, 0.00, 0.00, 0, '2015-08-30 02:15:02', '2015-08-30 02:15:02', '2015-08-30 02:15:02', NULL),
	(52, 8, 'route_description', 5, NULL, 410.54, 285.33, 1194.53, 0, '2015-08-30 02:15:02', '2015-08-30 02:15:02', '2015-08-30 02:15:02', NULL),
	(53, 29, 'regularity', 4, NULL, 410.54, 275.06, 275.06, 0, '2015-08-30 02:15:02', '2015-08-30 02:15:02', '2015-08-30 02:15:02', NULL),
	(54, 30, 'route_description', 5, NULL, 410.54, 240.17, 240.17, 0, '2015-08-30 02:15:02', '2015-08-30 02:15:02', '2015-08-30 02:15:02', NULL),
	(55, 13, 'speed', 9, NULL, 0.00, 0.00, 0.00, 0, '2015-08-31 02:15:01', '2015-08-31 02:15:01', '2015-08-31 02:15:01', NULL),
	(56, 14, 'composure', 6, NULL, 686.26, 288.23, 1010.10, 0, '2015-08-31 02:15:01', '2015-08-31 02:15:01', '2015-08-31 02:15:01', NULL),
	(57, 5, 'composure', 6, NULL, 686.26, 171.57, 171.57, 0, '2015-08-31 02:15:02', '2015-08-31 02:15:02', '2015-08-31 02:15:02', NULL),
	(58, 6, 'dictate_rhytm', 4, NULL, 686.26, 645.08, 2260.70, 0, '2015-08-31 02:15:02', '2015-08-31 02:15:02', '2015-08-31 02:15:02', NULL),
	(59, 9, 'composure', 4, NULL, 686.26, 576.46, 2020.20, 0, '2015-08-31 02:15:02', '2015-08-31 02:15:02', '2015-08-31 02:15:02', NULL),
	(60, 10, 'composure', 4, NULL, 686.26, 476.95, 1671.48, 0, '2015-08-31 02:15:02', '2015-08-31 02:15:02', '2015-08-31 02:15:02', NULL),
	(61, 50, 'composure', 3, NULL, 686.26, 171.57, 171.57, 0, '2015-08-31 02:15:02', '2015-08-31 02:15:02', '2015-08-31 02:15:02', NULL),
	(62, 47, 'dictate_rhytm', 3, NULL, 686.26, 346.56, 346.56, 0, '2015-08-31 02:15:02', '2015-08-31 02:15:02', '2015-08-31 02:15:02', NULL),
	(63, 7, 'composure', 9, NULL, 0.00, 0.00, 0.00, 0, '2015-08-31 02:15:02', '2015-08-31 02:15:02', '2015-08-31 02:15:02', NULL),
	(64, 8, 'route_description', 5, NULL, 686.26, 476.95, 1671.48, 0, '2015-08-31 02:15:02', '2015-08-31 02:15:02', '2015-08-31 02:15:02', NULL),
	(65, 33, 'speed', 4, NULL, 686.26, 171.57, 171.57, 0, '2015-08-31 02:15:02', '2015-08-31 02:15:02', '2015-08-31 02:15:02', NULL),
	(66, 18, 'route_description', 5, NULL, 686.26, 267.64, 937.95, 0, '2015-08-31 02:15:02', '2015-08-31 02:15:02', '2015-08-31 02:15:02', NULL),
	(67, 19, 'speed', 4, NULL, 461.10, 170.61, 170.61, 0, '2015-09-01 02:15:01', '2015-09-01 02:15:01', '2015-09-01 02:15:01', NULL),
	(68, 20, 'composure', 4, NULL, 461.10, 177.52, 335.58, 0, '2015-09-01 02:15:02', '2015-09-01 02:15:02', '2015-09-01 02:15:02', NULL),
	(69, 29, 'regularity', 4, NULL, 461.10, 308.94, 584.00, 0, '2015-09-01 02:15:02', '2015-09-01 02:15:02', '2015-09-01 02:15:02', NULL),
	(70, 30, 'route_description', 5, NULL, 461.10, 269.74, 509.91, 0, '2015-09-01 02:15:02', '2015-09-01 02:15:02', '2015-09-01 02:15:02', NULL),
	(71, 7, 'composure', 9, NULL, 0.00, 0.00, 0.00, 0, '2015-09-01 02:15:02', '2015-09-01 02:15:02', '2015-09-01 02:15:02', NULL),
	(72, 8, 'route_description', 5, NULL, 461.10, 320.46, 1991.94, 0, '2015-09-01 02:15:02', '2015-09-01 02:15:02', '2015-09-01 02:15:02', NULL),
	(73, 17, 'on_tarmac', 7, NULL, 0.00, 0.00, 0.00, 0, '2015-09-01 02:15:02', '2015-09-01 02:15:02', '2015-09-01 02:15:02', NULL),
	(74, 18, 'route_description', 5, NULL, 461.10, 179.83, 1117.78, 0, '2015-09-01 02:15:02', '2015-09-01 02:15:02', '2015-09-01 02:15:02', NULL),
	(75, 5, 'regularity', 7, NULL, 0.00, 0.00, 0.00, 0, '2015-09-01 02:15:02', '2015-09-01 02:15:02', '2015-09-01 02:15:02', NULL),
	(76, 6, 'dictate_rhytm', 4, NULL, 461.10, 433.43, 244.13, 1, '2015-09-01 02:15:02', '2015-09-01 02:15:02', '2015-09-01 02:15:02', NULL),
	(77, 42, 'on_gravel', 4, NULL, 461.10, 228.24, 228.24, 0, '2015-09-01 02:15:02', '2015-09-01 02:15:02', '2015-09-01 02:15:02', NULL),
	(78, 84, 'composure', 2, NULL, 461.10, 394.24, 394.24, 0, '2015-09-01 02:15:02', '2015-09-01 02:15:02', '2015-09-01 02:15:02', NULL),
	(79, 51, 'speed', 3, NULL, 494.20, 123.55, 123.55, 0, '2015-09-02 02:15:01', '2015-09-02 02:15:01', '2015-09-02 02:15:01', NULL),
	(80, 52, 'diction', 5, NULL, 494.20, 343.47, 343.47, 0, '2015-09-02 02:15:01', '2015-09-02 02:15:01', '2015-09-02 02:15:01', NULL),
	(81, 29, 'regularity', 4, NULL, 494.20, 331.11, 915.11, 0, '2015-09-02 02:15:01', '2015-09-02 02:15:01', '2015-09-02 02:15:01', NULL),
	(82, 30, 'route_description', 5, NULL, 494.20, 289.11, 799.02, 0, '2015-09-02 02:15:01', '2015-09-02 02:15:01', '2015-09-02 02:15:01', NULL),
	(83, 13, 'speed', 9, NULL, 0.00, 0.00, 0.00, 0, '2015-09-02 02:15:01', '2015-09-02 02:15:01', '2015-09-02 02:15:01', NULL),
	(84, 14, 'composure', 6, NULL, 494.20, 207.56, 1217.66, 0, '2015-09-02 02:15:01', '2015-09-02 02:15:01', '2015-09-02 02:15:01', NULL),
	(85, 9, 'composure', 4, NULL, 494.20, 415.13, 2435.33, 0, '2015-09-02 02:15:01', '2015-09-02 02:15:01', '2015-09-02 02:15:01', NULL),
	(86, 10, 'composure', 4, NULL, 494.20, 343.47, 2014.95, 0, '2015-09-02 02:15:01', '2015-09-02 02:15:01', '2015-09-02 02:15:01', NULL),
	(87, 43, 'on_snow', 2, NULL, 494.20, 0.00, 0.00, 0, '2015-09-02 02:15:02', '2015-09-02 02:15:02', '2015-09-02 02:15:02', NULL),
	(88, 47, 'dictate_rhytm', 3, NULL, 494.20, 249.57, 596.13, 0, '2015-09-02 02:15:02', '2015-09-02 02:15:02', '2015-09-02 02:15:02', NULL),
	(89, 5, 'reflex', 4, NULL, 494.20, 165.56, 165.56, 0, '2015-09-02 02:15:02', '2015-09-02 02:15:02', '2015-09-02 02:15:02', NULL),
	(90, 6, 'dictate_rhytm', 5, NULL, 494.20, 464.55, 708.68, 0, '2015-09-02 02:15:02', '2015-09-02 02:15:02', '2015-09-02 02:15:02', NULL),
	(91, 44, 'composure', 4, NULL, 494.20, 150.73, 150.73, 0, '2015-09-02 02:15:02', '2015-09-02 02:15:02', '2015-09-02 02:15:02', NULL),
	(92, 84, 'composure', 2, NULL, 494.20, 422.54, 816.78, 0, '2015-09-02 02:15:02', '2015-09-02 02:15:02', '2015-09-02 02:15:02', NULL),
	(93, 13, 'speed', 9, NULL, 0.00, 0.00, 0.00, 0, '2015-09-03 00:15:01', '2015-09-03 00:15:01', '2015-09-03 00:15:01', NULL),
	(94, 14, 'composure', 6, NULL, 0.00, 0.00, 1217.66, 0, '2015-09-03 00:15:01', '2015-09-03 00:15:01', '2015-09-03 00:15:01', NULL),
	(95, 51, 'speed', 3, NULL, 0.00, 0.00, 123.55, 0, '2015-09-03 00:15:01', '2015-09-03 00:15:01', '2015-09-03 00:15:01', NULL),
	(96, 8, 'route_description', 5, NULL, 0.00, 0.00, 1991.94, 0, '2015-09-03 00:15:01', '2015-09-03 00:15:01', '2015-09-03 00:15:01', NULL),
	(97, 9, 'composure', 4, NULL, 0.00, 0.00, 2435.33, 0, '2015-09-03 00:15:01', '2015-09-03 00:15:01', '2015-09-03 00:15:01', NULL),
	(98, 10, 'composure', 4, NULL, 0.00, 0.00, 2014.95, 0, '2015-09-03 00:15:01', '2015-09-03 00:15:01', '2015-09-03 00:15:01', NULL),
	(99, 43, 'on_snow', 2, NULL, 0.00, 0.00, 0.00, 0, '2015-09-03 00:15:01', '2015-09-03 00:15:01', '2015-09-03 00:15:01', NULL),
	(100, 47, 'dictate_rhytm', 3, NULL, 0.00, 0.00, 596.13, 0, '2015-09-03 00:15:01', '2015-09-03 00:15:01', '2015-09-03 00:15:01', NULL),
	(101, 60, 'composure', 6, NULL, 622.18, 307.98, 307.98, 0, '2015-09-03 00:15:01', '2015-09-03 00:15:01', '2015-09-03 00:15:01', NULL),
	(102, 46, 'dictate_rhytm', 3, NULL, 622.18, 435.53, 435.53, 0, '2015-09-03 00:15:01', '2015-09-03 00:15:01', '2015-09-03 00:15:01', NULL),
	(103, 11, 'speed', 8, NULL, 0.00, 0.00, 0.00, 0, '2015-09-03 00:15:01', '2015-09-03 00:15:01', '2015-09-03 00:15:01', NULL),
	(104, 53, 'route_description', 3, NULL, 622.18, 584.85, 584.85, 0, '2015-09-03 00:15:01', '2015-09-03 00:15:01', '2015-09-03 00:15:01', NULL),
	(105, 17, 'on_tarmac', 7, NULL, 0.00, 0.00, 0.00, 0, '2015-09-03 00:15:01', '2015-09-03 00:15:01', '2015-09-03 00:15:01', NULL),
	(106, 18, 'route_description', 5, NULL, 622.18, 242.65, 1360.43, 0, '2015-09-03 00:15:01', '2015-09-03 00:15:01', '2015-09-03 00:15:01', NULL),
	(107, 29, 'regularity', 4, NULL, 622.18, 416.86, 1331.97, 0, '2015-09-03 00:15:01', '2015-09-03 00:15:01', '2015-09-03 00:15:01', NULL),
	(108, 30, 'route_description', 5, NULL, 622.18, 363.98, 1163.00, 0, '2015-09-03 00:15:01', '2015-09-03 00:15:01', '2015-09-03 00:15:01', NULL),
	(109, 1, 'composure', 4, NULL, 622.18, 155.55, 258.19, 0, '2015-09-03 00:15:01', '2015-09-03 00:15:01', '2015-09-03 00:15:01', NULL),
	(110, 2, 'composure', 4, NULL, 622.18, 395.08, 655.77, 0, '2015-09-03 00:15:01', '2015-09-03 00:15:01', '2015-09-03 00:15:01', NULL),
	(111, 29, 'regularity', 4, NULL, 449.92, 301.45, 1633.42, 0, '2015-09-04 02:15:02', '2015-09-04 02:15:02', '2015-09-04 02:15:02', NULL),
	(112, 30, 'route_description', 5, NULL, 449.92, 263.20, 1426.20, 0, '2015-09-04 02:15:02', '2015-09-04 02:15:02', '2015-09-04 02:15:02', NULL),
	(113, 5, 'on_gravel', 5, NULL, 449.92, 0.00, 0.00, 0, '2015-09-04 02:15:02', '2015-09-04 02:15:03', '2015-09-04 02:15:03', NULL),
	(114, 6, 'dictate_rhytm', 5, NULL, 449.92, 422.92, 1131.60, 0, '2015-09-04 02:15:03', '2015-09-04 02:15:03', '2015-09-04 02:15:03', NULL),
	(115, 44, 'speed', 6, NULL, 449.92, 292.45, 292.45, 0, '2015-09-04 02:15:03', '2015-09-04 02:15:03', '2015-09-04 02:15:03', NULL),
	(116, 84, 'composure', 2, NULL, 449.92, 384.68, 1201.46, 0, '2015-09-04 02:15:03', '2015-09-04 02:15:03', '2015-09-04 02:15:03', NULL),
	(117, 7, 'composure', 9, NULL, 0.00, 0.00, 0.00, 0, '2015-09-04 02:15:03', '2015-09-04 02:15:03', '2015-09-04 02:15:03', NULL),
	(118, 8, 'route_description', 5, NULL, 449.92, 312.69, 2304.63, 0, '2015-09-04 02:15:03', '2015-09-04 02:15:03', '2015-09-04 02:15:03', NULL),
	(119, 60, 'composure', 6, NULL, 449.92, 222.71, 530.69, 0, '2015-09-04 02:15:03', '2015-09-04 02:15:03', '2015-09-04 02:15:03', NULL),
	(120, 46, 'dictate_rhytm', 3, NULL, 449.92, 314.94, 750.47, 0, '2015-09-04 02:15:03', '2015-09-04 02:15:03', '2015-09-04 02:15:03', NULL),
	(121, 89, 'composure', 5, NULL, 449.92, 112.48, 112.48, 0, '2015-09-04 02:15:03', '2015-09-04 02:15:03', '2015-09-04 02:15:03', NULL),
	(122, 61, 'route_description', 7, NULL, 449.92, 285.70, 285.70, 0, '2015-09-04 02:15:03', '2015-09-04 02:15:03', '2015-09-04 02:15:03', NULL),
	(123, 11, 'speed', 8, NULL, 0.00, 0.00, 0.00, 0, '2015-09-04 02:15:03', '2015-09-04 02:15:03', '2015-09-04 02:15:03', NULL),
	(124, 12, 'diction', 8, NULL, 0.00, 0.00, 0.00, 0, '2015-09-04 02:15:03', '2015-09-04 02:15:03', '2015-09-04 02:15:03', NULL),
	(125, 33, 'speed', 4, NULL, 449.92, 112.48, 284.05, 0, '2015-09-04 02:15:03', '2015-09-04 02:15:03', '2015-09-04 02:15:03', NULL),
	(126, 34, 'dictate_rhytm', 4, NULL, 449.92, 287.95, 287.95, 0, '2015-09-04 02:15:03', '2015-09-04 02:15:03', '2015-09-04 02:15:03', NULL),
	(127, 13, 'speed', 9, NULL, 0.00, 0.00, 0.00, 0, '2015-09-04 02:15:03', '2015-09-04 02:15:03', '2015-09-04 02:15:03', NULL),
	(128, 14, 'composure', 6, NULL, 449.92, 188.97, 1406.63, 0, '2015-09-04 02:15:03', '2015-09-04 02:15:03', '2015-09-04 02:15:03', NULL),
	(129, 5, 'on_gravel', 5, NULL, 430.06, 0.00, 0.00, 0, '2015-09-05 02:15:01', '2015-09-05 02:15:01', '2015-09-05 02:15:01', NULL),
	(130, 6, 'dictate_rhytm', 5, NULL, 430.06, 404.26, 1535.86, 0, '2015-09-05 02:15:01', '2015-09-05 02:15:01', '2015-09-05 02:15:01', NULL),
	(131, 44, 'speed', 6, NULL, 430.06, 279.54, 571.99, 0, '2015-09-05 02:15:01', '2015-09-05 02:15:01', '2015-09-05 02:15:01', NULL),
	(132, 84, 'composure', 2, NULL, 430.06, 367.70, 269.16, 1, '2015-09-05 02:15:01', '2015-09-05 02:15:01', '2015-09-05 02:15:01', NULL),
	(133, 45, 'speed', 2, NULL, 430.06, 107.52, 107.52, 0, '2015-09-05 02:15:01', '2015-09-05 02:15:01', '2015-09-05 02:15:01', NULL),
	(134, 52, 'diction', 5, NULL, 430.06, 298.89, 642.36, 0, '2015-09-05 02:15:01', '2015-09-05 02:15:01', '2015-09-05 02:15:01', NULL),
	(135, 29, 'regularity', 4, NULL, 430.06, 288.14, 1921.56, 0, '2015-09-05 02:15:01', '2015-09-05 02:15:01', '2015-09-05 02:15:01', NULL),
	(136, 30, 'route_description', 5, NULL, 430.06, 251.59, 1677.79, 0, '2015-09-05 02:15:01', '2015-09-05 02:15:01', '2015-09-05 02:15:01', NULL),
	(137, 13, 'speed', 9, NULL, 0.00, 0.00, 0.00, 0, '2015-09-05 02:15:01', '2015-09-05 02:15:01', '2015-09-05 02:15:01', NULL),
	(138, 14, 'composure', 6, NULL, 430.06, 180.63, 1587.26, 0, '2015-09-05 02:15:01', '2015-09-05 02:15:01', '2015-09-05 02:15:01', NULL);
/*!40000 ALTER TABLE `people_training` ENABLE KEYS */;


-- Zrzut struktury tabela ral.people_training_factor
CREATE TABLE IF NOT EXISTS `people_training_factor` (
  `people_id` int(11) NOT NULL AUTO_INCREMENT,
  `composure` decimal(10,2) DEFAULT NULL,
  `speed` decimal(10,2) DEFAULT NULL,
  `regularity` decimal(10,2) DEFAULT NULL,
  `reflex` decimal(10,2) DEFAULT NULL,
  `on_gravel` decimal(10,2) DEFAULT NULL,
  `on_tarmac` decimal(10,2) DEFAULT NULL,
  `on_snow` decimal(10,2) DEFAULT NULL,
  `in_rain` decimal(10,2) DEFAULT NULL,
  `dictate_rhytm` decimal(10,2) DEFAULT NULL,
  `diction` decimal(10,2) DEFAULT NULL,
  `route_description` decimal(10,2) DEFAULT NULL,
  `intelligence` decimal(10,2) DEFAULT NULL,
  `composure_max` bigint(20) DEFAULT NULL,
  `speed_max` bigint(20) DEFAULT NULL,
  `regularity_max` bigint(20) DEFAULT NULL,
  `reflex_max` bigint(20) DEFAULT NULL,
  `on_gravel_max` bigint(20) DEFAULT NULL,
  `on_tarmac_max` bigint(20) DEFAULT NULL,
  `on_snow_max` bigint(20) DEFAULT NULL,
  `in_rain_max` bigint(20) DEFAULT NULL,
  `dictate_rhytm_max` bigint(20) DEFAULT NULL,
  `diction_max` bigint(20) DEFAULT NULL,
  `route_description_max` bigint(20) DEFAULT NULL,
  `intelligence_max` bigint(20) DEFAULT NULL,
  `last_season_value_id` bigint(20) NOT NULL DEFAULT '0',
  `created_at` datetime DEFAULT NULL,
  `updated_at` datetime DEFAULT NULL,
  `deleted_at` datetime DEFAULT NULL,
  PRIMARY KEY (`people_id`)
) ENGINE=MyISAM AUTO_INCREMENT=97 DEFAULT CHARSET=utf8 COMMENT='insert into people_training_factor values \r\n(42,\r\nFORMAT((RAND() * (1.5))+0.5,2),\r\nFORMAT((RAND() * (1.5))+0.5,2),\r\nFORMAT((RAND() * (1.5))+0.5,2),\r\nFORMAT((RAND() * (1.5))+0.5,2),\r\nFORMAT((RAND() * (1.5))+0.5,2),\r\nFORMAT((RAND() * (1.5))+0.5,2),\r\nFORMAT((RAND() * (1.5))+0.5,2),\r\nFORMAT((RAND() * (1.5))+0.5,2),\r\nFORMAT((RAND() * (1.5))+0.5,2),\r\nFORMAT((RAND() * (1.5))+0.5,2),\r\nFORMAT((RAND() * (1.5))+0.5,2),\r\nFORMAT((RAND() * (1.5))+0.5,2),\r\nFLOOR((RAND() * (4))+6),\r\nFLOOR((RAND() * (4))+6),\r\nFLOOR((RAND() * (4))+6),\r\nFLOOR((RAND() * (4))+6),\r\nFLOOR((RAND() * (4))+6),\r\nFLOOR((RAND() * (4))+6),\r\nFLOOR((RAND() * (4))+6),\r\nFLOOR((RAND() * (4))+6),\r\nFLOOR((RAND() * (4))+6),\r\nFLOOR((RAND() * (4))+6),\r\nFLOOR((RAND() * (4))+6),\r\nFLOOR((RAND() * (4))+6),\r\nNOW(),\r\nNOW(),\r\nnull\r\n\r\n);';

-- Zrzucanie danych dla tabeli ral.people_training_factor: 96 rows
DELETE FROM `people_training_factor`;
/*!40000 ALTER TABLE `people_training_factor` DISABLE KEYS */;
INSERT INTO `people_training_factor` (`people_id`, `composure`, `speed`, `regularity`, `reflex`, `on_gravel`, `on_tarmac`, `on_snow`, `in_rain`, `dictate_rhytm`, `diction`, `route_description`, `intelligence`, `composure_max`, `speed_max`, `regularity_max`, `reflex_max`, `on_gravel_max`, `on_tarmac_max`, `on_snow_max`, `in_rain_max`, `dictate_rhytm_max`, `diction_max`, `route_description_max`, `intelligence_max`, `last_season_value_id`, `created_at`, `updated_at`, `deleted_at`) VALUES
	(1, 0.50, 1.07, 0.86, 1.50, 0.50, 0.62, 0.50, 0.99, NULL, NULL, NULL, NULL, 8, 8, 8, 7, 8, 8, 7, 8, NULL, NULL, NULL, NULL, 0, '2015-08-24 17:38:26', '2015-08-24 17:38:26', NULL),
	(2, 1.27, NULL, NULL, NULL, NULL, NULL, NULL, NULL, 0.72, 1.80, 0.95, NULL, 7, NULL, NULL, NULL, NULL, NULL, NULL, NULL, 7, 8, 8, NULL, 0, '2015-08-24 17:38:26', '2015-08-24 17:38:26', NULL),
	(3, 0.98, 0.71, 0.94, 0.96, 0.50, 0.50, 0.50, 0.79, NULL, NULL, NULL, NULL, 7, 7, 7, 7, 8, 7, 8, 7, NULL, NULL, NULL, NULL, 0, '2015-08-25 17:14:14', '2015-08-25 17:14:14', NULL),
	(4, 0.74, NULL, NULL, NULL, NULL, NULL, NULL, NULL, 0.87, 1.94, 1.28, NULL, 7, NULL, NULL, NULL, NULL, NULL, NULL, NULL, 8, 8, 7, NULL, 0, '2015-08-25 17:14:14', '2015-08-25 17:14:14', NULL),
	(5, 0.50, 0.77, 1.06, 0.67, 0.50, 0.50, 1.38, 0.50, NULL, NULL, NULL, NULL, 7, 8, 7, 7, 7, 7, 8, 7, NULL, NULL, NULL, NULL, 0, '2015-08-25 18:57:06', '2015-08-25 18:57:06', NULL),
	(6, 1.67, NULL, NULL, NULL, NULL, NULL, NULL, NULL, 1.88, 1.65, 1.82, NULL, 9, NULL, NULL, NULL, NULL, NULL, NULL, NULL, 10, 9, 9, NULL, 0, '2015-08-25 18:57:06', '2015-08-25 18:57:06', NULL),
	(7, 0.50, 0.50, 1.11, 0.79, 0.50, 0.86, 0.57, 1.04, NULL, NULL, NULL, NULL, 7, 7, 7, 7, 7, 8, 7, 8, NULL, NULL, NULL, NULL, 0, '2015-08-25 19:07:54', '2015-08-25 19:07:54', NULL),
	(8, 1.52, NULL, NULL, NULL, NULL, NULL, NULL, NULL, 0.72, 1.67, 1.39, NULL, 9, NULL, NULL, NULL, NULL, NULL, NULL, NULL, 8, 8, 8, NULL, 0, '2015-08-25 19:07:54', '2015-08-25 19:07:54', NULL),
	(9, 1.68, 0.78, 1.17, 0.81, 1.76, 0.92, 0.52, 1.20, NULL, NULL, NULL, NULL, 9, 9, 9, 9, 10, 9, 9, 9, NULL, NULL, NULL, NULL, 0, '2015-08-26 06:44:07', '2015-08-26 06:44:07', NULL),
	(10, 1.39, NULL, NULL, NULL, NULL, NULL, NULL, NULL, 0.86, 0.90, 1.11, NULL, 7, NULL, NULL, NULL, NULL, NULL, NULL, NULL, 8, 7, 7, NULL, 0, '2015-08-26 06:44:07', '2015-08-26 06:44:07', NULL),
	(11, 0.58, 0.50, 0.55, 1.41, 1.16, 0.94, 0.50, 0.90, NULL, NULL, NULL, NULL, 8, 8, 8, 8, 7, 8, 8, 7, NULL, NULL, NULL, NULL, 0, '2015-08-26 08:37:46', '2015-08-26 08:37:46', NULL),
	(12, 0.50, NULL, NULL, NULL, NULL, NULL, NULL, NULL, 1.19, 1.08, 1.45, NULL, 7, NULL, NULL, NULL, NULL, NULL, NULL, NULL, 7, 7, 8, NULL, 0, '2015-08-26 08:37:46', '2015-08-26 08:37:46', NULL),
	(13, 0.50, 0.50, 0.50, 0.50, 1.69, 0.87, 0.50, 0.83, NULL, NULL, NULL, NULL, 7, 8, 7, 8, 7, 7, 7, 7, NULL, NULL, NULL, NULL, 0, '2015-08-26 10:22:59', '2015-08-26 10:22:59', NULL),
	(14, 0.84, NULL, NULL, NULL, NULL, NULL, NULL, NULL, 1.71, 1.78, 1.01, NULL, 9, NULL, NULL, NULL, NULL, NULL, NULL, NULL, 8, 8, 8, NULL, 0, '2015-08-26 10:22:59', '2015-08-26 10:22:59', NULL),
	(15, 0.97, 0.50, 0.95, 0.50, 0.50, 0.50, 0.69, 1.23, NULL, NULL, NULL, NULL, 7, 7, 8, 7, 7, 8, 7, 7, NULL, NULL, NULL, NULL, 0, '2015-08-26 11:14:47', '2015-08-26 11:14:47', NULL),
	(16, 1.66, NULL, NULL, NULL, NULL, NULL, NULL, NULL, 1.78, 0.57, 1.69, NULL, 9, NULL, NULL, NULL, NULL, NULL, NULL, NULL, 8, 8, 8, NULL, 0, '2015-08-26 11:14:47', '2015-08-26 11:14:47', NULL),
	(17, 0.93, 1.22, 0.50, 0.80, 0.82, 0.50, 0.50, 0.55, NULL, NULL, NULL, NULL, 8, 7, 7, 7, 8, 7, 7, 7, NULL, NULL, NULL, NULL, 0, '2015-08-26 11:18:45', '2015-08-26 11:18:45', NULL),
	(18, 1.73, NULL, NULL, NULL, NULL, NULL, NULL, NULL, 1.42, 0.95, 0.78, NULL, 7, NULL, NULL, NULL, NULL, NULL, NULL, NULL, 8, 8, 7, NULL, 0, '2015-08-26 11:18:45', '2015-08-26 11:18:45', NULL),
	(19, 0.50, 0.74, 0.50, 0.50, 0.94, 1.72, 0.50, 1.15, NULL, NULL, NULL, NULL, 8, 7, 7, 8, 8, 8, 8, 8, NULL, NULL, NULL, NULL, 0, '2015-08-26 16:46:19', '2015-08-26 16:46:19', NULL),
	(20, 0.77, NULL, NULL, NULL, NULL, NULL, NULL, NULL, 0.50, 1.30, 1.69, NULL, 7, NULL, NULL, NULL, NULL, NULL, NULL, NULL, 7, 7, 8, NULL, 0, '2015-08-26 16:46:19', '2015-08-26 16:46:19', NULL),
	(21, 1.67, 1.45, 0.94, 0.50, 1.17, 0.50, 0.50, 0.53, NULL, NULL, NULL, NULL, 8, 9, 8, 8, 8, 8, 8, 8, NULL, NULL, NULL, NULL, 0, '2015-08-26 20:17:15', '2015-08-26 20:17:15', NULL),
	(22, 1.85, NULL, NULL, NULL, NULL, NULL, NULL, NULL, 1.12, 1.76, 1.03, NULL, 8, NULL, NULL, NULL, NULL, NULL, NULL, NULL, 8, 8, 9, NULL, 0, '2015-08-26 20:17:15', '2015-08-26 20:17:15', NULL),
	(23, 0.95, 0.95, 1.47, 0.81, 0.50, 0.66, 0.50, 0.70, NULL, NULL, NULL, NULL, 8, 8, 8, 8, 8, 7, 8, 7, NULL, NULL, NULL, NULL, 0, '2015-08-26 23:51:56', '2015-08-26 23:51:56', NULL),
	(24, 1.18, NULL, NULL, NULL, NULL, NULL, NULL, NULL, 2.00, 1.07, 1.55, NULL, 8, NULL, NULL, NULL, NULL, NULL, NULL, NULL, 8, 9, 8, NULL, 0, '2015-08-26 23:51:56', '2015-08-26 23:51:56', NULL),
	(25, 0.50, 1.02, 1.03, 1.31, 0.50, 1.05, 0.50, 1.38, NULL, NULL, NULL, NULL, 8, 8, 8, 8, 9, 8, 8, 8, NULL, NULL, NULL, NULL, 0, '2015-08-27 00:38:41', '2015-08-27 00:38:41', NULL),
	(26, 1.25, NULL, NULL, NULL, NULL, NULL, NULL, NULL, 1.25, 1.27, 0.52, NULL, 8, NULL, NULL, NULL, NULL, NULL, NULL, NULL, 7, 7, 7, NULL, 0, '2015-08-27 00:38:41', '2015-08-27 00:38:41', NULL),
	(27, 0.50, 1.00, 1.45, 0.76, 0.96, 1.06, 0.93, 0.60, NULL, NULL, NULL, NULL, 8, 8, 9, 8, 8, 8, 8, 8, NULL, NULL, NULL, NULL, 0, '2015-08-27 01:07:04', '2015-08-27 01:07:04', NULL),
	(28, 1.78, NULL, NULL, NULL, NULL, NULL, NULL, NULL, 1.86, 1.19, 0.90, NULL, 8, NULL, NULL, NULL, NULL, NULL, NULL, NULL, 8, 8, 9, NULL, 0, '2015-08-27 01:07:04', '2015-08-27 01:07:04', NULL),
	(29, 0.73, 1.28, 1.34, 0.66, 0.62, 0.64, 0.57, 1.53, NULL, NULL, NULL, NULL, 8, 8, 9, 8, 8, 8, 8, 8, NULL, NULL, NULL, NULL, 0, '2015-08-27 10:39:47', '2015-08-27 10:39:47', NULL),
	(30, 0.76, NULL, NULL, NULL, NULL, NULL, NULL, NULL, 1.47, 0.87, 1.17, NULL, 7, NULL, NULL, NULL, NULL, NULL, NULL, NULL, 7, 7, 8, NULL, 0, '2015-08-27 10:39:47', '2015-08-27 10:39:47', NULL),
	(31, 1.20, 0.50, 0.50, 0.69, 0.59, 0.87, 0.89, 0.63, NULL, NULL, NULL, NULL, 7, 7, 8, 7, 7, 7, 7, 8, NULL, NULL, NULL, NULL, 0, '2015-08-27 10:55:05', '2015-08-27 10:55:05', NULL),
	(32, 1.10, NULL, NULL, NULL, NULL, NULL, NULL, NULL, 1.43, 1.18, 0.50, NULL, 8, NULL, NULL, NULL, NULL, NULL, NULL, NULL, 7, 7, 7, NULL, 0, '2015-08-27 10:55:05', '2015-08-27 10:55:05', NULL),
	(33, 0.61, 0.50, 1.58, 0.94, 0.73, 0.50, 0.50, 0.50, NULL, NULL, NULL, NULL, 8, 7, 7, 7, 8, 7, 7, 7, NULL, NULL, NULL, NULL, 0, '2015-08-27 13:51:09', '2015-08-27 13:51:09', NULL),
	(34, 1.47, NULL, NULL, NULL, NULL, NULL, NULL, NULL, 1.28, 0.68, 1.30, NULL, 7, NULL, NULL, NULL, NULL, NULL, NULL, NULL, 7, 8, 8, NULL, 0, '2015-08-27 13:51:51', '2015-08-27 13:51:51', NULL),
	(35, 0.50, 1.29, 0.50, 0.61, 0.50, 1.18, 0.50, 0.82, NULL, NULL, NULL, NULL, 7, 7, 8, 7, 7, 7, 7, 8, NULL, NULL, NULL, NULL, 0, '2015-08-27 14:44:48', '2015-08-27 14:44:48', NULL),
	(36, 2.00, NULL, NULL, NULL, NULL, NULL, NULL, NULL, 0.94, 1.65, 1.17, NULL, 8, NULL, NULL, NULL, NULL, NULL, NULL, NULL, 8, 8, 9, NULL, 0, '2015-08-27 14:44:48', '2015-08-27 14:44:48', NULL),
	(37, 0.50, 1.01, 1.18, 0.96, 0.50, 0.50, 0.71, 0.50, NULL, NULL, NULL, NULL, 7, 7, 7, 7, 7, 8, 8, 7, NULL, NULL, NULL, NULL, 0, '2015-08-28 10:16:57', '2015-08-28 10:16:57', NULL),
	(38, 1.37, NULL, NULL, NULL, NULL, NULL, NULL, NULL, 0.69, 1.39, 1.82, NULL, 8, NULL, NULL, NULL, NULL, NULL, NULL, NULL, 8, 9, 8, NULL, 0, '2015-08-28 10:16:57', '2015-08-28 10:16:57', NULL),
	(39, 1.60, NULL, NULL, NULL, NULL, NULL, NULL, NULL, 0.94, 1.01, 1.21, NULL, 7, NULL, NULL, NULL, NULL, NULL, NULL, NULL, 7, 8, 8, NULL, 0, '2015-08-28 10:32:41', '2015-08-28 10:32:41', NULL),
	(40, 1.86, NULL, NULL, NULL, NULL, NULL, NULL, NULL, 0.78, 1.14, 0.61, NULL, 7, NULL, NULL, NULL, NULL, NULL, NULL, NULL, 8, 7, 7, NULL, 0, '2015-08-28 10:32:46', '2015-08-28 10:32:46', NULL),
	(41, 1.19, NULL, NULL, NULL, NULL, NULL, NULL, NULL, 1.19, 1.06, 1.28, NULL, 7, NULL, NULL, NULL, NULL, NULL, NULL, NULL, 8, 8, 7, NULL, 0, '2015-08-28 10:32:50', '2015-08-28 10:32:50', NULL),
	(42, 0.50, 0.50, 0.50, 0.50, 0.99, 0.50, 0.50, 0.50, NULL, NULL, NULL, NULL, 6, 7, 6, 7, 6, 7, 7, 7, NULL, NULL, NULL, NULL, 0, '2015-08-28 10:32:56', '2015-08-28 10:32:56', NULL),
	(43, 0.50, 0.50, 0.50, 0.50, 0.67, 0.78, 0.50, 0.50, NULL, NULL, NULL, NULL, 7, 6, 7, 6, 7, 6, 7, 7, NULL, NULL, NULL, NULL, 0, '2015-08-28 10:33:01', '2015-08-28 10:33:01', NULL),
	(44, 0.61, 1.30, 0.65, 0.64, 0.94, 0.50, 0.68, 0.50, NULL, NULL, NULL, NULL, 7, 7, 8, 7, 7, 7, 8, 7, NULL, NULL, NULL, NULL, 0, '2015-08-28 10:33:06', '2015-08-28 10:33:06', NULL),
	(45, 0.50, 0.50, 0.50, 0.83, 0.59, 0.50, 0.50, 0.50, NULL, NULL, NULL, NULL, 6, 7, 7, 7, 6, 6, 7, 7, NULL, NULL, NULL, NULL, 0, '2015-08-28 15:52:44', '2015-08-28 15:52:44', NULL),
	(46, 0.51, NULL, NULL, NULL, NULL, NULL, NULL, NULL, 1.40, 1.30, 0.50, NULL, 7, NULL, NULL, NULL, NULL, NULL, NULL, NULL, 6, 7, 6, NULL, 0, '2015-08-28 16:27:24', '2015-08-28 16:27:24', NULL),
	(47, 0.73, NULL, NULL, NULL, NULL, NULL, NULL, NULL, 1.01, 0.77, 1.26, NULL, 7, NULL, NULL, NULL, NULL, NULL, NULL, NULL, 6, 6, 7, NULL, 0, '2015-08-28 16:28:30', '2015-08-28 16:28:30', NULL),
	(48, 1.34, NULL, NULL, NULL, NULL, NULL, NULL, NULL, 0.50, 1.26, 1.16, NULL, 8, NULL, NULL, NULL, NULL, NULL, NULL, NULL, 7, 7, 7, NULL, 0, '2015-08-28 18:17:45', '2015-08-28 18:17:45', NULL),
	(49, 0.67, NULL, NULL, NULL, NULL, NULL, NULL, NULL, 0.62, 1.01, 0.93, NULL, 7, NULL, NULL, NULL, NULL, NULL, NULL, NULL, 7, 7, 7, NULL, 0, '2015-08-28 20:57:40', '2015-08-28 20:57:40', NULL),
	(50, 0.50, 0.91, 0.95, 0.50, 0.63, 0.50, 0.50, 0.64, NULL, NULL, NULL, NULL, 7, 7, 7, 7, 7, 7, 7, 7, NULL, NULL, NULL, NULL, 0, '2015-08-29 10:49:05', '2015-08-29 10:49:05', NULL),
	(51, 0.75, 0.50, 0.50, 0.50, 0.54, 0.50, 1.39, 0.50, NULL, NULL, NULL, NULL, 7, 7, 7, 7, 7, 7, 7, 7, NULL, NULL, NULL, NULL, 0, '2015-08-29 17:28:28', '2015-08-29 17:28:28', NULL),
	(52, 0.50, NULL, NULL, NULL, NULL, NULL, NULL, NULL, 0.83, 1.39, 0.99, NULL, 6, NULL, NULL, NULL, NULL, NULL, NULL, NULL, 7, 6, 7, NULL, 0, '2015-08-29 17:28:36', '2015-08-29 17:28:36', NULL),
	(53, 0.50, NULL, NULL, NULL, NULL, NULL, NULL, NULL, 0.73, 0.69, 1.88, NULL, 6, NULL, NULL, NULL, NULL, NULL, NULL, NULL, 7, 7, 6, NULL, 0, '2015-08-29 18:24:19', '2015-08-29 18:24:19', NULL),
	(54, 0.50, 0.82, 0.50, 0.94, 0.86, 0.53, 0.50, 1.19, NULL, NULL, NULL, NULL, 8, 7, 7, 8, 7, 7, 7, 7, NULL, NULL, NULL, NULL, 0, '2015-08-29 20:48:39', '2015-08-29 20:48:39', NULL),
	(55, 1.65, NULL, NULL, NULL, NULL, NULL, NULL, NULL, 0.71, 1.48, 1.44, NULL, 8, NULL, NULL, NULL, NULL, NULL, NULL, NULL, 8, 9, 8, NULL, 0, '2015-08-29 20:48:39', '2015-08-29 20:48:39', NULL),
	(56, 1.11, 0.50, 1.15, 0.91, 0.50, 0.65, 0.50, 0.50, NULL, NULL, NULL, NULL, 7, 7, 7, 8, 8, 7, 7, 7, NULL, NULL, NULL, NULL, 0, '2015-08-29 20:48:39', '2015-08-29 20:48:39', NULL),
	(57, 0.83, NULL, NULL, NULL, NULL, NULL, NULL, NULL, 1.32, 1.94, 0.79, NULL, 8, NULL, NULL, NULL, NULL, NULL, NULL, NULL, 7, 7, 8, NULL, 0, '2015-08-29 20:48:39', '2015-08-29 20:48:39', NULL),
	(58, 0.50, 0.50, 0.97, 0.50, 1.42, 0.69, 0.64, 0.65, NULL, NULL, NULL, NULL, 7, 8, 7, 7, 7, 8, 7, 7, NULL, NULL, NULL, NULL, 0, '2015-08-29 20:48:39', '2015-08-29 20:48:39', NULL),
	(59, 1.19, NULL, NULL, NULL, NULL, NULL, NULL, NULL, 0.52, 0.93, 1.61, NULL, 7, NULL, NULL, NULL, NULL, NULL, NULL, NULL, 7, 7, 8, NULL, 0, '2015-08-29 20:48:39', '2015-08-29 20:48:39', NULL),
	(60, 0.99, 1.21, 0.50, 0.91, 0.50, 1.17, 0.74, 0.50, NULL, NULL, NULL, NULL, 7, 8, 7, 8, 8, 8, 8, 8, NULL, NULL, NULL, NULL, 0, '2015-08-29 20:48:39', '2015-08-29 20:48:39', NULL),
	(61, 0.50, NULL, NULL, NULL, NULL, NULL, NULL, NULL, 1.27, 1.18, 1.27, NULL, 7, NULL, NULL, NULL, NULL, NULL, NULL, NULL, 7, 7, 8, NULL, 0, '2015-08-29 20:48:39', '2015-08-29 20:48:39', NULL),
	(62, 0.82, 0.92, 0.50, 0.81, 0.50, 1.34, 0.50, 0.50, NULL, NULL, NULL, NULL, 7, 7, 7, 7, 7, 8, 8, 7, NULL, NULL, NULL, NULL, 0, '2015-08-29 20:48:39', '2015-08-29 20:48:39', NULL),
	(63, 1.16, NULL, NULL, NULL, NULL, NULL, NULL, NULL, 1.28, 1.27, 1.15, NULL, 8, NULL, NULL, NULL, NULL, NULL, NULL, NULL, 7, 7, 8, NULL, 0, '2015-08-29 20:48:39', '2015-08-29 20:48:39', NULL),
	(64, 0.92, 1.08, 0.54, 1.01, 1.05, 0.87, 0.50, 0.56, NULL, NULL, NULL, NULL, 7, 8, 7, 8, 8, 8, 8, 8, NULL, NULL, NULL, NULL, 0, '2015-08-29 20:48:39', '2015-08-29 20:48:39', NULL),
	(65, 1.46, NULL, NULL, NULL, NULL, NULL, NULL, NULL, 0.91, 1.39, 2.00, NULL, 8, NULL, NULL, NULL, NULL, NULL, NULL, NULL, 8, 9, 8, NULL, 0, '2015-08-29 20:48:39', '2015-08-29 20:48:39', NULL),
	(66, 1.38, 1.56, 0.76, 1.40, 0.73, 1.16, 0.50, 0.66, NULL, NULL, NULL, NULL, 9, 8, 9, 9, 8, 9, 8, 9, NULL, NULL, NULL, NULL, 0, '2015-08-29 20:48:39', '2015-08-29 20:48:39', NULL),
	(67, 0.85, NULL, NULL, NULL, NULL, NULL, NULL, NULL, 0.91, 0.56, 1.88, NULL, 7, NULL, NULL, NULL, NULL, NULL, NULL, NULL, 7, 7, 8, NULL, 0, '2015-08-29 20:48:39', '2015-08-29 20:48:39', NULL),
	(68, 1.33, 0.50, 1.15, 0.50, 0.51, 0.58, 0.50, 0.82, NULL, NULL, NULL, NULL, 7, 7, 8, 7, 7, 7, 8, 7, NULL, NULL, NULL, NULL, 0, '2015-08-29 20:48:39', '2015-08-29 20:48:39', NULL),
	(69, 0.83, NULL, NULL, NULL, NULL, NULL, NULL, NULL, 1.01, 1.30, 1.15, NULL, 7, NULL, NULL, NULL, NULL, NULL, NULL, NULL, 7, 7, 8, NULL, 0, '2015-08-29 20:48:39', '2015-08-29 20:48:39', NULL),
	(70, 0.87, 0.57, 0.50, 1.10, 0.89, 0.50, 0.96, 0.50, NULL, NULL, NULL, NULL, 7, 7, 7, 7, 7, 8, 8, 7, NULL, NULL, NULL, NULL, 0, '2015-08-29 20:48:39', '2015-08-29 20:48:39', NULL),
	(71, 2.00, NULL, NULL, NULL, NULL, NULL, NULL, NULL, 0.87, 0.67, 1.84, NULL, 8, NULL, NULL, NULL, NULL, NULL, NULL, NULL, 8, 8, 9, NULL, 0, '2015-08-29 20:48:39', '2015-08-29 20:48:39', NULL),
	(72, 0.92, 0.50, 0.89, 1.78, 0.64, 0.50, 0.50, 0.87, NULL, NULL, NULL, NULL, 8, 7, 7, 8, 8, 8, 8, 8, NULL, NULL, NULL, NULL, 0, '2015-08-29 20:48:39', '2015-08-29 20:48:39', NULL),
	(73, 1.60, NULL, NULL, NULL, NULL, NULL, NULL, NULL, 1.04, 1.09, 0.50, NULL, 7, NULL, NULL, NULL, NULL, NULL, NULL, NULL, 7, 8, 7, NULL, 0, '2015-08-29 20:48:39', '2015-08-29 20:48:39', NULL),
	(74, 1.62, 0.52, 1.01, 0.50, 0.54, 0.50, 1.56, 1.04, NULL, NULL, NULL, NULL, 8, 9, 8, 8, 8, 8, 8, 8, NULL, NULL, NULL, NULL, 0, '2015-08-29 20:48:39', '2015-08-29 20:48:39', NULL),
	(75, 0.85, NULL, NULL, NULL, NULL, NULL, NULL, NULL, 0.91, 1.70, 0.84, NULL, 7, NULL, NULL, NULL, NULL, NULL, NULL, NULL, 7, 7, 8, NULL, 0, '2015-08-29 20:48:39', '2015-08-29 20:48:39', NULL),
	(76, 0.62, 0.74, 0.83, 0.50, 1.04, 0.68, 0.50, 0.90, NULL, NULL, NULL, NULL, 8, 7, 7, 7, 7, 7, 7, 8, NULL, NULL, NULL, NULL, 0, '2015-08-29 20:48:39', '2015-08-29 20:48:39', NULL),
	(77, 1.38, NULL, NULL, NULL, NULL, NULL, NULL, NULL, 1.13, 0.84, 1.36, NULL, 7, NULL, NULL, NULL, NULL, NULL, NULL, NULL, 7, 8, 8, NULL, 0, '2015-08-29 20:48:39', '2015-08-29 20:48:39', NULL),
	(78, 1.06, 0.63, 0.78, 1.32, 0.64, 0.80, 0.83, 0.53, NULL, NULL, NULL, NULL, 7, 8, 8, 8, 8, 8, 8, 7, NULL, NULL, NULL, NULL, 0, '2015-08-29 20:48:39', '2015-08-29 20:48:39', NULL),
	(79, 1.24, NULL, NULL, NULL, NULL, NULL, NULL, NULL, 2.00, 1.08, 1.39, NULL, 9, NULL, NULL, NULL, NULL, NULL, NULL, NULL, 8, 8, 8, NULL, 0, '2015-08-29 20:48:39', '2015-08-29 20:48:39', NULL),
	(80, 0.60, 0.75, 0.50, 0.50, 0.50, 1.28, 0.50, 1.20, NULL, NULL, NULL, NULL, 8, 7, 7, 7, 7, 7, 7, 8, NULL, NULL, NULL, NULL, 0, '2015-08-29 20:48:39', '2015-08-29 20:48:39', NULL),
	(81, 1.70, NULL, NULL, NULL, NULL, NULL, NULL, NULL, 1.38, 1.38, 0.91, NULL, 8, NULL, NULL, NULL, NULL, NULL, NULL, NULL, 8, 8, 9, NULL, 0, '2015-08-29 20:48:39', '2015-08-29 20:48:39', NULL),
	(82, 0.50, 0.61, 0.52, 1.57, 1.17, 0.50, 1.18, 0.52, NULL, NULL, NULL, NULL, 8, 8, 8, 8, 8, 8, 7, 7, NULL, NULL, NULL, NULL, 0, '2015-08-29 20:48:39', '2015-08-29 20:48:39', NULL),
	(83, 1.44, NULL, NULL, NULL, NULL, NULL, NULL, NULL, 1.62, 1.25, 2.00, NULL, 8, NULL, NULL, NULL, NULL, NULL, NULL, NULL, 9, 9, 9, NULL, 0, '2015-08-29 20:48:39', '2015-08-29 20:48:39', NULL),
	(84, 1.71, NULL, NULL, NULL, NULL, NULL, NULL, NULL, 0.70, 0.85, 1.51, NULL, 8, NULL, NULL, NULL, NULL, NULL, NULL, NULL, 8, 7, 7, NULL, 0, '2015-08-29 21:07:06', '2015-08-29 21:07:06', NULL),
	(85, 0.87, 1.14, 0.83, 0.66, 0.91, 1.06, 0.54, 0.50, NULL, NULL, NULL, NULL, 8, 7, 8, 7, 8, 8, 8, 8, NULL, NULL, NULL, NULL, 0, '2015-08-30 09:59:45', '2015-08-30 09:59:45', NULL),
	(86, 0.64, NULL, NULL, NULL, NULL, NULL, NULL, NULL, 1.25, 1.70, 1.25, NULL, 7, NULL, NULL, NULL, NULL, NULL, NULL, NULL, 8, 8, 7, NULL, 0, '2015-08-30 09:59:45', '2015-08-30 09:59:45', NULL),
	(87, 1.10, 0.89, 0.80, 0.86, 0.50, 0.70, 0.55, 0.50, NULL, NULL, NULL, NULL, 8, 7, 8, 7, 7, 7, 7, 7, NULL, NULL, NULL, NULL, 0, '2015-08-31 14:27:42', '2015-08-31 14:27:42', NULL),
	(88, 1.36, NULL, NULL, NULL, NULL, NULL, NULL, NULL, 1.26, 1.46, 0.68, NULL, 7, NULL, NULL, NULL, NULL, NULL, NULL, NULL, 7, 8, 8, NULL, 0, '2015-08-31 14:27:42', '2015-08-31 14:27:42', NULL),
	(89, 0.50, 1.79, 1.58, 1.01, 1.56, 0.59, 0.50, 0.67, NULL, NULL, NULL, NULL, 8, 8, 9, 9, 9, 8, 9, 9, NULL, NULL, NULL, NULL, 0, '2015-09-01 09:56:01', '2015-09-01 09:56:01', NULL),
	(90, 1.05, NULL, NULL, NULL, NULL, NULL, NULL, NULL, 1.02, 1.33, 1.37, NULL, 8, NULL, NULL, NULL, NULL, NULL, NULL, NULL, 7, 8, 7, NULL, 0, '2015-09-01 10:04:18', '2015-09-01 10:04:18', NULL),
	(91, 0.99, 1.47, 0.78, 0.70, 0.50, 0.50, 1.07, 0.50, NULL, NULL, NULL, NULL, 8, 8, 8, 7, 8, 8, 8, 7, NULL, NULL, NULL, NULL, 0, '2015-09-01 10:26:57', '2015-09-01 10:26:57', NULL),
	(92, 1.28, NULL, NULL, NULL, NULL, NULL, NULL, NULL, 1.61, 0.79, 1.58, NULL, 8, NULL, NULL, NULL, NULL, NULL, NULL, NULL, 8, 9, 8, NULL, 0, '2015-09-01 10:26:57', '2015-09-01 10:26:57', NULL),
	(93, 1.46, NULL, NULL, NULL, NULL, NULL, NULL, NULL, 1.95, 1.09, 0.83, NULL, 8, NULL, NULL, NULL, NULL, NULL, NULL, NULL, 8, 9, 8, NULL, 0, '2015-09-04 10:42:02', '2015-09-04 10:42:02', NULL),
	(94, 0.78, 0.64, 0.50, 0.80, 0.80, 0.50, 0.64, 0.50, NULL, NULL, NULL, NULL, 7, 7, 7, 7, 7, 7, 7, 7, NULL, NULL, NULL, NULL, 0, '2015-09-04 10:42:08', '2015-09-04 10:42:08', NULL),
	(95, 0.61, 0.50, 0.76, 1.06, 0.51, 0.50, 1.08, 0.87, NULL, NULL, NULL, NULL, 7, 7, 7, 7, 7, 8, 7, 8, NULL, NULL, NULL, NULL, 0, '2015-09-04 13:16:18', '2015-09-04 13:16:18', NULL),
	(96, 1.26, NULL, NULL, NULL, NULL, NULL, NULL, NULL, 1.26, 2.00, 1.81, NULL, 9, NULL, NULL, NULL, NULL, NULL, NULL, NULL, 9, 9, 8, NULL, 0, '2015-09-04 13:16:18', '2015-09-04 13:16:18', NULL);
/*!40000 ALTER TABLE `people_training_factor` ENABLE KEYS */;


-- Zrzut struktury tabela ral.product_category
CREATE TABLE IF NOT EXISTS `product_category` (
  `id` int(11) NOT NULL AUTO_INCREMENT,
  `discount_id` int(11) DEFAULT NULL,
  `status` tinyint(1) DEFAULT '1',
  `metatag_id` int(11) DEFAULT NULL,
  `photo_root_id` int(11) DEFAULT NULL,
  `views` int(11) DEFAULT '0',
  `clicks` int(11) DEFAULT '0',
  `lft` int(11) DEFAULT NULL,
  `rgt` int(11) DEFAULT NULL,
  `level` smallint(6) DEFAULT NULL,
  `name` varchar(255) DEFAULT NULL,
  `description` longtext,
  `slug` varchar(255) DEFAULT NULL,
  `promoted` tinyint(4) NOT NULL DEFAULT '0',
  `created_at` datetime DEFAULT NULL,
  `updated_at` datetime DEFAULT NULL,
  `deleted_at` datetime DEFAULT NULL,
  PRIMARY KEY (`id`),
  KEY `photo_root_id_idx` (`photo_root_id`),
  KEY `metatag_id_idx` (`metatag_id`),
  KEY `discount_id_idx` (`discount_id`)
) ENGINE=MyISAM AUTO_INCREMENT=140 DEFAULT CHARSET=utf8;

-- Zrzucanie danych dla tabeli ral.product_category: 8 rows
DELETE FROM `product_category`;
/*!40000 ALTER TABLE `product_category` DISABLE KEYS */;
INSERT INTO `product_category` (`id`, `discount_id`, `status`, `metatag_id`, `photo_root_id`, `views`, `clicks`, `lft`, `rgt`, `level`, `name`, `description`, `slug`, `promoted`, `created_at`, `updated_at`, `deleted_at`) VALUES
	(1, NULL, 1, NULL, NULL, 0, 0, 1, 26, 0, NULL, NULL, NULL, 0, NULL, NULL, NULL),
	(9, NULL, 1, 48, 40, 0, 0, 12, 13, 1, NULL, NULL, NULL, 0, NULL, NULL, NULL),
	(10, NULL, 1, 49, 41, 0, 0, 14, 15, 1, NULL, NULL, NULL, 0, NULL, NULL, NULL),
	(11, NULL, 1, 50, 42, 0, 0, 16, 17, 1, NULL, NULL, NULL, 0, NULL, NULL, NULL),
	(12, NULL, 1, 51, 43, 0, 0, 18, 19, 1, NULL, NULL, NULL, 0, NULL, NULL, NULL),
	(13, NULL, 1, 52, 44, 0, 0, 20, 21, 1, NULL, NULL, NULL, 0, NULL, NULL, NULL),
	(14, NULL, 1, 53, 45, 0, 0, 22, 23, 1, NULL, NULL, NULL, 0, NULL, NULL, NULL),
	(15, NULL, 1, 320, 359, 0, 0, 24, 25, 1, NULL, NULL, NULL, 0, NULL, NULL, NULL);
/*!40000 ALTER TABLE `product_category` ENABLE KEYS */;


-- Zrzut struktury tabela ral.product_category_translation
CREATE TABLE IF NOT EXISTS `product_category_translation` (
  `id` int(11) NOT NULL DEFAULT '0',
  `name` varchar(255) DEFAULT NULL,
  `description` longtext,
  `slug` varchar(255) DEFAULT NULL,
  `lang` char(2) NOT NULL DEFAULT '',
  PRIMARY KEY (`id`,`lang`)
) ENGINE=MyISAM DEFAULT CHARSET=utf8;

-- Zrzucanie danych dla tabeli ral.product_category_translation: 16 rows
DELETE FROM `product_category_translation`;
/*!40000 ALTER TABLE `product_category_translation` DISABLE KEYS */;
INSERT INTO `product_category_translation` (`id`, `name`, `description`, `slug`, `lang`) VALUES
	(1, 'test', 'test', 'test', 'pl'),
	(9, 'podłogowe', '', 'podlogowe', 'pl'),
	(1, 'testen', NULL, 'testen', 'en'),
	(9, NULL, NULL, NULL, 'en'),
	(10, 'sufitowe', '', 'sufitowe', 'pl'),
	(10, NULL, NULL, NULL, 'en'),
	(11, 'stołowe', '', 'stolowe', 'pl'),
	(11, NULL, NULL, NULL, 'en'),
	(12, 'kinkiety', '', 'kinkiety', 'pl'),
	(12, NULL, NULL, NULL, 'en'),
	(13, 'ogrodowe', '', 'ogrodowe', 'pl'),
	(13, NULL, NULL, NULL, 'en'),
	(14, 'dodatki', '', 'dodatki', 'pl'),
	(14, NULL, NULL, NULL, 'en'),
	(15, 'Abażury', '', 'abazury', 'pl'),
	(15, 'Abażury', '', 'abazury', 'en');
/*!40000 ALTER TABLE `product_category_translation` ENABLE KEYS */;


-- Zrzut struktury tabela ral.product_comment
CREATE TABLE IF NOT EXISTS `product_comment` (
  `id` int(11) NOT NULL AUTO_INCREMENT,
  `description` longtext,
  `status` tinyint(1) DEFAULT '1',
  `moderation` tinyint(1) DEFAULT '0',
  `user_id` int(11) DEFAULT NULL,
  `product_id` int(11) DEFAULT NULL,
  `preview_id` int(11) DEFAULT NULL,
  `created_at` datetime NOT NULL,
  `updated_at` datetime NOT NULL,
  `deleted_at` datetime DEFAULT NULL,
  PRIMARY KEY (`id`),
  KEY `user_id_idx` (`user_id`),
  KEY `product_id_idx` (`product_id`),
  KEY `preview_id_idx` (`preview_id`)
) ENGINE=MyISAM AUTO_INCREMENT=2 DEFAULT CHARSET=utf8;

-- Zrzucanie danych dla tabeli ral.product_comment: 0 rows
DELETE FROM `product_comment`;
/*!40000 ALTER TABLE `product_comment` DISABLE KEYS */;
/*!40000 ALTER TABLE `product_comment` ENABLE KEYS */;


-- Zrzut struktury tabela ral.product_producer
CREATE TABLE IF NOT EXISTS `product_producer` (
  `id` int(11) NOT NULL AUTO_INCREMENT,
  `owner` varchar(255) DEFAULT NULL,
  `email` varchar(255) DEFAULT NULL,
  `phone` varchar(255) DEFAULT NULL,
  `website` varchar(255) DEFAULT NULL,
  `address` varchar(255) DEFAULT NULL,
  `post_code` varchar(255) DEFAULT NULL,
  `city` varchar(255) DEFAULT NULL,
  `province` varchar(255) DEFAULT NULL,
  `nip` varchar(255) DEFAULT NULL,
  `photo_root_id` int(11) DEFAULT NULL,
  `metatag_id` int(11) DEFAULT NULL,
  `status` tinyint(1) DEFAULT '1',
  `discount_id` int(11) DEFAULT NULL,
  `cord_x` varchar(255) DEFAULT NULL,
  `cord_y` varchar(255) DEFAULT NULL,
  `views` int(11) DEFAULT '0',
  `clicks` int(11) DEFAULT '0',
  `created_at` datetime NOT NULL,
  `updated_at` datetime NOT NULL,
  `deleted_at` datetime DEFAULT NULL,
  `name` varchar(255) DEFAULT NULL,
  `description` longtext,
  `slug` varchar(255) DEFAULT NULL,
  PRIMARY KEY (`id`),
  KEY `photo_root_id_idx` (`photo_root_id`),
  KEY `metatag_id_idx` (`metatag_id`),
  KEY `discount_id_idx` (`discount_id`)
) ENGINE=MyISAM AUTO_INCREMENT=21 DEFAULT CHARSET=utf8;

-- Zrzucanie danych dla tabeli ral.product_producer: 1 rows
DELETE FROM `product_producer`;
/*!40000 ALTER TABLE `product_producer` DISABLE KEYS */;
INSERT INTO `product_producer` (`id`, `owner`, `email`, `phone`, `website`, `address`, `post_code`, `city`, `province`, `nip`, `photo_root_id`, `metatag_id`, `status`, `discount_id`, `cord_x`, `cord_y`, `views`, `clicks`, `created_at`, `updated_at`, `deleted_at`, `name`, `description`, `slug`) VALUES
	(1, NULL, NULL, NULL, NULL, NULL, NULL, NULL, NULL, NULL, 8, 8, 1, NULL, NULL, NULL, 0, 0, '2013-10-05 20:01:29', '2013-10-05 20:01:29', NULL, NULL, NULL, NULL);
/*!40000 ALTER TABLE `product_producer` ENABLE KEYS */;


-- Zrzut struktury tabela ral.product_producer_translation
CREATE TABLE IF NOT EXISTS `product_producer_translation` (
  `id` int(11) NOT NULL DEFAULT '0',
  `name` varchar(255) DEFAULT NULL,
  `description` longtext,
  `slug` varchar(255) DEFAULT NULL,
  `lang` char(2) NOT NULL DEFAULT '',
  PRIMARY KEY (`id`,`lang`)
) ENGINE=MyISAM DEFAULT CHARSET=utf8;

-- Zrzucanie danych dla tabeli ral.product_producer_translation: 0 rows
DELETE FROM `product_producer_translation`;
/*!40000 ALTER TABLE `product_producer_translation` DISABLE KEYS */;
/*!40000 ALTER TABLE `product_producer_translation` ENABLE KEYS */;


-- Zrzut struktury tabela ral.product_product
CREATE TABLE IF NOT EXISTS `product_product` (
  `id` int(11) NOT NULL AUTO_INCREMENT,
  `price` decimal(18,2) DEFAULT '0.00',
  `dimensions` tinyint(4) DEFAULT '0',
  `code` varchar(255) DEFAULT NULL,
  `availability` int(11) DEFAULT '0',
  `status` tinyint(1) DEFAULT '1',
  `promoted` tinyint(1) DEFAULT '0',
  `promotion` tinyint(1) DEFAULT '0',
  `promotion_price` decimal(18,2) DEFAULT '0.00',
  `new` tinyint(1) DEFAULT '0',
  `purchased_number` int(11) DEFAULT '0',
  `youtube` varchar(255) DEFAULT NULL,
  `producer_id` int(11) DEFAULT NULL,
  `discount_id` int(11) DEFAULT NULL,
  `photo_root_id` int(11) DEFAULT NULL,
  `metatag_id` int(11) DEFAULT NULL,
  `views` int(11) DEFAULT '0',
  `clicks` int(11) DEFAULT '0',
  `created_at` datetime NOT NULL,
  `updated_at` datetime NOT NULL,
  `deleted_at` datetime DEFAULT NULL,
  `name` varchar(255) DEFAULT NULL,
  `slug` varchar(255) DEFAULT NULL,
  `description` longtext,
  `has_shade` tinyint(4) NOT NULL DEFAULT '0',
  PRIMARY KEY (`id`),
  UNIQUE KEY `code` (`code`),
  KEY `photo_root_id_idx` (`photo_root_id`),
  KEY `metatag_id_idx` (`metatag_id`),
  KEY `producer_id_idx` (`producer_id`),
  KEY `discount_id_idx` (`discount_id`)
) ENGINE=MyISAM AUTO_INCREMENT=2791 DEFAULT CHARSET=utf8;

-- Zrzucanie danych dla tabeli ral.product_product: 268 rows
DELETE FROM `product_product`;
/*!40000 ALTER TABLE `product_product` DISABLE KEYS */;
INSERT INTO `product_product` (`id`, `price`, `dimensions`, `code`, `availability`, `status`, `promoted`, `promotion`, `promotion_price`, `new`, `purchased_number`, `youtube`, `producer_id`, `discount_id`, `photo_root_id`, `metatag_id`, `views`, `clicks`, `created_at`, `updated_at`, `deleted_at`, `name`, `slug`, `description`, `has_shade`) VALUES
	(1, 150.00, 0, '54435345', 4, 1, 1, 1, 129.00, 1, 1, NULL, NULL, NULL, 9, 9, 0, 0, '2013-10-05 20:03:29', '2013-12-31 08:39:19', '2013-12-31 08:39:19', NULL, NULL, NULL, 0),
	(4, 230.00, 0, '344334243', 10, 1, 0, 0, 0.00, 1, 0, NULL, 1, NULL, 15, 12, 0, 0, '2013-10-31 09:30:01', '2013-12-31 08:39:25', '2013-12-31 08:39:25', NULL, NULL, NULL, 0),
	(3, 150.00, 0, '4562623', 6, 1, 1, 1, 135.00, 1, 7, NULL, 1, NULL, 14, 11, 0, 0, '2013-10-29 12:42:26', '2013-12-31 08:39:30', '2013-12-31 08:39:30', NULL, NULL, NULL, 0),
	(5, 200.00, 0, '3564421', 2, 1, 0, 0, 0.00, 1, 1, NULL, NULL, NULL, 16, 13, 0, 0, '2013-10-31 09:31:51', '2013-12-31 08:40:07', '2013-12-31 08:40:07', NULL, NULL, NULL, 0),
	(6, 200.00, 0, '4334434', 4, 1, 1, 0, 0.00, 1, 0, NULL, 1, NULL, 17, 14, 0, 0, '2013-10-31 09:36:33', '2013-12-31 08:40:13', '2013-12-31 08:40:13', NULL, NULL, NULL, 0),
	(7, 230.00, 0, '55655654', 0, 1, 1, 0, 0.00, 1, 2, NULL, 1, NULL, 18, 15, 0, 0, '2013-10-31 09:38:40', '2013-12-31 08:40:21', '2013-12-31 08:40:21', NULL, NULL, NULL, 0),
	(8, 156.00, 0, '6464545', 6, 1, 1, 0, 0.00, 1, 0, NULL, 1, NULL, 19, 16, 0, 0, '2013-10-31 09:41:08', '2013-12-31 08:40:26', '2013-12-31 08:40:26', NULL, NULL, NULL, 0),
	(9, 188.00, 0, '34525254', 4, 1, 1, 0, 0.00, 1, 0, NULL, 1, NULL, 20, 17, 0, 0, '2013-10-31 09:43:01', '2013-12-31 08:40:31', '2013-12-31 08:40:31', NULL, NULL, NULL, 0),
	(10, 175.00, 0, '7566774', 6, 1, 1, 0, 0.00, 1, 0, NULL, 1, NULL, 21, 18, 0, 0, '2013-10-31 09:44:24', '2013-12-31 08:40:36', '2013-12-31 08:40:36', NULL, NULL, NULL, 0),
	(11, 169.00, 0, '67354645', 5, 1, 0, 0, 0.00, 1, 0, NULL, 1, NULL, 22, 19, 0, 0, '2013-10-31 09:45:53', '2013-12-31 08:40:41', '2013-12-31 08:40:41', NULL, NULL, NULL, 0),
	(12, 255.00, 0, '54252532', 3, 1, 1, 0, 0.00, 1, 0, NULL, 1, NULL, 23, 20, 0, 0, '2013-10-31 09:47:09', '2013-12-31 08:40:46', '2013-12-31 08:40:46', NULL, NULL, NULL, 0),
	(13, 321.00, 0, '34535353', 0, 1, 1, 0, 0.00, 1, 0, NULL, 1, NULL, 24, 21, 0, 0, '2013-10-31 10:06:05', '2013-12-31 08:40:51', '2013-12-31 08:40:51', NULL, NULL, NULL, 0),
	(14, 310.00, 0, '346343463', 1, 1, 1, 0, 0.00, 1, 0, NULL, 1, NULL, 25, 22, 0, 0, '2013-10-31 10:07:40', '2013-12-31 08:40:56', '2013-12-31 08:40:56', NULL, NULL, NULL, 0),
	(56, 0.00, 0, NULL, 0, 1, 0, 0, 0.00, 0, 0, NULL, NULL, NULL, 91, 81, 0, 0, '2013-12-27 14:25:15', '2013-12-30 08:48:40', '2013-12-30 08:48:40', NULL, NULL, NULL, 0),
	(57, 0.00, 0, NULL, 0, 1, 0, 0, 0.00, 0, 0, NULL, NULL, NULL, 92, NULL, 0, 0, '2013-12-30 08:19:17', '2013-12-30 08:48:27', '2013-12-30 08:48:27', NULL, NULL, NULL, 0),
	(58, 0.00, 0, NULL, 0, 1, 0, 0, 0.00, 0, 0, NULL, NULL, NULL, 93, NULL, 0, 0, '2013-12-30 08:19:28', '2013-12-30 08:48:16', '2013-12-30 08:48:16', NULL, NULL, NULL, 0),
	(59, 0.00, 0, NULL, 0, 1, 0, 0, 0.00, 0, 0, NULL, NULL, NULL, 94, NULL, 0, 0, '2013-12-30 08:21:05', '2013-12-30 08:48:19', '2013-12-30 08:48:19', NULL, NULL, NULL, 0),
	(60, 0.00, 0, NULL, 0, 1, 0, 0, 0.00, 0, 0, NULL, NULL, NULL, 95, NULL, 0, 0, '2013-12-30 08:36:16', '2013-12-30 08:48:04', '2013-12-30 08:48:04', NULL, NULL, NULL, 0),
	(61, 0.00, 0, NULL, 0, 1, 0, 0, 0.00, 0, 0, NULL, NULL, NULL, 96, NULL, 0, 0, '2013-12-30 08:47:46', '2013-12-30 08:48:11', '2013-12-30 08:48:11', NULL, NULL, NULL, 0),
	(62, 0.00, 0, NULL, 0, 1, 0, 0, 0.00, 0, 0, NULL, NULL, NULL, 97, 82, 0, 0, '2013-12-30 08:49:00', '2013-12-30 08:54:13', NULL, NULL, NULL, NULL, 0),
	(63, 0.00, 0, NULL, 0, 1, 0, 0, 0.00, 0, 0, NULL, NULL, NULL, 98, 83, 0, 0, '2013-12-30 09:33:12', '2013-12-30 09:43:52', NULL, NULL, NULL, NULL, 0),
	(64, 0.00, 0, NULL, 0, 1, 0, 0, 0.00, 0, 0, NULL, NULL, NULL, 99, 84, 0, 0, '2013-12-30 09:43:57', '2013-12-30 09:44:14', NULL, NULL, NULL, NULL, 0),
	(65, 0.00, 0, NULL, 0, 1, 0, 0, 0.00, 0, 0, NULL, NULL, NULL, 100, 85, 0, 0, '2013-12-30 09:44:22', '2013-12-30 09:44:52', NULL, NULL, NULL, NULL, 0),
	(66, 0.00, 0, NULL, 0, 1, 0, 0, 0.00, 0, 0, NULL, NULL, NULL, 101, 86, 0, 0, '2013-12-30 09:44:57', '2013-12-30 09:45:37', NULL, NULL, NULL, NULL, 0),
	(67, 0.00, 0, NULL, 0, 1, 0, 0, 0.00, 0, 0, NULL, NULL, NULL, 102, 87, 0, 0, '2013-12-30 09:45:44', '2013-12-30 09:46:02', NULL, NULL, NULL, NULL, 0),
	(68, 0.00, 0, NULL, 0, 1, 0, 0, 0.00, 0, 0, NULL, NULL, NULL, 103, 88, 0, 0, '2013-12-30 09:46:11', '2013-12-30 09:46:24', NULL, NULL, NULL, NULL, 0),
	(69, 0.00, 0, NULL, 0, 1, 0, 0, 0.00, 0, 0, NULL, NULL, NULL, 104, 89, 0, 0, '2013-12-30 09:46:29', '2013-12-30 09:47:09', NULL, NULL, NULL, NULL, 0),
	(70, 0.00, 0, NULL, 0, 1, 0, 0, 0.00, 0, 0, NULL, NULL, NULL, 105, 90, 0, 0, '2013-12-30 09:48:17', '2013-12-30 09:48:41', NULL, NULL, NULL, NULL, 0),
	(71, 0.00, 0, NULL, 0, 1, 0, 0, 0.00, 0, 0, NULL, NULL, NULL, 106, 91, 0, 0, '2013-12-30 09:48:54', '2013-12-30 09:49:45', NULL, NULL, NULL, NULL, 0),
	(72, 0.00, 0, NULL, 0, 1, 0, 0, 0.00, 0, 0, NULL, NULL, NULL, 107, 92, 0, 0, '2013-12-30 09:49:52', '2013-12-30 09:50:27', NULL, NULL, NULL, NULL, 0),
	(73, 0.00, 0, NULL, 0, 1, 0, 0, 0.00, 0, 0, NULL, NULL, NULL, 108, 93, 0, 0, '2013-12-30 09:50:33', '2013-12-30 09:50:56', NULL, NULL, NULL, NULL, 0),
	(74, 0.00, 0, NULL, 0, 1, 0, 0, 0.00, 0, 0, NULL, NULL, NULL, 109, 94, 0, 0, '2013-12-30 09:51:05', '2013-12-30 09:51:22', NULL, NULL, NULL, NULL, 0),
	(75, 0.00, 0, NULL, 0, 1, 0, 0, 0.00, 0, 0, NULL, NULL, NULL, 110, 95, 0, 0, '2013-12-30 09:51:30', '2013-12-30 09:51:49', NULL, NULL, NULL, NULL, 0),
	(76, 0.00, 0, NULL, 0, 1, 0, 0, 0.00, 0, 0, NULL, NULL, NULL, 111, 96, 0, 0, '2013-12-30 09:52:05', '2013-12-30 09:52:29', NULL, NULL, NULL, NULL, 0),
	(77, 0.00, 0, NULL, 0, 1, 0, 0, 0.00, 0, 0, NULL, NULL, NULL, 112, 97, 0, 0, '2013-12-30 09:52:36', '2013-12-30 09:52:55', NULL, NULL, NULL, NULL, 0),
	(78, 0.00, 0, NULL, 0, 1, 0, 0, 0.00, 0, 0, NULL, NULL, NULL, 113, 98, 0, 0, '2013-12-30 09:53:06', '2013-12-30 09:53:30', NULL, NULL, NULL, NULL, 0),
	(79, 0.00, 0, NULL, 0, 1, 0, 0, 0.00, 0, 0, NULL, NULL, NULL, 114, 99, 0, 0, '2013-12-30 09:53:41', '2013-12-30 09:54:10', NULL, NULL, NULL, NULL, 0),
	(80, 0.00, 0, NULL, 0, 1, 0, 0, 0.00, 0, 0, NULL, NULL, NULL, 115, 100, 0, 0, '2013-12-30 09:54:25', '2013-12-30 09:55:20', NULL, NULL, NULL, NULL, 0),
	(81, 0.00, 0, NULL, 0, 1, 0, 0, 0.00, 0, 0, NULL, NULL, NULL, 116, 101, 0, 0, '2013-12-30 09:55:31', '2013-12-30 09:56:20', NULL, NULL, NULL, NULL, 0),
	(82, 0.00, 0, NULL, 0, 1, 0, 0, 0.00, 0, 0, NULL, NULL, NULL, 117, 102, 0, 0, '2013-12-30 09:56:28', '2013-12-30 09:56:43', NULL, NULL, NULL, NULL, 0),
	(83, 0.00, 0, NULL, 0, 1, 0, 0, 0.00, 0, 0, NULL, NULL, NULL, 118, 103, 0, 0, '2013-12-30 09:56:49', '2013-12-30 09:57:34', NULL, NULL, NULL, NULL, 0),
	(84, 0.00, 0, NULL, 0, 1, 0, 0, 0.00, 0, 0, NULL, NULL, NULL, 119, 104, 0, 0, '2013-12-30 09:57:50', '2013-12-30 09:58:10', NULL, NULL, NULL, NULL, 0),
	(85, 0.00, 0, NULL, 0, 1, 0, 0, 0.00, 0, 0, NULL, NULL, NULL, 120, 105, 0, 0, '2013-12-30 10:15:48', '2013-12-30 10:17:37', NULL, NULL, NULL, NULL, 0),
	(86, 0.00, 0, NULL, 0, 1, 0, 0, 0.00, 0, 0, NULL, NULL, NULL, 121, 106, 0, 0, '2013-12-30 10:17:46', '2013-12-30 10:18:08', NULL, NULL, NULL, NULL, 0),
	(87, 0.00, 0, NULL, 0, 1, 0, 0, 0.00, 0, 0, NULL, NULL, NULL, 122, 107, 0, 0, '2013-12-30 10:18:17', '2013-12-30 10:18:42', NULL, NULL, NULL, NULL, 0),
	(88, 0.00, 0, NULL, 0, 1, 0, 0, 0.00, 0, 0, NULL, NULL, NULL, 123, 108, 0, 0, '2013-12-30 10:18:49', '2013-12-30 10:19:20', NULL, NULL, NULL, NULL, 0),
	(89, 0.00, 0, NULL, 0, 1, 0, 0, 0.00, 0, 0, NULL, NULL, NULL, 124, 109, 0, 0, '2013-12-30 10:19:53', '2013-12-30 10:20:35', NULL, NULL, NULL, NULL, 0),
	(90, 0.00, 0, NULL, 0, 1, 0, 0, 0.00, 0, 0, NULL, NULL, NULL, 125, 110, 0, 0, '2013-12-30 10:20:40', '2013-12-30 10:21:10', NULL, NULL, NULL, NULL, 0),
	(91, 0.00, 0, NULL, 0, 1, 0, 0, 0.00, 0, 0, NULL, NULL, NULL, 126, 111, 0, 0, '2013-12-30 10:21:41', '2013-12-30 10:22:58', NULL, NULL, NULL, NULL, 0),
	(92, 0.00, 0, NULL, 0, 1, 0, 0, 0.00, 0, 0, NULL, NULL, NULL, 127, 112, 0, 0, '2013-12-30 10:23:28', '2013-12-30 10:24:01', NULL, NULL, NULL, NULL, 0),
	(93, 0.00, 0, NULL, 0, 1, 0, 0, 0.00, 0, 0, NULL, NULL, NULL, 128, 113, 0, 0, '2013-12-30 10:25:03', '2013-12-30 10:26:11', '2013-12-30 10:26:11', NULL, NULL, NULL, 0),
	(94, 0.00, 0, NULL, 0, 1, 0, 0, 0.00, 0, 0, NULL, NULL, NULL, 129, 114, 0, 0, '2013-12-30 10:26:43', '2013-12-30 10:28:12', NULL, NULL, NULL, NULL, 0),
	(95, 0.00, 0, NULL, 0, 1, 0, 0, 0.00, 0, 0, NULL, NULL, NULL, 130, 115, 0, 0, '2013-12-30 10:28:21', '2013-12-30 10:28:48', NULL, NULL, NULL, NULL, 0),
	(96, 0.00, 0, NULL, 0, 1, 0, 0, 0.00, 0, 0, NULL, NULL, NULL, 131, 116, 0, 0, '2013-12-30 10:29:02', '2013-12-30 10:29:29', NULL, NULL, NULL, NULL, 0),
	(97, 0.00, 0, NULL, 0, 1, 0, 0, 0.00, 0, 0, NULL, NULL, NULL, 132, 117, 0, 0, '2013-12-30 10:29:38', '2013-12-30 10:30:13', NULL, NULL, NULL, NULL, 0),
	(98, 0.00, 0, NULL, 0, 1, 0, 0, 0.00, 0, 0, NULL, NULL, NULL, 133, 118, 0, 0, '2013-12-30 10:30:20', '2013-12-30 10:30:52', NULL, NULL, NULL, NULL, 0),
	(99, 0.00, 0, NULL, 0, 1, 0, 0, 0.00, 0, 0, NULL, NULL, NULL, 134, 119, 0, 0, '2013-12-30 10:31:05', '2013-12-30 10:31:24', NULL, NULL, NULL, NULL, 0),
	(100, 0.00, 0, NULL, 0, 1, 0, 0, 0.00, 0, 0, NULL, NULL, NULL, 135, 120, 0, 0, '2013-12-30 10:31:29', '2013-12-30 10:31:56', NULL, NULL, NULL, NULL, 0),
	(101, 0.00, 0, NULL, 0, 1, 0, 0, 0.00, 0, 0, NULL, NULL, NULL, 136, 121, 0, 0, '2013-12-30 10:32:04', '2013-12-30 10:32:35', NULL, NULL, NULL, NULL, 0),
	(102, 0.00, 0, NULL, 0, 1, 0, 0, 0.00, 0, 0, NULL, NULL, NULL, 137, 122, 0, 0, '2013-12-30 10:33:00', '2013-12-30 10:33:43', NULL, NULL, NULL, NULL, 0),
	(103, 0.00, 0, NULL, 0, 1, 0, 0, 0.00, 0, 0, NULL, NULL, NULL, 138, 123, 0, 0, '2013-12-30 10:33:50', '2013-12-30 10:34:12', NULL, NULL, NULL, NULL, 0),
	(104, 0.00, 0, NULL, 0, 1, 0, 0, 0.00, 0, 0, NULL, NULL, NULL, 139, 124, 0, 0, '2013-12-30 10:34:23', '2013-12-30 10:34:42', NULL, NULL, NULL, NULL, 0),
	(105, 0.00, 0, NULL, 0, 1, 0, 0, 0.00, 0, 0, NULL, NULL, NULL, 140, 125, 0, 0, '2013-12-30 10:35:01', '2013-12-30 10:35:18', NULL, NULL, NULL, NULL, 0),
	(106, 0.00, 0, NULL, 0, 1, 0, 0, 0.00, 0, 0, NULL, NULL, NULL, 141, 126, 0, 0, '2013-12-30 10:35:32', '2013-12-30 10:35:51', NULL, NULL, NULL, NULL, 0),
	(107, 0.00, 0, NULL, 0, 1, 0, 0, 0.00, 0, 0, NULL, NULL, NULL, 142, 127, 0, 0, '2013-12-30 10:36:01', '2013-12-30 10:36:19', NULL, NULL, NULL, NULL, 0),
	(108, 0.00, 0, NULL, 0, 1, 0, 0, 0.00, 0, 0, NULL, NULL, NULL, 143, 128, 0, 0, '2013-12-30 10:36:24', '2013-12-30 10:36:41', NULL, NULL, NULL, NULL, 0),
	(109, 0.00, 0, NULL, 0, 1, 0, 0, 0.00, 0, 0, NULL, NULL, NULL, 144, 129, 0, 0, '2013-12-30 10:36:51', '2013-12-30 10:37:26', NULL, NULL, NULL, NULL, 0),
	(110, 0.00, 0, NULL, 0, 1, 0, 0, 0.00, 0, 0, NULL, NULL, NULL, 145, 130, 0, 0, '2013-12-30 10:37:32', '2013-12-30 10:37:47', NULL, NULL, NULL, NULL, 0),
	(111, 0.00, 0, NULL, 0, 1, 0, 0, 0.00, 0, 0, NULL, NULL, NULL, 146, 131, 0, 0, '2013-12-30 10:38:12', '2013-12-30 10:39:07', NULL, NULL, NULL, NULL, 0),
	(112, 0.00, 0, NULL, 0, 1, 0, 0, 0.00, 0, 0, NULL, NULL, NULL, 147, 132, 0, 0, '2013-12-30 10:39:14', '2013-12-30 10:39:36', NULL, NULL, NULL, NULL, 0),
	(113, 0.00, 0, NULL, 0, 1, 0, 0, 0.00, 0, 0, NULL, NULL, NULL, 148, 133, 0, 0, '2013-12-30 10:39:43', '2013-12-30 10:40:13', NULL, NULL, NULL, NULL, 0),
	(114, 0.00, 0, NULL, 0, 1, 0, 0, 0.00, 0, 0, NULL, NULL, NULL, 149, 134, 0, 0, '2013-12-30 10:40:20', '2013-12-30 10:40:40', NULL, NULL, NULL, NULL, 0),
	(115, 0.00, 0, NULL, 0, 1, 0, 0, 0.00, 0, 0, NULL, NULL, NULL, 150, 135, 0, 0, '2013-12-30 10:41:06', '2013-12-30 10:41:22', NULL, NULL, NULL, NULL, 0),
	(116, 0.00, 0, NULL, 0, 1, 0, 0, 0.00, 0, 0, NULL, NULL, NULL, 151, 136, 0, 0, '2013-12-30 10:41:28', '2013-12-30 10:41:43', NULL, NULL, NULL, NULL, 0),
	(117, 0.00, 0, NULL, 0, 1, 0, 0, 0.00, 0, 0, NULL, NULL, NULL, 152, 137, 0, 0, '2013-12-30 10:41:51', '2013-12-30 10:42:26', NULL, NULL, NULL, NULL, 0),
	(118, 0.00, 0, NULL, 0, 1, 0, 0, 0.00, 0, 0, NULL, NULL, NULL, 153, 138, 0, 0, '2013-12-30 10:42:41', '2013-12-30 10:43:02', NULL, NULL, NULL, NULL, 0),
	(119, 0.00, 0, NULL, 0, 1, 0, 0, 0.00, 0, 0, NULL, NULL, NULL, 154, 139, 0, 0, '2013-12-30 10:43:10', '2013-12-30 10:43:42', NULL, NULL, NULL, NULL, 0),
	(120, 0.00, 0, NULL, 0, 1, 0, 0, 0.00, 0, 0, NULL, NULL, NULL, 155, 140, 0, 0, '2013-12-30 12:39:35', '2013-12-30 12:41:43', NULL, NULL, NULL, NULL, 0),
	(121, 0.00, 0, NULL, 0, 1, 0, 0, 0.00, 0, 0, NULL, NULL, NULL, 156, NULL, 0, 0, '2013-12-30 12:42:04', '2013-12-30 12:42:04', NULL, NULL, NULL, NULL, 0),
	(122, 0.00, 0, NULL, 0, 1, 0, 0, 0.00, 0, 0, NULL, NULL, NULL, 157, NULL, 0, 0, '2013-12-30 15:04:21', '2013-12-30 15:04:21', NULL, NULL, NULL, NULL, 0),
	(123, 0.00, 0, NULL, 0, 1, 0, 0, 0.00, 0, 0, NULL, NULL, NULL, 158, NULL, 0, 0, '2013-12-30 15:33:22', '2013-12-30 15:33:22', NULL, NULL, NULL, NULL, 0),
	(124, 0.00, 0, NULL, 0, 1, 0, 0, 0.00, 0, 0, NULL, NULL, NULL, 159, 141, 0, 0, '2013-12-30 15:34:00', '2013-12-30 15:36:45', NULL, NULL, NULL, NULL, 0),
	(125, 0.00, 0, NULL, 0, 1, 0, 0, 0.00, 0, 0, NULL, NULL, NULL, 160, NULL, 0, 0, '2013-12-30 15:35:21', '2013-12-30 15:35:21', NULL, NULL, NULL, NULL, 0),
	(126, 0.00, 0, NULL, 0, 1, 0, 0, 0.00, 0, 0, NULL, NULL, NULL, 161, 142, 0, 0, '2013-12-30 15:36:46', '2013-12-30 15:36:58', NULL, NULL, NULL, NULL, 0),
	(127, 0.00, 0, NULL, 0, 1, 0, 0, 0.00, 0, 0, NULL, NULL, NULL, 162, 143, 0, 0, '2013-12-30 15:36:59', '2013-12-30 15:38:39', NULL, NULL, NULL, NULL, 0),
	(128, 0.00, 0, NULL, 0, 1, 0, 0, 0.00, 0, 0, NULL, NULL, NULL, 163, 144, 0, 0, '2013-12-30 15:38:40', '2013-12-30 15:38:53', NULL, NULL, NULL, NULL, 0),
	(129, 0.00, 0, NULL, 0, 1, 0, 0, 0.00, 0, 0, NULL, NULL, NULL, 164, 145, 0, 0, '2013-12-30 15:38:54', '2013-12-30 15:39:09', NULL, NULL, NULL, NULL, 0),
	(130, 0.00, 0, NULL, 0, 1, 0, 0, 0.00, 0, 0, NULL, NULL, NULL, 165, 146, 0, 0, '2013-12-30 15:39:10', '2013-12-30 15:39:30', NULL, NULL, NULL, NULL, 0),
	(131, 0.00, 0, NULL, 0, 1, 0, 0, 0.00, 0, 0, NULL, NULL, NULL, 166, NULL, 0, 0, '2013-12-30 15:39:31', '2013-12-30 15:39:31', NULL, NULL, NULL, NULL, 0),
	(132, 0.00, 0, NULL, 0, 1, 0, 0, 0.00, 0, 0, NULL, NULL, NULL, 167, 147, 0, 0, '2013-12-31 08:21:35', '2013-12-31 08:23:08', NULL, NULL, NULL, NULL, 0),
	(133, 0.00, 0, NULL, 0, 1, 0, 0, 0.00, 0, 0, NULL, NULL, NULL, 168, 148, 0, 0, '2013-12-31 08:23:09', '2013-12-31 08:23:19', NULL, NULL, NULL, NULL, 0),
	(134, 0.00, 0, NULL, 0, 1, 0, 0, 0.00, 0, 0, NULL, NULL, NULL, 169, 149, 0, 0, '2013-12-31 08:23:20', '2013-12-31 08:23:30', NULL, NULL, NULL, NULL, 0),
	(135, 0.00, 0, NULL, 0, 1, 0, 0, 0.00, 0, 0, NULL, NULL, NULL, 170, 150, 0, 0, '2013-12-31 08:23:31', '2013-12-31 08:23:40', NULL, NULL, NULL, NULL, 0),
	(136, 0.00, 0, NULL, 0, 1, 0, 0, 0.00, 0, 0, NULL, NULL, NULL, 171, 151, 0, 0, '2013-12-31 08:23:41', '2013-12-31 08:24:07', NULL, NULL, NULL, NULL, 0),
	(137, 0.00, 0, NULL, 0, 1, 0, 0, 0.00, 0, 0, NULL, NULL, NULL, 172, 152, 0, 0, '2013-12-31 08:24:08', '2013-12-31 08:24:19', NULL, NULL, NULL, NULL, 0),
	(138, 0.00, 0, NULL, 0, 1, 0, 0, 0.00, 0, 0, NULL, NULL, NULL, 173, 153, 0, 0, '2013-12-31 08:24:20', '2013-12-31 08:24:31', NULL, NULL, NULL, NULL, 0),
	(139, 0.00, 0, NULL, 0, 1, 0, 0, 0.00, 0, 0, NULL, NULL, NULL, 174, 154, 0, 0, '2013-12-31 08:24:32', '2013-12-31 08:24:47', NULL, NULL, NULL, NULL, 0),
	(140, 0.00, 0, NULL, 0, 1, 0, 0, 0.00, 0, 0, NULL, NULL, NULL, 175, 155, 0, 0, '2013-12-31 08:24:48', '2013-12-31 08:24:58', NULL, NULL, NULL, NULL, 0),
	(141, 0.00, 0, NULL, 0, 1, 0, 0, 0.00, 0, 0, NULL, NULL, NULL, 176, 156, 0, 0, '2013-12-31 08:24:59', '2013-12-31 08:25:49', NULL, NULL, NULL, NULL, 0),
	(142, 0.00, 0, NULL, 0, 1, 0, 0, 0.00, 0, 0, NULL, NULL, NULL, 177, 157, 0, 0, '2013-12-31 08:25:50', '2013-12-31 08:26:26', NULL, NULL, NULL, NULL, 0),
	(143, 0.00, 0, NULL, 0, 1, 0, 0, 0.00, 0, 0, NULL, NULL, NULL, 178, 158, 0, 0, '2013-12-31 08:26:27', '2013-12-31 08:26:48', NULL, NULL, NULL, NULL, 0),
	(144, 0.00, 0, NULL, 0, 1, 0, 0, 0.00, 0, 0, NULL, NULL, NULL, 179, 159, 0, 0, '2013-12-31 08:26:49', '2013-12-31 08:26:59', NULL, NULL, NULL, NULL, 0),
	(145, 0.00, 0, NULL, 0, 1, 0, 0, 0.00, 0, 0, NULL, NULL, NULL, 180, 160, 0, 0, '2013-12-31 08:27:00', '2013-12-31 08:27:10', NULL, NULL, NULL, NULL, 0),
	(146, 0.00, 0, NULL, 0, 1, 0, 0, 0.00, 0, 0, NULL, NULL, NULL, 181, 161, 0, 0, '2013-12-31 08:27:11', '2013-12-31 08:27:21', NULL, NULL, NULL, NULL, 0),
	(147, 0.00, 0, NULL, 0, 1, 0, 0, 0.00, 0, 0, NULL, NULL, NULL, 182, 162, 0, 0, '2013-12-31 08:27:22', '2013-12-31 08:27:30', NULL, NULL, NULL, NULL, 0),
	(148, 0.00, 0, NULL, 0, 1, 0, 0, 0.00, 0, 0, NULL, NULL, NULL, 183, 163, 0, 0, '2013-12-31 08:27:31', '2013-12-31 08:27:40', NULL, NULL, NULL, NULL, 0),
	(149, 0.00, 0, NULL, 0, 1, 0, 0, 0.00, 0, 0, NULL, NULL, NULL, 184, NULL, 0, 0, '2013-12-31 08:27:41', '2013-12-31 08:27:41', NULL, NULL, NULL, NULL, 0),
	(150, 0.00, 0, NULL, 0, 1, 0, 0, 0.00, 0, 0, NULL, NULL, NULL, 185, 164, 0, 0, '2013-12-31 08:28:18', '2013-12-31 08:28:38', NULL, NULL, NULL, NULL, 0),
	(151, 0.00, 0, NULL, 0, 1, 0, 0, 0.00, 0, 0, NULL, NULL, NULL, 186, 165, 0, 0, '2013-12-31 08:28:38', '2013-12-31 08:28:50', NULL, NULL, NULL, NULL, 0),
	(152, 0.00, 0, NULL, 0, 1, 0, 0, 0.00, 0, 0, NULL, NULL, NULL, 187, 166, 0, 0, '2013-12-31 08:28:50', '2013-12-31 08:29:14', NULL, NULL, NULL, NULL, 0),
	(153, 0.00, 0, NULL, 0, 1, 0, 0, 0.00, 0, 0, NULL, NULL, NULL, 188, 167, 0, 0, '2013-12-31 08:29:15', '2013-12-31 08:29:59', NULL, NULL, NULL, NULL, 0),
	(154, 0.00, 0, NULL, 0, 1, 0, 0, 0.00, 0, 0, NULL, NULL, NULL, 189, 168, 0, 0, '2013-12-31 08:30:00', '2013-12-31 08:30:27', NULL, NULL, NULL, NULL, 0),
	(155, 0.00, 0, NULL, 0, 1, 0, 0, 0.00, 0, 0, NULL, NULL, NULL, 190, 169, 0, 0, '2013-12-31 08:30:28', '2013-12-31 08:30:51', NULL, NULL, NULL, NULL, 0),
	(156, 0.00, 0, NULL, 0, 1, 0, 0, 0.00, 0, 0, NULL, NULL, NULL, 191, 170, 0, 0, '2013-12-31 08:30:52', '2013-12-31 08:32:00', NULL, NULL, NULL, NULL, 0),
	(157, 0.00, 0, NULL, 0, 1, 0, 0, 0.00, 0, 0, NULL, NULL, NULL, 192, 171, 0, 0, '2013-12-31 08:32:01', '2013-12-31 08:32:22', NULL, NULL, NULL, NULL, 0),
	(158, 0.00, 0, NULL, 0, 1, 0, 0, 0.00, 0, 0, NULL, NULL, NULL, 193, 172, 0, 0, '2013-12-31 08:32:23', '2013-12-31 08:32:45', NULL, NULL, NULL, NULL, 0),
	(159, 0.00, 0, NULL, 0, 1, 0, 0, 0.00, 0, 0, NULL, NULL, NULL, 194, 173, 0, 0, '2013-12-31 08:32:46', '2013-12-31 08:32:56', NULL, NULL, NULL, NULL, 0),
	(160, 0.00, 0, NULL, 0, 1, 0, 0, 0.00, 0, 0, NULL, NULL, NULL, 195, 174, 0, 0, '2013-12-31 08:32:57', '2013-12-31 08:33:10', NULL, NULL, NULL, NULL, 0),
	(161, 0.00, 0, NULL, 0, 1, 0, 0, 0.00, 0, 0, NULL, NULL, NULL, 196, 175, 0, 0, '2013-12-31 08:33:11', '2013-12-31 08:33:22', NULL, NULL, NULL, NULL, 0),
	(162, 0.00, 0, NULL, 0, 1, 0, 0, 0.00, 0, 0, NULL, NULL, NULL, 197, 176, 0, 0, '2013-12-31 08:33:23', '2013-12-31 08:33:40', NULL, NULL, NULL, NULL, 0),
	(163, 0.00, 0, NULL, 0, 1, 0, 0, 0.00, 0, 0, NULL, NULL, NULL, 198, 177, 0, 0, '2013-12-31 08:33:40', '2013-12-31 08:33:53', NULL, NULL, NULL, NULL, 0),
	(164, 0.00, 0, NULL, 0, 1, 0, 0, 0.00, 0, 0, NULL, NULL, NULL, 199, 178, 0, 0, '2013-12-31 08:33:54', '2013-12-31 08:34:18', NULL, NULL, NULL, NULL, 0),
	(165, 0.00, 0, NULL, 0, 1, 0, 0, 0.00, 0, 0, NULL, NULL, NULL, 200, 179, 0, 0, '2013-12-31 08:34:19', '2013-12-31 08:34:29', NULL, NULL, NULL, NULL, 0),
	(166, 0.00, 0, NULL, 0, 1, 0, 0, 0.00, 0, 0, NULL, NULL, NULL, 201, 180, 0, 0, '2013-12-31 08:34:30', '2013-12-31 08:34:52', NULL, NULL, NULL, NULL, 0),
	(167, 0.00, 0, NULL, 0, 1, 0, 0, 0.00, 0, 0, NULL, NULL, NULL, 202, 181, 0, 0, '2013-12-31 08:34:53', '2013-12-31 08:35:09', NULL, NULL, NULL, NULL, 0),
	(168, 0.00, 0, NULL, 0, 1, 0, 0, 0.00, 0, 0, NULL, NULL, NULL, 203, 182, 0, 0, '2013-12-31 08:35:10', '2013-12-31 08:35:24', NULL, NULL, NULL, NULL, 0),
	(169, 0.00, 0, NULL, 0, 1, 0, 0, 0.00, 0, 0, NULL, NULL, NULL, 204, 183, 0, 0, '2013-12-31 08:35:25', '2013-12-31 08:35:41', NULL, NULL, NULL, NULL, 0),
	(170, 0.00, 0, NULL, 0, 1, 0, 0, 0.00, 0, 0, NULL, NULL, NULL, 205, 184, 0, 0, '2013-12-31 08:35:42', '2013-12-31 08:36:27', NULL, NULL, NULL, NULL, 0),
	(171, 0.00, 0, NULL, 0, 1, 0, 0, 0.00, 0, 0, NULL, NULL, NULL, 206, 185, 0, 0, '2013-12-31 08:36:28', '2013-12-31 08:36:43', NULL, NULL, NULL, NULL, 0),
	(172, 0.00, 0, NULL, 0, 1, 0, 0, 0.00, 0, 0, NULL, NULL, NULL, 207, 186, 0, 0, '2013-12-31 08:36:44', '2013-12-31 08:36:55', NULL, NULL, NULL, NULL, 0),
	(173, 0.00, 0, NULL, 0, 1, 0, 0, 0.00, 0, 0, NULL, NULL, NULL, 208, 187, 0, 0, '2013-12-31 08:36:56', '2013-12-31 08:37:10', NULL, NULL, NULL, NULL, 0),
	(174, 0.00, 0, NULL, 0, 1, 0, 0, 0.00, 0, 0, NULL, NULL, NULL, 209, 188, 0, 0, '2013-12-31 08:37:11', '2013-12-31 08:37:22', NULL, NULL, NULL, NULL, 0),
	(175, 0.00, 0, NULL, 0, 1, 0, 0, 0.00, 0, 0, NULL, NULL, NULL, 210, 189, 0, 0, '2013-12-31 08:37:23', '2013-12-31 08:37:34', NULL, NULL, NULL, NULL, 0),
	(176, 0.00, 0, NULL, 0, 1, 0, 0, 0.00, 0, 0, NULL, NULL, NULL, 211, 190, 0, 0, '2013-12-31 08:37:35', '2013-12-31 08:37:50', NULL, NULL, NULL, NULL, 0),
	(177, 0.00, 0, NULL, 0, 1, 0, 0, 0.00, 0, 0, NULL, NULL, NULL, 212, 191, 0, 0, '2013-12-31 08:37:51', '2013-12-31 08:38:03', NULL, NULL, NULL, NULL, 0),
	(178, 0.00, 0, NULL, 0, 1, 0, 0, 0.00, 0, 0, NULL, NULL, NULL, 213, 192, 0, 0, '2013-12-31 08:38:04', '2013-12-31 08:38:16', NULL, NULL, NULL, NULL, 0),
	(179, 0.00, 0, NULL, 0, 1, 0, 0, 0.00, 0, 0, NULL, NULL, NULL, 214, NULL, 0, 0, '2013-12-31 08:38:17', '2013-12-31 08:38:17', NULL, NULL, NULL, NULL, 0),
	(180, 0.00, 0, NULL, 0, 1, 0, 0, 0.00, 0, 0, NULL, NULL, NULL, 215, NULL, 0, 0, '2013-12-31 08:51:02', '2013-12-31 08:51:02', NULL, NULL, NULL, NULL, 0),
	(181, 0.00, 0, NULL, 0, 1, 0, 0, 0.00, 0, 0, NULL, NULL, NULL, 216, 193, 0, 0, '2013-12-31 08:54:13', '2013-12-31 08:56:37', NULL, NULL, NULL, NULL, 0),
	(182, 0.00, 0, NULL, 0, 1, 0, 0, 0.00, 0, 0, NULL, NULL, NULL, 217, 194, 0, 0, '2013-12-31 08:56:38', '2013-12-31 08:56:47', NULL, NULL, NULL, NULL, 0),
	(183, 0.00, 0, NULL, 0, 1, 0, 0, 0.00, 0, 0, NULL, NULL, NULL, 218, 195, 0, 0, '2013-12-31 08:56:49', '2013-12-31 08:57:00', NULL, NULL, NULL, NULL, 0),
	(184, 0.00, 0, NULL, 0, 1, 0, 0, 0.00, 0, 0, NULL, NULL, NULL, 219, 196, 0, 0, '2013-12-31 08:57:01', '2013-12-31 08:57:11', NULL, NULL, NULL, NULL, 0),
	(185, 0.00, 0, NULL, 0, 1, 0, 0, 0.00, 0, 0, NULL, NULL, NULL, 220, 197, 0, 0, '2013-12-31 08:57:12', '2013-12-31 08:57:29', NULL, NULL, NULL, NULL, 0),
	(186, 0.00, 0, NULL, 0, 1, 0, 0, 0.00, 0, 0, NULL, NULL, NULL, 221, 198, 0, 0, '2013-12-31 08:57:30', '2013-12-31 08:57:44', NULL, NULL, NULL, NULL, 0),
	(187, 0.00, 0, NULL, 0, 1, 0, 0, 0.00, 0, 0, NULL, NULL, NULL, 222, 199, 0, 0, '2013-12-31 08:57:45', '2013-12-31 08:57:56', NULL, NULL, NULL, NULL, 0),
	(188, 0.00, 0, NULL, 0, 1, 0, 0, 0.00, 0, 0, NULL, NULL, NULL, 223, 200, 0, 0, '2013-12-31 08:57:57', '2013-12-31 08:58:07', NULL, NULL, NULL, NULL, 0),
	(189, 0.00, 0, NULL, 0, 1, 0, 0, 0.00, 0, 0, NULL, NULL, NULL, 224, 201, 0, 0, '2013-12-31 08:58:07', '2013-12-31 08:58:19', NULL, NULL, NULL, NULL, 0),
	(190, 0.00, 0, NULL, 0, 1, 0, 0, 0.00, 0, 0, NULL, NULL, NULL, 225, 202, 0, 0, '2013-12-31 08:58:20', '2013-12-31 08:58:31', NULL, NULL, NULL, NULL, 0),
	(191, 0.00, 0, NULL, 0, 1, 0, 0, 0.00, 0, 0, NULL, NULL, NULL, 226, 203, 0, 0, '2013-12-31 08:58:32', '2013-12-31 08:58:47', NULL, NULL, NULL, NULL, 0),
	(192, 0.00, 0, NULL, 0, 1, 0, 0, 0.00, 0, 0, NULL, NULL, NULL, 227, 204, 0, 0, '2013-12-31 08:58:48', '2013-12-31 08:59:01', NULL, NULL, NULL, NULL, 0),
	(193, 0.00, 0, NULL, 0, 1, 0, 0, 0.00, 0, 0, NULL, NULL, NULL, 228, 205, 0, 0, '2013-12-31 08:59:02', '2013-12-31 08:59:26', NULL, NULL, NULL, NULL, 0),
	(194, 0.00, 0, NULL, 0, 1, 0, 0, 0.00, 0, 0, NULL, NULL, NULL, 229, 206, 0, 0, '2013-12-31 08:59:27', '2013-12-31 08:59:38', NULL, NULL, NULL, NULL, 0),
	(195, 0.00, 0, NULL, 0, 1, 0, 0, 0.00, 0, 0, NULL, NULL, NULL, 230, 207, 0, 0, '2013-12-31 08:59:39', '2013-12-31 08:59:56', NULL, NULL, NULL, NULL, 0),
	(196, 0.00, 0, NULL, 0, 1, 0, 0, 0.00, 0, 0, NULL, NULL, NULL, 231, 208, 0, 0, '2013-12-31 08:59:57', '2013-12-31 09:00:08', NULL, NULL, NULL, NULL, 0),
	(197, 0.00, 0, NULL, 0, 1, 0, 0, 0.00, 0, 0, NULL, NULL, NULL, 232, 209, 0, 0, '2013-12-31 09:00:09', '2013-12-31 09:00:17', NULL, NULL, NULL, NULL, 0),
	(198, 0.00, 0, NULL, 0, 1, 0, 0, 0.00, 0, 0, NULL, NULL, NULL, 233, 210, 0, 0, '2013-12-31 09:00:18', '2013-12-31 09:00:27', NULL, NULL, NULL, NULL, 0),
	(199, 0.00, 0, NULL, 0, 1, 0, 0, 0.00, 0, 0, NULL, NULL, NULL, 234, NULL, 0, 0, '2013-12-31 09:00:28', '2013-12-31 09:00:28', NULL, NULL, NULL, NULL, 0),
	(200, 0.00, 0, NULL, 0, 1, 0, 0, 0.00, 0, 0, NULL, NULL, NULL, 236, 212, 0, 0, '2013-12-31 09:13:26', '2013-12-31 09:13:41', NULL, NULL, NULL, NULL, 0),
	(201, 0.00, 0, NULL, 0, 1, 0, 0, 0.00, 0, 0, NULL, NULL, NULL, 237, 213, 0, 0, '2013-12-31 09:13:42', '2013-12-31 09:13:50', NULL, NULL, NULL, NULL, 0),
	(202, 0.00, 0, NULL, 0, 1, 0, 0, 0.00, 0, 0, NULL, NULL, NULL, 238, 214, 0, 0, '2013-12-31 09:13:51', '2013-12-31 09:14:00', NULL, NULL, NULL, NULL, 0),
	(203, 0.00, 0, NULL, 0, 1, 0, 0, 0.00, 0, 0, NULL, NULL, NULL, 239, 215, 0, 0, '2013-12-31 09:14:02', '2013-12-31 09:14:10', NULL, NULL, NULL, NULL, 0),
	(204, 0.00, 0, NULL, 0, 1, 0, 0, 0.00, 0, 0, NULL, NULL, NULL, 240, 216, 0, 0, '2013-12-31 09:14:11', '2013-12-31 09:14:22', NULL, NULL, NULL, NULL, 0),
	(205, 0.00, 0, NULL, 0, 1, 0, 0, 0.00, 0, 0, NULL, NULL, NULL, 241, 217, 0, 0, '2013-12-31 09:14:24', '2013-12-31 09:14:36', NULL, NULL, NULL, NULL, 0),
	(206, 0.00, 0, NULL, 0, 1, 0, 0, 0.00, 0, 0, NULL, NULL, NULL, 242, 218, 0, 0, '2013-12-31 09:14:37', '2013-12-31 09:14:52', NULL, NULL, NULL, NULL, 0),
	(207, 0.00, 0, NULL, 0, 1, 0, 0, 0.00, 0, 0, NULL, NULL, NULL, 243, 219, 0, 0, '2013-12-31 09:14:53', '2013-12-31 09:15:07', NULL, NULL, NULL, NULL, 0),
	(208, 0.00, 0, NULL, 0, 1, 0, 0, 0.00, 0, 0, NULL, NULL, NULL, 244, 220, 0, 0, '2013-12-31 09:15:09', '2013-12-31 09:15:20', NULL, NULL, NULL, NULL, 0),
	(209, 0.00, 0, NULL, 0, 1, 0, 0, 0.00, 0, 0, NULL, NULL, NULL, 245, 221, 0, 0, '2013-12-31 09:15:21', '2013-12-31 09:15:33', NULL, NULL, NULL, NULL, 0),
	(210, 0.00, 0, NULL, 0, 1, 0, 0, 0.00, 0, 0, NULL, NULL, NULL, 246, 222, 0, 0, '2013-12-31 09:15:34', '2013-12-31 09:15:44', NULL, NULL, NULL, NULL, 0),
	(211, 0.00, 0, NULL, 0, 1, 0, 0, 0.00, 0, 0, NULL, NULL, NULL, 247, 223, 0, 0, '2013-12-31 09:15:45', '2013-12-31 09:16:01', NULL, NULL, NULL, NULL, 0),
	(212, 0.00, 0, NULL, 0, 1, 0, 0, 0.00, 0, 0, NULL, NULL, NULL, 248, 224, 0, 0, '2013-12-31 09:16:02', '2013-12-31 09:16:35', NULL, NULL, NULL, NULL, 0),
	(213, 0.00, 0, NULL, 0, 1, 0, 0, 0.00, 0, 0, NULL, NULL, NULL, 249, 225, 0, 0, '2013-12-31 09:16:36', '2013-12-31 09:16:50', NULL, NULL, NULL, NULL, 0),
	(214, 0.00, 0, NULL, 0, 1, 0, 0, 0.00, 0, 0, NULL, NULL, NULL, 250, 226, 0, 0, '2013-12-31 09:16:51', '2013-12-31 09:17:00', NULL, NULL, NULL, NULL, 0),
	(215, 0.00, 0, NULL, 0, 1, 0, 0, 0.00, 0, 0, NULL, NULL, NULL, 251, 227, 0, 0, '2013-12-31 09:17:01', '2013-12-31 09:17:13', NULL, NULL, NULL, NULL, 0),
	(216, 0.00, 0, NULL, 0, 1, 0, 0, 0.00, 0, 0, NULL, NULL, NULL, 252, 228, 0, 0, '2013-12-31 09:17:14', '2013-12-31 09:17:24', NULL, NULL, NULL, NULL, 0),
	(217, 0.00, 0, NULL, 0, 1, 0, 0, 0.00, 0, 0, NULL, NULL, NULL, 253, 229, 0, 0, '2013-12-31 09:17:26', '2013-12-31 09:17:43', NULL, NULL, NULL, NULL, 0),
	(218, 0.00, 0, NULL, 0, 1, 0, 0, 0.00, 0, 0, NULL, NULL, NULL, 254, 230, 0, 0, '2013-12-31 09:17:44', '2013-12-31 09:17:58', NULL, NULL, NULL, NULL, 0),
	(219, 0.00, 0, NULL, 0, 1, 0, 0, 0.00, 0, 0, NULL, NULL, NULL, 255, NULL, 0, 0, '2013-12-31 09:17:59', '2013-12-31 09:17:59', NULL, NULL, NULL, NULL, 0),
	(220, 0.00, 0, NULL, 0, 1, 0, 0, 0.00, 0, 0, NULL, NULL, NULL, 257, NULL, 0, 0, '2013-12-31 09:49:58', '2013-12-31 09:49:58', NULL, NULL, NULL, NULL, 0),
	(221, 0.00, 0, NULL, 0, 1, 0, 0, 0.00, 0, 0, NULL, NULL, NULL, 258, 232, 0, 0, '2013-12-31 09:53:02', '2013-12-31 09:53:34', NULL, NULL, NULL, NULL, 0),
	(222, 0.00, 0, NULL, 0, 1, 0, 0, 0.00, 0, 0, NULL, NULL, NULL, 259, 233, 0, 0, '2013-12-31 09:53:35', '2013-12-31 09:53:46', NULL, NULL, NULL, NULL, 0),
	(223, 0.00, 0, NULL, 0, 1, 0, 0, 0.00, 0, 0, NULL, NULL, NULL, 260, 234, 0, 0, '2013-12-31 09:53:47', '2013-12-31 09:54:27', NULL, NULL, NULL, NULL, 0),
	(224, 0.00, 0, NULL, 0, 1, 0, 0, 0.00, 0, 0, NULL, NULL, NULL, 261, 235, 0, 0, '2013-12-31 09:54:28', '2013-12-31 09:54:44', NULL, NULL, NULL, NULL, 0),
	(225, 0.00, 0, NULL, 0, 1, 0, 0, 0.00, 0, 0, NULL, NULL, NULL, 262, 236, 0, 0, '2013-12-31 09:54:45', '2013-12-31 09:55:05', NULL, NULL, NULL, NULL, 0),
	(226, 0.00, 0, NULL, 0, 1, 0, 0, 0.00, 0, 0, NULL, NULL, NULL, 263, 237, 0, 0, '2013-12-31 09:55:06', '2013-12-31 09:55:21', NULL, NULL, NULL, NULL, 0),
	(227, 0.00, 0, NULL, 0, 1, 0, 0, 0.00, 0, 0, NULL, NULL, NULL, 264, 238, 0, 0, '2013-12-31 09:55:22', '2013-12-31 09:55:40', NULL, NULL, NULL, NULL, 0),
	(228, 0.00, 0, NULL, 0, 1, 0, 0, 0.00, 0, 0, NULL, NULL, NULL, 265, 239, 0, 0, '2013-12-31 09:55:42', '2013-12-31 09:56:24', NULL, NULL, NULL, NULL, 0),
	(229, 0.00, 0, NULL, 0, 1, 0, 0, 0.00, 0, 0, NULL, NULL, NULL, 266, 240, 0, 0, '2013-12-31 09:56:25', '2013-12-31 09:56:39', NULL, NULL, NULL, NULL, 0),
	(230, 0.00, 0, NULL, 0, 1, 0, 0, 0.00, 0, 0, NULL, NULL, NULL, 267, 241, 0, 0, '2013-12-31 09:56:40', '2013-12-31 09:57:03', NULL, NULL, NULL, NULL, 0),
	(231, 0.00, 0, NULL, 0, 1, 0, 0, 0.00, 0, 0, NULL, NULL, NULL, 268, 242, 0, 0, '2013-12-31 09:57:04', '2013-12-31 09:57:13', NULL, NULL, NULL, NULL, 0),
	(232, 0.00, 0, NULL, 0, 1, 0, 0, 0.00, 0, 0, NULL, NULL, NULL, 269, 243, 0, 0, '2013-12-31 09:57:15', '2013-12-31 09:57:24', NULL, NULL, NULL, NULL, 0),
	(233, 0.00, 0, NULL, 0, 1, 0, 0, 0.00, 0, 0, NULL, NULL, NULL, 270, NULL, 0, 0, '2013-12-31 09:57:26', '2013-12-31 09:57:26', NULL, NULL, NULL, NULL, 0),
	(234, 0.00, 0, NULL, 0, 1, 0, 0, 0.00, 0, 0, NULL, NULL, NULL, 271, 244, 0, 0, '2014-01-02 12:28:22', '2014-01-02 12:28:54', NULL, NULL, NULL, NULL, 0),
	(235, 0.00, 0, NULL, 0, 1, 0, 0, 0.00, 0, 0, NULL, NULL, NULL, 272, 245, 0, 0, '2014-01-02 12:28:56', '2014-01-02 12:29:12', NULL, NULL, NULL, NULL, 0),
	(236, 0.00, 0, NULL, 0, 1, 0, 0, 0.00, 0, 0, NULL, NULL, NULL, 273, 246, 0, 0, '2014-01-02 12:29:13', '2014-01-02 12:29:34', NULL, NULL, NULL, NULL, 0),
	(237, 0.00, 0, NULL, 0, 1, 0, 0, 0.00, 0, 0, NULL, NULL, NULL, 274, 247, 0, 0, '2014-01-02 12:29:35', '2014-01-02 12:29:54', NULL, NULL, NULL, NULL, 0),
	(238, 0.00, 0, NULL, 0, 1, 0, 0, 0.00, 0, 0, NULL, NULL, NULL, 275, 248, 0, 0, '2014-01-02 12:29:55', '2014-01-02 12:30:09', NULL, NULL, NULL, NULL, 0),
	(239, 0.00, 0, NULL, 0, 1, 0, 0, 0.00, 0, 0, NULL, NULL, NULL, 276, 249, 0, 0, '2014-01-02 12:30:10', '2014-01-02 12:30:29', NULL, NULL, NULL, NULL, 0),
	(240, 0.00, 0, NULL, 0, 1, 0, 0, 0.00, 0, 0, NULL, NULL, NULL, 277, 250, 0, 0, '2014-01-02 12:30:30', '2014-01-02 12:30:47', NULL, NULL, NULL, NULL, 0),
	(241, 0.00, 0, NULL, 0, 1, 0, 0, 0.00, 0, 0, NULL, NULL, NULL, 278, 251, 0, 0, '2014-01-02 12:30:50', '2014-01-02 12:31:46', NULL, NULL, NULL, NULL, 0),
	(242, 0.00, 0, NULL, 0, 1, 0, 0, 0.00, 0, 0, NULL, NULL, NULL, 279, 252, 0, 0, '2014-01-02 12:31:49', '2014-01-02 12:32:19', NULL, NULL, NULL, NULL, 0),
	(243, 0.00, 0, NULL, 0, 1, 0, 0, 0.00, 0, 0, NULL, NULL, NULL, 280, 253, 0, 0, '2014-01-02 12:32:21', '2014-01-02 12:32:40', NULL, NULL, NULL, NULL, 0),
	(244, 0.00, 0, NULL, 0, 1, 0, 0, 0.00, 0, 0, NULL, NULL, NULL, 281, 254, 0, 0, '2014-01-02 12:32:42', '2014-01-02 12:33:05', NULL, NULL, NULL, NULL, 0),
	(245, 0.00, 0, NULL, 0, 1, 0, 0, 0.00, 0, 0, NULL, NULL, NULL, 282, 255, 0, 0, '2014-01-02 12:33:07', '2014-01-02 12:33:28', NULL, NULL, NULL, NULL, 0),
	(246, 0.00, 0, NULL, 0, 1, 0, 0, 0.00, 0, 0, NULL, NULL, NULL, 283, 256, 0, 0, '2014-01-02 12:33:30', '2014-01-02 12:33:49', NULL, NULL, NULL, NULL, 0),
	(247, 0.00, 0, NULL, 0, 1, 0, 0, 0.00, 0, 0, NULL, NULL, NULL, 284, 257, 0, 0, '2014-01-02 12:33:50', '2014-01-02 12:34:32', NULL, NULL, NULL, NULL, 0),
	(248, 0.00, 0, NULL, 0, 1, 0, 0, 0.00, 0, 0, NULL, NULL, NULL, 285, 258, 0, 0, '2014-01-02 12:34:33', '2014-01-02 12:35:04', NULL, NULL, NULL, NULL, 0),
	(249, 0.00, 0, NULL, 0, 1, 0, 0, 0.00, 0, 0, NULL, NULL, NULL, 286, 259, 0, 0, '2014-01-02 12:35:05', '2014-01-02 12:35:30', NULL, NULL, NULL, NULL, 0),
	(250, 0.00, 0, NULL, 0, 1, 0, 0, 0.00, 0, 0, NULL, NULL, NULL, 287, 260, 0, 0, '2014-01-02 12:35:31', '2014-01-02 12:35:50', NULL, NULL, NULL, NULL, 0),
	(251, 0.00, 0, NULL, 0, 1, 0, 0, 0.00, 0, 0, NULL, NULL, NULL, 288, 261, 0, 0, '2014-01-02 12:35:51', '2014-01-02 12:36:22', NULL, NULL, NULL, NULL, 0),
	(252, 0.00, 0, NULL, 0, 1, 0, 0, 0.00, 0, 0, NULL, NULL, NULL, 289, 262, 0, 0, '2014-01-02 12:36:24', '2014-01-02 12:36:47', NULL, NULL, NULL, NULL, 0),
	(253, 0.00, 0, NULL, 0, 1, 0, 0, 0.00, 0, 0, NULL, NULL, NULL, 290, 263, 0, 0, '2014-01-02 12:36:49', '2014-01-02 12:37:14', NULL, NULL, NULL, NULL, 0),
	(254, 0.00, 0, NULL, 0, 1, 0, 0, 0.00, 0, 0, NULL, NULL, NULL, 291, 264, 0, 0, '2014-01-02 12:37:16', '2014-01-02 12:37:31', NULL, NULL, NULL, NULL, 0),
	(255, 0.00, 0, NULL, 0, 1, 0, 0, 0.00, 0, 0, NULL, NULL, NULL, 292, 265, 0, 0, '2014-01-02 12:37:32', '2014-01-02 12:38:06', NULL, NULL, NULL, NULL, 0),
	(256, 0.00, 0, NULL, 0, 1, 0, 0, 0.00, 0, 0, NULL, NULL, NULL, 293, 266, 0, 0, '2014-01-02 12:38:08', '2014-01-02 12:38:32', NULL, NULL, NULL, NULL, 0),
	(257, 0.00, 0, NULL, 0, 1, 0, 0, 0.00, 0, 0, NULL, NULL, NULL, 294, 267, 0, 0, '2014-01-02 12:38:33', '2014-01-02 12:39:01', NULL, NULL, NULL, NULL, 0),
	(258, 0.00, 0, NULL, 0, 1, 0, 0, 0.00, 0, 0, NULL, NULL, NULL, 295, 268, 0, 0, '2014-01-02 12:39:02', '2014-01-02 12:39:45', NULL, NULL, NULL, NULL, 0),
	(259, 0.00, 0, NULL, 0, 1, 0, 0, 0.00, 0, 0, NULL, NULL, NULL, 296, 269, 0, 0, '2014-01-02 12:39:50', '2014-01-02 12:40:25', NULL, NULL, NULL, NULL, 0),
	(260, 0.00, 0, NULL, 0, 1, 0, 0, 0.00, 0, 0, NULL, NULL, NULL, 297, 270, 0, 0, '2014-01-02 12:40:26', '2014-01-02 12:40:43', NULL, NULL, NULL, NULL, 0),
	(261, 0.00, 0, NULL, 0, 1, 0, 0, 0.00, 0, 0, NULL, NULL, NULL, 298, 271, 0, 0, '2014-01-02 12:40:45', '2014-01-02 12:41:25', NULL, NULL, NULL, NULL, 0),
	(262, 0.00, 0, NULL, 0, 1, 0, 0, 0.00, 0, 0, NULL, NULL, NULL, 299, 272, 0, 0, '2014-01-02 12:41:27', '2014-01-02 12:41:45', NULL, NULL, NULL, NULL, 0),
	(263, 0.00, 0, NULL, 0, 1, 0, 0, 0.00, 0, 0, NULL, NULL, NULL, 300, 273, 0, 0, '2014-01-02 12:41:47', '2014-01-02 12:42:28', NULL, NULL, NULL, NULL, 0),
	(264, 0.00, 0, NULL, 0, 1, 0, 0, 0.00, 0, 0, NULL, NULL, NULL, 301, 274, 0, 0, '2014-01-02 12:42:30', '2014-01-02 12:42:55', NULL, NULL, NULL, NULL, 0),
	(265, 0.00, 0, NULL, 0, 1, 0, 0, 0.00, 0, 0, NULL, NULL, NULL, 302, 275, 0, 0, '2014-01-02 12:42:56', '2014-01-02 12:43:35', NULL, NULL, NULL, NULL, 0),
	(266, 0.00, 0, NULL, 0, 1, 0, 0, 0.00, 0, 0, NULL, NULL, NULL, 303, 276, 0, 0, '2014-01-02 12:43:37', '2014-01-02 12:44:01', NULL, NULL, NULL, NULL, 0),
	(267, 0.00, 0, NULL, 0, 1, 0, 0, 0.00, 0, 0, NULL, NULL, NULL, 304, 277, 0, 0, '2014-01-02 12:44:03', '2014-01-02 12:44:39', NULL, NULL, NULL, NULL, 0),
	(268, 0.00, 0, NULL, 0, 1, 0, 0, 0.00, 0, 0, NULL, NULL, NULL, 305, 278, 0, 0, '2014-01-02 12:44:40', '2014-01-02 12:45:25', NULL, NULL, NULL, NULL, 0),
	(269, 0.00, 0, NULL, 0, 1, 0, 0, 0.00, 0, 0, NULL, NULL, NULL, 306, 279, 0, 0, '2014-01-02 12:45:27', '2014-01-02 12:46:17', NULL, NULL, NULL, NULL, 0),
	(270, 0.00, 0, NULL, 0, 1, 0, 0, 0.00, 0, 0, NULL, NULL, NULL, 307, 280, 0, 0, '2014-01-02 12:46:19', '2014-01-02 12:47:45', NULL, NULL, NULL, NULL, 0),
	(271, 0.00, 0, NULL, 0, 1, 0, 0, 0.00, 0, 0, NULL, NULL, NULL, 308, 281, 0, 0, '2014-01-02 12:47:47', '2014-01-02 12:48:16', NULL, NULL, NULL, NULL, 0),
	(272, 0.00, 0, NULL, 0, 1, 0, 0, 0.00, 0, 0, NULL, NULL, NULL, 309, 282, 0, 0, '2014-01-02 12:48:17', '2014-01-02 12:48:33', NULL, NULL, NULL, NULL, 0),
	(273, 0.00, 0, NULL, 0, 1, 0, 0, 0.00, 0, 0, NULL, NULL, NULL, 310, 283, 0, 0, '2014-01-02 12:48:35', '2014-01-02 12:48:49', NULL, NULL, NULL, NULL, 0),
	(274, 0.00, 0, NULL, 0, 1, 0, 0, 0.00, 0, 0, NULL, NULL, NULL, 311, 284, 0, 0, '2014-01-02 12:48:51', '2014-01-02 12:49:10', NULL, NULL, NULL, NULL, 0),
	(275, 0.00, 0, NULL, 0, 1, 0, 0, 0.00, 0, 0, NULL, NULL, NULL, 312, 285, 0, 0, '2014-01-02 12:49:12', '2014-01-02 12:50:04', NULL, NULL, NULL, NULL, 0),
	(276, 0.00, 0, NULL, 0, 1, 0, 0, 0.00, 0, 0, NULL, NULL, NULL, 313, 286, 0, 0, '2014-01-02 12:50:06', '2014-01-02 12:50:28', NULL, NULL, NULL, NULL, 0),
	(277, 0.00, 0, NULL, 0, 1, 0, 0, 0.00, 0, 0, NULL, NULL, NULL, 314, 287, 0, 0, '2014-01-02 12:50:30', '2014-01-02 12:50:48', NULL, NULL, NULL, NULL, 0),
	(278, 0.00, 0, NULL, 0, 1, 0, 0, 0.00, 0, 0, NULL, NULL, NULL, 315, 288, 0, 0, '2014-01-02 12:50:50', '2014-01-02 12:51:07', NULL, NULL, NULL, NULL, 0),
	(279, 0.00, 0, NULL, 0, 1, 0, 0, 0.00, 0, 0, NULL, NULL, NULL, 316, 289, 0, 0, '2014-01-02 12:51:09', '2014-01-02 12:51:27', NULL, NULL, NULL, NULL, 0),
	(280, 0.00, 0, NULL, 0, 1, 0, 0, 0.00, 0, 0, NULL, NULL, NULL, 317, 290, 0, 0, '2014-01-02 12:51:29', '2014-01-02 12:51:57', NULL, NULL, NULL, NULL, 0),
	(281, 0.00, 0, NULL, 0, 1, 0, 0, 0.00, 0, 0, NULL, NULL, NULL, 318, 291, 0, 0, '2014-01-02 12:51:58', '2014-01-02 12:52:19', NULL, NULL, NULL, NULL, 0),
	(282, 0.00, 0, NULL, 0, 1, 0, 0, 0.00, 0, 0, NULL, NULL, NULL, 319, 292, 0, 0, '2014-01-02 12:52:21', '2014-01-02 13:14:48', NULL, NULL, NULL, NULL, 0),
	(283, 0.00, 0, NULL, 0, 1, 0, 0, 0.00, 0, 0, NULL, NULL, NULL, 320, 293, 0, 0, '2014-01-02 13:14:50', '2014-01-02 13:15:18', NULL, NULL, NULL, NULL, 0),
	(284, 0.00, 0, NULL, 0, 1, 0, 0, 0.00, 0, 0, NULL, NULL, NULL, 321, 294, 0, 0, '2014-01-02 13:15:19', '2014-01-02 13:49:20', NULL, NULL, NULL, NULL, 0),
	(285, 0.00, 0, NULL, 0, 1, 0, 0, 0.00, 0, 0, NULL, NULL, NULL, 322, 295, 0, 0, '2014-01-02 13:49:23', '2014-01-02 13:49:40', NULL, NULL, NULL, NULL, 0),
	(286, 0.00, 0, NULL, 0, 1, 0, 0, 0.00, 0, 0, NULL, NULL, NULL, 323, 296, 0, 0, '2014-01-02 13:49:42', '2014-01-02 13:49:58', NULL, NULL, NULL, NULL, 0),
	(287, 0.00, 0, NULL, 0, 1, 0, 0, 0.00, 0, 0, NULL, NULL, NULL, 324, 297, 0, 0, '2014-01-02 13:50:02', '2014-01-02 13:51:03', NULL, NULL, NULL, NULL, 0),
	(288, 0.00, 0, NULL, 0, 1, 0, 0, 0.00, 0, 0, NULL, NULL, NULL, 325, 298, 0, 0, '2014-01-02 13:51:05', '2014-01-02 13:51:32', NULL, NULL, NULL, NULL, 0),
	(289, 0.00, 0, NULL, 0, 1, 0, 0, 0.00, 0, 0, NULL, NULL, NULL, 326, 299, 0, 0, '2014-01-02 13:51:34', '2014-01-02 13:51:58', NULL, NULL, NULL, NULL, 0),
	(290, 0.00, 0, NULL, 0, 1, 0, 0, 0.00, 0, 0, NULL, NULL, NULL, 327, 300, 0, 0, '2014-01-02 13:52:00', '2014-01-02 13:52:15', NULL, NULL, NULL, NULL, 0),
	(291, 0.00, 0, NULL, 0, 1, 0, 0, 0.00, 0, 0, NULL, NULL, NULL, 328, 301, 0, 0, '2014-01-02 13:52:17', '2014-01-02 13:52:40', NULL, NULL, NULL, NULL, 0),
	(292, 0.00, 0, NULL, 0, 1, 0, 0, 0.00, 0, 0, NULL, NULL, NULL, 329, 302, 0, 0, '2014-01-02 13:52:42', '2014-01-02 13:53:08', NULL, NULL, NULL, NULL, 0),
	(293, 0.00, 0, NULL, 0, 1, 0, 0, 0.00, 0, 0, NULL, NULL, NULL, 330, 303, 0, 0, '2014-01-02 13:53:10', '2014-01-02 13:53:25', NULL, NULL, NULL, NULL, 0),
	(294, 0.00, 0, NULL, 0, 1, 0, 0, 0.00, 0, 0, NULL, NULL, NULL, 331, 304, 0, 0, '2014-01-02 13:53:27', '2014-01-02 13:53:47', NULL, NULL, NULL, NULL, 0),
	(295, 0.00, 0, NULL, 0, 1, 0, 0, 0.00, 0, 0, NULL, NULL, NULL, 332, 305, 0, 0, '2014-01-02 13:53:49', '2014-01-02 13:54:13', NULL, NULL, NULL, NULL, 0),
	(296, 0.00, 0, NULL, 0, 1, 0, 0, 0.00, 0, 0, NULL, NULL, NULL, 333, 306, 0, 0, '2014-01-02 13:54:15', '2014-01-02 13:54:38', NULL, NULL, NULL, NULL, 0),
	(297, 0.00, 0, NULL, 0, 1, 0, 0, 0.00, 0, 0, NULL, NULL, NULL, 334, 307, 0, 0, '2014-01-02 13:54:40', '2014-01-02 13:54:57', NULL, NULL, NULL, NULL, 0),
	(298, 0.00, 0, NULL, 0, 1, 0, 0, 0.00, 0, 0, NULL, NULL, NULL, 335, NULL, 0, 0, '2014-01-02 13:54:59', '2014-01-02 13:54:59', NULL, NULL, NULL, NULL, 0),
	(299, 0.00, 0, NULL, 0, 1, 0, 0, 0.00, 0, 0, NULL, NULL, NULL, 342, 309, 0, 0, '2014-01-06 13:43:53', '2014-01-06 13:44:14', NULL, NULL, NULL, NULL, 0),
	(300, 0.00, 0, NULL, 0, 1, 0, 0, 0.00, 0, 0, NULL, NULL, NULL, 343, 310, 0, 0, '2014-01-06 13:44:15', '2014-01-06 13:44:27', NULL, NULL, NULL, NULL, 0),
	(301, 0.00, 0, NULL, 0, 1, 0, 0, 0.00, 0, 0, NULL, NULL, NULL, 344, 311, 0, 0, '2014-01-06 13:44:29', '2014-01-06 13:44:42', NULL, NULL, NULL, NULL, 0),
	(302, 0.00, 0, NULL, 0, 1, 0, 0, 0.00, 0, 0, NULL, NULL, NULL, 345, 312, 0, 0, '2014-01-06 13:44:44', '2014-01-06 13:45:28', NULL, NULL, NULL, NULL, 0),
	(303, 0.00, 0, NULL, 0, 1, 0, 0, 0.00, 0, 0, NULL, NULL, NULL, 346, 313, 0, 0, '2014-01-06 13:45:30', '2014-01-06 13:45:55', NULL, NULL, NULL, NULL, 0),
	(304, 0.00, 0, NULL, 0, 1, 0, 0, 0.00, 0, 0, NULL, NULL, NULL, 347, 314, 0, 0, '2014-01-06 13:45:57', '2014-01-06 13:46:21', NULL, NULL, NULL, NULL, 0),
	(305, 0.00, 0, NULL, 0, 1, 0, 0, 0.00, 0, 0, NULL, NULL, NULL, 348, 315, 0, 0, '2014-01-06 13:46:23', '2014-01-06 13:46:36', NULL, NULL, NULL, NULL, 0),
	(306, 0.00, 0, NULL, 0, 1, 0, 0, 0.00, 0, 0, NULL, NULL, NULL, 349, 316, 0, 0, '2014-01-06 13:46:38', '2014-01-06 13:46:57', NULL, NULL, NULL, NULL, 0),
	(307, 0.00, 0, NULL, 0, 1, 0, 0, 0.00, 0, 0, NULL, NULL, NULL, 350, NULL, 0, 0, '2014-01-06 13:47:00', '2014-01-06 13:47:00', NULL, NULL, NULL, NULL, 0),
	(308, 0.00, 0, NULL, 0, 1, 0, 0, 0.00, 0, 0, NULL, NULL, NULL, 353, 318, 0, 0, '2014-01-06 14:36:34', '2014-01-06 14:36:48', NULL, NULL, NULL, NULL, 0),
	(309, 0.00, 0, NULL, 0, 1, 0, 0, 0.00, 0, 0, NULL, NULL, NULL, 354, 319, 0, 0, '2014-01-06 14:36:49', '2014-01-06 14:37:06', NULL, NULL, NULL, NULL, 0),
	(310, 0.00, 0, NULL, 0, 1, 0, 0, 0.00, 0, 0, NULL, NULL, NULL, 355, NULL, 0, 0, '2014-01-06 14:37:08', '2014-01-06 14:37:08', NULL, NULL, NULL, NULL, 0);
/*!40000 ALTER TABLE `product_product` ENABLE KEYS */;


-- Zrzut struktury tabela ral.product_product_category
CREATE TABLE IF NOT EXISTS `product_product_category` (
  `product_id` int(11) NOT NULL DEFAULT '0',
  `category_id` int(11) NOT NULL DEFAULT '0',
  PRIMARY KEY (`product_id`,`category_id`),
  KEY `product_product_category_category_id_product_category_id` (`category_id`)
) ENGINE=MyISAM DEFAULT CHARSET=utf8;

-- Zrzucanie danych dla tabeli ral.product_product_category: 267 rows
DELETE FROM `product_product_category`;
/*!40000 ALTER TABLE `product_product_category` DISABLE KEYS */;
INSERT INTO `product_product_category` (`product_id`, `category_id`) VALUES
	(1, 5),
	(2, 2),
	(3, 5),
	(4, 5),
	(7, 5),
	(8, 5),
	(9, 5),
	(10, 5),
	(11, 5),
	(12, 5),
	(13, 5),
	(14, 5),
	(15, 9),
	(16, 9),
	(19, 12),
	(23, 11),
	(25, 11),
	(28, 9),
	(29, 9),
	(30, 9),
	(31, 9),
	(32, 9),
	(33, 9),
	(34, 9),
	(35, 9),
	(36, 9),
	(37, 9),
	(38, 12),
	(41, 12),
	(43, 11),
	(45, 11),
	(46, 13),
	(50, 11),
	(51, 11),
	(62, 11),
	(63, 11),
	(64, 11),
	(65, 11),
	(66, 11),
	(67, 10),
	(68, 11),
	(69, 10),
	(70, 11),
	(71, 10),
	(72, 11),
	(73, 9),
	(74, 11),
	(75, 9),
	(76, 11),
	(77, 11),
	(78, 11),
	(79, 9),
	(80, 11),
	(81, 12),
	(82, 11),
	(83, 11),
	(84, 11),
	(85, 11),
	(86, 11),
	(87, 11),
	(88, 11),
	(89, 11),
	(90, 11),
	(91, 11),
	(92, 11),
	(94, 11),
	(95, 11),
	(96, 11),
	(97, 11),
	(98, 11),
	(99, 11),
	(100, 10),
	(101, 10),
	(102, 10),
	(103, 11),
	(104, 11),
	(105, 11),
	(106, 11),
	(107, 11),
	(108, 11),
	(109, 11),
	(110, 11),
	(111, 11),
	(112, 11),
	(113, 11),
	(114, 11),
	(115, 11),
	(116, 11),
	(117, 11),
	(118, 11),
	(119, 11),
	(120, 11),
	(124, 11),
	(126, 11),
	(127, 11),
	(128, 11),
	(129, 11),
	(130, 11),
	(132, 11),
	(133, 11),
	(134, 11),
	(135, 11),
	(136, 11),
	(137, 11),
	(138, 11),
	(139, 11),
	(140, 11),
	(141, 11),
	(142, 11),
	(143, 11),
	(144, 11),
	(145, 11),
	(146, 11),
	(147, 11),
	(148, 11),
	(150, 11),
	(151, 11),
	(152, 11),
	(153, 11),
	(154, 11),
	(155, 11),
	(156, 11),
	(157, 11),
	(158, 11),
	(159, 11),
	(160, 11),
	(161, 11),
	(162, 11),
	(163, 11),
	(164, 11),
	(165, 11),
	(166, 11),
	(167, 11),
	(168, 11),
	(169, 11),
	(170, 11),
	(171, 11),
	(172, 11),
	(173, 11),
	(174, 11),
	(175, 11),
	(176, 11),
	(177, 11),
	(178, 11),
	(181, 11),
	(182, 11),
	(183, 11),
	(184, 11),
	(185, 11),
	(186, 11),
	(187, 11),
	(188, 11),
	(189, 11),
	(190, 11),
	(191, 11),
	(192, 11),
	(193, 11),
	(194, 11),
	(195, 11),
	(196, 11),
	(197, 11),
	(198, 11),
	(200, 11),
	(201, 11),
	(202, 11),
	(203, 11),
	(204, 11),
	(205, 11),
	(206, 11),
	(207, 11),
	(208, 11),
	(209, 11),
	(210, 11),
	(211, 11),
	(212, 11),
	(213, 11),
	(214, 11),
	(215, 11),
	(216, 11),
	(217, 11),
	(218, 11),
	(221, 11),
	(222, 11),
	(223, 11),
	(224, 11),
	(225, 11),
	(226, 11),
	(227, 11),
	(228, 11),
	(229, 11),
	(230, 11),
	(231, 11),
	(232, 11),
	(234, 11),
	(235, 11),
	(236, 11),
	(237, 11),
	(238, 11),
	(239, 11),
	(240, 11),
	(241, 11),
	(242, 11),
	(243, 11),
	(244, 11),
	(245, 11),
	(246, 11),
	(247, 11),
	(248, 11),
	(249, 11),
	(250, 11),
	(251, 11),
	(252, 11),
	(253, 11),
	(254, 11),
	(255, 11),
	(256, 11),
	(257, 11),
	(258, 11),
	(259, 11),
	(260, 11),
	(261, 11),
	(262, 11),
	(263, 11),
	(264, 11),
	(265, 11),
	(266, 11),
	(267, 11),
	(268, 11),
	(269, 11),
	(270, 11),
	(271, 11),
	(272, 11),
	(273, 11),
	(274, 11),
	(275, 11),
	(276, 11),
	(277, 11),
	(278, 11),
	(279, 11),
	(280, 11),
	(281, 11),
	(282, 11),
	(283, 11),
	(284, 11),
	(285, 11),
	(286, 11),
	(287, 11),
	(288, 11),
	(289, 11),
	(290, 11),
	(291, 11),
	(292, 11),
	(293, 11),
	(294, 11),
	(295, 11),
	(296, 11),
	(297, 11),
	(299, 11),
	(300, 11),
	(301, 11),
	(302, 11),
	(303, 11),
	(304, 11),
	(305, 11),
	(306, 11),
	(308, 11),
	(309, 11);
/*!40000 ALTER TABLE `product_product_category` ENABLE KEYS */;


-- Zrzut struktury tabela ral.product_product_translation
CREATE TABLE IF NOT EXISTS `product_product_translation` (
  `id` int(11) NOT NULL DEFAULT '0',
  `name` varchar(255) DEFAULT NULL,
  `slug` varchar(255) DEFAULT NULL,
  `description` longtext,
  `lang` char(2) NOT NULL DEFAULT '',
  PRIMARY KEY (`id`,`lang`)
) ENGINE=MyISAM DEFAULT CHARSET=utf8;

-- Zrzucanie danych dla tabeli ral.product_product_translation: 466 rows
DELETE FROM `product_product_translation`;
/*!40000 ALTER TABLE `product_product_translation` DISABLE KEYS */;
INSERT INTO `product_product_translation` (`id`, `name`, `slug`, `description`, `lang`) VALUES
	(207, 'vb080', 'vb080', 'vb080', 'pl'),
	(207, 'vb080', 'vb080', 'vb080', 'en'),
	(208, 'vb090', 'vb090', 'vb090', 'pl'),
	(208, 'vb090', 'vb090', 'vb090', 'en'),
	(209, 'vb110', 'vb110', 'vb110', 'pl'),
	(209, 'vb110', 'vb110', 'vb110', 'en'),
	(210, 'vb210', 'vb210', 'vb210', 'pl'),
	(210, 'vb210', 'vb210', 'vb210', 'en'),
	(211, 'vb520', 'vb520', 'vb520', 'pl'),
	(211, 'vb520', 'vb520', 'vb520', 'en'),
	(212, 'vb595', 'vb595', 'vb595', 'pl'),
	(212, 'vb595', 'vb595', 'vb595', 'en'),
	(213, 'vb620', 'vb620', 'vb620', 'pl'),
	(213, 'vb620', 'vb620', 'vb620', 'en'),
	(214, 'vb710', 'vb710', 'vb710', 'pl'),
	(214, 'vb710', 'vb710', 'vb710', 'en'),
	(215, 'vb800-1', 'vb800-1', 'vb800-1', 'pl'),
	(206, 'vb070', 'vb070', 'vb070', 'pl'),
	(206, 'vb070', 'vb070', 'vb070', 'en'),
	(205, 'vb060', 'vb060', 'vb060', 'en'),
	(203, 'vb040', 'vb040', 'vb040', 'en'),
	(204, 'vb050', 'vb050', 'vb050', 'pl'),
	(204, 'vb050', 'vb050', 'vb050', 'en'),
	(205, 'vb060', 'vb060', 'vb060', 'pl'),
	(203, 'vb040', 'vb040', 'vb040', 'pl'),
	(202, 'vb030', 'vb030', 'vb030', 'en'),
	(202, 'vb030', 'vb030', 'vb030', 'pl'),
	(201, 'vb020', 'vb020', 'vb020', 'en'),
	(201, 'vb020', 'vb020', 'vb020', 'pl'),
	(200, 'vb010', 'vb010', 'vb010', 'en'),
	(200, 'vb010', 'vb010', 'vb010', 'pl'),
	(181, 'vc', 'vc', 'vc', 'pl'),
	(181, 'vc', 'vc', 'vc', 'en'),
	(182, 'vc120', 'vc120', 'vc120', 'pl'),
	(182, 'vc120', 'vc120', 'vc120', 'en'),
	(183, 'vc123', 'vc123', 'vc123', 'pl'),
	(183, 'vc123', 'vc123', 'vc123', 'en'),
	(184, 'vc133', 'vc133', 'vc133', 'pl'),
	(184, 'vc133', 'vc133', 'vc133', 'en'),
	(185, 'vc143', 'vc143', 'vc143', 'pl'),
	(185, 'vc143', 'vc143', 'vc143', 'en'),
	(186, 'vc153', 'vc153', 'vc153', 'pl'),
	(186, 'vc153', 'vc153', 'vc153', 'en'),
	(187, 'vc233', 'vc233', 'vc233', 'pl'),
	(187, 'vc233', 'vc233', 'vc233', 'en'),
	(188, 'vc243', 'vc243', 'vc243', 'pl'),
	(188, 'vc243', 'vc243', 'vc243', 'en'),
	(189, 'vc253', 'vc253', 'vc253', 'pl'),
	(189, 'vc253', 'vc253', 'vc253', 'en'),
	(190, 'vc263', 'vc263', 'vc263', 'pl'),
	(190, 'vc263', 'vc263', 'vc263', 'en'),
	(191, 'vc270', 'vc270', 'vc270', 'pl'),
	(191, 'vc270', 'vc270', 'vc270', 'en'),
	(192, 'vc730', 'vc730', 'vc730', 'pl'),
	(192, 'vc730', 'vc730', 'vc730', 'en'),
	(193, 'vc760', 'vc760', 'vc760', 'pl'),
	(193, 'vc760', 'vc760', 'vc760', 'en'),
	(194, 'vc820', 'vc820', 'vc820', 'pl'),
	(194, 'vc820', 'vc820', 'vc820', 'en'),
	(195, 'vc830', 'vc830', 'vc830', 'pl'),
	(195, 'vc830', 'vc830', 'vc830', 'en'),
	(196, 'vc840', 'vc840', 'vc840', 'pl'),
	(196, 'vc840', 'vc840', 'vc840', 'en'),
	(197, 'vc850', 'vc850', 'vc850', 'pl'),
	(197, 'vc850', 'vc850', 'vc850', 'en'),
	(198, 'vc860', 'vc860', 'vc860', 'pl'),
	(198, 'vc860', 'vc860', 'vc860', 'en'),
	(62, 'bl113', 'bl113', 'bl113', 'en'),
	(62, 'bl113', 'bl113', 'bl113', 'pl'),
	(63, 'bl5705n', 'bl5705n', 'bl5705n', 'pl'),
	(63, 'bl5705n', 'bl5705n', 'bl5705n', 'en'),
	(64, 'bl9800ch', 'bl9800ch', 'bl9800ch', 'pl'),
	(64, 'bl9800ch', 'bl9800ch', 'bl9800ch', 'en'),
	(65, 'bl9800ch8081', 'bl9800ch8081', 'bl9800ch8081', 'pl'),
	(65, 'bl9800ch8081', 'bl9800ch8081', 'bl9800ch8081', 'en'),
	(66, 'bl9800m', 'bl9800m', 'bl9800m', 'pl'),
	(66, 'bl9800m', 'bl9800m', 'bl9800m', 'en'),
	(67, 'bl9800m8080', 'bl9800m8080', 'bl9800m8080', 'pl'),
	(67, 'bl9800m8080', 'bl9800m8080', 'bl9800m8080', 'en'),
	(68, 'bl9801ch', 'bl9801ch', 'bl9801ch', 'pl'),
	(68, 'bl9801ch', 'bl9801ch', 'bl9801ch', 'en'),
	(69, 'bl9801ch8081', 'bl9801ch8081', 'bl9801ch8081', 'pl'),
	(69, 'bl9801ch8081', 'bl9801ch8081', 'bl9801ch8081', 'en'),
	(70, 'bl9801m', 'bl9801m', 'bl9801m', 'pl'),
	(70, 'bl9801m', 'bl9801m', 'bl9801m', 'en'),
	(71, 'bl9801m8080', 'bl9801m8080', 'bl9801m8080', 'pl'),
	(71, 'bl9801m8080', 'bl9801m8080', 'bl9801m8080', 'en'),
	(72, 'bl9880', 'bl9880', 'bl9880', 'pl'),
	(72, 'bl9880', 'bl9880', 'bl9880', 'en'),
	(73, 'bl9881', 'bl9881', 'bl9881', 'pl'),
	(73, 'bl9881', 'bl9881', 'bl9881', 'en'),
	(74, 'blv079', 'blv079', 'blv079', 'pl'),
	(74, 'blv079', 'blv079', 'blv079', 'en'),
	(75, 'blv080', 'blv080', 'blv080', 'pl'),
	(75, 'blv080', 'blv080', 'blv080', 'en'),
	(76, 'blv082', 'blv082', 'blv082', 'pl'),
	(76, 'blv082', 'blv082', 'blv082', 'en'),
	(77, 'blv086', 'blv086', 'blv086', 'pl'),
	(77, 'blv086', 'blv086', 'blv086', 'en'),
	(78, 'blv087', 'blv087', 'blv087', 'pl'),
	(78, 'blv087', 'blv087', 'blv087', 'en'),
	(79, 'blv088', 'blv088', 'blv088', 'pl'),
	(79, 'blv088', 'blv088', 'blv088', 'en'),
	(80, 'blv090', 'blv090', 'blv090', 'pl'),
	(80, 'blv090', 'blv090', 'blv090', 'en'),
	(81, 'blv091', 'blv091', 'blv091', 'pl'),
	(81, 'blv091', 'blv091', 'blv091', 'en'),
	(82, 'blv092m', 'blv092m', 'blv092m', 'pl'),
	(82, 'blv092m', 'blv092m', 'blv092m', 'en'),
	(83, 'blv095w', 'blv095w', 'blv095w', 'pl'),
	(83, 'blv095w', 'blv095w', 'blv095w', 'en'),
	(84, 'blv098', 'blv098', 'blv098', 'pl'),
	(84, 'blv098', 'blv098', 'blv098', 'en'),
	(85, 'blv099', 'blv099', 'blv099', 'pl'),
	(85, 'blv099', 'blv099', 'blv099', 'en'),
	(86, 'blv110', 'blv110', 'blv110', 'pl'),
	(86, 'blv110', 'blv110', 'blv110', 'en'),
	(87, 'blv5701', 'blv5701', 'blv5701', 'pl'),
	(87, 'blv5701', 'blv5701', 'blv5701', 'en'),
	(88, 'blv5702', 'blv5702', 'blv5702', 'pl'),
	(88, 'blv5702', 'blv5702', 'blv5702', 'en'),
	(89, 'blv5703', 'blv5703', 'blv5703', 'pl'),
	(89, 'blv5703', 'blv5703', 'blv5703', 'en'),
	(90, 'blv9625', 'blv9625', 'blv9625', 'pl'),
	(90, 'blv9625', 'blv9625', 'blv9625', 'en'),
	(91, 'blv9651', 'blv9651', 'blv9651', 'pl'),
	(91, 'blv9651', 'blv9651', 'blv9651', 'en'),
	(92, 'blv9655', 'blv9655', 'blv9655', 'pl'),
	(92, 'blv9655', 'blv9655', 'blv9655', 'en'),
	(94, 'blv9656', 'blv9656', 'blv9656', 'pl'),
	(94, 'blv9656', 'blv9656', 'blv9656', 'en'),
	(95, 'blv9666', 'blv9666', 'blv9666', 'pl'),
	(95, 'blv9666', 'blv9666', 'blv9666', 'en'),
	(96, 'blv9670m', 'blv9670m', 'blv9670m', 'pl'),
	(96, 'blv9670m', 'blv9670m', 'blv9670m', 'en'),
	(97, 'blv9680', 'blv9680', 'blv9680', 'pl'),
	(97, 'blv9680', 'blv9680', 'blv9680', 'en'),
	(98, 'blv9683na', 'blv9683na', 'blv9683na', 'pl'),
	(98, 'blv9683na', 'blv9683na', 'blv9683na', 'en'),
	(99, 'blv9700', 'blv9700', 'blv9700', 'pl'),
	(99, 'blv9700', 'blv9700', 'blv9700', 'en'),
	(100, 'blv9710', 'blv9710', 'blv9710', 'pl'),
	(100, 'blv9710', 'blv9710', 'blv9710', 'en'),
	(101, 'blv9715', 'blv9715', 'blv9715', 'pl'),
	(101, 'blv9715', 'blv9715', 'blv9715', 'en'),
	(102, 'blv9720', 'blv9720', 'blv9720', 'pl'),
	(102, 'blv9720', 'blv9720', 'blv9720', 'en'),
	(103, 'flet0310w1', 'flet0310w1', 'flet0310w1', 'pl'),
	(103, 'flet0310w1', 'flet0310w1', 'flet0310w1', 'en'),
	(104, 'flet0311k1', 'flet0311k1', 'flet0311k1', 'pl'),
	(104, 'flet0311k1', 'flet0311k1', 'flet0311k1', 'en'),
	(105, 'flet0314k1', 'flet0314k1', 'flet0314k1', 'pl'),
	(105, 'flet0314k1', 'flet0314k1', 'flet0314k1', 'en'),
	(106, 'flet0324k1', 'flet0324k1', 'flet0324k1', 'pl'),
	(106, 'flet0324k1', 'flet0324k1', 'flet0324k1', 'en'),
	(107, 'flet0326', 'flet0326', 'flet0326', 'pl'),
	(107, 'flet0326', 'flet0326', 'flet0326', 'en'),
	(108, 'flet0328k1', 'flet0328k1', 'flet0328k1', 'pl'),
	(108, 'flet0328k1', 'flet0328k1', 'flet0328k1', 'en'),
	(109, 'flet0331k1', 'flet0331k1', 'flet0331k1', 'pl'),
	(109, 'flet0331k1', 'flet0331k1', 'flet0331k1', 'en'),
	(110, 'flet0360w1', 'flet0360w1', 'flet0360w1', 'pl'),
	(110, 'flet0360w1', 'flet0360w1', 'flet0360w1', 'en'),
	(111, 'flet0364bto', 'flet0364bto', 'flet0364bto', 'pl'),
	(111, 'flet0364bto', 'flet0364bto', 'flet0364bto', 'en'),
	(112, 'flmpet0301w1', 'flmpet0301w1', 'flmpet0301w1', 'pl'),
	(112, 'flmpet0301w1', 'flmpet0301w1', 'flmpet0301w1', 'en'),
	(113, 'flmpet0312k1', 'flmpet0312k1', 'flmpet0312k1', 'pl'),
	(113, 'flmpet0312k1', 'flmpet0312k1', 'flmpet0312k1', 'en'),
	(114, 'flmpet0317k1', 'flmpet0317k1', 'flmpet0317k1', 'pl'),
	(114, 'flmpet0317k1', 'flmpet0317k1', 'flmpet0317k1', 'en'),
	(115, 'flmpet0320k1', 'flmpet0320k1', 'flmpet0320k1', 'pl'),
	(115, 'flmpet0320k1', 'flmpet0320k1', 'flmpet0320k1', 'en'),
	(116, 'flmpet0323k1', 'flmpet0323k1', 'flmpet0323k1', 'pl'),
	(116, 'flmpet0323k1', 'flmpet0323k1', 'flmpet0323k1', 'en'),
	(117, 'flmpet0325k1', 'flmpet0325k1', 'flmpet0325k1', 'pl'),
	(117, 'flmpet0325k1', 'flmpet0325k1', 'flmpet0325k1', 'en'),
	(118, 'flmpet0327', 'flmpet0327', 'flmpet0327', 'pl'),
	(118, 'flmpet0327', 'flmpet0327', 'flmpet0327', 'en'),
	(119, 'flmpet0329k1', 'flmpet0329k1', 'flmpet0329k1', 'pl'),
	(119, 'flmpet0329k1', 'flmpet0329k1', 'flmpet0329k1', 'en'),
	(120, 'blv370gr', 'blv370gr', 'blv370gr', 'pl'),
	(120, 'blv370gr', 'blv370gr', 'blv370gr', 'en'),
	(124, 'blv370ma', 'blv370ma', 'blv370ma', 'pl'),
	(124, 'blv370ma', 'blv370ma', 'blv370ma', 'en'),
	(126, 'blv371gr', 'blv371gr', 'blv371gr', 'pl'),
	(126, 'blv371gr', 'blv371gr', 'blv371gr', 'en'),
	(127, 'blv371ma', 'blv371ma', 'blv371ma', 'pl'),
	(127, 'blv371ma', 'blv371ma', 'blv371ma', 'en'),
	(128, 'blv400mb', 'blv400mb', 'blv400mb', 'pl'),
	(128, 'blv400mb', 'blv400mb', 'blv400mb', 'en'),
	(129, 'blv401mb', 'blv401mb', 'blv401mb', 'pl'),
	(129, 'blv401mb', 'blv401mb', 'blv401mb', 'en'),
	(130, 'blv460wb', 'blv460wb', 'blv460wb', 'pl'),
	(130, 'blv460wb', 'blv460wb', 'blv460wb', 'en'),
	(132, 'blv460ww-1', 'blv460ww-1', 'blv460ww-1', 'pl'),
	(132, 'blv460ww-1', 'blv460ww-1', 'blv460ww-1', 'en'),
	(133, 'blv461wb', 'blv461wb', 'blv461wb', 'pl'),
	(133, 'blv461wb', 'blv461wb', 'blv461wb', 'en'),
	(134, 'blv461ww', 'blv461ww', 'blv461ww', 'pl'),
	(134, 'blv461ww', 'blv461ww', 'blv461ww', 'en'),
	(135, 'blv555go', 'blv555go', 'blv555go', 'pl'),
	(135, 'blv555go', 'blv555go', 'blv555go', 'en'),
	(136, 'blv555si', 'blv555si', 'blv555si', 'pl'),
	(136, 'blv555si', 'blv555si', 'blv555si', 'en'),
	(137, 'flc0201k1b', 'flc0201k1b', 'flc0201k1b', 'pl'),
	(137, 'flc0201k1b', 'flc0201k1b', 'flc0201k1b', 'en'),
	(138, 'flc0209tp1bw1b', 'flc0209tp1bw1b', 'flc0209tp1bw1b', 'pl'),
	(138, 'flc0209tp1bw1b', 'flc0209tp1bw1b', 'flc0209tp1bw1b', 'en'),
	(139, 'flc0210tp1bw1b', 'flc0210tp1bw1b', 'flc0210tp1bw1b', 'pl'),
	(139, 'flc0210tp1bw1b', 'flc0210tp1bw1b', 'flc0210tp1bw1b', 'en'),
	(140, 'flc0221tp2b', 'flc0221tp2b', 'flc0221tp2b', 'pl'),
	(140, 'flc0221tp2b', 'flc0221tp2b', 'flc0221tp2b', 'en'),
	(141, 'flc0221tp3b', 'flc0221tp3b', 'flc0221tp3b', 'pl'),
	(141, 'flc0221tp3b', 'flc0221tp3b', 'flc0221tp3b', 'en'),
	(142, 'flc02592z1b', 'flc02592z1b', 'flc02592z1b', 'pl'),
	(142, 'flc02592z1b', 'flc02592z1b', 'flc02592z1b', 'en'),
	(143, 'flc0261z1b', 'flc0261z1b', 'flc0261z1b', 'pl'),
	(143, 'flc0261z1b', 'flc0261z1b', 'flc0261z1b', 'en'),
	(144, 'flc0262zb', 'flc0262zb', 'flc0262zb', 'pl'),
	(144, 'flc0262zb', 'flc0262zb', 'flc0262zb', 'en'),
	(145, 'flc02682k1bk7', 'flc02682k1bk7', 'flc02682k1bk7', 'pl'),
	(145, 'flc02682k1bk7', 'flc02682k1bk7', 'flc02682k1bk7', 'en'),
	(146, 'flc0269k1', 'flc0269k1', 'flc0269k1', 'pl'),
	(146, 'flc0269k1', 'flc0269k1', 'flc0269k1', 'en'),
	(147, 'flc0269w1', 'flc0269w1', 'flc0269w1', 'pl'),
	(147, 'flc0269w1', 'flc0269w1', 'flc0269w1', 'en'),
	(148, 'flc0270tp5', 'flc0270tp5', 'flc0270tp5', 'pl'),
	(148, 'flc0270tp5', 'flc0270tp5', 'flc0270tp5', 'en'),
	(150, 'flc0272', 'flc0272', 'flc0272', 'pl'),
	(150, 'flc0272', 'flc0272', 'flc0272', 'en'),
	(151, 'flc0273w1pt', 'flc0273w1pt', 'flc0273w1pt', 'pl'),
	(151, 'flc0273w1pt', 'flc0273w1pt', 'flc0273w1pt', 'en'),
	(152, 'flc0274z4', 'flc0274z4', 'flc0274z4', 'pl'),
	(152, 'flc0274z4', 'flc0274z4', 'flc0274z4', 'en'),
	(153, 'flc0285z1', 'flc0285z1', 'flc0285z1', 'pl'),
	(153, 'flc0285z1', 'flc0285z1', 'flc0285z1', 'en'),
	(154, 'flc0288', 'flc0288', 'flc0288', 'pl'),
	(154, 'flc0288', 'flc0288', 'flc0288', 'en'),
	(155, 'flc0298tp5', 'flc0298tp5', 'flc0298tp5', 'pl'),
	(155, 'flc0298tp5', 'flc0298tp5', 'flc0298tp5', 'en'),
	(156, 'flc0306w1', 'flc0306w1', 'flc0306w1', 'pl'),
	(156, 'flc0306w1', 'flc0306w1', 'flc0306w1', 'en'),
	(157, 'flc0309tp2bw2b', 'flc0309tp2bw2b', 'flc0309tp2bw2b', 'pl'),
	(157, 'flc0309tp2bw2b', 'flc0309tp2bw2b', 'flc0309tp2bw2b', 'en'),
	(158, 'flc0310w1', 'flc0310w1', 'flc0310w1', 'pl'),
	(158, 'flc0310w1', 'flc0310w1', 'flc0310w1', 'en'),
	(159, 'flc0310z1', 'flc0310z1', 'flc0310z1', 'pl'),
	(159, 'flc0310z1', 'flc0310z1', 'flc0310z1', 'en'),
	(160, 'flc0312r1b', 'flc0312r1b', 'flc0312r1b', 'pl'),
	(160, 'flc0312r1b', 'flc0312r1b', 'flc0312r1b', 'en'),
	(161, 'flc0315r1b', 'flc0315r1b', 'flc0315r1b', 'pl'),
	(161, 'flc0315r1b', 'flc0315r1b', 'flc0315r1b', 'en'),
	(162, 'flc0323k1b', 'flc0323k1b', 'flc0323k1b', 'pl'),
	(162, 'flc0323k1b', 'flc0323k1b', 'flc0323k1b', 'en'),
	(163, 'flc0323r1b', 'flc0323r1b', 'flc0323r1b', 'pl'),
	(163, 'flc0323r1b', 'flc0323r1b', 'flc0323r1b', 'en'),
	(164, 'flc0324k1b', 'flc0324k1b', 'flc0324k1b', 'pl'),
	(164, 'flc0324k1b', 'flc0324k1b', 'flc0324k1b', 'en'),
	(165, 'flc0328w1b', 'flc0328w1b', 'flc0328w1b', 'pl'),
	(165, 'flc0328w1b', 'flc0328w1b', 'flc0328w1b', 'en'),
	(166, 'flc0337bw1b', 'flc0337bw1b', 'flc0337bw1b', 'pl'),
	(166, 'flc0337bw1b', 'flc0337bw1b', 'flc0337bw1b', 'en'),
	(167, 'flc0337k1bk7', 'flc0337k1bk7', 'flc0337k1bk7', 'pl'),
	(167, 'flc0337k1bk7', 'flc0337k1bk7', 'flc0337k1bk7', 'en'),
	(168, 'flc0337w1b', 'flc0337w1b', 'flc0337w1b', 'pl'),
	(168, 'flc0337w1b', 'flc0337w1b', 'flc0337w1b', 'en'),
	(169, 'flc0342w1bor1', 'flc0342w1bor1', 'flc0342w1bor1', 'pl'),
	(169, 'flc0342w1bor1', 'flc0342w1bor1', 'flc0342w1bor1', 'en'),
	(170, 'flc0343bw1bchp', 'flc0343bw1bchp', 'flc0343bw1bchp', 'pl'),
	(170, 'flc0343bw1bchp', 'flc0343bw1bchp', 'flc0343bw1bchp', 'en'),
	(171, 'flc0344w1bsil', 'flc0344w1bsil', 'flc0344w1bsil', 'pl'),
	(171, 'flc0344w1bsil', 'flc0344w1bsil', 'flc0344w1bsil', 'en'),
	(172, 'flc0345w1bg', 'flc0345w1bg', 'flc0345w1bg', 'pl'),
	(172, 'flc0345w1bg', 'flc0345w1bg', 'flc0345w1bg', 'en'),
	(173, 'flc0346w1bk1', 'flc0346w1bk1', 'flc0346w1bk1', 'pl'),
	(173, 'flc0346w1bk1', 'flc0346w1bk1', 'flc0346w1bk1', 'en'),
	(174, 'flc0349w1bk1m', 'flc0349w1bk1m', 'flc0349w1bk1m', 'pl'),
	(174, 'flc0349w1bk1m', 'flc0349w1bk1m', 'flc0349w1bk1m', 'en'),
	(175, 'flc0351w1bk1m', 'flc0351w1bk1m', 'flc0351w1bk1m', 'pl'),
	(175, 'flc0351w1bk1m', 'flc0351w1bk1m', 'flc0351w1bk1m', 'en'),
	(176, 'flc0353z1', 'flc0353z1', 'flc0353z1', 'pl'),
	(176, 'flc0353z1', 'flc0353z1', 'flc0353z1', 'en'),
	(177, 'flcc0323tp6b', 'flcc0323tp6b', 'flcc0323tp6b', 'pl'),
	(177, 'flcc0323tp6b', 'flcc0323tp6b', 'flcc0323tp6b', 'en'),
	(178, 'flco324or1b', 'flco324or1b', 'flco324or1b', 'pl'),
	(178, 'flco324or1b', 'flco324or1b', 'flco324or1b', 'en'),
	(215, 'vb800-1', 'vb800-1', 'vb800-1', 'en'),
	(216, 'vf100', 'vf100', 'vf100', 'pl'),
	(216, 'vf100', 'vf100', 'vf100', 'en'),
	(217, 'vf101', 'vf101', 'vf101', 'pl'),
	(217, 'vf101', 'vf101', 'vf101', 'en'),
	(218, 'vf102', 'vf102', 'vf102', 'pl'),
	(218, 'vf102', 'vf102', 'vf102', 'en'),
	(221, 'va002-1', 'va002-1', 'va002-1', 'pl'),
	(221, 'va002-1', 'va002-1', 'va002-1', 'en'),
	(222, 'va003', 'va003', 'va003', 'pl'),
	(222, 'va003', 'va003', 'va003', 'en'),
	(223, 'va005', 'va005', 'va005', 'pl'),
	(223, 'va005', 'va005', 'va005', 'en'),
	(224, 'va017', 'va017', 'va017', 'pl'),
	(224, 'va017', 'va017', 'va017', 'en'),
	(225, 'va018', 'va018', 'va018', 'pl'),
	(225, 'va018', 'va018', 'va018', 'en'),
	(226, 'va019', 'va019', 'va019', 'pl'),
	(226, 'va019', 'va019', 'va019', 'en'),
	(227, 'va020', 'va020', 'va020', 'pl'),
	(227, 'va020', 'va020', 'va020', 'en'),
	(228, 'va021', 'va021', 'va021', 'pl'),
	(228, 'va021', 'va021', 'va021', 'en'),
	(229, 'va026', 'va026', 'va026', 'pl'),
	(229, 'va026', 'va026', 'va026', 'en'),
	(230, 'va031', 'va031', 'va031', 'pl'),
	(230, 'va031', 'va031', 'va031', 'en'),
	(231, 'va037', 'va037', 'va037', 'pl'),
	(231, 'va037', 'va037', 'va037', 'en'),
	(232, 'va038', 'va038', 'va038', 'pl'),
	(232, 'va038', 'va038', 'va038', 'en'),
	(234, 'va040', 'va040', 'va040', 'pl'),
	(234, 'va040', 'va040', 'va040', 'en'),
	(235, 'va041', 'va041', 'va041', 'pl'),
	(235, 'va041', 'va041', 'va041', 'en'),
	(236, 'va042', 'va042', 'va042', 'pl'),
	(236, 'va042', 'va042', 'va042', 'en'),
	(237, 'va043', 'va043', 'va043', 'pl'),
	(237, 'va043', 'va043', 'va043', 'en'),
	(238, 'va046', 'va046', 'va046', 'pl'),
	(238, 'va046', 'va046', 'va046', 'en'),
	(239, 'va049', 'va049', 'va049', 'pl'),
	(239, 'va049', 'va049', 'va049', 'en'),
	(240, 'va050', 'va050', 'va050', 'pl'),
	(240, 'va050', 'va050', 'va050', 'en'),
	(241, 'va051', 'va051', 'va051', 'pl'),
	(241, 'va051', 'va051', 'va051', 'en'),
	(242, 'va052', 'va052', 'va052', 'pl'),
	(242, 'va052', 'va052', 'va052', 'en'),
	(243, 'va054', 'va054', 'va054', 'pl'),
	(243, 'va054', 'va054', 'va054', 'en'),
	(244, 'va055', 'va055', 'va055', 'pl'),
	(244, 'va055', 'va055', 'va055', 'en'),
	(245, 'va056', 'va056', 'va056', 'pl'),
	(245, 'va056', 'va056', 'va056', 'en'),
	(246, 'va058', 'va058', 'va058', 'pl'),
	(246, 'va058', 'va058', 'va058', 'en'),
	(247, 'va059', 'va059', 'va059', 'pl'),
	(247, 'va059', 'va059', 'va059', 'en'),
	(248, 'va062', 'va062', 'va062', 'pl'),
	(248, 'va062', 'va062', 'va062', 'en'),
	(249, 'va063', 'va063', 'va063', 'pl'),
	(249, 'va063', 'va063', 'va063', 'en'),
	(250, 'va064', 'va064', 'va064', 'pl'),
	(250, 'va064', 'va064', 'va064', 'en'),
	(251, 'va065', 'va065', 'va065', 'pl'),
	(251, 'va065', 'va065', 'va065', 'en'),
	(252, 'va066', 'va066', 'va066', 'pl'),
	(252, 'va066', 'va066', 'va066', 'en'),
	(253, 'va067', 'va067', 'va067', 'pl'),
	(253, 'va067', 'va067', 'va067', 'en'),
	(254, 'va068', 'va068', 'va068', 'pl'),
	(254, 'va068', 'va068', 'va068', 'en'),
	(255, 'va069', 'va069', 'va069', 'pl'),
	(255, 'va069', 'va069', 'va069', 'en'),
	(256, 'va071', 'va071', 'va071', 'pl'),
	(256, 'va071', 'va071', 'va071', 'en'),
	(257, 'va072', 'va072', 'va072', 'pl'),
	(257, 'va072', 'va072', 'va072', 'en'),
	(258, 'va073', 'va073', 'va073', 'pl'),
	(258, 'va073', 'va073', 'va073', 'en'),
	(259, 'va074', 'va074', 'va074', 'pl'),
	(259, 'va074', 'va074', 'va074', 'en'),
	(260, 'va075', 'va075', 'va075', 'pl'),
	(260, 'va075', 'va075', 'va075', 'en'),
	(261, 'va076', 'va076', 'va076', 'pl'),
	(261, 'va076', 'va076', 'va076', 'en'),
	(262, 'va077', 'va077', 'va077', 'pl'),
	(262, 'va077', 'va077', 'va077', 'en'),
	(263, 'va078', 'va078', 'va078', 'pl'),
	(263, 'va078', 'va078', 'va078', 'en'),
	(264, 'va079', 'va079', 'va079', 'pl'),
	(264, 'va079', 'va079', 'va079', 'en'),
	(265, 'va080', 'va080', 'va080', 'pl'),
	(265, 'va080', 'va080', 'va080', 'en'),
	(266, 'va081', 'va081', 'va081', 'pl'),
	(266, 'va081', 'va081', 'va081', 'en'),
	(267, 'va082', 'va082', 'va082', 'pl'),
	(267, 'va082', 'va082', 'va082', 'en'),
	(268, 'va083', 'va083', 'va083', 'pl'),
	(268, 'va083', 'va083', 'va083', 'en'),
	(269, 'va085', 'va085', 'va085', 'pl'),
	(269, 'va085', 'va085', 'va085', 'en'),
	(270, 'va086', 'va086', 'va086', 'pl'),
	(270, 'va086', 'va086', 'va086', 'en'),
	(271, 'va087', 'va087', 'va087', 'pl'),
	(271, 'va087', 'va087', 'va087', 'en'),
	(272, 'va088', 'va088', 'va088', 'pl'),
	(272, 'va088', 'va088', 'va088', 'en'),
	(273, 'va092', 'va092', 'va092', 'pl'),
	(273, 'va092', 'va092', 'va092', 'en'),
	(274, 'va101', 'va101', 'va101', 'pl'),
	(274, 'va101', 'va101', 'va101', 'en'),
	(275, 'va089', 'va089', 'va089', 'pl'),
	(275, 'va089', 'va089', 'va089', 'en'),
	(276, 'va105', 'va105', 'va105', 'pl'),
	(276, 'va105', 'va105', 'va105', 'en'),
	(277, 'va105-1', 'va105-1', 'va105-1', 'pl'),
	(277, 'va105-1', 'va105-1', 'va105-1', 'en'),
	(278, 'va107', 'va107', 'va107', 'pl'),
	(278, 'va107', 'va107', 'va107', 'en'),
	(279, 'va110', 'va110', 'va110', 'pl'),
	(279, 'va110', 'va110', 'va110', 'en'),
	(280, 'va116', 'va116', 'va116', 'pl'),
	(280, 'va116', 'va116', 'va116', 'en'),
	(281, 'va117', 'va117', 'va117', 'pl'),
	(281, 'va117', 'va117', 'va117', 'en'),
	(282, 'va118', 'va118', 'va118', 'pl'),
	(282, 'va118', 'va118', 'va118', 'en'),
	(283, 'va124', 'va124', 'va124', 'pl'),
	(283, 'va124', 'va124', 'va124', 'en'),
	(284, 'va125', 'va125', 'va125', 'pl'),
	(284, 'va125', 'va125', 'va125', 'en'),
	(285, 'va126', 'va126', 'va126', 'pl'),
	(285, 'va126', 'va126', 'va126', 'en'),
	(286, 'va127', 'va127', 'va127', 'pl'),
	(286, 'va127', 'va127', 'va127', 'en'),
	(287, 'va130', 'va130', 'va130', 'pl'),
	(287, 'va130', 'va130', 'va130', 'en'),
	(288, 'va150', 'va150', 'va150', 'pl'),
	(288, 'va150', 'va150', 'va150', 'en'),
	(289, 'va151', 'va151', 'va151', 'pl'),
	(289, 'va151', 'va151', 'va151', 'en'),
	(290, 'va158', 'va158', 'va158', 'pl'),
	(290, 'va158', 'va158', 'va158', 'en'),
	(291, 'va159', 'va159', 'va159', 'pl'),
	(291, 'va159', 'va159', 'va159', 'en'),
	(292, 'va163', 'va163', 'va163', 'pl'),
	(292, 'va163', 'va163', 'va163', 'en'),
	(293, 'va166', 'va166', 'va166', 'pl'),
	(293, 'va166', 'va166', 'va166', 'en'),
	(294, 'va168', 'va168', 'va168', 'pl'),
	(294, 'va168', 'va168', 'va168', 'en'),
	(295, 'va170', 'va170', 'va170', 'pl'),
	(295, 'va170', 'va170', 'va170', 'en'),
	(296, 'va185', 'va185', 'va185', 'pl'),
	(296, 'va185', 'va185', 'va185', 'en'),
	(297, 'va187', 'va187', 'va187', 'pl'),
	(297, 'va187', 'va187', 'va187', 'en'),
	(299, 'va008', 'va008', 'va008', 'pl'),
	(299, 'va008', 'va008', 'va008', 'en'),
	(300, 'va015', 'va015', 'va015', 'pl'),
	(300, 'va015', 'va015', 'va015', 'en'),
	(301, 'va016', 'va016', 'va016', 'pl'),
	(301, 'va016', 'va016', 'va016', 'en'),
	(302, 'va022', 'va022', 'va022', 'pl'),
	(302, 'va022', 'va022', 'va022', 'en'),
	(303, 'va023', 'va023', 'va023', 'pl'),
	(303, 'va023', 'va023', 'va023', 'en'),
	(304, 'va027', 'va027', 'va027', 'pl'),
	(304, 'va027', 'va027', 'va027', 'en'),
	(305, 'va047', 'va047', 'va047', 'pl'),
	(305, 'va047', 'va047', 'va047', 'en'),
	(306, 'va9204-1', 'va9204-1', 'va9204-1', 'pl'),
	(306, 'va9204-1', 'va9204-1', 'va9204-1', 'en'),
	(308, 'cargese-1', 'cargese-1', 'cargese-1', 'pl'),
	(308, 'cargese-1', 'cargese-1', 'cargese-1', 'en'),
	(309, 'cargesee', 'cargesee', 'cargesee', 'pl'),
	(309, 'cargesee', 'cargesee', 'cargesee', 'en');
/*!40000 ALTER TABLE `product_product_translation` ENABLE KEYS */;


-- Zrzut struktury tabela ral.rally_accident
CREATE TABLE IF NOT EXISTS `rally_accident` (
  `id` int(11) NOT NULL AUTO_INCREMENT,
  `name` varchar(255) DEFAULT NULL,
  `damage` decimal(18,2) DEFAULT NULL,
  `created_at` datetime NOT NULL,
  `updated_at` datetime NOT NULL,
  PRIMARY KEY (`id`)
) ENGINE=MyISAM DEFAULT CHARSET=utf8;

-- Zrzucanie danych dla tabeli ral.rally_accident: 0 rows
DELETE FROM `rally_accident`;
/*!40000 ALTER TABLE `rally_accident` DISABLE KEYS */;
/*!40000 ALTER TABLE `rally_accident` ENABLE KEYS */;


-- Zrzut struktury tabela ral.rally_award
CREATE TABLE IF NOT EXISTS `rally_award` (
  `id` int(11) NOT NULL AUTO_INCREMENT,
  `rally_id` int(11) DEFAULT NULL,
  `team_id` int(11) DEFAULT NULL,
  `type` varchar(255) DEFAULT NULL,
  `created_at` datetime NOT NULL,
  `updated_at` datetime NOT NULL,
  PRIMARY KEY (`id`),
  KEY `rally_id_idx` (`rally_id`)
) ENGINE=MyISAM AUTO_INCREMENT=10 DEFAULT CHARSET=utf8;

-- Zrzucanie danych dla tabeli ral.rally_award: 9 rows
DELETE FROM `rally_award`;
/*!40000 ALTER TABLE `rally_award` DISABLE KEYS */;
INSERT INTO `rally_award` (`id`, `rally_id`, `team_id`, `type`, `created_at`, `updated_at`) VALUES
	(1, 1, 7, 'normal', '2015-08-27 13:30:02', '2015-08-27 13:30:02'),
	(2, 13, 7, 'normal', '2015-08-28 13:45:02', '2015-08-28 13:45:02'),
	(3, 32, 7, 'normal', '2015-08-29 13:30:01', '2015-08-29 13:30:01'),
	(4, 80, 7, 'normal', '2015-08-30 12:45:00', '2015-08-30 12:45:00'),
	(5, 56, 10, 'normal', '2015-08-31 12:30:01', '2015-08-31 12:30:01'),
	(6, 68, 5, 'normal', '2015-09-01 12:30:00', '2015-09-01 12:30:00'),
	(7, 116, 2, 'normal', '2015-09-02 18:15:01', '2015-09-02 18:15:01'),
	(8, 2, 7, 'normal', '2015-09-03 12:45:01', '2015-09-03 12:45:01'),
	(9, 14, 7, 'normal', '2015-09-04 13:00:00', '2015-09-04 13:00:00');
/*!40000 ALTER TABLE `rally_award` ENABLE KEYS */;


-- Zrzut struktury tabela ral.rally_big_awards
CREATE TABLE IF NOT EXISTS `rally_big_awards` (
  `id` int(11) NOT NULL AUTO_INCREMENT,
  `rally_id` int(11) DEFAULT NULL,
  `award_type` varchar(255) DEFAULT NULL,
  `car_model_id` int(11) DEFAULT NULL,
  `premium` bigint(20) DEFAULT NULL,
  `created_at` datetime NOT NULL,
  `updated_at` datetime NOT NULL,
  `deleted_at` datetime DEFAULT NULL,
  PRIMARY KEY (`id`),
  KEY `rally_big_awards_car_model_id_car_car_models_id` (`car_model_id`)
) ENGINE=MyISAM AUTO_INCREMENT=4 DEFAULT CHARSET=utf8;

-- Zrzucanie danych dla tabeli ral.rally_big_awards: 3 rows
DELETE FROM `rally_big_awards`;
/*!40000 ALTER TABLE `rally_big_awards` DISABLE KEYS */;
INSERT INTO `rally_big_awards` (`id`, `rally_id`, `award_type`, `car_model_id`, `premium`, `created_at`, `updated_at`, `deleted_at`) VALUES
	(1, 44, 'car', 11, NULL, '0000-00-00 00:00:00', '0000-00-00 00:00:00', NULL),
	(2, 44, 'premium', NULL, 300, '0000-00-00 00:00:00', '0000-00-00 00:00:00', NULL),
	(3, 44, 'premium', NULL, 150, '0000-00-00 00:00:00', '0000-00-00 00:00:00', NULL);
/*!40000 ALTER TABLE `rally_big_awards` ENABLE KEYS */;


-- Zrzut struktury tabela ral.rally_crew
CREATE TABLE IF NOT EXISTS `rally_crew` (
  `id` int(11) NOT NULL AUTO_INCREMENT,
  `rally_id` int(11) DEFAULT NULL,
  `team_id` int(11) DEFAULT NULL,
  `driver_id` int(11) DEFAULT NULL,
  `pilot_id` int(11) DEFAULT NULL,
  `car_id` int(11) DEFAULT NULL,
  `risk` varchar(255) DEFAULT NULL,
  `in_race` tinyint(1) NOT NULL DEFAULT '1',
  `training_done` tinyint(1) NOT NULL DEFAULT '0',
  `km_passed` double(10,2) DEFAULT '0.00',
  `created_at` datetime NOT NULL,
  `updated_at` datetime NOT NULL,
  PRIMARY KEY (`id`),
  KEY `rally_id_idx` (`rally_id`),
  KEY `rally_crew_team_id_team_team_id` (`team_id`),
  KEY `rally_crew_pilot_id_people_people_id` (`pilot_id`),
  KEY `rally_crew_driver_id_people_people_id` (`driver_id`),
  KEY `rally_crew_car_id_car_car_id` (`car_id`)
) ENGINE=MyISAM AUTO_INCREMENT=105 DEFAULT CHARSET=utf8;

-- Zrzucanie danych dla tabeli ral.rally_crew: 103 rows
DELETE FROM `rally_crew`;
/*!40000 ALTER TABLE `rally_crew` DISABLE KEYS */;
INSERT INTO `rally_crew` (`id`, `rally_id`, `team_id`, `driver_id`, `pilot_id`, `car_id`, `risk`, `in_race`, `training_done`, `km_passed`, `created_at`, `updated_at`) VALUES
	(1, 1, 3, 5, 6, 3, 'normal', 1, 1, 354.43, '2015-08-25 19:05:01', '2015-08-28 02:15:01'),
	(2, 1, 4, 7, 8, 4, 'small', 1, 1, 354.43, '2015-08-25 19:10:34', '2015-08-28 02:15:01'),
	(3, 1, 5, 9, 10, 5, 'normal', 1, 1, 354.43, '2015-08-26 07:46:00', '2015-08-28 02:15:01'),
	(4, 1, 2, 1, 2, 2, 'big', 1, 1, 354.43, '2015-08-26 07:56:56', '2015-08-28 02:15:01'),
	(5, 1, 6, 11, 12, 6, 'normal', 1, 1, 354.43, '2015-08-26 08:51:12', '2015-08-28 02:15:02'),
	(6, 83, 5, 9, 10, 5, 'normal', 1, 0, 0.00, '2015-08-26 09:04:08', '2015-08-26 09:04:08'),
	(7, 16, 5, 9, 10, 5, 'very-big', 1, 0, 0.00, '2015-08-26 09:05:38', '2015-08-26 09:05:38'),
	(8, 82, 5, 9, 10, 5, 'very-small', 1, 0, 0.00, '2015-08-26 09:06:01', '2015-08-26 09:06:01'),
	(9, 81, 5, 9, 10, 5, 'small', 1, 0, 0.00, '2015-08-26 09:06:20', '2015-08-26 09:06:20'),
	(10, 1, 7, 13, 14, 7, 'big', 1, 1, 354.43, '2015-08-26 10:42:19', '2015-08-28 02:15:02'),
	(11, 1, 8, 15, 16, 8, 'big', 1, 1, 354.43, '2015-08-26 11:16:07', '2015-08-28 02:15:02'),
	(12, 1, 9, 17, 18, 9, 'normal', 1, 1, 354.43, '2015-08-26 11:21:11', '2015-08-28 02:15:02'),
	(13, 80, 7, 13, 14, 7, 'big', 1, 1, 343.13, '2015-08-26 12:12:47', '2015-08-31 02:15:02'),
	(14, 81, 7, 13, 14, 7, 'big', 1, 0, 0.00, '2015-08-26 12:13:07', '2015-08-26 12:13:07'),
	(15, 82, 7, 13, 14, 7, 'very-big', 1, 0, 0.00, '2015-08-26 12:13:16', '2015-08-26 12:13:16'),
	(16, 83, 7, 13, 14, 7, 'big', 1, 0, 0.00, '2015-08-26 12:13:28', '2015-08-26 12:13:28'),
	(17, 1, 2, 3, 4, 10, 'very-big', 1, 1, 354.43, '2015-08-26 16:32:52', '2015-08-28 02:15:02'),
	(18, 1, 12, 23, 24, 13, 'normal', 1, 1, 354.43, '2015-08-27 00:05:30', '2015-08-28 02:15:02'),
	(19, 13, 7, 13, 14, 7, 'big', 1, 1, 299.67, '2015-08-27 09:09:50', '2015-08-29 02:15:01'),
	(20, 32, 7, 13, 14, 7, 'very-big', 1, 1, 205.27, '2015-08-27 10:56:32', '2015-08-30 02:15:01'),
	(21, 13, 5, 9, 10, 5, 'big', 1, 1, 299.67, '2015-08-27 10:56:52', '2015-08-29 02:15:01'),
	(22, 32, 5, 9, 10, 5, 'very-small', 1, 1, 205.27, '2015-08-27 10:57:11', '2015-08-30 02:15:01'),
	(23, 13, 3, 5, 6, 3, 'big', 1, 1, 299.67, '2015-08-27 13:41:39', '2015-08-29 02:15:01'),
	(24, 13, 9, 17, 18, 9, 'big', 1, 1, 299.67, '2015-08-27 13:56:07', '2015-08-29 02:15:01'),
	(25, 13, 4, 7, 8, 4, 'very-big', 1, 1, 299.67, '2015-08-27 14:19:20', '2015-08-29 02:15:01'),
	(26, 32, 9, 17, 18, 9, 'big', 1, 1, 205.27, '2015-08-27 14:49:10', '2015-08-30 02:15:01'),
	(27, 13, 17, 35, 36, 20, 'very-big', 1, 1, 299.67, '2015-08-27 14:50:44', '2015-08-29 02:15:01'),
	(28, 32, 3, 5, 6, 3, 'big', 1, 1, 205.27, '2015-08-27 15:58:58', '2015-08-30 02:15:01'),
	(29, 80, 3, 5, 6, 3, 'very-big', 1, 1, 343.13, '2015-08-27 15:59:18', '2015-08-31 02:15:02'),
	(30, 32, 10, 19, 20, 11, 'normal', 1, 1, 205.27, '2015-08-28 09:28:14', '2015-08-30 02:15:02'),
	(31, 56, 10, 19, 20, 11, 'normal', 1, 1, 230.55, '2015-08-28 09:31:59', '2015-09-01 02:15:02'),
	(32, 32, 16, 31, 32, 17, 'normal', 1, 1, 205.27, '2015-08-28 09:46:15', '2015-08-30 02:15:02'),
	(33, 32, 2, 1, 2, 2, 'very-big', 1, 1, 205.27, '2015-08-28 09:54:34', '2015-08-30 02:15:02'),
	(34, 32, 2, 3, 4, 10, 'very-big', 1, 1, 205.27, '2015-08-28 09:54:41', '2015-08-30 02:15:02'),
	(35, 32, 6, 11, 12, 6, 'small', 1, 1, 205.27, '2015-08-28 11:22:12', '2015-08-30 02:15:02'),
	(36, 80, 5, 9, 10, 5, 'normal', 1, 1, 343.13, '2015-08-28 11:38:49', '2015-08-31 02:15:02'),
	(37, 32, 4, 7, 8, 4, 'very-big', 1, 1, 205.27, '2015-08-28 15:47:49', '2015-08-30 02:15:02'),
	(38, 32, 15, 29, 30, 16, 'small', 1, 1, 205.27, '2015-08-28 19:28:59', '2015-08-30 02:15:02'),
	(39, 56, 15, 29, 30, 16, 'small', 1, 1, 230.55, '2015-08-28 20:18:02', '2015-09-01 02:15:02'),
	(40, 80, 5, 50, 47, 19, 'big', 1, 1, 343.13, '2015-08-29 10:50:02', '2015-08-31 02:15:02'),
	(41, 80, 4, 7, 8, 4, 'normal', 1, 1, 343.13, '2015-08-29 17:29:27', '2015-08-31 02:15:02'),
	(42, 56, 4, 7, 8, 4, 'very-big', 1, 1, 230.55, '2015-08-29 17:29:41', '2015-09-01 02:15:02'),
	(43, 68, 4, 51, 52, 4, 'very-small', 1, 1, 247.10, '2015-08-29 17:29:53', '2015-09-02 02:15:01'),
	(44, 80, 9, 33, 18, 9, 'big', 1, 1, 343.13, '2015-08-29 19:43:55', '2015-08-31 02:15:02'),
	(45, 56, 9, 17, 18, 9, 'big', 1, 1, 230.55, '2015-08-29 19:51:13', '2015-09-01 02:15:02'),
	(46, 56, 3, 5, 6, 3, 'normal', 1, 1, 230.55, '2015-08-30 10:55:04', '2015-09-01 02:15:02'),
	(47, 56, 3, 42, 84, 23, 'normal', 1, 1, 230.55, '2015-08-30 10:57:29', '2015-09-01 02:15:02'),
	(48, 68, 15, 29, 30, 16, 'very-small', 1, 1, 247.10, '2015-08-30 23:08:36', '2015-09-02 02:15:01'),
	(49, 2, 15, 29, 30, 16, 'very-small', 1, 1, 224.96, '2015-08-30 23:09:10', '2015-09-04 02:15:02'),
	(50, 68, 7, 13, 14, 7, 'big', 1, 1, 247.10, '2015-08-31 09:34:48', '2015-09-02 02:15:01'),
	(51, 44, 7, 13, 14, 7, 'big', 1, 1, 0.00, '2015-08-31 09:57:34', '2015-09-03 00:15:01'),
	(52, 68, 5, 9, 10, 5, 'very-big', 1, 1, 247.10, '2015-08-31 10:51:02', '2015-09-02 02:15:01'),
	(53, 68, 5, 43, 47, 22, 'very-big', 1, 1, 247.10, '2015-08-31 10:51:11', '2015-09-02 02:15:02'),
	(54, 68, 3, 5, 6, 3, 'very-big', 1, 1, 247.10, '2015-08-31 11:32:58', '2015-09-02 02:15:02'),
	(55, 68, 3, 44, 84, 23, 'very-big', 1, 1, 247.10, '2015-08-31 11:33:13', '2015-09-02 02:15:02'),
	(56, 2, 3, 5, 6, 3, 'big', 1, 1, 224.96, '2015-08-31 11:33:30', '2015-09-04 02:15:03'),
	(57, 2, 3, 44, 84, 23, 'big', 1, 1, 224.96, '2015-08-31 11:33:44', '2015-09-04 02:15:03'),
	(58, 14, 3, 5, 6, 3, 'normal', 1, 1, 215.03, '2015-08-31 11:34:19', '2015-09-05 02:15:01'),
	(59, 14, 3, 44, 84, 23, 'normal', 1, 1, 215.03, '2015-08-31 11:34:36', '2015-09-05 02:15:01'),
	(60, 33, 3, 5, 6, 3, 'very-small', 1, 0, 19.48, '2015-08-31 11:34:51', '2015-09-05 09:30:01'),
	(61, 33, 3, 44, 84, 23, 'very-small', 1, 0, 19.48, '2015-08-31 11:35:00', '2015-09-05 09:30:01'),
	(62, 81, 3, 5, 6, 3, 'very-big', 1, 0, 0.00, '2015-08-31 11:35:17', '2015-08-31 11:35:17'),
	(63, 81, 3, 44, 84, 23, 'very-big', 1, 0, 0.00, '2015-08-31 11:35:28', '2015-08-31 11:35:28'),
	(64, 44, 4, 51, 8, 4, 'very-big', 1, 1, 0.00, '2015-08-31 14:23:25', '2015-09-03 00:15:01'),
	(65, 2, 4, 7, 8, 4, 'very-big', 1, 1, 224.96, '2015-08-31 14:23:38', '2015-09-04 02:15:03'),
	(66, 14, 4, 45, 52, 4, 'very-big', 1, 1, 215.03, '2015-08-31 14:23:53', '2015-09-05 02:15:01'),
	(67, 44, 5, 9, 10, 22, 'very-big', 1, 1, 0.00, '2015-08-31 16:46:33', '2015-09-03 00:15:01'),
	(68, 44, 5, 43, 47, 5, 'very-big', 1, 1, 0.00, '2015-08-31 16:46:41', '2015-09-03 00:15:01'),
	(69, 2, 23, 60, 46, 29, 'normal', 1, 1, 224.96, '2015-09-01 09:56:41', '2015-09-04 02:15:03'),
	(70, 2, 23, 89, 61, 42, 'normal', 1, 1, 224.96, '2015-09-01 09:57:07', '2015-09-04 02:15:03'),
	(71, 116, 23, 60, 46, 42, 'normal', 1, 1, 311.09, '2015-09-01 10:14:09', '2015-09-03 00:15:01'),
	(72, 116, 6, 11, 53, 6, 'normal', 1, 1, 311.09, '2015-09-01 15:29:17', '2015-09-03 00:15:01'),
	(73, 2, 6, 11, 12, 6, 'normal', 1, 1, 224.96, '2015-09-01 15:29:56', '2015-09-04 02:15:03'),
	(74, 116, 9, 17, 18, 9, 'big', 1, 1, 311.09, '2015-09-01 17:35:11', '2015-09-03 00:15:01'),
	(75, 44, 9, 17, 18, 9, 'big', 1, 1, 0.00, '2015-09-01 17:38:20', '2015-09-03 00:15:01'),
	(76, 2, 9, 33, 34, 45, 'big', 1, 1, 224.96, '2015-09-01 17:38:51', '2015-09-04 02:15:03'),
	(78, 2, 7, 13, 14, 7, 'big', 1, 1, 224.96, '2015-09-01 18:23:31', '2015-09-04 02:15:03'),
	(79, 14, 15, 29, 30, 16, 'normal', 1, 1, 215.03, '2015-09-01 22:38:14', '2015-09-05 02:15:01'),
	(80, 116, 15, 29, 30, 16, 'normal', 1, 1, 311.09, '2015-09-01 22:38:45', '2015-09-03 00:15:01'),
	(81, 33, 15, 29, 30, 16, 'normal', 1, 0, 19.48, '2015-09-01 22:39:27', '2015-09-05 09:30:01'),
	(82, 81, 15, 29, 30, 16, 'normal', 1, 0, 0.00, '2015-09-01 22:45:39', '2015-09-01 22:45:39'),
	(83, 116, 2, 1, 2, 2, 'very-big', 1, 1, 311.09, '2015-09-02 10:02:21', '2015-09-03 00:15:01'),
	(84, 116, 7, 13, 14, 7, 'big', 1, 1, 311.09, '2015-09-02 10:15:34', '2015-09-03 00:15:01'),
	(85, 122, 2, 1, 2, 2, 'big', 1, 0, 0.00, '2015-09-03 11:06:47', '2015-09-03 11:06:47'),
	(86, 14, 7, 13, 14, 7, 'big', 1, 1, 215.03, '2015-09-03 18:58:16', '2015-09-05 02:15:01'),
	(87, 33, 7, 13, 14, 7, 'big', 1, 0, 19.48, '2015-09-03 18:58:21', '2015-09-05 09:30:01'),
	(88, 33, 4, 51, 52, 4, 'very-big', 1, 0, 19.48, '2015-09-03 19:11:00', '2015-09-05 09:30:01'),
	(89, 122, 4, 45, 52, 4, 'very-big', 1, 0, 0.00, '2015-09-03 19:14:28', '2015-09-03 19:14:28'),
	(90, 57, 4, 45, 8, 46, 'very-big', 1, 0, 0.00, '2015-09-03 19:27:29', '2015-09-03 19:27:29'),
	(91, 57, 15, 29, 30, 16, 'normal', 1, 0, 0.00, '2015-09-03 22:37:49', '2015-09-03 22:37:49'),
	(92, 123, 23, 54, 46, 29, 'normal', 1, 0, 0.00, '2015-09-04 10:29:32', '2015-09-04 10:29:32'),
	(93, 124, 23, 54, 46, 29, 'normal', 1, 0, 0.00, '2015-09-04 10:32:34', '2015-09-04 10:32:34'),
	(94, 125, 23, 54, 46, 29, 'normal', 1, 0, 0.00, '2015-09-04 10:39:16', '2015-09-04 10:39:16'),
	(95, 125, 10, 94, 93, 11, 'normal', 1, 0, 0.00, '2015-09-04 10:51:59', '2015-09-04 10:51:59'),
	(96, 126, 10, 94, 93, 11, 'small', 1, 0, 0.00, '2015-09-04 10:53:22', '2015-09-04 10:53:22'),
	(97, 33, 33, 80, 90, 47, 'normal', 1, 0, 19.48, '2015-09-04 10:58:10', '2015-09-05 09:30:01'),
	(98, 93, 33, 80, 90, 47, 'normal', 1, 0, 0.00, '2015-09-04 10:58:24', '2015-09-04 10:58:24'),
	(99, 57, 33, 80, 90, 47, 'normal', 1, 0, 0.00, '2015-09-04 10:58:44', '2015-09-04 10:58:44'),
	(100, 69, 33, 80, 90, 47, 'normal', 1, 0, 0.00, '2015-09-04 10:58:57', '2015-09-04 10:58:57'),
	(101, 45, 33, 80, 90, 47, 'normal', 1, 0, 0.00, '2015-09-04 10:59:25', '2015-09-04 10:59:25'),
	(102, 33, 9, 17, 18, 9, 'big', 1, 0, 19.48, '2015-09-04 12:29:56', '2015-09-05 09:30:01'),
	(103, 81, 9, 17, 18, 9, 'big', 1, 0, 0.00, '2015-09-04 12:30:21', '2015-09-04 12:30:21'),
	(104, 123, 9, 33, 34, 45, 'very-big', 1, 0, 0.00, '2015-09-04 12:32:33', '2015-09-04 12:32:33');
/*!40000 ALTER TABLE `rally_crew` ENABLE KEYS */;


-- Zrzut struktury tabela ral.rally_data_rally
CREATE TABLE IF NOT EXISTS `rally_data_rally` (
  `id` int(11) NOT NULL AUTO_INCREMENT,
  `name` varchar(255) DEFAULT NULL,
  `slug` varchar(255) DEFAULT NULL,
  `description` text,
  `day` int(11) DEFAULT NULL,
  `week` int(11) DEFAULT NULL,
  `league_rally` tinyint(1) DEFAULT '0',
  `big_awards` tinyint(1) DEFAULT '0',
  `created_at` datetime NOT NULL,
  `updated_at` datetime NOT NULL,
  `deleted_at` datetime DEFAULT NULL,
  PRIMARY KEY (`id`)
) ENGINE=MyISAM AUTO_INCREMENT=80 DEFAULT CHARSET=utf8;

-- Zrzucanie danych dla tabeli ral.rally_data_rally: 72 rows
DELETE FROM `rally_data_rally`;
/*!40000 ALTER TABLE `rally_data_rally` DISABLE KEYS */;
INSERT INTO `rally_data_rally` (`id`, `name`, `slug`, `description`, `day`, `week`, `league_rally`, `big_awards`, `created_at`, `updated_at`, `deleted_at`) VALUES
	(1, 'Rally Monte Carlo', 'rally-monte-carlo', '', 1, 1, 0, 0, '2015-08-08 12:50:19', '2015-08-13 10:37:28', NULL),
	(2, 'Rally Sweden', 'rally-sweden', '', 1, 2, 0, 0, '2015-08-08 12:56:21', '2015-08-13 10:37:28', NULL),
	(3, 'Rally Guanajuato Mexico', 'rally-guanajuato-mexico', '', 1, 3, 0, 0, '2015-08-08 13:01:41', '2015-08-13 10:37:28', NULL),
	(4, 'XION RALLY ARGENTINA', 'xion-rally-argentina', '', 1, 4, 0, 0, '2015-08-08 13:05:32', '2015-08-13 10:37:28', NULL),
	(5, 'Rally de Portugal', 'rally-de-portugal', '', 1, 5, 0, 0, '2015-08-08 13:09:53', '2015-08-13 10:37:28', NULL),
	(6, 'RALLY ITALIA SARDEGNA', 'rally-italia-sardegna', '', 1, 6, 0, 0, '2015-08-08 14:53:32', '2015-08-13 10:37:28', NULL),
	(7, 'Rally Poland', 'rally-poland', '', 1, 7, 0, 0, '2015-08-08 14:58:53', '2015-08-13 10:37:28', NULL),
	(8, 'Rally Finland', 'rally-finland', '', 1, 8, 0, 0, '2015-08-08 17:48:37', '2015-08-13 10:37:28', NULL),
	(9, 'Rally Deutschland', 'rally-deutschland', '', 1, 9, 0, 0, '2015-08-08 18:05:59', '2015-08-13 10:37:28', NULL),
	(10, 'Rally Australia', 'rally-australia', '', 1, 10, 0, 0, '2015-08-08 18:15:39', '2015-08-13 10:37:28', NULL),
	(11, 'Tour de Corse', 'tour-de-corse', '', 1, 11, 0, 0, '2015-08-09 09:08:15', '2015-08-13 10:37:28', NULL),
	(12, 'Rally Catalunya', 'rally-catalunya', '', 1, 12, 0, 0, '2015-08-09 09:29:15', '2015-08-13 10:37:43', NULL),
	(13, 'Wales Rally', 'wales-rally', '', 2, 1, 0, 0, '2015-08-09 09:33:26', '2015-08-13 10:37:43', NULL),
	(14, 'Janner Rally', 'janner-rally', '', 2, 2, 0, 0, '2015-08-09 14:43:27', '2015-08-13 10:37:43', NULL),
	(15, 'Rally Liepāja', 'rally-liepaja', '', 2, 3, 0, 0, '2015-08-09 14:47:06', '2015-08-13 10:37:43', NULL),
	(16, 'Rally Ireland', 'rally-ireland', '', 2, 4, 0, 0, '2015-08-09 18:29:55', '2015-08-13 10:37:43', NULL),
	(17, 'Rally Azores', 'rally-azores', '', 2, 5, 0, 0, '2015-08-09 18:37:22', '2015-08-13 10:37:43', NULL),
	(18, 'Ypres Rally', 'ypres-rally', '', 2, 6, 0, 0, '2015-08-10 10:35:26', '2015-08-13 10:37:43', NULL),
	(26, 'Rally Estonia', 'rally-estonia', '', 2, 7, 0, 0, '2015-08-10 10:51:22', '2015-08-13 10:37:43', NULL),
	(27, 'Rally Zlin', 'rally-zlin', '', 2, 8, 0, 0, '2015-08-10 10:54:48', '2015-08-13 10:37:43', NULL),
	(28, 'Cyprus Rally', 'cyprus-rally', '', 2, 9, 0, 0, '2015-08-10 10:57:37', '2015-08-13 10:37:43', NULL),
	(29, 'Acropolis Rally', 'acropolis-rally', '', 2, 10, 0, 0, '2015-08-10 11:00:38', '2015-08-13 10:37:43', NULL),
	(30, 'Rallye du Valais', 'rallye-du-valais', '', 2, 11, 0, 0, '2015-08-10 11:04:16', '2015-08-13 10:37:43', NULL),
	(31, 'Rajd Arlamow', 'rajd-arlamow', '', 2, 12, 0, 0, '2015-08-10 11:11:05', '2015-08-13 10:37:43', NULL),
	(32, 'Rajd Dolnoslaski', 'rajd-dolnoslaski', '', 3, 1, 0, 0, '2015-08-10 11:14:37', '2015-08-13 10:37:43', NULL),
	(33, 'Rajd Karkonoski', 'rajd-karkonoski', '', 3, 2, 0, 0, '2015-08-10 11:21:17', '2015-08-13 10:37:43', NULL),
	(34, 'Rajd Baltic Cup', 'rajd-baltic-cup', '', 3, 3, 0, 0, '2015-08-10 11:25:24', '2015-08-13 10:37:43', NULL),
	(35, 'Rajd Rzeszowski', 'rajd-rzeszowski', '', 3, 4, 0, 0, '2015-08-10 11:27:51', '2015-08-13 10:37:43', NULL),
	(36, 'Rajd Swidnicki', 'rajd-swidnicki', '', 3, 5, 0, 0, '2015-08-10 11:35:54', '2015-08-13 10:37:43', NULL),
	(37, 'Cochrane Winter Rally', 'cochrane-winter-rally', '', 3, 6, 0, 0, '2015-08-10 11:58:56', '2015-08-13 10:37:43', NULL),
	(38, 'Rally Russia', 'rally-russia', '', 3, 7, 0, 0, '2015-08-10 12:01:22', '2015-08-13 10:37:43', NULL),
	(39, 'Ostersund Winter Rally', 'ostersund-winter-rally', '', 3, 8, 0, 0, '2015-08-10 12:04:32', '2015-08-13 10:37:43', NULL),
	(40, 'Aurskog Holand Rally', 'aurskog-holand-rally', '', 3, 9, 0, 0, '2015-08-10 12:14:12', '2015-08-13 10:37:43', NULL),
	(41, 'Rally Elverum', 'rally-elverum', '', 3, 10, 0, 0, '2015-08-10 12:16:39', '2015-08-13 10:37:43', NULL),
	(42, 'Rally Hadeland', 'rally-hadeland', '', 3, 11, 0, 0, '2015-08-10 12:19:14', '2015-08-13 10:37:43', NULL),
	(43, 'Rally Hedemarken', 'rally-hedemarken', '', 3, 12, 0, 0, '2015-08-10 12:45:01', '2015-08-13 10:37:43', NULL),
	(44, 'Mountain Rally Norway', 'mountain-rally-norway', '', 4, 1, 0, 0, '2015-08-10 12:56:06', '2015-08-13 10:37:43', NULL),
	(45, 'Rally Norway', 'rally-norway', '', 4, 2, 0, 0, '2015-08-10 13:00:49', '2015-08-13 10:37:43', NULL),
	(46, 'Numedalsrally', 'numedalsrally', '', 4, 3, 0, 0, '2015-08-10 13:05:04', '2015-08-13 10:37:43', NULL),
	(47, 'Sigdalsrally', 'sigdalsrally', '', 4, 4, 0, 0, '2015-08-10 13:16:42', '2015-08-13 10:37:43', NULL),
	(48, 'Rally Sokndal', 'rally-sokndal', '', 4, 5, 0, 0, '2015-08-10 13:18:36', '2015-08-13 10:37:43', NULL),
	(49, 'Rally Sorland', 'rally-sorland', '', 4, 6, 0, 0, '2015-08-10 15:12:06', '2015-08-13 10:37:43', NULL),
	(50, 'Rally Telemark', 'rally-telemark', '', 4, 7, 0, 0, '2015-08-10 15:21:49', '2015-08-13 10:37:43', NULL),
	(51, 'Arctic Lapland Rally', 'arctic-lapland-rally', '', 4, 8, 0, 0, '2015-08-10 15:24:01', '2015-08-13 10:37:43', NULL),
	(52, 'Wechselland Rallye', 'wechselland-rallye', '', 4, 9, 0, 0, '2015-08-10 15:30:10', '2015-08-13 10:37:43', NULL),
	(53, 'Rally Barbados 2014', 'rally-barbados-2014', '', 4, 10, 0, 0, '2015-08-10 15:36:15', '2015-08-13 10:37:43', NULL),
	(54, 'TAC Rally', 'tac-rally', '', 4, 11, 0, 0, '2015-08-10 15:38:49', '2015-08-13 10:37:43', NULL),
	(55, 'Rallye de Wallonie', 'rallye-de-wallonie', '', 4, 12, 0, 0, '2015-08-10 15:41:57', '2015-08-13 10:37:43', NULL),
	(56, 'Rally de Curitiba', 'rally-de-curitiba', '', 5, 1, 0, 0, '2015-08-10 15:44:46', '2015-08-13 10:37:43', NULL),
	(57, 'Rally Bulgaria', 'rally-bulgaria', '', 5, 2, 0, 0, '2015-08-10 15:48:24', '2015-08-13 10:37:43', NULL),
	(58, 'Rally Croatia', 'rally-croatia', '', 5, 3, 0, 0, '2015-08-10 15:50:44', '2015-08-13 10:37:43', NULL),
	(59, 'Rally Agropa', 'rally-agropa', '', 5, 4, 0, 0, '2015-08-10 15:54:30', '2015-08-13 10:37:43', NULL),
	(60, 'Rally Bohemia', 'rally-bohemia', '', 5, 5, 0, 0, '2015-08-10 16:20:57', '2015-08-13 10:37:43', NULL),
	(61, 'Rallye Lyon - Charbonnieres', 'rallye-lyon-charbonnieres', '', 5, 6, 0, 0, '2015-08-10 16:27:13', '2015-08-13 10:37:43', NULL),
	(62, 'Rallye du Touquet', 'rallye-du-touquet', '', 5, 7, 0, 0, '2015-08-10 16:29:02', '2015-08-13 10:37:43', NULL),
	(63, 'Rallye Erzgebirge', 'rallye-erzgebirge', '', 5, 8, 0, 0, '2015-08-10 16:31:41', '2015-08-13 10:37:43', NULL),
	(64, 'Rally Jamaica', 'rally-jamaica', '', 5, 9, 0, 0, '2015-08-10 16:38:22', '2015-08-13 10:37:43', NULL),
	(65, 'Hellendoorn Rally', 'hellendoorn-rally', '', 5, 10, 0, 0, '2015-08-10 16:41:16', '2015-08-13 10:37:43', NULL),
	(66, 'Rallye de Luxembourg', 'rallye-de-luxembourg', '', 5, 11, 0, 0, '2015-08-10 16:47:23', '2015-08-13 10:37:43', NULL),
	(67, 'Qatar Rally', 'qatar-rally', '', 5, 12, 0, 0, '2015-08-10 16:50:08', '2015-08-13 10:37:43', NULL),
	(68, 'Rally Presov', 'rally-presov', '', 6, 1, 0, 0, '2015-08-10 16:52:25', '2015-08-13 10:37:43', NULL),
	(69, 'Rally of Scotland', 'rally-of-scotland', '', 6, 2, 0, 0, '2015-08-10 16:54:38', '2015-08-13 10:37:43', NULL),
	(70, 'Olympus Rally', 'olympus-rally', '', 6, 3, 0, 0, '2015-08-10 17:20:46', '2015-08-13 10:37:43', NULL),
	(71, 'Rally Tasmania', 'rally-tasmania', '', 6, 4, 0, 0, '2015-08-10 17:24:18', '2015-08-13 10:37:43', NULL),
	(72, 'Danboring Rally', 'danboring-rally', '', 6, 5, 0, 0, '2015-08-10 17:28:34', '2015-08-13 10:37:43', NULL),
	(73, 'Rally Japan', 'rally-japan', '', 6, 6, 0, 0, '2015-08-10 17:30:34', '2015-08-13 10:37:43', NULL),
	(74, 'Rajd Krzeszowic', 'rajd-krzeszowic', '', 6, 7, 0, 0, '2015-08-10 17:47:57', '2015-08-13 10:37:43', NULL),
	(75, 'Rajd Bochni', 'rajd-bochni', '', 6, 8, 0, 0, '2015-08-11 11:03:43', '2015-08-13 10:37:43', NULL),
	(76, 'Rajd Krakowski', 'rajd-krakowski', '', 6, 9, 0, 0, '2015-08-11 11:13:27', '2015-08-13 10:37:43', NULL),
	(77, 'Rajd Baltycki', 'rajd-baltycki', '', 6, 10, 0, 0, '2015-08-11 11:24:13', '2015-08-13 10:37:43', NULL),
	(78, 'Rally of the Tall Pines', 'rally-of-the-tall-pines', '', 6, 11, 0, 0, '2015-08-11 11:38:04', '2015-08-13 10:37:43', NULL),
	(79, 'Sibiu Rally Romania', 'sibiu-rally-romania', '', 6, 12, 0, 0, '2015-08-11 11:57:54', '2015-08-13 10:37:43', NULL);
/*!40000 ALTER TABLE `rally_data_rally` ENABLE KEYS */;


-- Zrzut struktury tabela ral.rally_data_stage
CREATE TABLE IF NOT EXISTS `rally_data_stage` (
  `id` int(11) NOT NULL AUTO_INCREMENT,
  `rally_id` int(11) DEFAULT NULL,
  `name` varchar(255) DEFAULT NULL,
  `length` decimal(18,2) DEFAULT NULL,
  `min_time` time DEFAULT NULL,
  `created_at` datetime NOT NULL,
  `updated_at` datetime NOT NULL,
  PRIMARY KEY (`id`),
  KEY `rally_id_idx` (`rally_id`)
) ENGINE=MyISAM AUTO_INCREMENT=1336 DEFAULT CHARSET=utf8;

-- Zrzucanie danych dla tabeli ral.rally_data_stage: 1 114 rows
DELETE FROM `rally_data_stage`;
/*!40000 ALTER TABLE `rally_data_stage` DISABLE KEYS */;
INSERT INTO `rally_data_stage` (`id`, `rally_id`, `name`, `length`, `min_time`, `created_at`, `updated_at`) VALUES
	(1, 1, 'ENTREVAUX - ROUAINE', 21.55, '00:12:25', '2015-08-08 12:50:19', '2015-08-27 12:21:26'),
	(2, 1, 'NORANTE - DIGNE-LES-BAINS', 19.68, '00:12:36', '2015-08-08 12:50:19', '2015-08-27 12:21:26'),
	(3, 1, 'LA SALLE EN BEAUMONT', 15.60, '00:10:44', '2015-08-08 12:50:19', '2015-08-27 12:21:26'),
	(4, 1, 'ASPRES LES CORPS', 25.28, '00:14:40', '2015-08-08 12:50:19', '2015-08-27 12:21:26'),
	(5, 1, 'LES COSTES', 25.72, '00:16:44', '2015-08-08 12:50:19', '2015-08-27 12:21:26'),
	(6, 1, 'LA SALLE EN BEAUMONT', 15.72, '00:09:31', '2015-08-08 12:50:19', '2015-08-27 12:21:26'),
	(7, 1, 'ASPRES LES CORPS - CHAUFFAYER 2', 25.94, '00:14:45', '2015-08-08 12:50:20', '2015-08-27 12:21:26'),
	(8, 1, 'LES COSTES - ST JULIEN EN CHAMPSAUR 2', 25.16, '00:14:57', '2015-08-08 12:50:20', '2015-08-27 12:21:26'),
	(9, 1, 'PRUNIERES - EMBRUN 1', 19.24, '00:11:18', '2015-08-08 12:50:20', '2015-08-27 12:21:26'),
	(10, 1, 'LARDIER ET VALENCA - FAYE', 51.38, '00:31:08', '2015-08-08 12:50:20', '2015-08-27 12:21:26'),
	(11, 1, 'PRUNIERES - EMBRUN 2', 19.84, '00:12:45', '2015-08-08 12:50:20', '2015-08-27 12:21:26'),
	(12, 1, 'SISTERON - THOARD', 36.17, '00:21:29', '2015-08-08 12:50:20', '2015-08-27 12:21:26'),
	(13, 1, 'COL ST JEAN - ST LAURENT 1', 10.77, '00:07:20', '2015-08-08 12:50:20', '2015-08-27 12:21:26'),
	(14, 1, 'LA BOLLENE VESUBIE - SOSPEL', 31.55, '00:18:56', '2015-08-08 12:50:20', '2015-08-27 12:21:26'),
	(15, 1, ' COL ST JEAN - ST LAURENT 2', 10.83, '00:07:08', '2015-08-08 12:50:20', '2015-08-27 12:21:26'),
	(18, 2, 'SUPER SPECIAL STAGE KARLSTAD', 1.94, '00:01:18', '2015-08-08 12:56:21', '2015-08-27 12:21:26'),
	(19, 2, 'TORSBY 1', 14.80, '00:08:36', '2015-08-08 12:56:21', '2015-08-27 12:21:26'),
	(20, 2, 'ROJDEN 1', 18.74, '00:12:08', '2015-08-08 12:56:21', '2015-08-27 12:21:26'),
	(21, 2, 'FINNSKOGEN 1', 20.99, '00:13:38', '2015-08-08 12:56:22', '2015-08-27 12:21:26'),
	(22, 2, 'KIRKENAER 1', 7.89, '00:05:14', '2015-08-08 12:56:22', '2015-08-27 12:21:26'),
	(23, 2, 'KIRKENAER 2', 7.21, '00:04:11', '2015-08-08 12:56:22', '2015-08-27 12:21:26'),
	(24, 2, 'FINNSKOGEN 2', 20.94, '00:12:06', '2015-08-08 12:56:22', '2015-08-27 12:21:26'),
	(25, 2, 'TORSBY 2', 14.80, '00:08:22', '2015-08-08 12:56:22', '2015-08-27 12:21:26'),
	(26, 2, 'SUPER SPECIAL STAGE KARLSTAD 2', 1.94, '00:01:18', '2015-08-08 12:56:22', '2015-08-27 12:21:26'),
	(27, 2, 'FREDRIKSBERG 1', 18.20, '00:10:57', '2015-08-08 12:56:22', '2015-08-27 12:21:26'),
	(28, 2, 'RAMMEN 1', 22.65, '00:13:32', '2015-08-08 12:56:22', '2015-08-27 12:21:26'),
	(29, 2, 'HAGFORS SPRINT 1', 1.83, '00:01:11', '2015-08-08 12:56:22', '2015-08-27 12:21:26'),
	(30, 2, 'VARGASEN 1', 24.42, '00:15:38', '2015-08-08 12:56:22', '2015-08-27 12:21:26'),
	(31, 2, 'RAMMEN 2', 22.63, '00:13:35', '2015-08-08 12:56:22', '2015-08-27 12:21:26'),
	(32, 2, 'HAGFORS SPRINT 2', 1.76, '00:01:08', '2015-08-08 12:56:22', '2015-08-27 12:21:26'),
	(33, 2, 'VARGASEN 2', 24.22, '00:14:07', '2015-08-08 12:56:22', '2015-08-27 12:21:26'),
	(35, 3, 'STREET STAGE GUANAJUATO', 1.85, '00:01:14', '2015-08-08 13:01:41', '2015-08-27 12:21:26'),
	(36, 3, 'SUPER SPECIAL 1', 4.92, '00:02:57', '2015-08-08 13:01:41', '2015-08-27 12:21:26'),
	(37, 3, 'LOS MEXICANOS 1', 9.77, '00:05:39', '2015-08-08 13:01:41', '2015-08-27 12:21:26'),
	(38, 3, 'EL CHOCOLATE 1', 44.12, '00:24:57', '2015-08-08 13:01:41', '2015-08-27 12:21:26'),
	(39, 3, 'LAS MINAS 1', 15.34, '00:09:55', '2015-08-08 13:01:41', '2015-08-27 12:21:26'),
	(40, 3, 'STREET STAGE LEON 1', 1.91, '00:01:16', '2015-08-08 13:01:41', '2015-08-27 12:21:26'),
	(41, 3, 'LOS MEXICANOS 2', 9.68, '00:06:24', '2015-08-08 13:01:41', '2015-08-27 12:21:26'),
	(42, 3, 'EL CHOCOLATE 2', 44.17, '00:26:09', '2015-08-08 13:01:41', '2015-08-27 12:21:26'),
	(43, 3, 'LAS MINAS 2', 15.43, '00:10:17', '2015-08-08 13:01:41', '2015-08-27 12:21:26'),
	(44, 3, 'SUPER SPECIAL 2', 4.92, '00:03:15', '2015-08-08 13:01:42', '2015-08-27 12:21:26'),
	(45, 3, 'IBARRILLA 1', 30.89, '00:18:10', '2015-08-08 13:01:42', '2015-08-27 12:21:26'),
	(46, 3, 'OTATES 1', 42.44, '00:24:18', '2015-08-08 13:01:42', '2015-08-27 12:21:26'),
	(47, 3, 'EL BRINCO 1', 8.42, '00:05:36', '2015-08-08 13:01:42', '2015-08-27 12:21:26'),
	(48, 3, 'STREET STAGE LEON 2', 1.91, '00:01:06', '2015-08-08 13:01:42', '2015-08-27 12:21:26'),
	(49, 3, 'IBARRILLA 2', 30.48, '00:18:10', '2015-08-08 13:01:42', '2015-08-27 12:21:26'),
	(50, 3, 'OTATES 2', 42.59, '00:26:20', '2015-08-08 13:01:42', '2015-08-27 12:21:26'),
	(51, 3, 'EL BRINCO 2', 8.96, '00:05:19', '2015-08-08 13:01:42', '2015-08-27 12:21:26'),
	(52, 4, 'SUPER ESPECIAL MERLO', 2.89, '00:01:44', '2015-08-08 13:05:33', '2015-08-27 12:21:26'),
	(53, 4, 'AGUA DE ORO - ASCOCHINGA', 51.78, '00:33:45', '2015-08-08 13:05:33', '2015-08-27 12:21:26'),
	(54, 4, 'VILLA BUSTOS - TANTI', 19.68, '00:11:31', '2015-08-08 13:05:33', '2015-08-27 12:21:26'),
	(55, 4, 'AGUA DE ORO - ASCOCHINGA II', 51.78, '00:33:45', '2015-08-08 13:05:33', '2015-08-27 12:24:53'),
	(56, 4, 'VILLA BUSTOS - TANTI II', 19.68, '00:11:31', '2015-08-08 13:05:33', '2015-08-27 12:24:53'),
	(57, 4, 'SUPER ESPECIAL FERNET BRANCA', 6.84, '00:04:34', '2015-08-08 13:05:33', '2015-08-27 12:21:26'),
	(58, 4, 'FERNET BRANCA', 23.35, '00:14:28', '2015-08-08 13:05:33', '2015-08-27 12:21:26'),
	(59, 4, 'SAN MARCOS', 42.41, '00:24:06', '2015-08-08 13:05:33', '2015-08-27 12:21:26'),
	(60, 4, 'FERNET BRANCA II', 23.35, '00:14:28', '2015-08-08 13:05:33', '2015-08-27 12:24:53'),
	(61, 4, 'SAN MARCOS II', 42.41, '00:24:06', '2015-08-08 13:05:33', '2015-08-27 12:24:53'),
	(62, 4, 'EL CONDOR', 16.60, '00:10:07', '2015-08-08 13:05:33', '2015-08-27 12:21:26'),
	(63, 4, 'POWER STAGE EL CONDOR', 16.17, '00:10:48', '2015-08-08 13:05:33', '2015-08-27 12:21:26'),
	(71, 5, 'CAMINHA', 18.40, '00:12:09', '2015-08-08 13:09:54', '2015-08-27 12:21:26'),
	(70, 5, 'PONTE DE LIMA 1', 27.64, '00:18:27', '2015-08-08 13:09:54', '2015-08-27 12:21:26'),
	(69, 5, 'LOUSADA', 3.14, '00:01:55', '2015-08-08 13:09:53', '2015-08-27 12:21:26'),
	(72, 5, 'VIANA DO CASTELO', 18.36, '00:12:22', '2015-08-08 13:09:54', '2015-08-27 12:21:26'),
	(73, 5, 'PONTE DE LIMA 2', 27.72, '00:18:39', '2015-08-08 13:09:54', '2015-08-27 12:21:26'),
	(74, 5, 'CAMINHA 2', 18.40, '00:12:09', '2015-08-08 13:09:54', '2015-08-27 12:24:53'),
	(75, 5, 'VIANA DO CASTELO 2', 18.36, '00:12:22', '2015-08-08 13:09:54', '2015-08-27 12:24:53'),
	(76, 5, 'BAIAO', 18.28, '00:10:17', '2015-08-08 13:09:54', '2015-08-27 12:21:26'),
	(77, 5, 'MARAO', 26.53, '00:16:05', '2015-08-08 13:09:54', '2015-08-27 12:21:26'),
	(78, 5, 'FRIDAO', 37.53, '00:24:40', '2015-08-08 13:09:54', '2015-08-27 12:21:26'),
	(79, 5, 'BAIAO 2', 18.28, '00:10:17', '2015-08-08 13:09:54', '2015-08-27 12:24:53'),
	(80, 5, 'MARAO 2', 26.53, '00:16:05', '2015-08-08 13:09:54', '2015-08-27 12:24:53'),
	(81, 5, 'FRIDAO 2', 37.53, '00:24:40', '2015-08-08 13:09:54', '2015-08-27 12:24:53'),
	(82, 5, 'FAFE 1', 11.39, '00:06:49', '2015-08-08 13:09:54', '2015-08-27 12:21:26'),
	(83, 5, 'VIEIRA DO MINHO', 32.38, '00:19:17', '2015-08-08 13:09:54', '2015-08-27 12:21:26'),
	(84, 5, 'FAFE 2', 11.56, '00:07:04', '2015-08-08 13:09:55', '2015-08-27 12:21:26'),
	(85, 6, 'CITTA\' DI GAGLIARI', 2.29, '00:01:32', '2015-08-08 14:53:32', '2015-08-27 12:21:26'),
	(86, 6, 'GRIGHINE SUD', 26.31, '00:18:06', '2015-08-08 14:53:33', '2015-08-27 12:21:26'),
	(87, 6, 'GRIGHINE NORD', 18.68, '00:11:03', '2015-08-08 14:53:33', '2015-08-27 12:21:26'),
	(88, 6, 'MONTIFERRU', 14.86, '00:10:12', '2015-08-08 14:53:33', '2015-08-27 12:21:26'),
	(89, 6, 'SAGAMA', 2.41, '00:01:24', '2015-08-08 14:53:33', '2015-08-27 12:21:26'),
	(90, 6, 'SAGAMA 2', 2.41, '00:01:24', '2015-08-08 14:53:33', '2015-08-27 12:24:54'),
	(91, 6, 'SINIS - MONT\' E PRAMA', 14.70, '00:08:43', '2015-08-08 14:53:33', '2015-08-27 12:21:26'),
	(92, 6, 'GRIGHINE SUD 2', 26.31, '00:18:06', '2015-08-08 14:53:33', '2015-08-27 12:24:54'),
	(93, 6, 'GRIGHINE NORD 2', 18.68, '00:11:03', '2015-08-08 14:53:33', '2015-08-27 12:24:54'),
	(94, 6, 'MONTIFERRU 2', 14.86, '00:10:12', '2015-08-08 14:53:33', '2015-08-27 12:24:54'),
	(95, 6, 'ITTIRI ARENA', 1.98, '00:01:16', '2015-08-08 14:53:33', '2015-08-27 12:21:26'),
	(96, 6, 'MONTI DI ALA\' 1', 22.96, '00:14:46', '2015-08-08 14:53:33', '2015-08-27 12:21:26'),
	(97, 6, 'COILUNA - LOELLE', 36.43, '00:24:20', '2015-08-08 14:53:33', '2015-08-27 12:21:26'),
	(98, 6, 'MONTE LERNO', 42.55, '00:29:11', '2015-08-08 14:53:33', '2015-08-27 12:21:26'),
	(99, 6, 'OZIERI - ARDARA', 7.70, '00:04:36', '2015-08-08 14:53:33', '2015-08-27 12:21:26'),
	(100, 6, 'ITTIRI ARENA 2', 1.98, '00:01:16', '2015-08-08 14:53:34', '2015-08-27 12:24:54'),
	(101, 6, 'MONTI DI ALA\' 2', 22.50, '00:15:03', '2015-08-08 14:53:34', '2015-08-27 12:21:26'),
	(102, 7, 'MIKOLAJKI ARENA', 2.40, '00:01:29', '2015-08-08 14:58:53', '2015-08-27 12:21:26'),
	(103, 7, 'GORKLO', 13.40, '00:09:04', '2015-08-08 14:58:53', '2015-08-27 12:21:26'),
	(104, 7, 'GOLDAP', 14.65, '00:08:22', '2015-08-08 14:58:53', '2015-08-27 12:21:26'),
	(105, 7, 'BABKI', 14.87, '00:09:18', '2015-08-08 14:58:54', '2015-08-27 12:21:26'),
	(106, 7, 'STANCZYKI', 39.62, '00:24:49', '2015-08-08 14:58:54', '2015-08-27 12:21:26'),
	(107, 7, 'BABKI 2', 14.87, '00:09:18', '2015-08-08 14:58:54', '2015-08-27 12:24:54'),
	(108, 7, 'STANCZYKI 2', 39.62, '00:24:49', '2015-08-08 14:58:54', '2015-08-27 12:24:54'),
	(109, 7, 'GOLDAP 2', 14.65, '00:08:22', '2015-08-08 14:58:54', '2015-08-27 12:24:54'),
	(110, 7, 'MIKOLAJKI ARENA 2', 2.40, '00:01:29', '2015-08-08 14:58:54', '2015-08-27 12:24:54'),
	(111, 7, 'MAZURY', 17.52, '00:11:18', '2015-08-08 14:58:54', '2015-08-27 12:21:26'),
	(112, 7, 'WIELICZKI', 12.62, '00:08:24', '2015-08-08 14:58:54', '2015-08-27 12:21:26'),
	(113, 7, 'SWIETAJNO', 21.59, '00:13:26', '2015-08-08 14:58:54', '2015-08-27 12:21:26'),
	(114, 7, 'PAPROTKI', 23.68, '00:14:49', '2015-08-08 14:58:54', '2015-08-27 12:21:26'),
	(115, 7, 'MAZURY 2', 17.52, '00:11:18', '2015-08-08 14:58:54', '2015-08-27 12:24:54'),
	(116, 7, 'WIELICZKI 2', 12.62, '00:08:24', '2015-08-08 14:58:54', '2015-08-27 12:24:54'),
	(117, 7, 'SWIETAJNO 2', 21.59, '00:13:26', '2015-08-08 14:58:54', '2015-08-27 12:24:54'),
	(118, 7, 'MIKOLAJKI ARENA 3', 2.40, '00:01:29', '2015-08-08 14:58:55', '2015-08-27 12:24:54'),
	(119, 8, 'HARJU', 2.21, '00:01:31', '2015-08-08 17:48:37', '2015-08-27 12:21:26'),
	(120, 8, 'PIHLAJAKOSKI', 14.65, '00:08:41', '2015-08-08 17:48:38', '2015-08-27 12:21:26'),
	(121, 8, 'PAIJALA', 23.28, '00:13:49', '2015-08-08 17:48:38', '2015-08-27 12:21:26'),
	(122, 8, 'OUNINPOHJA', 34.51, '00:23:02', '2015-08-08 17:48:38', '2015-08-27 12:21:26'),
	(123, 8, 'HIMOS', 5.16, '00:03:06', '2015-08-08 17:48:38', '2015-08-27 12:21:26'),
	(124, 8, 'PIHLAJAKOSKI 2', 14.65, '00:08:41', '2015-08-08 17:48:38', '2015-08-27 12:24:54'),
	(125, 8, 'PAIJALA 2', 23.28, '00:13:49', '2015-08-08 17:48:38', '2015-08-27 12:24:54'),
	(126, 8, 'OUNINPOHJA 2', 34.51, '00:23:02', '2015-08-08 17:48:38', '2015-08-27 12:24:54'),
	(127, 8, 'HIMOS 2', 5.16, '00:03:06', '2015-08-08 17:48:38', '2015-08-27 12:24:54'),
	(128, 8, 'HARJU 2', 2.21, '00:01:31', '2015-08-08 17:48:38', '2015-08-27 12:24:54'),
	(129, 8, 'MOKKIPERA', 13.60, '00:09:10', '2015-08-08 17:48:38', '2015-08-27 12:21:26'),
	(130, 8, 'JUKOJARVI', 21.78, '00:12:43', '2015-08-08 17:48:38', '2015-08-27 12:21:26'),
	(131, 8, 'SURKEE', 14.25, '00:08:31', '2015-08-08 17:48:38', '2015-08-27 12:21:26'),
	(132, 8, 'HORKKA', 15.22, '00:08:47', '2015-08-08 17:48:38', '2015-08-27 12:21:26'),
	(133, 8, 'MOKKIPERA 2', 13.60, '00:09:10', '2015-08-08 17:48:38', '2015-08-27 12:24:54'),
	(134, 8, 'JUKOJARVI 2', 21.78, '00:12:43', '2015-08-08 17:48:38', '2015-08-27 12:24:54'),
	(135, 8, 'SURKEE 2', 14.25, '00:08:31', '2015-08-08 17:48:39', '2015-08-27 12:24:55'),
	(136, 9, 'Sauertal', 14.84, '00:10:08', '2015-08-08 18:06:00', '2015-08-27 12:21:26'),
	(137, 9, 'Waxweiler', 16.45, '00:09:25', '2015-08-08 18:06:00', '2015-08-27 12:21:26'),
	(138, 9, 'Moselland', 23.37, '00:15:18', '2015-08-08 18:06:00', '2015-08-27 12:21:26'),
	(139, 9, 'Sauertal 2', 14.84, '00:10:08', '2015-08-08 18:06:00', '2015-08-27 12:24:55'),
	(140, 9, 'Waxweiler 2', 16.45, '00:09:25', '2015-08-08 18:06:00', '2015-08-27 12:24:55'),
	(141, 9, 'Moselland 2', 23.37, '00:15:18', '2015-08-08 18:06:00', '2015-08-27 12:24:55'),
	(142, 9, 'Mittelmosel 2', 13.80, '00:08:57', '2015-08-08 18:06:00', '2015-08-27 12:21:26'),
	(143, 9, 'Grafschaft', 18.76, '00:10:56', '2015-08-08 18:06:00', '2015-08-27 12:21:26'),
	(144, 9, 'Bosenberg', 17.55, '00:11:49', '2015-08-08 18:06:00', '2015-08-27 12:21:26'),
	(145, 9, 'Arena Panzerplatte', 2.48, '00:01:26', '2015-08-08 18:06:00', '2015-08-27 12:21:26'),
	(146, 9, 'Arena Panzerplatte 2', 2.48, '00:01:26', '2015-08-08 18:06:01', '2015-08-27 12:24:55'),
	(147, 9, 'Panzerplatte Lang', 45.37, '00:27:48', '2015-08-08 18:06:01', '2015-08-27 12:21:26'),
	(148, 9, 'Grafschaft 2', 18.76, '00:10:56', '2015-08-08 18:06:01', '2015-08-27 12:24:55'),
	(149, 9, 'Arena Panzerplatte 3', 2.48, '00:01:26', '2015-08-08 18:06:01', '2015-08-27 12:24:55'),
	(150, 9, 'Panzerplatte Lang 2', 45.37, '00:27:48', '2015-08-08 18:06:01', '2015-08-27 12:24:55'),
	(151, 9, 'Bosenberg 2', 17.55, '00:11:49', '2015-08-08 18:06:01', '2015-08-27 12:24:55'),
	(152, 9, 'Stei & Wein', 19.32, '00:11:51', '2015-08-08 18:06:01', '2015-08-27 12:21:26'),
	(153, 10, 'Hydes Creek', 10.48, '00:06:24', '2015-08-08 18:15:39', '2015-08-27 12:21:26'),
	(154, 10, 'Bellingen', 10.21, '00:06:09', '2015-08-08 18:15:39', '2015-08-27 12:21:26'),
	(155, 10, 'Newry', 24.86, '00:14:13', '2015-08-08 18:15:39', '2015-08-27 12:21:26'),
	(156, 10, 'Hydes Creek 2', 10.48, '00:06:24', '2015-08-08 18:15:40', '2015-08-27 12:24:55'),
	(157, 10, 'Bellingen 2', 10.21, '00:06:09', '2015-08-08 18:15:40', '2015-08-27 12:24:55'),
	(158, 10, 'Newry 2', 24.86, '00:14:13', '2015-08-08 18:15:40', '2015-08-27 12:24:55'),
	(159, 10, 'Super Special Stage ', 1.55, '00:00:59', '2015-08-08 18:15:40', '2015-08-27 12:21:26'),
	(160, 10, 'Super Special Stage 2', 1.81, '00:01:02', '2015-08-08 18:15:40', '2015-08-27 12:21:26'),
	(161, 10, 'Nambucca', 48.21, '00:30:16', '2015-08-08 18:15:40', '2015-08-27 12:21:26'),
	(162, 10, 'Valla', 8.90, '00:05:54', '2015-08-08 18:15:40', '2015-08-27 12:21:26'),
	(163, 10, 'Nambucca 2', 48.21, '00:30:16', '2015-08-08 18:15:40', '2015-08-27 12:24:55'),
	(164, 10, 'Valla 2', 8.90, '00:05:54', '2015-08-08 18:15:40', '2015-08-27 12:24:55'),
	(165, 10, 'Super Special Stage 3', 1.81, '00:01:03', '2015-08-08 18:15:40', '2015-08-27 12:21:26'),
	(166, 10, 'Super Special Stage 4', 1.50, '00:00:59', '2015-08-08 18:15:40', '2015-08-27 12:21:26'),
	(167, 10, 'Shipmans', 24.14, '00:15:05', '2015-08-08 18:15:40', '2015-08-27 12:21:26'),
	(168, 10, 'Bucca', 10.90, '00:07:30', '2015-08-08 18:15:40', '2015-08-27 12:21:26'),
	(169, 10, 'Wedding Bells', 9.37, '00:05:36', '2015-08-08 18:15:40', '2015-08-27 12:21:26'),
	(170, 11, 'Plage du LIamone', 19.91, '00:11:27', '2015-08-09 09:08:16', '2015-08-27 12:21:26'),
	(171, 11, 'Casamozza', 23.66, '00:16:16', '2015-08-09 09:08:16', '2015-08-27 12:21:26'),
	(172, 11, 'Francardo', 16.34, '00:09:58', '2015-08-09 09:08:16', '2015-08-27 12:21:26'),
	(173, 11, 'Plage du Liamone 2', 19.91, '00:11:27', '2015-08-09 09:08:16', '2015-08-27 12:24:55'),
	(174, 11, 'Casamozza 2', 23.66, '00:16:16', '2015-08-09 09:08:16', '2015-08-27 12:24:55'),
	(175, 11, 'Francardo 2', 16.34, '00:09:58', '2015-08-09 09:08:16', '2015-08-27 12:24:55'),
	(176, 11, 'Casamozza 3', 23.66, '00:16:16', '2015-08-09 09:08:16', '2015-08-27 12:24:55'),
	(177, 11, 'Francardo 3', 16.34, '00:09:58', '2015-08-09 09:08:16', '2015-08-27 12:24:55'),
	(178, 11, 'Muracciole', 28.92, '00:18:25', '2015-08-09 09:08:16', '2015-08-27 12:21:26'),
	(179, 11, 'Sotta', 26.28, '00:16:59', '2015-08-09 09:08:16', '2015-08-27 12:21:26'),
	(180, 11, 'Muracciole', 28.46, '00:18:02', '2015-08-09 09:08:16', '2015-08-27 12:21:26'),
	(181, 11, 'Zerubia', 31.43, '00:18:53', '2015-08-09 09:08:16', '2015-08-27 12:21:26'),
	(182, 11, 'Bisinao', 16.74, '00:11:31', '2015-08-09 09:08:16', '2015-08-27 12:21:26'),
	(183, 11, 'Zerubia 2', 31.43, '00:18:53', '2015-08-09 09:08:16', '2015-08-27 12:24:55'),
	(184, 11, 'Bisinao 2', 16.74, '00:11:31', '2015-08-09 09:08:17', '2015-08-27 12:24:55'),
	(185, 12, 'Barcelona', 3.11, '00:01:49', '2015-08-09 09:29:16', '2015-08-27 12:21:26'),
	(186, 12, 'Mora d\'Ebre', 9.69, '00:06:00', '2015-08-09 09:29:16', '2015-08-27 12:21:26'),
	(187, 12, 'Caseres', 12.10, '00:07:43', '2015-08-09 09:29:16', '2015-08-27 12:21:26'),
	(188, 12, 'Bot', 6.21, '00:04:05', '2015-08-09 09:29:16', '2015-08-27 12:21:26'),
	(189, 12, 'Terra Alta', 35.41, '00:20:36', '2015-08-09 09:29:16', '2015-08-27 12:21:26'),
	(190, 12, 'Mora d\'Ebre 2', 9.69, '00:06:00', '2015-08-09 09:29:16', '2015-08-27 12:24:56'),
	(191, 12, 'Caseres 2', 12.10, '00:07:43', '2015-08-09 09:29:16', '2015-08-27 12:24:56'),
	(192, 12, 'Bot 2', 6.21, '00:04:05', '2015-08-09 09:29:16', '2015-08-27 12:24:56'),
	(193, 12, 'Terra Alta 2', 35.41, '00:20:36', '2015-08-09 09:29:16', '2015-08-27 12:24:56'),
	(194, 12, 'Porrera', 7.91, '00:04:45', '2015-08-09 09:29:16', '2015-08-27 12:21:26'),
	(195, 12, 'La Figuera', 26.35, '00:17:34', '2015-08-09 09:29:16', '2015-08-27 12:21:26'),
	(196, 12, 'Poboleda', 10.73, '00:06:50', '2015-08-09 09:29:16', '2015-08-27 12:21:26'),
	(197, 12, 'Capafonts', 19.13, '00:11:39', '2015-08-09 09:29:17', '2015-08-27 12:21:26'),
	(198, 12, 'La Figuera 2', 26.35, '00:17:34', '2015-08-09 09:29:17', '2015-08-27 12:24:56'),
	(199, 12, 'Poboleda 2', 10.73, '00:06:50', '2015-08-09 09:29:17', '2015-08-27 12:24:56'),
	(200, 12, 'Capafonts 2', 19.13, '00:11:39', '2015-08-09 09:29:17', '2015-08-27 12:24:56'),
	(201, 12, 'Salou', 2.62, '00:01:32', '2015-08-09 09:29:17', '2015-08-27 12:21:26'),
	(202, 13, 'Hafren', 32.44, '00:20:26', '2015-08-09 09:33:26', '2015-08-27 12:21:26'),
	(203, 13, 'Sweet Lamb', 2.97, '00:02:00', '2015-08-09 09:33:26', '2015-08-27 12:21:26'),
	(204, 13, 'Myherin', 31.73, '00:21:28', '2015-08-09 09:33:26', '2015-08-27 12:21:26'),
	(205, 13, 'Harfen 2', 32.60, '00:18:42', '2015-08-09 09:33:26', '2015-08-27 12:21:26'),
	(206, 13, 'Sweet Lamb 2', 2.97, '00:02:00', '2015-08-09 09:33:27', '2015-08-27 12:24:56'),
	(207, 13, 'Myherin 2', 31.73, '00:21:28', '2015-08-09 09:33:27', '2015-08-27 12:24:56'),
	(208, 13, 'Gartheiniog', 11.97, '00:07:37', '2015-08-09 09:33:27', '2015-08-27 12:21:26'),
	(209, 13, 'Dyfi', 25.37, '00:16:48', '2015-08-09 09:33:27', '2015-08-27 12:21:26'),
	(210, 13, 'Gartheiniog 2', 11.97, '00:07:37', '2015-08-09 09:33:27', '2015-08-27 12:24:56'),
	(211, 13, 'Dyfi 2', 25.37, '00:16:48', '2015-08-09 09:33:27', '2015-08-27 12:24:56'),
	(212, 13, 'Dyfnant', 19.89, '00:13:38', '2015-08-09 09:33:27', '2015-08-27 12:21:26'),
	(213, 13, 'Aberhirnant', 13.70, '00:08:15', '2015-08-09 09:33:27', '2015-08-27 12:21:26'),
	(214, 13, 'Chirk Castle', 2.28, '00:01:26', '2015-08-09 09:33:27', '2015-08-27 12:21:26'),
	(215, 13, 'Dynant 2', 19.83, '00:11:12', '2015-08-09 09:33:27', '2015-08-27 12:21:26'),
	(216, 13, 'Aberhirnant 2', 13.70, '00:08:15', '2015-08-09 09:33:27', '2015-08-27 12:24:56'),
	(217, 13, 'Brenig', 10.99, '00:06:44', '2015-08-09 09:33:27', '2015-08-27 12:21:26'),
	(218, 13, 'ALwen', 10.16, '00:05:45', '2015-08-09 09:33:27', '2015-08-27 12:21:26'),
	(219, 14, 'Pierbach', 18.57, '00:10:59', '2015-08-09 14:43:28', '2015-08-27 12:21:26'),
	(220, 14, 'Liebenau', 10.10, '00:05:48', '2015-08-09 14:43:28', '2015-08-27 12:21:26'),
	(221, 14, 'St. Oswald', 8.20, '00:04:44', '2015-08-09 14:43:28', '2015-08-27 12:21:26'),
	(222, 14, 'Pierbach 2', 18.57, '00:10:59', '2015-08-09 14:43:28', '2015-08-27 12:24:56'),
	(223, 14, 'Liebenau 2', 10.10, '00:05:48', '2015-08-09 14:43:28', '2015-08-27 12:24:56'),
	(224, 14, 'St. Ostwald', 8.22, '00:05:30', '2015-08-09 14:43:28', '2015-08-27 12:21:26'),
	(225, 14, 'Pregarten', 8.44, '00:05:09', '2015-08-09 14:43:28', '2015-08-27 12:21:26'),
	(226, 14, 'Schonau', 22.80, '00:14:11', '2015-08-09 14:43:28', '2015-08-27 12:21:26'),
	(227, 14, 'Pregarten 2', 8.44, '00:05:09', '2015-08-09 14:43:28', '2015-08-27 12:24:56'),
	(228, 14, 'Schonau', 22.81, '00:13:08', '2015-08-09 14:43:28', '2015-08-27 12:21:26'),
	(229, 14, 'Gutau', 8.68, '00:04:56', '2015-08-09 14:43:28', '2015-08-27 12:21:26'),
	(230, 14, 'Unterweissenbach 2', 12.31, '00:08:00', '2015-08-09 14:43:29', '2015-08-27 12:24:57'),
	(231, 14, 'Arena Konigswiesen', 7.33, '00:04:28', '2015-08-09 14:43:29', '2015-08-27 12:21:26'),
	(232, 14, 'Gutau 2', 8.68, '00:04:56', '2015-08-09 14:43:29', '2015-08-27 12:24:56'),
	(233, 14, 'Unterweissenbach', 12.31, '00:08:00', '2015-08-09 14:43:29', '2015-08-27 12:21:26'),
	(234, 14, 'Arena Konigswiesen', 7.76, '00:04:44', '2015-08-09 14:43:29', '2015-08-27 12:21:26'),
	(235, 14, 'Bad Zell', 21.71, '00:13:15', '2015-08-09 14:43:29', '2015-08-27 12:21:26'),
	(236, 15, 'Basi', 16.11, '00:09:22', '2015-08-09 14:47:07', '2015-08-27 12:21:26'),
	(237, 15, 'Kuldiga', 36.11, '00:23:38', '2015-08-09 14:47:07', '2015-08-27 12:21:26'),
	(238, 15, 'Ecorent', 7.80, '00:04:25', '2015-08-09 14:47:07', '2015-08-27 12:21:26'),
	(239, 15, 'Kuldiga 2', 36.11, '00:23:38', '2015-08-09 14:47:07', '2015-08-27 12:24:57'),
	(240, 15, 'Basi 2', 16.11, '00:09:22', '2015-08-09 14:47:07', '2015-08-27 12:24:57'),
	(241, 15, 'Podnieki', 11.37, '00:07:44', '2015-08-09 14:47:07', '2015-08-27 12:21:26'),
	(242, 15, 'Tebra', 12.70, '00:07:46', '2015-08-09 14:47:07', '2015-08-27 12:21:26'),
	(243, 15, 'Vecpils', 22.64, '00:12:54', '2015-08-09 14:47:07', '2015-08-27 12:21:26'),
	(244, 15, 'Podnieki 2', 11.37, '00:07:44', '2015-08-09 14:47:07', '2015-08-27 12:24:57'),
	(245, 15, 'Tebra 2', 12.70, '00:07:46', '2015-08-09 14:47:07', '2015-08-27 12:24:57'),
	(246, 15, 'Vecpils 2', 22.64, '00:12:54', '2015-08-09 14:47:07', '2015-08-27 12:24:57'),
	(247, 15, 'Liepaja special', 1.81, '00:01:07', '2015-08-09 14:47:07', '2015-08-27 12:21:26'),
	(248, 16, 'Bucks Head', 14.47, '00:09:37', '2015-08-09 18:29:55', '2015-08-27 12:21:26'),
	(249, 16, 'Hamilton\'s Folly', 16.40, '00:11:07', '2015-08-09 18:29:55', '2015-08-27 12:21:26'),
	(250, 16, 'Lough Henney', 10.42, '00:06:26', '2015-08-09 18:29:55', '2015-08-27 12:21:26'),
	(251, 16, 'Bucks Head 2', 14.47, '00:09:37', '2015-08-09 18:29:55', '2015-08-27 12:24:57'),
	(252, 16, 'Hamilton\'s Folly 2', 16.40, '00:11:07', '2015-08-09 18:29:56', '2015-08-27 12:24:57'),
	(253, 16, 'Lough Henry 2', 10.33, '00:06:04', '2015-08-09 18:29:56', '2015-08-27 12:21:26'),
	(254, 16, 'Newtownards TT', 1.63, '00:01:07', '2015-08-09 18:29:56', '2015-08-27 12:21:26'),
	(255, 16, 'Newtownards TT 2', 1.63, '00:01:07', '2015-08-09 18:29:56', '2015-08-27 12:21:26'),
	(256, 16, 'Bulls Brook', 13.21, '00:09:00', '2015-08-09 18:29:56', '2015-08-27 12:21:26'),
	(257, 16, 'McGaffins Corner', 26.16, '00:16:33', '2015-08-09 18:29:56', '2015-08-27 12:21:26'),
	(258, 16, 'Banbridge', 8.58, '00:05:18', '2015-08-09 18:29:56', '2015-08-27 12:21:26'),
	(259, 16, 'Gregoriough', 14.91, '00:08:36', '2015-08-09 18:29:56', '2015-08-27 12:21:26'),
	(260, 16, 'Lisburn', 1.78, '00:01:04', '2015-08-09 18:29:56', '2015-08-27 12:21:26'),
	(261, 16, 'Lisburn 2', 1.78, '00:01:04', '2015-08-09 18:29:56', '2015-08-27 12:24:57'),
	(262, 16, 'Bulls Brook 2', 13.21, '00:09:00', '2015-08-09 18:29:56', '2015-08-27 12:24:57'),
	(263, 16, 'McGaffins Corner 2', 26.16, '00:16:33', '2015-08-09 18:29:56', '2015-08-27 12:24:57'),
	(264, 16, 'Banbridge 2', 8.58, '00:05:18', '2015-08-09 18:29:56', '2015-08-27 12:24:57'),
	(265, 17, 'Grupo Marques', 3.34, '00:01:52', '2015-08-09 18:37:22', '2015-08-27 12:21:26'),
	(266, 17, 'Solucoes', 7.96, '00:04:28', '2015-08-09 18:37:23', '2015-08-27 12:21:26'),
	(267, 17, 'Vila Franca', 12.79, '00:08:44', '2015-08-09 18:37:23', '2015-08-27 12:21:26'),
	(268, 17, 'Lagoa Meo', 6.28, '00:04:15', '2015-08-09 18:37:23', '2015-08-27 12:21:26'),
	(269, 17, 'Pico da Pedra Golfe', 7.86, '00:05:23', '2015-08-09 18:37:23', '2015-08-27 12:21:26'),
	(270, 17, 'Feteiras', 7.88, '00:05:21', '2015-08-09 18:37:23', '2015-08-27 12:21:26'),
	(271, 17, 'Sete Cidades', 28.57, '00:16:38', '2015-08-09 18:37:23', '2015-08-27 12:21:26'),
	(272, 17, 'Lagoa Meo 2', 6.28, '00:04:15', '2015-08-09 18:37:23', '2015-08-27 12:24:57'),
	(273, 17, 'Pico da Pedra Golfe 2', 7.86, '00:05:23', '2015-08-09 18:37:23', '2015-08-27 12:24:57'),
	(274, 17, 'Feteiras 2', 7.88, '00:05:21', '2015-08-09 18:37:23', '2015-08-27 12:24:57'),
	(275, 17, 'Sete Cidades 2', 28.57, '00:16:38', '2015-08-09 18:37:23', '2015-08-27 12:24:57'),
	(276, 17, 'Graminhais', 20.84, '00:11:52', '2015-08-09 18:37:23', '2015-08-27 12:21:26'),
	(277, 17, 'Tronqueira', 21.68, '00:13:16', '2015-08-09 18:37:23', '2015-08-27 12:21:26'),
	(278, 17, 'Grupo Marques 2', 3.34, '00:01:52', '2015-08-09 18:37:23', '2015-08-27 12:24:57'),
	(279, 17, 'Vila Franca 2', 12.79, '00:08:44', '2015-08-09 18:37:23', '2015-08-27 12:24:57'),
	(280, 17, 'Graminhais 2', 20.84, '00:11:52', '2015-08-09 18:37:24', '2015-08-27 12:24:57'),
	(281, 17, 'Tronqueira 2', 21.68, '00:13:16', '2015-08-09 18:37:24', '2015-08-27 12:24:57'),
	(282, 18, 'Langemark', 12.57, '00:08:12', '2015-08-10 10:35:26', '2015-08-27 12:21:26'),
	(283, 18, 'Dikkebus', 14.73, '00:08:58', '2015-08-10 10:35:26', '2015-08-27 12:21:26'),
	(284, 18, 'Wijtschate', 13.43, '00:08:52', '2015-08-10 10:35:27', '2015-08-27 12:21:26'),
	(285, 18, 'Mesen', 7.80, '00:05:11', '2015-08-10 10:35:27', '2015-08-27 12:21:26'),
	(286, 18, 'Dikkebus 2', 14.73, '00:08:58', '2015-08-10 10:35:27', '2015-08-27 12:24:58'),
	(287, 18, 'Wijtschate 2', 13.43, '00:08:52', '2015-08-10 10:35:27', '2015-08-27 12:24:58'),
	(288, 18, 'Mesen 2', 7.80, '00:05:11', '2015-08-10 10:35:27', '2015-08-27 12:24:58'),
	(289, 18, 'Reninge', 14.22, '00:08:57', '2015-08-10 10:35:27', '2015-08-27 12:21:26'),
	(290, 18, 'Watou', 14.25, '00:08:02', '2015-08-10 10:35:27', '2015-08-27 12:21:26'),
	(291, 18, 'Westouter-Boeschepe', 19.34, '00:12:51', '2015-08-10 10:35:27', '2015-08-27 12:21:26'),
	(292, 18, 'Kemmelberg', 13.64, '00:08:42', '2015-08-10 10:35:27', '2015-08-27 12:21:26'),
	(293, 18, 'Hollebeket', 23.99, '00:15:52', '2015-08-10 10:35:27', '2015-08-27 12:21:26'),
	(294, 18, 'Reninge 2', 14.22, '00:08:57', '2015-08-10 10:35:27', '2015-08-27 12:24:58'),
	(295, 18, 'Watou 2', 14.25, '00:08:02', '2015-08-10 10:35:27', '2015-08-27 12:24:58'),
	(296, 18, 'Westouter-Boeschepe 2', 19.34, '00:12:51', '2015-08-10 10:35:27', '2015-08-27 12:24:58'),
	(297, 18, 'Kemmelberg 2', 13.64, '00:08:42', '2015-08-10 10:35:27', '2015-08-27 12:24:58'),
	(298, 18, 'Hollebeke 2', 23.15, '00:15:30', '2015-08-10 10:35:27', '2015-08-27 12:21:26'),
	(418, 26, 'Tartu City', 1.31, '00:00:48', '2015-08-10 10:51:22', '2015-08-27 12:21:26'),
	(419, 26, 'Arula', 8.33, '00:05:40', '2015-08-10 10:51:22', '2015-08-27 12:21:26'),
	(420, 26, 'Urvaste', 14.14, '00:09:36', '2015-08-10 10:51:22', '2015-08-27 12:21:26'),
	(421, 26, 'Raiga', 9.84, '00:05:56', '2015-08-10 10:51:22', '2015-08-27 12:21:26'),
	(422, 26, 'Ristimae', 34.69, '00:20:54', '2015-08-10 10:51:22', '2015-08-27 12:21:26'),
	(423, 26, 'Ristimae 2', 34.69, '00:20:54', '2015-08-10 10:51:22', '2015-08-27 12:24:58'),
	(424, 26, 'Raiga 2', 9.84, '00:05:56', '2015-08-10 10:51:22', '2015-08-27 12:24:58'),
	(425, 26, 'Elva', 1.94, '00:01:13', '2015-08-10 10:51:23', '2015-08-27 12:21:27'),
	(426, 26, 'Vissi', 13.41, '00:08:17', '2015-08-10 10:51:23', '2015-08-27 12:21:27'),
	(427, 26, 'Sulaoja', 7.19, '00:04:11', '2015-08-10 10:51:23', '2015-08-27 12:21:27'),
	(428, 26, 'Alakula', 11.72, '00:06:46', '2015-08-10 10:51:23', '2015-08-27 12:21:27'),
	(429, 26, 'Vissi 2', 13.41, '00:08:17', '2015-08-10 10:51:23', '2015-08-27 12:24:58'),
	(430, 26, 'Sulaoja 2', 7.19, '00:04:11', '2015-08-10 10:51:23', '2015-08-27 12:24:58'),
	(431, 26, 'Alakula 2', 11.72, '00:06:46', '2015-08-10 10:51:23', '2015-08-27 12:24:58'),
	(432, 26, 'Arula 2', 8.33, '00:05:40', '2015-08-10 10:51:23', '2015-08-27 12:24:58'),
	(433, 26, 'Urwaste 2', 14.60, '00:09:11', '2015-08-10 10:51:23', '2015-08-27 12:21:27'),
	(435, 27, 'Super Stage Zlin', 9.42, '00:06:29', '2015-08-10 10:54:48', '2015-08-27 12:21:27'),
	(436, 27, 'Slusovice', 16.88, '00:10:54', '2015-08-10 10:54:48', '2015-08-27 12:21:27'),
	(437, 27, 'Pindula', 18.70, '00:10:54', '2015-08-10 10:54:48', '2015-08-27 12:21:27'),
	(438, 27, 'Majak', 13.56, '00:08:04', '2015-08-10 10:54:49', '2015-08-27 12:21:27'),
	(439, 27, 'Kudlovice', 17.43, '00:10:42', '2015-08-10 10:54:49', '2015-08-27 12:21:27'),
	(440, 27, 'Slusovice 2', 16.88, '00:10:54', '2015-08-10 10:54:49', '2015-08-27 12:24:58'),
	(441, 27, 'Pindula 2', 18.70, '00:10:54', '2015-08-10 10:54:49', '2015-08-27 12:24:58'),
	(442, 27, 'Majak 2', 13.56, '00:08:04', '2015-08-10 10:54:49', '2015-08-27 12:24:58'),
	(443, 27, 'Kudlovice 2', 17.43, '00:10:42', '2015-08-10 10:54:49', '2015-08-27 12:24:58'),
	(444, 27, 'Semetin', 11.38, '00:07:15', '2015-08-10 10:54:49', '2015-08-27 12:21:27'),
	(445, 27, 'Trojak', 23.76, '00:13:45', '2015-08-10 10:54:49', '2015-08-27 12:21:27'),
	(446, 27, 'Zlutava', 8.12, '00:05:30', '2015-08-10 10:54:49', '2015-08-27 12:21:27'),
	(447, 27, 'Semestin 2', 11.89, '00:07:32', '2015-08-10 10:54:49', '2015-08-27 12:21:27'),
	(448, 27, 'Trojak 2', 23.76, '00:13:45', '2015-08-10 10:54:49', '2015-08-27 12:24:58'),
	(449, 27, 'Zlutava 2', 8.12, '00:05:30', '2015-08-10 10:54:49', '2015-08-27 12:24:58'),
	(452, 28, 'Asfalistiki', 5.13, '00:03:02', '2015-08-10 10:57:37', '2015-08-27 12:21:27'),
	(453, 28, 'Kotsiatis', 15.16, '00:10:11', '2015-08-10 10:57:37', '2015-08-27 12:21:27'),
	(454, 28, 'Lythrodontas', 21.28, '00:13:38', '2015-08-10 10:57:37', '2015-08-27 12:21:27'),
	(455, 28, 'Lefkara', 17.67, '00:10:44', '2015-08-10 10:57:37', '2015-08-27 12:21:27'),
	(456, 28, 'Klavdia', 11.69, '00:07:48', '2015-08-10 10:57:37', '2015-08-27 12:21:27'),
	(457, 28, 'Tseri', 14.25, '00:09:26', '2015-08-10 10:57:37', '2015-08-27 12:21:27'),
	(458, 28, 'Asinou', 11.46, '00:07:44', '2015-08-10 10:57:37', '2015-08-27 12:21:27'),
	(459, 28, 'Xerarkaka', 21.61, '00:14:51', '2015-08-10 10:57:37', '2015-08-27 12:21:27'),
	(460, 28, 'Tseri 2', 14.25, '00:09:26', '2015-08-10 10:57:37', '2015-08-27 12:24:59'),
	(461, 28, 'Asinou 2', 11.46, '00:07:44', '2015-08-10 10:57:37', '2015-08-27 12:24:59'),
	(462, 28, 'Xerarkaka 2', 21.61, '00:14:51', '2015-08-10 10:57:37', '2015-08-27 12:24:59'),
	(463, 28, 'Kotsiatis 2', 15.16, '00:10:11', '2015-08-10 10:57:38', '2015-08-27 12:24:58'),
	(464, 28, 'Lythrodontas 2', 21.28, '00:13:38', '2015-08-10 10:57:38', '2015-08-27 12:24:58'),
	(465, 28, 'Lefkara 2', 17.67, '00:10:44', '2015-08-10 10:57:38', '2015-08-27 12:24:59'),
	(466, 28, 'Klavdia 2', 11.69, '00:07:48', '2015-08-10 10:57:38', '2015-08-27 12:24:59'),
	(469, 29, 'Aghios Ioannis', 21.66, '00:13:46', '2015-08-10 11:00:38', '2015-08-27 12:21:27'),
	(470, 29, 'Aghionori', 23.52, '00:13:36', '2015-08-10 11:00:38', '2015-08-27 12:21:27'),
	(471, 29, 'Psari', 17.44, '00:09:57', '2015-08-10 11:00:38', '2015-08-27 12:21:27'),
	(472, 29, 'Aghios Ioannis 2', 21.66, '00:13:46', '2015-08-10 11:00:38', '2015-08-27 12:24:59'),
	(473, 29, 'Aghionori 2', 23.52, '00:13:36', '2015-08-10 11:00:38', '2015-08-27 12:24:59'),
	(474, 29, 'Psari 2', 17.44, '00:09:57', '2015-08-10 11:00:38', '2015-08-27 12:24:59'),
	(475, 29, 'Klenia', 18.16, '00:11:19', '2015-08-10 11:00:39', '2015-08-27 12:21:27'),
	(476, 29, 'Nea Kineta', 22.39, '00:14:25', '2015-08-10 11:00:39', '2015-08-27 12:21:27'),
	(477, 29, 'Loutraki', 16.45, '00:09:36', '2015-08-10 11:00:39', '2015-08-27 12:21:27'),
	(478, 29, 'Klenia 2', 18.16, '00:11:19', '2015-08-10 11:00:39', '2015-08-27 12:24:59'),
	(479, 29, 'Nea Kineta 2', 22.39, '00:14:25', '2015-08-10 11:00:39', '2015-08-27 12:24:59'),
	(480, 29, 'Loutraki 2', 16.45, '00:09:36', '2015-08-10 11:00:39', '2015-08-27 12:24:59'),
	(481, 29, 'Klenia 3', 18.16, '00:11:19', '2015-08-10 11:00:39', '2015-08-27 12:24:59'),
	(482, 29, 'Nea Kineta 3', 22.39, '00:14:25', '2015-08-10 11:00:39', '2015-08-27 12:24:59'),
	(483, 29, 'Loutraki 3', 16.45, '00:09:36', '2015-08-10 11:00:39', '2015-08-27 12:24:59'),
	(486, 30, 'Leukerbad', 8.76, '00:05:16', '2015-08-10 11:04:16', '2015-08-27 12:21:27'),
	(487, 30, 'Crans - Montana', 11.66, '00:07:21', '2015-08-10 11:04:17', '2015-08-27 12:21:27'),
	(488, 30, 'Anzere', 12.89, '00:07:33', '2015-08-10 11:04:17', '2015-08-27 12:21:27'),
	(489, 30, 'Sierre - Anniviers', 14.36, '00:08:44', '2015-08-10 11:04:17', '2015-08-27 12:21:27'),
	(490, 30, 'Veysonnaz', 13.11, '00:07:42', '2015-08-10 11:04:17', '2015-08-27 12:21:27'),
	(491, 30, 'Nendaz', 12.63, '00:07:12', '2015-08-10 11:04:17', '2015-08-27 12:21:27'),
	(492, 30, 'Caserne', 6.43, '00:04:07', '2015-08-10 11:04:17', '2015-08-27 12:21:27'),
	(493, 30, 'Sierre - Anniviers 2', 14.36, '00:08:44', '2015-08-10 11:04:17', '2015-08-27 12:24:59'),
	(494, 30, 'Veysonnaz 2', 13.11, '00:07:42', '2015-08-10 11:04:17', '2015-08-27 12:24:59'),
	(495, 30, 'Nendaz 2', 12.63, '00:07:12', '2015-08-10 11:04:17', '2015-08-27 12:24:59'),
	(496, 30, 'Caserne 2', 6.43, '00:04:07', '2015-08-10 11:04:17', '2015-08-27 12:24:59'),
	(497, 30, 'Champex - Lac', 16.63, '00:09:26', '2015-08-10 11:04:17', '2015-08-27 12:21:27'),
	(498, 30, 'Bruson', 10.35, '00:06:35', '2015-08-10 11:04:17', '2015-08-27 12:21:27'),
	(499, 30, 'Verbier', 15.92, '00:10:14', '2015-08-10 11:04:17', '2015-08-27 12:21:27'),
	(500, 30, 'Les Cols', 32.86, '00:21:21', '2015-08-10 11:04:17', '2015-08-27 12:21:27'),
	(501, 30, 'Champex - Lac 2', 16.63, '00:09:26', '2015-08-10 11:04:18', '2015-08-27 12:24:59'),
	(502, 30, 'Bruson 2', 10.35, '00:06:35', '2015-08-10 11:04:18', '2015-08-27 12:24:59'),
	(503, 31, 'Jodlowka', 18.52, '00:10:49', '2015-08-10 11:11:05', '2015-08-27 12:21:27'),
	(504, 31, 'Hucisko', 12.33, '00:07:37', '2015-08-10 11:11:05', '2015-08-27 12:21:27'),
	(505, 31, 'Jodlowka 2', 18.52, '00:10:49', '2015-08-10 11:11:05', '2015-08-27 12:24:59'),
	(506, 31, 'Hucisko 2', 12.33, '00:07:37', '2015-08-10 11:11:05', '2015-08-27 12:24:59'),
	(507, 31, 'Przemysl', 9.62, '00:05:54', '2015-08-10 11:11:05', '2015-08-27 12:21:27'),
	(508, 31, 'Przemysl 2', 9.62, '00:05:54', '2015-08-10 11:11:05', '2015-08-27 12:24:59'),
	(509, 31, 'Leszczawka', 9.23, '00:05:35', '2015-08-10 11:11:05', '2015-08-27 12:21:27'),
	(510, 31, 'Huta Brzuska', 8.82, '00:05:53', '2015-08-10 11:11:05', '2015-08-27 12:21:27'),
	(511, 31, 'Bircza', 15.63, '00:10:29', '2015-08-10 11:11:05', '2015-08-27 12:21:27'),
	(512, 31, 'Leszczawka 2', 9.23, '00:05:35', '2015-08-10 11:11:06', '2015-08-27 12:25:00'),
	(513, 31, 'Huta Brzuska 2', 8.82, '00:05:53', '2015-08-10 11:11:06', '2015-08-27 12:25:00'),
	(514, 31, 'Bircza 2', 15.63, '00:10:29', '2015-08-10 11:11:06', '2015-08-27 12:25:00'),
	(515, 31, 'Leszczawka 3', 9.23, '00:05:35', '2015-08-10 11:11:06', '2015-08-27 12:25:00'),
	(516, 31, 'Huta Brzuska 3', 8.82, '00:05:53', '2015-08-10 11:11:06', '2015-08-27 12:25:00'),
	(517, 31, 'Bircza 3', 15.63, '00:10:29', '2015-08-10 11:11:06', '2015-08-27 12:25:00'),
	(520, 32, 'Klodzko', 2.94, '00:01:39', '2015-08-10 11:14:37', '2015-08-27 12:21:27'),
	(521, 32, 'Klodzko 2', 2.94, '00:01:39', '2015-08-10 11:14:38', '2015-08-27 12:25:00'),
	(522, 32, 'Domaszkow', 23.65, '00:16:17', '2015-08-10 11:14:38', '2015-08-27 12:21:27'),
	(523, 32, 'Wilkanow', 17.89, '00:11:18', '2015-08-10 11:14:38', '2015-08-27 12:21:27'),
	(524, 32, 'Domaszkow 2', 23.65, '00:16:17', '2015-08-10 11:14:38', '2015-08-27 12:25:00'),
	(525, 32, 'Wilkanow 2', 17.89, '00:11:18', '2015-08-10 11:14:38', '2015-08-27 12:25:00'),
	(526, 32, 'Staropolanka', 14.96, '00:08:29', '2015-08-10 11:14:38', '2015-08-27 12:21:27'),
	(527, 32, 'BGK', 14.38, '00:09:32', '2015-08-10 11:14:38', '2015-08-27 12:21:27'),
	(528, 32, 'Radkowska Perla', 9.43, '00:06:24', '2015-08-10 11:14:38', '2015-08-27 12:21:27'),
	(529, 32, 'Staropolanka 2', 14.96, '00:08:29', '2015-08-10 11:14:38', '2015-08-27 12:25:00'),
	(530, 32, 'BGK 2', 14.38, '00:09:32', '2015-08-10 11:14:38', '2015-08-27 12:25:00'),
	(531, 32, 'Radkowska Perla 2', 9.43, '00:06:24', '2015-08-10 11:14:38', '2015-08-27 12:25:00'),
	(532, 32, 'Staropolanka 3', 14.96, '00:08:29', '2015-08-10 11:14:38', '2015-08-27 12:25:00'),
	(533, 32, 'BGK 3', 14.38, '00:09:32', '2015-08-10 11:14:38', '2015-08-27 12:25:00'),
	(534, 32, 'Radkowska Perla 3', 9.43, '00:06:24', '2015-08-10 11:14:38', '2015-08-27 12:25:00'),
	(537, 33, 'Zabobrze', 2.38, '00:01:30', '2015-08-10 11:21:17', '2015-08-27 12:21:27'),
	(538, 33, 'Zabobrze 2', 2.38, '00:01:30', '2015-08-10 11:21:17', '2015-08-27 12:25:00'),
	(539, 33, 'Karpniki', 14.72, '00:08:29', '2015-08-10 11:21:17', '2015-08-27 12:21:27'),
	(540, 33, 'Gajowka', 12.93, '00:08:11', '2015-08-10 11:21:17', '2015-08-27 12:21:27'),
	(541, 33, 'Lubomierz', 12.60, '00:07:14', '2015-08-10 11:21:17', '2015-08-27 12:21:27'),
	(542, 33, 'Karpniki 2', 14.72, '00:08:29', '2015-08-10 11:21:17', '2015-08-27 12:25:00'),
	(543, 33, 'Gajowka 2', 12.93, '00:08:11', '2015-08-10 11:21:17', '2015-08-27 12:25:00'),
	(544, 33, 'Lubomierz 2', 12.60, '00:07:14', '2015-08-10 11:21:17', '2015-08-27 12:25:00'),
	(545, 33, 'Karpacz', 19.63, '00:12:44', '2015-08-10 11:21:17', '2015-08-27 12:21:27'),
	(546, 33, 'Czernica', 27.24, '00:16:25', '2015-08-10 11:21:18', '2015-08-27 12:21:27'),
	(547, 33, 'Karpacz 2', 19.63, '00:12:44', '2015-08-10 11:21:18', '2015-08-27 12:25:00'),
	(548, 33, 'Czernica 2', 27.24, '00:16:25', '2015-08-10 11:21:18', '2015-08-27 12:25:00'),
	(549, 33, 'Karpacz 3', 19.63, '00:12:44', '2015-08-10 11:21:18', '2015-08-27 12:25:00'),
	(550, 33, 'Czernica 3', 27.24, '00:16:25', '2015-08-10 11:21:18', '2015-08-27 12:25:00'),
	(554, 34, 'Lebno', 14.27, '00:09:25', '2015-08-10 11:25:24', '2015-08-27 12:21:27'),
	(555, 34, 'Ketrzyno', 8.89, '00:05:00', '2015-08-10 11:25:24', '2015-08-27 12:21:27'),
	(556, 34, 'Linia', 14.89, '00:08:54', '2015-08-10 11:25:24', '2015-08-27 12:21:27'),
	(557, 34, 'Lebno 2', 14.27, '00:09:25', '2015-08-10 11:25:24', '2015-08-27 12:25:00'),
	(558, 34, 'Ketrzyno 2', 8.89, '00:05:00', '2015-08-10 11:25:24', '2015-08-27 12:25:00'),
	(559, 34, 'Linia 2', 14.89, '00:08:54', '2015-08-10 11:25:24', '2015-08-27 12:25:00'),
	(560, 34, 'Lebno 3', 14.27, '00:09:25', '2015-08-10 11:25:24', '2015-08-27 12:25:00'),
	(561, 34, 'Ketrzyno 3', 8.89, '00:05:00', '2015-08-10 11:25:25', '2015-08-27 12:25:00'),
	(562, 34, 'Linia 3', 14.89, '00:08:54', '2015-08-10 11:25:25', '2015-08-27 12:25:00'),
	(563, 34, 'Przodkowo', 11.47, '00:06:35', '2015-08-10 11:25:25', '2015-08-27 12:21:27'),
	(564, 34, 'Kartuzy', 12.96, '00:07:34', '2015-08-10 11:25:25', '2015-08-27 12:21:27'),
	(565, 34, 'Szemud', 13.25, '00:08:10', '2015-08-10 11:25:25', '2015-08-27 12:21:27'),
	(566, 34, 'Przodkowo 2', 11.47, '00:06:35', '2015-08-10 11:25:25', '2015-08-27 12:25:00'),
	(567, 34, 'Kartuzy 2', 12.96, '00:07:34', '2015-08-10 11:25:25', '2015-08-27 12:25:00'),
	(568, 34, 'Szemud 2', 13.25, '00:08:10', '2015-08-10 11:25:25', '2015-08-27 12:25:00'),
	(571, 35, 'Blizianka', 11.97, '00:07:09', '2015-08-10 11:27:51', '2015-08-27 12:21:27'),
	(572, 35, 'Lubenia', 25.67, '00:17:35', '2015-08-10 11:27:51', '2015-08-27 12:21:27'),
	(573, 35, 'Blizianka 2', 11.97, '00:07:09', '2015-08-10 11:27:51', '2015-08-27 12:25:01'),
	(574, 35, 'Lubenia 2', 25.67, '00:17:35', '2015-08-10 11:27:51', '2015-08-27 12:25:01'),
	(575, 35, 'Nowy Swiat', 4.44, '00:02:29', '2015-08-10 11:27:51', '2015-08-27 12:21:27'),
	(576, 35, 'Blizianka 3', 11.97, '00:07:09', '2015-08-10 11:27:51', '2015-08-27 12:25:01'),
	(577, 35, 'Lubenia 3', 25.67, '00:17:35', '2015-08-10 11:27:51', '2015-08-27 12:25:01'),
	(578, 35, 'Husow', 12.74, '00:08:26', '2015-08-10 11:27:51', '2015-08-27 12:21:27'),
	(579, 35, 'Widaczow', 10.65, '00:06:52', '2015-08-10 11:27:51', '2015-08-27 12:21:27'),
	(580, 35, 'Izdebki', 15.99, '00:09:18', '2015-08-10 11:27:51', '2015-08-27 12:21:27'),
	(581, 35, 'Husow 2', 12.74, '00:08:26', '2015-08-10 11:27:52', '2015-08-27 12:25:01'),
	(582, 35, 'Widaczow 2', 10.65, '00:06:52', '2015-08-10 11:27:52', '2015-08-27 12:25:01'),
	(583, 35, 'Izdebki 2', 15.99, '00:09:18', '2015-08-10 11:27:52', '2015-08-27 12:25:01'),
	(584, 35, 'Husow 3', 12.74, '00:08:26', '2015-08-10 11:27:52', '2015-08-27 12:25:01'),
	(585, 35, 'Widaczow 3', 10.65, '00:06:52', '2015-08-10 11:27:52', '2015-08-27 12:25:01'),
	(586, 35, 'Izdebki 3', 15.99, '00:09:18', '2015-08-10 11:27:52', '2015-08-27 12:25:01'),
	(588, 36, 'Rosciszow', 8.94, '00:05:58', '2015-08-10 11:35:54', '2015-08-27 12:21:27'),
	(589, 36, 'Swierki', 8.49, '00:05:07', '2015-08-10 11:35:55', '2015-08-27 12:21:27'),
	(590, 36, 'Milkow', 12.32, '00:08:26', '2015-08-10 11:35:55', '2015-08-27 12:21:27'),
	(591, 36, 'Rosciszow 2', 8.94, '00:05:58', '2015-08-10 11:35:55', '2015-08-27 12:25:01'),
	(592, 36, 'Swierki 2', 8.49, '00:05:07', '2015-08-10 11:35:55', '2015-08-27 12:25:01'),
	(593, 36, 'Milkow 2', 12.32, '00:08:26', '2015-08-10 11:35:55', '2015-08-27 12:25:01'),
	(594, 36, 'Rosciszow 3', 8.94, '00:05:58', '2015-08-10 11:35:55', '2015-08-27 12:25:01'),
	(595, 36, 'Swierki 3', 8.49, '00:05:07', '2015-08-10 11:35:55', '2015-08-27 12:25:01'),
	(596, 36, 'Milkow 3', 12.32, '00:08:26', '2015-08-10 11:35:55', '2015-08-27 12:25:01'),
	(597, 36, 'Michalkowa', 14.73, '00:10:06', '2015-08-10 11:35:55', '2015-08-27 12:21:27'),
	(598, 36, 'Woliborz', 8.77, '00:05:22', '2015-08-10 11:35:55', '2015-08-27 12:21:27'),
	(599, 36, 'Milkow Reverse', 12.97, '00:08:24', '2015-08-10 11:35:55', '2015-08-27 12:21:27'),
	(600, 36, 'Michalkowa 2', 14.73, '00:10:06', '2015-08-10 11:35:55', '2015-08-27 12:25:01'),
	(601, 36, 'Woliborz 2', 8.77, '00:05:22', '2015-08-10 11:35:55', '2015-08-27 12:25:01'),
	(602, 36, 'Milkow Reverse 2', 12.97, '00:08:24', '2015-08-10 11:35:56', '2015-08-27 12:25:01'),
	(605, 37, 'Hunter Southern', 6.78, '00:04:35', '2015-08-10 11:58:58', '2015-08-27 12:21:27'),
	(606, 37, 'Hunter Southern 2', 6.78, '00:04:35', '2015-08-10 11:58:58', '2015-08-27 12:25:01'),
	(607, 37, 'Harold', 6.61, '00:03:46', '2015-08-10 11:58:58', '2015-08-27 12:21:27'),
	(608, 37, 'Harold 2', 6.61, '00:03:46', '2015-08-10 11:58:58', '2015-08-27 12:21:27'),
	(609, 37, 'Hunter Southern 3', 6.78, '00:04:35', '2015-08-10 11:58:58', '2015-08-27 12:25:01'),
	(610, 37, 'Harold 3', 6.61, '00:03:46', '2015-08-10 11:58:58', '2015-08-27 12:21:27'),
	(611, 37, 'Harold 4', 6.61, '00:03:46', '2015-08-10 11:58:58', '2015-08-27 12:25:01'),
	(612, 37, 'Hunter Northern', 8.89, '00:05:31', '2015-08-10 11:58:58', '2015-08-27 12:21:27'),
	(613, 37, 'Hunter Northern Reverse', 8.31, '00:05:14', '2015-08-10 11:58:58', '2015-08-27 12:21:27'),
	(614, 37, 'Hunter Southern Reverse', 6.54, '00:04:21', '2015-08-10 11:58:58', '2015-08-27 12:21:27'),
	(615, 37, 'Hunter Southern 4', 6.78, '00:04:35', '2015-08-10 11:58:58', '2015-08-27 12:25:01'),
	(616, 37, 'Hunter Northern 2', 8.89, '00:05:31', '2015-08-10 11:58:58', '2015-08-27 12:25:01'),
	(617, 37, 'Hunter Northern Reverse 2', 8.31, '00:05:14', '2015-08-10 11:58:58', '2015-08-27 12:25:01'),
	(618, 37, 'Hunter Southern Reverse 2', 6.54, '00:04:21', '2015-08-10 11:58:59', '2015-08-27 12:25:01'),
	(622, 38, 'Kabardinka', 13.46, '00:08:37', '2015-08-10 12:01:23', '2015-08-27 12:21:27'),
	(623, 38, 'Glebovskiy', 25.40, '00:15:56', '2015-08-10 12:01:23', '2015-08-27 12:21:27'),
	(624, 38, 'Markoth', 9.43, '00:06:05', '2015-08-10 12:01:23', '2015-08-27 12:21:27'),
	(625, 38, 'Golubaya Buhta', 12.13, '00:07:03', '2015-08-10 12:01:23', '2015-08-27 12:21:27'),
	(626, 38, 'Kabardinka 2', 13.46, '00:08:37', '2015-08-10 12:01:23', '2015-08-27 12:25:02'),
	(627, 38, 'Glebovskiy 2', 25.40, '00:15:56', '2015-08-10 12:01:23', '2015-08-27 12:25:02'),
	(628, 38, 'Markoth 2', 9.43, '00:06:05', '2015-08-10 12:01:23', '2015-08-27 12:25:02'),
	(629, 38, 'Golubaya Buhta 2', 12.13, '00:07:03', '2015-08-10 12:01:23', '2015-08-27 12:25:02'),
	(630, 38, 'Gorniy', 9.11, '00:05:30', '2015-08-10 12:01:23', '2015-08-27 12:21:27'),
	(631, 38, 'Semigorskiy', 13.13, '00:08:21', '2015-08-10 12:01:23', '2015-08-27 12:21:27'),
	(632, 38, 'Natukhaevskiy', 12.90, '00:08:20', '2015-08-10 12:01:23', '2015-08-27 12:21:27'),
	(633, 38, 'Fort Raevskogo', 10.10, '00:06:37', '2015-08-10 12:01:23', '2015-08-27 12:21:27'),
	(634, 38, 'Gorniy 2', 9.11, '00:05:30', '2015-08-10 12:01:23', '2015-08-27 12:25:02'),
	(635, 38, 'Semigorskiy 2', 13.13, '00:08:21', '2015-08-10 12:01:24', '2015-08-27 12:25:02'),
	(636, 38, 'Natukhaevskiy 2', 12.90, '00:08:20', '2015-08-10 12:01:24', '2015-08-27 12:25:02'),
	(637, 38, 'Fort Raevskogo 2', 10.10, '00:06:37', '2015-08-10 12:01:24', '2015-08-27 12:25:02'),
	(639, 39, 'Lillsjohogen', 33.85, '00:20:05', '2015-08-10 12:04:32', '2015-08-27 12:21:27'),
	(640, 39, 'Campus', 2.75, '00:01:36', '2015-08-10 12:04:32', '2015-08-27 12:21:27'),
	(641, 39, 'Lillsjohogen 2', 33.85, '00:20:05', '2015-08-10 12:04:32', '2015-08-27 12:25:02'),
	(642, 39, 'Campus 2', 2.75, '00:01:36', '2015-08-10 12:04:32', '2015-08-27 12:25:02'),
	(643, 39, 'Vaster-Kalen', 7.88, '00:04:37', '2015-08-10 12:04:33', '2015-08-27 12:21:27'),
	(644, 39, 'Glosa', 5.37, '00:03:12', '2015-08-10 12:04:33', '2015-08-27 12:21:27'),
	(645, 39, 'Gallsaberget', 29.22, '00:18:56', '2015-08-10 12:04:33', '2015-08-27 12:21:27'),
	(646, 39, 'Bolesbodarna', 12.13, '00:07:38', '2015-08-10 12:04:33', '2015-08-27 12:21:27'),
	(647, 39, 'Sjoarsjon', 12.65, '00:07:15', '2015-08-10 12:04:33', '2015-08-27 12:21:27'),
	(648, 39, 'Husas', 21.25, '00:12:46', '2015-08-10 12:04:33', '2015-08-27 12:21:27'),
	(649, 39, 'Vaster-Kalen 2', 7.88, '00:04:37', '2015-08-10 12:04:33', '2015-08-27 12:25:02'),
	(650, 39, 'Glosa 2', 5.37, '00:03:12', '2015-08-10 12:04:33', '2015-08-27 12:25:02'),
	(651, 39, 'Gallsaberget 2', 29.22, '00:18:56', '2015-08-10 12:04:34', '2015-08-27 12:25:02'),
	(652, 39, 'Bolesbodarna 2', 12.13, '00:07:38', '2015-08-10 12:04:34', '2015-08-27 12:25:02'),
	(653, 39, 'Sjoarsjon', 12.26, '00:07:07', '2015-08-10 12:04:34', '2015-08-27 12:21:27'),
	(654, 39, 'Husas', 21.54, '00:12:37', '2015-08-10 12:04:34', '2015-08-27 12:21:27'),
	(656, 40, 'Fjeldsdalen Vest', 3.19, '00:02:00', '2015-08-10 12:14:12', '2015-08-27 12:21:27'),
	(657, 40, 'Naddum', 6.18, '00:03:53', '2015-08-10 12:14:12', '2015-08-27 12:21:27'),
	(658, 40, 'Hellesjovannet', 4.42, '00:02:38', '2015-08-10 12:14:12', '2015-08-27 12:21:27'),
	(659, 40, 'Fjeldsdalen Vest 2', 3.19, '00:02:00', '2015-08-10 12:14:13', '2015-08-27 12:25:02'),
	(660, 40, 'Naddum 2', 6.18, '00:03:53', '2015-08-10 12:14:13', '2015-08-27 12:25:02'),
	(661, 40, 'Hellesjovannet 2', 4.42, '00:02:38', '2015-08-10 12:14:13', '2015-08-27 12:25:02'),
	(662, 40, 'Bjorkelangen Torg', 0.33, '00:00:11', '2015-08-10 12:14:13', '2015-08-27 12:21:27'),
	(663, 40, 'Oisjoen Nord', 13.54, '00:08:33', '2015-08-10 12:14:13', '2015-08-27 12:21:27'),
	(664, 40, 'Romsjoen Nord', 13.14, '00:08:19', '2015-08-10 12:14:13', '2015-08-27 12:21:27'),
	(665, 40, 'Kjolen Syd', 13.33, '00:08:49', '2015-08-10 12:14:13', '2015-08-27 12:21:27'),
	(666, 40, 'Bjorkelangen Torg 2', 0.33, '00:00:11', '2015-08-10 12:14:13', '2015-08-27 12:25:02'),
	(667, 40, 'Romsjoen Nord 2', 13.14, '00:08:19', '2015-08-10 12:14:13', '2015-08-27 12:25:02'),
	(668, 40, 'Kjolen Syd 2', 13.33, '00:08:49', '2015-08-10 12:14:13', '2015-08-27 12:25:02'),
	(669, 40, 'Oisjoen Nord 2', 13.54, '00:08:33', '2015-08-10 12:14:13', '2015-08-27 12:25:02'),
	(673, 41, 'Arstadveien', 3.20, '00:01:54', '2015-08-10 12:16:40', '2015-08-27 12:21:27'),
	(674, 41, 'Stavasen', 17.82, '00:10:45', '2015-08-10 12:16:40', '2015-08-27 12:21:27'),
	(675, 41, 'Arstadveien 2', 3.20, '00:01:54', '2015-08-10 12:16:40', '2015-08-27 12:25:02'),
	(676, 41, 'Stavasen 2', 17.82, '00:10:45', '2015-08-10 12:16:40', '2015-08-27 12:21:27'),
	(677, 41, 'Starmoen', 3.77, '00:02:16', '2015-08-10 12:16:40', '2015-08-27 12:21:27'),
	(678, 41, 'Rolsasen', 28.60, '00:16:35', '2015-08-10 12:16:40', '2015-08-27 12:21:27'),
	(679, 41, 'Agasen', 19.58, '00:13:23', '2015-08-10 12:16:40', '2015-08-27 12:21:27'),
	(680, 41, 'Starmoen 2', 3.77, '00:02:16', '2015-08-10 12:16:40', '2015-08-27 12:25:02'),
	(681, 41, 'Rolsasen 2', 28.60, '00:16:35', '2015-08-10 12:16:40', '2015-08-27 12:25:03'),
	(682, 41, 'Agasen 2', 19.58, '00:13:23', '2015-08-10 12:16:40', '2015-08-27 12:25:03'),
	(683, 41, 'Terningen', 2.40, '00:01:35', '2015-08-10 12:16:40', '2015-08-27 12:21:27'),
	(684, 41, 'Terningen 2', 2.40, '00:01:35', '2015-08-10 12:16:41', '2015-08-27 12:25:03'),
	(685, 41, 'Starmoen Reverse', 3.47, '00:02:07', '2015-08-10 12:16:41', '2015-08-27 12:21:27'),
	(686, 41, 'Rolsasen Reverse', 28.87, '00:16:54', '2015-08-10 12:16:41', '2015-08-27 12:21:27'),
	(687, 41, 'Agasen Reverse', 19.48, '00:11:03', '2015-08-10 12:16:41', '2015-08-27 12:21:27'),
	(690, 42, 'Lovbrotte', 5.36, '00:03:11', '2015-08-10 12:19:14', '2015-08-27 12:21:27'),
	(691, 42, 'Astjern', 6.22, '00:03:43', '2015-08-10 12:19:14', '2015-08-27 12:21:27'),
	(692, 42, 'Helgedalen', 6.41, '00:04:21', '2015-08-10 12:19:14', '2015-08-27 12:21:27'),
	(693, 42, 'Lovbrotte Reverse', 5.24, '00:02:59', '2015-08-10 12:19:14', '2015-08-27 12:21:27'),
	(694, 42, 'Astjern Reverse', 6.75, '00:04:32', '2015-08-10 12:19:14', '2015-08-27 12:21:27'),
	(695, 42, 'Helgedalen Reverse', 6.76, '00:03:47', '2015-08-10 12:19:14', '2015-08-27 12:21:27'),
	(696, 42, 'Super Special Stage', 1.86, '00:01:13', '2015-08-10 12:19:15', '2015-08-27 12:21:27'),
	(697, 42, 'Super Special Stage 2', 1.86, '00:01:13', '2015-08-10 12:19:15', '2015-08-27 12:25:03'),
	(698, 42, 'Lovbrotte 2', 5.36, '00:03:11', '2015-08-10 12:19:15', '2015-08-27 12:25:03'),
	(699, 42, 'Astjern 2', 6.22, '00:03:43', '2015-08-10 12:19:15', '2015-08-27 12:25:03'),
	(700, 42, 'Helgedalen 2', 6.41, '00:04:21', '2015-08-10 12:19:15', '2015-08-27 12:25:03'),
	(701, 42, 'Lovbrotte Reverse 2', 5.24, '00:02:59', '2015-08-10 12:19:15', '2015-08-27 12:25:03'),
	(702, 42, 'Astjern Reverse 2', 6.75, '00:04:32', '2015-08-10 12:19:15', '2015-08-27 12:25:03'),
	(703, 42, 'Helgedalen Reverse 2', 6.76, '00:03:47', '2015-08-10 12:19:15', '2015-08-27 12:25:03'),
	(707, 43, 'Ringsaker', 8.33, '00:04:54', '2015-08-10 12:45:01', '2015-08-27 12:21:27'),
	(708, 43, 'Mauset', 5.28, '00:03:05', '2015-08-10 12:45:01', '2015-08-27 12:21:27'),
	(709, 43, 'Vangsasen', 7.10, '00:04:42', '2015-08-10 12:45:01', '2015-08-27 12:21:27'),
	(710, 43, 'Vennkvern', 1.32, '00:00:46', '2015-08-10 12:45:01', '2015-08-27 12:21:27'),
	(711, 43, 'Stange', 4.19, '00:02:38', '2015-08-10 12:45:01', '2015-08-27 12:21:27'),
	(712, 43, 'Ekeberg', 10.96, '00:06:38', '2015-08-10 12:45:02', '2015-08-27 12:21:27'),
	(713, 43, 'Brenna', 14.99, '00:09:12', '2015-08-10 12:45:02', '2015-08-27 12:21:27'),
	(714, 43, 'Vennkvern 2', 1.32, '00:00:46', '2015-08-10 12:45:02', '2015-08-27 12:25:03'),
	(715, 43, 'Ringsaker 2', 8.33, '00:04:54', '2015-08-10 12:45:02', '2015-08-27 12:25:03'),
	(716, 43, 'Mauset 2', 5.28, '00:03:05', '2015-08-10 12:45:02', '2015-08-27 12:25:03'),
	(717, 43, 'Vangsasen 2', 7.10, '00:04:42', '2015-08-10 12:45:02', '2015-08-27 12:25:03'),
	(718, 43, 'Stange 2', 4.19, '00:02:38', '2015-08-10 12:45:02', '2015-08-27 12:25:03'),
	(719, 43, 'Ekeberg 2', 10.96, '00:06:38', '2015-08-10 12:45:02', '2015-08-27 12:25:03'),
	(720, 43, 'Brenna 2', 14.99, '00:09:12', '2015-08-10 12:45:02', '2015-08-27 12:25:03'),
	(724, 44, 'Gjesthusvegen', 3.43, '00:02:08', '2015-08-10 12:56:06', '2015-08-27 12:21:27'),
	(725, 44, 'Gronli', 11.16, '00:07:06', '2015-08-10 12:56:06', '2015-08-27 12:21:27'),
	(726, 44, 'Lauvset', 16.42, '00:09:39', '2015-08-10 12:56:06', '2015-08-27 12:21:27'),
	(727, 44, 'Ridalen', 26.38, '00:17:18', '2015-08-10 12:56:06', '2015-08-27 12:21:27'),
	(728, 44, 'Oset', 16.27, '00:10:13', '2015-08-10 12:56:06', '2015-08-27 12:21:27'),
	(729, 44, 'Gronli Reverse', 11.51, '00:06:32', '2015-08-10 12:56:06', '2015-08-27 12:21:27'),
	(730, 44, 'Gjesthusvegen 2', 3.43, '00:02:08', '2015-08-10 12:56:06', '2015-08-27 12:25:03'),
	(731, 44, 'Gronli 2', 11.16, '00:07:06', '2015-08-10 12:56:06', '2015-08-27 12:25:03'),
	(732, 44, 'Fjellstue', 9.30, '00:06:00', '2015-08-10 12:56:06', '2015-08-27 12:21:27'),
	(733, 44, 'Oset 2', 16.27, '00:10:13', '2015-08-10 12:56:07', '2015-08-27 12:25:04'),
	(734, 44, 'Fjellstue 2', 9.30, '00:06:00', '2015-08-10 12:56:07', '2015-08-27 12:25:04'),
	(735, 44, 'Fjellstue Reverse', 9.22, '00:05:11', '2015-08-10 12:56:07', '2015-08-27 12:21:27'),
	(736, 44, 'Gronli Reverse 2', 11.51, '00:06:32', '2015-08-10 12:56:07', '2015-08-27 12:25:04'),
	(737, 44, 'Lauvset 2', 16.42, '00:09:39', '2015-08-10 12:56:07', '2015-08-27 12:25:03'),
	(741, 45, 'Oslo', 1.57, '00:01:00', '2015-08-10 13:00:49', '2015-08-27 12:21:27'),
	(742, 45, 'Opaker', 14.32, '00:08:49', '2015-08-10 13:00:49', '2015-08-27 12:21:27'),
	(743, 45, 'Kirkenaer', 8.40, '00:05:31', '2015-08-10 13:00:49', '2015-08-27 12:21:27'),
	(744, 45, 'Finnskogen', 20.35, '00:13:37', '2015-08-10 13:00:49', '2015-08-27 12:21:27'),
	(745, 45, 'Kongsvinger', 13.27, '00:07:35', '2015-08-10 13:00:49', '2015-08-27 12:21:27'),
	(746, 45, 'Opaker 2', 14.32, '00:08:49', '2015-08-10 13:00:49', '2015-08-27 12:25:04'),
	(747, 45, 'Finnskogen 2', 20.35, '00:13:37', '2015-08-10 13:00:49', '2015-08-27 12:25:04'),
	(748, 45, 'Kongsvinger 2', 13.27, '00:07:35', '2015-08-10 13:00:49', '2015-08-27 12:25:04'),
	(749, 45, 'Kirkenaer 2', 8.40, '00:05:31', '2015-08-10 13:00:49', '2015-08-27 12:25:04'),
	(750, 45, 'Mountain', 24.18, '00:15:37', '2015-08-10 13:00:49', '2015-08-27 12:21:27'),
	(751, 45, 'Lillehammer', 6.49, '00:03:41', '2015-08-10 13:00:50', '2015-08-27 12:21:27'),
	(752, 45, 'Ringsaker', 27.31, '00:17:50', '2015-08-10 13:00:50', '2015-08-27 12:21:27'),
	(753, 45, 'Hamar', 1.10, '00:00:41', '2015-08-10 13:00:50', '2015-08-27 12:21:27'),
	(754, 45, 'Mountain 2', 24.18, '00:15:37', '2015-08-10 13:00:50', '2015-08-27 12:25:04'),
	(755, 45, 'Lillehammer 2', 6.49, '00:03:41', '2015-08-10 13:00:50', '2015-08-27 12:25:04'),
	(756, 45, 'Ringsaker 2 ', 27.31, '00:17:50', '2015-08-10 13:00:50', '2015-08-27 12:25:04'),
	(757, 45, 'Hamar 2', 1.10, '00:00:41', '2015-08-10 13:00:50', '2015-08-27 12:25:04'),
	(758, 46, 'Dokkeberg', 6.91, '00:04:13', '2015-08-10 13:05:04', '2015-08-27 12:21:27'),
	(759, 46, 'Smadol', 23.35, '00:14:05', '2015-08-10 13:05:04', '2015-08-27 12:21:27'),
	(760, 46, 'Lesteberg', 9.18, '00:05:27', '2015-08-10 13:05:04', '2015-08-27 12:21:27'),
	(761, 46, 'Dokkeberg Reverse', 6.76, '00:03:52', '2015-08-10 13:05:04', '2015-08-27 12:21:27'),
	(762, 46, 'Bjerkeflata Nord', 9.63, '00:06:24', '2015-08-10 13:05:04', '2015-08-27 12:21:27'),
	(763, 46, 'Smadol Reverse', 23.96, '00:14:43', '2015-08-10 13:05:04', '2015-08-27 12:21:27'),
	(764, 46, 'Lesteberg Reverse', 9.24, '00:05:45', '2015-08-10 13:05:05', '2015-08-27 12:21:27'),
	(765, 46, 'Bjerkeflata Nord Reverse', 9.72, '00:06:19', '2015-08-10 13:05:05', '2015-08-27 12:21:27'),
	(766, 46, 'Dokkeberg 2', 6.91, '00:04:13', '2015-08-10 13:05:05', '2015-08-27 12:25:04'),
	(767, 46, 'Smadol 2', 23.35, '00:14:05', '2015-08-10 13:05:05', '2015-08-27 12:25:04'),
	(768, 46, 'Lesteberg 2', 9.18, '00:05:27', '2015-08-10 13:05:05', '2015-08-27 12:25:04'),
	(769, 46, 'Bjerkeflata Nord 2', 9.63, '00:06:24', '2015-08-10 13:05:05', '2015-08-27 12:25:04'),
	(770, 46, 'Dokkeberg 3', 6.91, '00:04:13', '2015-08-10 13:05:05', '2015-08-27 12:25:04'),
	(771, 46, 'Smadol 3', 23.35, '00:14:05', '2015-08-10 13:05:05', '2015-08-27 12:25:04'),
	(772, 46, 'Lesteberg 3', 9.18, '00:05:27', '2015-08-10 13:05:05', '2015-08-27 12:25:04'),
	(775, 47, 'Korsboen', 13.86, '00:09:09', '2015-08-10 13:16:42', '2015-08-27 12:21:27'),
	(776, 47, 'Malmveien', 6.46, '00:04:11', '2015-08-10 13:16:42', '2015-08-27 12:21:27'),
	(777, 47, 'Letmolia', 16.27, '00:09:30', '2015-08-10 13:16:42', '2015-08-27 12:21:27'),
	(778, 47, 'Krodsherad', 13.55, '00:08:02', '2015-08-10 13:16:42', '2015-08-27 12:21:27'),
	(779, 47, 'Bjoreskogen', 11.10, '00:06:44', '2015-08-10 13:16:42', '2015-08-27 12:21:27'),
	(780, 47, 'Nevra', 16.76, '00:10:56', '2015-08-10 13:16:42', '2015-08-27 12:21:27'),
	(781, 47, 'Nysaetra', 14.59, '00:09:29', '2015-08-10 13:16:42', '2015-08-27 12:21:27'),
	(782, 47, 'Malmveien 2', 6.46, '00:04:11', '2015-08-10 13:16:42', '2015-08-27 12:25:05'),
	(783, 47, 'Letmolia 2', 16.27, '00:09:30', '2015-08-10 13:16:42', '2015-08-27 12:25:05'),
	(784, 47, 'Krodsherad 2', 13.55, '00:08:02', '2015-08-10 13:16:42', '2015-08-27 12:25:05'),
	(785, 47, 'Bjoreskogen 2', 11.10, '00:06:44', '2015-08-10 13:16:43', '2015-08-27 12:25:05'),
	(786, 47, 'Korsboen 2', 13.86, '00:09:09', '2015-08-10 13:16:43', '2015-08-27 12:25:05'),
	(787, 47, 'Nevra 2', 16.76, '00:10:56', '2015-08-10 13:16:43', '2015-08-27 12:25:05'),
	(788, 47, 'Nysaetra 2', 14.59, '00:09:29', '2015-08-10 13:16:43', '2015-08-27 12:25:05'),
	(792, 48, 'Glubo', 5.79, '00:03:39', '2015-08-10 13:18:36', '2015-08-27 12:21:27'),
	(793, 48, 'Hetlandsheio', 9.82, '00:05:47', '2015-08-10 13:18:36', '2015-08-27 12:21:27'),
	(794, 48, 'Glubo 2', 5.79, '00:03:39', '2015-08-10 13:18:36', '2015-08-27 12:25:05'),
	(795, 48, 'Moi', 2.77, '00:01:46', '2015-08-10 13:18:36', '2015-08-27 12:21:27'),
	(796, 48, 'Jossingfjord', 19.16, '00:13:08', '2015-08-10 13:18:36', '2015-08-27 12:21:27'),
	(797, 48, 'Moi 2', 2.77, '00:01:46', '2015-08-10 13:18:36', '2015-08-27 12:25:05'),
	(798, 48, 'Rossland', 3.98, '00:02:35', '2015-08-10 13:18:36', '2015-08-27 12:21:27'),
	(799, 48, 'Nesvag', 9.30, '00:05:27', '2015-08-10 13:18:37', '2015-08-27 12:21:27'),
	(800, 48, 'Kjelland', 3.65, '00:02:10', '2015-08-10 13:18:37', '2015-08-27 12:21:27'),
	(801, 48, 'Rossland 2', 3.98, '00:02:35', '2015-08-10 13:18:37', '2015-08-27 12:25:05'),
	(802, 48, 'Nesvag 2', 9.30, '00:05:27', '2015-08-10 13:18:37', '2015-08-27 12:25:05'),
	(803, 48, 'Kjelland 2', 3.65, '00:02:10', '2015-08-10 13:18:37', '2015-08-27 12:25:05'),
	(804, 48, 'Jossingfjord 2', 19.16, '00:13:08', '2015-08-10 13:18:37', '2015-08-27 12:25:05'),
	(805, 48, 'Hetlandsheio', 9.18, '00:05:37', '2015-08-10 13:18:37', '2015-08-27 12:21:27'),
	(822, 49, 'Hoye 2', 9.92, '00:06:03', '2015-08-10 15:12:08', '2015-08-27 12:25:05'),
	(821, 49, 'Steinsland 2', 11.72, '00:06:50', '2015-08-10 15:12:08', '2015-08-27 12:25:05'),
	(820, 49, 'Gumpens 2', 19.16, '00:11:15', '2015-08-10 15:12:08', '2015-08-27 12:25:05'),
	(819, 49, 'Solas 2', 31.22, '00:20:04', '2015-08-10 15:12:08', '2015-08-27 12:25:05'),
	(818, 49, 'Jabekk 2', 4.18, '00:02:36', '2015-08-10 15:12:07', '2015-08-27 12:25:05'),
	(817, 49, 'Lindland', 25.94, '00:17:53', '2015-08-10 15:12:07', '2015-08-27 12:21:27'),
	(816, 49, 'Hoye', 9.92, '00:06:03', '2015-08-10 15:12:07', '2015-08-27 12:21:27'),
	(815, 49, 'Jabekk', 4.18, '00:02:36', '2015-08-10 15:12:07', '2015-08-27 12:21:27'),
	(814, 49, 'Steinsland', 11.72, '00:06:50', '2015-08-10 15:12:07', '2015-08-27 12:21:27'),
	(813, 49, 'Gumpens', 19.16, '00:11:15', '2015-08-10 15:12:07', '2015-08-27 12:21:27'),
	(812, 49, 'Solas', 31.22, '00:20:04', '2015-08-10 15:12:07', '2015-08-27 12:21:27'),
	(811, 49, 'Arstol', 17.91, '00:12:15', '2015-08-10 15:12:07', '2015-08-27 12:21:27'),
	(810, 49, 'Tranehoyda', 12.31, '00:07:32', '2015-08-10 15:12:07', '2015-08-27 12:21:27'),
	(809, 49, 'Skoieheia', 3.52, '00:02:04', '2015-08-10 15:12:07', '2015-08-27 12:21:27'),
	(840, 50, 'Arlifoss 3', 8.95, '00:05:36', '2015-08-10 15:21:50', '2015-08-27 12:21:27'),
	(839, 50, 'Liangrenna 3', 5.75, '00:03:17', '2015-08-10 15:21:50', '2015-08-27 12:25:06'),
	(838, 50, 'Klevarsida 3', 6.22, '00:03:48', '2015-08-10 15:21:50', '2015-08-27 12:25:06'),
	(837, 50, 'Darstul 3', 7.71, '00:04:23', '2015-08-10 15:21:50', '2015-08-27 12:25:06'),
	(836, 50, 'Elgsjo 3', 6.57, '00:03:59', '2015-08-10 15:21:50', '2015-08-27 12:25:06'),
	(835, 50, 'Arlifoss 2', 8.69, '00:05:35', '2015-08-10 15:21:50', '2015-08-27 12:21:27'),
	(834, 50, 'Liangrenna 2', 5.75, '00:03:17', '2015-08-10 15:21:50', '2015-08-27 12:25:06'),
	(833, 50, 'Arlifoss ', 8.97, '00:05:44', '2015-08-10 15:21:50', '2015-08-27 12:21:27'),
	(832, 50, 'Liangrenna', 5.75, '00:03:17', '2015-08-10 15:21:50', '2015-08-27 12:21:27'),
	(831, 50, 'Klevarsida 2', 6.22, '00:03:48', '2015-08-10 15:21:50', '2015-08-27 12:25:06'),
	(830, 50, 'Darstul 2', 7.71, '00:04:23', '2015-08-10 15:21:50', '2015-08-27 12:25:06'),
	(829, 50, 'Elgsjo 2', 6.57, '00:03:59', '2015-08-10 15:21:50', '2015-08-27 12:25:06'),
	(828, 50, 'Klevarsida', 6.22, '00:03:48', '2015-08-10 15:21:50', '2015-08-27 12:21:27'),
	(827, 50, 'Darstul', 7.71, '00:04:23', '2015-08-10 15:21:49', '2015-08-27 12:21:27'),
	(826, 50, 'Elgsjo', 6.57, '00:03:59', '2015-08-10 15:21:49', '2015-08-27 12:21:27'),
	(856, 51, 'Ristilampi', 49.26, '00:29:41', '2015-08-10 15:24:02', '2015-08-27 12:21:27'),
	(855, 51, 'Heinunkierto 2', 23.37, '00:14:49', '2015-08-10 15:24:02', '2015-08-27 12:25:06'),
	(854, 51, 'Sarriojarvi 2', 36.22, '00:22:09', '2015-08-10 15:24:02', '2015-08-27 12:25:06'),
	(853, 51, 'Hanhikoski 2', 32.86, '00:19:40', '2015-08-10 15:24:02', '2015-08-27 12:25:06'),
	(852, 51, 'Ristilampi', 49.63, '00:33:49', '2015-08-10 15:24:02', '2015-08-27 12:21:27'),
	(851, 51, 'Heinunkierto', 23.37, '00:14:49', '2015-08-10 15:24:02', '2015-08-27 12:21:27'),
	(850, 51, 'Mantyvaara 3', 3.63, '00:02:28', '2015-08-10 15:24:02', '2015-08-27 12:25:06'),
	(849, 51, 'Sarriojarvi', 36.22, '00:22:09', '2015-08-10 15:24:02', '2015-08-27 12:21:27'),
	(848, 51, 'Hanhikoski', 32.86, '00:19:40', '2015-08-10 15:24:02', '2015-08-27 12:21:27'),
	(847, 51, 'Mantyvaara 2', 3.63, '00:02:28', '2015-08-10 15:24:02', '2015-08-27 12:21:27'),
	(846, 51, 'Jyrhamajarvi', 29.14, '00:17:10', '2015-08-10 15:24:02', '2015-08-27 12:21:27'),
	(845, 51, 'Siikakama', 38.32, '00:21:47', '2015-08-10 15:24:02', '2015-08-27 12:21:27'),
	(844, 51, 'Aittajarvi', 24.79, '00:16:41', '2015-08-10 15:24:01', '2015-08-27 12:21:27'),
	(843, 51, 'Mantyvaara', 3.63, '00:02:28', '2015-08-10 15:24:01', '2015-08-27 12:21:27'),
	(875, 52, 'Dechantskirchen 3', 9.61, '00:05:54', '2015-08-10 15:30:11', '2015-08-27 12:25:07'),
	(874, 52, 'Sinnersdorf 3', 8.34, '00:04:42', '2015-08-10 15:30:11', '2015-08-27 12:25:07'),
	(873, 52, 'Rohrbach 3', 6.68, '00:03:49', '2015-08-10 15:30:11', '2015-08-27 12:25:07'),
	(872, 52, 'Pinggau 3', 12.57, '00:07:31', '2015-08-10 15:30:11', '2015-08-27 12:25:07'),
	(871, 52, 'Pinggau Lang 2', 32.58, '00:20:02', '2015-08-10 15:30:11', '2015-08-27 12:25:07'),
	(870, 52, 'Haideggendorf 2', 8.78, '00:05:15', '2015-08-10 15:30:11', '2015-08-27 12:25:07'),
	(869, 52, 'Pinggau Lang', 32.58, '00:20:02', '2015-08-10 15:30:11', '2015-08-27 12:21:27'),
	(868, 52, 'Haideggendorf', 8.78, '00:05:15', '2015-08-10 15:30:10', '2015-08-27 12:21:27'),
	(867, 52, 'Dechantskirchen 2', 9.61, '00:05:54', '2015-08-10 15:30:10', '2015-08-27 12:25:07'),
	(866, 52, 'Sinnersdorf 2', 8.34, '00:04:42', '2015-08-10 15:30:10', '2015-08-27 12:25:07'),
	(865, 52, 'Dechantskirchen', 9.61, '00:05:54', '2015-08-10 15:30:10', '2015-08-27 12:21:27'),
	(864, 52, 'Sinnersdorf', 8.34, '00:04:42', '2015-08-10 15:30:10', '2015-08-27 12:21:27'),
	(863, 52, 'Rohrbach 2', 6.68, '00:03:49', '2015-08-10 15:30:10', '2015-08-27 12:25:07'),
	(862, 52, 'Pinggau 2', 12.57, '00:07:31', '2015-08-10 15:30:10', '2015-08-27 12:25:07'),
	(861, 52, 'Rohrbach', 6.68, '00:03:49', '2015-08-10 15:30:10', '2015-08-27 12:21:27'),
	(860, 52, 'Pinggau', 12.57, '00:07:31', '2015-08-10 15:30:10', '2015-08-27 12:21:27'),
	(893, 53, 'Kendal 3', 6.84, '00:04:36', '2015-08-10 15:36:16', '2015-08-27 12:25:07'),
	(892, 53, 'Bushy Park 2', 1.59, '00:00:53', '2015-08-10 15:36:16', '2015-08-27 12:25:07'),
	(891, 53, 'Malvern 2', 6.26, '00:03:47', '2015-08-10 15:36:16', '2015-08-27 12:25:07'),
	(890, 53, 'Kendal 2', 6.84, '00:04:36', '2015-08-10 15:36:16', '2015-08-27 12:25:07'),
	(889, 53, 'Bushy Park', 5.28, '00:02:58', '2015-08-10 15:36:16', '2015-08-27 12:21:27'),
	(888, 53, 'Malvern', 6.26, '00:03:47', '2015-08-10 15:36:16', '2015-08-27 12:21:27'),
	(887, 53, 'Kendal', 6.84, '00:04:36', '2015-08-10 15:36:16', '2015-08-27 12:21:27'),
	(886, 53, 'Spring Vale 3', 5.70, '00:03:52', '2015-08-10 15:36:16', '2015-08-27 12:21:27'),
	(885, 53, 'Canefield 3', 6.87, '00:04:01', '2015-08-10 15:36:16', '2015-08-27 12:25:07'),
	(884, 53, 'Sailor Gully 3', 4.94, '00:03:14', '2015-08-10 15:36:15', '2015-08-27 12:25:07'),
	(883, 53, 'Spring Vale 2', 5.21, '00:03:08', '2015-08-10 15:36:15', '2015-08-27 12:21:27'),
	(882, 53, 'Canefield 2', 6.87, '00:04:01', '2015-08-10 15:36:15', '2015-08-27 12:25:07'),
	(881, 53, 'Sailor Gully 2', 4.94, '00:03:14', '2015-08-10 15:36:15', '2015-08-27 12:25:07'),
	(880, 53, 'Spring Vale ', 4.71, '00:03:06', '2015-08-10 15:36:15', '2015-08-27 12:21:27'),
	(879, 53, 'Canefield', 6.87, '00:04:01', '2015-08-10 15:36:15', '2015-08-27 12:21:27'),
	(878, 53, 'Sailor Gully', 4.94, '00:03:14', '2015-08-10 15:36:15', '2015-08-27 12:21:27'),
	(877, 53, 'Bushy Park', 1.59, '00:00:53', '2015-08-10 15:36:15', '2015-08-27 12:21:27'),
	(898, 54, 'Schuiferskapelle 2', 15.43, '00:09:45', '2015-08-10 15:38:49', '2015-08-27 12:25:07'),
	(897, 54, 'Poelberg', 7.41, '00:05:00', '2015-08-10 15:38:49', '2015-08-27 12:21:27'),
	(896, 54, 'Oosthoek', 8.97, '00:06:00', '2015-08-10 15:38:49', '2015-08-27 12:21:27'),
	(895, 54, 'Ondank', 9.75, '00:05:59', '2015-08-10 15:38:49', '2015-08-27 12:21:27'),
	(894, 54, 'Schuiferskapelle', 15.43, '00:09:45', '2015-08-10 15:38:49', '2015-08-27 12:21:27'),
	(899, 54, 'Ondank 2', 9.75, '00:05:59', '2015-08-10 15:38:49', '2015-08-27 12:25:07'),
	(900, 54, 'Oosthoek 2', 8.97, '00:06:00', '2015-08-10 15:38:50', '2015-08-27 12:25:07'),
	(901, 54, 'Poelberg 2', 7.41, '00:05:00', '2015-08-10 15:38:50', '2015-08-27 12:25:07'),
	(902, 54, 'Schuiferskapelle 3', 15.43, '00:09:45', '2015-08-10 15:38:50', '2015-08-27 12:25:07'),
	(903, 54, 'Ondank 3', 9.75, '00:05:59', '2015-08-10 15:38:50', '2015-08-27 12:25:07'),
	(904, 54, 'Oosthoek 3', 8.97, '00:06:00', '2015-08-10 15:38:50', '2015-08-27 12:25:07'),
	(905, 54, 'Poelberg 3', 7.41, '00:05:00', '2015-08-10 15:38:50', '2015-08-27 12:25:07'),
	(906, 54, 'Schuiferskapelle 4', 15.43, '00:09:45', '2015-08-10 15:38:50', '2015-08-27 12:25:07'),
	(907, 54, 'Ondank 4', 9.75, '00:05:59', '2015-08-10 15:38:50', '2015-08-27 12:25:07'),
	(908, 54, 'Oosthoek 4', 8.97, '00:06:00', '2015-08-10 15:38:50', '2015-08-27 12:25:07'),
	(909, 54, 'Poelberg 4', 7.41, '00:05:00', '2015-08-10 15:38:50', '2015-08-27 12:25:07'),
	(911, 55, 'Citadelle', 4.88, '00:03:19', '2015-08-10 15:41:57', '2015-08-27 12:21:27'),
	(912, 55, 'Malonne', 14.49, '00:09:19', '2015-08-10 15:41:57', '2015-08-27 12:21:27'),
	(913, 55, 'Bois de Villers', 9.90, '00:06:28', '2015-08-10 15:41:57', '2015-08-27 12:21:27'),
	(914, 55, 'Crupet', 11.84, '00:08:09', '2015-08-10 15:41:57', '2015-08-27 12:21:27'),
	(915, 55, 'Natoye', 10.34, '00:06:21', '2015-08-10 15:41:57', '2015-08-27 12:21:27'),
	(916, 55, 'Malonne 2', 14.49, '00:09:19', '2015-08-10 15:41:57', '2015-08-27 12:25:08'),
	(917, 55, 'Bois de Villers 2', 9.90, '00:06:28', '2015-08-10 15:41:58', '2015-08-27 12:25:08'),
	(918, 55, 'Crupet 2', 11.84, '00:08:09', '2015-08-10 15:41:58', '2015-08-27 12:25:08'),
	(919, 55, 'Natoye 2', 10.34, '00:06:21', '2015-08-10 15:41:58', '2015-08-27 12:25:08'),
	(920, 55, 'Malonne 3', 14.49, '00:09:19', '2015-08-10 15:41:58', '2015-08-27 12:25:08'),
	(921, 55, 'Bois de Villers 3', 9.90, '00:06:28', '2015-08-10 15:41:58', '2015-08-27 12:25:08'),
	(922, 55, 'Crupet 3', 11.84, '00:08:09', '2015-08-10 15:41:58', '2015-08-27 12:25:08'),
	(923, 55, 'Natoye 3', 10.34, '00:06:21', '2015-08-10 15:41:58', '2015-08-27 12:25:08'),
	(924, 55, 'Naninne', 7.38, '00:05:02', '2015-08-10 15:41:58', '2015-08-27 12:21:27'),
	(925, 55, 'Loyers', 5.22, '00:03:09', '2015-08-10 15:41:58', '2015-08-27 12:21:27'),
	(926, 55, 'Wartet', 8.94, '00:05:05', '2015-08-10 15:41:58', '2015-08-27 12:21:27'),
	(927, 55, 'Vedrin', 5.33, '00:03:04', '2015-08-10 15:41:58', '2015-08-27 12:21:27'),
	(928, 56, 'Campo Magro', 18.42, '00:11:07', '2015-08-10 15:44:48', '2015-08-27 12:21:27'),
	(929, 56, 'Ouro Fino', 12.80, '00:08:11', '2015-08-10 15:44:48', '2015-08-27 12:21:27'),
	(930, 56, 'Curtiba', 12.57, '00:08:21', '2015-08-10 15:44:48', '2015-08-27 12:21:27'),
	(931, 56, 'Campo Magro 2', 18.42, '00:11:07', '2015-08-10 15:44:48', '2015-08-27 12:25:08'),
	(932, 56, 'Curtiba 2', 12.57, '00:08:21', '2015-08-10 15:44:48', '2015-08-27 12:25:08'),
	(933, 56, 'Campo Magro 3', 18.42, '00:11:07', '2015-08-10 15:44:48', '2015-08-27 12:25:08'),
	(934, 56, 'Ouro Fino 2', 12.80, '00:08:11', '2015-08-10 15:44:48', '2015-08-27 12:25:08'),
	(935, 56, 'Bocaiuva', 28.68, '00:16:14', '2015-08-10 15:44:48', '2015-08-27 12:21:27'),
	(936, 56, 'Rio Pesqueiro', 15.89, '00:10:39', '2015-08-10 15:44:48', '2015-08-27 12:21:27'),
	(937, 56, 'Quatro Barras', 12.97, '00:07:40', '2015-08-10 15:44:48', '2015-08-27 12:21:27'),
	(938, 56, 'Nobre', 10.86, '00:06:58', '2015-08-10 15:44:48', '2015-08-27 12:21:27'),
	(939, 56, 'Rio Pesqueiro 2', 15.89, '00:10:39', '2015-08-10 15:44:48', '2015-08-27 12:25:08'),
	(940, 56, 'Quatro Barras 2', 12.97, '00:07:40', '2015-08-10 15:44:48', '2015-08-27 12:25:08'),
	(941, 56, 'Campina', 23.95, '00:16:16', '2015-08-10 15:44:48', '2015-08-27 12:21:27'),
	(942, 56, 'Prime Pinhais', 3.34, '00:02:01', '2015-08-10 15:44:49', '2015-08-27 12:21:27'),
	(945, 57, 'Beli Iskar', 6.87, '00:04:35', '2015-08-10 15:48:24', '2015-08-27 12:21:27'),
	(946, 57, 'Borovetz - Raduil', 9.21, '00:05:56', '2015-08-10 15:48:24', '2015-08-27 12:21:27'),
	(947, 57, 'Muhovo', 29.68, '00:18:49', '2015-08-10 15:48:24', '2015-08-27 12:21:27'),
	(948, 57, 'Slavovitza', 17.84, '00:10:24', '2015-08-10 15:48:24', '2015-08-27 12:21:27'),
	(949, 57, 'Beli Iskar 2', 6.87, '00:04:35', '2015-08-10 15:48:24', '2015-08-27 12:25:09'),
	(950, 57, 'Borovetz - Raduil 2', 9.21, '00:05:56', '2015-08-10 15:48:24', '2015-08-27 12:25:09'),
	(951, 57, 'Muhovo 2', 29.68, '00:18:49', '2015-08-10 15:48:24', '2015-08-27 12:25:09'),
	(952, 57, 'Slavovitza 2', 17.84, '00:10:24', '2015-08-10 15:48:24', '2015-08-27 12:25:09'),
	(953, 57, 'Trayanovi Vrata', 18.65, '00:10:31', '2015-08-10 15:48:24', '2015-08-27 12:21:27'),
	(954, 57, 'Lubnitza', 30.84, '00:20:51', '2015-08-10 15:48:25', '2015-08-27 12:21:27'),
	(955, 57, 'Raduil - Borovetz', 9.61, '00:05:56', '2015-08-10 15:48:25', '2015-08-27 12:21:27'),
	(956, 57, 'Borovetz - Beli Iskar', 6.27, '00:03:48', '2015-08-10 15:48:25', '2015-08-27 12:21:27'),
	(957, 57, 'Trayanovi Vrata 2', 18.65, '00:10:31', '2015-08-10 15:48:25', '2015-08-27 12:25:09'),
	(958, 57, 'Lubnitza 2', 30.84, '00:20:51', '2015-08-10 15:48:25', '2015-08-27 12:25:09'),
	(962, 58, 'Porec', 1.30, '00:00:48', '2015-08-10 15:50:44', '2015-08-27 12:21:27'),
	(963, 58, 'Boljun', 14.73, '00:08:16', '2015-08-10 15:50:44', '2015-08-27 12:21:27'),
	(964, 58, 'Ucka', 13.70, '00:08:58', '2015-08-10 15:50:44', '2015-08-27 12:21:27'),
	(965, 58, 'Brest', 29.76, '00:17:08', '2015-08-10 15:50:45', '2015-08-27 12:21:27'),
	(966, 58, 'Boljun 2', 14.73, '00:08:16', '2015-08-10 15:50:45', '2015-08-27 12:25:09'),
	(967, 58, 'Ucka 2', 13.70, '00:08:58', '2015-08-10 15:50:45', '2015-08-27 12:25:09'),
	(968, 58, 'Brest 2', 29.76, '00:17:08', '2015-08-10 15:50:45', '2015-08-27 12:25:09'),
	(969, 58, 'Butoniga', 14.49, '00:09:54', '2015-08-10 15:50:45', '2015-08-27 12:21:27'),
	(970, 58, 'Buzet', 14.36, '00:08:10', '2015-08-10 15:50:45', '2015-08-27 12:21:27'),
	(971, 58, 'Salteria', 29.84, '00:20:13', '2015-08-10 15:50:45', '2015-08-27 12:21:27'),
	(972, 58, 'Butoniga 2', 14.49, '00:09:54', '2015-08-10 15:50:45', '2015-08-27 12:25:09'),
	(973, 58, 'Buzet 2', 14.36, '00:08:10', '2015-08-10 15:50:45', '2015-08-27 12:25:09'),
	(974, 58, 'Salteria 2', 29.84, '00:20:13', '2015-08-10 15:50:45', '2015-08-27 12:25:09'),
	(975, 58, 'Porec 2', 1.30, '00:00:48', '2015-08-10 15:50:45', '2015-08-27 12:25:09'),
	(976, 58, 'Porec 3', 1.30, '00:00:48', '2015-08-10 15:50:45', '2015-08-27 12:25:09'),
	(979, 59, 'Horazdovice - Komusin', 5.16, '00:02:53', '2015-08-10 15:54:30', '2015-08-27 12:21:27'),
	(980, 59, 'Cecelovice', 16.97, '00:11:04', '2015-08-10 15:54:30', '2015-08-27 12:21:27'),
	(981, 59, 'Doubravice - Chrastovice', 11.29, '00:06:23', '2015-08-10 15:54:30', '2015-08-27 12:21:27'),
	(982, 59, 'Strazovice - Nehodiv', 7.74, '00:04:32', '2015-08-10 15:54:31', '2015-08-27 12:21:27'),
	(983, 59, 'Horazdovice - Komusin 2', 5.16, '00:02:53', '2015-08-10 15:54:31', '2015-08-27 12:25:09'),
	(984, 59, 'Cecelovice 2', 16.97, '00:11:04', '2015-08-10 15:54:31', '2015-08-27 12:25:09'),
	(985, 59, 'Doubravice - Chrastovice 2', 11.29, '00:06:23', '2015-08-10 15:54:31', '2015-08-27 12:25:09'),
	(986, 59, 'Strazovice - Nehodiv 2', 7.74, '00:04:32', '2015-08-10 15:54:31', '2015-08-27 12:25:09'),
	(987, 59, 'Horazdovice - Komusin 3', 5.16, '00:02:53', '2015-08-10 15:54:31', '2015-08-27 12:25:09'),
	(988, 59, 'Cecelovice 3', 16.97, '00:11:04', '2015-08-10 15:54:31', '2015-08-27 12:25:09'),
	(989, 59, 'Doubravice - Chrastovice 3', 11.29, '00:06:23', '2015-08-10 15:54:31', '2015-08-27 12:25:09'),
	(990, 59, 'Strazovice - Nehodiv 3', 7.74, '00:04:32', '2015-08-10 15:54:31', '2015-08-27 12:25:09'),
	(991, 59, 'Nehodiv - Cecelovice', 12.31, '00:08:03', '2015-08-10 15:54:31', '2015-08-27 12:21:27'),
	(992, 59, 'Cecelovice - Doubravice', 7.70, '00:05:12', '2015-08-10 15:54:31', '2015-08-27 12:21:27'),
	(996, 60, 'Bondy', 2.69, '00:01:42', '2015-08-10 16:20:57', '2015-08-27 12:21:27'),
	(997, 60, 'Sychrov', 19.32, '00:13:02', '2015-08-10 16:20:57', '2015-08-27 12:21:27'),
	(998, 60, 'Sumburk', 16.41, '00:11:14', '2015-08-10 16:20:57', '2015-08-27 12:21:27'),
	(999, 60, 'Bzi', 5.27, '00:03:03', '2015-08-10 16:20:57', '2015-08-27 12:21:27'),
	(1000, 60, 'Sychrov 2', 19.32, '00:13:02', '2015-08-10 16:20:57', '2015-08-27 12:25:10'),
	(1001, 60, 'Sumburk 2', 16.41, '00:11:14', '2015-08-10 16:20:58', '2015-08-27 12:25:10'),
	(1002, 60, 'Bzi 2', 5.27, '00:03:03', '2015-08-10 16:20:58', '2015-08-27 12:25:10'),
	(1003, 60, 'Lobec', 11.14, '00:06:42', '2015-08-10 16:20:58', '2015-08-27 12:21:27'),
	(1004, 60, 'Vinec', 15.34, '00:08:56', '2015-08-10 16:20:58', '2015-08-27 12:21:27'),
	(1005, 60, 'Staromestska', 5.62, '00:03:38', '2015-08-10 16:20:58', '2015-08-27 12:21:27'),
	(1006, 60, 'Lobec 2', 11.14, '00:06:42', '2015-08-10 16:20:58', '2015-08-27 12:25:10'),
	(1007, 60, 'Vinec 2', 15.34, '00:08:56', '2015-08-10 16:20:58', '2015-08-27 12:25:10'),
	(1008, 60, 'Staromestska 2', 5.62, '00:03:38', '2015-08-10 16:20:58', '2015-08-27 12:25:10'),
	(1009, 60, 'Lobec 3', 11.14, '00:06:42', '2015-08-10 16:20:58', '2015-08-27 12:25:10'),
	(1010, 60, 'Vinec 3', 15.34, '00:08:56', '2015-08-10 16:20:58', '2015-08-27 12:25:10'),
	(1013, 61, 'Marchampt', 12.25, '00:08:11', '2015-08-10 16:27:13', '2015-08-27 12:21:27'),
	(1014, 61, 'Lamure sur Azergues', 14.80, '00:09:59', '2015-08-10 16:27:13', '2015-08-27 12:21:27'),
	(1015, 61, 'Bibost', 13.87, '00:08:48', '2015-08-10 16:27:13', '2015-08-27 12:21:27'),
	(1016, 61, 'Rontalon', 14.97, '00:10:08', '2015-08-10 16:27:13', '2015-08-27 12:21:27'),
	(1017, 61, 'Lyon - Gerland', 1.88, '00:01:17', '2015-08-10 16:27:13', '2015-08-27 12:21:27'),
	(1018, 61, 'Marchampt - Claveisoles', 25.59, '00:17:11', '2015-08-10 16:27:13', '2015-08-27 12:21:27'),
	(1019, 61, 'Lamure sur Azergues 2', 14.80, '00:09:59', '2015-08-10 16:27:13', '2015-08-27 12:25:10'),
	(1020, 61, 'Les Noirs', 18.66, '00:12:17', '2015-08-10 16:27:13', '2015-08-27 12:21:27'),
	(1021, 61, 'Les Sauvages', 12.80, '00:07:17', '2015-08-10 16:27:13', '2015-08-27 12:21:27'),
	(1022, 61, 'Marchampt - Claveisoles', 25.94, '00:16:44', '2015-08-10 16:27:14', '2015-08-27 12:21:27'),
	(1023, 61, 'Lamure sur Azergues 3', 14.80, '00:09:59', '2015-08-10 16:27:14', '2015-08-27 12:25:10'),
	(1024, 61, 'Les Noirs 2', 18.66, '00:12:17', '2015-08-10 16:27:14', '2015-08-27 12:25:10'),
	(1025, 61, 'Les Sauvages 2', 12.80, '00:07:17', '2015-08-10 16:27:14', '2015-08-27 12:25:10'),
	(1026, 61, 'Les Noirs 3', 18.66, '00:12:17', '2015-08-10 16:27:14', '2015-08-27 12:25:10'),
	(1027, 61, 'Les Sauvages 3', 12.80, '00:07:17', '2015-08-10 16:27:14', '2015-08-27 12:25:10'),
	(1030, 62, 'Camiers', 12.11, '00:07:17', '2015-08-10 16:29:02', '2015-08-27 12:21:27'),
	(1031, 62, 'La Calotterie', 12.68, '00:07:25', '2015-08-10 16:29:02', '2015-08-27 12:21:27'),
	(1032, 62, 'Airon', 15.54, '00:09:19', '2015-08-10 16:29:02', '2015-08-27 12:21:27'),
	(1033, 62, 'Le Touquet', 2.26, '00:01:32', '2015-08-10 16:29:02', '2015-08-27 12:21:27'),
	(1034, 62, 'Camiers 2', 12.11, '00:07:17', '2015-08-10 16:29:02', '2015-08-27 12:25:10'),
	(1035, 62, 'La Calotterie 2', 12.68, '00:07:25', '2015-08-10 16:29:02', '2015-08-27 12:25:10'),
	(1036, 62, 'Airon 2', 15.54, '00:09:19', '2015-08-10 16:29:03', '2015-08-27 12:25:10'),
	(1037, 62, 'Le Touquet 2', 2.26, '00:01:32', '2015-08-10 16:29:03', '2015-08-27 12:25:10'),
	(1038, 62, 'Bourthes', 27.65, '00:16:23', '2015-08-10 16:29:03', '2015-08-27 12:21:27'),
	(1039, 62, 'Bourthes 2', 27.65, '00:16:23', '2015-08-10 16:29:03', '2015-08-27 12:25:11'),
	(1040, 62, 'Hucqueliers', 30.28, '00:19:02', '2015-08-10 16:29:03', '2015-08-27 12:21:27'),
	(1041, 62, 'Le Touquet 3', 2.26, '00:01:32', '2015-08-10 16:29:03', '2015-08-27 12:25:10'),
	(1042, 62, 'Hucqueliers 2', 30.28, '00:19:02', '2015-08-10 16:29:03', '2015-08-27 12:25:11'),
	(1043, 62, 'Bourthes 3', 27.65, '00:16:23', '2015-08-10 16:29:03', '2015-08-27 12:25:11'),
	(1044, 62, 'Hucqueliers 3', 30.28, '00:19:02', '2015-08-10 16:29:03', '2015-08-27 12:25:11'),
	(1047, 63, 'Stollberg', 4.72, '00:03:11', '2015-08-10 16:31:41', '2015-08-27 12:21:27'),
	(1048, 63, 'Grunhain', 14.25, '00:08:24', '2015-08-10 16:31:41', '2015-08-27 12:21:27'),
	(1049, 63, 'Gelenau', 7.17, '00:04:37', '2015-08-10 16:31:41', '2015-08-27 12:21:27'),
	(1050, 63, 'Mildenau', 7.82, '00:05:12', '2015-08-10 16:31:41', '2015-08-27 12:21:27'),
	(1051, 63, 'Grunhain 2', 14.25, '00:08:24', '2015-08-10 16:31:41', '2015-08-27 12:25:11'),
	(1052, 63, 'Gelenau 2', 7.17, '00:04:37', '2015-08-10 16:31:42', '2015-08-27 12:25:11'),
	(1053, 63, 'Mildenau 2', 7.82, '00:05:12', '2015-08-10 16:31:42', '2015-08-27 12:25:11'),
	(1054, 63, 'Gelenau 3', 7.17, '00:04:37', '2015-08-10 16:31:42', '2015-08-27 12:25:11'),
	(1055, 63, 'Jahnsdorf', 8.15, '00:05:09', '2015-08-10 16:31:42', '2015-08-27 12:21:27'),
	(1056, 63, 'Oberdorf', 11.50, '00:07:23', '2015-08-10 16:31:42', '2015-08-27 12:21:27'),
	(1057, 63, 'Jahnsdorf 2', 8.45, '00:04:48', '2015-08-10 16:31:42', '2015-08-27 12:25:11'),
	(1058, 63, 'Oberdorf 2', 11.68, '00:07:14', '2015-08-10 16:31:42', '2015-08-27 12:25:11'),
	(1059, 63, 'Jahnsdorf', 8.45, '00:04:48', '2015-08-10 16:31:42', '2015-08-27 12:21:27'),
	(1060, 63, 'Oberdorf', 11.68, '00:07:14', '2015-08-10 16:31:42', '2015-08-27 12:21:27'),
	(1064, 64, 'Lydford', 8.66, '00:04:57', '2015-08-10 16:38:22', '2015-08-27 12:21:27'),
	(1065, 64, 'Reynolds', 8.86, '00:05:53', '2015-08-10 16:38:22', '2015-08-27 12:21:27'),
	(1066, 64, 'Lydford 2', 8.66, '00:04:57', '2015-08-10 16:38:22', '2015-08-27 12:25:11'),
	(1067, 64, 'Reynolds 2', 8.86, '00:05:53', '2015-08-10 16:38:22', '2015-08-27 12:25:11'),
	(1068, 64, 'Lydford 3', 8.66, '00:04:57', '2015-08-10 16:38:22', '2015-08-27 12:25:11'),
	(1069, 64, 'Reynolds 3', 8.86, '00:05:53', '2015-08-10 16:38:22', '2015-08-27 12:25:11'),
	(1070, 64, 'Haddon Pen', 8.99, '00:05:24', '2015-08-10 16:38:22', '2015-08-27 12:21:27'),
	(1071, 64, 'Reynolds 4', 8.86, '00:05:53', '2015-08-10 16:38:22', '2015-08-27 12:25:11'),
	(1072, 64, 'Haddon Pen 2', 8.99, '00:05:24', '2015-08-10 16:38:22', '2015-08-27 12:25:11'),
	(1073, 64, 'Haddon Pen 3', 8.99, '00:05:24', '2015-08-10 16:38:22', '2015-08-27 12:25:11'),
	(1074, 64, 'New Works', 5.27, '00:03:16', '2015-08-10 16:38:22', '2015-08-27 12:21:27'),
	(1075, 64, 'Bybrook', 7.20, '00:04:50', '2015-08-10 16:38:23', '2015-08-27 12:21:27'),
	(1076, 64, 'New Works 2', 5.27, '00:03:16', '2015-08-10 16:38:23', '2015-08-27 12:25:11'),
	(1077, 64, 'Bybrook 2', 7.20, '00:04:50', '2015-08-10 16:38:23', '2015-08-27 12:25:11'),
	(1078, 64, 'New Works 3', 5.27, '00:03:16', '2015-08-10 16:38:23', '2015-08-27 12:25:11'),
	(1079, 64, 'Bybrook 3', 7.20, '00:04:50', '2015-08-10 16:38:23', '2015-08-27 12:25:11'),
	(1080, 64, 'Wakefield', 5.73, '00:03:14', '2015-08-10 16:38:23', '2015-08-27 12:21:27'),
	(1081, 65, 'Schutte Informatisering', 10.22, '00:05:45', '2015-08-10 16:41:16', '2015-08-27 12:21:27'),
	(1082, 65, 'Eurol Lubricants', 6.51, '00:03:54', '2015-08-10 16:41:16', '2015-08-27 12:21:27'),
	(1083, 65, 'Teunis Automotive', 6.12, '00:03:41', '2015-08-10 16:41:16', '2015-08-27 12:21:27'),
	(1084, 65, 'Schutte Informatisering 2', 10.22, '00:05:45', '2015-08-10 16:41:16', '2015-08-27 12:25:12'),
	(1085, 65, 'Eurol Lubricants 2', 6.51, '00:03:54', '2015-08-10 16:41:16', '2015-08-27 12:25:12'),
	(1086, 65, 'Teunis Automotive 2', 6.12, '00:03:41', '2015-08-10 16:41:17', '2015-08-27 12:25:12'),
	(1087, 65, 'Hegeman Bouw', 13.89, '00:09:00', '2015-08-10 16:41:17', '2015-08-27 12:21:27'),
	(1088, 65, 'Reggesign Reclame', 10.36, '00:06:45', '2015-08-10 16:41:17', '2015-08-27 12:21:27'),
	(1089, 65, 'Hegeman Bouw 2', 13.89, '00:09:00', '2015-08-10 16:41:17', '2015-08-27 12:25:12'),
	(1090, 65, 'Reggesign Reclame 2', 10.36, '00:06:45', '2015-08-10 16:41:17', '2015-08-27 12:25:12'),
	(1091, 65, 'Ten Brinke', 12.67, '00:08:09', '2015-08-10 16:41:17', '2015-08-27 12:21:27'),
	(1092, 65, 'Tijhof', 8.48, '00:05:32', '2015-08-10 16:41:17', '2015-08-27 12:21:27'),
	(1093, 65, 'Wolves Berging', 11.59, '00:07:51', '2015-08-10 16:41:17', '2015-08-27 12:21:27'),
	(1094, 65, 'Ten Brinke 2', 12.67, '00:08:09', '2015-08-10 16:41:17', '2015-08-27 12:25:12'),
	(1095, 65, 'Tijhof 2', 8.48, '00:05:32', '2015-08-10 16:41:17', '2015-08-27 12:25:12'),
	(1096, 65, 'Wolves Berging 2', 11.59, '00:07:51', '2015-08-10 16:41:17', '2015-08-27 12:25:12'),
	(1098, 66, 'Tenten - Huelmes', 12.56, '00:07:57', '2015-08-10 16:47:23', '2015-08-27 12:21:27'),
	(1099, 66, 'Petten - Rouscht', 5.25, '00:02:59', '2015-08-10 16:47:23', '2015-08-27 12:21:27'),
	(1100, 66, 'Platen - Horass', 6.74, '00:04:20', '2015-08-10 16:47:23', '2015-08-27 12:21:27'),
	(1101, 66, 'Tenten - Huelmes 2', 12.56, '00:07:57', '2015-08-10 16:47:23', '2015-08-27 12:25:12'),
	(1102, 66, 'Petten - Rouscht 2', 5.25, '00:02:59', '2015-08-10 16:47:23', '2015-08-27 12:25:12'),
	(1103, 66, 'Platen - Horass 2', 6.74, '00:04:20', '2015-08-10 16:47:23', '2015-08-27 12:25:12'),
	(1104, 66, 'Tenten - Huelmes 3', 12.56, '00:07:57', '2015-08-10 16:47:24', '2015-08-27 12:25:12'),
	(1105, 66, 'Petten - Rouscht 3', 5.25, '00:02:59', '2015-08-10 16:47:24', '2015-08-27 12:25:12'),
	(1106, 66, 'Platen - Horass 3', 6.74, '00:04:20', '2015-08-10 16:47:24', '2015-08-27 12:25:12'),
	(1107, 66, 'Reiden - Noojhem', 20.19, '00:13:24', '2015-08-10 16:47:24', '2015-08-27 12:21:27'),
	(1108, 66, 'Horass - Platen', 10.99, '00:07:12', '2015-08-10 16:47:24', '2015-08-27 12:21:27'),
	(1109, 66, 'Reiden - Noojhem 2', 20.19, '00:13:24', '2015-08-10 16:47:24', '2015-08-27 12:25:12'),
	(1110, 66, 'Horass - Platen 2', 10.99, '00:07:12', '2015-08-10 16:47:24', '2015-08-27 12:25:12'),
	(1111, 66, 'Reiden - Noojhem 3', 20.19, '00:13:24', '2015-08-10 16:47:24', '2015-08-27 12:25:12'),
	(1112, 66, 'Horass - Platen 3', 10.99, '00:07:12', '2015-08-10 16:47:24', '2015-08-27 12:25:12'),
	(1115, 67, 'Nabat Lusail', 19.33, '00:10:50', '2015-08-10 16:50:08', '2015-08-27 12:21:27'),
	(1116, 67, 'Umm Al Hal', 12.99, '00:08:11', '2015-08-10 16:50:08', '2015-08-27 12:21:27'),
	(1117, 67, 'Al Waker', 10.19, '00:06:53', '2015-08-10 16:50:08', '2015-08-27 12:21:27'),
	(1118, 67, 'QMMF', 28.31, '00:17:17', '2015-08-10 16:50:08', '2015-08-27 12:21:27'),
	(1119, 67, 'Nabat Lusail 2', 19.33, '00:10:50', '2015-08-10 16:50:08', '2015-08-27 12:25:12'),
	(1120, 67, 'Umm Al Hal 2', 12.99, '00:08:11', '2015-08-10 16:50:08', '2015-08-27 12:25:12'),
	(1121, 67, 'Al Waker 2', 10.19, '00:06:53', '2015-08-10 16:50:08', '2015-08-27 12:25:12'),
	(1122, 67, 'QMMF 2', 28.31, '00:17:17', '2015-08-10 16:50:08', '2015-08-27 12:25:12'),
	(1123, 67, 'Al Wakrah', 25.83, '00:17:05', '2015-08-10 16:50:08', '2015-08-27 12:21:27'),
	(1124, 67, 'QMMF 3', 28.31, '00:17:17', '2015-08-10 16:50:08', '2015-08-27 12:25:12'),
	(1125, 67, 'Al Negian', 7.90, '00:05:18', '2015-08-10 16:50:09', '2015-08-27 12:21:27'),
	(1126, 67, 'Al Wakrah 2', 25.83, '00:17:05', '2015-08-10 16:50:09', '2015-08-27 12:25:13'),
	(1127, 67, 'QMMF 4', 28.31, '00:17:17', '2015-08-10 16:50:09', '2015-08-27 12:25:12'),
	(1128, 67, 'Al Negian 2', 7.90, '00:05:18', '2015-08-10 16:50:09', '2015-08-27 12:25:13'),
	(1129, 67, 'Al Wakrah 3', 25.83, '00:17:05', '2015-08-10 16:50:09', '2015-08-27 12:25:13'),
	(1130, 67, 'Al Negian 3', 7.90, '00:05:18', '2015-08-10 16:50:09', '2015-08-27 12:25:13'),
	(1132, 68, 'Salgovik', 10.76, '00:07:01', '2015-08-10 16:52:25', '2015-08-27 12:21:27'),
	(1133, 68, 'Zlata Baoa 3', 24.32, '00:15:21', '2015-08-10 16:52:25', '2015-08-27 12:25:13'),
	(1134, 68, 'Lubotice', 6.32, '00:03:38', '2015-08-10 16:52:25', '2015-08-27 12:21:27'),
	(1135, 68, 'Salgovik 2', 10.16, '00:06:56', '2015-08-10 16:52:25', '2015-08-27 12:25:13'),
	(1136, 68, 'Zlata Baoa 2', 24.32, '00:15:21', '2015-08-10 16:52:25', '2015-08-27 12:25:13'),
	(1137, 68, 'Lubotice 2', 6.51, '00:04:25', '2015-08-10 16:52:25', '2015-08-27 12:25:13'),
	(1138, 68, 'Obisovce', 23.31, '00:14:27', '2015-08-10 16:52:26', '2015-08-27 12:21:27'),
	(1139, 68, 'Vitaz', 17.93, '00:11:24', '2015-08-10 16:52:26', '2015-08-27 12:21:27'),
	(1140, 68, 'Obisovce 2', 23.31, '00:14:27', '2015-08-10 16:52:26', '2015-08-27 12:25:13'),
	(1141, 68, 'Vitaz 2', 17.93, '00:11:24', '2015-08-10 16:52:26', '2015-08-27 12:25:13'),
	(1142, 68, 'Obisovce 3', 23.31, '00:14:27', '2015-08-10 16:52:26', '2015-08-27 12:25:13'),
	(1143, 68, 'Vitaz 3', 17.93, '00:11:24', '2015-08-10 16:52:26', '2015-08-27 12:25:13'),
	(1144, 68, 'Salgovik', 10.16, '00:06:56', '2015-08-10 16:52:26', '2015-08-27 12:21:27'),
	(1145, 68, 'Zlata Baoa', 24.32, '00:15:21', '2015-08-10 16:52:26', '2015-08-27 12:21:27'),
	(1146, 68, 'Lubotice', 6.51, '00:04:25', '2015-08-10 16:52:26', '2015-08-27 12:21:27'),
	(1149, 69, 'Carron Valley', 8.49, '00:05:03', '2015-08-10 16:54:39', '2015-08-27 12:21:27'),
	(1150, 69, 'Carron Valley 2', 8.49, '00:05:03', '2015-08-10 16:54:39', '2015-08-27 12:25:13'),
	(1151, 69, 'Craigvinean', 16.29, '00:09:52', '2015-08-10 16:54:39', '2015-08-27 12:21:27'),
	(1152, 69, 'Drummond Hill', 13.65, '00:08:07', '2015-08-10 16:54:39', '2015-08-27 12:21:27'),
	(1153, 69, 'Errochty', 17.85, '00:11:05', '2015-08-10 16:54:39', '2015-08-27 12:21:27'),
	(1154, 69, 'Craigvinean 2', 16.29, '00:09:52', '2015-08-10 16:54:39', '2015-08-27 12:25:13'),
	(1155, 69, 'Drummond Hill 2', 13.65, '00:08:07', '2015-08-10 16:54:39', '2015-08-27 12:25:13'),
	(1156, 69, 'Errochty 2', 17.85, '00:11:05', '2015-08-10 16:54:39', '2015-08-27 12:25:13'),
	(1157, 69, 'Carron Valley 3', 8.49, '00:05:03', '2015-08-10 16:54:39', '2015-08-27 12:25:13'),
	(1158, 69, 'Loch Chon', 9.29, '00:05:14', '2015-08-10 16:54:39', '2015-08-27 12:21:27'),
	(1159, 69, 'High Corrie', 25.62, '00:16:47', '2015-08-10 16:54:39', '2015-08-27 12:21:27'),
	(1160, 69, 'Loch Chon 2', 9.29, '00:05:14', '2015-08-10 16:54:39', '2015-08-27 12:25:13'),
	(1161, 69, 'High Corrie 2', 25.62, '00:16:47', '2015-08-10 16:54:39', '2015-08-27 12:25:13'),
	(1162, 69, 'Scone Palace', 2.60, '00:01:38', '2015-08-10 16:54:39', '2015-08-27 12:21:27'),
	(1163, 69, 'Scone Palace 2', 2.60, '00:01:38', '2015-08-10 16:54:40', '2015-08-27 12:25:14'),
	(1166, 70, 'Palix', 9.48, '00:05:36', '2015-08-10 17:20:46', '2015-08-27 12:21:27'),
	(1167, 70, 'Palix 2', 9.48, '00:05:36', '2015-08-10 17:20:46', '2015-08-27 12:25:14'),
	(1168, 70, 'Smith Creek', 10.19, '00:06:01', '2015-08-10 17:20:46', '2015-08-27 12:21:27'),
	(1169, 70, 'Brooklyn', 11.97, '00:08:10', '2015-08-10 17:20:46', '2015-08-27 12:21:27'),
	(1170, 70, 'Brooklyn 2', 11.97, '00:08:10', '2015-08-10 17:20:46', '2015-08-27 12:25:14'),
	(1171, 70, 'Smith Creek 2', 10.19, '00:06:01', '2015-08-10 17:20:46', '2015-08-27 12:25:14'),
	(1172, 70, 'Pico', 15.36, '00:08:53', '2015-08-10 17:20:46', '2015-08-27 12:21:27'),
	(1173, 70, 'Pico 2', 15.36, '00:08:53', '2015-08-10 17:20:46', '2015-08-27 12:25:14'),
	(1174, 70, 'Wreck Creek', 6.71, '00:03:57', '2015-08-10 17:20:46', '2015-08-27 12:21:27'),
	(1175, 70, 'Wreck Creek 2', 6.71, '00:03:57', '2015-08-10 17:20:46', '2015-08-27 12:25:14'),
	(1176, 70, 'Taholah', 18.20, '00:11:46', '2015-08-10 17:20:47', '2015-08-27 12:21:27'),
	(1177, 70, 'Black Bear Highway', 7.22, '00:04:26', '2015-08-10 17:20:47', '2015-08-27 12:21:27'),
	(1178, 70, 'Taholah 2', 18.20, '00:11:46', '2015-08-10 17:20:47', '2015-08-27 12:25:14'),
	(1179, 70, 'Black Bear Highway 2', 7.22, '00:04:26', '2015-08-10 17:20:47', '2015-08-27 12:21:27'),
	(1183, 71, 'Guide Valley', 4.11, '00:02:43', '2015-08-10 17:24:19', '2015-08-27 12:21:27'),
	(1184, 71, 'Tewkesbury', 4.71, '00:02:48', '2015-08-10 17:24:19', '2015-08-27 12:21:27'),
	(1185, 71, 'Hellyer Leslie', 19.20, '00:11:15', '2015-08-10 17:24:19', '2015-08-27 12:21:27'),
	(1186, 71, 'Hellyer Leslie 2', 19.20, '00:11:15', '2015-08-10 17:24:19', '2015-08-27 12:25:14'),
	(1187, 71, 'Savage River', 24.99, '00:16:33', '2015-08-10 17:24:19', '2015-08-27 12:21:27'),
	(1188, 71, 'Savage River 2', 24.99, '00:16:33', '2015-08-10 17:24:19', '2015-08-27 12:25:14'),
	(1189, 71, 'Hellyer Leslie 3', 19.20, '00:11:15', '2015-08-10 17:24:19', '2015-08-27 12:25:14'),
	(1190, 71, 'Yolla North', 5.83, '00:03:31', '2015-08-10 17:24:19', '2015-08-27 12:21:27'),
	(1191, 71, 'Oldina North', 7.53, '00:04:22', '2015-08-10 17:24:19', '2015-08-27 12:21:27'),
	(1192, 71, 'Yolla North 2', 5.83, '00:03:31', '2015-08-10 17:24:19', '2015-08-27 12:25:14'),
	(1193, 71, 'Oldina North 2', 7.53, '00:04:22', '2015-08-10 17:24:19', '2015-08-27 12:25:14'),
	(1194, 71, 'Paloona Dam', 5.15, '00:03:07', '2015-08-10 17:24:19', '2015-08-27 12:21:27'),
	(1195, 71, 'Mt. Roland', 7.53, '00:04:38', '2015-08-10 17:24:19', '2015-08-27 12:21:27'),
	(1196, 71, 'King Solomon', 15.80, '00:09:39', '2015-08-10 17:24:19', '2015-08-27 12:21:27'),
	(1197, 71, 'Gog Range', 7.31, '00:04:34', '2015-08-10 17:24:20', '2015-08-27 12:21:27'),
	(1198, 71, 'Mt. Roland 2', 7.53, '00:04:38', '2015-08-10 17:24:20', '2015-08-27 12:25:14'),
	(1199, 71, 'King Solomon 2', 15.80, '00:09:39', '2015-08-10 17:24:20', '2015-08-27 12:25:14'),
	(1200, 72, 'Lysgard', 14.36, '00:09:27', '2015-08-10 17:28:35', '2015-08-27 12:21:27'),
	(1201, 72, 'Kjellerup', 2.56, '00:01:28', '2015-08-10 17:28:36', '2015-08-27 12:21:27'),
	(1202, 72, 'Sjorslev', 20.85, '00:11:52', '2015-08-10 17:28:36', '2015-08-27 12:21:27'),
	(1203, 72, 'Demstrup', 6.41, '00:03:43', '2015-08-10 17:28:36', '2015-08-27 12:21:27'),
	(1204, 72, 'Lysgard 2', 14.36, '00:09:27', '2015-08-10 17:28:37', '2015-08-27 12:25:14'),
	(1205, 72, 'Kjellerup 2', 2.56, '00:01:28', '2015-08-10 17:28:37', '2015-08-27 12:25:14'),
	(1206, 72, 'Sjorslev 2', 20.85, '00:11:52', '2015-08-10 17:28:37', '2015-08-27 12:25:15'),
	(1207, 72, 'Demstrup 2', 6.41, '00:03:43', '2015-08-10 17:28:38', '2015-08-27 12:25:15'),
	(1208, 72, 'Hindberg', 7.38, '00:04:19', '2015-08-10 17:28:38', '2015-08-27 12:21:27'),
	(1209, 72, 'Frederiksdal', 8.99, '00:05:39', '2015-08-10 17:28:39', '2015-08-27 12:21:27'),
	(1210, 72, 'Hinge', 6.51, '00:03:44', '2015-08-10 17:28:39', '2015-08-27 12:21:27'),
	(1211, 72, 'Hindberg 2', 7.38, '00:04:19', '2015-08-10 17:28:39', '2015-08-27 12:25:15'),
	(1212, 72, 'Frederiksdal 2', 8.99, '00:05:39', '2015-08-10 17:28:39', '2015-08-27 12:25:15'),
	(1213, 72, 'Hinge 2', 6.51, '00:03:44', '2015-08-10 17:28:39', '2015-08-27 12:25:15'),
	(1214, 72, 'Kjellerup 3', 2.56, '00:01:28', '2015-08-10 17:28:39', '2015-08-27 12:25:14'),
	(1217, 73, 'Saporro', 1.85, '00:01:06', '2015-08-10 17:30:34', '2015-08-27 12:21:27'),
	(1218, 73, 'Saporro 2', 1.85, '00:01:06', '2015-08-10 17:30:34', '2015-08-27 12:21:27'),
	(1219, 73, 'Iwanke', 26.67, '00:16:48', '2015-08-10 17:30:34', '2015-08-27 12:21:27'),
	(1220, 73, 'Kamauycep', 33.69, '00:22:37', '2015-08-10 17:30:34', '2015-08-27 12:21:27'),
	(1221, 73, 'Kina', 9.25, '00:06:08', '2015-08-10 17:30:34', '2015-08-27 12:21:27'),
	(1222, 73, 'Iwanke 2', 26.67, '00:16:48', '2015-08-10 17:30:34', '2015-08-27 12:25:15'),
	(1223, 73, 'Kamuycep 2', 33.34, '00:20:41', '2015-08-10 17:30:35', '2015-08-27 12:21:27'),
	(1224, 73, 'Kina 2', 9.25, '00:06:08', '2015-08-10 17:30:35', '2015-08-27 12:25:15'),
	(1225, 73, 'Saporro 3', 1.85, '00:01:06', '2015-08-10 17:30:35', '2015-08-27 12:25:15'),
	(1226, 73, 'Saporro 4', 1.85, '00:01:06', '2015-08-10 17:30:35', '2015-08-27 12:25:15'),
	(1227, 73, 'Nikara', 17.30, '00:09:52', '2015-08-10 17:30:35', '2015-08-27 12:21:27'),
	(1228, 73, 'Sikot', 27.28, '00:16:48', '2015-08-10 17:30:35', '2015-08-27 12:21:27'),
	(1229, 73, 'Koyka', 3.66, '00:02:04', '2015-08-10 17:30:35', '2015-08-27 12:21:27'),
	(1230, 73, 'Nikara 2', 17.30, '00:09:52', '2015-08-10 17:30:35', '2015-08-27 12:25:15'),
	(1231, 73, 'Sikot 2', 27.28, '00:16:48', '2015-08-10 17:30:35', '2015-08-27 12:25:15'),
	(1232, 73, 'Koyka 2', 3.66, '00:02:04', '2015-08-10 17:30:35', '2015-08-27 12:25:15'),
	(1233, 73, 'Saporro 5', 1.85, '00:01:06', '2015-08-10 17:30:35', '2015-08-27 12:25:15'),
	(1234, 74, 'Krzeszowice Rynek', 1.35, '00:00:49', '2015-08-10 17:47:58', '2015-08-27 12:21:27'),
	(1235, 74, 'Krzeszowice - Zalas', 7.53, '00:04:41', '2015-08-10 17:47:58', '2015-08-27 12:21:27'),
	(1236, 74, 'Sanka - Tenczynek', 6.84, '00:04:22', '2015-08-10 17:47:58', '2015-08-27 12:21:27'),
	(1237, 74, 'Tenczynek - Paczoltowice Golf', 10.51, '00:06:43', '2015-08-10 17:47:58', '2015-08-27 12:21:27'),
	(1238, 74, 'Paczoltowice Golf - Nowa Gora', 11.94, '00:08:02', '2015-08-10 17:47:58', '2015-08-27 12:21:27'),
	(1239, 74, 'Nowa Gora - Trzebinia Chechlo', 15.75, '00:09:35', '2015-08-10 17:47:58', '2015-08-27 12:21:27'),
	(1240, 74, 'Trzebinia Chechlo - Rudno', 17.63, '00:11:35', '2015-08-10 17:47:58', '2015-08-27 12:21:27'),
	(1241, 74, 'Rudno Zamek', 1.88, '00:01:06', '2015-08-10 17:47:58', '2015-08-27 12:21:27'),
	(1242, 74, 'Rudno - Krzeszowice', 9.46, '00:06:09', '2015-08-10 17:47:58', '2015-08-27 12:21:27'),
	(1243, 74, 'Krzeszowice - Rudawa', 8.26, '00:04:53', '2015-08-10 17:47:58', '2015-08-27 12:21:27'),
	(1244, 74, 'Rudawa - Siedlec', 4.36, '00:02:57', '2015-08-10 17:47:58', '2015-08-27 12:21:27'),
	(1245, 74, 'Siedlec - Krzeszowice', 4.46, '00:02:35', '2015-08-10 17:47:58', '2015-08-27 12:21:27'),
	(1246, 74, 'Krzeszowice Rynek 2', 1.35, '00:00:49', '2015-08-10 17:47:59', '2015-08-27 12:25:15'),
	(1247, 74, 'Krzeszowice - Czerna', 3.59, '00:02:21', '2015-08-10 17:47:59', '2015-08-27 12:21:27'),
	(1248, 74, 'Czerna - Filipowice', 7.33, '00:04:49', '2015-08-10 17:47:59', '2015-08-27 12:21:27'),
	(1249, 74, 'Krzeszowice Rynek 3', 1.35, '00:00:49', '2015-08-10 17:47:59', '2015-08-27 12:25:15'),
	(1251, 75, 'Bochnia Rynek', 1.70, '00:01:02', '2015-08-11 11:03:43', '2015-08-27 12:21:27'),
	(1252, 75, 'Bo-Glass', 5.14, '00:03:16', '2015-08-11 11:03:43', '2015-08-27 12:21:27'),
	(1253, 75, 'Lapanow', 8.40, '00:05:21', '2015-08-11 11:03:43', '2015-08-27 12:21:27'),
	(1254, 75, 'Lapanow - Laskowa', 23.30, '00:15:18', '2015-08-11 11:03:44', '2015-08-27 12:21:27'),
	(1255, 75, 'Laskowa - Krosna', 7.24, '00:04:26', '2015-08-11 11:03:44', '2015-08-27 12:21:27'),
	(1256, 75, 'Krosna - Bilsko', 11.47, '00:06:29', '2015-08-11 11:03:44', '2015-08-27 12:21:27'),
	(1257, 75, 'Bilsko - Iwkowa', 11.89, '00:07:16', '2015-08-11 11:03:44', '2015-08-27 12:21:27'),
	(1258, 75, 'Iwkowa - Lipnica Murowana', 13.94, '00:09:02', '2015-08-11 11:03:44', '2015-08-27 12:21:27'),
	(1259, 75, 'Lipnica Murowana - Nowy Wisnicz', 8.85, '00:05:46', '2015-08-11 11:03:44', '2015-08-27 12:21:27'),
	(1260, 75, 'Nowy Wisnicz - Bochnia', 7.86, '00:04:47', '2015-08-11 11:03:44', '2015-08-27 12:21:27'),
	(1261, 75, 'Bochnia Rynek 2', 1.70, '00:01:02', '2015-08-11 11:03:44', '2015-08-27 12:25:16'),
	(1262, 75, 'Rzezawa - Nowe Brzesko', 25.68, '00:14:49', '2015-08-11 11:03:44', '2015-08-27 12:21:27'),
	(1263, 75, 'Nowe Brzesko - Niepolomice', 20.37, '00:14:00', '2015-08-11 11:03:44', '2015-08-27 12:21:27'),
	(1264, 75, 'Niepolomice - Bochnia', 20.17, '00:12:33', '2015-08-11 11:03:44', '2015-08-27 12:21:27'),
	(1265, 75, 'Bochnia Rynek 3', 1.70, '00:01:02', '2015-08-11 11:03:44', '2015-08-27 12:25:16'),
	(1268, 76, 'Krakow Rynek', 2.85, '00:01:53', '2015-08-11 11:13:27', '2015-08-27 12:21:27'),
	(1269, 76, 'Kazimierz - Ruczaj', 5.69, '00:03:11', '2015-08-11 11:13:27', '2015-08-27 12:21:27'),
	(1270, 76, 'Ruczaj - Skawina', 9.39, '00:06:28', '2015-08-11 11:13:27', '2015-08-27 12:21:27'),
	(1271, 76, 'Skawina - Liszki', 14.27, '00:09:40', '2015-08-11 11:13:28', '2015-08-27 12:21:27'),
	(1272, 76, 'Liszki - Brzoskwinia', 10.50, '00:05:59', '2015-08-11 11:13:28', '2015-08-27 12:21:27'),
	(1273, 76, 'Brzoskwinia - Zabierzow', 10.53, '00:07:03', '2015-08-11 11:13:28', '2015-08-27 12:21:27'),
	(1274, 76, 'Zabierzow - Skala', 21.37, '00:12:11', '2015-08-11 11:13:28', '2015-08-27 12:21:27'),
	(1275, 76, 'Skala - Miechow', 28.10, '00:19:00', '2015-08-11 11:13:28', '2015-08-27 12:21:27'),
	(1276, 76, 'Miechow - Slomniki', 15.97, '00:09:40', '2015-08-11 11:13:28', '2015-08-27 12:21:27'),
	(1277, 76, 'Slomniki - Proszowice', 17.88, '00:11:34', '2015-08-11 11:13:28', '2015-08-27 12:21:27'),
	(1278, 76, 'Proszowice - Nowa Huta', 24.31, '00:15:18', '2015-08-11 11:13:28', '2015-08-27 12:21:27'),
	(1279, 76, 'Nowa Huta - Plaszow', 17.54, '00:11:49', '2015-08-11 11:13:28', '2015-08-27 12:21:27'),
	(1280, 76, 'Plaszow - Wieliczka', 10.43, '00:06:45', '2015-08-11 11:13:28', '2015-08-27 12:21:27'),
	(1281, 76, 'Wieliczka - Rybitwy', 10.48, '00:06:14', '2015-08-11 11:13:28', '2015-08-27 12:21:27'),
	(1282, 76, 'Rybitwy - Wawel', 7.85, '00:05:14', '2015-08-11 11:13:28', '2015-08-27 12:21:27'),
	(1283, 76, 'Krakow Rynek 2', 2.85, '00:01:53', '2015-08-11 11:13:28', '2015-08-27 12:25:16'),
	(1285, 77, 'Gdansk - Gdynia', 34.19, '00:20:35', '2015-08-11 11:24:14', '2015-08-27 12:21:27'),
	(1286, 77, 'Gdynia - Puck', 32.30, '00:19:19', '2015-08-11 11:24:14', '2015-08-27 12:21:27'),
	(1287, 77, 'Gdynia - Wladyslawowo', 14.39, '00:08:25', '2015-08-11 11:24:14', '2015-08-27 12:21:27'),
	(1288, 77, 'Wladyslawowo - Hel', 34.45, '00:22:20', '2015-08-11 11:24:14', '2015-08-27 12:21:27'),
	(1289, 77, 'Debki - Leba', 40.23, '00:27:03', '2015-08-11 11:24:14', '2015-08-27 12:21:27'),
	(1290, 77, 'Leba - Lebork', 29.90, '00:18:13', '2015-08-11 11:24:14', '2015-08-27 12:21:27'),
	(1291, 77, 'Lebork - Damno', 32.48, '00:18:19', '2015-08-11 11:24:14', '2015-08-27 12:21:27'),
	(1292, 77, 'Damno - Slupsk', 22.97, '00:14:50', '2015-08-11 11:24:14', '2015-08-27 12:21:27'),
	(1293, 77, 'Slupsk - Ustka', 18.97, '00:12:45', '2015-08-11 11:24:14', '2015-08-27 12:21:27'),
	(1294, 77, 'Ustka - Jaroslawiec', 28.54, '00:16:40', '2015-08-11 11:24:14', '2015-08-27 12:21:27'),
	(1295, 77, 'Jaroslawiec - Darlowo', 17.41, '00:11:36', '2015-08-11 11:24:14', '2015-08-27 12:21:27'),
	(1296, 77, 'Darlowo - Lazy', 27.65, '00:16:06', '2015-08-11 11:24:14', '2015-08-27 12:21:27'),
	(1297, 77, 'Lazy - Mielno', 9.59, '00:06:14', '2015-08-11 11:24:14', '2015-08-27 12:21:27'),
	(1298, 77, 'Mielno - Gaski', 10.66, '00:06:27', '2015-08-11 11:24:14', '2015-08-27 12:21:27'),
	(1299, 77, 'Gaski - Ustronie', 12.83, '00:07:12', '2015-08-11 11:24:15', '2015-08-27 12:21:27'),
	(1300, 77, 'Ustronie - Kolobrzeg', 13.68, '00:08:52', '2015-08-11 11:24:15', '2015-08-27 12:21:27'),
	(1301, 77, 'Kolobrzeg Rynek 1', 1.40, '00:00:47', '2015-08-11 11:24:15', '2015-08-27 12:21:27'),
	(1302, 78, 'Upper Old Hastings', 11.46, '00:07:06', '2015-08-11 11:38:06', '2015-08-27 12:21:27'),
	(1303, 78, 'Peanut 101', 15.14, '00:08:58', '2015-08-11 11:38:07', '2015-08-27 12:21:27'),
	(1304, 78, 'Upper Old Hastings 2', 11.46, '00:07:06', '2015-08-11 11:38:07', '2015-08-27 12:25:17'),
	(1305, 78, 'Old Detlor', 12.38, '00:07:56', '2015-08-11 11:38:07', '2015-08-27 12:21:27'),
	(1306, 78, 'Iron Bridge', 7.45, '00:04:21', '2015-08-11 11:38:07', '2015-08-27 12:21:27'),
	(1307, 78, 'Mayo Lake 101', 30.78, '00:20:55', '2015-08-11 11:38:07', '2015-08-27 12:21:27'),
	(1308, 78, 'Iron Bridge 2', 7.45, '00:04:21', '2015-08-11 11:38:07', '2015-08-27 12:25:17'),
	(1309, 78, 'Egan Creek', 27.95, '00:16:05', '2015-08-11 11:38:07', '2015-08-27 12:21:27'),
	(1310, 78, 'Lower Old Hastings', 14.73, '00:10:09', '2015-08-11 11:38:07', '2015-08-27 12:21:27'),
	(1311, 78, 'Middle Old Hastings', 7.25, '00:04:37', '2015-08-11 11:38:07', '2015-08-27 12:21:27'),
	(1312, 78, 'Golton', 2.17, '00:01:20', '2015-08-11 11:38:07', '2015-08-27 12:21:27'),
	(1313, 78, 'Golton 2', 2.17, '00:01:20', '2015-08-11 11:38:07', '2015-08-27 12:25:17'),
	(1314, 78, 'Egan 101', 31.93, '00:20:02', '2015-08-11 11:38:07', '2015-08-27 12:21:27'),
	(1315, 78, 'Lower Old Hastings 2', 14.73, '00:10:09', '2015-08-11 11:38:07', '2015-08-27 12:25:17'),
	(1316, 78, 'Middle Old Hastings', 7.22, '00:04:44', '2015-08-11 11:38:08', '2015-08-27 12:21:27'),
	(1319, 79, 'Transfagarasan Cascada', 9.59, '00:06:32', '2015-08-11 11:57:54', '2015-08-27 12:21:27'),
	(1320, 79, 'Transfagarasan Lac', 6.24, '00:04:01', '2015-08-11 11:57:54', '2015-08-27 12:21:27'),
	(1321, 79, 'Transfagarasan Lac 2', 6.24, '00:04:01', '2015-08-11 11:57:54', '2015-08-27 12:21:27'),
	(1322, 79, 'Transfagarasan Cascada 2', 9.59, '00:06:32', '2015-08-11 11:57:54', '2015-08-27 12:25:18'),
	(1323, 79, 'Baraj', 17.95, '00:11:02', '2015-08-11 11:57:55', '2015-08-27 12:21:27'),
	(1324, 79, 'Ilielaita', 9.99, '00:06:26', '2015-08-11 11:57:55', '2015-08-27 12:21:27'),
	(1325, 79, 'Fata Padurii', 14.38, '00:08:33', '2015-08-11 11:57:55', '2015-08-27 12:21:27'),
	(1326, 79, 'Baraj 2', 17.95, '00:11:02', '2015-08-11 11:57:55', '2015-08-27 12:25:18'),
	(1327, 79, 'Ilielaita 2', 9.99, '00:06:26', '2015-08-11 11:57:55', '2015-08-27 12:25:18'),
	(1328, 79, 'Fata Padurii 2', 14.38, '00:08:33', '2015-08-11 11:57:55', '2015-08-27 12:25:18'),
	(1329, 79, 'Paltinis', 9.75, '00:06:07', '2015-08-11 11:57:55', '2015-08-27 12:21:27'),
	(1330, 79, 'Paltinis Ski Resort', 15.89, '00:10:51', '2015-08-11 11:57:55', '2015-08-27 12:21:27'),
	(1331, 79, 'Sadu', 8.39, '00:05:10', '2015-08-11 11:57:55', '2015-08-27 12:21:27'),
	(1332, 79, 'Muncel', 29.39, '00:17:29', '2015-08-11 11:57:55', '2015-08-27 12:21:27'),
	(1333, 79, 'Paltinis Ski Resort 2', 15.89, '00:10:51', '2015-08-11 11:57:55', '2015-08-27 12:25:18'),
	(1334, 79, 'Muzeu', 3.52, '00:02:11', '2015-08-11 11:57:55', '2015-08-27 12:21:27'),
	(1335, 79, 'Sadu 2', 8.39, '00:05:10', '2015-08-11 11:57:55', '2015-08-27 12:25:18');
/*!40000 ALTER TABLE `rally_data_stage` ENABLE KEYS */;


-- Zrzut struktury tabela ral.rally_data_surface
CREATE TABLE IF NOT EXISTS `rally_data_surface` (
  `id` int(11) NOT NULL AUTO_INCREMENT,
  `rally_id` int(11) DEFAULT NULL,
  `surface` varchar(255) DEFAULT NULL,
  `percentage` float(8,2) DEFAULT NULL,
  `created_at` datetime NOT NULL,
  `updated_at` datetime NOT NULL,
  PRIMARY KEY (`id`),
  KEY `rally_id_idx` (`rally_id`)
) ENGINE=MyISAM AUTO_INCREMENT=158 DEFAULT CHARSET=utf8;

-- Zrzucanie danych dla tabeli ral.rally_data_surface: 143 rows
DELETE FROM `rally_data_surface`;
/*!40000 ALTER TABLE `rally_data_surface` DISABLE KEYS */;
INSERT INTO `rally_data_surface` (`id`, `rally_id`, `surface`, `percentage`, `created_at`, `updated_at`) VALUES
	(1, 1, 'tarmac', 95.00, '2015-08-08 12:50:19', '2015-08-08 12:50:19'),
	(2, 1, 'gravel', 5.00, '2015-08-08 12:50:19', '2015-08-08 12:50:19'),
	(3, 2, 'snow', 100.00, '2015-08-08 12:56:21', '2015-08-08 12:56:21'),
	(4, 3, 'gravel', 100.00, '2015-08-08 13:01:41', '2015-08-08 13:01:41'),
	(5, 4, 'gravel', 100.00, '2015-08-08 13:05:32', '2015-08-08 13:05:32'),
	(6, 4, 'rain', 20.00, '2015-08-08 13:05:32', '2015-08-08 13:05:32'),
	(7, 5, 'gravel', 95.00, '2015-08-08 13:09:53', '2015-08-08 13:09:53'),
	(8, 5, 'tarmac', 5.00, '2015-08-08 13:09:53', '2015-08-08 13:09:53'),
	(9, 5, 'rain', 15.00, '2015-08-08 13:09:53', '2015-08-08 13:09:53'),
	(10, 6, 'gravel', 93.00, '2015-08-08 14:53:32', '2015-08-08 14:53:32'),
	(11, 6, 'tarmac', 7.00, '2015-08-08 14:53:32', '2015-08-08 14:53:32'),
	(12, 6, 'rain', 20.00, '2015-08-08 14:53:32', '2015-08-08 14:53:32'),
	(13, 7, 'gravel', 63.00, '2015-08-08 14:58:53', '2015-08-08 14:58:53'),
	(14, 7, 'tarmac', 37.00, '2015-08-08 14:58:53', '2015-08-08 14:58:53'),
	(15, 7, 'rain', 31.00, '2015-08-08 14:58:53', '2015-08-08 14:58:53'),
	(16, 8, 'gravel', 79.00, '2015-08-08 17:48:37', '2015-08-08 17:48:37'),
	(17, 8, 'tarmac', 21.00, '2015-08-08 17:48:37', '2015-08-08 17:48:37'),
	(18, 8, 'rain', 7.00, '2015-08-08 17:48:37', '2015-08-08 17:48:37'),
	(19, 9, 'tarmac', 93.00, '2015-08-08 18:06:00', '2015-08-08 18:06:00'),
	(20, 9, 'gravel', 7.00, '2015-08-08 18:06:00', '2015-08-08 18:06:00'),
	(21, 9, 'rain', 5.00, '2015-08-08 18:06:00', '2015-08-08 18:06:00'),
	(22, 10, 'gravel', 100.00, '2015-08-08 18:15:39', '2015-08-08 18:15:39'),
	(23, 11, 'tarmac', 100.00, '2015-08-09 09:08:16', '2015-08-09 09:08:16'),
	(24, 11, 'rain', 5.00, '2015-08-09 09:08:16', '2015-08-09 09:08:16'),
	(25, 12, 'tarmac', 61.00, '2015-08-09 09:29:16', '2015-08-09 09:29:16'),
	(26, 12, 'gravel', 39.00, '2015-08-09 09:29:16', '2015-08-09 09:29:16'),
	(27, 12, 'rain', 11.00, '2015-08-09 09:29:16', '2015-08-09 09:29:16'),
	(28, 13, 'gravel', 93.00, '2015-08-09 09:33:26', '2015-08-09 09:33:26'),
	(29, 13, 'tarmac', 7.00, '2015-08-09 09:33:26', '2015-08-09 09:33:26'),
	(30, 13, 'rain', 56.00, '2015-08-09 09:33:26', '2015-08-09 09:33:26'),
	(31, 14, 'tarmac', 58.00, '2015-08-09 14:43:28', '2015-08-09 14:43:28'),
	(32, 14, 'snow', 42.00, '2015-08-09 14:43:28', '2015-08-09 14:43:28'),
	(33, 14, 'rain', 5.00, '2015-08-09 14:43:28', '2015-08-09 14:43:28'),
	(34, 15, 'gravel', 63.00, '2015-08-09 14:47:06', '2015-08-09 14:47:06'),
	(35, 15, 'snow', 37.00, '2015-08-09 14:47:06', '2015-08-09 14:47:06'),
	(36, 15, 'rain', 11.00, '2015-08-09 14:47:06', '2015-08-09 14:47:06'),
	(37, 16, 'tarmac', 100.00, '2015-08-09 18:29:55', '2015-08-09 18:29:55'),
	(38, 16, 'rain', 35.00, '2015-08-09 18:29:55', '2015-08-09 18:29:55'),
	(39, 17, 'gravel', 88.00, '2015-08-09 18:37:22', '2015-08-09 18:37:22'),
	(40, 17, 'tarmac', 12.00, '2015-08-09 18:37:22', '2015-08-09 18:37:22'),
	(41, 17, 'rain', 3.00, '2015-08-09 18:37:22', '2015-08-09 18:37:22'),
	(42, 18, 'tarmac', 100.00, '2015-08-10 10:35:26', '2015-08-10 10:35:26'),
	(43, 18, 'rain', 15.00, '2015-08-10 10:35:26', '2015-08-10 10:35:26'),
	(58, 26, 'gravel', 100.00, '2015-08-10 10:51:22', '2015-08-10 10:51:22'),
	(59, 26, 'rain', 15.00, '2015-08-10 10:51:22', '2015-08-10 10:51:22'),
	(60, 27, 'tarmac', 100.00, '2015-08-10 10:54:48', '2015-08-10 10:54:48'),
	(61, 27, 'rain', 11.00, '2015-08-10 10:54:48', '2015-08-10 10:54:48'),
	(62, 28, 'gravel', 100.00, '2015-08-10 10:57:37', '2015-08-10 10:57:37'),
	(63, 29, 'gravel', 100.00, '2015-08-10 11:00:38', '2015-08-10 11:00:38'),
	(64, 30, 'tarmac', 100.00, '2015-08-10 11:04:16', '2015-08-10 11:04:16'),
	(65, 30, 'rain', 15.00, '2015-08-10 11:04:16', '2015-08-10 11:04:16'),
	(66, 31, 'snow', 100.00, '2015-08-10 11:11:05', '2015-08-10 11:11:05'),
	(67, 31, 'rain', 5.00, '2015-08-10 11:11:05', '2015-08-10 11:11:05'),
	(68, 32, 'tarmac', 100.00, '2015-08-10 11:14:37', '2015-08-10 11:14:37'),
	(69, 33, 'tarmac', 100.00, '2015-08-10 11:21:17', '2015-08-10 11:21:17'),
	(70, 33, 'rain', 15.00, '2015-08-10 11:21:17', '2015-08-10 11:21:17'),
	(71, 34, 'gravel', 85.00, '2015-08-10 11:25:24', '2015-08-10 11:25:24'),
	(72, 34, 'tarmac', 15.00, '2015-08-10 11:25:24', '2015-08-10 11:25:24'),
	(73, 34, 'rain', 15.00, '2015-08-10 11:25:24', '2015-08-10 11:25:24'),
	(74, 35, 'tarmac', 100.00, '2015-08-10 11:27:51', '2015-08-10 11:27:51'),
	(75, 36, 'tarmac', 100.00, '2015-08-10 11:35:54', '2015-08-10 11:35:54'),
	(76, 36, 'rain', 11.00, '2015-08-10 11:35:54', '2015-08-10 11:35:54'),
	(77, 37, 'snow', 100.00, '2015-08-10 11:58:58', '2015-08-10 11:58:58'),
	(78, 38, 'snow', 85.00, '2015-08-10 12:01:22', '2015-08-10 12:01:22'),
	(79, 38, 'gravel', 15.00, '2015-08-10 12:01:23', '2015-08-10 12:01:23'),
	(80, 38, 'rain', 10.00, '2015-08-10 12:01:23', '2015-08-10 12:01:23'),
	(81, 39, 'snow', 100.00, '2015-08-10 12:04:32', '2015-08-10 12:04:32'),
	(82, 39, 'rain', 11.00, '2015-08-10 12:04:32', '2015-08-10 12:04:32'),
	(83, 40, 'snow', 100.00, '2015-08-10 12:14:12', '2015-08-10 12:14:12'),
	(84, 41, 'snow', 69.00, '2015-08-10 12:16:39', '2015-08-10 12:16:39'),
	(85, 41, 'gravel', 31.00, '2015-08-10 12:16:39', '2015-08-10 12:16:39'),
	(86, 41, 'rain', 5.00, '2015-08-10 12:16:40', '2015-08-10 12:16:40'),
	(87, 42, 'gravel', 61.00, '2015-08-10 12:19:14', '2015-08-10 12:19:14'),
	(88, 42, 'snow', 39.00, '2015-08-10 12:19:14', '2015-08-10 12:19:14'),
	(89, 43, 'snow', 89.00, '2015-08-10 12:45:01', '2015-08-10 12:45:01'),
	(90, 43, 'gravel', 11.00, '2015-08-10 12:45:01', '2015-08-10 12:45:01'),
	(91, 43, 'rain', 15.00, '2015-08-10 12:45:01', '2015-08-10 12:45:01'),
	(92, 44, 'snow', 78.00, '2015-08-10 12:56:06', '2015-08-10 12:56:06'),
	(93, 44, 'gravel', 22.00, '2015-08-10 12:56:06', '2015-08-10 12:56:06'),
	(94, 44, 'rain', 11.00, '2015-08-10 12:56:06', '2015-08-10 12:56:06'),
	(95, 45, 'snow', 100.00, '2015-08-10 13:00:49', '2015-08-10 13:00:49'),
	(96, 46, 'snow', 89.00, '2015-08-10 13:05:04', '2015-08-10 13:05:04'),
	(97, 46, 'gravel', 11.00, '2015-08-10 13:05:04', '2015-08-10 13:05:04'),
	(98, 47, 'snow', 100.00, '2015-08-10 13:16:42', '2015-08-10 13:16:42'),
	(99, 47, 'rain', 33.00, '2015-08-10 13:16:42', '2015-08-10 13:16:42'),
	(100, 48, 'snow', 91.00, '2015-08-10 13:18:36', '2015-08-10 13:18:36'),
	(101, 48, 'gravel', 9.00, '2015-08-10 13:18:36', '2015-08-10 13:18:36'),
	(102, 48, 'rain', 3.00, '2015-08-10 13:18:36', '2015-08-10 13:18:36'),
	(104, 49, 'gravel', 21.00, '2015-08-10 15:12:07', '2015-08-10 15:12:07'),
	(103, 49, 'snow', 79.00, '2015-08-10 15:12:07', '2015-08-10 15:12:07'),
	(106, 50, 'rain', 45.00, '2015-08-10 15:21:49', '2015-08-10 15:21:49'),
	(105, 50, 'snow', 100.00, '2015-08-10 15:21:49', '2015-08-10 15:21:49'),
	(108, 51, 'snow', 11.00, '2015-08-10 15:24:01', '2015-08-10 15:24:01'),
	(107, 51, 'snow', 100.00, '2015-08-10 15:24:01', '2015-08-10 15:24:01'),
	(110, 52, 'gravel', 2.00, '2015-08-10 15:30:10', '2015-08-10 15:30:10'),
	(109, 52, 'tarmac', 98.00, '2015-08-10 15:30:10', '2015-08-10 15:30:10'),
	(112, 53, 'gravel', 42.00, '2015-08-10 15:36:15', '2015-08-10 15:36:15'),
	(111, 53, 'tarmac', 58.00, '2015-08-10 15:36:15', '2015-08-10 15:36:15'),
	(113, 54, 'tarmac', 100.00, '2015-08-10 15:38:49', '2015-08-10 15:38:49'),
	(115, 55, 'gravel', 49.00, '2015-08-10 15:41:57', '2015-08-10 15:41:57'),
	(114, 55, 'tarmac', 51.00, '2015-08-10 15:41:57', '2015-08-10 15:41:57'),
	(116, 56, 'gravel', 100.00, '2015-08-10 15:44:48', '2015-08-10 15:44:48'),
	(117, 57, 'tarmac', 100.00, '2015-08-10 15:48:24', '2015-08-10 15:48:24'),
	(118, 57, 'rain', 28.00, '2015-08-10 15:48:24', '2015-08-10 15:48:24'),
	(119, 58, 'tarmac', 100.00, '2015-08-10 15:50:44', '2015-08-10 15:50:44'),
	(120, 59, 'gravel', 75.00, '2015-08-10 15:54:30', '2015-08-10 15:54:30'),
	(121, 59, 'tarmac', 25.00, '2015-08-10 15:54:30', '2015-08-10 15:54:30'),
	(122, 60, 'tarmac', 100.00, '2015-08-10 16:20:57', '2015-08-10 16:20:57'),
	(123, 60, 'rain', 11.00, '2015-08-10 16:20:57', '2015-08-10 16:20:57'),
	(124, 61, 'tarmac', 100.00, '2015-08-10 16:27:13', '2015-08-10 16:27:13'),
	(125, 62, 'tarmac', 100.00, '2015-08-10 16:29:02', '2015-08-10 16:29:02'),
	(126, 63, 'tarmac', 87.00, '2015-08-10 16:31:41', '2015-08-10 16:31:41'),
	(127, 63, 'gravel', 13.00, '2015-08-10 16:31:41', '2015-08-10 16:31:41'),
	(128, 63, 'rain', 17.00, '2015-08-10 16:31:41', '2015-08-10 16:31:41'),
	(129, 64, 'gravel', 100.00, '2015-08-10 16:38:22', '2015-08-10 16:38:22'),
	(130, 65, 'tarmac', 87.00, '2015-08-10 16:41:16', '2015-08-10 16:41:16'),
	(131, 65, 'gravel', 13.00, '2015-08-10 16:41:16', '2015-08-10 16:41:16'),
	(132, 65, 'rain', 5.00, '2015-08-10 16:41:16', '2015-08-10 16:41:16'),
	(133, 66, 'tarmac', 100.00, '2015-08-10 16:47:23', '2015-08-10 16:47:23'),
	(134, 67, 'gravel', 100.00, '2015-08-10 16:50:08', '2015-08-10 16:50:08'),
	(135, 68, 'gravel', 73.00, '2015-08-10 16:52:25', '2015-08-10 16:52:25'),
	(136, 68, 'tarmac', 27.00, '2015-08-10 16:52:25', '2015-08-10 16:52:25'),
	(137, 68, 'rain', 11.00, '2015-08-10 16:52:25', '2015-08-10 16:52:25'),
	(138, 69, 'tarmac', 100.00, '2015-08-10 16:54:38', '2015-08-10 16:54:38'),
	(139, 69, 'rain', 73.00, '2015-08-10 16:54:38', '2015-08-10 16:54:38'),
	(140, 70, 'gravel', 100.00, '2015-08-10 17:20:46', '2015-08-10 17:20:46'),
	(141, 71, 'gravel', 100.00, '2015-08-10 17:24:19', '2015-08-10 17:24:19'),
	(142, 72, 'tarmac', 61.00, '2015-08-10 17:28:34', '2015-08-10 17:28:34'),
	(143, 72, 'gravel', 39.00, '2015-08-10 17:28:35', '2015-08-10 17:28:35'),
	(144, 72, 'rain', 18.00, '2015-08-10 17:28:35', '2015-08-10 17:28:35'),
	(145, 73, 'tarmac', 100.00, '2015-08-10 17:30:34', '2015-08-10 17:30:34'),
	(146, 74, 'tarmac', 67.00, '2015-08-10 17:47:58', '2015-08-10 17:47:58'),
	(147, 74, 'gravel', 33.00, '2015-08-10 17:47:58', '2015-08-10 17:47:58'),
	(148, 75, 'tarmac', 100.00, '2015-08-11 11:03:43', '2015-08-11 11:03:43'),
	(149, 75, 'rain', 5.00, '2015-08-11 11:03:43', '2015-08-11 11:03:43'),
	(150, 76, 'tarmac', 73.00, '2015-08-11 11:13:27', '2015-08-11 11:13:27'),
	(151, 76, 'gravel', 27.00, '2015-08-11 11:13:27', '2015-08-11 11:13:27'),
	(152, 76, 'rain', 21.00, '2015-08-11 11:13:27', '2015-08-11 11:13:27'),
	(153, 77, 'gravel', 73.00, '2015-08-11 11:24:13', '2015-08-11 11:24:13'),
	(154, 77, 'tarmac', 27.00, '2015-08-11 11:24:13', '2015-08-11 11:24:13'),
	(155, 77, 'rain', 11.00, '2015-08-11 11:24:13', '2015-08-11 11:24:13'),
	(156, 78, 'gravel', 100.00, '2015-08-11 11:38:06', '2015-08-11 11:38:06'),
	(157, 79, 'gravel', 100.00, '2015-08-11 11:57:54', '2015-08-11 11:57:54');
/*!40000 ALTER TABLE `rally_data_surface` ENABLE KEYS */;


-- Zrzut struktury tabela ral.rally_friendly
CREATE TABLE IF NOT EXISTS `rally_friendly` (
  `id` int(11) NOT NULL AUTO_INCREMENT,
  `rally_id` int(11) DEFAULT NULL,
  `user_id` int(11) DEFAULT NULL,
  `invite_only` tinyint(1) DEFAULT '0',
  `from_gold_member` tinyint(1) DEFAULT '0',
  `description` text NOT NULL,
  `start_friendly_date` datetime DEFAULT NULL,
  `created_at` datetime NOT NULL,
  `updated_at` datetime NOT NULL,
  `deleted_at` datetime DEFAULT NULL,
  PRIMARY KEY (`id`),
  KEY `rally_id_idx` (`rally_id`),
  KEY `rally_friendly_user_id_user_user_id` (`user_id`)
) ENGINE=MyISAM AUTO_INCREMENT=8 DEFAULT CHARSET=utf8;

-- Zrzucanie danych dla tabeli ral.rally_friendly: 7 rows
DELETE FROM `rally_friendly`;
/*!40000 ALTER TABLE `rally_friendly` DISABLE KEYS */;
INSERT INTO `rally_friendly` (`id`, `rally_id`, `user_id`, `invite_only`, `from_gold_member`, `description`, `start_friendly_date`, `created_at`, `updated_at`, `deleted_at`) VALUES
	(1, 116, 26, 0, 0, 'Rajd wokół Rzeszowa', NULL, '2015-09-01 10:14:09', '2015-09-01 10:14:09', NULL),
	(2, 117, 9, 0, 0, 'Co robi to pole?', NULL, '2015-09-01 17:50:09', '2015-09-02 14:00:01', '2015-09-02 14:00:01'),
	(3, 122, 2, 0, 0, 'this is test rally ', NULL, '2015-09-03 11:06:47', '2015-09-03 11:06:47', NULL),
	(4, 123, 26, 0, 0, 'Wyścig wokół Krakowa', NULL, '2015-09-04 10:29:32', '2015-09-04 10:29:32', NULL),
	(5, 124, 26, 1, 0, 'Rajd Wokół Warszawy', NULL, '2015-09-04 10:32:34', '2015-09-04 10:32:34', NULL),
	(6, 125, 26, 1, 0, 'Rajd wokówł Szczecina.', NULL, '2015-09-04 10:39:16', '2015-09-04 10:39:16', NULL),
	(7, 126, 13, 1, 0, 'Wokół Gdynii dddd dddddd wwww sqsfq wfqkjqdask fdasdf Wokół Gdynii dddd dddddd wwww sqsfq wfqkjqdask fdasdf Wokół Gdynii dddd dddddd wwww sqsfq wfqkjqdask fdasdf Wokół Gdynii dddd dddddd wwww sqsfq wfqkjqdask fdasdf Wokół Gdynii dddd dddddd wwww sqsfq wfqkjqdask fdasdf ', NULL, '2015-09-04 10:53:22', '2015-09-04 10:53:22', NULL);
/*!40000 ALTER TABLE `rally_friendly` ENABLE KEYS */;


-- Zrzut struktury tabela ral.rally_friendly_invitations
CREATE TABLE IF NOT EXISTS `rally_friendly_invitations` (
  `id` int(11) NOT NULL AUTO_INCREMENT,
  `friendly_id` int(11) DEFAULT NULL,
  `user_id` int(11) DEFAULT NULL,
  `created_at` datetime NOT NULL,
  `updated_at` datetime NOT NULL,
  `deleted_at` datetime DEFAULT NULL,
  PRIMARY KEY (`id`),
  KEY `friendly_id_idx` (`friendly_id`),
  KEY `rally_friendly_invitations_user_id_user_user_id` (`user_id`)
) ENGINE=MyISAM AUTO_INCREMENT=2 DEFAULT CHARSET=utf8;

-- Zrzucanie danych dla tabeli ral.rally_friendly_invitations: 1 rows
DELETE FROM `rally_friendly_invitations`;
/*!40000 ALTER TABLE `rally_friendly_invitations` DISABLE KEYS */;
INSERT INTO `rally_friendly_invitations` (`id`, `friendly_id`, `user_id`, `created_at`, `updated_at`, `deleted_at`) VALUES
	(1, 6, 13, '2015-09-04 10:39:47', '2015-09-04 10:39:47', NULL);
/*!40000 ALTER TABLE `rally_friendly_invitations` ENABLE KEYS */;


-- Zrzut struktury tabela ral.rally_friendly_participants
CREATE TABLE IF NOT EXISTS `rally_friendly_participants` (
  `id` int(11) NOT NULL AUTO_INCREMENT,
  `friendly_id` int(11) DEFAULT NULL,
  `crew_id` int(11) DEFAULT NULL,
  `user_id` int(11) DEFAULT NULL,
  `from_gold_member` tinyint(1) DEFAULT '0',
  `created_at` datetime NOT NULL,
  `updated_at` datetime NOT NULL,
  `deleted_at` datetime DEFAULT NULL,
  PRIMARY KEY (`id`),
  UNIQUE KEY `friendly_id_user_id` (`friendly_id`,`user_id`,`crew_id`),
  KEY `rally_friendly_participants_friendly_id_rally_friendly_id` (`friendly_id`),
  KEY `rally_friendly_participants_user_id_user_user_id` (`user_id`),
  KEY `rally_friendly_participants_crew_id_rally_crew_id` (`crew_id`)
) ENGINE=MyISAM AUTO_INCREMENT=16 DEFAULT CHARSET=utf8;

-- Zrzucanie danych dla tabeli ral.rally_friendly_participants: 15 rows
DELETE FROM `rally_friendly_participants`;
/*!40000 ALTER TABLE `rally_friendly_participants` DISABLE KEYS */;
INSERT INTO `rally_friendly_participants` (`id`, `friendly_id`, `crew_id`, `user_id`, `from_gold_member`, `created_at`, `updated_at`, `deleted_at`) VALUES
	(1, 1, 71, 26, 0, '2015-09-01 10:14:09', '2015-09-01 10:14:09', NULL),
	(2, 1, 72, 7, 0, '2015-09-01 15:29:17', '2015-09-01 15:29:17', NULL),
	(3, 1, 74, 9, 1, '2015-09-01 17:35:11', '2015-09-01 17:35:11', NULL),
	(4, 2, 77, 9, 0, '2015-09-01 17:50:09', '2015-09-02 14:00:01', '2015-09-02 14:00:01'),
	(5, 1, 80, 12, 0, '2015-09-01 22:38:45', '2015-09-01 22:38:45', NULL),
	(6, 1, 83, 2, 0, '2015-09-02 10:02:21', '2015-09-02 10:02:21', NULL),
	(7, 1, 84, 8, 0, '2015-09-02 10:15:34', '2015-09-02 10:15:34', NULL),
	(8, 3, 85, 2, 0, '2015-09-03 11:06:47', '2015-09-03 11:06:47', NULL),
	(9, 3, 89, 5, 1, '2015-09-03 19:14:28', '2015-09-03 19:14:28', NULL),
	(10, 4, 92, 26, 0, '2015-09-04 10:29:32', '2015-09-04 10:29:32', NULL),
	(11, 5, 93, 26, 0, '2015-09-04 10:32:34', '2015-09-04 10:32:34', NULL),
	(12, 6, 94, 26, 0, '2015-09-04 10:39:16', '2015-09-04 10:39:16', NULL),
	(13, 6, 95, 13, 0, '2015-09-04 10:51:59', '2015-09-04 10:51:59', NULL),
	(14, 7, 96, 13, 0, '2015-09-04 10:53:22', '2015-09-04 10:53:22', NULL),
	(15, 4, 104, 9, 1, '2015-09-04 12:32:33', '2015-09-04 12:32:33', NULL);
/*!40000 ALTER TABLE `rally_friendly_participants` ENABLE KEYS */;


-- Zrzut struktury tabela ral.rally_rally
CREATE TABLE IF NOT EXISTS `rally_rally` (
  `id` int(11) NOT NULL AUTO_INCREMENT,
  `name` varchar(255) DEFAULT NULL,
  `description` text,
  `slug` varchar(255) DEFAULT NULL,
  `date` datetime DEFAULT NULL,
  `active` tinyint(1) DEFAULT '1',
  `league_rally` tinyint(1) NOT NULL DEFAULT '0',
  `surface` varchar(255) DEFAULT NULL,
  `league` varchar(50) NOT NULL DEFAULT '5.00',
  `big_awards` tinyint(1) NOT NULL DEFAULT '0',
  `finished` tinyint(1) NOT NULL DEFAULT '0',
  `friendly` tinyint(1) NOT NULL DEFAULT '0',
  `created_at` datetime NOT NULL,
  `updated_at` datetime NOT NULL,
  `deleted_at` datetime DEFAULT NULL,
  PRIMARY KEY (`id`)
) ENGINE=MyISAM AUTO_INCREMENT=127 DEFAULT CHARSET=utf8;

-- Zrzucanie danych dla tabeli ral.rally_rally: 115 rows
DELETE FROM `rally_rally`;
/*!40000 ALTER TABLE `rally_rally` DISABLE KEYS */;
INSERT INTO `rally_rally` (`id`, `name`, `description`, `slug`, `date`, `active`, `league_rally`, `surface`, `league`, `big_awards`, `finished`, `friendly`, `created_at`, `updated_at`, `deleted_at`) VALUES
	(1, 'Rally Monte Carlo', '', 'rally-monte-carlo', '2015-08-27 09:00:00', 1, 0, NULL, '1', 0, 1, 0, '2015-08-08 12:50:19', '2015-08-27 13:30:02', NULL),
	(2, 'Rally Sweden', '', 'rally-sweden', '2015-09-03 09:00:00', 1, 0, NULL, '1', 0, 1, 0, '2015-08-08 12:56:21', '2015-09-03 12:45:01', NULL),
	(3, 'Rally Guanajuato Mexico', '', 'rally-guanajuato-mexico', '2015-09-10 09:00:00', 1, 0, NULL, '1', 0, 0, 0, '2015-08-08 13:01:41', '2015-08-13 10:37:28', NULL),
	(4, 'XION RALLY ARGENTINA', '', 'xion-rally-argentina', '2015-09-17 09:00:00', 1, 0, NULL, '1', 0, 0, 0, '2015-08-08 13:05:32', '2015-08-13 10:37:28', NULL),
	(5, 'Rally de Portugal', '', 'rally-de-portugal', '2015-09-24 09:00:00', 1, 0, NULL, '1', 0, 0, 0, '2015-08-08 13:09:53', '2015-08-13 10:37:28', NULL),
	(6, 'RALLY ITALIA SARDEGNA', '', 'rally-italia-sardegna', '2015-10-01 09:00:00', 1, 0, NULL, '1', 0, 0, 0, '2015-08-08 14:53:32', '2015-08-13 10:37:28', NULL),
	(7, 'Rally Poland', '', 'rally-poland', '2015-10-08 09:00:00', 1, 0, NULL, '1', 0, 0, 0, '2015-08-08 14:58:53', '2015-08-13 10:37:28', NULL),
	(8, 'Rally Finland', '', 'rally-finland', '2015-10-15 09:00:00', 1, 0, NULL, '1', 0, 0, 0, '2015-08-08 17:48:37', '2015-08-13 10:37:28', NULL),
	(9, 'Rally Deutschland', '', 'rally-deutschland', '2015-10-22 09:00:00', 1, 0, NULL, '1', 0, 0, 0, '2015-08-08 18:05:59', '2015-08-13 10:37:28', NULL),
	(10, 'Rally Australia', '', 'rally-australia', '2015-10-29 09:00:00', 1, 0, NULL, '1', 0, 0, 0, '2015-08-08 18:15:39', '2015-08-13 10:37:28', NULL),
	(11, 'Tour de Corse', '', 'tour-de-corse', '2015-11-05 09:00:00', 1, 0, NULL, '1', 0, 0, 0, '2015-08-09 09:08:15', '2015-08-13 10:37:28', NULL),
	(12, 'Rally Catalunya', '', 'rally-catalunya', '2015-11-12 09:00:00', 1, 0, NULL, '1', 0, 0, 0, '2015-08-09 09:29:15', '2015-08-13 10:37:43', NULL),
	(13, 'Wales Rally', '', 'wales-rally', '2015-08-28 09:00:00', 1, 0, NULL, '1', 0, 1, 0, '2015-08-09 09:33:26', '2015-08-28 13:45:02', NULL),
	(14, 'Janner Rally', '', 'janner-rally', '2015-09-04 09:00:00', 1, 0, NULL, '1', 0, 1, 0, '2015-08-09 14:43:27', '2015-09-04 13:00:00', NULL),
	(15, 'Rally Liepāja', '', 'rally-liepaja', '2015-09-11 09:00:00', 1, 0, NULL, '1', 0, 0, 0, '2015-08-09 14:47:06', '2015-08-13 10:37:43', NULL),
	(16, 'Rally Ireland', '', 'rally-ireland', '2015-09-18 09:00:00', 1, 0, NULL, '1', 0, 0, 0, '2015-08-09 18:29:55', '2015-08-13 10:37:43', NULL),
	(17, 'Rally Azores', '', 'rally-azores', '2015-09-25 09:00:00', 1, 0, NULL, '1', 0, 0, 0, '2015-08-09 18:37:22', '2015-08-13 10:37:43', NULL),
	(18, 'Ypres Rally', '', 'ypres-rally', '2015-10-02 09:00:00', 1, 0, NULL, '1', 0, 0, 0, '2015-08-10 10:35:26', '2015-08-13 10:37:43', NULL),
	(26, 'Rally Estonia', '', 'rally-estonia', '2015-10-09 09:00:00', 1, 0, NULL, '1', 0, 0, 0, '2015-08-10 10:51:22', '2015-08-13 10:37:43', NULL),
	(27, 'Rally Zlin', '', 'rally-zlin', '2015-10-16 09:00:00', 1, 0, NULL, '1', 0, 0, 0, '2015-08-10 10:54:48', '2015-08-13 10:37:43', NULL),
	(28, 'Cyprus Rally', '', 'cyprus-rally', '2015-10-23 09:00:00', 1, 0, NULL, '1', 0, 0, 0, '2015-08-10 10:57:37', '2015-08-13 10:37:43', NULL),
	(29, 'Acropolis Rally', '', 'acropolis-rally', '2015-10-30 09:00:00', 1, 0, NULL, '1', 0, 0, 0, '2015-08-10 11:00:38', '2015-08-13 10:37:43', NULL),
	(30, 'Rallye du Valais', '', 'rallye-du-valais', '2015-11-06 09:00:00', 1, 0, NULL, '1', 0, 0, 0, '2015-08-10 11:04:16', '2015-08-13 10:37:43', NULL),
	(31, 'Rajd Arlamow', '', 'rajd-arlamow', '2015-11-13 09:00:00', 1, 0, NULL, '1', 0, 0, 0, '2015-08-10 11:11:05', '2015-08-13 10:37:43', NULL),
	(32, 'Rajd Dolnoslaski', '', 'rajd-dolnoslaski', '2015-08-29 09:00:00', 1, 0, NULL, '1', 0, 1, 0, '2015-08-10 11:14:37', '2015-08-29 13:30:01', NULL),
	(33, 'Rajd Karkonoski', '', 'rajd-karkonoski', '2015-09-05 09:00:00', 1, 0, NULL, '1', 0, 0, 0, '2015-08-10 11:21:17', '2015-08-13 10:37:43', NULL),
	(34, 'Rajd Baltic Cup', '', 'rajd-baltic-cup', '2015-09-12 09:00:00', 1, 0, NULL, '1', 0, 0, 0, '2015-08-10 11:25:24', '2015-08-13 10:37:43', NULL),
	(35, 'Rajd Rzeszowski', '', 'rajd-rzeszowski', '2015-09-19 09:00:00', 1, 0, NULL, '1', 0, 0, 0, '2015-08-10 11:27:51', '2015-08-13 10:37:43', NULL),
	(36, 'Rajd Swidnicki', '', 'rajd-swidnicki', '2015-09-26 09:00:00', 1, 0, NULL, '1', 0, 0, 0, '2015-08-10 11:35:54', '2015-08-13 10:37:43', NULL),
	(37, 'Cochrane Winter Rally', '', 'cochrane-winter-rally', '2015-10-03 09:00:00', 1, 0, NULL, '1', 0, 0, 0, '2015-08-10 11:58:56', '2015-08-13 10:37:43', NULL),
	(38, 'Rally Russia', '', 'rally-russia', '2015-10-10 09:00:00', 1, 0, NULL, '1', 0, 0, 0, '2015-08-10 12:01:22', '2015-08-13 10:37:43', NULL),
	(39, 'Ostersund Winter Rally', '', 'ostersund-winter-rally', '2015-10-17 09:00:00', 1, 0, NULL, '1', 0, 0, 0, '2015-08-10 12:04:32', '2015-08-13 10:37:43', NULL),
	(40, 'Aurskog Holand Rally', '', 'aurskog-holand-rally', '2015-10-24 09:00:00', 1, 0, NULL, '1', 0, 0, 0, '2015-08-10 12:14:12', '2015-08-13 10:37:43', NULL),
	(41, 'Rally Elverum', '', 'rally-elverum', '2015-10-31 09:00:00', 1, 0, NULL, '1', 0, 0, 0, '2015-08-10 12:16:39', '2015-08-13 10:37:43', NULL),
	(42, 'Rally Hadeland', '', 'rally-hadeland', '2015-11-07 09:00:00', 1, 0, NULL, '1', 0, 0, 0, '2015-08-10 12:19:14', '2015-08-13 10:37:43', NULL),
	(43, 'Rally Hedemarken', '', 'rally-hedemarken', '2015-11-14 09:00:00', 1, 0, NULL, '1', 0, 0, 0, '2015-08-10 12:45:01', '2015-08-13 10:37:43', NULL),
	(44, 'Mountain Rally Norway', '', 'mountain-rally-norway', '2015-09-02 09:00:00', 1, 0, NULL, '1', 1, 1, 0, '2015-08-10 12:56:06', '2015-09-02 09:15:00', NULL),
	(45, 'Rally Norway', '', 'rally-norway', '2015-09-09 09:00:00', 1, 0, NULL, '1', 0, 0, 0, '2015-08-10 13:00:49', '2015-08-25 17:26:13', NULL),
	(46, 'Numedalsrally', '', 'numedalsrally', '2015-09-16 09:00:00', 1, 0, NULL, '1', 0, 0, 0, '2015-08-10 13:05:04', '2015-08-25 17:27:15', NULL),
	(47, 'Sigdalsrally', '', 'sigdalsrally', '2015-09-20 09:00:00', 1, 0, NULL, '1', 0, 0, 0, '2015-08-10 13:16:42', '2015-08-13 10:37:43', NULL),
	(48, 'Rally Sokndal', '', 'rally-sokndal', '2015-09-27 09:00:00', 1, 0, NULL, '1', 0, 0, 0, '2015-08-10 13:18:36', '2015-08-13 10:37:43', NULL),
	(49, 'Rally Sorland', '', 'rally-sorland', '2015-10-04 09:00:00', 1, 0, NULL, '1', 0, 0, 0, '2015-08-10 15:12:06', '2015-08-13 10:37:43', NULL),
	(50, 'Rally Telemark', '', 'rally-telemark', '2015-10-11 09:00:00', 1, 0, NULL, '1', 0, 0, 0, '2015-08-10 15:21:49', '2015-08-13 10:37:43', NULL),
	(51, 'Arctic Lapland Rally', '', 'arctic-lapland-rally', '2015-10-18 09:00:00', 1, 0, NULL, '1', 0, 0, 0, '2015-08-10 15:24:01', '2015-08-13 10:37:43', NULL),
	(52, 'Wechselland Rallye', '', 'wechselland-rallye', '2015-10-25 09:00:00', 1, 0, NULL, '1', 0, 0, 0, '2015-08-10 15:30:10', '2015-08-13 10:37:43', NULL),
	(53, 'Rally Barbados 2014', '', 'rally-barbados-2014', '2015-11-01 09:00:00', 1, 0, NULL, '1', 0, 0, 0, '2015-08-10 15:36:15', '2015-08-13 10:37:43', NULL),
	(54, 'TAC Rally', '', 'tac-rally', '2015-11-08 09:00:00', 1, 0, NULL, '1', 0, 0, 0, '2015-08-10 15:38:49', '2015-08-13 10:37:43', NULL),
	(55, 'Rallye de Wallonie', '', 'rallye-de-wallonie', '2015-11-15 09:00:00', 1, 0, NULL, '1', 0, 0, 0, '2015-08-10 15:41:57', '2015-08-13 10:37:43', NULL),
	(56, 'Rally de Curitiba', '', 'rally-de-curitiba', '2015-08-31 09:00:00', 1, 0, NULL, '1', 0, 1, 0, '2015-08-10 15:44:46', '2015-08-31 12:30:01', NULL),
	(57, 'Rally Bulgaria', '', 'rally-bulgaria', '2015-09-07 09:00:00', 1, 0, NULL, '1', 0, 0, 0, '2015-08-10 15:48:24', '2015-08-13 10:37:43', NULL),
	(58, 'Rally Croatia', '', 'rally-croatia', '2015-09-14 09:00:00', 1, 0, NULL, '1', 0, 0, 0, '2015-08-10 15:50:44', '2015-08-13 10:37:43', NULL),
	(59, 'Rally Agropa', '', 'rally-agropa', '2015-09-21 09:00:00', 1, 0, NULL, '1', 0, 0, 0, '2015-08-10 15:54:30', '2015-08-13 10:37:43', NULL),
	(60, 'Rally Bohemia', '', 'rally-bohemia', '2015-09-28 09:00:00', 1, 0, NULL, '1', 0, 0, 0, '2015-08-10 16:20:57', '2015-08-13 10:37:43', NULL),
	(61, 'Rallye Lyon - Charbonnieres', '', 'rallye-lyon-charbonnieres', '2015-10-05 09:00:00', 1, 0, NULL, '1', 0, 0, 0, '2015-08-10 16:27:13', '2015-08-13 10:37:43', NULL),
	(62, 'Rallye du Touquet', '', 'rallye-du-touquet', '2015-10-12 09:00:00', 1, 0, NULL, '1', 0, 0, 0, '2015-08-10 16:29:02', '2015-08-13 10:37:43', NULL),
	(63, 'Rallye Erzgebirge', '', 'rallye-erzgebirge', '2015-10-19 09:00:00', 1, 0, NULL, '1', 0, 0, 0, '2015-08-10 16:31:41', '2015-08-13 10:37:43', NULL),
	(64, 'Rally Jamaica', '', 'rally-jamaica', '2015-10-26 09:00:00', 1, 0, NULL, '1', 0, 0, 0, '2015-08-10 16:38:22', '2015-08-13 10:37:43', NULL),
	(65, 'Hellendoorn Rally', '', 'hellendoorn-rally', '2015-11-02 09:00:00', 1, 0, NULL, '1', 0, 0, 0, '2015-08-10 16:41:16', '2015-08-13 10:37:43', NULL),
	(66, 'Rallye de Luxembourg', '', 'rallye-de-luxembourg', '2015-11-09 09:00:00', 1, 0, NULL, '1', 0, 0, 0, '2015-08-10 16:47:23', '2015-08-13 10:37:43', NULL),
	(67, 'Qatar Rally', '', 'qatar-rally', '2015-11-16 09:00:00', 1, 0, NULL, '1', 0, 0, 0, '2015-08-10 16:50:08', '2015-08-13 10:37:43', NULL),
	(68, 'Rally Presov', '', 'rally-presov', '2015-09-01 09:00:00', 1, 0, NULL, '1', 0, 1, 0, '2015-08-10 16:52:25', '2015-09-01 12:30:00', NULL),
	(69, 'Rally of Scotland', '', 'rally-of-scotland', '2015-09-08 09:00:00', 1, 0, NULL, '1', 0, 0, 0, '2015-08-10 16:54:38', '2015-08-13 10:37:43', NULL),
	(70, 'Olympus Rally', '', 'olympus-rally', '2015-09-15 09:00:00', 1, 0, NULL, '1', 0, 0, 0, '2015-08-10 17:20:46', '2015-08-13 10:37:43', NULL),
	(71, 'Rally Tasmania', '', 'rally-tasmania', '2015-09-22 09:00:00', 1, 0, NULL, '1', 0, 0, 0, '2015-08-10 17:24:18', '2015-08-13 10:37:43', NULL),
	(72, 'Danboring Rally', '', 'danboring-rally', '2015-09-29 09:00:00', 1, 0, NULL, '1', 0, 0, 0, '2015-08-10 17:28:34', '2015-08-13 10:37:43', NULL),
	(73, 'Rally Japan', '', 'rally-japan', '2015-10-06 09:00:00', 1, 0, NULL, '1', 0, 0, 0, '2015-08-10 17:30:34', '2015-08-13 10:37:43', NULL),
	(74, 'Rajd Krzeszowic', '', 'rajd-krzeszowic', '2015-10-13 09:00:00', 1, 0, NULL, '1', 0, 0, 0, '2015-08-10 17:47:57', '2015-08-13 10:37:43', NULL),
	(75, 'Rajd Bochni', '', 'rajd-bochni', '2015-10-20 09:00:00', 1, 0, NULL, '1', 0, 0, 0, '2015-08-11 11:03:43', '2015-08-13 10:37:43', NULL),
	(76, 'Rajd Krakowski', '', 'rajd-krakowski', '2015-10-27 09:00:00', 1, 0, NULL, '1', 0, 0, 0, '2015-08-11 11:13:27', '2015-08-13 10:37:43', NULL),
	(77, 'Rajd Baltycki', '', 'rajd-baltycki', '2015-11-03 09:00:00', 1, 0, NULL, '1', 0, 0, 0, '2015-08-11 11:24:13', '2015-08-13 10:37:43', NULL),
	(78, 'Rally of the Tall Pines', '', 'rally-of-the-tall-pines', '2015-11-10 09:00:00', 1, 0, NULL, '1', 0, 0, 0, '2015-08-11 11:38:04', '2015-08-13 10:37:43', NULL),
	(79, 'Sibiu Rally Romania', '', 'sibiu-rally-romania', '2015-11-17 09:00:00', 1, 0, NULL, '1', 0, 0, 0, '2015-08-11 11:57:54', '2015-08-13 10:37:43', NULL),
	(80, 'League 1.0 Rally - #1', NULL, 'league-10-rally-1', '2015-08-30 08:30:00', 1, 1, NULL, '1.0', 0, 1, 0, '2015-08-25 17:13:01', '2015-08-30 12:45:00', NULL),
	(81, 'League 1.0 Rally - #2', NULL, 'league-10-rally-2', '2015-09-06 14:45:00', 1, 1, NULL, '1.0', 0, 0, 0, '2015-08-25 17:13:01', '2015-08-25 17:13:01', NULL),
	(82, 'League 1.0 Rally - #3', NULL, 'league-10-rally-3', '2015-09-13 12:00:00', 1, 1, NULL, '1.0', 0, 0, 0, '2015-08-25 17:13:01', '2015-08-25 17:13:01', NULL),
	(83, 'League 1.0 Rally - #4', NULL, 'league-10-rally-4', '2015-09-20 14:15:00', 1, 1, NULL, '1.0', 0, 0, 0, '2015-08-25 17:13:01', '2015-08-25 17:13:01', NULL),
	(84, 'League 1.0 Rally - #5', NULL, 'league-10-rally-5', '2015-09-27 11:15:00', 1, 1, NULL, '1.0', 0, 0, 0, '2015-08-25 17:13:01', '2015-08-25 17:13:01', NULL),
	(85, 'League 1.0 Rally - #6', NULL, 'league-10-rally-6', '2015-10-04 08:00:00', 1, 1, NULL, '1.0', 0, 0, 0, '2015-08-25 17:13:01', '2015-08-25 17:13:01', NULL),
	(86, 'League 1.0 Rally - #7', NULL, 'league-10-rally-7', '2015-10-11 11:30:00', 1, 1, NULL, '1.0', 0, 0, 0, '2015-08-25 17:13:01', '2015-08-25 17:13:01', NULL),
	(87, 'League 1.0 Rally - #8', NULL, 'league-10-rally-8', '2015-10-18 12:45:00', 1, 1, NULL, '1.0', 0, 0, 0, '2015-08-25 17:13:01', '2015-08-25 17:13:01', NULL),
	(88, 'League 1.0 Rally - #9', NULL, 'league-10-rally-9', '2015-10-25 11:15:00', 1, 1, NULL, '1.0', 0, 0, 0, '2015-08-25 17:13:01', '2015-08-25 17:13:01', NULL),
	(89, 'League 1.0 Rally - #10', NULL, 'league-10-rally-10', '2015-11-01 13:15:00', 1, 1, NULL, '1.0', 0, 0, 0, '2015-08-25 17:13:01', '2015-08-25 17:13:01', NULL),
	(90, 'League 1.0 Rally - #11', NULL, 'league-10-rally-11', '2015-11-08 13:00:00', 1, 1, NULL, '1.0', 0, 0, 0, '2015-08-25 17:13:01', '2015-08-25 17:13:01', NULL),
	(91, 'League 1.0 Rally - #12', NULL, 'league-10-rally-12', '2015-11-15 09:30:00', 1, 1, NULL, '1.0', 0, 0, 0, '2015-08-25 17:13:01', '2015-08-25 17:13:01', NULL),
	(92, 'League 2.1 Rally - #1', NULL, 'league-21-rally-1', '2015-08-30 09:30:00', 1, 1, NULL, '2.1', 0, 1, 0, '2015-08-28 10:13:05', '2015-08-30 13:45:00', NULL),
	(93, 'League 2.1 Rally - #2', NULL, 'league-21-rally-2', '2015-09-06 11:45:00', 1, 1, NULL, '2.1', 0, 0, 0, '2015-08-28 10:13:05', '2015-08-28 10:13:05', NULL),
	(94, 'League 2.1 Rally - #3', NULL, 'league-21-rally-3', '2015-09-13 12:30:00', 1, 1, NULL, '2.1', 0, 0, 0, '2015-08-28 10:13:05', '2015-08-28 10:13:05', NULL),
	(95, 'League 2.1 Rally - #4', NULL, 'league-21-rally-4', '2015-09-20 13:30:00', 1, 1, NULL, '2.1', 0, 0, 0, '2015-08-28 10:13:05', '2015-08-28 10:13:05', NULL),
	(96, 'League 2.1 Rally - #5', NULL, 'league-21-rally-5', '2015-09-27 10:15:00', 1, 1, NULL, '2.1', 0, 0, 0, '2015-08-28 10:13:05', '2015-08-28 10:13:05', NULL),
	(97, 'League 2.1 Rally - #6', NULL, 'league-21-rally-6', '2015-10-04 10:45:00', 1, 1, NULL, '2.1', 0, 0, 0, '2015-08-28 10:13:05', '2015-08-28 10:13:05', NULL),
	(98, 'League 2.1 Rally - #7', NULL, 'league-21-rally-7', '2015-10-11 10:00:00', 1, 1, NULL, '2.1', 0, 0, 0, '2015-08-28 10:13:05', '2015-08-28 10:13:05', NULL),
	(99, 'League 2.1 Rally - #8', NULL, 'league-21-rally-8', '2015-10-18 13:30:00', 1, 1, NULL, '2.1', 0, 0, 0, '2015-08-28 10:13:05', '2015-08-28 10:13:05', NULL),
	(100, 'League 2.1 Rally - #9', NULL, 'league-21-rally-9', '2015-10-25 13:30:00', 1, 1, NULL, '2.1', 0, 0, 0, '2015-08-28 10:13:05', '2015-08-28 10:13:05', NULL),
	(101, 'League 2.1 Rally - #10', NULL, 'league-21-rally-10', '2015-11-01 12:45:00', 1, 1, NULL, '2.1', 0, 0, 0, '2015-08-28 10:13:05', '2015-08-28 10:13:05', NULL),
	(102, 'League 2.1 Rally - #11', NULL, 'league-21-rally-11', '2015-11-08 08:15:00', 1, 1, NULL, '2.1', 0, 0, 0, '2015-08-28 10:13:05', '2015-08-28 10:13:05', NULL),
	(103, 'League 2.1 Rally - #12', NULL, 'league-21-rally-12', '2015-11-15 14:45:00', 1, 1, NULL, '2.1', 0, 0, 0, '2015-08-28 10:13:05', '2015-08-28 10:13:05', NULL),
	(104, 'League 2.2 Rally - #1', NULL, 'league-22-rally-1', '2015-08-30 14:15:00', 1, 1, NULL, '2.2', 0, 1, 0, '2015-08-30 09:19:23', '2015-08-30 18:30:01', NULL),
	(105, 'League 2.2 Rally - #2', NULL, 'league-22-rally-2', '2015-09-06 10:30:00', 1, 1, NULL, '2.2', 0, 0, 0, '2015-08-30 09:19:23', '2015-08-30 09:19:23', NULL),
	(106, 'League 2.2 Rally - #3', NULL, 'league-22-rally-3', '2015-09-13 10:00:00', 1, 1, NULL, '2.2', 0, 0, 0, '2015-08-30 09:19:23', '2015-08-30 09:19:23', NULL),
	(107, 'League 2.2 Rally - #4', NULL, 'league-22-rally-4', '2015-09-20 11:00:00', 1, 1, NULL, '2.2', 0, 0, 0, '2015-08-30 09:19:23', '2015-08-30 09:19:23', NULL),
	(108, 'League 2.2 Rally - #5', NULL, 'league-22-rally-5', '2015-09-27 08:45:00', 1, 1, NULL, '2.2', 0, 0, 0, '2015-08-30 09:19:23', '2015-08-30 09:19:23', NULL),
	(109, 'League 2.2 Rally - #6', NULL, 'league-22-rally-6', '2015-10-04 08:30:00', 1, 1, NULL, '2.2', 0, 0, 0, '2015-08-30 09:19:23', '2015-08-30 09:19:23', NULL),
	(110, 'League 2.2 Rally - #7', NULL, 'league-22-rally-7', '2015-10-11 09:45:00', 1, 1, NULL, '2.2', 0, 0, 0, '2015-08-30 09:19:23', '2015-08-30 09:19:23', NULL),
	(111, 'League 2.2 Rally - #8', NULL, 'league-22-rally-8', '2015-10-18 14:30:00', 1, 1, NULL, '2.2', 0, 0, 0, '2015-08-30 09:19:23', '2015-08-30 09:19:23', NULL),
	(112, 'League 2.2 Rally - #9', NULL, 'league-22-rally-9', '2015-10-25 09:15:00', 1, 1, NULL, '2.2', 0, 0, 0, '2015-08-30 09:19:23', '2015-08-30 09:19:23', NULL),
	(113, 'League 2.2 Rally - #10', NULL, 'league-22-rally-10', '2015-11-01 11:30:00', 1, 1, NULL, '2.2', 0, 0, 0, '2015-08-30 09:19:23', '2015-08-30 09:19:23', NULL),
	(114, 'League 2.2 Rally - #11', NULL, 'league-22-rally-11', '2015-11-08 10:45:00', 1, 1, NULL, '2.2', 0, 0, 0, '2015-08-30 09:19:23', '2015-08-30 09:19:23', NULL),
	(115, 'League 2.2 Rally - #12', NULL, 'league-22-rally-12', '2015-11-15 10:45:00', 1, 1, NULL, '2.2', 0, 0, 0, '2015-08-30 09:19:23', '2015-08-30 09:19:23', NULL),
	(116, 'Rajd Rzeszów', NULL, 'rajd-rzeszow', '2015-09-02 14:00:00', 1, 0, NULL, '3', 0, 1, 1, '2015-09-01 10:14:09', '2015-09-02 18:15:01', NULL),
	(117, 'Rajd Sosnowca', NULL, 'rajd-sosnowca', '2015-09-02 14:00:00', 1, 0, NULL, '3', 0, 0, 1, '2015-09-01 17:50:09', '2015-09-02 14:00:01', '2015-09-02 14:00:01'),
	(124, 'Rajd Warszawa', NULL, 'rajd-warszawa', '2015-09-06 14:00:00', 1, 0, NULL, '3', 0, 0, 1, '2015-09-04 10:32:34', '2015-09-04 10:32:34', NULL),
	(123, 'Rajd Kraków', NULL, 'rajd-krakow', '2015-09-05 14:00:00', 1, 0, NULL, '3', 0, 0, 1, '2015-09-04 10:29:32', '2015-09-04 10:29:32', NULL),
	(122, 'Test rally', NULL, 'test-rally', '2015-09-23 14:00:00', 1, 0, NULL, '3', 0, 0, 1, '2015-09-03 11:06:45', '2015-09-03 11:06:45', NULL),
	(125, 'Rajd Szczecin', NULL, 'rajd-szczecin', '2015-09-10 14:00:00', 1, 0, NULL, '3', 0, 0, 1, '2015-09-04 10:39:16', '2015-09-04 10:39:16', NULL),
	(126, 'Rajd Gdynia', NULL, 'rajd-gdynia', '2015-09-05 14:00:00', 1, 0, NULL, '3', 0, 0, 1, '2015-09-04 10:53:21', '2015-09-04 10:53:21', NULL);
/*!40000 ALTER TABLE `rally_rally` ENABLE KEYS */;


-- Zrzut struktury tabela ral.rally_result
CREATE TABLE IF NOT EXISTS `rally_result` (
  `id` int(11) NOT NULL AUTO_INCREMENT,
  `rally_id` int(11) DEFAULT NULL,
  `crew_id` int(11) DEFAULT NULL,
  `total_time` time DEFAULT NULL,
  `out_of_race` tinyint(1) DEFAULT '0',
  `stage_out_id` int(11) DEFAULT NULL,
  `stage_out_number` int(11) DEFAULT NULL,
  `position` int(11) DEFAULT NULL,
  `created_at` datetime NOT NULL,
  `updated_at` datetime NOT NULL,
  PRIMARY KEY (`id`),
  KEY `rally_id_idx` (`rally_id`),
  KEY `crew_id_idx` (`crew_id`)
) ENGINE=MyISAM AUTO_INCREMENT=978 DEFAULT CHARSET=utf8;

-- Zrzucanie danych dla tabeli ral.rally_result: 66 rows
DELETE FROM `rally_result`;
/*!40000 ALTER TABLE `rally_result` DISABLE KEYS */;
INSERT INTO `rally_result` (`id`, `rally_id`, `crew_id`, `total_time`, `out_of_race`, `stage_out_id`, `stage_out_number`, `position`, `created_at`, `updated_at`) VALUES
	(6, 1, 10, '02:49:37', 0, NULL, NULL, 1, '2015-08-27 13:30:02', '2015-08-27 13:30:02'),
	(4, 1, 4, '02:58:57', 0, NULL, NULL, 2, '2015-08-27 13:30:02', '2015-08-27 13:30:02'),
	(3, 1, 3, '03:02:14', 0, NULL, NULL, 3, '2015-08-27 13:30:02', '2015-08-27 13:30:02'),
	(8, 1, 12, '03:11:13', 0, NULL, NULL, 4, '2015-08-27 13:30:02', '2015-08-27 13:30:02'),
	(1, 1, 1, '03:14:41', 0, NULL, NULL, 5, '2015-08-27 13:30:02', '2015-08-27 13:30:02'),
	(5, 1, 5, '03:19:03', 0, NULL, NULL, 6, '2015-08-27 13:30:02', '2015-08-27 13:30:02'),
	(7, 1, 11, '03:20:12', 0, NULL, NULL, 7, '2015-08-27 13:30:02', '2015-08-27 13:30:02'),
	(10, 1, 18, '03:24:19', 0, NULL, NULL, 8, '2015-08-27 13:30:02', '2015-08-27 13:30:02'),
	(2, 1, 2, '03:41:44', 0, NULL, NULL, 9, '2015-08-27 13:30:02', '2015-08-27 13:30:02'),
	(9, 1, 17, '03:56:49', 0, NULL, NULL, 10, '2015-08-27 13:30:02', '2015-08-27 13:30:02'),
	(151, 13, 19, '03:11:03', 0, NULL, NULL, 1, '2015-08-28 13:45:02', '2015-08-28 13:45:02'),
	(152, 13, 21, '03:14:12', 0, NULL, NULL, 2, '2015-08-28 13:45:02', '2015-08-28 13:45:02'),
	(154, 13, 24, '03:23:36', 0, NULL, NULL, 3, '2015-08-28 13:45:02', '2015-08-28 13:45:02'),
	(153, 13, 23, '03:27:32', 0, NULL, NULL, 4, '2015-08-28 13:45:02', '2015-08-28 13:45:02'),
	(155, 13, 25, '03:30:53', 0, NULL, NULL, 5, '2015-08-28 13:45:02', '2015-08-28 13:45:02'),
	(156, 13, 27, '04:28:03', 0, NULL, NULL, 6, '2015-08-28 13:45:02', '2015-08-28 13:45:02'),
	(253, 32, 20, '02:06:15', 0, NULL, NULL, 1, '2015-08-29 13:30:01', '2015-08-29 13:30:01'),
	(259, 32, 33, '02:08:56', 0, NULL, NULL, 2, '2015-08-29 13:30:01', '2015-08-29 13:30:01'),
	(257, 32, 30, '02:16:40', 0, NULL, NULL, 3, '2015-08-29 13:30:01', '2015-08-29 13:30:01'),
	(255, 32, 26, '02:20:16', 0, NULL, NULL, 4, '2015-08-29 13:30:01', '2015-08-29 13:30:01'),
	(256, 32, 28, '02:23:06', 0, NULL, NULL, 5, '2015-08-29 13:30:01', '2015-08-29 13:30:01'),
	(258, 32, 32, '02:23:52', 0, NULL, NULL, 6, '2015-08-29 13:30:01', '2015-08-29 13:30:01'),
	(262, 32, 37, '02:28:14', 0, NULL, NULL, 7, '2015-08-29 13:30:01', '2015-08-29 13:30:01'),
	(263, 32, 38, '02:30:19', 0, NULL, NULL, 8, '2015-08-29 13:30:01', '2015-08-29 13:30:01'),
	(254, 32, 22, '02:34:18', 0, NULL, NULL, 9, '2015-08-29 13:30:01', '2015-08-29 13:30:01'),
	(261, 32, 35, '02:38:54', 0, NULL, NULL, 10, '2015-08-29 13:30:01', '2015-08-29 13:30:01'),
	(260, 32, 34, '03:02:14', 0, NULL, NULL, 11, '2015-08-29 13:30:01', '2015-08-29 13:30:01'),
	(418, 80, 13, '07:05:26', 0, NULL, NULL, 1, '2015-08-30 12:45:00', '2015-08-30 12:45:00'),
	(419, 80, 29, '07:16:49', 0, NULL, NULL, 2, '2015-08-30 12:45:00', '2015-08-30 12:45:00'),
	(420, 80, 36, '07:28:30', 0, NULL, NULL, 3, '2015-08-30 12:45:00', '2015-08-30 12:45:00'),
	(423, 80, 44, '08:06:39', 0, NULL, NULL, 4, '2015-08-30 12:45:00', '2015-08-30 12:45:00'),
	(422, 80, 41, '08:40:22', 0, NULL, NULL, 5, '2015-08-30 12:45:00', '2015-08-30 12:45:00'),
	(421, 80, 40, '08:58:43', 0, NULL, NULL, 6, '2015-08-30 12:45:00', '2015-08-30 12:45:00'),
	(526, 56, 31, '02:29:57', 0, NULL, NULL, 1, '2015-08-31 12:30:01', '2015-08-31 12:30:01'),
	(529, 56, 45, '02:37:21', 0, NULL, NULL, 2, '2015-08-31 12:30:01', '2015-08-31 12:30:01'),
	(528, 56, 42, '02:40:03', 0, NULL, NULL, 3, '2015-08-31 12:30:01', '2015-08-31 12:30:01'),
	(530, 56, 46, '02:44:41', 0, NULL, NULL, 4, '2015-08-31 12:30:01', '2015-08-31 12:30:01'),
	(527, 56, 39, '02:44:58', 0, NULL, NULL, 5, '2015-08-31 12:30:01', '2015-08-31 12:30:01'),
	(531, 56, 47, '03:31:09', 0, NULL, NULL, 6, '2015-08-31 12:30:01', '2015-08-31 12:30:01'),
	(619, 68, 52, '02:21:28', 0, NULL, NULL, 1, '2015-09-01 12:30:00', '2015-09-01 12:30:00'),
	(618, 68, 50, '02:26:29', 0, NULL, NULL, 2, '2015-09-01 12:30:00', '2015-09-01 12:30:00'),
	(621, 68, 54, '02:28:59', 0, NULL, NULL, 3, '2015-09-01 12:30:00', '2015-09-01 12:30:00'),
	(622, 68, 55, '02:54:46', 0, NULL, NULL, 4, '2015-09-01 12:30:00', '2015-09-01 12:30:00'),
	(617, 68, 48, '02:55:29', 0, NULL, NULL, 5, '2015-09-01 12:30:00', '2015-09-01 12:30:00'),
	(620, 68, 53, '03:01:45', 0, NULL, NULL, 6, '2015-09-01 12:30:00', '2015-09-01 12:30:00'),
	(616, 68, 43, '04:05:43', 0, NULL, NULL, 7, '2015-09-01 12:30:00', '2015-09-01 12:30:00'),
	(725, 116, 83, '06:54:51', 0, NULL, NULL, 1, '2015-09-02 18:15:01', '2015-09-02 18:15:01'),
	(726, 116, 84, '07:06:59', 0, NULL, NULL, 2, '2015-09-02 18:15:01', '2015-09-02 18:15:01'),
	(723, 116, 74, '07:29:12', 0, NULL, NULL, 3, '2015-09-02 18:15:01', '2015-09-02 18:15:01'),
	(724, 116, 80, '07:46:08', 0, NULL, NULL, 4, '2015-09-02 18:15:01', '2015-09-02 18:15:01'),
	(721, 116, 71, '08:56:58', 0, NULL, NULL, 5, '2015-09-02 18:15:01', '2015-09-02 18:15:01'),
	(722, 116, 72, '09:14:09', 0, NULL, NULL, 6, '2015-09-02 18:15:01', '2015-09-02 18:15:01'),
	(837, 2, 78, '02:16:05', 0, NULL, NULL, 1, '2015-09-03 12:45:01', '2015-09-03 12:45:01'),
	(830, 2, 56, '02:28:57', 0, NULL, NULL, 2, '2015-09-03 12:45:01', '2015-09-03 12:45:01'),
	(832, 2, 65, '02:30:48', 0, NULL, NULL, 3, '2015-09-03 12:45:01', '2015-09-03 12:45:01'),
	(835, 2, 73, '02:42:37', 0, NULL, NULL, 4, '2015-09-03 12:45:01', '2015-09-03 12:45:01'),
	(834, 2, 70, '02:44:54', 0, NULL, NULL, 5, '2015-09-03 12:45:01', '2015-09-03 12:45:01'),
	(829, 2, 49, '02:45:44', 0, NULL, NULL, 6, '2015-09-03 12:45:01', '2015-09-03 12:45:01'),
	(831, 2, 57, '02:52:44', 0, NULL, NULL, 7, '2015-09-03 12:45:01', '2015-09-03 12:45:01'),
	(833, 2, 69, '03:23:37', 0, NULL, NULL, 8, '2015-09-03 12:45:01', '2015-09-03 12:45:01'),
	(836, 2, 76, '03:43:25', 0, NULL, NULL, 9, '2015-09-03 12:45:01', '2015-09-03 12:45:01'),
	(977, 14, 86, '02:04:21', 0, NULL, NULL, 1, '2015-09-04 13:00:00', '2015-09-04 13:00:00'),
	(976, 14, 79, '02:18:06', 0, NULL, NULL, 2, '2015-09-04 13:00:00', '2015-09-04 13:00:00'),
	(973, 14, 58, '02:24:23', 0, NULL, NULL, 3, '2015-09-04 13:00:00', '2015-09-04 13:00:00'),
	(974, 14, 59, '02:45:46', 0, NULL, NULL, 4, '2015-09-04 13:00:00', '2015-09-04 13:00:00'),
	(975, 14, 66, '02:54:48', 0, NULL, NULL, 5, '2015-09-04 13:00:00', '2015-09-04 13:00:00');
/*!40000 ALTER TABLE `rally_result` ENABLE KEYS */;


-- Zrzut struktury tabela ral.rally_stage
CREATE TABLE IF NOT EXISTS `rally_stage` (
  `id` int(11) NOT NULL AUTO_INCREMENT,
  `rally_id` int(11) DEFAULT NULL,
  `name` varchar(255) DEFAULT NULL,
  `length` decimal(18,2) DEFAULT NULL,
  `date` datetime DEFAULT NULL,
  `min_time` time DEFAULT NULL,
  `created_at` datetime NOT NULL,
  `updated_at` datetime NOT NULL,
  `finished` tinyint(1) DEFAULT '1',
  PRIMARY KEY (`id`),
  KEY `rally_id_idx` (`rally_id`)
) ENGINE=MyISAM AUTO_INCREMENT=2110 DEFAULT CHARSET=utf8;

-- Zrzucanie danych dla tabeli ral.rally_stage: 1 870 rows
DELETE FROM `rally_stage`;
/*!40000 ALTER TABLE `rally_stage` DISABLE KEYS */;
INSERT INTO `rally_stage` (`id`, `rally_id`, `name`, `length`, `date`, `min_time`, `created_at`, `updated_at`, `finished`) VALUES
	(1, 1, 'ENTREVAUX - ROUAINE', 21.55, '2015-08-27 09:00:00', '00:12:25', '2015-08-08 12:50:19', '2015-08-27 12:26:40', 1),
	(2, 1, 'NORANTE - DIGNE-LES-BAINS', 19.68, '2015-08-27 09:15:00', '00:12:36', '2015-08-08 12:50:19', '2015-08-27 12:26:40', 1),
	(3, 1, 'LA SALLE EN BEAUMONT', 15.60, '2015-08-27 09:30:00', '00:09:31', '2015-08-08 12:50:19', '2015-08-27 12:26:40', 1),
	(4, 1, 'ASPRES LES CORPS', 25.28, '2015-08-27 09:45:00', '00:14:40', '2015-08-08 12:50:19', '2015-08-27 12:26:40', 1),
	(5, 1, 'LES COSTES', 25.72, '2015-08-27 10:00:00', '00:16:44', '2015-08-08 12:50:19', '2015-08-27 12:26:40', 1),
	(6, 1, 'LA SALLE EN BEAUMONT', 15.72, '2015-08-27 10:15:00', '00:09:29', '2015-08-08 12:50:19', '2015-08-27 10:15:01', 1),
	(7, 1, 'ASPRES LES CORPS - CHAUFFAYER 2', 25.94, '2015-08-27 10:30:00', '00:14:45', '2015-08-08 12:50:20', '2015-08-27 12:26:40', 1),
	(8, 1, 'LES COSTES - ST JULIEN EN CHAMPSAUR 2', 25.16, '2015-08-27 10:45:00', '00:14:57', '2015-08-08 12:50:20', '2015-08-27 12:26:40', 1),
	(9, 1, 'PRUNIERES - EMBRUN 1', 19.24, '2015-08-27 11:00:00', '00:11:18', '2015-08-08 12:50:20', '2015-08-27 12:26:40', 1),
	(10, 1, 'LARDIER ET VALENCA - FAYE', 51.38, '2015-08-27 11:15:00', '00:31:08', '2015-08-08 12:50:20', '2015-08-27 12:26:40', 1),
	(11, 1, 'PRUNIERES - EMBRUN 2', 19.84, '2015-08-27 11:30:00', '00:12:45', '2015-08-08 12:50:20', '2015-08-27 12:26:40', 1),
	(12, 1, 'SISTERON - THOARD', 36.17, '2015-08-27 11:45:00', '00:21:29', '2015-08-08 12:50:20', '2015-08-27 12:26:40', 1),
	(13, 1, 'COL ST JEAN - ST LAURENT 1', 10.77, '2015-08-27 12:00:00', '00:07:20', '2015-08-08 12:50:20', '2015-08-27 12:26:40', 1),
	(14, 1, 'LA BOLLENE VESUBIE - SOSPEL', 31.55, '2015-08-27 12:15:00', '00:18:56', '2015-08-08 12:50:20', '2015-08-27 12:26:40', 1),
	(15, 1, ' COL ST JEAN - ST LAURENT 2', 10.83, '2015-08-27 12:30:00', '00:07:08', '2015-08-08 12:50:20', '2015-08-27 12:26:40', 1),
	(18, 2, 'SUPER SPECIAL STAGE KARLSTAD', 1.94, '2015-09-03 09:00:00', '00:01:18', '2015-08-08 12:56:21', '2015-09-03 07:00:01', 1),
	(19, 2, 'TORSBY 1', 14.80, '2015-09-03 09:15:00', '00:08:36', '2015-08-08 12:56:21', '2015-09-03 07:15:02', 1),
	(20, 2, 'ROJDEN 1', 18.74, '2015-09-03 09:30:00', '00:12:08', '2015-08-08 12:56:21', '2015-09-03 07:30:02', 1),
	(21, 2, 'FINNSKOGEN 1', 20.99, '2015-09-03 09:45:00', '00:13:38', '2015-08-08 12:56:22', '2015-09-03 07:45:00', 1),
	(22, 2, 'KIRKENAER 1', 7.89, '2015-09-03 10:00:00', '00:05:14', '2015-08-08 12:56:22', '2015-09-03 08:00:00', 1),
	(23, 2, 'KIRKENAER 2', 7.21, '2015-09-03 10:15:00', '00:04:11', '2015-08-08 12:56:22', '2015-09-03 08:15:01', 1),
	(24, 2, 'FINNSKOGEN 2', 20.94, '2015-09-03 10:30:00', '00:12:06', '2015-08-08 12:56:22', '2015-09-03 08:30:01', 1),
	(25, 2, 'TORSBY 2', 14.80, '2015-09-03 10:45:00', '00:08:22', '2015-08-08 12:56:22', '2015-09-03 08:45:01', 1),
	(26, 2, 'SUPER SPECIAL STAGE KARLSTAD 2', 1.94, '2015-09-03 11:00:00', '00:01:18', '2015-08-08 12:56:22', '2015-09-03 11:00:01', 1),
	(27, 2, 'FREDRIKSBERG 1', 18.20, '2015-09-03 11:15:00', '00:10:57', '2015-08-08 12:56:22', '2015-09-03 11:15:00', 1),
	(28, 2, 'RAMMEN 1', 22.65, '2015-09-03 11:30:00', '00:13:32', '2015-08-08 12:56:22', '2015-09-03 11:30:02', 1),
	(29, 2, 'HAGFORS SPRINT 1', 1.83, '2015-09-03 11:45:00', '00:01:11', '2015-08-08 12:56:22', '2015-09-03 11:45:01', 1),
	(30, 2, 'VARGASEN 1', 24.42, '2015-09-03 12:00:00', '00:15:38', '2015-08-08 12:56:22', '2015-09-03 12:00:01', 1),
	(31, 2, 'RAMMEN 2', 22.63, '2015-09-03 12:15:00', '00:13:35', '2015-08-08 12:56:22', '2015-09-03 12:15:02', 1),
	(32, 2, 'HAGFORS SPRINT 2', 1.76, '2015-09-03 12:30:00', '00:01:08', '2015-08-08 12:56:22', '2015-09-03 12:30:02', 1),
	(33, 2, 'VARGASEN 2', 24.22, '2015-09-03 12:45:00', '00:14:07', '2015-08-08 12:56:22', '2015-09-03 12:45:01', 1),
	(35, 3, 'STREET STAGE GUANAJUATO', 1.85, '2015-09-10 09:00:00', '00:01:14', '2015-08-08 13:01:41', '2015-08-27 12:26:40', 0),
	(36, 3, 'SUPER SPECIAL 1', 4.92, '2015-09-10 09:15:00', '00:02:57', '2015-08-08 13:01:41', '2015-08-27 12:26:40', 0),
	(37, 3, 'LOS MEXICANOS 1', 9.77, '2015-09-10 09:30:00', '00:05:39', '2015-08-08 13:01:41', '2015-08-27 12:26:40', 0),
	(38, 3, 'EL CHOCOLATE 1', 44.12, '2015-09-10 09:45:00', '00:24:57', '2015-08-08 13:01:41', '2015-08-27 12:26:40', 0),
	(39, 3, 'LAS MINAS 1', 15.34, '2015-09-10 10:00:00', '00:09:55', '2015-08-08 13:01:41', '2015-08-27 12:26:40', 0),
	(40, 3, 'STREET STAGE LEON 1', 1.91, '2015-09-10 10:15:00', '00:01:16', '2015-08-08 13:01:41', '2015-08-27 12:26:40', 0),
	(41, 3, 'LOS MEXICANOS 2', 9.68, '2015-09-10 10:30:00', '00:06:24', '2015-08-08 13:01:41', '2015-08-27 12:26:40', 0),
	(42, 3, 'EL CHOCOLATE 2', 44.17, '2015-09-10 10:45:00', '00:26:09', '2015-08-08 13:01:41', '2015-08-27 12:26:40', 0),
	(43, 3, 'LAS MINAS 2', 15.43, '2015-09-10 11:00:00', '00:10:17', '2015-08-08 13:01:41', '2015-08-27 12:26:40', 0),
	(44, 3, 'SUPER SPECIAL 2', 4.92, '2015-09-10 11:15:00', '00:03:15', '2015-08-08 13:01:42', '2015-08-27 12:26:40', 0),
	(45, 3, 'IBARRILLA 1', 30.89, '2015-09-10 11:30:00', '00:18:10', '2015-08-08 13:01:42', '2015-08-27 12:26:40', 0),
	(46, 3, 'OTATES 1', 42.44, '2015-09-10 11:45:00', '00:24:18', '2015-08-08 13:01:42', '2015-08-27 12:26:40', 0),
	(47, 3, 'EL BRINCO 1', 8.42, '2015-09-10 12:00:00', '00:05:36', '2015-08-08 13:01:42', '2015-08-27 12:26:40', 0),
	(48, 3, 'STREET STAGE LEON 2', 1.91, '2015-09-10 12:15:00', '00:01:06', '2015-08-08 13:01:42', '2015-08-27 12:26:40', 0),
	(49, 3, 'IBARRILLA 2', 30.48, '2015-09-10 12:30:00', '00:18:10', '2015-08-08 13:01:42', '2015-08-27 12:26:40', 0),
	(50, 3, 'OTATES 2', 42.59, '2015-09-10 12:45:00', '00:26:20', '2015-08-08 13:01:42', '2015-08-27 12:26:40', 0),
	(51, 3, 'EL BRINCO 2', 8.96, '2015-09-10 13:00:00', '00:05:19', '2015-08-08 13:01:42', '2015-08-27 12:26:40', 0),
	(52, 4, 'SUPER ESPECIAL MERLO', 2.89, '2015-09-17 09:00:00', '00:01:44', '2015-08-08 13:05:33', '2015-08-27 12:26:40', 0),
	(53, 4, 'AGUA DE ORO - ASCOCHINGA', 51.78, '2015-09-17 09:15:00', '00:33:45', '2015-08-08 13:05:33', '2015-08-27 12:26:40', 0),
	(54, 4, 'VILLA BUSTOS - TANTI', 19.68, '2015-09-17 09:30:00', '00:11:31', '2015-08-08 13:05:33', '2015-08-27 12:26:40', 0),
	(55, 4, 'AGUA DE ORO - ASCOCHINGA II', 51.78, '2015-09-17 09:45:00', '00:33:45', '2015-08-08 13:05:33', '2015-08-27 12:26:40', 0),
	(56, 4, 'VILLA BUSTOS - TANTI II', 19.68, '2015-09-17 10:00:00', '00:11:31', '2015-08-08 13:05:33', '2015-08-27 12:26:40', 0),
	(57, 4, 'SUPER ESPECIAL FERNET BRANCA', 6.84, '2015-09-17 10:15:00', '00:04:34', '2015-08-08 13:05:33', '2015-08-27 12:26:40', 0),
	(58, 4, 'FERNET BRANCA', 23.35, '2015-09-17 10:30:00', '00:14:28', '2015-08-08 13:05:33', '2015-08-27 12:26:40', 0),
	(59, 4, 'SAN MARCOS', 42.41, '2015-09-17 10:45:00', '00:24:06', '2015-08-08 13:05:33', '2015-08-27 12:26:40', 0),
	(60, 4, 'FERNET BRANCA II', 23.35, '2015-09-17 11:00:00', '00:14:28', '2015-08-08 13:05:33', '2015-08-27 12:26:40', 0),
	(61, 4, 'SAN MARCOS II', 42.41, '2015-09-17 11:15:00', '00:24:06', '2015-08-08 13:05:33', '2015-08-27 12:26:40', 0),
	(62, 4, 'EL CONDOR', 16.60, '2015-09-17 11:30:00', '00:10:07', '2015-08-08 13:05:33', '2015-08-27 12:26:40', 0),
	(63, 4, 'POWER STAGE EL CONDOR', 16.17, '2015-09-17 11:45:00', '00:10:48', '2015-08-08 13:05:33', '2015-08-27 12:26:40', 0),
	(71, 5, 'CAMINHA', 18.40, '2015-09-24 09:00:00', '00:12:09', '2015-08-08 13:09:54', '2015-08-27 12:26:40', 0),
	(70, 5, 'PONTE DE LIMA 1', 27.64, '2015-09-24 09:15:00', '00:18:27', '2015-08-08 13:09:54', '2015-08-27 12:26:40', 0),
	(69, 5, 'LOUSADA', 3.14, '2015-09-24 09:30:00', '00:01:55', '2015-08-08 13:09:53', '2015-08-27 12:26:40', 0),
	(72, 5, 'VIANA DO CASTELO', 18.36, '2015-09-24 09:45:00', '00:12:22', '2015-08-08 13:09:54', '2015-08-27 12:26:40', 0),
	(73, 5, 'PONTE DE LIMA 2', 27.72, '2015-09-24 10:00:00', '00:18:39', '2015-08-08 13:09:54', '2015-08-27 12:26:40', 0),
	(74, 5, 'CAMINHA 2', 18.40, '2015-09-24 10:15:00', '00:12:09', '2015-08-08 13:09:54', '2015-08-27 12:26:40', 0),
	(75, 5, 'VIANA DO CASTELO 2', 18.36, '2015-09-24 10:30:00', '00:12:22', '2015-08-08 13:09:54', '2015-08-27 12:26:40', 0),
	(76, 5, 'BAIAO', 18.28, '2015-09-24 10:45:00', '00:10:17', '2015-08-08 13:09:54', '2015-08-27 12:26:40', 0),
	(77, 5, 'MARAO', 26.53, '2015-09-24 11:00:00', '00:16:05', '2015-08-08 13:09:54', '2015-08-27 12:26:40', 0),
	(78, 5, 'FRIDAO', 37.53, '2015-09-24 11:15:00', '00:24:40', '2015-08-08 13:09:54', '2015-08-27 12:26:40', 0),
	(79, 5, 'BAIAO 2', 18.28, '2015-09-24 11:30:00', '00:10:17', '2015-08-08 13:09:54', '2015-08-27 12:26:40', 0),
	(80, 5, 'MARAO 2', 26.53, '2015-09-24 11:45:00', '00:16:05', '2015-08-08 13:09:54', '2015-08-27 12:26:40', 0),
	(81, 5, 'FRIDAO 2', 37.53, '2015-09-24 12:00:00', '00:24:40', '2015-08-08 13:09:54', '2015-08-27 12:26:40', 0),
	(82, 5, 'FAFE 1', 11.39, '2015-09-24 12:15:00', '00:06:49', '2015-08-08 13:09:54', '2015-08-27 12:26:40', 0),
	(83, 5, 'VIEIRA DO MINHO', 32.38, '2015-09-24 12:30:00', '00:19:17', '2015-08-08 13:09:54', '2015-08-27 12:26:40', 0),
	(84, 5, 'FAFE 2', 11.56, '2015-09-24 12:45:00', '00:07:04', '2015-08-08 13:09:55', '2015-08-27 12:26:40', 0),
	(85, 6, 'CITTA\' DI GAGLIARI', 2.29, '2015-10-01 09:00:00', '00:01:32', '2015-08-08 14:53:32', '2015-08-27 12:26:40', 0),
	(86, 6, 'GRIGHINE SUD', 26.31, '2015-10-01 09:15:00', '00:18:06', '2015-08-08 14:53:33', '2015-08-27 12:26:40', 0),
	(87, 6, 'GRIGHINE NORD', 18.68, '2015-10-01 09:30:00', '00:11:03', '2015-08-08 14:53:33', '2015-08-27 12:26:40', 0),
	(88, 6, 'MONTIFERRU', 14.86, '2015-10-01 09:45:00', '00:10:12', '2015-08-08 14:53:33', '2015-08-27 12:26:40', 0),
	(89, 6, 'SAGAMA', 2.41, '2015-10-01 10:00:00', '00:01:24', '2015-08-08 14:53:33', '2015-08-27 12:26:40', 0),
	(90, 6, 'SAGAMA 2', 2.41, '2015-10-01 10:15:00', '00:01:24', '2015-08-08 14:53:33', '2015-08-27 12:26:40', 0),
	(91, 6, 'SINIS - MONT\' E PRAMA', 14.70, '2015-10-01 10:30:00', '00:08:43', '2015-08-08 14:53:33', '2015-08-27 12:26:40', 0),
	(92, 6, 'GRIGHINE SUD 2', 26.31, '2015-10-01 10:45:00', '00:18:06', '2015-08-08 14:53:33', '2015-08-27 12:26:40', 0),
	(93, 6, 'GRIGHINE NORD 2', 18.68, '2015-10-01 11:00:00', '00:11:03', '2015-08-08 14:53:33', '2015-08-27 12:26:40', 0),
	(94, 6, 'MONTIFERRU 2', 14.86, '2015-10-01 11:15:00', '00:10:12', '2015-08-08 14:53:33', '2015-08-27 12:26:40', 0),
	(95, 6, 'ITTIRI ARENA', 1.98, '2015-10-01 11:30:00', '00:01:16', '2015-08-08 14:53:33', '2015-08-27 12:26:40', 0),
	(96, 6, 'MONTI DI ALA\' 1', 22.96, '2015-10-01 11:45:00', '00:14:46', '2015-08-08 14:53:33', '2015-08-27 12:26:40', 0),
	(97, 6, 'COILUNA - LOELLE', 36.43, '2015-10-01 12:00:00', '00:24:20', '2015-08-08 14:53:33', '2015-08-27 12:26:40', 0),
	(98, 6, 'MONTE LERNO', 42.55, '2015-10-01 12:15:00', '00:29:11', '2015-08-08 14:53:33', '2015-08-27 12:26:40', 0),
	(99, 6, 'OZIERI - ARDARA', 7.70, '2015-10-01 12:30:00', '00:04:36', '2015-08-08 14:53:33', '2015-08-27 12:26:40', 0),
	(100, 6, 'ITTIRI ARENA 2', 1.98, '2015-10-01 12:45:00', '00:01:16', '2015-08-08 14:53:34', '2015-08-27 12:26:40', 0),
	(101, 6, 'MONTI DI ALA\' 2', 22.50, '2015-10-01 13:00:00', '00:15:03', '2015-08-08 14:53:34', '2015-08-27 12:26:40', 0),
	(102, 7, 'MIKOLAJKI ARENA', 2.40, '2015-10-08 09:00:00', '00:01:29', '2015-08-08 14:58:53', '2015-08-27 12:26:40', 0),
	(103, 7, 'GORKLO', 13.40, '2015-10-08 09:15:00', '00:09:04', '2015-08-08 14:58:53', '2015-08-27 12:26:40', 0),
	(104, 7, 'GOLDAP', 14.65, '2015-10-08 09:30:00', '00:08:22', '2015-08-08 14:58:53', '2015-08-27 12:26:40', 0),
	(105, 7, 'BABKI', 14.87, '2015-10-08 09:45:00', '00:09:18', '2015-08-08 14:58:54', '2015-08-27 12:26:40', 0),
	(106, 7, 'STANCZYKI', 39.62, '2015-10-08 10:00:00', '00:24:49', '2015-08-08 14:58:54', '2015-08-27 12:26:40', 0),
	(107, 7, 'BABKI 2', 14.87, '2015-10-08 10:15:00', '00:09:18', '2015-08-08 14:58:54', '2015-08-27 12:26:40', 0),
	(108, 7, 'STANCZYKI 2', 39.62, '2015-10-08 10:30:00', '00:24:49', '2015-08-08 14:58:54', '2015-08-27 12:26:40', 0),
	(109, 7, 'GOLDAP 2', 14.65, '2015-10-08 10:45:00', '00:08:22', '2015-08-08 14:58:54', '2015-08-27 12:26:40', 0),
	(110, 7, 'MIKOLAJKI ARENA 2', 2.40, '2015-10-08 11:00:00', '00:01:29', '2015-08-08 14:58:54', '2015-08-27 12:26:40', 0),
	(111, 7, 'MAZURY', 17.52, '2015-10-08 11:15:00', '00:11:18', '2015-08-08 14:58:54', '2015-08-27 12:26:40', 0),
	(112, 7, 'WIELICZKI', 12.62, '2015-10-08 11:30:00', '00:08:24', '2015-08-08 14:58:54', '2015-08-27 12:26:40', 0),
	(113, 7, 'SWIETAJNO', 21.59, '2015-10-08 11:45:00', '00:13:26', '2015-08-08 14:58:54', '2015-08-27 12:26:40', 0),
	(114, 7, 'PAPROTKI', 23.68, '2015-10-08 12:00:00', '00:14:49', '2015-08-08 14:58:54', '2015-08-27 12:26:40', 0),
	(115, 7, 'MAZURY 2', 17.52, '2015-10-08 12:15:00', '00:11:18', '2015-08-08 14:58:54', '2015-08-27 12:26:40', 0),
	(116, 7, 'WIELICZKI 2', 12.62, '2015-10-08 12:30:00', '00:08:24', '2015-08-08 14:58:54', '2015-08-27 12:26:40', 0),
	(117, 7, 'SWIETAJNO 2', 21.59, '2015-10-08 12:45:00', '00:13:26', '2015-08-08 14:58:54', '2015-08-27 12:26:40', 0),
	(118, 7, 'MIKOLAJKI ARENA 3', 2.40, '2015-10-08 13:00:00', '00:01:29', '2015-08-08 14:58:55', '2015-08-27 12:26:40', 0),
	(119, 8, 'HARJU', 2.21, '2015-10-15 09:00:00', '00:01:31', '2015-08-08 17:48:37', '2015-08-27 12:26:40', 0),
	(120, 8, 'PIHLAJAKOSKI', 14.65, '2015-10-15 09:15:00', '00:08:41', '2015-08-08 17:48:38', '2015-08-27 12:26:40', 0),
	(121, 8, 'PAIJALA', 23.28, '2015-10-15 09:30:00', '00:13:49', '2015-08-08 17:48:38', '2015-08-27 12:26:40', 0),
	(122, 8, 'OUNINPOHJA', 34.51, '2015-10-15 09:45:00', '00:23:02', '2015-08-08 17:48:38', '2015-08-27 12:26:40', 0),
	(123, 8, 'HIMOS', 5.16, '2015-10-15 10:00:00', '00:03:06', '2015-08-08 17:48:38', '2015-08-27 12:26:40', 0),
	(124, 8, 'PIHLAJAKOSKI 2', 14.65, '2015-10-15 10:15:00', '00:08:41', '2015-08-08 17:48:38', '2015-08-27 12:26:40', 0),
	(125, 8, 'PAIJALA 2', 23.28, '2015-10-15 10:30:00', '00:13:49', '2015-08-08 17:48:38', '2015-08-27 12:26:40', 0),
	(126, 8, 'OUNINPOHJA 2', 34.51, '2015-10-15 10:45:00', '00:23:02', '2015-08-08 17:48:38', '2015-08-27 12:26:40', 0),
	(127, 8, 'HIMOS 2', 5.16, '2015-10-15 11:00:00', '00:03:06', '2015-08-08 17:48:38', '2015-08-27 12:26:40', 0),
	(128, 8, 'HARJU 2', 2.21, '2015-10-15 11:15:00', '00:01:31', '2015-08-08 17:48:38', '2015-08-27 12:26:40', 0),
	(129, 8, 'MOKKIPERA', 13.60, '2015-10-15 11:30:00', '00:09:10', '2015-08-08 17:48:38', '2015-08-27 12:26:40', 0),
	(130, 8, 'JUKOJARVI', 21.78, '2015-10-15 11:45:00', '00:12:43', '2015-08-08 17:48:38', '2015-08-27 12:26:40', 0),
	(131, 8, 'SURKEE', 14.25, '2015-10-15 12:00:00', '00:08:31', '2015-08-08 17:48:38', '2015-08-27 12:26:40', 0),
	(132, 8, 'HORKKA', 15.22, '2015-10-15 12:15:00', '00:08:47', '2015-08-08 17:48:38', '2015-08-27 12:26:40', 0),
	(133, 8, 'MOKKIPERA 2', 13.60, '2015-10-15 12:30:00', '00:09:10', '2015-08-08 17:48:38', '2015-08-27 12:26:40', 0),
	(134, 8, 'JUKOJARVI 2', 21.78, '2015-10-15 12:45:00', '00:12:43', '2015-08-08 17:48:38', '2015-08-27 12:26:40', 0),
	(135, 8, 'SURKEE 2', 14.25, '2015-10-15 13:00:00', '00:08:31', '2015-08-08 17:48:39', '2015-08-27 12:26:40', 0),
	(136, 9, 'Sauertal', 14.84, '2015-10-22 09:00:00', '00:10:08', '2015-08-08 18:06:00', '2015-08-27 12:26:40', 0),
	(137, 9, 'Waxweiler', 16.45, '2015-10-22 09:15:00', '00:09:25', '2015-08-08 18:06:00', '2015-08-27 12:26:40', 0),
	(138, 9, 'Moselland', 23.37, '2015-10-22 09:30:00', '00:15:18', '2015-08-08 18:06:00', '2015-08-27 12:26:40', 0),
	(139, 9, 'Sauertal 2', 14.84, '2015-10-22 09:45:00', '00:10:08', '2015-08-08 18:06:00', '2015-08-27 12:26:40', 0),
	(140, 9, 'Waxweiler 2', 16.45, '2015-10-22 10:00:00', '00:09:25', '2015-08-08 18:06:00', '2015-08-27 12:26:40', 0),
	(141, 9, 'Moselland 2', 23.37, '2015-10-22 10:15:00', '00:15:18', '2015-08-08 18:06:00', '2015-08-27 12:26:40', 0),
	(142, 9, 'Mittelmosel 2', 13.80, '2015-10-22 10:30:00', '00:08:57', '2015-08-08 18:06:00', '2015-08-27 12:26:40', 0),
	(143, 9, 'Grafschaft', 18.76, '2015-10-22 10:45:00', '00:10:56', '2015-08-08 18:06:00', '2015-08-27 12:26:40', 0),
	(144, 9, 'Bosenberg', 17.55, '2015-10-22 11:00:00', '00:11:49', '2015-08-08 18:06:00', '2015-08-27 12:26:40', 0),
	(145, 9, 'Arena Panzerplatte', 2.48, '2015-10-22 11:15:00', '00:01:26', '2015-08-08 18:06:00', '2015-08-27 12:26:40', 0),
	(146, 9, 'Arena Panzerplatte 2', 2.48, '2015-10-22 11:30:00', '00:01:26', '2015-08-08 18:06:01', '2015-08-27 12:26:40', 0),
	(147, 9, 'Panzerplatte Lang', 45.37, '2015-10-22 11:45:00', '00:27:48', '2015-08-08 18:06:01', '2015-08-27 12:26:40', 0),
	(148, 9, 'Grafschaft 2', 18.76, '2015-10-22 12:00:00', '00:10:56', '2015-08-08 18:06:01', '2015-08-27 12:26:40', 0),
	(149, 9, 'Arena Panzerplatte 3', 2.48, '2015-10-22 12:15:00', '00:01:26', '2015-08-08 18:06:01', '2015-08-27 12:26:40', 0),
	(150, 9, 'Panzerplatte Lang 2', 45.37, '2015-10-22 12:30:00', '00:27:48', '2015-08-08 18:06:01', '2015-08-27 12:26:40', 0),
	(151, 9, 'Bosenberg 2', 17.55, '2015-10-22 12:45:00', '00:11:49', '2015-08-08 18:06:01', '2015-08-27 12:26:40', 0),
	(152, 9, 'Stei & Wein', 19.32, '2015-10-22 13:00:00', '00:11:51', '2015-08-08 18:06:01', '2015-08-27 12:26:40', 0),
	(153, 10, 'Hydes Creek', 10.48, '2015-10-29 09:00:00', '00:06:24', '2015-08-08 18:15:39', '2015-08-27 12:26:40', 0),
	(154, 10, 'Bellingen', 10.21, '2015-10-29 09:15:00', '00:06:09', '2015-08-08 18:15:39', '2015-08-27 12:26:40', 0),
	(155, 10, 'Newry', 24.86, '2015-10-29 09:30:00', '00:14:13', '2015-08-08 18:15:39', '2015-08-27 12:26:40', 0),
	(156, 10, 'Hydes Creek 2', 10.48, '2015-10-29 09:45:00', '00:06:24', '2015-08-08 18:15:40', '2015-08-27 12:26:40', 0),
	(157, 10, 'Bellingen 2', 10.21, '2015-10-29 10:00:00', '00:06:09', '2015-08-08 18:15:40', '2015-08-27 12:26:40', 0),
	(158, 10, 'Newry 2', 24.86, '2015-10-29 10:15:00', '00:14:13', '2015-08-08 18:15:40', '2015-08-27 12:26:40', 0),
	(159, 10, 'Super Special Stage ', 1.55, '2015-10-29 10:30:00', '00:00:59', '2015-08-08 18:15:40', '2015-08-27 12:26:40', 0),
	(160, 10, 'Super Special Stage 2', 1.81, '2015-10-29 10:45:00', '00:01:02', '2015-08-08 18:15:40', '2015-08-27 12:26:40', 0),
	(161, 10, 'Nambucca', 48.21, '2015-10-29 11:00:00', '00:30:16', '2015-08-08 18:15:40', '2015-08-27 12:26:40', 0),
	(162, 10, 'Valla', 8.90, '2015-10-29 11:15:00', '00:05:54', '2015-08-08 18:15:40', '2015-08-27 12:26:40', 0),
	(163, 10, 'Nambucca 2', 48.21, '2015-10-29 11:30:00', '00:30:16', '2015-08-08 18:15:40', '2015-08-27 12:26:40', 0),
	(164, 10, 'Valla 2', 8.90, '2015-10-29 11:45:00', '00:05:54', '2015-08-08 18:15:40', '2015-08-27 12:26:40', 0),
	(165, 10, 'Super Special Stage 3', 1.81, '2015-10-29 12:00:00', '00:01:03', '2015-08-08 18:15:40', '2015-08-27 12:26:40', 0),
	(166, 10, 'Super Special Stage 4', 1.50, '2015-10-29 12:15:00', '00:00:59', '2015-08-08 18:15:40', '2015-08-27 12:26:40', 0),
	(167, 10, 'Shipmans', 24.14, '2015-10-29 12:30:00', '00:15:05', '2015-08-08 18:15:40', '2015-08-27 12:26:40', 0),
	(168, 10, 'Bucca', 10.90, '2015-10-29 12:45:00', '00:07:30', '2015-08-08 18:15:40', '2015-08-27 12:26:40', 0),
	(169, 10, 'Wedding Bells', 9.37, '2015-10-29 13:00:00', '00:05:36', '2015-08-08 18:15:40', '2015-08-27 12:26:40', 0),
	(170, 11, 'Plage du LIamone', 19.91, '2015-11-05 09:00:00', '00:11:27', '2015-08-09 09:08:16', '2015-08-27 12:26:40', 0),
	(171, 11, 'Casamozza', 23.66, '2015-11-05 09:15:00', '00:16:16', '2015-08-09 09:08:16', '2015-08-27 12:26:40', 0),
	(172, 11, 'Francardo', 16.34, '2015-11-05 09:30:00', '00:09:58', '2015-08-09 09:08:16', '2015-08-27 12:26:40', 0),
	(173, 11, 'Plage du Liamone 2', 19.91, '2015-11-05 09:45:00', '00:11:27', '2015-08-09 09:08:16', '2015-08-27 12:26:40', 0),
	(174, 11, 'Casamozza 2', 23.66, '2015-11-05 10:00:00', '00:16:16', '2015-08-09 09:08:16', '2015-08-27 12:26:40', 0),
	(175, 11, 'Francardo 2', 16.34, '2015-11-05 10:15:00', '00:09:58', '2015-08-09 09:08:16', '2015-08-27 12:26:40', 0),
	(176, 11, 'Casamozza 3', 23.66, '2015-11-05 10:30:00', '00:16:16', '2015-08-09 09:08:16', '2015-08-27 12:26:40', 0),
	(177, 11, 'Francardo 3', 16.34, '2015-11-05 10:45:00', '00:09:58', '2015-08-09 09:08:16', '2015-08-27 12:26:40', 0),
	(178, 11, 'Muracciole', 28.92, '2015-11-05 11:00:00', '00:18:02', '2015-08-09 09:08:16', '2015-08-27 12:26:40', 0),
	(179, 11, 'Sotta', 26.28, '2015-11-05 11:15:00', '00:16:59', '2015-08-09 09:08:16', '2015-08-27 12:26:40', 0),
	(180, 11, 'Muracciole', 28.46, '2015-11-05 11:30:00', '00:19:17', '2015-08-09 09:08:16', '2015-08-12 15:56:58', 0),
	(181, 11, 'Zerubia', 31.43, '2015-11-05 11:45:00', '00:18:53', '2015-08-09 09:08:16', '2015-08-27 12:26:40', 0),
	(182, 11, 'Bisinao', 16.74, '2015-11-05 12:00:00', '00:11:31', '2015-08-09 09:08:16', '2015-08-27 12:26:40', 0),
	(183, 11, 'Zerubia 2', 31.43, '2015-11-05 12:15:00', '00:18:53', '2015-08-09 09:08:16', '2015-08-27 12:26:40', 0),
	(184, 11, 'Bisinao 2', 16.74, '2015-11-05 12:30:00', '00:11:31', '2015-08-09 09:08:17', '2015-08-27 12:26:40', 0),
	(185, 12, 'Barcelona', 3.11, '2015-11-12 09:00:00', '00:01:49', '2015-08-09 09:29:16', '2015-08-27 12:26:41', 0),
	(186, 12, 'Mora d\'Ebre', 9.69, '2015-11-12 09:15:00', '00:06:00', '2015-08-09 09:29:16', '2015-08-27 12:26:41', 0),
	(187, 12, 'Caseres', 12.10, '2015-11-12 09:30:00', '00:07:43', '2015-08-09 09:29:16', '2015-08-27 12:26:41', 0),
	(188, 12, 'Bot', 6.21, '2015-11-12 09:45:00', '00:04:05', '2015-08-09 09:29:16', '2015-08-27 12:26:41', 0),
	(189, 12, 'Terra Alta', 35.41, '2015-11-12 10:00:00', '00:20:36', '2015-08-09 09:29:16', '2015-08-27 12:26:41', 0),
	(190, 12, 'Mora d\'Ebre 2', 9.69, '2015-11-12 10:15:00', '00:06:00', '2015-08-09 09:29:16', '2015-08-27 12:26:41', 0),
	(191, 12, 'Caseres 2', 12.10, '2015-11-12 10:30:00', '00:07:43', '2015-08-09 09:29:16', '2015-08-27 12:26:41', 0),
	(192, 12, 'Bot 2', 6.21, '2015-11-12 10:45:00', '00:04:05', '2015-08-09 09:29:16', '2015-08-27 12:26:41', 0),
	(193, 12, 'Terra Alta 2', 35.41, '2015-11-12 11:00:00', '00:20:36', '2015-08-09 09:29:16', '2015-08-27 12:26:41', 0),
	(194, 12, 'Porrera', 7.91, '2015-11-12 11:15:00', '00:04:45', '2015-08-09 09:29:16', '2015-08-27 12:26:41', 0),
	(195, 12, 'La Figuera', 26.35, '2015-11-12 11:30:00', '00:17:34', '2015-08-09 09:29:16', '2015-08-27 12:26:41', 0),
	(196, 12, 'Poboleda', 10.73, '2015-11-12 11:45:00', '00:06:50', '2015-08-09 09:29:16', '2015-08-27 12:26:41', 0),
	(197, 12, 'Capafonts', 19.13, '2015-11-12 12:00:00', '00:11:39', '2015-08-09 09:29:17', '2015-08-27 12:26:41', 0),
	(198, 12, 'La Figuera 2', 26.35, '2015-11-12 12:15:00', '00:17:34', '2015-08-09 09:29:17', '2015-08-27 12:26:41', 0),
	(199, 12, 'Poboleda 2', 10.73, '2015-11-12 12:30:00', '00:06:50', '2015-08-09 09:29:17', '2015-08-27 12:26:41', 0),
	(200, 12, 'Capafonts 2', 19.13, '2015-11-12 12:45:00', '00:11:39', '2015-08-09 09:29:17', '2015-08-27 12:26:41', 0),
	(201, 12, 'Salou', 2.62, '2015-11-12 13:00:00', '00:01:32', '2015-08-09 09:29:17', '2015-08-27 12:26:41', 0),
	(202, 13, 'Hafren', 32.44, '2015-08-28 09:00:00', '00:20:26', '2015-08-09 09:33:26', '2015-08-28 09:00:00', 1),
	(203, 13, 'Sweet Lamb', 2.97, '2015-08-28 09:15:00', '00:02:00', '2015-08-09 09:33:26', '2015-08-28 09:15:01', 1),
	(204, 13, 'Myherin', 31.73, '2015-08-28 09:30:00', '00:21:28', '2015-08-09 09:33:26', '2015-08-28 09:30:00', 1),
	(205, 13, 'Harfen 2', 32.60, '2015-08-28 09:45:00', '00:18:42', '2015-08-09 09:33:26', '2015-08-28 09:45:01', 1),
	(206, 13, 'Sweet Lamb 2', 2.97, '2015-08-28 10:00:00', '00:02:00', '2015-08-09 09:33:27', '2015-08-28 10:00:01', 1),
	(207, 13, 'Myherin 2', 31.73, '2015-08-28 10:15:00', '00:21:28', '2015-08-09 09:33:27', '2015-08-28 10:15:00', 1),
	(208, 13, 'Gartheiniog', 11.97, '2015-08-28 10:30:00', '00:07:37', '2015-08-09 09:33:27', '2015-08-28 10:30:01', 1),
	(209, 13, 'Dyfi', 25.37, '2015-08-28 10:45:00', '00:16:48', '2015-08-09 09:33:27', '2015-08-28 10:45:00', 1),
	(210, 13, 'Gartheiniog 2', 11.97, '2015-08-28 11:00:00', '00:07:37', '2015-08-09 09:33:27', '2015-08-28 11:00:01', 1),
	(211, 13, 'Dyfi 2', 25.37, '2015-08-28 11:15:00', '00:16:48', '2015-08-09 09:33:27', '2015-08-28 11:15:01', 1),
	(212, 13, 'Dyfnant', 19.89, '2015-08-28 11:30:00', '00:13:38', '2015-08-09 09:33:27', '2015-08-28 11:30:01', 1),
	(213, 13, 'Aberhirnant', 13.70, '2015-08-28 11:45:00', '00:08:15', '2015-08-09 09:33:27', '2015-08-28 11:45:01', 1),
	(214, 13, 'Chirk Castle', 2.28, '2015-08-28 12:00:00', '00:01:26', '2015-08-09 09:33:27', '2015-08-28 12:00:01', 1),
	(215, 13, 'Dynant 2', 19.83, '2015-08-28 12:15:00', '00:11:12', '2015-08-09 09:33:27', '2015-08-28 12:15:00', 1),
	(216, 13, 'Aberhirnant 2', 13.70, '2015-08-28 12:30:00', '00:08:15', '2015-08-09 09:33:27', '2015-08-28 12:30:01', 1),
	(217, 13, 'Brenig', 10.99, '2015-08-28 12:45:00', '00:06:44', '2015-08-09 09:33:27', '2015-08-28 12:45:01', 1),
	(218, 13, 'ALwen', 10.16, '2015-08-28 13:00:00', '00:05:45', '2015-08-09 09:33:27', '2015-08-28 13:00:01', 1),
	(219, 14, 'Pierbach', 18.57, '2015-09-04 09:00:00', '00:10:59', '2015-08-09 14:43:28', '2015-09-04 09:00:01', 1),
	(220, 14, 'Liebenau', 10.10, '2015-09-04 09:15:00', '00:05:48', '2015-08-09 14:43:28', '2015-09-04 09:15:00', 1),
	(221, 14, 'St. Oswald', 8.20, '2015-09-04 09:30:00', '00:04:44', '2015-08-09 14:43:28', '2015-09-04 09:30:00', 1),
	(222, 14, 'Pierbach 2', 18.57, '2015-09-04 09:45:00', '00:10:59', '2015-08-09 14:43:28', '2015-09-04 09:45:00', 1),
	(223, 14, 'Liebenau 2', 10.10, '2015-09-04 10:00:00', '00:05:48', '2015-08-09 14:43:28', '2015-09-04 10:00:01', 1),
	(224, 14, 'St. Ostwald', 8.22, '2015-09-04 10:15:00', '00:05:30', '2015-08-09 14:43:28', '2015-09-04 10:15:00', 1),
	(225, 14, 'Pregarten', 8.44, '2015-09-04 10:30:00', '00:05:09', '2015-08-09 14:43:28', '2015-09-04 10:30:00', 1),
	(226, 14, 'Schonau', 22.80, '2015-09-04 10:45:00', '00:13:08', '2015-08-09 14:43:28', '2015-09-04 10:45:00', 1),
	(227, 14, 'Pregarten 2', 8.44, '2015-09-04 11:00:00', '00:05:09', '2015-08-09 14:43:28', '2015-09-04 11:00:01', 1),
	(228, 14, 'Schonau', 22.81, '2015-09-04 11:15:00', '00:15:18', '2015-08-09 14:43:28', '2015-09-04 11:15:01', 1),
	(229, 14, 'Gutau', 8.68, '2015-09-04 11:30:00', '00:04:56', '2015-08-09 14:43:28', '2015-09-04 11:30:01', 1),
	(230, 14, 'Unterweissenbach 2', 12.31, '2015-09-04 11:45:00', '00:08:00', '2015-08-09 14:43:29', '2015-09-04 11:45:00', 1),
	(231, 14, 'Arena Konigswiesen', 7.33, '2015-09-04 12:00:00', '00:04:44', '2015-08-09 14:43:29', '2015-09-04 12:00:02', 1),
	(232, 14, 'Gutau 2', 8.68, '2015-09-04 12:15:00', '00:04:56', '2015-08-09 14:43:29', '2015-09-04 12:15:00', 1),
	(233, 14, 'Unterweissenbach', 12.31, '2015-09-04 12:30:00', '00:08:00', '2015-08-09 14:43:29', '2015-09-04 12:30:00', 1),
	(234, 14, 'Arena Konigswiesen', 7.76, '2015-09-04 12:45:00', '00:00:00', '2015-08-09 14:43:29', '2015-09-04 12:45:02', 1),
	(235, 14, 'Bad Zell', 21.71, '2015-09-04 13:00:00', '00:13:15', '2015-08-09 14:43:29', '2015-09-04 13:00:00', 1),
	(236, 15, 'Basi', 16.11, '2015-09-11 09:00:00', '00:09:22', '2015-08-09 14:47:07', '2015-08-27 12:26:41', 0),
	(237, 15, 'Kuldiga', 36.11, '2015-09-11 09:15:00', '00:23:38', '2015-08-09 14:47:07', '2015-08-27 12:26:41', 0),
	(238, 15, 'Ecorent', 7.80, '2015-09-11 09:30:00', '00:04:25', '2015-08-09 14:47:07', '2015-08-27 12:26:41', 0),
	(239, 15, 'Kuldiga 2', 36.11, '2015-09-11 09:45:00', '00:23:38', '2015-08-09 14:47:07', '2015-08-27 12:26:41', 0),
	(240, 15, 'Basi 2', 16.11, '2015-09-11 10:00:00', '00:09:22', '2015-08-09 14:47:07', '2015-08-27 12:26:41', 0),
	(241, 15, 'Podnieki', 11.37, '2015-09-11 10:15:00', '00:07:44', '2015-08-09 14:47:07', '2015-08-27 12:26:41', 0),
	(242, 15, 'Tebra', 12.70, '2015-09-11 10:30:00', '00:07:46', '2015-08-09 14:47:07', '2015-08-27 12:26:41', 0),
	(243, 15, 'Vecpils', 22.64, '2015-09-11 10:45:00', '00:12:54', '2015-08-09 14:47:07', '2015-08-27 12:26:41', 0),
	(244, 15, 'Podnieki 2', 11.37, '2015-09-11 11:00:00', '00:07:44', '2015-08-09 14:47:07', '2015-08-27 12:26:41', 0),
	(245, 15, 'Tebra 2', 12.70, '2015-09-11 11:15:00', '00:07:46', '2015-08-09 14:47:07', '2015-08-27 12:26:41', 0),
	(246, 15, 'Vecpils 2', 22.64, '2015-09-11 11:30:00', '00:12:54', '2015-08-09 14:47:07', '2015-08-27 12:26:41', 0),
	(247, 15, 'Liepaja special', 1.81, '2015-09-11 11:45:00', '00:01:07', '2015-08-09 14:47:07', '2015-08-27 12:26:41', 0),
	(248, 16, 'Bucks Head', 14.47, '2015-09-18 09:00:00', '00:09:37', '2015-08-09 18:29:55', '2015-08-27 12:26:41', 0),
	(249, 16, 'Hamilton\'s Folly', 16.40, '2015-09-18 09:15:00', '00:11:07', '2015-08-09 18:29:55', '2015-08-27 12:26:41', 0),
	(250, 16, 'Lough Henney', 10.42, '2015-09-18 09:30:00', '00:06:26', '2015-08-09 18:29:55', '2015-08-27 12:26:41', 0),
	(251, 16, 'Bucks Head 2', 14.47, '2015-09-18 09:45:00', '00:09:37', '2015-08-09 18:29:55', '2015-08-27 12:26:41', 0),
	(252, 16, 'Hamilton\'s Folly 2', 16.40, '2015-09-18 10:00:00', '00:11:07', '2015-08-09 18:29:56', '2015-08-27 12:26:41', 0),
	(253, 16, 'Lough Henry 2', 10.33, '2015-09-18 10:15:00', '00:06:04', '2015-08-09 18:29:56', '2015-08-27 12:26:41', 0),
	(254, 16, 'Newtownards TT', 1.63, '2015-09-18 10:30:00', '00:01:07', '2015-08-09 18:29:56', '2015-08-27 12:26:41', 0),
	(255, 16, 'Newtownards TT 2', 1.63, '2015-09-18 10:45:00', '00:01:07', '2015-08-09 18:29:56', '2015-08-27 12:26:41', 0),
	(256, 16, 'Bulls Brook', 13.21, '2015-09-18 11:00:00', '00:09:00', '2015-08-09 18:29:56', '2015-08-27 12:26:41', 0),
	(257, 16, 'McGaffins Corner', 26.16, '2015-09-18 11:15:00', '00:16:33', '2015-08-09 18:29:56', '2015-08-27 12:26:41', 0),
	(258, 16, 'Banbridge', 8.58, '2015-09-18 11:30:00', '00:05:18', '2015-08-09 18:29:56', '2015-08-27 12:26:41', 0),
	(259, 16, 'Gregoriough', 14.91, '2015-09-18 11:45:00', '00:08:36', '2015-08-09 18:29:56', '2015-08-27 12:26:41', 0),
	(260, 16, 'Lisburn', 1.78, '2015-09-18 12:00:00', '00:01:04', '2015-08-09 18:29:56', '2015-08-27 12:26:41', 0),
	(261, 16, 'Lisburn 2', 1.78, '2015-09-18 12:15:00', '00:01:04', '2015-08-09 18:29:56', '2015-08-27 12:26:41', 0),
	(262, 16, 'Bulls Brook 2', 13.21, '2015-09-18 12:30:00', '00:09:00', '2015-08-09 18:29:56', '2015-08-27 12:26:41', 0),
	(263, 16, 'McGaffins Corner 2', 26.16, '2015-09-18 12:45:00', '00:16:33', '2015-08-09 18:29:56', '2015-08-27 12:26:41', 0),
	(264, 16, 'Banbridge 2', 8.58, '2015-09-18 13:00:00', '00:05:18', '2015-08-09 18:29:56', '2015-08-27 12:26:41', 0),
	(265, 17, 'Grupo Marques', 3.34, '2015-09-25 09:00:00', '00:01:52', '2015-08-09 18:37:22', '2015-08-27 12:26:41', 0),
	(266, 17, 'Solucoes', 7.96, '2015-09-25 09:15:00', '00:04:28', '2015-08-09 18:37:23', '2015-08-27 12:26:41', 0),
	(267, 17, 'Vila Franca', 12.79, '2015-09-25 09:30:00', '00:08:44', '2015-08-09 18:37:23', '2015-08-27 12:26:41', 0),
	(268, 17, 'Lagoa Meo', 6.28, '2015-09-25 09:45:00', '00:04:15', '2015-08-09 18:37:23', '2015-08-27 12:26:41', 0),
	(269, 17, 'Pico da Pedra Golfe', 7.86, '2015-09-25 10:00:00', '00:05:23', '2015-08-09 18:37:23', '2015-08-27 12:26:41', 0),
	(270, 17, 'Feteiras', 7.88, '2015-09-25 10:15:00', '00:05:21', '2015-08-09 18:37:23', '2015-08-27 12:26:41', 0),
	(271, 17, 'Sete Cidades', 28.57, '2015-09-25 10:30:00', '00:16:38', '2015-08-09 18:37:23', '2015-08-27 12:26:41', 0),
	(272, 17, 'Lagoa Meo 2', 6.28, '2015-09-25 10:45:00', '00:04:15', '2015-08-09 18:37:23', '2015-08-27 12:26:41', 0),
	(273, 17, 'Pico da Pedra Golfe 2', 7.86, '2015-09-25 11:00:00', '00:05:23', '2015-08-09 18:37:23', '2015-08-27 12:26:41', 0),
	(274, 17, 'Feteiras 2', 7.88, '2015-09-25 11:15:00', '00:05:21', '2015-08-09 18:37:23', '2015-08-27 12:26:41', 0),
	(275, 17, 'Sete Cidades 2', 28.57, '2015-09-25 11:30:00', '00:16:38', '2015-08-09 18:37:23', '2015-08-27 12:26:41', 0),
	(276, 17, 'Graminhais', 20.84, '2015-09-25 11:45:00', '00:11:52', '2015-08-09 18:37:23', '2015-08-27 12:26:41', 0),
	(277, 17, 'Tronqueira', 21.68, '2015-09-25 12:00:00', '00:13:16', '2015-08-09 18:37:23', '2015-08-27 12:26:41', 0),
	(278, 17, 'Grupo Marques 2', 3.34, '2015-09-25 12:15:00', '00:01:52', '2015-08-09 18:37:23', '2015-08-27 12:26:41', 0),
	(279, 17, 'Vila Franca 2', 12.79, '2015-09-25 12:30:00', '00:08:44', '2015-08-09 18:37:23', '2015-08-27 12:26:41', 0),
	(280, 17, 'Graminhais 2', 20.84, '2015-09-25 12:45:00', '00:11:52', '2015-08-09 18:37:24', '2015-08-27 12:26:41', 0),
	(281, 17, 'Tronqueira 2', 21.68, '2015-09-25 13:00:00', '00:13:16', '2015-08-09 18:37:24', '2015-08-27 12:26:41', 0),
	(282, 18, 'Langemark', 12.57, '2015-10-02 09:00:00', '00:08:12', '2015-08-10 10:35:26', '2015-08-27 12:26:41', 0),
	(283, 18, 'Dikkebus', 14.73, '2015-10-02 09:15:00', '00:08:58', '2015-08-10 10:35:26', '2015-08-27 12:26:41', 0),
	(284, 18, 'Wijtschate', 13.43, '2015-10-02 09:30:00', '00:08:52', '2015-08-10 10:35:27', '2015-08-27 12:26:41', 0),
	(285, 18, 'Mesen', 7.80, '2015-10-02 09:45:00', '00:05:11', '2015-08-10 10:35:27', '2015-08-27 12:26:41', 0),
	(286, 18, 'Dikkebus 2', 14.73, '2015-10-02 10:00:00', '00:08:58', '2015-08-10 10:35:27', '2015-08-27 12:26:41', 0),
	(287, 18, 'Wijtschate 2', 13.43, '2015-10-02 10:15:00', '00:08:52', '2015-08-10 10:35:27', '2015-08-27 12:26:41', 0),
	(288, 18, 'Mesen 2', 7.80, '2015-10-02 10:30:00', '00:05:11', '2015-08-10 10:35:27', '2015-08-27 12:26:41', 0),
	(289, 18, 'Reninge', 14.22, '2015-10-02 10:45:00', '00:08:57', '2015-08-10 10:35:27', '2015-08-27 12:26:41', 0),
	(290, 18, 'Watou', 14.25, '2015-10-02 11:00:00', '00:08:02', '2015-08-10 10:35:27', '2015-08-27 12:26:41', 0),
	(291, 18, 'Westouter-Boeschepe', 19.34, '2015-10-02 11:15:00', '00:12:51', '2015-08-10 10:35:27', '2015-08-27 12:26:41', 0),
	(292, 18, 'Kemmelberg', 13.64, '2015-10-02 11:30:00', '00:08:42', '2015-08-10 10:35:27', '2015-08-27 12:26:41', 0),
	(293, 18, 'Hollebeket', 23.99, '2015-10-02 11:45:00', '00:15:52', '2015-08-10 10:35:27', '2015-08-27 12:26:41', 0),
	(294, 18, 'Reninge 2', 14.22, '2015-10-02 12:00:00', '00:08:57', '2015-08-10 10:35:27', '2015-08-27 12:26:41', 0),
	(295, 18, 'Watou 2', 14.25, '2015-10-02 12:15:00', '00:08:02', '2015-08-10 10:35:27', '2015-08-27 12:26:41', 0),
	(296, 18, 'Westouter-Boeschepe 2', 19.34, '2015-10-02 12:30:00', '00:12:51', '2015-08-10 10:35:27', '2015-08-27 12:26:41', 0),
	(297, 18, 'Kemmelberg 2', 13.64, '2015-10-02 12:45:00', '00:08:42', '2015-08-10 10:35:27', '2015-08-27 12:26:41', 0),
	(298, 18, 'Hollebeke 2', 23.15, '2015-10-02 13:00:00', '00:15:30', '2015-08-10 10:35:27', '2015-08-27 12:26:41', 0),
	(418, 26, 'Tartu City', 1.31, '2015-10-09 09:00:00', '00:00:48', '2015-08-10 10:51:22', '2015-08-27 12:26:41', 0),
	(419, 26, 'Arula', 8.33, '2015-10-09 09:15:00', '00:05:40', '2015-08-10 10:51:22', '2015-08-27 12:26:41', 0),
	(420, 26, 'Urvaste', 14.14, '2015-10-09 09:30:00', '00:09:36', '2015-08-10 10:51:22', '2015-08-27 12:26:41', 0),
	(421, 26, 'Raiga', 9.84, '2015-10-09 09:45:00', '00:05:56', '2015-08-10 10:51:22', '2015-08-27 12:26:41', 0),
	(422, 26, 'Ristimae', 34.69, '2015-10-09 10:00:00', '00:20:54', '2015-08-10 10:51:22', '2015-08-27 12:26:41', 0),
	(423, 26, 'Ristimae 2', 34.69, '2015-10-09 10:15:00', '00:20:54', '2015-08-10 10:51:22', '2015-08-27 12:26:41', 0),
	(424, 26, 'Raiga 2', 9.84, '2015-10-09 10:30:00', '00:05:56', '2015-08-10 10:51:22', '2015-08-27 12:26:41', 0),
	(425, 26, 'Elva', 1.94, '2015-10-09 10:45:00', '00:01:13', '2015-08-10 10:51:23', '2015-08-27 12:26:41', 0),
	(426, 26, 'Vissi', 13.41, '2015-10-09 11:00:00', '00:08:17', '2015-08-10 10:51:23', '2015-08-27 12:26:41', 0),
	(427, 26, 'Sulaoja', 7.19, '2015-10-09 11:15:00', '00:04:11', '2015-08-10 10:51:23', '2015-08-27 12:26:41', 0),
	(428, 26, 'Alakula', 11.72, '2015-10-09 11:30:00', '00:06:46', '2015-08-10 10:51:23', '2015-08-27 12:26:41', 0),
	(429, 26, 'Vissi 2', 13.41, '2015-10-09 11:45:00', '00:08:17', '2015-08-10 10:51:23', '2015-08-27 12:26:41', 0),
	(430, 26, 'Sulaoja 2', 7.19, '2015-10-09 12:00:00', '00:04:11', '2015-08-10 10:51:23', '2015-08-27 12:26:41', 0),
	(431, 26, 'Alakula 2', 11.72, '2015-10-09 12:15:00', '00:06:46', '2015-08-10 10:51:23', '2015-08-27 12:26:41', 0),
	(432, 26, 'Arula 2', 8.33, '2015-10-09 12:30:00', '00:05:40', '2015-08-10 10:51:23', '2015-08-27 12:26:41', 0),
	(433, 26, 'Urwaste 2', 14.60, '2015-10-09 12:45:00', '00:09:11', '2015-08-10 10:51:23', '2015-08-27 12:26:41', 0),
	(435, 27, 'Super Stage Zlin', 9.42, '2015-10-16 09:00:00', '00:06:29', '2015-08-10 10:54:48', '2015-08-27 12:26:41', 0),
	(436, 27, 'Slusovice', 16.88, '2015-10-16 09:15:00', '00:10:54', '2015-08-10 10:54:48', '2015-08-27 12:26:41', 0),
	(437, 27, 'Pindula', 18.70, '2015-10-16 09:30:00', '00:10:54', '2015-08-10 10:54:48', '2015-08-27 12:26:41', 0),
	(438, 27, 'Majak', 13.56, '2015-10-16 09:45:00', '00:08:04', '2015-08-10 10:54:49', '2015-08-27 12:26:41', 0),
	(439, 27, 'Kudlovice', 17.43, '2015-10-16 10:00:00', '00:10:42', '2015-08-10 10:54:49', '2015-08-27 12:26:41', 0),
	(440, 27, 'Slusovice 2', 16.88, '2015-10-16 10:15:00', '00:10:54', '2015-08-10 10:54:49', '2015-08-27 12:26:41', 0),
	(441, 27, 'Pindula 2', 18.70, '2015-10-16 10:30:00', '00:10:54', '2015-08-10 10:54:49', '2015-08-27 12:26:41', 0),
	(442, 27, 'Majak 2', 13.56, '2015-10-16 10:45:00', '00:08:04', '2015-08-10 10:54:49', '2015-08-27 12:26:41', 0),
	(443, 27, 'Kudlovice 2', 17.43, '2015-10-16 11:00:00', '00:10:42', '2015-08-10 10:54:49', '2015-08-27 12:26:41', 0),
	(444, 27, 'Semetin', 11.38, '2015-10-16 11:15:00', '00:07:15', '2015-08-10 10:54:49', '2015-08-27 12:26:41', 0),
	(445, 27, 'Trojak', 23.76, '2015-10-16 11:30:00', '00:13:45', '2015-08-10 10:54:49', '2015-08-27 12:26:41', 0),
	(446, 27, 'Zlutava', 8.12, '2015-10-16 11:45:00', '00:05:30', '2015-08-10 10:54:49', '2015-08-27 12:26:41', 0),
	(447, 27, 'Semestin 2', 11.89, '2015-10-16 12:00:00', '00:07:32', '2015-08-10 10:54:49', '2015-08-27 12:26:41', 0),
	(448, 27, 'Trojak 2', 23.76, '2015-10-16 12:15:00', '00:13:45', '2015-08-10 10:54:49', '2015-08-27 12:26:41', 0),
	(449, 27, 'Zlutava 2', 8.12, '2015-10-16 12:30:00', '00:05:30', '2015-08-10 10:54:49', '2015-08-27 12:26:41', 0),
	(452, 28, 'Asfalistiki', 5.13, '2015-10-23 09:00:00', '00:03:02', '2015-08-10 10:57:37', '2015-08-27 12:26:41', 0),
	(453, 28, 'Kotsiatis', 15.16, '2015-10-23 09:15:00', '00:10:11', '2015-08-10 10:57:37', '2015-08-27 12:26:41', 0),
	(454, 28, 'Lythrodontas', 21.28, '2015-10-23 09:30:00', '00:13:38', '2015-08-10 10:57:37', '2015-08-27 12:26:41', 0),
	(455, 28, 'Lefkara', 17.67, '2015-10-23 09:45:00', '00:10:44', '2015-08-10 10:57:37', '2015-08-27 12:26:41', 0),
	(456, 28, 'Klavdia', 11.69, '2015-10-23 10:00:00', '00:07:48', '2015-08-10 10:57:37', '2015-08-27 12:26:41', 0),
	(457, 28, 'Tseri', 14.25, '2015-10-23 10:15:00', '00:09:26', '2015-08-10 10:57:37', '2015-08-27 12:26:41', 0),
	(458, 28, 'Asinou', 11.46, '2015-10-23 10:30:00', '00:07:44', '2015-08-10 10:57:37', '2015-08-27 12:26:41', 0),
	(459, 28, 'Xerarkaka', 21.61, '2015-10-23 10:45:00', '00:14:51', '2015-08-10 10:57:37', '2015-08-27 12:26:41', 0),
	(460, 28, 'Tseri 2', 14.25, '2015-10-23 11:00:00', '00:09:26', '2015-08-10 10:57:37', '2015-08-27 12:26:41', 0),
	(461, 28, 'Asinou 2', 11.46, '2015-10-23 11:15:00', '00:07:44', '2015-08-10 10:57:37', '2015-08-27 12:26:41', 0),
	(462, 28, 'Xerarkaka 2', 21.61, '2015-10-23 11:30:00', '00:14:51', '2015-08-10 10:57:37', '2015-08-27 12:26:41', 0),
	(463, 28, 'Kotsiatis 2', 15.16, '2015-10-23 11:45:00', '00:10:11', '2015-08-10 10:57:38', '2015-08-27 12:26:41', 0),
	(464, 28, 'Lythrodontas 2', 21.28, '2015-10-23 12:00:00', '00:13:38', '2015-08-10 10:57:38', '2015-08-27 12:26:41', 0),
	(465, 28, 'Lefkara 2', 17.67, '2015-10-23 12:15:00', '00:10:44', '2015-08-10 10:57:38', '2015-08-27 12:26:41', 0),
	(466, 28, 'Klavdia 2', 11.69, '2015-10-23 12:30:00', '00:07:48', '2015-08-10 10:57:38', '2015-08-27 12:26:41', 0),
	(469, 29, 'Aghios Ioannis', 21.66, '2015-10-30 09:00:00', '00:13:46', '2015-08-10 11:00:38', '2015-08-27 12:26:41', 0),
	(470, 29, 'Aghionori', 23.52, '2015-10-30 09:15:00', '00:13:36', '2015-08-10 11:00:38', '2015-08-27 12:26:41', 0),
	(471, 29, 'Psari', 17.44, '2015-10-30 09:30:00', '00:09:57', '2015-08-10 11:00:38', '2015-08-27 12:26:41', 0),
	(472, 29, 'Aghios Ioannis 2', 21.66, '2015-10-30 09:45:00', '00:13:46', '2015-08-10 11:00:38', '2015-08-27 12:26:41', 0),
	(473, 29, 'Aghionori 2', 23.52, '2015-10-30 10:00:00', '00:13:36', '2015-08-10 11:00:38', '2015-08-27 12:26:41', 0),
	(474, 29, 'Psari 2', 17.44, '2015-10-30 10:15:00', '00:09:57', '2015-08-10 11:00:38', '2015-08-27 12:26:41', 0),
	(475, 29, 'Klenia', 18.16, '2015-10-30 10:30:00', '00:11:19', '2015-08-10 11:00:39', '2015-08-27 12:26:41', 0),
	(476, 29, 'Nea Kineta', 22.39, '2015-10-30 10:45:00', '00:14:25', '2015-08-10 11:00:39', '2015-08-27 12:26:41', 0),
	(477, 29, 'Loutraki', 16.45, '2015-10-30 11:00:00', '00:09:36', '2015-08-10 11:00:39', '2015-08-27 12:26:41', 0),
	(478, 29, 'Klenia 2', 18.16, '2015-10-30 11:15:00', '00:11:19', '2015-08-10 11:00:39', '2015-08-27 12:26:41', 0),
	(479, 29, 'Nea Kineta 2', 22.39, '2015-10-30 11:30:00', '00:14:25', '2015-08-10 11:00:39', '2015-08-27 12:26:41', 0),
	(480, 29, 'Loutraki 2', 16.45, '2015-10-30 11:45:00', '00:09:36', '2015-08-10 11:00:39', '2015-08-27 12:26:41', 0),
	(481, 29, 'Klenia 3', 18.16, '2015-10-30 12:00:00', '00:11:19', '2015-08-10 11:00:39', '2015-08-27 12:26:41', 0),
	(482, 29, 'Nea Kineta 3', 22.39, '2015-10-30 12:15:00', '00:14:25', '2015-08-10 11:00:39', '2015-08-27 12:26:41', 0),
	(483, 29, 'Loutraki 3', 16.45, '2015-10-30 12:30:00', '00:09:36', '2015-08-10 11:00:39', '2015-08-27 12:26:41', 0),
	(486, 30, 'Leukerbad', 8.76, '2015-11-06 09:00:00', '00:05:16', '2015-08-10 11:04:16', '2015-08-27 12:26:41', 0),
	(487, 30, 'Crans - Montana', 11.66, '2015-11-06 09:15:00', '00:07:21', '2015-08-10 11:04:17', '2015-08-27 12:26:41', 0),
	(488, 30, 'Anzere', 12.89, '2015-11-06 09:30:00', '00:07:33', '2015-08-10 11:04:17', '2015-08-27 12:26:41', 0),
	(489, 30, 'Sierre - Anniviers', 14.36, '2015-11-06 09:45:00', '00:08:44', '2015-08-10 11:04:17', '2015-08-27 12:26:41', 0),
	(490, 30, 'Veysonnaz', 13.11, '2015-11-06 10:00:00', '00:07:42', '2015-08-10 11:04:17', '2015-08-27 12:26:41', 0),
	(491, 30, 'Nendaz', 12.63, '2015-11-06 10:15:00', '00:07:12', '2015-08-10 11:04:17', '2015-08-27 12:26:41', 0),
	(492, 30, 'Caserne', 6.43, '2015-11-06 10:30:00', '00:04:07', '2015-08-10 11:04:17', '2015-08-27 12:26:41', 0),
	(493, 30, 'Sierre - Anniviers 2', 14.36, '2015-11-06 10:45:00', '00:08:44', '2015-08-10 11:04:17', '2015-08-27 12:26:41', 0),
	(494, 30, 'Veysonnaz 2', 13.11, '2015-11-06 11:00:00', '00:07:42', '2015-08-10 11:04:17', '2015-08-27 12:26:41', 0),
	(495, 30, 'Nendaz 2', 12.63, '2015-11-06 11:15:00', '00:07:12', '2015-08-10 11:04:17', '2015-08-27 12:26:41', 0),
	(496, 30, 'Caserne 2', 6.43, '2015-11-06 11:30:00', '00:04:07', '2015-08-10 11:04:17', '2015-08-27 12:26:42', 0),
	(497, 30, 'Champex - Lac', 16.63, '2015-11-06 11:45:00', '00:09:26', '2015-08-10 11:04:17', '2015-08-27 12:26:42', 0),
	(498, 30, 'Bruson', 10.35, '2015-11-06 12:00:00', '00:06:35', '2015-08-10 11:04:17', '2015-08-27 12:26:42', 0),
	(499, 30, 'Verbier', 15.92, '2015-11-06 12:15:00', '00:10:14', '2015-08-10 11:04:17', '2015-08-27 12:26:42', 0),
	(500, 30, 'Les Cols', 32.86, '2015-11-06 12:30:00', '00:21:21', '2015-08-10 11:04:17', '2015-08-27 12:26:42', 0),
	(501, 30, 'Champex - Lac 2', 16.63, '2015-11-06 12:45:00', '00:09:26', '2015-08-10 11:04:18', '2015-08-27 12:26:42', 0),
	(502, 30, 'Bruson 2', 10.35, '2015-11-06 13:00:00', '00:06:35', '2015-08-10 11:04:18', '2015-08-27 12:26:42', 0),
	(503, 31, 'Jodlowka', 18.52, '2015-11-13 09:00:00', '00:10:49', '2015-08-10 11:11:05', '2015-08-27 12:26:42', 0),
	(504, 31, 'Hucisko', 12.33, '2015-11-13 09:15:00', '00:07:37', '2015-08-10 11:11:05', '2015-08-27 12:26:42', 0),
	(505, 31, 'Jodlowka 2', 18.52, '2015-11-13 09:30:00', '00:10:49', '2015-08-10 11:11:05', '2015-08-27 12:26:42', 0),
	(506, 31, 'Hucisko 2', 12.33, '2015-11-13 09:45:00', '00:07:37', '2015-08-10 11:11:05', '2015-08-27 12:26:42', 0),
	(507, 31, 'Przemysl', 9.62, '2015-11-13 10:00:00', '00:05:54', '2015-08-10 11:11:05', '2015-08-27 12:26:42', 0),
	(508, 31, 'Przemysl 2', 9.62, '2015-11-13 10:15:00', '00:05:54', '2015-08-10 11:11:05', '2015-08-27 12:26:42', 0),
	(509, 31, 'Leszczawka', 9.23, '2015-11-13 10:30:00', '00:05:35', '2015-08-10 11:11:05', '2015-08-27 12:26:42', 0),
	(510, 31, 'Huta Brzuska', 8.82, '2015-11-13 10:45:00', '00:05:53', '2015-08-10 11:11:05', '2015-08-27 12:26:42', 0),
	(511, 31, 'Bircza', 15.63, '2015-11-13 11:00:00', '00:10:29', '2015-08-10 11:11:05', '2015-08-27 12:26:42', 0),
	(512, 31, 'Leszczawka 2', 9.23, '2015-11-13 11:15:00', '00:05:35', '2015-08-10 11:11:06', '2015-08-27 12:26:42', 0),
	(513, 31, 'Huta Brzuska 2', 8.82, '2015-11-13 11:30:00', '00:05:53', '2015-08-10 11:11:06', '2015-08-27 12:26:42', 0),
	(514, 31, 'Bircza 2', 15.63, '2015-11-13 11:45:00', '00:10:29', '2015-08-10 11:11:06', '2015-08-27 12:26:42', 0),
	(515, 31, 'Leszczawka 3', 9.23, '2015-11-13 12:00:00', '00:05:35', '2015-08-10 11:11:06', '2015-08-27 12:26:42', 0),
	(516, 31, 'Huta Brzuska 3', 8.82, '2015-11-13 12:15:00', '00:05:53', '2015-08-10 11:11:06', '2015-08-27 12:26:42', 0),
	(517, 31, 'Bircza 3', 15.63, '2015-11-13 12:30:00', '00:10:29', '2015-08-10 11:11:06', '2015-08-27 12:26:42', 0),
	(520, 32, 'Klodzko', 2.94, '2015-08-29 09:00:00', '00:01:39', '2015-08-10 11:14:37', '2015-08-29 09:00:01', 1),
	(521, 32, 'Klodzko 2', 2.94, '2015-08-29 09:15:00', '00:01:39', '2015-08-10 11:14:38', '2015-08-29 09:15:01', 1),
	(522, 32, 'Domaszkow', 23.65, '2015-08-29 09:30:00', '00:16:17', '2015-08-10 11:14:38', '2015-08-29 09:30:01', 1),
	(523, 32, 'Wilkanow', 17.89, '2015-08-29 09:45:00', '00:11:18', '2015-08-10 11:14:38', '2015-08-29 09:45:01', 1),
	(524, 32, 'Domaszkow 2', 23.65, '2015-08-29 10:00:00', '00:16:17', '2015-08-10 11:14:38', '2015-08-29 10:00:01', 1),
	(525, 32, 'Wilkanow 2', 17.89, '2015-08-29 10:15:00', '00:11:18', '2015-08-10 11:14:38', '2015-08-29 10:15:01', 1),
	(526, 32, 'Staropolanka', 14.96, '2015-08-29 10:30:00', '00:08:29', '2015-08-10 11:14:38', '2015-08-29 10:30:01', 1),
	(527, 32, 'BGK', 14.38, '2015-08-29 10:45:00', '00:09:32', '2015-08-10 11:14:38', '2015-08-29 10:45:01', 1),
	(528, 32, 'Radkowska Perla', 9.43, '2015-08-29 11:00:00', '00:06:24', '2015-08-10 11:14:38', '2015-08-29 11:00:01', 1),
	(529, 32, 'Staropolanka 2', 14.96, '2015-08-29 11:15:00', '00:08:29', '2015-08-10 11:14:38', '2015-08-29 11:15:01', 1),
	(530, 32, 'BGK 2', 14.38, '2015-08-29 11:30:00', '00:09:32', '2015-08-10 11:14:38', '2015-08-29 11:30:01', 1),
	(531, 32, 'Radkowska Perla 2', 9.43, '2015-08-29 11:45:00', '00:06:24', '2015-08-10 11:14:38', '2015-08-29 11:45:01', 1),
	(532, 32, 'Staropolanka 3', 14.96, '2015-08-29 12:00:00', '00:08:29', '2015-08-10 11:14:38', '2015-08-29 12:00:01', 1),
	(533, 32, 'BGK 3', 14.38, '2015-08-29 12:15:00', '00:09:32', '2015-08-10 11:14:38', '2015-08-29 12:15:01', 1),
	(534, 32, 'Radkowska Perla 3', 9.43, '2015-08-29 12:30:00', '00:06:24', '2015-08-10 11:14:38', '2015-08-29 12:30:01', 1),
	(537, 33, 'Zabobrze', 2.38, '2015-09-05 09:00:00', '00:01:30', '2015-08-10 11:21:17', '2015-09-05 09:00:01', 1),
	(538, 33, 'Zabobrze 2', 2.38, '2015-09-05 09:15:00', '00:01:30', '2015-08-10 11:21:17', '2015-09-05 09:15:01', 1),
	(539, 33, 'Karpniki', 14.72, '2015-09-05 09:30:00', '00:08:29', '2015-08-10 11:21:17', '2015-09-05 09:30:01', 1),
	(540, 33, 'Gajowka', 12.93, '2015-09-05 09:45:00', '00:08:11', '2015-08-10 11:21:17', '2015-08-27 12:26:42', 0),
	(541, 33, 'Lubomierz', 12.60, '2015-09-05 10:00:00', '00:07:14', '2015-08-10 11:21:17', '2015-08-27 12:26:42', 0),
	(542, 33, 'Karpniki 2', 14.72, '2015-09-05 10:15:00', '00:08:29', '2015-08-10 11:21:17', '2015-08-27 12:26:42', 0),
	(543, 33, 'Gajowka 2', 12.93, '2015-09-05 10:30:00', '00:08:11', '2015-08-10 11:21:17', '2015-08-27 12:26:42', 0),
	(544, 33, 'Lubomierz 2', 12.60, '2015-09-05 10:45:00', '00:07:14', '2015-08-10 11:21:17', '2015-08-27 12:26:42', 0),
	(545, 33, 'Karpacz', 19.63, '2015-09-05 11:00:00', '00:12:44', '2015-08-10 11:21:17', '2015-08-27 12:26:42', 0),
	(546, 33, 'Czernica', 27.24, '2015-09-05 11:15:00', '00:16:25', '2015-08-10 11:21:18', '2015-08-27 12:26:42', 0),
	(547, 33, 'Karpacz 2', 19.63, '2015-09-05 11:30:00', '00:12:44', '2015-08-10 11:21:18', '2015-08-27 12:26:42', 0),
	(548, 33, 'Czernica 2', 27.24, '2015-09-05 11:45:00', '00:16:25', '2015-08-10 11:21:18', '2015-08-27 12:26:42', 0),
	(549, 33, 'Karpacz 3', 19.63, '2015-09-05 12:00:00', '00:12:44', '2015-08-10 11:21:18', '2015-08-27 12:26:42', 0),
	(550, 33, 'Czernica 3', 27.24, '2015-09-05 12:15:00', '00:16:25', '2015-08-10 11:21:18', '2015-08-27 12:26:42', 0),
	(554, 34, 'Lebno', 14.27, '2015-09-12 09:00:00', '00:09:25', '2015-08-10 11:25:24', '2015-08-27 12:26:42', 0),
	(555, 34, 'Ketrzyno', 8.89, '2015-09-12 09:15:00', '00:05:00', '2015-08-10 11:25:24', '2015-08-27 12:26:42', 0),
	(556, 34, 'Linia', 14.89, '2015-09-12 09:30:00', '00:08:54', '2015-08-10 11:25:24', '2015-08-27 12:26:42', 0),
	(557, 34, 'Lebno 2', 14.27, '2015-09-12 09:45:00', '00:09:25', '2015-08-10 11:25:24', '2015-08-27 12:26:42', 0),
	(558, 34, 'Ketrzyno 2', 8.89, '2015-09-12 10:00:00', '00:05:00', '2015-08-10 11:25:24', '2015-08-27 12:26:42', 0),
	(559, 34, 'Linia 2', 14.89, '2015-09-12 10:15:00', '00:08:54', '2015-08-10 11:25:24', '2015-08-27 12:26:42', 0),
	(560, 34, 'Lebno 3', 14.27, '2015-09-12 10:30:00', '00:09:25', '2015-08-10 11:25:24', '2015-08-27 12:26:42', 0),
	(561, 34, 'Ketrzyno 3', 8.89, '2015-09-12 10:45:00', '00:05:00', '2015-08-10 11:25:25', '2015-08-27 12:26:42', 0),
	(562, 34, 'Linia 3', 14.89, '2015-09-12 11:00:00', '00:08:54', '2015-08-10 11:25:25', '2015-08-27 12:26:42', 0),
	(563, 34, 'Przodkowo', 11.47, '2015-09-12 11:15:00', '00:06:35', '2015-08-10 11:25:25', '2015-08-27 12:26:42', 0),
	(564, 34, 'Kartuzy', 12.96, '2015-09-12 11:30:00', '00:07:34', '2015-08-10 11:25:25', '2015-08-27 12:26:42', 0),
	(565, 34, 'Szemud', 13.25, '2015-09-12 11:45:00', '00:08:10', '2015-08-10 11:25:25', '2015-08-27 12:26:42', 0),
	(566, 34, 'Przodkowo 2', 11.47, '2015-09-12 12:00:00', '00:06:35', '2015-08-10 11:25:25', '2015-08-27 12:26:42', 0),
	(567, 34, 'Kartuzy 2', 12.96, '2015-09-12 12:15:00', '00:07:34', '2015-08-10 11:25:25', '2015-08-27 12:26:42', 0),
	(568, 34, 'Szemud 2', 13.25, '2015-09-12 12:30:00', '00:08:10', '2015-08-10 11:25:25', '2015-08-27 12:26:42', 0),
	(571, 35, 'Blizianka', 11.97, '2015-09-19 09:00:00', '00:07:09', '2015-08-10 11:27:51', '2015-08-27 12:26:42', 0),
	(572, 35, 'Lubenia', 25.67, '2015-09-19 09:15:00', '00:17:35', '2015-08-10 11:27:51', '2015-08-27 12:26:42', 0),
	(573, 35, 'Blizianka 2', 11.97, '2015-09-19 09:30:00', '00:07:09', '2015-08-10 11:27:51', '2015-08-27 12:26:42', 0),
	(574, 35, 'Lubenia 2', 25.67, '2015-09-19 09:45:00', '00:17:35', '2015-08-10 11:27:51', '2015-08-27 12:26:42', 0),
	(575, 35, 'Nowy Swiat', 4.44, '2015-09-19 10:00:00', '00:02:29', '2015-08-10 11:27:51', '2015-08-27 12:26:42', 0),
	(576, 35, 'Blizianka 3', 11.97, '2015-09-19 10:15:00', '00:07:09', '2015-08-10 11:27:51', '2015-08-27 12:26:42', 0),
	(577, 35, 'Lubenia 3', 25.67, '2015-09-19 10:30:00', '00:17:35', '2015-08-10 11:27:51', '2015-08-27 12:26:42', 0),
	(578, 35, 'Husow', 12.74, '2015-09-19 10:45:00', '00:08:26', '2015-08-10 11:27:51', '2015-08-27 12:26:42', 0),
	(579, 35, 'Widaczow', 10.65, '2015-09-19 11:00:00', '00:06:52', '2015-08-10 11:27:51', '2015-08-27 12:26:42', 0),
	(580, 35, 'Izdebki', 15.99, '2015-09-19 11:15:00', '00:09:18', '2015-08-10 11:27:51', '2015-08-27 12:26:42', 0),
	(581, 35, 'Husow 2', 12.74, '2015-09-19 11:30:00', '00:08:26', '2015-08-10 11:27:52', '2015-08-27 12:26:42', 0),
	(582, 35, 'Widaczow 2', 10.65, '2015-09-19 11:45:00', '00:06:52', '2015-08-10 11:27:52', '2015-08-27 12:26:42', 0),
	(583, 35, 'Izdebki 2', 15.99, '2015-09-19 12:00:00', '00:09:18', '2015-08-10 11:27:52', '2015-08-27 12:26:42', 0),
	(584, 35, 'Husow 3', 12.74, '2015-09-19 12:15:00', '00:08:26', '2015-08-10 11:27:52', '2015-08-27 12:26:42', 0),
	(585, 35, 'Widaczow 3', 10.65, '2015-09-19 12:30:00', '00:06:52', '2015-08-10 11:27:52', '2015-08-27 12:26:42', 0),
	(586, 35, 'Izdebki 3', 15.99, '2015-09-19 12:45:00', '00:09:18', '2015-08-10 11:27:52', '2015-08-27 12:26:42', 0),
	(588, 36, 'Rosciszow', 8.94, '2015-09-26 09:00:00', '00:05:58', '2015-08-10 11:35:54', '2015-08-27 12:26:42', 0),
	(589, 36, 'Swierki', 8.49, '2015-09-26 09:15:00', '00:05:07', '2015-08-10 11:35:55', '2015-08-27 12:26:42', 0),
	(590, 36, 'Milkow', 12.32, '2015-09-26 09:30:00', '00:08:26', '2015-08-10 11:35:55', '2015-08-27 12:26:42', 0),
	(591, 36, 'Rosciszow 2', 8.94, '2015-09-26 09:45:00', '00:05:58', '2015-08-10 11:35:55', '2015-08-27 12:26:42', 0),
	(592, 36, 'Swierki 2', 8.49, '2015-09-26 10:00:00', '00:05:07', '2015-08-10 11:35:55', '2015-08-27 12:26:42', 0),
	(593, 36, 'Milkow 2', 12.32, '2015-09-26 10:15:00', '00:08:26', '2015-08-10 11:35:55', '2015-08-27 12:26:42', 0),
	(594, 36, 'Rosciszow 3', 8.94, '2015-09-26 10:30:00', '00:05:58', '2015-08-10 11:35:55', '2015-08-27 12:26:42', 0),
	(595, 36, 'Swierki 3', 8.49, '2015-09-26 10:45:00', '00:05:07', '2015-08-10 11:35:55', '2015-08-27 12:26:42', 0),
	(596, 36, 'Milkow 3', 12.32, '2015-09-26 11:00:00', '00:08:26', '2015-08-10 11:35:55', '2015-08-27 12:26:42', 0),
	(597, 36, 'Michalkowa', 14.73, '2015-09-26 11:15:00', '00:10:06', '2015-08-10 11:35:55', '2015-08-27 12:26:42', 0),
	(598, 36, 'Woliborz', 8.77, '2015-09-26 11:30:00', '00:05:22', '2015-08-10 11:35:55', '2015-08-27 12:26:42', 0),
	(599, 36, 'Milkow Reverse', 12.97, '2015-09-26 11:45:00', '00:08:24', '2015-08-10 11:35:55', '2015-08-27 12:26:42', 0),
	(600, 36, 'Michalkowa 2', 14.73, '2015-09-26 12:00:00', '00:10:06', '2015-08-10 11:35:55', '2015-08-27 12:26:42', 0),
	(601, 36, 'Woliborz 2', 8.77, '2015-09-26 12:15:00', '00:05:22', '2015-08-10 11:35:55', '2015-08-27 12:26:42', 0),
	(602, 36, 'Milkow Reverse 2', 12.97, '2015-09-26 12:30:00', '00:08:24', '2015-08-10 11:35:56', '2015-08-27 12:26:42', 0),
	(605, 37, 'Hunter Southern', 6.78, '2015-10-03 09:00:00', '00:04:35', '2015-08-10 11:58:58', '2015-08-27 12:26:42', 0),
	(606, 37, 'Hunter Southern 2', 6.78, '2015-10-03 09:15:00', '00:04:35', '2015-08-10 11:58:58', '2015-08-27 12:26:42', 0),
	(607, 37, 'Harold', 6.61, '2015-10-03 09:30:00', '00:03:46', '2015-08-10 11:58:58', '2015-08-27 12:26:42', 0),
	(608, 37, 'Harold 2', 6.61, '2015-10-03 09:45:00', '00:03:46', '2015-08-10 11:58:58', '2015-08-27 12:26:42', 0),
	(609, 37, 'Hunter Southern 3', 6.78, '2015-10-03 10:00:00', '00:04:35', '2015-08-10 11:58:58', '2015-08-27 12:26:42', 0),
	(610, 37, 'Harold 3', 6.61, '2015-10-03 10:15:00', '00:03:46', '2015-08-10 11:58:58', '2015-08-27 12:26:42', 0),
	(611, 37, 'Harold 4', 6.61, '2015-10-03 10:30:00', '00:03:46', '2015-08-10 11:58:58', '2015-08-27 12:26:42', 0),
	(612, 37, 'Hunter Northern', 8.89, '2015-10-03 10:45:00', '00:05:31', '2015-08-10 11:58:58', '2015-08-27 12:26:42', 0),
	(613, 37, 'Hunter Northern Reverse', 8.31, '2015-10-03 11:00:00', '00:05:14', '2015-08-10 11:58:58', '2015-08-27 12:26:42', 0),
	(614, 37, 'Hunter Southern Reverse', 6.54, '2015-10-03 11:15:00', '00:04:21', '2015-08-10 11:58:58', '2015-08-27 12:26:42', 0),
	(615, 37, 'Hunter Southern 4', 6.78, '2015-10-03 11:30:00', '00:04:35', '2015-08-10 11:58:58', '2015-08-27 12:26:42', 0),
	(616, 37, 'Hunter Northern 2', 8.89, '2015-10-03 11:45:00', '00:05:31', '2015-08-10 11:58:58', '2015-08-27 12:26:42', 0),
	(617, 37, 'Hunter Northern Reverse 2', 8.31, '2015-10-03 12:00:00', '00:05:14', '2015-08-10 11:58:58', '2015-08-27 12:26:42', 0),
	(618, 37, 'Hunter Southern Reverse 2', 6.54, '2015-10-03 12:15:00', '00:04:21', '2015-08-10 11:58:59', '2015-08-27 12:26:42', 0),
	(622, 38, 'Kabardinka', 13.46, '2015-10-10 09:00:00', '00:08:37', '2015-08-10 12:01:23', '2015-08-27 12:26:42', 0),
	(623, 38, 'Glebovskiy', 25.40, '2015-10-10 09:15:00', '00:15:56', '2015-08-10 12:01:23', '2015-08-27 12:26:42', 0),
	(624, 38, 'Markoth', 9.43, '2015-10-10 09:30:00', '00:06:05', '2015-08-10 12:01:23', '2015-08-27 12:26:42', 0),
	(625, 38, 'Golubaya Buhta', 12.13, '2015-10-10 09:45:00', '00:07:03', '2015-08-10 12:01:23', '2015-08-27 12:26:42', 0),
	(626, 38, 'Kabardinka 2', 13.46, '2015-10-10 10:00:00', '00:08:37', '2015-08-10 12:01:23', '2015-08-27 12:26:42', 0),
	(627, 38, 'Glebovskiy 2', 25.40, '2015-10-10 10:15:00', '00:15:56', '2015-08-10 12:01:23', '2015-08-27 12:26:42', 0),
	(628, 38, 'Markoth 2', 9.43, '2015-10-10 10:30:00', '00:06:05', '2015-08-10 12:01:23', '2015-08-27 12:26:42', 0),
	(629, 38, 'Golubaya Buhta 2', 12.13, '2015-10-10 10:45:00', '00:07:03', '2015-08-10 12:01:23', '2015-08-27 12:26:42', 0),
	(630, 38, 'Gorniy', 9.11, '2015-10-10 11:00:00', '00:05:30', '2015-08-10 12:01:23', '2015-08-27 12:26:42', 0),
	(631, 38, 'Semigorskiy', 13.13, '2015-10-10 11:15:00', '00:08:21', '2015-08-10 12:01:23', '2015-08-27 12:26:42', 0),
	(632, 38, 'Natukhaevskiy', 12.90, '2015-10-10 11:30:00', '00:08:20', '2015-08-10 12:01:23', '2015-08-27 12:26:42', 0),
	(633, 38, 'Fort Raevskogo', 10.10, '2015-10-10 11:45:00', '00:06:37', '2015-08-10 12:01:23', '2015-08-27 12:26:42', 0),
	(634, 38, 'Gorniy 2', 9.11, '2015-10-10 12:00:00', '00:05:30', '2015-08-10 12:01:23', '2015-08-27 12:26:42', 0),
	(635, 38, 'Semigorskiy 2', 13.13, '2015-10-10 12:15:00', '00:08:21', '2015-08-10 12:01:24', '2015-08-27 12:26:42', 0),
	(636, 38, 'Natukhaevskiy 2', 12.90, '2015-10-10 12:30:00', '00:08:20', '2015-08-10 12:01:24', '2015-08-27 12:26:42', 0),
	(637, 38, 'Fort Raevskogo 2', 10.10, '2015-10-10 12:45:00', '00:06:37', '2015-08-10 12:01:24', '2015-08-12 15:56:58', 0),
	(639, 39, 'Lillsjohogen', 33.85, '2015-10-17 09:00:00', '00:20:05', '2015-08-10 12:04:32', '2015-08-27 12:26:42', 0),
	(640, 39, 'Campus', 2.75, '2015-10-17 09:15:00', '00:01:36', '2015-08-10 12:04:32', '2015-08-27 12:26:42', 0),
	(641, 39, 'Lillsjohogen 2', 33.85, '2015-10-17 09:30:00', '00:20:05', '2015-08-10 12:04:32', '2015-08-27 12:26:42', 0),
	(642, 39, 'Campus 2', 2.75, '2015-10-17 09:45:00', '00:01:36', '2015-08-10 12:04:32', '2015-08-27 12:26:42', 0),
	(643, 39, 'Vaster-Kalen', 7.88, '2015-10-17 10:00:00', '00:04:37', '2015-08-10 12:04:33', '2015-08-27 12:26:42', 0),
	(644, 39, 'Glosa', 5.37, '2015-10-17 10:15:00', '00:03:12', '2015-08-10 12:04:33', '2015-08-27 12:26:42', 0),
	(645, 39, 'Gallsaberget', 29.22, '2015-10-17 10:30:00', '00:18:56', '2015-08-10 12:04:33', '2015-08-27 12:26:42', 0),
	(646, 39, 'Bolesbodarna', 12.13, '2015-10-17 10:45:00', '00:07:38', '2015-08-10 12:04:33', '2015-08-27 12:26:42', 0),
	(647, 39, 'Sjoarsjon', 12.65, '2015-10-17 11:00:00', '00:07:07', '2015-08-10 12:04:33', '2015-08-27 12:26:42', 0),
	(648, 39, 'Husas', 21.25, '2015-10-17 11:15:00', '00:12:37', '2015-08-10 12:04:33', '2015-08-27 12:26:42', 0),
	(649, 39, 'Vaster-Kalen 2', 7.88, '2015-10-17 11:30:00', '00:04:37', '2015-08-10 12:04:33', '2015-08-27 12:26:42', 0),
	(650, 39, 'Glosa 2', 5.37, '2015-10-17 11:45:00', '00:03:12', '2015-08-10 12:04:33', '2015-08-27 12:26:42', 0),
	(651, 39, 'Gallsaberget 2', 29.22, '2015-10-17 12:00:00', '00:18:56', '2015-08-10 12:04:34', '2015-08-27 12:26:42', 0),
	(652, 39, 'Bolesbodarna 2', 12.13, '2015-10-17 12:15:00', '00:07:38', '2015-08-10 12:04:34', '2015-08-27 12:26:42', 0),
	(653, 39, 'Sjoarsjon', 12.26, '2015-10-17 12:30:00', '00:07:38', '2015-08-10 12:04:34', '2015-08-12 15:56:58', 0),
	(654, 39, 'Husas', 21.54, '2015-10-17 12:45:00', '00:12:12', '2015-08-10 12:04:34', '2015-08-12 15:56:58', 0),
	(656, 40, 'Fjeldsdalen Vest', 3.19, '2015-10-24 09:00:00', '00:02:00', '2015-08-10 12:14:12', '2015-08-27 12:26:42', 0),
	(657, 40, 'Naddum', 6.18, '2015-10-24 09:15:00', '00:03:53', '2015-08-10 12:14:12', '2015-08-27 12:26:42', 0),
	(658, 40, 'Hellesjovannet', 4.42, '2015-10-24 09:30:00', '00:02:38', '2015-08-10 12:14:12', '2015-08-27 12:26:42', 0),
	(659, 40, 'Fjeldsdalen Vest 2', 3.19, '2015-10-24 09:45:00', '00:02:00', '2015-08-10 12:14:13', '2015-08-27 12:26:42', 0),
	(660, 40, 'Naddum 2', 6.18, '2015-10-24 10:00:00', '00:03:53', '2015-08-10 12:14:13', '2015-08-27 12:26:42', 0),
	(661, 40, 'Hellesjovannet 2', 4.42, '2015-10-24 10:15:00', '00:02:38', '2015-08-10 12:14:13', '2015-08-27 12:26:42', 0),
	(662, 40, 'Bjorkelangen Torg', 0.33, '2015-10-24 10:30:00', '00:00:11', '2015-08-10 12:14:13', '2015-08-27 12:26:42', 0),
	(663, 40, 'Oisjoen Nord', 13.54, '2015-10-24 10:45:00', '00:08:33', '2015-08-10 12:14:13', '2015-08-27 12:26:42', 0),
	(664, 40, 'Romsjoen Nord', 13.14, '2015-10-24 11:00:00', '00:08:19', '2015-08-10 12:14:13', '2015-08-27 12:26:42', 0),
	(665, 40, 'Kjolen Syd', 13.33, '2015-10-24 11:15:00', '00:08:49', '2015-08-10 12:14:13', '2015-08-27 12:26:42', 0),
	(666, 40, 'Bjorkelangen Torg 2', 0.33, '2015-10-24 11:30:00', '00:00:11', '2015-08-10 12:14:13', '2015-08-27 12:26:42', 0),
	(667, 40, 'Romsjoen Nord 2', 13.14, '2015-10-24 11:45:00', '00:08:19', '2015-08-10 12:14:13', '2015-08-27 12:26:42', 0),
	(668, 40, 'Kjolen Syd 2', 13.33, '2015-10-24 12:00:00', '00:08:49', '2015-08-10 12:14:13', '2015-08-27 12:26:42', 0),
	(669, 40, 'Oisjoen Nord 2', 13.54, '2015-10-24 12:15:00', '00:08:33', '2015-08-10 12:14:13', '2015-08-27 12:26:42', 0),
	(673, 41, 'Arstadveien', 3.20, '2015-10-31 09:00:00', '00:01:54', '2015-08-10 12:16:40', '2015-08-27 12:26:42', 0),
	(674, 41, 'Stavasen', 17.82, '2015-10-31 09:15:00', '00:10:45', '2015-08-10 12:16:40', '2015-08-27 12:26:42', 0),
	(675, 41, 'Arstadveien 2', 3.20, '2015-10-31 09:30:00', '00:01:54', '2015-08-10 12:16:40', '2015-08-27 12:26:42', 0),
	(676, 41, 'Stavasen 2', 17.82, '2015-10-31 09:45:00', '00:10:45', '2015-08-10 12:16:40', '2015-08-27 12:26:42', 0),
	(677, 41, 'Starmoen', 3.77, '2015-10-31 10:00:00', '00:02:16', '2015-08-10 12:16:40', '2015-08-27 12:26:42', 0),
	(678, 41, 'Rolsasen', 28.60, '2015-10-31 10:15:00', '00:16:35', '2015-08-10 12:16:40', '2015-08-27 12:26:42', 0),
	(679, 41, 'Agasen', 19.58, '2015-10-31 10:30:00', '00:13:23', '2015-08-10 12:16:40', '2015-08-27 12:26:42', 0),
	(680, 41, 'Starmoen 2', 3.77, '2015-10-31 10:45:00', '00:02:16', '2015-08-10 12:16:40', '2015-08-27 12:26:42', 0),
	(681, 41, 'Rolsasen 2', 28.60, '2015-10-31 11:00:00', '00:16:35', '2015-08-10 12:16:40', '2015-08-27 12:26:42', 0),
	(682, 41, 'Agasen 2', 19.58, '2015-10-31 11:15:00', '00:13:23', '2015-08-10 12:16:40', '2015-08-27 12:26:42', 0),
	(683, 41, 'Terningen', 2.40, '2015-10-31 11:30:00', '00:01:35', '2015-08-10 12:16:40', '2015-08-27 12:26:42', 0),
	(684, 41, 'Terningen 2', 2.40, '2015-10-31 11:45:00', '00:01:35', '2015-08-10 12:16:41', '2015-08-27 12:26:42', 0),
	(685, 41, 'Starmoen Reverse', 3.47, '2015-10-31 12:00:00', '00:02:07', '2015-08-10 12:16:41', '2015-08-27 12:26:42', 0),
	(686, 41, 'Rolsasen Reverse', 28.87, '2015-10-31 12:15:00', '00:16:54', '2015-08-10 12:16:41', '2015-08-27 12:26:42', 0),
	(687, 41, 'Agasen Reverse', 19.48, '2015-10-31 12:30:00', '00:11:03', '2015-08-10 12:16:41', '2015-08-27 12:26:42', 0),
	(690, 42, 'Lovbrotte', 5.36, '2015-11-07 09:00:00', '00:03:11', '2015-08-10 12:19:14', '2015-08-27 12:26:42', 0),
	(691, 42, 'Astjern', 6.22, '2015-11-07 09:15:00', '00:03:43', '2015-08-10 12:19:14', '2015-08-27 12:26:42', 0),
	(692, 42, 'Helgedalen', 6.41, '2015-11-07 09:30:00', '00:04:21', '2015-08-10 12:19:14', '2015-08-27 12:26:42', 0),
	(693, 42, 'Lovbrotte Reverse', 5.24, '2015-11-07 09:45:00', '00:02:59', '2015-08-10 12:19:14', '2015-08-27 12:26:42', 0),
	(694, 42, 'Astjern Reverse', 6.75, '2015-11-07 10:00:00', '00:04:32', '2015-08-10 12:19:14', '2015-08-27 12:26:42', 0),
	(695, 42, 'Helgedalen Reverse', 6.76, '2015-11-07 10:15:00', '00:03:47', '2015-08-10 12:19:14', '2015-08-27 12:26:42', 0),
	(696, 42, 'Super Special Stage', 1.86, '2015-11-07 10:30:00', '00:01:13', '2015-08-10 12:19:15', '2015-08-27 12:26:42', 0),
	(697, 42, 'Super Special Stage 2', 1.86, '2015-11-07 10:45:00', '00:01:13', '2015-08-10 12:19:15', '2015-08-27 12:26:42', 0),
	(698, 42, 'Lovbrotte 2', 5.36, '2015-11-07 11:00:00', '00:03:11', '2015-08-10 12:19:15', '2015-08-27 12:26:42', 0),
	(699, 42, 'Astjern 2', 6.22, '2015-11-07 11:15:00', '00:03:43', '2015-08-10 12:19:15', '2015-08-27 12:26:42', 0),
	(700, 42, 'Helgedalen 2', 6.41, '2015-11-07 11:30:00', '00:04:21', '2015-08-10 12:19:15', '2015-08-27 12:26:42', 0),
	(701, 42, 'Lovbrotte Reverse 2', 5.24, '2015-11-07 11:45:00', '00:02:59', '2015-08-10 12:19:15', '2015-08-27 12:26:42', 0),
	(702, 42, 'Astjern Reverse 2', 6.75, '2015-11-07 12:00:00', '00:04:32', '2015-08-10 12:19:15', '2015-08-27 12:26:43', 0),
	(703, 42, 'Helgedalen Reverse 2', 6.76, '2015-11-07 12:15:00', '00:03:47', '2015-08-10 12:19:15', '2015-08-27 12:26:43', 0),
	(707, 43, 'Ringsaker', 8.33, '2015-11-14 09:00:00', '00:04:54', '2015-08-10 12:45:01', '2015-08-27 12:26:43', 0),
	(708, 43, 'Mauset', 5.28, '2015-11-14 09:15:00', '00:03:05', '2015-08-10 12:45:01', '2015-08-27 12:26:43', 0),
	(709, 43, 'Vangsasen', 7.10, '2015-11-14 09:30:00', '00:04:42', '2015-08-10 12:45:01', '2015-08-27 12:26:43', 0),
	(710, 43, 'Vennkvern', 1.32, '2015-11-14 09:45:00', '00:00:46', '2015-08-10 12:45:01', '2015-08-27 12:26:43', 0),
	(711, 43, 'Stange', 4.19, '2015-11-14 10:00:00', '00:02:38', '2015-08-10 12:45:01', '2015-08-27 12:26:43', 0),
	(712, 43, 'Ekeberg', 10.96, '2015-11-14 10:15:00', '00:06:38', '2015-08-10 12:45:02', '2015-08-27 12:26:43', 0),
	(713, 43, 'Brenna', 14.99, '2015-11-14 10:30:00', '00:09:12', '2015-08-10 12:45:02', '2015-08-27 12:26:43', 0),
	(714, 43, 'Vennkvern 2', 1.32, '2015-11-14 10:45:00', '00:00:46', '2015-08-10 12:45:02', '2015-08-27 12:26:43', 0),
	(715, 43, 'Ringsaker 2', 8.33, '2015-11-14 11:00:00', '00:04:54', '2015-08-10 12:45:02', '2015-08-27 12:26:43', 0),
	(716, 43, 'Mauset 2', 5.28, '2015-11-14 11:15:00', '00:03:05', '2015-08-10 12:45:02', '2015-08-27 12:26:43', 0),
	(717, 43, 'Vangsasen 2', 7.10, '2015-11-14 11:30:00', '00:04:42', '2015-08-10 12:45:02', '2015-08-27 12:26:43', 0),
	(718, 43, 'Stange 2', 4.19, '2015-11-14 11:45:00', '00:02:38', '2015-08-10 12:45:02', '2015-08-27 12:26:43', 0),
	(719, 43, 'Ekeberg 2', 10.96, '2015-11-14 12:00:00', '00:06:38', '2015-08-10 12:45:02', '2015-08-27 12:26:43', 0),
	(720, 43, 'Brenna 2', 14.99, '2015-11-14 12:15:00', '00:09:12', '2015-08-10 12:45:02', '2015-08-27 12:26:43', 0),
	(724, 44, 'Gjesthusvegen', 3.43, '2015-08-30 09:00:00', '00:02:08', '2015-08-10 12:56:06', '2015-08-30 09:00:01', 1),
	(725, 44, 'Gronli', 11.16, '2015-08-30 09:15:00', '00:07:06', '2015-08-10 12:56:06', '2015-08-30 09:15:02', 1),
	(726, 44, 'Lauvset', 16.42, '2015-08-30 09:30:00', '00:09:39', '2015-08-10 12:56:06', '2015-08-30 09:30:00', 1),
	(727, 44, 'Ridalen', 26.38, '2015-08-30 09:45:00', '00:17:18', '2015-08-10 12:56:06', '2015-08-30 09:45:00', 1),
	(728, 44, 'Oset', 16.27, '2015-08-30 10:00:00', '00:10:13', '2015-08-10 12:56:06', '2015-08-30 10:00:01', 1),
	(729, 44, 'Gronli Reverse', 11.51, '2015-08-30 10:15:00', '00:06:32', '2015-08-10 12:56:06', '2015-08-30 10:15:00', 1),
	(730, 44, 'Gjesthusvegen 2', 3.43, '2015-08-30 10:30:00', '00:02:08', '2015-08-10 12:56:06', '2015-08-30 10:30:02', 1),
	(731, 44, 'Gronli 2', 11.16, '2015-08-30 10:45:00', '00:07:06', '2015-08-10 12:56:06', '2015-08-30 10:45:00', 1),
	(732, 44, 'Fjellstue', 9.30, '2015-08-30 11:00:00', '00:06:00', '2015-08-10 12:56:06', '2015-08-30 11:00:00', 1),
	(733, 44, 'Oset 2', 16.27, '2015-08-30 11:15:00', '00:10:13', '2015-08-10 12:56:07', '2015-08-30 11:15:01', 1),
	(734, 44, 'Fjellstue 2', 9.30, '2015-08-30 11:30:00', '00:06:00', '2015-08-10 12:56:07', '2015-08-30 11:30:00', 1),
	(735, 44, 'Fjellstue Reverse', 9.22, '2015-08-30 11:45:00', '00:05:11', '2015-08-10 12:56:07', '2015-08-30 11:45:00', 1),
	(736, 44, 'Gronli Reverse 2', 11.51, '2015-08-30 12:00:00', '00:06:32', '2015-08-10 12:56:07', '2015-08-30 12:00:00', 1),
	(737, 44, 'Lauvset 2', 16.42, '2015-08-30 12:15:00', '00:09:39', '2015-08-10 12:56:07', '2015-08-30 12:15:00', 1),
	(741, 45, 'Oslo', 1.57, '2015-09-09 09:00:00', '00:01:00', '2015-08-10 13:00:49', '2015-08-25 17:27:41', 0),
	(742, 45, 'Opaker', 14.32, '2015-09-09 09:15:00', '00:08:49', '2015-08-10 13:00:49', '2015-08-27 12:26:43', 0),
	(743, 45, 'Kirkenaer', 8.40, '2015-09-09 09:30:00', '00:05:31', '2015-08-10 13:00:49', '2015-08-27 12:26:43', 0),
	(744, 45, 'Finnskogen', 20.35, '2015-09-09 09:45:00', '00:13:37', '2015-08-10 13:00:49', '2015-08-27 12:26:43', 0),
	(745, 45, 'Kongsvinger', 13.27, '2015-09-09 10:00:00', '00:07:35', '2015-08-10 13:00:49', '2015-08-27 12:26:43', 0),
	(746, 45, 'Opaker 2', 14.32, '2015-09-09 10:15:00', '00:08:49', '2015-08-10 13:00:49', '2015-08-27 12:26:43', 0),
	(747, 45, 'Finnskogen 2', 20.35, '2015-09-09 10:30:00', '00:13:37', '2015-08-10 13:00:49', '2015-08-27 12:26:43', 0),
	(748, 45, 'Kongsvinger 2', 13.27, '2015-09-09 10:45:00', '00:07:35', '2015-08-10 13:00:49', '2015-08-27 12:26:43', 0),
	(749, 45, 'Kirkenaer 2', 8.40, '2015-09-09 11:00:00', '00:05:31', '2015-08-10 13:00:49', '2015-08-27 12:26:43', 0),
	(750, 45, 'Mountain', 24.18, '2015-09-09 11:15:00', '00:15:37', '2015-08-10 13:00:49', '2015-08-27 12:26:43', 0),
	(751, 45, 'Lillehammer', 6.49, '2015-09-09 11:30:00', '00:03:41', '2015-08-10 13:00:50', '2015-08-27 12:26:43', 0),
	(752, 45, 'Ringsaker', 27.31, '2015-09-09 11:45:00', '00:17:50', '2015-08-10 13:00:50', '2015-08-27 12:26:43', 0),
	(753, 45, 'Hamar', 1.10, '2015-09-09 12:00:00', '00:00:41', '2015-08-10 13:00:50', '2015-08-27 12:26:43', 0),
	(754, 45, 'Mountain 2', 24.18, '2015-09-09 12:15:00', '00:15:37', '2015-08-10 13:00:50', '2015-08-27 12:26:43', 0),
	(755, 45, 'Lillehammer 2', 6.49, '2015-09-09 12:30:00', '00:03:41', '2015-08-10 13:00:50', '2015-08-27 12:26:43', 0),
	(756, 45, 'Ringsaker 2 ', 27.31, '2015-09-09 12:45:00', '00:17:50', '2015-08-10 13:00:50', '2015-08-27 12:26:43', 0),
	(757, 45, 'Hamar 2', 1.10, '2015-09-09 13:00:00', '00:00:41', '2015-08-10 13:00:50', '2015-08-27 12:26:43', 0),
	(758, 46, 'Dokkeberg', 6.91, '2015-09-16 09:00:00', '00:04:13', '2015-08-10 13:05:04', '2015-08-27 12:26:43', 0),
	(759, 46, 'Smadol', 23.35, '2015-09-16 09:15:00', '00:14:05', '2015-08-10 13:05:04', '2015-08-27 12:26:43', 0),
	(760, 46, 'Lesteberg', 9.18, '2015-09-16 09:30:00', '00:05:27', '2015-08-10 13:05:04', '2015-08-27 12:26:43', 0),
	(761, 46, 'Dokkeberg Reverse', 6.76, '2015-09-16 09:45:00', '00:03:52', '2015-08-10 13:05:04', '2015-08-27 12:26:43', 0),
	(762, 46, 'Bjerkeflata Nord', 9.63, '2015-09-16 10:00:00', '00:06:24', '2015-08-10 13:05:04', '2015-08-27 12:26:43', 0),
	(763, 46, 'Smadol Reverse', 23.96, '2015-09-16 10:15:00', '00:14:43', '2015-08-10 13:05:04', '2015-08-27 12:26:43', 0),
	(764, 46, 'Lesteberg Reverse', 9.24, '2015-09-16 10:30:00', '00:05:45', '2015-08-10 13:05:05', '2015-08-27 12:26:43', 0),
	(765, 46, 'Bjerkeflata Nord Reverse', 9.72, '2015-09-16 10:45:00', '00:06:19', '2015-08-10 13:05:05', '2015-08-27 12:26:43', 0),
	(766, 46, 'Dokkeberg 2', 6.91, '2015-09-16 11:00:00', '00:04:13', '2015-08-10 13:05:05', '2015-08-27 12:26:43', 0),
	(767, 46, 'Smadol 2', 23.35, '2015-09-16 11:15:00', '00:14:05', '2015-08-10 13:05:05', '2015-08-27 12:26:43', 0),
	(768, 46, 'Lesteberg 2', 9.18, '2015-09-16 11:30:00', '00:05:27', '2015-08-10 13:05:05', '2015-08-27 12:26:43', 0),
	(769, 46, 'Bjerkeflata Nord 2', 9.63, '2015-09-16 11:45:00', '00:06:24', '2015-08-10 13:05:05', '2015-08-27 12:26:43', 0),
	(770, 46, 'Dokkeberg 3', 6.91, '2015-09-16 12:00:00', '00:04:13', '2015-08-10 13:05:05', '2015-08-27 12:26:43', 0),
	(771, 46, 'Smadol 3', 23.35, '2015-09-16 12:15:00', '00:14:05', '2015-08-10 13:05:05', '2015-08-27 12:26:43', 0),
	(772, 46, 'Lesteberg 3', 9.18, '2015-09-16 12:30:00', '00:05:27', '2015-08-10 13:05:05', '2015-08-27 12:26:43', 0),
	(775, 47, 'Korsboen', 13.86, '2015-09-20 09:00:00', '00:09:09', '2015-08-10 13:16:42', '2015-08-27 12:26:43', 0),
	(776, 47, 'Malmveien', 6.46, '2015-09-20 09:15:00', '00:04:11', '2015-08-10 13:16:42', '2015-08-27 12:26:43', 0),
	(777, 47, 'Letmolia', 16.27, '2015-09-20 09:30:00', '00:09:30', '2015-08-10 13:16:42', '2015-08-27 12:26:43', 0),
	(778, 47, 'Krodsherad', 13.55, '2015-09-20 09:45:00', '00:08:02', '2015-08-10 13:16:42', '2015-08-27 12:26:43', 0),
	(779, 47, 'Bjoreskogen', 11.10, '2015-09-20 10:00:00', '00:06:44', '2015-08-10 13:16:42', '2015-08-27 12:26:43', 0),
	(780, 47, 'Nevra', 16.76, '2015-09-20 10:15:00', '00:10:56', '2015-08-10 13:16:42', '2015-08-27 12:26:43', 0),
	(781, 47, 'Nysaetra', 14.59, '2015-09-20 10:30:00', '00:09:29', '2015-08-10 13:16:42', '2015-08-27 12:26:43', 0),
	(782, 47, 'Malmveien 2', 6.46, '2015-09-20 10:45:00', '00:04:11', '2015-08-10 13:16:42', '2015-08-27 12:26:43', 0),
	(783, 47, 'Letmolia 2', 16.27, '2015-09-20 11:00:00', '00:09:30', '2015-08-10 13:16:42', '2015-08-27 12:26:43', 0),
	(784, 47, 'Krodsherad 2', 13.55, '2015-09-20 11:15:00', '00:08:02', '2015-08-10 13:16:42', '2015-08-27 12:26:43', 0),
	(785, 47, 'Bjoreskogen 2', 11.10, '2015-09-20 11:30:00', '00:06:44', '2015-08-10 13:16:43', '2015-08-27 12:26:43', 0),
	(786, 47, 'Korsboen 2', 13.86, '2015-09-20 11:45:00', '00:09:09', '2015-08-10 13:16:43', '2015-08-27 12:26:43', 0),
	(787, 47, 'Nevra 2', 16.76, '2015-09-20 12:00:00', '00:10:56', '2015-08-10 13:16:43', '2015-08-27 12:26:43', 0),
	(788, 47, 'Nysaetra 2', 14.59, '2015-09-20 12:15:00', '00:09:29', '2015-08-10 13:16:43', '2015-08-27 12:26:43', 0),
	(792, 48, 'Glubo', 5.79, '2015-09-27 09:00:00', '00:03:39', '2015-08-10 13:18:36', '2015-08-27 12:26:43', 0),
	(793, 48, 'Hetlandsheio', 9.82, '2015-09-27 09:15:00', '00:05:37', '2015-08-10 13:18:36', '2015-08-27 12:26:43', 0),
	(794, 48, 'Glubo 2', 5.79, '2015-09-27 09:30:00', '00:03:39', '2015-08-10 13:18:36', '2015-08-27 12:26:43', 0),
	(795, 48, 'Moi', 2.77, '2015-09-27 09:45:00', '00:01:46', '2015-08-10 13:18:36', '2015-08-27 12:26:43', 0),
	(796, 48, 'Jossingfjord', 19.16, '2015-09-27 10:00:00', '00:13:08', '2015-08-10 13:18:36', '2015-08-27 12:26:43', 0),
	(797, 48, 'Moi 2', 2.77, '2015-09-27 10:15:00', '00:01:46', '2015-08-10 13:18:36', '2015-08-27 12:26:43', 0),
	(798, 48, 'Rossland', 3.98, '2015-09-27 10:30:00', '00:02:35', '2015-08-10 13:18:36', '2015-08-27 12:26:43', 0),
	(799, 48, 'Nesvag', 9.30, '2015-09-27 10:45:00', '00:05:27', '2015-08-10 13:18:37', '2015-08-27 12:26:43', 0),
	(800, 48, 'Kjelland', 3.65, '2015-09-27 11:00:00', '00:02:10', '2015-08-10 13:18:37', '2015-08-27 12:26:43', 0),
	(801, 48, 'Rossland 2', 3.98, '2015-09-27 11:15:00', '00:02:35', '2015-08-10 13:18:37', '2015-08-27 12:26:43', 0),
	(802, 48, 'Nesvag 2', 9.30, '2015-09-27 11:30:00', '00:05:27', '2015-08-10 13:18:37', '2015-08-27 12:26:43', 0),
	(803, 48, 'Kjelland 2', 3.65, '2015-09-27 11:45:00', '00:02:10', '2015-08-10 13:18:37', '2015-08-27 12:26:43', 0),
	(804, 48, 'Jossingfjord 2', 19.16, '2015-09-27 12:00:00', '00:13:08', '2015-08-10 13:18:37', '2015-08-27 12:26:43', 0),
	(805, 48, 'Hetlandsheio', 9.18, '2015-09-27 12:15:00', '00:05:52', '2015-08-10 13:18:37', '2015-08-12 15:56:58', 0),
	(822, 49, 'Hoye 2', 9.92, '2015-10-04 09:00:00', '00:06:03', '2015-08-10 15:12:08', '2015-08-27 12:26:43', 0),
	(821, 49, 'Steinsland 2', 11.72, '2015-10-04 09:15:00', '00:06:50', '2015-08-10 15:12:08', '2015-08-27 12:26:43', 0),
	(820, 49, 'Gumpens 2', 19.16, '2015-10-04 09:30:00', '00:11:15', '2015-08-10 15:12:08', '2015-08-27 12:26:43', 0),
	(819, 49, 'Solas 2', 31.22, '2015-10-04 09:45:00', '00:20:04', '2015-08-10 15:12:08', '2015-08-27 12:26:43', 0),
	(818, 49, 'Jabekk 2', 4.18, '2015-10-04 10:00:00', '00:02:36', '2015-08-10 15:12:07', '2015-08-27 12:26:43', 0),
	(817, 49, 'Lindland', 25.94, '2015-10-04 10:15:00', '00:17:53', '2015-08-10 15:12:07', '2015-08-27 12:26:43', 0),
	(816, 49, 'Hoye', 9.92, '2015-10-04 10:30:00', '00:06:03', '2015-08-10 15:12:07', '2015-08-27 12:26:43', 0),
	(815, 49, 'Jabekk', 4.18, '2015-10-04 10:45:00', '00:02:36', '2015-08-10 15:12:07', '2015-08-27 12:26:43', 0),
	(814, 49, 'Steinsland', 11.72, '2015-10-04 11:00:00', '00:06:50', '2015-08-10 15:12:07', '2015-08-27 12:26:43', 0),
	(813, 49, 'Gumpens', 19.16, '2015-10-04 11:15:00', '00:11:15', '2015-08-10 15:12:07', '2015-08-27 12:26:43', 0),
	(812, 49, 'Solas', 31.22, '2015-10-04 11:30:00', '00:20:04', '2015-08-10 15:12:07', '2015-08-27 12:26:43', 0),
	(811, 49, 'Arstol', 17.91, '2015-10-04 11:45:00', '00:12:15', '2015-08-10 15:12:07', '2015-08-27 12:26:43', 0),
	(810, 49, 'Tranehoyda', 12.31, '2015-10-04 12:00:00', '00:07:32', '2015-08-10 15:12:07', '2015-08-27 12:26:43', 0),
	(809, 49, 'Skoieheia', 3.52, '2015-10-04 12:15:00', '00:02:04', '2015-08-10 15:12:07', '2015-08-27 12:26:43', 0),
	(840, 50, 'Arlifoss 3', 8.95, '2015-10-11 09:00:00', '00:05:36', '2015-08-10 15:21:50', '2015-08-27 12:26:43', 0),
	(839, 50, 'Liangrenna 3', 5.75, '2015-10-11 09:15:00', '00:03:17', '2015-08-10 15:21:50', '2015-08-27 12:26:43', 0),
	(838, 50, 'Klevarsida 3', 6.22, '2015-10-11 09:30:00', '00:03:48', '2015-08-10 15:21:50', '2015-08-27 12:26:43', 0),
	(837, 50, 'Darstul 3', 7.71, '2015-10-11 09:45:00', '00:04:23', '2015-08-10 15:21:50', '2015-08-27 12:26:43', 0),
	(836, 50, 'Elgsjo 3', 6.57, '2015-10-11 10:00:00', '00:03:59', '2015-08-10 15:21:50', '2015-08-27 12:26:43', 0),
	(835, 50, 'Arlifoss 2', 8.69, '2015-10-11 10:15:00', '00:05:35', '2015-08-10 15:21:50', '2015-08-27 12:26:43', 0),
	(834, 50, 'Liangrenna 2', 5.75, '2015-10-11 10:30:00', '00:03:17', '2015-08-10 15:21:50', '2015-08-27 12:26:43', 0),
	(833, 50, 'Arlifoss ', 8.97, '2015-10-11 10:45:00', '00:05:44', '2015-08-10 15:21:50', '2015-08-27 12:26:43', 0),
	(832, 50, 'Liangrenna', 5.75, '2015-10-11 11:00:00', '00:03:17', '2015-08-10 15:21:50', '2015-08-27 12:26:43', 0),
	(831, 50, 'Klevarsida 2', 6.22, '2015-10-11 11:15:00', '00:03:48', '2015-08-10 15:21:50', '2015-08-27 12:26:43', 0),
	(830, 50, 'Darstul 2', 7.71, '2015-10-11 11:30:00', '00:04:23', '2015-08-10 15:21:50', '2015-08-27 12:26:43', 0),
	(829, 50, 'Elgsjo 2', 6.57, '2015-10-11 11:45:00', '00:03:59', '2015-08-10 15:21:50', '2015-08-27 12:26:43', 0),
	(828, 50, 'Klevarsida', 6.22, '2015-10-11 12:00:00', '00:03:48', '2015-08-10 15:21:50', '2015-08-27 12:26:43', 0),
	(827, 50, 'Darstul', 7.71, '2015-10-11 12:15:00', '00:04:23', '2015-08-10 15:21:49', '2015-08-27 12:26:43', 0),
	(826, 50, 'Elgsjo', 6.57, '2015-10-11 12:30:00', '00:03:59', '2015-08-10 15:21:49', '2015-08-27 12:26:43', 0),
	(856, 51, 'Ristilampi', 49.26, '2015-10-18 09:00:00', '00:33:49', '2015-08-10 15:24:02', '2015-08-27 12:26:43', 0),
	(855, 51, 'Heinunkierto 2', 23.37, '2015-10-18 09:15:00', '00:14:49', '2015-08-10 15:24:02', '2015-08-27 12:26:43', 0),
	(854, 51, 'Sarriojarvi 2', 36.22, '2015-10-18 09:30:00', '00:22:09', '2015-08-10 15:24:02', '2015-08-27 12:26:43', 0),
	(853, 51, 'Hanhikoski 2', 32.86, '2015-10-18 09:45:00', '00:19:40', '2015-08-10 15:24:02', '2015-08-27 12:26:43', 0),
	(852, 51, 'Ristilampi', 49.63, '2015-10-18 10:00:00', '00:33:21', '2015-08-10 15:24:02', '2015-08-12 15:56:58', 0),
	(851, 51, 'Heinunkierto', 23.37, '2015-10-18 10:15:00', '00:14:49', '2015-08-10 15:24:02', '2015-08-27 12:26:43', 0),
	(850, 51, 'Mantyvaara 3', 3.63, '2015-10-18 10:30:00', '00:02:28', '2015-08-10 15:24:02', '2015-08-27 12:26:43', 0),
	(849, 51, 'Sarriojarvi', 36.22, '2015-10-18 10:45:00', '00:22:09', '2015-08-10 15:24:02', '2015-08-27 12:26:43', 0),
	(848, 51, 'Hanhikoski', 32.86, '2015-10-18 11:00:00', '00:19:40', '2015-08-10 15:24:02', '2015-08-27 12:26:43', 0),
	(847, 51, 'Mantyvaara 2', 3.63, '2015-10-18 11:15:00', '00:02:28', '2015-08-10 15:24:02', '2015-08-27 12:26:43', 0),
	(846, 51, 'Jyrhamajarvi', 29.14, '2015-10-18 11:30:00', '00:17:10', '2015-08-10 15:24:02', '2015-08-27 12:26:43', 0),
	(845, 51, 'Siikakama', 38.32, '2015-10-18 11:45:00', '00:21:47', '2015-08-10 15:24:02', '2015-08-27 12:26:43', 0),
	(844, 51, 'Aittajarvi', 24.79, '2015-10-18 12:00:00', '00:16:41', '2015-08-10 15:24:01', '2015-08-27 12:26:43', 0),
	(843, 51, 'Mantyvaara', 3.63, '2015-10-18 12:15:00', '00:02:28', '2015-08-10 15:24:01', '2015-08-27 12:26:43', 0),
	(875, 52, 'Dechantskirchen 3', 9.61, '2015-10-25 09:00:00', '00:05:54', '2015-08-10 15:30:11', '2015-08-27 12:26:43', 0),
	(874, 52, 'Sinnersdorf 3', 8.34, '2015-10-25 09:15:00', '00:04:42', '2015-08-10 15:30:11', '2015-08-27 12:26:43', 0),
	(873, 52, 'Rohrbach 3', 6.68, '2015-10-25 09:30:00', '00:03:49', '2015-08-10 15:30:11', '2015-08-27 12:26:43', 0),
	(872, 52, 'Pinggau 3', 12.57, '2015-10-25 09:45:00', '00:07:31', '2015-08-10 15:30:11', '2015-08-27 12:26:43', 0),
	(871, 52, 'Pinggau Lang 2', 32.58, '2015-10-25 10:00:00', '00:20:02', '2015-08-10 15:30:11', '2015-08-27 12:26:43', 0),
	(870, 52, 'Haideggendorf 2', 8.78, '2015-10-25 10:15:00', '00:05:15', '2015-08-10 15:30:11', '2015-08-27 12:26:43', 0),
	(869, 52, 'Pinggau Lang', 32.58, '2015-10-25 10:30:00', '00:20:02', '2015-08-10 15:30:11', '2015-08-27 12:26:43', 0),
	(868, 52, 'Haideggendorf', 8.78, '2015-10-25 10:45:00', '00:05:15', '2015-08-10 15:30:10', '2015-08-27 12:26:43', 0),
	(867, 52, 'Dechantskirchen 2', 9.61, '2015-10-25 11:00:00', '00:05:54', '2015-08-10 15:30:10', '2015-08-27 12:26:43', 0),
	(866, 52, 'Sinnersdorf 2', 8.34, '2015-10-25 11:15:00', '00:04:42', '2015-08-10 15:30:10', '2015-08-27 12:26:43', 0),
	(865, 52, 'Dechantskirchen', 9.61, '2015-10-25 11:30:00', '00:05:54', '2015-08-10 15:30:10', '2015-08-27 12:26:43', 0),
	(864, 52, 'Sinnersdorf', 8.34, '2015-10-25 11:45:00', '00:04:42', '2015-08-10 15:30:10', '2015-08-27 12:26:43', 0),
	(863, 52, 'Rohrbach 2', 6.68, '2015-10-25 12:00:00', '00:03:49', '2015-08-10 15:30:10', '2015-08-27 12:26:43', 0),
	(862, 52, 'Pinggau 2', 12.57, '2015-10-25 12:15:00', '00:07:31', '2015-08-10 15:30:10', '2015-08-27 12:26:43', 0),
	(861, 52, 'Rohrbach', 6.68, '2015-10-25 12:30:00', '00:03:49', '2015-08-10 15:30:10', '2015-08-27 12:26:43', 0),
	(860, 52, 'Pinggau', 12.57, '2015-10-25 12:45:00', '00:07:31', '2015-08-10 15:30:10', '2015-08-27 12:26:43', 0),
	(893, 53, 'Kendal 3', 6.84, '2015-11-01 09:00:00', '00:04:36', '2015-08-10 15:36:16', '2015-08-27 12:26:43', 0),
	(892, 53, 'Bushy Park 2', 1.59, '2015-11-01 09:15:00', '00:00:53', '2015-08-10 15:36:16', '2015-08-27 12:26:43', 0),
	(891, 53, 'Malvern 2', 6.26, '2015-11-01 09:30:00', '00:03:47', '2015-08-10 15:36:16', '2015-08-27 12:26:43', 0),
	(890, 53, 'Kendal 2', 6.84, '2015-11-01 09:45:00', '00:04:36', '2015-08-10 15:36:16', '2015-08-27 12:26:43', 0),
	(889, 53, 'Bushy Park', 5.28, '2015-11-01 10:00:00', '00:00:53', '2015-08-10 15:36:16', '2015-08-27 12:26:43', 0),
	(888, 53, 'Malvern', 6.26, '2015-11-01 10:15:00', '00:03:47', '2015-08-10 15:36:16', '2015-08-27 12:26:43', 0),
	(887, 53, 'Kendal', 6.84, '2015-11-01 10:30:00', '00:04:36', '2015-08-10 15:36:16', '2015-08-27 12:26:43', 0),
	(886, 53, 'Spring Vale 3', 5.70, '2015-11-01 10:45:00', '00:03:52', '2015-08-10 15:36:16', '2015-08-27 12:26:43', 0),
	(885, 53, 'Canefield 3', 6.87, '2015-11-01 11:00:00', '00:04:01', '2015-08-10 15:36:16', '2015-08-27 12:26:43', 0),
	(884, 53, 'Sailor Gully 3', 4.94, '2015-11-01 11:15:00', '00:03:14', '2015-08-10 15:36:15', '2015-08-27 12:26:43', 0),
	(883, 53, 'Spring Vale 2', 5.21, '2015-11-01 11:30:00', '00:03:08', '2015-08-10 15:36:15', '2015-08-27 12:26:43', 0),
	(882, 53, 'Canefield 2', 6.87, '2015-11-01 11:45:00', '00:04:01', '2015-08-10 15:36:15', '2015-08-27 12:26:43', 0),
	(881, 53, 'Sailor Gully 2', 4.94, '2015-11-01 12:00:00', '00:03:14', '2015-08-10 15:36:15', '2015-08-27 12:26:43', 0),
	(880, 53, 'Spring Vale ', 4.71, '2015-11-01 12:15:00', '00:03:06', '2015-08-10 15:36:15', '2015-08-27 12:26:43', 0),
	(879, 53, 'Canefield', 6.87, '2015-11-01 12:30:00', '00:04:01', '2015-08-10 15:36:15', '2015-08-27 12:26:43', 0),
	(878, 53, 'Sailor Gully', 4.94, '2015-11-01 12:45:00', '00:03:14', '2015-08-10 15:36:15', '2015-08-27 12:26:43', 0),
	(877, 53, 'Bushy Park', 1.59, '2015-11-01 13:00:00', '00:01:01', '2015-08-10 15:36:15', '2015-08-12 15:56:59', 0),
	(898, 54, 'Schuiferskapelle 2', 15.43, '2015-11-08 09:00:00', '00:09:45', '2015-08-10 15:38:49', '2015-08-27 12:26:43', 0),
	(897, 54, 'Poelberg', 7.41, '2015-11-08 09:15:00', '00:05:00', '2015-08-10 15:38:49', '2015-08-27 12:26:43', 0),
	(896, 54, 'Oosthoek', 8.97, '2015-11-08 09:30:00', '00:06:00', '2015-08-10 15:38:49', '2015-08-27 12:26:43', 0),
	(895, 54, 'Ondank', 9.75, '2015-11-08 09:45:00', '00:05:59', '2015-08-10 15:38:49', '2015-08-27 12:26:43', 0),
	(894, 54, 'Schuiferskapelle', 15.43, '2015-11-08 10:00:00', '00:09:45', '2015-08-10 15:38:49', '2015-08-27 12:26:43', 0),
	(899, 54, 'Ondank 2', 9.75, '2015-11-08 10:15:00', '00:05:59', '2015-08-10 15:38:49', '2015-08-27 12:26:43', 0),
	(900, 54, 'Oosthoek 2', 8.97, '2015-11-08 10:30:00', '00:06:00', '2015-08-10 15:38:50', '2015-08-27 12:26:43', 0),
	(901, 54, 'Poelberg 2', 7.41, '2015-11-08 10:45:00', '00:05:00', '2015-08-10 15:38:50', '2015-08-27 12:26:43', 0),
	(902, 54, 'Schuiferskapelle 3', 15.43, '2015-11-08 11:00:00', '00:09:45', '2015-08-10 15:38:50', '2015-08-27 12:26:43', 0),
	(903, 54, 'Ondank 3', 9.75, '2015-11-08 11:15:00', '00:05:59', '2015-08-10 15:38:50', '2015-08-27 12:26:43', 0),
	(904, 54, 'Oosthoek 3', 8.97, '2015-11-08 11:30:00', '00:06:00', '2015-08-10 15:38:50', '2015-08-27 12:26:43', 0),
	(905, 54, 'Poelberg 3', 7.41, '2015-11-08 11:45:00', '00:05:00', '2015-08-10 15:38:50', '2015-08-27 12:26:43', 0),
	(906, 54, 'Schuiferskapelle 4', 15.43, '2015-11-08 12:00:00', '00:09:45', '2015-08-10 15:38:50', '2015-08-27 12:26:43', 0),
	(907, 54, 'Ondank 4', 9.75, '2015-11-08 12:15:00', '00:05:59', '2015-08-10 15:38:50', '2015-08-27 12:26:43', 0),
	(908, 54, 'Oosthoek 4', 8.97, '2015-11-08 12:30:00', '00:06:00', '2015-08-10 15:38:50', '2015-08-27 12:26:43', 0),
	(909, 54, 'Poelberg 4', 7.41, '2015-11-08 12:45:00', '00:05:00', '2015-08-10 15:38:50', '2015-08-27 12:26:44', 0),
	(911, 55, 'Citadelle', 4.88, '2015-11-15 09:00:00', '00:03:19', '2015-08-10 15:41:57', '2015-08-27 12:26:44', 0),
	(912, 55, 'Malonne', 14.49, '2015-11-15 09:15:00', '00:09:19', '2015-08-10 15:41:57', '2015-08-27 12:26:44', 0),
	(913, 55, 'Bois de Villers', 9.90, '2015-11-15 09:30:00', '00:06:28', '2015-08-10 15:41:57', '2015-08-27 12:26:44', 0),
	(914, 55, 'Crupet', 11.84, '2015-11-15 09:45:00', '00:08:09', '2015-08-10 15:41:57', '2015-08-27 12:26:44', 0),
	(915, 55, 'Natoye', 10.34, '2015-11-15 10:00:00', '00:06:21', '2015-08-10 15:41:57', '2015-08-27 12:26:44', 0),
	(916, 55, 'Malonne 2', 14.49, '2015-11-15 10:15:00', '00:09:19', '2015-08-10 15:41:57', '2015-08-27 12:26:44', 0),
	(917, 55, 'Bois de Villers 2', 9.90, '2015-11-15 10:30:00', '00:06:28', '2015-08-10 15:41:58', '2015-08-27 12:26:44', 0),
	(918, 55, 'Crupet 2', 11.84, '2015-11-15 10:45:00', '00:08:09', '2015-08-10 15:41:58', '2015-08-27 12:26:44', 0),
	(919, 55, 'Natoye 2', 10.34, '2015-11-15 11:00:00', '00:06:21', '2015-08-10 15:41:58', '2015-08-27 12:26:44', 0),
	(920, 55, 'Malonne 3', 14.49, '2015-11-15 11:15:00', '00:09:19', '2015-08-10 15:41:58', '2015-08-27 12:26:44', 0),
	(921, 55, 'Bois de Villers 3', 9.90, '2015-11-15 11:30:00', '00:06:28', '2015-08-10 15:41:58', '2015-08-27 12:26:44', 0),
	(922, 55, 'Crupet 3', 11.84, '2015-11-15 11:45:00', '00:08:09', '2015-08-10 15:41:58', '2015-08-27 12:26:44', 0),
	(923, 55, 'Natoye 3', 10.34, '2015-11-15 12:00:00', '00:06:21', '2015-08-10 15:41:58', '2015-08-27 12:26:44', 0),
	(924, 55, 'Naninne', 7.38, '2015-11-15 12:15:00', '00:05:02', '2015-08-10 15:41:58', '2015-08-27 12:26:44', 0),
	(925, 55, 'Loyers', 5.22, '2015-11-15 12:30:00', '00:03:09', '2015-08-10 15:41:58', '2015-08-27 12:26:44', 0),
	(926, 55, 'Wartet', 8.94, '2015-11-15 12:45:00', '00:05:05', '2015-08-10 15:41:58', '2015-08-27 12:26:44', 0),
	(927, 55, 'Vedrin', 5.33, '2015-11-15 13:00:00', '00:03:04', '2015-08-10 15:41:58', '2015-08-27 12:26:44', 0),
	(928, 56, 'Campo Magro', 18.42, '2015-08-31 09:00:00', '00:11:07', '2015-08-10 15:44:48', '2015-08-31 09:00:00', 1),
	(929, 56, 'Ouro Fino', 12.80, '2015-08-31 09:15:00', '00:08:11', '2015-08-10 15:44:48', '2015-08-31 09:15:01', 1),
	(930, 56, 'Curtiba', 12.57, '2015-08-31 09:30:00', '00:08:21', '2015-08-10 15:44:48', '2015-08-31 09:30:00', 1),
	(931, 56, 'Campo Magro 2', 18.42, '2015-08-31 09:45:00', '00:11:07', '2015-08-10 15:44:48', '2015-08-31 09:45:00', 1),
	(932, 56, 'Curtiba 2', 12.57, '2015-08-31 10:00:00', '00:08:21', '2015-08-10 15:44:48', '2015-08-31 10:00:00', 1),
	(933, 56, 'Campo Magro 3', 18.42, '2015-08-31 10:15:00', '00:11:07', '2015-08-10 15:44:48', '2015-08-31 10:15:01', 1),
	(934, 56, 'Ouro Fino 2', 12.80, '2015-08-31 10:30:00', '00:08:11', '2015-08-10 15:44:48', '2015-08-31 10:30:01', 1),
	(935, 56, 'Bocaiuva', 28.68, '2015-08-31 10:45:00', '00:16:14', '2015-08-10 15:44:48', '2015-08-31 10:45:01', 1),
	(936, 56, 'Rio Pesqueiro', 15.89, '2015-08-31 11:00:00', '00:10:39', '2015-08-10 15:44:48', '2015-08-31 11:00:00', 1),
	(937, 56, 'Quatro Barras', 12.97, '2015-08-31 11:15:00', '00:07:40', '2015-08-10 15:44:48', '2015-08-31 11:15:00', 1),
	(938, 56, 'Nobre', 10.86, '2015-08-31 11:30:00', '00:06:58', '2015-08-10 15:44:48', '2015-08-31 11:30:01', 1),
	(939, 56, 'Rio Pesqueiro 2', 15.89, '2015-08-31 11:45:00', '00:10:39', '2015-08-10 15:44:48', '2015-08-31 11:45:00', 1),
	(940, 56, 'Quatro Barras 2', 12.97, '2015-08-31 12:00:00', '00:07:40', '2015-08-10 15:44:48', '2015-08-31 12:00:00', 1),
	(941, 56, 'Campina', 23.95, '2015-08-31 12:15:00', '00:16:16', '2015-08-10 15:44:48', '2015-08-31 12:15:01', 1),
	(942, 56, 'Prime Pinhais', 3.34, '2015-08-31 12:30:00', '00:02:01', '2015-08-10 15:44:49', '2015-08-31 12:30:01', 1),
	(945, 57, 'Beli Iskar', 6.87, '2015-09-07 09:00:00', '00:04:35', '2015-08-10 15:48:24', '2015-08-27 12:26:44', 0),
	(946, 57, 'Borovetz - Raduil', 9.21, '2015-09-07 09:15:00', '00:05:56', '2015-08-10 15:48:24', '2015-08-27 12:26:44', 0),
	(947, 57, 'Muhovo', 29.68, '2015-09-07 09:30:00', '00:18:49', '2015-08-10 15:48:24', '2015-08-27 12:26:44', 0),
	(948, 57, 'Slavovitza', 17.84, '2015-09-07 09:45:00', '00:10:24', '2015-08-10 15:48:24', '2015-08-27 12:26:44', 0),
	(949, 57, 'Beli Iskar 2', 6.87, '2015-09-07 10:00:00', '00:04:35', '2015-08-10 15:48:24', '2015-08-27 12:26:44', 0),
	(950, 57, 'Borovetz - Raduil 2', 9.21, '2015-09-07 10:15:00', '00:05:56', '2015-08-10 15:48:24', '2015-08-27 12:26:44', 0),
	(951, 57, 'Muhovo 2', 29.68, '2015-09-07 10:30:00', '00:18:49', '2015-08-10 15:48:24', '2015-08-27 12:26:44', 0),
	(952, 57, 'Slavovitza 2', 17.84, '2015-09-07 10:45:00', '00:10:24', '2015-08-10 15:48:24', '2015-08-27 12:26:44', 0),
	(953, 57, 'Trayanovi Vrata', 18.65, '2015-09-07 11:00:00', '00:10:31', '2015-08-10 15:48:24', '2015-08-27 12:26:44', 0),
	(954, 57, 'Lubnitza', 30.84, '2015-09-07 11:15:00', '00:20:51', '2015-08-10 15:48:25', '2015-08-27 12:26:44', 0),
	(955, 57, 'Raduil - Borovetz', 9.61, '2015-09-07 11:30:00', '00:05:56', '2015-08-10 15:48:25', '2015-08-27 12:26:44', 0),
	(956, 57, 'Borovetz - Beli Iskar', 6.27, '2015-09-07 11:45:00', '00:03:48', '2015-08-10 15:48:25', '2015-08-27 12:26:44', 0),
	(957, 57, 'Trayanovi Vrata 2', 18.65, '2015-09-07 12:00:00', '00:10:31', '2015-08-10 15:48:25', '2015-08-27 12:26:44', 0),
	(958, 57, 'Lubnitza 2', 30.84, '2015-09-07 12:15:00', '00:20:51', '2015-08-10 15:48:25', '2015-08-27 12:26:44', 0),
	(962, 58, 'Porec', 1.30, '2015-09-14 09:00:00', '00:00:48', '2015-08-10 15:50:44', '2015-08-27 12:26:44', 0),
	(963, 58, 'Boljun', 14.73, '2015-09-14 09:15:00', '00:08:16', '2015-08-10 15:50:44', '2015-08-27 12:26:44', 0),
	(964, 58, 'Ucka', 13.70, '2015-09-14 09:30:00', '00:08:58', '2015-08-10 15:50:44', '2015-08-27 12:26:44', 0),
	(965, 58, 'Brest', 29.76, '2015-09-14 09:45:00', '00:17:08', '2015-08-10 15:50:45', '2015-08-27 12:26:44', 0),
	(966, 58, 'Boljun 2', 14.73, '2015-09-14 10:00:00', '00:08:16', '2015-08-10 15:50:45', '2015-08-27 12:26:44', 0),
	(967, 58, 'Ucka 2', 13.70, '2015-09-14 10:15:00', '00:08:58', '2015-08-10 15:50:45', '2015-08-27 12:26:44', 0),
	(968, 58, 'Brest 2', 29.76, '2015-09-14 10:30:00', '00:17:08', '2015-08-10 15:50:45', '2015-08-27 12:26:44', 0),
	(969, 58, 'Butoniga', 14.49, '2015-09-14 10:45:00', '00:09:54', '2015-08-10 15:50:45', '2015-08-27 12:26:44', 0),
	(970, 58, 'Buzet', 14.36, '2015-09-14 11:00:00', '00:08:10', '2015-08-10 15:50:45', '2015-08-27 12:26:44', 0),
	(971, 58, 'Salteria', 29.84, '2015-09-14 11:15:00', '00:20:13', '2015-08-10 15:50:45', '2015-08-27 12:26:44', 0),
	(972, 58, 'Butoniga 2', 14.49, '2015-09-14 11:30:00', '00:09:54', '2015-08-10 15:50:45', '2015-08-27 12:26:44', 0),
	(973, 58, 'Buzet 2', 14.36, '2015-09-14 11:45:00', '00:08:10', '2015-08-10 15:50:45', '2015-08-27 12:26:44', 0),
	(974, 58, 'Salteria 2', 29.84, '2015-09-14 12:00:00', '00:20:13', '2015-08-10 15:50:45', '2015-08-27 12:26:44', 0),
	(975, 58, 'Porec 2', 1.30, '2015-09-14 12:15:00', '00:00:48', '2015-08-10 15:50:45', '2015-08-27 12:26:44', 0),
	(976, 58, 'Porec 3', 1.30, '2015-09-14 12:30:00', '00:00:48', '2015-08-10 15:50:45', '2015-08-27 12:26:44', 0),
	(979, 59, 'Horazdovice - Komusin', 5.16, '2015-09-21 09:00:00', '00:02:53', '2015-08-10 15:54:30', '2015-08-27 12:26:44', 0),
	(980, 59, 'Cecelovice', 16.97, '2015-09-21 09:15:00', '00:11:04', '2015-08-10 15:54:30', '2015-08-27 12:26:44', 0),
	(981, 59, 'Doubravice - Chrastovice', 11.29, '2015-09-21 09:30:00', '00:06:23', '2015-08-10 15:54:30', '2015-08-27 12:26:44', 0),
	(982, 59, 'Strazovice - Nehodiv', 7.74, '2015-09-21 09:45:00', '00:04:32', '2015-08-10 15:54:31', '2015-08-27 12:26:44', 0),
	(983, 59, 'Horazdovice - Komusin 2', 5.16, '2015-09-21 10:00:00', '00:02:53', '2015-08-10 15:54:31', '2015-08-27 12:26:44', 0),
	(984, 59, 'Cecelovice 2', 16.97, '2015-09-21 10:15:00', '00:11:04', '2015-08-10 15:54:31', '2015-08-12 15:56:59', 0),
	(985, 59, 'Doubravice - Chrastovice 2', 11.29, '2015-09-21 10:30:00', '00:06:23', '2015-08-10 15:54:31', '2015-08-27 12:26:44', 0),
	(986, 59, 'Strazovice - Nehodiv 2', 7.74, '2015-09-21 10:45:00', '00:04:32', '2015-08-10 15:54:31', '2015-08-27 12:26:44', 0),
	(987, 59, 'Horazdovice - Komusin 3', 5.16, '2015-09-21 11:00:00', '00:02:53', '2015-08-10 15:54:31', '2015-08-27 12:26:44', 0),
	(988, 59, 'Cecelovice 3', 16.97, '2015-09-21 11:15:00', '00:11:04', '2015-08-10 15:54:31', '2015-08-27 12:26:44', 0),
	(989, 59, 'Doubravice - Chrastovice 3', 11.29, '2015-09-21 11:30:00', '00:06:23', '2015-08-10 15:54:31', '2015-08-27 12:26:44', 0),
	(990, 59, 'Strazovice - Nehodiv 3', 7.74, '2015-09-21 11:45:00', '00:04:32', '2015-08-10 15:54:31', '2015-08-27 12:26:44', 0),
	(991, 59, 'Nehodiv - Cecelovice', 12.31, '2015-09-21 12:00:00', '00:08:03', '2015-08-10 15:54:31', '2015-08-27 12:26:44', 0),
	(992, 59, 'Cecelovice - Doubravice', 7.70, '2015-09-21 12:15:00', '00:05:12', '2015-08-10 15:54:31', '2015-08-27 12:26:44', 0),
	(996, 60, 'Bondy', 2.69, '2015-09-28 09:00:00', '00:01:42', '2015-08-10 16:20:57', '2015-08-27 12:26:44', 0),
	(997, 60, 'Sychrov', 19.32, '2015-09-28 09:15:00', '00:13:02', '2015-08-10 16:20:57', '2015-08-27 12:26:44', 0),
	(998, 60, 'Sumburk', 16.41, '2015-09-28 09:30:00', '00:11:14', '2015-08-10 16:20:57', '2015-08-27 12:26:44', 0),
	(999, 60, 'Bzi', 5.27, '2015-09-28 09:45:00', '00:03:03', '2015-08-10 16:20:57', '2015-08-27 12:26:44', 0),
	(1000, 60, 'Sychrov 2', 19.32, '2015-09-28 10:00:00', '00:13:02', '2015-08-10 16:20:57', '2015-08-27 12:26:44', 0),
	(1001, 60, 'Sumburk 2', 16.41, '2015-09-28 10:15:00', '00:11:14', '2015-08-10 16:20:58', '2015-08-27 12:26:44', 0),
	(1002, 60, 'Bzi 2', 5.27, '2015-09-28 10:30:00', '00:03:03', '2015-08-10 16:20:58', '2015-08-27 12:26:44', 0),
	(1003, 60, 'Lobec', 11.14, '2015-09-28 10:45:00', '00:06:42', '2015-08-10 16:20:58', '2015-08-27 12:26:44', 0),
	(1004, 60, 'Vinec', 15.34, '2015-09-28 11:00:00', '00:08:56', '2015-08-10 16:20:58', '2015-08-27 12:26:44', 0),
	(1005, 60, 'Staromestska', 5.62, '2015-09-28 11:15:00', '00:03:38', '2015-08-10 16:20:58', '2015-08-27 12:26:44', 0),
	(1006, 60, 'Lobec 2', 11.14, '2015-09-28 11:30:00', '00:06:42', '2015-08-10 16:20:58', '2015-08-27 12:26:44', 0),
	(1007, 60, 'Vinec 2', 15.34, '2015-09-28 11:45:00', '00:08:56', '2015-08-10 16:20:58', '2015-08-27 12:26:44', 0),
	(1008, 60, 'Staromestska 2', 5.62, '2015-09-28 12:00:00', '00:03:38', '2015-08-10 16:20:58', '2015-08-27 12:26:44', 0),
	(1009, 60, 'Lobec 3', 11.14, '2015-09-28 12:15:00', '00:06:42', '2015-08-10 16:20:58', '2015-08-27 12:26:44', 0),
	(1010, 60, 'Vinec 3', 15.34, '2015-09-28 12:30:00', '00:08:56', '2015-08-10 16:20:58', '2015-08-27 12:26:44', 0),
	(1013, 61, 'Marchampt', 12.25, '2015-10-05 09:00:00', '00:08:11', '2015-08-10 16:27:13', '2015-08-27 12:26:44', 0),
	(1014, 61, 'Lamure sur Azergues', 14.80, '2015-10-05 09:15:00', '00:09:59', '2015-08-10 16:27:13', '2015-08-27 12:26:44', 0),
	(1015, 61, 'Bibost', 13.87, '2015-10-05 09:30:00', '00:08:48', '2015-08-10 16:27:13', '2015-08-27 12:26:44', 0),
	(1016, 61, 'Rontalon', 14.97, '2015-10-05 09:45:00', '00:10:08', '2015-08-10 16:27:13', '2015-08-27 12:26:44', 0),
	(1017, 61, 'Lyon - Gerland', 1.88, '2015-10-05 10:00:00', '00:01:17', '2015-08-10 16:27:13', '2015-08-27 12:26:44', 0),
	(1018, 61, 'Marchampt - Claveisoles', 25.59, '2015-10-05 10:15:00', '00:16:44', '2015-08-10 16:27:13', '2015-08-27 12:26:44', 0),
	(1019, 61, 'Lamure sur Azergues 2', 14.80, '2015-10-05 10:30:00', '00:09:59', '2015-08-10 16:27:13', '2015-08-27 12:26:44', 0),
	(1020, 61, 'Les Noirs', 18.66, '2015-10-05 10:45:00', '00:12:17', '2015-08-10 16:27:13', '2015-08-27 12:26:44', 0),
	(1021, 61, 'Les Sauvages', 12.80, '2015-10-05 11:00:00', '00:07:17', '2015-08-10 16:27:13', '2015-08-27 12:26:44', 0),
	(1022, 61, 'Marchampt - Claveisoles', 25.94, '2015-10-05 11:15:00', '00:15:46', '2015-08-10 16:27:14', '2015-08-12 15:56:59', 0),
	(1023, 61, 'Lamure sur Azergues 3', 14.80, '2015-10-05 11:30:00', '00:09:59', '2015-08-10 16:27:14', '2015-08-27 12:26:44', 0),
	(1024, 61, 'Les Noirs 2', 18.66, '2015-10-05 11:45:00', '00:12:17', '2015-08-10 16:27:14', '2015-08-27 12:26:44', 0),
	(1025, 61, 'Les Sauvages 2', 12.80, '2015-10-05 12:00:00', '00:07:17', '2015-08-10 16:27:14', '2015-08-27 12:26:44', 0),
	(1026, 61, 'Les Noirs 3', 18.66, '2015-10-05 12:15:00', '00:12:17', '2015-08-10 16:27:14', '2015-08-27 12:26:44', 0),
	(1027, 61, 'Les Sauvages 3', 12.80, '2015-10-05 12:30:00', '00:07:17', '2015-08-10 16:27:14', '2015-08-27 12:26:44', 0),
	(1030, 62, 'Camiers', 12.11, '2015-10-12 09:00:00', '00:07:17', '2015-08-10 16:29:02', '2015-08-27 12:26:44', 0),
	(1031, 62, 'La Calotterie', 12.68, '2015-10-12 09:15:00', '00:07:25', '2015-08-10 16:29:02', '2015-08-27 12:26:44', 0),
	(1032, 62, 'Airon', 15.54, '2015-10-12 09:30:00', '00:09:19', '2015-08-10 16:29:02', '2015-08-27 12:26:44', 0),
	(1033, 62, 'Le Touquet', 2.26, '2015-10-12 09:45:00', '00:01:32', '2015-08-10 16:29:02', '2015-08-27 12:26:44', 0),
	(1034, 62, 'Camiers 2', 12.11, '2015-10-12 10:00:00', '00:07:17', '2015-08-10 16:29:02', '2015-08-27 12:26:44', 0),
	(1035, 62, 'La Calotterie 2', 12.68, '2015-10-12 10:15:00', '00:07:25', '2015-08-10 16:29:02', '2015-08-27 12:26:44', 0),
	(1036, 62, 'Airon 2', 15.54, '2015-10-12 10:30:00', '00:09:19', '2015-08-10 16:29:03', '2015-08-27 12:26:44', 0),
	(1037, 62, 'Le Touquet 2', 2.26, '2015-10-12 10:45:00', '00:01:32', '2015-08-10 16:29:03', '2015-08-27 12:26:44', 0),
	(1038, 62, 'Bourthes', 27.65, '2015-10-12 11:00:00', '00:16:23', '2015-08-10 16:29:03', '2015-08-27 12:26:44', 0),
	(1039, 62, 'Bourthes 2', 27.65, '2015-10-12 11:15:00', '00:16:23', '2015-08-10 16:29:03', '2015-08-27 12:26:44', 0),
	(1040, 62, 'Hucqueliers', 30.28, '2015-10-12 11:30:00', '00:19:02', '2015-08-10 16:29:03', '2015-08-27 12:26:44', 0),
	(1041, 62, 'Le Touquet 3', 2.26, '2015-10-12 11:45:00', '00:01:32', '2015-08-10 16:29:03', '2015-08-27 12:26:44', 0),
	(1042, 62, 'Hucqueliers 2', 30.28, '2015-10-12 12:00:00', '00:19:02', '2015-08-10 16:29:03', '2015-08-27 12:26:44', 0),
	(1043, 62, 'Bourthes 3', 27.65, '2015-10-12 12:15:00', '00:16:23', '2015-08-10 16:29:03', '2015-08-27 12:26:44', 0),
	(1044, 62, 'Hucqueliers 3', 30.28, '2015-10-12 12:30:00', '00:19:02', '2015-08-10 16:29:03', '2015-08-27 12:26:44', 0),
	(1047, 63, 'Stollberg', 4.72, '2015-10-19 09:00:00', '00:03:11', '2015-08-10 16:31:41', '2015-08-27 12:26:44', 0),
	(1048, 63, 'Grunhain', 14.25, '2015-10-19 09:15:00', '00:08:24', '2015-08-10 16:31:41', '2015-08-27 12:26:44', 0),
	(1049, 63, 'Gelenau', 7.17, '2015-10-19 09:30:00', '00:04:37', '2015-08-10 16:31:41', '2015-08-27 12:26:44', 0),
	(1050, 63, 'Mildenau', 7.82, '2015-10-19 09:45:00', '00:05:12', '2015-08-10 16:31:41', '2015-08-27 12:26:44', 0),
	(1051, 63, 'Grunhain 2', 14.25, '2015-10-19 10:00:00', '00:08:24', '2015-08-10 16:31:41', '2015-08-27 12:26:44', 0),
	(1052, 63, 'Gelenau 2', 7.17, '2015-10-19 10:15:00', '00:04:37', '2015-08-10 16:31:42', '2015-08-27 12:26:44', 0),
	(1053, 63, 'Mildenau 2', 7.82, '2015-10-19 10:30:00', '00:05:12', '2015-08-10 16:31:42', '2015-08-27 12:26:44', 0),
	(1054, 63, 'Gelenau 3', 7.17, '2015-10-19 10:45:00', '00:04:37', '2015-08-10 16:31:42', '2015-08-27 12:26:44', 0),
	(1055, 63, 'Jahnsdorf', 8.15, '2015-10-19 11:00:00', '00:04:48', '2015-08-10 16:31:42', '2015-08-27 12:26:44', 0),
	(1056, 63, 'Oberdorf', 11.50, '2015-10-19 11:15:00', '00:07:14', '2015-08-10 16:31:42', '2015-08-27 12:26:44', 0),
	(1057, 63, 'Jahnsdorf 2', 8.45, '2015-10-19 11:30:00', '00:04:48', '2015-08-10 16:31:42', '2015-08-27 12:26:44', 0),
	(1058, 63, 'Oberdorf 2', 11.68, '2015-10-19 11:45:00', '00:07:14', '2015-08-10 16:31:42', '2015-08-27 12:26:44', 0),
	(1059, 63, 'Jahnsdorf', 8.45, '2015-10-19 12:00:00', '00:05:54', '2015-08-10 16:31:42', '2015-08-12 15:56:59', 0),
	(1060, 63, 'Oberdorf', 11.68, '2015-10-19 12:15:00', '00:06:08', '2015-08-10 16:31:42', '2015-08-12 15:56:59', 0),
	(1064, 64, 'Lydford', 8.66, '2015-10-26 09:00:00', '00:04:57', '2015-08-10 16:38:22', '2015-08-27 12:26:44', 0),
	(1065, 64, 'Reynolds', 8.86, '2015-10-26 09:15:00', '00:05:53', '2015-08-10 16:38:22', '2015-08-27 12:26:44', 0),
	(1066, 64, 'Lydford 2', 8.66, '2015-10-26 09:30:00', '00:04:57', '2015-08-10 16:38:22', '2015-08-27 12:26:44', 0),
	(1067, 64, 'Reynolds 2', 8.86, '2015-10-26 09:45:00', '00:05:53', '2015-08-10 16:38:22', '2015-08-27 12:26:44', 0),
	(1068, 64, 'Lydford 3', 8.66, '2015-10-26 10:00:00', '00:04:57', '2015-08-10 16:38:22', '2015-08-27 12:26:44', 0),
	(1069, 64, 'Reynolds 3', 8.86, '2015-10-26 10:15:00', '00:05:53', '2015-08-10 16:38:22', '2015-08-27 12:26:44', 0),
	(1070, 64, 'Haddon Pen', 8.99, '2015-10-26 10:30:00', '00:05:24', '2015-08-10 16:38:22', '2015-08-27 12:26:44', 0),
	(1071, 64, 'Reynolds 4', 8.86, '2015-10-26 10:45:00', '00:05:53', '2015-08-10 16:38:22', '2015-08-27 12:26:44', 0),
	(1072, 64, 'Haddon Pen 2', 8.99, '2015-10-26 11:00:00', '00:05:24', '2015-08-10 16:38:22', '2015-08-27 12:26:44', 0),
	(1073, 64, 'Haddon Pen 3', 8.99, '2015-10-26 11:15:00', '00:05:24', '2015-08-10 16:38:22', '2015-08-27 12:26:44', 0),
	(1074, 64, 'New Works', 5.27, '2015-10-26 11:30:00', '00:03:16', '2015-08-10 16:38:22', '2015-08-27 12:26:44', 0),
	(1075, 64, 'Bybrook', 7.20, '2015-10-26 11:45:00', '00:04:50', '2015-08-10 16:38:23', '2015-08-27 12:26:44', 0),
	(1076, 64, 'New Works 2', 5.27, '2015-10-26 12:00:00', '00:03:16', '2015-08-10 16:38:23', '2015-08-27 12:26:44', 0),
	(1077, 64, 'Bybrook 2', 7.20, '2015-10-26 12:15:00', '00:04:50', '2015-08-10 16:38:23', '2015-08-27 12:26:44', 0),
	(1078, 64, 'New Works 3', 5.27, '2015-10-26 12:30:00', '00:03:16', '2015-08-10 16:38:23', '2015-08-27 12:26:44', 0),
	(1079, 64, 'Bybrook 3', 7.20, '2015-10-26 12:45:00', '00:04:50', '2015-08-10 16:38:23', '2015-08-27 12:26:44', 0),
	(1080, 64, 'Wakefield', 5.73, '2015-10-26 13:00:00', '00:03:14', '2015-08-10 16:38:23', '2015-08-27 12:26:44', 0),
	(1081, 65, 'Schutte Informatisering', 10.22, '2015-11-02 09:00:00', '00:05:45', '2015-08-10 16:41:16', '2015-08-27 12:26:44', 0),
	(1082, 65, 'Eurol Lubricants', 6.51, '2015-11-02 09:15:00', '00:03:54', '2015-08-10 16:41:16', '2015-08-27 12:26:44', 0),
	(1083, 65, 'Teunis Automotive', 6.12, '2015-11-02 09:30:00', '00:03:41', '2015-08-10 16:41:16', '2015-08-27 12:26:44', 0),
	(1084, 65, 'Schutte Informatisering 2', 10.22, '2015-11-02 09:45:00', '00:05:45', '2015-08-10 16:41:16', '2015-08-27 12:26:44', 0),
	(1085, 65, 'Eurol Lubricants 2', 6.51, '2015-11-02 10:00:00', '00:03:54', '2015-08-10 16:41:16', '2015-08-27 12:26:44', 0),
	(1086, 65, 'Teunis Automotive 2', 6.12, '2015-11-02 10:15:00', '00:03:41', '2015-08-10 16:41:17', '2015-08-27 12:26:44', 0),
	(1087, 65, 'Hegeman Bouw', 13.89, '2015-11-02 10:30:00', '00:09:00', '2015-08-10 16:41:17', '2015-08-27 12:26:44', 0),
	(1088, 65, 'Reggesign Reclame', 10.36, '2015-11-02 10:45:00', '00:06:45', '2015-08-10 16:41:17', '2015-08-27 12:26:44', 0),
	(1089, 65, 'Hegeman Bouw 2', 13.89, '2015-11-02 11:00:00', '00:09:00', '2015-08-10 16:41:17', '2015-08-27 12:26:44', 0),
	(1090, 65, 'Reggesign Reclame 2', 10.36, '2015-11-02 11:15:00', '00:06:45', '2015-08-10 16:41:17', '2015-08-27 12:26:44', 0),
	(1091, 65, 'Ten Brinke', 12.67, '2015-11-02 11:30:00', '00:08:09', '2015-08-10 16:41:17', '2015-08-27 12:26:44', 0),
	(1092, 65, 'Tijhof', 8.48, '2015-11-02 11:45:00', '00:05:32', '2015-08-10 16:41:17', '2015-08-27 12:26:44', 0),
	(1093, 65, 'Wolves Berging', 11.59, '2015-11-02 12:00:00', '00:07:51', '2015-08-10 16:41:17', '2015-08-27 12:26:44', 0),
	(1094, 65, 'Ten Brinke 2', 12.67, '2015-11-02 12:15:00', '00:08:09', '2015-08-10 16:41:17', '2015-08-27 12:26:44', 0),
	(1095, 65, 'Tijhof 2', 8.48, '2015-11-02 12:30:00', '00:05:32', '2015-08-10 16:41:17', '2015-08-27 12:26:44', 0),
	(1096, 65, 'Wolves Berging 2', 11.59, '2015-11-02 12:45:00', '00:07:51', '2015-08-10 16:41:17', '2015-08-27 12:26:44', 0),
	(1098, 66, 'Tenten - Huelmes', 12.56, '2015-11-09 09:00:00', '00:07:57', '2015-08-10 16:47:23', '2015-08-27 12:26:44', 0),
	(1099, 66, 'Petten - Rouscht', 5.25, '2015-11-09 09:15:00', '00:02:59', '2015-08-10 16:47:23', '2015-08-27 12:26:44', 0),
	(1100, 66, 'Platen - Horass', 6.74, '2015-11-09 09:30:00', '00:04:20', '2015-08-10 16:47:23', '2015-08-27 12:26:44', 0),
	(1101, 66, 'Tenten - Huelmes 2', 12.56, '2015-11-09 09:45:00', '00:07:57', '2015-08-10 16:47:23', '2015-08-27 12:26:44', 0),
	(1102, 66, 'Petten - Rouscht 2', 5.25, '2015-11-09 10:00:00', '00:02:59', '2015-08-10 16:47:23', '2015-08-27 12:26:44', 0),
	(1103, 66, 'Platen - Horass 2', 6.74, '2015-11-09 10:15:00', '00:04:20', '2015-08-10 16:47:23', '2015-08-27 12:26:44', 0),
	(1104, 66, 'Tenten - Huelmes 3', 12.56, '2015-11-09 10:30:00', '00:07:57', '2015-08-10 16:47:24', '2015-08-27 12:26:44', 0),
	(1105, 66, 'Petten - Rouscht 3', 5.25, '2015-11-09 10:45:00', '00:02:59', '2015-08-10 16:47:24', '2015-08-27 12:26:44', 0),
	(1106, 66, 'Platen - Horass 3', 6.74, '2015-11-09 11:00:00', '00:04:20', '2015-08-10 16:47:24', '2015-08-27 12:26:44', 0),
	(1107, 66, 'Reiden - Noojhem', 20.19, '2015-11-09 11:15:00', '00:13:24', '2015-08-10 16:47:24', '2015-08-27 12:26:44', 0),
	(1108, 66, 'Horass - Platen', 10.99, '2015-11-09 11:30:00', '00:07:12', '2015-08-10 16:47:24', '2015-08-27 12:26:44', 0),
	(1109, 66, 'Reiden - Noojhem 2', 20.19, '2015-11-09 11:45:00', '00:13:24', '2015-08-10 16:47:24', '2015-08-27 12:26:44', 0),
	(1110, 66, 'Horass - Platen 2', 10.99, '2015-11-09 12:00:00', '00:07:12', '2015-08-10 16:47:24', '2015-08-27 12:26:44', 0),
	(1111, 66, 'Reiden - Noojhem 3', 20.19, '2015-11-09 12:15:00', '00:13:24', '2015-08-10 16:47:24', '2015-08-27 12:26:44', 0),
	(1112, 66, 'Horass - Platen 3', 10.99, '2015-11-09 12:30:00', '00:07:12', '2015-08-10 16:47:24', '2015-08-27 12:26:44', 0),
	(1115, 67, 'Nabat Lusail', 19.33, '2015-11-16 09:00:00', '00:10:50', '2015-08-10 16:50:08', '2015-08-27 12:26:44', 0),
	(1116, 67, 'Umm Al Hal', 12.99, '2015-11-16 09:15:00', '00:08:11', '2015-08-10 16:50:08', '2015-08-27 12:26:45', 0),
	(1117, 67, 'Al Waker', 10.19, '2015-11-16 09:30:00', '00:06:53', '2015-08-10 16:50:08', '2015-08-27 12:26:45', 0),
	(1118, 67, 'QMMF', 28.31, '2015-11-16 09:45:00', '00:17:17', '2015-08-10 16:50:08', '2015-08-27 12:26:45', 0),
	(1119, 67, 'Nabat Lusail 2', 19.33, '2015-11-16 10:00:00', '00:10:50', '2015-08-10 16:50:08', '2015-08-27 12:26:45', 0),
	(1120, 67, 'Umm Al Hal 2', 12.99, '2015-11-16 10:15:00', '00:08:11', '2015-08-10 16:50:08', '2015-08-27 12:26:45', 0),
	(1121, 67, 'Al Waker 2', 10.19, '2015-11-16 10:30:00', '00:06:53', '2015-08-10 16:50:08', '2015-08-27 12:26:45', 0),
	(1122, 67, 'QMMF 2', 28.31, '2015-11-16 10:45:00', '00:17:17', '2015-08-10 16:50:08', '2015-08-27 12:26:45', 0),
	(1123, 67, 'Al Wakrah', 25.83, '2015-11-16 11:00:00', '00:17:05', '2015-08-10 16:50:08', '2015-08-27 12:26:45', 0),
	(1124, 67, 'QMMF 3', 28.31, '2015-11-16 11:15:00', '00:17:17', '2015-08-10 16:50:08', '2015-08-27 12:26:45', 0),
	(1125, 67, 'Al Negian', 7.90, '2015-11-16 11:30:00', '00:05:18', '2015-08-10 16:50:09', '2015-08-27 12:26:45', 0),
	(1126, 67, 'Al Wakrah 2', 25.83, '2015-11-16 11:45:00', '00:17:05', '2015-08-10 16:50:09', '2015-08-27 12:26:45', 0),
	(1127, 67, 'QMMF 4', 28.31, '2015-11-16 12:00:00', '00:17:17', '2015-08-10 16:50:09', '2015-08-27 12:26:45', 0),
	(1128, 67, 'Al Negian 2', 7.90, '2015-11-16 12:15:00', '00:05:18', '2015-08-10 16:50:09', '2015-08-27 12:26:45', 0),
	(1129, 67, 'Al Wakrah 3', 25.83, '2015-11-16 12:30:00', '00:17:05', '2015-08-10 16:50:09', '2015-08-27 12:26:45', 0),
	(1130, 67, 'Al Negian 3', 7.90, '2015-11-16 12:45:00', '00:05:18', '2015-08-10 16:50:09', '2015-08-27 12:26:45', 0),
	(1132, 68, 'Salgovik', 10.76, '2015-09-01 09:00:00', '00:06:56', '2015-08-10 16:52:25', '2015-09-01 09:00:01', 1),
	(1133, 68, 'Zlata Baoa 3', 24.32, '2015-09-01 09:15:00', '00:15:21', '2015-08-10 16:52:25', '2015-09-01 09:15:00', 1),
	(1134, 68, 'Lubotice', 6.32, '2015-09-01 09:30:00', '00:04:25', '2015-08-10 16:52:25', '2015-09-01 09:30:01', 1),
	(1135, 68, 'Salgovik 2', 10.16, '2015-09-01 09:45:00', '00:06:56', '2015-08-10 16:52:25', '2015-09-01 09:45:01', 1),
	(1136, 68, 'Zlata Baoa 2', 24.32, '2015-09-01 10:00:00', '00:15:21', '2015-08-10 16:52:25', '2015-09-01 10:00:00', 1),
	(1137, 68, 'Lubotice 2', 6.51, '2015-09-01 10:15:00', '00:04:25', '2015-08-10 16:52:25', '2015-09-01 10:15:01', 1),
	(1138, 68, 'Obisovce', 23.31, '2015-09-01 10:30:00', '00:14:27', '2015-08-10 16:52:26', '2015-09-01 10:30:02', 1),
	(1139, 68, 'Vitaz', 17.93, '2015-09-01 10:45:00', '00:11:24', '2015-08-10 16:52:26', '2015-09-01 10:45:01', 1),
	(1140, 68, 'Obisovce 2', 23.31, '2015-09-01 11:00:00', '00:14:27', '2015-08-10 16:52:26', '2015-09-01 11:00:01', 1),
	(1141, 68, 'Vitaz 2', 17.93, '2015-09-01 11:15:00', '00:11:24', '2015-08-10 16:52:26', '2015-09-01 11:15:00', 1),
	(1142, 68, 'Obisovce 3', 23.31, '2015-09-01 11:30:00', '00:14:27', '2015-08-10 16:52:26', '2015-09-01 11:30:00', 1),
	(1143, 68, 'Vitaz 3', 17.93, '2015-09-01 11:45:00', '00:11:24', '2015-08-10 16:52:26', '2015-09-01 12:00:00', 1),
	(1144, 68, 'Salgovik', 10.16, '2015-09-01 12:00:00', '00:00:00', '2015-08-10 16:52:26', '2015-09-01 12:00:01', 1),
	(1145, 68, 'Zlata Baoa', 24.32, '2015-09-01 12:15:00', '00:15:21', '2015-08-10 16:52:26', '2015-09-01 12:15:02', 1),
	(1146, 68, 'Lubotice', 6.51, '2015-09-01 12:30:00', '00:00:00', '2015-08-10 16:52:26', '2015-09-01 12:30:00', 1),
	(1149, 69, 'Carron Valley', 8.49, '2015-09-08 09:00:00', '00:05:03', '2015-08-10 16:54:39', '2015-08-27 12:26:45', 0),
	(1150, 69, 'Carron Valley 2', 8.49, '2015-09-08 09:15:00', '00:05:03', '2015-08-10 16:54:39', '2015-08-27 12:26:45', 0),
	(1151, 69, 'Craigvinean', 16.29, '2015-09-08 09:30:00', '00:09:52', '2015-08-10 16:54:39', '2015-08-27 12:26:45', 0),
	(1152, 69, 'Drummond Hill', 13.65, '2015-09-08 09:45:00', '00:08:07', '2015-08-10 16:54:39', '2015-08-27 12:26:45', 0),
	(1153, 69, 'Errochty', 17.85, '2015-09-08 10:00:00', '00:11:05', '2015-08-10 16:54:39', '2015-08-27 12:26:45', 0),
	(1154, 69, 'Craigvinean 2', 16.29, '2015-09-08 10:15:00', '00:09:52', '2015-08-10 16:54:39', '2015-08-27 12:26:45', 0),
	(1155, 69, 'Drummond Hill 2', 13.65, '2015-09-08 10:30:00', '00:08:07', '2015-08-10 16:54:39', '2015-08-27 12:26:45', 0),
	(1156, 69, 'Errochty 2', 17.85, '2015-09-08 10:45:00', '00:11:05', '2015-08-10 16:54:39', '2015-08-27 12:26:45', 0),
	(1157, 69, 'Carron Valley 3', 8.49, '2015-09-08 11:00:00', '00:05:03', '2015-08-10 16:54:39', '2015-08-27 12:26:45', 0),
	(1158, 69, 'Loch Chon', 9.29, '2015-09-08 11:15:00', '00:05:14', '2015-08-10 16:54:39', '2015-08-27 12:26:45', 0),
	(1159, 69, 'High Corrie', 25.62, '2015-09-08 11:30:00', '00:16:47', '2015-08-10 16:54:39', '2015-08-27 12:26:45', 0),
	(1160, 69, 'Loch Chon 2', 9.29, '2015-09-08 11:45:00', '00:05:14', '2015-08-10 16:54:39', '2015-08-27 12:26:45', 0),
	(1161, 69, 'High Corrie 2', 25.62, '2015-09-08 12:00:00', '00:16:47', '2015-08-10 16:54:39', '2015-08-27 12:26:45', 0),
	(1162, 69, 'Scone Palace', 2.60, '2015-09-08 12:15:00', '00:01:38', '2015-08-10 16:54:39', '2015-08-27 12:26:45', 0),
	(1163, 69, 'Scone Palace 2', 2.60, '2015-09-08 12:30:00', '00:01:38', '2015-08-10 16:54:40', '2015-08-27 12:26:45', 0),
	(1166, 70, 'Palix', 9.48, '2015-09-15 09:00:00', '00:05:36', '2015-08-10 17:20:46', '2015-08-27 12:26:45', 0),
	(1167, 70, 'Palix 2', 9.48, '2015-09-15 09:15:00', '00:05:36', '2015-08-10 17:20:46', '2015-08-27 12:26:45', 0),
	(1168, 70, 'Smith Creek', 10.19, '2015-09-15 09:30:00', '00:06:01', '2015-08-10 17:20:46', '2015-08-27 12:26:45', 0),
	(1169, 70, 'Brooklyn', 11.97, '2015-09-15 09:45:00', '00:08:10', '2015-08-10 17:20:46', '2015-08-27 12:26:45', 0),
	(1170, 70, 'Brooklyn 2', 11.97, '2015-09-15 10:00:00', '00:08:10', '2015-08-10 17:20:46', '2015-08-27 12:26:45', 0),
	(1171, 70, 'Smith Creek 2', 10.19, '2015-09-15 10:15:00', '00:06:01', '2015-08-10 17:20:46', '2015-08-27 12:26:45', 0),
	(1172, 70, 'Pico', 15.36, '2015-09-15 10:30:00', '00:08:53', '2015-08-10 17:20:46', '2015-08-27 12:26:45', 0),
	(1173, 70, 'Pico 2', 15.36, '2015-09-15 10:45:00', '00:08:53', '2015-08-10 17:20:46', '2015-08-27 12:26:45', 0),
	(1174, 70, 'Wreck Creek', 6.71, '2015-09-15 11:00:00', '00:03:57', '2015-08-10 17:20:46', '2015-08-27 12:26:45', 0),
	(1175, 70, 'Wreck Creek 2', 6.71, '2015-09-15 11:15:00', '00:03:57', '2015-08-10 17:20:46', '2015-08-27 12:26:45', 0),
	(1176, 70, 'Taholah', 18.20, '2015-09-15 11:30:00', '00:11:46', '2015-08-10 17:20:47', '2015-08-27 12:26:45', 0),
	(1177, 70, 'Black Bear Highway', 7.22, '2015-09-15 11:45:00', '00:04:26', '2015-08-10 17:20:47', '2015-08-27 12:26:45', 0),
	(1178, 70, 'Taholah 2', 18.20, '2015-09-15 12:00:00', '00:11:46', '2015-08-10 17:20:47', '2015-08-27 12:26:45', 0),
	(1179, 70, 'Black Bear Highway 2', 7.22, '2015-09-15 12:15:00', '00:04:26', '2015-08-10 17:20:47', '2015-08-27 12:26:45', 0),
	(1183, 71, 'Guide Valley', 4.11, '2015-09-22 09:00:00', '00:02:43', '2015-08-10 17:24:19', '2015-08-27 12:26:45', 0),
	(1184, 71, 'Tewkesbury', 4.71, '2015-09-22 09:15:00', '00:02:48', '2015-08-10 17:24:19', '2015-08-27 12:26:45', 0),
	(1185, 71, 'Hellyer Leslie', 19.20, '2015-09-22 09:30:00', '00:11:15', '2015-08-10 17:24:19', '2015-08-27 12:26:45', 0),
	(1186, 71, 'Hellyer Leslie 2', 19.20, '2015-09-22 09:45:00', '00:11:15', '2015-08-10 17:24:19', '2015-08-27 12:26:45', 0),
	(1187, 71, 'Savage River', 24.99, '2015-09-22 10:00:00', '00:16:33', '2015-08-10 17:24:19', '2015-08-27 12:26:45', 0),
	(1188, 71, 'Savage River 2', 24.99, '2015-09-22 10:15:00', '00:16:33', '2015-08-10 17:24:19', '2015-08-27 12:26:45', 0),
	(1189, 71, 'Hellyer Leslie 3', 19.20, '2015-09-22 10:30:00', '00:11:15', '2015-08-10 17:24:19', '2015-08-27 12:26:45', 0),
	(1190, 71, 'Yolla North', 5.83, '2015-09-22 10:45:00', '00:03:31', '2015-08-10 17:24:19', '2015-08-27 12:26:45', 0),
	(1191, 71, 'Oldina North', 7.53, '2015-09-22 11:00:00', '00:04:22', '2015-08-10 17:24:19', '2015-08-27 12:26:45', 0),
	(1192, 71, 'Yolla North 2', 5.83, '2015-09-22 11:15:00', '00:03:31', '2015-08-10 17:24:19', '2015-08-27 12:26:45', 0),
	(1193, 71, 'Oldina North 2', 7.53, '2015-09-22 11:30:00', '00:04:22', '2015-08-10 17:24:19', '2015-08-27 12:26:45', 0),
	(1194, 71, 'Paloona Dam', 5.15, '2015-09-22 11:45:00', '00:03:07', '2015-08-10 17:24:19', '2015-08-27 12:26:45', 0),
	(1195, 71, 'Mt. Roland', 7.53, '2015-09-22 12:00:00', '00:04:38', '2015-08-10 17:24:19', '2015-08-27 12:26:45', 0),
	(1196, 71, 'King Solomon', 15.80, '2015-09-22 12:15:00', '00:09:39', '2015-08-10 17:24:19', '2015-08-27 12:26:45', 0),
	(1197, 71, 'Gog Range', 7.31, '2015-09-22 12:30:00', '00:04:34', '2015-08-10 17:24:20', '2015-08-27 12:26:45', 0),
	(1198, 71, 'Mt. Roland 2', 7.53, '2015-09-22 12:45:00', '00:04:38', '2015-08-10 17:24:20', '2015-08-27 12:26:45', 0),
	(1199, 71, 'King Solomon 2', 15.80, '2015-09-22 13:00:00', '00:09:39', '2015-08-10 17:24:20', '2015-08-27 12:26:45', 0),
	(1200, 72, 'Lysgard', 14.36, '2015-09-29 09:00:00', '00:09:27', '2015-08-10 17:28:35', '2015-08-27 12:26:45', 0),
	(1201, 72, 'Kjellerup', 2.56, '2015-09-29 09:15:00', '00:01:28', '2015-08-10 17:28:36', '2015-08-27 12:26:45', 0),
	(1202, 72, 'Sjorslev', 20.85, '2015-09-29 09:30:00', '00:11:52', '2015-08-10 17:28:36', '2015-08-27 12:26:45', 0),
	(1203, 72, 'Demstrup', 6.41, '2015-09-29 09:45:00', '00:03:43', '2015-08-10 17:28:36', '2015-08-27 12:26:45', 0),
	(1204, 72, 'Lysgard 2', 14.36, '2015-09-29 10:00:00', '00:09:27', '2015-08-10 17:28:37', '2015-08-27 12:26:45', 0),
	(1205, 72, 'Kjellerup 2', 2.56, '2015-09-29 10:15:00', '00:01:28', '2015-08-10 17:28:37', '2015-08-27 12:26:45', 0),
	(1206, 72, 'Sjorslev 2', 20.85, '2015-09-29 10:30:00', '00:11:52', '2015-08-10 17:28:37', '2015-08-27 12:26:45', 0),
	(1207, 72, 'Demstrup 2', 6.41, '2015-09-29 10:45:00', '00:03:43', '2015-08-10 17:28:38', '2015-08-27 12:26:45', 0),
	(1208, 72, 'Hindberg', 7.38, '2015-09-29 11:00:00', '00:04:19', '2015-08-10 17:28:38', '2015-08-27 12:26:45', 0),
	(1209, 72, 'Frederiksdal', 8.99, '2015-09-29 11:15:00', '00:05:39', '2015-08-10 17:28:39', '2015-08-27 12:26:45', 0),
	(1210, 72, 'Hinge', 6.51, '2015-09-29 11:30:00', '00:03:44', '2015-08-10 17:28:39', '2015-08-27 12:26:45', 0),
	(1211, 72, 'Hindberg 2', 7.38, '2015-09-29 11:45:00', '00:04:19', '2015-08-10 17:28:39', '2015-08-27 12:26:45', 0),
	(1212, 72, 'Frederiksdal 2', 8.99, '2015-09-29 12:00:00', '00:05:39', '2015-08-10 17:28:39', '2015-08-27 12:26:45', 0),
	(1213, 72, 'Hinge 2', 6.51, '2015-09-29 12:15:00', '00:03:44', '2015-08-10 17:28:39', '2015-08-27 12:26:45', 0),
	(1214, 72, 'Kjellerup 3', 2.56, '2015-09-29 12:30:00', '00:01:28', '2015-08-10 17:28:39', '2015-08-27 12:26:45', 0),
	(1217, 73, 'Saporro', 1.85, '2015-10-06 09:00:00', '00:01:06', '2015-08-10 17:30:34', '2015-08-27 12:26:45', 0),
	(1218, 73, 'Saporro 2', 1.85, '2015-10-06 09:15:00', '00:01:06', '2015-08-10 17:30:34', '2015-08-27 12:26:45', 0),
	(1219, 73, 'Iwanke', 26.67, '2015-10-06 09:30:00', '00:16:48', '2015-08-10 17:30:34', '2015-08-27 12:26:45', 0),
	(1220, 73, 'Kamauycep', 33.69, '2015-10-06 09:45:00', '00:22:37', '2015-08-10 17:30:34', '2015-08-27 12:26:45', 0),
	(1221, 73, 'Kina', 9.25, '2015-10-06 10:00:00', '00:06:08', '2015-08-10 17:30:34', '2015-08-27 12:26:45', 0),
	(1222, 73, 'Iwanke 2', 26.67, '2015-10-06 10:15:00', '00:16:48', '2015-08-10 17:30:34', '2015-08-27 12:26:45', 0),
	(1223, 73, 'Kamuycep 2', 33.34, '2015-10-06 10:30:00', '00:20:41', '2015-08-10 17:30:35', '2015-08-27 12:26:45', 0),
	(1224, 73, 'Kina 2', 9.25, '2015-10-06 10:45:00', '00:06:08', '2015-08-10 17:30:35', '2015-08-27 12:26:45', 0),
	(1225, 73, 'Saporro 3', 1.85, '2015-10-06 11:00:00', '00:01:06', '2015-08-10 17:30:35', '2015-08-27 12:26:45', 0),
	(1226, 73, 'Saporro 4', 1.85, '2015-10-06 11:15:00', '00:01:06', '2015-08-10 17:30:35', '2015-08-27 12:26:45', 0),
	(1227, 73, 'Nikara', 17.30, '2015-10-06 11:30:00', '00:09:52', '2015-08-10 17:30:35', '2015-08-27 12:26:45', 0),
	(1228, 73, 'Sikot', 27.28, '2015-10-06 11:45:00', '00:16:48', '2015-08-10 17:30:35', '2015-08-27 12:26:45', 0),
	(1229, 73, 'Koyka', 3.66, '2015-10-06 12:00:00', '00:02:04', '2015-08-10 17:30:35', '2015-08-27 12:26:45', 0),
	(1230, 73, 'Nikara 2', 17.30, '2015-10-06 12:15:00', '00:09:52', '2015-08-10 17:30:35', '2015-08-27 12:26:45', 0),
	(1231, 73, 'Sikot 2', 27.28, '2015-10-06 12:30:00', '00:16:48', '2015-08-10 17:30:35', '2015-08-27 12:26:45', 0),
	(1232, 73, 'Koyka 2', 3.66, '2015-10-06 12:45:00', '00:02:04', '2015-08-10 17:30:35', '2015-08-27 12:26:45', 0),
	(1233, 73, 'Saporro 5', 1.85, '2015-10-06 13:00:00', '00:01:06', '2015-08-10 17:30:35', '2015-08-12 15:56:59', 0),
	(1234, 74, 'Krzeszowice Rynek', 1.35, '2015-10-13 09:00:00', '00:00:49', '2015-08-10 17:47:58', '2015-08-27 12:26:45', 0),
	(1235, 74, 'Krzeszowice - Zalas', 7.53, '2015-10-13 09:15:00', '00:04:41', '2015-08-10 17:47:58', '2015-08-27 12:26:45', 0),
	(1236, 74, 'Sanka - Tenczynek', 6.84, '2015-10-13 09:30:00', '00:04:22', '2015-08-10 17:47:58', '2015-08-27 12:26:45', 0),
	(1237, 74, 'Tenczynek - Paczoltowice Golf', 10.51, '2015-10-13 09:45:00', '00:06:43', '2015-08-10 17:47:58', '2015-08-27 12:26:45', 0),
	(1238, 74, 'Paczoltowice Golf - Nowa Gora', 11.94, '2015-10-13 10:00:00', '00:08:02', '2015-08-10 17:47:58', '2015-08-27 12:26:45', 0),
	(1239, 74, 'Nowa Gora - Trzebinia Chechlo', 15.75, '2015-10-13 10:15:00', '00:09:35', '2015-08-10 17:47:58', '2015-08-27 12:26:45', 0),
	(1240, 74, 'Trzebinia Chechlo - Rudno', 17.63, '2015-10-13 10:30:00', '00:11:35', '2015-08-10 17:47:58', '2015-08-27 12:26:45', 0),
	(1241, 74, 'Rudno Zamek', 1.88, '2015-10-13 10:45:00', '00:01:06', '2015-08-10 17:47:58', '2015-08-27 12:26:45', 0),
	(1242, 74, 'Rudno - Krzeszowice', 9.46, '2015-10-13 11:00:00', '00:06:09', '2015-08-10 17:47:58', '2015-08-27 12:26:45', 0),
	(1243, 74, 'Krzeszowice - Rudawa', 8.26, '2015-10-13 11:15:00', '00:04:53', '2015-08-10 17:47:58', '2015-08-27 12:26:45', 0),
	(1244, 74, 'Rudawa - Siedlec', 4.36, '2015-10-13 11:30:00', '00:02:57', '2015-08-10 17:47:58', '2015-08-27 12:26:45', 0),
	(1245, 74, 'Siedlec - Krzeszowice', 4.46, '2015-10-13 11:45:00', '00:02:35', '2015-08-10 17:47:58', '2015-08-27 12:26:45', 0),
	(1246, 74, 'Krzeszowice Rynek 2', 1.35, '2015-10-13 12:00:00', '00:00:49', '2015-08-10 17:47:59', '2015-08-27 12:26:45', 0),
	(1247, 74, 'Krzeszowice - Czerna', 3.59, '2015-10-13 12:15:00', '00:02:21', '2015-08-10 17:47:59', '2015-08-27 12:26:45', 0),
	(1248, 74, 'Czerna - Filipowice', 7.33, '2015-10-13 12:30:00', '00:04:49', '2015-08-10 17:47:59', '2015-08-27 12:26:45', 0),
	(1249, 74, 'Krzeszowice Rynek 3', 1.35, '2015-10-13 12:45:00', '00:00:49', '2015-08-10 17:47:59', '2015-08-27 12:26:45', 0),
	(1251, 75, 'Bochnia Rynek', 1.70, '2015-10-20 09:00:00', '00:01:02', '2015-08-11 11:03:43', '2015-08-12 15:56:59', 0),
	(1252, 75, 'Bo-Glass', 5.14, '2015-10-20 09:15:00', '00:03:16', '2015-08-11 11:03:43', '2015-08-27 12:26:45', 0),
	(1253, 75, 'Lapanow', 8.40, '2015-10-20 09:30:00', '00:05:21', '2015-08-11 11:03:43', '2015-08-27 12:26:45', 0),
	(1254, 75, 'Lapanow - Laskowa', 23.30, '2015-10-20 09:45:00', '00:15:18', '2015-08-11 11:03:44', '2015-08-27 12:26:45', 0),
	(1255, 75, 'Laskowa - Krosna', 7.24, '2015-10-20 10:00:00', '00:04:26', '2015-08-11 11:03:44', '2015-08-27 12:26:45', 0),
	(1256, 75, 'Krosna - Bilsko', 11.47, '2015-10-20 10:15:00', '00:06:29', '2015-08-11 11:03:44', '2015-08-27 12:26:45', 0),
	(1257, 75, 'Bilsko - Iwkowa', 11.89, '2015-10-20 10:30:00', '00:07:16', '2015-08-11 11:03:44', '2015-08-27 12:26:45', 0),
	(1258, 75, 'Iwkowa - Lipnica Murowana', 13.94, '2015-10-20 10:45:00', '00:09:02', '2015-08-11 11:03:44', '2015-08-27 12:26:45', 0),
	(1259, 75, 'Lipnica Murowana - Nowy Wisnicz', 8.85, '2015-10-20 11:00:00', '00:05:46', '2015-08-11 11:03:44', '2015-08-27 12:26:45', 0),
	(1260, 75, 'Nowy Wisnicz - Bochnia', 7.86, '2015-10-20 11:15:00', '00:04:47', '2015-08-11 11:03:44', '2015-08-27 12:26:45', 0),
	(1261, 75, 'Bochnia Rynek 2', 1.70, '2015-10-20 11:30:00', '00:01:02', '2015-08-11 11:03:44', '2015-08-27 12:26:45', 0),
	(1262, 75, 'Rzezawa - Nowe Brzesko', 25.68, '2015-10-20 11:45:00', '00:14:49', '2015-08-11 11:03:44', '2015-08-27 12:26:45', 0),
	(1263, 75, 'Nowe Brzesko - Niepolomice', 20.37, '2015-10-20 12:00:00', '00:14:00', '2015-08-11 11:03:44', '2015-08-27 12:26:45', 0),
	(1264, 75, 'Niepolomice - Bochnia', 20.17, '2015-10-20 12:15:00', '00:12:33', '2015-08-11 11:03:44', '2015-08-27 12:26:45', 0),
	(1265, 75, 'Bochnia Rynek 3', 1.70, '2015-10-20 12:30:00', '00:01:02', '2015-08-11 11:03:44', '2015-08-27 12:26:45', 0),
	(1268, 76, 'Krakow Rynek', 2.85, '2015-10-27 09:00:00', '00:01:53', '2015-08-11 11:13:27', '2015-08-27 12:26:45', 0),
	(1269, 76, 'Kazimierz - Ruczaj', 5.69, '2015-10-27 09:15:00', '00:03:11', '2015-08-11 11:13:27', '2015-08-27 12:26:45', 0),
	(1270, 76, 'Ruczaj - Skawina', 9.39, '2015-10-27 09:30:00', '00:06:28', '2015-08-11 11:13:27', '2015-08-27 12:26:45', 0),
	(1271, 76, 'Skawina - Liszki', 14.27, '2015-10-27 09:45:00', '00:09:40', '2015-08-11 11:13:28', '2015-08-27 12:26:45', 0),
	(1272, 76, 'Liszki - Brzoskwinia', 10.50, '2015-10-27 10:00:00', '00:05:59', '2015-08-11 11:13:28', '2015-08-27 12:26:45', 0),
	(1273, 76, 'Brzoskwinia - Zabierzow', 10.53, '2015-10-27 10:15:00', '00:07:03', '2015-08-11 11:13:28', '2015-08-27 12:26:45', 0),
	(1274, 76, 'Zabierzow - Skala', 21.37, '2015-10-27 10:30:00', '00:12:11', '2015-08-11 11:13:28', '2015-08-27 12:26:45', 0),
	(1275, 76, 'Skala - Miechow', 28.10, '2015-10-27 10:45:00', '00:19:00', '2015-08-11 11:13:28', '2015-08-27 12:26:45', 0),
	(1276, 76, 'Miechow - Slomniki', 15.97, '2015-10-27 11:00:00', '00:09:40', '2015-08-11 11:13:28', '2015-08-27 12:26:45', 0),
	(1277, 76, 'Slomniki - Proszowice', 17.88, '2015-10-27 11:15:00', '00:11:34', '2015-08-11 11:13:28', '2015-08-27 12:26:45', 0),
	(1278, 76, 'Proszowice - Nowa Huta', 24.31, '2015-10-27 11:30:00', '00:15:18', '2015-08-11 11:13:28', '2015-08-27 12:26:45', 0),
	(1279, 76, 'Nowa Huta - Plaszow', 17.54, '2015-10-27 11:45:00', '00:11:49', '2015-08-11 11:13:28', '2015-08-27 12:26:45', 0),
	(1280, 76, 'Plaszow - Wieliczka', 10.43, '2015-10-27 12:00:00', '00:06:45', '2015-08-11 11:13:28', '2015-08-27 12:26:45', 0),
	(1281, 76, 'Wieliczka - Rybitwy', 10.48, '2015-10-27 12:15:00', '00:06:14', '2015-08-11 11:13:28', '2015-08-27 12:26:45', 0),
	(1282, 76, 'Rybitwy - Wawel', 7.85, '2015-10-27 12:30:00', '00:05:14', '2015-08-11 11:13:28', '2015-08-27 12:26:45', 0),
	(1283, 76, 'Krakow Rynek 2', 2.85, '2015-10-27 12:45:00', '00:01:53', '2015-08-11 11:13:28', '2015-08-27 12:26:45', 0),
	(1285, 77, 'Gdansk - Gdynia', 34.19, '2015-11-03 09:00:00', '00:20:35', '2015-08-11 11:24:14', '2015-08-27 12:26:45', 0),
	(1286, 77, 'Gdynia - Puck', 32.30, '2015-11-03 09:15:00', '00:19:19', '2015-08-11 11:24:14', '2015-08-27 12:26:45', 0),
	(1287, 77, 'Gdynia - Wladyslawowo', 14.39, '2015-11-03 09:30:00', '00:08:25', '2015-08-11 11:24:14', '2015-08-27 12:26:45', 0),
	(1288, 77, 'Wladyslawowo - Hel', 34.45, '2015-11-03 09:45:00', '00:22:20', '2015-08-11 11:24:14', '2015-08-27 12:26:45', 0),
	(1289, 77, 'Debki - Leba', 40.23, '2015-11-03 10:00:00', '00:27:03', '2015-08-11 11:24:14', '2015-08-27 12:26:45', 0),
	(1290, 77, 'Leba - Lebork', 29.90, '2015-11-03 10:15:00', '00:18:13', '2015-08-11 11:24:14', '2015-08-27 12:26:45', 0),
	(1291, 77, 'Lebork - Damno', 32.48, '2015-11-03 10:30:00', '00:18:19', '2015-08-11 11:24:14', '2015-08-27 12:26:45', 0),
	(1292, 77, 'Damno - Slupsk', 22.97, '2015-11-03 10:45:00', '00:14:50', '2015-08-11 11:24:14', '2015-08-27 12:26:45', 0),
	(1293, 77, 'Slupsk - Ustka', 18.97, '2015-11-03 11:00:00', '00:12:45', '2015-08-11 11:24:14', '2015-08-27 12:26:45', 0),
	(1294, 77, 'Ustka - Jaroslawiec', 28.54, '2015-11-03 11:15:00', '00:16:40', '2015-08-11 11:24:14', '2015-08-27 12:26:45', 0),
	(1295, 77, 'Jaroslawiec - Darlowo', 17.41, '2015-11-03 11:30:00', '00:11:36', '2015-08-11 11:24:14', '2015-08-27 12:26:45', 0),
	(1296, 77, 'Darlowo - Lazy', 27.65, '2015-11-03 11:45:00', '00:16:06', '2015-08-11 11:24:14', '2015-08-27 12:26:45', 0),
	(1297, 77, 'Lazy - Mielno', 9.59, '2015-11-03 12:00:00', '00:06:14', '2015-08-11 11:24:14', '2015-08-27 12:26:45', 0),
	(1298, 77, 'Mielno - Gaski', 10.66, '2015-11-03 12:15:00', '00:06:27', '2015-08-11 11:24:14', '2015-08-27 12:26:45', 0),
	(1299, 77, 'Gaski - Ustronie', 12.83, '2015-11-03 12:30:00', '00:07:12', '2015-08-11 11:24:15', '2015-08-27 12:26:45', 0),
	(1300, 77, 'Ustronie - Kolobrzeg', 13.68, '2015-11-03 12:45:00', '00:08:52', '2015-08-11 11:24:15', '2015-08-27 12:26:45', 0),
	(1301, 77, 'Kolobrzeg Rynek 1', 1.40, '2015-11-03 13:00:00', '00:00:47', '2015-08-11 11:24:15', '2015-08-27 12:26:46', 0),
	(1302, 78, 'Upper Old Hastings', 11.46, '2015-11-10 09:00:00', '00:07:06', '2015-08-11 11:38:06', '2015-08-27 12:26:46', 0),
	(1303, 78, 'Peanut 101', 15.14, '2015-11-10 09:15:00', '00:08:58', '2015-08-11 11:38:07', '2015-08-27 12:26:46', 0),
	(1304, 78, 'Upper Old Hastings 2', 11.46, '2015-11-10 09:30:00', '00:07:06', '2015-08-11 11:38:07', '2015-08-27 12:26:46', 0),
	(1305, 78, 'Old Detlor', 12.38, '2015-11-10 09:45:00', '00:07:56', '2015-08-11 11:38:07', '2015-08-27 12:26:46', 0),
	(1306, 78, 'Iron Bridge', 7.45, '2015-11-10 10:00:00', '00:04:21', '2015-08-11 11:38:07', '2015-08-27 12:26:46', 0),
	(1307, 78, 'Mayo Lake 101', 30.78, '2015-11-10 10:15:00', '00:20:55', '2015-08-11 11:38:07', '2015-08-27 12:26:46', 0),
	(1308, 78, 'Iron Bridge 2', 7.45, '2015-11-10 10:30:00', '00:04:21', '2015-08-11 11:38:07', '2015-08-27 12:26:46', 0),
	(1309, 78, 'Egan Creek', 27.95, '2015-11-10 10:45:00', '00:16:05', '2015-08-11 11:38:07', '2015-08-27 12:26:46', 0),
	(1310, 78, 'Lower Old Hastings', 14.73, '2015-11-10 11:00:00', '00:10:09', '2015-08-11 11:38:07', '2015-08-27 12:26:46', 0),
	(1311, 78, 'Middle Old Hastings', 7.25, '2015-11-10 11:15:00', '00:04:44', '2015-08-11 11:38:07', '2015-08-27 12:26:46', 0),
	(1312, 78, 'Golton', 2.17, '2015-11-10 11:30:00', '00:01:20', '2015-08-11 11:38:07', '2015-08-27 12:26:46', 0),
	(1313, 78, 'Golton 2', 2.17, '2015-11-10 11:45:00', '00:01:20', '2015-08-11 11:38:07', '2015-08-27 12:26:46', 0),
	(1314, 78, 'Egan 101', 31.93, '2015-11-10 12:00:00', '00:20:02', '2015-08-11 11:38:07', '2015-08-27 12:26:46', 0),
	(1315, 78, 'Lower Old Hastings 2', 14.73, '2015-11-10 12:15:00', '00:10:09', '2015-08-11 11:38:07', '2015-08-27 12:26:46', 0),
	(1316, 78, 'Middle Old Hastings', 7.22, '2015-11-10 12:30:00', '00:04:16', '2015-08-11 11:38:08', '2015-08-12 15:56:59', 0),
	(1319, 79, 'Transfagarasan Cascada', 9.59, '2015-11-17 09:00:00', '00:06:32', '2015-08-11 11:57:54', '2015-08-27 12:26:46', 0),
	(1320, 79, 'Transfagarasan Lac', 6.24, '2015-11-17 09:15:00', '00:04:01', '2015-08-11 11:57:54', '2015-08-27 12:26:46', 0),
	(1321, 79, 'Transfagarasan Lac 2', 6.24, '2015-11-17 09:30:00', '00:04:01', '2015-08-11 11:57:54', '2015-08-27 12:26:46', 0),
	(1322, 79, 'Transfagarasan Cascada 2', 9.59, '2015-11-17 09:45:00', '00:06:32', '2015-08-11 11:57:54', '2015-08-27 12:26:46', 0),
	(1323, 79, 'Baraj', 17.95, '2015-11-17 10:00:00', '00:11:02', '2015-08-11 11:57:55', '2015-08-27 12:26:46', 0),
	(1324, 79, 'Ilielaita', 9.99, '2015-11-17 10:15:00', '00:06:26', '2015-08-11 11:57:55', '2015-08-27 12:26:46', 0),
	(1325, 79, 'Fata Padurii', 14.38, '2015-11-17 10:30:00', '00:08:33', '2015-08-11 11:57:55', '2015-08-27 12:26:46', 0),
	(1326, 79, 'Baraj 2', 17.95, '2015-11-17 10:45:00', '00:11:02', '2015-08-11 11:57:55', '2015-08-27 12:26:46', 0),
	(1327, 79, 'Ilielaita 2', 9.99, '2015-11-17 11:00:00', '00:06:26', '2015-08-11 11:57:55', '2015-08-27 12:26:46', 0),
	(1328, 79, 'Fata Padurii 2', 14.38, '2015-11-17 11:15:00', '00:08:33', '2015-08-11 11:57:55', '2015-08-27 12:26:46', 0),
	(1329, 79, 'Paltinis', 9.75, '2015-11-17 11:30:00', '00:06:07', '2015-08-11 11:57:55', '2015-08-27 12:26:46', 0),
	(1330, 79, 'Paltinis Ski Resort', 15.89, '2015-11-17 11:45:00', '00:10:51', '2015-08-11 11:57:55', '2015-08-27 12:26:46', 0),
	(1331, 79, 'Sadu', 8.39, '2015-11-17 12:00:00', '00:05:10', '2015-08-11 11:57:55', '2015-08-27 12:26:46', 0),
	(1332, 79, 'Muncel', 29.39, '2015-11-17 12:15:00', '00:17:29', '2015-08-11 11:57:55', '2015-08-27 12:26:46', 0),
	(1333, 79, 'Paltinis Ski Resort 2', 15.89, '2015-11-17 12:30:00', '00:10:51', '2015-08-11 11:57:55', '2015-08-27 12:26:46', 0),
	(1334, 79, 'Muzeu', 3.52, '2015-11-17 12:45:00', '00:02:11', '2015-08-11 11:57:55', '2015-08-27 12:26:46', 0),
	(1335, 79, 'Sadu 2', 8.39, '2015-11-17 13:00:00', '00:05:10', '2015-08-11 11:57:55', '2015-08-27 12:26:46', 0),
	(1336, 80, 'Stage 0', 24.12, '2015-08-30 08:30:00', '17:27:43', '2015-08-25 17:13:01', '2015-08-30 08:30:01', 1),
	(1337, 80, 'Stage 1', 27.27, '2015-08-30 08:45:00', '17:28:25', '2015-08-25 17:13:01', '2015-08-30 08:45:00', 1),
	(1338, 80, 'Stage 2', 25.70, '2015-08-30 09:00:00', '17:28:43', '2015-08-25 17:13:01', '2015-08-30 09:00:01', 1),
	(1339, 80, 'Stage 3', 19.28, '2015-08-30 09:15:00', '17:23:28', '2015-08-25 17:13:01', '2015-08-30 09:15:02', 1),
	(1340, 80, 'Stage 4', 23.70, '2015-08-30 09:30:00', '17:26:24', '2015-08-25 17:13:01', '2015-08-30 09:30:00', 1),
	(1341, 80, 'Stage 5', 28.54, '2015-08-30 09:45:00', '17:28:08', '2015-08-25 17:13:01', '2015-08-30 09:45:00', 1),
	(1342, 80, 'Stage 6', 29.59, '2015-08-30 10:00:00', '17:28:41', '2015-08-25 17:13:01', '2015-08-30 10:00:01', 1),
	(1343, 80, 'Stage 7', 29.83, '2015-08-30 10:15:00', '17:28:32', '2015-08-25 17:13:01', '2015-08-30 10:15:00', 1),
	(1344, 80, 'Stage 8', 8.81, '2015-08-30 10:30:00', '17:17:41', '2015-08-25 17:13:01', '2015-08-30 10:30:02', 1),
	(1345, 80, 'Stage 9', 2.26, '2015-08-30 10:45:00', '17:14:01', '2015-08-25 17:13:01', '2015-08-30 10:45:01', 1),
	(1346, 80, 'Stage 10', 18.70, '2015-08-30 11:00:00', '17:22:36', '2015-08-25 17:13:01', '2015-08-30 11:00:00', 1),
	(1347, 80, 'Stage 11', 14.52, '2015-08-30 11:15:00', '17:21:32', '2015-08-25 17:13:01', '2015-08-30 11:15:01', 1),
	(1348, 80, 'Stage 12', 12.15, '2015-08-30 11:30:00', '17:19:55', '2015-08-25 17:13:01', '2015-08-30 11:30:00', 1),
	(1349, 80, 'Stage 13', 3.67, '2015-08-30 11:45:00', '17:14:21', '2015-08-25 17:13:01', '2015-08-30 11:45:00', 1),
	(1350, 80, 'Stage 14', 29.41, '2015-08-30 12:00:00', '17:30:03', '2015-08-25 17:13:01', '2015-08-30 12:00:00', 1),
	(1351, 80, 'Stage 15', 24.88, '2015-08-30 12:15:00', '17:25:31', '2015-08-25 17:13:01', '2015-08-30 12:15:00', 1),
	(1352, 80, 'Stage 16', 17.19, '2015-08-30 12:30:00', '17:21:37', '2015-08-25 17:13:01', '2015-08-30 12:30:00', 1),
	(1353, 80, 'Stage 17', 3.51, '2015-08-30 12:45:00', '17:14:37', '2015-08-25 17:13:01', '2015-08-30 12:45:00', 1),
	(1354, 81, 'Stage 0', 17.64, '2015-09-06 14:45:00', '17:23:35', '2015-08-25 17:13:01', '2015-08-25 17:13:01', 0),
	(1355, 81, 'Stage 1', 17.80, '2015-09-06 15:00:00', '17:23:54', '2015-08-25 17:13:01', '2015-08-25 17:13:01', 0),
	(1356, 81, 'Stage 2', 26.49, '2015-09-06 15:15:00', '17:26:21', '2015-08-25 17:13:01', '2015-08-25 17:13:01', 0),
	(1357, 81, 'Stage 3', 7.60, '2015-09-06 15:30:00', '17:16:12', '2015-08-25 17:13:01', '2015-08-25 17:13:01', 0),
	(1358, 81, 'Stage 4', 17.71, '2015-09-06 15:45:00', '17:23:40', '2015-08-25 17:13:01', '2015-08-25 17:13:01', 0),
	(1359, 81, 'Stage 5', 8.97, '2015-09-06 16:00:00', '17:17:53', '2015-08-25 17:13:01', '2015-08-25 17:13:01', 0),
	(1360, 81, 'Stage 6', 10.01, '2015-09-06 16:15:00', '17:18:40', '2015-08-25 17:13:01', '2015-08-25 17:13:01', 0),
	(1361, 81, 'Stage 7', 13.53, '2015-09-06 16:30:00', '17:20:19', '2015-08-25 17:13:01', '2015-08-25 17:13:01', 0),
	(1362, 81, 'Stage 8', 4.14, '2015-09-06 16:45:00', '17:15:01', '2015-08-25 17:13:01', '2015-08-25 17:13:01', 0),
	(1363, 81, 'Stage 9', 17.17, '2015-09-06 17:00:00', '17:22:53', '2015-08-25 17:13:01', '2015-08-25 17:13:01', 0),
	(1364, 81, 'Stage 10', 19.33, '2015-09-06 17:15:00', '17:24:54', '2015-08-25 17:13:01', '2015-08-25 17:13:01', 0),
	(1365, 81, 'Stage 11', 22.55, '2015-09-06 17:30:00', '17:25:17', '2015-08-25 17:13:01', '2015-08-25 17:13:01', 0),
	(1366, 81, 'Stage 12', 2.02, '2015-09-06 17:45:00', '17:14:01', '2015-08-25 17:13:01', '2015-08-25 17:13:01', 0),
	(1367, 81, 'Stage 13', 12.48, '2015-09-06 18:00:00', '17:19:11', '2015-08-25 17:13:01', '2015-08-25 17:13:01', 0),
	(1368, 81, 'Stage 14', 17.87, '2015-09-06 18:15:00', '17:23:10', '2015-08-25 17:13:01', '2015-08-25 17:13:01', 0),
	(1369, 81, 'Stage 15', 27.07, '2015-09-06 18:30:00', '17:27:39', '2015-08-25 17:13:01', '2015-08-25 17:13:01', 0),
	(1370, 81, 'Stage 16', 27.93, '2015-09-06 18:45:00', '17:28:41', '2015-08-25 17:13:01', '2015-08-25 17:13:01', 0),
	(1371, 81, 'Stage 17', 3.05, '2015-09-06 19:00:00', '17:14:01', '2015-08-25 17:13:01', '2015-08-25 17:13:01', 0),
	(1372, 82, 'Stage 0', 12.68, '2015-09-13 12:00:00', '17:19:59', '2015-08-25 17:13:01', '2015-08-25 17:13:01', 0),
	(1373, 82, 'Stage 1', 9.36, '2015-09-13 12:15:00', '17:17:10', '2015-08-25 17:13:01', '2015-08-25 17:13:01', 0),
	(1374, 82, 'Stage 2', 27.44, '2015-09-13 12:30:00', '17:27:20', '2015-08-25 17:13:01', '2015-08-25 17:13:01', 0),
	(1375, 82, 'Stage 3', 21.18, '2015-09-13 12:45:00', '17:24:41', '2015-08-25 17:13:01', '2015-08-25 17:13:01', 0),
	(1376, 82, 'Stage 4', 5.82, '2015-09-13 13:00:00', '17:16:01', '2015-08-25 17:13:01', '2015-08-25 17:13:01', 0),
	(1377, 82, 'Stage 5', 9.87, '2015-09-13 13:15:00', '17:19:01', '2015-08-25 17:13:01', '2015-08-25 17:13:01', 0),
	(1378, 82, 'Stage 6', 20.17, '2015-09-13 13:30:00', '17:24:01', '2015-08-25 17:13:01', '2015-08-25 17:13:01', 0),
	(1379, 82, 'Stage 7', 26.87, '2015-09-13 13:45:00', '17:28:57', '2015-08-25 17:13:01', '2015-08-25 17:13:01', 0),
	(1380, 82, 'Stage 8', 17.21, '2015-09-13 14:00:00', '17:22:07', '2015-08-25 17:13:01', '2015-08-25 17:13:01', 0),
	(1381, 82, 'Stage 9', 4.26, '2015-09-13 14:15:00', '17:15:01', '2015-08-25 17:13:01', '2015-08-25 17:13:01', 0),
	(1382, 82, 'Stage 10', 4.90, '2015-09-13 14:30:00', '17:15:34', '2015-08-25 17:13:01', '2015-08-25 17:13:01', 0),
	(1383, 82, 'Stage 11', 25.18, '2015-09-13 14:45:00', '17:27:20', '2015-08-25 17:13:01', '2015-08-25 17:13:01', 0),
	(1384, 82, 'Stage 12', 22.70, '2015-09-13 15:00:00', '17:27:00', '2015-08-25 17:13:01', '2015-08-25 17:13:01', 0),
	(1385, 82, 'Stage 13', 3.25, '2015-09-13 15:15:00', '17:14:14', '2015-08-25 17:13:01', '2015-08-25 17:13:01', 0),
	(1386, 82, 'Stage 14', 19.34, '2015-09-13 15:30:00', '17:24:28', '2015-08-25 17:13:01', '2015-08-25 17:13:01', 0),
	(1387, 82, 'Stage 15', 6.75, '2015-09-13 15:45:00', '17:16:25', '2015-08-25 17:13:01', '2015-08-25 17:13:01', 0),
	(1388, 82, 'Stage 16', 25.25, '2015-09-13 16:00:00', '17:27:24', '2015-08-25 17:13:01', '2015-08-25 17:13:01', 0),
	(1389, 82, 'Stage 17', 6.98, '2015-09-13 16:15:00', '17:16:47', '2015-08-25 17:13:01', '2015-08-25 17:13:01', 0),
	(1390, 83, 'Stage 0', 6.75, '2015-09-20 14:15:00', '17:16:46', '2015-08-25 17:13:01', '2015-08-25 17:13:01', 0),
	(1391, 83, 'Stage 1', 22.23, '2015-09-20 14:30:00', '17:25:10', '2015-08-25 17:13:01', '2015-08-25 17:13:01', 0),
	(1392, 83, 'Stage 2', 11.66, '2015-09-20 14:45:00', '17:19:02', '2015-08-25 17:13:01', '2015-08-25 17:13:01', 0),
	(1393, 83, 'Stage 3', 6.76, '2015-09-20 15:00:00', '17:16:07', '2015-08-25 17:13:01', '2015-08-25 17:13:01', 0),
	(1394, 83, 'Stage 4', 11.80, '2015-09-20 15:15:00', '17:19:54', '2015-08-25 17:13:01', '2015-08-25 17:13:01', 0),
	(1395, 83, 'Stage 5', 9.50, '2015-09-20 15:30:00', '17:17:58', '2015-08-25 17:13:01', '2015-08-25 17:13:01', 0),
	(1396, 83, 'Stage 6', 25.79, '2015-09-20 15:45:00', '17:28:33', '2015-08-25 17:13:01', '2015-08-25 17:13:01', 0),
	(1397, 83, 'Stage 7', 21.69, '2015-09-20 16:00:00', '17:25:26', '2015-08-25 17:13:01', '2015-08-25 17:13:01', 0),
	(1398, 83, 'Stage 8', 21.92, '2015-09-20 16:15:00', '17:25:32', '2015-08-25 17:13:01', '2015-08-25 17:13:01', 0),
	(1399, 83, 'Stage 9', 19.94, '2015-09-20 16:30:00', '17:23:07', '2015-08-25 17:13:01', '2015-08-25 17:13:01', 0),
	(1400, 83, 'Stage 10', 25.20, '2015-09-20 16:45:00', '17:27:43', '2015-08-25 17:13:01', '2015-08-25 17:13:01', 0),
	(1401, 83, 'Stage 11', 12.36, '2015-09-20 17:00:00', '17:19:43', '2015-08-25 17:13:01', '2015-08-25 17:13:01', 0),
	(1402, 83, 'Stage 12', 20.84, '2015-09-20 17:15:00', '17:23:54', '2015-08-25 17:13:01', '2015-08-25 17:13:01', 0),
	(1403, 83, 'Stage 13', 27.80, '2015-09-20 17:30:00', '17:29:16', '2015-08-25 17:13:01', '2015-08-25 17:13:01', 0),
	(1404, 83, 'Stage 14', 5.79, '2015-09-20 17:45:00', '17:16:01', '2015-08-25 17:13:01', '2015-08-25 17:13:01', 0),
	(1405, 83, 'Stage 15', 4.09, '2015-09-20 18:00:00', '17:15:01', '2015-08-25 17:13:01', '2015-08-25 17:13:01', 0),
	(1406, 83, 'Stage 16', 10.06, '2015-09-20 18:15:00', '17:18:21', '2015-08-25 17:13:01', '2015-08-25 17:13:01', 0),
	(1407, 83, 'Stage 17', 8.16, '2015-09-20 18:30:00', '17:18:01', '2015-08-25 17:13:01', '2015-08-25 17:13:01', 0),
	(1408, 84, 'Stage 0', 12.95, '2015-09-27 11:15:00', '17:19:08', '2015-08-25 17:13:01', '2015-08-25 17:13:01', 0),
	(1409, 84, 'Stage 1', 26.37, '2015-09-27 11:30:00', '17:26:07', '2015-08-25 17:13:01', '2015-08-25 17:13:01', 0),
	(1410, 84, 'Stage 2', 13.33, '2015-09-27 11:45:00', '17:20:17', '2015-08-25 17:13:01', '2015-08-25 17:13:01', 0),
	(1411, 84, 'Stage 3', 7.47, '2015-09-27 12:00:00', '17:16:31', '2015-08-25 17:13:01', '2015-08-25 17:13:01', 0),
	(1412, 84, 'Stage 4', 9.06, '2015-09-27 12:15:00', '17:17:54', '2015-08-25 17:13:01', '2015-08-25 17:13:01', 0),
	(1413, 84, 'Stage 5', 25.98, '2015-09-27 12:30:00', '17:28:37', '2015-08-25 17:13:01', '2015-08-25 17:13:01', 0),
	(1414, 84, 'Stage 6', 14.71, '2015-09-27 12:45:00', '17:20:48', '2015-08-25 17:13:01', '2015-08-25 17:13:01', 0),
	(1415, 84, 'Stage 7', 27.05, '2015-09-27 13:00:00', '17:28:12', '2015-08-25 17:13:01', '2015-08-25 17:13:01', 0),
	(1416, 84, 'Stage 8', 14.17, '2015-09-27 13:15:00', '17:20:58', '2015-08-25 17:13:01', '2015-08-25 17:13:01', 0),
	(1417, 84, 'Stage 9', 15.73, '2015-09-27 13:30:00', '17:21:08', '2015-08-25 17:13:01', '2015-08-25 17:13:01', 0),
	(1418, 84, 'Stage 10', 4.52, '2015-09-27 13:45:00', '17:15:01', '2015-08-25 17:13:01', '2015-08-25 17:13:01', 0),
	(1419, 84, 'Stage 11', 22.79, '2015-09-27 14:00:00', '17:24:30', '2015-08-25 17:13:01', '2015-08-25 17:13:01', 0),
	(1420, 84, 'Stage 12', 9.91, '2015-09-27 14:15:00', '17:18:19', '2015-08-25 17:13:01', '2015-08-25 17:13:01', 0),
	(1421, 84, 'Stage 13', 17.13, '2015-09-27 14:30:00', '17:22:54', '2015-08-25 17:13:01', '2015-08-25 17:13:01', 0),
	(1422, 84, 'Stage 14', 9.34, '2015-09-27 14:45:00', '17:17:12', '2015-08-25 17:13:01', '2015-08-25 17:13:01', 0),
	(1423, 84, 'Stage 15', 8.33, '2015-09-27 15:00:00', '17:17:17', '2015-08-25 17:13:01', '2015-08-25 17:13:01', 0),
	(1424, 84, 'Stage 16', 19.44, '2015-09-27 15:15:00', '17:24:32', '2015-08-25 17:13:01', '2015-08-25 17:13:01', 0),
	(1425, 84, 'Stage 17', 29.54, '2015-09-27 15:30:00', '17:28:03', '2015-08-25 17:13:01', '2015-08-25 17:13:01', 0),
	(1426, 85, 'Stage 0', 16.89, '2015-10-04 08:00:00', '17:22:12', '2015-08-25 17:13:01', '2015-08-25 17:13:01', 0),
	(1427, 85, 'Stage 1', 5.41, '2015-10-04 08:15:00', '17:15:45', '2015-08-25 17:13:01', '2015-08-25 17:13:01', 0),
	(1428, 85, 'Stage 2', 3.79, '2015-10-04 08:30:00', '17:14:58', '2015-08-25 17:13:01', '2015-08-25 17:13:01', 0),
	(1429, 85, 'Stage 3', 18.23, '2015-10-04 08:45:00', '17:22:58', '2015-08-25 17:13:01', '2015-08-25 17:13:01', 0),
	(1430, 85, 'Stage 4', 6.73, '2015-10-04 09:00:00', '17:16:40', '2015-08-25 17:13:01', '2015-08-25 17:13:01', 0),
	(1431, 85, 'Stage 5', 14.69, '2015-10-04 09:15:00', '17:21:40', '2015-08-25 17:13:01', '2015-08-25 17:13:01', 0),
	(1432, 85, 'Stage 6', 14.54, '2015-10-04 09:30:00', '17:20:39', '2015-08-25 17:13:01', '2015-08-25 17:13:01', 0),
	(1433, 85, 'Stage 7', 26.51, '2015-10-04 09:45:00', '17:27:36', '2015-08-25 17:13:01', '2015-08-25 17:13:01', 0),
	(1434, 85, 'Stage 8', 7.91, '2015-10-04 10:00:00', '17:17:01', '2015-08-25 17:13:01', '2015-08-25 17:13:01', 0),
	(1435, 85, 'Stage 9', 25.23, '2015-10-04 10:15:00', '17:26:05', '2015-08-25 17:13:01', '2015-08-25 17:13:01', 0),
	(1436, 85, 'Stage 10', 20.09, '2015-10-04 10:30:00', '17:23:12', '2015-08-25 17:13:01', '2015-08-25 17:13:01', 0),
	(1437, 85, 'Stage 11', 13.43, '2015-10-04 10:45:00', '17:20:10', '2015-08-25 17:13:01', '2015-08-25 17:13:01', 0),
	(1438, 85, 'Stage 12', 22.03, '2015-10-04 11:00:00', '17:25:28', '2015-08-25 17:13:01', '2015-08-25 17:13:01', 0),
	(1439, 85, 'Stage 13', 15.04, '2015-10-04 11:15:00', '17:21:42', '2015-08-25 17:13:01', '2015-08-25 17:13:01', 0),
	(1440, 85, 'Stage 14', 3.13, '2015-10-04 11:30:00', '17:14:01', '2015-08-25 17:13:01', '2015-08-25 17:13:01', 0),
	(1441, 85, 'Stage 15', 11.03, '2015-10-04 11:45:00', '17:18:27', '2015-08-25 17:13:01', '2015-08-25 17:13:01', 0),
	(1442, 85, 'Stage 16', 19.34, '2015-10-04 12:00:00', '17:24:36', '2015-08-25 17:13:01', '2015-08-25 17:13:01', 0),
	(1443, 85, 'Stage 17', 11.24, '2015-10-04 12:15:00', '17:19:59', '2015-08-25 17:13:01', '2015-08-25 17:13:01', 0),
	(1444, 86, 'Stage 0', 9.46, '2015-10-11 11:30:00', '17:17:11', '2015-08-25 17:13:01', '2015-08-25 17:13:01', 0),
	(1445, 86, 'Stage 1', 9.47, '2015-10-11 11:45:00', '17:17:14', '2015-08-25 17:13:01', '2015-08-25 17:13:01', 0),
	(1446, 86, 'Stage 2', 28.48, '2015-10-11 12:00:00', '17:28:40', '2015-08-25 17:13:01', '2015-08-25 17:13:01', 0),
	(1447, 86, 'Stage 3', 26.24, '2015-10-11 12:15:00', '17:27:55', '2015-08-25 17:13:01', '2015-08-25 17:13:01', 0),
	(1448, 86, 'Stage 4', 12.44, '2015-10-11 12:30:00', '17:19:46', '2015-08-25 17:13:01', '2015-08-25 17:13:01', 0),
	(1449, 86, 'Stage 5', 25.98, '2015-10-11 12:45:00', '17:26:11', '2015-08-25 17:13:01', '2015-08-25 17:13:01', 0),
	(1450, 86, 'Stage 6', 3.06, '2015-10-11 13:00:00', '17:14:01', '2015-08-25 17:13:01', '2015-08-25 17:13:01', 0),
	(1451, 86, 'Stage 7', 21.53, '2015-10-11 13:15:00', '17:25:55', '2015-08-25 17:13:01', '2015-08-25 17:13:01', 0),
	(1452, 86, 'Stage 8', 27.80, '2015-10-11 13:30:00', '17:28:55', '2015-08-25 17:13:01', '2015-08-25 17:13:01', 0),
	(1453, 86, 'Stage 9', 7.88, '2015-10-11 13:45:00', '17:17:01', '2015-08-25 17:13:01', '2015-08-25 17:13:01', 0),
	(1454, 86, 'Stage 10', 27.69, '2015-10-11 14:00:00', '17:27:43', '2015-08-25 17:13:01', '2015-08-25 17:13:01', 0),
	(1455, 86, 'Stage 11', 16.22, '2015-10-11 14:15:00', '17:21:50', '2015-08-25 17:13:01', '2015-08-25 17:13:01', 0),
	(1456, 86, 'Stage 12', 11.75, '2015-10-11 14:30:00', '17:19:09', '2015-08-25 17:13:01', '2015-08-25 17:13:01', 0),
	(1457, 86, 'Stage 13', 19.67, '2015-10-11 14:45:00', '17:24:06', '2015-08-25 17:13:01', '2015-08-25 17:13:01', 0),
	(1458, 86, 'Stage 14', 25.27, '2015-10-11 15:00:00', '17:26:42', '2015-08-25 17:13:01', '2015-08-25 17:13:01', 0),
	(1459, 86, 'Stage 15', 22.07, '2015-10-11 15:15:00', '17:25:17', '2015-08-25 17:13:01', '2015-08-25 17:13:01', 0),
	(1460, 86, 'Stage 16', 25.10, '2015-10-11 15:30:00', '17:26:28', '2015-08-25 17:13:01', '2015-08-25 17:13:01', 0),
	(1461, 86, 'Stage 17', 28.79, '2015-10-11 15:45:00', '17:28:56', '2015-08-25 17:13:01', '2015-08-25 17:13:01', 0),
	(1462, 87, 'Stage 0', 2.97, '2015-10-18 12:45:00', '17:14:01', '2015-08-25 17:13:01', '2015-08-25 17:13:01', 0),
	(1463, 87, 'Stage 1', 29.44, '2015-10-18 13:00:00', '17:30:52', '2015-08-25 17:13:01', '2015-08-25 17:13:01', 0),
	(1464, 87, 'Stage 2', 29.93, '2015-10-18 13:15:00', '17:31:01', '2015-08-25 17:13:01', '2015-08-25 17:13:01', 0),
	(1465, 87, 'Stage 3', 23.87, '2015-10-18 13:30:00', '17:27:11', '2015-08-25 17:13:01', '2015-08-25 17:13:01', 0),
	(1466, 87, 'Stage 4', 27.88, '2015-10-18 13:45:00', '17:27:08', '2015-08-25 17:13:01', '2015-08-25 17:13:01', 0),
	(1467, 87, 'Stage 5', 13.48, '2015-10-18 14:00:00', '17:20:11', '2015-08-25 17:13:01', '2015-08-25 17:13:01', 0),
	(1468, 87, 'Stage 6', 22.52, '2015-10-18 14:15:00', '17:24:12', '2015-08-25 17:13:01', '2015-08-25 17:13:01', 0),
	(1469, 87, 'Stage 7', 26.31, '2015-10-18 14:30:00', '17:27:10', '2015-08-25 17:13:01', '2015-08-25 17:13:01', 0),
	(1470, 87, 'Stage 8', 19.17, '2015-10-18 14:45:00', '17:23:01', '2015-08-25 17:13:01', '2015-08-25 17:13:01', 0),
	(1471, 87, 'Stage 9', 22.06, '2015-10-18 15:00:00', '17:24:37', '2015-08-25 17:13:01', '2015-08-25 17:13:01', 0),
	(1472, 87, 'Stage 10', 23.83, '2015-10-18 15:15:00', '17:25:39', '2015-08-25 17:13:01', '2015-08-25 17:13:01', 0),
	(1473, 87, 'Stage 11', 28.73, '2015-10-18 15:30:00', '17:30:20', '2015-08-25 17:13:01', '2015-08-25 17:13:01', 0),
	(1474, 87, 'Stage 12', 23.52, '2015-10-18 15:45:00', '17:26:43', '2015-08-25 17:13:01', '2015-08-25 17:13:01', 0),
	(1475, 87, 'Stage 13', 13.54, '2015-10-18 16:00:00', '17:20:45', '2015-08-25 17:13:01', '2015-08-25 17:13:01', 0),
	(1476, 87, 'Stage 14', 20.31, '2015-10-18 16:15:00', '17:23:49', '2015-08-25 17:13:01', '2015-08-25 17:13:01', 0),
	(1477, 87, 'Stage 15', 26.27, '2015-10-18 16:30:00', '17:28:53', '2015-08-25 17:13:01', '2015-08-25 17:13:01', 0),
	(1478, 87, 'Stage 16', 9.74, '2015-10-18 16:45:00', '17:18:33', '2015-08-25 17:13:01', '2015-08-25 17:13:01', 0),
	(1479, 87, 'Stage 17', 19.61, '2015-10-18 17:00:00', '17:23:04', '2015-08-25 17:13:01', '2015-08-25 17:13:01', 0),
	(1480, 88, 'Stage 0', 26.39, '2015-10-25 11:15:00', '17:27:28', '2015-08-25 17:13:01', '2015-08-25 17:13:01', 0),
	(1481, 88, 'Stage 1', 24.43, '2015-10-25 11:30:00', '17:25:16', '2015-08-25 17:13:01', '2015-08-25 17:13:01', 0),
	(1482, 88, 'Stage 2', 23.56, '2015-10-25 11:45:00', '17:26:04', '2015-08-25 17:13:01', '2015-08-25 17:13:01', 0),
	(1483, 88, 'Stage 3', 28.85, '2015-10-25 12:00:00', '17:28:51', '2015-08-25 17:13:01', '2015-08-25 17:13:01', 0),
	(1484, 88, 'Stage 4', 10.94, '2015-10-25 12:15:00', '17:18:02', '2015-08-25 17:13:01', '2015-08-25 17:13:01', 0),
	(1485, 88, 'Stage 5', 23.84, '2015-10-25 12:30:00', '17:27:34', '2015-08-25 17:13:01', '2015-08-25 17:13:01', 0),
	(1486, 88, 'Stage 6', 17.67, '2015-10-25 12:45:00', '17:22:37', '2015-08-25 17:13:01', '2015-08-25 17:13:01', 0),
	(1487, 88, 'Stage 7', 20.73, '2015-10-25 13:00:00', '17:25:34', '2015-08-25 17:13:01', '2015-08-25 17:13:01', 0),
	(1488, 88, 'Stage 8', 7.69, '2015-10-25 13:15:00', '17:17:01', '2015-08-25 17:13:01', '2015-08-25 17:13:01', 0),
	(1489, 88, 'Stage 9', 28.48, '2015-10-25 13:30:00', '17:28:13', '2015-08-25 17:13:01', '2015-08-25 17:13:01', 0),
	(1490, 88, 'Stage 10', 10.64, '2015-10-25 13:45:00', '17:18:39', '2015-08-25 17:13:01', '2015-08-25 17:13:01', 0),
	(1491, 88, 'Stage 11', 25.87, '2015-10-25 14:00:00', '17:26:53', '2015-08-25 17:13:01', '2015-08-25 17:13:01', 0),
	(1492, 88, 'Stage 12', 13.02, '2015-10-25 14:15:00', '17:20:03', '2015-08-25 17:13:01', '2015-08-25 17:13:01', 0),
	(1493, 88, 'Stage 13', 23.61, '2015-10-25 14:30:00', '17:26:03', '2015-08-25 17:13:01', '2015-08-25 17:13:01', 0),
	(1494, 88, 'Stage 14', 13.21, '2015-10-25 14:45:00', '17:20:17', '2015-08-25 17:13:01', '2015-08-25 17:13:01', 0),
	(1495, 88, 'Stage 15', 29.72, '2015-10-25 15:00:00', '17:28:45', '2015-08-25 17:13:01', '2015-08-25 17:13:01', 0),
	(1496, 88, 'Stage 16', 7.79, '2015-10-25 15:15:00', '17:17:01', '2015-08-25 17:13:01', '2015-08-25 17:13:01', 0),
	(1497, 88, 'Stage 17', 24.96, '2015-10-25 15:30:00', '17:26:21', '2015-08-25 17:13:01', '2015-08-25 17:13:01', 0),
	(1498, 89, 'Stage 0', 14.01, '2015-11-01 13:15:00', '17:20:37', '2015-08-25 17:13:01', '2015-08-25 17:13:01', 0),
	(1499, 89, 'Stage 1', 23.41, '2015-11-01 13:30:00', '17:25:11', '2015-08-25 17:13:01', '2015-08-25 17:13:01', 0),
	(1500, 89, 'Stage 2', 5.01, '2015-11-01 13:45:00', '17:15:42', '2015-08-25 17:13:01', '2015-08-25 17:13:01', 0),
	(1501, 89, 'Stage 3', 17.73, '2015-11-01 14:00:00', '17:23:44', '2015-08-25 17:13:01', '2015-08-25 17:13:01', 0),
	(1502, 89, 'Stage 4', 3.11, '2015-11-01 14:15:00', '17:14:01', '2015-08-25 17:13:01', '2015-08-25 17:13:01', 0),
	(1503, 89, 'Stage 5', 26.28, '2015-11-01 14:30:00', '17:28:27', '2015-08-25 17:13:01', '2015-08-25 17:13:01', 0),
	(1504, 89, 'Stage 6', 4.41, '2015-11-01 14:45:00', '17:15:01', '2015-08-25 17:13:01', '2015-08-25 17:13:01', 0),
	(1505, 89, 'Stage 7', 20.13, '2015-11-01 15:00:00', '17:23:16', '2015-08-25 17:13:01', '2015-08-25 17:13:01', 0),
	(1506, 89, 'Stage 8', 29.31, '2015-11-01 15:15:00', '17:29:33', '2015-08-25 17:13:01', '2015-08-25 17:13:01', 0),
	(1507, 89, 'Stage 9', 2.73, '2015-11-01 15:30:00', '17:14:01', '2015-08-25 17:13:01', '2015-08-25 17:13:01', 0),
	(1508, 89, 'Stage 10', 25.63, '2015-11-01 15:45:00', '17:26:41', '2015-08-25 17:13:01', '2015-08-25 17:13:01', 0),
	(1509, 89, 'Stage 11', 3.61, '2015-11-01 16:00:00', '17:14:22', '2015-08-25 17:13:01', '2015-08-25 17:13:01', 0),
	(1510, 89, 'Stage 12', 8.81, '2015-11-01 16:15:00', '17:17:26', '2015-08-25 17:13:01', '2015-08-25 17:13:01', 0),
	(1511, 89, 'Stage 13', 18.00, '2015-11-01 16:30:00', '17:23:19', '2015-08-25 17:13:01', '2015-08-25 17:13:01', 0),
	(1512, 89, 'Stage 14', 28.11, '2015-11-01 16:45:00', '17:29:55', '2015-08-25 17:13:01', '2015-08-25 17:13:01', 0),
	(1513, 89, 'Stage 15', 13.53, '2015-11-01 17:00:00', '17:21:01', '2015-08-25 17:13:01', '2015-08-25 17:13:01', 0),
	(1514, 89, 'Stage 16', 15.55, '2015-11-01 17:15:00', '17:21:46', '2015-08-25 17:13:01', '2015-08-25 17:13:01', 0),
	(1515, 89, 'Stage 17', 14.82, '2015-11-01 17:30:00', '17:21:10', '2015-08-25 17:13:01', '2015-08-25 17:13:01', 0),
	(1516, 90, 'Stage 0', 25.81, '2015-11-08 13:00:00', '17:26:59', '2015-08-25 17:13:01', '2015-08-25 17:13:01', 0),
	(1517, 90, 'Stage 1', 11.28, '2015-11-08 13:15:00', '17:19:28', '2015-08-25 17:13:01', '2015-08-25 17:13:01', 0),
	(1518, 90, 'Stage 2', 20.57, '2015-11-08 13:30:00', '17:24:28', '2015-08-25 17:13:01', '2015-08-25 17:13:01', 0),
	(1519, 90, 'Stage 3', 13.78, '2015-11-08 13:45:00', '17:20:09', '2015-08-25 17:13:01', '2015-08-25 17:13:01', 0),
	(1520, 90, 'Stage 4', 9.11, '2015-11-08 14:00:00', '17:17:45', '2015-08-25 17:13:01', '2015-08-25 17:13:01', 0),
	(1521, 90, 'Stage 5', 5.11, '2015-11-08 14:15:00', '17:15:11', '2015-08-25 17:13:01', '2015-08-25 17:13:01', 0),
	(1522, 90, 'Stage 6', 3.95, '2015-11-08 14:30:00', '17:15:01', '2015-08-25 17:13:01', '2015-08-25 17:13:01', 0),
	(1523, 90, 'Stage 7', 24.78, '2015-11-08 14:45:00', '17:26:40', '2015-08-25 17:13:01', '2015-08-25 17:13:01', 0),
	(1524, 90, 'Stage 8', 10.23, '2015-11-08 15:00:00', '17:18:15', '2015-08-25 17:13:01', '2015-08-25 17:13:01', 0),
	(1525, 90, 'Stage 9', 19.87, '2015-11-08 15:15:00', '17:24:31', '2015-08-25 17:13:01', '2015-08-25 17:13:01', 0),
	(1526, 90, 'Stage 10', 3.53, '2015-11-08 15:30:00', '17:14:15', '2015-08-25 17:13:01', '2015-08-25 17:13:01', 0),
	(1527, 90, 'Stage 11', 23.98, '2015-11-08 15:45:00', '17:25:57', '2015-08-25 17:13:01', '2015-08-25 17:13:01', 0),
	(1528, 90, 'Stage 12', 17.27, '2015-11-08 16:00:00', '17:22:41', '2015-08-25 17:13:01', '2015-08-25 17:13:01', 0),
	(1529, 90, 'Stage 13', 25.33, '2015-11-08 16:15:00', '17:26:25', '2015-08-25 17:13:01', '2015-08-25 17:13:01', 0),
	(1530, 90, 'Stage 14', 14.62, '2015-11-08 16:30:00', '17:20:59', '2015-08-25 17:13:01', '2015-08-25 17:13:01', 0),
	(1531, 90, 'Stage 15', 4.93, '2015-11-08 16:45:00', '17:15:04', '2015-08-25 17:13:01', '2015-08-25 17:13:01', 0),
	(1532, 90, 'Stage 16', 15.57, '2015-11-08 17:00:00', '17:21:21', '2015-08-25 17:13:01', '2015-08-25 17:13:01', 0),
	(1533, 90, 'Stage 17', 25.24, '2015-11-08 17:15:00', '17:26:25', '2015-08-25 17:13:01', '2015-08-25 17:13:01', 0),
	(1534, 91, 'Stage 0', 11.56, '2015-11-15 09:30:00', '17:19:36', '2015-08-25 17:13:01', '2015-08-25 17:13:01', 0),
	(1535, 91, 'Stage 1', 8.65, '2015-11-15 09:45:00', '17:17:51', '2015-08-25 17:13:01', '2015-08-25 17:13:01', 0),
	(1536, 91, 'Stage 2', 20.04, '2015-11-15 10:00:00', '17:23:43', '2015-08-25 17:13:01', '2015-08-25 17:13:01', 0),
	(1537, 91, 'Stage 3', 24.74, '2015-11-15 10:15:00', '17:25:41', '2015-08-25 17:13:01', '2015-08-25 17:13:01', 0),
	(1538, 91, 'Stage 4', 8.40, '2015-11-15 10:30:00', '17:17:21', '2015-08-25 17:13:01', '2015-08-25 17:13:01', 0),
	(1539, 91, 'Stage 5', 28.81, '2015-11-15 10:45:00', '17:30:49', '2015-08-25 17:13:01', '2015-08-25 17:13:01', 0),
	(1540, 91, 'Stage 6', 29.90, '2015-11-15 11:00:00', '17:30:03', '2015-08-25 17:13:01', '2015-08-25 17:13:01', 0),
	(1541, 91, 'Stage 7', 26.89, '2015-11-15 11:15:00', '17:28:27', '2015-08-25 17:13:01', '2015-08-25 17:13:01', 0),
	(1542, 91, 'Stage 8', 22.20, '2015-11-15 11:30:00', '17:26:25', '2015-08-25 17:13:01', '2015-08-25 17:13:01', 0),
	(1543, 91, 'Stage 9', 11.96, '2015-11-15 11:45:00', '17:19:02', '2015-08-25 17:13:01', '2015-08-25 17:13:01', 0),
	(1544, 91, 'Stage 10', 20.64, '2015-11-15 12:00:00', '17:25:07', '2015-08-25 17:13:01', '2015-08-25 17:13:01', 0),
	(1545, 91, 'Stage 11', 25.74, '2015-11-15 12:15:00', '17:28:43', '2015-08-25 17:13:01', '2015-08-25 17:13:01', 0),
	(1546, 91, 'Stage 12', 11.43, '2015-11-15 12:30:00', '17:18:37', '2015-08-25 17:13:01', '2015-08-25 17:13:01', 0),
	(1547, 91, 'Stage 13', 10.06, '2015-11-15 12:45:00', '17:18:17', '2015-08-25 17:13:01', '2015-08-25 17:13:01', 0),
	(1548, 91, 'Stage 14', 3.48, '2015-11-15 13:00:00', '17:14:12', '2015-08-25 17:13:01', '2015-08-25 17:13:01', 0),
	(1549, 91, 'Stage 15', 4.63, '2015-11-15 13:15:00', '17:15:01', '2015-08-25 17:13:01', '2015-08-25 17:13:01', 0),
	(1550, 91, 'Stage 16', 21.23, '2015-11-15 13:30:00', '17:24:41', '2015-08-25 17:13:01', '2015-08-25 17:13:01', 0),
	(1551, 91, 'Stage 17', 23.22, '2015-11-15 13:45:00', '17:25:48', '2015-08-25 17:13:01', '2015-08-25 17:13:01', 0),
	(1552, 92, 'Stage 0', 5.72, '2015-08-30 09:30:00', '10:15:28', '2015-08-28 10:13:05', '2015-08-30 09:30:00', 1),
	(1553, 92, 'Stage 1', 23.67, '2015-08-30 09:45:00', '10:25:58', '2015-08-28 10:13:05', '2015-08-30 09:45:00', 1),
	(1554, 92, 'Stage 2', 5.74, '2015-08-30 10:00:00', '10:15:27', '2015-08-28 10:13:05', '2015-08-30 10:00:01', 1),
	(1555, 92, 'Stage 3', 19.07, '2015-08-30 10:15:00', '10:24:59', '2015-08-28 10:13:05', '2015-08-30 10:15:00', 1),
	(1556, 92, 'Stage 4', 23.05, '2015-08-30 10:30:00', '10:26:01', '2015-08-28 10:13:05', '2015-08-30 10:30:02', 1),
	(1557, 92, 'Stage 5', 23.77, '2015-08-30 10:45:00', '10:27:45', '2015-08-28 10:13:05', '2015-08-30 10:45:01', 1),
	(1558, 92, 'Stage 6', 20.89, '2015-08-30 11:00:00', '10:24:37', '2015-08-28 10:13:05', '2015-08-30 11:00:00', 1),
	(1559, 92, 'Stage 7', 11.48, '2015-08-30 11:15:00', '10:19:50', '2015-08-28 10:13:05', '2015-08-30 11:15:01', 1),
	(1560, 92, 'Stage 8', 24.58, '2015-08-30 11:30:00', '10:26:46', '2015-08-28 10:13:05', '2015-08-30 11:30:00', 1),
	(1561, 92, 'Stage 9', 12.77, '2015-08-30 11:45:00', '10:20:38', '2015-08-28 10:13:05', '2015-08-30 11:45:00', 1),
	(1562, 92, 'Stage 10', 17.01, '2015-08-30 12:00:00', '10:21:13', '2015-08-28 10:13:05', '2015-08-30 12:00:00', 1),
	(1563, 92, 'Stage 11', 17.79, '2015-08-30 12:15:00', '10:23:35', '2015-08-28 10:13:05', '2015-08-30 12:15:00', 1),
	(1564, 92, 'Stage 12', 18.35, '2015-08-30 12:30:00', '10:23:50', '2015-08-28 10:13:05', '2015-08-30 12:30:00', 1),
	(1565, 92, 'Stage 13', 3.67, '2015-08-30 12:45:00', '10:14:17', '2015-08-28 10:13:05', '2015-08-30 12:45:00', 1),
	(1566, 92, 'Stage 14', 18.12, '2015-08-30 13:00:00', '10:22:47', '2015-08-28 10:13:05', '2015-08-30 13:00:00', 1),
	(1567, 92, 'Stage 15', 27.30, '2015-08-30 13:15:00', '10:28:07', '2015-08-28 10:13:05', '2015-08-30 13:15:00', 1),
	(1568, 92, 'Stage 16', 9.05, '2015-08-30 13:30:00', '10:17:55', '2015-08-28 10:13:05', '2015-08-30 13:30:01', 1),
	(1569, 92, 'Stage 17', 2.19, '2015-08-30 13:45:00', '10:14:05', '2015-08-28 10:13:05', '2015-08-30 13:45:00', 1),
	(1570, 93, 'Stage 0', 20.83, '2015-09-06 11:45:00', '10:23:52', '2015-08-28 10:13:05', '2015-08-28 10:13:05', 0),
	(1571, 93, 'Stage 1', 28.33, '2015-09-06 12:00:00', '10:29:26', '2015-08-28 10:13:05', '2015-08-28 10:13:05', 0),
	(1572, 93, 'Stage 2', 26.16, '2015-09-06 12:15:00', '10:28:25', '2015-08-28 10:13:05', '2015-08-28 10:13:05', 0),
	(1573, 93, 'Stage 3', 6.52, '2015-09-06 12:30:00', '10:17:03', '2015-08-28 10:13:05', '2015-08-28 10:13:05', 0),
	(1574, 93, 'Stage 4', 19.59, '2015-09-06 12:45:00', '10:23:45', '2015-08-28 10:13:05', '2015-08-28 10:13:05', 0),
	(1575, 93, 'Stage 5', 2.10, '2015-09-06 13:00:00', '10:14:05', '2015-08-28 10:13:05', '2015-08-28 10:13:05', 0),
	(1576, 93, 'Stage 6', 22.30, '2015-09-06 13:15:00', '10:25:15', '2015-08-28 10:13:05', '2015-08-28 10:13:05', 0),
	(1577, 93, 'Stage 7', 13.59, '2015-09-06 13:30:00', '10:20:05', '2015-08-28 10:13:05', '2015-08-28 10:13:05', 0),
	(1578, 93, 'Stage 8', 6.67, '2015-09-06 13:45:00', '10:16:59', '2015-08-28 10:13:05', '2015-08-28 10:13:05', 0),
	(1579, 93, 'Stage 9', 24.78, '2015-09-06 14:00:00', '10:25:35', '2015-08-28 10:13:05', '2015-08-28 10:13:05', 0),
	(1580, 93, 'Stage 10', 10.68, '2015-09-06 14:15:00', '10:18:42', '2015-08-28 10:13:05', '2015-08-28 10:13:05', 0),
	(1581, 93, 'Stage 11', 12.43, '2015-09-06 14:30:00', '10:19:36', '2015-08-28 10:13:05', '2015-08-28 10:13:05', 0),
	(1582, 93, 'Stage 12', 3.94, '2015-09-06 14:45:00', '10:15:05', '2015-08-28 10:13:05', '2015-08-28 10:13:05', 0),
	(1583, 93, 'Stage 13', 6.41, '2015-09-06 15:00:00', '10:16:57', '2015-08-28 10:13:05', '2015-08-28 10:13:05', 0),
	(1584, 93, 'Stage 14', 13.11, '2015-09-06 15:15:00', '10:20:22', '2015-08-28 10:13:05', '2015-08-28 10:13:05', 0),
	(1585, 93, 'Stage 15', 16.17, '2015-09-06 15:30:00', '10:22:57', '2015-08-28 10:13:05', '2015-08-28 10:13:05', 0),
	(1586, 93, 'Stage 16', 23.43, '2015-09-06 15:45:00', '10:25:11', '2015-08-28 10:13:05', '2015-08-28 10:13:05', 0),
	(1587, 93, 'Stage 17', 9.82, '2015-09-06 16:00:00', '10:18:10', '2015-08-28 10:13:05', '2015-08-28 10:13:05', 0),
	(1588, 94, 'Stage 0', 7.18, '2015-09-13 12:30:00', '10:16:51', '2015-08-28 10:13:05', '2015-08-28 10:13:05', 0),
	(1589, 94, 'Stage 1', 27.79, '2015-09-13 12:45:00', '10:29:18', '2015-08-28 10:13:05', '2015-08-28 10:13:05', 0),
	(1590, 94, 'Stage 2', 29.16, '2015-09-13 13:00:00', '10:30:14', '2015-08-28 10:13:05', '2015-08-28 10:13:05', 0),
	(1591, 94, 'Stage 3', 15.17, '2015-09-13 13:15:00', '10:20:08', '2015-08-28 10:13:05', '2015-08-28 10:13:05', 0),
	(1592, 94, 'Stage 4', 26.95, '2015-09-13 13:30:00', '10:29:47', '2015-08-28 10:13:05', '2015-08-28 10:13:05', 0),
	(1593, 94, 'Stage 5', 26.55, '2015-09-13 13:45:00', '10:27:42', '2015-08-28 10:13:05', '2015-08-28 10:13:05', 0),
	(1594, 94, 'Stage 6', 8.25, '2015-09-13 14:00:00', '10:17:08', '2015-08-28 10:13:05', '2015-08-28 10:13:05', 0),
	(1595, 94, 'Stage 7', 19.47, '2015-09-13 14:15:00', '10:23:15', '2015-08-28 10:13:05', '2015-08-28 10:13:05', 0),
	(1596, 94, 'Stage 8', 19.07, '2015-09-13 14:30:00', '10:23:03', '2015-08-28 10:13:05', '2015-08-28 10:13:05', 0),
	(1597, 94, 'Stage 9', 22.67, '2015-09-13 14:45:00', '10:26:25', '2015-08-28 10:13:05', '2015-08-28 10:13:05', 0),
	(1598, 94, 'Stage 10', 9.73, '2015-09-13 15:00:00', '10:18:36', '2015-08-28 10:13:05', '2015-08-28 10:13:05', 0),
	(1599, 94, 'Stage 11', 8.81, '2015-09-13 15:15:00', '10:17:28', '2015-08-28 10:13:05', '2015-08-28 10:13:05', 0),
	(1600, 94, 'Stage 12', 24.85, '2015-09-13 15:30:00', '10:26:43', '2015-08-28 10:13:05', '2015-08-28 10:13:05', 0),
	(1601, 94, 'Stage 13', 3.49, '2015-09-13 15:45:00', '10:14:18', '2015-08-28 10:13:05', '2015-08-28 10:13:05', 0),
	(1602, 94, 'Stage 14', 8.83, '2015-09-13 16:00:00', '10:17:55', '2015-08-28 10:13:05', '2015-08-28 10:13:05', 0),
	(1603, 94, 'Stage 15', 18.20, '2015-09-13 16:15:00', '10:22:51', '2015-08-28 10:13:05', '2015-08-28 10:13:05', 0),
	(1604, 94, 'Stage 16', 8.15, '2015-09-13 16:30:00', '10:17:35', '2015-08-28 10:13:05', '2015-08-28 10:13:05', 0),
	(1605, 94, 'Stage 17', 29.34, '2015-09-13 16:45:00', '10:29:28', '2015-08-28 10:13:05', '2015-08-28 10:13:05', 0),
	(1606, 95, 'Stage 0', 11.99, '2015-09-20 13:30:00', '10:19:47', '2015-08-28 10:13:05', '2015-08-28 10:13:05', 0),
	(1607, 95, 'Stage 1', 28.49, '2015-09-20 13:45:00', '10:29:37', '2015-08-28 10:13:05', '2015-08-28 10:13:05', 0),
	(1608, 95, 'Stage 2', 3.57, '2015-09-20 14:00:00', '10:14:36', '2015-08-28 10:13:05', '2015-08-28 10:13:05', 0),
	(1609, 95, 'Stage 3', 2.15, '2015-09-20 14:15:00', '10:14:05', '2015-08-28 10:13:05', '2015-08-28 10:13:05', 0),
	(1610, 95, 'Stage 4', 26.05, '2015-09-20 14:30:00', '10:28:11', '2015-08-28 10:13:05', '2015-08-28 10:13:05', 0),
	(1611, 95, 'Stage 5', 17.17, '2015-09-20 14:45:00', '10:22:04', '2015-08-28 10:13:05', '2015-08-28 10:13:05', 0),
	(1612, 95, 'Stage 6', 9.51, '2015-09-20 15:00:00', '10:19:01', '2015-08-28 10:13:05', '2015-08-28 10:13:05', 0),
	(1613, 95, 'Stage 7', 4.04, '2015-09-20 15:15:00', '10:15:05', '2015-08-28 10:13:05', '2015-08-28 10:13:05', 0),
	(1614, 95, 'Stage 8', 12.28, '2015-09-20 15:30:00', '10:19:19', '2015-08-28 10:13:05', '2015-08-28 10:13:05', 0),
	(1615, 95, 'Stage 9', 14.96, '2015-09-20 15:45:00', '10:21:29', '2015-08-28 10:13:05', '2015-08-28 10:13:05', 0),
	(1616, 95, 'Stage 10', 26.61, '2015-09-20 16:00:00', '10:26:20', '2015-08-28 10:13:05', '2015-08-28 10:13:05', 0),
	(1617, 95, 'Stage 11', 24.79, '2015-09-20 16:15:00', '10:26:24', '2015-08-28 10:13:05', '2015-08-28 10:13:05', 0),
	(1618, 95, 'Stage 12', 14.97, '2015-09-20 16:30:00', '10:21:40', '2015-08-28 10:13:05', '2015-08-28 10:13:05', 0),
	(1619, 95, 'Stage 13', 26.46, '2015-09-20 16:45:00', '10:27:43', '2015-08-28 10:13:05', '2015-08-28 10:13:05', 0),
	(1620, 95, 'Stage 14', 2.11, '2015-09-20 17:00:00', '10:14:05', '2015-08-28 10:13:05', '2015-08-28 10:13:05', 0),
	(1621, 95, 'Stage 15', 11.50, '2015-09-20 17:15:00', '10:20:05', '2015-08-28 10:13:05', '2015-08-28 10:13:05', 0),
	(1622, 95, 'Stage 16', 4.03, '2015-09-20 17:30:00', '10:15:05', '2015-08-28 10:13:05', '2015-08-28 10:13:05', 0),
	(1623, 95, 'Stage 17', 11.28, '2015-09-20 17:45:00', '10:19:37', '2015-08-28 10:13:05', '2015-08-28 10:13:05', 0),
	(1624, 96, 'Stage 0', 9.99, '2015-09-27 10:15:00', '10:18:14', '2015-08-28 10:13:05', '2015-08-28 10:13:05', 0),
	(1625, 96, 'Stage 1', 23.72, '2015-09-27 10:30:00', '10:26:53', '2015-08-28 10:13:05', '2015-08-28 10:13:05', 0),
	(1626, 96, 'Stage 2', 16.29, '2015-09-27 10:45:00', '10:21:30', '2015-08-28 10:13:05', '2015-08-28 10:13:05', 0),
	(1627, 96, 'Stage 3', 25.28, '2015-09-27 11:00:00', '10:27:16', '2015-08-28 10:13:05', '2015-08-28 10:13:05', 0),
	(1628, 96, 'Stage 4', 15.88, '2015-09-27 11:15:00', '10:21:45', '2015-08-28 10:13:05', '2015-08-28 10:13:05', 0),
	(1629, 96, 'Stage 5', 7.26, '2015-09-27 11:30:00', '10:16:17', '2015-08-28 10:13:05', '2015-08-28 10:13:05', 0),
	(1630, 96, 'Stage 6', 6.01, '2015-09-27 11:45:00', '10:16:05', '2015-08-28 10:13:05', '2015-08-28 10:13:05', 0),
	(1631, 96, 'Stage 7', 26.01, '2015-09-27 12:00:00', '10:26:31', '2015-08-28 10:13:05', '2015-08-28 10:13:05', 0),
	(1632, 96, 'Stage 8', 12.41, '2015-09-27 12:15:00', '10:19:42', '2015-08-28 10:13:05', '2015-08-28 10:13:05', 0),
	(1633, 96, 'Stage 9', 21.21, '2015-09-27 12:30:00', '10:25:39', '2015-08-28 10:13:05', '2015-08-28 10:13:05', 0),
	(1634, 96, 'Stage 10', 27.87, '2015-09-27 12:45:00', '10:27:44', '2015-08-28 10:13:05', '2015-08-28 10:13:05', 0),
	(1635, 96, 'Stage 11', 11.33, '2015-09-27 13:00:00', '10:19:13', '2015-08-28 10:13:05', '2015-08-28 10:13:05', 0),
	(1636, 96, 'Stage 12', 8.77, '2015-09-27 13:15:00', '10:18:03', '2015-08-28 10:13:05', '2015-08-28 10:13:05', 0),
	(1637, 96, 'Stage 13', 26.62, '2015-09-27 13:30:00', '10:27:56', '2015-08-28 10:13:05', '2015-08-28 10:13:05', 0),
	(1638, 96, 'Stage 14', 28.92, '2015-09-27 13:45:00', '10:28:21', '2015-08-28 10:13:05', '2015-08-28 10:13:05', 0),
	(1639, 96, 'Stage 15', 3.11, '2015-09-27 14:00:00', '10:14:05', '2015-08-28 10:13:05', '2015-08-28 10:13:05', 0),
	(1640, 96, 'Stage 16', 6.14, '2015-09-27 14:15:00', '10:16:05', '2015-08-28 10:13:05', '2015-08-28 10:13:05', 0),
	(1641, 96, 'Stage 17', 10.77, '2015-09-27 14:30:00', '10:18:35', '2015-08-28 10:13:05', '2015-08-28 10:13:05', 0),
	(1642, 97, 'Stage 0', 4.15, '2015-10-04 10:45:00', '10:15:05', '2015-08-28 10:13:05', '2015-08-28 10:13:05', 0),
	(1643, 97, 'Stage 1', 17.79, '2015-10-04 11:00:00', '10:22:26', '2015-08-28 10:13:05', '2015-08-28 10:13:05', 0),
	(1644, 97, 'Stage 2', 24.68, '2015-10-04 11:15:00', '10:25:31', '2015-08-28 10:13:05', '2015-08-28 10:13:05', 0),
	(1645, 97, 'Stage 3', 7.98, '2015-10-04 11:30:00', '10:17:18', '2015-08-28 10:13:05', '2015-08-28 10:13:05', 0),
	(1646, 97, 'Stage 4', 5.56, '2015-10-04 11:45:00', '10:15:27', '2015-08-28 10:13:05', '2015-08-28 10:13:05', 0),
	(1647, 97, 'Stage 5', 7.06, '2015-10-04 12:00:00', '10:16:35', '2015-08-28 10:13:05', '2015-08-28 10:13:05', 0),
	(1648, 97, 'Stage 6', 13.02, '2015-10-04 12:15:00', '10:20:32', '2015-08-28 10:13:05', '2015-08-28 10:13:05', 0),
	(1649, 97, 'Stage 7', 26.06, '2015-10-04 12:30:00', '10:28:57', '2015-08-28 10:13:05', '2015-08-28 10:13:05', 0),
	(1650, 97, 'Stage 8', 10.59, '2015-10-04 12:45:00', '10:18:55', '2015-08-28 10:13:05', '2015-08-28 10:13:05', 0),
	(1651, 97, 'Stage 9', 19.60, '2015-10-04 13:00:00', '10:23:05', '2015-08-28 10:13:05', '2015-08-28 10:13:05', 0),
	(1652, 97, 'Stage 10', 29.58, '2015-10-04 13:15:00', '10:29:32', '2015-08-28 10:13:05', '2015-08-28 10:13:05', 0),
	(1653, 97, 'Stage 11', 27.84, '2015-10-04 13:30:00', '10:28:34', '2015-08-28 10:13:05', '2015-08-28 10:13:05', 0),
	(1654, 97, 'Stage 12', 3.45, '2015-10-04 13:45:00', '10:14:50', '2015-08-28 10:13:05', '2015-08-28 10:13:05', 0),
	(1655, 97, 'Stage 13', 8.54, '2015-10-04 14:00:00', '10:17:18', '2015-08-28 10:13:05', '2015-08-28 10:13:05', 0),
	(1656, 97, 'Stage 14', 25.41, '2015-10-04 14:15:00', '10:27:52', '2015-08-28 10:13:05', '2015-08-28 10:13:05', 0),
	(1657, 97, 'Stage 15', 21.59, '2015-10-04 14:30:00', '10:25:22', '2015-08-28 10:13:05', '2015-08-28 10:13:05', 0),
	(1658, 97, 'Stage 16', 19.36, '2015-10-04 14:45:00', '10:24:27', '2015-08-28 10:13:05', '2015-08-28 10:13:05', 0),
	(1659, 97, 'Stage 17', 25.85, '2015-10-04 15:00:00', '10:27:44', '2015-08-28 10:13:05', '2015-08-28 10:13:05', 0),
	(1660, 98, 'Stage 0', 29.57, '2015-10-11 10:00:00', '10:28:12', '2015-08-28 10:13:05', '2015-08-28 10:13:05', 0),
	(1661, 98, 'Stage 1', 11.24, '2015-10-11 10:15:00', '10:18:06', '2015-08-28 10:13:05', '2015-08-28 10:13:05', 0),
	(1662, 98, 'Stage 2', 13.09, '2015-10-11 10:30:00', '10:20:53', '2015-08-28 10:13:05', '2015-08-28 10:13:05', 0),
	(1663, 98, 'Stage 3', 4.24, '2015-10-11 10:45:00', '10:15:05', '2015-08-28 10:13:05', '2015-08-28 10:13:05', 0),
	(1664, 98, 'Stage 4', 9.03, '2015-10-11 11:00:00', '10:17:40', '2015-08-28 10:13:05', '2015-08-28 10:13:05', 0),
	(1665, 98, 'Stage 5', 16.01, '2015-10-11 11:15:00', '10:22:36', '2015-08-28 10:13:05', '2015-08-28 10:13:05', 0),
	(1666, 98, 'Stage 6', 6.44, '2015-10-11 11:30:00', '10:16:59', '2015-08-28 10:13:05', '2015-08-28 10:13:05', 0),
	(1667, 98, 'Stage 7', 23.53, '2015-10-11 11:45:00', '10:26:09', '2015-08-28 10:13:05', '2015-08-28 10:13:05', 0),
	(1668, 98, 'Stage 8', 17.44, '2015-10-11 12:00:00', '10:23:34', '2015-08-28 10:13:05', '2015-08-28 10:13:05', 0),
	(1669, 98, 'Stage 9', 4.80, '2015-10-11 12:15:00', '10:15:48', '2015-08-28 10:13:05', '2015-08-28 10:13:05', 0),
	(1670, 98, 'Stage 10', 16.41, '2015-10-11 12:30:00', '10:21:16', '2015-08-28 10:13:05', '2015-08-28 10:13:05', 0),
	(1671, 98, 'Stage 11', 7.51, '2015-10-11 12:45:00', '10:16:44', '2015-08-28 10:13:05', '2015-08-28 10:13:05', 0),
	(1672, 98, 'Stage 12', 7.43, '2015-10-11 13:00:00', '10:16:21', '2015-08-28 10:13:05', '2015-08-28 10:13:05', 0),
	(1673, 98, 'Stage 13', 2.24, '2015-10-11 13:15:00', '10:14:05', '2015-08-28 10:13:05', '2015-08-28 10:13:05', 0),
	(1674, 98, 'Stage 14', 21.49, '2015-10-11 13:30:00', '10:25:39', '2015-08-28 10:13:05', '2015-08-28 10:13:05', 0),
	(1675, 98, 'Stage 15', 22.15, '2015-10-11 13:45:00', '10:24:32', '2015-08-28 10:13:05', '2015-08-28 10:13:05', 0),
	(1676, 98, 'Stage 16', 8.57, '2015-10-11 14:00:00', '10:17:40', '2015-08-28 10:13:05', '2015-08-28 10:13:05', 0),
	(1677, 98, 'Stage 17', 22.44, '2015-10-11 14:15:00', '10:26:21', '2015-08-28 10:13:05', '2015-08-28 10:13:05', 0),
	(1678, 99, 'Stage 0', 3.34, '2015-10-18 13:30:00', '10:14:07', '2015-08-28 10:13:05', '2015-08-28 10:13:05', 0),
	(1679, 99, 'Stage 1', 19.70, '2015-10-18 13:45:00', '10:24:47', '2015-08-28 10:13:05', '2015-08-28 10:13:05', 0),
	(1680, 99, 'Stage 2', 7.22, '2015-10-18 14:00:00', '10:17:00', '2015-08-28 10:13:05', '2015-08-28 10:13:05', 0),
	(1681, 99, 'Stage 3', 7.78, '2015-10-18 14:15:00', '10:17:05', '2015-08-28 10:13:05', '2015-08-28 10:13:05', 0),
	(1682, 99, 'Stage 4', 28.89, '2015-10-18 14:30:00', '10:30:26', '2015-08-28 10:13:05', '2015-08-28 10:13:05', 0),
	(1683, 99, 'Stage 5', 23.38, '2015-10-18 14:45:00', '10:25:08', '2015-08-28 10:13:05', '2015-08-28 10:13:05', 0),
	(1684, 99, 'Stage 6', 26.62, '2015-10-18 15:00:00', '10:27:27', '2015-08-28 10:13:05', '2015-08-28 10:13:05', 0),
	(1685, 99, 'Stage 7', 18.78, '2015-10-18 15:15:00', '10:22:17', '2015-08-28 10:13:05', '2015-08-28 10:13:05', 0),
	(1686, 99, 'Stage 8', 29.58, '2015-10-18 15:30:00', '10:31:05', '2015-08-28 10:13:05', '2015-08-28 10:13:05', 0),
	(1687, 99, 'Stage 9', 28.47, '2015-10-18 15:45:00', '10:27:08', '2015-08-28 10:13:05', '2015-08-28 10:13:05', 0),
	(1688, 99, 'Stage 10', 27.52, '2015-10-18 16:00:00', '10:27:08', '2015-08-28 10:13:05', '2015-08-28 10:13:05', 0),
	(1689, 99, 'Stage 11', 16.88, '2015-10-18 16:15:00', '10:22:43', '2015-08-28 10:13:05', '2015-08-28 10:13:05', 0),
	(1690, 99, 'Stage 12', 5.36, '2015-10-18 16:30:00', '10:15:16', '2015-08-28 10:13:05', '2015-08-28 10:13:05', 0),
	(1691, 99, 'Stage 13', 12.54, '2015-10-18 16:45:00', '10:19:06', '2015-08-28 10:13:05', '2015-08-28 10:13:05', 0),
	(1692, 99, 'Stage 14', 25.50, '2015-10-18 17:00:00', '10:27:55', '2015-08-28 10:13:05', '2015-08-28 10:13:05', 0),
	(1693, 99, 'Stage 15', 16.82, '2015-10-18 17:15:00', '10:21:09', '2015-08-28 10:13:05', '2015-08-28 10:13:05', 0),
	(1694, 99, 'Stage 16', 5.49, '2015-10-18 17:30:00', '10:15:06', '2015-08-28 10:13:05', '2015-08-28 10:13:05', 0),
	(1695, 99, 'Stage 17', 3.00, '2015-10-18 17:45:00', '10:14:05', '2015-08-28 10:13:05', '2015-08-28 10:13:05', 0),
	(1696, 100, 'Stage 0', 26.86, '2015-10-25 13:30:00', '10:27:10', '2015-08-28 10:13:05', '2015-08-28 10:13:05', 0),
	(1697, 100, 'Stage 1', 21.28, '2015-10-25 13:45:00', '10:24:14', '2015-08-28 10:13:05', '2015-08-28 10:13:05', 0),
	(1698, 100, 'Stage 2', 4.20, '2015-10-25 14:00:00', '10:15:05', '2015-08-28 10:13:05', '2015-08-28 10:13:05', 0),
	(1699, 100, 'Stage 3', 3.58, '2015-10-25 14:15:00', '10:14:32', '2015-08-28 10:13:05', '2015-08-28 10:13:05', 0),
	(1700, 100, 'Stage 4', 2.37, '2015-10-25 14:30:00', '10:14:05', '2015-08-28 10:13:05', '2015-08-28 10:13:05', 0),
	(1701, 100, 'Stage 5', 10.67, '2015-10-25 14:45:00', '10:18:28', '2015-08-28 10:13:05', '2015-08-28 10:13:05', 0),
	(1702, 100, 'Stage 6', 28.94, '2015-10-25 15:00:00', '10:28:43', '2015-08-28 10:13:05', '2015-08-28 10:13:05', 0),
	(1703, 100, 'Stage 7', 21.04, '2015-10-25 15:15:00', '10:23:48', '2015-08-28 10:13:05', '2015-08-28 10:13:05', 0),
	(1704, 100, 'Stage 8', 18.09, '2015-10-25 15:30:00', '10:22:34', '2015-08-28 10:13:05', '2015-08-28 10:13:05', 0),
	(1705, 100, 'Stage 9', 27.53, '2015-10-25 15:45:00', '10:27:15', '2015-08-28 10:13:05', '2015-08-28 10:13:05', 0),
	(1706, 100, 'Stage 10', 4.93, '2015-10-25 16:00:00', '10:15:45', '2015-08-28 10:13:05', '2015-08-28 10:13:05', 0),
	(1707, 100, 'Stage 11', 13.43, '2015-10-25 16:15:00', '10:20:26', '2015-08-28 10:13:05', '2015-08-28 10:13:05', 0),
	(1708, 100, 'Stage 12', 20.26, '2015-10-25 16:30:00', '10:24:32', '2015-08-28 10:13:05', '2015-08-28 10:13:05', 0),
	(1709, 100, 'Stage 13', 20.11, '2015-10-25 16:45:00', '10:24:22', '2015-08-28 10:13:05', '2015-08-28 10:13:05', 0),
	(1710, 100, 'Stage 14', 15.45, '2015-10-25 17:00:00', '10:21:20', '2015-08-28 10:13:05', '2015-08-28 10:13:05', 0),
	(1711, 100, 'Stage 15', 2.52, '2015-10-25 17:15:00', '10:14:05', '2015-08-28 10:13:05', '2015-08-28 10:13:05', 0),
	(1712, 100, 'Stage 16', 24.83, '2015-10-25 17:30:00', '10:25:34', '2015-08-28 10:13:05', '2015-08-28 10:13:05', 0),
	(1713, 100, 'Stage 17', 28.34, '2015-10-25 17:45:00', '10:29:10', '2015-08-28 10:13:05', '2015-08-28 10:13:05', 0),
	(1714, 101, 'Stage 0', 7.55, '2015-11-01 12:45:00', '10:16:18', '2015-08-28 10:13:05', '2015-08-28 10:13:05', 0),
	(1715, 101, 'Stage 1', 29.25, '2015-11-01 13:00:00', '10:30:56', '2015-08-28 10:13:05', '2015-08-28 10:13:05', 0),
	(1716, 101, 'Stage 2', 9.35, '2015-11-01 13:15:00', '10:18:01', '2015-08-28 10:13:05', '2015-08-28 10:13:05', 0),
	(1717, 101, 'Stage 3', 3.35, '2015-11-01 13:30:00', '10:14:35', '2015-08-28 10:13:05', '2015-08-28 10:13:05', 0),
	(1718, 101, 'Stage 4', 17.47, '2015-11-01 13:45:00', '10:22:33', '2015-08-28 10:13:05', '2015-08-28 10:13:05', 0),
	(1719, 101, 'Stage 5', 18.97, '2015-11-01 14:00:00', '10:22:34', '2015-08-28 10:13:05', '2015-08-28 10:13:05', 0),
	(1720, 101, 'Stage 6', 11.48, '2015-11-01 14:15:00', '10:18:26', '2015-08-28 10:13:05', '2015-08-28 10:13:05', 0),
	(1721, 101, 'Stage 7', 18.70, '2015-11-01 14:30:00', '10:23:09', '2015-08-28 10:13:05', '2015-08-28 10:13:05', 0),
	(1722, 101, 'Stage 8', 17.74, '2015-11-01 14:45:00', '10:22:53', '2015-08-28 10:13:05', '2015-08-28 10:13:05', 0),
	(1723, 101, 'Stage 9', 14.97, '2015-11-01 15:00:00', '10:22:02', '2015-08-28 10:13:05', '2015-08-28 10:13:05', 0),
	(1724, 101, 'Stage 10', 13.00, '2015-11-01 15:15:00', '10:19:59', '2015-08-28 10:13:05', '2015-08-28 10:13:05', 0),
	(1725, 101, 'Stage 11', 5.49, '2015-11-01 15:30:00', '10:15:09', '2015-08-28 10:13:05', '2015-08-28 10:13:05', 0),
	(1726, 101, 'Stage 12', 17.50, '2015-11-01 15:45:00', '10:22:05', '2015-08-28 10:13:05', '2015-08-28 10:13:05', 0),
	(1727, 101, 'Stage 13', 6.30, '2015-11-01 16:00:00', '10:16:05', '2015-08-28 10:13:05', '2015-08-28 10:13:05', 0),
	(1728, 101, 'Stage 14', 10.66, '2015-11-01 16:15:00', '10:19:04', '2015-08-28 10:13:05', '2015-08-28 10:13:05', 0),
	(1729, 101, 'Stage 15', 28.50, '2015-11-01 16:30:00', '10:28:33', '2015-08-28 10:13:05', '2015-08-28 10:13:05', 0),
	(1730, 101, 'Stage 16', 28.93, '2015-11-01 16:45:00', '10:30:19', '2015-08-28 10:13:05', '2015-08-28 10:13:05', 0),
	(1731, 101, 'Stage 17', 25.19, '2015-11-01 17:00:00', '10:27:07', '2015-08-28 10:13:05', '2015-08-28 10:13:05', 0),
	(1732, 102, 'Stage 0', 20.43, '2015-11-08 08:15:00', '10:23:37', '2015-08-28 10:13:05', '2015-08-28 10:13:05', 0),
	(1733, 102, 'Stage 1', 13.82, '2015-11-08 08:30:00', '10:20:25', '2015-08-28 10:13:05', '2015-08-28 10:13:05', 0),
	(1734, 102, 'Stage 2', 10.82, '2015-11-08 08:45:00', '10:18:32', '2015-08-28 10:13:05', '2015-08-28 10:13:05', 0),
	(1735, 102, 'Stage 3', 16.85, '2015-11-08 09:00:00', '10:21:20', '2015-08-28 10:13:05', '2015-08-28 10:13:05', 0),
	(1736, 102, 'Stage 4', 27.08, '2015-11-08 09:15:00', '10:29:16', '2015-08-28 10:13:05', '2015-08-28 10:13:05', 0),
	(1737, 102, 'Stage 5', 9.15, '2015-11-08 09:30:00', '10:17:26', '2015-08-28 10:13:05', '2015-08-28 10:13:05', 0),
	(1738, 102, 'Stage 6', 15.58, '2015-11-08 09:45:00', '10:21:26', '2015-08-28 10:13:05', '2015-08-28 10:13:05', 0),
	(1739, 102, 'Stage 7', 4.41, '2015-11-08 10:00:00', '10:15:05', '2015-08-28 10:13:05', '2015-08-28 10:13:05', 0),
	(1740, 102, 'Stage 8', 21.15, '2015-11-08 10:15:00', '10:25:23', '2015-08-28 10:13:05', '2015-08-28 10:13:05', 0),
	(1741, 102, 'Stage 9', 11.81, '2015-11-08 10:30:00', '10:19:17', '2015-08-28 10:13:05', '2015-08-28 10:13:05', 0),
	(1742, 102, 'Stage 10', 25.01, '2015-11-08 10:45:00', '10:27:49', '2015-08-28 10:13:05', '2015-08-28 10:13:05', 0),
	(1743, 102, 'Stage 11', 28.56, '2015-11-08 11:00:00', '10:29:53', '2015-08-28 10:13:05', '2015-08-28 10:13:05', 0),
	(1744, 102, 'Stage 12', 7.03, '2015-11-08 11:15:00', '10:16:37', '2015-08-28 10:13:05', '2015-08-28 10:13:05', 0),
	(1745, 102, 'Stage 13', 21.69, '2015-11-08 11:30:00', '10:25:25', '2015-08-28 10:13:05', '2015-08-28 10:13:05', 0),
	(1746, 102, 'Stage 14', 7.82, '2015-11-08 11:45:00', '10:17:05', '2015-08-28 10:13:05', '2015-08-28 10:13:05', 0),
	(1747, 102, 'Stage 15', 8.84, '2015-11-08 12:00:00', '10:17:41', '2015-08-28 10:13:05', '2015-08-28 10:13:05', 0),
	(1748, 102, 'Stage 16', 7.88, '2015-11-08 12:15:00', '10:17:05', '2015-08-28 10:13:05', '2015-08-28 10:13:05', 0),
	(1749, 102, 'Stage 17', 27.96, '2015-11-08 12:30:00', '10:28:31', '2015-08-28 10:13:05', '2015-08-28 10:13:05', 0),
	(1750, 103, 'Stage 0', 20.54, '2015-11-15 14:45:00', '10:24:13', '2015-08-28 10:13:05', '2015-08-28 10:13:05', 0),
	(1751, 103, 'Stage 1', 15.80, '2015-11-15 15:00:00', '10:21:08', '2015-08-28 10:13:05', '2015-08-28 10:13:05', 0),
	(1752, 103, 'Stage 2', 14.33, '2015-11-15 15:15:00', '10:21:40', '2015-08-28 10:13:05', '2015-08-28 10:13:05', 0),
	(1753, 103, 'Stage 3', 5.94, '2015-11-15 15:30:00', '10:16:05', '2015-08-28 10:13:05', '2015-08-28 10:13:05', 0),
	(1754, 103, 'Stage 4', 19.49, '2015-11-15 15:45:00', '10:24:41', '2015-08-28 10:13:05', '2015-08-28 10:13:05', 0),
	(1755, 103, 'Stage 5', 18.12, '2015-11-15 16:00:00', '10:23:47', '2015-08-28 10:13:05', '2015-08-28 10:13:05', 0),
	(1756, 103, 'Stage 6', 19.08, '2015-11-15 16:15:00', '10:24:07', '2015-08-28 10:13:05', '2015-08-28 10:13:05', 0),
	(1757, 103, 'Stage 7', 15.66, '2015-11-15 16:30:00', '10:22:02', '2015-08-28 10:13:05', '2015-08-28 10:13:05', 0),
	(1758, 103, 'Stage 8', 12.78, '2015-11-15 16:45:00', '10:20:39', '2015-08-28 10:13:05', '2015-08-28 10:13:05', 0),
	(1759, 103, 'Stage 9', 4.78, '2015-11-15 17:00:00', '10:15:21', '2015-08-28 10:13:05', '2015-08-28 10:13:05', 0),
	(1760, 103, 'Stage 10', 12.06, '2015-11-15 17:15:00', '10:19:20', '2015-08-28 10:13:05', '2015-08-28 10:13:05', 0),
	(1761, 103, 'Stage 11', 18.88, '2015-11-15 17:30:00', '10:23:19', '2015-08-28 10:13:05', '2015-08-28 10:13:05', 0),
	(1762, 103, 'Stage 12', 14.18, '2015-11-15 17:45:00', '10:20:14', '2015-08-28 10:13:05', '2015-08-28 10:13:05', 0),
	(1763, 103, 'Stage 13', 20.61, '2015-11-15 18:00:00', '10:25:48', '2015-08-28 10:13:05', '2015-08-28 10:13:05', 0),
	(1764, 103, 'Stage 14', 26.96, '2015-11-15 18:15:00', '10:27:55', '2015-08-28 10:13:05', '2015-08-28 10:13:05', 0),
	(1765, 103, 'Stage 15', 13.84, '2015-11-15 18:30:00', '10:20:32', '2015-08-28 10:13:05', '2015-08-28 10:13:05', 0),
	(1766, 103, 'Stage 16', 25.47, '2015-11-15 18:45:00', '10:26:17', '2015-08-28 10:13:05', '2015-08-28 10:13:05', 0),
	(1767, 103, 'Stage 17', 3.67, '2015-11-15 19:00:00', '10:14:40', '2015-08-28 10:13:05', '2015-08-28 10:13:05', 0),
	(1768, 104, 'Stage 0', 10.83, '2015-08-30 14:15:00', '09:24:29', '2015-08-30 09:19:23', '2015-08-30 14:15:00', 1),
	(1769, 104, 'Stage 1', 25.57, '2015-08-30 14:30:00', '09:34:27', '2015-08-30 09:19:23', '2015-08-30 14:30:00', 1),
	(1770, 104, 'Stage 2', 10.89, '2015-08-30 14:45:00', '09:25:06', '2015-08-30 09:19:23', '2015-08-30 14:45:01', 1),
	(1771, 104, 'Stage 3', 19.18, '2015-08-30 15:00:00', '09:29:34', '2015-08-30 09:19:23', '2015-08-30 15:00:01', 1),
	(1772, 104, 'Stage 4', 5.13, '2015-08-30 15:15:00', '09:22:06', '2015-08-30 09:19:23', '2015-08-30 15:15:01', 1),
	(1773, 104, 'Stage 5', 7.51, '2015-08-30 15:30:00', '09:22:38', '2015-08-30 09:19:23', '2015-08-30 15:30:00', 1),
	(1774, 104, 'Stage 6', 27.89, '2015-08-30 15:45:00', '09:36:11', '2015-08-30 09:19:23', '2015-08-30 15:45:00', 1),
	(1775, 104, 'Stage 7', 21.19, '2015-08-30 16:00:00', '09:31:44', '2015-08-30 09:19:23', '2015-08-30 16:00:00', 1),
	(1776, 104, 'Stage 8', 25.20, '2015-08-30 16:15:00', '09:33:39', '2015-08-30 09:19:23', '2015-08-30 16:15:00', 1),
	(1777, 104, 'Stage 9', 24.83, '2015-08-30 16:30:00', '09:32:52', '2015-08-30 09:19:23', '2015-08-30 16:30:01', 1),
	(1778, 104, 'Stage 10', 25.79, '2015-08-30 16:45:00', '09:33:25', '2015-08-30 09:19:23', '2015-08-30 16:45:00', 1),
	(1779, 104, 'Stage 11', 3.10, '2015-08-30 17:00:00', '09:20:23', '2015-08-30 09:19:23', '2015-08-30 17:00:01', 1),
	(1780, 104, 'Stage 12', 23.59, '2015-08-30 17:15:00', '09:31:37', '2015-08-30 09:19:23', '2015-08-30 17:15:00', 1),
	(1781, 104, 'Stage 13', 18.20, '2015-08-30 17:30:00', '09:28:37', '2015-08-30 09:19:23', '2015-08-30 17:30:00', 1),
	(1782, 104, 'Stage 14', 28.80, '2015-08-30 17:45:00', '09:34:27', '2015-08-30 09:19:23', '2015-08-30 17:45:00', 1),
	(1783, 104, 'Stage 15', 10.45, '2015-08-30 18:00:00', '09:24:44', '2015-08-30 09:19:23', '2015-08-30 18:00:00', 1),
	(1784, 104, 'Stage 16', 25.39, '2015-08-30 18:15:00', '09:34:51', '2015-08-30 09:19:23', '2015-08-30 18:15:00', 1),
	(1785, 104, 'Stage 17', 18.46, '2015-08-30 18:30:00', '09:29:20', '2015-08-30 09:19:23', '2015-08-30 18:30:01', 1),
	(1786, 105, 'Stage 0', 15.45, '2015-09-06 10:30:00', '09:27:31', '2015-08-30 09:19:23', '2015-08-30 09:19:23', 0),
	(1787, 105, 'Stage 1', 3.79, '2015-09-06 10:45:00', '09:20:57', '2015-08-30 09:19:23', '2015-08-30 09:19:23', 0),
	(1788, 105, 'Stage 2', 13.11, '2015-09-06 11:00:00', '09:26:36', '2015-08-30 09:19:23', '2015-08-30 09:19:23', 0),
	(1789, 105, 'Stage 3', 17.53, '2015-09-06 11:15:00', '09:29:38', '2015-08-30 09:19:23', '2015-08-30 09:19:23', 0),
	(1790, 105, 'Stage 4', 29.35, '2015-09-06 11:30:00', '09:36:40', '2015-08-30 09:19:23', '2015-08-30 09:19:23', 0),
	(1791, 105, 'Stage 5', 23.68, '2015-09-06 11:45:00', '09:31:33', '2015-08-30 09:19:23', '2015-08-30 09:19:23', 0),
	(1792, 105, 'Stage 6', 23.63, '2015-09-06 12:00:00', '09:31:34', '2015-08-30 09:19:23', '2015-08-30 09:19:23', 0),
	(1793, 105, 'Stage 7', 28.53, '2015-09-06 12:15:00', '09:35:06', '2015-08-30 09:19:23', '2015-08-30 09:19:23', 0),
	(1794, 105, 'Stage 8', 9.17, '2015-09-06 12:30:00', '09:24:20', '2015-08-30 09:19:23', '2015-08-30 09:19:23', 0),
	(1795, 105, 'Stage 9', 18.45, '2015-09-06 12:45:00', '09:29:06', '2015-08-30 09:19:23', '2015-08-30 09:19:23', 0),
	(1796, 105, 'Stage 10', 23.51, '2015-09-06 13:00:00', '09:32:51', '2015-08-30 09:19:23', '2015-08-30 09:19:23', 0),
	(1797, 105, 'Stage 11', 25.64, '2015-09-06 13:15:00', '09:35:19', '2015-08-30 09:19:23', '2015-08-30 09:19:23', 0),
	(1798, 105, 'Stage 12', 23.94, '2015-09-06 13:30:00', '09:31:33', '2015-08-30 09:19:23', '2015-08-30 09:19:23', 0),
	(1799, 105, 'Stage 13', 16.07, '2015-09-06 13:45:00', '09:28:35', '2015-08-30 09:19:23', '2015-08-30 09:19:23', 0),
	(1800, 105, 'Stage 14', 28.53, '2015-09-06 14:00:00', '09:35:20', '2015-08-30 09:19:23', '2015-08-30 09:19:23', 0),
	(1801, 105, 'Stage 15', 7.55, '2015-09-06 14:15:00', '09:23:13', '2015-08-30 09:19:23', '2015-08-30 09:19:23', 0),
	(1802, 105, 'Stage 16', 18.02, '2015-09-06 14:30:00', '09:29:51', '2015-08-30 09:19:23', '2015-08-30 09:19:23', 0),
	(1803, 105, 'Stage 17', 29.40, '2015-09-06 14:45:00', '09:34:49', '2015-08-30 09:19:23', '2015-08-30 09:19:23', 0),
	(1804, 106, 'Stage 0', 8.90, '2015-09-13 10:00:00', '09:23:26', '2015-08-30 09:19:23', '2015-08-30 09:19:23', 0),
	(1805, 106, 'Stage 1', 15.83, '2015-09-13 10:15:00', '09:27:31', '2015-08-30 09:19:23', '2015-08-30 09:19:23', 0),
	(1806, 106, 'Stage 2', 25.67, '2015-09-13 10:30:00', '09:33:10', '2015-08-30 09:19:23', '2015-08-30 09:19:23', 0),
	(1807, 106, 'Stage 3', 26.98, '2015-09-13 10:45:00', '09:35:07', '2015-08-30 09:19:23', '2015-08-30 09:19:23', 0),
	(1808, 106, 'Stage 4', 27.56, '2015-09-13 11:00:00', '09:33:24', '2015-08-30 09:19:23', '2015-08-30 09:19:23', 0),
	(1809, 106, 'Stage 5', 12.62, '2015-09-13 11:15:00', '09:25:32', '2015-08-30 09:19:23', '2015-08-30 09:19:23', 0),
	(1810, 106, 'Stage 6', 18.21, '2015-09-13 11:30:00', '09:30:14', '2015-08-30 09:19:23', '2015-08-30 09:19:23', 0),
	(1811, 106, 'Stage 7', 8.48, '2015-09-13 11:45:00', '09:23:46', '2015-08-30 09:19:23', '2015-08-30 09:19:23', 0),
	(1812, 106, 'Stage 8', 20.94, '2015-09-13 12:00:00', '09:31:56', '2015-08-30 09:19:23', '2015-08-30 09:19:23', 0),
	(1813, 106, 'Stage 9', 29.14, '2015-09-13 12:15:00', '09:35:40', '2015-08-30 09:19:23', '2015-08-30 09:19:23', 0),
	(1814, 106, 'Stage 10', 28.13, '2015-09-13 12:30:00', '09:35:31', '2015-08-30 09:19:23', '2015-08-30 09:19:23', 0),
	(1815, 106, 'Stage 11', 7.47, '2015-09-13 12:45:00', '09:23:10', '2015-08-30 09:19:23', '2015-08-30 09:19:23', 0),
	(1816, 106, 'Stage 12', 10.88, '2015-09-13 13:00:00', '09:24:56', '2015-08-30 09:19:23', '2015-08-30 09:19:23', 0),
	(1817, 106, 'Stage 13', 5.17, '2015-09-13 13:15:00', '09:21:30', '2015-08-30 09:19:23', '2015-08-30 09:19:23', 0),
	(1818, 106, 'Stage 14', 27.80, '2015-09-13 13:30:00', '09:34:15', '2015-08-30 09:19:23', '2015-08-30 09:19:23', 0),
	(1819, 106, 'Stage 15', 6.17, '2015-09-13 13:45:00', '09:22:23', '2015-08-30 09:19:23', '2015-08-30 09:19:23', 0),
	(1820, 106, 'Stage 16', 5.57, '2015-09-13 14:00:00', '09:22:22', '2015-08-30 09:19:23', '2015-08-30 09:19:23', 0),
	(1821, 106, 'Stage 17', 25.45, '2015-09-13 14:15:00', '09:35:15', '2015-08-30 09:19:23', '2015-08-30 09:19:23', 0),
	(1822, 107, 'Stage 0', 16.22, '2015-09-20 11:00:00', '09:29:04', '2015-08-30 09:19:23', '2015-08-30 09:19:23', 0),
	(1823, 107, 'Stage 1', 18.88, '2015-09-20 11:15:00', '09:30:23', '2015-08-30 09:19:23', '2015-08-30 09:19:23', 0),
	(1824, 107, 'Stage 2', 20.22, '2015-09-20 11:30:00', '09:30:46', '2015-08-30 09:19:23', '2015-08-30 09:19:23', 0),
	(1825, 107, 'Stage 3', 10.91, '2015-09-20 11:45:00', '09:24:35', '2015-08-30 09:19:23', '2015-08-30 09:19:23', 0),
	(1826, 107, 'Stage 4', 7.62, '2015-09-20 12:00:00', '09:22:41', '2015-08-30 09:19:23', '2015-08-30 09:19:23', 0),
	(1827, 107, 'Stage 5', 23.75, '2015-09-20 12:15:00', '09:32:34', '2015-08-30 09:19:23', '2015-08-30 09:19:23', 0),
	(1828, 107, 'Stage 6', 14.63, '2015-09-20 12:30:00', '09:27:14', '2015-08-30 09:19:23', '2015-08-30 09:19:23', 0),
	(1829, 107, 'Stage 7', 20.36, '2015-09-20 12:45:00', '09:29:58', '2015-08-30 09:19:23', '2015-08-30 09:19:23', 0),
	(1830, 107, 'Stage 8', 23.92, '2015-09-20 13:00:00', '09:33:19', '2015-08-30 09:19:23', '2015-08-30 09:19:23', 0),
	(1831, 107, 'Stage 9', 14.65, '2015-09-20 13:15:00', '09:27:42', '2015-08-30 09:19:23', '2015-08-30 09:19:23', 0),
	(1832, 107, 'Stage 10', 4.19, '2015-09-20 13:30:00', '09:21:23', '2015-08-30 09:19:23', '2015-08-30 09:19:23', 0),
	(1833, 107, 'Stage 11', 24.17, '2015-09-20 13:45:00', '09:33:07', '2015-08-30 09:19:23', '2015-08-30 09:19:23', 0),
	(1834, 107, 'Stage 12', 9.99, '2015-09-20 14:00:00', '09:24:40', '2015-08-30 09:19:23', '2015-08-30 09:19:23', 0),
	(1835, 107, 'Stage 13', 27.79, '2015-09-20 14:15:00', '09:36:03', '2015-08-30 09:19:23', '2015-08-30 09:19:23', 0),
	(1836, 107, 'Stage 14', 23.56, '2015-09-20 14:30:00', '09:32:03', '2015-08-30 09:19:23', '2015-08-30 09:19:23', 0),
	(1837, 107, 'Stage 15', 8.86, '2015-09-20 14:45:00', '09:24:04', '2015-08-30 09:19:23', '2015-08-30 09:19:23', 0),
	(1838, 107, 'Stage 16', 21.94, '2015-09-20 15:00:00', '09:31:00', '2015-08-30 09:19:23', '2015-08-30 09:19:23', 0),
	(1839, 107, 'Stage 17', 11.35, '2015-09-20 15:15:00', '09:25:09', '2015-08-30 09:19:23', '2015-08-30 09:19:23', 0),
	(1840, 108, 'Stage 0', 17.20, '2015-09-27 08:45:00', '09:28:51', '2015-08-30 09:19:23', '2015-08-30 09:19:23', 0),
	(1841, 108, 'Stage 1', 8.71, '2015-09-27 09:00:00', '09:23:51', '2015-08-30 09:19:23', '2015-08-30 09:19:23', 0),
	(1842, 108, 'Stage 2', 14.97, '2015-09-27 09:15:00', '09:26:42', '2015-08-30 09:19:23', '2015-08-30 09:19:23', 0),
	(1843, 108, 'Stage 3', 4.64, '2015-09-27 09:30:00', '09:21:23', '2015-08-30 09:19:23', '2015-08-30 09:19:23', 0),
	(1844, 108, 'Stage 4', 20.51, '2015-09-27 09:45:00', '09:30:58', '2015-08-30 09:19:23', '2015-08-30 09:19:23', 0),
	(1845, 108, 'Stage 5', 17.00, '2015-09-27 10:00:00', '09:27:53', '2015-08-30 09:19:23', '2015-08-30 09:19:23', 0),
	(1846, 108, 'Stage 6', 3.05, '2015-09-27 10:15:00', '09:20:23', '2015-08-30 09:19:23', '2015-08-30 09:19:23', 0),
	(1847, 108, 'Stage 7', 2.68, '2015-09-27 10:30:00', '09:20:23', '2015-08-30 09:19:23', '2015-08-30 09:19:23', 0),
	(1848, 108, 'Stage 8', 13.68, '2015-09-27 10:45:00', '09:26:46', '2015-08-30 09:19:23', '2015-08-30 09:19:23', 0),
	(1849, 108, 'Stage 9', 13.26, '2015-09-27 11:00:00', '09:26:44', '2015-08-30 09:19:23', '2015-08-30 09:19:23', 0),
	(1850, 108, 'Stage 10', 12.89, '2015-09-27 11:15:00', '09:27:05', '2015-08-30 09:19:23', '2015-08-30 09:19:23', 0),
	(1851, 108, 'Stage 11', 29.97, '2015-09-27 11:30:00', '09:36:59', '2015-08-30 09:19:23', '2015-08-30 09:19:23', 0),
	(1852, 108, 'Stage 12', 14.78, '2015-09-27 11:45:00', '09:27:55', '2015-08-30 09:19:23', '2015-08-30 09:19:23', 0),
	(1853, 108, 'Stage 13', 23.32, '2015-09-27 12:00:00', '09:32:49', '2015-08-30 09:19:23', '2015-08-30 09:19:23', 0),
	(1854, 108, 'Stage 14', 22.68, '2015-09-27 12:15:00', '09:31:21', '2015-08-30 09:19:23', '2015-08-30 09:19:23', 0),
	(1855, 108, 'Stage 15', 11.20, '2015-09-27 12:30:00', '09:25:57', '2015-08-30 09:19:23', '2015-08-30 09:19:23', 0),
	(1856, 108, 'Stage 16', 16.63, '2015-09-27 12:45:00', '09:29:08', '2015-08-30 09:19:23', '2015-08-30 09:19:23', 0),
	(1857, 108, 'Stage 17', 5.25, '2015-09-27 13:00:00', '09:21:40', '2015-08-30 09:19:23', '2015-08-30 09:19:23', 0),
	(1858, 109, 'Stage 0', 19.14, '2015-10-04 08:30:00', '09:31:22', '2015-08-30 09:19:23', '2015-08-30 09:19:23', 0),
	(1859, 109, 'Stage 1', 28.53, '2015-10-04 08:45:00', '09:34:32', '2015-08-30 09:19:23', '2015-08-30 09:19:23', 0),
	(1860, 109, 'Stage 2', 7.23, '2015-10-04 09:00:00', '09:22:31', '2015-08-30 09:19:23', '2015-08-30 09:19:23', 0),
	(1861, 109, 'Stage 3', 22.86, '2015-10-04 09:15:00', '09:32:49', '2015-08-30 09:19:23', '2015-08-30 09:19:23', 0),
	(1862, 109, 'Stage 4', 17.37, '2015-10-04 09:30:00', '09:28:56', '2015-08-30 09:19:23', '2015-08-30 09:19:23', 0),
	(1863, 109, 'Stage 5', 17.18, '2015-10-04 09:45:00', '09:27:46', '2015-08-30 09:19:23', '2015-08-30 09:19:23', 0),
	(1864, 109, 'Stage 6', 14.53, '2015-10-04 10:00:00', '09:26:47', '2015-08-30 09:19:23', '2015-08-30 09:19:23', 0),
	(1865, 109, 'Stage 7', 20.49, '2015-10-04 10:15:00', '09:29:49', '2015-08-30 09:19:23', '2015-08-30 09:19:23', 0),
	(1866, 109, 'Stage 8', 2.09, '2015-10-04 10:30:00', '09:20:23', '2015-08-30 09:19:23', '2015-08-30 09:19:23', 0),
	(1867, 109, 'Stage 9', 6.07, '2015-10-04 10:45:00', '09:22:23', '2015-08-30 09:19:23', '2015-08-30 09:19:23', 0),
	(1868, 109, 'Stage 10', 4.00, '2015-10-04 11:00:00', '09:21:23', '2015-08-30 09:19:23', '2015-08-30 09:19:23', 0),
	(1869, 109, 'Stage 11', 7.48, '2015-10-04 11:15:00', '09:22:24', '2015-08-30 09:19:23', '2015-08-30 09:19:23', 0),
	(1870, 109, 'Stage 12', 7.80, '2015-10-04 11:30:00', '09:23:23', '2015-08-30 09:19:23', '2015-08-30 09:19:23', 0),
	(1871, 109, 'Stage 13', 27.26, '2015-10-04 11:45:00', '09:35:40', '2015-08-30 09:19:23', '2015-08-30 09:19:23', 0),
	(1872, 109, 'Stage 14', 25.90, '2015-10-04 12:00:00', '09:32:53', '2015-08-30 09:19:23', '2015-08-30 09:19:23', 0),
	(1873, 109, 'Stage 15', 8.96, '2015-10-04 12:15:00', '09:23:49', '2015-08-30 09:19:23', '2015-08-30 09:19:23', 0),
	(1874, 109, 'Stage 16', 4.40, '2015-10-04 12:30:00', '09:21:23', '2015-08-30 09:19:23', '2015-08-30 09:19:23', 0),
	(1875, 109, 'Stage 17', 3.72, '2015-10-04 12:45:00', '09:20:47', '2015-08-30 09:19:23', '2015-08-30 09:19:23', 0),
	(1876, 110, 'Stage 0', 18.72, '2015-10-11 09:45:00', '09:29:17', '2015-08-30 09:19:23', '2015-08-30 09:19:23', 0),
	(1877, 110, 'Stage 1', 21.78, '2015-10-11 10:00:00', '09:31:28', '2015-08-30 09:19:23', '2015-08-30 09:19:23', 0),
	(1878, 110, 'Stage 2', 25.53, '2015-10-11 10:15:00', '09:32:41', '2015-08-30 09:19:23', '2015-08-30 09:19:23', 0),
	(1879, 110, 'Stage 3', 5.14, '2015-10-11 10:30:00', '09:21:44', '2015-08-30 09:19:23', '2015-08-30 09:19:23', 0),
	(1880, 110, 'Stage 4', 12.93, '2015-10-11 10:45:00', '09:25:48', '2015-08-30 09:19:23', '2015-08-30 09:19:23', 0),
	(1881, 110, 'Stage 5', 24.48, '2015-10-11 11:00:00', '09:33:47', '2015-08-30 09:19:23', '2015-08-30 09:19:23', 0),
	(1882, 110, 'Stage 6', 14.65, '2015-10-11 11:15:00', '09:28:00', '2015-08-30 09:19:23', '2015-08-30 09:19:23', 0),
	(1883, 110, 'Stage 7', 18.68, '2015-10-11 11:30:00', '09:28:28', '2015-08-30 09:19:23', '2015-08-30 09:19:23', 0),
	(1884, 110, 'Stage 8', 5.48, '2015-10-11 11:45:00', '09:22:12', '2015-08-30 09:19:23', '2015-08-30 09:19:23', 0),
	(1885, 110, 'Stage 9', 28.48, '2015-10-11 12:00:00', '09:34:14', '2015-08-30 09:19:23', '2015-08-30 09:19:23', 0),
	(1886, 110, 'Stage 10', 11.88, '2015-10-11 12:15:00', '09:26:10', '2015-08-30 09:19:23', '2015-08-30 09:19:23', 0),
	(1887, 110, 'Stage 11', 21.66, '2015-10-11 12:30:00', '09:32:18', '2015-08-30 09:19:23', '2015-08-30 09:19:23', 0),
	(1888, 110, 'Stage 12', 9.02, '2015-10-11 12:45:00', '09:23:26', '2015-08-30 09:19:23', '2015-08-30 09:19:23', 0),
	(1889, 110, 'Stage 13', 26.23, '2015-10-11 13:00:00', '09:32:36', '2015-08-30 09:19:23', '2015-08-30 09:19:23', 0),
	(1890, 110, 'Stage 14', 13.62, '2015-10-11 13:15:00', '09:26:59', '2015-08-30 09:19:23', '2015-08-30 09:19:23', 0),
	(1891, 110, 'Stage 15', 9.28, '2015-10-11 13:30:00', '09:24:07', '2015-08-30 09:19:23', '2015-08-30 09:19:23', 0),
	(1892, 110, 'Stage 16', 24.76, '2015-10-11 13:45:00', '09:33:55', '2015-08-30 09:19:23', '2015-08-30 09:19:23', 0),
	(1893, 110, 'Stage 17', 23.50, '2015-10-11 14:00:00', '09:32:26', '2015-08-30 09:19:23', '2015-08-30 09:19:23', 0),
	(1894, 111, 'Stage 0', 23.46, '2015-10-18 14:30:00', '09:32:54', '2015-08-30 09:19:23', '2015-08-30 09:19:23', 0),
	(1895, 111, 'Stage 1', 25.94, '2015-10-18 14:45:00', '09:33:11', '2015-08-30 09:19:23', '2015-08-30 09:19:23', 0),
	(1896, 111, 'Stage 2', 15.68, '2015-10-18 15:00:00', '09:27:29', '2015-08-30 09:19:23', '2015-08-30 09:19:23', 0),
	(1897, 111, 'Stage 3', 10.07, '2015-10-18 15:15:00', '09:25:22', '2015-08-30 09:19:23', '2015-08-30 09:19:23', 0),
	(1898, 111, 'Stage 4', 29.19, '2015-10-18 15:30:00', '09:35:03', '2015-08-30 09:19:23', '2015-08-30 09:19:23', 0),
	(1899, 111, 'Stage 5', 6.86, '2015-10-18 15:45:00', '09:22:52', '2015-08-30 09:19:23', '2015-08-30 09:19:23', 0),
	(1900, 111, 'Stage 6', 16.54, '2015-10-18 16:00:00', '09:28:45', '2015-08-30 09:19:23', '2015-08-30 09:19:23', 0),
	(1901, 111, 'Stage 7', 24.19, '2015-10-18 16:15:00', '09:32:20', '2015-08-30 09:19:23', '2015-08-30 09:19:23', 0),
	(1902, 111, 'Stage 8', 10.00, '2015-10-18 16:30:00', '09:24:51', '2015-08-30 09:19:23', '2015-08-30 09:19:23', 0),
	(1903, 111, 'Stage 9', 9.27, '2015-10-18 16:45:00', '09:24:14', '2015-08-30 09:19:23', '2015-08-30 09:19:23', 0),
	(1904, 111, 'Stage 10', 25.71, '2015-10-18 17:00:00', '09:34:33', '2015-08-30 09:19:23', '2015-08-30 09:19:23', 0),
	(1905, 111, 'Stage 11', 13.70, '2015-10-18 17:15:00', '09:26:48', '2015-08-30 09:19:23', '2015-08-30 09:19:23', 0),
	(1906, 111, 'Stage 12', 14.27, '2015-10-18 17:30:00', '09:26:39', '2015-08-30 09:19:23', '2015-08-30 09:19:23', 0),
	(1907, 111, 'Stage 13', 16.31, '2015-10-18 17:45:00', '09:28:00', '2015-08-30 09:19:23', '2015-08-30 09:19:23', 0),
	(1908, 111, 'Stage 14', 21.99, '2015-10-18 18:00:00', '09:32:02', '2015-08-30 09:19:23', '2015-08-30 09:19:23', 0),
	(1909, 111, 'Stage 15', 12.43, '2015-10-18 18:15:00', '09:25:30', '2015-08-30 09:19:23', '2015-08-30 09:19:23', 0),
	(1910, 111, 'Stage 16', 3.21, '2015-10-18 18:30:00', '09:20:23', '2015-08-30 09:19:23', '2015-08-30 09:19:23', 0),
	(1911, 111, 'Stage 17', 5.58, '2015-10-18 18:45:00', '09:21:59', '2015-08-30 09:19:23', '2015-08-30 09:19:23', 0),
	(1912, 112, 'Stage 0', 9.26, '2015-10-25 09:15:00', '09:24:06', '2015-08-30 09:19:23', '2015-08-30 09:19:23', 0),
	(1913, 112, 'Stage 1', 19.31, '2015-10-25 09:30:00', '09:30:35', '2015-08-30 09:19:23', '2015-08-30 09:19:23', 0),
	(1914, 112, 'Stage 2', 16.70, '2015-10-25 09:45:00', '09:28:25', '2015-08-30 09:19:23', '2015-08-30 09:19:23', 0),
	(1915, 112, 'Stage 3', 21.47, '2015-10-25 10:00:00', '09:32:06', '2015-08-30 09:19:23', '2015-08-30 09:19:23', 0),
	(1916, 112, 'Stage 4', 17.56, '2015-10-25 10:15:00', '09:29:22', '2015-08-30 09:19:23', '2015-08-30 09:19:23', 0),
	(1917, 112, 'Stage 5', 28.16, '2015-10-25 10:30:00', '09:34:35', '2015-08-30 09:19:23', '2015-08-30 09:19:23', 0),
	(1918, 112, 'Stage 6', 9.44, '2015-10-25 10:45:00', '09:23:45', '2015-08-30 09:19:23', '2015-08-30 09:19:23', 0),
	(1919, 112, 'Stage 7', 3.67, '2015-10-25 11:00:00', '09:20:39', '2015-08-30 09:19:23', '2015-08-30 09:19:23', 0),
	(1920, 112, 'Stage 8', 23.38, '2015-10-25 11:15:00', '09:32:12', '2015-08-30 09:19:23', '2015-08-30 09:19:23', 0),
	(1921, 112, 'Stage 9', 26.37, '2015-10-25 11:30:00', '09:33:49', '2015-08-30 09:19:23', '2015-08-30 09:19:23', 0),
	(1922, 112, 'Stage 10', 16.70, '2015-10-25 11:45:00', '09:27:38', '2015-08-30 09:19:23', '2015-08-30 09:19:23', 0),
	(1923, 112, 'Stage 11', 13.40, '2015-10-25 12:00:00', '09:25:30', '2015-08-30 09:19:23', '2015-08-30 09:19:23', 0),
	(1924, 112, 'Stage 12', 14.12, '2015-10-25 12:15:00', '09:26:30', '2015-08-30 09:19:23', '2015-08-30 09:19:23', 0),
	(1925, 112, 'Stage 13', 4.01, '2015-10-25 12:30:00', '09:21:23', '2015-08-30 09:19:23', '2015-08-30 09:19:23', 0),
	(1926, 112, 'Stage 14', 28.46, '2015-10-25 12:45:00', '09:34:17', '2015-08-30 09:19:23', '2015-08-30 09:19:23', 0),
	(1927, 112, 'Stage 15', 11.94, '2015-10-25 13:00:00', '09:25:42', '2015-08-30 09:19:23', '2015-08-30 09:19:23', 0),
	(1928, 112, 'Stage 16', 19.82, '2015-10-25 13:15:00', '09:31:11', '2015-08-30 09:19:23', '2015-08-30 09:19:23', 0),
	(1929, 112, 'Stage 17', 24.39, '2015-10-25 13:30:00', '09:32:57', '2015-08-30 09:19:23', '2015-08-30 09:19:23', 0),
	(1930, 113, 'Stage 0', 9.65, '2015-11-01 11:30:00', '09:24:50', '2015-08-30 09:19:23', '2015-08-30 09:19:23', 0),
	(1931, 113, 'Stage 1', 4.40, '2015-11-01 11:45:00', '09:21:23', '2015-08-30 09:19:23', '2015-08-30 09:19:23', 0),
	(1932, 113, 'Stage 2', 13.98, '2015-11-01 12:00:00', '09:26:37', '2015-08-30 09:19:23', '2015-08-30 09:19:23', 0),
	(1933, 113, 'Stage 3', 18.46, '2015-11-01 12:15:00', '09:28:50', '2015-08-30 09:19:23', '2015-08-30 09:19:23', 0),
	(1934, 113, 'Stage 4', 26.71, '2015-11-01 12:30:00', '09:34:47', '2015-08-30 09:19:23', '2015-08-30 09:19:23', 0),
	(1935, 113, 'Stage 5', 28.04, '2015-11-01 12:45:00', '09:35:03', '2015-08-30 09:19:23', '2015-08-30 09:19:23', 0),
	(1936, 113, 'Stage 6', 28.50, '2015-11-01 13:00:00', '09:37:02', '2015-08-30 09:19:23', '2015-08-30 09:19:23', 0),
	(1937, 113, 'Stage 7', 22.35, '2015-11-01 13:15:00', '09:31:50', '2015-08-30 09:19:23', '2015-08-30 09:19:23', 0),
	(1938, 113, 'Stage 8', 10.71, '2015-11-01 13:30:00', '09:25:21', '2015-08-30 09:19:23', '2015-08-30 09:19:23', 0),
	(1939, 113, 'Stage 9', 7.47, '2015-11-01 13:45:00', '09:22:57', '2015-08-30 09:19:23', '2015-08-30 09:19:23', 0),
	(1940, 113, 'Stage 10', 17.01, '2015-11-01 14:00:00', '09:28:28', '2015-08-30 09:19:23', '2015-08-30 09:19:23', 0),
	(1941, 113, 'Stage 11', 23.57, '2015-11-01 14:15:00', '09:31:35', '2015-08-30 09:19:23', '2015-08-30 09:19:23', 0),
	(1942, 113, 'Stage 12', 21.94, '2015-11-01 14:30:00', '09:31:17', '2015-08-30 09:19:23', '2015-08-30 09:19:23', 0),
	(1943, 113, 'Stage 13', 21.71, '2015-11-01 14:45:00', '09:31:00', '2015-08-30 09:19:23', '2015-08-30 09:19:23', 0),
	(1944, 113, 'Stage 14', 11.39, '2015-11-01 15:00:00', '09:24:39', '2015-08-30 09:19:23', '2015-08-30 09:19:23', 0),
	(1945, 113, 'Stage 15', 4.96, '2015-11-01 15:15:00', '09:21:29', '2015-08-30 09:19:23', '2015-08-30 09:19:23', 0),
	(1946, 113, 'Stage 16', 2.65, '2015-11-01 15:30:00', '09:20:23', '2015-08-30 09:19:23', '2015-08-30 09:19:23', 0),
	(1947, 113, 'Stage 17', 26.69, '2015-11-01 15:45:00', '09:33:02', '2015-08-30 09:19:23', '2015-08-30 09:19:23', 0),
	(1948, 114, 'Stage 0', 18.72, '2015-11-08 10:45:00', '09:29:44', '2015-08-30 09:19:23', '2015-08-30 09:19:23', 0),
	(1949, 114, 'Stage 1', 10.74, '2015-11-08 11:00:00', '09:24:24', '2015-08-30 09:19:23', '2015-08-30 09:19:23', 0),
	(1950, 114, 'Stage 2', 19.29, '2015-11-08 11:15:00', '09:30:54', '2015-08-30 09:19:23', '2015-08-30 09:19:23', 0),
	(1951, 114, 'Stage 3', 7.28, '2015-11-08 11:30:00', '09:22:55', '2015-08-30 09:19:23', '2015-08-30 09:19:23', 0),
	(1952, 114, 'Stage 4', 14.14, '2015-11-08 11:45:00', '09:27:04', '2015-08-30 09:19:23', '2015-08-30 09:19:23', 0),
	(1953, 114, 'Stage 5', 6.82, '2015-11-08 12:00:00', '09:23:16', '2015-08-30 09:19:23', '2015-08-30 09:19:23', 0),
	(1954, 114, 'Stage 6', 23.04, '2015-11-08 12:15:00', '09:31:34', '2015-08-30 09:19:23', '2015-08-30 09:19:23', 0),
	(1955, 114, 'Stage 7', 22.25, '2015-11-08 12:30:00', '09:32:41', '2015-08-30 09:19:23', '2015-08-30 09:19:23', 0),
	(1956, 114, 'Stage 8', 14.43, '2015-11-08 12:45:00', '09:26:50', '2015-08-30 09:19:23', '2015-08-30 09:19:23', 0),
	(1957, 114, 'Stage 9', 22.66, '2015-11-08 13:00:00', '09:32:46', '2015-08-30 09:19:23', '2015-08-30 09:19:23', 0),
	(1958, 114, 'Stage 10', 7.86, '2015-11-08 13:15:00', '09:23:23', '2015-08-30 09:19:23', '2015-08-30 09:19:23', 0),
	(1959, 114, 'Stage 11', 28.04, '2015-11-08 13:30:00', '09:34:55', '2015-08-30 09:19:23', '2015-08-30 09:19:23', 0),
	(1960, 114, 'Stage 12', 26.11, '2015-11-08 13:45:00', '09:32:37', '2015-08-30 09:19:23', '2015-08-30 09:19:23', 0),
	(1961, 114, 'Stage 13', 4.26, '2015-11-08 14:00:00', '09:21:23', '2015-08-30 09:19:23', '2015-08-30 09:19:23', 0),
	(1962, 114, 'Stage 14', 20.28, '2015-11-08 14:15:00', '09:29:38', '2015-08-30 09:19:23', '2015-08-30 09:19:23', 0),
	(1963, 114, 'Stage 15', 6.59, '2015-11-08 14:30:00', '09:23:10', '2015-08-30 09:19:23', '2015-08-30 09:19:23', 0),
	(1964, 114, 'Stage 16', 6.59, '2015-11-08 14:45:00', '09:23:18', '2015-08-30 09:19:23', '2015-08-30 09:19:23', 0),
	(1965, 114, 'Stage 17', 18.57, '2015-11-08 15:00:00', '09:28:28', '2015-08-30 09:19:23', '2015-08-30 09:19:23', 0),
	(1966, 115, 'Stage 0', 23.00, '2015-11-15 10:45:00', '09:31:23', '2015-08-30 09:19:23', '2015-08-30 09:19:23', 0),
	(1967, 115, 'Stage 1', 2.65, '2015-11-15 11:00:00', '09:20:23', '2015-08-30 09:19:23', '2015-08-30 09:19:23', 0),
	(1968, 115, 'Stage 2', 18.34, '2015-11-15 11:15:00', '09:28:44', '2015-08-30 09:19:23', '2015-08-30 09:19:23', 0),
	(1969, 115, 'Stage 3', 15.55, '2015-11-15 11:30:00', '09:27:24', '2015-08-30 09:19:23', '2015-08-30 09:19:23', 0),
	(1970, 115, 'Stage 4', 12.23, '2015-11-15 11:45:00', '09:25:40', '2015-08-30 09:19:23', '2015-08-30 09:19:23', 0),
	(1971, 115, 'Stage 5', 25.21, '2015-11-15 12:00:00', '09:32:27', '2015-08-30 09:19:23', '2015-08-30 09:19:23', 0),
	(1972, 115, 'Stage 6', 29.59, '2015-11-15 12:15:00', '09:35:53', '2015-08-30 09:19:23', '2015-08-30 09:19:23', 0),
	(1973, 115, 'Stage 7', 27.76, '2015-11-15 12:30:00', '09:34:47', '2015-08-30 09:19:23', '2015-08-30 09:19:23', 0),
	(1974, 115, 'Stage 8', 8.22, '2015-11-15 12:45:00', '09:24:19', '2015-08-30 09:19:23', '2015-08-30 09:19:23', 0),
	(1975, 115, 'Stage 9', 27.02, '2015-11-15 13:00:00', '09:35:18', '2015-08-30 09:19:23', '2015-08-30 09:19:23', 0),
	(1976, 115, 'Stage 10', 24.17, '2015-11-15 13:15:00', '09:31:43', '2015-08-30 09:19:23', '2015-08-30 09:19:23', 0),
	(1977, 115, 'Stage 11', 29.35, '2015-11-15 13:30:00', '09:34:55', '2015-08-30 09:19:23', '2015-08-30 09:19:23', 0),
	(1978, 115, 'Stage 12', 8.81, '2015-11-15 13:45:00', '09:24:22', '2015-08-30 09:19:23', '2015-08-30 09:19:23', 0),
	(1979, 115, 'Stage 13', 15.35, '2015-11-15 14:00:00', '09:28:02', '2015-08-30 09:19:23', '2015-08-30 09:19:23', 0),
	(1980, 115, 'Stage 14', 29.58, '2015-11-15 14:15:00', '09:37:20', '2015-08-30 09:19:23', '2015-08-30 09:19:23', 0),
	(1981, 115, 'Stage 15', 27.90, '2015-11-15 14:30:00', '09:34:15', '2015-08-30 09:19:23', '2015-08-30 09:19:23', 0),
	(1982, 115, 'Stage 16', 7.51, '2015-11-15 14:45:00', '09:23:11', '2015-08-30 09:19:23', '2015-08-30 09:19:23', 0),
	(1983, 115, 'Stage 17', 26.67, '2015-11-15 15:00:00', '09:34:08', '2015-08-30 09:19:23', '2015-08-30 09:19:23', 0),
	(1984, 116, 'Stage 1', 26.98, '2015-09-02 14:00:00', '10:28:25', '2015-09-01 10:14:09', '2015-09-02 14:00:01', 1),
	(1985, 116, 'Stage 2', 19.03, '2015-09-02 14:15:00', '10:23:32', '2015-09-01 10:14:09', '2015-09-02 14:15:01', 1),
	(1986, 116, 'Stage 3', 29.25, '2015-09-02 14:30:00', '10:31:52', '2015-09-01 10:14:09', '2015-09-02 14:30:00', 1),
	(1987, 116, 'Stage 4', 24.75, '2015-09-02 14:45:00', '10:26:49', '2015-09-01 10:14:09', '2015-09-02 14:45:01', 1),
	(1988, 116, 'Stage 5', 20.48, '2015-09-02 15:00:00', '10:24:43', '2015-09-01 10:14:09', '2015-09-02 15:00:01', 1),
	(1989, 116, 'Stage 6', 21.91, '2015-09-02 15:15:00', '10:26:10', '2015-09-01 10:14:09', '2015-09-02 15:15:01', 1),
	(1990, 116, 'Stage 7', 18.71, '2015-09-02 15:30:00', '10:23:43', '2015-09-01 10:14:09', '2015-09-02 15:30:01', 1),
	(1991, 116, 'Stage 8', 20.88, '2015-09-02 15:45:00', '10:26:41', '2015-09-01 10:14:09', '2015-09-02 15:45:00', 1),
	(1992, 116, 'Stage 9', 11.38, '2015-09-02 16:00:00', '10:20:50', '2015-09-01 10:14:09', '2015-09-02 16:00:00', 1),
	(1993, 116, 'Stage 10', 12.23, '2015-09-02 16:15:00', '10:20:43', '2015-09-01 10:14:09', '2015-09-02 16:15:01', 1),
	(1994, 116, 'Stage 11', 20.31, '2015-09-02 16:30:00', '10:26:02', '2015-09-01 10:14:09', '2015-09-02 16:30:02', 1),
	(1995, 116, 'Stage 12', 2.37, '2015-09-02 16:45:00', '10:15:09', '2015-09-01 10:14:09', '2015-09-02 16:45:00', 1),
	(1996, 116, 'Stage 13', 13.52, '2015-09-02 17:00:00', '10:21:42', '2015-09-01 10:14:09', '2015-09-02 17:00:01', 1),
	(1997, 116, 'Stage 14', 17.51, '2015-09-02 17:15:00', '10:24:45', '2015-09-01 10:14:09', '2015-09-02 17:15:00', 1),
	(1998, 116, 'Stage 15', 10.51, '2015-09-02 17:30:00', '10:19:52', '2015-09-01 10:14:09', '2015-09-02 17:30:00', 1),
	(1999, 116, 'Stage 16', 10.28, '2015-09-02 17:45:00', '10:20:00', '2015-09-01 10:14:09', '2015-09-02 17:45:01', 1),
	(2000, 116, 'Stage 17', 4.61, '2015-09-02 18:00:00', '10:16:09', '2015-09-01 10:14:09', '2015-09-02 18:00:00', 1),
	(2001, 116, 'Stage 18', 26.38, '2015-09-02 18:15:00', '10:27:57', '2015-09-01 10:14:09', '2015-09-02 18:15:01', 1),
	(2036, 122, 'Stage 17', 28.12, '2015-09-23 18:00:00', '11:22:58', '2015-09-03 11:06:47', '2015-09-03 11:06:47', 0),
	(2035, 122, 'Stage 16', 8.08, '2015-09-23 17:45:00', '11:10:59', '2015-09-03 11:06:47', '2015-09-03 11:06:47', 0),
	(2034, 122, 'Stage 15', 28.04, '2015-09-23 17:30:00', '11:21:03', '2015-09-03 11:06:47', '2015-09-03 11:06:47', 0),
	(2033, 122, 'Stage 14', 16.85, '2015-09-23 17:15:00', '11:16:37', '2015-09-03 11:06:47', '2015-09-03 11:06:47', 0),
	(2032, 122, 'Stage 13', 25.85, '2015-09-23 17:00:00', '11:20:52', '2015-09-03 11:06:47', '2015-09-03 11:06:47', 0),
	(2031, 122, 'Stage 12', 23.78, '2015-09-23 16:45:00', '11:19:20', '2015-09-03 11:06:46', '2015-09-03 11:06:46', 0),
	(2030, 122, 'Stage 11', 15.79, '2015-09-23 16:30:00', '11:15:01', '2015-09-03 11:06:46', '2015-09-03 11:06:46', 0),
	(2029, 122, 'Stage 10', 28.30, '2015-09-23 16:15:00', '11:23:10', '2015-09-03 11:06:46', '2015-09-03 11:06:46', 0),
	(2028, 122, 'Stage 9', 28.66, '2015-09-23 16:00:00', '11:21:50', '2015-09-03 11:06:46', '2015-09-03 11:06:46', 0),
	(2027, 122, 'Stage 8', 5.75, '2015-09-23 15:45:00', '11:09:46', '2015-09-03 11:06:46', '2015-09-03 11:06:46', 0),
	(2026, 122, 'Stage 7', 28.50, '2015-09-23 15:30:00', '11:24:00', '2015-09-03 11:06:46', '2015-09-03 11:06:46', 0),
	(2025, 122, 'Stage 6', 8.05, '2015-09-23 15:15:00', '11:11:18', '2015-09-03 11:06:46', '2015-09-03 11:06:46', 0),
	(2024, 122, 'Stage 5', 12.95, '2015-09-23 15:00:00', '11:13:15', '2015-09-03 11:06:46', '2015-09-03 11:06:46', 0),
	(2023, 122, 'Stage 4', 14.13, '2015-09-23 14:45:00', '11:14:40', '2015-09-03 11:06:46', '2015-09-03 11:06:46', 0),
	(2022, 122, 'Stage 3', 4.72, '2015-09-23 14:30:00', '11:08:46', '2015-09-03 11:06:46', '2015-09-03 11:06:46', 0),
	(2021, 122, 'Stage 2', 7.40, '2015-09-23 14:15:00', '11:10:44', '2015-09-03 11:06:46', '2015-09-03 11:06:46', 0),
	(2020, 122, 'Stage 1', 28.94, '2015-09-23 14:00:00', '11:24:15', '2015-09-03 11:06:46', '2015-09-03 11:06:46', 0),
	(2037, 122, 'Stage 18', 9.03, '2015-09-23 18:15:00', '11:11:31', '2015-09-03 11:06:47', '2015-09-03 11:06:47', 0),
	(2038, 123, 'Stage 1', 23.90, '2015-09-05 14:00:00', '10:44:10', '2015-09-04 10:29:32', '2015-09-04 10:29:32', 0),
	(2039, 123, 'Stage 2', 3.12, '2015-09-05 14:15:00', '10:30:32', '2015-09-04 10:29:32', '2015-09-04 10:29:32', 0),
	(2040, 123, 'Stage 3', 15.25, '2015-09-05 14:30:00', '10:37:17', '2015-09-04 10:29:32', '2015-09-04 10:29:32', 0),
	(2041, 123, 'Stage 4', 2.02, '2015-09-05 14:45:00', '10:30:32', '2015-09-04 10:29:32', '2015-09-04 10:29:32', 0),
	(2042, 123, 'Stage 5', 8.20, '2015-09-05 15:00:00', '10:33:47', '2015-09-04 10:29:32', '2015-09-04 10:29:32', 0),
	(2043, 123, 'Stage 6', 25.18, '2015-09-05 15:15:00', '10:43:43', '2015-09-04 10:29:32', '2015-09-04 10:29:32', 0),
	(2044, 123, 'Stage 7', 26.61, '2015-09-05 15:30:00', '10:44:28', '2015-09-04 10:29:32', '2015-09-04 10:29:32', 0),
	(2045, 123, 'Stage 8', 20.19, '2015-09-05 15:45:00', '10:39:37', '2015-09-04 10:29:32', '2015-09-04 10:29:32', 0),
	(2046, 123, 'Stage 9', 22.38, '2015-09-05 16:00:00', '10:42:19', '2015-09-04 10:29:32', '2015-09-04 10:29:32', 0),
	(2047, 123, 'Stage 10', 5.85, '2015-09-05 16:15:00', '10:32:32', '2015-09-04 10:29:32', '2015-09-04 10:29:32', 0),
	(2048, 123, 'Stage 11', 26.92, '2015-09-05 16:30:00', '10:44:23', '2015-09-04 10:29:32', '2015-09-04 10:29:32', 0),
	(2049, 123, 'Stage 12', 3.20, '2015-09-05 16:45:00', '10:31:22', '2015-09-04 10:29:32', '2015-09-04 10:29:32', 0),
	(2050, 123, 'Stage 13', 22.79, '2015-09-05 17:00:00', '10:41:22', '2015-09-04 10:29:32', '2015-09-04 10:29:32', 0),
	(2051, 123, 'Stage 14', 14.60, '2015-09-05 17:15:00', '10:36:50', '2015-09-04 10:29:32', '2015-09-04 10:29:32', 0),
	(2052, 123, 'Stage 15', 3.67, '2015-09-05 17:30:00', '10:31:16', '2015-09-04 10:29:32', '2015-09-04 10:29:32', 0),
	(2053, 123, 'Stage 16', 2.43, '2015-09-05 17:45:00', '10:30:32', '2015-09-04 10:29:32', '2015-09-04 10:29:32', 0),
	(2054, 123, 'Stage 17', 25.96, '2015-09-05 18:00:00', '10:45:03', '2015-09-04 10:29:32', '2015-09-04 10:29:32', 0),
	(2055, 123, 'Stage 18', 6.18, '2015-09-05 18:15:00', '10:32:32', '2015-09-04 10:29:32', '2015-09-04 10:29:32', 0),
	(2056, 124, 'Stage 1', 11.19, '2015-09-06 14:00:00', '10:38:33', '2015-09-04 10:32:34', '2015-09-04 10:32:34', 0),
	(2057, 124, 'Stage 2', 22.31, '2015-09-06 14:15:00', '10:43:44', '2015-09-04 10:32:34', '2015-09-04 10:32:34', 0),
	(2058, 124, 'Stage 3', 25.39, '2015-09-06 14:30:00', '10:45:36', '2015-09-04 10:32:34', '2015-09-04 10:32:34', 0),
	(2059, 124, 'Stage 4', 9.33, '2015-09-06 14:45:00', '10:37:05', '2015-09-04 10:32:34', '2015-09-04 10:32:34', 0),
	(2060, 124, 'Stage 5', 28.88, '2015-09-06 15:00:00', '10:49:13', '2015-09-04 10:32:34', '2015-09-04 10:32:34', 0),
	(2061, 124, 'Stage 6', 12.98, '2015-09-06 15:15:00', '10:38:39', '2015-09-04 10:32:34', '2015-09-04 10:32:34', 0),
	(2062, 124, 'Stage 7', 8.86, '2015-09-06 15:30:00', '10:37:34', '2015-09-04 10:32:34', '2015-09-04 10:32:34', 0),
	(2063, 124, 'Stage 8', 3.61, '2015-09-06 15:45:00', '10:33:45', '2015-09-04 10:32:34', '2015-09-04 10:32:34', 0),
	(2064, 124, 'Stage 9', 29.48, '2015-09-06 16:00:00', '10:48:56', '2015-09-04 10:32:34', '2015-09-04 10:32:34', 0),
	(2065, 124, 'Stage 10', 11.71, '2015-09-06 16:15:00', '10:38:38', '2015-09-04 10:32:34', '2015-09-04 10:32:34', 0),
	(2066, 124, 'Stage 11', 27.56, '2015-09-06 16:30:00', '10:47:21', '2015-09-04 10:32:34', '2015-09-04 10:32:34', 0),
	(2067, 124, 'Stage 12', 4.31, '2015-09-06 16:45:00', '10:34:34', '2015-09-04 10:32:34', '2015-09-04 10:32:34', 0),
	(2068, 124, 'Stage 13', 2.95, '2015-09-06 17:00:00', '10:33:34', '2015-09-04 10:32:34', '2015-09-04 10:32:34', 0),
	(2069, 124, 'Stage 14', 27.52, '2015-09-06 17:15:00', '10:48:22', '2015-09-04 10:32:34', '2015-09-04 10:32:34', 0),
	(2070, 124, 'Stage 15', 13.61, '2015-09-06 17:30:00', '10:39:54', '2015-09-04 10:32:34', '2015-09-04 10:32:34', 0),
	(2071, 124, 'Stage 16', 23.25, '2015-09-06 17:45:00', '10:44:42', '2015-09-04 10:32:34', '2015-09-04 10:32:34', 0),
	(2072, 124, 'Stage 17', 24.41, '2015-09-06 18:00:00', '10:47:32', '2015-09-04 10:32:34', '2015-09-04 10:32:34', 0),
	(2073, 124, 'Stage 18', 21.21, '2015-09-06 18:15:00', '10:43:46', '2015-09-04 10:32:34', '2015-09-04 10:32:34', 0),
	(2074, 125, 'Stage 1', 12.95, '2015-09-10 14:00:00', '10:46:23', '2015-09-04 10:39:16', '2015-09-04 10:39:16', 0),
	(2075, 125, 'Stage 2', 7.57, '2015-09-10 14:15:00', '10:42:45', '2015-09-04 10:39:16', '2015-09-04 10:39:16', 0),
	(2076, 125, 'Stage 3', 2.59, '2015-09-10 14:30:00', '10:40:16', '2015-09-04 10:39:16', '2015-09-04 10:39:16', 0),
	(2077, 125, 'Stage 4', 5.78, '2015-09-10 14:45:00', '10:42:16', '2015-09-04 10:39:16', '2015-09-04 10:39:16', 0),
	(2078, 125, 'Stage 5', 5.30, '2015-09-10 15:00:00', '10:42:10', '2015-09-04 10:39:16', '2015-09-04 10:39:16', 0),
	(2079, 125, 'Stage 6', 23.76, '2015-09-10 15:15:00', '10:51:54', '2015-09-04 10:39:16', '2015-09-04 10:39:16', 0),
	(2080, 125, 'Stage 7', 7.24, '2015-09-10 15:30:00', '10:42:52', '2015-09-04 10:39:16', '2015-09-04 10:39:16', 0),
	(2081, 125, 'Stage 8', 7.67, '2015-09-10 15:45:00', '10:43:16', '2015-09-04 10:39:16', '2015-09-04 10:39:16', 0),
	(2082, 125, 'Stage 9', 14.11, '2015-09-10 16:00:00', '10:47:12', '2015-09-04 10:39:16', '2015-09-04 10:39:16', 0),
	(2083, 125, 'Stage 10', 9.46, '2015-09-10 16:15:00', '10:43:19', '2015-09-04 10:39:16', '2015-09-04 10:39:16', 0),
	(2084, 125, 'Stage 11', 5.46, '2015-09-10 16:30:00', '10:41:50', '2015-09-04 10:39:16', '2015-09-04 10:39:16', 0),
	(2085, 125, 'Stage 12', 11.10, '2015-09-10 16:45:00', '10:44:46', '2015-09-04 10:39:16', '2015-09-04 10:39:16', 0),
	(2086, 125, 'Stage 13', 29.09, '2015-09-10 17:00:00', '10:57:06', '2015-09-04 10:39:16', '2015-09-04 10:39:16', 0),
	(2087, 125, 'Stage 14', 5.37, '2015-09-10 17:15:00', '10:41:53', '2015-09-04 10:39:16', '2015-09-04 10:39:16', 0),
	(2088, 125, 'Stage 15', 2.29, '2015-09-10 17:30:00', '10:40:16', '2015-09-04 10:39:16', '2015-09-04 10:39:16', 0),
	(2089, 125, 'Stage 16', 3.24, '2015-09-10 17:45:00', '10:40:40', '2015-09-04 10:39:16', '2015-09-04 10:39:16', 0),
	(2090, 125, 'Stage 17', 2.47, '2015-09-10 18:00:00', '10:40:16', '2015-09-04 10:39:16', '2015-09-04 10:39:16', 0),
	(2091, 125, 'Stage 18', 24.70, '2015-09-10 18:15:00', '10:53:20', '2015-09-04 10:39:16', '2015-09-04 10:39:16', 0),
	(2092, 126, 'Stage 1', 14.53, '2015-09-05 14:00:00', '11:01:58', '2015-09-04 10:53:21', '2015-09-04 10:53:21', 0),
	(2093, 126, 'Stage 2', 27.88, '2015-09-05 14:15:00', '11:09:33', '2015-09-04 10:53:21', '2015-09-04 10:53:21', 0),
	(2094, 126, 'Stage 3', 27.31, '2015-09-05 14:30:00', '11:09:23', '2015-09-04 10:53:21', '2015-09-04 10:53:21', 0),
	(2095, 126, 'Stage 4', 28.56, '2015-09-05 14:45:00', '11:07:39', '2015-09-04 10:53:21', '2015-09-04 10:53:21', 0),
	(2096, 126, 'Stage 5', 22.15, '2015-09-05 15:00:00', '11:04:34', '2015-09-04 10:53:21', '2015-09-04 10:53:21', 0),
	(2097, 126, 'Stage 6', 24.86, '2015-09-05 15:15:00', '11:07:48', '2015-09-04 10:53:21', '2015-09-04 10:53:21', 0),
	(2098, 126, 'Stage 7', 28.72, '2015-09-05 15:30:00', '11:08:12', '2015-09-04 10:53:21', '2015-09-04 10:53:21', 0),
	(2099, 126, 'Stage 8', 17.43, '2015-09-05 15:45:00', '11:03:03', '2015-09-04 10:53:21', '2015-09-04 10:53:21', 0),
	(2100, 126, 'Stage 9', 9.66, '2015-09-05 16:00:00', '10:59:06', '2015-09-04 10:53:21', '2015-09-04 10:53:21', 0),
	(2101, 126, 'Stage 10', 2.54, '2015-09-05 16:15:00', '10:54:21', '2015-09-04 10:53:21', '2015-09-04 10:53:21', 0),
	(2102, 126, 'Stage 11', 4.35, '2015-09-05 16:30:00', '10:55:21', '2015-09-04 10:53:21', '2015-09-04 10:53:21', 0),
	(2103, 126, 'Stage 12', 7.19, '2015-09-05 16:45:00', '10:56:23', '2015-09-04 10:53:21', '2015-09-04 10:53:21', 0),
	(2104, 126, 'Stage 13', 23.92, '2015-09-05 17:00:00', '11:07:52', '2015-09-04 10:53:21', '2015-09-04 10:53:21', 0),
	(2105, 126, 'Stage 14', 16.25, '2015-09-05 17:15:00', '11:03:15', '2015-09-04 10:53:21', '2015-09-04 10:53:21', 0),
	(2106, 126, 'Stage 15', 26.52, '2015-09-05 17:30:00', '11:07:08', '2015-09-04 10:53:21', '2015-09-04 10:53:21', 0),
	(2107, 126, 'Stage 16', 27.79, '2015-09-05 17:45:00', '11:08:55', '2015-09-04 10:53:21', '2015-09-04 10:53:21', 0),
	(2108, 126, 'Stage 17', 7.42, '2015-09-05 18:00:00', '10:57:09', '2015-09-04 10:53:21', '2015-09-04 10:53:21', 0),
	(2109, 126, 'Stage 18', 28.93, '2015-09-05 18:15:00', '11:09:06', '2015-09-04 10:53:21', '2015-09-04 10:53:21', 0);
/*!40000 ALTER TABLE `rally_stage` ENABLE KEYS */;


-- Zrzut struktury tabela ral.rally_stage_result
CREATE TABLE IF NOT EXISTS `rally_stage_result` (
  `id` int(11) NOT NULL AUTO_INCREMENT,
  `stage_id` int(11) DEFAULT NULL,
  `crew_id` varchar(255) DEFAULT NULL,
  `base_time` time DEFAULT NULL,
  `random_factor` decimal(4,2) DEFAULT NULL,
  `accident_id` int(11) DEFAULT NULL,
  `accident_random_factor` decimal(4,2) DEFAULT NULL,
  `out_of_race` tinyint(1) NOT NULL DEFAULT '0',
  `created_at` datetime NOT NULL,
  `updated_at` datetime NOT NULL,
  PRIMARY KEY (`id`),
  KEY `stage_id_idx` (`stage_id`),
  KEY `accident_id_idx` (`accident_id`),
  KEY `rally_stage_result_crew_id_rally_crew_id` (`crew_id`)
) ENGINE=MyISAM AUTO_INCREMENT=1079 DEFAULT CHARSET=utf8;

-- Zrzucanie danych dla tabeli ral.rally_stage_result: 1 078 rows
DELETE FROM `rally_stage_result`;
/*!40000 ALTER TABLE `rally_stage_result` DISABLE KEYS */;
INSERT INTO `rally_stage_result` (`id`, `stage_id`, `crew_id`, `base_time`, `random_factor`, `accident_id`, `accident_random_factor`, `out_of_race`, `created_at`, `updated_at`) VALUES
	(1, 1, '1', '00:15:57', NULL, NULL, NULL, 0, '2015-08-27 09:00:01', '2015-08-27 09:00:01'),
	(2, 1, '2', '00:17:27', NULL, NULL, NULL, 0, '2015-08-27 09:00:01', '2015-08-27 09:00:01'),
	(3, 1, '3', '00:14:55', NULL, NULL, NULL, 0, '2015-08-27 09:00:01', '2015-08-27 09:00:01'),
	(4, 1, '4', '00:15:29', NULL, NULL, NULL, 0, '2015-08-27 09:00:01', '2015-08-27 09:00:01'),
	(5, 1, '5', '00:15:22', NULL, NULL, NULL, 0, '2015-08-27 09:00:01', '2015-08-27 09:00:01'),
	(6, 1, '10', '00:13:54', NULL, NULL, NULL, 0, '2015-08-27 09:00:01', '2015-08-27 09:00:01'),
	(7, 1, '11', '00:16:22', NULL, NULL, NULL, 0, '2015-08-27 09:00:01', '2015-08-27 09:00:01'),
	(8, 1, '12', '00:16:00', NULL, NULL, NULL, 0, '2015-08-27 09:00:01', '2015-08-27 09:00:01'),
	(9, 1, '17', '00:18:49', NULL, NULL, NULL, 0, '2015-08-27 09:00:01', '2015-08-27 09:00:01'),
	(10, 1, '18', '00:17:40', NULL, NULL, NULL, 0, '2015-08-27 09:00:01', '2015-08-27 09:00:01'),
	(11, 2, '1', '00:15:58', NULL, NULL, NULL, 0, '2015-08-27 09:15:01', '2015-08-27 09:15:01'),
	(12, 2, '2', '00:17:51', NULL, NULL, NULL, 0, '2015-08-27 09:15:01', '2015-08-27 09:15:01'),
	(13, 2, '3', '00:14:47', NULL, NULL, NULL, 0, '2015-08-27 09:15:01', '2015-08-27 09:15:01'),
	(14, 2, '4', '00:13:25', NULL, NULL, NULL, 0, '2015-08-27 09:15:01', '2015-08-27 09:15:01'),
	(15, 2, '5', '00:17:02', NULL, NULL, NULL, 0, '2015-08-27 09:15:01', '2015-08-27 09:15:01'),
	(16, 2, '10', '00:13:03', NULL, NULL, NULL, 0, '2015-08-27 09:15:01', '2015-08-27 09:15:01'),
	(17, 2, '11', '00:16:14', NULL, NULL, NULL, 0, '2015-08-27 09:15:01', '2015-08-27 09:15:01'),
	(18, 2, '12', '00:15:02', NULL, NULL, NULL, 0, '2015-08-27 09:15:01', '2015-08-27 09:15:01'),
	(19, 2, '17', '00:18:40', NULL, NULL, NULL, 0, '2015-08-27 09:15:01', '2015-08-27 09:15:01'),
	(20, 2, '18', '00:16:18', NULL, NULL, NULL, 0, '2015-08-27 09:15:01', '2015-08-27 09:15:01'),
	(21, 3, '1', '00:00:00', NULL, NULL, NULL, 0, '2015-08-27 09:30:00', '2015-08-27 09:30:00'),
	(22, 3, '2', '00:00:00', NULL, NULL, NULL, 0, '2015-08-27 09:30:00', '2015-08-27 09:30:00'),
	(23, 3, '3', '00:00:00', NULL, NULL, NULL, 0, '2015-08-27 09:30:00', '2015-08-27 09:30:00'),
	(24, 3, '4', '00:00:00', NULL, NULL, NULL, 0, '2015-08-27 09:30:00', '2015-08-27 09:30:00'),
	(25, 3, '5', '00:00:00', NULL, NULL, NULL, 0, '2015-08-27 09:30:00', '2015-08-27 09:30:00'),
	(26, 3, '10', '00:00:00', NULL, NULL, NULL, 0, '2015-08-27 09:30:00', '2015-08-27 09:30:00'),
	(27, 3, '11', '00:00:00', NULL, NULL, NULL, 0, '2015-08-27 09:30:00', '2015-08-27 09:30:00'),
	(28, 3, '12', '00:00:00', NULL, NULL, NULL, 0, '2015-08-27 09:30:00', '2015-08-27 09:30:00'),
	(29, 3, '17', '00:00:00', NULL, NULL, NULL, 0, '2015-08-27 09:30:00', '2015-08-27 09:30:00'),
	(30, 3, '18', '00:00:00', NULL, NULL, NULL, 0, '2015-08-27 09:30:00', '2015-08-27 09:30:00'),
	(31, 4, '1', '00:19:38', NULL, NULL, NULL, 0, '2015-08-27 09:45:01', '2015-08-27 09:45:01'),
	(32, 4, '2', '00:23:07', NULL, NULL, NULL, 0, '2015-08-27 09:45:01', '2015-08-27 09:45:01'),
	(33, 4, '3', '00:18:31', NULL, NULL, NULL, 0, '2015-08-27 09:45:01', '2015-08-27 09:45:01'),
	(34, 4, '4', '00:18:35', NULL, NULL, NULL, 0, '2015-08-27 09:45:01', '2015-08-27 09:45:01'),
	(35, 4, '5', '00:19:08', NULL, NULL, NULL, 0, '2015-08-27 09:45:01', '2015-08-27 09:45:01'),
	(36, 4, '10', '00:16:17', NULL, NULL, NULL, 0, '2015-08-27 09:45:01', '2015-08-27 09:45:01'),
	(37, 4, '11', '00:19:30', NULL, NULL, NULL, 0, '2015-08-27 09:45:01', '2015-08-27 09:45:01'),
	(38, 4, '12', '00:19:11', NULL, NULL, NULL, 0, '2015-08-27 09:45:01', '2015-08-27 09:45:01'),
	(39, 4, '17', '00:22:24', NULL, NULL, NULL, 0, '2015-08-27 09:45:01', '2015-08-27 09:45:01'),
	(40, 4, '18', '00:20:02', NULL, NULL, NULL, 0, '2015-08-27 09:45:01', '2015-08-27 09:45:01'),
	(41, 5, '1', '00:00:00', NULL, NULL, NULL, 0, '2015-08-27 10:00:01', '2015-08-27 10:00:01'),
	(42, 5, '2', '00:00:00', NULL, NULL, NULL, 0, '2015-08-27 10:00:01', '2015-08-27 10:00:01'),
	(43, 5, '3', '00:00:00', NULL, NULL, NULL, 0, '2015-08-27 10:00:01', '2015-08-27 10:00:01'),
	(44, 5, '4', '00:00:00', NULL, NULL, NULL, 0, '2015-08-27 10:00:01', '2015-08-27 10:00:01'),
	(45, 5, '5', '00:00:00', NULL, NULL, NULL, 0, '2015-08-27 10:00:01', '2015-08-27 10:00:01'),
	(46, 5, '10', '00:00:00', NULL, NULL, NULL, 0, '2015-08-27 10:00:01', '2015-08-27 10:00:01'),
	(47, 5, '11', '00:00:00', NULL, NULL, NULL, 0, '2015-08-27 10:00:01', '2015-08-27 10:00:01'),
	(48, 5, '12', '00:00:00', NULL, NULL, NULL, 0, '2015-08-27 10:00:01', '2015-08-27 10:00:01'),
	(49, 5, '17', '00:00:00', NULL, NULL, NULL, 0, '2015-08-27 10:00:01', '2015-08-27 10:00:01'),
	(50, 5, '18', '00:00:00', NULL, NULL, NULL, 0, '2015-08-27 10:00:01', '2015-08-27 10:00:01'),
	(51, 6, '1', '00:10:54', NULL, NULL, NULL, 0, '2015-08-27 10:15:01', '2015-08-27 10:15:01'),
	(52, 6, '2', '00:12:33', NULL, NULL, NULL, 0, '2015-08-27 10:15:01', '2015-08-27 10:15:01'),
	(53, 6, '3', '00:10:07', NULL, NULL, NULL, 0, '2015-08-27 10:15:01', '2015-08-27 10:15:01'),
	(54, 6, '4', '00:09:52', NULL, NULL, NULL, 0, '2015-08-27 10:15:01', '2015-08-27 10:15:01'),
	(55, 6, '5', '00:10:51', NULL, NULL, NULL, 0, '2015-08-27 10:15:01', '2015-08-27 10:15:01'),
	(56, 6, '10', '00:09:39', NULL, NULL, NULL, 0, '2015-08-27 10:15:01', '2015-08-27 10:15:01'),
	(57, 6, '11', '00:11:23', NULL, NULL, NULL, 0, '2015-08-27 10:15:01', '2015-08-27 10:15:01'),
	(58, 6, '12', '00:10:30', NULL, NULL, NULL, 0, '2015-08-27 10:15:01', '2015-08-27 10:15:01'),
	(59, 6, '17', '00:13:21', NULL, NULL, NULL, 0, '2015-08-27 10:15:01', '2015-08-27 10:15:01'),
	(60, 6, '18', '00:11:31', NULL, NULL, NULL, 0, '2015-08-27 10:15:01', '2015-08-27 10:15:01'),
	(61, 7, '1', '00:18:12', NULL, NULL, NULL, 0, '2015-08-27 10:30:00', '2015-08-27 10:30:00'),
	(62, 7, '2', '00:20:32', NULL, NULL, NULL, 0, '2015-08-27 10:30:00', '2015-08-27 10:30:00'),
	(63, 7, '3', '00:17:12', NULL, NULL, NULL, 0, '2015-08-27 10:30:00', '2015-08-27 10:30:00'),
	(64, 7, '4', '00:16:53', NULL, NULL, NULL, 0, '2015-08-27 10:30:00', '2015-08-27 10:30:00'),
	(65, 7, '5', '00:18:27', NULL, NULL, NULL, 0, '2015-08-27 10:30:00', '2015-08-27 10:30:00'),
	(66, 7, '10', '00:16:40', NULL, NULL, NULL, 0, '2015-08-27 10:30:00', '2015-08-27 10:30:00'),
	(67, 7, '11', '00:18:19', NULL, NULL, NULL, 0, '2015-08-27 10:30:00', '2015-08-27 10:30:00'),
	(68, 7, '12', '00:18:16', NULL, NULL, NULL, 0, '2015-08-27 10:30:00', '2015-08-27 10:30:00'),
	(69, 7, '17', '00:22:11', NULL, NULL, NULL, 0, '2015-08-27 10:30:00', '2015-08-27 10:30:00'),
	(70, 7, '18', '00:19:02', NULL, NULL, NULL, 0, '2015-08-27 10:30:00', '2015-08-27 10:30:00'),
	(71, 8, '1', '00:16:17', NULL, NULL, NULL, 0, '2015-08-27 10:45:02', '2015-08-27 10:45:02'),
	(72, 8, '2', '00:19:22', NULL, NULL, NULL, 0, '2015-08-27 10:45:02', '2015-08-27 10:45:02'),
	(73, 8, '3', '00:15:14', NULL, NULL, NULL, 0, '2015-08-27 10:45:02', '2015-08-27 10:45:02'),
	(74, 8, '4', '00:15:07', NULL, NULL, NULL, 0, '2015-08-27 10:45:02', '2015-08-27 10:45:02'),
	(75, 8, '5', '00:16:28', NULL, NULL, NULL, 0, '2015-08-27 10:45:02', '2015-08-27 10:45:02'),
	(76, 8, '10', '00:14:21', NULL, NULL, NULL, 0, '2015-08-27 10:45:02', '2015-08-27 10:45:02'),
	(77, 8, '11', '00:16:44', NULL, NULL, NULL, 0, '2015-08-27 10:45:02', '2015-08-27 10:45:02'),
	(78, 8, '12', '00:15:14', NULL, NULL, NULL, 0, '2015-08-27 10:45:02', '2015-08-27 10:45:02'),
	(79, 8, '17', '00:21:03', NULL, NULL, NULL, 0, '2015-08-27 10:45:02', '2015-08-27 10:45:02'),
	(80, 8, '18', '00:17:40', NULL, NULL, NULL, 0, '2015-08-27 10:45:02', '2015-08-27 10:45:02'),
	(81, 9, '1', '00:13:34', NULL, NULL, NULL, 0, '2015-08-27 11:00:01', '2015-08-27 11:00:01'),
	(82, 9, '2', '00:15:01', NULL, NULL, NULL, 0, '2015-08-27 11:00:01', '2015-08-27 11:00:01'),
	(83, 9, '3', '00:11:44', NULL, NULL, NULL, 0, '2015-08-27 11:00:01', '2015-08-27 11:00:01'),
	(84, 9, '4', '00:11:54', NULL, NULL, NULL, 0, '2015-08-27 11:00:01', '2015-08-27 11:00:01'),
	(85, 9, '5', '00:14:20', NULL, NULL, NULL, 0, '2015-08-27 11:00:01', '2015-08-27 11:00:01'),
	(86, 9, '10', '00:11:06', NULL, NULL, NULL, 0, '2015-08-27 11:00:01', '2015-08-27 11:00:01'),
	(87, 9, '11', '00:13:49', NULL, NULL, NULL, 0, '2015-08-27 11:00:01', '2015-08-27 11:00:01'),
	(88, 9, '12', '00:12:15', NULL, NULL, NULL, 0, '2015-08-27 11:00:01', '2015-08-27 11:00:01'),
	(89, 9, '17', '00:16:11', NULL, NULL, NULL, 0, '2015-08-27 11:00:01', '2015-08-27 11:00:01'),
	(90, 9, '18', '00:13:25', NULL, NULL, NULL, 0, '2015-08-27 11:00:01', '2015-08-27 11:00:01'),
	(91, 10, '1', '00:38:31', NULL, NULL, NULL, 0, '2015-08-27 11:15:01', '2015-08-27 11:15:01'),
	(92, 10, '2', '00:46:06', NULL, NULL, NULL, 0, '2015-08-27 11:15:01', '2015-08-27 11:15:01'),
	(93, 10, '3', '00:37:37', NULL, NULL, NULL, 0, '2015-08-27 11:15:01', '2015-08-27 11:15:01'),
	(94, 10, '4', '00:37:10', NULL, NULL, NULL, 0, '2015-08-27 11:15:01', '2015-08-27 11:15:01'),
	(95, 10, '5', '00:40:09', NULL, NULL, NULL, 0, '2015-08-27 11:15:01', '2015-08-27 11:15:01'),
	(96, 10, '10', '00:36:16', NULL, NULL, NULL, 0, '2015-08-27 11:15:01', '2015-08-27 11:15:01'),
	(97, 10, '11', '00:41:50', NULL, NULL, NULL, 0, '2015-08-27 11:15:01', '2015-08-27 11:15:01'),
	(98, 10, '12', '00:40:10', NULL, NULL, NULL, 0, '2015-08-27 11:15:01', '2015-08-27 11:15:01'),
	(99, 10, '17', '00:49:03', NULL, NULL, NULL, 0, '2015-08-27 11:15:01', '2015-08-27 11:15:01'),
	(100, 10, '18', '00:41:25', NULL, NULL, NULL, 0, '2015-08-27 11:15:01', '2015-08-27 11:15:01'),
	(101, 11, '1', '00:14:51', NULL, NULL, NULL, 0, '2015-08-27 11:30:00', '2015-08-27 11:30:00'),
	(102, 11, '2', '00:17:15', NULL, NULL, NULL, 0, '2015-08-27 11:30:00', '2015-08-27 11:30:00'),
	(103, 11, '3', '00:14:02', NULL, NULL, NULL, 0, '2015-08-27 11:30:00', '2015-08-27 11:30:00'),
	(104, 11, '4', '00:13:52', NULL, NULL, NULL, 0, '2015-08-27 11:30:00', '2015-08-27 11:30:00'),
	(105, 11, '5', '00:16:36', NULL, NULL, NULL, 0, '2015-08-27 11:30:00', '2015-08-27 11:30:00'),
	(106, 11, '10', '00:12:37', NULL, NULL, NULL, 0, '2015-08-27 11:30:00', '2015-08-27 11:30:00'),
	(107, 11, '11', '00:15:16', NULL, NULL, NULL, 0, '2015-08-27 11:30:00', '2015-08-27 11:30:00'),
	(108, 11, '12', '00:14:19', NULL, NULL, NULL, 0, '2015-08-27 11:30:00', '2015-08-27 11:30:00'),
	(109, 11, '17', '00:18:25', NULL, NULL, NULL, 0, '2015-08-27 11:30:00', '2015-08-27 11:30:00'),
	(110, 11, '18', '00:16:02', NULL, NULL, NULL, 0, '2015-08-27 11:30:00', '2015-08-27 11:30:00'),
	(111, 12, '1', '00:00:00', NULL, NULL, NULL, 0, '2015-08-27 11:45:01', '2015-08-27 11:45:01'),
	(112, 12, '2', '00:00:00', NULL, NULL, NULL, 0, '2015-08-27 11:45:01', '2015-08-27 11:45:01'),
	(113, 12, '3', '00:00:00', NULL, NULL, NULL, 0, '2015-08-27 11:45:01', '2015-08-27 11:45:01'),
	(114, 12, '4', '00:00:00', NULL, NULL, NULL, 0, '2015-08-27 11:45:01', '2015-08-27 11:45:01'),
	(115, 12, '5', '00:00:00', NULL, NULL, NULL, 0, '2015-08-27 11:45:01', '2015-08-27 11:45:01'),
	(116, 12, '10', '00:00:00', NULL, NULL, NULL, 0, '2015-08-27 11:45:01', '2015-08-27 11:45:01'),
	(117, 12, '11', '00:00:00', NULL, NULL, NULL, 0, '2015-08-27 11:45:01', '2015-08-27 11:45:01'),
	(118, 12, '12', '00:00:00', NULL, NULL, NULL, 0, '2015-08-27 11:45:01', '2015-08-27 11:45:01'),
	(119, 12, '17', '00:00:00', NULL, NULL, NULL, 0, '2015-08-27 11:45:01', '2015-08-27 11:45:01'),
	(120, 12, '18', '00:00:00', NULL, NULL, NULL, 0, '2015-08-27 11:45:01', '2015-08-27 11:45:01'),
	(121, 13, '1', '00:00:00', NULL, NULL, NULL, 0, '2015-08-27 12:00:01', '2015-08-27 12:00:01'),
	(122, 13, '2', '00:00:00', NULL, NULL, NULL, 0, '2015-08-27 12:00:01', '2015-08-27 12:00:01'),
	(123, 13, '3', '00:00:00', NULL, NULL, NULL, 0, '2015-08-27 12:00:01', '2015-08-27 12:00:01'),
	(124, 13, '4', '00:00:00', NULL, NULL, NULL, 0, '2015-08-27 12:00:01', '2015-08-27 12:00:01'),
	(125, 13, '5', '00:00:00', NULL, NULL, NULL, 0, '2015-08-27 12:00:01', '2015-08-27 12:00:01'),
	(126, 13, '10', '00:00:00', NULL, NULL, NULL, 0, '2015-08-27 12:00:01', '2015-08-27 12:00:01'),
	(127, 13, '11', '00:00:00', NULL, NULL, NULL, 0, '2015-08-27 12:00:01', '2015-08-27 12:00:01'),
	(128, 13, '12', '00:00:00', NULL, NULL, NULL, 0, '2015-08-27 12:00:01', '2015-08-27 12:00:01'),
	(129, 13, '17', '00:00:00', NULL, NULL, NULL, 0, '2015-08-27 12:00:01', '2015-08-27 12:00:01'),
	(130, 13, '18', '00:00:00', NULL, NULL, NULL, 0, '2015-08-27 12:00:01', '2015-08-27 12:00:01'),
	(131, 14, '1', '00:23:27', NULL, NULL, NULL, 0, '2015-08-27 12:15:01', '2015-08-27 12:15:01'),
	(132, 14, '2', '00:24:32', NULL, NULL, NULL, 0, '2015-08-27 12:15:01', '2015-08-27 12:15:01'),
	(133, 14, '3', '00:20:50', NULL, NULL, NULL, 0, '2015-08-27 12:15:01', '2015-08-27 12:15:01'),
	(134, 14, '4', '00:19:57', NULL, NULL, NULL, 0, '2015-08-27 12:15:01', '2015-08-27 12:15:01'),
	(135, 14, '5', '00:22:46', NULL, NULL, NULL, 0, '2015-08-27 12:15:01', '2015-08-27 12:15:01'),
	(136, 14, '10', '00:19:13', NULL, NULL, NULL, 0, '2015-08-27 12:15:01', '2015-08-27 12:15:01'),
	(137, 14, '11', '00:23:36', NULL, NULL, NULL, 0, '2015-08-27 12:15:01', '2015-08-27 12:15:01'),
	(138, 14, '12', '00:23:08', NULL, NULL, NULL, 0, '2015-08-27 12:15:01', '2015-08-27 12:15:01'),
	(139, 14, '17', '00:27:31', NULL, NULL, NULL, 0, '2015-08-27 12:15:01', '2015-08-27 12:15:01'),
	(140, 14, '18', '00:23:43', NULL, NULL, NULL, 0, '2015-08-27 12:15:01', '2015-08-27 12:15:01'),
	(141, 15, '1', '00:07:22', NULL, NULL, NULL, 0, '2015-08-27 12:30:01', '2015-08-27 12:30:01'),
	(142, 15, '2', '00:07:58', NULL, NULL, NULL, 0, '2015-08-27 12:30:01', '2015-08-27 12:30:01'),
	(143, 15, '3', '00:07:15', NULL, NULL, NULL, 0, '2015-08-27 12:30:01', '2015-08-27 12:30:01'),
	(144, 15, '4', '00:06:43', NULL, NULL, NULL, 0, '2015-08-27 12:30:01', '2015-08-27 12:30:01'),
	(145, 15, '5', '00:07:54', NULL, NULL, NULL, 0, '2015-08-27 12:30:01', '2015-08-27 12:30:01'),
	(146, 15, '10', '00:06:31', NULL, NULL, NULL, 0, '2015-08-27 12:30:01', '2015-08-27 12:30:01'),
	(147, 15, '11', '00:07:09', NULL, NULL, NULL, 0, '2015-08-27 12:30:01', '2015-08-27 12:30:01'),
	(148, 15, '12', '00:07:08', NULL, NULL, NULL, 0, '2015-08-27 12:30:01', '2015-08-27 12:30:01'),
	(149, 15, '17', '00:09:11', NULL, NULL, NULL, 0, '2015-08-27 12:30:01', '2015-08-27 12:30:01'),
	(150, 15, '18', '00:07:31', NULL, NULL, NULL, 0, '2015-08-27 12:30:01', '2015-08-27 12:30:01'),
	(151, 202, '19', '00:19:46', NULL, NULL, NULL, 0, '2015-08-28 09:00:00', '2015-08-28 09:00:00'),
	(152, 202, '21', '00:20:19', NULL, NULL, NULL, 0, '2015-08-28 09:00:00', '2015-08-28 09:00:00'),
	(153, 202, '23', '00:21:58', NULL, NULL, NULL, 0, '2015-08-28 09:00:00', '2015-08-28 09:00:00'),
	(154, 202, '24', '00:21:58', NULL, NULL, NULL, 0, '2015-08-28 09:00:00', '2015-08-28 09:00:00'),
	(155, 202, '25', '00:21:55', NULL, NULL, NULL, 0, '2015-08-28 09:00:00', '2015-08-28 09:00:00'),
	(156, 202, '27', '00:28:18', NULL, NULL, NULL, 0, '2015-08-28 09:00:00', '2015-08-28 09:00:00'),
	(157, 203, '19', '00:01:58', NULL, NULL, NULL, 0, '2015-08-28 09:15:01', '2015-08-28 09:15:01'),
	(158, 203, '21', '00:02:12', NULL, NULL, NULL, 0, '2015-08-28 09:15:01', '2015-08-28 09:15:01'),
	(159, 203, '23', '00:02:14', NULL, NULL, NULL, 0, '2015-08-28 09:15:01', '2015-08-28 09:15:01'),
	(160, 203, '24', '00:02:07', NULL, NULL, NULL, 0, '2015-08-28 09:15:01', '2015-08-28 09:15:01'),
	(161, 203, '25', '00:02:20', NULL, NULL, NULL, 0, '2015-08-28 09:15:01', '2015-08-28 09:15:01'),
	(162, 203, '27', '00:02:49', NULL, NULL, NULL, 0, '2015-08-28 09:15:01', '2015-08-28 09:15:01'),
	(163, 204, '19', '00:21:27', NULL, NULL, NULL, 0, '2015-08-28 09:30:00', '2015-08-28 09:30:00'),
	(164, 204, '21', '00:20:50', NULL, NULL, NULL, 0, '2015-08-28 09:30:00', '2015-08-28 09:30:00'),
	(165, 204, '23', '00:24:24', NULL, NULL, NULL, 0, '2015-08-28 09:30:00', '2015-08-28 09:30:00'),
	(166, 204, '24', '00:23:08', NULL, NULL, NULL, 0, '2015-08-28 09:30:00', '2015-08-28 09:30:00'),
	(167, 204, '25', '00:22:33', NULL, NULL, NULL, 0, '2015-08-28 09:30:00', '2015-08-28 09:30:00'),
	(168, 204, '27', '00:30:33', NULL, NULL, NULL, 0, '2015-08-28 09:30:00', '2015-08-28 09:30:00'),
	(169, 205, '19', '00:19:29', NULL, NULL, NULL, 0, '2015-08-28 09:45:01', '2015-08-28 09:45:01'),
	(170, 205, '21', '00:18:51', NULL, NULL, NULL, 0, '2015-08-28 09:45:01', '2015-08-28 09:45:01'),
	(171, 205, '23', '00:20:10', NULL, NULL, NULL, 0, '2015-08-28 09:45:01', '2015-08-28 09:45:01'),
	(172, 205, '24', '00:19:55', NULL, NULL, NULL, 0, '2015-08-28 09:45:01', '2015-08-28 09:45:01'),
	(173, 205, '25', '00:20:46', NULL, NULL, NULL, 0, '2015-08-28 09:45:01', '2015-08-28 09:45:01'),
	(174, 205, '27', '00:27:37', NULL, NULL, NULL, 0, '2015-08-28 09:45:01', '2015-08-28 09:45:01'),
	(175, 206, '19', '00:02:04', NULL, NULL, NULL, 0, '2015-08-28 10:00:01', '2015-08-28 10:00:01'),
	(176, 206, '21', '00:01:59', NULL, NULL, NULL, 0, '2015-08-28 10:00:01', '2015-08-28 10:00:01'),
	(177, 206, '23', '00:02:08', NULL, NULL, NULL, 0, '2015-08-28 10:00:01', '2015-08-28 10:00:01'),
	(178, 206, '24', '00:02:10', NULL, NULL, NULL, 0, '2015-08-28 10:00:01', '2015-08-28 10:00:01'),
	(179, 206, '25', '00:02:13', NULL, NULL, NULL, 0, '2015-08-28 10:00:01', '2015-08-28 10:00:01'),
	(180, 206, '27', '00:02:47', NULL, NULL, NULL, 0, '2015-08-28 10:00:01', '2015-08-28 10:00:01'),
	(181, 207, '19', '00:20:58', NULL, NULL, NULL, 0, '2015-08-28 10:15:00', '2015-08-28 10:15:00'),
	(182, 207, '21', '00:23:18', NULL, NULL, NULL, 0, '2015-08-28 10:15:00', '2015-08-28 10:15:00'),
	(183, 207, '23', '00:23:43', NULL, NULL, NULL, 0, '2015-08-28 10:15:00', '2015-08-28 10:15:00'),
	(184, 207, '24', '00:23:30', NULL, NULL, NULL, 0, '2015-08-28 10:15:00', '2015-08-28 10:15:00'),
	(185, 207, '25', '00:23:44', NULL, NULL, NULL, 0, '2015-08-28 10:15:00', '2015-08-28 10:15:00'),
	(186, 207, '27', '00:28:46', NULL, NULL, NULL, 0, '2015-08-28 10:15:00', '2015-08-28 10:15:00'),
	(187, 208, '19', '00:07:31', NULL, NULL, NULL, 0, '2015-08-28 10:30:01', '2015-08-28 10:30:01'),
	(188, 208, '21', '00:07:58', NULL, NULL, NULL, 0, '2015-08-28 10:30:01', '2015-08-28 10:30:01'),
	(189, 208, '23', '00:07:52', NULL, NULL, NULL, 0, '2015-08-28 10:30:01', '2015-08-28 10:30:01'),
	(190, 208, '24', '00:08:13', NULL, NULL, NULL, 0, '2015-08-28 10:30:01', '2015-08-28 10:30:01'),
	(191, 208, '25', '00:08:15', NULL, NULL, NULL, 0, '2015-08-28 10:30:01', '2015-08-28 10:30:01'),
	(192, 208, '27', '00:10:44', NULL, NULL, NULL, 0, '2015-08-28 10:30:01', '2015-08-28 10:30:01'),
	(193, 209, '19', '00:16:37', NULL, NULL, NULL, 0, '2015-08-28 10:45:00', '2015-08-28 10:45:00'),
	(194, 209, '21', '00:17:20', NULL, NULL, NULL, 0, '2015-08-28 10:45:00', '2015-08-28 10:45:00'),
	(195, 209, '23', '00:19:03', NULL, NULL, NULL, 0, '2015-08-28 10:45:00', '2015-08-28 10:45:00'),
	(196, 209, '24', '00:18:01', NULL, NULL, NULL, 0, '2015-08-28 10:45:00', '2015-08-28 10:45:00'),
	(197, 209, '25', '00:18:55', NULL, NULL, NULL, 0, '2015-08-28 10:45:00', '2015-08-28 10:45:00'),
	(198, 209, '27', '00:23:42', NULL, NULL, NULL, 0, '2015-08-28 10:45:00', '2015-08-28 10:45:00'),
	(199, 210, '19', '00:07:46', NULL, NULL, NULL, 0, '2015-08-28 11:00:01', '2015-08-28 11:00:01'),
	(200, 210, '21', '00:07:46', NULL, NULL, NULL, 0, '2015-08-28 11:00:01', '2015-08-28 11:00:01'),
	(201, 210, '23', '00:08:34', NULL, NULL, NULL, 0, '2015-08-28 11:00:01', '2015-08-28 11:00:01'),
	(202, 210, '24', '00:08:05', NULL, NULL, NULL, 0, '2015-08-28 11:00:01', '2015-08-28 11:00:01'),
	(203, 210, '25', '00:08:17', NULL, NULL, NULL, 0, '2015-08-28 11:00:01', '2015-08-28 11:00:01'),
	(204, 210, '27', '00:11:13', NULL, NULL, NULL, 0, '2015-08-28 11:00:01', '2015-08-28 11:00:01'),
	(205, 211, '19', '00:17:09', NULL, NULL, NULL, 0, '2015-08-28 11:15:01', '2015-08-28 11:15:01'),
	(206, 211, '21', '00:16:40', NULL, NULL, NULL, 0, '2015-08-28 11:15:01', '2015-08-28 11:15:01'),
	(207, 211, '23', '00:17:47', NULL, NULL, NULL, 0, '2015-08-28 11:15:01', '2015-08-28 11:15:01'),
	(208, 211, '24', '00:17:42', NULL, NULL, NULL, 0, '2015-08-28 11:15:01', '2015-08-28 11:15:01'),
	(209, 211, '25', '00:19:16', NULL, NULL, NULL, 0, '2015-08-28 11:15:01', '2015-08-28 11:15:01'),
	(210, 211, '27', '00:24:26', NULL, NULL, NULL, 0, '2015-08-28 11:15:01', '2015-08-28 11:15:01'),
	(211, 212, '19', '00:14:20', NULL, NULL, NULL, 0, '2015-08-28 11:30:01', '2015-08-28 11:30:01'),
	(212, 212, '21', '00:14:12', NULL, NULL, NULL, 0, '2015-08-28 11:30:01', '2015-08-28 11:30:01'),
	(213, 212, '23', '00:14:55', NULL, NULL, NULL, 0, '2015-08-28 11:30:01', '2015-08-28 11:30:01'),
	(214, 212, '24', '00:14:12', NULL, NULL, NULL, 0, '2015-08-28 11:30:01', '2015-08-28 11:30:01'),
	(215, 212, '25', '00:15:34', NULL, NULL, NULL, 0, '2015-08-28 11:30:01', '2015-08-28 11:30:01'),
	(216, 212, '27', '00:18:20', NULL, NULL, NULL, 0, '2015-08-28 11:30:01', '2015-08-28 11:30:01'),
	(217, 213, '19', '00:08:47', NULL, NULL, NULL, 0, '2015-08-28 11:45:01', '2015-08-28 11:45:01'),
	(218, 213, '21', '00:08:32', NULL, NULL, NULL, 0, '2015-08-28 11:45:01', '2015-08-28 11:45:01'),
	(219, 213, '23', '00:08:47', NULL, NULL, NULL, 0, '2015-08-28 11:45:01', '2015-08-28 11:45:01'),
	(220, 213, '24', '00:08:42', NULL, NULL, NULL, 0, '2015-08-28 11:45:01', '2015-08-28 11:45:01'),
	(221, 213, '25', '00:09:11', NULL, NULL, NULL, 0, '2015-08-28 11:45:01', '2015-08-28 11:45:01'),
	(222, 213, '27', '00:11:26', NULL, NULL, NULL, 0, '2015-08-28 11:45:01', '2015-08-28 11:45:01'),
	(223, 214, '19', '00:01:23', NULL, NULL, NULL, 0, '2015-08-28 12:00:01', '2015-08-28 12:00:01'),
	(224, 214, '21', '00:01:30', NULL, NULL, NULL, 0, '2015-08-28 12:00:01', '2015-08-28 12:00:01'),
	(225, 214, '23', '00:01:39', NULL, NULL, NULL, 0, '2015-08-28 12:00:01', '2015-08-28 12:00:01'),
	(226, 214, '24', '00:01:37', NULL, NULL, NULL, 0, '2015-08-28 12:00:01', '2015-08-28 12:00:01'),
	(227, 214, '25', '00:01:34', NULL, NULL, NULL, 0, '2015-08-28 12:00:01', '2015-08-28 12:00:01'),
	(228, 214, '27', '00:01:56', NULL, NULL, NULL, 0, '2015-08-28 12:00:01', '2015-08-28 12:00:01'),
	(229, 215, '19', '00:11:12', NULL, NULL, NULL, 0, '2015-08-28 12:15:00', '2015-08-28 12:15:00'),
	(230, 215, '21', '00:11:54', NULL, NULL, NULL, 0, '2015-08-28 12:15:00', '2015-08-28 12:15:00'),
	(231, 215, '23', '00:11:55', NULL, NULL, NULL, 0, '2015-08-28 12:15:00', '2015-08-28 12:15:00'),
	(232, 215, '24', '00:12:18', NULL, NULL, NULL, 0, '2015-08-28 12:15:00', '2015-08-28 12:15:00'),
	(233, 215, '25', '00:12:58', NULL, NULL, NULL, 0, '2015-08-28 12:15:00', '2015-08-28 12:15:00'),
	(234, 215, '27', '00:15:31', NULL, NULL, NULL, 0, '2015-08-28 12:15:00', '2015-08-28 12:15:00'),
	(235, 216, '19', '00:08:17', NULL, NULL, NULL, 0, '2015-08-28 12:30:01', '2015-08-28 12:30:01'),
	(236, 216, '21', '00:08:44', NULL, NULL, NULL, 0, '2015-08-28 12:30:01', '2015-08-28 12:30:01'),
	(237, 216, '23', '00:08:50', NULL, NULL, NULL, 0, '2015-08-28 12:30:01', '2015-08-28 12:30:01'),
	(238, 216, '24', '00:08:42', NULL, NULL, NULL, 0, '2015-08-28 12:30:01', '2015-08-28 12:30:01'),
	(239, 216, '25', '00:09:18', NULL, NULL, NULL, 0, '2015-08-28 12:30:01', '2015-08-28 12:30:01'),
	(240, 216, '27', '00:11:37', NULL, NULL, NULL, 0, '2015-08-28 12:30:01', '2015-08-28 12:30:01'),
	(241, 217, '19', '00:06:27', NULL, NULL, NULL, 0, '2015-08-28 12:45:01', '2015-08-28 12:45:01'),
	(242, 217, '21', '00:06:32', NULL, NULL, NULL, 0, '2015-08-28 12:45:01', '2015-08-28 12:45:01'),
	(243, 217, '23', '00:07:14', NULL, NULL, NULL, 0, '2015-08-28 12:45:01', '2015-08-28 12:45:01'),
	(244, 217, '24', '00:07:02', NULL, NULL, NULL, 0, '2015-08-28 12:45:01', '2015-08-28 12:45:01'),
	(245, 217, '25', '00:07:32', NULL, NULL, NULL, 0, '2015-08-28 12:45:01', '2015-08-28 12:45:01'),
	(246, 217, '27', '00:10:05', NULL, NULL, NULL, 0, '2015-08-28 12:45:01', '2015-08-28 12:45:01'),
	(247, 218, '19', '00:05:52', NULL, NULL, NULL, 0, '2015-08-28 13:00:01', '2015-08-28 13:00:01'),
	(248, 218, '21', '00:05:35', NULL, NULL, NULL, 0, '2015-08-28 13:00:01', '2015-08-28 13:00:01'),
	(249, 218, '23', '00:06:19', NULL, NULL, NULL, 0, '2015-08-28 13:00:01', '2015-08-28 13:00:01'),
	(250, 218, '24', '00:06:14', NULL, NULL, NULL, 0, '2015-08-28 13:00:01', '2015-08-28 13:00:01'),
	(251, 218, '25', '00:06:32', NULL, NULL, NULL, 0, '2015-08-28 13:00:01', '2015-08-28 13:00:01'),
	(252, 218, '27', '00:08:13', NULL, NULL, NULL, 0, '2015-08-28 13:00:01', '2015-08-28 13:00:01'),
	(253, 520, '20', '00:01:38', NULL, NULL, NULL, 0, '2015-08-29 09:00:01', '2015-08-29 09:00:01'),
	(254, 520, '22', '00:02:01', NULL, NULL, NULL, 0, '2015-08-29 09:00:01', '2015-08-29 09:00:01'),
	(255, 520, '26', '00:01:51', NULL, NULL, NULL, 0, '2015-08-29 09:00:01', '2015-08-29 09:00:01'),
	(256, 520, '28', '00:01:47', NULL, NULL, NULL, 0, '2015-08-29 09:00:01', '2015-08-29 09:00:01'),
	(257, 520, '30', '00:01:44', NULL, NULL, NULL, 0, '2015-08-29 09:00:01', '2015-08-29 09:00:01'),
	(258, 520, '32', '00:01:43', NULL, NULL, NULL, 0, '2015-08-29 09:00:01', '2015-08-29 09:00:01'),
	(259, 520, '33', '00:01:32', NULL, NULL, NULL, 0, '2015-08-29 09:00:01', '2015-08-29 09:00:01'),
	(260, 520, '34', '00:02:18', NULL, NULL, NULL, 0, '2015-08-29 09:00:01', '2015-08-29 09:00:01'),
	(261, 520, '35', '00:01:55', NULL, NULL, NULL, 0, '2015-08-29 09:00:01', '2015-08-29 09:00:01'),
	(262, 520, '37', '00:01:50', NULL, NULL, NULL, 0, '2015-08-29 09:00:01', '2015-08-29 09:00:01'),
	(263, 520, '38', '00:01:48', NULL, NULL, NULL, 0, '2015-08-29 09:00:01', '2015-08-29 09:00:01'),
	(264, 521, '20', '00:01:38', NULL, NULL, NULL, 0, '2015-08-29 09:15:01', '2015-08-29 09:15:01'),
	(265, 521, '22', '00:01:51', NULL, NULL, NULL, 0, '2015-08-29 09:15:01', '2015-08-29 09:15:01'),
	(266, 521, '26', '00:01:48', NULL, NULL, NULL, 0, '2015-08-29 09:15:01', '2015-08-29 09:15:01'),
	(267, 521, '28', '00:01:45', NULL, NULL, NULL, 0, '2015-08-29 09:15:01', '2015-08-29 09:15:01'),
	(268, 521, '30', '00:01:47', NULL, NULL, NULL, 0, '2015-08-29 09:15:01', '2015-08-29 09:15:01'),
	(269, 521, '32', '00:01:49', NULL, NULL, NULL, 0, '2015-08-29 09:15:01', '2015-08-29 09:15:01'),
	(270, 521, '33', '00:01:36', NULL, NULL, NULL, 0, '2015-08-29 09:15:01', '2015-08-29 09:15:01'),
	(271, 521, '34', '00:02:19', NULL, NULL, NULL, 0, '2015-08-29 09:15:01', '2015-08-29 09:15:01'),
	(272, 521, '35', '00:02:05', NULL, NULL, NULL, 0, '2015-08-29 09:15:01', '2015-08-29 09:15:01'),
	(273, 521, '37', '00:01:54', NULL, NULL, NULL, 0, '2015-08-29 09:15:01', '2015-08-29 09:15:01'),
	(274, 521, '38', '00:01:51', NULL, NULL, NULL, 0, '2015-08-29 09:15:01', '2015-08-29 09:15:01'),
	(275, 522, '20', '00:15:38', NULL, NULL, NULL, 0, '2015-08-29 09:30:01', '2015-08-29 09:30:01'),
	(276, 522, '22', '00:19:15', NULL, NULL, NULL, 0, '2015-08-29 09:30:01', '2015-08-29 09:30:01'),
	(277, 522, '26', '00:17:15', NULL, NULL, NULL, 0, '2015-08-29 09:30:01', '2015-08-29 09:30:01'),
	(278, 522, '28', '00:18:11', NULL, NULL, NULL, 0, '2015-08-29 09:30:01', '2015-08-29 09:30:01'),
	(279, 522, '30', '00:17:16', NULL, NULL, NULL, 0, '2015-08-29 09:30:01', '2015-08-29 09:30:01'),
	(280, 522, '32', '00:16:24', NULL, NULL, NULL, 0, '2015-08-29 09:30:01', '2015-08-29 09:30:01'),
	(281, 522, '33', '00:16:14', NULL, NULL, NULL, 0, '2015-08-29 09:30:01', '2015-08-29 09:30:01'),
	(282, 522, '34', '00:21:36', NULL, NULL, NULL, 0, '2015-08-29 09:30:01', '2015-08-29 09:30:01'),
	(283, 522, '35', '00:18:59', NULL, NULL, NULL, 0, '2015-08-29 09:30:01', '2015-08-29 09:30:01'),
	(284, 522, '37', '00:18:32', NULL, NULL, NULL, 0, '2015-08-29 09:30:01', '2015-08-29 09:30:01'),
	(285, 522, '38', '00:18:35', NULL, NULL, NULL, 0, '2015-08-29 09:30:01', '2015-08-29 09:30:01'),
	(286, 523, '20', '00:11:23', NULL, NULL, NULL, 0, '2015-08-29 09:45:01', '2015-08-29 09:45:01'),
	(287, 523, '22', '00:13:02', NULL, NULL, NULL, 0, '2015-08-29 09:45:01', '2015-08-29 09:45:01'),
	(288, 523, '26', '00:11:42', NULL, NULL, NULL, 0, '2015-08-29 09:45:01', '2015-08-29 09:45:01'),
	(289, 523, '28', '00:12:01', NULL, NULL, NULL, 0, '2015-08-29 09:45:01', '2015-08-29 09:45:01'),
	(290, 523, '30', '00:11:56', NULL, NULL, NULL, 0, '2015-08-29 09:45:01', '2015-08-29 09:45:01'),
	(291, 523, '32', '00:12:02', NULL, NULL, NULL, 0, '2015-08-29 09:45:01', '2015-08-29 09:45:01'),
	(292, 523, '33', '00:10:50', NULL, NULL, NULL, 0, '2015-08-29 09:45:01', '2015-08-29 09:45:01'),
	(293, 523, '34', '00:15:53', NULL, NULL, NULL, 0, '2015-08-29 09:45:01', '2015-08-29 09:45:01'),
	(294, 523, '35', '00:13:51', NULL, NULL, NULL, 0, '2015-08-29 09:45:01', '2015-08-29 09:45:01'),
	(295, 523, '37', '00:13:21', NULL, NULL, NULL, 0, '2015-08-29 09:45:01', '2015-08-29 09:45:01'),
	(296, 523, '38', '00:12:39', NULL, NULL, NULL, 0, '2015-08-29 09:45:01', '2015-08-29 09:45:01'),
	(297, 524, '20', '00:15:27', NULL, NULL, NULL, 0, '2015-08-29 10:00:01', '2015-08-29 10:00:01'),
	(298, 524, '22', '00:19:17', NULL, NULL, NULL, 0, '2015-08-29 10:00:01', '2015-08-29 10:00:01'),
	(299, 524, '26', '00:17:49', NULL, NULL, NULL, 0, '2015-08-29 10:00:01', '2015-08-29 10:00:01'),
	(300, 524, '28', '00:17:49', NULL, NULL, NULL, 0, '2015-08-29 10:00:01', '2015-08-29 10:00:01'),
	(301, 524, '30', '00:16:33', NULL, NULL, NULL, 0, '2015-08-29 10:00:01', '2015-08-29 10:00:01'),
	(302, 524, '32', '00:17:58', NULL, NULL, NULL, 0, '2015-08-29 10:00:01', '2015-08-29 10:00:01'),
	(303, 524, '33', '00:16:29', NULL, NULL, NULL, 0, '2015-08-29 10:00:01', '2015-08-29 10:00:01'),
	(304, 524, '34', '00:22:34', NULL, NULL, NULL, 0, '2015-08-29 10:00:01', '2015-08-29 10:00:01'),
	(305, 524, '35', '00:20:00', NULL, NULL, NULL, 0, '2015-08-29 10:00:01', '2015-08-29 10:00:01'),
	(306, 524, '37', '00:19:04', NULL, NULL, NULL, 0, '2015-08-29 10:00:01', '2015-08-29 10:00:01'),
	(307, 524, '38', '00:18:14', NULL, NULL, NULL, 0, '2015-08-29 10:00:01', '2015-08-29 10:00:01'),
	(308, 525, '20', '00:10:36', NULL, NULL, NULL, 0, '2015-08-29 10:15:01', '2015-08-29 10:15:01'),
	(309, 525, '22', '00:13:17', NULL, NULL, NULL, 0, '2015-08-29 10:15:01', '2015-08-29 10:15:01'),
	(310, 525, '26', '00:12:17', NULL, NULL, NULL, 0, '2015-08-29 10:15:01', '2015-08-29 10:15:01'),
	(311, 525, '28', '00:12:06', NULL, NULL, NULL, 0, '2015-08-29 10:15:01', '2015-08-29 10:15:01'),
	(312, 525, '30', '00:11:19', NULL, NULL, NULL, 0, '2015-08-29 10:15:01', '2015-08-29 10:15:01'),
	(313, 525, '32', '00:12:41', NULL, NULL, NULL, 0, '2015-08-29 10:15:01', '2015-08-29 10:15:01'),
	(314, 525, '33', '00:11:20', NULL, NULL, NULL, 0, '2015-08-29 10:15:01', '2015-08-29 10:15:01'),
	(315, 525, '34', '00:15:42', NULL, NULL, NULL, 0, '2015-08-29 10:15:01', '2015-08-29 10:15:01'),
	(316, 525, '35', '00:13:47', NULL, NULL, NULL, 0, '2015-08-29 10:15:01', '2015-08-29 10:15:01'),
	(317, 525, '37', '00:11:59', NULL, NULL, NULL, 0, '2015-08-29 10:15:01', '2015-08-29 10:15:01'),
	(318, 525, '38', '00:13:20', NULL, NULL, NULL, 0, '2015-08-29 10:15:01', '2015-08-29 10:15:01'),
	(319, 526, '20', '00:07:54', NULL, NULL, NULL, 0, '2015-08-29 10:30:01', '2015-08-29 10:30:01'),
	(320, 526, '22', '00:10:15', NULL, NULL, NULL, 0, '2015-08-29 10:30:01', '2015-08-29 10:30:01'),
	(321, 526, '26', '00:09:38', NULL, NULL, NULL, 0, '2015-08-29 10:30:01', '2015-08-29 10:30:01'),
	(322, 526, '28', '00:09:26', NULL, NULL, NULL, 0, '2015-08-29 10:30:01', '2015-08-29 10:30:01'),
	(323, 526, '30', '00:08:46', NULL, NULL, NULL, 0, '2015-08-29 10:30:01', '2015-08-29 10:30:01'),
	(324, 526, '32', '00:09:30', NULL, NULL, NULL, 0, '2015-08-29 10:30:01', '2015-08-29 10:30:01'),
	(325, 526, '33', '00:08:26', NULL, NULL, NULL, 0, '2015-08-29 10:30:01', '2015-08-29 10:30:01'),
	(326, 526, '34', '00:11:44', NULL, NULL, NULL, 0, '2015-08-29 10:30:01', '2015-08-29 10:30:01'),
	(327, 526, '35', '00:10:50', NULL, NULL, NULL, 0, '2015-08-29 10:30:01', '2015-08-29 10:30:01'),
	(328, 526, '37', '00:08:57', NULL, NULL, NULL, 0, '2015-08-29 10:30:01', '2015-08-29 10:30:01'),
	(329, 526, '38', '00:09:47', NULL, NULL, NULL, 0, '2015-08-29 10:30:01', '2015-08-29 10:30:01'),
	(330, 527, '20', '00:09:28', NULL, NULL, NULL, 0, '2015-08-29 10:45:01', '2015-08-29 10:45:01'),
	(331, 527, '22', '00:11:28', NULL, NULL, NULL, 0, '2015-08-29 10:45:01', '2015-08-29 10:45:01'),
	(332, 527, '26', '00:10:10', NULL, NULL, NULL, 0, '2015-08-29 10:45:01', '2015-08-29 10:45:01'),
	(333, 527, '28', '00:10:22', NULL, NULL, NULL, 0, '2015-08-29 10:45:01', '2015-08-29 10:45:01'),
	(334, 527, '30', '00:09:50', NULL, NULL, NULL, 0, '2015-08-29 10:45:01', '2015-08-29 10:45:01'),
	(335, 527, '32', '00:10:32', NULL, NULL, NULL, 0, '2015-08-29 10:45:01', '2015-08-29 10:45:01'),
	(336, 527, '33', '00:09:21', NULL, NULL, NULL, 0, '2015-08-29 10:45:01', '2015-08-29 10:45:01'),
	(337, 527, '34', '00:13:40', NULL, NULL, NULL, 0, '2015-08-29 10:45:01', '2015-08-29 10:45:01'),
	(338, 527, '35', '00:12:02', NULL, NULL, NULL, 0, '2015-08-29 10:45:01', '2015-08-29 10:45:01'),
	(339, 527, '37', '00:10:45', NULL, NULL, NULL, 0, '2015-08-29 10:45:01', '2015-08-29 10:45:01'),
	(340, 527, '38', '00:11:05', NULL, NULL, NULL, 0, '2015-08-29 10:45:01', '2015-08-29 10:45:01'),
	(341, 528, '20', '00:06:11', NULL, NULL, NULL, 0, '2015-08-29 11:00:01', '2015-08-29 11:00:01'),
	(342, 528, '22', '00:07:53', NULL, NULL, NULL, 0, '2015-08-29 11:00:01', '2015-08-29 11:00:01'),
	(343, 528, '26', '00:07:02', NULL, NULL, NULL, 0, '2015-08-29 11:00:01', '2015-08-29 11:00:01'),
	(344, 528, '28', '00:06:58', NULL, NULL, NULL, 0, '2015-08-29 11:00:01', '2015-08-29 11:00:01'),
	(345, 528, '30', '00:06:42', NULL, NULL, NULL, 0, '2015-08-29 11:00:01', '2015-08-29 11:00:01'),
	(346, 528, '32', '00:07:16', NULL, NULL, NULL, 0, '2015-08-29 11:00:01', '2015-08-29 11:00:01'),
	(347, 528, '33', '00:06:04', NULL, NULL, NULL, 0, '2015-08-29 11:00:01', '2015-08-29 11:00:01'),
	(348, 528, '34', '00:08:53', NULL, NULL, NULL, 0, '2015-08-29 11:00:01', '2015-08-29 11:00:01'),
	(349, 528, '35', '00:07:50', NULL, NULL, NULL, 0, '2015-08-29 11:00:01', '2015-08-29 11:00:01'),
	(350, 528, '37', '00:07:20', NULL, NULL, NULL, 0, '2015-08-29 11:00:01', '2015-08-29 11:00:01'),
	(351, 528, '38', '00:07:41', NULL, NULL, NULL, 0, '2015-08-29 11:00:01', '2015-08-29 11:00:01'),
	(352, 529, '20', '00:08:23', NULL, NULL, NULL, 0, '2015-08-29 11:15:01', '2015-08-29 11:15:01'),
	(353, 529, '22', '00:10:21', NULL, NULL, NULL, 0, '2015-08-29 11:15:01', '2015-08-29 11:15:01'),
	(354, 529, '26', '00:08:50', NULL, NULL, NULL, 0, '2015-08-29 11:15:01', '2015-08-29 11:15:01'),
	(355, 529, '28', '00:08:54', NULL, NULL, NULL, 0, '2015-08-29 11:15:01', '2015-08-29 11:15:01'),
	(356, 529, '30', '00:08:47', NULL, NULL, NULL, 0, '2015-08-29 11:15:01', '2015-08-29 11:15:01'),
	(357, 529, '32', '00:09:27', NULL, NULL, NULL, 0, '2015-08-29 11:15:01', '2015-08-29 11:15:01'),
	(358, 529, '33', '00:08:09', NULL, NULL, NULL, 0, '2015-08-29 11:15:01', '2015-08-29 11:15:01'),
	(359, 529, '34', '00:12:06', NULL, NULL, NULL, 0, '2015-08-29 11:15:01', '2015-08-29 11:15:01'),
	(360, 529, '35', '00:09:54', NULL, NULL, NULL, 0, '2015-08-29 11:15:01', '2015-08-29 11:15:01'),
	(361, 529, '37', '00:09:19', NULL, NULL, NULL, 0, '2015-08-29 11:15:01', '2015-08-29 11:15:01'),
	(362, 529, '38', '00:10:03', NULL, NULL, NULL, 0, '2015-08-29 11:15:01', '2015-08-29 11:15:01'),
	(363, 530, '20', '00:09:19', NULL, NULL, NULL, 0, '2015-08-29 11:30:01', '2015-08-29 11:30:01'),
	(364, 530, '22', '00:10:28', NULL, NULL, NULL, 0, '2015-08-29 11:30:01', '2015-08-29 11:30:01'),
	(365, 530, '26', '00:09:39', NULL, NULL, NULL, 0, '2015-08-29 11:30:01', '2015-08-29 11:30:01'),
	(366, 530, '28', '00:10:30', NULL, NULL, NULL, 0, '2015-08-29 11:30:01', '2015-08-29 11:30:01'),
	(367, 530, '30', '00:10:05', NULL, NULL, NULL, 0, '2015-08-29 11:30:01', '2015-08-29 11:30:01'),
	(368, 530, '32', '00:10:46', NULL, NULL, NULL, 0, '2015-08-29 11:30:01', '2015-08-29 11:30:01'),
	(369, 530, '33', '00:09:13', NULL, NULL, NULL, 0, '2015-08-29 11:30:01', '2015-08-29 11:30:01'),
	(370, 530, '34', '00:12:47', NULL, NULL, NULL, 0, '2015-08-29 11:30:01', '2015-08-29 11:30:01'),
	(371, 530, '35', '00:10:55', NULL, NULL, NULL, 0, '2015-08-29 11:30:01', '2015-08-29 11:30:01'),
	(372, 530, '37', '00:10:57', NULL, NULL, NULL, 0, '2015-08-29 11:30:01', '2015-08-29 11:30:01'),
	(373, 530, '38', '00:10:49', NULL, NULL, NULL, 0, '2015-08-29 11:30:01', '2015-08-29 11:30:01'),
	(374, 531, '20', '00:05:59', NULL, NULL, NULL, 0, '2015-08-29 11:45:01', '2015-08-29 11:45:01'),
	(375, 531, '22', '00:07:14', NULL, NULL, NULL, 0, '2015-08-29 11:45:01', '2015-08-29 11:45:01'),
	(376, 531, '26', '00:06:45', NULL, NULL, NULL, 0, '2015-08-29 11:45:01', '2015-08-29 11:45:01'),
	(377, 531, '28', '00:06:44', NULL, NULL, NULL, 0, '2015-08-29 11:45:01', '2015-08-29 11:45:01'),
	(378, 531, '30', '00:06:26', NULL, NULL, NULL, 0, '2015-08-29 11:45:01', '2015-08-29 11:45:01'),
	(379, 531, '32', '00:07:01', NULL, NULL, NULL, 0, '2015-08-29 11:45:01', '2015-08-29 11:45:01'),
	(380, 531, '33', '00:06:20', NULL, NULL, NULL, 0, '2015-08-29 11:45:01', '2015-08-29 11:45:01'),
	(381, 531, '34', '00:08:44', NULL, NULL, NULL, 0, '2015-08-29 11:45:01', '2015-08-29 11:45:01'),
	(382, 531, '35', '00:08:05', NULL, NULL, NULL, 0, '2015-08-29 11:45:01', '2015-08-29 11:45:01'),
	(383, 531, '37', '00:07:06', NULL, NULL, NULL, 0, '2015-08-29 11:45:01', '2015-08-29 11:45:01'),
	(384, 531, '38', '00:06:53', NULL, NULL, NULL, 0, '2015-08-29 11:45:01', '2015-08-29 11:45:01'),
	(385, 532, '20', '00:07:47', NULL, NULL, NULL, 0, '2015-08-29 12:00:01', '2015-08-29 12:00:01'),
	(386, 532, '22', '00:09:44', NULL, NULL, NULL, 0, '2015-08-29 12:00:01', '2015-08-29 12:00:01'),
	(387, 532, '26', '00:08:45', NULL, NULL, NULL, 0, '2015-08-29 12:00:01', '2015-08-29 12:00:01'),
	(388, 532, '28', '00:09:22', NULL, NULL, NULL, 0, '2015-08-29 12:00:01', '2015-08-29 12:00:01'),
	(389, 532, '30', '00:08:53', NULL, NULL, NULL, 0, '2015-08-29 12:00:01', '2015-08-29 12:00:01'),
	(390, 532, '32', '00:09:17', NULL, NULL, NULL, 0, '2015-08-29 12:00:01', '2015-08-29 12:00:01'),
	(391, 532, '33', '00:08:03', NULL, NULL, NULL, 0, '2015-08-29 12:00:01', '2015-08-29 12:00:01'),
	(392, 532, '34', '00:11:26', NULL, NULL, NULL, 0, '2015-08-29 12:00:01', '2015-08-29 12:00:01'),
	(393, 532, '35', '00:09:57', NULL, NULL, NULL, 0, '2015-08-29 12:00:01', '2015-08-29 12:00:01'),
	(394, 532, '37', '00:09:11', NULL, NULL, NULL, 0, '2015-08-29 12:00:01', '2015-08-29 12:00:01'),
	(395, 532, '38', '00:09:36', NULL, NULL, NULL, 0, '2015-08-29 12:00:01', '2015-08-29 12:00:01'),
	(396, 533, '20', '00:08:54', NULL, NULL, NULL, 0, '2015-08-29 12:15:01', '2015-08-29 12:15:01'),
	(397, 533, '22', '00:10:57', NULL, NULL, NULL, 0, '2015-08-29 12:15:01', '2015-08-29 12:15:01'),
	(398, 533, '26', '00:10:13', NULL, NULL, NULL, 0, '2015-08-29 12:15:01', '2015-08-29 12:15:01'),
	(399, 533, '28', '00:10:14', NULL, NULL, NULL, 0, '2015-08-29 12:15:01', '2015-08-29 12:15:01'),
	(400, 533, '30', '00:09:44', NULL, NULL, NULL, 0, '2015-08-29 12:15:01', '2015-08-29 12:15:01'),
	(401, 533, '32', '00:10:43', NULL, NULL, NULL, 0, '2015-08-29 12:15:01', '2015-08-29 12:15:01'),
	(402, 533, '33', '00:09:21', NULL, NULL, NULL, 0, '2015-08-29 12:15:01', '2015-08-29 12:15:01'),
	(403, 533, '34', '00:14:10', NULL, NULL, NULL, 0, '2015-08-29 12:15:01', '2015-08-29 12:15:01'),
	(404, 533, '35', '00:11:04', NULL, NULL, NULL, 0, '2015-08-29 12:15:01', '2015-08-29 12:15:01'),
	(405, 533, '37', '00:10:34', NULL, NULL, NULL, 0, '2015-08-29 12:15:01', '2015-08-29 12:15:01'),
	(406, 533, '38', '00:10:49', NULL, NULL, NULL, 0, '2015-08-29 12:15:01', '2015-08-29 12:15:01'),
	(407, 534, '20', '00:06:00', NULL, NULL, NULL, 0, '2015-08-29 12:30:01', '2015-08-29 12:30:01'),
	(408, 534, '22', '00:07:15', NULL, NULL, NULL, 0, '2015-08-29 12:30:01', '2015-08-29 12:30:01'),
	(409, 534, '26', '00:06:32', NULL, NULL, NULL, 0, '2015-08-29 12:30:01', '2015-08-29 12:30:01'),
	(410, 534, '28', '00:06:57', NULL, NULL, NULL, 0, '2015-08-29 12:30:01', '2015-08-29 12:30:01'),
	(411, 534, '30', '00:06:52', NULL, NULL, NULL, 0, '2015-08-29 12:30:01', '2015-08-29 12:30:01'),
	(412, 534, '32', '00:06:43', NULL, NULL, NULL, 0, '2015-08-29 12:30:01', '2015-08-29 12:30:01'),
	(413, 534, '33', '00:05:58', NULL, NULL, NULL, 0, '2015-08-29 12:30:01', '2015-08-29 12:30:01'),
	(414, 534, '34', '00:08:22', NULL, NULL, NULL, 0, '2015-08-29 12:30:01', '2015-08-29 12:30:01'),
	(415, 534, '35', '00:07:40', NULL, NULL, NULL, 0, '2015-08-29 12:30:01', '2015-08-29 12:30:01'),
	(416, 534, '37', '00:07:25', NULL, NULL, NULL, 0, '2015-08-29 12:30:01', '2015-08-29 12:30:01'),
	(417, 534, '38', '00:07:09', NULL, NULL, NULL, 0, '2015-08-29 12:30:01', '2015-08-29 12:30:01'),
	(418, 1336, '13', '00:28:21', NULL, NULL, NULL, 0, '2015-08-30 08:30:01', '2015-08-30 08:30:01'),
	(419, 1336, '29', '00:28:14', NULL, NULL, NULL, 0, '2015-08-30 08:30:01', '2015-08-30 08:30:01'),
	(420, 1336, '36', '00:29:20', NULL, NULL, NULL, 0, '2015-08-30 08:30:01', '2015-08-30 08:30:01'),
	(421, 1336, '40', '00:34:01', NULL, NULL, NULL, 0, '2015-08-30 08:30:01', '2015-08-30 08:30:01'),
	(422, 1336, '41', '00:33:08', NULL, NULL, NULL, 0, '2015-08-30 08:30:01', '2015-08-30 08:30:01'),
	(423, 1336, '44', '00:31:20', NULL, NULL, NULL, 0, '2015-08-30 08:30:01', '2015-08-30 08:30:01'),
	(424, 1337, '13', '00:30:09', NULL, NULL, NULL, 0, '2015-08-30 08:45:00', '2015-08-30 08:45:00'),
	(425, 1337, '29', '00:28:29', NULL, NULL, NULL, 0, '2015-08-30 08:45:00', '2015-08-30 08:45:00'),
	(426, 1337, '36', '00:30:52', NULL, NULL, NULL, 0, '2015-08-30 08:45:00', '2015-08-30 08:45:00'),
	(427, 1337, '40', '00:35:53', NULL, NULL, NULL, 0, '2015-08-30 08:45:00', '2015-08-30 08:45:00'),
	(428, 1337, '41', '00:35:29', NULL, NULL, NULL, 0, '2015-08-30 08:45:00', '2015-08-30 08:45:00'),
	(429, 1337, '44', '00:31:23', NULL, NULL, NULL, 0, '2015-08-30 08:45:00', '2015-08-30 08:45:00'),
	(430, 1338, '13', '00:30:18', NULL, NULL, NULL, 0, '2015-08-30 09:00:01', '2015-08-30 09:00:01'),
	(431, 1338, '29', '00:29:38', NULL, NULL, NULL, 0, '2015-08-30 09:00:01', '2015-08-30 09:00:01'),
	(432, 1338, '36', '00:31:33', NULL, NULL, NULL, 0, '2015-08-30 09:00:01', '2015-08-30 09:00:01'),
	(433, 1338, '40', '00:36:09', NULL, NULL, NULL, 0, '2015-08-30 09:00:01', '2015-08-30 09:00:01'),
	(434, 1338, '41', '00:35:46', NULL, NULL, NULL, 0, '2015-08-30 09:00:01', '2015-08-30 09:00:01'),
	(435, 1338, '44', '00:32:56', NULL, NULL, NULL, 0, '2015-08-30 09:00:01', '2015-08-30 09:00:01'),
	(436, 1339, '13', '00:22:16', NULL, NULL, NULL, 0, '2015-08-30 09:15:02', '2015-08-30 09:15:02'),
	(437, 1339, '29', '00:24:54', NULL, NULL, NULL, 0, '2015-08-30 09:15:02', '2015-08-30 09:15:02'),
	(438, 1339, '36', '00:24:41', NULL, NULL, NULL, 0, '2015-08-30 09:15:02', '2015-08-30 09:15:02'),
	(439, 1339, '40', '00:32:15', NULL, NULL, NULL, 0, '2015-08-30 09:15:02', '2015-08-30 09:15:02'),
	(440, 1339, '41', '00:27:58', NULL, NULL, NULL, 0, '2015-08-30 09:15:02', '2015-08-30 09:15:02'),
	(441, 1339, '44', '00:27:03', NULL, NULL, NULL, 0, '2015-08-30 09:15:02', '2015-08-30 09:15:02'),
	(442, 1340, '13', '00:27:14', NULL, NULL, NULL, 0, '2015-08-30 09:30:00', '2015-08-30 09:30:00'),
	(443, 1340, '29', '00:27:35', NULL, NULL, NULL, 0, '2015-08-30 09:30:00', '2015-08-30 09:30:00'),
	(444, 1340, '36', '00:27:53', NULL, NULL, NULL, 0, '2015-08-30 09:30:00', '2015-08-30 09:30:00'),
	(445, 1340, '40', '00:35:04', NULL, NULL, NULL, 0, '2015-08-30 09:30:00', '2015-08-30 09:30:00'),
	(446, 1340, '41', '00:32:56', NULL, NULL, NULL, 0, '2015-08-30 09:30:00', '2015-08-30 09:30:00'),
	(447, 1340, '44', '00:31:00', NULL, NULL, NULL, 0, '2015-08-30 09:30:00', '2015-08-30 09:30:00'),
	(448, 1341, '13', '00:28:33', NULL, NULL, NULL, 0, '2015-08-30 09:45:00', '2015-08-30 09:45:00'),
	(449, 1341, '29', '00:30:12', NULL, NULL, NULL, 0, '2015-08-30 09:45:00', '2015-08-30 09:45:00'),
	(450, 1341, '36', '00:28:05', NULL, NULL, NULL, 0, '2015-08-30 09:45:00', '2015-08-30 09:45:00'),
	(451, 1341, '40', '00:34:59', NULL, NULL, NULL, 0, '2015-08-30 09:45:00', '2015-08-30 09:45:00'),
	(452, 1341, '41', '00:35:40', NULL, NULL, NULL, 0, '2015-08-30 09:45:00', '2015-08-30 09:45:00'),
	(453, 1341, '44', '00:31:18', NULL, NULL, NULL, 0, '2015-08-30 09:45:00', '2015-08-30 09:45:00'),
	(454, 1342, '13', '00:28:40', NULL, NULL, NULL, 0, '2015-08-30 10:00:01', '2015-08-30 10:00:01'),
	(455, 1342, '29', '00:28:41', NULL, NULL, NULL, 0, '2015-08-30 10:00:01', '2015-08-30 10:00:01'),
	(456, 1342, '36', '00:29:50', NULL, NULL, NULL, 0, '2015-08-30 10:00:01', '2015-08-30 10:00:01'),
	(457, 1342, '40', '00:36:06', NULL, NULL, NULL, 0, '2015-08-30 10:00:01', '2015-08-30 10:00:01'),
	(458, 1342, '41', '00:36:22', NULL, NULL, NULL, 0, '2015-08-30 10:00:01', '2015-08-30 10:00:01'),
	(459, 1342, '44', '00:31:44', NULL, NULL, NULL, 0, '2015-08-30 10:00:01', '2015-08-30 10:00:01'),
	(460, 1343, '13', '00:27:55', NULL, NULL, NULL, 0, '2015-08-30 10:15:00', '2015-08-30 10:15:00'),
	(461, 1343, '29', '00:29:59', NULL, NULL, NULL, 0, '2015-08-30 10:15:00', '2015-08-30 10:15:00'),
	(462, 1343, '36', '00:30:04', NULL, NULL, NULL, 0, '2015-08-30 10:15:00', '2015-08-30 10:15:00'),
	(463, 1343, '40', '00:36:36', NULL, NULL, NULL, 0, '2015-08-30 10:15:00', '2015-08-30 10:15:00'),
	(464, 1343, '41', '00:35:29', NULL, NULL, NULL, 0, '2015-08-30 10:15:00', '2015-08-30 10:15:00'),
	(465, 1343, '44', '00:31:33', NULL, NULL, NULL, 0, '2015-08-30 10:15:00', '2015-08-30 10:15:00'),
	(466, 1344, '13', '00:17:42', NULL, NULL, NULL, 0, '2015-08-30 10:30:02', '2015-08-30 10:30:02'),
	(467, 1344, '29', '00:18:36', NULL, NULL, NULL, 0, '2015-08-30 10:30:02', '2015-08-30 10:30:02'),
	(468, 1344, '36', '00:19:16', NULL, NULL, NULL, 0, '2015-08-30 10:30:02', '2015-08-30 10:30:02'),
	(469, 1344, '40', '00:23:52', NULL, NULL, NULL, 0, '2015-08-30 10:30:02', '2015-08-30 10:30:02'),
	(470, 1344, '41', '00:21:39', NULL, NULL, NULL, 0, '2015-08-30 10:30:02', '2015-08-30 10:30:02'),
	(471, 1344, '44', '00:20:41', NULL, NULL, NULL, 0, '2015-08-30 10:30:02', '2015-08-30 10:30:02'),
	(472, 1345, '13', '00:13:57', NULL, NULL, NULL, 0, '2015-08-30 10:45:00', '2015-08-30 10:45:00'),
	(473, 1345, '29', '00:14:20', NULL, NULL, NULL, 0, '2015-08-30 10:45:00', '2015-08-30 10:45:00'),
	(474, 1345, '36', '00:14:55', NULL, NULL, NULL, 0, '2015-08-30 10:45:00', '2015-08-30 10:45:00'),
	(475, 1345, '40', '00:17:25', NULL, NULL, NULL, 0, '2015-08-30 10:45:01', '2015-08-30 10:45:01'),
	(476, 1345, '41', '00:17:37', NULL, NULL, NULL, 0, '2015-08-30 10:45:01', '2015-08-30 10:45:01'),
	(477, 1345, '44', '00:16:32', NULL, NULL, NULL, 0, '2015-08-30 10:45:01', '2015-08-30 10:45:01'),
	(478, 1346, '13', '00:22:46', NULL, NULL, NULL, 0, '2015-08-30 11:00:00', '2015-08-30 11:00:00'),
	(479, 1346, '29', '00:24:09', NULL, NULL, NULL, 0, '2015-08-30 11:00:00', '2015-08-30 11:00:00'),
	(480, 1346, '36', '00:23:07', NULL, NULL, NULL, 0, '2015-08-30 11:00:00', '2015-08-30 11:00:00'),
	(481, 1346, '40', '00:29:42', NULL, NULL, NULL, 0, '2015-08-30 11:00:00', '2015-08-30 11:00:00'),
	(482, 1346, '41', '00:28:00', NULL, NULL, NULL, 0, '2015-08-30 11:00:00', '2015-08-30 11:00:00'),
	(483, 1346, '44', '00:27:27', NULL, NULL, NULL, 0, '2015-08-30 11:00:00', '2015-08-30 11:00:00'),
	(484, 1347, '13', '00:21:19', NULL, NULL, NULL, 0, '2015-08-30 11:15:01', '2015-08-30 11:15:01'),
	(485, 1347, '29', '00:22:03', NULL, NULL, NULL, 0, '2015-08-30 11:15:01', '2015-08-30 11:15:01'),
	(486, 1347, '36', '00:22:55', NULL, NULL, NULL, 0, '2015-08-30 11:15:01', '2015-08-30 11:15:01'),
	(487, 1347, '40', '00:28:25', NULL, NULL, NULL, 0, '2015-08-30 11:15:01', '2015-08-30 11:15:01'),
	(488, 1347, '41', '00:28:02', NULL, NULL, NULL, 0, '2015-08-30 11:15:01', '2015-08-30 11:15:01'),
	(489, 1347, '44', '00:25:20', NULL, NULL, NULL, 0, '2015-08-30 11:15:01', '2015-08-30 11:15:01'),
	(490, 1348, '13', '00:20:37', NULL, NULL, NULL, 0, '2015-08-30 11:30:00', '2015-08-30 11:30:00'),
	(491, 1348, '29', '00:20:25', NULL, NULL, NULL, 0, '2015-08-30 11:30:00', '2015-08-30 11:30:00'),
	(492, 1348, '36', '00:22:29', NULL, NULL, NULL, 0, '2015-08-30 11:30:00', '2015-08-30 11:30:00'),
	(493, 1348, '40', '00:24:31', NULL, NULL, NULL, 0, '2015-08-30 11:30:00', '2015-08-30 11:30:00'),
	(494, 1348, '41', '00:24:09', NULL, NULL, NULL, 0, '2015-08-30 11:30:00', '2015-08-30 11:30:00'),
	(495, 1348, '44', '00:22:28', NULL, NULL, NULL, 0, '2015-08-30 11:30:00', '2015-08-30 11:30:00'),
	(496, 1349, '13', '00:14:15', NULL, NULL, NULL, 0, '2015-08-30 11:45:00', '2015-08-30 11:45:00'),
	(497, 1349, '29', '00:15:05', NULL, NULL, NULL, 0, '2015-08-30 11:45:00', '2015-08-30 11:45:00'),
	(498, 1349, '36', '00:15:32', NULL, NULL, NULL, 0, '2015-08-30 11:45:00', '2015-08-30 11:45:00'),
	(499, 1349, '40', '00:17:40', NULL, NULL, NULL, 0, '2015-08-30 11:45:00', '2015-08-30 11:45:00'),
	(500, 1349, '41', '00:17:21', NULL, NULL, NULL, 0, '2015-08-30 11:45:00', '2015-08-30 11:45:00'),
	(501, 1349, '44', '00:17:18', NULL, NULL, NULL, 0, '2015-08-30 11:45:00', '2015-08-30 11:45:00'),
	(502, 1350, '13', '00:30:12', NULL, NULL, NULL, 0, '2015-08-30 12:00:00', '2015-08-30 12:00:00'),
	(503, 1350, '29', '00:30:57', NULL, NULL, NULL, 0, '2015-08-30 12:00:00', '2015-08-30 12:00:00'),
	(504, 1350, '36', '00:33:12', NULL, NULL, NULL, 0, '2015-08-30 12:00:00', '2015-08-30 12:00:00'),
	(505, 1350, '40', '00:37:31', NULL, NULL, NULL, 0, '2015-08-30 12:00:00', '2015-08-30 12:00:00'),
	(506, 1350, '41', '00:34:34', NULL, NULL, NULL, 0, '2015-08-30 12:00:00', '2015-08-30 12:00:00'),
	(507, 1350, '44', '00:35:57', NULL, NULL, NULL, 0, '2015-08-30 12:00:00', '2015-08-30 12:00:00'),
	(508, 1351, '13', '00:23:50', NULL, NULL, NULL, 0, '2015-08-30 12:15:00', '2015-08-30 12:15:00'),
	(509, 1351, '29', '00:25:55', NULL, NULL, NULL, 0, '2015-08-30 12:15:00', '2015-08-30 12:15:00'),
	(510, 1351, '36', '00:26:16', NULL, NULL, NULL, 0, '2015-08-30 12:15:00', '2015-08-30 12:15:00'),
	(511, 1351, '40', '00:32:41', NULL, NULL, NULL, 0, '2015-08-30 12:15:00', '2015-08-30 12:15:00'),
	(512, 1351, '41', '00:30:27', NULL, NULL, NULL, 0, '2015-08-30 12:15:00', '2015-08-30 12:15:00'),
	(513, 1351, '44', '00:29:23', NULL, NULL, NULL, 0, '2015-08-30 12:15:00', '2015-08-30 12:15:00'),
	(514, 1352, '13', '00:22:19', NULL, NULL, NULL, 0, '2015-08-30 12:30:00', '2015-08-30 12:30:00'),
	(515, 1352, '29', '00:22:29', NULL, NULL, NULL, 0, '2015-08-30 12:30:00', '2015-08-30 12:30:00'),
	(516, 1352, '36', '00:23:22', NULL, NULL, NULL, 0, '2015-08-30 12:30:00', '2015-08-30 12:30:00'),
	(517, 1352, '40', '00:27:16', NULL, NULL, NULL, 0, '2015-08-30 12:30:00', '2015-08-30 12:30:00'),
	(518, 1352, '41', '00:27:56', NULL, NULL, NULL, 0, '2015-08-30 12:30:00', '2015-08-30 12:30:00'),
	(519, 1352, '44', '00:26:22', NULL, NULL, NULL, 0, '2015-08-30 12:30:00', '2015-08-30 12:30:00'),
	(520, 1353, '13', '00:15:03', NULL, NULL, NULL, 0, '2015-08-30 12:45:00', '2015-08-30 12:45:00'),
	(521, 1353, '29', '00:15:08', NULL, NULL, NULL, 0, '2015-08-30 12:45:00', '2015-08-30 12:45:00'),
	(522, 1353, '36', '00:15:08', NULL, NULL, NULL, 0, '2015-08-30 12:45:00', '2015-08-30 12:45:00'),
	(523, 1353, '40', '00:18:37', NULL, NULL, NULL, 0, '2015-08-30 12:45:00', '2015-08-30 12:45:00'),
	(524, 1353, '41', '00:17:49', NULL, NULL, NULL, 0, '2015-08-30 12:45:00', '2015-08-30 12:45:00'),
	(525, 1353, '44', '00:16:54', NULL, NULL, NULL, 0, '2015-08-30 12:45:00', '2015-08-30 12:45:00'),
	(526, 928, '31', '00:11:33', NULL, NULL, NULL, 0, '2015-08-31 09:00:00', '2015-08-31 09:00:00'),
	(527, 928, '39', '00:13:19', NULL, NULL, NULL, 0, '2015-08-31 09:00:00', '2015-08-31 09:00:00'),
	(528, 928, '42', '00:12:03', NULL, NULL, NULL, 0, '2015-08-31 09:00:00', '2015-08-31 09:00:00'),
	(529, 928, '45', '00:12:01', NULL, NULL, NULL, 0, '2015-08-31 09:00:00', '2015-08-31 09:00:00'),
	(530, 928, '46', '00:12:16', NULL, NULL, NULL, 0, '2015-08-31 09:00:00', '2015-08-31 09:00:00'),
	(531, 928, '47', '00:16:20', NULL, NULL, NULL, 0, '2015-08-31 09:00:00', '2015-08-31 09:00:00'),
	(532, 929, '31', '00:08:25', NULL, NULL, NULL, 0, '2015-08-31 09:15:01', '2015-08-31 09:15:01'),
	(533, 929, '39', '00:09:08', NULL, NULL, NULL, 0, '2015-08-31 09:15:01', '2015-08-31 09:15:01'),
	(534, 929, '42', '00:08:46', NULL, NULL, NULL, 0, '2015-08-31 09:15:01', '2015-08-31 09:15:01'),
	(535, 929, '45', '00:08:45', NULL, NULL, NULL, 0, '2015-08-31 09:15:01', '2015-08-31 09:15:01'),
	(536, 929, '46', '00:09:21', NULL, NULL, NULL, 0, '2015-08-31 09:15:01', '2015-08-31 09:15:01'),
	(537, 929, '47', '00:12:09', NULL, NULL, NULL, 0, '2015-08-31 09:15:01', '2015-08-31 09:15:01'),
	(538, 930, '31', '00:08:47', NULL, NULL, NULL, 0, '2015-08-31 09:30:00', '2015-08-31 09:30:00'),
	(539, 930, '39', '00:09:27', NULL, NULL, NULL, 0, '2015-08-31 09:30:00', '2015-08-31 09:30:00'),
	(540, 930, '42', '00:08:56', NULL, NULL, NULL, 0, '2015-08-31 09:30:00', '2015-08-31 09:30:00'),
	(541, 930, '45', '00:09:17', NULL, NULL, NULL, 0, '2015-08-31 09:30:00', '2015-08-31 09:30:00'),
	(542, 930, '46', '00:09:13', NULL, NULL, NULL, 0, '2015-08-31 09:30:00', '2015-08-31 09:30:00'),
	(543, 930, '47', '00:12:17', NULL, NULL, NULL, 0, '2015-08-31 09:30:00', '2015-08-31 09:30:00'),
	(544, 931, '31', '00:11:33', NULL, NULL, NULL, 0, '2015-08-31 09:45:00', '2015-08-31 09:45:00'),
	(545, 931, '39', '00:13:25', NULL, NULL, NULL, 0, '2015-08-31 09:45:00', '2015-08-31 09:45:00'),
	(546, 931, '42', '00:12:40', NULL, NULL, NULL, 0, '2015-08-31 09:45:00', '2015-08-31 09:45:00'),
	(547, 931, '45', '00:11:59', NULL, NULL, NULL, 0, '2015-08-31 09:45:00', '2015-08-31 09:45:00'),
	(548, 931, '46', '00:12:01', NULL, NULL, NULL, 0, '2015-08-31 09:45:00', '2015-08-31 09:45:00'),
	(549, 931, '47', '00:16:01', NULL, NULL, NULL, 0, '2015-08-31 09:45:00', '2015-08-31 09:45:00'),
	(550, 932, '31', '00:08:24', NULL, NULL, NULL, 0, '2015-08-31 10:00:00', '2015-08-31 10:00:00'),
	(551, 932, '39', '00:09:01', NULL, NULL, NULL, 0, '2015-08-31 10:00:00', '2015-08-31 10:00:00'),
	(552, 932, '42', '00:08:53', NULL, NULL, NULL, 0, '2015-08-31 10:00:00', '2015-08-31 10:00:00'),
	(553, 932, '45', '00:08:57', NULL, NULL, NULL, 0, '2015-08-31 10:00:00', '2015-08-31 10:00:00'),
	(554, 932, '46', '00:09:30', NULL, NULL, NULL, 0, '2015-08-31 10:00:00', '2015-08-31 10:00:00'),
	(555, 932, '47', '00:11:32', NULL, NULL, NULL, 0, '2015-08-31 10:00:00', '2015-08-31 10:00:00'),
	(556, 933, '31', '00:11:04', NULL, NULL, NULL, 0, '2015-08-31 10:15:01', '2015-08-31 10:15:01'),
	(557, 933, '39', '00:12:19', NULL, NULL, NULL, 0, '2015-08-31 10:15:01', '2015-08-31 10:15:01'),
	(558, 933, '42', '00:12:15', NULL, NULL, NULL, 0, '2015-08-31 10:15:01', '2015-08-31 10:15:01'),
	(559, 933, '45', '00:12:06', NULL, NULL, NULL, 0, '2015-08-31 10:15:01', '2015-08-31 10:15:01'),
	(560, 933, '46', '00:12:17', NULL, NULL, NULL, 0, '2015-08-31 10:15:01', '2015-08-31 10:15:01'),
	(561, 933, '47', '00:15:48', NULL, NULL, NULL, 0, '2015-08-31 10:15:01', '2015-08-31 10:15:01'),
	(562, 934, '31', '00:08:34', NULL, NULL, NULL, 0, '2015-08-31 10:30:01', '2015-08-31 10:30:01'),
	(563, 934, '39', '00:08:45', NULL, NULL, NULL, 0, '2015-08-31 10:30:01', '2015-08-31 10:30:01'),
	(564, 934, '42', '00:09:30', NULL, NULL, NULL, 0, '2015-08-31 10:30:01', '2015-08-31 10:30:01'),
	(565, 934, '45', '00:09:08', NULL, NULL, NULL, 0, '2015-08-31 10:30:01', '2015-08-31 10:30:01'),
	(566, 934, '46', '00:09:34', NULL, NULL, NULL, 0, '2015-08-31 10:30:01', '2015-08-31 10:30:01'),
	(567, 934, '47', '00:11:38', NULL, NULL, NULL, 0, '2015-08-31 10:30:01', '2015-08-31 10:30:01'),
	(568, 935, '31', '00:16:48', NULL, NULL, NULL, 0, '2015-08-31 10:45:01', '2015-08-31 10:45:01'),
	(569, 935, '39', '00:18:52', NULL, NULL, NULL, 0, '2015-08-31 10:45:01', '2015-08-31 10:45:01'),
	(570, 935, '42', '00:18:12', NULL, NULL, NULL, 0, '2015-08-31 10:45:01', '2015-08-31 10:45:01'),
	(571, 935, '45', '00:17:49', NULL, NULL, NULL, 0, '2015-08-31 10:45:01', '2015-08-31 10:45:01'),
	(572, 935, '46', '00:19:41', NULL, NULL, NULL, 0, '2015-08-31 10:45:01', '2015-08-31 10:45:01'),
	(573, 935, '47', '00:23:39', NULL, NULL, NULL, 0, '2015-08-31 10:45:01', '2015-08-31 10:45:01'),
	(574, 936, '31', '00:11:20', NULL, NULL, NULL, 0, '2015-08-31 11:00:00', '2015-08-31 11:00:00'),
	(575, 936, '39', '00:12:14', NULL, NULL, NULL, 0, '2015-08-31 11:00:00', '2015-08-31 11:00:00'),
	(576, 936, '42', '00:11:57', NULL, NULL, NULL, 0, '2015-08-31 11:00:00', '2015-08-31 11:00:00'),
	(577, 936, '45', '00:11:58', NULL, NULL, NULL, 0, '2015-08-31 11:00:00', '2015-08-31 11:00:00'),
	(578, 936, '46', '00:11:41', NULL, NULL, NULL, 0, '2015-08-31 11:00:00', '2015-08-31 11:00:00'),
	(579, 936, '47', '00:15:19', NULL, NULL, NULL, 0, '2015-08-31 11:00:00', '2015-08-31 11:00:00'),
	(580, 937, '31', '00:07:57', NULL, NULL, NULL, 0, '2015-08-31 11:15:00', '2015-08-31 11:15:00'),
	(581, 937, '39', '00:08:32', NULL, NULL, NULL, 0, '2015-08-31 11:15:00', '2015-08-31 11:15:00'),
	(582, 937, '42', '00:08:28', NULL, NULL, NULL, 0, '2015-08-31 11:15:00', '2015-08-31 11:15:00'),
	(583, 937, '45', '00:08:15', NULL, NULL, NULL, 0, '2015-08-31 11:15:00', '2015-08-31 11:15:00'),
	(584, 937, '46', '00:08:58', NULL, NULL, NULL, 0, '2015-08-31 11:15:00', '2015-08-31 11:15:00'),
	(585, 937, '47', '00:10:55', NULL, NULL, NULL, 0, '2015-08-31 11:15:00', '2015-08-31 11:15:00'),
	(586, 938, '31', '00:07:03', NULL, NULL, NULL, 0, '2015-08-31 11:30:01', '2015-08-31 11:30:01'),
	(587, 938, '39', '00:08:24', NULL, NULL, NULL, 0, '2015-08-31 11:30:01', '2015-08-31 11:30:01'),
	(588, 938, '42', '00:07:35', NULL, NULL, NULL, 0, '2015-08-31 11:30:01', '2015-08-31 11:30:01'),
	(589, 938, '45', '00:07:25', NULL, NULL, NULL, 0, '2015-08-31 11:30:01', '2015-08-31 11:30:01'),
	(590, 938, '46', '00:07:37', NULL, NULL, NULL, 0, '2015-08-31 11:30:01', '2015-08-31 11:30:01'),
	(591, 938, '47', '00:10:38', NULL, NULL, NULL, 0, '2015-08-31 11:30:01', '2015-08-31 11:30:01'),
	(592, 939, '31', '00:11:00', NULL, NULL, NULL, 0, '2015-08-31 11:45:00', '2015-08-31 11:45:00'),
	(593, 939, '39', '00:11:45', NULL, NULL, NULL, 0, '2015-08-31 11:45:00', '2015-08-31 11:45:00'),
	(594, 939, '42', '00:11:42', NULL, NULL, NULL, 0, '2015-08-31 11:45:00', '2015-08-31 11:45:00'),
	(595, 939, '45', '00:11:21', NULL, NULL, NULL, 0, '2015-08-31 11:45:00', '2015-08-31 11:45:00'),
	(596, 939, '46', '00:12:37', NULL, NULL, NULL, 0, '2015-08-31 11:45:00', '2015-08-31 11:45:00'),
	(597, 939, '47', '00:15:56', NULL, NULL, NULL, 0, '2015-08-31 11:45:00', '2015-08-31 11:45:00'),
	(598, 940, '31', '00:08:20', NULL, NULL, NULL, 0, '2015-08-31 12:00:00', '2015-08-31 12:00:00'),
	(599, 940, '39', '00:08:41', NULL, NULL, NULL, 0, '2015-08-31 12:00:00', '2015-08-31 12:00:00'),
	(600, 940, '42', '00:08:42', NULL, NULL, NULL, 0, '2015-08-31 12:00:00', '2015-08-31 12:00:00'),
	(601, 940, '45', '00:08:16', NULL, NULL, NULL, 0, '2015-08-31 12:00:00', '2015-08-31 12:00:00'),
	(602, 940, '46', '00:08:42', NULL, NULL, NULL, 0, '2015-08-31 12:00:00', '2015-08-31 12:00:00'),
	(603, 940, '47', '00:11:11', NULL, NULL, NULL, 0, '2015-08-31 12:00:00', '2015-08-31 12:00:00'),
	(604, 941, '31', '00:17:06', NULL, NULL, NULL, 0, '2015-08-31 12:15:01', '2015-08-31 12:15:01'),
	(605, 941, '39', '00:18:47', NULL, NULL, NULL, 0, '2015-08-31 12:15:01', '2015-08-31 12:15:01'),
	(606, 941, '42', '00:18:05', NULL, NULL, NULL, 0, '2015-08-31 12:15:01', '2015-08-31 12:15:01'),
	(607, 941, '45', '00:17:51', NULL, NULL, NULL, 0, '2015-08-31 12:15:01', '2015-08-31 12:15:01'),
	(608, 941, '46', '00:18:48', NULL, NULL, NULL, 0, '2015-08-31 12:15:01', '2015-08-31 12:15:01'),
	(609, 941, '47', '00:24:48', NULL, NULL, NULL, 0, '2015-08-31 12:15:01', '2015-08-31 12:15:01'),
	(610, 942, '31', '00:02:03', NULL, NULL, NULL, 0, '2015-08-31 12:30:01', '2015-08-31 12:30:01'),
	(611, 942, '39', '00:02:19', NULL, NULL, NULL, 0, '2015-08-31 12:30:01', '2015-08-31 12:30:01'),
	(612, 942, '42', '00:02:19', NULL, NULL, NULL, 0, '2015-08-31 12:30:01', '2015-08-31 12:30:01'),
	(613, 942, '45', '00:02:13', NULL, NULL, NULL, 0, '2015-08-31 12:30:01', '2015-08-31 12:30:01'),
	(614, 942, '46', '00:02:25', NULL, NULL, NULL, 0, '2015-08-31 12:30:01', '2015-08-31 12:30:01'),
	(615, 942, '47', '00:02:58', NULL, NULL, NULL, 0, '2015-08-31 12:30:01', '2015-08-31 12:30:01'),
	(616, 1132, '43', '00:11:45', NULL, NULL, NULL, 0, '2015-09-01 09:00:01', '2015-09-01 09:00:01'),
	(617, 1132, '48', '00:08:02', NULL, NULL, NULL, 0, '2015-09-01 09:00:01', '2015-09-01 09:00:01'),
	(618, 1132, '50', '00:06:53', NULL, NULL, NULL, 0, '2015-09-01 09:00:01', '2015-09-01 09:00:01'),
	(619, 1132, '52', '00:06:24', NULL, NULL, NULL, 0, '2015-09-01 09:00:01', '2015-09-01 09:00:01'),
	(620, 1132, '53', '00:08:33', NULL, NULL, NULL, 0, '2015-09-01 09:00:01', '2015-09-01 09:00:01'),
	(621, 1132, '54', '00:06:55', NULL, NULL, NULL, 0, '2015-09-01 09:00:01', '2015-09-01 09:00:01'),
	(622, 1132, '55', '00:08:19', NULL, NULL, NULL, 0, '2015-09-01 09:00:01', '2015-09-01 09:00:01'),
	(623, 1133, '43', '00:24:56', NULL, NULL, NULL, 0, '2015-09-01 09:15:00', '2015-09-01 09:15:00'),
	(624, 1133, '48', '00:19:06', NULL, NULL, NULL, 0, '2015-09-01 09:15:00', '2015-09-01 09:15:00'),
	(625, 1133, '50', '00:15:07', NULL, NULL, NULL, 0, '2015-09-01 09:15:00', '2015-09-01 09:15:00'),
	(626, 1133, '52', '00:15:27', NULL, NULL, NULL, 0, '2015-09-01 09:15:00', '2015-09-01 09:15:00'),
	(627, 1133, '53', '00:18:40', NULL, NULL, NULL, 0, '2015-09-01 09:15:00', '2015-09-01 09:15:00'),
	(628, 1133, '54', '00:16:09', NULL, NULL, NULL, 0, '2015-09-01 09:15:00', '2015-09-01 09:15:00'),
	(629, 1133, '55', '00:17:40', NULL, NULL, NULL, 0, '2015-09-01 09:15:00', '2015-09-01 09:15:00'),
	(630, 1134, '43', '00:07:20', NULL, NULL, NULL, 0, '2015-09-01 09:30:01', '2015-09-01 09:30:01'),
	(631, 1134, '48', '00:05:21', NULL, NULL, NULL, 0, '2015-09-01 09:30:01', '2015-09-01 09:30:01'),
	(632, 1134, '50', '00:04:15', NULL, NULL, NULL, 0, '2015-09-01 09:30:01', '2015-09-01 09:30:01'),
	(633, 1134, '52', '00:04:06', NULL, NULL, NULL, 0, '2015-09-01 09:30:01', '2015-09-01 09:30:01'),
	(634, 1134, '53', '00:05:40', NULL, NULL, NULL, 0, '2015-09-01 09:30:01', '2015-09-01 09:30:01'),
	(635, 1134, '54', '00:04:39', NULL, NULL, NULL, 0, '2015-09-01 09:30:01', '2015-09-01 09:30:01'),
	(636, 1134, '55', '00:05:15', NULL, NULL, NULL, 0, '2015-09-01 09:30:01', '2015-09-01 09:30:01'),
	(637, 1135, '43', '00:11:15', NULL, NULL, NULL, 0, '2015-09-01 09:45:01', '2015-09-01 09:45:01'),
	(638, 1135, '48', '00:08:46', NULL, NULL, NULL, 0, '2015-09-01 09:45:01', '2015-09-01 09:45:01'),
	(639, 1135, '50', '00:06:49', NULL, NULL, NULL, 0, '2015-09-01 09:45:01', '2015-09-01 09:45:01'),
	(640, 1135, '52', '00:06:38', NULL, NULL, NULL, 0, '2015-09-01 09:45:01', '2015-09-01 09:45:01'),
	(641, 1135, '53', '00:08:16', NULL, NULL, NULL, 0, '2015-09-01 09:45:01', '2015-09-01 09:45:01'),
	(642, 1135, '54', '00:06:45', NULL, NULL, NULL, 0, '2015-09-01 09:45:01', '2015-09-01 09:45:01'),
	(643, 1135, '55', '00:07:50', NULL, NULL, NULL, 0, '2015-09-01 09:45:01', '2015-09-01 09:45:01'),
	(644, 1136, '43', '00:26:54', NULL, NULL, NULL, 0, '2015-09-01 10:00:00', '2015-09-01 10:00:00'),
	(645, 1136, '48', '00:18:24', NULL, NULL, NULL, 0, '2015-09-01 10:00:00', '2015-09-01 10:00:00'),
	(646, 1136, '50', '00:15:29', NULL, NULL, NULL, 0, '2015-09-01 10:00:00', '2015-09-01 10:00:00'),
	(647, 1136, '52', '00:15:30', NULL, NULL, NULL, 0, '2015-09-01 10:00:00', '2015-09-01 10:00:00'),
	(648, 1136, '53', '00:19:41', NULL, NULL, NULL, 0, '2015-09-01 10:00:00', '2015-09-01 10:00:00'),
	(649, 1136, '54', '00:15:57', NULL, NULL, NULL, 0, '2015-09-01 10:00:00', '2015-09-01 10:00:00'),
	(650, 1136, '55', '00:19:04', NULL, NULL, NULL, 0, '2015-09-01 10:00:00', '2015-09-01 10:00:00'),
	(651, 1137, '43', '00:07:14', NULL, NULL, NULL, 0, '2015-09-01 10:15:01', '2015-09-01 10:15:01'),
	(652, 1137, '48', '00:05:19', NULL, NULL, NULL, 0, '2015-09-01 10:15:01', '2015-09-01 10:15:01'),
	(653, 1137, '50', '00:04:28', NULL, NULL, NULL, 0, '2015-09-01 10:15:01', '2015-09-01 10:15:01'),
	(654, 1137, '52', '00:04:20', NULL, NULL, NULL, 0, '2015-09-01 10:15:01', '2015-09-01 10:15:01'),
	(655, 1137, '53', '00:05:25', NULL, NULL, NULL, 0, '2015-09-01 10:15:01', '2015-09-01 10:15:01'),
	(656, 1137, '54', '00:04:42', NULL, NULL, NULL, 0, '2015-09-01 10:15:01', '2015-09-01 10:15:01'),
	(657, 1137, '55', '00:05:26', NULL, NULL, NULL, 0, '2015-09-01 10:15:01', '2015-09-01 10:15:01'),
	(658, 1138, '43', '00:22:27', NULL, NULL, NULL, 0, '2015-09-01 10:30:01', '2015-09-01 10:30:01'),
	(659, 1138, '48', '00:16:52', NULL, NULL, NULL, 0, '2015-09-01 10:30:01', '2015-09-01 10:30:01'),
	(660, 1138, '50', '00:14:10', NULL, NULL, NULL, 0, '2015-09-01 10:30:01', '2015-09-01 10:30:01'),
	(661, 1138, '52', '00:13:21', NULL, NULL, NULL, 0, '2015-09-01 10:30:01', '2015-09-01 10:30:01'),
	(662, 1138, '53', '00:18:31', NULL, NULL, NULL, 0, '2015-09-01 10:30:02', '2015-09-01 10:30:02'),
	(663, 1138, '54', '00:14:43', NULL, NULL, NULL, 0, '2015-09-01 10:30:02', '2015-09-01 10:30:02'),
	(664, 1138, '55', '00:17:44', NULL, NULL, NULL, 0, '2015-09-01 10:30:02', '2015-09-01 10:30:02'),
	(665, 1139, '43', '00:19:22', NULL, NULL, NULL, 0, '2015-09-01 10:45:01', '2015-09-01 10:45:01'),
	(666, 1139, '48', '00:12:46', NULL, NULL, NULL, 0, '2015-09-01 10:45:01', '2015-09-01 10:45:01'),
	(667, 1139, '50', '00:11:51', NULL, NULL, NULL, 0, '2015-09-01 10:45:01', '2015-09-01 10:45:01'),
	(668, 1139, '52', '00:10:52', NULL, NULL, NULL, 0, '2015-09-01 10:45:01', '2015-09-01 10:45:01'),
	(669, 1139, '53', '00:14:21', NULL, NULL, NULL, 0, '2015-09-01 10:45:01', '2015-09-01 10:45:01'),
	(670, 1139, '54', '00:11:51', NULL, NULL, NULL, 0, '2015-09-01 10:45:01', '2015-09-01 10:45:01'),
	(671, 1139, '55', '00:13:38', NULL, NULL, NULL, 0, '2015-09-01 10:45:01', '2015-09-01 10:45:01'),
	(672, 1140, '43', '00:24:50', NULL, NULL, NULL, 0, '2015-09-01 11:00:01', '2015-09-01 11:00:01'),
	(673, 1140, '48', '00:17:31', NULL, NULL, NULL, 0, '2015-09-01 11:00:01', '2015-09-01 11:00:01'),
	(674, 1140, '50', '00:14:01', NULL, NULL, NULL, 0, '2015-09-01 11:00:01', '2015-09-01 11:00:01'),
	(675, 1140, '52', '00:14:04', NULL, NULL, NULL, 0, '2015-09-01 11:00:01', '2015-09-01 11:00:01'),
	(676, 1140, '53', '00:17:51', NULL, NULL, NULL, 0, '2015-09-01 11:00:01', '2015-09-01 11:00:01'),
	(677, 1140, '54', '00:14:48', NULL, NULL, NULL, 0, '2015-09-01 11:00:01', '2015-09-01 11:00:01'),
	(678, 1140, '55', '00:17:03', NULL, NULL, NULL, 0, '2015-09-01 11:00:01', '2015-09-01 11:00:01'),
	(679, 1141, '43', '00:19:33', NULL, NULL, NULL, 0, '2015-09-01 11:15:00', '2015-09-01 11:15:00'),
	(680, 1141, '48', '00:13:50', NULL, NULL, NULL, 0, '2015-09-01 11:15:00', '2015-09-01 11:15:00'),
	(681, 1141, '50', '00:11:20', NULL, NULL, NULL, 0, '2015-09-01 11:15:00', '2015-09-01 11:15:00'),
	(682, 1141, '52', '00:11:09', NULL, NULL, NULL, 0, '2015-09-01 11:15:00', '2015-09-01 11:15:00'),
	(683, 1141, '53', '00:14:31', NULL, NULL, NULL, 0, '2015-09-01 11:15:00', '2015-09-01 11:15:00'),
	(684, 1141, '54', '00:11:16', NULL, NULL, NULL, 0, '2015-09-01 11:15:00', '2015-09-01 11:15:00'),
	(685, 1141, '55', '00:13:23', NULL, NULL, NULL, 0, '2015-09-01 11:15:00', '2015-09-01 11:15:00'),
	(686, 1142, '43', '00:24:24', NULL, NULL, NULL, 0, '2015-09-01 11:30:00', '2015-09-01 11:30:00'),
	(687, 1142, '48', '00:17:03', NULL, NULL, NULL, 0, '2015-09-01 11:30:00', '2015-09-01 11:30:00'),
	(688, 1142, '50', '00:15:08', NULL, NULL, NULL, 0, '2015-09-01 11:30:00', '2015-09-01 11:30:00'),
	(689, 1142, '52', '00:13:54', NULL, NULL, NULL, 0, '2015-09-01 11:30:00', '2015-09-01 11:30:00'),
	(690, 1142, '53', '00:17:48', NULL, NULL, NULL, 0, '2015-09-01 11:30:00', '2015-09-01 11:30:00'),
	(691, 1142, '54', '00:14:36', NULL, NULL, NULL, 0, '2015-09-01 11:30:00', '2015-09-01 11:30:00'),
	(692, 1142, '55', '00:18:04', NULL, NULL, NULL, 0, '2015-09-01 11:30:00', '2015-09-01 11:30:00'),
	(693, 1143, '43', '00:20:11', NULL, NULL, NULL, 0, '2015-09-01 12:00:00', '2015-09-01 12:00:00'),
	(694, 1143, '48', '00:14:37', NULL, NULL, NULL, 0, '2015-09-01 12:00:00', '2015-09-01 12:00:00'),
	(695, 1143, '50', '00:11:09', NULL, NULL, NULL, 0, '2015-09-01 12:00:00', '2015-09-01 12:00:00'),
	(696, 1143, '52', '00:11:21', NULL, NULL, NULL, 0, '2015-09-01 12:00:00', '2015-09-01 12:00:00'),
	(697, 1143, '53', '00:14:12', NULL, NULL, NULL, 0, '2015-09-01 12:00:00', '2015-09-01 12:00:00'),
	(698, 1143, '54', '00:10:56', NULL, NULL, NULL, 0, '2015-09-01 12:00:00', '2015-09-01 12:00:00'),
	(699, 1143, '55', '00:12:46', NULL, NULL, NULL, 0, '2015-09-01 12:00:00', '2015-09-01 12:00:00'),
	(700, 1144, '43', '00:00:00', NULL, NULL, NULL, 0, '2015-09-01 12:00:01', '2015-09-01 12:00:01'),
	(701, 1144, '48', '00:00:00', NULL, NULL, NULL, 0, '2015-09-01 12:00:01', '2015-09-01 12:00:01'),
	(702, 1144, '50', '00:00:00', NULL, NULL, NULL, 0, '2015-09-01 12:00:01', '2015-09-01 12:00:01'),
	(703, 1144, '52', '00:00:00', NULL, NULL, NULL, 0, '2015-09-01 12:00:01', '2015-09-01 12:00:01'),
	(704, 1144, '53', '00:00:00', NULL, NULL, NULL, 0, '2015-09-01 12:00:01', '2015-09-01 12:00:01'),
	(705, 1144, '54', '00:00:00', NULL, NULL, NULL, 0, '2015-09-01 12:00:01', '2015-09-01 12:00:01'),
	(706, 1144, '55', '00:00:00', NULL, NULL, NULL, 0, '2015-09-01 12:00:01', '2015-09-01 12:00:01'),
	(707, 1145, '43', '00:25:32', NULL, NULL, NULL, 0, '2015-09-01 12:15:02', '2015-09-01 12:15:02'),
	(708, 1145, '48', '00:17:52', NULL, NULL, NULL, 0, '2015-09-01 12:15:02', '2015-09-01 12:15:02'),
	(709, 1145, '50', '00:15:49', NULL, NULL, NULL, 0, '2015-09-01 12:15:02', '2015-09-01 12:15:02'),
	(710, 1145, '52', '00:14:22', NULL, NULL, NULL, 0, '2015-09-01 12:15:02', '2015-09-01 12:15:02'),
	(711, 1145, '53', '00:18:16', NULL, NULL, NULL, 0, '2015-09-01 12:15:02', '2015-09-01 12:15:02'),
	(712, 1145, '54', '00:15:42', NULL, NULL, NULL, 0, '2015-09-01 12:15:02', '2015-09-01 12:15:02'),
	(713, 1145, '55', '00:18:34', NULL, NULL, NULL, 0, '2015-09-01 12:15:02', '2015-09-01 12:15:02'),
	(714, 1146, '43', '00:00:00', NULL, NULL, NULL, 0, '2015-09-01 12:30:00', '2015-09-01 12:30:00'),
	(715, 1146, '48', '00:00:00', NULL, NULL, NULL, 0, '2015-09-01 12:30:00', '2015-09-01 12:30:00'),
	(716, 1146, '50', '00:00:00', NULL, NULL, NULL, 0, '2015-09-01 12:30:00', '2015-09-01 12:30:00'),
	(717, 1146, '52', '00:00:00', NULL, NULL, NULL, 0, '2015-09-01 12:30:00', '2015-09-01 12:30:00'),
	(718, 1146, '53', '00:00:00', NULL, NULL, NULL, 0, '2015-09-01 12:30:00', '2015-09-01 12:30:00'),
	(719, 1146, '54', '00:00:00', NULL, NULL, NULL, 0, '2015-09-01 12:30:00', '2015-09-01 12:30:00'),
	(720, 1146, '55', '00:00:00', NULL, NULL, NULL, 0, '2015-09-01 12:30:00', '2015-09-01 12:30:00'),
	(721, 1984, '71', '00:36:04', NULL, NULL, NULL, 0, '2015-09-02 14:00:01', '2015-09-02 14:00:01'),
	(722, 1984, '72', '00:36:57', NULL, NULL, NULL, 0, '2015-09-02 14:00:01', '2015-09-02 14:00:01'),
	(723, 1984, '74', '00:28:38', NULL, NULL, NULL, 0, '2015-09-02 14:00:01', '2015-09-02 14:00:01'),
	(724, 1984, '80', '00:32:29', NULL, NULL, NULL, 0, '2015-09-02 14:00:01', '2015-09-02 14:00:01'),
	(725, 1984, '83', '00:27:36', NULL, NULL, NULL, 0, '2015-09-02 14:00:01', '2015-09-02 14:00:01'),
	(726, 1984, '84', '00:28:43', NULL, NULL, NULL, 0, '2015-09-02 14:00:01', '2015-09-02 14:00:01'),
	(727, 1985, '71', '00:29:30', NULL, NULL, NULL, 0, '2015-09-02 14:15:01', '2015-09-02 14:15:01'),
	(728, 1985, '72', '00:29:07', NULL, NULL, NULL, 0, '2015-09-02 14:15:01', '2015-09-02 14:15:01'),
	(729, 1985, '74', '00:25:58', NULL, NULL, NULL, 0, '2015-09-02 14:15:01', '2015-09-02 14:15:01'),
	(730, 1985, '80', '00:26:00', NULL, NULL, NULL, 0, '2015-09-02 14:15:01', '2015-09-02 14:15:01'),
	(731, 1985, '83', '00:22:10', NULL, NULL, NULL, 0, '2015-09-02 14:15:01', '2015-09-02 14:15:01'),
	(732, 1985, '84', '00:24:14', NULL, NULL, NULL, 0, '2015-09-02 14:15:01', '2015-09-02 14:15:01'),
	(733, 1986, '71', '00:41:20', NULL, NULL, NULL, 0, '2015-09-02 14:30:00', '2015-09-02 14:30:00'),
	(734, 1986, '72', '00:43:03', NULL, NULL, NULL, 0, '2015-09-02 14:30:00', '2015-09-02 14:30:00'),
	(735, 1986, '74', '00:33:47', NULL, NULL, NULL, 0, '2015-09-02 14:30:00', '2015-09-02 14:30:00'),
	(736, 1986, '80', '00:34:08', NULL, NULL, NULL, 0, '2015-09-02 14:30:00', '2015-09-02 14:30:00'),
	(737, 1986, '83', '00:32:26', NULL, NULL, NULL, 0, '2015-09-02 14:30:00', '2015-09-02 14:30:00'),
	(738, 1986, '84', '00:32:16', NULL, NULL, NULL, 0, '2015-09-02 14:30:00', '2015-09-02 14:30:00'),
	(739, 1987, '71', '00:33:37', NULL, NULL, NULL, 0, '2015-09-02 14:45:01', '2015-09-02 14:45:01'),
	(740, 1987, '72', '00:35:22', NULL, NULL, NULL, 0, '2015-09-02 14:45:01', '2015-09-02 14:45:01'),
	(741, 1987, '74', '00:27:20', NULL, NULL, NULL, 0, '2015-09-02 14:45:01', '2015-09-02 14:45:01'),
	(742, 1987, '80', '00:29:42', NULL, NULL, NULL, 0, '2015-09-02 14:45:01', '2015-09-02 14:45:01'),
	(743, 1987, '83', '00:25:23', NULL, NULL, NULL, 0, '2015-09-02 14:45:01', '2015-09-02 14:45:01'),
	(744, 1987, '84', '00:26:09', NULL, NULL, NULL, 0, '2015-09-02 14:45:01', '2015-09-02 14:45:01'),
	(745, 1988, '71', '00:32:26', NULL, NULL, NULL, 0, '2015-09-02 15:00:01', '2015-09-02 15:00:01'),
	(746, 1988, '72', '00:33:10', NULL, NULL, NULL, 0, '2015-09-02 15:00:01', '2015-09-02 15:00:01'),
	(747, 1988, '74', '00:28:03', NULL, NULL, NULL, 0, '2015-09-02 15:00:01', '2015-09-02 15:00:01'),
	(748, 1988, '80', '00:27:23', NULL, NULL, NULL, 0, '2015-09-02 15:00:01', '2015-09-02 15:00:01'),
	(749, 1988, '83', '00:24:17', NULL, NULL, NULL, 0, '2015-09-02 15:00:01', '2015-09-02 15:00:01'),
	(750, 1988, '84', '00:24:27', NULL, NULL, NULL, 0, '2015-09-02 15:00:01', '2015-09-02 15:00:01'),
	(751, 1989, '71', '00:33:28', NULL, NULL, NULL, 0, '2015-09-02 15:15:01', '2015-09-02 15:15:01'),
	(752, 1989, '72', '00:34:02', NULL, NULL, NULL, 0, '2015-09-02 15:15:01', '2015-09-02 15:15:01'),
	(753, 1989, '74', '00:27:03', NULL, NULL, NULL, 0, '2015-09-02 15:15:01', '2015-09-02 15:15:01'),
	(754, 1989, '80', '00:29:17', NULL, NULL, NULL, 0, '2015-09-02 15:15:01', '2015-09-02 15:15:01'),
	(755, 1989, '83', '00:27:26', NULL, NULL, NULL, 0, '2015-09-02 15:15:01', '2015-09-02 15:15:01'),
	(756, 1989, '84', '00:25:56', NULL, NULL, NULL, 0, '2015-09-02 15:15:01', '2015-09-02 15:15:01'),
	(757, 1990, '71', '00:29:21', NULL, NULL, NULL, 0, '2015-09-02 15:30:01', '2015-09-02 15:30:01'),
	(758, 1990, '72', '00:30:23', NULL, NULL, NULL, 0, '2015-09-02 15:30:01', '2015-09-02 15:30:01'),
	(759, 1990, '74', '00:25:00', NULL, NULL, NULL, 0, '2015-09-02 15:30:01', '2015-09-02 15:30:01'),
	(760, 1990, '80', '00:26:47', NULL, NULL, NULL, 0, '2015-09-02 15:30:01', '2015-09-02 15:30:01'),
	(761, 1990, '83', '00:23:28', NULL, NULL, NULL, 0, '2015-09-02 15:30:01', '2015-09-02 15:30:01'),
	(762, 1990, '84', '00:23:56', NULL, NULL, NULL, 0, '2015-09-02 15:30:01', '2015-09-02 15:30:01'),
	(763, 1991, '71', '00:35:04', NULL, NULL, NULL, 0, '2015-09-02 15:45:00', '2015-09-02 15:45:00'),
	(764, 1991, '72', '00:34:56', NULL, NULL, NULL, 0, '2015-09-02 15:45:00', '2015-09-02 15:45:00'),
	(765, 1991, '74', '00:28:06', NULL, NULL, NULL, 0, '2015-09-02 15:45:00', '2015-09-02 15:45:00'),
	(766, 1991, '80', '00:27:36', NULL, NULL, NULL, 0, '2015-09-02 15:45:00', '2015-09-02 15:45:00'),
	(767, 1991, '83', '00:26:02', NULL, NULL, NULL, 0, '2015-09-02 15:45:00', '2015-09-02 15:45:00'),
	(768, 1991, '84', '00:27:43', NULL, NULL, NULL, 0, '2015-09-02 15:45:00', '2015-09-02 15:45:00'),
	(769, 1992, '71', '00:25:09', NULL, NULL, NULL, 0, '2015-09-02 16:00:00', '2015-09-02 16:00:00'),
	(770, 1992, '72', '00:26:54', NULL, NULL, NULL, 0, '2015-09-02 16:00:00', '2015-09-02 16:00:00'),
	(771, 1992, '74', '00:20:51', NULL, NULL, NULL, 0, '2015-09-02 16:00:00', '2015-09-02 16:00:00'),
	(772, 1992, '80', '00:23:15', NULL, NULL, NULL, 0, '2015-09-02 16:00:00', '2015-09-02 16:00:00'),
	(773, 1992, '83', '00:19:45', NULL, NULL, NULL, 0, '2015-09-02 16:00:00', '2015-09-02 16:00:00'),
	(774, 1992, '84', '00:21:07', NULL, NULL, NULL, 0, '2015-09-02 16:00:00', '2015-09-02 16:00:00'),
	(775, 1993, '71', '00:26:33', NULL, NULL, NULL, 0, '2015-09-02 16:15:01', '2015-09-02 16:15:01'),
	(776, 1993, '72', '00:25:32', NULL, NULL, NULL, 0, '2015-09-02 16:15:01', '2015-09-02 16:15:01'),
	(777, 1993, '74', '00:22:25', NULL, NULL, NULL, 0, '2015-09-02 16:15:01', '2015-09-02 16:15:01'),
	(778, 1993, '80', '00:23:00', NULL, NULL, NULL, 0, '2015-09-02 16:15:01', '2015-09-02 16:15:01'),
	(779, 1993, '83', '00:19:28', NULL, NULL, NULL, 0, '2015-09-02 16:15:01', '2015-09-02 16:15:01'),
	(780, 1993, '84', '00:21:26', NULL, NULL, NULL, 0, '2015-09-02 16:15:01', '2015-09-02 16:15:01'),
	(781, 1994, '71', '00:31:34', NULL, NULL, NULL, 0, '2015-09-02 16:30:02', '2015-09-02 16:30:02'),
	(782, 1994, '72', '00:35:05', NULL, NULL, NULL, 0, '2015-09-02 16:30:02', '2015-09-02 16:30:02'),
	(783, 1994, '74', '00:27:29', NULL, NULL, NULL, 0, '2015-09-02 16:30:02', '2015-09-02 16:30:02'),
	(784, 1994, '80', '00:29:10', NULL, NULL, NULL, 0, '2015-09-02 16:30:02', '2015-09-02 16:30:02'),
	(785, 1994, '83', '00:23:44', NULL, NULL, NULL, 0, '2015-09-02 16:30:02', '2015-09-02 16:30:02'),
	(786, 1994, '84', '00:27:03', NULL, NULL, NULL, 0, '2015-09-02 16:30:02', '2015-09-02 16:30:02'),
	(787, 1995, '71', '00:18:42', NULL, NULL, NULL, 0, '2015-09-02 16:45:00', '2015-09-02 16:45:00'),
	(788, 1995, '72', '00:19:33', NULL, NULL, NULL, 0, '2015-09-02 16:45:00', '2015-09-02 16:45:00'),
	(789, 1995, '74', '00:17:05', NULL, NULL, NULL, 0, '2015-09-02 16:45:00', '2015-09-02 16:45:00'),
	(790, 1995, '80', '00:15:42', NULL, NULL, NULL, 0, '2015-09-02 16:45:00', '2015-09-02 16:45:00'),
	(791, 1995, '83', '00:15:01', NULL, NULL, NULL, 0, '2015-09-02 16:45:00', '2015-09-02 16:45:00'),
	(792, 1995, '84', '00:15:14', NULL, NULL, NULL, 0, '2015-09-02 16:45:00', '2015-09-02 16:45:00'),
	(793, 1996, '71', '00:28:01', NULL, NULL, NULL, 0, '2015-09-02 17:00:01', '2015-09-02 17:00:01'),
	(794, 1996, '72', '00:28:53', NULL, NULL, NULL, 0, '2015-09-02 17:00:01', '2015-09-02 17:00:01'),
	(795, 1996, '74', '00:24:20', NULL, NULL, NULL, 0, '2015-09-02 17:00:01', '2015-09-02 17:00:01'),
	(796, 1996, '80', '00:24:06', NULL, NULL, NULL, 0, '2015-09-02 17:00:01', '2015-09-02 17:00:01'),
	(797, 1996, '83', '00:20:51', NULL, NULL, NULL, 0, '2015-09-02 17:00:01', '2015-09-02 17:00:01'),
	(798, 1996, '84', '00:22:02', NULL, NULL, NULL, 0, '2015-09-02 17:00:01', '2015-09-02 17:00:01'),
	(799, 1997, '71', '00:31:40', NULL, NULL, NULL, 0, '2015-09-02 17:15:00', '2015-09-02 17:15:00'),
	(800, 1997, '72', '00:33:11', NULL, NULL, NULL, 0, '2015-09-02 17:15:00', '2015-09-02 17:15:00'),
	(801, 1997, '74', '00:24:32', NULL, NULL, NULL, 0, '2015-09-02 17:15:00', '2015-09-02 17:15:00'),
	(802, 1997, '80', '00:26:50', NULL, NULL, NULL, 0, '2015-09-02 17:15:00', '2015-09-02 17:15:00'),
	(803, 1997, '83', '00:24:45', NULL, NULL, NULL, 0, '2015-09-02 17:15:00', '2015-09-02 17:15:00'),
	(804, 1997, '84', '00:23:41', NULL, NULL, NULL, 0, '2015-09-02 17:15:00', '2015-09-02 17:15:00'),
	(805, 1998, '71', '00:24:35', NULL, NULL, NULL, 0, '2015-09-02 17:30:00', '2015-09-02 17:30:00'),
	(806, 1998, '72', '00:24:59', NULL, NULL, NULL, 0, '2015-09-02 17:30:00', '2015-09-02 17:30:00'),
	(807, 1998, '74', '00:20:37', NULL, NULL, NULL, 0, '2015-09-02 17:30:00', '2015-09-02 17:30:00'),
	(808, 1998, '80', '00:20:56', NULL, NULL, NULL, 0, '2015-09-02 17:30:00', '2015-09-02 17:30:00'),
	(809, 1998, '83', '00:19:05', NULL, NULL, NULL, 0, '2015-09-02 17:30:00', '2015-09-02 17:30:00'),
	(810, 1998, '84', '00:18:56', NULL, NULL, NULL, 0, '2015-09-02 17:30:00', '2015-09-02 17:30:00'),
	(811, 1999, '71', '00:24:16', NULL, NULL, NULL, 0, '2015-09-02 17:45:01', '2015-09-02 17:45:01'),
	(812, 1999, '72', '00:25:17', NULL, NULL, NULL, 0, '2015-09-02 17:45:01', '2015-09-02 17:45:01'),
	(813, 1999, '74', '00:20:32', NULL, NULL, NULL, 0, '2015-09-02 17:45:01', '2015-09-02 17:45:01'),
	(814, 1999, '80', '00:21:09', NULL, NULL, NULL, 0, '2015-09-02 17:45:01', '2015-09-02 17:45:01'),
	(815, 1999, '83', '00:19:33', NULL, NULL, NULL, 0, '2015-09-02 17:45:01', '2015-09-02 17:45:01'),
	(816, 1999, '84', '00:19:24', NULL, NULL, NULL, 0, '2015-09-02 17:45:01', '2015-09-02 17:45:01'),
	(817, 2000, '71', '00:20:07', NULL, NULL, NULL, 0, '2015-09-02 18:00:00', '2015-09-02 18:00:00'),
	(818, 2000, '72', '00:20:41', NULL, NULL, NULL, 0, '2015-09-02 18:00:00', '2015-09-02 18:00:00'),
	(819, 2000, '74', '00:17:09', NULL, NULL, NULL, 0, '2015-09-02 18:00:00', '2015-09-02 18:00:00'),
	(820, 2000, '80', '00:17:06', NULL, NULL, NULL, 0, '2015-09-02 18:00:00', '2015-09-02 18:00:00'),
	(821, 2000, '83', '00:15:53', NULL, NULL, NULL, 0, '2015-09-02 18:00:00', '2015-09-02 18:00:00'),
	(822, 2000, '84', '00:16:25', NULL, NULL, NULL, 0, '2015-09-02 18:00:00', '2015-09-02 18:00:00'),
	(823, 2001, '71', '00:35:31', NULL, NULL, NULL, 0, '2015-09-02 18:15:01', '2015-09-02 18:15:01'),
	(824, 2001, '72', '00:37:04', NULL, NULL, NULL, 0, '2015-09-02 18:15:01', '2015-09-02 18:15:01'),
	(825, 2001, '74', '00:30:17', NULL, NULL, NULL, 0, '2015-09-02 18:15:01', '2015-09-02 18:15:01'),
	(826, 2001, '80', '00:31:32', NULL, NULL, NULL, 0, '2015-09-02 18:15:01', '2015-09-02 18:15:01'),
	(827, 2001, '83', '00:27:58', NULL, NULL, NULL, 0, '2015-09-02 18:15:01', '2015-09-02 18:15:01'),
	(828, 2001, '84', '00:28:17', NULL, NULL, NULL, 0, '2015-09-02 18:15:01', '2015-09-02 18:15:01'),
	(829, 18, '49', '00:01:29', NULL, NULL, NULL, 0, '2015-09-03 07:00:01', '2015-09-03 07:00:01'),
	(830, 18, '56', '00:01:24', NULL, NULL, NULL, 0, '2015-09-03 07:00:01', '2015-09-03 07:00:01'),
	(831, 18, '57', '00:01:36', NULL, NULL, NULL, 0, '2015-09-03 07:00:01', '2015-09-03 07:00:01'),
	(832, 18, '65', '00:01:29', NULL, NULL, NULL, 0, '2015-09-03 07:00:01', '2015-09-03 07:00:01'),
	(833, 18, '69', '00:01:55', NULL, NULL, NULL, 0, '2015-09-03 07:00:01', '2015-09-03 07:00:01'),
	(834, 18, '70', '00:01:40', NULL, NULL, NULL, 0, '2015-09-03 07:00:01', '2015-09-03 07:00:01'),
	(835, 18, '73', '00:01:32', NULL, NULL, NULL, 0, '2015-09-03 07:00:01', '2015-09-03 07:00:01'),
	(836, 18, '76', '00:02:11', NULL, NULL, NULL, 0, '2015-09-03 07:00:01', '2015-09-03 07:00:01'),
	(837, 18, '78', '00:01:16', NULL, NULL, NULL, 0, '2015-09-03 07:00:01', '2015-09-03 07:00:01'),
	(838, 19, '49', '00:10:54', NULL, NULL, NULL, 0, '2015-09-03 07:15:02', '2015-09-03 07:15:02'),
	(839, 19, '56', '00:09:06', NULL, NULL, NULL, 0, '2015-09-03 07:15:02', '2015-09-03 07:15:02'),
	(840, 19, '57', '00:10:11', NULL, NULL, NULL, 0, '2015-09-03 07:15:02', '2015-09-03 07:15:02'),
	(841, 19, '65', '00:09:48', NULL, NULL, NULL, 0, '2015-09-03 07:15:02', '2015-09-03 07:15:02'),
	(842, 19, '69', '00:12:37', NULL, NULL, NULL, 0, '2015-09-03 07:15:02', '2015-09-03 07:15:02'),
	(843, 19, '70', '00:10:42', NULL, NULL, NULL, 0, '2015-09-03 07:15:02', '2015-09-03 07:15:02'),
	(844, 19, '73', '00:10:01', NULL, NULL, NULL, 0, '2015-09-03 07:15:02', '2015-09-03 07:15:02'),
	(845, 19, '76', '00:14:05', NULL, NULL, NULL, 0, '2015-09-03 07:15:02', '2015-09-03 07:15:02'),
	(846, 19, '78', '00:08:22', NULL, NULL, NULL, 0, '2015-09-03 07:15:02', '2015-09-03 07:15:02'),
	(847, 20, '49', '00:13:55', NULL, NULL, NULL, 0, '2015-09-03 07:30:02', '2015-09-03 07:30:02'),
	(848, 20, '56', '00:13:03', NULL, NULL, NULL, 0, '2015-09-03 07:30:02', '2015-09-03 07:30:02'),
	(849, 20, '57', '00:15:26', NULL, NULL, NULL, 0, '2015-09-03 07:30:02', '2015-09-03 07:30:02'),
	(850, 20, '65', '00:13:44', NULL, NULL, NULL, 0, '2015-09-03 07:30:02', '2015-09-03 07:30:02'),
	(851, 20, '69', '00:18:30', NULL, NULL, NULL, 0, '2015-09-03 07:30:02', '2015-09-03 07:30:02'),
	(852, 20, '70', '00:14:36', NULL, NULL, NULL, 0, '2015-09-03 07:30:02', '2015-09-03 07:30:02'),
	(853, 20, '73', '00:14:50', NULL, NULL, NULL, 0, '2015-09-03 07:30:02', '2015-09-03 07:30:02'),
	(854, 20, '76', '00:20:54', NULL, NULL, NULL, 0, '2015-09-03 07:30:02', '2015-09-03 07:30:02'),
	(855, 20, '78', '00:11:51', NULL, NULL, NULL, 0, '2015-09-03 07:30:02', '2015-09-03 07:30:02'),
	(856, 21, '49', '00:17:06', NULL, NULL, NULL, 0, '2015-09-03 07:45:00', '2015-09-03 07:45:00'),
	(857, 21, '56', '00:15:30', NULL, NULL, NULL, 0, '2015-09-03 07:45:00', '2015-09-03 07:45:00'),
	(858, 21, '57', '00:17:53', NULL, NULL, NULL, 0, '2015-09-03 07:45:00', '2015-09-03 07:45:00'),
	(859, 21, '65', '00:15:10', NULL, NULL, NULL, 0, '2015-09-03 07:45:00', '2015-09-03 07:45:00'),
	(860, 21, '69', '00:21:07', NULL, NULL, NULL, 0, '2015-09-03 07:45:00', '2015-09-03 07:45:00'),
	(861, 21, '70', '00:17:01', NULL, NULL, NULL, 0, '2015-09-03 07:45:00', '2015-09-03 07:45:00'),
	(862, 21, '73', '00:16:10', NULL, NULL, NULL, 0, '2015-09-03 07:45:00', '2015-09-03 07:45:00'),
	(863, 21, '76', '00:22:31', NULL, NULL, NULL, 0, '2015-09-03 07:45:00', '2015-09-03 07:45:00'),
	(864, 21, '78', '00:13:37', NULL, NULL, NULL, 0, '2015-09-03 07:45:00', '2015-09-03 07:45:00'),
	(865, 22, '49', '00:06:21', NULL, NULL, NULL, 0, '2015-09-03 08:00:00', '2015-09-03 08:00:00'),
	(866, 22, '56', '00:05:51', NULL, NULL, NULL, 0, '2015-09-03 08:00:00', '2015-09-03 08:00:00'),
	(867, 22, '57', '00:06:42', NULL, NULL, NULL, 0, '2015-09-03 08:00:00', '2015-09-03 08:00:00'),
	(868, 22, '65', '00:06:05', NULL, NULL, NULL, 0, '2015-09-03 08:00:00', '2015-09-03 08:00:00'),
	(869, 22, '69', '00:07:34', NULL, NULL, NULL, 0, '2015-09-03 08:00:00', '2015-09-03 08:00:00'),
	(870, 22, '70', '00:06:26', NULL, NULL, NULL, 0, '2015-09-03 08:00:00', '2015-09-03 08:00:00'),
	(871, 22, '73', '00:06:22', NULL, NULL, NULL, 0, '2015-09-03 08:00:00', '2015-09-03 08:00:00'),
	(872, 22, '76', '00:08:57', NULL, NULL, NULL, 0, '2015-09-03 08:00:00', '2015-09-03 08:00:00'),
	(873, 22, '78', '00:05:29', NULL, NULL, NULL, 0, '2015-09-03 08:00:00', '2015-09-03 08:00:00'),
	(874, 23, '49', '00:05:10', NULL, NULL, NULL, 0, '2015-09-03 08:15:01', '2015-09-03 08:15:01'),
	(875, 23, '56', '00:04:15', NULL, NULL, NULL, 0, '2015-09-03 08:15:01', '2015-09-03 08:15:01'),
	(876, 23, '57', '00:05:22', NULL, NULL, NULL, 0, '2015-09-03 08:15:01', '2015-09-03 08:15:01'),
	(877, 23, '65', '00:04:27', NULL, NULL, NULL, 0, '2015-09-03 08:15:01', '2015-09-03 08:15:01'),
	(878, 23, '69', '00:06:18', NULL, NULL, NULL, 0, '2015-09-03 08:15:01', '2015-09-03 08:15:01'),
	(879, 23, '70', '00:05:00', NULL, NULL, NULL, 0, '2015-09-03 08:15:01', '2015-09-03 08:15:01'),
	(880, 23, '73', '00:05:07', NULL, NULL, NULL, 0, '2015-09-03 08:15:01', '2015-09-03 08:15:01'),
	(881, 23, '76', '00:07:13', NULL, NULL, NULL, 0, '2015-09-03 08:15:01', '2015-09-03 08:15:01'),
	(882, 23, '78', '00:04:15', NULL, NULL, NULL, 0, '2015-09-03 08:15:01', '2015-09-03 08:15:01'),
	(883, 24, '49', '00:14:27', NULL, NULL, NULL, 0, '2015-09-03 08:30:01', '2015-09-03 08:30:01'),
	(884, 24, '56', '00:13:31', NULL, NULL, NULL, 0, '2015-09-03 08:30:01', '2015-09-03 08:30:01'),
	(885, 24, '57', '00:15:33', NULL, NULL, NULL, 0, '2015-09-03 08:30:01', '2015-09-03 08:30:01'),
	(886, 24, '65', '00:13:06', NULL, NULL, NULL, 0, '2015-09-03 08:30:01', '2015-09-03 08:30:01'),
	(887, 24, '69', '00:16:59', NULL, NULL, NULL, 0, '2015-09-03 08:30:01', '2015-09-03 08:30:01'),
	(888, 24, '70', '00:14:46', NULL, NULL, NULL, 0, '2015-09-03 08:30:01', '2015-09-03 08:30:01'),
	(889, 24, '73', '00:13:58', NULL, NULL, NULL, 0, '2015-09-03 08:30:01', '2015-09-03 08:30:01'),
	(890, 24, '76', '00:18:39', NULL, NULL, NULL, 0, '2015-09-03 08:30:01', '2015-09-03 08:30:01'),
	(891, 24, '78', '00:11:35', NULL, NULL, NULL, 0, '2015-09-03 08:30:01', '2015-09-03 08:30:01'),
	(892, 25, '49', '00:09:59', NULL, NULL, NULL, 0, '2015-09-03 08:45:01', '2015-09-03 08:45:01'),
	(893, 25, '56', '00:09:13', NULL, NULL, NULL, 0, '2015-09-03 08:45:01', '2015-09-03 08:45:01'),
	(894, 25, '57', '00:10:53', NULL, NULL, NULL, 0, '2015-09-03 08:45:01', '2015-09-03 08:45:01'),
	(895, 25, '65', '00:09:26', NULL, NULL, NULL, 0, '2015-09-03 08:45:01', '2015-09-03 08:45:01'),
	(896, 25, '69', '00:12:21', NULL, NULL, NULL, 0, '2015-09-03 08:45:01', '2015-09-03 08:45:01'),
	(897, 25, '70', '00:09:29', NULL, NULL, NULL, 0, '2015-09-03 08:45:01', '2015-09-03 08:45:01'),
	(898, 25, '73', '00:09:32', NULL, NULL, NULL, 0, '2015-09-03 08:45:01', '2015-09-03 08:45:01'),
	(899, 25, '76', '00:13:35', NULL, NULL, NULL, 0, '2015-09-03 08:45:01', '2015-09-03 08:45:01'),
	(900, 25, '78', '00:08:16', NULL, NULL, NULL, 0, '2015-09-03 08:45:01', '2015-09-03 08:45:01'),
	(901, 26, '49', '00:01:34', NULL, NULL, NULL, 0, '2015-09-03 11:00:01', '2015-09-03 11:00:01'),
	(902, 26, '56', '00:01:26', NULL, NULL, NULL, 0, '2015-09-03 11:00:01', '2015-09-03 11:00:01'),
	(903, 26, '57', '00:01:40', NULL, NULL, NULL, 0, '2015-09-03 11:00:01', '2015-09-03 11:00:01'),
	(904, 26, '65', '00:01:29', NULL, NULL, NULL, 0, '2015-09-03 11:00:01', '2015-09-03 11:00:01'),
	(905, 26, '69', '00:02:01', NULL, NULL, NULL, 0, '2015-09-03 11:00:01', '2015-09-03 11:00:01'),
	(906, 26, '70', '00:01:32', NULL, NULL, NULL, 0, '2015-09-03 11:00:01', '2015-09-03 11:00:01'),
	(907, 26, '73', '00:01:32', NULL, NULL, NULL, 0, '2015-09-03 11:00:01', '2015-09-03 11:00:01'),
	(908, 26, '76', '00:02:13', NULL, NULL, NULL, 0, '2015-09-03 11:00:01', '2015-09-03 11:00:01'),
	(909, 26, '78', '00:01:24', NULL, NULL, NULL, 0, '2015-09-03 11:00:01', '2015-09-03 11:00:01'),
	(910, 27, '49', '00:13:08', NULL, NULL, NULL, 0, '2015-09-03 11:15:00', '2015-09-03 11:15:00'),
	(911, 27, '56', '00:11:15', NULL, NULL, NULL, 0, '2015-09-03 11:15:00', '2015-09-03 11:15:00'),
	(912, 27, '57', '00:13:59', NULL, NULL, NULL, 0, '2015-09-03 11:15:00', '2015-09-03 11:15:00'),
	(913, 27, '65', '00:11:34', NULL, NULL, NULL, 0, '2015-09-03 11:15:00', '2015-09-03 11:15:00'),
	(914, 27, '69', '00:15:37', NULL, NULL, NULL, 0, '2015-09-03 11:15:00', '2015-09-03 11:15:00'),
	(915, 27, '70', '00:12:52', NULL, NULL, NULL, 0, '2015-09-03 11:15:00', '2015-09-03 11:15:00'),
	(916, 27, '73', '00:13:01', NULL, NULL, NULL, 0, '2015-09-03 11:15:00', '2015-09-03 11:15:00'),
	(917, 27, '76', '00:17:16', NULL, NULL, NULL, 0, '2015-09-03 11:15:00', '2015-09-03 11:15:00'),
	(918, 27, '78', '00:11:08', NULL, NULL, NULL, 0, '2015-09-03 11:15:00', '2015-09-03 11:15:00'),
	(919, 28, '49', '00:16:22', NULL, NULL, NULL, 0, '2015-09-03 11:30:02', '2015-09-03 11:30:02'),
	(920, 28, '56', '00:15:09', NULL, NULL, NULL, 0, '2015-09-03 11:30:02', '2015-09-03 11:30:02'),
	(921, 28, '57', '00:16:37', NULL, NULL, NULL, 0, '2015-09-03 11:30:02', '2015-09-03 11:30:02'),
	(922, 28, '65', '00:14:21', NULL, NULL, NULL, 0, '2015-09-03 11:30:02', '2015-09-03 11:30:02'),
	(923, 28, '69', '00:19:07', NULL, NULL, NULL, 0, '2015-09-03 11:30:02', '2015-09-03 11:30:02'),
	(924, 28, '70', '00:15:31', NULL, NULL, NULL, 0, '2015-09-03 11:30:02', '2015-09-03 11:30:02'),
	(925, 28, '73', '00:16:31', NULL, NULL, NULL, 0, '2015-09-03 11:30:02', '2015-09-03 11:30:02'),
	(926, 28, '76', '00:21:31', NULL, NULL, NULL, 0, '2015-09-03 11:30:02', '2015-09-03 11:30:02'),
	(927, 28, '78', '00:13:07', NULL, NULL, NULL, 0, '2015-09-03 11:30:02', '2015-09-03 11:30:02'),
	(928, 29, '49', '00:01:26', NULL, NULL, NULL, 0, '2015-09-03 11:45:01', '2015-09-03 11:45:01'),
	(929, 29, '56', '00:01:18', NULL, NULL, NULL, 0, '2015-09-03 11:45:01', '2015-09-03 11:45:01'),
	(930, 29, '57', '00:01:30', NULL, NULL, NULL, 0, '2015-09-03 11:45:01', '2015-09-03 11:45:01'),
	(931, 29, '65', '00:01:20', NULL, NULL, NULL, 0, '2015-09-03 11:45:01', '2015-09-03 11:45:01'),
	(932, 29, '69', '00:01:50', NULL, NULL, NULL, 0, '2015-09-03 11:45:01', '2015-09-03 11:45:01'),
	(933, 29, '70', '00:01:24', NULL, NULL, NULL, 0, '2015-09-03 11:45:01', '2015-09-03 11:45:01'),
	(934, 29, '73', '00:01:22', NULL, NULL, NULL, 0, '2015-09-03 11:45:01', '2015-09-03 11:45:01'),
	(935, 29, '76', '00:01:57', NULL, NULL, NULL, 0, '2015-09-03 11:45:01', '2015-09-03 11:45:01'),
	(936, 29, '78', '00:01:10', NULL, NULL, NULL, 0, '2015-09-03 11:45:01', '2015-09-03 11:45:01'),
	(937, 30, '49', '00:18:20', NULL, NULL, NULL, 0, '2015-09-03 12:00:01', '2015-09-03 12:00:01'),
	(938, 30, '56', '00:16:33', NULL, NULL, NULL, 0, '2015-09-03 12:00:01', '2015-09-03 12:00:01'),
	(939, 30, '57', '00:20:00', NULL, NULL, NULL, 0, '2015-09-03 12:00:01', '2015-09-03 12:00:01'),
	(940, 30, '65', '00:17:21', NULL, NULL, NULL, 0, '2015-09-03 12:00:01', '2015-09-03 12:00:01'),
	(941, 30, '69', '00:24:35', NULL, NULL, NULL, 0, '2015-09-03 12:00:01', '2015-09-03 12:00:01'),
	(942, 30, '70', '00:19:09', NULL, NULL, NULL, 0, '2015-09-03 12:00:01', '2015-09-03 12:00:01'),
	(943, 30, '73', '00:17:41', NULL, NULL, NULL, 0, '2015-09-03 12:00:01', '2015-09-03 12:00:01'),
	(944, 30, '76', '00:25:21', NULL, NULL, NULL, 0, '2015-09-03 12:00:01', '2015-09-03 12:00:01'),
	(945, 30, '78', '00:15:37', NULL, NULL, NULL, 0, '2015-09-03 12:00:01', '2015-09-03 12:00:01'),
	(946, 31, '49', '00:16:46', NULL, NULL, NULL, 0, '2015-09-03 12:15:02', '2015-09-03 12:15:02'),
	(947, 31, '56', '00:14:31', NULL, NULL, NULL, 0, '2015-09-03 12:15:02', '2015-09-03 12:15:02'),
	(948, 31, '57', '00:17:25', NULL, NULL, NULL, 0, '2015-09-03 12:15:02', '2015-09-03 12:15:02'),
	(949, 31, '65', '00:14:21', NULL, NULL, NULL, 0, '2015-09-03 12:15:02', '2015-09-03 12:15:02'),
	(950, 31, '69', '00:20:24', NULL, NULL, NULL, 0, '2015-09-03 12:15:02', '2015-09-03 12:15:02'),
	(951, 31, '70', '00:16:09', NULL, NULL, NULL, 0, '2015-09-03 12:15:02', '2015-09-03 12:15:02'),
	(952, 31, '73', '00:17:17', NULL, NULL, NULL, 0, '2015-09-03 12:15:02', '2015-09-03 12:15:02'),
	(953, 31, '76', '00:20:42', NULL, NULL, NULL, 0, '2015-09-03 12:15:02', '2015-09-03 12:15:02'),
	(954, 31, '78', '00:13:24', NULL, NULL, NULL, 0, '2015-09-03 12:15:02', '2015-09-03 12:15:02'),
	(955, 32, '49', '00:01:21', NULL, NULL, NULL, 0, '2015-09-03 12:30:02', '2015-09-03 12:30:02'),
	(956, 32, '56', '00:01:14', NULL, NULL, NULL, 0, '2015-09-03 12:30:02', '2015-09-03 12:30:02'),
	(957, 32, '57', '00:01:27', NULL, NULL, NULL, 0, '2015-09-03 12:30:02', '2015-09-03 12:30:02'),
	(958, 32, '65', '00:01:18', NULL, NULL, NULL, 0, '2015-09-03 12:30:02', '2015-09-03 12:30:02'),
	(959, 32, '69', '00:01:48', NULL, NULL, NULL, 0, '2015-09-03 12:30:02', '2015-09-03 12:30:02'),
	(960, 32, '70', '00:01:26', NULL, NULL, NULL, 0, '2015-09-03 12:30:02', '2015-09-03 12:30:02'),
	(961, 32, '73', '00:01:22', NULL, NULL, NULL, 0, '2015-09-03 12:30:02', '2015-09-03 12:30:02'),
	(962, 32, '76', '00:01:56', NULL, NULL, NULL, 0, '2015-09-03 12:30:02', '2015-09-03 12:30:02'),
	(963, 32, '78', '00:01:10', NULL, NULL, NULL, 0, '2015-09-03 12:30:02', '2015-09-03 12:30:02'),
	(964, 33, '49', '00:17:26', NULL, NULL, NULL, 0, '2015-09-03 12:45:01', '2015-09-03 12:45:01'),
	(965, 33, '56', '00:15:38', NULL, NULL, NULL, 0, '2015-09-03 12:45:01', '2015-09-03 12:45:01'),
	(966, 33, '57', '00:16:30', NULL, NULL, NULL, 0, '2015-09-03 12:45:01', '2015-09-03 12:45:01'),
	(967, 33, '65', '00:15:49', NULL, NULL, NULL, 0, '2015-09-03 12:45:01', '2015-09-03 12:45:01'),
	(968, 33, '69', '00:20:54', NULL, NULL, NULL, 0, '2015-09-03 12:45:01', '2015-09-03 12:45:01'),
	(969, 33, '70', '00:17:11', NULL, NULL, NULL, 0, '2015-09-03 12:45:01', '2015-09-03 12:45:01'),
	(970, 33, '73', '00:16:19', NULL, NULL, NULL, 0, '2015-09-03 12:45:01', '2015-09-03 12:45:01'),
	(971, 33, '76', '00:24:24', NULL, NULL, NULL, 0, '2015-09-03 12:45:01', '2015-09-03 12:45:01'),
	(972, 33, '78', '00:14:24', NULL, NULL, NULL, 0, '2015-09-03 12:45:01', '2015-09-03 12:45:01'),
	(973, 219, '58', '00:12:27', NULL, NULL, NULL, 0, '2015-09-04 09:00:01', '2015-09-04 09:00:01'),
	(974, 219, '59', '00:13:54', NULL, NULL, NULL, 0, '2015-09-04 09:00:01', '2015-09-04 09:00:01'),
	(975, 219, '66', '00:14:05', NULL, NULL, NULL, 0, '2015-09-04 09:00:01', '2015-09-04 09:00:01'),
	(976, 219, '79', '00:11:52', NULL, NULL, NULL, 0, '2015-09-04 09:00:01', '2015-09-04 09:00:01'),
	(977, 219, '86', '00:10:23', NULL, NULL, NULL, 0, '2015-09-04 09:00:01', '2015-09-04 09:00:01'),
	(978, 220, '58', '00:06:37', NULL, NULL, NULL, 0, '2015-09-04 09:15:00', '2015-09-04 09:15:00'),
	(979, 220, '59', '00:07:21', NULL, NULL, NULL, 0, '2015-09-04 09:15:00', '2015-09-04 09:15:00'),
	(980, 220, '66', '00:08:16', NULL, NULL, NULL, 0, '2015-09-04 09:15:00', '2015-09-04 09:15:00'),
	(981, 220, '79', '00:06:39', NULL, NULL, NULL, 0, '2015-09-04 09:15:00', '2015-09-04 09:15:00'),
	(982, 220, '86', '00:05:41', NULL, NULL, NULL, 0, '2015-09-04 09:15:00', '2015-09-04 09:15:00'),
	(983, 221, '58', '00:05:29', NULL, NULL, NULL, 0, '2015-09-04 09:30:00', '2015-09-04 09:30:00'),
	(984, 221, '59', '00:06:05', NULL, NULL, NULL, 0, '2015-09-04 09:30:00', '2015-09-04 09:30:00'),
	(985, 221, '66', '00:06:31', NULL, NULL, NULL, 0, '2015-09-04 09:30:00', '2015-09-04 09:30:00'),
	(986, 221, '79', '00:05:05', NULL, NULL, NULL, 0, '2015-09-04 09:30:00', '2015-09-04 09:30:00'),
	(987, 221, '86', '00:04:59', NULL, NULL, NULL, 0, '2015-09-04 09:30:00', '2015-09-04 09:30:00'),
	(988, 222, '58', '00:12:26', NULL, NULL, NULL, 0, '2015-09-04 09:45:00', '2015-09-04 09:45:00'),
	(989, 222, '59', '00:14:45', NULL, NULL, NULL, 0, '2015-09-04 09:45:00', '2015-09-04 09:45:00'),
	(990, 222, '66', '00:16:05', NULL, NULL, NULL, 0, '2015-09-04 09:45:00', '2015-09-04 09:45:00'),
	(991, 222, '79', '00:12:09', NULL, NULL, NULL, 0, '2015-09-04 09:45:00', '2015-09-04 09:45:00'),
	(992, 222, '86', '00:10:29', NULL, NULL, NULL, 0, '2015-09-04 09:45:00', '2015-09-04 09:45:00'),
	(993, 223, '58', '00:06:49', NULL, NULL, NULL, 0, '2015-09-04 10:00:01', '2015-09-04 10:00:01'),
	(994, 223, '59', '00:07:53', NULL, NULL, NULL, 0, '2015-09-04 10:00:01', '2015-09-04 10:00:01'),
	(995, 223, '66', '00:08:18', NULL, NULL, NULL, 0, '2015-09-04 10:00:01', '2015-09-04 10:00:01'),
	(996, 223, '79', '00:06:19', NULL, NULL, NULL, 0, '2015-09-04 10:00:01', '2015-09-04 10:00:01'),
	(997, 223, '86', '00:05:46', NULL, NULL, NULL, 0, '2015-09-04 10:00:01', '2015-09-04 10:00:01'),
	(998, 224, '58', '00:06:03', NULL, NULL, NULL, 0, '2015-09-04 10:15:00', '2015-09-04 10:15:00'),
	(999, 224, '59', '00:06:57', NULL, NULL, NULL, 0, '2015-09-04 10:15:00', '2015-09-04 10:15:00'),
	(1000, 224, '66', '00:07:26', NULL, NULL, NULL, 0, '2015-09-04 10:15:00', '2015-09-04 10:15:00'),
	(1001, 224, '79', '00:06:02', NULL, NULL, NULL, 0, '2015-09-04 10:15:00', '2015-09-04 10:15:00'),
	(1002, 224, '86', '00:05:13', NULL, NULL, NULL, 0, '2015-09-04 10:15:00', '2015-09-04 10:15:00'),
	(1003, 225, '58', '00:05:36', NULL, NULL, NULL, 0, '2015-09-04 10:30:00', '2015-09-04 10:30:00'),
	(1004, 225, '59', '00:07:02', NULL, NULL, NULL, 0, '2015-09-04 10:30:00', '2015-09-04 10:30:00'),
	(1005, 225, '66', '00:06:44', NULL, NULL, NULL, 0, '2015-09-04 10:30:00', '2015-09-04 10:30:00'),
	(1006, 225, '79', '00:05:43', NULL, NULL, NULL, 0, '2015-09-04 10:30:00', '2015-09-04 10:30:00'),
	(1007, 225, '86', '00:04:47', NULL, NULL, NULL, 0, '2015-09-04 10:30:00', '2015-09-04 10:30:00'),
	(1008, 226, '58', '00:15:19', NULL, NULL, NULL, 0, '2015-09-04 10:45:00', '2015-09-04 10:45:00'),
	(1009, 226, '59', '00:16:16', NULL, NULL, NULL, 0, '2015-09-04 10:45:00', '2015-09-04 10:45:00'),
	(1010, 226, '66', '00:18:44', NULL, NULL, NULL, 0, '2015-09-04 10:45:00', '2015-09-04 10:45:00'),
	(1011, 226, '79', '00:14:27', NULL, NULL, NULL, 0, '2015-09-04 10:45:00', '2015-09-04 10:45:00'),
	(1012, 226, '86', '00:12:53', NULL, NULL, NULL, 0, '2015-09-04 10:45:00', '2015-09-04 10:45:00'),
	(1013, 227, '58', '00:05:53', NULL, NULL, NULL, 0, '2015-09-04 11:00:01', '2015-09-04 11:00:01'),
	(1014, 227, '59', '00:06:54', NULL, NULL, NULL, 0, '2015-09-04 11:00:01', '2015-09-04 11:00:01'),
	(1015, 227, '66', '00:06:54', NULL, NULL, NULL, 0, '2015-09-04 11:00:01', '2015-09-04 11:00:01'),
	(1016, 227, '79', '00:05:42', NULL, NULL, NULL, 0, '2015-09-04 11:00:01', '2015-09-04 11:00:01'),
	(1017, 227, '86', '00:05:03', NULL, NULL, NULL, 0, '2015-09-04 11:00:01', '2015-09-04 11:00:01'),
	(1018, 228, '58', '00:17:21', NULL, NULL, NULL, 0, '2015-09-04 11:15:01', '2015-09-04 11:15:01'),
	(1019, 228, '59', '00:19:43', NULL, NULL, NULL, 0, '2015-09-04 11:15:01', '2015-09-04 11:15:01'),
	(1020, 228, '66', '00:21:25', NULL, NULL, NULL, 0, '2015-09-04 11:15:01', '2015-09-04 11:15:01'),
	(1021, 228, '79', '00:17:07', NULL, NULL, NULL, 0, '2015-09-04 11:15:01', '2015-09-04 11:15:01'),
	(1022, 228, '86', '00:15:16', NULL, NULL, NULL, 0, '2015-09-04 11:15:01', '2015-09-04 11:15:01'),
	(1023, 229, '58', '00:05:36', NULL, NULL, NULL, 0, '2015-09-04 11:30:01', '2015-09-04 11:30:01'),
	(1024, 229, '59', '00:06:57', NULL, NULL, NULL, 0, '2015-09-04 11:30:01', '2015-09-04 11:30:01'),
	(1025, 229, '66', '00:06:34', NULL, NULL, NULL, 0, '2015-09-04 11:30:01', '2015-09-04 11:30:01'),
	(1026, 229, '79', '00:05:20', NULL, NULL, NULL, 0, '2015-09-04 11:30:01', '2015-09-04 11:30:01'),
	(1027, 229, '86', '00:04:51', NULL, NULL, NULL, 0, '2015-09-04 11:30:01', '2015-09-04 11:30:01'),
	(1028, 230, '58', '00:08:54', NULL, NULL, NULL, 0, '2015-09-04 11:45:00', '2015-09-04 11:45:00'),
	(1029, 230, '59', '00:10:11', NULL, NULL, NULL, 0, '2015-09-04 11:45:00', '2015-09-04 11:45:00'),
	(1030, 230, '66', '00:11:07', NULL, NULL, NULL, 0, '2015-09-04 11:45:00', '2015-09-04 11:45:00'),
	(1031, 230, '79', '00:08:59', NULL, NULL, NULL, 0, '2015-09-04 11:45:00', '2015-09-04 11:45:00'),
	(1032, 230, '86', '00:07:59', NULL, NULL, NULL, 0, '2015-09-04 11:45:00', '2015-09-04 11:45:00'),
	(1033, 231, '58', '00:05:30', NULL, NULL, NULL, 0, '2015-09-04 12:00:02', '2015-09-04 12:00:02'),
	(1034, 231, '59', '00:06:21', NULL, NULL, NULL, 0, '2015-09-04 12:00:02', '2015-09-04 12:00:02'),
	(1035, 231, '66', '00:06:36', NULL, NULL, NULL, 0, '2015-09-04 12:00:02', '2015-09-04 12:00:02'),
	(1036, 231, '79', '00:05:00', NULL, NULL, NULL, 0, '2015-09-04 12:00:02', '2015-09-04 12:00:02'),
	(1037, 231, '86', '00:04:44', NULL, NULL, NULL, 0, '2015-09-04 12:00:02', '2015-09-04 12:00:02'),
	(1038, 232, '58', '00:05:24', NULL, NULL, NULL, 0, '2015-09-04 12:15:00', '2015-09-04 12:15:00'),
	(1039, 232, '59', '00:06:43', NULL, NULL, NULL, 0, '2015-09-04 12:15:00', '2015-09-04 12:15:00'),
	(1040, 232, '66', '00:07:03', NULL, NULL, NULL, 0, '2015-09-04 12:15:00', '2015-09-04 12:15:00'),
	(1041, 232, '79', '00:05:07', NULL, NULL, NULL, 0, '2015-09-04 12:15:00', '2015-09-04 12:15:00'),
	(1042, 232, '86', '00:04:57', NULL, NULL, NULL, 0, '2015-09-04 12:15:00', '2015-09-04 12:15:00'),
	(1043, 233, '58', '00:09:08', NULL, NULL, NULL, 0, '2015-09-04 12:30:00', '2015-09-04 12:30:00'),
	(1044, 233, '59', '00:10:55', NULL, NULL, NULL, 0, '2015-09-04 12:30:00', '2015-09-04 12:30:00'),
	(1045, 233, '66', '00:10:40', NULL, NULL, NULL, 0, '2015-09-04 12:30:00', '2015-09-04 12:30:00'),
	(1046, 233, '79', '00:08:40', NULL, NULL, NULL, 0, '2015-09-04 12:30:00', '2015-09-04 12:30:00'),
	(1047, 233, '86', '00:08:08', NULL, NULL, NULL, 0, '2015-09-04 12:30:00', '2015-09-04 12:30:00'),
	(1048, 234, '58', '00:00:00', NULL, NULL, NULL, 0, '2015-09-04 12:45:02', '2015-09-04 12:45:02'),
	(1049, 234, '59', '00:00:00', NULL, NULL, NULL, 0, '2015-09-04 12:45:02', '2015-09-04 12:45:02'),
	(1050, 234, '66', '00:00:00', NULL, NULL, NULL, 0, '2015-09-04 12:45:02', '2015-09-04 12:45:02'),
	(1051, 234, '79', '00:00:00', NULL, NULL, NULL, 0, '2015-09-04 12:45:02', '2015-09-04 12:45:02'),
	(1052, 234, '86', '00:00:00', NULL, NULL, NULL, 0, '2015-09-04 12:45:02', '2015-09-04 12:45:02'),
	(1053, 235, '58', '00:15:51', NULL, NULL, NULL, 0, '2015-09-04 13:00:00', '2015-09-04 13:00:00'),
	(1054, 235, '59', '00:17:49', NULL, NULL, NULL, 0, '2015-09-04 13:00:00', '2015-09-04 13:00:00'),
	(1055, 235, '66', '00:18:20', NULL, NULL, NULL, 0, '2015-09-04 13:00:00', '2015-09-04 13:00:00'),
	(1056, 235, '79', '00:13:55', NULL, NULL, NULL, 0, '2015-09-04 13:00:00', '2015-09-04 13:00:00'),
	(1057, 235, '86', '00:13:12', NULL, NULL, NULL, 0, '2015-09-04 13:00:00', '2015-09-04 13:00:00'),
	(1058, 537, '60', '00:01:53', NULL, NULL, NULL, 0, '2015-09-05 09:00:01', '2015-09-05 09:00:01'),
	(1059, 537, '61', '00:02:02', NULL, NULL, NULL, 0, '2015-09-05 09:00:01', '2015-09-05 09:00:01'),
	(1060, 537, '81', '00:01:36', NULL, NULL, NULL, 0, '2015-09-05 09:00:01', '2015-09-05 09:00:01'),
	(1061, 537, '87', '00:01:33', NULL, NULL, NULL, 0, '2015-09-05 09:00:01', '2015-09-05 09:00:01'),
	(1062, 537, '88', '00:02:07', NULL, NULL, NULL, 0, '2015-09-05 09:00:01', '2015-09-05 09:00:01'),
	(1063, 537, '97', '00:01:45', NULL, NULL, NULL, 0, '2015-09-05 09:00:01', '2015-09-05 09:00:01'),
	(1064, 537, '102', '00:01:37', NULL, NULL, NULL, 0, '2015-09-05 09:00:01', '2015-09-05 09:00:01'),
	(1065, 538, '60', '00:01:48', NULL, NULL, NULL, 0, '2015-09-05 09:15:01', '2015-09-05 09:15:01'),
	(1066, 538, '61', '00:02:16', NULL, NULL, NULL, 0, '2015-09-05 09:15:01', '2015-09-05 09:15:01'),
	(1067, 538, '81', '00:01:37', NULL, NULL, NULL, 0, '2015-09-05 09:15:01', '2015-09-05 09:15:01'),
	(1068, 538, '87', '00:01:32', NULL, NULL, NULL, 0, '2015-09-05 09:15:01', '2015-09-05 09:15:01'),
	(1069, 538, '88', '00:02:03', NULL, NULL, NULL, 0, '2015-09-05 09:15:01', '2015-09-05 09:15:01'),
	(1070, 538, '97', '00:01:44', NULL, NULL, NULL, 0, '2015-09-05 09:15:01', '2015-09-05 09:15:01'),
	(1071, 538, '102', '00:01:38', NULL, NULL, NULL, 0, '2015-09-05 09:15:01', '2015-09-05 09:15:01'),
	(1072, 539, '60', '00:11:05', NULL, NULL, NULL, 0, '2015-09-05 09:30:01', '2015-09-05 09:30:01'),
	(1073, 539, '61', '00:12:17', NULL, NULL, NULL, 0, '2015-09-05 09:30:01', '2015-09-05 09:30:01'),
	(1074, 539, '81', '00:09:47', NULL, NULL, NULL, 0, '2015-09-05 09:30:01', '2015-09-05 09:30:01'),
	(1075, 539, '87', '00:08:58', NULL, NULL, NULL, 0, '2015-09-05 09:30:01', '2015-09-05 09:30:01'),
	(1076, 539, '88', '00:11:22', NULL, NULL, NULL, 0, '2015-09-05 09:30:01', '2015-09-05 09:30:01'),
	(1077, 539, '97', '00:10:17', NULL, NULL, NULL, 0, '2015-09-05 09:30:01', '2015-09-05 09:30:01'),
	(1078, 539, '102', '00:08:52', NULL, NULL, NULL, 0, '2015-09-05 09:30:01', '2015-09-05 09:30:01');
/*!40000 ALTER TABLE `rally_stage_result` ENABLE KEYS */;


-- Zrzut struktury tabela ral.rally_surface
CREATE TABLE IF NOT EXISTS `rally_surface` (
  `id` int(11) NOT NULL AUTO_INCREMENT,
  `rally_id` int(11) DEFAULT NULL,
  `surface` varchar(255) DEFAULT NULL,
  `percentage` float(8,2) DEFAULT NULL,
  `created_at` datetime NOT NULL,
  `updated_at` datetime NOT NULL,
  PRIMARY KEY (`id`),
  KEY `rally_id_idx` (`rally_id`)
) ENGINE=MyISAM AUTO_INCREMENT=249 DEFAULT CHARSET=utf8;

-- Zrzucanie danych dla tabeli ral.rally_surface: 232 rows
DELETE FROM `rally_surface`;
/*!40000 ALTER TABLE `rally_surface` DISABLE KEYS */;
INSERT INTO `rally_surface` (`id`, `rally_id`, `surface`, `percentage`, `created_at`, `updated_at`) VALUES
	(1, 1, 'tarmac', 95.00, '2015-08-08 12:50:19', '2015-08-08 12:50:19'),
	(2, 1, 'gravel', 5.00, '2015-08-08 12:50:19', '2015-08-08 12:50:19'),
	(3, 2, 'snow', 100.00, '2015-08-08 12:56:21', '2015-08-08 12:56:21'),
	(4, 3, 'gravel', 100.00, '2015-08-08 13:01:41', '2015-08-08 13:01:41'),
	(5, 4, 'gravel', 100.00, '2015-08-08 13:05:32', '2015-08-08 13:05:32'),
	(6, 4, 'rain', 20.00, '2015-08-08 13:05:32', '2015-08-08 13:05:32'),
	(7, 5, 'gravel', 95.00, '2015-08-08 13:09:53', '2015-08-08 13:09:53'),
	(8, 5, 'tarmac', 5.00, '2015-08-08 13:09:53', '2015-08-08 13:09:53'),
	(9, 5, 'rain', 15.00, '2015-08-08 13:09:53', '2015-08-08 13:09:53'),
	(10, 6, 'gravel', 93.00, '2015-08-08 14:53:32', '2015-08-08 14:53:32'),
	(11, 6, 'tarmac', 7.00, '2015-08-08 14:53:32', '2015-08-08 14:53:32'),
	(12, 6, 'rain', 20.00, '2015-08-08 14:53:32', '2015-08-08 14:53:32'),
	(13, 7, 'gravel', 63.00, '2015-08-08 14:58:53', '2015-08-08 14:58:53'),
	(14, 7, 'tarmac', 37.00, '2015-08-08 14:58:53', '2015-08-08 14:58:53'),
	(15, 7, 'rain', 31.00, '2015-08-08 14:58:53', '2015-08-08 14:58:53'),
	(16, 8, 'gravel', 79.00, '2015-08-08 17:48:37', '2015-08-08 17:48:37'),
	(17, 8, 'tarmac', 21.00, '2015-08-08 17:48:37', '2015-08-08 17:48:37'),
	(18, 8, 'rain', 7.00, '2015-08-08 17:48:37', '2015-08-08 17:48:37'),
	(19, 9, 'tarmac', 93.00, '2015-08-08 18:06:00', '2015-08-08 18:06:00'),
	(20, 9, 'gravel', 7.00, '2015-08-08 18:06:00', '2015-08-08 18:06:00'),
	(21, 9, 'rain', 5.00, '2015-08-08 18:06:00', '2015-08-08 18:06:00'),
	(22, 10, 'gravel', 100.00, '2015-08-08 18:15:39', '2015-08-08 18:15:39'),
	(23, 11, 'tarmac', 100.00, '2015-08-09 09:08:16', '2015-08-09 09:08:16'),
	(24, 11, 'rain', 5.00, '2015-08-09 09:08:16', '2015-08-09 09:08:16'),
	(25, 12, 'tarmac', 61.00, '2015-08-09 09:29:16', '2015-08-09 09:29:16'),
	(26, 12, 'gravel', 39.00, '2015-08-09 09:29:16', '2015-08-09 09:29:16'),
	(27, 12, 'rain', 11.00, '2015-08-09 09:29:16', '2015-08-09 09:29:16'),
	(28, 13, 'gravel', 93.00, '2015-08-09 09:33:26', '2015-08-09 09:33:26'),
	(29, 13, 'tarmac', 7.00, '2015-08-09 09:33:26', '2015-08-09 09:33:26'),
	(30, 13, 'rain', 56.00, '2015-08-09 09:33:26', '2015-08-09 09:33:26'),
	(31, 14, 'tarmac', 58.00, '2015-08-09 14:43:28', '2015-08-09 14:43:28'),
	(32, 14, 'snow', 42.00, '2015-08-09 14:43:28', '2015-08-09 14:43:28'),
	(33, 14, 'rain', 5.00, '2015-08-09 14:43:28', '2015-08-09 14:43:28'),
	(34, 15, 'gravel', 63.00, '2015-08-09 14:47:06', '2015-08-09 14:47:06'),
	(35, 15, 'snow', 37.00, '2015-08-09 14:47:06', '2015-08-09 14:47:06'),
	(36, 15, 'rain', 11.00, '2015-08-09 14:47:06', '2015-08-09 14:47:06'),
	(37, 16, 'tarmac', 100.00, '2015-08-09 18:29:55', '2015-08-09 18:29:55'),
	(38, 16, 'rain', 35.00, '2015-08-09 18:29:55', '2015-08-09 18:29:55'),
	(39, 17, 'gravel', 88.00, '2015-08-09 18:37:22', '2015-08-09 18:37:22'),
	(40, 17, 'tarmac', 12.00, '2015-08-09 18:37:22', '2015-08-09 18:37:22'),
	(41, 17, 'rain', 3.00, '2015-08-09 18:37:22', '2015-08-09 18:37:22'),
	(42, 18, 'tarmac', 100.00, '2015-08-10 10:35:26', '2015-08-10 10:35:26'),
	(43, 18, 'rain', 15.00, '2015-08-10 10:35:26', '2015-08-10 10:35:26'),
	(58, 26, 'gravel', 100.00, '2015-08-10 10:51:22', '2015-08-10 10:51:22'),
	(59, 26, 'rain', 15.00, '2015-08-10 10:51:22', '2015-08-10 10:51:22'),
	(60, 27, 'tarmac', 100.00, '2015-08-10 10:54:48', '2015-08-10 10:54:48'),
	(61, 27, 'rain', 11.00, '2015-08-10 10:54:48', '2015-08-10 10:54:48'),
	(62, 28, 'gravel', 100.00, '2015-08-10 10:57:37', '2015-08-10 10:57:37'),
	(63, 29, 'gravel', 100.00, '2015-08-10 11:00:38', '2015-08-10 11:00:38'),
	(64, 30, 'tarmac', 100.00, '2015-08-10 11:04:16', '2015-08-10 11:04:16'),
	(65, 30, 'rain', 15.00, '2015-08-10 11:04:16', '2015-08-10 11:04:16'),
	(66, 31, 'snow', 100.00, '2015-08-10 11:11:05', '2015-08-10 11:11:05'),
	(67, 31, 'rain', 5.00, '2015-08-10 11:11:05', '2015-08-10 11:11:05'),
	(68, 32, 'tarmac', 100.00, '2015-08-10 11:14:37', '2015-08-10 11:14:37'),
	(69, 33, 'tarmac', 100.00, '2015-08-10 11:21:17', '2015-08-10 11:21:17'),
	(70, 33, 'rain', 15.00, '2015-08-10 11:21:17', '2015-08-10 11:21:17'),
	(71, 34, 'gravel', 85.00, '2015-08-10 11:25:24', '2015-08-10 11:25:24'),
	(72, 34, 'tarmac', 15.00, '2015-08-10 11:25:24', '2015-08-10 11:25:24'),
	(73, 34, 'rain', 15.00, '2015-08-10 11:25:24', '2015-08-10 11:25:24'),
	(74, 35, 'tarmac', 100.00, '2015-08-10 11:27:51', '2015-08-10 11:27:51'),
	(75, 36, 'tarmac', 100.00, '2015-08-10 11:35:54', '2015-08-10 11:35:54'),
	(76, 36, 'rain', 11.00, '2015-08-10 11:35:54', '2015-08-10 11:35:54'),
	(77, 37, 'snow', 100.00, '2015-08-10 11:58:58', '2015-08-10 11:58:58'),
	(78, 38, 'snow', 85.00, '2015-08-10 12:01:22', '2015-08-10 12:01:22'),
	(79, 38, 'gravel', 15.00, '2015-08-10 12:01:23', '2015-08-10 12:01:23'),
	(80, 38, 'rain', 10.00, '2015-08-10 12:01:23', '2015-08-10 12:01:23'),
	(81, 39, 'snow', 100.00, '2015-08-10 12:04:32', '2015-08-10 12:04:32'),
	(82, 39, 'rain', 11.00, '2015-08-10 12:04:32', '2015-08-10 12:04:32'),
	(83, 40, 'snow', 100.00, '2015-08-10 12:14:12', '2015-08-10 12:14:12'),
	(84, 41, 'snow', 69.00, '2015-08-10 12:16:39', '2015-08-10 12:16:39'),
	(85, 41, 'gravel', 31.00, '2015-08-10 12:16:39', '2015-08-10 12:16:39'),
	(86, 41, 'rain', 5.00, '2015-08-10 12:16:40', '2015-08-10 12:16:40'),
	(87, 42, 'gravel', 61.00, '2015-08-10 12:19:14', '2015-08-10 12:19:14'),
	(88, 42, 'snow', 39.00, '2015-08-10 12:19:14', '2015-08-10 12:19:14'),
	(89, 43, 'snow', 89.00, '2015-08-10 12:45:01', '2015-08-10 12:45:01'),
	(90, 43, 'gravel', 11.00, '2015-08-10 12:45:01', '2015-08-10 12:45:01'),
	(91, 43, 'rain', 15.00, '2015-08-10 12:45:01', '2015-08-10 12:45:01'),
	(92, 44, 'snow', 78.00, '2015-08-10 12:56:06', '2015-08-10 12:56:06'),
	(93, 44, 'gravel', 22.00, '2015-08-10 12:56:06', '2015-08-10 12:56:06'),
	(94, 44, 'rain', 11.00, '2015-08-10 12:56:06', '2015-08-10 12:56:06'),
	(95, 45, 'snow', 100.00, '2015-08-10 13:00:49', '2015-08-10 13:00:49'),
	(96, 46, 'snow', 89.00, '2015-08-10 13:05:04', '2015-08-10 13:05:04'),
	(97, 46, 'gravel', 11.00, '2015-08-10 13:05:04', '2015-08-10 13:05:04'),
	(98, 47, 'snow', 100.00, '2015-08-10 13:16:42', '2015-08-10 13:16:42'),
	(99, 47, 'rain', 33.00, '2015-08-10 13:16:42', '2015-08-10 13:16:42'),
	(100, 48, 'snow', 91.00, '2015-08-10 13:18:36', '2015-08-10 13:18:36'),
	(101, 48, 'gravel', 9.00, '2015-08-10 13:18:36', '2015-08-10 13:18:36'),
	(102, 48, 'rain', 3.00, '2015-08-10 13:18:36', '2015-08-10 13:18:36'),
	(104, 49, 'gravel', 21.00, '2015-08-10 15:12:07', '2015-08-10 15:12:07'),
	(103, 49, 'snow', 79.00, '2015-08-10 15:12:07', '2015-08-10 15:12:07'),
	(106, 50, 'rain', 45.00, '2015-08-10 15:21:49', '2015-08-10 15:21:49'),
	(105, 50, 'snow', 100.00, '2015-08-10 15:21:49', '2015-08-10 15:21:49'),
	(108, 51, 'snow', 11.00, '2015-08-10 15:24:01', '2015-08-10 15:24:01'),
	(107, 51, 'snow', 100.00, '2015-08-10 15:24:01', '2015-08-10 15:24:01'),
	(110, 52, 'gravel', 2.00, '2015-08-10 15:30:10', '2015-08-10 15:30:10'),
	(109, 52, 'tarmac', 98.00, '2015-08-10 15:30:10', '2015-08-10 15:30:10'),
	(112, 53, 'gravel', 42.00, '2015-08-10 15:36:15', '2015-08-10 15:36:15'),
	(111, 53, 'tarmac', 58.00, '2015-08-10 15:36:15', '2015-08-10 15:36:15'),
	(113, 54, 'tarmac', 100.00, '2015-08-10 15:38:49', '2015-08-10 15:38:49'),
	(115, 55, 'gravel', 49.00, '2015-08-10 15:41:57', '2015-08-10 15:41:57'),
	(114, 55, 'tarmac', 51.00, '2015-08-10 15:41:57', '2015-08-10 15:41:57'),
	(116, 56, 'gravel', 100.00, '2015-08-10 15:44:48', '2015-08-10 15:44:48'),
	(117, 57, 'tarmac', 100.00, '2015-08-10 15:48:24', '2015-08-10 15:48:24'),
	(118, 57, 'rain', 28.00, '2015-08-10 15:48:24', '2015-08-10 15:48:24'),
	(119, 58, 'tarmac', 100.00, '2015-08-10 15:50:44', '2015-08-10 15:50:44'),
	(120, 59, 'gravel', 75.00, '2015-08-10 15:54:30', '2015-08-10 15:54:30'),
	(121, 59, 'tarmac', 25.00, '2015-08-10 15:54:30', '2015-08-10 15:54:30'),
	(122, 60, 'tarmac', 100.00, '2015-08-10 16:20:57', '2015-08-10 16:20:57'),
	(123, 60, 'rain', 11.00, '2015-08-10 16:20:57', '2015-08-10 16:20:57'),
	(124, 61, 'tarmac', 100.00, '2015-08-10 16:27:13', '2015-08-10 16:27:13'),
	(125, 62, 'tarmac', 100.00, '2015-08-10 16:29:02', '2015-08-10 16:29:02'),
	(126, 63, 'tarmac', 87.00, '2015-08-10 16:31:41', '2015-08-10 16:31:41'),
	(127, 63, 'gravel', 13.00, '2015-08-10 16:31:41', '2015-08-10 16:31:41'),
	(128, 63, 'rain', 17.00, '2015-08-10 16:31:41', '2015-08-10 16:31:41'),
	(129, 64, 'gravel', 100.00, '2015-08-10 16:38:22', '2015-08-10 16:38:22'),
	(130, 65, 'tarmac', 87.00, '2015-08-10 16:41:16', '2015-08-10 16:41:16'),
	(131, 65, 'gravel', 13.00, '2015-08-10 16:41:16', '2015-08-10 16:41:16'),
	(132, 65, 'rain', 5.00, '2015-08-10 16:41:16', '2015-08-10 16:41:16'),
	(133, 66, 'tarmac', 100.00, '2015-08-10 16:47:23', '2015-08-10 16:47:23'),
	(134, 67, 'gravel', 100.00, '2015-08-10 16:50:08', '2015-08-10 16:50:08'),
	(135, 68, 'gravel', 73.00, '2015-08-10 16:52:25', '2015-08-10 16:52:25'),
	(136, 68, 'tarmac', 27.00, '2015-08-10 16:52:25', '2015-08-10 16:52:25'),
	(137, 68, 'rain', 11.00, '2015-08-10 16:52:25', '2015-08-10 16:52:25'),
	(138, 69, 'tarmac', 100.00, '2015-08-10 16:54:38', '2015-08-10 16:54:38'),
	(139, 69, 'rain', 73.00, '2015-08-10 16:54:38', '2015-08-10 16:54:38'),
	(140, 70, 'gravel', 100.00, '2015-08-10 17:20:46', '2015-08-10 17:20:46'),
	(141, 71, 'gravel', 100.00, '2015-08-10 17:24:19', '2015-08-10 17:24:19'),
	(142, 72, 'tarmac', 61.00, '2015-08-10 17:28:34', '2015-08-10 17:28:34'),
	(143, 72, 'gravel', 39.00, '2015-08-10 17:28:35', '2015-08-10 17:28:35'),
	(144, 72, 'rain', 18.00, '2015-08-10 17:28:35', '2015-08-10 17:28:35'),
	(145, 73, 'tarmac', 100.00, '2015-08-10 17:30:34', '2015-08-10 17:30:34'),
	(146, 74, 'tarmac', 67.00, '2015-08-10 17:47:58', '2015-08-10 17:47:58'),
	(147, 74, 'gravel', 33.00, '2015-08-10 17:47:58', '2015-08-10 17:47:58'),
	(148, 75, 'tarmac', 100.00, '2015-08-11 11:03:43', '2015-08-11 11:03:43'),
	(149, 75, 'rain', 5.00, '2015-08-11 11:03:43', '2015-08-11 11:03:43'),
	(150, 76, 'tarmac', 73.00, '2015-08-11 11:13:27', '2015-08-11 11:13:27'),
	(151, 76, 'gravel', 27.00, '2015-08-11 11:13:27', '2015-08-11 11:13:27'),
	(152, 76, 'rain', 21.00, '2015-08-11 11:13:27', '2015-08-11 11:13:27'),
	(153, 77, 'gravel', 73.00, '2015-08-11 11:24:13', '2015-08-11 11:24:13'),
	(154, 77, 'tarmac', 27.00, '2015-08-11 11:24:13', '2015-08-11 11:24:13'),
	(155, 77, 'rain', 11.00, '2015-08-11 11:24:13', '2015-08-11 11:24:13'),
	(156, 78, 'gravel', 100.00, '2015-08-11 11:38:06', '2015-08-11 11:38:06'),
	(157, 79, 'gravel', 100.00, '2015-08-11 11:57:54', '2015-08-11 11:57:54'),
	(158, 80, 'tarmac', 57.97, '2015-08-25 17:13:01', '2015-08-25 17:13:01'),
	(159, 80, 'snow', 42.03, '2015-08-25 17:13:01', '2015-08-25 17:13:01'),
	(160, 81, 'tarmac', 85.18, '2015-08-25 17:13:01', '2015-08-25 17:13:01'),
	(161, 81, 'gravel', 14.82, '2015-08-25 17:13:01', '2015-08-25 17:13:01'),
	(162, 82, 'snow', 100.00, '2015-08-25 17:13:01', '2015-08-25 17:13:01'),
	(163, 82, 'rain', 56.36, '2015-08-25 17:13:01', '2015-08-25 17:13:01'),
	(164, 83, 'tarmac', 100.00, '2015-08-25 17:13:01', '2015-08-25 17:13:01'),
	(165, 84, 'gravel', 88.28, '2015-08-25 17:13:01', '2015-08-25 17:13:01'),
	(166, 84, 'snow', 11.72, '2015-08-25 17:13:01', '2015-08-25 17:13:01'),
	(167, 85, 'snow', 100.00, '2015-08-25 17:13:01', '2015-08-25 17:13:01'),
	(168, 86, 'gravel', 58.92, '2015-08-25 17:13:01', '2015-08-25 17:13:01'),
	(169, 86, 'snow', 41.08, '2015-08-25 17:13:01', '2015-08-25 17:13:01'),
	(170, 86, 'rain', 24.70, '2015-08-25 17:13:01', '2015-08-25 17:13:01'),
	(171, 87, 'tarmac', 25.46, '2015-08-25 17:13:01', '2015-08-25 17:13:01'),
	(172, 87, 'snow', 74.54, '2015-08-25 17:13:01', '2015-08-25 17:13:01'),
	(173, 88, 'tarmac', 73.88, '2015-08-25 17:13:01', '2015-08-25 17:13:01'),
	(174, 88, 'gravel', 26.12, '2015-08-25 17:13:01', '2015-08-25 17:13:01'),
	(175, 89, 'snow', 100.00, '2015-08-25 17:13:01', '2015-08-25 17:13:01'),
	(176, 90, 'gravel', 100.00, '2015-08-25 17:13:01', '2015-08-25 17:13:01'),
	(177, 90, 'rain', 19.02, '2015-08-25 17:13:01', '2015-08-25 17:13:01'),
	(178, 91, 'snow', 100.00, '2015-08-25 17:13:01', '2015-08-25 17:13:01'),
	(179, 92, 'gravel', 100.00, '2015-08-28 10:13:05', '2015-08-28 10:13:05'),
	(180, 92, 'rain', 54.22, '2015-08-28 10:13:05', '2015-08-28 10:13:05'),
	(181, 93, 'tarmac', 42.92, '2015-08-28 10:13:05', '2015-08-28 10:13:05'),
	(182, 93, 'snow', 57.08, '2015-08-28 10:13:05', '2015-08-28 10:13:05'),
	(183, 94, 'gravel', 25.66, '2015-08-28 10:13:05', '2015-08-28 10:13:05'),
	(184, 94, 'snow', 74.34, '2015-08-28 10:13:05', '2015-08-28 10:13:05'),
	(185, 95, 'snow', 100.00, '2015-08-28 10:13:05', '2015-08-28 10:13:05'),
	(186, 96, 'tarmac', 58.85, '2015-08-28 10:13:05', '2015-08-28 10:13:05'),
	(187, 96, 'snow', 41.15, '2015-08-28 10:13:05', '2015-08-28 10:13:05'),
	(188, 97, 'gravel', 100.00, '2015-08-28 10:13:05', '2015-08-28 10:13:05'),
	(189, 97, 'rain', 43.08, '2015-08-28 10:13:05', '2015-08-28 10:13:05'),
	(190, 98, 'tarmac', 20.82, '2015-08-28 10:13:05', '2015-08-28 10:13:05'),
	(191, 98, 'gravel', 79.18, '2015-08-28 10:13:05', '2015-08-28 10:13:05'),
	(192, 98, 'rain', 56.03, '2015-08-28 10:13:05', '2015-08-28 10:13:05'),
	(193, 99, 'tarmac', 76.50, '2015-08-28 10:13:05', '2015-08-28 10:13:05'),
	(194, 99, 'snow', 23.50, '2015-08-28 10:13:05', '2015-08-28 10:13:05'),
	(195, 99, 'rain', 38.09, '2015-08-28 10:13:05', '2015-08-28 10:13:05'),
	(196, 100, 'gravel', 100.00, '2015-08-28 10:13:05', '2015-08-28 10:13:05'),
	(197, 100, 'rain', 21.84, '2015-08-28 10:13:05', '2015-08-28 10:13:05'),
	(198, 101, 'gravel', 100.00, '2015-08-28 10:13:05', '2015-08-28 10:13:05'),
	(199, 101, 'rain', 40.31, '2015-08-28 10:13:05', '2015-08-28 10:13:05'),
	(200, 102, 'tarmac', 100.00, '2015-08-28 10:13:05', '2015-08-28 10:13:05'),
	(201, 102, 'rain', 18.19, '2015-08-28 10:13:05', '2015-08-28 10:13:05'),
	(202, 103, 'tarmac', 100.00, '2015-08-28 10:13:05', '2015-08-28 10:13:05'),
	(203, 104, 'gravel', 100.00, '2015-08-30 09:19:23', '2015-08-30 09:19:23'),
	(204, 104, 'rain', 24.29, '2015-08-30 09:19:23', '2015-08-30 09:19:23'),
	(205, 105, 'gravel', 62.63, '2015-08-30 09:19:23', '2015-08-30 09:19:23'),
	(206, 105, 'snow', 37.37, '2015-08-30 09:19:23', '2015-08-30 09:19:23'),
	(207, 106, 'tarmac', 77.61, '2015-08-30 09:19:23', '2015-08-30 09:19:23'),
	(208, 106, 'gravel', 22.39, '2015-08-30 09:19:23', '2015-08-30 09:19:23'),
	(209, 107, 'tarmac', 26.00, '2015-08-30 09:19:23', '2015-08-30 09:19:23'),
	(210, 107, 'gravel', 74.00, '2015-08-30 09:19:23', '2015-08-30 09:19:23'),
	(211, 108, 'tarmac', 48.09, '2015-08-30 09:19:23', '2015-08-30 09:19:23'),
	(212, 108, 'snow', 51.91, '2015-08-30 09:19:23', '2015-08-30 09:19:23'),
	(213, 109, 'snow', 100.00, '2015-08-30 09:19:23', '2015-08-30 09:19:23'),
	(214, 109, 'rain', 62.98, '2015-08-30 09:19:23', '2015-08-30 09:19:23'),
	(215, 110, 'tarmac', 33.19, '2015-08-30 09:19:23', '2015-08-30 09:19:23'),
	(216, 110, 'snow', 66.81, '2015-08-30 09:19:23', '2015-08-30 09:19:23'),
	(217, 111, 'tarmac', 79.34, '2015-08-30 09:19:23', '2015-08-30 09:19:23'),
	(218, 111, 'snow', 20.66, '2015-08-30 09:19:23', '2015-08-30 09:19:23'),
	(219, 111, 'rain', 59.89, '2015-08-30 09:19:23', '2015-08-30 09:19:23'),
	(220, 112, 'tarmac', 100.00, '2015-08-30 09:19:23', '2015-08-30 09:19:23'),
	(221, 113, 'gravel', 18.33, '2015-08-30 09:19:23', '2015-08-30 09:19:23'),
	(222, 113, 'snow', 81.67, '2015-08-30 09:19:23', '2015-08-30 09:19:23'),
	(223, 114, 'gravel', 100.00, '2015-08-30 09:19:23', '2015-08-30 09:19:23'),
	(224, 115, 'tarmac', 74.38, '2015-08-30 09:19:23', '2015-08-30 09:19:23'),
	(225, 115, 'snow', 25.62, '2015-08-30 09:19:23', '2015-08-30 09:19:23'),
	(226, 115, 'rain', 56.72, '2015-08-30 09:19:23', '2015-08-30 09:19:23'),
	(227, 116, 'gravel', 47.71, '2015-09-01 10:14:09', '2015-09-01 10:14:09'),
	(228, 116, 'snow', 52.29, '2015-09-01 10:14:09', '2015-09-01 10:14:09'),
	(232, 118, 'gravel', 14.61, '2015-09-03 08:17:42', '2015-09-03 08:17:42'),
	(231, 118, 'tarmac', 85.39, '2015-09-03 08:17:42', '2015-09-03 08:17:42'),
	(233, 119, 'tarmac', 38.18, '2015-09-03 08:18:45', '2015-09-03 08:18:45'),
	(234, 119, 'gravel', 61.82, '2015-09-03 08:18:45', '2015-09-03 08:18:45'),
	(235, 120, 'rain', 48.58, '2015-09-03 08:20:59', '2015-09-03 08:20:59'),
	(236, 120, 'snow', 51.42, '2015-09-03 08:20:59', '2015-09-03 08:20:59'),
	(237, 121, 'tarmac', 60.98, '2015-09-03 08:28:57', '2015-09-03 08:28:57'),
	(238, 121, 'snow', 39.02, '2015-09-03 08:28:57', '2015-09-03 08:28:57'),
	(239, 122, 'gravel', 66.19, '2015-09-03 11:06:45', '2015-09-03 11:06:45'),
	(240, 122, 'rain', 33.81, '2015-09-03 11:06:46', '2015-09-03 11:06:46'),
	(241, 123, 'gravel', 12.12, '2015-09-04 10:29:32', '2015-09-04 10:29:32'),
	(242, 123, 'rain', 87.88, '2015-09-04 10:29:32', '2015-09-04 10:29:32'),
	(243, 124, 'tarmac', 38.03, '2015-09-04 10:32:34', '2015-09-04 10:32:34'),
	(244, 124, 'rain', 61.97, '2015-09-04 10:32:34', '2015-09-04 10:32:34'),
	(245, 125, 'gravel', 28.67, '2015-09-04 10:39:16', '2015-09-04 10:39:16'),
	(246, 125, 'rain', 71.33, '2015-09-04 10:39:16', '2015-09-04 10:39:16'),
	(247, 126, 'tarmac', 41.19, '2015-09-04 10:53:21', '2015-09-04 10:53:21'),
	(248, 126, 'gravel', 58.81, '2015-09-04 10:53:21', '2015-09-04 10:53:21');
/*!40000 ALTER TABLE `rally_surface` ENABLE KEYS */;


-- Zrzut struktury tabela ral.slider_slide
CREATE TABLE IF NOT EXISTS `slider_slide` (
  `id` int(11) NOT NULL AUTO_INCREMENT,
  `slider_id` bigint(20) DEFAULT NULL,
  `transition` varchar(255) DEFAULT NULL,
  `slot_amount` int(11) DEFAULT NULL,
  `rotation` int(11) DEFAULT NULL,
  `transition_duration` int(11) DEFAULT NULL,
  `delay` int(11) DEFAULT NULL,
  `target_href` varchar(255) DEFAULT NULL,
  `enable_link` tinyint(1) DEFAULT '0',
  `photo_root_id` int(11) DEFAULT NULL,
  `root_id` bigint(20) DEFAULT NULL,
  `lft` int(11) DEFAULT NULL,
  `rgt` int(11) DEFAULT NULL,
  `level` smallint(6) DEFAULT NULL,
  PRIMARY KEY (`id`),
  KEY `photo_root_id_idx` (`photo_root_id`)
) ENGINE=MyISAM AUTO_INCREMENT=5 DEFAULT CHARSET=utf8;

-- Zrzucanie danych dla tabeli ral.slider_slide: 3 rows
DELETE FROM `slider_slide`;
/*!40000 ALTER TABLE `slider_slide` DISABLE KEYS */;
INSERT INTO `slider_slide` (`id`, `slider_id`, `transition`, `slot_amount`, `rotation`, `transition_duration`, `delay`, `target_href`, `enable_link`, `photo_root_id`, `root_id`, `lft`, `rgt`, `level`) VALUES
	(1, NULL, NULL, NULL, NULL, NULL, NULL, NULL, 0, NULL, 1, 1, 6, 0),
	(2, 1, NULL, NULL, NULL, NULL, NULL, NULL, 0, 1, 1, 2, 3, 1),
	(4, 1, NULL, NULL, NULL, NULL, NULL, NULL, 0, 4, 1, 4, 5, 1);
/*!40000 ALTER TABLE `slider_slide` ENABLE KEYS */;


-- Zrzut struktury tabela ral.slider_slider
CREATE TABLE IF NOT EXISTS `slider_slider` (
  `id` int(11) NOT NULL AUTO_INCREMENT,
  `name` varchar(255) DEFAULT NULL,
  `slug` varchar(255) DEFAULT NULL,
  `slide_root_id` bigint(20) DEFAULT NULL,
  PRIMARY KEY (`id`),
  UNIQUE KEY `slug` (`slug`),
  KEY `slide_root_id_idx` (`slide_root_id`)
) ENGINE=MyISAM AUTO_INCREMENT=3 DEFAULT CHARSET=utf8;

-- Zrzucanie danych dla tabeli ral.slider_slider: 2 rows
DELETE FROM `slider_slider`;
/*!40000 ALTER TABLE `slider_slider` DISABLE KEYS */;
INSERT INTO `slider_slider` (`id`, `name`, `slug`, `slide_root_id`) VALUES
	(1, 'Main slider', 'main', 1),
	(2, 'Second slider', 'second', NULL);
/*!40000 ALTER TABLE `slider_slider` ENABLE KEYS */;


-- Zrzut struktury tabela ral.slider_slide_layer
CREATE TABLE IF NOT EXISTS `slider_slide_layer` (
  `id` int(11) NOT NULL AUTO_INCREMENT,
  `slide_id` varchar(128) DEFAULT NULL,
  `type` varchar(128) DEFAULT NULL,
  `text_html` varchar(255) DEFAULT NULL,
  `animation` varchar(255) DEFAULT NULL,
  `easing` varchar(255) DEFAULT NULL,
  `speed` int(11) DEFAULT NULL,
  `target_href` varchar(255) DEFAULT NULL,
  `x_position` int(11) DEFAULT NULL,
  `y_position` int(11) DEFAULT NULL,
  `start` bigint(20) DEFAULT NULL,
  `class` varchar(128) DEFAULT NULL,
  `width_iframe` bigint(20) DEFAULT NULL,
  `height_iframe` bigint(20) DEFAULT NULL,
  `photo_root_id` int(11) DEFAULT NULL,
  `root_id` bigint(20) DEFAULT NULL,
  `lft` int(11) DEFAULT NULL,
  `rgt` int(11) DEFAULT NULL,
  `level` smallint(6) DEFAULT NULL,
  PRIMARY KEY (`id`),
  KEY `slide_id_idx` (`slide_id`),
  KEY `photo_root_id_idx` (`photo_root_id`)
) ENGINE=MyISAM DEFAULT CHARSET=utf8;

-- Zrzucanie danych dla tabeli ral.slider_slide_layer: 0 rows
DELETE FROM `slider_slide_layer`;
/*!40000 ALTER TABLE `slider_slide_layer` DISABLE KEYS */;
/*!40000 ALTER TABLE `slider_slide_layer` ENABLE KEYS */;


-- Zrzut struktury tabela ral.team_finance
CREATE TABLE IF NOT EXISTS `team_finance` (
  `id` int(11) NOT NULL AUTO_INCREMENT,
  `team_id` int(11) DEFAULT NULL,
  `amount` int(11) DEFAULT NULL,
  `description` varchar(255) DEFAULT NULL,
  `save_date` datetime DEFAULT NULL,
  `income` tinyint(1) DEFAULT '0',
  `detailed_type` int(11) DEFAULT NULL,
  `created_at` datetime NOT NULL,
  `updated_at` datetime NOT NULL,
  `deleted_at` datetime DEFAULT NULL,
  PRIMARY KEY (`id`),
  KEY `team_id_idx` (`team_id`)
) ENGINE=MyISAM AUTO_INCREMENT=235 DEFAULT CHARSET=utf8;

-- Zrzucanie danych dla tabeli ral.team_finance: 234 rows
DELETE FROM `team_finance`;
/*!40000 ALTER TABLE `team_finance` DISABLE KEYS */;
INSERT INTO `team_finance` (`id`, `team_id`, `amount`, `description`, `save_date`, `income`, `detailed_type`, `created_at`, `updated_at`, `deleted_at`) VALUES
	(1, 2, 30000, 'Initial FastRally bonus', '2015-08-25 17:14:15', 1, 8, '2015-08-25 17:14:15', '2015-08-25 17:14:15', NULL),
	(2, 3, 30000, 'Initial FastRally bonus', '2015-08-25 18:57:06', 1, 8, '2015-08-25 18:57:06', '2015-08-25 18:57:06', NULL),
	(3, 4, 30000, 'Initial FastRally bonus', '2015-08-25 19:07:54', 1, 8, '2015-08-25 19:07:54', '2015-08-25 19:07:54', NULL),
	(4, 5, 30000, 'Initial FastRally bonus', '2015-08-26 06:44:07', 1, 8, '2015-08-26 06:44:07', '2015-08-26 06:44:07', NULL),
	(5, 6, 30000, 'Initial FastRally bonus', '2015-08-26 08:37:46', 1, 8, '2015-08-26 08:37:46', '2015-08-26 08:37:46', NULL),
	(6, 7, 30000, 'Initial FastRally bonus', '2015-08-26 10:22:59', 1, 8, '2015-08-26 10:22:59', '2015-08-26 10:22:59', NULL),
	(7, 8, 30000, 'Initial FastRally bonus', '2015-08-26 11:14:47', 1, 8, '2015-08-26 11:14:47', '2015-08-26 11:14:47', NULL),
	(8, 9, 30000, 'Initial FastRally bonus', '2015-08-26 11:18:45', 1, 8, '2015-08-26 11:18:45', '2015-08-26 11:18:45', NULL),
	(9, 2, 23900, 'Car Dacia Sandero was bought', '2015-08-26 16:32:30', 0, 7, '2015-08-26 16:32:30', '2015-08-26 16:32:30', NULL),
	(10, 10, 30000, 'Initial FastRally bonus', '2015-08-26 16:46:19', 1, 8, '2015-08-26 16:46:19', '2015-08-26 16:46:19', NULL),
	(11, 11, 30000, 'Initial FastRally bonus', '2015-08-26 20:17:15', 1, 8, '2015-08-26 20:17:15', '2015-08-26 20:17:15', NULL),
	(12, 12, 30000, 'Initial FastRally bonus', '2015-08-26 23:51:56', 1, 8, '2015-08-26 23:51:56', '2015-08-26 23:51:56', NULL),
	(13, 13, 30000, 'Initial FastRally bonus', '2015-08-27 00:38:41', 1, 8, '2015-08-27 00:38:41', '2015-08-27 00:38:41', NULL),
	(14, 14, 30000, 'Initial FastRally bonus', '2015-08-27 01:07:04', 1, 8, '2015-08-27 01:07:04', '2015-08-27 01:07:04', NULL),
	(15, 15, 30000, 'Initial FastRally bonus', '2015-08-27 10:39:47', 1, 8, '2015-08-27 10:39:47', '2015-08-27 10:39:47', NULL),
	(16, 16, 30000, 'Initial FastRally bonus', '2015-08-27 10:55:05', 1, 8, '2015-08-27 10:55:05', '2015-08-27 10:55:05', NULL),
	(17, 10, 23900, 'Car Dacia Sandero was bought', '2015-08-27 11:22:23', 0, 7, '2015-08-27 11:22:23', '2015-08-27 11:22:23', NULL),
	(18, 10, 250, 'Putting car        on market', '2015-08-27 11:36:17', 0, 6, '2015-08-27 11:36:17', '2015-08-27 11:36:17', NULL),
	(19, 7, 52800, 'For 1st place in rally Rally Monte Carlo', '2015-08-27 13:30:02', 1, 1, '2015-08-27 13:30:02', '2015-08-27 13:30:02', NULL),
	(20, 2, 36800, 'For 2nd place in rally Rally Monte Carlo', '2015-08-27 13:30:02', 1, 1, '2015-08-27 13:30:02', '2015-08-27 13:30:02', NULL),
	(21, 5, 22400, 'For 3rd place in rally Rally Monte Carlo', '2015-08-27 13:30:02', 1, 1, '2015-08-27 13:30:02', '2015-08-27 13:30:02', NULL),
	(22, 9, 12800, 'For 4th place in rally Rally Monte Carlo', '2015-08-27 13:30:02', 1, 1, '2015-08-27 13:30:02', '2015-08-27 13:30:02', NULL),
	(23, 3, 11200, 'For 5th place in rally Rally Monte Carlo', '2015-08-27 13:30:02', 1, 1, '2015-08-27 13:30:02', '2015-08-27 13:30:02', NULL),
	(24, 6, 9600, 'For 6th place in rally Rally Monte Carlo', '2015-08-27 13:30:02', 1, 1, '2015-08-27 13:30:02', '2015-08-27 13:30:02', NULL),
	(25, 8, 8000, 'For 7th place in rally Rally Monte Carlo', '2015-08-27 13:30:02', 1, 1, '2015-08-27 13:30:02', '2015-08-27 13:30:02', NULL),
	(26, 12, 6400, 'For 8th place in rally Rally Monte Carlo', '2015-08-27 13:30:02', 1, 1, '2015-08-27 13:30:02', '2015-08-27 13:30:02', NULL),
	(27, 9, 10000, 'Free agent player Jean Kowalski has been acquired.', '2015-08-27 13:51:09', 0, 7, '2015-08-27 13:51:09', '2015-08-27 13:51:09', NULL),
	(28, 9, 10000, 'Free agent player Bubba Exum has been acquired.', '2015-08-27 13:51:51', 0, 7, '2015-08-27 13:51:51', '2015-08-27 13:51:51', NULL),
	(29, 17, 30000, 'Initial FastRally bonus', '2015-08-27 14:44:49', 1, 8, '2015-08-27 14:44:49', '2015-08-27 14:44:49', NULL),
	(30, 17, 150, 'Putting car Honda Civic Turbo Type R #20056 on market', '2015-08-27 14:46:03', 0, 6, '2015-08-27 14:46:03', '2015-08-27 14:46:03', NULL),
	(31, 17, 23900, 'Car Dacia Sandero was bought', '2015-08-27 14:50:12', 0, 7, '2015-08-27 14:50:12', '2015-08-27 14:50:12', NULL),
	(32, 19, 30000, 'Initial FastRally bonus', '2015-08-28 10:16:57', 1, 8, '2015-08-28 10:16:57', '2015-08-28 10:16:57', NULL),
	(33, 2, 10000, 'Free agent player Marc Thompson has been acquired.', '2015-08-28 10:32:41', 0, 7, '2015-08-28 10:32:41', '2015-08-28 10:32:41', NULL),
	(34, 2, 10000, 'Free agent player Andrew Smith has been acquired.', '2015-08-28 10:32:46', 0, 7, '2015-08-28 10:32:46', '2015-08-28 10:32:46', NULL),
	(35, 2, 10000, 'Free agent player Jean Nowak has been acquired.', '2015-08-28 10:32:50', 0, 7, '2015-08-28 10:32:50', '2015-08-28 10:32:50', NULL),
	(36, 2, 10000, 'Free agent player Jan House has been acquired.', '2015-08-28 10:32:56', 0, 7, '2015-08-28 10:32:56', '2015-08-28 10:32:56', NULL),
	(37, 2, 10000, 'Free agent player James Simpson has been acquired.', '2015-08-28 10:33:01', 0, 7, '2015-08-28 10:33:01', '2015-08-28 10:33:01', NULL),
	(38, 2, 10000, 'Free agent player Jan House has been acquired.', '2015-08-28 10:33:06', 0, 7, '2015-08-28 10:33:06', '2015-08-28 10:33:06', NULL),
	(39, 2, 150, 'Putting player Jan House on transfer list', '2015-08-28 10:33:16', 0, 6, '2015-08-28 10:33:16', '2015-08-28 10:33:16', NULL),
	(40, 2, 150, 'Putting player James Simpson on transfer list', '2015-08-28 10:33:24', 0, 6, '2015-08-28 10:33:24', '2015-08-28 10:33:24', NULL),
	(41, 2, 150, 'Putting player Jan House on transfer list', '2015-08-28 10:33:35', 0, 6, '2015-08-28 10:33:35', '2015-08-28 10:33:35', NULL),
	(42, 2, 133000, 'Car Volkswagen Polo R WRC was bought', '2015-08-28 10:33:41', 0, 7, '2015-08-28 10:33:41', '2015-08-28 10:33:41', NULL),
	(43, 2, 119700, 'Car Skoda Octavia WRC was bought', '2015-08-28 10:33:45', 0, 7, '2015-08-28 10:33:45', '2015-08-28 10:33:45', NULL),
	(44, 2, 30500, 'Car Proton Satria Neo Sport was bought', '2015-08-28 10:33:48', 0, 7, '2015-08-28 10:33:48', '2015-08-28 10:33:48', NULL),
	(45, 2, 23900, 'Car Dacia Sandero was bought', '2015-08-28 10:33:50', 0, 7, '2015-08-28 10:33:50', '2015-08-28 10:33:50', NULL),
	(46, 2, 150, 'Putting car Volkswagen Polo R WRC #23186 on market', '2015-08-28 10:33:59', 0, 6, '2015-08-28 10:33:59', '2015-08-28 10:33:59', NULL),
	(47, 2, 150, 'Putting car Skoda Octavia WRC #2610 on market', '2015-08-28 10:35:12', 0, 6, '2015-08-28 10:35:12', '2015-08-28 10:35:12', NULL),
	(48, 7, 38000, 'For 1st place in rally Wales Rally', '2015-08-28 13:45:02', 1, 1, '2015-08-28 13:45:02', '2015-08-28 13:45:02', NULL),
	(49, 5, 27360, 'For 2nd place in rally Wales Rally', '2015-08-28 13:45:02', 1, 1, '2015-08-28 13:45:02', '2015-08-28 13:45:02', NULL),
	(50, 9, 18240, 'For 3rd place in rally Wales Rally', '2015-08-28 13:45:02', 1, 1, '2015-08-28 13:45:02', '2015-08-28 13:45:02', NULL),
	(51, 4, 10000, 'Free agent player Bubba Ripper has been acquired.', '2015-08-28 15:52:44', 0, 7, '2015-08-28 15:52:44', '2015-08-28 15:52:44', NULL),
	(52, 5, 10000, 'Free agent player Jan Exum has been acquired.', '2015-08-28 16:27:24', 0, 7, '2015-08-28 16:27:24', '2015-08-28 16:27:24', NULL),
	(53, 5, 150, 'Putting player Jan Exum on transfer list', '2015-08-28 16:27:58', 0, 6, '2015-08-28 16:27:58', '2015-08-28 16:27:58', NULL),
	(54, 5, 10000, 'Free agent player Andrew Thompson has been acquired.', '2015-08-28 16:28:30', 0, 7, '2015-08-28 16:28:30', '2015-08-28 16:28:30', NULL),
	(55, 2, 1330, 'Scapped car Volkswagen Polo R WRC #23186', '2015-08-28 17:50:12', 0, 9, '2015-08-28 17:50:12', '2015-08-28 17:50:12', NULL),
	(56, 7, 10000, 'Free agent player Andrew Thompson has been acquired.', '2015-08-28 18:17:45', 0, 7, '2015-08-28 18:17:45', '2015-08-28 18:17:45', NULL),
	(57, 3, 10000, 'Free agent player Kevin House has been acquired.', '2015-08-28 20:57:40', 0, 7, '2015-08-28 20:57:40', '2015-08-28 20:57:40', NULL),
	(58, 5, 3001, 'Bought car Honda Civic Turbo Type R #20056', '2015-08-29 02:20:01', 0, 6, '2015-08-29 02:20:01', '2015-08-29 02:20:01', NULL),
	(59, 17, 3001, 'Sold car Honda Civic Turbo Type R #20056', '2015-08-29 02:20:01', 1, 3, '2015-08-29 02:20:01', '2015-08-29 02:20:01', NULL),
	(60, 5, 10000, 'Free agent player Jean Nowak has been acquired.', '2015-08-29 10:49:05', 0, 7, '2015-08-29 10:49:05', '2015-08-29 10:49:05', NULL),
	(61, 7, 53460, 'For 1st place in rally Rajd Dolnoslaski', '2015-08-29 13:30:01', 1, 1, '2015-08-29 13:30:01', '2015-08-29 13:30:01', NULL),
	(62, 2, 37260, 'For 2nd place in rally Rajd Dolnoslaski', '2015-08-29 13:30:01', 1, 1, '2015-08-29 13:30:01', '2015-08-29 13:30:01', NULL),
	(63, 10, 22680, 'For 3rd place in rally Rajd Dolnoslaski', '2015-08-29 13:30:01', 1, 1, '2015-08-29 13:30:01', '2015-08-29 13:30:01', NULL),
	(64, 9, 12960, 'For 4th place in rally Rajd Dolnoslaski', '2015-08-29 13:30:01', 1, 1, '2015-08-29 13:30:01', '2015-08-29 13:30:01', NULL),
	(65, 3, 11340, 'For 5th place in rally Rajd Dolnoslaski', '2015-08-29 13:30:01', 1, 1, '2015-08-29 13:30:01', '2015-08-29 13:30:01', NULL),
	(66, 16, 9720, 'For 6th place in rally Rajd Dolnoslaski', '2015-08-29 13:30:01', 1, 1, '2015-08-29 13:30:01', '2015-08-29 13:30:01', NULL),
	(67, 4, 8100, 'For 7th place in rally Rajd Dolnoslaski', '2015-08-29 13:30:01', 1, 1, '2015-08-29 13:30:01', '2015-08-29 13:30:01', NULL),
	(68, 15, 6480, 'For 8th place in rally Rajd Dolnoslaski', '2015-08-29 13:30:01', 1, 1, '2015-08-29 13:30:01', '2015-08-29 13:30:01', NULL),
	(69, 3, 150, 'Putting player Kevin House on transfer list', '2015-08-29 15:30:35', 0, 6, '2015-08-29 15:30:35', '2015-08-29 15:30:35', NULL),
	(70, 4, 10000, 'Free agent player Jan Curry has been acquired.', '2015-08-29 17:28:28', 0, 7, '2015-08-29 17:28:28', '2015-08-29 17:28:28', NULL),
	(71, 4, 10000, 'Free agent player Seb House has been acquired.', '2015-08-29 17:28:36', 0, 7, '2015-08-29 17:28:36', '2015-08-29 17:28:36', NULL),
	(72, 6, 10000, 'Free agent player John Thompson has been acquired.', '2015-08-29 18:24:19', 0, 7, '2015-08-29 18:24:19', '2015-08-29 18:24:19', NULL),
	(73, 20, 30000, 'Initial FastRally bonus', '2015-08-29 20:48:39', 1, 8, '2015-08-29 20:48:39', '2015-08-29 20:48:39', NULL),
	(74, 21, 30000, 'Initial FastRally bonus', '2015-08-29 20:48:39', 1, 8, '2015-08-29 20:48:39', '2015-08-29 20:48:39', NULL),
	(75, 22, 30000, 'Initial FastRally bonus', '2015-08-29 20:48:39', 1, 8, '2015-08-29 20:48:39', '2015-08-29 20:48:39', NULL),
	(76, 23, 30000, 'Initial FastRally bonus', '2015-08-29 20:48:39', 1, 8, '2015-08-29 20:48:39', '2015-08-29 20:48:39', NULL),
	(77, 24, 30000, 'Initial FastRally bonus', '2015-08-29 20:48:39', 1, 8, '2015-08-29 20:48:39', '2015-08-29 20:48:39', NULL),
	(78, 25, 30000, 'Initial FastRally bonus', '2015-08-29 20:48:39', 1, 8, '2015-08-29 20:48:39', '2015-08-29 20:48:39', NULL),
	(79, 26, 30000, 'Initial FastRally bonus', '2015-08-29 20:48:39', 1, 8, '2015-08-29 20:48:39', '2015-08-29 20:48:39', NULL),
	(80, 27, 30000, 'Initial FastRally bonus', '2015-08-29 20:48:39', 1, 8, '2015-08-29 20:48:39', '2015-08-29 20:48:39', NULL),
	(81, 28, 30000, 'Initial FastRally bonus', '2015-08-29 20:48:39', 1, 8, '2015-08-29 20:48:39', '2015-08-29 20:48:39', NULL),
	(82, 29, 30000, 'Initial FastRally bonus', '2015-08-29 20:48:39', 1, 8, '2015-08-29 20:48:39', '2015-08-29 20:48:39', NULL),
	(83, 30, 30000, 'Initial FastRally bonus', '2015-08-29 20:48:39', 1, 8, '2015-08-29 20:48:39', '2015-08-29 20:48:39', NULL),
	(84, 31, 30000, 'Initial FastRally bonus', '2015-08-29 20:48:39', 1, 8, '2015-08-29 20:48:39', '2015-08-29 20:48:39', NULL),
	(85, 32, 30000, 'Initial FastRally bonus', '2015-08-29 20:48:39', 1, 8, '2015-08-29 20:48:39', '2015-08-29 20:48:39', NULL),
	(86, 33, 30000, 'Initial FastRally bonus', '2015-08-29 20:48:39', 1, 8, '2015-08-29 20:48:39', '2015-08-29 20:48:39', NULL),
	(87, 34, 30000, 'Initial FastRally bonus', '2015-08-29 20:48:39', 1, 8, '2015-08-29 20:48:39', '2015-08-29 20:48:39', NULL),
	(88, 3, 10000, 'Free agent player Andrew Kowalski has been acquired.', '2015-08-29 21:07:06', 0, 7, '2015-08-29 21:07:06', '2015-08-29 21:07:06', NULL),
	(89, 5, 2750, 'Bought player James Simpson', '2015-08-30 02:20:01', 0, 6, '2015-08-30 02:20:01', '2015-08-30 02:20:01', NULL),
	(90, 2, 2750, 'Sold player James Simpson', '2015-08-30 02:20:01', 1, 3, '2015-08-30 02:20:01', '2015-08-30 02:20:01', NULL),
	(91, 3, 1000, 'Bought player Jan House', '2015-08-30 02:20:01', 0, 6, '2015-08-30 02:20:01', '2015-08-30 02:20:01', NULL),
	(92, 2, 1000, 'Sold player Jan House', '2015-08-30 02:20:01', 1, 3, '2015-08-30 02:20:01', '2015-08-30 02:20:01', NULL),
	(93, 5, 1200, 'Bought car Volkswagen Polo R WRC #23186', '2015-08-30 02:20:01', 0, 6, '2015-08-30 02:20:01', '2015-08-30 02:20:01', NULL),
	(94, 2, 1200, 'Sold car Volkswagen Polo R WRC #23186', '2015-08-30 02:20:01', 1, 3, '2015-08-30 02:20:01', '2015-08-30 02:20:01', NULL),
	(95, 3, 122, 'Bought car Skoda Octavia WRC #2610', '2015-08-30 02:20:01', 0, 6, '2015-08-30 02:20:01', '2015-08-30 02:20:01', NULL),
	(96, 2, 122, 'Sold car Skoda Octavia WRC #2610', '2015-08-30 02:20:01', 1, 3, '2015-08-30 02:20:01', '2015-08-30 02:20:01', NULL),
	(97, 3, 4616, 'Player salaries ', '2015-08-30 03:00:01', 0, 4, '2015-08-30 03:00:01', '2015-08-30 03:00:01', NULL),
	(98, 3, 36405, 'Cars upkeep', '2015-08-30 03:00:01', 0, 5, '2015-08-30 03:00:01', '2015-08-30 03:00:01', NULL),
	(99, 3, 5000, 'Money from ESPN received on 2015-08-30', '2015-08-30 03:00:01', 1, 2, '2015-08-30 03:00:01', '2015-08-30 03:00:01', NULL),
	(100, 2, 9256, 'Player salaries ', '2015-08-30 03:00:01', 0, 4, '2015-08-30 03:00:01', '2015-08-30 03:00:01', NULL),
	(101, 2, 31920, 'Cars upkeep', '2015-08-30 03:00:01', 0, 5, '2015-08-30 03:00:01', '2015-08-30 03:00:01', NULL),
	(102, 4, 5375, 'Player salaries ', '2015-08-30 03:00:01', 0, 4, '2015-08-30 03:00:01', '2015-08-30 03:00:01', NULL),
	(103, 4, 17250, 'Cars upkeep', '2015-08-30 03:00:01', 0, 5, '2015-08-30 03:00:01', '2015-08-30 03:00:01', NULL),
	(104, 4, 5000, 'Money from ESPN received on 2015-08-30', '2015-08-30 03:00:01', 1, 2, '2015-08-30 03:00:01', '2015-08-30 03:00:01', NULL),
	(105, 5, 6285, 'Player salaries ', '2015-08-30 03:00:01', 0, 4, '2015-08-30 03:00:01', '2015-08-30 03:00:01', NULL),
	(106, 5, 58950, 'Cars upkeep', '2015-08-30 03:00:01', 0, 5, '2015-08-30 03:00:01', '2015-08-30 03:00:01', NULL),
	(107, 5, 5000, 'Money from ESPN received on 2015-08-30', '2015-08-30 03:00:01', 1, 2, '2015-08-30 03:00:01', '2015-08-30 03:00:01', NULL),
	(108, 6, 3357, 'Player salaries ', '2015-08-30 03:00:01', 0, 4, '2015-08-30 03:00:01', '2015-08-30 03:00:01', NULL),
	(109, 6, 17250, 'Cars upkeep', '2015-08-30 03:00:02', 0, 5, '2015-08-30 03:00:02', '2015-08-30 03:00:02', NULL),
	(110, 6, 5000, 'Money from ESPN received on 2015-08-30', '2015-08-30 03:00:02', 1, 2, '2015-08-30 03:00:02', '2015-08-30 03:00:02', NULL),
	(111, 7, 3492, 'Player salaries ', '2015-08-30 03:00:02', 0, 4, '2015-08-30 03:00:02', '2015-08-30 03:00:02', NULL),
	(112, 7, 18450, 'Cars upkeep', '2015-08-30 03:00:02', 0, 5, '2015-08-30 03:00:02', '2015-08-30 03:00:02', NULL),
	(113, 7, 5000, 'Money from ESPN received on 2015-08-30', '2015-08-30 03:00:02', 1, 2, '2015-08-30 03:00:02', '2015-08-30 03:00:02', NULL),
	(114, 8, 2784, 'Player salaries ', '2015-08-30 03:00:02', 0, 4, '2015-08-30 03:00:02', '2015-08-30 03:00:02', NULL),
	(115, 8, 17250, 'Cars upkeep', '2015-08-30 03:00:02', 0, 5, '2015-08-30 03:00:02', '2015-08-30 03:00:02', NULL),
	(116, 8, 5000, 'Money from ESPN received on 2015-08-30', '2015-08-30 03:00:02', 1, 2, '2015-08-30 03:00:02', '2015-08-30 03:00:02', NULL),
	(117, 9, 5163, 'Player salaries ', '2015-08-30 03:00:02', 0, 4, '2015-08-30 03:00:02', '2015-08-30 03:00:02', NULL),
	(118, 9, 18450, 'Cars upkeep', '2015-08-30 03:00:02', 0, 5, '2015-08-30 03:00:02', '2015-08-30 03:00:02', NULL),
	(119, 9, 5000, 'Money from ESPN received on 2015-08-30', '2015-08-30 03:00:02', 1, 2, '2015-08-30 03:00:02', '2015-08-30 03:00:02', NULL),
	(120, 10, 2754, 'Player salaries ', '2015-08-30 03:00:02', 0, 4, '2015-08-30 03:00:02', '2015-08-30 03:00:02', NULL),
	(121, 10, 31035, 'Cars upkeep', '2015-08-30 03:00:02', 0, 5, '2015-08-30 03:00:02', '2015-08-30 03:00:02', NULL),
	(122, 10, 5000, 'Money from City Network received on 2015-08-30', '2015-08-30 03:00:02', 1, 2, '2015-08-30 03:00:02', '2015-08-30 03:00:02', NULL),
	(123, 11, 2678, 'Player salaries ', '2015-08-30 03:00:02', 0, 4, '2015-08-30 03:00:02', '2015-08-30 03:00:02', NULL),
	(124, 11, 17250, 'Cars upkeep', '2015-08-30 03:00:02', 0, 5, '2015-08-30 03:00:02', '2015-08-30 03:00:02', NULL),
	(125, 11, 5000, 'Money from ESPN received on 2015-08-30', '2015-08-30 03:00:02', 1, 2, '2015-08-30 03:00:02', '2015-08-30 03:00:02', NULL),
	(126, 12, 2716, 'Player salaries ', '2015-08-30 03:00:02', 0, 4, '2015-08-30 03:00:02', '2015-08-30 03:00:02', NULL),
	(127, 12, 17250, 'Cars upkeep', '2015-08-30 03:00:02', 0, 5, '2015-08-30 03:00:02', '2015-08-30 03:00:02', NULL),
	(128, 13, 2876, 'Player salaries ', '2015-08-30 03:00:02', 0, 4, '2015-08-30 03:00:02', '2015-08-30 03:00:02', NULL),
	(129, 13, 27450, 'Cars upkeep', '2015-08-30 03:00:02', 0, 5, '2015-08-30 03:00:02', '2015-08-30 03:00:02', NULL),
	(130, 14, 2678, 'Player salaries ', '2015-08-30 03:00:02', 0, 4, '2015-08-30 03:00:02', '2015-08-30 03:00:02', NULL),
	(131, 14, 19950, 'Cars upkeep', '2015-08-30 03:00:02', 0, 5, '2015-08-30 03:00:02', '2015-08-30 03:00:02', NULL),
	(132, 15, 2920, 'Player salaries ', '2015-08-30 03:00:02', 0, 4, '2015-08-30 03:00:02', '2015-08-30 03:00:02', NULL),
	(133, 15, 24750, 'Cars upkeep', '2015-08-30 03:00:02', 0, 5, '2015-08-30 03:00:02', '2015-08-30 03:00:02', NULL),
	(134, 15, 5000, 'Money from City Network received on 2015-08-30', '2015-08-30 03:00:02', 1, 2, '2015-08-30 03:00:02', '2015-08-30 03:00:02', NULL),
	(135, 16, 2981, 'Player salaries ', '2015-08-30 03:00:02', 0, 4, '2015-08-30 03:00:02', '2015-08-30 03:00:02', NULL),
	(136, 16, 18450, 'Cars upkeep', '2015-08-30 03:00:02', 0, 5, '2015-08-30 03:00:02', '2015-08-30 03:00:02', NULL),
	(137, 17, 2797, 'Player salaries ', '2015-08-30 03:00:02', 0, 4, '2015-08-30 03:00:02', '2015-08-30 03:00:02', NULL),
	(138, 17, 3585, 'Cars upkeep', '2015-08-30 03:00:02', 0, 5, '2015-08-30 03:00:02', '2015-08-30 03:00:02', NULL),
	(139, 19, 2533, 'Player salaries ', '2015-08-30 03:00:02', 0, 4, '2015-08-30 03:00:02', '2015-08-30 03:00:02', NULL),
	(140, 19, 12450, 'Cars upkeep', '2015-08-30 03:00:02', 0, 5, '2015-08-30 03:00:02', '2015-08-30 03:00:02', NULL),
	(141, 20, 2507, 'Player salaries ', '2015-08-30 03:00:02', 0, 4, '2015-08-30 03:00:02', '2015-08-30 03:00:02', NULL),
	(142, 20, 11895, 'Cars upkeep', '2015-08-30 03:00:02', 0, 5, '2015-08-30 03:00:02', '2015-08-30 03:00:02', NULL),
	(143, 21, 2547, 'Player salaries ', '2015-08-30 03:00:02', 0, 4, '2015-08-30 03:00:02', '2015-08-30 03:00:02', NULL),
	(144, 21, 12765, 'Cars upkeep', '2015-08-30 03:00:02', 0, 5, '2015-08-30 03:00:02', '2015-08-30 03:00:02', NULL),
	(145, 22, 2595, 'Player salaries ', '2015-08-30 03:00:02', 0, 4, '2015-08-30 03:00:02', '2015-08-30 03:00:02', NULL),
	(146, 22, 10815, 'Cars upkeep', '2015-08-30 03:00:02', 0, 5, '2015-08-30 03:00:02', '2015-08-30 03:00:02', NULL),
	(147, 23, 2541, 'Player salaries ', '2015-08-30 03:00:02', 0, 4, '2015-08-30 03:00:02', '2015-08-30 03:00:02', NULL),
	(148, 23, 11895, 'Cars upkeep', '2015-08-30 03:00:02', 0, 5, '2015-08-30 03:00:02', '2015-08-30 03:00:02', NULL),
	(149, 24, 2552, 'Player salaries ', '2015-08-30 03:00:02', 0, 4, '2015-08-30 03:00:02', '2015-08-30 03:00:02', NULL),
	(150, 24, 14550, 'Cars upkeep', '2015-08-30 03:00:02', 0, 5, '2015-08-30 03:00:02', '2015-08-30 03:00:02', NULL),
	(151, 25, 2362, 'Player salaries ', '2015-08-30 03:00:02', 0, 4, '2015-08-30 03:00:02', '2015-08-30 03:00:02', NULL),
	(152, 25, 14550, 'Cars upkeep', '2015-08-30 03:00:02', 0, 5, '2015-08-30 03:00:02', '2015-08-30 03:00:02', NULL),
	(153, 26, 2433, 'Player salaries ', '2015-08-30 03:00:02', 0, 4, '2015-08-30 03:00:02', '2015-08-30 03:00:02', NULL),
	(154, 26, 11145, 'Cars upkeep', '2015-08-30 03:00:02', 0, 5, '2015-08-30 03:00:02', '2015-08-30 03:00:02', NULL),
	(155, 27, 2530, 'Player salaries ', '2015-08-30 03:00:02', 0, 4, '2015-08-30 03:00:02', '2015-08-30 03:00:02', NULL),
	(156, 27, 12765, 'Cars upkeep', '2015-08-30 03:00:02', 0, 5, '2015-08-30 03:00:02', '2015-08-30 03:00:02', NULL),
	(157, 28, 2524, 'Player salaries ', '2015-08-30 03:00:02', 0, 4, '2015-08-30 03:00:02', '2015-08-30 03:00:02', NULL),
	(158, 28, 10815, 'Cars upkeep', '2015-08-30 03:00:02', 0, 5, '2015-08-30 03:00:02', '2015-08-30 03:00:02', NULL),
	(159, 29, 2507, 'Player salaries ', '2015-08-30 03:00:02', 0, 4, '2015-08-30 03:00:02', '2015-08-30 03:00:02', NULL),
	(160, 29, 14550, 'Cars upkeep', '2015-08-30 03:00:02', 0, 5, '2015-08-30 03:00:02', '2015-08-30 03:00:02', NULL),
	(161, 30, 2407, 'Player salaries ', '2015-08-30 03:00:02', 0, 4, '2015-08-30 03:00:02', '2015-08-30 03:00:02', NULL),
	(162, 30, 11145, 'Cars upkeep', '2015-08-30 03:00:02', 0, 5, '2015-08-30 03:00:02', '2015-08-30 03:00:02', NULL),
	(163, 31, 2443, 'Player salaries ', '2015-08-30 03:00:02', 0, 4, '2015-08-30 03:00:02', '2015-08-30 03:00:02', NULL),
	(164, 31, 13080, 'Cars upkeep', '2015-08-30 03:00:02', 0, 5, '2015-08-30 03:00:02', '2015-08-30 03:00:02', NULL),
	(165, 32, 2339, 'Player salaries ', '2015-08-30 03:00:02', 0, 4, '2015-08-30 03:00:02', '2015-08-30 03:00:02', NULL),
	(166, 32, 11145, 'Cars upkeep', '2015-08-30 03:00:02', 0, 5, '2015-08-30 03:00:02', '2015-08-30 03:00:02', NULL),
	(167, 33, 2403, 'Player salaries ', '2015-08-30 03:00:02', 0, 4, '2015-08-30 03:00:02', '2015-08-30 03:00:02', NULL),
	(168, 33, 11895, 'Cars upkeep', '2015-08-30 03:00:02', 0, 5, '2015-08-30 03:00:02', '2015-08-30 03:00:02', NULL),
	(169, 34, 2359, 'Player salaries ', '2015-08-30 03:00:02', 0, 4, '2015-08-30 03:00:02', '2015-08-30 03:00:02', NULL),
	(170, 34, 11145, 'Cars upkeep', '2015-08-30 03:00:02', 0, 5, '2015-08-30 03:00:02', '2015-08-30 03:00:02', NULL),
	(171, 36, 30000, 'Initial FastRally bonus', '2015-08-30 09:59:45', 1, 8, '2015-08-30 09:59:45', '2015-08-30 09:59:45', NULL),
	(172, 7, 38000, 'For 1st place in rally League 1.0 Rally - #1', '2015-08-30 12:45:00', 1, 1, '2015-08-30 12:45:00', '2015-08-30 12:45:00', NULL),
	(173, 3, 27360, 'For 2nd place in rally League 1.0 Rally - #1', '2015-08-30 12:45:00', 1, 1, '2015-08-30 12:45:00', '2015-08-30 12:45:00', NULL),
	(174, 5, 18240, 'For 3rd place in rally League 1.0 Rally - #1', '2015-08-30 12:45:00', 1, 1, '2015-08-30 12:45:00', '2015-08-30 12:45:00', NULL),
	(175, 3, 150, 'Putting player Kevin House on transfer list', '2015-08-30 14:43:30', 0, 6, '2015-08-30 14:43:30', '2015-08-30 14:43:30', NULL),
	(176, 3, 9003, 'Bought player Jan House', '2015-08-31 02:20:01', 0, 6, '2015-08-31 02:20:01', '2015-08-31 02:20:01', NULL),
	(177, 2, 9003, 'Sold player Jan House', '2015-08-31 02:20:01', 1, 3, '2015-08-31 02:20:01', '2015-08-31 02:20:01', NULL),
	(178, 9, 20000, 'Bought car       ', '2015-08-31 02:20:01', 0, 6, '2015-08-31 02:20:01', '2015-08-31 02:20:01', NULL),
	(179, 10, 20000, 'Sold car       ', '2015-08-31 02:20:01', 1, 3, '2015-08-31 02:20:01', '2015-08-31 02:20:01', NULL),
	(180, 10, 150, 'Putting player Kevin Kowalski on transfer list', '2015-08-31 10:10:16', 0, 6, '2015-08-31 10:10:16', '2015-08-31 10:10:16', NULL),
	(181, 20, 288, 'Putting player Marc Smith on transfer list', '2015-08-31 10:41:51', 0, 6, '2015-08-31 10:41:51', '2015-08-31 10:41:51', NULL),
	(182, 20, 150, 'Putting player Kevin Curry on transfer list', '2015-08-31 10:44:41', 0, 6, '2015-08-31 10:44:41', '2015-08-31 10:44:41', NULL),
	(183, 20, 150, 'Putting car Mini Cooper S #5224 on market', '2015-08-31 10:46:17', 0, 6, '2015-08-31 10:46:17', '2015-08-31 10:46:17', NULL),
	(184, 23, 133000, 'Car Volkswagen Polo R WRC was bought', '2015-08-31 10:49:53', 0, 7, '2015-08-31 10:49:53', '2015-08-31 10:49:53', NULL),
	(185, 10, 150, 'Putting player Jean Ripper on transfer list', '2015-08-31 11:06:11', 0, 6, '2015-08-31 11:06:11', '2015-08-31 11:06:11', NULL),
	(186, 3, 150, 'Putting player Jan House on transfer list', '2015-08-31 11:30:00', 0, 6, '2015-08-31 11:30:00', '2015-08-31 11:30:00', NULL),
	(187, 10, 38000, 'For 1st place in rally Rally de Curitiba', '2015-08-31 12:30:01', 1, 1, '2015-08-31 12:30:01', '2015-08-31 12:30:01', NULL),
	(188, 9, 27360, 'For 2nd place in rally Rally de Curitiba', '2015-08-31 12:30:01', 1, 1, '2015-08-31 12:30:01', '2015-08-31 12:30:01', NULL),
	(189, 4, 18240, 'For 3rd place in rally Rally de Curitiba', '2015-08-31 12:30:01', 1, 1, '2015-08-31 12:30:01', '2015-08-31 12:30:01', NULL),
	(190, 37, 30000, 'Initial FastRally bonus', '2015-08-31 14:27:42', 1, 8, '2015-08-31 14:27:42', '2015-08-31 14:27:42', NULL),
	(191, 23, 10000, 'Bought player Jan Exum', '2015-09-01 02:20:01', 0, 6, '2015-09-01 02:20:01', '2015-09-01 02:20:01', NULL),
	(192, 5, 10000, 'Sold player Jan Exum', '2015-09-01 02:20:01', 1, 3, '2015-09-01 02:20:01', '2015-09-01 02:20:01', NULL),
	(193, 34, 150, 'Putting player Antoine Simpson on transfer list', '2015-09-01 09:37:22', 0, 6, '2015-09-01 09:37:22', '2015-09-01 09:37:22', NULL),
	(194, 23, 10000, 'Free agent player Seb Evans has been acquired.', '2015-09-01 09:56:01', 0, 9, '2015-09-01 09:56:01', '2015-09-01 09:56:01', NULL),
	(195, 33, 10000, 'Free agent player John Evans has been acquired.', '2015-09-01 10:04:18', 0, 9, '2015-09-01 10:04:18', '2015-09-01 10:04:18', NULL),
	(196, 33, 150, 'Putting player James Evans on transfer list', '2015-09-01 10:06:33', 0, 6, '2015-09-01 10:06:33', '2015-09-01 10:06:33', NULL),
	(197, 38, 30000, 'Initial FastRally bonus', '2015-09-01 10:26:57', 1, 8, '2015-09-01 10:26:57', '2015-09-01 10:26:57', NULL),
	(198, 5, 38500, 'For 1st place in rally Rally Presov', '2015-09-01 12:30:00', 1, 1, '2015-09-01 12:30:00', '2015-09-01 12:30:00', NULL),
	(199, 7, 27720, 'For 2nd place in rally Rally Presov', '2015-09-01 12:30:00', 1, 1, '2015-09-01 12:30:00', '2015-09-01 12:30:00', NULL),
	(200, 3, 18480, 'For 3rd place in rally Rally Presov', '2015-09-01 12:30:00', 1, 1, '2015-09-01 12:30:00', '2015-09-01 12:30:00', NULL),
	(201, 9, 41000, 'Car Triumph TR7 was bought', '2015-09-01 17:36:43', 0, 7, '2015-09-01 17:36:43', '2015-09-01 17:36:43', NULL),
	(202, 2, 20250, 'For 1st place in rally Rajd Rzeszów', '2015-09-02 18:15:01', 1, 1, '2015-09-02 18:15:01', '2015-09-02 18:15:01', NULL),
	(203, 7, 14580, 'For 2nd place in rally Rajd Rzeszów', '2015-09-02 18:15:01', 1, 1, '2015-09-02 18:15:01', '2015-09-02 18:15:01', NULL),
	(204, 9, 9720, 'For 3rd place in rally Rajd Rzeszów', '2015-09-02 18:15:01', 1, 1, '2015-09-02 18:15:01', '2015-09-02 18:15:01', NULL),
	(205, 23, 10800, 'Bought player Kevin House', '2015-09-03 00:20:01', 0, 6, '2015-09-03 00:20:01', '2015-09-03 00:20:01', NULL),
	(206, 3, 10800, 'Sold player Kevin House', '2015-09-03 00:20:01', 1, 3, '2015-09-03 00:20:01', '2015-09-03 00:20:01', NULL),
	(207, 7, 39500, 'For 1st place in rally Rally Sweden', '2015-09-03 12:45:01', 1, 1, '2015-09-03 12:45:01', '2015-09-03 12:45:01', NULL),
	(208, 3, 28440, 'For 2nd place in rally Rally Sweden', '2015-09-03 12:45:01', 1, 1, '2015-09-03 12:45:01', '2015-09-03 12:45:01', NULL),
	(209, 4, 18960, 'For 3rd place in rally Rally Sweden', '2015-09-03 12:45:01', 1, 1, '2015-09-03 12:45:01', '2015-09-03 12:45:01', NULL),
	(210, 4, 23900, 'Car Dacia Sandero was bought', '2015-09-03 19:27:09', 0, 7, '2015-09-03 19:27:09', '2015-09-03 19:27:09', NULL),
	(211, 23, 23000, 'Bought player Marc Smith', '2015-09-04 02:20:06', 0, 6, '2015-09-04 02:20:06', '2015-09-04 02:20:06', NULL),
	(212, 20, 23000, 'Sold player Marc Smith', '2015-09-04 02:20:06', 1, 3, '2015-09-04 02:20:06', '2015-09-04 02:20:06', NULL),
	(213, 3, 22, 'Bought player Kevin Kowalski', '2015-09-04 02:20:06', 0, 6, '2015-09-04 02:20:06', '2015-09-04 02:20:06', NULL),
	(214, 10, 22, 'Sold player Kevin Kowalski', '2015-09-04 02:20:06', 1, 3, '2015-09-04 02:20:06', '2015-09-04 02:20:06', NULL),
	(215, 3, 22, 'Bought player Jean Ripper', '2015-09-04 02:20:06', 0, 6, '2015-09-04 02:20:06', '2015-09-04 02:20:06', NULL),
	(216, 10, 22, 'Sold player Jean Ripper', '2015-09-04 02:20:06', 1, 3, '2015-09-04 02:20:06', '2015-09-04 02:20:06', NULL),
	(217, 3, 1, 'Bought player Kevin Curry', '2015-09-04 02:20:06', 0, 6, '2015-09-04 02:20:06', '2015-09-04 02:20:06', NULL),
	(218, 20, 1, 'Sold player Kevin Curry', '2015-09-04 02:20:06', 1, 3, '2015-09-04 02:20:06', '2015-09-04 02:20:06', NULL),
	(219, 4, 100, 'Bought car Mini Cooper S #5224', '2015-09-04 02:20:06', 0, 6, '2015-09-04 02:20:06', '2015-09-04 02:20:06', NULL),
	(220, 20, 100, 'Sold car Mini Cooper S #5224', '2015-09-04 02:20:06', 1, 3, '2015-09-04 02:20:06', '2015-09-04 02:20:06', NULL),
	(221, 10, 10000, 'Free agent player Jan Exum has been acquired.', '2015-09-04 10:42:02', 0, 9, '2015-09-04 10:42:02', '2015-09-04 10:42:02', NULL),
	(222, 10, 10000, 'Free agent player Tom Exum has been acquired.', '2015-09-04 10:42:08', 0, 9, '2015-09-04 10:42:08', '2015-09-04 10:42:08', NULL),
	(223, 33, 793, 'Scapped car Mini Cooper S #3466', '2015-09-04 10:57:05', 0, 9, '2015-09-04 10:57:05', '2015-09-04 10:57:05', NULL),
	(224, 33, 133000, 'Car Volkswagen Polo R WRC was bought', '2015-09-04 10:57:43', 0, 7, '2015-09-04 10:57:43', '2015-09-04 10:57:43', NULL),
	(225, 7, 37500, 'For 1st place in rally Janner Rally', '2015-09-04 13:00:00', 1, 1, '2015-09-04 13:00:00', '2015-09-04 13:00:00', NULL),
	(226, 15, 27000, 'For 2nd place in rally Janner Rally', '2015-09-04 13:00:00', 1, 1, '2015-09-04 13:00:00', '2015-09-04 13:00:00', NULL),
	(227, 3, 18000, 'For 3rd place in rally Janner Rally', '2015-09-04 13:00:00', 1, 1, '2015-09-04 13:00:00', '2015-09-04 13:00:00', NULL),
	(228, 39, 30000, 'Initial FastRally bonus', '2015-09-04 13:16:18', 1, 8, '2015-09-04 13:16:18', '2015-09-04 13:16:18', NULL),
	(229, 2, 150, 'Putting car Dacia Sandero #23813 on market', '2015-09-04 13:51:07', 0, 6, '2015-09-04 13:51:07', '2015-09-04 13:51:07', NULL),
	(230, 15, 100, 'Bought player Antoine Simpson', '2015-09-05 02:20:01', 0, 6, '2015-09-05 02:20:01', '2015-09-05 02:20:01', NULL),
	(231, 34, 100, 'Sold player Antoine Simpson', '2015-09-05 02:20:01', 1, 3, '2015-09-05 02:20:01', '2015-09-05 02:20:01', NULL),
	(232, 15, 100, 'Bought player James Evans', '2015-09-05 02:20:01', 0, 6, '2015-09-05 02:20:01', '2015-09-05 02:20:01', NULL),
	(233, 33, 100, 'Sold player James Evans', '2015-09-05 02:20:01', 1, 3, '2015-09-05 02:20:01', '2015-09-05 02:20:01', NULL),
	(234, 2, 150, 'Putting player Bubba Evans on transfer list', '2015-09-06 21:22:30', 0, 6, '2015-09-06 21:22:30', '2015-09-06 21:22:30', NULL);
/*!40000 ALTER TABLE `team_finance` ENABLE KEYS */;


-- Zrzut struktury tabela ral.team_sponsor_list
CREATE TABLE IF NOT EXISTS `team_sponsor_list` (
  `id` int(11) NOT NULL AUTO_INCREMENT,
  `name` varchar(255) DEFAULT NULL,
  `slug` varchar(255) DEFAULT NULL,
  `description` text,
  `active` tinyint(1) DEFAULT '0',
  `logo` varchar(255) DEFAULT NULL,
  `created_at` datetime NOT NULL,
  `updated_at` datetime NOT NULL,
  `deleted_at` datetime DEFAULT NULL,
  PRIMARY KEY (`id`)
) ENGINE=MyISAM AUTO_INCREMENT=4 DEFAULT CHARSET=utf8;

-- Zrzucanie danych dla tabeli ral.team_sponsor_list: 3 rows
DELETE FROM `team_sponsor_list`;
/*!40000 ALTER TABLE `team_sponsor_list` DISABLE KEYS */;
INSERT INTO `team_sponsor_list` (`id`, `name`, `slug`, `description`, `active`, `logo`, `created_at`, `updated_at`, `deleted_at`) VALUES
	(1, 'City Network', 'city-network', 'City Network is one of Swedens leading hosting companies and offers everything from simple packages to advanced managed solutions. You can get a generous package including e-mail and lots of space for as little as 5 USD per month. City Network is the exclusive host of ManagerZone and makes sure each manager gets the best access to the site.', 1, 'sponsor_city_network.sponsor_city_network', '2015-04-03 17:46:19', '2015-04-03 18:20:03', NULL),
	(2, 'Goal.com', 'goalcom', 'Goal.com is the ultimate resource for football fans with the aim of giving life to the largest football community on the planet. It covers the whole spectrum of the football world with news, statistics, photos, videos, transfer info, polls, games, fan forums, and much more.', 0, 'sponsor_goal.sponsor_goal', '2015-04-03 18:22:37', '2015-04-03 18:22:37', NULL),
	(3, 'ESPN', 'espn', 'ESPN Inc., the Worldwide Leader in Sports, is a multinational, multimedia sports entertainment company comprised of six domestic and 19 international television networks, a recently launched interactive TV channel, the largest sports radio network, ESPN The Magazine, ESPN.com, sports-themed dining and entertainment establishments, event management, ESPN Enterprises, wireless and broadband services, and more. ESPN features the broadest portfolio of multimedia assets in sports marketing with more than 40 national and international business interests or entities.', 0, 'sponsor_espn.sponsor_espn', '2015-04-03 18:23:17', '2015-04-03 18:23:17', NULL);
/*!40000 ALTER TABLE `team_sponsor_list` ENABLE KEYS */;


-- Zrzut struktury tabela ral.team_team
CREATE TABLE IF NOT EXISTS `team_team` (
  `id` int(11) NOT NULL AUTO_INCREMENT,
  `user_id` int(11) DEFAULT NULL,
  `name` varchar(255) DEFAULT NULL,
  `driver1_id` int(11) DEFAULT NULL,
  `driver2_id` int(11) DEFAULT NULL,
  `pilot1_id` int(11) DEFAULT NULL,
  `pilot2_id` int(11) DEFAULT NULL,
  `car1_id` int(11) DEFAULT NULL,
  `car2_id` int(11) DEFAULT NULL,
  `cash` int(11) NOT NULL DEFAULT '0',
  `sponsor_id` int(11) DEFAULT NULL,
  `this_week_rank` int(11) DEFAULT NULL,
  `last_week_rank` int(11) DEFAULT NULL,
  `league_name` varchar(50) DEFAULT NULL,
  `negative_finances` int(11) DEFAULT NULL,
  `created_at` datetime NOT NULL,
  `updated_at` datetime NOT NULL,
  `deleted_at` datetime DEFAULT NULL,
  `last_name_change` datetime DEFAULT NULL,
  PRIMARY KEY (`id`),
  KEY `team_team_user_id_user_user_id` (`user_id`),
  KEY `team_team_pilot2_id_people_people_id` (`pilot2_id`),
  KEY `team_team_pilot1_id_people_people_id` (`pilot1_id`),
  KEY `team_team_driver2_id_people_people_id` (`driver2_id`),
  KEY `team_team_driver1_id_people_people_id` (`driver1_id`),
  KEY `team_team_car2_id_car_car_id` (`car2_id`),
  KEY `team_team_car1_id_car_car_id` (`car1_id`),
  KEY `team_team_sponsor_id_team_sponsor_list_id` (`sponsor_id`)
) ENGINE=MyISAM AUTO_INCREMENT=40 DEFAULT CHARSET=utf8 COMMENT='update team_team set cash = 0\r\n';

-- Zrzucanie danych dla tabeli ral.team_team: 36 rows
DELETE FROM `team_team`;
/*!40000 ALTER TABLE `team_team` DISABLE KEYS */;
INSERT INTO `team_team` (`id`, `user_id`, `name`, `driver1_id`, `driver2_id`, `pilot1_id`, `pilot2_id`, `car1_id`, `car2_id`, `cash`, `sponsor_id`, `this_week_rank`, `last_week_rank`, `league_name`, `negative_finances`, `created_at`, `updated_at`, `deleted_at`, `last_name_change`) VALUES
	(3, 3, 'CChan 001', NULL, NULL, NULL, NULL, NULL, NULL, 88979, 2, 2, NULL, '1.0', NULL, '2015-08-25 18:57:06', '2015-09-04 17:16:03', NULL, '2015-08-26 13:03:45'),
	(2, 2, 'kk33 Team', NULL, NULL, NULL, NULL, NULL, NULL, 3950973, NULL, 5, NULL, '1.0', NULL, '2015-08-25 17:14:14', '2015-09-06 21:22:30', NULL, '2015-08-26 16:31:17'),
	(4, 5, 'Stonka', NULL, NULL, NULL, NULL, NULL, NULL, 3675, 3, 6, NULL, '1.0', NULL, '2015-08-25 19:07:54', '2015-09-04 17:16:03', NULL, '2015-08-26 19:19:19'),
	(5, 6, 'Team Seals', NULL, NULL, NULL, NULL, NULL, NULL, 49164, 3, 3, NULL, '1.0', NULL, '2015-08-26 06:44:07', '2015-09-04 17:16:03', NULL, '2015-08-27 10:59:06'),
	(6, 7, 'wilk09', NULL, NULL, NULL, NULL, NULL, NULL, 13993, 3, 9, NULL, '1.0', NULL, '2015-08-26 08:37:46', '2015-09-04 17:16:03', NULL, '2015-09-02 22:30:40'),
	(7, 8, 'Kekkaishi', NULL, NULL, NULL, NULL, NULL, NULL, 304618, 3, 1, NULL, '1.0', NULL, '2015-08-26 10:22:59', '2015-09-04 17:16:03', NULL, '2015-08-26 13:09:28'),
	(8, 10, 'Team_10', NULL, NULL, NULL, NULL, NULL, NULL, 22966, 3, 13, NULL, '1.0', NULL, '2015-08-26 11:14:47', '2015-09-04 17:16:03', NULL, NULL),
	(9, 9, 'Lemondoges', NULL, NULL, NULL, NULL, NULL, NULL, 11467, 3, 4, NULL, '1.0', NULL, '2015-08-26 11:18:45', '2015-09-04 17:16:03', NULL, '2015-08-27 13:52:24'),
	(10, 13, 'Paweł', NULL, NULL, NULL, NULL, NULL, NULL, 37485, 1, 8, NULL, '1.0', NULL, '2015-08-26 16:46:19', '2015-09-04 17:16:03', NULL, '2015-08-26 16:49:38'),
	(11, 15, 'Team_15', NULL, NULL, NULL, NULL, NULL, NULL, 15072, 3, NULL, NULL, '1.0', NULL, '2015-08-26 20:17:15', '2015-08-30 03:00:02', NULL, NULL),
	(12, 16, 'Team_16', NULL, NULL, NULL, NULL, NULL, NULL, 16434, NULL, 14, NULL, '1.0', NULL, '2015-08-26 23:51:56', '2015-09-04 17:16:03', NULL, NULL),
	(13, 17, 'Team_17', NULL, NULL, NULL, NULL, NULL, NULL, -326, NULL, NULL, NULL, '1.0', NULL, '2015-08-27 00:38:41', '2015-08-30 03:00:02', NULL, NULL),
	(14, 18, 'Team_18', NULL, NULL, NULL, NULL, NULL, NULL, 7372, NULL, NULL, NULL, '1.0', NULL, '2015-08-27 01:07:04', '2015-08-30 03:00:02', NULL, NULL),
	(15, 12, 'gumisiowo', NULL, NULL, NULL, NULL, NULL, NULL, 40610, 1, 7, NULL, '1.0', NULL, '2015-08-27 10:39:47', '2015-09-05 02:20:01', NULL, '2015-08-28 19:26:40'),
	(16, 14, 'Paweł', NULL, NULL, NULL, NULL, NULL, NULL, 18289, NULL, 11, NULL, '1.0', NULL, '2015-08-27 10:55:05', '2015-09-04 17:16:03', NULL, '2015-08-27 10:58:18'),
	(17, 20, 'Team_20', NULL, NULL, NULL, NULL, NULL, NULL, 2569, NULL, 12, NULL, '1.0', NULL, '2015-08-27 14:44:48', '2015-09-04 17:16:03', NULL, NULL),
	(19, 21, 'Team_21', NULL, NULL, NULL, NULL, NULL, NULL, 15017, NULL, NULL, NULL, '2.1', NULL, '2015-08-28 10:16:57', '2015-08-30 03:00:02', NULL, NULL),
	(20, 23, 'Team_23', NULL, NULL, NULL, NULL, NULL, NULL, 38111, 2, NULL, NULL, '2.1', NULL, '2015-08-29 20:48:39', '2015-09-04 02:20:06', NULL, NULL),
	(21, 24, 'Team_24', NULL, NULL, NULL, NULL, NULL, NULL, 14688, NULL, NULL, NULL, '2.1', NULL, '2015-08-29 20:48:39', '2015-08-30 03:00:02', NULL, NULL),
	(22, 25, 'Team_25', NULL, NULL, NULL, NULL, NULL, NULL, 16590, NULL, NULL, NULL, '2.1', NULL, '2015-08-29 20:48:39', '2015-08-30 03:00:02', NULL, NULL),
	(23, 26, 'Adam', NULL, NULL, NULL, NULL, NULL, NULL, 8764, 3, 10, NULL, '2.1', NULL, '2015-08-29 20:48:39', '2015-09-04 17:16:03', NULL, '2015-09-01 09:38:48'),
	(24, 27, 'Team_27', NULL, NULL, NULL, NULL, NULL, NULL, 12898, NULL, NULL, NULL, '2.1', NULL, '2015-08-29 20:48:39', '2015-08-30 03:00:02', NULL, NULL),
	(25, 28, 'Team_28', NULL, NULL, NULL, NULL, NULL, NULL, 193088, NULL, NULL, NULL, '2.1', NULL, '2015-08-29 20:48:39', '2015-08-30 03:00:02', NULL, NULL),
	(26, 29, 'Team_29', NULL, NULL, NULL, NULL, NULL, NULL, 16422, NULL, NULL, NULL, '2.1', NULL, '2015-08-29 20:48:39', '2015-08-30 03:00:02', NULL, NULL),
	(27, 30, 'Team_30', NULL, NULL, NULL, NULL, NULL, NULL, 404705, NULL, NULL, NULL, '2.1', NULL, '2015-08-29 20:48:39', '2015-08-30 03:00:02', NULL, NULL),
	(28, 31, 'Team_31', NULL, NULL, NULL, NULL, NULL, NULL, 406661, NULL, NULL, NULL, '2.1', NULL, '2015-08-29 20:48:39', '2015-08-30 03:00:02', NULL, NULL),
	(29, 32, 'Team_32', NULL, NULL, NULL, NULL, NULL, NULL, 192943, NULL, NULL, NULL, '2.1', NULL, '2015-08-29 20:48:39', '2015-08-30 03:00:02', NULL, NULL),
	(30, 33, 'Team_33', NULL, NULL, NULL, NULL, NULL, NULL, 16448, NULL, NULL, NULL, '2.1', NULL, '2015-08-29 20:48:39', '2015-08-30 03:00:02', NULL, NULL),
	(31, 34, 'Team_34', NULL, NULL, NULL, NULL, NULL, NULL, 14477, NULL, NULL, NULL, '2.1', NULL, '2015-08-29 20:48:39', '2015-08-30 03:00:02', NULL, NULL),
	(32, 35, 'Team_35', NULL, NULL, NULL, NULL, NULL, NULL, 406516, NULL, NULL, NULL, '2.1', NULL, '2015-08-29 20:48:39', '2015-08-30 03:00:02', NULL, NULL),
	(33, 36, 'Zorro', NULL, NULL, NULL, NULL, NULL, NULL, 261859, NULL, NULL, NULL, '2.1', NULL, '2015-08-29 20:48:39', '2015-09-05 02:20:01', NULL, '2015-09-01 10:00:14'),
	(34, 37, 'Bond', NULL, NULL, NULL, NULL, NULL, NULL, 16446, NULL, NULL, NULL, '2.1', NULL, '2015-08-29 20:48:39', '2015-09-05 02:20:01', NULL, '2015-09-01 09:36:47'),
	(36, 38, 'Team_38', NULL, NULL, NULL, NULL, NULL, NULL, 30000, NULL, NULL, NULL, '2.2', NULL, '2015-08-30 09:59:45', '2015-08-30 09:59:45', NULL, NULL),
	(37, 4, 'Team_4', NULL, NULL, NULL, NULL, NULL, NULL, 30000, NULL, NULL, NULL, '2.2', NULL, '2015-08-31 14:27:42', '2015-08-31 14:27:42', NULL, NULL),
	(38, 40, 'Team_40', NULL, NULL, NULL, NULL, NULL, NULL, 30000, NULL, NULL, NULL, '2.2', NULL, '2015-09-01 10:26:57', '2015-09-01 10:26:57', NULL, NULL),
	(39, 41, 'Team_41', NULL, NULL, NULL, NULL, NULL, NULL, 30000, NULL, NULL, NULL, '2.2', NULL, '2015-09-04 13:16:18', '2015-09-04 13:16:18', NULL, NULL);
/*!40000 ALTER TABLE `team_team` ENABLE KEYS */;


-- Zrzut struktury tabela ral.tournament_match
CREATE TABLE IF NOT EXISTS `tournament_match` (
  `id` int(11) NOT NULL AUTO_INCREMENT,
  `team1` int(11) DEFAULT NULL,
  `team2` int(11) DEFAULT NULL,
  `goal1` bigint(20) DEFAULT NULL,
  `goal2` bigint(20) DEFAULT NULL,
  `tournament_id` int(11) DEFAULT NULL,
  `match_date` datetime DEFAULT NULL,
  `played` tinyint(1) DEFAULT '0',
  `group_round` tinyint(1) NOT NULL DEFAULT '1',
  PRIMARY KEY (`id`),
  KEY `team1_idx` (`team1`)
) ENGINE=MyISAM AUTO_INCREMENT=19 DEFAULT CHARSET=utf8;

-- Zrzucanie danych dla tabeli ral.tournament_match: 18 rows
DELETE FROM `tournament_match`;
/*!40000 ALTER TABLE `tournament_match` DISABLE KEYS */;
INSERT INTO `tournament_match` (`id`, `team1`, `team2`, `goal1`, `goal2`, `tournament_id`, `match_date`, `played`, `group_round`) VALUES
	(1, 5, 6, NULL, NULL, 1, '2014-11-29 09:00:00', 0, 1),
	(2, 7, 8, NULL, NULL, 1, '2014-11-29 09:30:00', 0, 1),
	(3, 7, 5, NULL, NULL, 1, '2014-11-29 09:55:00', 0, 1),
	(4, 8, 6, NULL, NULL, 1, '2014-11-29 10:25:00', 0, 1),
	(5, 6, 7, NULL, NULL, 1, '2014-11-29 10:50:00', 0, 1),
	(6, 8, 5, NULL, NULL, 1, '2014-11-29 11:15:00', 0, 1),
	(7, 9, 10, NULL, NULL, 1, '2014-11-29 11:45:00', 0, 1),
	(8, 11, 12, NULL, NULL, 1, '2014-11-29 12:15:00', 0, 1),
	(9, 11, 9, NULL, NULL, 1, '2014-11-29 12:45:00', 0, 1),
	(10, 12, 10, NULL, NULL, 1, '2014-11-29 13:10:00', 0, 1),
	(11, 10, 11, NULL, NULL, 1, '2014-11-29 13:35:00', 0, 1),
	(12, 12, 9, NULL, NULL, 1, '2014-11-29 14:00:00', 0, 1),
	(13, 13, 14, NULL, NULL, 1, '2014-11-29 15:20:00', 0, 1),
	(14, 15, 16, NULL, NULL, 1, '2014-11-29 15:55:00', 0, 1),
	(15, 15, 13, NULL, NULL, 1, '2014-11-29 16:25:00', 0, 1),
	(16, 16, 14, NULL, NULL, 1, '2014-11-29 16:50:00', 0, 1),
	(17, 14, 15, NULL, NULL, 1, '2014-11-29 17:20:00', 0, 1),
	(18, 16, 13, NULL, NULL, 1, '2014-11-29 17:45:00', 0, 1);
/*!40000 ALTER TABLE `tournament_match` ENABLE KEYS */;


-- Zrzut struktury tabela ral.tournament_player
CREATE TABLE IF NOT EXISTS `tournament_player` (
  `id` int(11) NOT NULL AUTO_INCREMENT,
  `first_name` varchar(255) DEFAULT NULL,
  `last_name` varchar(255) DEFAULT NULL,
  `team_id` int(11) DEFAULT NULL,
  PRIMARY KEY (`id`),
  KEY `team_id_idx` (`team_id`)
) ENGINE=MyISAM DEFAULT CHARSET=utf8;

-- Zrzucanie danych dla tabeli ral.tournament_player: 0 rows
DELETE FROM `tournament_player`;
/*!40000 ALTER TABLE `tournament_player` DISABLE KEYS */;
/*!40000 ALTER TABLE `tournament_player` ENABLE KEYS */;


-- Zrzut struktury tabela ral.tournament_shooter
CREATE TABLE IF NOT EXISTS `tournament_shooter` (
  `match_id` int(11) NOT NULL DEFAULT '0',
  `player_id` int(11) NOT NULL DEFAULT '0',
  `goal` bigint(20) DEFAULT NULL,
  PRIMARY KEY (`match_id`,`player_id`),
  KEY `tournament_shooter_player_id_tournament_player_id` (`player_id`)
) ENGINE=MyISAM DEFAULT CHARSET=utf8;

-- Zrzucanie danych dla tabeli ral.tournament_shooter: 0 rows
DELETE FROM `tournament_shooter`;
/*!40000 ALTER TABLE `tournament_shooter` DISABLE KEYS */;
/*!40000 ALTER TABLE `tournament_shooter` ENABLE KEYS */;


-- Zrzut struktury tabela ral.tournament_team
CREATE TABLE IF NOT EXISTS `tournament_team` (
  `id` int(11) NOT NULL AUTO_INCREMENT,
  `name` varchar(255) DEFAULT NULL,
  `slug` varchar(255) DEFAULT NULL,
  `tournament_id` int(11) DEFAULT NULL,
  `group_id` int(11) DEFAULT NULL,
  PRIMARY KEY (`id`),
  KEY `tournament_id_idx` (`tournament_id`)
) ENGINE=MyISAM AUTO_INCREMENT=17 DEFAULT CHARSET=utf8;

-- Zrzucanie danych dla tabeli ral.tournament_team: 12 rows
DELETE FROM `tournament_team`;
/*!40000 ALTER TABLE `tournament_team` DISABLE KEYS */;
INSERT INTO `tournament_team` (`id`, `name`, `slug`, `tournament_id`, `group_id`) VALUES
	(5, 'UKS Jedynka II', 'uks-jedynka-ii', 1, 1),
	(6, 'Bronowianka Kraków I', 'bronowianka-krakow-i', 1, 1),
	(7, 'Victoria Gaj', 'victoria-gaj', 1, 1),
	(8, 'Orawa Team', 'orawa-team', 1, 1),
	(9, 'Rużemberok I', 'ruzemberok-i', 1, 2),
	(10, 'AS Progres', 'as-progres', 1, 2),
	(11, 'LKS Promyk', 'lks-promyk', 1, 2),
	(12, 'UKS Jedynka I', 'uks-jedynka-i', 1, 2),
	(13, 'Rużemberok II', 'ruzemberok-ii', 1, 3),
	(14, 'Naprzód Sobolów', 'naprzod-sobolow', 1, 3),
	(15, 'Bronowianka II', 'bronowianka-ii', 1, 3),
	(16, 'Prądniczanka', 'pradniczanka', 1, 3);
/*!40000 ALTER TABLE `tournament_team` ENABLE KEYS */;


-- Zrzut struktury tabela ral.tournament_tournament
CREATE TABLE IF NOT EXISTS `tournament_tournament` (
  `id` int(11) NOT NULL AUTO_INCREMENT,
  `name` varchar(255) DEFAULT NULL,
  `slug` varchar(255) DEFAULT NULL,
  `active` tinyint(1) DEFAULT '1',
  `date_from` datetime DEFAULT NULL,
  `date_to` datetime DEFAULT NULL,
  PRIMARY KEY (`id`)
) ENGINE=MyISAM AUTO_INCREMENT=2 DEFAULT CHARSET=utf8;

-- Zrzucanie danych dla tabeli ral.tournament_tournament: 1 rows
DELETE FROM `tournament_tournament`;
/*!40000 ALTER TABLE `tournament_tournament` DISABLE KEYS */;
INSERT INTO `tournament_tournament` (`id`, `name`, `slug`, `active`, `date_from`, `date_to`) VALUES
	(1, 'Miedzynarodowy turniej futsalu dziewczat U99', 'miedzynarodowy-turniej-futsalu-dziewczat-u99', 1, '2014-11-28 10:46:04', '2014-11-28 10:46:06');
/*!40000 ALTER TABLE `tournament_tournament` ENABLE KEYS */;


-- Zrzut struktury widok ral.userwidok
-- Tworzenie tymczasowej tabeli aby przezwyciężyć błędy z zależnościami w WIDOKU
CREATE TABLE `userwidok` (
	`uid` INT(11) NOT NULL,
	`ucreated` DATETIME NOT NULL,
	`last_active` DATETIME NULL,
	`id` INT(11) NOT NULL,
	`league_name` VARCHAR(50) NULL COLLATE 'utf8_general_ci'
) ENGINE=MyISAM;


-- Zrzut struktury tabela ral.user_board
CREATE TABLE IF NOT EXISTS `user_board` (
  `id` int(11) NOT NULL AUTO_INCREMENT,
  `user_id` bigint(20) DEFAULT NULL,
  `writer_id` bigint(20) DEFAULT NULL,
  `message` text,
  `readed` tinyint(1) NOT NULL DEFAULT '0',
  `created_at` datetime NOT NULL,
  `updated_at` datetime NOT NULL,
  `deleted_at` datetime DEFAULT NULL,
  PRIMARY KEY (`id`)
) ENGINE=MyISAM AUTO_INCREMENT=29 DEFAULT CHARSET=utf8;

-- Zrzucanie danych dla tabeli ral.user_board: 28 rows
DELETE FROM `user_board`;
/*!40000 ALTER TABLE `user_board` DISABLE KEYS */;
INSERT INTO `user_board` (`id`, `user_id`, `writer_id`, `message`, `readed`, `created_at`, `updated_at`, `deleted_at`) VALUES
	(1, 4, 5, 'Heyy', 0, '2015-08-25 19:16:00', '2015-08-25 19:16:00', NULL),
	(2, 5, 6, 'test', 1, '2015-08-26 09:15:03', '2015-08-31 14:35:51', NULL),
	(3, 6, 2, 'Testowa wiadomosc', 1, '2015-08-28 12:14:25', '2015-08-28 16:22:41', NULL),
	(4, 2, 6, 'testowa odpowiedź', 1, '2015-08-28 16:22:55', '2015-08-29 20:52:46', NULL),
	(5, 6, 9, 'Testowa wiadomość', 1, '2015-08-28 22:10:10', '2015-08-29 09:31:37', NULL),
	(6, 15, 3, 'Tak tylko testuje,\r\nodpisz jeśli dotarło\r\nPozdrawiam ;)', 0, '2015-08-29 15:49:42', '2015-08-29 15:49:42', NULL),
	(7, 7, 8, 'test test', 1, '2015-08-31 09:14:02', '2015-09-01 15:31:59', NULL),
	(8, 13, 14, '                  ', 1, '2015-09-01 10:38:34', '2015-09-02 09:12:53', NULL),
	(9, 14, 13, 'bgfsfsd', 1, '2015-09-01 10:41:12', '2015-09-01 10:41:19', NULL),
	(10, 16, 7, 'testtesttetetgsdhfdsfdsfsfdsf', 1, '2015-09-01 15:31:43', '2015-09-01 21:58:56', NULL),
	(11, 14, 20, 'Test test test', 1, '2015-09-01 17:54:14', '2015-09-02 09:09:49', NULL),
	(12, 20, 9, 'eloo', 1, '2015-09-01 17:55:24', '2015-09-01 17:55:33', NULL),
	(13, 20, 9, 'siema', 1, '2015-09-01 17:56:38', '2015-09-01 17:56:49', NULL),
	(14, 16, 7, '111111111111111111111111111111111111111111111111111111111111111111111111111111111111111111111111111111111111111111111111111111111111111111111111111111111111111111111111111111111111111111111111111111111111111111111111111111111111111111111111111111111111111111111111111111111111111111111111111111111111111111111111111111111111111111111111111111111111111111111111111111111111111111111111111111111111111111111111111111111111111111111111111111111111111111111111111111111111111111111111111111111111111111111111111111111111111111111111111111111111111111111111111111111111111111111111111111111111111111111111111111111111111111111111111111111111111111111111111111111111111111111111111111111111111111111111111111111111111111111111111111111111111111111111111111111111111111111111111111111111111111111111111111111111111111111111111111111111111111111111111111111111111111111111111111111111111111111111111111111111111111111111111111111111111111111111111111111111111111111111111111111111111111111111111111111111111111111111111111111111111111111111111111111111111111111111111111111111111111111111111111111111111111111111111111111111111111111111111111111111111111111111111111111111111111111111111111111111111111111111111111111111111111111111111111111111111111111111111111111111111111111111111111111111111111111111111111111111111111111111111111111111111111111111111111111111111111111111111111111111111111111111111111111111111111111111111111111111111111111111111111111111111111111111111111111111111111111111111111111111111111111111111111111111111111111111111111111111111111111111111111111111111111111111111111111111111111111111111111111111111111111111111111111111111111111111111111111111111111111111111111111111111111111111111111111111111111111111111111111111111111111111111111111111111111111111111111111111111111111111111111111111111111111111111111111111111111111111111111111111111111111111111111111111111111111111111111111111111111111111111111111111111111111111111111111111111111111111111111111111111111111111111111111111111111111111111111111111111111111111111111111111111111111111111111111111111111111111111111111111111111111111111111111111111111111111111111111111111111111111111111111111111111111111111111111111111111111111111111111111111111111111111111111111111111111111111111111111111111111111111111111111111111111111111111111111111111111111111111111111111111111111111111111111111111111111111111111111111111111111111111111111111111111111111111111111111111111111111111111111111111111111111111111111111111111111111111111111111111111111111111111111111111111111111111111111111111111111111111111111111111111111111111111111111111111111111111111111111111111111111111111111111111111111111111111111111111111111111111111111111111111111111111111111111111111111111111111111111111111111111111111111111111111111111111111111111111111111111111111111111111111111111111111111111111111111111111111111111111111111111111111111111111111111111111111111111111111111111111111111111111111111111111111111111111111111111111111111111111111111111111111111111111111111111111111111111111111111111111111111111111111111111111111111111111111111111111111111111111111111111111111111111111111111111111111111111111111111111111111111111111111111111111111111111111111111111111111111111111111111111111111111111111111111111111111111111111111111111111111111111111111111111111111111111111111111111111111111111111111111111111111111111111111111111111111111111111111111111111111111111111111111111111111111111111111111111111111111111111111111111111111111111111111111111111111111111111111111111111111111111111111111111111111111111111111111111111111111111111111111111111111111111111111111111111111111111111111111111111111111111111111111111111111111111111111111111111111111111111111111111111111111111111111111111111111111111111111111111111111111111111111111111111111111111111111111111111111111111111111111111111111111111111111111111111111111111111111111111111111111111111111111111111111111111111111111111111111111111111111111111111111111111111111111111111111111111111111111111111111111111111111111111111111111111111111111111111111111111111111111111111111111111111111111111111111111111111111111111111111111111111111111111111111111111111111111111111111111111111111111111111111111111111111111111111111111111111111111111111111111111111111111111111111111111111111111111111111111111111111111111111111111111111111111111111111111111111111111111111111111111111111111111111111111111111111111111111111111111111111111111111111111111111111111111111111111111111111111111111111111111111111111111111111111111111111111111111111111111111111111111111111111111111111111111111111111111111111111111111111111111111111111111111111111111111111111111111111111111111111111111111111111111111111111111111111111111111111111111111111111111111111111111111111111111111111111111111111111111111111111111111111111111111111111111111111111111111111111111111111111111111111111111111111111111111111111111111111111111111111111111111111111111111111111111111111111111111111111111111111111111111111111111111111111111111111111111111111111111111111111111111111111111111111111111111111111111111111111111111111111111111111111111111111111111111111111111111111111111111111111111111111111111111111111111111111111111111111111111111111111111111111111111111111111111111111111111111111111111111111111111111111111111111111111111111111111111111111111111111111111111111111111111111111111111111111111111111111111111111111111111111111111111111111111111111111111111111111111111111111111111111111111111111111111111111111111111111111111111111111111111111111111111111111111111111111111111111111111111111111111111111111111111111111111111111111111111111111111111111111111111111111111111111111111111111111111111111111111111111111111111111111111111111111111111111111111111111111111111111111111111111111111111111111111111111111111111111111111111111111111111111111111111111111111111111111111111111111111111111111111111111111111111111111111111111111111111111111111111111111111111111111111111111111111111111111111111111111111111111111111111111111111111111111111111111111111111111111111111111111111111111111111111111111111111111111111111111111111111111111111111111111111111111111111111111111111111111111111111111111111111111111111111111111111111111111111111111111111111111111111111111111111111111111111111111111111111111111111111111111111111111111111111111111111111111111111111111111111111111111111111111111111111111111111111111111111111111111111111111111111111111111111111111111111111111111111111111111111111111111111111111111111111111111111111111111111111111111111111111111111111111111111111111111111111111111111111111111111111111111111111111111111111111111111111111111111111111111111111111111111111111111111111111111111111111111111111111111111111111111111111111111111111111111111111111111111111111111111111111111111111111111111111111111111111111111111111111111111111111111111111111111111111111111111111111111111111111111111111111111111111111111111111111111111111111111111111111111111111111111111111111111111111111111111111111111111111111111111111111111111111111111111111111111111111111111111111111111111111111111111111111111111111111111111111111111111111111111111111111111111111111111111111111111111111111111111111111111111111111111111111111111111111111111111111111111111111111111111111111111111111111111111111111111111111111111111111111111111111111111111111111111111111111111111111111111111111111111111111111111111111111111111111111111111111111111111111111111111111111111111111111111111111111111111111111111111111111111111111111111111111111111111111111111111111111111111111111111111111111111111111111111111111111111111111111111111111111111111111111111111111111111111111111111111111111111111111111111111111111111111111111111111111111111111111111111111111111111111111111111111111111111111111111111111111111111111111111111111111111111111111111111111111111111111111111111111111111111111111111111111111111111111111111111111111111111111111111111111111111111111111111111111111111111111111111111111111111111111111111111111111111111111111111111111111111111111111111111111111111111111111111111111111111111111111111111111111111111111111111111111111111111111111111111111111111111111111111111111111111111111111111111111111111111111111111111111111111111111111111111111111111111111111111111111111111111111111111111111111111111111111111111111111111111111111111111111111111111111111111111111111111111111111111111111111111111111111111111111111111111111111111111111111111111111111111111111111111111111111111111111111111111111111111111111111111111111111111111111111111111111111111111111111111111111111111111111111111111111111111111111111111111111111111111111111111111111111111111111111111111111111111111111111111111111111111111111111111111111111111111111111111111111111111111111111111111111111111111111111111111111111111111111111111111111111111111111111111111111111111111111111111111111111111111111111111111111111111111111111111111111111111111111111111111111111111111111111111111111111111111111111111111111111111111111111111111111111111111111111111111111111111111111111111111111111111111111111111111111111111111111111111111111111111111111111111111111111111111111111111111111111111111111111111111111111111111111111111111111111111111111111111111111111111111111111111111111111111111111111111111111111111111111111111111111111111111111111111111111111111111111111111111111111111111111111111111111111111111111111111111111111111111111111111111111111111111111111111111111111111111111111111111111111111111111111111111111111111111111111111111111111111111111111111111111111111111111111111111111111111111111111111111111111111111111111111111111111111111111111111111111111111111111111111111111111111111111111111111111111111111111111111111111111111111111111111111111111111111111111111111111111111111111111111111111111111111111111111111111111111111111111111111111111111111111111111111111111111111111111111111111111111111111111111111111111111111111111111111111111111111111111111111111111111111111111111111111111111111111111111111111111111111111111111111111111111111111111111111111111111111111111111111111111111111111111111111111111111111111111111111111111111111111111111111111111111111111111111111111111111111111111111111111111111111111111111111111111111111111111111111111111111111111111111111111111111111111111111111111111111111111111111111111111111111111111111111111111111111111111111111111111111111111111111111111111111111111111111111111111111111111111111111111111111111111111111111111111111111111111111111111111111111111111111111111111111111111111111111111111111111111111111111111111111111111111111111111111111111111111111111111111111111111111111111111111111111111111111111111111111111111111111111111111111111111111111111111111111111111111111111111111111111111111111111111111111111111111111111111111111111111111111111111111111111111111111111111111111111111111111111111111111111111111111111111111111111111111111111111111111111111111111111111111111111111111111111111111111111111111111111111111111111111111111111111111111111111111111111111111111111111111111111111111111111111111111111111111111111111111111111111111111111111111111111111111111111111111111111111111111111111111111111111111111111111111111111111111111111111111111111111111111111111111111111111111111111111111111111111111111111111111111111111111111111111111111111111111111111111111111111111111111111111111111111111111111111111111111111111111111111111111111111111111111111111111111111111111111111111111111111111111111111111111111111111111111111111111111111111111111111111111111111111111111111111111111111111111111111111111111111111111111111111111111111111111111111111111111111111111111111111111111111111111111111111111111111111111111111111111111111111111111111111111111111111111111111111111111111111111111111111111111111111111111111111111111111111111111111111111111111111111111111111111111111111111111111111111111111111111111', 1, '2015-09-01 22:17:53', '2015-09-01 22:21:59', NULL),
	(15, 16, 7, 'gfdgfdgfdgfdgfgfdgfdgfdgfdgfdg', 0, '2015-09-01 22:42:08', '2015-09-01 22:42:08', NULL),
	(16, 13, 14, '- Schalke bardzo nalegało, ale z szacunku dla kibiców BVB nie podejmowałem w ogóle tego tematu. Wciąż wierzę, że w piłce i w życiu ważne jest coś więcej, niż tylko pieniądze - napisał w oficjalnym oświadczeniu reprezentant Polski. Jego słowa z pewnością ucieszyły sympatyków ekipy z Signal Iduna Park, ale zdenerwowały Heldta, który natychmiast zareagował.\r\n\r\n- Słowa Błaszczykowskiego to jakaś kompletna bzdura. Co prawda jego doradca kilkakrotnie oferował nam usługi swojego podopiecznego, a także pytał, ile mógłby zarobić w Schalke, ale ja nigdy na to nie odpowiedziałem, więc nie było negocjacji - skomentował dyrektor', 1, '2015-09-02 09:09:01', '2015-09-02 09:12:53', NULL),
	(17, 13, 14, '- Schalke bardzo nalegało, ale z szacunku dla kibiców BVB nie podejmowałem w ogóle tego tematu. Wciąż wierzę, że w piłce i w życiu ważne jest coś więcej, niż tylko pieniądze - napisał w oficjalnym oświadczeniu reprezentant Polski. Jego słowa z pewnością ucieszyły sympatyków ekipy z Signal Iduna Park, ale zdenerwowały Heldta, który natychmiast zareagował.\r\n\r\n- Słowa Błaszczykowskiego to jakaś kompletna bzdura. Co prawda jego doradca kilkakrotnie oferował nam usługi swojego podopiecznego, a także pytał, ile mógłby zarobić w Schalke, ale ja nigdy na to nie odpowiedziałem, więc nie było negocjacji - skomentował dyrektor', 1, '2015-09-02 09:10:24', '2015-09-02 09:12:53', NULL),
	(18, 13, 14, 'www wwwwwwwwwww wwwwwwwwwwwww wwwwwwwwwwwww wwwwwwwwwwwww wwwwwwwwwwwwwwwwwwwwwww', 1, '2015-09-02 09:12:09', '2015-09-02 09:12:53', NULL),
	(19, 14, 13, 'zcvxzxcvzcvxvxxcvzx', 1, '2015-09-02 09:13:10', '2015-09-02 09:13:51', NULL),
	(20, 14, 13, 'ddddddddddddddd uuuuuuuuuuuuuuuuuuuuuuuuu hhhhhhhhhhhhhhhhhhhhh aaaaaaaaaa', 1, '2015-09-02 09:15:00', '2015-09-02 09:15:32', NULL),
	(21, 13, 14, 'aaaaa', 1, '2015-09-02 09:16:57', '2015-09-02 09:17:20', NULL),
	(22, 13, 14, 'asdf', 1, '2015-09-02 09:22:09', '2015-09-02 09:23:39', NULL),
	(23, 10, 14, 'asfasdf', 0, '2015-09-02 09:22:15', '2015-09-02 09:22:15', NULL),
	(24, 8, 14, 'ffffffffffffffffff', 1, '2015-09-02 09:22:47', '2015-09-02 10:14:39', NULL),
	(25, 13, 14, 'afadfa', 1, '2015-09-02 09:23:29', '2015-09-02 09:23:39', NULL),
	(26, 14, 13, 'wwwwwwwwwwwwwwwwwwwwwwwwwwwwwwwwwwwwwwwwwwwwww', 0, '2015-09-02 09:24:05', '2015-09-02 09:24:05', NULL),
	(27, 13, 14, 'fasdfafs', 1, '2015-09-02 09:25:11', '2015-09-02 09:25:23', NULL),
	(28, 14, 13, 'pawel1', 0, '2015-09-02 09:25:50', '2015-09-02 09:25:50', NULL);
/*!40000 ALTER TABLE `user_board` ENABLE KEYS */;


-- Zrzut struktury tabela ral.user_friends
CREATE TABLE IF NOT EXISTS `user_friends` (
  `id` int(11) NOT NULL AUTO_INCREMENT,
  `user_id` bigint(20) DEFAULT NULL,
  `friend_id` bigint(20) DEFAULT NULL,
  `accepted` tinyint(1) DEFAULT '0',
  `created_at` datetime NOT NULL,
  `updated_at` datetime NOT NULL,
  PRIMARY KEY (`id`),
  KEY `user_friends_user_id_user_user_id` (`user_id`),
  KEY `user_friends_friend_id_user_user_id` (`friend_id`)
) ENGINE=MyISAM AUTO_INCREMENT=25 DEFAULT CHARSET=utf8;

-- Zrzucanie danych dla tabeli ral.user_friends: 22 rows
DELETE FROM `user_friends`;
/*!40000 ALTER TABLE `user_friends` DISABLE KEYS */;
INSERT INTO `user_friends` (`id`, `user_id`, `friend_id`, `accepted`, `created_at`, `updated_at`) VALUES
	(1, 3, 5, 1, '2015-08-25 20:03:00', '2015-08-31 14:35:37'),
	(2, 6, 5, 1, '2015-08-26 11:38:24', '2015-08-31 14:35:44'),
	(3, 2, 6, 1, '2015-08-26 17:16:17', '2015-08-27 10:29:44'),
	(4, 13, 14, 1, '2015-08-27 11:14:27', '2015-09-01 10:34:05'),
	(5, 9, 0, 0, '2015-08-27 13:59:03', '2015-08-27 13:59:03'),
	(6, 9, 0, 0, '2015-08-27 14:38:42', '2015-08-27 14:38:42'),
	(7, 9, 0, 0, '2015-08-27 14:38:44', '2015-08-27 14:38:44'),
	(8, 9, 0, 0, '2015-08-27 14:38:46', '2015-08-27 14:38:46'),
	(9, 9, 0, 0, '2015-08-27 14:38:46', '2015-08-27 14:38:46'),
	(10, 7, 8, 1, '2015-08-30 21:43:22', '2015-08-31 09:13:41'),
	(11, 7, 17, 1, '2015-08-31 17:35:02', '2015-09-03 18:02:20'),
	(12, 26, 13, 1, '2015-09-01 10:31:57', '2015-09-01 10:32:14'),
	(13, 7, 16, 1, '2015-09-01 12:52:21', '2015-09-01 12:52:39'),
	(14, 9, 10, 0, '2015-09-01 17:44:42', '2015-09-01 17:44:42'),
	(15, 9, 2, 1, '2015-09-01 17:44:53', '2015-09-01 17:52:31'),
	(16, 20, 9, 1, '2015-09-01 17:56:12', '2015-09-01 17:56:26'),
	(18, 7, 18, 1, '2015-09-02 13:28:04', '2015-09-03 18:05:42'),
	(19, 7, 5, 0, '2015-09-02 13:29:00', '2015-09-02 13:29:00'),
	(20, 7, 3, 1, '2015-09-02 13:29:05', '2015-09-02 14:02:29'),
	(21, 7, 6, 0, '2015-09-02 13:29:14', '2015-09-02 13:29:14'),
	(22, 7, 10, 0, '2015-09-02 13:29:18', '2015-09-02 13:29:18'),
	(24, 7, 13, 0, '2015-09-02 13:29:27', '2015-09-02 13:29:27');
/*!40000 ALTER TABLE `user_friends` ENABLE KEYS */;


-- Zrzut struktury tabela ral.user_group
CREATE TABLE IF NOT EXISTS `user_group` (
  `id` int(11) NOT NULL AUTO_INCREMENT,
  `discount_id` int(11) DEFAULT NULL,
  `status` tinyint(1) DEFAULT '1',
  `created_at` datetime NOT NULL,
  `updated_at` datetime NOT NULL,
  `deleted_at` datetime DEFAULT NULL,
  PRIMARY KEY (`id`),
  KEY `discount_id_idx` (`discount_id`)
) ENGINE=MyISAM DEFAULT CHARSET=utf8;

-- Zrzucanie danych dla tabeli ral.user_group: 0 rows
DELETE FROM `user_group`;
/*!40000 ALTER TABLE `user_group` DISABLE KEYS */;
/*!40000 ALTER TABLE `user_group` ENABLE KEYS */;


-- Zrzut struktury tabela ral.user_group_translation
CREATE TABLE IF NOT EXISTS `user_group_translation` (
  `id` int(11) NOT NULL DEFAULT '0',
  `name` varchar(255) DEFAULT NULL,
  `slug` varchar(255) DEFAULT NULL,
  `description` longtext,
  `lang` char(2) NOT NULL DEFAULT '',
  PRIMARY KEY (`id`,`lang`)
) ENGINE=MyISAM DEFAULT CHARSET=utf8;

-- Zrzucanie danych dla tabeli ral.user_group_translation: 0 rows
DELETE FROM `user_group_translation`;
/*!40000 ALTER TABLE `user_group_translation` DISABLE KEYS */;
/*!40000 ALTER TABLE `user_group_translation` ENABLE KEYS */;


-- Zrzut struktury tabela ral.user_invite
CREATE TABLE IF NOT EXISTS `user_invite` (
  `id` int(11) NOT NULL AUTO_INCREMENT,
  `user_id` bigint(20) DEFAULT NULL,
  `email` varchar(255) DEFAULT NULL,
  `created_at` datetime NOT NULL,
  `updated_at` datetime NOT NULL,
  PRIMARY KEY (`id`),
  KEY `user_invite_user_id_user_user_id` (`user_id`)
) ENGINE=MyISAM AUTO_INCREMENT=2 DEFAULT CHARSET=utf8;

-- Zrzucanie danych dla tabeli ral.user_invite: 0 rows
DELETE FROM `user_invite`;
/*!40000 ALTER TABLE `user_invite` DISABLE KEYS */;
/*!40000 ALTER TABLE `user_invite` ENABLE KEYS */;


-- Zrzut struktury tabela ral.user_login
CREATE TABLE IF NOT EXISTS `user_login` (
  `id` int(11) NOT NULL AUTO_INCREMENT,
  `user_id` bigint(20) DEFAULT NULL,
  `ip` varchar(255) DEFAULT NULL,
  `hostname` varchar(255) DEFAULT NULL,
  `valid` tinyint(1) NOT NULL DEFAULT '0',
  `created_at` datetime NOT NULL,
  `updated_at` datetime NOT NULL,
  `deleted_at` datetime DEFAULT NULL,
  PRIMARY KEY (`id`)
) ENGINE=MyISAM AUTO_INCREMENT=34 DEFAULT CHARSET=utf8;

-- Zrzucanie danych dla tabeli ral.user_login: 33 rows
DELETE FROM `user_login`;
/*!40000 ALTER TABLE `user_login` DISABLE KEYS */;
INSERT INTO `user_login` (`id`, `user_id`, `ip`, `hostname`, `valid`, `created_at`, `updated_at`, `deleted_at`) VALUES
	(1, 2, '37.235.48.23', '', 0, '2015-09-04 10:44:45', '2015-09-04 10:44:45', NULL),
	(2, 2, '37.235.48.23', '', 0, '2015-09-04 10:44:47', '2015-09-04 10:44:47', NULL),
	(3, 2, '37.235.48.23', '', 1, '2015-09-04 10:44:50', '2015-09-04 10:44:50', NULL),
	(4, 2, '37.235.48.23', '23-48-235-37.static.edis.at', 1, '2015-09-04 10:46:04', '2015-09-04 10:46:04', NULL),
	(5, 13, '188.191.200.105', '188.191.200.105', 1, '2015-09-04 10:50:57', '2015-09-04 10:50:57', NULL),
	(6, 26, '188.191.200.105', '188.191.200.105', 1, '2015-09-04 10:53:45', '2015-09-04 10:53:45', NULL),
	(7, 26, '188.191.200.105', '188.191.200.105', 1, '2015-09-04 10:54:22', '2015-09-04 10:54:22', NULL),
	(8, 36, '188.191.200.105', '188.191.200.105', 1, '2015-09-04 10:56:20', '2015-09-04 10:56:20', NULL),
	(9, 7, '89.65.138.199', '89-65-138-199.dynamic.chello.pl', 1, '2015-09-04 11:03:04', '2015-09-04 11:03:04', NULL),
	(10, 2, '37.235.48.23', '23-48-235-37.static.edis.at', 1, '2015-09-04 12:18:18', '2015-09-04 12:18:18', NULL),
	(11, 9, '83.8.112.3', 'abrs3.neoplus.adsl.tpnet.pl', 0, '2015-09-04 12:28:43', '2015-09-04 12:28:43', NULL),
	(12, 9, '83.8.112.3', 'abrs3.neoplus.adsl.tpnet.pl', 1, '2015-09-04 12:28:52', '2015-09-04 12:28:52', NULL),
	(13, 2, '37.235.48.23', '23-48-235-37.static.edis.at', 1, '2015-09-04 13:17:59', '2015-09-04 13:17:59', NULL),
	(14, 2, '213.120.103.175', 'host213-120-103-175.in-addr.btopenworld.com', 1, '2015-09-04 13:38:47', '2015-09-04 13:38:47', NULL),
	(15, 2, '37.235.48.23', '23-48-235-37.static.edis.at', 1, '2015-09-04 13:49:59', '2015-09-04 13:49:59', NULL),
	(16, 13, '188.191.200.105', '188.191.200.105', 1, '2015-09-04 14:10:16', '2015-09-04 14:10:16', NULL),
	(17, 8, '89.64.206.43', '89-64-206-43.dynamic.chello.pl', 1, '2015-09-04 15:15:37', '2015-09-04 15:15:37', NULL),
	(18, 7, '89.65.138.199', '89-65-138-199.dynamic.chello.pl', 1, '2015-09-04 16:40:07', '2015-09-04 16:40:07', NULL),
	(19, 7, '89.65.138.199', '89-65-138-199.dynamic.chello.pl', 1, '2015-09-04 16:40:25', '2015-09-04 16:40:25', NULL),
	(20, 7, '89.65.138.199', '89-65-138-199.dynamic.chello.pl', 1, '2015-09-04 16:41:26', '2015-09-04 16:41:26', NULL),
	(21, 2, '37.235.48.50', '50-48-235-37.static.edis.at', 1, '2015-09-04 17:13:40', '2015-09-04 17:13:40', NULL),
	(22, 7, '89.65.138.199', '89-65-138-199.dynamic.chello.pl', 1, '2015-09-04 19:25:25', '2015-09-04 19:25:25', NULL),
	(23, 17, '89.65.138.199', '89-65-138-199.dynamic.chello.pl', 1, '2015-09-04 19:28:14', '2015-09-04 19:28:14', NULL),
	(24, 16, '89.65.138.199', '89-65-138-199.dynamic.chello.pl', 1, '2015-09-04 19:28:29', '2015-09-04 19:28:29', NULL),
	(25, 18, '89.65.138.199', '89-65-138-199.dynamic.chello.pl', 1, '2015-09-04 19:29:45', '2015-09-04 19:29:45', NULL),
	(26, 7, '89.65.138.199', '89-65-138-199.dynamic.chello.pl', 1, '2015-09-04 19:30:09', '2015-09-04 19:30:09', NULL),
	(27, 2, '2.218.26.230', '02da1ae6.bb.sky.com', 1, '2015-09-04 19:59:19', '2015-09-04 19:59:19', NULL),
	(28, 7, '89.65.138.199', '89-65-138-199.dynamic.chello.pl', 1, '2015-09-04 22:00:32', '2015-09-04 22:00:32', NULL),
	(29, 2, '::1', 'Tomek', 1, '2015-09-05 09:44:36', '2015-09-05 09:44:36', NULL),
	(30, 2, '::1', 'Tomek', 1, '2015-09-05 11:08:03', '2015-09-05 11:08:03', NULL),
	(31, 2, '::1', 'Tomek', 1, '2015-09-05 17:55:45', '2015-09-05 17:55:45', NULL),
	(32, 2, '::1', 'Tomek', 1, '2015-09-05 18:29:00', '2015-09-05 18:29:00', NULL),
	(33, 2, '::1', 'Tomek', 1, '2015-09-05 21:02:14', '2015-09-05 21:02:14', NULL);
/*!40000 ALTER TABLE `user_login` ENABLE KEYS */;


-- Zrzut struktury tabela ral.user_notification
CREATE TABLE IF NOT EXISTS `user_notification` (
  `id` int(11) NOT NULL AUTO_INCREMENT,
  `user_id` bigint(20) DEFAULT NULL,
  `type` int(11) DEFAULT NULL,
  `readed` tinyint(1) NOT NULL DEFAULT '0',
  `link` varchar(255) DEFAULT NULL,
  `message` text,
  `created_at` datetime NOT NULL,
  `updated_at` datetime NOT NULL,
  PRIMARY KEY (`id`)
) ENGINE=MyISAM AUTO_INCREMENT=450 DEFAULT CHARSET=utf8;

-- Zrzucanie danych dla tabeli ral.user_notification: 435 rows
DELETE FROM `user_notification`;
/*!40000 ALTER TABLE `user_notification` DISABLE KEYS */;
INSERT INTO `user_notification` (`id`, `user_id`, `type`, `readed`, `link`, `message`, `created_at`, `updated_at`) VALUES
	(14, 26, 3, 0, NULL, 'Jan Exum has been bought. Player will join your team tomorrow', '2015-09-01 12:05:01', '2015-09-01 12:05:01'),
	(244, 23, 3, 0, NULL, 'Mini Cooper S #5224 was successfully sold. The car will leave your team tomorrow', '2015-09-03 18:05:01', '2015-09-03 18:05:01'),
	(13, 6, 3, 0, NULL, 'Jan Exum was successfully sold. Player will leave your team tomorrow', '2015-09-01 12:05:01', '2015-09-01 12:05:01'),
	(5, 0, 2, 0, '5', 'You have been invited to friend list by hangeyes', '2015-08-27 13:59:03', '2015-08-27 13:59:03'),
	(6, 0, 2, 0, '6', 'You have been invited to friend list by hangeyes', '2015-08-27 14:38:42', '2015-08-27 14:38:42'),
	(7, 0, 2, 0, '7', 'You have been invited to friend list by hangeyes', '2015-08-27 14:38:44', '2015-08-27 14:38:44'),
	(8, 0, 2, 0, '8', 'You have been invited to friend list by hangeyes', '2015-08-27 14:38:46', '2015-08-27 14:38:46'),
	(9, 0, 2, 0, '9', 'You have been invited to friend list by hangeyes', '2015-08-27 14:38:46', '2015-08-27 14:38:46'),
	(15, 2, 3, 1, NULL, 'Jan House was successfully sold. Player will leave your team tomorrow', '2015-09-01 12:05:01', '2015-09-01 17:52:28'),
	(16, 3, 3, 1, NULL, 'Jan House has been bought. Player will join your team tomorrow', '2015-09-01 12:05:01', '2015-09-01 14:21:57'),
	(17, 6, 3, 0, NULL, 'Jan House has not been bought.', '2015-09-01 12:05:01', '2015-09-01 12:05:01'),
	(18, 9, 3, 1, NULL, 'Jan House has not been bought.', '2015-09-01 12:05:01', '2015-09-01 17:33:51'),
	(19, 3, 3, 1, NULL, 'Jan House has not been bought.', '2015-09-01 12:05:01', '2015-09-01 14:21:57'),
	(20, 6, 3, 0, NULL, 'Jan House has not been bought.', '2015-09-01 12:05:01', '2015-09-01 12:05:01'),
	(21, 3, 3, 1, NULL, 'Jan House has not been bought.', '2015-09-01 12:05:01', '2015-09-01 14:21:57'),
	(22, 9, 3, 1, NULL, 'Jan House has not been bought.', '2015-09-01 12:05:01', '2015-09-01 17:33:51'),
	(23, 3, 3, 1, NULL, 'Jan House has not been bought.', '2015-09-01 12:05:01', '2015-09-01 14:21:57'),
	(24, 6, 3, 0, NULL, 'Jan House has not been bought.', '2015-09-01 12:05:01', '2015-09-01 12:05:01'),
	(25, 3, 3, 1, NULL, 'Jan House has not been bought.', '2015-09-01 12:05:01', '2015-09-01 14:21:57'),
	(26, 12, 3, 1, NULL, 'Jan House has not been bought.', '2015-09-01 12:05:01', '2015-09-01 22:37:28'),
	(27, 6, 3, 0, NULL, 'Jan House has not been bought.', '2015-09-01 12:05:01', '2015-09-01 12:05:01'),
	(28, 5, 3, 1, NULL, 'Jan House has not been bought.', '2015-09-01 12:05:01', '2015-09-04 17:39:24'),
	(29, 8, 3, 1, NULL, 'Jan House has not been bought.', '2015-09-01 12:05:01', '2015-09-01 18:12:17'),
	(30, 6, 3, 0, NULL, 'Jan House has not been bought.', '2015-09-01 12:05:01', '2015-09-01 12:05:01'),
	(31, 2, 3, 1, NULL, 'James Simpson was successfully sold. Player will leave your team tomorrow', '2015-09-01 12:05:01', '2015-09-01 17:52:28'),
	(32, 6, 3, 0, NULL, 'James Simpson has been bought. Player will join your team tomorrow', '2015-09-01 12:05:01', '2015-09-01 12:05:01'),
	(33, 3, 3, 1, NULL, 'James Simpson has not been bought.', '2015-09-01 12:05:01', '2015-09-01 14:21:57'),
	(34, 6, 3, 0, NULL, 'James Simpson has not been bought.', '2015-09-01 12:05:01', '2015-09-01 12:05:01'),
	(35, 12, 3, 1, NULL, 'James Simpson has not been bought.', '2015-09-01 12:05:01', '2015-09-01 22:37:28'),
	(36, 6, 3, 0, NULL, 'James Simpson has not been bought.', '2015-09-01 12:05:01', '2015-09-01 12:05:01'),
	(37, 2, 3, 1, NULL, 'Jan House was successfully sold. Player will leave your team tomorrow', '2015-09-01 12:05:01', '2015-09-01 17:52:28'),
	(38, 3, 3, 1, NULL, 'Jan House has been bought. Player will join your team tomorrow', '2015-09-01 12:05:01', '2015-09-01 14:21:57'),
	(39, 12, 3, 1, NULL, 'Jan House has not been bought.', '2015-09-01 12:05:01', '2015-09-01 22:37:28'),
	(41, 10, 2, 0, '14', 'You have been invited to friend list by hangeyes', '2015-09-01 17:44:42', '2015-09-01 17:44:42'),
	(246, 23, 3, 0, NULL, 'Mini Cooper S #5224 was successfully sold. The car will leave your team tomorrow', '2015-09-03 18:10:01', '2015-09-03 18:10:01'),
	(46, 5, 2, 1, '19', 'You have been invited to friend list by wilk09', '2015-09-02 13:29:00', '2015-09-04 17:39:24'),
	(48, 6, 2, 0, '21', 'You have been invited to friend list by wilk09', '2015-09-02 13:29:14', '2015-09-02 13:29:14'),
	(49, 10, 2, 0, '22', 'You have been invited to friend list by wilk09', '2015-09-02 13:29:18', '2015-09-02 13:29:18'),
	(51, 13, 2, 1, '24', 'You have been invited to friend list by wilk09', '2015-09-02 13:29:27', '2015-09-03 12:47:44'),
	(52, 9, 1, 1, NULL, 'Friendly rally Rajd Sosnowca was canceled due to lack of participants', '2015-09-02 14:00:01', '2015-09-04 12:30:00'),
	(53, 9, 1, 1, NULL, 'Friendly rally Rajd Sosnowca was canceled due to lack of participants', '2015-09-02 14:00:01', '2015-09-04 12:30:00'),
	(54, 3, 3, 1, NULL, 'Kevin House was successfully sold. Player will leave your team tomorrow', '2015-09-02 14:45:01', '2015-09-02 20:04:27'),
	(55, 26, 3, 0, NULL, 'Kevin House has been bought. Player will join your team tomorrow', '2015-09-02 14:45:01', '2015-09-02 14:45:01'),
	(56, 13, 3, 1, NULL, 'Kevin Kowalski was successfully sold. Player will leave your team tomorrow', '2015-09-03 08:15:01', '2015-09-03 12:47:44'),
	(57, 3, 3, 1, NULL, 'Kevin Kowalski has been bought. Player will join your team tomorrow', '2015-09-03 08:15:01', '2015-09-03 18:21:14'),
	(58, 36, 3, 0, NULL, 'Kevin Kowalski has not been bought.', '2015-09-03 08:15:01', '2015-09-03 08:15:01'),
	(59, 3, 3, 1, NULL, 'Kevin Kowalski has not been bought.', '2015-09-03 08:15:01', '2015-09-03 18:21:14'),
	(60, 23, 3, 0, NULL, 'Marc Smith was successfully sold. Player will leave your team tomorrow', '2015-09-03 08:45:01', '2015-09-03 08:45:01'),
	(61, 26, 3, 0, NULL, 'Marc Smith has been bought. Player will join your team tomorrow', '2015-09-03 08:45:01', '2015-09-03 08:45:01'),
	(62, 23, 3, 0, NULL, 'Kevin Curry was successfully sold. Player will leave your team tomorrow', '2015-09-03 08:45:01', '2015-09-03 08:45:01'),
	(63, 3, 3, 1, NULL, 'Kevin Curry has been bought. Player will join your team tomorrow', '2015-09-03 08:45:01', '2015-09-03 18:21:14'),
	(64, 23, 3, 0, NULL, 'Mini Cooper S #5224 was successfully sold. The car will leave your team tomorrow', '2015-09-03 08:50:02', '2015-09-03 08:50:02'),
	(65, 5, 3, 1, NULL, 'Mini Cooper S #5224 has been bought. The car will join your team tomorrow', '2015-09-03 08:50:02', '2015-09-04 17:39:24'),
	(66, 23, 3, 0, NULL, 'Mini Cooper S #5224 was successfully sold. The car will leave your team tomorrow', '2015-09-03 08:55:01', '2015-09-03 08:55:01'),
	(67, 5, 3, 1, NULL, 'Mini Cooper S #5224 has been bought. The car will join your team tomorrow', '2015-09-03 08:55:01', '2015-09-04 17:39:24'),
	(68, 23, 3, 0, NULL, 'Mini Cooper S #5224 was successfully sold. The car will leave your team tomorrow', '2015-09-03 11:00:01', '2015-09-03 11:00:01'),
	(69, 5, 3, 1, NULL, 'Mini Cooper S #5224 has been bought. The car will join your team tomorrow', '2015-09-03 11:00:01', '2015-09-04 17:39:24'),
	(70, 23, 3, 0, NULL, 'Mini Cooper S #5224 was successfully sold. The car will leave your team tomorrow', '2015-09-03 11:05:01', '2015-09-03 11:05:01'),
	(71, 5, 3, 1, NULL, 'Mini Cooper S #5224 has been bought. The car will join your team tomorrow', '2015-09-03 11:05:01', '2015-09-04 17:39:24'),
	(72, 23, 3, 0, NULL, 'Mini Cooper S #5224 was successfully sold. The car will leave your team tomorrow', '2015-09-03 11:10:01', '2015-09-03 11:10:01'),
	(73, 5, 3, 1, NULL, 'Mini Cooper S #5224 has been bought. The car will join your team tomorrow', '2015-09-03 11:10:01', '2015-09-04 17:39:24'),
	(74, 23, 3, 0, NULL, 'Mini Cooper S #5224 was successfully sold. The car will leave your team tomorrow', '2015-09-03 11:15:00', '2015-09-03 11:15:00'),
	(75, 5, 3, 1, NULL, 'Mini Cooper S #5224 has been bought. The car will join your team tomorrow', '2015-09-03 11:15:00', '2015-09-04 17:39:24'),
	(76, 13, 3, 1, NULL, 'Jean Ripper was successfully sold. Player will leave your team tomorrow', '2015-09-03 11:20:02', '2015-09-03 12:47:44'),
	(77, 3, 3, 1, NULL, 'Jean Ripper has been bought. Player will join your team tomorrow', '2015-09-03 11:20:02', '2015-09-03 18:21:14'),
	(78, 12, 3, 1, NULL, 'Jean Ripper has not been bought.', '2015-09-03 11:20:02', '2015-09-03 22:33:41'),
	(79, 9, 3, 1, NULL, 'Jean Ripper has not been bought.', '2015-09-03 11:20:02', '2015-09-04 12:30:00'),
	(80, 3, 3, 1, NULL, 'Jean Ripper has not been bought.', '2015-09-03 11:20:02', '2015-09-03 18:21:14'),
	(81, 23, 3, 0, NULL, 'Mini Cooper S #5224 was successfully sold. The car will leave your team tomorrow', '2015-09-03 11:20:02', '2015-09-03 11:20:02'),
	(82, 5, 3, 1, NULL, 'Mini Cooper S #5224 has been bought. The car will join your team tomorrow', '2015-09-03 11:20:02', '2015-09-04 17:39:24'),
	(83, 23, 3, 0, NULL, 'Mini Cooper S #5224 was successfully sold. The car will leave your team tomorrow', '2015-09-03 11:25:01', '2015-09-03 11:25:01'),
	(84, 5, 3, 1, NULL, 'Mini Cooper S #5224 has been bought. The car will join your team tomorrow', '2015-09-03 11:25:01', '2015-09-04 17:39:24'),
	(85, 3, 3, 1, NULL, 'Jan House was not sold. Player will return to your team tomorrow', '2015-09-03 11:30:02', '2015-09-03 18:21:14'),
	(86, 23, 3, 0, NULL, 'Mini Cooper S #5224 was successfully sold. The car will leave your team tomorrow', '2015-09-03 11:30:02', '2015-09-03 11:30:02'),
	(87, 5, 3, 1, NULL, 'Mini Cooper S #5224 has been bought. The car will join your team tomorrow', '2015-09-03 11:30:02', '2015-09-04 17:39:24'),
	(88, 23, 3, 0, NULL, 'Mini Cooper S #5224 was successfully sold. The car will leave your team tomorrow', '2015-09-03 11:35:01', '2015-09-03 11:35:01'),
	(89, 5, 3, 1, NULL, 'Mini Cooper S #5224 has been bought. The car will join your team tomorrow', '2015-09-03 11:35:01', '2015-09-04 17:39:24'),
	(90, 23, 3, 0, NULL, 'Mini Cooper S #5224 was successfully sold. The car will leave your team tomorrow', '2015-09-03 11:40:01', '2015-09-03 11:40:01'),
	(91, 5, 3, 1, NULL, 'Mini Cooper S #5224 has been bought. The car will join your team tomorrow', '2015-09-03 11:40:01', '2015-09-04 17:39:24'),
	(92, 23, 3, 0, NULL, 'Mini Cooper S #5224 was successfully sold. The car will leave your team tomorrow', '2015-09-03 11:45:01', '2015-09-03 11:45:01'),
	(93, 5, 3, 1, NULL, 'Mini Cooper S #5224 has been bought. The car will join your team tomorrow', '2015-09-03 11:45:01', '2015-09-04 17:39:24'),
	(94, 23, 3, 0, NULL, 'Mini Cooper S #5224 was successfully sold. The car will leave your team tomorrow', '2015-09-03 11:50:00', '2015-09-03 11:50:00'),
	(95, 5, 3, 1, NULL, 'Mini Cooper S #5224 has been bought. The car will join your team tomorrow', '2015-09-03 11:50:00', '2015-09-04 17:39:24'),
	(96, 23, 3, 0, NULL, 'Mini Cooper S #5224 was successfully sold. The car will leave your team tomorrow', '2015-09-03 11:55:01', '2015-09-03 11:55:01'),
	(97, 5, 3, 1, NULL, 'Mini Cooper S #5224 has been bought. The car will join your team tomorrow', '2015-09-03 11:55:01', '2015-09-04 17:39:24'),
	(98, 23, 3, 0, NULL, 'Mini Cooper S #5224 was successfully sold. The car will leave your team tomorrow', '2015-09-03 12:00:01', '2015-09-03 12:00:01'),
	(99, 5, 3, 1, NULL, 'Mini Cooper S #5224 has been bought. The car will join your team tomorrow', '2015-09-03 12:00:01', '2015-09-04 17:39:24'),
	(100, 23, 3, 0, NULL, 'Mini Cooper S #5224 was successfully sold. The car will leave your team tomorrow', '2015-09-03 12:05:01', '2015-09-03 12:05:01'),
	(101, 5, 3, 1, NULL, 'Mini Cooper S #5224 has been bought. The car will join your team tomorrow', '2015-09-03 12:05:01', '2015-09-04 17:39:24'),
	(102, 23, 3, 0, NULL, 'Mini Cooper S #5224 was successfully sold. The car will leave your team tomorrow', '2015-09-03 12:10:01', '2015-09-03 12:10:01'),
	(103, 5, 3, 1, NULL, 'Mini Cooper S #5224 has been bought. The car will join your team tomorrow', '2015-09-03 12:10:01', '2015-09-04 17:39:24'),
	(104, 23, 3, 0, NULL, 'Mini Cooper S #5224 was successfully sold. The car will leave your team tomorrow', '2015-09-03 12:15:02', '2015-09-03 12:15:02'),
	(105, 5, 3, 1, NULL, 'Mini Cooper S #5224 has been bought. The car will join your team tomorrow', '2015-09-03 12:15:02', '2015-09-04 17:39:24'),
	(106, 23, 3, 0, NULL, 'Mini Cooper S #5224 was successfully sold. The car will leave your team tomorrow', '2015-09-03 12:20:01', '2015-09-03 12:20:01'),
	(107, 5, 3, 1, NULL, 'Mini Cooper S #5224 has been bought. The car will join your team tomorrow', '2015-09-03 12:20:01', '2015-09-04 17:39:24'),
	(108, 23, 3, 0, NULL, 'Mini Cooper S #5224 was successfully sold. The car will leave your team tomorrow', '2015-09-03 12:25:02', '2015-09-03 12:25:02'),
	(109, 5, 3, 1, NULL, 'Mini Cooper S #5224 has been bought. The car will join your team tomorrow', '2015-09-03 12:25:02', '2015-09-04 17:39:24'),
	(110, 23, 3, 0, NULL, 'Mini Cooper S #5224 was successfully sold. The car will leave your team tomorrow', '2015-09-03 12:30:02', '2015-09-03 12:30:02'),
	(111, 5, 3, 1, NULL, 'Mini Cooper S #5224 has been bought. The car will join your team tomorrow', '2015-09-03 12:30:02', '2015-09-04 17:39:24'),
	(112, 23, 3, 0, NULL, 'Mini Cooper S #5224 was successfully sold. The car will leave your team tomorrow', '2015-09-03 12:35:02', '2015-09-03 12:35:02'),
	(113, 5, 3, 1, NULL, 'Mini Cooper S #5224 has been bought. The car will join your team tomorrow', '2015-09-03 12:35:02', '2015-09-04 17:39:24'),
	(114, 23, 3, 0, NULL, 'Mini Cooper S #5224 was successfully sold. The car will leave your team tomorrow', '2015-09-03 12:40:00', '2015-09-03 12:40:00'),
	(115, 5, 3, 1, NULL, 'Mini Cooper S #5224 has been bought. The car will join your team tomorrow', '2015-09-03 12:40:00', '2015-09-04 17:39:24'),
	(116, 23, 3, 0, NULL, 'Mini Cooper S #5224 was successfully sold. The car will leave your team tomorrow', '2015-09-03 12:45:01', '2015-09-03 12:45:01'),
	(117, 5, 3, 1, NULL, 'Mini Cooper S #5224 has been bought. The car will join your team tomorrow', '2015-09-03 12:45:01', '2015-09-04 17:39:24'),
	(118, 23, 3, 0, NULL, 'Mini Cooper S #5224 was successfully sold. The car will leave your team tomorrow', '2015-09-03 12:50:00', '2015-09-03 12:50:00'),
	(119, 5, 3, 1, NULL, 'Mini Cooper S #5224 has been bought. The car will join your team tomorrow', '2015-09-03 12:50:00', '2015-09-04 17:39:24'),
	(120, 23, 3, 0, NULL, 'Mini Cooper S #5224 was successfully sold. The car will leave your team tomorrow', '2015-09-03 12:55:01', '2015-09-03 12:55:01'),
	(121, 5, 3, 1, NULL, 'Mini Cooper S #5224 has been bought. The car will join your team tomorrow', '2015-09-03 12:55:01', '2015-09-04 17:39:24'),
	(122, 23, 3, 0, NULL, 'Mini Cooper S #5224 was successfully sold. The car will leave your team tomorrow', '2015-09-03 13:00:01', '2015-09-03 13:00:01'),
	(123, 5, 3, 1, NULL, 'Mini Cooper S #5224 has been bought. The car will join your team tomorrow', '2015-09-03 13:00:01', '2015-09-04 17:39:24'),
	(124, 23, 3, 0, NULL, 'Mini Cooper S #5224 was successfully sold. The car will leave your team tomorrow', '2015-09-03 13:05:01', '2015-09-03 13:05:01'),
	(125, 5, 3, 1, NULL, 'Mini Cooper S #5224 has been bought. The car will join your team tomorrow', '2015-09-03 13:05:01', '2015-09-04 17:39:24'),
	(126, 23, 3, 0, NULL, 'Mini Cooper S #5224 was successfully sold. The car will leave your team tomorrow', '2015-09-03 13:10:01', '2015-09-03 13:10:01'),
	(127, 5, 3, 1, NULL, 'Mini Cooper S #5224 has been bought. The car will join your team tomorrow', '2015-09-03 13:10:01', '2015-09-04 17:39:24'),
	(128, 23, 3, 0, NULL, 'Mini Cooper S #5224 was successfully sold. The car will leave your team tomorrow', '2015-09-03 13:15:01', '2015-09-03 13:15:01'),
	(129, 5, 3, 1, NULL, 'Mini Cooper S #5224 has been bought. The car will join your team tomorrow', '2015-09-03 13:15:01', '2015-09-04 17:39:24'),
	(130, 23, 3, 0, NULL, 'Mini Cooper S #5224 was successfully sold. The car will leave your team tomorrow', '2015-09-03 13:20:01', '2015-09-03 13:20:01'),
	(131, 5, 3, 1, NULL, 'Mini Cooper S #5224 has been bought. The car will join your team tomorrow', '2015-09-03 13:20:01', '2015-09-04 17:39:24'),
	(132, 23, 3, 0, NULL, 'Mini Cooper S #5224 was successfully sold. The car will leave your team tomorrow', '2015-09-03 13:25:01', '2015-09-03 13:25:01'),
	(133, 5, 3, 1, NULL, 'Mini Cooper S #5224 has been bought. The car will join your team tomorrow', '2015-09-03 13:25:01', '2015-09-04 17:39:24'),
	(134, 23, 3, 0, NULL, 'Mini Cooper S #5224 was successfully sold. The car will leave your team tomorrow', '2015-09-03 13:30:00', '2015-09-03 13:30:00'),
	(135, 5, 3, 1, NULL, 'Mini Cooper S #5224 has been bought. The car will join your team tomorrow', '2015-09-03 13:30:00', '2015-09-04 17:39:24'),
	(136, 23, 3, 0, NULL, 'Mini Cooper S #5224 was successfully sold. The car will leave your team tomorrow', '2015-09-03 13:35:00', '2015-09-03 13:35:00'),
	(137, 5, 3, 1, NULL, 'Mini Cooper S #5224 has been bought. The car will join your team tomorrow', '2015-09-03 13:35:00', '2015-09-04 17:39:24'),
	(138, 23, 3, 0, NULL, 'Mini Cooper S #5224 was successfully sold. The car will leave your team tomorrow', '2015-09-03 13:40:01', '2015-09-03 13:40:01'),
	(139, 5, 3, 1, NULL, 'Mini Cooper S #5224 has been bought. The car will join your team tomorrow', '2015-09-03 13:40:01', '2015-09-04 17:39:24'),
	(140, 23, 3, 0, NULL, 'Mini Cooper S #5224 was successfully sold. The car will leave your team tomorrow', '2015-09-03 13:45:02', '2015-09-03 13:45:02'),
	(141, 5, 3, 1, NULL, 'Mini Cooper S #5224 has been bought. The car will join your team tomorrow', '2015-09-03 13:45:02', '2015-09-04 17:39:24'),
	(142, 23, 3, 0, NULL, 'Mini Cooper S #5224 was successfully sold. The car will leave your team tomorrow', '2015-09-03 13:50:00', '2015-09-03 13:50:00'),
	(143, 5, 3, 1, NULL, 'Mini Cooper S #5224 has been bought. The car will join your team tomorrow', '2015-09-03 13:50:00', '2015-09-04 17:39:24'),
	(144, 23, 3, 0, NULL, 'Mini Cooper S #5224 was successfully sold. The car will leave your team tomorrow', '2015-09-03 13:55:01', '2015-09-03 13:55:01'),
	(145, 5, 3, 1, NULL, 'Mini Cooper S #5224 has been bought. The car will join your team tomorrow', '2015-09-03 13:55:01', '2015-09-04 17:39:24'),
	(146, 23, 3, 0, NULL, 'Mini Cooper S #5224 was successfully sold. The car will leave your team tomorrow', '2015-09-03 14:00:00', '2015-09-03 14:00:00'),
	(147, 5, 3, 1, NULL, 'Mini Cooper S #5224 has been bought. The car will join your team tomorrow', '2015-09-03 14:00:00', '2015-09-04 17:39:24'),
	(148, 23, 3, 0, NULL, 'Mini Cooper S #5224 was successfully sold. The car will leave your team tomorrow', '2015-09-03 14:05:01', '2015-09-03 14:05:01'),
	(149, 5, 3, 1, NULL, 'Mini Cooper S #5224 has been bought. The car will join your team tomorrow', '2015-09-03 14:05:01', '2015-09-04 17:39:24'),
	(150, 23, 3, 0, NULL, 'Mini Cooper S #5224 was successfully sold. The car will leave your team tomorrow', '2015-09-03 14:10:00', '2015-09-03 14:10:00'),
	(151, 5, 3, 1, NULL, 'Mini Cooper S #5224 has been bought. The car will join your team tomorrow', '2015-09-03 14:10:00', '2015-09-04 17:39:24'),
	(152, 23, 3, 0, NULL, 'Mini Cooper S #5224 was successfully sold. The car will leave your team tomorrow', '2015-09-03 14:15:02', '2015-09-03 14:15:02'),
	(153, 5, 3, 1, NULL, 'Mini Cooper S #5224 has been bought. The car will join your team tomorrow', '2015-09-03 14:15:02', '2015-09-04 17:39:24'),
	(154, 23, 3, 0, NULL, 'Mini Cooper S #5224 was successfully sold. The car will leave your team tomorrow', '2015-09-03 14:20:01', '2015-09-03 14:20:01'),
	(155, 5, 3, 1, NULL, 'Mini Cooper S #5224 has been bought. The car will join your team tomorrow', '2015-09-03 14:20:01', '2015-09-04 17:39:24'),
	(156, 23, 3, 0, NULL, 'Mini Cooper S #5224 was successfully sold. The car will leave your team tomorrow', '2015-09-03 14:25:02', '2015-09-03 14:25:02'),
	(157, 5, 3, 1, NULL, 'Mini Cooper S #5224 has been bought. The car will join your team tomorrow', '2015-09-03 14:25:02', '2015-09-04 17:39:24'),
	(158, 23, 3, 0, NULL, 'Mini Cooper S #5224 was successfully sold. The car will leave your team tomorrow', '2015-09-03 14:30:01', '2015-09-03 14:30:01'),
	(159, 5, 3, 1, NULL, 'Mini Cooper S #5224 has been bought. The car will join your team tomorrow', '2015-09-03 14:30:01', '2015-09-04 17:39:24'),
	(160, 23, 3, 0, NULL, 'Mini Cooper S #5224 was successfully sold. The car will leave your team tomorrow', '2015-09-03 14:35:00', '2015-09-03 14:35:00'),
	(161, 5, 3, 1, NULL, 'Mini Cooper S #5224 has been bought. The car will join your team tomorrow', '2015-09-03 14:35:00', '2015-09-04 17:39:24'),
	(162, 23, 3, 0, NULL, 'Mini Cooper S #5224 was successfully sold. The car will leave your team tomorrow', '2015-09-03 14:40:00', '2015-09-03 14:40:00'),
	(163, 5, 3, 1, NULL, 'Mini Cooper S #5224 has been bought. The car will join your team tomorrow', '2015-09-03 14:40:00', '2015-09-04 17:39:24'),
	(164, 23, 3, 0, NULL, 'Mini Cooper S #5224 was successfully sold. The car will leave your team tomorrow', '2015-09-03 14:45:01', '2015-09-03 14:45:01'),
	(165, 5, 3, 1, NULL, 'Mini Cooper S #5224 has been bought. The car will join your team tomorrow', '2015-09-03 14:45:01', '2015-09-04 17:39:24'),
	(166, 23, 3, 0, NULL, 'Mini Cooper S #5224 was successfully sold. The car will leave your team tomorrow', '2015-09-03 14:50:01', '2015-09-03 14:50:01'),
	(167, 5, 3, 1, NULL, 'Mini Cooper S #5224 has been bought. The car will join your team tomorrow', '2015-09-03 14:50:01', '2015-09-04 17:39:24'),
	(168, 23, 3, 0, NULL, 'Mini Cooper S #5224 was successfully sold. The car will leave your team tomorrow', '2015-09-03 14:55:01', '2015-09-03 14:55:01'),
	(169, 5, 3, 1, NULL, 'Mini Cooper S #5224 has been bought. The car will join your team tomorrow', '2015-09-03 14:55:01', '2015-09-04 17:39:24'),
	(170, 23, 3, 0, NULL, 'Mini Cooper S #5224 was successfully sold. The car will leave your team tomorrow', '2015-09-03 15:00:00', '2015-09-03 15:00:00'),
	(171, 5, 3, 1, NULL, 'Mini Cooper S #5224 has been bought. The car will join your team tomorrow', '2015-09-03 15:00:00', '2015-09-04 17:39:24'),
	(172, 23, 3, 0, NULL, 'Mini Cooper S #5224 was successfully sold. The car will leave your team tomorrow', '2015-09-03 15:05:01', '2015-09-03 15:05:01'),
	(173, 5, 3, 1, NULL, 'Mini Cooper S #5224 has been bought. The car will join your team tomorrow', '2015-09-03 15:05:01', '2015-09-04 17:39:24'),
	(174, 23, 3, 0, NULL, 'Mini Cooper S #5224 was successfully sold. The car will leave your team tomorrow', '2015-09-03 15:10:01', '2015-09-03 15:10:01'),
	(175, 5, 3, 1, NULL, 'Mini Cooper S #5224 has been bought. The car will join your team tomorrow', '2015-09-03 15:10:01', '2015-09-04 17:39:24'),
	(176, 23, 3, 0, NULL, 'Mini Cooper S #5224 was successfully sold. The car will leave your team tomorrow', '2015-09-03 15:15:01', '2015-09-03 15:15:01'),
	(177, 5, 3, 1, NULL, 'Mini Cooper S #5224 has been bought. The car will join your team tomorrow', '2015-09-03 15:15:01', '2015-09-04 17:39:24'),
	(178, 23, 3, 0, NULL, 'Mini Cooper S #5224 was successfully sold. The car will leave your team tomorrow', '2015-09-03 15:20:01', '2015-09-03 15:20:01'),
	(179, 5, 3, 1, NULL, 'Mini Cooper S #5224 has been bought. The car will join your team tomorrow', '2015-09-03 15:20:01', '2015-09-04 17:39:24'),
	(180, 23, 3, 0, NULL, 'Mini Cooper S #5224 was successfully sold. The car will leave your team tomorrow', '2015-09-03 15:25:00', '2015-09-03 15:25:00'),
	(181, 5, 3, 1, NULL, 'Mini Cooper S #5224 has been bought. The car will join your team tomorrow', '2015-09-03 15:25:00', '2015-09-04 17:39:24'),
	(182, 23, 3, 0, NULL, 'Mini Cooper S #5224 was successfully sold. The car will leave your team tomorrow', '2015-09-03 15:30:00', '2015-09-03 15:30:00'),
	(183, 5, 3, 1, NULL, 'Mini Cooper S #5224 has been bought. The car will join your team tomorrow', '2015-09-03 15:30:00', '2015-09-04 17:39:24'),
	(184, 23, 3, 0, NULL, 'Mini Cooper S #5224 was successfully sold. The car will leave your team tomorrow', '2015-09-03 15:35:00', '2015-09-03 15:35:00'),
	(185, 5, 3, 1, NULL, 'Mini Cooper S #5224 has been bought. The car will join your team tomorrow', '2015-09-03 15:35:00', '2015-09-04 17:39:24'),
	(186, 23, 3, 0, NULL, 'Mini Cooper S #5224 was successfully sold. The car will leave your team tomorrow', '2015-09-03 15:40:00', '2015-09-03 15:40:00'),
	(187, 5, 3, 1, NULL, 'Mini Cooper S #5224 has been bought. The car will join your team tomorrow', '2015-09-03 15:40:00', '2015-09-04 17:39:24'),
	(188, 23, 3, 0, NULL, 'Mini Cooper S #5224 was successfully sold. The car will leave your team tomorrow', '2015-09-03 15:45:00', '2015-09-03 15:45:00'),
	(189, 5, 3, 1, NULL, 'Mini Cooper S #5224 has been bought. The car will join your team tomorrow', '2015-09-03 15:45:00', '2015-09-04 17:39:24'),
	(190, 23, 3, 0, NULL, 'Mini Cooper S #5224 was successfully sold. The car will leave your team tomorrow', '2015-09-03 15:50:00', '2015-09-03 15:50:00'),
	(191, 5, 3, 1, NULL, 'Mini Cooper S #5224 has been bought. The car will join your team tomorrow', '2015-09-03 15:50:00', '2015-09-04 17:39:24'),
	(192, 23, 3, 0, NULL, 'Mini Cooper S #5224 was successfully sold. The car will leave your team tomorrow', '2015-09-03 15:55:01', '2015-09-03 15:55:01'),
	(193, 5, 3, 1, NULL, 'Mini Cooper S #5224 has been bought. The car will join your team tomorrow', '2015-09-03 15:55:01', '2015-09-04 17:39:24'),
	(194, 23, 3, 0, NULL, 'Mini Cooper S #5224 was successfully sold. The car will leave your team tomorrow', '2015-09-03 16:00:00', '2015-09-03 16:00:00'),
	(195, 5, 3, 1, NULL, 'Mini Cooper S #5224 has been bought. The car will join your team tomorrow', '2015-09-03 16:00:00', '2015-09-04 17:39:24'),
	(196, 23, 3, 0, NULL, 'Mini Cooper S #5224 was successfully sold. The car will leave your team tomorrow', '2015-09-03 16:05:00', '2015-09-03 16:05:00'),
	(197, 5, 3, 1, NULL, 'Mini Cooper S #5224 has been bought. The car will join your team tomorrow', '2015-09-03 16:05:00', '2015-09-04 17:39:24'),
	(198, 23, 3, 0, NULL, 'Mini Cooper S #5224 was successfully sold. The car will leave your team tomorrow', '2015-09-03 16:10:01', '2015-09-03 16:10:01'),
	(199, 5, 3, 1, NULL, 'Mini Cooper S #5224 has been bought. The car will join your team tomorrow', '2015-09-03 16:10:01', '2015-09-04 17:39:24'),
	(200, 23, 3, 0, NULL, 'Mini Cooper S #5224 was successfully sold. The car will leave your team tomorrow', '2015-09-03 16:15:00', '2015-09-03 16:15:00'),
	(201, 5, 3, 1, NULL, 'Mini Cooper S #5224 has been bought. The car will join your team tomorrow', '2015-09-03 16:15:00', '2015-09-04 17:39:24'),
	(202, 23, 3, 0, NULL, 'Mini Cooper S #5224 was successfully sold. The car will leave your team tomorrow', '2015-09-03 16:20:01', '2015-09-03 16:20:01'),
	(203, 5, 3, 1, NULL, 'Mini Cooper S #5224 has been bought. The car will join your team tomorrow', '2015-09-03 16:20:01', '2015-09-04 17:39:24'),
	(204, 23, 3, 0, NULL, 'Mini Cooper S #5224 was successfully sold. The car will leave your team tomorrow', '2015-09-03 16:25:00', '2015-09-03 16:25:00'),
	(205, 5, 3, 1, NULL, 'Mini Cooper S #5224 has been bought. The car will join your team tomorrow', '2015-09-03 16:25:00', '2015-09-04 17:39:24'),
	(206, 23, 3, 0, NULL, 'Mini Cooper S #5224 was successfully sold. The car will leave your team tomorrow', '2015-09-03 16:30:01', '2015-09-03 16:30:01'),
	(207, 5, 3, 1, NULL, 'Mini Cooper S #5224 has been bought. The car will join your team tomorrow', '2015-09-03 16:30:01', '2015-09-04 17:39:24'),
	(208, 23, 3, 0, NULL, 'Mini Cooper S #5224 was successfully sold. The car will leave your team tomorrow', '2015-09-03 16:35:01', '2015-09-03 16:35:01'),
	(209, 5, 3, 1, NULL, 'Mini Cooper S #5224 has been bought. The car will join your team tomorrow', '2015-09-03 16:35:01', '2015-09-04 17:39:24'),
	(210, 23, 3, 0, NULL, 'Mini Cooper S #5224 was successfully sold. The car will leave your team tomorrow', '2015-09-03 16:40:00', '2015-09-03 16:40:00'),
	(211, 5, 3, 1, NULL, 'Mini Cooper S #5224 has been bought. The car will join your team tomorrow', '2015-09-03 16:40:00', '2015-09-04 17:39:24'),
	(212, 23, 3, 0, NULL, 'Mini Cooper S #5224 was successfully sold. The car will leave your team tomorrow', '2015-09-03 16:45:01', '2015-09-03 16:45:01'),
	(213, 5, 3, 1, NULL, 'Mini Cooper S #5224 has been bought. The car will join your team tomorrow', '2015-09-03 16:45:01', '2015-09-04 17:39:24'),
	(214, 23, 3, 0, NULL, 'Mini Cooper S #5224 was successfully sold. The car will leave your team tomorrow', '2015-09-03 16:50:00', '2015-09-03 16:50:00'),
	(215, 5, 3, 1, NULL, 'Mini Cooper S #5224 has been bought. The car will join your team tomorrow', '2015-09-03 16:50:00', '2015-09-04 17:39:24'),
	(216, 23, 3, 0, NULL, 'Mini Cooper S #5224 was successfully sold. The car will leave your team tomorrow', '2015-09-03 16:55:00', '2015-09-03 16:55:00'),
	(217, 5, 3, 1, NULL, 'Mini Cooper S #5224 has been bought. The car will join your team tomorrow', '2015-09-03 16:55:00', '2015-09-04 17:39:24'),
	(218, 23, 3, 0, NULL, 'Mini Cooper S #5224 was successfully sold. The car will leave your team tomorrow', '2015-09-03 17:00:01', '2015-09-03 17:00:01'),
	(219, 5, 3, 1, NULL, 'Mini Cooper S #5224 has been bought. The car will join your team tomorrow', '2015-09-03 17:00:01', '2015-09-04 17:39:24'),
	(220, 23, 3, 0, NULL, 'Mini Cooper S #5224 was successfully sold. The car will leave your team tomorrow', '2015-09-03 17:05:00', '2015-09-03 17:05:00'),
	(221, 5, 3, 1, NULL, 'Mini Cooper S #5224 has been bought. The car will join your team tomorrow', '2015-09-03 17:05:00', '2015-09-04 17:39:24'),
	(222, 23, 3, 0, NULL, 'Mini Cooper S #5224 was successfully sold. The car will leave your team tomorrow', '2015-09-03 17:10:00', '2015-09-03 17:10:00'),
	(223, 5, 3, 1, NULL, 'Mini Cooper S #5224 has been bought. The car will join your team tomorrow', '2015-09-03 17:10:00', '2015-09-04 17:39:24'),
	(224, 23, 3, 0, NULL, 'Mini Cooper S #5224 was successfully sold. The car will leave your team tomorrow', '2015-09-03 17:15:01', '2015-09-03 17:15:01'),
	(225, 5, 3, 1, NULL, 'Mini Cooper S #5224 has been bought. The car will join your team tomorrow', '2015-09-03 17:15:01', '2015-09-04 17:39:24'),
	(226, 23, 3, 0, NULL, 'Mini Cooper S #5224 was successfully sold. The car will leave your team tomorrow', '2015-09-03 17:20:01', '2015-09-03 17:20:01'),
	(227, 5, 3, 1, NULL, 'Mini Cooper S #5224 has been bought. The car will join your team tomorrow', '2015-09-03 17:20:01', '2015-09-04 17:39:24'),
	(228, 23, 3, 0, NULL, 'Mini Cooper S #5224 was successfully sold. The car will leave your team tomorrow', '2015-09-03 17:25:00', '2015-09-03 17:25:00'),
	(229, 5, 3, 1, NULL, 'Mini Cooper S #5224 has been bought. The car will join your team tomorrow', '2015-09-03 17:25:00', '2015-09-04 17:39:24'),
	(230, 23, 3, 0, NULL, 'Mini Cooper S #5224 was successfully sold. The car will leave your team tomorrow', '2015-09-03 17:30:00', '2015-09-03 17:30:00'),
	(231, 5, 3, 1, NULL, 'Mini Cooper S #5224 has been bought. The car will join your team tomorrow', '2015-09-03 17:30:00', '2015-09-04 17:39:24'),
	(232, 23, 3, 0, NULL, 'Mini Cooper S #5224 was successfully sold. The car will leave your team tomorrow', '2015-09-03 17:35:00', '2015-09-03 17:35:00'),
	(233, 5, 3, 1, NULL, 'Mini Cooper S #5224 has been bought. The car will join your team tomorrow', '2015-09-03 17:35:00', '2015-09-04 17:39:24'),
	(234, 23, 3, 0, NULL, 'Mini Cooper S #5224 was successfully sold. The car will leave your team tomorrow', '2015-09-03 17:40:00', '2015-09-03 17:40:00'),
	(235, 5, 3, 1, NULL, 'Mini Cooper S #5224 has been bought. The car will join your team tomorrow', '2015-09-03 17:40:00', '2015-09-04 17:39:24'),
	(236, 23, 3, 0, NULL, 'Mini Cooper S #5224 was successfully sold. The car will leave your team tomorrow', '2015-09-03 17:45:00', '2015-09-03 17:45:00'),
	(237, 5, 3, 1, NULL, 'Mini Cooper S #5224 has been bought. The car will join your team tomorrow', '2015-09-03 17:45:00', '2015-09-04 17:39:24'),
	(238, 23, 3, 0, NULL, 'Mini Cooper S #5224 was successfully sold. The car will leave your team tomorrow', '2015-09-03 17:50:00', '2015-09-03 17:50:00'),
	(239, 5, 3, 1, NULL, 'Mini Cooper S #5224 has been bought. The car will join your team tomorrow', '2015-09-03 17:50:00', '2015-09-04 17:39:24'),
	(240, 23, 3, 0, NULL, 'Mini Cooper S #5224 was successfully sold. The car will leave your team tomorrow', '2015-09-03 17:55:00', '2015-09-03 17:55:00'),
	(241, 5, 3, 1, NULL, 'Mini Cooper S #5224 has been bought. The car will join your team tomorrow', '2015-09-03 17:55:00', '2015-09-04 17:39:24'),
	(242, 23, 3, 0, NULL, 'Mini Cooper S #5224 was successfully sold. The car will leave your team tomorrow', '2015-09-03 18:00:01', '2015-09-03 18:00:01'),
	(243, 5, 3, 1, NULL, 'Mini Cooper S #5224 has been bought. The car will join your team tomorrow', '2015-09-03 18:00:01', '2015-09-04 17:39:24'),
	(245, 5, 3, 1, NULL, 'Mini Cooper S #5224 has been bought. The car will join your team tomorrow', '2015-09-03 18:05:01', '2015-09-04 17:39:24'),
	(247, 5, 3, 1, NULL, 'Mini Cooper S #5224 has been bought. The car will join your team tomorrow', '2015-09-03 18:10:01', '2015-09-04 17:39:24'),
	(248, 23, 3, 0, NULL, 'Mini Cooper S #5224 was successfully sold. The car will leave your team tomorrow', '2015-09-03 18:15:01', '2015-09-03 18:15:01'),
	(249, 5, 3, 1, NULL, 'Mini Cooper S #5224 has been bought. The car will join your team tomorrow', '2015-09-03 18:15:01', '2015-09-04 17:39:24'),
	(250, 23, 3, 0, NULL, 'Mini Cooper S #5224 was successfully sold. The car will leave your team tomorrow', '2015-09-03 18:20:02', '2015-09-03 18:20:02'),
	(251, 5, 3, 1, NULL, 'Mini Cooper S #5224 has been bought. The car will join your team tomorrow', '2015-09-03 18:20:02', '2015-09-04 17:39:24'),
	(252, 23, 3, 0, NULL, 'Mini Cooper S #5224 was successfully sold. The car will leave your team tomorrow', '2015-09-03 18:25:01', '2015-09-03 18:25:01'),
	(253, 5, 3, 1, NULL, 'Mini Cooper S #5224 has been bought. The car will join your team tomorrow', '2015-09-03 18:25:01', '2015-09-04 17:39:24'),
	(254, 23, 3, 0, NULL, 'Mini Cooper S #5224 was successfully sold. The car will leave your team tomorrow', '2015-09-03 18:30:01', '2015-09-03 18:30:01'),
	(255, 5, 3, 1, NULL, 'Mini Cooper S #5224 has been bought. The car will join your team tomorrow', '2015-09-03 18:30:01', '2015-09-04 17:39:24'),
	(256, 23, 3, 0, NULL, 'Mini Cooper S #5224 was successfully sold. The car will leave your team tomorrow', '2015-09-03 18:35:01', '2015-09-03 18:35:01'),
	(257, 5, 3, 1, NULL, 'Mini Cooper S #5224 has been bought. The car will join your team tomorrow', '2015-09-03 18:35:01', '2015-09-04 17:39:24'),
	(258, 23, 3, 0, NULL, 'Mini Cooper S #5224 was successfully sold. The car will leave your team tomorrow', '2015-09-03 18:40:01', '2015-09-03 18:40:01'),
	(259, 5, 3, 1, NULL, 'Mini Cooper S #5224 has been bought. The car will join your team tomorrow', '2015-09-03 18:40:01', '2015-09-04 17:39:24'),
	(260, 23, 3, 0, NULL, 'Mini Cooper S #5224 was successfully sold. The car will leave your team tomorrow', '2015-09-03 18:45:01', '2015-09-03 18:45:01'),
	(261, 5, 3, 1, NULL, 'Mini Cooper S #5224 has been bought. The car will join your team tomorrow', '2015-09-03 18:45:01', '2015-09-04 17:39:24'),
	(262, 23, 3, 0, NULL, 'Mini Cooper S #5224 was successfully sold. The car will leave your team tomorrow', '2015-09-03 18:50:01', '2015-09-03 18:50:01'),
	(263, 5, 3, 1, NULL, 'Mini Cooper S #5224 has been bought. The car will join your team tomorrow', '2015-09-03 18:50:01', '2015-09-04 17:39:24'),
	(264, 23, 3, 0, NULL, 'Mini Cooper S #5224 was successfully sold. The car will leave your team tomorrow', '2015-09-03 18:55:01', '2015-09-03 18:55:01'),
	(265, 5, 3, 1, NULL, 'Mini Cooper S #5224 has been bought. The car will join your team tomorrow', '2015-09-03 18:55:01', '2015-09-04 17:39:24'),
	(266, 23, 3, 0, NULL, 'Mini Cooper S #5224 was successfully sold. The car will leave your team tomorrow', '2015-09-03 19:00:01', '2015-09-03 19:00:01'),
	(267, 5, 3, 1, NULL, 'Mini Cooper S #5224 has been bought. The car will join your team tomorrow', '2015-09-03 19:00:01', '2015-09-04 17:39:24'),
	(268, 23, 3, 0, NULL, 'Mini Cooper S #5224 was successfully sold. The car will leave your team tomorrow', '2015-09-03 19:05:00', '2015-09-03 19:05:00'),
	(269, 5, 3, 1, NULL, 'Mini Cooper S #5224 has been bought. The car will join your team tomorrow', '2015-09-03 19:05:00', '2015-09-04 17:39:24'),
	(270, 23, 3, 0, NULL, 'Mini Cooper S #5224 was successfully sold. The car will leave your team tomorrow', '2015-09-03 19:10:01', '2015-09-03 19:10:01'),
	(271, 5, 3, 1, NULL, 'Mini Cooper S #5224 has been bought. The car will join your team tomorrow', '2015-09-03 19:10:01', '2015-09-04 17:39:24'),
	(272, 23, 3, 0, NULL, 'Mini Cooper S #5224 was successfully sold. The car will leave your team tomorrow', '2015-09-03 19:15:01', '2015-09-03 19:15:01'),
	(273, 5, 3, 1, NULL, 'Mini Cooper S #5224 has been bought. The car will join your team tomorrow', '2015-09-03 19:15:01', '2015-09-04 17:39:24'),
	(274, 23, 3, 0, NULL, 'Mini Cooper S #5224 was successfully sold. The car will leave your team tomorrow', '2015-09-03 19:20:01', '2015-09-03 19:20:01'),
	(275, 5, 3, 1, NULL, 'Mini Cooper S #5224 has been bought. The car will join your team tomorrow', '2015-09-03 19:20:01', '2015-09-04 17:39:24'),
	(276, 23, 3, 0, NULL, 'Mini Cooper S #5224 was successfully sold. The car will leave your team tomorrow', '2015-09-03 19:25:01', '2015-09-03 19:25:01'),
	(277, 5, 3, 1, NULL, 'Mini Cooper S #5224 has been bought. The car will join your team tomorrow', '2015-09-03 19:25:01', '2015-09-04 17:39:24'),
	(278, 23, 3, 0, NULL, 'Mini Cooper S #5224 was successfully sold. The car will leave your team tomorrow', '2015-09-03 19:30:01', '2015-09-03 19:30:01'),
	(279, 5, 3, 1, NULL, 'Mini Cooper S #5224 has been bought. The car will join your team tomorrow', '2015-09-03 19:30:01', '2015-09-04 17:39:24'),
	(280, 23, 3, 0, NULL, 'Mini Cooper S #5224 was successfully sold. The car will leave your team tomorrow', '2015-09-03 19:35:01', '2015-09-03 19:35:01'),
	(281, 5, 3, 1, NULL, 'Mini Cooper S #5224 has been bought. The car will join your team tomorrow', '2015-09-03 19:35:01', '2015-09-04 17:39:24'),
	(282, 23, 3, 0, NULL, 'Mini Cooper S #5224 was successfully sold. The car will leave your team tomorrow', '2015-09-03 19:40:01', '2015-09-03 19:40:01'),
	(283, 5, 3, 1, NULL, 'Mini Cooper S #5224 has been bought. The car will join your team tomorrow', '2015-09-03 19:40:01', '2015-09-04 17:39:24'),
	(284, 23, 3, 0, NULL, 'Mini Cooper S #5224 was successfully sold. The car will leave your team tomorrow', '2015-09-03 19:45:01', '2015-09-03 19:45:01'),
	(285, 5, 3, 1, NULL, 'Mini Cooper S #5224 has been bought. The car will join your team tomorrow', '2015-09-03 19:45:01', '2015-09-04 17:39:24'),
	(286, 23, 3, 0, NULL, 'Mini Cooper S #5224 was successfully sold. The car will leave your team tomorrow', '2015-09-03 19:50:01', '2015-09-03 19:50:01'),
	(287, 5, 3, 1, NULL, 'Mini Cooper S #5224 has been bought. The car will join your team tomorrow', '2015-09-03 19:50:01', '2015-09-04 17:39:24'),
	(288, 23, 3, 0, NULL, 'Mini Cooper S #5224 was successfully sold. The car will leave your team tomorrow', '2015-09-03 19:55:01', '2015-09-03 19:55:01'),
	(289, 5, 3, 1, NULL, 'Mini Cooper S #5224 has been bought. The car will join your team tomorrow', '2015-09-03 19:55:01', '2015-09-04 17:39:24'),
	(290, 23, 3, 0, NULL, 'Mini Cooper S #5224 was successfully sold. The car will leave your team tomorrow', '2015-09-03 20:00:01', '2015-09-03 20:00:01'),
	(291, 5, 3, 1, NULL, 'Mini Cooper S #5224 has been bought. The car will join your team tomorrow', '2015-09-03 20:00:01', '2015-09-04 17:39:24'),
	(292, 23, 3, 0, NULL, 'Mini Cooper S #5224 was successfully sold. The car will leave your team tomorrow', '2015-09-03 20:05:01', '2015-09-03 20:05:01'),
	(293, 5, 3, 1, NULL, 'Mini Cooper S #5224 has been bought. The car will join your team tomorrow', '2015-09-03 20:05:01', '2015-09-04 17:39:24'),
	(294, 23, 3, 0, NULL, 'Mini Cooper S #5224 was successfully sold. The car will leave your team tomorrow', '2015-09-03 20:10:01', '2015-09-03 20:10:01'),
	(295, 5, 3, 1, NULL, 'Mini Cooper S #5224 has been bought. The car will join your team tomorrow', '2015-09-03 20:10:01', '2015-09-04 17:39:24'),
	(296, 23, 3, 0, NULL, 'Mini Cooper S #5224 was successfully sold. The car will leave your team tomorrow', '2015-09-03 20:15:01', '2015-09-03 20:15:01'),
	(297, 5, 3, 1, NULL, 'Mini Cooper S #5224 has been bought. The car will join your team tomorrow', '2015-09-03 20:15:01', '2015-09-04 17:39:24'),
	(298, 23, 3, 0, NULL, 'Mini Cooper S #5224 was successfully sold. The car will leave your team tomorrow', '2015-09-03 20:20:01', '2015-09-03 20:20:01'),
	(299, 5, 3, 1, NULL, 'Mini Cooper S #5224 has been bought. The car will join your team tomorrow', '2015-09-03 20:20:01', '2015-09-04 17:39:24'),
	(300, 23, 3, 0, NULL, 'Mini Cooper S #5224 was successfully sold. The car will leave your team tomorrow', '2015-09-03 20:25:01', '2015-09-03 20:25:01'),
	(301, 5, 3, 1, NULL, 'Mini Cooper S #5224 has been bought. The car will join your team tomorrow', '2015-09-03 20:25:01', '2015-09-04 17:39:24'),
	(302, 23, 3, 0, NULL, 'Mini Cooper S #5224 was successfully sold. The car will leave your team tomorrow', '2015-09-03 20:30:01', '2015-09-03 20:30:01'),
	(303, 5, 3, 1, NULL, 'Mini Cooper S #5224 has been bought. The car will join your team tomorrow', '2015-09-03 20:30:01', '2015-09-04 17:39:24'),
	(304, 23, 3, 0, NULL, 'Mini Cooper S #5224 was successfully sold. The car will leave your team tomorrow', '2015-09-03 20:35:01', '2015-09-03 20:35:01'),
	(305, 5, 3, 1, NULL, 'Mini Cooper S #5224 has been bought. The car will join your team tomorrow', '2015-09-03 20:35:01', '2015-09-04 17:39:24'),
	(306, 23, 3, 0, NULL, 'Mini Cooper S #5224 was successfully sold. The car will leave your team tomorrow', '2015-09-03 20:40:01', '2015-09-03 20:40:01'),
	(307, 5, 3, 1, NULL, 'Mini Cooper S #5224 has been bought. The car will join your team tomorrow', '2015-09-03 20:40:01', '2015-09-04 17:39:24'),
	(308, 23, 3, 0, NULL, 'Mini Cooper S #5224 was successfully sold. The car will leave your team tomorrow', '2015-09-03 20:45:01', '2015-09-03 20:45:01'),
	(309, 5, 3, 1, NULL, 'Mini Cooper S #5224 has been bought. The car will join your team tomorrow', '2015-09-03 20:45:01', '2015-09-04 17:39:24'),
	(310, 23, 3, 0, NULL, 'Mini Cooper S #5224 was successfully sold. The car will leave your team tomorrow', '2015-09-03 20:50:01', '2015-09-03 20:50:01'),
	(311, 5, 3, 1, NULL, 'Mini Cooper S #5224 has been bought. The car will join your team tomorrow', '2015-09-03 20:50:01', '2015-09-04 17:39:24'),
	(312, 23, 3, 0, NULL, 'Mini Cooper S #5224 was successfully sold. The car will leave your team tomorrow', '2015-09-03 20:55:01', '2015-09-03 20:55:01'),
	(313, 5, 3, 1, NULL, 'Mini Cooper S #5224 has been bought. The car will join your team tomorrow', '2015-09-03 20:55:01', '2015-09-04 17:39:24'),
	(314, 23, 3, 0, NULL, 'Mini Cooper S #5224 was successfully sold. The car will leave your team tomorrow', '2015-09-03 21:00:01', '2015-09-03 21:00:01'),
	(315, 5, 3, 1, NULL, 'Mini Cooper S #5224 has been bought. The car will join your team tomorrow', '2015-09-03 21:00:01', '2015-09-04 17:39:24'),
	(316, 23, 3, 0, NULL, 'Mini Cooper S #5224 was successfully sold. The car will leave your team tomorrow', '2015-09-03 21:05:01', '2015-09-03 21:05:01'),
	(317, 5, 3, 1, NULL, 'Mini Cooper S #5224 has been bought. The car will join your team tomorrow', '2015-09-03 21:05:01', '2015-09-04 17:39:24'),
	(318, 23, 3, 0, NULL, 'Mini Cooper S #5224 was successfully sold. The car will leave your team tomorrow', '2015-09-03 21:10:01', '2015-09-03 21:10:01'),
	(319, 5, 3, 1, NULL, 'Mini Cooper S #5224 has been bought. The car will join your team tomorrow', '2015-09-03 21:10:01', '2015-09-04 17:39:24'),
	(320, 23, 3, 0, NULL, 'Mini Cooper S #5224 was successfully sold. The car will leave your team tomorrow', '2015-09-03 21:15:01', '2015-09-03 21:15:01'),
	(321, 5, 3, 1, NULL, 'Mini Cooper S #5224 has been bought. The car will join your team tomorrow', '2015-09-03 21:15:01', '2015-09-04 17:39:24'),
	(322, 23, 3, 0, NULL, 'Mini Cooper S #5224 was successfully sold. The car will leave your team tomorrow', '2015-09-03 21:20:01', '2015-09-03 21:20:01'),
	(323, 5, 3, 1, NULL, 'Mini Cooper S #5224 has been bought. The car will join your team tomorrow', '2015-09-03 21:20:01', '2015-09-04 17:39:24'),
	(324, 23, 3, 0, NULL, 'Mini Cooper S #5224 was successfully sold. The car will leave your team tomorrow', '2015-09-03 21:25:01', '2015-09-03 21:25:01'),
	(325, 5, 3, 1, NULL, 'Mini Cooper S #5224 has been bought. The car will join your team tomorrow', '2015-09-03 21:25:01', '2015-09-04 17:39:24'),
	(326, 23, 3, 0, NULL, 'Mini Cooper S #5224 was successfully sold. The car will leave your team tomorrow', '2015-09-03 21:30:01', '2015-09-03 21:30:01'),
	(327, 5, 3, 1, NULL, 'Mini Cooper S #5224 has been bought. The car will join your team tomorrow', '2015-09-03 21:30:01', '2015-09-04 17:39:24'),
	(328, 23, 3, 0, NULL, 'Mini Cooper S #5224 was successfully sold. The car will leave your team tomorrow', '2015-09-03 21:35:01', '2015-09-03 21:35:01'),
	(329, 5, 3, 1, NULL, 'Mini Cooper S #5224 has been bought. The car will join your team tomorrow', '2015-09-03 21:35:01', '2015-09-04 17:39:24'),
	(330, 23, 3, 0, NULL, 'Mini Cooper S #5224 was successfully sold. The car will leave your team tomorrow', '2015-09-03 21:40:01', '2015-09-03 21:40:01'),
	(331, 5, 3, 1, NULL, 'Mini Cooper S #5224 has been bought. The car will join your team tomorrow', '2015-09-03 21:40:01', '2015-09-04 17:39:24'),
	(332, 23, 3, 0, NULL, 'Mini Cooper S #5224 was successfully sold. The car will leave your team tomorrow', '2015-09-03 21:45:01', '2015-09-03 21:45:01'),
	(333, 5, 3, 1, NULL, 'Mini Cooper S #5224 has been bought. The car will join your team tomorrow', '2015-09-03 21:45:01', '2015-09-04 17:39:24'),
	(334, 23, 3, 0, NULL, 'Mini Cooper S #5224 was successfully sold. The car will leave your team tomorrow', '2015-09-03 21:50:01', '2015-09-03 21:50:01'),
	(335, 5, 3, 1, NULL, 'Mini Cooper S #5224 has been bought. The car will join your team tomorrow', '2015-09-03 21:50:01', '2015-09-04 17:39:24'),
	(336, 23, 3, 0, NULL, 'Mini Cooper S #5224 was successfully sold. The car will leave your team tomorrow', '2015-09-03 21:55:01', '2015-09-03 21:55:01'),
	(337, 5, 3, 1, NULL, 'Mini Cooper S #5224 has been bought. The car will join your team tomorrow', '2015-09-03 21:55:01', '2015-09-04 17:39:24'),
	(338, 23, 3, 0, NULL, 'Mini Cooper S #5224 was successfully sold. The car will leave your team tomorrow', '2015-09-03 22:00:01', '2015-09-03 22:00:01'),
	(339, 5, 3, 1, NULL, 'Mini Cooper S #5224 has been bought. The car will join your team tomorrow', '2015-09-03 22:00:01', '2015-09-04 17:39:24'),
	(340, 23, 3, 0, NULL, 'Mini Cooper S #5224 was successfully sold. The car will leave your team tomorrow', '2015-09-03 22:05:01', '2015-09-03 22:05:01'),
	(341, 5, 3, 1, NULL, 'Mini Cooper S #5224 has been bought. The car will join your team tomorrow', '2015-09-03 22:05:01', '2015-09-04 17:39:24'),
	(342, 23, 3, 0, NULL, 'Mini Cooper S #5224 was successfully sold. The car will leave your team tomorrow', '2015-09-03 22:10:01', '2015-09-03 22:10:01'),
	(343, 5, 3, 1, NULL, 'Mini Cooper S #5224 has been bought. The car will join your team tomorrow', '2015-09-03 22:10:01', '2015-09-04 17:39:24'),
	(344, 23, 3, 0, NULL, 'Mini Cooper S #5224 was successfully sold. The car will leave your team tomorrow', '2015-09-03 22:15:01', '2015-09-03 22:15:01'),
	(345, 5, 3, 1, NULL, 'Mini Cooper S #5224 has been bought. The car will join your team tomorrow', '2015-09-03 22:15:01', '2015-09-04 17:39:24'),
	(346, 23, 3, 0, NULL, 'Mini Cooper S #5224 was successfully sold. The car will leave your team tomorrow', '2015-09-03 22:20:01', '2015-09-03 22:20:01'),
	(347, 5, 3, 1, NULL, 'Mini Cooper S #5224 has been bought. The car will join your team tomorrow', '2015-09-03 22:20:01', '2015-09-04 17:39:24'),
	(348, 23, 3, 0, NULL, 'Mini Cooper S #5224 was successfully sold. The car will leave your team tomorrow', '2015-09-03 22:25:01', '2015-09-03 22:25:01'),
	(349, 5, 3, 1, NULL, 'Mini Cooper S #5224 has been bought. The car will join your team tomorrow', '2015-09-03 22:25:01', '2015-09-04 17:39:24'),
	(350, 23, 3, 0, NULL, 'Mini Cooper S #5224 was successfully sold. The car will leave your team tomorrow', '2015-09-03 22:30:01', '2015-09-03 22:30:01'),
	(351, 5, 3, 1, NULL, 'Mini Cooper S #5224 has been bought. The car will join your team tomorrow', '2015-09-03 22:30:01', '2015-09-04 17:39:24'),
	(352, 23, 3, 0, NULL, 'Mini Cooper S #5224 was successfully sold. The car will leave your team tomorrow', '2015-09-03 22:35:00', '2015-09-03 22:35:00'),
	(353, 5, 3, 1, NULL, 'Mini Cooper S #5224 has been bought. The car will join your team tomorrow', '2015-09-03 22:35:00', '2015-09-04 17:39:24'),
	(354, 23, 3, 0, NULL, 'Mini Cooper S #5224 was successfully sold. The car will leave your team tomorrow', '2015-09-03 22:40:01', '2015-09-03 22:40:01'),
	(355, 5, 3, 1, NULL, 'Mini Cooper S #5224 has been bought. The car will join your team tomorrow', '2015-09-03 22:40:01', '2015-09-04 17:39:24'),
	(356, 23, 3, 0, NULL, 'Mini Cooper S #5224 was successfully sold. The car will leave your team tomorrow', '2015-09-03 22:45:01', '2015-09-03 22:45:01'),
	(357, 5, 3, 1, NULL, 'Mini Cooper S #5224 has been bought. The car will join your team tomorrow', '2015-09-03 22:45:01', '2015-09-04 17:39:24'),
	(358, 23, 3, 0, NULL, 'Mini Cooper S #5224 was successfully sold. The car will leave your team tomorrow', '2015-09-03 22:50:01', '2015-09-03 22:50:01'),
	(359, 5, 3, 1, NULL, 'Mini Cooper S #5224 has been bought. The car will join your team tomorrow', '2015-09-03 22:50:01', '2015-09-04 17:39:24'),
	(360, 23, 3, 0, NULL, 'Mini Cooper S #5224 was successfully sold. The car will leave your team tomorrow', '2015-09-03 22:55:01', '2015-09-03 22:55:01'),
	(361, 5, 3, 1, NULL, 'Mini Cooper S #5224 has been bought. The car will join your team tomorrow', '2015-09-03 22:55:01', '2015-09-04 17:39:24'),
	(362, 23, 3, 0, NULL, 'Mini Cooper S #5224 was successfully sold. The car will leave your team tomorrow', '2015-09-03 23:00:01', '2015-09-03 23:00:01'),
	(363, 5, 3, 1, NULL, 'Mini Cooper S #5224 has been bought. The car will join your team tomorrow', '2015-09-03 23:00:01', '2015-09-04 17:39:24'),
	(364, 23, 3, 0, NULL, 'Mini Cooper S #5224 was successfully sold. The car will leave your team tomorrow', '2015-09-03 23:05:01', '2015-09-03 23:05:01'),
	(365, 5, 3, 1, NULL, 'Mini Cooper S #5224 has been bought. The car will join your team tomorrow', '2015-09-03 23:05:01', '2015-09-04 17:39:24'),
	(366, 23, 3, 0, NULL, 'Mini Cooper S #5224 was successfully sold. The car will leave your team tomorrow', '2015-09-03 23:10:01', '2015-09-03 23:10:01'),
	(367, 5, 3, 1, NULL, 'Mini Cooper S #5224 has been bought. The car will join your team tomorrow', '2015-09-03 23:10:01', '2015-09-04 17:39:24'),
	(368, 23, 3, 0, NULL, 'Mini Cooper S #5224 was successfully sold. The car will leave your team tomorrow', '2015-09-03 23:15:01', '2015-09-03 23:15:01'),
	(369, 5, 3, 1, NULL, 'Mini Cooper S #5224 has been bought. The car will join your team tomorrow', '2015-09-03 23:15:01', '2015-09-04 17:39:24'),
	(370, 23, 3, 0, NULL, 'Mini Cooper S #5224 was successfully sold. The car will leave your team tomorrow', '2015-09-03 23:20:01', '2015-09-03 23:20:01'),
	(371, 5, 3, 1, NULL, 'Mini Cooper S #5224 has been bought. The car will join your team tomorrow', '2015-09-03 23:20:01', '2015-09-04 17:39:24'),
	(372, 23, 3, 0, NULL, 'Mini Cooper S #5224 was successfully sold. The car will leave your team tomorrow', '2015-09-03 23:25:01', '2015-09-03 23:25:01'),
	(373, 5, 3, 1, NULL, 'Mini Cooper S #5224 has been bought. The car will join your team tomorrow', '2015-09-03 23:25:01', '2015-09-04 17:39:24'),
	(374, 23, 3, 0, NULL, 'Mini Cooper S #5224 was successfully sold. The car will leave your team tomorrow', '2015-09-03 23:30:01', '2015-09-03 23:30:01'),
	(375, 5, 3, 1, NULL, 'Mini Cooper S #5224 has been bought. The car will join your team tomorrow', '2015-09-03 23:30:01', '2015-09-04 17:39:24'),
	(376, 23, 3, 0, NULL, 'Mini Cooper S #5224 was successfully sold. The car will leave your team tomorrow', '2015-09-03 23:35:01', '2015-09-03 23:35:01'),
	(377, 5, 3, 1, NULL, 'Mini Cooper S #5224 has been bought. The car will join your team tomorrow', '2015-09-03 23:35:01', '2015-09-04 17:39:24'),
	(378, 23, 3, 0, NULL, 'Mini Cooper S #5224 was successfully sold. The car will leave your team tomorrow', '2015-09-03 23:40:02', '2015-09-03 23:40:02'),
	(379, 5, 3, 1, NULL, 'Mini Cooper S #5224 has been bought. The car will join your team tomorrow', '2015-09-03 23:40:02', '2015-09-04 17:39:24'),
	(380, 23, 3, 0, NULL, 'Mini Cooper S #5224 was successfully sold. The car will leave your team tomorrow', '2015-09-03 23:45:01', '2015-09-03 23:45:01'),
	(381, 5, 3, 1, NULL, 'Mini Cooper S #5224 has been bought. The car will join your team tomorrow', '2015-09-03 23:45:01', '2015-09-04 17:39:24'),
	(382, 23, 3, 0, NULL, 'Mini Cooper S #5224 was successfully sold. The car will leave your team tomorrow', '2015-09-03 23:50:01', '2015-09-03 23:50:01'),
	(383, 5, 3, 1, NULL, 'Mini Cooper S #5224 has been bought. The car will join your team tomorrow', '2015-09-03 23:50:01', '2015-09-04 17:39:24'),
	(384, 23, 3, 0, NULL, 'Mini Cooper S #5224 was successfully sold. The car will leave your team tomorrow', '2015-09-03 23:55:01', '2015-09-03 23:55:01'),
	(385, 5, 3, 1, NULL, 'Mini Cooper S #5224 has been bought. The car will join your team tomorrow', '2015-09-03 23:55:01', '2015-09-04 17:39:24'),
	(386, 23, 3, 0, NULL, 'Mini Cooper S #5224 was successfully sold. The car will leave your team tomorrow', '2015-09-04 00:00:01', '2015-09-04 00:00:01'),
	(387, 5, 3, 1, NULL, 'Mini Cooper S #5224 has been bought. The car will join your team tomorrow', '2015-09-04 00:00:01', '2015-09-04 17:39:24'),
	(388, 23, 3, 0, NULL, 'Mini Cooper S #5224 was successfully sold. The car will leave your team tomorrow', '2015-09-04 00:05:01', '2015-09-04 00:05:01'),
	(389, 5, 3, 1, NULL, 'Mini Cooper S #5224 has been bought. The car will join your team tomorrow', '2015-09-04 00:05:01', '2015-09-04 17:39:24'),
	(390, 23, 3, 0, NULL, 'Mini Cooper S #5224 was successfully sold. The car will leave your team tomorrow', '2015-09-04 00:10:02', '2015-09-04 00:10:02'),
	(391, 5, 3, 1, NULL, 'Mini Cooper S #5224 has been bought. The car will join your team tomorrow', '2015-09-04 00:10:02', '2015-09-04 17:39:24'),
	(392, 23, 3, 0, NULL, 'Mini Cooper S #5224 was successfully sold. The car will leave your team tomorrow', '2015-09-04 00:15:02', '2015-09-04 00:15:02'),
	(393, 5, 3, 1, NULL, 'Mini Cooper S #5224 has been bought. The car will join your team tomorrow', '2015-09-04 00:15:02', '2015-09-04 17:39:24'),
	(394, 23, 3, 0, NULL, 'Mini Cooper S #5224 was successfully sold. The car will leave your team tomorrow', '2015-09-04 00:20:01', '2015-09-04 00:20:01'),
	(395, 5, 3, 1, NULL, 'Mini Cooper S #5224 has been bought. The car will join your team tomorrow', '2015-09-04 00:20:01', '2015-09-04 17:39:24'),
	(396, 23, 3, 0, NULL, 'Mini Cooper S #5224 was successfully sold. The car will leave your team tomorrow', '2015-09-04 00:25:01', '2015-09-04 00:25:01'),
	(397, 5, 3, 1, NULL, 'Mini Cooper S #5224 has been bought. The car will join your team tomorrow', '2015-09-04 00:25:01', '2015-09-04 17:39:24'),
	(398, 23, 3, 0, NULL, 'Mini Cooper S #5224 was successfully sold. The car will leave your team tomorrow', '2015-09-04 00:30:01', '2015-09-04 00:30:01'),
	(399, 5, 3, 1, NULL, 'Mini Cooper S #5224 has been bought. The car will join your team tomorrow', '2015-09-04 00:30:01', '2015-09-04 17:39:24'),
	(400, 23, 3, 0, NULL, 'Mini Cooper S #5224 was successfully sold. The car will leave your team tomorrow', '2015-09-04 00:35:02', '2015-09-04 00:35:02'),
	(401, 5, 3, 1, NULL, 'Mini Cooper S #5224 has been bought. The car will join your team tomorrow', '2015-09-04 00:35:02', '2015-09-04 17:39:24'),
	(402, 23, 3, 0, NULL, 'Mini Cooper S #5224 was successfully sold. The car will leave your team tomorrow', '2015-09-04 00:40:01', '2015-09-04 00:40:01'),
	(403, 5, 3, 1, NULL, 'Mini Cooper S #5224 has been bought. The car will join your team tomorrow', '2015-09-04 00:40:01', '2015-09-04 17:39:24'),
	(404, 23, 3, 0, NULL, 'Mini Cooper S #5224 was successfully sold. The car will leave your team tomorrow', '2015-09-04 00:45:02', '2015-09-04 00:45:02'),
	(405, 5, 3, 1, NULL, 'Mini Cooper S #5224 has been bought. The car will join your team tomorrow', '2015-09-04 00:45:02', '2015-09-04 17:39:24'),
	(406, 23, 3, 0, NULL, 'Mini Cooper S #5224 was successfully sold. The car will leave your team tomorrow', '2015-09-04 00:50:01', '2015-09-04 00:50:01'),
	(407, 5, 3, 1, NULL, 'Mini Cooper S #5224 has been bought. The car will join your team tomorrow', '2015-09-04 00:50:01', '2015-09-04 17:39:24'),
	(408, 23, 3, 0, NULL, 'Mini Cooper S #5224 was successfully sold. The car will leave your team tomorrow', '2015-09-04 00:55:01', '2015-09-04 00:55:01'),
	(409, 5, 3, 1, NULL, 'Mini Cooper S #5224 has been bought. The car will join your team tomorrow', '2015-09-04 00:55:01', '2015-09-04 17:39:24'),
	(410, 23, 3, 0, NULL, 'Mini Cooper S #5224 was successfully sold. The car will leave your team tomorrow', '2015-09-04 01:00:01', '2015-09-04 01:00:01'),
	(411, 5, 3, 1, NULL, 'Mini Cooper S #5224 has been bought. The car will join your team tomorrow', '2015-09-04 01:00:01', '2015-09-04 17:39:24'),
	(412, 23, 3, 0, NULL, 'Mini Cooper S #5224 was successfully sold. The car will leave your team tomorrow', '2015-09-04 01:05:00', '2015-09-04 01:05:00'),
	(413, 5, 3, 1, NULL, 'Mini Cooper S #5224 has been bought. The car will join your team tomorrow', '2015-09-04 01:05:00', '2015-09-04 17:39:24'),
	(414, 23, 3, 0, NULL, 'Mini Cooper S #5224 was successfully sold. The car will leave your team tomorrow', '2015-09-04 01:10:02', '2015-09-04 01:10:02'),
	(415, 5, 3, 1, NULL, 'Mini Cooper S #5224 has been bought. The car will join your team tomorrow', '2015-09-04 01:10:02', '2015-09-04 17:39:24'),
	(416, 23, 3, 0, NULL, 'Mini Cooper S #5224 was successfully sold. The car will leave your team tomorrow', '2015-09-04 01:15:01', '2015-09-04 01:15:01'),
	(417, 5, 3, 1, NULL, 'Mini Cooper S #5224 has been bought. The car will join your team tomorrow', '2015-09-04 01:15:01', '2015-09-04 17:39:24'),
	(418, 23, 3, 0, NULL, 'Mini Cooper S #5224 was successfully sold. The car will leave your team tomorrow', '2015-09-04 01:20:01', '2015-09-04 01:20:01'),
	(419, 5, 3, 1, NULL, 'Mini Cooper S #5224 has been bought. The car will join your team tomorrow', '2015-09-04 01:20:01', '2015-09-04 17:39:24'),
	(420, 23, 3, 0, NULL, 'Mini Cooper S #5224 was successfully sold. The car will leave your team tomorrow', '2015-09-04 01:25:01', '2015-09-04 01:25:01'),
	(421, 5, 3, 1, NULL, 'Mini Cooper S #5224 has been bought. The car will join your team tomorrow', '2015-09-04 01:25:01', '2015-09-04 17:39:24'),
	(422, 23, 3, 0, NULL, 'Mini Cooper S #5224 was successfully sold. The car will leave your team tomorrow', '2015-09-04 01:30:02', '2015-09-04 01:30:02'),
	(423, 5, 3, 1, NULL, 'Mini Cooper S #5224 has been bought. The car will join your team tomorrow', '2015-09-04 01:30:02', '2015-09-04 17:39:24'),
	(424, 23, 3, 0, NULL, 'Mini Cooper S #5224 was successfully sold. The car will leave your team tomorrow', '2015-09-04 01:35:01', '2015-09-04 01:35:01'),
	(425, 5, 3, 1, NULL, 'Mini Cooper S #5224 has been bought. The car will join your team tomorrow', '2015-09-04 01:35:01', '2015-09-04 17:39:24'),
	(426, 23, 3, 0, NULL, 'Mini Cooper S #5224 was successfully sold. The car will leave your team tomorrow', '2015-09-04 01:40:02', '2015-09-04 01:40:02'),
	(427, 5, 3, 1, NULL, 'Mini Cooper S #5224 has been bought. The car will join your team tomorrow', '2015-09-04 01:40:02', '2015-09-04 17:39:24'),
	(428, 23, 3, 0, NULL, 'Mini Cooper S #5224 was successfully sold. The car will leave your team tomorrow', '2015-09-04 01:45:01', '2015-09-04 01:45:01'),
	(429, 5, 3, 1, NULL, 'Mini Cooper S #5224 has been bought. The car will join your team tomorrow', '2015-09-04 01:45:01', '2015-09-04 17:39:24'),
	(430, 23, 3, 0, NULL, 'Mini Cooper S #5224 was successfully sold. The car will leave your team tomorrow', '2015-09-04 01:50:01', '2015-09-04 01:50:01'),
	(431, 5, 3, 1, NULL, 'Mini Cooper S #5224 has been bought. The car will join your team tomorrow', '2015-09-04 01:50:01', '2015-09-04 17:39:24'),
	(432, 23, 3, 0, NULL, 'Mini Cooper S #5224 was successfully sold. The car will leave your team tomorrow', '2015-09-04 01:55:02', '2015-09-04 01:55:02'),
	(433, 5, 3, 1, NULL, 'Mini Cooper S #5224 has been bought. The car will join your team tomorrow', '2015-09-04 01:55:02', '2015-09-04 17:39:24'),
	(434, 23, 3, 0, NULL, 'Mini Cooper S #5224 was successfully sold. The car will leave your team tomorrow', '2015-09-04 02:00:02', '2015-09-04 02:00:02'),
	(435, 5, 3, 1, NULL, 'Mini Cooper S #5224 has been bought. The car will join your team tomorrow', '2015-09-04 02:00:02', '2015-09-04 17:39:24'),
	(436, 23, 3, 0, NULL, 'Mini Cooper S #5224 was successfully sold. The car will leave your team tomorrow', '2015-09-04 02:05:01', '2015-09-04 02:05:01'),
	(437, 5, 3, 1, NULL, 'Mini Cooper S #5224 has been bought. The car will join your team tomorrow', '2015-09-04 02:05:01', '2015-09-04 17:39:24'),
	(438, 23, 3, 0, NULL, 'Mini Cooper S #5224 was successfully sold. The car will leave your team tomorrow', '2015-09-04 02:10:02', '2015-09-04 02:10:02'),
	(439, 5, 3, 1, NULL, 'Mini Cooper S #5224 has been bought. The car will join your team tomorrow', '2015-09-04 02:10:02', '2015-09-04 17:39:24'),
	(440, 23, 3, 0, NULL, 'Mini Cooper S #5224 was successfully sold. The car will leave your team tomorrow', '2015-09-04 02:15:02', '2015-09-04 02:15:02'),
	(441, 5, 3, 1, NULL, 'Mini Cooper S #5224 has been bought. The car will join your team tomorrow', '2015-09-04 02:15:02', '2015-09-04 17:39:24'),
	(442, 37, 3, 0, NULL, 'Antoine Simpson was successfully sold. Player will leave your team tomorrow', '2015-09-04 09:50:01', '2015-09-04 09:50:01'),
	(443, 12, 3, 0, NULL, 'Antoine Simpson has been bought. Player will join your team tomorrow', '2015-09-04 09:50:01', '2015-09-04 09:50:01'),
	(444, 5, 3, 1, NULL, 'Antoine Simpson has not been bought.', '2015-09-04 09:50:01', '2015-09-04 17:39:24'),
	(445, 12, 3, 0, NULL, 'Antoine Simpson has not been bought.', '2015-09-04 09:50:01', '2015-09-04 09:50:01'),
	(446, 26, 3, 0, NULL, 'Antoine Simpson has not been bought.', '2015-09-04 09:50:01', '2015-09-04 09:50:01'),
	(447, 36, 3, 0, NULL, 'James Evans was successfully sold. Player will leave your team tomorrow', '2015-09-04 10:10:02', '2015-09-04 10:10:02'),
	(448, 12, 3, 0, NULL, 'James Evans has been bought. Player will join your team tomorrow', '2015-09-04 10:10:02', '2015-09-04 10:10:02'),
	(449, 13, 1, 1, NULL, 'You have been invited to friendly rally Rajd Szczecin', '2015-09-04 10:39:47', '2015-09-04 10:40:33');
/*!40000 ALTER TABLE `user_notification` ENABLE KEYS */;


-- Zrzut struktury tabela ral.user_premium_log
CREATE TABLE IF NOT EXISTS `user_premium_log` (
  `id` int(11) NOT NULL AUTO_INCREMENT,
  `amount` bigint(20) DEFAULT NULL,
  `user_id` bigint(20) DEFAULT NULL,
  `income` tinyint(1) DEFAULT '1',
  `description` varchar(255) DEFAULT NULL,
  `created_at` datetime NOT NULL,
  `updated_at` datetime NOT NULL,
  `deleted_at` datetime DEFAULT NULL,
  PRIMARY KEY (`id`)
) ENGINE=MyISAM AUTO_INCREMENT=54 DEFAULT CHARSET=utf8;

-- Zrzucanie danych dla tabeli ral.user_premium_log: 53 rows
DELETE FROM `user_premium_log`;
/*!40000 ALTER TABLE `user_premium_log` DISABLE KEYS */;
INSERT INTO `user_premium_log` (`id`, `amount`, `user_id`, `income`, `description`, `created_at`, `updated_at`, `deleted_at`) VALUES
	(1, 15, 8, 0, 'Joined big rally Mountain Rally Norway', '2015-08-31 09:57:34', '2015-08-31 09:57:34', NULL),
	(2, 15, 5, 0, 'Joined big rally Mountain Rally Norway', '2015-08-31 14:23:25', '2015-08-31 14:23:25', NULL),
	(3, 40, 5, 0, '30 days gold membership', '2015-08-31 14:26:45', '2015-08-31 14:26:45', NULL),
	(4, 320, 5, 0, '360 days gold membership', '2015-08-31 14:33:56', '2015-08-31 14:33:56', NULL),
	(5, 320, 5, 0, '360 days gold membership', '2015-08-31 14:34:02', '2015-08-31 14:34:02', NULL),
	(6, 320, 5, 0, '360 days gold membership', '2015-08-31 14:34:06', '2015-08-31 14:34:06', NULL),
	(7, 320, 5, 0, '360 days gold membership', '2015-08-31 14:34:09', '2015-08-31 14:34:09', NULL),
	(8, 320, 5, 0, '360 days gold membership', '2015-08-31 14:34:13', '2015-08-31 14:34:13', NULL),
	(9, 320, 5, 0, '360 days gold membership', '2015-08-31 14:34:17', '2015-08-31 14:34:17', NULL),
	(10, 320, 5, 0, '360 days gold membership', '2015-08-31 14:34:21', '2015-08-31 14:34:21', NULL),
	(11, 320, 5, 0, '360 days gold membership', '2015-08-31 14:34:24', '2015-08-31 14:34:24', NULL),
	(12, 320, 5, 0, '360 days gold membership', '2015-08-31 14:34:35', '2015-08-31 14:34:35', NULL),
	(13, 320, 5, 0, '360 days gold membership', '2015-08-31 14:34:38', '2015-08-31 14:34:38', NULL),
	(14, 40, 5, 0, '30 days gold membership', '2015-08-31 14:38:56', '2015-08-31 14:38:56', NULL),
	(15, 40, 5, 0, '30 days gold membership', '2015-08-31 14:39:10', '2015-08-31 14:39:10', NULL),
	(16, 80, 5, 0, '90 days gold membership', '2015-08-31 14:39:23', '2015-08-31 14:39:23', NULL),
	(17, 160, 5, 0, '180 days gold membership', '2015-08-31 14:39:30', '2015-08-31 14:39:30', NULL),
	(18, 160, 5, 0, '180 days gold membership', '2015-08-31 14:39:37', '2015-08-31 14:39:37', NULL),
	(19, 160, 5, 0, '180 days gold membership', '2015-08-31 14:39:43', '2015-08-31 14:39:43', NULL),
	(20, 160, 5, 0, '180 days gold membership', '2015-08-31 14:39:51', '2015-08-31 14:39:51', NULL),
	(21, 320, 5, 0, '360 days gold membership', '2015-08-31 14:39:55', '2015-08-31 14:39:55', NULL),
	(22, 320, 5, 0, '360 days gold membership', '2015-08-31 14:39:59', '2015-08-31 14:39:59', NULL),
	(23, 320, 5, 0, '360 days gold membership', '2015-08-31 14:40:03', '2015-08-31 14:40:03', NULL),
	(24, 320, 5, 0, '360 days gold membership', '2015-08-31 14:40:10', '2015-08-31 14:40:10', NULL),
	(25, 320, 6, 0, '360 days gold membership', '2015-08-31 16:42:08', '2015-08-31 16:42:08', NULL),
	(26, 320, 6, 0, '360 days gold membership', '2015-08-31 16:42:12', '2015-08-31 16:42:12', NULL),
	(27, 320, 6, 0, '360 days gold membership', '2015-08-31 16:42:28', '2015-08-31 16:42:28', NULL),
	(28, 320, 6, 0, '360 days gold membership', '2015-08-31 16:42:31', '2015-08-31 16:42:31', NULL),
	(29, 320, 6, 0, '360 days gold membership', '2015-08-31 16:42:37', '2015-08-31 16:42:37', NULL),
	(30, 320, 6, 0, '360 days gold membership', '2015-08-31 16:42:41', '2015-08-31 16:42:41', NULL),
	(31, 5, 6, 0, 'Joined big rally Mountain Rally Norway', '2015-08-31 16:46:33', '2015-08-31 16:46:33', NULL),
	(32, 5, 6, 0, 'Joined big rally Mountain Rally Norway', '2015-08-31 16:46:41', '2015-08-31 16:46:41', NULL),
	(33, 10, 26, 0, 'Creation of friendly rally Rajd Rzeszów', '2015-09-01 10:14:09', '2015-09-01 10:14:09', NULL),
	(34, 10, 7, 0, 'Joined friendly rally Rajd Rzeszów', '2015-09-01 15:29:17', '2015-09-01 15:29:17', NULL),
	(35, 40, 9, 0, '30 days gold membership', '2015-09-01 17:34:34', '2015-09-01 17:34:34', NULL),
	(36, 5, 9, 0, 'Joined big rally Mountain Rally Norway', '2015-09-01 17:38:20', '2015-09-01 17:38:20', NULL),
	(37, 320, 20, 0, '360 days gold membership', '2015-09-01 17:52:42', '2015-09-01 17:52:42', NULL),
	(38, 320, 20, 0, '360 days gold membership', '2015-09-01 17:52:47', '2015-09-01 17:52:47', NULL),
	(39, 320, 20, 0, '360 days gold membership', '2015-09-01 17:53:05', '2015-09-01 17:53:05', NULL),
	(40, 10, 12, 0, 'Joined friendly rally Rajd Rzeszów', '2015-09-01 22:38:45', '2015-09-01 22:38:45', NULL),
	(41, 320, 12, 0, '360 days gold membership', '2015-09-01 22:42:20', '2015-09-01 22:42:20', NULL),
	(42, 320, 7, 0, '360 days gold membership', '2015-09-01 23:54:53', '2015-09-01 23:54:53', NULL),
	(43, 10, 2, 0, 'Joined friendly rally Rajd Rzeszów', '2015-09-02 10:02:22', '2015-09-02 10:02:22', NULL),
	(44, 10, 8, 0, 'Joined friendly rally Rajd Rzeszów', '2015-09-02 10:15:34', '2015-09-02 10:15:34', NULL),
	(45, 10, 9, 1, 'Payback for canceled friendly rally Rajd Sosnowca', '2015-09-02 14:00:01', '2015-09-02 14:00:01', NULL),
	(46, 10, 9, 1, 'Payback for canceled friendly rally Rajd Sosnowca', '2015-09-02 14:00:01', '2015-09-02 14:00:01', NULL),
	(47, 10, 2, 0, 'Creation of friendly rally Test rally', '2015-09-03 11:06:47', '2015-09-03 11:06:47', NULL),
	(48, 10, 26, 0, 'Creation of friendly rally Rajd Kraków', '2015-09-04 10:29:32', '2015-09-04 10:29:32', NULL),
	(49, 10, 26, 0, 'Creation of friendly rally Rajd Warszawa', '2015-09-04 10:32:34', '2015-09-04 10:32:34', NULL),
	(50, 10, 26, 0, 'Creation of friendly rally Rajd Szczecin', '2015-09-04 10:39:16', '2015-09-04 10:39:16', NULL),
	(51, 10, 13, 0, 'Joined friendly rally Rajd Szczecin', '2015-09-04 10:51:59', '2015-09-04 10:51:59', NULL),
	(52, 10, 13, 0, 'Creation of friendly rally Rajd Gdynia', '2015-09-04 10:53:22', '2015-09-04 10:53:22', NULL),
	(53, 320, 2, 0, '360 days gold membership', '2015-09-04 13:50:18', '2015-09-04 13:50:18', NULL);
/*!40000 ALTER TABLE `user_premium_log` ENABLE KEYS */;


-- Zrzut struktury tabela ral.user_profile
CREATE TABLE IF NOT EXISTS `user_profile` (
  `id` int(11) NOT NULL AUTO_INCREMENT,
  `user_id` int(11) DEFAULT NULL,
  `about` longtext,
  `address` varchar(255) DEFAULT NULL,
  `postal_code` varchar(128) DEFAULT NULL,
  `phone` varchar(255) DEFAULT NULL,
  `company_name` varchar(255) DEFAULT NULL,
  `city` varchar(255) DEFAULT NULL,
  `province` varchar(255) DEFAULT NULL,
  `province_id` int(11) DEFAULT NULL,
  `city_id` int(11) DEFAULT NULL,
  `website` varchar(255) DEFAULT NULL,
  `nip` varchar(255) DEFAULT NULL,
  `proxy_name` varchar(255) DEFAULT NULL,
  `photo_root_id` varchar(255) DEFAULT NULL,
  `created_at` datetime NOT NULL,
  `updated_at` datetime NOT NULL,
  `deleted_at` datetime DEFAULT NULL,
  PRIMARY KEY (`id`),
  KEY `photo_root_id_idx` (`photo_root_id`),
  KEY `province_id_idx` (`province_id`),
  KEY `city_id_idx` (`city_id`),
  KEY `user_id_idx` (`user_id`)
) ENGINE=MyISAM AUTO_INCREMENT=56 DEFAULT CHARSET=utf8;

-- Zrzucanie danych dla tabeli ral.user_profile: 34 rows
DELETE FROM `user_profile`;
/*!40000 ALTER TABLE `user_profile` DISABLE KEYS */;
INSERT INTO `user_profile` (`id`, `user_id`, `about`, `address`, `postal_code`, `phone`, `company_name`, `city`, `province`, `province_id`, `city_id`, `website`, `nip`, `proxy_name`, `photo_root_id`, `created_at`, `updated_at`, `deleted_at`) VALUES
	(1, 1, 'aa', NULL, NULL, NULL, NULL, NULL, NULL, NULL, NULL, NULL, NULL, NULL, NULL, '0000-00-00 00:00:00', '0000-00-00 00:00:00', NULL),
	(2, 2, NULL, NULL, NULL, NULL, NULL, NULL, NULL, NULL, NULL, NULL, NULL, NULL, NULL, '0000-00-00 00:00:00', '0000-00-00 00:00:00', NULL),
	(3, NULL, NULL, NULL, '55-555', NULL, NULL, 'Miasto', NULL, NULL, NULL, NULL, '12345678912', NULL, NULL, '2013-10-30 12:35:17', '2013-10-30 12:35:17', NULL),
	(4, NULL, NULL, NULL, '55-555', NULL, 'Nazwisko Imie', 'Miasto', NULL, NULL, NULL, NULL, '12345678912', NULL, NULL, '2013-10-30 12:36:08', '2013-10-30 12:36:08', NULL),
	(5, NULL, NULL, 'ulicanowa 1234/12', '11-111', NULL, 'Nazwisko Imie', 'miastonowe', NULL, NULL, NULL, NULL, '12345678912', NULL, NULL, '2013-10-30 12:39:39', '2013-10-30 12:39:39', NULL),
	(6, 29, NULL, 'ulicanowa 1234/12', '11-111', NULL, 'Nazwisko Imie', 'miastonowe', NULL, NULL, NULL, NULL, '12345678912', NULL, NULL, '2013-10-30 12:40:24', '2013-10-30 12:40:24', NULL),
	(7, 30, NULL, NULL, NULL, NULL, 'Nazw Imie', NULL, NULL, NULL, NULL, NULL, NULL, NULL, NULL, '2013-10-30 14:10:31', '2013-10-30 14:10:31', NULL),
	(8, NULL, NULL, NULL, NULL, NULL, NULL, NULL, NULL, NULL, NULL, NULL, NULL, NULL, NULL, '2013-10-30 14:13:25', '2013-10-30 14:13:25', NULL),
	(9, NULL, NULL, NULL, NULL, NULL, NULL, NULL, NULL, NULL, NULL, NULL, NULL, NULL, NULL, '2013-10-30 14:16:00', '2013-10-30 14:16:00', NULL),
	(10, 33, NULL, NULL, NULL, NULL, 'ostr adam', NULL, NULL, NULL, NULL, NULL, NULL, NULL, NULL, '2013-10-30 14:17:08', '2013-10-30 14:17:08', NULL),
	(11, 34, NULL, NULL, NULL, NULL, 'ostr adam', NULL, NULL, NULL, NULL, NULL, NULL, NULL, NULL, '2013-10-30 14:19:14', '2013-10-30 14:19:14', NULL),
	(12, 35, NULL, NULL, NULL, NULL, 'test dobry', NULL, NULL, NULL, NULL, NULL, NULL, NULL, NULL, '2013-10-30 14:25:27', '2013-10-30 14:25:27', NULL),
	(13, NULL, NULL, 'ulica 11/2', '11-111', NULL, 'carm melo', 'misato', NULL, NULL, NULL, NULL, '', NULL, NULL, '2013-10-30 14:26:41', '2013-10-30 14:26:41', NULL),
	(14, 37, NULL, 'sadsa 11/1', '11-111', NULL, 'firma', 'miasto', NULL, NULL, NULL, NULL, '', NULL, NULL, '2013-10-30 14:28:15', '2013-10-30 14:28:15', NULL),
	(15, 38, NULL, 'sadsa 11/1', '11-111', NULL, 'firma', 'miasto', NULL, NULL, NULL, NULL, '', NULL, NULL, '2013-10-30 14:29:23', '2013-10-30 14:29:23', NULL),
	(16, 39, NULL, 'firmaaa 55/5', '11-111', NULL, 'firma', 'miaaa', NULL, NULL, NULL, NULL, '', NULL, NULL, '2013-10-30 14:32:33', '2013-10-30 14:32:33', NULL),
	(17, 40, NULL, 'ulica 11/1', '22-222', NULL, 'fiiaaa', 'miaaa', NULL, NULL, NULL, NULL, '', NULL, NULL, '2013-10-30 14:35:17', '2013-10-30 14:35:17', NULL),
	(18, 41, NULL, 'ulica 11/1', '22-222', NULL, 'fiiaaa', 'miaaa', NULL, NULL, NULL, NULL, '', NULL, NULL, '2013-10-30 14:35:58', '2013-10-30 14:35:58', NULL),
	(19, 42, NULL, 'sadsada 11/1', '22-222', NULL, 'fiii', 'mmsaaa', NULL, NULL, NULL, NULL, '', NULL, NULL, '2013-10-30 14:37:09', '2013-10-30 14:37:09', NULL),
	(20, 43, NULL, 'lucoa 11/1', '22-222', NULL, 'lucoa', 'lucoa', NULL, NULL, NULL, NULL, '', NULL, NULL, '2013-10-31 08:29:19', '2013-10-31 08:29:19', NULL),
	(42, 42, NULL, 'nnuli 77/7', '77-777', NULL, 'nnwfirm', 'nnmias', NULL, NULL, NULL, NULL, NULL, NULL, NULL, '2013-10-31 09:06:01', '2013-10-31 09:06:01', NULL),
	(43, 45, NULL, 'niemie 55/5', '55-555', NULL, NULL, 'niemm', NULL, NULL, NULL, NULL, NULL, NULL, NULL, '2013-10-31 13:21:19', '2013-10-31 13:21:19', NULL),
	(44, 46, NULL, 'niemie 55/5', '55-555', NULL, NULL, 'niemm', NULL, NULL, NULL, NULL, NULL, NULL, NULL, '2013-10-31 13:21:37', '2013-10-31 13:21:37', NULL),
	(45, 47, NULL, 'ulkica 11/1', '11-111', '12345678', NULL, 'miasto', NULL, NULL, NULL, NULL, NULL, NULL, NULL, '2013-11-21 08:03:17', '2013-11-21 08:03:17', NULL),
	(46, 48, NULL, 'TeUlica 55/1', '44-444', NULL, '', 'TeMiasto', NULL, NULL, NULL, NULL, '', NULL, NULL, '2013-12-02 11:13:16', '2013-12-02 11:13:16', NULL),
	(47, 49, NULL, 'ull 123/3', '66-111', NULL, '', 'miasto', NULL, NULL, NULL, NULL, '', NULL, NULL, '2013-12-02 11:26:27', '2013-12-02 11:26:27', NULL),
	(48, 50, NULL, 'ulica 55/22', '22-222', NULL, '', 'miasto', NULL, NULL, NULL, NULL, '', NULL, NULL, '2013-12-02 11:27:48', '2013-12-02 11:27:48', NULL),
	(49, 51, NULL, 'aaa 11/1', '11-111', NULL, 'aaaa', 'adsada', NULL, NULL, NULL, NULL, '', NULL, NULL, '2013-12-02 11:28:29', '2013-12-02 11:28:29', NULL),
	(50, 52, NULL, 'dydyd 11/1', '11-111', NULL, 'dydyd', 'dydyd', NULL, NULL, NULL, NULL, '', NULL, NULL, '2013-12-02 11:30:11', '2013-12-02 11:30:11', NULL),
	(51, 53, NULL, 'Mike 11/1', '11-111', NULL, 'Mike', 'mikebrown', NULL, NULL, NULL, NULL, '', NULL, NULL, '2013-12-02 11:58:48', '2013-12-02 11:58:48', NULL),
	(52, 54, NULL, 'lucoa 11/1', '22-222', '111222333', NULL, 'lucoa', NULL, NULL, NULL, NULL, NULL, NULL, NULL, '2013-12-02 12:36:04', '2013-12-02 12:36:04', NULL),
	(53, 55, NULL, 'lucoa 11/1', '22-222', '99887766', NULL, 'lucoa', NULL, NULL, NULL, NULL, NULL, NULL, NULL, '2013-12-12 10:56:12', '2013-12-12 10:56:12', NULL),
	(54, 56, NULL, 'lucoa 11/1', '22-222', '99887766', NULL, 'lucoa', NULL, NULL, NULL, NULL, NULL, NULL, NULL, '2013-12-17 11:31:32', '2013-12-17 11:31:32', NULL),
	(55, 57, NULL, 'Ulica 11/1', '11-111', NULL, '', 'Miasto', NULL, NULL, NULL, NULL, '', NULL, NULL, '2014-01-28 10:05:58', '2014-01-28 10:05:58', NULL);
/*!40000 ALTER TABLE `user_profile` ENABLE KEYS */;


-- Zrzut struktury tabela ral.user_update
CREATE TABLE IF NOT EXISTS `user_update` (
  `id` int(11) NOT NULL AUTO_INCREMENT,
  `user_id` int(11) DEFAULT NULL,
  `token` varchar(255) DEFAULT NULL,
  `type` varchar(255) DEFAULT NULL,
  `value` varchar(255) DEFAULT NULL,
  PRIMARY KEY (`id`),
  KEY `user_id_idx` (`user_id`)
) ENGINE=MyISAM DEFAULT CHARSET=utf8;

-- Zrzucanie danych dla tabeli ral.user_update: 0 rows
DELETE FROM `user_update`;
/*!40000 ALTER TABLE `user_update` DISABLE KEYS */;
/*!40000 ALTER TABLE `user_update` ENABLE KEYS */;


-- Zrzut struktury tabela ral.user_user
CREATE TABLE IF NOT EXISTS `user_user` (
  `id` int(11) NOT NULL AUTO_INCREMENT,
  `first_name` varchar(255) DEFAULT NULL,
  `last_name` varchar(255) DEFAULT NULL,
  `email` varchar(255) DEFAULT NULL,
  `username` varchar(255) DEFAULT NULL,
  `salt` varchar(255) DEFAULT NULL,
  `password` varchar(255) DEFAULT NULL,
  `role` varchar(255) DEFAULT NULL,
  `token` varchar(255) DEFAULT NULL,
  `active` tinyint(1) DEFAULT '1',
  `register_ip` varchar(255) DEFAULT NULL,
  `register_hostname` varchar(255) DEFAULT NULL,
  `country` varchar(255) DEFAULT NULL,
  `hide_details` tinyint(1) NOT NULL DEFAULT '1',
  `premium` bigint(20) DEFAULT NULL,
  `referer` bigint(20) DEFAULT NULL,
  `referer_not_active` tinyint(1) NOT NULL DEFAULT '0',
  `gold_member` tinyint(1) NOT NULL DEFAULT '0',
  `gold_member_expire` datetime DEFAULT NULL,
  `referer_paid` tinyint(1) DEFAULT '0',
  `created_at` datetime NOT NULL,
  `last_active` datetime DEFAULT NULL,
  `updated_at` datetime NOT NULL,
  `deleted_at` datetime DEFAULT NULL,
  PRIMARY KEY (`id`)
) ENGINE=MyISAM AUTO_INCREMENT=49 DEFAULT CHARSET=utf8;

-- Zrzucanie danych dla tabeli ral.user_user: 41 rows
DELETE FROM `user_user`;
/*!40000 ALTER TABLE `user_user` DISABLE KEYS */;
INSERT INTO `user_user` (`id`, `first_name`, `last_name`, `email`, `username`, `salt`, `password`, `role`, `token`, `active`, `register_ip`, `register_hostname`, `country`, `hide_details`, `premium`, `referer`, `referer_not_active`, `gold_member`, `gold_member_expire`, `referer_paid`, `created_at`, `last_active`, `updated_at`, `deleted_at`) VALUES
	(1, NULL, NULL, 'kardi31@o2.pl', 'kardi3', '3cd8ce9308484e3cbb0ebb34cb3f8eb9', '4194733cdc8a0ebca945ea2c4a9b9d1b', 'admin', '3cd8ce9308484e3cbb0ebb34cb3f8eb9', 1, NULL, NULL, NULL, 1, NULL, NULL, 0, 0, NULL, 0, '0000-00-00 00:00:00', '2015-08-26 11:07:47', '2015-08-26 11:07:47', NULL),
	(2, 'Firstname', 'Lastname', 'kardi31@tlen.pl', 'kk33', 'd4224b5a330fa0e3e6f445fb1c49c957', 'eb0f5edb0410746b0ac90ed65f809cbf', 'user', 'd4224b5a330fa0e3e6f445fb1c49c957', 1, NULL, NULL, 'PL', 1, 460, NULL, 0, 1, '2016-08-29 13:50:18', 0, '2015-08-25 17:12:31', '2015-09-19 20:39:40', '2015-09-19 20:39:40', NULL),
	(3, NULL, NULL, 'curt1996@o2.pl', 'curtchan', 'e8270b44d45e1d923b69090b99baf467', '8267aa28c4102b52d079e0c9de1d5aa0', 'user', 'bd8d4c7079e5542471d65b42e66c2f5a', 1, NULL, NULL, NULL, 1, NULL, NULL, 0, 0, NULL, 0, '2015-08-25 18:56:14', '2015-09-03 18:22:48', '2015-09-03 18:22:48', NULL),
	(4, NULL, NULL, 'pejhi@interia.pl', 'Pejhi', '62eafbb0b111cf208a179e11fafa001f', 'bb3a77045a5228b2741fcaae2e6f47e4', 'user', '813e2050c71b0f4b3fcf2727b0414f82', 1, NULL, NULL, NULL, 1, NULL, NULL, 0, 0, NULL, 0, '2015-08-25 19:03:54', NULL, '2015-08-31 14:27:42', NULL),
	(5, NULL, NULL, 'patryk.pastuch@interia.pl', 'droyet', 'e93db57c0ca5c0d026136079b0c3af04', '0a7ead6e487df17dbc6ef1d17327b801', 'user', '6472b22c9df86fa670a40b0b169c02ea', 1, NULL, NULL, NULL, 1, 9223372036854770527, NULL, 0, 1, '2031-12-05 14:26:45', 0, '2015-08-25 19:07:32', '2015-09-04 17:39:24', '2015-09-04 17:39:24', NULL),
	(6, NULL, NULL, 'tony.morgan@interia.pl', 'tonymorgan', '3e4ed263221f2cd2326ac453a7afe66d', '09aaf0cd18e916aa45c1512e27506500', 'user', 'f5bd8cb4e5529d198ef9a3b9a0a1330c', 0, NULL, NULL, NULL, 1, 98070, NULL, 0, 1, '2021-07-30 16:42:08', 0, '2015-08-26 06:36:58', '2015-08-31 18:07:08', '2015-08-31 18:07:08', NULL),
	(7, NULL, NULL, 'lblaszkowski@onet.pl', 'wilk09', 'c1f05b67445681bd1b920c59ba785059', '589af082aa30baa2756d45aa266a6596', 'user', '88f557e78c0050c4c6ad5a4f6f2a8722', 1, NULL, NULL, NULL, 1, 221992, NULL, 0, 1, '2016-08-26 23:54:53', 0, '2015-08-26 08:29:28', '2015-09-04 22:18:09', '2015-09-04 22:18:09', NULL),
	(8, NULL, NULL, 'pkruczekt@gmail.com', 'Yoshimori', 'd9d692949b6d84ba4654699c118398b4', '22b831c5eb97fb6313f682838e019088', 'user', 'ebf5a862e0bc0e6b5b4716d772e13907', 1, NULL, NULL, NULL, 1, 1175, NULL, 0, 0, NULL, 0, '2015-08-26 10:22:31', '2015-09-04 15:19:04', '2015-09-04 15:19:04', NULL),
	(9, NULL, NULL, 'maciej.kaczor92@gmail.com', 'hangeyes', '5ea2a8a5d9f43c5cfd44eafc0d103221', '7290e874f9ca214c0ab26a7bde6303c1', 'user', '3e3ea056b409615086b52b941d23ca79', 1, NULL, NULL, NULL, 1, 9223372036854775807, NULL, 0, 1, '2015-10-01 17:34:34', 0, '2015-08-26 10:59:40', '2015-09-04 12:48:07', '2015-09-04 12:48:07', NULL),
	(10, NULL, NULL, 'wesolowskimaciej@o2.pl', 'Tester', 'b71e4a7ba2376e963858e1782e7884ae', 'a149e74121c7ab756f2693d97a2fb391', 'user', 'e839822428fbd45c3cfdecad6167b507', 1, NULL, NULL, NULL, 1, NULL, NULL, 0, 0, NULL, 0, '2015-08-26 11:13:51', '2015-08-26 11:42:52', '2015-08-26 11:42:52', NULL),
	(11, NULL, NULL, 'kaczor.m92@gmail.com', 'testy', '34756e3b501d1eeb270db8e6111a3465', 'bbccbd819ae441f6f6d62eaa9822c606', 'user', '427cf0ce5eb71520d22cbe2b01a0e0ef', 0, NULL, NULL, NULL, 1, NULL, NULL, 0, 0, NULL, 0, '2015-08-26 11:18:00', NULL, '2015-08-26 11:18:00', NULL),
	(12, NULL, NULL, 'weronika.serafin@wp.pl', 'werka0705', '3636ecf5a0a0e3827b496604fabfed89', '7053defb8eae73481065617ee50d6415', 'user', '59d771d0481fdd73672b5513a081e701', 1, NULL, NULL, NULL, 1, 2070, NULL, 0, 1, '2016-08-26 22:42:20', 0, '2015-08-26 13:11:45', '2015-09-03 22:39:07', '2015-09-03 22:39:07', NULL),
	(13, NULL, NULL, 'pawel.stepak.ps@gmail.com', 'pawel', 'c10f25c68d3a669c5c7f0f00488e1922', '14e0a59d7dc4f50eb72f50e31b7b3c02', 'user', '45b05aa07b852258808cc48ba0b282d7', 1, NULL, NULL, NULL, 1, 80, NULL, 0, 0, NULL, 0, '2015-08-26 14:21:13', '2015-09-04 14:10:20', '2015-09-04 14:10:20', NULL),
	(14, NULL, NULL, 'ps.mlody@gmail.com', 'pawel1', 'c8d4a0ebdcd5a2002b0939ff7d76c4ef', 'd35d99a04580864669b0a4153ae143a5', 'user', '87049999637c356e3cd28fbb5194b2a9', 1, NULL, NULL, NULL, 1, NULL, NULL, 0, 0, NULL, 0, '2015-08-26 14:33:08', '2015-09-03 09:24:55', '2015-09-03 09:24:55', NULL),
	(15, NULL, NULL, 'DOTA2PG@GMAIL.COM', 'LOSIEKKRK26', '5c2eab8eb81d4450418e53231ee85835', 'e3467127ee4d00518394213c03906b8f', 'user', 'a064930b96344ddb6414fb2e52f5d74b', 1, NULL, NULL, NULL, 1, NULL, NULL, 0, 0, NULL, 0, '2015-08-26 20:16:29', '2015-08-26 20:22:30', '2015-08-26 20:22:30', NULL),
	(16, NULL, NULL, 'wilk9@poczta.onet.pl', 'wilk9', 'ffdee8f8ee592bb81880f89d931e66e0', 'd2c2b0b51b883c660f3458cb67d9a55f', 'user', 'e8ad926767d978932d4df5fa4d87508a', 1, NULL, NULL, NULL, 1, NULL, NULL, 0, 0, NULL, 0, '2015-08-26 23:51:17', '2015-09-04 19:29:32', '2015-09-04 19:29:32', NULL),
	(17, NULL, NULL, 'ebi.stanczak@onet.pl', 'wilk009', '08341f44e84a3635e1a9b2e035e76369', '0bc62c832ba02480cbe5fe231ad1bd19', 'user', 'a37870da209c7303b3445162b530fbec', 1, NULL, NULL, NULL, 1, NULL, NULL, 0, 0, NULL, 0, '2015-08-27 00:38:20', '2015-09-04 19:28:14', '2015-09-04 19:28:14', NULL),
	(18, NULL, NULL, 'lblaszkowski9@gmail.com', 'wilk0009', '0ffbde2bfc6bbb636e148f1e8a998770', '87363c1eb49df63a3e03cfc15a9b4661', 'user', 'e9b178d744fa344d98fdabfea9244d93', 1, NULL, NULL, NULL, 1, NULL, NULL, 0, 0, NULL, 0, '2015-08-27 01:06:20', '2015-09-04 19:29:58', '2015-09-04 19:29:58', NULL),
	(19, NULL, NULL, 'czarek77774@wp.pl', 'Czarcik', 'ede81a46e170ca00228f77ac63f795e0', 'c4f9980fc19881b5b0dff72d59428a90', 'user', '89c5c7aae74eb8b6df403325d9a9353c', 0, NULL, NULL, NULL, 1, NULL, NULL, 0, 0, NULL, 0, '2015-08-27 07:05:42', NULL, '2015-08-27 07:05:42', NULL),
	(20, NULL, NULL, 'hangeyes@gmail.com', 'hangeyes2', 'c66c626dee0254849d04642e54c58943', '97753116fd3e9228202da8c9e3e47b46', 'user', '3bd0a38e68c4971303c0f66aa84295ce', 1, NULL, NULL, NULL, 1, 9223372036854774847, NULL, 0, 1, '2018-08-16 17:52:42', 0, '2015-08-27 14:44:08', '2015-09-06 21:25:53', '2015-09-06 21:25:53', NULL),
	(21, NULL, NULL, 'stepienp22@gmail.com', 'pawel2', '0de62887b521be66646ebe0a28cc4188', '38a6946d6338297b7416bf49102367bc', 'user', 'd6649447ecc703837e4fba2a9d51a931', 1, NULL, NULL, NULL, 1, NULL, NULL, 0, 0, NULL, 0, '2015-08-28 10:11:51', '2015-09-02 09:04:03', '2015-09-02 09:04:03', NULL),
	(22, NULL, NULL, 'pawekim@wp.pl', 'pawekim', '1a9aef9e546ce3c3c40de511808946d0', '51f08f4da8d69cc2f9d9bc8f4aa1cdc2', 'user', '3d34820d6f33a4cff84588f1bc1a1649', 0, NULL, NULL, NULL, 1, NULL, NULL, 0, 0, NULL, 0, '2015-08-28 21:05:27', NULL, '2015-08-28 21:05:27', NULL),
	(23, NULL, NULL, 'peop_1157475@kardimobile.pl', 'peop_1157475', 'ce9e1bd7348a1e5b8300ddf092e800dc', '08c342ac259d76bd8af7b50a9d1fdf4f', 'user', '79fcb9b47d5c6c8eb338b777e47088fe', 1, NULL, NULL, NULL, 1, 188, NULL, 0, 0, NULL, 0, '2015-08-29 20:48:39', '2015-08-31 11:04:03', '2015-08-31 11:04:03', NULL),
	(24, NULL, NULL, 'peop_1177531@kardimobile.pl', 'peop_1177531', '2d2773b83db5da1b0456ebca4f030570', 'd3faa9efb6ff06d111120d1f876f98d7', 'user', '0651ebbbdf21333445f6cc009a6de897', 1, NULL, NULL, NULL, 1, NULL, NULL, 0, 0, NULL, 0, '2015-08-29 20:48:39', '2015-08-31 10:29:51', '2015-08-31 10:29:51', NULL),
	(25, NULL, NULL, 'peop_1089502@kardimobile.pl', 'peop_1089502', '24ab72431f5bf5a95a5eab51560a9b48', 'cef55e946b8d701dac3367d1584fc3b3', 'user', '0830b97b387093655eb3ff405816f995', 1, NULL, NULL, NULL, 1, NULL, NULL, 0, 0, NULL, 0, '2015-08-29 20:48:39', '2015-08-31 10:30:15', '2015-08-31 10:30:15', NULL),
	(26, NULL, NULL, 'peop_1161965@kardimobile.pl', 'peop_1161965', 'fd9443b95ed5326f6e86e17afe5b74bc', '0cfa773f7e9647e0fe3b36c21c0c234a', 'user', '9a9a5a044533961c64362bcdd5abdefd', 1, NULL, NULL, NULL, 1, 80, NULL, 0, 0, NULL, 0, '2015-08-29 20:48:39', '2015-09-04 10:55:37', '2015-09-04 10:55:37', NULL),
	(27, NULL, NULL, 'peop_1189462@kardimobile.pl', 'peop_1189462', 'cda33d2d4fe10139de6e5db4d115f5a3', '2be19e80baec252c830dd3fb9cf653f8', 'user', '833ab10751146f2146f212c4372de0e0', 1, NULL, NULL, NULL, 1, NULL, NULL, 0, 0, NULL, 0, '2015-08-29 20:48:39', NULL, '2015-08-29 20:48:39', NULL),
	(28, NULL, NULL, 'peop_1018933@kardimobile.pl', 'peop_1018933', '609d99dd0d6409cd6caf7b219ee1655a', '00bc033d5e6400067a7bc392c57a7b8b', 'user', '156713737eef7ca6c22d286b94e3388a', 1, NULL, NULL, NULL, 1, NULL, NULL, 0, 0, NULL, 0, '2015-08-29 20:48:39', NULL, '2015-08-29 20:48:39', NULL),
	(29, NULL, NULL, 'peop_1172350@kardimobile.pl', 'peop_1172350', 'd2dccff7022f2f8a0855570dffb12a61', '93fd0d2f2c8cde9ac72f7e418591897c', 'user', 'a724ab875b7f51093c33fcca14dd1e33', 1, NULL, NULL, NULL, 1, NULL, NULL, 0, 0, NULL, 0, '2015-08-29 20:48:39', NULL, '2015-08-29 20:48:39', NULL),
	(30, NULL, NULL, 'peop_1128877@kardimobile.pl', 'peop_1128877', '0d7055206cf34169f39f98945dfcb191', '2b03f054d43d1c31d156a41ff721ab73', 'user', '4346208fd7f3b45f5a5d25406c741d1f', 1, NULL, NULL, NULL, 1, NULL, NULL, 0, 0, NULL, 0, '2015-08-29 20:48:39', '2015-08-30 10:57:44', '2015-08-30 10:57:44', NULL),
	(31, NULL, NULL, 'peop_1104585@kardimobile.pl', 'peop_1104585', '65663f7215b167ede6d082d07eb500e3', '176cf8a3c944efeb3e33abfb46df2d50', 'user', '86fb0426434be676859137fafd078c3d', 1, NULL, NULL, NULL, 1, NULL, NULL, 0, 0, NULL, 0, '2015-08-29 20:48:39', NULL, '2015-08-29 20:48:39', NULL),
	(32, NULL, NULL, 'peop_1074885@kardimobile.pl', 'peop_1074885', '2fb7370e0520ad9026df3468bb860e93', '81cfb69335f6da9eb1c042520806690a', 'user', 'ded21195cb7fbbe126bc778b4631ad1a', 1, NULL, NULL, NULL, 1, NULL, NULL, 0, 0, NULL, 0, '2015-08-29 20:48:39', NULL, '2015-08-29 20:48:39', NULL),
	(33, NULL, NULL, 'peop_1005864@kardimobile.pl', 'peop_1005864', 'b89c96fb8a13845eb22b069ce35f45d7', '6535b0dab88ea5606add2fdcf86a45f8', 'user', '53cb7d7f1c567da9137902f8518dd50b', 1, NULL, NULL, NULL, 1, NULL, NULL, 0, 0, NULL, 0, '2015-08-29 20:48:39', '2015-08-30 10:25:41', '2015-08-30 10:25:41', NULL),
	(34, NULL, NULL, 'peop_1016546@kardimobile.pl', 'peop_1016546', 'a1457e77c91cfc6c7ee924a53a5e3688', '4d6c2cd9e9769e60262bd0d6712adaf7', 'user', '02137be0fd9fdbdc0a74eb830dbd25da', 1, NULL, NULL, NULL, 1, NULL, NULL, 0, 0, NULL, 0, '2015-08-29 20:48:39', NULL, '2015-08-29 20:48:39', NULL),
	(35, NULL, NULL, 'peop_1088402@kardimobile.pl', 'peop_1088402', '4740449c835ac056c52b4da12327a5da', '262c3399bfe679638ef42109cb6ff8a4', 'user', '7c1cdecb6067c0f606145ad1d0d9555d', 1, NULL, NULL, NULL, 1, NULL, NULL, 0, 0, NULL, 0, '2015-08-29 20:48:39', NULL, '2015-08-29 20:48:39', NULL),
	(36, NULL, NULL, 'peop_1000093@kardimobile.pl', 'peop_1000093', 'ff36c5350cd93f98a0b266b2d86934cb', '0ab8ae116f98fcd7f35c3969453fc3e3', 'user', '19eac57399e3ad3482652562b15c1149', 1, NULL, NULL, NULL, 1, NULL, NULL, 0, 0, NULL, 0, '2015-08-29 20:48:39', '2015-09-04 10:59:51', '2015-09-04 10:59:51', NULL),
	(37, NULL, NULL, 'peop_1056436@kardimobile.pl', 'peop_1056436', '4e82ab8ee709c5c311b4ad7a3def7517', 'ba080b243e96b3a98a5ce84e9bc78430', 'user', 'b87a802a2db16c493bd0fd85f7c256de', 1, NULL, NULL, NULL, 1, NULL, NULL, 0, 0, NULL, 0, '2015-08-29 20:48:39', '2015-09-01 09:47:51', '2015-09-01 09:47:51', NULL),
	(38, NULL, NULL, 'kaqua@vp.pl', 'useer', 'bf7e19e68ecd9d84fe5d1d57c66f05ac', '6b90d31cbafe202fb74b25f1b45a47cf', 'user', 'e13fe4af6b1d54205bdb653d694c4b79', 1, NULL, NULL, NULL, 1, NULL, NULL, 0, 0, NULL, 0, '2015-08-30 09:18:00', '2015-09-02 21:26:38', '2015-09-02 21:26:38', NULL),
	(39, NULL, NULL, 'bartbert@interia.pl', 'bartbert', '38c11655062c720600eb01952cf0644f', '2734f7ea51c3ff7be07ba69dde04ba8d', 'user', '3f50cbaf6acf66fd8988231bca549e81', 0, NULL, NULL, NULL, 1, NULL, NULL, 0, 0, NULL, 0, '2015-08-31 21:49:10', NULL, '2015-08-31 21:49:10', NULL),
	(40, NULL, NULL, 'adamadam235@interia.pl', '1234', 'ab93cce861bfdf53c58d9c44a1618f29', '33e50fdd0f0b8e040793e4dc90a07e51', 'user', 'd2cdd864b2ea76b02675864b58b7ae15', 1, NULL, NULL, NULL, 1, NULL, 36, 0, 0, NULL, 0, '2015-09-01 10:26:45', '2015-09-01 10:27:16', '2015-09-01 10:27:16', NULL),
	(48, NULL, NULL, 'tomasz.kardas20@gmail.com', 'tomek22', '688605fa5d7910b70dd7732d645cbf9c', '2ec07e1b91a8064f734d6dcbe55ea097', 'user', '541eca04bf867568d2c24e4855e052d1', 0, NULL, NULL, NULL, 1, NULL, NULL, 0, 0, NULL, 0, '2015-09-05 18:21:50', NULL, '2015-09-05 18:21:50', NULL);
/*!40000 ALTER TABLE `user_user` ENABLE KEYS */;


-- Zrzut struktury tabela ral.user_user_group
CREATE TABLE IF NOT EXISTS `user_user_group` (
  `user_id` int(11) NOT NULL DEFAULT '0',
  `group_id` int(11) NOT NULL DEFAULT '0',
  PRIMARY KEY (`user_id`,`group_id`),
  KEY `user_user_group_group_id_user_group_id` (`group_id`)
) ENGINE=MyISAM DEFAULT CHARSET=utf8;

-- Zrzucanie danych dla tabeli ral.user_user_group: 0 rows
DELETE FROM `user_user_group`;
/*!40000 ALTER TABLE `user_user_group` DISABLE KEYS */;
/*!40000 ALTER TABLE `user_user_group` ENABLE KEYS */;


-- Zrzut struktury widok ral.userwidok
-- Usuwanie tabeli tymczasowej i tworzenie ostatecznej struktury WIDOKU
DROP TABLE IF EXISTS `userwidok`;
CREATE ALGORITHM=UNDEFINED DEFINER=`root`@`localhost` VIEW `userwidok` AS SELECT u.id as uid,u.created_at as ucreated,u.last_active, t.id,t.league_name from team_team t inner join user_user u on t.user_id = u.id ;
/*!40101 SET SQL_MODE=IFNULL(@OLD_SQL_MODE, '') */;
/*!40014 SET FOREIGN_KEY_CHECKS=IF(@OLD_FOREIGN_KEY_CHECKS IS NULL, 1, @OLD_FOREIGN_KEY_CHECKS) */;
/*!40101 SET CHARACTER_SET_CLIENT=@OLD_CHARACTER_SET_CLIENT */;
