-- --------------------------------------------------------
-- Host:                         127.0.0.1
-- Server version:               5.6.21 - MySQL Community Server (GPL)
-- Server OS:                    Win32
-- HeidiSQL Version:             9.1.0.4867
-- --------------------------------------------------------

/*!40101 SET @OLD_CHARACTER_SET_CLIENT=@@CHARACTER_SET_CLIENT */;
/*!40101 SET NAMES utf8mb4 */;
/*!40014 SET @OLD_FOREIGN_KEY_CHECKS=@@FOREIGN_KEY_CHECKS, FOREIGN_KEY_CHECKS=0 */;
/*!40101 SET @OLD_SQL_MODE=@@SQL_MODE, SQL_MODE='NO_AUTO_VALUE_ON_ZERO' */;

-- Dumping structure for table ral.car_car
DROP TABLE IF EXISTS `car_car`;
CREATE TABLE IF NOT EXISTS `car_car` (
  `id` int(11) NOT NULL AUTO_INCREMENT,
  `model_id` bigint(20) DEFAULT NULL,
  `name` varchar(255) DEFAULT NULL,
  `team_id` bigint(20) DEFAULT NULL,
  `mileage` bigint(20) DEFAULT NULL,
  `value` bigint(20) DEFAULT NULL,
  `upkeep` bigint(20) DEFAULT NULL,
  `last_season_value_id` bigint(20) DEFAULT NULL,
  `on_market` tinyint(1) NOT NULL DEFAULT '0',
  `created_at` datetime NOT NULL,
  `updated_at` datetime NOT NULL,
  `deleted_at` datetime DEFAULT NULL,
  `last_name_change` datetime DEFAULT NULL,
  PRIMARY KEY (`id`)
) ENGINE=MyISAM AUTO_INCREMENT=23 DEFAULT CHARSET=utf8;

-- Dumping data for table ral.car_car: 22 rows
DELETE FROM `car_car`;
/*!40000 ALTER TABLE `car_car` DISABLE KEYS */;
INSERT INTO `car_car` (`id`, `model_id`, `name`, `team_id`, `mileage`, `value`, `upkeep`, `last_season_value_id`, `on_market`, `created_at`, `updated_at`, `deleted_at`, `last_name_change`) VALUES
	(1, 6, 'Mitsubishi Lancer Evo IX GT340 #0', 3, 0, 123000, 18450, 0, 0, '2015-08-04 16:27:18', '2015-08-11 18:00:09', NULL, NULL),
	(2, 15, 'Honda Civic Turbo Type R #1', 2, 0, 127000, 19050, 0, 0, '2015-08-04 16:27:18', '2015-08-11 18:00:09', NULL, NULL),
	(3, 16, 'Toyota Celica GT-Four ST205 #2', 3, 0, 119700, 17955, 0, 0, '2015-08-04 16:27:18', '2015-08-11 18:00:09', NULL, NULL),
	(4, 21, 'Skoda Octavia WRC #3', 4, 0, 115000, 17250, 0, 0, '2015-08-04 16:27:18', '2015-08-11 18:00:10', NULL, NULL),
	(5, 24, 'Volkswagen Polo R WRC #4', 5, 0, 133000, 19950, 0, 0, '2015-08-04 16:27:18', '2015-08-11 18:00:10', NULL, NULL),
	(6, 6, 'Mitsubishi Lancer Evo IX GT340 #5', 13, 0, 123000, 18450, 0, 0, '2015-08-04 16:27:18', '2015-08-12 02:20:01', NULL, NULL),
	(7, 15, 'Honda Civic Turbo Type R #6', 7, 0, 127000, 19050, 0, 0, '2015-08-04 16:27:18', '2015-08-11 18:00:11', NULL, NULL),
	(8, 16, 'Toyota Celica GT-Four ST205 #7', 3, 0, 119700, 17955, 0, 0, '2015-08-04 16:27:19', '2015-08-11 18:00:11', NULL, NULL),
	(9, 21, 'Skoda Octavia WRC #8', 9, 0, 115000, 17250, 0, 0, '2015-08-04 16:27:19', '2015-08-11 18:00:11', NULL, NULL),
	(10, 24, 'Volkswagen Polo R WRC #9', 10, 0, 133000, 19950, 0, 0, '2015-08-04 16:27:19', '2015-08-11 18:00:11', NULL, NULL),
	(11, 6, 'Mitsubishi Lancer Evo IX GT340 #10', 11, 0, 123000, 18450, 0, 0, '2015-08-04 16:27:19', '2015-08-11 18:00:12', NULL, NULL),
	(12, 15, 'Honda Civic Turbo Type R #11', 12, 0, 127000, 19050, 0, 0, '2015-08-04 16:27:19', '2015-08-11 18:00:12', NULL, NULL),
	(13, 16, 'Toyota Celica GT-Four ST205 #12', 13, 0, 119700, 17955, 0, 0, '2015-08-04 16:27:19', '2015-08-11 18:00:12', NULL, NULL),
	(14, 21, 'Skoda Octavia WRC #13', 14, 0, 115000, 17250, 0, 0, '2015-08-04 16:27:19', '2015-08-11 18:00:12', NULL, NULL),
	(15, 24, 'Volkswagen Polo R WRC #14', 15, 0, 133000, 19950, 0, 0, '2015-08-04 16:27:19', '2015-08-11 18:00:13', NULL, NULL),
	(16, 6, 'Mitsubishi Lancer Evo IX GT340 #15', 16, 0, 123000, 18450, 0, 0, '2015-08-04 17:01:16', '2015-08-11 18:00:13', NULL, NULL),
	(17, 15, 'Honda Civic Turbo Type R #16', 17, 0, 127000, 19050, 0, 0, '2015-08-04 17:18:34', '2015-08-11 18:00:13', NULL, NULL),
	(18, 16, 'Toyota Celica GT-Four ST205 #17', 13, 0, 119700, 17955, 0, 0, '2015-08-05 12:20:13', '2015-08-11 18:00:14', NULL, NULL),
	(19, 21, 'Skoda Octavia WRC #18', 18, 0, 115000, 17250, 0, 0, '2015-08-05 16:00:53', '2015-08-11 18:00:14', NULL, NULL),
	(20, 17, 'Proton Satria Neo Sport #19', 1, 0, 11000, 1650, 0, 0, '2015-08-11 17:27:28', '2015-08-11 18:00:14', NULL, NULL),
	(21, 4, 'Alfa Romeo Junior #20', 6, 0, 25000, 3750, 0, 0, '2015-08-11 17:33:15', '2015-08-11 18:00:14', NULL, NULL),
	(22, 5, 'Renault Clio III #21', 8, 0, 34000, 5100, 0, 0, '2015-08-11 17:39:28', '2015-08-11 18:00:15', NULL, NULL);
/*!40000 ALTER TABLE `car_car` ENABLE KEYS */;


-- Dumping structure for table ral.car_car_models
DROP TABLE IF EXISTS `car_car_models`;
CREATE TABLE IF NOT EXISTS `car_car_models` (
  `id` int(11) NOT NULL AUTO_INCREMENT,
  `name` varchar(255) DEFAULT NULL,
  `capacity` bigint(20) DEFAULT NULL,
  `horsepower` bigint(20) DEFAULT NULL,
  `max_speed` bigint(20) DEFAULT NULL,
  `acceleration` float(10,2) DEFAULT NULL,
  `wheel_drive` enum('front','rear','4x4') DEFAULT NULL,
  `league` bigint(20) DEFAULT NULL,
  `price` bigint(20) DEFAULT NULL,
  `unique` bigint(20) DEFAULT NULL,
  `real_value` bigint(20) DEFAULT NULL,
  `on_market` tinyint(1) NOT NULL DEFAULT '0',
  `photo` varchar(255) DEFAULT NULL,
  `created_at` datetime NOT NULL,
  `updated_at` datetime NOT NULL,
  PRIMARY KEY (`id`)
) ENGINE=MyISAM AUTO_INCREMENT=44 DEFAULT CHARSET=utf8;

-- Dumping data for table ral.car_car_models: 33 rows
DELETE FROM `car_car_models`;
/*!40000 ALTER TABLE `car_car_models` DISABLE KEYS */;
INSERT INTO `car_car_models` (`id`, `name`, `capacity`, `horsepower`, `max_speed`, `acceleration`, `wheel_drive`, `league`, `price`, `unique`, `real_value`, `on_market`, `photo`, `created_at`, `updated_at`) VALUES
	(1, 'BMW 318is', 1895, 138, 212, 9.70, '', 3, 53000, 0, 24626, 0, 'bmw318is.jpg', '2015-08-07 13:17:40', '2015-08-13 10:22:54'),
	(2, 'Nissan Micra Sport', 1598, 108, 183, 9.80, '', 4, 33150, 0, 27465, 0, 'nissan_micra.jpg', '2015-08-07 13:13:40', '2015-08-13 10:22:54'),
	(3, 'Triumph TR7', 1998, 105, 175, 9.80, '', 3, 41000, 0, 26711, 0, 'triumph_tr7.jpg', '2015-08-07 13:09:20', '2015-08-13 10:22:54'),
	(4, 'Alfa Romeo Junior', 1300, 136, 197, 10.30, '', 4, 36500, 0, 27026, 1, 'alfa_romeo_junior.jpg', '2015-08-07 13:06:34', '2015-08-13 10:22:54'),
	(5, 'Renault Clio III', 1598, 110, 190, 10.20, '', 4, 34100, 0, 27313, 1, 'renault_clio_3.jpg', '2015-08-06 17:17:50', '2015-08-13 10:22:54'),
	(6, 'Mitsubishi Lancer Evo IX GT340', 1997, 305, 250, 5.20, '', 1, 123000, 0, 14113, 0, 'mitsubishi_lancer_evo_ix.jpg', '2015-08-06 12:30:11', '2015-08-13 10:22:54'),
	(7, 'Ford Fiesta R5', 1597, 280, 180, 8.10, '', 2, 83000, 0, 20680, 1, 'ford_fiesta_r5.jpg', '2015-08-06 12:31:14', '2015-08-13 10:22:54'),
	(8, 'Peugeot 208 VTi', 1199, 120, 178, 12.20, '', 5, 17000, 0, 28993, 0, 'peugot208_vti.jpg', '2015-08-06 12:39:23', '2015-08-13 10:22:54'),
	(9, 'Fiat Cinquecento Sport', 1109, 54, 150, 13.80, '', 6, 5500, 1, 32803, 0, 'cinquecento.jpg', '2015-08-06 12:50:19', '2015-08-13 10:22:54'),
	(10, 'Suzuki Swift Sport', 1568, 136, 195, 8.70, '', 3, 49500, 0, 25728, 0, 'suzuki_swift.JPG', '2015-08-06 15:21:31', '2015-08-13 10:22:54'),
	(11, 'Subaru Impreza WRX STI 2008', 2457, 297, 243, 4.80, '', 1, 183000, 1, 12787, 0, 'subaru_wrx_sti_2008.jpg', '2015-08-06 17:21:15', '2015-08-13 10:22:54'),
	(12, 'Citroen Xsara VTS', 1998, 167, 220, 8.00, '', 2, 72100, 0, 22298, 1, 'citroen_xsara_vts.jpg', '2015-08-06 17:30:34', '2015-08-13 10:22:54'),
	(13, 'Mazda 323 GTR', 1840, 182, 221, 7.00, '', 2, 74300, 0, 21554, 0, 'mazda323_gtr.jpg', '2015-08-06 17:46:53', '2015-08-13 10:22:54'),
	(14, 'FSO Polonez', 1600, 130, 180, 8.10, '', 3, 44500, 0, 26028, 0, 'fso_polonez.JPG', '2015-08-06 17:54:15', '2015-08-13 10:22:54'),
	(15, 'Honda Civic Turbo Type R', 1998, 306, 268, 5.70, '', 1, 127000, 0, 14094, 1, 'honca_civic_type_r.jpg', '2015-08-06 18:06:58', '2015-08-13 10:22:54'),
	(16, 'Toyota Celica GT-Four ST205', 1998, 239, 246, 5.90, '', 1, 115000, 0, 17379, 0, 'toyota_celica_gt_four.jpg', '2015-08-07 10:48:25', '2015-08-13 10:22:54'),
	(17, 'Proton Satria Neo Sport', 1589, 111, 189, 11.50, '', 4, 30500, 0, 27716, 1, 'pro_satria_neo.jpg', '2015-08-07 10:56:18', '2015-08-13 10:22:54'),
	(18, 'Ford Focus RS', 1988, 215, 232, 6.70, '', 2, 87200, 0, 19400, 0, 'ford_focus_rs_I.jpg', '2015-08-07 11:01:11', '2015-08-13 10:22:54'),
	(19, 'Ford Focus WRC', 1991, 300, 230, 4.20, '', 1, 165000, 1, 13353, 1, 'ford_focus_wrc.jpg', '2015-08-07 11:21:11', '2015-08-13 10:22:54'),
	(20, 'Hyundai Accent ', 1600, 137, 194, 8.20, '', 3, 50100, 0, 25393, 0, 'hyundai_accent.jpg', '2015-08-07 12:05:37', '2015-08-13 10:22:54'),
	(21, 'Skoda Octavia WRC', 1998, 300, 230, 4.80, '', 1, 119700, 0, 14361, 0, 'skoda_octavia_wrc.jpg', '2015-08-07 12:15:00', '2015-08-13 10:22:54'),
	(22, 'Skoda Fabia IRC', 1398, 177, 223, 7.30, '', 3, 56500, 0, 23100, 0, 'skoda_fabia.jpg', '2015-08-07 12:17:42', '2015-08-13 10:22:54'),
	(23, 'Mini Cooper S', 1598, 208, 210, 6.80, '', 2, 79300, 0, 21497, 0, 'mini_cooper_s.jpg', '2015-08-07 12:22:33', '2015-08-13 10:22:54'),
	(24, 'Volkswagen Polo R WRC', 1666, 315, 200, 3.90, '', 1, 133000, 0, 14026, 0, 'volkswagen_polo_r.jpg', '2015-08-07 12:25:29', '2015-08-13 10:22:54'),
	(25, 'Suzuki Ignis', 1300, 92, 159, 10.70, '', 5, 11500, 0, 29910, 0, 'suzuki_ignis.jpg', '2015-08-07 12:35:17', '2015-08-13 10:22:54'),
	(26, 'Ford Puma', 1679, 125, 203, 9.20, '', 3, 46100, 0, 25778, 0, 'ford_puma.jpg', '2015-08-07 12:40:24', '2015-08-13 10:22:54'),
	(27, 'Ford Escort V Cosworth', 1993, 224, 232, 6.10, '', 2, 97000, 0, 18558, 1, 'ford_escort_rs_crossworth.jpg', '2015-08-07 12:55:56', '2015-08-13 10:22:54'),
	(28, 'Peugeot 207', 1998, 280, 199, 11.10, '', 2, 85100, 0, 20123, 0, 'peugeot_207.JPG', '2015-08-07 13:02:23', '2015-08-13 10:22:54'),
	(39, 'Ford Cortina MKIII', 1993, 98, 165, 11.10, '', 4, 31000, 0, 27700, 0, 'ford_cortina_mk3.JPG', '2015-08-07 15:44:10', '2015-08-13 10:22:54'),
	(40, 'Mazda 2 Sport', 1498, 102, 188, 10.40, '', 5, 24500, 0, 28004, 0, 'mazda2_sport.JPG', '2015-08-07 15:46:14', '2015-08-13 10:22:54'),
	(41, 'Talbot Samba Rally', 1219, 90, 175, 10.80, '', 5, 13000, 0, 29736, 0, 'talbot_samba.jpg', '2015-08-07 15:47:54', '2015-08-13 10:22:54'),
	(42, 'Opel Viva GT', 1975, 104, 162, 10.70, '', 4, 33100, 0, 27513, 0, 'opel_viva.jpg', '2015-08-07 15:48:26', '2015-08-13 10:22:54'),
	(43, 'Dacia Sandero', 1598, 104, 180, 11.40, '', 5, 23900, 0, 28196, 1, 'dacia_sandero.jpg', '2015-08-07 16:09:41', '2015-08-13 10:22:54');
/*!40000 ALTER TABLE `car_car_models` ENABLE KEYS */;


-- Dumping structure for table ral.forum_category
DROP TABLE IF EXISTS `forum_category`;
CREATE TABLE IF NOT EXISTS `forum_category` (
  `id` int(11) NOT NULL AUTO_INCREMENT,
  `name` varchar(255) DEFAULT NULL,
  `slug` varchar(255) DEFAULT NULL,
  `description` text,
  `active` tinyint(1) DEFAULT '0',
  `created_at` datetime NOT NULL,
  `updated_at` datetime NOT NULL,
  `deleted_at` datetime DEFAULT NULL,
  PRIMARY KEY (`id`)
) ENGINE=MyISAM AUTO_INCREMENT=6 DEFAULT CHARSET=utf8;

-- Dumping data for table ral.forum_category: 5 rows
DELETE FROM `forum_category`;
/*!40000 ALTER TABLE `forum_category` DISABLE KEYS */;
INSERT INTO `forum_category` (`id`, `name`, `slug`, `description`, `active`, `created_at`, `updated_at`, `deleted_at`) VALUES
	(1, 'Ogólne', 'ogolne', 'O grze', 1, '0000-00-00 00:00:00', '0000-00-00 00:00:00', NULL),
	(2, 'Rajdy towarzyskie', 'rajdy-towarzyskie', 'Tutaj możecie pogadać o rajdach towarzyskich', 1, '0000-00-00 00:00:00', '0000-00-00 00:00:00', NULL),
	(3, 'Pytania', 'pytania', 'Tutaj możecie pytać o wszystko', 1, '0000-00-00 00:00:00', '0000-00-00 00:00:00', NULL),
	(5, 'Off topic', 'off-topic', 'Wszystko co nie zwiazane z gra', 1, '0000-00-00 00:00:00', '0000-00-00 00:00:00', NULL),
	(4, 'Sugestie', 'sugestie', 'Masz pomysł co ulepszyć w grze? Podziel się nim z nami', 1, '0000-00-00 00:00:00', '0000-00-00 00:00:00', NULL);
/*!40000 ALTER TABLE `forum_category` ENABLE KEYS */;


-- Dumping structure for table ral.forum_favourite
DROP TABLE IF EXISTS `forum_favourite`;
CREATE TABLE IF NOT EXISTS `forum_favourite` (
  `id` int(11) NOT NULL AUTO_INCREMENT,
  `user_id` bigint(20) DEFAULT NULL,
  `category_id` bigint(20) DEFAULT NULL,
  `created_at` datetime NOT NULL,
  `updated_at` datetime NOT NULL,
  PRIMARY KEY (`id`),
  KEY `category_id_idx` (`category_id`),
  KEY `forum_favourite_user_id_user_user_id` (`user_id`)
) ENGINE=MyISAM DEFAULT CHARSET=utf8;

-- Dumping data for table ral.forum_favourite: 0 rows
DELETE FROM `forum_favourite`;
/*!40000 ALTER TABLE `forum_favourite` DISABLE KEYS */;
/*!40000 ALTER TABLE `forum_favourite` ENABLE KEYS */;


-- Dumping structure for table ral.forum_post
DROP TABLE IF EXISTS `forum_post`;
CREATE TABLE IF NOT EXISTS `forum_post` (
  `id` int(11) NOT NULL AUTO_INCREMENT,
  `user_id` int(11) DEFAULT NULL,
  `category_id` int(11) DEFAULT NULL,
  `title` varchar(255) DEFAULT NULL,
  `content` text,
  `active` tinyint(1) NOT NULL DEFAULT '1',
  `thread_id` int(11) DEFAULT NULL,
  `moderator_notes` text,
  `moderator_date` datetime DEFAULT NULL,
  `moderator_name` varchar(255) DEFAULT NULL,
  `created_at` datetime NOT NULL,
  `updated_at` datetime NOT NULL,
  `deleted_at` datetime DEFAULT NULL,
  PRIMARY KEY (`id`),
  KEY `forum_post_user_id_user_user_id` (`user_id`),
  KEY `forum_post_thread_id_forum_thread_id` (`thread_id`),
  KEY `forum_post_category_id_forum_category_id` (`category_id`)
) ENGINE=MyISAM AUTO_INCREMENT=3 DEFAULT CHARSET=utf8;

-- Dumping data for table ral.forum_post: 2 rows
DELETE FROM `forum_post`;
/*!40000 ALTER TABLE `forum_post` DISABLE KEYS */;
INSERT INTO `forum_post` (`id`, `user_id`, `category_id`, `title`, `content`, `active`, `thread_id`, `moderator_notes`, `moderator_date`, `moderator_name`, `created_at`, `updated_at`, `deleted_at`) VALUES
	(1, 1, 1, NULL, 'THis is my response', 1, 1, NULL, NULL, NULL, '2015-08-05 12:38:49', '2015-08-05 13:04:01', NULL),
	(2, 1, 1, NULL, 'aaaa', 1, 3, NULL, NULL, NULL, '2015-08-05 13:17:05', '2015-08-05 13:17:05', NULL);
/*!40000 ALTER TABLE `forum_post` ENABLE KEYS */;


-- Dumping structure for table ral.forum_thread
DROP TABLE IF EXISTS `forum_thread`;
CREATE TABLE IF NOT EXISTS `forum_thread` (
  `id` int(11) NOT NULL AUTO_INCREMENT,
  `user_id` int(11) DEFAULT NULL,
  `category_id` int(11) DEFAULT NULL,
  `title` varchar(255) DEFAULT NULL,
  `content` text,
  `pinned` tinyint(1) DEFAULT '0',
  `active` tinyint(1) NOT NULL DEFAULT '1',
  `moderator_notes` text,
  `moderator_date` datetime DEFAULT NULL,
  `moderator_name` varchar(255) DEFAULT NULL,
  `created_at` datetime NOT NULL,
  `updated_at` datetime NOT NULL,
  `deleted_at` datetime DEFAULT NULL,
  PRIMARY KEY (`id`),
  KEY `forum_thread_user_id_user_user_id` (`user_id`),
  KEY `forum_thread_category_id_forum_category_id` (`category_id`)
) ENGINE=MyISAM AUTO_INCREMENT=7 DEFAULT CHARSET=utf8;

-- Dumping data for table ral.forum_thread: 6 rows
DELETE FROM `forum_thread`;
/*!40000 ALTER TABLE `forum_thread` DISABLE KEYS */;
INSERT INTO `forum_thread` (`id`, `user_id`, `category_id`, `title`, `content`, `pinned`, `active`, `moderator_notes`, `moderator_date`, `moderator_name`, `created_at`, `updated_at`, `deleted_at`) VALUES
	(1, 13, 1, 'This is my thread', 'content', 0, 1, NULL, NULL, NULL, '2015-08-05 12:25:54', '2015-08-05 12:38:27', NULL),
	(2, 1, 1, 'cxzcz', 'dasda', 0, 1, NULL, NULL, NULL, '2015-08-05 13:05:25', '2015-08-05 13:05:25', NULL),
	(3, 1, 1, 'dsada', 'xczcxz', 0, 1, NULL, NULL, NULL, '2015-08-05 13:05:46', '2015-08-05 13:05:46', NULL),
	(4, 1, 1, 'ewqe', 'dasdas', 0, 1, NULL, NULL, NULL, '2015-08-05 13:05:49', '2015-08-05 13:05:49', NULL),
	(5, 1, 1, 'dasda', 'cxz', 0, 1, NULL, NULL, NULL, '2015-08-05 13:08:20', '2015-08-05 13:08:20', NULL),
	(6, 1, 1, '', '', 0, 1, NULL, NULL, NULL, '2015-08-05 13:11:26', '2015-08-05 13:11:26', NULL);
/*!40000 ALTER TABLE `forum_thread` ENABLE KEYS */;


-- Dumping structure for table ral.league_league
DROP TABLE IF EXISTS `league_league`;
CREATE TABLE IF NOT EXISTS `league_league` (
  `league_name` varchar(255) NOT NULL DEFAULT '0.00',
  `league_level` bigint(20) DEFAULT NULL,
  `created_at` datetime NOT NULL,
  `updated_at` datetime NOT NULL,
  `deleted_at` datetime DEFAULT NULL,
  PRIMARY KEY (`league_name`)
) ENGINE=MyISAM DEFAULT CHARSET=utf8;

-- Dumping data for table ral.league_league: 32 rows
DELETE FROM `league_league`;
/*!40000 ALTER TABLE `league_league` DISABLE KEYS */;
INSERT INTO `league_league` (`league_name`, `league_level`, `created_at`, `updated_at`, `deleted_at`) VALUES
	('1.00', 1, '0000-00-00 00:00:00', '0000-00-00 00:00:00', NULL),
	('2.10', 2, '0000-00-00 00:00:00', '0000-00-00 00:00:00', NULL),
	('2.20', 2, '0000-00-00 00:00:00', '0000-00-00 00:00:00', NULL),
	('3.10', 3, '0000-00-00 00:00:00', '0000-00-00 00:00:00', NULL),
	('3.20', 3, '0000-00-00 00:00:00', '0000-00-00 00:00:00', NULL),
	('3.30', 3, '0000-00-00 00:00:00', '0000-00-00 00:00:00', NULL),
	('3.40', 3, '0000-00-00 00:00:00', '0000-00-00 00:00:00', NULL),
	('4.1', 4, '0000-00-00 00:00:00', '0000-00-00 00:00:00', NULL),
	('4.2', 4, '0000-00-00 00:00:00', '0000-00-00 00:00:00', NULL),
	('4.3', 4, '0000-00-00 00:00:00', '0000-00-00 00:00:00', NULL),
	('4.4', 4, '0000-00-00 00:00:00', '0000-00-00 00:00:00', NULL),
	('4.5', 4, '0000-00-00 00:00:00', '0000-00-00 00:00:00', NULL),
	('4.6', 4, '0000-00-00 00:00:00', '0000-00-00 00:00:00', NULL),
	('4.7', 4, '0000-00-00 00:00:00', '0000-00-00 00:00:00', NULL),
	('4.8', 4, '0000-00-00 00:00:00', '0000-00-00 00:00:00', NULL),
	('4.9', 4, '0000-00-00 00:00:00', '0000-00-00 00:00:00', NULL),
	('4.11', 4, '0000-00-00 00:00:00', '0000-00-00 00:00:00', NULL),
	('4.12', 4, '0000-00-00 00:00:00', '0000-00-00 00:00:00', NULL),
	('4.13', 4, '0000-00-00 00:00:00', '0000-00-00 00:00:00', NULL),
	('4.14', 4, '0000-00-00 00:00:00', '0000-00-00 00:00:00', NULL),
	('4.15', 4, '0000-00-00 00:00:00', '0000-00-00 00:00:00', NULL),
	('4.16', 4, '0000-00-00 00:00:00', '0000-00-00 00:00:00', NULL),
	('4.17', 4, '0000-00-00 00:00:00', '0000-00-00 00:00:00', NULL),
	('4.18', 4, '0000-00-00 00:00:00', '0000-00-00 00:00:00', NULL),
	('4.19', 4, '0000-00-00 00:00:00', '0000-00-00 00:00:00', NULL),
	('4.20', 4, '0000-00-00 00:00:00', '0000-00-00 00:00:00', NULL),
	('4.21', 4, '0000-00-00 00:00:00', '0000-00-00 00:00:00', NULL),
	('4.22', 4, '0000-00-00 00:00:00', '0000-00-00 00:00:00', NULL),
	('4.23', 4, '0000-00-00 00:00:00', '0000-00-00 00:00:00', NULL),
	('4.24', 4, '0000-00-00 00:00:00', '0000-00-00 00:00:00', NULL),
	('4.25', 4, '0000-00-00 00:00:00', '0000-00-00 00:00:00', NULL),
	('1', 1, '2015-08-04 16:26:23', '2015-08-04 16:26:23', NULL);
/*!40000 ALTER TABLE `league_league` ENABLE KEYS */;


-- Dumping structure for table ral.league_season
DROP TABLE IF EXISTS `league_season`;
CREATE TABLE IF NOT EXISTS `league_season` (
  `id` int(11) NOT NULL AUTO_INCREMENT,
  `league_name` varchar(255) DEFAULT NULL,
  `team_id` bigint(20) DEFAULT NULL,
  `points` bigint(20) DEFAULT '0',
  `season` bigint(20) DEFAULT NULL,
  `created_at` datetime NOT NULL,
  `updated_at` datetime NOT NULL,
  `deleted_at` datetime DEFAULT NULL,
  PRIMARY KEY (`id`),
  KEY `league_name_idx` (`league_name`),
  KEY `league_season_team_id_team_team_id` (`team_id`)
) ENGINE=MyISAM AUTO_INCREMENT=44 DEFAULT CHARSET=utf8;

-- Dumping data for table ral.league_season: 18 rows
DELETE FROM `league_season`;
/*!40000 ALTER TABLE `league_season` DISABLE KEYS */;
INSERT INTO `league_season` (`id`, `league_name`, `team_id`, `points`, `season`, `created_at`, `updated_at`, `deleted_at`) VALUES
	(18, '1.00', 1, 0, 1, '2015-08-04 16:27:18', '2015-08-04 16:27:18', NULL),
	(19, '1.00', 2, 0, 1, '2015-08-04 16:27:18', '2015-08-04 16:27:18', NULL),
	(20, '1.00', 3, 0, 1, '2015-08-04 16:27:18', '2015-08-04 16:27:18', NULL),
	(21, '1.00', 4, 0, 1, '2015-08-04 16:27:18', '2015-08-04 16:27:18', NULL),
	(22, '1.00', 5, 0, 1, '2015-08-04 16:27:18', '2015-08-04 16:27:18', NULL),
	(23, '1.00', 6, 0, 1, '2015-08-04 16:27:18', '2015-08-04 16:27:18', NULL),
	(24, '1.00', 7, 0, 1, '2015-08-04 16:27:18', '2015-08-04 16:27:18', NULL),
	(25, '1.00', 8, 0, 1, '2015-08-04 16:27:19', '2015-08-04 16:27:19', NULL),
	(26, '1.00', 9, 0, 1, '2015-08-04 16:27:19', '2015-08-04 16:27:19', NULL),
	(27, '1.00', 10, 0, 1, '2015-08-04 16:27:19', '2015-08-04 16:27:19', NULL),
	(28, '1.00', 11, 0, 1, '2015-08-04 16:27:19', '2015-08-04 16:27:19', NULL),
	(29, '1.00', 12, 0, 1, '2015-08-04 16:27:19', '2015-08-04 16:27:19', NULL),
	(37, '2.10', 13, 0, 1, '0000-00-00 00:00:00', '0000-00-00 00:00:00', NULL),
	(38, '2.10', 14, 0, 1, '0000-00-00 00:00:00', '0000-00-00 00:00:00', NULL),
	(39, '2.10', 15, 0, 1, '0000-00-00 00:00:00', '0000-00-00 00:00:00', NULL),
	(40, '2.10', 16, 0, 1, '0000-00-00 00:00:00', '0000-00-00 00:00:00', NULL),
	(41, '2.10', 17, 0, 1, '0000-00-00 00:00:00', '0000-00-00 00:00:00', NULL),
	(42, '2.10', 18, 0, 1, '0000-00-00 00:00:00', '0000-00-00 00:00:00', NULL);
/*!40000 ALTER TABLE `league_season` ENABLE KEYS */;


-- Dumping structure for table ral.league_season_info
DROP TABLE IF EXISTS `league_season_info`;
CREATE TABLE IF NOT EXISTS `league_season_info` (
  `id` int(11) NOT NULL AUTO_INCREMENT,
  `season` bigint(20) DEFAULT NULL,
  `season_start` datetime DEFAULT NULL,
  `season_finish` datetime DEFAULT NULL,
  `created_at` datetime NOT NULL,
  `updated_at` datetime NOT NULL,
  `deleted_at` datetime DEFAULT NULL,
  PRIMARY KEY (`id`)
) ENGINE=MyISAM AUTO_INCREMENT=2 DEFAULT CHARSET=utf8;

-- Dumping data for table ral.league_season_info: 1 rows
DELETE FROM `league_season_info`;
/*!40000 ALTER TABLE `league_season_info` DISABLE KEYS */;
INSERT INTO `league_season_info` (`id`, `season`, `season_start`, `season_finish`, `created_at`, `updated_at`, `deleted_at`) VALUES
	(1, 1, '2015-08-12 15:09:25', '2015-11-04 15:09:47', '0000-00-00 00:00:00', '0000-00-00 00:00:00', NULL);
/*!40000 ALTER TABLE `league_season_info` ENABLE KEYS */;


-- Dumping structure for table ral.market_bid
DROP TABLE IF EXISTS `market_bid`;
CREATE TABLE IF NOT EXISTS `market_bid` (
  `id` int(11) NOT NULL AUTO_INCREMENT,
  `offer_id` int(11) DEFAULT NULL,
  `value` bigint(20) DEFAULT NULL,
  `team_id` bigint(20) DEFAULT NULL,
  `active` tinyint(1) NOT NULL DEFAULT '1',
  `user_ip` varchar(50) DEFAULT NULL,
  `created_at` datetime NOT NULL,
  `updated_at` datetime NOT NULL,
  `deleted_at` datetime DEFAULT NULL,
  PRIMARY KEY (`id`),
  KEY `market_bid_team_id_team_team_id` (`team_id`),
  KEY `market_bid_offer_id_market_offer_id` (`offer_id`)
) ENGINE=MyISAM AUTO_INCREMENT=6 DEFAULT CHARSET=utf8;

-- Dumping data for table ral.market_bid: 5 rows
DELETE FROM `market_bid`;
/*!40000 ALTER TABLE `market_bid` DISABLE KEYS */;
INSERT INTO `market_bid` (`id`, `offer_id`, `value`, `team_id`, `active`, `user_ip`, `created_at`, `updated_at`, `deleted_at`) VALUES
	(1, 2, 550, 13, 1, '::1', '2015-08-05 10:09:11', '2015-08-05 10:24:35', NULL),
	(2, 2, 605, 4, 1, '::1', '2015-08-05 10:34:13', '2015-08-05 10:34:13', NULL),
	(3, 2, 665, 2, 1, '::1', '2015-08-05 10:34:25', '2015-08-05 10:34:25', NULL),
	(4, 2, 731, 1, 1, '::1', '2015-08-05 10:34:30', '2015-08-05 10:34:30', NULL),
	(5, 2, 804, 3, 1, '::1', '2015-08-05 10:34:37', '2015-08-05 10:34:37', NULL);
/*!40000 ALTER TABLE `market_bid` ENABLE KEYS */;


-- Dumping structure for table ral.market_car_bid
DROP TABLE IF EXISTS `market_car_bid`;
CREATE TABLE IF NOT EXISTS `market_car_bid` (
  `id` int(11) NOT NULL AUTO_INCREMENT,
  `offer_id` int(11) DEFAULT NULL,
  `value` bigint(20) DEFAULT NULL,
  `team_id` bigint(20) DEFAULT NULL,
  `active` tinyint(1) NOT NULL DEFAULT '1',
  `user_ip` varchar(255) DEFAULT NULL,
  `created_at` datetime NOT NULL,
  `updated_at` datetime NOT NULL,
  `deleted_at` datetime DEFAULT NULL,
  PRIMARY KEY (`id`),
  KEY `offer_id_idx` (`offer_id`),
  KEY `market_car_bid_team_id_team_team_id` (`team_id`)
) ENGINE=MyISAM AUTO_INCREMENT=15 DEFAULT CHARSET=utf8;

-- Dumping data for table ral.market_car_bid: 13 rows
DELETE FROM `market_car_bid`;
/*!40000 ALTER TABLE `market_car_bid` DISABLE KEYS */;
INSERT INTO `market_car_bid` (`id`, `offer_id`, `value`, `team_id`, `active`, `user_ip`, `created_at`, `updated_at`, `deleted_at`) VALUES
	(1, 1, 1500, 2, 1, '::1', '2015-08-05 11:04:41', '2015-08-05 11:04:41', NULL),
	(2, 1, 1650, 4, 1, '::1', '2015-08-05 11:04:56', '2015-08-05 11:04:56', NULL),
	(3, 1, 1815, 5, 1, '::1', '2015-08-05 11:05:24', '2015-08-05 11:05:24', NULL),
	(4, 1, 1996, 6, 1, '::1', '2015-08-05 11:05:30', '2015-08-05 11:05:30', NULL),
	(5, 1, 2195, 7, 1, '::1', '2015-08-05 11:05:34', '2015-08-05 11:05:34', NULL),
	(6, 1, 2414, 8, 1, '::1', '2015-08-05 11:05:40', '2015-08-05 11:05:40', NULL),
	(8, 1, 2655, 3, 1, '::1', '2015-08-05 11:14:08', '2015-08-05 11:14:08', NULL),
	(9, 3, 2, 3, 1, '::1', '2015-08-05 11:34:55', '2015-08-05 11:34:55', NULL),
	(10, 4, 1500, 2, 1, '::1', '2015-08-05 11:49:00', '2015-08-05 11:49:00', NULL),
	(11, 4, 1650, 4, 1, '::1', '2015-08-05 11:58:00', '2015-08-05 11:58:00', NULL),
	(12, 4, 1815, 7, 1, '::1', '2015-08-05 11:58:06', '2015-08-05 11:58:06', NULL),
	(13, 4, 1996, 11, 1, '::1', '2015-08-05 11:58:10', '2015-08-05 11:58:10', NULL),
	(14, 4, 2195, 13, 1, '::1', '2015-08-05 11:58:14', '2015-08-05 11:58:14', NULL);
/*!40000 ALTER TABLE `market_car_bid` ENABLE KEYS */;


-- Dumping structure for table ral.market_car_dealer
DROP TABLE IF EXISTS `market_car_dealer`;
CREATE TABLE IF NOT EXISTS `market_car_dealer` (
  `id` int(11) NOT NULL AUTO_INCREMENT,
  `team_id` int(11) DEFAULT NULL,
  `car_id` int(11) DEFAULT NULL,
  `created_at` datetime NOT NULL,
  `updated_at` datetime NOT NULL,
  `deleted_at` datetime DEFAULT NULL,
  PRIMARY KEY (`id`)
) ENGINE=MyISAM DEFAULT CHARSET=utf8;

-- Dumping data for table ral.market_car_dealer: 0 rows
DELETE FROM `market_car_dealer`;
/*!40000 ALTER TABLE `market_car_dealer` DISABLE KEYS */;
/*!40000 ALTER TABLE `market_car_dealer` ENABLE KEYS */;


-- Dumping structure for table ral.market_car_duplicate
DROP TABLE IF EXISTS `market_car_duplicate`;
CREATE TABLE IF NOT EXISTS `market_car_duplicate` (
  `id` int(11) NOT NULL AUTO_INCREMENT,
  `offer_id` int(11) DEFAULT NULL,
  `bid_id` int(11) DEFAULT NULL,
  `solved` tinyint(1) DEFAULT '0',
  `created_at` datetime NOT NULL,
  `updated_at` datetime NOT NULL,
  `deleted_at` datetime DEFAULT NULL,
  PRIMARY KEY (`id`),
  KEY `market_car_duplicate_offer_id_market_car_offer_id` (`offer_id`),
  KEY `market_car_duplicate_bid_id_market_car_bid_id` (`bid_id`)
) ENGINE=MyISAM AUTO_INCREMENT=15 DEFAULT CHARSET=utf8;

-- Dumping data for table ral.market_car_duplicate: 14 rows
DELETE FROM `market_car_duplicate`;
/*!40000 ALTER TABLE `market_car_duplicate` DISABLE KEYS */;
INSERT INTO `market_car_duplicate` (`id`, `offer_id`, `bid_id`, `solved`, `created_at`, `updated_at`, `deleted_at`) VALUES
	(1, 1, 1, 0, '2015-08-05 11:04:42', '2015-08-05 11:04:42', NULL),
	(2, 1, 2, 0, '2015-08-05 11:04:56', '2015-08-05 11:04:56', NULL),
	(3, 1, 3, 0, '2015-08-05 11:05:24', '2015-08-05 11:05:24', NULL),
	(4, 1, 4, 0, '2015-08-05 11:05:30', '2015-08-05 11:05:30', NULL),
	(5, 1, 5, 0, '2015-08-05 11:05:34', '2015-08-05 11:05:34', NULL),
	(6, 1, 6, 0, '2015-08-05 11:05:40', '2015-08-05 11:05:40', NULL),
	(7, 1, 7, 0, '2015-08-05 11:11:21', '2015-08-05 11:11:21', NULL),
	(8, 1, 8, 0, '2015-08-05 11:14:08', '2015-08-05 11:14:08', NULL),
	(9, 3, 9, 0, '2015-08-05 11:34:55', '2015-08-05 11:34:55', NULL),
	(10, 4, 10, 0, '2015-08-05 11:49:00', '2015-08-05 11:49:00', NULL),
	(11, 4, 11, 0, '2015-08-05 11:58:00', '2015-08-05 11:58:00', NULL),
	(12, 4, 12, 0, '2015-08-05 11:58:06', '2015-08-05 11:58:06', NULL),
	(13, 4, 13, 0, '2015-08-05 11:58:10', '2015-08-05 11:58:10', NULL),
	(14, 4, 14, 0, '2015-08-05 11:58:14', '2015-08-05 11:58:14', NULL);
/*!40000 ALTER TABLE `market_car_duplicate` ENABLE KEYS */;


-- Dumping structure for table ral.market_car_offer
DROP TABLE IF EXISTS `market_car_offer`;
CREATE TABLE IF NOT EXISTS `market_car_offer` (
  `id` int(11) NOT NULL AUTO_INCREMENT,
  `car_id` int(11) DEFAULT NULL,
  `team_id` int(11) DEFAULT NULL,
  `start_date` datetime DEFAULT NULL,
  `finish_date` datetime DEFAULT NULL,
  `asking_price` bigint(20) DEFAULT NULL,
  `highest_bid` bigint(20) DEFAULT NULL,
  `active` tinyint(1) NOT NULL DEFAULT '1',
  `car_moved` tinyint(1) NOT NULL DEFAULT '0',
  `canceled` tinyint(1) NOT NULL DEFAULT '0',
  `user_ip` varchar(255) DEFAULT NULL,
  `created_at` datetime NOT NULL,
  `updated_at` datetime NOT NULL,
  `deleted_at` datetime DEFAULT NULL,
  PRIMARY KEY (`id`),
  KEY `market_car_offer_car_id_car_car_id` (`car_id`)
) ENGINE=MyISAM AUTO_INCREMENT=6 DEFAULT CHARSET=utf8;

-- Dumping data for table ral.market_car_offer: 5 rows
DELETE FROM `market_car_offer`;
/*!40000 ALTER TABLE `market_car_offer` DISABLE KEYS */;
INSERT INTO `market_car_offer` (`id`, `car_id`, `team_id`, `start_date`, `finish_date`, `asking_price`, `highest_bid`, `active`, `car_moved`, `canceled`, `user_ip`, `created_at`, `updated_at`, `deleted_at`) VALUES
	(1, 1, 1, '2015-08-05 11:04:21', '2015-08-05 10:56:08', 1500, 2655, 1, 1, 0, NULL, '2015-08-05 11:04:21', '2015-08-05 11:26:03', NULL),
	(2, 11, 11, '2015-08-05 11:14:34', '2015-08-05 10:15:25', 500, 0, 1, 1, 0, NULL, '2015-08-05 11:14:34', '2015-08-05 11:24:56', NULL),
	(3, 8, 8, '2015-08-05 11:34:48', '2015-08-05 10:40:24', 2, 2, 1, 1, 0, NULL, '2015-08-05 11:34:48', '2015-08-05 11:42:32', NULL),
	(4, 6, 6, '2015-08-05 11:45:36', '2015-08-08 11:45:36', 1500, 2195, 1, 1, 0, NULL, '2015-08-05 11:45:36', '2015-08-12 02:20:01', NULL),
	(5, 15, 15, '2015-08-05 11:53:19', '2015-08-05 10:56:14', 200, 0, 1, 1, 0, NULL, '2015-08-05 11:53:19', '2015-08-12 02:20:01', NULL);
/*!40000 ALTER TABLE `market_car_offer` ENABLE KEYS */;


-- Dumping structure for table ral.market_offer
DROP TABLE IF EXISTS `market_offer`;
CREATE TABLE IF NOT EXISTS `market_offer` (
  `id` int(11) NOT NULL AUTO_INCREMENT,
  `people_id` int(11) DEFAULT NULL,
  `team_id` int(11) DEFAULT NULL,
  `start_date` datetime DEFAULT NULL,
  `finish_date` datetime DEFAULT NULL,
  `asking_price` bigint(20) DEFAULT NULL,
  `highest_bid` bigint(20) DEFAULT NULL,
  `active` tinyint(1) NOT NULL DEFAULT '1',
  `player_moved` tinyint(1) NOT NULL DEFAULT '0',
  `canceled` tinyint(1) NOT NULL DEFAULT '0',
  `user_ip` varchar(50) DEFAULT NULL,
  `created_at` datetime NOT NULL,
  `updated_at` datetime NOT NULL,
  `deleted_at` datetime DEFAULT NULL,
  PRIMARY KEY (`id`),
  KEY `market_offer_people_id_people_people_id` (`people_id`)
) ENGINE=MyISAM AUTO_INCREMENT=4 DEFAULT CHARSET=utf8;

-- Dumping data for table ral.market_offer: 3 rows
DELETE FROM `market_offer`;
/*!40000 ALTER TABLE `market_offer` DISABLE KEYS */;
INSERT INTO `market_offer` (`id`, `people_id`, `team_id`, `start_date`, `finish_date`, `asking_price`, `highest_bid`, `active`, `player_moved`, `canceled`, `user_ip`, `created_at`, `updated_at`, `deleted_at`) VALUES
	(1, 27, 14, '2015-08-05 10:08:36', '2015-08-09 10:08:36', 1500000, 0, 1, 1, 0, '::1', '2015-08-05 10:08:36', '2015-08-10 02:20:01', NULL),
	(2, 28, 14, '2015-08-05 10:08:47', '2015-08-05 09:56:15', 550, 804, 1, 1, 0, '::1', '2015-08-05 10:08:47', '2015-08-05 11:00:58', NULL),
	(3, 25, 13, '2015-08-05 10:12:49', '2015-08-05 09:21:57', 5000, 0, 1, 1, 0, '::1', '2015-08-05 10:12:49', '2015-08-05 10:56:28', NULL);
/*!40000 ALTER TABLE `market_offer` ENABLE KEYS */;


-- Dumping structure for table ral.market_people_duplicate
DROP TABLE IF EXISTS `market_people_duplicate`;
CREATE TABLE IF NOT EXISTS `market_people_duplicate` (
  `id` int(11) NOT NULL AUTO_INCREMENT,
  `offer_id` int(11) DEFAULT NULL,
  `bid_id` int(11) DEFAULT NULL,
  `solved` tinyint(1) DEFAULT '0',
  `created_at` datetime NOT NULL,
  `updated_at` datetime NOT NULL,
  `deleted_at` datetime DEFAULT NULL,
  PRIMARY KEY (`id`),
  KEY `market_people_duplicate_offer_id_market_offer_id` (`offer_id`),
  KEY `market_people_duplicate_bid_id_market_bid_id` (`bid_id`)
) ENGINE=MyISAM AUTO_INCREMENT=6 DEFAULT CHARSET=utf8;

-- Dumping data for table ral.market_people_duplicate: 5 rows
DELETE FROM `market_people_duplicate`;
/*!40000 ALTER TABLE `market_people_duplicate` DISABLE KEYS */;
INSERT INTO `market_people_duplicate` (`id`, `offer_id`, `bid_id`, `solved`, `created_at`, `updated_at`, `deleted_at`) VALUES
	(1, 2, 1, 1, '2015-08-05 10:09:11', '2015-08-05 10:24:40', NULL),
	(2, 2, 2, 0, '2015-08-05 10:34:13', '2015-08-05 10:34:13', NULL),
	(3, 2, 3, 0, '2015-08-05 10:34:25', '2015-08-05 10:34:25', NULL),
	(4, 2, 4, 0, '2015-08-05 10:34:30', '2015-08-05 10:34:30', NULL),
	(5, 2, 5, 0, '2015-08-05 10:34:37', '2015-08-05 10:34:37', NULL);
/*!40000 ALTER TABLE `market_people_duplicate` ENABLE KEYS */;


-- Dumping structure for table ral.news_news
DROP TABLE IF EXISTS `news_news`;
CREATE TABLE IF NOT EXISTS `news_news` (
  `id` int(11) NOT NULL AUTO_INCREMENT,
  `title` varchar(255) DEFAULT NULL,
  `slug` varchar(255) DEFAULT NULL,
  `content` text,
  `publish_date` datetime DEFAULT NULL,
  `visible` tinyint(1) DEFAULT '1',
  `created_at` datetime NOT NULL,
  `updated_at` datetime NOT NULL,
  `deleted_at` datetime DEFAULT NULL,
  PRIMARY KEY (`id`)
) ENGINE=MyISAM AUTO_INCREMENT=5 DEFAULT CHARSET=utf8;

-- Dumping data for table ral.news_news: 4 rows
DELETE FROM `news_news`;
/*!40000 ALTER TABLE `news_news` DISABLE KEYS */;
INSERT INTO `news_news` (`id`, `title`, `slug`, `content`, `publish_date`, `visible`, `created_at`, `updated_at`, `deleted_at`) VALUES
	(1, 'Pierrwszy post\\', 'pierw', 'Lorem ipsum dolor sit amet, consectetur adipiscing elit. Fusce lorem tortor, auctor quis lobortis eleifend, ultricies vel orci. Suspendisse quis sagittis tellus. Morbi blandit lectus vitae velit vulputate, id molestie velit feugiat. Vivamus et nibh placerat, congue mi sodales, euismod urna. Proin posuere odio erat, ac commodo neque gravida ut. Vivamus viverra feugiat mauris vitae malesuada. Ut pulvinar, mauris a lacinia malesuada, felis risus blandit enim, at blandit lectus tortor vitae mauris. Sed volutpat nibh in commodo pretium. Donec rhoncus sed odio iaculis euismod.', '2015-06-19 12:29:33', 1, '0000-00-00 00:00:00', '0000-00-00 00:00:00', NULL),
	(2, 'Drugi enws', 'drugi-news', 'Lorem ipsum dolor sit amet, consectetur adipiscing elit. Fusce lorem tortor, auctor quis lobortis eleifend, ultricies vel orci. Suspendisse quis sagittis tellus. Morbi blandit lectus vitae velit vulputate, id molestie velit feugiat. Vivamus et nibh placerat, congue mi sodales, euismod urna. Proin posuere odio erat, ac commodo neque gravida ut. Vivamus viverra feugiat mauris vitae malesuada. Ut pulvinar, mauris a lacinia malesuada, felis risus blandit enim, at blandit lectus tortor vitae mauris. Sed volutpat nibh in commodo pretium. Donec rhoncus sed odio iaculis euismod.', '2015-06-19 15:34:32', 1, '0000-00-00 00:00:00', '0000-00-00 00:00:00', NULL),
	(3, 'Trzeci', 'trzeci', 'Lorem ipsum dolor sit amet, consectetur adipiscing elit. Fusce lorem tortor, auctor quis lobortis eleifend, ultricies vel orci. Suspendisse quis sagittis tellus. Morbi blandit lectus vitae velit vulputate, id molestie velit feugiat. Vivamus et nibh placerat, congue mi sodales, euismod urna. Proin posuere odio erat, ac commodo neque gravida ut. Vivamus viverra feugiat mauris vitae malesuada. Ut pulvinar, mauris a lacinia malesuada, felis risus blandit enim, at blandit lectus tortor vitae mauris. Sed volutpat nibh in commodo pretium. Donec rhoncus sed odio iaculis euismod.', '2015-06-19 15:34:35', 1, '0000-00-00 00:00:00', '0000-00-00 00:00:00', NULL),
	(4, 'Czwarty', 'czwarty-news', 'Lorem ipsum dolor sit amet, consectetur adipiscing elit. Fusce lorem tortor, auctor quis lobortis eleifend, ultricies vel orci. Suspendisse quis sagittis tellus. Morbi blandit lectus vitae velit vulputate, id molestie velit feugiat. Vivamus et nibh placerat, congue mi sodales, euismod urna. Proin posuere odio erat, ac commodo neque gravida ut. Vivamus viverra feugiat mauris vitae malesuada. Ut pulvinar, mauris a lacinia malesuada, felis risus blandit enim, at blandit lectus tortor vitae mauris. Sed volutpat nibh in commodo pretium. Donec rhoncus sed odio iaculis euismod.', '2015-06-19 15:34:37', 1, '0000-00-00 00:00:00', '0000-00-00 00:00:00', NULL);
/*!40000 ALTER TABLE `news_news` ENABLE KEYS */;


-- Dumping structure for table ral.people_people
DROP TABLE IF EXISTS `people_people`;
CREATE TABLE IF NOT EXISTS `people_people` (
  `id` int(11) NOT NULL AUTO_INCREMENT,
  `first_name` varchar(255) DEFAULT NULL,
  `last_name` varchar(255) DEFAULT NULL,
  `job` varchar(255) DEFAULT NULL,
  `team_id` int(11) DEFAULT NULL,
  `value` bigint(20) DEFAULT NULL,
  `salary` bigint(20) DEFAULT NULL,
  `age` bigint(20) DEFAULT NULL,
  `composure` bigint(20) DEFAULT NULL,
  `speed` bigint(20) DEFAULT NULL,
  `regularity` bigint(20) DEFAULT NULL,
  `reflex` bigint(20) DEFAULT NULL,
  `on_gravel` bigint(20) DEFAULT NULL,
  `on_tarmac` bigint(20) DEFAULT NULL,
  `on_snow` bigint(20) DEFAULT NULL,
  `in_rain` bigint(20) DEFAULT NULL,
  `form` bigint(20) DEFAULT NULL,
  `dictate_rhytm` bigint(20) DEFAULT NULL,
  `diction` bigint(20) DEFAULT NULL,
  `route_description` bigint(20) DEFAULT NULL,
  `intelligence` bigint(20) unsigned DEFAULT NULL,
  `talent` bigint(20) DEFAULT NULL,
  `experience` bigint(20) DEFAULT NULL,
  `active_training_skill` varchar(255) DEFAULT NULL,
  `on_market` tinyint(1) NOT NULL DEFAULT '0',
  `created_at` datetime NOT NULL,
  `updated_at` datetime NOT NULL,
  `deleted_at` datetime DEFAULT NULL,
  PRIMARY KEY (`id`),
  KEY `people_people_team_id_team_team_id` (`team_id`)
) ENGINE=MyISAM AUTO_INCREMENT=37 DEFAULT CHARSET=utf8;

-- Dumping data for table ral.people_people: 36 rows
DELETE FROM `people_people`;
/*!40000 ALTER TABLE `people_people` DISABLE KEYS */;
INSERT INTO `people_people` (`id`, `first_name`, `last_name`, `job`, `team_id`, `value`, `salary`, `age`, `composure`, `speed`, `regularity`, `reflex`, `on_gravel`, `on_tarmac`, `on_snow`, `in_rain`, `form`, `dictate_rhytm`, `diction`, `route_description`, `intelligence`, `talent`, `experience`, `active_training_skill`, `on_market`, `created_at`, `updated_at`, `deleted_at`) VALUES
	(1, 'Steph', 'Exum', 'driver', 1, 235576, 1649, 20, 4, 4, 4, 4, 7, 6, 4, 6, 3, NULL, NULL, NULL, NULL, 5, NULL, 'composure', 0, '2015-08-04 16:27:18', '2015-08-12 02:15:01', NULL),
	(2, 'Seb', 'Thompson', 'pilot', 1, 122367, 857, 19, 4, NULL, NULL, NULL, NULL, NULL, NULL, NULL, 3, 8, 4, 7, NULL, 4, NULL, 'diction', 0, '2015-08-04 16:27:18', '2015-08-12 02:15:01', NULL),
	(3, 'Bubba', 'Curry', 'driver', 2, 226047, 1582, 21, 4, 6, 4, 4, 5, 4, 4, 5, 3, NULL, NULL, NULL, NULL, 7, NULL, 'reflex', 0, '2015-08-04 16:27:18', '2015-08-12 02:15:01', NULL),
	(4, 'Marc', 'Smith', 'pilot', 2, 122385, 857, 21, 8, NULL, NULL, NULL, NULL, NULL, NULL, NULL, 3, 5, 4, 4, NULL, 4, NULL, 'composure', 0, '2015-08-04 16:27:18', '2015-08-12 02:15:01', NULL),
	(5, 'Jean', 'Kowalski', 'driver', 3, 227284, 1591, 18, 6, 7, 4, 4, 6, 5, 4, 4, 3, NULL, NULL, NULL, NULL, 4, NULL, 'reflex', 0, '2015-08-04 16:27:18', '2015-08-12 02:15:01', NULL),
	(6, 'Jan', 'Thompson', 'pilot', 3, 121870, 853, 21, 4, NULL, NULL, NULL, NULL, NULL, NULL, NULL, 3, 5, 7, 4, NULL, 5, NULL, 'diction', 0, '2015-08-04 16:27:18', '2015-08-12 02:15:01', NULL),
	(7, 'Marc', 'Simpson', 'driver', 4, 235483, 1648, 20, 4, 5, 5, 4, 8, 5, 4, 5, 3, NULL, NULL, NULL, NULL, 4, NULL, 'regularity', 0, '2015-08-04 16:27:18', '2015-08-12 02:15:02', NULL),
	(8, 'Kevin', 'Curry', 'pilot', 4, 116865, 818, 19, 6, NULL, NULL, NULL, NULL, NULL, NULL, NULL, 3, 5, 7, 4, NULL, 4, NULL, 'composure', 0, '2015-08-04 16:27:18', '2015-08-12 02:15:02', NULL),
	(9, 'John', 'Nowak', 'driver', 5, 229744, 1608, 18, 6, 5, 7, 4, 4, 4, 4, 6, 3, NULL, NULL, NULL, NULL, 4, NULL, 'on_snow', 0, '2015-08-04 16:27:18', '2015-08-12 02:15:02', NULL),
	(10, 'Bubba', 'Smith', 'pilot', 5, 121867, 853, 21, 5, NULL, NULL, NULL, NULL, NULL, NULL, NULL, 3, 5, 4, 4, NULL, 6, NULL, 'composure', 0, '2015-08-04 16:27:18', '2015-08-12 02:15:02', NULL),
	(11, 'James', 'Ripper', 'driver', 6, 225333, 1577, 21, 7, 6, 4, 5, 4, 5, 4, 4, 3, NULL, NULL, NULL, NULL, 5, NULL, 'in_rain', 0, '2015-08-04 16:27:18', '2015-08-12 02:15:02', NULL),
	(12, 'Steph', 'Thompson', 'pilot', 6, 119932, 840, 19, 4, NULL, NULL, NULL, NULL, NULL, NULL, NULL, 3, 6, 8, 4, NULL, 4, NULL, 'composure', 0, '2015-08-04 16:27:18', '2015-08-12 02:15:02', NULL),
	(13, 'Andrew', 'Evans', 'driver', 7, 234065, 1638, 19, 4, 7, 4, 4, 6, 7, 4, 4, 3, NULL, NULL, NULL, NULL, 4, NULL, 'speed', 0, '2015-08-04 16:27:18', '2015-08-12 02:15:02', NULL),
	(14, 'Jack', 'Nowak', 'pilot', 7, 121724, 852, 20, 4, NULL, NULL, NULL, NULL, NULL, NULL, NULL, 3, 7, 6, 6, NULL, 4, NULL, 'route_description', 0, '2015-08-04 16:27:18', '2015-08-12 02:15:02', NULL),
	(15, 'Jack', 'Kowalski', 'driver', 8, 236878, 1658, 18, 4, 6, 4, 5, 4, 4, 4, 6, 3, NULL, NULL, NULL, NULL, 5, NULL, 'speed', 0, '2015-08-04 16:27:19', '2015-08-12 02:15:02', NULL),
	(16, 'Marc', 'House', 'pilot', 8, 115587, 809, 18, 4, NULL, NULL, NULL, NULL, NULL, NULL, NULL, 3, 5, 7, 6, NULL, 5, NULL, 'diction', 0, '2015-08-04 16:27:19', '2015-08-12 02:15:02', NULL),
	(17, 'James', 'Simpson', 'driver', 9, 237214, 1660, 21, 4, 6, 5, 5, 4, 7, 4, 4, 3, NULL, NULL, NULL, NULL, 4, NULL, 'on_tarmac', 0, '2015-08-04 16:27:19', '2015-08-12 02:15:02', NULL),
	(18, 'Jean', 'Evans', 'pilot', 9, 127450, 892, 21, 6, NULL, NULL, NULL, NULL, NULL, NULL, NULL, 3, 4, 5, 5, NULL, 4, NULL, 'route_description', 0, '2015-08-04 16:27:19', '2015-08-12 02:15:02', NULL),
	(19, 'Jean', 'Thompson', 'driver', 10, 229962, 1610, 21, 4, 4, 5, 7, 6, 6, 4, 4, 3, NULL, NULL, NULL, NULL, 4, NULL, 'speed', 0, '2015-08-04 16:27:19', '2015-08-12 02:15:02', NULL),
	(20, 'Jan', 'Exum', 'pilot', 10, 128408, 899, 20, 5, NULL, NULL, NULL, NULL, NULL, NULL, NULL, 3, 8, 4, 4, NULL, 4, NULL, 'composure', 0, '2015-08-04 16:27:19', '2015-08-12 02:15:02', NULL),
	(21, 'Jack', 'Nowak', 'driver', 11, 212955, 1491, 21, 4, 5, 5, 4, 5, 4, 4, 4, 3, NULL, NULL, NULL, NULL, 8, NULL, 'regularity', 0, '2015-08-04 16:27:19', '2015-08-12 02:15:02', NULL),
	(22, 'Jack', 'Evans', 'pilot', 11, 108270, 758, 18, 6, NULL, NULL, NULL, NULL, NULL, NULL, NULL, 3, 4, 4, 6, NULL, 7, NULL, 'dictate_rhytm', 0, '2015-08-04 16:27:19', '2015-08-12 02:15:02', NULL),
	(23, 'Jan', 'Nowak', 'driver', 12, 224023, 1568, 18, 5, 6, 4, 4, 6, 4, 4, 4, 3, NULL, NULL, NULL, NULL, 6, NULL, 'on_tarmac', 0, '2015-08-04 16:27:19', '2015-08-12 02:15:02', NULL),
	(24, 'Tom', 'Curry', 'pilot', 12, 121915, 853, 21, 7, NULL, NULL, NULL, NULL, NULL, NULL, NULL, 3, 5, 4, 4, NULL, 5, NULL, 'diction', 0, '2015-08-04 16:27:19', '2015-08-12 02:15:02', NULL),
	(25, 'Andrew', 'House', 'driver', 13, 224568, 1572, 18, 6, 4, 5, 6, 4, 6, 4, 4, 3, NULL, NULL, NULL, NULL, 5, NULL, NULL, 0, '2015-08-04 16:27:19', '2015-08-05 10:56:28', NULL),
	(26, 'Antoine', 'Exum', 'pilot', 13, 119950, 840, 19, 4, NULL, NULL, NULL, NULL, NULL, NULL, NULL, 3, 6, 7, 6, NULL, 4, NULL, NULL, 0, '2015-08-04 16:27:19', '2015-08-04 16:27:19', NULL),
	(27, 'Seb', 'Exum', 'driver', 14, 235815, 1651, 19, 4, 4, 5, 4, 5, 6, 4, 8, 3, NULL, NULL, NULL, NULL, 4, NULL, NULL, 0, '2015-08-04 16:27:19', '2015-08-10 02:20:01', NULL),
	(28, 'James', 'Kowalski', 'pilot', 3, 116605, 816, 18, 5, NULL, NULL, NULL, NULL, NULL, NULL, NULL, 3, 5, 4, 4, NULL, 7, NULL, 'dictate_rhytm', 0, '2015-08-04 16:27:19', '2015-08-12 02:15:02', NULL),
	(29, 'Jack', 'Smith', 'driver', 15, 237918, 1665, 20, 6, 4, 4, 4, 4, 5, 6, 5, 3, NULL, NULL, NULL, NULL, 4, NULL, NULL, 0, '2015-08-04 16:27:19', '2015-08-04 16:27:19', NULL),
	(30, 'Tom', 'House', 'pilot', 15, 115107, 806, 20, 6, NULL, NULL, NULL, NULL, NULL, NULL, NULL, 3, 6, 5, 4, NULL, 5, NULL, NULL, 0, '2015-08-04 16:27:19', '2015-08-04 16:27:19', NULL),
	(31, 'Andrew', 'Simpson', 'driver', 3, 234577, 1642, 20, 6, 7, 4, 4, 7, 4, 4, 4, 3, NULL, NULL, NULL, NULL, 4, NULL, 'on_tarmac', 0, '2015-08-04 17:01:16', '2015-08-12 02:15:01', NULL),
	(32, 'Antoine', 'Thompson', 'pilot', 16, 119746, 838, 20, 6, NULL, NULL, NULL, NULL, NULL, NULL, NULL, 3, 6, 6, 4, NULL, 4, NULL, NULL, 0, '2015-08-04 17:01:16', '2015-08-04 17:01:16', NULL),
	(33, 'Jean', 'Curry', 'driver', 17, 234804, 1644, 20, 4, 7, 5, 5, 4, 4, 5, 4, 3, NULL, NULL, NULL, NULL, 4, NULL, NULL, 0, '2015-08-04 17:18:34', '2015-08-04 17:18:34', NULL),
	(34, 'Antoine', 'Curry', 'pilot', 17, 112837, 790, 20, 7, NULL, NULL, NULL, NULL, NULL, NULL, NULL, 3, 5, 4, 6, NULL, 5, NULL, NULL, 0, '2015-08-04 17:18:34', '2015-08-04 17:18:34', NULL),
	(35, 'Marc', 'Evans', 'driver', 18, 237860, 1665, 19, 5, 5, 5, 6, 4, 4, 4, 4, 3, NULL, NULL, NULL, NULL, 4, NULL, NULL, 0, '2015-08-05 16:00:53', '2015-08-05 16:00:53', NULL),
	(36, 'John', 'Nowak', 'pilot', 18, 131721, 922, 18, 5, NULL, NULL, NULL, NULL, NULL, NULL, NULL, 3, 4, 6, 4, NULL, 4, NULL, NULL, 0, '2015-08-05 16:00:53', '2015-08-05 16:00:53', NULL);
/*!40000 ALTER TABLE `people_people` ENABLE KEYS */;


-- Dumping structure for table ral.people_training
DROP TABLE IF EXISTS `people_training`;
CREATE TABLE IF NOT EXISTS `people_training` (
  `id` int(11) NOT NULL AUTO_INCREMENT,
  `people_id` int(11) DEFAULT NULL,
  `skill_name` varchar(255) DEFAULT NULL,
  `current_skill_level` bigint(20) DEFAULT NULL,
  `training_factor` decimal(10,2) DEFAULT NULL,
  `max_available_km_passed_today` decimal(10,2) DEFAULT NULL,
  `km_passed_today` decimal(10,2) DEFAULT NULL,
  `km_for_next_star` decimal(10,2) DEFAULT NULL,
  `skill_promotion` tinyint(1) DEFAULT '0',
  `training_date` datetime DEFAULT NULL,
  `created_at` datetime NOT NULL,
  `updated_at` datetime NOT NULL,
  `deleted_at` datetime DEFAULT NULL,
  PRIMARY KEY (`id`),
  KEY `people_training_people_id_people_people_id` (`people_id`)
) ENGINE=MyISAM AUTO_INCREMENT=24 DEFAULT CHARSET=utf8;

-- Dumping data for table ral.people_training: 23 rows
DELETE FROM `people_training`;
/*!40000 ALTER TABLE `people_training` DISABLE KEYS */;
INSERT INTO `people_training` (`id`, `people_id`, `skill_name`, `current_skill_level`, `training_factor`, `max_available_km_passed_today`, `km_passed_today`, `km_for_next_star`, `skill_promotion`, `training_date`, `created_at`, `updated_at`, `deleted_at`) VALUES
	(1, 1, 'composure', 4, NULL, 0.00, 0.00, 0.00, 0, '2015-08-12 02:15:01', '2015-08-12 02:15:01', '2015-08-12 02:15:01', NULL),
	(2, 2, 'diction', 4, NULL, 0.00, 0.00, 0.00, 0, '2015-08-12 02:15:01', '2015-08-12 02:15:01', '2015-08-12 02:15:01', NULL),
	(3, 3, 'reflex', 4, NULL, 0.00, 0.00, 0.00, 0, '2015-08-12 02:15:01', '2015-08-12 02:15:01', '2015-08-12 02:15:01', NULL),
	(4, 5, 'reflex', 4, NULL, 0.00, 0.00, 0.00, 0, '2015-08-12 02:15:01', '2015-08-12 02:15:01', '2015-08-12 02:15:01', NULL),
	(5, 6, 'diction', 7, NULL, 0.00, 0.00, 0.00, 0, '2015-08-12 02:15:01', '2015-08-12 02:15:01', '2015-08-12 02:15:01', NULL),
	(6, 31, 'on_tarmac', 4, NULL, 0.00, 0.00, 0.00, 0, '2015-08-12 02:15:01', '2015-08-12 02:15:02', '2015-08-12 02:15:02', NULL),
	(7, 28, 'dictate_rhytm', 5, NULL, 0.00, 0.00, 0.00, 0, '2015-08-12 02:15:02', '2015-08-12 02:15:02', '2015-08-12 02:15:02', NULL),
	(8, 7, 'regularity', 5, NULL, 0.00, 0.00, 0.00, 0, '2015-08-12 02:15:02', '2015-08-12 02:15:02', '2015-08-12 02:15:02', NULL),
	(9, 8, 'composure', 6, NULL, 0.00, 0.00, 0.00, 0, '2015-08-12 02:15:02', '2015-08-12 02:15:02', '2015-08-12 02:15:02', NULL),
	(10, 9, 'on_snow', 4, NULL, 0.00, 0.00, 0.00, 0, '2015-08-12 02:15:02', '2015-08-12 02:15:02', '2015-08-12 02:15:02', NULL),
	(11, 10, 'composure', 5, NULL, 0.00, 0.00, 0.00, 0, '2015-08-12 02:15:02', '2015-08-12 02:15:02', '2015-08-12 02:15:02', NULL),
	(12, 11, 'in_rain', 4, NULL, 0.00, 0.00, 0.00, 0, '2015-08-12 02:15:02', '2015-08-12 02:15:02', '2015-08-12 02:15:02', NULL),
	(13, 12, 'composure', 4, NULL, 0.00, 0.00, 0.00, 0, '2015-08-12 02:15:02', '2015-08-12 02:15:02', '2015-08-12 02:15:02', NULL),
	(14, 14, 'route_description', 6, NULL, 0.00, 0.00, 0.00, 0, '2015-08-12 02:15:02', '2015-08-12 02:15:02', '2015-08-12 02:15:02', NULL),
	(15, 15, 'speed', 6, NULL, 0.00, 0.00, 0.00, 0, '2015-08-12 02:15:02', '2015-08-12 02:15:02', '2015-08-12 02:15:02', NULL),
	(16, 16, 'diction', 7, NULL, 0.00, 0.00, 0.00, 0, '2015-08-12 02:15:02', '2015-08-12 02:15:02', '2015-08-12 02:15:02', NULL),
	(17, 18, 'route_description', 5, NULL, 0.00, 0.00, 0.00, 0, '2015-08-12 02:15:02', '2015-08-12 02:15:02', '2015-08-12 02:15:02', NULL),
	(18, 19, 'speed', 4, NULL, 0.00, 0.00, 0.00, 0, '2015-08-12 02:15:02', '2015-08-12 02:15:02', '2015-08-12 02:15:02', NULL),
	(19, 20, 'composure', 5, NULL, 0.00, 0.00, 0.00, 0, '2015-08-12 02:15:02', '2015-08-12 02:15:02', '2015-08-12 02:15:02', NULL),
	(20, 21, 'regularity', 5, NULL, 0.00, 0.00, 0.00, 0, '2015-08-12 02:15:02', '2015-08-12 02:15:02', '2015-08-12 02:15:02', NULL),
	(21, 22, 'dictate_rhytm', 4, NULL, 0.00, 0.00, 0.00, 0, '2015-08-12 02:15:02', '2015-08-12 02:15:02', '2015-08-12 02:15:02', NULL),
	(22, 23, 'on_tarmac', 4, NULL, 0.00, 0.00, 0.00, 0, '2015-08-12 02:15:02', '2015-08-12 02:15:02', '2015-08-12 02:15:02', NULL),
	(23, 24, 'diction', 4, NULL, 0.00, 0.00, 0.00, 0, '2015-08-12 02:15:02', '2015-08-12 02:15:02', '2015-08-12 02:15:02', NULL);
/*!40000 ALTER TABLE `people_training` ENABLE KEYS */;


-- Dumping structure for table ral.people_training_factor
DROP TABLE IF EXISTS `people_training_factor`;
CREATE TABLE IF NOT EXISTS `people_training_factor` (
  `people_id` int(11) NOT NULL AUTO_INCREMENT,
  `composure` decimal(10,2) DEFAULT NULL,
  `speed` decimal(10,2) DEFAULT NULL,
  `regularity` decimal(10,2) DEFAULT NULL,
  `reflex` decimal(10,2) DEFAULT NULL,
  `on_gravel` decimal(10,2) DEFAULT NULL,
  `on_tarmac` decimal(10,2) DEFAULT NULL,
  `on_snow` decimal(10,2) DEFAULT NULL,
  `in_rain` decimal(10,2) DEFAULT NULL,
  `dictate_rhytm` decimal(10,2) DEFAULT NULL,
  `diction` decimal(10,2) DEFAULT NULL,
  `route_description` decimal(10,2) DEFAULT NULL,
  `intelligence` decimal(10,2) DEFAULT NULL,
  `composure_max` bigint(20) DEFAULT NULL,
  `speed_max` bigint(20) DEFAULT NULL,
  `regularity_max` bigint(20) DEFAULT NULL,
  `reflex_max` bigint(20) DEFAULT NULL,
  `on_gravel_max` bigint(20) DEFAULT NULL,
  `on_tarmac_max` bigint(20) DEFAULT NULL,
  `on_snow_max` bigint(20) DEFAULT NULL,
  `in_rain_max` bigint(20) DEFAULT NULL,
  `dictate_rhytm_max` bigint(20) DEFAULT NULL,
  `diction_max` bigint(20) DEFAULT NULL,
  `route_description_max` bigint(20) DEFAULT NULL,
  `intelligence_max` bigint(20) DEFAULT NULL,
  `last_season_value_id` bigint(20) NOT NULL DEFAULT '0',
  `created_at` datetime DEFAULT NULL,
  `updated_at` datetime DEFAULT NULL,
  `deleted_at` datetime DEFAULT NULL,
  PRIMARY KEY (`people_id`)
) ENGINE=MyISAM AUTO_INCREMENT=37 DEFAULT CHARSET=utf8 COMMENT='insert into people_training_factor values \r\n(42,\r\nFORMAT((RAND() * (1.5))+0.5,2),\r\nFORMAT((RAND() * (1.5))+0.5,2),\r\nFORMAT((RAND() * (1.5))+0.5,2),\r\nFORMAT((RAND() * (1.5))+0.5,2),\r\nFORMAT((RAND() * (1.5))+0.5,2),\r\nFORMAT((RAND() * (1.5))+0.5,2),\r\nFORMAT((RAND() * (1.5))+0.5,2),\r\nFORMAT((RAND() * (1.5))+0.5,2),\r\nFORMAT((RAND() * (1.5))+0.5,2),\r\nFORMAT((RAND() * (1.5))+0.5,2),\r\nFORMAT((RAND() * (1.5))+0.5,2),\r\nFORMAT((RAND() * (1.5))+0.5,2),\r\nFLOOR((RAND() * (4))+6),\r\nFLOOR((RAND() * (4))+6),\r\nFLOOR((RAND() * (4))+6),\r\nFLOOR((RAND() * (4))+6),\r\nFLOOR((RAND() * (4))+6),\r\nFLOOR((RAND() * (4))+6),\r\nFLOOR((RAND() * (4))+6),\r\nFLOOR((RAND() * (4))+6),\r\nFLOOR((RAND() * (4))+6),\r\nFLOOR((RAND() * (4))+6),\r\nFLOOR((RAND() * (4))+6),\r\nFLOOR((RAND() * (4))+6),\r\nNOW(),\r\nNOW(),\r\nnull\r\n\r\n);';

-- Dumping data for table ral.people_training_factor: 36 rows
DELETE FROM `people_training_factor`;
/*!40000 ALTER TABLE `people_training_factor` DISABLE KEYS */;
INSERT INTO `people_training_factor` (`people_id`, `composure`, `speed`, `regularity`, `reflex`, `on_gravel`, `on_tarmac`, `on_snow`, `in_rain`, `dictate_rhytm`, `diction`, `route_description`, `intelligence`, `composure_max`, `speed_max`, `regularity_max`, `reflex_max`, `on_gravel_max`, `on_tarmac_max`, `on_snow_max`, `in_rain_max`, `dictate_rhytm_max`, `diction_max`, `route_description_max`, `intelligence_max`, `last_season_value_id`, `created_at`, `updated_at`, `deleted_at`) VALUES
	(1, 1.34, 0.50, 1.19, 0.56, 0.50, 1.50, 0.50, 0.51, NULL, NULL, NULL, NULL, 8, 8, 8, 7, 8, 8, 7, 8, NULL, NULL, NULL, NULL, 0, '2015-08-04 16:27:18', '2015-08-04 16:27:18', NULL),
	(2, 1.63, NULL, NULL, NULL, NULL, NULL, NULL, NULL, 1.31, 0.62, 0.81, NULL, 7, NULL, NULL, NULL, NULL, NULL, NULL, NULL, 7, 8, 7, NULL, 0, '2015-08-04 16:27:18', '2015-08-04 16:27:18', NULL),
	(3, 1.15, 0.96, 0.95, 0.80, 0.90, 0.73, 1.31, 1.46, NULL, NULL, NULL, NULL, 8, 9, 8, 9, 8, 9, 9, 9, NULL, NULL, NULL, NULL, 0, '2015-08-04 16:27:18', '2015-08-04 16:27:18', NULL),
	(4, 1.31, NULL, NULL, NULL, NULL, NULL, NULL, NULL, 1.53, 0.90, 0.55, NULL, 7, NULL, NULL, NULL, NULL, NULL, NULL, NULL, 7, 8, 7, NULL, 0, '2015-08-04 16:27:18', '2015-08-04 16:27:18', NULL),
	(5, 0.97, 1.27, 0.50, 0.55, 1.05, 0.50, 0.53, 0.50, NULL, NULL, NULL, NULL, 7, 7, 7, 7, 7, 8, 8, 7, NULL, NULL, NULL, NULL, 0, '2015-08-04 16:27:18', '2015-08-04 16:27:18', NULL),
	(6, 0.69, NULL, NULL, NULL, NULL, NULL, NULL, NULL, 1.15, 1.50, 1.53, NULL, 7, NULL, NULL, NULL, NULL, NULL, NULL, NULL, 7, 8, 8, NULL, 0, '2015-08-04 16:27:18', '2015-08-04 16:27:18', NULL),
	(7, 0.50, 1.33, 0.50, 0.50, 0.85, 0.50, 0.65, 1.06, NULL, NULL, NULL, NULL, 7, 8, 7, 7, 7, 7, 7, 8, NULL, NULL, NULL, NULL, 0, '2015-08-04 16:27:18', '2015-08-04 16:27:18', NULL),
	(8, 1.28, NULL, NULL, NULL, NULL, NULL, NULL, NULL, 1.34, 0.78, 0.94, NULL, 7, NULL, NULL, NULL, NULL, NULL, NULL, NULL, 8, 7, 7, NULL, 0, '2015-08-04 16:27:18', '2015-08-04 16:27:18', NULL),
	(9, 0.50, 0.81, 0.50, 1.48, 0.66, 0.95, 0.50, 0.50, NULL, NULL, NULL, NULL, 7, 7, 8, 7, 7, 8, 7, 7, NULL, NULL, NULL, NULL, 0, '2015-08-04 16:27:18', '2015-08-04 16:27:18', NULL),
	(10, 1.57, NULL, NULL, NULL, NULL, NULL, NULL, NULL, 1.43, 1.48, 0.74, NULL, 9, NULL, NULL, NULL, NULL, NULL, NULL, NULL, 8, 8, 8, NULL, 0, '2015-08-04 16:27:18', '2015-08-04 16:27:18', NULL),
	(11, 0.50, 1.33, 0.62, 1.04, 1.35, 0.71, 0.50, 0.50, NULL, NULL, NULL, NULL, 8, 7, 8, 8, 8, 7, 8, 8, NULL, NULL, NULL, NULL, 0, '2015-08-04 16:27:18', '2015-08-04 16:27:18', NULL),
	(12, 0.75, NULL, NULL, NULL, NULL, NULL, NULL, NULL, 1.02, 1.12, 1.44, NULL, 8, NULL, NULL, NULL, NULL, NULL, NULL, NULL, 7, 7, 7, NULL, 0, '2015-08-04 16:27:18', '2015-08-04 16:27:18', NULL),
	(13, 1.15, 0.50, 0.50, 0.50, 1.48, 0.62, 0.56, 0.50, NULL, NULL, NULL, NULL, 7, 7, 8, 7, 7, 7, 7, 8, NULL, NULL, NULL, NULL, 0, '2015-08-04 16:27:18', '2015-08-04 16:27:18', NULL),
	(14, 1.24, NULL, NULL, NULL, NULL, NULL, NULL, NULL, 1.00, 1.18, 0.86, NULL, 7, NULL, NULL, NULL, NULL, NULL, NULL, NULL, 7, 7, 8, NULL, 0, '2015-08-04 16:27:18', '2015-08-04 16:27:18', NULL),
	(15, 0.50, 1.37, 1.17, 0.54, 0.60, 0.73, 1.17, 0.50, NULL, NULL, NULL, NULL, 8, 7, 8, 8, 7, 8, 8, 8, NULL, NULL, NULL, NULL, 0, '2015-08-04 16:27:19', '2015-08-04 16:27:19', NULL),
	(16, 1.60, NULL, NULL, NULL, NULL, NULL, NULL, NULL, 0.92, 1.47, 0.89, NULL, 7, NULL, NULL, NULL, NULL, NULL, NULL, NULL, 7, 8, 8, NULL, 0, '2015-08-04 16:27:19', '2015-08-04 16:27:19', NULL),
	(17, 1.22, 0.50, 0.50, 0.80, 1.27, 0.50, 0.50, 0.52, NULL, NULL, NULL, NULL, 7, 7, 7, 8, 7, 7, 8, 7, NULL, NULL, NULL, NULL, 0, '2015-08-04 16:27:19', '2015-08-04 16:27:19', NULL),
	(18, 0.53, NULL, NULL, NULL, NULL, NULL, NULL, NULL, 1.12, 1.78, 0.97, NULL, 7, NULL, NULL, NULL, NULL, NULL, NULL, NULL, 8, 7, 7, NULL, 0, '2015-08-04 16:27:19', '2015-08-04 16:27:19', NULL),
	(19, 1.04, 0.60, 0.70, 0.69, 1.01, 0.69, 0.62, 0.50, NULL, NULL, NULL, NULL, 7, 8, 7, 7, 7, 7, 8, 7, NULL, NULL, NULL, NULL, 0, '2015-08-04 16:27:19', '2015-08-04 16:27:19', NULL),
	(20, 1.30, NULL, NULL, NULL, NULL, NULL, NULL, NULL, 0.96, 0.50, 1.47, NULL, 7, NULL, NULL, NULL, NULL, NULL, NULL, NULL, 7, 7, 8, NULL, 0, '2015-08-04 16:27:19', '2015-08-04 16:27:19', NULL),
	(21, 1.41, 0.76, 1.21, 1.07, 0.72, 0.95, 1.43, 1.33, NULL, NULL, NULL, NULL, 9, 9, 9, 10, 9, 9, 9, 9, NULL, NULL, NULL, NULL, 0, '2015-08-04 16:27:19', '2015-08-04 16:27:19', NULL),
	(22, 1.64, NULL, NULL, NULL, NULL, NULL, NULL, NULL, 1.64, 1.56, 0.96, NULL, 8, NULL, NULL, NULL, NULL, NULL, NULL, NULL, 8, 9, 8, NULL, 0, '2015-08-04 16:27:19', '2015-08-04 16:27:19', NULL),
	(23, 0.51, 0.58, 0.52, 1.12, 1.22, 1.46, 1.37, 0.50, NULL, NULL, NULL, NULL, 8, 8, 8, 8, 8, 8, 8, 9, NULL, NULL, NULL, NULL, 0, '2015-08-04 16:27:19', '2015-08-04 16:27:19', NULL),
	(24, 1.40, NULL, NULL, NULL, NULL, NULL, NULL, NULL, 1.32, 1.17, 0.84, NULL, 8, NULL, NULL, NULL, NULL, NULL, NULL, NULL, 7, 7, 8, NULL, 0, '2015-08-04 16:27:19', '2015-08-04 16:27:19', NULL),
	(25, 0.58, 1.51, 0.71, 0.81, 0.67, 0.66, 0.96, 0.64, NULL, NULL, NULL, NULL, 8, 7, 8, 8, 8, 7, 8, 8, NULL, NULL, NULL, NULL, 0, '2015-08-04 16:27:19', '2015-08-04 16:27:19', NULL),
	(26, 0.50, NULL, NULL, NULL, NULL, NULL, NULL, NULL, 0.96, 1.22, 1.53, NULL, 7, NULL, NULL, NULL, NULL, NULL, NULL, NULL, 8, 7, 7, NULL, 0, '2015-08-04 16:27:19', '2015-08-04 16:27:19', NULL),
	(27, 0.50, 1.14, 0.50, 0.57, 0.50, 0.50, 1.30, 0.86, NULL, NULL, NULL, NULL, 8, 7, 7, 7, 8, 7, 7, 7, NULL, NULL, NULL, NULL, 0, '2015-08-04 16:27:19', '2015-08-04 16:27:19', NULL),
	(28, 1.71, NULL, NULL, NULL, NULL, NULL, NULL, NULL, 1.63, 1.62, 0.79, NULL, 8, NULL, NULL, NULL, NULL, NULL, NULL, NULL, 9, 8, 8, NULL, 0, '2015-08-04 16:27:19', '2015-08-04 16:27:19', NULL),
	(29, 1.29, 0.70, 0.50, 0.86, 0.50, 0.71, 0.81, 0.52, NULL, NULL, NULL, NULL, 7, 7, 7, 8, 7, 7, 8, 7, NULL, NULL, NULL, NULL, 0, '2015-08-04 16:27:19', '2015-08-04 16:27:19', NULL),
	(30, 1.64, NULL, NULL, NULL, NULL, NULL, NULL, NULL, 0.58, 1.72, 0.83, NULL, 7, NULL, NULL, NULL, NULL, NULL, NULL, NULL, 7, 8, 8, NULL, 0, '2015-08-04 16:27:19', '2015-08-04 16:27:19', NULL),
	(31, 0.82, 0.50, 0.50, 0.50, 0.68, 0.74, 0.80, 1.28, NULL, NULL, NULL, NULL, 7, 7, 7, 7, 7, 8, 7, 8, NULL, NULL, NULL, NULL, 0, '2015-08-04 17:01:16', '2015-08-04 17:01:16', NULL),
	(32, 0.91, NULL, NULL, NULL, NULL, NULL, NULL, NULL, 0.81, 1.32, 1.24, NULL, 7, NULL, NULL, NULL, NULL, NULL, NULL, NULL, 7, 8, 7, NULL, 0, '2015-08-04 17:01:16', '2015-08-04 17:01:16', NULL),
	(33, 0.50, 1.29, 0.62, 0.54, 0.79, 0.52, 0.51, 1.11, NULL, NULL, NULL, NULL, 7, 7, 8, 7, 8, 7, 7, 7, NULL, NULL, NULL, NULL, 0, '2015-08-04 17:18:34', '2015-08-04 17:18:34', NULL),
	(34, 1.16, NULL, NULL, NULL, NULL, NULL, NULL, NULL, 0.83, 1.65, 1.15, NULL, 7, NULL, NULL, NULL, NULL, NULL, NULL, NULL, 8, 7, 8, NULL, 0, '2015-08-04 17:18:34', '2015-08-04 17:18:34', NULL),
	(35, 0.89, 0.97, 0.50, 0.73, 0.56, 0.62, 0.66, 0.93, NULL, NULL, NULL, NULL, 7, 7, 7, 8, 7, 8, 7, 7, NULL, NULL, NULL, NULL, 0, '2015-08-05 16:00:53', '2015-08-05 16:00:53', NULL),
	(36, 1.31, NULL, NULL, NULL, NULL, NULL, NULL, NULL, 0.89, 1.45, 0.65, NULL, 7, NULL, NULL, NULL, NULL, NULL, NULL, NULL, 7, 7, 8, NULL, 0, '2015-08-05 16:00:53', '2015-08-05 16:00:53', NULL);
/*!40000 ALTER TABLE `people_training_factor` ENABLE KEYS */;


-- Dumping structure for table ral.rally_accident
DROP TABLE IF EXISTS `rally_accident`;
CREATE TABLE IF NOT EXISTS `rally_accident` (
  `id` int(11) NOT NULL AUTO_INCREMENT,
  `name` varchar(255) DEFAULT NULL,
  `damage` decimal(18,2) DEFAULT NULL,
  `created_at` datetime NOT NULL,
  `updated_at` datetime NOT NULL,
  PRIMARY KEY (`id`)
) ENGINE=MyISAM DEFAULT CHARSET=utf8;

-- Dumping data for table ral.rally_accident: 0 rows
DELETE FROM `rally_accident`;
/*!40000 ALTER TABLE `rally_accident` DISABLE KEYS */;
/*!40000 ALTER TABLE `rally_accident` ENABLE KEYS */;


-- Dumping structure for table ral.rally_big_awards
DROP TABLE IF EXISTS `rally_big_awards`;
CREATE TABLE IF NOT EXISTS `rally_big_awards` (
  `id` int(11) NOT NULL AUTO_INCREMENT,
  `rally_id` int(11) DEFAULT NULL,
  `award_type` varchar(255) DEFAULT NULL,
  `car_model_id` int(11) DEFAULT NULL,
  `premium` bigint(20) DEFAULT NULL,
  `created_at` datetime NOT NULL,
  `updated_at` datetime NOT NULL,
  `deleted_at` datetime DEFAULT NULL,
  PRIMARY KEY (`id`),
  KEY `rally_big_awards_car_model_id_car_car_models_id` (`car_model_id`)
) ENGINE=MyISAM DEFAULT CHARSET=utf8;

-- Dumping data for table ral.rally_big_awards: 0 rows
DELETE FROM `rally_big_awards`;
/*!40000 ALTER TABLE `rally_big_awards` DISABLE KEYS */;
/*!40000 ALTER TABLE `rally_big_awards` ENABLE KEYS */;


-- Dumping structure for table ral.rally_crew
DROP TABLE IF EXISTS `rally_crew`;
CREATE TABLE IF NOT EXISTS `rally_crew` (
  `id` int(11) NOT NULL AUTO_INCREMENT,
  `rally_id` int(11) DEFAULT NULL,
  `team_id` int(11) DEFAULT NULL,
  `driver_id` int(11) DEFAULT NULL,
  `pilot_id` int(11) DEFAULT NULL,
  `car_id` int(11) DEFAULT NULL,
  `risk` varchar(255) DEFAULT NULL,
  `in_race` tinyint(1) NOT NULL DEFAULT '1',
  `training_done` tinyint(1) NOT NULL DEFAULT '0',
  `km_passed` double(10,2) DEFAULT '0.00',
  `created_at` datetime NOT NULL,
  `updated_at` datetime NOT NULL,
  PRIMARY KEY (`id`),
  KEY `rally_id_idx` (`rally_id`),
  KEY `rally_crew_team_id_team_team_id` (`team_id`),
  KEY `rally_crew_pilot_id_people_people_id` (`pilot_id`),
  KEY `rally_crew_driver_id_people_people_id` (`driver_id`),
  KEY `rally_crew_car_id_car_car_id` (`car_id`)
) ENGINE=MyISAM AUTO_INCREMENT=15 DEFAULT CHARSET=utf8;

-- Dumping data for table ral.rally_crew: 14 rows
DELETE FROM `rally_crew`;
/*!40000 ALTER TABLE `rally_crew` DISABLE KEYS */;
INSERT INTO `rally_crew` (`id`, `rally_id`, `team_id`, `driver_id`, `pilot_id`, `car_id`, `risk`, `in_race`, `training_done`, `km_passed`, `created_at`, `updated_at`) VALUES
	(1, 1, 1, 1, 2, 20, 'very-big', 1, 1, 11342.81, '2015-08-11 17:28:53', '2015-08-12 18:29:09'),
	(2, 1, 2, 3, 4, 2, 'very-big', 1, 1, 11342.81, '2015-08-11 17:29:03', '2015-08-12 18:29:09'),
	(3, 1, 3, 5, 6, 1, 'big', 1, 1, 11342.81, '2015-08-11 17:29:15', '2015-08-12 18:29:09'),
	(4, 1, 3, 31, 28, 3, 'big', 1, 1, 11342.81, '2015-08-11 17:29:20', '2015-08-12 18:29:09'),
	(5, 1, 4, 7, 8, 4, 'normal', 1, 1, 11342.81, '2015-08-11 17:32:48', '2015-08-12 18:29:09'),
	(6, 1, 5, 9, 10, 5, 'normal', 1, 1, 11342.81, '2015-08-11 17:32:56', '2015-08-12 18:29:09'),
	(7, 1, 6, 11, 12, 6, 'small', 1, 1, 11342.81, '2015-08-11 17:35:31', '2015-08-12 18:29:09'),
	(8, 1, 6, 11, 12, 21, 'small', 1, 1, 11342.81, '2015-08-11 17:38:54', '2015-08-12 18:29:09'),
	(9, 1, 7, 13, 14, 7, 'very-small', 1, 1, 11342.81, '2015-08-11 17:39:14', '2015-08-12 18:29:09'),
	(10, 1, 8, 15, 16, 22, 'big', 1, 1, 11342.81, '2015-08-11 17:39:38', '2015-08-12 18:29:09'),
	(11, 1, 9, 17, 18, 9, 'big', 1, 1, 11342.81, '2015-08-11 17:39:46', '2015-08-12 18:29:09'),
	(12, 1, 10, 19, 20, 10, 'very-big', 1, 1, 11342.81, '2015-08-11 17:39:57', '2015-08-12 18:29:09'),
	(13, 1, 11, 21, 22, 11, 'very-big', 1, 1, 11342.81, '2015-08-11 17:40:07', '2015-08-12 18:29:09'),
	(14, 1, 12, 23, 24, 12, 'small', 1, 1, 11342.81, '2015-08-11 17:40:16', '2015-08-12 18:29:09');
/*!40000 ALTER TABLE `rally_crew` ENABLE KEYS */;


-- Dumping structure for table ral.rally_data_rally
DROP TABLE IF EXISTS `rally_data_rally`;
CREATE TABLE IF NOT EXISTS `rally_data_rally` (
  `id` int(11) NOT NULL AUTO_INCREMENT,
  `name` varchar(255) DEFAULT NULL,
  `slug` varchar(255) DEFAULT NULL,
  `description` text,
  `day` int(11) DEFAULT NULL,
  `week` int(11) DEFAULT NULL,
  `league_rally` tinyint(1) DEFAULT '0',
  `big_awards` tinyint(1) DEFAULT '0',
  `created_at` datetime NOT NULL,
  `updated_at` datetime NOT NULL,
  `deleted_at` datetime DEFAULT NULL,
  PRIMARY KEY (`id`)
) ENGINE=MyISAM AUTO_INCREMENT=80 DEFAULT CHARSET=utf8;

-- Dumping data for table ral.rally_data_rally: 72 rows
DELETE FROM `rally_data_rally`;
/*!40000 ALTER TABLE `rally_data_rally` DISABLE KEYS */;
INSERT INTO `rally_data_rally` (`id`, `name`, `slug`, `description`, `day`, `week`, `league_rally`, `big_awards`, `created_at`, `updated_at`, `deleted_at`) VALUES
	(1, 'Rally Monte Carlo', 'rally-monte-carlo', '', 1, 1, 0, 0, '2015-08-08 12:50:19', '2015-08-13 10:37:28', NULL),
	(2, 'Rally Sweden', 'rally-sweden', '', 1, 2, 0, 0, '2015-08-08 12:56:21', '2015-08-13 10:37:28', NULL),
	(3, 'Rally Guanajuato Mexico', 'rally-guanajuato-mexico', '', 1, 3, 0, 0, '2015-08-08 13:01:41', '2015-08-13 10:37:28', NULL),
	(4, 'XION RALLY ARGENTINA', 'xion-rally-argentina', '', 1, 4, 0, 0, '2015-08-08 13:05:32', '2015-08-13 10:37:28', NULL),
	(5, 'Rally de Portugal', 'rally-de-portugal', '', 1, 5, 0, 0, '2015-08-08 13:09:53', '2015-08-13 10:37:28', NULL),
	(6, 'RALLY ITALIA SARDEGNA', 'rally-italia-sardegna', '', 1, 6, 0, 0, '2015-08-08 14:53:32', '2015-08-13 10:37:28', NULL),
	(7, 'Rally Poland', 'rally-poland', '', 1, 7, 0, 0, '2015-08-08 14:58:53', '2015-08-13 10:37:28', NULL),
	(8, 'Rally Finland', 'rally-finland', '', 1, 8, 0, 0, '2015-08-08 17:48:37', '2015-08-13 10:37:28', NULL),
	(9, 'Rally Deutschland', 'rally-deutschland', '', 1, 9, 0, 0, '2015-08-08 18:05:59', '2015-08-13 10:37:28', NULL),
	(10, 'Rally Australia', 'rally-australia', '', 1, 10, 0, 0, '2015-08-08 18:15:39', '2015-08-13 10:37:28', NULL),
	(11, 'Tour de Corse', 'tour-de-corse', '', 1, 11, 0, 0, '2015-08-09 09:08:15', '2015-08-13 10:37:28', NULL),
	(12, 'Rally Catalunya', 'rally-catalunya', '', 1, 12, 0, 0, '2015-08-09 09:29:15', '2015-08-13 10:37:43', NULL),
	(13, 'Wales Rally', 'wales-rally', '', 2, 1, 0, 0, '2015-08-09 09:33:26', '2015-08-13 10:37:43', NULL),
	(14, 'Janner Rally', 'janner-rally', '', 2, 2, 0, 0, '2015-08-09 14:43:27', '2015-08-13 10:37:43', NULL),
	(15, 'Rally Liepāja', 'rally-liepaja', '', 2, 3, 0, 0, '2015-08-09 14:47:06', '2015-08-13 10:37:43', NULL),
	(16, 'Rally Ireland', 'rally-ireland', '', 2, 4, 0, 0, '2015-08-09 18:29:55', '2015-08-13 10:37:43', NULL),
	(17, 'Rally Azores', 'rally-azores', '', 2, 5, 0, 0, '2015-08-09 18:37:22', '2015-08-13 10:37:43', NULL),
	(18, 'Ypres Rally', 'ypres-rally', '', 2, 6, 0, 0, '2015-08-10 10:35:26', '2015-08-13 10:37:43', NULL),
	(26, 'Rally Estonia', 'rally-estonia', '', 2, 7, 0, 0, '2015-08-10 10:51:22', '2015-08-13 10:37:43', NULL),
	(27, 'Rally Zlin', 'rally-zlin', '', 2, 8, 0, 0, '2015-08-10 10:54:48', '2015-08-13 10:37:43', NULL),
	(28, 'Cyprus Rally', 'cyprus-rally', '', 2, 9, 0, 0, '2015-08-10 10:57:37', '2015-08-13 10:37:43', NULL),
	(29, 'Acropolis Rally', 'acropolis-rally', '', 2, 10, 0, 0, '2015-08-10 11:00:38', '2015-08-13 10:37:43', NULL),
	(30, 'Rallye du Valais', 'rallye-du-valais', '', 2, 11, 0, 0, '2015-08-10 11:04:16', '2015-08-13 10:37:43', NULL),
	(31, 'Rajd Arlamow', 'rajd-arlamow', '', 2, 12, 0, 0, '2015-08-10 11:11:05', '2015-08-13 10:37:43', NULL),
	(32, 'Rajd Dolnoslaski', 'rajd-dolnoslaski', '', 3, 1, 0, 0, '2015-08-10 11:14:37', '2015-08-13 10:37:43', NULL),
	(33, 'Rajd Karkonoski', 'rajd-karkonoski', '', 3, 2, 0, 0, '2015-08-10 11:21:17', '2015-08-13 10:37:43', NULL),
	(34, 'Rajd Baltic Cup', 'rajd-baltic-cup', '', 3, 3, 0, 0, '2015-08-10 11:25:24', '2015-08-13 10:37:43', NULL),
	(35, 'Rajd Rzeszowski', 'rajd-rzeszowski', '', 3, 4, 0, 0, '2015-08-10 11:27:51', '2015-08-13 10:37:43', NULL),
	(36, 'Rajd Swidnicki', 'rajd-swidnicki', '', 3, 5, 0, 0, '2015-08-10 11:35:54', '2015-08-13 10:37:43', NULL),
	(37, 'Cochrane Winter Rally', 'cochrane-winter-rally', '', 3, 6, 0, 0, '2015-08-10 11:58:56', '2015-08-13 10:37:43', NULL),
	(38, 'Rally Russia', 'rally-russia', '', 3, 7, 0, 0, '2015-08-10 12:01:22', '2015-08-13 10:37:43', NULL),
	(39, 'Ostersund Winter Rally', 'ostersund-winter-rally', '', 3, 8, 0, 0, '2015-08-10 12:04:32', '2015-08-13 10:37:43', NULL),
	(40, 'Aurskog Holand Rally', 'aurskog-holand-rally', '', 3, 9, 0, 0, '2015-08-10 12:14:12', '2015-08-13 10:37:43', NULL),
	(41, 'Rally Elverum', 'rally-elverum', '', 3, 10, 0, 0, '2015-08-10 12:16:39', '2015-08-13 10:37:43', NULL),
	(42, 'Rally Hadeland', 'rally-hadeland', '', 3, 11, 0, 0, '2015-08-10 12:19:14', '2015-08-13 10:37:43', NULL),
	(43, 'Rally Hedemarken', 'rally-hedemarken', '', 3, 12, 0, 0, '2015-08-10 12:45:01', '2015-08-13 10:37:43', NULL),
	(44, 'Mountain Rally Norway', 'mountain-rally-norway', '', 4, 1, 0, 0, '2015-08-10 12:56:06', '2015-08-13 10:37:43', NULL),
	(45, 'Rally Norway', 'rally-norway', '', 4, 2, 0, 0, '2015-08-10 13:00:49', '2015-08-13 10:37:43', NULL),
	(46, 'Numedalsrally', 'numedalsrally', '', 4, 3, 0, 0, '2015-08-10 13:05:04', '2015-08-13 10:37:43', NULL),
	(47, 'Sigdalsrally', 'sigdalsrally', '', 4, 4, 0, 0, '2015-08-10 13:16:42', '2015-08-13 10:37:43', NULL),
	(48, 'Rally Sokndal', 'rally-sokndal', '', 4, 5, 0, 0, '2015-08-10 13:18:36', '2015-08-13 10:37:43', NULL),
	(49, 'Rally Sorland', 'rally-sorland', '', 4, 6, 0, 0, '2015-08-10 15:12:06', '2015-08-13 10:37:43', NULL),
	(50, 'Rally Telemark', 'rally-telemark', '', 4, 7, 0, 0, '2015-08-10 15:21:49', '2015-08-13 10:37:43', NULL),
	(51, 'Arctic Lapland Rally', 'arctic-lapland-rally', '', 4, 8, 0, 0, '2015-08-10 15:24:01', '2015-08-13 10:37:43', NULL),
	(52, 'Wechselland Rallye', 'wechselland-rallye', '', 4, 9, 0, 0, '2015-08-10 15:30:10', '2015-08-13 10:37:43', NULL),
	(53, 'Rally Barbados 2014', 'rally-barbados-2014', '', 4, 10, 0, 0, '2015-08-10 15:36:15', '2015-08-13 10:37:43', NULL),
	(54, 'TAC Rally', 'tac-rally', '', 4, 11, 0, 0, '2015-08-10 15:38:49', '2015-08-13 10:37:43', NULL),
	(55, 'Rallye de Wallonie', 'rallye-de-wallonie', '', 4, 12, 0, 0, '2015-08-10 15:41:57', '2015-08-13 10:37:43', NULL),
	(56, 'Rally de Curitiba', 'rally-de-curitiba', '', 5, 1, 0, 0, '2015-08-10 15:44:46', '2015-08-13 10:37:43', NULL),
	(57, 'Rally Bulgaria', 'rally-bulgaria', '', 5, 2, 0, 0, '2015-08-10 15:48:24', '2015-08-13 10:37:43', NULL),
	(58, 'Rally Croatia', 'rally-croatia', '', 5, 3, 0, 0, '2015-08-10 15:50:44', '2015-08-13 10:37:43', NULL),
	(59, 'Rally Agropa', 'rally-agropa', '', 5, 4, 0, 0, '2015-08-10 15:54:30', '2015-08-13 10:37:43', NULL),
	(60, 'Rally Bohemia', 'rally-bohemia', '', 5, 5, 0, 0, '2015-08-10 16:20:57', '2015-08-13 10:37:43', NULL),
	(61, 'Rallye Lyon - Charbonnieres', 'rallye-lyon-charbonnieres', '', 5, 6, 0, 0, '2015-08-10 16:27:13', '2015-08-13 10:37:43', NULL),
	(62, 'Rallye du Touquet', 'rallye-du-touquet', '', 5, 7, 0, 0, '2015-08-10 16:29:02', '2015-08-13 10:37:43', NULL),
	(63, 'Rallye Erzgebirge', 'rallye-erzgebirge', '', 5, 8, 0, 0, '2015-08-10 16:31:41', '2015-08-13 10:37:43', NULL),
	(64, 'Rally Jamaica', 'rally-jamaica', '', 5, 9, 0, 0, '2015-08-10 16:38:22', '2015-08-13 10:37:43', NULL),
	(65, 'Hellendoorn Rally', 'hellendoorn-rally', '', 5, 10, 0, 0, '2015-08-10 16:41:16', '2015-08-13 10:37:43', NULL),
	(66, 'Rallye de Luxembourg', 'rallye-de-luxembourg', '', 5, 11, 0, 0, '2015-08-10 16:47:23', '2015-08-13 10:37:43', NULL),
	(67, 'Qatar Rally', 'qatar-rally', '', 5, 12, 0, 0, '2015-08-10 16:50:08', '2015-08-13 10:37:43', NULL),
	(68, 'Rally Presov', 'rally-presov', '', 6, 1, 0, 0, '2015-08-10 16:52:25', '2015-08-13 10:37:43', NULL),
	(69, 'Rally of Scotland', 'rally-of-scotland', '', 6, 2, 0, 0, '2015-08-10 16:54:38', '2015-08-13 10:37:43', NULL),
	(70, 'Olympus Rally', 'olympus-rally', '', 6, 3, 0, 0, '2015-08-10 17:20:46', '2015-08-13 10:37:43', NULL),
	(71, 'Rally Tasmania', 'rally-tasmania', '', 6, 4, 0, 0, '2015-08-10 17:24:18', '2015-08-13 10:37:43', NULL),
	(72, 'Danboring Rally', 'danboring-rally', '', 6, 5, 0, 0, '2015-08-10 17:28:34', '2015-08-13 10:37:43', NULL),
	(73, 'Rally Japan', 'rally-japan', '', 6, 6, 0, 0, '2015-08-10 17:30:34', '2015-08-13 10:37:43', NULL),
	(74, 'Rajd Krzeszowic', 'rajd-krzeszowic', '', 6, 7, 0, 0, '2015-08-10 17:47:57', '2015-08-13 10:37:43', NULL),
	(75, 'Rajd Bochni', 'rajd-bochni', '', 6, 8, 0, 0, '2015-08-11 11:03:43', '2015-08-13 10:37:43', NULL),
	(76, 'Rajd Krakowski', 'rajd-krakowski', '', 6, 9, 0, 0, '2015-08-11 11:13:27', '2015-08-13 10:37:43', NULL),
	(77, 'Rajd Baltycki', 'rajd-baltycki', '', 6, 10, 0, 0, '2015-08-11 11:24:13', '2015-08-13 10:37:43', NULL),
	(78, 'Rally of the Tall Pines', 'rally-of-the-tall-pines', '', 6, 11, 0, 0, '2015-08-11 11:38:04', '2015-08-13 10:37:43', NULL),
	(79, 'Sibiu Rally Romania', 'sibiu-rally-romania', '', 6, 12, 0, 0, '2015-08-11 11:57:54', '2015-08-13 10:37:43', NULL);
/*!40000 ALTER TABLE `rally_data_rally` ENABLE KEYS */;


-- Dumping structure for table ral.rally_data_stage
DROP TABLE IF EXISTS `rally_data_stage`;
CREATE TABLE IF NOT EXISTS `rally_data_stage` (
  `id` int(11) NOT NULL AUTO_INCREMENT,
  `rally_id` int(11) DEFAULT NULL,
  `name` varchar(255) DEFAULT NULL,
  `length` decimal(18,2) DEFAULT NULL,
  `min_time` time DEFAULT NULL,
  `created_at` datetime NOT NULL,
  `updated_at` datetime NOT NULL,
  PRIMARY KEY (`id`),
  KEY `rally_id_idx` (`rally_id`)
) ENGINE=MyISAM AUTO_INCREMENT=1336 DEFAULT CHARSET=utf8;

-- Dumping data for table ral.rally_data_stage: 1,114 rows
DELETE FROM `rally_data_stage`;
/*!40000 ALTER TABLE `rally_data_stage` DISABLE KEYS */;
INSERT INTO `rally_data_stage` (`id`, `rally_id`, `name`, `length`, `min_time`, `created_at`, `updated_at`) VALUES
	(1, 1, 'ENTREVAUX - ROUAINE', 21.55, '16:07:39', '2015-08-08 12:50:19', '2015-08-12 15:56:58'),
	(2, 1, 'NORANTE - DIGNE-LES-BAINS', 19.68, '16:07:13', '2015-08-08 12:50:19', '2015-08-12 15:56:58'),
	(3, 1, 'LA SALLE EN BEAUMONT', 15.60, '16:04:34', '2015-08-08 12:50:19', '2015-08-12 15:56:58'),
	(4, 1, 'ASPRES LES CORPS', 25.28, '16:10:50', '2015-08-08 12:50:19', '2015-08-12 15:56:58'),
	(5, 1, 'LES COSTES', 25.72, '16:09:55', '2015-08-08 12:50:19', '2015-08-12 15:56:58'),
	(6, 1, 'LA SALLE EN BEAUMONT', 15.72, '16:04:41', '2015-08-08 12:50:19', '2015-08-12 15:56:58'),
	(7, 1, 'ASPRES LES CORPS - CHAUFFAYER 2', 25.94, '16:10:31', '2015-08-08 12:50:20', '2015-08-12 15:56:58'),
	(8, 1, 'LES COSTES - ST JULIEN EN CHAMPSAUR 2', 25.16, '16:10:10', '2015-08-08 12:50:20', '2015-08-12 15:56:58'),
	(9, 1, 'PRUNIERES - EMBRUN 1', 19.24, '16:06:13', '2015-08-08 12:50:20', '2015-08-12 15:56:58'),
	(10, 1, 'LARDIER ET VALENCA - FAYE', 51.38, '16:21:10', '2015-08-08 12:50:20', '2015-08-12 15:56:58'),
	(11, 1, 'PRUNIERES - EMBRUN 2', 19.84, '16:07:03', '2015-08-08 12:50:20', '2015-08-12 15:56:58'),
	(12, 1, 'SISTERON - THOARD', 36.17, '16:15:33', '2015-08-08 12:50:20', '2015-08-12 15:56:58'),
	(13, 1, 'COL ST JEAN - ST LAURENT 1', 10.77, '16:02:10', '2015-08-08 12:50:20', '2015-08-12 15:56:58'),
	(14, 1, 'LA BOLLENE VESUBIE - SOSPEL', 31.55, '16:14:16', '2015-08-08 12:50:20', '2015-08-12 15:56:58'),
	(15, 1, ' COL ST JEAN - ST LAURENT 2', 10.83, '16:02:13', '2015-08-08 12:50:20', '2015-08-12 15:56:58'),
	(18, 2, 'SUPER SPECIAL STAGE KARLSTAD', 1.94, '15:57:44', '2015-08-08 12:56:21', '2015-08-12 15:56:58'),
	(19, 2, 'TORSBY 1', 14.80, '16:04:37', '2015-08-08 12:56:21', '2015-08-12 15:56:58'),
	(20, 2, 'ROJDEN 1', 18.74, '16:05:22', '2015-08-08 12:56:21', '2015-08-12 15:56:58'),
	(21, 2, 'FINNSKOGEN 1', 20.99, '16:07:00', '2015-08-08 12:56:22', '2015-08-12 15:56:58'),
	(22, 2, 'KIRKENAER 1', 7.89, '16:00:48', '2015-08-08 12:56:22', '2015-08-12 15:56:58'),
	(23, 2, 'KIRKENAER 2', 7.21, '16:00:23', '2015-08-08 12:56:22', '2015-08-12 15:56:58'),
	(24, 2, 'FINNSKOGEN 2', 20.94, '16:07:25', '2015-08-08 12:56:22', '2015-08-12 15:56:58'),
	(25, 2, 'TORSBY 2', 14.80, '16:04:48', '2015-08-08 12:56:22', '2015-08-12 15:56:58'),
	(26, 2, 'SUPER SPECIAL STAGE KARLSTAD 2', 1.94, '15:57:57', '2015-08-08 12:56:22', '2015-08-12 15:56:58'),
	(27, 2, 'FREDRIKSBERG 1', 18.20, '16:06:16', '2015-08-08 12:56:22', '2015-08-12 15:56:58'),
	(28, 2, 'RAMMEN 1', 22.65, '16:08:11', '2015-08-08 12:56:22', '2015-08-12 15:56:58'),
	(29, 2, 'HAGFORS SPRINT 1', 1.83, '15:57:31', '2015-08-08 12:56:22', '2015-08-12 15:56:58'),
	(30, 2, 'VARGASEN 1', 24.42, '16:09:08', '2015-08-08 12:56:22', '2015-08-12 15:56:58'),
	(31, 2, 'RAMMEN 2', 22.63, '16:07:29', '2015-08-08 12:56:22', '2015-08-12 15:56:58'),
	(32, 2, 'HAGFORS SPRINT 2', 1.76, '15:57:12', '2015-08-08 12:56:22', '2015-08-12 15:56:58'),
	(33, 2, 'VARGASEN 2', 24.22, '16:08:47', '2015-08-08 12:56:22', '2015-08-12 15:56:58'),
	(35, 3, 'STREET STAGE GUANAJUATO', 1.85, '15:57:48', '2015-08-08 13:01:41', '2015-08-12 15:56:58'),
	(36, 3, 'SUPER SPECIAL 1', 4.92, '15:58:58', '2015-08-08 13:01:41', '2015-08-12 15:56:58'),
	(37, 3, 'LOS MEXICANOS 1', 9.77, '16:01:36', '2015-08-08 13:01:41', '2015-08-12 15:56:58'),
	(38, 3, 'EL CHOCOLATE 1', 44.12, '16:20:07', '2015-08-08 13:01:41', '2015-08-12 15:56:58'),
	(39, 3, 'LAS MINAS 1', 15.34, '16:04:20', '2015-08-08 13:01:41', '2015-08-12 15:56:58'),
	(40, 3, 'STREET STAGE LEON 1', 1.91, '15:57:43', '2015-08-08 13:01:41', '2015-08-12 15:56:58'),
	(41, 3, 'LOS MEXICANOS 2', 9.68, '16:01:02', '2015-08-08 13:01:41', '2015-08-12 15:56:58'),
	(42, 3, 'EL CHOCOLATE 2', 44.17, '16:19:22', '2015-08-08 13:01:41', '2015-08-12 15:56:58'),
	(43, 3, 'LAS MINAS 2', 15.43, '16:04:08', '2015-08-08 13:01:41', '2015-08-12 15:56:58'),
	(44, 3, 'SUPER SPECIAL 2', 4.92, '15:58:58', '2015-08-08 13:01:42', '2015-08-12 15:56:58'),
	(45, 3, 'IBARRILLA 1', 30.89, '16:12:48', '2015-08-08 13:01:42', '2015-08-12 15:56:58'),
	(46, 3, 'OTATES 1', 42.44, '16:19:48', '2015-08-08 13:01:42', '2015-08-12 15:56:58'),
	(47, 3, 'EL BRINCO 1', 8.42, '16:00:58', '2015-08-08 13:01:42', '2015-08-12 15:56:58'),
	(48, 3, 'STREET STAGE LEON 2', 1.91, '15:57:49', '2015-08-08 13:01:42', '2015-08-12 15:56:58'),
	(49, 3, 'IBARRILLA 2', 30.48, '16:11:06', '2015-08-08 13:01:42', '2015-08-12 15:56:58'),
	(50, 3, 'OTATES 2', 42.59, '16:17:40', '2015-08-08 13:01:42', '2015-08-12 15:56:58'),
	(51, 3, 'EL BRINCO 2', 8.96, '16:01:27', '2015-08-08 13:01:42', '2015-08-12 15:56:58'),
	(52, 4, 'SUPER ESPECIAL MERLO', 2.89, '15:57:58', '2015-08-08 13:05:33', '2015-08-12 15:56:58'),
	(53, 4, 'AGUA DE ORO - ASCOCHINGA', 51.78, '16:25:46', '2015-08-08 13:05:33', '2015-08-12 15:56:58'),
	(54, 4, 'VILLA BUSTOS - TANTI', 19.68, '16:06:32', '2015-08-08 13:05:33', '2015-08-12 15:56:58'),
	(55, 4, 'AGUA DE ORO - ASCOCHINGA II', 51.78, '16:25:05', '2015-08-08 13:05:33', '2015-08-12 15:56:58'),
	(56, 4, 'VILLA BUSTOS - TANTI II', 19.68, '16:07:41', '2015-08-08 13:05:33', '2015-08-12 15:56:58'),
	(57, 4, 'SUPER ESPECIAL FERNET BRANCA', 6.84, '15:59:58', '2015-08-08 13:05:33', '2015-08-12 15:56:58'),
	(58, 4, 'FERNET BRANCA', 23.35, '16:09:06', '2015-08-08 13:05:33', '2015-08-12 15:56:58'),
	(59, 4, 'SAN MARCOS', 42.41, '16:18:17', '2015-08-08 13:05:33', '2015-08-12 15:56:58'),
	(60, 4, 'FERNET BRANCA II', 23.35, '16:09:45', '2015-08-08 13:05:33', '2015-08-12 15:56:58'),
	(61, 4, 'SAN MARCOS II', 42.41, '16:18:09', '2015-08-08 13:05:33', '2015-08-12 15:56:58'),
	(62, 4, 'EL CONDOR', 16.60, '16:05:37', '2015-08-08 13:05:33', '2015-08-12 15:56:58'),
	(63, 4, 'POWER STAGE EL CONDOR', 16.17, '16:05:13', '2015-08-08 13:05:33', '2015-08-12 15:56:58'),
	(71, 5, 'CAMINHA', 18.40, '16:06:40', '2015-08-08 13:09:54', '2015-08-12 15:56:58'),
	(70, 5, 'PONTE DE LIMA 1', 27.64, '16:10:40', '2015-08-08 13:09:54', '2015-08-12 15:56:58'),
	(69, 5, 'LOUSADA', 3.14, '15:57:58', '2015-08-08 13:09:53', '2015-08-12 15:56:58'),
	(72, 5, 'VIANA DO CASTELO', 18.36, '16:06:11', '2015-08-08 13:09:54', '2015-08-12 15:56:58'),
	(73, 5, 'PONTE DE LIMA 2', 27.72, '16:10:15', '2015-08-08 13:09:54', '2015-08-12 15:56:58'),
	(74, 5, 'CAMINHA 2', 18.40, '16:06:25', '2015-08-08 13:09:54', '2015-08-12 15:56:58'),
	(75, 5, 'VIANA DO CASTELO 2', 18.36, '16:06:06', '2015-08-08 13:09:54', '2015-08-12 15:56:58'),
	(76, 5, 'BAIAO', 18.28, '16:06:08', '2015-08-08 13:09:54', '2015-08-12 15:56:58'),
	(77, 5, 'MARAO', 26.53, '16:09:05', '2015-08-08 13:09:54', '2015-08-12 15:56:58'),
	(78, 5, 'FRIDAO', 37.53, '16:17:55', '2015-08-08 13:09:54', '2015-08-12 15:56:58'),
	(79, 5, 'BAIAO 2', 18.28, '16:05:24', '2015-08-08 13:09:54', '2015-08-12 15:56:58'),
	(80, 5, 'MARAO 2', 26.53, '16:11:48', '2015-08-08 13:09:54', '2015-08-12 15:56:58'),
	(81, 5, 'FRIDAO 2', 37.53, '16:17:15', '2015-08-08 13:09:54', '2015-08-12 15:56:58'),
	(82, 5, 'FAFE 1', 11.39, '16:01:58', '2015-08-08 13:09:54', '2015-08-12 15:56:58'),
	(83, 5, 'VIEIRA DO MINHO', 32.38, '16:14:51', '2015-08-08 13:09:54', '2015-08-12 15:56:58'),
	(84, 5, 'FAFE 2', 11.56, '16:02:40', '2015-08-08 13:09:55', '2015-08-12 15:56:58'),
	(85, 6, 'CITTA\' DI GAGLIARI', 2.29, '15:57:58', '2015-08-08 14:53:32', '2015-08-12 15:56:58'),
	(86, 6, 'GRIGHINE SUD', 26.31, '16:10:51', '2015-08-08 14:53:33', '2015-08-12 15:56:58'),
	(87, 6, 'GRIGHINE NORD', 18.68, '16:06:57', '2015-08-08 14:53:33', '2015-08-12 15:56:58'),
	(88, 6, 'MONTIFERRU', 14.86, '16:04:38', '2015-08-08 14:53:33', '2015-08-12 15:56:58'),
	(89, 6, 'SAGAMA', 2.41, '15:57:58', '2015-08-08 14:53:33', '2015-08-12 15:56:58'),
	(90, 6, 'SAGAMA 2', 2.41, '15:57:58', '2015-08-08 14:53:33', '2015-08-12 15:56:58'),
	(91, 6, 'SINIS - MONT\' E PRAMA', 14.70, '16:04:33', '2015-08-08 14:53:33', '2015-08-12 15:56:58'),
	(92, 6, 'GRIGHINE SUD 2', 26.31, '16:09:25', '2015-08-08 14:53:33', '2015-08-12 15:56:58'),
	(93, 6, 'GRIGHINE NORD 2', 18.68, '16:06:48', '2015-08-08 14:53:33', '2015-08-12 15:56:58'),
	(94, 6, 'MONTIFERRU 2', 14.86, '16:04:04', '2015-08-08 14:53:33', '2015-08-12 15:56:58'),
	(95, 6, 'ITTIRI ARENA', 1.98, '15:57:57', '2015-08-08 14:53:33', '2015-08-12 15:56:58'),
	(96, 6, 'MONTI DI ALA\' 1', 22.96, '16:08:01', '2015-08-08 14:53:33', '2015-08-12 15:56:58'),
	(97, 6, 'COILUNA - LOELLE', 36.43, '16:15:24', '2015-08-08 14:53:33', '2015-08-12 15:56:58'),
	(98, 6, 'MONTE LERNO', 42.55, '16:18:13', '2015-08-08 14:53:33', '2015-08-12 15:56:58'),
	(99, 6, 'OZIERI - ARDARA', 7.70, '16:00:38', '2015-08-08 14:53:33', '2015-08-12 15:56:58'),
	(100, 6, 'ITTIRI ARENA 2', 1.98, '15:57:01', '2015-08-08 14:53:34', '2015-08-12 15:56:58'),
	(101, 6, 'MONTI DI ALA\' 2', 22.50, '16:07:36', '2015-08-08 14:53:34', '2015-08-12 15:56:58'),
	(102, 7, 'MIKOLAJKI ARENA', 2.40, '15:57:58', '2015-08-08 14:58:53', '2015-08-12 15:56:58'),
	(103, 7, 'GORKLO', 13.40, '16:03:34', '2015-08-08 14:58:53', '2015-08-12 15:56:58'),
	(104, 7, 'GOLDAP', 14.65, '16:04:11', '2015-08-08 14:58:53', '2015-08-12 15:56:58'),
	(105, 7, 'BABKI', 14.87, '16:04:14', '2015-08-08 14:58:54', '2015-08-12 15:56:58'),
	(106, 7, 'STANCZYKI', 39.62, '16:17:44', '2015-08-08 14:58:54', '2015-08-12 15:56:58'),
	(107, 7, 'BABKI 2', 14.87, '16:04:00', '2015-08-08 14:58:54', '2015-08-12 15:56:58'),
	(108, 7, 'STANCZYKI 2', 39.62, '16:18:03', '2015-08-08 14:58:54', '2015-08-12 15:56:58'),
	(109, 7, 'GOLDAP 2', 14.65, '16:04:02', '2015-08-08 14:58:54', '2015-08-12 15:56:58'),
	(110, 7, 'MIKOLAJKI ARENA 2', 2.40, '15:57:58', '2015-08-08 14:58:54', '2015-08-12 15:56:58'),
	(111, 7, 'MAZURY', 17.52, '16:05:51', '2015-08-08 14:58:54', '2015-08-12 15:56:58'),
	(112, 7, 'WIELICZKI', 12.62, '16:03:52', '2015-08-08 14:58:54', '2015-08-12 15:56:58'),
	(113, 7, 'SWIETAJNO', 21.59, '16:08:01', '2015-08-08 14:58:54', '2015-08-12 15:56:58'),
	(114, 7, 'PAPROTKI', 23.68, '16:08:25', '2015-08-08 14:58:54', '2015-08-12 15:56:58'),
	(115, 7, 'MAZURY 2', 17.52, '16:06:46', '2015-08-08 14:58:54', '2015-08-12 15:56:58'),
	(116, 7, 'WIELICZKI 2', 12.62, '16:03:49', '2015-08-08 14:58:54', '2015-08-12 15:56:58'),
	(117, 7, 'SWIETAJNO 2', 21.59, '16:07:59', '2015-08-08 14:58:54', '2015-08-12 15:56:58'),
	(118, 7, 'MIKOLAJKI ARENA 3', 2.40, '15:57:58', '2015-08-08 14:58:55', '2015-08-12 15:56:58'),
	(119, 8, 'HARJU', 2.21, '15:57:58', '2015-08-08 17:48:37', '2015-08-12 15:56:58'),
	(120, 8, 'PIHLAJAKOSKI', 14.65, '16:04:21', '2015-08-08 17:48:38', '2015-08-12 15:56:58'),
	(121, 8, 'PAIJALA', 23.28, '16:09:01', '2015-08-08 17:48:38', '2015-08-12 15:56:58'),
	(122, 8, 'OUNINPOHJA', 34.51, '16:14:27', '2015-08-08 17:48:38', '2015-08-12 15:56:58'),
	(123, 8, 'HIMOS', 5.16, '15:58:58', '2015-08-08 17:48:38', '2015-08-12 15:56:58'),
	(124, 8, 'PIHLAJAKOSKI 2', 14.65, '16:04:20', '2015-08-08 17:48:38', '2015-08-12 15:56:58'),
	(125, 8, 'PAIJALA 2', 23.28, '16:09:18', '2015-08-08 17:48:38', '2015-08-12 15:56:58'),
	(126, 8, 'OUNINPOHJA 2', 34.51, '16:15:38', '2015-08-08 17:48:38', '2015-08-12 15:56:58'),
	(127, 8, 'HIMOS 2', 5.16, '15:58:58', '2015-08-08 17:48:38', '2015-08-12 15:56:58'),
	(128, 8, 'HARJU 2', 2.21, '15:57:58', '2015-08-08 17:48:38', '2015-08-12 15:56:58'),
	(129, 8, 'MOKKIPERA', 13.60, '16:03:58', '2015-08-08 17:48:38', '2015-08-12 15:56:58'),
	(130, 8, 'JUKOJARVI', 21.78, '16:07:31', '2015-08-08 17:48:38', '2015-08-12 15:56:58'),
	(131, 8, 'SURKEE', 14.25, '16:03:54', '2015-08-08 17:48:38', '2015-08-12 15:56:58'),
	(132, 8, 'HORKKA', 15.22, '16:04:55', '2015-08-08 17:48:38', '2015-08-12 15:56:58'),
	(133, 8, 'MOKKIPERA 2', 13.60, '16:03:56', '2015-08-08 17:48:38', '2015-08-12 15:56:58'),
	(134, 8, 'JUKOJARVI 2', 21.78, '16:08:47', '2015-08-08 17:48:38', '2015-08-12 15:56:58'),
	(135, 8, 'SURKEE 2', 14.25, '16:03:35', '2015-08-08 17:48:39', '2015-08-12 15:56:58'),
	(136, 9, 'Sauertal', 14.84, '16:04:06', '2015-08-08 18:06:00', '2015-08-12 15:56:58'),
	(137, 9, 'Waxweiler', 16.45, '16:04:30', '2015-08-08 18:06:00', '2015-08-12 15:56:58'),
	(138, 9, 'Moselland', 23.37, '16:09:47', '2015-08-08 18:06:00', '2015-08-12 15:56:58'),
	(139, 9, 'Sauertal 2', 14.84, '16:04:55', '2015-08-08 18:06:00', '2015-08-12 15:56:58'),
	(140, 9, 'Waxweiler 2', 16.45, '16:04:03', '2015-08-08 18:06:00', '2015-08-12 15:56:58'),
	(141, 9, 'Moselland 2', 23.37, '16:09:56', '2015-08-08 18:06:00', '2015-08-12 15:56:58'),
	(142, 9, 'Mittelmosel 2', 13.80, '16:03:13', '2015-08-08 18:06:00', '2015-08-12 15:56:58'),
	(143, 9, 'Grafschaft', 18.76, '16:06:25', '2015-08-08 18:06:00', '2015-08-12 15:56:58'),
	(144, 9, 'Bosenberg', 17.55, '16:05:31', '2015-08-08 18:06:00', '2015-08-12 15:56:58'),
	(145, 9, 'Arena Panzerplatte', 2.48, '15:57:58', '2015-08-08 18:06:00', '2015-08-12 15:56:58'),
	(146, 9, 'Arena Panzerplatte 2', 2.48, '15:57:58', '2015-08-08 18:06:01', '2015-08-12 15:56:58'),
	(147, 9, 'Panzerplatte Lang', 45.37, '16:18:07', '2015-08-08 18:06:01', '2015-08-12 15:56:58'),
	(148, 9, 'Grafschaft 2', 18.76, '16:06:40', '2015-08-08 18:06:01', '2015-08-12 15:56:58'),
	(149, 9, 'Arena Panzerplatte 3', 2.48, '15:57:58', '2015-08-08 18:06:01', '2015-08-12 15:56:58'),
	(150, 9, 'Panzerplatte Lang 2', 45.37, '16:21:17', '2015-08-08 18:06:01', '2015-08-12 15:56:58'),
	(151, 9, 'Bosenberg 2', 17.55, '16:06:43', '2015-08-08 18:06:01', '2015-08-12 15:56:58'),
	(152, 9, 'Stei & Wein', 19.32, '16:06:45', '2015-08-08 18:06:01', '2015-08-12 15:56:58'),
	(153, 10, 'Hydes Creek', 10.48, '16:01:58', '2015-08-08 18:15:39', '2015-08-12 15:56:58'),
	(154, 10, 'Bellingen', 10.21, '16:01:53', '2015-08-08 18:15:39', '2015-08-12 15:56:58'),
	(155, 10, 'Newry', 24.86, '16:09:35', '2015-08-08 18:15:39', '2015-08-12 15:56:58'),
	(156, 10, 'Hydes Creek 2', 10.48, '16:01:58', '2015-08-08 18:15:40', '2015-08-12 15:56:58'),
	(157, 10, 'Bellingen 2', 10.21, '16:01:21', '2015-08-08 18:15:40', '2015-08-12 15:56:58'),
	(158, 10, 'Newry 2', 24.86, '16:10:41', '2015-08-08 18:15:40', '2015-08-12 15:56:58'),
	(159, 10, 'Super Special Stage ', 1.55, '15:56:58', '2015-08-08 18:15:40', '2015-08-12 15:56:58'),
	(160, 10, 'Super Special Stage 2', 1.81, '15:57:43', '2015-08-08 18:15:40', '2015-08-12 15:56:58'),
	(161, 10, 'Nambucca', 48.21, '16:21:02', '2015-08-08 18:15:40', '2015-08-12 15:56:58'),
	(162, 10, 'Valla', 8.90, '16:01:30', '2015-08-08 18:15:40', '2015-08-12 15:56:58'),
	(163, 10, 'Nambucca 2', 48.21, '16:20:58', '2015-08-08 18:15:40', '2015-08-12 15:56:58'),
	(164, 10, 'Valla 2', 8.90, '16:01:49', '2015-08-08 18:15:40', '2015-08-12 15:56:58'),
	(165, 10, 'Super Special Stage 3', 1.81, '15:57:47', '2015-08-08 18:15:40', '2015-08-12 15:56:58'),
	(166, 10, 'Super Special Stage 4', 1.50, '15:56:58', '2015-08-08 18:15:40', '2015-08-12 15:56:58'),
	(167, 10, 'Shipmans', 24.14, '16:08:50', '2015-08-08 18:15:40', '2015-08-12 15:56:58'),
	(168, 10, 'Bucca', 10.90, '16:02:37', '2015-08-08 18:15:40', '2015-08-12 15:56:58'),
	(169, 10, 'Wedding Bells', 9.37, '16:01:27', '2015-08-08 18:15:40', '2015-08-12 15:56:58'),
	(170, 11, 'Plage du LIamone', 19.91, '16:06:02', '2015-08-09 09:08:16', '2015-08-12 15:56:58'),
	(171, 11, 'Casamozza', 23.66, '16:09:43', '2015-08-09 09:08:16', '2015-08-12 15:56:58'),
	(172, 11, 'Francardo', 16.34, '16:04:43', '2015-08-09 09:08:16', '2015-08-12 15:56:58'),
	(173, 11, 'Plage du Liamone 2', 19.91, '16:06:15', '2015-08-09 09:08:16', '2015-08-12 15:56:58'),
	(174, 11, 'Casamozza 2', 23.66, '16:09:46', '2015-08-09 09:08:16', '2015-08-12 15:56:58'),
	(175, 11, 'Francardo 2', 16.34, '16:05:37', '2015-08-09 09:08:16', '2015-08-12 15:56:58'),
	(176, 11, 'Casamozza 3', 23.66, '16:08:14', '2015-08-09 09:08:16', '2015-08-12 15:56:58'),
	(177, 11, 'Francardo 3', 16.34, '16:05:52', '2015-08-09 09:08:16', '2015-08-12 15:56:58'),
	(178, 11, 'Muracciole', 28.92, '16:12:21', '2015-08-09 09:08:16', '2015-08-12 15:56:58'),
	(179, 11, 'Sotta', 26.28, '16:10:38', '2015-08-09 09:08:16', '2015-08-12 15:56:58'),
	(180, 11, 'Muracciole', 28.46, '16:12:08', '2015-08-09 09:08:16', '2015-08-12 15:56:58'),
	(181, 11, 'Zerubia', 31.43, '16:13:30', '2015-08-09 09:08:16', '2015-08-12 15:56:58'),
	(182, 11, 'Bisinao', 16.74, '16:05:08', '2015-08-09 09:08:16', '2015-08-12 15:56:58'),
	(183, 11, 'Zerubia 2', 31.43, '16:11:59', '2015-08-09 09:08:16', '2015-08-12 15:56:58'),
	(184, 11, 'Bisinao 2', 16.74, '16:05:29', '2015-08-09 09:08:17', '2015-08-12 15:56:58'),
	(185, 12, 'Barcelona', 3.11, '15:57:58', '2015-08-09 09:29:16', '2015-08-12 15:56:58'),
	(186, 12, 'Mora d\'Ebre', 9.69, '16:01:46', '2015-08-09 09:29:16', '2015-08-12 15:56:58'),
	(187, 12, 'Caseres', 12.10, '16:02:16', '2015-08-09 09:29:16', '2015-08-12 15:56:58'),
	(188, 12, 'Bot', 6.21, '15:59:35', '2015-08-09 09:29:16', '2015-08-12 15:56:58'),
	(189, 12, 'Terra Alta', 35.41, '16:13:33', '2015-08-09 09:29:16', '2015-08-12 15:56:58'),
	(190, 12, 'Mora d\'Ebre 2', 9.69, '16:01:00', '2015-08-09 09:29:16', '2015-08-12 15:56:58'),
	(191, 12, 'Caseres 2', 12.10, '16:02:49', '2015-08-09 09:29:16', '2015-08-12 15:56:58'),
	(192, 12, 'Bot 2', 6.21, '15:59:51', '2015-08-09 09:29:16', '2015-08-12 15:56:58'),
	(193, 12, 'Terra Alta 2', 35.41, '16:14:07', '2015-08-09 09:29:16', '2015-08-12 15:56:58'),
	(194, 12, 'Porrera', 7.91, '16:00:19', '2015-08-09 09:29:16', '2015-08-12 15:56:58'),
	(195, 12, 'La Figuera', 26.35, '16:11:11', '2015-08-09 09:29:16', '2015-08-12 15:56:58'),
	(196, 12, 'Poboleda', 10.73, '16:02:09', '2015-08-09 09:29:16', '2015-08-12 15:56:58'),
	(197, 12, 'Capafonts', 19.13, '16:06:04', '2015-08-09 09:29:17', '2015-08-12 15:56:58'),
	(198, 12, 'La Figuera 2', 26.35, '16:11:56', '2015-08-09 09:29:17', '2015-08-12 15:56:58'),
	(199, 12, 'Poboleda 2', 10.73, '16:02:15', '2015-08-09 09:29:17', '2015-08-12 15:56:58'),
	(200, 12, 'Capafonts 2', 19.13, '16:06:35', '2015-08-09 09:29:17', '2015-08-12 15:56:58'),
	(201, 12, 'Salou', 2.62, '15:57:58', '2015-08-09 09:29:17', '2015-08-12 15:56:58'),
	(202, 13, 'Hafren', 32.44, '16:14:13', '2015-08-09 09:33:26', '2015-08-12 15:56:58'),
	(203, 13, 'Sweet Lamb', 2.97, '15:57:58', '2015-08-09 09:33:26', '2015-08-12 15:56:58'),
	(204, 13, 'Myherin', 31.73, '16:13:01', '2015-08-09 09:33:26', '2015-08-12 15:56:58'),
	(205, 13, 'Harfen 2', 32.60, '16:14:56', '2015-08-09 09:33:26', '2015-08-12 15:56:58'),
	(206, 13, 'Sweet Lamb 2', 2.97, '15:57:58', '2015-08-09 09:33:27', '2015-08-12 15:56:58'),
	(207, 13, 'Myherin 2', 31.73, '16:13:13', '2015-08-09 09:33:27', '2015-08-12 15:56:58'),
	(208, 13, 'Gartheiniog', 11.97, '16:02:57', '2015-08-09 09:33:27', '2015-08-12 15:56:58'),
	(209, 13, 'Dyfi', 25.37, '16:10:24', '2015-08-09 09:33:27', '2015-08-12 15:56:58'),
	(210, 13, 'Gartheiniog 2', 11.97, '16:02:14', '2015-08-09 09:33:27', '2015-08-12 15:56:58'),
	(211, 13, 'Dyfi 2', 25.37, '16:09:51', '2015-08-09 09:33:27', '2015-08-12 15:56:58'),
	(212, 13, 'Dyfnant', 19.89, '16:06:06', '2015-08-09 09:33:27', '2015-08-12 15:56:58'),
	(213, 13, 'Aberhirnant', 13.70, '16:03:29', '2015-08-09 09:33:27', '2015-08-12 15:56:58'),
	(214, 13, 'Chirk Castle', 2.28, '15:57:58', '2015-08-09 09:33:27', '2015-08-12 15:56:58'),
	(215, 13, 'Dynant 2', 19.83, '16:06:39', '2015-08-09 09:33:27', '2015-08-12 15:56:58'),
	(216, 13, 'Aberhirnant 2', 13.70, '16:03:50', '2015-08-09 09:33:27', '2015-08-12 15:56:58'),
	(217, 13, 'Brenig', 10.99, '16:02:10', '2015-08-09 09:33:27', '2015-08-12 15:56:58'),
	(218, 13, 'ALwen', 10.16, '16:01:04', '2015-08-09 09:33:27', '2015-08-12 15:56:58'),
	(219, 14, 'Pierbach', 18.57, '16:05:46', '2015-08-09 14:43:28', '2015-08-12 15:56:58'),
	(220, 14, 'Liebenau', 10.10, '16:01:52', '2015-08-09 14:43:28', '2015-08-12 15:56:58'),
	(221, 14, 'St. Oswald', 8.20, '16:00:36', '2015-08-09 14:43:28', '2015-08-12 15:56:58'),
	(222, 14, 'Pierbach 2', 18.57, '16:06:27', '2015-08-09 14:43:28', '2015-08-12 15:56:58'),
	(223, 14, 'Liebenau 2', 10.10, '16:01:50', '2015-08-09 14:43:28', '2015-08-12 15:56:58'),
	(224, 14, 'St. Ostwald', 8.22, '16:00:06', '2015-08-09 14:43:28', '2015-08-12 15:56:58'),
	(225, 14, 'Pregarten', 8.44, '16:00:58', '2015-08-09 14:43:28', '2015-08-12 15:56:58'),
	(226, 14, 'Schonau', 22.80, '16:08:18', '2015-08-09 14:43:28', '2015-08-12 15:56:58'),
	(227, 14, 'Pregarten 2', 8.44, '16:00:58', '2015-08-09 14:43:28', '2015-08-12 15:56:58'),
	(228, 14, 'Schonau', 22.81, '16:09:13', '2015-08-09 14:43:28', '2015-08-12 15:56:58'),
	(229, 14, 'Gutau', 8.68, '16:00:58', '2015-08-09 14:43:28', '2015-08-12 15:56:58'),
	(230, 14, 'Unterweissenbach 2', 12.31, '16:02:49', '2015-08-09 14:43:29', '2015-08-12 15:56:58'),
	(231, 14, 'Arena Konigswiesen', 7.33, '16:00:26', '2015-08-09 14:43:29', '2015-08-12 15:56:58'),
	(232, 14, 'Gutau 2', 8.68, '16:00:58', '2015-08-09 14:43:29', '2015-08-12 15:56:58'),
	(233, 14, 'Unterweissenbach', 12.31, '16:02:16', '2015-08-09 14:43:29', '2015-08-12 15:56:58'),
	(234, 14, 'Arena Konigswiesen', 7.76, '16:00:12', '2015-08-09 14:43:29', '2015-08-12 15:56:58'),
	(235, 14, 'Bad Zell', 21.71, '16:07:09', '2015-08-09 14:43:29', '2015-08-12 15:56:58'),
	(236, 15, 'Basi', 16.11, '16:04:21', '2015-08-09 14:47:07', '2015-08-12 15:56:58'),
	(237, 15, 'Kuldiga', 36.11, '16:15:22', '2015-08-09 14:47:07', '2015-08-12 15:56:58'),
	(238, 15, 'Ecorent', 7.80, '16:00:23', '2015-08-09 14:47:07', '2015-08-12 15:56:58'),
	(239, 15, 'Kuldiga 2', 36.11, '16:16:21', '2015-08-09 14:47:07', '2015-08-12 15:56:58'),
	(240, 15, 'Basi 2', 16.11, '16:05:48', '2015-08-09 14:47:07', '2015-08-12 15:56:58'),
	(241, 15, 'Podnieki', 11.37, '16:02:41', '2015-08-09 14:47:07', '2015-08-12 15:56:58'),
	(242, 15, 'Tebra', 12.70, '16:03:09', '2015-08-09 14:47:07', '2015-08-12 15:56:58'),
	(243, 15, 'Vecpils', 22.64, '16:07:04', '2015-08-09 14:47:07', '2015-08-12 15:56:58'),
	(244, 15, 'Podnieki 2', 11.37, '16:02:47', '2015-08-09 14:47:07', '2015-08-12 15:56:58'),
	(245, 15, 'Tebra 2', 12.70, '16:03:06', '2015-08-09 14:47:07', '2015-08-12 15:56:58'),
	(246, 15, 'Vecpils 2', 22.64, '16:07:23', '2015-08-09 14:47:07', '2015-08-12 15:56:58'),
	(247, 15, 'Liepaja special', 1.81, '15:57:54', '2015-08-09 14:47:07', '2015-08-12 15:56:58'),
	(248, 16, 'Bucks Head', 14.47, '16:04:44', '2015-08-09 18:29:55', '2015-08-12 15:56:58'),
	(249, 16, 'Hamilton\'s Folly', 16.40, '16:05:40', '2015-08-09 18:29:55', '2015-08-12 15:56:58'),
	(250, 16, 'Lough Henney', 10.42, '16:01:58', '2015-08-09 18:29:55', '2015-08-12 15:56:58'),
	(251, 16, 'Bucks Head 2', 14.47, '16:02:58', '2015-08-09 18:29:55', '2015-08-12 15:56:58'),
	(252, 16, 'Hamilton\'s Folly 2', 16.40, '16:05:19', '2015-08-09 18:29:56', '2015-08-12 15:56:58'),
	(253, 16, 'Lough Henry 2', 10.33, '16:01:18', '2015-08-09 18:29:56', '2015-08-12 15:56:58'),
	(254, 16, 'Newtownards TT', 1.63, '15:56:58', '2015-08-09 18:29:56', '2015-08-12 15:56:58'),
	(255, 16, 'Newtownards TT 2', 1.63, '15:56:58', '2015-08-09 18:29:56', '2015-08-12 15:56:58'),
	(256, 16, 'Bulls Brook', 13.21, '16:03:43', '2015-08-09 18:29:56', '2015-08-12 15:56:58'),
	(257, 16, 'McGaffins Corner', 26.16, '16:10:03', '2015-08-09 18:29:56', '2015-08-12 15:56:58'),
	(258, 16, 'Banbridge', 8.58, '16:00:58', '2015-08-09 18:29:56', '2015-08-12 15:56:58'),
	(259, 16, 'Gregoriough', 14.91, '16:04:46', '2015-08-09 18:29:56', '2015-08-12 15:56:58'),
	(260, 16, 'Lisburn', 1.78, '15:57:36', '2015-08-09 18:29:56', '2015-08-12 15:56:58'),
	(261, 16, 'Lisburn 2', 1.78, '15:57:51', '2015-08-09 18:29:56', '2015-08-12 15:56:58'),
	(262, 16, 'Bulls Brook 2', 13.21, '16:03:06', '2015-08-09 18:29:56', '2015-08-12 15:56:58'),
	(263, 16, 'McGaffins Corner 2', 26.16, '16:10:00', '2015-08-09 18:29:56', '2015-08-12 15:56:58'),
	(264, 16, 'Banbridge 2', 8.58, '16:00:58', '2015-08-09 18:29:56', '2015-08-12 15:56:58'),
	(265, 17, 'Grupo Marques', 3.34, '15:57:58', '2015-08-09 18:37:22', '2015-08-12 15:56:58'),
	(266, 17, 'Solucoes', 7.96, '16:00:00', '2015-08-09 18:37:23', '2015-08-12 15:56:58'),
	(267, 17, 'Vila Franca', 12.79, '16:03:10', '2015-08-09 18:37:23', '2015-08-12 15:56:58'),
	(268, 17, 'Lagoa Meo', 6.28, '15:59:58', '2015-08-09 18:37:23', '2015-08-12 15:56:58'),
	(269, 17, 'Pico da Pedra Golfe', 7.86, '16:00:04', '2015-08-09 18:37:23', '2015-08-12 15:56:58'),
	(270, 17, 'Feteiras', 7.88, '16:00:55', '2015-08-09 18:37:23', '2015-08-12 15:56:58'),
	(271, 17, 'Sete Cidades', 28.57, '16:10:13', '2015-08-09 18:37:23', '2015-08-12 15:56:58'),
	(272, 17, 'Lagoa Meo 2', 6.28, '15:59:58', '2015-08-09 18:37:23', '2015-08-12 15:56:58'),
	(273, 17, 'Pico da Pedra Golfe 2', 7.86, '16:00:17', '2015-08-09 18:37:23', '2015-08-12 15:56:58'),
	(274, 17, 'Feteiras 2', 7.88, '16:00:01', '2015-08-09 18:37:23', '2015-08-12 15:56:58'),
	(275, 17, 'Sete Cidades 2', 28.57, '16:11:45', '2015-08-09 18:37:23', '2015-08-12 15:56:58'),
	(276, 17, 'Graminhais', 20.84, '16:07:39', '2015-08-09 18:37:23', '2015-08-12 15:56:58'),
	(277, 17, 'Tronqueira', 21.68, '16:08:57', '2015-08-09 18:37:23', '2015-08-12 15:56:58'),
	(278, 17, 'Grupo Marques 2', 3.34, '15:57:58', '2015-08-09 18:37:23', '2015-08-12 15:56:58'),
	(279, 17, 'Vila Franca 2', 12.79, '16:03:50', '2015-08-09 18:37:23', '2015-08-12 15:56:58'),
	(280, 17, 'Graminhais 2', 20.84, '16:07:43', '2015-08-09 18:37:24', '2015-08-12 15:56:58'),
	(281, 17, 'Tronqueira 2', 21.68, '16:08:32', '2015-08-09 18:37:24', '2015-08-12 15:56:58'),
	(282, 18, 'Langemark', 12.57, '16:03:09', '2015-08-10 10:35:26', '2015-08-12 15:56:58'),
	(283, 18, 'Dikkebus', 14.73, '16:04:34', '2015-08-10 10:35:26', '2015-08-12 15:56:58'),
	(284, 18, 'Wijtschate', 13.43, '16:03:56', '2015-08-10 10:35:27', '2015-08-12 15:56:58'),
	(285, 18, 'Mesen', 7.80, '16:00:21', '2015-08-10 10:35:27', '2015-08-12 15:56:58'),
	(286, 18, 'Dikkebus 2', 14.73, '16:04:48', '2015-08-10 10:35:27', '2015-08-12 15:56:58'),
	(287, 18, 'Wijtschate 2', 13.43, '16:03:31', '2015-08-10 10:35:27', '2015-08-12 15:56:58'),
	(288, 18, 'Mesen 2', 7.80, '16:00:31', '2015-08-10 10:35:27', '2015-08-12 15:56:58'),
	(289, 18, 'Reninge', 14.22, '16:04:29', '2015-08-10 10:35:27', '2015-08-12 15:56:58'),
	(290, 18, 'Watou', 14.25, '16:04:52', '2015-08-10 10:35:27', '2015-08-12 15:56:58'),
	(291, 18, 'Westouter-Boeschepe', 19.34, '16:06:53', '2015-08-10 10:35:27', '2015-08-12 15:56:58'),
	(292, 18, 'Kemmelberg', 13.64, '16:02:58', '2015-08-10 10:35:27', '2015-08-12 15:56:58'),
	(293, 18, 'Hollebeket', 23.99, '16:09:58', '2015-08-10 10:35:27', '2015-08-12 15:56:58'),
	(294, 18, 'Reninge 2', 14.22, '16:03:30', '2015-08-10 10:35:27', '2015-08-12 15:56:58'),
	(295, 18, 'Watou 2', 14.25, '16:03:10', '2015-08-10 10:35:27', '2015-08-12 15:56:58'),
	(296, 18, 'Westouter-Boeschepe 2', 19.34, '16:06:05', '2015-08-10 10:35:27', '2015-08-12 15:56:58'),
	(297, 18, 'Kemmelberg 2', 13.64, '16:02:59', '2015-08-10 10:35:27', '2015-08-12 15:56:58'),
	(298, 18, 'Hollebeke 2', 23.15, '16:09:26', '2015-08-10 10:35:27', '2015-08-12 15:56:58'),
	(418, 26, 'Tartu City', 1.31, '15:56:58', '2015-08-10 10:51:22', '2015-08-12 15:56:58'),
	(419, 26, 'Arula', 8.33, '16:00:11', '2015-08-10 10:51:22', '2015-08-12 15:56:58'),
	(420, 26, 'Urvaste', 14.14, '16:03:35', '2015-08-10 10:51:22', '2015-08-12 15:56:58'),
	(421, 26, 'Raiga', 9.84, '16:01:45', '2015-08-10 10:51:22', '2015-08-12 15:56:58'),
	(422, 26, 'Ristimae', 34.69, '16:15:31', '2015-08-10 10:51:22', '2015-08-12 15:56:58'),
	(423, 26, 'Ristimae 2', 34.69, '16:14:54', '2015-08-10 10:51:22', '2015-08-12 15:56:58'),
	(424, 26, 'Raiga 2', 9.84, '16:01:32', '2015-08-10 10:51:22', '2015-08-12 15:56:58'),
	(425, 26, 'Elva', 1.94, '15:57:39', '2015-08-10 10:51:23', '2015-08-12 15:56:58'),
	(426, 26, 'Vissi', 13.41, '16:03:39', '2015-08-10 10:51:23', '2015-08-12 15:56:58'),
	(427, 26, 'Sulaoja', 7.19, '16:00:37', '2015-08-10 10:51:23', '2015-08-12 15:56:58'),
	(428, 26, 'Alakula', 11.72, '16:02:17', '2015-08-10 10:51:23', '2015-08-12 15:56:58'),
	(429, 26, 'Vissi 2', 13.41, '16:03:40', '2015-08-10 10:51:23', '2015-08-12 15:56:58'),
	(430, 26, 'Sulaoja 2', 7.19, '16:00:37', '2015-08-10 10:51:23', '2015-08-12 15:56:58'),
	(431, 26, 'Alakula 2', 11.72, '16:02:51', '2015-08-10 10:51:23', '2015-08-12 15:56:58'),
	(432, 26, 'Arula 2', 8.33, '16:00:30', '2015-08-10 10:51:23', '2015-08-12 15:56:58'),
	(433, 26, 'Urwaste 2', 14.60, '16:04:19', '2015-08-10 10:51:23', '2015-08-12 15:56:58'),
	(435, 27, 'Super Stage Zlin', 9.42, '16:01:58', '2015-08-10 10:54:48', '2015-08-12 15:56:58'),
	(436, 27, 'Slusovice', 16.88, '16:05:07', '2015-08-10 10:54:48', '2015-08-12 15:56:58'),
	(437, 27, 'Pindula', 18.70, '16:06:50', '2015-08-10 10:54:48', '2015-08-12 15:56:58'),
	(438, 27, 'Majak', 13.56, '16:02:59', '2015-08-10 10:54:49', '2015-08-12 15:56:58'),
	(439, 27, 'Kudlovice', 17.43, '16:05:10', '2015-08-10 10:54:49', '2015-08-12 15:56:58'),
	(440, 27, 'Slusovice 2', 16.88, '16:05:47', '2015-08-10 10:54:49', '2015-08-12 15:56:58'),
	(441, 27, 'Pindula 2', 18.70, '16:05:45', '2015-08-10 10:54:49', '2015-08-12 15:56:58'),
	(442, 27, 'Majak 2', 13.56, '16:03:02', '2015-08-10 10:54:49', '2015-08-12 15:56:58'),
	(443, 27, 'Kudlovice 2', 17.43, '16:04:58', '2015-08-10 10:54:49', '2015-08-12 15:56:58'),
	(444, 27, 'Semetin', 11.38, '16:02:55', '2015-08-10 10:54:49', '2015-08-12 15:56:58'),
	(445, 27, 'Trojak', 23.76, '16:09:39', '2015-08-10 10:54:49', '2015-08-12 15:56:58'),
	(446, 27, 'Zlutava', 8.12, '16:00:04', '2015-08-10 10:54:49', '2015-08-12 15:56:58'),
	(447, 27, 'Semestin 2', 11.89, '16:02:04', '2015-08-10 10:54:49', '2015-08-12 15:56:58'),
	(448, 27, 'Trojak 2', 23.76, '16:09:24', '2015-08-10 10:54:49', '2015-08-12 15:56:58'),
	(449, 27, 'Zlutava 2', 8.12, '15:59:58', '2015-08-10 10:54:49', '2015-08-12 15:56:58'),
	(452, 28, 'Asfalistiki', 5.13, '15:58:58', '2015-08-10 10:57:37', '2015-08-12 15:56:58'),
	(453, 28, 'Kotsiatis', 15.16, '16:04:55', '2015-08-10 10:57:37', '2015-08-12 15:56:58'),
	(454, 28, 'Lythrodontas', 21.28, '16:08:40', '2015-08-10 10:57:37', '2015-08-12 15:56:58'),
	(455, 28, 'Lefkara', 17.67, '16:05:35', '2015-08-10 10:57:37', '2015-08-12 15:56:58'),
	(456, 28, 'Klavdia', 11.69, '16:02:38', '2015-08-10 10:57:37', '2015-08-12 15:56:58'),
	(457, 28, 'Tseri', 14.25, '16:03:11', '2015-08-10 10:57:37', '2015-08-12 15:56:58'),
	(458, 28, 'Asinou', 11.46, '16:02:57', '2015-08-10 10:57:37', '2015-08-12 15:56:58'),
	(459, 28, 'Xerarkaka', 21.61, '16:07:39', '2015-08-10 10:57:37', '2015-08-12 15:56:58'),
	(460, 28, 'Tseri 2', 14.25, '16:04:13', '2015-08-10 10:57:37', '2015-08-12 15:56:58'),
	(461, 28, 'Asinou 2', 11.46, '16:02:19', '2015-08-10 10:57:37', '2015-08-12 15:56:58'),
	(462, 28, 'Xerarkaka 2', 21.61, '16:08:04', '2015-08-10 10:57:37', '2015-08-12 15:56:58'),
	(463, 28, 'Kotsiatis 2', 15.16, '16:04:29', '2015-08-10 10:57:38', '2015-08-12 15:56:58'),
	(464, 28, 'Lythrodontas 2', 21.28, '16:08:21', '2015-08-10 10:57:38', '2015-08-12 15:56:58'),
	(465, 28, 'Lefkara 2', 17.67, '16:05:25', '2015-08-10 10:57:38', '2015-08-12 15:56:58'),
	(466, 28, 'Klavdia 2', 11.69, '16:02:57', '2015-08-10 10:57:38', '2015-08-12 15:56:58'),
	(469, 29, 'Aghios Ioannis', 21.66, '16:07:27', '2015-08-10 11:00:38', '2015-08-12 15:56:58'),
	(470, 29, 'Aghionori', 23.52, '16:08:59', '2015-08-10 11:00:38', '2015-08-12 15:56:58'),
	(471, 29, 'Psari', 17.44, '16:05:14', '2015-08-10 11:00:38', '2015-08-12 15:56:58'),
	(472, 29, 'Aghios Ioannis 2', 21.66, '16:07:21', '2015-08-10 11:00:38', '2015-08-12 15:56:58'),
	(473, 29, 'Aghionori 2', 23.52, '16:09:02', '2015-08-10 11:00:38', '2015-08-12 15:56:58'),
	(474, 29, 'Psari 2', 17.44, '16:05:07', '2015-08-10 11:00:38', '2015-08-12 15:56:58'),
	(475, 29, 'Klenia', 18.16, '16:05:43', '2015-08-10 11:00:39', '2015-08-12 15:56:58'),
	(476, 29, 'Nea Kineta', 22.39, '16:08:13', '2015-08-10 11:00:39', '2015-08-12 15:56:58'),
	(477, 29, 'Loutraki', 16.45, '16:05:51', '2015-08-10 11:00:39', '2015-08-12 15:56:58'),
	(478, 29, 'Klenia 2', 18.16, '16:05:54', '2015-08-10 11:00:39', '2015-08-12 15:56:58'),
	(479, 29, 'Nea Kineta 2', 22.39, '16:08:54', '2015-08-10 11:00:39', '2015-08-12 15:56:58'),
	(480, 29, 'Loutraki 2', 16.45, '16:04:52', '2015-08-10 11:00:39', '2015-08-12 15:56:58'),
	(481, 29, 'Klenia 3', 18.16, '16:05:52', '2015-08-10 11:00:39', '2015-08-12 15:56:58'),
	(482, 29, 'Nea Kineta 3', 22.39, '16:07:28', '2015-08-10 11:00:39', '2015-08-12 15:56:58'),
	(483, 29, 'Loutraki 3', 16.45, '16:05:02', '2015-08-10 11:00:39', '2015-08-12 15:56:58'),
	(486, 30, 'Leukerbad', 8.76, '16:01:22', '2015-08-10 11:04:16', '2015-08-12 15:56:58'),
	(487, 30, 'Crans - Montana', 11.66, '16:02:43', '2015-08-10 11:04:17', '2015-08-12 15:56:58'),
	(488, 30, 'Anzere', 12.89, '16:02:58', '2015-08-10 11:04:17', '2015-08-12 15:56:58'),
	(489, 30, 'Sierre - Anniviers', 14.36, '16:03:41', '2015-08-10 11:04:17', '2015-08-12 15:56:58'),
	(490, 30, 'Veysonnaz', 13.11, '16:03:40', '2015-08-10 11:04:17', '2015-08-12 15:56:58'),
	(491, 30, 'Nendaz', 12.63, '16:02:59', '2015-08-10 11:04:17', '2015-08-12 15:56:58'),
	(492, 30, 'Caserne', 6.43, '15:59:58', '2015-08-10 11:04:17', '2015-08-12 15:56:58'),
	(493, 30, 'Sierre - Anniviers 2', 14.36, '16:04:53', '2015-08-10 11:04:17', '2015-08-12 15:56:58'),
	(494, 30, 'Veysonnaz 2', 13.11, '16:03:09', '2015-08-10 11:04:17', '2015-08-12 15:56:58'),
	(495, 30, 'Nendaz 2', 12.63, '16:03:09', '2015-08-10 11:04:17', '2015-08-12 15:56:58'),
	(496, 30, 'Caserne 2', 6.43, '15:59:58', '2015-08-10 11:04:17', '2015-08-12 15:56:58'),
	(497, 30, 'Champex - Lac', 16.63, '16:05:02', '2015-08-10 11:04:17', '2015-08-12 15:56:58'),
	(498, 30, 'Bruson', 10.35, '16:01:35', '2015-08-10 11:04:17', '2015-08-12 15:56:58'),
	(499, 30, 'Verbier', 15.92, '16:04:34', '2015-08-10 11:04:17', '2015-08-12 15:56:58'),
	(500, 30, 'Les Cols', 32.86, '16:14:14', '2015-08-10 11:04:17', '2015-08-12 15:56:58'),
	(501, 30, 'Champex - Lac 2', 16.63, '16:04:14', '2015-08-10 11:04:18', '2015-08-12 15:56:58'),
	(502, 30, 'Bruson 2', 10.35, '16:01:19', '2015-08-10 11:04:18', '2015-08-12 15:56:58'),
	(503, 31, 'Jodlowka', 18.52, '16:06:07', '2015-08-10 11:11:05', '2015-08-12 15:56:58'),
	(504, 31, 'Hucisko', 12.33, '16:03:42', '2015-08-10 11:11:05', '2015-08-12 15:56:58'),
	(505, 31, 'Jodlowka 2', 18.52, '16:05:10', '2015-08-10 11:11:05', '2015-08-12 15:56:58'),
	(506, 31, 'Hucisko 2', 12.33, '16:02:53', '2015-08-10 11:11:05', '2015-08-12 15:56:58'),
	(507, 31, 'Przemysl', 9.62, '16:01:20', '2015-08-10 11:11:05', '2015-08-12 15:56:58'),
	(508, 31, 'Przemysl 2', 9.62, '16:01:31', '2015-08-10 11:11:05', '2015-08-12 15:56:58'),
	(509, 31, 'Leszczawka', 9.23, '16:01:57', '2015-08-10 11:11:05', '2015-08-12 15:56:58'),
	(510, 31, 'Huta Brzuska', 8.82, '16:01:35', '2015-08-10 11:11:05', '2015-08-12 15:56:58'),
	(511, 31, 'Bircza', 15.63, '16:04:29', '2015-08-10 11:11:05', '2015-08-12 15:56:58'),
	(512, 31, 'Leszczawka 2', 9.23, '16:01:43', '2015-08-10 11:11:06', '2015-08-12 15:56:58'),
	(513, 31, 'Huta Brzuska 2', 8.82, '16:01:50', '2015-08-10 11:11:06', '2015-08-12 15:56:58'),
	(514, 31, 'Bircza 2', 15.63, '16:04:58', '2015-08-10 11:11:06', '2015-08-12 15:56:58'),
	(515, 31, 'Leszczawka 3', 9.23, '16:00:59', '2015-08-10 11:11:06', '2015-08-12 15:56:58'),
	(516, 31, 'Huta Brzuska 3', 8.82, '16:01:03', '2015-08-10 11:11:06', '2015-08-12 15:56:58'),
	(517, 31, 'Bircza 3', 15.63, '16:04:40', '2015-08-10 11:11:06', '2015-08-12 15:56:58'),
	(520, 32, 'Klodzko', 2.94, '15:57:58', '2015-08-10 11:14:37', '2015-08-12 15:56:58'),
	(521, 32, 'Klodzko 2', 2.94, '15:57:58', '2015-08-10 11:14:38', '2015-08-12 15:56:58'),
	(522, 32, 'Domaszkow', 23.65, '16:09:05', '2015-08-10 11:14:38', '2015-08-12 15:56:58'),
	(523, 32, 'Wilkanow', 17.89, '16:06:37', '2015-08-10 11:14:38', '2015-08-12 15:56:58'),
	(524, 32, 'Domaszkow 2', 23.65, '16:07:58', '2015-08-10 11:14:38', '2015-08-12 15:56:58'),
	(525, 32, 'Wilkanow 2', 17.89, '16:06:00', '2015-08-10 11:14:38', '2015-08-12 15:56:58'),
	(526, 32, 'Staropolanka', 14.96, '16:04:04', '2015-08-10 11:14:38', '2015-08-12 15:56:58'),
	(527, 32, 'BGK', 14.38, '16:03:51', '2015-08-10 11:14:38', '2015-08-12 15:56:58'),
	(528, 32, 'Radkowska Perla', 9.43, '16:01:57', '2015-08-10 11:14:38', '2015-08-12 15:56:58'),
	(529, 32, 'Staropolanka 2', 14.96, '16:04:54', '2015-08-10 11:14:38', '2015-08-12 15:56:58'),
	(530, 32, 'BGK 2', 14.38, '16:04:31', '2015-08-10 11:14:38', '2015-08-12 15:56:58'),
	(531, 32, 'Radkowska Perla 2', 9.43, '16:01:19', '2015-08-10 11:14:38', '2015-08-12 15:56:58'),
	(532, 32, 'Staropolanka 3', 14.96, '16:04:15', '2015-08-10 11:14:38', '2015-08-12 15:56:58'),
	(533, 32, 'BGK 3', 14.38, '16:04:35', '2015-08-10 11:14:38', '2015-08-12 15:56:58'),
	(534, 32, 'Radkowska Perla 3', 9.43, '16:01:18', '2015-08-10 11:14:38', '2015-08-12 15:56:58'),
	(537, 33, 'Zabobrze', 2.38, '15:57:58', '2015-08-10 11:21:17', '2015-08-12 15:56:58'),
	(538, 33, 'Zabobrze 2', 2.38, '15:57:58', '2015-08-10 11:21:17', '2015-08-12 15:56:58'),
	(539, 33, 'Karpniki', 14.72, '16:04:36', '2015-08-10 11:21:17', '2015-08-12 15:56:58'),
	(540, 33, 'Gajowka', 12.93, '16:03:41', '2015-08-10 11:21:17', '2015-08-12 15:56:58'),
	(541, 33, 'Lubomierz', 12.60, '16:03:22', '2015-08-10 11:21:17', '2015-08-12 15:56:58'),
	(542, 33, 'Karpniki 2', 14.72, '16:04:01', '2015-08-10 11:21:17', '2015-08-12 15:56:58'),
	(543, 33, 'Gajowka 2', 12.93, '16:03:11', '2015-08-10 11:21:17', '2015-08-12 15:56:58'),
	(544, 33, 'Lubomierz 2', 12.60, '16:03:29', '2015-08-10 11:21:17', '2015-08-12 15:56:58'),
	(545, 33, 'Karpacz', 19.63, '16:07:14', '2015-08-10 11:21:17', '2015-08-12 15:56:58'),
	(546, 33, 'Czernica', 27.24, '16:11:06', '2015-08-10 11:21:18', '2015-08-12 15:56:58'),
	(547, 33, 'Karpacz 2', 19.63, '16:06:47', '2015-08-10 11:21:18', '2015-08-12 15:56:58'),
	(548, 33, 'Czernica 2', 27.24, '16:10:39', '2015-08-10 11:21:18', '2015-08-12 15:56:58'),
	(549, 33, 'Karpacz 3', 19.63, '16:07:41', '2015-08-10 11:21:18', '2015-08-12 15:56:58'),
	(550, 33, 'Czernica 3', 27.24, '16:10:36', '2015-08-10 11:21:18', '2015-08-12 15:56:58'),
	(554, 34, 'Lebno', 14.27, '16:04:53', '2015-08-10 11:25:24', '2015-08-12 15:56:58'),
	(555, 34, 'Ketrzyno', 8.89, '16:01:23', '2015-08-10 11:25:24', '2015-08-12 15:56:58'),
	(556, 34, 'Linia', 14.89, '16:04:00', '2015-08-10 11:25:24', '2015-08-12 15:56:58'),
	(557, 34, 'Lebno 2', 14.27, '16:04:58', '2015-08-10 11:25:24', '2015-08-12 15:56:58'),
	(558, 34, 'Ketrzyno 2', 8.89, '16:00:58', '2015-08-10 11:25:24', '2015-08-12 15:56:58'),
	(559, 34, 'Linia 2', 14.89, '16:04:58', '2015-08-10 11:25:24', '2015-08-12 15:56:58'),
	(560, 34, 'Lebno 3', 14.27, '16:03:11', '2015-08-10 11:25:24', '2015-08-12 15:56:58'),
	(561, 34, 'Ketrzyno 3', 8.89, '16:01:56', '2015-08-10 11:25:25', '2015-08-12 15:56:58'),
	(562, 34, 'Linia 3', 14.89, '16:04:26', '2015-08-10 11:25:25', '2015-08-12 15:56:58'),
	(563, 34, 'Przodkowo', 11.47, '16:02:30', '2015-08-10 11:25:25', '2015-08-12 15:56:58'),
	(564, 34, 'Kartuzy', 12.96, '16:03:09', '2015-08-10 11:25:25', '2015-08-12 15:56:58'),
	(565, 34, 'Szemud', 13.25, '16:03:39', '2015-08-10 11:25:25', '2015-08-12 15:56:58'),
	(566, 34, 'Przodkowo 2', 11.47, '16:02:37', '2015-08-10 11:25:25', '2015-08-12 15:56:58'),
	(567, 34, 'Kartuzy 2', 12.96, '16:03:10', '2015-08-10 11:25:25', '2015-08-12 15:56:58'),
	(568, 34, 'Szemud 2', 13.25, '16:03:17', '2015-08-10 11:25:25', '2015-08-12 15:56:58'),
	(571, 35, 'Blizianka', 11.97, '16:02:26', '2015-08-10 11:27:51', '2015-08-12 15:56:58'),
	(572, 35, 'Lubenia', 25.67, '16:10:32', '2015-08-10 11:27:51', '2015-08-12 15:56:58'),
	(573, 35, 'Blizianka 2', 11.97, '16:02:40', '2015-08-10 11:27:51', '2015-08-12 15:56:58'),
	(574, 35, 'Lubenia 2', 25.67, '16:10:10', '2015-08-10 11:27:51', '2015-08-12 15:56:58'),
	(575, 35, 'Nowy Swiat', 4.44, '15:58:58', '2015-08-10 11:27:51', '2015-08-12 15:56:58'),
	(576, 35, 'Blizianka 3', 11.97, '16:02:16', '2015-08-10 11:27:51', '2015-08-12 15:56:58'),
	(577, 35, 'Lubenia 3', 25.67, '16:09:01', '2015-08-10 11:27:51', '2015-08-12 15:56:58'),
	(578, 35, 'Husow', 12.74, '16:03:17', '2015-08-10 11:27:51', '2015-08-12 15:56:58'),
	(579, 35, 'Widaczow', 10.65, '16:02:13', '2015-08-10 11:27:51', '2015-08-12 15:56:58'),
	(580, 35, 'Izdebki', 15.99, '16:03:59', '2015-08-10 11:27:51', '2015-08-12 15:56:58'),
	(581, 35, 'Husow 2', 12.74, '16:03:26', '2015-08-10 11:27:52', '2015-08-12 15:56:58'),
	(582, 35, 'Widaczow 2', 10.65, '16:02:52', '2015-08-10 11:27:52', '2015-08-12 15:56:58'),
	(583, 35, 'Izdebki 2', 15.99, '16:05:06', '2015-08-10 11:27:52', '2015-08-12 15:56:58'),
	(584, 35, 'Husow 3', 12.74, '16:03:39', '2015-08-10 11:27:52', '2015-08-12 15:56:58'),
	(585, 35, 'Widaczow 3', 10.65, '16:02:15', '2015-08-10 11:27:52', '2015-08-12 15:56:58'),
	(586, 35, 'Izdebki 3', 15.99, '16:04:14', '2015-08-10 11:27:52', '2015-08-12 15:56:58'),
	(588, 36, 'Rosciszow', 8.94, '16:01:33', '2015-08-10 11:35:54', '2015-08-12 15:56:58'),
	(589, 36, 'Swierki', 8.49, '16:00:58', '2015-08-10 11:35:55', '2015-08-12 15:56:58'),
	(590, 36, 'Milkow', 12.32, '16:02:55', '2015-08-10 11:35:55', '2015-08-12 15:56:58'),
	(591, 36, 'Rosciszow 2', 8.94, '16:01:11', '2015-08-10 11:35:55', '2015-08-12 15:56:58'),
	(592, 36, 'Swierki 2', 8.49, '16:00:58', '2015-08-10 11:35:55', '2015-08-12 15:56:58'),
	(593, 36, 'Milkow 2', 12.32, '16:03:52', '2015-08-10 11:35:55', '2015-08-12 15:56:58'),
	(594, 36, 'Rosciszow 3', 8.94, '16:01:43', '2015-08-10 11:35:55', '2015-08-12 15:56:58'),
	(595, 36, 'Swierki 3', 8.49, '16:00:58', '2015-08-10 11:35:55', '2015-08-12 15:56:58'),
	(596, 36, 'Milkow 3', 12.32, '16:02:52', '2015-08-10 11:35:55', '2015-08-12 15:56:58'),
	(597, 36, 'Michalkowa', 14.73, '16:04:54', '2015-08-10 11:35:55', '2015-08-12 15:56:58'),
	(598, 36, 'Woliborz', 8.77, '16:01:27', '2015-08-10 11:35:55', '2015-08-12 15:56:58'),
	(599, 36, 'Milkow Reverse', 12.97, '16:03:34', '2015-08-10 11:35:55', '2015-08-12 15:56:58'),
	(600, 36, 'Michalkowa 2', 14.73, '16:04:44', '2015-08-10 11:35:55', '2015-08-12 15:56:58'),
	(601, 36, 'Woliborz 2', 8.77, '16:01:14', '2015-08-10 11:35:55', '2015-08-12 15:56:58'),
	(602, 36, 'Milkow Reverse 2', 12.97, '16:03:49', '2015-08-10 11:35:56', '2015-08-12 15:56:58'),
	(605, 37, 'Hunter Southern', 6.78, '15:59:58', '2015-08-10 11:58:58', '2015-08-12 15:56:58'),
	(606, 37, 'Hunter Southern 2', 6.78, '15:59:58', '2015-08-10 11:58:58', '2015-08-12 15:56:58'),
	(607, 37, 'Harold', 6.61, '15:59:58', '2015-08-10 11:58:58', '2015-08-12 15:56:58'),
	(608, 37, 'Harold 2', 6.61, '15:59:58', '2015-08-10 11:58:58', '2015-08-12 15:56:58'),
	(609, 37, 'Hunter Southern 3', 6.78, '15:59:58', '2015-08-10 11:58:58', '2015-08-12 15:56:58'),
	(610, 37, 'Harold 3', 6.61, '15:59:58', '2015-08-10 11:58:58', '2015-08-12 15:56:58'),
	(611, 37, 'Harold 4', 6.61, '15:59:58', '2015-08-10 11:58:58', '2015-08-12 15:56:58'),
	(612, 37, 'Hunter Northern', 8.89, '16:01:31', '2015-08-10 11:58:58', '2015-08-12 15:56:58'),
	(613, 37, 'Hunter Northern Reverse', 8.31, '16:00:12', '2015-08-10 11:58:58', '2015-08-12 15:56:58'),
	(614, 37, 'Hunter Southern Reverse', 6.54, '15:59:58', '2015-08-10 11:58:58', '2015-08-12 15:56:58'),
	(615, 37, 'Hunter Southern 4', 6.78, '15:59:58', '2015-08-10 11:58:58', '2015-08-12 15:56:58'),
	(616, 37, 'Hunter Northern 2', 8.89, '16:01:53', '2015-08-10 11:58:58', '2015-08-12 15:56:58'),
	(617, 37, 'Hunter Northern Reverse 2', 8.31, '16:00:15', '2015-08-10 11:58:58', '2015-08-12 15:56:58'),
	(618, 37, 'Hunter Southern Reverse 2', 6.54, '15:59:58', '2015-08-10 11:58:59', '2015-08-12 15:56:58'),
	(622, 38, 'Kabardinka', 13.46, '16:03:29', '2015-08-10 12:01:23', '2015-08-12 15:56:58'),
	(623, 38, 'Glebovskiy', 25.40, '16:09:56', '2015-08-10 12:01:23', '2015-08-12 15:56:58'),
	(624, 38, 'Markoth', 9.43, '16:01:11', '2015-08-10 12:01:23', '2015-08-12 15:56:58'),
	(625, 38, 'Golubaya Buhta', 12.13, '16:02:22', '2015-08-10 12:01:23', '2015-08-12 15:56:58'),
	(626, 38, 'Kabardinka 2', 13.46, '16:03:25', '2015-08-10 12:01:23', '2015-08-12 15:56:58'),
	(627, 38, 'Glebovskiy 2', 25.40, '16:09:55', '2015-08-10 12:01:23', '2015-08-12 15:56:58'),
	(628, 38, 'Markoth 2', 9.43, '16:01:52', '2015-08-10 12:01:23', '2015-08-12 15:56:58'),
	(629, 38, 'Golubaya Buhta 2', 12.13, '16:02:07', '2015-08-10 12:01:23', '2015-08-12 15:56:58'),
	(630, 38, 'Gorniy', 9.11, '16:01:28', '2015-08-10 12:01:23', '2015-08-12 15:56:58'),
	(631, 38, 'Semigorskiy', 13.13, '16:03:13', '2015-08-10 12:01:23', '2015-08-12 15:56:58'),
	(632, 38, 'Natukhaevskiy', 12.90, '16:03:24', '2015-08-10 12:01:23', '2015-08-12 15:56:58'),
	(633, 38, 'Fort Raevskogo', 10.10, '16:01:24', '2015-08-10 12:01:23', '2015-08-12 15:56:58'),
	(634, 38, 'Gorniy 2', 9.11, '16:01:51', '2015-08-10 12:01:23', '2015-08-12 15:56:58'),
	(635, 38, 'Semigorskiy 2', 13.13, '16:03:18', '2015-08-10 12:01:24', '2015-08-12 15:56:58'),
	(636, 38, 'Natukhaevskiy 2', 12.90, '16:03:26', '2015-08-10 12:01:24', '2015-08-12 15:56:58'),
	(637, 38, 'Fort Raevskogo 2', 10.10, '16:01:02', '2015-08-10 12:01:24', '2015-08-12 15:56:58'),
	(639, 39, 'Lillsjohogen', 33.85, '16:13:05', '2015-08-10 12:04:32', '2015-08-12 15:56:58'),
	(640, 39, 'Campus', 2.75, '15:57:58', '2015-08-10 12:04:32', '2015-08-12 15:56:58'),
	(641, 39, 'Lillsjohogen 2', 33.85, '16:14:44', '2015-08-10 12:04:32', '2015-08-12 15:56:58'),
	(642, 39, 'Campus 2', 2.75, '15:57:58', '2015-08-10 12:04:32', '2015-08-12 15:56:58'),
	(643, 39, 'Vaster-Kalen', 7.88, '16:00:44', '2015-08-10 12:04:33', '2015-08-12 15:56:58'),
	(644, 39, 'Glosa', 5.37, '15:59:43', '2015-08-10 12:04:33', '2015-08-12 15:56:58'),
	(645, 39, 'Gallsaberget', 29.22, '16:12:45', '2015-08-10 12:04:33', '2015-08-12 15:56:58'),
	(646, 39, 'Bolesbodarna', 12.13, '16:02:52', '2015-08-10 12:04:33', '2015-08-12 15:56:58'),
	(647, 39, 'Sjoarsjon', 12.65, '16:03:51', '2015-08-10 12:04:33', '2015-08-12 15:56:58'),
	(648, 39, 'Husas', 21.25, '16:06:58', '2015-08-10 12:04:33', '2015-08-12 15:56:58'),
	(649, 39, 'Vaster-Kalen 2', 7.88, '16:00:54', '2015-08-10 12:04:33', '2015-08-12 15:56:58'),
	(650, 39, 'Glosa 2', 5.37, '15:58:58', '2015-08-10 12:04:33', '2015-08-12 15:56:58'),
	(651, 39, 'Gallsaberget 2', 29.22, '16:11:06', '2015-08-10 12:04:34', '2015-08-12 15:56:58'),
	(652, 39, 'Bolesbodarna 2', 12.13, '16:02:33', '2015-08-10 12:04:34', '2015-08-12 15:56:58'),
	(653, 39, 'Sjoarsjon', 12.26, '16:03:13', '2015-08-10 12:04:34', '2015-08-12 15:56:58'),
	(654, 39, 'Husas', 21.54, '16:08:41', '2015-08-10 12:04:34', '2015-08-12 15:56:58'),
	(656, 40, 'Fjeldsdalen Vest', 3.19, '15:57:58', '2015-08-10 12:14:12', '2015-08-12 15:56:58'),
	(657, 40, 'Naddum', 6.18, '15:59:43', '2015-08-10 12:14:12', '2015-08-12 15:56:58'),
	(658, 40, 'Hellesjovannet', 4.42, '15:58:58', '2015-08-10 12:14:12', '2015-08-12 15:56:58'),
	(659, 40, 'Fjeldsdalen Vest 2', 3.19, '15:57:58', '2015-08-10 12:14:13', '2015-08-12 15:56:58'),
	(660, 40, 'Naddum 2', 6.18, '15:59:58', '2015-08-10 12:14:13', '2015-08-12 15:56:58'),
	(661, 40, 'Hellesjovannet 2', 4.42, '15:58:58', '2015-08-10 12:14:13', '2015-08-12 15:56:58'),
	(662, 40, 'Bjorkelangen Torg', 0.33, '15:56:58', '2015-08-10 12:14:13', '2015-08-12 15:56:58'),
	(663, 40, 'Oisjoen Nord', 13.54, '16:03:04', '2015-08-10 12:14:13', '2015-08-12 15:56:58'),
	(664, 40, 'Romsjoen Nord', 13.14, '16:03:33', '2015-08-10 12:14:13', '2015-08-12 15:56:58'),
	(665, 40, 'Kjolen Syd', 13.33, '16:03:51', '2015-08-10 12:14:13', '2015-08-12 15:56:58'),
	(666, 40, 'Bjorkelangen Torg 2', 0.33, '15:56:58', '2015-08-10 12:14:13', '2015-08-12 15:56:58'),
	(667, 40, 'Romsjoen Nord 2', 13.14, '16:03:54', '2015-08-10 12:14:13', '2015-08-12 15:56:58'),
	(668, 40, 'Kjolen Syd 2', 13.33, '16:03:04', '2015-08-10 12:14:13', '2015-08-12 15:56:58'),
	(669, 40, 'Oisjoen Nord 2', 13.54, '16:03:20', '2015-08-10 12:14:13', '2015-08-12 15:56:58'),
	(673, 41, 'Arstadveien', 3.20, '15:57:58', '2015-08-10 12:16:40', '2015-08-12 15:56:58'),
	(674, 41, 'Stavasen', 17.82, '16:05:07', '2015-08-10 12:16:40', '2015-08-12 15:56:58'),
	(675, 41, 'Arstadveien 2', 3.20, '15:57:58', '2015-08-10 12:16:40', '2015-08-12 15:56:58'),
	(676, 41, 'Stavasen 2', 17.82, '16:06:14', '2015-08-10 12:16:40', '2015-08-12 15:56:58'),
	(677, 41, 'Starmoen', 3.77, '15:58:53', '2015-08-10 12:16:40', '2015-08-12 15:56:58'),
	(678, 41, 'Rolsasen', 28.60, '16:12:27', '2015-08-10 12:16:40', '2015-08-12 15:56:58'),
	(679, 41, 'Agasen', 19.58, '16:07:46', '2015-08-10 12:16:40', '2015-08-12 15:56:58'),
	(680, 41, 'Starmoen 2', 3.77, '15:58:33', '2015-08-10 12:16:40', '2015-08-12 15:56:58'),
	(681, 41, 'Rolsasen 2', 28.60, '16:10:48', '2015-08-10 12:16:40', '2015-08-12 15:56:58'),
	(682, 41, 'Agasen 2', 19.58, '16:06:38', '2015-08-10 12:16:40', '2015-08-12 15:56:58'),
	(683, 41, 'Terningen', 2.40, '15:57:58', '2015-08-10 12:16:40', '2015-08-12 15:56:58'),
	(684, 41, 'Terningen 2', 2.40, '15:57:58', '2015-08-10 12:16:41', '2015-08-12 15:56:58'),
	(685, 41, 'Starmoen Reverse', 3.47, '15:57:58', '2015-08-10 12:16:41', '2015-08-12 15:56:58'),
	(686, 41, 'Rolsasen Reverse', 28.87, '16:10:15', '2015-08-10 12:16:41', '2015-08-12 15:56:58'),
	(687, 41, 'Agasen Reverse', 19.48, '16:06:34', '2015-08-10 12:16:41', '2015-08-12 15:56:58'),
	(690, 42, 'Lovbrotte', 5.36, '15:59:44', '2015-08-10 12:19:14', '2015-08-12 15:56:58'),
	(691, 42, 'Astjern', 6.22, '15:59:20', '2015-08-10 12:19:14', '2015-08-12 15:56:58'),
	(692, 42, 'Helgedalen', 6.41, '15:59:58', '2015-08-10 12:19:14', '2015-08-12 15:56:58'),
	(693, 42, 'Lovbrotte Reverse', 5.24, '15:58:58', '2015-08-10 12:19:14', '2015-08-12 15:56:58'),
	(694, 42, 'Astjern Reverse', 6.75, '15:59:58', '2015-08-10 12:19:14', '2015-08-12 15:56:58'),
	(695, 42, 'Helgedalen Reverse', 6.76, '15:59:58', '2015-08-10 12:19:14', '2015-08-12 15:56:58'),
	(696, 42, 'Super Special Stage', 1.86, '15:57:55', '2015-08-10 12:19:15', '2015-08-12 15:56:58'),
	(697, 42, 'Super Special Stage 2', 1.86, '15:57:27', '2015-08-10 12:19:15', '2015-08-12 15:56:58'),
	(698, 42, 'Lovbrotte 2', 5.36, '15:59:27', '2015-08-10 12:19:15', '2015-08-12 15:56:58'),
	(699, 42, 'Astjern 2', 6.22, '15:59:44', '2015-08-10 12:19:15', '2015-08-12 15:56:58'),
	(700, 42, 'Helgedalen 2', 6.41, '15:59:58', '2015-08-10 12:19:15', '2015-08-12 15:56:58'),
	(701, 42, 'Lovbrotte Reverse 2', 5.24, '15:58:58', '2015-08-10 12:19:15', '2015-08-12 15:56:58'),
	(702, 42, 'Astjern Reverse 2', 6.75, '15:59:58', '2015-08-10 12:19:15', '2015-08-12 15:56:58'),
	(703, 42, 'Helgedalen Reverse 2', 6.76, '15:59:58', '2015-08-10 12:19:15', '2015-08-12 15:56:58'),
	(707, 43, 'Ringsaker', 8.33, '16:00:50', '2015-08-10 12:45:01', '2015-08-12 15:56:58'),
	(708, 43, 'Mauset', 5.28, '15:59:39', '2015-08-10 12:45:01', '2015-08-12 15:56:58'),
	(709, 43, 'Vangsasen', 7.10, '16:00:54', '2015-08-10 12:45:01', '2015-08-12 15:56:58'),
	(710, 43, 'Vennkvern', 1.32, '15:56:58', '2015-08-10 12:45:01', '2015-08-12 15:56:58'),
	(711, 43, 'Stange', 4.19, '15:58:58', '2015-08-10 12:45:01', '2015-08-12 15:56:58'),
	(712, 43, 'Ekeberg', 10.96, '16:02:22', '2015-08-10 12:45:02', '2015-08-12 15:56:58'),
	(713, 43, 'Brenna', 14.99, '16:04:08', '2015-08-10 12:45:02', '2015-08-12 15:56:58'),
	(714, 43, 'Vennkvern 2', 1.32, '15:56:58', '2015-08-10 12:45:02', '2015-08-12 15:56:58'),
	(715, 43, 'Ringsaker 2', 8.33, '16:00:09', '2015-08-10 12:45:02', '2015-08-12 15:56:58'),
	(716, 43, 'Mauset 2', 5.28, '15:59:33', '2015-08-10 12:45:02', '2015-08-12 15:56:58'),
	(717, 43, 'Vangsasen 2', 7.10, '16:00:49', '2015-08-10 12:45:02', '2015-08-12 15:56:58'),
	(718, 43, 'Stange 2', 4.19, '15:58:58', '2015-08-10 12:45:02', '2015-08-12 15:56:58'),
	(719, 43, 'Ekeberg 2', 10.96, '16:02:15', '2015-08-10 12:45:02', '2015-08-12 15:56:58'),
	(720, 43, 'Brenna 2', 14.99, '16:04:16', '2015-08-10 12:45:02', '2015-08-12 15:56:58'),
	(724, 44, 'Gjesthusvegen', 3.43, '15:57:58', '2015-08-10 12:56:06', '2015-08-12 15:56:58'),
	(725, 44, 'Gronli', 11.16, '16:02:48', '2015-08-10 12:56:06', '2015-08-12 15:56:58'),
	(726, 44, 'Lauvset', 16.42, '16:04:05', '2015-08-10 12:56:06', '2015-08-12 15:56:58'),
	(727, 44, 'Ridalen', 26.38, '16:11:55', '2015-08-10 12:56:06', '2015-08-12 15:56:58'),
	(728, 44, 'Oset', 16.27, '16:05:29', '2015-08-10 12:56:06', '2015-08-12 15:56:58'),
	(729, 44, 'Gronli Reverse', 11.51, '16:02:11', '2015-08-10 12:56:06', '2015-08-12 15:56:58'),
	(730, 44, 'Gjesthusvegen 2', 3.43, '15:57:58', '2015-08-10 12:56:06', '2015-08-12 15:56:58'),
	(731, 44, 'Gronli 2', 11.16, '16:02:43', '2015-08-10 12:56:06', '2015-08-12 15:56:58'),
	(732, 44, 'Fjellstue', 9.30, '16:01:09', '2015-08-10 12:56:06', '2015-08-12 15:56:58'),
	(733, 44, 'Oset 2', 16.27, '16:05:25', '2015-08-10 12:56:07', '2015-08-12 15:56:58'),
	(734, 44, 'Fjellstue 2', 9.30, '16:01:34', '2015-08-10 12:56:07', '2015-08-12 15:56:58'),
	(735, 44, 'Fjellstue Reverse', 9.22, '16:00:59', '2015-08-10 12:56:07', '2015-08-12 15:56:58'),
	(736, 44, 'Gronli Reverse 2', 11.51, '16:02:56', '2015-08-10 12:56:07', '2015-08-12 15:56:58'),
	(737, 44, 'Lauvset 2', 16.42, '16:04:43', '2015-08-10 12:56:07', '2015-08-12 15:56:58'),
	(741, 45, 'Oslo', 1.57, '15:56:58', '2015-08-10 13:00:49', '2015-08-12 15:56:58'),
	(742, 45, 'Opaker', 14.32, '16:04:26', '2015-08-10 13:00:49', '2015-08-12 15:56:58'),
	(743, 45, 'Kirkenaer', 8.40, '16:00:58', '2015-08-10 13:00:49', '2015-08-12 15:56:58'),
	(744, 45, 'Finnskogen', 20.35, '16:06:12', '2015-08-10 13:00:49', '2015-08-12 15:56:58'),
	(745, 45, 'Kongsvinger', 13.27, '16:03:51', '2015-08-10 13:00:49', '2015-08-12 15:56:58'),
	(746, 45, 'Opaker 2', 14.32, '16:03:14', '2015-08-10 13:00:49', '2015-08-12 15:56:58'),
	(747, 45, 'Finnskogen 2', 20.35, '16:06:49', '2015-08-10 13:00:49', '2015-08-12 15:56:58'),
	(748, 45, 'Kongsvinger 2', 13.27, '16:03:31', '2015-08-10 13:00:49', '2015-08-12 15:56:58'),
	(749, 45, 'Kirkenaer 2', 8.40, '16:00:58', '2015-08-10 13:00:49', '2015-08-12 15:56:58'),
	(750, 45, 'Mountain', 24.18, '16:09:19', '2015-08-10 13:00:49', '2015-08-12 15:56:58'),
	(751, 45, 'Lillehammer', 6.49, '15:59:58', '2015-08-10 13:00:50', '2015-08-12 15:56:58'),
	(752, 45, 'Ringsaker', 27.31, '16:11:25', '2015-08-10 13:00:50', '2015-08-12 15:56:58'),
	(753, 45, 'Hamar', 1.10, '15:56:58', '2015-08-10 13:00:50', '2015-08-12 15:56:58'),
	(754, 45, 'Mountain 2', 24.18, '16:08:09', '2015-08-10 13:00:50', '2015-08-12 15:56:58'),
	(755, 45, 'Lillehammer 2', 6.49, '15:59:58', '2015-08-10 13:00:50', '2015-08-12 15:56:58'),
	(756, 45, 'Ringsaker 2 ', 27.31, '16:10:03', '2015-08-10 13:00:50', '2015-08-12 15:56:58'),
	(757, 45, 'Hamar 2', 1.10, '15:56:58', '2015-08-10 13:00:50', '2015-08-12 15:56:58'),
	(758, 46, 'Dokkeberg', 6.91, '15:59:58', '2015-08-10 13:05:04', '2015-08-12 15:56:58'),
	(759, 46, 'Smadol', 23.35, '16:08:45', '2015-08-10 13:05:04', '2015-08-12 15:56:58'),
	(760, 46, 'Lesteberg', 9.18, '16:01:47', '2015-08-10 13:05:04', '2015-08-12 15:56:58'),
	(761, 46, 'Dokkeberg Reverse', 6.76, '15:59:58', '2015-08-10 13:05:04', '2015-08-12 15:56:58'),
	(762, 46, 'Bjerkeflata Nord', 9.63, '16:01:01', '2015-08-10 13:05:04', '2015-08-12 15:56:58'),
	(763, 46, 'Smadol Reverse', 23.96, '16:09:40', '2015-08-10 13:05:04', '2015-08-12 15:56:58'),
	(764, 46, 'Lesteberg Reverse', 9.24, '16:01:07', '2015-08-10 13:05:05', '2015-08-12 15:56:58'),
	(765, 46, 'Bjerkeflata Nord Reverse', 9.72, '16:01:11', '2015-08-10 13:05:05', '2015-08-12 15:56:58'),
	(766, 46, 'Dokkeberg 2', 6.91, '15:59:58', '2015-08-10 13:05:05', '2015-08-12 15:56:58'),
	(767, 46, 'Smadol 2', 23.35, '16:09:01', '2015-08-10 13:05:05', '2015-08-12 15:56:58'),
	(768, 46, 'Lesteberg 2', 9.18, '16:01:54', '2015-08-10 13:05:05', '2015-08-12 15:56:58'),
	(769, 46, 'Bjerkeflata Nord 2', 9.63, '16:01:57', '2015-08-10 13:05:05', '2015-08-12 15:56:58'),
	(770, 46, 'Dokkeberg 3', 6.91, '15:59:58', '2015-08-10 13:05:05', '2015-08-12 15:56:58'),
	(771, 46, 'Smadol 3', 23.35, '16:09:12', '2015-08-10 13:05:05', '2015-08-12 15:56:58'),
	(772, 46, 'Lesteberg 3', 9.18, '16:01:47', '2015-08-10 13:05:05', '2015-08-12 15:56:58'),
	(775, 47, 'Korsboen', 13.86, '16:02:59', '2015-08-10 13:16:42', '2015-08-12 15:56:58'),
	(776, 47, 'Malmveien', 6.46, '15:59:58', '2015-08-10 13:16:42', '2015-08-12 15:56:58'),
	(777, 47, 'Letmolia', 16.27, '16:04:57', '2015-08-10 13:16:42', '2015-08-12 15:56:58'),
	(778, 47, 'Krodsherad', 13.55, '16:03:13', '2015-08-10 13:16:42', '2015-08-12 15:56:58'),
	(779, 47, 'Bjoreskogen', 11.10, '16:02:05', '2015-08-10 13:16:42', '2015-08-12 15:56:58'),
	(780, 47, 'Nevra', 16.76, '16:04:59', '2015-08-10 13:16:42', '2015-08-12 15:56:58'),
	(781, 47, 'Nysaetra', 14.59, '16:04:36', '2015-08-10 13:16:42', '2015-08-12 15:56:58'),
	(782, 47, 'Malmveien 2', 6.46, '15:59:58', '2015-08-10 13:16:42', '2015-08-12 15:56:58'),
	(783, 47, 'Letmolia 2', 16.27, '16:05:26', '2015-08-10 13:16:42', '2015-08-12 15:56:58'),
	(784, 47, 'Krodsherad 2', 13.55, '16:03:48', '2015-08-10 13:16:42', '2015-08-12 15:56:58'),
	(785, 47, 'Bjoreskogen 2', 11.10, '16:02:04', '2015-08-10 13:16:43', '2015-08-12 15:56:58'),
	(786, 47, 'Korsboen 2', 13.86, '16:03:28', '2015-08-10 13:16:43', '2015-08-12 15:56:58'),
	(787, 47, 'Nevra 2', 16.76, '16:05:40', '2015-08-10 13:16:43', '2015-08-12 15:56:58'),
	(788, 47, 'Nysaetra 2', 14.59, '16:04:53', '2015-08-10 13:16:43', '2015-08-12 15:56:58'),
	(792, 48, 'Glubo', 5.79, '15:59:58', '2015-08-10 13:18:36', '2015-08-12 15:56:58'),
	(793, 48, 'Hetlandsheio', 9.82, '16:01:52', '2015-08-10 13:18:36', '2015-08-12 15:56:58'),
	(794, 48, 'Glubo 2', 5.79, '15:59:17', '2015-08-10 13:18:36', '2015-08-12 15:56:58'),
	(795, 48, 'Moi', 2.77, '15:57:58', '2015-08-10 13:18:36', '2015-08-12 15:56:58'),
	(796, 48, 'Jossingfjord', 19.16, '16:06:43', '2015-08-10 13:18:36', '2015-08-12 15:56:58'),
	(797, 48, 'Moi 2', 2.77, '15:57:58', '2015-08-10 13:18:36', '2015-08-12 15:56:58'),
	(798, 48, 'Rossland', 3.98, '15:58:46', '2015-08-10 13:18:36', '2015-08-12 15:56:58'),
	(799, 48, 'Nesvag', 9.30, '16:01:49', '2015-08-10 13:18:37', '2015-08-12 15:56:58'),
	(800, 48, 'Kjelland', 3.65, '15:58:32', '2015-08-10 13:18:37', '2015-08-12 15:56:58'),
	(801, 48, 'Rossland 2', 3.98, '15:58:39', '2015-08-10 13:18:37', '2015-08-12 15:56:58'),
	(802, 48, 'Nesvag 2', 9.30, '16:01:17', '2015-08-10 13:18:37', '2015-08-12 15:56:58'),
	(803, 48, 'Kjelland 2', 3.65, '15:58:54', '2015-08-10 13:18:37', '2015-08-12 15:56:58'),
	(804, 48, 'Jossingfjord 2', 19.16, '16:06:31', '2015-08-10 13:18:37', '2015-08-12 15:56:58'),
	(805, 48, 'Hetlandsheio', 9.18, '16:01:44', '2015-08-10 13:18:37', '2015-08-12 15:56:58'),
	(822, 49, 'Hoye 2', 9.92, '16:01:19', '2015-08-10 15:12:08', '2015-08-12 15:56:58'),
	(821, 49, 'Steinsland 2', 11.72, '16:02:41', '2015-08-10 15:12:08', '2015-08-12 15:56:58'),
	(820, 49, 'Gumpens 2', 19.16, '16:06:03', '2015-08-10 15:12:08', '2015-08-12 15:56:58'),
	(819, 49, 'Solas 2', 31.22, '16:13:13', '2015-08-10 15:12:08', '2015-08-12 15:56:58'),
	(818, 49, 'Jabekk 2', 4.18, '15:58:58', '2015-08-10 15:12:07', '2015-08-12 15:56:58'),
	(817, 49, 'Lindland', 25.94, '16:10:57', '2015-08-10 15:12:07', '2015-08-12 15:56:58'),
	(816, 49, 'Hoye', 9.92, '16:01:12', '2015-08-10 15:12:07', '2015-08-12 15:56:58'),
	(815, 49, 'Jabekk', 4.18, '15:58:58', '2015-08-10 15:12:07', '2015-08-12 15:56:58'),
	(814, 49, 'Steinsland', 11.72, '16:02:57', '2015-08-10 15:12:07', '2015-08-12 15:56:58'),
	(813, 49, 'Gumpens', 19.16, '16:06:50', '2015-08-10 15:12:07', '2015-08-12 15:56:58'),
	(812, 49, 'Solas', 31.22, '16:11:35', '2015-08-10 15:12:07', '2015-08-12 15:56:58'),
	(811, 49, 'Arstol', 17.91, '16:05:09', '2015-08-10 15:12:07', '2015-08-12 15:56:58'),
	(810, 49, 'Tranehoyda', 12.31, '16:02:31', '2015-08-10 15:12:07', '2015-08-12 15:56:58'),
	(809, 49, 'Skoieheia', 3.52, '15:58:57', '2015-08-10 15:12:07', '2015-08-12 15:56:58'),
	(840, 50, 'Arlifoss 3', 8.95, '16:01:33', '2015-08-10 15:21:50', '2015-08-12 15:56:58'),
	(839, 50, 'Liangrenna 3', 5.75, '15:59:30', '2015-08-10 15:21:50', '2015-08-12 15:56:58'),
	(838, 50, 'Klevarsida 3', 6.22, '15:59:32', '2015-08-10 15:21:50', '2015-08-12 15:56:58'),
	(837, 50, 'Darstul 3', 7.71, '16:00:33', '2015-08-10 15:21:50', '2015-08-12 15:56:58'),
	(836, 50, 'Elgsjo 3', 6.57, '15:59:58', '2015-08-10 15:21:50', '2015-08-12 15:56:58'),
	(835, 50, 'Arlifoss 2', 8.69, '16:00:58', '2015-08-10 15:21:50', '2015-08-12 15:56:58'),
	(834, 50, 'Liangrenna 2', 5.75, '15:59:12', '2015-08-10 15:21:50', '2015-08-12 15:56:58'),
	(833, 50, 'Arlifoss ', 8.97, '16:01:19', '2015-08-10 15:21:50', '2015-08-12 15:56:58'),
	(832, 50, 'Liangrenna', 5.75, '15:59:24', '2015-08-10 15:21:50', '2015-08-12 15:56:58'),
	(831, 50, 'Klevarsida 2', 6.22, '15:59:38', '2015-08-10 15:21:50', '2015-08-12 15:56:58'),
	(830, 50, 'Darstul 2', 7.71, '16:00:23', '2015-08-10 15:21:50', '2015-08-12 15:56:58'),
	(829, 50, 'Elgsjo 2', 6.57, '15:59:58', '2015-08-10 15:21:50', '2015-08-12 15:56:58'),
	(828, 50, 'Klevarsida', 6.22, '15:59:32', '2015-08-10 15:21:50', '2015-08-12 15:56:58'),
	(827, 50, 'Darstul', 7.71, '16:00:56', '2015-08-10 15:21:49', '2015-08-12 15:56:58'),
	(826, 50, 'Elgsjo', 6.57, '15:59:58', '2015-08-10 15:21:49', '2015-08-12 15:56:58'),
	(856, 51, 'Ristilampi', 49.26, '16:20:09', '2015-08-10 15:24:02', '2015-08-12 15:56:58'),
	(855, 51, 'Heinunkierto 2', 23.37, '16:09:27', '2015-08-10 15:24:02', '2015-08-12 15:56:58'),
	(854, 51, 'Sarriojarvi 2', 36.22, '16:15:16', '2015-08-10 15:24:02', '2015-08-12 15:56:58'),
	(853, 51, 'Hanhikoski 2', 32.86, '16:14:39', '2015-08-10 15:24:02', '2015-08-12 15:56:58'),
	(852, 51, 'Ristilampi', 49.63, '16:24:51', '2015-08-10 15:24:02', '2015-08-12 15:56:58'),
	(851, 51, 'Heinunkierto', 23.37, '16:08:49', '2015-08-10 15:24:02', '2015-08-12 15:56:58'),
	(850, 51, 'Mantyvaara 3', 3.63, '15:58:10', '2015-08-10 15:24:02', '2015-08-12 15:56:58'),
	(849, 51, 'Sarriojarvi', 36.22, '16:14:59', '2015-08-10 15:24:02', '2015-08-12 15:56:58'),
	(848, 51, 'Hanhikoski', 32.86, '16:13:00', '2015-08-10 15:24:02', '2015-08-12 15:56:58'),
	(847, 51, 'Mantyvaara 2', 3.63, '15:58:45', '2015-08-10 15:24:02', '2015-08-12 15:56:58'),
	(846, 51, 'Jyrhamajarvi', 29.14, '16:11:07', '2015-08-10 15:24:02', '2015-08-12 15:56:58'),
	(845, 51, 'Siikakama', 38.32, '16:16:28', '2015-08-10 15:24:02', '2015-08-12 15:56:58'),
	(844, 51, 'Aittajarvi', 24.79, '16:08:59', '2015-08-10 15:24:01', '2015-08-12 15:56:58'),
	(843, 51, 'Mantyvaara', 3.63, '15:58:31', '2015-08-10 15:24:01', '2015-08-12 15:56:58'),
	(875, 52, 'Dechantskirchen 3', 9.61, '16:01:31', '2015-08-10 15:30:11', '2015-08-12 15:56:58'),
	(874, 52, 'Sinnersdorf 3', 8.34, '16:00:58', '2015-08-10 15:30:11', '2015-08-12 15:56:58'),
	(873, 52, 'Rohrbach 3', 6.68, '15:59:58', '2015-08-10 15:30:11', '2015-08-12 15:56:58'),
	(872, 52, 'Pinggau 3', 12.57, '16:03:45', '2015-08-10 15:30:11', '2015-08-12 15:56:58'),
	(871, 52, 'Pinggau Lang 2', 32.58, '16:14:45', '2015-08-10 15:30:11', '2015-08-12 15:56:58'),
	(870, 52, 'Haideggendorf 2', 8.78, '16:01:25', '2015-08-10 15:30:11', '2015-08-12 15:56:58'),
	(869, 52, 'Pinggau Lang', 32.58, '16:12:15', '2015-08-10 15:30:11', '2015-08-12 15:56:58'),
	(868, 52, 'Haideggendorf', 8.78, '16:01:10', '2015-08-10 15:30:10', '2015-08-12 15:56:58'),
	(867, 52, 'Dechantskirchen 2', 9.61, '16:01:22', '2015-08-10 15:30:10', '2015-08-12 15:56:58'),
	(866, 52, 'Sinnersdorf 2', 8.34, '16:00:58', '2015-08-10 15:30:10', '2015-08-12 15:56:58'),
	(865, 52, 'Dechantskirchen', 9.61, '16:01:25', '2015-08-10 15:30:10', '2015-08-12 15:56:58'),
	(864, 52, 'Sinnersdorf', 8.34, '16:00:58', '2015-08-10 15:30:10', '2015-08-12 15:56:58'),
	(863, 52, 'Rohrbach 2', 6.68, '15:59:59', '2015-08-10 15:30:10', '2015-08-12 15:56:59'),
	(862, 52, 'Pinggau 2', 12.57, '16:03:20', '2015-08-10 15:30:10', '2015-08-12 15:56:59'),
	(861, 52, 'Rohrbach', 6.68, '15:59:59', '2015-08-10 15:30:10', '2015-08-12 15:56:59'),
	(860, 52, 'Pinggau', 12.57, '16:03:36', '2015-08-10 15:30:10', '2015-08-12 15:56:59'),
	(893, 53, 'Kendal 3', 6.84, '15:59:59', '2015-08-10 15:36:16', '2015-08-12 15:56:59'),
	(892, 53, 'Bushy Park 2', 1.59, '15:56:59', '2015-08-10 15:36:16', '2015-08-12 15:56:59'),
	(891, 53, 'Malvern 2', 6.26, '15:59:59', '2015-08-10 15:36:16', '2015-08-12 15:56:59'),
	(890, 53, 'Kendal 2', 6.84, '15:59:59', '2015-08-10 15:36:16', '2015-08-12 15:56:59'),
	(889, 53, 'Bushy Park', 5.28, '15:59:45', '2015-08-10 15:36:16', '2015-08-12 15:56:59'),
	(888, 53, 'Malvern', 6.26, '15:59:59', '2015-08-10 15:36:16', '2015-08-12 15:56:59'),
	(887, 53, 'Kendal', 6.84, '15:59:59', '2015-08-10 15:36:16', '2015-08-12 15:56:59'),
	(886, 53, 'Spring Vale 3', 5.70, '15:59:23', '2015-08-10 15:36:16', '2015-08-12 15:56:59'),
	(885, 53, 'Canefield 3', 6.87, '15:59:59', '2015-08-10 15:36:16', '2015-08-12 15:56:59'),
	(884, 53, 'Sailor Gully 3', 4.94, '15:58:59', '2015-08-10 15:36:15', '2015-08-12 15:56:59'),
	(883, 53, 'Spring Vale 2', 5.21, '15:58:59', '2015-08-10 15:36:15', '2015-08-12 15:56:59'),
	(882, 53, 'Canefield 2', 6.87, '15:59:59', '2015-08-10 15:36:15', '2015-08-12 15:56:59'),
	(881, 53, 'Sailor Gully 2', 4.94, '15:58:59', '2015-08-10 15:36:15', '2015-08-12 15:56:59'),
	(880, 53, 'Spring Vale ', 4.71, '15:58:59', '2015-08-10 15:36:15', '2015-08-12 15:56:59'),
	(879, 53, 'Canefield', 6.87, '15:59:59', '2015-08-10 15:36:15', '2015-08-12 15:56:59'),
	(878, 53, 'Sailor Gully', 4.94, '15:58:59', '2015-08-10 15:36:15', '2015-08-12 15:56:59'),
	(877, 53, 'Bushy Park', 1.59, '15:56:59', '2015-08-10 15:36:15', '2015-08-12 15:56:59'),
	(898, 54, 'Schuiferskapelle 2', 15.43, '16:04:51', '2015-08-10 15:38:49', '2015-08-12 15:56:59'),
	(897, 54, 'Poelberg', 7.41, '16:00:45', '2015-08-10 15:38:49', '2015-08-12 15:56:59'),
	(896, 54, 'Oosthoek', 8.97, '16:01:56', '2015-08-10 15:38:49', '2015-08-12 15:56:59'),
	(895, 54, 'Ondank', 9.75, '16:01:36', '2015-08-10 15:38:49', '2015-08-12 15:56:59'),
	(894, 54, 'Schuiferskapelle', 15.43, '16:04:22', '2015-08-10 15:38:49', '2015-08-12 15:56:59'),
	(899, 54, 'Ondank 2', 9.75, '16:01:12', '2015-08-10 15:38:49', '2015-08-12 15:56:59'),
	(900, 54, 'Oosthoek 2', 8.97, '16:01:21', '2015-08-10 15:38:50', '2015-08-12 15:56:59'),
	(901, 54, 'Poelberg 2', 7.41, '16:00:30', '2015-08-10 15:38:50', '2015-08-12 15:56:59'),
	(902, 54, 'Schuiferskapelle 3', 15.43, '16:04:32', '2015-08-10 15:38:50', '2015-08-12 15:56:59'),
	(903, 54, 'Ondank 3', 9.75, '16:01:57', '2015-08-10 15:38:50', '2015-08-12 15:56:59'),
	(904, 54, 'Oosthoek 3', 8.97, '16:01:23', '2015-08-10 15:38:50', '2015-08-12 15:56:59'),
	(905, 54, 'Poelberg 3', 7.41, '16:00:33', '2015-08-10 15:38:50', '2015-08-12 15:56:59'),
	(906, 54, 'Schuiferskapelle 4', 15.43, '16:04:12', '2015-08-10 15:38:50', '2015-08-12 15:56:59'),
	(907, 54, 'Ondank 4', 9.75, '16:01:57', '2015-08-10 15:38:50', '2015-08-12 15:56:59'),
	(908, 54, 'Oosthoek 4', 8.97, '16:01:43', '2015-08-10 15:38:50', '2015-08-12 15:56:59'),
	(909, 54, 'Poelberg 4', 7.41, '16:00:52', '2015-08-10 15:38:50', '2015-08-12 15:56:59'),
	(911, 55, 'Citadelle', 4.88, '15:58:59', '2015-08-10 15:41:57', '2015-08-12 15:56:59'),
	(912, 55, 'Malonne', 14.49, '16:03:55', '2015-08-10 15:41:57', '2015-08-12 15:56:59'),
	(913, 55, 'Bois de Villers', 9.90, '16:01:34', '2015-08-10 15:41:57', '2015-08-12 15:56:59'),
	(914, 55, 'Crupet', 11.84, '16:02:47', '2015-08-10 15:41:57', '2015-08-12 15:56:59'),
	(915, 55, 'Natoye', 10.34, '16:01:26', '2015-08-10 15:41:57', '2015-08-12 15:56:59'),
	(916, 55, 'Malonne 2', 14.49, '16:04:12', '2015-08-10 15:41:57', '2015-08-12 15:56:59'),
	(917, 55, 'Bois de Villers 2', 9.90, '16:01:35', '2015-08-10 15:41:58', '2015-08-12 15:56:59'),
	(918, 55, 'Crupet 2', 11.84, '16:02:18', '2015-08-10 15:41:58', '2015-08-12 15:56:59'),
	(919, 55, 'Natoye 2', 10.34, '16:01:00', '2015-08-10 15:41:58', '2015-08-12 15:56:59'),
	(920, 55, 'Malonne 3', 14.49, '16:03:14', '2015-08-10 15:41:58', '2015-08-12 15:56:59'),
	(921, 55, 'Bois de Villers 3', 9.90, '16:01:59', '2015-08-10 15:41:58', '2015-08-12 15:56:59'),
	(922, 55, 'Crupet 3', 11.84, '16:02:19', '2015-08-10 15:41:58', '2015-08-12 15:56:59'),
	(923, 55, 'Natoye 3', 10.34, '16:01:49', '2015-08-10 15:41:58', '2015-08-12 15:56:59'),
	(924, 55, 'Naninne', 7.38, '16:00:06', '2015-08-10 15:41:58', '2015-08-12 15:56:59'),
	(925, 55, 'Loyers', 5.22, '15:58:59', '2015-08-10 15:41:58', '2015-08-12 15:56:59'),
	(926, 55, 'Wartet', 8.94, '16:01:08', '2015-08-10 15:41:58', '2015-08-12 15:56:59'),
	(927, 55, 'Vedrin', 5.33, '15:59:17', '2015-08-10 15:41:58', '2015-08-12 15:56:59'),
	(928, 56, 'Campo Magro', 18.42, '16:05:06', '2015-08-10 15:44:48', '2015-08-12 15:56:59'),
	(929, 56, 'Ouro Fino', 12.80, '16:03:18', '2015-08-10 15:44:48', '2015-08-12 15:56:59'),
	(930, 56, 'Curtiba', 12.57, '16:03:11', '2015-08-10 15:44:48', '2015-08-12 15:56:59'),
	(931, 56, 'Campo Magro 2', 18.42, '16:05:36', '2015-08-10 15:44:48', '2015-08-12 15:56:59'),
	(932, 56, 'Curtiba 2', 12.57, '16:03:34', '2015-08-10 15:44:48', '2015-08-12 15:56:59'),
	(933, 56, 'Campo Magro 3', 18.42, '16:06:14', '2015-08-10 15:44:48', '2015-08-12 15:56:59'),
	(934, 56, 'Ouro Fino 2', 12.80, '16:03:19', '2015-08-10 15:44:48', '2015-08-12 15:56:59'),
	(935, 56, 'Bocaiuva', 28.68, '16:11:49', '2015-08-10 15:44:48', '2015-08-12 15:56:59'),
	(936, 56, 'Rio Pesqueiro', 15.89, '16:05:56', '2015-08-10 15:44:48', '2015-08-12 15:56:59'),
	(937, 56, 'Quatro Barras', 12.97, '16:03:11', '2015-08-10 15:44:48', '2015-08-12 15:56:59'),
	(938, 56, 'Nobre', 10.86, '16:02:00', '2015-08-10 15:44:48', '2015-08-12 15:56:59'),
	(939, 56, 'Rio Pesqueiro 2', 15.89, '16:04:06', '2015-08-10 15:44:48', '2015-08-12 15:56:59'),
	(940, 56, 'Quatro Barras 2', 12.97, '16:03:36', '2015-08-10 15:44:48', '2015-08-12 15:56:59'),
	(941, 56, 'Campina', 23.95, '16:08:30', '2015-08-10 15:44:48', '2015-08-12 15:56:59'),
	(942, 56, 'Prime Pinhais', 3.34, '15:57:59', '2015-08-10 15:44:49', '2015-08-12 15:56:59'),
	(945, 57, 'Beli Iskar', 6.87, '15:59:59', '2015-08-10 15:48:24', '2015-08-12 15:56:59'),
	(946, 57, 'Borovetz - Raduil', 9.21, '16:01:05', '2015-08-10 15:48:24', '2015-08-12 15:56:59'),
	(947, 57, 'Muhovo', 29.68, '16:11:17', '2015-08-10 15:48:24', '2015-08-12 15:56:59'),
	(948, 57, 'Slavovitza', 17.84, '16:06:26', '2015-08-10 15:48:24', '2015-08-12 15:56:59'),
	(949, 57, 'Beli Iskar 2', 6.87, '15:59:59', '2015-08-10 15:48:24', '2015-08-12 15:56:59'),
	(950, 57, 'Borovetz - Raduil 2', 9.21, '16:00:59', '2015-08-10 15:48:24', '2015-08-12 15:56:59'),
	(951, 57, 'Muhovo 2', 29.68, '16:11:59', '2015-08-10 15:48:24', '2015-08-12 15:56:59'),
	(952, 57, 'Slavovitza 2', 17.84, '16:05:47', '2015-08-10 15:48:24', '2015-08-12 15:56:59'),
	(953, 57, 'Trayanovi Vrata', 18.65, '16:05:17', '2015-08-10 15:48:24', '2015-08-12 15:56:59'),
	(954, 57, 'Lubnitza', 30.84, '16:13:09', '2015-08-10 15:48:25', '2015-08-12 15:56:59'),
	(955, 57, 'Raduil - Borovetz', 9.61, '16:01:40', '2015-08-10 15:48:25', '2015-08-12 15:56:59'),
	(956, 57, 'Borovetz - Beli Iskar', 6.27, '15:59:59', '2015-08-10 15:48:25', '2015-08-12 15:56:59'),
	(957, 57, 'Trayanovi Vrata 2', 18.65, '16:05:44', '2015-08-10 15:48:25', '2015-08-12 15:56:59'),
	(958, 57, 'Lubnitza 2', 30.84, '16:12:06', '2015-08-10 15:48:25', '2015-08-12 15:56:59'),
	(962, 58, 'Porec', 1.30, '15:56:59', '2015-08-10 15:50:44', '2015-08-12 15:56:59'),
	(963, 58, 'Boljun', 14.73, '16:04:03', '2015-08-10 15:50:44', '2015-08-12 15:56:59'),
	(964, 58, 'Ucka', 13.70, '16:03:56', '2015-08-10 15:50:44', '2015-08-12 15:56:59'),
	(965, 58, 'Brest', 29.76, '16:13:30', '2015-08-10 15:50:45', '2015-08-12 15:56:59'),
	(966, 58, 'Boljun 2', 14.73, '16:04:26', '2015-08-10 15:50:45', '2015-08-12 15:56:59'),
	(967, 58, 'Ucka 2', 13.70, '16:03:48', '2015-08-10 15:50:45', '2015-08-12 15:56:59'),
	(968, 58, 'Brest 2', 29.76, '16:11:39', '2015-08-10 15:50:45', '2015-08-12 15:56:59'),
	(969, 58, 'Butoniga', 14.49, '16:03:06', '2015-08-10 15:50:45', '2015-08-12 15:56:59'),
	(970, 58, 'Buzet', 14.36, '16:03:52', '2015-08-10 15:50:45', '2015-08-12 15:56:59'),
	(971, 58, 'Salteria', 29.84, '16:11:08', '2015-08-10 15:50:45', '2015-08-12 15:56:59'),
	(972, 58, 'Butoniga 2', 14.49, '16:03:22', '2015-08-10 15:50:45', '2015-08-12 15:56:59'),
	(973, 58, 'Buzet 2', 14.36, '16:02:59', '2015-08-10 15:50:45', '2015-08-12 15:56:59'),
	(974, 58, 'Salteria 2', 29.84, '16:12:17', '2015-08-10 15:50:45', '2015-08-12 15:56:59'),
	(975, 58, 'Porec 2', 1.30, '15:56:59', '2015-08-10 15:50:45', '2015-08-12 15:56:59'),
	(976, 58, 'Porec 3', 1.30, '15:56:59', '2015-08-10 15:50:45', '2015-08-12 15:56:59'),
	(979, 59, 'Horazdovice - Komusin', 5.16, '15:58:59', '2015-08-10 15:54:30', '2015-08-12 15:56:59'),
	(980, 59, 'Cecelovice', 16.97, '16:05:34', '2015-08-10 15:54:30', '2015-08-12 15:56:59'),
	(981, 59, 'Doubravice - Chrastovice', 11.29, '16:02:00', '2015-08-10 15:54:30', '2015-08-12 15:56:59'),
	(982, 59, 'Strazovice - Nehodiv', 7.74, '16:00:35', '2015-08-10 15:54:31', '2015-08-12 15:56:59'),
	(983, 59, 'Horazdovice - Komusin 2', 5.16, '15:58:59', '2015-08-10 15:54:31', '2015-08-12 15:56:59'),
	(984, 59, 'Cecelovice 2', 16.97, '16:05:58', '2015-08-10 15:54:31', '2015-08-12 15:56:59'),
	(985, 59, 'Doubravice - Chrastovice 2', 11.29, '16:02:48', '2015-08-10 15:54:31', '2015-08-12 15:56:59'),
	(986, 59, 'Strazovice - Nehodiv 2', 7.74, '16:00:23', '2015-08-10 15:54:31', '2015-08-12 15:56:59'),
	(987, 59, 'Horazdovice - Komusin 3', 5.16, '15:58:59', '2015-08-10 15:54:31', '2015-08-12 15:56:59'),
	(988, 59, 'Cecelovice 3', 16.97, '16:05:26', '2015-08-10 15:54:31', '2015-08-12 15:56:59'),
	(989, 59, 'Doubravice - Chrastovice 3', 11.29, '16:02:31', '2015-08-10 15:54:31', '2015-08-12 15:56:59'),
	(990, 59, 'Strazovice - Nehodiv 3', 7.74, '16:00:57', '2015-08-10 15:54:31', '2015-08-12 15:56:59'),
	(991, 59, 'Nehodiv - Cecelovice', 12.31, '16:03:29', '2015-08-10 15:54:31', '2015-08-12 15:56:59'),
	(992, 59, 'Cecelovice - Doubravice', 7.70, '16:00:35', '2015-08-10 15:54:31', '2015-08-12 15:56:59'),
	(996, 60, 'Bondy', 2.69, '15:57:59', '2015-08-10 16:20:57', '2015-08-12 15:56:59'),
	(997, 60, 'Sychrov', 19.32, '16:06:00', '2015-08-10 16:20:57', '2015-08-12 15:56:59'),
	(998, 60, 'Sumburk', 16.41, '16:05:58', '2015-08-10 16:20:57', '2015-08-12 15:56:59'),
	(999, 60, 'Bzi', 5.27, '15:59:55', '2015-08-10 16:20:57', '2015-08-12 15:56:59'),
	(1000, 60, 'Sychrov 2', 19.32, '16:07:45', '2015-08-10 16:20:57', '2015-08-12 15:56:59'),
	(1001, 60, 'Sumburk 2', 16.41, '16:05:56', '2015-08-10 16:20:58', '2015-08-12 15:56:59'),
	(1002, 60, 'Bzi 2', 5.27, '15:59:22', '2015-08-10 16:20:58', '2015-08-12 15:56:59'),
	(1003, 60, 'Lobec', 11.14, '16:02:07', '2015-08-10 16:20:58', '2015-08-12 15:56:59'),
	(1004, 60, 'Vinec', 15.34, '16:04:13', '2015-08-10 16:20:58', '2015-08-12 15:56:59'),
	(1005, 60, 'Staromestska', 5.62, '15:59:25', '2015-08-10 16:20:58', '2015-08-12 15:56:59'),
	(1006, 60, 'Lobec 2', 11.14, '16:02:55', '2015-08-10 16:20:58', '2015-08-12 15:56:59'),
	(1007, 60, 'Vinec 2', 15.34, '16:04:51', '2015-08-10 16:20:58', '2015-08-12 15:56:59'),
	(1008, 60, 'Staromestska 2', 5.62, '15:59:46', '2015-08-10 16:20:58', '2015-08-12 15:56:59'),
	(1009, 60, 'Lobec 3', 11.14, '16:02:17', '2015-08-10 16:20:58', '2015-08-12 15:56:59'),
	(1010, 60, 'Vinec 3', 15.34, '16:04:05', '2015-08-10 16:20:58', '2015-08-12 15:56:59'),
	(1013, 61, 'Marchampt', 12.25, '16:03:10', '2015-08-10 16:27:13', '2015-08-12 15:56:59'),
	(1014, 61, 'Lamure sur Azergues', 14.80, '16:04:13', '2015-08-10 16:27:13', '2015-08-12 15:56:59'),
	(1015, 61, 'Bibost', 13.87, '16:03:27', '2015-08-10 16:27:13', '2015-08-12 15:56:59'),
	(1016, 61, 'Rontalon', 14.97, '16:04:06', '2015-08-10 16:27:13', '2015-08-12 15:56:59'),
	(1017, 61, 'Lyon - Gerland', 1.88, '15:57:37', '2015-08-10 16:27:13', '2015-08-12 15:56:59'),
	(1018, 61, 'Marchampt - Claveisoles', 25.59, '16:09:59', '2015-08-10 16:27:13', '2015-08-12 15:56:59'),
	(1019, 61, 'Lamure sur Azergues 2', 14.80, '16:04:47', '2015-08-10 16:27:13', '2015-08-12 15:56:59'),
	(1020, 61, 'Les Noirs', 18.66, '16:05:21', '2015-08-10 16:27:13', '2015-08-12 15:56:59'),
	(1021, 61, 'Les Sauvages', 12.80, '16:03:04', '2015-08-10 16:27:13', '2015-08-12 15:56:59'),
	(1022, 61, 'Marchampt - Claveisoles', 25.94, '16:10:42', '2015-08-10 16:27:14', '2015-08-12 15:56:59'),
	(1023, 61, 'Lamure sur Azergues 3', 14.80, '16:04:05', '2015-08-10 16:27:14', '2015-08-12 15:56:59'),
	(1024, 61, 'Les Noirs 2', 18.66, '16:05:35', '2015-08-10 16:27:14', '2015-08-12 15:56:59'),
	(1025, 61, 'Les Sauvages 2', 12.80, '16:03:42', '2015-08-10 16:27:14', '2015-08-12 15:56:59'),
	(1026, 61, 'Les Noirs 3', 18.66, '16:06:34', '2015-08-10 16:27:14', '2015-08-12 15:56:59'),
	(1027, 61, 'Les Sauvages 3', 12.80, '16:03:14', '2015-08-10 16:27:14', '2015-08-12 15:56:59'),
	(1030, 62, 'Camiers', 12.11, '16:02:36', '2015-08-10 16:29:02', '2015-08-12 15:56:59'),
	(1031, 62, 'La Calotterie', 12.68, '16:03:54', '2015-08-10 16:29:02', '2015-08-12 15:56:59'),
	(1032, 62, 'Airon', 15.54, '16:04:13', '2015-08-10 16:29:02', '2015-08-12 15:56:59'),
	(1033, 62, 'Le Touquet', 2.26, '15:57:59', '2015-08-10 16:29:02', '2015-08-12 15:56:59'),
	(1034, 62, 'Camiers 2', 12.11, '16:02:55', '2015-08-10 16:29:02', '2015-08-12 15:56:59'),
	(1035, 62, 'La Calotterie 2', 12.68, '16:03:38', '2015-08-10 16:29:02', '2015-08-12 15:56:59'),
	(1036, 62, 'Airon 2', 15.54, '16:04:05', '2015-08-10 16:29:03', '2015-08-12 15:56:59'),
	(1037, 62, 'Le Touquet 2', 2.26, '15:57:59', '2015-08-10 16:29:03', '2015-08-12 15:56:59'),
	(1038, 62, 'Bourthes', 27.65, '16:10:47', '2015-08-10 16:29:03', '2015-08-12 15:56:59'),
	(1039, 62, 'Bourthes 2', 27.65, '16:10:40', '2015-08-10 16:29:03', '2015-08-12 15:56:59'),
	(1040, 62, 'Hucqueliers', 30.28, '16:13:40', '2015-08-10 16:29:03', '2015-08-12 15:56:59'),
	(1041, 62, 'Le Touquet 3', 2.26, '15:57:59', '2015-08-10 16:29:03', '2015-08-12 15:56:59'),
	(1042, 62, 'Hucqueliers 2', 30.28, '16:11:15', '2015-08-10 16:29:03', '2015-08-12 15:56:59'),
	(1043, 62, 'Bourthes 3', 27.65, '16:10:12', '2015-08-10 16:29:03', '2015-08-12 15:56:59'),
	(1044, 62, 'Hucqueliers 3', 30.28, '16:11:50', '2015-08-10 16:29:03', '2015-08-12 15:56:59'),
	(1047, 63, 'Stollberg', 4.72, '15:58:59', '2015-08-10 16:31:41', '2015-08-12 15:56:59'),
	(1048, 63, 'Grunhain', 14.25, '16:03:57', '2015-08-10 16:31:41', '2015-08-12 15:56:59'),
	(1049, 63, 'Gelenau', 7.17, '16:00:57', '2015-08-10 16:31:41', '2015-08-12 15:56:59'),
	(1050, 63, 'Mildenau', 7.82, '16:00:40', '2015-08-10 16:31:41', '2015-08-12 15:56:59'),
	(1051, 63, 'Grunhain 2', 14.25, '16:04:46', '2015-08-10 16:31:41', '2015-08-12 15:56:59'),
	(1052, 63, 'Gelenau 2', 7.17, '16:00:54', '2015-08-10 16:31:42', '2015-08-12 15:56:59'),
	(1053, 63, 'Mildenau 2', 7.82, '16:00:39', '2015-08-10 16:31:42', '2015-08-12 15:56:59'),
	(1054, 63, 'Gelenau 3', 7.17, '16:00:05', '2015-08-10 16:31:42', '2015-08-12 15:56:59'),
	(1055, 63, 'Jahnsdorf', 8.15, '16:00:17', '2015-08-10 16:31:42', '2015-08-12 15:56:59'),
	(1056, 63, 'Oberdorf', 11.50, '16:02:05', '2015-08-10 16:31:42', '2015-08-12 15:56:59'),
	(1057, 63, 'Jahnsdorf 2', 8.45, '16:00:59', '2015-08-10 16:31:42', '2015-08-12 15:56:59'),
	(1058, 63, 'Oberdorf 2', 11.68, '16:02:42', '2015-08-10 16:31:42', '2015-08-12 15:56:59'),
	(1059, 63, 'Jahnsdorf', 8.45, '16:00:59', '2015-08-10 16:31:42', '2015-08-12 15:56:59'),
	(1060, 63, 'Oberdorf', 11.68, '16:02:36', '2015-08-10 16:31:42', '2015-08-12 15:56:59'),
	(1064, 64, 'Lydford', 8.66, '16:00:59', '2015-08-10 16:38:22', '2015-08-12 15:56:59'),
	(1065, 64, 'Reynolds', 8.86, '16:01:11', '2015-08-10 16:38:22', '2015-08-12 15:56:59'),
	(1066, 64, 'Lydford 2', 8.66, '16:00:59', '2015-08-10 16:38:22', '2015-08-12 15:56:59'),
	(1067, 64, 'Reynolds 2', 8.86, '16:01:15', '2015-08-10 16:38:22', '2015-08-12 15:56:59'),
	(1068, 64, 'Lydford 3', 8.66, '16:00:59', '2015-08-10 16:38:22', '2015-08-12 15:56:59'),
	(1069, 64, 'Reynolds 3', 8.86, '16:01:18', '2015-08-10 16:38:22', '2015-08-12 15:56:59'),
	(1070, 64, 'Haddon Pen', 8.99, '16:01:43', '2015-08-10 16:38:22', '2015-08-12 15:56:59'),
	(1071, 64, 'Reynolds 4', 8.86, '16:01:20', '2015-08-10 16:38:22', '2015-08-12 15:56:59'),
	(1072, 64, 'Haddon Pen 2', 8.99, '16:01:15', '2015-08-10 16:38:22', '2015-08-12 15:56:59'),
	(1073, 64, 'Haddon Pen 3', 8.99, '16:01:18', '2015-08-10 16:38:22', '2015-08-12 15:56:59'),
	(1074, 64, 'New Works', 5.27, '15:59:24', '2015-08-10 16:38:22', '2015-08-12 15:56:59'),
	(1075, 64, 'Bybrook', 7.20, '15:59:59', '2015-08-10 16:38:23', '2015-08-12 15:56:59'),
	(1076, 64, 'New Works 2', 5.27, '15:59:37', '2015-08-10 16:38:23', '2015-08-12 15:56:59'),
	(1077, 64, 'Bybrook 2', 7.20, '16:00:11', '2015-08-10 16:38:23', '2015-08-12 15:56:59'),
	(1078, 64, 'New Works 3', 5.27, '15:59:31', '2015-08-10 16:38:23', '2015-08-12 15:56:59'),
	(1079, 64, 'Bybrook 3', 7.20, '16:00:05', '2015-08-10 16:38:23', '2015-08-12 15:56:59'),
	(1080, 64, 'Wakefield', 5.73, '15:58:59', '2015-08-10 16:38:23', '2015-08-12 15:56:59'),
	(1081, 65, 'Schutte Informatisering', 10.22, '16:01:05', '2015-08-10 16:41:16', '2015-08-12 15:56:59'),
	(1082, 65, 'Eurol Lubricants', 6.51, '15:59:59', '2015-08-10 16:41:16', '2015-08-12 15:56:59'),
	(1083, 65, 'Teunis Automotive', 6.12, '15:59:40', '2015-08-10 16:41:16', '2015-08-12 15:56:59'),
	(1084, 65, 'Schutte Informatisering 2', 10.22, '16:01:15', '2015-08-10 16:41:16', '2015-08-12 15:56:59'),
	(1085, 65, 'Eurol Lubricants 2', 6.51, '15:59:59', '2015-08-10 16:41:16', '2015-08-12 15:56:59'),
	(1086, 65, 'Teunis Automotive 2', 6.12, '15:59:38', '2015-08-10 16:41:17', '2015-08-12 15:56:59'),
	(1087, 65, 'Hegeman Bouw', 13.89, '16:03:58', '2015-08-10 16:41:17', '2015-08-12 15:56:59'),
	(1088, 65, 'Reggesign Reclame', 10.36, '16:00:59', '2015-08-10 16:41:17', '2015-08-12 15:56:59'),
	(1089, 65, 'Hegeman Bouw 2', 13.89, '16:03:53', '2015-08-10 16:41:17', '2015-08-12 15:56:59'),
	(1090, 65, 'Reggesign Reclame 2', 10.36, '16:01:27', '2015-08-10 16:41:17', '2015-08-12 15:56:59'),
	(1091, 65, 'Ten Brinke', 12.67, '16:02:59', '2015-08-10 16:41:17', '2015-08-12 15:56:59'),
	(1092, 65, 'Tijhof', 8.48, '16:00:59', '2015-08-10 16:41:17', '2015-08-12 15:56:59'),
	(1093, 65, 'Wolves Berging', 11.59, '16:02:21', '2015-08-10 16:41:17', '2015-08-12 15:56:59'),
	(1094, 65, 'Ten Brinke 2', 12.67, '16:03:57', '2015-08-10 16:41:17', '2015-08-12 15:56:59'),
	(1095, 65, 'Tijhof 2', 8.48, '16:00:59', '2015-08-10 16:41:17', '2015-08-12 15:56:59'),
	(1096, 65, 'Wolves Berging 2', 11.59, '16:02:35', '2015-08-10 16:41:17', '2015-08-12 15:56:59'),
	(1098, 66, 'Tenten - Huelmes', 12.56, '16:03:16', '2015-08-10 16:47:23', '2015-08-12 15:56:59'),
	(1099, 66, 'Petten - Rouscht', 5.25, '15:59:01', '2015-08-10 16:47:23', '2015-08-12 15:56:59'),
	(1100, 66, 'Platen - Horass', 6.74, '15:59:59', '2015-08-10 16:47:23', '2015-08-12 15:56:59'),
	(1101, 66, 'Tenten - Huelmes 2', 12.56, '16:03:09', '2015-08-10 16:47:23', '2015-08-12 15:56:59'),
	(1102, 66, 'Petten - Rouscht 2', 5.25, '15:59:05', '2015-08-10 16:47:23', '2015-08-12 15:56:59'),
	(1103, 66, 'Platen - Horass 2', 6.74, '15:59:59', '2015-08-10 16:47:23', '2015-08-12 15:56:59'),
	(1104, 66, 'Tenten - Huelmes 3', 12.56, '16:03:24', '2015-08-10 16:47:24', '2015-08-12 15:56:59'),
	(1105, 66, 'Petten - Rouscht 3', 5.25, '15:59:57', '2015-08-10 16:47:24', '2015-08-12 15:56:59'),
	(1106, 66, 'Platen - Horass 3', 6.74, '15:59:59', '2015-08-10 16:47:24', '2015-08-12 15:56:59'),
	(1107, 66, 'Reiden - Noojhem', 20.19, '16:06:21', '2015-08-10 16:47:24', '2015-08-12 15:56:59'),
	(1108, 66, 'Horass - Platen', 10.99, '16:02:13', '2015-08-10 16:47:24', '2015-08-12 15:56:59'),
	(1109, 66, 'Reiden - Noojhem 2', 20.19, '16:06:15', '2015-08-10 16:47:24', '2015-08-12 15:56:59'),
	(1110, 66, 'Horass - Platen 2', 10.99, '16:02:45', '2015-08-10 16:47:24', '2015-08-12 15:56:59'),
	(1111, 66, 'Reiden - Noojhem 3', 20.19, '16:06:43', '2015-08-10 16:47:24', '2015-08-12 15:56:59'),
	(1112, 66, 'Horass - Platen 3', 10.99, '16:02:35', '2015-08-10 16:47:24', '2015-08-12 15:56:59'),
	(1115, 67, 'Nabat Lusail', 19.33, '16:07:21', '2015-08-10 16:50:08', '2015-08-12 15:56:59'),
	(1116, 67, 'Umm Al Hal', 12.99, '16:03:08', '2015-08-10 16:50:08', '2015-08-12 15:56:59'),
	(1117, 67, 'Al Waker', 10.19, '16:01:55', '2015-08-10 16:50:08', '2015-08-12 15:56:59'),
	(1118, 67, 'QMMF', 28.31, '16:12:30', '2015-08-10 16:50:08', '2015-08-12 15:56:59'),
	(1119, 67, 'Nabat Lusail 2', 19.33, '16:06:41', '2015-08-10 16:50:08', '2015-08-12 15:56:59'),
	(1120, 67, 'Umm Al Hal 2', 12.99, '16:03:55', '2015-08-10 16:50:08', '2015-08-12 15:56:59'),
	(1121, 67, 'Al Waker 2', 10.19, '16:01:30', '2015-08-10 16:50:08', '2015-08-12 15:56:59'),
	(1122, 67, 'QMMF 2', 28.31, '16:11:47', '2015-08-10 16:50:08', '2015-08-12 15:56:59'),
	(1123, 67, 'Al Wakrah', 25.83, '16:09:45', '2015-08-10 16:50:08', '2015-08-12 15:56:59'),
	(1124, 67, 'QMMF 3', 28.31, '16:11:58', '2015-08-10 16:50:08', '2015-08-12 15:56:59'),
	(1125, 67, 'Al Negian', 7.90, '16:00:55', '2015-08-10 16:50:09', '2015-08-12 15:56:59'),
	(1126, 67, 'Al Wakrah 2', 25.83, '16:10:27', '2015-08-10 16:50:09', '2015-08-12 15:56:59'),
	(1127, 67, 'QMMF 4', 28.31, '16:11:58', '2015-08-10 16:50:09', '2015-08-12 15:56:59'),
	(1128, 67, 'Al Negian 2', 7.90, '16:00:19', '2015-08-10 16:50:09', '2015-08-12 15:56:59'),
	(1129, 67, 'Al Wakrah 3', 25.83, '16:09:53', '2015-08-10 16:50:09', '2015-08-12 15:56:59'),
	(1130, 67, 'Al Negian 3', 7.90, '16:00:25', '2015-08-10 16:50:09', '2015-08-12 15:56:59'),
	(1132, 68, 'Salgovik', 10.76, '16:02:59', '2015-08-10 16:52:25', '2015-08-12 15:56:59'),
	(1133, 68, 'Zlata Baoa 3', 24.32, '16:07:59', '2015-08-10 16:52:25', '2015-08-12 15:56:59'),
	(1134, 68, 'Lubotice', 6.32, '15:59:59', '2015-08-10 16:52:25', '2015-08-12 15:56:59'),
	(1135, 68, 'Salgovik 2', 10.16, '16:01:23', '2015-08-10 16:52:25', '2015-08-12 15:56:59'),
	(1136, 68, 'Zlata Baoa 2', 24.32, '16:08:36', '2015-08-10 16:52:25', '2015-08-12 15:56:59'),
	(1137, 68, 'Lubotice 2', 6.51, '15:59:59', '2015-08-10 16:52:25', '2015-08-12 15:56:59'),
	(1138, 68, 'Obisovce', 23.31, '16:08:30', '2015-08-10 16:52:26', '2015-08-12 15:56:59'),
	(1139, 68, 'Vitaz', 17.93, '16:05:52', '2015-08-10 16:52:26', '2015-08-12 15:56:59'),
	(1140, 68, 'Obisovce 2', 23.31, '16:08:49', '2015-08-10 16:52:26', '2015-08-12 15:56:59'),
	(1141, 68, 'Vitaz 2', 17.93, '16:05:08', '2015-08-10 16:52:26', '2015-08-12 15:56:59'),
	(1142, 68, 'Obisovce 3', 23.31, '16:09:47', '2015-08-10 16:52:26', '2015-08-12 15:56:59'),
	(1143, 68, 'Vitaz 3', 17.93, '16:06:39', '2015-08-10 16:52:26', '2015-08-12 15:56:59'),
	(1144, 68, 'Salgovik', 10.16, '16:01:35', '2015-08-10 16:52:26', '2015-08-12 15:56:59'),
	(1145, 68, 'Zlata Baoa', 24.32, '16:09:35', '2015-08-10 16:52:26', '2015-08-12 15:56:59'),
	(1146, 68, 'Lubotice', 6.51, '15:59:59', '2015-08-10 16:52:26', '2015-08-12 15:56:59'),
	(1149, 69, 'Carron Valley', 8.49, '16:00:59', '2015-08-10 16:54:39', '2015-08-12 15:56:59'),
	(1150, 69, 'Carron Valley 2', 8.49, '16:00:59', '2015-08-10 16:54:39', '2015-08-12 15:56:59'),
	(1151, 69, 'Craigvinean', 16.29, '16:05:56', '2015-08-10 16:54:39', '2015-08-12 15:56:59'),
	(1152, 69, 'Drummond Hill', 13.65, '16:03:06', '2015-08-10 16:54:39', '2015-08-12 15:56:59'),
	(1153, 69, 'Errochty', 17.85, '16:05:00', '2015-08-10 16:54:39', '2015-08-12 15:56:59'),
	(1154, 69, 'Craigvinean 2', 16.29, '16:04:29', '2015-08-10 16:54:39', '2015-08-12 15:56:59'),
	(1155, 69, 'Drummond Hill 2', 13.65, '16:03:27', '2015-08-10 16:54:39', '2015-08-12 15:56:59'),
	(1156, 69, 'Errochty 2', 17.85, '16:06:53', '2015-08-10 16:54:39', '2015-08-12 15:56:59'),
	(1157, 69, 'Carron Valley 3', 8.49, '16:00:59', '2015-08-10 16:54:39', '2015-08-12 15:56:59'),
	(1158, 69, 'Loch Chon', 9.29, '16:01:40', '2015-08-10 16:54:39', '2015-08-12 15:56:59'),
	(1159, 69, 'High Corrie', 25.62, '16:09:13', '2015-08-10 16:54:39', '2015-08-12 15:56:59'),
	(1160, 69, 'Loch Chon 2', 9.29, '16:01:20', '2015-08-10 16:54:39', '2015-08-12 15:56:59'),
	(1161, 69, 'High Corrie 2', 25.62, '16:09:53', '2015-08-10 16:54:39', '2015-08-12 15:56:59'),
	(1162, 69, 'Scone Palace', 2.60, '15:57:59', '2015-08-10 16:54:39', '2015-08-12 15:56:59'),
	(1163, 69, 'Scone Palace 2', 2.60, '15:57:59', '2015-08-10 16:54:40', '2015-08-12 15:56:59'),
	(1166, 70, 'Palix', 9.48, '16:01:14', '2015-08-10 17:20:46', '2015-08-12 15:56:59'),
	(1167, 70, 'Palix 2', 9.48, '16:01:01', '2015-08-10 17:20:46', '2015-08-12 15:56:59'),
	(1168, 70, 'Smith Creek', 10.19, '16:01:47', '2015-08-10 17:20:46', '2015-08-12 15:56:59'),
	(1169, 70, 'Brooklyn', 11.97, '16:02:57', '2015-08-10 17:20:46', '2015-08-12 15:56:59'),
	(1170, 70, 'Brooklyn 2', 11.97, '16:02:49', '2015-08-10 17:20:46', '2015-08-12 15:56:59'),
	(1171, 70, 'Smith Creek 2', 10.19, '16:01:49', '2015-08-10 17:20:46', '2015-08-12 15:56:59'),
	(1172, 70, 'Pico', 15.36, '16:04:11', '2015-08-10 17:20:46', '2015-08-12 15:56:59'),
	(1173, 70, 'Pico 2', 15.36, '16:04:38', '2015-08-10 17:20:46', '2015-08-12 15:56:59'),
	(1174, 70, 'Wreck Creek', 6.71, '15:59:59', '2015-08-10 17:20:46', '2015-08-12 15:56:59'),
	(1175, 70, 'Wreck Creek 2', 6.71, '15:59:59', '2015-08-10 17:20:46', '2015-08-12 15:56:59'),
	(1176, 70, 'Taholah', 18.20, '16:04:59', '2015-08-10 17:20:47', '2015-08-12 15:56:59'),
	(1177, 70, 'Black Bear Highway', 7.22, '16:00:45', '2015-08-10 17:20:47', '2015-08-12 15:56:59'),
	(1178, 70, 'Taholah 2', 18.20, '16:06:45', '2015-08-10 17:20:47', '2015-08-12 15:56:59'),
	(1179, 70, 'Black Bear Highway 2', 7.22, '16:00:02', '2015-08-10 17:20:47', '2015-08-12 15:56:59'),
	(1183, 71, 'Guide Valley', 4.11, '15:58:22', '2015-08-10 17:24:19', '2015-08-12 15:56:59'),
	(1184, 71, 'Tewkesbury', 4.71, '15:58:59', '2015-08-10 17:24:19', '2015-08-12 15:56:59'),
	(1185, 71, 'Hellyer Leslie', 19.20, '16:06:12', '2015-08-10 17:24:19', '2015-08-12 15:56:59'),
	(1186, 71, 'Hellyer Leslie 2', 19.20, '16:06:54', '2015-08-10 17:24:19', '2015-08-12 15:56:59'),
	(1187, 71, 'Savage River', 24.99, '16:08:20', '2015-08-10 17:24:19', '2015-08-12 15:56:59'),
	(1188, 71, 'Savage River 2', 24.99, '16:10:18', '2015-08-10 17:24:19', '2015-08-12 15:56:59'),
	(1189, 71, 'Hellyer Leslie 3', 19.20, '16:06:11', '2015-08-10 17:24:19', '2015-08-12 15:56:59'),
	(1190, 71, 'Yolla North', 5.83, '15:59:19', '2015-08-10 17:24:19', '2015-08-12 15:56:59'),
	(1191, 71, 'Oldina North', 7.53, '16:00:32', '2015-08-10 17:24:19', '2015-08-12 15:56:59'),
	(1192, 71, 'Yolla North 2', 5.83, '15:59:53', '2015-08-10 17:24:19', '2015-08-12 15:56:59'),
	(1193, 71, 'Oldina North 2', 7.53, '16:00:09', '2015-08-10 17:24:19', '2015-08-12 15:56:59'),
	(1194, 71, 'Paloona Dam', 5.15, '15:58:59', '2015-08-10 17:24:19', '2015-08-12 15:56:59'),
	(1195, 71, 'Mt. Roland', 7.53, '16:00:58', '2015-08-10 17:24:19', '2015-08-12 15:56:59'),
	(1196, 71, 'King Solomon', 15.80, '16:05:36', '2015-08-10 17:24:19', '2015-08-12 15:56:59'),
	(1197, 71, 'Gog Range', 7.31, '16:00:17', '2015-08-10 17:24:20', '2015-08-12 15:56:59'),
	(1198, 71, 'Mt. Roland 2', 7.53, '16:00:45', '2015-08-10 17:24:20', '2015-08-12 15:56:59'),
	(1199, 71, 'King Solomon 2', 15.80, '16:05:45', '2015-08-10 17:24:20', '2015-08-12 15:56:59'),
	(1200, 72, 'Lysgard', 14.36, '16:04:55', '2015-08-10 17:28:35', '2015-08-12 15:56:59'),
	(1201, 72, 'Kjellerup', 2.56, '15:57:59', '2015-08-10 17:28:36', '2015-08-12 15:56:59'),
	(1202, 72, 'Sjorslev', 20.85, '16:07:01', '2015-08-10 17:28:36', '2015-08-12 15:56:59'),
	(1203, 72, 'Demstrup', 6.41, '15:59:59', '2015-08-10 17:28:36', '2015-08-12 15:56:59'),
	(1204, 72, 'Lysgard 2', 14.36, '16:03:36', '2015-08-10 17:28:37', '2015-08-12 15:56:59'),
	(1205, 72, 'Kjellerup 2', 2.56, '15:57:59', '2015-08-10 17:28:37', '2015-08-12 15:56:59'),
	(1206, 72, 'Sjorslev 2', 20.85, '16:07:12', '2015-08-10 17:28:37', '2015-08-12 15:56:59'),
	(1207, 72, 'Demstrup 2', 6.41, '15:59:59', '2015-08-10 17:28:38', '2015-08-12 15:56:59'),
	(1208, 72, 'Hindberg', 7.38, '16:00:16', '2015-08-10 17:28:38', '2015-08-12 15:56:59'),
	(1209, 72, 'Frederiksdal', 8.99, '16:01:26', '2015-08-10 17:28:39', '2015-08-12 15:56:59'),
	(1210, 72, 'Hinge', 6.51, '15:59:59', '2015-08-10 17:28:39', '2015-08-12 15:56:59'),
	(1211, 72, 'Hindberg 2', 7.38, '16:00:23', '2015-08-10 17:28:39', '2015-08-12 15:56:59'),
	(1212, 72, 'Frederiksdal 2', 8.99, '16:01:34', '2015-08-10 17:28:39', '2015-08-12 15:56:59'),
	(1213, 72, 'Hinge 2', 6.51, '15:59:59', '2015-08-10 17:28:39', '2015-08-12 15:56:59'),
	(1214, 72, 'Kjellerup 3', 2.56, '15:57:59', '2015-08-10 17:28:39', '2015-08-12 15:56:59'),
	(1217, 73, 'Saporro', 1.85, '15:57:56', '2015-08-10 17:30:34', '2015-08-12 15:56:59'),
	(1218, 73, 'Saporro 2', 1.85, '15:57:10', '2015-08-10 17:30:34', '2015-08-12 15:56:59'),
	(1219, 73, 'Iwanke', 26.67, '16:09:50', '2015-08-10 17:30:34', '2015-08-12 15:56:59'),
	(1220, 73, 'Kamauycep', 33.69, '16:14:25', '2015-08-10 17:30:34', '2015-08-12 15:56:59'),
	(1221, 73, 'Kina', 9.25, '16:01:52', '2015-08-10 17:30:34', '2015-08-12 15:56:59'),
	(1222, 73, 'Iwanke 2', 26.67, '16:10:00', '2015-08-10 17:30:34', '2015-08-12 15:56:59'),
	(1223, 73, 'Kamuycep 2', 33.34, '16:15:37', '2015-08-10 17:30:35', '2015-08-12 15:56:59'),
	(1224, 73, 'Kina 2', 9.25, '16:01:16', '2015-08-10 17:30:35', '2015-08-12 15:56:59'),
	(1225, 73, 'Saporro 3', 1.85, '15:57:06', '2015-08-10 17:30:35', '2015-08-12 15:56:59'),
	(1226, 73, 'Saporro 4', 1.85, '15:57:05', '2015-08-10 17:30:35', '2015-08-12 15:56:59'),
	(1227, 73, 'Nikara', 17.30, '16:05:02', '2015-08-10 17:30:35', '2015-08-12 15:56:59'),
	(1228, 73, 'Sikot', 27.28, '16:10:45', '2015-08-10 17:30:35', '2015-08-12 15:56:59'),
	(1229, 73, 'Koyka', 3.66, '15:58:24', '2015-08-10 17:30:35', '2015-08-12 15:56:59'),
	(1230, 73, 'Nikara 2', 17.30, '16:05:56', '2015-08-10 17:30:35', '2015-08-12 15:56:59'),
	(1231, 73, 'Sikot 2', 27.28, '16:11:59', '2015-08-10 17:30:35', '2015-08-12 15:56:59'),
	(1232, 73, 'Koyka 2', 3.66, '15:58:25', '2015-08-10 17:30:35', '2015-08-12 15:56:59'),
	(1233, 73, 'Saporro 5', 1.85, '15:57:31', '2015-08-10 17:30:35', '2015-08-12 15:56:59'),
	(1234, 74, 'Krzeszowice Rynek', 1.35, '15:56:59', '2015-08-10 17:47:58', '2015-08-12 15:56:59'),
	(1235, 74, 'Krzeszowice - Zalas', 7.53, '16:00:17', '2015-08-10 17:47:58', '2015-08-12 15:56:59'),
	(1236, 74, 'Sanka - Tenczynek', 6.84, '15:59:59', '2015-08-10 17:47:58', '2015-08-12 15:56:59'),
	(1237, 74, 'Tenczynek - Paczoltowice Golf', 10.51, '16:02:29', '2015-08-10 17:47:58', '2015-08-12 15:56:59'),
	(1238, 74, 'Paczoltowice Golf - Nowa Gora', 11.94, '16:02:07', '2015-08-10 17:47:58', '2015-08-12 15:56:59'),
	(1239, 74, 'Nowa Gora - Trzebinia Chechlo', 15.75, '16:05:38', '2015-08-10 17:47:58', '2015-08-12 15:56:59'),
	(1240, 74, 'Trzebinia Chechlo - Rudno', 17.63, '16:05:30', '2015-08-10 17:47:58', '2015-08-12 15:56:59'),
	(1241, 74, 'Rudno Zamek', 1.88, '15:57:08', '2015-08-10 17:47:58', '2015-08-12 15:56:59'),
	(1242, 74, 'Rudno - Krzeszowice', 9.46, '16:01:47', '2015-08-10 17:47:58', '2015-08-12 15:56:59'),
	(1243, 74, 'Krzeszowice - Rudawa', 8.26, '16:00:49', '2015-08-10 17:47:58', '2015-08-12 15:56:59'),
	(1244, 74, 'Rudawa - Siedlec', 4.36, '15:58:59', '2015-08-10 17:47:58', '2015-08-12 15:56:59'),
	(1245, 74, 'Siedlec - Krzeszowice', 4.46, '15:58:59', '2015-08-10 17:47:58', '2015-08-12 15:56:59'),
	(1246, 74, 'Krzeszowice Rynek 2', 1.35, '15:56:59', '2015-08-10 17:47:59', '2015-08-12 15:56:59'),
	(1247, 74, 'Krzeszowice - Czerna', 3.59, '15:58:00', '2015-08-10 17:47:59', '2015-08-12 15:56:59'),
	(1248, 74, 'Czerna - Filipowice', 7.33, '16:00:39', '2015-08-10 17:47:59', '2015-08-12 15:56:59'),
	(1249, 74, 'Krzeszowice Rynek 3', 1.35, '15:56:59', '2015-08-10 17:47:59', '2015-08-12 15:56:59'),
	(1251, 75, 'Bochnia Rynek', 1.70, '15:56:59', '2015-08-11 11:03:43', '2015-08-12 15:56:59'),
	(1252, 75, 'Bo-Glass', 5.14, '15:58:59', '2015-08-11 11:03:43', '2015-08-12 15:56:59'),
	(1253, 75, 'Lapanow', 8.40, '16:00:59', '2015-08-11 11:03:43', '2015-08-12 15:56:59'),
	(1254, 75, 'Lapanow - Laskowa', 23.30, '16:08:22', '2015-08-11 11:03:44', '2015-08-12 15:56:59'),
	(1255, 75, 'Laskowa - Krosna', 7.24, '16:00:26', '2015-08-11 11:03:44', '2015-08-12 15:56:59'),
	(1256, 75, 'Krosna - Bilsko', 11.47, '16:02:50', '2015-08-11 11:03:44', '2015-08-12 15:56:59'),
	(1257, 75, 'Bilsko - Iwkowa', 11.89, '16:02:45', '2015-08-11 11:03:44', '2015-08-12 15:56:59'),
	(1258, 75, 'Iwkowa - Lipnica Murowana', 13.94, '16:03:16', '2015-08-11 11:03:44', '2015-08-12 15:56:59'),
	(1259, 75, 'Lipnica Murowana - Nowy Wisnicz', 8.85, '16:01:05', '2015-08-11 11:03:44', '2015-08-12 15:56:59'),
	(1260, 75, 'Nowy Wisnicz - Bochnia', 7.86, '16:00:49', '2015-08-11 11:03:44', '2015-08-12 15:56:59'),
	(1261, 75, 'Bochnia Rynek 2', 1.70, '15:56:59', '2015-08-11 11:03:44', '2015-08-12 15:56:59'),
	(1262, 75, 'Rzezawa - Nowe Brzesko', 25.68, '16:09:13', '2015-08-11 11:03:44', '2015-08-12 15:56:59'),
	(1263, 75, 'Nowe Brzesko - Niepolomice', 20.37, '16:06:23', '2015-08-11 11:03:44', '2015-08-12 15:56:59'),
	(1264, 75, 'Niepolomice - Bochnia', 20.17, '16:07:26', '2015-08-11 11:03:44', '2015-08-12 15:56:59'),
	(1265, 75, 'Bochnia Rynek 3', 1.70, '15:56:59', '2015-08-11 11:03:44', '2015-08-12 15:56:59'),
	(1268, 76, 'Krakow Rynek', 2.85, '15:57:59', '2015-08-11 11:13:27', '2015-08-12 15:56:59'),
	(1269, 76, 'Kazimierz - Ruczaj', 5.69, '15:59:21', '2015-08-11 11:13:27', '2015-08-12 15:56:59'),
	(1270, 76, 'Ruczaj - Skawina', 9.39, '16:01:00', '2015-08-11 11:13:27', '2015-08-12 15:56:59'),
	(1271, 76, 'Skawina - Liszki', 14.27, '16:03:09', '2015-08-11 11:13:28', '2015-08-12 15:56:59'),
	(1272, 76, 'Liszki - Brzoskwinia', 10.50, '16:02:37', '2015-08-11 11:13:28', '2015-08-12 15:56:59'),
	(1273, 76, 'Brzoskwinia - Zabierzow', 10.53, '16:02:06', '2015-08-11 11:13:28', '2015-08-12 15:56:59'),
	(1274, 76, 'Zabierzow - Skala', 21.37, '16:08:39', '2015-08-11 11:13:28', '2015-08-12 15:56:59'),
	(1275, 76, 'Skala - Miechow', 28.10, '16:10:21', '2015-08-11 11:13:28', '2015-08-12 15:56:59'),
	(1276, 76, 'Miechow - Slomniki', 15.97, '16:04:51', '2015-08-11 11:13:28', '2015-08-12 15:56:59'),
	(1277, 76, 'Slomniki - Proszowice', 17.88, '16:05:17', '2015-08-11 11:13:28', '2015-08-12 15:56:59'),
	(1278, 76, 'Proszowice - Nowa Huta', 24.31, '16:08:38', '2015-08-11 11:13:28', '2015-08-12 15:56:59'),
	(1279, 76, 'Nowa Huta - Plaszow', 17.54, '16:06:05', '2015-08-11 11:13:28', '2015-08-12 15:56:59'),
	(1280, 76, 'Plaszow - Wieliczka', 10.43, '16:01:59', '2015-08-11 11:13:28', '2015-08-12 15:56:59'),
	(1281, 76, 'Wieliczka - Rybitwy', 10.48, '16:01:59', '2015-08-11 11:13:28', '2015-08-12 15:56:59'),
	(1282, 76, 'Rybitwy - Wawel', 7.85, '16:00:33', '2015-08-11 11:13:28', '2015-08-12 15:56:59'),
	(1283, 76, 'Krakow Rynek 2', 2.85, '15:57:59', '2015-08-11 11:13:28', '2015-08-12 15:56:59'),
	(1285, 77, 'Gdansk - Gdynia', 34.19, '16:13:08', '2015-08-11 11:24:14', '2015-08-12 15:56:59'),
	(1286, 77, 'Gdynia - Puck', 32.30, '16:14:08', '2015-08-11 11:24:14', '2015-08-12 15:56:59'),
	(1287, 77, 'Gdynia - Wladyslawowo', 14.39, '16:04:00', '2015-08-11 11:24:14', '2015-08-12 15:56:59'),
	(1288, 77, 'Wladyslawowo - Hel', 34.45, '16:14:23', '2015-08-11 11:24:14', '2015-08-12 15:56:59'),
	(1289, 77, 'Debki - Leba', 40.23, '16:18:56', '2015-08-11 11:24:14', '2015-08-12 15:56:59'),
	(1290, 77, 'Leba - Lebork', 29.90, '16:12:53', '2015-08-11 11:24:14', '2015-08-12 15:56:59'),
	(1291, 77, 'Lebork - Damno', 32.48, '16:14:31', '2015-08-11 11:24:14', '2015-08-12 15:56:59'),
	(1292, 77, 'Damno - Slupsk', 22.97, '16:09:07', '2015-08-11 11:24:14', '2015-08-12 15:56:59'),
	(1293, 77, 'Slupsk - Ustka', 18.97, '16:06:12', '2015-08-11 11:24:14', '2015-08-12 15:56:59'),
	(1294, 77, 'Ustka - Jaroslawiec', 28.54, '16:10:53', '2015-08-11 11:24:14', '2015-08-12 15:56:59'),
	(1295, 77, 'Jaroslawiec - Darlowo', 17.41, '16:05:06', '2015-08-11 11:24:14', '2015-08-12 15:56:59'),
	(1296, 77, 'Darlowo - Lazy', 27.65, '16:10:13', '2015-08-11 11:24:14', '2015-08-12 15:56:59'),
	(1297, 77, 'Lazy - Mielno', 9.59, '16:01:15', '2015-08-11 11:24:14', '2015-08-12 15:56:59'),
	(1298, 77, 'Mielno - Gaski', 10.66, '16:02:45', '2015-08-11 11:24:14', '2015-08-12 15:56:59'),
	(1299, 77, 'Gaski - Ustronie', 12.83, '16:03:54', '2015-08-11 11:24:15', '2015-08-12 15:56:59'),
	(1300, 77, 'Ustronie - Kolobrzeg', 13.68, '16:03:21', '2015-08-11 11:24:15', '2015-08-12 15:56:59'),
	(1301, 77, 'Kolobrzeg Rynek 1', 1.40, '15:56:59', '2015-08-11 11:24:15', '2015-08-12 15:56:59'),
	(1302, 78, 'Upper Old Hastings', 11.46, '16:02:35', '2015-08-11 11:38:06', '2015-08-12 15:56:59'),
	(1303, 78, 'Peanut 101', 15.14, '16:04:45', '2015-08-11 11:38:07', '2015-08-12 15:56:59'),
	(1304, 78, 'Upper Old Hastings 2', 11.46, '16:02:25', '2015-08-11 11:38:07', '2015-08-12 15:56:59'),
	(1305, 78, 'Old Detlor', 12.38, '16:03:53', '2015-08-11 11:38:07', '2015-08-12 15:56:59'),
	(1306, 78, 'Iron Bridge', 7.45, '16:00:21', '2015-08-11 11:38:07', '2015-08-12 15:56:59'),
	(1307, 78, 'Mayo Lake 101', 30.78, '16:11:39', '2015-08-11 11:38:07', '2015-08-12 15:56:59'),
	(1308, 78, 'Iron Bridge 2', 7.45, '16:00:30', '2015-08-11 11:38:07', '2015-08-12 15:56:59'),
	(1309, 78, 'Egan Creek', 27.95, '16:10:20', '2015-08-11 11:38:07', '2015-08-12 15:56:59'),
	(1310, 78, 'Lower Old Hastings', 14.73, '16:04:05', '2015-08-11 11:38:07', '2015-08-12 15:56:59'),
	(1311, 78, 'Middle Old Hastings', 7.25, '16:00:23', '2015-08-11 11:38:07', '2015-08-12 15:56:59'),
	(1312, 78, 'Golton', 2.17, '15:57:59', '2015-08-11 11:38:07', '2015-08-12 15:56:59'),
	(1313, 78, 'Golton 2', 2.17, '15:57:59', '2015-08-11 11:38:07', '2015-08-12 15:56:59'),
	(1314, 78, 'Egan 101', 31.93, '16:14:09', '2015-08-11 11:38:07', '2015-08-12 15:56:59'),
	(1315, 78, 'Lower Old Hastings 2', 14.73, '16:04:32', '2015-08-11 11:38:07', '2015-08-12 15:56:59'),
	(1316, 78, 'Middle Old Hastings', 7.22, '16:00:29', '2015-08-11 11:38:08', '2015-08-12 15:56:59'),
	(1319, 79, 'Transfagarasan Cascada', 9.59, '16:01:45', '2015-08-11 11:57:54', '2015-08-12 15:56:59'),
	(1320, 79, 'Transfagarasan Lac', 6.24, '15:59:22', '2015-08-11 11:57:54', '2015-08-12 15:56:59'),
	(1321, 79, 'Transfagarasan Lac 2', 6.24, '15:59:32', '2015-08-11 11:57:54', '2015-08-12 15:56:59'),
	(1322, 79, 'Transfagarasan Cascada 2', 9.59, '16:01:34', '2015-08-11 11:57:54', '2015-08-12 15:56:59'),
	(1323, 79, 'Baraj', 17.95, '16:06:16', '2015-08-11 11:57:55', '2015-08-12 15:56:59'),
	(1324, 79, 'Ilielaita', 9.99, '16:01:29', '2015-08-11 11:57:55', '2015-08-12 15:56:59'),
	(1325, 79, 'Fata Padurii', 14.38, '16:04:28', '2015-08-11 11:57:55', '2015-08-12 15:56:59'),
	(1326, 79, 'Baraj 2', 17.95, '16:06:57', '2015-08-11 11:57:55', '2015-08-12 15:56:59'),
	(1327, 79, 'Ilielaita 2', 9.99, '16:01:06', '2015-08-11 11:57:55', '2015-08-12 15:56:59'),
	(1328, 79, 'Fata Padurii 2', 14.38, '16:04:58', '2015-08-11 11:57:55', '2015-08-12 15:56:59'),
	(1329, 79, 'Paltinis', 9.75, '16:01:30', '2015-08-11 11:57:55', '2015-08-12 15:56:59'),
	(1330, 79, 'Paltinis Ski Resort', 15.89, '16:04:55', '2015-08-11 11:57:55', '2015-08-12 15:56:59'),
	(1331, 79, 'Sadu', 8.39, '16:00:59', '2015-08-11 11:57:55', '2015-08-12 15:56:59'),
	(1332, 79, 'Muncel', 29.39, '16:12:22', '2015-08-11 11:57:55', '2015-08-12 15:56:59'),
	(1333, 79, 'Paltinis Ski Resort 2', 15.89, '16:05:41', '2015-08-11 11:57:55', '2015-08-12 15:56:59'),
	(1334, 79, 'Muzeu', 3.52, '15:58:51', '2015-08-11 11:57:55', '2015-08-12 15:56:59'),
	(1335, 79, 'Sadu 2', 8.39, '16:00:59', '2015-08-11 11:57:55', '2015-08-12 15:56:59');
/*!40000 ALTER TABLE `rally_data_stage` ENABLE KEYS */;


-- Dumping structure for table ral.rally_data_surface
DROP TABLE IF EXISTS `rally_data_surface`;
CREATE TABLE IF NOT EXISTS `rally_data_surface` (
  `id` int(11) NOT NULL AUTO_INCREMENT,
  `rally_id` int(11) DEFAULT NULL,
  `surface` varchar(255) DEFAULT NULL,
  `percentage` float(4,2) DEFAULT NULL,
  `created_at` datetime NOT NULL,
  `updated_at` datetime NOT NULL,
  PRIMARY KEY (`id`),
  KEY `rally_id_idx` (`rally_id`)
) ENGINE=MyISAM AUTO_INCREMENT=158 DEFAULT CHARSET=utf8;

-- Dumping data for table ral.rally_data_surface: 143 rows
DELETE FROM `rally_data_surface`;
/*!40000 ALTER TABLE `rally_data_surface` DISABLE KEYS */;
INSERT INTO `rally_data_surface` (`id`, `rally_id`, `surface`, `percentage`, `created_at`, `updated_at`) VALUES
	(1, 1, 'tarmac', 95.00, '2015-08-08 12:50:19', '2015-08-08 12:50:19'),
	(2, 1, 'gravel', 5.00, '2015-08-08 12:50:19', '2015-08-08 12:50:19'),
	(3, 2, 'snow', 99.99, '2015-08-08 12:56:21', '2015-08-08 12:56:21'),
	(4, 3, 'gravel', 99.99, '2015-08-08 13:01:41', '2015-08-08 13:01:41'),
	(5, 4, 'gravel', 99.99, '2015-08-08 13:05:32', '2015-08-08 13:05:32'),
	(6, 4, 'rain', 20.00, '2015-08-08 13:05:32', '2015-08-08 13:05:32'),
	(7, 5, 'gravel', 95.00, '2015-08-08 13:09:53', '2015-08-08 13:09:53'),
	(8, 5, 'tarmac', 5.00, '2015-08-08 13:09:53', '2015-08-08 13:09:53'),
	(9, 5, 'rain', 15.00, '2015-08-08 13:09:53', '2015-08-08 13:09:53'),
	(10, 6, 'gravel', 93.00, '2015-08-08 14:53:32', '2015-08-08 14:53:32'),
	(11, 6, 'tarmac', 7.00, '2015-08-08 14:53:32', '2015-08-08 14:53:32'),
	(12, 6, 'rain', 20.00, '2015-08-08 14:53:32', '2015-08-08 14:53:32'),
	(13, 7, 'gravel', 63.00, '2015-08-08 14:58:53', '2015-08-08 14:58:53'),
	(14, 7, 'tarmac', 37.00, '2015-08-08 14:58:53', '2015-08-08 14:58:53'),
	(15, 7, 'rain', 31.00, '2015-08-08 14:58:53', '2015-08-08 14:58:53'),
	(16, 8, 'gravel', 79.00, '2015-08-08 17:48:37', '2015-08-08 17:48:37'),
	(17, 8, 'tarmac', 21.00, '2015-08-08 17:48:37', '2015-08-08 17:48:37'),
	(18, 8, 'rain', 7.00, '2015-08-08 17:48:37', '2015-08-08 17:48:37'),
	(19, 9, 'tarmac', 93.00, '2015-08-08 18:06:00', '2015-08-08 18:06:00'),
	(20, 9, 'gravel', 7.00, '2015-08-08 18:06:00', '2015-08-08 18:06:00'),
	(21, 9, 'rain', 5.00, '2015-08-08 18:06:00', '2015-08-08 18:06:00'),
	(22, 10, 'gravel', 99.99, '2015-08-08 18:15:39', '2015-08-08 18:15:39'),
	(23, 11, 'tarmac', 99.99, '2015-08-09 09:08:16', '2015-08-09 09:08:16'),
	(24, 11, 'rain', 5.00, '2015-08-09 09:08:16', '2015-08-09 09:08:16'),
	(25, 12, 'tarmac', 61.00, '2015-08-09 09:29:16', '2015-08-09 09:29:16'),
	(26, 12, 'gravel', 39.00, '2015-08-09 09:29:16', '2015-08-09 09:29:16'),
	(27, 12, 'rain', 11.00, '2015-08-09 09:29:16', '2015-08-09 09:29:16'),
	(28, 13, 'gravel', 93.00, '2015-08-09 09:33:26', '2015-08-09 09:33:26'),
	(29, 13, 'tarmac', 7.00, '2015-08-09 09:33:26', '2015-08-09 09:33:26'),
	(30, 13, 'rain', 56.00, '2015-08-09 09:33:26', '2015-08-09 09:33:26'),
	(31, 14, 'tarmac', 58.00, '2015-08-09 14:43:28', '2015-08-09 14:43:28'),
	(32, 14, 'snow', 42.00, '2015-08-09 14:43:28', '2015-08-09 14:43:28'),
	(33, 14, 'rain', 5.00, '2015-08-09 14:43:28', '2015-08-09 14:43:28'),
	(34, 15, 'gravel', 63.00, '2015-08-09 14:47:06', '2015-08-09 14:47:06'),
	(35, 15, 'snow', 37.00, '2015-08-09 14:47:06', '2015-08-09 14:47:06'),
	(36, 15, 'rain', 11.00, '2015-08-09 14:47:06', '2015-08-09 14:47:06'),
	(37, 16, 'tarmac', 99.99, '2015-08-09 18:29:55', '2015-08-09 18:29:55'),
	(38, 16, 'rain', 35.00, '2015-08-09 18:29:55', '2015-08-09 18:29:55'),
	(39, 17, 'gravel', 88.00, '2015-08-09 18:37:22', '2015-08-09 18:37:22'),
	(40, 17, 'tarmac', 12.00, '2015-08-09 18:37:22', '2015-08-09 18:37:22'),
	(41, 17, 'rain', 3.00, '2015-08-09 18:37:22', '2015-08-09 18:37:22'),
	(42, 18, 'tarmac', 99.99, '2015-08-10 10:35:26', '2015-08-10 10:35:26'),
	(43, 18, 'rain', 15.00, '2015-08-10 10:35:26', '2015-08-10 10:35:26'),
	(58, 26, 'gravel', 99.99, '2015-08-10 10:51:22', '2015-08-10 10:51:22'),
	(59, 26, 'rain', 15.00, '2015-08-10 10:51:22', '2015-08-10 10:51:22'),
	(60, 27, 'tarmac', 99.99, '2015-08-10 10:54:48', '2015-08-10 10:54:48'),
	(61, 27, 'rain', 11.00, '2015-08-10 10:54:48', '2015-08-10 10:54:48'),
	(62, 28, 'gravel', 99.99, '2015-08-10 10:57:37', '2015-08-10 10:57:37'),
	(63, 29, 'gravel', 99.99, '2015-08-10 11:00:38', '2015-08-10 11:00:38'),
	(64, 30, 'tarmac', 99.99, '2015-08-10 11:04:16', '2015-08-10 11:04:16'),
	(65, 30, 'rain', 15.00, '2015-08-10 11:04:16', '2015-08-10 11:04:16'),
	(66, 31, 'snow', 99.99, '2015-08-10 11:11:05', '2015-08-10 11:11:05'),
	(67, 31, 'rain', 5.00, '2015-08-10 11:11:05', '2015-08-10 11:11:05'),
	(68, 32, 'tarmac', 99.99, '2015-08-10 11:14:37', '2015-08-10 11:14:37'),
	(69, 33, 'tarmac', 99.99, '2015-08-10 11:21:17', '2015-08-10 11:21:17'),
	(70, 33, 'rain', 15.00, '2015-08-10 11:21:17', '2015-08-10 11:21:17'),
	(71, 34, 'gravel', 85.00, '2015-08-10 11:25:24', '2015-08-10 11:25:24'),
	(72, 34, 'tarmac', 15.00, '2015-08-10 11:25:24', '2015-08-10 11:25:24'),
	(73, 34, 'rain', 15.00, '2015-08-10 11:25:24', '2015-08-10 11:25:24'),
	(74, 35, 'tarmac', 99.99, '2015-08-10 11:27:51', '2015-08-10 11:27:51'),
	(75, 36, 'tarmac', 99.99, '2015-08-10 11:35:54', '2015-08-10 11:35:54'),
	(76, 36, 'rain', 11.00, '2015-08-10 11:35:54', '2015-08-10 11:35:54'),
	(77, 37, 'snow', 99.99, '2015-08-10 11:58:58', '2015-08-10 11:58:58'),
	(78, 38, 'snow', 85.00, '2015-08-10 12:01:22', '2015-08-10 12:01:22'),
	(79, 38, 'gravel', 15.00, '2015-08-10 12:01:23', '2015-08-10 12:01:23'),
	(80, 38, 'rain', 10.00, '2015-08-10 12:01:23', '2015-08-10 12:01:23'),
	(81, 39, 'snow', 99.99, '2015-08-10 12:04:32', '2015-08-10 12:04:32'),
	(82, 39, 'rain', 11.00, '2015-08-10 12:04:32', '2015-08-10 12:04:32'),
	(83, 40, 'snow', 99.99, '2015-08-10 12:14:12', '2015-08-10 12:14:12'),
	(84, 41, 'snow', 69.00, '2015-08-10 12:16:39', '2015-08-10 12:16:39'),
	(85, 41, 'gravel', 31.00, '2015-08-10 12:16:39', '2015-08-10 12:16:39'),
	(86, 41, 'rain', 5.00, '2015-08-10 12:16:40', '2015-08-10 12:16:40'),
	(87, 42, 'gravel', 61.00, '2015-08-10 12:19:14', '2015-08-10 12:19:14'),
	(88, 42, 'snow', 39.00, '2015-08-10 12:19:14', '2015-08-10 12:19:14'),
	(89, 43, 'snow', 89.00, '2015-08-10 12:45:01', '2015-08-10 12:45:01'),
	(90, 43, 'gravel', 11.00, '2015-08-10 12:45:01', '2015-08-10 12:45:01'),
	(91, 43, 'rain', 15.00, '2015-08-10 12:45:01', '2015-08-10 12:45:01'),
	(92, 44, 'snow', 78.00, '2015-08-10 12:56:06', '2015-08-10 12:56:06'),
	(93, 44, 'gravel', 22.00, '2015-08-10 12:56:06', '2015-08-10 12:56:06'),
	(94, 44, 'rain', 11.00, '2015-08-10 12:56:06', '2015-08-10 12:56:06'),
	(95, 45, 'snow', 99.99, '2015-08-10 13:00:49', '2015-08-10 13:00:49'),
	(96, 46, 'snow', 89.00, '2015-08-10 13:05:04', '2015-08-10 13:05:04'),
	(97, 46, 'gravel', 11.00, '2015-08-10 13:05:04', '2015-08-10 13:05:04'),
	(98, 47, 'snow', 99.99, '2015-08-10 13:16:42', '2015-08-10 13:16:42'),
	(99, 47, 'rain', 33.00, '2015-08-10 13:16:42', '2015-08-10 13:16:42'),
	(100, 48, 'snow', 91.00, '2015-08-10 13:18:36', '2015-08-10 13:18:36'),
	(101, 48, 'gravel', 9.00, '2015-08-10 13:18:36', '2015-08-10 13:18:36'),
	(102, 48, 'rain', 3.00, '2015-08-10 13:18:36', '2015-08-10 13:18:36'),
	(104, 49, 'gravel', 21.00, '2015-08-10 15:12:07', '2015-08-10 15:12:07'),
	(103, 49, 'snow', 79.00, '2015-08-10 15:12:07', '2015-08-10 15:12:07'),
	(106, 50, 'rain', 45.00, '2015-08-10 15:21:49', '2015-08-10 15:21:49'),
	(105, 50, 'snow', 99.99, '2015-08-10 15:21:49', '2015-08-10 15:21:49'),
	(108, 51, 'snow', 11.00, '2015-08-10 15:24:01', '2015-08-10 15:24:01'),
	(107, 51, 'snow', 99.99, '2015-08-10 15:24:01', '2015-08-10 15:24:01'),
	(110, 52, 'gravel', 2.00, '2015-08-10 15:30:10', '2015-08-10 15:30:10'),
	(109, 52, 'tarmac', 98.00, '2015-08-10 15:30:10', '2015-08-10 15:30:10'),
	(112, 53, 'gravel', 42.00, '2015-08-10 15:36:15', '2015-08-10 15:36:15'),
	(111, 53, 'tarmac', 58.00, '2015-08-10 15:36:15', '2015-08-10 15:36:15'),
	(113, 54, 'tarmac', 99.99, '2015-08-10 15:38:49', '2015-08-10 15:38:49'),
	(115, 55, 'gravel', 49.00, '2015-08-10 15:41:57', '2015-08-10 15:41:57'),
	(114, 55, 'tarmac', 51.00, '2015-08-10 15:41:57', '2015-08-10 15:41:57'),
	(116, 56, 'gravel', 99.99, '2015-08-10 15:44:48', '2015-08-10 15:44:48'),
	(117, 57, 'tarmac', 99.99, '2015-08-10 15:48:24', '2015-08-10 15:48:24'),
	(118, 57, 'rain', 28.00, '2015-08-10 15:48:24', '2015-08-10 15:48:24'),
	(119, 58, 'tarmac', 99.99, '2015-08-10 15:50:44', '2015-08-10 15:50:44'),
	(120, 59, 'gravel', 75.00, '2015-08-10 15:54:30', '2015-08-10 15:54:30'),
	(121, 59, 'tarmac', 25.00, '2015-08-10 15:54:30', '2015-08-10 15:54:30'),
	(122, 60, 'tarmac', 99.99, '2015-08-10 16:20:57', '2015-08-10 16:20:57'),
	(123, 60, 'rain', 11.00, '2015-08-10 16:20:57', '2015-08-10 16:20:57'),
	(124, 61, 'tarmac', 99.99, '2015-08-10 16:27:13', '2015-08-10 16:27:13'),
	(125, 62, 'tarmac', 99.99, '2015-08-10 16:29:02', '2015-08-10 16:29:02'),
	(126, 63, 'tarmac', 87.00, '2015-08-10 16:31:41', '2015-08-10 16:31:41'),
	(127, 63, 'gravel', 13.00, '2015-08-10 16:31:41', '2015-08-10 16:31:41'),
	(128, 63, 'rain', 17.00, '2015-08-10 16:31:41', '2015-08-10 16:31:41'),
	(129, 64, 'gravel', 99.99, '2015-08-10 16:38:22', '2015-08-10 16:38:22'),
	(130, 65, 'tarmac', 87.00, '2015-08-10 16:41:16', '2015-08-10 16:41:16'),
	(131, 65, 'gravel', 13.00, '2015-08-10 16:41:16', '2015-08-10 16:41:16'),
	(132, 65, 'rain', 5.00, '2015-08-10 16:41:16', '2015-08-10 16:41:16'),
	(133, 66, 'tarmac', 99.99, '2015-08-10 16:47:23', '2015-08-10 16:47:23'),
	(134, 67, 'gravel', 99.99, '2015-08-10 16:50:08', '2015-08-10 16:50:08'),
	(135, 68, 'gravel', 73.00, '2015-08-10 16:52:25', '2015-08-10 16:52:25'),
	(136, 68, 'tarmac', 27.00, '2015-08-10 16:52:25', '2015-08-10 16:52:25'),
	(137, 68, 'rain', 11.00, '2015-08-10 16:52:25', '2015-08-10 16:52:25'),
	(138, 69, 'tarmac', 99.99, '2015-08-10 16:54:38', '2015-08-10 16:54:38'),
	(139, 69, 'rain', 73.00, '2015-08-10 16:54:38', '2015-08-10 16:54:38'),
	(140, 70, 'gravel', 99.99, '2015-08-10 17:20:46', '2015-08-10 17:20:46'),
	(141, 71, 'gravel', 99.99, '2015-08-10 17:24:19', '2015-08-10 17:24:19'),
	(142, 72, 'tarmac', 61.00, '2015-08-10 17:28:34', '2015-08-10 17:28:34'),
	(143, 72, 'gravel', 39.00, '2015-08-10 17:28:35', '2015-08-10 17:28:35'),
	(144, 72, 'rain', 18.00, '2015-08-10 17:28:35', '2015-08-10 17:28:35'),
	(145, 73, 'tarmac', 99.99, '2015-08-10 17:30:34', '2015-08-10 17:30:34'),
	(146, 74, 'tarmac', 67.00, '2015-08-10 17:47:58', '2015-08-10 17:47:58'),
	(147, 74, 'gravel', 33.00, '2015-08-10 17:47:58', '2015-08-10 17:47:58'),
	(148, 75, 'tarmac', 99.99, '2015-08-11 11:03:43', '2015-08-11 11:03:43'),
	(149, 75, 'rain', 5.00, '2015-08-11 11:03:43', '2015-08-11 11:03:43'),
	(150, 76, 'tarmac', 73.00, '2015-08-11 11:13:27', '2015-08-11 11:13:27'),
	(151, 76, 'gravel', 27.00, '2015-08-11 11:13:27', '2015-08-11 11:13:27'),
	(152, 76, 'rain', 21.00, '2015-08-11 11:13:27', '2015-08-11 11:13:27'),
	(153, 77, 'gravel', 73.00, '2015-08-11 11:24:13', '2015-08-11 11:24:13'),
	(154, 77, 'tarmac', 27.00, '2015-08-11 11:24:13', '2015-08-11 11:24:13'),
	(155, 77, 'rain', 11.00, '2015-08-11 11:24:13', '2015-08-11 11:24:13'),
	(156, 78, 'gravel', 99.99, '2015-08-11 11:38:06', '2015-08-11 11:38:06'),
	(157, 79, 'gravel', 99.99, '2015-08-11 11:57:54', '2015-08-11 11:57:54');
/*!40000 ALTER TABLE `rally_data_surface` ENABLE KEYS */;


-- Dumping structure for table ral.rally_friendly
DROP TABLE IF EXISTS `rally_friendly`;
CREATE TABLE IF NOT EXISTS `rally_friendly` (
  `id` int(11) NOT NULL AUTO_INCREMENT,
  `rally_id` int(11) DEFAULT NULL,
  `user_id` int(11) DEFAULT NULL,
  `invite_only` tinyint(1) DEFAULT '0',
  `from_gold_member` tinyint(1) DEFAULT '0',
  `description` text NOT NULL,
  `start_friendly_date` datetime DEFAULT NULL,
  `created_at` datetime NOT NULL,
  `updated_at` datetime NOT NULL,
  `deleted_at` datetime DEFAULT NULL,
  PRIMARY KEY (`id`),
  KEY `rally_id_idx` (`rally_id`),
  KEY `rally_friendly_user_id_user_user_id` (`user_id`)
) ENGINE=MyISAM DEFAULT CHARSET=utf8;

-- Dumping data for table ral.rally_friendly: 0 rows
DELETE FROM `rally_friendly`;
/*!40000 ALTER TABLE `rally_friendly` DISABLE KEYS */;
/*!40000 ALTER TABLE `rally_friendly` ENABLE KEYS */;


-- Dumping structure for table ral.rally_friendly_invitations
DROP TABLE IF EXISTS `rally_friendly_invitations`;
CREATE TABLE IF NOT EXISTS `rally_friendly_invitations` (
  `id` int(11) NOT NULL AUTO_INCREMENT,
  `friendly_id` int(11) DEFAULT NULL,
  `user_id` int(11) DEFAULT NULL,
  `created_at` datetime NOT NULL,
  `updated_at` datetime NOT NULL,
  `deleted_at` datetime DEFAULT NULL,
  PRIMARY KEY (`id`),
  KEY `friendly_id_idx` (`friendly_id`),
  KEY `rally_friendly_invitations_user_id_user_user_id` (`user_id`)
) ENGINE=MyISAM DEFAULT CHARSET=utf8;

-- Dumping data for table ral.rally_friendly_invitations: 0 rows
DELETE FROM `rally_friendly_invitations`;
/*!40000 ALTER TABLE `rally_friendly_invitations` DISABLE KEYS */;
/*!40000 ALTER TABLE `rally_friendly_invitations` ENABLE KEYS */;


-- Dumping structure for table ral.rally_friendly_participants
DROP TABLE IF EXISTS `rally_friendly_participants`;
CREATE TABLE IF NOT EXISTS `rally_friendly_participants` (
  `id` int(11) NOT NULL AUTO_INCREMENT,
  `friendly_id` int(11) DEFAULT NULL,
  `crew_id` int(11) DEFAULT NULL,
  `user_id` int(11) DEFAULT NULL,
  `from_gold_member` tinyint(1) DEFAULT '0',
  `created_at` datetime NOT NULL,
  `updated_at` datetime NOT NULL,
  `deleted_at` datetime DEFAULT NULL,
  PRIMARY KEY (`id`),
  UNIQUE KEY `friendly_id_user_id` (`friendly_id`,`user_id`,`crew_id`),
  KEY `rally_friendly_participants_friendly_id_rally_friendly_id` (`friendly_id`),
  KEY `rally_friendly_participants_user_id_user_user_id` (`user_id`),
  KEY `rally_friendly_participants_crew_id_rally_crew_id` (`crew_id`)
) ENGINE=MyISAM DEFAULT CHARSET=utf8;

-- Dumping data for table ral.rally_friendly_participants: 0 rows
DELETE FROM `rally_friendly_participants`;
/*!40000 ALTER TABLE `rally_friendly_participants` DISABLE KEYS */;
/*!40000 ALTER TABLE `rally_friendly_participants` ENABLE KEYS */;


-- Dumping structure for table ral.rally_rally
DROP TABLE IF EXISTS `rally_rally`;
CREATE TABLE IF NOT EXISTS `rally_rally` (
  `id` int(11) NOT NULL AUTO_INCREMENT,
  `name` varchar(255) DEFAULT NULL,
  `description` text,
  `slug` varchar(255) DEFAULT NULL,
  `date` datetime DEFAULT NULL,
  `active` tinyint(1) DEFAULT '1',
  `league_rally` tinyint(1) NOT NULL DEFAULT '0',
  `surface` varchar(255) DEFAULT NULL,
  `league` float(10,2) NOT NULL DEFAULT '5.00',
  `big_awards` tinyint(1) NOT NULL DEFAULT '0',
  `finished` tinyint(1) NOT NULL DEFAULT '0',
  `friendly` tinyint(1) NOT NULL DEFAULT '0',
  `created_at` datetime NOT NULL,
  `updated_at` datetime NOT NULL,
  `deleted_at` datetime DEFAULT NULL,
  PRIMARY KEY (`id`)
) ENGINE=MyISAM AUTO_INCREMENT=128 DEFAULT CHARSET=utf8;

-- Dumping data for table ral.rally_rally: 72 rows
DELETE FROM `rally_rally`;
/*!40000 ALTER TABLE `rally_rally` DISABLE KEYS */;
INSERT INTO `rally_rally` (`id`, `name`, `description`, `slug`, `date`, `active`, `league_rally`, `surface`, `league`, `big_awards`, `finished`, `friendly`, `created_at`, `updated_at`, `deleted_at`) VALUES
	(1, 'Rally Monte Carlo', '', 'rally-monte-carlo', '2015-08-12 09:00:00', 1, 0, NULL, 1.00, 0, 1, 0, '2015-08-08 12:50:19', '2015-08-12 18:29:09', NULL),
	(2, 'Rally Sweden', '', 'rally-sweden', '2015-08-13 09:00:00', 1, 0, NULL, 1.00, 0, 0, 0, '2015-08-08 12:56:21', '2015-08-11 14:40:25', NULL),
	(3, 'Rally Guanajuato Mexico', '', 'rally-guanajuato-mexico', '2015-08-14 09:00:00', 1, 0, NULL, 1.00, 0, 0, 0, '2015-08-08 13:01:41', '2015-08-11 14:40:25', NULL),
	(4, 'XION RALLY ARGENTINA', '', 'xion-rally-argentina', '2015-08-15 09:00:00', 1, 0, NULL, 1.00, 0, 0, 0, '2015-08-08 13:05:32', '2015-08-11 14:40:25', NULL),
	(5, 'Rally de Portugal', '', 'rally-de-portugal', '2015-08-16 09:00:00', 1, 0, NULL, 1.00, 0, 0, 0, '2015-08-08 13:09:53', '2015-08-11 14:40:26', NULL),
	(6, 'RALLY ITALIA SARDEGNA', '', 'rally-italia-sardegna', '2015-08-17 09:00:00', 1, 0, NULL, 1.00, 0, 0, 0, '2015-08-08 14:53:32', '2015-08-11 14:40:26', NULL),
	(7, 'Rally Poland', '', 'rally-poland', '2015-08-19 09:00:00', 1, 0, NULL, 1.00, 0, 0, 0, '2015-08-08 14:58:53', '2015-08-11 14:40:26', NULL),
	(8, 'Rally Finland', '', 'rally-finland', '2015-08-20 09:00:00', 1, 0, NULL, 1.00, 0, 0, 0, '2015-08-08 17:48:37', '2015-08-11 14:40:26', NULL),
	(9, 'Rally Deutschland', '', 'rally-deutschland', '2015-08-21 09:00:00', 1, 0, NULL, 1.00, 0, 0, 0, '2015-08-08 18:05:59', '2015-08-11 14:40:26', NULL),
	(10, 'Rally Australia', '', 'rally-australia', '2015-08-22 09:00:00', 1, 0, NULL, 1.00, 0, 0, 0, '2015-08-08 18:15:39', '2015-08-11 14:40:27', NULL),
	(11, 'Tour de Corse', '', 'tour-de-corse', '2015-08-23 09:00:00', 1, 0, NULL, 1.00, 0, 0, 0, '2015-08-09 09:08:15', '2015-08-11 14:40:27', NULL),
	(12, 'Rally Catalunya', '', 'rally-catalunya', '2015-08-24 09:00:00', 1, 0, NULL, 1.00, 0, 0, 0, '2015-08-09 09:29:15', '2015-08-11 14:40:27', NULL),
	(13, 'Wales Rally', '', 'wales-rally', '2015-08-26 09:00:00', 1, 0, NULL, 1.00, 0, 0, 0, '2015-08-09 09:33:26', '2015-08-11 14:40:27', NULL),
	(14, 'Janner Rally', '', 'janner-rally', '2015-08-27 09:00:00', 1, 0, NULL, 1.00, 0, 0, 0, '2015-08-09 14:43:27', '2015-08-11 14:40:27', NULL),
	(15, 'Rally Liepāja', '', 'rally-liepaja', '2015-08-28 09:00:00', 1, 0, NULL, 1.00, 0, 0, 0, '2015-08-09 14:47:06', '2015-08-11 14:40:28', NULL),
	(16, 'Rally Ireland', '', 'rally-ireland', '2015-08-29 09:00:00', 1, 0, NULL, 1.00, 0, 0, 0, '2015-08-09 18:29:55', '2015-08-11 14:40:28', NULL),
	(17, 'Rally Azores', '', 'rally-azores', '2015-08-30 09:00:00', 1, 0, NULL, 1.00, 0, 0, 0, '2015-08-09 18:37:22', '2015-08-11 14:40:28', NULL),
	(18, 'Ypres Rally', '', 'ypres-rally', '2015-08-31 09:00:00', 1, 0, NULL, 1.00, 0, 0, 0, '2015-08-10 10:35:26', '2015-08-11 14:40:28', NULL),
	(26, 'Rally Estonia', '', 'rally-estonia', '2015-09-02 09:00:00', 1, 0, NULL, 1.00, 0, 0, 0, '2015-08-10 10:51:22', '2015-08-11 14:40:28', NULL),
	(27, 'Rally Zlin', '', 'rally-zlin', '2015-09-03 09:00:00', 1, 0, NULL, 1.00, 0, 0, 0, '2015-08-10 10:54:48', '2015-08-11 14:40:29', NULL),
	(28, 'Cyprus Rally', '', 'cyprus-rally', '2015-09-04 09:00:00', 1, 0, NULL, 1.00, 0, 0, 0, '2015-08-10 10:57:37', '2015-08-11 14:40:29', NULL),
	(29, 'Acropolis Rally', '', 'acropolis-rally', '2015-09-05 09:00:00', 1, 0, NULL, 1.00, 0, 0, 0, '2015-08-10 11:00:38', '2015-08-11 14:40:29', NULL),
	(30, 'Rallye du Valais', '', 'rallye-du-valais', '2015-09-06 09:00:00', 1, 0, NULL, 1.00, 0, 0, 0, '2015-08-10 11:04:16', '2015-08-11 14:40:29', NULL),
	(31, 'Rajd Arlamow', '', 'rajd-arlamow', '2015-09-07 09:00:00', 1, 0, NULL, 1.00, 0, 0, 0, '2015-08-10 11:11:05', '2015-08-11 14:40:29', NULL),
	(32, 'Rajd Dolnoslaski', '', 'rajd-dolnoslaski', '2015-09-09 09:00:00', 1, 0, NULL, 1.00, 0, 0, 0, '2015-08-10 11:14:37', '2015-08-11 14:40:30', NULL),
	(33, 'Rajd Karkonoski', '', 'rajd-karkonoski', '2015-09-10 09:00:00', 1, 0, NULL, 1.00, 0, 0, 0, '2015-08-10 11:21:17', '2015-08-11 14:40:30', NULL),
	(34, 'Rajd Baltic Cup', '', 'rajd-baltic-cup', '2015-09-11 09:00:00', 1, 0, NULL, 1.00, 0, 0, 0, '2015-08-10 11:25:24', '2015-08-11 14:40:30', NULL),
	(35, 'Rajd Rzeszowski', '', 'rajd-rzeszowski', '2015-09-12 09:00:00', 1, 0, NULL, 1.00, 0, 0, 0, '2015-08-10 11:27:51', '2015-08-11 14:40:30', NULL),
	(36, 'Rajd Swidnicki', '', 'rajd-swidnicki', '2015-09-13 09:00:00', 1, 0, NULL, 1.00, 0, 0, 0, '2015-08-10 11:35:54', '2015-08-11 14:40:30', NULL),
	(37, 'Cochrane Winter Rally', '', 'cochrane-winter-rally', '2015-09-14 09:00:00', 1, 0, NULL, 1.00, 0, 0, 0, '2015-08-10 11:58:56', '2015-08-11 14:40:31', NULL),
	(38, 'Rally Russia', '', 'rally-russia', '2015-09-16 09:00:00', 1, 0, NULL, 1.00, 0, 0, 0, '2015-08-10 12:01:22', '2015-08-11 14:40:31', NULL),
	(39, 'Ostersund Winter Rally', '', 'ostersund-winter-rally', '2015-09-17 09:00:00', 1, 0, NULL, 1.00, 0, 0, 0, '2015-08-10 12:04:32', '2015-08-11 14:40:31', NULL),
	(40, 'Aurskog Holand Rally', '', 'aurskog-holand-rally', '2015-09-18 09:00:00', 1, 0, NULL, 1.00, 0, 0, 0, '2015-08-10 12:14:12', '2015-08-11 14:40:31', NULL),
	(41, 'Rally Elverum', '', 'rally-elverum', '2015-09-19 09:00:00', 1, 0, NULL, 1.00, 0, 0, 0, '2015-08-10 12:16:39', '2015-08-11 14:40:31', NULL),
	(42, 'Rally Hadeland', '', 'rally-hadeland', '2015-09-20 09:00:00', 1, 0, NULL, 1.00, 0, 0, 0, '2015-08-10 12:19:14', '2015-08-11 14:40:32', NULL),
	(43, 'Rally Hedemarken', '', 'rally-hedemarken', '2015-09-21 09:00:00', 1, 0, NULL, 1.00, 0, 0, 0, '2015-08-10 12:45:01', '2015-08-11 14:40:32', NULL),
	(44, 'Mountain Rally Norway', '', 'mountain-rally-norway', '2015-09-23 09:00:00', 1, 0, NULL, 1.00, 0, 0, 0, '2015-08-10 12:56:06', '2015-08-11 14:40:32', NULL),
	(45, 'Rally Norway', '', 'rally-norway', '2015-09-24 09:00:00', 1, 0, NULL, 1.00, 0, 0, 0, '2015-08-10 13:00:49', '2015-08-11 14:40:32', NULL),
	(46, 'Numedalsrally', '', 'numedalsrally', '2015-09-25 09:00:00', 1, 0, NULL, 1.00, 0, 0, 0, '2015-08-10 13:05:04', '2015-08-11 14:40:33', NULL),
	(47, 'Sigdalsrally', '', 'sigdalsrally', '2015-09-26 09:00:00', 1, 0, NULL, 1.00, 0, 0, 0, '2015-08-10 13:16:42', '2015-08-11 14:40:33', NULL),
	(48, 'Rally Sokndal', '', 'rally-sokndal', '2015-09-27 09:00:00', 1, 0, NULL, 1.00, 0, 0, 0, '2015-08-10 13:18:36', '2015-08-11 14:40:33', NULL),
	(49, 'Rally Sorland', '', 'rally-sorland', '2015-09-28 09:00:00', 1, 0, NULL, 1.00, 0, 0, 0, '2015-08-10 15:12:06', '2015-08-11 14:40:33', NULL),
	(50, 'Rally Telemark', '', 'rally-telemark', '2015-09-30 09:00:00', 1, 0, NULL, 1.00, 0, 0, 0, '2015-08-10 15:21:49', '2015-08-11 14:40:33', NULL),
	(51, 'Arctic Lapland Rally', '', 'arctic-lapland-rally', '2015-10-01 09:00:00', 1, 0, NULL, 1.00, 0, 0, 0, '2015-08-10 15:24:01', '2015-08-11 14:40:34', NULL),
	(52, 'Wechselland Rallye', '', 'wechselland-rallye', '2015-10-02 09:00:00', 1, 0, NULL, 1.00, 0, 0, 0, '2015-08-10 15:30:10', '2015-08-11 14:40:34', NULL),
	(53, 'Rally Barbados 2014', '', 'rally-barbados-2014', '2015-10-03 09:00:00', 1, 0, NULL, 1.00, 0, 0, 0, '2015-08-10 15:36:15', '2015-08-11 14:40:34', NULL),
	(54, 'TAC Rally', '', 'tac-rally', '2015-10-04 09:00:00', 1, 0, NULL, 1.00, 0, 0, 0, '2015-08-10 15:38:49', '2015-08-11 14:40:34', NULL),
	(55, 'Rallye de Wallonie', '', 'rallye-de-wallonie', '2015-10-05 09:00:00', 1, 0, NULL, 1.00, 0, 0, 0, '2015-08-10 15:41:57', '2015-08-11 14:40:34', NULL),
	(56, 'Rally de Curitiba', '', 'rally-de-curitiba', '2015-10-07 09:00:00', 1, 0, NULL, 1.00, 0, 0, 0, '2015-08-10 15:44:46', '2015-08-11 14:40:35', NULL),
	(57, 'Rally Bulgaria', '', 'rally-bulgaria', '2015-10-08 09:00:00', 1, 0, NULL, 1.00, 0, 0, 0, '2015-08-10 15:48:24', '2015-08-11 14:40:35', NULL),
	(58, 'Rally Croatia', '', 'rally-croatia', '2015-10-09 09:00:00', 1, 0, NULL, 1.00, 0, 0, 0, '2015-08-10 15:50:44', '2015-08-11 14:40:35', NULL),
	(59, 'Rally Agropa', '', 'rally-agropa', '2015-10-10 09:00:00', 1, 0, NULL, 1.00, 0, 0, 0, '2015-08-10 15:54:30', '2015-08-11 14:40:35', NULL),
	(60, 'Rally Bohemia', '', 'rally-bohemia', '2015-10-11 09:00:00', 1, 0, NULL, 1.00, 0, 0, 0, '2015-08-10 16:20:57', '2015-08-11 14:40:35', NULL),
	(61, 'Rallye Lyon - Charbonnieres', '', 'rallye-lyon-charbonnieres', '2015-10-12 09:00:00', 1, 0, NULL, 1.00, 0, 0, 0, '2015-08-10 16:27:13', '2015-08-11 14:40:36', NULL),
	(62, 'Rallye du Touquet', '', 'rallye-du-touquet', '2015-10-14 09:00:00', 1, 0, NULL, 1.00, 0, 0, 0, '2015-08-10 16:29:02', '2015-08-11 14:40:36', NULL),
	(63, 'Rallye Erzgebirge', '', 'rallye-erzgebirge', '2015-10-15 09:00:00', 1, 0, NULL, 1.00, 0, 0, 0, '2015-08-10 16:31:41', '2015-08-11 14:40:36', NULL),
	(64, 'Rally Jamaica', '', 'rally-jamaica', '2015-10-16 09:00:00', 1, 0, NULL, 1.00, 0, 0, 0, '2015-08-10 16:38:22', '2015-08-11 14:40:36', NULL),
	(65, 'Hellendoorn Rally', '', 'hellendoorn-rally', '2015-10-17 09:00:00', 1, 0, NULL, 1.00, 0, 0, 0, '2015-08-10 16:41:16', '2015-08-11 14:40:36', NULL),
	(66, 'Rallye de Luxembourg', '', 'rallye-de-luxembourg', '2015-10-18 09:00:00', 1, 0, NULL, 1.00, 0, 0, 0, '2015-08-10 16:47:23', '2015-08-11 14:40:37', NULL),
	(67, 'Qatar Rally', '', 'qatar-rally', '2015-10-19 09:00:00', 1, 0, NULL, 1.00, 0, 0, 0, '2015-08-10 16:50:08', '2015-08-11 14:40:37', NULL),
	(68, 'Rally Presov', '', 'rally-presov', '2015-10-21 09:00:00', 1, 0, NULL, 1.00, 0, 0, 0, '2015-08-10 16:52:25', '2015-08-11 14:40:37', NULL),
	(69, 'Rally of Scotland', '', 'rally-of-scotland', '2015-10-22 09:00:00', 1, 0, NULL, 1.00, 0, 0, 0, '2015-08-10 16:54:38', '2015-08-11 14:40:37', NULL),
	(70, 'Olympus Rally', '', 'olympus-rally', '2015-10-23 09:00:00', 1, 0, NULL, 1.00, 0, 0, 0, '2015-08-10 17:20:46', '2015-08-11 14:40:37', NULL),
	(71, 'Rally Tasmania', '', 'rally-tasmania', '2015-10-24 09:00:00', 1, 0, NULL, 1.00, 0, 0, 0, '2015-08-10 17:24:18', '2015-08-11 14:40:38', NULL),
	(72, 'Danboring Rally', '', 'danboring-rally', '2015-10-25 09:00:00', 1, 0, NULL, 1.00, 0, 0, 0, '2015-08-10 17:28:34', '2015-08-11 14:40:38', NULL),
	(73, 'Rally Japan', '', 'rally-japan', '2015-10-26 09:00:00', 1, 0, NULL, 1.00, 0, 0, 0, '2015-08-10 17:30:34', '2015-08-11 14:40:38', NULL),
	(74, 'Rajd Krzeszowic', '', 'rajd-krzeszowic', '2015-10-28 09:00:00', 1, 0, NULL, 1.00, 0, 0, 0, '2015-08-10 17:47:57', '2015-08-11 14:40:38', NULL),
	(75, 'Rajd Bochni', '', 'rajd-bochni', '2015-10-29 09:00:00', 1, 0, NULL, 1.00, 0, 0, 0, '2015-08-11 11:03:43', '2015-08-11 14:40:38', NULL),
	(76, 'Rajd Krakowski', '', 'rajd-krakowski', '2015-10-30 09:00:00', 1, 0, NULL, 1.00, 0, 0, 0, '2015-08-11 11:13:27', '2015-08-11 14:40:39', NULL),
	(77, 'Rajd Baltycki', '', 'rajd-baltycki', '2015-10-31 09:00:00', 1, 0, NULL, 1.00, 0, 0, 0, '2015-08-11 11:24:13', '2015-08-11 14:40:39', NULL),
	(78, 'Rally of the Tall Pines', '', 'rally-of-the-tall-pines', '2015-11-01 09:00:00', 1, 0, NULL, 1.00, 0, 0, 0, '2015-08-11 11:38:04', '2015-08-11 14:40:39', NULL),
	(79, 'Sibiu Rally Romania', '', 'sibiu-rally-romania', '2015-11-02 09:00:00', 1, 0, NULL, 1.00, 0, 0, 0, '2015-08-11 11:57:54', '2015-08-11 14:40:39', NULL),
	(104, 'League 1 Rally - #1', NULL, 'league-1-rally-1', '2015-08-16 11:15:00', 1, 1, NULL, 1.00, 0, 0, 0, '2015-08-12 15:28:33', '2015-08-12 15:28:33', NULL),
	(105, 'League 1 Rally - #2', NULL, 'league-1-rally-2', '2015-08-23 13:30:00', 1, 1, NULL, 1.00, 0, 0, 0, '2015-08-12 15:28:33', '2015-08-12 15:28:33', NULL),
	(106, 'League 1 Rally - #3', NULL, 'league-1-rally-3', '2015-08-30 11:45:00', 1, 1, NULL, 1.00, 0, 0, 0, '2015-08-12 15:28:33', '2015-08-12 15:28:33', NULL),
	(107, 'League 1 Rally - #4', NULL, 'league-1-rally-4', '2015-09-06 14:45:00', 1, 1, NULL, 1.00, 0, 0, 0, '2015-08-12 15:28:33', '2015-08-12 15:28:33', NULL),
	(108, 'League 1 Rally - #5', NULL, 'league-1-rally-5', '2015-09-13 11:30:00', 1, 1, NULL, 1.00, 0, 0, 0, '2015-08-12 15:28:34', '2015-08-12 15:28:34', NULL),
	(109, 'League 1 Rally - #6', NULL, 'league-1-rally-6', '2015-09-20 11:00:00', 1, 1, NULL, 1.00, 0, 0, 0, '2015-08-12 15:28:34', '2015-08-12 15:28:34', NULL),
	(110, 'League 1 Rally - #7', NULL, 'league-1-rally-7', '2015-09-27 10:15:00', 1, 1, NULL, 1.00, 0, 0, 0, '2015-08-12 15:28:34', '2015-08-12 15:28:34', NULL),
	(111, 'League 1 Rally - #8', NULL, 'league-1-rally-8', '2015-10-04 08:45:00', 1, 1, NULL, 1.00, 0, 0, 0, '2015-08-12 15:28:34', '2015-08-12 15:28:34', NULL),
	(112, 'League 1 Rally - #9', NULL, 'league-1-rally-9', '2015-10-11 11:15:00', 1, 1, NULL, 1.00, 0, 0, 0, '2015-08-12 15:28:34', '2015-08-12 15:28:34', NULL),
	(113, 'League 1 Rally - #10', NULL, 'league-1-rally-10', '2015-10-18 11:00:00', 1, 1, NULL, 1.00, 0, 0, 0, '2015-08-12 15:28:34', '2015-08-12 15:28:34', NULL),
	(114, 'League 1 Rally - #11', NULL, 'league-1-rally-11', '2015-10-25 08:00:00', 1, 1, NULL, 1.00, 0, 0, 0, '2015-08-12 15:28:34', '2015-08-12 15:28:34', NULL),
	(115, 'League 1 Rally - #12', NULL, 'league-1-rally-12', '2015-11-01 08:30:00', 1, 1, NULL, 1.00, 0, 0, 0, '2015-08-12 15:28:34', '2015-08-12 15:28:34', NULL),
	(116, 'League 2.1 Rally - #1', NULL, 'league-21-rally-1', '2015-08-16 08:00:00', 1, 1, NULL, 2.10, 0, 0, 0, '2015-08-12 15:28:34', '2015-08-12 15:28:34', NULL),
	(117, 'League 2.1 Rally - #2', NULL, 'league-21-rally-2', '2015-08-23 12:45:00', 1, 1, NULL, 2.10, 0, 0, 0, '2015-08-12 15:28:34', '2015-08-12 15:28:34', NULL),
	(118, 'League 2.1 Rally - #3', NULL, 'league-21-rally-3', '2015-08-30 08:30:00', 1, 1, NULL, 2.10, 0, 0, 0, '2015-08-12 15:28:34', '2015-08-12 15:28:34', NULL),
	(119, 'League 2.1 Rally - #4', NULL, 'league-21-rally-4', '2015-09-06 10:30:00', 1, 1, NULL, 2.10, 0, 0, 0, '2015-08-12 15:28:34', '2015-08-12 15:28:34', NULL),
	(120, 'League 2.1 Rally - #5', NULL, 'league-21-rally-5', '2015-09-13 13:15:00', 1, 1, NULL, 2.10, 0, 0, 0, '2015-08-12 15:28:34', '2015-08-12 15:28:34', NULL),
	(121, 'League 2.1 Rally - #6', NULL, 'league-21-rally-6', '2015-09-20 14:45:00', 1, 1, NULL, 2.10, 0, 0, 0, '2015-08-12 15:28:34', '2015-08-12 15:28:34', NULL),
	(122, 'League 2.1 Rally - #7', NULL, 'league-21-rally-7', '2015-09-27 11:30:00', 1, 1, NULL, 2.10, 0, 0, 0, '2015-08-12 15:28:34', '2015-08-12 15:28:34', NULL),
	(123, 'League 2.1 Rally - #8', NULL, 'league-21-rally-8', '2015-10-04 09:30:00', 1, 1, NULL, 2.10, 0, 0, 0, '2015-08-12 15:28:34', '2015-08-12 15:28:34', NULL),
	(124, 'League 2.1 Rally - #9', NULL, 'league-21-rally-9', '2015-10-11 13:15:00', 1, 1, NULL, 2.10, 0, 0, 0, '2015-08-12 15:28:34', '2015-08-12 15:28:34', NULL),
	(125, 'League 2.1 Rally - #10', NULL, 'league-21-rally-10', '2015-10-18 12:00:00', 1, 1, NULL, 2.10, 0, 0, 0, '2015-08-12 15:28:34', '2015-08-12 15:28:34', NULL),
	(126, 'League 2.1 Rally - #11', NULL, 'league-21-rally-11', '2015-10-25 12:30:00', 1, 1, NULL, 2.10, 0, 0, 0, '2015-08-12 15:28:34', '2015-08-12 15:28:34', NULL),
	(127, 'League 2.1 Rally - #12', NULL, 'league-21-rally-12', '2015-11-01 13:30:00', 1, 1, NULL, 2.10, 0, 0, 0, '2015-08-12 15:28:34', '2015-08-12 15:28:34', NULL);
/*!40000 ALTER TABLE `rally_rally` ENABLE KEYS */;


-- Dumping structure for table ral.rally_result
DROP TABLE IF EXISTS `rally_result`;
CREATE TABLE IF NOT EXISTS `rally_result` (
  `id` int(11) NOT NULL AUTO_INCREMENT,
  `rally_id` int(11) DEFAULT NULL,
  `crew_id` int(11) DEFAULT NULL,
  `total_time` time DEFAULT NULL,
  `out_of_race` tinyint(1) DEFAULT '0',
  `stage_out_id` int(11) DEFAULT NULL,
  `stage_out_number` int(11) DEFAULT NULL,
  `position` int(11) DEFAULT NULL,
  `created_at` datetime NOT NULL,
  `updated_at` datetime NOT NULL,
  PRIMARY KEY (`id`),
  KEY `rally_id_idx` (`rally_id`),
  KEY `crew_id_idx` (`crew_id`)
) ENGINE=MyISAM AUTO_INCREMENT=6525 DEFAULT CHARSET=utf8;

-- Dumping data for table ral.rally_result: 14 rows
DELETE FROM `rally_result`;
/*!40000 ALTER TABLE `rally_result` DISABLE KEYS */;
INSERT INTO `rally_result` (`id`, `rally_id`, `crew_id`, `total_time`, `out_of_race`, `stage_out_id`, `stage_out_number`, `position`, `created_at`, `updated_at`) VALUES
	(6518, 1, 8, '03:45:40', 0, NULL, NULL, 14, '2015-08-12 18:29:09', '2015-08-12 18:29:09'),
	(6520, 1, 10, '03:38:49', 0, NULL, NULL, 13, '2015-08-12 18:29:09', '2015-08-12 18:29:09'),
	(6511, 1, 1, '03:31:36', 0, NULL, NULL, 12, '2015-08-12 18:29:09', '2015-08-12 18:29:09'),
	(6514, 1, 4, '03:02:53', 0, NULL, NULL, 11, '2015-08-12 18:29:09', '2015-08-12 18:29:09'),
	(6524, 1, 14, '02:51:55', 0, NULL, NULL, 10, '2015-08-12 18:29:09', '2015-08-12 18:29:09'),
	(6516, 1, 6, '02:50:50', 0, NULL, NULL, 9, '2015-08-12 18:29:09', '2015-08-12 18:29:09'),
	(6513, 1, 3, '02:46:00', 0, NULL, NULL, 8, '2015-08-12 18:29:09', '2015-08-12 18:29:09'),
	(6517, 1, 7, '02:45:43', 0, NULL, NULL, 7, '2015-08-12 18:29:09', '2015-08-12 18:29:09'),
	(6512, 1, 2, '02:44:18', 0, NULL, NULL, 6, '2015-08-12 18:29:09', '2015-08-12 18:29:09'),
	(6523, 1, 13, '02:43:36', 0, NULL, NULL, 5, '2015-08-12 18:29:09', '2015-08-12 18:29:09'),
	(6519, 1, 9, '02:43:20', 0, NULL, NULL, 4, '2015-08-12 18:29:09', '2015-08-12 18:29:09'),
	(6521, 1, 11, '02:41:56', 0, NULL, NULL, 3, '2015-08-12 18:29:09', '2015-08-12 18:29:09'),
	(6515, 1, 5, '02:40:51', 0, NULL, NULL, 2, '2015-08-12 18:29:09', '2015-08-12 18:29:09'),
	(6522, 1, 12, '02:40:03', 0, NULL, NULL, 1, '2015-08-12 18:29:09', '2015-08-12 18:29:09');
/*!40000 ALTER TABLE `rally_result` ENABLE KEYS */;


-- Dumping structure for table ral.rally_stage
DROP TABLE IF EXISTS `rally_stage`;
CREATE TABLE IF NOT EXISTS `rally_stage` (
  `id` int(11) NOT NULL AUTO_INCREMENT,
  `rally_id` int(11) DEFAULT NULL,
  `name` varchar(255) DEFAULT NULL,
  `length` decimal(18,2) DEFAULT NULL,
  `date` datetime DEFAULT NULL,
  `min_time` time DEFAULT NULL,
  `created_at` datetime NOT NULL,
  `updated_at` datetime NOT NULL,
  `finished` tinyint(1) DEFAULT '1',
  PRIMARY KEY (`id`),
  KEY `rally_id_idx` (`rally_id`)
) ENGINE=MyISAM AUTO_INCREMENT=1768 DEFAULT CHARSET=utf8;

-- Dumping data for table ral.rally_stage: 1,114 rows
DELETE FROM `rally_stage`;
/*!40000 ALTER TABLE `rally_stage` DISABLE KEYS */;
INSERT INTO `rally_stage` (`id`, `rally_id`, `name`, `length`, `date`, `min_time`, `created_at`, `updated_at`, `finished`) VALUES
	(1, 1, 'ENTREVAUX - ROUAINE', 21.55, '2015-08-12 09:00:00', '00:12:18', '2015-08-08 12:50:19', '2015-08-12 18:29:08', 1),
	(2, 1, 'NORANTE - DIGNE-LES-BAINS', 19.68, '2015-08-12 09:15:00', '00:12:58', '2015-08-08 12:50:19', '2015-08-12 18:29:08', 1),
	(3, 1, 'LA SALLE EN BEAUMONT', 15.60, '2015-08-12 09:30:00', '00:09:36', '2015-08-08 12:50:19', '2015-08-12 18:29:08', 1),
	(4, 1, 'ASPRES LES CORPS', 25.28, '2015-08-12 09:45:00', '00:00:00', '2015-08-08 12:50:19', '2015-08-12 18:29:08', 1),
	(5, 1, 'LES COSTES', 25.72, '2015-08-12 10:00:00', '00:14:48', '2015-08-08 12:50:19', '2015-08-12 18:29:08', 1),
	(6, 1, 'LA SALLE EN BEAUMONT', 15.72, '2015-08-12 10:15:00', '00:09:12', '2015-08-08 12:50:19', '2015-08-12 18:29:09', 1),
	(7, 1, 'ASPRES LES CORPS - CHAUFFAYER 2', 25.94, '2015-08-12 10:30:00', '00:16:35', '2015-08-08 12:50:20', '2015-08-12 18:29:09', 1),
	(8, 1, 'LES COSTES - ST JULIEN EN CHAMPSAUR 2', 25.16, '2015-08-12 10:45:00', '00:17:17', '2015-08-08 12:50:20', '2015-08-12 18:29:09', 1),
	(9, 1, 'PRUNIERES - EMBRUN 1', 19.24, '2015-08-12 11:00:00', '00:00:00', '2015-08-08 12:50:20', '2015-08-12 18:29:09', 1),
	(10, 1, 'LARDIER ET VALENCA - FAYE', 51.38, '2015-08-12 11:15:00', '00:00:00', '2015-08-08 12:50:20', '2015-08-12 18:29:09', 1),
	(11, 1, 'PRUNIERES - EMBRUN 2', 19.84, '2015-08-12 11:30:00', '00:12:25', '2015-08-08 12:50:20', '2015-08-12 18:29:09', 1),
	(12, 1, 'SISTERON - THOARD', 36.17, '2015-08-12 11:45:00', '00:20:54', '2015-08-08 12:50:20', '2015-08-12 18:29:09', 1),
	(13, 1, 'COL ST JEAN - ST LAURENT 1', 10.77, '2015-08-12 12:00:00', '00:06:05', '2015-08-08 12:50:20', '2015-08-12 18:29:09', 1),
	(14, 1, 'LA BOLLENE VESUBIE - SOSPEL', 31.55, '2015-08-12 12:15:00', '00:00:00', '2015-08-08 12:50:20', '2015-08-12 18:29:09', 1),
	(15, 1, ' COL ST JEAN - ST LAURENT 2', 10.83, '2015-08-12 12:30:00', '00:07:03', '2015-08-08 12:50:20', '2015-08-12 18:29:09', 1),
	(18, 2, 'SUPER SPECIAL STAGE KARLSTAD', 1.94, '2015-08-19 09:00:00', '00:01:13', '2015-08-08 12:56:21', '2015-08-12 18:26:21', 0),
	(19, 2, 'TORSBY 1', 14.80, '2015-08-19 09:15:00', '00:00:00', '2015-08-08 12:56:21', '2015-08-12 18:26:21', 0),
	(20, 2, 'ROJDEN 1', 18.74, '2015-08-19 09:30:00', '00:00:00', '2015-08-08 12:56:21', '2015-08-12 18:26:21', 0),
	(21, 2, 'FINNSKOGEN 1', 20.99, '2015-08-19 09:45:00', '00:12:11', '2015-08-08 12:56:22', '2015-08-12 18:26:21', 0),
	(22, 2, 'KIRKENAER 1', 7.89, '2015-08-19 10:00:00', '00:00:00', '2015-08-08 12:56:22', '2015-08-12 18:26:21', 0),
	(23, 2, 'KIRKENAER 2', 7.21, '2015-08-19 10:15:00', '00:00:00', '2015-08-08 12:56:22', '2015-08-12 18:26:21', 0),
	(24, 2, 'FINNSKOGEN 2', 20.94, '2015-08-19 10:30:00', '00:12:21', '2015-08-08 12:56:22', '2015-08-12 18:26:21', 0),
	(25, 2, 'TORSBY 2', 14.80, '2015-08-19 10:45:00', '00:10:16', '2015-08-08 12:56:22', '2015-08-12 18:26:21', 0),
	(26, 2, 'SUPER SPECIAL STAGE KARLSTAD 2', 1.94, '2015-08-19 11:00:00', '00:01:17', '2015-08-08 12:56:22', '2015-08-12 18:26:21', 0),
	(27, 2, 'FREDRIKSBERG 1', 18.20, '2015-08-19 11:15:00', '00:11:27', '2015-08-08 12:56:22', '2015-08-12 18:26:21', 0),
	(28, 2, 'RAMMEN 1', 22.65, '2015-08-19 11:30:00', '00:00:00', '2015-08-08 12:56:22', '2015-08-12 18:26:21', 0),
	(29, 2, 'HAGFORS SPRINT 1', 1.83, '2015-08-19 11:45:00', '00:01:09', '2015-08-08 12:56:22', '2015-08-12 18:26:21', 0),
	(30, 2, 'VARGASEN 1', 24.42, '2015-08-19 12:00:00', '00:00:00', '2015-08-08 12:56:22', '2015-08-12 18:26:21', 0),
	(31, 2, 'RAMMEN 2', 22.63, '2015-08-19 12:15:00', '00:13:04', '2015-08-08 12:56:22', '2015-08-12 18:26:21', 0),
	(32, 2, 'HAGFORS SPRINT 2', 1.76, '2015-08-19 12:30:00', '00:01:14', '2015-08-08 12:56:22', '2015-08-12 18:26:21', 0),
	(33, 2, 'VARGASEN 2', 24.22, '2015-08-19 12:45:00', '00:15:12', '2015-08-08 12:56:22', '2015-08-12 18:26:21', 0),
	(52, 4, 'SUPER ESPECIAL MERLO', 2.89, '2015-09-02 09:00:00', '00:00:00', '2015-08-08 13:05:33', '2015-08-12 18:26:21', 0),
	(35, 3, 'STREET STAGE GUANAJUATO', 1.85, '2015-08-26 09:00:00', '00:01:22', '2015-08-08 13:01:41', '2015-08-12 18:26:21', 0),
	(36, 3, 'SUPER SPECIAL 1', 4.92, '2015-08-26 09:15:00', '00:03:23', '2015-08-08 13:01:41', '2015-08-12 18:26:21', 0),
	(37, 3, 'LOS MEXICANOS 1', 9.77, '2015-08-26 09:30:00', '00:05:49', '2015-08-08 13:01:41', '2015-08-12 18:26:21', 0),
	(38, 3, 'EL CHOCOLATE 1', 44.12, '2015-08-26 09:45:00', '00:28:19', '2015-08-08 13:01:41', '2015-08-12 18:26:21', 0),
	(39, 3, 'LAS MINAS 1', 15.34, '2015-08-26 10:00:00', '00:00:00', '2015-08-08 13:01:41', '2015-08-12 18:26:21', 0),
	(40, 3, 'STREET STAGE LEON 1', 1.91, '2015-08-26 10:15:00', '00:01:21', '2015-08-08 13:01:41', '2015-08-12 18:26:21', 0),
	(41, 3, 'LOS MEXICANOS 2', 9.68, '2015-08-26 10:30:00', '00:05:44', '2015-08-08 13:01:41', '2015-08-12 18:26:21', 0),
	(42, 3, 'EL CHOCOLATE 2', 44.17, '2015-08-26 10:45:00', '00:25:29', '2015-08-08 13:01:41', '2015-08-12 18:26:21', 0),
	(43, 3, 'LAS MINAS 2', 15.43, '2015-08-26 11:00:00', '00:10:05', '2015-08-08 13:01:41', '2015-08-12 18:26:21', 0),
	(44, 3, 'SUPER SPECIAL 2', 4.92, '2015-08-26 11:15:00', '00:03:13', '2015-08-08 13:01:42', '2015-08-12 18:26:21', 0),
	(45, 3, 'IBARRILLA 1', 30.89, '2015-08-26 11:30:00', '00:21:02', '2015-08-08 13:01:42', '2015-08-12 18:26:21', 0),
	(46, 3, 'OTATES 1', 42.44, '2015-08-26 11:45:00', '00:00:00', '2015-08-08 13:01:42', '2015-08-12 18:26:21', 0),
	(47, 3, 'EL BRINCO 1', 8.42, '2015-08-26 12:00:00', '00:00:00', '2015-08-08 13:01:42', '2015-08-12 18:26:21', 0),
	(48, 3, 'STREET STAGE LEON 2', 1.91, '2015-08-26 12:15:00', '00:01:24', '2015-08-08 13:01:42', '2015-08-12 18:26:21', 0),
	(49, 3, 'IBARRILLA 2', 30.48, '2015-08-26 12:30:00', '00:20:58', '2015-08-08 13:01:42', '2015-08-12 18:26:21', 0),
	(50, 3, 'OTATES 2', 42.59, '2015-08-26 12:45:00', '00:26:44', '2015-08-08 13:01:42', '2015-08-12 18:26:21', 0),
	(51, 3, 'EL BRINCO 2', 8.96, '2015-08-26 13:00:00', '00:05:51', '2015-08-08 13:01:42', '2015-08-12 18:26:21', 0),
	(53, 4, 'AGUA DE ORO - ASCOCHINGA', 51.78, '2015-09-02 09:15:00', '00:30:37', '2015-08-08 13:05:33', '2015-08-12 18:26:21', 0),
	(54, 4, 'VILLA BUSTOS - TANTI', 19.68, '2015-09-02 09:30:00', '00:12:08', '2015-08-08 13:05:33', '2015-08-12 18:26:21', 0),
	(55, 4, 'AGUA DE ORO - ASCOCHINGA II', 51.78, '2015-09-02 09:45:00', '00:32:22', '2015-08-08 13:05:33', '2015-08-12 18:26:21', 0),
	(56, 4, 'VILLA BUSTOS - TANTI II', 19.68, '2015-09-02 10:00:00', '00:00:00', '2015-08-08 13:05:33', '2015-08-12 18:26:21', 0),
	(57, 4, 'SUPER ESPECIAL FERNET BRANCA', 6.84, '2015-09-02 10:15:00', '00:04:55', '2015-08-08 13:05:33', '2015-08-12 18:26:21', 0),
	(58, 4, 'FERNET BRANCA', 23.35, '2015-09-02 10:30:00', '00:00:00', '2015-08-08 13:05:33', '2015-08-12 18:26:21', 0),
	(59, 4, 'SAN MARCOS', 42.41, '2015-09-02 10:45:00', '00:25:41', '2015-08-08 13:05:33', '2015-08-12 18:26:21', 0),
	(60, 4, 'FERNET BRANCA II', 23.35, '2015-09-02 11:00:00', '00:15:16', '2015-08-08 13:05:33', '2015-08-12 18:26:21', 0),
	(61, 4, 'SAN MARCOS II', 42.41, '2015-09-02 11:15:00', '00:27:06', '2015-08-08 13:05:33', '2015-08-12 18:26:21', 0),
	(62, 4, 'EL CONDOR', 16.60, '2015-09-02 11:30:00', '00:00:00', '2015-08-08 13:05:33', '2015-08-12 18:26:21', 0),
	(63, 4, 'POWER STAGE EL CONDOR', 16.17, '2015-09-02 11:45:00', '00:09:51', '2015-08-08 13:05:33', '2015-08-12 18:26:21', 0),
	(71, 5, 'CAMINHA', 18.40, '2015-09-09 09:30:00', '00:10:39', '2015-08-08 13:09:54', '2015-08-12 18:26:21', 0),
	(70, 5, 'PONTE DE LIMA 1', 27.64, '2015-09-09 09:15:00', '00:00:00', '2015-08-08 13:09:54', '2015-08-12 18:26:21', 0),
	(69, 5, 'LOUSADA', 3.14, '2015-09-09 09:00:00', '00:01:09', '2015-08-08 13:09:53', '2015-08-12 18:26:21', 0),
	(72, 5, 'VIANA DO CASTELO', 18.36, '2015-09-09 09:45:00', '00:12:38', '2015-08-08 13:09:54', '2015-08-12 18:26:21', 0),
	(73, 5, 'PONTE DE LIMA 2', 27.72, '2015-09-09 10:00:00', '00:17:54', '2015-08-08 13:09:54', '2015-08-12 18:26:21', 0),
	(74, 5, 'CAMINHA 2', 18.40, '2015-09-09 10:15:00', '00:12:47', '2015-08-08 13:09:54', '2015-08-12 18:26:21', 0),
	(75, 5, 'VIANA DO CASTELO 2', 18.36, '2015-09-09 10:30:00', '00:11:56', '2015-08-08 13:09:54', '2015-08-12 18:26:21', 0),
	(76, 5, 'BAIAO', 18.28, '2015-09-09 10:45:00', '00:12:28', '2015-08-08 13:09:54', '2015-08-12 18:26:21', 0),
	(77, 5, 'MARAO', 26.53, '2015-09-09 11:00:00', '00:16:34', '2015-08-08 13:09:54', '2015-08-12 18:26:21', 0),
	(78, 5, 'FRIDAO', 37.53, '2015-09-09 11:15:00', '00:00:00', '2015-08-08 13:09:54', '2015-08-12 18:26:21', 0),
	(79, 5, 'BAIAO 2', 18.28, '2015-09-09 11:30:00', '00:11:33', '2015-08-08 13:09:54', '2015-08-12 18:26:21', 0),
	(80, 5, 'MARAO 2', 26.53, '2015-09-09 11:45:00', '00:15:59', '2015-08-08 13:09:54', '2015-08-12 18:26:21', 0),
	(81, 5, 'FRIDAO 2', 37.53, '2015-09-09 12:00:00', '00:00:00', '2015-08-08 13:09:54', '2015-08-12 18:26:21', 0),
	(82, 5, 'FAFE 1', 11.39, '2015-09-09 12:15:00', '00:07:47', '2015-08-08 13:09:54', '2015-08-12 18:26:21', 0),
	(83, 5, 'VIEIRA DO MINHO', 32.38, '2015-09-09 12:30:00', '00:18:28', '2015-08-08 13:09:54', '2015-08-12 18:26:21', 0),
	(84, 5, 'FAFE 2', 11.56, '2015-09-09 12:45:00', '00:00:00', '2015-08-08 13:09:55', '2015-08-12 18:26:21', 0),
	(85, 6, 'CITTA\' DI GAGLIARI', 2.29, '2015-09-16 09:00:00', '00:01:45', '2015-08-08 14:53:32', '2015-08-12 18:26:21', 0),
	(86, 6, 'GRIGHINE SUD', 26.31, '2015-09-16 09:15:00', '00:00:00', '2015-08-08 14:53:33', '2015-08-12 18:26:21', 0),
	(87, 6, 'GRIGHINE NORD', 18.68, '2015-09-16 09:30:00', '00:00:00', '2015-08-08 14:53:33', '2015-08-12 18:26:21', 0),
	(88, 6, 'MONTIFERRU', 14.86, '2015-09-16 09:45:00', '00:10:15', '2015-08-08 14:53:33', '2015-08-12 18:26:21', 0),
	(89, 6, 'SAGAMA', 2.41, '2015-09-16 10:00:00', '00:01:45', '2015-08-08 14:53:33', '2015-08-12 18:26:21', 0),
	(90, 6, 'SAGAMA 2', 2.41, '2015-09-16 10:15:00', '00:01:35', '2015-08-08 14:53:33', '2015-08-12 18:26:21', 0),
	(91, 6, 'SINIS - MONT\' E PRAMA', 14.70, '2015-09-16 10:30:00', '00:08:43', '2015-08-08 14:53:33', '2015-08-12 18:26:21', 0),
	(92, 6, 'GRIGHINE SUD 2', 26.31, '2015-09-16 10:45:00', '00:15:35', '2015-08-08 14:53:33', '2015-08-12 18:26:21', 0),
	(93, 6, 'GRIGHINE NORD 2', 18.68, '2015-09-16 11:00:00', '00:11:02', '2015-08-08 14:53:33', '2015-08-12 18:26:21', 0),
	(94, 6, 'MONTIFERRU 2', 14.86, '2015-09-16 11:15:00', '00:00:00', '2015-08-08 14:53:33', '2015-08-12 18:26:21', 0),
	(95, 6, 'ITTIRI ARENA', 1.98, '2015-09-16 11:30:00', '00:01:25', '2015-08-08 14:53:33', '2015-08-12 18:26:21', 0),
	(96, 6, 'MONTI DI ALA\' 1', 22.96, '2015-09-16 11:45:00', '00:00:00', '2015-08-08 14:53:33', '2015-08-12 18:26:21', 0),
	(97, 6, 'COILUNA - LOELLE', 36.43, '2015-09-16 12:00:00', '00:24:09', '2015-08-08 14:53:33', '2015-08-12 18:26:21', 0),
	(98, 6, 'MONTE LERNO', 42.55, '2015-09-16 12:15:00', '00:26:23', '2015-08-08 14:53:33', '2015-08-12 18:26:21', 0),
	(99, 6, 'OZIERI - ARDARA', 7.70, '2015-09-16 12:30:00', '00:00:00', '2015-08-08 14:53:33', '2015-08-12 18:26:21', 0),
	(100, 6, 'ITTIRI ARENA 2', 1.98, '2015-09-16 12:45:00', '00:01:35', '2015-08-08 14:53:34', '2015-08-12 18:26:21', 0),
	(101, 6, 'MONTI DI ALA\' 2', 22.50, '2015-09-16 13:00:00', '00:00:00', '2015-08-08 14:53:34', '2015-08-12 18:26:21', 0),
	(102, 7, 'MIKOLAJKI ARENA', 2.40, '2015-09-23 09:00:00', '00:01:45', '2015-08-08 14:58:53', '2015-08-12 18:26:21', 0),
	(103, 7, 'GORKLO', 13.40, '2015-09-23 09:15:00', '00:08:58', '2015-08-08 14:58:53', '2015-08-12 18:26:21', 0),
	(104, 7, 'GOLDAP', 14.65, '2015-09-23 09:30:00', '00:00:00', '2015-08-08 14:58:53', '2015-08-12 18:26:21', 0),
	(105, 7, 'BABKI', 14.87, '2015-09-23 09:45:00', '00:00:00', '2015-08-08 14:58:54', '2015-08-12 18:26:21', 0),
	(106, 7, 'STANCZYKI', 39.62, '2015-09-23 10:00:00', '00:25:57', '2015-08-08 14:58:54', '2015-08-12 18:26:21', 0),
	(107, 7, 'BABKI 2', 14.87, '2015-09-23 10:15:00', '00:09:25', '2015-08-08 14:58:54', '2015-08-12 18:26:22', 0),
	(108, 7, 'STANCZYKI 2', 39.62, '2015-09-23 10:30:00', '00:24:43', '2015-08-08 14:58:54', '2015-08-12 18:26:22', 0),
	(109, 7, 'GOLDAP 2', 14.65, '2015-09-23 10:45:00', '00:09:42', '2015-08-08 14:58:54', '2015-08-12 18:26:22', 0),
	(110, 7, 'MIKOLAJKI ARENA 2', 2.40, '2015-09-23 11:00:00', '00:01:47', '2015-08-08 14:58:54', '2015-08-12 18:26:22', 0),
	(111, 7, 'MAZURY', 17.52, '2015-09-23 11:15:00', '00:10:31', '2015-08-08 14:58:54', '2015-08-12 18:26:22', 0),
	(112, 7, 'WIELICZKI', 12.62, '2015-09-23 11:30:00', '00:08:00', '2015-08-08 14:58:54', '2015-08-12 18:26:22', 0),
	(113, 7, 'SWIETAJNO', 21.59, '2015-09-23 11:45:00', '00:13:34', '2015-08-08 14:58:54', '2015-08-12 18:26:22', 0),
	(114, 7, 'PAPROTKI', 23.68, '2015-09-23 12:00:00', '00:15:54', '2015-08-08 14:58:54', '2015-08-12 18:26:22', 0),
	(115, 7, 'MAZURY 2', 17.52, '2015-09-23 12:15:00', '00:00:00', '2015-08-08 14:58:54', '2015-08-12 18:26:22', 0),
	(116, 7, 'WIELICZKI 2', 12.62, '2015-09-23 12:30:00', '00:08:38', '2015-08-08 14:58:54', '2015-08-12 18:26:22', 0),
	(117, 7, 'SWIETAJNO 2', 21.59, '2015-09-23 12:45:00', '00:00:00', '2015-08-08 14:58:54', '2015-08-12 18:26:22', 0),
	(118, 7, 'MIKOLAJKI ARENA 3', 2.40, '2015-09-23 13:00:00', '00:01:06', '2015-08-08 14:58:55', '2015-08-12 18:26:22', 0),
	(119, 8, 'HARJU', 2.21, '2015-09-30 09:00:00', '00:01:33', '2015-08-08 17:48:37', '2015-08-12 18:26:22', 0),
	(120, 8, 'PIHLAJAKOSKI', 14.65, '2015-09-30 09:15:00', '00:08:55', '2015-08-08 17:48:38', '2015-08-12 18:26:22', 0),
	(121, 8, 'PAIJALA', 23.28, '2015-09-30 09:30:00', '00:00:00', '2015-08-08 17:48:38', '2015-08-12 18:26:22', 0),
	(122, 8, 'OUNINPOHJA', 34.51, '2015-09-30 09:45:00', '00:23:56', '2015-08-08 17:48:38', '2015-08-12 18:26:22', 0),
	(123, 8, 'HIMOS', 5.16, '2015-09-30 10:00:00', '00:03:52', '2015-08-08 17:48:38', '2015-08-12 18:26:22', 0),
	(124, 8, 'PIHLAJAKOSKI 2', 14.65, '2015-09-30 10:15:00', '00:00:00', '2015-08-08 17:48:38', '2015-08-12 18:26:22', 0),
	(125, 8, 'PAIJALA 2', 23.28, '2015-09-30 10:30:00', '00:14:07', '2015-08-08 17:48:38', '2015-08-12 18:26:22', 0),
	(126, 8, 'OUNINPOHJA 2', 34.51, '2015-09-30 10:45:00', '00:00:00', '2015-08-08 17:48:38', '2015-08-12 18:26:22', 0),
	(127, 8, 'HIMOS 2', 5.16, '2015-09-30 11:00:00', '00:03:45', '2015-08-08 17:48:38', '2015-08-12 18:26:22', 0),
	(128, 8, 'HARJU 2', 2.21, '2015-09-30 11:15:00', '00:01:25', '2015-08-08 17:48:38', '2015-08-12 18:26:22', 0),
	(129, 8, 'MOKKIPERA', 13.60, '2015-09-30 11:30:00', '00:08:28', '2015-08-08 17:48:38', '2015-08-12 18:26:22', 0),
	(130, 8, 'JUKOJARVI', 21.78, '2015-09-30 11:45:00', '00:00:00', '2015-08-08 17:48:38', '2015-08-12 18:26:22', 0),
	(131, 8, 'SURKEE', 14.25, '2015-09-30 12:00:00', '00:09:38', '2015-08-08 17:48:38', '2015-08-12 18:26:22', 0),
	(132, 8, 'HORKKA', 15.22, '2015-09-30 12:15:00', '00:00:00', '2015-08-08 17:48:38', '2015-08-12 18:26:22', 0),
	(133, 8, 'MOKKIPERA 2', 13.60, '2015-09-30 12:30:00', '00:08:08', '2015-08-08 17:48:38', '2015-08-12 18:26:22', 0),
	(134, 8, 'JUKOJARVI 2', 21.78, '2015-09-30 12:45:00', '00:00:00', '2015-08-08 17:48:38', '2015-08-12 18:26:22', 0),
	(135, 8, 'SURKEE 2', 14.25, '2015-09-30 13:00:00', '00:08:22', '2015-08-08 17:48:39', '2015-08-12 18:26:22', 0),
	(136, 9, 'Sauertal', 14.84, '2015-10-07 09:00:00', '00:10:04', '2015-08-08 18:06:00', '2015-08-12 18:26:22', 0),
	(137, 9, 'Waxweiler', 16.45, '2015-10-07 09:15:00', '00:10:22', '2015-08-08 18:06:00', '2015-08-12 18:26:22', 0),
	(138, 9, 'Moselland', 23.37, '2015-10-07 09:30:00', '00:14:33', '2015-08-08 18:06:00', '2015-08-12 18:26:22', 0),
	(139, 9, 'Sauertal 2', 14.84, '2015-10-07 09:45:00', '00:09:33', '2015-08-08 18:06:00', '2015-08-12 18:26:22', 0),
	(140, 9, 'Waxweiler 2', 16.45, '2015-10-07 10:00:00', '00:10:02', '2015-08-08 18:06:00', '2015-08-12 18:26:22', 0),
	(141, 9, 'Moselland 2', 23.37, '2015-10-07 10:15:00', '00:15:56', '2015-08-08 18:06:00', '2015-08-12 18:26:22', 0),
	(142, 9, 'Mittelmosel 2', 13.80, '2015-10-07 10:30:00', '00:00:00', '2015-08-08 18:06:00', '2015-08-12 18:26:22', 0),
	(143, 9, 'Grafschaft', 18.76, '2015-10-07 10:45:00', '00:00:00', '2015-08-08 18:06:00', '2015-08-12 18:26:22', 0),
	(144, 9, 'Bosenberg', 17.55, '2015-10-07 11:00:00', '00:00:00', '2015-08-08 18:06:00', '2015-08-12 18:26:22', 0),
	(145, 9, 'Arena Panzerplatte', 2.48, '2015-10-07 11:15:00', '00:01:51', '2015-08-08 18:06:00', '2015-08-12 18:26:22', 0),
	(146, 9, 'Arena Panzerplatte 2', 2.48, '2015-10-07 11:30:00', '00:01:58', '2015-08-08 18:06:01', '2015-08-12 18:26:22', 0),
	(147, 9, 'Panzerplatte Lang', 45.37, '2015-10-07 11:45:00', '00:30:19', '2015-08-08 18:06:01', '2015-08-12 18:26:22', 0),
	(148, 9, 'Grafschaft 2', 18.76, '2015-10-07 12:00:00', '00:00:00', '2015-08-08 18:06:01', '2015-08-12 18:26:22', 0),
	(149, 9, 'Arena Panzerplatte 3', 2.48, '2015-10-07 12:15:00', '00:01:49', '2015-08-08 18:06:01', '2015-08-12 18:26:22', 0),
	(150, 9, 'Panzerplatte Lang 2', 45.37, '2015-10-07 12:30:00', '00:30:02', '2015-08-08 18:06:01', '2015-08-12 18:26:22', 0),
	(151, 9, 'Bosenberg 2', 17.55, '2015-10-07 12:45:00', '00:11:32', '2015-08-08 18:06:01', '2015-08-12 18:26:22', 0),
	(152, 9, 'Stei & Wein', 19.32, '2015-10-07 13:00:00', '00:00:00', '2015-08-08 18:06:01', '2015-08-12 18:26:22', 0),
	(153, 10, 'Hydes Creek', 10.48, '2015-10-07 09:00:00', '00:06:45', '2015-08-08 18:15:39', '2015-08-12 18:26:22', 0),
	(154, 10, 'Bellingen', 10.21, '2015-10-07 09:15:00', '00:06:11', '2015-08-08 18:15:39', '2015-08-12 18:26:22', 0),
	(155, 10, 'Newry', 24.86, '2015-10-07 09:30:00', '00:14:36', '2015-08-08 18:15:39', '2015-08-12 18:26:22', 0),
	(156, 10, 'Hydes Creek 2', 10.48, '2015-10-07 09:45:00', '00:00:00', '2015-08-08 18:15:40', '2015-08-12 18:26:22', 0),
	(157, 10, 'Bellingen 2', 10.21, '2015-10-07 10:00:00', '00:00:00', '2015-08-08 18:15:40', '2015-08-12 18:26:22', 0),
	(158, 10, 'Newry 2', 24.86, '2015-10-07 10:15:00', '00:15:02', '2015-08-08 18:15:40', '2015-08-12 18:26:22', 0),
	(159, 10, 'Super Special Stage ', 1.55, '2015-10-07 10:30:00', '00:00:00', '2015-08-08 18:15:40', '2015-08-12 18:26:22', 0),
	(160, 10, 'Super Special Stage 2', 1.81, '2015-10-07 10:45:00', '00:01:03', '2015-08-08 18:15:40', '2015-08-12 18:26:22', 0),
	(161, 10, 'Nambucca', 48.21, '2015-10-07 11:00:00', '00:28:01', '2015-08-08 18:15:40', '2015-08-12 18:26:22', 0),
	(162, 10, 'Valla', 8.90, '2015-10-07 11:15:00', '00:05:59', '2015-08-08 18:15:40', '2015-08-12 18:26:22', 0),
	(163, 10, 'Nambucca 2', 48.21, '2015-10-07 11:30:00', '00:00:00', '2015-08-08 18:15:40', '2015-08-12 18:26:22', 0),
	(164, 10, 'Valla 2', 8.90, '2015-10-07 11:45:00', '00:05:33', '2015-08-08 18:15:40', '2015-08-12 18:26:22', 0),
	(165, 10, 'Super Special Stage 3', 1.81, '2015-10-07 12:00:00', '00:01:04', '2015-08-08 18:15:40', '2015-08-12 18:26:22', 0),
	(166, 10, 'Super Special Stage 4', 1.50, '2015-10-07 12:15:00', '00:00:00', '2015-08-08 18:15:40', '2015-08-12 18:26:22', 0),
	(167, 10, 'Shipmans', 24.14, '2015-10-07 12:30:00', '00:14:08', '2015-08-08 18:15:40', '2015-08-12 18:26:22', 0),
	(168, 10, 'Bucca', 10.90, '2015-10-07 12:45:00', '00:00:00', '2015-08-08 18:15:40', '2015-08-12 18:26:22', 0),
	(169, 10, 'Wedding Bells', 9.37, '2015-10-07 13:00:00', '00:05:57', '2015-08-08 18:15:40', '2015-08-12 18:26:22', 0),
	(170, 11, 'Plage du LIamone', 19.91, '2015-10-21 09:00:00', '00:11:43', '2015-08-09 09:08:16', '2015-08-12 18:26:22', 0),
	(171, 11, 'Casamozza', 23.66, '2015-10-21 09:15:00', '00:00:00', '2015-08-09 09:08:16', '2015-08-12 18:26:22', 0),
	(172, 11, 'Francardo', 16.34, '2015-10-21 09:30:00', '00:10:03', '2015-08-09 09:08:16', '2015-08-12 18:26:22', 0),
	(173, 11, 'Plage du Liamone 2', 19.91, '2015-10-21 09:45:00', '00:13:02', '2015-08-09 09:08:16', '2015-08-12 18:26:22', 0),
	(174, 11, 'Casamozza 2', 23.66, '2015-10-21 10:00:00', '00:16:09', '2015-08-09 09:08:16', '2015-08-12 18:26:22', 0),
	(175, 11, 'Francardo 2', 16.34, '2015-10-21 10:15:00', '00:00:00', '2015-08-09 09:08:16', '2015-08-12 18:26:22', 0),
	(176, 11, 'Casamozza 3', 23.66, '2015-10-21 10:30:00', '00:15:58', '2015-08-09 09:08:16', '2015-08-12 18:26:22', 0),
	(177, 11, 'Francardo 3', 16.34, '2015-10-21 10:45:00', '00:00:00', '2015-08-09 09:08:16', '2015-08-12 18:26:22', 0),
	(178, 11, 'Muracciole', 28.92, '2015-10-21 11:00:00', '00:00:00', '2015-08-09 09:08:16', '2015-08-12 18:26:22', 0),
	(179, 11, 'Sotta', 26.28, '2015-10-21 11:15:00', '00:00:00', '2015-08-09 09:08:16', '2015-08-12 18:26:22', 0),
	(180, 11, 'Muracciole', 28.46, '2015-10-21 11:30:00', '00:16:42', '2015-08-09 09:08:16', '2015-08-12 18:26:22', 0),
	(181, 11, 'Zerubia', 31.43, '2015-10-21 11:45:00', '00:21:01', '2015-08-09 09:08:16', '2015-08-12 18:26:22', 0),
	(182, 11, 'Bisinao', 16.74, '2015-10-21 12:00:00', '00:11:22', '2015-08-09 09:08:16', '2015-08-12 18:26:22', 0),
	(183, 11, 'Zerubia 2', 31.43, '2015-10-21 12:15:00', '00:00:00', '2015-08-09 09:08:16', '2015-08-12 18:26:22', 0),
	(184, 11, 'Bisinao 2', 16.74, '2015-10-21 12:30:00', '00:10:29', '2015-08-09 09:08:17', '2015-08-12 18:26:22', 0),
	(185, 12, 'Barcelona', 3.11, '2015-10-28 09:00:00', '00:00:00', '2015-08-09 09:29:16', '2015-08-12 18:26:22', 0),
	(186, 12, 'Mora d\'Ebre', 9.69, '2015-10-28 09:15:00', '00:06:45', '2015-08-09 09:29:16', '2015-08-12 18:26:22', 0),
	(187, 12, 'Caseres', 12.10, '2015-10-28 09:30:00', '00:07:09', '2015-08-09 09:29:16', '2015-08-12 18:26:22', 0),
	(188, 12, 'Bot', 6.21, '2015-10-28 09:45:00', '00:00:00', '2015-08-09 09:29:16', '2015-08-12 18:26:22', 0),
	(189, 12, 'Terra Alta', 35.41, '2015-10-28 10:00:00', '00:23:02', '2015-08-09 09:29:16', '2015-08-12 18:26:22', 0),
	(190, 12, 'Mora d\'Ebre 2', 9.69, '2015-10-28 10:15:00', '00:06:03', '2015-08-09 09:29:16', '2015-08-12 18:26:22', 0),
	(191, 12, 'Caseres 2', 12.10, '2015-10-28 10:30:00', '00:07:21', '2015-08-09 09:29:16', '2015-08-12 18:26:22', 0),
	(192, 12, 'Bot 2', 6.21, '2015-10-28 10:45:00', '00:00:00', '2015-08-09 09:29:16', '2015-08-12 18:26:22', 0),
	(193, 12, 'Terra Alta 2', 35.41, '2015-10-28 11:00:00', '00:20:29', '2015-08-09 09:29:16', '2015-08-12 18:26:22', 0),
	(194, 12, 'Porrera', 7.91, '2015-10-28 11:15:00', '00:05:01', '2015-08-09 09:29:16', '2015-08-12 18:26:22', 0),
	(195, 12, 'La Figuera', 26.35, '2015-10-28 11:30:00', '00:00:00', '2015-08-09 09:29:16', '2015-08-12 18:26:22', 0),
	(196, 12, 'Poboleda', 10.73, '2015-10-28 11:45:00', '00:07:34', '2015-08-09 09:29:16', '2015-08-12 18:26:22', 0),
	(197, 12, 'Capafonts', 19.13, '2015-10-28 12:00:00', '00:00:00', '2015-08-09 09:29:17', '2015-08-12 18:26:22', 0),
	(198, 12, 'La Figuera 2', 26.35, '2015-10-28 12:15:00', '00:16:05', '2015-08-09 09:29:17', '2015-08-12 18:26:22', 0),
	(199, 12, 'Poboleda 2', 10.73, '2015-10-28 12:30:00', '00:06:52', '2015-08-09 09:29:17', '2015-08-12 18:26:22', 0),
	(200, 12, 'Capafonts 2', 19.13, '2015-10-28 12:45:00', '00:11:11', '2015-08-09 09:29:17', '2015-08-12 18:26:22', 0),
	(201, 12, 'Salou', 2.62, '2015-10-28 13:00:00', '00:01:51', '2015-08-09 09:29:17', '2015-08-12 18:26:22', 0),
	(202, 13, 'Hafren', 32.44, '2015-08-14 09:00:00', '00:22:36', '2015-08-09 09:33:26', '2015-08-12 18:26:22', 0),
	(203, 13, 'Sweet Lamb', 2.97, '2015-08-14 09:15:00', '00:00:00', '2015-08-09 09:33:26', '2015-08-12 18:26:22', 0),
	(204, 13, 'Myherin', 31.73, '2015-08-14 09:30:00', '00:00:00', '2015-08-09 09:33:26', '2015-08-12 18:26:22', 0),
	(205, 13, 'Harfen 2', 32.60, '2015-08-14 09:45:00', '00:18:31', '2015-08-09 09:33:26', '2015-08-12 18:26:22', 0),
	(206, 13, 'Sweet Lamb 2', 2.97, '2015-08-14 10:00:00', '00:00:00', '2015-08-09 09:33:27', '2015-08-12 18:26:22', 0),
	(207, 13, 'Myherin 2', 31.73, '2015-08-14 10:15:00', '00:19:24', '2015-08-09 09:33:27', '2015-08-12 18:26:22', 0),
	(208, 13, 'Gartheiniog', 11.97, '2015-08-14 10:30:00', '00:00:00', '2015-08-09 09:33:27', '2015-08-12 18:26:22', 0),
	(209, 13, 'Dyfi', 25.37, '2015-08-14 10:45:00', '00:00:00', '2015-08-09 09:33:27', '2015-08-12 18:26:22', 0),
	(210, 13, 'Gartheiniog 2', 11.97, '2015-08-14 11:00:00', '00:07:29', '2015-08-09 09:33:27', '2015-08-12 18:26:22', 0),
	(211, 13, 'Dyfi 2', 25.37, '2015-08-14 11:15:00', '00:16:24', '2015-08-09 09:33:27', '2015-08-12 18:26:22', 0),
	(212, 13, 'Dyfnant', 19.89, '2015-08-14 11:30:00', '00:00:00', '2015-08-09 09:33:27', '2015-08-12 18:26:22', 0),
	(213, 13, 'Aberhirnant', 13.70, '2015-08-14 11:45:00', '00:00:00', '2015-08-09 09:33:27', '2015-08-12 18:26:22', 0),
	(214, 13, 'Chirk Castle', 2.28, '2015-08-14 12:00:00', '00:01:46', '2015-08-09 09:33:27', '2015-08-12 18:26:22', 0),
	(215, 13, 'Dynant 2', 19.83, '2015-08-14 12:15:00', '00:11:36', '2015-08-09 09:33:27', '2015-08-12 18:26:22', 0),
	(216, 13, 'Aberhirnant 2', 13.70, '2015-08-14 12:30:00', '00:00:00', '2015-08-09 09:33:27', '2015-08-12 18:26:22', 0),
	(217, 13, 'Brenig', 10.99, '2015-08-14 12:45:00', '00:00:00', '2015-08-09 09:33:27', '2015-08-12 18:26:22', 0),
	(218, 13, 'ALwen', 10.16, '2015-08-14 13:00:00', '00:00:00', '2015-08-09 09:33:27', '2015-08-12 18:26:22', 0),
	(219, 14, 'Pierbach', 18.57, '2015-08-14 09:00:00', '00:12:58', '2015-08-09 14:43:28', '2015-08-12 18:26:22', 0),
	(220, 14, 'Liebenau', 10.10, '2015-08-14 09:15:00', '00:06:54', '2015-08-09 14:43:28', '2015-08-12 18:26:22', 0),
	(221, 14, 'St. Oswald', 8.20, '2015-08-14 09:30:00', '00:05:19', '2015-08-09 14:43:28', '2015-08-12 18:26:22', 0),
	(222, 14, 'Pierbach 2', 18.57, '2015-08-14 09:45:00', '00:11:49', '2015-08-09 14:43:28', '2015-08-12 18:26:22', 0),
	(223, 14, 'Liebenau 2', 10.10, '2015-08-14 10:00:00', '00:06:28', '2015-08-09 14:43:28', '2015-08-12 18:26:22', 0),
	(224, 14, 'St. Ostwald', 8.22, '2015-08-14 10:15:00', '00:05:34', '2015-08-09 14:43:28', '2015-08-12 18:26:22', 0),
	(225, 14, 'Pregarten', 8.44, '2015-08-14 10:30:00', '00:00:00', '2015-08-09 14:43:28', '2015-08-12 18:26:22', 0),
	(226, 14, 'Schonau', 22.80, '2015-08-14 10:45:00', '00:13:24', '2015-08-09 14:43:28', '2015-08-12 18:24:56', 0),
	(227, 14, 'Pregarten 2', 8.44, '2015-08-14 11:00:00', '00:05:37', '2015-08-09 14:43:28', '2015-08-12 18:26:22', 0),
	(228, 14, 'Schonau', 22.81, '2015-08-14 11:15:00', '00:00:00', '2015-08-09 14:43:28', '2015-08-12 18:26:22', 0),
	(229, 14, 'Gutau', 8.68, '2015-08-14 11:30:00', '00:05:16', '2015-08-09 14:43:28', '2015-08-12 18:26:22', 0),
	(230, 14, 'Unterweissenbach 2', 12.31, '2015-08-14 11:45:00', '00:08:16', '2015-08-09 14:43:29', '2015-08-12 18:26:22', 0),
	(231, 14, 'Arena Konigswiesen', 7.33, '2015-08-14 12:00:00', '00:00:00', '2015-08-09 14:43:29', '2015-08-12 18:26:22', 0),
	(232, 14, 'Gutau 2', 8.68, '2015-08-14 12:15:00', '00:05:56', '2015-08-09 14:43:29', '2015-08-12 18:26:22', 0),
	(233, 14, 'Unterweissenbach', 12.31, '2015-08-14 12:30:00', '00:07:34', '2015-08-09 14:43:29', '2015-08-12 18:26:22', 0),
	(234, 14, 'Arena Konigswiesen', 7.76, '2015-08-14 12:45:00', '00:00:00', '2015-08-09 14:43:29', '2015-08-12 18:26:22', 0),
	(235, 14, 'Bad Zell', 21.71, '2015-08-14 13:00:00', '00:00:00', '2015-08-09 14:43:29', '2015-08-12 18:26:22', 0),
	(236, 15, 'Basi', 16.11, '2015-08-21 09:00:00', '00:09:35', '2015-08-09 14:47:07', '2015-08-12 18:26:22', 0),
	(237, 15, 'Kuldiga', 36.11, '2015-08-21 09:15:00', '00:00:00', '2015-08-09 14:47:07', '2015-08-12 18:26:22', 0),
	(238, 15, 'Ecorent', 7.80, '2015-08-21 09:30:00', '00:05:07', '2015-08-09 14:47:07', '2015-08-12 18:26:22', 0),
	(239, 15, 'Kuldiga 2', 36.11, '2015-08-21 09:45:00', '00:22:49', '2015-08-09 14:47:07', '2015-08-12 18:26:22', 0),
	(240, 15, 'Basi 2', 16.11, '2015-08-21 10:00:00', '00:00:00', '2015-08-09 14:47:07', '2015-08-12 18:26:22', 0),
	(241, 15, 'Podnieki', 11.37, '2015-08-21 10:15:00', '00:06:49', '2015-08-09 14:47:07', '2015-08-12 18:26:22', 0),
	(242, 15, 'Tebra', 12.70, '2015-08-21 10:30:00', '00:08:45', '2015-08-09 14:47:07', '2015-08-12 18:26:22', 0),
	(243, 15, 'Vecpils', 22.64, '2015-08-21 10:45:00', '00:15:53', '2015-08-09 14:47:07', '2015-08-12 18:26:22', 0),
	(244, 15, 'Podnieki 2', 11.37, '2015-08-21 11:00:00', '00:00:00', '2015-08-09 14:47:07', '2015-08-12 18:26:22', 0),
	(245, 15, 'Tebra 2', 12.70, '2015-08-21 11:15:00', '00:08:41', '2015-08-09 14:47:07', '2015-08-12 18:26:22', 0),
	(246, 15, 'Vecpils 2', 22.64, '2015-08-21 11:30:00', '00:15:45', '2015-08-09 14:47:07', '2015-08-12 18:26:22', 0),
	(247, 15, 'Liepaja special', 1.81, '2015-08-21 11:45:00', '00:01:03', '2015-08-09 14:47:07', '2015-08-12 18:26:22', 0),
	(248, 16, 'Bucks Head', 14.47, '2015-09-04 09:00:00', '00:09:19', '2015-08-09 18:29:55', '2015-08-12 18:26:22', 0),
	(249, 16, 'Hamilton\'s Folly', 16.40, '2015-09-04 09:15:00', '00:10:08', '2015-08-09 18:29:55', '2015-08-12 18:26:22', 0),
	(250, 16, 'Lough Henney', 10.42, '2015-09-04 09:30:00', '00:06:19', '2015-08-09 18:29:55', '2015-08-12 18:26:22', 0),
	(251, 16, 'Bucks Head 2', 14.47, '2015-09-04 09:45:00', '00:00:00', '2015-08-09 18:29:55', '2015-08-12 18:26:22', 0),
	(252, 16, 'Hamilton\'s Folly 2', 16.40, '2015-09-04 10:00:00', '00:09:36', '2015-08-09 18:29:56', '2015-08-12 18:26:22', 0),
	(253, 16, 'Lough Henry 2', 10.33, '2015-09-04 10:15:00', '00:07:11', '2015-08-09 18:29:56', '2015-08-12 18:26:22', 0),
	(254, 16, 'Newtownards TT', 1.63, '2015-09-04 10:30:00', '00:01:05', '2015-08-09 18:29:56', '2015-08-12 18:26:22', 0),
	(255, 16, 'Newtownards TT 2', 1.63, '2015-09-04 10:45:00', '00:01:01', '2015-08-09 18:29:56', '2015-08-12 18:26:22', 0),
	(256, 16, 'Bulls Brook', 13.21, '2015-09-04 11:00:00', '00:07:41', '2015-08-09 18:29:56', '2015-08-12 18:26:22', 0),
	(257, 16, 'McGaffins Corner', 26.16, '2015-09-04 11:15:00', '00:00:00', '2015-08-09 18:29:56', '2015-08-12 18:26:22', 0),
	(258, 16, 'Banbridge', 8.58, '2015-09-04 11:30:00', '00:05:13', '2015-08-09 18:29:56', '2015-08-12 18:26:22', 0),
	(259, 16, 'Gregoriough', 14.91, '2015-09-04 11:45:00', '00:09:32', '2015-08-09 18:29:56', '2015-08-12 18:26:22', 0),
	(260, 16, 'Lisburn', 1.78, '2015-09-04 12:00:00', '00:01:22', '2015-08-09 18:29:56', '2015-08-12 18:26:22', 0),
	(261, 16, 'Lisburn 2', 1.78, '2015-09-04 12:15:00', '00:01:13', '2015-08-09 18:29:56', '2015-08-12 18:26:22', 0),
	(262, 16, 'Bulls Brook 2', 13.21, '2015-09-04 12:30:00', '00:08:57', '2015-08-09 18:29:56', '2015-08-12 18:26:22', 0),
	(263, 16, 'McGaffins Corner 2', 26.16, '2015-09-04 12:45:00', '00:15:24', '2015-08-09 18:29:56', '2015-08-12 18:26:22', 0),
	(264, 16, 'Banbridge 2', 8.58, '2015-09-04 13:00:00', '00:00:00', '2015-08-09 18:29:56', '2015-08-12 18:26:22', 0),
	(265, 17, 'Grupo Marques', 3.34, '2015-09-25 09:00:00', '00:00:00', '2015-08-09 18:37:22', '2015-08-12 18:26:22', 0),
	(266, 17, 'Solucoes', 7.96, '2015-09-25 09:15:00', '00:00:00', '2015-08-09 18:37:23', '2015-08-12 18:26:22', 0),
	(267, 17, 'Vila Franca', 12.79, '2015-09-25 09:30:00', '00:07:05', '2015-08-09 18:37:23', '2015-08-12 18:26:22', 0),
	(268, 17, 'Lagoa Meo', 6.28, '2015-09-25 09:45:00', '00:00:00', '2015-08-09 18:37:23', '2015-08-12 18:26:22', 0),
	(269, 17, 'Pico da Pedra Golfe', 7.86, '2015-09-25 10:00:00', '00:04:57', '2015-08-09 18:37:23', '2015-08-12 18:26:22', 0),
	(270, 17, 'Feteiras', 7.88, '2015-09-25 10:15:00', '00:00:00', '2015-08-09 18:37:23', '2015-08-12 18:26:22', 0),
	(271, 17, 'Sete Cidades', 28.57, '2015-09-25 10:30:00', '00:00:00', '2015-08-09 18:37:23', '2015-08-12 18:26:22', 0),
	(272, 17, 'Lagoa Meo 2', 6.28, '2015-09-25 10:45:00', '00:04:13', '2015-08-09 18:37:23', '2015-08-12 18:26:22', 0),
	(273, 17, 'Pico da Pedra Golfe 2', 7.86, '2015-09-25 11:00:00', '00:05:41', '2015-08-09 18:37:23', '2015-08-12 18:26:22', 0),
	(274, 17, 'Feteiras 2', 7.88, '2015-09-25 11:15:00', '00:04:55', '2015-08-09 18:37:23', '2015-08-12 18:26:22', 0),
	(275, 17, 'Sete Cidades 2', 28.57, '2015-09-25 11:30:00', '00:16:05', '2015-08-09 18:37:23', '2015-08-12 18:26:22', 0),
	(276, 17, 'Graminhais', 20.84, '2015-09-25 11:45:00', '00:12:54', '2015-08-09 18:37:23', '2015-08-12 18:26:22', 0),
	(277, 17, 'Tronqueira', 21.68, '2015-09-25 12:00:00', '00:12:45', '2015-08-09 18:37:23', '2015-08-12 18:26:22', 0),
	(278, 17, 'Grupo Marques 2', 3.34, '2015-09-25 12:15:00', '00:02:17', '2015-08-09 18:37:23', '2015-08-12 18:26:22', 0),
	(279, 17, 'Vila Franca 2', 12.79, '2015-09-25 12:30:00', '00:08:05', '2015-08-09 18:37:23', '2015-08-12 18:26:22', 0),
	(280, 17, 'Graminhais 2', 20.84, '2015-09-25 12:45:00', '00:13:08', '2015-08-09 18:37:24', '2015-08-12 18:26:22', 0),
	(281, 17, 'Tronqueira 2', 21.68, '2015-09-25 13:00:00', '00:12:05', '2015-08-09 18:37:24', '2015-08-12 18:26:22', 0),
	(282, 18, 'Langemark', 12.57, '2015-08-20 09:00:00', '00:07:54', '2015-08-10 10:35:26', '2015-08-12 18:26:22', 0),
	(283, 18, 'Dikkebus', 14.73, '2015-08-20 09:15:00', '00:09:01', '2015-08-10 10:35:26', '2015-08-12 18:26:22', 0),
	(284, 18, 'Wijtschate', 13.43, '2015-08-20 09:30:00', '00:00:00', '2015-08-10 10:35:27', '2015-08-12 18:26:22', 0),
	(285, 18, 'Mesen', 7.80, '2015-08-20 09:45:00', '00:00:00', '2015-08-10 10:35:27', '2015-08-12 18:26:22', 0),
	(286, 18, 'Dikkebus 2', 14.73, '2015-08-20 10:00:00', '00:08:53', '2015-08-10 10:35:27', '2015-08-12 18:26:22', 0),
	(287, 18, 'Wijtschate 2', 13.43, '2015-08-20 10:15:00', '00:08:04', '2015-08-10 10:35:27', '2015-08-12 18:26:22', 0),
	(288, 18, 'Mesen 2', 7.80, '2015-08-20 10:30:00', '00:00:00', '2015-08-10 10:35:27', '2015-08-12 18:26:22', 0),
	(289, 18, 'Reninge', 14.22, '2015-08-20 10:45:00', '00:00:00', '2015-08-10 10:35:27', '2015-08-12 18:26:22', 0),
	(290, 18, 'Watou', 14.25, '2015-08-20 11:00:00', '00:00:00', '2015-08-10 10:35:27', '2015-08-12 18:26:22', 0),
	(291, 18, 'Westouter-Boeschepe', 19.34, '2015-08-20 11:15:00', '00:12:13', '2015-08-10 10:35:27', '2015-08-12 18:26:22', 0),
	(292, 18, 'Kemmelberg', 13.64, '2015-08-20 11:30:00', '00:09:32', '2015-08-10 10:35:27', '2015-08-12 18:26:22', 0),
	(293, 18, 'Hollebeket', 23.99, '2015-08-20 11:45:00', '00:14:36', '2015-08-10 10:35:27', '2015-08-12 18:26:22', 0),
	(294, 18, 'Reninge 2', 14.22, '2015-08-20 12:00:00', '00:09:28', '2015-08-10 10:35:27', '2015-08-12 18:26:22', 0),
	(295, 18, 'Watou 2', 14.25, '2015-08-20 12:15:00', '00:08:16', '2015-08-10 10:35:27', '2015-08-12 18:26:22', 0),
	(296, 18, 'Westouter-Boeschepe 2', 19.34, '2015-08-20 12:30:00', '00:11:44', '2015-08-10 10:35:27', '2015-08-12 18:26:22', 0),
	(297, 18, 'Kemmelberg 2', 13.64, '2015-08-20 12:45:00', '00:08:07', '2015-08-10 10:35:27', '2015-08-12 18:26:22', 0),
	(298, 18, 'Hollebeke 2', 23.15, '2015-08-20 13:00:00', '00:00:00', '2015-08-10 10:35:27', '2015-08-12 18:26:22', 0),
	(898, 54, 'Schuiferskapelle 2', 15.43, '2015-08-23 10:00:00', '00:10:49', '2015-08-10 15:38:49', '2015-08-12 18:26:22', 0),
	(897, 54, 'Poelberg', 7.41, '2015-08-23 09:45:00', '00:00:00', '2015-08-10 15:38:49', '2015-08-12 18:26:22', 0),
	(896, 54, 'Oosthoek', 8.97, '2015-08-23 09:30:00', '00:00:00', '2015-08-10 15:38:49', '2015-08-12 18:26:22', 0),
	(895, 54, 'Ondank', 9.75, '2015-08-23 09:15:00', '00:06:01', '2015-08-10 15:38:49', '2015-08-12 18:26:22', 0),
	(894, 54, 'Schuiferskapelle', 15.43, '2015-08-23 09:00:00', '00:00:00', '2015-08-10 15:38:49', '2015-08-12 18:26:22', 0),
	(893, 53, 'Kendal 3', 6.84, '2015-08-22 13:00:00', '00:00:00', '2015-08-10 15:36:16', '2015-08-12 18:26:22', 0),
	(892, 53, 'Bushy Park 2', 1.59, '2015-08-22 12:45:00', '00:01:02', '2015-08-10 15:36:16', '2015-08-12 18:26:22', 0),
	(891, 53, 'Malvern 2', 6.26, '2015-08-22 12:30:00', '00:00:00', '2015-08-10 15:36:16', '2015-08-12 18:26:22', 0),
	(890, 53, 'Kendal 2', 6.84, '2015-08-22 12:15:00', '00:00:00', '2015-08-10 15:36:16', '2015-08-12 18:26:22', 0),
	(889, 53, 'Bushy Park', 5.28, '2015-08-22 12:00:00', '00:03:37', '2015-08-10 15:36:16', '2015-08-12 18:26:22', 0),
	(888, 53, 'Malvern', 6.26, '2015-08-22 11:45:00', '00:00:00', '2015-08-10 15:36:16', '2015-08-12 18:26:22', 0),
	(887, 53, 'Kendal', 6.84, '2015-08-22 11:30:00', '00:00:00', '2015-08-10 15:36:16', '2015-08-12 18:26:22', 0),
	(886, 53, 'Spring Vale 3', 5.70, '2015-08-22 11:15:00', '00:00:00', '2015-08-10 15:36:16', '2015-08-12 18:26:22', 0),
	(885, 53, 'Canefield 3', 6.87, '2015-08-22 11:00:00', '00:04:03', '2015-08-10 15:36:16', '2015-08-12 18:26:22', 0),
	(884, 53, 'Sailor Gully 3', 4.94, '2015-08-22 10:45:00', '00:03:11', '2015-08-10 15:36:15', '2015-08-12 18:26:22', 0),
	(883, 53, 'Spring Vale 2', 5.21, '2015-08-22 10:30:00', '00:03:05', '2015-08-10 15:36:15', '2015-08-12 18:26:22', 0),
	(882, 53, 'Canefield 2', 6.87, '2015-08-22 10:15:00', '00:04:21', '2015-08-10 15:36:15', '2015-08-12 18:26:22', 0),
	(881, 53, 'Sailor Gully 2', 4.94, '2015-08-22 10:00:00', '00:03:11', '2015-08-10 15:36:15', '2015-08-12 18:26:22', 0),
	(880, 53, 'Spring Vale ', 4.71, '2015-08-22 09:45:00', '00:03:19', '2015-08-10 15:36:15', '2015-08-12 18:26:22', 0),
	(879, 53, 'Canefield', 6.87, '2015-08-22 09:30:00', '00:04:06', '2015-08-10 15:36:15', '2015-08-12 18:26:22', 0),
	(878, 53, 'Sailor Gully', 4.94, '2015-08-22 09:15:00', '00:03:38', '2015-08-10 15:36:15', '2015-08-12 18:26:22', 0),
	(877, 53, 'Bushy Park', 1.59, '2015-08-22 09:00:00', '00:01:03', '2015-08-10 15:36:15', '2015-08-12 18:26:22', 0),
	(875, 52, 'Dechantskirchen 3', 9.61, '2015-08-23 12:45:00', '00:06:43', '2015-08-10 15:30:11', '2015-08-12 18:26:22', 0),
	(874, 52, 'Sinnersdorf 3', 8.34, '2015-08-23 12:30:00', '00:00:00', '2015-08-10 15:30:11', '2015-08-12 18:26:22', 0),
	(873, 52, 'Rohrbach 3', 6.68, '2015-08-23 12:15:00', '00:04:44', '2015-08-10 15:30:11', '2015-08-12 18:26:22', 0),
	(872, 52, 'Pinggau 3', 12.57, '2015-08-23 12:00:00', '00:00:00', '2015-08-10 15:30:11', '2015-08-12 18:26:22', 0),
	(871, 52, 'Pinggau Lang 2', 32.58, '2015-08-23 11:45:00', '00:19:33', '2015-08-10 15:30:11', '2015-08-12 18:26:22', 0),
	(870, 52, 'Haideggendorf 2', 8.78, '2015-08-23 11:30:00', '00:00:00', '2015-08-10 15:30:11', '2015-08-12 18:26:22', 0),
	(869, 52, 'Pinggau Lang', 32.58, '2015-08-23 11:15:00', '00:00:00', '2015-08-10 15:30:11', '2015-08-12 18:26:22', 0),
	(868, 52, 'Haideggendorf', 8.78, '2015-08-23 11:00:00', '00:05:26', '2015-08-10 15:30:10', '2015-08-12 18:26:22', 0),
	(867, 52, 'Dechantskirchen 2', 9.61, '2015-08-23 10:45:00', '00:06:12', '2015-08-10 15:30:10', '2015-08-12 18:26:22', 0),
	(866, 52, 'Sinnersdorf 2', 8.34, '2015-08-23 10:30:00', '00:05:49', '2015-08-10 15:30:10', '2015-08-12 18:26:22', 0),
	(865, 52, 'Dechantskirchen', 9.61, '2015-08-23 10:15:00', '00:00:00', '2015-08-10 15:30:10', '2015-08-12 18:26:22', 0),
	(864, 52, 'Sinnersdorf', 8.34, '2015-08-23 10:00:00', '00:00:00', '2015-08-10 15:30:10', '2015-08-12 18:26:22', 0),
	(863, 52, 'Rohrbach 2', 6.68, '2015-08-23 09:45:00', '00:04:13', '2015-08-10 15:30:10', '2015-08-12 18:26:22', 0),
	(862, 52, 'Pinggau 2', 12.57, '2015-08-23 09:30:00', '00:00:00', '2015-08-10 15:30:10', '2015-08-12 18:26:22', 0),
	(861, 52, 'Rohrbach', 6.68, '2015-08-23 09:15:00', '00:04:13', '2015-08-10 15:30:10', '2015-08-12 18:26:22', 0),
	(860, 52, 'Pinggau', 12.57, '2015-08-23 09:00:00', '00:08:47', '2015-08-10 15:30:10', '2015-08-12 18:26:22', 0),
	(856, 51, 'Ristilampi', 49.26, '2015-08-28 12:15:00', '00:00:00', '2015-08-10 15:24:02', '2015-08-12 18:26:22', 0),
	(855, 51, 'Heinunkierto 2', 23.37, '2015-08-28 12:00:00', '00:15:35', '2015-08-10 15:24:02', '2015-08-12 18:26:22', 0),
	(854, 51, 'Sarriojarvi 2', 36.22, '2015-08-28 11:45:00', '00:20:46', '2015-08-10 15:24:02', '2015-08-12 18:26:22', 0),
	(853, 51, 'Hanhikoski 2', 32.86, '2015-08-28 11:30:00', '00:21:47', '2015-08-10 15:24:02', '2015-08-12 18:26:22', 0),
	(852, 51, 'Ristilampi', 49.63, '2015-08-28 11:15:00', '00:28:41', '2015-08-10 15:24:02', '2015-08-12 18:26:22', 0),
	(851, 51, 'Heinunkierto', 23.37, '2015-08-28 11:00:00', '00:00:00', '2015-08-10 15:24:02', '2015-08-12 18:26:22', 0),
	(850, 51, 'Mantyvaara 3', 3.63, '2015-08-28 10:45:00', '00:02:43', '2015-08-10 15:24:02', '2015-08-12 18:26:22', 0),
	(849, 51, 'Sarriojarvi', 36.22, '2015-08-28 10:30:00', '00:22:16', '2015-08-10 15:24:02', '2015-08-12 18:26:22', 0),
	(848, 51, 'Hanhikoski', 32.86, '2015-08-28 10:15:00', '00:20:24', '2015-08-10 15:24:02', '2015-08-12 18:26:22', 0),
	(847, 51, 'Mantyvaara 2', 3.63, '2015-08-28 10:00:00', '00:02:11', '2015-08-10 15:24:02', '2015-08-12 18:26:22', 0),
	(846, 51, 'Jyrhamajarvi', 29.14, '2015-08-28 09:45:00', '00:00:00', '2015-08-10 15:24:02', '2015-08-12 18:26:22', 0),
	(845, 51, 'Siikakama', 38.32, '2015-08-28 09:30:00', '00:24:29', '2015-08-10 15:24:02', '2015-08-12 18:26:22', 0),
	(844, 51, 'Aittajarvi', 24.79, '2015-08-28 09:15:00', '00:00:00', '2015-08-10 15:24:01', '2015-08-12 18:26:22', 0),
	(843, 51, 'Mantyvaara', 3.63, '2015-08-28 09:00:00', '00:02:33', '2015-08-10 15:24:01', '2015-08-12 18:26:22', 0),
	(840, 50, 'Arlifoss 3', 8.95, '2015-08-21 12:30:00', '00:05:03', '2015-08-10 15:21:50', '2015-08-12 18:26:22', 0),
	(839, 50, 'Liangrenna 3', 5.75, '2015-08-21 12:15:00', '00:03:07', '2015-08-10 15:21:50', '2015-08-12 18:26:22', 0),
	(838, 50, 'Klevarsida 3', 6.22, '2015-08-21 12:00:00', '00:00:00', '2015-08-10 15:21:50', '2015-08-12 18:26:22', 0),
	(837, 50, 'Darstul 3', 7.71, '2015-08-21 11:45:00', '00:04:59', '2015-08-10 15:21:50', '2015-08-12 18:26:22', 0),
	(836, 50, 'Elgsjo 3', 6.57, '2015-08-21 11:30:00', '00:04:34', '2015-08-10 15:21:50', '2015-08-12 18:26:22', 0),
	(835, 50, 'Arlifoss 2', 8.69, '2015-08-21 11:15:00', '00:00:00', '2015-08-10 15:21:50', '2015-08-12 18:26:22', 0),
	(834, 50, 'Liangrenna 2', 5.75, '2015-08-21 11:00:00', '00:03:41', '2015-08-10 15:21:50', '2015-08-12 18:26:22', 0),
	(833, 50, 'Arlifoss ', 8.97, '2015-08-21 10:45:00', '00:05:14', '2015-08-10 15:21:50', '2015-08-12 18:26:22', 0),
	(832, 50, 'Liangrenna', 5.75, '2015-08-21 10:30:00', '00:03:48', '2015-08-10 15:21:50', '2015-08-12 18:26:22', 0),
	(831, 50, 'Klevarsida 2', 6.22, '2015-08-21 10:15:00', '00:00:00', '2015-08-10 15:21:50', '2015-08-12 18:26:22', 0),
	(830, 50, 'Darstul 2', 7.71, '2015-08-21 10:00:00', '00:00:00', '2015-08-10 15:21:50', '2015-08-12 18:26:22', 0),
	(829, 50, 'Elgsjo 2', 6.57, '2015-08-21 09:45:00', '00:04:04', '2015-08-10 15:21:50', '2015-08-12 18:26:22', 0),
	(828, 50, 'Klevarsida', 6.22, '2015-08-21 09:30:00', '00:04:07', '2015-08-10 15:21:50', '2015-08-12 18:26:22', 0),
	(827, 50, 'Darstul', 7.71, '2015-08-21 09:15:00', '00:04:08', '2015-08-10 15:21:49', '2015-08-12 18:26:22', 0),
	(826, 50, 'Elgsjo', 6.57, '2015-08-21 09:00:00', '00:04:12', '2015-08-10 15:21:49', '2015-08-12 18:26:22', 0),
	(822, 49, 'Hoye 2', 9.92, '2015-08-20 12:15:00', '00:06:03', '2015-08-10 15:12:08', '2015-08-12 18:26:22', 0),
	(821, 49, 'Steinsland 2', 11.72, '2015-08-20 12:00:00', '00:07:34', '2015-08-10 15:12:08', '2015-08-12 18:26:22', 0),
	(820, 49, 'Gumpens 2', 19.16, '2015-08-20 11:45:00', '00:00:00', '2015-08-10 15:12:08', '2015-08-12 18:26:22', 0),
	(819, 49, 'Solas 2', 31.22, '2015-08-20 11:30:00', '00:19:31', '2015-08-10 15:12:08', '2015-08-12 18:26:22', 0),
	(818, 49, 'Jabekk 2', 4.18, '2015-08-20 11:15:00', '00:00:00', '2015-08-10 15:12:07', '2015-08-12 18:26:22', 0),
	(817, 49, 'Lindland', 25.94, '2015-08-20 11:00:00', '00:00:00', '2015-08-10 15:12:07', '2015-08-12 18:26:22', 0),
	(816, 49, 'Hoye', 9.92, '2015-08-20 10:45:00', '00:00:00', '2015-08-10 15:12:07', '2015-08-12 18:26:22', 0),
	(815, 49, 'Jabekk', 4.18, '2015-08-20 10:30:00', '00:02:04', '2015-08-10 15:12:07', '2015-08-12 18:26:22', 0),
	(814, 49, 'Steinsland', 11.72, '2015-08-20 10:15:00', '00:00:00', '2015-08-10 15:12:07', '2015-08-12 18:26:22', 0),
	(813, 49, 'Gumpens', 19.16, '2015-08-20 10:00:00', '00:13:01', '2015-08-10 15:12:07', '2015-08-12 18:26:22', 0),
	(812, 49, 'Solas', 31.22, '2015-08-20 09:45:00', '00:20:18', '2015-08-10 15:12:07', '2015-08-12 18:26:22', 0),
	(811, 49, 'Arstol', 17.91, '2015-08-20 09:30:00', '00:11:46', '2015-08-10 15:12:07', '2015-08-12 18:24:57', 0),
	(810, 49, 'Tranehoyda', 12.31, '2015-08-20 09:15:00', '00:00:00', '2015-08-10 15:12:07', '2015-08-12 18:26:22', 0),
	(809, 49, 'Skoieheia', 3.52, '2015-08-20 09:00:00', '00:02:37', '2015-08-10 15:12:07', '2015-08-12 18:26:22', 0),
	(418, 26, 'Tartu City', 1.31, '2015-08-22 09:00:00', '00:00:00', '2015-08-10 10:51:22', '2015-08-12 18:26:22', 0),
	(419, 26, 'Arula', 8.33, '2015-08-22 09:15:00', '00:00:00', '2015-08-10 10:51:22', '2015-08-12 18:26:22', 0),
	(420, 26, 'Urvaste', 14.14, '2015-08-22 09:30:00', '00:00:00', '2015-08-10 10:51:22', '2015-08-12 18:26:22', 0),
	(421, 26, 'Raiga', 9.84, '2015-08-22 09:45:00', '00:06:57', '2015-08-10 10:51:22', '2015-08-12 18:26:22', 0),
	(422, 26, 'Ristimae', 34.69, '2015-08-22 10:00:00', '00:22:08', '2015-08-10 10:51:22', '2015-08-12 18:26:22', 0),
	(423, 26, 'Ristimae 2', 34.69, '2015-08-22 10:15:00', '00:00:00', '2015-08-10 10:51:22', '2015-08-12 18:26:22', 0),
	(424, 26, 'Raiga 2', 9.84, '2015-08-22 10:30:00', '00:00:00', '2015-08-10 10:51:22', '2015-08-12 18:26:22', 0),
	(425, 26, 'Elva', 1.94, '2015-08-22 10:45:00', '00:01:11', '2015-08-10 10:51:23', '2015-08-12 18:26:22', 0),
	(426, 26, 'Vissi', 13.41, '2015-08-22 11:00:00', '00:00:00', '2015-08-10 10:51:23', '2015-08-12 18:26:22', 0),
	(427, 26, 'Sulaoja', 7.19, '2015-08-22 11:15:00', '00:04:22', '2015-08-10 10:51:23', '2015-08-12 18:26:22', 0),
	(428, 26, 'Alakula', 11.72, '2015-08-22 11:30:00', '00:00:00', '2015-08-10 10:51:23', '2015-08-12 18:26:22', 0),
	(429, 26, 'Vissi 2', 13.41, '2015-08-22 11:45:00', '00:07:52', '2015-08-10 10:51:23', '2015-08-12 18:26:22', 0),
	(430, 26, 'Sulaoja 2', 7.19, '2015-08-22 12:00:00', '00:00:00', '2015-08-10 10:51:23', '2015-08-12 18:26:22', 0),
	(431, 26, 'Alakula 2', 11.72, '2015-08-22 12:15:00', '00:00:00', '2015-08-10 10:51:23', '2015-08-12 18:26:22', 0),
	(432, 26, 'Arula 2', 8.33, '2015-08-22 12:30:00', '00:00:00', '2015-08-10 10:51:23', '2015-08-12 18:26:22', 0),
	(433, 26, 'Urwaste 2', 14.60, '2015-08-22 12:45:00', '00:08:06', '2015-08-10 10:51:23', '2015-08-12 18:26:22', 0),
	(435, 27, 'Super Stage Zlin', 9.42, '2015-08-19 09:00:00', '00:06:47', '2015-08-10 10:54:48', '2015-08-12 18:26:22', 0),
	(436, 27, 'Slusovice', 16.88, '2015-08-19 09:15:00', '00:00:00', '2015-08-10 10:54:48', '2015-08-12 18:26:22', 0),
	(437, 27, 'Pindula', 18.70, '2015-08-19 09:30:00', '00:00:00', '2015-08-10 10:54:48', '2015-08-12 18:26:22', 0),
	(438, 27, 'Majak', 13.56, '2015-08-19 09:45:00', '00:09:02', '2015-08-10 10:54:49', '2015-08-12 18:26:22', 0),
	(439, 27, 'Kudlovice', 17.43, '2015-08-19 10:00:00', '00:00:00', '2015-08-10 10:54:49', '2015-08-12 18:26:22', 0),
	(440, 27, 'Slusovice 2', 16.88, '2015-08-19 10:15:00', '00:00:00', '2015-08-10 10:54:49', '2015-08-12 18:26:22', 0),
	(441, 27, 'Pindula 2', 18.70, '2015-08-19 10:30:00', '00:11:09', '2015-08-10 10:54:49', '2015-08-12 18:26:22', 0),
	(442, 27, 'Majak 2', 13.56, '2015-08-19 10:45:00', '00:08:56', '2015-08-10 10:54:49', '2015-08-12 18:26:22', 0),
	(443, 27, 'Kudlovice 2', 17.43, '2015-08-19 11:00:00', '00:11:01', '2015-08-10 10:54:49', '2015-08-12 18:26:22', 0),
	(444, 27, 'Semetin', 11.38, '2015-08-19 11:15:00', '00:07:06', '2015-08-10 10:54:49', '2015-08-12 18:26:22', 0),
	(445, 27, 'Trojak', 23.76, '2015-08-19 11:30:00', '00:14:23', '2015-08-10 10:54:49', '2015-08-12 18:26:22', 0),
	(446, 27, 'Zlutava', 8.12, '2015-08-19 11:45:00', '00:05:32', '2015-08-10 10:54:49', '2015-08-12 18:26:22', 0),
	(447, 27, 'Semestin 2', 11.89, '2015-08-19 12:00:00', '00:07:14', '2015-08-10 10:54:49', '2015-08-12 18:26:22', 0),
	(448, 27, 'Trojak 2', 23.76, '2015-08-19 12:15:00', '00:16:17', '2015-08-10 10:54:49', '2015-08-12 18:26:22', 0),
	(449, 27, 'Zlutava 2', 8.12, '2015-08-19 12:30:00', '00:00:00', '2015-08-10 10:54:49', '2015-08-12 18:26:22', 0),
	(452, 28, 'Asfalistiki', 5.13, '2015-08-18 09:00:00', '00:03:16', '2015-08-10 10:57:37', '2015-08-12 18:26:22', 0),
	(453, 28, 'Kotsiatis', 15.16, '2015-08-18 09:15:00', '00:09:43', '2015-08-10 10:57:37', '2015-08-12 18:26:22', 0),
	(454, 28, 'Lythrodontas', 21.28, '2015-08-18 09:30:00', '00:00:00', '2015-08-10 10:57:37', '2015-08-12 18:26:22', 0),
	(455, 28, 'Lefkara', 17.67, '2015-08-18 09:45:00', '00:10:22', '2015-08-10 10:57:37', '2015-08-12 18:26:22', 0),
	(456, 28, 'Klavdia', 11.69, '2015-08-18 10:00:00', '00:00:00', '2015-08-10 10:57:37', '2015-08-12 18:26:22', 0),
	(457, 28, 'Tseri', 14.25, '2015-08-18 10:15:00', '00:00:00', '2015-08-10 10:57:37', '2015-08-12 18:26:22', 0),
	(458, 28, 'Asinou', 11.46, '2015-08-18 10:30:00', '00:00:00', '2015-08-10 10:57:37', '2015-08-12 18:26:22', 0),
	(459, 28, 'Xerarkaka', 21.61, '2015-08-18 10:45:00', '00:00:00', '2015-08-10 10:57:37', '2015-08-12 18:26:22', 0),
	(460, 28, 'Tseri 2', 14.25, '2015-08-18 11:00:00', '00:08:34', '2015-08-10 10:57:37', '2015-08-12 18:26:22', 0),
	(461, 28, 'Asinou 2', 11.46, '2015-08-18 11:15:00', '00:07:21', '2015-08-10 10:57:37', '2015-08-12 18:26:22', 0),
	(462, 28, 'Xerarkaka 2', 21.61, '2015-08-18 11:30:00', '00:13:09', '2015-08-10 10:57:37', '2015-08-12 18:26:22', 0),
	(463, 28, 'Kotsiatis 2', 15.16, '2015-08-18 11:45:00', '00:00:00', '2015-08-10 10:57:38', '2015-08-12 18:26:22', 0),
	(464, 28, 'Lythrodontas 2', 21.28, '2015-08-18 12:00:00', '00:00:00', '2015-08-10 10:57:38', '2015-08-12 18:26:22', 0),
	(465, 28, 'Lefkara 2', 17.67, '2015-08-18 12:15:00', '00:00:00', '2015-08-10 10:57:38', '2015-08-12 18:26:22', 0),
	(466, 28, 'Klavdia 2', 11.69, '2015-08-18 12:30:00', '00:07:23', '2015-08-10 10:57:38', '2015-08-12 18:26:22', 0),
	(469, 29, 'Aghios Ioannis', 21.66, '2015-08-05 09:00:00', '00:12:53', '2015-08-10 11:00:38', '2015-08-12 18:26:22', 1),
	(470, 29, 'Aghionori', 23.52, '2015-08-05 09:15:00', '00:00:00', '2015-08-10 11:00:38', '2015-08-12 18:26:22', 1),
	(471, 29, 'Psari', 17.44, '2015-08-05 09:30:00', '00:00:00', '2015-08-10 11:00:38', '2015-08-12 18:26:22', 1),
	(472, 29, 'Aghios Ioannis 2', 21.66, '2015-08-05 09:45:00', '00:00:00', '2015-08-10 11:00:38', '2015-08-12 18:26:22', 1),
	(473, 29, 'Aghionori 2', 23.52, '2015-08-05 10:00:00', '00:14:21', '2015-08-10 11:00:38', '2015-08-12 18:26:22', 1),
	(474, 29, 'Psari 2', 17.44, '2015-08-05 10:15:00', '00:10:01', '2015-08-10 11:00:38', '2015-08-12 18:26:22', 1),
	(475, 29, 'Klenia', 18.16, '2015-08-05 10:30:00', '00:00:00', '2015-08-10 11:00:39', '2015-08-12 18:26:22', 1),
	(476, 29, 'Nea Kineta', 22.39, '2015-08-05 10:45:00', '00:14:09', '2015-08-10 11:00:39', '2015-08-12 18:26:22', 1),
	(477, 29, 'Loutraki', 16.45, '2015-08-05 11:00:00', '00:11:34', '2015-08-10 11:00:39', '2015-08-12 18:26:22', 1),
	(478, 29, 'Klenia 2', 18.16, '2015-08-05 11:15:00', '00:10:25', '2015-08-10 11:00:39', '2015-08-12 18:26:22', 1),
	(479, 29, 'Nea Kineta 2', 22.39, '2015-08-05 11:30:00', '00:12:08', '2015-08-10 11:00:39', '2015-08-12 18:26:22', 1),
	(480, 29, 'Loutraki 2', 16.45, '2015-08-05 11:45:00', '00:11:32', '2015-08-10 11:00:39', '2015-08-12 18:26:22', 1),
	(481, 29, 'Klenia 3', 18.16, '2015-08-05 12:00:00', '00:10:55', '2015-08-10 11:00:39', '2015-08-12 18:26:22', 1),
	(482, 29, 'Nea Kineta 3', 22.39, '2015-08-05 12:15:00', '00:14:28', '2015-08-10 11:00:39', '2015-08-12 18:26:22', 1),
	(483, 29, 'Loutraki 3', 16.45, '2015-08-05 12:30:00', '00:10:06', '2015-08-10 11:00:39', '2015-08-12 18:26:22', 1),
	(486, 30, 'Leukerbad', 8.76, '2015-08-20 09:00:00', '00:06:00', '2015-08-10 11:04:16', '2015-08-12 18:26:22', 0),
	(487, 30, 'Crans - Montana', 11.66, '2015-08-20 09:15:00', '00:06:08', '2015-08-10 11:04:17', '2015-08-12 18:26:22', 0),
	(488, 30, 'Anzere', 12.89, '2015-08-20 09:30:00', '00:08:31', '2015-08-10 11:04:17', '2015-08-12 18:26:22', 0),
	(489, 30, 'Sierre - Anniviers', 14.36, '2015-08-20 09:45:00', '00:00:00', '2015-08-10 11:04:17', '2015-08-12 18:26:22', 0),
	(490, 30, 'Veysonnaz', 13.11, '2015-08-20 10:00:00', '00:08:57', '2015-08-10 11:04:17', '2015-08-12 18:26:22', 0),
	(491, 30, 'Nendaz', 12.63, '2015-08-20 10:15:00', '00:00:00', '2015-08-10 11:04:17', '2015-08-12 18:26:22', 0),
	(492, 30, 'Caserne', 6.43, '2015-08-20 10:30:00', '00:00:00', '2015-08-10 11:04:17', '2015-08-12 18:26:22', 0),
	(493, 30, 'Sierre - Anniviers 2', 14.36, '2015-08-20 10:45:00', '00:08:47', '2015-08-10 11:04:17', '2015-08-12 18:26:22', 0),
	(494, 30, 'Veysonnaz 2', 13.11, '2015-08-20 11:00:00', '00:08:09', '2015-08-10 11:04:17', '2015-08-12 18:26:22', 0),
	(495, 30, 'Nendaz 2', 12.63, '2015-08-20 11:15:00', '00:07:51', '2015-08-10 11:04:17', '2015-08-12 18:26:22', 0),
	(496, 30, 'Caserne 2', 6.43, '2015-08-20 11:30:00', '00:00:00', '2015-08-10 11:04:17', '2015-08-12 18:26:22', 0),
	(497, 30, 'Champex - Lac', 16.63, '2015-08-20 11:45:00', '00:10:31', '2015-08-10 11:04:17', '2015-08-12 18:26:22', 0),
	(498, 30, 'Bruson', 10.35, '2015-08-20 12:00:00', '00:06:37', '2015-08-10 11:04:17', '2015-08-12 18:26:22', 0),
	(499, 30, 'Verbier', 15.92, '2015-08-20 12:15:00', '00:00:00', '2015-08-10 11:04:17', '2015-08-12 18:26:22', 0),
	(500, 30, 'Les Cols', 32.86, '2015-08-20 12:30:00', '00:20:26', '2015-08-10 11:04:17', '2015-08-12 18:26:22', 0),
	(501, 30, 'Champex - Lac 2', 16.63, '2015-08-20 12:45:00', '00:00:00', '2015-08-10 11:04:18', '2015-08-12 18:26:22', 0),
	(502, 30, 'Bruson 2', 10.35, '2015-08-20 13:00:00', '00:07:04', '2015-08-10 11:04:18', '2015-08-12 18:26:22', 0),
	(503, 31, 'Jodlowka', 18.52, '2015-08-20 09:00:00', '00:12:14', '2015-08-10 11:11:05', '2015-08-12 18:26:22', 0),
	(504, 31, 'Hucisko', 12.33, '2015-08-20 09:15:00', '00:08:08', '2015-08-10 11:11:05', '2015-08-12 18:26:22', 0),
	(505, 31, 'Jodlowka 2', 18.52, '2015-08-20 09:30:00', '00:00:00', '2015-08-10 11:11:05', '2015-08-12 18:26:22', 0),
	(506, 31, 'Hucisko 2', 12.33, '2015-08-20 09:45:00', '00:07:11', '2015-08-10 11:11:05', '2015-08-12 18:26:22', 0),
	(507, 31, 'Przemysl', 9.62, '2015-08-20 10:00:00', '00:05:04', '2015-08-10 11:11:05', '2015-08-12 18:26:22', 0),
	(508, 31, 'Przemysl 2', 9.62, '2015-08-20 10:15:00', '00:05:42', '2015-08-10 11:11:05', '2015-08-12 18:26:22', 0),
	(509, 31, 'Leszczawka', 9.23, '2015-08-20 10:30:00', '00:06:01', '2015-08-10 11:11:05', '2015-08-12 18:26:22', 0),
	(510, 31, 'Huta Brzuska', 8.82, '2015-08-20 10:45:00', '00:05:44', '2015-08-10 11:11:05', '2015-08-12 18:26:22', 0),
	(511, 31, 'Bircza', 15.63, '2015-08-20 11:00:00', '00:00:00', '2015-08-10 11:11:05', '2015-08-12 18:26:22', 0),
	(512, 31, 'Leszczawka 2', 9.23, '2015-08-20 11:15:00', '00:06:17', '2015-08-10 11:11:06', '2015-08-12 18:26:22', 0),
	(513, 31, 'Huta Brzuska 2', 8.82, '2015-08-20 11:30:00', '00:05:58', '2015-08-10 11:11:06', '2015-08-12 18:26:22', 0),
	(514, 31, 'Bircza 2', 15.63, '2015-08-20 11:45:00', '00:10:02', '2015-08-10 11:11:06', '2015-08-12 18:26:22', 0),
	(515, 31, 'Leszczawka 3', 9.23, '2015-08-20 12:00:00', '00:06:18', '2015-08-10 11:11:06', '2015-08-12 18:26:22', 0),
	(516, 31, 'Huta Brzuska 3', 8.82, '2015-08-20 12:15:00', '00:00:00', '2015-08-10 11:11:06', '2015-08-12 18:26:22', 0),
	(517, 31, 'Bircza 3', 15.63, '2015-08-20 12:30:00', '00:00:00', '2015-08-10 11:11:06', '2015-08-12 18:26:22', 0),
	(520, 32, 'Klodzko', 2.94, '2015-08-12 09:00:00', '00:00:00', '2015-08-10 11:14:37', '2015-08-12 18:26:22', 1),
	(521, 32, 'Klodzko 2', 2.94, '2015-08-12 09:15:00', '00:01:08', '2015-08-10 11:14:38', '2015-08-12 18:26:22', 1),
	(522, 32, 'Domaszkow', 23.65, '2015-08-12 09:30:00', '00:00:00', '2015-08-10 11:14:38', '2015-08-12 18:26:22', 1),
	(523, 32, 'Wilkanow', 17.89, '2015-08-12 09:45:00', '00:12:25', '2015-08-10 11:14:38', '2015-08-12 18:26:22', 1),
	(524, 32, 'Domaszkow 2', 23.65, '2015-08-12 10:00:00', '00:00:00', '2015-08-10 11:14:38', '2015-08-12 18:26:22', 1),
	(525, 32, 'Wilkanow 2', 17.89, '2015-08-12 10:15:00', '00:11:04', '2015-08-10 11:14:38', '2015-08-12 18:26:22', 1),
	(526, 32, 'Staropolanka', 14.96, '2015-08-12 10:30:00', '00:00:00', '2015-08-10 11:14:38', '2015-08-12 18:26:22', 1),
	(527, 32, 'BGK', 14.38, '2015-08-12 10:45:00', '00:09:35', '2015-08-10 11:14:38', '2015-08-12 18:26:22', 1),
	(528, 32, 'Radkowska Perla', 9.43, '2015-08-12 11:00:00', '00:00:00', '2015-08-10 11:14:38', '2015-08-12 18:26:22', 1),
	(529, 32, 'Staropolanka 2', 14.96, '2015-08-12 11:15:00', '00:00:00', '2015-08-10 11:14:38', '2015-08-12 18:26:22', 1),
	(530, 32, 'BGK 2', 14.38, '2015-08-12 11:30:00', '00:09:22', '2015-08-10 11:14:38', '2015-08-12 18:26:22', 1),
	(531, 32, 'Radkowska Perla 2', 9.43, '2015-08-12 11:45:00', '00:00:00', '2015-08-10 11:14:38', '2015-08-12 18:26:22', 1),
	(532, 32, 'Staropolanka 3', 14.96, '2015-08-12 12:00:00', '00:08:05', '2015-08-10 11:14:38', '2015-08-12 18:26:22', 1),
	(533, 32, 'BGK 3', 14.38, '2015-08-12 12:15:00', '00:08:28', '2015-08-10 11:14:38', '2015-08-12 18:26:22', 1),
	(534, 32, 'Radkowska Perla 3', 9.43, '2015-08-12 12:30:00', '00:00:00', '2015-08-10 11:14:38', '2015-08-12 18:26:22', 1),
	(537, 33, 'Zabobrze', 2.38, '2015-08-24 09:00:00', '00:01:06', '2015-08-10 11:21:17', '2015-08-12 18:26:22', 0),
	(538, 33, 'Zabobrze 2', 2.38, '2015-08-24 09:15:00', '00:01:39', '2015-08-10 11:21:17', '2015-08-12 18:26:22', 0),
	(539, 33, 'Karpniki', 14.72, '2015-08-24 09:30:00', '00:09:16', '2015-08-10 11:21:17', '2015-08-12 18:26:22', 0),
	(540, 33, 'Gajowka', 12.93, '2015-08-24 09:45:00', '00:00:00', '2015-08-10 11:21:17', '2015-08-12 18:26:22', 0),
	(541, 33, 'Lubomierz', 12.60, '2015-08-24 10:00:00', '00:00:00', '2015-08-10 11:21:17', '2015-08-12 18:26:22', 0),
	(542, 33, 'Karpniki 2', 14.72, '2015-08-24 10:15:00', '00:00:00', '2015-08-10 11:21:17', '2015-08-12 18:26:22', 0),
	(543, 33, 'Gajowka 2', 12.93, '2015-08-24 10:30:00', '00:07:05', '2015-08-10 11:21:17', '2015-08-12 18:26:22', 0),
	(544, 33, 'Lubomierz 2', 12.60, '2015-08-24 10:45:00', '00:00:00', '2015-08-10 11:21:17', '2015-08-12 18:26:22', 0),
	(545, 33, 'Karpacz', 19.63, '2015-08-24 11:00:00', '00:12:14', '2015-08-10 11:21:17', '2015-08-12 18:26:22', 0),
	(546, 33, 'Czernica', 27.24, '2015-08-24 11:15:00', '00:17:55', '2015-08-10 11:21:18', '2015-08-12 18:26:22', 0),
	(547, 33, 'Karpacz 2', 19.63, '2015-08-24 11:30:00', '00:12:28', '2015-08-10 11:21:18', '2015-08-12 18:26:22', 0),
	(548, 33, 'Czernica 2', 27.24, '2015-08-24 11:45:00', '00:16:44', '2015-08-10 11:21:18', '2015-08-12 18:26:22', 0),
	(549, 33, 'Karpacz 3', 19.63, '2015-08-24 12:00:00', '00:13:03', '2015-08-10 11:21:18', '2015-08-12 18:26:22', 0),
	(550, 33, 'Czernica 3', 27.24, '2015-08-24 12:15:00', '00:16:58', '2015-08-10 11:21:18', '2015-08-12 18:26:22', 0),
	(554, 34, 'Lebno', 14.27, '2015-08-19 09:00:00', '00:08:55', '2015-08-10 11:25:24', '2015-08-12 18:26:22', 0),
	(555, 34, 'Ketrzyno', 8.89, '2015-08-19 09:15:00', '00:05:44', '2015-08-10 11:25:24', '2015-08-12 18:26:22', 0),
	(556, 34, 'Linia', 14.89, '2015-08-19 09:30:00', '00:08:38', '2015-08-10 11:25:24', '2015-08-12 18:26:22', 0),
	(557, 34, 'Lebno 2', 14.27, '2015-08-19 09:45:00', '00:09:04', '2015-08-10 11:25:24', '2015-08-12 18:26:22', 0),
	(558, 34, 'Ketrzyno 2', 8.89, '2015-08-19 10:00:00', '00:05:09', '2015-08-10 11:25:24', '2015-08-12 18:26:22', 0),
	(559, 34, 'Linia 2', 14.89, '2015-08-19 10:15:00', '00:09:29', '2015-08-10 11:25:24', '2015-08-12 18:26:22', 0),
	(560, 34, 'Lebno 3', 14.27, '2015-08-19 10:30:00', '00:09:57', '2015-08-10 11:25:24', '2015-08-12 18:26:22', 0),
	(561, 34, 'Ketrzyno 3', 8.89, '2015-08-19 10:45:00', '00:05:15', '2015-08-10 11:25:25', '2015-08-12 18:26:22', 0),
	(562, 34, 'Linia 3', 14.89, '2015-08-19 11:00:00', '00:09:06', '2015-08-10 11:25:25', '2015-08-12 18:26:22', 0),
	(563, 34, 'Przodkowo', 11.47, '2015-08-19 11:15:00', '00:07:00', '2015-08-10 11:25:25', '2015-08-12 18:26:22', 0),
	(564, 34, 'Kartuzy', 12.96, '2015-08-19 11:30:00', '00:07:34', '2015-08-10 11:25:25', '2015-08-12 18:26:22', 0),
	(565, 34, 'Szemud', 13.25, '2015-08-19 11:45:00', '00:08:03', '2015-08-10 11:25:25', '2015-08-12 18:26:22', 0),
	(566, 34, 'Przodkowo 2', 11.47, '2015-08-19 12:00:00', '00:07:17', '2015-08-10 11:25:25', '2015-08-12 18:26:22', 0),
	(567, 34, 'Kartuzy 2', 12.96, '2015-08-19 12:15:00', '00:08:53', '2015-08-10 11:25:25', '2015-08-12 18:26:22', 0),
	(568, 34, 'Szemud 2', 13.25, '2015-08-19 12:30:00', '00:08:44', '2015-08-10 11:25:25', '2015-08-12 18:26:22', 0),
	(571, 35, 'Blizianka', 11.97, '2015-08-20 09:00:00', '00:00:00', '2015-08-10 11:27:51', '2015-08-12 18:26:22', 0),
	(572, 35, 'Lubenia', 25.67, '2015-08-20 09:15:00', '00:15:44', '2015-08-10 11:27:51', '2015-08-12 18:26:22', 0),
	(573, 35, 'Blizianka 2', 11.97, '2015-08-20 09:30:00', '00:00:00', '2015-08-10 11:27:51', '2015-08-12 18:26:22', 0),
	(574, 35, 'Lubenia 2', 25.67, '2015-08-20 09:45:00', '00:16:16', '2015-08-10 11:27:51', '2015-08-12 18:26:22', 0),
	(575, 35, 'Nowy Swiat', 4.44, '2015-08-20 10:00:00', '00:00:00', '2015-08-10 11:27:51', '2015-08-12 18:26:22', 0),
	(576, 35, 'Blizianka 3', 11.97, '2015-08-20 10:15:00', '00:07:46', '2015-08-10 11:27:51', '2015-08-12 18:26:22', 0),
	(577, 35, 'Lubenia 3', 25.67, '2015-08-20 10:30:00', '00:00:00', '2015-08-10 11:27:51', '2015-08-12 18:26:22', 0),
	(578, 35, 'Husow', 12.74, '2015-08-20 10:45:00', '00:08:54', '2015-08-10 11:27:51', '2015-08-12 18:26:22', 0),
	(579, 35, 'Widaczow', 10.65, '2015-08-20 11:00:00', '00:06:08', '2015-08-10 11:27:51', '2015-08-12 18:26:22', 0),
	(580, 35, 'Izdebki', 15.99, '2015-08-20 11:15:00', '00:10:37', '2015-08-10 11:27:51', '2015-08-12 18:26:22', 0),
	(581, 35, 'Husow 2', 12.74, '2015-08-20 11:30:00', '00:08:29', '2015-08-10 11:27:52', '2015-08-12 18:26:22', 0),
	(582, 35, 'Widaczow 2', 10.65, '2015-08-20 11:45:00', '00:00:00', '2015-08-10 11:27:52', '2015-08-12 18:26:22', 0),
	(583, 35, 'Izdebki 2', 15.99, '2015-08-20 12:00:00', '00:09:11', '2015-08-10 11:27:52', '2015-08-12 18:26:22', 0),
	(584, 35, 'Husow 3', 12.74, '2015-08-20 12:15:00', '00:08:59', '2015-08-10 11:27:52', '2015-08-12 18:26:22', 0),
	(585, 35, 'Widaczow 3', 10.65, '2015-08-20 12:30:00', '00:06:11', '2015-08-10 11:27:52', '2015-08-12 18:26:22', 0),
	(586, 35, 'Izdebki 3', 15.99, '2015-08-20 12:45:00', '00:10:02', '2015-08-10 11:27:52', '2015-08-12 18:26:22', 0),
	(588, 36, 'Rosciszow', 8.94, '2015-08-27 09:00:00', '00:06:01', '2015-08-10 11:35:54', '2015-08-12 18:26:22', 0),
	(589, 36, 'Swierki', 8.49, '2015-08-27 09:15:00', '00:05:53', '2015-08-10 11:35:55', '2015-08-12 18:26:22', 0),
	(590, 36, 'Milkow', 12.32, '2015-08-27 09:30:00', '00:00:00', '2015-08-10 11:35:55', '2015-08-12 18:26:22', 0),
	(591, 36, 'Rosciszow 2', 8.94, '2015-08-27 09:45:00', '00:06:08', '2015-08-10 11:35:55', '2015-08-12 18:26:22', 0),
	(592, 36, 'Swierki 2', 8.49, '2015-08-27 10:00:00', '00:05:07', '2015-08-10 11:35:55', '2015-08-12 18:26:22', 0),
	(593, 36, 'Milkow 2', 12.32, '2015-08-27 10:15:00', '00:08:47', '2015-08-10 11:35:55', '2015-08-12 18:26:22', 0),
	(594, 36, 'Rosciszow 3', 8.94, '2015-08-27 10:30:00', '00:00:00', '2015-08-10 11:35:55', '2015-08-12 18:26:22', 0),
	(595, 36, 'Swierki 3', 8.49, '2015-08-27 10:45:00', '00:00:00', '2015-08-10 11:35:55', '2015-08-12 18:26:22', 0),
	(596, 36, 'Milkow 3', 12.32, '2015-08-27 11:00:00', '00:00:00', '2015-08-10 11:35:55', '2015-08-12 18:26:22', 0),
	(597, 36, 'Michalkowa', 14.73, '2015-08-27 11:15:00', '00:09:13', '2015-08-10 11:35:55', '2015-08-12 18:26:22', 0),
	(598, 36, 'Woliborz', 8.77, '2015-08-27 11:30:00', '00:00:00', '2015-08-10 11:35:55', '2015-08-12 18:26:22', 0),
	(599, 36, 'Milkow Reverse', 12.97, '2015-08-27 11:45:00', '00:08:01', '2015-08-10 11:35:55', '2015-08-12 18:26:22', 0),
	(600, 36, 'Michalkowa 2', 14.73, '2015-08-27 12:00:00', '00:09:48', '2015-08-10 11:35:55', '2015-08-12 18:26:22', 0),
	(601, 36, 'Woliborz 2', 8.77, '2015-08-27 12:15:00', '00:00:00', '2015-08-10 11:35:55', '2015-08-12 18:26:22', 0),
	(602, 36, 'Milkow Reverse 2', 12.97, '2015-08-27 12:30:00', '00:07:32', '2015-08-10 11:35:56', '2015-08-12 18:26:22', 0),
	(605, 37, 'Hunter Southern', 6.78, '2015-08-21 09:00:00', '00:04:53', '2015-08-10 11:58:58', '2015-08-12 18:26:22', 0),
	(606, 37, 'Hunter Southern 2', 6.78, '2015-08-21 09:15:00', '00:04:29', '2015-08-10 11:58:58', '2015-08-12 18:26:22', 0),
	(607, 37, 'Harold', 6.61, '2015-08-21 09:30:00', '00:04:15', '2015-08-10 11:58:58', '2015-08-12 18:26:22', 0),
	(608, 37, 'Harold 2', 6.61, '2015-08-21 09:45:00', '00:00:00', '2015-08-10 11:58:58', '2015-08-12 18:26:22', 0),
	(609, 37, 'Hunter Southern 3', 6.78, '2015-08-21 10:00:00', '00:04:47', '2015-08-10 11:58:58', '2015-08-12 18:26:22', 0),
	(610, 37, 'Harold 3', 6.61, '2015-08-21 10:15:00', '00:04:42', '2015-08-10 11:58:58', '2015-08-12 18:26:22', 0),
	(611, 37, 'Harold 4', 6.61, '2015-08-21 10:30:00', '00:04:32', '2015-08-10 11:58:58', '2015-08-12 18:26:22', 0),
	(612, 37, 'Hunter Northern', 8.89, '2015-08-21 10:45:00', '00:05:25', '2015-08-10 11:58:58', '2015-08-12 18:26:22', 0),
	(613, 37, 'Hunter Northern Reverse', 8.31, '2015-08-21 11:00:00', '00:05:01', '2015-08-10 11:58:58', '2015-08-12 18:26:22', 0),
	(614, 37, 'Hunter Southern Reverse', 6.54, '2015-08-21 11:15:00', '00:00:00', '2015-08-10 11:58:58', '2015-08-12 18:26:22', 0),
	(615, 37, 'Hunter Southern 4', 6.78, '2015-08-21 11:30:00', '00:04:33', '2015-08-10 11:58:58', '2015-08-12 18:26:22', 0),
	(616, 37, 'Hunter Northern 2', 8.89, '2015-08-21 11:45:00', '00:00:00', '2015-08-10 11:58:58', '2015-08-12 18:26:22', 0),
	(617, 37, 'Hunter Northern Reverse 2', 8.31, '2015-08-21 12:00:00', '00:05:03', '2015-08-10 11:58:58', '2015-08-12 18:26:22', 0),
	(618, 37, 'Hunter Southern Reverse 2', 6.54, '2015-08-21 12:15:00', '00:00:00', '2015-08-10 11:58:59', '2015-08-12 18:26:22', 0),
	(622, 38, 'Kabardinka', 13.46, '2015-08-20 09:00:00', '00:09:21', '2015-08-10 12:01:23', '2015-08-12 18:26:22', 0),
	(623, 38, 'Glebovskiy', 25.40, '2015-08-20 09:15:00', '00:17:21', '2015-08-10 12:01:23', '2015-08-12 18:26:22', 0),
	(624, 38, 'Markoth', 9.43, '2015-08-20 09:30:00', '00:05:39', '2015-08-10 12:01:23', '2015-08-12 18:26:22', 0),
	(625, 38, 'Golubaya Buhta', 12.13, '2015-08-20 09:45:00', '00:08:19', '2015-08-10 12:01:23', '2015-08-12 18:26:22', 0),
	(626, 38, 'Kabardinka 2', 13.46, '2015-08-20 10:00:00', '00:00:00', '2015-08-10 12:01:23', '2015-08-12 18:26:22', 0),
	(627, 38, 'Glebovskiy 2', 25.40, '2015-08-20 10:15:00', '00:16:07', '2015-08-10 12:01:23', '2015-08-12 18:26:22', 0),
	(628, 38, 'Markoth 2', 9.43, '2015-08-20 10:30:00', '00:06:13', '2015-08-10 12:01:23', '2015-08-12 18:26:22', 0),
	(629, 38, 'Golubaya Buhta 2', 12.13, '2015-08-20 10:45:00', '00:08:16', '2015-08-10 12:01:23', '2015-08-12 18:26:22', 0),
	(630, 38, 'Gorniy', 9.11, '2015-08-20 11:00:00', '00:06:26', '2015-08-10 12:01:23', '2015-08-12 18:26:22', 0),
	(631, 38, 'Semigorskiy', 13.13, '2015-08-20 11:15:00', '00:08:35', '2015-08-10 12:01:23', '2015-08-12 18:26:22', 0),
	(632, 38, 'Natukhaevskiy', 12.90, '2015-08-20 11:30:00', '00:07:42', '2015-08-10 12:01:23', '2015-08-12 18:26:22', 0),
	(633, 38, 'Fort Raevskogo', 10.10, '2015-08-20 11:45:00', '00:00:00', '2015-08-10 12:01:23', '2015-08-12 18:26:22', 0),
	(634, 38, 'Gorniy 2', 9.11, '2015-08-20 12:00:00', '00:06:25', '2015-08-10 12:01:23', '2015-08-12 18:26:22', 0),
	(635, 38, 'Semigorskiy 2', 13.13, '2015-08-20 12:15:00', '00:00:00', '2015-08-10 12:01:24', '2015-08-12 18:26:22', 0),
	(636, 38, 'Natukhaevskiy 2', 12.90, '2015-08-20 12:30:00', '00:00:00', '2015-08-10 12:01:24', '2015-08-12 18:26:22', 0),
	(637, 38, 'Fort Raevskogo 2', 10.10, '2015-08-20 12:45:00', '00:00:00', '2015-08-10 12:01:24', '2015-08-12 18:26:22', 0),
	(639, 39, 'Lillsjohogen', 33.85, '2015-08-21 09:00:00', '00:19:45', '2015-08-10 12:04:32', '2015-08-12 18:26:22', 0),
	(640, 39, 'Campus', 2.75, '2015-08-21 09:15:00', '00:00:00', '2015-08-10 12:04:32', '2015-08-12 18:26:22', 0),
	(641, 39, 'Lillsjohogen 2', 33.85, '2015-08-21 09:30:00', '00:21:02', '2015-08-10 12:04:32', '2015-08-12 18:26:22', 0),
	(642, 39, 'Campus 2', 2.75, '2015-08-21 09:45:00', '00:00:00', '2015-08-10 12:04:32', '2015-08-12 18:26:22', 0),
	(643, 39, 'Vaster-Kalen', 7.88, '2015-08-21 10:00:00', '00:00:00', '2015-08-10 12:04:33', '2015-08-12 18:26:22', 0),
	(644, 39, 'Glosa', 5.37, '2015-08-21 10:15:00', '00:03:05', '2015-08-10 12:04:33', '2015-08-12 18:26:22', 0),
	(645, 39, 'Gallsaberget', 29.22, '2015-08-21 10:30:00', '00:00:00', '2015-08-10 12:04:33', '2015-08-12 18:26:22', 0),
	(646, 39, 'Bolesbodarna', 12.13, '2015-08-21 10:45:00', '00:08:02', '2015-08-10 12:04:33', '2015-08-12 18:26:22', 0),
	(647, 39, 'Sjoarsjon', 12.65, '2015-08-21 11:00:00', '00:07:09', '2015-08-10 12:04:33', '2015-08-12 18:26:22', 0),
	(648, 39, 'Husas', 21.25, '2015-08-21 11:15:00', '00:13:53', '2015-08-10 12:04:33', '2015-08-12 18:26:22', 0),
	(649, 39, 'Vaster-Kalen 2', 7.88, '2015-08-21 11:30:00', '00:05:23', '2015-08-10 12:04:33', '2015-08-12 18:26:22', 0),
	(650, 39, 'Glosa 2', 5.37, '2015-08-21 11:45:00', '00:00:00', '2015-08-10 12:04:33', '2015-08-12 18:26:22', 0),
	(651, 39, 'Gallsaberget 2', 29.22, '2015-08-21 12:00:00', '00:17:36', '2015-08-10 12:04:34', '2015-08-12 18:26:22', 0),
	(652, 39, 'Bolesbodarna 2', 12.13, '2015-08-21 12:15:00', '00:07:16', '2015-08-10 12:04:34', '2015-08-12 18:26:22', 0),
	(653, 39, 'Sjoarsjon', 12.26, '2015-08-21 12:30:00', '00:00:00', '2015-08-10 12:04:34', '2015-08-12 18:26:22', 0),
	(654, 39, 'Husas', 21.54, '2015-08-21 12:45:00', '00:13:06', '2015-08-10 12:04:34', '2015-08-12 18:26:22', 0),
	(656, 40, 'Fjeldsdalen Vest', 3.19, '2015-08-25 09:00:00', '00:02:09', '2015-08-10 12:14:12', '2015-08-12 18:26:22', 0),
	(657, 40, 'Naddum', 6.18, '2015-08-25 09:15:00', '00:00:00', '2015-08-10 12:14:12', '2015-08-12 18:26:22', 0),
	(658, 40, 'Hellesjovannet', 4.42, '2015-08-25 09:30:00', '00:00:00', '2015-08-10 12:14:12', '2015-08-12 18:26:22', 0),
	(659, 40, 'Fjeldsdalen Vest 2', 3.19, '2015-08-25 09:45:00', '00:02:11', '2015-08-10 12:14:13', '2015-08-12 18:26:22', 0),
	(660, 40, 'Naddum 2', 6.18, '2015-08-25 10:00:00', '00:04:07', '2015-08-10 12:14:13', '2015-08-12 18:26:22', 0),
	(661, 40, 'Hellesjovannet 2', 4.42, '2015-08-25 10:15:00', '00:02:54', '2015-08-10 12:14:13', '2015-08-12 18:26:22', 0),
	(662, 40, 'Bjorkelangen Torg', 0.33, '2015-08-25 10:30:00', '00:00:02', '2015-08-10 12:14:13', '2015-08-12 18:26:22', 0),
	(663, 40, 'Oisjoen Nord', 13.54, '2015-08-25 10:45:00', '00:08:47', '2015-08-10 12:14:13', '2015-08-12 18:26:22', 0),
	(664, 40, 'Romsjoen Nord', 13.14, '2015-08-25 11:00:00', '00:08:07', '2015-08-10 12:14:13', '2015-08-12 18:26:22', 0),
	(665, 40, 'Kjolen Syd', 13.33, '2015-08-25 11:15:00', '00:08:15', '2015-08-10 12:14:13', '2015-08-12 18:26:22', 0),
	(666, 40, 'Bjorkelangen Torg 2', 0.33, '2015-08-25 11:30:00', '00:00:19', '2015-08-10 12:14:13', '2015-08-12 18:26:22', 0),
	(667, 40, 'Romsjoen Nord 2', 13.14, '2015-08-25 11:45:00', '00:09:05', '2015-08-10 12:14:13', '2015-08-12 18:26:22', 0),
	(668, 40, 'Kjolen Syd 2', 13.33, '2015-08-25 12:00:00', '00:08:33', '2015-08-10 12:14:13', '2015-08-12 18:26:22', 0),
	(669, 40, 'Oisjoen Nord 2', 13.54, '2015-08-25 12:15:00', '00:08:45', '2015-08-10 12:14:13', '2015-08-12 18:26:22', 0),
	(673, 41, 'Arstadveien', 3.20, '2015-08-24 09:00:00', '00:01:09', '2015-08-10 12:16:40', '2015-08-12 18:26:22', 0),
	(674, 41, 'Stavasen', 17.82, '2015-08-24 09:15:00', '00:00:00', '2015-08-10 12:16:40', '2015-08-12 18:26:22', 0),
	(675, 41, 'Arstadveien 2', 3.20, '2015-08-24 09:30:00', '00:00:00', '2015-08-10 12:16:40', '2015-08-12 18:26:22', 0),
	(676, 41, 'Stavasen 2', 17.82, '2015-08-24 09:45:00', '00:00:00', '2015-08-10 12:16:40', '2015-08-12 18:26:22', 0),
	(677, 41, 'Starmoen', 3.77, '2015-08-24 10:00:00', '00:02:46', '2015-08-10 12:16:40', '2015-08-12 18:26:22', 0),
	(678, 41, 'Rolsasen', 28.60, '2015-08-24 10:15:00', '00:16:41', '2015-08-10 12:16:40', '2015-08-12 18:26:22', 0),
	(679, 41, 'Agasen', 19.58, '2015-08-24 10:30:00', '00:00:00', '2015-08-10 12:16:40', '2015-08-12 18:26:22', 0),
	(680, 41, 'Starmoen 2', 3.77, '2015-08-24 10:45:00', '00:02:31', '2015-08-10 12:16:40', '2015-08-12 18:26:22', 0),
	(681, 41, 'Rolsasen 2', 28.60, '2015-08-24 11:00:00', '00:17:07', '2015-08-10 12:16:40', '2015-08-12 18:26:22', 0),
	(682, 41, 'Agasen 2', 19.58, '2015-08-24 11:15:00', '00:11:53', '2015-08-10 12:16:40', '2015-08-12 18:26:22', 0),
	(683, 41, 'Terningen', 2.40, '2015-08-24 11:30:00', '00:01:45', '2015-08-10 12:16:40', '2015-08-12 18:26:22', 0),
	(684, 41, 'Terningen 2', 2.40, '2015-08-24 11:45:00', '00:01:43', '2015-08-10 12:16:41', '2015-08-12 18:26:22', 0),
	(685, 41, 'Starmoen Reverse', 3.47, '2015-08-24 12:00:00', '00:02:12', '2015-08-10 12:16:41', '2015-08-12 18:26:22', 0),
	(686, 41, 'Rolsasen Reverse', 28.87, '2015-08-24 12:15:00', '00:18:49', '2015-08-10 12:16:41', '2015-08-12 18:26:22', 0),
	(687, 41, 'Agasen Reverse', 19.48, '2015-08-24 12:30:00', '00:12:51', '2015-08-10 12:16:41', '2015-08-12 18:26:22', 0),
	(690, 42, 'Lovbrotte', 5.36, '2015-08-21 09:00:00', '00:03:21', '2015-08-10 12:19:14', '2015-08-12 18:26:22', 0),
	(691, 42, 'Astjern', 6.22, '2015-08-21 09:15:00', '00:04:15', '2015-08-10 12:19:14', '2015-08-12 18:26:22', 0),
	(692, 42, 'Helgedalen', 6.41, '2015-08-21 09:30:00', '00:04:37', '2015-08-10 12:19:14', '2015-08-12 18:26:22', 0),
	(693, 42, 'Lovbrotte Reverse', 5.24, '2015-08-21 09:45:00', '00:03:33', '2015-08-10 12:19:14', '2015-08-12 18:26:22', 0),
	(694, 42, 'Astjern Reverse', 6.75, '2015-08-21 10:00:00', '00:00:00', '2015-08-10 12:19:14', '2015-08-12 18:26:22', 0),
	(695, 42, 'Helgedalen Reverse', 6.76, '2015-08-21 10:15:00', '00:04:09', '2015-08-10 12:19:14', '2015-08-12 18:26:22', 0),
	(696, 42, 'Super Special Stage', 1.86, '2015-08-21 10:30:00', '00:01:11', '2015-08-10 12:19:15', '2015-08-12 18:26:22', 0),
	(697, 42, 'Super Special Stage 2', 1.86, '2015-08-21 10:45:00', '00:01:01', '2015-08-10 12:19:15', '2015-08-12 18:26:22', 0),
	(698, 42, 'Lovbrotte 2', 5.36, '2015-08-21 11:00:00', '00:00:00', '2015-08-10 12:19:15', '2015-08-12 18:26:22', 0),
	(699, 42, 'Astjern 2', 6.22, '2015-08-21 11:15:00', '00:04:28', '2015-08-10 12:19:15', '2015-08-12 18:26:22', 0),
	(700, 42, 'Helgedalen 2', 6.41, '2015-08-21 11:30:00', '00:04:27', '2015-08-10 12:19:15', '2015-08-12 18:26:22', 0),
	(701, 42, 'Lovbrotte Reverse 2', 5.24, '2015-08-21 11:45:00', '00:03:51', '2015-08-10 12:19:15', '2015-08-12 18:26:22', 0),
	(702, 42, 'Astjern Reverse 2', 6.75, '2015-08-21 12:00:00', '00:04:39', '2015-08-10 12:19:15', '2015-08-12 18:26:22', 0),
	(703, 42, 'Helgedalen Reverse 2', 6.76, '2015-08-21 12:15:00', '00:04:54', '2015-08-10 12:19:15', '2015-08-12 18:26:22', 0),
	(707, 43, 'Ringsaker', 8.33, '2015-08-19 09:00:00', '00:00:00', '2015-08-10 12:45:01', '2015-08-12 18:26:22', 0),
	(708, 43, 'Mauset', 5.28, '2015-08-19 09:15:00', '00:03:37', '2015-08-10 12:45:01', '2015-08-12 18:26:22', 0),
	(709, 43, 'Vangsasen', 7.10, '2015-08-19 09:30:00', '00:04:12', '2015-08-10 12:45:01', '2015-08-12 18:26:22', 0),
	(710, 43, 'Vennkvern', 1.32, '2015-08-19 09:45:00', '00:00:00', '2015-08-10 12:45:01', '2015-08-12 18:26:22', 0),
	(711, 43, 'Stange', 4.19, '2015-08-19 10:00:00', '00:00:00', '2015-08-10 12:45:01', '2015-08-12 18:26:22', 0),
	(712, 43, 'Ekeberg', 10.96, '2015-08-19 10:15:00', '00:00:00', '2015-08-10 12:45:02', '2015-08-12 18:26:22', 0),
	(713, 43, 'Brenna', 14.99, '2015-08-19 10:30:00', '00:09:26', '2015-08-10 12:45:02', '2015-08-12 18:26:22', 0),
	(714, 43, 'Vennkvern 2', 1.32, '2015-08-19 10:45:00', '00:00:00', '2015-08-10 12:45:02', '2015-08-12 18:26:22', 0),
	(715, 43, 'Ringsaker 2', 8.33, '2015-08-19 11:00:00', '00:05:00', '2015-08-10 12:45:02', '2015-08-12 18:26:22', 0),
	(716, 43, 'Mauset 2', 5.28, '2015-08-19 11:15:00', '00:03:01', '2015-08-10 12:45:02', '2015-08-12 18:26:22', 0),
	(717, 43, 'Vangsasen 2', 7.10, '2015-08-19 11:30:00', '00:04:08', '2015-08-10 12:45:02', '2015-08-12 18:26:22', 0),
	(718, 43, 'Stange 2', 4.19, '2015-08-19 11:45:00', '00:02:51', '2015-08-10 12:45:02', '2015-08-12 18:26:22', 0),
	(719, 43, 'Ekeberg 2', 10.96, '2015-08-19 12:00:00', '00:06:42', '2015-08-10 12:45:02', '2015-08-12 18:26:22', 0),
	(720, 43, 'Brenna 2', 14.99, '2015-08-19 12:15:00', '00:09:22', '2015-08-10 12:45:02', '2015-08-12 18:26:22', 0),
	(724, 44, 'Gjesthusvegen', 3.43, '2015-08-20 09:00:00', '00:02:22', '2015-08-10 12:56:06', '2015-08-12 18:26:22', 0),
	(725, 44, 'Gronli', 11.16, '2015-08-20 09:15:00', '00:07:05', '2015-08-10 12:56:06', '2015-08-12 18:26:22', 0),
	(726, 44, 'Lauvset', 16.42, '2015-08-20 09:30:00', '00:10:24', '2015-08-10 12:56:06', '2015-08-12 18:26:22', 0),
	(727, 44, 'Ridalen', 26.38, '2015-08-20 09:45:00', '00:17:51', '2015-08-10 12:56:06', '2015-08-12 18:26:22', 0),
	(728, 44, 'Oset', 16.27, '2015-08-20 10:00:00', '00:09:09', '2015-08-10 12:56:06', '2015-08-12 18:26:22', 0),
	(729, 44, 'Gronli Reverse', 11.51, '2015-08-20 10:15:00', '00:07:19', '2015-08-10 12:56:06', '2015-08-12 18:26:22', 0),
	(730, 44, 'Gjesthusvegen 2', 3.43, '2015-08-20 10:30:00', '00:02:02', '2015-08-10 12:56:06', '2015-08-12 18:26:22', 0),
	(731, 44, 'Gronli 2', 11.16, '2015-08-20 10:45:00', '00:06:35', '2015-08-10 12:56:06', '2015-08-12 18:26:22', 0),
	(732, 44, 'Fjellstue', 9.30, '2015-08-20 11:00:00', '00:00:00', '2015-08-10 12:56:06', '2015-08-12 18:26:22', 0),
	(733, 44, 'Oset 2', 16.27, '2015-08-20 11:15:00', '00:00:00', '2015-08-10 12:56:07', '2015-08-12 18:26:22', 0),
	(734, 44, 'Fjellstue 2', 9.30, '2015-08-20 11:30:00', '00:06:02', '2015-08-10 12:56:07', '2015-08-12 18:26:22', 0),
	(735, 44, 'Fjellstue Reverse', 9.22, '2015-08-20 11:45:00', '00:06:17', '2015-08-10 12:56:07', '2015-08-12 18:26:22', 0),
	(736, 44, 'Gronli Reverse 2', 11.51, '2015-08-20 12:00:00', '00:07:56', '2015-08-10 12:56:07', '2015-08-12 18:26:22', 0),
	(737, 44, 'Lauvset 2', 16.42, '2015-08-20 12:15:00', '00:09:58', '2015-08-10 12:56:07', '2015-08-12 18:26:22', 0),
	(741, 45, 'Oslo', 1.57, '2015-08-27 09:00:00', '00:01:06', '2015-08-10 13:00:49', '2015-08-12 18:26:22', 0),
	(742, 45, 'Opaker', 14.32, '2015-08-27 09:15:00', '00:00:00', '2015-08-10 13:00:49', '2015-08-12 18:26:22', 0),
	(743, 45, 'Kirkenaer', 8.40, '2015-08-27 09:30:00', '00:05:04', '2015-08-10 13:00:49', '2015-08-12 18:26:22', 0),
	(744, 45, 'Finnskogen', 20.35, '2015-08-27 09:45:00', '00:00:00', '2015-08-10 13:00:49', '2015-08-12 18:26:22', 0),
	(745, 45, 'Kongsvinger', 13.27, '2015-08-27 10:00:00', '00:00:00', '2015-08-10 13:00:49', '2015-08-12 18:26:22', 0),
	(746, 45, 'Opaker 2', 14.32, '2015-08-27 10:15:00', '00:09:22', '2015-08-10 13:00:49', '2015-08-12 18:26:22', 0),
	(747, 45, 'Finnskogen 2', 20.35, '2015-08-27 10:30:00', '00:12:58', '2015-08-10 13:00:49', '2015-08-12 18:26:22', 0),
	(748, 45, 'Kongsvinger 2', 13.27, '2015-08-27 10:45:00', '00:08:37', '2015-08-10 13:00:49', '2015-08-12 18:26:22', 0),
	(749, 45, 'Kirkenaer 2', 8.40, '2015-08-27 11:00:00', '00:05:42', '2015-08-10 13:00:49', '2015-08-12 18:26:22', 0),
	(750, 45, 'Mountain', 24.18, '2015-08-27 11:15:00', '00:16:35', '2015-08-10 13:00:49', '2015-08-12 18:26:22', 0),
	(751, 45, 'Lillehammer', 6.49, '2015-08-27 11:30:00', '00:04:13', '2015-08-10 13:00:50', '2015-08-12 18:26:22', 0),
	(752, 45, 'Ringsaker', 27.31, '2015-08-27 11:45:00', '00:00:00', '2015-08-10 13:00:50', '2015-08-12 18:26:22', 0),
	(753, 45, 'Hamar', 1.10, '2015-08-27 12:00:00', '00:00:00', '2015-08-10 13:00:50', '2015-08-12 18:26:22', 0),
	(754, 45, 'Mountain 2', 24.18, '2015-08-27 12:15:00', '00:00:00', '2015-08-10 13:00:50', '2015-08-12 18:26:22', 0),
	(755, 45, 'Lillehammer 2', 6.49, '2015-08-27 12:30:00', '00:00:00', '2015-08-10 13:00:50', '2015-08-12 18:26:22', 0),
	(756, 45, 'Ringsaker 2 ', 27.31, '2015-08-27 12:45:00', '00:16:07', '2015-08-10 13:00:50', '2015-08-12 18:26:22', 0),
	(757, 45, 'Hamar 2', 1.10, '2015-08-27 13:00:00', '00:00:07', '2015-08-10 13:00:50', '2015-08-12 18:26:22', 0),
	(758, 46, 'Dokkeberg', 6.91, '2015-08-23 09:00:00', '00:04:39', '2015-08-10 13:05:04', '2015-08-12 18:26:22', 0),
	(759, 46, 'Smadol', 23.35, '2015-08-23 09:15:00', '00:14:06', '2015-08-10 13:05:04', '2015-08-12 18:26:22', 0),
	(760, 46, 'Lesteberg', 9.18, '2015-08-23 09:30:00', '00:00:00', '2015-08-10 13:05:04', '2015-08-12 18:26:22', 0),
	(761, 46, 'Dokkeberg Reverse', 6.76, '2015-08-23 09:45:00', '00:00:00', '2015-08-10 13:05:04', '2015-08-12 18:26:22', 0),
	(762, 46, 'Bjerkeflata Nord', 9.63, '2015-08-23 10:00:00', '00:06:00', '2015-08-10 13:05:04', '2015-08-12 18:26:22', 0),
	(763, 46, 'Smadol Reverse', 23.96, '2015-08-23 10:15:00', '00:00:00', '2015-08-10 13:05:04', '2015-08-12 18:26:22', 0),
	(764, 46, 'Lesteberg Reverse', 9.24, '2015-08-23 10:30:00', '00:00:00', '2015-08-10 13:05:05', '2015-08-12 18:26:22', 0),
	(765, 46, 'Bjerkeflata Nord Reverse', 9.72, '2015-08-23 10:45:00', '00:00:00', '2015-08-10 13:05:05', '2015-08-12 18:26:22', 0),
	(766, 46, 'Dokkeberg 2', 6.91, '2015-08-23 11:00:00', '00:04:33', '2015-08-10 13:05:05', '2015-08-12 18:26:22', 0),
	(767, 46, 'Smadol 2', 23.35, '2015-08-23 11:15:00', '00:15:47', '2015-08-10 13:05:05', '2015-08-12 18:26:22', 0),
	(768, 46, 'Lesteberg 2', 9.18, '2015-08-23 11:30:00', '00:06:18', '2015-08-10 13:05:05', '2015-08-12 18:26:22', 0),
	(769, 46, 'Bjerkeflata Nord 2', 9.63, '2015-08-23 11:45:00', '00:00:00', '2015-08-10 13:05:05', '2015-08-12 18:26:22', 0),
	(770, 46, 'Dokkeberg 3', 6.91, '2015-08-23 12:00:00', '00:04:37', '2015-08-10 13:05:05', '2015-08-12 18:26:22', 0),
	(771, 46, 'Smadol 3', 23.35, '2015-08-23 12:15:00', '00:14:16', '2015-08-10 13:05:05', '2015-08-12 18:26:22', 0),
	(772, 46, 'Lesteberg 3', 9.18, '2015-08-23 12:30:00', '00:05:36', '2015-08-10 13:05:05', '2015-08-12 18:26:22', 0),
	(775, 47, 'Korsboen', 13.86, '2015-08-25 09:00:00', '00:08:55', '2015-08-10 13:16:42', '2015-08-12 18:26:22', 0),
	(776, 47, 'Malmveien', 6.46, '2015-08-25 09:15:00', '00:00:00', '2015-08-10 13:16:42', '2015-08-12 18:26:22', 0),
	(777, 47, 'Letmolia', 16.27, '2015-08-25 09:30:00', '00:11:03', '2015-08-10 13:16:42', '2015-08-12 18:26:22', 0),
	(778, 47, 'Krodsherad', 13.55, '2015-08-25 09:45:00', '00:00:00', '2015-08-10 13:16:42', '2015-08-12 18:26:22', 0),
	(779, 47, 'Bjoreskogen', 11.10, '2015-08-25 10:00:00', '00:00:00', '2015-08-10 13:16:42', '2015-08-12 18:26:22', 0),
	(780, 47, 'Nevra', 16.76, '2015-08-25 10:15:00', '00:09:06', '2015-08-10 13:16:42', '2015-08-12 18:26:22', 0),
	(781, 47, 'Nysaetra', 14.59, '2015-08-25 10:30:00', '00:08:21', '2015-08-10 13:16:42', '2015-08-12 18:26:22', 0),
	(782, 47, 'Malmveien 2', 6.46, '2015-08-25 10:45:00', '00:04:34', '2015-08-10 13:16:42', '2015-08-12 18:26:22', 0),
	(783, 47, 'Letmolia 2', 16.27, '2015-08-25 11:00:00', '00:10:18', '2015-08-10 13:16:42', '2015-08-12 18:26:22', 0),
	(784, 47, 'Krodsherad 2', 13.55, '2015-08-25 11:15:00', '00:00:00', '2015-08-10 13:16:42', '2015-08-12 18:26:22', 0),
	(785, 47, 'Bjoreskogen 2', 11.10, '2015-08-25 11:30:00', '00:07:36', '2015-08-10 13:16:43', '2015-08-12 18:26:22', 0),
	(786, 47, 'Korsboen 2', 13.86, '2015-08-25 11:45:00', '00:09:05', '2015-08-10 13:16:43', '2015-08-12 18:26:22', 0),
	(787, 47, 'Nevra 2', 16.76, '2015-08-25 12:00:00', '00:10:01', '2015-08-10 13:16:43', '2015-08-12 18:26:22', 0),
	(788, 47, 'Nysaetra 2', 14.59, '2015-08-25 12:15:00', '00:10:02', '2015-08-10 13:16:43', '2015-08-12 18:26:22', 0),
	(792, 48, 'Glubo', 5.79, '2015-09-16 09:00:00', '00:03:05', '2015-08-10 13:18:36', '2015-08-12 18:26:22', 0),
	(793, 48, 'Hetlandsheio', 9.82, '2015-09-16 09:15:00', '00:06:05', '2015-08-10 13:18:36', '2015-08-12 18:26:22', 0),
	(794, 48, 'Glubo 2', 5.79, '2015-09-16 09:30:00', '00:00:00', '2015-08-10 13:18:36', '2015-08-12 18:26:22', 0),
	(795, 48, 'Moi', 2.77, '2015-09-16 09:45:00', '00:00:00', '2015-08-10 13:18:36', '2015-08-12 18:26:22', 0),
	(796, 48, 'Jossingfjord', 19.16, '2015-09-16 10:00:00', '00:13:01', '2015-08-10 13:18:36', '2015-08-12 18:26:22', 0),
	(797, 48, 'Moi 2', 2.77, '2015-09-16 10:15:00', '00:01:56', '2015-08-10 13:18:36', '2015-08-12 18:26:22', 0),
	(798, 48, 'Rossland', 3.98, '2015-09-16 10:30:00', '00:02:32', '2015-08-10 13:18:36', '2015-08-12 18:26:22', 0),
	(799, 48, 'Nesvag', 9.30, '2015-09-16 10:45:00', '00:00:00', '2015-08-10 13:18:37', '2015-08-12 18:26:22', 0),
	(800, 48, 'Kjelland', 3.65, '2015-09-16 11:00:00', '00:02:31', '2015-08-10 13:18:37', '2015-08-12 18:26:22', 0),
	(801, 48, 'Rossland 2', 3.98, '2015-09-16 11:15:00', '00:02:25', '2015-08-10 13:18:37', '2015-08-12 18:26:22', 0),
	(802, 48, 'Nesvag 2', 9.30, '2015-09-16 11:30:00', '00:00:00', '2015-08-10 13:18:37', '2015-08-12 18:26:22', 0),
	(803, 48, 'Kjelland 2', 3.65, '2015-09-16 11:45:00', '00:02:38', '2015-08-10 13:18:37', '2015-08-12 18:26:22', 0),
	(804, 48, 'Jossingfjord 2', 19.16, '2015-09-16 12:00:00', '00:00:00', '2015-08-10 13:18:37', '2015-08-12 18:26:22', 0),
	(805, 48, 'Hetlandsheio', 9.18, '2015-09-16 12:15:00', '00:00:00', '2015-08-10 13:18:37', '2015-08-12 18:26:22', 0),
	(899, 54, 'Ondank 2', 9.75, '2015-08-23 10:15:00', '00:05:58', '2015-08-10 15:38:49', '2015-08-12 18:26:22', 0),
	(900, 54, 'Oosthoek 2', 8.97, '2015-08-23 10:30:00', '00:05:54', '2015-08-10 15:38:50', '2015-08-12 18:26:22', 0),
	(901, 54, 'Poelberg 2', 7.41, '2015-08-23 10:45:00', '00:04:07', '2015-08-10 15:38:50', '2015-08-12 18:26:22', 0),
	(902, 54, 'Schuiferskapelle 3', 15.43, '2015-08-23 11:00:00', '00:09:23', '2015-08-10 15:38:50', '2015-08-12 18:26:22', 0),
	(903, 54, 'Ondank 3', 9.75, '2015-08-23 11:15:00', '00:06:52', '2015-08-10 15:38:50', '2015-08-12 18:26:22', 0),
	(904, 54, 'Oosthoek 3', 8.97, '2015-08-23 11:30:00', '00:06:14', '2015-08-10 15:38:50', '2015-08-12 18:26:22', 0),
	(905, 54, 'Poelberg 3', 7.41, '2015-08-23 11:45:00', '00:04:37', '2015-08-10 15:38:50', '2015-08-12 18:26:22', 0),
	(906, 54, 'Schuiferskapelle 4', 15.43, '2015-08-23 12:00:00', '00:00:00', '2015-08-10 15:38:50', '2015-08-12 18:26:22', 0),
	(907, 54, 'Ondank 4', 9.75, '2015-08-23 12:15:00', '00:06:16', '2015-08-10 15:38:50', '2015-08-12 18:26:22', 0),
	(908, 54, 'Oosthoek 4', 8.97, '2015-08-23 12:30:00', '00:05:33', '2015-08-10 15:38:50', '2015-08-12 18:26:22', 0),
	(909, 54, 'Poelberg 4', 7.41, '2015-08-23 12:45:00', '00:04:23', '2015-08-10 15:38:50', '2015-08-12 18:26:22', 0),
	(911, 55, 'Citadelle', 4.88, '2015-09-11 09:00:00', '00:03:21', '2015-08-10 15:41:57', '2015-08-12 18:26:22', 0),
	(912, 55, 'Malonne', 14.49, '2015-09-11 09:15:00', '00:00:00', '2015-08-10 15:41:57', '2015-08-12 18:26:22', 0),
	(913, 55, 'Bois de Villers', 9.90, '2015-09-11 09:30:00', '00:00:00', '2015-08-10 15:41:57', '2015-08-12 18:26:22', 0),
	(914, 55, 'Crupet', 11.84, '2015-09-11 09:45:00', '00:07:22', '2015-08-10 15:41:57', '2015-08-12 18:26:22', 0),
	(915, 55, 'Natoye', 10.34, '2015-09-11 10:00:00', '00:06:26', '2015-08-10 15:41:57', '2015-08-12 18:26:22', 0),
	(916, 55, 'Malonne 2', 14.49, '2015-09-11 10:15:00', '00:00:00', '2015-08-10 15:41:57', '2015-08-12 18:26:22', 0),
	(917, 55, 'Bois de Villers 2', 9.90, '2015-09-11 10:30:00', '00:00:00', '2015-08-10 15:41:58', '2015-08-12 18:26:22', 0),
	(918, 55, 'Crupet 2', 11.84, '2015-09-11 10:45:00', '00:00:00', '2015-08-10 15:41:58', '2015-08-12 18:26:22', 0),
	(919, 55, 'Natoye 2', 10.34, '2015-09-11 11:00:00', '00:06:53', '2015-08-10 15:41:58', '2015-08-12 18:26:22', 0),
	(920, 55, 'Malonne 3', 14.49, '2015-09-11 11:15:00', '00:08:03', '2015-08-10 15:41:58', '2015-08-12 18:26:22', 0),
	(921, 55, 'Bois de Villers 3', 9.90, '2015-09-11 11:30:00', '00:00:00', '2015-08-10 15:41:58', '2015-08-12 18:26:22', 0),
	(922, 55, 'Crupet 3', 11.84, '2015-09-11 11:45:00', '00:08:02', '2015-08-10 15:41:58', '2015-08-12 18:26:22', 0),
	(923, 55, 'Natoye 3', 10.34, '2015-09-11 12:00:00', '00:00:00', '2015-08-10 15:41:58', '2015-08-12 18:26:22', 0),
	(924, 55, 'Naninne', 7.38, '2015-09-11 12:15:00', '00:05:01', '2015-08-10 15:41:58', '2015-08-12 18:26:22', 0),
	(925, 55, 'Loyers', 5.22, '2015-09-11 12:30:00', '00:03:43', '2015-08-10 15:41:58', '2015-08-12 18:26:22', 0),
	(926, 55, 'Wartet', 8.94, '2015-09-11 12:45:00', '00:05:47', '2015-08-10 15:41:58', '2015-08-12 18:26:22', 0),
	(927, 55, 'Vedrin', 5.33, '2015-09-11 13:00:00', '00:03:46', '2015-08-10 15:41:58', '2015-08-12 18:26:22', 0),
	(928, 56, 'Campo Magro', 18.42, '2015-08-22 09:00:00', '00:11:39', '2015-08-10 15:44:48', '2015-08-12 18:26:22', 0),
	(929, 56, 'Ouro Fino', 12.80, '2015-08-22 09:15:00', '00:08:00', '2015-08-10 15:44:48', '2015-08-12 18:26:22', 0),
	(930, 56, 'Curtiba', 12.57, '2015-08-22 09:30:00', '00:00:00', '2015-08-10 15:44:48', '2015-08-12 18:26:22', 0),
	(931, 56, 'Campo Magro 2', 18.42, '2015-08-22 09:45:00', '00:00:00', '2015-08-10 15:44:48', '2015-08-12 18:26:22', 0),
	(932, 56, 'Curtiba 2', 12.57, '2015-08-22 10:00:00', '00:08:34', '2015-08-10 15:44:48', '2015-08-12 18:26:22', 0),
	(933, 56, 'Campo Magro 3', 18.42, '2015-08-22 10:15:00', '00:11:41', '2015-08-10 15:44:48', '2015-08-12 18:26:22', 0),
	(934, 56, 'Ouro Fino 2', 12.80, '2015-08-22 10:30:00', '00:00:00', '2015-08-10 15:44:48', '2015-08-12 18:26:22', 0),
	(935, 56, 'Bocaiuva', 28.68, '2015-08-22 10:45:00', '00:18:48', '2015-08-10 15:44:48', '2015-08-12 18:26:22', 0),
	(936, 56, 'Rio Pesqueiro', 15.89, '2015-08-22 11:00:00', '00:10:04', '2015-08-10 15:44:48', '2015-08-12 18:26:22', 0),
	(937, 56, 'Quatro Barras', 12.97, '2015-08-22 11:15:00', '00:00:00', '2015-08-10 15:44:48', '2015-08-12 18:26:22', 0),
	(938, 56, 'Nobre', 10.86, '2015-08-22 11:30:00', '00:00:00', '2015-08-10 15:44:48', '2015-08-12 18:26:22', 0),
	(939, 56, 'Rio Pesqueiro 2', 15.89, '2015-08-22 11:45:00', '00:00:00', '2015-08-10 15:44:48', '2015-08-12 18:26:22', 0),
	(940, 56, 'Quatro Barras 2', 12.97, '2015-08-22 12:00:00', '00:07:06', '2015-08-10 15:44:48', '2015-08-12 18:26:22', 0),
	(941, 56, 'Campina', 23.95, '2015-08-22 12:15:00', '00:14:02', '2015-08-10 15:44:48', '2015-08-12 18:26:22', 0),
	(942, 56, 'Prime Pinhais', 3.34, '2015-08-22 12:30:00', '00:02:13', '2015-08-10 15:44:49', '2015-08-12 18:26:22', 0),
	(945, 57, 'Beli Iskar', 6.87, '2015-09-30 09:00:00', '00:00:00', '2015-08-10 15:48:24', '2015-08-12 18:26:22', 0),
	(946, 57, 'Borovetz - Raduil', 9.21, '2015-09-30 09:15:00', '00:00:00', '2015-08-10 15:48:24', '2015-08-12 18:26:22', 0),
	(947, 57, 'Muhovo', 29.68, '2015-09-30 09:30:00', '00:19:08', '2015-08-10 15:48:24', '2015-08-12 18:26:22', 0),
	(948, 57, 'Slavovitza', 17.84, '2015-09-30 09:45:00', '00:00:00', '2015-08-10 15:48:24', '2015-08-12 18:26:22', 0),
	(949, 57, 'Beli Iskar 2', 6.87, '2015-09-30 10:00:00', '00:00:00', '2015-08-10 15:48:24', '2015-08-12 18:26:22', 0),
	(950, 57, 'Borovetz - Raduil 2', 9.21, '2015-09-30 10:15:00', '00:05:44', '2015-08-10 15:48:24', '2015-08-12 18:26:22', 0),
	(951, 57, 'Muhovo 2', 29.68, '2015-09-30 10:30:00', '00:20:24', '2015-08-10 15:48:24', '2015-08-12 18:26:22', 0),
	(952, 57, 'Slavovitza 2', 17.84, '2015-09-30 10:45:00', '00:00:00', '2015-08-10 15:48:24', '2015-08-12 18:26:22', 0),
	(953, 57, 'Trayanovi Vrata', 18.65, '2015-09-30 11:00:00', '00:00:00', '2015-08-10 15:48:24', '2015-08-12 18:26:22', 0),
	(954, 57, 'Lubnitza', 30.84, '2015-09-30 11:15:00', '00:00:00', '2015-08-10 15:48:25', '2015-08-12 18:26:22', 0),
	(955, 57, 'Raduil - Borovetz', 9.61, '2015-09-30 11:30:00', '00:06:46', '2015-08-10 15:48:25', '2015-08-12 18:26:22', 0),
	(956, 57, 'Borovetz - Beli Iskar', 6.27, '2015-09-30 11:45:00', '00:04:03', '2015-08-10 15:48:25', '2015-08-12 18:26:22', 0),
	(957, 57, 'Trayanovi Vrata 2', 18.65, '2015-09-30 12:00:00', '00:12:03', '2015-08-10 15:48:25', '2015-08-12 18:26:22', 0),
	(958, 57, 'Lubnitza 2', 30.84, '2015-09-30 12:15:00', '00:17:34', '2015-08-10 15:48:25', '2015-08-12 18:26:22', 0),
	(962, 58, 'Porec', 1.30, '2015-09-17 09:00:00', '00:00:00', '2015-08-10 15:50:44', '2015-08-12 18:26:22', 0),
	(963, 58, 'Boljun', 14.73, '2015-09-17 09:15:00', '00:09:48', '2015-08-10 15:50:44', '2015-08-12 18:26:22', 0),
	(964, 58, 'Ucka', 13.70, '2015-09-17 09:30:00', '00:00:00', '2015-08-10 15:50:44', '2015-08-12 18:26:22', 0),
	(965, 58, 'Brest', 29.76, '2015-09-17 09:45:00', '00:17:39', '2015-08-10 15:50:45', '2015-08-12 18:26:22', 0),
	(966, 58, 'Boljun 2', 14.73, '2015-09-17 10:00:00', '00:00:00', '2015-08-10 15:50:45', '2015-08-12 18:26:22', 0),
	(967, 58, 'Ucka 2', 13.70, '2015-09-17 10:15:00', '00:00:00', '2015-08-10 15:50:45', '2015-08-12 18:26:22', 0),
	(968, 58, 'Brest 2', 29.76, '2015-09-17 10:30:00', '00:20:25', '2015-08-10 15:50:45', '2015-08-12 18:26:22', 0),
	(969, 58, 'Butoniga', 14.49, '2015-09-17 10:45:00', '00:08:22', '2015-08-10 15:50:45', '2015-08-12 18:26:22', 0),
	(970, 58, 'Buzet', 14.36, '2015-09-17 11:00:00', '00:00:00', '2015-08-10 15:50:45', '2015-08-12 18:26:22', 0),
	(971, 58, 'Salteria', 29.84, '2015-09-17 11:15:00', '00:18:06', '2015-08-10 15:50:45', '2015-08-12 18:26:22', 0),
	(972, 58, 'Butoniga 2', 14.49, '2015-09-17 11:30:00', '00:00:00', '2015-08-10 15:50:45', '2015-08-12 18:26:22', 0),
	(973, 58, 'Buzet 2', 14.36, '2015-09-17 11:45:00', '00:09:11', '2015-08-10 15:50:45', '2015-08-12 18:26:22', 0),
	(974, 58, 'Salteria 2', 29.84, '2015-09-17 12:00:00', '00:00:00', '2015-08-10 15:50:45', '2015-08-12 18:26:22', 0),
	(975, 58, 'Porec 2', 1.30, '2015-09-17 12:15:00', '00:00:00', '2015-08-10 15:50:45', '2015-08-12 18:26:22', 0),
	(976, 58, 'Porec 3', 1.30, '2015-09-17 12:30:00', '00:00:00', '2015-08-10 15:50:45', '2015-08-12 18:26:22', 0),
	(979, 59, 'Horazdovice - Komusin', 5.16, '2015-09-04 09:00:00', '00:03:47', '2015-08-10 15:54:30', '2015-08-12 18:26:22', 0),
	(980, 59, 'Cecelovice', 16.97, '2015-09-04 09:15:00', '00:00:00', '2015-08-10 15:54:30', '2015-08-12 18:26:22', 0),
	(981, 59, 'Doubravice - Chrastovice', 11.29, '2015-09-04 09:30:00', '00:07:03', '2015-08-10 15:54:30', '2015-08-12 18:26:22', 0),
	(982, 59, 'Strazovice - Nehodiv', 7.74, '2015-09-04 09:45:00', '00:00:00', '2015-08-10 15:54:31', '2015-08-12 18:26:22', 0),
	(983, 59, 'Horazdovice - Komusin 2', 5.16, '2015-09-04 10:00:00', '00:03:48', '2015-08-10 15:54:31', '2015-08-12 18:26:22', 0),
	(984, 59, 'Cecelovice 2', 16.97, '2015-09-04 10:15:00', '00:10:05', '2015-08-10 15:54:31', '2015-08-12 18:26:22', 0),
	(985, 59, 'Doubravice - Chrastovice 2', 11.29, '2015-09-04 10:30:00', '00:07:06', '2015-08-10 15:54:31', '2015-08-12 18:26:22', 0),
	(986, 59, 'Strazovice - Nehodiv 2', 7.74, '2015-09-04 10:45:00', '00:00:00', '2015-08-10 15:54:31', '2015-08-12 18:26:22', 0),
	(987, 59, 'Horazdovice - Komusin 3', 5.16, '2015-09-04 11:00:00', '00:03:46', '2015-08-10 15:54:31', '2015-08-12 18:26:22', 0),
	(988, 59, 'Cecelovice 3', 16.97, '2015-09-04 11:15:00', '00:11:22', '2015-08-10 15:54:31', '2015-08-12 18:26:22', 0),
	(989, 59, 'Doubravice - Chrastovice 3', 11.29, '2015-09-04 11:30:00', '00:07:01', '2015-08-10 15:54:31', '2015-08-12 18:26:22', 0),
	(990, 59, 'Strazovice - Nehodiv 3', 7.74, '2015-09-04 11:45:00', '00:05:12', '2015-08-10 15:54:31', '2015-08-12 18:26:22', 0),
	(991, 59, 'Nehodiv - Cecelovice', 12.31, '2015-09-04 12:00:00', '00:07:32', '2015-08-10 15:54:31', '2015-08-12 18:26:22', 0),
	(992, 59, 'Cecelovice - Doubravice', 7.70, '2015-09-04 12:15:00', '00:00:00', '2015-08-10 15:54:31', '2015-08-12 18:26:22', 0),
	(996, 60, 'Bondy', 2.69, '2015-10-08 09:00:00', '00:00:00', '2015-08-10 16:20:57', '2015-08-12 18:26:22', 0),
	(997, 60, 'Sychrov', 19.32, '2015-10-08 09:15:00', '00:00:00', '2015-08-10 16:20:57', '2015-08-12 18:26:22', 0),
	(998, 60, 'Sumburk', 16.41, '2015-10-08 09:30:00', '00:10:19', '2015-08-10 16:20:57', '2015-08-12 18:26:22', 0),
	(999, 60, 'Bzi', 5.27, '2015-10-08 09:45:00', '00:03:45', '2015-08-10 16:20:57', '2015-08-12 18:26:22', 0),
	(1000, 60, 'Sychrov 2', 19.32, '2015-10-08 10:00:00', '00:12:18', '2015-08-10 16:20:57', '2015-08-12 18:26:22', 0),
	(1001, 60, 'Sumburk 2', 16.41, '2015-10-08 10:15:00', '00:09:46', '2015-08-10 16:20:58', '2015-08-12 18:26:22', 0),
	(1002, 60, 'Bzi 2', 5.27, '2015-10-08 10:30:00', '00:00:00', '2015-08-10 16:20:58', '2015-08-12 18:26:22', 0),
	(1003, 60, 'Lobec', 11.14, '2015-10-08 10:45:00', '00:00:00', '2015-08-10 16:20:58', '2015-08-12 18:26:22', 0),
	(1004, 60, 'Vinec', 15.34, '2015-10-08 11:00:00', '00:10:54', '2015-08-10 16:20:58', '2015-08-12 18:26:22', 0),
	(1005, 60, 'Staromestska', 5.62, '2015-10-08 11:15:00', '00:00:00', '2015-08-10 16:20:58', '2015-08-12 18:26:22', 0),
	(1006, 60, 'Lobec 2', 11.14, '2015-10-08 11:30:00', '00:00:00', '2015-08-10 16:20:58', '2015-08-12 18:26:22', 0),
	(1007, 60, 'Vinec 2', 15.34, '2015-10-08 11:45:00', '00:09:43', '2015-08-10 16:20:58', '2015-08-12 18:26:22', 0),
	(1008, 60, 'Staromestska 2', 5.62, '2015-10-08 12:00:00', '00:00:00', '2015-08-10 16:20:58', '2015-08-12 18:26:22', 0),
	(1009, 60, 'Lobec 3', 11.14, '2015-10-08 12:15:00', '00:06:08', '2015-08-10 16:20:58', '2015-08-12 18:26:22', 0),
	(1010, 60, 'Vinec 3', 15.34, '2015-10-08 12:30:00', '00:00:00', '2015-08-10 16:20:58', '2015-08-12 18:26:22', 0),
	(1013, 61, 'Marchampt', 12.25, '2015-08-22 09:00:00', '00:07:09', '2015-08-10 16:27:13', '2015-08-12 18:26:22', 0),
	(1014, 61, 'Lamure sur Azergues', 14.80, '2015-08-22 09:15:00', '00:08:57', '2015-08-10 16:27:13', '2015-08-12 18:26:22', 0),
	(1015, 61, 'Bibost', 13.87, '2015-08-22 09:30:00', '00:08:15', '2015-08-10 16:27:13', '2015-08-12 18:26:22', 0),
	(1016, 61, 'Rontalon', 14.97, '2015-08-22 09:45:00', '00:00:00', '2015-08-10 16:27:13', '2015-08-12 18:26:22', 0),
	(1017, 61, 'Lyon - Gerland', 1.88, '2015-08-22 10:00:00', '00:01:16', '2015-08-10 16:27:13', '2015-08-12 18:26:22', 0),
	(1018, 61, 'Marchampt - Claveisoles', 25.59, '2015-08-22 10:15:00', '00:00:00', '2015-08-10 16:27:13', '2015-08-12 18:26:22', 0),
	(1019, 61, 'Lamure sur Azergues 2', 14.80, '2015-08-22 10:30:00', '00:08:41', '2015-08-10 16:27:13', '2015-08-12 18:26:22', 0),
	(1020, 61, 'Les Noirs', 18.66, '2015-08-22 10:45:00', '00:00:00', '2015-08-10 16:27:13', '2015-08-12 18:26:22', 0),
	(1021, 61, 'Les Sauvages', 12.80, '2015-08-22 11:00:00', '00:08:52', '2015-08-10 16:27:13', '2015-08-12 18:26:22', 0),
	(1022, 61, 'Marchampt - Claveisoles', 25.94, '2015-08-22 11:15:00', '00:16:46', '2015-08-10 16:27:14', '2015-08-12 18:26:22', 0),
	(1023, 61, 'Lamure sur Azergues 3', 14.80, '2015-08-22 11:30:00', '00:08:08', '2015-08-10 16:27:14', '2015-08-12 18:26:22', 0),
	(1024, 61, 'Les Noirs 2', 18.66, '2015-08-22 11:45:00', '00:12:17', '2015-08-10 16:27:14', '2015-08-12 18:26:22', 0),
	(1025, 61, 'Les Sauvages 2', 12.80, '2015-08-22 12:00:00', '00:07:43', '2015-08-10 16:27:14', '2015-08-12 18:26:22', 0),
	(1026, 61, 'Les Noirs 3', 18.66, '2015-08-22 12:15:00', '00:12:41', '2015-08-10 16:27:14', '2015-08-12 18:26:22', 0),
	(1027, 61, 'Les Sauvages 3', 12.80, '2015-08-22 12:30:00', '00:08:07', '2015-08-10 16:27:14', '2015-08-12 18:26:22', 0),
	(1030, 62, 'Camiers', 12.11, '2015-08-23 09:00:00', '00:08:31', '2015-08-10 16:29:02', '2015-08-12 18:26:22', 0),
	(1031, 62, 'La Calotterie', 12.68, '2015-08-23 09:15:00', '00:00:00', '2015-08-10 16:29:02', '2015-08-12 18:26:22', 0),
	(1032, 62, 'Airon', 15.54, '2015-08-23 09:30:00', '00:00:00', '2015-08-10 16:29:02', '2015-08-12 18:26:22', 0),
	(1033, 62, 'Le Touquet', 2.26, '2015-08-23 09:45:00', '00:01:28', '2015-08-10 16:29:02', '2015-08-12 18:26:22', 0),
	(1034, 62, 'Camiers 2', 12.11, '2015-08-23 10:00:00', '00:00:00', '2015-08-10 16:29:02', '2015-08-12 18:26:22', 0),
	(1035, 62, 'La Calotterie 2', 12.68, '2015-08-23 10:15:00', '00:07:39', '2015-08-10 16:29:02', '2015-08-12 18:26:22', 0),
	(1036, 62, 'Airon 2', 15.54, '2015-08-23 10:30:00', '00:10:08', '2015-08-10 16:29:03', '2015-08-12 18:26:22', 0),
	(1037, 62, 'Le Touquet 2', 2.26, '2015-08-23 10:45:00', '00:01:37', '2015-08-10 16:29:03', '2015-08-12 18:26:22', 0),
	(1038, 62, 'Bourthes', 27.65, '2015-08-23 11:00:00', '00:16:33', '2015-08-10 16:29:03', '2015-08-12 18:26:22', 0),
	(1039, 62, 'Bourthes 2', 27.65, '2015-08-23 11:15:00', '00:00:00', '2015-08-10 16:29:03', '2015-08-12 18:26:22', 0),
	(1040, 62, 'Hucqueliers', 30.28, '2015-08-23 11:30:00', '00:20:38', '2015-08-10 16:29:03', '2015-08-12 18:26:22', 0),
	(1041, 62, 'Le Touquet 3', 2.26, '2015-08-23 11:45:00', '00:01:42', '2015-08-10 16:29:03', '2015-08-12 18:26:22', 0),
	(1042, 62, 'Hucqueliers 2', 30.28, '2015-08-23 12:00:00', '00:00:00', '2015-08-10 16:29:03', '2015-08-12 18:26:22', 0),
	(1043, 62, 'Bourthes 3', 27.65, '2015-08-23 12:15:00', '00:18:46', '2015-08-10 16:29:03', '2015-08-12 18:26:22', 0),
	(1044, 62, 'Hucqueliers 3', 30.28, '2015-08-23 12:30:00', '00:00:00', '2015-08-10 16:29:03', '2015-08-12 18:26:22', 0),
	(1047, 63, 'Stollberg', 4.72, '2015-09-22 09:00:00', '00:00:00', '2015-08-10 16:31:41', '2015-08-12 18:26:22', 0),
	(1048, 63, 'Grunhain', 14.25, '2015-09-22 09:15:00', '00:08:23', '2015-08-10 16:31:41', '2015-08-12 18:26:22', 0),
	(1049, 63, 'Gelenau', 7.17, '2015-09-22 09:30:00', '00:00:00', '2015-08-10 16:31:41', '2015-08-12 18:26:22', 0),
	(1050, 63, 'Mildenau', 7.82, '2015-09-22 09:45:00', '00:04:51', '2015-08-10 16:31:41', '2015-08-12 18:26:22', 0),
	(1051, 63, 'Grunhain 2', 14.25, '2015-09-22 10:00:00', '00:00:00', '2015-08-10 16:31:41', '2015-08-12 18:26:22', 0),
	(1052, 63, 'Gelenau 2', 7.17, '2015-09-22 10:15:00', '00:04:41', '2015-08-10 16:31:42', '2015-08-12 18:26:22', 0),
	(1053, 63, 'Mildenau 2', 7.82, '2015-09-22 10:30:00', '00:00:00', '2015-08-10 16:31:42', '2015-08-12 18:26:22', 0),
	(1054, 63, 'Gelenau 3', 7.17, '2015-09-22 10:45:00', '00:04:36', '2015-08-10 16:31:42', '2015-08-12 18:26:22', 0),
	(1055, 63, 'Jahnsdorf', 8.15, '2015-09-22 11:00:00', '00:00:00', '2015-08-10 16:31:42', '2015-08-12 18:26:22', 0),
	(1056, 63, 'Oberdorf', 11.50, '2015-09-22 11:15:00', '00:00:00', '2015-08-10 16:31:42', '2015-08-12 18:26:22', 0),
	(1057, 63, 'Jahnsdorf 2', 8.45, '2015-09-22 11:30:00', '00:00:00', '2015-08-10 16:31:42', '2015-08-12 18:26:22', 0),
	(1058, 63, 'Oberdorf 2', 11.68, '2015-09-22 11:45:00', '00:00:00', '2015-08-10 16:31:42', '2015-08-12 18:26:22', 0),
	(1059, 63, 'Jahnsdorf', 8.45, '2015-09-22 12:00:00', '00:05:41', '2015-08-10 16:31:42', '2015-08-12 18:26:22', 0),
	(1060, 63, 'Oberdorf', 11.68, '2015-09-22 12:15:00', '00:07:15', '2015-08-10 16:31:42', '2015-08-12 18:26:22', 0),
	(1064, 64, 'Lydford', 8.66, '2015-08-22 09:00:00', '00:00:00', '2015-08-10 16:38:22', '2015-08-12 18:26:22', 0),
	(1065, 64, 'Reynolds', 8.86, '2015-08-22 09:15:00', '00:05:08', '2015-08-10 16:38:22', '2015-08-12 18:26:22', 0),
	(1066, 64, 'Lydford 2', 8.66, '2015-08-22 09:30:00', '00:00:00', '2015-08-10 16:38:22', '2015-08-12 18:26:22', 0),
	(1067, 64, 'Reynolds 2', 8.86, '2015-08-22 09:45:00', '00:05:54', '2015-08-10 16:38:22', '2015-08-12 18:26:22', 0),
	(1068, 64, 'Lydford 3', 8.66, '2015-08-22 10:00:00', '00:00:00', '2015-08-10 16:38:22', '2015-08-12 18:26:22', 0),
	(1069, 64, 'Reynolds 3', 8.86, '2015-08-22 10:15:00', '00:05:46', '2015-08-10 16:38:22', '2015-08-12 18:26:22', 0),
	(1070, 64, 'Haddon Pen', 8.99, '2015-08-22 10:30:00', '00:05:18', '2015-08-10 16:38:22', '2015-08-12 18:26:22', 0),
	(1071, 64, 'Reynolds 4', 8.86, '2015-08-22 10:45:00', '00:00:00', '2015-08-10 16:38:22', '2015-08-12 18:26:22', 0),
	(1072, 64, 'Haddon Pen 2', 8.99, '2015-08-22 11:00:00', '00:05:29', '2015-08-10 16:38:22', '2015-08-12 18:26:22', 0),
	(1073, 64, 'Haddon Pen 3', 8.99, '2015-08-22 11:15:00', '00:05:05', '2015-08-10 16:38:22', '2015-08-12 18:26:22', 0),
	(1074, 64, 'New Works', 5.27, '2015-08-22 11:30:00', '00:03:04', '2015-08-10 16:38:22', '2015-08-12 18:26:22', 0),
	(1075, 64, 'Bybrook', 7.20, '2015-08-22 11:45:00', '00:00:00', '2015-08-10 16:38:23', '2015-08-12 18:26:22', 0),
	(1076, 64, 'New Works 2', 5.27, '2015-08-22 12:00:00', '00:03:21', '2015-08-10 16:38:23', '2015-08-12 18:26:22', 0),
	(1077, 64, 'Bybrook 2', 7.20, '2015-08-22 12:15:00', '00:00:00', '2015-08-10 16:38:23', '2015-08-12 18:26:22', 0),
	(1078, 64, 'New Works 3', 5.27, '2015-08-22 12:30:00', '00:00:00', '2015-08-10 16:38:23', '2015-08-12 18:26:22', 0),
	(1079, 64, 'Bybrook 3', 7.20, '2015-08-22 12:45:00', '00:00:00', '2015-08-10 16:38:23', '2015-08-12 18:26:22', 0),
	(1080, 64, 'Wakefield', 5.73, '2015-08-22 13:00:00', '00:00:00', '2015-08-10 16:38:23', '2015-08-12 18:26:22', 0),
	(1081, 65, 'Schutte Informatisering', 10.22, '2015-08-22 09:00:00', '00:06:18', '2015-08-10 16:41:16', '2015-08-12 18:26:22', 0),
	(1082, 65, 'Eurol Lubricants', 6.51, '2015-08-22 09:15:00', '00:04:33', '2015-08-10 16:41:16', '2015-08-12 18:26:22', 0),
	(1083, 65, 'Teunis Automotive', 6.12, '2015-08-22 09:30:00', '00:00:00', '2015-08-10 16:41:16', '2015-08-12 18:26:22', 0),
	(1084, 65, 'Schutte Informatisering 2', 10.22, '2015-08-22 09:45:00', '00:06:54', '2015-08-10 16:41:16', '2015-08-12 18:26:22', 0),
	(1085, 65, 'Eurol Lubricants 2', 6.51, '2015-08-22 10:00:00', '00:04:04', '2015-08-10 16:41:16', '2015-08-12 18:26:22', 0),
	(1086, 65, 'Teunis Automotive 2', 6.12, '2015-08-22 10:15:00', '00:03:07', '2015-08-10 16:41:17', '2015-08-12 18:26:22', 0),
	(1087, 65, 'Hegeman Bouw', 13.89, '2015-08-22 10:30:00', '00:00:00', '2015-08-10 16:41:17', '2015-08-12 18:26:22', 0),
	(1088, 65, 'Reggesign Reclame', 10.36, '2015-08-22 10:45:00', '00:06:13', '2015-08-10 16:41:17', '2015-08-12 18:26:22', 0),
	(1089, 65, 'Hegeman Bouw 2', 13.89, '2015-08-22 11:00:00', '00:09:04', '2015-08-10 16:41:17', '2015-08-12 18:26:22', 0),
	(1090, 65, 'Reggesign Reclame 2', 10.36, '2015-08-22 11:15:00', '00:06:05', '2015-08-10 16:41:17', '2015-08-12 18:26:22', 0),
	(1091, 65, 'Ten Brinke', 12.67, '2015-08-22 11:30:00', '00:08:55', '2015-08-10 16:41:17', '2015-08-12 18:26:22', 0),
	(1092, 65, 'Tijhof', 8.48, '2015-08-22 11:45:00', '00:05:07', '2015-08-10 16:41:17', '2015-08-12 18:26:22', 0),
	(1093, 65, 'Wolves Berging', 11.59, '2015-08-22 12:00:00', '00:00:00', '2015-08-10 16:41:17', '2015-08-12 18:26:22', 0),
	(1094, 65, 'Ten Brinke 2', 12.67, '2015-08-22 12:15:00', '00:08:13', '2015-08-10 16:41:17', '2015-08-12 18:26:22', 0),
	(1095, 65, 'Tijhof 2', 8.48, '2015-08-22 12:30:00', '00:05:21', '2015-08-10 16:41:17', '2015-08-12 18:26:22', 0),
	(1096, 65, 'Wolves Berging 2', 11.59, '2015-08-22 12:45:00', '00:00:00', '2015-08-10 16:41:17', '2015-08-12 18:26:22', 0),
	(1098, 66, 'Tenten - Huelmes', 12.56, '2015-08-14 09:00:00', '00:00:00', '2015-08-10 16:47:23', '2015-08-12 18:26:22', 0),
	(1099, 66, 'Petten - Rouscht', 5.25, '2015-08-14 09:15:00', '00:03:09', '2015-08-10 16:47:23', '2015-08-12 18:26:22', 0),
	(1100, 66, 'Platen - Horass', 6.74, '2015-08-14 09:30:00', '00:04:28', '2015-08-10 16:47:23', '2015-08-12 18:26:22', 0),
	(1101, 66, 'Tenten - Huelmes 2', 12.56, '2015-08-14 09:45:00', '00:08:51', '2015-08-10 16:47:23', '2015-08-12 18:26:22', 0),
	(1102, 66, 'Petten - Rouscht 2', 5.25, '2015-08-14 10:00:00', '00:03:03', '2015-08-10 16:47:23', '2015-08-12 18:26:22', 0),
	(1103, 66, 'Platen - Horass 2', 6.74, '2015-08-14 10:15:00', '00:04:15', '2015-08-10 16:47:23', '2015-08-12 18:26:22', 0),
	(1104, 66, 'Tenten - Huelmes 3', 12.56, '2015-08-14 10:30:00', '00:08:21', '2015-08-10 16:47:24', '2015-08-12 18:26:22', 0),
	(1105, 66, 'Petten - Rouscht 3', 5.25, '2015-08-14 10:45:00', '00:03:14', '2015-08-10 16:47:24', '2015-08-12 18:26:22', 0),
	(1106, 66, 'Platen - Horass 3', 6.74, '2015-08-14 11:00:00', '00:04:49', '2015-08-10 16:47:24', '2015-08-12 18:26:22', 0),
	(1107, 66, 'Reiden - Noojhem', 20.19, '2015-08-14 11:15:00', '00:13:33', '2015-08-10 16:47:24', '2015-08-12 18:26:22', 0),
	(1108, 66, 'Horass - Platen', 10.99, '2015-08-14 11:30:00', '00:06:27', '2015-08-10 16:47:24', '2015-08-12 18:26:22', 0),
	(1109, 66, 'Reiden - Noojhem 2', 20.19, '2015-08-14 11:45:00', '00:00:00', '2015-08-10 16:47:24', '2015-08-12 18:26:22', 0),
	(1110, 66, 'Horass - Platen 2', 10.99, '2015-08-14 12:00:00', '00:07:18', '2015-08-10 16:47:24', '2015-08-12 18:26:22', 0),
	(1111, 66, 'Reiden - Noojhem 3', 20.19, '2015-08-14 12:15:00', '00:12:23', '2015-08-10 16:47:24', '2015-08-12 18:24:57', 0),
	(1112, 66, 'Horass - Platen 3', 10.99, '2015-08-14 12:30:00', '00:07:12', '2015-08-10 16:47:24', '2015-08-12 18:26:22', 0),
	(1115, 67, 'Nabat Lusail', 19.33, '2015-08-23 09:00:00', '00:12:56', '2015-08-10 16:50:08', '2015-08-12 18:26:22', 0),
	(1116, 67, 'Umm Al Hal', 12.99, '2015-08-23 09:15:00', '00:08:47', '2015-08-10 16:50:08', '2015-08-12 18:26:22', 0),
	(1117, 67, 'Al Waker', 10.19, '2015-08-23 09:30:00', '00:00:00', '2015-08-10 16:50:08', '2015-08-12 18:26:22', 0),
	(1118, 67, 'QMMF', 28.31, '2015-08-23 09:45:00', '00:00:00', '2015-08-10 16:50:08', '2015-08-12 18:26:22', 0),
	(1119, 67, 'Nabat Lusail 2', 19.33, '2015-08-23 10:00:00', '00:00:00', '2015-08-10 16:50:08', '2015-08-12 18:26:22', 0),
	(1120, 67, 'Umm Al Hal 2', 12.99, '2015-08-23 10:15:00', '00:07:45', '2015-08-10 16:50:08', '2015-08-12 18:26:22', 0),
	(1121, 67, 'Al Waker 2', 10.19, '2015-08-23 10:30:00', '00:00:00', '2015-08-10 16:50:08', '2015-08-12 18:26:22', 0),
	(1122, 67, 'QMMF 2', 28.31, '2015-08-23 10:45:00', '00:16:58', '2015-08-10 16:50:08', '2015-08-12 18:26:22', 0),
	(1123, 67, 'Al Wakrah', 25.83, '2015-08-23 11:00:00', '00:00:00', '2015-08-10 16:50:08', '2015-08-12 18:26:22', 0),
	(1124, 67, 'QMMF 3', 28.31, '2015-08-23 11:15:00', '00:18:22', '2015-08-10 16:50:08', '2015-08-12 18:26:22', 0),
	(1125, 67, 'Al Negian', 7.90, '2015-08-23 11:30:00', '00:00:00', '2015-08-10 16:50:09', '2015-08-12 18:26:22', 0),
	(1126, 67, 'Al Wakrah 2', 25.83, '2015-08-23 11:45:00', '00:17:16', '2015-08-10 16:50:09', '2015-08-12 18:26:22', 0),
	(1127, 67, 'QMMF 4', 28.31, '2015-08-23 12:00:00', '00:00:00', '2015-08-10 16:50:09', '2015-08-12 18:26:22', 0),
	(1128, 67, 'Al Negian 2', 7.90, '2015-08-23 12:15:00', '00:04:47', '2015-08-10 16:50:09', '2015-08-12 18:26:22', 0),
	(1129, 67, 'Al Wakrah 3', 25.83, '2015-08-23 12:30:00', '00:00:00', '2015-08-10 16:50:09', '2015-08-12 18:26:22', 0),
	(1130, 67, 'Al Negian 3', 7.90, '2015-08-23 12:45:00', '00:00:00', '2015-08-10 16:50:09', '2015-08-12 18:26:22', 0),
	(1132, 68, 'Salgovik', 10.76, '2015-10-08 09:00:00', '00:06:33', '2015-08-10 16:52:25', '2015-08-12 18:26:22', 0),
	(1133, 68, 'Zlata Baoa 3', 24.32, '2015-10-08 09:15:00', '00:00:00', '2015-08-10 16:52:25', '2015-08-12 18:26:22', 0),
	(1134, 68, 'Lubotice', 6.32, '2015-10-08 09:30:00', '00:00:00', '2015-08-10 16:52:25', '2015-08-12 18:26:22', 0),
	(1135, 68, 'Salgovik 2', 10.16, '2015-10-08 09:45:00', '00:00:00', '2015-08-10 16:52:25', '2015-08-12 18:26:22', 0),
	(1136, 68, 'Zlata Baoa 2', 24.32, '2015-10-08 10:00:00', '00:14:28', '2015-08-10 16:52:25', '2015-08-12 18:26:22', 0),
	(1137, 68, 'Lubotice 2', 6.51, '2015-10-08 10:15:00', '00:04:17', '2015-08-10 16:52:25', '2015-08-12 18:26:22', 0),
	(1138, 68, 'Obisovce', 23.31, '2015-10-08 10:30:00', '00:00:00', '2015-08-10 16:52:26', '2015-08-12 18:26:22', 0),
	(1139, 68, 'Vitaz', 17.93, '2015-10-08 10:45:00', '00:00:00', '2015-08-10 16:52:26', '2015-08-12 18:26:22', 0),
	(1140, 68, 'Obisovce 2', 23.31, '2015-10-08 11:00:00', '00:14:27', '2015-08-10 16:52:26', '2015-08-12 18:26:22', 0),
	(1141, 68, 'Vitaz 2', 17.93, '2015-10-08 11:15:00', '00:10:15', '2015-08-10 16:52:26', '2015-08-12 18:26:22', 0),
	(1142, 68, 'Obisovce 3', 23.31, '2015-10-08 11:30:00', '00:14:12', '2015-08-10 16:52:26', '2015-08-12 18:26:22', 0),
	(1143, 68, 'Vitaz 3', 17.93, '2015-10-08 11:45:00', '00:11:05', '2015-08-10 16:52:26', '2015-08-12 18:26:22', 0),
	(1144, 68, 'Salgovik', 10.16, '2015-10-08 12:00:00', '00:06:13', '2015-08-10 16:52:26', '2015-08-12 18:26:22', 0),
	(1145, 68, 'Zlata Baoa', 24.32, '2015-10-08 12:15:00', '00:16:03', '2015-08-10 16:52:26', '2015-08-12 18:26:22', 0),
	(1146, 68, 'Lubotice', 6.51, '2015-10-08 12:30:00', '00:04:06', '2015-08-10 16:52:26', '2015-08-12 18:26:22', 0),
	(1149, 69, 'Carron Valley', 8.49, '2015-08-22 09:00:00', '00:05:41', '2015-08-10 16:54:39', '2015-08-12 18:26:22', 0),
	(1150, 69, 'Carron Valley 2', 8.49, '2015-08-22 09:15:00', '00:05:31', '2015-08-10 16:54:39', '2015-08-12 18:26:22', 0),
	(1151, 69, 'Craigvinean', 16.29, '2015-08-22 09:30:00', '00:10:05', '2015-08-10 16:54:39', '2015-08-12 18:26:22', 0),
	(1152, 69, 'Drummond Hill', 13.65, '2015-08-22 09:45:00', '00:00:00', '2015-08-10 16:54:39', '2015-08-12 18:26:22', 0),
	(1153, 69, 'Errochty', 17.85, '2015-08-22 10:00:00', '00:10:22', '2015-08-10 16:54:39', '2015-08-12 18:26:22', 0),
	(1154, 69, 'Craigvinean 2', 16.29, '2015-08-22 10:15:00', '00:11:01', '2015-08-10 16:54:39', '2015-08-12 18:26:22', 0),
	(1155, 69, 'Drummond Hill 2', 13.65, '2015-08-22 10:30:00', '00:09:03', '2015-08-10 16:54:39', '2015-08-12 18:26:22', 0),
	(1156, 69, 'Errochty 2', 17.85, '2015-08-22 10:45:00', '00:00:00', '2015-08-10 16:54:39', '2015-08-12 18:26:22', 0),
	(1157, 69, 'Carron Valley 3', 8.49, '2015-08-22 11:00:00', '00:05:08', '2015-08-10 16:54:39', '2015-08-12 18:26:22', 0),
	(1158, 69, 'Loch Chon', 9.29, '2015-08-22 11:15:00', '00:06:01', '2015-08-10 16:54:39', '2015-08-12 18:26:22', 0),
	(1159, 69, 'High Corrie', 25.62, '2015-08-22 11:30:00', '00:15:17', '2015-08-10 16:54:39', '2015-08-12 18:26:22', 0),
	(1160, 69, 'Loch Chon 2', 9.29, '2015-08-22 11:45:00', '00:06:31', '2015-08-10 16:54:39', '2015-08-12 18:26:22', 0),
	(1161, 69, 'High Corrie 2', 25.62, '2015-08-22 12:00:00', '00:00:00', '2015-08-10 16:54:39', '2015-08-12 18:26:22', 0),
	(1162, 69, 'Scone Palace', 2.60, '2015-08-22 12:15:00', '00:00:00', '2015-08-10 16:54:39', '2015-08-12 18:26:22', 0),
	(1163, 69, 'Scone Palace 2', 2.60, '2015-08-22 12:30:00', '00:01:56', '2015-08-10 16:54:40', '2015-08-12 18:26:22', 0),
	(1166, 70, 'Palix', 9.48, '2015-08-21 09:00:00', '00:06:11', '2015-08-10 17:20:46', '2015-08-12 18:26:22', 0),
	(1167, 70, 'Palix 2', 9.48, '2015-08-21 09:15:00', '00:05:49', '2015-08-10 17:20:46', '2015-08-12 18:26:22', 0),
	(1168, 70, 'Smith Creek', 10.19, '2015-08-21 09:30:00', '00:06:28', '2015-08-10 17:20:46', '2015-08-12 18:26:22', 0),
	(1169, 70, 'Brooklyn', 11.97, '2015-08-21 09:45:00', '00:07:05', '2015-08-10 17:20:46', '2015-08-12 18:26:22', 0),
	(1170, 70, 'Brooklyn 2', 11.97, '2015-08-21 10:00:00', '00:08:13', '2015-08-10 17:20:46', '2015-08-12 18:26:22', 0),
	(1171, 70, 'Smith Creek 2', 10.19, '2015-08-21 10:15:00', '00:00:00', '2015-08-10 17:20:46', '2015-08-12 18:26:22', 0),
	(1172, 70, 'Pico', 15.36, '2015-08-21 10:30:00', '00:10:44', '2015-08-10 17:20:46', '2015-08-12 18:26:22', 0),
	(1173, 70, 'Pico 2', 15.36, '2015-08-21 10:45:00', '00:00:00', '2015-08-10 17:20:46', '2015-08-12 18:26:22', 0),
	(1174, 70, 'Wreck Creek', 6.71, '2015-08-21 11:00:00', '00:04:25', '2015-08-10 17:20:46', '2015-08-12 18:26:22', 0),
	(1175, 70, 'Wreck Creek 2', 6.71, '2015-08-21 11:15:00', '00:00:00', '2015-08-10 17:20:46', '2015-08-12 18:26:22', 0),
	(1176, 70, 'Taholah', 18.20, '2015-08-21 11:30:00', '00:12:41', '2015-08-10 17:20:47', '2015-08-12 18:26:22', 0),
	(1177, 70, 'Black Bear Highway', 7.22, '2015-08-21 11:45:00', '00:04:24', '2015-08-10 17:20:47', '2015-08-12 18:26:22', 0),
	(1178, 70, 'Taholah 2', 18.20, '2015-08-21 12:00:00', '00:10:53', '2015-08-10 17:20:47', '2015-08-12 18:26:22', 0),
	(1179, 70, 'Black Bear Highway 2', 7.22, '2015-08-21 12:15:00', '00:04:59', '2015-08-10 17:20:47', '2015-08-12 18:26:22', 0),
	(1183, 71, 'Guide Valley', 4.11, '2015-08-21 09:00:00', '00:02:58', '2015-08-10 17:24:19', '2015-08-12 18:26:22', 0),
	(1184, 71, 'Tewkesbury', 4.71, '2015-08-21 09:15:00', '00:00:00', '2015-08-10 17:24:19', '2015-08-12 18:26:22', 0),
	(1185, 71, 'Hellyer Leslie', 19.20, '2015-08-21 09:30:00', '00:13:15', '2015-08-10 17:24:19', '2015-08-12 18:26:22', 0),
	(1186, 71, 'Hellyer Leslie 2', 19.20, '2015-08-21 09:45:00', '00:12:38', '2015-08-10 17:24:19', '2015-08-12 18:26:22', 0),
	(1187, 71, 'Savage River', 24.99, '2015-08-21 10:00:00', '00:16:11', '2015-08-10 17:24:19', '2015-08-12 18:26:22', 0),
	(1188, 71, 'Savage River 2', 24.99, '2015-08-21 10:15:00', '00:15:09', '2015-08-10 17:24:19', '2015-08-12 18:26:22', 0),
	(1189, 71, 'Hellyer Leslie 3', 19.20, '2015-08-21 10:30:00', '00:00:00', '2015-08-10 17:24:19', '2015-08-12 18:26:22', 0),
	(1190, 71, 'Yolla North', 5.83, '2015-08-21 10:45:00', '00:03:58', '2015-08-10 17:24:19', '2015-08-12 18:26:22', 0),
	(1191, 71, 'Oldina North', 7.53, '2015-08-21 11:00:00', '00:05:07', '2015-08-10 17:24:19', '2015-08-12 18:26:22', 0),
	(1192, 71, 'Yolla North 2', 5.83, '2015-08-21 11:15:00', '00:03:33', '2015-08-10 17:24:19', '2015-08-12 18:26:22', 0),
	(1193, 71, 'Oldina North 2', 7.53, '2015-08-21 11:30:00', '00:04:38', '2015-08-10 17:24:19', '2015-08-12 18:26:22', 0),
	(1194, 71, 'Paloona Dam', 5.15, '2015-08-21 11:45:00', '00:03:35', '2015-08-10 17:24:19', '2015-08-12 18:26:22', 0),
	(1195, 71, 'Mt. Roland', 7.53, '2015-08-21 12:00:00', '00:04:51', '2015-08-10 17:24:19', '2015-08-12 18:26:22', 0),
	(1196, 71, 'King Solomon', 15.80, '2015-08-21 12:15:00', '00:09:33', '2015-08-10 17:24:19', '2015-08-12 18:26:22', 0),
	(1197, 71, 'Gog Range', 7.31, '2015-08-21 12:30:00', '00:00:00', '2015-08-10 17:24:20', '2015-08-12 18:26:22', 0),
	(1198, 71, 'Mt. Roland 2', 7.53, '2015-08-21 12:45:00', '00:04:27', '2015-08-10 17:24:20', '2015-08-12 18:26:22', 0),
	(1199, 71, 'King Solomon 2', 15.80, '2015-08-21 13:00:00', '00:10:49', '2015-08-10 17:24:20', '2015-08-12 18:26:22', 0),
	(1200, 72, 'Lysgard', 14.36, '2015-08-21 09:00:00', '00:08:36', '2015-08-10 17:28:35', '2015-08-12 18:26:22', 0),
	(1201, 72, 'Kjellerup', 2.56, '2015-08-21 09:15:00', '00:01:05', '2015-08-10 17:28:36', '2015-08-12 18:26:22', 0),
	(1202, 72, 'Sjorslev', 20.85, '2015-08-21 09:30:00', '00:00:00', '2015-08-10 17:28:36', '2015-08-12 18:26:22', 0),
	(1203, 72, 'Demstrup', 6.41, '2015-08-21 09:45:00', '00:04:08', '2015-08-10 17:28:36', '2015-08-12 18:26:22', 0),
	(1204, 72, 'Lysgard 2', 14.36, '2015-08-21 10:00:00', '00:00:00', '2015-08-10 17:28:37', '2015-08-12 18:26:22', 0),
	(1205, 72, 'Kjellerup 2', 2.56, '2015-08-21 10:15:00', '00:00:00', '2015-08-10 17:28:37', '2015-08-12 18:26:22', 0),
	(1206, 72, 'Sjorslev 2', 20.85, '2015-08-21 10:30:00', '00:12:47', '2015-08-10 17:28:37', '2015-08-12 18:26:22', 0),
	(1207, 72, 'Demstrup 2', 6.41, '2015-08-21 10:45:00', '00:00:00', '2015-08-10 17:28:38', '2015-08-12 18:26:22', 0),
	(1208, 72, 'Hindberg', 7.38, '2015-08-21 11:00:00', '00:00:00', '2015-08-10 17:28:38', '2015-08-12 18:26:22', 0),
	(1209, 72, 'Frederiksdal', 8.99, '2015-08-21 11:15:00', '00:05:43', '2015-08-10 17:28:39', '2015-08-12 18:26:22', 0),
	(1210, 72, 'Hinge', 6.51, '2015-08-21 11:30:00', '00:03:08', '2015-08-10 17:28:39', '2015-08-12 18:26:22', 0),
	(1211, 72, 'Hindberg 2', 7.38, '2015-08-21 11:45:00', '00:04:49', '2015-08-10 17:28:39', '2015-08-12 18:26:22', 0),
	(1212, 72, 'Frederiksdal 2', 8.99, '2015-08-21 12:00:00', '00:00:00', '2015-08-10 17:28:39', '2015-08-12 18:26:22', 0),
	(1213, 72, 'Hinge 2', 6.51, '2015-08-21 12:15:00', '00:00:00', '2015-08-10 17:28:39', '2015-08-12 18:26:22', 0),
	(1214, 72, 'Kjellerup 3', 2.56, '2015-08-21 12:30:00', '00:00:00', '2015-08-10 17:28:39', '2015-08-12 18:26:22', 0),
	(1217, 73, 'Saporro', 1.85, '2015-08-21 09:00:00', '00:01:23', '2015-08-10 17:30:34', '2015-08-12 18:26:22', 0),
	(1218, 73, 'Saporro 2', 1.85, '2015-08-21 09:15:00', '00:01:02', '2015-08-10 17:30:34', '2015-08-12 18:26:22', 0),
	(1219, 73, 'Iwanke', 26.67, '2015-08-21 09:30:00', '00:16:47', '2015-08-10 17:30:34', '2015-08-12 18:26:22', 0),
	(1220, 73, 'Kamauycep', 33.69, '2015-08-21 09:45:00', '00:20:32', '2015-08-10 17:30:34', '2015-08-12 18:26:22', 0),
	(1221, 73, 'Kina', 9.25, '2015-08-21 10:00:00', '00:00:00', '2015-08-10 17:30:34', '2015-08-12 18:26:22', 0),
	(1222, 73, 'Iwanke 2', 26.67, '2015-08-21 10:15:00', '00:00:00', '2015-08-10 17:30:34', '2015-08-12 18:26:22', 0),
	(1223, 73, 'Kamuycep 2', 33.34, '2015-08-21 10:30:00', '00:22:05', '2015-08-10 17:30:35', '2015-08-12 18:26:22', 0),
	(1224, 73, 'Kina 2', 9.25, '2015-08-21 10:45:00', '00:05:31', '2015-08-10 17:30:35', '2015-08-12 18:26:22', 0),
	(1225, 73, 'Saporro 3', 1.85, '2015-08-21 11:00:00', '00:01:17', '2015-08-10 17:30:35', '2015-08-12 18:26:22', 0),
	(1226, 73, 'Saporro 4', 1.85, '2015-08-21 11:15:00', '00:01:17', '2015-08-10 17:30:35', '2015-08-12 18:26:22', 0),
	(1227, 73, 'Nikara', 17.30, '2015-08-21 11:30:00', '00:00:00', '2015-08-10 17:30:35', '2015-08-12 18:26:22', 0),
	(1228, 73, 'Sikot', 27.28, '2015-08-21 11:45:00', '00:16:46', '2015-08-10 17:30:35', '2015-08-12 18:26:22', 0),
	(1229, 73, 'Koyka', 3.66, '2015-08-21 12:00:00', '00:02:39', '2015-08-10 17:30:35', '2015-08-12 18:26:22', 0),
	(1230, 73, 'Nikara 2', 17.30, '2015-08-21 12:15:00', '00:00:00', '2015-08-10 17:30:35', '2015-08-12 18:26:22', 0),
	(1231, 73, 'Sikot 2', 27.28, '2015-08-21 12:30:00', '00:15:43', '2015-08-10 17:30:35', '2015-08-12 18:26:22', 0),
	(1232, 73, 'Koyka 2', 3.66, '2015-08-21 12:45:00', '00:02:42', '2015-08-10 17:30:35', '2015-08-12 18:26:22', 0),
	(1233, 73, 'Saporro 5', 1.85, '2015-08-21 13:00:00', '00:01:09', '2015-08-10 17:30:35', '2015-08-12 18:26:22', 0),
	(1234, 74, 'Krzeszowice Rynek', 1.35, '2015-08-22 09:00:00', '00:00:00', '2015-08-10 17:47:58', '2015-08-12 18:26:22', 0),
	(1235, 74, 'Krzeszowice - Zalas', 7.53, '2015-08-22 09:15:00', '00:04:04', '2015-08-10 17:47:58', '2015-08-12 18:26:22', 0),
	(1236, 74, 'Sanka - Tenczynek', 6.84, '2015-08-22 09:30:00', '00:04:37', '2015-08-10 17:47:58', '2015-08-12 18:26:22', 0),
	(1237, 74, 'Tenczynek - Paczoltowice Golf', 10.51, '2015-08-22 09:45:00', '00:06:48', '2015-08-10 17:47:58', '2015-08-12 18:26:22', 0),
	(1238, 74, 'Paczoltowice Golf - Nowa Gora', 11.94, '2015-08-22 10:00:00', '00:00:00', '2015-08-10 17:47:58', '2015-08-12 18:26:22', 0),
	(1239, 74, 'Nowa Gora - Trzebinia Chechlo', 15.75, '2015-08-22 10:15:00', '00:10:06', '2015-08-10 17:47:58', '2015-08-12 18:26:22', 0),
	(1240, 74, 'Trzebinia Chechlo - Rudno', 17.63, '2015-08-22 10:30:00', '00:00:00', '2015-08-10 17:47:58', '2015-08-12 18:26:22', 0),
	(1241, 74, 'Rudno Zamek', 1.88, '2015-08-22 10:45:00', '00:01:22', '2015-08-10 17:47:58', '2015-08-12 18:26:22', 0),
	(1242, 74, 'Rudno - Krzeszowice', 9.46, '2015-08-22 11:00:00', '00:00:00', '2015-08-10 17:47:58', '2015-08-12 18:26:22', 0),
	(1243, 74, 'Krzeszowice - Rudawa', 8.26, '2015-08-22 11:15:00', '00:00:00', '2015-08-10 17:47:58', '2015-08-12 18:26:22', 0),
	(1244, 74, 'Rudawa - Siedlec', 4.36, '2015-08-22 11:30:00', '00:02:09', '2015-08-10 17:47:58', '2015-08-12 18:26:22', 0),
	(1245, 74, 'Siedlec - Krzeszowice', 4.46, '2015-08-22 11:45:00', '00:00:00', '2015-08-10 17:47:58', '2015-08-12 18:26:22', 0),
	(1246, 74, 'Krzeszowice Rynek 2', 1.35, '2015-08-22 12:00:00', '00:00:00', '2015-08-10 17:47:59', '2015-08-12 18:26:22', 0),
	(1247, 74, 'Krzeszowice - Czerna', 3.59, '2015-08-22 12:15:00', '00:02:18', '2015-08-10 17:47:59', '2015-08-12 18:26:22', 0),
	(1248, 74, 'Czerna - Filipowice', 7.33, '2015-08-22 12:30:00', '00:05:06', '2015-08-10 17:47:59', '2015-08-12 18:26:22', 0),
	(1249, 74, 'Krzeszowice Rynek 3', 1.35, '2015-08-22 12:45:00', '00:00:00', '2015-08-10 17:47:59', '2015-08-12 18:26:22', 0),
	(1251, 75, 'Bochnia Rynek', 1.70, '2015-08-21 09:00:00', '00:01:03', '2015-08-11 11:03:43', '2015-08-12 18:26:22', 0),
	(1252, 75, 'Bo-Glass', 5.14, '2015-08-21 09:15:00', '00:03:45', '2015-08-11 11:03:43', '2015-08-12 18:26:22', 0),
	(1253, 75, 'Lapanow', 8.40, '2015-08-21 09:30:00', '00:05:37', '2015-08-11 11:03:43', '2015-08-12 18:26:22', 0),
	(1254, 75, 'Lapanow - Laskowa', 23.30, '2015-08-21 09:45:00', '00:00:00', '2015-08-11 11:03:44', '2015-08-12 18:26:22', 0),
	(1255, 75, 'Laskowa - Krosna', 7.24, '2015-08-21 10:00:00', '00:04:34', '2015-08-11 11:03:44', '2015-08-12 18:26:22', 0),
	(1256, 75, 'Krosna - Bilsko', 11.47, '2015-08-21 10:15:00', '00:00:00', '2015-08-11 11:03:44', '2015-08-12 18:26:22', 0),
	(1257, 75, 'Bilsko - Iwkowa', 11.89, '2015-08-21 10:30:00', '00:00:00', '2015-08-11 11:03:44', '2015-08-12 18:26:22', 0),
	(1258, 75, 'Iwkowa - Lipnica Murowana', 13.94, '2015-08-21 10:45:00', '00:08:57', '2015-08-11 11:03:44', '2015-08-12 18:26:22', 0),
	(1259, 75, 'Lipnica Murowana - Nowy Wisnicz', 8.85, '2015-08-21 11:00:00', '00:06:09', '2015-08-11 11:03:44', '2015-08-12 18:26:22', 0),
	(1260, 75, 'Nowy Wisnicz - Bochnia', 7.86, '2015-08-21 11:15:00', '00:05:38', '2015-08-11 11:03:44', '2015-08-12 18:26:22', 0),
	(1261, 75, 'Bochnia Rynek 2', 1.70, '2015-08-21 11:30:00', '00:01:00', '2015-08-11 11:03:44', '2015-08-12 18:26:22', 0),
	(1262, 75, 'Rzezawa - Nowe Brzesko', 25.68, '2015-08-21 11:45:00', '00:17:31', '2015-08-11 11:03:44', '2015-08-12 18:26:22', 0),
	(1263, 75, 'Nowe Brzesko - Niepolomice', 20.37, '2015-08-21 12:00:00', '00:12:00', '2015-08-11 11:03:44', '2015-08-12 18:26:22', 0),
	(1264, 75, 'Niepolomice - Bochnia', 20.17, '2015-08-21 12:15:00', '00:12:06', '2015-08-11 11:03:44', '2015-08-12 18:26:22', 0),
	(1265, 75, 'Bochnia Rynek 3', 1.70, '2015-08-21 12:30:00', '00:01:09', '2015-08-11 11:03:44', '2015-08-12 18:26:22', 0),
	(1268, 76, 'Krakow Rynek', 2.85, '2015-08-21 09:00:00', '00:00:00', '2015-08-11 11:13:27', '2015-08-12 18:26:22', 0),
	(1269, 76, 'Kazimierz - Ruczaj', 5.69, '2015-08-21 09:15:00', '00:00:00', '2015-08-11 11:13:27', '2015-08-12 18:26:22', 0),
	(1270, 76, 'Ruczaj - Skawina', 9.39, '2015-08-21 09:30:00', '00:05:54', '2015-08-11 11:13:27', '2015-08-12 18:26:22', 0),
	(1271, 76, 'Skawina - Liszki', 14.27, '2015-08-21 09:45:00', '00:00:00', '2015-08-11 11:13:28', '2015-08-12 18:26:22', 0),
	(1272, 76, 'Liszki - Brzoskwinia', 10.50, '2015-08-21 10:00:00', '00:06:09', '2015-08-11 11:13:28', '2015-08-12 18:26:22', 0),
	(1273, 76, 'Brzoskwinia - Zabierzow', 10.53, '2015-08-21 10:15:00', '00:07:19', '2015-08-11 11:13:28', '2015-08-12 18:26:22', 0),
	(1274, 76, 'Zabierzow - Skala', 21.37, '2015-08-21 10:30:00', '00:12:06', '2015-08-11 11:13:28', '2015-08-12 18:26:22', 0),
	(1275, 76, 'Skala - Miechow', 28.10, '2015-08-21 10:45:00', '00:19:16', '2015-08-11 11:13:28', '2015-08-12 18:26:22', 0),
	(1276, 76, 'Miechow - Slomniki', 15.97, '2015-08-21 11:00:00', '00:09:45', '2015-08-11 11:13:28', '2015-08-12 18:26:22', 0),
	(1277, 76, 'Slomniki - Proszowice', 17.88, '2015-08-21 11:15:00', '00:10:31', '2015-08-11 11:13:28', '2015-08-12 18:26:22', 0),
	(1278, 76, 'Proszowice - Nowa Huta', 24.31, '2015-08-21 11:30:00', '00:15:56', '2015-08-11 11:13:28', '2015-08-12 18:26:22', 0),
	(1279, 76, 'Nowa Huta - Plaszow', 17.54, '2015-08-21 11:45:00', '00:00:00', '2015-08-11 11:13:28', '2015-08-12 18:26:22', 0),
	(1280, 76, 'Plaszow - Wieliczka', 10.43, '2015-08-21 12:00:00', '00:06:06', '2015-08-11 11:13:28', '2015-08-12 18:26:22', 0),
	(1281, 76, 'Wieliczka - Rybitwy', 10.48, '2015-08-21 12:15:00', '00:00:00', '2015-08-11 11:13:28', '2015-08-12 18:26:22', 0),
	(1282, 76, 'Rybitwy - Wawel', 7.85, '2015-08-21 12:30:00', '00:05:18', '2015-08-11 11:13:28', '2015-08-12 18:26:22', 0),
	(1283, 76, 'Krakow Rynek 2', 2.85, '2015-08-21 12:45:00', '00:00:00', '2015-08-11 11:13:28', '2015-08-12 18:26:22', 0),
	(1285, 77, 'Gdansk - Gdynia', 34.19, '2015-08-21 09:00:00', '00:00:00', '2015-08-11 11:24:14', '2015-08-12 18:26:22', 0),
	(1286, 77, 'Gdynia - Puck', 32.30, '2015-08-21 09:15:00', '00:20:24', '2015-08-11 11:24:14', '2015-08-12 18:26:22', 0),
	(1287, 77, 'Gdynia - Wladyslawowo', 14.39, '2015-08-21 09:30:00', '00:08:24', '2015-08-11 11:24:14', '2015-08-12 18:26:22', 0),
	(1288, 77, 'Wladyslawowo - Hel', 34.45, '2015-08-21 09:45:00', '00:22:03', '2015-08-11 11:24:14', '2015-08-12 18:26:22', 0),
	(1289, 77, 'Debki - Leba', 40.23, '2015-08-21 10:00:00', '00:00:00', '2015-08-11 11:24:14', '2015-08-12 18:26:22', 0),
	(1290, 77, 'Leba - Lebork', 29.90, '2015-08-21 10:15:00', '00:18:04', '2015-08-11 11:24:14', '2015-08-12 18:26:22', 0),
	(1291, 77, 'Lebork - Damno', 32.48, '2015-08-21 10:30:00', '00:20:01', '2015-08-11 11:24:14', '2015-08-12 18:26:22', 0),
	(1292, 77, 'Damno - Slupsk', 22.97, '2015-08-21 10:45:00', '00:14:38', '2015-08-11 11:24:14', '2015-08-12 18:26:22', 0),
	(1293, 77, 'Slupsk - Ustka', 18.97, '2015-08-21 11:00:00', '00:12:42', '2015-08-11 11:24:14', '2015-08-12 18:26:22', 0),
	(1294, 77, 'Ustka - Jaroslawiec', 28.54, '2015-08-21 11:15:00', '00:00:00', '2015-08-11 11:24:14', '2015-08-12 18:26:22', 0),
	(1295, 77, 'Jaroslawiec - Darlowo', 17.41, '2015-08-21 11:30:00', '00:11:38', '2015-08-11 11:24:14', '2015-08-12 18:26:22', 0),
	(1296, 77, 'Darlowo - Lazy', 27.65, '2015-08-21 11:45:00', '00:17:03', '2015-08-11 11:24:14', '2015-08-12 18:26:22', 0),
	(1297, 77, 'Lazy - Mielno', 9.59, '2015-08-21 12:00:00', '00:00:00', '2015-08-11 11:24:14', '2015-08-12 18:26:22', 0),
	(1298, 77, 'Mielno - Gaski', 10.66, '2015-08-21 12:15:00', '00:00:00', '2015-08-11 11:24:14', '2015-08-12 18:26:22', 0),
	(1299, 77, 'Gaski - Ustronie', 12.83, '2015-08-21 12:30:00', '00:00:00', '2015-08-11 11:24:15', '2015-08-12 18:26:22', 0),
	(1300, 77, 'Ustronie - Kolobrzeg', 13.68, '2015-08-21 12:45:00', '00:00:00', '2015-08-11 11:24:15', '2015-08-12 18:26:22', 0),
	(1301, 77, 'Kolobrzeg Rynek 1', 1.40, '2015-08-21 13:00:00', '00:00:09', '2015-08-11 11:24:15', '2015-08-12 18:26:22', 0),
	(1302, 78, 'Upper Old Hastings', 11.46, '2015-08-20 09:00:00', '00:00:00', '2015-08-11 11:38:06', '2015-08-12 18:26:22', 0),
	(1303, 78, 'Peanut 101', 15.14, '2015-08-20 09:15:00', '00:00:00', '2015-08-11 11:38:07', '2015-08-12 18:26:22', 0),
	(1304, 78, 'Upper Old Hastings 2', 11.46, '2015-08-20 09:30:00', '00:07:17', '2015-08-11 11:38:07', '2015-08-12 18:26:22', 0),
	(1305, 78, 'Old Detlor', 12.38, '2015-08-20 09:45:00', '00:08:25', '2015-08-11 11:38:07', '2015-08-12 18:26:22', 0),
	(1306, 78, 'Iron Bridge', 7.45, '2015-08-20 10:00:00', '00:04:54', '2015-08-11 11:38:07', '2015-08-12 18:26:22', 0),
	(1307, 78, 'Mayo Lake 101', 30.78, '2015-08-20 10:15:00', '00:18:08', '2015-08-11 11:38:07', '2015-08-12 18:26:22', 0),
	(1308, 78, 'Iron Bridge 2', 7.45, '2015-08-20 10:30:00', '00:04:48', '2015-08-11 11:38:07', '2015-08-12 18:26:22', 0),
	(1309, 78, 'Egan Creek', 27.95, '2015-08-20 10:45:00', '00:00:00', '2015-08-11 11:38:07', '2015-08-12 18:26:22', 0),
	(1310, 78, 'Lower Old Hastings', 14.73, '2015-08-20 11:00:00', '00:10:12', '2015-08-11 11:38:07', '2015-08-12 18:26:22', 0),
	(1311, 78, 'Middle Old Hastings', 7.25, '2015-08-20 11:15:00', '00:04:17', '2015-08-11 11:38:07', '2015-08-12 18:26:22', 0),
	(1312, 78, 'Golton', 2.17, '2015-08-20 11:30:00', '00:01:49', '2015-08-11 11:38:07', '2015-08-12 18:26:22', 0),
	(1313, 78, 'Golton 2', 2.17, '2015-08-20 11:45:00', '00:01:32', '2015-08-11 11:38:07', '2015-08-12 18:26:22', 0),
	(1314, 78, 'Egan 101', 31.93, '2015-08-20 12:00:00', '00:00:00', '2015-08-11 11:38:07', '2015-08-12 18:26:22', 0),
	(1315, 78, 'Lower Old Hastings 2', 14.73, '2015-08-20 12:15:00', '00:08:31', '2015-08-11 11:38:07', '2015-08-12 18:26:22', 0),
	(1316, 78, 'Middle Old Hastings', 7.22, '2015-08-20 12:30:00', '00:00:00', '2015-08-11 11:38:08', '2015-08-12 18:26:22', 0),
	(1319, 79, 'Transfagarasan Cascada', 9.59, '2015-08-13 09:00:00', '00:06:19', '2015-08-11 11:57:54', '2015-08-12 18:26:22', 0),
	(1320, 79, 'Transfagarasan Lac', 6.24, '2015-08-13 09:15:00', '00:03:56', '2015-08-11 11:57:54', '2015-08-12 18:26:22', 0),
	(1321, 79, 'Transfagarasan Lac 2', 6.24, '2015-08-13 09:30:00', '00:00:00', '2015-08-11 11:57:54', '2015-08-12 18:26:22', 0),
	(1322, 79, 'Transfagarasan Cascada 2', 9.59, '2015-08-13 09:45:00', '00:00:00', '2015-08-11 11:57:54', '2015-08-12 18:26:22', 0),
	(1323, 79, 'Baraj', 17.95, '2015-08-13 10:00:00', '00:12:22', '2015-08-11 11:57:55', '2015-08-12 18:26:22', 0),
	(1324, 79, 'Ilielaita', 9.99, '2015-08-13 10:15:00', '00:00:00', '2015-08-11 11:57:55', '2015-08-12 18:26:22', 0),
	(1325, 79, 'Fata Padurii', 14.38, '2015-08-13 10:30:00', '00:00:00', '2015-08-11 11:57:55', '2015-08-12 18:26:22', 0),
	(1326, 79, 'Baraj 2', 17.95, '2015-08-13 10:45:00', '00:00:00', '2015-08-11 11:57:55', '2015-08-12 18:26:22', 0),
	(1327, 79, 'Ilielaita 2', 9.99, '2015-08-13 11:00:00', '00:00:00', '2015-08-11 11:57:55', '2015-08-12 18:26:22', 0),
	(1328, 79, 'Fata Padurii 2', 14.38, '2015-08-13 11:15:00', '00:00:00', '2015-08-11 11:57:55', '2015-08-12 18:26:22', 0),
	(1329, 79, 'Paltinis', 9.75, '2015-08-13 11:30:00', '00:06:38', '2015-08-11 11:57:55', '2015-08-12 18:26:22', 0),
	(1330, 79, 'Paltinis Ski Resort', 15.89, '2015-08-13 11:45:00', '00:09:29', '2015-08-11 11:57:55', '2015-08-12 18:26:22', 0),
	(1331, 79, 'Sadu', 8.39, '2015-08-13 12:00:00', '00:00:00', '2015-08-11 11:57:55', '2015-08-12 18:26:22', 0),
	(1332, 79, 'Muncel', 29.39, '2015-08-13 12:15:00', '00:00:00', '2015-08-11 11:57:55', '2015-08-12 18:26:22', 0),
	(1333, 79, 'Paltinis Ski Resort 2', 15.89, '2015-08-13 12:30:00', '00:09:31', '2015-08-11 11:57:55', '2015-08-12 18:26:22', 0),
	(1334, 79, 'Muzeu', 3.52, '2015-08-13 12:45:00', '00:02:32', '2015-08-11 11:57:55', '2015-08-12 18:26:22', 0),
	(1335, 79, 'Sadu 2', 8.39, '2015-08-13 13:00:00', '00:00:00', '2015-08-11 11:57:55', '2015-08-12 18:26:22', 0),
	(1336, 104, 'Stage 0', 3.59, '2015-08-10 11:15:00', '00:02:22', '2015-08-12 15:28:33', '2015-08-12 18:26:22', 1),
	(1337, 104, 'Stage 1', 8.32, '2015-08-10 11:30:00', '00:05:28', '2015-08-12 15:28:33', '2015-08-12 18:26:23', 1),
	(1338, 104, 'Stage 2', 24.28, '2015-08-10 11:45:00', '00:14:25', '2015-08-12 15:28:33', '2015-08-12 18:26:23', 1),
	(1339, 104, 'Stage 3', 21.36, '2015-08-10 12:00:00', '00:13:42', '2015-08-12 15:28:33', '2015-08-12 18:26:23', 1),
	(1340, 104, 'Stage 4', 23.03, '2015-08-10 12:15:00', '00:15:55', '2015-08-12 15:28:33', '2015-08-12 18:26:23', 1),
	(1341, 104, 'Stage 5', 25.02, '2015-08-10 12:30:00', '00:00:00', '2015-08-12 15:28:33', '2015-08-12 18:26:23', 1),
	(1342, 104, 'Stage 6', 6.61, '2015-08-10 12:45:00', '00:00:00', '2015-08-12 15:28:33', '2015-08-12 18:26:23', 1),
	(1343, 104, 'Stage 7', 28.52, '2015-08-10 13:00:00', '00:00:00', '2015-08-12 15:28:33', '2015-08-12 18:26:23', 1),
	(1344, 104, 'Stage 8', 7.56, '2015-08-10 13:15:00', '00:00:00', '2015-08-12 15:28:33', '2015-08-12 18:26:23', 1),
	(1345, 104, 'Stage 9', 17.18, '2015-08-10 13:30:00', '00:11:56', '2015-08-12 15:28:33', '2015-08-12 18:26:23', 1),
	(1346, 104, 'Stage 10', 7.96, '2015-08-10 13:45:00', '00:05:31', '2015-08-12 15:28:33', '2015-08-12 18:26:23', 1),
	(1347, 104, 'Stage 11', 14.43, '2015-08-10 14:00:00', '00:09:22', '2015-08-12 15:28:33', '2015-08-12 18:26:23', 1),
	(1348, 104, 'Stage 12', 21.86, '2015-08-10 14:15:00', '00:00:00', '2015-08-12 15:28:33', '2015-08-12 18:26:23', 1),
	(1349, 104, 'Stage 13', 8.19, '2015-08-10 14:30:00', '00:05:31', '2015-08-12 15:28:33', '2015-08-12 18:26:23', 1),
	(1350, 104, 'Stage 14', 22.38, '2015-08-10 14:45:00', '00:15:27', '2015-08-12 15:28:33', '2015-08-12 18:26:23', 1),
	(1351, 104, 'Stage 15', 24.51, '2015-08-10 15:00:00', '00:00:00', '2015-08-12 15:28:33', '2015-08-12 18:26:23', 1),
	(1352, 104, 'Stage 16', 23.78, '2015-08-10 15:15:00', '00:14:34', '2015-08-12 15:28:33', '2015-08-12 18:26:23', 1),
	(1353, 104, 'Stage 17', 27.41, '2015-08-10 15:30:00', '00:00:00', '2015-08-12 15:28:33', '2015-08-12 18:26:23', 1),
	(1354, 105, 'Stage 0', 7.17, '2015-08-17 13:30:00', '00:00:00', '2015-08-12 15:28:33', '2015-08-12 18:26:23', 0),
	(1355, 105, 'Stage 1', 26.74, '2015-08-17 13:45:00', '00:17:32', '2015-08-12 15:28:33', '2015-08-12 18:26:23', 0),
	(1356, 105, 'Stage 2', 25.62, '2015-08-17 14:00:00', '00:17:22', '2015-08-12 15:28:33', '2015-08-12 18:26:23', 0),
	(1357, 105, 'Stage 3', 2.66, '2015-08-17 14:15:00', '00:00:00', '2015-08-12 15:28:33', '2015-08-12 18:26:23', 0),
	(1358, 105, 'Stage 4', 13.83, '2015-08-17 14:30:00', '00:08:39', '2015-08-12 15:28:33', '2015-08-12 18:26:23', 0),
	(1359, 105, 'Stage 5', 21.56, '2015-08-17 14:45:00', '00:00:00', '2015-08-12 15:28:33', '2015-08-12 18:26:23', 0),
	(1360, 105, 'Stage 6', 10.92, '2015-08-17 15:00:00', '00:00:00', '2015-08-12 15:28:33', '2015-08-12 18:26:23', 0),
	(1361, 105, 'Stage 7', 11.35, '2015-08-17 15:15:00', '00:07:39', '2015-08-12 15:28:33', '2015-08-12 18:26:23', 0),
	(1362, 105, 'Stage 8', 5.67, '2015-08-17 15:30:00', '00:03:49', '2015-08-12 15:28:33', '2015-08-12 18:26:23', 0),
	(1363, 105, 'Stage 9', 4.22, '2015-08-17 15:45:00', '00:00:00', '2015-08-12 15:28:33', '2015-08-12 18:26:23', 0),
	(1364, 105, 'Stage 10', 7.24, '2015-08-17 16:00:00', '00:04:54', '2015-08-12 15:28:33', '2015-08-12 18:26:23', 0),
	(1365, 105, 'Stage 11', 19.16, '2015-08-17 16:15:00', '00:13:09', '2015-08-12 15:28:33', '2015-08-12 18:26:23', 0),
	(1366, 105, 'Stage 12', 27.39, '2015-08-17 16:30:00', '00:18:21', '2015-08-12 15:28:33', '2015-08-12 18:26:23', 0),
	(1367, 105, 'Stage 13', 13.03, '2015-08-17 16:45:00', '00:00:00', '2015-08-12 15:28:33', '2015-08-12 18:26:23', 0),
	(1368, 105, 'Stage 14', 5.45, '2015-08-17 17:00:00', '00:03:45', '2015-08-12 15:28:33', '2015-08-12 18:26:23', 0),
	(1369, 105, 'Stage 15', 21.44, '2015-08-17 17:15:00', '00:12:22', '2015-08-12 15:28:33', '2015-08-12 18:24:57', 0),
	(1370, 105, 'Stage 16', 14.84, '2015-08-17 17:30:00', '00:00:00', '2015-08-12 15:28:33', '2015-08-12 18:26:23', 0),
	(1371, 105, 'Stage 17', 11.07, '2015-08-17 17:45:00', '00:07:58', '2015-08-12 15:28:33', '2015-08-12 18:26:23', 0),
	(1372, 106, 'Stage 0', 26.23, '2015-08-24 11:45:00', '00:17:58', '2015-08-12 15:28:33', '2015-08-12 18:26:23', 0),
	(1373, 106, 'Stage 1', 5.05, '2015-08-24 12:00:00', '00:03:34', '2015-08-12 15:28:33', '2015-08-12 18:26:23', 0),
	(1374, 106, 'Stage 2', 8.17, '2015-08-24 12:15:00', '00:05:49', '2015-08-12 15:28:33', '2015-08-12 18:26:23', 0),
	(1375, 106, 'Stage 3', 2.25, '2015-08-24 12:30:00', '00:01:03', '2015-08-12 15:28:33', '2015-08-12 18:26:23', 0),
	(1376, 106, 'Stage 4', 9.27, '2015-08-24 12:45:00', '00:05:53', '2015-08-12 15:28:33', '2015-08-12 18:26:23', 0),
	(1377, 106, 'Stage 5', 11.52, '2015-08-24 13:00:00', '00:06:55', '2015-08-12 15:28:33', '2015-08-12 18:26:23', 0),
	(1378, 106, 'Stage 6', 2.73, '2015-08-24 13:15:00', '00:01:58', '2015-08-12 15:28:33', '2015-08-12 18:26:23', 0),
	(1379, 106, 'Stage 7', 19.30, '2015-08-24 13:30:00', '00:12:08', '2015-08-12 15:28:33', '2015-08-12 18:26:23', 0),
	(1380, 106, 'Stage 8', 29.40, '2015-08-24 13:45:00', '00:19:57', '2015-08-12 15:28:33', '2015-08-12 18:26:23', 0),
	(1381, 106, 'Stage 9', 15.27, '2015-08-24 14:00:00', '00:09:04', '2015-08-12 15:28:33', '2015-08-12 18:26:23', 0),
	(1382, 106, 'Stage 10', 4.17, '2015-08-24 14:15:00', '00:02:56', '2015-08-12 15:28:33', '2015-08-12 18:26:23', 0),
	(1383, 106, 'Stage 11', 26.47, '2015-08-24 14:30:00', '00:00:00', '2015-08-12 15:28:33', '2015-08-12 18:26:23', 0),
	(1384, 106, 'Stage 12', 12.44, '2015-08-24 14:45:00', '00:08:24', '2015-08-12 15:28:33', '2015-08-12 18:26:23', 0),
	(1385, 106, 'Stage 13', 12.38, '2015-08-24 15:00:00', '00:07:04', '2015-08-12 15:28:33', '2015-08-12 18:26:23', 0),
	(1386, 106, 'Stage 14', 9.39, '2015-08-24 15:15:00', '00:06:06', '2015-08-12 15:28:33', '2015-08-12 18:26:23', 0),
	(1387, 106, 'Stage 15', 18.68, '2015-08-24 15:30:00', '00:11:58', '2015-08-12 15:28:33', '2015-08-12 18:26:23', 0),
	(1388, 106, 'Stage 16', 9.30, '2015-08-24 15:45:00', '00:05:09', '2015-08-12 15:28:33', '2015-08-12 18:26:23', 0),
	(1389, 106, 'Stage 17', 6.68, '2015-08-24 16:00:00', '00:04:05', '2015-08-12 15:28:33', '2015-08-12 18:26:23', 0),
	(1390, 107, 'Stage 0', 13.21, '2015-08-31 14:45:00', '00:08:55', '2015-08-12 15:28:33', '2015-08-12 18:26:23', 0),
	(1391, 107, 'Stage 1', 15.30, '2015-08-31 15:00:00', '00:09:32', '2015-08-12 15:28:33', '2015-08-12 18:26:23', 0),
	(1392, 107, 'Stage 2', 14.17, '2015-08-31 15:15:00', '00:09:34', '2015-08-12 15:28:33', '2015-08-12 18:26:23', 0),
	(1393, 107, 'Stage 3', 8.64, '2015-08-31 15:30:00', '00:00:00', '2015-08-12 15:28:33', '2015-08-12 18:26:23', 0),
	(1394, 107, 'Stage 4', 9.97, '2015-08-31 15:45:00', '00:00:00', '2015-08-12 15:28:33', '2015-08-12 18:26:23', 0),
	(1395, 107, 'Stage 5', 21.96, '2015-08-31 16:00:00', '00:00:00', '2015-08-12 15:28:33', '2015-08-12 18:26:23', 0),
	(1396, 107, 'Stage 6', 24.64, '2015-08-31 16:15:00', '00:00:00', '2015-08-12 15:28:33', '2015-08-12 18:26:23', 0),
	(1397, 107, 'Stage 7', 18.89, '2015-08-31 16:30:00', '00:00:00', '2015-08-12 15:28:33', '2015-08-12 18:26:23', 0),
	(1398, 107, 'Stage 8', 29.16, '2015-08-31 16:45:00', '00:16:53', '2015-08-12 15:28:33', '2015-08-12 18:26:23', 0),
	(1399, 107, 'Stage 9', 8.88, '2015-08-31 17:00:00', '00:06:06', '2015-08-12 15:28:33', '2015-08-12 18:26:23', 0),
	(1400, 107, 'Stage 10', 15.99, '2015-08-31 17:15:00', '00:09:28', '2015-08-12 15:28:33', '2015-08-12 18:26:23', 0),
	(1401, 107, 'Stage 11', 27.01, '2015-08-31 17:30:00', '00:18:55', '2015-08-12 15:28:33', '2015-08-12 18:26:23', 0),
	(1402, 107, 'Stage 12', 7.91, '2015-08-31 17:45:00', '00:00:00', '2015-08-12 15:28:34', '2015-08-12 18:26:23', 0),
	(1403, 107, 'Stage 13', 24.44, '2015-08-31 18:00:00', '00:00:00', '2015-08-12 15:28:34', '2015-08-12 18:26:23', 0),
	(1404, 107, 'Stage 14', 28.87, '2015-08-31 18:15:00', '00:00:00', '2015-08-12 15:28:34', '2015-08-12 18:26:23', 0),
	(1405, 107, 'Stage 15', 11.14, '2015-08-31 18:30:00', '00:00:00', '2015-08-12 15:28:34', '2015-08-12 18:26:23', 0),
	(1406, 107, 'Stage 16', 13.75, '2015-08-31 18:45:00', '00:09:02', '2015-08-12 15:28:34', '2015-08-12 18:26:23', 0),
	(1407, 107, 'Stage 17', 9.82, '2015-08-31 19:00:00', '00:00:00', '2015-08-12 15:28:34', '2015-08-12 18:26:23', 0),
	(1408, 108, 'Stage 0', 2.23, '2015-09-07 11:30:00', '00:01:28', '2015-08-12 15:28:34', '2015-08-12 18:26:23', 0),
	(1409, 108, 'Stage 1', 3.68, '2015-09-07 11:45:00', '00:02:32', '2015-08-12 15:28:34', '2015-08-12 18:26:23', 0),
	(1410, 108, 'Stage 2', 17.55, '2015-09-07 12:00:00', '00:00:00', '2015-08-12 15:28:34', '2015-08-12 18:26:23', 0),
	(1411, 108, 'Stage 3', 24.45, '2015-09-07 12:15:00', '00:14:17', '2015-08-12 15:28:34', '2015-08-12 18:26:23', 0),
	(1412, 108, 'Stage 4', 6.31, '2015-09-07 12:30:00', '00:00:00', '2015-08-12 15:28:34', '2015-08-12 18:26:23', 0),
	(1413, 108, 'Stage 5', 23.05, '2015-09-07 12:45:00', '00:14:25', '2015-08-12 15:28:34', '2015-08-12 18:26:23', 0),
	(1414, 108, 'Stage 6', 3.63, '2015-09-07 13:00:00', '00:02:35', '2015-08-12 15:28:34', '2015-08-12 18:26:23', 0),
	(1415, 108, 'Stage 7', 12.09, '2015-09-07 13:15:00', '00:08:28', '2015-08-12 15:28:34', '2015-08-12 18:26:23', 0),
	(1416, 108, 'Stage 8', 22.86, '2015-09-07 13:30:00', '00:15:13', '2015-08-12 15:28:34', '2015-08-12 18:26:23', 0),
	(1417, 108, 'Stage 9', 17.48, '2015-09-07 13:45:00', '00:00:00', '2015-08-12 15:28:34', '2015-08-12 18:26:23', 0),
	(1418, 108, 'Stage 10', 4.10, '2015-09-07 14:00:00', '00:00:00', '2015-08-12 15:28:34', '2015-08-12 18:26:23', 0),
	(1419, 108, 'Stage 11', 8.89, '2015-09-07 14:15:00', '00:05:58', '2015-08-12 15:28:34', '2015-08-12 18:26:23', 0),
	(1420, 108, 'Stage 12', 7.29, '2015-09-07 14:30:00', '00:04:35', '2015-08-12 15:28:34', '2015-08-12 18:26:23', 0),
	(1421, 108, 'Stage 13', 2.35, '2015-09-07 14:45:00', '00:00:00', '2015-08-12 15:28:34', '2015-08-12 18:26:23', 0),
	(1422, 108, 'Stage 14', 10.04, '2015-09-07 15:00:00', '00:06:05', '2015-08-12 15:28:34', '2015-08-12 18:26:23', 0),
	(1423, 108, 'Stage 15', 16.71, '2015-09-07 15:15:00', '00:10:09', '2015-08-12 15:28:34', '2015-08-12 18:26:23', 0),
	(1424, 108, 'Stage 16', 2.68, '2015-09-07 15:30:00', '00:00:00', '2015-08-12 15:28:34', '2015-08-12 18:26:23', 0),
	(1425, 108, 'Stage 17', 13.31, '2015-09-07 15:45:00', '00:00:00', '2015-08-12 15:28:34', '2015-08-12 18:26:23', 0),
	(1426, 109, 'Stage 0', 24.10, '2015-09-14 11:00:00', '00:00:00', '2015-08-12 15:28:34', '2015-08-12 18:26:23', 0),
	(1427, 109, 'Stage 1', 26.36, '2015-09-14 11:15:00', '00:00:00', '2015-08-12 15:28:34', '2015-08-12 18:26:23', 0),
	(1428, 109, 'Stage 2', 29.65, '2015-09-14 11:30:00', '00:18:54', '2015-08-12 15:28:34', '2015-08-12 18:26:23', 0),
	(1429, 109, 'Stage 3', 10.58, '2015-09-14 11:45:00', '00:07:24', '2015-08-12 15:28:34', '2015-08-12 18:26:23', 0),
	(1430, 109, 'Stage 4', 12.66, '2015-09-14 12:00:00', '00:00:00', '2015-08-12 15:28:34', '2015-08-12 18:26:23', 0),
	(1431, 109, 'Stage 5', 28.15, '2015-09-14 12:15:00', '00:18:43', '2015-08-12 15:28:34', '2015-08-12 18:26:23', 0),
	(1432, 109, 'Stage 6', 26.56, '2015-09-14 12:30:00', '00:00:00', '2015-08-12 15:28:34', '2015-08-12 18:26:23', 0),
	(1433, 109, 'Stage 7', 20.13, '2015-09-14 12:45:00', '00:13:22', '2015-08-12 15:28:34', '2015-08-12 18:26:23', 0),
	(1434, 109, 'Stage 8', 24.97, '2015-09-14 13:00:00', '00:15:01', '2015-08-12 15:28:34', '2015-08-12 18:26:23', 0),
	(1435, 109, 'Stage 9', 20.69, '2015-09-14 13:15:00', '00:00:00', '2015-08-12 15:28:34', '2015-08-12 18:26:23', 0),
	(1436, 109, 'Stage 10', 29.61, '2015-09-14 13:30:00', '00:00:00', '2015-08-12 15:28:34', '2015-08-12 18:26:23', 0),
	(1437, 109, 'Stage 11', 6.62, '2015-09-14 13:45:00', '00:00:00', '2015-08-12 15:28:34', '2015-08-12 18:26:23', 0),
	(1438, 109, 'Stage 12', 8.62, '2015-09-14 14:00:00', '00:00:00', '2015-08-12 15:28:34', '2015-08-12 18:26:23', 0),
	(1439, 109, 'Stage 13', 18.87, '2015-09-14 14:15:00', '00:11:26', '2015-08-12 15:28:34', '2015-08-12 18:26:23', 0),
	(1440, 109, 'Stage 14', 17.42, '2015-09-14 14:30:00', '00:00:00', '2015-08-12 15:28:34', '2015-08-12 18:26:23', 0),
	(1441, 109, 'Stage 15', 21.70, '2015-09-14 14:45:00', '00:12:52', '2015-08-12 15:28:34', '2015-08-12 18:26:23', 0),
	(1442, 109, 'Stage 16', 15.73, '2015-09-14 15:00:00', '00:10:42', '2015-08-12 15:28:34', '2015-08-12 18:26:23', 0),
	(1443, 109, 'Stage 17', 8.48, '2015-09-14 15:15:00', '00:05:33', '2015-08-12 15:28:34', '2015-08-12 18:26:23', 0),
	(1444, 110, 'Stage 0', 6.19, '2015-09-21 10:15:00', '00:00:00', '2015-08-12 15:28:34', '2015-08-12 18:26:23', 0),
	(1445, 110, 'Stage 1', 16.76, '2015-09-21 10:30:00', '00:09:05', '2015-08-12 15:28:34', '2015-08-12 18:26:23', 0),
	(1446, 110, 'Stage 2', 7.60, '2015-09-21 10:45:00', '00:04:47', '2015-08-12 15:28:34', '2015-08-12 18:26:23', 0),
	(1447, 110, 'Stage 3', 7.73, '2015-09-21 11:00:00', '00:04:54', '2015-08-12 15:28:34', '2015-08-12 18:26:23', 0),
	(1448, 110, 'Stage 4', 8.79, '2015-09-21 11:15:00', '00:06:04', '2015-08-12 15:28:34', '2015-08-12 18:26:23', 0),
	(1449, 110, 'Stage 5', 25.67, '2015-09-21 11:30:00', '00:00:00', '2015-08-12 15:28:34', '2015-08-12 18:26:23', 0),
	(1450, 110, 'Stage 6', 15.69, '2015-09-21 11:45:00', '00:10:33', '2015-08-12 15:28:34', '2015-08-12 18:26:23', 0),
	(1451, 110, 'Stage 7', 8.43, '2015-09-21 12:00:00', '00:05:09', '2015-08-12 15:28:34', '2015-08-12 18:26:23', 0),
	(1452, 110, 'Stage 8', 8.40, '2015-09-21 12:15:00', '00:00:00', '2015-08-12 15:28:34', '2015-08-12 18:26:23', 0),
	(1453, 110, 'Stage 9', 11.69, '2015-09-21 12:30:00', '00:00:00', '2015-08-12 15:28:34', '2015-08-12 18:26:23', 0),
	(1454, 110, 'Stage 10', 23.32, '2015-09-21 12:45:00', '00:13:36', '2015-08-12 15:28:34', '2015-08-12 18:26:23', 0),
	(1455, 110, 'Stage 11', 29.61, '2015-09-21 13:00:00', '00:00:00', '2015-08-12 15:28:34', '2015-08-12 18:26:23', 0),
	(1456, 110, 'Stage 12', 13.03, '2015-09-21 13:15:00', '00:07:04', '2015-08-12 15:28:34', '2015-08-12 18:26:23', 0),
	(1457, 110, 'Stage 13', 29.99, '2015-09-21 13:30:00', '00:18:07', '2015-08-12 15:28:34', '2015-08-12 18:26:23', 0),
	(1458, 110, 'Stage 14', 2.28, '2015-09-21 13:45:00', '00:01:38', '2015-08-12 15:28:34', '2015-08-12 18:26:23', 0),
	(1459, 110, 'Stage 15', 7.86, '2015-09-21 14:00:00', '00:05:39', '2015-08-12 15:28:34', '2015-08-12 18:26:23', 0),
	(1460, 110, 'Stage 16', 8.40, '2015-09-21 14:15:00', '00:05:03', '2015-08-12 15:28:34', '2015-08-12 18:26:23', 0),
	(1461, 110, 'Stage 17', 18.07, '2015-09-21 14:30:00', '00:10:35', '2015-08-12 15:28:34', '2015-08-12 18:26:23', 0),
	(1462, 111, 'Stage 0', 12.20, '2015-09-28 08:45:00', '00:00:00', '2015-08-12 15:28:34', '2015-08-12 18:26:23', 0),
	(1463, 111, 'Stage 1', 24.73, '2015-09-28 09:00:00', '00:15:49', '2015-08-12 15:28:34', '2015-08-12 18:26:23', 0),
	(1464, 111, 'Stage 2', 29.75, '2015-09-28 09:15:00', '00:20:16', '2015-08-12 15:28:34', '2015-08-12 18:26:23', 0),
	(1465, 111, 'Stage 3', 18.31, '2015-09-28 09:30:00', '00:11:44', '2015-08-12 15:28:34', '2015-08-12 18:26:23', 0),
	(1466, 111, 'Stage 4', 8.51, '2015-09-28 09:45:00', '00:00:00', '2015-08-12 15:28:34', '2015-08-12 18:26:23', 0),
	(1467, 111, 'Stage 5', 6.71, '2015-09-28 10:00:00', '00:00:00', '2015-08-12 15:28:34', '2015-08-12 18:26:23', 0),
	(1468, 111, 'Stage 6', 20.49, '2015-09-28 10:15:00', '00:12:33', '2015-08-12 15:28:34', '2015-08-12 18:26:23', 0),
	(1469, 111, 'Stage 7', 14.94, '2015-09-28 10:30:00', '00:10:23', '2015-08-12 15:28:34', '2015-08-12 18:26:23', 0),
	(1470, 111, 'Stage 8', 2.91, '2015-09-28 10:45:00', '00:00:00', '2015-08-12 15:28:34', '2015-08-12 18:26:23', 0),
	(1471, 111, 'Stage 9', 25.50, '2015-09-28 11:00:00', '00:00:00', '2015-08-12 15:28:34', '2015-08-12 18:26:23', 0),
	(1472, 111, 'Stage 10', 18.62, '2015-09-28 11:15:00', '00:00:00', '2015-08-12 15:28:34', '2015-08-12 18:26:23', 0),
	(1473, 111, 'Stage 11', 27.70, '2015-09-28 11:30:00', '00:00:00', '2015-08-12 15:28:34', '2015-08-12 18:26:23', 0),
	(1474, 111, 'Stage 12', 2.17, '2015-09-28 11:45:00', '00:01:34', '2015-08-12 15:28:34', '2015-08-12 18:26:23', 0),
	(1475, 111, 'Stage 13', 9.71, '2015-09-28 12:00:00', '00:00:00', '2015-08-12 15:28:34', '2015-08-12 18:26:23', 0),
	(1476, 111, 'Stage 14', 20.09, '2015-09-28 12:15:00', '00:12:04', '2015-08-12 15:28:34', '2015-08-12 18:26:23', 0),
	(1477, 111, 'Stage 15', 25.23, '2015-09-28 12:30:00', '00:00:00', '2015-08-12 15:28:34', '2015-08-12 18:26:23', 0),
	(1478, 111, 'Stage 16', 19.79, '2015-09-28 12:45:00', '00:00:00', '2015-08-12 15:28:34', '2015-08-12 18:26:23', 0),
	(1479, 111, 'Stage 17', 21.85, '2015-09-28 13:00:00', '00:14:09', '2015-08-12 15:28:34', '2015-08-12 18:26:23', 0),
	(1480, 112, 'Stage 0', 18.82, '2015-10-05 11:15:00', '00:11:21', '2015-08-12 15:28:34', '2015-08-12 18:26:23', 0),
	(1481, 112, 'Stage 1', 11.61, '2015-10-05 11:30:00', '00:07:55', '2015-08-12 15:28:34', '2015-08-12 18:26:23', 0),
	(1482, 112, 'Stage 2', 17.57, '2015-10-05 11:45:00', '00:00:00', '2015-08-12 15:28:34', '2015-08-12 18:26:23', 0),
	(1483, 112, 'Stage 3', 8.73, '2015-10-05 12:00:00', '00:05:17', '2015-08-12 15:28:34', '2015-08-12 18:26:23', 0),
	(1484, 112, 'Stage 4', 21.12, '2015-10-05 12:15:00', '00:00:00', '2015-08-12 15:28:34', '2015-08-12 18:26:23', 0),
	(1485, 112, 'Stage 5', 26.28, '2015-10-05 12:30:00', '00:00:00', '2015-08-12 15:28:34', '2015-08-12 18:26:23', 0),
	(1486, 112, 'Stage 6', 24.62, '2015-10-05 12:45:00', '00:16:03', '2015-08-12 15:28:34', '2015-08-12 18:26:23', 0),
	(1487, 112, 'Stage 7', 2.28, '2015-10-05 13:00:00', '00:01:34', '2015-08-12 15:28:34', '2015-08-12 18:26:23', 0),
	(1488, 112, 'Stage 8', 20.30, '2015-10-05 13:15:00', '00:00:00', '2015-08-12 15:28:34', '2015-08-12 18:26:23', 0),
	(1489, 112, 'Stage 9', 16.05, '2015-10-05 13:30:00', '00:10:09', '2015-08-12 15:28:34', '2015-08-12 18:26:23', 0),
	(1490, 112, 'Stage 10', 11.20, '2015-10-05 13:45:00', '00:06:35', '2015-08-12 15:28:34', '2015-08-12 18:26:23', 0),
	(1491, 112, 'Stage 11', 24.73, '2015-10-05 14:00:00', '00:15:03', '2015-08-12 15:28:34', '2015-08-12 18:26:23', 0),
	(1492, 112, 'Stage 12', 5.54, '2015-10-05 14:15:00', '00:03:47', '2015-08-12 15:28:34', '2015-08-12 18:26:23', 0),
	(1493, 112, 'Stage 13', 7.19, '2015-10-05 14:30:00', '00:04:05', '2015-08-12 15:28:34', '2015-08-12 18:26:23', 0),
	(1494, 112, 'Stage 14', 8.82, '2015-10-05 14:45:00', '00:05:05', '2015-08-12 15:28:34', '2015-08-12 18:26:23', 0),
	(1495, 112, 'Stage 15', 15.11, '2015-10-05 15:00:00', '00:09:03', '2015-08-12 15:28:34', '2015-08-12 18:26:23', 0),
	(1496, 112, 'Stage 16', 18.89, '2015-10-05 15:15:00', '00:12:06', '2015-08-12 15:28:34', '2015-08-12 18:26:23', 0),
	(1497, 112, 'Stage 17', 21.22, '2015-10-05 15:30:00', '00:00:00', '2015-08-12 15:28:34', '2015-08-12 18:26:23', 0),
	(1498, 113, 'Stage 0', 22.54, '2015-10-12 11:00:00', '00:13:56', '2015-08-12 15:28:34', '2015-08-12 18:26:23', 0),
	(1499, 113, 'Stage 1', 6.02, '2015-10-12 11:15:00', '00:03:41', '2015-08-12 15:28:34', '2015-08-12 18:26:23', 0),
	(1500, 113, 'Stage 2', 12.98, '2015-10-12 11:30:00', '00:00:00', '2015-08-12 15:28:34', '2015-08-12 18:26:23', 0),
	(1501, 113, 'Stage 3', 13.23, '2015-10-12 11:45:00', '00:00:00', '2015-08-12 15:28:34', '2015-08-12 18:26:23', 0),
	(1502, 113, 'Stage 4', 23.76, '2015-10-12 12:00:00', '00:14:52', '2015-08-12 15:28:34', '2015-08-12 18:26:23', 0),
	(1503, 113, 'Stage 5', 7.73, '2015-10-12 12:15:00', '00:04:52', '2015-08-12 15:28:34', '2015-08-12 18:26:23', 0),
	(1504, 113, 'Stage 6', 15.89, '2015-10-12 12:30:00', '00:00:00', '2015-08-12 15:28:34', '2015-08-12 18:26:23', 0),
	(1505, 113, 'Stage 7', 9.12, '2015-10-12 12:45:00', '00:05:27', '2015-08-12 15:28:34', '2015-08-12 18:26:23', 0),
	(1506, 113, 'Stage 8', 21.87, '2015-10-12 13:00:00', '00:13:09', '2015-08-12 15:28:34', '2015-08-12 18:26:23', 0),
	(1507, 113, 'Stage 9', 10.17, '2015-10-12 13:15:00', '00:00:00', '2015-08-12 15:28:34', '2015-08-12 18:26:23', 0),
	(1508, 113, 'Stage 10', 10.73, '2015-10-12 13:30:00', '00:06:26', '2015-08-12 15:28:34', '2015-08-12 18:26:23', 0),
	(1509, 113, 'Stage 11', 19.98, '2015-10-12 13:45:00', '00:11:54', '2015-08-12 15:28:34', '2015-08-12 18:26:23', 0),
	(1510, 113, 'Stage 12', 16.46, '2015-10-12 14:00:00', '00:00:00', '2015-08-12 15:28:34', '2015-08-12 18:26:23', 0),
	(1511, 113, 'Stage 13', 12.12, '2015-10-12 14:15:00', '00:00:00', '2015-08-12 15:28:34', '2015-08-12 18:26:23', 0),
	(1512, 113, 'Stage 14', 16.65, '2015-10-12 14:30:00', '00:10:09', '2015-08-12 15:28:34', '2015-08-12 18:26:23', 0),
	(1513, 113, 'Stage 15', 17.02, '2015-10-12 14:45:00', '00:11:07', '2015-08-12 15:28:34', '2015-08-12 18:26:23', 0),
	(1514, 113, 'Stage 16', 20.04, '2015-10-12 15:00:00', '00:00:00', '2015-08-12 15:28:34', '2015-08-12 18:26:23', 0),
	(1515, 113, 'Stage 17', 20.01, '2015-10-12 15:15:00', '00:00:00', '2015-08-12 15:28:34', '2015-08-12 18:26:23', 0),
	(1516, 114, 'Stage 0', 18.22, '2015-10-19 08:00:00', '00:00:00', '2015-08-12 15:28:34', '2015-08-12 18:26:23', 0),
	(1517, 114, 'Stage 1', 2.32, '2015-10-19 08:15:00', '00:01:58', '2015-08-12 15:28:34', '2015-08-12 18:26:23', 0),
	(1518, 114, 'Stage 2', 8.88, '2015-10-19 08:30:00', '00:00:00', '2015-08-12 15:28:34', '2015-08-12 18:26:23', 0),
	(1519, 114, 'Stage 3', 18.61, '2015-10-19 08:45:00', '00:11:38', '2015-08-12 15:28:34', '2015-08-12 18:26:23', 0),
	(1520, 114, 'Stage 4', 5.00, '2015-10-19 09:00:00', '00:03:01', '2015-08-12 15:28:34', '2015-08-12 18:26:23', 0),
	(1521, 114, 'Stage 5', 17.11, '2015-10-19 09:15:00', '00:11:06', '2015-08-12 15:28:34', '2015-08-12 18:26:23', 0),
	(1522, 114, 'Stage 6', 23.14, '2015-10-19 09:30:00', '00:00:00', '2015-08-12 15:28:34', '2015-08-12 18:26:23', 0),
	(1523, 114, 'Stage 7', 21.76, '2015-10-19 09:45:00', '00:00:00', '2015-08-12 15:28:34', '2015-08-12 18:26:23', 0),
	(1524, 114, 'Stage 8', 4.13, '2015-10-19 10:00:00', '00:02:32', '2015-08-12 15:28:34', '2015-08-12 18:26:23', 0),
	(1525, 114, 'Stage 9', 12.62, '2015-10-19 10:15:00', '00:08:00', '2015-08-12 15:28:34', '2015-08-12 18:26:23', 0),
	(1526, 114, 'Stage 10', 28.54, '2015-10-19 10:30:00', '00:00:00', '2015-08-12 15:28:34', '2015-08-12 18:26:23', 0),
	(1527, 114, 'Stage 11', 25.29, '2015-10-19 10:45:00', '00:15:02', '2015-08-12 15:28:34', '2015-08-12 18:26:23', 0),
	(1528, 114, 'Stage 12', 19.49, '2015-10-19 11:00:00', '00:00:00', '2015-08-12 15:28:34', '2015-08-12 18:26:23', 0),
	(1529, 114, 'Stage 13', 27.84, '2015-10-19 11:15:00', '00:00:00', '2015-08-12 15:28:34', '2015-08-12 18:26:23', 0),
	(1530, 114, 'Stage 14', 19.29, '2015-10-19 11:30:00', '00:12:39', '2015-08-12 15:28:34', '2015-08-12 18:26:23', 0),
	(1531, 114, 'Stage 15', 18.98, '2015-10-19 11:45:00', '00:12:39', '2015-08-12 15:28:34', '2015-08-12 18:26:23', 0),
	(1532, 114, 'Stage 16', 11.98, '2015-10-19 12:00:00', '00:07:47', '2015-08-12 15:28:34', '2015-08-12 18:26:23', 0),
	(1533, 114, 'Stage 17', 7.00, '2015-10-19 12:15:00', '00:04:53', '2015-08-12 15:28:34', '2015-08-12 18:26:23', 0),
	(1534, 115, 'Stage 0', 12.09, '2015-10-26 08:30:00', '00:08:25', '2015-08-12 15:28:34', '2015-08-12 18:26:23', 0),
	(1535, 115, 'Stage 1', 13.34, '2015-10-26 08:45:00', '00:00:00', '2015-08-12 15:28:34', '2015-08-12 18:26:23', 0),
	(1536, 115, 'Stage 2', 21.33, '2015-10-26 09:00:00', '00:14:06', '2015-08-12 15:28:34', '2015-08-12 18:26:23', 0),
	(1537, 115, 'Stage 3', 26.48, '2015-10-26 09:15:00', '00:00:00', '2015-08-12 15:28:34', '2015-08-12 18:26:23', 0),
	(1538, 115, 'Stage 4', 8.87, '2015-10-26 09:30:00', '00:00:00', '2015-08-12 15:28:34', '2015-08-12 18:26:23', 0),
	(1539, 115, 'Stage 5', 27.18, '2015-10-26 09:45:00', '00:17:41', '2015-08-12 15:28:34', '2015-08-12 18:26:23', 0),
	(1540, 115, 'Stage 6', 23.93, '2015-10-26 10:00:00', '00:00:00', '2015-08-12 15:28:34', '2015-08-12 18:26:23', 0),
	(1541, 115, 'Stage 7', 23.83, '2015-10-26 10:15:00', '00:00:00', '2015-08-12 15:28:34', '2015-08-12 18:26:23', 0),
	(1542, 115, 'Stage 8', 6.99, '2015-10-26 10:30:00', '00:04:57', '2015-08-12 15:28:34', '2015-08-12 18:26:23', 0),
	(1543, 115, 'Stage 9', 25.10, '2015-10-26 10:45:00', '00:14:12', '2015-08-12 15:28:34', '2015-08-12 18:26:23', 0),
	(1544, 115, 'Stage 10', 23.49, '2015-10-26 11:00:00', '00:15:08', '2015-08-12 15:28:34', '2015-08-12 18:26:23', 0),
	(1545, 115, 'Stage 11', 22.29, '2015-10-26 11:15:00', '00:13:01', '2015-08-12 15:28:34', '2015-08-12 18:26:23', 0),
	(1546, 115, 'Stage 12', 20.46, '2015-10-26 11:30:00', '00:14:01', '2015-08-12 15:28:34', '2015-08-12 18:26:23', 0),
	(1547, 115, 'Stage 13', 20.82, '2015-10-26 11:45:00', '00:12:09', '2015-08-12 15:28:34', '2015-08-12 18:26:23', 0),
	(1548, 115, 'Stage 14', 11.52, '2015-10-26 12:00:00', '00:00:00', '2015-08-12 15:28:34', '2015-08-12 18:26:23', 0),
	(1549, 115, 'Stage 15', 11.22, '2015-10-26 12:15:00', '00:07:39', '2015-08-12 15:28:34', '2015-08-12 18:26:23', 0),
	(1550, 115, 'Stage 16', 13.11, '2015-10-26 12:30:00', '00:08:43', '2015-08-12 15:28:34', '2015-08-12 18:26:23', 0),
	(1551, 115, 'Stage 17', 21.95, '2015-10-26 12:45:00', '00:13:07', '2015-08-12 15:28:34', '2015-08-12 18:26:23', 0),
	(1552, 116, 'Stage 0', 27.09, '2015-08-10 08:00:00', '00:18:41', '2015-08-12 15:28:34', '2015-08-12 18:26:23', 1),
	(1553, 116, 'Stage 1', 24.59, '2015-08-10 08:15:00', '00:00:00', '2015-08-12 15:28:34', '2015-08-12 18:26:23', 1),
	(1554, 116, 'Stage 2', 13.52, '2015-08-10 08:30:00', '00:08:45', '2015-08-12 15:28:34', '2015-08-12 18:26:23', 1),
	(1555, 116, 'Stage 3', 20.25, '2015-08-10 08:45:00', '00:13:58', '2015-08-12 15:28:34', '2015-08-12 18:26:23', 1),
	(1556, 116, 'Stage 4', 21.54, '2015-08-10 09:00:00', '00:12:21', '2015-08-12 15:28:34', '2015-08-12 18:26:23', 1),
	(1557, 116, 'Stage 5', 29.91, '2015-08-10 09:15:00', '00:19:53', '2015-08-12 15:28:34', '2015-08-12 18:26:23', 1),
	(1558, 116, 'Stage 6', 17.35, '2015-08-10 09:30:00', '00:10:43', '2015-08-12 15:28:34', '2015-08-12 18:26:23', 1),
	(1559, 116, 'Stage 7', 29.26, '2015-08-10 09:45:00', '00:19:09', '2015-08-12 15:28:34', '2015-08-12 18:26:23', 1),
	(1560, 116, 'Stage 8', 4.04, '2015-08-10 10:00:00', '00:00:00', '2015-08-12 15:28:34', '2015-08-12 18:26:23', 1),
	(1561, 116, 'Stage 9', 19.53, '2015-08-10 10:15:00', '00:13:23', '2015-08-12 15:28:34', '2015-08-12 18:26:23', 1),
	(1562, 116, 'Stage 10', 5.56, '2015-08-10 10:30:00', '00:00:00', '2015-08-12 15:28:34', '2015-08-12 18:26:23', 1),
	(1563, 116, 'Stage 11', 13.23, '2015-08-10 10:45:00', '00:00:00', '2015-08-12 15:28:34', '2015-08-12 18:26:23', 1),
	(1564, 116, 'Stage 12', 3.51, '2015-08-10 11:00:00', '00:02:34', '2015-08-12 15:28:34', '2015-08-12 18:26:23', 1),
	(1565, 116, 'Stage 13', 10.29, '2015-08-10 11:15:00', '00:06:58', '2015-08-12 15:28:34', '2015-08-12 18:26:23', 1),
	(1566, 116, 'Stage 14', 4.33, '2015-08-10 11:30:00', '00:00:00', '2015-08-12 15:28:34', '2015-08-12 18:26:23', 1),
	(1567, 116, 'Stage 15', 22.43, '2015-08-10 11:45:00', '00:00:00', '2015-08-12 15:28:34', '2015-08-12 18:26:23', 1),
	(1568, 116, 'Stage 16', 24.86, '2015-08-10 12:00:00', '00:15:12', '2015-08-12 15:28:34', '2015-08-12 18:26:23', 1),
	(1569, 116, 'Stage 17', 8.25, '2015-08-10 12:15:00', '00:00:00', '2015-08-12 15:28:34', '2015-08-12 18:26:23', 1),
	(1570, 117, 'Stage 0', 10.26, '2015-08-17 12:45:00', '00:06:15', '2015-08-12 15:28:34', '2015-08-12 18:26:23', 0),
	(1571, 117, 'Stage 1', 8.88, '2015-08-17 13:00:00', '00:05:01', '2015-08-12 15:28:34', '2015-08-12 18:26:23', 0),
	(1572, 117, 'Stage 2', 8.51, '2015-08-17 13:15:00', '00:00:00', '2015-08-12 15:28:34', '2015-08-12 18:26:23', 0),
	(1573, 117, 'Stage 3', 9.32, '2015-08-17 13:30:00', '00:06:04', '2015-08-12 15:28:34', '2015-08-12 18:26:23', 0),
	(1574, 117, 'Stage 4', 4.54, '2015-08-17 13:45:00', '00:00:00', '2015-08-12 15:28:34', '2015-08-12 18:26:23', 0),
	(1575, 117, 'Stage 5', 21.52, '2015-08-17 14:00:00', '00:12:05', '2015-08-12 15:28:34', '2015-08-12 18:26:23', 0),
	(1576, 117, 'Stage 6', 15.23, '2015-08-17 14:15:00', '00:00:00', '2015-08-12 15:28:34', '2015-08-12 18:26:23', 0),
	(1577, 117, 'Stage 7', 28.33, '2015-08-17 14:30:00', '00:19:06', '2015-08-12 15:28:34', '2015-08-12 18:26:23', 0),
	(1578, 117, 'Stage 8', 18.22, '2015-08-17 14:45:00', '00:11:21', '2015-08-12 15:28:34', '2015-08-12 18:26:23', 0),
	(1579, 117, 'Stage 9', 13.23, '2015-08-17 15:00:00', '00:08:23', '2015-08-12 15:28:34', '2015-08-12 18:26:23', 0),
	(1580, 117, 'Stage 10', 8.94, '2015-08-17 15:15:00', '00:00:00', '2015-08-12 15:28:34', '2015-08-12 18:26:23', 0),
	(1581, 117, 'Stage 11', 3.65, '2015-08-17 15:30:00', '00:02:34', '2015-08-12 15:28:34', '2015-08-12 18:26:23', 0),
	(1582, 117, 'Stage 12', 17.18, '2015-08-17 15:45:00', '00:11:21', '2015-08-12 15:28:34', '2015-08-12 18:26:23', 0),
	(1583, 117, 'Stage 13', 16.01, '2015-08-17 16:00:00', '00:09:58', '2015-08-12 15:28:34', '2015-08-12 18:26:23', 0),
	(1584, 117, 'Stage 14', 28.17, '2015-08-17 16:15:00', '00:16:08', '2015-08-12 15:28:34', '2015-08-12 18:26:23', 0),
	(1585, 117, 'Stage 15', 21.85, '2015-08-17 16:30:00', '00:13:09', '2015-08-12 15:28:34', '2015-08-12 18:26:23', 0),
	(1586, 117, 'Stage 16', 18.62, '2015-08-17 16:45:00', '00:12:35', '2015-08-12 15:28:34', '2015-08-12 18:26:23', 0),
	(1587, 117, 'Stage 17', 13.53, '2015-08-17 17:00:00', '00:08:46', '2015-08-12 15:28:34', '2015-08-12 18:26:23', 0),
	(1588, 118, 'Stage 0', 29.12, '2015-08-24 08:30:00', '00:00:00', '2015-08-12 15:28:34', '2015-08-12 18:26:23', 0),
	(1589, 118, 'Stage 1', 2.09, '2015-08-24 08:45:00', '00:01:23', '2015-08-12 15:28:34', '2015-08-12 18:26:23', 0),
	(1590, 118, 'Stage 2', 15.00, '2015-08-24 09:00:00', '00:09:00', '2015-08-12 15:28:34', '2015-08-12 18:26:23', 0),
	(1591, 118, 'Stage 3', 2.28, '2015-08-24 09:15:00', '00:01:03', '2015-08-12 15:28:34', '2015-08-12 18:26:23', 0),
	(1592, 118, 'Stage 4', 10.69, '2015-08-24 09:30:00', '00:00:00', '2015-08-12 15:28:34', '2015-08-12 18:26:23', 0),
	(1593, 118, 'Stage 5', 25.51, '2015-08-24 09:45:00', '00:17:39', '2015-08-12 15:28:34', '2015-08-12 18:26:23', 0),
	(1594, 118, 'Stage 6', 17.75, '2015-08-24 10:00:00', '00:10:49', '2015-08-12 15:28:34', '2015-08-12 18:26:23', 0),
	(1595, 118, 'Stage 7', 19.55, '2015-08-24 10:15:00', '00:11:35', '2015-08-12 15:28:34', '2015-08-12 18:26:23', 0),
	(1596, 118, 'Stage 8', 11.60, '2015-08-24 10:30:00', '00:07:21', '2015-08-12 15:28:34', '2015-08-12 18:26:23', 0),
	(1597, 118, 'Stage 9', 19.41, '2015-08-24 10:45:00', '00:00:00', '2015-08-12 15:28:34', '2015-08-12 18:26:23', 0),
	(1598, 118, 'Stage 10', 18.35, '2015-08-24 11:00:00', '00:12:24', '2015-08-12 15:28:34', '2015-08-12 18:26:23', 0),
	(1599, 118, 'Stage 11', 26.28, '2015-08-24 11:15:00', '00:00:00', '2015-08-12 15:28:34', '2015-08-12 18:26:23', 0),
	(1600, 118, 'Stage 12', 27.04, '2015-08-24 11:30:00', '00:17:26', '2015-08-12 15:28:34', '2015-08-12 18:26:23', 0),
	(1601, 118, 'Stage 13', 26.03, '2015-08-24 11:45:00', '00:16:57', '2015-08-12 15:28:34', '2015-08-12 18:26:23', 0),
	(1602, 118, 'Stage 14', 24.89, '2015-08-24 12:00:00', '00:00:00', '2015-08-12 15:28:34', '2015-08-12 18:26:23', 0),
	(1603, 118, 'Stage 15', 4.75, '2015-08-24 12:15:00', '00:00:00', '2015-08-12 15:28:34', '2015-08-12 18:26:23', 0),
	(1604, 118, 'Stage 16', 15.27, '2015-08-24 12:30:00', '00:10:03', '2015-08-12 15:28:34', '2015-08-12 18:26:23', 0),
	(1605, 118, 'Stage 17', 11.91, '2015-08-24 12:45:00', '00:00:00', '2015-08-12 15:28:34', '2015-08-12 18:26:23', 0),
	(1606, 119, 'Stage 0', 11.94, '2015-08-31 10:30:00', '00:07:46', '2015-08-12 15:28:34', '2015-08-12 18:26:23', 0),
	(1607, 119, 'Stage 1', 8.72, '2015-08-31 10:45:00', '00:05:46', '2015-08-12 15:28:34', '2015-08-12 18:26:23', 0),
	(1608, 119, 'Stage 2', 6.25, '2015-08-31 11:00:00', '00:04:19', '2015-08-12 15:28:34', '2015-08-12 18:26:23', 0),
	(1609, 119, 'Stage 3', 13.26, '2015-08-31 11:15:00', '00:08:36', '2015-08-12 15:28:34', '2015-08-12 18:26:23', 0),
	(1610, 119, 'Stage 4', 2.36, '2015-08-31 11:30:00', '00:01:55', '2015-08-12 15:28:34', '2015-08-12 18:26:23', 0),
	(1611, 119, 'Stage 5', 4.52, '2015-08-31 11:45:00', '00:00:00', '2015-08-12 15:28:34', '2015-08-12 18:26:23', 0),
	(1612, 119, 'Stage 6', 15.63, '2015-08-31 12:00:00', '00:09:08', '2015-08-12 15:28:34', '2015-08-12 18:26:23', 0),
	(1613, 119, 'Stage 7', 4.71, '2015-08-31 12:15:00', '00:03:01', '2015-08-12 15:28:34', '2015-08-12 18:26:23', 0),
	(1614, 119, 'Stage 8', 13.36, '2015-08-31 12:30:00', '00:00:00', '2015-08-12 15:28:34', '2015-08-12 18:26:23', 0),
	(1615, 119, 'Stage 9', 13.58, '2015-08-31 12:45:00', '00:00:00', '2015-08-12 15:28:34', '2015-08-12 18:26:23', 0),
	(1616, 119, 'Stage 10', 28.71, '2015-08-31 13:00:00', '00:19:05', '2015-08-12 15:28:34', '2015-08-12 18:26:23', 0),
	(1617, 119, 'Stage 11', 7.16, '2015-08-31 13:15:00', '00:04:59', '2015-08-12 15:28:34', '2015-08-12 18:26:23', 0),
	(1618, 119, 'Stage 12', 10.72, '2015-08-31 13:30:00', '00:00:00', '2015-08-12 15:28:34', '2015-08-12 18:26:23', 0),
	(1619, 119, 'Stage 13', 17.72, '2015-08-31 13:45:00', '00:00:00', '2015-08-12 15:28:34', '2015-08-12 18:26:23', 0),
	(1620, 119, 'Stage 14', 16.95, '2015-08-31 14:00:00', '00:00:00', '2015-08-12 15:28:34', '2015-08-12 18:26:23', 0),
	(1621, 119, 'Stage 15', 19.83, '2015-08-31 14:15:00', '00:00:00', '2015-08-12 15:28:34', '2015-08-12 18:26:23', 0),
	(1622, 119, 'Stage 16', 22.98, '2015-08-31 14:30:00', '00:15:48', '2015-08-12 15:28:34', '2015-08-12 18:26:23', 0),
	(1623, 119, 'Stage 17', 22.30, '2015-08-31 14:45:00', '00:12:55', '2015-08-12 15:28:34', '2015-08-12 18:26:23', 0),
	(1624, 120, 'Stage 0', 20.10, '2015-09-07 13:15:00', '00:00:00', '2015-08-12 15:28:34', '2015-08-12 18:26:23', 0),
	(1625, 120, 'Stage 1', 26.74, '2015-09-07 13:30:00', '00:00:00', '2015-08-12 15:28:34', '2015-08-12 18:26:23', 0),
	(1626, 120, 'Stage 2', 3.21, '2015-09-07 13:45:00', '00:01:08', '2015-08-12 15:28:34', '2015-08-12 18:26:23', 0),
	(1627, 120, 'Stage 3', 8.13, '2015-09-07 14:00:00', '00:00:00', '2015-08-12 15:28:34', '2015-08-12 18:26:23', 0),
	(1628, 120, 'Stage 4', 22.95, '2015-09-07 14:15:00', '00:00:00', '2015-08-12 15:28:34', '2015-08-12 18:26:23', 0),
	(1629, 120, 'Stage 5', 24.03, '2015-09-07 14:30:00', '00:15:24', '2015-08-12 15:28:34', '2015-08-12 18:26:23', 0),
	(1630, 120, 'Stage 6', 18.81, '2015-09-07 14:45:00', '00:00:00', '2015-08-12 15:28:34', '2015-08-12 18:26:23', 0),
	(1631, 120, 'Stage 7', 21.19, '2015-09-07 15:00:00', '00:00:00', '2015-08-12 15:28:34', '2015-08-12 18:26:23', 0),
	(1632, 120, 'Stage 8', 17.96, '2015-09-07 15:15:00', '00:00:00', '2015-08-12 15:28:34', '2015-08-12 18:26:23', 0),
	(1633, 120, 'Stage 9', 4.69, '2015-09-07 15:30:00', '00:03:22', '2015-08-12 15:28:34', '2015-08-12 18:26:23', 0),
	(1634, 120, 'Stage 10', 2.47, '2015-09-07 15:45:00', '00:00:00', '2015-08-12 15:28:34', '2015-08-12 18:26:23', 0),
	(1635, 120, 'Stage 11', 8.49, '2015-09-07 16:00:00', '00:00:00', '2015-08-12 15:28:34', '2015-08-12 18:26:23', 0),
	(1636, 120, 'Stage 12', 26.89, '2015-09-07 16:15:00', '00:00:00', '2015-08-12 15:28:34', '2015-08-12 18:26:23', 0),
	(1637, 120, 'Stage 13', 9.67, '2015-09-07 16:30:00', '00:00:00', '2015-08-12 15:28:34', '2015-08-12 18:26:23', 0),
	(1638, 120, 'Stage 14', 4.39, '2015-09-07 16:45:00', '00:00:00', '2015-08-12 15:28:34', '2015-08-12 18:26:23', 0),
	(1639, 120, 'Stage 15', 28.83, '2015-09-07 17:00:00', '00:00:00', '2015-08-12 15:28:34', '2015-08-12 18:26:23', 0),
	(1640, 120, 'Stage 16', 7.55, '2015-09-07 17:15:00', '00:00:00', '2015-08-12 15:28:34', '2015-08-12 18:26:23', 0),
	(1641, 120, 'Stage 17', 18.29, '2015-09-07 17:30:00', '00:10:26', '2015-08-12 15:28:34', '2015-08-12 18:26:23', 0),
	(1642, 121, 'Stage 0', 25.57, '2015-09-14 14:45:00', '00:00:00', '2015-08-12 15:28:34', '2015-08-12 18:26:23', 0),
	(1643, 121, 'Stage 1', 15.76, '2015-09-14 15:00:00', '00:00:00', '2015-08-12 15:28:34', '2015-08-12 18:26:23', 0),
	(1644, 121, 'Stage 2', 10.67, '2015-09-14 15:15:00', '00:06:37', '2015-08-12 15:28:34', '2015-08-12 18:26:23', 0),
	(1645, 121, 'Stage 3', 2.00, '2015-09-14 15:30:00', '00:01:36', '2015-08-12 15:28:34', '2015-08-12 18:26:23', 0),
	(1646, 121, 'Stage 4', 29.44, '2015-09-14 15:45:00', '00:17:29', '2015-08-12 15:28:34', '2015-08-12 18:26:23', 0),
	(1647, 121, 'Stage 5', 22.33, '2015-09-14 16:00:00', '00:14:38', '2015-08-12 15:28:34', '2015-08-12 18:26:23', 0),
	(1648, 121, 'Stage 6', 11.89, '2015-09-14 16:15:00', '00:07:05', '2015-08-12 15:28:34', '2015-08-12 18:26:23', 0),
	(1649, 121, 'Stage 7', 12.20, '2015-09-14 16:30:00', '00:08:06', '2015-08-12 15:28:34', '2015-08-12 18:26:23', 0),
	(1650, 121, 'Stage 8', 22.07, '2015-09-14 16:45:00', '00:13:42', '2015-08-12 15:28:34', '2015-08-12 18:26:23', 0),
	(1651, 121, 'Stage 9', 3.05, '2015-09-14 17:00:00', '00:02:05', '2015-08-12 15:28:34', '2015-08-12 18:26:23', 0),
	(1652, 121, 'Stage 10', 22.69, '2015-09-14 17:15:00', '00:14:03', '2015-08-12 15:28:34', '2015-08-12 18:26:23', 0),
	(1653, 121, 'Stage 11', 8.95, '2015-09-14 17:30:00', '00:05:02', '2015-08-12 15:28:34', '2015-08-12 18:26:23', 0),
	(1654, 121, 'Stage 12', 18.02, '2015-09-14 17:45:00', '00:12:22', '2015-08-12 15:28:34', '2015-08-12 18:26:23', 0),
	(1655, 121, 'Stage 13', 18.59, '2015-09-14 18:00:00', '00:00:00', '2015-08-12 15:28:34', '2015-08-12 18:26:23', 0),
	(1656, 121, 'Stage 14', 26.77, '2015-09-14 18:15:00', '00:00:00', '2015-08-12 15:28:34', '2015-08-12 18:26:23', 0),
	(1657, 121, 'Stage 15', 3.69, '2015-09-14 18:30:00', '00:02:01', '2015-08-12 15:28:34', '2015-08-12 18:26:23', 0),
	(1658, 121, 'Stage 16', 25.11, '2015-09-14 18:45:00', '00:14:38', '2015-08-12 15:28:34', '2015-08-12 18:26:23', 0),
	(1659, 121, 'Stage 17', 25.33, '2015-09-14 19:00:00', '00:00:00', '2015-08-12 15:28:34', '2015-08-12 18:26:23', 0),
	(1660, 122, 'Stage 0', 6.49, '2015-09-21 11:30:00', '00:00:00', '2015-08-12 15:28:34', '2015-08-12 18:26:23', 0),
	(1661, 122, 'Stage 1', 12.46, '2015-09-21 11:45:00', '00:08:03', '2015-08-12 15:28:34', '2015-08-12 18:26:23', 0),
	(1662, 122, 'Stage 2', 19.39, '2015-09-21 12:00:00', '00:00:00', '2015-08-12 15:28:34', '2015-08-12 18:26:23', 0),
	(1663, 122, 'Stage 3', 22.21, '2015-09-21 12:15:00', '00:00:00', '2015-08-12 15:28:34', '2015-08-12 18:26:23', 0),
	(1664, 122, 'Stage 4', 13.06, '2015-09-21 12:30:00', '00:00:00', '2015-08-12 15:28:34', '2015-08-12 18:26:23', 0),
	(1665, 122, 'Stage 5', 8.36, '2015-09-21 12:45:00', '00:00:00', '2015-08-12 15:28:34', '2015-08-12 18:26:23', 0),
	(1666, 122, 'Stage 6', 16.58, '2015-09-21 13:00:00', '00:00:00', '2015-08-12 15:28:34', '2015-08-12 18:26:23', 0),
	(1667, 122, 'Stage 7', 13.11, '2015-09-21 13:15:00', '00:09:00', '2015-08-12 15:28:34', '2015-08-12 18:26:23', 0),
	(1668, 122, 'Stage 8', 17.89, '2015-09-21 13:30:00', '00:12:28', '2015-08-12 15:28:34', '2015-08-12 18:26:23', 0),
	(1669, 122, 'Stage 9', 20.91, '2015-09-21 13:45:00', '00:13:07', '2015-08-12 15:28:34', '2015-08-12 18:26:23', 0),
	(1670, 122, 'Stage 10', 6.49, '2015-09-21 14:00:00', '00:00:00', '2015-08-12 15:28:34', '2015-08-12 18:26:23', 0),
	(1671, 122, 'Stage 11', 19.10, '2015-09-21 14:15:00', '00:11:27', '2015-08-12 15:28:34', '2015-08-12 18:26:23', 0),
	(1672, 122, 'Stage 12', 11.77, '2015-09-21 14:30:00', '00:07:53', '2015-08-12 15:28:34', '2015-08-12 18:26:23', 0),
	(1673, 122, 'Stage 13', 19.11, '2015-09-21 14:45:00', '00:00:00', '2015-08-12 15:28:34', '2015-08-12 18:26:23', 0),
	(1674, 122, 'Stage 14', 9.79, '2015-09-21 15:00:00', '00:00:00', '2015-08-12 15:28:34', '2015-08-12 18:26:23', 0),
	(1675, 122, 'Stage 15', 12.63, '2015-09-21 15:15:00', '00:08:08', '2015-08-12 15:28:34', '2015-08-12 18:26:23', 0),
	(1676, 122, 'Stage 16', 11.86, '2015-09-21 15:30:00', '00:00:00', '2015-08-12 15:28:34', '2015-08-12 18:26:23', 0),
	(1677, 122, 'Stage 17', 6.89, '2015-09-21 15:45:00', '00:00:00', '2015-08-12 15:28:34', '2015-08-12 18:26:23', 0),
	(1678, 123, 'Stage 0', 20.55, '2015-09-28 09:30:00', '00:00:00', '2015-08-12 15:28:34', '2015-08-12 18:26:23', 0),
	(1679, 123, 'Stage 1', 12.45, '2015-09-28 09:45:00', '00:00:00', '2015-08-12 15:28:34', '2015-08-12 18:26:23', 0),
	(1680, 123, 'Stage 2', 5.54, '2015-09-28 10:00:00', '00:03:49', '2015-08-12 15:28:34', '2015-08-12 18:26:23', 0),
	(1681, 123, 'Stage 3', 24.80, '2015-09-28 10:15:00', '00:00:00', '2015-08-12 15:28:34', '2015-08-12 18:26:23', 0),
	(1682, 123, 'Stage 4', 5.58, '2015-09-28 10:30:00', '00:03:47', '2015-08-12 15:28:34', '2015-08-12 18:26:23', 0),
	(1683, 123, 'Stage 5', 21.70, '2015-09-28 10:45:00', '00:00:00', '2015-08-12 15:28:34', '2015-08-12 18:26:23', 0),
	(1684, 123, 'Stage 6', 20.28, '2015-09-28 11:00:00', '00:13:04', '2015-08-12 15:28:34', '2015-08-12 18:26:23', 0),
	(1685, 123, 'Stage 7', 20.07, '2015-09-28 11:15:00', '00:13:26', '2015-08-12 15:28:34', '2015-08-12 18:26:23', 0),
	(1686, 123, 'Stage 8', 17.12, '2015-09-28 11:30:00', '00:10:01', '2015-08-12 15:28:34', '2015-08-12 18:26:23', 0),
	(1687, 123, 'Stage 9', 12.76, '2015-09-28 11:45:00', '00:08:31', '2015-08-12 15:28:34', '2015-08-12 18:26:23', 0),
	(1688, 123, 'Stage 10', 21.57, '2015-09-28 12:00:00', '00:12:54', '2015-08-12 15:28:34', '2015-08-12 18:26:23', 0),
	(1689, 123, 'Stage 11', 8.96, '2015-09-28 12:15:00', '00:06:07', '2015-08-12 15:28:34', '2015-08-12 18:26:23', 0),
	(1690, 123, 'Stage 12', 9.20, '2015-09-28 12:30:00', '00:06:26', '2015-08-12 15:28:34', '2015-08-12 18:26:23', 0),
	(1691, 123, 'Stage 13', 6.78, '2015-09-28 12:45:00', '00:04:54', '2015-08-12 15:28:34', '2015-08-12 18:26:23', 0),
	(1692, 123, 'Stage 14', 23.39, '2015-09-28 13:00:00', '00:00:00', '2015-08-12 15:28:34', '2015-08-12 18:26:23', 0),
	(1693, 123, 'Stage 15', 6.50, '2015-09-28 13:15:00', '00:00:00', '2015-08-12 15:28:34', '2015-08-12 18:26:23', 0),
	(1694, 123, 'Stage 16', 17.00, '2015-09-28 13:30:00', '00:00:00', '2015-08-12 15:28:34', '2015-08-12 18:26:23', 0),
	(1695, 123, 'Stage 17', 13.28, '2015-09-28 13:45:00', '00:00:00', '2015-08-12 15:28:34', '2015-08-12 18:26:23', 0),
	(1696, 124, 'Stage 0', 15.21, '2015-10-05 13:15:00', '00:09:51', '2015-08-12 15:28:34', '2015-08-12 18:26:23', 0),
	(1697, 124, 'Stage 1', 7.11, '2015-10-05 13:30:00', '00:04:05', '2015-08-12 15:28:34', '2015-08-12 18:26:23', 0),
	(1698, 124, 'Stage 2', 18.84, '2015-10-05 13:45:00', '00:11:14', '2015-08-12 15:28:34', '2015-08-12 18:26:23', 0),
	(1699, 124, 'Stage 3', 8.85, '2015-10-05 14:00:00', '00:05:29', '2015-08-12 15:28:34', '2015-08-12 18:26:23', 0),
	(1700, 124, 'Stage 4', 11.95, '2015-10-05 14:15:00', '00:07:17', '2015-08-12 15:28:34', '2015-08-12 18:26:23', 0),
	(1701, 124, 'Stage 5', 20.90, '2015-10-05 14:30:00', '00:00:00', '2015-08-12 15:28:34', '2015-08-12 18:26:23', 0),
	(1702, 124, 'Stage 6', 4.28, '2015-10-05 14:45:00', '00:00:00', '2015-08-12 15:28:34', '2015-08-12 18:26:23', 0),
	(1703, 124, 'Stage 7', 25.23, '2015-10-05 15:00:00', '00:00:00', '2015-08-12 15:28:34', '2015-08-12 18:26:23', 0),
	(1704, 124, 'Stage 8', 8.38, '2015-10-05 15:15:00', '00:05:00', '2015-08-12 15:28:34', '2015-08-12 18:26:23', 0),
	(1705, 124, 'Stage 9', 21.69, '2015-10-05 15:30:00', '00:00:00', '2015-08-12 15:28:34', '2015-08-12 18:26:23', 0),
	(1706, 124, 'Stage 10', 16.03, '2015-10-05 15:45:00', '00:09:44', '2015-08-12 15:28:34', '2015-08-12 18:26:23', 0),
	(1707, 124, 'Stage 11', 3.60, '2015-10-05 16:00:00', '00:02:04', '2015-08-12 15:28:34', '2015-08-12 18:26:23', 0),
	(1708, 124, 'Stage 12', 20.78, '2015-10-05 16:15:00', '00:00:00', '2015-08-12 15:28:34', '2015-08-12 18:26:23', 0),
	(1709, 124, 'Stage 13', 17.39, '2015-10-05 16:30:00', '00:11:15', '2015-08-12 15:28:34', '2015-08-12 18:26:23', 0),
	(1710, 124, 'Stage 14', 25.85, '2015-10-05 16:45:00', '00:17:18', '2015-08-12 15:28:34', '2015-08-12 18:26:23', 0),
	(1711, 124, 'Stage 15', 22.49, '2015-10-05 17:00:00', '00:00:00', '2015-08-12 15:28:34', '2015-08-12 18:26:23', 0),
	(1712, 124, 'Stage 16', 4.43, '2015-10-05 17:15:00', '00:03:02', '2015-08-12 15:28:34', '2015-08-12 18:26:23', 0),
	(1713, 124, 'Stage 17', 29.64, '2015-10-05 17:30:00', '00:20:01', '2015-08-12 15:28:34', '2015-08-12 18:26:23', 0),
	(1714, 125, 'Stage 0', 21.85, '2015-10-12 12:00:00', '00:00:00', '2015-08-12 15:28:34', '2015-08-12 18:26:23', 0),
	(1715, 125, 'Stage 1', 4.86, '2015-10-12 12:15:00', '00:03:22', '2015-08-12 15:28:34', '2015-08-12 18:26:23', 0),
	(1716, 125, 'Stage 2', 15.06, '2015-10-12 12:30:00', '00:09:04', '2015-08-12 15:28:34', '2015-08-12 18:26:23', 0),
	(1717, 125, 'Stage 3', 10.29, '2015-10-12 12:45:00', '00:00:00', '2015-08-12 15:28:34', '2015-08-12 18:26:23', 0),
	(1718, 125, 'Stage 4', 22.12, '2015-10-12 13:00:00', '00:13:17', '2015-08-12 15:28:34', '2015-08-12 18:26:23', 0),
	(1719, 125, 'Stage 5', 20.79, '2015-10-12 13:15:00', '00:11:08', '2015-08-12 15:28:34', '2015-08-12 18:26:23', 0),
	(1720, 125, 'Stage 6', 20.56, '2015-10-12 13:30:00', '00:13:09', '2015-08-12 15:28:34', '2015-08-12 18:26:23', 0),
	(1721, 125, 'Stage 7', 2.53, '2015-10-12 13:45:00', '00:01:45', '2015-08-12 15:28:34', '2015-08-12 18:26:23', 0),
	(1722, 125, 'Stage 8', 29.92, '2015-10-12 14:00:00', '00:20:31', '2015-08-12 15:28:34', '2015-08-12 18:26:23', 0),
	(1723, 125, 'Stage 9', 19.78, '2015-10-12 14:15:00', '00:13:56', '2015-08-12 15:28:34', '2015-08-12 18:26:23', 0),
	(1724, 125, 'Stage 10', 12.45, '2015-10-12 14:30:00', '00:07:56', '2015-08-12 15:28:34', '2015-08-12 18:26:23', 0),
	(1725, 125, 'Stage 11', 29.46, '2015-10-12 14:45:00', '00:20:15', '2015-08-12 15:28:34', '2015-08-12 18:26:23', 0),
	(1726, 125, 'Stage 12', 23.86, '2015-10-12 15:00:00', '00:13:06', '2015-08-12 15:28:34', '2015-08-12 18:26:23', 0),
	(1727, 125, 'Stage 13', 16.11, '2015-10-12 15:15:00', '00:10:43', '2015-08-12 15:28:34', '2015-08-12 18:26:23', 0),
	(1728, 125, 'Stage 14', 22.51, '2015-10-12 15:30:00', '00:15:08', '2015-08-12 15:28:34', '2015-08-12 18:26:23', 0),
	(1729, 125, 'Stage 15', 14.66, '2015-10-12 15:45:00', '00:09:23', '2015-08-12 15:28:34', '2015-08-12 18:26:23', 0),
	(1730, 125, 'Stage 16', 21.31, '2015-10-12 16:00:00', '00:12:41', '2015-08-12 15:28:34', '2015-08-12 18:26:23', 0),
	(1731, 125, 'Stage 17', 2.65, '2015-10-12 16:15:00', '00:00:00', '2015-08-12 15:28:34', '2015-08-12 18:26:23', 0),
	(1732, 126, 'Stage 0', 27.33, '2015-10-19 12:30:00', '00:17:26', '2015-08-12 15:28:34', '2015-08-12 18:26:23', 0),
	(1733, 126, 'Stage 1', 16.50, '2015-10-19 12:45:00', '00:11:21', '2015-08-12 15:28:34', '2015-08-12 18:26:23', 0),
	(1734, 126, 'Stage 2', 10.17, '2015-10-19 13:00:00', '00:06:05', '2015-08-12 15:28:34', '2015-08-12 18:26:23', 0),
	(1735, 126, 'Stage 3', 11.99, '2015-10-19 13:15:00', '00:00:00', '2015-08-12 15:28:34', '2015-08-12 18:26:23', 0),
	(1736, 126, 'Stage 4', 8.14, '2015-10-19 13:30:00', '00:04:06', '2015-08-12 15:28:34', '2015-08-12 18:26:23', 0),
	(1737, 126, 'Stage 5', 3.29, '2015-10-19 13:45:00', '00:02:24', '2015-08-12 15:28:34', '2015-08-12 18:26:23', 0),
	(1738, 126, 'Stage 6', 8.16, '2015-10-19 14:00:00', '00:05:05', '2015-08-12 15:28:34', '2015-08-12 18:26:23', 0),
	(1739, 126, 'Stage 7', 7.22, '2015-10-19 14:15:00', '00:04:08', '2015-08-12 15:28:34', '2015-08-12 18:26:23', 0),
	(1740, 126, 'Stage 8', 20.23, '2015-10-19 14:30:00', '00:00:00', '2015-08-12 15:28:34', '2015-08-12 18:26:23', 0),
	(1741, 126, 'Stage 9', 7.19, '2015-10-19 14:45:00', '00:00:00', '2015-08-12 15:28:34', '2015-08-12 18:26:23', 0),
	(1742, 126, 'Stage 10', 15.22, '2015-10-19 15:00:00', '00:00:00', '2015-08-12 15:28:34', '2015-08-12 18:26:23', 0),
	(1743, 126, 'Stage 11', 27.93, '2015-10-19 15:15:00', '00:18:45', '2015-08-12 15:28:34', '2015-08-12 18:26:23', 0),
	(1744, 126, 'Stage 12', 24.11, '2015-10-19 15:30:00', '00:15:07', '2015-08-12 15:28:34', '2015-08-12 18:26:23', 0),
	(1745, 126, 'Stage 13', 17.67, '2015-10-19 15:45:00', '00:11:06', '2015-08-12 15:28:34', '2015-08-12 18:26:23', 0),
	(1746, 126, 'Stage 14', 10.08, '2015-10-19 16:00:00', '00:06:33', '2015-08-12 15:28:34', '2015-08-12 18:26:23', 0),
	(1747, 126, 'Stage 15', 10.80, '2015-10-19 16:15:00', '00:00:00', '2015-08-12 15:28:34', '2015-08-12 18:26:23', 0),
	(1748, 126, 'Stage 16', 22.31, '2015-10-19 16:30:00', '00:13:13', '2015-08-12 15:28:34', '2015-08-12 18:26:23', 0),
	(1749, 126, 'Stage 17', 6.19, '2015-10-19 16:45:00', '00:04:02', '2015-08-12 15:28:34', '2015-08-12 18:26:23', 0),
	(1750, 127, 'Stage 0', 6.75, '2015-10-26 13:30:00', '00:04:39', '2015-08-12 15:28:34', '2015-08-12 18:26:23', 0),
	(1751, 127, 'Stage 1', 7.38, '2015-10-26 13:45:00', '00:00:00', '2015-08-12 15:28:34', '2015-08-12 18:26:23', 0),
	(1752, 127, 'Stage 2', 28.40, '2015-10-26 14:00:00', '00:18:43', '2015-08-12 15:28:34', '2015-08-12 18:26:23', 0),
	(1753, 127, 'Stage 3', 4.71, '2015-10-26 14:15:00', '00:00:00', '2015-08-12 15:28:34', '2015-08-12 18:26:23', 0),
	(1754, 127, 'Stage 4', 8.17, '2015-10-26 14:30:00', '00:00:00', '2015-08-12 15:28:34', '2015-08-12 18:26:23', 0),
	(1755, 127, 'Stage 5', 14.78, '2015-10-26 14:45:00', '00:08:39', '2015-08-12 15:28:34', '2015-08-12 18:26:23', 0),
	(1756, 127, 'Stage 6', 21.94, '2015-10-26 15:00:00', '00:13:18', '2015-08-12 15:28:34', '2015-08-12 18:26:23', 0),
	(1757, 127, 'Stage 7', 12.43, '2015-10-26 15:15:00', '00:08:48', '2015-08-12 15:28:34', '2015-08-12 18:26:23', 0),
	(1758, 127, 'Stage 8', 6.83, '2015-10-26 15:30:00', '00:04:02', '2015-08-12 15:28:34', '2015-08-12 18:26:23', 0),
	(1759, 127, 'Stage 9', 29.86, '2015-10-26 15:45:00', '00:19:23', '2015-08-12 15:28:34', '2015-08-12 18:26:23', 0),
	(1760, 127, 'Stage 10', 25.52, '2015-10-26 16:00:00', '00:14:54', '2015-08-12 15:28:34', '2015-08-12 18:26:23', 0),
	(1761, 127, 'Stage 11', 2.18, '2015-10-26 16:15:00', '00:01:37', '2015-08-12 15:28:34', '2015-08-12 18:26:23', 0),
	(1762, 127, 'Stage 12', 29.87, '2015-10-26 16:30:00', '00:20:07', '2015-08-12 15:28:34', '2015-08-12 18:26:23', 0),
	(1763, 127, 'Stage 13', 21.38, '2015-10-26 16:45:00', '00:14:00', '2015-08-12 15:28:34', '2015-08-12 18:26:23', 0),
	(1764, 127, 'Stage 14', 3.39, '2015-10-26 17:00:00', '00:00:00', '2015-08-12 15:28:34', '2015-08-12 18:26:23', 0),
	(1765, 127, 'Stage 15', 4.10, '2015-10-26 17:15:00', '00:02:41', '2015-08-12 15:28:34', '2015-08-12 18:26:23', 0),
	(1766, 127, 'Stage 16', 4.21, '2015-10-26 17:30:00', '00:00:00', '2015-08-12 15:28:34', '2015-08-12 18:26:23', 0),
	(1767, 127, 'Stage 17', 26.90, '2015-10-26 17:45:00', '00:16:01', '2015-08-12 15:28:34', '2015-08-12 18:26:23', 0);
/*!40000 ALTER TABLE `rally_stage` ENABLE KEYS */;


-- Dumping structure for table ral.rally_stage_result
DROP TABLE IF EXISTS `rally_stage_result`;
CREATE TABLE IF NOT EXISTS `rally_stage_result` (
  `id` int(11) NOT NULL AUTO_INCREMENT,
  `stage_id` int(11) DEFAULT NULL,
  `crew_id` varchar(255) DEFAULT NULL,
  `base_time` time DEFAULT NULL,
  `random_factor` decimal(4,2) DEFAULT NULL,
  `accident_id` int(11) DEFAULT NULL,
  `accident_random_factor` decimal(4,2) DEFAULT NULL,
  `out_of_race` tinyint(1) NOT NULL DEFAULT '0',
  `created_at` datetime NOT NULL,
  `updated_at` datetime NOT NULL,
  PRIMARY KEY (`id`),
  KEY `stage_id_idx` (`stage_id`),
  KEY `accident_id_idx` (`accident_id`),
  KEY `rally_stage_result_crew_id_rally_crew_id` (`crew_id`)
) ENGINE=MyISAM AUTO_INCREMENT=6721 DEFAULT CHARSET=utf8;

-- Dumping data for table ral.rally_stage_result: 210 rows
DELETE FROM `rally_stage_result`;
/*!40000 ALTER TABLE `rally_stage_result` DISABLE KEYS */;
INSERT INTO `rally_stage_result` (`id`, `stage_id`, `crew_id`, `base_time`, `random_factor`, `accident_id`, `accident_random_factor`, `out_of_race`, `created_at`, `updated_at`) VALUES
	(6720, 15, '14', '00:08:28', NULL, NULL, NULL, 0, '2015-08-12 18:29:09', '2015-08-12 18:29:09'),
	(6719, 15, '13', '00:08:16', NULL, NULL, NULL, 0, '2015-08-12 18:29:09', '2015-08-12 18:29:09'),
	(6718, 15, '12', '00:08:13', NULL, NULL, NULL, 0, '2015-08-12 18:29:09', '2015-08-12 18:29:09'),
	(6717, 15, '11', '00:07:45', NULL, NULL, NULL, 0, '2015-08-12 18:29:09', '2015-08-12 18:29:09'),
	(6716, 15, '10', '00:11:16', NULL, NULL, NULL, 0, '2015-08-12 18:29:09', '2015-08-12 18:29:09'),
	(6715, 15, '9', '00:08:37', NULL, NULL, NULL, 0, '2015-08-12 18:29:09', '2015-08-12 18:29:09'),
	(6714, 15, '8', '00:11:13', NULL, NULL, NULL, 0, '2015-08-12 18:29:09', '2015-08-12 18:29:09'),
	(6713, 15, '7', '00:08:22', NULL, NULL, NULL, 0, '2015-08-12 18:29:09', '2015-08-12 18:29:09'),
	(6712, 15, '6', '00:08:18', NULL, NULL, NULL, 0, '2015-08-12 18:29:09', '2015-08-12 18:29:09'),
	(6711, 15, '5', '00:08:26', NULL, NULL, NULL, 0, '2015-08-12 18:29:09', '2015-08-12 18:29:09'),
	(6710, 15, '4', '00:08:50', NULL, NULL, NULL, 0, '2015-08-12 18:29:09', '2015-08-12 18:29:09'),
	(6709, 15, '3', '00:08:30', NULL, NULL, NULL, 0, '2015-08-12 18:29:09', '2015-08-12 18:29:09'),
	(6512, 1, '2', '00:13:58', NULL, NULL, NULL, 0, '2015-08-12 18:29:08', '2015-08-12 18:29:08'),
	(6513, 1, '3', '00:14:43', NULL, NULL, NULL, 0, '2015-08-12 18:29:08', '2015-08-12 18:29:08'),
	(6514, 1, '4', '00:16:17', NULL, NULL, NULL, 0, '2015-08-12 18:29:08', '2015-08-12 18:29:08'),
	(6515, 1, '5', '00:14:17', NULL, NULL, NULL, 0, '2015-08-12 18:29:08', '2015-08-12 18:29:08'),
	(6516, 1, '6', '00:15:25', NULL, NULL, NULL, 0, '2015-08-12 18:29:08', '2015-08-12 18:29:08'),
	(6517, 1, '7', '00:13:41', NULL, NULL, NULL, 0, '2015-08-12 18:29:08', '2015-08-12 18:29:08'),
	(6518, 1, '8', '00:19:49', NULL, NULL, NULL, 0, '2015-08-12 18:29:08', '2015-08-12 18:29:08'),
	(6519, 1, '9', '00:15:19', NULL, NULL, NULL, 0, '2015-08-12 18:29:08', '2015-08-12 18:29:08'),
	(6520, 1, '10', '00:20:04', NULL, NULL, NULL, 0, '2015-08-12 18:29:08', '2015-08-12 18:29:08'),
	(6521, 1, '11', '00:15:07', NULL, NULL, NULL, 0, '2015-08-12 18:29:08', '2015-08-12 18:29:08'),
	(6522, 1, '12', '00:13:44', NULL, NULL, NULL, 0, '2015-08-12 18:29:08', '2015-08-12 18:29:08'),
	(6523, 1, '13', '00:14:20', NULL, NULL, NULL, 0, '2015-08-12 18:29:08', '2015-08-12 18:29:08'),
	(6524, 1, '14', '00:15:17', NULL, NULL, NULL, 0, '2015-08-12 18:29:08', '2015-08-12 18:29:08'),
	(6525, 2, '1', '00:20:41', NULL, NULL, NULL, 0, '2015-08-12 18:29:08', '2015-08-12 18:29:08'),
	(6526, 2, '2', '00:15:30', NULL, NULL, NULL, 0, '2015-08-12 18:29:08', '2015-08-12 18:29:08'),
	(6527, 2, '3', '00:15:47', NULL, NULL, NULL, 0, '2015-08-12 18:29:08', '2015-08-12 18:29:08'),
	(6528, 2, '4', '00:17:11', NULL, NULL, NULL, 0, '2015-08-12 18:29:08', '2015-08-12 18:29:08'),
	(6529, 2, '5', '00:14:43', NULL, NULL, NULL, 0, '2015-08-12 18:29:08', '2015-08-12 18:29:08'),
	(6530, 2, '6', '00:15:19', NULL, NULL, NULL, 0, '2015-08-12 18:29:08', '2015-08-12 18:29:08'),
	(6531, 2, '7', '00:15:17', NULL, NULL, NULL, 0, '2015-08-12 18:29:08', '2015-08-12 18:29:08'),
	(6532, 2, '8', '00:22:01', NULL, NULL, NULL, 0, '2015-08-12 18:29:08', '2015-08-12 18:29:08'),
	(6533, 2, '9', '00:14:48', NULL, NULL, NULL, 0, '2015-08-12 18:29:08', '2015-08-12 18:29:08'),
	(6534, 2, '10', '00:21:07', NULL, NULL, NULL, 0, '2015-08-12 18:29:08', '2015-08-12 18:29:08'),
	(6535, 2, '11', '00:14:56', NULL, NULL, NULL, 0, '2015-08-12 18:29:08', '2015-08-12 18:29:08'),
	(6536, 2, '12', '00:14:40', NULL, NULL, NULL, 0, '2015-08-12 18:29:08', '2015-08-12 18:29:08'),
	(6537, 2, '13', '00:15:26', NULL, NULL, NULL, 0, '2015-08-12 18:29:08', '2015-08-12 18:29:08'),
	(6538, 2, '14', '00:16:59', NULL, NULL, NULL, 0, '2015-08-12 18:29:08', '2015-08-12 18:29:08'),
	(6539, 3, '1', '00:14:25', NULL, NULL, NULL, 0, '2015-08-12 18:29:08', '2015-08-12 18:29:08'),
	(6540, 3, '2', '00:11:07', NULL, NULL, NULL, 0, '2015-08-12 18:29:08', '2015-08-12 18:29:08'),
	(6541, 3, '3', '00:11:46', NULL, NULL, NULL, 0, '2015-08-12 18:29:08', '2015-08-12 18:29:08'),
	(6542, 3, '4', '00:13:00', NULL, NULL, NULL, 0, '2015-08-12 18:29:08', '2015-08-12 18:29:08'),
	(6543, 3, '5', '00:10:47', NULL, NULL, NULL, 0, '2015-08-12 18:29:08', '2015-08-12 18:29:08'),
	(6544, 3, '6', '00:12:09', NULL, NULL, NULL, 0, '2015-08-12 18:29:08', '2015-08-12 18:29:08'),
	(6545, 3, '7', '00:11:43', NULL, NULL, NULL, 0, '2015-08-12 18:29:08', '2015-08-12 18:29:08'),
	(6546, 3, '8', '00:14:58', NULL, NULL, NULL, 0, '2015-08-12 18:29:08', '2015-08-12 18:29:08'),
	(6547, 3, '9', '00:11:25', NULL, NULL, NULL, 0, '2015-08-12 18:29:08', '2015-08-12 18:29:08'),
	(6548, 3, '10', '00:15:30', NULL, NULL, NULL, 0, '2015-08-12 18:29:08', '2015-08-12 18:29:08'),
	(6549, 3, '11', '00:11:02', NULL, NULL, NULL, 0, '2015-08-12 18:29:08', '2015-08-12 18:29:08'),
	(6550, 3, '12', '00:11:26', NULL, NULL, NULL, 0, '2015-08-12 18:29:08', '2015-08-12 18:29:08'),
	(6551, 3, '13', '00:11:02', NULL, NULL, NULL, 0, '2015-08-12 18:29:08', '2015-08-12 18:29:08'),
	(6552, 3, '14', '00:11:21', NULL, NULL, NULL, 0, '2015-08-12 18:29:08', '2015-08-12 18:29:08'),
	(6553, 4, '1', '00:00:00', NULL, NULL, NULL, 0, '2015-08-12 18:29:08', '2015-08-12 18:29:08'),
	(6554, 4, '2', '00:00:00', NULL, NULL, NULL, 0, '2015-08-12 18:29:08', '2015-08-12 18:29:08'),
	(6555, 4, '3', '00:00:00', NULL, NULL, NULL, 0, '2015-08-12 18:29:08', '2015-08-12 18:29:08'),
	(6556, 4, '4', '00:00:00', NULL, NULL, NULL, 0, '2015-08-12 18:29:08', '2015-08-12 18:29:08'),
	(6557, 4, '5', '00:00:00', NULL, NULL, NULL, 0, '2015-08-12 18:29:08', '2015-08-12 18:29:08'),
	(6558, 4, '6', '00:00:00', NULL, NULL, NULL, 0, '2015-08-12 18:29:08', '2015-08-12 18:29:08'),
	(6559, 4, '7', '00:00:00', NULL, NULL, NULL, 0, '2015-08-12 18:29:08', '2015-08-12 18:29:08'),
	(6560, 4, '8', '00:00:00', NULL, NULL, NULL, 0, '2015-08-12 18:29:08', '2015-08-12 18:29:08'),
	(6561, 4, '9', '00:00:00', NULL, NULL, NULL, 0, '2015-08-12 18:29:08', '2015-08-12 18:29:08'),
	(6562, 4, '10', '00:00:00', NULL, NULL, NULL, 0, '2015-08-12 18:29:08', '2015-08-12 18:29:08'),
	(6563, 4, '11', '00:00:00', NULL, NULL, NULL, 0, '2015-08-12 18:29:08', '2015-08-12 18:29:08'),
	(6564, 4, '12', '00:00:00', NULL, NULL, NULL, 0, '2015-08-12 18:29:08', '2015-08-12 18:29:08'),
	(6565, 4, '13', '00:00:00', NULL, NULL, NULL, 0, '2015-08-12 18:29:08', '2015-08-12 18:29:08'),
	(6566, 4, '14', '00:00:00', NULL, NULL, NULL, 0, '2015-08-12 18:29:08', '2015-08-12 18:29:08'),
	(6567, 5, '1', '00:21:39', NULL, NULL, NULL, 0, '2015-08-12 18:29:08', '2015-08-12 18:29:08'),
	(6568, 5, '2', '00:17:45', NULL, NULL, NULL, 0, '2015-08-12 18:29:08', '2015-08-12 18:29:08'),
	(6569, 5, '3', '00:16:24', NULL, NULL, NULL, 0, '2015-08-12 18:29:08', '2015-08-12 18:29:08'),
	(6570, 5, '4', '00:18:27', NULL, NULL, NULL, 0, '2015-08-12 18:29:08', '2015-08-12 18:29:08'),
	(6571, 5, '5', '00:17:06', NULL, NULL, NULL, 0, '2015-08-12 18:29:08', '2015-08-12 18:29:08'),
	(6572, 5, '6', '00:18:42', NULL, NULL, NULL, 0, '2015-08-12 18:29:08', '2015-08-12 18:29:08'),
	(6573, 5, '7', '00:17:48', NULL, NULL, NULL, 0, '2015-08-12 18:29:08', '2015-08-12 18:29:08'),
	(6574, 5, '8', '00:23:47', NULL, NULL, NULL, 0, '2015-08-12 18:29:08', '2015-08-12 18:29:08'),
	(6575, 5, '9', '00:17:22', NULL, NULL, NULL, 0, '2015-08-12 18:29:08', '2015-08-12 18:29:08'),
	(6576, 5, '10', '00:22:52', NULL, NULL, NULL, 0, '2015-08-12 18:29:08', '2015-08-12 18:29:08'),
	(6577, 5, '11', '00:17:25', NULL, NULL, NULL, 0, '2015-08-12 18:29:08', '2015-08-12 18:29:08'),
	(6578, 5, '12', '00:16:35', NULL, NULL, NULL, 0, '2015-08-12 18:29:08', '2015-08-12 18:29:08'),
	(6579, 5, '13', '00:18:08', NULL, NULL, NULL, 0, '2015-08-12 18:29:08', '2015-08-12 18:29:08'),
	(6580, 5, '14', '00:17:55', NULL, NULL, NULL, 0, '2015-08-12 18:29:08', '2015-08-12 18:29:08'),
	(6581, 6, '1', '00:14:11', NULL, NULL, NULL, 0, '2015-08-12 18:29:09', '2015-08-12 18:29:09'),
	(6582, 6, '2', '00:11:09', NULL, NULL, NULL, 0, '2015-08-12 18:29:09', '2015-08-12 18:29:09'),
	(6583, 6, '3', '00:11:08', NULL, NULL, NULL, 0, '2015-08-12 18:29:09', '2015-08-12 18:29:09'),
	(6584, 6, '4', '00:12:37', NULL, NULL, NULL, 0, '2015-08-12 18:29:09', '2015-08-12 18:29:09'),
	(6585, 6, '5', '00:10:08', NULL, NULL, NULL, 0, '2015-08-12 18:29:09', '2015-08-12 18:29:09'),
	(6586, 6, '6', '00:11:09', NULL, NULL, NULL, 0, '2015-08-12 18:29:09', '2015-08-12 18:29:09'),
	(6587, 6, '7', '00:11:32', NULL, NULL, NULL, 0, '2015-08-12 18:29:09', '2015-08-12 18:29:09'),
	(6588, 6, '8', '00:15:30', NULL, NULL, NULL, 0, '2015-08-12 18:29:09', '2015-08-12 18:29:09'),
	(6589, 6, '9', '00:10:53', NULL, NULL, NULL, 0, '2015-08-12 18:29:09', '2015-08-12 18:29:09'),
	(6590, 6, '10', '00:14:05', NULL, NULL, NULL, 0, '2015-08-12 18:29:09', '2015-08-12 18:29:09'),
	(6591, 6, '11', '00:10:38', NULL, NULL, NULL, 0, '2015-08-12 18:29:09', '2015-08-12 18:29:09'),
	(6592, 6, '12', '00:10:27', NULL, NULL, NULL, 0, '2015-08-12 18:29:09', '2015-08-12 18:29:09'),
	(6593, 6, '13', '00:10:59', NULL, NULL, NULL, 0, '2015-08-12 18:29:09', '2015-08-12 18:29:09'),
	(6594, 6, '14', '00:11:03', NULL, NULL, NULL, 0, '2015-08-12 18:29:09', '2015-08-12 18:29:09'),
	(6595, 7, '1', '00:24:33', NULL, NULL, NULL, 0, '2015-08-12 18:29:09', '2015-08-12 18:29:09'),
	(6596, 7, '2', '00:19:45', NULL, NULL, NULL, 0, '2015-08-12 18:29:09', '2015-08-12 18:29:09'),
	(6597, 7, '3', '00:20:26', NULL, NULL, NULL, 0, '2015-08-12 18:29:09', '2015-08-12 18:29:09'),
	(6598, 7, '4', '00:22:27', NULL, NULL, NULL, 0, '2015-08-12 18:29:09', '2015-08-12 18:29:09'),
	(6599, 7, '5', '00:18:31', NULL, NULL, NULL, 0, '2015-08-12 18:29:09', '2015-08-12 18:29:09'),
	(6600, 7, '6', '00:19:54', NULL, NULL, NULL, 0, '2015-08-12 18:29:09', '2015-08-12 18:29:09'),
	(6601, 7, '7', '00:19:11', NULL, NULL, NULL, 0, '2015-08-12 18:29:09', '2015-08-12 18:29:09'),
	(6602, 7, '8', '00:27:17', NULL, NULL, NULL, 0, '2015-08-12 18:29:09', '2015-08-12 18:29:09'),
	(6603, 7, '9', '00:18:51', NULL, NULL, NULL, 0, '2015-08-12 18:29:09', '2015-08-12 18:29:09'),
	(6604, 7, '10', '00:27:48', NULL, NULL, NULL, 0, '2015-08-12 18:29:09', '2015-08-12 18:29:09'),
	(6605, 7, '11', '00:19:11', NULL, NULL, NULL, 0, '2015-08-12 18:29:09', '2015-08-12 18:29:09'),
	(6606, 7, '12', '00:18:38', NULL, NULL, NULL, 0, '2015-08-12 18:29:09', '2015-08-12 18:29:09'),
	(6607, 7, '13', '00:18:53', NULL, NULL, NULL, 0, '2015-08-12 18:29:09', '2015-08-12 18:29:09'),
	(6608, 7, '14', '00:20:45', NULL, NULL, NULL, 0, '2015-08-12 18:29:09', '2015-08-12 18:29:09'),
	(6609, 8, '1', '00:25:48', NULL, NULL, NULL, 0, '2015-08-12 18:29:09', '2015-08-12 18:29:09'),
	(6610, 8, '2', '00:19:23', NULL, NULL, NULL, 0, '2015-08-12 18:29:09', '2015-08-12 18:29:09'),
	(6611, 8, '3', '00:21:09', NULL, NULL, NULL, 0, '2015-08-12 18:29:09', '2015-08-12 18:29:09'),
	(6612, 8, '4', '00:22:02', NULL, NULL, NULL, 0, '2015-08-12 18:29:09', '2015-08-12 18:29:09'),
	(6613, 8, '5', '00:19:55', NULL, NULL, NULL, 0, '2015-08-12 18:29:09', '2015-08-12 18:29:09'),
	(6614, 8, '6', '00:21:43', NULL, NULL, NULL, 0, '2015-08-12 18:29:09', '2015-08-12 18:29:09'),
	(6615, 8, '7', '00:20:36', NULL, NULL, NULL, 0, '2015-08-12 18:29:09', '2015-08-12 18:29:09'),
	(6616, 8, '8', '00:30:13', NULL, NULL, NULL, 0, '2015-08-12 18:29:09', '2015-08-12 18:29:09'),
	(6617, 8, '9', '00:19:51', NULL, NULL, NULL, 0, '2015-08-12 18:29:09', '2015-08-12 18:29:09'),
	(6618, 8, '10', '00:26:10', NULL, NULL, NULL, 0, '2015-08-12 18:29:09', '2015-08-12 18:29:09'),
	(6619, 8, '11', '00:20:23', NULL, NULL, NULL, 0, '2015-08-12 18:29:09', '2015-08-12 18:29:09'),
	(6620, 8, '12', '00:20:37', NULL, NULL, NULL, 0, '2015-08-12 18:29:09', '2015-08-12 18:29:09'),
	(6621, 8, '13', '00:20:33', NULL, NULL, NULL, 0, '2015-08-12 18:29:09', '2015-08-12 18:29:09'),
	(6622, 8, '14', '00:20:39', NULL, NULL, NULL, 0, '2015-08-12 18:29:09', '2015-08-12 18:29:09'),
	(6623, 9, '1', '00:00:00', NULL, NULL, NULL, 0, '2015-08-12 18:29:09', '2015-08-12 18:29:09'),
	(6624, 9, '2', '00:00:00', NULL, NULL, NULL, 0, '2015-08-12 18:29:09', '2015-08-12 18:29:09'),
	(6625, 9, '3', '00:00:00', NULL, NULL, NULL, 0, '2015-08-12 18:29:09', '2015-08-12 18:29:09'),
	(6626, 9, '4', '00:00:00', NULL, NULL, NULL, 0, '2015-08-12 18:29:09', '2015-08-12 18:29:09'),
	(6627, 9, '5', '00:00:00', NULL, NULL, NULL, 0, '2015-08-12 18:29:09', '2015-08-12 18:29:09'),
	(6628, 9, '6', '00:00:00', NULL, NULL, NULL, 0, '2015-08-12 18:29:09', '2015-08-12 18:29:09'),
	(6629, 9, '7', '00:00:00', NULL, NULL, NULL, 0, '2015-08-12 18:29:09', '2015-08-12 18:29:09'),
	(6630, 9, '8', '00:00:00', NULL, NULL, NULL, 0, '2015-08-12 18:29:09', '2015-08-12 18:29:09'),
	(6631, 9, '9', '00:00:00', NULL, NULL, NULL, 0, '2015-08-12 18:29:09', '2015-08-12 18:29:09'),
	(6632, 9, '10', '00:00:00', NULL, NULL, NULL, 0, '2015-08-12 18:29:09', '2015-08-12 18:29:09'),
	(6633, 9, '11', '00:00:00', NULL, NULL, NULL, 0, '2015-08-12 18:29:09', '2015-08-12 18:29:09'),
	(6634, 9, '12', '00:00:00', NULL, NULL, NULL, 0, '2015-08-12 18:29:09', '2015-08-12 18:29:09'),
	(6635, 9, '13', '00:00:00', NULL, NULL, NULL, 0, '2015-08-12 18:29:09', '2015-08-12 18:29:09'),
	(6636, 9, '14', '00:00:00', NULL, NULL, NULL, 0, '2015-08-12 18:29:09', '2015-08-12 18:29:09'),
	(6637, 10, '1', '00:00:00', NULL, NULL, NULL, 0, '2015-08-12 18:29:09', '2015-08-12 18:29:09'),
	(6638, 10, '2', '00:00:00', NULL, NULL, NULL, 0, '2015-08-12 18:29:09', '2015-08-12 18:29:09'),
	(6639, 10, '3', '00:00:00', NULL, NULL, NULL, 0, '2015-08-12 18:29:09', '2015-08-12 18:29:09'),
	(6640, 10, '4', '00:00:00', NULL, NULL, NULL, 0, '2015-08-12 18:29:09', '2015-08-12 18:29:09'),
	(6641, 10, '5', '00:00:00', NULL, NULL, NULL, 0, '2015-08-12 18:29:09', '2015-08-12 18:29:09'),
	(6642, 10, '6', '00:00:00', NULL, NULL, NULL, 0, '2015-08-12 18:29:09', '2015-08-12 18:29:09'),
	(6643, 10, '7', '00:00:00', NULL, NULL, NULL, 0, '2015-08-12 18:29:09', '2015-08-12 18:29:09'),
	(6644, 10, '8', '00:00:00', NULL, NULL, NULL, 0, '2015-08-12 18:29:09', '2015-08-12 18:29:09'),
	(6645, 10, '9', '00:00:00', NULL, NULL, NULL, 0, '2015-08-12 18:29:09', '2015-08-12 18:29:09'),
	(6646, 10, '10', '00:00:00', NULL, NULL, NULL, 0, '2015-08-12 18:29:09', '2015-08-12 18:29:09'),
	(6647, 10, '11', '00:00:00', NULL, NULL, NULL, 0, '2015-08-12 18:29:09', '2015-08-12 18:29:09'),
	(6648, 10, '12', '00:00:00', NULL, NULL, NULL, 0, '2015-08-12 18:29:09', '2015-08-12 18:29:09'),
	(6649, 10, '13', '00:00:00', NULL, NULL, NULL, 0, '2015-08-12 18:29:09', '2015-08-12 18:29:09'),
	(6650, 10, '14', '00:00:00', NULL, NULL, NULL, 0, '2015-08-12 18:29:09', '2015-08-12 18:29:09'),
	(6651, 11, '1', '00:19:49', NULL, NULL, NULL, 0, '2015-08-12 18:29:09', '2015-08-12 18:29:09'),
	(6652, 11, '2', '00:14:21', NULL, NULL, NULL, 0, '2015-08-12 18:29:09', '2015-08-12 18:29:09'),
	(6653, 11, '3', '00:14:45', NULL, NULL, NULL, 0, '2015-08-12 18:29:09', '2015-08-12 18:29:09'),
	(6654, 11, '4', '00:16:29', NULL, NULL, NULL, 0, '2015-08-12 18:29:09', '2015-08-12 18:29:09'),
	(6655, 11, '5', '00:15:01', NULL, NULL, NULL, 0, '2015-08-12 18:29:09', '2015-08-12 18:29:09'),
	(6656, 11, '6', '00:14:54', NULL, NULL, NULL, 0, '2015-08-12 18:29:09', '2015-08-12 18:29:09'),
	(6657, 11, '7', '00:14:36', NULL, NULL, NULL, 0, '2015-08-12 18:29:09', '2015-08-12 18:29:09'),
	(6658, 11, '8', '00:19:08', NULL, NULL, NULL, 0, '2015-08-12 18:29:09', '2015-08-12 18:29:09'),
	(6659, 11, '9', '00:14:13', NULL, NULL, NULL, 0, '2015-08-12 18:29:09', '2015-08-12 18:29:09'),
	(6660, 11, '10', '00:18:16', NULL, NULL, NULL, 0, '2015-08-12 18:29:09', '2015-08-12 18:29:09'),
	(6661, 11, '11', '00:14:29', NULL, NULL, NULL, 0, '2015-08-12 18:29:09', '2015-08-12 18:29:09'),
	(6662, 11, '12', '00:14:06', NULL, NULL, NULL, 0, '2015-08-12 18:29:09', '2015-08-12 18:29:09'),
	(6663, 11, '13', '00:14:23', NULL, NULL, NULL, 0, '2015-08-12 18:29:09', '2015-08-12 18:29:09'),
	(6664, 11, '14', '00:15:55', NULL, NULL, NULL, 0, '2015-08-12 18:29:09', '2015-08-12 18:29:09'),
	(6665, 12, '1', '00:30:49', NULL, NULL, NULL, 0, '2015-08-12 18:29:09', '2015-08-12 18:29:09'),
	(6666, 12, '2', '00:25:20', NULL, NULL, NULL, 0, '2015-08-12 18:29:09', '2015-08-12 18:29:09'),
	(6667, 12, '3', '00:24:03', NULL, NULL, NULL, 0, '2015-08-12 18:29:09', '2015-08-12 18:29:09'),
	(6668, 12, '4', '00:27:48', NULL, NULL, NULL, 0, '2015-08-12 18:29:09', '2015-08-12 18:29:09'),
	(6669, 12, '5', '00:25:01', NULL, NULL, NULL, 0, '2015-08-12 18:29:09', '2015-08-12 18:29:09'),
	(6670, 12, '6', '00:25:16', NULL, NULL, NULL, 0, '2015-08-12 18:29:09', '2015-08-12 18:29:09'),
	(6671, 12, '7', '00:25:56', NULL, NULL, NULL, 0, '2015-08-12 18:29:09', '2015-08-12 18:29:09'),
	(6672, 12, '8', '00:32:14', NULL, NULL, NULL, 0, '2015-08-12 18:29:09', '2015-08-12 18:29:09'),
	(6673, 12, '9', '00:24:56', NULL, NULL, NULL, 0, '2015-08-12 18:29:09', '2015-08-12 18:29:09'),
	(6674, 12, '10', '00:31:41', NULL, NULL, NULL, 0, '2015-08-12 18:29:09', '2015-08-12 18:29:09'),
	(6675, 12, '11', '00:24:07', NULL, NULL, NULL, 0, '2015-08-12 18:29:09', '2015-08-12 18:29:09'),
	(6676, 12, '12', '00:24:30', NULL, NULL, NULL, 0, '2015-08-12 18:29:09', '2015-08-12 18:29:09'),
	(6677, 12, '13', '00:24:17', NULL, NULL, NULL, 0, '2015-08-12 18:29:09', '2015-08-12 18:29:09'),
	(6678, 12, '14', '00:25:46', NULL, NULL, NULL, 0, '2015-08-12 18:29:09', '2015-08-12 18:29:09'),
	(6679, 13, '1', '00:09:49', NULL, NULL, NULL, 0, '2015-08-12 18:29:09', '2015-08-12 18:29:09'),
	(6680, 13, '2', '00:07:26', NULL, NULL, NULL, 0, '2015-08-12 18:29:09', '2015-08-12 18:29:09'),
	(6681, 13, '3', '00:07:19', NULL, NULL, NULL, 0, '2015-08-12 18:29:09', '2015-08-12 18:29:09'),
	(6682, 13, '4', '00:07:45', NULL, NULL, NULL, 0, '2015-08-12 18:29:09', '2015-08-12 18:29:09'),
	(6683, 13, '5', '00:06:56', NULL, NULL, NULL, 0, '2015-08-12 18:29:09', '2015-08-12 18:29:09'),
	(6684, 13, '6', '00:08:01', NULL, NULL, NULL, 0, '2015-08-12 18:29:09', '2015-08-12 18:29:09'),
	(6685, 13, '7', '00:07:01', NULL, NULL, NULL, 0, '2015-08-12 18:29:09', '2015-08-12 18:29:09'),
	(6686, 13, '8', '00:09:30', NULL, NULL, NULL, 0, '2015-08-12 18:29:09', '2015-08-12 18:29:09'),
	(6687, 13, '9', '00:07:05', NULL, NULL, NULL, 0, '2015-08-12 18:29:09', '2015-08-12 18:29:09'),
	(6688, 13, '10', '00:10:00', NULL, NULL, NULL, 0, '2015-08-12 18:29:09', '2015-08-12 18:29:09'),
	(6689, 13, '11', '00:06:53', NULL, NULL, NULL, 0, '2015-08-12 18:29:09', '2015-08-12 18:29:09'),
	(6690, 13, '12', '00:07:07', NULL, NULL, NULL, 0, '2015-08-12 18:29:09', '2015-08-12 18:29:09'),
	(6691, 13, '13', '00:07:19', NULL, NULL, NULL, 0, '2015-08-12 18:29:09', '2015-08-12 18:29:09'),
	(6692, 13, '14', '00:07:47', NULL, NULL, NULL, 0, '2015-08-12 18:29:09', '2015-08-12 18:29:09'),
	(6693, 14, '1', '00:00:00', NULL, NULL, NULL, 0, '2015-08-12 18:29:09', '2015-08-12 18:29:09'),
	(6694, 14, '2', '00:00:00', NULL, NULL, NULL, 0, '2015-08-12 18:29:09', '2015-08-12 18:29:09'),
	(6695, 14, '3', '00:00:00', NULL, NULL, NULL, 0, '2015-08-12 18:29:09', '2015-08-12 18:29:09'),
	(6696, 14, '4', '00:00:00', NULL, NULL, NULL, 0, '2015-08-12 18:29:09', '2015-08-12 18:29:09'),
	(6697, 14, '5', '00:00:00', NULL, NULL, NULL, 0, '2015-08-12 18:29:09', '2015-08-12 18:29:09'),
	(6698, 14, '6', '00:00:00', NULL, NULL, NULL, 0, '2015-08-12 18:29:09', '2015-08-12 18:29:09'),
	(6699, 14, '7', '00:00:00', NULL, NULL, NULL, 0, '2015-08-12 18:29:09', '2015-08-12 18:29:09'),
	(6700, 14, '8', '00:00:00', NULL, NULL, NULL, 0, '2015-08-12 18:29:09', '2015-08-12 18:29:09'),
	(6701, 14, '9', '00:00:00', NULL, NULL, NULL, 0, '2015-08-12 18:29:09', '2015-08-12 18:29:09'),
	(6702, 14, '10', '00:00:00', NULL, NULL, NULL, 0, '2015-08-12 18:29:09', '2015-08-12 18:29:09'),
	(6703, 14, '11', '00:00:00', NULL, NULL, NULL, 0, '2015-08-12 18:29:09', '2015-08-12 18:29:09'),
	(6704, 14, '12', '00:00:00', NULL, NULL, NULL, 0, '2015-08-12 18:29:09', '2015-08-12 18:29:09'),
	(6705, 14, '13', '00:00:00', NULL, NULL, NULL, 0, '2015-08-12 18:29:09', '2015-08-12 18:29:09'),
	(6706, 14, '14', '00:00:00', NULL, NULL, NULL, 0, '2015-08-12 18:29:09', '2015-08-12 18:29:09'),
	(6707, 15, '1', '00:11:20', NULL, NULL, NULL, 0, '2015-08-12 18:29:09', '2015-08-12 18:29:09'),
	(6708, 15, '2', '00:08:34', NULL, NULL, NULL, 0, '2015-08-12 18:29:09', '2015-08-12 18:29:09'),
	(6511, 1, '1', '00:18:32', NULL, NULL, NULL, 0, '2015-08-12 18:29:08', '2015-08-12 18:29:08');
/*!40000 ALTER TABLE `rally_stage_result` ENABLE KEYS */;


-- Dumping structure for table ral.rally_surface
DROP TABLE IF EXISTS `rally_surface`;
CREATE TABLE IF NOT EXISTS `rally_surface` (
  `id` int(11) NOT NULL AUTO_INCREMENT,
  `rally_id` int(11) DEFAULT NULL,
  `surface` varchar(255) DEFAULT NULL,
  `percentage` float(4,2) DEFAULT NULL,
  `created_at` datetime NOT NULL,
  `updated_at` datetime NOT NULL,
  PRIMARY KEY (`id`),
  KEY `rally_id_idx` (`rally_id`)
) ENGINE=MyISAM AUTO_INCREMENT=249 DEFAULT CHARSET=utf8;

-- Dumping data for table ral.rally_surface: 143 rows
DELETE FROM `rally_surface`;
/*!40000 ALTER TABLE `rally_surface` DISABLE KEYS */;
INSERT INTO `rally_surface` (`id`, `rally_id`, `surface`, `percentage`, `created_at`, `updated_at`) VALUES
	(1, 1, 'tarmac', 95.00, '2015-08-08 12:50:19', '2015-08-08 12:50:19'),
	(2, 1, 'gravel', 5.00, '2015-08-08 12:50:19', '2015-08-08 12:50:19'),
	(3, 2, 'snow', 99.99, '2015-08-08 12:56:21', '2015-08-08 12:56:21'),
	(4, 3, 'gravel', 99.99, '2015-08-08 13:01:41', '2015-08-08 13:01:41'),
	(5, 4, 'gravel', 99.99, '2015-08-08 13:05:32', '2015-08-08 13:05:32'),
	(6, 4, 'rain', 20.00, '2015-08-08 13:05:32', '2015-08-08 13:05:32'),
	(7, 5, 'gravel', 95.00, '2015-08-08 13:09:53', '2015-08-08 13:09:53'),
	(8, 5, 'tarmac', 5.00, '2015-08-08 13:09:53', '2015-08-08 13:09:53'),
	(9, 5, 'rain', 15.00, '2015-08-08 13:09:53', '2015-08-08 13:09:53'),
	(10, 6, 'gravel', 93.00, '2015-08-08 14:53:32', '2015-08-08 14:53:32'),
	(11, 6, 'tarmac', 7.00, '2015-08-08 14:53:32', '2015-08-08 14:53:32'),
	(12, 6, 'rain', 20.00, '2015-08-08 14:53:32', '2015-08-08 14:53:32'),
	(13, 7, 'gravel', 63.00, '2015-08-08 14:58:53', '2015-08-08 14:58:53'),
	(14, 7, 'tarmac', 37.00, '2015-08-08 14:58:53', '2015-08-08 14:58:53'),
	(15, 7, 'rain', 31.00, '2015-08-08 14:58:53', '2015-08-08 14:58:53'),
	(16, 8, 'gravel', 79.00, '2015-08-08 17:48:37', '2015-08-08 17:48:37'),
	(17, 8, 'tarmac', 21.00, '2015-08-08 17:48:37', '2015-08-08 17:48:37'),
	(18, 8, 'rain', 7.00, '2015-08-08 17:48:37', '2015-08-08 17:48:37'),
	(19, 9, 'tarmac', 93.00, '2015-08-08 18:06:00', '2015-08-08 18:06:00'),
	(20, 9, 'gravel', 7.00, '2015-08-08 18:06:00', '2015-08-08 18:06:00'),
	(21, 9, 'rain', 5.00, '2015-08-08 18:06:00', '2015-08-08 18:06:00'),
	(22, 10, 'gravel', 99.99, '2015-08-08 18:15:39', '2015-08-08 18:15:39'),
	(23, 11, 'tarmac', 99.99, '2015-08-09 09:08:16', '2015-08-09 09:08:16'),
	(24, 11, 'rain', 5.00, '2015-08-09 09:08:16', '2015-08-09 09:08:16'),
	(25, 12, 'tarmac', 61.00, '2015-08-09 09:29:16', '2015-08-09 09:29:16'),
	(26, 12, 'gravel', 39.00, '2015-08-09 09:29:16', '2015-08-09 09:29:16'),
	(27, 12, 'rain', 11.00, '2015-08-09 09:29:16', '2015-08-09 09:29:16'),
	(28, 13, 'gravel', 93.00, '2015-08-09 09:33:26', '2015-08-09 09:33:26'),
	(29, 13, 'tarmac', 7.00, '2015-08-09 09:33:26', '2015-08-09 09:33:26'),
	(30, 13, 'rain', 56.00, '2015-08-09 09:33:26', '2015-08-09 09:33:26'),
	(31, 14, 'tarmac', 58.00, '2015-08-09 14:43:28', '2015-08-09 14:43:28'),
	(32, 14, 'snow', 42.00, '2015-08-09 14:43:28', '2015-08-09 14:43:28'),
	(33, 14, 'rain', 5.00, '2015-08-09 14:43:28', '2015-08-09 14:43:28'),
	(34, 15, 'gravel', 63.00, '2015-08-09 14:47:06', '2015-08-09 14:47:06'),
	(35, 15, 'snow', 37.00, '2015-08-09 14:47:06', '2015-08-09 14:47:06'),
	(36, 15, 'rain', 11.00, '2015-08-09 14:47:06', '2015-08-09 14:47:06'),
	(37, 16, 'tarmac', 99.99, '2015-08-09 18:29:55', '2015-08-09 18:29:55'),
	(38, 16, 'rain', 35.00, '2015-08-09 18:29:55', '2015-08-09 18:29:55'),
	(39, 17, 'gravel', 88.00, '2015-08-09 18:37:22', '2015-08-09 18:37:22'),
	(40, 17, 'tarmac', 12.00, '2015-08-09 18:37:22', '2015-08-09 18:37:22'),
	(41, 17, 'rain', 3.00, '2015-08-09 18:37:22', '2015-08-09 18:37:22'),
	(42, 18, 'tarmac', 99.99, '2015-08-10 10:35:26', '2015-08-10 10:35:26'),
	(43, 18, 'rain', 15.00, '2015-08-10 10:35:26', '2015-08-10 10:35:26'),
	(58, 26, 'gravel', 99.99, '2015-08-10 10:51:22', '2015-08-10 10:51:22'),
	(59, 26, 'rain', 15.00, '2015-08-10 10:51:22', '2015-08-10 10:51:22'),
	(60, 27, 'tarmac', 99.99, '2015-08-10 10:54:48', '2015-08-10 10:54:48'),
	(61, 27, 'rain', 11.00, '2015-08-10 10:54:48', '2015-08-10 10:54:48'),
	(62, 28, 'gravel', 99.99, '2015-08-10 10:57:37', '2015-08-10 10:57:37'),
	(63, 29, 'gravel', 99.99, '2015-08-10 11:00:38', '2015-08-10 11:00:38'),
	(64, 30, 'tarmac', 99.99, '2015-08-10 11:04:16', '2015-08-10 11:04:16'),
	(65, 30, 'rain', 15.00, '2015-08-10 11:04:16', '2015-08-10 11:04:16'),
	(66, 31, 'snow', 99.99, '2015-08-10 11:11:05', '2015-08-10 11:11:05'),
	(67, 31, 'rain', 5.00, '2015-08-10 11:11:05', '2015-08-10 11:11:05'),
	(68, 32, 'tarmac', 99.99, '2015-08-10 11:14:37', '2015-08-10 11:14:37'),
	(69, 33, 'tarmac', 99.99, '2015-08-10 11:21:17', '2015-08-10 11:21:17'),
	(70, 33, 'rain', 15.00, '2015-08-10 11:21:17', '2015-08-10 11:21:17'),
	(71, 34, 'gravel', 85.00, '2015-08-10 11:25:24', '2015-08-10 11:25:24'),
	(72, 34, 'tarmac', 15.00, '2015-08-10 11:25:24', '2015-08-10 11:25:24'),
	(73, 34, 'rain', 15.00, '2015-08-10 11:25:24', '2015-08-10 11:25:24'),
	(74, 35, 'tarmac', 99.99, '2015-08-10 11:27:51', '2015-08-10 11:27:51'),
	(75, 36, 'tarmac', 99.99, '2015-08-10 11:35:54', '2015-08-10 11:35:54'),
	(76, 36, 'rain', 11.00, '2015-08-10 11:35:54', '2015-08-10 11:35:54'),
	(77, 37, 'snow', 99.99, '2015-08-10 11:58:58', '2015-08-10 11:58:58'),
	(78, 38, 'snow', 85.00, '2015-08-10 12:01:22', '2015-08-10 12:01:22'),
	(79, 38, 'gravel', 15.00, '2015-08-10 12:01:23', '2015-08-10 12:01:23'),
	(80, 38, 'rain', 10.00, '2015-08-10 12:01:23', '2015-08-10 12:01:23'),
	(81, 39, 'snow', 99.99, '2015-08-10 12:04:32', '2015-08-10 12:04:32'),
	(82, 39, 'rain', 11.00, '2015-08-10 12:04:32', '2015-08-10 12:04:32'),
	(83, 40, 'snow', 99.99, '2015-08-10 12:14:12', '2015-08-10 12:14:12'),
	(84, 41, 'snow', 69.00, '2015-08-10 12:16:39', '2015-08-10 12:16:39'),
	(85, 41, 'gravel', 31.00, '2015-08-10 12:16:39', '2015-08-10 12:16:39'),
	(86, 41, 'rain', 5.00, '2015-08-10 12:16:40', '2015-08-10 12:16:40'),
	(87, 42, 'gravel', 61.00, '2015-08-10 12:19:14', '2015-08-10 12:19:14'),
	(88, 42, 'snow', 39.00, '2015-08-10 12:19:14', '2015-08-10 12:19:14'),
	(89, 43, 'snow', 89.00, '2015-08-10 12:45:01', '2015-08-10 12:45:01'),
	(90, 43, 'gravel', 11.00, '2015-08-10 12:45:01', '2015-08-10 12:45:01'),
	(91, 43, 'rain', 15.00, '2015-08-10 12:45:01', '2015-08-10 12:45:01'),
	(92, 44, 'snow', 78.00, '2015-08-10 12:56:06', '2015-08-10 12:56:06'),
	(93, 44, 'gravel', 22.00, '2015-08-10 12:56:06', '2015-08-10 12:56:06'),
	(94, 44, 'rain', 11.00, '2015-08-10 12:56:06', '2015-08-10 12:56:06'),
	(95, 45, 'snow', 99.99, '2015-08-10 13:00:49', '2015-08-10 13:00:49'),
	(96, 46, 'snow', 89.00, '2015-08-10 13:05:04', '2015-08-10 13:05:04'),
	(97, 46, 'gravel', 11.00, '2015-08-10 13:05:04', '2015-08-10 13:05:04'),
	(98, 47, 'snow', 99.99, '2015-08-10 13:16:42', '2015-08-10 13:16:42'),
	(99, 47, 'rain', 33.00, '2015-08-10 13:16:42', '2015-08-10 13:16:42'),
	(100, 48, 'snow', 91.00, '2015-08-10 13:18:36', '2015-08-10 13:18:36'),
	(101, 48, 'gravel', 9.00, '2015-08-10 13:18:36', '2015-08-10 13:18:36'),
	(102, 48, 'rain', 3.00, '2015-08-10 13:18:36', '2015-08-10 13:18:36'),
	(104, 49, 'gravel', 21.00, '2015-08-10 15:12:07', '2015-08-10 15:12:07'),
	(103, 49, 'snow', 79.00, '2015-08-10 15:12:07', '2015-08-10 15:12:07'),
	(106, 50, 'rain', 45.00, '2015-08-10 15:21:49', '2015-08-10 15:21:49'),
	(105, 50, 'snow', 99.99, '2015-08-10 15:21:49', '2015-08-10 15:21:49'),
	(108, 51, 'snow', 11.00, '2015-08-10 15:24:01', '2015-08-10 15:24:01'),
	(107, 51, 'snow', 99.99, '2015-08-10 15:24:01', '2015-08-10 15:24:01'),
	(110, 52, 'gravel', 2.00, '2015-08-10 15:30:10', '2015-08-10 15:30:10'),
	(109, 52, 'tarmac', 98.00, '2015-08-10 15:30:10', '2015-08-10 15:30:10'),
	(112, 53, 'gravel', 42.00, '2015-08-10 15:36:15', '2015-08-10 15:36:15'),
	(111, 53, 'tarmac', 58.00, '2015-08-10 15:36:15', '2015-08-10 15:36:15'),
	(113, 54, 'tarmac', 99.99, '2015-08-10 15:38:49', '2015-08-10 15:38:49'),
	(115, 55, 'gravel', 49.00, '2015-08-10 15:41:57', '2015-08-10 15:41:57'),
	(114, 55, 'tarmac', 51.00, '2015-08-10 15:41:57', '2015-08-10 15:41:57'),
	(116, 56, 'gravel', 99.99, '2015-08-10 15:44:48', '2015-08-10 15:44:48'),
	(117, 57, 'tarmac', 99.99, '2015-08-10 15:48:24', '2015-08-10 15:48:24'),
	(118, 57, 'rain', 28.00, '2015-08-10 15:48:24', '2015-08-10 15:48:24'),
	(119, 58, 'tarmac', 99.99, '2015-08-10 15:50:44', '2015-08-10 15:50:44'),
	(120, 59, 'gravel', 75.00, '2015-08-10 15:54:30', '2015-08-10 15:54:30'),
	(121, 59, 'tarmac', 25.00, '2015-08-10 15:54:30', '2015-08-10 15:54:30'),
	(122, 60, 'tarmac', 99.99, '2015-08-10 16:20:57', '2015-08-10 16:20:57'),
	(123, 60, 'rain', 11.00, '2015-08-10 16:20:57', '2015-08-10 16:20:57'),
	(124, 61, 'tarmac', 99.99, '2015-08-10 16:27:13', '2015-08-10 16:27:13'),
	(125, 62, 'tarmac', 99.99, '2015-08-10 16:29:02', '2015-08-10 16:29:02'),
	(126, 63, 'tarmac', 87.00, '2015-08-10 16:31:41', '2015-08-10 16:31:41'),
	(127, 63, 'gravel', 13.00, '2015-08-10 16:31:41', '2015-08-10 16:31:41'),
	(128, 63, 'rain', 17.00, '2015-08-10 16:31:41', '2015-08-10 16:31:41'),
	(129, 64, 'gravel', 99.99, '2015-08-10 16:38:22', '2015-08-10 16:38:22'),
	(130, 65, 'tarmac', 87.00, '2015-08-10 16:41:16', '2015-08-10 16:41:16'),
	(131, 65, 'gravel', 13.00, '2015-08-10 16:41:16', '2015-08-10 16:41:16'),
	(132, 65, 'rain', 5.00, '2015-08-10 16:41:16', '2015-08-10 16:41:16'),
	(133, 66, 'tarmac', 99.99, '2015-08-10 16:47:23', '2015-08-10 16:47:23'),
	(134, 67, 'gravel', 99.99, '2015-08-10 16:50:08', '2015-08-10 16:50:08'),
	(135, 68, 'gravel', 73.00, '2015-08-10 16:52:25', '2015-08-10 16:52:25'),
	(136, 68, 'tarmac', 27.00, '2015-08-10 16:52:25', '2015-08-10 16:52:25'),
	(137, 68, 'rain', 11.00, '2015-08-10 16:52:25', '2015-08-10 16:52:25'),
	(138, 69, 'tarmac', 99.99, '2015-08-10 16:54:38', '2015-08-10 16:54:38'),
	(139, 69, 'rain', 73.00, '2015-08-10 16:54:38', '2015-08-10 16:54:38'),
	(140, 70, 'gravel', 99.99, '2015-08-10 17:20:46', '2015-08-10 17:20:46'),
	(141, 71, 'gravel', 99.99, '2015-08-10 17:24:19', '2015-08-10 17:24:19'),
	(142, 72, 'tarmac', 61.00, '2015-08-10 17:28:34', '2015-08-10 17:28:34'),
	(143, 72, 'gravel', 39.00, '2015-08-10 17:28:35', '2015-08-10 17:28:35'),
	(144, 72, 'rain', 18.00, '2015-08-10 17:28:35', '2015-08-10 17:28:35'),
	(145, 73, 'tarmac', 99.99, '2015-08-10 17:30:34', '2015-08-10 17:30:34'),
	(146, 74, 'tarmac', 67.00, '2015-08-10 17:47:58', '2015-08-10 17:47:58'),
	(147, 74, 'gravel', 33.00, '2015-08-10 17:47:58', '2015-08-10 17:47:58'),
	(148, 75, 'tarmac', 99.99, '2015-08-11 11:03:43', '2015-08-11 11:03:43'),
	(149, 75, 'rain', 5.00, '2015-08-11 11:03:43', '2015-08-11 11:03:43'),
	(150, 76, 'tarmac', 73.00, '2015-08-11 11:13:27', '2015-08-11 11:13:27'),
	(151, 76, 'gravel', 27.00, '2015-08-11 11:13:27', '2015-08-11 11:13:27'),
	(152, 76, 'rain', 21.00, '2015-08-11 11:13:27', '2015-08-11 11:13:27'),
	(153, 77, 'gravel', 73.00, '2015-08-11 11:24:13', '2015-08-11 11:24:13'),
	(154, 77, 'tarmac', 27.00, '2015-08-11 11:24:13', '2015-08-11 11:24:13'),
	(155, 77, 'rain', 11.00, '2015-08-11 11:24:13', '2015-08-11 11:24:13'),
	(156, 78, 'gravel', 99.99, '2015-08-11 11:38:06', '2015-08-11 11:38:06'),
	(157, 79, 'gravel', 99.99, '2015-08-11 11:57:54', '2015-08-11 11:57:54'),
	(206, 104, 'gravel', 99.99, '2015-08-12 15:28:33', '2015-08-12 15:28:33'),
	(207, 104, 'rain', 45.76, '2015-08-12 15:28:33', '2015-08-12 15:28:33'),
	(208, 105, 'gravel', 60.88, '2015-08-12 15:28:33', '2015-08-12 15:28:33'),
	(209, 105, 'snow', 39.12, '2015-08-12 15:28:33', '2015-08-12 15:28:33'),
	(210, 105, 'rain', 64.06, '2015-08-12 15:28:33', '2015-08-12 15:28:33'),
	(211, 106, 'tarmac', 99.99, '2015-08-12 15:28:33', '2015-08-12 15:28:33'),
	(212, 106, 'rain', 47.58, '2015-08-12 15:28:33', '2015-08-12 15:28:33'),
	(213, 107, 'tarmac', 81.18, '2015-08-12 15:28:33', '2015-08-12 15:28:33'),
	(214, 107, 'snow', 18.82, '2015-08-12 15:28:33', '2015-08-12 15:28:33'),
	(215, 108, 'snow', 99.99, '2015-08-12 15:28:34', '2015-08-12 15:28:34'),
	(216, 109, 'tarmac', 29.17, '2015-08-12 15:28:34', '2015-08-12 15:28:34'),
	(217, 109, 'gravel', 70.83, '2015-08-12 15:28:34', '2015-08-12 15:28:34'),
	(218, 110, 'snow', 99.99, '2015-08-12 15:28:34', '2015-08-12 15:28:34'),
	(219, 110, 'rain', 25.28, '2015-08-12 15:28:34', '2015-08-12 15:28:34'),
	(220, 111, 'tarmac', 99.99, '2015-08-12 15:28:34', '2015-08-12 15:28:34'),
	(221, 111, 'rain', 50.01, '2015-08-12 15:28:34', '2015-08-12 15:28:34'),
	(222, 112, 'gravel', 99.99, '2015-08-12 15:28:34', '2015-08-12 15:28:34'),
	(223, 113, 'snow', 99.99, '2015-08-12 15:28:34', '2015-08-12 15:28:34'),
	(224, 113, 'rain', 55.88, '2015-08-12 15:28:34', '2015-08-12 15:28:34'),
	(225, 114, 'snow', 99.99, '2015-08-12 15:28:34', '2015-08-12 15:28:34'),
	(226, 115, 'gravel', 67.23, '2015-08-12 15:28:34', '2015-08-12 15:28:34'),
	(227, 115, 'snow', 32.77, '2015-08-12 15:28:34', '2015-08-12 15:28:34'),
	(228, 116, 'tarmac', 73.96, '2015-08-12 15:28:34', '2015-08-12 15:28:34'),
	(229, 116, 'snow', 26.04, '2015-08-12 15:28:34', '2015-08-12 15:28:34'),
	(230, 117, 'gravel', 99.99, '2015-08-12 15:28:34', '2015-08-12 15:28:34'),
	(231, 118, 'tarmac', 61.58, '2015-08-12 15:28:34', '2015-08-12 15:28:34'),
	(232, 118, 'snow', 38.42, '2015-08-12 15:28:34', '2015-08-12 15:28:34'),
	(233, 119, 'tarmac', 22.96, '2015-08-12 15:28:34', '2015-08-12 15:28:34'),
	(234, 119, 'gravel', 77.04, '2015-08-12 15:28:34', '2015-08-12 15:28:34'),
	(235, 120, 'tarmac', 72.79, '2015-08-12 15:28:34', '2015-08-12 15:28:34'),
	(236, 120, 'gravel', 27.21, '2015-08-12 15:28:34', '2015-08-12 15:28:34'),
	(237, 121, 'gravel', 99.99, '2015-08-12 15:28:34', '2015-08-12 15:28:34'),
	(238, 121, 'rain', 54.80, '2015-08-12 15:28:34', '2015-08-12 15:28:34'),
	(239, 122, 'gravel', 99.99, '2015-08-12 15:28:34', '2015-08-12 15:28:34'),
	(240, 122, 'rain', 10.36, '2015-08-12 15:28:34', '2015-08-12 15:28:34'),
	(241, 123, 'gravel', 99.99, '2015-08-12 15:28:34', '2015-08-12 15:28:34'),
	(242, 123, 'rain', 41.17, '2015-08-12 15:28:34', '2015-08-12 15:28:34'),
	(243, 124, 'gravel', 77.54, '2015-08-12 15:28:34', '2015-08-12 15:28:34'),
	(244, 124, 'snow', 22.46, '2015-08-12 15:28:34', '2015-08-12 15:28:34'),
	(245, 125, 'snow', 99.99, '2015-08-12 15:28:34', '2015-08-12 15:28:34'),
	(246, 125, 'rain', 47.73, '2015-08-12 15:28:34', '2015-08-12 15:28:34'),
	(247, 126, 'gravel', 99.99, '2015-08-12 15:28:34', '2015-08-12 15:28:34'),
	(248, 127, 'gravel', 99.99, '2015-08-12 15:28:34', '2015-08-12 15:28:34');
/*!40000 ALTER TABLE `rally_surface` ENABLE KEYS */;


-- Dumping structure for table ral.team_finance
DROP TABLE IF EXISTS `team_finance`;
CREATE TABLE IF NOT EXISTS `team_finance` (
  `id` int(11) NOT NULL AUTO_INCREMENT,
  `team_id` int(11) DEFAULT NULL,
  `amount` int(11) DEFAULT NULL,
  `description` varchar(255) DEFAULT NULL,
  `save_date` datetime DEFAULT NULL,
  `income` tinyint(1) DEFAULT '0',
  `detailed_type` int(11) DEFAULT NULL,
  `created_at` datetime NOT NULL,
  `updated_at` datetime NOT NULL,
  `deleted_at` datetime DEFAULT NULL,
  PRIMARY KEY (`id`),
  KEY `team_id_idx` (`team_id`)
) ENGINE=MyISAM AUTO_INCREMENT=315 DEFAULT CHARSET=utf8;

-- Dumping data for table ral.team_finance: 50 rows
DELETE FROM `team_finance`;
/*!40000 ALTER TABLE `team_finance` DISABLE KEYS */;
INSERT INTO `team_finance` (`id`, `team_id`, `amount`, `description`, `save_date`, `income`, `detailed_type`, `created_at`, `updated_at`, `deleted_at`) VALUES
	(1, 1, 50000, 'Initial FastRally bonus', '2015-08-04 16:27:18', 1, 8, '2015-08-04 16:27:18', '2015-08-04 16:27:18', NULL),
	(2, 2, 50000, 'Initial FastRally bonus', '2015-08-04 16:27:18', 1, 8, '2015-08-04 16:27:18', '2015-08-04 16:27:18', NULL),
	(3, 3, 50000, 'Initial FastRally bonus', '2015-08-05 16:27:18', 1, 8, '2015-08-04 16:27:18', '2015-08-04 16:27:18', NULL),
	(4, 4, 50000, 'Initial FastRally bonus', '2015-07-26 16:27:18', 1, 8, '2015-08-04 16:27:18', '2015-08-04 16:27:18', NULL),
	(5, 5, 50000, 'Initial FastRally bonus', '2015-08-04 16:27:18', 1, 8, '2015-08-04 16:27:18', '2015-08-04 16:27:18', NULL),
	(6, 6, 50000, 'Initial FastRally bonus', '2015-08-04 16:27:18', 1, 8, '2015-08-04 16:27:18', '2015-08-04 16:27:18', NULL),
	(7, 7, 50000, 'Initial FastRally bonus', '2015-08-04 16:27:18', 1, 8, '2015-08-04 16:27:18', '2015-08-04 16:27:18', NULL),
	(8, 8, 50000, 'Initial FastRally bonus', '2015-08-04 16:27:19', 1, 8, '2015-08-04 16:27:19', '2015-08-04 16:27:19', NULL),
	(9, 9, 50000, 'Initial FastRally bonus', '2015-08-04 16:27:19', 1, 8, '2015-08-04 16:27:19', '2015-08-04 16:27:19', NULL),
	(10, 10, 50000, 'Initial FastRally bonus', '2015-08-04 16:27:19', 1, 8, '2015-08-04 16:27:19', '2015-08-04 16:27:19', NULL),
	(11, 11, 50000, 'Initial FastRally bonus', '2015-08-04 16:27:19', 1, 8, '2015-08-04 16:27:19', '2015-08-04 16:27:19', NULL),
	(12, 12, 50000, 'Initial FastRally bonus', '2015-08-04 16:27:19', 1, 8, '2015-08-04 16:27:19', '2015-08-04 16:27:19', NULL),
	(13, 13, 50000, 'Initial FastRally bonus', '2015-08-04 16:27:19', 1, 8, '2015-08-04 16:27:19', '2015-08-04 16:27:19', NULL),
	(14, 14, 50000, 'Initial FastRally bonus', '2015-08-04 16:27:19', 1, 8, '2015-08-04 16:27:19', '2015-08-04 16:27:19', NULL),
	(15, 15, 50000, 'Initial FastRally bonus', '2015-08-04 16:27:19', 1, 8, '2015-08-04 16:27:19', '2015-08-04 16:27:19', NULL),
	(16, 16, 50000, 'Initial FastRally bonus', '2015-08-04 17:01:16', 1, 8, '2015-08-04 17:01:16', '2015-08-04 17:01:16', NULL),
	(17, 17, 50000, 'Initial FastRally bonus', '2015-08-04 17:18:34', 1, 8, '2015-08-04 17:18:34', '2015-08-04 17:18:34', NULL),
	(18, 14, 5000, 'Putting player Seb Exum on transfer list', '2015-08-05 10:08:36', 0, 6, '2015-08-05 10:08:36', '2015-08-05 10:08:36', NULL),
	(19, 14, 150, 'Putting player James Kowalski on transfer list', '2015-08-05 10:08:47', 0, 6, '2015-08-05 10:08:47', '2015-08-05 10:08:47', NULL),
	(20, 13, 150, 'Putting player Andrew House on transfer list', '2015-08-05 10:12:49', 0, 6, '2015-08-05 10:12:49', '2015-08-05 10:12:49', NULL),
	(21, 13, 550, 'Arrival of player James Kowalski', '2015-08-05 10:56:28', 0, 6, '2015-08-05 10:56:28', '2015-08-05 10:56:28', NULL),
	(22, 14, 550, 'Sell of player James Kowalski', '2015-08-05 10:56:28', 1, 3, '2015-08-05 10:56:28', '2015-08-05 10:56:28', NULL),
	(23, 3, 804, 'Arrival of player James Kowalski', '2015-08-05 11:00:58', 0, 6, '2015-08-05 11:00:58', '2015-08-05 11:00:58', NULL),
	(24, 14, 804, 'Sell of player James Kowalski', '2015-08-05 11:00:58', 1, 3, '2015-08-05 11:00:58', '2015-08-05 11:00:58', NULL),
	(25, 1, 150, 'Putting car Mitsubishi Lancer Pro Evo X #5664 on market', '2015-08-05 11:04:21', 0, 6, '2015-08-05 11:04:21', '2015-08-05 11:04:21', NULL),
	(26, 11, 150, 'Putting car Mitsubishi Lancer Pro Evo X #21409 on market', '2015-08-05 11:14:34', 0, 6, '2015-08-05 11:14:34', '2015-08-05 11:14:34', NULL),
	(27, 3, 2655, 'Arrival of car Mitsubishi Lancer Pro Evo X #5664', '2015-08-05 11:25:26', 0, 6, '2015-08-05 11:25:26', '2015-08-05 11:25:26', NULL),
	(28, 1, 2655, 'Sell of player Mitsubishi Lancer Pro Evo X #5664', '2015-08-05 11:25:26', 1, 3, '2015-08-05 11:25:26', '2015-08-05 11:25:26', NULL),
	(29, 3, 2655, 'Arrival of car Mitsubishi Lancer Pro Evo X #5664', '2015-08-05 11:26:03', 0, 6, '2015-08-05 11:26:03', '2015-08-05 11:26:03', NULL),
	(30, 1, 2655, 'Sell of player Mitsubishi Lancer Pro Evo X #5664', '2015-08-05 11:26:03', 1, 3, '2015-08-05 11:26:03', '2015-08-05 11:26:03', NULL),
	(31, 8, 150, 'Putting car Fiat punto #17685 on market', '2015-08-05 11:34:48', 0, 6, '2015-08-05 11:34:48', '2015-08-05 11:34:48', NULL),
	(32, 3, 2, 'Bought car Fiat punto #17685', '2015-08-05 11:42:32', 0, 6, '2015-08-05 11:42:32', '2015-08-05 11:42:32', NULL),
	(33, 8, 2, 'Sold car Fiat punto #17685', '2015-08-05 11:42:32', 1, 3, '2015-08-05 11:42:32', '2015-08-05 11:42:32', NULL),
	(34, 6, 150, 'Putting car Auto 4 #21735 on market', '2015-08-05 11:45:36', 0, 6, '2015-08-05 11:45:36', '2015-08-05 11:45:36', NULL),
	(35, 15, 150, 'Putting car Auto 4 #1357 on market', '2015-08-05 11:53:19', 0, 6, '2015-08-05 11:53:19', '2015-08-05 11:53:19', NULL),
	(36, 13, 46300, 'Car Subaru Impreza 2.0 P1 was bought', '2015-08-05 12:20:13', 0, 7, '2015-08-05 12:20:13', '2015-08-05 12:20:13', NULL),
	(37, 18, 50000, 'Initial FastRally bonus', '2015-08-05 16:00:53', 1, 8, '2015-08-05 16:00:53', '2015-08-05 16:00:53', NULL),
	(38, 1, 11000, 'Car Proton Satria Neo Sport was bought', '2015-08-11 17:27:28', 0, 7, '2015-08-11 17:27:28', '2015-08-11 17:27:28', NULL),
	(39, 6, 25000, 'Car Alfa Romeo Junior was bought', '2015-08-11 17:33:15', 0, 7, '2015-08-11 17:33:15', '2015-08-11 17:33:15', NULL),
	(40, 8, 34000, 'Car Renault Clio III was bought', '2015-08-11 17:39:28', 0, 7, '2015-08-11 17:39:28', '2015-08-11 17:39:28', NULL),
	(41, 13, 2195, 'Bought car Mitsubishi Lancer Evo IX GT340 #5', '2015-08-12 02:20:01', 0, 6, '2015-08-12 02:20:01', '2015-08-12 02:20:01', NULL),
	(42, 6, 2195, 'Sold car Mitsubishi Lancer Evo IX GT340 #5', '2015-08-12 02:20:01', 1, 3, '2015-08-12 02:20:01', '2015-08-12 02:20:01', NULL),
	(43, 1, 55440, 'For 1st place in rally Rally Monte Carlo', '2015-08-12 13:45:02', 1, 1, '2015-08-12 13:45:02', '2015-08-12 13:45:02', NULL),
	(44, 8, 38640, 'For 2nd place in rally Rally Monte Carlo', '2015-08-12 13:45:02', 1, 1, '2015-08-12 13:45:02', '2015-08-12 13:45:02', NULL),
	(45, 11, 23520, 'For 3rd place in rally Rally Monte Carlo', '2015-08-12 13:45:02', 1, 1, '2015-08-12 13:45:02', '2015-08-12 13:45:02', NULL),
	(46, 10, 13440, 'For 4th place in rally Rally Monte Carlo', '2015-08-12 13:45:02', 1, 1, '2015-08-12 13:45:02', '2015-08-12 13:45:02', NULL),
	(47, 2, 11760, 'For 5th place in rally Rally Monte Carlo', '2015-08-12 13:45:02', 1, 1, '2015-08-12 13:45:02', '2015-08-12 13:45:02', NULL),
	(48, 6, 10080, 'For 6th place in rally Rally Monte Carlo', '2015-08-12 13:45:02', 1, 1, '2015-08-12 13:45:02', '2015-08-12 13:45:02', NULL),
	(49, 3, 8400, 'For 7th place in rally Rally Monte Carlo', '2015-08-12 13:45:02', 1, 1, '2015-08-12 13:45:02', '2015-08-12 13:45:02', NULL),
	(50, 9, 6720, 'For 8th place in rally Rally Monte Carlo', '2015-08-12 13:45:02', 1, 1, '2015-08-12 13:45:02', '2015-08-12 13:45:02', NULL),
	(51, 1, 55440, 'For 1st place in rally Rally Monte Carlo', '2015-08-12 15:53:46', 1, 1, '2015-08-12 15:53:46', '2015-08-12 15:53:46', NULL),
	(52, 8, 38640, 'For 2nd place in rally Rally Monte Carlo', '2015-08-12 15:53:46', 1, 1, '2015-08-12 15:53:46', '2015-08-12 15:53:46', NULL),
	(53, 11, 23520, 'For 3rd place in rally Rally Monte Carlo', '2015-08-12 15:53:46', 1, 1, '2015-08-12 15:53:46', '2015-08-12 15:53:46', NULL),
	(54, 10, 13440, 'For 4th place in rally Rally Monte Carlo', '2015-08-12 15:53:46', 1, 1, '2015-08-12 15:53:46', '2015-08-12 15:53:46', NULL),
	(55, 2, 11760, 'For 5th place in rally Rally Monte Carlo', '2015-08-12 15:53:46', 1, 1, '2015-08-12 15:53:46', '2015-08-12 15:53:46', NULL),
	(56, 6, 10080, 'For 6th place in rally Rally Monte Carlo', '2015-08-12 15:53:46', 1, 1, '2015-08-12 15:53:46', '2015-08-12 15:53:46', NULL),
	(57, 3, 8400, 'For 7th place in rally Rally Monte Carlo', '2015-08-12 15:53:46', 1, 1, '2015-08-12 15:53:46', '2015-08-12 15:53:46', NULL),
	(58, 9, 6720, 'For 8th place in rally Rally Monte Carlo', '2015-08-12 15:53:46', 1, 1, '2015-08-12 15:53:46', '2015-08-12 15:53:46', NULL),
	(59, 1, 55440, 'For 1st place in rally Rally Monte Carlo', '2015-08-12 15:57:43', 1, 1, '2015-08-12 15:57:43', '2015-08-12 15:57:43', NULL),
	(60, 8, 38640, 'For 2nd place in rally Rally Monte Carlo', '2015-08-12 15:57:44', 1, 1, '2015-08-12 15:57:44', '2015-08-12 15:57:44', NULL),
	(61, 11, 23520, 'For 3rd place in rally Rally Monte Carlo', '2015-08-12 15:57:44', 1, 1, '2015-08-12 15:57:44', '2015-08-12 15:57:44', NULL),
	(62, 10, 13440, 'For 4th place in rally Rally Monte Carlo', '2015-08-12 15:57:44', 1, 1, '2015-08-12 15:57:44', '2015-08-12 15:57:44', NULL),
	(63, 2, 11760, 'For 5th place in rally Rally Monte Carlo', '2015-08-12 15:57:44', 1, 1, '2015-08-12 15:57:44', '2015-08-12 15:57:44', NULL),
	(64, 6, 10080, 'For 6th place in rally Rally Monte Carlo', '2015-08-12 15:57:44', 1, 1, '2015-08-12 15:57:44', '2015-08-12 15:57:44', NULL),
	(65, 3, 8400, 'For 7th place in rally Rally Monte Carlo', '2015-08-12 15:57:44', 1, 1, '2015-08-12 15:57:44', '2015-08-12 15:57:44', NULL),
	(66, 9, 6720, 'For 8th place in rally Rally Monte Carlo', '2015-08-12 15:57:44', 1, 1, '2015-08-12 15:57:44', '2015-08-12 15:57:44', NULL),
	(67, 1, 55440, 'For 1st place in rally Rally Monte Carlo', '2015-08-12 16:00:38', 1, 1, '2015-08-12 16:00:38', '2015-08-12 16:00:38', NULL),
	(68, 8, 38640, 'For 2nd place in rally Rally Monte Carlo', '2015-08-12 16:00:38', 1, 1, '2015-08-12 16:00:38', '2015-08-12 16:00:38', NULL),
	(69, 11, 23520, 'For 3rd place in rally Rally Monte Carlo', '2015-08-12 16:00:38', 1, 1, '2015-08-12 16:00:38', '2015-08-12 16:00:38', NULL),
	(70, 2, 13440, 'For 4th place in rally Rally Monte Carlo', '2015-08-12 16:00:38', 1, 1, '2015-08-12 16:00:38', '2015-08-12 16:00:38', NULL),
	(71, 10, 11760, 'For 5th place in rally Rally Monte Carlo', '2015-08-12 16:00:38', 1, 1, '2015-08-12 16:00:38', '2015-08-12 16:00:38', NULL),
	(72, 3, 10080, 'For 6th place in rally Rally Monte Carlo', '2015-08-12 16:00:38', 1, 1, '2015-08-12 16:00:38', '2015-08-12 16:00:38', NULL),
	(73, 6, 8400, 'For 7th place in rally Rally Monte Carlo', '2015-08-12 16:00:38', 1, 1, '2015-08-12 16:00:38', '2015-08-12 16:00:38', NULL),
	(74, 3, 6720, 'For 8th place in rally Rally Monte Carlo', '2015-08-12 16:00:38', 1, 1, '2015-08-12 16:00:38', '2015-08-12 16:00:38', NULL),
	(75, 1, 55440, 'For 1st place in rally Rally Monte Carlo', '2015-08-12 16:02:02', 1, 1, '2015-08-12 16:02:02', '2015-08-12 16:02:02', NULL),
	(76, 8, 38640, 'For 2nd place in rally Rally Monte Carlo', '2015-08-12 16:02:02', 1, 1, '2015-08-12 16:02:02', '2015-08-12 16:02:02', NULL),
	(77, 11, 23520, 'For 3rd place in rally Rally Monte Carlo', '2015-08-12 16:02:02', 1, 1, '2015-08-12 16:02:02', '2015-08-12 16:02:02', NULL),
	(78, 10, 13440, 'For 4th place in rally Rally Monte Carlo', '2015-08-12 16:02:02', 1, 1, '2015-08-12 16:02:02', '2015-08-12 16:02:02', NULL),
	(79, 2, 11760, 'For 5th place in rally Rally Monte Carlo', '2015-08-12 16:02:02', 1, 1, '2015-08-12 16:02:02', '2015-08-12 16:02:02', NULL),
	(80, 6, 10080, 'For 6th place in rally Rally Monte Carlo', '2015-08-12 16:02:02', 1, 1, '2015-08-12 16:02:02', '2015-08-12 16:02:02', NULL),
	(81, 3, 8400, 'For 7th place in rally Rally Monte Carlo', '2015-08-12 16:02:02', 1, 1, '2015-08-12 16:02:02', '2015-08-12 16:02:02', NULL),
	(82, 9, 6720, 'For 8th place in rally Rally Monte Carlo', '2015-08-12 16:02:02', 1, 1, '2015-08-12 16:02:02', '2015-08-12 16:02:02', NULL),
	(83, 1, 55440, 'For 1st place in rally Rally Monte Carlo', '2015-08-12 16:25:56', 1, 1, '2015-08-12 16:25:56', '2015-08-12 16:25:56', NULL),
	(84, 8, 38640, 'For 2nd place in rally Rally Monte Carlo', '2015-08-12 16:25:56', 1, 1, '2015-08-12 16:25:56', '2015-08-12 16:25:56', NULL),
	(85, 2, 23520, 'For 3rd place in rally Rally Monte Carlo', '2015-08-12 16:25:56', 1, 1, '2015-08-12 16:25:56', '2015-08-12 16:25:56', NULL),
	(86, 11, 13440, 'For 4th place in rally Rally Monte Carlo', '2015-08-12 16:25:56', 1, 1, '2015-08-12 16:25:56', '2015-08-12 16:25:56', NULL),
	(87, 10, 11760, 'For 5th place in rally Rally Monte Carlo', '2015-08-12 16:25:56', 1, 1, '2015-08-12 16:25:56', '2015-08-12 16:25:56', NULL),
	(88, 6, 10080, 'For 6th place in rally Rally Monte Carlo', '2015-08-12 16:25:56', 1, 1, '2015-08-12 16:25:56', '2015-08-12 16:25:56', NULL),
	(89, 3, 8400, 'For 7th place in rally Rally Monte Carlo', '2015-08-12 16:25:56', 1, 1, '2015-08-12 16:25:56', '2015-08-12 16:25:56', NULL),
	(90, 3, 6720, 'For 8th place in rally Rally Monte Carlo', '2015-08-12 16:25:56', 1, 1, '2015-08-12 16:25:56', '2015-08-12 16:25:56', NULL),
	(91, 1, 55440, 'For 1st place in rally Rally Monte Carlo', '2015-08-12 16:49:17', 1, 1, '2015-08-12 16:49:17', '2015-08-12 16:49:17', NULL),
	(92, 8, 38640, 'For 2nd place in rally Rally Monte Carlo', '2015-08-12 16:49:17', 1, 1, '2015-08-12 16:49:17', '2015-08-12 16:49:17', NULL),
	(93, 11, 23520, 'For 3rd place in rally Rally Monte Carlo', '2015-08-12 16:49:17', 1, 1, '2015-08-12 16:49:17', '2015-08-12 16:49:17', NULL),
	(94, 2, 13440, 'For 4th place in rally Rally Monte Carlo', '2015-08-12 16:49:17', 1, 1, '2015-08-12 16:49:17', '2015-08-12 16:49:17', NULL),
	(95, 10, 11760, 'For 5th place in rally Rally Monte Carlo', '2015-08-12 16:49:17', 1, 1, '2015-08-12 16:49:17', '2015-08-12 16:49:17', NULL),
	(96, 3, 10080, 'For 6th place in rally Rally Monte Carlo', '2015-08-12 16:49:17', 1, 1, '2015-08-12 16:49:17', '2015-08-12 16:49:17', NULL),
	(97, 9, 8400, 'For 7th place in rally Rally Monte Carlo', '2015-08-12 16:49:17', 1, 1, '2015-08-12 16:49:17', '2015-08-12 16:49:17', NULL),
	(98, 3, 6720, 'For 8th place in rally Rally Monte Carlo', '2015-08-12 16:49:17', 1, 1, '2015-08-12 16:49:17', '2015-08-12 16:49:17', NULL),
	(99, 10, 55440, 'For 1st place in rally Rally Monte Carlo', '2015-08-12 17:04:50', 1, 1, '2015-08-12 17:04:50', '2015-08-12 17:04:50', NULL),
	(100, 11, 38640, 'For 2nd place in rally Rally Monte Carlo', '2015-08-12 17:04:50', 1, 1, '2015-08-12 17:04:50', '2015-08-12 17:04:50', NULL),
	(101, 2, 23520, 'For 3rd place in rally Rally Monte Carlo', '2015-08-12 17:04:50', 1, 1, '2015-08-12 17:04:50', '2015-08-12 17:04:50', NULL),
	(102, 3, 13440, 'For 4th place in rally Rally Monte Carlo', '2015-08-12 17:04:50', 1, 1, '2015-08-12 17:04:50', '2015-08-12 17:04:50', NULL),
	(103, 9, 11760, 'For 5th place in rally Rally Monte Carlo', '2015-08-12 17:04:50', 1, 1, '2015-08-12 17:04:50', '2015-08-12 17:04:50', NULL),
	(104, 4, 10080, 'For 6th place in rally Rally Monte Carlo', '2015-08-12 17:04:50', 1, 1, '2015-08-12 17:04:50', '2015-08-12 17:04:50', NULL),
	(105, 1, 8400, 'For 7th place in rally Rally Monte Carlo', '2015-08-12 17:04:50', 1, 1, '2015-08-12 17:04:50', '2015-08-12 17:04:50', NULL),
	(106, 3, 6720, 'For 8th place in rally Rally Monte Carlo', '2015-08-12 17:04:50', 1, 1, '2015-08-12 17:04:50', '2015-08-12 17:04:50', NULL),
	(107, 10, 55440, 'For 1st place in rally Rally Monte Carlo', '2015-08-12 17:04:58', 1, 1, '2015-08-12 17:04:58', '2015-08-12 17:04:58', NULL),
	(108, 11, 38640, 'For 2nd place in rally Rally Monte Carlo', '2015-08-12 17:04:58', 1, 1, '2015-08-12 17:04:58', '2015-08-12 17:04:58', NULL),
	(109, 2, 23520, 'For 3rd place in rally Rally Monte Carlo', '2015-08-12 17:04:58', 1, 1, '2015-08-12 17:04:58', '2015-08-12 17:04:58', NULL),
	(110, 3, 13440, 'For 4th place in rally Rally Monte Carlo', '2015-08-12 17:04:58', 1, 1, '2015-08-12 17:04:58', '2015-08-12 17:04:58', NULL),
	(111, 9, 11760, 'For 5th place in rally Rally Monte Carlo', '2015-08-12 17:04:58', 1, 1, '2015-08-12 17:04:58', '2015-08-12 17:04:58', NULL),
	(112, 4, 10080, 'For 6th place in rally Rally Monte Carlo', '2015-08-12 17:04:58', 1, 1, '2015-08-12 17:04:58', '2015-08-12 17:04:58', NULL),
	(113, 1, 8400, 'For 7th place in rally Rally Monte Carlo', '2015-08-12 17:04:58', 1, 1, '2015-08-12 17:04:58', '2015-08-12 17:04:58', NULL),
	(114, 3, 6720, 'For 8th place in rally Rally Monte Carlo', '2015-08-12 17:04:58', 1, 1, '2015-08-12 17:04:58', '2015-08-12 17:04:58', NULL),
	(115, 10, 55440, 'For 1st place in rally Rally Monte Carlo', '2015-08-12 17:07:49', 1, 1, '2015-08-12 17:07:49', '2015-08-12 17:07:49', NULL),
	(116, 11, 38640, 'For 2nd place in rally Rally Monte Carlo', '2015-08-12 17:07:49', 1, 1, '2015-08-12 17:07:49', '2015-08-12 17:07:49', NULL),
	(117, 2, 23520, 'For 3rd place in rally Rally Monte Carlo', '2015-08-12 17:07:49', 1, 1, '2015-08-12 17:07:49', '2015-08-12 17:07:49', NULL),
	(118, 9, 13440, 'For 4th place in rally Rally Monte Carlo', '2015-08-12 17:07:49', 1, 1, '2015-08-12 17:07:49', '2015-08-12 17:07:49', NULL),
	(119, 3, 11760, 'For 5th place in rally Rally Monte Carlo', '2015-08-12 17:07:49', 1, 1, '2015-08-12 17:07:49', '2015-08-12 17:07:49', NULL),
	(120, 4, 10080, 'For 6th place in rally Rally Monte Carlo', '2015-08-12 17:07:49', 1, 1, '2015-08-12 17:07:49', '2015-08-12 17:07:49', NULL),
	(121, 1, 8400, 'For 7th place in rally Rally Monte Carlo', '2015-08-12 17:07:49', 1, 1, '2015-08-12 17:07:49', '2015-08-12 17:07:49', NULL),
	(122, 3, 6720, 'For 8th place in rally Rally Monte Carlo', '2015-08-12 17:07:49', 1, 1, '2015-08-12 17:07:49', '2015-08-12 17:07:49', NULL),
	(123, 7, 55440, 'For 1st place in rally Rally Monte Carlo', '2015-08-12 17:45:50', 1, 1, '2015-08-12 17:45:50', '2015-08-12 17:45:50', NULL),
	(124, 6, 38640, 'For 2nd place in rally Rally Monte Carlo', '2015-08-12 17:45:50', 1, 1, '2015-08-12 17:45:50', '2015-08-12 17:45:50', NULL),
	(125, 3, 23520, 'For 3rd place in rally Rally Monte Carlo', '2015-08-12 17:45:50', 1, 1, '2015-08-12 17:45:50', '2015-08-12 17:45:50', NULL),
	(126, 4, 13440, 'For 4th place in rally Rally Monte Carlo', '2015-08-12 17:45:50', 1, 1, '2015-08-12 17:45:50', '2015-08-12 17:45:50', NULL),
	(127, 10, 11760, 'For 5th place in rally Rally Monte Carlo', '2015-08-12 17:45:50', 1, 1, '2015-08-12 17:45:50', '2015-08-12 17:45:50', NULL),
	(128, 9, 10080, 'For 6th place in rally Rally Monte Carlo', '2015-08-12 17:45:50', 1, 1, '2015-08-12 17:45:50', '2015-08-12 17:45:50', NULL),
	(129, 11, 8400, 'For 7th place in rally Rally Monte Carlo', '2015-08-12 17:45:50', 1, 1, '2015-08-12 17:45:50', '2015-08-12 17:45:50', NULL),
	(130, 12, 6720, 'For 8th place in rally Rally Monte Carlo', '2015-08-12 17:45:50', 1, 1, '2015-08-12 17:45:50', '2015-08-12 17:45:50', NULL),
	(131, 7, 55440, 'For 1st place in rally Rally Monte Carlo', '2015-08-12 17:47:49', 1, 1, '2015-08-12 17:47:49', '2015-08-12 17:47:49', NULL),
	(132, 4, 38640, 'For 2nd place in rally Rally Monte Carlo', '2015-08-12 17:47:49', 1, 1, '2015-08-12 17:47:49', '2015-08-12 17:47:49', NULL),
	(133, 6, 23520, 'For 3rd place in rally Rally Monte Carlo', '2015-08-12 17:47:49', 1, 1, '2015-08-12 17:47:49', '2015-08-12 17:47:49', NULL),
	(134, 10, 13440, 'For 4th place in rally Rally Monte Carlo', '2015-08-12 17:47:49', 1, 1, '2015-08-12 17:47:49', '2015-08-12 17:47:49', NULL),
	(135, 3, 11760, 'For 5th place in rally Rally Monte Carlo', '2015-08-12 17:47:50', 1, 1, '2015-08-12 17:47:50', '2015-08-12 17:47:50', NULL),
	(136, 9, 10080, 'For 6th place in rally Rally Monte Carlo', '2015-08-12 17:47:50', 1, 1, '2015-08-12 17:47:50', '2015-08-12 17:47:50', NULL),
	(137, 2, 8400, 'For 7th place in rally Rally Monte Carlo', '2015-08-12 17:47:50', 1, 1, '2015-08-12 17:47:50', '2015-08-12 17:47:50', NULL),
	(138, 11, 6720, 'For 8th place in rally Rally Monte Carlo', '2015-08-12 17:47:50', 1, 1, '2015-08-12 17:47:50', '2015-08-12 17:47:50', NULL),
	(139, 7, 55440, 'For 1st place in rally Rally Monte Carlo', '2015-08-12 17:48:45', 1, 1, '2015-08-12 17:48:45', '2015-08-12 17:48:45', NULL),
	(140, 4, 38640, 'For 2nd place in rally Rally Monte Carlo', '2015-08-12 17:48:45', 1, 1, '2015-08-12 17:48:45', '2015-08-12 17:48:45', NULL),
	(141, 3, 23520, 'For 3rd place in rally Rally Monte Carlo', '2015-08-12 17:48:45', 1, 1, '2015-08-12 17:48:45', '2015-08-12 17:48:45', NULL),
	(142, 6, 13440, 'For 4th place in rally Rally Monte Carlo', '2015-08-12 17:48:45', 1, 1, '2015-08-12 17:48:45', '2015-08-12 17:48:45', NULL),
	(143, 10, 11760, 'For 5th place in rally Rally Monte Carlo', '2015-08-12 17:48:45', 1, 1, '2015-08-12 17:48:45', '2015-08-12 17:48:45', NULL),
	(144, 9, 10080, 'For 6th place in rally Rally Monte Carlo', '2015-08-12 17:48:45', 1, 1, '2015-08-12 17:48:45', '2015-08-12 17:48:45', NULL),
	(145, 11, 8400, 'For 7th place in rally Rally Monte Carlo', '2015-08-12 17:48:45', 1, 1, '2015-08-12 17:48:45', '2015-08-12 17:48:45', NULL),
	(146, 5, 6720, 'For 8th place in rally Rally Monte Carlo', '2015-08-12 17:48:45', 1, 1, '2015-08-12 17:48:45', '2015-08-12 17:48:45', NULL),
	(147, 7, 55440, 'For 1st place in rally Rally Monte Carlo', '2015-08-12 17:49:44', 1, 1, '2015-08-12 17:49:44', '2015-08-12 17:49:44', NULL),
	(148, 4, 38640, 'For 2nd place in rally Rally Monte Carlo', '2015-08-12 17:49:44', 1, 1, '2015-08-12 17:49:44', '2015-08-12 17:49:44', NULL),
	(149, 3, 23520, 'For 3rd place in rally Rally Monte Carlo', '2015-08-12 17:49:44', 1, 1, '2015-08-12 17:49:44', '2015-08-12 17:49:44', NULL),
	(150, 6, 13440, 'For 4th place in rally Rally Monte Carlo', '2015-08-12 17:49:44', 1, 1, '2015-08-12 17:49:44', '2015-08-12 17:49:44', NULL),
	(151, 10, 11760, 'For 5th place in rally Rally Monte Carlo', '2015-08-12 17:49:44', 1, 1, '2015-08-12 17:49:44', '2015-08-12 17:49:44', NULL),
	(152, 9, 10080, 'For 6th place in rally Rally Monte Carlo', '2015-08-12 17:49:44', 1, 1, '2015-08-12 17:49:44', '2015-08-12 17:49:44', NULL),
	(153, 2, 8400, 'For 7th place in rally Rally Monte Carlo', '2015-08-12 17:49:44', 1, 1, '2015-08-12 17:49:44', '2015-08-12 17:49:44', NULL),
	(154, 11, 6720, 'For 8th place in rally Rally Monte Carlo', '2015-08-12 17:49:44', 1, 1, '2015-08-12 17:49:44', '2015-08-12 17:49:44', NULL),
	(155, 7, 55440, 'For 1st place in rally Rally Monte Carlo', '2015-08-12 17:51:10', 1, 1, '2015-08-12 17:51:10', '2015-08-12 17:51:10', NULL),
	(156, 6, 38640, 'For 2nd place in rally Rally Monte Carlo', '2015-08-12 17:51:10', 1, 1, '2015-08-12 17:51:10', '2015-08-12 17:51:10', NULL),
	(157, 4, 23520, 'For 3rd place in rally Rally Monte Carlo', '2015-08-12 17:51:10', 1, 1, '2015-08-12 17:51:10', '2015-08-12 17:51:10', NULL),
	(158, 10, 13440, 'For 4th place in rally Rally Monte Carlo', '2015-08-12 17:51:10', 1, 1, '2015-08-12 17:51:10', '2015-08-12 17:51:10', NULL),
	(159, 9, 11760, 'For 5th place in rally Rally Monte Carlo', '2015-08-12 17:51:10', 1, 1, '2015-08-12 17:51:10', '2015-08-12 17:51:10', NULL),
	(160, 3, 10080, 'For 6th place in rally Rally Monte Carlo', '2015-08-12 17:51:10', 1, 1, '2015-08-12 17:51:10', '2015-08-12 17:51:10', NULL),
	(161, 11, 8400, 'For 7th place in rally Rally Monte Carlo', '2015-08-12 17:51:10', 1, 1, '2015-08-12 17:51:10', '2015-08-12 17:51:10', NULL),
	(162, 12, 6720, 'For 8th place in rally Rally Monte Carlo', '2015-08-12 17:51:10', 1, 1, '2015-08-12 17:51:10', '2015-08-12 17:51:10', NULL),
	(163, 10, 55440, 'For 1st place in rally Rally Monte Carlo', '2015-08-12 17:51:51', 1, 1, '2015-08-12 17:51:51', '2015-08-12 17:51:51', NULL),
	(164, 11, 38640, 'For 2nd place in rally Rally Monte Carlo', '2015-08-12 17:51:51', 1, 1, '2015-08-12 17:51:51', '2015-08-12 17:51:51', NULL),
	(165, 2, 23520, 'For 3rd place in rally Rally Monte Carlo', '2015-08-12 17:51:51', 1, 1, '2015-08-12 17:51:51', '2015-08-12 17:51:51', NULL),
	(166, 9, 13440, 'For 4th place in rally Rally Monte Carlo', '2015-08-12 17:51:51', 1, 1, '2015-08-12 17:51:51', '2015-08-12 17:51:51', NULL),
	(167, 3, 11760, 'For 5th place in rally Rally Monte Carlo', '2015-08-12 17:51:51', 1, 1, '2015-08-12 17:51:51', '2015-08-12 17:51:51', NULL),
	(168, 4, 10080, 'For 6th place in rally Rally Monte Carlo', '2015-08-12 17:51:51', 1, 1, '2015-08-12 17:51:51', '2015-08-12 17:51:51', NULL),
	(169, 3, 8400, 'For 7th place in rally Rally Monte Carlo', '2015-08-12 17:51:51', 1, 1, '2015-08-12 17:51:51', '2015-08-12 17:51:51', NULL),
	(170, 5, 6720, 'For 8th place in rally Rally Monte Carlo', '2015-08-12 17:51:51', 1, 1, '2015-08-12 17:51:51', '2015-08-12 17:51:51', NULL),
	(171, 10, 55440, 'For 1st place in rally Rally Monte Carlo', '2015-08-12 17:52:21', 1, 1, '2015-08-12 17:52:21', '2015-08-12 17:52:21', NULL),
	(172, 11, 38640, 'For 2nd place in rally Rally Monte Carlo', '2015-08-12 17:52:21', 1, 1, '2015-08-12 17:52:21', '2015-08-12 17:52:21', NULL),
	(173, 2, 23520, 'For 3rd place in rally Rally Monte Carlo', '2015-08-12 17:52:21', 1, 1, '2015-08-12 17:52:21', '2015-08-12 17:52:21', NULL),
	(174, 3, 13440, 'For 4th place in rally Rally Monte Carlo', '2015-08-12 17:52:21', 1, 1, '2015-08-12 17:52:21', '2015-08-12 17:52:21', NULL),
	(175, 9, 11760, 'For 5th place in rally Rally Monte Carlo', '2015-08-12 17:52:21', 1, 1, '2015-08-12 17:52:21', '2015-08-12 17:52:21', NULL),
	(176, 4, 10080, 'For 6th place in rally Rally Monte Carlo', '2015-08-12 17:52:21', 1, 1, '2015-08-12 17:52:21', '2015-08-12 17:52:21', NULL),
	(177, 6, 8400, 'For 7th place in rally Rally Monte Carlo', '2015-08-12 17:52:22', 1, 1, '2015-08-12 17:52:22', '2015-08-12 17:52:22', NULL),
	(178, 5, 6720, 'For 8th place in rally Rally Monte Carlo', '2015-08-12 17:52:22', 1, 1, '2015-08-12 17:52:22', '2015-08-12 17:52:22', NULL),
	(179, 10, 55440, 'For 1st place in rally Rally Monte Carlo', '2015-08-12 17:52:59', 1, 1, '2015-08-12 17:52:59', '2015-08-12 17:52:59', NULL),
	(180, 11, 38640, 'For 2nd place in rally Rally Monte Carlo', '2015-08-12 17:52:59', 1, 1, '2015-08-12 17:52:59', '2015-08-12 17:52:59', NULL),
	(181, 2, 23520, 'For 3rd place in rally Rally Monte Carlo', '2015-08-12 17:52:59', 1, 1, '2015-08-12 17:52:59', '2015-08-12 17:52:59', NULL),
	(182, 3, 13440, 'For 4th place in rally Rally Monte Carlo', '2015-08-12 17:52:59', 1, 1, '2015-08-12 17:52:59', '2015-08-12 17:52:59', NULL),
	(183, 9, 11760, 'For 5th place in rally Rally Monte Carlo', '2015-08-12 17:52:59', 1, 1, '2015-08-12 17:52:59', '2015-08-12 17:52:59', NULL),
	(184, 4, 10080, 'For 6th place in rally Rally Monte Carlo', '2015-08-12 17:52:59', 1, 1, '2015-08-12 17:52:59', '2015-08-12 17:52:59', NULL),
	(185, 6, 8400, 'For 7th place in rally Rally Monte Carlo', '2015-08-12 17:52:59', 1, 1, '2015-08-12 17:52:59', '2015-08-12 17:52:59', NULL),
	(186, 3, 6720, 'For 8th place in rally Rally Monte Carlo', '2015-08-12 17:52:59', 1, 1, '2015-08-12 17:52:59', '2015-08-12 17:52:59', NULL),
	(187, 10, 55440, 'For 1st place in rally Rally Monte Carlo', '2015-08-12 17:53:45', 1, 1, '2015-08-12 17:53:45', '2015-08-12 17:53:45', NULL),
	(188, 11, 38640, 'For 2nd place in rally Rally Monte Carlo', '2015-08-12 17:53:45', 1, 1, '2015-08-12 17:53:45', '2015-08-12 17:53:45', NULL),
	(189, 2, 23520, 'For 3rd place in rally Rally Monte Carlo', '2015-08-12 17:53:45', 1, 1, '2015-08-12 17:53:45', '2015-08-12 17:53:45', NULL),
	(190, 3, 13440, 'For 4th place in rally Rally Monte Carlo', '2015-08-12 17:53:45', 1, 1, '2015-08-12 17:53:45', '2015-08-12 17:53:45', NULL),
	(191, 4, 11760, 'For 5th place in rally Rally Monte Carlo', '2015-08-12 17:53:45', 1, 1, '2015-08-12 17:53:45', '2015-08-12 17:53:45', NULL),
	(192, 9, 10080, 'For 6th place in rally Rally Monte Carlo', '2015-08-12 17:53:45', 1, 1, '2015-08-12 17:53:45', '2015-08-12 17:53:45', NULL),
	(193, 6, 8400, 'For 7th place in rally Rally Monte Carlo', '2015-08-12 17:53:45', 1, 1, '2015-08-12 17:53:45', '2015-08-12 17:53:45', NULL),
	(194, 5, 6720, 'For 8th place in rally Rally Monte Carlo', '2015-08-12 17:53:45', 1, 1, '2015-08-12 17:53:45', '2015-08-12 17:53:45', NULL),
	(195, 10, 55440, 'For 1st place in rally Rally Monte Carlo', '2015-08-12 17:55:18', 1, 1, '2015-08-12 17:55:18', '2015-08-12 17:55:18', NULL),
	(196, 11, 38640, 'For 2nd place in rally Rally Monte Carlo', '2015-08-12 17:55:18', 1, 1, '2015-08-12 17:55:18', '2015-08-12 17:55:18', NULL),
	(197, 2, 23520, 'For 3rd place in rally Rally Monte Carlo', '2015-08-12 17:55:18', 1, 1, '2015-08-12 17:55:18', '2015-08-12 17:55:18', NULL),
	(198, 3, 13440, 'For 4th place in rally Rally Monte Carlo', '2015-08-12 17:55:18', 1, 1, '2015-08-12 17:55:18', '2015-08-12 17:55:18', NULL),
	(199, 9, 11760, 'For 5th place in rally Rally Monte Carlo', '2015-08-12 17:55:18', 1, 1, '2015-08-12 17:55:18', '2015-08-12 17:55:18', NULL),
	(200, 4, 10080, 'For 6th place in rally Rally Monte Carlo', '2015-08-12 17:55:18', 1, 1, '2015-08-12 17:55:18', '2015-08-12 17:55:18', NULL),
	(201, 6, 8400, 'For 7th place in rally Rally Monte Carlo', '2015-08-12 17:55:18', 1, 1, '2015-08-12 17:55:18', '2015-08-12 17:55:18', NULL),
	(202, 5, 6720, 'For 8th place in rally Rally Monte Carlo', '2015-08-12 17:55:18', 1, 1, '2015-08-12 17:55:18', '2015-08-12 17:55:18', NULL),
	(203, 10, 55440, 'For 1st place in rally Rally Monte Carlo', '2015-08-12 17:56:04', 1, 1, '2015-08-12 17:56:04', '2015-08-12 17:56:04', NULL),
	(204, 11, 38640, 'For 2nd place in rally Rally Monte Carlo', '2015-08-12 17:56:04', 1, 1, '2015-08-12 17:56:04', '2015-08-12 17:56:04', NULL),
	(205, 2, 23520, 'For 3rd place in rally Rally Monte Carlo', '2015-08-12 17:56:04', 1, 1, '2015-08-12 17:56:04', '2015-08-12 17:56:04', NULL),
	(206, 3, 13440, 'For 4th place in rally Rally Monte Carlo', '2015-08-12 17:56:04', 1, 1, '2015-08-12 17:56:04', '2015-08-12 17:56:04', NULL),
	(207, 9, 11760, 'For 5th place in rally Rally Monte Carlo', '2015-08-12 17:56:04', 1, 1, '2015-08-12 17:56:04', '2015-08-12 17:56:04', NULL),
	(208, 3, 10080, 'For 6th place in rally Rally Monte Carlo', '2015-08-12 17:56:04', 1, 1, '2015-08-12 17:56:04', '2015-08-12 17:56:04', NULL),
	(209, 1, 8400, 'For 7th place in rally Rally Monte Carlo', '2015-08-12 17:56:04', 1, 1, '2015-08-12 17:56:04', '2015-08-12 17:56:04', NULL),
	(210, 8, 6720, 'For 8th place in rally Rally Monte Carlo', '2015-08-12 17:56:04', 1, 1, '2015-08-12 17:56:04', '2015-08-12 17:56:04', NULL),
	(211, 7, 55440, 'For 1st place in rally Rally Monte Carlo', '2015-08-12 17:59:16', 1, 1, '2015-08-12 17:59:16', '2015-08-12 17:59:16', NULL),
	(212, 10, 38640, 'For 2nd place in rally Rally Monte Carlo', '2015-08-12 17:59:16', 1, 1, '2015-08-12 17:59:16', '2015-08-12 17:59:16', NULL),
	(213, 4, 23520, 'For 3rd place in rally Rally Monte Carlo', '2015-08-12 17:59:16', 1, 1, '2015-08-12 17:59:16', '2015-08-12 17:59:16', NULL),
	(214, 6, 13440, 'For 4th place in rally Rally Monte Carlo', '2015-08-12 17:59:16', 1, 1, '2015-08-12 17:59:16', '2015-08-12 17:59:16', NULL),
	(215, 3, 11760, 'For 5th place in rally Rally Monte Carlo', '2015-08-12 17:59:16', 1, 1, '2015-08-12 17:59:16', '2015-08-12 17:59:16', NULL),
	(216, 11, 10080, 'For 6th place in rally Rally Monte Carlo', '2015-08-12 17:59:16', 1, 1, '2015-08-12 17:59:16', '2015-08-12 17:59:16', NULL),
	(217, 2, 8400, 'For 7th place in rally Rally Monte Carlo', '2015-08-12 17:59:16', 1, 1, '2015-08-12 17:59:16', '2015-08-12 17:59:16', NULL),
	(218, 9, 6720, 'For 8th place in rally Rally Monte Carlo', '2015-08-12 17:59:16', 1, 1, '2015-08-12 17:59:16', '2015-08-12 17:59:16', NULL),
	(219, 7, 55440, 'For 1st place in rally Rally Monte Carlo', '2015-08-12 18:00:14', 1, 1, '2015-08-12 18:00:14', '2015-08-12 18:00:14', NULL),
	(220, 3, 38640, 'For 2nd place in rally Rally Monte Carlo', '2015-08-12 18:00:14', 1, 1, '2015-08-12 18:00:14', '2015-08-12 18:00:14', NULL),
	(221, 6, 23520, 'For 3rd place in rally Rally Monte Carlo', '2015-08-12 18:00:14', 1, 1, '2015-08-12 18:00:14', '2015-08-12 18:00:14', NULL),
	(222, 4, 13440, 'For 4th place in rally Rally Monte Carlo', '2015-08-12 18:00:14', 1, 1, '2015-08-12 18:00:14', '2015-08-12 18:00:14', NULL),
	(223, 10, 11760, 'For 5th place in rally Rally Monte Carlo', '2015-08-12 18:00:14', 1, 1, '2015-08-12 18:00:14', '2015-08-12 18:00:14', NULL),
	(224, 2, 10080, 'For 6th place in rally Rally Monte Carlo', '2015-08-12 18:00:14', 1, 1, '2015-08-12 18:00:14', '2015-08-12 18:00:14', NULL),
	(225, 11, 8400, 'For 7th place in rally Rally Monte Carlo', '2015-08-12 18:00:14', 1, 1, '2015-08-12 18:00:14', '2015-08-12 18:00:14', NULL),
	(226, 9, 6720, 'For 8th place in rally Rally Monte Carlo', '2015-08-12 18:00:14', 1, 1, '2015-08-12 18:00:14', '2015-08-12 18:00:14', NULL),
	(227, 7, 55440, 'For 1st place in rally Rally Monte Carlo', '2015-08-12 18:00:23', 1, 1, '2015-08-12 18:00:23', '2015-08-12 18:00:23', NULL),
	(228, 3, 38640, 'For 2nd place in rally Rally Monte Carlo', '2015-08-12 18:00:23', 1, 1, '2015-08-12 18:00:23', '2015-08-12 18:00:23', NULL),
	(229, 6, 23520, 'For 3rd place in rally Rally Monte Carlo', '2015-08-12 18:00:23', 1, 1, '2015-08-12 18:00:23', '2015-08-12 18:00:23', NULL),
	(230, 10, 13440, 'For 4th place in rally Rally Monte Carlo', '2015-08-12 18:00:23', 1, 1, '2015-08-12 18:00:23', '2015-08-12 18:00:23', NULL),
	(231, 11, 11760, 'For 5th place in rally Rally Monte Carlo', '2015-08-12 18:00:23', 1, 1, '2015-08-12 18:00:23', '2015-08-12 18:00:23', NULL),
	(232, 4, 10080, 'For 6th place in rally Rally Monte Carlo', '2015-08-12 18:00:23', 1, 1, '2015-08-12 18:00:23', '2015-08-12 18:00:23', NULL),
	(233, 9, 8400, 'For 7th place in rally Rally Monte Carlo', '2015-08-12 18:00:23', 1, 1, '2015-08-12 18:00:23', '2015-08-12 18:00:23', NULL),
	(234, 2, 6720, 'For 8th place in rally Rally Monte Carlo', '2015-08-12 18:00:23', 1, 1, '2015-08-12 18:00:23', '2015-08-12 18:00:23', NULL),
	(235, 7, 55440, 'For 1st place in rally Rally Monte Carlo', '2015-08-12 18:01:52', 1, 1, '2015-08-12 18:01:52', '2015-08-12 18:01:52', NULL),
	(236, 6, 38640, 'For 2nd place in rally Rally Monte Carlo', '2015-08-12 18:01:53', 1, 1, '2015-08-12 18:01:53', '2015-08-12 18:01:53', NULL),
	(237, 4, 23520, 'For 3rd place in rally Rally Monte Carlo', '2015-08-12 18:01:53', 1, 1, '2015-08-12 18:01:53', '2015-08-12 18:01:53', NULL),
	(238, 9, 13440, 'For 4th place in rally Rally Monte Carlo', '2015-08-12 18:01:53', 1, 1, '2015-08-12 18:01:53', '2015-08-12 18:01:53', NULL),
	(239, 10, 11760, 'For 5th place in rally Rally Monte Carlo', '2015-08-12 18:01:53', 1, 1, '2015-08-12 18:01:53', '2015-08-12 18:01:53', NULL),
	(240, 3, 10080, 'For 6th place in rally Rally Monte Carlo', '2015-08-12 18:01:53', 1, 1, '2015-08-12 18:01:53', '2015-08-12 18:01:53', NULL),
	(241, 11, 8400, 'For 7th place in rally Rally Monte Carlo', '2015-08-12 18:01:53', 1, 1, '2015-08-12 18:01:53', '2015-08-12 18:01:53', NULL),
	(242, 5, 6720, 'For 8th place in rally Rally Monte Carlo', '2015-08-12 18:01:53', 1, 1, '2015-08-12 18:01:53', '2015-08-12 18:01:53', NULL),
	(243, 7, 55440, 'For 1st place in rally Rally Monte Carlo', '2015-08-12 18:07:29', 1, 1, '2015-08-12 18:07:29', '2015-08-12 18:07:29', NULL),
	(244, 4, 38640, 'For 2nd place in rally Rally Monte Carlo', '2015-08-12 18:07:29', 1, 1, '2015-08-12 18:07:29', '2015-08-12 18:07:29', NULL),
	(245, 11, 23520, 'For 3rd place in rally Rally Monte Carlo', '2015-08-12 18:07:29', 1, 1, '2015-08-12 18:07:29', '2015-08-12 18:07:29', NULL),
	(246, 10, 13440, 'For 4th place in rally Rally Monte Carlo', '2015-08-12 18:07:29', 1, 1, '2015-08-12 18:07:29', '2015-08-12 18:07:29', NULL),
	(247, 9, 11760, 'For 5th place in rally Rally Monte Carlo', '2015-08-12 18:07:29', 1, 1, '2015-08-12 18:07:29', '2015-08-12 18:07:29', NULL),
	(248, 3, 10080, 'For 6th place in rally Rally Monte Carlo', '2015-08-12 18:07:29', 1, 1, '2015-08-12 18:07:29', '2015-08-12 18:07:29', NULL),
	(249, 6, 8400, 'For 7th place in rally Rally Monte Carlo', '2015-08-12 18:07:29', 1, 1, '2015-08-12 18:07:29', '2015-08-12 18:07:29', NULL),
	(250, 2, 6720, 'For 8th place in rally Rally Monte Carlo', '2015-08-12 18:07:29', 1, 1, '2015-08-12 18:07:29', '2015-08-12 18:07:29', NULL),
	(251, 7, 55440, 'For 1st place in rally Rally Monte Carlo', '2015-08-12 18:11:39', 1, 1, '2015-08-12 18:11:39', '2015-08-12 18:11:39', NULL),
	(252, 10, 38640, 'For 2nd place in rally Rally Monte Carlo', '2015-08-12 18:11:39', 1, 1, '2015-08-12 18:11:39', '2015-08-12 18:11:39', NULL),
	(253, 4, 23520, 'For 3rd place in rally Rally Monte Carlo', '2015-08-12 18:11:39', 1, 1, '2015-08-12 18:11:39', '2015-08-12 18:11:39', NULL),
	(254, 9, 13440, 'For 4th place in rally Rally Monte Carlo', '2015-08-12 18:11:39', 1, 1, '2015-08-12 18:11:39', '2015-08-12 18:11:39', NULL),
	(255, 3, 11760, 'For 5th place in rally Rally Monte Carlo', '2015-08-12 18:11:39', 1, 1, '2015-08-12 18:11:39', '2015-08-12 18:11:39', NULL),
	(256, 11, 10080, 'For 6th place in rally Rally Monte Carlo', '2015-08-12 18:11:39', 1, 1, '2015-08-12 18:11:39', '2015-08-12 18:11:39', NULL),
	(257, 5, 8400, 'For 7th place in rally Rally Monte Carlo', '2015-08-12 18:11:39', 1, 1, '2015-08-12 18:11:39', '2015-08-12 18:11:39', NULL),
	(258, 2, 6720, 'For 8th place in rally Rally Monte Carlo', '2015-08-12 18:11:39', 1, 1, '2015-08-12 18:11:39', '2015-08-12 18:11:39', NULL),
	(259, 7, 55440, 'For 1st place in rally Rally Monte Carlo', '2015-08-12 18:12:25', 1, 1, '2015-08-12 18:12:25', '2015-08-12 18:12:25', NULL),
	(260, 10, 38640, 'For 2nd place in rally Rally Monte Carlo', '2015-08-12 18:12:25', 1, 1, '2015-08-12 18:12:25', '2015-08-12 18:12:25', NULL),
	(261, 11, 23520, 'For 3rd place in rally Rally Monte Carlo', '2015-08-12 18:12:25', 1, 1, '2015-08-12 18:12:25', '2015-08-12 18:12:25', NULL),
	(262, 3, 13440, 'For 4th place in rally Rally Monte Carlo', '2015-08-12 18:12:25', 1, 1, '2015-08-12 18:12:25', '2015-08-12 18:12:25', NULL),
	(263, 4, 11760, 'For 5th place in rally Rally Monte Carlo', '2015-08-12 18:12:25', 1, 1, '2015-08-12 18:12:25', '2015-08-12 18:12:25', NULL),
	(264, 9, 10080, 'For 6th place in rally Rally Monte Carlo', '2015-08-12 18:12:25', 1, 1, '2015-08-12 18:12:25', '2015-08-12 18:12:25', NULL),
	(265, 6, 8400, 'For 7th place in rally Rally Monte Carlo', '2015-08-12 18:12:25', 1, 1, '2015-08-12 18:12:25', '2015-08-12 18:12:25', NULL),
	(266, 2, 6720, 'For 8th place in rally Rally Monte Carlo', '2015-08-12 18:12:25', 1, 1, '2015-08-12 18:12:25', '2015-08-12 18:12:25', NULL),
	(267, 7, 55440, 'For 1st place in rally Rally Monte Carlo', '2015-08-12 18:12:54', 1, 1, '2015-08-12 18:12:54', '2015-08-12 18:12:54', NULL),
	(268, 10, 38640, 'For 2nd place in rally Rally Monte Carlo', '2015-08-12 18:12:54', 1, 1, '2015-08-12 18:12:54', '2015-08-12 18:12:54', NULL),
	(269, 6, 23520, 'For 3rd place in rally Rally Monte Carlo', '2015-08-12 18:12:54', 1, 1, '2015-08-12 18:12:54', '2015-08-12 18:12:54', NULL),
	(270, 11, 13440, 'For 4th place in rally Rally Monte Carlo', '2015-08-12 18:12:54', 1, 1, '2015-08-12 18:12:54', '2015-08-12 18:12:54', NULL),
	(271, 3, 11760, 'For 5th place in rally Rally Monte Carlo', '2015-08-12 18:12:54', 1, 1, '2015-08-12 18:12:54', '2015-08-12 18:12:54', NULL),
	(272, 4, 10080, 'For 6th place in rally Rally Monte Carlo', '2015-08-12 18:12:54', 1, 1, '2015-08-12 18:12:54', '2015-08-12 18:12:54', NULL),
	(273, 9, 8400, 'For 7th place in rally Rally Monte Carlo', '2015-08-12 18:12:54', 1, 1, '2015-08-12 18:12:54', '2015-08-12 18:12:54', NULL),
	(274, 2, 6720, 'For 8th place in rally Rally Monte Carlo', '2015-08-12 18:12:54', 1, 1, '2015-08-12 18:12:54', '2015-08-12 18:12:54', NULL),
	(275, 7, 55440, 'For 1st place in rally Rally Monte Carlo', '2015-08-12 18:13:09', 1, 1, '2015-08-12 18:13:09', '2015-08-12 18:13:09', NULL),
	(276, 4, 38640, 'For 2nd place in rally Rally Monte Carlo', '2015-08-12 18:13:09', 1, 1, '2015-08-12 18:13:09', '2015-08-12 18:13:09', NULL),
	(277, 9, 23520, 'For 3rd place in rally Rally Monte Carlo', '2015-08-12 18:13:09', 1, 1, '2015-08-12 18:13:09', '2015-08-12 18:13:09', NULL),
	(278, 11, 13440, 'For 4th place in rally Rally Monte Carlo', '2015-08-12 18:13:09', 1, 1, '2015-08-12 18:13:09', '2015-08-12 18:13:09', NULL),
	(279, 10, 11760, 'For 5th place in rally Rally Monte Carlo', '2015-08-12 18:13:09', 1, 1, '2015-08-12 18:13:09', '2015-08-12 18:13:09', NULL),
	(280, 3, 10080, 'For 6th place in rally Rally Monte Carlo', '2015-08-12 18:13:09', 1, 1, '2015-08-12 18:13:09', '2015-08-12 18:13:09', NULL),
	(281, 6, 8400, 'For 7th place in rally Rally Monte Carlo', '2015-08-12 18:13:09', 1, 1, '2015-08-12 18:13:09', '2015-08-12 18:13:09', NULL),
	(282, 5, 6720, 'For 8th place in rally Rally Monte Carlo', '2015-08-12 18:13:09', 1, 1, '2015-08-12 18:13:09', '2015-08-12 18:13:09', NULL),
	(283, 7, 55440, 'For 1st place in rally Rally Monte Carlo', '2015-08-12 18:16:05', 1, 1, '2015-08-12 18:16:05', '2015-08-12 18:16:05', NULL),
	(284, 4, 38640, 'For 2nd place in rally Rally Monte Carlo', '2015-08-12 18:16:06', 1, 1, '2015-08-12 18:16:06', '2015-08-12 18:16:06', NULL),
	(285, 3, 23520, 'For 3rd place in rally Rally Monte Carlo', '2015-08-12 18:16:06', 1, 1, '2015-08-12 18:16:06', '2015-08-12 18:16:06', NULL),
	(286, 6, 13440, 'For 4th place in rally Rally Monte Carlo', '2015-08-12 18:16:06', 1, 1, '2015-08-12 18:16:06', '2015-08-12 18:16:06', NULL),
	(287, 10, 11760, 'For 5th place in rally Rally Monte Carlo', '2015-08-12 18:16:06', 1, 1, '2015-08-12 18:16:06', '2015-08-12 18:16:06', NULL),
	(288, 9, 10080, 'For 6th place in rally Rally Monte Carlo', '2015-08-12 18:16:06', 1, 1, '2015-08-12 18:16:06', '2015-08-12 18:16:06', NULL),
	(289, 2, 8400, 'For 7th place in rally Rally Monte Carlo', '2015-08-12 18:16:06', 1, 1, '2015-08-12 18:16:06', '2015-08-12 18:16:06', NULL),
	(290, 11, 6720, 'For 8th place in rally Rally Monte Carlo', '2015-08-12 18:16:06', 1, 1, '2015-08-12 18:16:06', '2015-08-12 18:16:06', NULL),
	(291, 7, 55440, 'For 1st place in rally Rally Monte Carlo', '2015-08-12 18:16:48', 1, 1, '2015-08-12 18:16:48', '2015-08-12 18:16:48', NULL),
	(292, 4, 38640, 'For 2nd place in rally Rally Monte Carlo', '2015-08-12 18:16:48', 1, 1, '2015-08-12 18:16:48', '2015-08-12 18:16:48', NULL),
	(293, 6, 23520, 'For 3rd place in rally Rally Monte Carlo', '2015-08-12 18:16:48', 1, 1, '2015-08-12 18:16:48', '2015-08-12 18:16:48', NULL),
	(294, 10, 13440, 'For 4th place in rally Rally Monte Carlo', '2015-08-12 18:16:48', 1, 1, '2015-08-12 18:16:48', '2015-08-12 18:16:48', NULL),
	(295, 9, 11760, 'For 5th place in rally Rally Monte Carlo', '2015-08-12 18:16:48', 1, 1, '2015-08-12 18:16:48', '2015-08-12 18:16:48', NULL),
	(296, 3, 10080, 'For 6th place in rally Rally Monte Carlo', '2015-08-12 18:16:48', 1, 1, '2015-08-12 18:16:48', '2015-08-12 18:16:48', NULL),
	(297, 11, 8400, 'For 7th place in rally Rally Monte Carlo', '2015-08-12 18:16:48', 1, 1, '2015-08-12 18:16:48', '2015-08-12 18:16:48', NULL),
	(298, 2, 6720, 'For 8th place in rally Rally Monte Carlo', '2015-08-12 18:16:48', 1, 1, '2015-08-12 18:16:48', '2015-08-12 18:16:48', NULL),
	(299, 7, 55440, 'For 1st place in rally Rally Monte Carlo', '2015-08-12 18:27:40', 1, 1, '2015-08-12 18:27:40', '2015-08-12 18:27:40', NULL),
	(300, 4, 38640, 'For 2nd place in rally Rally Monte Carlo', '2015-08-12 18:27:40', 1, 1, '2015-08-12 18:27:40', '2015-08-12 18:27:40', NULL),
	(301, 2, 23520, 'For 3rd place in rally Rally Monte Carlo', '2015-08-12 18:27:40', 1, 1, '2015-08-12 18:27:40', '2015-08-12 18:27:40', NULL),
	(302, 6, 13440, 'For 4th place in rally Rally Monte Carlo', '2015-08-12 18:27:40', 1, 1, '2015-08-12 18:27:40', '2015-08-12 18:27:40', NULL),
	(303, 3, 11760, 'For 5th place in rally Rally Monte Carlo', '2015-08-12 18:27:40', 1, 1, '2015-08-12 18:27:40', '2015-08-12 18:27:40', NULL),
	(304, 9, 10080, 'For 6th place in rally Rally Monte Carlo', '2015-08-12 18:27:40', 1, 1, '2015-08-12 18:27:40', '2015-08-12 18:27:40', NULL),
	(305, 10, 8400, 'For 7th place in rally Rally Monte Carlo', '2015-08-12 18:27:40', 1, 1, '2015-08-12 18:27:40', '2015-08-12 18:27:40', NULL),
	(306, 11, 6720, 'For 8th place in rally Rally Monte Carlo', '2015-08-12 18:27:40', 1, 1, '2015-08-12 18:27:40', '2015-08-12 18:27:40', NULL),
	(307, 10, 55440, 'For 1st place in rally Rally Monte Carlo', '2015-08-12 18:29:09', 1, 1, '2015-08-12 18:29:09', '2015-08-12 18:29:09', NULL),
	(308, 4, 38640, 'For 2nd place in rally Rally Monte Carlo', '2015-08-12 18:29:09', 1, 1, '2015-08-12 18:29:09', '2015-08-12 18:29:09', NULL),
	(309, 9, 23520, 'For 3rd place in rally Rally Monte Carlo', '2015-08-12 18:29:09', 1, 1, '2015-08-12 18:29:09', '2015-08-12 18:29:09', NULL),
	(310, 7, 13440, 'For 4th place in rally Rally Monte Carlo', '2015-08-12 18:29:09', 1, 1, '2015-08-12 18:29:09', '2015-08-12 18:29:09', NULL),
	(311, 11, 11760, 'For 5th place in rally Rally Monte Carlo', '2015-08-12 18:29:09', 1, 1, '2015-08-12 18:29:09', '2015-08-12 18:29:09', NULL),
	(312, 2, 10080, 'For 6th place in rally Rally Monte Carlo', '2015-08-12 18:29:09', 1, 1, '2015-08-12 18:29:09', '2015-08-12 18:29:09', NULL),
	(313, 6, 8400, 'For 7th place in rally Rally Monte Carlo', '2015-08-12 18:29:09', 1, 1, '2015-08-12 18:29:09', '2015-08-12 18:29:09', NULL),
	(314, 3, 6720, 'For 8th place in rally Rally Monte Carlo', '2015-08-12 18:29:09', 1, 1, '2015-08-12 18:29:09', '2015-08-12 18:29:09', NULL);
/*!40000 ALTER TABLE `team_finance` ENABLE KEYS */;


-- Dumping structure for table ral.team_sponsor_list
DROP TABLE IF EXISTS `team_sponsor_list`;
CREATE TABLE IF NOT EXISTS `team_sponsor_list` (
  `id` int(11) NOT NULL AUTO_INCREMENT,
  `name` varchar(255) DEFAULT NULL,
  `slug` varchar(255) DEFAULT NULL,
  `description` text,
  `active` tinyint(1) DEFAULT '0',
  `logo` varchar(255) DEFAULT NULL,
  `created_at` datetime NOT NULL,
  `updated_at` datetime NOT NULL,
  `deleted_at` datetime DEFAULT NULL,
  PRIMARY KEY (`id`)
) ENGINE=MyISAM AUTO_INCREMENT=4 DEFAULT CHARSET=utf8;

-- Dumping data for table ral.team_sponsor_list: 3 rows
DELETE FROM `team_sponsor_list`;
/*!40000 ALTER TABLE `team_sponsor_list` DISABLE KEYS */;
INSERT INTO `team_sponsor_list` (`id`, `name`, `slug`, `description`, `active`, `logo`, `created_at`, `updated_at`, `deleted_at`) VALUES
	(1, 'City Network', 'city-network', 'City Network is one of Swedens leading hosting companies and offers everything from simple packages to advanced managed solutions. You can get a generous package including e-mail and lots of space for as little as 5 USD per month. City Network is the exclusive host of ManagerZone and makes sure each manager gets the best access to the site.', 1, 'sponsor_city_network.sponsor_city_network', '2015-04-03 17:46:19', '2015-04-03 18:20:03', NULL),
	(2, 'Goal.com', 'goalcom', 'Goal.com is the ultimate resource for football fans with the aim of giving life to the largest football community on the planet. It covers the whole spectrum of the football world with news, statistics, photos, videos, transfer info, polls, games, fan forums, and much more.', 0, 'sponsor_goal.sponsor_goal', '2015-04-03 18:22:37', '2015-04-03 18:22:37', NULL),
	(3, 'ESPN', 'espn', 'ESPN Inc., the Worldwide Leader in Sports, is a multinational, multimedia sports entertainment company comprised of six domestic and 19 international television networks, a recently launched interactive TV channel, the largest sports radio network, ESPN The Magazine, ESPN.com, sports-themed dining and entertainment establishments, event management, ESPN Enterprises, wireless and broadband services, and more. ESPN features the broadest portfolio of multimedia assets in sports marketing with more than 40 national and international business interests or entities.', 0, 'sponsor_espn.sponsor_espn', '2015-04-03 18:23:17', '2015-04-03 18:23:17', NULL);
/*!40000 ALTER TABLE `team_sponsor_list` ENABLE KEYS */;


-- Dumping structure for table ral.team_team
DROP TABLE IF EXISTS `team_team`;
CREATE TABLE IF NOT EXISTS `team_team` (
  `id` int(11) NOT NULL AUTO_INCREMENT,
  `user_id` int(11) DEFAULT NULL,
  `name` varchar(255) DEFAULT NULL,
  `driver1_id` int(11) DEFAULT NULL,
  `driver2_id` int(11) DEFAULT NULL,
  `pilot1_id` int(11) DEFAULT NULL,
  `pilot2_id` int(11) DEFAULT NULL,
  `car1_id` int(11) DEFAULT NULL,
  `car2_id` int(11) DEFAULT NULL,
  `cash` int(11) NOT NULL DEFAULT '0',
  `sponsor_id` int(11) DEFAULT NULL,
  `league_name` float(10,2) DEFAULT NULL,
  `created_at` datetime NOT NULL,
  `updated_at` datetime NOT NULL,
  `deleted_at` datetime DEFAULT NULL,
  PRIMARY KEY (`id`),
  KEY `team_team_user_id_user_user_id` (`user_id`),
  KEY `team_team_pilot2_id_people_people_id` (`pilot2_id`),
  KEY `team_team_pilot1_id_people_people_id` (`pilot1_id`),
  KEY `team_team_driver2_id_people_people_id` (`driver2_id`),
  KEY `team_team_driver1_id_people_people_id` (`driver1_id`),
  KEY `team_team_car2_id_car_car_id` (`car2_id`),
  KEY `team_team_car1_id_car_car_id` (`car1_id`),
  KEY `team_team_sponsor_id_team_sponsor_list_id` (`sponsor_id`)
) ENGINE=MyISAM AUTO_INCREMENT=19 DEFAULT CHARSET=utf8 COMMENT='update team_team set cash = 0\r\n';

-- Dumping data for table ral.team_team: 18 rows
DELETE FROM `team_team`;
/*!40000 ALTER TABLE `team_team` DISABLE KEYS */;
INSERT INTO `team_team` (`id`, `user_id`, `name`, `driver1_id`, `driver2_id`, `pilot1_id`, `pilot2_id`, `car1_id`, `car2_id`, `cash`, `sponsor_id`, `league_name`, `created_at`, `updated_at`, `deleted_at`) VALUES
	(1, 1, 'Team_1', NULL, NULL, NULL, NULL, NULL, NULL, 465840, NULL, 1.00, '2015-08-04 16:27:18', '2015-08-12 17:56:04', NULL),
	(2, 2, 'Team_2', NULL, NULL, NULL, NULL, NULL, NULL, 476720, NULL, 1.00, '2015-08-04 16:27:18', '2015-08-12 18:29:09', NULL),
	(3, 3, 'Team_3', NULL, NULL, NULL, NULL, NULL, NULL, 589884, 2, 1.00, '2015-08-04 16:27:18', '2015-08-12 18:29:09', NULL),
	(4, 4, 'Team_4', NULL, NULL, NULL, NULL, NULL, NULL, 632960, NULL, 1.00, '2015-08-04 16:27:18', '2015-08-12 18:29:09', NULL),
	(5, 5, 'Team_5', NULL, NULL, NULL, NULL, NULL, NULL, 105440, NULL, 1.00, '2015-08-04 16:27:18', '2015-08-12 18:13:09', NULL),
	(6, 6, 'Team_6', NULL, NULL, NULL, NULL, NULL, NULL, 453765, NULL, 1.00, '2015-08-04 16:27:18', '2015-08-12 18:29:09', NULL),
	(7, 7, 'Team_7', NULL, NULL, NULL, NULL, NULL, NULL, 1005920, NULL, 1.00, '2015-08-04 16:27:18', '2015-08-12 18:29:09', NULL),
	(8, 8, 'Team_8', NULL, NULL, NULL, NULL, NULL, NULL, 293052, NULL, 1.00, '2015-08-04 16:27:18', '2015-08-12 17:56:04', NULL),
	(9, 9, 'Team_9', NULL, NULL, NULL, NULL, NULL, NULL, 402800, NULL, 1.00, '2015-08-04 16:27:19', '2015-08-12 18:29:09', NULL),
	(10, 10, 'Team_10', NULL, NULL, NULL, NULL, NULL, NULL, 1005920, NULL, 1.00, '2015-08-04 16:27:19', '2015-08-12 18:29:09', NULL),
	(11, 11, 'Team_11', NULL, NULL, NULL, NULL, NULL, NULL, 747050, NULL, 1.00, '2015-08-04 16:27:19', '2015-08-12 18:29:09', NULL),
	(12, 12, 'Team_12', NULL, NULL, NULL, NULL, NULL, NULL, 63440, NULL, 1.00, '2015-08-04 16:27:19', '2015-08-12 17:51:10', NULL),
	(13, 13, 'Team_13', NULL, NULL, NULL, NULL, NULL, NULL, 805, NULL, 2.10, '2015-08-04 16:27:19', '2015-08-12 02:20:01', NULL),
	(14, 14, 'Team_14', NULL, NULL, NULL, NULL, NULL, NULL, 46204, NULL, 2.10, '2015-08-04 16:27:19', '2015-08-05 11:00:58', NULL),
	(15, 15, 'Team_15', NULL, NULL, NULL, NULL, NULL, NULL, 49850, NULL, 2.10, '2015-08-04 16:27:19', '2015-08-05 11:53:19', NULL),
	(16, 16, 'Team_16', NULL, NULL, NULL, NULL, NULL, NULL, 50000, NULL, 2.10, '2015-08-04 17:01:16', '2015-08-04 17:01:16', NULL),
	(17, 18, 'Team_18', NULL, NULL, NULL, NULL, NULL, NULL, 50000, 1, 2.10, '2015-08-04 17:18:34', '2015-08-04 18:01:07', NULL),
	(18, 20, 'Team_20', NULL, NULL, NULL, NULL, NULL, NULL, 50000, NULL, 2.10, '2015-08-05 16:00:53', '2015-08-05 16:00:53', NULL);
/*!40000 ALTER TABLE `team_team` ENABLE KEYS */;


-- Dumping structure for table ral.user_board
DROP TABLE IF EXISTS `user_board`;
CREATE TABLE IF NOT EXISTS `user_board` (
  `id` int(11) NOT NULL AUTO_INCREMENT,
  `user_id` bigint(20) DEFAULT NULL,
  `writer_id` bigint(20) DEFAULT NULL,
  `message` text,
  `created_at` datetime NOT NULL,
  `updated_at` datetime NOT NULL,
  `deleted_at` datetime DEFAULT NULL,
  PRIMARY KEY (`id`)
) ENGINE=MyISAM DEFAULT CHARSET=utf8;

-- Dumping data for table ral.user_board: 0 rows
DELETE FROM `user_board`;
/*!40000 ALTER TABLE `user_board` DISABLE KEYS */;
/*!40000 ALTER TABLE `user_board` ENABLE KEYS */;


-- Dumping structure for table ral.user_friends
DROP TABLE IF EXISTS `user_friends`;
CREATE TABLE IF NOT EXISTS `user_friends` (
  `id` int(11) NOT NULL AUTO_INCREMENT,
  `user_id` bigint(20) DEFAULT NULL,
  `friend_id` bigint(20) DEFAULT NULL,
  `accepted` tinyint(1) DEFAULT '0',
  `created_at` datetime NOT NULL,
  `updated_at` datetime NOT NULL,
  PRIMARY KEY (`id`),
  KEY `user_friends_user_id_user_user_id` (`user_id`),
  KEY `user_friends_friend_id_user_user_id` (`friend_id`)
) ENGINE=MyISAM DEFAULT CHARSET=utf8;

-- Dumping data for table ral.user_friends: 0 rows
DELETE FROM `user_friends`;
/*!40000 ALTER TABLE `user_friends` DISABLE KEYS */;
/*!40000 ALTER TABLE `user_friends` ENABLE KEYS */;


-- Dumping structure for table ral.user_invite
DROP TABLE IF EXISTS `user_invite`;
CREATE TABLE IF NOT EXISTS `user_invite` (
  `id` int(11) NOT NULL AUTO_INCREMENT,
  `user_id` bigint(20) DEFAULT NULL,
  `email` varchar(255) DEFAULT NULL,
  `created_at` datetime NOT NULL,
  `updated_at` datetime NOT NULL,
  PRIMARY KEY (`id`),
  KEY `user_invite_user_id_user_user_id` (`user_id`)
) ENGINE=MyISAM AUTO_INCREMENT=4 DEFAULT CHARSET=utf8;

-- Dumping data for table ral.user_invite: 3 rows
DELETE FROM `user_invite`;
/*!40000 ALTER TABLE `user_invite` DISABLE KEYS */;
INSERT INTO `user_invite` (`id`, `user_id`, `email`, `created_at`, `updated_at`) VALUES
	(1, 3, 'tomasz.kardas20@gmail.com', '2015-08-04 16:35:28', '2015-08-04 16:35:28'),
	(2, 3, 'dsada@dsada.pl', '2015-08-04 16:48:49', '2015-08-04 16:48:49'),
	(3, 3, 'dsada@dsadada.pl', '2015-08-04 16:49:53', '2015-08-04 16:49:53');
/*!40000 ALTER TABLE `user_invite` ENABLE KEYS */;


-- Dumping structure for table ral.user_notification
DROP TABLE IF EXISTS `user_notification`;
CREATE TABLE IF NOT EXISTS `user_notification` (
  `id` int(11) NOT NULL AUTO_INCREMENT,
  `user_id` bigint(20) DEFAULT NULL,
  `type` int(11) DEFAULT NULL,
  `link` varchar(255) DEFAULT NULL,
  `message` text,
  `created_at` datetime NOT NULL,
  `updated_at` datetime NOT NULL,
  PRIMARY KEY (`id`)
) ENGINE=MyISAM DEFAULT CHARSET=utf8;

-- Dumping data for table ral.user_notification: 0 rows
DELETE FROM `user_notification`;
/*!40000 ALTER TABLE `user_notification` DISABLE KEYS */;
/*!40000 ALTER TABLE `user_notification` ENABLE KEYS */;


-- Dumping structure for table ral.user_premium_log
DROP TABLE IF EXISTS `user_premium_log`;
CREATE TABLE IF NOT EXISTS `user_premium_log` (
  `id` int(11) NOT NULL AUTO_INCREMENT,
  `amount` bigint(20) DEFAULT NULL,
  `user_id` bigint(20) DEFAULT NULL,
  `income` tinyint(1) DEFAULT '1',
  `description` varchar(255) DEFAULT NULL,
  `created_at` datetime NOT NULL,
  `updated_at` datetime NOT NULL,
  `deleted_at` datetime DEFAULT NULL,
  PRIMARY KEY (`id`)
) ENGINE=MyISAM AUTO_INCREMENT=6 DEFAULT CHARSET=utf8;

-- Dumping data for table ral.user_premium_log: 5 rows
DELETE FROM `user_premium_log`;
/*!40000 ALTER TABLE `user_premium_log` DISABLE KEYS */;
INSERT INTO `user_premium_log` (`id`, `amount`, `user_id`, `income`, `description`, `created_at`, `updated_at`, `deleted_at`) VALUES
	(1, 20, 3, 0, '7 days gold membership', '2015-08-04 16:32:38', '2015-08-04 16:32:38', NULL),
	(2, 20, 1, 0, '7 days gold membership', '2015-08-05 13:17:38', '2015-08-05 13:17:38', NULL),
	(3, 80, 1, 0, '90 days gold membership', '2015-08-05 13:17:46', '2015-08-05 13:17:46', NULL),
	(4, 80, 1, 0, '90 days gold membership', '2015-08-05 13:18:31', '2015-08-05 13:18:31', NULL),
	(5, 20, 3, 0, '7 days gold membership', '2015-08-12 15:23:35', '2015-08-12 15:23:35', NULL);
/*!40000 ALTER TABLE `user_premium_log` ENABLE KEYS */;


-- Dumping structure for table ral.user_user
DROP TABLE IF EXISTS `user_user`;
CREATE TABLE IF NOT EXISTS `user_user` (
  `id` int(11) NOT NULL AUTO_INCREMENT,
  `first_name` varchar(255) DEFAULT NULL,
  `last_name` varchar(255) DEFAULT NULL,
  `email` varchar(255) DEFAULT NULL,
  `username` varchar(255) DEFAULT NULL,
  `salt` varchar(255) DEFAULT NULL,
  `password` varchar(255) DEFAULT NULL,
  `role` varchar(255) DEFAULT NULL,
  `token` varchar(255) DEFAULT NULL,
  `active` tinyint(1) DEFAULT '1',
  `premium` bigint(20) DEFAULT NULL,
  `referer` bigint(20) DEFAULT NULL,
  `referer_not_active` tinyint(1) NOT NULL DEFAULT '0',
  `gold_member` tinyint(1) NOT NULL DEFAULT '0',
  `gold_member_expire` datetime DEFAULT NULL,
  `referer_paid` tinyint(1) DEFAULT '0',
  `created_at` datetime NOT NULL,
  `last_active` datetime DEFAULT NULL,
  `updated_at` datetime NOT NULL,
  `deleted_at` datetime DEFAULT NULL,
  PRIMARY KEY (`id`)
) ENGINE=MyISAM AUTO_INCREMENT=21 DEFAULT CHARSET=utf8;

-- Dumping data for table ral.user_user: 18 rows
DELETE FROM `user_user`;
/*!40000 ALTER TABLE `user_user` DISABLE KEYS */;
INSERT INTO `user_user` (`id`, `first_name`, `last_name`, `email`, `username`, `salt`, `password`, `role`, `token`, `active`, `premium`, `referer`, `referer_not_active`, `gold_member`, `gold_member_expire`, `referer_paid`, `created_at`, `last_active`, `updated_at`, `deleted_at`) VALUES
	(1, NULL, NULL, 'peop1153137@kardimobile.pl', 'peop_1153137', '2700d5c61954700899c7e09a0ba3ca45', 'cd918f5416c1ea18d4c8fc2b53b71499', 'user', '2700d5c61954700899c7e09a0ba3ca45', 1, 20, NULL, 0, 1, '2016-02-08 13:17:38', 0, '2015-08-04 16:27:17', '2015-08-11 17:28:53', '2015-08-11 17:28:53', NULL),
	(2, NULL, NULL, 'peop1166425@kardimobile.pl', 'peop_1166425', 'abf18df95f6a7e25204096f514362f5f', '5d13bb14515e4ed0d6bf4b23803531fa', 'user', 'abf18df95f6a7e25204096f514362f5f', 1, NULL, NULL, 0, 0, NULL, 0, '2015-08-04 16:27:18', '2015-08-11 17:29:03', '2015-08-11 17:29:03', NULL),
	(3, NULL, NULL, 'peop1128534@kardimobile.pl', 'kk33', '7baf806acc43ad103f8d84ac7171cd8f', '0613210aeddc1d25cfb1854e682ea278', 'user', '7baf806acc43ad103f8d84ac7171cd8f', 1, 60, NULL, 0, 1, '2015-08-19 15:23:35', 0, '2015-08-04 16:27:18', '2015-08-13 10:22:54', '2015-08-13 10:22:54', NULL),
	(4, NULL, NULL, 'peop1057544@kardimobile.pl', 'peop_1057544', 'd53f9d7345633cf1a8dc57b56958d20b', '6ff29a3ae5942df31d41ab1a519b1a3f', 'user', '0c36fc79ac8ff111cc0737a44b30dd69', 1, NULL, NULL, 0, 0, NULL, 0, '2015-08-04 16:27:18', '2015-08-11 17:32:48', '2015-08-11 17:32:48', NULL),
	(5, NULL, NULL, 'peop1191248@kardimobile.pl', 'peop_1191248', '14676095b78dd05a4f364a0adfd413ff', '8952afe94795b8de39cc8b58f817d61f', 'user', '14676095b78dd05a4f364a0adfd413ff', 1, NULL, NULL, 0, 0, NULL, 0, '2015-08-04 16:27:18', '2015-08-11 17:32:57', '2015-08-11 17:32:57', NULL),
	(6, NULL, NULL, 'peop1190143@kardimobile.pl', 'peop_1190143', '2329a8f7dacc735fb41dd15dda7f5dbc', '89c535bd0d01bf61e979227ef71add35', 'user', '2329a8f7dacc735fb41dd15dda7f5dbc', 1, NULL, NULL, 0, 0, NULL, 0, '2015-08-04 16:27:18', '2015-08-11 17:38:54', '2015-08-11 17:38:54', NULL),
	(7, NULL, NULL, 'peop1078992@kardimobile.pl', 'peop_1078992', '3f16c7ff7b4e27c3791f4dc3f848d68a', '95e6901759b670cc3d255b8898d2ba79', 'user', '3f16c7ff7b4e27c3791f4dc3f848d68a', 1, NULL, NULL, 0, 0, NULL, 0, '2015-08-04 16:27:18', '2015-08-11 17:39:15', '2015-08-11 17:39:15', NULL),
	(8, NULL, NULL, 'peop1167926@kardimobile.pl', 'peop_1167926', '73c193ff46f2104fad7e0b8583593e37', '2eef827465bbc87d9d37d9850e6d03c0', 'user', '73c193ff46f2104fad7e0b8583593e37', 1, NULL, NULL, 0, 0, NULL, 0, '2015-08-04 16:27:18', '2015-08-11 17:39:38', '2015-08-11 17:39:38', NULL),
	(9, NULL, NULL, 'peop1066382@kardimobile.pl', 'peop_1066382', '9f51863abd9f73fc45660c01ab0f55b3', 'b9c315d7e3ddeb99ec98189d1330700e', 'user', '9f51863abd9f73fc45660c01ab0f55b3', 1, NULL, NULL, 0, 0, NULL, 0, '2015-08-04 16:27:19', '2015-08-11 17:39:47', '2015-08-11 17:39:47', NULL),
	(10, NULL, NULL, 'peop1015344@kardimobile.pl', 'peop_1015344', 'aeab0b83c9c5d5aea56a6c7cf8fd0e95', '5a670d3978cdd86002150810afb64822', 'user', 'aeab0b83c9c5d5aea56a6c7cf8fd0e95', 1, NULL, NULL, 0, 0, NULL, 0, '2015-08-04 16:27:19', '2015-08-11 17:39:57', '2015-08-11 17:39:57', NULL),
	(11, NULL, NULL, 'peop1117383@kardimobile.pl', 'peop_1117383', 'e97790bc818a723510936a8ba4e08fb6', 'f66e3d7984b3516a96edc58ec7319f25', 'user', 'e97790bc818a723510936a8ba4e08fb6', 1, NULL, NULL, 0, 0, NULL, 0, '2015-08-04 16:27:19', '2015-08-11 17:40:08', '2015-08-11 17:40:08', NULL),
	(12, NULL, NULL, 'peop1031573@kardimobile.pl', 'peop_1031573', 'c85e53fc8ab7efef767612606aaf703b', 'f694dada21ced07f8675183934a94a2d', 'user', '92139366268af18e725e2c7ca176a091', 1, NULL, NULL, 0, 0, NULL, 0, '2015-08-04 16:27:19', '2015-08-11 17:40:16', '2015-08-11 17:40:16', NULL),
	(13, NULL, NULL, 'peop1004553@kardimobile.pl', 'peop_1004553', '6b26ec1f7d7641d69cb142dca4e9370a', '45f32d0cf8349aea0961b89219cf7194', 'user', '6b26ec1f7d7641d69cb142dca4e9370a', 1, NULL, NULL, 0, 0, NULL, 0, '2015-08-04 16:27:19', '2015-08-11 15:49:59', '2015-08-11 15:49:59', NULL),
	(14, NULL, NULL, 'peop1190900@kardimobile.pl', 'peop_1190900', '0cb62f70f000448807129f2910aea74b', '7421067aba54006911706f6efe50ccbb', 'user', '628f00a7ed47f74920f76c6762fdeaa4', 1, NULL, NULL, 0, 0, NULL, 0, '2015-08-04 16:27:19', '2015-08-11 15:47:31', '2015-08-11 15:47:31', NULL),
	(15, NULL, NULL, 'peop1148505@kardimobile.pl', 'peop_1148505', 'ee0f39de3d10b2b521da9b6e39eafadb', 'e32c8697fbda745690fac33ac1380bc9', 'user', 'ee0f39de3d10b2b521da9b6e39eafadb', 1, NULL, NULL, 0, 0, NULL, 0, '2015-08-04 16:27:19', '2015-08-07 16:24:48', '2015-08-07 16:24:48', NULL),
	(19, NULL, NULL, 'moderator', 'moderator', '93d07212d9fc94c440ea40c637b0a87a', '3752e702bcf99c77e5c91271b034d32c', 'moderator', '93d07212d9fc94c440ea40c637b0a87a', 1, NULL, 3, 0, 0, NULL, 0, '2015-08-04 17:18:18', '2015-08-05 12:38:33', '2015-08-05 12:38:33', NULL),
	(18, NULL, NULL, 'biuro@kardimobile.pl', 'km123', '93d07212d9fc94c440ea40c637b0a87a', '3752e702bcf99c77e5c91271b034d32c', 'user', '93d07212d9fc94c440ea40c637b0a87a', 1, NULL, 3, 0, 0, NULL, 0, '2015-08-04 17:18:18', '2015-08-07 16:25:12', '2015-08-07 16:25:12', NULL),
	(20, NULL, NULL, 'cron@kardimobile.pl', 'admin', '48fd05708efcfdf88f30d7b5eb68725a', 'c7721b616347c470ad6bba999c384464', 'admin', '48fd05708efcfdf88f30d7b5eb68725a', 1, NULL, NULL, 0, 0, NULL, 0, '2015-08-05 16:00:32', '2015-08-12 10:59:46', '2015-08-12 10:59:46', NULL);
/*!40000 ALTER TABLE `user_user` ENABLE KEYS */;


-- Dumping structure for view ral.viewuserteam
DROP VIEW IF EXISTS `viewuserteam`;
-- Creating temporary table to overcome VIEW dependency errors
CREATE TABLE `viewuserteam` (
	`id` INT(11) NOT NULL,
	`user_id` INT(11) NULL,
	`name` VARCHAR(255) NULL COLLATE 'utf8_general_ci',
	`driver1_id` INT(11) NULL,
	`driver2_id` INT(11) NULL,
	`pilot1_id` INT(11) NULL,
	`pilot2_id` INT(11) NULL,
	`car1_id` INT(11) NULL,
	`car2_id` INT(11) NULL,
	`cash` INT(11) NOT NULL,
	`sponsor_id` INT(11) NULL,
	`league_name` FLOAT(10,2) NULL,
	`created_at` DATETIME NOT NULL,
	`updated_at` DATETIME NOT NULL,
	`deleted_at` DATETIME NULL
) ENGINE=MyISAM;


-- Dumping structure for view ral.viewuserteam
DROP VIEW IF EXISTS `viewuserteam`;
-- Removing temporary table and create final VIEW structure
DROP TABLE IF EXISTS `viewuserteam`;
CREATE ALGORITHM=UNDEFINED DEFINER=`root`@`localhost` VIEW `viewuserteam` AS select t.* from user_user u inner join team_team t on u.id = t.user_id where u.username like 'peop_1004553' ;
/*!40101 SET SQL_MODE=IFNULL(@OLD_SQL_MODE, '') */;
/*!40014 SET FOREIGN_KEY_CHECKS=IF(@OLD_FOREIGN_KEY_CHECKS IS NULL, 1, @OLD_FOREIGN_KEY_CHECKS) */;
/*!40101 SET CHARACTER_SET_CLIENT=@OLD_CHARACTER_SET_CLIENT */;
